Symbol,Date,Open,High,Low,Close,Volume
ANDHRSUGAR,2003-01-27 00:00:00+05:30,4.5,4.6,4.3,4.5,36015
ANDHRSUGAR,2003-01-28 00:00:00+05:30,4.5,4.55,4.45,4.5,4760
ANDHRSUGAR,2003-01-29 00:00:00+05:30,4.4,4.6,4.4,4.5,8175
ANDHRSUGAR,2003-01-30 00:00:00+05:30,4.4,4.65,4.4,4.65,14850
ANDHRSUGAR,2003-01-31 00:00:00+05:30,4.6,4.8,4.6,4.7,37125
ANDHRSUGAR,2003-02-03 00:00:00+05:30,4.8,4.8,4.7,4.7,7000
ANDHRSUGAR,2003-02-04 00:00:00+05:30,4.7,4.7,4.55,4.55,65850
ANDHRSUGAR,2003-02-05 00:00:00+05:30,4.55,4.55,4.35,4.4,197255
ANDHRSUGAR,2003-02-06 00:00:00+05:30,4.5,4.6,4.5,4.6,83300
ANDHRSUGAR,2003-02-07 00:00:00+05:30,4.55,4.55,4.55,4.55,2600
ANDHRSUGAR,2003-02-10 00:00:00+05:30,4.4,4.6,4.4,4.5,24700
ANDHRSUGAR,2003-02-11 00:00:00+05:30,4.5,4.55,4.5,4.5,9750
ANDHRSUGAR,2003-02-12 00:00:00+05:30,4.45,4.5,4.4,4.45,51500
ANDHRSUGAR,2003-02-14 00:00:00+05:30,4.45,4.55,4.4,4.4,32250
ANDHRSUGAR,2003-02-17 00:00:00+05:30,4.5,4.55,4.4,4.55,78310
ANDHRSUGAR,2003-02-18 00:00:00+05:30,4.65,4.7,4.6,4.65,21405
ANDHRSUGAR,2003-02-19 00:00:00+05:30,4.7,4.8,4.6,4.75,117565
ANDHRSUGAR,2003-02-20 00:00:00+05:30,4.75,4.75,4.65,4.75,10500
ANDHRSUGAR,2003-02-21 00:00:00+05:30,4.75,4.8,4.7,4.7,13750
ANDHRSUGAR,2003-02-24 00:00:00+05:30,4.8,4.8,4.75,4.75,44740
ANDHRSUGAR,2003-02-25 00:00:00+05:30,4.75,4.95,4.7,4.75,21840
ANDHRSUGAR,2003-02-26 00:00:00+05:30,4.85,4.85,4.7,4.8,15830
ANDHRSUGAR,2003-02-27 00:00:00+05:30,4.75,4.8,4.6,4.65,48055
ANDHRSUGAR,2003-02-28 00:00:00+05:30,5.0,5.0,4.75,4.8,108225
ANDHRSUGAR,2003-03-03 00:00:00+05:30,4.8,4.8,4.6,4.65,81010
ANDHRSUGAR,2003-03-04 00:00:00+05:30,4.8,4.8,4.6,4.6,16505
ANDHRSUGAR,2003-03-05 00:00:00+05:30,4.55,4.6,4.45,4.5,99505
ANDHRSUGAR,2003-03-06 00:00:00+05:30,4.5,4.6,4.4,4.45,121010
ANDHRSUGAR,2003-03-07 00:00:00+05:30,4.45,4.45,4.4,4.4,45280
ANDHRSUGAR,2003-03-10 00:00:00+05:30,4.45,4.45,4.3,4.3,21650
ANDHRSUGAR,2003-03-11 00:00:00+05:30,4.4,4.45,4.35,4.4,103500
ANDHRSUGAR,2003-03-12 00:00:00+05:30,4.5,4.5,4.35,4.4,43300
ANDHRSUGAR,2003-03-13 00:00:00+05:30,4.4,4.45,4.35,4.35,152550
ANDHRSUGAR,2003-03-17 00:00:00+05:30,4.25,4.45,4.25,4.35,59570
ANDHRSUGAR,2003-03-19 00:00:00+05:30,4.4,4.5,4.4,4.4,47805
ANDHRSUGAR,2003-03-20 00:00:00+05:30,4.4,4.45,4.35,4.35,109550
ANDHRSUGAR,2003-03-21 00:00:00+05:30,4.4,4.4,4.3,4.3,109545
ANDHRSUGAR,2003-03-24 00:00:00+05:30,4.3,4.3,4.3,4.3,92900
ANDHRSUGAR,2003-03-25 00:00:00+05:30,4.25,4.45,4.25,4.4,27020
ANDHRSUGAR,2003-03-26 00:00:00+05:30,4.4,4.4,4.3,4.3,57375
ANDHRSUGAR,2003-03-27 00:00:00+05:30,4.4,4.4,4.3,4.4,12750
ANDHRSUGAR,2003-03-28 00:00:00+05:30,4.3,4.4,4.3,4.35,16040
ANDHRSUGAR,2003-03-31 00:00:00+05:30,4.3,4.4,4.3,4.3,21250
ANDHRSUGAR,2003-04-01 00:00:00+05:30,4.35,4.35,4.35,4.35,10500
ANDHRSUGAR,2003-04-02 00:00:00+05:30,4.2,4.4,4.2,4.35,12130
ANDHRSUGAR,2003-04-03 00:00:00+05:30,4.45,4.45,4.45,4.45,6005
ANDHRSUGAR,2003-04-04 00:00:00+05:30,4.45,4.5,4.45,4.45,12960
ANDHRSUGAR,2003-04-07 00:00:00+05:30,4.55,4.6,4.5,4.6,27605
ANDHRSUGAR,2003-04-08 00:00:00+05:30,4.7,4.85,4.6,4.7,27700
ANDHRSUGAR,2003-04-09 00:00:00+05:30,4.6,4.65,4.55,4.65,18375
ANDHRSUGAR,2003-04-10 00:00:00+05:30,4.65,4.7,4.55,4.7,19635
ANDHRSUGAR,2003-04-11 00:00:00+05:30,4.35,4.8,4.35,4.55,14425
ANDHRSUGAR,2003-04-15 00:00:00+05:30,4.6,4.65,4.5,4.65,17500
ANDHRSUGAR,2003-04-16 00:00:00+05:30,4.7,4.7,4.45,4.6,42850
ANDHRSUGAR,2003-04-17 00:00:00+05:30,4.6,4.8,4.6,4.65,5450
ANDHRSUGAR,2003-04-21 00:00:00+05:30,4.9,4.9,4.7,4.75,35450
ANDHRSUGAR,2003-04-22 00:00:00+05:30,4.8,4.8,4.75,4.75,11510
ANDHRSUGAR,2003-04-23 00:00:00+05:30,4.75,4.75,4.75,4.75,9175
ANDHRSUGAR,2003-04-24 00:00:00+05:30,4.75,4.85,4.75,4.8,7700
ANDHRSUGAR,2003-04-25 00:00:00+05:30,4.8,4.85,4.8,4.85,24525
ANDHRSUGAR,2003-04-28 00:00:00+05:30,4.65,4.75,4.6,4.7,41500
ANDHRSUGAR,2003-04-29 00:00:00+05:30,5.0,5.1,4.85,5.0,80880
ANDHRSUGAR,2003-04-30 00:00:00+05:30,5.0,5.15,5.0,5.05,44250
ANDHRSUGAR,2003-05-02 00:00:00+05:30,5.1,5.8,5.05,5.25,69410
ANDHRSUGAR,2003-05-05 00:00:00+05:30,5.55,5.55,5.3,5.4,41625
ANDHRSUGAR,2003-05-06 00:00:00+05:30,5.35,5.4,5.25,5.35,13665
ANDHRSUGAR,2003-05-07 00:00:00+05:30,5.25,5.4,5.25,5.35,14215
ANDHRSUGAR,2003-05-08 00:00:00+05:30,5.4,5.4,5.3,5.3,7000
ANDHRSUGAR,2003-05-09 00:00:00+05:30,5.5,5.6,5.4,5.5,26465
ANDHRSUGAR,2003-05-12 00:00:00+05:30,5.8,5.8,4.95,5.15,172610
ANDHRSUGAR,2003-05-13 00:00:00+05:30,5.0,5.35,5.0,5.25,39910
ANDHRSUGAR,2003-05-14 00:00:00+05:30,5.35,5.5,5.35,5.45,33375
ANDHRSUGAR,2003-05-15 00:00:00+05:30,5.5,5.6,5.45,5.5,102190
ANDHRSUGAR,2003-05-16 00:00:00+05:30,5.5,6.4,5.5,5.85,139110
ANDHRSUGAR,2003-05-19 00:00:00+05:30,5.9,6.05,5.6,5.65,98475
ANDHRSUGAR,2003-05-20 00:00:00+05:30,5.35,5.6,5.35,5.6,16005
ANDHRSUGAR,2003-05-21 00:00:00+05:30,5.6,5.6,5.5,5.55,48305
ANDHRSUGAR,2003-05-22 00:00:00+05:30,5.6,5.6,5.45,5.5,74770
ANDHRSUGAR,2003-05-23 00:00:00+05:30,5.55,5.6,5.5,5.55,83750
ANDHRSUGAR,2003-05-26 00:00:00+05:30,5.7,5.8,5.5,5.75,198750
ANDHRSUGAR,2003-05-27 00:00:00+05:30,5.5,5.8,5.5,5.7,66300
ANDHRSUGAR,2003-05-28 00:00:00+05:30,5.75,5.9,5.75,5.75,57025
ANDHRSUGAR,2003-05-29 00:00:00+05:30,5.75,5.8,5.7,5.75,89605
ANDHRSUGAR,2003-05-30 00:00:00+05:30,5.85,6.2,5.85,6.05,248250
ANDHRSUGAR,2003-06-02 00:00:00+05:30,6.05,6.35,6.05,6.15,48925
ANDHRSUGAR,2003-06-03 00:00:00+05:30,6.15,6.15,5.9,6.0,37255
ANDHRSUGAR,2003-06-04 00:00:00+05:30,6.0,6.25,6.0,6.2,309080
ANDHRSUGAR,2003-06-05 00:00:00+05:30,6.2,6.7,6.2,6.45,304025
ANDHRSUGAR,2003-06-06 00:00:00+05:30,6.6,7.2,6.6,6.9,342660
ANDHRSUGAR,2003-06-09 00:00:00+05:30,7.2,7.25,6.85,7.15,224085
ANDHRSUGAR,2003-06-10 00:00:00+05:30,7.0,7.4,6.95,7.0,164295
ANDHRSUGAR,2003-06-11 00:00:00+05:30,7.0,7.1,6.75,6.8,78915
ANDHRSUGAR,2003-06-12 00:00:00+05:30,6.8,6.85,6.7,6.8,30655
ANDHRSUGAR,2003-06-13 00:00:00+05:30,7.0,7.0,6.55,6.6,53835
ANDHRSUGAR,2003-06-16 00:00:00+05:30,6.8,7.9,6.6,7.35,500165
ANDHRSUGAR,2003-06-17 00:00:00+05:30,7.55,7.7,7.2,7.3,204380
ANDHRSUGAR,2003-06-18 00:00:00+05:30,7.3,7.3,7.0,7.1,79250
ANDHRSUGAR,2003-06-19 00:00:00+05:30,7.0,7.2,6.95,7.05,68925
ANDHRSUGAR,2003-06-20 00:00:00+05:30,6.85,7.0,6.8,6.85,45005
ANDHRSUGAR,2003-06-23 00:00:00+05:30,7.0,7.0,6.6,6.65,74550
ANDHRSUGAR,2003-06-24 00:00:00+05:30,6.65,7.0,6.5,6.7,88250
ANDHRSUGAR,2003-06-25 00:00:00+05:30,6.8,7.0,6.65,6.8,83780
ANDHRSUGAR,2003-06-26 00:00:00+05:30,6.8,6.9,6.8,6.8,13750
ANDHRSUGAR,2003-06-27 00:00:00+05:30,6.8,6.9,6.65,6.75,64650
ANDHRSUGAR,2003-06-30 00:00:00+05:30,6.8,7.1,6.8,6.9,119330
ANDHRSUGAR,2003-07-01 00:00:00+05:30,6.9,7.0,6.8,7.0,152530
ANDHRSUGAR,2003-07-02 00:00:00+05:30,7.05,8.0,7.0,7.65,588410
ANDHRSUGAR,2003-07-03 00:00:00+05:30,7.6,8.8,7.6,8.3,658395
ANDHRSUGAR,2003-07-04 00:00:00+05:30,8.55,8.75,8.1,8.4,459985
ANDHRSUGAR,2003-07-07 00:00:00+05:30,8.4,10.05,8.4,10.05,1641665
ANDHRSUGAR,2003-07-08 00:00:00+05:30,10.3,10.55,9.3,10.25,1886285
ANDHRSUGAR,2003-07-09 00:00:00+05:30,12.0,12.0,9.45,9.9,2134465
ANDHRSUGAR,2003-07-10 00:00:00+05:30,10.55,10.55,9.0,9.3,534470
ANDHRSUGAR,2003-07-11 00:00:00+05:30,9.3,9.55,8.5,8.65,282275
ANDHRSUGAR,2003-07-14 00:00:00+05:30,9.0,9.9,8.9,9.6,505885
ANDHRSUGAR,2003-07-15 00:00:00+05:30,10.0,10.0,9.2,9.35,194800
ANDHRSUGAR,2003-07-16 00:00:00+05:30,9.2,9.85,9.2,9.65,517230
ANDHRSUGAR,2003-07-17 00:00:00+05:30,9.8,10.4,9.5,9.65,942925
ANDHRSUGAR,2003-07-18 00:00:00+05:30,9.7,9.95,9.2,9.35,160390
ANDHRSUGAR,2003-07-21 00:00:00+05:30,9.4,9.5,9.0,9.4,244505
ANDHRSUGAR,2003-07-22 00:00:00+05:30,9.25,9.8,9.25,9.6,282110
ANDHRSUGAR,2003-07-23 00:00:00+05:30,9.75,9.95,9.55,9.6,547515
ANDHRSUGAR,2003-07-24 00:00:00+05:30,9.65,9.65,9.15,9.25,177155
ANDHRSUGAR,2003-07-25 00:00:00+05:30,9.5,9.5,9.2,9.3,394960
ANDHRSUGAR,2003-07-28 00:00:00+05:30,9.8,9.8,9.3,9.35,978690
ANDHRSUGAR,2003-07-29 00:00:00+05:30,9.45,9.7,9.2,9.3,734210
ANDHRSUGAR,2003-07-30 00:00:00+05:30,9.45,9.55,9.35,9.5,316900
ANDHRSUGAR,2003-07-31 00:00:00+05:30,9.4,9.6,9.25,9.4,652945
ANDHRSUGAR,2003-08-01 00:00:00+05:30,9.5,9.6,9.3,9.45,208235
ANDHRSUGAR,2003-08-04 00:00:00+05:30,9.5,10.1,9.4,9.8,2009490
ANDHRSUGAR,2003-08-05 00:00:00+05:30,11.6,11.6,9.5,9.55,733405
ANDHRSUGAR,2003-08-06 00:00:00+05:30,9.4,9.85,9.4,9.75,660415
ANDHRSUGAR,2003-08-07 00:00:00+05:30,9.65,9.8,9.6,9.7,56580
ANDHRSUGAR,2003-08-08 00:00:00+05:30,9.65,9.7,9.4,9.45,254880
ANDHRSUGAR,2003-08-11 00:00:00+05:30,9.55,9.8,9.4,9.6,400245
ANDHRSUGAR,2003-08-12 00:00:00+05:30,9.65,9.65,9.3,9.45,93625
ANDHRSUGAR,2003-08-13 00:00:00+05:30,9.4,9.4,9.05,9.1,156675
ANDHRSUGAR,2003-08-14 00:00:00+05:30,9.2,9.45,9.1,9.2,105750
ANDHRSUGAR,2003-08-18 00:00:00+05:30,9.35,9.45,9.05,9.35,134895
ANDHRSUGAR,2003-08-19 00:00:00+05:30,9.4,9.4,9.1,9.2,203000
ANDHRSUGAR,2003-08-20 00:00:00+05:30,9.3,9.45,9.1,9.4,203125
ANDHRSUGAR,2003-08-21 00:00:00+05:30,9.4,9.7,9.3,9.6,697765
ANDHRSUGAR,2003-08-22 00:00:00+05:30,9.8,10.5,9.7,9.9,935715
ANDHRSUGAR,2003-08-25 00:00:00+05:30,10.15,10.35,9.1,9.45,422460
ANDHRSUGAR,2003-08-26 00:00:00+05:30,9.75,10.6,9.6,10.2,1457870
ANDHRSUGAR,2003-08-27 00:00:00+05:30,10.4,10.6,9.8,9.95,474690
ANDHRSUGAR,2003-08-28 00:00:00+05:30,10.0,10.1,9.7,9.75,157695
ANDHRSUGAR,2003-08-29 00:00:00+05:30,10.0,10.0,9.5,9.6,221125
ANDHRSUGAR,2003-09-01 00:00:00+05:30,10.0,10.0,9.4,9.85,207080
ANDHRSUGAR,2003-09-02 00:00:00+05:30,9.8,9.85,9.6,9.8,75095
ANDHRSUGAR,2003-09-03 00:00:00+05:30,9.95,10.0,9.6,9.7,328880
ANDHRSUGAR,2003-09-04 00:00:00+05:30,9.65,9.9,9.55,9.8,204815
ANDHRSUGAR,2003-09-05 00:00:00+05:30,9.65,9.8,9.65,9.65,46275
ANDHRSUGAR,2003-09-08 00:00:00+05:30,9.7,9.8,9.05,9.3,171150
ANDHRSUGAR,2003-09-09 00:00:00+05:30,9.2,9.4,9.0,9.1,115850
ANDHRSUGAR,2003-09-10 00:00:00+05:30,8.85,9.2,8.85,9.15,86970
ANDHRSUGAR,2003-09-11 00:00:00+05:30,9.25,9.55,9.1,9.25,142250
ANDHRSUGAR,2003-09-12 00:00:00+05:30,9.05,9.05,8.4,8.45,170530
ANDHRSUGAR,2003-09-15 00:00:00+05:30,8.6,8.7,8.25,8.4,49465
ANDHRSUGAR,2003-09-16 00:00:00+05:30,8.5,9.4,8.0,9.05,84875
ANDHRSUGAR,2003-09-17 00:00:00+05:30,8.8,8.9,8.2,8.2,182515
ANDHRSUGAR,2003-09-18 00:00:00+05:30,8.2,8.2,7.7,7.85,70435
ANDHRSUGAR,2003-09-19 00:00:00+05:30,7.65,8.0,7.15,7.25,214830
ANDHRSUGAR,2003-09-22 00:00:00+05:30,7.2,7.5,7.2,7.25,40505
ANDHRSUGAR,2003-09-23 00:00:00+05:30,7.2,7.65,7.2,7.6,34655
ANDHRSUGAR,2003-09-24 00:00:00+05:30,8.0,8.0,7.35,7.4,63755
ANDHRSUGAR,2003-09-25 00:00:00+05:30,7.7,7.7,7.35,7.45,36640
ANDHRSUGAR,2003-09-26 00:00:00+05:30,7.5,7.65,7.4,7.4,48015
ANDHRSUGAR,2003-09-29 00:00:00+05:30,7.4,8.05,7.4,7.9,57755
ANDHRSUGAR,2003-09-30 00:00:00+05:30,7.8,7.8,7.65,7.65,20745
ANDHRSUGAR,2003-10-01 00:00:00+05:30,8.4,8.4,7.45,7.9,89525
ANDHRSUGAR,2003-10-03 00:00:00+05:30,8.05,8.2,7.8,8.15,75505
ANDHRSUGAR,2003-10-06 00:00:00+05:30,8.15,8.35,8.0,8.25,85695
ANDHRSUGAR,2003-10-07 00:00:00+05:30,8.75,8.75,8.05,8.4,74185
ANDHRSUGAR,2003-10-08 00:00:00+05:30,8.7,8.7,8.3,8.35,42760
ANDHRSUGAR,2003-10-09 00:00:00+05:30,8.55,8.75,8.4,8.65,43415
ANDHRSUGAR,2003-10-10 00:00:00+05:30,9.0,9.0,8.3,8.4,87870
ANDHRSUGAR,2003-10-13 00:00:00+05:30,8.85,8.85,8.4,8.7,222590
ANDHRSUGAR,2003-10-14 00:00:00+05:30,8.8,8.8,8.45,8.5,59735
ANDHRSUGAR,2003-10-15 00:00:00+05:30,8.75,8.75,8.4,8.6,47930
ANDHRSUGAR,2003-10-16 00:00:00+05:30,8.8,8.8,8.4,8.55,82005
ANDHRSUGAR,2003-10-17 00:00:00+05:30,8.8,8.8,8.55,8.55,26930
ANDHRSUGAR,2003-10-20 00:00:00+05:30,9.0,9.4,9.0,9.15,192440
ANDHRSUGAR,2003-10-21 00:00:00+05:30,9.6,9.6,8.8,8.9,73540
ANDHRSUGAR,2003-10-22 00:00:00+05:30,9.5,9.5,8.4,8.65,90665
ANDHRSUGAR,2003-10-23 00:00:00+05:30,9.1,9.1,8.5,8.55,72750
ANDHRSUGAR,2003-10-24 00:00:00+05:30,9.4,9.4,8.0,8.45,66135
ANDHRSUGAR,2003-10-27 00:00:00+05:30,8.8,8.8,8.3,8.45,48155
ANDHRSUGAR,2003-10-28 00:00:00+05:30,8.5,8.55,8.4,8.4,40545
ANDHRSUGAR,2003-10-29 00:00:00+05:30,8.4,8.5,8.35,8.4,63375
ANDHRSUGAR,2003-10-30 00:00:00+05:30,8.4,8.55,8.0,8.0,123640
ANDHRSUGAR,2003-10-31 00:00:00+05:30,8.4,8.7,8.3,8.6,145175
ANDHRSUGAR,2003-11-03 00:00:00+05:30,8.8,8.8,8.55,8.6,78305
ANDHRSUGAR,2003-11-04 00:00:00+05:30,8.55,8.75,8.55,8.6,63900
ANDHRSUGAR,2003-11-05 00:00:00+05:30,8.45,8.75,8.4,8.6,65500
ANDHRSUGAR,2003-11-06 00:00:00+05:30,8.6,8.7,8.55,8.6,108250
ANDHRSUGAR,2003-11-07 00:00:00+05:30,8.6,8.95,8.55,8.85,224075
ANDHRSUGAR,2003-11-10 00:00:00+05:30,9.1,9.6,8.7,9.55,671645
ANDHRSUGAR,2003-11-11 00:00:00+05:30,10.6,10.6,9.7,9.9,536950
ANDHRSUGAR,2003-11-12 00:00:00+05:30,10.0,10.1,9.45,9.45,344040
ANDHRSUGAR,2003-11-13 00:00:00+05:30,9.5,9.6,9.4,9.55,131350
ANDHRSUGAR,2003-11-14 00:00:00+05:30,9.4,9.4,9.15,9.2,93880
ANDHRSUGAR,2003-11-17 00:00:00+05:30,9.2,9.75,9.2,9.4,216640
ANDHRSUGAR,2003-11-18 00:00:00+05:30,9.3,9.7,9.3,9.45,145260
ANDHRSUGAR,2003-11-19 00:00:00+05:30,9.55,9.75,9.35,9.45,101820
ANDHRSUGAR,2003-11-20 00:00:00+05:30,9.4,9.5,9.2,9.25,90330
ANDHRSUGAR,2003-11-21 00:00:00+05:30,9.2,9.2,8.85,9.0,176250
ANDHRSUGAR,2003-11-24 00:00:00+05:30,9.2,9.2,8.75,8.8,217605
ANDHRSUGAR,2003-11-25 00:00:00+05:30,8.9,9.25,8.75,8.95,451370
ANDHRSUGAR,2003-11-27 00:00:00+05:30,9.2,9.35,8.95,9.15,1020700
ANDHRSUGAR,2003-11-28 00:00:00+05:30,9.6,9.75,9.35,9.55,681535
ANDHRSUGAR,2003-12-01 00:00:00+05:30,9.6,10.5,9.5,10.4,1280780
ANDHRSUGAR,2003-12-02 00:00:00+05:30,10.65,10.8,10.2,10.3,729115
ANDHRSUGAR,2003-12-03 00:00:00+05:30,10.6,10.75,10.4,10.55,572905
ANDHRSUGAR,2003-12-04 00:00:00+05:30,10.95,11.3,10.4,11.0,956870
ANDHRSUGAR,2003-12-05 00:00:00+05:30,11.05,11.7,10.9,11.1,1605150
ANDHRSUGAR,2003-12-08 00:00:00+05:30,11.6,13.0,11.55,12.35,1813100
ANDHRSUGAR,2003-12-09 00:00:00+05:30,12.55,12.7,12.2,12.3,840470
ANDHRSUGAR,2003-12-10 00:00:00+05:30,12.3,13.55,12.2,12.8,1743270
ANDHRSUGAR,2003-12-11 00:00:00+05:30,13.0,13.15,12.2,12.85,1094785
ANDHRSUGAR,2003-12-12 00:00:00+05:30,13.35,14.2,13.25,13.5,2172020
ANDHRSUGAR,2003-12-15 00:00:00+05:30,13.65,14.2,13.4,13.45,746395
ANDHRSUGAR,2003-12-16 00:00:00+05:30,13.6,13.7,12.65,12.9,438180
ANDHRSUGAR,2003-12-17 00:00:00+05:30,12.65,13.35,12.0,12.6,272985
ANDHRSUGAR,2003-12-18 00:00:00+05:30,13.1,14.2,12.9,13.2,553270
ANDHRSUGAR,2003-12-19 00:00:00+05:30,13.3,13.5,13.0,13.05,454250
ANDHRSUGAR,2003-12-22 00:00:00+05:30,13.25,13.55,12.9,13.35,572690
ANDHRSUGAR,2003-12-23 00:00:00+05:30,13.4,13.8,13.25,13.3,467365
ANDHRSUGAR,2003-12-24 00:00:00+05:30,13.4,13.4,12.7,12.8,643905
ANDHRSUGAR,2003-12-26 00:00:00+05:30,12.7,13.3,12.65,12.75,617380
ANDHRSUGAR,2003-12-29 00:00:00+05:30,13.0,13.2,12.3,12.4,724425
ANDHRSUGAR,2003-12-30 00:00:00+05:30,12.8,13.0,12.2,12.35,496155
ANDHRSUGAR,2003-12-31 00:00:00+05:30,12.2,12.5,11.85,11.9,605945
ANDHRSUGAR,2004-01-01 00:00:00+05:30,12.0,12.5,12.0,12.4,496255
ANDHRSUGAR,2004-01-02 00:00:00+05:30,12.45,14.85,12.45,14.75,3978270
ANDHRSUGAR,2004-01-05 00:00:00+05:30,14.85,15.15,13.2,13.8,1851085
ANDHRSUGAR,2004-01-06 00:00:00+05:30,14.0,14.4,13.2,13.55,1442830
ANDHRSUGAR,2004-01-07 00:00:00+05:30,13.65,13.75,13.2,13.35,518105
ANDHRSUGAR,2004-01-08 00:00:00+05:30,13.7,14.8,13.4,14.4,1045415
ANDHRSUGAR,2004-01-09 00:00:00+05:30,16.4,16.4,14.05,14.15,794590
ANDHRSUGAR,2004-01-12 00:00:00+05:30,15.0,15.0,13.9,14.1,572580
ANDHRSUGAR,2004-01-13 00:00:00+05:30,14.4,14.4,13.6,13.9,362620
ANDHRSUGAR,2004-01-14 00:00:00+05:30,14.2,14.2,13.8,14.0,265890
ANDHRSUGAR,2004-01-15 00:00:00+05:30,14.1,14.4,13.8,13.85,394710
ANDHRSUGAR,2004-01-16 00:00:00+05:30,14.2,14.4,13.1,13.25,312135
ANDHRSUGAR,2004-01-19 00:00:00+05:30,13.75,13.95,13.0,13.55,318160
ANDHRSUGAR,2004-01-20 00:00:00+05:30,13.6,13.9,13.0,13.1,257410
ANDHRSUGAR,2004-01-21 00:00:00+05:30,13.1,13.2,12.1,12.25,325935
ANDHRSUGAR,2004-01-22 00:00:00+05:30,12.2,12.2,10.6,11.65,440135
ANDHRSUGAR,2004-01-23 00:00:00+05:30,11.8,12.35,11.6,12.2,207520
ANDHRSUGAR,2004-01-27 00:00:00+05:30,12.1,12.5,12.0,12.15,180900
ANDHRSUGAR,2004-01-28 00:00:00+05:30,12.15,12.2,11.55,11.65,196320
ANDHRSUGAR,2004-01-29 00:00:00+05:30,11.6,12.0,11.4,11.95,95775
ANDHRSUGAR,2004-01-30 00:00:00+05:30,12.2,12.2,10.75,10.85,184445
ANDHRSUGAR,2004-02-03 00:00:00+05:30,10.8,11.3,10.05,10.2,679540
ANDHRSUGAR,2004-02-04 00:00:00+05:30,10.4,10.8,10.3,10.65,196575
ANDHRSUGAR,2004-02-05 00:00:00+05:30,11.0,11.15,10.45,10.8,188565
ANDHRSUGAR,2004-02-06 00:00:00+05:30,10.85,11.0,10.65,10.8,77640
ANDHRSUGAR,2004-02-09 00:00:00+05:30,10.8,12.15,10.8,12.0,420685
ANDHRSUGAR,2004-02-10 00:00:00+05:30,11.9,12.0,11.3,11.8,239075
ANDHRSUGAR,2004-02-11 00:00:00+05:30,11.8,11.9,11.6,11.6,169455
ANDHRSUGAR,2004-02-12 00:00:00+05:30,12.0,12.0,11.4,11.5,78600
ANDHRSUGAR,2004-02-13 00:00:00+05:30,11.5,12.6,11.3,12.55,482895
ANDHRSUGAR,2004-02-16 00:00:00+05:30,12.5,12.8,12.0,12.05,269785
ANDHRSUGAR,2004-02-17 00:00:00+05:30,12.1,12.4,11.8,12.1,157585
ANDHRSUGAR,2004-02-18 00:00:00+05:30,12.2,12.4,11.8,11.9,121330
ANDHRSUGAR,2004-02-19 00:00:00+05:30,11.85,11.95,11.55,11.6,70425
ANDHRSUGAR,2004-02-20 00:00:00+05:30,11.25,11.65,11.1,11.45,46245
ANDHRSUGAR,2004-02-23 00:00:00+05:30,11.35,11.65,11.0,11.15,87605
ANDHRSUGAR,2004-02-24 00:00:00+05:30,11.0,11.5,10.9,11.2,113450
ANDHRSUGAR,2004-02-25 00:00:00+05:30,11.05,11.75,11.05,11.3,227670
ANDHRSUGAR,2004-02-26 00:00:00+05:30,11.6,11.65,11.2,11.3,192435
ANDHRSUGAR,2004-02-27 00:00:00+05:30,11.2,11.6,11.2,11.5,99990
ANDHRSUGAR,2004-03-01 00:00:00+05:30,11.2,11.5,11.2,11.35,67070
ANDHRSUGAR,2004-03-03 00:00:00+05:30,11.6,11.6,11.2,11.25,71510
ANDHRSUGAR,2004-03-04 00:00:00+05:30,11.4,11.45,11.25,11.3,61620
ANDHRSUGAR,2004-03-05 00:00:00+05:30,11.35,11.6,11.35,11.4,87485
ANDHRSUGAR,2004-03-08 00:00:00+05:30,11.55,11.55,11.0,11.15,69650
ANDHRSUGAR,2004-03-09 00:00:00+05:30,11.2,11.25,10.95,11.2,94295
ANDHRSUGAR,2004-03-10 00:00:00+05:30,11.2,11.2,10.9,10.95,44580
ANDHRSUGAR,2004-03-11 00:00:00+05:30,11.0,11.2,10.45,10.55,151670
ANDHRSUGAR,2004-03-12 00:00:00+05:30,10.4,10.6,10.15,10.55,89855
ANDHRSUGAR,2004-03-15 00:00:00+05:30,10.4,10.4,9.6,9.75,237585
ANDHRSUGAR,2004-03-16 00:00:00+05:30,9.8,10.0,9.45,9.65,137165
ANDHRSUGAR,2004-03-17 00:00:00+05:30,9.7,10.2,9.7,9.85,40425
ANDHRSUGAR,2004-03-18 00:00:00+05:30,9.65,9.8,9.35,9.45,90420
ANDHRSUGAR,2004-03-19 00:00:00+05:30,9.4,9.8,9.0,9.65,112950
ANDHRSUGAR,2004-03-22 00:00:00+05:30,9.7,9.7,9.1,9.15,102425
ANDHRSUGAR,2004-03-23 00:00:00+05:30,9.1,9.2,8.8,9.1,113755
ANDHRSUGAR,2004-03-24 00:00:00+05:30,9.2,9.3,8.6,8.9,185955
ANDHRSUGAR,2004-03-25 00:00:00+05:30,9.05,9.2,8.95,9.05,132250
ANDHRSUGAR,2004-03-26 00:00:00+05:30,9.1,9.4,8.85,8.9,657620
ANDHRSUGAR,2004-03-29 00:00:00+05:30,9.25,9.5,9.0,9.35,117075
ANDHRSUGAR,2004-03-30 00:00:00+05:30,9.35,10.2,9.35,9.75,129705
ANDHRSUGAR,2004-03-31 00:00:00+05:30,9.8,10.2,9.65,9.9,110670
ANDHRSUGAR,2004-04-01 00:00:00+05:30,9.95,10.25,9.95,10.05,132560
ANDHRSUGAR,2004-04-02 00:00:00+05:30,10.4,10.4,9.95,10.2,139890
ANDHRSUGAR,2004-04-05 00:00:00+05:30,10.5,10.9,10.3,10.7,295050
ANDHRSUGAR,2004-04-06 00:00:00+05:30,10.65,10.85,10.6,10.6,165310
ANDHRSUGAR,2004-04-07 00:00:00+05:30,10.8,11.3,10.8,10.95,184350
ANDHRSUGAR,2004-04-08 00:00:00+05:30,11.05,12.35,11.05,11.9,1153510
ANDHRSUGAR,2004-04-12 00:00:00+05:30,12.0,12.55,12.0,12.2,816020
ANDHRSUGAR,2004-04-13 00:00:00+05:30,12.2,12.55,11.7,12.3,307505
ANDHRSUGAR,2004-04-15 00:00:00+05:30,12.4,12.65,12.15,12.35,232020
ANDHRSUGAR,2004-04-16 00:00:00+05:30,12.7,13.1,12.35,12.6,566115
ANDHRSUGAR,2004-04-19 00:00:00+05:30,13.35,13.8,12.4,12.55,470640
ANDHRSUGAR,2004-04-20 00:00:00+05:30,12.0,12.75,12.0,12.5,197670
ANDHRSUGAR,2004-04-21 00:00:00+05:30,12.2,14.0,12.15,13.65,1574585
ANDHRSUGAR,2004-04-22 00:00:00+05:30,13.85,14.4,13.5,13.9,1317835
ANDHRSUGAR,2004-04-23 00:00:00+05:30,14.1,14.2,13.2,13.3,626390
ANDHRSUGAR,2004-04-27 00:00:00+05:30,13.2,13.2,12.25,12.4,593830
ANDHRSUGAR,2004-04-28 00:00:00+05:30,12.2,12.7,12.0,12.55,489370
ANDHRSUGAR,2004-04-29 00:00:00+05:30,12.6,12.95,12.6,12.7,303645
ANDHRSUGAR,2004-04-30 00:00:00+05:30,12.5,14.35,12.5,13.65,2185115
ANDHRSUGAR,2004-05-03 00:00:00+05:30,13.6,13.7,12.5,12.95,705560
ANDHRSUGAR,2004-05-04 00:00:00+05:30,13.05,13.7,13.05,13.25,530275
ANDHRSUGAR,2004-05-05 00:00:00+05:30,13.2,14.4,12.45,13.0,2891955
ANDHRSUGAR,2004-05-06 00:00:00+05:30,12.9,13.35,12.45,12.75,874915
ANDHRSUGAR,2004-05-07 00:00:00+05:30,13.75,13.75,12.4,12.55,326015
ANDHRSUGAR,2004-05-10 00:00:00+05:30,12.6,12.6,12.1,12.45,157305
ANDHRSUGAR,2004-05-11 00:00:00+05:30,11.8,12.3,10.85,11.0,428785
ANDHRSUGAR,2004-05-12 00:00:00+05:30,10.8,12.0,10.75,11.55,509640
ANDHRSUGAR,2004-05-13 00:00:00+05:30,11.2,12.15,10.6,11.65,413105
ANDHRSUGAR,2004-05-14 00:00:00+05:30,11.5,11.75,10.05,10.6,253965
ANDHRSUGAR,2004-05-17 00:00:00+05:30,9.6,10.0,8.5,8.55,497155
ANDHRSUGAR,2004-05-18 00:00:00+05:30,9.95,9.95,8.85,9.5,266125
ANDHRSUGAR,2004-05-19 00:00:00+05:30,10.2,11.2,9.4,10.5,250745
ANDHRSUGAR,2004-05-20 00:00:00+05:30,10.8,10.9,10.25,10.6,223115
ANDHRSUGAR,2004-05-21 00:00:00+05:30,10.0,10.6,10.0,10.45,84730
ANDHRSUGAR,2004-06-23 00:00:00+05:30,9.95,10.0,9.8,9.85,74750
ANDHRSUGAR,2004-06-24 00:00:00+05:30,9.5,10.0,9.5,9.85,51025
ANDHRSUGAR,2004-06-25 00:00:00+05:30,9.85,10.55,9.85,10.25,118875
ANDHRSUGAR,2004-06-28 00:00:00+05:30,10.8,10.8,10.0,10.1,625215
ANDHRSUGAR,2004-06-29 00:00:00+05:30,10.3,10.3,10.0,10.05,392225
ANDHRSUGAR,2004-06-30 00:00:00+05:30,10.7,11.0,10.0,10.0,263850
ANDHRSUGAR,2004-07-01 00:00:00+05:30,10.3,10.3,10.05,10.25,112525
ANDHRSUGAR,2004-07-02 00:00:00+05:30,10.05,10.4,10.05,10.25,95930
ANDHRSUGAR,2004-07-05 00:00:00+05:30,10.15,10.4,10.1,10.15,76690
ANDHRSUGAR,2004-07-06 00:00:00+05:30,10.05,10.4,10.05,10.3,45640
ANDHRSUGAR,2004-07-07 00:00:00+05:30,10.45,10.8,10.25,10.55,257630
ANDHRSUGAR,2004-07-08 00:00:00+05:30,10.75,10.8,9.8,9.9,259075
ANDHRSUGAR,2004-07-09 00:00:00+05:30,9.9,10.2,9.8,10.05,61445
ANDHRSUGAR,2004-07-12 00:00:00+05:30,10.2,10.6,10.1,10.35,214660
ANDHRSUGAR,2004-07-13 00:00:00+05:30,10.35,10.55,10.3,10.35,50015
ANDHRSUGAR,2004-07-14 00:00:00+05:30,10.5,10.5,10.2,10.25,69250
ANDHRSUGAR,2004-07-15 00:00:00+05:30,10.2,10.4,9.9,9.95,463430
ANDHRSUGAR,2004-07-16 00:00:00+05:30,10.0,10.9,10.0,10.8,922685
ANDHRSUGAR,2004-07-19 00:00:00+05:30,10.9,11.45,10.4,10.6,834035
ANDHRSUGAR,2004-07-20 00:00:00+05:30,10.6,10.75,10.45,10.5,120935
ANDHRSUGAR,2004-07-21 00:00:00+05:30,10.65,10.7,10.4,10.45,157695
ANDHRSUGAR,2004-07-22 00:00:00+05:30,11.4,11.4,10.45,10.55,166380
ANDHRSUGAR,2004-07-23 00:00:00+05:30,10.6,10.8,10.5,10.65,73975
ANDHRSUGAR,2004-07-26 00:00:00+05:30,10.7,11.5,10.7,11.15,498280
ANDHRSUGAR,2004-07-27 00:00:00+05:30,11.3,11.4,10.9,10.95,188785
ANDHRSUGAR,2004-07-28 00:00:00+05:30,10.4,11.35,10.4,10.9,160050
ANDHRSUGAR,2004-07-29 00:00:00+05:30,11.1,11.1,10.45,10.5,295765
ANDHRSUGAR,2004-07-30 00:00:00+05:30,10.75,11.8,10.75,11.65,1110080
ANDHRSUGAR,2004-08-02 00:00:00+05:30,12.2,12.6,11.5,11.8,1555855
ANDHRSUGAR,2004-08-03 00:00:00+05:30,12.0,12.6,11.9,12.4,1465810
ANDHRSUGAR,2004-08-04 00:00:00+05:30,12.4,14.2,12.4,13.95,6275130
ANDHRSUGAR,2004-08-05 00:00:00+05:30,14.25,14.7,13.65,13.8,4258660
ANDHRSUGAR,2004-08-06 00:00:00+05:30,13.75,13.95,13.25,13.5,1479910
ANDHRSUGAR,2004-08-09 00:00:00+05:30,13.2,13.95,13.05,13.5,1433830
ANDHRSUGAR,2004-08-10 00:00:00+05:30,13.7,14.15,13.6,14.0,1307805
ANDHRSUGAR,2004-08-11 00:00:00+05:30,14.0,14.2,13.25,13.4,925835
ANDHRSUGAR,2004-08-12 00:00:00+05:30,13.4,13.4,12.65,12.75,659710
ANDHRSUGAR,2004-08-13 00:00:00+05:30,12.9,13.25,12.8,13.0,646220
ANDHRSUGAR,2004-08-16 00:00:00+05:30,12.9,13.25,12.8,13.0,646220
ANDHRSUGAR,2004-08-17 00:00:00+05:30,13.15,13.55,13.1,13.5,637635
ANDHRSUGAR,2004-08-18 00:00:00+05:30,13.35,14.5,13.35,14.2,2151185
ANDHRSUGAR,2004-08-19 00:00:00+05:30,14.4,14.75,14.1,14.35,1387780
ANDHRSUGAR,2004-08-20 00:00:00+05:30,14.55,14.55,13.95,14.0,460380
ANDHRSUGAR,2004-08-23 00:00:00+05:30,14.15,14.25,13.6,13.7,349750
ANDHRSUGAR,2004-08-24 00:00:00+05:30,13.7,14.0,13.7,13.8,192360
ANDHRSUGAR,2004-08-25 00:00:00+05:30,14.0,14.6,13.95,14.4,1281755
ANDHRSUGAR,2004-08-26 00:00:00+05:30,14.6,14.8,14.2,14.3,1447690
ANDHRSUGAR,2004-08-27 00:00:00+05:30,14.4,15.2,14.4,15.05,3396245
ANDHRSUGAR,2004-08-30 00:00:00+05:30,15.2,15.75,15.15,15.45,2444685
ANDHRSUGAR,2004-08-31 00:00:00+05:30,15.6,15.8,15.4,15.55,1462245
ANDHRSUGAR,2004-09-01 00:00:00+05:30,15.7,15.7,15.45,15.55,1203475
ANDHRSUGAR,2004-09-02 00:00:00+05:30,15.85,15.85,15.0,15.05,1561500
ANDHRSUGAR,2004-09-03 00:00:00+05:30,15.0,16.2,14.8,16.0,2289285
ANDHRSUGAR,2004-09-06 00:00:00+05:30,15.8,16.6,15.6,16.25,2266045
ANDHRSUGAR,2004-09-07 00:00:00+05:30,16.55,17.5,16.25,17.1,3034660
ANDHRSUGAR,2004-09-08 00:00:00+05:30,17.1,17.5,16.65,16.8,1176790
ANDHRSUGAR,2004-09-09 00:00:00+05:30,17.0,17.4,16.2,16.4,1286210
ANDHRSUGAR,2004-09-10 00:00:00+05:30,16.5,16.9,16.3,16.7,950655
ANDHRSUGAR,2004-09-13 00:00:00+05:30,16.95,17.4,16.8,17.1,1492480
ANDHRSUGAR,2004-09-14 00:00:00+05:30,16.6,16.85,15.75,15.95,639775
ANDHRSUGAR,2004-09-15 00:00:00+05:30,16.05,16.5,15.8,15.95,946185
ANDHRSUGAR,2004-09-16 00:00:00+05:30,15.9,15.95,15.55,15.7,438050
ANDHRSUGAR,2004-09-17 00:00:00+05:30,15.8,15.9,15.45,15.55,800645
ANDHRSUGAR,2004-09-20 00:00:00+05:30,15.75,15.75,15.4,15.5,462295
ANDHRSUGAR,2004-09-21 00:00:00+05:30,15.4,15.85,15.35,15.55,620525
ANDHRSUGAR,2004-09-22 00:00:00+05:30,15.5,15.65,15.35,15.4,200650
ANDHRSUGAR,2004-09-23 00:00:00+05:30,15.4,15.6,14.95,15.15,386785
ANDHRSUGAR,2004-09-24 00:00:00+05:30,15.05,15.6,15.05,15.5,858345
ANDHRSUGAR,2004-09-27 00:00:00+05:30,15.8,15.95,15.2,15.7,551025
ANDHRSUGAR,2004-09-28 00:00:00+05:30,15.45,15.7,15.4,15.55,471265
ANDHRSUGAR,2004-09-29 00:00:00+05:30,15.6,15.75,15.45,15.5,279920
ANDHRSUGAR,2004-09-30 00:00:00+05:30,15.6,15.7,15.5,15.5,390595
ANDHRSUGAR,2004-10-01 00:00:00+05:30,15.5,16.7,15.2,16.45,1759405
ANDHRSUGAR,2004-10-04 00:00:00+05:30,16.6,16.7,16.25,16.4,808180
ANDHRSUGAR,2004-10-05 00:00:00+05:30,16.3,16.6,15.95,16.45,884105
ANDHRSUGAR,2004-10-06 00:00:00+05:30,16.5,17.25,16.5,17.05,1909420
ANDHRSUGAR,2004-10-07 00:00:00+05:30,17.1,18.9,17.1,18.7,3649245
ANDHRSUGAR,2004-10-08 00:00:00+05:30,18.8,19.4,18.4,18.65,1442345
ANDHRSUGAR,2004-10-11 00:00:00+05:30,19.1,19.75,18.55,19.05,1387320
ANDHRSUGAR,2004-10-12 00:00:00+05:30,19.05,19.55,18.0,18.05,888580
ANDHRSUGAR,2004-10-14 00:00:00+05:30,18.2,18.7,17.65,18.2,768000
ANDHRSUGAR,2004-10-15 00:00:00+05:30,18.4,19.3,18.3,18.45,935270
ANDHRSUGAR,2004-10-18 00:00:00+05:30,18.5,18.75,18.35,18.5,341425
ANDHRSUGAR,2004-10-19 00:00:00+05:30,18.65,18.65,18.2,18.35,206485
ANDHRSUGAR,2004-10-20 00:00:00+05:30,18.0,18.7,18.0,18.55,281455
ANDHRSUGAR,2004-10-21 00:00:00+05:30,18.6,19.8,18.45,19.45,536585
ANDHRSUGAR,2004-10-25 00:00:00+05:30,20.0,21.0,19.6,19.75,1363205
ANDHRSUGAR,2004-10-26 00:00:00+05:30,20.0,20.8,19.8,20.4,1252185
ANDHRSUGAR,2004-10-27 00:00:00+05:30,20.65,21.0,20.2,20.8,766385
ANDHRSUGAR,2004-10-28 00:00:00+05:30,21.0,21.55,20.45,20.85,930380
ANDHRSUGAR,2004-10-29 00:00:00+05:30,21.3,23.6,20.9,22.85,4453575
ANDHRSUGAR,2004-11-01 00:00:00+05:30,22.25,23.3,19.5,20.3,3588275
ANDHRSUGAR,2004-11-02 00:00:00+05:30,20.55,21.2,20.55,20.9,1324745
ANDHRSUGAR,2004-11-03 00:00:00+05:30,21.05,21.55,20.7,20.85,1141315
ANDHRSUGAR,2004-11-04 00:00:00+05:30,21.05,21.6,20.85,21.1,1133310
ANDHRSUGAR,2004-11-05 00:00:00+05:30,21.3,21.3,20.0,20.3,813895
ANDHRSUGAR,2004-11-08 00:00:00+05:30,20.45,20.8,19.95,20.05,679595
ANDHRSUGAR,2004-11-09 00:00:00+05:30,20.15,20.35,19.6,19.8,426330
ANDHRSUGAR,2004-11-10 00:00:00+05:30,19.95,21.2,19.85,20.75,1110405
ANDHRSUGAR,2004-11-11 00:00:00+05:30,20.8,21.6,20.45,21.0,2263225
ANDHRSUGAR,2004-11-12 00:00:00+05:30,21.4,22.0,21.3,21.6,601055
ANDHRSUGAR,2004-11-16 00:00:00+05:30,21.6,22.8,20.8,22.6,1773930
ANDHRSUGAR,2004-11-17 00:00:00+05:30,23.2,25.35,22.85,24.0,4382985
ANDHRSUGAR,2004-11-18 00:00:00+05:30,25.0,25.0,23.4,23.5,1571180
ANDHRSUGAR,2004-11-19 00:00:00+05:30,23.8,23.9,22.5,22.7,708545
ANDHRSUGAR,2004-11-22 00:00:00+05:30,22.75,24.2,21.4,23.9,1408885
ANDHRSUGAR,2004-11-23 00:00:00+05:30,24.0,24.35,23.45,23.7,693095
ANDHRSUGAR,2004-11-24 00:00:00+05:30,24.0,24.6,23.6,23.9,1094640
ANDHRSUGAR,2004-11-25 00:00:00+05:30,24.0,24.3,23.2,23.45,561935
ANDHRSUGAR,2004-11-29 00:00:00+05:30,23.6,23.75,22.9,23.35,454725
ANDHRSUGAR,2004-11-30 00:00:00+05:30,23.8,24.0,22.3,22.65,458880
ANDHRSUGAR,2004-12-01 00:00:00+05:30,22.95,22.95,22.0,22.2,716230
ANDHRSUGAR,2004-12-02 00:00:00+05:30,22.55,22.9,21.8,22.35,419905
ANDHRSUGAR,2004-12-03 00:00:00+05:30,22.65,24.4,22.4,23.7,2036175
ANDHRSUGAR,2004-12-06 00:00:00+05:30,23.8,24.6,23.8,24.35,1792095
ANDHRSUGAR,2004-12-07 00:00:00+05:30,24.8,25.35,24.4,24.85,2143985
ANDHRSUGAR,2004-12-08 00:00:00+05:30,25.05,25.15,24.2,24.4,1118605
ANDHRSUGAR,2004-12-09 00:00:00+05:30,24.55,28.0,23.8,27.15,8407750
ANDHRSUGAR,2004-12-10 00:00:00+05:30,27.6,28.6,26.65,26.95,4701060
ANDHRSUGAR,2004-12-13 00:00:00+05:30,27.1,28.35,26.75,27.15,3107660
ANDHRSUGAR,2004-12-14 00:00:00+05:30,27.55,27.55,26.25,26.35,1450110
ANDHRSUGAR,2004-12-15 00:00:00+05:30,26.65,26.65,25.2,25.45,1021750
ANDHRSUGAR,2004-12-16 00:00:00+05:30,25.8,27.15,25.4,26.4,1799775
ANDHRSUGAR,2004-12-17 00:00:00+05:30,26.55,27.2,25.6,25.7,1017860
ANDHRSUGAR,2004-12-20 00:00:00+05:30,25.35,26.65,25.35,25.6,668165
ANDHRSUGAR,2004-12-21 00:00:00+05:30,25.9,26.4,25.75,25.95,704455
ANDHRSUGAR,2004-12-22 00:00:00+05:30,26.2,26.35,25.2,25.45,383070
ANDHRSUGAR,2004-12-23 00:00:00+05:30,25.75,26.95,25.6,26.0,2139670
ANDHRSUGAR,2004-12-24 00:00:00+05:30,26.3,26.75,25.6,25.75,1454685
ANDHRSUGAR,2004-12-27 00:00:00+05:30,25.7,25.8,25.3,25.4,414185
ANDHRSUGAR,2004-12-28 00:00:00+05:30,25.7,27.2,25.7,26.9,1956175
ANDHRSUGAR,2004-12-29 00:00:00+05:30,27.0,28.5,26.6,27.5,4976955
ANDHRSUGAR,2004-12-30 00:00:00+05:30,27.7,29.1,27.55,27.85,3339190
ANDHRSUGAR,2004-12-31 00:00:00+05:30,28.1,29.3,28.0,29.0,2329500
ANDHRSUGAR,2005-01-03 00:00:00+05:30,29.3,31.55,29.2,30.4,4982840
ANDHRSUGAR,2005-01-04 00:00:00+05:30,30.6,30.6,29.4,29.9,2331675
ANDHRSUGAR,2005-01-05 00:00:00+05:30,29.9,30.6,26.4,28.3,2713110
ANDHRSUGAR,2005-01-06 00:00:00+05:30,27.2,27.95,25.0,26.25,2312990
ANDHRSUGAR,2005-01-07 00:00:00+05:30,26.2,27.4,26.0,27.25,1015640
ANDHRSUGAR,2005-01-10 00:00:00+05:30,27.6,29.2,27.25,27.95,1874930
ANDHRSUGAR,2005-01-11 00:00:00+05:30,28.35,28.5,26.4,26.65,1005520
ANDHRSUGAR,2005-01-12 00:00:00+05:30,27.2,27.4,25.45,25.6,793220
ANDHRSUGAR,2005-01-13 00:00:00+05:30,26.15,26.9,25.8,26.75,835805
ANDHRSUGAR,2005-01-14 00:00:00+05:30,26.9,28.85,26.65,27.75,2225540
ANDHRSUGAR,2005-01-17 00:00:00+05:30,28.7,28.9,26.85,27.5,1407870
ANDHRSUGAR,2005-01-18 00:00:00+05:30,27.6,27.95,27.1,27.4,644325
ANDHRSUGAR,2005-01-19 00:00:00+05:30,27.75,28.3,26.85,27.1,878250
ANDHRSUGAR,2005-01-20 00:00:00+05:30,26.4,27.1,26.0,26.5,638370
ANDHRSUGAR,2005-01-24 00:00:00+05:30,26.8,27.35,26.6,26.85,598395
ANDHRSUGAR,2005-01-25 00:00:00+05:30,26.45,27.1,26.3,26.55,651945
ANDHRSUGAR,2005-01-27 00:00:00+05:30,26.9,28.8,26.7,28.2,1875355
ANDHRSUGAR,2005-01-28 00:00:00+05:30,28.5,29.1,28.0,28.4,2165750
ANDHRSUGAR,2005-01-31 00:00:00+05:30,28.5,28.95,28.2,28.35,1456695
ANDHRSUGAR,2005-02-01 00:00:00+05:30,28.6,29.7,28.0,29.25,2483235
ANDHRSUGAR,2005-02-02 00:00:00+05:30,29.75,30.95,29.5,30.15,3160250
ANDHRSUGAR,2005-02-03 00:00:00+05:30,30.55,31.0,29.5,29.7,2571410
ANDHRSUGAR,2005-02-04 00:00:00+05:30,30.2,30.2,28.4,29.0,3199320
ANDHRSUGAR,2005-02-07 00:00:00+05:30,29.35,29.35,28.05,28.2,1449640
ANDHRSUGAR,2005-02-08 00:00:00+05:30,28.25,28.55,27.8,28.0,1141690
ANDHRSUGAR,2005-02-09 00:00:00+05:30,28.1,28.3,27.2,27.45,1026595
ANDHRSUGAR,2005-02-10 00:00:00+05:30,27.6,27.8,26.65,27.6,951420
ANDHRSUGAR,2005-02-11 00:00:00+05:30,28.0,28.8,27.8,28.0,1107280
ANDHRSUGAR,2005-02-14 00:00:00+05:30,28.75,28.75,27.4,27.55,523490
ANDHRSUGAR,2005-02-15 00:00:00+05:30,27.55,28.6,26.8,27.05,1913555
ANDHRSUGAR,2005-02-16 00:00:00+05:30,27.4,27.6,26.4,26.6,823365
ANDHRSUGAR,2005-02-17 00:00:00+05:30,26.5,26.6,26.05,26.25,576175
ANDHRSUGAR,2005-02-18 00:00:00+05:30,26.4,26.9,26.0,26.15,925295
ANDHRSUGAR,2005-02-21 00:00:00+05:30,26.25,26.4,25.4,25.55,591075
ANDHRSUGAR,2005-02-22 00:00:00+05:30,25.9,25.9,25.4,25.55,410950
ANDHRSUGAR,2005-02-23 00:00:00+05:30,26.0,28.0,25.7,26.35,699670
ANDHRSUGAR,2005-02-24 00:00:00+05:30,26.5,26.65,25.9,26.1,356355
ANDHRSUGAR,2005-02-25 00:00:00+05:30,26.25,26.35,25.0,25.1,713180
ANDHRSUGAR,2005-02-28 00:00:00+05:30,25.6,28.35,25.2,27.9,4325025
ANDHRSUGAR,2005-03-01 00:00:00+05:30,28.1,28.4,26.25,26.65,1721510
ANDHRSUGAR,2005-03-02 00:00:00+05:30,26.85,27.25,26.3,26.45,1018425
ANDHRSUGAR,2005-03-03 00:00:00+05:30,26.6,27.3,26.5,26.8,1065080
ANDHRSUGAR,2005-03-04 00:00:00+05:30,27.05,27.55,26.6,26.7,1040985
ANDHRSUGAR,2005-03-07 00:00:00+05:30,26.9,26.9,26.2,26.3,536875
ANDHRSUGAR,2005-03-08 00:00:00+05:30,26.45,26.8,26.0,26.15,477255
ANDHRSUGAR,2005-03-09 00:00:00+05:30,26.4,26.4,24.8,25.4,789875
ANDHRSUGAR,2005-03-10 00:00:00+05:30,24.8,25.8,24.8,25.2,584525
ANDHRSUGAR,2005-03-11 00:00:00+05:30,25.2,25.8,24.9,25.05,700575
ANDHRSUGAR,2005-03-14 00:00:00+05:30,25.2,25.2,24.6,24.7,309935
ANDHRSUGAR,2005-03-15 00:00:00+05:30,24.7,26.5,24.7,25.6,1751125
ANDHRSUGAR,2005-03-16 00:00:00+05:30,25.9,25.9,25.05,25.45,692370
ANDHRSUGAR,2005-03-17 00:00:00+05:30,25.4,25.4,24.4,24.55,499715
ANDHRSUGAR,2005-03-18 00:00:00+05:30,24.55,24.9,23.9,24.45,524525
ANDHRSUGAR,2005-03-21 00:00:00+05:30,24.7,25.0,24.0,24.1,460645
ANDHRSUGAR,2005-03-22 00:00:00+05:30,24.2,24.4,23.15,23.3,503245
ANDHRSUGAR,2005-03-23 00:00:00+05:30,23.4,23.7,22.8,23.05,447530
ANDHRSUGAR,2005-03-24 00:00:00+05:30,23.2,23.2,21.85,22.05,427545
ANDHRSUGAR,2005-03-28 00:00:00+05:30,22.3,23.0,20.5,22.25,551045
ANDHRSUGAR,2005-03-29 00:00:00+05:30,21.8,22.35,21.3,21.5,412150
ANDHRSUGAR,2005-03-30 00:00:00+05:30,21.4,22.15,21.25,21.85,1221515
ANDHRSUGAR,2005-03-31 00:00:00+05:30,22.0,23.0,22.0,22.6,620825
ANDHRSUGAR,2005-04-01 00:00:00+05:30,22.95,24.2,22.4,23.85,906175
ANDHRSUGAR,2005-04-04 00:00:00+05:30,24.0,25.1,23.6,24.7,1355380
ANDHRSUGAR,2005-04-05 00:00:00+05:30,24.4,25.8,24.4,25.3,1156455
ANDHRSUGAR,2005-04-06 00:00:00+05:30,25.3,26.7,25.2,26.3,1508480
ANDHRSUGAR,2005-04-07 00:00:00+05:30,26.4,26.9,25.5,25.7,696085
ANDHRSUGAR,2005-04-08 00:00:00+05:30,25.75,26.05,24.8,24.95,492820
ANDHRSUGAR,2005-04-11 00:00:00+05:30,24.9,25.95,24.65,25.1,409450
ANDHRSUGAR,2005-04-12 00:00:00+05:30,25.4,25.7,25.05,25.15,298180
ANDHRSUGAR,2005-04-13 00:00:00+05:30,25.4,25.55,25.2,25.35,318175
ANDHRSUGAR,2005-04-15 00:00:00+05:30,25.6,25.6,24.4,24.65,228695
ANDHRSUGAR,2005-04-18 00:00:00+05:30,24.6,24.6,20.6,23.9,351890
ANDHRSUGAR,2005-04-19 00:00:00+05:30,24.65,24.7,23.5,23.7,305045
ANDHRSUGAR,2005-04-20 00:00:00+05:30,24.0,24.6,23.6,23.95,429285
ANDHRSUGAR,2005-04-21 00:00:00+05:30,23.6,25.3,23.6,25.2,519055
ANDHRSUGAR,2005-04-22 00:00:00+05:30,25.4,26.1,25.05,25.7,774885
ANDHRSUGAR,2005-04-25 00:00:00+05:30,26.1,26.6,25.6,25.7,487190
ANDHRSUGAR,2005-04-26 00:00:00+05:30,25.75,25.95,25.1,25.2,286955
ANDHRSUGAR,2005-04-27 00:00:00+05:30,25.4,25.6,24.95,25.0,204595
ANDHRSUGAR,2005-04-28 00:00:00+05:30,25.0,25.3,24.95,25.05,239965
ANDHRSUGAR,2005-04-29 00:00:00+05:30,25.2,26.55,24.95,25.35,865415
ANDHRSUGAR,2005-05-02 00:00:00+05:30,26.0,26.0,24.3,24.65,1158710
ANDHRSUGAR,2005-05-03 00:00:00+05:30,24.8,25.15,24.45,24.55,606890
ANDHRSUGAR,2005-05-04 00:00:00+05:30,24.0,25.1,24.0,24.7,374750
ANDHRSUGAR,2005-05-05 00:00:00+05:30,24.95,25.2,24.8,24.9,197510
ANDHRSUGAR,2005-05-06 00:00:00+05:30,24.4,25.85,23.85,25.65,397245
ANDHRSUGAR,2005-05-09 00:00:00+05:30,26.0,26.1,25.5,25.7,299745
ANDHRSUGAR,2005-05-10 00:00:00+05:30,25.5,25.8,25.2,25.5,512170
ANDHRSUGAR,2005-05-11 00:00:00+05:30,25.0,25.8,25.0,25.65,195855
ANDHRSUGAR,2005-05-12 00:00:00+05:30,25.6,26.0,25.4,25.9,292240
ANDHRSUGAR,2005-05-13 00:00:00+05:30,26.2,26.2,24.7,25.15,320000
ANDHRSUGAR,2005-05-16 00:00:00+05:30,25.9,25.9,25.15,25.6,323335
ANDHRSUGAR,2005-05-17 00:00:00+05:30,26.0,26.0,25.35,25.65,447385
ANDHRSUGAR,2005-05-18 00:00:00+05:30,25.85,25.85,25.25,25.5,348980
ANDHRSUGAR,2005-05-19 00:00:00+05:30,25.8,26.4,25.8,26.0,429805
ANDHRSUGAR,2005-05-20 00:00:00+05:30,26.3,26.3,25.65,25.85,250660
ANDHRSUGAR,2005-05-23 00:00:00+05:30,26.0,26.0,25.25,25.65,126005
ANDHRSUGAR,2005-05-24 00:00:00+05:30,25.5,25.75,25.0,25.2,114420
ANDHRSUGAR,2005-05-25 00:00:00+05:30,25.75,26.15,25.45,25.55,290680
ANDHRSUGAR,2005-05-26 00:00:00+05:30,25.0,25.75,25.0,25.05,161910
ANDHRSUGAR,2005-05-27 00:00:00+05:30,25.2,25.5,24.4,24.55,166370
ANDHRSUGAR,2005-05-30 00:00:00+05:30,24.7,25.0,24.5,24.7,339660
ANDHRSUGAR,2005-05-31 00:00:00+05:30,24.75,24.9,24.6,24.65,203605
ANDHRSUGAR,2005-06-01 00:00:00+05:30,24.7,25.2,24.6,25.0,217545
ANDHRSUGAR,2005-06-02 00:00:00+05:30,24.95,25.0,24.6,24.65,65790
ANDHRSUGAR,2005-06-03 00:00:00+05:30,24.7,24.75,24.25,24.55,116670
ANDHRSUGAR,2005-06-06 00:00:00+05:30,24.3,24.95,24.1,24.3,189525
ANDHRSUGAR,2005-06-07 00:00:00+05:30,24.6,24.6,24.0,24.05,154370
ANDHRSUGAR,2005-06-08 00:00:00+05:30,24.0,24.4,23.9,24.15,189785
ANDHRSUGAR,2005-06-09 00:00:00+05:30,24.0,24.3,23.9,24.15,115310
ANDHRSUGAR,2005-06-10 00:00:00+05:30,24.2,24.25,23.6,23.65,134005
ANDHRSUGAR,2005-06-13 00:00:00+05:30,24.0,24.0,23.6,23.75,91815
ANDHRSUGAR,2005-06-14 00:00:00+05:30,23.9,24.2,23.7,23.95,325745
ANDHRSUGAR,2005-06-15 00:00:00+05:30,24.2,25.9,23.95,25.3,2029560
ANDHRSUGAR,2005-06-16 00:00:00+05:30,25.75,25.85,23.8,23.95,665920
ANDHRSUGAR,2005-06-17 00:00:00+05:30,24.15,24.3,23.4,23.55,153345
ANDHRSUGAR,2005-06-20 00:00:00+05:30,23.75,24.35,23.2,23.5,227820
ANDHRSUGAR,2005-06-21 00:00:00+05:30,23.45,23.75,23.0,23.15,116440
ANDHRSUGAR,2005-06-22 00:00:00+05:30,23.55,24.05,23.2,23.3,184480
ANDHRSUGAR,2005-06-23 00:00:00+05:30,23.9,23.9,23.2,23.3,211155
ANDHRSUGAR,2005-06-24 00:00:00+05:30,23.3,24.5,23.0,24.05,806225
ANDHRSUGAR,2005-06-27 00:00:00+05:30,24.05,24.5,23.45,23.5,289185
ANDHRSUGAR,2005-06-28 00:00:00+05:30,23.6,24.15,23.0,23.15,289110
ANDHRSUGAR,2005-06-29 00:00:00+05:30,23.7,23.8,23.1,23.25,256900
ANDHRSUGAR,2005-06-30 00:00:00+05:30,23.8,23.8,23.2,23.25,289570
ANDHRSUGAR,2005-07-01 00:00:00+05:30,23.3,24.15,23.0,23.55,778350
ANDHRSUGAR,2005-07-04 00:00:00+05:30,23.9,24.1,23.6,24.0,376995
ANDHRSUGAR,2005-07-05 00:00:00+05:30,24.15,24.2,23.45,23.6,187940
ANDHRSUGAR,2005-07-06 00:00:00+05:30,23.75,24.2,23.65,23.8,243455
ANDHRSUGAR,2005-07-07 00:00:00+05:30,23.8,24.0,23.6,23.7,191605
ANDHRSUGAR,2005-07-08 00:00:00+05:30,23.9,24.2,23.5,24.05,341895
ANDHRSUGAR,2005-07-11 00:00:00+05:30,24.0,25.3,23.8,25.2,799795
ANDHRSUGAR,2005-07-12 00:00:00+05:30,25.4,25.75,24.0,25.0,530100
ANDHRSUGAR,2005-07-13 00:00:00+05:30,25.4,25.65,24.85,25.1,1445130
ANDHRSUGAR,2005-07-14 00:00:00+05:30,25.2,26.0,24.9,25.0,434970
ANDHRSUGAR,2005-07-15 00:00:00+05:30,25.25,27.95,25.05,27.3,2627755
ANDHRSUGAR,2005-07-18 00:00:00+05:30,27.55,28.6,27.55,27.9,1203115
ANDHRSUGAR,2005-07-19 00:00:00+05:30,28.25,28.4,27.0,27.2,635590
ANDHRSUGAR,2005-07-20 00:00:00+05:30,28.0,28.0,27.2,27.3,789180
ANDHRSUGAR,2005-07-21 00:00:00+05:30,27.4,28.8,27.4,28.05,1289765
ANDHRSUGAR,2005-07-22 00:00:00+05:30,28.05,28.25,27.55,27.9,375020
ANDHRSUGAR,2005-07-25 00:00:00+05:30,29.0,32.95,28.6,29.75,3075935
ANDHRSUGAR,2005-07-26 00:00:00+05:30,29.0,30.2,28.0,29.45,985390
ANDHRSUGAR,2005-07-27 00:00:00+05:30,29.6,30.0,29.05,29.5,494925
ANDHRSUGAR,2005-07-29 00:00:00+05:30,29.7,29.8,26.6,29.25,667070
ANDHRSUGAR,2005-08-01 00:00:00+05:30,29.5,30.8,29.5,29.65,1326650
ANDHRSUGAR,2005-08-02 00:00:00+05:30,30.3,30.3,29.75,30.15,780970
ANDHRSUGAR,2005-08-03 00:00:00+05:30,30.55,30.8,29.95,30.05,807265
ANDHRSUGAR,2005-08-04 00:00:00+05:30,30.4,31.6,30.2,30.95,2556515
ANDHRSUGAR,2005-08-05 00:00:00+05:30,31.2,31.9,30.7,31.05,1933770
ANDHRSUGAR,2005-08-08 00:00:00+05:30,31.4,31.9,30.2,30.45,1328105
ANDHRSUGAR,2005-08-09 00:00:00+05:30,30.6,30.9,29.8,30.15,971430
ANDHRSUGAR,2005-08-10 00:00:00+05:30,30.5,31.15,30.15,30.35,1097390
ANDHRSUGAR,2005-08-11 00:00:00+05:30,30.6,31.0,30.4,30.7,539310
ANDHRSUGAR,2005-08-12 00:00:00+05:30,30.7,31.2,30.2,30.3,525465
ANDHRSUGAR,2005-08-16 00:00:00+05:30,30.6,30.7,30.15,30.4,390220
ANDHRSUGAR,2005-08-17 00:00:00+05:30,30.5,30.95,30.4,30.65,456610
ANDHRSUGAR,2005-08-18 00:00:00+05:30,30.8,31.0,29.8,29.95,530935
ANDHRSUGAR,2005-08-19 00:00:00+05:30,30.0,30.3,29.6,29.65,385680
ANDHRSUGAR,2005-08-22 00:00:00+05:30,29.8,30.15,29.7,30.05,459990
ANDHRSUGAR,2005-08-23 00:00:00+05:30,30.35,30.4,29.0,29.2,538945
ANDHRSUGAR,2005-08-24 00:00:00+05:30,29.4,29.4,28.4,28.55,286170
ANDHRSUGAR,2005-08-25 00:00:00+05:30,29.0,29.8,28.4,29.5,481490
ANDHRSUGAR,2005-08-26 00:00:00+05:30,29.5,30.4,29.0,30.1,473875
ANDHRSUGAR,2005-08-29 00:00:00+05:30,30.2,30.2,29.1,29.65,492210
ANDHRSUGAR,2005-08-30 00:00:00+05:30,30.05,31.25,30.05,30.6,775410
ANDHRSUGAR,2005-08-31 00:00:00+05:30,31.15,34.7,31.0,33.7,6353825
ANDHRSUGAR,2005-09-01 00:00:00+05:30,33.95,34.9,33.05,33.75,1901365
ANDHRSUGAR,2005-09-02 00:00:00+05:30,33.95,34.4,33.0,33.2,669825
ANDHRSUGAR,2005-09-05 00:00:00+05:30,33.75,34.9,33.4,33.55,1112545
ANDHRSUGAR,2005-09-06 00:00:00+05:30,33.8,33.8,32.85,33.35,749230
ANDHRSUGAR,2005-09-08 00:00:00+05:30,33.55,34.0,33.3,33.35,576305
ANDHRSUGAR,2005-09-09 00:00:00+05:30,33.7,34.35,33.0,33.85,1198940
ANDHRSUGAR,2005-09-12 00:00:00+05:30,33.0,34.8,33.0,34.55,1618780
ANDHRSUGAR,2005-09-13 00:00:00+05:30,34.7,36.2,34.4,35.55,2007130
ANDHRSUGAR,2005-09-14 00:00:00+05:30,35.65,35.65,32.55,33.0,1383670
ANDHRSUGAR,2005-09-15 00:00:00+05:30,33.5,34.0,32.8,33.8,773740
ANDHRSUGAR,2005-09-16 00:00:00+05:30,34.05,34.1,32.7,32.9,633490
ANDHRSUGAR,2005-09-19 00:00:00+05:30,32.9,33.35,32.2,32.45,658730
ANDHRSUGAR,2005-09-20 00:00:00+05:30,33.1,33.1,31.6,31.75,554400
ANDHRSUGAR,2005-09-21 00:00:00+05:30,32.2,32.3,28.0,30.85,814275
ANDHRSUGAR,2005-09-22 00:00:00+05:30,28.5,30.8,28.0,28.25,494230
ANDHRSUGAR,2005-09-23 00:00:00+05:30,27.4,29.75,26.45,29.3,648390
ANDHRSUGAR,2005-09-26 00:00:00+05:30,30.0,31.0,29.6,30.7,305690
ANDHRSUGAR,2005-09-27 00:00:00+05:30,30.9,31.35,30.25,30.7,266490
ANDHRSUGAR,2005-09-28 00:00:00+05:30,30.8,31.0,30.1,30.3,689700
ANDHRSUGAR,2005-09-29 00:00:00+05:30,30.45,31.0,29.6,30.05,443070
ANDHRSUGAR,2005-09-30 00:00:00+05:30,29.8,30.2,29.4,30.05,216235
ANDHRSUGAR,2005-10-03 00:00:00+05:30,30.05,31.0,30.05,30.8,570785
ANDHRSUGAR,2005-10-04 00:00:00+05:30,31.8,32.0,30.4,30.75,324815
ANDHRSUGAR,2005-10-05 00:00:00+05:30,31.0,31.8,30.7,31.5,677935
ANDHRSUGAR,2005-10-06 00:00:00+05:30,31.2,31.4,30.4,30.9,309360
ANDHRSUGAR,2005-10-07 00:00:00+05:30,31.0,32.0,30.25,30.8,293025
ANDHRSUGAR,2005-10-10 00:00:00+05:30,30.8,30.8,29.9,30.1,191505
ANDHRSUGAR,2005-10-11 00:00:00+05:30,29.6,30.4,29.05,30.1,143745
ANDHRSUGAR,2005-10-13 00:00:00+05:30,29.4,30.6,29.2,29.65,177180
ANDHRSUGAR,2005-10-14 00:00:00+05:30,30.0,30.0,29.25,29.35,169965
ANDHRSUGAR,2005-10-17 00:00:00+05:30,29.4,29.6,28.6,28.7,182090
ANDHRSUGAR,2005-10-18 00:00:00+05:30,28.8,29.65,28.65,29.25,161960
ANDHRSUGAR,2005-10-19 00:00:00+05:30,28.1,28.8,27.4,27.55,321595
ANDHRSUGAR,2005-10-20 00:00:00+05:30,27.85,28.4,26.95,27.3,292475
ANDHRSUGAR,2005-10-21 00:00:00+05:30,27.5,28.05,27.0,27.9,204960
ANDHRSUGAR,2005-10-24 00:00:00+05:30,28.0,28.8,27.6,28.2,285250
ANDHRSUGAR,2005-10-25 00:00:00+05:30,28.9,28.9,28.1,28.5,200750
ANDHRSUGAR,2005-10-26 00:00:00+05:30,28.7,29.5,28.3,28.95,213775
ANDHRSUGAR,2005-10-27 00:00:00+05:30,29.0,29.55,28.5,28.9,219915
ANDHRSUGAR,2005-10-28 00:00:00+05:30,28.6,28.8,28.25,28.55,103995
ANDHRSUGAR,2005-10-31 00:00:00+05:30,29.4,30.0,29.0,29.7,543510
ANDHRSUGAR,2005-11-01 00:00:00+05:30,30.25,30.8,29.75,30.1,210580
ANDHRSUGAR,2005-11-02 00:00:00+05:30,30.2,30.2,29.1,29.5,270835
ANDHRSUGAR,2005-11-07 00:00:00+05:30,29.95,30.4,29.25,29.35,286490
ANDHRSUGAR,2005-11-08 00:00:00+05:30,29.4,29.9,29.35,29.55,183770
ANDHRSUGAR,2005-11-09 00:00:00+05:30,29.55,29.7,29.35,29.6,114260
ANDHRSUGAR,2005-11-10 00:00:00+05:30,29.6,29.7,29.15,29.3,217535
ANDHRSUGAR,2005-11-11 00:00:00+05:30,29.25,29.6,29.05,29.2,646590
ANDHRSUGAR,2005-11-14 00:00:00+05:30,29.6,29.8,29.1,29.2,308375
ANDHRSUGAR,2005-11-16 00:00:00+05:30,29.6,29.8,29.2,29.4,164570
ANDHRSUGAR,2005-11-17 00:00:00+05:30,29.2,29.4,28.85,28.95,169500
ANDHRSUGAR,2005-11-18 00:00:00+05:30,29.0,29.3,28.85,28.95,126020
ANDHRSUGAR,2005-11-21 00:00:00+05:30,28.85,29.4,28.55,28.8,367130
ANDHRSUGAR,2005-11-22 00:00:00+05:30,28.95,29.15,28.6,28.65,123900
ANDHRSUGAR,2005-11-23 00:00:00+05:30,28.1,29.5,24.0,29.25,141810
ANDHRSUGAR,2005-11-24 00:00:00+05:30,29.45,29.95,28.85,29.0,374875
ANDHRSUGAR,2005-11-25 00:00:00+05:30,29.1,30.35,28.95,29.75,759140
ANDHRSUGAR,2005-11-28 00:00:00+05:30,30.1,30.7,30.0,30.2,360455
ANDHRSUGAR,2005-11-29 00:00:00+05:30,30.0,30.2,29.65,29.75,206380
ANDHRSUGAR,2005-11-30 00:00:00+05:30,29.95,30.3,29.6,29.7,147425
ANDHRSUGAR,2005-12-01 00:00:00+05:30,29.95,29.95,29.2,29.6,153975
ANDHRSUGAR,2005-12-02 00:00:00+05:30,29.8,30.2,29.7,29.75,180940
ANDHRSUGAR,2005-12-05 00:00:00+05:30,29.7,30.2,29.0,29.1,144465
ANDHRSUGAR,2005-12-06 00:00:00+05:30,29.8,29.8,29.2,29.35,79125
ANDHRSUGAR,2005-12-07 00:00:00+05:30,29.45,30.05,29.4,30.0,302310
ANDHRSUGAR,2005-12-08 00:00:00+05:30,30.15,30.2,29.65,29.8,143585
ANDHRSUGAR,2005-12-09 00:00:00+05:30,29.8,31.3,29.8,31.0,638845
ANDHRSUGAR,2005-12-12 00:00:00+05:30,31.4,32.2,31.25,31.8,852940
ANDHRSUGAR,2005-12-13 00:00:00+05:30,31.7,33.35,31.7,32.6,2019300
ANDHRSUGAR,2005-12-14 00:00:00+05:30,32.4,32.9,31.6,31.9,506995
ANDHRSUGAR,2005-12-15 00:00:00+05:30,32.1,32.55,31.4,31.55,518160
ANDHRSUGAR,2005-12-16 00:00:00+05:30,31.5,32.15,31.25,31.35,417235
ANDHRSUGAR,2005-12-19 00:00:00+05:30,31.4,33.7,31.4,32.9,1932640
ANDHRSUGAR,2005-12-20 00:00:00+05:30,33.0,33.6,32.3,32.4,898100
ANDHRSUGAR,2005-12-21 00:00:00+05:30,32.4,33.15,32.4,32.75,815410
ANDHRSUGAR,2005-12-22 00:00:00+05:30,31.2,33.15,31.2,32.55,522350
ANDHRSUGAR,2005-12-23 00:00:00+05:30,32.8,34.5,32.4,33.4,2684060
ANDHRSUGAR,2005-12-26 00:00:00+05:30,33.0,33.5,31.45,31.7,576175
ANDHRSUGAR,2005-12-27 00:00:00+05:30,31.7,32.7,31.25,32.45,694090
ANDHRSUGAR,2005-12-28 00:00:00+05:30,33.4,35.5,32.0,32.1,587870
ANDHRSUGAR,2005-12-29 00:00:00+05:30,32.6,33.15,32.0,32.25,493490
ANDHRSUGAR,2005-12-30 00:00:00+05:30,32.75,32.95,31.8,31.95,543615
ANDHRSUGAR,2006-01-02 00:00:00+05:30,32.0,35.6,32.0,35.25,3060385
ANDHRSUGAR,2006-01-03 00:00:00+05:30,35.7,36.2,35.0,35.3,1874190
ANDHRSUGAR,2006-01-04 00:00:00+05:30,35.5,35.7,34.55,34.75,669220
ANDHRSUGAR,2006-01-05 00:00:00+05:30,34.75,35.0,33.8,34.45,537500
ANDHRSUGAR,2006-01-06 00:00:00+05:30,34.7,35.0,34.0,34.25,396330
ANDHRSUGAR,2006-01-09 00:00:00+05:30,34.55,40.4,34.4,39.45,7545030
ANDHRSUGAR,2006-01-10 00:00:00+05:30,39.95,41.0,38.6,39.65,6521315
ANDHRSUGAR,2006-01-12 00:00:00+05:30,39.2,42.6,38.4,41.25,4514555
ANDHRSUGAR,2006-01-13 00:00:00+05:30,41.6,43.6,41.4,41.65,3549935
ANDHRSUGAR,2006-01-16 00:00:00+05:30,42.05,43.0,41.2,42.7,3243910
ANDHRSUGAR,2006-01-17 00:00:00+05:30,43.2,44.55,42.4,42.75,3234835
ANDHRSUGAR,2006-01-18 00:00:00+05:30,42.8,43.0,41.6,42.4,1337955
ANDHRSUGAR,2006-01-19 00:00:00+05:30,42.95,48.55,42.95,46.9,10793460
ANDHRSUGAR,2006-01-20 00:00:00+05:30,48.95,50.8,47.1,47.45,11598850
ANDHRSUGAR,2006-01-23 00:00:00+05:30,47.4,48.9,46.6,47.1,3560320
ANDHRSUGAR,2006-01-24 00:00:00+05:30,47.85,48.8,46.45,47.5,2183245
ANDHRSUGAR,2006-01-25 00:00:00+05:30,47.95,47.95,43.1,43.5,2348905
ANDHRSUGAR,2006-01-27 00:00:00+05:30,44.4,46.75,42.65,43.8,3669440
ANDHRSUGAR,2006-01-30 00:00:00+05:30,44.15,44.5,41.2,41.9,2107505
ANDHRSUGAR,2006-01-31 00:00:00+05:30,42.2,43.4,41.4,41.8,2230480
ANDHRSUGAR,2006-02-01 00:00:00+05:30,42.1,42.65,40.0,40.8,1487285
ANDHRSUGAR,2006-02-02 00:00:00+05:30,41.2,44.7,40.05,43.25,2697095
ANDHRSUGAR,2006-02-03 00:00:00+05:30,43.65,45.75,43.3,44.45,4548115
ANDHRSUGAR,2006-02-06 00:00:00+05:30,44.8,45.0,43.55,43.85,1973890
ANDHRSUGAR,2006-02-07 00:00:00+05:30,44.3,45.7,42.5,45.15,3518075
ANDHRSUGAR,2006-02-08 00:00:00+05:30,45.2,45.2,43.45,43.8,2243855
ANDHRSUGAR,2006-02-10 00:00:00+05:30,44.0,45.0,43.2,44.6,1975265
ANDHRSUGAR,2006-02-13 00:00:00+05:30,44.0,44.6,43.6,43.85,989525
ANDHRSUGAR,2006-02-14 00:00:00+05:30,44.0,45.4,43.5,43.85,2116400
ANDHRSUGAR,2006-02-15 00:00:00+05:30,44.0,44.45,43.2,43.8,1048385
ANDHRSUGAR,2006-02-16 00:00:00+05:30,44.15,44.6,43.25,43.4,789995
ANDHRSUGAR,2006-02-17 00:00:00+05:30,43.4,43.8,41.4,41.65,682455
ANDHRSUGAR,2006-02-20 00:00:00+05:30,42.0,42.0,40.0,40.9,951030
ANDHRSUGAR,2006-02-21 00:00:00+05:30,41.0,42.7,41.0,42.05,1177845
ANDHRSUGAR,2006-02-22 00:00:00+05:30,42.1,42.45,41.0,41.25,658495
ANDHRSUGAR,2006-02-23 00:00:00+05:30,41.55,42.4,40.85,41.1,793785
ANDHRSUGAR,2006-02-24 00:00:00+05:30,41.4,41.6,40.7,41.05,613305
ANDHRSUGAR,2006-02-27 00:00:00+05:30,41.0,41.55,40.2,40.5,559100
ANDHRSUGAR,2006-02-28 00:00:00+05:30,40.9,41.3,39.2,40.6,543900
ANDHRSUGAR,2006-03-01 00:00:00+05:30,40.5,41.4,39.45,39.85,1091805
ANDHRSUGAR,2006-03-02 00:00:00+05:30,40.2,40.75,38.85,39.05,819490
ANDHRSUGAR,2006-03-03 00:00:00+05:30,39.45,39.65,38.2,38.3,491785
ANDHRSUGAR,2006-03-06 00:00:00+05:30,38.0,41.25,38.0,40.85,1420900
ANDHRSUGAR,2006-03-07 00:00:00+05:30,41.0,41.55,40.0,40.3,1020755
ANDHRSUGAR,2006-03-08 00:00:00+05:30,40.2,40.55,39.2,39.5,655990
ANDHRSUGAR,2006-03-09 00:00:00+05:30,39.0,39.7,38.4,39.3,982470
ANDHRSUGAR,2006-03-10 00:00:00+05:30,39.6,40.2,39.0,39.15,469355
ANDHRSUGAR,2006-03-13 00:00:00+05:30,39.7,42.2,39.4,41.7,1348880
ANDHRSUGAR,2006-03-14 00:00:00+05:30,42.15,42.3,39.6,39.75,683345
ANDHRSUGAR,2006-03-16 00:00:00+05:30,40.0,40.15,39.55,39.7,375585
ANDHRSUGAR,2006-03-17 00:00:00+05:30,40.1,40.1,39.05,39.55,339750
ANDHRSUGAR,2006-03-20 00:00:00+05:30,39.6,40.5,39.15,39.4,272070
ANDHRSUGAR,2006-03-21 00:00:00+05:30,39.55,41.4,38.8,39.3,652855
ANDHRSUGAR,2006-03-22 00:00:00+05:30,39.75,40.6,38.4,38.75,460460
ANDHRSUGAR,2006-03-23 00:00:00+05:30,39.55,39.6,38.5,38.6,261850
ANDHRSUGAR,2006-03-24 00:00:00+05:30,38.8,39.6,38.35,39.05,775485
ANDHRSUGAR,2006-03-27 00:00:00+05:30,39.4,40.35,39.3,40.05,400705
ANDHRSUGAR,2006-03-28 00:00:00+05:30,42.95,42.95,38.85,39.3,1092670
ANDHRSUGAR,2006-03-29 00:00:00+05:30,39.75,41.75,39.75,40.9,1919110
ANDHRSUGAR,2006-03-30 00:00:00+05:30,41.6,43.0,41.5,41.9,1572435
ANDHRSUGAR,2006-03-31 00:00:00+05:30,42.2,42.35,41.25,41.8,1074790
ANDHRSUGAR,2006-04-03 00:00:00+05:30,42.3,44.4,42.3,43.55,962940
ANDHRSUGAR,2006-04-04 00:00:00+05:30,44.4,48.4,44.4,47.85,4723130
ANDHRSUGAR,2006-04-05 00:00:00+05:30,47.85,48.4,45.8,47.25,1215760
ANDHRSUGAR,2006-04-07 00:00:00+05:30,47.75,47.75,45.05,45.55,1032685
ANDHRSUGAR,2006-04-10 00:00:00+05:30,45.6,46.45,43.6,45.6,848435
ANDHRSUGAR,2006-04-12 00:00:00+05:30,45.7,47.7,45.25,46.45,1255295
ANDHRSUGAR,2006-04-13 00:00:00+05:30,46.95,46.95,42.8,44.45,768195
ANDHRSUGAR,2006-04-17 00:00:00+05:30,45.4,45.4,44.4,45.05,305850
ANDHRSUGAR,2006-04-18 00:00:00+05:30,45.75,47.6,45.3,47.1,1134495
ANDHRSUGAR,2006-04-19 00:00:00+05:30,47.75,49.4,47.7,48.9,1572155
ANDHRSUGAR,2006-04-20 00:00:00+05:30,49.05,51.3,47.9,50.2,2003460
ANDHRSUGAR,2006-04-21 00:00:00+05:30,50.5,51.7,49.6,50.8,1489370
ANDHRSUGAR,2006-04-24 00:00:00+05:30,50.4,51.2,48.5,49.05,761820
ANDHRSUGAR,2006-04-25 00:00:00+05:30,49.25,49.9,47.7,47.9,606560
ANDHRSUGAR,2006-04-26 00:00:00+05:30,48.75,48.9,47.25,48.65,391080
ANDHRSUGAR,2006-04-27 00:00:00+05:30,48.8,49.55,48.0,48.15,265880
ANDHRSUGAR,2006-04-28 00:00:00+05:30,45.05,48.2,42.6,47.75,315900
ANDHRSUGAR,2006-05-02 00:00:00+05:30,49.0,49.0,46.2,46.6,509930
ANDHRSUGAR,2006-05-03 00:00:00+05:30,46.8,47.0,46.1,46.3,201785
ANDHRSUGAR,2006-05-04 00:00:00+05:30,46.2,46.8,45.2,45.6,247710
ANDHRSUGAR,2006-05-05 00:00:00+05:30,45.0,45.65,44.15,44.35,233125
ANDHRSUGAR,2006-05-08 00:00:00+05:30,44.9,45.1,43.7,43.95,205275
ANDHRSUGAR,2006-05-09 00:00:00+05:30,43.7,45.5,43.7,45.05,546655
ANDHRSUGAR,2006-05-10 00:00:00+05:30,45.8,46.8,44.8,46.5,500975
ANDHRSUGAR,2006-05-11 00:00:00+05:30,46.8,47.15,44.2,45.35,307535
ANDHRSUGAR,2006-05-12 00:00:00+05:30,44.05,45.15,43.1,44.45,206840
ANDHRSUGAR,2006-05-15 00:00:00+05:30,43.7,44.05,41.4,42.25,260940
ANDHRSUGAR,2006-05-16 00:00:00+05:30,42.0,42.0,38.4,41.25,241300
ANDHRSUGAR,2006-05-17 00:00:00+05:30,43.95,44.0,41.8,42.35,209535
ANDHRSUGAR,2006-05-18 00:00:00+05:30,42.35,42.35,38.6,38.9,216710
ANDHRSUGAR,2006-05-19 00:00:00+05:30,41.0,41.0,36.8,39.65,281425
ANDHRSUGAR,2006-05-22 00:00:00+05:30,40.0,40.0,32.0,35.75,228350
ANDHRSUGAR,2006-05-23 00:00:00+05:30,35.35,39.0,32.0,37.75,207210
ANDHRSUGAR,2006-05-24 00:00:00+05:30,38.0,39.3,36.0,36.2,175725
ANDHRSUGAR,2006-05-25 00:00:00+05:30,35.3,37.4,35.3,35.8,88700
ANDHRSUGAR,2006-05-26 00:00:00+05:30,36.3,38.0,35.6,36.0,118845
ANDHRSUGAR,2006-05-29 00:00:00+05:30,38.0,39.0,35.25,35.8,149870
ANDHRSUGAR,2006-05-30 00:00:00+05:30,36.2,36.6,35.05,35.35,120195
ANDHRSUGAR,2006-05-31 00:00:00+05:30,33.6,35.8,32.0,34.85,180115
ANDHRSUGAR,2006-06-01 00:00:00+05:30,36.8,36.8,32.8,33.1,73255
ANDHRSUGAR,2006-06-02 00:00:00+05:30,32.6,32.6,30.8,31.3,186080
ANDHRSUGAR,2006-06-05 00:00:00+05:30,34.85,34.85,31.3,32.1,182975
ANDHRSUGAR,2006-06-06 00:00:00+05:30,31.75,31.75,30.4,30.7,89180
ANDHRSUGAR,2006-06-07 00:00:00+05:30,30.4,30.8,26.8,27.3,202295
ANDHRSUGAR,2006-06-08 00:00:00+05:30,25.35,26.55,23.0,23.95,496155
ANDHRSUGAR,2006-06-09 00:00:00+05:30,26.4,27.4,23.6,27.1,296720
ANDHRSUGAR,2006-06-12 00:00:00+05:30,26.4,28.9,25.8,28.05,137730
ANDHRSUGAR,2006-06-13 00:00:00+05:30,27.6,27.6,24.5,25.1,153270
ANDHRSUGAR,2006-06-14 00:00:00+05:30,25.0,27.2,24.4,24.85,140565
ANDHRSUGAR,2006-06-15 00:00:00+05:30,25.65,26.5,25.25,26.2,143655
ANDHRSUGAR,2006-06-16 00:00:00+05:30,27.0,28.55,26.6,27.05,268385
ANDHRSUGAR,2006-06-19 00:00:00+05:30,27.0,27.35,26.3,26.6,250805
ANDHRSUGAR,2006-06-20 00:00:00+05:30,26.8,27.3,26.1,26.55,378055
ANDHRSUGAR,2006-06-21 00:00:00+05:30,26.4,27.4,26.4,27.2,364895
ANDHRSUGAR,2006-06-22 00:00:00+05:30,27.8,28.4,27.4,27.55,323945
ANDHRSUGAR,2006-06-23 00:00:00+05:30,27.8,27.8,26.5,26.65,237635
ANDHRSUGAR,2006-06-26 00:00:00+05:30,27.1,27.55,25.6,25.75,234885
ANDHRSUGAR,2006-06-27 00:00:00+05:30,25.6,26.2,25.0,25.55,133935
ANDHRSUGAR,2006-06-28 00:00:00+05:30,25.0,25.6,24.4,25.1,137790
ANDHRSUGAR,2006-06-29 00:00:00+05:30,25.1,25.75,25.0,25.15,100435
ANDHRSUGAR,2006-06-30 00:00:00+05:30,27.2,28.6,25.4,25.75,151980
ANDHRSUGAR,2006-07-03 00:00:00+05:30,26.1,26.1,24.6,24.8,285325
ANDHRSUGAR,2006-07-04 00:00:00+05:30,25.75,25.75,24.55,24.75,291325
ANDHRSUGAR,2006-07-05 00:00:00+05:30,24.6,25.2,24.4,24.8,347095
ANDHRSUGAR,2006-07-06 00:00:00+05:30,24.6,25.55,24.6,25.5,120585
ANDHRSUGAR,2006-07-07 00:00:00+05:30,25.6,26.4,25.4,25.75,217580
ANDHRSUGAR,2006-07-10 00:00:00+05:30,24.85,25.8,24.85,25.35,48135
ANDHRSUGAR,2006-07-11 00:00:00+05:30,25.5,26.5,25.5,26.15,170980
ANDHRSUGAR,2006-07-12 00:00:00+05:30,26.0,26.55,25.8,26.05,270755
ANDHRSUGAR,2006-07-13 00:00:00+05:30,26.5,26.9,26.05,26.4,154825
ANDHRSUGAR,2006-07-14 00:00:00+05:30,26.4,26.5,25.5,26.0,211655
ANDHRSUGAR,2006-07-17 00:00:00+05:30,26.05,26.35,26.0,26.0,83285
ANDHRSUGAR,2006-07-18 00:00:00+05:30,25.25,26.2,25.2,26.05,84010
ANDHRSUGAR,2006-07-19 00:00:00+05:30,26.0,26.2,24.8,25.05,240105
ANDHRSUGAR,2006-07-20 00:00:00+05:30,25.75,25.8,24.95,25.2,165750
ANDHRSUGAR,2006-07-21 00:00:00+05:30,25.2,25.35,24.6,24.8,66240
ANDHRSUGAR,2006-07-24 00:00:00+05:30,26.0,28.0,25.7,27.05,805205
ANDHRSUGAR,2006-07-25 00:00:00+05:30,28.4,28.4,27.0,27.3,310310
ANDHRSUGAR,2006-07-26 00:00:00+05:30,27.3,27.5,27.05,27.3,156920
ANDHRSUGAR,2006-07-27 00:00:00+05:30,27.7,28.2,27.4,28.0,218015
ANDHRSUGAR,2006-07-28 00:00:00+05:30,28.0,30.4,28.0,30.0,838050
ANDHRSUGAR,2006-07-31 00:00:00+05:30,30.0,30.9,28.5,29.1,537555
ANDHRSUGAR,2006-08-01 00:00:00+05:30,28.8,29.6,28.3,28.5,166585
ANDHRSUGAR,2006-08-02 00:00:00+05:30,28.85,29.2,28.6,28.8,158195
ANDHRSUGAR,2006-08-03 00:00:00+05:30,29.4,33.1,28.8,31.45,2289595
ANDHRSUGAR,2006-08-04 00:00:00+05:30,31.8,32.4,30.15,30.65,1518850
ANDHRSUGAR,2006-08-07 00:00:00+05:30,30.1,31.4,30.1,30.45,489275
ANDHRSUGAR,2006-08-08 00:00:00+05:30,30.8,30.95,29.65,29.85,1431770
ANDHRSUGAR,2006-08-09 00:00:00+05:30,30.15,31.55,29.4,30.7,1963290
ANDHRSUGAR,2006-08-10 00:00:00+05:30,30.7,32.3,30.6,31.7,1270955
ANDHRSUGAR,2006-08-11 00:00:00+05:30,31.95,32.2,31.0,31.3,521400
ANDHRSUGAR,2006-08-14 00:00:00+05:30,31.55,32.2,31.0,31.85,619515
ANDHRSUGAR,2006-08-16 00:00:00+05:30,30.8,32.0,30.8,30.95,460800
ANDHRSUGAR,2006-08-17 00:00:00+05:30,31.2,31.2,30.0,30.05,343840
ANDHRSUGAR,2006-08-18 00:00:00+05:30,30.35,32.0,29.6,31.1,776245
ANDHRSUGAR,2006-08-21 00:00:00+05:30,30.6,31.4,30.6,30.9,471285
ANDHRSUGAR,2006-08-22 00:00:00+05:30,31.15,31.15,30.4,30.55,417720
ANDHRSUGAR,2006-08-23 00:00:00+05:30,30.6,31.1,30.2,30.35,219800
ANDHRSUGAR,2006-08-24 00:00:00+05:30,29.0,31.0,29.0,30.8,221045
ANDHRSUGAR,2006-08-25 00:00:00+05:30,31.0,31.2,30.65,31.0,274590
ANDHRSUGAR,2006-08-28 00:00:00+05:30,30.9,31.4,30.9,31.25,272080
ANDHRSUGAR,2006-08-29 00:00:00+05:30,31.4,31.75,31.0,31.05,564245
ANDHRSUGAR,2006-08-30 00:00:00+05:30,31.1,31.35,30.9,31.05,181200
ANDHRSUGAR,2006-08-31 00:00:00+05:30,30.9,31.3,30.8,30.85,178960
ANDHRSUGAR,2006-09-01 00:00:00+05:30,31.0,31.95,30.7,31.85,535010
ANDHRSUGAR,2006-09-04 00:00:00+05:30,31.85,32.8,31.7,32.3,541135
ANDHRSUGAR,2006-09-05 00:00:00+05:30,32.3,32.6,31.75,31.9,362775
ANDHRSUGAR,2006-09-06 00:00:00+05:30,32.2,32.5,31.8,32.0,279680
ANDHRSUGAR,2006-09-07 00:00:00+05:30,31.8,32.4,31.6,31.95,174920
ANDHRSUGAR,2006-09-08 00:00:00+05:30,32.0,32.35,32.0,32.05,179890
ANDHRSUGAR,2006-09-11 00:00:00+05:30,32.3,32.55,31.6,31.85,302985
ANDHRSUGAR,2006-09-12 00:00:00+05:30,31.2,31.8,31.2,31.65,254615
ANDHRSUGAR,2006-09-13 00:00:00+05:30,32.0,32.7,32.0,32.2,746595
ANDHRSUGAR,2006-09-14 00:00:00+05:30,31.6,31.8,30.3,30.35,419680
ANDHRSUGAR,2006-09-15 00:00:00+05:30,30.2,30.35,29.65,29.8,158605
ANDHRSUGAR,2006-09-18 00:00:00+05:30,29.35,30.1,28.9,29.4,172695
ANDHRSUGAR,2006-09-19 00:00:00+05:30,29.4,29.75,28.5,28.85,230000
ANDHRSUGAR,2006-09-20 00:00:00+05:30,28.7,28.9,28.2,28.55,103900
ANDHRSUGAR,2006-09-21 00:00:00+05:30,28.8,28.8,26.6,26.85,469650
ANDHRSUGAR,2006-09-22 00:00:00+05:30,27.1,27.9,27.1,27.45,655340
ANDHRSUGAR,2006-09-25 00:00:00+05:30,27.6,27.95,26.85,27.05,733525
ANDHRSUGAR,2006-09-26 00:00:00+05:30,27.1,27.8,27.0,27.2,354250
ANDHRSUGAR,2006-09-27 00:00:00+05:30,27.5,27.5,26.85,26.95,226960
ANDHRSUGAR,2006-09-28 00:00:00+05:30,27.05,28.35,26.95,28.05,2085790
ANDHRSUGAR,2006-09-29 00:00:00+05:30,28.35,28.55,27.2,27.3,792280
ANDHRSUGAR,2006-10-03 00:00:00+05:30,27.4,27.6,27.0,27.15,236540
ANDHRSUGAR,2006-10-04 00:00:00+05:30,27.35,27.8,27.0,27.35,367480
ANDHRSUGAR,2006-10-05 00:00:00+05:30,27.75,27.8,27.2,27.35,205830
ANDHRSUGAR,2006-10-06 00:00:00+05:30,27.4,27.4,27.2,27.25,145205
ANDHRSUGAR,2006-10-09 00:00:00+05:30,27.2,27.65,27.1,27.35,184280
ANDHRSUGAR,2006-10-10 00:00:00+05:30,27.55,27.8,27.3,27.45,220565
ANDHRSUGAR,2006-10-11 00:00:00+05:30,27.8,27.95,27.45,27.55,289525
ANDHRSUGAR,2006-10-12 00:00:00+05:30,27.55,27.8,27.45,27.6,68945
ANDHRSUGAR,2006-10-13 00:00:00+05:30,27.85,29.0,27.25,27.8,202825
ANDHRSUGAR,2006-10-16 00:00:00+05:30,27.8,27.9,27.45,27.55,94765
ANDHRSUGAR,2006-10-17 00:00:00+05:30,27.5,28.1,27.45,27.65,124610
ANDHRSUGAR,2006-10-18 00:00:00+05:30,27.7,28.4,27.7,28.25,398970
ANDHRSUGAR,2006-10-19 00:00:00+05:30,28.6,28.7,27.6,27.7,188830
ANDHRSUGAR,2006-10-20 00:00:00+05:30,27.8,28.4,27.8,28.05,176265
ANDHRSUGAR,2006-10-23 00:00:00+05:30,28.7,28.8,27.65,28.45,176840
ANDHRSUGAR,2006-10-26 00:00:00+05:30,28.8,28.8,28.2,28.45,137560
ANDHRSUGAR,2006-10-27 00:00:00+05:30,28.4,28.6,28.2,28.25,136540
ANDHRSUGAR,2006-10-30 00:00:00+05:30,27.6,28.2,27.45,27.55,109280
ANDHRSUGAR,2006-10-31 00:00:00+05:30,27.4,27.65,27.0,27.1,100755
ANDHRSUGAR,2006-11-01 00:00:00+05:30,27.1,27.55,26.85,27.05,250250
ANDHRSUGAR,2006-11-02 00:00:00+05:30,27.1,27.35,26.9,27.0,80005
ANDHRSUGAR,2006-11-03 00:00:00+05:30,27.15,27.15,26.8,27.0,106335
ANDHRSUGAR,2006-11-06 00:00:00+05:30,27.05,27.3,27.0,27.2,122645
ANDHRSUGAR,2006-11-07 00:00:00+05:30,26.8,27.35,26.8,27.2,148895
ANDHRSUGAR,2006-11-08 00:00:00+05:30,26.95,27.3,26.45,26.95,169670
ANDHRSUGAR,2006-11-09 00:00:00+05:30,27.6,27.95,26.8,26.95,167405
ANDHRSUGAR,2006-11-10 00:00:00+05:30,27.3,27.3,26.85,27.0,436590
ANDHRSUGAR,2006-11-13 00:00:00+05:30,26.85,27.1,26.8,27.0,113295
ANDHRSUGAR,2006-11-14 00:00:00+05:30,27.1,27.1,26.8,26.95,186770
ANDHRSUGAR,2006-11-15 00:00:00+05:30,26.9,26.95,26.4,26.85,159985
ANDHRSUGAR,2006-11-16 00:00:00+05:30,26.85,26.85,26.0,26.3,159040
ANDHRSUGAR,2006-11-17 00:00:00+05:30,26.8,27.55,25.4,25.5,186850
ANDHRSUGAR,2006-11-20 00:00:00+05:30,25.0,26.4,24.7,25.4,249865
ANDHRSUGAR,2006-11-21 00:00:00+05:30,25.8,25.95,25.45,25.85,81075
ANDHRSUGAR,2006-11-22 00:00:00+05:30,25.75,25.9,25.0,25.3,102945
ANDHRSUGAR,2006-11-23 00:00:00+05:30,25.25,25.75,24.8,24.9,577630
ANDHRSUGAR,2006-11-24 00:00:00+05:30,24.75,25.4,24.75,25.3,110395
ANDHRSUGAR,2006-11-27 00:00:00+05:30,25.05,25.25,24.9,25.0,78440
ANDHRSUGAR,2006-11-28 00:00:00+05:30,24.75,25.4,24.65,24.8,66905
ANDHRSUGAR,2006-11-29 00:00:00+05:30,25.2,25.3,24.4,24.55,89850
ANDHRSUGAR,2006-11-30 00:00:00+05:30,24.5,25.0,24.1,24.45,113490
ANDHRSUGAR,2006-12-01 00:00:00+05:30,24.35,25.0,24.25,24.8,124820
ANDHRSUGAR,2006-12-04 00:00:00+05:30,24.95,27.8,24.6,26.4,613715
ANDHRSUGAR,2006-12-05 00:00:00+05:30,26.55,26.95,25.7,25.85,364800
ANDHRSUGAR,2006-12-06 00:00:00+05:30,26.0,26.4,25.0,25.15,207500
ANDHRSUGAR,2006-12-07 00:00:00+05:30,25.0,25.3,24.6,24.8,122345
ANDHRSUGAR,2006-12-08 00:00:00+05:30,24.95,25.8,24.7,24.85,144925
ANDHRSUGAR,2006-12-11 00:00:00+05:30,24.8,25.1,24.25,24.55,102520
ANDHRSUGAR,2006-12-12 00:00:00+05:30,24.2,24.75,23.1,23.25,137870
ANDHRSUGAR,2006-12-13 00:00:00+05:30,23.0,24.1,23.0,23.95,180760
ANDHRSUGAR,2006-12-14 00:00:00+05:30,24.0,24.9,24.0,24.25,121260
ANDHRSUGAR,2006-12-15 00:00:00+05:30,24.1,24.75,24.0,24.2,112125
ANDHRSUGAR,2006-12-18 00:00:00+05:30,24.15,24.5,23.65,24.25,90585
ANDHRSUGAR,2006-12-19 00:00:00+05:30,25.7,26.0,23.7,23.85,403815
ANDHRSUGAR,2006-12-20 00:00:00+05:30,24.7,24.8,23.9,24.0,101705
ANDHRSUGAR,2006-12-21 00:00:00+05:30,24.0,24.1,23.75,23.85,46035
ANDHRSUGAR,2006-12-22 00:00:00+05:30,23.8,24.1,23.65,24.0,94095
ANDHRSUGAR,2006-12-26 00:00:00+05:30,23.45,24.2,23.4,23.55,88475
ANDHRSUGAR,2006-12-27 00:00:00+05:30,23.95,23.95,19.05,23.45,131135
ANDHRSUGAR,2006-12-28 00:00:00+05:30,23.9,24.1,23.4,23.75,141290
ANDHRSUGAR,2006-12-29 00:00:00+05:30,23.7,23.7,22.95,23.05,213770
ANDHRSUGAR,2007-01-02 00:00:00+05:30,23.15,23.6,23.0,23.4,75390
ANDHRSUGAR,2007-01-03 00:00:00+05:30,23.65,23.7,23.2,23.25,65805
ANDHRSUGAR,2007-01-04 00:00:00+05:30,23.0,23.9,23.0,23.75,159790
ANDHRSUGAR,2007-01-05 00:00:00+05:30,23.4,24.4,23.4,23.7,108035
ANDHRSUGAR,2007-01-08 00:00:00+05:30,23.95,24.2,23.75,23.85,114480
ANDHRSUGAR,2007-01-09 00:00:00+05:30,24.2,24.3,23.75,24.0,98215
ANDHRSUGAR,2007-01-10 00:00:00+05:30,23.55,24.0,23.05,23.35,128950
ANDHRSUGAR,2007-01-11 00:00:00+05:30,24.0,24.4,22.6,22.85,407365
ANDHRSUGAR,2007-01-12 00:00:00+05:30,23.9,24.8,22.65,22.75,929240
ANDHRSUGAR,2007-01-15 00:00:00+05:30,23.35,23.35,22.2,22.35,293495
ANDHRSUGAR,2007-01-16 00:00:00+05:30,22.6,22.9,22.05,22.25,144600
ANDHRSUGAR,2007-01-17 00:00:00+05:30,22.4,23.0,21.8,22.8,191260
ANDHRSUGAR,2007-01-18 00:00:00+05:30,21.8,23.0,21.25,22.55,246570
ANDHRSUGAR,2007-01-19 00:00:00+05:30,22.6,22.8,21.5,21.6,291315
ANDHRSUGAR,2007-01-22 00:00:00+05:30,21.9,22.15,21.7,22.05,96235
ANDHRSUGAR,2007-01-23 00:00:00+05:30,23.0,23.0,21.6,21.7,71515
ANDHRSUGAR,2007-01-24 00:00:00+05:30,22.0,22.5,21.2,21.85,125795
ANDHRSUGAR,2007-01-25 00:00:00+05:30,22.6,22.6,21.8,21.9,109820
ANDHRSUGAR,2007-01-29 00:00:00+05:30,22.35,23.2,22.2,22.4,370360
ANDHRSUGAR,2007-01-31 00:00:00+05:30,22.4,22.7,21.7,21.85,200950
ANDHRSUGAR,2007-02-01 00:00:00+05:30,22.0,22.0,21.4,21.55,185605
ANDHRSUGAR,2007-02-02 00:00:00+05:30,21.6,21.95,21.3,21.4,174120
ANDHRSUGAR,2007-02-05 00:00:00+05:30,21.6,21.8,20.85,21.1,198985
ANDHRSUGAR,2007-02-06 00:00:00+05:30,21.8,21.8,20.9,20.95,270700
ANDHRSUGAR,2007-02-07 00:00:00+05:30,20.95,21.3,20.9,21.0,156490
ANDHRSUGAR,2007-02-08 00:00:00+05:30,21.4,21.4,20.75,21.0,194330
ANDHRSUGAR,2007-02-09 00:00:00+05:30,21.3,21.3,20.6,20.7,106295
ANDHRSUGAR,2007-02-12 00:00:00+05:30,20.6,20.6,19.2,19.5,402045
ANDHRSUGAR,2007-02-13 00:00:00+05:30,19.55,20.0,19.4,19.9,172850
ANDHRSUGAR,2007-02-14 00:00:00+05:30,19.4,20.0,19.4,19.65,110335
ANDHRSUGAR,2007-02-15 00:00:00+05:30,19.9,20.65,19.7,20.0,473485
ANDHRSUGAR,2007-02-19 00:00:00+05:30,20.2,20.9,19.75,19.9,233175
ANDHRSUGAR,2007-02-20 00:00:00+05:30,19.8,20.2,19.5,19.6,112240
ANDHRSUGAR,2007-02-21 00:00:00+05:30,19.6,19.9,19.55,19.7,76160
ANDHRSUGAR,2007-02-22 00:00:00+05:30,19.9,19.9,19.25,19.35,65530
ANDHRSUGAR,2007-02-23 00:00:00+05:30,19.4,19.5,18.7,19.0,137415
ANDHRSUGAR,2007-02-26 00:00:00+05:30,18.8,19.45,18.6,19.3,147115
ANDHRSUGAR,2007-02-27 00:00:00+05:30,19.35,19.7,19.2,19.45,61375
ANDHRSUGAR,2007-02-28 00:00:00+05:30,19.0,19.7,18.8,19.1,137350
ANDHRSUGAR,2007-03-01 00:00:00+05:30,19.1,19.4,19.0,19.15,38440
ANDHRSUGAR,2007-03-02 00:00:00+05:30,19.35,20.4,19.0,19.15,250500
ANDHRSUGAR,2007-03-05 00:00:00+05:30,18.4,19.25,17.5,17.7,196160
ANDHRSUGAR,2007-03-06 00:00:00+05:30,18.35,18.65,17.7,18.1,89855
ANDHRSUGAR,2007-03-07 00:00:00+05:30,18.4,18.55,17.8,17.9,71350
ANDHRSUGAR,2007-03-08 00:00:00+05:30,18.3,18.3,17.7,18.1,67830
ANDHRSUGAR,2007-03-09 00:00:00+05:30,18.05,18.35,18.0,18.1,52590
ANDHRSUGAR,2007-03-12 00:00:00+05:30,18.3,18.4,18.0,18.25,81570
ANDHRSUGAR,2007-03-13 00:00:00+05:30,18.8,19.35,18.4,19.2,136970
ANDHRSUGAR,2007-03-14 00:00:00+05:30,19.0,19.0,18.0,18.0,202990
ANDHRSUGAR,2007-03-15 00:00:00+05:30,18.4,18.65,17.2,17.35,569545
ANDHRSUGAR,2007-03-16 00:00:00+05:30,17.6,17.6,16.9,17.0,208815
ANDHRSUGAR,2007-03-19 00:00:00+05:30,17.15,17.2,16.4,16.6,332685
ANDHRSUGAR,2007-03-20 00:00:00+05:30,16.9,16.9,16.5,16.55,168945
ANDHRSUGAR,2007-03-21 00:00:00+05:30,16.4,16.6,16.05,16.35,110230
ANDHRSUGAR,2007-03-22 00:00:00+05:30,16.45,16.55,16.25,16.35,192175
ANDHRSUGAR,2007-03-23 00:00:00+05:30,19.5,19.5,16.2,16.55,320785
ANDHRSUGAR,2007-03-26 00:00:00+05:30,16.9,17.55,16.6,17.15,335530
ANDHRSUGAR,2007-03-28 00:00:00+05:30,17.4,17.6,16.8,16.9,1060265
ANDHRSUGAR,2007-03-29 00:00:00+05:30,17.6,17.6,16.3,16.85,493320
ANDHRSUGAR,2007-03-30 00:00:00+05:30,17.5,17.5,16.75,17.15,402845
ANDHRSUGAR,2007-04-02 00:00:00+05:30,17.1,18.0,16.8,17.25,669355
ANDHRSUGAR,2007-04-03 00:00:00+05:30,17.6,17.6,16.9,17.4,180875
ANDHRSUGAR,2007-04-04 00:00:00+05:30,17.6,18.2,17.25,17.95,796595
ANDHRSUGAR,2007-04-05 00:00:00+05:30,18.0,18.7,17.9,18.05,653035
ANDHRSUGAR,2007-04-09 00:00:00+05:30,16.7,18.4,16.7,17.75,183660
ANDHRSUGAR,2007-04-10 00:00:00+05:30,18.0,18.2,17.6,17.85,214175
ANDHRSUGAR,2007-04-11 00:00:00+05:30,18.15,18.2,17.6,17.7,202425
ANDHRSUGAR,2007-04-12 00:00:00+05:30,17.8,18.0,17.4,17.75,108670
ANDHRSUGAR,2007-04-13 00:00:00+05:30,17.75,18.0,17.5,17.9,154240
ANDHRSUGAR,2007-04-16 00:00:00+05:30,17.8,18.2,17.65,17.9,118750
ANDHRSUGAR,2007-04-17 00:00:00+05:30,17.8,18.0,17.7,17.8,96605
ANDHRSUGAR,2007-04-18 00:00:00+05:30,17.75,18.1,17.75,17.85,89505
ANDHRSUGAR,2007-04-19 00:00:00+05:30,17.8,18.1,17.25,17.95,87890
ANDHRSUGAR,2007-04-20 00:00:00+05:30,17.9,18.15,17.65,17.75,99875
ANDHRSUGAR,2007-04-23 00:00:00+05:30,18.0,18.2,17.7,17.8,107245
ANDHRSUGAR,2007-04-24 00:00:00+05:30,18.0,18.0,17.5,17.65,101985
ANDHRSUGAR,2007-04-25 00:00:00+05:30,17.8,18.0,17.55,17.7,107450
ANDHRSUGAR,2007-04-26 00:00:00+05:30,17.8,18.2,17.8,17.85,145905
ANDHRSUGAR,2007-04-27 00:00:00+05:30,17.9,18.8,17.6,18.5,176165
ANDHRSUGAR,2007-04-30 00:00:00+05:30,19.0,19.4,18.8,19.1,373235
ANDHRSUGAR,2007-05-03 00:00:00+05:30,19.3,19.9,19.3,19.35,262570
ANDHRSUGAR,2007-05-04 00:00:00+05:30,19.55,19.6,19.1,19.15,64595
ANDHRSUGAR,2007-05-07 00:00:00+05:30,19.35,19.5,19.05,19.1,80495
ANDHRSUGAR,2007-05-08 00:00:00+05:30,19.2,19.25,18.2,18.3,163495
ANDHRSUGAR,2007-05-09 00:00:00+05:30,18.25,18.25,18.05,18.1,43530
ANDHRSUGAR,2007-05-10 00:00:00+05:30,18.2,18.4,18.1,18.3,47015
ANDHRSUGAR,2007-05-11 00:00:00+05:30,18.0,19.25,17.3,18.95,167635
ANDHRSUGAR,2007-05-14 00:00:00+05:30,19.35,19.35,18.75,18.85,407520
ANDHRSUGAR,2007-05-15 00:00:00+05:30,18.85,19.0,18.45,18.7,62580
ANDHRSUGAR,2007-05-16 00:00:00+05:30,19.0,19.0,18.6,18.75,42905
ANDHRSUGAR,2007-05-17 00:00:00+05:30,18.8,19.0,18.6,18.75,51405
ANDHRSUGAR,2007-05-18 00:00:00+05:30,21.6,21.6,18.5,18.75,61965
ANDHRSUGAR,2007-05-21 00:00:00+05:30,18.85,19.4,18.85,19.2,75165
ANDHRSUGAR,2007-05-22 00:00:00+05:30,19.95,19.95,18.85,18.85,177295
ANDHRSUGAR,2007-05-23 00:00:00+05:30,19.2,19.2,18.65,18.7,66150
ANDHRSUGAR,2007-05-24 00:00:00+05:30,18.6,18.8,18.6,18.6,36755
ANDHRSUGAR,2007-05-25 00:00:00+05:30,18.5,18.7,18.4,18.55,33205
ANDHRSUGAR,2007-05-28 00:00:00+05:30,16.55,19.2,16.55,18.45,64650
ANDHRSUGAR,2007-05-29 00:00:00+05:30,18.45,18.7,18.2,18.45,76040
ANDHRSUGAR,2007-05-30 00:00:00+05:30,18.4,18.5,18.3,18.4,42650
ANDHRSUGAR,2007-05-31 00:00:00+05:30,18.4,18.75,18.3,18.45,53325
ANDHRSUGAR,2007-06-01 00:00:00+05:30,18.5,18.7,18.35,18.55,176695
ANDHRSUGAR,2007-06-04 00:00:00+05:30,18.2,18.5,18.2,18.35,26685
ANDHRSUGAR,2007-06-05 00:00:00+05:30,18.2,18.55,18.2,18.45,39355
ANDHRSUGAR,2007-06-06 00:00:00+05:30,18.4,18.4,18.15,18.25,54790
ANDHRSUGAR,2007-06-07 00:00:00+05:30,18.25,18.4,18.2,18.25,28135
ANDHRSUGAR,2007-06-08 00:00:00+05:30,18.05,18.6,17.1,18.45,48145
ANDHRSUGAR,2007-06-11 00:00:00+05:30,19.6,19.6,18.2,18.35,92255
ANDHRSUGAR,2007-06-12 00:00:00+05:30,18.25,18.25,18.05,18.15,47425
ANDHRSUGAR,2007-06-13 00:00:00+05:30,18.05,18.35,18.05,18.05,40300
ANDHRSUGAR,2007-06-14 00:00:00+05:30,18.2,18.35,18.1,18.3,30475
ANDHRSUGAR,2007-06-15 00:00:00+05:30,18.2,18.5,18.1,18.4,47315
ANDHRSUGAR,2007-06-18 00:00:00+05:30,18.55,18.75,18.1,18.6,67245
ANDHRSUGAR,2007-06-19 00:00:00+05:30,18.1,18.7,18.1,18.65,69620
ANDHRSUGAR,2007-06-20 00:00:00+05:30,18.6,18.75,18.4,18.55,47785
ANDHRSUGAR,2007-06-21 00:00:00+05:30,18.6,18.75,18.4,18.5,49550
ANDHRSUGAR,2007-06-22 00:00:00+05:30,18.5,18.65,18.4,18.5,38750
ANDHRSUGAR,2007-06-25 00:00:00+05:30,18.75,18.75,18.4,18.45,28705
ANDHRSUGAR,2007-06-26 00:00:00+05:30,18.45,18.8,18.45,18.7,33430
ANDHRSUGAR,2007-06-27 00:00:00+05:30,19.0,19.0,18.4,18.7,38675
ANDHRSUGAR,2007-06-28 00:00:00+05:30,18.5,18.8,18.5,18.65,46625
ANDHRSUGAR,2007-06-29 00:00:00+05:30,18.7,20.35,18.5,19.6,689595
ANDHRSUGAR,2007-07-02 00:00:00+05:30,19.7,19.8,19.1,19.2,145135
ANDHRSUGAR,2007-07-03 00:00:00+05:30,19.4,19.5,19.0,19.2,66715
ANDHRSUGAR,2007-07-04 00:00:00+05:30,19.0,20.4,19.0,19.55,813015
ANDHRSUGAR,2007-07-05 00:00:00+05:30,19.4,19.9,18.8,19.05,76795
ANDHRSUGAR,2007-07-06 00:00:00+05:30,19.3,19.5,19.0,19.05,66540
ANDHRSUGAR,2007-07-09 00:00:00+05:30,19.05,19.4,19.05,19.25,67210
ANDHRSUGAR,2007-07-10 00:00:00+05:30,19.1,19.3,18.9,18.95,49395
ANDHRSUGAR,2007-07-11 00:00:00+05:30,19.0,19.0,18.8,18.85,45195
ANDHRSUGAR,2007-07-12 00:00:00+05:30,19.2,19.3,18.9,19.2,92715
ANDHRSUGAR,2007-07-13 00:00:00+05:30,19.15,19.3,18.9,19.0,78245
ANDHRSUGAR,2007-07-16 00:00:00+05:30,18.8,19.1,18.8,18.95,27745
ANDHRSUGAR,2007-07-17 00:00:00+05:30,19.2,19.55,18.95,19.0,83170
ANDHRSUGAR,2007-07-18 00:00:00+05:30,19.0,19.35,18.65,19.0,126820
ANDHRSUGAR,2007-07-19 00:00:00+05:30,19.1,19.1,18.8,19.1,51855
ANDHRSUGAR,2007-07-20 00:00:00+05:30,19.05,19.15,18.85,18.9,67285
ANDHRSUGAR,2007-07-23 00:00:00+05:30,19.2,19.2,18.8,18.85,53920
ANDHRSUGAR,2007-07-24 00:00:00+05:30,19.0,19.15,18.85,18.85,41780
ANDHRSUGAR,2007-07-25 00:00:00+05:30,18.85,18.85,18.2,18.35,113620
ANDHRSUGAR,2007-07-26 00:00:00+05:30,18.45,19.0,18.4,18.65,76530
ANDHRSUGAR,2007-07-27 00:00:00+05:30,22.4,22.4,18.6,18.9,173150
ANDHRSUGAR,2007-07-30 00:00:00+05:30,18.4,18.4,16.35,17.4,369275
ANDHRSUGAR,2007-07-31 00:00:00+05:30,17.5,17.8,17.1,17.2,239250
ANDHRSUGAR,2007-08-01 00:00:00+05:30,19.0,19.0,16.7,17.0,184765
ANDHRSUGAR,2007-08-02 00:00:00+05:30,17.0,17.0,16.7,16.7,64620
ANDHRSUGAR,2007-08-03 00:00:00+05:30,16.7,16.8,16.2,16.75,62835
ANDHRSUGAR,2007-08-06 00:00:00+05:30,16.75,16.8,16.4,16.6,86230
ANDHRSUGAR,2007-08-07 00:00:00+05:30,17.0,17.0,16.5,16.55,64540
ANDHRSUGAR,2007-08-08 00:00:00+05:30,16.8,17.6,16.8,17.4,197415
ANDHRSUGAR,2007-08-09 00:00:00+05:30,17.4,17.8,17.2,17.35,66320
ANDHRSUGAR,2007-08-10 00:00:00+05:30,17.35,17.35,16.85,17.1,109995
ANDHRSUGAR,2007-08-13 00:00:00+05:30,17.25,17.25,17.0,17.1,54050
ANDHRSUGAR,2007-08-14 00:00:00+05:30,18.0,18.0,16.85,17.4,147465
ANDHRSUGAR,2007-08-16 00:00:00+05:30,16.85,17.6,16.85,17.2,190215
ANDHRSUGAR,2007-08-17 00:00:00+05:30,17.25,17.4,17.0,17.2,89670
ANDHRSUGAR,2007-08-20 00:00:00+05:30,17.5,17.6,17.2,17.25,65760
ANDHRSUGAR,2007-08-21 00:00:00+05:30,17.6,17.6,16.8,16.95,68410
ANDHRSUGAR,2007-08-22 00:00:00+05:30,16.95,17.15,16.7,16.8,39590
ANDHRSUGAR,2007-08-23 00:00:00+05:30,17.0,17.2,16.7,16.75,68590
ANDHRSUGAR,2007-08-24 00:00:00+05:30,16.75,17.0,16.75,16.95,44170
ANDHRSUGAR,2007-08-27 00:00:00+05:30,17.0,17.2,16.8,17.05,31930
ANDHRSUGAR,2007-08-28 00:00:00+05:30,17.15,17.4,17.1,17.2,99960
ANDHRSUGAR,2007-08-29 00:00:00+05:30,17.2,18.7,17.1,18.45,337565
ANDHRSUGAR,2007-08-30 00:00:00+05:30,18.7,19.35,18.15,18.35,455440
ANDHRSUGAR,2007-08-31 00:00:00+05:30,18.6,18.9,17.9,18.0,119295
ANDHRSUGAR,2007-09-03 00:00:00+05:30,18.6,18.6,17.95,18.0,105755
ANDHRSUGAR,2007-09-04 00:00:00+05:30,18.2,18.2,17.8,18.0,82250
ANDHRSUGAR,2007-09-05 00:00:00+05:30,18.1,18.3,17.8,17.9,477125
ANDHRSUGAR,2007-09-06 00:00:00+05:30,18.05,18.5,18.0,18.45,165585
ANDHRSUGAR,2007-09-07 00:00:00+05:30,18.7,18.9,18.4,18.8,285450
ANDHRSUGAR,2007-09-10 00:00:00+05:30,18.55,19.2,18.55,19.1,173655
ANDHRSUGAR,2007-09-11 00:00:00+05:30,18.95,19.4,18.9,19.1,173030
ANDHRSUGAR,2007-09-12 00:00:00+05:30,19.15,19.8,19.05,19.5,315355
ANDHRSUGAR,2007-09-13 00:00:00+05:30,19.5,19.9,19.2,19.55,161125
ANDHRSUGAR,2007-09-14 00:00:00+05:30,19.9,19.9,19.45,19.55,295535
ANDHRSUGAR,2007-09-17 00:00:00+05:30,19.9,21.4,19.2,19.75,468370
ANDHRSUGAR,2007-09-18 00:00:00+05:30,19.0,19.0,18.1,18.15,384905
ANDHRSUGAR,2007-09-19 00:00:00+05:30,19.0,21.6,17.85,21.0,6481025
ANDHRSUGAR,2007-09-20 00:00:00+05:30,21.2,21.2,19.05,19.25,2675780
ANDHRSUGAR,2007-09-21 00:00:00+05:30,19.0,19.75,18.7,18.95,1109665
ANDHRSUGAR,2007-09-24 00:00:00+05:30,18.8,19.1,18.4,18.55,308585
ANDHRSUGAR,2007-09-25 00:00:00+05:30,18.05,18.9,18.05,18.5,449850
ANDHRSUGAR,2007-09-26 00:00:00+05:30,19.0,19.2,18.5,18.7,451670
ANDHRSUGAR,2007-09-27 00:00:00+05:30,18.7,18.8,18.25,18.3,172730
ANDHRSUGAR,2007-09-28 00:00:00+05:30,19.1,19.1,18.2,18.4,287145
ANDHRSUGAR,2007-10-01 00:00:00+05:30,18.2,18.8,17.6,17.9,973840
ANDHRSUGAR,2007-10-03 00:00:00+05:30,18.15,18.35,17.55,17.8,186960
ANDHRSUGAR,2007-10-04 00:00:00+05:30,17.95,18.15,17.6,17.7,116800
ANDHRSUGAR,2007-10-05 00:00:00+05:30,17.75,17.9,17.2,17.3,170920
ANDHRSUGAR,2007-10-08 00:00:00+05:30,17.5,17.5,16.35,16.5,196915
ANDHRSUGAR,2007-10-09 00:00:00+05:30,17.6,17.6,16.2,16.7,281905
ANDHRSUGAR,2007-10-10 00:00:00+05:30,17.8,19.35,17.4,17.45,923660
ANDHRSUGAR,2007-10-11 00:00:00+05:30,16.6,17.75,16.6,17.4,143600
ANDHRSUGAR,2007-10-12 00:00:00+05:30,17.4,17.6,16.8,17.0,164815
ANDHRSUGAR,2007-10-15 00:00:00+05:30,17.1,17.25,17.0,17.1,84305
ANDHRSUGAR,2007-10-16 00:00:00+05:30,17.0,17.6,16.9,17.25,92595
ANDHRSUGAR,2007-10-17 00:00:00+05:30,16.0,17.2,15.6,16.85,66820
ANDHRSUGAR,2007-10-18 00:00:00+05:30,18.0,18.2,16.4,16.6,417150
ANDHRSUGAR,2007-10-19 00:00:00+05:30,17.2,17.2,16.0,16.45,229800
ANDHRSUGAR,2007-10-22 00:00:00+05:30,15.8,16.5,15.5,16.2,86755
ANDHRSUGAR,2007-10-23 00:00:00+05:30,18.0,18.0,16.3,16.45,173005
ANDHRSUGAR,2007-10-24 00:00:00+05:30,16.6,16.8,16.4,16.45,106265
ANDHRSUGAR,2007-10-25 00:00:00+05:30,16.2,17.15,16.2,16.8,152400
ANDHRSUGAR,2007-10-26 00:00:00+05:30,20.2,20.2,16.7,16.85,204485
ANDHRSUGAR,2007-10-29 00:00:00+05:30,16.85,18.0,16.85,17.8,465100
ANDHRSUGAR,2007-10-30 00:00:00+05:30,18.0,18.35,17.3,17.35,323065
ANDHRSUGAR,2007-10-31 00:00:00+05:30,16.65,17.95,16.65,16.95,129010
ANDHRSUGAR,2007-11-01 00:00:00+05:30,16.7,17.15,16.5,16.85,90455
ANDHRSUGAR,2007-11-02 00:00:00+05:30,17.6,18.0,16.3,16.45,227020
ANDHRSUGAR,2007-11-05 00:00:00+05:30,16.4,16.8,16.4,16.5,58280
ANDHRSUGAR,2007-11-06 00:00:00+05:30,16.6,16.8,16.05,16.15,157575
ANDHRSUGAR,2007-11-07 00:00:00+05:30,16.05,17.0,16.05,16.7,137260
ANDHRSUGAR,2007-11-08 00:00:00+05:30,16.7,17.0,16.4,16.55,115835
ANDHRSUGAR,2007-11-09 00:00:00+05:30,16.75,16.8,16.2,16.6,16070
ANDHRSUGAR,2007-11-12 00:00:00+05:30,16.1,17.0,16.1,16.7,141345
ANDHRSUGAR,2007-11-13 00:00:00+05:30,16.4,17.0,16.4,16.6,101435
ANDHRSUGAR,2007-11-14 00:00:00+05:30,16.5,17.55,16.5,17.2,280835
ANDHRSUGAR,2007-11-15 00:00:00+05:30,17.2,17.85,16.7,17.3,403420
ANDHRSUGAR,2007-11-16 00:00:00+05:30,17.4,18.5,17.1,17.85,351655
ANDHRSUGAR,2007-11-19 00:00:00+05:30,18.6,19.0,18.0,18.6,416810
ANDHRSUGAR,2007-11-20 00:00:00+05:30,18.9,19.2,18.6,18.7,508710
ANDHRSUGAR,2007-11-21 00:00:00+05:30,18.6,19.2,18.4,18.45,472930
ANDHRSUGAR,2007-11-22 00:00:00+05:30,18.45,18.55,17.6,17.95,156025
ANDHRSUGAR,2007-11-23 00:00:00+05:30,18.0,18.4,17.7,17.8,123795
ANDHRSUGAR,2007-11-26 00:00:00+05:30,18.6,18.6,17.8,17.9,45740
ANDHRSUGAR,2007-11-27 00:00:00+05:30,18.0,18.9,17.8,18.45,133600
ANDHRSUGAR,2007-11-28 00:00:00+05:30,18.7,18.7,18.05,18.35,74445
ANDHRSUGAR,2007-11-29 00:00:00+05:30,18.4,18.6,18.0,18.15,91610
ANDHRSUGAR,2007-11-30 00:00:00+05:30,18.4,18.6,18.05,18.35,89490
ANDHRSUGAR,2007-12-03 00:00:00+05:30,17.6,18.7,17.6,18.5,71820
ANDHRSUGAR,2007-12-04 00:00:00+05:30,18.3,19.15,18.3,18.75,125325
ANDHRSUGAR,2007-12-05 00:00:00+05:30,18.6,19.0,18.55,18.8,134125
ANDHRSUGAR,2007-12-06 00:00:00+05:30,19.0,19.0,17.1,18.6,116310
ANDHRSUGAR,2007-12-07 00:00:00+05:30,18.85,20.2,18.5,19.75,716630
ANDHRSUGAR,2007-12-10 00:00:00+05:30,20.0,20.9,19.65,20.7,892825
ANDHRSUGAR,2007-12-11 00:00:00+05:30,20.95,20.95,19.8,20.1,341405
ANDHRSUGAR,2007-12-12 00:00:00+05:30,18.8,21.5,18.8,21.05,581375
ANDHRSUGAR,2007-12-13 00:00:00+05:30,21.2,21.4,20.0,20.35,383220
ANDHRSUGAR,2007-12-14 00:00:00+05:30,21.2,22.5,20.25,22.0,940165
ANDHRSUGAR,2007-12-17 00:00:00+05:30,22.4,26.4,22.4,24.2,2509775
ANDHRSUGAR,2007-12-18 00:00:00+05:30,25.8,25.8,23.65,24.35,874460
ANDHRSUGAR,2007-12-19 00:00:00+05:30,24.6,26.8,24.45,25.05,2074640
ANDHRSUGAR,2007-12-20 00:00:00+05:30,25.6,25.8,23.6,23.85,448925
ANDHRSUGAR,2007-12-24 00:00:00+05:30,24.0,24.9,23.7,24.2,340800
ANDHRSUGAR,2007-12-26 00:00:00+05:30,24.45,24.55,23.9,24.2,400960
ANDHRSUGAR,2007-12-27 00:00:00+05:30,24.2,24.8,23.6,23.85,259945
ANDHRSUGAR,2007-12-28 00:00:00+05:30,23.2,24.4,23.2,24.2,320965
ANDHRSUGAR,2007-12-31 00:00:00+05:30,24.8,24.8,24.0,24.25,229875
ANDHRSUGAR,2008-01-01 00:00:00+05:30,24.2,26.0,24.2,25.75,766000
ANDHRSUGAR,2008-01-02 00:00:00+05:30,25.95,26.8,25.4,25.9,610390
ANDHRSUGAR,2008-01-03 00:00:00+05:30,26.0,29.4,25.9,28.25,1976845
ANDHRSUGAR,2008-01-04 00:00:00+05:30,29.1,30.25,28.3,29.1,1341175
ANDHRSUGAR,2008-01-07 00:00:00+05:30,29.0,33.0,29.0,32.1,3094810
ANDHRSUGAR,2008-01-08 00:00:00+05:30,32.35,33.0,29.8,30.3,1804520
ANDHRSUGAR,2008-01-09 00:00:00+05:30,30.4,31.4,28.4,30.5,1732510
ANDHRSUGAR,2008-01-10 00:00:00+05:30,30.95,30.95,27.3,27.7,878615
ANDHRSUGAR,2008-01-11 00:00:00+05:30,28.0,28.6,26.0,27.0,560745
ANDHRSUGAR,2008-01-14 00:00:00+05:30,27.2,28.7,26.2,27.9,616010
ANDHRSUGAR,2008-01-15 00:00:00+05:30,28.4,28.8,26.6,27.15,462520
ANDHRSUGAR,2008-01-16 00:00:00+05:30,27.2,27.2,25.45,26.4,287890
ANDHRSUGAR,2008-01-17 00:00:00+05:30,26.8,27.95,26.4,27.25,507275
ANDHRSUGAR,2008-01-18 00:00:00+05:30,26.6,28.5,23.4,24.15,724675
ANDHRSUGAR,2008-01-21 00:00:00+05:30,24.0,24.0,19.35,20.0,426865
ANDHRSUGAR,2008-01-22 00:00:00+05:30,18.0,19.2,16.35,18.25,222915
ANDHRSUGAR,2008-01-23 00:00:00+05:30,19.0,21.8,17.25,19.85,302150
ANDHRSUGAR,2008-01-24 00:00:00+05:30,19.8,20.8,18.8,19.4,163845
ANDHRSUGAR,2008-01-25 00:00:00+05:30,19.25,21.75,19.2,21.35,330945
ANDHRSUGAR,2008-01-28 00:00:00+05:30,19.45,20.4,19.3,20.0,163645
ANDHRSUGAR,2008-01-29 00:00:00+05:30,20.0,20.95,19.8,20.0,133505
ANDHRSUGAR,2008-01-30 00:00:00+05:30,20.3,20.4,18.85,19.05,137890
ANDHRSUGAR,2008-01-31 00:00:00+05:30,19.05,19.2,18.2,18.55,144725
ANDHRSUGAR,2008-02-01 00:00:00+05:30,18.6,19.2,18.5,18.75,97865
ANDHRSUGAR,2008-02-04 00:00:00+05:30,19.0,20.4,18.7,20.1,225570
ANDHRSUGAR,2008-02-05 00:00:00+05:30,19.4,21.15,19.4,20.3,236505
ANDHRSUGAR,2008-02-06 00:00:00+05:30,19.6,20.8,19.2,20.0,189750
ANDHRSUGAR,2008-02-07 00:00:00+05:30,20.0,21.2,19.4,19.6,238560
ANDHRSUGAR,2008-02-08 00:00:00+05:30,19.7,19.9,18.7,18.95,128080
ANDHRSUGAR,2008-02-11 00:00:00+05:30,19.6,19.6,17.6,18.2,144645
ANDHRSUGAR,2008-02-12 00:00:00+05:30,18.4,19.2,17.4,17.8,149575
ANDHRSUGAR,2008-02-13 00:00:00+05:30,17.6,18.5,17.0,17.25,114235
ANDHRSUGAR,2008-02-14 00:00:00+05:30,18.2,19.4,17.6,19.1,171190
ANDHRSUGAR,2008-02-15 00:00:00+05:30,19.0,19.7,18.4,19.25,297970
ANDHRSUGAR,2008-02-18 00:00:00+05:30,19.2,20.6,19.2,20.2,327425
ANDHRSUGAR,2008-02-19 00:00:00+05:30,20.95,21.0,19.8,19.95,227535
ANDHRSUGAR,2008-02-20 00:00:00+05:30,19.25,20.2,19.15,19.6,226375
ANDHRSUGAR,2008-02-21 00:00:00+05:30,19.8,21.0,19.8,20.4,445330
ANDHRSUGAR,2008-02-22 00:00:00+05:30,20.35,20.35,19.7,19.85,118880
ANDHRSUGAR,2008-02-25 00:00:00+05:30,19.8,19.95,19.2,19.45,69025
ANDHRSUGAR,2008-02-26 00:00:00+05:30,19.2,20.2,19.2,19.9,95660
ANDHRSUGAR,2008-02-27 00:00:00+05:30,19.8,20.55,19.65,19.8,201050
ANDHRSUGAR,2008-02-28 00:00:00+05:30,23.0,23.0,19.8,19.95,192175
ANDHRSUGAR,2008-02-29 00:00:00+05:30,19.8,20.55,19.35,19.7,131065
ANDHRSUGAR,2008-03-03 00:00:00+05:30,19.0,19.4,18.6,18.9,143630
ANDHRSUGAR,2008-03-04 00:00:00+05:30,18.8,19.2,18.1,18.5,128775
ANDHRSUGAR,2008-03-05 00:00:00+05:30,18.5,19.0,17.65,17.9,131730
ANDHRSUGAR,2008-03-07 00:00:00+05:30,17.4,18.35,16.4,16.95,179850
ANDHRSUGAR,2008-03-10 00:00:00+05:30,16.4,17.2,16.0,16.7,227085
ANDHRSUGAR,2008-03-11 00:00:00+05:30,16.7,18.9,16.5,18.3,436760
ANDHRSUGAR,2008-03-12 00:00:00+05:30,19.1,19.2,18.0,18.15,167880
ANDHRSUGAR,2008-03-13 00:00:00+05:30,18.0,18.0,16.5,16.7,128590
ANDHRSUGAR,2008-03-14 00:00:00+05:30,17.2,17.25,16.6,16.9,119405
ANDHRSUGAR,2008-03-17 00:00:00+05:30,16.6,16.6,16.0,16.1,204955
ANDHRSUGAR,2008-03-18 00:00:00+05:30,15.4,16.35,15.4,15.75,206520
ANDHRSUGAR,2008-03-19 00:00:00+05:30,17.0,17.0,15.4,15.7,134630
ANDHRSUGAR,2008-03-24 00:00:00+05:30,15.6,16.4,15.05,15.35,151685
ANDHRSUGAR,2008-03-25 00:00:00+05:30,15.3,16.0,15.0,15.75,134855
ANDHRSUGAR,2008-03-26 00:00:00+05:30,16.2,16.4,15.8,16.1,118460
ANDHRSUGAR,2008-03-27 00:00:00+05:30,15.7,16.5,15.45,15.8,226205
ANDHRSUGAR,2008-03-28 00:00:00+05:30,16.2,16.6,16.1,16.5,89765
ANDHRSUGAR,2008-03-31 00:00:00+05:30,15.85,16.8,15.85,16.25,81495
ANDHRSUGAR,2008-04-01 00:00:00+05:30,16.4,16.6,16.0,16.4,68865
ANDHRSUGAR,2008-04-02 00:00:00+05:30,16.4,16.9,16.4,16.55,75935
ANDHRSUGAR,2008-04-03 00:00:00+05:30,16.55,16.6,16.2,16.4,51380
ANDHRSUGAR,2008-04-04 00:00:00+05:30,16.2,16.8,16.2,16.35,44115
ANDHRSUGAR,2008-04-07 00:00:00+05:30,16.6,16.8,16.05,16.65,38370
ANDHRSUGAR,2008-04-08 00:00:00+05:30,16.5,16.6,16.25,16.45,71780
ANDHRSUGAR,2008-04-09 00:00:00+05:30,16.6,17.6,16.0,17.5,160125
ANDHRSUGAR,2008-04-10 00:00:00+05:30,16.8,17.8,16.8,17.6,94875
ANDHRSUGAR,2008-04-11 00:00:00+05:30,17.0,17.95,17.0,17.5,45035
ANDHRSUGAR,2008-04-15 00:00:00+05:30,17.0,18.3,17.0,18.0,70720
ANDHRSUGAR,2008-04-16 00:00:00+05:30,17.8,18.6,17.45,17.5,59375
ANDHRSUGAR,2008-04-17 00:00:00+05:30,18.0,19.2,17.8,18.1,99925
ANDHRSUGAR,2008-04-21 00:00:00+05:30,18.0,19.3,18.0,19.1,202155
ANDHRSUGAR,2008-04-22 00:00:00+05:30,19.35,19.35,18.4,18.65,77775
ANDHRSUGAR,2008-04-23 00:00:00+05:30,19.1,20.0,19.1,19.5,412485
ANDHRSUGAR,2008-04-24 00:00:00+05:30,20.2,20.75,19.8,20.0,303885
ANDHRSUGAR,2008-04-25 00:00:00+05:30,20.2,20.5,19.7,19.95,117875
ANDHRSUGAR,2008-04-28 00:00:00+05:30,20.1,20.75,19.6,19.75,355495
ANDHRSUGAR,2008-04-29 00:00:00+05:30,20.0,20.4,19.7,20.1,122175
ANDHRSUGAR,2008-04-30 00:00:00+05:30,20.35,20.55,19.8,20.0,162930
ANDHRSUGAR,2008-05-02 00:00:00+05:30,20.5,20.5,19.2,19.35,120200
ANDHRSUGAR,2008-05-05 00:00:00+05:30,19.4,20.2,19.4,19.45,99720
ANDHRSUGAR,2008-05-06 00:00:00+05:30,20.0,20.0,19.3,19.4,70660
ANDHRSUGAR,2008-05-07 00:00:00+05:30,19.4,20.3,19.1,20.0,170875
ANDHRSUGAR,2008-05-08 00:00:00+05:30,19.8,20.15,19.3,19.5,202180
ANDHRSUGAR,2008-05-09 00:00:00+05:30,19.4,19.75,18.4,18.75,50960
ANDHRSUGAR,2008-05-12 00:00:00+05:30,17.85,18.8,17.85,18.45,49915
ANDHRSUGAR,2008-05-13 00:00:00+05:30,18.85,18.85,17.9,17.95,77515
ANDHRSUGAR,2008-05-14 00:00:00+05:30,17.45,18.3,17.45,17.95,45505
ANDHRSUGAR,2008-05-15 00:00:00+05:30,18.0,19.1,18.0,18.85,108665
ANDHRSUGAR,2008-05-16 00:00:00+05:30,19.7,19.7,18.5,18.95,113615
ANDHRSUGAR,2008-05-20 00:00:00+05:30,19.7,19.7,18.85,19.15,84665
ANDHRSUGAR,2008-05-21 00:00:00+05:30,19.1,20.75,18.6,20.25,329440
ANDHRSUGAR,2008-05-22 00:00:00+05:30,19.6,20.9,19.4,20.35,298315
ANDHRSUGAR,2008-05-23 00:00:00+05:30,20.95,22.3,20.5,20.65,909005
ANDHRSUGAR,2008-05-26 00:00:00+05:30,20.0,20.5,19.85,20.05,95680
ANDHRSUGAR,2008-05-27 00:00:00+05:30,20.4,20.7,19.4,19.6,91445
ANDHRSUGAR,2008-05-28 00:00:00+05:30,19.6,20.6,19.6,20.0,101655
ANDHRSUGAR,2008-05-29 00:00:00+05:30,20.2,20.4,19.4,19.5,34305
ANDHRSUGAR,2008-05-30 00:00:00+05:30,20.0,20.0,19.3,19.4,25395
ANDHRSUGAR,2008-06-02 00:00:00+05:30,19.9,19.9,18.5,18.7,85190
ANDHRSUGAR,2008-06-03 00:00:00+05:30,18.4,18.9,18.2,18.7,75490
ANDHRSUGAR,2008-06-04 00:00:00+05:30,18.8,18.85,18.0,18.3,27045
ANDHRSUGAR,2008-06-05 00:00:00+05:30,17.05,18.3,17.05,18.15,62965
ANDHRSUGAR,2008-06-06 00:00:00+05:30,18.3,18.5,18.2,18.25,28990
ANDHRSUGAR,2008-06-09 00:00:00+05:30,17.05,17.8,17.05,17.6,35260
ANDHRSUGAR,2008-06-10 00:00:00+05:30,17.6,18.1,17.2,17.75,50115
ANDHRSUGAR,2008-06-11 00:00:00+05:30,18.0,18.2,17.6,17.9,28310
ANDHRSUGAR,2008-06-12 00:00:00+05:30,17.15,18.7,17.15,18.35,40110
ANDHRSUGAR,2008-06-13 00:00:00+05:30,18.2,18.4,17.7,17.8,65575
ANDHRSUGAR,2008-06-16 00:00:00+05:30,18.15,18.4,17.8,18.05,67735
ANDHRSUGAR,2008-06-17 00:00:00+05:30,18.45,18.85,18.1,18.65,99210
ANDHRSUGAR,2008-06-18 00:00:00+05:30,18.2,18.9,18.0,18.05,61250
ANDHRSUGAR,2008-06-19 00:00:00+05:30,18.2,18.6,18.0,18.3,42965
ANDHRSUGAR,2008-06-20 00:00:00+05:30,18.6,18.6,17.3,17.45,61770
ANDHRSUGAR,2008-06-23 00:00:00+05:30,16.2,18.55,16.2,16.95,24305
ANDHRSUGAR,2008-06-24 00:00:00+05:30,16.65,17.7,15.8,16.1,95160
ANDHRSUGAR,2008-06-25 00:00:00+05:30,16.9,17.15,16.25,16.9,49405
ANDHRSUGAR,2008-06-26 00:00:00+05:30,16.7,17.15,16.7,16.9,37265
ANDHRSUGAR,2008-06-27 00:00:00+05:30,16.75,16.8,16.0,16.3,63570
ANDHRSUGAR,2008-06-30 00:00:00+05:30,18.0,18.0,15.95,16.0,96765
ANDHRSUGAR,2008-07-01 00:00:00+05:30,15.8,16.4,15.4,15.65,51845
ANDHRSUGAR,2008-07-02 00:00:00+05:30,15.5,17.15,15.25,16.65,98030
ANDHRSUGAR,2008-07-03 00:00:00+05:30,16.4,17.0,16.25,16.55,95080
ANDHRSUGAR,2008-07-04 00:00:00+05:30,16.5,17.2,16.2,16.85,76820
ANDHRSUGAR,2008-07-07 00:00:00+05:30,17.2,17.65,16.6,16.95,72400
ANDHRSUGAR,2008-07-08 00:00:00+05:30,16.3,17.25,16.3,16.9,75725
ANDHRSUGAR,2008-07-09 00:00:00+05:30,17.35,17.6,17.15,17.45,35180
ANDHRSUGAR,2008-07-10 00:00:00+05:30,17.4,18.15,17.2,17.85,122020
ANDHRSUGAR,2008-07-11 00:00:00+05:30,18.0,18.0,17.4,17.5,68085
ANDHRSUGAR,2008-07-14 00:00:00+05:30,17.45,17.6,17.0,17.35,33080
ANDHRSUGAR,2008-07-15 00:00:00+05:30,17.0,17.35,16.6,16.65,49545
ANDHRSUGAR,2008-07-16 00:00:00+05:30,17.3,17.3,16.3,16.45,115145
ANDHRSUGAR,2008-07-17 00:00:00+05:30,16.75,16.75,16.4,16.5,49595
ANDHRSUGAR,2008-07-18 00:00:00+05:30,16.65,16.8,16.5,16.7,42335
ANDHRSUGAR,2008-07-21 00:00:00+05:30,16.7,18.0,16.5,17.7,118590
ANDHRSUGAR,2008-07-22 00:00:00+05:30,17.55,17.7,17.4,17.4,51340
ANDHRSUGAR,2008-07-23 00:00:00+05:30,17.75,18.1,17.5,17.7,113910
ANDHRSUGAR,2008-07-24 00:00:00+05:30,17.6,18.0,17.5,17.55,43705
ANDHRSUGAR,2008-07-25 00:00:00+05:30,17.6,18.65,17.4,18.35,91450
ANDHRSUGAR,2008-07-28 00:00:00+05:30,18.6,19.15,18.45,18.8,91880
ANDHRSUGAR,2008-07-29 00:00:00+05:30,17.85,20.25,17.85,19.65,257205
ANDHRSUGAR,2008-07-30 00:00:00+05:30,15.75,21.0,15.75,19.4,159715
ANDHRSUGAR,2008-07-31 00:00:00+05:30,16.9,19.9,16.9,19.5,112465
ANDHRSUGAR,2008-08-01 00:00:00+05:30,18.5,21.7,18.5,21.0,417695
ANDHRSUGAR,2008-08-04 00:00:00+05:30,21.2,23.75,21.2,22.5,909110
ANDHRSUGAR,2008-08-05 00:00:00+05:30,22.8,23.3,22.05,22.5,466975
ANDHRSUGAR,2008-08-06 00:00:00+05:30,22.6,23.5,22.05,22.4,916470
ANDHRSUGAR,2008-08-07 00:00:00+05:30,22.05,23.05,22.05,22.45,239685
ANDHRSUGAR,2008-08-08 00:00:00+05:30,22.0,22.7,21.65,21.95,308725
ANDHRSUGAR,2008-08-11 00:00:00+05:30,18.2,22.65,18.2,22.25,133915
ANDHRSUGAR,2008-08-12 00:00:00+05:30,22.3,22.8,21.3,21.55,404670
ANDHRSUGAR,2008-08-13 00:00:00+05:30,20.55,22.2,20.55,21.6,135320
ANDHRSUGAR,2008-08-14 00:00:00+05:30,20.7,21.85,20.7,21.4,73375
ANDHRSUGAR,2008-08-18 00:00:00+05:30,21.5,21.9,21.2,21.45,82580
ANDHRSUGAR,2008-08-19 00:00:00+05:30,20.7,22.0,20.7,21.85,138200
ANDHRSUGAR,2008-08-20 00:00:00+05:30,21.25,22.3,21.25,22.05,264765
ANDHRSUGAR,2008-08-21 00:00:00+05:30,21.0,22.15,21.0,21.7,127410
ANDHRSUGAR,2008-08-22 00:00:00+05:30,21.3,22.0,21.05,21.2,203030
ANDHRSUGAR,2008-08-25 00:00:00+05:30,21.0,21.6,20.7,20.8,118405
ANDHRSUGAR,2008-08-26 00:00:00+05:30,20.6,21.7,20.6,21.3,82350
ANDHRSUGAR,2008-08-27 00:00:00+05:30,20.8,21.85,20.8,21.4,59705
ANDHRSUGAR,2008-08-28 00:00:00+05:30,21.05,21.8,21.0,21.15,46745
ANDHRSUGAR,2008-08-29 00:00:00+05:30,20.8,21.75,20.8,21.5,75720
ANDHRSUGAR,2008-09-01 00:00:00+05:30,21.05,21.85,21.05,21.3,96705
ANDHRSUGAR,2008-09-02 00:00:00+05:30,20.8,21.8,20.8,21.55,63405
ANDHRSUGAR,2008-09-04 00:00:00+05:30,21.1,22.25,21.1,21.95,179710
ANDHRSUGAR,2008-09-05 00:00:00+05:30,20.95,22.2,20.95,21.9,110640
ANDHRSUGAR,2008-09-08 00:00:00+05:30,20.8,22.8,20.8,22.2,249525
ANDHRSUGAR,2008-09-09 00:00:00+05:30,22.75,22.95,21.4,22.05,141865
ANDHRSUGAR,2008-09-10 00:00:00+05:30,21.05,22.0,21.05,21.65,97135
ANDHRSUGAR,2008-09-11 00:00:00+05:30,21.45,21.75,21.25,21.5,166195
ANDHRSUGAR,2008-09-12 00:00:00+05:30,21.05,21.05,19.25,19.4,191345
ANDHRSUGAR,2008-09-15 00:00:00+05:30,18.6,18.8,17.65,17.9,141805
ANDHRSUGAR,2008-09-16 00:00:00+05:30,16.3,17.75,16.3,17.6,52380
ANDHRSUGAR,2008-09-17 00:00:00+05:30,17.1,18.0,17.1,17.45,38820
ANDHRSUGAR,2008-09-18 00:00:00+05:30,16.25,17.75,16.25,17.45,79905
ANDHRSUGAR,2008-09-19 00:00:00+05:30,16.6,18.1,16.6,17.25,120535
ANDHRSUGAR,2008-09-22 00:00:00+05:30,17.0,17.55,17.0,17.35,79115
ANDHRSUGAR,2008-09-23 00:00:00+05:30,17.0,17.7,16.8,16.9,105990
ANDHRSUGAR,2008-09-24 00:00:00+05:30,16.1,17.2,16.1,17.05,41845
ANDHRSUGAR,2008-09-25 00:00:00+05:30,16.7,17.8,16.7,17.45,57835
ANDHRSUGAR,2008-09-26 00:00:00+05:30,17.1,17.55,16.7,16.8,55190
ANDHRSUGAR,2008-09-29 00:00:00+05:30,16.5,17.0,15.3,15.4,184260
ANDHRSUGAR,2008-09-30 00:00:00+05:30,15.5,16.9,15.0,16.55,90270
ANDHRSUGAR,2008-10-01 00:00:00+05:30,16.7,16.7,15.8,15.95,80895
ANDHRSUGAR,2008-10-03 00:00:00+05:30,16.15,16.25,15.5,16.05,58655
ANDHRSUGAR,2008-10-06 00:00:00+05:30,15.85,15.95,14.6,14.7,162325
ANDHRSUGAR,2008-10-07 00:00:00+05:30,14.0,15.2,14.0,14.95,100550
ANDHRSUGAR,2008-10-08 00:00:00+05:30,13.5,14.8,13.4,13.75,265350
ANDHRSUGAR,2008-10-10 00:00:00+05:30,12.0,13.7,12.0,13.15,117245
ANDHRSUGAR,2008-10-13 00:00:00+05:30,12.05,15.35,12.05,14.35,79175
ANDHRSUGAR,2008-10-14 00:00:00+05:30,14.0,15.2,14.0,14.5,52655
ANDHRSUGAR,2008-10-15 00:00:00+05:30,14.2,14.7,14.05,14.25,27070
ANDHRSUGAR,2008-10-16 00:00:00+05:30,14.25,14.25,13.0,13.75,86505
ANDHRSUGAR,2008-10-17 00:00:00+05:30,13.2,14.2,13.2,13.5,37885
ANDHRSUGAR,2008-10-20 00:00:00+05:30,13.5,14.1,13.3,13.45,37915
ANDHRSUGAR,2008-10-21 00:00:00+05:30,12.05,13.8,12.05,13.7,70500
ANDHRSUGAR,2008-10-22 00:00:00+05:30,12.5,14.1,12.5,13.75,42460
ANDHRSUGAR,2008-10-23 00:00:00+05:30,13.8,13.8,12.6,13.05,56360
ANDHRSUGAR,2008-10-24 00:00:00+05:30,12.45,13.2,12.0,12.2,135950
ANDHRSUGAR,2008-10-27 00:00:00+05:30,12.0,13.2,10.25,11.9,129575
ANDHRSUGAR,2008-10-28 00:00:00+05:30,11.75,13.6,11.75,13.1,38220
ANDHRSUGAR,2008-10-29 00:00:00+05:30,13.8,13.8,12.6,12.9,53965
ANDHRSUGAR,2008-10-31 00:00:00+05:30,12.25,14.2,12.25,13.9,156360
ANDHRSUGAR,2008-11-03 00:00:00+05:30,12.5,14.5,12.5,14.1,41675
ANDHRSUGAR,2008-11-04 00:00:00+05:30,13.6,15.75,13.6,15.5,148620
ANDHRSUGAR,2008-11-05 00:00:00+05:30,15.4,15.75,14.45,14.65,70850
ANDHRSUGAR,2008-11-06 00:00:00+05:30,13.65,14.6,13.65,14.2,43895
ANDHRSUGAR,2008-11-07 00:00:00+05:30,13.25,14.5,13.25,14.25,21580
ANDHRSUGAR,2008-11-10 00:00:00+05:30,13.45,14.75,13.45,14.75,14315
ANDHRSUGAR,2008-11-11 00:00:00+05:30,13.8,14.65,13.55,13.7,37710
ANDHRSUGAR,2008-11-12 00:00:00+05:30,13.1,14.0,13.1,13.75,81485
ANDHRSUGAR,2008-11-14 00:00:00+05:30,13.6,14.2,13.2,13.25,46285
ANDHRSUGAR,2008-11-17 00:00:00+05:30,12.45,13.4,12.45,12.75,55735
ANDHRSUGAR,2008-11-18 00:00:00+05:30,11.75,12.95,11.75,12.45,47325
ANDHRSUGAR,2008-11-19 00:00:00+05:30,11.4,12.9,11.4,12.45,29055
ANDHRSUGAR,2008-11-20 00:00:00+05:30,11.7,12.5,11.7,12.25,26060
ANDHRSUGAR,2008-11-21 00:00:00+05:30,11.7,12.55,11.7,12.4,33245
ANDHRSUGAR,2008-11-24 00:00:00+05:30,11.7,12.4,11.7,12.15,34090
ANDHRSUGAR,2008-11-25 00:00:00+05:30,12.0,12.55,12.0,12.3,75670
ANDHRSUGAR,2008-11-26 00:00:00+05:30,11.4,12.4,11.4,12.1,18835
ANDHRSUGAR,2008-11-28 00:00:00+05:30,11.8,12.1,11.6,12.0,43500
ANDHRSUGAR,2008-12-01 00:00:00+05:30,11.4,12.7,11.4,11.85,29500
ANDHRSUGAR,2008-12-02 00:00:00+05:30,11.1,12.0,11.1,11.85,34575
ANDHRSUGAR,2008-12-03 00:00:00+05:30,11.0,12.0,11.0,11.8,14160
ANDHRSUGAR,2008-12-04 00:00:00+05:30,11.6,12.6,11.6,12.1,39085
ANDHRSUGAR,2008-12-05 00:00:00+05:30,11.8,12.6,11.8,12.2,55520
ANDHRSUGAR,2008-12-08 00:00:00+05:30,12.2,12.5,12.1,12.2,19705
ANDHRSUGAR,2008-12-10 00:00:00+05:30,12.0,12.5,12.0,12.35,36330
ANDHRSUGAR,2008-12-11 00:00:00+05:30,12.7,12.8,12.3,12.6,59005
ANDHRSUGAR,2008-12-12 00:00:00+05:30,12.8,13.7,12.35,13.65,153100
ANDHRSUGAR,2008-12-15 00:00:00+05:30,13.95,14.4,13.5,14.1,150125
ANDHRSUGAR,2008-12-16 00:00:00+05:30,14.2,14.8,13.9,14.65,204455
ANDHRSUGAR,2008-12-17 00:00:00+05:30,14.6,14.9,13.8,14.0,63825
ANDHRSUGAR,2008-12-18 00:00:00+05:30,14.0,14.4,13.6,14.1,55260
ANDHRSUGAR,2008-12-19 00:00:00+05:30,14.05,14.25,13.75,14.0,32840
ANDHRSUGAR,2008-12-22 00:00:00+05:30,14.55,14.9,14.0,14.05,113435
ANDHRSUGAR,2008-12-23 00:00:00+05:30,13.75,14.2,13.75,14.0,51630
ANDHRSUGAR,2008-12-24 00:00:00+05:30,13.6,14.1,13.6,14.0,32925
ANDHRSUGAR,2008-12-26 00:00:00+05:30,13.9,14.35,13.6,13.95,42995
ANDHRSUGAR,2008-12-29 00:00:00+05:30,13.4,14.3,13.4,14.05,21510
ANDHRSUGAR,2008-12-30 00:00:00+05:30,14.2,14.6,13.9,14.45,29310
ANDHRSUGAR,2008-12-31 00:00:00+05:30,14.05,16.3,14.0,15.65,415250
ANDHRSUGAR,2009-01-01 00:00:00+05:30,14.0,16.3,14.0,15.8,125025
ANDHRSUGAR,2009-01-02 00:00:00+05:30,16.0,16.0,15.55,15.7,82670
ANDHRSUGAR,2009-01-05 00:00:00+05:30,16.0,16.6,16.0,16.35,135865
ANDHRSUGAR,2009-01-06 00:00:00+05:30,16.7,16.7,15.65,16.15,157810
ANDHRSUGAR,2009-01-07 00:00:00+05:30,16.7,16.7,15.05,15.95,118845
ANDHRSUGAR,2009-01-09 00:00:00+05:30,15.5,16.0,14.6,15.0,75265
ANDHRSUGAR,2009-01-12 00:00:00+05:30,14.65,16.0,14.6,15.15,50610
ANDHRSUGAR,2009-01-13 00:00:00+05:30,14.95,15.4,14.65,14.7,54720
ANDHRSUGAR,2009-01-14 00:00:00+05:30,15.4,15.4,14.65,15.15,11935
ANDHRSUGAR,2009-01-15 00:00:00+05:30,14.4,14.9,14.3,14.7,18880
ANDHRSUGAR,2009-01-16 00:00:00+05:30,14.65,16.4,14.65,16.0,85330
ANDHRSUGAR,2009-01-19 00:00:00+05:30,16.5,16.6,15.45,15.7,165505
ANDHRSUGAR,2009-01-20 00:00:00+05:30,15.4,16.0,15.2,15.6,39020
ANDHRSUGAR,2009-01-21 00:00:00+05:30,15.4,15.85,15.05,15.1,21660
ANDHRSUGAR,2009-01-22 00:00:00+05:30,15.35,15.55,14.6,15.0,61800
ANDHRSUGAR,2009-01-23 00:00:00+05:30,14.95,15.3,14.6,15.05,33400
ANDHRSUGAR,2009-01-27 00:00:00+05:30,14.6,14.8,13.25,13.8,220960
ANDHRSUGAR,2009-01-28 00:00:00+05:30,13.6,14.1,13.6,13.95,45930
ANDHRSUGAR,2009-01-29 00:00:00+05:30,13.8,14.4,13.6,13.65,48860
ANDHRSUGAR,2009-01-30 00:00:00+05:30,13.4,14.4,13.4,14.15,59165
ANDHRSUGAR,2009-02-02 00:00:00+05:30,13.45,15.75,13.45,14.1,335970
ANDHRSUGAR,2009-02-03 00:00:00+05:30,13.45,15.0,13.45,14.0,245325
ANDHRSUGAR,2009-02-04 00:00:00+05:30,13.65,15.1,13.65,14.05,332830
ANDHRSUGAR,2009-02-05 00:00:00+05:30,14.4,14.4,13.85,13.9,78790
ANDHRSUGAR,2009-02-06 00:00:00+05:30,13.6,14.4,13.6,13.85,42280
ANDHRSUGAR,2009-02-09 00:00:00+05:30,15.0,15.0,13.9,14.1,214525
ANDHRSUGAR,2009-02-10 00:00:00+05:30,14.2,14.45,13.7,13.85,55130
ANDHRSUGAR,2009-02-11 00:00:00+05:30,12.6,14.7,12.6,14.1,179620
ANDHRSUGAR,2009-02-12 00:00:00+05:30,14.35,14.35,13.8,13.9,70935
ANDHRSUGAR,2009-02-13 00:00:00+05:30,14.0,14.3,13.85,13.95,196685
ANDHRSUGAR,2009-02-16 00:00:00+05:30,13.45,14.0,13.45,13.6,70230
ANDHRSUGAR,2009-02-17 00:00:00+05:30,13.25,13.6,13.25,13.4,40685
ANDHRSUGAR,2009-02-18 00:00:00+05:30,13.3,13.5,12.95,13.3,36930
ANDHRSUGAR,2009-02-19 00:00:00+05:30,13.1,13.5,13.1,13.25,20425
ANDHRSUGAR,2009-02-20 00:00:00+05:30,12.8,13.6,12.6,13.3,189080
ANDHRSUGAR,2009-02-24 00:00:00+05:30,11.85,13.15,11.85,12.9,16805
ANDHRSUGAR,2009-02-25 00:00:00+05:30,11.05,13.3,11.05,12.85,33045
ANDHRSUGAR,2009-02-26 00:00:00+05:30,10.7,12.9,10.7,12.6,26170
ANDHRSUGAR,2009-02-27 00:00:00+05:30,12.05,12.8,12.05,12.65,12160
ANDHRSUGAR,2009-03-02 00:00:00+05:30,12.05,13.2,12.05,12.45,37020
ANDHRSUGAR,2009-03-03 00:00:00+05:30,11.4,12.6,11.4,12.35,10955
ANDHRSUGAR,2009-03-04 00:00:00+05:30,11.9,12.65,11.9,12.3,22730
ANDHRSUGAR,2009-03-05 00:00:00+05:30,11.6,12.6,11.6,12.1,41690
ANDHRSUGAR,2009-03-06 00:00:00+05:30,11.65,12.25,11.65,12.1,34175
ANDHRSUGAR,2009-03-09 00:00:00+05:30,11.8,12.4,11.8,11.85,45940
ANDHRSUGAR,2009-03-12 00:00:00+05:30,11.9,12.1,11.85,12.0,14700
ANDHRSUGAR,2009-03-13 00:00:00+05:30,11.85,12.25,11.7,12.05,77085
ANDHRSUGAR,2009-03-16 00:00:00+05:30,11.85,12.7,11.85,12.45,210915
ANDHRSUGAR,2009-03-17 00:00:00+05:30,11.85,12.65,11.85,12.35,186820
ANDHRSUGAR,2009-03-18 00:00:00+05:30,10.1,12.9,10.1,12.5,77800
ANDHRSUGAR,2009-03-19 00:00:00+05:30,12.0,12.8,12.0,12.45,20685
ANDHRSUGAR,2009-03-20 00:00:00+05:30,10.2,12.7,10.2,12.25,107740
ANDHRSUGAR,2009-03-23 00:00:00+05:30,12.0,12.7,12.0,12.55,70560
ANDHRSUGAR,2009-03-24 00:00:00+05:30,12.2,13.2,12.2,12.5,98725
ANDHRSUGAR,2009-03-25 00:00:00+05:30,12.2,13.2,12.2,12.65,82085
ANDHRSUGAR,2009-03-26 00:00:00+05:30,11.6,12.95,11.6,12.35,87005
ANDHRSUGAR,2009-03-27 00:00:00+05:30,10.6,12.9,10.6,12.5,90375
ANDHRSUGAR,2009-03-30 00:00:00+05:30,12.0,12.7,11.5,11.6,266395
ANDHRSUGAR,2009-03-31 00:00:00+05:30,11.95,12.35,11.65,11.9,318505
ANDHRSUGAR,2009-04-01 00:00:00+05:30,12.0,12.6,11.9,12.45,76320
ANDHRSUGAR,2009-04-02 00:00:00+05:30,12.4,12.9,12.4,12.65,97550
ANDHRSUGAR,2009-04-06 00:00:00+05:30,13.0,13.35,12.75,12.9,85315
ANDHRSUGAR,2009-04-08 00:00:00+05:30,12.8,14.25,12.7,14.05,404765
ANDHRSUGAR,2009-04-09 00:00:00+05:30,14.2,15.4,14.1,14.5,300535
ANDHRSUGAR,2009-04-13 00:00:00+05:30,14.6,15.1,14.45,14.8,273990
ANDHRSUGAR,2009-04-15 00:00:00+05:30,15.3,16.4,14.9,15.9,460620
ANDHRSUGAR,2009-04-16 00:00:00+05:30,16.4,16.5,14.5,14.8,175535
ANDHRSUGAR,2009-04-17 00:00:00+05:30,15.4,15.85,14.6,14.9,214320
ANDHRSUGAR,2009-04-20 00:00:00+05:30,15.35,15.8,14.5,14.75,63365
ANDHRSUGAR,2009-04-21 00:00:00+05:30,14.9,15.2,14.6,14.7,38610
ANDHRSUGAR,2009-04-22 00:00:00+05:30,15.2,15.2,14.45,14.65,63680
ANDHRSUGAR,2009-04-23 00:00:00+05:30,14.2,15.45,14.2,15.25,129410
ANDHRSUGAR,2009-04-24 00:00:00+05:30,15.55,15.6,14.85,15.3,81800
ANDHRSUGAR,2009-04-27 00:00:00+05:30,15.7,15.7,15.1,15.2,73880
ANDHRSUGAR,2009-04-28 00:00:00+05:30,15.0,15.2,14.5,14.6,28575
ANDHRSUGAR,2009-04-29 00:00:00+05:30,14.9,15.9,14.45,15.25,391655
ANDHRSUGAR,2009-05-04 00:00:00+05:30,15.8,16.35,15.4,15.75,246990
ANDHRSUGAR,2009-05-05 00:00:00+05:30,15.9,17.4,15.7,16.9,1504150
ANDHRSUGAR,2009-05-06 00:00:00+05:30,16.4,17.5,16.4,16.85,436950
ANDHRSUGAR,2009-05-07 00:00:00+05:30,16.8,17.2,16.8,16.95,243725
ANDHRSUGAR,2009-05-08 00:00:00+05:30,17.0,17.55,16.45,16.8,324590
ANDHRSUGAR,2009-05-11 00:00:00+05:30,16.8,17.6,16.6,17.1,599190
ANDHRSUGAR,2009-05-12 00:00:00+05:30,17.1,17.2,16.8,16.95,133255
ANDHRSUGAR,2009-05-13 00:00:00+05:30,17.2,17.8,16.9,17.25,268185
ANDHRSUGAR,2009-05-14 00:00:00+05:30,17.0,17.0,16.65,16.75,81825
ANDHRSUGAR,2009-05-15 00:00:00+05:30,16.85,17.2,16.6,16.7,109715
ANDHRSUGAR,2009-05-18 00:00:00+05:30,16.85,17.2,16.6,16.7,0
ANDHRSUGAR,2009-05-19 00:00:00+05:30,17.3,18.2,16.8,17.6,451410
ANDHRSUGAR,2009-05-20 00:00:00+05:30,17.8,18.45,17.4,18.15,332180
ANDHRSUGAR,2009-05-21 00:00:00+05:30,18.3,19.0,18.0,18.05,393010
ANDHRSUGAR,2009-05-22 00:00:00+05:30,18.8,19.0,17.65,18.0,152750
ANDHRSUGAR,2009-05-25 00:00:00+05:30,18.25,19.8,18.25,19.4,1180075
ANDHRSUGAR,2009-05-26 00:00:00+05:30,19.2,19.7,18.35,18.5,224220
ANDHRSUGAR,2009-05-27 00:00:00+05:30,18.4,19.2,17.75,18.7,291340
ANDHRSUGAR,2009-05-28 00:00:00+05:30,18.6,19.0,18.3,18.75,129695
ANDHRSUGAR,2009-05-29 00:00:00+05:30,18.65,19.6,18.6,18.65,339310
ANDHRSUGAR,2009-06-01 00:00:00+05:30,19.5,19.5,18.45,19.2,263770
ANDHRSUGAR,2009-06-02 00:00:00+05:30,19.55,20.8,18.9,19.95,511510
ANDHRSUGAR,2009-06-03 00:00:00+05:30,20.1,21.0,19.3,20.1,410100
ANDHRSUGAR,2009-06-04 00:00:00+05:30,19.6,21.2,19.6,20.15,429325
ANDHRSUGAR,2009-06-05 00:00:00+05:30,20.4,22.0,20.1,20.8,1099150
ANDHRSUGAR,2009-06-08 00:00:00+05:30,21.0,21.35,19.8,20.05,410625
ANDHRSUGAR,2009-06-09 00:00:00+05:30,19.3,20.6,19.0,20.3,176085
ANDHRSUGAR,2009-06-10 00:00:00+05:30,20.4,20.75,20.0,20.1,325945
ANDHRSUGAR,2009-06-11 00:00:00+05:30,20.0,21.1,20.0,20.55,509365
ANDHRSUGAR,2009-06-12 00:00:00+05:30,20.6,21.0,20.0,20.0,368055
ANDHRSUGAR,2009-06-15 00:00:00+05:30,19.3,20.3,19.3,20.05,130625
ANDHRSUGAR,2009-06-16 00:00:00+05:30,19.2,20.2,19.2,20.05,142670
ANDHRSUGAR,2009-06-17 00:00:00+05:30,19.0,20.4,19.0,19.35,154015
ANDHRSUGAR,2009-06-18 00:00:00+05:30,19.1,19.45,17.95,18.1,122055
ANDHRSUGAR,2009-06-19 00:00:00+05:30,18.0,18.8,18.0,18.55,68830
ANDHRSUGAR,2009-06-22 00:00:00+05:30,18.05,18.95,18.05,18.4,36825
ANDHRSUGAR,2009-06-23 00:00:00+05:30,17.7,18.4,17.7,18.1,62670
ANDHRSUGAR,2009-06-24 00:00:00+05:30,17.0,19.65,17.0,19.2,129830
ANDHRSUGAR,2009-06-25 00:00:00+05:30,19.25,19.8,18.9,19.0,98165
ANDHRSUGAR,2009-06-26 00:00:00+05:30,19.7,19.7,18.9,19.1,196700
ANDHRSUGAR,2009-06-29 00:00:00+05:30,17.25,19.9,17.25,19.65,126870
ANDHRSUGAR,2009-06-30 00:00:00+05:30,19.6,20.2,19.1,19.3,60100
ANDHRSUGAR,2009-07-01 00:00:00+05:30,18.6,19.8,18.6,19.55,64210
ANDHRSUGAR,2009-07-02 00:00:00+05:30,19.1,20.0,19.1,19.3,101430
ANDHRSUGAR,2009-07-03 00:00:00+05:30,18.7,19.6,18.7,19.3,57930
ANDHRSUGAR,2009-07-06 00:00:00+05:30,18.5,19.5,18.5,19.05,87530
ANDHRSUGAR,2009-07-07 00:00:00+05:30,18.7,19.05,18.2,18.4,49575
ANDHRSUGAR,2009-07-08 00:00:00+05:30,18.0,18.4,17.8,18.0,181130
ANDHRSUGAR,2009-07-09 00:00:00+05:30,16.8,18.35,16.8,18.25,50865
ANDHRSUGAR,2009-07-10 00:00:00+05:30,18.0,18.35,17.0,18.0,58265
ANDHRSUGAR,2009-07-13 00:00:00+05:30,16.2,18.2,16.2,17.3,67550
ANDHRSUGAR,2009-07-14 00:00:00+05:30,16.7,18.7,16.7,18.25,114970
ANDHRSUGAR,2009-07-15 00:00:00+05:30,18.0,19.1,18.0,19.0,418465
ANDHRSUGAR,2009-07-16 00:00:00+05:30,19.0,19.25,18.5,18.9,160145
ANDHRSUGAR,2009-07-17 00:00:00+05:30,18.0,19.8,18.0,19.45,175615
ANDHRSUGAR,2009-07-20 00:00:00+05:30,19.7,20.85,19.7,20.65,462855
ANDHRSUGAR,2009-07-21 00:00:00+05:30,20.7,21.1,20.2,20.5,239025
ANDHRSUGAR,2009-07-22 00:00:00+05:30,20.9,21.1,20.6,20.75,288410
ANDHRSUGAR,2009-07-23 00:00:00+05:30,21.05,21.05,20.8,20.95,140440
ANDHRSUGAR,2009-07-24 00:00:00+05:30,21.05,21.35,20.75,21.05,260830
ANDHRSUGAR,2009-07-27 00:00:00+05:30,21.05,21.75,20.5,20.8,192010
ANDHRSUGAR,2009-07-28 00:00:00+05:30,21.0,22.0,20.6,21.45,442945
ANDHRSUGAR,2009-07-29 00:00:00+05:30,21.55,21.8,20.7,21.55,381935
ANDHRSUGAR,2009-07-30 00:00:00+05:30,20.7,21.8,20.7,21.65,154170
ANDHRSUGAR,2009-07-31 00:00:00+05:30,21.8,22.0,21.5,21.65,192445
ANDHRSUGAR,2009-08-03 00:00:00+05:30,21.95,22.05,21.6,21.95,352640
ANDHRSUGAR,2009-08-04 00:00:00+05:30,22.35,23.3,22.2,22.6,723575
ANDHRSUGAR,2009-08-05 00:00:00+05:30,22.95,23.65,22.95,23.25,644685
ANDHRSUGAR,2009-08-06 00:00:00+05:30,23.4,24.5,23.4,23.5,924060
ANDHRSUGAR,2009-08-07 00:00:00+05:30,23.6,24.5,23.3,23.85,545335
ANDHRSUGAR,2009-08-10 00:00:00+05:30,24.3,24.9,24.05,24.45,598820
ANDHRSUGAR,2009-08-11 00:00:00+05:30,25.0,28.5,24.7,28.0,5123035
ANDHRSUGAR,2009-08-12 00:00:00+05:30,28.15,31.55,27.4,30.15,10453725
ANDHRSUGAR,2009-08-13 00:00:00+05:30,30.9,31.9,29.55,30.1,3956195
ANDHRSUGAR,2009-08-14 00:00:00+05:30,29.4,30.5,27.85,28.4,2281310
ANDHRSUGAR,2009-08-17 00:00:00+05:30,27.0,28.8,26.8,27.8,1842830
ANDHRSUGAR,2009-08-18 00:00:00+05:30,27.6,28.4,27.05,27.65,988735
ANDHRSUGAR,2009-08-19 00:00:00+05:30,27.25,28.4,27.25,27.5,504485
ANDHRSUGAR,2009-08-20 00:00:00+05:30,25.4,28.25,25.4,26.95,1119940
ANDHRSUGAR,2009-08-21 00:00:00+05:30,26.7,27.4,26.7,27.0,396470
ANDHRSUGAR,2009-08-24 00:00:00+05:30,25.6,27.7,25.6,27.3,401195
ANDHRSUGAR,2009-08-25 00:00:00+05:30,26.65,27.4,26.65,26.95,199780
ANDHRSUGAR,2009-08-26 00:00:00+05:30,26.65,27.7,26.65,27.2,296905
ANDHRSUGAR,2009-08-27 00:00:00+05:30,25.15,28.55,25.15,27.7,701725
ANDHRSUGAR,2009-08-28 00:00:00+05:30,27.3,29.0,27.3,28.65,711480
ANDHRSUGAR,2009-08-31 00:00:00+05:30,27.9,30.5,27.9,30.05,1961790
ANDHRSUGAR,2009-09-01 00:00:00+05:30,30.95,32.0,30.05,30.7,2333195
ANDHRSUGAR,2009-09-02 00:00:00+05:30,29.9,31.8,29.9,31.2,1544520
ANDHRSUGAR,2009-09-03 00:00:00+05:30,30.4,31.95,30.4,31.3,1249710
ANDHRSUGAR,2009-09-04 00:00:00+05:30,30.75,30.75,28.8,28.9,984220
ANDHRSUGAR,2009-09-07 00:00:00+05:30,29.1,29.4,28.2,28.5,686525
ANDHRSUGAR,2009-09-08 00:00:00+05:30,28.1,29.3,28.1,28.3,798405
ANDHRSUGAR,2009-09-09 00:00:00+05:30,28.3,28.6,27.4,27.55,326865
ANDHRSUGAR,2009-09-10 00:00:00+05:30,27.6,28.15,26.8,27.35,366040
ANDHRSUGAR,2009-09-11 00:00:00+05:30,26.8,27.6,26.6,26.7,381495
ANDHRSUGAR,2009-09-14 00:00:00+05:30,26.45,27.2,26.45,26.75,204305
ANDHRSUGAR,2009-09-15 00:00:00+05:30,26.9,27.3,26.7,26.85,209575
ANDHRSUGAR,2009-09-16 00:00:00+05:30,26.9,27.7,26.8,27.5,467240
ANDHRSUGAR,2009-09-17 00:00:00+05:30,27.8,28.55,27.0,27.3,306395
ANDHRSUGAR,2009-09-18 00:00:00+05:30,27.55,27.55,27.0,27.2,138310
ANDHRSUGAR,2009-09-22 00:00:00+05:30,27.2,27.25,26.65,26.75,169930
ANDHRSUGAR,2009-09-23 00:00:00+05:30,27.0,27.2,26.45,26.7,109815
ANDHRSUGAR,2009-09-24 00:00:00+05:30,26.4,26.7,26.0,26.5,137580
ANDHRSUGAR,2009-09-25 00:00:00+05:30,26.1,27.8,26.1,27.0,541720
ANDHRSUGAR,2009-09-29 00:00:00+05:30,27.4,27.5,26.85,27.05,91580
ANDHRSUGAR,2009-09-30 00:00:00+05:30,27.6,28.0,27.1,27.35,508955
ANDHRSUGAR,2009-10-01 00:00:00+05:30,27.3,27.65,26.6,26.85,236310
ANDHRSUGAR,2009-10-05 00:00:00+05:30,26.7,26.95,26.3,26.4,110280
ANDHRSUGAR,2009-10-06 00:00:00+05:30,26.5,26.8,24.85,25.55,339660
ANDHRSUGAR,2009-10-07 00:00:00+05:30,25.85,26.95,25.85,26.35,434530
ANDHRSUGAR,2009-10-08 00:00:00+05:30,26.4,26.8,25.6,25.85,326300
ANDHRSUGAR,2009-10-09 00:00:00+05:30,26.3,26.4,25.45,25.5,174030
ANDHRSUGAR,2009-10-12 00:00:00+05:30,25.65,26.0,25.4,25.5,117755
ANDHRSUGAR,2009-10-14 00:00:00+05:30,25.45,26.45,25.3,26.25,397555
ANDHRSUGAR,2009-10-15 00:00:00+05:30,26.7,27.1,25.9,26.15,574805
ANDHRSUGAR,2009-10-16 00:00:00+05:30,26.2,26.3,25.8,25.85,164150
ANDHRSUGAR,2009-10-20 00:00:00+05:30,26.6,27.5,26.4,26.85,782680
ANDHRSUGAR,2009-10-21 00:00:00+05:30,27.0,27.2,25.7,25.95,355715
ANDHRSUGAR,2009-10-22 00:00:00+05:30,26.0,26.8,25.65,25.8,363495
ANDHRSUGAR,2009-10-23 00:00:00+05:30,26.1,26.7,25.8,26.1,336520
ANDHRSUGAR,2009-10-26 00:00:00+05:30,26.0,26.3,25.1,25.2,630780
ANDHRSUGAR,2009-10-27 00:00:00+05:30,25.3,25.35,23.2,23.4,350315
ANDHRSUGAR,2009-10-28 00:00:00+05:30,23.8,24.0,22.8,23.4,291710
ANDHRSUGAR,2009-10-29 00:00:00+05:30,22.8,23.65,22.55,22.7,245895
ANDHRSUGAR,2009-10-30 00:00:00+05:30,23.35,23.7,22.35,22.45,356625
ANDHRSUGAR,2009-11-03 00:00:00+05:30,22.2,23.0,21.3,21.45,247670
ANDHRSUGAR,2009-11-04 00:00:00+05:30,22.0,22.25,21.4,21.7,295335
ANDHRSUGAR,2009-11-05 00:00:00+05:30,21.9,22.5,21.65,22.4,179610
ANDHRSUGAR,2009-11-06 00:00:00+05:30,22.5,24.9,22.5,24.0,839255
ANDHRSUGAR,2009-11-09 00:00:00+05:30,24.6,25.0,23.85,24.2,289820
ANDHRSUGAR,2009-11-10 00:00:00+05:30,24.8,24.8,23.6,23.7,156455
ANDHRSUGAR,2009-11-11 00:00:00+05:30,24.0,24.3,23.05,24.05,454410
ANDHRSUGAR,2009-11-12 00:00:00+05:30,24.25,25.05,24.0,24.7,472390
ANDHRSUGAR,2009-11-13 00:00:00+05:30,24.8,25.2,24.4,24.55,181785
ANDHRSUGAR,2009-11-16 00:00:00+05:30,25.0,25.0,23.95,24.35,171050
ANDHRSUGAR,2009-11-17 00:00:00+05:30,24.35,24.75,23.65,24.1,150410
ANDHRSUGAR,2009-11-18 00:00:00+05:30,24.3,24.55,23.95,24.35,153535
ANDHRSUGAR,2009-11-19 00:00:00+05:30,24.35,24.35,23.4,23.8,138985
ANDHRSUGAR,2009-11-20 00:00:00+05:30,23.6,24.6,23.3,23.6,182185
ANDHRSUGAR,2009-11-23 00:00:00+05:30,24.0,24.0,23.35,23.5,157250
ANDHRSUGAR,2009-11-24 00:00:00+05:30,23.75,24.35,23.5,23.95,166680
ANDHRSUGAR,2009-11-25 00:00:00+05:30,23.95,24.5,23.75,24.05,226685
ANDHRSUGAR,2009-11-26 00:00:00+05:30,24.0,24.1,23.4,23.8,131055
ANDHRSUGAR,2009-11-27 00:00:00+05:30,23.6,23.6,22.8,23.25,137435
ANDHRSUGAR,2009-11-30 00:00:00+05:30,23.0,24.0,23.0,23.55,97175
ANDHRSUGAR,2009-12-01 00:00:00+05:30,23.7,24.3,23.45,23.65,81780
ANDHRSUGAR,2009-12-02 00:00:00+05:30,23.65,24.1,23.65,23.8,73575
ANDHRSUGAR,2009-12-03 00:00:00+05:30,23.95,24.2,23.6,23.8,96235
ANDHRSUGAR,2009-12-04 00:00:00+05:30,23.6,24.1,23.6,24.0,79810
ANDHRSUGAR,2009-12-07 00:00:00+05:30,24.4,24.4,23.7,24.0,110885
ANDHRSUGAR,2009-12-08 00:00:00+05:30,23.8,24.05,23.6,23.75,143620
ANDHRSUGAR,2009-12-09 00:00:00+05:30,23.7,23.9,22.95,23.15,265975
ANDHRSUGAR,2009-12-10 00:00:00+05:30,23.2,23.8,23.15,23.6,106620
ANDHRSUGAR,2009-12-11 00:00:00+05:30,23.7,24.1,23.45,23.6,165200
ANDHRSUGAR,2009-12-14 00:00:00+05:30,23.95,23.95,23.1,23.3,70360
ANDHRSUGAR,2009-12-15 00:00:00+05:30,23.4,23.65,23.2,23.4,74385
ANDHRSUGAR,2009-12-16 00:00:00+05:30,23.4,23.5,23.2,23.3,66990
ANDHRSUGAR,2009-12-17 00:00:00+05:30,23.2,23.5,23.2,23.35,29785
ANDHRSUGAR,2009-12-18 00:00:00+05:30,23.3,23.8,23.2,23.45,106765
ANDHRSUGAR,2009-12-21 00:00:00+05:30,23.8,23.8,22.5,23.35,69380
ANDHRSUGAR,2009-12-22 00:00:00+05:30,23.5,23.6,23.4,23.55,39930
ANDHRSUGAR,2009-12-23 00:00:00+05:30,23.25,23.9,23.25,23.5,66320
ANDHRSUGAR,2009-12-24 00:00:00+05:30,26.1,26.1,23.4,23.75,106480
ANDHRSUGAR,2009-12-29 00:00:00+05:30,23.8,24.4,23.5,24.1,151280
ANDHRSUGAR,2009-12-30 00:00:00+05:30,24.2,24.4,23.9,24.2,86415
ANDHRSUGAR,2009-12-31 00:00:00+05:30,24.9,24.9,23.6,23.85,222105
ANDHRSUGAR,2010-01-04 00:00:00+05:30,24.0,25.9,23.65,25.55,630540
ANDHRSUGAR,2010-01-05 00:00:00+05:30,25.95,26.6,25.4,25.55,599115
ANDHRSUGAR,2010-01-06 00:00:00+05:30,26.05,26.85,25.7,26.45,527660
ANDHRSUGAR,2010-01-07 00:00:00+05:30,26.9,27.1,25.9,26.1,451170
ANDHRSUGAR,2010-01-08 00:00:00+05:30,26.05,26.6,25.6,25.75,294195
ANDHRSUGAR,2010-01-11 00:00:00+05:30,26.15,26.55,26.0,26.1,226805
ANDHRSUGAR,2010-01-12 00:00:00+05:30,26.3,27.7,25.8,26.8,1612700
ANDHRSUGAR,2010-01-13 00:00:00+05:30,26.85,26.9,26.25,26.55,222610
ANDHRSUGAR,2010-01-14 00:00:00+05:30,26.8,26.8,26.1,26.25,157520
ANDHRSUGAR,2010-01-15 00:00:00+05:30,26.55,26.6,25.95,26.05,268585
ANDHRSUGAR,2010-01-18 00:00:00+05:30,25.85,26.4,25.7,25.85,156480
ANDHRSUGAR,2010-01-19 00:00:00+05:30,26.2,26.2,23.45,25.0,372645
ANDHRSUGAR,2010-01-20 00:00:00+05:30,25.1,25.7,24.75,24.8,174265
ANDHRSUGAR,2010-01-21 00:00:00+05:30,24.9,25.15,24.15,24.3,168360
ANDHRSUGAR,2010-01-22 00:00:00+05:30,24.0,24.6,23.4,24.1,205950
ANDHRSUGAR,2010-01-25 00:00:00+05:30,24.6,26.4,24.6,25.45,719040
ANDHRSUGAR,2010-01-27 00:00:00+05:30,25.9,25.95,24.3,24.6,269690
ANDHRSUGAR,2010-01-28 00:00:00+05:30,25.4,25.6,24.2,24.45,300650
ANDHRSUGAR,2010-01-29 00:00:00+05:30,24.35,25.35,24.15,25.0,337565
ANDHRSUGAR,2010-02-01 00:00:00+05:30,25.35,25.9,24.55,25.4,305975
ANDHRSUGAR,2010-02-02 00:00:00+05:30,25.6,25.95,25.05,25.2,146620
ANDHRSUGAR,2010-02-03 00:00:00+05:30,24.0,25.5,24.0,24.85,113755
ANDHRSUGAR,2010-02-04 00:00:00+05:30,24.85,25.35,24.45,24.5,79590
ANDHRSUGAR,2010-02-05 00:00:00+05:30,24.05,24.05,23.4,23.85,159770
ANDHRSUGAR,2010-02-08 00:00:00+05:30,23.5,24.55,23.5,24.0,52755
ANDHRSUGAR,2010-02-09 00:00:00+05:30,23.6,24.75,23.6,24.45,98815
ANDHRSUGAR,2010-02-10 00:00:00+05:30,24.05,24.95,24.0,24.45,89540
ANDHRSUGAR,2010-02-11 00:00:00+05:30,24.1,25.1,24.1,24.65,97530
ANDHRSUGAR,2010-02-15 00:00:00+05:30,25.0,25.0,24.25,24.3,63870
ANDHRSUGAR,2010-02-16 00:00:00+05:30,23.65,24.55,23.65,24.15,137425
ANDHRSUGAR,2010-02-17 00:00:00+05:30,24.25,24.7,24.15,24.4,205115
ANDHRSUGAR,2010-02-18 00:00:00+05:30,24.05,24.8,24.05,24.3,192060
ANDHRSUGAR,2010-02-19 00:00:00+05:30,24.05,24.55,23.9,24.1,120005
ANDHRSUGAR,2010-02-22 00:00:00+05:30,24.25,24.8,23.8,24.0,66760
ANDHRSUGAR,2010-02-23 00:00:00+05:30,23.45,24.0,23.45,23.65,105475
ANDHRSUGAR,2010-02-24 00:00:00+05:30,23.4,23.95,23.3,23.7,154730
ANDHRSUGAR,2010-02-25 00:00:00+05:30,23.45,24.2,23.45,23.6,54635
ANDHRSUGAR,2010-02-26 00:00:00+05:30,23.25,23.9,23.25,23.75,88400
ANDHRSUGAR,2010-03-02 00:00:00+05:30,23.2,24.1,23.2,23.65,58715
ANDHRSUGAR,2010-03-03 00:00:00+05:30,23.45,24.4,23.45,24.2,142280
ANDHRSUGAR,2010-03-04 00:00:00+05:30,24.2,24.35,23.8,23.9,99025
ANDHRSUGAR,2010-03-05 00:00:00+05:30,23.6,24.3,23.6,23.95,120075
ANDHRSUGAR,2010-03-08 00:00:00+05:30,24.05,24.6,24.05,24.15,68450
ANDHRSUGAR,2010-03-09 00:00:00+05:30,23.6,24.1,23.6,24.0,203630
ANDHRSUGAR,2010-03-10 00:00:00+05:30,23.7,24.05,23.7,23.8,98480
ANDHRSUGAR,2010-03-11 00:00:00+05:30,24.8,24.8,23.3,23.35,239665
ANDHRSUGAR,2010-03-12 00:00:00+05:30,23.6,23.7,22.45,22.7,393005
ANDHRSUGAR,2010-03-15 00:00:00+05:30,22.6,23.35,22.1,23.0,293020
ANDHRSUGAR,2010-03-16 00:00:00+05:30,22.45,24.95,22.45,24.15,442290
ANDHRSUGAR,2010-03-17 00:00:00+05:30,23.2,24.2,23.2,23.95,130725
ANDHRSUGAR,2010-03-18 00:00:00+05:30,22.65,24.2,22.65,24.0,92100
ANDHRSUGAR,2010-03-19 00:00:00+05:30,23.3,24.0,23.3,23.8,87860
ANDHRSUGAR,2010-03-22 00:00:00+05:30,23.45,24.15,23.45,23.7,97530
ANDHRSUGAR,2010-03-23 00:00:00+05:30,23.55,24.1,23.55,23.6,78810
ANDHRSUGAR,2010-03-25 00:00:00+05:30,23.2,23.9,23.2,23.4,90110
ANDHRSUGAR,2010-03-26 00:00:00+05:30,23.2,23.55,23.1,23.15,99190
ANDHRSUGAR,2010-03-29 00:00:00+05:30,22.6,23.4,22.6,23.1,68635
ANDHRSUGAR,2010-03-30 00:00:00+05:30,23.0,24.8,23.0,23.9,130140
ANDHRSUGAR,2010-03-31 00:00:00+05:30,23.8,24.7,23.8,23.95,272695
ANDHRSUGAR,2010-04-01 00:00:00+05:30,23.2,24.1,23.2,23.65,46070
ANDHRSUGAR,2010-04-05 00:00:00+05:30,23.4,24.4,23.05,24.0,171810
ANDHRSUGAR,2010-04-06 00:00:00+05:30,23.8,24.55,23.8,24.3,193410
ANDHRSUGAR,2010-04-07 00:00:00+05:30,24.2,25.1,24.2,24.65,203220
ANDHRSUGAR,2010-04-08 00:00:00+05:30,24.4,25.05,24.4,25.0,288395
ANDHRSUGAR,2010-04-09 00:00:00+05:30,24.6,25.55,24.4,25.25,230550
ANDHRSUGAR,2010-04-12 00:00:00+05:30,24.6,25.95,24.6,25.6,285300
ANDHRSUGAR,2010-04-13 00:00:00+05:30,25.2,26.7,25.2,25.9,504005
ANDHRSUGAR,2010-04-15 00:00:00+05:30,25.6,26.25,25.6,25.65,201785
ANDHRSUGAR,2010-04-16 00:00:00+05:30,25.8,25.8,25.45,25.5,109470
ANDHRSUGAR,2010-04-19 00:00:00+05:30,25.0,25.55,25.0,25.35,122980
ANDHRSUGAR,2010-04-20 00:00:00+05:30,24.95,25.7,24.95,25.4,100190
ANDHRSUGAR,2010-04-21 00:00:00+05:30,25.2,25.8,25.15,25.35,81885
ANDHRSUGAR,2010-04-22 00:00:00+05:30,25.05,25.85,25.05,25.25,247645
ANDHRSUGAR,2010-04-23 00:00:00+05:30,25.05,25.55,25.05,25.25,104645
ANDHRSUGAR,2010-04-26 00:00:00+05:30,25.9,25.9,25.1,25.15,167875
ANDHRSUGAR,2010-04-27 00:00:00+05:30,25.2,25.7,25.2,25.55,330200
ANDHRSUGAR,2010-04-28 00:00:00+05:30,25.1,25.65,25.1,25.3,142135
ANDHRSUGAR,2010-04-29 00:00:00+05:30,25.5,25.85,25.4,25.75,144970
ANDHRSUGAR,2010-04-30 00:00:00+05:30,25.9,25.9,25.45,25.6,73390
ANDHRSUGAR,2010-05-03 00:00:00+05:30,24.45,25.8,24.45,25.6,109740
ANDHRSUGAR,2010-05-04 00:00:00+05:30,25.6,25.7,25.4,25.55,212820
ANDHRSUGAR,2010-05-05 00:00:00+05:30,25.4,25.95,23.65,25.3,203875
ANDHRSUGAR,2010-05-06 00:00:00+05:30,25.5,25.85,25.2,25.4,120145
ANDHRSUGAR,2010-05-07 00:00:00+05:30,25.4,25.4,24.4,25.05,105140
ANDHRSUGAR,2010-05-10 00:00:00+05:30,24.9,25.55,24.9,25.1,73520
ANDHRSUGAR,2010-05-11 00:00:00+05:30,25.1,25.4,25.1,25.2,37590
ANDHRSUGAR,2010-05-12 00:00:00+05:30,24.9,25.4,24.9,25.05,103440
ANDHRSUGAR,2010-05-13 00:00:00+05:30,25.05,25.3,25.0,25.25,81495
ANDHRSUGAR,2010-05-14 00:00:00+05:30,25.15,25.35,24.8,25.05,155875
ANDHRSUGAR,2010-05-17 00:00:00+05:30,25.1,25.3,23.8,25.15,85280
ANDHRSUGAR,2010-05-18 00:00:00+05:30,24.7,25.4,24.7,25.25,42525
ANDHRSUGAR,2010-05-19 00:00:00+05:30,25.2,25.4,24.85,25.05,242340
ANDHRSUGAR,2010-05-20 00:00:00+05:30,24.2,25.45,24.2,25.3,114260
ANDHRSUGAR,2010-05-21 00:00:00+05:30,24.2,25.2,24.2,24.95,162790
ANDHRSUGAR,2010-05-24 00:00:00+05:30,26.4,26.4,24.8,25.1,100090
ANDHRSUGAR,2010-05-25 00:00:00+05:30,25.0,25.2,23.6,24.15,82280
ANDHRSUGAR,2010-05-26 00:00:00+05:30,23.8,24.8,23.8,24.45,12720
ANDHRSUGAR,2010-05-27 00:00:00+05:30,24.2,24.5,24.15,24.35,11940
ANDHRSUGAR,2010-05-28 00:00:00+05:30,24.25,25.4,24.25,25.05,139700
ANDHRSUGAR,2010-05-31 00:00:00+05:30,24.8,25.05,24.6,24.7,47090
ANDHRSUGAR,2010-06-01 00:00:00+05:30,24.05,25.0,24.05,24.4,59200
ANDHRSUGAR,2010-06-02 00:00:00+05:30,24.25,24.65,24.25,24.45,23885
ANDHRSUGAR,2010-06-03 00:00:00+05:30,24.7,25.2,24.55,24.75,60180
ANDHRSUGAR,2010-06-04 00:00:00+05:30,23.8,25.5,23.8,25.1,104245
ANDHRSUGAR,2010-06-07 00:00:00+05:30,25.0,25.2,23.95,25.0,180005
ANDHRSUGAR,2010-06-08 00:00:00+05:30,24.3,25.1,24.3,24.6,49720
ANDHRSUGAR,2010-06-09 00:00:00+05:30,24.6,25.35,24.6,25.2,193795
ANDHRSUGAR,2010-06-10 00:00:00+05:30,24.8,25.1,24.8,25.0,13745
ANDHRSUGAR,2010-06-11 00:00:00+05:30,25.0,25.3,25.0,25.15,38435
ANDHRSUGAR,2010-06-14 00:00:00+05:30,24.95,25.2,24.65,24.7,101220
ANDHRSUGAR,2010-06-15 00:00:00+05:30,28.45,28.45,24.8,25.25,129880
ANDHRSUGAR,2010-06-16 00:00:00+05:30,25.7,25.7,24.95,25.05,44070
ANDHRSUGAR,2010-06-17 00:00:00+05:30,24.4,25.3,23.6,24.95,52845
ANDHRSUGAR,2010-06-18 00:00:00+05:30,24.9,25.15,24.9,25.0,24930
ANDHRSUGAR,2010-06-21 00:00:00+05:30,24.9,25.2,24.7,25.0,40440
ANDHRSUGAR,2010-06-22 00:00:00+05:30,24.6,25.35,24.6,25.25,86510
ANDHRSUGAR,2010-06-23 00:00:00+05:30,24.8,25.35,24.8,25.25,42095
ANDHRSUGAR,2010-06-24 00:00:00+05:30,25.2,25.4,25.1,25.2,55230
ANDHRSUGAR,2010-06-25 00:00:00+05:30,25.2,25.4,25.0,25.1,60890
ANDHRSUGAR,2010-06-28 00:00:00+05:30,25.05,26.4,25.05,25.95,246230
ANDHRSUGAR,2010-06-29 00:00:00+05:30,25.5,26.3,25.4,25.85,104200
ANDHRSUGAR,2010-06-30 00:00:00+05:30,25.0,26.0,25.0,25.7,61335
ANDHRSUGAR,2010-07-01 00:00:00+05:30,25.7,26.1,25.7,25.8,69980
ANDHRSUGAR,2010-07-02 00:00:00+05:30,26.0,26.2,25.7,25.85,76760
ANDHRSUGAR,2010-07-05 00:00:00+05:30,25.3,26.35,25.3,25.8,21715
ANDHRSUGAR,2010-07-06 00:00:00+05:30,25.8,26.1,25.6,25.75,66755
ANDHRSUGAR,2010-07-07 00:00:00+05:30,25.7,25.9,25.65,25.85,28735
ANDHRSUGAR,2010-07-08 00:00:00+05:30,25.7,26.15,25.7,25.8,88730
ANDHRSUGAR,2010-07-09 00:00:00+05:30,25.8,26.95,25.65,26.05,539520
ANDHRSUGAR,2010-07-12 00:00:00+05:30,26.3,26.7,26.3,26.5,115955
ANDHRSUGAR,2010-07-13 00:00:00+05:30,26.35,26.95,26.3,26.7,226510
ANDHRSUGAR,2010-07-14 00:00:00+05:30,26.55,27.5,26.55,26.95,233730
ANDHRSUGAR,2010-07-15 00:00:00+05:30,27.2,27.3,26.65,27.2,87800
ANDHRSUGAR,2010-07-16 00:00:00+05:30,27.2,28.2,27.0,28.0,496775
ANDHRSUGAR,2010-07-19 00:00:00+05:30,27.95,28.5,27.3,27.45,331315
ANDHRSUGAR,2010-07-20 00:00:00+05:30,27.9,28.2,27.45,27.75,230005
ANDHRSUGAR,2010-07-21 00:00:00+05:30,28.0,28.0,27.6,27.85,106595
ANDHRSUGAR,2010-07-22 00:00:00+05:30,28.0,28.0,27.5,27.7,81235
ANDHRSUGAR,2010-07-23 00:00:00+05:30,27.35,27.9,27.35,27.6,99845
ANDHRSUGAR,2010-07-26 00:00:00+05:30,27.95,28.0,27.3,27.3,70855
ANDHRSUGAR,2010-07-27 00:00:00+05:30,27.3,27.55,27.0,27.2,64535
ANDHRSUGAR,2010-07-28 00:00:00+05:30,27.2,27.55,26.6,27.05,107590
ANDHRSUGAR,2010-07-29 00:00:00+05:30,27.05,27.5,27.0,27.4,89070
ANDHRSUGAR,2010-07-30 00:00:00+05:30,27.2,27.65,26.45,26.8,53825
ANDHRSUGAR,2010-08-02 00:00:00+05:30,27.0,27.4,26.8,27.05,76590
ANDHRSUGAR,2010-08-03 00:00:00+05:30,27.3,27.3,26.7,26.95,189100
ANDHRSUGAR,2010-08-04 00:00:00+05:30,27.0,27.7,26.8,26.95,87335
ANDHRSUGAR,2010-08-05 00:00:00+05:30,27.15,27.2,26.65,26.85,88300
ANDHRSUGAR,2010-08-06 00:00:00+05:30,27.0,27.3,26.9,27.25,99785
ANDHRSUGAR,2010-08-09 00:00:00+05:30,27.45,28.0,27.45,27.75,69130
ANDHRSUGAR,2010-08-10 00:00:00+05:30,26.6,26.6,25.55,25.85,587295
ANDHRSUGAR,2010-08-11 00:00:00+05:30,25.9,25.9,25.4,25.7,103390
ANDHRSUGAR,2010-08-12 00:00:00+05:30,26.2,27.9,25.45,26.0,84015
ANDHRSUGAR,2010-08-13 00:00:00+05:30,26.1,26.2,25.55,25.65,109135
ANDHRSUGAR,2010-08-16 00:00:00+05:30,25.8,25.8,25.45,25.65,176920
ANDHRSUGAR,2010-08-17 00:00:00+05:30,26.2,26.75,25.65,25.95,553345
ANDHRSUGAR,2010-08-18 00:00:00+05:30,26.7,26.7,26.2,26.3,140720
ANDHRSUGAR,2010-08-19 00:00:00+05:30,26.45,26.5,26.2,26.4,88495
ANDHRSUGAR,2010-08-20 00:00:00+05:30,26.25,26.45,26.0,26.2,107770
ANDHRSUGAR,2010-08-23 00:00:00+05:30,26.5,26.5,25.85,26.15,255870
ANDHRSUGAR,2010-08-24 00:00:00+05:30,26.15,26.35,25.95,26.05,96125
ANDHRSUGAR,2010-08-25 00:00:00+05:30,26.15,26.15,25.65,25.75,126600
ANDHRSUGAR,2010-08-26 00:00:00+05:30,26.0,26.0,25.45,25.55,74840
ANDHRSUGAR,2010-08-27 00:00:00+05:30,25.6,25.75,25.2,25.5,56625
ANDHRSUGAR,2010-08-30 00:00:00+05:30,25.9,25.9,25.2,25.25,100570
ANDHRSUGAR,2010-08-31 00:00:00+05:30,25.2,25.5,24.65,25.0,145735
ANDHRSUGAR,2010-09-01 00:00:00+05:30,25.0,25.5,24.95,25.35,219660
ANDHRSUGAR,2010-09-02 00:00:00+05:30,25.3,26.75,25.3,26.35,563530
ANDHRSUGAR,2010-09-03 00:00:00+05:30,26.65,26.7,26.4,26.5,254640
ANDHRSUGAR,2010-09-06 00:00:00+05:30,26.75,26.9,26.5,26.65,235620
ANDHRSUGAR,2010-09-07 00:00:00+05:30,26.8,27.2,26.75,27.05,321420
ANDHRSUGAR,2010-09-08 00:00:00+05:30,27.4,29.8,27.4,27.95,1028625
ANDHRSUGAR,2010-09-09 00:00:00+05:30,28.5,28.5,27.5,27.55,243935
ANDHRSUGAR,2010-09-13 00:00:00+05:30,28.2,28.2,27.6,27.7,244250
ANDHRSUGAR,2010-09-14 00:00:00+05:30,27.8,28.2,27.35,27.55,261225
ANDHRSUGAR,2010-09-15 00:00:00+05:30,27.4,28.0,27.2,27.4,259015
ANDHRSUGAR,2010-09-16 00:00:00+05:30,27.65,27.75,27.45,27.55,190460
ANDHRSUGAR,2010-09-17 00:00:00+05:30,27.9,28.15,27.65,28.05,440950
ANDHRSUGAR,2010-09-20 00:00:00+05:30,28.2,29.1,28.05,28.75,1398980
ANDHRSUGAR,2010-09-21 00:00:00+05:30,28.0,28.2,26.6,26.75,786295
ANDHRSUGAR,2010-09-22 00:00:00+05:30,26.8,26.95,26.25,26.35,248095
ANDHRSUGAR,2010-09-23 00:00:00+05:30,26.2,26.7,25.6,25.8,144045
ANDHRSUGAR,2010-09-24 00:00:00+05:30,25.8,26.1,25.5,25.6,132175
ANDHRSUGAR,2010-09-27 00:00:00+05:30,26.2,26.5,25.6,25.7,297985
ANDHRSUGAR,2010-09-28 00:00:00+05:30,25.8,26.35,25.4,25.6,198095
ANDHRSUGAR,2010-09-29 00:00:00+05:30,25.8,25.85,25.3,25.4,88090
ANDHRSUGAR,2010-09-30 00:00:00+05:30,25.6,26.6,25.6,25.8,360075
ANDHRSUGAR,2010-10-01 00:00:00+05:30,26.2,26.4,26.0,26.1,178140
ANDHRSUGAR,2010-10-04 00:00:00+05:30,26.1,26.4,25.45,25.55,284775
ANDHRSUGAR,2010-10-05 00:00:00+05:30,25.6,25.85,25.4,25.45,74655
ANDHRSUGAR,2010-10-06 00:00:00+05:30,25.4,25.9,25.4,25.6,103595
ANDHRSUGAR,2010-10-07 00:00:00+05:30,25.6,25.8,25.3,25.4,136700
ANDHRSUGAR,2010-10-08 00:00:00+05:30,25.6,25.6,25.0,25.1,77600
ANDHRSUGAR,2010-10-11 00:00:00+05:30,25.4,25.55,25.15,25.25,78075
ANDHRSUGAR,2010-10-12 00:00:00+05:30,25.3,25.4,24.9,25.1,81605
ANDHRSUGAR,2010-10-13 00:00:00+05:30,25.6,25.9,25.1,25.25,48465
ANDHRSUGAR,2010-10-14 00:00:00+05:30,25.3,25.4,25.0,25.1,95955
ANDHRSUGAR,2010-10-15 00:00:00+05:30,25.2,25.3,24.8,24.85,63490
ANDHRSUGAR,2010-10-18 00:00:00+05:30,24.6,25.1,24.6,24.7,64230
ANDHRSUGAR,2010-10-19 00:00:00+05:30,24.6,24.9,24.55,24.6,63885
ANDHRSUGAR,2010-10-20 00:00:00+05:30,24.45,25.3,24.45,24.8,115380
ANDHRSUGAR,2010-10-21 00:00:00+05:30,25.9,25.9,24.65,24.9,60880
ANDHRSUGAR,2010-10-22 00:00:00+05:30,25.2,25.4,24.9,25.0,68045
ANDHRSUGAR,2010-10-25 00:00:00+05:30,24.8,24.8,24.0,24.1,263515
ANDHRSUGAR,2010-10-26 00:00:00+05:30,24.2,24.55,23.8,24.35,157700
ANDHRSUGAR,2010-10-27 00:00:00+05:30,24.2,24.3,23.75,23.95,83965
ANDHRSUGAR,2010-10-28 00:00:00+05:30,24.0,24.1,23.65,23.8,39965
ANDHRSUGAR,2010-10-29 00:00:00+05:30,23.8,23.8,23.5,23.65,44530
ANDHRSUGAR,2010-11-01 00:00:00+05:30,23.65,24.0,23.35,23.4,110875
ANDHRSUGAR,2010-11-02 00:00:00+05:30,23.7,23.7,23.35,23.5,35090
ANDHRSUGAR,2010-11-03 00:00:00+05:30,23.6,24.1,23.45,23.75,57650
ANDHRSUGAR,2010-11-04 00:00:00+05:30,23.8,23.95,23.35,23.6,107920
ANDHRSUGAR,2010-11-05 00:00:00+05:30,23.4,24.3,23.4,24.05,97355
ANDHRSUGAR,2010-11-08 00:00:00+05:30,24.1,25.55,23.85,25.0,496140
ANDHRSUGAR,2010-11-09 00:00:00+05:30,25.0,25.4,24.6,24.95,160735
ANDHRSUGAR,2010-11-10 00:00:00+05:30,24.9,25.55,24.75,25.1,112360
ANDHRSUGAR,2010-11-11 00:00:00+05:30,25.1,25.25,24.7,24.8,94820
ANDHRSUGAR,2010-11-12 00:00:00+05:30,24.5,24.8,23.95,24.05,135170
ANDHRSUGAR,2010-11-15 00:00:00+05:30,24.25,24.6,23.8,24.4,41720
ANDHRSUGAR,2010-11-16 00:00:00+05:30,24.4,24.5,23.7,23.9,90715
ANDHRSUGAR,2010-11-18 00:00:00+05:30,24.0,24.05,23.2,23.55,52895
ANDHRSUGAR,2010-11-19 00:00:00+05:30,23.5,23.8,23.2,23.25,40170
ANDHRSUGAR,2010-11-22 00:00:00+05:30,23.2,23.4,23.0,23.2,29780
ANDHRSUGAR,2010-11-23 00:00:00+05:30,23.2,23.35,22.75,22.85,44500
ANDHRSUGAR,2010-11-24 00:00:00+05:30,22.7,23.4,22.7,23.15,40425
ANDHRSUGAR,2010-11-25 00:00:00+05:30,23.2,23.3,22.6,22.7,68150
ANDHRSUGAR,2010-11-26 00:00:00+05:30,22.9,22.9,21.7,22.05,119990
ANDHRSUGAR,2010-11-29 00:00:00+05:30,22.2,22.6,21.85,22.15,52995
ANDHRSUGAR,2010-11-30 00:00:00+05:30,22.0,22.8,21.65,22.6,44540
ANDHRSUGAR,2010-12-01 00:00:00+05:30,22.7,23.3,22.7,22.9,84865
ANDHRSUGAR,2010-12-02 00:00:00+05:30,22.85,23.7,22.8,23.15,190865
ANDHRSUGAR,2010-12-03 00:00:00+05:30,23.5,23.5,22.8,22.85,44745
ANDHRSUGAR,2010-12-06 00:00:00+05:30,22.9,23.25,22.8,22.85,56030
ANDHRSUGAR,2010-12-07 00:00:00+05:30,22.8,23.0,22.3,22.45,26975
ANDHRSUGAR,2010-12-08 00:00:00+05:30,22.45,22.7,22.1,22.35,44745
ANDHRSUGAR,2010-12-09 00:00:00+05:30,23.6,23.6,20.2,20.6,154240
ANDHRSUGAR,2010-12-10 00:00:00+05:30,20.8,21.8,20.0,21.05,110865
ANDHRSUGAR,2010-12-13 00:00:00+05:30,21.3,22.0,21.0,21.25,104510
ANDHRSUGAR,2010-12-14 00:00:00+05:30,21.2,22.0,21.1,21.25,141250
ANDHRSUGAR,2010-12-15 00:00:00+05:30,21.1,21.5,21.0,21.2,76200
ANDHRSUGAR,2010-12-16 00:00:00+05:30,21.6,22.4,21.2,21.4,253375
ANDHRSUGAR,2010-12-20 00:00:00+05:30,21.45,21.75,21.2,21.45,127380
ANDHRSUGAR,2010-12-21 00:00:00+05:30,21.6,21.7,20.2,21.55,111240
ANDHRSUGAR,2010-12-22 00:00:00+05:30,21.4,21.9,21.3,21.5,84785
ANDHRSUGAR,2010-12-23 00:00:00+05:30,21.5,21.75,21.35,21.55,134515
ANDHRSUGAR,2010-12-24 00:00:00+05:30,21.7,22.4,21.5,22.25,244360
ANDHRSUGAR,2010-12-27 00:00:00+05:30,22.3,23.4,22.3,23.25,366975
ANDHRSUGAR,2010-12-28 00:00:00+05:30,23.25,23.5,23.2,23.4,143760
ANDHRSUGAR,2010-12-29 00:00:00+05:30,23.4,24.5,23.0,24.3,274460
ANDHRSUGAR,2010-12-30 00:00:00+05:30,24.35,25.0,24.15,24.75,210315
ANDHRSUGAR,2010-12-31 00:00:00+05:30,24.4,24.6,24.05,24.15,115505
ANDHRSUGAR,2011-01-03 00:00:00+05:30,24.4,24.6,24.15,24.25,293025
ANDHRSUGAR,2011-01-04 00:00:00+05:30,24.4,25.1,24.25,24.7,334975
ANDHRSUGAR,2011-01-05 00:00:00+05:30,24.7,24.8,24.25,24.35,122245
ANDHRSUGAR,2011-01-06 00:00:00+05:30,24.4,24.5,24.1,24.2,50030
ANDHRSUGAR,2011-01-07 00:00:00+05:30,24.35,24.4,23.7,23.8,111135
ANDHRSUGAR,2011-01-10 00:00:00+05:30,23.8,23.8,22.55,22.75,84245
ANDHRSUGAR,2011-01-11 00:00:00+05:30,22.65,23.2,22.2,22.3,84555
ANDHRSUGAR,2011-01-12 00:00:00+05:30,22.3,23.3,22.3,23.0,56160
ANDHRSUGAR,2011-01-13 00:00:00+05:30,23.5,23.5,22.6,22.75,56130
ANDHRSUGAR,2011-01-14 00:00:00+05:30,22.9,23.35,22.1,22.65,55965
ANDHRSUGAR,2011-01-17 00:00:00+05:30,22.4,22.7,22.3,22.4,30850
ANDHRSUGAR,2011-01-18 00:00:00+05:30,22.2,22.6,21.8,22.05,85600
ANDHRSUGAR,2011-01-19 00:00:00+05:30,22.3,22.65,22.1,22.4,41990
ANDHRSUGAR,2011-01-20 00:00:00+05:30,22.2,22.4,21.85,22.0,62530
ANDHRSUGAR,2011-01-21 00:00:00+05:30,22.2,22.6,21.45,21.55,184170
ANDHRSUGAR,2011-01-24 00:00:00+05:30,21.8,22.1,21.75,21.85,43740
ANDHRSUGAR,2011-01-25 00:00:00+05:30,22.0,22.0,21.8,21.8,10550
ANDHRSUGAR,2011-01-27 00:00:00+05:30,21.6,21.85,21.45,21.5,19565
ANDHRSUGAR,2011-01-28 00:00:00+05:30,21.4,21.6,20.35,20.8,47280
ANDHRSUGAR,2011-01-31 00:00:00+05:30,20.2,20.4,19.6,20.2,147610
ANDHRSUGAR,2011-02-01 00:00:00+05:30,20.1,20.6,20.1,20.2,81195
ANDHRSUGAR,2011-02-02 00:00:00+05:30,20.4,20.4,20.2,20.25,51920
ANDHRSUGAR,2011-02-03 00:00:00+05:30,20.55,20.85,20.2,20.55,56430
ANDHRSUGAR,2011-02-04 00:00:00+05:30,20.55,21.05,20.4,20.4,52210
ANDHRSUGAR,2011-02-07 00:00:00+05:30,20.4,20.75,20.0,20.1,33930
ANDHRSUGAR,2011-02-08 00:00:00+05:30,20.4,20.4,19.65,19.75,38320
ANDHRSUGAR,2011-02-09 00:00:00+05:30,19.95,19.95,18.75,18.9,88210
ANDHRSUGAR,2011-02-10 00:00:00+05:30,18.9,18.9,15.55,18.55,291955
ANDHRSUGAR,2011-02-11 00:00:00+05:30,18.55,18.95,18.2,18.75,28895
ANDHRSUGAR,2011-02-14 00:00:00+05:30,18.8,19.7,18.8,19.6,117775
ANDHRSUGAR,2011-02-15 00:00:00+05:30,19.4,19.9,18.45,19.85,30515
ANDHRSUGAR,2011-02-16 00:00:00+05:30,20.0,20.4,19.55,19.75,18520
ANDHRSUGAR,2011-02-17 00:00:00+05:30,19.95,19.95,19.7,19.85,7865
ANDHRSUGAR,2011-02-18 00:00:00+05:30,20.0,20.2,19.0,19.15,56005
ANDHRSUGAR,2011-02-21 00:00:00+05:30,19.4,19.7,18.95,19.1,40155
ANDHRSUGAR,2011-02-22 00:00:00+05:30,19.35,19.35,18.9,19.25,17590
ANDHRSUGAR,2011-02-23 00:00:00+05:30,19.4,19.4,18.9,19.05,23020
ANDHRSUGAR,2011-02-24 00:00:00+05:30,19.2,19.2,18.5,18.65,14100
ANDHRSUGAR,2011-02-25 00:00:00+05:30,18.4,18.95,18.2,18.35,51270
ANDHRSUGAR,2011-02-28 00:00:00+05:30,18.3,18.5,18.0,18.2,47520
ANDHRSUGAR,2011-03-01 00:00:00+05:30,18.2,18.75,18.2,18.45,23140
ANDHRSUGAR,2011-03-03 00:00:00+05:30,18.5,18.55,17.9,18.05,78915
ANDHRSUGAR,2011-03-04 00:00:00+05:30,18.4,18.4,18.25,18.35,20425
ANDHRSUGAR,2011-03-07 00:00:00+05:30,18.4,18.4,18.0,18.35,33875
ANDHRSUGAR,2011-03-08 00:00:00+05:30,18.35,18.5,18.1,18.3,16595
ANDHRSUGAR,2011-03-09 00:00:00+05:30,18.5,18.5,17.75,17.8,143670
ANDHRSUGAR,2011-03-10 00:00:00+05:30,17.9,18.0,17.65,17.85,37800
ANDHRSUGAR,2011-03-11 00:00:00+05:30,17.7,17.85,17.15,17.75,72695
ANDHRSUGAR,2011-03-14 00:00:00+05:30,17.75,17.85,17.55,17.7,57710
ANDHRSUGAR,2011-03-15 00:00:00+05:30,17.6,17.85,17.25,17.35,70405
ANDHRSUGAR,2011-03-16 00:00:00+05:30,17.6,17.7,17.35,17.4,78180
ANDHRSUGAR,2011-03-17 00:00:00+05:30,17.45,17.75,17.0,17.3,127905
ANDHRSUGAR,2011-03-18 00:00:00+05:30,17.2,17.55,17.2,17.3,44005
ANDHRSUGAR,2011-03-21 00:00:00+05:30,17.1,17.4,17.1,17.2,41540
ANDHRSUGAR,2011-03-22 00:00:00+05:30,17.6,18.0,17.45,17.55,68600
ANDHRSUGAR,2011-03-23 00:00:00+05:30,18.0,18.2,17.4,17.5,93080
ANDHRSUGAR,2011-03-24 00:00:00+05:30,17.65,17.7,17.2,17.25,104325
ANDHRSUGAR,2011-03-25 00:00:00+05:30,17.2,17.7,17.2,17.45,95115
ANDHRSUGAR,2011-03-28 00:00:00+05:30,17.25,17.6,17.2,17.3,58465
ANDHRSUGAR,2011-03-29 00:00:00+05:30,17.35,17.7,17.35,17.4,78380
ANDHRSUGAR,2011-03-30 00:00:00+05:30,17.6,17.8,17.4,17.75,42665
ANDHRSUGAR,2011-03-31 00:00:00+05:30,17.8,18.0,17.4,17.5,53705
ANDHRSUGAR,2011-04-01 00:00:00+05:30,17.8,18.3,17.5,18.2,80080
ANDHRSUGAR,2011-04-04 00:00:00+05:30,18.2,18.85,18.1,18.75,82910
ANDHRSUGAR,2011-04-05 00:00:00+05:30,18.9,19.2,18.65,19.0,54710
ANDHRSUGAR,2011-04-06 00:00:00+05:30,18.8,19.45,18.7,19.35,83930
ANDHRSUGAR,2011-04-07 00:00:00+05:30,19.6,19.8,19.3,19.5,91455
ANDHRSUGAR,2011-04-08 00:00:00+05:30,19.3,19.7,19.0,19.2,43910
ANDHRSUGAR,2011-04-11 00:00:00+05:30,19.2,19.3,18.8,19.1,38930
ANDHRSUGAR,2011-04-13 00:00:00+05:30,18.85,19.35,18.8,19.15,30005
ANDHRSUGAR,2011-04-15 00:00:00+05:30,19.0,19.3,18.8,18.95,54730
ANDHRSUGAR,2011-04-18 00:00:00+05:30,19.1,22.7,19.1,21.75,3205550
ANDHRSUGAR,2011-04-19 00:00:00+05:30,22.75,26.1,20.3,20.95,716595
ANDHRSUGAR,2011-04-20 00:00:00+05:30,21.3,21.65,20.6,21.3,395875
ANDHRSUGAR,2011-04-21 00:00:00+05:30,21.15,21.4,20.65,20.8,144980
ANDHRSUGAR,2011-04-25 00:00:00+05:30,21.0,21.1,20.6,20.75,62865
ANDHRSUGAR,2011-04-26 00:00:00+05:30,20.5,21.0,20.35,20.6,43655
ANDHRSUGAR,2011-04-27 00:00:00+05:30,20.8,20.8,20.3,20.35,28145
ANDHRSUGAR,2011-04-28 00:00:00+05:30,20.2,20.4,20.05,20.2,80995
ANDHRSUGAR,2011-04-29 00:00:00+05:30,20.5,20.6,20.0,20.05,73920
ANDHRSUGAR,2011-05-02 00:00:00+05:30,20.0,20.75,19.8,20.25,313535
ANDHRSUGAR,2011-05-03 00:00:00+05:30,20.5,21.25,20.5,20.75,379540
ANDHRSUGAR,2011-05-04 00:00:00+05:30,20.9,20.9,19.95,20.35,82845
ANDHRSUGAR,2011-05-05 00:00:00+05:30,20.4,20.55,20.0,20.1,36585
ANDHRSUGAR,2011-05-06 00:00:00+05:30,20.6,20.6,20.1,20.35,40310
ANDHRSUGAR,2011-05-09 00:00:00+05:30,20.6,20.8,20.15,20.3,65455
ANDHRSUGAR,2011-05-10 00:00:00+05:30,20.55,20.55,19.95,20.0,63110
ANDHRSUGAR,2011-05-11 00:00:00+05:30,19.95,20.2,19.65,20.0,21980
ANDHRSUGAR,2011-05-12 00:00:00+05:30,20.0,20.4,19.8,19.8,62860
ANDHRSUGAR,2011-05-13 00:00:00+05:30,19.05,20.05,19.05,19.95,32390
ANDHRSUGAR,2011-05-16 00:00:00+05:30,19.8,20.0,19.6,19.65,23925
ANDHRSUGAR,2011-05-17 00:00:00+05:30,19.75,19.8,19.45,19.55,16945
ANDHRSUGAR,2011-05-18 00:00:00+05:30,19.4,19.8,19.1,19.2,35265
ANDHRSUGAR,2011-05-19 00:00:00+05:30,19.5,19.5,19.05,19.2,12365
ANDHRSUGAR,2011-05-20 00:00:00+05:30,19.5,19.7,19.3,19.5,32395
ANDHRSUGAR,2011-05-23 00:00:00+05:30,19.6,19.6,19.1,19.2,14190
ANDHRSUGAR,2011-05-24 00:00:00+05:30,19.6,19.6,19.15,19.35,17950
ANDHRSUGAR,2011-05-25 00:00:00+05:30,19.4,19.4,18.6,18.85,44755
ANDHRSUGAR,2011-05-26 00:00:00+05:30,19.2,19.2,18.5,18.7,42365
ANDHRSUGAR,2011-05-27 00:00:00+05:30,18.8,18.95,18.6,18.8,31500
ANDHRSUGAR,2011-05-30 00:00:00+05:30,18.75,19.05,18.75,18.95,31375
ANDHRSUGAR,2011-05-31 00:00:00+05:30,19.15,19.15,18.9,18.9,39100
ANDHRSUGAR,2011-06-01 00:00:00+05:30,19.0,19.6,18.9,19.45,63860
ANDHRSUGAR,2011-06-02 00:00:00+05:30,19.4,19.7,19.35,19.45,18300
ANDHRSUGAR,2011-06-03 00:00:00+05:30,19.6,19.7,19.3,19.5,30870
ANDHRSUGAR,2011-06-06 00:00:00+05:30,19.6,19.6,19.1,19.4,15790
ANDHRSUGAR,2011-06-07 00:00:00+05:30,19.6,19.6,19.2,19.4,26490
ANDHRSUGAR,2011-06-08 00:00:00+05:30,19.6,19.6,19.4,19.5,53810
ANDHRSUGAR,2011-06-09 00:00:00+05:30,19.6,19.65,18.6,18.8,79570
ANDHRSUGAR,2011-06-10 00:00:00+05:30,19.0,19.1,18.45,18.5,142405
ANDHRSUGAR,2011-06-13 00:00:00+05:30,18.5,18.8,18.45,18.55,33270
ANDHRSUGAR,2011-06-14 00:00:00+05:30,18.8,18.8,18.45,18.6,33895
ANDHRSUGAR,2011-06-15 00:00:00+05:30,18.8,18.9,18.65,18.7,34930
ANDHRSUGAR,2011-06-16 00:00:00+05:30,18.8,18.8,18.0,18.25,64465
ANDHRSUGAR,2011-06-17 00:00:00+05:30,18.3,18.75,18.0,18.2,116985
ANDHRSUGAR,2011-06-20 00:00:00+05:30,18.4,18.5,17.85,18.0,36465
ANDHRSUGAR,2011-06-21 00:00:00+05:30,18.05,18.2,17.9,17.95,25895
ANDHRSUGAR,2011-06-22 00:00:00+05:30,18.2,18.2,17.6,17.7,46370
ANDHRSUGAR,2011-06-23 00:00:00+05:30,17.6,18.1,16.4,17.9,62985
ANDHRSUGAR,2011-06-24 00:00:00+05:30,18.1,18.8,18.0,18.35,37950
ANDHRSUGAR,2011-06-27 00:00:00+05:30,18.35,18.5,18.15,18.35,27835
ANDHRSUGAR,2011-06-28 00:00:00+05:30,18.4,18.7,18.4,18.5,34250
ANDHRSUGAR,2011-06-29 00:00:00+05:30,18.6,19.0,18.6,18.75,61495
ANDHRSUGAR,2011-06-30 00:00:00+05:30,19.0,19.1,18.85,18.95,29660
ANDHRSUGAR,2011-07-01 00:00:00+05:30,19.0,19.5,18.8,19.05,79910
ANDHRSUGAR,2011-07-04 00:00:00+05:30,19.4,19.5,19.15,19.35,67265
ANDHRSUGAR,2011-07-05 00:00:00+05:30,19.3,19.55,19.2,19.4,27600
ANDHRSUGAR,2011-07-06 00:00:00+05:30,19.45,19.65,19.25,19.5,32160
ANDHRSUGAR,2011-07-07 00:00:00+05:30,19.6,19.7,19.3,19.6,24220
ANDHRSUGAR,2011-07-08 00:00:00+05:30,19.6,19.85,19.25,19.65,45475
ANDHRSUGAR,2011-07-11 00:00:00+05:30,19.6,19.8,19.55,19.55,17090
ANDHRSUGAR,2011-07-12 00:00:00+05:30,19.4,19.6,19.05,19.3,27230
ANDHRSUGAR,2011-07-13 00:00:00+05:30,19.1,19.6,19.1,19.45,15535
ANDHRSUGAR,2011-07-14 00:00:00+05:30,19.4,19.6,19.15,19.6,22075
ANDHRSUGAR,2011-07-15 00:00:00+05:30,19.7,19.8,19.35,19.65,35245
ANDHRSUGAR,2011-07-18 00:00:00+05:30,19.8,20.05,19.7,19.95,82365
ANDHRSUGAR,2011-07-19 00:00:00+05:30,19.9,20.2,19.85,20.1,64610
ANDHRSUGAR,2011-07-20 00:00:00+05:30,20.15,20.45,19.75,19.9,69925
ANDHRSUGAR,2011-07-21 00:00:00+05:30,20.1,20.1,19.6,19.7,26235
ANDHRSUGAR,2011-07-22 00:00:00+05:30,20.0,20.1,19.7,19.75,24110
ANDHRSUGAR,2011-07-25 00:00:00+05:30,19.6,19.95,19.6,19.85,27010
ANDHRSUGAR,2011-07-26 00:00:00+05:30,19.7,20.0,19.7,19.8,34905
ANDHRSUGAR,2011-07-27 00:00:00+05:30,19.65,19.9,19.65,19.75,27965
ANDHRSUGAR,2011-07-28 00:00:00+05:30,19.8,20.0,19.65,19.8,61430
ANDHRSUGAR,2011-07-29 00:00:00+05:30,19.9,22.0,19.9,21.85,1454765
ANDHRSUGAR,2011-08-01 00:00:00+05:30,22.0,22.3,21.7,21.9,375035
ANDHRSUGAR,2011-08-02 00:00:00+05:30,21.7,22.05,21.35,21.65,254655
ANDHRSUGAR,2011-08-03 00:00:00+05:30,21.45,22.0,21.4,22.0,240460
ANDHRSUGAR,2011-08-04 00:00:00+05:30,21.85,22.2,21.4,21.45,170100
ANDHRSUGAR,2011-08-05 00:00:00+05:30,21.4,21.4,21.0,21.35,214325
ANDHRSUGAR,2011-08-08 00:00:00+05:30,20.8,21.3,20.45,20.95,223665
ANDHRSUGAR,2011-08-09 00:00:00+05:30,20.8,21.2,20.45,20.9,142935
ANDHRSUGAR,2011-08-10 00:00:00+05:30,21.2,21.75,20.8,21.1,114755
ANDHRSUGAR,2011-08-11 00:00:00+05:30,21.1,21.95,20.7,21.05,401115
ANDHRSUGAR,2011-08-12 00:00:00+05:30,21.1,21.6,21.1,21.4,74265
ANDHRSUGAR,2011-08-16 00:00:00+05:30,21.4,21.6,21.0,21.2,100910
ANDHRSUGAR,2011-08-17 00:00:00+05:30,21.0,21.4,20.9,21.25,54450
ANDHRSUGAR,2011-08-18 00:00:00+05:30,21.0,21.35,20.7,20.75,71885
ANDHRSUGAR,2011-08-19 00:00:00+05:30,20.4,20.65,20.2,20.4,80620
ANDHRSUGAR,2011-08-22 00:00:00+05:30,20.3,20.8,20.3,20.65,59930
ANDHRSUGAR,2011-08-23 00:00:00+05:30,20.4,21.2,20.4,20.9,28470
ANDHRSUGAR,2011-08-24 00:00:00+05:30,20.6,21.1,20.6,20.85,60870
ANDHRSUGAR,2011-08-25 00:00:00+05:30,20.55,21.0,20.55,20.75,27340
ANDHRSUGAR,2011-08-26 00:00:00+05:30,20.6,20.9,20.5,20.65,53795
ANDHRSUGAR,2011-08-29 00:00:00+05:30,20.4,21.0,20.4,20.9,48660
ANDHRSUGAR,2011-08-30 00:00:00+05:30,20.8,21.2,20.8,21.1,39240
ANDHRSUGAR,2011-09-02 00:00:00+05:30,20.8,21.2,20.8,21.05,72600
ANDHRSUGAR,2011-09-05 00:00:00+05:30,20.8,21.75,20.8,21.65,134245
ANDHRSUGAR,2011-09-06 00:00:00+05:30,21.4,22.4,21.4,22.35,149660
ANDHRSUGAR,2011-09-07 00:00:00+05:30,22.6,23.1,22.6,22.95,306800
ANDHRSUGAR,2011-09-08 00:00:00+05:30,23.3,23.8,22.8,23.5,319505
ANDHRSUGAR,2011-09-09 00:00:00+05:30,23.6,23.7,22.9,23.0,163970
ANDHRSUGAR,2011-09-12 00:00:00+05:30,19.15,23.2,19.15,22.95,119070
ANDHRSUGAR,2011-09-13 00:00:00+05:30,23.05,24.0,23.0,23.05,161385
ANDHRSUGAR,2011-09-14 00:00:00+05:30,22.8,23.15,22.65,22.7,225325
ANDHRSUGAR,2011-09-15 00:00:00+05:30,22.0,22.0,20.5,20.85,466110
ANDHRSUGAR,2011-09-16 00:00:00+05:30,20.75,21.0,20.4,20.6,131460
ANDHRSUGAR,2011-09-19 00:00:00+05:30,20.4,20.5,20.0,20.1,85835
ANDHRSUGAR,2011-09-20 00:00:00+05:30,20.25,20.35,20.0,20.1,54655
ANDHRSUGAR,2011-09-21 00:00:00+05:30,20.1,20.3,19.9,20.05,67235
ANDHRSUGAR,2011-09-22 00:00:00+05:30,19.85,19.9,19.6,19.6,152470
ANDHRSUGAR,2011-09-23 00:00:00+05:30,19.4,20.0,19.4,19.75,73695
ANDHRSUGAR,2011-09-26 00:00:00+05:30,19.7,19.85,19.45,19.55,56465
ANDHRSUGAR,2011-09-27 00:00:00+05:30,19.4,19.8,19.2,19.6,31935
ANDHRSUGAR,2011-09-28 00:00:00+05:30,19.6,19.7,19.5,19.55,20285
ANDHRSUGAR,2011-09-29 00:00:00+05:30,19.45,19.6,19.35,19.5,41225
ANDHRSUGAR,2011-09-30 00:00:00+05:30,19.6,19.65,19.4,19.4,27275
ANDHRSUGAR,2011-10-03 00:00:00+05:30,19.45,19.45,19.15,19.2,17695
ANDHRSUGAR,2011-10-04 00:00:00+05:30,19.05,19.25,19.05,19.1,40165
ANDHRSUGAR,2011-10-05 00:00:00+05:30,19.2,19.2,19.05,19.05,51245
ANDHRSUGAR,2011-10-07 00:00:00+05:30,19.0,19.4,19.0,19.2,21505
ANDHRSUGAR,2011-10-10 00:00:00+05:30,19.2,19.4,19.0,19.25,11900
ANDHRSUGAR,2011-10-11 00:00:00+05:30,19.4,19.55,19.3,19.35,20960
ANDHRSUGAR,2011-10-12 00:00:00+05:30,19.2,19.7,19.2,19.6,31165
ANDHRSUGAR,2011-10-13 00:00:00+05:30,19.65,19.8,19.55,19.6,17805
ANDHRSUGAR,2011-10-14 00:00:00+05:30,19.8,19.8,19.6,19.65,17745
ANDHRSUGAR,2011-10-17 00:00:00+05:30,19.6,20.05,19.6,20.0,45580
ANDHRSUGAR,2011-10-18 00:00:00+05:30,19.8,20.0,19.55,19.85,37500
ANDHRSUGAR,2011-10-19 00:00:00+05:30,20.0,20.25,19.8,20.05,46075
ANDHRSUGAR,2011-10-20 00:00:00+05:30,20.1,20.4,19.85,20.2,48305
ANDHRSUGAR,2011-10-21 00:00:00+05:30,20.35,20.65,20.15,20.6,69615
ANDHRSUGAR,2011-10-24 00:00:00+05:30,20.45,21.1,20.45,20.95,100040
ANDHRSUGAR,2011-10-25 00:00:00+05:30,20.85,21.2,20.85,20.95,41140
ANDHRSUGAR,2011-10-28 00:00:00+05:30,21.6,21.9,21.45,21.65,64740
ANDHRSUGAR,2011-10-31 00:00:00+05:30,22.2,25.9,22.2,24.75,2049115
ANDHRSUGAR,2011-11-01 00:00:00+05:30,25.0,25.6,23.8,24.2,385005
ANDHRSUGAR,2011-11-02 00:00:00+05:30,24.0,24.2,23.9,24.1,111650
ANDHRSUGAR,2011-11-03 00:00:00+05:30,23.9,24.7,23.9,24.4,95885
ANDHRSUGAR,2011-11-04 00:00:00+05:30,24.2,24.7,24.05,24.1,117915
ANDHRSUGAR,2011-11-08 00:00:00+05:30,24.0,24.45,24.0,24.25,161205
ANDHRSUGAR,2011-11-09 00:00:00+05:30,24.05,24.4,24.0,24.1,105330
ANDHRSUGAR,2011-11-11 00:00:00+05:30,24.0,24.2,23.95,24.0,112035
ANDHRSUGAR,2011-11-14 00:00:00+05:30,23.8,24.0,23.0,23.25,114510
ANDHRSUGAR,2011-11-15 00:00:00+05:30,23.0,23.2,22.85,23.0,66255
ANDHRSUGAR,2011-11-16 00:00:00+05:30,22.4,22.9,22.4,22.7,35005
ANDHRSUGAR,2011-11-17 00:00:00+05:30,22.4,22.8,22.4,22.55,27890
ANDHRSUGAR,2011-11-18 00:00:00+05:30,22.0,23.0,22.0,22.5,74845
ANDHRSUGAR,2011-11-21 00:00:00+05:30,22.2,22.75,22.2,22.3,36590
ANDHRSUGAR,2011-11-22 00:00:00+05:30,22.3,22.4,22.1,22.2,97140
ANDHRSUGAR,2011-11-23 00:00:00+05:30,21.8,22.55,21.8,22.1,95055
ANDHRSUGAR,2011-11-24 00:00:00+05:30,22.0,22.4,21.8,22.1,63080
ANDHRSUGAR,2011-11-25 00:00:00+05:30,21.8,22.25,21.6,22.05,26910
ANDHRSUGAR,2011-11-28 00:00:00+05:30,22.6,23.8,22.6,23.2,101600
ANDHRSUGAR,2011-11-29 00:00:00+05:30,23.0,23.6,22.7,22.85,25725
ANDHRSUGAR,2011-11-30 00:00:00+05:30,22.4,22.95,22.4,22.65,21180
ANDHRSUGAR,2011-12-01 00:00:00+05:30,22.8,23.2,22.8,23.0,65265
ANDHRSUGAR,2011-12-02 00:00:00+05:30,22.5,23.35,22.5,23.05,45010
ANDHRSUGAR,2011-12-05 00:00:00+05:30,22.6,23.4,22.6,23.1,74525
ANDHRSUGAR,2011-12-07 00:00:00+05:30,23.4,23.5,22.75,23.0,115055
ANDHRSUGAR,2011-12-08 00:00:00+05:30,22.8,23.05,22.8,22.9,40800
ANDHRSUGAR,2011-12-09 00:00:00+05:30,22.5,22.95,22.5,22.8,45810
ANDHRSUGAR,2011-12-12 00:00:00+05:30,22.5,23.0,22.5,22.6,83510
ANDHRSUGAR,2011-12-13 00:00:00+05:30,22.4,22.8,22.0,22.2,57760
ANDHRSUGAR,2011-12-14 00:00:00+05:30,22.8,22.8,21.8,22.05,55990
ANDHRSUGAR,2011-12-15 00:00:00+05:30,21.8,22.4,21.35,21.5,143880
ANDHRSUGAR,2011-12-16 00:00:00+05:30,21.2,22.0,20.6,20.7,132680
ANDHRSUGAR,2011-12-19 00:00:00+05:30,20.2,21.2,19.75,20.4,105290
ANDHRSUGAR,2011-12-20 00:00:00+05:30,20.4,20.7,20.0,20.1,27875
ANDHRSUGAR,2011-12-21 00:00:00+05:30,20.0,20.6,20.0,20.4,41180
ANDHRSUGAR,2011-12-22 00:00:00+05:30,20.4,20.95,20.3,20.75,31510
ANDHRSUGAR,2011-12-23 00:00:00+05:30,20.4,21.3,20.4,21.05,25575
ANDHRSUGAR,2011-12-26 00:00:00+05:30,20.6,21.3,20.6,21.15,7315
ANDHRSUGAR,2011-12-27 00:00:00+05:30,20.6,21.4,20.6,21.05,23610
ANDHRSUGAR,2011-12-28 00:00:00+05:30,20.65,21.2,20.65,21.0,6690
ANDHRSUGAR,2011-12-29 00:00:00+05:30,20.4,21.4,20.4,21.15,27530
ANDHRSUGAR,2011-12-30 00:00:00+05:30,21.0,21.2,21.0,21.05,20030
ANDHRSUGAR,2012-01-02 00:00:00+05:30,21.05,21.3,21.0,21.25,6850
ANDHRSUGAR,2012-01-03 00:00:00+05:30,21.0,21.6,21.0,21.45,24715
ANDHRSUGAR,2012-01-04 00:00:00+05:30,21.2,21.9,21.2,21.75,41605
ANDHRSUGAR,2012-01-05 00:00:00+05:30,21.45,22.15,21.45,21.65,13395
ANDHRSUGAR,2012-01-06 00:00:00+05:30,21.4,22.8,21.4,21.6,74320
ANDHRSUGAR,2012-01-09 00:00:00+05:30,21.8,23.45,21.5,23.1,94885
ANDHRSUGAR,2012-01-10 00:00:00+05:30,22.8,23.4,22.8,23.05,41010
ANDHRSUGAR,2012-01-11 00:00:00+05:30,22.6,23.1,22.6,22.85,29660
ANDHRSUGAR,2012-01-12 00:00:00+05:30,22.6,24.6,22.6,24.05,142740
ANDHRSUGAR,2012-01-13 00:00:00+05:30,23.8,24.2,23.2,23.25,113025
ANDHRSUGAR,2012-01-16 00:00:00+05:30,23.0,24.0,23.0,23.85,98155
ANDHRSUGAR,2012-01-17 00:00:00+05:30,23.2,24.35,23.2,24.05,94750
ANDHRSUGAR,2012-01-18 00:00:00+05:30,23.8,24.2,23.5,23.7,59920
ANDHRSUGAR,2012-01-19 00:00:00+05:30,23.2,24.35,23.2,24.15,69515
ANDHRSUGAR,2012-01-20 00:00:00+05:30,24.25,24.6,24.0,24.4,174340
ANDHRSUGAR,2012-01-23 00:00:00+05:30,24.0,24.75,24.0,24.6,91845
ANDHRSUGAR,2012-01-24 00:00:00+05:30,24.4,24.65,24.4,24.55,55155
ANDHRSUGAR,2012-01-25 00:00:00+05:30,24.3,25.45,24.3,25.25,156365
ANDHRSUGAR,2012-01-27 00:00:00+05:30,24.8,26.4,24.8,26.1,266125
ANDHRSUGAR,2012-01-30 00:00:00+05:30,26.45,27.8,26.05,26.3,624065
ANDHRSUGAR,2012-01-31 00:00:00+05:30,26.4,26.75,25.5,26.45,283775
ANDHRSUGAR,2012-02-01 00:00:00+05:30,26.5,26.95,26.3,26.7,190880
ANDHRSUGAR,2012-02-02 00:00:00+05:30,26.8,26.8,25.8,26.05,135490
ANDHRSUGAR,2012-02-03 00:00:00+05:30,26.0,26.0,25.25,25.7,154985
ANDHRSUGAR,2012-02-06 00:00:00+05:30,26.2,26.4,25.9,26.15,92910
ANDHRSUGAR,2012-02-07 00:00:00+05:30,26.2,26.4,26.0,26.1,95265
ANDHRSUGAR,2012-02-08 00:00:00+05:30,26.2,26.8,26.05,26.5,148895
ANDHRSUGAR,2012-02-09 00:00:00+05:30,26.6,26.7,26.35,26.45,92100
ANDHRSUGAR,2012-02-10 00:00:00+05:30,26.6,26.6,26.2,26.35,96030
ANDHRSUGAR,2012-02-13 00:00:00+05:30,26.3,26.6,26.2,26.45,84790
ANDHRSUGAR,2012-02-14 00:00:00+05:30,26.5,26.8,26.5,26.7,114090
ANDHRSUGAR,2012-02-15 00:00:00+05:30,26.6,26.8,25.8,26.5,151475
ANDHRSUGAR,2012-02-16 00:00:00+05:30,26.25,26.8,26.25,26.7,132710
ANDHRSUGAR,2012-02-17 00:00:00+05:30,26.45,27.0,26.45,26.8,164600
ANDHRSUGAR,2012-02-21 00:00:00+05:30,27.4,30.75,27.4,28.75,873395
ANDHRSUGAR,2012-02-22 00:00:00+05:30,28.8,29.45,27.5,27.85,260265
ANDHRSUGAR,2012-02-23 00:00:00+05:30,27.0,28.3,27.0,27.55,135690
ANDHRSUGAR,2012-02-24 00:00:00+05:30,27.2,27.6,27.0,27.05,37620
ANDHRSUGAR,2012-02-27 00:00:00+05:30,27.2,27.65,26.2,26.3,167275
ANDHRSUGAR,2012-02-28 00:00:00+05:30,26.0,27.0,26.0,26.65,71245
ANDHRSUGAR,2012-02-29 00:00:00+05:30,26.45,27.0,26.3,26.5,192380
ANDHRSUGAR,2012-03-01 00:00:00+05:30,24.8,27.2,24.8,27.05,75515
ANDHRSUGAR,2012-03-02 00:00:00+05:30,26.4,27.35,26.4,26.8,41340
ANDHRSUGAR,2012-03-05 00:00:00+05:30,26.8,27.2,26.7,26.9,29015
ANDHRSUGAR,2012-03-06 00:00:00+05:30,26.8,27.0,26.2,26.4,88055
ANDHRSUGAR,2012-03-07 00:00:00+05:30,26.4,26.6,26.3,26.6,16435
ANDHRSUGAR,2012-03-09 00:00:00+05:30,26.6,27.0,26.4,26.5,85120
ANDHRSUGAR,2012-03-12 00:00:00+05:30,26.6,26.8,26.2,26.25,83480
ANDHRSUGAR,2012-03-13 00:00:00+05:30,26.4,27.0,26.0,26.8,85480
ANDHRSUGAR,2012-03-14 00:00:00+05:30,26.8,26.95,26.55,26.8,165400
ANDHRSUGAR,2012-03-15 00:00:00+05:30,26.8,26.8,26.2,26.4,55840
ANDHRSUGAR,2012-03-16 00:00:00+05:30,26.7,26.7,25.8,26.0,25185
ANDHRSUGAR,2012-03-19 00:00:00+05:30,26.0,26.4,25.65,26.0,241685
ANDHRSUGAR,2012-03-20 00:00:00+05:30,25.8,26.1,25.25,25.75,14080
ANDHRSUGAR,2012-03-21 00:00:00+05:30,25.85,26.2,25.4,25.75,38385
ANDHRSUGAR,2012-03-22 00:00:00+05:30,27.4,27.5,25.7,25.85,30495
ANDHRSUGAR,2012-03-23 00:00:00+05:30,25.8,25.85,25.5,25.75,25550
ANDHRSUGAR,2012-03-26 00:00:00+05:30,25.4,26.6,25.4,26.05,42705
ANDHRSUGAR,2012-03-27 00:00:00+05:30,25.95,26.5,25.95,26.05,47940
ANDHRSUGAR,2012-03-28 00:00:00+05:30,25.85,26.55,25.75,26.4,129850
ANDHRSUGAR,2012-03-29 00:00:00+05:30,25.9,26.6,25.9,26.3,44280
ANDHRSUGAR,2012-03-30 00:00:00+05:30,26.1,26.55,26.1,26.3,19965
ANDHRSUGAR,2012-04-02 00:00:00+05:30,26.3,27.45,26.3,27.2,62285
ANDHRSUGAR,2012-04-03 00:00:00+05:30,28.4,28.4,26.9,27.05,52035
ANDHRSUGAR,2012-04-04 00:00:00+05:30,28.15,28.15,26.6,27.1,22420
ANDHRSUGAR,2012-04-09 00:00:00+05:30,27.9,27.9,26.6,26.85,9940
ANDHRSUGAR,2012-04-10 00:00:00+05:30,27.55,27.55,27.0,27.15,30110
ANDHRSUGAR,2012-04-11 00:00:00+05:30,27.7,27.7,26.5,26.65,21990
ANDHRSUGAR,2012-04-12 00:00:00+05:30,27.6,27.6,26.85,27.0,18185
ANDHRSUGAR,2012-04-13 00:00:00+05:30,27.55,27.55,27.0,27.05,33895
ANDHRSUGAR,2012-04-16 00:00:00+05:30,27.6,27.6,26.45,26.7,19135
ANDHRSUGAR,2012-04-17 00:00:00+05:30,27.5,27.5,26.4,27.1,48130
ANDHRSUGAR,2012-04-18 00:00:00+05:30,27.2,27.2,26.8,26.95,18700
ANDHRSUGAR,2012-04-19 00:00:00+05:30,27.5,27.5,26.7,26.8,22760
ANDHRSUGAR,2012-04-20 00:00:00+05:30,27.6,27.6,26.7,27.35,49315
ANDHRSUGAR,2012-04-23 00:00:00+05:30,27.35,28.6,27.35,28.1,103875
ANDHRSUGAR,2012-04-24 00:00:00+05:30,28.4,28.8,27.7,27.9,216770
ANDHRSUGAR,2012-04-25 00:00:00+05:30,28.4,28.4,27.2,27.95,59620
ANDHRSUGAR,2012-04-26 00:00:00+05:30,27.75,28.15,27.75,27.85,98095
ANDHRSUGAR,2012-04-27 00:00:00+05:30,27.8,28.35,27.6,27.8,81910
ANDHRSUGAR,2012-04-30 00:00:00+05:30,28.75,29.4,28.5,28.65,304855
ANDHRSUGAR,2012-05-02 00:00:00+05:30,28.6,29.0,28.1,28.3,51235
ANDHRSUGAR,2012-05-03 00:00:00+05:30,28.8,29.0,28.3,28.45,163610
ANDHRSUGAR,2012-05-04 00:00:00+05:30,28.45,28.45,27.25,27.6,84245
ANDHRSUGAR,2012-05-07 00:00:00+05:30,27.4,27.4,26.65,26.95,56220
ANDHRSUGAR,2012-05-08 00:00:00+05:30,26.8,27.6,26.65,27.0,45185
ANDHRSUGAR,2012-05-09 00:00:00+05:30,26.5,26.95,26.45,26.65,21500
ANDHRSUGAR,2012-05-10 00:00:00+05:30,26.4,27.0,26.4,26.45,32505
ANDHRSUGAR,2012-05-11 00:00:00+05:30,26.4,26.6,25.6,26.05,38655
ANDHRSUGAR,2012-05-14 00:00:00+05:30,25.8,26.3,25.2,25.35,46205
ANDHRSUGAR,2012-05-15 00:00:00+05:30,25.2,26.5,24.85,26.2,67675
ANDHRSUGAR,2012-05-16 00:00:00+05:30,26.1,26.1,25.55,25.6,20065
ANDHRSUGAR,2012-05-17 00:00:00+05:30,25.4,26.15,25.4,25.95,17505
ANDHRSUGAR,2012-05-18 00:00:00+05:30,25.6,26.0,25.45,25.85,12485
ANDHRSUGAR,2012-05-21 00:00:00+05:30,25.65,26.55,25.65,26.35,17580
ANDHRSUGAR,2012-05-22 00:00:00+05:30,26.05,26.25,25.9,25.9,9460
ANDHRSUGAR,2012-05-23 00:00:00+05:30,25.7,25.8,25.2,25.4,13595
ANDHRSUGAR,2012-05-24 00:00:00+05:30,25.4,25.8,25.4,25.6,3675
ANDHRSUGAR,2012-05-25 00:00:00+05:30,26.0,26.3,25.5,26.1,39090
ANDHRSUGAR,2012-05-28 00:00:00+05:30,25.95,26.7,25.95,26.55,18765
ANDHRSUGAR,2012-05-29 00:00:00+05:30,26.3,27.15,26.3,27.05,35800
ANDHRSUGAR,2012-05-30 00:00:00+05:30,27.0,27.2,26.8,27.05,52985
ANDHRSUGAR,2012-05-31 00:00:00+05:30,26.8,27.0,26.45,26.55,7900
ANDHRSUGAR,2012-06-01 00:00:00+05:30,25.0,26.6,23.6,26.45,14540
ANDHRSUGAR,2012-06-04 00:00:00+05:30,26.2,26.3,25.7,26.05,29980
ANDHRSUGAR,2012-06-05 00:00:00+05:30,26.75,26.75,26.05,26.1,13495
ANDHRSUGAR,2012-06-06 00:00:00+05:30,26.2,27.35,26.2,26.8,29710
ANDHRSUGAR,2012-06-07 00:00:00+05:30,27.1,27.2,26.8,26.85,31270
ANDHRSUGAR,2012-06-08 00:00:00+05:30,26.1,27.2,26.1,27.15,13560
ANDHRSUGAR,2012-06-11 00:00:00+05:30,27.35,27.8,27.35,27.5,20265
ANDHRSUGAR,2012-06-12 00:00:00+05:30,27.2,27.6,27.15,27.35,11855
ANDHRSUGAR,2012-06-13 00:00:00+05:30,27.35,27.6,27.3,27.55,15630
ANDHRSUGAR,2012-06-14 00:00:00+05:30,27.4,27.4,26.55,27.05,29950
ANDHRSUGAR,2012-06-15 00:00:00+05:30,26.8,27.7,26.8,27.65,23575
ANDHRSUGAR,2012-06-18 00:00:00+05:30,27.8,27.9,27.2,27.3,46745
ANDHRSUGAR,2012-06-19 00:00:00+05:30,27.4,27.45,27.2,27.3,21380
ANDHRSUGAR,2012-06-20 00:00:00+05:30,27.6,27.6,27.2,27.5,22275
ANDHRSUGAR,2012-06-21 00:00:00+05:30,27.55,27.55,26.9,27.2,49660
ANDHRSUGAR,2012-06-22 00:00:00+05:30,27.35,27.5,27.15,27.35,37455
ANDHRSUGAR,2012-06-25 00:00:00+05:30,27.2,27.8,27.05,27.2,53465
ANDHRSUGAR,2012-06-26 00:00:00+05:30,27.0,27.75,27.0,27.3,9335
ANDHRSUGAR,2012-06-27 00:00:00+05:30,27.6,27.6,27.25,27.4,82715
ANDHRSUGAR,2012-06-28 00:00:00+05:30,27.25,27.6,27.05,27.2,18285
ANDHRSUGAR,2012-06-29 00:00:00+05:30,27.6,27.6,27.3,27.6,50480
ANDHRSUGAR,2012-07-02 00:00:00+05:30,27.4,27.7,27.2,27.55,25830
ANDHRSUGAR,2012-07-03 00:00:00+05:30,27.55,27.7,27.2,27.6,21785
ANDHRSUGAR,2012-07-04 00:00:00+05:30,27.7,27.7,27.45,27.6,50935
ANDHRSUGAR,2012-07-05 00:00:00+05:30,27.6,28.4,27.5,28.05,318480
ANDHRSUGAR,2012-07-06 00:00:00+05:30,28.2,28.4,27.8,28.0,146065
ANDHRSUGAR,2012-07-09 00:00:00+05:30,28.1,28.2,27.5,27.65,187100
ANDHRSUGAR,2012-07-10 00:00:00+05:30,28.7,28.7,27.85,28.15,196805
ANDHRSUGAR,2012-07-11 00:00:00+05:30,28.6,28.6,28.1,28.2,92880
ANDHRSUGAR,2012-07-12 00:00:00+05:30,28.3,28.3,27.85,27.95,68755
ANDHRSUGAR,2012-07-13 00:00:00+05:30,28.35,28.4,27.8,28.3,113410
ANDHRSUGAR,2012-07-16 00:00:00+05:30,29.35,30.95,28.8,29.65,785385
ANDHRSUGAR,2012-07-17 00:00:00+05:30,29.6,31.3,29.6,29.9,326080
ANDHRSUGAR,2012-07-18 00:00:00+05:30,30.05,30.25,29.75,30.15,104165
ANDHRSUGAR,2012-07-19 00:00:00+05:30,30.4,30.95,30.1,30.55,142825
ANDHRSUGAR,2012-07-20 00:00:00+05:30,25.2,30.9,25.2,30.35,108885
ANDHRSUGAR,2012-07-23 00:00:00+05:30,29.4,30.8,29.4,30.3,61985
ANDHRSUGAR,2012-07-24 00:00:00+05:30,30.25,31.8,30.2,31.6,296815
ANDHRSUGAR,2012-07-25 00:00:00+05:30,31.8,32.1,30.8,31.45,179130
ANDHRSUGAR,2012-07-26 00:00:00+05:30,31.6,31.6,30.2,30.7,166565
ANDHRSUGAR,2012-07-27 00:00:00+05:30,31.2,31.2,29.6,30.1,144630
ANDHRSUGAR,2012-07-30 00:00:00+05:30,30.2,31.0,29.0,29.45,213035
ANDHRSUGAR,2012-07-31 00:00:00+05:30,29.6,29.65,27.9,28.4,318540
ANDHRSUGAR,2012-08-01 00:00:00+05:30,28.2,29.1,28.0,28.3,146340
ANDHRSUGAR,2012-08-02 00:00:00+05:30,28.4,29.0,28.2,28.35,155550
ANDHRSUGAR,2012-08-03 00:00:00+05:30,28.75,30.15,28.25,29.75,213755
ANDHRSUGAR,2012-08-06 00:00:00+05:30,29.9,31.4,29.55,30.6,396670
ANDHRSUGAR,2012-08-07 00:00:00+05:30,30.9,31.0,30.4,30.6,119160
ANDHRSUGAR,2012-08-08 00:00:00+05:30,31.2,31.2,30.0,30.05,161180
ANDHRSUGAR,2012-08-09 00:00:00+05:30,30.1,30.5,29.9,30.2,97755
ANDHRSUGAR,2012-08-10 00:00:00+05:30,30.5,31.2,30.1,30.2,228200
ANDHRSUGAR,2012-08-13 00:00:00+05:30,30.2,30.4,29.9,30.0,77215
ANDHRSUGAR,2012-08-14 00:00:00+05:30,29.8,30.2,29.8,29.85,70375
ANDHRSUGAR,2012-08-16 00:00:00+05:30,30.4,30.4,29.5,29.8,179220
ANDHRSUGAR,2012-08-17 00:00:00+05:30,30.0,30.15,29.65,29.8,89005
ANDHRSUGAR,2012-08-21 00:00:00+05:30,29.9,30.4,29.9,30.3,34820
ANDHRSUGAR,2012-08-22 00:00:00+05:30,30.2,30.7,30.2,30.6,82335
ANDHRSUGAR,2012-08-23 00:00:00+05:30,31.0,31.0,30.45,30.6,131830
ANDHRSUGAR,2012-08-24 00:00:00+05:30,30.45,30.85,30.1,30.25,99690
ANDHRSUGAR,2012-08-27 00:00:00+05:30,30.1,30.35,29.6,29.95,144325
ANDHRSUGAR,2012-08-28 00:00:00+05:30,29.95,30.0,29.6,29.75,63805
ANDHRSUGAR,2012-08-29 00:00:00+05:30,29.85,30.35,29.55,30.15,187955
ANDHRSUGAR,2012-08-30 00:00:00+05:30,30.0,30.3,29.85,30.15,89485
ANDHRSUGAR,2012-08-31 00:00:00+05:30,30.0,30.35,29.5,29.85,64645
ANDHRSUGAR,2012-09-03 00:00:00+05:30,29.8,30.3,29.55,29.75,113450
ANDHRSUGAR,2012-09-04 00:00:00+05:30,29.85,30.3,29.8,30.15,56930
ANDHRSUGAR,2012-09-05 00:00:00+05:30,31.0,31.0,30.1,30.45,70495
ANDHRSUGAR,2012-09-06 00:00:00+05:30,30.55,30.75,30.3,30.4,43840
ANDHRSUGAR,2012-09-07 00:00:00+05:30,30.45,30.8,30.45,30.55,65795
ANDHRSUGAR,2012-09-10 00:00:00+05:30,30.8,31.0,30.65,31.0,136635
ANDHRSUGAR,2012-09-11 00:00:00+05:30,30.8,31.65,30.8,31.4,392445
ANDHRSUGAR,2012-09-12 00:00:00+05:30,32.15,32.15,31.0,31.3,327750
ANDHRSUGAR,2012-09-13 00:00:00+05:30,31.4,31.8,31.05,31.15,229430
ANDHRSUGAR,2012-09-14 00:00:00+05:30,29.8,30.0,29.4,29.5,230515
ANDHRSUGAR,2012-09-17 00:00:00+05:30,29.3,29.6,28.4,28.6,144950
ANDHRSUGAR,2012-09-18 00:00:00+05:30,28.4,29.55,28.2,29.35,168505
ANDHRSUGAR,2012-09-20 00:00:00+05:30,29.55,30.15,29.35,29.5,241060
ANDHRSUGAR,2012-09-21 00:00:00+05:30,29.6,29.8,29.3,29.5,76985
ANDHRSUGAR,2012-09-24 00:00:00+05:30,29.25,30.0,29.25,29.65,102160
ANDHRSUGAR,2012-09-25 00:00:00+05:30,29.7,29.7,29.3,29.45,82275
ANDHRSUGAR,2012-09-26 00:00:00+05:30,29.4,29.6,28.8,28.9,114735
ANDHRSUGAR,2012-09-27 00:00:00+05:30,28.6,29.55,28.6,29.15,133825
ANDHRSUGAR,2012-09-28 00:00:00+05:30,29.6,30.0,28.9,29.05,63510
ANDHRSUGAR,2012-10-01 00:00:00+05:30,29.1,29.5,29.1,29.2,68085
ANDHRSUGAR,2012-10-03 00:00:00+05:30,29.5,29.6,29.15,29.3,90295
ANDHRSUGAR,2012-10-04 00:00:00+05:30,29.55,29.55,29.05,29.25,40315
ANDHRSUGAR,2012-10-05 00:00:00+05:30,29.25,29.25,28.3,28.85,119755
ANDHRSUGAR,2012-10-08 00:00:00+05:30,26.0,29.5,26.0,29.3,140710
ANDHRSUGAR,2012-10-09 00:00:00+05:30,29.3,29.75,29.2,29.6,101070
ANDHRSUGAR,2012-10-10 00:00:00+05:30,29.2,29.7,29.2,29.4,91220
ANDHRSUGAR,2012-10-11 00:00:00+05:30,29.7,30.0,29.3,29.85,97455
ANDHRSUGAR,2012-10-12 00:00:00+05:30,30.3,31.1,30.05,30.25,427495
ANDHRSUGAR,2012-10-15 00:00:00+05:30,30.25,30.6,30.0,30.1,85705
ANDHRSUGAR,2012-10-16 00:00:00+05:30,30.55,30.55,29.65,29.9,50660
ANDHRSUGAR,2012-10-17 00:00:00+05:30,30.4,30.4,29.3,29.4,28665
ANDHRSUGAR,2012-10-18 00:00:00+05:30,29.2,29.65,29.05,29.45,74615
ANDHRSUGAR,2012-10-19 00:00:00+05:30,29.4,29.6,29.0,29.3,67840
ANDHRSUGAR,2012-10-22 00:00:00+05:30,29.3,29.6,29.05,29.5,39775
ANDHRSUGAR,2012-10-23 00:00:00+05:30,29.2,29.4,29.0,29.1,34570
ANDHRSUGAR,2012-10-25 00:00:00+05:30,28.9,29.3,28.8,29.15,36765
ANDHRSUGAR,2012-10-26 00:00:00+05:30,29.2,29.3,28.7,28.8,47910
ANDHRSUGAR,2012-10-29 00:00:00+05:30,28.95,29.2,28.9,29.0,25395
ANDHRSUGAR,2012-10-30 00:00:00+05:30,29.05,29.3,28.8,29.15,37530
ANDHRSUGAR,2012-10-31 00:00:00+05:30,28.8,29.65,28.8,29.3,47695
ANDHRSUGAR,2012-11-01 00:00:00+05:30,29.6,30.15,29.55,30.05,71495
ANDHRSUGAR,2012-11-02 00:00:00+05:30,30.2,30.6,29.9,30.25,59430
ANDHRSUGAR,2012-11-05 00:00:00+05:30,30.25,30.8,29.2,29.45,100445
ANDHRSUGAR,2012-11-06 00:00:00+05:30,29.5,29.75,29.1,29.15,70925
ANDHRSUGAR,2012-11-07 00:00:00+05:30,29.2,29.55,29.05,29.25,56595
ANDHRSUGAR,2012-11-08 00:00:00+05:30,29.2,29.4,28.95,29.05,32965
ANDHRSUGAR,2012-11-09 00:00:00+05:30,29.2,29.25,29.0,29.05,34320
ANDHRSUGAR,2012-11-12 00:00:00+05:30,29.0,29.35,28.4,28.7,26850
ANDHRSUGAR,2012-11-13 00:00:00+05:30,28.8,29.25,28.8,29.1,26785
ANDHRSUGAR,2012-11-15 00:00:00+05:30,29.2,29.2,28.9,29.05,18370
ANDHRSUGAR,2012-11-16 00:00:00+05:30,29.0,29.0,28.4,28.5,94875
ANDHRSUGAR,2012-11-19 00:00:00+05:30,28.5,29.1,28.4,28.7,45335
ANDHRSUGAR,2012-11-20 00:00:00+05:30,28.8,29.0,27.85,28.0,41970
ANDHRSUGAR,2012-11-21 00:00:00+05:30,28.0,28.3,27.65,27.75,44765
ANDHRSUGAR,2012-11-22 00:00:00+05:30,28.3,28.65,27.8,28.6,76910
ANDHRSUGAR,2012-11-23 00:00:00+05:30,28.9,29.1,28.6,29.0,37185
ANDHRSUGAR,2012-11-26 00:00:00+05:30,29.0,29.35,28.8,29.15,55000
ANDHRSUGAR,2012-11-27 00:00:00+05:30,28.9,29.4,28.9,29.2,19110
ANDHRSUGAR,2012-11-29 00:00:00+05:30,29.0,29.55,28.75,29.1,44190
ANDHRSUGAR,2012-11-30 00:00:00+05:30,29.1,29.4,29.1,29.15,32285
ANDHRSUGAR,2012-12-03 00:00:00+05:30,29.0,29.5,27.0,29.05,52535
ANDHRSUGAR,2012-12-04 00:00:00+05:30,29.05,29.3,29.0,29.05,44385
ANDHRSUGAR,2012-12-05 00:00:00+05:30,28.9,29.45,28.85,29.25,64935
ANDHRSUGAR,2012-12-06 00:00:00+05:30,29.55,29.55,29.0,29.25,44340
ANDHRSUGAR,2012-12-07 00:00:00+05:30,29.2,29.45,29.0,29.05,74150
ANDHRSUGAR,2012-12-10 00:00:00+05:30,29.1,29.2,28.8,28.9,102395
ANDHRSUGAR,2012-12-11 00:00:00+05:30,29.2,29.2,28.7,28.8,32680
ANDHRSUGAR,2012-12-12 00:00:00+05:30,29.25,29.25,28.6,28.7,43820
ANDHRSUGAR,2012-12-13 00:00:00+05:30,28.7,29.0,28.35,28.4,44580
ANDHRSUGAR,2012-12-14 00:00:00+05:30,28.2,28.6,28.15,28.4,17390
ANDHRSUGAR,2012-12-17 00:00:00+05:30,28.4,28.6,27.6,27.75,76770
ANDHRSUGAR,2012-12-18 00:00:00+05:30,28.0,28.2,27.75,28.15,54485
ANDHRSUGAR,2012-12-19 00:00:00+05:30,28.55,28.55,27.85,27.9,37665
ANDHRSUGAR,2012-12-20 00:00:00+05:30,28.05,28.6,27.7,27.95,30510
ANDHRSUGAR,2012-12-21 00:00:00+05:30,27.9,28.2,27.8,27.9,34600
ANDHRSUGAR,2012-12-24 00:00:00+05:30,28.2,28.2,27.9,27.95,37045
ANDHRSUGAR,2012-12-26 00:00:00+05:30,27.8,28.0,27.65,27.95,12870
ANDHRSUGAR,2012-12-27 00:00:00+05:30,28.05,28.1,27.8,27.8,19180
ANDHRSUGAR,2012-12-28 00:00:00+05:30,27.9,29.0,27.0,28.65,211420
ANDHRSUGAR,2012-12-31 00:00:00+05:30,28.8,29.0,28.25,28.8,27630
ANDHRSUGAR,2013-01-01 00:00:00+05:30,28.6,29.0,28.6,28.85,18290
ANDHRSUGAR,2013-01-02 00:00:00+05:30,28.8,29.2,28.2,29.0,63715
ANDHRSUGAR,2013-01-03 00:00:00+05:30,29.2,29.3,28.8,29.2,136385
ANDHRSUGAR,2013-01-04 00:00:00+05:30,29.0,29.3,28.9,29.2,157655
ANDHRSUGAR,2013-01-07 00:00:00+05:30,29.2,29.45,28.95,29.15,194170
ANDHRSUGAR,2013-01-08 00:00:00+05:30,29.5,29.5,29.05,29.2,50955
ANDHRSUGAR,2013-01-09 00:00:00+05:30,29.3,29.4,29.0,29.1,36715
ANDHRSUGAR,2013-01-10 00:00:00+05:30,29.1,29.35,29.05,29.2,22555
ANDHRSUGAR,2013-01-11 00:00:00+05:30,29.5,29.5,28.9,29.05,40200
ANDHRSUGAR,2013-01-14 00:00:00+05:30,29.0,29.5,28.85,29.3,91060
ANDHRSUGAR,2013-01-15 00:00:00+05:30,29.1,29.4,29.05,29.15,49830
ANDHRSUGAR,2013-01-16 00:00:00+05:30,29.3,29.35,28.9,29.0,42430
ANDHRSUGAR,2013-01-17 00:00:00+05:30,28.85,29.45,28.65,29.35,108235
ANDHRSUGAR,2013-01-18 00:00:00+05:30,29.4,29.65,28.8,29.05,215445
ANDHRSUGAR,2013-01-21 00:00:00+05:30,29.0,29.2,28.95,29.0,9690
ANDHRSUGAR,2013-01-22 00:00:00+05:30,29.05,29.4,28.85,29.25,99875
ANDHRSUGAR,2013-01-23 00:00:00+05:30,29.4,29.4,28.95,29.15,195075
ANDHRSUGAR,2013-01-24 00:00:00+05:30,28.95,29.4,28.65,29.1,94010
ANDHRSUGAR,2013-01-25 00:00:00+05:30,29.0,29.15,28.8,29.0,35670
ANDHRSUGAR,2013-01-28 00:00:00+05:30,28.8,29.0,28.55,28.8,71965
ANDHRSUGAR,2013-01-29 00:00:00+05:30,28.9,29.2,28.5,28.65,39850
ANDHRSUGAR,2013-01-30 00:00:00+05:30,28.6,29.2,28.25,28.75,122785
ANDHRSUGAR,2013-01-31 00:00:00+05:30,28.5,28.9,28.5,28.65,19290
ANDHRSUGAR,2013-02-01 00:00:00+05:30,28.55,28.9,28.55,28.6,21135
ANDHRSUGAR,2013-02-04 00:00:00+05:30,28.6,29.4,28.6,28.8,20590
ANDHRSUGAR,2013-02-05 00:00:00+05:30,28.8,28.8,28.55,28.65,18530
ANDHRSUGAR,2013-02-06 00:00:00+05:30,29.65,30.0,28.65,28.7,20510
ANDHRSUGAR,2013-02-07 00:00:00+05:30,28.8,28.8,28.5,28.55,14530
ANDHRSUGAR,2013-02-08 00:00:00+05:30,28.55,28.6,27.8,27.95,45390
ANDHRSUGAR,2013-02-11 00:00:00+05:30,28.35,28.35,27.25,27.5,38695
ANDHRSUGAR,2013-02-12 00:00:00+05:30,27.7,27.8,27.3,27.55,11730
ANDHRSUGAR,2013-02-13 00:00:00+05:30,27.8,28.2,27.45,27.95,22745
ANDHRSUGAR,2013-02-14 00:00:00+05:30,27.4,27.9,27.3,27.6,44270
ANDHRSUGAR,2013-02-15 00:00:00+05:30,27.5,27.55,26.85,27.45,28355
ANDHRSUGAR,2013-02-18 00:00:00+05:30,28.1,28.5,27.65,28.4,21915
ANDHRSUGAR,2013-02-19 00:00:00+05:30,28.4,28.9,28.1,28.75,20400
ANDHRSUGAR,2013-02-20 00:00:00+05:30,28.7,28.8,28.5,28.65,18390
ANDHRSUGAR,2013-02-21 00:00:00+05:30,28.35,28.85,28.0,28.05,15990
ANDHRSUGAR,2013-02-22 00:00:00+05:30,28.55,28.55,28.0,28.2,7100
ANDHRSUGAR,2013-02-25 00:00:00+05:30,28.05,28.4,27.65,27.8,8780
ANDHRSUGAR,2013-02-26 00:00:00+05:30,28.35,28.35,27.45,27.75,16580
ANDHRSUGAR,2013-02-27 00:00:00+05:30,27.75,28.0,27.5,27.8,2955
ANDHRSUGAR,2013-02-28 00:00:00+05:30,28.35,28.35,27.4,27.55,8100
ANDHRSUGAR,2013-03-01 00:00:00+05:30,28.2,28.2,27.45,27.55,13940
ANDHRSUGAR,2013-03-04 00:00:00+05:30,27.5,27.6,26.7,26.7,35325
ANDHRSUGAR,2013-03-05 00:00:00+05:30,27.4,27.4,26.55,27.05,82825
ANDHRSUGAR,2013-03-06 00:00:00+05:30,27.95,27.95,27.2,27.25,11245
ANDHRSUGAR,2013-03-07 00:00:00+05:30,27.4,27.55,27.0,27.15,6465
ANDHRSUGAR,2013-03-08 00:00:00+05:30,27.8,27.85,27.25,27.8,17530
ANDHRSUGAR,2013-03-11 00:00:00+05:30,27.4,27.7,26.9,27.15,48030
ANDHRSUGAR,2013-03-12 00:00:00+05:30,27.3,27.4,27.0,27.2,26595
ANDHRSUGAR,2013-03-13 00:00:00+05:30,27.2,27.4,27.0,27.35,17910
ANDHRSUGAR,2013-03-14 00:00:00+05:30,27.85,27.85,27.0,27.25,13915
ANDHRSUGAR,2013-03-15 00:00:00+05:30,27.2,27.55,26.9,27.15,12010
ANDHRSUGAR,2013-03-18 00:00:00+05:30,27.6,27.6,26.9,27.0,34430
ANDHRSUGAR,2013-03-19 00:00:00+05:30,27.3,27.3,26.3,26.5,40335
ANDHRSUGAR,2013-03-20 00:00:00+05:30,26.5,26.7,26.25,26.35,11655
ANDHRSUGAR,2013-03-21 00:00:00+05:30,26.2,27.2,26.0,26.4,188235
ANDHRSUGAR,2013-03-22 00:00:00+05:30,26.8,27.3,26.5,27.15,113510
ANDHRSUGAR,2013-03-25 00:00:00+05:30,27.55,27.95,26.9,27.8,69025
ANDHRSUGAR,2013-03-26 00:00:00+05:30,27.2,27.9,27.2,27.45,49870
ANDHRSUGAR,2013-03-28 00:00:00+05:30,27.5,27.6,26.65,26.8,34140
ANDHRSUGAR,2013-04-01 00:00:00+05:30,26.8,27.3,26.75,26.85,30155
ANDHRSUGAR,2013-04-02 00:00:00+05:30,27.0,27.25,26.85,27.1,21245
ANDHRSUGAR,2013-04-03 00:00:00+05:30,27.75,27.75,26.65,26.75,27195
ANDHRSUGAR,2013-04-04 00:00:00+05:30,27.1,27.1,26.6,26.9,23420
ANDHRSUGAR,2013-04-05 00:00:00+05:30,28.45,30.0,27.5,27.65,204845
ANDHRSUGAR,2013-04-08 00:00:00+05:30,28.4,28.4,26.8,26.9,43655
ANDHRSUGAR,2013-04-09 00:00:00+05:30,26.9,27.2,26.3,26.55,46955
ANDHRSUGAR,2013-04-10 00:00:00+05:30,26.6,26.6,26.1,26.2,29605
ANDHRSUGAR,2013-04-11 00:00:00+05:30,26.5,26.5,26.25,26.4,26705
ANDHRSUGAR,2013-04-12 00:00:00+05:30,25.9,27.9,25.35,27.75,96985
ANDHRSUGAR,2013-04-15 00:00:00+05:30,28.1,28.1,27.2,27.9,171115
ANDHRSUGAR,2013-04-16 00:00:00+05:30,27.6,28.2,27.6,28.0,31330
ANDHRSUGAR,2013-04-17 00:00:00+05:30,27.8,28.2,26.8,27.2,51890
ANDHRSUGAR,2013-04-18 00:00:00+05:30,27.1,27.6,27.1,27.2,10150
ANDHRSUGAR,2013-04-22 00:00:00+05:30,27.0,27.6,26.75,26.8,40610
ANDHRSUGAR,2013-04-23 00:00:00+05:30,26.8,27.2,26.75,26.75,25730
ANDHRSUGAR,2013-04-25 00:00:00+05:30,27.2,27.2,26.8,27.0,26670
ANDHRSUGAR,2013-04-26 00:00:00+05:30,27.0,27.15,26.8,26.85,10785
ANDHRSUGAR,2013-04-29 00:00:00+05:30,26.9,26.9,26.5,26.55,36030
ANDHRSUGAR,2013-04-30 00:00:00+05:30,26.6,27.0,26.5,26.6,18145
ANDHRSUGAR,2013-05-02 00:00:00+05:30,26.6,26.95,26.45,26.6,8245
ANDHRSUGAR,2013-05-03 00:00:00+05:30,26.5,26.75,26.4,26.5,16820
ANDHRSUGAR,2013-05-06 00:00:00+05:30,27.2,27.2,26.4,26.5,31870
ANDHRSUGAR,2013-05-07 00:00:00+05:30,26.7,26.8,26.4,26.6,37825
ANDHRSUGAR,2013-05-08 00:00:00+05:30,26.55,27.0,26.45,26.55,7155
ANDHRSUGAR,2013-05-09 00:00:00+05:30,26.55,26.8,26.4,26.45,23055
ANDHRSUGAR,2013-05-10 00:00:00+05:30,26.4,26.8,26.2,26.55,34160
ANDHRSUGAR,2013-05-13 00:00:00+05:30,26.6,26.95,26.6,26.85,19940
ANDHRSUGAR,2013-05-14 00:00:00+05:30,26.8,26.8,26.5,26.6,6390
ANDHRSUGAR,2013-05-15 00:00:00+05:30,26.85,26.9,26.6,26.75,14825
ANDHRSUGAR,2013-05-16 00:00:00+05:30,26.7,27.2,26.7,26.8,15165
ANDHRSUGAR,2013-05-17 00:00:00+05:30,26.7,27.15,26.65,26.8,101690
ANDHRSUGAR,2013-05-20 00:00:00+05:30,26.4,27.1,26.4,26.6,20535
ANDHRSUGAR,2013-05-21 00:00:00+05:30,26.4,26.8,26.4,26.55,5900
ANDHRSUGAR,2013-05-22 00:00:00+05:30,26.95,26.95,26.55,26.75,18085
ANDHRSUGAR,2013-05-23 00:00:00+05:30,26.4,26.85,26.25,26.45,37780
ANDHRSUGAR,2013-05-24 00:00:00+05:30,26.4,26.65,26.3,26.55,7515
ANDHRSUGAR,2013-05-27 00:00:00+05:30,26.65,27.1,26.65,26.95,13625
ANDHRSUGAR,2013-05-28 00:00:00+05:30,27.0,27.0,26.4,26.6,21225
ANDHRSUGAR,2013-05-29 00:00:00+05:30,26.45,26.45,25.0,26.1,117085
ANDHRSUGAR,2013-05-30 00:00:00+05:30,26.2,26.8,26.05,26.25,37025
ANDHRSUGAR,2013-05-31 00:00:00+05:30,29.0,29.0,25.45,25.65,37260
ANDHRSUGAR,2013-06-03 00:00:00+05:30,26.4,26.4,25.4,25.45,7295
ANDHRSUGAR,2013-06-04 00:00:00+05:30,25.0,25.8,25.0,25.4,20310
ANDHRSUGAR,2013-06-05 00:00:00+05:30,25.6,25.6,24.7,24.95,54050
ANDHRSUGAR,2013-06-06 00:00:00+05:30,24.8,25.15,24.6,24.9,3835
ANDHRSUGAR,2013-06-07 00:00:00+05:30,25.0,25.55,25.0,25.4,46780
ANDHRSUGAR,2013-06-10 00:00:00+05:30,25.35,26.0,25.2,25.55,81420
ANDHRSUGAR,2013-06-11 00:00:00+05:30,25.4,26.1,24.85,25.85,55270
ANDHRSUGAR,2013-06-12 00:00:00+05:30,26.1,26.1,25.05,25.1,7395
ANDHRSUGAR,2013-06-13 00:00:00+05:30,25.4,25.6,25.0,25.05,8730
ANDHRSUGAR,2013-06-14 00:00:00+05:30,25.4,25.6,25.05,25.5,5425
ANDHRSUGAR,2013-06-17 00:00:00+05:30,25.0,25.6,24.8,24.9,13130
ANDHRSUGAR,2013-06-18 00:00:00+05:30,24.9,26.2,24.9,25.8,271635
ANDHRSUGAR,2013-06-19 00:00:00+05:30,25.6,26.2,25.5,26.0,24600
ANDHRSUGAR,2013-06-20 00:00:00+05:30,25.6,26.2,25.15,25.85,40520
ANDHRSUGAR,2013-06-21 00:00:00+05:30,25.6,26.0,25.3,25.95,38730
ANDHRSUGAR,2013-06-24 00:00:00+05:30,25.45,26.05,24.75,26.0,116760
ANDHRSUGAR,2013-06-25 00:00:00+05:30,25.8,25.8,25.0,25.2,21385
ANDHRSUGAR,2013-06-26 00:00:00+05:30,25.0,25.0,24.8,24.8,10205
ANDHRSUGAR,2013-06-27 00:00:00+05:30,24.8,24.85,24.7,24.7,14335
ANDHRSUGAR,2013-06-28 00:00:00+05:30,24.9,25.2,24.4,24.75,16750
ANDHRSUGAR,2013-07-01 00:00:00+05:30,25.15,25.15,24.75,24.9,14740
ANDHRSUGAR,2013-07-02 00:00:00+05:30,24.8,24.9,24.5,24.6,23820
ANDHRSUGAR,2013-07-03 00:00:00+05:30,24.6,24.65,24.35,24.35,9365
ANDHRSUGAR,2013-07-04 00:00:00+05:30,24.4,24.4,23.9,24.0,25565
ANDHRSUGAR,2013-07-05 00:00:00+05:30,24.2,24.45,23.45,23.6,49090
ANDHRSUGAR,2013-07-08 00:00:00+05:30,24.0,24.0,23.3,23.5,26630
ANDHRSUGAR,2013-07-09 00:00:00+05:30,23.55,24.0,23.4,23.7,25015
ANDHRSUGAR,2013-07-10 00:00:00+05:30,23.6,24.15,23.5,23.95,16685
ANDHRSUGAR,2013-07-11 00:00:00+05:30,23.65,24.25,23.45,24.0,29325
ANDHRSUGAR,2013-07-12 00:00:00+05:30,23.85,24.1,23.65,23.9,13960
ANDHRSUGAR,2013-07-15 00:00:00+05:30,23.8,23.95,23.45,23.8,25650
ANDHRSUGAR,2013-07-16 00:00:00+05:30,23.8,24.0,23.75,23.9,10585
ANDHRSUGAR,2013-07-17 00:00:00+05:30,23.7,24.55,23.7,24.0,21230
ANDHRSUGAR,2013-07-18 00:00:00+05:30,24.0,24.35,23.9,23.9,19100
ANDHRSUGAR,2013-07-19 00:00:00+05:30,24.0,24.2,23.9,23.9,8910
ANDHRSUGAR,2013-07-22 00:00:00+05:30,23.9,24.0,23.8,23.9,9800
ANDHRSUGAR,2013-07-23 00:00:00+05:30,23.9,24.1,23.4,23.7,21920
ANDHRSUGAR,2013-07-24 00:00:00+05:30,23.7,23.9,23.0,23.35,31295
ANDHRSUGAR,2013-07-25 00:00:00+05:30,23.25,23.3,22.15,22.8,46990
ANDHRSUGAR,2013-07-26 00:00:00+05:30,22.7,23.4,22.5,22.85,23225
ANDHRSUGAR,2013-07-29 00:00:00+05:30,23.9,23.9,22.5,22.55,35475
ANDHRSUGAR,2013-07-30 00:00:00+05:30,22.4,24.35,22.1,23.75,214615
ANDHRSUGAR,2013-07-31 00:00:00+05:30,23.4,23.7,22.1,22.55,100730
ANDHRSUGAR,2013-08-01 00:00:00+05:30,22.6,22.6,21.7,22.0,83005
ANDHRSUGAR,2013-08-02 00:00:00+05:30,22.05,22.4,21.75,21.75,10685
ANDHRSUGAR,2013-08-05 00:00:00+05:30,22.0,23.6,21.0,21.75,25430
ANDHRSUGAR,2013-08-06 00:00:00+05:30,21.55,21.8,21.45,21.7,9080
ANDHRSUGAR,2013-08-07 00:00:00+05:30,21.55,22.95,21.2,21.6,16505
ANDHRSUGAR,2013-08-08 00:00:00+05:30,21.65,22.2,21.3,21.4,84280
ANDHRSUGAR,2013-08-12 00:00:00+05:30,21.4,21.8,21.2,21.45,91245
ANDHRSUGAR,2013-08-13 00:00:00+05:30,21.8,22.25,21.6,21.9,68730
ANDHRSUGAR,2013-08-14 00:00:00+05:30,21.75,21.75,20.8,21.4,104595
ANDHRSUGAR,2013-08-16 00:00:00+05:30,21.3,21.3,20.6,20.9,39150
ANDHRSUGAR,2013-08-19 00:00:00+05:30,20.8,21.3,20.6,20.6,16605
ANDHRSUGAR,2013-08-20 00:00:00+05:30,20.4,20.85,20.1,20.6,26460
ANDHRSUGAR,2013-08-21 00:00:00+05:30,21.0,21.0,19.85,20.1,74670
ANDHRSUGAR,2013-08-22 00:00:00+05:30,19.85,20.15,19.5,19.75,28425
ANDHRSUGAR,2013-08-23 00:00:00+05:30,19.75,20.55,19.75,20.0,17700
ANDHRSUGAR,2013-08-26 00:00:00+05:30,20.0,20.75,19.9,19.95,37805
ANDHRSUGAR,2013-08-27 00:00:00+05:30,20.0,20.0,19.6,19.7,15470
ANDHRSUGAR,2013-08-28 00:00:00+05:30,19.5,20.0,19.0,19.75,21740
ANDHRSUGAR,2013-08-29 00:00:00+05:30,19.8,20.0,19.4,19.65,5695
ANDHRSUGAR,2013-08-30 00:00:00+05:30,20.0,20.0,19.7,19.75,20300
ANDHRSUGAR,2013-09-02 00:00:00+05:30,20.0,22.6,19.55,21.3,235135
ANDHRSUGAR,2013-09-03 00:00:00+05:30,22.0,22.0,20.2,20.35,45270
ANDHRSUGAR,2013-09-04 00:00:00+05:30,20.95,20.95,20.4,20.45,25430
ANDHRSUGAR,2013-09-05 00:00:00+05:30,20.95,20.95,20.4,20.55,11150
ANDHRSUGAR,2013-09-06 00:00:00+05:30,20.75,20.75,20.15,20.3,17165
ANDHRSUGAR,2013-09-10 00:00:00+05:30,21.4,21.4,20.2,20.3,18145
ANDHRSUGAR,2013-09-11 00:00:00+05:30,20.6,21.4,20.2,20.6,38065
ANDHRSUGAR,2013-09-12 00:00:00+05:30,20.6,21.2,20.4,20.5,36410
ANDHRSUGAR,2013-09-13 00:00:00+05:30,20.45,20.85,20.45,20.6,12225
ANDHRSUGAR,2013-09-16 00:00:00+05:30,20.7,21.25,20.45,20.6,29450
ANDHRSUGAR,2013-09-17 00:00:00+05:30,20.9,20.9,20.45,20.55,9100
ANDHRSUGAR,2013-09-18 00:00:00+05:30,20.5,20.75,20.2,20.35,18165
ANDHRSUGAR,2013-09-19 00:00:00+05:30,20.75,20.75,20.2,20.45,32235
ANDHRSUGAR,2013-09-20 00:00:00+05:30,20.6,20.6,20.0,20.05,21915
ANDHRSUGAR,2013-09-23 00:00:00+05:30,20.2,20.35,20.0,20.0,18165
ANDHRSUGAR,2013-09-24 00:00:00+05:30,20.2,20.55,20.0,20.25,11650
ANDHRSUGAR,2013-09-25 00:00:00+05:30,20.55,20.55,20.0,20.0,25560
ANDHRSUGAR,2013-09-26 00:00:00+05:30,20.45,20.45,20.05,20.15,10195
ANDHRSUGAR,2013-09-27 00:00:00+05:30,20.05,20.4,20.05,20.1,5590
ANDHRSUGAR,2013-09-30 00:00:00+05:30,20.0,20.3,19.9,20.0,36305
ANDHRSUGAR,2013-10-01 00:00:00+05:30,19.8,20.6,19.6,20.0,22545
ANDHRSUGAR,2013-10-03 00:00:00+05:30,20.4,20.4,19.95,20.0,45830
ANDHRSUGAR,2013-10-04 00:00:00+05:30,20.35,20.4,19.95,20.2,14130
ANDHRSUGAR,2013-10-07 00:00:00+05:30,20.0,20.15,19.8,20.0,31895
ANDHRSUGAR,2013-10-08 00:00:00+05:30,20.15,20.35,19.9,20.0,16630
ANDHRSUGAR,2013-10-09 00:00:00+05:30,19.95,20.3,19.95,20.0,10785
ANDHRSUGAR,2013-10-10 00:00:00+05:30,20.15,20.6,20.15,20.45,26910
ANDHRSUGAR,2013-10-11 00:00:00+05:30,20.2,20.55,19.8,20.0,39330
ANDHRSUGAR,2013-10-14 00:00:00+05:30,20.35,20.4,20.0,20.4,27860
ANDHRSUGAR,2013-10-15 00:00:00+05:30,20.35,20.4,20.2,20.2,24855
ANDHRSUGAR,2013-10-17 00:00:00+05:30,20.4,21.1,20.1,20.7,71120
ANDHRSUGAR,2013-10-18 00:00:00+05:30,20.5,20.75,20.1,20.6,12925
ANDHRSUGAR,2013-10-21 00:00:00+05:30,21.0,21.2,20.6,20.7,50755
ANDHRSUGAR,2013-10-22 00:00:00+05:30,21.05,21.9,20.8,21.45,95885
ANDHRSUGAR,2013-10-23 00:00:00+05:30,21.8,24.6,21.55,21.7,78525
ANDHRSUGAR,2013-10-24 00:00:00+05:30,21.8,22.0,21.15,21.25,31860
ANDHRSUGAR,2013-10-25 00:00:00+05:30,21.1,21.4,21.0,21.15,6335
ANDHRSUGAR,2013-10-28 00:00:00+05:30,21.7,21.7,21.0,21.55,29555
ANDHRSUGAR,2013-10-29 00:00:00+05:30,21.4,21.8,21.15,21.55,16650
ANDHRSUGAR,2013-10-30 00:00:00+05:30,21.7,21.75,21.15,21.55,12235
ANDHRSUGAR,2013-10-31 00:00:00+05:30,21.4,21.75,21.2,21.3,23295
ANDHRSUGAR,2013-11-01 00:00:00+05:30,21.6,21.7,21.3,21.35,19055
ANDHRSUGAR,2013-11-05 00:00:00+05:30,21.4,21.7,20.9,21.3,44105
ANDHRSUGAR,2013-11-06 00:00:00+05:30,21.2,21.7,20.6,21.25,43090
ANDHRSUGAR,2013-11-07 00:00:00+05:30,21.2,21.55,20.8,20.9,18800
ANDHRSUGAR,2013-11-08 00:00:00+05:30,21.35,21.35,20.8,21.1,4390
ANDHRSUGAR,2013-11-11 00:00:00+05:30,20.95,21.0,20.6,20.7,24085
ANDHRSUGAR,2013-11-12 00:00:00+05:30,20.8,21.05,20.5,20.6,13170
ANDHRSUGAR,2013-11-13 00:00:00+05:30,20.5,20.8,20.35,20.6,6940
ANDHRSUGAR,2013-11-14 00:00:00+05:30,20.8,20.9,20.5,20.5,16575
ANDHRSUGAR,2013-11-18 00:00:00+05:30,20.65,20.9,20.4,20.55,19460
ANDHRSUGAR,2013-11-19 00:00:00+05:30,20.9,20.9,20.2,20.35,21195
ANDHRSUGAR,2013-11-20 00:00:00+05:30,20.6,22.95,20.6,21.4,481620
ANDHRSUGAR,2013-11-21 00:00:00+05:30,21.45,21.45,20.9,21.05,67705
ANDHRSUGAR,2013-11-22 00:00:00+05:30,21.95,21.95,20.65,20.9,50045
ANDHRSUGAR,2013-11-25 00:00:00+05:30,20.65,21.35,20.65,20.8,35700
ANDHRSUGAR,2013-11-26 00:00:00+05:30,20.7,21.15,20.7,20.75,24815
ANDHRSUGAR,2013-11-27 00:00:00+05:30,21.0,21.0,20.4,20.55,31325
ANDHRSUGAR,2013-11-28 00:00:00+05:30,20.6,21.2,20.55,20.75,39555
ANDHRSUGAR,2013-11-29 00:00:00+05:30,20.8,20.85,20.5,20.65,34375
ANDHRSUGAR,2013-12-02 00:00:00+05:30,20.8,21.1,20.6,20.8,31295
ANDHRSUGAR,2013-12-03 00:00:00+05:30,20.95,21.1,20.8,20.85,24885
ANDHRSUGAR,2013-12-04 00:00:00+05:30,20.75,20.95,20.6,20.8,33540
ANDHRSUGAR,2013-12-05 00:00:00+05:30,20.75,21.0,20.55,20.55,71435
ANDHRSUGAR,2013-12-06 00:00:00+05:30,20.7,21.35,20.7,21.1,54790
ANDHRSUGAR,2013-12-09 00:00:00+05:30,20.2,21.6,20.2,21.05,58575
ANDHRSUGAR,2013-12-10 00:00:00+05:30,21.4,21.4,20.75,21.05,24175
ANDHRSUGAR,2013-12-11 00:00:00+05:30,21.0,21.2,20.7,20.75,34960
ANDHRSUGAR,2013-12-12 00:00:00+05:30,21.4,21.4,20.65,20.7,10780
ANDHRSUGAR,2013-12-13 00:00:00+05:30,21.1,21.1,20.5,20.65,23550
ANDHRSUGAR,2013-12-16 00:00:00+05:30,20.7,20.95,20.4,20.45,24720
ANDHRSUGAR,2013-12-17 00:00:00+05:30,20.3,20.8,20.3,20.45,75500
ANDHRSUGAR,2013-12-18 00:00:00+05:30,20.5,20.85,20.4,20.45,69100
ANDHRSUGAR,2013-12-19 00:00:00+05:30,20.8,20.9,20.6,20.7,67515
ANDHRSUGAR,2013-12-20 00:00:00+05:30,20.9,20.95,20.7,20.85,21690
ANDHRSUGAR,2013-12-23 00:00:00+05:30,22.2,22.2,20.3,20.45,86415
ANDHRSUGAR,2013-12-24 00:00:00+05:30,20.55,20.7,20.35,20.45,58730
ANDHRSUGAR,2013-12-26 00:00:00+05:30,20.4,21.0,20.4,20.65,110455
ANDHRSUGAR,2013-12-27 00:00:00+05:30,21.0,21.0,20.7,20.75,31460
ANDHRSUGAR,2013-12-30 00:00:00+05:30,21.0,21.5,20.7,20.8,64315
ANDHRSUGAR,2013-12-31 00:00:00+05:30,20.8,20.8,20.6,20.7,30095
ANDHRSUGAR,2014-01-01 00:00:00+05:30,20.9,20.9,20.6,20.65,35305
ANDHRSUGAR,2014-01-02 00:00:00+05:30,20.8,20.8,20.5,20.5,88960
ANDHRSUGAR,2014-01-03 00:00:00+05:30,20.55,20.6,20.3,20.4,16170
ANDHRSUGAR,2014-01-06 00:00:00+05:30,20.45,20.65,20.4,20.45,23025
ANDHRSUGAR,2014-01-07 00:00:00+05:30,20.6,20.7,20.4,20.5,75510
ANDHRSUGAR,2014-01-08 00:00:00+05:30,20.6,20.6,20.45,20.5,24110
ANDHRSUGAR,2014-01-09 00:00:00+05:30,20.55,20.7,20.3,20.45,44485
ANDHRSUGAR,2014-01-10 00:00:00+05:30,20.4,20.7,20.2,20.3,74935
ANDHRSUGAR,2014-01-13 00:00:00+05:30,20.65,20.7,20.2,20.25,24160
ANDHRSUGAR,2014-01-14 00:00:00+05:30,20.35,20.6,20.3,20.4,15820
ANDHRSUGAR,2014-01-15 00:00:00+05:30,20.4,20.6,20.2,20.4,63270
ANDHRSUGAR,2014-01-16 00:00:00+05:30,20.4,20.55,20.1,20.1,37585
ANDHRSUGAR,2014-01-17 00:00:00+05:30,20.65,20.65,20.3,20.4,31260
ANDHRSUGAR,2014-01-20 00:00:00+05:30,20.5,20.5,20.05,20.1,33190
ANDHRSUGAR,2014-01-21 00:00:00+05:30,20.2,20.4,19.8,20.0,43655
ANDHRSUGAR,2014-01-22 00:00:00+05:30,20.4,20.4,20.05,20.25,12040
ANDHRSUGAR,2014-01-23 00:00:00+05:30,20.2,20.5,20.1,20.15,17935
ANDHRSUGAR,2014-01-24 00:00:00+05:30,20.1,20.3,19.9,20.0,11275
ANDHRSUGAR,2014-01-27 00:00:00+05:30,19.95,20.25,19.6,19.8,31280
ANDHRSUGAR,2014-01-28 00:00:00+05:30,19.6,19.7,18.9,19.15,81620
ANDHRSUGAR,2014-01-29 00:00:00+05:30,19.25,19.55,19.2,19.2,19750
ANDHRSUGAR,2014-01-30 00:00:00+05:30,19.75,19.75,18.8,18.85,22110
ANDHRSUGAR,2014-01-31 00:00:00+05:30,19.2,19.4,18.3,18.45,66580
ANDHRSUGAR,2014-02-03 00:00:00+05:30,18.5,18.9,18.0,18.05,57005
ANDHRSUGAR,2014-02-04 00:00:00+05:30,18.05,18.6,18.0,18.3,40150
ANDHRSUGAR,2014-02-05 00:00:00+05:30,18.15,18.4,17.65,18.0,59505
ANDHRSUGAR,2014-02-06 00:00:00+05:30,18.05,18.3,17.95,18.1,41840
ANDHRSUGAR,2014-02-07 00:00:00+05:30,18.2,18.2,17.7,17.8,177785
ANDHRSUGAR,2014-02-10 00:00:00+05:30,18.2,18.2,17.6,17.7,64895
ANDHRSUGAR,2014-02-11 00:00:00+05:30,18.0,18.1,17.4,17.6,73035
ANDHRSUGAR,2014-02-12 00:00:00+05:30,17.85,17.85,17.6,17.6,22285
ANDHRSUGAR,2014-02-13 00:00:00+05:30,18.35,18.35,17.4,17.5,56520
ANDHRSUGAR,2014-02-14 00:00:00+05:30,17.6,17.7,17.5,17.6,30665
ANDHRSUGAR,2014-02-17 00:00:00+05:30,17.45,17.65,17.3,17.45,50760
ANDHRSUGAR,2014-02-18 00:00:00+05:30,17.6,17.6,17.4,17.45,44685
ANDHRSUGAR,2014-02-19 00:00:00+05:30,17.8,17.8,17.3,17.4,104580
ANDHRSUGAR,2014-02-20 00:00:00+05:30,17.55,17.95,17.4,17.8,59005
ANDHRSUGAR,2014-02-21 00:00:00+05:30,17.9,17.9,17.5,17.6,26780
ANDHRSUGAR,2014-02-24 00:00:00+05:30,17.6,17.6,17.5,17.5,43215
ANDHRSUGAR,2014-02-25 00:00:00+05:30,17.55,17.6,17.3,17.45,58620
ANDHRSUGAR,2014-02-26 00:00:00+05:30,17.6,17.8,17.5,17.55,50850
ANDHRSUGAR,2014-02-28 00:00:00+05:30,17.75,17.8,17.4,17.55,32705
ANDHRSUGAR,2014-03-03 00:00:00+05:30,17.55,17.95,17.4,17.45,20265
ANDHRSUGAR,2014-03-04 00:00:00+05:30,17.45,17.75,17.45,17.6,32660
ANDHRSUGAR,2014-03-05 00:00:00+05:30,17.8,18.4,17.7,18.1,77190
ANDHRSUGAR,2014-03-06 00:00:00+05:30,18.4,18.7,18.1,18.6,55970
ANDHRSUGAR,2014-03-07 00:00:00+05:30,18.55,18.9,18.55,18.8,28920
ANDHRSUGAR,2014-03-10 00:00:00+05:30,19.1,19.65,19.1,19.5,30870
ANDHRSUGAR,2014-03-11 00:00:00+05:30,19.5,19.8,19.45,19.55,19030
ANDHRSUGAR,2014-03-12 00:00:00+05:30,19.5,19.6,18.8,19.05,63525
ANDHRSUGAR,2014-03-13 00:00:00+05:30,19.05,20.5,18.9,19.7,432120
ANDHRSUGAR,2014-03-14 00:00:00+05:30,20.2,20.2,19.4,19.55,33600
ANDHRSUGAR,2014-03-18 00:00:00+05:30,19.6,19.95,19.35,19.45,40610
ANDHRSUGAR,2014-03-19 00:00:00+05:30,19.6,19.85,19.25,19.8,44600
ANDHRSUGAR,2014-03-20 00:00:00+05:30,19.8,20.0,19.6,19.7,36670
ANDHRSUGAR,2014-03-21 00:00:00+05:30,19.8,19.95,19.4,19.5,19380
ANDHRSUGAR,2014-03-24 00:00:00+05:30,19.4,19.75,19.4,19.5,27960
ANDHRSUGAR,2014-03-25 00:00:00+05:30,19.55,19.55,19.2,19.3,20805
ANDHRSUGAR,2014-03-26 00:00:00+05:30,19.6,19.65,18.85,18.9,99155
ANDHRSUGAR,2014-03-27 00:00:00+05:30,19.3,19.4,19.0,19.2,30610
ANDHRSUGAR,2014-03-28 00:00:00+05:30,19.1,19.5,18.8,19.3,64815
ANDHRSUGAR,2014-03-31 00:00:00+05:30,19.3,19.7,19.2,19.65,148210
ANDHRSUGAR,2014-04-01 00:00:00+05:30,20.8,21.45,20.65,21.0,1022390
ANDHRSUGAR,2014-04-02 00:00:00+05:30,21.6,21.8,20.8,21.45,198285
ANDHRSUGAR,2014-04-03 00:00:00+05:30,22.2,22.45,21.9,22.15,363240
ANDHRSUGAR,2014-04-04 00:00:00+05:30,22.6,24.1,21.8,23.4,774760
ANDHRSUGAR,2014-04-07 00:00:00+05:30,23.4,23.8,22.6,22.75,192980
ANDHRSUGAR,2014-04-09 00:00:00+05:30,22.7,23.0,22.2,22.35,166995
ANDHRSUGAR,2014-04-10 00:00:00+05:30,22.45,22.8,22.4,22.6,121275
ANDHRSUGAR,2014-04-11 00:00:00+05:30,22.6,22.6,22.25,22.35,62760
ANDHRSUGAR,2014-04-15 00:00:00+05:30,22.7,23.7,22.7,23.15,272745
ANDHRSUGAR,2014-04-16 00:00:00+05:30,23.2,23.4,22.4,22.7,125765
ANDHRSUGAR,2014-04-17 00:00:00+05:30,22.55,23.2,22.5,22.9,84615
ANDHRSUGAR,2014-04-21 00:00:00+05:30,23.0,23.4,22.65,22.75,108835
ANDHRSUGAR,2014-04-22 00:00:00+05:30,22.9,23.2,22.7,22.9,71910
ANDHRSUGAR,2014-04-23 00:00:00+05:30,22.95,23.8,22.8,23.6,387040
ANDHRSUGAR,2014-04-25 00:00:00+05:30,24.3,24.3,23.05,23.25,463550
ANDHRSUGAR,2014-04-28 00:00:00+05:30,23.15,23.65,22.75,22.85,155310
ANDHRSUGAR,2014-04-29 00:00:00+05:30,23.25,23.6,22.8,22.9,275660
ANDHRSUGAR,2014-04-30 00:00:00+05:30,23.1,23.25,22.4,22.55,91050
ANDHRSUGAR,2014-05-02 00:00:00+05:30,22.9,22.9,22.3,22.6,46600
ANDHRSUGAR,2014-05-05 00:00:00+05:30,22.75,23.1,22.4,22.45,60740
ANDHRSUGAR,2014-05-06 00:00:00+05:30,22.8,23.0,22.1,22.25,99020
ANDHRSUGAR,2014-05-07 00:00:00+05:30,22.2,22.75,22.1,22.35,161535
ANDHRSUGAR,2014-05-08 00:00:00+05:30,22.4,22.6,21.4,21.85,104260
ANDHRSUGAR,2014-05-09 00:00:00+05:30,21.7,22.9,21.7,22.55,171835
ANDHRSUGAR,2014-05-12 00:00:00+05:30,22.35,22.8,22.35,22.6,105290
ANDHRSUGAR,2014-05-13 00:00:00+05:30,22.8,23.15,22.4,22.5,203730
ANDHRSUGAR,2014-05-14 00:00:00+05:30,22.8,23.05,22.65,23.0,56410
ANDHRSUGAR,2014-05-15 00:00:00+05:30,22.45,23.0,22.45,22.65,67675
ANDHRSUGAR,2014-05-16 00:00:00+05:30,22.55,23.0,22.4,22.65,168045
ANDHRSUGAR,2014-05-19 00:00:00+05:30,22.8,24.3,22.8,24.1,299750
ANDHRSUGAR,2014-05-20 00:00:00+05:30,23.85,25.35,23.85,25.05,446645
ANDHRSUGAR,2014-05-21 00:00:00+05:30,24.8,25.8,24.55,24.85,206625
ANDHRSUGAR,2014-05-22 00:00:00+05:30,25.2,26.4,25.2,25.85,358360
ANDHRSUGAR,2014-05-23 00:00:00+05:30,26.5,27.05,25.0,25.45,621765
ANDHRSUGAR,2014-05-26 00:00:00+05:30,26.0,26.2,24.25,24.8,285735
ANDHRSUGAR,2014-05-27 00:00:00+05:30,26.0,26.1,24.6,25.15,201835
ANDHRSUGAR,2014-05-28 00:00:00+05:30,25.3,26.0,25.15,25.7,189655
ANDHRSUGAR,2014-05-29 00:00:00+05:30,25.6,25.6,25.1,25.25,81765
ANDHRSUGAR,2014-05-30 00:00:00+05:30,25.6,25.8,25.1,25.3,82955
ANDHRSUGAR,2014-06-02 00:00:00+05:30,25.65,26.25,25.4,25.8,150410
ANDHRSUGAR,2014-06-03 00:00:00+05:30,25.6,28.2,25.6,28.0,1144190
ANDHRSUGAR,2014-06-04 00:00:00+05:30,28.55,28.55,27.2,27.4,345030
ANDHRSUGAR,2014-06-05 00:00:00+05:30,28.0,28.55,27.3,28.25,265680
ANDHRSUGAR,2014-06-06 00:00:00+05:30,28.7,30.5,28.7,29.35,965580
ANDHRSUGAR,2014-06-09 00:00:00+05:30,29.6,30.2,29.3,29.65,342145
ANDHRSUGAR,2014-06-10 00:00:00+05:30,30.0,30.0,28.0,28.7,443135
ANDHRSUGAR,2014-06-11 00:00:00+05:30,28.8,29.15,28.05,28.25,91225
ANDHRSUGAR,2014-06-12 00:00:00+05:30,28.4,28.8,27.8,27.95,145340
ANDHRSUGAR,2014-06-13 00:00:00+05:30,28.05,28.55,27.0,27.65,226815
ANDHRSUGAR,2014-06-16 00:00:00+05:30,28.45,28.6,27.8,28.0,484400
ANDHRSUGAR,2014-06-17 00:00:00+05:30,27.8,28.5,27.8,28.2,270690
ANDHRSUGAR,2014-06-18 00:00:00+05:30,28.25,28.3,27.5,27.85,99215
ANDHRSUGAR,2014-06-19 00:00:00+05:30,28.0,28.1,27.2,27.4,46110
ANDHRSUGAR,2014-06-20 00:00:00+05:30,27.4,28.3,27.4,27.6,142150
ANDHRSUGAR,2014-06-23 00:00:00+05:30,27.6,30.3,27.6,29.45,1320480
ANDHRSUGAR,2014-06-24 00:00:00+05:30,29.9,30.35,29.2,29.4,499455
ANDHRSUGAR,2014-06-25 00:00:00+05:30,29.1,29.6,28.6,28.7,173785
ANDHRSUGAR,2014-06-26 00:00:00+05:30,28.6,28.8,28.4,28.5,112390
ANDHRSUGAR,2014-06-27 00:00:00+05:30,28.2,28.9,28.2,28.55,149565
ANDHRSUGAR,2014-06-30 00:00:00+05:30,28.45,29.0,28.45,28.7,137395
ANDHRSUGAR,2014-07-01 00:00:00+05:30,28.45,29.3,28.4,29.05,210920
ANDHRSUGAR,2014-07-02 00:00:00+05:30,29.0,29.2,28.7,28.9,104170
ANDHRSUGAR,2014-07-03 00:00:00+05:30,29.15,29.2,28.7,28.85,87680
ANDHRSUGAR,2014-07-04 00:00:00+05:30,29.0,29.1,28.4,28.8,89080
ANDHRSUGAR,2014-07-07 00:00:00+05:30,28.8,29.45,28.6,29.15,195740
ANDHRSUGAR,2014-07-08 00:00:00+05:30,29.6,29.6,28.1,28.5,98140
ANDHRSUGAR,2014-07-09 00:00:00+05:30,28.6,28.8,27.4,27.5,143045
ANDHRSUGAR,2014-07-10 00:00:00+05:30,27.5,28.2,27.45,28.0,125760
ANDHRSUGAR,2014-07-11 00:00:00+05:30,28.2,28.2,26.8,26.9,230485
ANDHRSUGAR,2014-07-14 00:00:00+05:30,27.4,27.4,26.8,27.0,18470
ANDHRSUGAR,2014-07-15 00:00:00+05:30,27.1,28.8,27.1,28.6,304950
ANDHRSUGAR,2014-07-16 00:00:00+05:30,28.8,28.8,28.15,28.4,67970
ANDHRSUGAR,2014-07-17 00:00:00+05:30,28.4,28.5,28.1,28.25,51670
ANDHRSUGAR,2014-07-18 00:00:00+05:30,28.55,28.55,27.45,27.9,86065
ANDHRSUGAR,2014-07-21 00:00:00+05:30,28.2,29.0,28.0,28.9,187755
ANDHRSUGAR,2014-07-22 00:00:00+05:30,28.95,29.25,28.65,28.85,82460
ANDHRSUGAR,2014-07-23 00:00:00+05:30,28.65,29.25,28.65,28.85,160690
ANDHRSUGAR,2014-07-24 00:00:00+05:30,28.9,29.9,28.9,29.6,151585
ANDHRSUGAR,2014-07-25 00:00:00+05:30,29.6,29.75,28.75,29.4,153950
ANDHRSUGAR,2014-07-28 00:00:00+05:30,29.2,29.4,28.6,28.75,113925
ANDHRSUGAR,2014-07-30 00:00:00+05:30,28.6,28.75,28.4,28.6,97360
ANDHRSUGAR,2014-07-31 00:00:00+05:30,28.65,29.1,28.55,28.75,85305
ANDHRSUGAR,2014-08-01 00:00:00+05:30,28.6,29.1,28.6,28.85,107800
ANDHRSUGAR,2014-08-04 00:00:00+05:30,28.85,29.4,28.8,28.9,65515
ANDHRSUGAR,2014-08-05 00:00:00+05:30,29.3,29.4,28.6,28.75,76495
ANDHRSUGAR,2014-08-06 00:00:00+05:30,28.95,29.0,28.15,28.4,97735
ANDHRSUGAR,2014-08-07 00:00:00+05:30,29.15,29.15,28.1,28.35,59020
ANDHRSUGAR,2014-08-08 00:00:00+05:30,28.2,28.4,27.7,27.75,76745
ANDHRSUGAR,2014-08-11 00:00:00+05:30,28.5,28.5,27.8,28.1,44910
ANDHRSUGAR,2014-08-12 00:00:00+05:30,28.1,28.35,27.8,27.9,17800
ANDHRSUGAR,2014-08-13 00:00:00+05:30,28.1,28.2,27.2,27.35,93355
ANDHRSUGAR,2014-08-14 00:00:00+05:30,27.5,27.85,27.05,27.7,37745
ANDHRSUGAR,2014-08-18 00:00:00+05:30,27.6,28.6,27.6,28.45,91745
ANDHRSUGAR,2014-08-19 00:00:00+05:30,28.45,29.1,28.2,28.8,110330
ANDHRSUGAR,2014-08-20 00:00:00+05:30,28.6,28.7,27.8,28.15,44785
ANDHRSUGAR,2014-08-21 00:00:00+05:30,28.05,30.05,28.05,29.85,315320
ANDHRSUGAR,2014-08-22 00:00:00+05:30,30.25,31.5,29.6,30.85,1139780
ANDHRSUGAR,2014-08-25 00:00:00+05:30,31.6,31.85,30.5,30.65,365200
ANDHRSUGAR,2014-08-26 00:00:00+05:30,31.0,31.0,29.4,29.95,151495
ANDHRSUGAR,2014-08-27 00:00:00+05:30,29.6,30.0,29.0,29.35,123430
ANDHRSUGAR,2014-08-28 00:00:00+05:30,29.6,29.75,28.45,28.75,67330
ANDHRSUGAR,2014-09-01 00:00:00+05:30,29.55,30.35,29.15,29.85,287665
ANDHRSUGAR,2014-09-02 00:00:00+05:30,30.3,30.55,29.35,29.95,177340
ANDHRSUGAR,2014-09-03 00:00:00+05:30,30.0,30.0,28.8,29.0,126985
ANDHRSUGAR,2014-09-04 00:00:00+05:30,29.8,29.9,28.8,28.95,106440
ANDHRSUGAR,2014-09-05 00:00:00+05:30,28.65,30.0,28.15,29.75,245530
ANDHRSUGAR,2014-09-08 00:00:00+05:30,29.4,29.75,28.85,29.05,321055
ANDHRSUGAR,2014-09-09 00:00:00+05:30,29.05,30.2,29.05,29.8,364000
ANDHRSUGAR,2014-09-10 00:00:00+05:30,29.75,30.0,29.3,29.7,75180
ANDHRSUGAR,2014-09-11 00:00:00+05:30,29.6,30.9,29.6,30.6,260785
ANDHRSUGAR,2014-09-12 00:00:00+05:30,30.8,31.0,29.8,30.25,221495
ANDHRSUGAR,2014-09-15 00:00:00+05:30,30.7,30.7,29.8,30.25,246425
ANDHRSUGAR,2014-09-16 00:00:00+05:30,29.4,30.0,28.45,28.75,100685
ANDHRSUGAR,2014-09-17 00:00:00+05:30,29.0,29.45,28.8,28.95,63755
ANDHRSUGAR,2014-09-18 00:00:00+05:30,28.8,29.8,28.65,29.1,164580
ANDHRSUGAR,2014-09-19 00:00:00+05:30,29.3,29.4,28.95,29.1,73385
ANDHRSUGAR,2014-09-22 00:00:00+05:30,29.9,29.9,29.05,29.35,100910
ANDHRSUGAR,2014-09-23 00:00:00+05:30,29.55,29.6,28.65,28.75,55720
ANDHRSUGAR,2014-09-24 00:00:00+05:30,28.7,29.1,28.4,28.75,61090
ANDHRSUGAR,2014-09-25 00:00:00+05:30,28.45,28.9,27.7,27.8,72495
ANDHRSUGAR,2014-09-26 00:00:00+05:30,28.2,28.6,27.8,28.05,60995
ANDHRSUGAR,2014-09-29 00:00:00+05:30,27.95,28.7,27.8,28.15,108975
ANDHRSUGAR,2014-09-30 00:00:00+05:30,27.85,28.25,27.2,27.4,75010
ANDHRSUGAR,2014-10-01 00:00:00+05:30,27.8,28.0,27.0,27.2,97860
ANDHRSUGAR,2014-10-07 00:00:00+05:30,27.65,28.55,27.3,28.4,137445
ANDHRSUGAR,2014-10-08 00:00:00+05:30,28.1,28.6,27.9,28.05,33600
ANDHRSUGAR,2014-10-09 00:00:00+05:30,28.25,28.75,28.2,28.45,103815
ANDHRSUGAR,2014-10-10 00:00:00+05:30,28.25,28.55,27.55,27.85,68220
ANDHRSUGAR,2014-10-13 00:00:00+05:30,28.4,28.4,27.05,27.35,90630
ANDHRSUGAR,2014-10-14 00:00:00+05:30,27.35,27.9,27.3,27.35,74690
ANDHRSUGAR,2014-10-16 00:00:00+05:30,27.5,27.55,26.6,27.0,53950
ANDHRSUGAR,2014-10-17 00:00:00+05:30,27.2,27.3,26.6,26.7,43985
ANDHRSUGAR,2014-10-20 00:00:00+05:30,27.2,27.6,26.9,27.05,66630
ANDHRSUGAR,2014-10-21 00:00:00+05:30,27.1,27.15,26.5,26.85,48420
ANDHRSUGAR,2014-10-22 00:00:00+05:30,27.55,27.55,26.75,26.9,52895
ANDHRSUGAR,2014-10-23 00:00:00+05:30,26.65,27.4,26.65,27.2,41065
ANDHRSUGAR,2014-10-27 00:00:00+05:30,27.1,27.5,27.1,27.15,49160
ANDHRSUGAR,2014-10-28 00:00:00+05:30,27.3,27.3,26.6,26.85,55995
ANDHRSUGAR,2014-10-29 00:00:00+05:30,26.8,27.1,26.8,27.0,34280
ANDHRSUGAR,2014-10-30 00:00:00+05:30,26.9,27.4,26.8,27.35,57430
ANDHRSUGAR,2014-10-31 00:00:00+05:30,27.45,27.7,27.3,27.35,35035
ANDHRSUGAR,2014-11-03 00:00:00+05:30,27.05,27.5,26.0,26.65,204570
ANDHRSUGAR,2014-11-05 00:00:00+05:30,27.75,27.75,26.6,26.95,95220
ANDHRSUGAR,2014-11-07 00:00:00+05:30,27.0,27.2,26.4,26.8,56600
ANDHRSUGAR,2014-11-10 00:00:00+05:30,26.8,27.0,25.9,26.45,112790
ANDHRSUGAR,2014-11-11 00:00:00+05:30,26.4,26.6,26.05,26.15,62160
ANDHRSUGAR,2014-11-12 00:00:00+05:30,26.5,26.65,26.3,26.45,48380
ANDHRSUGAR,2014-11-13 00:00:00+05:30,26.35,27.6,26.25,26.95,302660
ANDHRSUGAR,2014-11-14 00:00:00+05:30,26.8,27.2,26.55,26.7,82460
ANDHRSUGAR,2014-11-17 00:00:00+05:30,26.0,26.4,25.75,26.1,140240
ANDHRSUGAR,2014-11-18 00:00:00+05:30,26.2,27.2,26.2,26.95,279105
ANDHRSUGAR,2014-11-19 00:00:00+05:30,26.9,27.1,26.6,26.65,212955
ANDHRSUGAR,2014-11-20 00:00:00+05:30,27.0,27.0,25.3,26.0,135715
ANDHRSUGAR,2014-11-21 00:00:00+05:30,25.8,26.4,25.5,25.7,131510
ANDHRSUGAR,2014-11-24 00:00:00+05:30,26.0,26.0,25.4,25.5,68650
ANDHRSUGAR,2014-11-25 00:00:00+05:30,25.6,25.8,24.85,25.05,78135
ANDHRSUGAR,2014-11-26 00:00:00+05:30,25.2,25.35,24.9,25.1,34375
ANDHRSUGAR,2014-11-27 00:00:00+05:30,25.3,25.5,24.25,24.5,178850
ANDHRSUGAR,2014-11-28 00:00:00+05:30,24.3,24.75,24.2,24.25,138570
ANDHRSUGAR,2014-12-01 00:00:00+05:30,25.2,25.2,23.75,23.85,104730
ANDHRSUGAR,2014-12-02 00:00:00+05:30,23.95,24.4,23.4,24.0,144095
ANDHRSUGAR,2014-12-03 00:00:00+05:30,24.0,24.2,23.65,23.7,85595
ANDHRSUGAR,2014-12-04 00:00:00+05:30,23.7,24.0,23.45,23.6,95040
ANDHRSUGAR,2014-12-05 00:00:00+05:30,23.5,24.2,23.5,24.05,89475
ANDHRSUGAR,2014-12-08 00:00:00+05:30,24.05,25.2,23.7,24.1,108840
ANDHRSUGAR,2014-12-09 00:00:00+05:30,24.15,24.25,23.6,23.7,28460
ANDHRSUGAR,2014-12-10 00:00:00+05:30,23.8,24.3,23.65,23.9,97230
ANDHRSUGAR,2014-12-11 00:00:00+05:30,24.6,25.1,23.9,24.0,185260
ANDHRSUGAR,2014-12-12 00:00:00+05:30,24.3,24.3,23.7,23.8,29895
ANDHRSUGAR,2014-12-15 00:00:00+05:30,23.6,23.9,23.6,23.7,49705
ANDHRSUGAR,2014-12-16 00:00:00+05:30,23.65,23.85,23.25,23.55,77390
ANDHRSUGAR,2014-12-17 00:00:00+05:30,23.6,24.4,22.95,23.3,64125
ANDHRSUGAR,2014-12-18 00:00:00+05:30,23.25,23.8,23.25,23.7,50355
ANDHRSUGAR,2014-12-19 00:00:00+05:30,24.3,24.3,23.3,23.45,24745
ANDHRSUGAR,2014-12-22 00:00:00+05:30,23.45,23.9,23.4,23.6,44800
ANDHRSUGAR,2014-12-23 00:00:00+05:30,23.6,23.9,23.4,23.45,30810
ANDHRSUGAR,2014-12-24 00:00:00+05:30,23.6,23.8,23.6,23.65,29100
ANDHRSUGAR,2014-12-26 00:00:00+05:30,23.8,24.15,23.6,23.7,16375
ANDHRSUGAR,2014-12-29 00:00:00+05:30,23.7,23.95,23.7,23.7,2570
ANDHRSUGAR,2014-12-30 00:00:00+05:30,23.9,23.95,23.25,23.7,46465
ANDHRSUGAR,2014-12-31 00:00:00+05:30,23.55,23.7,23.4,23.4,46255
ANDHRSUGAR,2015-01-01 00:00:00+05:30,23.6,23.9,23.4,23.75,47940
ANDHRSUGAR,2015-01-02 00:00:00+05:30,24.0,24.4,23.8,24.1,72140
ANDHRSUGAR,2015-01-05 00:00:00+05:30,24.4,24.6,24.0,24.15,66840
ANDHRSUGAR,2015-01-06 00:00:00+05:30,24.05,26.75,23.6,25.3,1090860
ANDHRSUGAR,2015-01-07 00:00:00+05:30,25.75,25.75,24.45,24.8,178555
ANDHRSUGAR,2015-01-08 00:00:00+05:30,25.2,25.2,24.2,24.4,96380
ANDHRSUGAR,2015-01-09 00:00:00+05:30,24.2,24.75,23.75,23.9,84835
ANDHRSUGAR,2015-01-12 00:00:00+05:30,24.0,24.5,23.65,24.25,55900
ANDHRSUGAR,2015-01-13 00:00:00+05:30,24.0,24.5,23.8,24.0,60950
ANDHRSUGAR,2015-01-14 00:00:00+05:30,24.6,24.6,23.85,23.85,51985
ANDHRSUGAR,2015-01-15 00:00:00+05:30,23.8,24.2,23.65,23.8,41190
ANDHRSUGAR,2015-01-16 00:00:00+05:30,23.75,24.25,23.3,23.45,163365
ANDHRSUGAR,2015-01-19 00:00:00+05:30,23.45,23.8,23.4,23.6,80215
ANDHRSUGAR,2015-01-20 00:00:00+05:30,23.55,23.75,23.45,23.6,79590
ANDHRSUGAR,2015-01-21 00:00:00+05:30,23.95,23.95,23.6,23.8,53685
ANDHRSUGAR,2015-01-22 00:00:00+05:30,24.0,24.0,23.45,23.6,95935
ANDHRSUGAR,2015-01-23 00:00:00+05:30,23.6,23.9,23.4,23.55,50180
ANDHRSUGAR,2015-01-27 00:00:00+05:30,23.6,24.0,23.4,23.85,94615
ANDHRSUGAR,2015-01-28 00:00:00+05:30,24.0,24.25,23.6,23.7,40625
ANDHRSUGAR,2015-01-29 00:00:00+05:30,23.6,23.8,23.5,23.55,23175
ANDHRSUGAR,2015-01-30 00:00:00+05:30,23.5,24.05,23.45,23.5,43205
ANDHRSUGAR,2015-02-02 00:00:00+05:30,23.45,23.55,22.4,22.55,171995
ANDHRSUGAR,2015-02-03 00:00:00+05:30,22.65,22.75,22.2,22.25,78405
ANDHRSUGAR,2015-02-04 00:00:00+05:30,22.2,22.65,21.0,21.55,169600
ANDHRSUGAR,2015-02-05 00:00:00+05:30,21.6,21.8,21.25,21.35,49730
ANDHRSUGAR,2015-02-06 00:00:00+05:30,21.5,21.6,21.3,21.35,88455
ANDHRSUGAR,2015-02-09 00:00:00+05:30,21.25,21.8,20.9,21.2,44125
ANDHRSUGAR,2015-02-10 00:00:00+05:30,21.1,21.5,21.0,21.25,54990
ANDHRSUGAR,2015-02-11 00:00:00+05:30,21.2,21.5,21.05,21.2,12340
ANDHRSUGAR,2015-02-12 00:00:00+05:30,21.2,21.45,21.1,21.15,18355
ANDHRSUGAR,2015-02-13 00:00:00+05:30,21.25,21.6,21.2,21.25,95880
ANDHRSUGAR,2015-02-16 00:00:00+05:30,21.4,21.4,20.85,21.05,73670
ANDHRSUGAR,2015-02-18 00:00:00+05:30,21.3,22.0,21.2,21.65,69465
ANDHRSUGAR,2015-02-19 00:00:00+05:30,21.65,22.8,21.65,22.05,133320
ANDHRSUGAR,2015-02-20 00:00:00+05:30,22.35,22.8,22.25,22.4,80265
ANDHRSUGAR,2015-02-23 00:00:00+05:30,22.6,22.75,21.65,21.75,32170
ANDHRSUGAR,2015-02-24 00:00:00+05:30,21.95,21.95,21.0,21.35,61865
ANDHRSUGAR,2015-02-25 00:00:00+05:30,21.2,21.8,21.05,21.5,59555
ANDHRSUGAR,2015-02-26 00:00:00+05:30,21.5,21.7,21.35,21.45,32000
ANDHRSUGAR,2015-02-27 00:00:00+05:30,21.4,21.65,21.4,21.55,25440
ANDHRSUGAR,2015-03-02 00:00:00+05:30,21.4,21.7,20.95,21.4,47010
ANDHRSUGAR,2015-03-03 00:00:00+05:30,21.4,21.55,21.0,21.2,91610
ANDHRSUGAR,2015-03-04 00:00:00+05:30,21.5,21.5,20.8,20.9,38130
ANDHRSUGAR,2015-03-05 00:00:00+05:30,21.2,21.4,20.9,21.0,43350
ANDHRSUGAR,2015-03-09 00:00:00+05:30,21.0,21.2,20.5,20.65,112665
ANDHRSUGAR,2015-03-10 00:00:00+05:30,20.9,20.95,20.7,20.75,37500
ANDHRSUGAR,2015-03-11 00:00:00+05:30,20.65,20.8,20.45,20.5,103270
ANDHRSUGAR,2015-03-12 00:00:00+05:30,20.75,21.0,20.55,20.65,133755
ANDHRSUGAR,2015-03-13 00:00:00+05:30,20.7,20.75,20.4,20.45,58985
ANDHRSUGAR,2015-03-16 00:00:00+05:30,20.45,20.6,20.2,20.4,197005
ANDHRSUGAR,2015-03-17 00:00:00+05:30,20.35,20.55,20.35,20.45,22075
ANDHRSUGAR,2015-03-18 00:00:00+05:30,20.4,20.6,20.35,20.4,30750
ANDHRSUGAR,2015-03-19 00:00:00+05:30,20.4,20.6,20.4,20.45,16630
ANDHRSUGAR,2015-03-20 00:00:00+05:30,20.35,20.35,19.15,19.35,213525
ANDHRSUGAR,2015-03-23 00:00:00+05:30,19.55,20.0,19.2,19.3,125350
ANDHRSUGAR,2015-03-24 00:00:00+05:30,19.7,20.0,19.2,19.3,96010
ANDHRSUGAR,2015-03-25 00:00:00+05:30,19.4,19.55,18.6,18.75,65320
ANDHRSUGAR,2015-03-26 00:00:00+05:30,18.75,19.15,18.3,18.65,189620
ANDHRSUGAR,2015-03-27 00:00:00+05:30,18.7,18.7,18.2,18.55,200570
ANDHRSUGAR,2015-03-30 00:00:00+05:30,18.65,18.8,18.0,18.05,296480
ANDHRSUGAR,2015-03-31 00:00:00+05:30,18.2,18.45,18.0,18.35,277555
ANDHRSUGAR,2015-04-01 00:00:00+05:30,18.4,19.8,18.3,19.25,57755
ANDHRSUGAR,2015-04-06 00:00:00+05:30,19.15,19.8,19.15,19.45,39620
ANDHRSUGAR,2015-04-07 00:00:00+05:30,19.4,19.7,19.2,19.65,74220
ANDHRSUGAR,2015-04-08 00:00:00+05:30,19.7,20.7,19.45,20.3,64410
ANDHRSUGAR,2015-04-09 00:00:00+05:30,20.25,20.6,20.0,20.2,37685
ANDHRSUGAR,2015-04-10 00:00:00+05:30,20.2,20.3,20.05,20.1,48135
ANDHRSUGAR,2015-04-13 00:00:00+05:30,20.05,20.65,20.0,20.5,34620
ANDHRSUGAR,2015-04-15 00:00:00+05:30,20.95,20.95,20.2,20.45,30040
ANDHRSUGAR,2015-04-16 00:00:00+05:30,20.65,20.95,20.5,20.55,42155
ANDHRSUGAR,2015-04-17 00:00:00+05:30,20.8,20.8,20.55,20.7,11475
ANDHRSUGAR,2015-04-20 00:00:00+05:30,20.5,20.8,20.25,20.4,26170
ANDHRSUGAR,2015-04-21 00:00:00+05:30,20.55,20.6,20.2,20.45,8620
ANDHRSUGAR,2015-04-22 00:00:00+05:30,20.45,20.55,20.2,20.3,9970
ANDHRSUGAR,2015-04-23 00:00:00+05:30,20.25,20.3,20.0,20.0,32895
ANDHRSUGAR,2015-04-24 00:00:00+05:30,19.9,20.2,19.25,19.65,47055
ANDHRSUGAR,2015-04-27 00:00:00+05:30,19.95,19.95,19.2,19.55,33555
ANDHRSUGAR,2015-04-28 00:00:00+05:30,19.4,20.55,19.3,20.15,41445
ANDHRSUGAR,2015-04-29 00:00:00+05:30,20.2,20.6,20.0,20.35,28080
ANDHRSUGAR,2015-04-30 00:00:00+05:30,20.75,20.75,20.15,20.25,34680
ANDHRSUGAR,2015-05-04 00:00:00+05:30,20.0,20.5,20.0,20.4,14090
ANDHRSUGAR,2015-05-05 00:00:00+05:30,20.2,20.7,20.05,20.4,17765
ANDHRSUGAR,2015-05-06 00:00:00+05:30,20.2,20.2,18.9,19.05,132425
ANDHRSUGAR,2015-05-07 00:00:00+05:30,19.05,19.45,18.7,19.2,29890
ANDHRSUGAR,2015-05-08 00:00:00+05:30,19.1,19.8,19.1,19.5,26520
ANDHRSUGAR,2015-05-11 00:00:00+05:30,19.5,20.1,19.5,19.7,18435
ANDHRSUGAR,2015-05-12 00:00:00+05:30,19.6,19.7,19.3,19.45,9625
ANDHRSUGAR,2015-05-13 00:00:00+05:30,19.6,19.6,19.25,19.4,26745
ANDHRSUGAR,2015-05-14 00:00:00+05:30,19.4,19.55,19.05,19.45,15415
ANDHRSUGAR,2015-05-15 00:00:00+05:30,19.4,19.6,19.4,19.45,12900
ANDHRSUGAR,2015-05-18 00:00:00+05:30,19.4,20.0,19.4,19.8,26835
ANDHRSUGAR,2015-05-19 00:00:00+05:30,19.85,20.1,19.85,20.0,19830
ANDHRSUGAR,2015-05-20 00:00:00+05:30,20.0,20.0,19.6,19.85,9620
ANDHRSUGAR,2015-05-21 00:00:00+05:30,19.8,20.1,19.6,19.65,35775
ANDHRSUGAR,2015-05-22 00:00:00+05:30,19.7,19.9,19.3,19.35,26370
ANDHRSUGAR,2015-05-25 00:00:00+05:30,19.35,19.6,18.8,19.05,20875
ANDHRSUGAR,2015-05-26 00:00:00+05:30,19.6,19.65,19.05,19.45,47580
ANDHRSUGAR,2015-05-27 00:00:00+05:30,19.4,19.6,18.65,19.35,146990
ANDHRSUGAR,2015-05-28 00:00:00+05:30,19.45,19.45,18.7,19.0,42130
ANDHRSUGAR,2015-05-29 00:00:00+05:30,19.0,19.3,18.95,19.1,33685
ANDHRSUGAR,2015-06-01 00:00:00+05:30,19.0,19.5,18.8,18.9,85045
ANDHRSUGAR,2015-06-02 00:00:00+05:30,18.9,18.9,18.1,18.6,60730
ANDHRSUGAR,2015-06-03 00:00:00+05:30,18.6,18.8,17.95,18.15,52810
ANDHRSUGAR,2015-06-04 00:00:00+05:30,18.0,18.35,17.6,17.65,91450
ANDHRSUGAR,2015-06-05 00:00:00+05:30,17.6,18.2,17.45,18.0,22175
ANDHRSUGAR,2015-06-08 00:00:00+05:30,18.2,18.2,17.5,17.9,20300
ANDHRSUGAR,2015-06-09 00:00:00+05:30,17.8,18.1,17.65,17.9,4385
ANDHRSUGAR,2015-06-10 00:00:00+05:30,18.25,19.4,17.85,18.95,210735
ANDHRSUGAR,2015-06-11 00:00:00+05:30,19.75,19.75,18.1,18.35,172715
ANDHRSUGAR,2015-06-12 00:00:00+05:30,18.75,18.75,18.1,18.3,21410
ANDHRSUGAR,2015-06-15 00:00:00+05:30,18.5,19.0,17.7,18.2,26155
ANDHRSUGAR,2015-06-16 00:00:00+05:30,18.2,18.6,18.0,18.25,25435
ANDHRSUGAR,2015-06-17 00:00:00+05:30,18.4,19.0,18.1,18.75,18845
ANDHRSUGAR,2015-06-18 00:00:00+05:30,19.0,19.0,18.6,18.95,27335
ANDHRSUGAR,2015-06-19 00:00:00+05:30,18.8,19.2,18.65,19.0,13240
ANDHRSUGAR,2015-06-22 00:00:00+05:30,18.95,19.0,18.5,18.6,61010
ANDHRSUGAR,2015-06-23 00:00:00+05:30,18.5,18.9,18.4,18.7,31405
ANDHRSUGAR,2015-06-24 00:00:00+05:30,18.4,18.8,18.4,18.7,38350
ANDHRSUGAR,2015-06-25 00:00:00+05:30,18.6,18.7,18.4,18.45,13400
ANDHRSUGAR,2015-06-26 00:00:00+05:30,18.85,18.95,18.5,18.95,16720
ANDHRSUGAR,2015-06-29 00:00:00+05:30,18.2,19.2,18.2,18.95,34145
ANDHRSUGAR,2015-06-30 00:00:00+05:30,18.8,18.95,18.4,18.5,26200
ANDHRSUGAR,2015-07-01 00:00:00+05:30,18.7,18.95,18.55,18.85,9170
ANDHRSUGAR,2015-07-02 00:00:00+05:30,18.85,19.1,18.85,18.95,16120
ANDHRSUGAR,2015-07-03 00:00:00+05:30,19.05,19.05,18.85,18.95,7790
ANDHRSUGAR,2015-07-06 00:00:00+05:30,18.85,19.3,18.3,19.15,46620
ANDHRSUGAR,2015-07-07 00:00:00+05:30,19.0,19.45,18.9,19.1,33630
ANDHRSUGAR,2015-07-08 00:00:00+05:30,19.0,19.1,18.45,18.95,26100
ANDHRSUGAR,2015-07-09 00:00:00+05:30,19.05,19.3,18.95,19.1,27455
ANDHRSUGAR,2015-07-10 00:00:00+05:30,18.9,19.35,18.6,18.75,44295
ANDHRSUGAR,2015-07-13 00:00:00+05:30,19.0,19.8,18.65,19.55,58860
ANDHRSUGAR,2015-07-14 00:00:00+05:30,19.45,19.6,19.0,19.0,36155
ANDHRSUGAR,2015-07-15 00:00:00+05:30,19.0,19.35,18.8,18.95,35950
ANDHRSUGAR,2015-07-16 00:00:00+05:30,18.8,19.45,18.6,19.25,30930
ANDHRSUGAR,2015-07-17 00:00:00+05:30,19.4,19.8,19.1,19.65,67900
ANDHRSUGAR,2015-07-20 00:00:00+05:30,20.0,20.1,19.4,19.55,25625
ANDHRSUGAR,2015-07-21 00:00:00+05:30,19.55,19.65,18.9,19.0,40885
ANDHRSUGAR,2015-07-22 00:00:00+05:30,18.8,19.6,18.6,19.45,28070
ANDHRSUGAR,2015-07-23 00:00:00+05:30,19.5,19.5,19.2,19.3,37615
ANDHRSUGAR,2015-07-24 00:00:00+05:30,19.5,19.8,19.35,19.4,64400
ANDHRSUGAR,2015-07-27 00:00:00+05:30,19.4,19.4,19.05,19.15,43955
ANDHRSUGAR,2015-07-28 00:00:00+05:30,18.95,19.3,18.6,19.0,26355
ANDHRSUGAR,2015-07-29 00:00:00+05:30,19.05,19.1,18.8,19.05,48715
ANDHRSUGAR,2015-07-30 00:00:00+05:30,19.35,19.35,18.8,18.9,56185
ANDHRSUGAR,2015-07-31 00:00:00+05:30,18.85,19.4,18.85,19.15,78785
ANDHRSUGAR,2015-08-03 00:00:00+05:30,19.2,20.0,19.2,19.6,92970
ANDHRSUGAR,2015-08-04 00:00:00+05:30,19.65,19.75,19.4,19.55,20785
ANDHRSUGAR,2015-08-05 00:00:00+05:30,19.8,20.85,19.65,20.3,232690
ANDHRSUGAR,2015-08-06 00:00:00+05:30,20.2,22.0,20.2,21.0,310715
ANDHRSUGAR,2015-08-07 00:00:00+05:30,20.9,21.3,20.25,20.45,49715
ANDHRSUGAR,2015-08-10 00:00:00+05:30,20.4,21.2,19.7,20.15,94595
ANDHRSUGAR,2015-08-11 00:00:00+05:30,20.2,20.8,19.8,20.0,78440
ANDHRSUGAR,2015-08-12 00:00:00+05:30,20.0,20.6,19.5,19.65,92785
ANDHRSUGAR,2015-08-13 00:00:00+05:30,19.65,20.4,19.55,19.6,63900
ANDHRSUGAR,2015-08-14 00:00:00+05:30,19.5,19.9,19.4,19.65,17290
ANDHRSUGAR,2015-08-17 00:00:00+05:30,19.9,20.05,19.65,19.75,18825
ANDHRSUGAR,2015-08-18 00:00:00+05:30,19.8,20.2,19.6,19.75,32915
ANDHRSUGAR,2015-08-19 00:00:00+05:30,19.65,19.85,19.6,19.65,27870
ANDHRSUGAR,2015-08-20 00:00:00+05:30,19.7,19.8,19.5,19.7,23045
ANDHRSUGAR,2015-08-21 00:00:00+05:30,19.6,19.6,18.65,19.1,146440
ANDHRSUGAR,2015-08-24 00:00:00+05:30,18.25,19.0,18.1,18.25,93470
ANDHRSUGAR,2015-08-25 00:00:00+05:30,18.0,18.6,17.25,18.0,41060
ANDHRSUGAR,2015-08-26 00:00:00+05:30,18.0,18.6,17.7,18.25,10210
ANDHRSUGAR,2015-08-27 00:00:00+05:30,18.0,18.5,18.0,18.4,19100
ANDHRSUGAR,2015-08-28 00:00:00+05:30,18.4,19.0,18.15,18.5,21250
ANDHRSUGAR,2015-08-31 00:00:00+05:30,18.4,18.55,18.35,18.4,9835
ANDHRSUGAR,2015-09-01 00:00:00+05:30,18.35,18.35,18.05,18.2,34915
ANDHRSUGAR,2015-09-02 00:00:00+05:30,18.25,19.15,18.15,18.9,99425
ANDHRSUGAR,2015-09-03 00:00:00+05:30,18.95,19.1,18.7,18.75,20805
ANDHRSUGAR,2015-09-04 00:00:00+05:30,18.6,18.8,18.05,18.15,38710
ANDHRSUGAR,2015-09-07 00:00:00+05:30,18.0,18.65,17.9,18.0,78725
ANDHRSUGAR,2015-09-08 00:00:00+05:30,18.0,19.05,17.8,18.65,160260
ANDHRSUGAR,2015-09-09 00:00:00+05:30,18.75,19.1,18.6,18.8,30215
ANDHRSUGAR,2015-09-10 00:00:00+05:30,18.6,18.75,18.15,18.55,43065
ANDHRSUGAR,2015-09-11 00:00:00+05:30,18.75,19.0,18.65,18.7,52620
ANDHRSUGAR,2015-09-14 00:00:00+05:30,18.25,18.4,17.8,18.25,67035
ANDHRSUGAR,2015-09-15 00:00:00+05:30,18.4,18.5,17.9,18.05,18485
ANDHRSUGAR,2015-09-16 00:00:00+05:30,18.2,18.2,17.85,17.85,22540
ANDHRSUGAR,2015-09-18 00:00:00+05:30,18.2,18.25,17.85,18.05,42975
ANDHRSUGAR,2015-09-21 00:00:00+05:30,18.2,18.55,17.9,18.1,25195
ANDHRSUGAR,2015-09-22 00:00:00+05:30,18.1,18.3,18.0,18.0,17870
ANDHRSUGAR,2015-09-23 00:00:00+05:30,17.9,18.4,17.6,18.3,47030
ANDHRSUGAR,2015-09-24 00:00:00+05:30,18.15,18.5,18.1,18.2,5560
ANDHRSUGAR,2015-09-28 00:00:00+05:30,18.25,18.6,18.05,18.45,26885
ANDHRSUGAR,2015-09-29 00:00:00+05:30,18.15,18.5,18.0,18.25,34965
ANDHRSUGAR,2015-09-30 00:00:00+05:30,18.45,18.75,18.05,18.55,34920
ANDHRSUGAR,2015-10-01 00:00:00+05:30,18.45,18.65,18.25,18.3,22325
ANDHRSUGAR,2015-10-05 00:00:00+05:30,18.2,18.8,18.2,18.6,40840
ANDHRSUGAR,2015-10-06 00:00:00+05:30,18.75,19.75,18.5,19.35,151950
ANDHRSUGAR,2015-10-07 00:00:00+05:30,19.55,20.8,19.2,19.85,236035
ANDHRSUGAR,2015-10-08 00:00:00+05:30,20.4,20.45,19.75,19.85,66610
ANDHRSUGAR,2015-10-09 00:00:00+05:30,20.4,21.7,19.7,20.75,411565
ANDHRSUGAR,2015-10-12 00:00:00+05:30,21.2,21.6,20.25,20.6,206255
ANDHRSUGAR,2015-10-13 00:00:00+05:30,20.1,22.35,20.1,22.0,430520
ANDHRSUGAR,2015-10-14 00:00:00+05:30,22.1,22.6,21.7,21.85,187180
ANDHRSUGAR,2015-10-15 00:00:00+05:30,22.2,22.2,21.2,21.3,167630
ANDHRSUGAR,2015-10-16 00:00:00+05:30,21.75,21.75,20.95,21.2,129760
ANDHRSUGAR,2015-10-19 00:00:00+05:30,21.4,22.2,21.4,21.8,124195
ANDHRSUGAR,2015-10-20 00:00:00+05:30,22.0,23.3,21.65,22.75,376630
ANDHRSUGAR,2015-10-21 00:00:00+05:30,22.95,24.5,22.9,23.15,730865
ANDHRSUGAR,2015-10-23 00:00:00+05:30,23.25,24.2,23.25,23.55,402735
ANDHRSUGAR,2015-10-26 00:00:00+05:30,23.35,23.6,22.3,22.75,129505
ANDHRSUGAR,2015-10-27 00:00:00+05:30,22.55,23.05,22.4,22.6,52130
ANDHRSUGAR,2015-10-28 00:00:00+05:30,22.8,23.1,22.4,22.95,90745
ANDHRSUGAR,2015-10-29 00:00:00+05:30,23.75,24.3,22.5,24.0,500320
ANDHRSUGAR,2015-10-30 00:00:00+05:30,24.0,25.4,23.5,24.15,537855
ANDHRSUGAR,2015-11-02 00:00:00+05:30,25.6,26.35,24.8,25.55,672375
ANDHRSUGAR,2015-11-03 00:00:00+05:30,25.6,25.8,24.5,24.95,355635
ANDHRSUGAR,2015-11-04 00:00:00+05:30,25.05,25.95,25.05,25.65,300160
ANDHRSUGAR,2015-11-05 00:00:00+05:30,25.05,25.8,25.0,25.1,91285
ANDHRSUGAR,2015-11-06 00:00:00+05:30,25.0,26.05,24.2,25.05,142495
ANDHRSUGAR,2015-11-09 00:00:00+05:30,24.2,25.75,23.8,25.2,117620
ANDHRSUGAR,2015-11-10 00:00:00+05:30,25.75,25.75,25.1,25.45,98030
ANDHRSUGAR,2015-11-11 00:00:00+05:30,25.6,25.9,25.35,25.8,64540
ANDHRSUGAR,2015-11-13 00:00:00+05:30,25.7,27.55,25.2,26.95,585130
ANDHRSUGAR,2015-11-16 00:00:00+05:30,26.4,28.2,26.4,27.85,1029845
ANDHRSUGAR,2015-11-17 00:00:00+05:30,27.9,28.5,27.3,27.5,525835
ANDHRSUGAR,2015-11-18 00:00:00+05:30,27.5,28.0,26.8,27.6,546285
ANDHRSUGAR,2015-11-19 00:00:00+05:30,27.45,28.1,26.45,26.6,264175
ANDHRSUGAR,2015-11-20 00:00:00+05:30,26.6,27.2,26.2,26.25,165920
ANDHRSUGAR,2015-11-23 00:00:00+05:30,26.4,26.6,25.3,26.1,307220
ANDHRSUGAR,2015-11-24 00:00:00+05:30,25.9,28.0,25.9,27.2,386250
ANDHRSUGAR,2015-11-26 00:00:00+05:30,27.25,27.8,26.4,26.95,139660
ANDHRSUGAR,2015-11-27 00:00:00+05:30,27.2,27.3,26.6,26.85,55110
ANDHRSUGAR,2015-11-30 00:00:00+05:30,26.8,27.4,26.4,26.85,43320
ANDHRSUGAR,2015-12-01 00:00:00+05:30,26.7,26.9,25.85,26.3,118385
ANDHRSUGAR,2015-12-02 00:00:00+05:30,26.8,27.0,26.25,26.6,84320
ANDHRSUGAR,2015-12-03 00:00:00+05:30,26.7,26.8,26.3,26.4,57135
ANDHRSUGAR,2015-12-04 00:00:00+05:30,26.1,26.6,26.1,26.4,35120
ANDHRSUGAR,2015-12-07 00:00:00+05:30,25.65,26.8,25.65,26.0,50335
ANDHRSUGAR,2015-12-08 00:00:00+05:30,26.6,26.6,25.35,25.55,20500
ANDHRSUGAR,2015-12-09 00:00:00+05:30,25.95,26.0,25.0,25.15,78995
ANDHRSUGAR,2015-12-10 00:00:00+05:30,25.8,25.8,24.55,24.6,100755
ANDHRSUGAR,2015-12-11 00:00:00+05:30,25.4,25.4,24.35,25.05,90245
ANDHRSUGAR,2015-12-14 00:00:00+05:30,25.0,25.2,24.25,24.35,166370
ANDHRSUGAR,2015-12-15 00:00:00+05:30,24.25,25.4,24.25,25.1,134070
ANDHRSUGAR,2015-12-16 00:00:00+05:30,25.4,25.4,25.0,25.1,61745
ANDHRSUGAR,2015-12-17 00:00:00+05:30,25.3,25.7,25.1,25.6,43865
ANDHRSUGAR,2015-12-18 00:00:00+05:30,25.6,25.7,25.05,25.15,39945
ANDHRSUGAR,2015-12-21 00:00:00+05:30,24.85,26.4,24.85,26.0,96380
ANDHRSUGAR,2015-12-22 00:00:00+05:30,26.7,27.4,26.2,26.5,178760
ANDHRSUGAR,2015-12-23 00:00:00+05:30,26.7,27.25,26.65,26.75,121185
ANDHRSUGAR,2015-12-24 00:00:00+05:30,27.15,27.15,26.8,26.8,41570
ANDHRSUGAR,2015-12-28 00:00:00+05:30,27.0,28.0,27.0,27.8,298850
ANDHRSUGAR,2015-12-29 00:00:00+05:30,27.75,28.1,27.1,27.4,49110
ANDHRSUGAR,2015-12-30 00:00:00+05:30,27.1,27.7,26.5,27.15,119565
ANDHRSUGAR,2015-12-31 00:00:00+05:30,27.4,28.4,27.4,28.2,329230
ANDHRSUGAR,2015-12-31 09:16:00+05:30,27.4,28.4,27.4,28.2,329230
ANDHRSUGAR,2016-01-01 09:15:00+05:30,28.4,29.3,28.05,29.0,403870
ANDHRSUGAR,2016-01-04 09:15:00+05:30,29.0,29.7,28.0,28.65,297705
ANDHRSUGAR,2016-01-05 09:17:00+05:30,28.8,29.8,28.5,28.85,382360
ANDHRSUGAR,2016-01-06 09:15:00+05:30,29.6,30.8,29.2,29.55,629715
ANDHRSUGAR,2016-01-07 09:16:00+05:30,28.55,29.25,27.7,27.95,183430
ANDHRSUGAR,2016-01-08 09:15:00+05:30,28.8,30.35,28.05,29.75,536955
ANDHRSUGAR,2016-01-11 09:15:00+05:30,29.75,31.0,29.0,30.2,399695
ANDHRSUGAR,2016-01-12 09:15:00+05:30,30.0,30.6,28.65,28.75,245935
ANDHRSUGAR,2016-01-13 09:15:00+05:30,28.8,29.6,25.65,27.95,387750
ANDHRSUGAR,2016-01-14 09:15:00+05:30,27.6,28.3,26.5,27.5,223065
ANDHRSUGAR,2016-01-15 09:15:00+05:30,27.5,28.4,25.8,26.0,221755
ANDHRSUGAR,2016-01-18 09:16:00+05:30,26.5,26.5,24.4,25.3,127650
ANDHRSUGAR,2016-01-19 09:15:00+05:30,26.0,26.55,25.0,25.85,118220
ANDHRSUGAR,2016-01-20 09:22:00+05:30,25.6,26.8,24.2,25.95,144605
ANDHRSUGAR,2016-01-21 09:17:00+05:30,26.05,26.8,25.7,26.6,146520
ANDHRSUGAR,2016-01-22 09:16:00+05:30,26.6,28.0,26.1,27.25,159245
ANDHRSUGAR,2016-01-25 09:23:00+05:30,27.45,28.15,26.45,26.6,68430
ANDHRSUGAR,2016-01-27 09:17:00+05:30,26.65,27.05,26.45,26.7,26000
ANDHRSUGAR,2016-01-28 09:18:00+05:30,26.35,26.95,26.35,26.45,17565
ANDHRSUGAR,2016-01-29 09:17:00+05:30,26.5,26.9,25.95,26.35,88385
ANDHRSUGAR,2016-02-01 09:28:00+05:30,27.0,27.5,26.4,26.6,79495
ANDHRSUGAR,2016-02-02 09:15:00+05:30,27.15,27.15,25.8,25.9,67175
ANDHRSUGAR,2016-02-03 09:16:00+05:30,26.6,26.6,25.0,25.45,88560
ANDHRSUGAR,2016-02-04 09:16:00+05:30,26.0,26.0,24.3,24.7,92770
ANDHRSUGAR,2016-02-05 09:17:00+05:30,25.4,26.0,24.25,25.45,118365
ANDHRSUGAR,2016-02-08 09:15:00+05:30,25.95,25.95,24.45,24.75,96865
ANDHRSUGAR,2016-02-09 09:15:00+05:30,24.8,25.0,23.9,24.1,63590
ANDHRSUGAR,2016-02-10 09:20:00+05:30,24.15,24.35,22.75,22.75,218120
ANDHRSUGAR,2016-02-11 09:18:00+05:30,23.4,23.4,20.3,20.75,122080
ANDHRSUGAR,2016-02-12 09:17:00+05:30,21.8,21.8,20.0,21.1,43070
ANDHRSUGAR,2016-02-15 09:15:00+05:30,21.6,22.75,21.45,22.55,37660
ANDHRSUGAR,2016-02-16 09:15:00+05:30,22.4,23.4,21.4,21.7,28635
ANDHRSUGAR,2016-02-17 09:18:00+05:30,21.7,22.55,21.2,22.15,36820
ANDHRSUGAR,2016-02-18 09:16:00+05:30,22.4,23.1,21.65,21.85,63490
ANDHRSUGAR,2016-02-19 09:45:00+05:30,22.0,22.4,21.6,22.35,25455
ANDHRSUGAR,2016-02-22 09:43:00+05:30,22.35,22.35,21.9,22.05,21435
ANDHRSUGAR,2016-02-23 09:15:00+05:30,22.4,22.4,21.8,22.0,18495
ANDHRSUGAR,2016-02-24 09:15:00+05:30,22.35,22.6,21.15,22.1,60960
ANDHRSUGAR,2016-02-25 09:16:00+05:30,21.95,23.0,21.95,22.4,40460
ANDHRSUGAR,2016-02-26 09:16:00+05:30,22.6,22.8,22.2,22.35,23555
ANDHRSUGAR,2016-02-29 09:19:00+05:30,21.2,22.6,21.2,22.0,48065
ANDHRSUGAR,2016-03-01 09:15:00+05:30,21.15,23.0,21.15,22.85,30030
ANDHRSUGAR,2016-03-02 09:15:00+05:30,22.9,23.25,22.8,23.0,39400
ANDHRSUGAR,2016-03-03 09:38:00+05:30,23.55,23.55,22.5,23.1,51920
ANDHRSUGAR,2016-03-04 09:17:00+05:30,23.75,25.0,23.2,24.1,327530
ANDHRSUGAR,2016-03-08 09:16:00+05:30,24.2,26.2,24.2,25.0,408440
ANDHRSUGAR,2016-03-09 09:15:00+05:30,25.0,26.2,25.0,25.5,210650
ANDHRSUGAR,2016-03-10 09:15:00+05:30,25.55,25.8,24.45,24.6,93155
ANDHRSUGAR,2016-03-11 09:16:00+05:30,24.8,24.95,23.65,24.25,65295
ANDHRSUGAR,2016-03-14 09:17:00+05:30,24.8,25.1,24.45,24.75,99525
ANDHRSUGAR,2016-03-15 09:15:00+05:30,24.75,27.55,24.7,27.05,956695
ANDHRSUGAR,2016-03-16 09:15:00+05:30,27.6,29.0,27.4,28.0,1785725
ANDHRSUGAR,2016-03-17 09:15:00+05:30,27.95,28.25,26.85,27.25,395935
ANDHRSUGAR,2016-03-18 09:15:00+05:30,27.25,28.4,26.8,27.2,471460
ANDHRSUGAR,2016-03-21 09:15:00+05:30,27.35,28.5,27.2,28.25,379825
ANDHRSUGAR,2016-03-22 09:15:00+05:30,28.0,28.1,27.3,27.9,428450
ANDHRSUGAR,2016-03-23 09:15:00+05:30,28.4,28.6,27.7,27.95,473830
ANDHRSUGAR,2016-03-28 09:15:00+05:30,28.2,28.2,26.6,26.7,175295
ANDHRSUGAR,2016-03-29 09:15:00+05:30,27.35,27.35,26.0,26.15,186605
ANDHRSUGAR,2016-03-30 09:15:00+05:30,26.3,28.95,26.3,28.1,1089750
ANDHRSUGAR,2016-03-31 09:15:00+05:30,28.2,28.4,27.45,27.7,271250
ANDHRSUGAR,2016-04-01 09:15:00+05:30,27.65,29.35,27.45,28.6,869750
ANDHRSUGAR,2016-04-04 09:15:00+05:30,28.95,29.1,28.1,28.25,412725
ANDHRSUGAR,2016-04-05 09:15:00+05:30,28.35,28.35,27.05,27.2,260660
ANDHRSUGAR,2016-04-06 09:15:00+05:30,27.4,29.0,27.4,28.55,411680
ANDHRSUGAR,2016-04-07 09:15:00+05:30,28.55,28.95,27.65,27.95,291385
ANDHRSUGAR,2016-04-08 09:15:00+05:30,28.0,28.8,27.9,28.2,259935
ANDHRSUGAR,2016-04-11 09:17:00+05:30,28.2,28.4,27.15,27.3,445900
ANDHRSUGAR,2016-04-12 09:20:00+05:30,27.2,28.0,26.95,27.2,193405
ANDHRSUGAR,2016-04-13 09:15:00+05:30,27.35,27.6,26.6,26.8,150570
ANDHRSUGAR,2016-04-18 09:15:00+05:30,27.0,28.0,26.8,27.55,428475
ANDHRSUGAR,2016-04-20 09:15:00+05:30,27.65,27.85,26.85,27.15,313220
ANDHRSUGAR,2016-04-21 09:17:00+05:30,27.15,27.5,26.9,27.0,158820
ANDHRSUGAR,2016-04-22 09:15:00+05:30,26.85,28.05,26.8,27.75,256465
ANDHRSUGAR,2016-04-25 09:15:00+05:30,28.3,28.5,27.8,28.0,284695
ANDHRSUGAR,2016-04-26 09:15:00+05:30,27.9,28.45,27.65,28.15,177405
ANDHRSUGAR,2016-04-27 09:15:00+05:30,28.05,28.3,27.65,27.8,189845
ANDHRSUGAR,2016-04-28 09:15:00+05:30,27.6,27.95,27.2,27.3,123775
ANDHRSUGAR,2016-04-29 09:23:00+05:30,27.5,27.85,27.15,27.7,189725
ANDHRSUGAR,2016-05-02 09:17:00+05:30,27.7,28.2,27.6,27.95,140920
ANDHRSUGAR,2016-05-03 09:15:00+05:30,27.8,28.2,27.2,27.45,137945
ANDHRSUGAR,2016-05-04 09:17:00+05:30,27.65,27.65,26.8,26.95,56105
ANDHRSUGAR,2016-05-05 09:15:00+05:30,27.0,27.95,27.0,27.55,213080
ANDHRSUGAR,2016-05-06 09:18:00+05:30,27.65,28.6,27.6,28.4,342315
ANDHRSUGAR,2016-05-09 09:15:00+05:30,28.85,33.5,28.8,32.65,5284680
ANDHRSUGAR,2016-05-10 09:15:00+05:30,32.75,35.0,32.7,34.35,4901145
ANDHRSUGAR,2016-05-11 09:15:00+05:30,33.0,36.0,33.0,35.8,4132160
ANDHRSUGAR,2016-05-12 09:15:00+05:30,36.1,37.0,35.45,36.5,2237960
ANDHRSUGAR,2016-05-13 09:15:00+05:30,36.5,36.6,35.3,35.9,1689650
ANDHRSUGAR,2016-05-16 09:15:00+05:30,36.15,36.2,35.3,35.85,655445
ANDHRSUGAR,2016-05-17 09:15:00+05:30,35.75,39.1,35.05,38.3,4099390
ANDHRSUGAR,2016-05-18 09:15:00+05:30,38.0,40.4,38.0,38.75,3127295
ANDHRSUGAR,2016-05-19 09:15:00+05:30,39.05,39.55,37.25,37.8,987375
ANDHRSUGAR,2016-05-20 09:15:00+05:30,37.8,38.6,36.2,37.15,1689760
ANDHRSUGAR,2016-05-23 09:15:00+05:30,37.6,40.4,37.4,39.9,3248665
ANDHRSUGAR,2016-05-24 09:15:00+05:30,39.8,41.3,38.5,39.3,2305275
ANDHRSUGAR,2016-05-25 09:15:00+05:30,40.2,40.4,37.65,38.15,972265
ANDHRSUGAR,2016-05-26 09:15:00+05:30,38.2,39.3,38.0,38.2,749115
ANDHRSUGAR,2016-05-27 09:15:00+05:30,38.35,39.4,37.95,38.2,899800
ANDHRSUGAR,2016-05-30 09:15:00+05:30,38.5,39.1,38.05,38.4,542915
ANDHRSUGAR,2016-05-31 09:15:00+05:30,38.6,39.2,36.6,37.7,825900
ANDHRSUGAR,2016-06-01 09:15:00+05:30,37.95,38.7,37.1,37.35,545910
ANDHRSUGAR,2016-06-02 09:16:00+05:30,37.25,38.45,37.2,37.8,526905
ANDHRSUGAR,2016-06-03 09:15:00+05:30,38.2,39.8,38.15,38.3,1763650
ANDHRSUGAR,2016-06-06 09:15:00+05:30,38.6,40.0,38.6,39.05,1269575
ANDHRSUGAR,2016-06-07 09:15:00+05:30,39.4,39.95,38.45,38.9,552030
ANDHRSUGAR,2016-06-08 09:15:00+05:30,38.9,39.4,38.5,39.15,401845
ANDHRSUGAR,2016-06-09 09:15:00+05:30,39.05,39.4,38.0,38.25,371295
ANDHRSUGAR,2016-06-10 09:15:00+05:30,38.0,41.7,38.0,41.25,2687110
ANDHRSUGAR,2016-06-13 09:15:00+05:30,41.0,44.5,40.7,42.55,4952410
ANDHRSUGAR,2016-06-14 09:15:00+05:30,42.95,43.8,42.25,42.65,2230970
ANDHRSUGAR,2016-06-15 09:15:00+05:30,43.05,44.4,43.0,43.65,2195455
ANDHRSUGAR,2016-06-16 09:15:00+05:30,44.2,49.6,42.2,46.15,14913900
ANDHRSUGAR,2016-06-17 09:15:00+05:30,46.0,46.15,39.3,41.7,4881195
ANDHRSUGAR,2016-06-20 09:15:00+05:30,41.25,45.25,40.25,43.95,2542085
ANDHRSUGAR,2016-06-21 09:15:00+05:30,44.8,45.4,44.2,44.55,1609375
ANDHRSUGAR,2016-06-22 09:15:00+05:30,44.75,45.65,42.0,42.45,1592950
ANDHRSUGAR,2016-06-23 09:15:00+05:30,42.7,43.55,41.3,42.25,1431715
ANDHRSUGAR,2016-06-24 09:15:00+05:30,38.4,42.8,38.4,41.9,1696050
ANDHRSUGAR,2016-06-27 09:15:00+05:30,42.2,49.55,42.15,49.1,8410275
ANDHRSUGAR,2016-06-28 09:15:00+05:30,49.6,53.0,47.95,49.5,8078725
ANDHRSUGAR,2016-06-29 09:15:00+05:30,49.95,51.8,48.4,50.75,4218540
ANDHRSUGAR,2016-06-30 09:15:00+05:30,51.35,52.8,50.05,50.7,2651960
ANDHRSUGAR,2016-07-01 09:15:00+05:30,51.0,51.8,49.05,51.0,2945605
ANDHRSUGAR,2016-07-04 09:15:00+05:30,51.8,51.8,50.75,51.1,1654370
ANDHRSUGAR,2016-07-05 09:15:00+05:30,51.4,51.5,48.0,48.5,1311880
ANDHRSUGAR,2016-07-07 09:15:00+05:30,48.8,54.95,48.0,53.15,9019775
ANDHRSUGAR,2016-07-08 09:15:00+05:30,53.75,53.75,51.0,51.7,3664810
ANDHRSUGAR,2016-07-11 09:15:00+05:30,51.85,52.05,50.25,50.6,1796715
ANDHRSUGAR,2016-07-12 09:15:00+05:30,50.8,52.95,50.8,51.1,2012935
ANDHRSUGAR,2016-07-13 09:15:00+05:30,51.1,51.6,49.45,49.85,1364595
ANDHRSUGAR,2016-07-14 09:15:00+05:30,50.2,52.45,49.65,51.35,2499575
ANDHRSUGAR,2016-07-15 09:15:00+05:30,51.6,51.7,49.9,50.35,946230
ANDHRSUGAR,2016-07-18 09:15:00+05:30,49.95,51.5,49.2,49.4,849490
ANDHRSUGAR,2016-07-19 09:15:00+05:30,49.2,50.25,48.5,48.75,1046085
ANDHRSUGAR,2016-07-20 09:15:00+05:30,49.1,50.15,48.4,49.05,1014870
ANDHRSUGAR,2016-07-21 09:15:00+05:30,49.35,49.55,47.25,47.7,748025
ANDHRSUGAR,2016-07-22 09:15:00+05:30,47.8,49.65,47.8,48.35,1101260
ANDHRSUGAR,2016-07-25 09:15:00+05:30,48.65,49.6,47.8,48.0,862175
ANDHRSUGAR,2016-07-26 09:15:00+05:30,48.2,49.0,47.55,48.15,794190
ANDHRSUGAR,2016-07-27 09:15:00+05:30,48.45,49.0,46.6,47.7,1406890
ANDHRSUGAR,2016-07-28 09:15:00+05:30,47.65,48.3,46.9,47.2,533025
ANDHRSUGAR,2016-07-29 09:15:00+05:30,48.15,52.0,47.2,50.6,6436205
ANDHRSUGAR,2016-08-01 09:15:00+05:30,50.8,52.9,50.45,51.65,3253575
ANDHRSUGAR,2016-08-02 09:15:00+05:30,51.75,53.45,50.4,51.25,2294325
ANDHRSUGAR,2016-08-03 09:15:00+05:30,51.45,51.6,47.3,49.15,2382945
ANDHRSUGAR,2016-08-04 09:15:00+05:30,49.4,50.4,48.55,49.35,867290
ANDHRSUGAR,2016-08-05 09:15:00+05:30,49.8,50.7,49.1,50.05,1058800
ANDHRSUGAR,2016-08-08 09:15:00+05:30,50.45,50.6,48.95,49.75,552545
ANDHRSUGAR,2016-08-09 09:15:00+05:30,49.9,49.9,47.4,47.75,975050
ANDHRSUGAR,2016-08-10 09:15:00+05:30,48.05,48.6,44.6,45.3,1543245
ANDHRSUGAR,2016-08-11 09:15:00+05:30,44.8,45.2,42.55,42.85,1091600
ANDHRSUGAR,2016-08-12 09:15:00+05:30,42.0,47.7,42.0,45.6,2575710
ANDHRSUGAR,2016-08-16 09:15:00+05:30,45.6,46.6,44.2,44.6,581555
ANDHRSUGAR,2016-08-17 09:15:00+05:30,44.6,45.1,42.4,43.05,553210
ANDHRSUGAR,2016-08-18 09:15:00+05:30,42.5,47.0,42.5,45.95,2756270
ANDHRSUGAR,2016-08-19 09:15:00+05:30,46.25,47.4,45.6,45.85,1400010
ANDHRSUGAR,2016-08-22 09:15:00+05:30,46.0,46.2,44.25,44.6,508820
ANDHRSUGAR,2016-08-23 09:15:00+05:30,44.4,45.6,43.7,44.3,543225
ANDHRSUGAR,2016-08-24 09:15:00+05:30,44.45,45.5,43.75,44.1,577570
ANDHRSUGAR,2016-08-25 09:15:00+05:30,44.25,44.7,43.8,44.1,367815
ANDHRSUGAR,2016-08-26 09:15:00+05:30,44.05,45.2,43.8,44.05,444170
ANDHRSUGAR,2016-08-29 09:15:00+05:30,44.1,44.1,42.45,43.25,396105
ANDHRSUGAR,2016-08-30 09:15:00+05:30,43.6,44.15,43.2,43.35,371540
ANDHRSUGAR,2016-08-31 09:15:00+05:30,43.6,46.8,43.35,44.45,1949170
ANDHRSUGAR,2016-09-01 09:15:00+05:30,44.75,45.2,43.6,43.85,503655
ANDHRSUGAR,2016-09-02 09:15:00+05:30,44.0,45.2,43.3,43.85,507680
ANDHRSUGAR,2016-09-06 09:16:00+05:30,44.1,44.8,43.45,44.1,368065
ANDHRSUGAR,2016-09-07 09:15:00+05:30,44.45,45.2,43.6,43.7,558615
ANDHRSUGAR,2016-09-08 09:15:00+05:30,44.0,44.4,43.3,43.7,300650
ANDHRSUGAR,2016-09-09 09:15:00+05:30,43.85,45.15,43.4,43.9,1150260
ANDHRSUGAR,2016-09-12 09:15:00+05:30,43.6,43.75,42.0,42.3,614860
ANDHRSUGAR,2016-09-14 09:15:00+05:30,42.4,43.4,42.35,43.05,297020
ANDHRSUGAR,2016-09-15 09:16:00+05:30,43.05,44.2,43.0,43.45,375415
ANDHRSUGAR,2016-09-16 09:15:00+05:30,43.9,46.6,43.55,44.4,2096495
ANDHRSUGAR,2016-09-19 09:15:00+05:30,45.05,49.6,45.05,45.8,928030
ANDHRSUGAR,2016-09-20 09:15:00+05:30,45.95,46.7,44.6,45.1,575285
ANDHRSUGAR,2016-09-21 09:15:00+05:30,45.4,45.75,44.2,44.3,363840
ANDHRSUGAR,2016-09-22 09:15:00+05:30,45.4,45.85,44.25,45.1,540325
ANDHRSUGAR,2016-09-23 09:15:00+05:30,45.2,45.8,44.4,44.55,290275
ANDHRSUGAR,2016-09-26 09:15:00+05:30,44.8,45.0,43.9,44.05,178770
ANDHRSUGAR,2016-09-27 09:15:00+05:30,44.25,44.75,43.2,43.3,284245
ANDHRSUGAR,2016-09-28 09:15:00+05:30,43.25,44.4,43.15,43.35,346575
ANDHRSUGAR,2016-09-29 09:15:00+05:30,43.8,44.25,39.75,40.1,923695
ANDHRSUGAR,2016-09-30 09:15:00+05:30,40.0,42.3,40.0,41.55,567870
ANDHRSUGAR,2016-10-03 09:15:00+05:30,42.35,42.65,41.5,41.85,555245
ANDHRSUGAR,2016-10-04 09:15:00+05:30,42.1,42.6,41.6,41.75,337585
ANDHRSUGAR,2016-10-05 09:15:00+05:30,42.0,44.3,41.8,42.9,1088540
ANDHRSUGAR,2016-10-06 09:15:00+05:30,43.2,43.75,42.0,42.15,438755
ANDHRSUGAR,2016-10-07 09:15:00+05:30,42.4,43.55,41.85,43.2,931560
ANDHRSUGAR,2016-10-10 09:15:00+05:30,43.2,43.7,42.65,42.95,307090
ANDHRSUGAR,2016-10-13 09:15:00+05:30,42.8,43.2,41.6,42.6,286285
ANDHRSUGAR,2016-10-14 09:16:00+05:30,42.8,43.1,42.0,42.85,157610
ANDHRSUGAR,2016-10-17 09:15:00+05:30,42.85,43.6,42.2,42.85,276020
ANDHRSUGAR,2016-10-18 09:19:00+05:30,42.85,44.35,42.85,43.95,448710
ANDHRSUGAR,2016-10-19 09:17:00+05:30,44.0,45.6,43.75,44.8,494490
ANDHRSUGAR,2016-10-20 09:15:00+05:30,44.8,45.7,44.05,44.4,360215
ANDHRSUGAR,2016-10-21 09:16:00+05:30,44.5,46.75,44.4,45.25,849130
ANDHRSUGAR,2016-10-24 09:15:00+05:30,45.65,47.0,45.4,46.25,551135
ANDHRSUGAR,2016-10-25 09:15:00+05:30,46.9,46.9,45.2,46.0,240570
ANDHRSUGAR,2016-10-26 09:15:00+05:30,45.55,46.8,45.3,45.7,324615
ANDHRSUGAR,2016-10-27 09:15:00+05:30,45.4,46.35,45.0,45.45,352665
ANDHRSUGAR,2016-10-28 09:15:00+05:30,45.35,48.7,44.8,47.3,1131760
ANDHRSUGAR,2016-11-01 09:15:00+05:30,49.6,51.4,48.05,50.85,1455630
ANDHRSUGAR,2016-11-02 09:15:00+05:30,49.2,52.6,48.85,50.55,1259445
ANDHRSUGAR,2016-11-03 09:15:00+05:30,50.8,51.7,48.0,48.4,600560
ANDHRSUGAR,2016-11-04 09:15:00+05:30,49.05,49.6,45.5,46.55,766805
ANDHRSUGAR,2016-11-07 09:15:00+05:30,47.3,50.8,45.0,48.4,3291910
ANDHRSUGAR,2016-11-08 09:15:00+05:30,48.6,49.7,47.15,47.55,725475
ANDHRSUGAR,2016-11-09 09:15:00+05:30,39.0,46.2,39.0,45.0,812375
ANDHRSUGAR,2016-11-10 09:15:00+05:30,46.0,48.4,46.0,47.1,621610
ANDHRSUGAR,2016-11-11 09:15:00+05:30,48.4,48.4,44.5,45.1,461420
ANDHRSUGAR,2016-11-15 09:15:00+05:30,45.1,45.1,40.75,41.0,651145
ANDHRSUGAR,2016-11-16 09:15:00+05:30,42.35,42.8,40.7,41.2,233690
ANDHRSUGAR,2016-11-17 09:15:00+05:30,41.2,41.6,39.35,39.6,229935
ANDHRSUGAR,2016-11-18 09:15:00+05:30,39.9,42.75,39.25,41.45,816010
ANDHRSUGAR,2016-11-21 09:15:00+05:30,41.45,43.0,39.6,40.25,591940
ANDHRSUGAR,2016-11-22 09:15:00+05:30,42.2,42.2,40.0,40.3,332905
ANDHRSUGAR,2016-11-23 09:15:00+05:30,41.0,42.9,40.25,42.45,512345
ANDHRSUGAR,2016-11-24 09:15:00+05:30,42.0,43.15,41.25,41.5,265120
ANDHRSUGAR,2016-11-25 09:15:00+05:30,42.35,42.6,41.4,41.65,197805
ANDHRSUGAR,2016-11-28 09:15:00+05:30,42.0,42.2,41.0,41.1,271885
ANDHRSUGAR,2016-11-29 09:15:00+05:30,41.6,42.7,41.0,42.35,269130
ANDHRSUGAR,2016-11-30 09:16:00+05:30,42.3,43.2,42.2,42.75,208050
ANDHRSUGAR,2016-12-01 09:15:00+05:30,42.4,44.9,42.4,43.25,411055
ANDHRSUGAR,2016-12-02 09:15:00+05:30,43.2,43.3,42.0,42.15,133495
ANDHRSUGAR,2016-12-05 09:15:00+05:30,42.05,43.0,41.95,42.7,58125
ANDHRSUGAR,2016-12-06 09:15:00+05:30,42.4,43.4,42.2,42.4,115475
ANDHRSUGAR,2016-12-07 09:15:00+05:30,42.65,43.35,42.25,42.35,89135
ANDHRSUGAR,2016-12-08 09:16:00+05:30,42.55,43.55,42.2,42.45,184960
ANDHRSUGAR,2016-12-09 09:18:00+05:30,42.65,42.95,42.15,42.25,86840
ANDHRSUGAR,2016-12-12 09:18:00+05:30,42.25,43.65,42.0,42.25,338860
ANDHRSUGAR,2016-12-13 09:15:00+05:30,42.25,42.8,42.0,42.25,101950
ANDHRSUGAR,2016-12-14 09:16:00+05:30,42.5,42.5,41.85,42.0,46610
ANDHRSUGAR,2016-12-15 09:15:00+05:30,41.45,42.4,41.45,41.8,68095
ANDHRSUGAR,2016-12-16 09:16:00+05:30,41.8,42.05,41.4,41.7,68265
ANDHRSUGAR,2016-12-19 09:18:00+05:30,41.4,42.5,41.1,41.6,167020
ANDHRSUGAR,2016-12-20 09:15:00+05:30,42.2,42.2,41.25,41.3,58460
ANDHRSUGAR,2016-12-21 09:18:00+05:30,41.4,41.8,41.0,41.3,48725
ANDHRSUGAR,2016-12-22 09:15:00+05:30,41.0,41.5,40.0,40.15,112420
ANDHRSUGAR,2016-12-23 09:15:00+05:30,40.5,42.6,39.7,41.25,926685
ANDHRSUGAR,2016-12-26 09:15:00+05:30,40.8,41.35,40.0,40.1,168180
ANDHRSUGAR,2016-12-27 09:15:00+05:30,40.0,40.9,40.0,40.65,93160
ANDHRSUGAR,2016-12-28 09:15:00+05:30,40.6,41.85,40.3,40.85,227490
ANDHRSUGAR,2016-12-29 09:15:00+05:30,40.5,41.5,40.45,40.75,128740
ANDHRSUGAR,2016-12-30 09:16:00+05:30,41.2,43.1,41.15,42.1,617475
ANDHRSUGAR,2017-01-02 09:15:00+05:30,42.55,45.5,41.65,44.95,1332650
ANDHRSUGAR,2017-01-03 09:15:00+05:30,44.8,46.0,44.25,45.2,658245
ANDHRSUGAR,2017-01-04 09:15:00+05:30,45.4,46.6,44.35,44.55,320420
ANDHRSUGAR,2017-01-05 09:15:00+05:30,45.15,45.5,44.45,45.0,269195
ANDHRSUGAR,2017-01-06 09:15:00+05:30,45.45,46.1,44.8,45.05,379015
ANDHRSUGAR,2017-01-09 09:16:00+05:30,44.6,46.55,44.6,46.0,509600
ANDHRSUGAR,2017-01-10 09:15:00+05:30,46.3,48.0,45.9,47.25,1481605
ANDHRSUGAR,2017-01-11 09:56:00+05:30,47.4,47.95,46.1,46.45,608235
ANDHRSUGAR,2017-01-12 09:15:00+05:30,46.4,46.75,45.6,46.0,185625
ANDHRSUGAR,2017-01-13 09:15:00+05:30,46.4,47.2,45.95,46.65,339890
ANDHRSUGAR,2017-01-16 09:16:00+05:30,47.55,47.55,45.55,45.9,429890
ANDHRSUGAR,2017-01-17 09:15:00+05:30,46.35,46.5,45.2,45.8,293200
ANDHRSUGAR,2017-01-18 09:15:00+05:30,46.15,46.8,45.8,46.5,400980
ANDHRSUGAR,2017-01-19 09:15:00+05:30,46.5,46.6,45.8,45.9,198455
ANDHRSUGAR,2017-01-20 09:16:00+05:30,45.8,46.0,44.4,44.7,267360
ANDHRSUGAR,2017-01-23 09:16:00+05:30,44.6,45.15,44.0,44.35,244270
ANDHRSUGAR,2017-01-24 09:15:00+05:30,44.6,45.45,44.3,45.1,270340
ANDHRSUGAR,2017-01-25 09:15:00+05:30,45.4,45.8,44.8,45.2,264150
ANDHRSUGAR,2017-01-27 09:18:00+05:30,45.3,46.2,45.3,45.8,417305
ANDHRSUGAR,2017-01-30 09:15:00+05:30,45.75,46.15,45.5,45.65,164010
ANDHRSUGAR,2017-01-31 09:15:00+05:30,45.6,46.8,44.9,45.75,506595
ANDHRSUGAR,2017-02-01 09:16:00+05:30,45.8,46.9,45.3,46.65,345320
ANDHRSUGAR,2017-02-02 09:15:00+05:30,46.45,49.4,46.45,48.35,1169570
ANDHRSUGAR,2017-02-03 09:15:00+05:30,48.45,50.4,48.2,49.75,838695
ANDHRSUGAR,2017-02-06 09:15:00+05:30,52.2,55.7,52.2,54.3,3270230
ANDHRSUGAR,2017-02-07 09:15:00+05:30,54.4,54.95,53.4,53.85,867720
ANDHRSUGAR,2017-02-08 09:15:00+05:30,53.95,54.55,52.6,52.95,452345
ANDHRSUGAR,2017-02-09 09:15:00+05:30,52.8,54.1,52.05,52.65,390755
ANDHRSUGAR,2017-02-10 09:15:00+05:30,52.8,54.1,52.1,52.9,393180
ANDHRSUGAR,2017-02-13 09:15:00+05:30,53.55,56.4,52.95,54.65,1561250
ANDHRSUGAR,2017-02-14 09:15:00+05:30,54.1,55.9,54.1,54.7,803255
ANDHRSUGAR,2017-02-15 09:15:00+05:30,55.1,55.9,53.45,53.65,582395
ANDHRSUGAR,2017-02-16 09:15:00+05:30,53.9,54.4,52.85,53.35,374830
ANDHRSUGAR,2017-02-17 09:16:00+05:30,53.7,53.95,52.65,52.9,190435
ANDHRSUGAR,2017-02-20 09:16:00+05:30,52.9,54.1,52.4,53.75,256275
ANDHRSUGAR,2017-02-21 09:15:00+05:30,54.0,54.75,53.8,53.9,177005
ANDHRSUGAR,2017-02-22 09:15:00+05:30,54.0,55.65,53.6,54.0,721475
ANDHRSUGAR,2017-02-23 09:15:00+05:30,53.6,55.2,53.5,54.3,808970
ANDHRSUGAR,2017-02-27 09:15:00+05:30,54.65,55.1,53.8,54.0,260755
ANDHRSUGAR,2017-02-28 09:16:00+05:30,54.3,54.3,53.0,53.25,231660
ANDHRSUGAR,2017-03-01 09:15:00+05:30,53.45,55.1,53.2,54.0,339730
ANDHRSUGAR,2017-03-02 09:16:00+05:30,54.0,54.4,52.8,53.0,318535
ANDHRSUGAR,2017-03-03 09:15:00+05:30,53.0,54.7,52.85,54.15,605655
ANDHRSUGAR,2017-03-06 09:15:00+05:30,54.6,55.15,54.0,54.55,359145
ANDHRSUGAR,2017-03-07 09:15:00+05:30,54.2,54.9,54.0,54.05,131350
ANDHRSUGAR,2017-03-08 09:15:00+05:30,54.1,54.4,53.25,53.65,135340
ANDHRSUGAR,2017-03-09 09:18:00+05:30,53.6,53.95,52.3,52.85,162315
ANDHRSUGAR,2017-03-10 09:16:00+05:30,53.0,53.8,52.3,52.55,169310
ANDHRSUGAR,2017-03-14 09:15:00+05:30,54.6,54.6,53.25,54.15,311470
ANDHRSUGAR,2017-03-15 09:15:00+05:30,53.85,55.6,53.85,54.85,383780
ANDHRSUGAR,2017-03-16 09:15:00+05:30,55.35,55.8,54.65,55.45,205230
ANDHRSUGAR,2017-03-17 09:15:00+05:30,55.9,61.9,55.65,59.1,4138095
ANDHRSUGAR,2017-03-20 09:15:00+05:30,59.4,59.7,57.6,58.25,767680
ANDHRSUGAR,2017-03-21 09:15:00+05:30,58.05,58.8,56.7,57.45,498695
ANDHRSUGAR,2017-03-22 09:15:00+05:30,57.2,58.6,56.2,56.45,686850
ANDHRSUGAR,2017-03-23 09:15:00+05:30,56.8,57.95,56.7,57.45,230070
ANDHRSUGAR,2017-03-24 09:15:00+05:30,57.7,60.45,56.8,58.1,648360
ANDHRSUGAR,2017-03-27 09:15:00+05:30,58.05,59.9,58.05,59.35,320680
ANDHRSUGAR,2017-03-28 09:15:00+05:30,59.05,62.15,59.0,60.8,1144205
ANDHRSUGAR,2017-03-29 09:15:00+05:30,61.2,61.55,59.95,60.25,267205
ANDHRSUGAR,2017-03-30 09:15:00+05:30,60.0,61.8,59.65,59.95,260970
ANDHRSUGAR,2017-03-31 09:16:00+05:30,60.35,63.0,60.15,61.9,581820
ANDHRSUGAR,2017-04-03 09:15:00+05:30,62.3,64.0,62.3,62.85,596230
ANDHRSUGAR,2017-04-05 09:15:00+05:30,63.0,63.8,62.45,63.5,432495
ANDHRSUGAR,2017-04-06 09:15:00+05:30,62.6,65.7,62.6,63.65,1104405
ANDHRSUGAR,2017-04-07 09:16:00+05:30,63.25,64.8,63.0,63.3,459810
ANDHRSUGAR,2017-04-10 09:15:00+05:30,63.75,63.95,63.2,63.3,180230
ANDHRSUGAR,2017-04-11 09:16:00+05:30,63.4,64.4,62.5,63.1,312430
ANDHRSUGAR,2017-04-12 09:15:00+05:30,63.3,65.7,62.4,63.7,1192425
ANDHRSUGAR,2017-04-13 09:15:00+05:30,63.9,64.8,63.65,64.05,188655
ANDHRSUGAR,2017-04-17 09:15:00+05:30,64.0,64.8,63.3,63.5,133465
ANDHRSUGAR,2017-04-18 09:15:00+05:30,63.6,65.1,63.55,63.75,241440
ANDHRSUGAR,2017-04-19 09:15:00+05:30,63.65,64.8,63.6,63.75,219745
ANDHRSUGAR,2017-04-20 09:15:00+05:30,64.2,66.8,64.0,65.3,782420
ANDHRSUGAR,2017-04-21 09:15:00+05:30,66.15,67.15,64.4,65.1,593445
ANDHRSUGAR,2017-04-24 09:15:00+05:30,65.2,66.55,64.8,65.75,384540
ANDHRSUGAR,2017-04-25 09:15:00+05:30,66.05,67.95,65.3,67.2,457325
ANDHRSUGAR,2017-04-26 09:16:00+05:30,67.75,67.75,65.05,65.3,248090
ANDHRSUGAR,2017-04-27 09:16:00+05:30,65.5,65.6,64.45,64.85,177110
ANDHRSUGAR,2017-04-28 09:15:00+05:30,65.0,66.9,64.4,65.15,244330
ANDHRSUGAR,2017-05-02 09:16:00+05:30,66.05,67.4,65.55,66.95,261390
ANDHRSUGAR,2017-05-03 09:15:00+05:30,67.35,67.4,65.45,66.15,107060
ANDHRSUGAR,2017-05-04 09:15:00+05:30,66.6,67.4,66.6,66.85,173470
ANDHRSUGAR,2017-05-05 09:18:00+05:30,66.9,66.9,63.55,64.05,223970
ANDHRSUGAR,2017-05-08 09:15:00+05:30,63.4,65.35,63.0,63.35,148200
ANDHRSUGAR,2017-05-09 09:16:00+05:30,63.8,65.05,63.4,64.05,205865
ANDHRSUGAR,2017-05-10 09:15:00+05:30,65.15,65.8,64.4,65.15,164690
ANDHRSUGAR,2017-05-11 09:16:00+05:30,65.35,66.3,63.6,63.85,163640
ANDHRSUGAR,2017-05-12 09:16:00+05:30,64.2,64.8,63.6,64.15,135060
ANDHRSUGAR,2017-05-15 09:16:00+05:30,64.45,64.9,63.4,63.75,117050
ANDHRSUGAR,2017-05-16 09:17:00+05:30,63.8,64.0,62.8,63.55,110840
ANDHRSUGAR,2017-05-17 09:15:00+05:30,63.65,63.9,63.0,63.25,125385
ANDHRSUGAR,2017-05-18 09:15:00+05:30,63.25,64.5,62.35,63.2,213335
ANDHRSUGAR,2017-05-19 09:15:00+05:30,64.0,64.6,63.0,64.0,205280
ANDHRSUGAR,2017-05-22 09:17:00+05:30,65.0,65.0,63.05,63.5,120170
ANDHRSUGAR,2017-05-23 09:15:00+05:30,64.05,64.05,57.95,58.55,422260
ANDHRSUGAR,2017-05-24 09:15:00+05:30,58.7,59.25,56.6,57.3,218085
ANDHRSUGAR,2017-05-25 09:16:00+05:30,57.3,59.15,55.8,56.65,385025
ANDHRSUGAR,2017-05-26 09:15:00+05:30,57.0,59.5,57.0,58.1,688780
ANDHRSUGAR,2017-05-29 09:15:00+05:30,60.2,66.0,60.2,61.3,1531495
ANDHRSUGAR,2017-05-30 09:15:00+05:30,61.3,63.4,61.2,62.35,448375
ANDHRSUGAR,2017-05-31 09:15:00+05:30,62.35,63.2,61.6,62.9,208895
ANDHRSUGAR,2017-06-01 09:15:00+05:30,62.9,63.8,60.0,63.45,158730
ANDHRSUGAR,2017-06-02 09:16:00+05:30,63.95,64.95,62.6,63.35,343730
ANDHRSUGAR,2017-06-05 09:15:00+05:30,63.8,64.6,63.6,64.2,254330
ANDHRSUGAR,2017-06-06 09:15:00+05:30,64.05,64.5,63.0,63.1,197635
ANDHRSUGAR,2017-06-07 09:21:00+05:30,63.6,63.95,63.25,63.55,44035
ANDHRSUGAR,2017-06-08 09:18:00+05:30,63.6,64.25,62.85,63.2,153085
ANDHRSUGAR,2017-06-09 09:15:00+05:30,63.2,63.8,62.65,63.4,107100
ANDHRSUGAR,2017-06-12 09:15:00+05:30,63.7,64.0,62.5,62.75,101275
ANDHRSUGAR,2017-06-13 09:15:00+05:30,63.3,64.4,63.2,63.55,156175
ANDHRSUGAR,2017-06-14 09:15:00+05:30,63.2,65.6,62.85,65.45,427645
ANDHRSUGAR,2017-06-15 09:16:00+05:30,65.4,66.85,65.2,66.0,230065
ANDHRSUGAR,2017-06-16 09:16:00+05:30,66.75,67.8,65.6,67.2,296165
ANDHRSUGAR,2017-06-19 09:15:00+05:30,68.0,69.0,67.1,68.35,262370
ANDHRSUGAR,2017-06-20 09:17:00+05:30,68.3,69.0,67.5,68.5,258215
ANDHRSUGAR,2017-06-21 09:21:00+05:30,68.15,69.5,67.15,69.0,324330
ANDHRSUGAR,2017-06-22 09:16:00+05:30,69.7,69.8,67.5,67.95,210865
ANDHRSUGAR,2017-06-23 09:15:00+05:30,67.95,69.6,66.4,68.5,285905
ANDHRSUGAR,2017-06-27 09:15:00+05:30,69.0,69.8,65.1,65.65,264920
ANDHRSUGAR,2017-06-28 09:15:00+05:30,65.7,66.7,65.45,66.05,96095
ANDHRSUGAR,2017-06-29 09:16:00+05:30,66.2,67.7,66.1,67.45,148050
ANDHRSUGAR,2017-06-30 09:16:00+05:30,67.45,68.0,59.35,67.75,582820
ANDHRSUGAR,2017-07-03 09:15:00+05:30,67.95,69.45,67.95,68.8,164680
ANDHRSUGAR,2017-07-04 09:15:00+05:30,68.8,69.2,67.6,67.8,56890
ANDHRSUGAR,2017-07-05 09:18:00+05:30,68.1,69.2,67.9,68.75,125025
ANDHRSUGAR,2017-07-06 09:18:00+05:30,69.35,69.8,68.45,69.25,125700
ANDHRSUGAR,2017-07-07 09:15:00+05:30,68.8,71.9,68.05,68.6,531180
ANDHRSUGAR,2017-07-10 12:35:00+05:30,68.6,69.35,68.2,68.6,24755
ANDHRSUGAR,2017-07-11 09:15:00+05:30,70.0,71.4,68.1,68.45,289755
ANDHRSUGAR,2017-07-12 09:16:00+05:30,68.8,69.4,68.4,69.1,128095
ANDHRSUGAR,2017-07-13 09:15:00+05:30,69.6,69.8,68.3,69.0,223290
ANDHRSUGAR,2017-07-14 09:15:00+05:30,69.45,69.6,67.15,67.45,106185
ANDHRSUGAR,2017-07-17 09:16:00+05:30,67.8,69.3,67.4,68.45,140195
ANDHRSUGAR,2017-07-18 09:16:00+05:30,69.0,69.0,67.7,68.05,58535
ANDHRSUGAR,2017-07-19 09:19:00+05:30,68.4,68.6,67.4,67.85,82950
ANDHRSUGAR,2017-07-20 09:15:00+05:30,68.2,70.5,67.6,67.8,298530
ANDHRSUGAR,2017-07-21 09:19:00+05:30,68.1,69.7,67.85,69.0,263955
ANDHRSUGAR,2017-07-24 09:16:00+05:30,69.8,69.8,68.45,68.75,130265
ANDHRSUGAR,2017-07-25 09:19:00+05:30,68.7,69.8,68.05,68.8,236940
ANDHRSUGAR,2017-07-26 09:15:00+05:30,69.35,71.0,68.85,70.25,152485
ANDHRSUGAR,2017-07-27 09:16:00+05:30,71.0,71.0,69.15,69.5,116160
ANDHRSUGAR,2017-07-28 09:16:00+05:30,69.3,71.6,68.15,70.65,259005
ANDHRSUGAR,2017-07-31 09:15:00+05:30,69.9,69.9,67.2,68.55,435125
ANDHRSUGAR,2017-08-01 09:20:00+05:30,68.4,69.2,67.65,67.85,125090
ANDHRSUGAR,2017-08-02 09:17:00+05:30,67.8,69.4,67.05,67.85,160690
ANDHRSUGAR,2017-08-03 09:16:00+05:30,68.15,69.2,67.4,68.1,149475
ANDHRSUGAR,2017-08-04 09:17:00+05:30,68.1,68.9,67.25,67.55,100810
ANDHRSUGAR,2017-08-07 09:16:00+05:30,67.7,70.95,67.65,70.25,359425
ANDHRSUGAR,2017-08-08 09:15:00+05:30,69.8,70.0,67.5,67.85,137960
ANDHRSUGAR,2017-08-09 09:19:00+05:30,67.6,68.55,66.0,66.6,95975
ANDHRSUGAR,2017-08-10 09:18:00+05:30,66.6,66.75,62.4,63.95,132905
ANDHRSUGAR,2017-08-11 09:16:00+05:30,62.6,65.4,60.8,65.15,147995
ANDHRSUGAR,2017-08-14 09:16:00+05:30,66.0,66.4,65.05,65.45,78885
ANDHRSUGAR,2017-08-16 09:15:00+05:30,65.05,66.4,65.05,65.25,107715
ANDHRSUGAR,2017-08-17 09:17:00+05:30,65.2,66.55,64.3,65.35,119685
ANDHRSUGAR,2017-08-18 09:15:00+05:30,65.4,65.6,64.7,64.9,38935
ANDHRSUGAR,2017-08-21 09:18:00+05:30,64.45,69.8,64.45,68.7,391605
ANDHRSUGAR,2017-08-22 09:15:00+05:30,69.0,69.7,67.95,68.3,163250
ANDHRSUGAR,2017-08-23 09:15:00+05:30,68.0,68.8,67.0,67.6,77575
ANDHRSUGAR,2017-08-24 09:15:00+05:30,69.2,69.2,66.55,67.5,106545
ANDHRSUGAR,2017-08-28 09:15:00+05:30,67.95,68.6,67.4,67.7,103670
ANDHRSUGAR,2017-08-29 09:15:00+05:30,67.15,68.35,66.2,67.0,186280
ANDHRSUGAR,2017-08-30 09:15:00+05:30,67.4,68.6,66.5,67.15,168920
ANDHRSUGAR,2017-08-31 09:29:00+05:30,67.3,68.1,66.8,67.55,103650
ANDHRSUGAR,2017-09-01 09:15:00+05:30,67.6,69.9,67.6,69.55,302345
ANDHRSUGAR,2017-09-04 09:15:00+05:30,70.0,72.4,69.6,71.65,391780
ANDHRSUGAR,2017-09-05 09:15:00+05:30,72.35,77.2,72.0,76.3,1059090
ANDHRSUGAR,2017-09-06 09:15:00+05:30,76.0,80.35,75.45,78.7,794800
ANDHRSUGAR,2017-09-07 09:15:00+05:30,79.2,81.8,79.2,80.1,661115
ANDHRSUGAR,2017-09-08 09:15:00+05:30,81.15,82.85,80.2,80.8,366410
ANDHRSUGAR,2017-09-11 09:15:00+05:30,82.6,85.8,82.0,84.75,738555
ANDHRSUGAR,2017-09-12 09:15:00+05:30,84.85,85.6,83.0,83.65,565515
ANDHRSUGAR,2017-09-13 09:15:00+05:30,83.65,84.6,79.2,80.05,395135
ANDHRSUGAR,2017-09-14 09:15:00+05:30,80.05,82.0,79.4,81.3,262800
ANDHRSUGAR,2017-09-15 09:15:00+05:30,81.85,81.9,80.0,81.55,158160
ANDHRSUGAR,2017-09-18 09:16:00+05:30,81.6,85.1,81.6,83.7,325285
ANDHRSUGAR,2017-09-19 09:15:00+05:30,83.65,85.2,82.75,83.35,219735
ANDHRSUGAR,2017-09-20 09:15:00+05:30,83.35,84.4,83.2,83.55,226150
ANDHRSUGAR,2017-09-21 09:15:00+05:30,84.4,84.4,80.3,81.15,315955
ANDHRSUGAR,2017-09-22 09:16:00+05:30,81.0,81.7,79.0,79.2,351890
ANDHRSUGAR,2017-09-25 09:15:00+05:30,79.2,81.4,76.2,79.95,301600
ANDHRSUGAR,2017-09-26 09:15:00+05:30,80.7,82.8,78.7,82.25,251905
ANDHRSUGAR,2017-09-27 09:15:00+05:30,82.4,83.4,78.2,79.15,276175
ANDHRSUGAR,2017-09-28 09:16:00+05:30,79.3,80.35,79.0,79.65,85710
ANDHRSUGAR,2017-09-29 09:17:00+05:30,80.15,81.6,79.4,81.0,83275
ANDHRSUGAR,2017-10-03 09:15:00+05:30,82.8,82.8,80.65,82.15,170000
ANDHRSUGAR,2017-10-04 09:20:00+05:30,81.65,89.4,81.6,87.8,1022015
ANDHRSUGAR,2017-10-05 09:15:00+05:30,89.0,90.8,88.6,90.1,635915
ANDHRSUGAR,2017-10-06 09:15:00+05:30,91.0,96.7,90.7,94.35,1218705
ANDHRSUGAR,2017-10-09 09:15:00+05:30,95.0,110.5,94.8,107.65,3891695
ANDHRSUGAR,2017-10-10 09:15:00+05:30,108.7,109.15,102.5,106.3,1682360
ANDHRSUGAR,2017-10-11 09:15:00+05:30,107.0,108.8,100.65,102.2,1155585
ANDHRSUGAR,2017-10-12 09:15:00+05:30,103.0,103.8,99.55,102.25,585225
ANDHRSUGAR,2017-10-13 09:15:00+05:30,102.9,103.1,100.1,100.55,274330
ANDHRSUGAR,2017-10-16 09:15:00+05:30,100.8,103.8,100.4,100.85,335945
ANDHRSUGAR,2017-10-17 09:15:00+05:30,101.55,103.0,99.5,101.25,270335
ANDHRSUGAR,2017-10-18 09:15:00+05:30,100.7,102.9,100.3,101.95,311180
ANDHRSUGAR,2017-10-23 09:15:00+05:30,100.8,114.8,100.8,112.55,2391910
ANDHRSUGAR,2017-10-24 09:15:00+05:30,113.4,115.4,108.45,109.45,1227085
ANDHRSUGAR,2017-10-25 09:15:00+05:30,110.55,116.0,108.2,115.35,1566150
ANDHRSUGAR,2017-10-26 09:15:00+05:30,115.95,116.05,109.0,110.95,1546270
ANDHRSUGAR,2017-10-27 09:15:00+05:30,111.6,121.7,111.0,118.35,3245770
ANDHRSUGAR,2017-10-30 09:15:00+05:30,117.2,123.6,111.0,121.55,2550990
ANDHRSUGAR,2017-10-31 09:15:00+05:30,122.5,125.0,103.3,118.4,2534685
ANDHRSUGAR,2017-11-01 09:15:00+05:30,120.95,123.0,114.1,116.5,1960155
ANDHRSUGAR,2017-11-02 09:15:00+05:30,116.8,119.7,116.2,117.4,743805
ANDHRSUGAR,2017-11-03 09:15:00+05:30,118.45,119.1,114.4,115.0,557840
ANDHRSUGAR,2017-11-06 09:15:00+05:30,115.4,118.0,115.1,116.75,548300
ANDHRSUGAR,2017-11-07 09:15:00+05:30,124.5,124.5,110.4,112.05,557370
ANDHRSUGAR,2017-11-08 09:15:00+05:30,113.15,122.4,112.8,119.5,2086380
ANDHRSUGAR,2017-11-09 09:15:00+05:30,121.0,124.4,118.0,121.15,674185
ANDHRSUGAR,2017-11-10 09:15:00+05:30,120.6,122.2,119.0,120.85,355780
ANDHRSUGAR,2017-11-13 09:15:00+05:30,121.6,121.6,114.1,115.3,474755
ANDHRSUGAR,2017-11-14 09:15:00+05:30,115.0,120.2,115.0,117.25,496465
ANDHRSUGAR,2017-11-15 09:15:00+05:30,118.1,119.2,111.2,112.45,277525
ANDHRSUGAR,2017-11-16 09:15:00+05:30,113.4,115.6,113.0,113.6,281030
ANDHRSUGAR,2017-11-17 09:15:00+05:30,114.1,115.8,111.45,114.65,380330
ANDHRSUGAR,2017-11-20 09:15:00+05:30,114.65,115.75,113.2,114.1,217630
ANDHRSUGAR,2017-11-21 09:15:00+05:30,115.05,115.05,111.0,111.7,167880
ANDHRSUGAR,2017-11-22 09:15:00+05:30,112.5,115.8,112.1,113.0,336315
ANDHRSUGAR,2017-11-23 09:15:00+05:30,113.6,116.0,111.4,114.6,370710
ANDHRSUGAR,2017-11-24 09:15:00+05:30,113.45,115.4,113.45,113.9,194320
ANDHRSUGAR,2017-11-27 09:15:00+05:30,114.4,115.8,114.2,114.9,197525
ANDHRSUGAR,2017-11-28 09:15:00+05:30,115.5,116.35,110.25,111.3,244530
ANDHRSUGAR,2017-11-29 09:15:00+05:30,111.8,113.15,110.45,111.15,182240
ANDHRSUGAR,2017-11-30 09:15:00+05:30,110.0,112.6,109.45,111.8,170180
ANDHRSUGAR,2017-12-01 09:15:00+05:30,112.6,112.75,107.0,110.75,315030
ANDHRSUGAR,2017-12-04 09:15:00+05:30,109.7,111.95,107.4,108.45,126980
ANDHRSUGAR,2017-12-05 09:15:00+05:30,108.0,110.0,106.2,108.9,184315
ANDHRSUGAR,2017-12-06 09:15:00+05:30,110.5,110.5,102.35,103.85,423755
ANDHRSUGAR,2017-12-07 09:15:00+05:30,103.0,106.4,103.0,106.0,198300
ANDHRSUGAR,2017-12-08 09:15:00+05:30,106.0,108.0,106.0,107.15,197685
ANDHRSUGAR,2017-12-11 09:16:00+05:30,108.0,108.0,104.4,105.2,245710
ANDHRSUGAR,2017-12-12 09:15:00+05:30,105.4,107.6,100.85,102.05,220445
ANDHRSUGAR,2017-12-13 09:15:00+05:30,102.0,103.0,100.0,100.5,292365
ANDHRSUGAR,2017-12-14 09:15:00+05:30,101.4,104.95,100.4,103.05,276130
ANDHRSUGAR,2017-12-15 09:15:00+05:30,104.55,105.0,102.65,103.2,162445
ANDHRSUGAR,2017-12-18 09:15:00+05:30,103.2,106.2,99.4,104.75,210090
ANDHRSUGAR,2017-12-19 09:15:00+05:30,106.2,107.8,103.55,107.15,320065
ANDHRSUGAR,2017-12-20 09:16:00+05:30,107.15,109.4,107.15,108.95,240505
ANDHRSUGAR,2017-12-21 09:15:00+05:30,109.4,109.4,106.4,107.8,144230
ANDHRSUGAR,2017-12-22 09:17:00+05:30,107.2,108.7,105.75,106.7,234765
ANDHRSUGAR,2017-12-26 09:16:00+05:30,105.65,107.95,104.2,104.75,244375
ANDHRSUGAR,2017-12-27 09:15:00+05:30,105.0,106.8,105.0,105.85,129985
ANDHRSUGAR,2017-12-28 09:15:00+05:30,107.4,107.8,104.8,106.65,201900
ANDHRSUGAR,2017-12-29 09:16:00+05:30,106.0,107.8,105.25,107.05,125800
ANDHRSUGAR,2018-01-01 09:15:00+05:30,107.5,108.6,106.15,106.65,100445
ANDHRSUGAR,2018-01-02 09:15:00+05:30,106.4,107.8,104.05,104.75,103030
ANDHRSUGAR,2018-01-03 09:15:00+05:30,106.35,106.35,104.6,104.75,103450
ANDHRSUGAR,2018-01-04 09:17:00+05:30,104.8,105.2,103.6,104.25,356705
ANDHRSUGAR,2018-01-05 09:15:00+05:30,104.05,111.6,103.45,110.8,625960
ANDHRSUGAR,2018-01-08 09:15:00+05:30,111.65,118.2,111.0,116.95,784415
ANDHRSUGAR,2018-01-09 09:15:00+05:30,118.0,119.8,115.45,118.0,372475
ANDHRSUGAR,2018-01-10 09:15:00+05:30,119.5,119.5,116.4,118.2,190965
ANDHRSUGAR,2018-01-11 09:16:00+05:30,118.6,121.55,116.4,119.7,283425
ANDHRSUGAR,2018-01-12 09:15:00+05:30,122.0,122.6,111.35,118.45,405590
ANDHRSUGAR,2018-01-15 09:15:00+05:30,118.8,129.8,117.25,127.25,1360435
ANDHRSUGAR,2018-01-16 09:15:00+05:30,128.55,132.2,122.0,128.3,1000400
ANDHRSUGAR,2018-01-17 09:15:00+05:30,128.3,134.4,124.0,133.05,823810
ANDHRSUGAR,2018-01-18 09:15:00+05:30,133.4,136.75,128.55,132.05,758005
ANDHRSUGAR,2018-01-19 09:15:00+05:30,132.05,136.0,130.1,134.7,440405
ANDHRSUGAR,2018-01-22 09:15:00+05:30,134.0,143.0,132.05,140.65,1109805
ANDHRSUGAR,2018-01-23 09:15:00+05:30,141.6,143.0,138.25,141.4,498190
ANDHRSUGAR,2018-01-24 09:15:00+05:30,141.4,141.6,133.05,136.0,537850
ANDHRSUGAR,2018-01-25 09:15:00+05:30,136.3,136.35,132.6,134.9,265435
ANDHRSUGAR,2018-01-29 09:15:00+05:30,133.05,137.6,129.4,130.75,194635
ANDHRSUGAR,2018-01-30 09:15:00+05:30,131.2,132.0,126.65,131.2,215615
ANDHRSUGAR,2018-01-31 09:15:00+05:30,131.55,132.95,124.8,125.85,130800
ANDHRSUGAR,2018-02-01 09:15:00+05:30,124.4,128.0,119.0,126.0,244460
ANDHRSUGAR,2018-02-02 09:15:00+05:30,125.4,125.4,116.2,123.1,343960
ANDHRSUGAR,2018-02-05 09:15:00+05:30,118.0,118.15,110.2,112.05,598855
ANDHRSUGAR,2018-02-06 09:15:00+05:30,100.8,104.8,97.0,99.55,1245125
ANDHRSUGAR,2018-02-07 09:15:00+05:30,100.4,104.45,97.65,98.45,755475
ANDHRSUGAR,2018-02-08 09:15:00+05:30,99.9,101.7,98.3,100.55,652415
ANDHRSUGAR,2018-02-09 09:15:00+05:30,99.0,105.0,97.6,100.35,599175
ANDHRSUGAR,2018-02-12 09:15:00+05:30,100.8,103.4,99.2,101.9,554410
ANDHRSUGAR,2018-02-14 09:15:00+05:30,102.75,104.25,102.75,103.4,317285
ANDHRSUGAR,2018-02-15 09:15:00+05:30,104.8,104.8,98.6,99.15,285475
ANDHRSUGAR,2018-02-16 09:15:00+05:30,100.0,101.0,96.7,98.1,260200
ANDHRSUGAR,2018-02-19 09:15:00+05:30,98.2,98.2,94.4,95.5,166025
ANDHRSUGAR,2018-02-20 09:15:00+05:30,96.95,97.8,96.25,96.8,469235
ANDHRSUGAR,2018-02-21 09:15:00+05:30,97.2,97.25,94.0,95.2,257750
ANDHRSUGAR,2018-02-22 09:15:00+05:30,94.05,97.75,94.05,95.85,330745
ANDHRSUGAR,2018-02-23 09:15:00+05:30,96.8,98.4,94.65,97.9,199455
ANDHRSUGAR,2018-02-26 09:16:00+05:30,97.6,99.4,97.3,98.65,80500
ANDHRSUGAR,2018-02-27 09:15:00+05:30,97.45,101.6,97.45,100.85,253120
ANDHRSUGAR,2018-02-28 09:15:00+05:30,100.8,100.8,96.85,97.6,196610
ANDHRSUGAR,2018-03-01 09:15:00+05:30,99.2,101.5,98.2,100.15,163600
ANDHRSUGAR,2018-03-05 09:15:00+05:30,99.0,100.7,98.15,99.05,60395
ANDHRSUGAR,2018-03-06 09:16:00+05:30,99.05,100.4,93.2,94.9,204740
ANDHRSUGAR,2018-03-07 09:15:00+05:30,95.0,95.75,89.35,89.9,219520
ANDHRSUGAR,2018-03-08 09:15:00+05:30,90.45,92.6,89.6,90.5,245580
ANDHRSUGAR,2018-03-09 09:15:00+05:30,92.0,92.6,84.9,88.1,510695
ANDHRSUGAR,2018-03-12 09:15:00+05:30,88.1,91.6,87.6,90.95,291900
ANDHRSUGAR,2018-03-13 09:15:00+05:30,90.7,91.7,88.8,89.55,144765
ANDHRSUGAR,2018-03-14 09:15:00+05:30,89.55,93.0,88.6,89.6,204355
ANDHRSUGAR,2018-03-15 09:15:00+05:30,90.75,92.0,89.4,90.8,137290
ANDHRSUGAR,2018-03-16 09:15:00+05:30,90.25,94.65,89.0,90.0,143530
ANDHRSUGAR,2018-03-19 09:15:00+05:30,91.35,91.6,86.2,86.9,151080
ANDHRSUGAR,2018-03-20 09:15:00+05:30,86.0,89.5,86.0,87.65,157860
ANDHRSUGAR,2018-03-21 09:15:00+05:30,88.0,91.05,87.5,89.1,139115
ANDHRSUGAR,2018-03-22 09:15:00+05:30,89.1,89.1,85.0,85.7,129110
ANDHRSUGAR,2018-03-23 09:15:00+05:30,84.9,85.0,80.4,81.0,333290
ANDHRSUGAR,2018-03-26 09:15:00+05:30,80.8,82.8,77.7,79.25,318770
ANDHRSUGAR,2018-03-27 09:15:00+05:30,81.4,83.95,80.8,82.5,200920
ANDHRSUGAR,2018-03-28 09:15:00+05:30,81.1,82.95,80.6,81.7,98045
ANDHRSUGAR,2018-04-02 09:15:00+05:30,81.0,90.0,80.6,89.35,201870
ANDHRSUGAR,2018-04-03 09:15:00+05:30,89.15,90.85,86.05,89.9,136230
ANDHRSUGAR,2018-04-04 09:15:00+05:30,88.75,90.9,85.6,86.55,124550
ANDHRSUGAR,2018-04-05 09:15:00+05:30,87.2,91.25,87.2,90.15,79640
ANDHRSUGAR,2018-04-06 09:16:00+05:30,91.0,92.0,88.55,90.45,137780
ANDHRSUGAR,2018-04-09 09:15:00+05:30,90.3,92.0,87.8,90.15,195490
ANDHRSUGAR,2018-04-10 09:15:00+05:30,89.45,94.0,89.45,91.5,281255
ANDHRSUGAR,2018-04-11 09:15:00+05:30,92.55,93.4,90.6,91.65,123630
ANDHRSUGAR,2018-04-12 09:16:00+05:30,92.5,92.8,87.2,88.75,89910
ANDHRSUGAR,2018-04-13 09:15:00+05:30,88.95,90.0,88.1,89.2,66370
ANDHRSUGAR,2018-04-16 09:15:00+05:30,88.8,90.0,87.9,89.75,38945
ANDHRSUGAR,2018-04-17 09:17:00+05:30,90.0,93.85,89.4,90.9,150405
ANDHRSUGAR,2018-04-18 09:17:00+05:30,91.0,92.0,88.1,88.7,183805
ANDHRSUGAR,2018-04-19 09:15:00+05:30,88.65,89.9,88.0,88.5,59395
ANDHRSUGAR,2018-04-20 09:19:00+05:30,88.05,89.7,86.2,87.05,183500
ANDHRSUGAR,2018-04-23 09:16:00+05:30,87.1,89.75,87.0,88.65,122790
ANDHRSUGAR,2018-04-24 09:15:00+05:30,89.6,89.95,86.2,87.0,147455
ANDHRSUGAR,2018-04-25 09:15:00+05:30,87.0,87.6,83.8,84.75,322945
ANDHRSUGAR,2018-04-26 09:15:00+05:30,84.85,85.6,82.8,83.1,222355
ANDHRSUGAR,2018-04-27 09:15:00+05:30,84.0,85.0,80.2,80.65,552080
ANDHRSUGAR,2018-04-30 09:16:00+05:30,80.8,81.5,79.2,79.35,226765
ANDHRSUGAR,2018-05-02 09:15:00+05:30,79.35,80.5,76.1,76.65,334680
ANDHRSUGAR,2018-05-03 09:15:00+05:30,76.8,77.0,72.2,73.05,219450
ANDHRSUGAR,2018-05-04 09:15:00+05:30,73.25,83.0,72.75,78.9,1626570
ANDHRSUGAR,2018-05-07 09:15:00+05:30,79.6,84.4,78.25,83.2,391750
ANDHRSUGAR,2018-05-08 09:15:00+05:30,83.5,84.7,81.4,82.15,180425
ANDHRSUGAR,2018-05-09 09:15:00+05:30,81.8,85.75,81.3,83.9,221475
ANDHRSUGAR,2018-05-10 09:15:00+05:30,83.65,84.95,81.6,81.75,112385
ANDHRSUGAR,2018-05-11 09:15:00+05:30,81.3,82.4,80.6,81.45,54480
ANDHRSUGAR,2018-05-14 09:17:00+05:30,80.6,81.25,76.6,77.05,120500
ANDHRSUGAR,2018-05-15 09:16:00+05:30,79.5,79.5,76.2,77.05,89925
ANDHRSUGAR,2018-05-16 09:16:00+05:30,77.2,77.8,74.6,75.95,118515
ANDHRSUGAR,2018-05-17 09:16:00+05:30,75.75,80.8,75.75,80.0,182970
ANDHRSUGAR,2018-05-18 09:16:00+05:30,80.15,82.8,77.6,78.15,358420
ANDHRSUGAR,2018-05-21 09:15:00+05:30,78.15,80.8,74.5,76.0,181350
ANDHRSUGAR,2018-05-22 09:15:00+05:30,76.5,78.4,74.6,75.5,264905
ANDHRSUGAR,2018-05-23 09:15:00+05:30,75.8,77.8,75.05,75.35,99375
ANDHRSUGAR,2018-05-24 09:15:00+05:30,75.85,77.6,74.5,75.9,129035
ANDHRSUGAR,2018-05-25 09:15:00+05:30,76.4,79.9,76.0,78.15,150205
ANDHRSUGAR,2018-05-28 09:15:00+05:30,78.4,83.0,78.2,82.0,192875
ANDHRSUGAR,2018-05-29 09:15:00+05:30,83.35,84.2,80.05,80.6,201515
ANDHRSUGAR,2018-05-30 09:16:00+05:30,80.2,81.6,76.45,78.1,369060
ANDHRSUGAR,2018-05-31 09:15:00+05:30,77.0,80.6,74.2,76.9,525790
ANDHRSUGAR,2018-06-01 09:15:00+05:30,77.05,78.4,75.05,75.75,133465
ANDHRSUGAR,2018-06-04 09:15:00+05:30,76.9,76.9,72.2,72.7,142580
ANDHRSUGAR,2018-06-05 09:15:00+05:30,72.95,74.4,68.8,69.55,251215
ANDHRSUGAR,2018-06-06 09:16:00+05:30,69.75,70.7,67.65,67.85,304330
ANDHRSUGAR,2018-06-07 09:15:00+05:30,67.8,72.6,67.8,71.15,237575
ANDHRSUGAR,2018-06-08 09:15:00+05:30,71.15,72.2,70.0,70.7,194470
ANDHRSUGAR,2018-06-11 09:15:00+05:30,71.5,72.85,70.2,70.5,156900
ANDHRSUGAR,2018-06-12 09:15:00+05:30,70.85,72.6,69.1,72.2,248305
ANDHRSUGAR,2018-06-13 09:16:00+05:30,72.35,73.85,71.6,72.15,126835
ANDHRSUGAR,2018-06-14 09:15:00+05:30,72.4,73.4,71.0,72.6,100965
ANDHRSUGAR,2018-06-15 09:15:00+05:30,72.6,73.45,71.45,71.8,137010
ANDHRSUGAR,2018-06-18 09:15:00+05:30,72.2,72.4,70.6,70.9,72310
ANDHRSUGAR,2018-06-19 09:15:00+05:30,71.0,71.0,67.4,68.2,143085
ANDHRSUGAR,2018-06-20 09:16:00+05:30,68.4,69.75,68.0,68.75,114320
ANDHRSUGAR,2018-06-21 09:15:00+05:30,70.0,70.0,68.0,68.15,44885
ANDHRSUGAR,2018-06-22 09:15:00+05:30,68.4,68.4,67.0,67.2,57635
ANDHRSUGAR,2018-06-25 09:15:00+05:30,67.4,67.4,65.0,65.25,144180
ANDHRSUGAR,2018-06-26 09:15:00+05:30,65.3,68.8,64.65,68.4,110870
ANDHRSUGAR,2018-06-27 09:15:00+05:30,68.55,69.4,66.7,68.1,89095
ANDHRSUGAR,2018-06-28 09:15:00+05:30,68.25,68.25,65.0,65.65,93615
ANDHRSUGAR,2018-06-29 09:16:00+05:30,66.2,70.0,63.05,69.7,137920
ANDHRSUGAR,2018-07-02 09:15:00+05:30,69.95,70.4,67.7,68.0,60290
ANDHRSUGAR,2018-07-03 09:15:00+05:30,67.4,67.9,65.7,66.45,70850
ANDHRSUGAR,2018-07-04 09:17:00+05:30,65.3,68.0,65.3,66.4,56650
ANDHRSUGAR,2018-07-05 09:15:00+05:30,67.8,67.8,65.4,65.85,53685
ANDHRSUGAR,2018-07-06 09:15:00+05:30,66.0,70.2,65.8,69.35,130945
ANDHRSUGAR,2018-07-09 09:16:00+05:30,71.0,71.0,70.0,70.3,43330
ANDHRSUGAR,2018-07-10 09:15:00+05:30,70.4,73.4,70.25,72.9,105995
ANDHRSUGAR,2018-07-11 09:15:00+05:30,72.5,73.25,69.25,69.55,109065
ANDHRSUGAR,2018-07-12 09:15:00+05:30,70.0,70.8,67.4,67.9,87805
ANDHRSUGAR,2018-07-13 09:16:00+05:30,68.05,68.3,66.4,66.75,96095
ANDHRSUGAR,2018-07-16 09:17:00+05:30,66.6,66.6,62.6,63.9,113725
ANDHRSUGAR,2018-07-17 09:15:00+05:30,63.05,65.7,62.85,65.15,83040
ANDHRSUGAR,2018-07-18 09:15:00+05:30,64.8,65.95,64.3,64.65,53960
ANDHRSUGAR,2018-07-19 09:15:00+05:30,64.05,64.9,63.0,63.3,39795
ANDHRSUGAR,2018-07-20 09:16:00+05:30,63.2,63.85,62.2,62.9,34865
ANDHRSUGAR,2018-07-23 09:51:00+05:30,62.1,63.25,62.0,62.75,60380
ANDHRSUGAR,2018-07-24 09:16:00+05:30,62.3,67.6,62.3,65.85,148615
ANDHRSUGAR,2018-07-25 09:15:00+05:30,66.8,68.6,65.0,65.85,93390
ANDHRSUGAR,2018-07-26 09:20:00+05:30,66.25,68.5,66.1,67.5,92660
ANDHRSUGAR,2018-07-27 09:15:00+05:30,67.0,72.0,67.0,71.55,216850
ANDHRSUGAR,2018-07-30 09:15:00+05:30,75.2,79.4,75.2,76.65,544105
ANDHRSUGAR,2018-07-31 09:15:00+05:30,76.8,76.8,74.7,75.95,135775
ANDHRSUGAR,2018-08-01 09:15:00+05:30,76.85,77.0,74.75,75.75,79810
ANDHRSUGAR,2018-08-02 09:15:00+05:30,75.75,76.8,75.1,76.2,101275
ANDHRSUGAR,2018-08-03 09:15:00+05:30,76.5,77.55,75.4,76.0,86760
ANDHRSUGAR,2018-08-06 09:15:00+05:30,76.55,77.8,76.5,76.75,147210
ANDHRSUGAR,2018-08-07 09:15:00+05:30,75.8,81.6,75.8,79.95,488635
ANDHRSUGAR,2018-08-08 09:15:00+05:30,80.7,81.8,78.4,78.7,156590
ANDHRSUGAR,2018-08-09 09:15:00+05:30,79.5,79.7,76.65,77.7,219900
ANDHRSUGAR,2018-08-10 09:16:00+05:30,77.8,79.2,77.2,77.7,61480
ANDHRSUGAR,2018-08-13 09:15:00+05:30,77.2,78.4,76.35,76.9,130540
ANDHRSUGAR,2018-08-14 09:17:00+05:30,77.2,77.6,76.15,76.65,88360
ANDHRSUGAR,2018-08-16 09:15:00+05:30,76.0,77.5,76.0,76.85,95780
ANDHRSUGAR,2018-08-17 09:15:00+05:30,77.15,77.9,76.45,77.05,60670
ANDHRSUGAR,2018-08-20 09:18:00+05:30,77.3,78.2,76.8,77.95,99445
ANDHRSUGAR,2018-08-21 09:15:00+05:30,78.0,78.4,76.8,77.05,78680
ANDHRSUGAR,2018-08-23 09:15:00+05:30,76.6,77.5,75.6,75.95,83055
ANDHRSUGAR,2018-08-24 09:18:00+05:30,76.15,76.95,75.0,75.6,173260
ANDHRSUGAR,2018-08-27 09:15:00+05:30,75.95,76.6,75.3,75.75,101825
ANDHRSUGAR,2018-08-28 09:15:00+05:30,76.7,76.8,75.15,75.3,121970
ANDHRSUGAR,2018-08-29 09:18:00+05:30,75.75,75.85,74.6,74.8,70800
ANDHRSUGAR,2018-08-30 09:16:00+05:30,75.3,75.8,74.1,75.2,37430
ANDHRSUGAR,2018-08-31 09:15:00+05:30,75.3,76.75,74.2,76.2,105280
ANDHRSUGAR,2018-09-03 09:16:00+05:30,76.2,77.55,76.1,76.4,109805
ANDHRSUGAR,2018-09-04 09:15:00+05:30,76.4,77.0,75.05,75.35,103455
ANDHRSUGAR,2018-09-05 09:15:00+05:30,75.4,75.7,73.8,74.45,67815
ANDHRSUGAR,2018-09-06 09:15:00+05:30,75.1,77.0,74.15,76.25,113725
ANDHRSUGAR,2018-09-07 09:15:00+05:30,77.0,77.35,75.8,76.65,124710
ANDHRSUGAR,2018-09-10 09:15:00+05:30,77.05,81.15,76.4,79.5,279515
ANDHRSUGAR,2018-09-11 09:15:00+05:30,80.0,80.35,76.8,77.4,142770
ANDHRSUGAR,2018-09-12 09:15:00+05:30,77.4,77.4,73.5,74.85,236995
ANDHRSUGAR,2018-09-14 09:15:00+05:30,75.1,89.55,75.1,87.95,0
ANDHRSUGAR,2018-09-17 09:15:00+05:30,88.7,96.95,88.0,91.65,9414390
ANDHRSUGAR,2018-09-18 09:15:00+05:30,91.95,92.8,82.4,83.65,3522230
ANDHRSUGAR,2018-09-19 09:15:00+05:30,85.4,86.85,82.4,83.65,1494195
ANDHRSUGAR,2018-09-21 09:15:00+05:30,84.2,84.7,68.0,75.3,1470575
ANDHRSUGAR,2018-09-24 09:15:00+05:30,75.05,75.05,70.25,72.8,715705
ANDHRSUGAR,2018-09-25 09:15:00+05:30,73.55,77.75,72.4,75.15,2002665
ANDHRSUGAR,2018-09-26 09:15:00+05:30,76.4,77.6,72.0,72.65,1024575
ANDHRSUGAR,2018-09-27 09:15:00+05:30,72.8,73.4,69.6,70.5,460335
ANDHRSUGAR,2018-09-28 09:15:00+05:30,70.8,71.15,65.4,66.55,419375
ANDHRSUGAR,2018-10-01 09:15:00+05:30,67.0,68.25,63.2,65.9,460715
ANDHRSUGAR,2018-10-03 09:15:00+05:30,66.4,70.9,65.2,68.8,544055
ANDHRSUGAR,2018-10-04 09:15:00+05:30,66.6,68.8,66.2,67.15,216885
ANDHRSUGAR,2018-10-05 09:15:00+05:30,68.35,69.4,65.2,66.0,269725
ANDHRSUGAR,2018-10-08 09:15:00+05:30,65.2,66.55,63.2,63.95,212345
ANDHRSUGAR,2018-10-09 09:15:00+05:30,65.05,69.4,61.2,61.75,1270275
ANDHRSUGAR,2018-10-10 09:15:00+05:30,62.2,66.4,61.2,62.85,1253135
ANDHRSUGAR,2018-10-11 09:15:00+05:30,61.35,64.65,60.3,61.8,610700
ANDHRSUGAR,2018-10-12 09:15:00+05:30,62.0,64.95,62.0,63.45,592245
ANDHRSUGAR,2018-10-15 09:15:00+05:30,64.8,72.5,64.8,69.8,2310740
ANDHRSUGAR,2018-10-16 09:15:00+05:30,70.55,71.8,67.75,70.3,880970
ANDHRSUGAR,2018-10-17 09:15:00+05:30,71.0,71.6,67.6,68.3,537555
ANDHRSUGAR,2018-10-19 09:15:00+05:30,68.2,69.45,67.15,68.1,287950
ANDHRSUGAR,2018-10-22 09:15:00+05:30,68.8,68.8,65.6,65.7,204500
ANDHRSUGAR,2018-10-23 09:15:00+05:30,64.6,66.6,64.2,64.7,195140
ANDHRSUGAR,2018-10-24 09:15:00+05:30,65.2,66.8,64.25,64.55,191085
ANDHRSUGAR,2018-10-25 09:15:00+05:30,63.95,66.15,63.45,63.6,235650
ANDHRSUGAR,2018-10-26 09:15:00+05:30,63.6,65.0,63.05,63.6,222465
ANDHRSUGAR,2018-10-29 09:15:00+05:30,64.2,68.4,64.0,68.0,533290
ANDHRSUGAR,2018-10-30 09:15:00+05:30,68.95,74.35,67.8,72.4,722360
ANDHRSUGAR,2018-10-31 09:15:00+05:30,72.75,74.0,70.8,73.55,389165
ANDHRSUGAR,2018-11-01 09:15:00+05:30,73.55,74.75,70.55,71.9,252950
ANDHRSUGAR,2018-11-02 09:15:00+05:30,72.0,76.0,71.4,74.2,505050
ANDHRSUGAR,2018-11-05 09:15:00+05:30,74.95,74.95,72.65,73.55,248965
ANDHRSUGAR,2018-11-06 09:18:00+05:30,73.6,76.6,73.2,75.1,340415
ANDHRSUGAR,2018-11-09 09:15:00+05:30,76.0,77.0,74.8,75.45,240860
ANDHRSUGAR,2018-11-12 09:15:00+05:30,76.0,79.75,75.0,77.4,1035195
ANDHRSUGAR,2018-11-13 09:15:00+05:30,76.65,77.0,74.65,75.0,223080
ANDHRSUGAR,2018-11-14 09:15:00+05:30,75.0,77.4,74.4,75.2,205580
ANDHRSUGAR,2018-11-15 09:15:00+05:30,75.8,75.8,74.2,74.35,120305
ANDHRSUGAR,2018-11-16 09:15:00+05:30,74.65,74.75,72.0,72.5,95005
ANDHRSUGAR,2018-11-19 09:15:00+05:30,73.5,73.6,71.6,71.75,121605
ANDHRSUGAR,2018-11-20 09:15:00+05:30,71.75,72.75,69.4,69.85,220400
ANDHRSUGAR,2018-11-21 09:15:00+05:30,70.5,70.5,68.4,69.25,94945
ANDHRSUGAR,2018-11-22 09:17:00+05:30,69.4,70.65,68.4,68.75,100935
ANDHRSUGAR,2018-11-26 09:15:00+05:30,68.75,69.35,67.4,67.6,86370
ANDHRSUGAR,2018-11-27 09:15:00+05:30,67.6,68.35,67.0,67.3,178605
ANDHRSUGAR,2018-11-28 09:25:00+05:30,67.95,67.95,66.15,66.5,57015
ANDHRSUGAR,2018-11-29 09:16:00+05:30,66.55,67.9,66.35,67.6,90040
ANDHRSUGAR,2018-11-30 09:15:00+05:30,67.9,68.05,66.25,66.4,210190
ANDHRSUGAR,2018-12-03 00:00:00+05:30,66.45,67.45,66.4,67.1,81890
ANDHRSUGAR,2018-12-04 00:00:00+05:30,68.0,69.3,67.0,67.35,160725
ANDHRSUGAR,2018-12-05 00:00:00+05:30,67.8,67.8,66.2,66.45,35410
ANDHRSUGAR,2018-12-06 00:00:00+05:30,65.25,66.8,64.6,65.5,71665
ANDHRSUGAR,2018-12-07 00:00:00+05:30,65.5,65.8,63.8,64.35,71895
ANDHRSUGAR,2018-12-10 00:00:00+05:30,62.1,64.15,62.1,62.95,86215
ANDHRSUGAR,2018-12-11 00:00:00+05:30,62.0,64.1,62.0,63.8,106910
ANDHRSUGAR,2018-12-12 00:00:00+05:30,64.55,68.0,64.35,66.8,180855
ANDHRSUGAR,2018-12-13 00:00:00+05:30,66.8,68.4,65.7,66.1,93625
ANDHRSUGAR,2018-12-14 00:00:00+05:30,65.6,67.75,65.6,66.85,111590
ANDHRSUGAR,2018-12-17 00:00:00+05:30,67.5,67.75,65.8,66.6,79340
ANDHRSUGAR,2018-12-18 00:00:00+05:30,66.2,67.6,64.45,66.35,128490
ANDHRSUGAR,2018-12-19 00:00:00+05:30,66.75,68.65,66.2,67.7,168125
ANDHRSUGAR,2018-12-20 00:00:00+05:30,67.6,68.8,67.3,67.8,69245
ANDHRSUGAR,2018-12-21 00:00:00+05:30,68.55,68.55,66.45,66.7,55490
ANDHRSUGAR,2018-12-24 00:00:00+05:30,66.4,67.4,65.4,65.75,57635
ANDHRSUGAR,2018-12-26 00:00:00+05:30,65.25,65.8,64.6,64.95,77940
ANDHRSUGAR,2018-12-27 00:00:00+05:30,64.9,67.0,64.8,66.1,85005
ANDHRSUGAR,2018-12-28 00:00:00+05:30,66.25,67.0,66.1,66.2,48085
ANDHRSUGAR,2018-12-31 00:00:00+05:30,65.35,67.1,65.35,66.6,43710
ANDHRSUGAR,2019-01-01 00:00:00+05:30,66.7,67.75,66.6,67.6,44390
ANDHRSUGAR,2019-01-02 00:00:00+05:30,67.8,67.9,66.4,66.6,28745
ANDHRSUGAR,2019-01-03 00:00:00+05:30,67.1,68.3,66.4,66.65,151235
ANDHRSUGAR,2019-01-04 00:00:00+05:30,66.75,68.4,66.55,66.8,206170
ANDHRSUGAR,2019-01-07 00:00:00+05:30,66.8,67.8,66.8,66.9,45725
ANDHRSUGAR,2019-01-08 00:00:00+05:30,67.4,69.15,66.6,67.2,331765
ANDHRSUGAR,2019-01-09 00:00:00+05:30,67.25,67.9,66.05,66.3,101635
ANDHRSUGAR,2019-01-10 00:00:00+05:30,66.85,67.75,66.05,66.5,126015
ANDHRSUGAR,2019-01-11 00:00:00+05:30,66.85,67.45,65.8,66.0,126245
ANDHRSUGAR,2019-01-14 00:00:00+05:30,65.4,65.95,64.85,65.3,89890
ANDHRSUGAR,2019-01-15 00:00:00+05:30,65.4,67.4,65.25,66.3,118635
ANDHRSUGAR,2019-01-16 00:00:00+05:30,66.5,67.4,65.6,65.8,155135
ANDHRSUGAR,2019-01-17 00:00:00+05:30,65.8,66.2,65.1,65.4,74355
ANDHRSUGAR,2019-01-18 00:00:00+05:30,65.6,66.15,64.2,65.2,71940
ANDHRSUGAR,2019-01-21 00:00:00+05:30,65.0,66.2,64.4,64.7,62320
ANDHRSUGAR,2019-01-22 00:00:00+05:30,65.0,65.0,63.25,63.95,44285
ANDHRSUGAR,2019-01-23 00:00:00+05:30,63.85,64.1,62.4,62.7,78500
ANDHRSUGAR,2019-01-24 00:00:00+05:30,62.8,62.95,61.8,62.25,80980
ANDHRSUGAR,2019-01-25 00:00:00+05:30,62.3,62.75,61.25,61.6,70495
ANDHRSUGAR,2019-01-28 00:00:00+05:30,61.75,61.75,58.45,58.75,107580
ANDHRSUGAR,2019-01-29 00:00:00+05:30,58.6,59.65,58.05,58.5,107450
ANDHRSUGAR,2019-01-30 00:00:00+05:30,58.0,62.0,58.0,61.0,115810
ANDHRSUGAR,2019-01-31 00:00:00+05:30,62.0,62.4,61.2,61.65,49835
ANDHRSUGAR,2019-02-01 00:00:00+05:30,62.25,62.25,60.5,61.4,46250
ANDHRSUGAR,2019-02-04 00:00:00+05:30,63.2,65.85,63.0,63.95,227640
ANDHRSUGAR,2019-02-05 00:00:00+05:30,64.55,65.45,63.75,64.05,122350
ANDHRSUGAR,2019-02-06 00:00:00+05:30,65.4,65.95,62.8,63.85,143450
ANDHRSUGAR,2019-02-07 00:00:00+05:30,63.8,65.0,63.1,63.75,113225
ANDHRSUGAR,2019-02-08 00:00:00+05:30,63.75,64.3,61.2,61.55,65440
ANDHRSUGAR,2019-02-11 00:00:00+05:30,61.55,61.75,60.55,60.9,44760
ANDHRSUGAR,2019-02-12 00:00:00+05:30,60.9,62.0,60.5,61.35,45400
ANDHRSUGAR,2019-02-13 00:00:00+05:30,61.4,62.8,60.6,61.45,82255
ANDHRSUGAR,2019-02-14 00:00:00+05:30,61.1,61.9,58.4,59.35,264205
ANDHRSUGAR,2019-02-15 00:00:00+05:30,60.4,61.1,58.8,59.2,174445
ANDHRSUGAR,2019-02-18 00:00:00+05:30,60.0,60.6,58.6,59.15,101815
ANDHRSUGAR,2019-02-19 00:00:00+05:30,59.2,62.0,58.8,60.05,296395
ANDHRSUGAR,2019-02-20 00:00:00+05:30,59.8,61.35,59.1,60.45,247040
ANDHRSUGAR,2019-02-21 00:00:00+05:30,60.85,61.6,60.05,61.05,96220
ANDHRSUGAR,2019-02-22 00:00:00+05:30,61.0,63.95,60.95,62.95,246575
ANDHRSUGAR,2019-02-25 00:00:00+05:30,63.15,71.75,62.8,68.85,2322900
ANDHRSUGAR,2019-02-26 00:00:00+05:30,66.7,68.75,66.0,68.1,622835
ANDHRSUGAR,2019-02-27 00:00:00+05:30,67.8,70.35,63.8,64.95,768360
ANDHRSUGAR,2019-02-28 00:00:00+05:30,65.9,67.95,65.25,67.55,461005
ANDHRSUGAR,2019-03-01 00:00:00+05:30,70.0,71.0,68.85,69.8,587200
ANDHRSUGAR,2019-03-05 00:00:00+05:30,69.2,71.8,69.2,71.0,530090
ANDHRSUGAR,2019-03-06 00:00:00+05:30,71.05,74.35,70.8,72.55,534800
ANDHRSUGAR,2019-03-07 00:00:00+05:30,72.8,74.95,72.2,73.3,674445
ANDHRSUGAR,2019-03-08 00:00:00+05:30,73.15,74.2,70.4,71.0,275700
ANDHRSUGAR,2019-03-11 00:00:00+05:30,71.0,73.3,70.5,72.6,286060
ANDHRSUGAR,2019-03-12 00:00:00+05:30,72.3,74.95,72.3,72.85,253385
ANDHRSUGAR,2019-03-13 00:00:00+05:30,72.6,73.05,71.6,71.75,192110
ANDHRSUGAR,2019-03-14 00:00:00+05:30,72.0,74.0,72.0,73.15,273680
ANDHRSUGAR,2019-03-15 00:00:00+05:30,73.4,74.6,73.2,73.9,238865
ANDHRSUGAR,2019-03-18 00:00:00+05:30,74.0,74.6,72.4,72.7,160520
ANDHRSUGAR,2019-03-19 00:00:00+05:30,72.7,72.9,71.2,71.35,108020
ANDHRSUGAR,2019-03-20 00:00:00+05:30,71.0,71.7,70.1,70.3,46270
ANDHRSUGAR,2019-03-22 00:00:00+05:30,73.0,73.0,69.5,69.75,204105
ANDHRSUGAR,2019-03-25 00:00:00+05:30,68.2,69.6,68.2,68.65,101320
ANDHRSUGAR,2019-03-26 00:00:00+05:30,68.6,69.1,68.4,68.85,82240
ANDHRSUGAR,2019-03-27 00:00:00+05:30,68.85,69.2,67.8,68.55,144720
ANDHRSUGAR,2019-03-28 00:00:00+05:30,68.55,70.35,68.35,68.85,102900
ANDHRSUGAR,2019-03-29 00:00:00+05:30,69.1,69.45,68.0,68.65,114605
ANDHRSUGAR,2019-04-01 00:00:00+05:30,68.65,70.85,68.65,69.9,245150
ANDHRSUGAR,2019-04-02 00:00:00+05:30,70.4,70.6,69.6,69.95,130295
ANDHRSUGAR,2019-04-03 00:00:00+05:30,69.9,70.6,69.6,69.85,68640
ANDHRSUGAR,2019-04-04 00:00:00+05:30,69.6,71.3,69.0,70.35,195525
ANDHRSUGAR,2019-04-05 00:00:00+05:30,70.15,72.75,70.0,72.15,224710
ANDHRSUGAR,2019-04-08 00:00:00+05:30,72.4,72.95,70.5,70.75,73950
ANDHRSUGAR,2019-04-09 00:00:00+05:30,70.75,71.25,70.4,71.0,34845
ANDHRSUGAR,2019-04-10 00:00:00+05:30,71.2,71.4,70.05,70.25,21770
ANDHRSUGAR,2019-04-11 00:00:00+05:30,70.25,71.25,69.4,70.35,106325
ANDHRSUGAR,2019-04-12 00:00:00+05:30,70.4,71.05,69.4,69.75,39780
ANDHRSUGAR,2019-04-15 00:00:00+05:30,69.75,70.4,69.65,69.8,59770
ANDHRSUGAR,2019-04-16 00:00:00+05:30,70.2,71.8,69.5,71.1,163500
ANDHRSUGAR,2019-04-18 00:00:00+05:30,70.4,71.7,69.85,70.6,104230
ANDHRSUGAR,2019-04-22 00:00:00+05:30,70.2,70.25,69.0,69.5,39815
ANDHRSUGAR,2019-04-23 00:00:00+05:30,69.35,70.0,68.95,69.1,29675
ANDHRSUGAR,2019-04-24 00:00:00+05:30,69.1,71.4,68.55,70.75,108105
ANDHRSUGAR,2019-04-25 00:00:00+05:30,70.35,72.9,70.35,70.85,175465
ANDHRSUGAR,2019-04-26 00:00:00+05:30,71.25,71.55,69.9,70.45,40345
ANDHRSUGAR,2019-04-30 00:00:00+05:30,70.25,70.4,68.4,69.0,56900
ANDHRSUGAR,2019-05-02 00:00:00+05:30,69.0,70.4,69.0,69.35,36740
ANDHRSUGAR,2019-05-03 00:00:00+05:30,69.0,69.6,68.9,69.35,51400
ANDHRSUGAR,2019-05-06 00:00:00+05:30,69.0,69.15,68.65,68.65,32840
ANDHRSUGAR,2019-05-07 00:00:00+05:30,68.4,70.8,68.4,68.65,75895
ANDHRSUGAR,2019-05-08 00:00:00+05:30,69.2,69.2,66.05,66.85,62165
ANDHRSUGAR,2019-05-09 00:00:00+05:30,66.25,69.1,66.25,67.95,140500
ANDHRSUGAR,2019-05-10 00:00:00+05:30,68.35,69.8,67.9,68.75,109600
ANDHRSUGAR,2019-05-13 00:00:00+05:30,68.75,69.25,66.7,67.4,57390
ANDHRSUGAR,2019-05-14 00:00:00+05:30,67.4,67.85,66.6,66.85,48185
ANDHRSUGAR,2019-05-15 00:00:00+05:30,67.2,68.6,66.1,66.55,93425
ANDHRSUGAR,2019-05-16 00:00:00+05:30,66.85,68.8,66.5,68.05,71780
ANDHRSUGAR,2019-05-17 00:00:00+05:30,68.45,68.7,67.5,67.9,47325
ANDHRSUGAR,2019-05-20 00:00:00+05:30,68.6,70.0,68.05,69.35,159820
ANDHRSUGAR,2019-05-21 00:00:00+05:30,69.35,72.8,69.35,72.2,294170
ANDHRSUGAR,2019-05-22 00:00:00+05:30,72.95,74.3,72.45,72.9,325280
ANDHRSUGAR,2019-05-23 00:00:00+05:30,74.35,74.45,71.35,71.7,138575
ANDHRSUGAR,2019-05-24 00:00:00+05:30,71.8,79.55,71.8,77.0,878005
ANDHRSUGAR,2019-05-27 00:00:00+05:30,76.8,83.35,76.8,82.45,811500
ANDHRSUGAR,2019-05-28 00:00:00+05:30,83.0,83.2,79.8,80.15,344210
ANDHRSUGAR,2019-05-29 00:00:00+05:30,80.95,82.4,77.0,78.5,766560
ANDHRSUGAR,2019-05-30 00:00:00+05:30,79.2,80.0,77.4,78.3,334940
ANDHRSUGAR,2019-05-31 00:00:00+05:30,80.4,81.3,76.8,77.3,609935
ANDHRSUGAR,2019-06-03 00:00:00+05:30,77.3,77.8,75.0,75.9,191840
ANDHRSUGAR,2019-06-04 00:00:00+05:30,76.8,78.2,73.0,73.3,427810
ANDHRSUGAR,2019-06-06 00:00:00+05:30,73.8,74.5,69.0,69.2,329900
ANDHRSUGAR,2019-06-07 00:00:00+05:30,69.4,72.8,68.6,68.95,446015
ANDHRSUGAR,2019-06-10 00:00:00+05:30,69.6,70.0,64.45,68.4,217920
ANDHRSUGAR,2019-06-11 00:00:00+05:30,68.4,68.6,67.25,67.55,160740
ANDHRSUGAR,2019-06-12 00:00:00+05:30,67.0,69.9,67.0,68.9,172615
ANDHRSUGAR,2019-06-13 00:00:00+05:30,68.9,68.9,67.0,67.3,104800
ANDHRSUGAR,2019-06-14 00:00:00+05:30,67.75,68.75,66.25,66.35,136155
ANDHRSUGAR,2019-06-17 00:00:00+05:30,67.15,67.15,66.05,66.15,70385
ANDHRSUGAR,2019-06-18 00:00:00+05:30,66.0,66.6,64.05,64.25,141240
ANDHRSUGAR,2019-06-19 00:00:00+05:30,64.55,65.6,62.4,62.9,161795
ANDHRSUGAR,2019-06-20 00:00:00+05:30,63.0,64.2,62.05,63.85,103805
ANDHRSUGAR,2019-06-21 00:00:00+05:30,64.85,66.2,63.95,65.0,88920
ANDHRSUGAR,2019-06-24 00:00:00+05:30,65.6,65.6,63.6,64.85,70085
ANDHRSUGAR,2019-06-25 00:00:00+05:30,64.95,64.95,63.1,63.4,79615
ANDHRSUGAR,2019-06-26 00:00:00+05:30,63.8,64.4,63.35,64.15,38505
ANDHRSUGAR,2019-06-27 00:00:00+05:30,65.0,66.2,64.0,64.3,164810
ANDHRSUGAR,2019-06-28 00:00:00+05:30,64.3,64.85,63.55,63.7,90215
ANDHRSUGAR,2019-07-01 00:00:00+05:30,65.25,65.4,63.75,64.05,92930
ANDHRSUGAR,2019-07-02 00:00:00+05:30,63.5,64.45,63.0,63.1,71070
ANDHRSUGAR,2019-07-03 00:00:00+05:30,62.8,63.9,62.8,63.35,36570
ANDHRSUGAR,2019-07-04 00:00:00+05:30,63.7,65.0,63.35,64.2,95560
ANDHRSUGAR,2019-07-05 00:00:00+05:30,64.35,64.8,62.9,63.25,49770
ANDHRSUGAR,2019-07-08 00:00:00+05:30,62.65,63.4,61.8,61.95,53075
ANDHRSUGAR,2019-07-09 00:00:00+05:30,61.05,62.4,61.05,62.05,49290
ANDHRSUGAR,2019-07-10 00:00:00+05:30,61.05,62.8,61.05,62.05,59665
ANDHRSUGAR,2019-07-11 00:00:00+05:30,61.8,63.4,61.2,61.7,87650
ANDHRSUGAR,2019-07-12 00:00:00+05:30,61.8,63.2,61.8,62.15,227170
ANDHRSUGAR,2019-07-15 00:00:00+05:30,62.15,62.2,59.5,60.0,141530
ANDHRSUGAR,2019-07-16 00:00:00+05:30,59.85,61.4,59.8,59.95,126410
ANDHRSUGAR,2019-07-17 00:00:00+05:30,60.0,60.5,58.2,58.6,119305
ANDHRSUGAR,2019-07-18 00:00:00+05:30,58.45,59.0,58.4,58.65,49660
ANDHRSUGAR,2019-07-19 00:00:00+05:30,59.35,59.6,57.95,58.6,171585
ANDHRSUGAR,2019-07-22 00:00:00+05:30,58.6,58.6,56.95,57.3,78935
ANDHRSUGAR,2019-07-23 00:00:00+05:30,57.4,59.7,56.5,57.95,140815
ANDHRSUGAR,2019-07-24 00:00:00+05:30,58.25,58.6,57.0,57.2,101930
ANDHRSUGAR,2019-07-25 00:00:00+05:30,57.2,57.9,56.4,56.85,68240
ANDHRSUGAR,2019-07-26 00:00:00+05:30,56.8,58.0,56.6,56.7,93850
ANDHRSUGAR,2019-07-29 00:00:00+05:30,56.3,57.6,55.8,57.1,61715
ANDHRSUGAR,2019-07-30 00:00:00+05:30,56.85,57.35,54.4,55.0,116860
ANDHRSUGAR,2019-07-31 00:00:00+05:30,55.0,55.1,52.65,53.8,101900
ANDHRSUGAR,2019-08-01 00:00:00+05:30,54.9,54.9,52.65,53.15,76375
ANDHRSUGAR,2019-08-02 00:00:00+05:30,54.0,55.8,52.65,55.0,74875
ANDHRSUGAR,2019-08-05 00:00:00+05:30,54.25,54.25,52.65,52.9,74255
ANDHRSUGAR,2019-08-06 00:00:00+05:30,52.25,54.4,52.25,54.15,56230
ANDHRSUGAR,2019-08-07 00:00:00+05:30,55.0,55.0,53.0,53.5,25460
ANDHRSUGAR,2019-08-08 00:00:00+05:30,53.5,54.4,52.5,53.95,25210
ANDHRSUGAR,2019-08-09 00:00:00+05:30,55.4,57.2,53.9,56.55,56680
ANDHRSUGAR,2019-08-13 00:00:00+05:30,57.15,58.85,57.15,57.45,71200
ANDHRSUGAR,2019-08-14 00:00:00+05:30,58.55,60.6,57.5,59.3,151790
ANDHRSUGAR,2019-08-16 00:00:00+05:30,59.8,59.8,57.8,58.1,101655
ANDHRSUGAR,2019-08-19 00:00:00+05:30,56.4,58.55,56.4,57.4,117100
ANDHRSUGAR,2019-08-20 00:00:00+05:30,57.45,58.6,56.4,56.7,62315
ANDHRSUGAR,2019-08-21 00:00:00+05:30,57.2,57.35,54.65,55.0,77230
ANDHRSUGAR,2019-08-22 00:00:00+05:30,54.85,55.5,53.7,54.3,48525
ANDHRSUGAR,2019-08-23 00:00:00+05:30,53.6,55.0,53.4,54.7,30655
ANDHRSUGAR,2019-08-26 00:00:00+05:30,54.8,56.0,54.8,55.6,37315
ANDHRSUGAR,2019-08-27 00:00:00+05:30,54.25,58.5,54.25,58.25,106235
ANDHRSUGAR,2019-08-28 00:00:00+05:30,58.05,59.6,57.7,57.9,84165
ANDHRSUGAR,2019-08-29 00:00:00+05:30,59.35,60.9,58.0,58.25,263165
ANDHRSUGAR,2019-08-30 00:00:00+05:30,58.25,59.5,57.2,57.75,125445
ANDHRSUGAR,2019-09-03 00:00:00+05:30,57.75,58.15,56.25,57.1,107115
ANDHRSUGAR,2019-09-04 00:00:00+05:30,57.05,58.2,56.9,57.4,31910
ANDHRSUGAR,2019-09-05 00:00:00+05:30,57.6,58.0,56.6,57.45,43935
ANDHRSUGAR,2019-09-06 00:00:00+05:30,58.0,59.55,57.4,57.75,82445
ANDHRSUGAR,2019-09-09 00:00:00+05:30,58.2,59.3,57.65,58.5,124945
ANDHRSUGAR,2019-09-11 00:00:00+05:30,58.85,63.6,58.35,63.0,602750
ANDHRSUGAR,2019-09-12 00:00:00+05:30,61.65,61.8,60.45,61.4,132270
ANDHRSUGAR,2019-09-13 00:00:00+05:30,61.4,62.0,60.3,61.25,90610
ANDHRSUGAR,2019-09-16 00:00:00+05:30,60.9,62.4,60.0,61.5,130900
ANDHRSUGAR,2019-09-17 00:00:00+05:30,61.6,63.15,59.4,59.55,253825
ANDHRSUGAR,2019-09-18 00:00:00+05:30,60.4,60.75,59.0,59.85,67585
ANDHRSUGAR,2019-09-19 00:00:00+05:30,60.6,60.6,57.05,57.9,101890
ANDHRSUGAR,2019-09-20 00:00:00+05:30,57.35,61.0,57.35,60.8,162385
ANDHRSUGAR,2019-09-23 00:00:00+05:30,61.0,63.0,60.8,61.25,133185
ANDHRSUGAR,2019-09-24 00:00:00+05:30,61.6,62.6,61.4,61.6,130080
ANDHRSUGAR,2019-09-25 00:00:00+05:30,61.45,63.8,61.0,61.2,192820
ANDHRSUGAR,2019-09-26 00:00:00+05:30,61.6,62.8,60.0,60.2,137450
ANDHRSUGAR,2019-09-27 00:00:00+05:30,60.65,61.0,57.6,57.9,190020
ANDHRSUGAR,2019-09-30 00:00:00+05:30,57.9,58.2,55.8,56.6,144555
ANDHRSUGAR,2019-10-01 00:00:00+05:30,57.0,57.25,54.3,54.7,138640
ANDHRSUGAR,2019-10-03 00:00:00+05:30,54.5,55.75,53.3,54.2,73795
ANDHRSUGAR,2019-10-04 00:00:00+05:30,54.55,56.25,54.2,54.5,100525
ANDHRSUGAR,2019-10-07 00:00:00+05:30,54.25,54.8,53.4,53.75,65850
ANDHRSUGAR,2019-10-09 00:00:00+05:30,53.1,54.2,53.1,54.0,85555
ANDHRSUGAR,2019-10-10 00:00:00+05:30,54.5,54.5,51.75,52.65,107200
ANDHRSUGAR,2019-10-11 00:00:00+05:30,53.0,53.6,52.7,53.0,43020
ANDHRSUGAR,2019-10-14 00:00:00+05:30,52.95,53.7,52.7,53.1,54215
ANDHRSUGAR,2019-10-15 00:00:00+05:30,53.15,53.6,52.5,52.8,39580
ANDHRSUGAR,2019-10-16 00:00:00+05:30,53.4,53.4,51.75,52.1,55155
ANDHRSUGAR,2019-10-17 00:00:00+05:30,53.2,53.2,52.0,52.65,56375
ANDHRSUGAR,2019-10-18 00:00:00+05:30,53.15,53.85,52.05,53.15,175455
ANDHRSUGAR,2019-10-22 00:00:00+05:30,53.6,55.1,52.55,53.45,145955
ANDHRSUGAR,2019-10-23 00:00:00+05:30,53.85,55.0,53.4,53.85,126505
ANDHRSUGAR,2019-10-24 00:00:00+05:30,54.05,54.6,53.2,53.45,45315
ANDHRSUGAR,2019-10-25 00:00:00+05:30,54.2,54.35,52.75,52.8,53905
ANDHRSUGAR,2019-10-27 00:00:00+05:30,54.0,54.0,52.0,52.75,35945
ANDHRSUGAR,2019-10-29 00:00:00+05:30,53.55,54.25,52.6,53.45,81375
ANDHRSUGAR,2019-10-30 00:00:00+05:30,53.75,55.8,53.0,54.8,157240
ANDHRSUGAR,2019-10-31 00:00:00+05:30,54.8,55.7,53.45,53.9,244950
ANDHRSUGAR,2019-11-01 00:00:00+05:30,54.95,56.25,54.4,54.85,247495
ANDHRSUGAR,2019-11-04 00:00:00+05:30,55.4,56.9,55.2,55.85,334080
ANDHRSUGAR,2019-11-05 00:00:00+05:30,56.15,56.6,54.8,55.85,155685
ANDHRSUGAR,2019-11-06 00:00:00+05:30,56.65,58.1,55.9,56.8,253940
ANDHRSUGAR,2019-11-07 00:00:00+05:30,56.9,56.9,55.0,55.75,166115
ANDHRSUGAR,2019-11-08 00:00:00+05:30,59.1,59.1,57.25,58.0,852500
ANDHRSUGAR,2019-11-11 00:00:00+05:30,58.15,60.8,58.0,60.1,261980
ANDHRSUGAR,2019-11-13 00:00:00+05:30,60.35,61.95,59.35,60.55,337910
ANDHRSUGAR,2019-11-14 00:00:00+05:30,60.8,61.0,58.65,59.65,186970
ANDHRSUGAR,2019-11-15 00:00:00+05:30,59.6,60.05,57.1,57.7,144480
ANDHRSUGAR,2019-11-18 00:00:00+05:30,58.0,59.6,57.6,59.15,102600
ANDHRSUGAR,2019-11-19 00:00:00+05:30,59.15,60.0,57.9,58.0,84575
ANDHRSUGAR,2019-11-20 00:00:00+05:30,57.55,59.15,57.55,58.15,80105
ANDHRSUGAR,2019-11-21 00:00:00+05:30,58.45,58.8,57.8,57.85,33085
ANDHRSUGAR,2019-11-22 00:00:00+05:30,57.85,58.4,57.8,57.95,40480
ANDHRSUGAR,2019-11-25 00:00:00+05:30,58.9,59.4,57.8,58.6,103000
ANDHRSUGAR,2019-11-26 00:00:00+05:30,58.6,59.3,57.15,58.2,83290
ANDHRSUGAR,2019-11-27 00:00:00+05:30,58.2,59.6,58.2,58.45,97370
ANDHRSUGAR,2019-11-28 00:00:00+05:30,58.25,58.7,58.1,58.4,50145
ANDHRSUGAR,2019-11-29 00:00:00+05:30,58.35,60.2,57.95,58.45,223730
ANDHRSUGAR,2019-12-02 00:00:00+05:30,58.2,59.7,58.0,58.65,284690
ANDHRSUGAR,2019-12-03 00:00:00+05:30,58.25,58.7,57.9,57.95,100000
ANDHRSUGAR,2019-12-04 00:00:00+05:30,58.0,59.45,57.6,58.8,164985
ANDHRSUGAR,2019-12-05 00:00:00+05:30,58.8,59.95,58.05,58.45,191020
ANDHRSUGAR,2019-12-06 00:00:00+05:30,58.55,58.6,57.0,57.45,103775
ANDHRSUGAR,2019-12-09 00:00:00+05:30,57.8,58.0,55.2,55.7,271320
ANDHRSUGAR,2019-12-10 00:00:00+05:30,55.55,55.95,55.1,55.6,96220
ANDHRSUGAR,2019-12-11 00:00:00+05:30,55.4,56.2,55.35,55.55,70570
ANDHRSUGAR,2019-12-12 00:00:00+05:30,56.0,56.15,54.7,55.55,122025
ANDHRSUGAR,2019-12-13 00:00:00+05:30,55.2,56.8,55.05,56.15,73750
ANDHRSUGAR,2019-12-16 00:00:00+05:30,56.0,57.0,56.0,56.4,129995
ANDHRSUGAR,2019-12-17 00:00:00+05:30,56.3,57.6,56.3,56.95,61335
ANDHRSUGAR,2019-12-18 00:00:00+05:30,57.65,57.95,56.4,56.9,87865
ANDHRSUGAR,2019-12-19 00:00:00+05:30,57.05,57.8,56.4,57.3,52845
ANDHRSUGAR,2019-12-20 00:00:00+05:30,57.75,57.75,56.4,56.6,58900
ANDHRSUGAR,2019-12-23 00:00:00+05:30,56.85,57.6,56.6,56.85,63435
ANDHRSUGAR,2019-12-24 00:00:00+05:30,56.5,57.2,56.25,56.7,82785
ANDHRSUGAR,2019-12-26 00:00:00+05:30,56.5,58.45,56.5,56.9,153180
ANDHRSUGAR,2019-12-27 00:00:00+05:30,57.35,58.4,57.2,57.7,186440
ANDHRSUGAR,2019-12-30 00:00:00+05:30,57.7,59.1,57.7,58.0,199175
ANDHRSUGAR,2019-12-31 00:00:00+05:30,58.05,59.35,58.0,58.55,238670
ANDHRSUGAR,2020-01-01 00:00:00+05:30,58.85,64.95,58.8,63.4,1295475
ANDHRSUGAR,2020-01-02 00:00:00+05:30,63.8,65.6,62.25,62.5,592700
ANDHRSUGAR,2020-01-03 00:00:00+05:30,62.25,63.5,61.1,61.75,383600
ANDHRSUGAR,2020-01-06 00:00:00+05:30,61.6,62.6,59.4,59.85,318930
ANDHRSUGAR,2020-01-07 00:00:00+05:30,61.6,62.6,60.7,61.7,292480
ANDHRSUGAR,2020-01-08 00:00:00+05:30,60.8,62.4,60.0,62.05,201505
ANDHRSUGAR,2020-01-09 00:00:00+05:30,62.8,63.2,61.85,62.35,189845
ANDHRSUGAR,2020-01-10 00:00:00+05:30,62.55,63.4,61.8,62.5,198160
ANDHRSUGAR,2020-01-13 00:00:00+05:30,62.75,69.0,62.45,66.9,848910
ANDHRSUGAR,2020-01-14 00:00:00+05:30,69.4,78.4,69.4,71.7,2976365
ANDHRSUGAR,2020-01-15 00:00:00+05:30,72.0,73.0,70.4,71.5,592000
ANDHRSUGAR,2020-01-16 00:00:00+05:30,71.95,75.65,71.95,72.85,914315
ANDHRSUGAR,2020-01-17 00:00:00+05:30,72.8,73.55,70.75,71.2,323130
ANDHRSUGAR,2020-01-20 00:00:00+05:30,71.4,72.0,69.7,70.25,183225
ANDHRSUGAR,2020-01-21 00:00:00+05:30,69.7,70.95,67.4,68.8,337605
ANDHRSUGAR,2020-01-22 00:00:00+05:30,68.8,70.5,68.8,69.3,198950
ANDHRSUGAR,2020-01-23 00:00:00+05:30,68.8,69.55,68.2,68.4,156400
ANDHRSUGAR,2020-01-24 00:00:00+05:30,68.7,69.15,67.95,68.25,146240
ANDHRSUGAR,2020-01-27 00:00:00+05:30,68.6,69.35,67.0,67.3,171590
ANDHRSUGAR,2020-01-28 00:00:00+05:30,69.0,69.0,64.4,64.9,298390
ANDHRSUGAR,2020-01-29 00:00:00+05:30,65.4,68.8,65.4,66.95,237660
ANDHRSUGAR,2020-01-30 00:00:00+05:30,67.0,67.2,64.8,65.05,120460
ANDHRSUGAR,2020-01-31 00:00:00+05:30,65.05,65.7,63.6,63.95,118270
ANDHRSUGAR,2020-02-01 00:00:00+05:30,63.95,65.2,60.6,61.65,144705
ANDHRSUGAR,2020-02-03 00:00:00+05:30,61.65,63.55,60.6,62.05,125440
ANDHRSUGAR,2020-02-04 00:00:00+05:30,62.95,63.3,60.1,60.65,275770
ANDHRSUGAR,2020-02-05 00:00:00+05:30,61.4,61.6,60.1,60.35,174370
ANDHRSUGAR,2020-02-06 00:00:00+05:30,60.4,64.1,60.4,63.45,426170
ANDHRSUGAR,2020-02-07 00:00:00+05:30,63.9,64.75,61.4,62.05,344350
ANDHRSUGAR,2020-02-10 00:00:00+05:30,61.0,61.0,58.8,58.9,375590
ANDHRSUGAR,2020-02-11 00:00:00+05:30,59.5,59.5,57.0,57.35,250070
ANDHRSUGAR,2020-02-12 00:00:00+05:30,56.85,60.0,56.85,59.05,398485
ANDHRSUGAR,2020-02-13 00:00:00+05:30,59.5,59.5,58.5,58.7,134710
ANDHRSUGAR,2020-02-14 00:00:00+05:30,57.65,59.15,56.95,57.35,128605
ANDHRSUGAR,2020-02-17 00:00:00+05:30,58.9,59.5,55.25,55.85,261870
ANDHRSUGAR,2020-02-18 00:00:00+05:30,56.15,56.15,54.7,55.55,110685
ANDHRSUGAR,2020-02-19 00:00:00+05:30,56.7,57.0,54.8,55.2,185810
ANDHRSUGAR,2020-02-20 00:00:00+05:30,55.35,55.95,55.05,55.35,88915
ANDHRSUGAR,2020-02-24 00:00:00+05:30,55.6,55.6,53.4,53.75,120330
ANDHRSUGAR,2020-02-25 00:00:00+05:30,54.4,54.4,52.5,53.1,127430
ANDHRSUGAR,2020-02-26 00:00:00+05:30,53.05,54.8,52.55,53.4,143400
ANDHRSUGAR,2020-02-27 00:00:00+05:30,53.0,53.8,52.65,52.9,106100
ANDHRSUGAR,2020-02-28 00:00:00+05:30,52.1,53.3,51.45,51.85,160840
ANDHRSUGAR,2020-03-02 00:00:00+05:30,52.15,53.6,51.0,51.3,108480
ANDHRSUGAR,2020-03-03 00:00:00+05:30,50.55,51.6,50.25,50.8,99895
ANDHRSUGAR,2020-03-04 00:00:00+05:30,50.85,51.7,47.7,48.6,237645
ANDHRSUGAR,2020-03-05 00:00:00+05:30,49.2,51.0,47.8,50.35,180800
ANDHRSUGAR,2020-03-06 00:00:00+05:30,49.0,50.1,48.3,49.65,125230
ANDHRSUGAR,2020-03-09 00:00:00+05:30,50.15,50.15,46.45,47.55,202380
ANDHRSUGAR,2020-03-11 00:00:00+05:30,47.55,48.75,47.55,48.0,87710
ANDHRSUGAR,2020-03-12 00:00:00+05:30,46.6,46.6,39.2,39.85,612905
ANDHRSUGAR,2020-03-13 00:00:00+05:30,37.8,40.4,36.0,38.85,346315
ANDHRSUGAR,2020-03-16 00:00:00+05:30,39.6,42.6,38.8,40.85,653870
ANDHRSUGAR,2020-03-17 00:00:00+05:30,40.3,41.8,40.3,41.0,376080
ANDHRSUGAR,2020-03-18 00:00:00+05:30,41.95,45.6,39.9,40.5,416705
ANDHRSUGAR,2020-03-19 00:00:00+05:30,38.15,38.2,32.4,35.6,441030
ANDHRSUGAR,2020-03-20 00:00:00+05:30,35.1,36.2,33.9,35.1,268365
ANDHRSUGAR,2020-03-23 00:00:00+05:30,33.6,33.6,28.55,28.8,480510
ANDHRSUGAR,2020-03-24 00:00:00+05:30,29.2,29.2,23.4,25.2,3501885
ANDHRSUGAR,2020-03-25 00:00:00+05:30,24.0,27.7,24.0,27.4,347550
ANDHRSUGAR,2020-03-26 00:00:00+05:30,28.0,30.15,27.7,29.85,429260
ANDHRSUGAR,2020-03-27 00:00:00+05:30,30.4,32.85,30.4,32.55,310135
ANDHRSUGAR,2020-03-30 00:00:00+05:30,32.6,34.2,31.8,33.75,261380
ANDHRSUGAR,2020-03-31 00:00:00+05:30,34.8,35.4,34.6,35.4,87525
ANDHRSUGAR,2020-04-01 00:00:00+05:30,37.2,37.2,35.6,37.2,126195
ANDHRSUGAR,2020-04-03 00:00:00+05:30,39.05,39.05,36.0,38.9,296440
ANDHRSUGAR,2020-04-07 00:00:00+05:30,40.25,40.85,39.05,40.7,271430
ANDHRSUGAR,2020-04-08 00:00:00+05:30,41.4,42.4,39.0,41.2,177470
ANDHRSUGAR,2020-04-09 00:00:00+05:30,41.4,42.3,39.15,40.25,210665
ANDHRSUGAR,2020-04-13 00:00:00+05:30,41.4,41.4,38.25,38.4,160720
ANDHRSUGAR,2020-04-15 00:00:00+05:30,39.1,39.8,37.05,39.0,130035
ANDHRSUGAR,2020-04-16 00:00:00+05:30,39.0,40.8,38.15,40.4,122910
ANDHRSUGAR,2020-04-17 00:00:00+05:30,41.8,42.2,40.3,41.45,175765
ANDHRSUGAR,2020-04-20 00:00:00+05:30,41.4,42.9,40.8,42.6,241100
ANDHRSUGAR,2020-04-21 00:00:00+05:30,43.8,44.55,41.2,42.85,341395
ANDHRSUGAR,2020-04-22 00:00:00+05:30,42.1,43.15,41.4,41.85,110470
ANDHRSUGAR,2020-04-23 00:00:00+05:30,41.85,43.2,41.65,42.6,106125
ANDHRSUGAR,2020-04-24 00:00:00+05:30,41.0,43.4,41.0,42.6,193545
ANDHRSUGAR,2020-04-27 00:00:00+05:30,43.35,44.7,42.55,44.7,234900
ANDHRSUGAR,2020-04-28 00:00:00+05:30,46.2,46.95,45.05,46.95,155305
ANDHRSUGAR,2020-04-29 00:00:00+05:30,45.2,49.3,45.2,49.2,253790
ANDHRSUGAR,2020-04-30 00:00:00+05:30,48.95,51.6,48.95,50.85,263605
ANDHRSUGAR,2020-05-04 00:00:00+05:30,49.2,49.2,48.35,48.35,59870
ANDHRSUGAR,2020-05-05 00:00:00+05:30,47.6,49.8,45.9,47.3,223630
ANDHRSUGAR,2020-05-06 00:00:00+05:30,47.35,49.2,45.95,48.45,150055
ANDHRSUGAR,2020-05-07 00:00:00+05:30,48.95,48.95,46.8,47.55,70490
ANDHRSUGAR,2020-05-08 00:00:00+05:30,48.0,48.0,46.2,46.65,58975
ANDHRSUGAR,2020-05-11 00:00:00+05:30,46.3,47.5,44.3,44.55,74125
ANDHRSUGAR,2020-05-12 00:00:00+05:30,44.0,44.2,42.3,43.65,107445
ANDHRSUGAR,2020-05-13 00:00:00+05:30,45.35,45.35,41.5,42.3,306545
ANDHRSUGAR,2020-05-14 00:00:00+05:30,42.2,43.0,41.45,42.65,141925
ANDHRSUGAR,2020-05-15 00:00:00+05:30,42.7,43.0,41.6,42.05,152970
ANDHRSUGAR,2020-05-18 00:00:00+05:30,43.0,43.0,39.95,40.05,176175
ANDHRSUGAR,2020-05-19 00:00:00+05:30,41.35,41.35,39.0,39.4,137485
ANDHRSUGAR,2020-05-20 00:00:00+05:30,40.55,41.35,39.4,40.65,95460
ANDHRSUGAR,2020-05-21 00:00:00+05:30,40.8,42.4,40.8,41.05,175920
ANDHRSUGAR,2020-05-22 00:00:00+05:30,41.55,42.0,40.45,40.8,126675
ANDHRSUGAR,2020-05-26 00:00:00+05:30,41.2,41.6,40.8,41.1,100000
ANDHRSUGAR,2020-05-27 00:00:00+05:30,42.0,43.15,41.25,43.15,196120
ANDHRSUGAR,2020-05-28 00:00:00+05:30,43.6,44.8,42.8,44.2,133090
ANDHRSUGAR,2020-05-29 00:00:00+05:30,43.6,44.95,43.0,43.35,88700
ANDHRSUGAR,2020-06-01 00:00:00+05:30,43.25,45.2,43.15,44.1,243745
ANDHRSUGAR,2020-06-02 00:00:00+05:30,45.15,45.7,44.2,44.85,137270
ANDHRSUGAR,2020-06-03 00:00:00+05:30,44.85,46.2,44.8,45.2,129445
ANDHRSUGAR,2020-06-04 00:00:00+05:30,45.6,46.15,44.0,45.6,183680
ANDHRSUGAR,2020-06-05 00:00:00+05:30,47.25,53.2,47.25,50.55,1045480
ANDHRSUGAR,2020-06-08 00:00:00+05:30,52.8,53.9,50.55,51.35,421100
ANDHRSUGAR,2020-06-09 00:00:00+05:30,51.65,52.95,50.2,50.4,370550
ANDHRSUGAR,2020-06-10 00:00:00+05:30,50.8,52.4,49.4,51.8,560470
ANDHRSUGAR,2020-06-11 00:00:00+05:30,53.3,54.4,50.0,51.0,367925
ANDHRSUGAR,2020-06-12 00:00:00+05:30,48.6,51.6,47.6,51.15,233440
ANDHRSUGAR,2020-06-15 00:00:00+05:30,50.6,51.15,49.05,49.55,136980
ANDHRSUGAR,2020-06-16 00:00:00+05:30,50.35,51.0,47.7,48.9,199005
ANDHRSUGAR,2020-06-17 00:00:00+05:30,48.6,50.4,48.15,48.85,104370
ANDHRSUGAR,2020-06-18 00:00:00+05:30,48.95,54.0,48.9,53.0,964200
ANDHRSUGAR,2020-06-19 00:00:00+05:30,53.65,55.8,53.0,53.8,782485
ANDHRSUGAR,2020-06-22 00:00:00+05:30,54.25,54.8,52.75,53.45,210460
ANDHRSUGAR,2020-06-23 00:00:00+05:30,53.4,54.25,52.0,53.8,211060
ANDHRSUGAR,2020-06-24 00:00:00+05:30,54.35,55.6,52.0,52.4,322095
ANDHRSUGAR,2020-06-25 00:00:00+05:30,52.4,54.3,51.7,53.5,251690
ANDHRSUGAR,2020-06-26 00:00:00+05:30,53.5,54.95,52.3,52.6,335050
ANDHRSUGAR,2020-06-29 00:00:00+05:30,54.4,54.65,51.0,52.05,416630
ANDHRSUGAR,2020-06-30 00:00:00+05:30,52.6,53.65,51.7,51.9,285880
ANDHRSUGAR,2020-07-01 00:00:00+05:30,52.8,52.95,52.0,52.7,209020
ANDHRSUGAR,2020-07-02 00:00:00+05:30,52.95,52.95,50.65,51.15,359925
ANDHRSUGAR,2020-07-03 00:00:00+05:30,51.6,51.75,50.15,50.3,217160
ANDHRSUGAR,2020-07-06 00:00:00+05:30,51.2,52.6,50.05,51.45,833705
ANDHRSUGAR,2020-07-07 00:00:00+05:30,51.95,52.55,51.0,51.4,203375
ANDHRSUGAR,2020-07-08 00:00:00+05:30,51.95,53.0,50.95,51.2,245880
ANDHRSUGAR,2020-07-09 00:00:00+05:30,51.2,52.7,51.2,52.2,346605
ANDHRSUGAR,2020-07-10 00:00:00+05:30,52.0,52.85,51.15,51.25,216330
ANDHRSUGAR,2020-07-13 00:00:00+05:30,51.6,55.0,51.4,53.6,1337680
ANDHRSUGAR,2020-07-14 00:00:00+05:30,54.85,60.0,54.8,58.35,7227050
ANDHRSUGAR,2020-07-15 00:00:00+05:30,57.35,58.9,55.55,55.8,909815
ANDHRSUGAR,2020-07-16 00:00:00+05:30,56.3,62.75,56.25,61.8,2658660
ANDHRSUGAR,2020-07-17 00:00:00+05:30,60.8,63.5,60.25,61.3,1048165
ANDHRSUGAR,2020-07-20 00:00:00+05:30,61.2,62.4,59.75,60.3,494130
ANDHRSUGAR,2020-07-21 00:00:00+05:30,59.6,60.85,58.8,59.1,296930
ANDHRSUGAR,2020-07-22 00:00:00+05:30,59.6,63.0,59.1,61.65,1251010
ANDHRSUGAR,2020-07-23 00:00:00+05:30,61.2,63.0,60.2,60.9,375475
ANDHRSUGAR,2020-07-24 00:00:00+05:30,60.95,60.95,59.3,59.6,196205
ANDHRSUGAR,2020-07-27 00:00:00+05:30,59.8,60.25,58.0,58.1,214125
ANDHRSUGAR,2020-07-28 00:00:00+05:30,58.2,62.0,58.2,61.25,786405
ANDHRSUGAR,2020-07-29 00:00:00+05:30,61.6,72.9,61.1,68.3,4609725
ANDHRSUGAR,2020-07-30 00:00:00+05:30,67.5,71.6,66.6,68.2,1929400
ANDHRSUGAR,2020-07-31 00:00:00+05:30,68.6,68.6,65.6,65.95,398215
ANDHRSUGAR,2020-08-03 00:00:00+05:30,65.6,69.2,64.9,67.7,420485
ANDHRSUGAR,2020-08-04 00:00:00+05:30,68.0,68.85,66.5,66.65,270850
ANDHRSUGAR,2020-08-05 00:00:00+05:30,67.05,68.0,65.9,66.15,266370
ANDHRSUGAR,2020-08-06 00:00:00+05:30,66.15,67.8,64.05,66.2,487500
ANDHRSUGAR,2020-08-07 00:00:00+05:30,67.0,67.6,66.2,66.95,283695
ANDHRSUGAR,2020-08-10 00:00:00+05:30,67.35,70.3,67.2,69.25,697465
ANDHRSUGAR,2020-08-11 00:00:00+05:30,71.0,72.0,67.4,68.25,799930
ANDHRSUGAR,2020-08-12 00:00:00+05:30,68.0,69.6,67.05,68.3,608640
ANDHRSUGAR,2020-08-13 00:00:00+05:30,69.0,69.5,63.1,63.5,1237690
ANDHRSUGAR,2020-08-14 00:00:00+05:30,63.95,65.65,61.4,61.85,769480
ANDHRSUGAR,2020-08-17 00:00:00+05:30,62.55,62.95,61.35,62.65,278345
ANDHRSUGAR,2020-08-18 00:00:00+05:30,62.95,67.0,62.8,65.7,1955170
ANDHRSUGAR,2020-08-19 00:00:00+05:30,66.25,66.95,65.0,65.6,559855
ANDHRSUGAR,2020-08-20 00:00:00+05:30,65.2,66.4,65.2,65.7,269685
ANDHRSUGAR,2020-08-21 00:00:00+05:30,66.05,67.4,65.7,66.2,583430
ANDHRSUGAR,2020-08-24 00:00:00+05:30,66.9,67.0,65.0,65.4,407745
ANDHRSUGAR,2020-08-25 00:00:00+05:30,65.0,66.0,64.1,64.6,208845
ANDHRSUGAR,2020-08-26 00:00:00+05:30,64.85,65.35,64.05,64.65,161430
ANDHRSUGAR,2020-08-27 00:00:00+05:30,64.65,65.0,62.0,62.95,474215
ANDHRSUGAR,2020-08-28 00:00:00+05:30,63.5,64.5,63.2,64.25,353335
ANDHRSUGAR,2020-08-31 00:00:00+05:30,64.55,64.75,59.7,60.3,406635
ANDHRSUGAR,2020-09-01 00:00:00+05:30,60.8,62.0,59.55,61.0,285715
ANDHRSUGAR,2020-09-02 00:00:00+05:30,61.35,61.95,60.5,61.0,164570
ANDHRSUGAR,2020-09-03 00:00:00+05:30,62.6,63.95,62.1,62.5,239290
ANDHRSUGAR,2020-09-04 00:00:00+05:30,61.6,62.0,60.5,61.4,107270
ANDHRSUGAR,2020-09-07 00:00:00+05:30,61.0,61.5,60.0,60.1,148420
ANDHRSUGAR,2020-09-08 00:00:00+05:30,60.55,60.8,59.2,59.65,100285
ANDHRSUGAR,2020-09-09 00:00:00+05:30,59.0,62.0,57.6,60.7,214960
ANDHRSUGAR,2020-09-10 00:00:00+05:30,61.65,62.5,61.05,61.4,144145
ANDHRSUGAR,2020-09-11 00:00:00+05:30,61.1,61.8,59.75,60.2,108545
ANDHRSUGAR,2020-09-14 00:00:00+05:30,61.75,63.4,61.0,62.55,219950
ANDHRSUGAR,2020-09-15 00:00:00+05:30,66.0,66.0,63.6,64.05,560470
ANDHRSUGAR,2020-09-16 00:00:00+05:30,64.75,64.75,62.95,63.25,111665
ANDHRSUGAR,2020-09-17 00:00:00+05:30,62.6,63.85,61.0,61.65,258720
ANDHRSUGAR,2020-09-18 00:00:00+05:30,62.7,63.0,61.2,61.4,200930
ANDHRSUGAR,2020-09-21 00:00:00+05:30,61.8,61.8,59.35,60.0,103530
ANDHRSUGAR,2020-09-22 00:00:00+05:30,59.2,60.25,56.65,58.6,196505
ANDHRSUGAR,2020-09-23 00:00:00+05:30,59.0,61.85,58.9,61.0,350605
ANDHRSUGAR,2020-09-24 00:00:00+05:30,59.6,60.05,58.4,58.7,174700
ANDHRSUGAR,2020-09-25 00:00:00+05:30,59.8,60.8,58.95,60.4,156995
ANDHRSUGAR,2020-09-28 00:00:00+05:30,60.95,62.9,60.3,61.55,159465
ANDHRSUGAR,2020-09-29 00:00:00+05:30,62.6,62.6,60.2,60.8,100555
ANDHRSUGAR,2020-09-30 00:00:00+05:30,60.7,61.35,58.95,59.85,136095
ANDHRSUGAR,2020-10-01 00:00:00+05:30,60.4,61.0,59.2,59.7,195560
ANDHRSUGAR,2020-10-05 00:00:00+05:30,60.2,60.95,57.75,58.55,186235
ANDHRSUGAR,2020-10-06 00:00:00+05:30,59.2,59.95,58.9,59.25,107130
ANDHRSUGAR,2020-10-07 00:00:00+05:30,59.5,59.5,58.4,58.65,74300
ANDHRSUGAR,2020-10-08 00:00:00+05:30,58.4,59.6,58.15,58.5,106095
ANDHRSUGAR,2020-10-09 00:00:00+05:30,59.0,59.0,58.0,58.35,75615
ANDHRSUGAR,2020-10-12 00:00:00+05:30,59.0,59.0,57.15,57.8,55135
ANDHRSUGAR,2020-10-13 00:00:00+05:30,57.8,59.85,54.95,58.35,235150
ANDHRSUGAR,2020-10-14 00:00:00+05:30,58.5,60.4,57.25,57.8,91320
ANDHRSUGAR,2020-10-15 00:00:00+05:30,58.0,58.6,56.2,56.85,73390
ANDHRSUGAR,2020-10-16 00:00:00+05:30,57.0,57.9,56.55,56.95,90905
ANDHRSUGAR,2020-10-19 00:00:00+05:30,57.5,57.9,56.6,56.75,87705
ANDHRSUGAR,2020-10-20 00:00:00+05:30,56.65,58.6,56.0,57.35,133925
ANDHRSUGAR,2020-10-21 00:00:00+05:30,58.4,58.4,56.6,57.3,77685
ANDHRSUGAR,2020-10-22 00:00:00+05:30,57.35,57.7,56.3,57.0,77390
ANDHRSUGAR,2020-10-23 00:00:00+05:30,57.3,57.9,56.6,57.05,103730
ANDHRSUGAR,2020-10-26 00:00:00+05:30,57.2,57.75,56.6,57.05,73880
ANDHRSUGAR,2020-10-27 00:00:00+05:30,57.05,57.2,56.0,56.15,142080
ANDHRSUGAR,2020-10-28 00:00:00+05:30,56.55,57.25,56.15,56.35,96245
ANDHRSUGAR,2020-10-29 00:00:00+05:30,55.8,56.5,54.6,55.05,146660
ANDHRSUGAR,2020-10-30 00:00:00+05:30,55.1,57.0,55.0,56.2,95970
ANDHRSUGAR,2020-11-02 00:00:00+05:30,56.0,56.0,54.8,54.95,72000
ANDHRSUGAR,2020-11-03 00:00:00+05:30,55.65,56.05,54.2,54.35,114325
ANDHRSUGAR,2020-11-04 00:00:00+05:30,54.6,54.95,54.2,54.6,50855
ANDHRSUGAR,2020-11-05 00:00:00+05:30,54.85,55.4,54.4,54.8,93860
ANDHRSUGAR,2020-11-06 00:00:00+05:30,55.1,58.4,54.85,57.55,244860
ANDHRSUGAR,2020-11-09 00:00:00+05:30,58.5,61.0,58.1,60.35,889430
ANDHRSUGAR,2020-11-10 00:00:00+05:30,60.4,60.8,58.75,59.1,230970
ANDHRSUGAR,2020-11-11 00:00:00+05:30,59.0,59.1,55.55,57.15,271140
ANDHRSUGAR,2020-11-12 00:00:00+05:30,57.0,57.6,55.65,56.05,240335
ANDHRSUGAR,2020-11-13 00:00:00+05:30,56.6,57.2,55.75,56.4,162345
ANDHRSUGAR,2020-11-14 00:00:00+05:30,57.0,57.8,56.75,57.05,77990
ANDHRSUGAR,2020-11-17 00:00:00+05:30,57.85,57.85,56.75,57.2,116655
ANDHRSUGAR,2020-11-18 00:00:00+05:30,56.7,57.4,56.7,56.9,125770
ANDHRSUGAR,2020-11-19 00:00:00+05:30,57.15,57.2,56.2,56.4,185585
ANDHRSUGAR,2020-11-20 00:00:00+05:30,56.6,57.5,56.2,57.1,130545
ANDHRSUGAR,2020-11-23 00:00:00+05:30,57.75,58.55,56.8,57.35,225630
ANDHRSUGAR,2020-11-24 00:00:00+05:30,57.6,58.95,57.6,58.55,243600
ANDHRSUGAR,2020-11-25 00:00:00+05:30,58.6,59.2,57.4,57.55,123170
ANDHRSUGAR,2020-11-26 00:00:00+05:30,58.5,61.15,58.0,59.8,900640
ANDHRSUGAR,2020-11-27 00:00:00+05:30,60.15,60.5,58.45,58.85,207990
ANDHRSUGAR,2020-12-01 00:00:00+05:30,59.0,59.8,58.3,59.25,164105
ANDHRSUGAR,2020-12-02 00:00:00+05:30,59.8,60.9,57.8,59.0,193570
ANDHRSUGAR,2020-12-03 00:00:00+05:30,60.0,60.75,58.85,60.1,274445
ANDHRSUGAR,2020-12-04 00:00:00+05:30,60.9,60.95,59.6,59.95,250425
ANDHRSUGAR,2020-12-07 00:00:00+05:30,59.85,61.6,59.85,61.15,247170
ANDHRSUGAR,2020-12-08 00:00:00+05:30,61.7,61.7,59.4,59.8,217510
ANDHRSUGAR,2020-12-09 00:00:00+05:30,60.0,63.2,60.0,62.05,587315
ANDHRSUGAR,2020-12-10 00:00:00+05:30,62.2,63.6,61.0,62.15,476205
ANDHRSUGAR,2020-12-11 00:00:00+05:30,61.6,64.75,61.6,62.4,1038970
ANDHRSUGAR,2020-12-14 00:00:00+05:30,62.9,64.2,62.45,63.85,397625
ANDHRSUGAR,2020-12-15 00:00:00+05:30,63.85,68.6,62.5,67.8,1341775
ANDHRSUGAR,2020-12-16 00:00:00+05:30,68.4,69.45,66.0,66.55,1011045
ANDHRSUGAR,2020-12-17 00:00:00+05:30,68.15,68.15,65.5,65.85,484540
ANDHRSUGAR,2020-12-18 00:00:00+05:30,66.8,67.95,65.15,67.0,652970
ANDHRSUGAR,2020-12-21 00:00:00+05:30,67.2,67.2,60.65,61.3,448860
ANDHRSUGAR,2020-12-22 00:00:00+05:30,61.3,64.0,57.65,59.85,673220
ANDHRSUGAR,2020-12-23 00:00:00+05:30,61.3,63.6,60.0,62.55,478740
ANDHRSUGAR,2020-12-24 00:00:00+05:30,63.4,64.35,62.4,63.6,327865
ANDHRSUGAR,2020-12-28 00:00:00+05:30,64.85,64.85,62.7,63.05,155035
ANDHRSUGAR,2020-12-29 00:00:00+05:30,63.1,63.75,62.25,62.9,180805
ANDHRSUGAR,2020-12-30 00:00:00+05:30,62.9,64.4,62.4,63.7,273850
ANDHRSUGAR,2020-12-31 00:00:00+05:30,63.8,64.2,63.0,63.4,154540
ANDHRSUGAR,2021-01-01 00:00:00+05:30,64.0,64.95,63.85,64.15,272510
ANDHRSUGAR,2021-01-04 00:00:00+05:30,65.0,65.7,63.2,64.2,529055
ANDHRSUGAR,2021-01-05 00:00:00+05:30,64.2,65.3,63.45,64.25,295990
ANDHRSUGAR,2021-01-06 00:00:00+05:30,64.8,66.9,64.05,66.3,1224065
ANDHRSUGAR,2021-01-07 00:00:00+05:30,66.6,67.0,66.05,66.35,417110
ANDHRSUGAR,2021-01-08 00:00:00+05:30,66.95,67.2,65.3,65.5,403270
ANDHRSUGAR,2021-01-11 00:00:00+05:30,65.5,66.35,64.2,64.8,211965
ANDHRSUGAR,2021-01-12 00:00:00+05:30,65.2,71.6,64.55,68.7,4424775
ANDHRSUGAR,2021-01-13 00:00:00+05:30,68.7,70.4,67.8,69.25,778960
ANDHRSUGAR,2021-01-14 00:00:00+05:30,69.4,69.7,67.8,68.2,354280
ANDHRSUGAR,2021-01-15 00:00:00+05:30,68.75,68.75,65.9,66.25,344940
ANDHRSUGAR,2021-01-18 00:00:00+05:30,65.25,66.25,63.6,64.35,241205
ANDHRSUGAR,2021-01-19 00:00:00+05:30,64.95,65.6,64.6,65.2,132465
ANDHRSUGAR,2021-01-20 00:00:00+05:30,65.2,65.8,64.8,65.3,134930
ANDHRSUGAR,2021-01-21 00:00:00+05:30,65.7,66.2,64.4,64.6,147970
ANDHRSUGAR,2021-01-22 00:00:00+05:30,64.6,66.35,63.25,64.7,251110
ANDHRSUGAR,2021-01-25 00:00:00+05:30,64.0,65.7,63.6,63.95,167675
ANDHRSUGAR,2021-01-27 00:00:00+05:30,63.95,64.35,62.85,63.5,91435
ANDHRSUGAR,2021-01-28 00:00:00+05:30,63.4,64.15,62.25,63.2,67030
ANDHRSUGAR,2021-01-29 00:00:00+05:30,64.2,64.6,61.55,61.9,160980
ANDHRSUGAR,2021-02-01 00:00:00+05:30,62.2,63.7,61.2,63.3,131875
ANDHRSUGAR,2021-02-02 00:00:00+05:30,64.0,64.6,62.45,63.55,174540
ANDHRSUGAR,2021-02-03 00:00:00+05:30,64.4,64.4,62.8,63.55,101070
ANDHRSUGAR,2021-02-04 00:00:00+05:30,62.9,64.55,62.9,63.75,209685
ANDHRSUGAR,2021-02-05 00:00:00+05:30,64.0,65.0,61.2,61.75,496760
ANDHRSUGAR,2021-02-08 00:00:00+05:30,61.1,62.65,61.1,61.65,241240
ANDHRSUGAR,2021-02-09 00:00:00+05:30,62.0,63.1,62.0,62.25,171535
ANDHRSUGAR,2021-02-10 00:00:00+05:30,62.4,63.0,61.65,62.6,110130
ANDHRSUGAR,2021-02-11 00:00:00+05:30,62.3,63.0,62.2,62.8,127335
ANDHRSUGAR,2021-02-12 00:00:00+05:30,62.8,63.25,60.85,61.8,288765
ANDHRSUGAR,2021-02-15 00:00:00+05:30,59.4,60.0,58.0,58.35,663370
ANDHRSUGAR,2021-02-16 00:00:00+05:30,59.4,59.4,58.0,58.25,318750
ANDHRSUGAR,2021-02-17 00:00:00+05:30,58.55,59.25,57.8,58.1,265010
ANDHRSUGAR,2021-02-18 00:00:00+05:30,58.0,61.4,58.0,60.1,461850
ANDHRSUGAR,2021-02-19 00:00:00+05:30,60.4,60.4,57.9,58.15,289265
ANDHRSUGAR,2021-02-22 00:00:00+05:30,58.15,58.8,57.1,57.3,186295
ANDHRSUGAR,2021-02-23 00:00:00+05:30,57.8,60.6,57.65,59.95,479785
ANDHRSUGAR,2021-02-24 00:00:00+05:30,61.55,61.55,60.1,60.85,189660
ANDHRSUGAR,2021-02-25 00:00:00+05:30,61.25,61.8,61.0,61.5,190940
ANDHRSUGAR,2021-02-26 00:00:00+05:30,61.2,61.6,59.7,60.4,219730
ANDHRSUGAR,2021-03-01 00:00:00+05:30,61.4,61.9,59.9,60.7,338760
ANDHRSUGAR,2021-03-02 00:00:00+05:30,61.1,63.4,60.55,62.05,595260
ANDHRSUGAR,2021-03-03 00:00:00+05:30,62.4,65.6,62.0,65.0,1466515
ANDHRSUGAR,2021-03-04 00:00:00+05:30,63.0,66.9,63.0,66.4,1357140
ANDHRSUGAR,2021-03-05 00:00:00+05:30,68.0,69.0,63.6,64.15,1682065
ANDHRSUGAR,2021-03-08 00:00:00+05:30,65.05,65.4,63.4,64.1,407170
ANDHRSUGAR,2021-03-09 00:00:00+05:30,64.4,65.0,63.5,64.35,235460
ANDHRSUGAR,2021-03-10 00:00:00+05:30,65.0,65.0,63.4,63.65,212185
ANDHRSUGAR,2021-03-12 00:00:00+05:30,64.0,64.6,62.4,62.7,244755
ANDHRSUGAR,2021-03-15 00:00:00+05:30,63.05,63.9,61.8,62.35,217490
ANDHRSUGAR,2021-03-16 00:00:00+05:30,63.0,63.4,62.2,62.4,158160
ANDHRSUGAR,2021-03-17 00:00:00+05:30,63.0,63.0,60.4,60.7,155600
ANDHRSUGAR,2021-03-18 00:00:00+05:30,61.0,62.0,59.1,59.7,238940
ANDHRSUGAR,2021-03-19 00:00:00+05:30,59.7,59.95,58.1,59.7,161205
ANDHRSUGAR,2021-03-22 00:00:00+05:30,60.6,61.2,58.65,61.0,301490
ANDHRSUGAR,2021-03-23 00:00:00+05:30,61.3,62.2,60.1,60.25,182330
ANDHRSUGAR,2021-03-24 00:00:00+05:30,60.0,62.2,59.65,60.0,225575
ANDHRSUGAR,2021-03-25 00:00:00+05:30,60.2,61.6,58.65,59.0,275655
ANDHRSUGAR,2021-03-26 00:00:00+05:30,59.25,60.25,58.65,58.9,234300
ANDHRSUGAR,2021-03-30 00:00:00+05:30,59.0,59.95,58.4,58.75,153620
ANDHRSUGAR,2021-03-31 00:00:00+05:30,59.3,59.3,57.85,58.15,211570
ANDHRSUGAR,2021-04-01 00:00:00+05:30,58.95,61.0,58.5,60.8,172830
ANDHRSUGAR,2021-04-05 00:00:00+05:30,61.05,61.05,59.2,59.7,150440
ANDHRSUGAR,2021-04-06 00:00:00+05:30,59.4,60.6,59.35,60.3,85105
ANDHRSUGAR,2021-04-07 00:00:00+05:30,60.2,60.8,60.1,60.25,101360
ANDHRSUGAR,2021-04-08 00:00:00+05:30,60.5,62.7,60.4,61.95,371690
ANDHRSUGAR,2021-04-09 00:00:00+05:30,62.75,63.85,62.0,63.6,404155
ANDHRSUGAR,2021-04-12 00:00:00+05:30,62.95,62.95,59.0,59.45,281470
ANDHRSUGAR,2021-04-13 00:00:00+05:30,59.9,63.8,58.45,62.85,425520
ANDHRSUGAR,2021-04-15 00:00:00+05:30,62.1,65.8,61.6,65.15,1624325
ANDHRSUGAR,2021-04-16 00:00:00+05:30,66.0,71.55,64.15,68.55,4864410
ANDHRSUGAR,2021-04-19 00:00:00+05:30,67.9,67.9,64.0,65.0,1176810
ANDHRSUGAR,2021-04-20 00:00:00+05:30,65.4,66.95,64.2,64.6,597840
ANDHRSUGAR,2021-04-22 00:00:00+05:30,65.8,68.6,65.0,67.6,1165225
ANDHRSUGAR,2021-04-23 00:00:00+05:30,67.55,69.8,65.85,66.25,1192905
ANDHRSUGAR,2021-04-26 00:00:00+05:30,68.0,69.4,67.05,68.2,769465
ANDHRSUGAR,2021-04-27 00:00:00+05:30,68.2,69.2,68.0,68.1,307430
ANDHRSUGAR,2021-04-28 00:00:00+05:30,68.8,74.85,68.3,72.35,4441810
ANDHRSUGAR,2021-04-29 00:00:00+05:30,72.75,75.4,70.35,74.9,2257575
ANDHRSUGAR,2021-04-30 00:00:00+05:30,74.6,80.8,73.9,77.2,4604325
ANDHRSUGAR,2021-05-03 00:00:00+05:30,78.4,91.6,78.05,89.1,8874845
ANDHRSUGAR,2021-05-04 00:00:00+05:30,90.4,93.3,82.05,82.7,4626335
ANDHRSUGAR,2021-05-05 00:00:00+05:30,83.2,87.8,83.2,85.05,1537285
ANDHRSUGAR,2021-05-06 00:00:00+05:30,85.3,85.6,81.1,84.9,777145
ANDHRSUGAR,2021-05-07 00:00:00+05:30,87.0,90.0,84.6,85.4,1429230
ANDHRSUGAR,2021-05-10 00:00:00+05:30,86.1,92.6,85.25,89.9,2938325
ANDHRSUGAR,2021-05-11 00:00:00+05:30,88.7,91.6,88.0,88.35,1183130
ANDHRSUGAR,2021-05-12 00:00:00+05:30,91.6,91.6,85.0,86.05,771980
ANDHRSUGAR,2021-05-14 00:00:00+05:30,85.2,86.6,83.2,83.75,707995
ANDHRSUGAR,2021-05-17 00:00:00+05:30,83.0,87.8,82.4,85.85,1646185
ANDHRSUGAR,2021-05-18 00:00:00+05:30,86.65,86.8,82.4,84.25,753205
ANDHRSUGAR,2021-05-19 00:00:00+05:30,84.6,87.8,83.9,86.0,1578865
ANDHRSUGAR,2021-05-20 00:00:00+05:30,86.2,86.9,84.4,85.75,388685
ANDHRSUGAR,2021-05-21 00:00:00+05:30,84.8,85.15,83.3,83.55,625675
ANDHRSUGAR,2021-05-24 00:00:00+05:30,84.0,84.2,81.6,82.05,646745
ANDHRSUGAR,2021-05-25 00:00:00+05:30,82.75,84.45,81.65,82.65,446260
ANDHRSUGAR,2021-05-26 00:00:00+05:30,82.95,84.2,82.0,82.45,315225
ANDHRSUGAR,2021-05-27 00:00:00+05:30,82.05,83.05,81.2,81.45,268985
ANDHRSUGAR,2021-05-28 00:00:00+05:30,82.0,83.0,81.25,82.55,382935
ANDHRSUGAR,2021-05-31 00:00:00+05:30,83.55,84.2,81.95,82.55,579250
ANDHRSUGAR,2021-06-01 00:00:00+05:30,83.35,83.45,81.45,81.9,325775
ANDHRSUGAR,2021-06-02 00:00:00+05:30,82.0,84.2,81.85,83.65,335390
ANDHRSUGAR,2021-06-03 00:00:00+05:30,85.0,89.75,84.1,84.7,682360
ANDHRSUGAR,2021-06-04 00:00:00+05:30,84.0,85.35,83.0,84.45,396705
ANDHRSUGAR,2021-06-07 00:00:00+05:30,85.35,91.0,85.35,89.3,2792570
ANDHRSUGAR,2021-06-08 00:00:00+05:30,89.95,92.75,87.6,89.4,2608205
ANDHRSUGAR,2021-06-09 00:00:00+05:30,90.0,92.0,87.25,87.8,1288580
ANDHRSUGAR,2021-06-10 00:00:00+05:30,88.35,89.65,87.25,87.85,533485
ANDHRSUGAR,2021-06-11 00:00:00+05:30,88.65,88.65,86.2,87.55,442630
ANDHRSUGAR,2021-06-14 00:00:00+05:30,86.4,89.1,84.1,86.75,633690
ANDHRSUGAR,2021-06-15 00:00:00+05:30,87.4,88.5,86.45,86.85,319705
ANDHRSUGAR,2021-06-16 00:00:00+05:30,87.75,90.0,86.45,88.25,834175
ANDHRSUGAR,2021-06-17 00:00:00+05:30,88.2,90.8,87.2,88.7,631205
ANDHRSUGAR,2021-06-18 00:00:00+05:30,89.0,89.5,83.6,86.3,453205
ANDHRSUGAR,2021-06-21 00:00:00+05:30,84.6,88.3,84.0,86.1,600645
ANDHRSUGAR,2021-06-22 00:00:00+05:30,86.75,87.25,85.05,86.05,401745
ANDHRSUGAR,2021-06-23 00:00:00+05:30,86.8,88.4,86.45,86.95,297800
ANDHRSUGAR,2021-06-24 00:00:00+05:30,87.0,99.0,86.9,97.0,8736160
ANDHRSUGAR,2021-06-25 00:00:00+05:30,98.0,101.4,94.3,99.6,9015585
ANDHRSUGAR,2021-06-28 00:00:00+05:30,105.6,114.8,103.6,111.65,14728235
ANDHRSUGAR,2021-06-29 00:00:00+05:30,112.4,125.5,112.4,122.05,13371415
ANDHRSUGAR,2021-06-30 00:00:00+05:30,124.8,127.6,118.0,119.6,7001675
ANDHRSUGAR,2021-07-01 00:00:00+05:30,114.0,116.9,110.0,111.05,4407845
ANDHRSUGAR,2021-07-02 00:00:00+05:30,111.4,119.6,111.4,118.4,3400220
ANDHRSUGAR,2021-07-05 00:00:00+05:30,119.4,119.45,114.0,114.6,1010465
ANDHRSUGAR,2021-07-06 00:00:00+05:30,114.6,115.5,110.2,110.65,922060
ANDHRSUGAR,2021-07-07 00:00:00+05:30,110.7,111.5,108.2,108.55,706710
ANDHRSUGAR,2021-07-08 00:00:00+05:30,109.1,114.2,108.9,110.25,1017245
ANDHRSUGAR,2021-07-09 00:00:00+05:30,111.4,115.0,110.6,113.5,1264375
ANDHRSUGAR,2021-07-12 00:00:00+05:30,114.6,114.8,111.3,111.7,610150
ANDHRSUGAR,2021-07-13 00:00:00+05:30,112.0,114.4,109.4,112.2,893930
ANDHRSUGAR,2021-07-14 00:00:00+05:30,111.2,112.65,109.95,110.35,317765
ANDHRSUGAR,2021-07-15 00:00:00+05:30,110.6,113.0,110.0,111.65,398825
ANDHRSUGAR,2021-07-16 00:00:00+05:30,111.6,112.6,109.0,109.45,524200
ANDHRSUGAR,2021-07-19 00:00:00+05:30,109.9,113.8,109.0,110.2,905470
ANDHRSUGAR,2021-07-20 00:00:00+05:30,110.95,110.95,106.6,107.1,393810
ANDHRSUGAR,2021-07-22 00:00:00+05:30,109.0,110.8,107.0,107.8,271885
ANDHRSUGAR,2021-07-23 00:00:00+05:30,108.55,110.4,106.8,108.05,550270
ANDHRSUGAR,2021-07-26 00:00:00+05:30,108.05,112.8,107.55,109.25,651230
ANDHRSUGAR,2021-07-27 00:00:00+05:30,109.8,114.95,109.45,112.75,1380755
ANDHRSUGAR,2021-07-28 00:00:00+05:30,113.6,114.8,108.15,110.7,533970
ANDHRSUGAR,2021-07-29 00:00:00+05:30,112.4,117.15,110.65,114.45,1419520
ANDHRSUGAR,2021-07-30 00:00:00+05:30,114.45,115.9,112.0,112.4,403910
ANDHRSUGAR,2021-08-02 00:00:00+05:30,112.4,113.8,111.3,111.75,309940
ANDHRSUGAR,2021-08-03 00:00:00+05:30,111.0,116.1,111.0,115.2,957695
ANDHRSUGAR,2021-08-04 00:00:00+05:30,116.35,117.1,111.05,111.6,535565
ANDHRSUGAR,2021-08-05 00:00:00+05:30,112.0,112.2,108.5,109.6,358875
ANDHRSUGAR,2021-08-06 00:00:00+05:30,109.6,114.9,109.6,113.25,542465
ANDHRSUGAR,2021-08-09 00:00:00+05:30,113.95,113.95,109.6,110.5,294365
ANDHRSUGAR,2021-08-10 00:00:00+05:30,110.0,111.8,102.8,107.15,511645
ANDHRSUGAR,2021-08-11 00:00:00+05:30,109.0,111.75,102.4,110.45,1188255
ANDHRSUGAR,2021-08-12 00:00:00+05:30,112.4,114.4,110.4,112.5,605955
ANDHRSUGAR,2021-08-13 00:00:00+05:30,112.4,115.55,112.0,113.4,494535
ANDHRSUGAR,2021-08-16 00:00:00+05:30,114.35,115.95,112.0,112.65,512255
ANDHRSUGAR,2021-08-17 00:00:00+05:30,115.0,116.0,111.8,112.35,529110
ANDHRSUGAR,2021-08-18 00:00:00+05:30,111.2,112.85,109.4,109.9,313790
ANDHRSUGAR,2021-08-20 00:00:00+05:30,109.0,109.9,105.0,106.15,264035
ANDHRSUGAR,2021-08-23 00:00:00+05:30,106.15,107.75,98.3,99.8,396715
ANDHRSUGAR,2021-08-24 00:00:00+05:30,100.35,103.65,97.8,102.45,507635
ANDHRSUGAR,2021-08-25 00:00:00+05:30,102.05,106.3,102.05,103.95,396095
ANDHRSUGAR,2021-08-26 00:00:00+05:30,104.6,107.15,104.0,105.3,208275
ANDHRSUGAR,2021-08-27 00:00:00+05:30,104.2,106.3,104.2,104.85,134525
ANDHRSUGAR,2021-08-30 00:00:00+05:30,105.4,106.8,104.8,105.65,96735
ANDHRSUGAR,2021-08-31 00:00:00+05:30,106.4,108.4,104.75,105.25,157405
ANDHRSUGAR,2021-09-01 00:00:00+05:30,105.3,107.05,104.6,105.0,161280
ANDHRSUGAR,2021-09-02 00:00:00+05:30,104.0,107.0,104.0,105.5,138345
ANDHRSUGAR,2021-09-03 00:00:00+05:30,106.0,107.7,105.4,106.1,135975
ANDHRSUGAR,2021-09-06 00:00:00+05:30,106.9,107.8,104.9,106.2,146870
ANDHRSUGAR,2021-09-07 00:00:00+05:30,107.0,107.4,105.05,106.3,125670
ANDHRSUGAR,2021-09-08 00:00:00+05:30,106.3,107.2,105.15,106.75,213480
ANDHRSUGAR,2021-09-09 00:00:00+05:30,107.2,110.7,106.15,108.7,334750
ANDHRSUGAR,2021-09-13 00:00:00+05:30,109.6,114.0,108.7,113.35,667150
ANDHRSUGAR,2021-09-14 00:00:00+05:30,114.95,120.0,114.05,119.0,1779460
ANDHRSUGAR,2021-09-15 00:00:00+05:30,120.1,120.95,113.1,113.7,644805
ANDHRSUGAR,2021-09-16 00:00:00+05:30,115.4,116.4,112.4,113.2,220140
ANDHRSUGAR,2021-09-17 00:00:00+05:30,114.15,115.4,107.4,113.55,572080
ANDHRSUGAR,2021-09-20 00:00:00+05:30,114.2,114.2,108.2,108.75,194500
ANDHRSUGAR,2021-09-21 00:00:00+05:30,107.25,112.5,107.25,111.8,262885
ANDHRSUGAR,2021-09-22 00:00:00+05:30,112.2,116.8,111.8,114.5,577210
ANDHRSUGAR,2021-09-23 00:00:00+05:30,115.45,116.0,113.6,114.85,266425
ANDHRSUGAR,2021-09-24 00:00:00+05:30,116.2,121.6,116.2,117.0,1495835
ANDHRSUGAR,2021-09-27 00:00:00+05:30,118.3,126.9,116.4,124.8,1927960
ANDHRSUGAR,2021-09-28 00:00:00+05:30,125.35,126.95,118.8,122.5,929615
ANDHRSUGAR,2021-09-29 00:00:00+05:30,122.2,128.2,119.6,125.7,1029805
ANDHRSUGAR,2021-09-30 00:00:00+05:30,126.5,128.6,122.0,123.25,603420
ANDHRSUGAR,2021-10-01 00:00:00+05:30,123.9,130.4,122.05,126.45,1330810
ANDHRSUGAR,2021-10-04 00:00:00+05:30,128.0,136.95,128.0,132.2,3339760
ANDHRSUGAR,2021-10-05 00:00:00+05:30,133.2,135.2,132.6,133.45,950775
ANDHRSUGAR,2021-10-06 00:00:00+05:30,134.15,138.4,131.75,132.4,922160
ANDHRSUGAR,2021-10-07 00:00:00+05:30,135.4,136.6,132.45,133.1,385035
ANDHRSUGAR,2021-10-08 00:00:00+05:30,133.7,139.8,130.55,135.95,1357135
ANDHRSUGAR,2021-10-11 00:00:00+05:30,136.9,137.7,134.6,135.5,410705
ANDHRSUGAR,2021-10-12 00:00:00+05:30,135.4,137.35,133.2,133.85,661855
ANDHRSUGAR,2021-10-13 00:00:00+05:30,134.55,137.6,133.4,133.8,676105
ANDHRSUGAR,2021-10-14 00:00:00+05:30,134.95,135.0,131.6,133.55,433820
ANDHRSUGAR,2021-10-18 00:00:00+05:30,133.4,138.8,132.4,135.45,739940
ANDHRSUGAR,2021-10-19 00:00:00+05:30,136.4,137.7,132.6,134.0,494205
ANDHRSUGAR,2021-10-20 00:00:00+05:30,132.8,133.65,126.5,128.4,576295
ANDHRSUGAR,2021-10-21 00:00:00+05:30,128.4,132.55,128.4,131.3,347615
ANDHRSUGAR,2021-10-22 00:00:00+05:30,130.1,134.9,126.6,133.8,452825
ANDHRSUGAR,2021-10-25 00:00:00+05:30,134.8,134.8,128.3,129.45,292835
ANDHRSUGAR,2021-10-26 00:00:00+05:30,129.05,132.0,129.05,130.85,282340
ANDHRSUGAR,2021-10-27 00:00:00+05:30,130.95,133.45,130.55,131.6,196205
ANDHRSUGAR,2021-10-28 00:00:00+05:30,132.4,133.3,128.0,128.7,218565
ANDHRSUGAR,2021-10-29 00:00:00+05:30,128.6,129.85,125.0,127.35,210090
ANDHRSUGAR,2021-11-01 00:00:00+05:30,127.35,131.25,127.35,128.45,179510
ANDHRSUGAR,2021-11-02 00:00:00+05:30,128.8,131.2,128.55,129.2,207195
ANDHRSUGAR,2021-11-03 00:00:00+05:30,130.0,130.45,128.0,128.7,173700
ANDHRSUGAR,2021-11-04 00:00:00+05:30,128.05,131.0,128.0,128.6,58885
ANDHRSUGAR,2021-11-08 00:00:00+05:30,129.0,135.8,129.0,134.75,589195
ANDHRSUGAR,2021-11-09 00:00:00+05:30,135.4,138.25,135.0,136.1,351845
ANDHRSUGAR,2021-11-10 00:00:00+05:30,135.6,144.8,134.45,138.45,1685785
ANDHRSUGAR,2021-11-11 00:00:00+05:30,139.75,139.9,136.25,138.6,413485
ANDHRSUGAR,2021-11-12 00:00:00+05:30,139.2,139.2,133.4,133.8,281880
ANDHRSUGAR,2021-11-15 00:00:00+05:30,135.8,136.5,128.9,130.15,347360
ANDHRSUGAR,2021-11-16 00:00:00+05:30,129.7,131.85,129.0,129.8,205150
ANDHRSUGAR,2021-11-17 00:00:00+05:30,128.4,130.8,125.8,126.6,290560
ANDHRSUGAR,2021-11-18 00:00:00+05:30,126.6,127.5,123.2,124.3,195385
ANDHRSUGAR,2021-11-22 00:00:00+05:30,123.3,124.8,120.2,120.9,252890
ANDHRSUGAR,2021-11-23 00:00:00+05:30,120.0,124.6,118.9,123.9,174515
ANDHRSUGAR,2021-11-24 00:00:00+05:30,125.0,128.0,122.0,124.8,207595
ANDHRSUGAR,2021-11-25 00:00:00+05:30,125.0,126.0,123.65,124.8,87525
ANDHRSUGAR,2021-11-26 00:00:00+05:30,124.6,124.6,121.8,122.25,165020
ANDHRSUGAR,2021-11-29 00:00:00+05:30,120.2,122.25,114.65,117.6,216630
ANDHRSUGAR,2021-11-30 00:00:00+05:30,116.05,121.0,116.05,118.3,311430
ANDHRSUGAR,2021-12-01 00:00:00+05:30,119.2,120.4,116.8,117.15,131105
ANDHRSUGAR,2021-12-02 00:00:00+05:30,117.15,118.35,116.0,116.6,149215
ANDHRSUGAR,2021-12-03 00:00:00+05:30,117.2,119.2,115.2,115.7,263485
ANDHRSUGAR,2021-12-06 00:00:00+05:30,115.1,116.0,113.0,113.4,222425
ANDHRSUGAR,2021-12-07 00:00:00+05:30,113.95,115.2,112.6,113.9,314895
ANDHRSUGAR,2021-12-08 00:00:00+05:30,114.4,115.6,111.75,112.95,185550
ANDHRSUGAR,2021-12-09 00:00:00+05:30,113.0,116.8,112.4,114.55,442775
ANDHRSUGAR,2021-12-10 00:00:00+05:30,114.6,115.35,113.0,113.9,157080
ANDHRSUGAR,2021-12-13 00:00:00+05:30,114.05,115.6,113.35,114.3,250075
ANDHRSUGAR,2021-12-14 00:00:00+05:30,113.8,118.0,113.8,116.65,365205
ANDHRSUGAR,2021-12-15 00:00:00+05:30,117.9,125.3,117.6,123.15,961545
ANDHRSUGAR,2021-12-16 00:00:00+05:30,128.0,128.0,121.1,122.1,377695
ANDHRSUGAR,2021-12-17 00:00:00+05:30,125.0,125.0,119.0,120.3,314325
ANDHRSUGAR,2021-12-20 00:00:00+05:30,116.2,119.8,116.2,117.9,214595
ANDHRSUGAR,2021-12-21 00:00:00+05:30,120.2,120.95,117.2,118.45,255945
ANDHRSUGAR,2021-12-22 00:00:00+05:30,119.4,124.6,118.95,123.35,443990
ANDHRSUGAR,2021-12-23 00:00:00+05:30,124.5,129.8,124.5,128.95,594465
ANDHRSUGAR,2021-12-24 00:00:00+05:30,129.8,135.8,129.8,133.3,1495645
ANDHRSUGAR,2021-12-27 00:00:00+05:30,137.0,141.95,135.8,138.85,1795305
ANDHRSUGAR,2021-12-28 00:00:00+05:30,140.8,141.65,135.9,138.65,1806240
ANDHRSUGAR,2021-12-29 00:00:00+05:30,139.6,145.3,138.65,143.85,2815135
ANDHRSUGAR,2021-12-30 00:00:00+05:30,139.35,142.65,136.5,137.65,1350093
ANDHRSUGAR,2021-12-31 00:00:00+05:30,138.0,139.7,134.0,135.0,423767
ANDHRSUGAR,2022-01-03 00:00:00+05:30,132.25,134.0,128.0,129.05,790448
ANDHRSUGAR,2022-01-04 00:00:00+05:30,128.0,143.8,125.65,141.05,3572043
ANDHRSUGAR,2022-01-05 00:00:00+05:30,139.25,140.8,134.0,134.85,945418
ANDHRSUGAR,2022-01-06 00:00:00+05:30,133.0,139.9,131.35,134.55,1214612
ANDHRSUGAR,2022-01-07 00:00:00+05:30,135.2,136.65,130.85,132.6,484552
ANDHRSUGAR,2022-01-10 00:00:00+05:30,133.35,135.35,132.0,132.7,377111
ANDHRSUGAR,2022-01-11 00:00:00+05:30,133.35,134.25,130.0,130.7,311213
ANDHRSUGAR,2022-01-12 00:00:00+05:30,131.0,134.0,130.25,132.3,350593
ANDHRSUGAR,2022-01-13 00:00:00+05:30,132.55,136.9,131.85,134.25,833670
ANDHRSUGAR,2022-01-14 00:00:00+05:30,133.9,136.7,133.0,134.05,426599
ANDHRSUGAR,2022-01-17 00:00:00+05:30,134.6,138.65,133.15,135.4,647556
ANDHRSUGAR,2022-01-18 00:00:00+05:30,136.45,136.45,131.0,131.65,418509
ANDHRSUGAR,2022-01-19 00:00:00+05:30,132.0,136.0,131.05,135.45,545021
ANDHRSUGAR,2022-01-20 00:00:00+05:30,136.4,159.6,135.6,156.25,6260084
ANDHRSUGAR,2022-01-21 00:00:00+05:30,154.65,165.5,150.0,153.9,4930588
ANDHRSUGAR,2022-01-24 00:00:00+05:30,155.0,159.95,145.4,148.85,2381290
ANDHRSUGAR,2022-01-25 00:00:00+05:30,148.05,156.1,142.4,151.9,1597141
ANDHRSUGAR,2022-01-27 00:00:00+05:30,149.0,156.85,146.25,153.55,973187
ANDHRSUGAR,2022-01-28 00:00:00+05:30,155.1,164.5,151.3,154.1,1965446
ANDHRSUGAR,2022-01-31 00:00:00+05:30,157.95,159.85,151.0,152.0,563246
ANDHRSUGAR,2022-02-01 00:00:00+05:30,152.25,155.45,145.55,151.0,518232
ANDHRSUGAR,2022-02-02 00:00:00+05:30,152.75,159.6,151.65,156.0,883932
ANDHRSUGAR,2022-02-03 00:00:00+05:30,158.0,163.8,156.5,162.15,1220227
ANDHRSUGAR,2022-02-04 00:00:00+05:30,162.2,171.05,161.7,163.9,1623893
ANDHRSUGAR,2022-02-07 00:00:00+05:30,163.9,169.8,162.6,164.05,1192074
ANDHRSUGAR,2022-02-08 00:00:00+05:30,164.0,166.6,155.1,159.45,719315
ANDHRSUGAR,2022-02-09 00:00:00+05:30,160.5,167.55,156.45,165.8,1236798
ANDHRSUGAR,2022-02-10 00:00:00+05:30,165.9,166.75,162.1,162.85,504679
ANDHRSUGAR,2022-02-11 00:00:00+05:30,161.0,163.05,156.2,157.45,640535
ANDHRSUGAR,2022-02-14 00:00:00+05:30,156.1,156.1,139.75,141.25,1202105
ANDHRSUGAR,2022-02-15 00:00:00+05:30,141.0,150.3,137.5,148.65,1157800
ANDHRSUGAR,2022-02-16 00:00:00+05:30,149.0,152.9,145.2,146.35,589295
ANDHRSUGAR,2022-02-17 00:00:00+05:30,147.4,149.8,143.0,144.7,326962
ANDHRSUGAR,2022-02-18 00:00:00+05:30,144.0,148.8,142.75,144.8,203025
ANDHRSUGAR,2022-02-21 00:00:00+05:30,143.9,144.0,131.1,134.05,746515
ANDHRSUGAR,2022-02-22 00:00:00+05:30,127.0,132.3,125.2,129.3,546968
ANDHRSUGAR,2022-02-23 00:00:00+05:30,130.7,139.0,130.65,137.05,602196
ANDHRSUGAR,2022-02-24 00:00:00+05:30,131.5,133.6,121.65,125.75,742906
ANDHRSUGAR,2022-02-25 00:00:00+05:30,132.7,137.6,130.7,136.2,450892
ANDHRSUGAR,2022-02-28 00:00:00+05:30,136.2,145.0,133.55,144.4,1025236
ANDHRSUGAR,2022-03-02 00:00:00+05:30,144.0,147.4,142.85,144.35,562144
ANDHRSUGAR,2022-03-03 00:00:00+05:30,146.7,151.65,145.0,145.95,550069
ANDHRSUGAR,2022-03-04 00:00:00+05:30,145.95,147.25,141.0,142.35,585792
ANDHRSUGAR,2022-03-07 00:00:00+05:30,137.2,143.8,135.1,141.5,512104
ANDHRSUGAR,2022-03-08 00:00:00+05:30,143.65,148.85,140.1,141.05,750346
ANDHRSUGAR,2022-03-09 00:00:00+05:30,142.9,154.4,142.55,148.75,1617758
ANDHRSUGAR,2022-03-10 00:00:00+05:30,152.95,152.95,146.0,148.05,569099
ANDHRSUGAR,2022-03-11 00:00:00+05:30,147.05,158.8,146.1,154.85,1596922
ANDHRSUGAR,2022-03-14 00:00:00+05:30,155.7,164.7,152.0,158.0,2542309
ANDHRSUGAR,2022-03-15 00:00:00+05:30,157.5,161.15,148.8,151.75,1092206
ANDHRSUGAR,2022-03-16 00:00:00+05:30,153.4,155.5,151.05,152.6,594756
ANDHRSUGAR,2022-03-17 00:00:00+05:30,154.0,156.0,149.0,149.75,404644
ANDHRSUGAR,2022-03-21 00:00:00+05:30,151.05,157.5,150.8,154.3,812061
ANDHRSUGAR,2022-03-22 00:00:00+05:30,155.8,157.7,152.5,154.4,591795
ANDHRSUGAR,2022-03-23 00:00:00+05:30,155.05,156.9,149.55,150.85,481985
ANDHRSUGAR,2022-03-24 00:00:00+05:30,152.3,155.55,151.25,152.2,533767
ANDHRSUGAR,2022-03-25 00:00:00+05:30,151.35,153.65,148.05,149.0,427230
ANDHRSUGAR,2022-03-28 00:00:00+05:30,150.0,155.0,146.3,152.4,958822
ANDHRSUGAR,2022-03-29 00:00:00+05:30,152.4,156.4,152.05,153.85,473132
ANDHRSUGAR,2022-03-30 00:00:00+05:30,155.0,160.65,152.55,153.75,828848
ANDHRSUGAR,2022-03-31 00:00:00+05:30,155.9,155.9,151.5,152.9,375177
ANDHRSUGAR,2022-04-01 00:00:00+05:30,154.2,157.95,152.75,154.7,501653
ANDHRSUGAR,2022-04-04 00:00:00+05:30,155.5,159.85,155.5,156.35,714658
ANDHRSUGAR,2022-04-05 00:00:00+05:30,157.9,163.1,156.1,157.05,794601
ANDHRSUGAR,2022-04-06 00:00:00+05:30,158.0,176.9,157.05,169.75,4392362
ANDHRSUGAR,2022-04-07 00:00:00+05:30,172.0,174.9,162.5,163.55,1563695
ANDHRSUGAR,2022-04-08 00:00:00+05:30,164.5,167.65,160.6,163.8,591748
ANDHRSUGAR,2022-04-11 00:00:00+05:30,164.9,168.2,163.15,164.45,512764
ANDHRSUGAR,2022-04-12 00:00:00+05:30,165.0,165.65,154.1,156.9,727336
ANDHRSUGAR,2022-04-13 00:00:00+05:30,158.0,161.7,157.55,160.05,484987
ANDHRSUGAR,2022-04-18 00:00:00+05:30,158.0,167.65,157.1,162.4,773304
ANDHRSUGAR,2022-04-19 00:00:00+05:30,163.95,167.55,147.8,156.0,580180
ANDHRSUGAR,2022-04-20 00:00:00+05:30,155.1,163.0,155.0,161.7,533575
ANDHRSUGAR,2022-04-21 00:00:00+05:30,163.0,177.2,162.85,171.2,2788861
ANDHRSUGAR,2022-04-22 00:00:00+05:30,170.45,177.6,166.75,171.7,2088952
ANDHRSUGAR,2022-04-25 00:00:00+05:30,169.75,174.95,161.55,163.75,937917
ANDHRSUGAR,2022-04-26 00:00:00+05:30,166.0,171.7,165.3,166.55,821462
ANDHRSUGAR,2022-04-27 00:00:00+05:30,166.6,168.6,161.25,164.0,399155
ANDHRSUGAR,2022-04-28 00:00:00+05:30,165.4,167.5,162.05,164.4,332168
ANDHRSUGAR,2022-04-29 00:00:00+05:30,165.45,166.5,160.0,161.9,342471
ANDHRSUGAR,2022-05-02 00:00:00+05:30,160.0,161.55,157.55,159.7,326141
ANDHRSUGAR,2022-05-04 00:00:00+05:30,160.55,168.0,155.65,158.0,415346
ANDHRSUGAR,2022-05-05 00:00:00+05:30,160.45,162.5,154.0,155.35,338187
ANDHRSUGAR,2022-05-06 00:00:00+05:30,152.1,154.0,147.8,148.9,407436
ANDHRSUGAR,2022-05-09 00:00:00+05:30,148.9,148.9,142.0,143.8,361232
ANDHRSUGAR,2022-05-10 00:00:00+05:30,143.9,148.4,137.35,139.65,410193
ANDHRSUGAR,2022-05-11 00:00:00+05:30,139.85,142.45,131.2,135.4,370410
ANDHRSUGAR,2022-05-12 00:00:00+05:30,134.0,135.85,130.3,130.95,300159
ANDHRSUGAR,2022-05-13 00:00:00+05:30,134.7,137.3,132.5,133.95,333224
ANDHRSUGAR,2022-05-16 00:00:00+05:30,134.4,138.0,131.7,136.1,565636
ANDHRSUGAR,2022-05-17 00:00:00+05:30,138.9,148.0,138.15,146.7,585406
ANDHRSUGAR,2022-05-18 00:00:00+05:30,147.85,151.25,144.7,148.15,485724
ANDHRSUGAR,2022-05-19 00:00:00+05:30,143.0,147.5,142.25,144.55,325168
ANDHRSUGAR,2022-05-20 00:00:00+05:30,146.45,149.0,146.4,148.1,193010
ANDHRSUGAR,2022-05-23 00:00:00+05:30,148.95,148.95,143.25,145.85,177648
ANDHRSUGAR,2022-05-24 00:00:00+05:30,146.0,147.25,136.2,138.95,553933
ANDHRSUGAR,2022-05-25 00:00:00+05:30,134.4,136.85,125.7,127.35,933639
ANDHRSUGAR,2022-05-26 00:00:00+05:30,129.0,131.05,124.3,129.3,646628
ANDHRSUGAR,2022-05-27 00:00:00+05:30,131.05,136.0,129.0,130.45,601068
ANDHRSUGAR,2022-05-30 00:00:00+05:30,133.0,135.15,131.1,133.0,322374
ANDHRSUGAR,2022-05-31 00:00:00+05:30,133.55,138.9,132.55,136.9,382896
ANDHRSUGAR,2022-06-01 00:00:00+05:30,136.9,139.5,134.4,137.1,347942
ANDHRSUGAR,2022-06-02 00:00:00+05:30,137.0,138.0,135.15,136.9,239490
ANDHRSUGAR,2022-06-03 00:00:00+05:30,137.95,138.55,134.75,136.4,155701
ANDHRSUGAR,2022-06-06 00:00:00+05:30,137.1,137.2,130.6,132.9,390108
ANDHRSUGAR,2022-06-07 00:00:00+05:30,131.75,136.0,131.15,134.95,172170
ANDHRSUGAR,2022-06-08 00:00:00+05:30,135.6,136.2,131.05,131.75,213144
ANDHRSUGAR,2022-06-09 00:00:00+05:30,130.0,132.2,129.75,131.15,169644
ANDHRSUGAR,2022-06-10 00:00:00+05:30,130.0,134.7,129.4,133.35,155217
ANDHRSUGAR,2022-06-13 00:00:00+05:30,132.0,132.0,127.7,128.4,154894
ANDHRSUGAR,2022-06-14 00:00:00+05:30,128.4,131.25,126.0,127.15,182729
ANDHRSUGAR,2022-06-15 00:00:00+05:30,128.4,129.95,127.0,127.45,102762
ANDHRSUGAR,2022-06-16 00:00:00+05:30,129.0,132.0,119.0,121.05,275270
ANDHRSUGAR,2022-06-17 00:00:00+05:30,120.1,122.0,116.05,117.05,226076
ANDHRSUGAR,2022-06-20 00:00:00+05:30,117.1,119.7,112.0,113.15,245185
ANDHRSUGAR,2022-06-21 00:00:00+05:30,115.5,119.65,114.0,118.65,190208
ANDHRSUGAR,2022-06-22 00:00:00+05:30,118.55,120.05,117.0,117.5,113197
ANDHRSUGAR,2022-06-23 00:00:00+05:30,119.0,123.4,117.5,120.85,161133
ANDHRSUGAR,2022-06-24 00:00:00+05:30,122.65,124.95,121.5,124.05,154099
ANDHRSUGAR,2022-06-27 00:00:00+05:30,127.8,127.95,125.0,125.45,126234
ANDHRSUGAR,2022-06-28 00:00:00+05:30,123.6,126.6,123.5,125.6,92222
ANDHRSUGAR,2022-06-29 00:00:00+05:30,125.2,127.9,124.55,125.65,107621
ANDHRSUGAR,2022-06-30 00:00:00+05:30,126.95,129.25,122.5,123.45,76833
ANDHRSUGAR,2022-07-01 00:00:00+05:30,123.9,124.0,120.9,122.45,95502
ANDHRSUGAR,2022-07-04 00:00:00+05:30,122.7,124.9,122.1,124.35,65585
ANDHRSUGAR,2022-07-05 00:00:00+05:30,125.0,127.7,122.05,123.15,156567
ANDHRSUGAR,2022-07-06 00:00:00+05:30,124.7,125.85,121.9,123.7,86239
ANDHRSUGAR,2022-07-07 00:00:00+05:30,125.0,125.85,122.55,123.55,152308
ANDHRSUGAR,2022-07-08 00:00:00+05:30,124.75,128.5,123.95,126.85,204753
ANDHRSUGAR,2022-07-11 00:00:00+05:30,126.85,129.35,125.8,127.95,178566
ANDHRSUGAR,2022-07-12 00:00:00+05:30,127.65,131.9,126.1,129.5,183092
ANDHRSUGAR,2022-07-13 00:00:00+05:30,132.0,132.35,127.1,127.75,119287
ANDHRSUGAR,2022-07-14 00:00:00+05:30,129.4,130.1,127.0,127.65,76634
ANDHRSUGAR,2022-07-15 00:00:00+05:30,128.0,128.45,125.0,126.5,107128
ANDHRSUGAR,2022-07-18 00:00:00+05:30,128.0,129.6,126.8,127.2,90644
ANDHRSUGAR,2022-07-19 00:00:00+05:30,127.0,129.3,125.05,127.75,62276
ANDHRSUGAR,2022-07-20 00:00:00+05:30,127.25,131.0,127.25,128.75,148071
ANDHRSUGAR,2022-07-21 00:00:00+05:30,130.4,139.4,130.3,137.3,1301362
ANDHRSUGAR,2022-07-22 00:00:00+05:30,138.5,139.5,134.15,135.6,261875
ANDHRSUGAR,2022-07-25 00:00:00+05:30,136.0,136.15,132.2,134.75,113818
ANDHRSUGAR,2022-07-26 00:00:00+05:30,134.75,135.45,132.15,132.65,90446
ANDHRSUGAR,2022-07-27 00:00:00+05:30,133.0,134.4,131.1,132.85,82605
ANDHRSUGAR,2022-07-28 00:00:00+05:30,132.85,137.8,132.85,133.95,197458
ANDHRSUGAR,2022-07-29 00:00:00+05:30,135.05,136.75,134.45,135.7,99882
ANDHRSUGAR,2022-08-01 00:00:00+05:30,136.0,139.65,135.75,136.95,197505
ANDHRSUGAR,2022-08-02 00:00:00+05:30,136.5,139.65,135.1,137.7,156661
ANDHRSUGAR,2022-08-03 00:00:00+05:30,138.8,139.35,136.2,137.55,161651
ANDHRSUGAR,2022-08-04 00:00:00+05:30,138.3,138.75,134.05,136.4,158998
ANDHRSUGAR,2022-08-05 00:00:00+05:30,136.5,138.25,135.5,136.25,214691
ANDHRSUGAR,2022-08-08 00:00:00+05:30,137.2,142.35,136.45,138.2,431981
ANDHRSUGAR,2022-08-10 00:00:00+05:30,139.45,142.75,135.1,136.45,590173
ANDHRSUGAR,2022-08-11 00:00:00+05:30,138.5,139.25,135.35,136.7,210689
ANDHRSUGAR,2022-08-12 00:00:00+05:30,137.4,137.65,130.1,135.25,127031
ANDHRSUGAR,2022-08-16 00:00:00+05:30,135.3,138.5,135.3,137.6,132656
ANDHRSUGAR,2022-08-17 00:00:00+05:30,138.0,138.9,137.05,137.65,108085
ANDHRSUGAR,2022-08-18 00:00:00+05:30,138.4,142.75,136.0,138.8,296619
ANDHRSUGAR,2022-08-19 00:00:00+05:30,139.8,140.8,136.0,136.95,176853
ANDHRSUGAR,2022-08-22 00:00:00+05:30,136.95,136.95,132.25,133.45,136463
ANDHRSUGAR,2022-08-23 00:00:00+05:30,132.0,138.5,132.0,136.65,138230
ANDHRSUGAR,2022-08-24 00:00:00+05:30,137.65,138.4,136.8,138.15,134495
ANDHRSUGAR,2022-08-25 00:00:00+05:30,139.3,141.2,138.0,139.2,326640
ANDHRSUGAR,2022-08-26 00:00:00+05:30,140.2,149.7,139.7,143.45,970738
ANDHRSUGAR,2022-08-29 00:00:00+05:30,140.1,145.0,138.85,144.15,370859
ANDHRSUGAR,2022-08-30 00:00:00+05:30,145.9,149.8,145.0,146.45,531060
ANDHRSUGAR,2022-09-01 00:00:00+05:30,145.1,152.0,145.1,148.5,455925
ANDHRSUGAR,2022-09-02 00:00:00+05:30,149.95,150.0,138.55,146.65,341801
ANDHRSUGAR,2022-09-05 00:00:00+05:30,147.25,149.8,145.0,146.95,152584
ANDHRSUGAR,2022-09-06 00:00:00+05:30,150.0,154.6,148.05,151.6,742200
ANDHRSUGAR,2022-09-07 00:00:00+05:30,151.3,154.7,150.2,151.2,340302
ANDHRSUGAR,2022-09-08 00:00:00+05:30,152.4,154.0,150.5,151.75,173951
ANDHRSUGAR,2022-09-09 00:00:00+05:30,151.75,153.55,147.2,148.4,240714
ANDHRSUGAR,2022-09-12 00:00:00+05:30,149.5,152.65,149.45,150.3,161341
ANDHRSUGAR,2022-09-13 00:00:00+05:30,151.7,153.2,150.5,151.2,186949
ANDHRSUGAR,2022-09-14 00:00:00+05:30,148.2,151.1,148.0,150.3,131251
ANDHRSUGAR,2022-09-15 00:00:00+05:30,150.95,151.8,148.3,148.6,254604
ANDHRSUGAR,2022-09-16 00:00:00+05:30,148.75,149.45,143.15,145.95,243413
ANDHRSUGAR,2022-09-19 00:00:00+05:30,146.85,147.35,141.3,141.65,226540
ANDHRSUGAR,2022-09-20 00:00:00+05:30,144.15,147.15,142.1,145.05,222794
ANDHRSUGAR,2022-09-21 00:00:00+05:30,145.45,151.4,143.5,148.0,801784
ANDHRSUGAR,2022-09-22 00:00:00+05:30,148.0,150.85,146.0,146.65,205222
ANDHRSUGAR,2022-09-23 00:00:00+05:30,147.7,147.7,141.2,141.85,159173
ANDHRSUGAR,2022-09-26 00:00:00+05:30,141.5,147.0,135.0,136.2,249537
ANDHRSUGAR,2022-09-27 00:00:00+05:30,136.65,138.1,132.85,135.65,185381
ANDHRSUGAR,2022-09-28 00:00:00+05:30,134.25,137.65,133.25,134.05,114600
ANDHRSUGAR,2022-09-29 00:00:00+05:30,135.95,139.0,132.2,137.15,203203
ANDHRSUGAR,2022-09-30 00:00:00+05:30,137.85,141.35,135.2,139.8,185590
ANDHRSUGAR,2022-10-03 00:00:00+05:30,140.35,140.45,136.0,136.55,93855
ANDHRSUGAR,2022-10-04 00:00:00+05:30,138.25,143.8,138.0,142.3,149958
ANDHRSUGAR,2022-10-06 00:00:00+05:30,143.7,146.65,142.45,144.6,164582
ANDHRSUGAR,2022-10-07 00:00:00+05:30,143.7,146.7,143.45,144.95,124342
ANDHRSUGAR,2022-10-10 00:00:00+05:30,143.0,146.65,143.0,143.25,137556
ANDHRSUGAR,2022-10-11 00:00:00+05:30,144.25,147.3,138.1,140.15,188747
ANDHRSUGAR,2022-10-12 00:00:00+05:30,141.0,146.0,138.9,143.3,122542
ANDHRSUGAR,2022-10-13 00:00:00+05:30,143.35,145.45,141.5,143.05,99761
ANDHRSUGAR,2022-10-14 00:00:00+05:30,145.95,146.2,141.2,141.7,67018
ANDHRSUGAR,2022-10-17 00:00:00+05:30,140.6,142.4,139.95,140.25,63445
ANDHRSUGAR,2022-10-18 00:00:00+05:30,141.0,142.8,140.2,140.9,102025
ANDHRSUGAR,2022-10-19 00:00:00+05:30,141.0,142.5,140.6,141.1,60840
ANDHRSUGAR,2022-10-20 00:00:00+05:30,139.05,142.0,139.0,139.65,135279
ANDHRSUGAR,2022-10-21 00:00:00+05:30,140.4,141.2,136.5,138.35,112788
ANDHRSUGAR,2022-10-24 00:00:00+05:30,141.0,141.0,137.15,138.9,35077
ANDHRSUGAR,2022-10-25 00:00:00+05:30,139.85,141.5,136.2,137.0,92859
ANDHRSUGAR,2022-10-27 00:00:00+05:30,137.5,140.3,137.1,139.7,56554
ANDHRSUGAR,2022-10-28 00:00:00+05:30,138.5,139.95,137.25,137.55,56933
ANDHRSUGAR,2022-10-31 00:00:00+05:30,137.7,141.5,137.3,140.65,152888
ANDHRSUGAR,2022-11-01 00:00:00+05:30,141.35,141.5,133.7,138.5,206400
ANDHRSUGAR,2022-11-02 00:00:00+05:30,139.45,146.8,138.75,145.4,457140
ANDHRSUGAR,2022-11-03 00:00:00+05:30,146.45,148.0,142.25,142.8,108463
ANDHRSUGAR,2022-11-04 00:00:00+05:30,142.8,144.35,142.1,143.25,63719
ANDHRSUGAR,2022-11-07 00:00:00+05:30,144.45,145.35,140.3,141.35,105815
ANDHRSUGAR,2022-11-09 00:00:00+05:30,141.0,142.4,138.05,138.45,130768
ANDHRSUGAR,2022-11-10 00:00:00+05:30,138.0,139.1,136.5,136.75,90543
ANDHRSUGAR,2022-11-11 00:00:00+05:30,139.1,139.1,135.25,135.6,103494
ANDHRSUGAR,2022-11-14 00:00:00+05:30,134.55,135.15,130.05,131.3,277065
ANDHRSUGAR,2022-11-15 00:00:00+05:30,132.35,132.35,128.5,129.55,192696
ANDHRSUGAR,2022-11-16 00:00:00+05:30,129.55,134.45,129.55,133.6,319992
ANDHRSUGAR,2022-11-17 00:00:00+05:30,132.5,134.95,132.5,133.2,136814
ANDHRSUGAR,2022-11-18 00:00:00+05:30,133.2,133.55,129.5,129.95,121637
ANDHRSUGAR,2022-11-21 00:00:00+05:30,130.9,130.9,127.8,128.3,141355
ANDHRSUGAR,2022-11-22 00:00:00+05:30,128.05,130.1,128.0,128.8,58081
ANDHRSUGAR,2022-11-23 00:00:00+05:30,129.0,130.8,129.0,129.5,60976
ANDHRSUGAR,2022-11-24 00:00:00+05:30,130.95,133.25,129.7,130.25,155240
ANDHRSUGAR,2022-11-25 00:00:00+05:30,130.1,131.25,128.0,128.8,172718
ANDHRSUGAR,2022-11-28 00:00:00+05:30,129.9,131.9,128.8,131.15,109510
ANDHRSUGAR,2022-11-29 00:00:00+05:30,130.2,132.0,130.05,130.8,68528
ANDHRSUGAR,2022-11-30 00:00:00+05:30,131.0,131.6,128.6,128.85,165014
ANDHRSUGAR,2022-12-01 00:00:00+05:30,131.0,131.0,128.8,129.6,131961
ANDHRSUGAR,2022-12-02 00:00:00+05:30,129.6,137.9,129.1,135.7,787865
ANDHRSUGAR,2022-12-05 00:00:00+05:30,137.15,139.0,135.85,137.3,266632
ANDHRSUGAR,2022-12-06 00:00:00+05:30,139.7,141.45,137.6,138.35,362326
ANDHRSUGAR,2022-12-07 00:00:00+05:30,137.0,137.8,134.5,135.2,109952
ANDHRSUGAR,2022-12-08 00:00:00+05:30,136.4,136.55,133.25,134.3,54011
ANDHRSUGAR,2022-12-09 00:00:00+05:30,135.4,135.4,131.5,131.8,105422
ANDHRSUGAR,2022-12-12 00:00:00+05:30,131.1,134.65,130.05,131.15,139480
ANDHRSUGAR,2022-12-13 00:00:00+05:30,131.9,133.3,129.9,130.35,150368
ANDHRSUGAR,2022-12-14 00:00:00+05:30,131.0,131.65,128.6,128.8,260052
ANDHRSUGAR,2022-12-15 00:00:00+05:30,129.05,131.45,128.8,129.0,166750
ANDHRSUGAR,2022-12-16 00:00:00+05:30,129.2,136.9,129.05,135.05,904833
ANDHRSUGAR,2022-12-19 00:00:00+05:30,138.0,146.25,138.0,139.3,1786105
ANDHRSUGAR,2022-12-20 00:00:00+05:30,141.7,141.7,135.3,136.1,391594
ANDHRSUGAR,2022-12-21 00:00:00+05:30,138.95,139.5,130.5,131.75,342261
ANDHRSUGAR,2022-12-22 00:00:00+05:30,132.1,133.0,126.5,128.85,266029
ANDHRSUGAR,2022-12-23 00:00:00+05:30,126.05,127.8,123.5,124.1,206150
ANDHRSUGAR,2022-12-26 00:00:00+05:30,124.1,128.6,123.0,126.65,245768
ANDHRSUGAR,2022-12-27 00:00:00+05:30,129.9,133.0,129.8,132.45,369911
ANDHRSUGAR,2022-12-28 00:00:00+05:30,132.45,133.2,131.05,131.4,105445
ANDHRSUGAR,2022-12-29 00:00:00+05:30,131.1,135.8,130.45,133.45,356423
ANDHRSUGAR,2022-12-30 00:00:00+05:30,134.75,136.5,132.6,133.25,131386
ANDHRSUGAR,2023-01-02 00:00:00+05:30,132.5,135.05,132.5,134.15,80899
ANDHRSUGAR,2023-01-03 00:00:00+05:30,133.1,136.0,133.1,134.25,161479
ANDHRSUGAR,2023-01-04 00:00:00+05:30,134.7,134.8,130.5,130.9,120278
ANDHRSUGAR,2023-01-05 00:00:00+05:30,131.05,132.0,129.5,130.2,92644
ANDHRSUGAR,2023-01-06 00:00:00+05:30,130.2,131.35,129.05,129.3,72155
ANDHRSUGAR,2023-01-09 00:00:00+05:30,129.6,132.5,128.5,129.25,109093
ANDHRSUGAR,2023-01-10 00:00:00+05:30,129.5,130.2,127.8,128.85,89056
ANDHRSUGAR,2023-01-11 00:00:00+05:30,129.7,132.25,129.3,130.05,125267
ANDHRSUGAR,2023-01-12 00:00:00+05:30,131.2,131.65,129.45,129.8,41511
ANDHRSUGAR,2023-01-13 00:00:00+05:30,130.8,130.85,129.0,129.5,54617
ANDHRSUGAR,2023-01-16 00:00:00+05:30,129.5,130.6,129.0,129.95,64422
ANDHRSUGAR,2023-01-17 00:00:00+05:30,130.75,138.65,128.65,135.45,570151
ANDHRSUGAR,2023-01-18 00:00:00+05:30,135.05,137.9,133.4,137.25,528818
ANDHRSUGAR,2023-01-19 00:00:00+05:30,137.0,137.85,134.1,134.9,177290
ANDHRSUGAR,2023-01-20 00:00:00+05:30,134.9,135.45,132.4,132.9,73353
ANDHRSUGAR,2023-01-23 00:00:00+05:30,132.5,134.3,131.6,132.9,91006
ANDHRSUGAR,2023-01-24 00:00:00+05:30,133.7,133.7,130.2,130.55,54148
ANDHRSUGAR,2023-01-25 00:00:00+05:30,130.4,133.2,128.8,130.45,127129
ANDHRSUGAR,2023-01-27 00:00:00+05:30,130.95,131.95,127.35,128.1,100591
ANDHRSUGAR,2023-01-30 00:00:00+05:30,128.0,130.45,127.0,128.75,107007
ANDHRSUGAR,2023-01-31 00:00:00+05:30,129.95,131.5,127.7,130.85,124636
ANDHRSUGAR,2023-02-01 00:00:00+05:30,131.95,132.15,127.05,128.4,106042
ANDHRSUGAR,2023-02-02 00:00:00+05:30,128.05,129.9,127.3,128.4,67635
ANDHRSUGAR,2023-02-03 00:00:00+05:30,128.35,129.3,127.05,128.05,48718
ANDHRSUGAR,2023-02-06 00:00:00+05:30,128.85,129.05,126.5,126.95,89591
ANDHRSUGAR,2023-02-07 00:00:00+05:30,127.05,127.85,126.0,126.8,49827
ANDHRSUGAR,2023-02-08 00:00:00+05:30,127.0,127.8,126.35,127.3,61503
ANDHRSUGAR,2023-02-09 00:00:00+05:30,127.3,128.35,126.45,127.7,42464
ANDHRSUGAR,2023-02-10 00:00:00+05:30,128.0,128.9,127.0,128.05,65964
ANDHRSUGAR,2023-02-13 00:00:00+05:30,128.1,128.9,125.0,125.65,109008
ANDHRSUGAR,2023-02-14 00:00:00+05:30,126.7,126.7,123.0,123.35,85127
ANDHRSUGAR,2023-02-15 00:00:00+05:30,125.1,125.7,123.4,125.15,112413
ANDHRSUGAR,2023-02-16 00:00:00+05:30,125.65,127.65,124.9,125.85,86234
ANDHRSUGAR,2023-02-17 00:00:00+05:30,125.85,128.4,125.0,126.8,92311
ANDHRSUGAR,2023-02-20 00:00:00+05:30,127.9,127.9,124.5,125.05,50406
ANDHRSUGAR,2023-02-21 00:00:00+05:30,125.0,125.85,123.55,124.15,47591
ANDHRSUGAR,2023-02-22 00:00:00+05:30,125.35,125.35,122.4,122.65,44139
ANDHRSUGAR,2023-02-23 00:00:00+05:30,122.0,124.45,120.7,121.05,53699
ANDHRSUGAR,2023-02-24 00:00:00+05:30,122.85,122.85,120.0,120.75,52045
ANDHRSUGAR,2023-02-27 00:00:00+05:30,120.9,121.85,115.45,116.3,135606
ANDHRSUGAR,2023-02-28 00:00:00+05:30,117.45,120.35,115.0,117.65,108157
ANDHRSUGAR,2023-03-01 00:00:00+05:30,117.7,120.0,117.5,119.35,34037
ANDHRSUGAR,2023-03-02 00:00:00+05:30,119.4,120.75,117.7,118.9,53649
ANDHRSUGAR,2023-03-03 00:00:00+05:30,117.5,120.3,117.5,119.15,55234
ANDHRSUGAR,2023-03-06 00:00:00+05:30,119.2,120.8,119.1,119.3,83553
ANDHRSUGAR,2023-03-08 00:00:00+05:30,120.2,129.25,118.7,126.25,882453
ANDHRSUGAR,2023-03-09 00:00:00+05:30,126.95,126.95,122.5,123.0,99497
ANDHRSUGAR,2023-03-10 00:00:00+05:30,122.45,127.8,120.55,126.95,627022
ANDHRSUGAR,2023-03-13 00:00:00+05:30,126.5,127.45,122.1,122.75,128378
ANDHRSUGAR,2023-03-14 00:00:00+05:30,122.95,123.65,119.3,119.55,109515
ANDHRSUGAR,2023-03-15 00:00:00+05:30,120.9,121.85,116.6,117.75,94265
ANDHRSUGAR,2023-03-16 00:00:00+05:30,118.75,118.8,113.0,113.9,221980
ANDHRSUGAR,2023-03-17 00:00:00+05:30,115.3,115.7,112.75,113.15,124870
ANDHRSUGAR,2023-03-20 00:00:00+05:30,113.2,113.9,110.5,111.5,92029
ANDHRSUGAR,2023-03-21 00:00:00+05:30,112.0,112.9,110.5,111.15,104570
ANDHRSUGAR,2023-03-22 00:00:00+05:30,111.9,113.85,110.9,111.4,122192
ANDHRSUGAR,2023-03-23 00:00:00+05:30,111.7,116.95,111.05,112.5,294622
ANDHRSUGAR,2023-03-24 00:00:00+05:30,112.55,113.6,110.5,110.85,105776
ANDHRSUGAR,2023-03-27 00:00:00+05:30,110.0,112.3,105.0,105.85,194649
ANDHRSUGAR,2023-03-28 00:00:00+05:30,106.0,106.7,100.5,101.95,231233
ANDHRSUGAR,2023-03-29 00:00:00+05:30,101.85,108.5,101.85,107.05,300036
ANDHRSUGAR,2023-03-31 00:00:00+05:30,111.8,111.8,108.1,108.5,189329
ANDHRSUGAR,2023-04-03 00:00:00+05:30,108.5,112.4,108.5,110.85,165645
ANDHRSUGAR,2023-04-05 00:00:00+05:30,112.1,113.85,110.6,112.65,181597
ANDHRSUGAR,2023-04-06 00:00:00+05:30,115.0,116.45,113.2,113.6,290165
ANDHRSUGAR,2023-04-10 00:00:00+05:30,114.85,115.2,113.75,114.15,88654
ANDHRSUGAR,2023-04-11 00:00:00+05:30,114.9,114.9,113.05,113.65,117494
ANDHRSUGAR,2023-04-12 00:00:00+05:30,114.8,118.0,114.8,115.7,176821
ANDHRSUGAR,2023-04-13 00:00:00+05:30,116.85,118.45,115.5,116.1,207525
ANDHRSUGAR,2023-04-17 00:00:00+05:30,116.15,116.9,114.4,115.0,191280
ANDHRSUGAR,2023-04-18 00:00:00+05:30,115.7,116.25,109.15,111.95,500320
ANDHRSUGAR,2023-04-19 00:00:00+05:30,112.3,115.8,112.2,114.65,270164
ANDHRSUGAR,2023-04-20 00:00:00+05:30,115.3,116.7,113.8,114.2,163613
ANDHRSUGAR,2023-04-21 00:00:00+05:30,115.5,115.95,112.55,113.4,131052
ANDHRSUGAR,2023-04-24 00:00:00+05:30,113.05,114.4,112.6,113.7,81229
ANDHRSUGAR,2023-04-25 00:00:00+05:30,114.5,117.55,113.9,114.95,212296
ANDHRSUGAR,2023-04-26 00:00:00+05:30,114.95,116.8,114.9,115.95,158413
ANDHRSUGAR,2023-04-27 00:00:00+05:30,116.8,116.8,115.1,115.75,81708
ANDHRSUGAR,2023-04-28 00:00:00+05:30,115.8,117.25,115.1,116.2,115483
ANDHRSUGAR,2023-05-02 00:00:00+05:30,116.8,120.9,116.35,118.95,308520
ANDHRSUGAR,2023-05-03 00:00:00+05:30,119.8,123.45,117.8,122.5,452504
ANDHRSUGAR,2023-05-04 00:00:00+05:30,123.5,124.75,121.9,123.45,233284
ANDHRSUGAR,2023-05-05 00:00:00+05:30,124.0,124.0,120.3,121.8,138308
ANDHRSUGAR,2023-05-08 00:00:00+05:30,122.25,122.95,120.4,121.0,160318
ANDHRSUGAR,2023-05-09 00:00:00+05:30,121.85,123.25,120.3,120.65,131898
ANDHRSUGAR,2023-05-10 00:00:00+05:30,120.65,121.6,118.4,118.8,80387
ANDHRSUGAR,2023-05-11 00:00:00+05:30,119.0,123.25,117.2,119.65,80058
ANDHRSUGAR,2023-05-12 00:00:00+05:30,120.0,120.6,116.75,117.25,144889
ANDHRSUGAR,2023-05-15 00:00:00+05:30,118.25,118.25,116.7,117.3,58751
ANDHRSUGAR,2023-05-16 00:00:00+05:30,118.25,118.85,116.55,116.75,73516
ANDHRSUGAR,2023-05-17 00:00:00+05:30,117.65,118.1,116.05,116.8,83802
ANDHRSUGAR,2023-05-18 00:00:00+05:30,117.0,118.95,116.05,116.7,73923
ANDHRSUGAR,2023-05-19 00:00:00+05:30,117.35,117.35,115.0,116.0,53799
ANDHRSUGAR,2023-05-22 00:00:00+05:30,116.25,116.4,115.0,115.25,81102
ANDHRSUGAR,2023-05-23 00:00:00+05:30,115.75,116.2,115.0,115.5,54850
ANDHRSUGAR,2023-05-24 00:00:00+05:30,115.55,117.0,114.1,114.55,117781
ANDHRSUGAR,2023-05-25 00:00:00+05:30,114.1,115.3,113.7,114.7,63202
ANDHRSUGAR,2023-05-26 00:00:00+05:30,115.9,116.0,113.3,114.75,83025
ANDHRSUGAR,2023-05-29 00:00:00+05:30,115.45,118.0,113.95,116.35,367625
ANDHRSUGAR,2023-05-30 00:00:00+05:30,115.0,116.45,112.0,113.3,191038
ANDHRSUGAR,2023-05-31 00:00:00+05:30,114.4,114.4,112.0,112.35,97823
ANDHRSUGAR,2023-06-01 00:00:00+05:30,112.7,114.15,112.5,112.9,73029
ANDHRSUGAR,2023-06-02 00:00:00+05:30,113.0,114.4,113.0,113.3,108036
ANDHRSUGAR,2023-06-05 00:00:00+05:30,113.1,113.3,109.15,109.6,597219
ANDHRSUGAR,2023-06-06 00:00:00+05:30,109.6,110.35,109.0,109.2,171936
ANDHRSUGAR,2023-06-07 00:00:00+05:30,110.1,115.1,109.15,112.95,530158
ANDHRSUGAR,2023-06-08 00:00:00+05:30,113.35,113.95,110.55,110.85,183733
ANDHRSUGAR,2023-06-09 00:00:00+05:30,112.4,114.8,112.0,112.85,340201
ANDHRSUGAR,2023-06-12 00:00:00+05:30,113.4,113.9,111.0,111.4,133453
ANDHRSUGAR,2023-06-13 00:00:00+05:30,111.45,112.45,111.0,111.55,113249
ANDHRSUGAR,2023-06-14 00:00:00+05:30,112.0,112.35,110.95,111.35,124659
ANDHRSUGAR,2023-06-15 00:00:00+05:30,111.9,112.25,110.5,110.9,149203
ANDHRSUGAR,2023-06-16 00:00:00+05:30,111.75,113.45,111.0,111.55,187344
ANDHRSUGAR,2023-06-19 00:00:00+05:30,111.8,113.45,111.0,111.2,158681
ANDHRSUGAR,2023-06-20 00:00:00+05:30,111.9,112.8,110.5,112.15,154583
ANDHRSUGAR,2023-06-21 00:00:00+05:30,112.8,113.05,111.4,111.85,147290
ANDHRSUGAR,2023-06-22 00:00:00+05:30,112.5,116.4,111.6,112.65,781035
ANDHRSUGAR,2023-06-23 00:00:00+05:30,112.65,113.1,110.0,110.6,251659
ANDHRSUGAR,2023-06-26 00:00:00+05:30,110.9,112.9,110.8,112.2,156885
ANDHRSUGAR,2023-06-27 00:00:00+05:30,112.7,112.75,111.25,111.95,118255
ANDHRSUGAR,2023-06-28 00:00:00+05:30,112.6,112.6,111.3,111.6,95197
ANDHRSUGAR,2023-06-30 00:00:00+05:30,112.45,113.35,111.7,112.05,155280
ANDHRSUGAR,2023-07-03 00:00:00+05:30,113.05,113.05,111.1,111.6,99660
ANDHRSUGAR,2023-07-04 00:00:00+05:30,111.95,113.0,110.9,111.1,126720
ANDHRSUGAR,2023-07-05 00:00:00+05:30,111.6,113.0,111.35,112.45,157048
ANDHRSUGAR,2023-07-06 00:00:00+05:30,112.95,113.25,111.6,112.15,207043
ANDHRSUGAR,2023-07-07 00:00:00+05:30,112.25,114.8,111.3,112.25,216979
ANDHRSUGAR,2023-07-10 00:00:00+05:30,113.25,113.25,110.5,110.7,145206
ANDHRSUGAR,2023-07-11 00:00:00+05:30,110.7,111.7,110.0,110.3,93543
ANDHRSUGAR,2023-07-12 00:00:00+05:30,111.25,112.5,110.5,110.65,146141
ANDHRSUGAR,2023-07-13 00:00:00+05:30,110.9,111.5,107.1,107.4,364652
ANDHRSUGAR,2023-07-14 00:00:00+05:30,108.4,109.5,107.25,108.15,160647
ANDHRSUGAR,2023-07-17 00:00:00+05:30,109.25,110.25,108.45,109.4,152716
ANDHRSUGAR,2023-07-18 00:00:00+05:30,109.9,110.35,107.1,107.85,171446
ANDHRSUGAR,2023-07-19 00:00:00+05:30,107.9,109.2,107.55,107.85,122672
ANDHRSUGAR,2023-07-20 00:00:00+05:30,108.5,112.15,108.5,110.2,557533
ANDHRSUGAR,2023-07-21 00:00:00+05:30,109.85,113.0,109.5,111.6,342106
ANDHRSUGAR,2023-07-24 00:00:00+05:30,111.95,114.6,111.95,112.4,559537
ANDHRSUGAR,2023-07-25 00:00:00+05:30,112.75,113.2,110.45,110.8,200346
ANDHRSUGAR,2023-07-26 00:00:00+05:30,111.15,111.6,110.05,110.4,165856
ANDHRSUGAR,2023-07-27 00:00:00+05:30,111.1,111.1,109.6,109.8,125954
ANDHRSUGAR,2023-07-28 00:00:00+05:30,110.4,110.4,107.85,108.25,236788
ANDHRSUGAR,2023-07-31 00:00:00+05:30,108.1,110.6,108.1,108.95,210452
ANDHRSUGAR,2023-08-01 00:00:00+05:30,109.8,110.9,109.25,110.0,117485
ANDHRSUGAR,2023-08-02 00:00:00+05:30,110.5,110.6,108.05,109.1,147598
ANDHRSUGAR,2023-08-03 00:00:00+05:30,109.25,110.0,108.3,108.8,119823
ANDHRSUGAR,2023-08-04 00:00:00+05:30,109.8,110.15,108.45,109.1,124277
ANDHRSUGAR,2023-08-07 00:00:00+05:30,110.0,110.8,108.45,108.6,161598
ANDHRSUGAR,2023-08-08 00:00:00+05:30,109.4,109.9,108.35,109.15,118636
ANDHRSUGAR,2023-08-09 00:00:00+05:30,109.8,109.8,104.55,107.5,834898
ANDHRSUGAR,2023-08-10 00:00:00+05:30,107.0,107.9,106.0,107.0,158440
ANDHRSUGAR,2023-08-11 00:00:00+05:30,107.7,107.7,106.1,106.6,121382
ANDHRSUGAR,2023-08-14 00:00:00+05:30,106.9,108.1,105.0,107.35,156254
ANDHRSUGAR,2023-08-16 00:00:00+05:30,107.35,107.75,106.0,106.1,112247
ANDHRSUGAR,2023-08-17 00:00:00+05:30,106.75,107.4,105.5,105.9,171010
ANDHRSUGAR,2023-08-18 00:00:00+05:30,106.0,107.1,105.5,106.0,232885
ANDHRSUGAR,2023-08-21 00:00:00+05:30,106.0,106.5,104.85,105.3,151757
ANDHRSUGAR,2023-08-22 00:00:00+05:30,105.0,106.8,105.0,105.5,123325
ANDHRSUGAR,2023-08-23 00:00:00+05:30,106.0,106.75,105.55,106.3,106755
ANDHRSUGAR,2023-08-24 00:00:00+05:30,106.95,109.15,106.0,108.35,318574
ANDHRSUGAR,2023-08-25 00:00:00+05:30,107.9,108.6,106.1,107.35,158347
ANDHRSUGAR,2023-08-28 00:00:00+05:30,108.35,111.1,107.75,110.35,532231
ANDHRSUGAR,2023-08-29 00:00:00+05:30,111.2,112.9,110.25,112.3,444666
ANDHRSUGAR,2023-08-30 00:00:00+05:30,113.15,118.55,112.95,116.4,1322422
ANDHRSUGAR,2023-08-31 00:00:00+05:30,117.2,117.7,114.0,114.45,360359
ANDHRSUGAR,2023-09-01 00:00:00+05:30,113.6,119.0,113.6,117.55,717027
ANDHRSUGAR,2023-09-04 00:00:00+05:30,118.5,122.3,118.45,120.65,927885
ANDHRSUGAR,2023-09-05 00:00:00+05:30,121.9,123.7,120.4,121.8,651452
ANDHRSUGAR,2023-09-06 00:00:00+05:30,122.75,126.8,121.85,125.15,1415913
ANDHRSUGAR,2023-09-07 00:00:00+05:30,125.9,127.3,123.2,124.15,427243
ANDHRSUGAR,2023-09-08 00:00:00+05:30,125.0,125.4,121.65,122.35,296106
ANDHRSUGAR,2023-09-11 00:00:00+05:30,123.2,125.95,123.15,124.2,319364
ANDHRSUGAR,2023-09-12 00:00:00+05:30,124.7,124.7,115.8,116.75,537745
ANDHRSUGAR,2023-09-13 00:00:00+05:30,117.3,120.25,116.0,119.45,303044
ANDHRSUGAR,2023-09-14 00:00:00+05:30,121.0,127.65,121.0,124.55,1366089
ANDHRSUGAR,2023-09-15 00:00:00+05:30,125.3,126.85,120.0,121.1,710349
ANDHRSUGAR,2023-09-18 00:00:00+05:30,121.4,122.2,118.7,119.3,294497
ANDHRSUGAR,2023-09-20 00:00:00+05:30,119.3,122.95,118.0,121.9,423021
ANDHRSUGAR,2023-09-21 00:00:00+05:30,121.9,122.55,119.05,119.25,194422
ANDHRSUGAR,2023-09-22 00:00:00+05:30,119.7,121.4,117.5,118.35,261914
ANDHRSUGAR,2023-09-25 00:00:00+05:30,118.35,128.65,118.35,123.45,1585799
ANDHRSUGAR,2023-09-26 00:00:00+05:30,124.45,124.65,121.55,122.6,230549
ANDHRSUGAR,2023-09-27 00:00:00+05:30,123.0,123.0,120.65,121.2,200119
ANDHRSUGAR,2023-09-28 00:00:00+05:30,121.95,123.5,118.25,119.0,406543
ANDHRSUGAR,2023-09-29 00:00:00+05:30,119.95,120.85,116.25,118.65,260905
ANDHRSUGAR,2023-10-03 00:00:00+05:30,118.25,119.35,117.6,118.55,169628
ANDHRSUGAR,2023-10-04 00:00:00+05:30,118.45,120.3,116.4,117.65,283839
ANDHRSUGAR,2023-10-05 00:00:00+05:30,118.65,120.0,116.7,117.05,172248
ANDHRSUGAR,2023-10-06 00:00:00+05:30,117.9,119.9,116.7,117.45,226643
ANDHRSUGAR,2023-10-09 00:00:00+05:30,117.45,118.35,114.15,114.75,248396
ANDHRSUGAR,2023-10-10 00:00:00+05:30,116.25,117.2,114.4,116.4,147699
ANDHRSUGAR,2023-10-11 00:00:00+05:30,117.0,118.9,116.6,118.25,352301
ANDHRSUGAR,2023-10-12 00:00:00+05:30,118.25,119.85,117.9,118.95,186335
ANDHRSUGAR,2023-10-13 00:00:00+05:30,118.95,120.05,117.6,118.25,192579
ANDHRSUGAR,2023-10-16 00:00:00+05:30,118.2,120.95,118.2,118.85,244772
ANDHRSUGAR,2023-10-17 00:00:00+05:30,119.95,121.85,119.15,120.25,328146
ANDHRSUGAR,2023-10-18 00:00:00+05:30,121.0,122.9,118.0,118.85,437957
ANDHRSUGAR,2023-10-19 00:00:00+05:30,118.85,118.85,117.3,117.85,128118
ANDHRSUGAR,2023-10-20 00:00:00+05:30,117.85,118.5,116.05,117.1,147340
ANDHRSUGAR,2023-10-23 00:00:00+05:30,117.65,117.65,108.1,108.8,451044
ANDHRSUGAR,2023-10-25 00:00:00+05:30,109.2,111.6,106.8,108.85,326983
ANDHRSUGAR,2023-10-26 00:00:00+05:30,108.65,109.3,105.9,108.7,187112
ANDHRSUGAR,2023-10-27 00:00:00+05:30,108.95,111.5,108.95,110.85,151868
ANDHRSUGAR,2023-10-30 00:00:00+05:30,111.7,112.6,107.5,108.1,351649
ANDHRSUGAR,2023-10-31 00:00:00+05:30,109.0,109.55,105.6,106.25,343697
ANDHRSUGAR,2023-11-01 00:00:00+05:30,106.9,107.4,106.15,106.45,111254
ANDHRSUGAR,2023-11-02 00:00:00+05:30,107.3,108.5,107.0,107.85,162634
ANDHRSUGAR,2023-11-03 00:00:00+05:30,108.8,110.75,108.1,109.45,232350
ANDHRSUGAR,2023-11-06 00:00:00+05:30,109.7,112.3,108.7,109.85,501788
ANDHRSUGAR,2023-11-07 00:00:00+05:30,110.6,110.75,109.5,109.65,187064
ANDHRSUGAR,2023-11-08 00:00:00+05:30,110.3,110.4,108.65,109.1,145971
ANDHRSUGAR,2023-11-09 00:00:00+05:30,109.25,109.9,107.0,107.95,164766
ANDHRSUGAR,2023-11-10 00:00:00+05:30,107.5,109.7,106.95,108.2,129429
ANDHRSUGAR,2023-11-12 00:00:00+05:30,110.15,110.35,108.9,109.45,59340
ANDHRSUGAR,2023-11-13 00:00:00+05:30,109.0,110.0,108.6,109.65,132040
ANDHRSUGAR,2023-11-15 00:00:00+05:30,110.0,110.6,108.0,108.5,151686
ANDHRSUGAR,2023-11-16 00:00:00+05:30,109.45,109.45,108.0,108.3,124908
ANDHRSUGAR,2023-11-17 00:00:00+05:30,108.3,111.5,108.25,109.1,233102
ANDHRSUGAR,2023-11-20 00:00:00+05:30,109.85,110.6,108.7,110.15,186730
ANDHRSUGAR,2023-11-21 00:00:00+05:30,110.75,110.95,108.4,108.85,153979
ANDHRSUGAR,2023-11-22 00:00:00+05:30,108.85,109.4,107.9,108.7,90590
ANDHRSUGAR,2023-11-23 00:00:00+05:30,109.0,114.3,108.9,112.65,749598
ANDHRSUGAR,2023-11-24 00:00:00+05:30,113.5,113.6,110.3,110.6,280807
ANDHRSUGAR,2023-11-28 00:00:00+05:30,111.2,111.7,109.3,110.15,279879
ANDHRSUGAR,2023-11-29 00:00:00+05:30,111.1,111.2,110.0,110.2,96079
ANDHRSUGAR,2023-11-30 00:00:00+05:30,109.5,111.85,109.5,110.8,220922
ANDHRSUGAR,2023-12-01 00:00:00+05:30,111.1,111.6,109.8,110.0,159461
ANDHRSUGAR,2023-12-04 00:00:00+05:30,111.15,111.55,109.55,109.75,200352
ANDHRSUGAR,2023-12-05 00:00:00+05:30,109.8,110.9,108.1,108.45,282521
ANDHRSUGAR,2023-12-06 00:00:00+05:30,109.9,110.5,108.35,109.25,567599
ANDHRSUGAR,2023-12-07 00:00:00+05:30,108.5,109.8,106.9,108.85,586920
ANDHRSUGAR,2023-12-08 00:00:00+05:30,108.0,108.7,104.4,106.75,388642
ANDHRSUGAR,2023-12-11 00:00:00+05:30,106.95,108.55,106.9,107.8,264826
ANDHRSUGAR,2023-12-12 00:00:00+05:30,108.4,109.5,107.5,108.55,220561
ANDHRSUGAR,2023-12-13 00:00:00+05:30,109.65,109.65,107.75,108.5,115540
ANDHRSUGAR,2023-12-14 00:00:00+05:30,109.0,110.65,108.1,108.6,369001
ANDHRSUGAR,2023-12-15 00:00:00+05:30,108.75,109.5,108.5,108.9,152275
ANDHRSUGAR,2023-12-18 00:00:00+05:30,112.25,113.75,108.45,109.5,1408457
ANDHRSUGAR,2023-12-19 00:00:00+05:30,109.45,109.8,108.45,109.45,213294
ANDHRSUGAR,2023-12-20 00:00:00+05:30,110.35,110.35,106.35,106.65,352043
ANDHRSUGAR,2023-12-21 00:00:00+05:30,106.6,108.0,105.9,107.55,222651
ANDHRSUGAR,2023-12-22 00:00:00+05:30,107.95,109.5,107.65,109.0,206544
ANDHRSUGAR,2023-12-26 00:00:00+05:30,110.0,110.0,108.1,108.65,154684
ANDHRSUGAR,2023-12-27 00:00:00+05:30,108.75,110.9,108.75,110.45,341722
ANDHRSUGAR,2023-12-28 00:00:00+05:30,111.0,111.45,110.2,110.65,239225
ANDHRSUGAR,2023-12-29 00:00:00+05:30,110.65,112.5,110.4,111.45,638183
ANDHRSUGAR,2024-01-01 00:00:00+05:30,112.4,113.25,110.9,111.1,437171
ANDHRSUGAR,2024-01-02 00:00:00+05:30,111.05,112.8,110.15,112.0,326958
ANDHRSUGAR,2024-01-03 00:00:00+05:30,112.0,113.4,111.3,111.75,289835
ANDHRSUGAR,2024-01-04 00:00:00+05:30,112.7,113.0,111.4,111.6,190091
ANDHRSUGAR,2024-01-05 00:00:00+05:30,112.55,112.9,110.0,110.95,217617
ANDHRSUGAR,2024-01-08 00:00:00+05:30,112.4,113.5,111.0,111.15,365542
ANDHRSUGAR,2024-01-09 00:00:00+05:30,111.95,113.4,110.4,111.2,346323
ANDHRSUGAR,2024-01-10 00:00:00+05:30,112.0,112.9,111.0,111.4,166354
ANDHRSUGAR,2024-01-11 00:00:00+05:30,111.5,115.0,111.5,114.45,475613
ANDHRSUGAR,2024-01-12 00:00:00+05:30,115.5,117.0,114.45,115.25,554995
ANDHRSUGAR,2024-01-15 00:00:00+05:30,115.55,116.85,113.4,115.05,267038
ANDHRSUGAR,2024-01-16 00:00:00+05:30,114.7,115.3,111.5,112.4,337651
ANDHRSUGAR,2024-01-17 00:00:00+05:30,111.0,111.95,108.9,109.95,186891
ANDHRSUGAR,2024-01-18 00:00:00+05:30,109.95,110.75,107.6,109.65,204363
ANDHRSUGAR,2024-01-19 00:00:00+05:30,110.25,114.75,109.7,113.55,277704
ANDHRSUGAR,2024-01-20 00:00:00+05:30,113.55,115.2,111.7,112.75,199775
ANDHRSUGAR,2024-01-23 00:00:00+05:30,113.55,113.7,107.7,108.1,373226
ANDHRSUGAR,2024-01-24 00:00:00+05:30,106.0,111.9,106.0,110.85,152792
ANDHRSUGAR,2024-01-25 00:00:00+05:30,112.0,112.95,110.05,110.75,244495
ANDHRSUGAR,2024-01-29 00:00:00+05:30,111.75,111.8,110.1,110.5,194769
ANDHRSUGAR,2024-01-30 00:00:00+05:30,110.25,111.75,108.9,109.3,271296
ANDHRSUGAR,2024-01-31 00:00:00+05:30,109.05,111.2,109.05,111.0,145065
ANDHRSUGAR,2024-02-01 00:00:00+05:30,111.0,111.7,110.75,111.1,143239
ANDHRSUGAR,2024-02-02 00:00:00+05:30,111.05,113.75,111.05,113.0,390652
ANDHRSUGAR,2024-02-05 00:00:00+05:30,113.5,117.2,112.2,114.15,857595
ANDHRSUGAR,2024-02-06 00:00:00+05:30,114.2,117.2,112.85,114.85,736475
ANDHRSUGAR,2024-02-07 00:00:00+05:30,115.05,119.55,114.5,114.85,1083903
ANDHRSUGAR,2024-02-08 00:00:00+05:30,115.3,115.8,112.0,113.7,454225
ANDHRSUGAR,2024-02-09 00:00:00+05:30,114.45,114.45,110.05,111.25,346803
ANDHRSUGAR,2024-02-12 00:00:00+05:30,111.3,111.95,105.0,107.0,424259
ANDHRSUGAR,2024-02-13 00:00:00+05:30,105.8,106.45,104.4,106.0,248546
ANDHRSUGAR,2024-02-14 00:00:00+05:30,104.8,108.15,104.8,107.75,147392
ANDHRSUGAR,2024-02-15 00:00:00+05:30,108.25,109.15,107.0,107.25,140165
ANDHRSUGAR,2024-02-16 00:00:00+05:30,107.95,108.95,107.0,108.2,158095
ANDHRSUGAR,2024-02-19 00:00:00+05:30,108.2,111.0,108.0,108.55,206348
ANDHRSUGAR,2024-02-20 00:00:00+05:30,109.85,111.95,108.5,109.65,247171
ANDHRSUGAR,2024-02-21 00:00:00+05:30,111.95,117.25,111.1,114.15,1300710
ANDHRSUGAR,2024-02-22 00:00:00+05:30,115.8,115.8,112.0,113.0,339083
ANDHRSUGAR,2024-02-23 00:00:00+05:30,114.9,114.9,112.5,112.95,197266
ANDHRSUGAR,2024-02-26 00:00:00+05:30,113.25,114.1,111.15,111.85,151282
ANDHRSUGAR,2024-02-27 00:00:00+05:30,112.5,112.9,110.7,112.3,145971
ANDHRSUGAR,2024-02-28 00:00:00+05:30,112.8,113.5,108.55,109.3,412091
ANDHRSUGAR,2024-02-29 00:00:00+05:30,108.15,110.5,108.15,110.0,211606
ANDHRSUGAR,2024-03-01 00:00:00+05:30,109.5,111.5,109.5,110.2,135857
ANDHRSUGAR,2024-03-02 00:00:00+05:30,111.0,111.95,108.5,111.05,24266
ANDHRSUGAR,2024-03-04 00:00:00+05:30,111.05,113.5,109.65,111.75,347040
ANDHRSUGAR,2024-03-05 00:00:00+05:30,111.8,112.8,108.2,109.0,271189
ANDHRSUGAR,2024-03-06 00:00:00+05:30,109.35,109.35,105.55,106.9,270312
ANDHRSUGAR,2024-03-07 00:00:00+05:30,107.05,109.95,106.55,106.9,138947
ANDHRSUGAR,2024-03-11 00:00:00+05:30,107.85,107.85,104.4,104.9,190415
ANDHRSUGAR,2024-03-12 00:00:00+05:30,104.25,105.05,101.6,102.35,208328
ANDHRSUGAR,2024-03-13 00:00:00+05:30,102.5,103.25,93.65,95.25,545133
ANDHRSUGAR,2024-03-14 00:00:00+05:30,96.0,99.9,94.2,98.85,207415
ANDHRSUGAR,2024-03-15 00:00:00+05:30,99.25,101.25,95.0,98.45,223520
ANDHRSUGAR,2024-03-18 00:00:00+05:30,100.0,100.45,97.75,98.05,167161
ANDHRSUGAR,2024-03-19 00:00:00+05:30,98.9,99.4,94.0,94.5,412054
ANDHRSUGAR,2024-03-20 00:00:00+05:30,94.5,95.35,93.15,93.5,187233
ANDHRSUGAR,2024-03-21 00:00:00+05:30,95.05,96.3,94.6,95.25,247011
ANDHRSUGAR,2024-03-22 00:00:00+05:30,95.2,96.9,95.05,96.05,209610
ANDHRSUGAR,2024-03-26 00:00:00+05:30,97.1,98.85,95.2,95.95,413440
ANDHRSUGAR,2024-03-27 00:00:00+05:30,96.65,97.5,93.5,94.15,443052
ANDHRSUGAR,2024-03-28 00:00:00+05:30,95.55,95.9,92.15,92.75,380056
ANDHRSUGAR,2024-04-01 00:00:00+05:30,93.85,102.0,93.6,99.45,299849
ANDHRSUGAR,2024-04-02 00:00:00+05:30,100.3,102.5,98.8,101.6,210535
ANDHRSUGAR,2024-04-03 00:00:00+05:30,101.6,109.75,101.6,108.5,674791
ANDHRSUGAR,2024-04-04 00:00:00+05:30,110.0,110.4,106.1,107.0,227781
ANDHRSUGAR,2024-04-05 00:00:00+05:30,106.95,110.1,105.45,109.5,247065
ANDHRSUGAR,2024-04-08 00:00:00+05:30,110.1,111.1,107.7,109.55,253849
ANDHRSUGAR,2024-04-09 00:00:00+05:30,109.7,112.0,107.1,111.0,307314
ANDHRSUGAR,2024-04-10 00:00:00+05:30,112.6,113.0,109.25,110.95,390634
ANDHRSUGAR,2024-04-12 00:00:00+05:30,110.95,110.95,107.05,107.65,187582
ANDHRSUGAR,2024-04-15 00:00:00+05:30,107.3,107.3,103.45,104.3,161848
ANDHRSUGAR,2024-04-16 00:00:00+05:30,104.3,108.1,103.8,105.65,193491
ANDHRSUGAR,2024-04-18 00:00:00+05:30,106.5,108.45,104.3,105.5,156742
ANDHRSUGAR,2024-04-19 00:00:00+05:30,104.0,106.0,104.0,105.15,105050
ANDHRSUGAR,2024-04-22 00:00:00+05:30,105.1,108.45,105.1,105.9,156652
ANDHRSUGAR,2024-04-23 00:00:00+05:30,106.9,107.8,105.55,106.0,129421
ANDHRSUGAR,2024-04-24 00:00:00+05:30,106.5,108.0,106.0,106.45,119553
ANDHRSUGAR,2024-04-25 00:00:00+05:30,106.95,109.1,106.85,107.55,166051
ANDHRSUGAR,2024-04-26 00:00:00+05:30,108.0,110.9,106.35,108.5,310650
ANDHRSUGAR,2024-04-29 00:00:00+05:30,109.95,111.5,107.6,108.15,561759
ANDHRSUGAR,2024-04-30 00:00:00+05:30,108.85,109.0,106.95,107.2,128651
ANDHRSUGAR,2024-05-02 00:00:00+05:30,107.1,108.5,106.1,107.4,183725
ANDHRSUGAR,2024-05-03 00:00:00+05:30,108.0,108.4,106.1,107.25,94836
ANDHRSUGAR,2024-05-06 00:00:00+05:30,107.25,108.05,103.8,104.75,132044
ANDHRSUGAR,2024-05-07 00:00:00+05:30,105.25,105.25,101.4,101.95,189874
ANDHRSUGAR,2024-05-08 00:00:00+05:30,102.0,105.8,101.5,104.8,232289
ANDHRSUGAR,2024-05-09 00:00:00+05:30,105.0,105.1,101.4,101.9,95179
ANDHRSUGAR,2024-05-10 00:00:00+05:30,102.9,103.1,100.95,101.4,104675
ANDHRSUGAR,2024-05-13 00:00:00+05:30,102.0,102.4,99.3,100.35,117137
ANDHRSUGAR,2024-05-14 00:00:00+05:30,101.15,103.2,101.0,101.95,108595
ANDHRSUGAR,2024-05-15 00:00:00+05:30,102.0,103.85,101.35,101.85,125736
ANDHRSUGAR,2024-05-16 00:00:00+05:30,102.8,102.8,101.25,101.8,61499
ANDHRSUGAR,2024-05-17 00:00:00+05:30,102.65,107.2,101.35,105.9,314217
ANDHRSUGAR,2024-05-18 00:00:00+05:30,106.7,106.85,104.2,104.95,26297
ANDHRSUGAR,2024-05-21 00:00:00+05:30,105.45,105.45,104.0,104.05,60259
ANDHRSUGAR,2024-05-22 00:00:00+05:30,104.8,104.8,102.3,103.55,70017
ANDHRSUGAR,2024-05-23 00:00:00+05:30,104.4,104.4,102.9,103.3,56293
ANDHRSUGAR,2024-05-24 00:00:00+05:30,103.95,103.95,101.7,102.5,78815
ANDHRSUGAR,2024-05-27 00:00:00+05:30,103.45,104.55,101.6,103.45,182260
ANDHRSUGAR,2024-05-28 00:00:00+05:30,103.45,104.1,101.05,101.45,144529
ANDHRSUGAR,2024-05-29 00:00:00+05:30,101.3,101.85,100.5,101.05,97795
ANDHRSUGAR,2024-05-30 00:00:00+05:30,100.4,102.25,98.8,99.95,168701
ANDHRSUGAR,2024-05-31 00:00:00+05:30,99.15,101.2,99.05,99.95,143462
ANDHRSUGAR,2024-06-03 00:00:00+05:30,102.35,103.2,98.8,99.4,302072
ANDHRSUGAR,2024-06-04 00:00:00+05:30,100.0,100.0,92.0,95.05,335361
ANDHRSUGAR,2024-06-05 00:00:00+05:30,96.95,104.55,95.1,102.25,348601
ANDHRSUGAR,2024-06-06 00:00:00+05:30,104.5,108.5,102.25,104.65,743056
ANDHRSUGAR,2024-06-07 00:00:00+05:30,105.3,109.75,104.5,107.6,883504
ANDHRSUGAR,2024-06-10 00:00:00+05:30,111.35,121.8,110.04,114.43,5328013
ANDHRSUGAR,2024-06-11 00:00:00+05:30,116.85,118.0,112.85,115.76,2499296
ANDHRSUGAR,2024-06-12 00:00:00+05:30,117.39,117.43,113.39,113.91,960975
ANDHRSUGAR,2024-06-13 00:00:00+05:30,114.6,128.99,114.41,124.4,11111226
ANDHRSUGAR,2024-06-14 00:00:00+05:30,125.75,128.0,123.5,125.27,3350288
ANDHRSUGAR,2024-06-18 00:00:00+05:30,126.0,126.4,121.0,121.52,1477122
ANDHRSUGAR,2024-06-19 00:00:00+05:30,122.1,127.4,117.06,123.14,3803935
ANDHRSUGAR,2024-06-20 00:00:00+05:30,124.0,125.5,121.83,123.49,861476
ANDHRSUGAR,2024-06-21 00:00:00+05:30,124.1,126.22,121.01,121.67,979010
ANDHRSUGAR,2024-06-24 00:00:00+05:30,120.01,122.48,118.18,118.75,708113
ANDHRSUGAR,2024-06-25 00:00:00+05:30,119.25,123.85,118.12,118.42,968466
ANDHRSUGAR,2024-06-26 00:00:00+05:30,119.3,119.3,116.47,117.09,413448
ANDHRSUGAR,2024-06-27 00:00:00+05:30,116.1,117.46,113.02,115.02,722896
ANDHRSUGAR,2024-06-28 00:00:00+05:30,116.43,117.61,114.45,116.83,633613
ANDHRSUGAR,2024-07-01 00:00:00+05:30,116.88,118.3,115.38,115.8,363079
ANDHRSUGAR,2024-07-02 00:00:00+05:30,116.19,121.0,115.18,120.14,1004183
ANDHRSUGAR,2024-07-03 00:00:00+05:30,120.14,121.25,118.51,119.13,577710
ANDHRSUGAR,2024-07-04 00:00:00+05:30,119.13,120.55,116.8,117.05,540938
ANDHRSUGAR,2024-07-05 00:00:00+05:30,117.05,118.08,114.7,115.18,559307
ANDHRSUGAR,2024-07-08 00:00:00+05:30,115.11,116.49,113.11,113.71,433076
ANDHRSUGAR,2024-07-09 00:00:00+05:30,114.4,124.9,114.1,122.85,4975773
ANDHRSUGAR,2024-07-10 00:00:00+05:30,124.0,124.62,119.0,121.71,1083427
ANDHRSUGAR,2024-07-11 00:00:00+05:30,122.6,126.6,121.4,123.8,2075800
ANDHRSUGAR,2024-07-12 00:00:00+05:30,124.39,125.0,120.25,121.13,790566
ANDHRSUGAR,2024-07-15 00:00:00+05:30,122.2,126.0,120.4,121.89,507195
ANDHRSUGAR,2024-07-16 00:00:00+05:30,122.97,123.84,119.89,120.28,412155
ANDHRSUGAR,2024-07-18 00:00:00+05:30,120.24,121.45,116.03,116.54,555122
ANDHRSUGAR,2024-07-19 00:00:00+05:30,117.5,117.52,113.97,114.4,358890
ANDHRSUGAR,2024-07-22 00:00:00+05:30,114.4,116.5,112.1,115.19,410595
ANDHRSUGAR,2024-07-23 00:00:00+05:30,115.0,119.49,109.0,116.94,903148
ANDHRSUGAR,2024-07-24 00:00:00+05:30,116.7,120.86,115.93,117.94,578061
ANDHRSUGAR,2024-07-25 00:00:00+05:30,117.0,120.55,116.55,116.8,487233
ANDHRSUGAR,2024-07-26 00:00:00+05:30,116.8,118.56,115.94,117.07,295412
ANDHRSUGAR,2024-07-29 00:00:00+05:30,120.0,120.88,116.8,117.17,699263
ANDHRSUGAR,2024-07-30 00:00:00+05:30,117.98,122.59,117.2,120.78,903119
ANDHRSUGAR,2024-07-31 00:00:00+05:30,120.98,123.77,118.0,118.29,918049
ANDHRSUGAR,2024-08-01 00:00:00+05:30,120.05,120.05,115.64,116.04,435528
ANDHRSUGAR,2024-08-02 00:00:00+05:30,115.95,116.4,113.68,115.3,272877
ANDHRSUGAR,2024-08-05 00:00:00+05:30,113.0,113.54,108.01,108.85,472923
ANDHRSUGAR,2024-08-06 00:00:00+05:30,109.28,111.4,106.79,107.3,297434
ANDHRSUGAR,2024-08-07 00:00:00+05:30,108.51,111.0,107.43,110.09,184898
ANDHRSUGAR,2024-08-08 00:00:00+05:30,110.9,113.89,109.39,111.92,374884
ANDHRSUGAR,2024-08-09 00:00:00+05:30,112.4,113.2,109.1,110.19,210751
ANDHRSUGAR,2024-08-12 00:00:00+05:30,109.2,113.35,108.01,112.1,920139
ANDHRSUGAR,2024-08-13 00:00:00+05:30,112.7,113.72,109.1,109.82,535226
ANDHRSUGAR,2024-08-14 00:00:00+05:30,109.82,109.89,107.38,108.35,166582
ANDHRSUGAR,2024-08-16 00:00:00+05:30,109.02,109.9,107.35,107.95,185152
ANDHRSUGAR,2024-08-19 00:00:00+05:30,108.0,112.88,108.0,110.3,397145
ANDHRSUGAR,2024-08-20 00:00:00+05:30,111.0,112.55,110.31,112.24,289118
ANDHRSUGAR,2024-08-21 00:00:00+05:30,112.1,113.75,112.03,112.44,198681
ANDHRSUGAR,2024-08-22 00:00:00+05:30,113.29,115.72,112.41,113.02,392104
ANDHRSUGAR,2024-08-23 00:00:00+05:30,114.0,115.7,112.77,113.06,354477
ANDHRSUGAR,2024-08-26 00:00:00+05:30,113.79,113.79,111.05,111.94,271699
ANDHRSUGAR,2024-08-27 00:00:00+05:30,111.0,112.7,111.0,112.19,163849
ANDHRSUGAR,2024-08-28 00:00:00+05:30,112.59,114.48,111.7,112.81,350802
ANDHRSUGAR,2024-08-29 00:00:00+05:30,113.0,116.0,112.59,113.89,536598
ANDHRSUGAR,2024-08-30 00:00:00+05:30,118.5,123.74,114.5,115.1,3650494
ANDHRSUGAR,2024-09-02 00:00:00+05:30,115.88,117.92,113.15,114.27,246511
ANDHRSUGAR,2024-09-03 00:00:00+05:30,113.6,116.24,113.15,115.02,352815
ANDHRSUGAR,2024-09-04 00:00:00+05:30,113.31,116.9,113.31,115.93,325524
ANDHRSUGAR,2024-09-05 00:00:00+05:30,117.18,117.18,114.3,114.87,276205
ANDHRSUGAR,2024-09-06 00:00:00+05:30,114.88,115.7,112.01,113.47,380307
ANDHRSUGAR,2024-09-09 00:00:00+05:30,112.5,114.0,110.92,112.02,144285
ANDHRSUGAR,2024-09-10 00:00:00+05:30,112.75,113.52,111.75,112.3,171840
ANDHRSUGAR,2024-09-11 00:00:00+05:30,112.3,113.39,108.61,109.35,227836
ANDHRSUGAR,2024-09-12 00:00:00+05:30,109.7,111.19,108.78,110.24,194274
ANDHRSUGAR,2024-09-13 00:00:00+05:30,110.07,110.95,109.4,110.16,158669
ANDHRSUGAR,2024-09-16 00:00:00+05:30,111.21,117.95,110.79,114.47,835282
ANDHRSUGAR,2024-09-17 00:00:00+05:30,114.95,114.98,112.01,112.37,185068
ANDHRSUGAR,2024-09-18 00:00:00+05:30,112.53,113.2,110.4,111.19,182887
ANDHRSUGAR,2024-09-19 00:00:00+05:30,112.0,112.3,108.2,109.31,203778
ANDHRSUGAR,2024-09-20 00:00:00+05:30,109.16,112.1,109.01,110.42,200916
ANDHRSUGAR,2024-09-23 00:00:00+05:30,110.98,111.98,110.01,110.25,201006
ANDHRSUGAR,2024-09-24 00:00:00+05:30,110.6,111.15,109.6,109.88,119529
ANDHRSUGAR,2024-09-25 00:00:00+05:30,109.9,113.78,108.35,108.95,438916
ANDHRSUGAR,2024-09-26 00:00:00+05:30,108.95,109.69,107.85,108.31,164930
ANDHRSUGAR,2024-09-27 00:00:00+05:30,109.65,116.0,109.1,110.26,1512917
ANDHRSUGAR,2024-09-30 00:00:00+05:30,110.85,114.5,109.55,112.87,549432
ANDHRSUGAR,2024-10-01 00:00:00+05:30,113.45,115.34,112.44,113.12,429862
ANDHRSUGAR,2024-10-03 00:00:00+05:30,112.05,113.78,110.15,110.7,236402
ANDHRSUGAR,2024-10-04 00:00:00+05:30,109.7,113.76,108.32,110.12,290942
ANDHRSUGAR,2024-10-07 00:00:00+05:30,110.5,111.05,103.01,104.01,410340
ANDHRSUGAR,2024-10-08 00:00:00+05:30,104.4,105.98,102.73,104.69,256769
ANDHRSUGAR,2024-10-09 00:00:00+05:30,105.75,106.79,104.7,105.18,130449
ANDHRSUGAR,2024-10-10 00:00:00+05:30,105.18,106.59,104.98,105.37,142338
ANDHRSUGAR,2024-10-11 00:00:00+05:30,105.5,106.0,104.7,105.19,99183
ANDHRSUGAR,2024-10-14 00:00:00+05:30,105.01,105.88,104.52,104.98,89772
ANDHRSUGAR,2024-10-15 00:00:00+05:30,105.05,107.47,104.45,105.33,159976
ANDHRSUGAR,2024-10-16 00:00:00+05:30,105.95,110.49,105.51,109.77,360958
ANDHRSUGAR,2024-10-17 00:00:00+05:30,109.2,109.32,106.12,106.55,143893
ANDHRSUGAR,2024-10-18 00:00:00+05:30,106.4,106.4,103.65,104.15,145501
ANDHRSUGAR,2024-10-21 00:00:00+05:30,104.4,104.98,101.06,101.71,230602
ANDHRSUGAR,2024-10-22 00:00:00+05:30,101.0,101.77,95.3,95.95,377617
ANDHRSUGAR,2024-10-23 00:00:00+05:30,96.0,99.36,94.51,98.04,167526
ANDHRSUGAR,2024-10-24 00:00:00+05:30,96.6,98.12,96.57,97.44,83178
ANDHRSUGAR,2024-10-25 00:00:00+05:30,97.44,97.98,92.45,93.62,258349
ANDHRSUGAR,2024-10-28 00:00:00+05:30,94.05,96.25,92.51,95.24,155117
ANDHRSUGAR,2024-10-29 00:00:00+05:30,94.1,97.9,94.0,96.23,158231
ANDHRSUGAR,2024-10-30 00:00:00+05:30,97.45,101.39,96.76,100.73,263026
ANDHRSUGAR,2024-10-31 00:00:00+05:30,103.44,105.85,101.55,104.55,439436
ANDHRSUGAR,2024-11-01 00:00:00+05:30,106.81,107.89,104.75,106.44,123978
ANDHRSUGAR,2024-11-04 00:00:00+05:30,106.0,106.21,101.61,103.96,167840
ANDHRSUGAR,2024-11-05 00:00:00+05:30,103.0,106.0,103.0,105.02,123125
ANDHRSUGAR,2024-11-06 00:00:00+05:30,105.85,106.05,103.91,105.67,144942
ANDHRSUGAR,2024-11-07 00:00:00+05:30,104.39,107.05,104.39,105.15,105189
ANDHRSUGAR,2024-11-08 00:00:00+05:30,105.9,106.0,102.63,103.68,130597
ANDHRSUGAR,2024-11-11 00:00:00+05:30,102.95,103.04,101.5,101.81,82131
ANDHRSUGAR,2024-11-12 00:00:00+05:30,101.81,103.0,98.44,99.32,229310
ANDHRSUGAR,2024-11-13 00:00:00+05:30,99.32,99.65,93.31,95.77,149877
ANDHRSUGAR,2024-11-14 00:00:00+05:30,95.95,97.35,94.45,95.19,146634
ANDHRSUGAR,2024-11-18 00:00:00+05:30,95.1,95.64,93.76,94.46,110518
ANDHRSUGAR,2024-11-19 00:00:00+05:30,94.46,96.69,94.09,95.31,93075
ANDHRSUGAR,2024-11-21 00:00:00+05:30,95.26,97.9,93.75,96.77,148014
ANDHRSUGAR,2024-11-22 00:00:00+05:30,96.77,98.27,95.39,96.35,119622
ANDHRSUGAR,2024-11-25 00:00:00+05:30,96.81,99.78,96.2,98.74,155449
ANDHRSUGAR,2024-11-26 00:00:00+05:30,98.74,99.75,96.77,98.65,150085
ANDHRSUGAR,2024-11-27 00:00:00+05:30,98.6,102.0,98.36,98.98,197259
ANDHRSUGAR,2024-11-28 00:00:00+05:30,99.8,101.38,99.01,100.5,133511
ANDHRSUGAR,2024-11-29 00:00:00+05:30,101.24,102.0,99.2,100.09,113055
ANDHRSUGAR,2024-12-02 00:00:00+05:30,100.0,100.55,99.6,100.17,74177
ANDHRSUGAR,2024-12-03 00:00:00+05:30,100.18,102.49,100.18,101.46,119076
ANDHRSUGAR,2024-12-04 00:00:00+05:30,101.87,102.46,100.1,100.68,130478
ANDHRSUGAR,2024-12-05 00:00:00+05:30,100.95,101.56,100.0,100.41,117248
ANDHRSUGAR,2024-12-06 00:00:00+05:30,100.2,101.49,100.05,100.7,118023
ANDHRSUGAR,2024-12-09 00:00:00+05:30,100.7,101.89,100.03,100.3,63926
ANDHRSUGAR,2024-12-10 00:00:00+05:30,99.13,102.79,98.34,102.28,272022
ANDHRSUGAR,2024-12-11 00:00:00+05:30,102.55,102.8,98.1,99.42,281203
ANDHRSUGAR,2024-12-12 00:00:00+05:30,98.91,99.4,97.0,97.73,224177
ANDHRSUGAR,2024-12-13 00:00:00+05:30,97.15,98.8,97.01,98.4,139647
ANDHRSUGAR,2024-12-16 00:00:00+05:30,98.0,99.22,97.56,98.34,92537
ANDHRSUGAR,2024-12-17 00:00:00+05:30,98.3,98.6,97.08,97.51,69547
ANDHRSUGAR,2024-12-18 00:00:00+05:30,97.89,98.08,96.32,96.88,73283
ANDHRSUGAR,2024-12-19 00:00:00+05:30,96.37,96.65,93.99,95.59,172742
ANDHRSUGAR,2024-12-20 00:00:00+05:30,95.85,98.89,93.8,94.08,201465
ANDHRSUGAR,2024-12-23 00:00:00+05:30,94.29,97.55,93.19,94.78,95710
ANDHRSUGAR,2024-12-24 00:00:00+05:30,95.3,96.04,94.06,94.5,76051
ANDHRSUGAR,2024-12-26 00:00:00+05:30,95.95,95.95,93.32,93.92,56094
ANDHRSUGAR,2024-12-27 00:00:00+05:30,94.15,94.92,93.72,93.96,75021
ANDHRSUGAR,2024-12-30 00:00:00+05:30,94.0,94.9,91.75,93.57,226619
ANDHRSUGAR,2024-12-31 00:00:00+05:30,93.57,97.52,93.26,95.95,142735
ANDHRSUGAR,2025-01-01 00:00:00+05:30,95.95,98.0,95.89,97.42,136354
ANDHRSUGAR,2025-01-02 00:00:00+05:30,98.29,100.0,96.4,99.62,220886
ANDHRSUGAR,2025-01-03 00:00:00+05:30,100.1,100.49,97.1,97.49,181012
ANDHRSUGAR,2025-01-06 00:00:00+05:30,97.79,97.79,94.5,94.87,113225
ANDHRSUGAR,2025-01-07 00:00:00+05:30,94.88,97.5,94.88,95.83,124902
ANDHRSUGAR,2025-01-08 00:00:00+05:30,95.6,96.24,92.98,93.86,110303
ANDHRSUGAR,2025-01-09 00:00:00+05:30,94.4,95.39,92.4,93.51,109637
ANDHRSUGAR,2025-01-10 00:00:00+05:30,93.97,93.97,91.02,91.22,98284
ANDHRSUGAR,2025-01-13 00:00:00+05:30,90.77,91.37,85.2,86.24,210463
ANDHRSUGAR,2025-01-14 00:00:00+05:30,86.7,89.88,86.4,88.78,108949
ANDHRSUGAR,2025-01-15 00:00:00+05:30,88.78,89.88,87.8,89.3,76211
ANDHRSUGAR,2025-01-16 00:00:00+05:30,90.45,92.85,90.45,91.0,189307
ANDHRSUGAR,2025-01-17 00:00:00+05:30,91.35,91.35,89.4,89.61,84709
ANDHRSUGAR,2025-01-20 00:00:00+05:30,91.1,94.75,90.5,91.78,283733
ANDHRSUGAR,2025-01-21 00:00:00+05:30,91.51,92.97,90.0,90.66,109322
ANDHRSUGAR,2025-01-22 00:00:00+05:30,90.66,91.19,88.21,89.78,71150
ANDHRSUGAR,2025-01-23 00:00:00+05:30,89.75,90.7,88.41,88.83,74685
ANDHRSUGAR,2025-01-24 00:00:00+05:30,89.27,89.3,87.5,88.14,65985
ANDHRSUGAR,2025-01-27 00:00:00+05:30,87.78,88.14,82.48,82.74,244069
ANDHRSUGAR,2025-01-28 00:00:00+05:30,82.01,83.15,78.71,80.74,164308
ANDHRSUGAR,2025-01-29 00:00:00+05:30,81.2,85.8,81.11,85.04,138893
ANDHRSUGAR,2025-01-30 00:00:00+05:30,84.35,85.61,84.0,84.88,93117
ANDHRSUGAR,2025-01-31 00:00:00+05:30,85.3,87.25,84.59,86.13,98322
ANDHRSUGAR,2025-02-01 00:00:00+05:30,86.85,88.0,85.25,85.5,113668
ANDHRSUGAR,2025-02-03 00:00:00+05:30,84.93,85.5,84.06,84.73,57157
ANDHRSUGAR,2025-02-04 00:00:00+05:30,85.2,91.55,84.8,89.79,209909
ANDHRSUGAR,2025-02-05 00:00:00+05:30,90.0,90.94,88.7,89.6,124986
ANDHRSUGAR,2025-02-06 00:00:00+05:30,90.1,90.1,88.5,88.83,68801
ANDHRSUGAR,2025-02-07 00:00:00+05:30,88.3,91.49,88.01,89.22,106605
ANDHRSUGAR,2025-02-10 00:00:00+05:30,89.0,89.0,85.15,86.23,73611
ANDHRSUGAR,2025-02-11 00:00:00+05:30,85.6,86.57,81.0,82.7,115213
ANDHRSUGAR,2025-02-12 00:00:00+05:30,83.1,83.1,79.0,79.99,147658
ANDHRSUGAR,2025-02-13 00:00:00+05:30,79.8,82.02,79.17,81.05,145693
ANDHRSUGAR,2025-02-14 00:00:00+05:30,80.7,82.02,78.15,78.6,140757
ANDHRSUGAR,2025-02-17 00:00:00+05:30,77.15,78.5,75.6,76.76,130951
ANDHRSUGAR,2025-02-18 00:00:00+05:30,77.2,78.0,74.0,74.83,133503
ANDHRSUGAR,2025-02-19 00:00:00+05:30,74.83,78.8,74.67,76.61,139677
ANDHRSUGAR,2025-02-20 00:00:00+05:30,76.85,81.5,76.4,80.32,188811
ANDHRSUGAR,2025-02-21 00:00:00+05:30,79.69,81.38,78.0,79.32,149673
ANDHRSUGAR,2025-02-24 00:00:00+05:30,79.3,79.3,76.8,77.18,105382
ANDHRSUGAR,2025-02-25 00:00:00+05:30,77.2,78.06,75.6,76.11,83335
ANDHRSUGAR,2025-02-27 00:00:00+05:30,76.3,76.88,73.99,74.38,177024
ANDHRSUGAR,2025-02-28 00:00:00+05:30,74.0,74.18,70.2,71.23,217321
ANDHRSUGAR,2025-03-03 00:00:00+05:30,70.65,71.8,67.15,67.74,266526
ANDHRSUGAR,2025-03-04 00:00:00+05:30,67.5,70.45,67.1,68.98,226350
ANDHRSUGAR,2025-03-05 00:00:00+05:30,69.28,72.01,68.74,70.92,160849
ANDHRSUGAR,2025-03-06 00:00:00+05:30,71.3,73.45,70.83,73.1,168477
ANDHRSUGAR,2025-03-07 00:00:00+05:30,73.46,74.89,73.11,74.16,187101
ANDHRSUGAR,2025-03-10 00:00:00+05:30,74.6,74.69,70.5,71.05,102829
ANDHRSUGAR,2025-03-11 00:00:00+05:30,70.4,70.4,66.76,67.17,278810
ANDHRSUGAR,2025-03-12 00:00:00+05:30,67.5,69.3,67.15,68.58,262062
ANDHRSUGAR,2025-03-13 00:00:00+05:30,68.0,69.4,67.61,68.23,238688
ANDHRSUGAR,2025-03-17 00:00:00+05:30,68.23,69.19,65.26,65.59,255993
ANDHRSUGAR,2025-03-18 00:00:00+05:30,65.89,69.9,65.69,66.9,367263
ANDHRSUGAR,2025-03-19 00:00:00+05:30,67.45,71.88,67.45,70.08,536678
ANDHRSUGAR,2025-03-20 00:00:00+05:30,70.4,71.94,70.4,70.71,208550
ANDHRSUGAR,2025-03-21 00:00:00+05:30,71.09,72.48,68.1,69.58,394021
ANDHRSUGAR,2025-03-24 00:00:00+05:30,70.0,73.37,70.0,70.73,568886
ANDHRSUGAR,2025-03-25 00:00:00+05:30,71.1,72.05,69.65,70.36,283392
ANDHRSUGAR,2025-03-26 00:00:00+05:30,70.01,71.0,68.36,69.09,543585
ANDHRSUGAR,2025-03-27 00:00:00+05:30,68.9,69.4,67.64,68.11,395749
ANDHRSUGAR,2025-03-28 00:00:00+05:30,67.88,70.7,66.0,66.74,418135
ANDHRSUGAR,2025-04-01 00:00:00+05:30,66.8,72.85,66.6,70.76,474877
ANDHRSUGAR,2025-04-02 00:00:00+05:30,71.1,71.2,69.03,70.89,116782
ANDHRSUGAR,2025-04-03 00:00:00+05:30,70.2,72.25,70.2,71.24,150412
ANDHRSUGAR,2025-04-04 00:00:00+05:30,70.6,71.2,68.41,69.65,236098
ANDHRSUGAR,2025-04-07 00:00:00+05:30,65.11,68.0,65.1,67.42,176113
ANDHRSUGAR,2025-04-08 00:00:00+05:30,68.45,69.65,66.81,68.27,156772
ANDHRSUGAR,2025-04-09 00:00:00+05:30,67.6,68.39,66.5,67.61,86361
ANDHRSUGAR,2025-04-11 00:00:00+05:30,68.0,68.82,67.55,68.12,107591
ANDHRSUGAR,2025-04-15 00:00:00+05:30,68.6,71.0,68.6,70.61,205236
ANDHRSUGAR,2025-04-16 00:00:00+05:30,71.01,73.0,70.31,71.59,156715
ANDHRSUGAR,2025-04-17 00:00:00+05:30,71.7,73.2,70.31,71.43,165522
ANDHRSUGAR,2025-04-21 00:00:00+05:30,71.93,74.0,70.96,72.57,328685
ANDHRSUGAR,2025-04-22 00:00:00+05:30,72.9,74.09,72.0,73.34,239299
ANDHRSUGAR,2025-04-23 00:00:00+05:30,73.99,74.4,71.9,72.94,159164
ANDHRSUGAR,2025-04-24 00:00:00+05:30,72.94,74.86,72.94,73.84,158243
ANDHRSUGAR,2025-04-25 00:00:00+05:30,74.2,74.2,69.47,71.03,232062
ANDHRSUGAR,2025-04-28 00:00:00+05:30,70.4,71.49,69.6,70.95,102332
ANDHRSUGAR,2025-04-29 00:00:00+05:30,71.3,72.44,70.51,70.65,53047
ANDHRSUGAR,2025-04-30 00:00:00+05:30,70.41,70.8,69.24,69.81,135145
ANDHRSUGAR,2025-05-02 00:00:00+05:30,69.81,70.65,68.5,69.29,91889
ANDHRSUGAR,2025-05-05 00:00:00+05:30,70.0,70.61,69.16,70.42,98006
ANDHRSUGAR,2025-05-06 00:00:00+05:30,70.42,71.1,68.1,68.9,132731
ANDHRSUGAR,2025-05-07 00:00:00+05:30,68.02,71.95,68.02,71.2,157098
ANDHRSUGAR,2025-05-08 00:00:00+05:30,71.2,72.4,69.6,70.28,115507
ANDHRSUGAR,2025-05-09 00:00:00+05:30,68.6,70.38,68.35,69.19,146020
ANDHRSUGAR,2025-05-12 00:00:00+05:30,70.1,72.78,70.1,71.25,194964
ANDHRSUGAR,2025-05-13 00:00:00+05:30,71.25,73.31,71.25,72.2,163680
ANDHRSUGAR,2025-05-14 00:00:00+05:30,72.6,74.8,72.5,73.68,181935
ANDHRSUGAR,2025-05-15 00:00:00+05:30,74.39,75.8,74.08,74.75,295331
ANDHRSUGAR,2025-05-16 00:00:00+05:30,75.1,76.01,74.11,75.43,154004
ANDHRSUGAR,2025-05-19 00:00:00+05:30,75.8,78.8,75.43,77.6,315334
ANDHRSUGAR,2025-05-20 00:00:00+05:30,78.0,78.64,75.31,75.63,116906
ANDHRSUGAR,2025-05-21 00:00:00+05:30,75.62,76.7,74.22,75.03,114535
ANDHRSUGAR,2025-05-22 00:00:00+05:30,75.32,75.7,74.3,75.47,68994
ANDHRSUGAR,2025-05-23 00:00:00+05:30,75.49,77.55,74.7,77.22,120542
ANDHRSUGAR,2025-05-26 00:00:00+05:30,77.21,77.99,75.99,76.47,110935
ANDHRSUGAR,2025-05-27 00:00:00+05:30,76.7,78.69,76.36,77.49,91270
ANDHRSUGAR,2025-05-28 00:00:00+05:30,77.78,79.25,77.38,78.07,151046
ANDHRSUGAR,2025-05-29 00:00:00+05:30,78.38,78.9,75.27,75.59,366205
ANDHRSUGAR,2025-05-30 00:00:00+05:30,76.35,76.35,74.01,74.23,133697
ANDHRSUGAR,2025-06-02 00:00:00+05:30,73.61,75.5,73.29,73.99,228240
ANDHRSUGAR,2025-06-03 00:00:00+05:30,74.4,77.25,73.35,76.38,365810
ANDHRSUGAR,2025-06-04 00:00:00+05:30,77.0,77.37,74.64,75.62,244819
ANDHRSUGAR,2025-06-05 00:00:00+05:30,76.0,78.0,75.02,76.55,313717
ANDHRSUGAR,2025-06-06 00:00:00+05:30,76.98,77.5,76.13,76.62,114811
ANDHRSUGAR,2025-06-09 00:00:00+05:30,77.21,78.87,76.5,76.89,263373
ANDHRSUGAR,2025-06-10 00:00:00+05:30,77.3,78.49,76.62,77.48,199934
ANDHRSUGAR,2025-06-11 00:00:00+05:30,77.89,79.5,76.32,77.36,352544
ANDHRSUGAR,2025-06-12 00:00:00+05:30,77.36,77.84,74.75,75.17,313494
ANDHRSUGAR,2025-06-13 00:00:00+05:30,74.7,75.78,73.45,75.17,170018
ANDHRSUGAR,2025-06-16 00:00:00+05:30,74.5,76.19,74.02,75.75,101050
ANDHRSUGAR,2025-06-17 00:00:00+05:30,75.75,75.99,74.6,74.9,100592
ANDHRSUGAR,2025-06-18 00:00:00+05:30,75.0,76.5,74.0,76.09,130992
ANDHRSUGAR,2025-06-19 00:00:00+05:30,75.4,75.99,74.45,74.83,96379
ANDHRSUGAR,2025-06-20 00:00:00+05:30,75.2,75.74,73.52,74.55,139160
ANDHRSUGAR,2025-06-23 00:00:00+05:30,74.01,74.64,73.65,74.02,281757
ANDHRSUGAR,2025-06-24 00:00:00+05:30,74.2,75.5,74.2,74.73,76529
ANDHRSUGAR,2025-06-25 00:00:00+05:30,74.97,82.0,74.1,80.49,775749
ANDHRSUGAR,2025-06-26 00:00:00+05:30,81.1,85.77,79.04,83.47,1582939
ANDHRSUGAR,2025-06-27 00:00:00+05:30,84.07,84.27,81.6,83.37,415983
ANDHRSUGAR,2025-06-30 00:00:00+05:30,83.8,84.37,81.5,83.35,301885
ANDHRSUGAR,2025-07-01 00:00:00+05:30,83.8,84.8,82.36,82.73,128942
ANDHRSUGAR,2025-07-02 00:00:00+05:30,83.0,84.29,82.01,83.35,166868
ANDHRSUGAR,2025-07-03 00:00:00+05:30,83.35,84.23,82.11,82.72,152665
ANDHRSUGAR,2025-07-04 00:00:00+05:30,83.15,83.15,81.84,82.43,107182
ANDHRSUGAR,2025-07-07 00:00:00+05:30,82.89,84.25,81.72,82.82,109673
ANDHRSUGAR,2025-07-08 00:00:00+05:30,82.82,82.9,81.51,82.49,104397
ANDHRSUGAR,2025-07-09 00:00:00+05:30,82.15,84.25,81.9,83.7,124752
ANDHRSUGAR,2025-07-10 00:00:00+05:30,84.0,84.0,82.0,82.42,160171
ANDHRSUGAR,2025-07-11 00:00:00+05:30,82.37,83.99,81.7,82.0,83066
ANDHRSUGAR,2025-07-14 00:00:00+05:30,82.4,84.0,81.25,82.66,184565
ANDHRSUGAR,2025-07-15 00:00:00+05:30,82.86,84.7,82.71,83.86,341273
ANDHRSUGAR,2025-07-16 00:00:00+05:30,83.86,84.35,83.22,83.38,151287
ANDHRSUGAR,2025-07-17 00:00:00+05:30,84.1,84.23,82.87,83.3,81837
ANDHRSUGAR,2025-07-18 00:00:00+05:30,83.9,83.9,82.45,83.23,63248
ANDHRSUGAR,2025-07-21 00:00:00+05:30,83.3,83.59,82.02,82.49,98058
ANDHRSUGAR,2025-07-22 00:00:00+05:30,82.49,83.22,82.49,82.71,75997
ANDHRSUGAR,2025-07-23 00:00:00+05:30,82.99,84.0,81.83,83.43,153801
ANDHRSUGAR,2025-07-24 00:00:00+05:30,84.17,84.8,83.51,83.88,151245
ANDHRSUGAR,2025-07-25 00:00:00+05:30,83.9,84.0,78.3,80.35,503187
ANDHRSUGAR,2025-07-28 00:00:00+05:30,80.8,80.8,77.25,78.04,187678
ANDHRSUGAR,2025-07-29 00:00:00+05:30,78.26,78.9,77.21,78.59,145923
ANDHRSUGAR,2025-07-30 00:00:00+05:30,79.0,79.0,77.39,78.07,120976
ANDHRSUGAR,2025-07-31 00:00:00+05:30,78.0,79.0,76.71,77.75,166951
ANDHRSUGAR,2025-08-01 00:00:00+05:30,77.82,78.5,76.2,76.43,105317
ANDHRSUGAR,2025-08-04 00:00:00+05:30,76.8,77.33,76.11,76.82,80233
ANDHRSUGAR,2025-08-05 00:00:00+05:30,77.2,77.52,76.0,76.27,60808
ANDHRSUGAR,2025-08-06 00:00:00+05:30,76.7,76.9,75.5,76.21,49576
ANDHRSUGAR,2025-08-07 00:00:00+05:30,75.99,76.08,73.8,74.72,116811
ANDHRSUGAR,2025-08-08 00:00:00+05:30,74.72,78.9,74.72,78.45,222821
ANDHRSUGAR,2025-08-11 00:00:00+05:30,80.0,86.7,80.0,81.92,2218343
ANDHRSUGAR,2025-08-12 00:00:00+05:30,81.75,82.62,81.0,81.12,139602
ANDHRSUGAR,2025-08-13 00:00:00+05:30,81.83,84.6,81.68,83.25,294730
ANDHRSUGAR,2025-08-14 00:00:00+05:30,83.9,83.99,80.51,80.94,150542
ANDHRSUGAR,2025-08-18 00:00:00+05:30,81.5,81.99,78.51,78.83,203666
ANDHRSUGAR,2025-08-19 00:00:00+05:30,79.2,80.4,78.89,80.21,94426
ANDHRSUGAR,2025-08-20 00:00:00+05:30,80.57,81.2,78.21,79.79,281222
ANDHRSUGAR,2025-08-21 00:00:00+05:30,79.79,80.96,79.78,79.95,107068
ANDHRSUGAR,2025-08-22 00:00:00+05:30,79.95,80.25,79.0,79.22,65704
ANDHRSUGAR,2025-08-25 00:00:00+05:30,79.41,79.66,78.22,78.5,92141
ANDHRSUGAR,2025-08-26 00:00:00+05:30,78.22,80.89,75.45,76.3,445994
ANDHRSUGAR,2025-08-28 00:00:00+05:30,76.69,77.17,75.34,75.82,108970
ANDHRSUGAR,2025-08-29 00:00:00+05:30,75.82,76.35,75.26,75.44,74671
ANDHRSUGAR,2025-09-01 00:00:00+05:30,76.02,76.89,74.7,74.98,203631
ANDHRSUGAR,2025-09-02 00:00:00+05:30,77.24,80.45,77.0,77.5,1105370
ANDHRSUGAR,2025-09-03 00:00:00+05:30,77.65,78.4,76.7,77.09,173547
ANDHRSUGAR,2025-09-04 00:00:00+05:30,77.9,78.19,77.01,77.3,120661
ANDHRSUGAR,2025-09-05 00:00:00+05:30,77.64,77.64,76.45,76.69,68113
ANDHRSUGAR,2025-09-08 00:00:00+05:30,77.01,77.3,75.3,76.24,147426
ANDHRSUGAR,2025-09-09 00:00:00+05:30,76.5,76.84,75.91,76.05,78706
ANDHRSUGAR,2025-09-10 00:00:00+05:30,76.43,77.99,76.0,76.31,104913
ANDHRSUGAR,2025-09-11 00:00:00+05:30,76.57,76.92,75.92,76.28,101682
ANDHRSUGAR,2025-09-12 00:00:00+05:30,76.08,76.28,75.4,75.57,103881
ANDHRSUGAR,2025-09-15 00:00:00+05:30,75.57,76.55,75.57,76.24,155603
ANDHRSUGAR,2025-09-16 00:00:00+05:30,76.24,76.99,76.18,76.89,77231
ANDHRSUGAR,2025-09-17 00:00:00+05:30,76.8,78.85,76.8,78.37,125253
ANDHRSUGAR,2025-09-18 00:00:00+05:30,78.76,79.68,77.76,78.33,134823
ANDHRSUGAR,2025-09-19 00:00:00+05:30,78.6,78.6,76.8,77.05,101747
ANDHRSUGAR,2025-09-22 00:00:00+05:30,76.1,77.29,76.0,76.58,111992
ANDHRSUGAR,2025-09-23 00:00:00+05:30,76.59,77.29,76.02,76.24,74860
ANDHRSUGAR,2025-09-24 00:00:00+05:30,76.0,76.6,75.4,75.57,102082
ANDHRSUGAR,2025-09-25 00:00:00+05:30,75.64,75.97,74.7,74.88,72814
ANDHRSUGAR,2025-09-26 00:00:00+05:30,74.85,74.85,73.37,73.95,123110
ANDHRSUGAR,2025-09-29 00:00:00+05:30,73.95,74.51,73.3,73.91,73439
ANDHRSUGAR,2025-09-30 00:00:00+05:30,73.91,74.9,73.64,74.7,56137
ANDHRSUGAR,2025-10-01 00:00:00+05:30,74.2,75.75,74.2,75.64,43786
ANDHRSUGAR,2025-10-03 00:00:00+05:30,75.64,75.7,74.66,75.02,96025
ANDHRSUGAR,2025-10-06 00:00:00+05:30,75.02,76.08,74.76,75.11,99189
ANDHRSUGAR,2025-10-07 00:00:00+05:30,75.3,80.69,74.61,79.21,844486
ANDHRSUGAR,2025-10-08 00:00:00+05:30,79.28,81.84,79.0,80.29,419639
ANDHRSUGAR,2025-10-09 00:00:00+05:30,81.0,81.07,79.01,80.48,184500
ANDHRSUGAR,2025-10-10 00:00:00+05:30,80.3,82.37,80.3,81.78,293686
ANDHRSUGAR,2025-10-13 00:00:00+05:30,81.74,82.38,79.3,79.7,162322
ANDHRSUGAR,2025-10-14 00:00:00+05:30,80.3,81.2,77.66,78.68,165602
ANDHRSUGAR,2025-10-15 00:00:00+05:30,79.39,80.43,77.6,78.77,132024
ANDHRSUGAR,2025-10-16 00:00:00+05:30,79.01,80.85,78.25,78.86,92648
ANDHRSUGAR,2025-10-17 00:00:00+05:30,79.02,80.5,78.55,80.23,115823
ANDHRSUGAR,2025-10-20 00:00:00+05:30,80.23,81.35,78.81,80.65,94055
ANDHRSUGAR,2025-10-21 00:00:00+05:30,81.2,81.4,80.2,80.39,26934
ANDHRSUGAR,2025-10-23 00:00:00+05:30,80.4,80.8,79.0,79.16,114300
ANDHRSUGAR,2025-10-24 00:00:00+05:30,79.5,79.85,77.84,78.33,107580
ANDHRSUGAR,2025-10-27 00:00:00+05:30,79.0,82.0,77.37,81.48,381223
ANDHRSUGAR,2025-10-28 00:00:00+05:30,81.95,81.99,80.51,81.3,134404
ANDHRSUGAR,2025-10-29 00:00:00+05:30,81.3,83.89,80.5,82.63,482915
ANDHRSUGAR,2025-10-30 00:00:00+05:30,82.49,83.0,81.28,81.79,81068
ANDHRSUGAR,2025-10-31 00:00:00+05:30,81.5,81.97,80.28,81.28,84810
ANDHRSUGAR,2025-11-03 00:00:00+05:30,81.26,81.28,80.01,80.37,75863
ANDHRSUGAR,2025-11-04 00:00:00+05:30,81.0,82.48,76.0,76.77,674836
ANDHRSUGAR,2025-11-06 00:00:00+05:30,82.0,85.89,80.0,82.08,4616101
ANDHRSUGAR,2025-11-07 00:00:00+05:30,82.4,85.08,79.67,81.95,1009564
ANDHRSUGAR,2025-11-10 00:00:00+05:30,83.7,84.5,81.25,82.08,521190
ANDHRSUGAR,2025-11-11 00:00:00+05:30,81.41,83.4,81.41,82.62,184893
ANDHRSUGAR,2025-11-12 00:00:00+05:30,82.7,84.0,81.8,82.29,207829
ANDHRSUGAR,2025-11-13 00:00:00+05:30,82.0,82.72,81.1,81.37,122803
ANDHRSUGAR,2025-11-14 00:00:00+05:30,81.0,81.74,80.55,80.87,89116
ANDHRSUGAR,2025-11-17 00:00:00+05:30,80.8,81.45,76.77,79.1,317242
ANDHRSUGAR,2025-11-18 00:00:00+05:30,79.1,79.79,78.6,78.97,151311
ANDHRSUGAR,2025-11-19 00:00:00+05:30,78.97,80.5,78.28,79.73,151796
ANDHRSUGAR,2025-11-20 00:00:00+05:30,80.05,81.0,78.81,79.78,67803
ANDHRSUGAR,2025-11-21 00:00:00+05:30,79.78,80.22,78.01,78.24,89291
ANDHRSUGAR,2025-11-24 00:00:00+05:30,78.51,78.51,76.5,76.73,67715
ANDHRSUGAR,2025-11-25 00:00:00+05:30,76.25,77.68,74.75,75.32,353257
ANDHRSUGAR,2025-11-26 00:00:00+05:30,76.33,79.93,75.53,78.42,326851
ANDHRSUGAR,2025-11-27 00:00:00+05:30,78.34,78.58,77.3,78.04,87005
ANDHRSUGAR,2025-11-28 00:00:00+05:30,78.09,78.34,76.87,77.06,80496
