Symbol,Date,Open,High,Low,Close,Volume
ANTGRAPHIC,2007-01-02 00:00:00+05:30,0.35,0.4,0.35,0.4,93603
ANTGRAPHIC,2007-01-03 00:00:00+05:30,0.4,0.4,0.35,0.4,134952
ANTGRAPHIC,2007-01-04 00:00:00+05:30,0.35,0.4,0.35,0.35,47870
ANTGRAPHIC,2007-01-05 00:00:00+05:30,0.35,0.45,0.35,0.45,509655
ANTGRAPHIC,2007-01-08 00:00:00+05:30,0.45,0.55,0.4,0.55,780946
ANTGRAPHIC,2007-01-09 00:00:00+05:30,0.55,0.65,0.55,0.65,697378
ANTGRAPHIC,2007-01-10 00:00:00+05:30,0.75,0.75,0.6,0.6,830064
ANTGRAPHIC,2007-01-11 00:00:00+05:30,0.6,0.6,0.55,0.55,355975
ANTGRAPHIC,2007-01-12 00:00:00+05:30,0.55,0.6,0.55,0.55,165725
ANTGRAPHIC,2007-01-15 00:00:00+05:30,0.55,0.6,0.55,0.6,158800
ANTGRAPHIC,2007-01-16 00:00:00+05:30,0.6,0.6,0.6,0.6,46311
ANTGRAPHIC,2007-01-17 00:00:00+05:30,0.6,0.6,0.6,0.6,238024
ANTGRAPHIC,2007-01-18 00:00:00+05:30,0.6,0.6,0.6,0.6,6301
ANTGRAPHIC,2007-01-19 00:00:00+05:30,0.6,0.6,0.6,0.6,193706
ANTGRAPHIC,2007-01-22 00:00:00+05:30,0.6,0.6,0.6,0.6,167155
ANTGRAPHIC,2007-01-23 00:00:00+05:30,0.6,0.6,0.55,0.55,41500
ANTGRAPHIC,2007-01-24 00:00:00+05:30,0.55,0.55,0.5,0.5,110360
ANTGRAPHIC,2007-01-25 00:00:00+05:30,0.5,0.55,0.45,0.5,156725
ANTGRAPHIC,2007-01-29 00:00:00+05:30,0.55,0.55,0.45,0.5,175140
ANTGRAPHIC,2007-01-31 00:00:00+05:30,0.45,0.5,0.45,0.5,53930
ANTGRAPHIC,2007-02-01 00:00:00+05:30,0.5,0.5,0.45,0.45,75675
ANTGRAPHIC,2007-02-02 00:00:00+05:30,0.5,0.5,0.45,0.5,160962
ANTGRAPHIC,2007-02-05 00:00:00+05:30,0.5,0.55,0.5,0.55,279842
ANTGRAPHIC,2007-02-06 00:00:00+05:30,0.6,0.6,0.5,0.6,402192
ANTGRAPHIC,2007-02-07 00:00:00+05:30,0.6,0.65,0.55,0.6,383212
ANTGRAPHIC,2007-02-08 00:00:00+05:30,0.55,0.6,0.55,0.55,159268
ANTGRAPHIC,2007-02-09 00:00:00+05:30,0.55,0.6,0.5,0.55,151262
ANTGRAPHIC,2007-02-12 00:00:00+05:30,0.5,0.55,0.5,0.5,91999
ANTGRAPHIC,2007-02-13 00:00:00+05:30,0.45,0.5,0.45,0.5,13402
ANTGRAPHIC,2007-02-14 00:00:00+05:30,0.55,0.55,0.45,0.45,76001
ANTGRAPHIC,2007-02-15 00:00:00+05:30,0.45,0.5,0.45,0.45,37559
ANTGRAPHIC,2007-02-19 00:00:00+05:30,0.5,0.5,0.4,0.5,102901
ANTGRAPHIC,2007-02-20 00:00:00+05:30,0.5,0.55,0.45,0.5,93136
ANTGRAPHIC,2007-02-21 00:00:00+05:30,0.45,0.55,0.45,0.45,86323
ANTGRAPHIC,2007-02-22 00:00:00+05:30,0.45,0.5,0.45,0.45,88068
ANTGRAPHIC,2007-02-23 00:00:00+05:30,0.5,0.5,0.45,0.45,98543
ANTGRAPHIC,2007-02-26 00:00:00+05:30,0.45,0.45,0.4,0.45,17764
ANTGRAPHIC,2007-02-27 00:00:00+05:30,0.45,0.45,0.4,0.45,52624
ANTGRAPHIC,2007-02-28 00:00:00+05:30,0.45,0.5,0.4,0.4,109325
ANTGRAPHIC,2007-03-01 00:00:00+05:30,0.45,0.45,0.4,0.45,36934
ANTGRAPHIC,2007-03-02 00:00:00+05:30,0.4,0.5,0.4,0.4,154120
ANTGRAPHIC,2007-03-05 00:00:00+05:30,0.45,0.45,0.35,0.4,74846
ANTGRAPHIC,2007-03-06 00:00:00+05:30,0.4,0.4,0.35,0.35,26454
ANTGRAPHIC,2007-03-07 00:00:00+05:30,0.4,0.4,0.35,0.4,5031
ANTGRAPHIC,2007-03-08 00:00:00+05:30,0.35,0.45,0.35,0.4,144954
ANTGRAPHIC,2007-03-09 00:00:00+05:30,0.4,0.45,0.4,0.4,34392
ANTGRAPHIC,2007-03-12 00:00:00+05:30,0.4,0.45,0.35,0.4,20112
ANTGRAPHIC,2007-03-13 00:00:00+05:30,0.4,0.45,0.35,0.4,59769
ANTGRAPHIC,2007-03-14 00:00:00+05:30,0.4,0.4,0.35,0.4,33448
ANTGRAPHIC,2007-03-15 00:00:00+05:30,0.35,0.4,0.35,0.4,38822
ANTGRAPHIC,2007-03-16 00:00:00+05:30,0.4,0.4,0.35,0.4,15616
ANTGRAPHIC,2007-03-19 00:00:00+05:30,0.35,0.4,0.35,0.4,59011
ANTGRAPHIC,2007-03-20 00:00:00+05:30,0.35,0.4,0.35,0.35,81298
ANTGRAPHIC,2007-03-21 00:00:00+05:30,0.35,0.4,0.35,0.35,57328
ANTGRAPHIC,2007-03-22 00:00:00+05:30,0.35,0.4,0.35,0.4,110838
ANTGRAPHIC,2007-03-23 00:00:00+05:30,0.4,0.4,0.35,0.35,139756
ANTGRAPHIC,2007-03-26 00:00:00+05:30,0.4,0.4,0.3,0.35,128426
ANTGRAPHIC,2007-03-28 00:00:00+05:30,0.4,0.4,0.3,0.3,145789
ANTGRAPHIC,2007-03-29 00:00:00+05:30,0.35,0.35,0.3,0.35,51128
ANTGRAPHIC,2007-03-30 00:00:00+05:30,0.4,0.4,0.35,0.4,78544
ANTGRAPHIC,2007-04-02 00:00:00+05:30,0.4,0.4,0.35,0.35,46016
ANTGRAPHIC,2007-04-03 00:00:00+05:30,0.4,0.4,0.35,0.35,29408
ANTGRAPHIC,2007-04-04 00:00:00+05:30,0.4,0.4,0.35,0.35,20209
ANTGRAPHIC,2007-04-05 00:00:00+05:30,0.35,0.4,0.35,0.4,57256
ANTGRAPHIC,2007-04-09 00:00:00+05:30,0.35,0.4,0.35,0.4,75009
ANTGRAPHIC,2007-04-10 00:00:00+05:30,0.35,0.4,0.35,0.35,185324
ANTGRAPHIC,2007-04-11 00:00:00+05:30,0.4,0.4,0.35,0.35,113586
ANTGRAPHIC,2007-04-12 00:00:00+05:30,0.35,0.4,0.35,0.35,120888
ANTGRAPHIC,2007-04-13 00:00:00+05:30,0.4,0.4,0.35,0.4,133436
ANTGRAPHIC,2007-04-16 00:00:00+05:30,0.4,0.45,0.35,0.4,174968
ANTGRAPHIC,2007-04-17 00:00:00+05:30,0.4,0.4,0.35,0.35,42782
ANTGRAPHIC,2007-04-18 00:00:00+05:30,0.4,0.4,0.4,0.4,73317
ANTGRAPHIC,2007-04-19 00:00:00+05:30,0.45,0.45,0.35,0.4,133561
ANTGRAPHIC,2007-04-20 00:00:00+05:30,0.4,0.45,0.35,0.4,39081
ANTGRAPHIC,2007-04-23 00:00:00+05:30,0.45,0.45,0.35,0.45,33531
ANTGRAPHIC,2007-04-24 00:00:00+05:30,0.45,0.45,0.4,0.4,19200
ANTGRAPHIC,2007-04-25 00:00:00+05:30,0.35,0.4,0.35,0.35,8006
ANTGRAPHIC,2007-04-26 00:00:00+05:30,0.35,0.4,0.35,0.4,16497
ANTGRAPHIC,2007-04-27 00:00:00+05:30,0.45,0.45,0.4,0.4,70851
ANTGRAPHIC,2007-04-30 00:00:00+05:30,0.45,0.45,0.4,0.4,38271
ANTGRAPHIC,2007-05-03 00:00:00+05:30,0.4,0.45,0.4,0.45,112607
ANTGRAPHIC,2007-05-04 00:00:00+05:30,0.4,0.45,0.4,0.4,26100
ANTGRAPHIC,2007-05-07 00:00:00+05:30,0.4,0.45,0.4,0.45,75888
ANTGRAPHIC,2007-05-08 00:00:00+05:30,0.4,0.45,0.4,0.45,22241
ANTGRAPHIC,2007-05-09 00:00:00+05:30,0.45,0.45,0.4,0.4,47300
ANTGRAPHIC,2007-05-10 00:00:00+05:30,0.4,0.45,0.4,0.4,199908
ANTGRAPHIC,2007-05-11 00:00:00+05:30,0.4,0.45,0.4,0.4,85102
ANTGRAPHIC,2007-05-14 00:00:00+05:30,0.45,0.45,0.35,0.35,58555
ANTGRAPHIC,2007-05-15 00:00:00+05:30,0.35,0.4,0.35,0.4,44100
ANTGRAPHIC,2007-05-16 00:00:00+05:30,0.45,0.45,0.35,0.4,34600
ANTGRAPHIC,2007-05-17 00:00:00+05:30,0.4,0.45,0.35,0.4,151408
ANTGRAPHIC,2007-05-18 00:00:00+05:30,0.4,0.4,0.35,0.4,85221
ANTGRAPHIC,2007-05-21 00:00:00+05:30,0.4,0.45,0.35,0.35,118038
ANTGRAPHIC,2007-05-22 00:00:00+05:30,0.35,0.4,0.35,0.35,150063
ANTGRAPHIC,2007-05-23 00:00:00+05:30,0.4,0.4,0.35,0.4,192700
ANTGRAPHIC,2007-05-24 00:00:00+05:30,0.45,0.45,0.35,0.4,114318
ANTGRAPHIC,2007-05-25 00:00:00+05:30,0.35,0.4,0.35,0.35,35193
ANTGRAPHIC,2007-05-28 00:00:00+05:30,0.35,0.4,0.35,0.4,112359
ANTGRAPHIC,2007-05-29 00:00:00+05:30,0.4,0.45,0.4,0.45,394480
ANTGRAPHIC,2007-05-30 00:00:00+05:30,0.45,0.45,0.4,0.4,44204
ANTGRAPHIC,2007-05-31 00:00:00+05:30,0.4,0.45,0.4,0.4,128301
ANTGRAPHIC,2007-06-01 00:00:00+05:30,0.45,0.45,0.4,0.4,99673
ANTGRAPHIC,2007-06-04 00:00:00+05:30,0.45,0.45,0.4,0.45,112297
ANTGRAPHIC,2007-06-05 00:00:00+05:30,0.45,0.45,0.4,0.4,137985
ANTGRAPHIC,2007-06-06 00:00:00+05:30,0.45,0.45,0.35,0.35,173349
ANTGRAPHIC,2007-06-07 00:00:00+05:30,0.35,0.4,0.35,0.35,234420
ANTGRAPHIC,2007-06-08 00:00:00+05:30,0.35,0.4,0.35,0.4,47960
ANTGRAPHIC,2007-06-11 00:00:00+05:30,0.35,0.45,0.35,0.45,15550
ANTGRAPHIC,2007-06-12 00:00:00+05:30,0.4,0.45,0.4,0.4,54002
ANTGRAPHIC,2007-06-13 00:00:00+05:30,0.45,0.45,0.35,0.4,79876
ANTGRAPHIC,2007-06-14 00:00:00+05:30,0.35,0.45,0.35,0.4,105702
ANTGRAPHIC,2007-06-15 00:00:00+05:30,0.4,0.45,0.35,0.35,52825
ANTGRAPHIC,2007-06-18 00:00:00+05:30,0.4,0.4,0.35,0.4,57150
ANTGRAPHIC,2007-06-19 00:00:00+05:30,0.4,0.4,0.35,0.35,80010
ANTGRAPHIC,2007-06-20 00:00:00+05:30,0.4,0.4,0.35,0.4,53186
ANTGRAPHIC,2007-06-21 00:00:00+05:30,0.45,0.45,0.35,0.4,99682
ANTGRAPHIC,2007-06-22 00:00:00+05:30,0.35,0.4,0.35,0.4,85950
ANTGRAPHIC,2007-06-25 00:00:00+05:30,0.35,0.4,0.35,0.4,53081
ANTGRAPHIC,2007-06-26 00:00:00+05:30,0.35,0.4,0.35,0.4,73654
ANTGRAPHIC,2007-06-27 00:00:00+05:30,0.35,0.4,0.35,0.4,20996
ANTGRAPHIC,2007-06-28 00:00:00+05:30,0.35,0.4,0.35,0.35,48600
ANTGRAPHIC,2007-06-29 00:00:00+05:30,0.4,0.4,0.35,0.35,94495
ANTGRAPHIC,2007-07-02 00:00:00+05:30,0.35,0.4,0.35,0.4,41870
ANTGRAPHIC,2007-07-03 00:00:00+05:30,0.4,0.45,0.35,0.4,104875
ANTGRAPHIC,2007-07-04 00:00:00+05:30,0.4,0.45,0.4,0.4,72829
ANTGRAPHIC,2007-07-05 00:00:00+05:30,0.35,0.45,0.35,0.45,113210
ANTGRAPHIC,2007-07-06 00:00:00+05:30,0.45,0.45,0.4,0.4,170256
ANTGRAPHIC,2007-07-09 00:00:00+05:30,0.4,0.45,0.4,0.4,63703
ANTGRAPHIC,2007-07-10 00:00:00+05:30,0.45,0.45,0.4,0.4,198070
ANTGRAPHIC,2007-07-11 00:00:00+05:30,0.45,0.45,0.35,0.4,76711
ANTGRAPHIC,2007-07-12 00:00:00+05:30,0.4,0.45,0.4,0.4,164155
ANTGRAPHIC,2007-07-13 00:00:00+05:30,0.45,0.45,0.4,0.45,110975
ANTGRAPHIC,2007-07-16 00:00:00+05:30,0.4,0.45,0.4,0.45,155927
ANTGRAPHIC,2007-07-17 00:00:00+05:30,0.45,0.45,0.4,0.4,317283
ANTGRAPHIC,2007-07-18 00:00:00+05:30,0.45,0.45,0.4,0.45,377726
ANTGRAPHIC,2007-07-19 00:00:00+05:30,0.45,0.45,0.4,0.4,48145
ANTGRAPHIC,2007-07-20 00:00:00+05:30,0.4,0.45,0.4,0.4,116053
ANTGRAPHIC,2007-07-23 00:00:00+05:30,0.45,0.45,0.4,0.4,79380
ANTGRAPHIC,2007-07-24 00:00:00+05:30,0.4,0.45,0.4,0.4,60500
ANTGRAPHIC,2007-07-25 00:00:00+05:30,0.45,0.45,0.4,0.4,115941
ANTGRAPHIC,2007-07-26 00:00:00+05:30,0.4,0.45,0.35,0.45,163911
ANTGRAPHIC,2007-07-27 00:00:00+05:30,0.45,0.45,0.4,0.4,39900
ANTGRAPHIC,2007-07-30 00:00:00+05:30,0.4,0.45,0.35,0.45,73303
ANTGRAPHIC,2007-07-31 00:00:00+05:30,0.45,0.45,0.4,0.4,120425
ANTGRAPHIC,2007-08-01 00:00:00+05:30,0.4,0.45,0.4,0.4,97039
ANTGRAPHIC,2007-08-02 00:00:00+05:30,0.4,0.45,0.4,0.45,174372
ANTGRAPHIC,2007-08-03 00:00:00+05:30,0.45,0.45,0.4,0.45,292635
ANTGRAPHIC,2007-08-06 00:00:00+05:30,0.45,0.5,0.4,0.5,502985
ANTGRAPHIC,2007-08-07 00:00:00+05:30,0.55,0.55,0.5,0.55,679164
ANTGRAPHIC,2007-08-08 00:00:00+05:30,0.5,0.6,0.5,0.6,617923
ANTGRAPHIC,2007-08-09 00:00:00+05:30,0.65,0.65,0.6,0.65,669184
ANTGRAPHIC,2007-08-10 00:00:00+05:30,0.7,0.7,0.65,0.7,1822804
ANTGRAPHIC,2007-08-13 00:00:00+05:30,0.75,0.75,0.7,0.75,1186334
ANTGRAPHIC,2007-08-14 00:00:00+05:30,0.8,0.8,0.75,0.8,1398262
ANTGRAPHIC,2007-08-16 00:00:00+05:30,0.85,0.85,0.75,0.85,1158177
ANTGRAPHIC,2007-08-17 00:00:00+05:30,0.9,0.9,0.85,0.9,1711318
ANTGRAPHIC,2007-08-20 00:00:00+05:30,0.95,0.95,0.9,0.9,1572189
ANTGRAPHIC,2007-08-21 00:00:00+05:30,0.95,0.95,0.85,0.85,475373
ANTGRAPHIC,2007-08-22 00:00:00+05:30,0.8,0.8,0.8,0.8,40940
ANTGRAPHIC,2007-08-23 00:00:00+05:30,0.75,0.75,0.75,0.75,117813
ANTGRAPHIC,2007-08-24 00:00:00+05:30,0.7,0.7,0.7,0.7,53950
ANTGRAPHIC,2007-08-27 00:00:00+05:30,0.65,0.65,0.65,0.65,39843
ANTGRAPHIC,2007-08-28 00:00:00+05:30,0.6,0.65,0.6,0.6,259000
ANTGRAPHIC,2007-08-29 00:00:00+05:30,0.55,0.55,0.55,0.55,210591
ANTGRAPHIC,2007-08-30 00:00:00+05:30,0.55,0.6,0.5,0.6,155229
ANTGRAPHIC,2007-08-31 00:00:00+05:30,0.65,0.65,0.65,0.65,65558
ANTGRAPHIC,2007-09-03 00:00:00+05:30,0.65,0.7,0.65,0.7,167000
ANTGRAPHIC,2007-09-04 00:00:00+05:30,0.7,0.75,0.7,0.75,400006
ANTGRAPHIC,2007-09-05 00:00:00+05:30,0.7,0.8,0.7,0.75,210656
ANTGRAPHIC,2007-09-06 00:00:00+05:30,0.8,0.8,0.7,0.7,137841
ANTGRAPHIC,2007-09-07 00:00:00+05:30,0.65,0.75,0.65,0.75,255914
ANTGRAPHIC,2007-09-10 00:00:00+05:30,0.8,0.8,0.7,0.7,193401
ANTGRAPHIC,2007-09-11 00:00:00+05:30,0.7,0.75,0.65,0.7,179602
ANTGRAPHIC,2007-09-12 00:00:00+05:30,0.7,0.75,0.65,0.7,184404
ANTGRAPHIC,2007-09-13 00:00:00+05:30,0.75,0.75,0.65,0.7,160663
ANTGRAPHIC,2007-09-14 00:00:00+05:30,0.65,0.75,0.65,0.7,250744
ANTGRAPHIC,2007-09-17 00:00:00+05:30,0.7,0.75,0.7,0.7,160469
ANTGRAPHIC,2007-09-18 00:00:00+05:30,0.7,0.75,0.65,0.65,174897
ANTGRAPHIC,2007-09-19 00:00:00+05:30,0.7,0.7,0.65,0.65,149115
ANTGRAPHIC,2007-09-20 00:00:00+05:30,0.7,0.7,0.65,0.65,294793
ANTGRAPHIC,2007-09-21 00:00:00+05:30,0.65,0.7,0.6,0.6,197701
ANTGRAPHIC,2007-09-24 00:00:00+05:30,0.6,0.65,0.55,0.6,182644
ANTGRAPHIC,2007-09-25 00:00:00+05:30,0.65,0.65,0.6,0.65,342450
ANTGRAPHIC,2007-09-26 00:00:00+05:30,0.65,0.7,0.65,0.65,152695
ANTGRAPHIC,2007-09-27 00:00:00+05:30,0.65,0.7,0.65,0.65,118431
ANTGRAPHIC,2007-09-28 00:00:00+05:30,0.65,0.7,0.6,0.6,262600
ANTGRAPHIC,2007-10-01 00:00:00+05:30,0.6,0.65,0.6,0.6,250849
ANTGRAPHIC,2007-10-03 00:00:00+05:30,0.6,0.65,0.6,0.65,171795
ANTGRAPHIC,2007-10-04 00:00:00+05:30,0.6,0.7,0.6,0.65,333851
ANTGRAPHIC,2007-10-05 00:00:00+05:30,0.6,0.65,0.6,0.6,75263
ANTGRAPHIC,2007-10-08 00:00:00+05:30,0.65,0.65,0.55,0.6,162045
ANTGRAPHIC,2007-10-09 00:00:00+05:30,0.55,0.6,0.55,0.55,174533
ANTGRAPHIC,2007-10-10 00:00:00+05:30,0.55,0.6,0.5,0.55,79460
ANTGRAPHIC,2007-10-11 00:00:00+05:30,0.6,0.6,0.5,0.55,70188
ANTGRAPHIC,2007-10-12 00:00:00+05:30,0.5,0.55,0.5,0.5,51982
ANTGRAPHIC,2007-10-15 00:00:00+05:30,0.5,0.55,0.45,0.55,170792
ANTGRAPHIC,2007-10-16 00:00:00+05:30,0.5,0.6,0.5,0.55,131406
ANTGRAPHIC,2007-10-17 00:00:00+05:30,0.55,0.55,0.5,0.55,97651
ANTGRAPHIC,2007-10-18 00:00:00+05:30,0.5,0.55,0.5,0.5,49501
ANTGRAPHIC,2007-10-19 00:00:00+05:30,0.5,0.55,0.45,0.55,175560
ANTGRAPHIC,2007-10-22 00:00:00+05:30,0.5,0.55,0.5,0.55,81669
ANTGRAPHIC,2007-10-23 00:00:00+05:30,0.55,0.55,0.5,0.5,32655
ANTGRAPHIC,2007-10-24 00:00:00+05:30,0.55,0.55,0.5,0.55,128918
ANTGRAPHIC,2007-10-25 00:00:00+05:30,0.55,0.55,0.5,0.55,119249
ANTGRAPHIC,2007-10-26 00:00:00+05:30,0.5,0.55,0.5,0.5,98700
ANTGRAPHIC,2007-10-29 00:00:00+05:30,0.5,0.55,0.5,0.55,243331
ANTGRAPHIC,2007-10-30 00:00:00+05:30,0.6,0.6,0.55,0.6,211336
ANTGRAPHIC,2007-10-31 00:00:00+05:30,0.55,0.65,0.55,0.6,52480
ANTGRAPHIC,2007-11-01 00:00:00+05:30,0.6,0.6,0.55,0.55,36700
ANTGRAPHIC,2007-11-02 00:00:00+05:30,0.55,0.55,0.5,0.55,233306
ANTGRAPHIC,2007-11-05 00:00:00+05:30,0.5,0.55,0.5,0.55,65570
ANTGRAPHIC,2007-11-06 00:00:00+05:30,0.5,0.55,0.5,0.5,103550
ANTGRAPHIC,2007-11-07 00:00:00+05:30,0.5,0.55,0.45,0.5,211600
ANTGRAPHIC,2007-11-08 00:00:00+05:30,0.5,0.55,0.45,0.5,81103
ANTGRAPHIC,2007-11-09 00:00:00+05:30,0.55,0.55,0.5,0.55,741
ANTGRAPHIC,2007-11-12 00:00:00+05:30,0.55,0.55,0.5,0.5,123749
ANTGRAPHIC,2007-11-13 00:00:00+05:30,0.55,0.55,0.45,0.5,102533
ANTGRAPHIC,2007-11-14 00:00:00+05:30,0.55,0.55,0.45,0.45,161600
ANTGRAPHIC,2007-11-15 00:00:00+05:30,0.45,0.5,0.45,0.5,108024
ANTGRAPHIC,2007-11-16 00:00:00+05:30,0.5,0.55,0.5,0.5,245641
ANTGRAPHIC,2007-11-19 00:00:00+05:30,0.5,0.55,0.5,0.55,99241
ANTGRAPHIC,2007-11-20 00:00:00+05:30,0.6,0.6,0.6,0.6,279731
ANTGRAPHIC,2007-11-21 00:00:00+05:30,0.65,0.65,0.55,0.55,203450
ANTGRAPHIC,2007-11-22 00:00:00+05:30,0.6,0.6,0.5,0.55,255078
ANTGRAPHIC,2007-11-23 00:00:00+05:30,0.5,0.55,0.5,0.55,113510
ANTGRAPHIC,2007-11-26 00:00:00+05:30,0.5,0.6,0.5,0.55,44149
ANTGRAPHIC,2007-11-27 00:00:00+05:30,0.6,0.6,0.5,0.55,40496
ANTGRAPHIC,2007-11-28 00:00:00+05:30,0.6,0.6,0.5,0.55,56062
ANTGRAPHIC,2007-11-29 00:00:00+05:30,0.55,0.55,0.5,0.55,47896
ANTGRAPHIC,2007-11-30 00:00:00+05:30,0.55,0.6,0.5,0.5,61959
ANTGRAPHIC,2007-12-03 00:00:00+05:30,0.55,0.55,0.55,0.55,95354
ANTGRAPHIC,2007-12-04 00:00:00+05:30,0.6,0.6,0.55,0.6,262750
ANTGRAPHIC,2007-12-05 00:00:00+05:30,0.65,0.65,0.6,0.65,514500
ANTGRAPHIC,2007-12-06 00:00:00+05:30,0.65,0.7,0.6,0.7,555934
ANTGRAPHIC,2007-12-07 00:00:00+05:30,0.75,0.75,0.7,0.75,285532
ANTGRAPHIC,2007-12-10 00:00:00+05:30,0.8,0.8,0.75,0.8,351041
ANTGRAPHIC,2007-12-11 00:00:00+05:30,0.85,0.85,0.85,0.85,196851
ANTGRAPHIC,2007-12-12 00:00:00+05:30,0.9,0.9,0.9,0.9,399845
ANTGRAPHIC,2007-12-13 00:00:00+05:30,0.95,0.95,0.95,0.95,776729
ANTGRAPHIC,2007-12-14 00:00:00+05:30,1.0,1.0,0.95,1.0,1198504
ANTGRAPHIC,2007-12-17 00:00:00+05:30,1.05,1.05,1.05,1.05,833224
ANTGRAPHIC,2007-12-18 00:00:00+05:30,1.1,1.1,1.0,1.1,2810459
ANTGRAPHIC,2007-12-19 00:00:00+05:30,1.2,1.2,1.15,1.2,617914
ANTGRAPHIC,2007-12-20 00:00:00+05:30,1.3,1.3,1.3,1.3,1029157
ANTGRAPHIC,2007-12-24 00:00:00+05:30,1.4,1.4,1.4,1.4,1072589
ANTGRAPHIC,2007-12-26 00:00:00+05:30,1.5,1.5,1.45,1.5,1380552
ANTGRAPHIC,2007-12-27 00:00:00+05:30,1.6,1.6,1.6,1.6,638875
ANTGRAPHIC,2007-12-28 00:00:00+05:30,1.7,1.7,1.7,1.7,1178351
ANTGRAPHIC,2007-12-31 00:00:00+05:30,1.8,1.8,1.8,1.8,2516152
ANTGRAPHIC,2008-01-01 00:00:00+05:30,1.9,1.9,1.75,1.9,5256674
ANTGRAPHIC,2008-01-02 00:00:00+05:30,2.0,2.0,1.9,2.0,6455599
ANTGRAPHIC,2008-01-03 00:00:00+05:30,2.1,2.1,2.1,2.1,2330045
ANTGRAPHIC,2008-01-04 00:00:00+05:30,2.25,2.25,2.25,2.25,1400528
ANTGRAPHIC,2008-01-07 00:00:00+05:30,2.4,2.4,2.4,2.4,2229728
ANTGRAPHIC,2008-01-08 00:00:00+05:30,2.55,2.55,2.3,2.3,8146228
ANTGRAPHIC,2008-01-09 00:00:00+05:30,2.2,2.35,2.2,2.2,628482
ANTGRAPHIC,2008-01-10 00:00:00+05:30,2.1,2.1,2.1,2.1,320109
ANTGRAPHIC,2008-01-11 00:00:00+05:30,2.0,2.0,2.0,2.0,118112
ANTGRAPHIC,2008-01-14 00:00:00+05:30,1.9,1.9,1.9,1.9,104998
ANTGRAPHIC,2008-01-15 00:00:00+05:30,1.8,1.8,1.8,1.8,131150
ANTGRAPHIC,2008-01-16 00:00:00+05:30,1.75,1.75,1.75,1.75,110528
ANTGRAPHIC,2008-01-17 00:00:00+05:30,1.7,1.7,1.7,1.7,614403
ANTGRAPHIC,2008-01-18 00:00:00+05:30,1.65,1.65,1.65,1.65,99922
ANTGRAPHIC,2008-01-21 00:00:00+05:30,1.6,1.6,1.6,1.6,26287
ANTGRAPHIC,2008-01-22 00:00:00+05:30,1.55,1.55,1.55,1.55,8336
ANTGRAPHIC,2008-01-23 00:00:00+05:30,1.5,1.5,1.5,1.5,56760
ANTGRAPHIC,2008-01-24 00:00:00+05:30,1.45,1.45,1.45,1.45,46604
ANTGRAPHIC,2008-01-25 00:00:00+05:30,1.4,1.4,1.4,1.4,12348
ANTGRAPHIC,2008-01-28 00:00:00+05:30,1.35,1.35,1.35,1.35,16477
ANTGRAPHIC,2008-01-29 00:00:00+05:30,1.3,1.3,1.3,1.3,27679
ANTGRAPHIC,2008-01-30 00:00:00+05:30,1.25,1.25,1.25,1.25,25154
ANTGRAPHIC,2008-01-31 00:00:00+05:30,1.2,1.2,1.2,1.2,18409
ANTGRAPHIC,2008-02-01 00:00:00+05:30,1.15,1.15,1.15,1.15,75127
ANTGRAPHIC,2008-02-04 00:00:00+05:30,1.1,1.1,1.1,1.1,196918
ANTGRAPHIC,2008-02-05 00:00:00+05:30,1.05,1.05,1.05,1.05,141464
ANTGRAPHIC,2008-02-06 00:00:00+05:30,1.0,1.0,1.0,1.0,175775
ANTGRAPHIC,2008-02-07 00:00:00+05:30,0.95,0.95,0.95,0.95,261631
ANTGRAPHIC,2008-02-08 00:00:00+05:30,0.9,0.9,0.9,0.9,109761
ANTGRAPHIC,2008-02-11 00:00:00+05:30,0.85,0.9,0.85,0.85,69936
ANTGRAPHIC,2008-02-12 00:00:00+05:30,0.85,0.85,0.85,0.85,93459
ANTGRAPHIC,2008-02-13 00:00:00+05:30,0.85,0.85,0.85,0.85,48633
ANTGRAPHIC,2008-02-14 00:00:00+05:30,0.85,0.85,0.85,0.85,271195
ANTGRAPHIC,2008-02-15 00:00:00+05:30,0.85,0.85,0.85,0.85,77461
ANTGRAPHIC,2008-02-18 00:00:00+05:30,0.85,0.9,0.8,0.9,613517
ANTGRAPHIC,2008-02-19 00:00:00+05:30,0.95,0.95,0.9,0.95,232818
ANTGRAPHIC,2008-02-20 00:00:00+05:30,1.0,1.0,1.0,1.0,350428
ANTGRAPHIC,2008-02-21 00:00:00+05:30,1.0,1.05,1.0,1.05,244193
ANTGRAPHIC,2008-02-22 00:00:00+05:30,1.1,1.1,1.1,1.1,369450
ANTGRAPHIC,2008-02-25 00:00:00+05:30,1.2,1.2,1.05,1.05,241348
ANTGRAPHIC,2008-02-26 00:00:00+05:30,1.0,1.0,1.0,1.0,120140
ANTGRAPHIC,2008-02-27 00:00:00+05:30,0.95,1.0,0.95,0.95,246226
ANTGRAPHIC,2008-02-28 00:00:00+05:30,0.95,1.0,0.9,0.95,320102
ANTGRAPHIC,2008-02-29 00:00:00+05:30,0.9,1.0,0.9,1.0,346591
ANTGRAPHIC,2008-03-03 00:00:00+05:30,0.95,1.05,0.95,0.95,452406
ANTGRAPHIC,2008-03-04 00:00:00+05:30,0.9,1.0,0.9,0.9,791250
ANTGRAPHIC,2008-03-05 00:00:00+05:30,0.95,0.95,0.85,0.9,522881
ANTGRAPHIC,2008-03-07 00:00:00+05:30,0.9,0.9,0.85,0.85,182207
ANTGRAPHIC,2008-03-10 00:00:00+05:30,0.8,0.85,0.8,0.8,50752
ANTGRAPHIC,2008-03-11 00:00:00+05:30,0.85,0.9,0.75,0.85,620713
ANTGRAPHIC,2008-03-12 00:00:00+05:30,0.95,0.95,0.85,0.85,338469
ANTGRAPHIC,2008-03-13 00:00:00+05:30,0.9,0.9,0.8,0.8,324395
ANTGRAPHIC,2008-03-14 00:00:00+05:30,0.75,0.85,0.75,0.75,416344
ANTGRAPHIC,2008-03-17 00:00:00+05:30,0.75,0.75,0.7,0.7,185338
ANTGRAPHIC,2008-03-18 00:00:00+05:30,0.65,0.7,0.65,0.65,524629
ANTGRAPHIC,2008-03-19 00:00:00+05:30,0.75,0.75,0.65,0.7,280339
ANTGRAPHIC,2008-03-24 00:00:00+05:30,0.75,0.75,0.65,0.65,244575
ANTGRAPHIC,2008-03-25 00:00:00+05:30,0.65,0.7,0.6,0.65,192677
ANTGRAPHIC,2008-03-26 00:00:00+05:30,0.6,0.7,0.6,0.65,311015
ANTGRAPHIC,2008-03-27 00:00:00+05:30,0.65,0.7,0.6,0.65,571652
ANTGRAPHIC,2008-03-28 00:00:00+05:30,0.6,0.7,0.6,0.7,1686226
ANTGRAPHIC,2008-03-31 00:00:00+05:30,0.65,0.75,0.65,0.65,1517945
ANTGRAPHIC,2008-04-01 00:00:00+05:30,0.6,0.75,0.6,0.75,684160
ANTGRAPHIC,2008-04-02 00:00:00+05:30,0.85,0.85,0.8,0.85,468285
ANTGRAPHIC,2008-04-03 00:00:00+05:30,0.9,0.9,0.85,0.85,394836
ANTGRAPHIC,2008-04-04 00:00:00+05:30,0.85,0.85,0.85,0.85,124256
ANTGRAPHIC,2008-04-07 00:00:00+05:30,0.85,0.85,0.8,0.8,170143
ANTGRAPHIC,2008-04-08 00:00:00+05:30,0.75,0.8,0.75,0.75,391711
ANTGRAPHIC,2008-04-09 00:00:00+05:30,0.75,0.8,0.7,0.8,464143
ANTGRAPHIC,2008-04-10 00:00:00+05:30,0.75,0.8,0.75,0.75,212653
ANTGRAPHIC,2008-04-11 00:00:00+05:30,0.8,0.8,0.7,0.75,248319
ANTGRAPHIC,2008-04-15 00:00:00+05:30,0.75,0.75,0.7,0.75,431110
ANTGRAPHIC,2008-04-16 00:00:00+05:30,0.8,0.8,0.7,0.75,375783
ANTGRAPHIC,2008-04-17 00:00:00+05:30,0.8,0.8,0.7,0.75,372150
ANTGRAPHIC,2008-04-21 00:00:00+05:30,0.8,0.8,0.75,0.75,273827
ANTGRAPHIC,2008-04-22 00:00:00+05:30,0.8,0.8,0.75,0.8,336193
ANTGRAPHIC,2008-04-23 00:00:00+05:30,0.75,0.85,0.75,0.75,408021
ANTGRAPHIC,2008-04-24 00:00:00+05:30,0.8,0.8,0.75,0.75,233006
ANTGRAPHIC,2008-04-25 00:00:00+05:30,0.75,0.8,0.75,0.8,543813
ANTGRAPHIC,2008-04-28 00:00:00+05:30,0.75,0.8,0.75,0.8,221038
ANTGRAPHIC,2008-04-29 00:00:00+05:30,0.8,0.8,0.75,0.8,284591
ANTGRAPHIC,2008-04-30 00:00:00+05:30,0.75,0.8,0.75,0.75,538240
ANTGRAPHIC,2008-05-02 00:00:00+05:30,0.75,0.8,0.7,0.75,343486
ANTGRAPHIC,2008-05-05 00:00:00+05:30,0.8,0.8,0.7,0.75,193628
ANTGRAPHIC,2008-05-06 00:00:00+05:30,0.75,0.75,0.7,0.7,412248
ANTGRAPHIC,2008-05-07 00:00:00+05:30,0.75,0.75,0.7,0.7,179064
ANTGRAPHIC,2008-05-08 00:00:00+05:30,0.7,0.75,0.7,0.7,387496
ANTGRAPHIC,2008-05-09 00:00:00+05:30,0.7,0.75,0.7,0.7,298457
ANTGRAPHIC,2008-05-12 00:00:00+05:30,0.75,0.75,0.65,0.75,433873
ANTGRAPHIC,2008-05-13 00:00:00+05:30,0.75,0.75,0.7,0.75,318847
ANTGRAPHIC,2008-05-14 00:00:00+05:30,0.7,0.75,0.7,0.75,320864
ANTGRAPHIC,2008-05-15 00:00:00+05:30,0.7,0.75,0.7,0.7,346810
ANTGRAPHIC,2008-05-16 00:00:00+05:30,0.75,0.8,0.7,0.8,569419
ANTGRAPHIC,2008-05-20 00:00:00+05:30,0.8,0.8,0.75,0.8,345856
ANTGRAPHIC,2008-05-21 00:00:00+05:30,0.75,0.8,0.75,0.75,271595
ANTGRAPHIC,2008-05-22 00:00:00+05:30,0.7,0.8,0.7,0.75,208488
ANTGRAPHIC,2008-05-23 00:00:00+05:30,0.8,0.8,0.75,0.75,151156
ANTGRAPHIC,2008-05-26 00:00:00+05:30,0.75,0.8,0.75,0.75,243580
ANTGRAPHIC,2008-05-27 00:00:00+05:30,0.75,0.8,0.7,0.7,313284
ANTGRAPHIC,2008-05-28 00:00:00+05:30,0.8,0.8,0.7,0.75,421054
ANTGRAPHIC,2008-05-29 00:00:00+05:30,0.75,0.75,0.7,0.7,294500
ANTGRAPHIC,2008-05-30 00:00:00+05:30,0.7,0.75,0.7,0.7,166580
ANTGRAPHIC,2008-06-02 00:00:00+05:30,0.7,0.75,0.65,0.7,478807
ANTGRAPHIC,2008-06-03 00:00:00+05:30,0.7,0.75,0.65,0.7,388300
ANTGRAPHIC,2008-06-04 00:00:00+05:30,0.7,0.7,0.65,0.65,118616
ANTGRAPHIC,2008-06-05 00:00:00+05:30,0.65,0.75,0.65,0.7,401798
ANTGRAPHIC,2008-06-06 00:00:00+05:30,0.75,0.75,0.65,0.7,187483
ANTGRAPHIC,2008-06-09 00:00:00+05:30,0.65,0.7,0.65,0.7,299345
ANTGRAPHIC,2008-06-10 00:00:00+05:30,0.7,0.7,0.65,0.65,135384
ANTGRAPHIC,2008-06-11 00:00:00+05:30,0.65,0.7,0.65,0.65,366513
ANTGRAPHIC,2008-06-12 00:00:00+05:30,0.65,0.7,0.65,0.65,250342
ANTGRAPHIC,2008-06-13 00:00:00+05:30,0.65,0.7,0.65,0.7,245349
ANTGRAPHIC,2008-06-16 00:00:00+05:30,0.65,0.7,0.65,0.65,157853
ANTGRAPHIC,2008-06-17 00:00:00+05:30,0.7,0.75,0.65,0.75,298418
ANTGRAPHIC,2008-06-18 00:00:00+05:30,0.75,0.75,0.7,0.7,247691
ANTGRAPHIC,2008-06-19 00:00:00+05:30,0.7,0.75,0.65,0.7,143721
ANTGRAPHIC,2008-06-20 00:00:00+05:30,0.65,0.7,0.65,0.65,217302
ANTGRAPHIC,2008-06-23 00:00:00+05:30,0.65,0.7,0.65,0.65,409460
ANTGRAPHIC,2008-06-24 00:00:00+05:30,0.7,0.7,0.6,0.65,362592
ANTGRAPHIC,2008-06-25 00:00:00+05:30,0.7,0.7,0.6,0.6,100479
ANTGRAPHIC,2008-06-26 00:00:00+05:30,0.65,0.7,0.6,0.7,304553
ANTGRAPHIC,2008-06-27 00:00:00+05:30,0.65,0.7,0.65,0.65,172355
ANTGRAPHIC,2008-06-30 00:00:00+05:30,0.65,0.7,0.6,0.6,274427
ANTGRAPHIC,2008-07-01 00:00:00+05:30,0.6,0.65,0.55,0.55,525097
ANTGRAPHIC,2008-07-02 00:00:00+05:30,0.55,0.6,0.5,0.55,522440
ANTGRAPHIC,2008-07-03 00:00:00+05:30,0.6,0.6,0.5,0.5,188948
ANTGRAPHIC,2008-07-04 00:00:00+05:30,0.5,0.55,0.5,0.55,146352
ANTGRAPHIC,2008-07-07 00:00:00+05:30,0.55,0.6,0.55,0.6,216796
ANTGRAPHIC,2008-07-08 00:00:00+05:30,0.6,0.65,0.6,0.6,136682
ANTGRAPHIC,2008-07-09 00:00:00+05:30,0.65,0.65,0.6,0.6,107200
ANTGRAPHIC,2008-07-10 00:00:00+05:30,0.65,0.65,0.6,0.6,150721
ANTGRAPHIC,2008-07-11 00:00:00+05:30,0.65,0.65,0.6,0.6,77256
ANTGRAPHIC,2008-07-14 00:00:00+05:30,0.65,0.65,0.6,0.6,48984
ANTGRAPHIC,2008-07-15 00:00:00+05:30,0.6,0.6,0.6,0.6,154654
ANTGRAPHIC,2008-07-16 00:00:00+05:30,0.65,0.65,0.6,0.6,64835
ANTGRAPHIC,2008-07-17 00:00:00+05:30,0.6,0.65,0.6,0.6,49202
ANTGRAPHIC,2008-07-18 00:00:00+05:30,0.6,0.65,0.6,0.6,60839
ANTGRAPHIC,2008-07-21 00:00:00+05:30,0.6,0.65,0.6,0.6,81640
ANTGRAPHIC,2008-07-22 00:00:00+05:30,0.6,0.65,0.6,0.65,74497
ANTGRAPHIC,2008-07-23 00:00:00+05:30,0.65,0.7,0.65,0.7,416879
ANTGRAPHIC,2008-07-24 00:00:00+05:30,0.7,0.7,0.7,0.7,33950
ANTGRAPHIC,2008-07-25 00:00:00+05:30,0.7,0.7,0.7,0.7,229003
ANTGRAPHIC,2008-07-28 00:00:00+05:30,0.7,0.75,0.7,0.75,169655
ANTGRAPHIC,2008-07-29 00:00:00+05:30,0.75,0.75,0.75,0.75,138112
ANTGRAPHIC,2008-07-30 00:00:00+05:30,0.75,0.75,0.75,0.75,62422
ANTGRAPHIC,2008-07-31 00:00:00+05:30,0.75,0.75,0.75,0.75,63938
ANTGRAPHIC,2008-08-01 00:00:00+05:30,0.8,0.8,0.75,0.75,54369
ANTGRAPHIC,2008-08-04 00:00:00+05:30,0.75,0.75,0.75,0.75,24538
ANTGRAPHIC,2008-08-05 00:00:00+05:30,0.75,0.75,0.75,0.75,12110
ANTGRAPHIC,2008-08-06 00:00:00+05:30,0.75,0.75,0.75,0.75,6010
ANTGRAPHIC,2008-08-07 00:00:00+05:30,0.75,0.75,0.75,0.75,4109
ANTGRAPHIC,2008-08-08 00:00:00+05:30,0.75,0.75,0.75,0.75,8200
ANTGRAPHIC,2008-08-11 00:00:00+05:30,0.75,0.75,0.75,0.75,19360
ANTGRAPHIC,2008-08-12 00:00:00+05:30,0.75,0.75,0.75,0.75,13802
ANTGRAPHIC,2008-08-13 00:00:00+05:30,0.75,0.75,0.75,0.75,1390
ANTGRAPHIC,2008-08-14 00:00:00+05:30,0.75,0.75,0.75,0.75,21525
ANTGRAPHIC,2008-08-18 00:00:00+05:30,0.75,0.75,0.75,0.75,2151
ANTGRAPHIC,2008-08-19 00:00:00+05:30,0.75,0.75,0.75,0.75,670
ANTGRAPHIC,2008-08-20 00:00:00+05:30,0.75,0.75,0.75,0.75,602
ANTGRAPHIC,2008-08-21 00:00:00+05:30,0.75,0.75,0.75,0.75,16691
ANTGRAPHIC,2008-08-22 00:00:00+05:30,0.75,0.75,0.75,0.75,15521
ANTGRAPHIC,2008-08-25 00:00:00+05:30,0.75,0.75,0.75,0.75,300
ANTGRAPHIC,2008-08-26 00:00:00+05:30,0.75,0.75,0.75,0.75,10500
ANTGRAPHIC,2008-08-27 00:00:00+05:30,0.75,0.75,0.75,0.75,2230
ANTGRAPHIC,2008-08-28 00:00:00+05:30,0.75,0.75,0.75,0.75,10
ANTGRAPHIC,2008-08-29 00:00:00+05:30,0.75,0.75,0.75,0.75,7127
ANTGRAPHIC,2008-09-01 00:00:00+05:30,0.75,0.75,0.75,0.75,2255
ANTGRAPHIC,2008-09-02 00:00:00+05:30,0.75,0.75,0.75,0.75,20930
ANTGRAPHIC,2008-09-04 00:00:00+05:30,0.75,0.75,0.75,0.75,3161
ANTGRAPHIC,2008-09-05 00:00:00+05:30,0.75,0.75,0.75,0.75,12401
ANTGRAPHIC,2008-09-08 00:00:00+05:30,0.7,0.7,0.7,0.7,15101
ANTGRAPHIC,2008-09-09 00:00:00+05:30,0.7,0.7,0.65,0.65,72675
ANTGRAPHIC,2008-09-10 00:00:00+05:30,0.65,0.65,0.6,0.65,225656
ANTGRAPHIC,2008-09-11 00:00:00+05:30,0.65,0.65,0.6,0.6,71956
ANTGRAPHIC,2008-09-12 00:00:00+05:30,0.6,0.65,0.55,0.55,213781
ANTGRAPHIC,2008-09-15 00:00:00+05:30,0.6,0.6,0.5,0.55,170148
ANTGRAPHIC,2008-09-16 00:00:00+05:30,0.5,0.55,0.5,0.55,125413
ANTGRAPHIC,2008-09-17 00:00:00+05:30,0.55,0.55,0.5,0.5,145460
ANTGRAPHIC,2008-09-18 00:00:00+05:30,0.5,0.55,0.45,0.55,359048
ANTGRAPHIC,2008-09-19 00:00:00+05:30,0.55,0.55,0.5,0.5,314676
ANTGRAPHIC,2008-09-22 00:00:00+05:30,0.5,0.55,0.45,0.5,120423
ANTGRAPHIC,2008-09-23 00:00:00+05:30,0.5,0.5,0.45,0.45,97111
ANTGRAPHIC,2008-09-24 00:00:00+05:30,0.5,0.5,0.45,0.5,260582
ANTGRAPHIC,2008-09-25 00:00:00+05:30,0.45,0.5,0.45,0.5,103229
ANTGRAPHIC,2008-09-26 00:00:00+05:30,0.5,0.5,0.45,0.5,93810
ANTGRAPHIC,2008-09-29 00:00:00+05:30,0.5,0.5,0.45,0.45,255585
ANTGRAPHIC,2008-09-30 00:00:00+05:30,0.45,0.5,0.4,0.45,235219
ANTGRAPHIC,2008-10-01 00:00:00+05:30,0.45,0.5,0.45,0.45,67386
ANTGRAPHIC,2008-10-03 00:00:00+05:30,0.45,0.5,0.45,0.45,71142
ANTGRAPHIC,2008-10-06 00:00:00+05:30,0.45,0.45,0.4,0.4,261174
ANTGRAPHIC,2008-10-07 00:00:00+05:30,0.4,0.45,0.35,0.4,210852
ANTGRAPHIC,2008-10-08 00:00:00+05:30,0.4,0.4,0.35,0.35,109092
ANTGRAPHIC,2008-10-10 00:00:00+05:30,0.4,0.4,0.3,0.35,348622
ANTGRAPHIC,2008-10-13 00:00:00+05:30,0.4,0.4,0.35,0.4,81609
ANTGRAPHIC,2008-10-14 00:00:00+05:30,0.4,0.4,0.35,0.4,158747
ANTGRAPHIC,2008-10-15 00:00:00+05:30,0.4,0.45,0.35,0.4,70425
ANTGRAPHIC,2008-10-16 00:00:00+05:30,0.35,0.4,0.35,0.4,62271
ANTGRAPHIC,2008-10-17 00:00:00+05:30,0.35,0.4,0.35,0.4,56406
ANTGRAPHIC,2008-10-20 00:00:00+05:30,0.35,0.4,0.35,0.35,181348
ANTGRAPHIC,2008-10-21 00:00:00+05:30,0.35,0.4,0.35,0.35,48457
ANTGRAPHIC,2008-10-22 00:00:00+05:30,0.35,0.4,0.35,0.4,33470
ANTGRAPHIC,2008-10-23 00:00:00+05:30,0.35,0.4,0.35,0.35,60521
ANTGRAPHIC,2008-10-24 00:00:00+05:30,0.3,0.4,0.3,0.3,101580
ANTGRAPHIC,2008-10-27 00:00:00+05:30,0.3,0.35,0.25,0.3,871867
ANTGRAPHIC,2008-10-28 00:00:00+05:30,0.35,0.35,0.3,0.35,116678
ANTGRAPHIC,2008-10-29 00:00:00+05:30,0.3,0.4,0.3,0.3,69820
ANTGRAPHIC,2008-10-31 00:00:00+05:30,0.3,0.35,0.3,0.3,55976
ANTGRAPHIC,2008-11-03 00:00:00+05:30,0.3,0.35,0.3,0.35,203685
ANTGRAPHIC,2008-11-04 00:00:00+05:30,0.35,0.35,0.3,0.35,232431
ANTGRAPHIC,2008-11-05 00:00:00+05:30,0.35,0.35,0.3,0.3,314857
ANTGRAPHIC,2008-11-06 00:00:00+05:30,0.3,0.35,0.3,0.35,117139
ANTGRAPHIC,2008-11-07 00:00:00+05:30,0.3,0.35,0.3,0.35,106453
ANTGRAPHIC,2008-11-10 00:00:00+05:30,0.3,0.35,0.3,0.3,155338
ANTGRAPHIC,2008-11-11 00:00:00+05:30,0.3,0.35,0.3,0.35,241429
ANTGRAPHIC,2008-11-12 00:00:00+05:30,0.3,0.35,0.3,0.35,95976
ANTGRAPHIC,2008-11-14 00:00:00+05:30,0.3,0.35,0.3,0.35,42221
ANTGRAPHIC,2008-11-17 00:00:00+05:30,0.3,0.35,0.3,0.35,67617
ANTGRAPHIC,2008-11-18 00:00:00+05:30,0.3,0.35,0.3,0.35,51266
ANTGRAPHIC,2008-11-19 00:00:00+05:30,0.3,0.35,0.3,0.35,118135
ANTGRAPHIC,2008-11-20 00:00:00+05:30,0.3,0.35,0.3,0.3,71871
ANTGRAPHIC,2008-11-21 00:00:00+05:30,0.3,0.35,0.3,0.3,74101
ANTGRAPHIC,2008-11-24 00:00:00+05:30,0.3,0.35,0.3,0.35,111624
ANTGRAPHIC,2008-11-25 00:00:00+05:30,0.3,0.35,0.3,0.3,89583
ANTGRAPHIC,2008-11-26 00:00:00+05:30,0.3,0.35,0.3,0.35,42847
ANTGRAPHIC,2008-11-28 00:00:00+05:30,0.3,0.35,0.3,0.3,103955
ANTGRAPHIC,2008-12-01 00:00:00+05:30,0.3,0.35,0.3,0.35,130909
ANTGRAPHIC,2008-12-02 00:00:00+05:30,0.3,0.35,0.3,0.35,63158
ANTGRAPHIC,2008-12-03 00:00:00+05:30,0.3,0.35,0.3,0.3,104006
ANTGRAPHIC,2008-12-04 00:00:00+05:30,0.3,0.35,0.3,0.3,58595
ANTGRAPHIC,2008-12-05 00:00:00+05:30,0.3,0.35,0.3,0.35,33434
ANTGRAPHIC,2008-12-08 00:00:00+05:30,0.35,0.35,0.3,0.35,132585
ANTGRAPHIC,2008-12-10 00:00:00+05:30,0.35,0.35,0.3,0.35,30731
ANTGRAPHIC,2008-12-11 00:00:00+05:30,0.3,0.35,0.3,0.35,52481
ANTGRAPHIC,2008-12-12 00:00:00+05:30,0.3,0.35,0.3,0.35,73463
ANTGRAPHIC,2008-12-15 00:00:00+05:30,0.3,0.4,0.3,0.4,374795
ANTGRAPHIC,2008-12-16 00:00:00+05:30,0.35,0.4,0.35,0.35,107163
ANTGRAPHIC,2008-12-17 00:00:00+05:30,0.35,0.4,0.35,0.35,157569
ANTGRAPHIC,2008-12-18 00:00:00+05:30,0.35,0.4,0.35,0.4,132609
ANTGRAPHIC,2008-12-19 00:00:00+05:30,0.35,0.4,0.35,0.35,30392
ANTGRAPHIC,2008-12-22 00:00:00+05:30,0.35,0.4,0.35,0.35,29497
ANTGRAPHIC,2008-12-23 00:00:00+05:30,0.35,0.4,0.35,0.4,21357
ANTGRAPHIC,2008-12-24 00:00:00+05:30,0.35,0.4,0.35,0.4,80441
ANTGRAPHIC,2008-12-26 00:00:00+05:30,0.35,0.4,0.35,0.4,69444
ANTGRAPHIC,2008-12-29 00:00:00+05:30,0.35,0.4,0.35,0.4,56920
ANTGRAPHIC,2008-12-30 00:00:00+05:30,0.35,0.45,0.35,0.45,200082
ANTGRAPHIC,2008-12-31 00:00:00+05:30,0.4,0.45,0.4,0.4,174819
ANTGRAPHIC,2009-01-01 00:00:00+05:30,0.35,0.4,0.35,0.4,55567
ANTGRAPHIC,2009-01-02 00:00:00+05:30,0.35,0.4,0.35,0.4,59242
ANTGRAPHIC,2009-01-05 00:00:00+05:30,0.35,0.4,0.35,0.35,22732
ANTGRAPHIC,2009-01-06 00:00:00+05:30,0.4,0.4,0.35,0.4,156979
ANTGRAPHIC,2009-01-07 00:00:00+05:30,0.35,0.45,0.35,0.35,84394
ANTGRAPHIC,2009-01-09 00:00:00+05:30,0.35,0.4,0.35,0.35,116619
ANTGRAPHIC,2009-01-12 00:00:00+05:30,0.35,0.4,0.35,0.35,88737
ANTGRAPHIC,2009-01-13 00:00:00+05:30,0.35,0.35,0.3,0.3,310652
ANTGRAPHIC,2009-01-14 00:00:00+05:30,0.35,0.35,0.3,0.35,88923
ANTGRAPHIC,2009-01-15 00:00:00+05:30,0.3,0.35,0.3,0.35,77971
ANTGRAPHIC,2009-01-16 00:00:00+05:30,0.35,0.35,0.3,0.35,60381
ANTGRAPHIC,2009-01-19 00:00:00+05:30,0.35,0.35,0.3,0.35,52303
ANTGRAPHIC,2009-01-20 00:00:00+05:30,0.3,0.35,0.3,0.3,40455
ANTGRAPHIC,2009-01-21 00:00:00+05:30,0.3,0.35,0.3,0.35,94062
ANTGRAPHIC,2009-01-22 00:00:00+05:30,0.3,0.35,0.3,0.35,186813
ANTGRAPHIC,2009-01-23 00:00:00+05:30,0.3,0.35,0.3,0.35,44166
ANTGRAPHIC,2009-01-27 00:00:00+05:30,0.3,0.35,0.3,0.35,152805
ANTGRAPHIC,2009-01-28 00:00:00+05:30,0.35,0.35,0.3,0.35,78786
ANTGRAPHIC,2009-01-29 00:00:00+05:30,0.3,0.35,0.3,0.35,70705
ANTGRAPHIC,2009-01-30 00:00:00+05:30,0.3,0.35,0.3,0.35,132019
ANTGRAPHIC,2009-02-02 00:00:00+05:30,0.35,0.35,0.3,0.35,35959
ANTGRAPHIC,2009-02-03 00:00:00+05:30,0.35,0.35,0.3,0.35,64824
ANTGRAPHIC,2009-02-04 00:00:00+05:30,0.3,0.35,0.3,0.35,49226
ANTGRAPHIC,2009-02-05 00:00:00+05:30,0.35,0.35,0.3,0.35,95570
ANTGRAPHIC,2009-02-06 00:00:00+05:30,0.3,0.35,0.3,0.35,38706
ANTGRAPHIC,2009-02-09 00:00:00+05:30,0.3,0.35,0.3,0.35,74776
ANTGRAPHIC,2009-02-10 00:00:00+05:30,0.3,0.35,0.3,0.3,96582
ANTGRAPHIC,2009-02-11 00:00:00+05:30,0.3,0.35,0.3,0.35,229152
ANTGRAPHIC,2009-02-12 00:00:00+05:30,0.3,0.35,0.3,0.35,105858
ANTGRAPHIC,2009-02-13 00:00:00+05:30,0.35,0.35,0.3,0.35,102265
ANTGRAPHIC,2009-02-16 00:00:00+05:30,0.35,0.35,0.3,0.3,80240
ANTGRAPHIC,2009-02-17 00:00:00+05:30,0.3,0.35,0.3,0.35,45830
ANTGRAPHIC,2009-02-18 00:00:00+05:30,0.3,0.35,0.3,0.3,76410
ANTGRAPHIC,2009-02-19 00:00:00+05:30,0.3,0.35,0.3,0.35,116739
ANTGRAPHIC,2009-02-20 00:00:00+05:30,0.35,0.35,0.3,0.35,198426
ANTGRAPHIC,2009-02-24 00:00:00+05:30,0.3,0.35,0.3,0.35,119194
ANTGRAPHIC,2009-02-25 00:00:00+05:30,0.3,0.35,0.3,0.3,72429
ANTGRAPHIC,2009-02-26 00:00:00+05:30,0.35,0.35,0.3,0.35,32505
ANTGRAPHIC,2009-02-27 00:00:00+05:30,0.3,0.35,0.3,0.3,152481
ANTGRAPHIC,2009-03-02 00:00:00+05:30,0.3,0.35,0.3,0.35,476640
ANTGRAPHIC,2009-03-03 00:00:00+05:30,0.3,0.35,0.3,0.3,118322
ANTGRAPHIC,2009-03-04 00:00:00+05:30,0.3,0.35,0.3,0.3,17230
ANTGRAPHIC,2009-03-05 00:00:00+05:30,0.3,0.35,0.3,0.35,63780
ANTGRAPHIC,2009-03-06 00:00:00+05:30,0.3,0.35,0.3,0.35,123230
ANTGRAPHIC,2009-03-09 00:00:00+05:30,0.35,0.35,0.3,0.35,85705
ANTGRAPHIC,2009-03-12 00:00:00+05:30,0.3,0.35,0.3,0.3,34718
ANTGRAPHIC,2009-03-13 00:00:00+05:30,0.3,0.35,0.3,0.3,104096
ANTGRAPHIC,2009-03-16 00:00:00+05:30,0.3,0.35,0.3,0.3,96132
ANTGRAPHIC,2009-03-17 00:00:00+05:30,0.35,0.35,0.3,0.3,56728
ANTGRAPHIC,2009-03-18 00:00:00+05:30,0.35,0.35,0.3,0.3,116034
ANTGRAPHIC,2009-03-19 00:00:00+05:30,0.3,0.35,0.3,0.35,44930
ANTGRAPHIC,2009-03-20 00:00:00+05:30,0.3,0.35,0.3,0.3,91986
ANTGRAPHIC,2009-03-23 00:00:00+05:30,0.3,0.35,0.3,0.3,105595
ANTGRAPHIC,2009-03-24 00:00:00+05:30,0.3,0.35,0.3,0.3,79320
ANTGRAPHIC,2009-03-25 00:00:00+05:30,0.3,0.35,0.3,0.3,132020
ANTGRAPHIC,2009-03-26 00:00:00+05:30,0.3,0.35,0.25,0.3,217076
ANTGRAPHIC,2009-03-27 00:00:00+05:30,0.3,0.35,0.3,0.3,106519
ANTGRAPHIC,2009-03-30 00:00:00+05:30,0.3,0.35,0.3,0.3,38075
ANTGRAPHIC,2009-03-31 00:00:00+05:30,0.3,0.35,0.3,0.35,55095
ANTGRAPHIC,2009-04-01 00:00:00+05:30,0.3,0.35,0.3,0.35,58904
ANTGRAPHIC,2009-04-02 00:00:00+05:30,0.3,0.35,0.3,0.35,192493
ANTGRAPHIC,2009-04-06 00:00:00+05:30,0.3,0.35,0.3,0.35,103488
ANTGRAPHIC,2009-04-08 00:00:00+05:30,0.3,0.35,0.3,0.3,107549
ANTGRAPHIC,2009-04-09 00:00:00+05:30,0.35,0.35,0.3,0.3,554794
ANTGRAPHIC,2009-04-13 00:00:00+05:30,0.3,0.4,0.3,0.3,985851
ANTGRAPHIC,2009-04-15 00:00:00+05:30,0.35,0.35,0.3,0.3,617934
ANTGRAPHIC,2009-04-16 00:00:00+05:30,0.35,0.35,0.3,0.35,150048
ANTGRAPHIC,2009-04-17 00:00:00+05:30,0.3,0.35,0.3,0.35,164039
ANTGRAPHIC,2009-04-20 00:00:00+05:30,0.35,0.35,0.3,0.35,112907
ANTGRAPHIC,2009-04-21 00:00:00+05:30,0.35,0.35,0.3,0.35,87544
ANTGRAPHIC,2009-04-22 00:00:00+05:30,0.3,0.35,0.3,0.35,123226
ANTGRAPHIC,2009-04-23 00:00:00+05:30,0.3,0.35,0.3,0.35,191322
ANTGRAPHIC,2009-04-24 00:00:00+05:30,0.35,0.4,0.3,0.35,141082
ANTGRAPHIC,2009-04-27 00:00:00+05:30,0.3,0.4,0.3,0.35,292750
ANTGRAPHIC,2009-04-28 00:00:00+05:30,0.35,0.4,0.3,0.4,80049
ANTGRAPHIC,2009-04-29 00:00:00+05:30,0.4,0.4,0.35,0.4,152136
ANTGRAPHIC,2009-05-04 00:00:00+05:30,0.4,0.4,0.35,0.4,282819
ANTGRAPHIC,2009-05-05 00:00:00+05:30,0.4,0.45,0.35,0.4,264282
ANTGRAPHIC,2009-05-06 00:00:00+05:30,0.35,0.45,0.35,0.4,75161
ANTGRAPHIC,2009-05-07 00:00:00+05:30,0.35,0.4,0.35,0.35,134287
ANTGRAPHIC,2009-05-08 00:00:00+05:30,0.4,0.45,0.35,0.45,686831
ANTGRAPHIC,2009-05-11 00:00:00+05:30,0.45,0.5,0.4,0.45,448889
ANTGRAPHIC,2009-05-12 00:00:00+05:30,0.4,0.5,0.4,0.45,147293
ANTGRAPHIC,2009-05-13 00:00:00+05:30,0.4,0.5,0.4,0.5,121274
ANTGRAPHIC,2009-05-14 00:00:00+05:30,0.5,0.5,0.45,0.45,190284
ANTGRAPHIC,2009-05-15 00:00:00+05:30,0.45,0.5,0.4,0.5,173858
ANTGRAPHIC,2009-05-19 00:00:00+05:30,0.45,0.55,0.45,0.5,230014
ANTGRAPHIC,2009-05-20 00:00:00+05:30,0.45,0.55,0.45,0.55,215845
ANTGRAPHIC,2009-05-21 00:00:00+05:30,0.55,0.65,0.5,0.5,483239
ANTGRAPHIC,2009-05-22 00:00:00+05:30,0.5,0.6,0.5,0.6,336298
ANTGRAPHIC,2009-05-25 00:00:00+05:30,0.6,0.75,0.6,0.75,700286
ANTGRAPHIC,2009-05-26 00:00:00+05:30,0.85,0.85,0.75,0.85,731175
ANTGRAPHIC,2009-05-27 00:00:00+05:30,0.85,0.95,0.85,0.95,1055442
ANTGRAPHIC,2009-05-28 00:00:00+05:30,0.9,0.95,0.85,0.85,1043664
ANTGRAPHIC,2009-05-29 00:00:00+05:30,0.9,0.9,0.8,0.8,519867
ANTGRAPHIC,2009-06-01 00:00:00+05:30,0.8,0.8,0.75,0.75,452603
ANTGRAPHIC,2009-06-02 00:00:00+05:30,0.7,0.75,0.7,0.7,330925
ANTGRAPHIC,2009-06-03 00:00:00+05:30,0.65,0.75,0.65,0.7,883129
ANTGRAPHIC,2009-06-04 00:00:00+05:30,0.7,0.75,0.7,0.7,377042
ANTGRAPHIC,2009-06-05 00:00:00+05:30,0.75,0.75,0.65,0.7,645097
ANTGRAPHIC,2009-06-08 00:00:00+05:30,0.7,0.7,0.65,0.65,392601
ANTGRAPHIC,2009-06-09 00:00:00+05:30,0.65,0.65,0.6,0.6,269169
ANTGRAPHIC,2009-06-10 00:00:00+05:30,0.6,0.65,0.6,0.65,326319
ANTGRAPHIC,2009-06-11 00:00:00+05:30,0.65,0.65,0.6,0.6,259076
ANTGRAPHIC,2009-06-12 00:00:00+05:30,0.65,0.65,0.55,0.6,213007
ANTGRAPHIC,2009-06-15 00:00:00+05:30,0.55,0.6,0.55,0.55,83269
ANTGRAPHIC,2009-06-16 00:00:00+05:30,0.55,0.6,0.5,0.55,178162
ANTGRAPHIC,2009-06-17 00:00:00+05:30,0.6,0.6,0.55,0.55,165465
ANTGRAPHIC,2009-06-18 00:00:00+05:30,0.6,0.6,0.5,0.6,43027
ANTGRAPHIC,2009-06-19 00:00:00+05:30,0.6,0.6,0.55,0.55,135900
ANTGRAPHIC,2009-06-22 00:00:00+05:30,0.6,0.6,0.55,0.55,47767
ANTGRAPHIC,2009-06-23 00:00:00+05:30,0.6,0.6,0.5,0.5,88176
ANTGRAPHIC,2009-06-24 00:00:00+05:30,0.5,0.55,0.5,0.5,54779
ANTGRAPHIC,2009-06-25 00:00:00+05:30,0.5,0.55,0.5,0.55,109583
ANTGRAPHIC,2009-06-26 00:00:00+05:30,0.55,0.6,0.5,0.55,178441
ANTGRAPHIC,2009-06-29 00:00:00+05:30,0.55,0.6,0.5,0.55,65177
ANTGRAPHIC,2009-06-30 00:00:00+05:30,0.55,0.6,0.5,0.55,114581
ANTGRAPHIC,2009-07-01 00:00:00+05:30,0.55,0.6,0.55,0.55,80717
ANTGRAPHIC,2009-07-02 00:00:00+05:30,0.6,0.6,0.5,0.6,159060
ANTGRAPHIC,2009-07-03 00:00:00+05:30,0.55,0.6,0.55,0.55,86622
ANTGRAPHIC,2009-07-06 00:00:00+05:30,0.55,0.6,0.5,0.55,92605
ANTGRAPHIC,2009-07-07 00:00:00+05:30,0.6,0.6,0.5,0.5,98986
ANTGRAPHIC,2009-07-08 00:00:00+05:30,0.5,0.55,0.45,0.5,120270
ANTGRAPHIC,2009-07-09 00:00:00+05:30,0.45,0.5,0.45,0.5,171079
ANTGRAPHIC,2009-07-10 00:00:00+05:30,0.45,0.5,0.45,0.45,136886
ANTGRAPHIC,2009-07-13 00:00:00+05:30,0.45,0.5,0.4,0.45,227603
ANTGRAPHIC,2009-07-14 00:00:00+05:30,0.4,0.45,0.4,0.45,70562
ANTGRAPHIC,2009-07-15 00:00:00+05:30,0.45,0.5,0.4,0.5,140861
ANTGRAPHIC,2009-07-16 00:00:00+05:30,0.45,0.55,0.45,0.5,97068
ANTGRAPHIC,2009-07-17 00:00:00+05:30,0.45,0.55,0.45,0.55,152708
ANTGRAPHIC,2009-07-20 00:00:00+05:30,0.55,0.55,0.5,0.5,114467
ANTGRAPHIC,2009-07-21 00:00:00+05:30,0.5,0.55,0.5,0.5,99273
ANTGRAPHIC,2009-07-22 00:00:00+05:30,0.5,0.55,0.5,0.55,102779
ANTGRAPHIC,2009-07-23 00:00:00+05:30,0.55,0.55,0.5,0.5,184600
ANTGRAPHIC,2009-07-24 00:00:00+05:30,0.5,0.55,0.5,0.5,215444
ANTGRAPHIC,2009-07-27 00:00:00+05:30,0.5,0.55,0.5,0.5,135814
ANTGRAPHIC,2009-07-28 00:00:00+05:30,0.5,0.55,0.5,0.5,98904
ANTGRAPHIC,2009-07-29 00:00:00+05:30,0.5,0.55,0.45,0.5,213753
ANTGRAPHIC,2009-07-30 00:00:00+05:30,0.45,0.55,0.45,0.5,144014
ANTGRAPHIC,2009-07-31 00:00:00+05:30,0.5,0.55,0.5,0.5,108964
ANTGRAPHIC,2009-08-03 00:00:00+05:30,0.5,0.5,0.45,0.5,70353
ANTGRAPHIC,2009-08-04 00:00:00+05:30,0.45,0.5,0.45,0.5,147604
ANTGRAPHIC,2009-08-05 00:00:00+05:30,0.45,0.55,0.45,0.45,100777
ANTGRAPHIC,2009-08-06 00:00:00+05:30,0.45,0.5,0.45,0.45,145074
ANTGRAPHIC,2009-08-07 00:00:00+05:30,0.45,0.5,0.45,0.45,305401
ANTGRAPHIC,2009-08-10 00:00:00+05:30,0.5,0.5,0.4,0.45,119453
ANTGRAPHIC,2009-08-11 00:00:00+05:30,0.45,0.5,0.4,0.45,187117
ANTGRAPHIC,2009-08-12 00:00:00+05:30,0.45,0.5,0.4,0.45,196528
ANTGRAPHIC,2009-08-13 00:00:00+05:30,0.45,0.5,0.4,0.5,196218
ANTGRAPHIC,2009-08-14 00:00:00+05:30,0.45,0.55,0.45,0.5,300238
ANTGRAPHIC,2009-08-17 00:00:00+05:30,0.45,0.5,0.45,0.5,148553
ANTGRAPHIC,2009-08-18 00:00:00+05:30,0.5,0.5,0.45,0.45,28134
ANTGRAPHIC,2009-08-19 00:00:00+05:30,0.45,0.5,0.45,0.45,82117
ANTGRAPHIC,2009-08-20 00:00:00+05:30,0.4,0.5,0.4,0.45,51825
ANTGRAPHIC,2009-08-21 00:00:00+05:30,0.45,0.5,0.4,0.5,35669
ANTGRAPHIC,2009-08-24 00:00:00+05:30,0.5,0.5,0.45,0.5,225520
ANTGRAPHIC,2009-08-25 00:00:00+05:30,0.45,0.5,0.45,0.45,167126
ANTGRAPHIC,2009-08-26 00:00:00+05:30,0.5,0.5,0.45,0.5,156699
ANTGRAPHIC,2009-08-27 00:00:00+05:30,0.45,0.5,0.45,0.5,278558
ANTGRAPHIC,2009-08-28 00:00:00+05:30,0.5,0.55,0.5,0.5,261999
ANTGRAPHIC,2009-08-31 00:00:00+05:30,0.5,0.55,0.5,0.5,279660
ANTGRAPHIC,2009-09-01 00:00:00+05:30,0.5,0.55,0.5,0.5,133072
ANTGRAPHIC,2009-09-02 00:00:00+05:30,0.5,0.55,0.5,0.5,188013
ANTGRAPHIC,2009-09-03 00:00:00+05:30,0.5,0.55,0.5,0.5,50138
ANTGRAPHIC,2009-09-04 00:00:00+05:30,0.5,0.55,0.45,0.5,130656
ANTGRAPHIC,2009-09-07 00:00:00+05:30,0.45,0.55,0.45,0.5,312598
ANTGRAPHIC,2009-09-08 00:00:00+05:30,0.55,0.55,0.5,0.55,423315
ANTGRAPHIC,2009-09-09 00:00:00+05:30,0.55,0.55,0.5,0.55,254080
ANTGRAPHIC,2009-09-10 00:00:00+05:30,0.55,0.55,0.5,0.55,260062
ANTGRAPHIC,2009-09-11 00:00:00+05:30,0.5,0.55,0.5,0.5,101292
ANTGRAPHIC,2009-09-14 00:00:00+05:30,0.5,0.55,0.5,0.5,200038
ANTGRAPHIC,2009-09-15 00:00:00+05:30,0.55,0.55,0.5,0.55,119382
ANTGRAPHIC,2009-09-16 00:00:00+05:30,0.5,0.55,0.5,0.55,184450
ANTGRAPHIC,2009-09-17 00:00:00+05:30,0.5,0.55,0.5,0.55,74992
ANTGRAPHIC,2009-09-18 00:00:00+05:30,0.55,0.55,0.5,0.5,283705
ANTGRAPHIC,2009-09-22 00:00:00+05:30,0.55,0.55,0.5,0.5,149722
ANTGRAPHIC,2009-09-23 00:00:00+05:30,0.5,0.55,0.5,0.5,163909
ANTGRAPHIC,2009-09-24 00:00:00+05:30,0.5,0.55,0.45,0.5,340037
ANTGRAPHIC,2009-09-25 00:00:00+05:30,0.45,0.5,0.45,0.5,363047
ANTGRAPHIC,2009-09-29 00:00:00+05:30,0.45,0.55,0.45,0.55,395199
ANTGRAPHIC,2009-09-30 00:00:00+05:30,0.5,0.55,0.5,0.5,285540
ANTGRAPHIC,2009-10-01 00:00:00+05:30,0.5,0.55,0.5,0.5,208451
ANTGRAPHIC,2009-10-05 00:00:00+05:30,0.55,0.55,0.45,0.45,481645
ANTGRAPHIC,2009-10-06 00:00:00+05:30,0.5,0.5,0.45,0.45,163090
ANTGRAPHIC,2009-10-07 00:00:00+05:30,0.5,0.5,0.45,0.5,178661
ANTGRAPHIC,2009-10-08 00:00:00+05:30,0.5,0.55,0.45,0.5,610866
ANTGRAPHIC,2009-10-09 00:00:00+05:30,0.55,0.55,0.45,0.45,385021
ANTGRAPHIC,2009-10-12 00:00:00+05:30,0.45,0.5,0.45,0.5,141924
ANTGRAPHIC,2009-10-14 00:00:00+05:30,0.5,0.55,0.45,0.5,218942
ANTGRAPHIC,2009-10-15 00:00:00+05:30,0.45,0.5,0.45,0.45,109480
ANTGRAPHIC,2009-10-16 00:00:00+05:30,0.45,0.5,0.45,0.5,120030
ANTGRAPHIC,2009-10-17 00:00:00+05:30,0.5,0.55,0.45,0.5,149636
ANTGRAPHIC,2009-10-20 00:00:00+05:30,0.55,0.55,0.45,0.5,123712
ANTGRAPHIC,2009-10-21 00:00:00+05:30,0.5,0.5,0.45,0.45,60790
ANTGRAPHIC,2009-10-22 00:00:00+05:30,0.5,0.5,0.45,0.45,236218
ANTGRAPHIC,2009-10-23 00:00:00+05:30,0.45,0.5,0.45,0.5,256304
ANTGRAPHIC,2009-10-26 00:00:00+05:30,0.5,0.5,0.45,0.45,216526
ANTGRAPHIC,2009-10-27 00:00:00+05:30,0.5,0.5,0.45,0.5,455626
ANTGRAPHIC,2009-10-28 00:00:00+05:30,0.5,0.5,0.45,0.5,164078
ANTGRAPHIC,2009-10-29 00:00:00+05:30,0.45,0.5,0.45,0.45,247793
ANTGRAPHIC,2009-10-30 00:00:00+05:30,0.45,0.5,0.45,0.45,74651
ANTGRAPHIC,2009-11-03 00:00:00+05:30,0.45,0.5,0.45,0.45,101885
ANTGRAPHIC,2009-11-04 00:00:00+05:30,0.45,0.45,0.4,0.45,190532
ANTGRAPHIC,2009-11-05 00:00:00+05:30,0.45,0.45,0.4,0.4,102530
ANTGRAPHIC,2009-11-06 00:00:00+05:30,0.45,0.45,0.4,0.45,141247
ANTGRAPHIC,2009-11-09 00:00:00+05:30,0.45,0.45,0.4,0.4,113497
ANTGRAPHIC,2009-11-10 00:00:00+05:30,0.45,0.45,0.4,0.4,238435
ANTGRAPHIC,2009-11-11 00:00:00+05:30,0.45,0.45,0.4,0.4,92228
ANTGRAPHIC,2009-11-12 00:00:00+05:30,0.45,0.45,0.4,0.45,474082
ANTGRAPHIC,2009-11-13 00:00:00+05:30,0.45,0.45,0.4,0.45,104745
ANTGRAPHIC,2009-11-16 00:00:00+05:30,0.45,0.45,0.4,0.4,181653
ANTGRAPHIC,2009-11-17 00:00:00+05:30,0.45,0.45,0.4,0.45,158857
ANTGRAPHIC,2009-11-18 00:00:00+05:30,0.45,0.5,0.4,0.45,130011
ANTGRAPHIC,2009-11-19 00:00:00+05:30,0.45,0.5,0.4,0.45,92983
ANTGRAPHIC,2009-11-20 00:00:00+05:30,0.45,0.5,0.4,0.45,89580
ANTGRAPHIC,2009-11-23 00:00:00+05:30,0.45,0.5,0.4,0.45,255504
ANTGRAPHIC,2009-11-24 00:00:00+05:30,0.45,0.5,0.4,0.5,201260
ANTGRAPHIC,2009-11-25 00:00:00+05:30,0.45,0.5,0.45,0.45,134959
ANTGRAPHIC,2009-11-26 00:00:00+05:30,0.45,0.5,0.45,0.5,176149
ANTGRAPHIC,2009-11-27 00:00:00+05:30,0.45,0.5,0.45,0.45,258137
ANTGRAPHIC,2009-11-30 00:00:00+05:30,0.45,0.5,0.45,0.45,175825
ANTGRAPHIC,2009-12-01 00:00:00+05:30,0.5,0.5,0.45,0.5,258983
ANTGRAPHIC,2009-12-02 00:00:00+05:30,0.45,0.5,0.45,0.45,145248
ANTGRAPHIC,2009-12-03 00:00:00+05:30,0.5,0.5,0.45,0.45,79756
ANTGRAPHIC,2009-12-04 00:00:00+05:30,0.45,0.5,0.45,0.5,208209
ANTGRAPHIC,2009-12-07 00:00:00+05:30,0.45,0.5,0.45,0.5,782306
ANTGRAPHIC,2009-12-08 00:00:00+05:30,0.5,0.5,0.45,0.45,52117
ANTGRAPHIC,2009-12-09 00:00:00+05:30,0.45,0.5,0.45,0.45,135925
ANTGRAPHIC,2009-12-10 00:00:00+05:30,0.45,0.5,0.45,0.5,90459
ANTGRAPHIC,2009-12-11 00:00:00+05:30,0.5,0.5,0.4,0.45,825497
ANTGRAPHIC,2009-12-14 00:00:00+05:30,0.45,0.5,0.4,0.45,130722
ANTGRAPHIC,2009-12-15 00:00:00+05:30,0.45,0.5,0.4,0.45,227136
ANTGRAPHIC,2009-12-16 00:00:00+05:30,0.5,0.5,0.4,0.45,67930
ANTGRAPHIC,2009-12-17 00:00:00+05:30,0.5,0.5,0.4,0.45,52446
ANTGRAPHIC,2009-12-18 00:00:00+05:30,0.5,0.5,0.4,0.45,259746
ANTGRAPHIC,2009-12-21 00:00:00+05:30,0.5,0.5,0.4,0.4,62072
ANTGRAPHIC,2009-12-22 00:00:00+05:30,0.45,0.5,0.4,0.45,234645
ANTGRAPHIC,2009-12-23 00:00:00+05:30,0.45,0.5,0.45,0.5,308015
ANTGRAPHIC,2009-12-24 00:00:00+05:30,0.5,0.5,0.45,0.45,120235
ANTGRAPHIC,2009-12-29 00:00:00+05:30,0.45,0.5,0.45,0.45,98829
ANTGRAPHIC,2009-12-30 00:00:00+05:30,0.45,0.5,0.45,0.5,555860
ANTGRAPHIC,2009-12-31 00:00:00+05:30,0.5,0.5,0.45,0.45,307242
ANTGRAPHIC,2010-01-04 00:00:00+05:30,0.5,0.5,0.45,0.45,179086
ANTGRAPHIC,2010-01-05 00:00:00+05:30,0.45,0.5,0.45,0.45,294790
ANTGRAPHIC,2010-01-06 00:00:00+05:30,0.5,0.5,0.45,0.45,700408
ANTGRAPHIC,2010-01-07 00:00:00+05:30,0.5,0.5,0.45,0.5,301788
ANTGRAPHIC,2010-01-08 00:00:00+05:30,0.5,0.5,0.45,0.5,351677
ANTGRAPHIC,2010-01-11 00:00:00+05:30,0.45,0.5,0.45,0.5,699626
ANTGRAPHIC,2010-01-12 00:00:00+05:30,0.5,0.55,0.45,0.5,311752
ANTGRAPHIC,2010-01-13 00:00:00+05:30,0.5,0.55,0.45,0.5,325465
ANTGRAPHIC,2010-01-14 00:00:00+05:30,0.55,0.55,0.5,0.55,695386
ANTGRAPHIC,2010-01-15 00:00:00+05:30,0.55,0.55,0.5,0.5,496165
ANTGRAPHIC,2010-01-18 00:00:00+05:30,0.5,0.55,0.5,0.5,271176
ANTGRAPHIC,2010-01-19 00:00:00+05:30,0.45,0.55,0.45,0.45,305066
ANTGRAPHIC,2010-01-20 00:00:00+05:30,0.45,0.55,0.45,0.55,961504
ANTGRAPHIC,2010-01-21 00:00:00+05:30,0.55,0.55,0.5,0.5,241659
ANTGRAPHIC,2010-01-22 00:00:00+05:30,0.5,0.55,0.45,0.55,345440
ANTGRAPHIC,2010-01-25 00:00:00+05:30,0.5,0.55,0.5,0.5,199157
ANTGRAPHIC,2010-01-27 00:00:00+05:30,0.5,0.55,0.45,0.5,249197
ANTGRAPHIC,2010-01-28 00:00:00+05:30,0.5,0.5,0.45,0.45,208380
ANTGRAPHIC,2010-01-29 00:00:00+05:30,0.45,0.5,0.45,0.45,295360
ANTGRAPHIC,2010-02-01 00:00:00+05:30,0.5,0.5,0.45,0.5,151174
ANTGRAPHIC,2010-02-02 00:00:00+05:30,0.5,0.5,0.45,0.45,113528
ANTGRAPHIC,2010-02-03 00:00:00+05:30,0.5,0.5,0.45,0.5,239072
ANTGRAPHIC,2010-02-04 00:00:00+05:30,0.5,0.5,0.45,0.5,228390
ANTGRAPHIC,2010-02-05 00:00:00+05:30,0.45,0.5,0.45,0.45,143907
ANTGRAPHIC,2010-02-06 00:00:00+05:30,0.5,0.5,0.45,0.45,19380
ANTGRAPHIC,2010-02-08 00:00:00+05:30,0.5,0.5,0.45,0.5,107214
ANTGRAPHIC,2010-02-09 00:00:00+05:30,0.45,0.5,0.45,0.45,163098
ANTGRAPHIC,2010-02-10 00:00:00+05:30,0.45,0.5,0.45,0.5,112880
ANTGRAPHIC,2010-02-11 00:00:00+05:30,0.45,0.5,0.45,0.5,159597
ANTGRAPHIC,2010-02-15 00:00:00+05:30,0.45,0.5,0.45,0.45,279770
ANTGRAPHIC,2010-02-16 00:00:00+05:30,0.45,0.5,0.45,0.45,107350
ANTGRAPHIC,2010-02-17 00:00:00+05:30,0.45,0.5,0.45,0.5,258029
ANTGRAPHIC,2010-02-18 00:00:00+05:30,0.5,0.55,0.45,0.45,114080
ANTGRAPHIC,2010-02-19 00:00:00+05:30,0.5,0.5,0.45,0.5,361433
ANTGRAPHIC,2010-02-22 00:00:00+05:30,0.45,0.5,0.45,0.45,172662
ANTGRAPHIC,2010-02-23 00:00:00+05:30,0.45,0.5,0.45,0.45,30951
ANTGRAPHIC,2010-02-24 00:00:00+05:30,0.45,0.5,0.45,0.5,30551
ANTGRAPHIC,2010-02-25 00:00:00+05:30,0.45,0.5,0.45,0.45,149104
ANTGRAPHIC,2010-02-26 00:00:00+05:30,0.5,0.5,0.45,0.45,252382
ANTGRAPHIC,2010-03-02 00:00:00+05:30,0.45,0.5,0.45,0.5,205004
ANTGRAPHIC,2010-03-03 00:00:00+05:30,0.45,0.5,0.45,0.45,72396
ANTGRAPHIC,2010-03-04 00:00:00+05:30,0.45,0.5,0.45,0.45,92241
ANTGRAPHIC,2010-03-05 00:00:00+05:30,0.5,0.5,0.45,0.45,150860
ANTGRAPHIC,2010-03-08 00:00:00+05:30,0.5,0.5,0.45,0.45,194808
ANTGRAPHIC,2010-03-09 00:00:00+05:30,0.5,0.5,0.45,0.45,157778
ANTGRAPHIC,2010-03-10 00:00:00+05:30,0.5,0.5,0.45,0.45,76826
ANTGRAPHIC,2010-03-11 00:00:00+05:30,0.5,0.5,0.45,0.5,308134
ANTGRAPHIC,2010-03-12 00:00:00+05:30,0.45,0.5,0.45,0.5,90247
ANTGRAPHIC,2010-03-15 00:00:00+05:30,0.45,0.5,0.45,0.5,186181
ANTGRAPHIC,2010-03-16 00:00:00+05:30,0.45,0.5,0.45,0.45,78146
ANTGRAPHIC,2010-03-17 00:00:00+05:30,0.5,0.5,0.45,0.5,354677
ANTGRAPHIC,2010-03-18 00:00:00+05:30,0.5,0.5,0.45,0.45,84766
ANTGRAPHIC,2010-03-19 00:00:00+05:30,0.5,0.5,0.45,0.45,3358262
ANTGRAPHIC,2010-03-22 00:00:00+05:30,0.5,0.5,0.45,0.45,244138
ANTGRAPHIC,2010-03-23 00:00:00+05:30,0.5,0.5,0.45,0.5,275097
ANTGRAPHIC,2010-03-25 00:00:00+05:30,0.5,0.5,0.45,0.45,288782
ANTGRAPHIC,2010-03-26 00:00:00+05:30,0.5,0.5,0.45,0.45,96966
ANTGRAPHIC,2010-03-29 00:00:00+05:30,0.45,0.5,0.45,0.45,283180
ANTGRAPHIC,2010-03-30 00:00:00+05:30,0.5,0.5,0.45,0.45,189004
ANTGRAPHIC,2010-03-31 00:00:00+05:30,0.45,0.5,0.45,0.5,99409
ANTGRAPHIC,2010-04-01 00:00:00+05:30,0.5,0.55,0.45,0.5,1530845
ANTGRAPHIC,2010-04-05 00:00:00+05:30,0.45,0.55,0.45,0.45,148876
ANTGRAPHIC,2010-04-06 00:00:00+05:30,0.45,0.55,0.45,0.5,429423
ANTGRAPHIC,2010-04-07 00:00:00+05:30,0.55,0.55,0.5,0.5,90871
ANTGRAPHIC,2010-04-08 00:00:00+05:30,0.5,0.55,0.45,0.5,654183
ANTGRAPHIC,2010-04-09 00:00:00+05:30,0.5,0.5,0.45,0.5,84828
ANTGRAPHIC,2010-04-12 00:00:00+05:30,0.45,0.5,0.45,0.45,121249
ANTGRAPHIC,2010-04-13 00:00:00+05:30,0.5,0.5,0.45,0.45,128945
ANTGRAPHIC,2010-04-15 00:00:00+05:30,0.5,0.5,0.45,0.45,113298
ANTGRAPHIC,2010-04-16 00:00:00+05:30,0.5,0.5,0.45,0.5,41247
ANTGRAPHIC,2010-04-19 00:00:00+05:30,0.45,0.5,0.45,0.5,377236
ANTGRAPHIC,2010-04-20 00:00:00+05:30,0.5,0.5,0.45,0.45,63412
ANTGRAPHIC,2010-04-21 00:00:00+05:30,0.45,0.5,0.45,0.45,91940
ANTGRAPHIC,2010-04-22 00:00:00+05:30,0.45,0.5,0.45,0.45,164199
ANTGRAPHIC,2010-04-23 00:00:00+05:30,0.45,0.5,0.45,0.45,41095
ANTGRAPHIC,2010-04-26 00:00:00+05:30,0.45,0.5,0.45,0.45,114252
ANTGRAPHIC,2010-04-27 00:00:00+05:30,0.45,0.5,0.45,0.5,91618
ANTGRAPHIC,2010-04-28 00:00:00+05:30,0.45,0.5,0.45,0.5,32647
ANTGRAPHIC,2010-04-29 00:00:00+05:30,0.45,0.5,0.45,0.45,70836
ANTGRAPHIC,2010-04-30 00:00:00+05:30,0.5,0.5,0.45,0.5,76345
ANTGRAPHIC,2010-05-03 00:00:00+05:30,0.45,0.5,0.45,0.5,234332
ANTGRAPHIC,2010-05-04 00:00:00+05:30,0.45,0.5,0.45,0.45,61794
ANTGRAPHIC,2010-05-05 00:00:00+05:30,0.45,0.5,0.45,0.45,85289
ANTGRAPHIC,2010-05-06 00:00:00+05:30,0.45,0.5,0.45,0.45,120553
ANTGRAPHIC,2010-05-07 00:00:00+05:30,0.45,0.5,0.45,0.45,52994
ANTGRAPHIC,2010-05-10 00:00:00+05:30,0.45,0.5,0.45,0.45,175959
ANTGRAPHIC,2010-05-11 00:00:00+05:30,0.5,0.5,0.4,0.45,80007
ANTGRAPHIC,2010-05-12 00:00:00+05:30,0.45,0.5,0.4,0.45,213821
ANTGRAPHIC,2010-05-13 00:00:00+05:30,0.5,0.5,0.45,0.5,101106
ANTGRAPHIC,2010-05-14 00:00:00+05:30,0.5,0.5,0.45,0.45,78649
ANTGRAPHIC,2010-05-17 00:00:00+05:30,0.4,0.45,0.4,0.45,107270
ANTGRAPHIC,2010-05-18 00:00:00+05:30,0.5,0.5,0.4,0.45,88188
ANTGRAPHIC,2010-05-19 00:00:00+05:30,0.5,0.5,0.4,0.45,50892
ANTGRAPHIC,2010-05-20 00:00:00+05:30,0.5,0.5,0.4,0.45,61579
ANTGRAPHIC,2010-05-21 00:00:00+05:30,0.45,0.45,0.4,0.45,74124
ANTGRAPHIC,2010-05-24 00:00:00+05:30,0.45,0.45,0.4,0.4,136990
ANTGRAPHIC,2010-05-25 00:00:00+05:30,0.4,0.45,0.4,0.4,95916
ANTGRAPHIC,2010-05-26 00:00:00+05:30,0.45,0.45,0.4,0.4,172828
ANTGRAPHIC,2010-05-27 00:00:00+05:30,0.4,0.5,0.4,0.45,314914
ANTGRAPHIC,2010-05-28 00:00:00+05:30,0.45,0.5,0.45,0.45,165112
ANTGRAPHIC,2010-05-31 00:00:00+05:30,0.4,0.5,0.4,0.45,25129
ANTGRAPHIC,2010-06-01 00:00:00+05:30,0.4,0.5,0.4,0.45,410040
ANTGRAPHIC,2010-06-02 00:00:00+05:30,0.45,0.5,0.4,0.45,91892
ANTGRAPHIC,2010-06-03 00:00:00+05:30,0.45,0.5,0.45,0.5,97512
ANTGRAPHIC,2010-06-04 00:00:00+05:30,0.45,0.5,0.4,0.45,191282
ANTGRAPHIC,2010-06-07 00:00:00+05:30,0.45,0.5,0.4,0.4,445108
ANTGRAPHIC,2010-06-08 00:00:00+05:30,0.4,0.45,0.4,0.4,75159
ANTGRAPHIC,2010-06-09 00:00:00+05:30,0.45,0.45,0.4,0.4,92476
ANTGRAPHIC,2010-06-10 00:00:00+05:30,0.45,0.45,0.4,0.4,64157
ANTGRAPHIC,2010-06-11 00:00:00+05:30,0.4,0.45,0.4,0.4,65620
ANTGRAPHIC,2010-06-14 00:00:00+05:30,0.4,0.45,0.4,0.4,77573
ANTGRAPHIC,2010-06-15 00:00:00+05:30,0.4,0.45,0.4,0.45,98900
ANTGRAPHIC,2010-06-16 00:00:00+05:30,0.45,0.45,0.4,0.4,164854
ANTGRAPHIC,2010-06-17 00:00:00+05:30,0.4,0.45,0.4,0.45,170527
ANTGRAPHIC,2010-06-18 00:00:00+05:30,0.45,0.45,0.4,0.4,213913
ANTGRAPHIC,2010-06-21 00:00:00+05:30,0.4,0.45,0.4,0.4,184080
ANTGRAPHIC,2010-06-22 00:00:00+05:30,0.45,0.45,0.4,0.45,129779
ANTGRAPHIC,2010-06-23 00:00:00+05:30,0.45,0.45,0.4,0.45,168725
ANTGRAPHIC,2010-06-24 00:00:00+05:30,0.4,0.45,0.4,0.45,199365
ANTGRAPHIC,2010-06-25 00:00:00+05:30,0.4,0.45,0.4,0.4,185514
ANTGRAPHIC,2010-06-28 00:00:00+05:30,0.4,0.45,0.4,0.4,208286
ANTGRAPHIC,2010-06-29 00:00:00+05:30,0.4,0.45,0.4,0.45,59984
ANTGRAPHIC,2010-06-30 00:00:00+05:30,0.4,0.45,0.4,0.4,89589
ANTGRAPHIC,2010-07-01 00:00:00+05:30,0.4,0.45,0.4,0.4,134872
ANTGRAPHIC,2010-07-02 00:00:00+05:30,0.45,0.45,0.4,0.4,110668
ANTGRAPHIC,2010-07-05 00:00:00+05:30,0.4,0.45,0.4,0.4,128397
ANTGRAPHIC,2010-07-06 00:00:00+05:30,0.4,0.45,0.4,0.4,220545
ANTGRAPHIC,2010-07-07 00:00:00+05:30,0.4,0.45,0.4,0.4,41338
ANTGRAPHIC,2010-07-08 00:00:00+05:30,0.4,0.45,0.4,0.4,28065
ANTGRAPHIC,2010-07-09 00:00:00+05:30,0.45,0.45,0.4,0.4,157308
ANTGRAPHIC,2010-07-12 00:00:00+05:30,0.45,0.45,0.4,0.45,129463
ANTGRAPHIC,2010-07-13 00:00:00+05:30,0.45,0.45,0.4,0.4,168071
ANTGRAPHIC,2010-07-14 00:00:00+05:30,0.45,0.45,0.4,0.4,216808
ANTGRAPHIC,2010-07-15 00:00:00+05:30,0.4,0.45,0.4,0.45,143119
ANTGRAPHIC,2010-07-16 00:00:00+05:30,0.45,0.45,0.4,0.45,323443
ANTGRAPHIC,2010-07-19 00:00:00+05:30,0.4,0.45,0.4,0.45,90896
ANTGRAPHIC,2010-07-20 00:00:00+05:30,0.45,0.45,0.4,0.45,68139
ANTGRAPHIC,2010-07-21 00:00:00+05:30,0.4,0.45,0.4,0.45,478785
ANTGRAPHIC,2010-07-22 00:00:00+05:30,0.45,0.45,0.4,0.45,53951
ANTGRAPHIC,2010-07-23 00:00:00+05:30,0.4,0.45,0.4,0.45,113719
ANTGRAPHIC,2010-07-26 00:00:00+05:30,0.4,0.45,0.4,0.4,126981
ANTGRAPHIC,2010-07-27 00:00:00+05:30,0.4,0.45,0.4,0.45,87233
ANTGRAPHIC,2010-07-28 00:00:00+05:30,0.4,0.45,0.4,0.4,191902
ANTGRAPHIC,2010-07-29 00:00:00+05:30,0.45,0.45,0.4,0.4,83136
ANTGRAPHIC,2010-07-30 00:00:00+05:30,0.4,0.45,0.4,0.4,832018
ANTGRAPHIC,2010-08-02 00:00:00+05:30,0.4,0.45,0.4,0.4,96140
ANTGRAPHIC,2010-08-03 00:00:00+05:30,0.4,0.45,0.4,0.4,97992
ANTGRAPHIC,2010-08-04 00:00:00+05:30,0.4,0.45,0.4,0.4,158237
ANTGRAPHIC,2010-08-05 00:00:00+05:30,0.4,0.45,0.4,0.4,183304
ANTGRAPHIC,2010-08-06 00:00:00+05:30,0.4,0.45,0.4,0.4,256899
ANTGRAPHIC,2010-08-09 00:00:00+05:30,0.4,0.45,0.4,0.45,221651
ANTGRAPHIC,2010-08-10 00:00:00+05:30,0.4,0.45,0.4,0.4,32752
ANTGRAPHIC,2010-08-11 00:00:00+05:30,0.4,0.45,0.4,0.4,142150
ANTGRAPHIC,2010-08-12 00:00:00+05:30,0.4,0.45,0.4,0.4,78809
ANTGRAPHIC,2010-08-13 00:00:00+05:30,0.45,0.45,0.4,0.4,147571
ANTGRAPHIC,2010-08-16 00:00:00+05:30,0.45,0.45,0.4,0.45,102566
ANTGRAPHIC,2010-08-17 00:00:00+05:30,0.4,0.45,0.4,0.45,109538
ANTGRAPHIC,2010-08-18 00:00:00+05:30,0.45,0.45,0.4,0.4,76078
ANTGRAPHIC,2010-08-19 00:00:00+05:30,0.4,0.45,0.4,0.4,324395
ANTGRAPHIC,2010-08-20 00:00:00+05:30,0.4,0.45,0.4,0.4,230715
ANTGRAPHIC,2010-08-23 00:00:00+05:30,0.4,0.45,0.4,0.45,91448
ANTGRAPHIC,2010-08-24 00:00:00+05:30,0.45,0.45,0.4,0.4,117808
ANTGRAPHIC,2010-08-25 00:00:00+05:30,0.4,0.45,0.4,0.45,161706
ANTGRAPHIC,2010-08-26 00:00:00+05:30,0.45,0.45,0.4,0.45,347196
ANTGRAPHIC,2010-08-27 00:00:00+05:30,0.45,0.45,0.4,0.4,108115
ANTGRAPHIC,2010-08-30 00:00:00+05:30,0.4,0.45,0.4,0.4,385447
ANTGRAPHIC,2010-08-31 00:00:00+05:30,0.4,0.45,0.4,0.4,406372
ANTGRAPHIC,2010-09-01 00:00:00+05:30,0.4,0.4,0.35,0.4,278879
ANTGRAPHIC,2010-09-02 00:00:00+05:30,0.4,0.4,0.35,0.4,79631
ANTGRAPHIC,2010-09-03 00:00:00+05:30,0.4,0.4,0.35,0.4,102516
ANTGRAPHIC,2010-09-06 00:00:00+05:30,0.4,0.45,0.35,0.4,182661
ANTGRAPHIC,2010-09-07 00:00:00+05:30,0.35,0.45,0.35,0.4,150391
ANTGRAPHIC,2010-09-08 00:00:00+05:30,0.4,0.45,0.35,0.4,93489
ANTGRAPHIC,2010-09-09 00:00:00+05:30,0.4,0.45,0.35,0.4,537928
ANTGRAPHIC,2010-09-13 00:00:00+05:30,0.45,0.45,0.35,0.4,211432
ANTGRAPHIC,2010-09-14 00:00:00+05:30,0.45,0.45,0.35,0.45,174859
ANTGRAPHIC,2010-09-15 00:00:00+05:30,0.4,0.45,0.4,0.4,161539
ANTGRAPHIC,2010-09-16 00:00:00+05:30,0.45,0.45,0.4,0.4,212717
ANTGRAPHIC,2010-09-17 00:00:00+05:30,0.45,0.45,0.4,0.45,106765
ANTGRAPHIC,2010-09-20 00:00:00+05:30,0.45,0.45,0.4,0.4,301676
ANTGRAPHIC,2010-09-21 00:00:00+05:30,0.4,0.45,0.4,0.4,161703
ANTGRAPHIC,2010-09-22 00:00:00+05:30,0.4,0.45,0.4,0.45,128204
ANTGRAPHIC,2010-09-23 00:00:00+05:30,0.4,0.45,0.4,0.4,54700
ANTGRAPHIC,2010-09-24 00:00:00+05:30,0.4,0.45,0.4,0.4,115992
ANTGRAPHIC,2010-09-27 00:00:00+05:30,0.45,0.45,0.4,0.4,248177
ANTGRAPHIC,2010-09-28 00:00:00+05:30,0.45,0.45,0.4,0.4,959229
ANTGRAPHIC,2010-09-29 00:00:00+05:30,0.4,0.45,0.4,0.4,232164
ANTGRAPHIC,2010-09-30 00:00:00+05:30,0.4,0.45,0.35,0.4,253248
ANTGRAPHIC,2010-10-01 00:00:00+05:30,0.45,0.45,0.4,0.4,171356
ANTGRAPHIC,2010-10-04 00:00:00+05:30,0.4,0.45,0.4,0.4,100259
ANTGRAPHIC,2010-10-05 00:00:00+05:30,0.45,0.45,0.35,0.35,53310
ANTGRAPHIC,2010-10-06 00:00:00+05:30,0.35,0.45,0.35,0.4,178619
ANTGRAPHIC,2010-10-07 00:00:00+05:30,0.35,0.45,0.35,0.4,155355
ANTGRAPHIC,2010-10-08 00:00:00+05:30,0.45,0.45,0.35,0.4,107357
ANTGRAPHIC,2010-10-11 00:00:00+05:30,0.4,0.45,0.4,0.4,39580
ANTGRAPHIC,2010-10-12 00:00:00+05:30,0.45,0.45,0.35,0.4,85159
ANTGRAPHIC,2010-10-13 00:00:00+05:30,0.35,0.45,0.35,0.4,71897
ANTGRAPHIC,2010-10-14 00:00:00+05:30,0.45,0.45,0.35,0.4,602905
ANTGRAPHIC,2010-10-15 00:00:00+05:30,0.4,0.45,0.4,0.4,106025
ANTGRAPHIC,2010-10-18 00:00:00+05:30,0.45,0.45,0.35,0.35,59819
ANTGRAPHIC,2010-10-19 00:00:00+05:30,0.4,0.45,0.35,0.4,123867
ANTGRAPHIC,2010-10-20 00:00:00+05:30,0.45,0.45,0.35,0.4,102766
ANTGRAPHIC,2010-10-21 00:00:00+05:30,0.35,0.45,0.35,0.4,86440
ANTGRAPHIC,2010-10-22 00:00:00+05:30,0.4,0.45,0.35,0.45,279650
ANTGRAPHIC,2010-10-25 00:00:00+05:30,0.45,0.45,0.4,0.4,111823
ANTGRAPHIC,2010-10-26 00:00:00+05:30,0.4,0.45,0.4,0.4,54251
ANTGRAPHIC,2010-10-27 00:00:00+05:30,0.4,0.45,0.4,0.4,251445
ANTGRAPHIC,2010-10-28 00:00:00+05:30,0.45,0.45,0.4,0.4,152887
ANTGRAPHIC,2010-10-29 00:00:00+05:30,0.4,0.45,0.4,0.4,329786
ANTGRAPHIC,2010-11-01 00:00:00+05:30,0.45,0.45,0.4,0.4,42494
ANTGRAPHIC,2010-11-02 00:00:00+05:30,0.4,0.45,0.4,0.45,80470
ANTGRAPHIC,2010-11-03 00:00:00+05:30,0.45,0.45,0.4,0.4,2153153
ANTGRAPHIC,2010-11-04 00:00:00+05:30,0.4,0.45,0.4,0.4,913185
ANTGRAPHIC,2010-11-05 00:00:00+05:30,0.4,0.45,0.4,0.45,41877
ANTGRAPHIC,2010-11-08 00:00:00+05:30,0.45,0.45,0.4,0.4,366767
ANTGRAPHIC,2010-11-09 00:00:00+05:30,0.4,0.45,0.4,0.4,68095
ANTGRAPHIC,2010-11-10 00:00:00+05:30,0.4,0.45,0.4,0.4,117474
ANTGRAPHIC,2010-11-11 00:00:00+05:30,0.45,0.45,0.4,0.4,429718
ANTGRAPHIC,2010-11-12 00:00:00+05:30,0.45,0.45,0.4,0.4,154596
ANTGRAPHIC,2010-11-15 00:00:00+05:30,0.45,0.45,0.35,0.4,1767792
ANTGRAPHIC,2010-11-16 00:00:00+05:30,0.4,0.45,0.4,0.45,462360
ANTGRAPHIC,2010-11-18 00:00:00+05:30,0.45,0.45,0.4,0.4,50799
ANTGRAPHIC,2010-11-19 00:00:00+05:30,0.4,0.45,0.35,0.45,149042
ANTGRAPHIC,2010-11-22 00:00:00+05:30,0.45,0.45,0.4,0.4,104331
ANTGRAPHIC,2010-11-23 00:00:00+05:30,0.4,0.45,0.4,0.4,136213
ANTGRAPHIC,2010-11-24 00:00:00+05:30,0.45,0.45,0.35,0.4,75270
ANTGRAPHIC,2010-11-25 00:00:00+05:30,0.35,0.45,0.35,0.35,553712
ANTGRAPHIC,2010-11-26 00:00:00+05:30,0.4,0.4,0.35,0.35,330257
ANTGRAPHIC,2010-11-29 00:00:00+05:30,0.35,0.4,0.35,0.4,88444
ANTGRAPHIC,2010-11-30 00:00:00+05:30,0.35,0.4,0.35,0.4,758897
ANTGRAPHIC,2010-12-01 00:00:00+05:30,0.4,0.4,0.35,0.4,120657
ANTGRAPHIC,2010-12-02 00:00:00+05:30,0.35,0.4,0.35,0.4,235406
ANTGRAPHIC,2010-12-03 00:00:00+05:30,0.4,0.4,0.35,0.35,53532
ANTGRAPHIC,2010-12-06 00:00:00+05:30,0.35,0.45,0.35,0.4,326950
ANTGRAPHIC,2010-12-07 00:00:00+05:30,0.4,0.4,0.35,0.4,80442
ANTGRAPHIC,2010-12-08 00:00:00+05:30,0.4,0.45,0.35,0.35,303276
ANTGRAPHIC,2010-12-09 00:00:00+05:30,0.35,0.4,0.35,0.35,75678
ANTGRAPHIC,2010-12-10 00:00:00+05:30,0.4,0.4,0.35,0.35,99843
ANTGRAPHIC,2010-12-13 00:00:00+05:30,0.35,0.4,0.35,0.35,87520
ANTGRAPHIC,2010-12-14 00:00:00+05:30,0.4,0.4,0.35,0.4,66100
ANTGRAPHIC,2010-12-15 00:00:00+05:30,0.35,0.4,0.35,0.35,89844
ANTGRAPHIC,2010-12-16 00:00:00+05:30,0.35,0.45,0.35,0.35,593569
ANTGRAPHIC,2010-12-20 00:00:00+05:30,0.35,0.45,0.35,0.4,115941
ANTGRAPHIC,2010-12-21 00:00:00+05:30,0.45,0.45,0.35,0.35,108852
ANTGRAPHIC,2010-12-22 00:00:00+05:30,0.4,0.45,0.35,0.4,43887
ANTGRAPHIC,2010-12-23 00:00:00+05:30,0.35,0.4,0.35,0.4,61738
ANTGRAPHIC,2010-12-24 00:00:00+05:30,0.35,0.45,0.35,0.35,214768
ANTGRAPHIC,2010-12-27 00:00:00+05:30,0.35,0.4,0.35,0.35,80482
ANTGRAPHIC,2010-12-28 00:00:00+05:30,0.35,0.4,0.35,0.4,105944
ANTGRAPHIC,2010-12-29 00:00:00+05:30,0.4,0.4,0.35,0.35,213219
ANTGRAPHIC,2010-12-30 00:00:00+05:30,0.35,0.4,0.35,0.4,234562
ANTGRAPHIC,2010-12-31 00:00:00+05:30,0.35,0.4,0.35,0.4,219531
ANTGRAPHIC,2015-01-01 00:00:00+05:30,0.2,0.2,0.15,0.2,16104
ANTGRAPHIC,2015-01-02 00:00:00+05:30,0.2,0.25,0.15,0.25,33120
ANTGRAPHIC,2015-01-05 00:00:00+05:30,0.2,0.2,0.2,0.2,18828
ANTGRAPHIC,2015-01-06 00:00:00+05:30,0.15,0.25,0.15,0.2,3405
ANTGRAPHIC,2015-01-07 00:00:00+05:30,0.15,0.15,0.15,0.15,12101
ANTGRAPHIC,2015-01-08 00:00:00+05:30,0.15,0.2,0.15,0.2,56388
ANTGRAPHIC,2015-01-09 00:00:00+05:30,0.15,0.25,0.15,0.25,27113
ANTGRAPHIC,2015-01-12 00:00:00+05:30,0.25,0.25,0.25,0.25,1
ANTGRAPHIC,2015-01-13 00:00:00+05:30,0.25,0.25,0.2,0.2,18829
ANTGRAPHIC,2015-01-14 00:00:00+05:30,0.15,0.25,0.15,0.15,11807
ANTGRAPHIC,2015-01-15 00:00:00+05:30,0.15,0.15,0.15,0.15,3100
ANTGRAPHIC,2015-01-16 00:00:00+05:30,0.2,0.2,0.2,0.2,2522
ANTGRAPHIC,2015-01-19 00:00:00+05:30,0.15,0.2,0.15,0.15,93129
ANTGRAPHIC,2015-01-20 00:00:00+05:30,0.15,0.15,0.15,0.15,7003
ANTGRAPHIC,2015-01-21 00:00:00+05:30,0.15,0.2,0.15,0.2,5550
ANTGRAPHIC,2015-01-22 00:00:00+05:30,0.2,0.2,0.15,0.2,203901
ANTGRAPHIC,2015-01-23 00:00:00+05:30,0.15,0.2,0.15,0.15,14123
ANTGRAPHIC,2015-01-27 00:00:00+05:30,0.15,0.15,0.15,0.15,6252
ANTGRAPHIC,2015-01-28 00:00:00+05:30,0.15,0.15,0.15,0.15,11211
ANTGRAPHIC,2015-01-29 00:00:00+05:30,0.15,0.2,0.15,0.2,21448
ANTGRAPHIC,2015-01-30 00:00:00+05:30,0.15,0.2,0.15,0.15,1169
ANTGRAPHIC,2015-02-02 00:00:00+05:30,0.15,0.2,0.15,0.15,8000
ANTGRAPHIC,2015-02-03 00:00:00+05:30,0.15,0.2,0.15,0.2,20674
ANTGRAPHIC,2015-02-04 00:00:00+05:30,0.15,0.2,0.15,0.15,15107
ANTGRAPHIC,2015-02-05 00:00:00+05:30,0.2,0.2,0.15,0.15,58702
ANTGRAPHIC,2015-02-06 00:00:00+05:30,0.2,0.2,0.15,0.15,46650
ANTGRAPHIC,2015-02-09 00:00:00+05:30,0.15,0.15,0.15,0.15,2001
ANTGRAPHIC,2015-02-10 00:00:00+05:30,0.15,0.15,0.15,0.15,40000
ANTGRAPHIC,2015-02-11 00:00:00+05:30,0.15,0.2,0.15,0.15,16002
ANTGRAPHIC,2015-02-12 00:00:00+05:30,0.15,0.2,0.15,0.15,14550
ANTGRAPHIC,2015-02-13 00:00:00+05:30,0.15,0.15,0.15,0.15,22024
ANTGRAPHIC,2015-02-16 00:00:00+05:30,0.15,0.15,0.15,0.15,2113
ANTGRAPHIC,2015-02-18 00:00:00+05:30,0.15,0.2,0.15,0.15,16310
ANTGRAPHIC,2015-02-19 00:00:00+05:30,0.15,0.2,0.15,0.2,25866
ANTGRAPHIC,2015-02-20 00:00:00+05:30,0.2,0.2,0.15,0.15,15172
ANTGRAPHIC,2015-02-23 00:00:00+05:30,0.15,0.2,0.15,0.15,62586
ANTGRAPHIC,2015-02-24 00:00:00+05:30,0.15,0.2,0.15,0.15,124000
ANTGRAPHIC,2015-02-25 00:00:00+05:30,0.15,0.2,0.15,0.2,11129
ANTGRAPHIC,2015-02-26 00:00:00+05:30,0.15,0.15,0.15,0.15,101
ANTGRAPHIC,2015-02-27 00:00:00+05:30,0.15,0.2,0.15,0.15,20596
ANTGRAPHIC,2015-03-02 00:00:00+05:30,0.2,0.2,0.2,0.2,211
ANTGRAPHIC,2015-03-03 00:00:00+05:30,0.2,0.2,0.2,0.2,2500
ANTGRAPHIC,2015-03-04 00:00:00+05:30,0.15,0.2,0.15,0.2,17251
ANTGRAPHIC,2015-03-05 00:00:00+05:30,0.15,0.2,0.15,0.15,20098
ANTGRAPHIC,2015-03-09 00:00:00+05:30,0.15,0.15,0.15,0.15,5246
ANTGRAPHIC,2015-03-10 00:00:00+05:30,0.15,0.15,0.15,0.15,5053
ANTGRAPHIC,2015-03-11 00:00:00+05:30,0.15,0.2,0.15,0.15,27249
ANTGRAPHIC,2015-03-12 00:00:00+05:30,0.15,0.15,0.15,0.15,9648
ANTGRAPHIC,2015-03-13 00:00:00+05:30,0.15,0.15,0.15,0.15,738
ANTGRAPHIC,2015-03-16 00:00:00+05:30,0.15,0.15,0.15,0.15,4008
ANTGRAPHIC,2015-03-17 00:00:00+05:30,0.15,0.15,0.15,0.15,5502
ANTGRAPHIC,2015-03-18 00:00:00+05:30,0.15,0.15,0.15,0.15,40255
ANTGRAPHIC,2015-03-19 00:00:00+05:30,0.15,0.15,0.1,0.15,117751
ANTGRAPHIC,2015-03-20 00:00:00+05:30,0.15,0.15,0.1,0.15,53160
ANTGRAPHIC,2015-03-23 00:00:00+05:30,0.15,0.2,0.1,0.15,540336
ANTGRAPHIC,2015-03-24 00:00:00+05:30,0.1,0.15,0.1,0.1,335728
ANTGRAPHIC,2015-03-25 00:00:00+05:30,0.1,0.15,0.1,0.1,256100
ANTGRAPHIC,2015-03-26 00:00:00+05:30,0.05,0.15,0.05,0.15,144368
ANTGRAPHIC,2015-03-27 00:00:00+05:30,0.1,0.15,0.1,0.1,5082
ANTGRAPHIC,2015-03-30 00:00:00+05:30,0.1,0.1,0.1,0.1,3590
ANTGRAPHIC,2015-03-31 00:00:00+05:30,0.1,0.1,0.1,0.1,8406
ANTGRAPHIC,2015-04-01 00:00:00+05:30,0.1,0.15,0.1,0.15,23500
ANTGRAPHIC,2015-04-06 00:00:00+05:30,0.1,0.15,0.1,0.1,12537
ANTGRAPHIC,2015-04-07 00:00:00+05:30,0.1,0.1,0.1,0.1,32
ANTGRAPHIC,2015-04-08 00:00:00+05:30,0.1,0.15,0.1,0.15,33500
ANTGRAPHIC,2015-04-09 00:00:00+05:30,0.15,0.15,0.1,0.15,4600
ANTGRAPHIC,2015-04-10 00:00:00+05:30,0.15,0.15,0.1,0.1,107863
ANTGRAPHIC,2015-04-13 00:00:00+05:30,0.1,0.15,0.1,0.15,10917
ANTGRAPHIC,2015-04-15 00:00:00+05:30,0.15,0.2,0.1,0.15,196965
ANTGRAPHIC,2015-04-16 00:00:00+05:30,0.15,0.2,0.15,0.15,95200
ANTGRAPHIC,2015-04-17 00:00:00+05:30,0.2,0.2,0.1,0.2,4613
ANTGRAPHIC,2015-04-20 00:00:00+05:30,0.2,0.2,0.15,0.2,9173
ANTGRAPHIC,2015-04-21 00:00:00+05:30,0.15,0.2,0.15,0.15,36606
ANTGRAPHIC,2015-04-22 00:00:00+05:30,0.2,0.2,0.2,0.2,370
ANTGRAPHIC,2015-04-23 00:00:00+05:30,0.15,0.2,0.15,0.15,3605
ANTGRAPHIC,2015-04-24 00:00:00+05:30,0.15,0.15,0.15,0.15,8500
ANTGRAPHIC,2015-04-27 00:00:00+05:30,0.1,0.2,0.1,0.15,151
ANTGRAPHIC,2015-04-28 00:00:00+05:30,0.15,0.15,0.1,0.1,526
ANTGRAPHIC,2015-04-29 00:00:00+05:30,0.1,0.1,0.1,0.1,9813
ANTGRAPHIC,2015-04-30 00:00:00+05:30,0.1,0.1,0.1,0.1,2000
ANTGRAPHIC,2015-05-04 00:00:00+05:30,0.1,0.15,0.1,0.15,35126
ANTGRAPHIC,2015-05-05 00:00:00+05:30,0.1,0.1,0.1,0.1,11465
ANTGRAPHIC,2015-05-06 00:00:00+05:30,0.1,0.15,0.1,0.15,15410
ANTGRAPHIC,2015-05-07 00:00:00+05:30,0.1,0.15,0.1,0.15,205
ANTGRAPHIC,2015-05-08 00:00:00+05:30,0.1,0.15,0.1,0.15,23477
ANTGRAPHIC,2015-05-11 00:00:00+05:30,0.1,0.15,0.1,0.15,39964
ANTGRAPHIC,2015-05-12 00:00:00+05:30,0.15,0.15,0.15,0.15,100
ANTGRAPHIC,2015-05-13 00:00:00+05:30,0.15,0.2,0.1,0.15,72634
ANTGRAPHIC,2015-05-14 00:00:00+05:30,0.15,0.2,0.1,0.1,125338
ANTGRAPHIC,2015-05-15 00:00:00+05:30,0.15,0.15,0.1,0.1,11145
ANTGRAPHIC,2015-05-18 00:00:00+05:30,0.15,0.15,0.15,0.15,300
ANTGRAPHIC,2015-05-19 00:00:00+05:30,0.15,0.2,0.1,0.2,112008
ANTGRAPHIC,2015-05-20 00:00:00+05:30,0.2,0.2,0.15,0.15,500
ANTGRAPHIC,2015-05-21 00:00:00+05:30,0.15,0.15,0.15,0.15,100
ANTGRAPHIC,2015-05-22 00:00:00+05:30,0.1,0.15,0.1,0.15,3609
ANTGRAPHIC,2015-05-25 00:00:00+05:30,0.1,0.2,0.1,0.15,8217
ANTGRAPHIC,2015-05-26 00:00:00+05:30,0.1,0.2,0.1,0.1,2220
ANTGRAPHIC,2015-05-27 00:00:00+05:30,0.1,0.15,0.1,0.1,8725
ANTGRAPHIC,2015-05-28 00:00:00+05:30,0.1,0.1,0.1,0.1,2001
ANTGRAPHIC,2015-05-29 00:00:00+05:30,0.15,0.15,0.1,0.1,224240
ANTGRAPHIC,2015-06-01 00:00:00+05:30,0.15,0.15,0.1,0.15,111655
ANTGRAPHIC,2015-06-02 00:00:00+05:30,0.1,0.15,0.1,0.15,19900
ANTGRAPHIC,2015-06-03 00:00:00+05:30,0.1,0.1,0.1,0.1,667
ANTGRAPHIC,2015-06-04 00:00:00+05:30,0.1,0.1,0.1,0.1,1260
ANTGRAPHIC,2015-06-05 00:00:00+05:30,0.1,0.15,0.1,0.1,4512
ANTGRAPHIC,2015-06-08 00:00:00+05:30,0.1,0.15,0.1,0.15,6176
ANTGRAPHIC,2015-06-09 00:00:00+05:30,0.1,0.15,0.1,0.1,18405
ANTGRAPHIC,2015-06-10 00:00:00+05:30,0.1,0.1,0.1,0.1,2349
ANTGRAPHIC,2015-06-11 00:00:00+05:30,0.1,0.1,0.1,0.1,1153
ANTGRAPHIC,2015-06-12 00:00:00+05:30,0.1,0.15,0.1,0.1,7928
ANTGRAPHIC,2015-06-15 00:00:00+05:30,0.1,0.1,0.1,0.1,7191
ANTGRAPHIC,2015-06-16 00:00:00+05:30,0.1,0.15,0.1,0.15,17179
ANTGRAPHIC,2015-06-17 00:00:00+05:30,0.1,0.15,0.1,0.1,11776
ANTGRAPHIC,2015-06-18 00:00:00+05:30,0.1,0.15,0.1,0.1,21053
ANTGRAPHIC,2015-06-19 00:00:00+05:30,0.1,0.1,0.1,0.1,9814
ANTGRAPHIC,2015-06-22 00:00:00+05:30,0.1,0.1,0.1,0.1,41750
ANTGRAPHIC,2015-06-23 00:00:00+05:30,0.1,0.15,0.1,0.1,33925
ANTGRAPHIC,2015-06-24 00:00:00+05:30,0.15,0.15,0.1,0.1,33037
ANTGRAPHIC,2015-06-25 00:00:00+05:30,0.1,0.1,0.1,0.1,45000
ANTGRAPHIC,2015-06-26 00:00:00+05:30,0.1,0.1,0.1,0.1,1017
ANTGRAPHIC,2015-06-29 00:00:00+05:30,0.1,0.1,0.1,0.1,3059
ANTGRAPHIC,2015-06-30 00:00:00+05:30,0.15,0.15,0.1,0.1,23984
ANTGRAPHIC,2015-07-01 00:00:00+05:30,0.1,0.1,0.1,0.1,2000
ANTGRAPHIC,2015-07-02 00:00:00+05:30,0.1,0.1,0.1,0.1,9200
ANTGRAPHIC,2015-07-03 00:00:00+05:30,0.1,0.1,0.1,0.1,3016
ANTGRAPHIC,2015-07-06 00:00:00+05:30,0.1,0.1,0.1,0.1,1556
ANTGRAPHIC,2015-07-07 00:00:00+05:30,0.1,0.1,0.1,0.1,60000
ANTGRAPHIC,2015-07-08 00:00:00+05:30,0.1,0.1,0.1,0.1,9410
ANTGRAPHIC,2015-07-09 00:00:00+05:30,0.1,0.1,0.1,0.1,571
ANTGRAPHIC,2015-07-10 00:00:00+05:30,0.1,0.15,0.1,0.1,5667
ANTGRAPHIC,2015-07-13 00:00:00+05:30,0.1,0.1,0.1,0.1,8500
ANTGRAPHIC,2015-07-14 00:00:00+05:30,0.1,0.1,0.1,0.1,501
ANTGRAPHIC,2015-07-15 00:00:00+05:30,0.1,0.15,0.1,0.15,63015
ANTGRAPHIC,2015-07-16 00:00:00+05:30,0.1,0.1,0.1,0.1,13
ANTGRAPHIC,2015-07-17 00:00:00+05:30,0.1,0.15,0.1,0.15,100559
ANTGRAPHIC,2015-07-21 00:00:00+05:30,0.15,0.15,0.15,0.15,50
ANTGRAPHIC,2015-07-22 00:00:00+05:30,0.1,0.15,0.1,0.1,25217
ANTGRAPHIC,2015-07-23 00:00:00+05:30,0.1,0.1,0.1,0.1,30053
ANTGRAPHIC,2015-07-24 00:00:00+05:30,0.1,0.1,0.1,0.1,9
ANTGRAPHIC,2015-07-28 00:00:00+05:30,0.15,0.15,0.15,0.15,12500
ANTGRAPHIC,2015-07-29 00:00:00+05:30,0.1,0.15,0.1,0.1,19010
ANTGRAPHIC,2015-07-30 00:00:00+05:30,0.1,0.15,0.1,0.15,5754
ANTGRAPHIC,2015-07-31 00:00:00+05:30,0.1,0.1,0.1,0.1,206
ANTGRAPHIC,2015-08-04 00:00:00+05:30,0.1,0.15,0.1,0.1,11950
ANTGRAPHIC,2015-08-05 00:00:00+05:30,0.1,0.1,0.1,0.1,193
ANTGRAPHIC,2015-08-06 00:00:00+05:30,0.1,0.15,0.1,0.1,86183
ANTGRAPHIC,2015-08-07 00:00:00+05:30,0.15,0.15,0.1,0.1,2022
ANTGRAPHIC,2015-08-10 00:00:00+05:30,0.1,0.1,0.1,0.1,60
ANTGRAPHIC,2015-08-11 00:00:00+05:30,0.1,0.15,0.1,0.1,6900
ANTGRAPHIC,2015-08-12 00:00:00+05:30,0.1,0.15,0.1,0.15,1002
ANTGRAPHIC,2015-08-13 00:00:00+05:30,0.15,0.15,0.1,0.1,12021
ANTGRAPHIC,2015-08-14 00:00:00+05:30,0.1,0.15,0.1,0.1,25205
ANTGRAPHIC,2015-08-17 00:00:00+05:30,0.1,0.15,0.1,0.15,4600
ANTGRAPHIC,2015-08-18 00:00:00+05:30,0.1,0.1,0.1,0.1,1000
ANTGRAPHIC,2015-08-19 00:00:00+05:30,0.1,0.15,0.1,0.15,115473
ANTGRAPHIC,2015-08-20 00:00:00+05:30,0.1,0.1,0.1,0.1,550
ANTGRAPHIC,2015-08-21 00:00:00+05:30,0.1,0.15,0.1,0.15,8804
ANTGRAPHIC,2015-08-24 00:00:00+05:30,0.1,0.1,0.1,0.1,7500
ANTGRAPHIC,2015-08-25 00:00:00+05:30,0.1,0.1,0.1,0.1,49986
ANTGRAPHIC,2015-08-26 00:00:00+05:30,0.1,0.1,0.1,0.1,60
ANTGRAPHIC,2015-08-27 00:00:00+05:30,0.1,0.15,0.1,0.15,13715
ANTGRAPHIC,2015-08-28 00:00:00+05:30,0.1,0.15,0.1,0.1,5996
ANTGRAPHIC,2015-09-02 00:00:00+05:30,0.1,0.1,0.1,0.1,339
ANTGRAPHIC,2015-09-03 00:00:00+05:30,0.1,0.1,0.1,0.1,2253
ANTGRAPHIC,2015-09-04 00:00:00+05:30,0.1,0.15,0.1,0.1,8064
ANTGRAPHIC,2015-09-07 00:00:00+05:30,0.1,0.1,0.1,0.1,6135
ANTGRAPHIC,2015-09-08 00:00:00+05:30,0.1,0.1,0.1,0.1,1034
ANTGRAPHIC,2015-09-09 00:00:00+05:30,0.1,0.15,0.1,0.1,13352
ANTGRAPHIC,2015-09-10 00:00:00+05:30,0.1,0.1,0.1,0.1,1020
ANTGRAPHIC,2015-09-11 00:00:00+05:30,0.1,0.1,0.1,0.1,18
ANTGRAPHIC,2015-09-14 00:00:00+05:30,0.1,0.1,0.1,0.1,15000
ANTGRAPHIC,2015-09-15 00:00:00+05:30,0.15,0.15,0.15,0.15,6656
ANTGRAPHIC,2015-09-16 00:00:00+05:30,0.1,0.15,0.1,0.1,1402
ANTGRAPHIC,2015-09-18 00:00:00+05:30,0.1,0.15,0.1,0.15,5104
ANTGRAPHIC,2015-09-21 00:00:00+05:30,0.15,0.15,0.1,0.1,17580
ANTGRAPHIC,2015-09-22 00:00:00+05:30,0.1,0.1,0.1,0.1,2624
ANTGRAPHIC,2015-09-23 00:00:00+05:30,0.1,0.1,0.1,0.1,2153
ANTGRAPHIC,2015-09-24 00:00:00+05:30,0.1,0.1,0.1,0.1,307
ANTGRAPHIC,2015-09-29 00:00:00+05:30,0.1,0.15,0.1,0.15,4944
ANTGRAPHIC,2015-09-30 00:00:00+05:30,0.15,0.15,0.1,0.15,11500
ANTGRAPHIC,2015-10-01 00:00:00+05:30,0.1,0.15,0.1,0.15,5421
ANTGRAPHIC,2015-10-05 00:00:00+05:30,0.1,0.15,0.1,0.15,4184
ANTGRAPHIC,2015-10-06 00:00:00+05:30,0.1,0.1,0.1,0.1,2520
ANTGRAPHIC,2015-10-07 00:00:00+05:30,0.1,0.1,0.1,0.1,20000
ANTGRAPHIC,2015-10-08 00:00:00+05:30,0.1,0.15,0.1,0.15,21646
ANTGRAPHIC,2015-10-09 00:00:00+05:30,0.1,0.1,0.1,0.1,13005
ANTGRAPHIC,2015-10-12 00:00:00+05:30,0.1,0.1,0.1,0.1,4750
ANTGRAPHIC,2015-10-13 00:00:00+05:30,0.1,0.15,0.1,0.15,11030
ANTGRAPHIC,2015-10-14 00:00:00+05:30,0.1,0.15,0.1,0.15,211
ANTGRAPHIC,2015-10-15 00:00:00+05:30,0.1,0.1,0.1,0.1,87
ANTGRAPHIC,2015-10-16 00:00:00+05:30,0.1,0.1,0.1,0.1,21000
ANTGRAPHIC,2015-10-19 00:00:00+05:30,0.1,0.1,0.1,0.1,3000
ANTGRAPHIC,2015-10-20 00:00:00+05:30,0.15,0.15,0.1,0.15,37512
ANTGRAPHIC,2015-10-21 00:00:00+05:30,0.1,0.15,0.1,0.1,12947
ANTGRAPHIC,2015-10-23 00:00:00+05:30,0.1,0.1,0.1,0.1,5013
ANTGRAPHIC,2015-10-27 00:00:00+05:30,0.1,0.1,0.1,0.1,3710
ANTGRAPHIC,2015-10-29 00:00:00+05:30,0.15,0.15,0.15,0.15,57385
ANTGRAPHIC,2015-10-30 00:00:00+05:30,0.15,0.15,0.1,0.1,176112
ANTGRAPHIC,2015-11-02 00:00:00+05:30,0.1,0.15,0.1,0.15,28300
ANTGRAPHIC,2015-11-03 00:00:00+05:30,0.1,0.15,0.1,0.15,145096
ANTGRAPHIC,2015-11-04 00:00:00+05:30,0.15,0.15,0.1,0.1,31446
ANTGRAPHIC,2015-11-05 00:00:00+05:30,0.1,0.15,0.1,0.15,20499
ANTGRAPHIC,2015-11-06 00:00:00+05:30,0.15,0.15,0.1,0.1,15015
ANTGRAPHIC,2015-11-09 00:00:00+05:30,0.1,0.15,0.1,0.15,163313
ANTGRAPHIC,2015-11-10 00:00:00+05:30,0.2,0.2,0.15,0.15,84506
ANTGRAPHIC,2015-11-11 00:00:00+05:30,0.2,0.2,0.15,0.15,63000
ANTGRAPHIC,2015-11-13 00:00:00+05:30,0.15,0.2,0.15,0.2,88919
ANTGRAPHIC,2015-11-16 00:00:00+05:30,0.15,0.2,0.15,0.2,6500
ANTGRAPHIC,2015-11-17 00:00:00+05:30,0.2,0.2,0.15,0.2,16600
ANTGRAPHIC,2015-11-18 00:00:00+05:30,0.15,0.2,0.15,0.2,1001
ANTGRAPHIC,2015-11-19 00:00:00+05:30,0.15,0.2,0.15,0.2,23401
ANTGRAPHIC,2015-11-20 00:00:00+05:30,0.15,0.2,0.15,0.15,313950
ANTGRAPHIC,2015-11-23 00:00:00+05:30,0.15,0.15,0.1,0.15,109221
ANTGRAPHIC,2015-11-24 00:00:00+05:30,0.15,0.15,0.15,0.15,4132
ANTGRAPHIC,2015-11-26 00:00:00+05:30,0.15,0.15,0.15,0.15,3000
ANTGRAPHIC,2015-11-27 00:00:00+05:30,0.2,0.2,0.15,0.2,233400
ANTGRAPHIC,2015-11-30 00:00:00+05:30,0.2,0.2,0.15,0.15,47501
ANTGRAPHIC,2015-12-01 00:00:00+05:30,0.15,0.15,0.15,0.15,30224
ANTGRAPHIC,2015-12-02 00:00:00+05:30,0.15,0.15,0.15,0.15,5035
ANTGRAPHIC,2015-12-03 00:00:00+05:30,0.15,0.15,0.15,0.15,1000
ANTGRAPHIC,2015-12-07 00:00:00+05:30,0.15,0.2,0.15,0.2,348648
ANTGRAPHIC,2015-12-08 00:00:00+05:30,0.2,0.25,0.2,0.25,423743
ANTGRAPHIC,2015-12-09 00:00:00+05:30,0.25,0.3,0.25,0.25,235518
ANTGRAPHIC,2015-12-10 00:00:00+05:30,0.3,0.3,0.25,0.3,785588
ANTGRAPHIC,2015-12-11 00:00:00+05:30,0.35,0.35,0.25,0.35,273952
ANTGRAPHIC,2015-12-14 00:00:00+05:30,0.4,0.4,0.35,0.4,298931
ANTGRAPHIC,2015-12-15 00:00:00+05:30,0.4,0.45,0.4,0.45,264890
ANTGRAPHIC,2015-12-16 00:00:00+05:30,0.5,0.5,0.5,0.5,118112
ANTGRAPHIC,2015-12-17 00:00:00+05:30,0.55,0.55,0.55,0.55,24500
ANTGRAPHIC,2015-12-18 00:00:00+05:30,0.6,0.6,0.6,0.6,83011
ANTGRAPHIC,2015-12-21 00:00:00+05:30,0.65,0.65,0.65,0.65,165603
ANTGRAPHIC,2015-12-22 00:00:00+05:30,0.7,0.7,0.7,0.7,324559
ANTGRAPHIC,2015-12-23 00:00:00+05:30,0.75,0.75,0.75,0.75,143323
ANTGRAPHIC,2015-12-24 00:00:00+05:30,0.8,0.8,0.7,0.7,569323
ANTGRAPHIC,2015-12-28 00:00:00+05:30,0.65,0.65,0.65,0.65,95760
ANTGRAPHIC,2015-12-29 00:00:00+05:30,0.6,0.6,0.6,0.6,28348
ANTGRAPHIC,2015-12-30 00:00:00+05:30,0.55,0.55,0.55,0.55,119407
ANTGRAPHIC,2015-12-31 00:00:00+05:30,0.5,0.6,0.5,0.6,461789
ANTGRAPHIC,2015-12-31 09:15:00+05:30,0.5,0.6,0.5,0.6,461789
ANTGRAPHIC,2016-01-01 09:18:00+05:30,0.6,0.65,0.55,0.65,284204
ANTGRAPHIC,2016-01-04 09:15:00+05:30,0.65,0.7,0.65,0.7,356294
ANTGRAPHIC,2016-01-05 09:15:00+05:30,0.75,0.75,0.65,0.75,240272
ANTGRAPHIC,2016-01-06 09:21:00+05:30,0.75,0.8,0.7,0.8,210579
ANTGRAPHIC,2016-01-07 09:18:00+05:30,0.8,0.8,0.75,0.75,8000
ANTGRAPHIC,2016-01-08 09:15:00+05:30,0.8,0.8,0.7,0.7,101975
ANTGRAPHIC,2016-01-11 09:18:00+05:30,0.7,0.7,0.65,0.7,37175
ANTGRAPHIC,2016-01-12 09:18:00+05:30,0.75,0.75,0.65,0.75,120079
ANTGRAPHIC,2016-01-13 09:33:00+05:30,0.7,0.8,0.7,0.8,617143
ANTGRAPHIC,2016-01-14 09:15:00+05:30,0.8,0.8,0.75,0.8,36284
ANTGRAPHIC,2016-01-15 09:21:00+05:30,0.85,0.85,0.75,0.75,26803
ANTGRAPHIC,2016-01-18 09:32:00+05:30,0.75,0.75,0.7,0.7,60574
ANTGRAPHIC,2016-01-19 10:07:00+05:30,0.7,0.7,0.65,0.65,23401
ANTGRAPHIC,2016-01-20 09:20:00+05:30,0.65,0.7,0.6,0.6,92617
ANTGRAPHIC,2016-01-21 09:29:00+05:30,0.55,0.65,0.55,0.65,143604
ANTGRAPHIC,2016-01-22 09:15:00+05:30,0.6,0.7,0.6,0.7,287776
ANTGRAPHIC,2016-01-25 09:26:00+05:30,0.75,0.75,0.7,0.75,19607
ANTGRAPHIC,2016-01-27 09:35:00+05:30,0.75,0.8,0.7,0.8,187077
ANTGRAPHIC,2016-01-28 09:15:00+05:30,0.85,0.85,0.75,0.85,141230
ANTGRAPHIC,2016-01-29 09:15:00+05:30,0.9,0.9,0.8,0.9,115274
ANTGRAPHIC,2016-02-01 09:21:00+05:30,0.85,0.95,0.85,0.95,137988
ANTGRAPHIC,2016-02-02 09:25:00+05:30,0.95,1.0,0.9,1.0,178827
ANTGRAPHIC,2016-02-03 09:18:00+05:30,1.0,1.05,1.0,1.05,254723
ANTGRAPHIC,2016-02-04 09:15:00+05:30,1.0,1.1,1.0,1.05,221095
ANTGRAPHIC,2016-02-05 09:35:00+05:30,1.0,1.1,1.0,1.1,255192
ANTGRAPHIC,2016-02-08 09:23:00+05:30,1.1,1.15,1.1,1.15,151317
ANTGRAPHIC,2016-02-09 09:16:00+05:30,1.2,1.2,1.1,1.2,120412
ANTGRAPHIC,2016-02-10 09:17:00+05:30,1.25,1.25,1.2,1.25,182941
ANTGRAPHIC,2016-02-11 09:15:00+05:30,1.3,1.3,1.2,1.3,424143
ANTGRAPHIC,2016-02-12 09:15:00+05:30,1.35,1.35,1.25,1.35,406162
ANTGRAPHIC,2016-02-15 09:24:00+05:30,1.4,1.4,1.3,1.4,453260
ANTGRAPHIC,2016-02-16 09:15:00+05:30,1.45,1.45,1.4,1.45,289736
ANTGRAPHIC,2016-02-17 09:17:00+05:30,1.5,1.5,1.4,1.5,450920
ANTGRAPHIC,2016-02-18 09:15:00+05:30,1.55,1.55,1.45,1.55,339193
ANTGRAPHIC,2016-02-19 09:15:00+05:30,1.6,1.6,1.5,1.6,332889
ANTGRAPHIC,2016-02-22 09:21:00+05:30,1.6,1.65,1.55,1.65,645534
ANTGRAPHIC,2016-02-23 09:15:00+05:30,1.65,1.7,1.6,1.7,367747
ANTGRAPHIC,2016-02-24 09:15:00+05:30,1.7,1.75,1.65,1.75,397204
ANTGRAPHIC,2016-02-25 09:23:00+05:30,1.8,1.8,1.7,1.8,294390
ANTGRAPHIC,2016-02-26 09:15:00+05:30,1.85,1.85,1.75,1.8,549692
ANTGRAPHIC,2016-02-29 09:15:00+05:30,1.85,1.85,1.75,1.75,340603
ANTGRAPHIC,2016-03-01 09:18:00+05:30,1.7,1.7,1.7,1.7,5912
ANTGRAPHIC,2016-03-02 09:40:00+05:30,1.65,1.65,1.65,1.65,81342
ANTGRAPHIC,2016-03-03 09:25:00+05:30,1.6,1.6,1.6,1.6,901
ANTGRAPHIC,2016-03-04 09:29:00+05:30,1.55,1.55,1.55,1.55,5420
ANTGRAPHIC,2016-03-08 10:23:00+05:30,1.5,1.5,1.5,1.5,3301
ANTGRAPHIC,2016-03-09 09:32:00+05:30,1.45,1.45,1.45,1.45,1165
ANTGRAPHIC,2016-03-10 09:26:00+05:30,1.4,1.4,1.4,1.4,105
ANTGRAPHIC,2016-03-11 10:55:00+05:30,1.35,1.35,1.35,1.35,1000
ANTGRAPHIC,2016-03-14 10:41:00+05:30,1.3,1.3,1.3,1.3,1
ANTGRAPHIC,2016-03-15 09:49:00+05:30,1.25,1.25,1.25,1.25,11000
ANTGRAPHIC,2016-03-16 14:36:00+05:30,1.2,1.2,1.2,1.2,10001
ANTGRAPHIC,2016-03-17 10:22:00+05:30,1.15,1.15,1.15,1.15,1
ANTGRAPHIC,2016-03-18 09:32:00+05:30,1.1,1.1,1.1,1.1,400
ANTGRAPHIC,2016-03-21 09:42:00+05:30,1.05,1.05,1.05,1.05,2400
ANTGRAPHIC,2016-03-22 10:31:00+05:30,1.0,1.0,1.0,1.0,7001
ANTGRAPHIC,2016-03-23 10:02:00+05:30,0.95,0.95,0.95,0.95,1900
ANTGRAPHIC,2016-03-28 10:41:00+05:30,0.9,0.9,0.9,0.9,13250
ANTGRAPHIC,2016-03-29 09:15:00+05:30,0.85,0.85,0.85,0.85,70850
ANTGRAPHIC,2016-03-30 09:15:00+05:30,0.8,0.8,0.8,0.8,62000
ANTGRAPHIC,2016-03-31 09:53:00+05:30,0.75,0.75,0.75,0.75,8433
ANTGRAPHIC,2016-04-01 09:28:00+05:30,0.7,0.7,0.7,0.7,27400
ANTGRAPHIC,2016-04-04 09:38:00+05:30,0.65,0.65,0.65,0.65,28823
ANTGRAPHIC,2016-04-05 09:19:00+05:30,0.6,0.6,0.6,0.6,23500
ANTGRAPHIC,2016-04-06 09:15:00+05:30,0.55,0.55,0.55,0.55,47123
ANTGRAPHIC,2016-04-07 09:15:00+05:30,0.5,0.6,0.5,0.6,329499
ANTGRAPHIC,2016-04-08 10:08:00+05:30,0.65,0.65,0.65,0.65,45403
ANTGRAPHIC,2016-04-11 09:58:00+05:30,0.7,0.7,0.7,0.7,18505
ANTGRAPHIC,2016-04-12 09:16:00+05:30,0.75,0.75,0.75,0.75,7410
ANTGRAPHIC,2016-04-13 09:46:00+05:30,0.8,0.8,0.8,0.8,134660
ANTGRAPHIC,2016-04-18 09:15:00+05:30,0.85,0.85,0.85,0.85,12706
ANTGRAPHIC,2016-04-20 09:17:00+05:30,0.9,0.9,0.8,0.9,662540
ANTGRAPHIC,2016-04-21 09:15:00+05:30,0.95,0.95,0.85,0.95,158952
ANTGRAPHIC,2016-04-22 09:19:00+05:30,1.0,1.0,0.95,1.0,160755
ANTGRAPHIC,2016-04-25 09:16:00+05:30,1.0,1.05,0.95,1.0,302390
ANTGRAPHIC,2016-04-26 09:18:00+05:30,1.0,1.05,0.95,1.0,127010
ANTGRAPHIC,2016-04-27 09:28:00+05:30,1.0,1.0,0.95,1.0,77547
ANTGRAPHIC,2016-04-28 09:20:00+05:30,1.0,1.0,0.95,1.0,25702
ANTGRAPHIC,2016-04-29 10:04:00+05:30,1.0,1.0,0.95,0.95,18953
ANTGRAPHIC,2016-05-02 09:16:00+05:30,1.0,1.0,0.9,0.9,13972
ANTGRAPHIC,2016-05-03 09:50:00+05:30,0.85,0.85,0.85,0.85,35718
ANTGRAPHIC,2016-05-04 09:42:00+05:30,0.8,0.8,0.8,0.8,5325
ANTGRAPHIC,2016-05-05 09:33:00+05:30,0.75,0.85,0.75,0.8,106089
ANTGRAPHIC,2016-05-06 09:44:00+05:30,0.75,0.85,0.75,0.75,14811
ANTGRAPHIC,2016-05-09 09:16:00+05:30,0.7,0.8,0.7,0.7,25536
ANTGRAPHIC,2016-05-10 09:32:00+05:30,0.65,0.75,0.65,0.75,33491
ANTGRAPHIC,2016-05-11 09:22:00+05:30,0.8,0.8,0.75,0.8,4110
ANTGRAPHIC,2016-05-12 09:23:00+05:30,0.85,0.85,0.75,0.8,76622
ANTGRAPHIC,2016-05-13 09:25:00+05:30,0.75,0.8,0.75,0.8,11460
ANTGRAPHIC,2016-05-16 09:23:00+05:30,0.85,0.85,0.75,0.75,12979
ANTGRAPHIC,2016-05-17 09:33:00+05:30,0.8,0.8,0.7,0.8,57547
ANTGRAPHIC,2016-05-18 09:25:00+05:30,0.8,0.8,0.75,0.75,8292
ANTGRAPHIC,2016-05-19 09:26:00+05:30,0.8,0.8,0.7,0.75,25377
ANTGRAPHIC,2016-05-20 09:42:00+05:30,0.8,0.8,0.7,0.8,23189
ANTGRAPHIC,2016-05-23 09:23:00+05:30,0.8,0.8,0.75,0.75,11308
ANTGRAPHIC,2016-05-24 09:49:00+05:30,0.8,0.8,0.7,0.7,15013
ANTGRAPHIC,2016-05-25 09:53:00+05:30,0.75,0.75,0.65,0.75,60709
ANTGRAPHIC,2016-05-26 09:22:00+05:30,0.8,0.8,0.7,0.75,79870
ANTGRAPHIC,2016-05-27 09:19:00+05:30,0.75,0.75,0.7,0.75,22655
ANTGRAPHIC,2016-05-30 09:26:00+05:30,0.7,0.8,0.7,0.7,54472
ANTGRAPHIC,2016-05-31 09:20:00+05:30,0.75,0.75,0.65,0.7,83850
ANTGRAPHIC,2016-06-01 10:14:00+05:30,0.7,0.75,0.65,0.7,73791
ANTGRAPHIC,2016-06-02 10:10:00+05:30,0.65,0.75,0.65,0.7,41575
ANTGRAPHIC,2016-06-03 09:24:00+05:30,0.75,0.75,0.65,0.75,28439
ANTGRAPHIC,2016-06-06 09:37:00+05:30,0.75,0.75,0.7,0.7,4895
ANTGRAPHIC,2016-06-07 09:44:00+05:30,0.75,0.75,0.65,0.65,44707
ANTGRAPHIC,2016-06-08 09:15:00+05:30,0.65,0.7,0.6,0.7,32350
ANTGRAPHIC,2016-06-09 12:42:00+05:30,0.75,0.75,0.65,0.7,154
ANTGRAPHIC,2016-06-10 09:19:00+05:30,0.7,0.75,0.65,0.75,11882
ANTGRAPHIC,2016-06-13 09:33:00+05:30,0.75,0.75,0.7,0.7,9514
ANTGRAPHIC,2016-06-14 09:29:00+05:30,0.7,0.7,0.65,0.65,145706
ANTGRAPHIC,2016-06-15 10:54:00+05:30,0.65,0.7,0.6,0.65,39000
ANTGRAPHIC,2016-06-16 09:32:00+05:30,0.7,0.7,0.6,0.65,25140
ANTGRAPHIC,2016-06-17 09:26:00+05:30,0.7,0.7,0.6,0.65,13801
ANTGRAPHIC,2016-06-20 09:28:00+05:30,0.7,0.7,0.6,0.65,26688
ANTGRAPHIC,2016-06-21 10:04:00+05:30,0.7,0.7,0.6,0.7,45195
ANTGRAPHIC,2016-06-22 09:27:00+05:30,0.75,0.75,0.65,0.65,12496
ANTGRAPHIC,2016-06-23 10:36:00+05:30,0.65,0.65,0.6,0.6,15288
ANTGRAPHIC,2016-06-24 09:18:00+05:30,0.55,0.65,0.55,0.65,53923
ANTGRAPHIC,2016-06-27 10:06:00+05:30,0.65,0.65,0.6,0.6,2201
ANTGRAPHIC,2016-06-28 10:04:00+05:30,0.55,0.65,0.55,0.6,83111
ANTGRAPHIC,2016-06-29 09:46:00+05:30,0.65,0.65,0.55,0.65,17011
ANTGRAPHIC,2016-06-30 12:04:00+05:30,0.6,0.6,0.6,0.6,36571
ANTGRAPHIC,2016-07-01 09:39:00+05:30,0.55,0.65,0.55,0.65,135865
ANTGRAPHIC,2016-07-04 09:33:00+05:30,0.65,0.65,0.6,0.6,26117
ANTGRAPHIC,2016-07-05 09:15:00+05:30,0.55,0.65,0.55,0.6,55901
ANTGRAPHIC,2016-07-07 09:39:00+05:30,0.65,0.65,0.6,0.65,68808
ANTGRAPHIC,2016-07-08 09:29:00+05:30,0.6,0.7,0.6,0.7,281084
ANTGRAPHIC,2016-07-11 09:31:00+05:30,0.7,0.75,0.7,0.75,262731
ANTGRAPHIC,2016-07-12 09:19:00+05:30,0.8,0.8,0.7,0.8,55139
ANTGRAPHIC,2016-07-13 09:24:00+05:30,0.85,0.85,0.75,0.85,16100
ANTGRAPHIC,2016-07-14 09:16:00+05:30,0.9,0.9,0.85,0.9,434305
ANTGRAPHIC,2016-07-15 09:23:00+05:30,0.95,0.95,0.9,0.95,67188
ANTGRAPHIC,2016-07-18 09:15:00+05:30,1.0,1.0,0.9,0.95,72462
ANTGRAPHIC,2016-07-19 09:18:00+05:30,0.95,0.95,0.9,0.9,21310
ANTGRAPHIC,2016-07-20 09:17:00+05:30,0.85,0.95,0.85,0.9,255286
ANTGRAPHIC,2016-07-21 09:27:00+05:30,0.9,0.9,0.85,0.85,23950
ANTGRAPHIC,2016-07-22 09:16:00+05:30,0.85,0.85,0.8,0.8,22005
ANTGRAPHIC,2016-07-25 09:23:00+05:30,0.75,0.75,0.75,0.75,21244
ANTGRAPHIC,2016-07-26 09:37:00+05:30,0.7,0.7,0.7,0.7,48221
ANTGRAPHIC,2016-07-27 09:29:00+05:30,0.65,0.75,0.65,0.75,88320
ANTGRAPHIC,2016-07-28 09:18:00+05:30,0.8,0.8,0.7,0.8,68106
ANTGRAPHIC,2016-07-29 09:15:00+05:30,0.75,0.85,0.75,0.85,55410
ANTGRAPHIC,2016-08-01 09:35:00+05:30,0.9,0.9,0.8,0.9,155542
ANTGRAPHIC,2016-08-02 09:21:00+05:30,0.95,0.95,0.85,0.95,67555
ANTGRAPHIC,2016-08-03 09:16:00+05:30,1.0,1.0,0.9,0.95,57922
ANTGRAPHIC,2016-08-04 09:22:00+05:30,0.9,0.9,0.9,0.9,24650
ANTGRAPHIC,2016-08-05 09:46:00+05:30,0.85,0.95,0.85,0.9,208873
ANTGRAPHIC,2016-08-08 09:16:00+05:30,0.95,0.95,0.85,0.95,80306
ANTGRAPHIC,2016-08-09 09:30:00+05:30,0.9,1.0,0.9,1.0,172367
ANTGRAPHIC,2016-08-10 09:24:00+05:30,1.0,1.05,0.95,1.05,404093
ANTGRAPHIC,2016-08-11 09:52:00+05:30,1.1,1.1,1.0,1.1,66485
ANTGRAPHIC,2016-08-12 09:18:00+05:30,1.1,1.1,1.05,1.05,41853
ANTGRAPHIC,2016-08-16 09:20:00+05:30,1.0,1.0,1.0,1.0,801
ANTGRAPHIC,2016-08-17 09:15:00+05:30,1.0,1.0,1.0,1.0,10
ANTGRAPHIC,2016-08-18 09:49:00+05:30,1.0,1.0,0.95,0.95,4700
ANTGRAPHIC,2016-08-19 09:26:00+05:30,0.9,0.9,0.9,0.9,3400
ANTGRAPHIC,2016-08-22 09:28:00+05:30,0.85,0.9,0.85,0.85,18110
ANTGRAPHIC,2016-08-23 09:15:00+05:30,0.8,0.85,0.8,0.8,23727
ANTGRAPHIC,2016-08-24 09:28:00+05:30,0.85,0.85,0.75,0.85,41904
ANTGRAPHIC,2016-08-25 09:15:00+05:30,0.85,0.85,0.8,0.85,14730
ANTGRAPHIC,2016-08-26 10:04:00+05:30,0.8,0.85,0.8,0.85,18010
ANTGRAPHIC,2016-08-29 09:41:00+05:30,0.85,0.85,0.8,0.8,9991
ANTGRAPHIC,2016-08-30 09:23:00+05:30,0.75,0.85,0.75,0.75,91718
ANTGRAPHIC,2016-08-31 09:17:00+05:30,0.8,0.8,0.7,0.75,99552
ANTGRAPHIC,2016-09-01 09:24:00+05:30,0.8,0.8,0.7,0.75,115145
ANTGRAPHIC,2016-09-02 09:29:00+05:30,0.8,0.8,0.7,0.7,196030
ANTGRAPHIC,2016-09-06 09:29:00+05:30,0.75,0.75,0.65,0.75,104972
ANTGRAPHIC,2016-09-07 11:58:00+05:30,0.8,0.8,0.75,0.75,54100
ANTGRAPHIC,2016-09-08 11:39:00+05:30,0.8,0.8,0.7,0.8,84896
ANTGRAPHIC,2016-09-09 10:00:00+05:30,0.75,0.85,0.75,0.85,57932
ANTGRAPHIC,2016-09-12 09:47:00+05:30,0.8,0.8,0.8,0.8,5200
ANTGRAPHIC,2016-09-14 09:32:00+05:30,0.75,0.75,0.75,0.75,14700
ANTGRAPHIC,2016-09-15 09:20:00+05:30,0.7,0.8,0.7,0.7,19502
ANTGRAPHIC,2016-09-16 09:20:00+05:30,0.7,0.75,0.65,0.75,99444
ANTGRAPHIC,2016-09-19 09:25:00+05:30,0.8,0.8,0.75,0.8,306531
ANTGRAPHIC,2016-09-20 09:26:00+05:30,0.8,0.85,0.75,0.85,203959
ANTGRAPHIC,2016-09-21 09:15:00+05:30,0.85,0.9,0.8,0.9,413599
ANTGRAPHIC,2016-09-22 11:02:00+05:30,0.85,0.9,0.85,0.9,35731
ANTGRAPHIC,2016-09-23 09:33:00+05:30,0.85,0.85,0.85,0.85,10000
ANTGRAPHIC,2016-09-26 10:38:00+05:30,0.8,0.8,0.8,0.8,11751
ANTGRAPHIC,2016-09-27 09:59:00+05:30,0.75,0.8,0.75,0.8,66149
ANTGRAPHIC,2016-09-28 09:24:00+05:30,0.8,0.8,0.75,0.8,47336
ANTGRAPHIC,2016-09-29 09:50:00+05:30,0.75,0.85,0.75,0.8,125028
ANTGRAPHIC,2016-09-30 09:15:00+05:30,0.8,0.85,0.75,0.8,151000
ANTGRAPHIC,2016-10-03 09:20:00+05:30,0.8,0.85,0.75,0.85,132613
ANTGRAPHIC,2016-10-04 09:18:00+05:30,0.85,0.9,0.8,0.9,167990
ANTGRAPHIC,2016-10-05 09:41:00+05:30,0.85,0.9,0.85,0.9,98805
ANTGRAPHIC,2016-10-06 09:27:00+05:30,0.95,0.95,0.9,0.95,127264
ANTGRAPHIC,2016-10-07 09:40:00+05:30,1.0,1.0,0.9,1.0,466355
ANTGRAPHIC,2016-10-10 09:29:00+05:30,1.05,1.05,1.05,1.05,55395
ANTGRAPHIC,2016-10-13 09:15:00+05:30,1.1,1.1,1.1,1.1,40000
ANTGRAPHIC,2016-10-14 09:16:00+05:30,1.15,1.15,1.15,1.15,235891
ANTGRAPHIC,2016-10-17 09:26:00+05:30,1.15,1.2,1.1,1.2,214398
ANTGRAPHIC,2016-10-18 09:15:00+05:30,1.25,1.25,1.25,1.25,140493
ANTGRAPHIC,2016-10-19 09:17:00+05:30,1.3,1.3,1.25,1.3,163434
ANTGRAPHIC,2016-10-20 09:15:00+05:30,1.35,1.35,1.25,1.35,443178
ANTGRAPHIC,2016-10-21 09:16:00+05:30,1.4,1.4,1.4,1.4,195243
ANTGRAPHIC,2016-10-24 09:18:00+05:30,1.45,1.45,1.45,1.45,95450
ANTGRAPHIC,2016-10-25 09:29:00+05:30,1.5,1.5,1.4,1.5,290365
ANTGRAPHIC,2016-10-26 09:15:00+05:30,1.5,1.55,1.45,1.55,468337
ANTGRAPHIC,2016-10-27 09:17:00+05:30,1.6,1.6,1.5,1.5,64657
ANTGRAPHIC,2016-10-28 09:21:00+05:30,1.45,1.45,1.45,1.45,19815
ANTGRAPHIC,2016-11-01 09:17:00+05:30,1.35,1.35,1.35,1.35,16915
ANTGRAPHIC,2016-11-02 10:35:00+05:30,1.3,1.3,1.3,1.3,1096
ANTGRAPHIC,2016-11-03 09:32:00+05:30,1.25,1.25,1.25,1.25,6302
ANTGRAPHIC,2016-11-04 09:24:00+05:30,1.2,1.2,1.2,1.2,9004
ANTGRAPHIC,2016-11-07 11:08:00+05:30,1.15,1.15,1.15,1.15,4200
ANTGRAPHIC,2016-11-08 09:25:00+05:30,1.1,1.1,1.1,1.1,46061
ANTGRAPHIC,2016-11-09 09:42:00+05:30,1.05,1.05,1.05,1.05,21305
ANTGRAPHIC,2016-11-10 09:19:00+05:30,1.0,1.0,1.0,1.0,58500
ANTGRAPHIC,2016-11-11 10:34:00+05:30,0.95,0.95,0.95,0.95,1637
ANTGRAPHIC,2016-11-15 09:49:00+05:30,0.9,0.9,0.9,0.9,11506
ANTGRAPHIC,2016-11-16 09:15:00+05:30,0.85,0.95,0.85,0.9,169595
ANTGRAPHIC,2016-11-17 09:24:00+05:30,0.85,0.95,0.85,0.9,36328
ANTGRAPHIC,2016-11-18 09:22:00+05:30,0.85,0.85,0.85,0.85,2575
ANTGRAPHIC,2016-11-21 10:44:00+05:30,0.85,0.85,0.8,0.8,170006
ANTGRAPHIC,2016-11-22 09:15:00+05:30,0.75,0.85,0.75,0.85,165221
ANTGRAPHIC,2016-11-23 09:17:00+05:30,0.8,0.9,0.8,0.9,32846
ANTGRAPHIC,2016-11-24 09:17:00+05:30,0.85,0.95,0.85,0.95,62251
ANTGRAPHIC,2016-11-25 09:22:00+05:30,0.9,1.0,0.9,0.9,22560
ANTGRAPHIC,2016-11-28 09:58:00+05:30,0.85,0.95,0.85,0.95,478790
ANTGRAPHIC,2016-11-29 09:15:00+05:30,0.9,1.0,0.9,1.0,30623
ANTGRAPHIC,2016-11-30 09:32:00+05:30,1.05,1.05,1.05,1.05,14721
ANTGRAPHIC,2016-12-01 09:19:00+05:30,1.1,1.1,1.0,1.1,91952
ANTGRAPHIC,2016-12-02 09:30:00+05:30,1.05,1.15,1.05,1.05,42012
ANTGRAPHIC,2016-12-05 09:19:00+05:30,1.0,1.1,1.0,1.1,26980
ANTGRAPHIC,2016-12-06 09:32:00+05:30,1.15,1.15,1.15,1.15,9441
ANTGRAPHIC,2016-12-07 09:23:00+05:30,1.2,1.2,1.15,1.2,25851
ANTGRAPHIC,2016-12-08 09:23:00+05:30,1.25,1.25,1.2,1.25,49853
ANTGRAPHIC,2016-12-09 09:28:00+05:30,1.25,1.3,1.25,1.3,92240
ANTGRAPHIC,2016-12-12 09:25:00+05:30,1.35,1.35,1.3,1.35,44405
ANTGRAPHIC,2016-12-13 09:30:00+05:30,1.35,1.4,1.3,1.4,203438
ANTGRAPHIC,2016-12-14 09:26:00+05:30,1.4,1.45,1.4,1.45,106795
ANTGRAPHIC,2016-12-15 09:16:00+05:30,1.45,1.5,1.4,1.4,48238
ANTGRAPHIC,2016-12-16 10:51:00+05:30,1.35,1.35,1.35,1.35,745
ANTGRAPHIC,2016-12-19 10:16:00+05:30,1.3,1.3,1.3,1.3,7970
ANTGRAPHIC,2016-12-20 09:34:00+05:30,1.25,1.25,1.25,1.25,600
ANTGRAPHIC,2016-12-21 11:55:00+05:30,1.2,1.2,1.2,1.2,3750
ANTGRAPHIC,2016-12-22 10:14:00+05:30,1.2,1.2,1.15,1.15,1223
ANTGRAPHIC,2016-12-23 11:35:00+05:30,1.1,1.15,1.1,1.1,5464
ANTGRAPHIC,2016-12-26 09:22:00+05:30,1.05,1.05,1.05,1.05,4468
ANTGRAPHIC,2016-12-27 11:32:00+05:30,1.0,1.1,1.0,1.05,17535
ANTGRAPHIC,2016-12-28 10:01:00+05:30,1.0,1.1,1.0,1.0,37939
ANTGRAPHIC,2016-12-29 10:35:00+05:30,0.95,1.05,0.95,0.95,49461
ANTGRAPHIC,2016-12-30 09:42:00+05:30,0.95,1.0,0.9,1.0,21125
ANTGRAPHIC,2017-01-02 09:29:00+05:30,1.05,1.05,1.0,1.05,38144
ANTGRAPHIC,2017-01-03 09:16:00+05:30,1.05,1.1,1.0,1.1,22900
ANTGRAPHIC,2017-01-04 09:28:00+05:30,1.1,1.15,1.1,1.15,39712
ANTGRAPHIC,2017-01-05 10:30:00+05:30,1.15,1.2,1.1,1.15,48997
ANTGRAPHIC,2017-01-06 10:15:00+05:30,1.1,1.15,1.1,1.1,4014
ANTGRAPHIC,2017-01-09 10:50:00+05:30,1.05,1.15,1.05,1.15,57516
ANTGRAPHIC,2017-01-10 10:10:00+05:30,1.2,1.2,1.1,1.15,8406
ANTGRAPHIC,2017-01-11 10:03:00+05:30,1.2,1.2,1.1,1.2,51957
ANTGRAPHIC,2017-01-12 10:49:00+05:30,1.15,1.15,1.15,1.15,2485
ANTGRAPHIC,2017-01-13 12:19:00+05:30,1.15,1.15,1.1,1.15,9685
ANTGRAPHIC,2017-01-16 09:19:00+05:30,1.1,1.1,1.1,1.1,16557
ANTGRAPHIC,2017-01-17 15:28:00+05:30,1.05,1.05,1.05,1.05,3000
ANTGRAPHIC,2017-01-18 09:17:00+05:30,1.0,1.1,1.0,1.05,27337
ANTGRAPHIC,2017-01-19 09:20:00+05:30,1.05,1.1,1.0,1.05,58357
ANTGRAPHIC,2017-01-20 09:28:00+05:30,1.1,1.1,1.0,1.1,50949
ANTGRAPHIC,2017-01-23 09:21:00+05:30,1.05,1.15,1.05,1.15,38683
ANTGRAPHIC,2017-01-24 09:53:00+05:30,1.2,1.2,1.1,1.2,156519
ANTGRAPHIC,2017-01-25 09:38:00+05:30,1.25,1.25,1.15,1.25,193079
ANTGRAPHIC,2017-01-27 09:28:00+05:30,1.3,1.3,1.2,1.3,532596
ANTGRAPHIC,2017-01-30 10:17:00+05:30,1.3,1.35,1.25,1.3,210712
ANTGRAPHIC,2017-01-31 09:33:00+05:30,1.35,1.35,1.25,1.35,20205
ANTGRAPHIC,2017-02-01 09:15:00+05:30,1.4,1.4,1.35,1.4,92900
ANTGRAPHIC,2017-02-03 12:58:00+05:30,1.35,1.45,1.35,1.45,133501
ANTGRAPHIC,2017-02-06 09:22:00+05:30,1.5,1.5,1.4,1.5,329755
ANTGRAPHIC,2017-02-07 09:17:00+05:30,1.55,1.55,1.45,1.55,258262
ANTGRAPHIC,2017-02-08 09:15:00+05:30,1.55,1.55,1.5,1.55,16874
ANTGRAPHIC,2017-02-09 09:21:00+05:30,1.6,1.6,1.5,1.6,203713
ANTGRAPHIC,2017-02-10 09:15:00+05:30,1.6,1.65,1.55,1.55,48912
ANTGRAPHIC,2017-02-13 09:49:00+05:30,1.5,1.6,1.5,1.6,334004
ANTGRAPHIC,2017-02-14 09:18:00+05:30,1.65,1.65,1.55,1.55,6000
ANTGRAPHIC,2017-02-15 09:24:00+05:30,1.6,1.6,1.5,1.55,50632
ANTGRAPHIC,2017-02-16 09:33:00+05:30,1.55,1.55,1.5,1.5,8565
ANTGRAPHIC,2017-02-17 11:02:00+05:30,1.45,1.5,1.45,1.45,19486
ANTGRAPHIC,2017-02-20 09:19:00+05:30,1.4,1.5,1.4,1.5,82505
ANTGRAPHIC,2017-02-21 09:21:00+05:30,1.5,1.5,1.45,1.45,21300
ANTGRAPHIC,2017-02-22 09:35:00+05:30,1.4,1.4,1.4,1.4,5100
ANTGRAPHIC,2017-02-23 09:18:00+05:30,1.35,1.35,1.35,1.35,7000
ANTGRAPHIC,2017-02-27 11:05:00+05:30,1.3,1.3,1.3,1.3,5500
ANTGRAPHIC,2017-02-28 09:47:00+05:30,1.25,1.35,1.25,1.3,52501
ANTGRAPHIC,2017-03-01 10:03:00+05:30,1.3,1.3,1.3,1.3,2500
ANTGRAPHIC,2017-03-02 11:26:00+05:30,1.25,1.35,1.25,1.35,116823
ANTGRAPHIC,2017-03-03 09:23:00+05:30,1.4,1.4,1.3,1.35,55000
ANTGRAPHIC,2017-03-06 09:56:00+05:30,1.3,1.4,1.3,1.35,64400
ANTGRAPHIC,2017-03-07 09:44:00+05:30,1.35,1.35,1.3,1.35,29932
ANTGRAPHIC,2017-03-08 14:30:00+05:30,1.3,1.3,1.3,1.3,100
ANTGRAPHIC,2017-03-09 10:53:00+05:30,1.3,1.3,1.25,1.25,1700
ANTGRAPHIC,2017-03-10 09:18:00+05:30,1.25,1.25,1.2,1.2,11000
ANTGRAPHIC,2017-03-14 10:12:00+05:30,1.2,1.25,1.15,1.2,68919
ANTGRAPHIC,2017-03-15 09:40:00+05:30,1.2,1.2,1.15,1.2,40600
ANTGRAPHIC,2017-03-16 09:15:00+05:30,1.2,1.25,1.15,1.2,57301
ANTGRAPHIC,2017-03-17 09:48:00+05:30,1.15,1.25,1.15,1.25,86530
ANTGRAPHIC,2017-03-20 09:26:00+05:30,1.3,1.3,1.2,1.25,101417
ANTGRAPHIC,2017-03-21 13:17:00+05:30,1.2,1.25,1.2,1.25,2500
ANTGRAPHIC,2017-03-22 09:38:00+05:30,1.25,1.25,1.25,1.25,500
ANTGRAPHIC,2017-03-23 11:14:00+05:30,1.2,1.3,1.2,1.3,354129
ANTGRAPHIC,2017-03-24 09:20:00+05:30,1.35,1.35,1.25,1.25,22500
ANTGRAPHIC,2017-03-27 09:25:00+05:30,1.2,1.25,1.2,1.2,44530
ANTGRAPHIC,2017-03-28 09:54:00+05:30,1.2,1.25,1.15,1.2,56390
ANTGRAPHIC,2017-03-29 09:17:00+05:30,1.25,1.25,1.15,1.2,58399
ANTGRAPHIC,2017-03-30 10:35:00+05:30,1.25,1.25,1.15,1.25,14783
ANTGRAPHIC,2017-03-31 09:30:00+05:30,1.25,1.3,1.2,1.3,51501
ANTGRAPHIC,2017-04-03 12:56:00+05:30,1.25,1.3,1.25,1.3,19530
ANTGRAPHIC,2017-04-05 11:49:00+05:30,1.3,1.3,1.3,1.3,100
ANTGRAPHIC,2017-04-06 09:19:00+05:30,1.3,1.3,1.25,1.25,2570
ANTGRAPHIC,2017-04-07 10:10:00+05:30,1.25,1.3,1.2,1.3,34630
ANTGRAPHIC,2017-04-11 11:17:00+05:30,1.25,1.25,1.25,1.25,5415
ANTGRAPHIC,2017-04-12 09:16:00+05:30,1.25,1.25,1.2,1.25,35288
ANTGRAPHIC,2017-04-13 09:29:00+05:30,1.2,1.25,1.2,1.2,4090
ANTGRAPHIC,2017-04-17 09:26:00+05:30,1.15,1.2,1.15,1.2,36147
ANTGRAPHIC,2017-04-18 10:29:00+05:30,1.15,1.2,1.15,1.2,23054
ANTGRAPHIC,2017-04-19 10:30:00+05:30,1.15,1.25,1.15,1.25,52696
ANTGRAPHIC,2017-04-20 09:29:00+05:30,1.2,1.3,1.2,1.3,94776
ANTGRAPHIC,2017-04-21 09:36:00+05:30,1.25,1.25,1.25,1.25,10000
ANTGRAPHIC,2017-04-24 09:29:00+05:30,1.3,1.3,1.3,1.3,252717
ANTGRAPHIC,2017-04-25 09:18:00+05:30,1.35,1.35,1.25,1.35,302652
ANTGRAPHIC,2017-04-26 09:17:00+05:30,1.4,1.4,1.3,1.3,65796
ANTGRAPHIC,2017-04-27 09:43:00+05:30,1.35,1.35,1.25,1.3,24611
ANTGRAPHIC,2017-04-28 10:31:00+05:30,1.25,1.3,1.25,1.3,17331
ANTGRAPHIC,2017-05-02 09:17:00+05:30,1.3,1.3,1.25,1.25,622
ANTGRAPHIC,2017-05-03 10:24:00+05:30,1.2,1.2,1.2,1.2,1100
ANTGRAPHIC,2017-05-04 09:41:00+05:30,1.15,1.25,1.15,1.15,49772
ANTGRAPHIC,2017-05-05 09:17:00+05:30,1.1,1.15,1.1,1.15,27050
ANTGRAPHIC,2017-05-08 09:31:00+05:30,1.2,1.2,1.1,1.1,32421
ANTGRAPHIC,2017-05-09 09:46:00+05:30,1.1,1.15,1.05,1.15,132753
ANTGRAPHIC,2017-05-10 09:29:00+05:30,1.15,1.2,1.1,1.2,41850
ANTGRAPHIC,2017-05-11 09:23:00+05:30,1.2,1.25,1.2,1.25,140769
ANTGRAPHIC,2017-05-12 09:16:00+05:30,1.3,1.3,1.2,1.3,213756
ANTGRAPHIC,2017-05-15 09:39:00+05:30,1.3,1.35,1.25,1.35,135500
ANTGRAPHIC,2017-05-16 09:19:00+05:30,1.4,1.4,1.3,1.4,121200
ANTGRAPHIC,2017-05-17 09:22:00+05:30,1.45,1.45,1.35,1.45,128908
ANTGRAPHIC,2017-05-18 09:18:00+05:30,1.5,1.5,1.4,1.45,307235
ANTGRAPHIC,2017-05-19 09:52:00+05:30,1.4,1.5,1.4,1.5,93386
ANTGRAPHIC,2017-05-22 09:27:00+05:30,1.5,1.5,1.45,1.45,77043
ANTGRAPHIC,2017-05-23 09:37:00+05:30,1.45,1.5,1.4,1.45,36000
ANTGRAPHIC,2017-05-24 09:58:00+05:30,1.5,1.5,1.4,1.4,54303
ANTGRAPHIC,2017-05-25 09:45:00+05:30,1.45,1.45,1.35,1.45,43696
ANTGRAPHIC,2017-05-26 09:30:00+05:30,1.45,1.5,1.4,1.5,123801
ANTGRAPHIC,2017-05-29 09:15:00+05:30,1.55,1.55,1.45,1.55,372300
ANTGRAPHIC,2017-05-30 09:17:00+05:30,1.6,1.6,1.5,1.55,100350
ANTGRAPHIC,2017-05-31 09:15:00+05:30,1.6,1.6,1.5,1.6,261430
ANTGRAPHIC,2017-06-01 09:16:00+05:30,1.65,1.65,1.55,1.65,250467
ANTGRAPHIC,2017-06-02 09:15:00+05:30,1.7,1.7,1.6,1.7,298429
ANTGRAPHIC,2017-06-05 09:21:00+05:30,1.75,1.75,1.65,1.75,126701
ANTGRAPHIC,2017-06-06 09:17:00+05:30,1.8,1.8,1.7,1.8,212115
ANTGRAPHIC,2017-06-07 09:36:00+05:30,1.85,1.85,1.75,1.8,181125
ANTGRAPHIC,2017-06-08 09:20:00+05:30,1.85,1.85,1.75,1.8,119386
ANTGRAPHIC,2017-06-09 09:28:00+05:30,1.8,1.85,1.75,1.85,165300
ANTGRAPHIC,2017-06-12 09:15:00+05:30,1.85,1.9,1.8,1.9,243960
ANTGRAPHIC,2017-06-13 09:17:00+05:30,1.95,1.95,1.85,1.9,150250
ANTGRAPHIC,2017-06-14 09:15:00+05:30,1.95,1.95,1.85,1.9,28233
ANTGRAPHIC,2017-06-15 09:25:00+05:30,1.95,1.95,1.85,1.9,49284
ANTGRAPHIC,2017-06-16 09:22:00+05:30,1.95,1.95,1.85,1.85,20820
ANTGRAPHIC,2017-06-19 09:15:00+05:30,1.8,1.8,1.8,1.8,3977
ANTGRAPHIC,2017-06-20 09:20:00+05:30,1.75,1.8,1.75,1.75,58129
ANTGRAPHIC,2017-06-21 09:18:00+05:30,1.75,1.75,1.7,1.7,11180
ANTGRAPHIC,2017-06-22 09:22:00+05:30,1.65,1.65,1.65,1.65,195091
ANTGRAPHIC,2017-06-23 09:23:00+05:30,1.6,1.6,1.6,1.6,50032
ANTGRAPHIC,2017-06-27 11:58:00+05:30,1.55,1.55,1.55,1.55,93
ANTGRAPHIC,2017-06-28 10:29:00+05:30,1.5,1.5,1.5,1.5,4034
ANTGRAPHIC,2017-06-29 09:43:00+05:30,1.45,1.55,1.45,1.55,187150
ANTGRAPHIC,2017-06-30 09:28:00+05:30,1.5,1.6,1.5,1.6,116605
ANTGRAPHIC,2017-07-03 10:12:00+05:30,1.6,1.6,1.55,1.55,19550
ANTGRAPHIC,2017-07-04 10:23:00+05:30,1.5,1.6,1.5,1.55,82800
ANTGRAPHIC,2017-07-05 09:17:00+05:30,1.6,1.6,1.5,1.6,60635
ANTGRAPHIC,2017-07-06 09:15:00+05:30,1.65,1.65,1.55,1.65,102341
ANTGRAPHIC,2017-07-07 09:17:00+05:30,1.6,1.7,1.6,1.7,100629
ANTGRAPHIC,2017-07-10 11:15:00+05:30,1.7,1.75,1.65,1.75,45980
ANTGRAPHIC,2017-07-11 09:16:00+05:30,1.7,1.75,1.7,1.7,5600
ANTGRAPHIC,2017-07-12 09:46:00+05:30,1.7,1.75,1.65,1.75,98685
ANTGRAPHIC,2017-07-13 09:15:00+05:30,1.8,1.8,1.7,1.7,6220
ANTGRAPHIC,2017-07-14 09:47:00+05:30,1.65,1.65,1.65,1.65,6061
ANTGRAPHIC,2017-07-17 10:14:00+05:30,1.6,1.6,1.6,1.6,6500
ANTGRAPHIC,2017-07-18 10:16:00+05:30,1.55,1.6,1.55,1.6,33723
ANTGRAPHIC,2017-07-19 10:19:00+05:30,1.55,1.6,1.55,1.6,30746
ANTGRAPHIC,2017-07-20 09:35:00+05:30,1.55,1.6,1.55,1.55,52500
ANTGRAPHIC,2017-07-21 09:23:00+05:30,1.5,1.55,1.5,1.55,12747
ANTGRAPHIC,2017-07-24 09:38:00+05:30,1.5,1.55,1.5,1.55,35460
ANTGRAPHIC,2017-07-25 09:25:00+05:30,1.5,1.55,1.5,1.55,19850
ANTGRAPHIC,2017-07-26 10:10:00+05:30,1.5,1.55,1.5,1.5,52532
ANTGRAPHIC,2017-07-27 09:22:00+05:30,1.45,1.45,1.45,1.45,16500
ANTGRAPHIC,2017-07-28 09:20:00+05:30,1.4,1.45,1.4,1.4,20815
ANTGRAPHIC,2017-07-31 09:15:00+05:30,1.35,1.45,1.35,1.35,19795
ANTGRAPHIC,2017-08-01 09:18:00+05:30,1.3,1.35,1.3,1.35,35022
ANTGRAPHIC,2017-08-02 09:34:00+05:30,1.35,1.35,1.3,1.3,23945
ANTGRAPHIC,2017-08-03 09:16:00+05:30,1.25,1.3,1.25,1.3,54667
ANTGRAPHIC,2017-08-04 09:24:00+05:30,1.35,1.35,1.25,1.3,25000
ANTGRAPHIC,2017-08-07 09:22:00+05:30,1.35,1.35,1.25,1.35,46250
ANTGRAPHIC,2017-08-08 09:52:00+05:30,1.4,1.4,1.3,1.35,24917
ANTGRAPHIC,2017-08-09 10:24:00+05:30,1.3,1.35,1.3,1.35,40415
ANTGRAPHIC,2017-08-10 09:15:00+05:30,1.3,1.4,1.3,1.35,42794
ANTGRAPHIC,2017-08-11 09:20:00+05:30,1.3,1.35,1.3,1.3,28000
ANTGRAPHIC,2017-08-14 09:30:00+05:30,1.25,1.35,1.25,1.3,29800
ANTGRAPHIC,2017-08-16 09:18:00+05:30,1.25,1.3,1.25,1.25,161849
ANTGRAPHIC,2017-08-17 09:25:00+05:30,1.2,1.2,1.2,1.2,102766
ANTGRAPHIC,2017-08-18 09:29:00+05:30,1.15,1.15,1.15,1.15,46203
ANTGRAPHIC,2017-08-21 10:15:00+05:30,1.1,1.15,1.1,1.1,105871
ANTGRAPHIC,2017-08-22 09:16:00+05:30,1.05,1.1,1.05,1.05,54291
ANTGRAPHIC,2017-08-23 09:18:00+05:30,1.05,1.05,1.0,1.05,20661
ANTGRAPHIC,2017-08-24 09:19:00+05:30,1.05,1.1,1.0,1.05,343788
ANTGRAPHIC,2017-08-28 09:31:00+05:30,1.0,1.1,1.0,1.05,67141
ANTGRAPHIC,2017-08-29 10:20:00+05:30,1.1,1.1,1.0,1.1,52736
ANTGRAPHIC,2017-08-30 12:33:00+05:30,1.05,1.1,1.05,1.1,28500
ANTGRAPHIC,2017-08-31 11:05:00+05:30,1.1,1.1,1.1,1.1,10
ANTGRAPHIC,2017-09-01 10:06:00+05:30,1.05,1.1,1.05,1.1,50000
ANTGRAPHIC,2017-09-04 09:25:00+05:30,1.05,1.05,1.05,1.05,41208
ANTGRAPHIC,2017-09-05 09:23:00+05:30,1.0,1.05,1.0,1.0,42738
ANTGRAPHIC,2017-09-06 09:15:00+05:30,1.05,1.05,0.95,1.0,26981
ANTGRAPHIC,2017-09-07 09:15:00+05:30,1.0,1.0,0.95,1.0,19877
ANTGRAPHIC,2017-09-08 09:15:00+05:30,1.0,1.0,0.95,1.0,41150
ANTGRAPHIC,2017-09-11 09:15:00+05:30,0.95,0.95,0.95,0.95,21605
ANTGRAPHIC,2017-09-12 09:15:00+05:30,0.95,0.95,0.9,0.9,57866
ANTGRAPHIC,2017-09-13 09:18:00+05:30,0.85,0.95,0.85,0.9,152120
ANTGRAPHIC,2017-09-14 09:30:00+05:30,0.85,0.95,0.85,0.95,30411
ANTGRAPHIC,2017-09-15 09:43:00+05:30,0.95,1.0,0.9,1.0,63031
ANTGRAPHIC,2017-09-18 09:42:00+05:30,0.95,1.05,0.95,1.0,61134
ANTGRAPHIC,2017-09-19 09:17:00+05:30,0.95,1.0,0.95,1.0,33038
ANTGRAPHIC,2017-09-20 09:17:00+05:30,0.95,1.0,0.95,1.0,72676
ANTGRAPHIC,2017-09-21 09:15:00+05:30,1.0,1.0,0.95,1.0,19200
ANTGRAPHIC,2017-09-22 09:24:00+05:30,0.95,1.0,0.95,1.0,13262
ANTGRAPHIC,2017-09-25 10:10:00+05:30,1.0,1.0,0.95,1.0,32139
ANTGRAPHIC,2017-09-26 10:47:00+05:30,0.95,1.0,0.95,1.0,36037
ANTGRAPHIC,2017-09-27 09:19:00+05:30,0.95,1.0,0.95,1.0,6595
ANTGRAPHIC,2017-09-28 12:09:00+05:30,1.0,1.0,0.95,1.0,26725
ANTGRAPHIC,2017-09-29 10:31:00+05:30,0.95,0.95,0.95,0.95,4050
ANTGRAPHIC,2017-10-03 09:24:00+05:30,0.9,0.95,0.9,0.95,20050
ANTGRAPHIC,2017-10-04 11:09:00+05:30,0.95,0.95,0.9,0.95,4649
ANTGRAPHIC,2017-10-05 09:35:00+05:30,0.95,0.95,0.9,0.95,13349
ANTGRAPHIC,2017-10-06 09:23:00+05:30,0.95,0.95,0.9,0.95,29847
ANTGRAPHIC,2017-10-09 09:21:00+05:30,0.95,0.95,0.9,0.95,33749
ANTGRAPHIC,2017-10-10 09:56:00+05:30,0.9,0.95,0.9,0.95,60018
ANTGRAPHIC,2017-10-11 11:42:00+05:30,0.9,0.95,0.9,0.95,27619
ANTGRAPHIC,2017-10-12 11:55:00+05:30,0.95,0.95,0.95,0.95,1900
ANTGRAPHIC,2017-10-13 11:28:00+05:30,0.95,0.95,0.95,0.95,1300
ANTGRAPHIC,2017-10-16 11:12:00+05:30,0.95,0.95,0.9,0.9,5810
ANTGRAPHIC,2017-10-17 09:57:00+05:30,0.85,0.95,0.85,0.95,64618
ANTGRAPHIC,2017-10-18 09:16:00+05:30,0.9,0.95,0.9,0.95,33000
ANTGRAPHIC,2017-10-23 09:16:00+05:30,0.9,0.95,0.9,0.9,45008
ANTGRAPHIC,2017-10-24 09:18:00+05:30,0.85,0.95,0.85,0.9,30012
ANTGRAPHIC,2017-10-25 09:17:00+05:30,0.85,0.95,0.85,0.9,25065
ANTGRAPHIC,2017-10-26 10:28:00+05:30,0.85,0.9,0.85,0.85,14300
ANTGRAPHIC,2017-10-27 11:58:00+05:30,0.85,0.9,0.8,0.9,30201
ANTGRAPHIC,2017-10-30 09:16:00+05:30,0.9,0.9,0.85,0.9,36717
ANTGRAPHIC,2017-10-31 11:27:00+05:30,0.85,0.9,0.85,0.9,9369
ANTGRAPHIC,2017-11-01 09:50:00+05:30,0.9,0.9,0.85,0.9,42319
ANTGRAPHIC,2017-11-02 09:28:00+05:30,0.9,0.95,0.85,0.95,150238
ANTGRAPHIC,2017-11-03 10:47:00+05:30,0.95,1.0,0.9,0.95,208600
ANTGRAPHIC,2017-11-06 09:15:00+05:30,0.95,1.0,0.9,0.95,609565
ANTGRAPHIC,2017-11-07 09:17:00+05:30,0.9,0.9,0.9,0.9,52321
ANTGRAPHIC,2017-11-08 12:00:00+05:30,0.85,0.9,0.85,0.9,5000
ANTGRAPHIC,2017-11-09 09:28:00+05:30,0.85,0.95,0.85,0.9,36705
ANTGRAPHIC,2017-11-10 10:28:00+05:30,0.85,0.9,0.85,0.9,36710
ANTGRAPHIC,2017-11-13 12:12:00+05:30,0.85,0.9,0.85,0.85,9007
ANTGRAPHIC,2017-11-14 09:54:00+05:30,0.8,0.9,0.8,0.9,87888
ANTGRAPHIC,2017-11-15 10:02:00+05:30,0.85,0.85,0.85,0.85,228148
ANTGRAPHIC,2017-11-16 09:20:00+05:30,0.85,0.85,0.8,0.85,28332
ANTGRAPHIC,2017-11-17 11:23:00+05:30,0.8,0.85,0.8,0.85,5210
ANTGRAPHIC,2017-11-20 09:47:00+05:30,0.85,0.85,0.8,0.8,42630
ANTGRAPHIC,2017-11-21 09:20:00+05:30,0.85,0.85,0.75,0.85,132432
ANTGRAPHIC,2017-11-22 09:45:00+05:30,0.85,0.9,0.8,0.85,47628
ANTGRAPHIC,2017-11-23 10:06:00+05:30,0.85,0.9,0.8,0.85,41251
ANTGRAPHIC,2017-11-24 09:18:00+05:30,0.8,0.9,0.8,0.9,68756
ANTGRAPHIC,2017-11-27 09:20:00+05:30,0.85,0.95,0.85,0.85,201166
ANTGRAPHIC,2017-11-28 09:41:00+05:30,0.85,0.9,0.85,0.9,83318
ANTGRAPHIC,2017-11-29 09:39:00+05:30,0.85,0.85,0.85,0.85,41707
ANTGRAPHIC,2017-11-30 09:25:00+05:30,0.85,0.9,0.8,0.85,70358
ANTGRAPHIC,2017-12-01 09:19:00+05:30,0.8,0.9,0.8,0.9,164082
ANTGRAPHIC,2017-12-04 09:15:00+05:30,0.85,0.9,0.85,0.9,93705
ANTGRAPHIC,2017-12-05 10:26:00+05:30,0.9,0.9,0.85,0.9,11612
ANTGRAPHIC,2017-12-06 10:23:00+05:30,0.85,0.9,0.85,0.85,8304
ANTGRAPHIC,2017-12-07 09:23:00+05:30,0.8,0.9,0.8,0.9,252747
ANTGRAPHIC,2017-12-08 09:37:00+05:30,0.85,0.9,0.85,0.9,28642
ANTGRAPHIC,2017-12-11 09:44:00+05:30,0.9,0.9,0.85,0.9,10205
ANTGRAPHIC,2017-12-12 09:45:00+05:30,0.85,0.9,0.85,0.9,11318
ANTGRAPHIC,2017-12-13 10:29:00+05:30,0.9,0.9,0.85,0.9,17005
ANTGRAPHIC,2017-12-14 10:24:00+05:30,0.85,0.9,0.85,0.9,8522
ANTGRAPHIC,2017-12-15 11:44:00+05:30,0.9,0.9,0.85,0.9,22865
ANTGRAPHIC,2017-12-18 13:40:00+05:30,0.85,0.85,0.85,0.85,4677
ANTGRAPHIC,2017-12-19 09:16:00+05:30,0.8,0.85,0.8,0.85,17535
ANTGRAPHIC,2017-12-20 09:17:00+05:30,0.8,0.9,0.8,0.85,78481
ANTGRAPHIC,2017-12-21 09:17:00+05:30,0.8,0.85,0.8,0.85,237509
ANTGRAPHIC,2017-12-22 09:39:00+05:30,0.8,0.9,0.8,0.9,104584
ANTGRAPHIC,2017-12-26 09:15:00+05:30,0.9,0.9,0.85,0.9,31497
ANTGRAPHIC,2017-12-27 09:45:00+05:30,0.9,0.9,0.85,0.9,133596
ANTGRAPHIC,2017-12-28 09:15:00+05:30,0.9,0.95,0.85,0.95,141172
ANTGRAPHIC,2017-12-29 09:16:00+05:30,0.9,0.95,0.9,0.95,160823
ANTGRAPHIC,2018-01-01 10:03:00+05:30,0.95,0.95,0.9,0.9,86262
ANTGRAPHIC,2018-01-02 09:17:00+05:30,0.85,0.95,0.85,0.95,142335
ANTGRAPHIC,2018-01-03 09:16:00+05:30,0.9,1.0,0.9,1.0,241550
ANTGRAPHIC,2018-01-04 09:15:00+05:30,1.0,1.05,0.95,1.05,322659
ANTGRAPHIC,2018-01-05 09:21:00+05:30,1.1,1.1,1.1,1.1,174015
ANTGRAPHIC,2018-01-08 09:26:00+05:30,1.15,1.15,1.1,1.15,492675
ANTGRAPHIC,2018-01-09 09:15:00+05:30,1.2,1.2,1.15,1.2,236020
ANTGRAPHIC,2018-01-10 09:15:00+05:30,1.25,1.25,1.2,1.25,124057
ANTGRAPHIC,2018-01-11 09:26:00+05:30,1.3,1.3,1.25,1.3,340028
ANTGRAPHIC,2018-01-12 09:17:00+05:30,1.35,1.35,1.3,1.35,302788
ANTGRAPHIC,2018-01-15 09:15:00+05:30,1.4,1.4,1.35,1.4,327441
ANTGRAPHIC,2018-01-16 09:15:00+05:30,1.45,1.45,1.35,1.4,367085
ANTGRAPHIC,2018-01-17 09:17:00+05:30,1.4,1.4,1.35,1.4,177182
ANTGRAPHIC,2018-01-18 09:20:00+05:30,1.4,1.4,1.35,1.35,91961
ANTGRAPHIC,2018-01-19 09:15:00+05:30,1.3,1.35,1.3,1.35,217870
ANTGRAPHIC,2018-01-22 10:49:00+05:30,1.3,1.3,1.3,1.3,2767
ANTGRAPHIC,2018-01-23 09:22:00+05:30,1.25,1.25,1.25,1.25,240
ANTGRAPHIC,2018-01-24 09:16:00+05:30,1.2,1.25,1.2,1.2,14419
ANTGRAPHIC,2018-01-25 09:15:00+05:30,1.2,1.2,1.15,1.15,2570
ANTGRAPHIC,2018-01-29 09:16:00+05:30,1.15,1.15,1.1,1.1,37374
ANTGRAPHIC,2018-01-30 09:17:00+05:30,1.05,1.05,1.05,1.05,12657
ANTGRAPHIC,2018-01-31 09:19:00+05:30,1.0,1.05,1.0,1.0,25252
ANTGRAPHIC,2018-02-01 09:19:00+05:30,1.0,1.05,0.95,1.05,36167
ANTGRAPHIC,2018-02-02 09:15:00+05:30,1.0,1.0,1.0,1.0,42305
ANTGRAPHIC,2018-02-05 09:28:00+05:30,0.95,1.0,0.95,1.0,37849
ANTGRAPHIC,2018-02-06 09:22:00+05:30,1.0,1.0,0.95,1.0,196102
ANTGRAPHIC,2018-02-07 09:17:00+05:30,1.0,1.0,0.95,1.0,54506
ANTGRAPHIC,2018-02-08 09:15:00+05:30,0.95,1.0,0.95,1.0,29451
ANTGRAPHIC,2018-02-09 09:42:00+05:30,0.95,1.0,0.95,0.95,25612
ANTGRAPHIC,2018-02-12 09:19:00+05:30,1.0,1.0,0.9,1.0,58959
ANTGRAPHIC,2018-02-14 09:22:00+05:30,1.0,1.0,0.95,1.0,38160
ANTGRAPHIC,2018-02-15 09:26:00+05:30,0.95,1.0,0.95,1.0,70229
ANTGRAPHIC,2018-02-16 09:43:00+05:30,0.95,1.0,0.95,1.0,34734
ANTGRAPHIC,2018-02-19 09:28:00+05:30,0.95,1.0,0.95,1.0,26410
ANTGRAPHIC,2018-02-20 09:24:00+05:30,1.0,1.0,0.95,1.0,102150
ANTGRAPHIC,2018-02-21 09:21:00+05:30,0.95,1.0,0.95,1.0,32814
ANTGRAPHIC,2018-02-22 10:08:00+05:30,1.0,1.0,0.95,1.0,18105
ANTGRAPHIC,2018-02-23 09:15:00+05:30,1.0,1.0,0.95,0.95,22099
ANTGRAPHIC,2018-02-26 09:38:00+05:30,0.9,1.0,0.9,0.95,90730
ANTGRAPHIC,2018-02-27 09:42:00+05:30,0.9,0.95,0.9,0.9,11276
ANTGRAPHIC,2018-02-28 09:22:00+05:30,0.9,0.9,0.85,0.9,58709
ANTGRAPHIC,2018-03-01 10:09:00+05:30,0.85,0.9,0.85,0.85,47310
ANTGRAPHIC,2018-03-05 09:44:00+05:30,0.85,0.85,0.8,0.85,33125
ANTGRAPHIC,2018-03-06 09:37:00+05:30,0.85,0.85,0.8,0.85,34443
ANTGRAPHIC,2018-03-07 09:50:00+05:30,0.8,0.85,0.8,0.85,39771
ANTGRAPHIC,2018-03-08 09:37:00+05:30,0.8,0.85,0.8,0.85,24373
ANTGRAPHIC,2018-03-09 09:49:00+05:30,0.8,0.85,0.8,0.85,71975
ANTGRAPHIC,2018-03-12 09:27:00+05:30,0.8,0.85,0.8,0.85,46032
ANTGRAPHIC,2018-03-13 09:59:00+05:30,0.8,0.85,0.8,0.85,15615
ANTGRAPHIC,2018-03-14 10:53:00+05:30,0.85,0.85,0.8,0.85,8556
ANTGRAPHIC,2018-03-15 10:20:00+05:30,0.8,0.85,0.8,0.85,32163
ANTGRAPHIC,2018-03-16 11:39:00+05:30,0.85,0.9,0.8,0.85,85483
ANTGRAPHIC,2018-03-19 09:30:00+05:30,0.8,0.85,0.8,0.85,23414
ANTGRAPHIC,2018-03-20 11:30:00+05:30,0.8,0.85,0.8,0.85,6002
ANTGRAPHIC,2018-03-21 09:35:00+05:30,0.8,0.85,0.8,0.85,29093
ANTGRAPHIC,2018-03-22 09:16:00+05:30,0.8,0.85,0.8,0.85,67412
ANTGRAPHIC,2018-03-23 09:15:00+05:30,0.8,0.85,0.8,0.85,269430
ANTGRAPHIC,2018-03-26 09:24:00+05:30,0.85,0.9,0.8,0.85,128861
ANTGRAPHIC,2018-03-27 10:25:00+05:30,0.8,0.9,0.8,0.9,26611
ANTGRAPHIC,2018-03-28 09:15:00+05:30,0.85,0.95,0.85,0.9,216301
ANTGRAPHIC,2018-04-02 09:54:00+05:30,0.85,0.9,0.85,0.9,23827
ANTGRAPHIC,2018-04-03 09:15:00+05:30,0.9,0.95,0.85,0.95,24056
ANTGRAPHIC,2018-04-04 09:20:00+05:30,0.9,0.95,0.9,0.95,10868
ANTGRAPHIC,2018-04-05 09:51:00+05:30,0.95,0.95,0.9,0.95,126511
ANTGRAPHIC,2018-04-06 09:16:00+05:30,0.95,0.95,0.9,0.95,45670
ANTGRAPHIC,2018-04-09 09:15:00+05:30,0.95,0.95,0.9,0.95,35693
ANTGRAPHIC,2018-04-10 11:34:00+05:30,0.9,0.9,0.9,0.9,19885
ANTGRAPHIC,2018-04-11 09:16:00+05:30,0.95,0.95,0.85,0.9,41450
ANTGRAPHIC,2018-04-12 09:15:00+05:30,0.9,0.9,0.85,0.85,32515
ANTGRAPHIC,2018-04-13 09:29:00+05:30,0.8,0.9,0.8,0.9,77953
ANTGRAPHIC,2018-04-16 09:15:00+05:30,0.9,0.9,0.85,0.9,22583
ANTGRAPHIC,2018-04-17 10:24:00+05:30,0.85,0.9,0.85,0.9,10192
ANTGRAPHIC,2018-04-18 09:32:00+05:30,0.9,0.9,0.85,0.9,10760
ANTGRAPHIC,2018-04-19 09:35:00+05:30,0.85,0.9,0.85,0.9,6239
ANTGRAPHIC,2018-04-20 09:36:00+05:30,0.85,0.9,0.85,0.9,1654
ANTGRAPHIC,2018-04-23 09:59:00+05:30,0.9,0.9,0.85,0.9,9257
ANTGRAPHIC,2018-04-24 09:19:00+05:30,0.85,0.9,0.85,0.9,25256
ANTGRAPHIC,2018-04-25 10:21:00+05:30,0.85,0.85,0.85,0.85,8035
ANTGRAPHIC,2018-04-26 09:19:00+05:30,0.85,0.9,0.8,0.8,40006
ANTGRAPHIC,2018-04-27 09:19:00+05:30,0.85,0.85,0.8,0.8,17785
ANTGRAPHIC,2018-04-30 09:55:00+05:30,0.8,0.85,0.8,0.85,26350
ANTGRAPHIC,2018-05-02 09:22:00+05:30,0.8,0.85,0.8,0.85,9352
ANTGRAPHIC,2018-05-03 09:57:00+05:30,0.85,0.85,0.8,0.8,9626
ANTGRAPHIC,2018-05-04 09:21:00+05:30,0.85,0.85,0.75,0.85,21029
ANTGRAPHIC,2018-05-07 09:30:00+05:30,0.85,0.85,0.8,0.8,18677
ANTGRAPHIC,2018-05-08 10:58:00+05:30,0.75,0.85,0.75,0.8,16898
ANTGRAPHIC,2018-05-09 09:16:00+05:30,0.85,0.85,0.8,0.8,14519
ANTGRAPHIC,2018-05-10 10:29:00+05:30,0.8,0.85,0.75,0.8,22197
ANTGRAPHIC,2018-05-11 09:17:00+05:30,0.85,0.85,0.75,0.75,54508
ANTGRAPHIC,2018-05-14 09:22:00+05:30,0.8,0.8,0.7,0.7,14964
ANTGRAPHIC,2018-05-15 09:57:00+05:30,0.7,0.75,0.65,0.75,63418
ANTGRAPHIC,2018-05-16 09:43:00+05:30,0.7,0.8,0.7,0.75,26877
ANTGRAPHIC,2018-05-17 09:21:00+05:30,0.7,0.8,0.7,0.75,33558
ANTGRAPHIC,2018-05-18 09:36:00+05:30,0.75,0.75,0.7,0.7,32255
ANTGRAPHIC,2018-05-21 09:52:00+05:30,0.65,0.75,0.65,0.7,133806
ANTGRAPHIC,2018-05-22 09:22:00+05:30,0.75,0.75,0.65,0.75,32507
ANTGRAPHIC,2018-05-23 09:23:00+05:30,0.8,0.8,0.7,0.75,29113
ANTGRAPHIC,2018-05-24 09:15:00+05:30,0.7,0.75,0.7,0.7,17430
ANTGRAPHIC,2018-05-25 09:57:00+05:30,0.65,0.7,0.65,0.65,9702
ANTGRAPHIC,2018-05-28 09:16:00+05:30,0.7,0.7,0.6,0.65,56029
ANTGRAPHIC,2018-05-29 09:30:00+05:30,0.7,0.7,0.6,0.65,30060
ANTGRAPHIC,2018-05-30 09:35:00+05:30,0.65,0.7,0.6,0.65,66846
ANTGRAPHIC,2018-05-31 09:15:00+05:30,0.7,0.7,0.6,0.7,156798
ANTGRAPHIC,2018-06-01 09:15:00+05:30,0.7,0.7,0.65,0.65,46705
ANTGRAPHIC,2018-06-04 09:34:00+05:30,0.6,0.65,0.6,0.6,69383
ANTGRAPHIC,2018-06-05 09:25:00+05:30,0.55,0.65,0.55,0.6,58950
ANTGRAPHIC,2018-06-06 09:20:00+05:30,0.65,0.65,0.55,0.6,36662
ANTGRAPHIC,2018-06-07 09:33:00+05:30,0.55,0.65,0.55,0.65,66070
ANTGRAPHIC,2018-06-08 09:15:00+05:30,0.7,0.7,0.6,0.7,73144
ANTGRAPHIC,2018-06-11 09:19:00+05:30,0.7,0.7,0.65,0.7,72214
ANTGRAPHIC,2018-06-12 09:25:00+05:30,0.65,0.7,0.65,0.7,107892
ANTGRAPHIC,2018-06-13 09:15:00+05:30,0.7,0.7,0.65,0.65,52472
ANTGRAPHIC,2018-06-14 09:17:00+05:30,0.65,0.65,0.6,0.6,16127
ANTGRAPHIC,2018-06-15 09:17:00+05:30,0.65,0.65,0.55,0.6,237538
ANTGRAPHIC,2018-06-18 09:28:00+05:30,0.65,0.65,0.55,0.65,236408
ANTGRAPHIC,2018-06-19 09:59:00+05:30,0.65,0.65,0.6,0.65,32379
ANTGRAPHIC,2018-06-20 09:19:00+05:30,0.6,0.65,0.6,0.6,16016
ANTGRAPHIC,2018-06-21 09:16:00+05:30,0.6,0.6,0.55,0.6,87990
ANTGRAPHIC,2018-06-22 09:17:00+05:30,0.6,0.6,0.55,0.6,88810
ANTGRAPHIC,2018-06-25 09:15:00+05:30,0.55,0.6,0.55,0.6,30707
ANTGRAPHIC,2018-06-26 09:16:00+05:30,0.55,0.6,0.55,0.6,20968
ANTGRAPHIC,2018-06-27 09:24:00+05:30,0.55,0.6,0.55,0.6,91868
ANTGRAPHIC,2018-06-28 09:23:00+05:30,0.55,0.6,0.55,0.6,37949
ANTGRAPHIC,2018-06-29 09:17:00+05:30,0.55,0.6,0.55,0.6,54023
ANTGRAPHIC,2018-07-02 09:15:00+05:30,0.6,0.6,0.55,0.6,57784
ANTGRAPHIC,2018-07-03 09:31:00+05:30,0.55,0.6,0.55,0.6,4122
ANTGRAPHIC,2018-07-04 10:27:00+05:30,0.6,0.6,0.55,0.55,23373
ANTGRAPHIC,2018-07-05 09:20:00+05:30,0.55,0.55,0.5,0.55,93877
ANTGRAPHIC,2018-07-06 09:16:00+05:30,0.5,0.55,0.5,0.55,21304
ANTGRAPHIC,2018-07-09 09:16:00+05:30,0.5,0.55,0.5,0.55,76136
ANTGRAPHIC,2018-07-10 09:23:00+05:30,0.5,0.55,0.5,0.55,92998
ANTGRAPHIC,2018-07-11 09:49:00+05:30,0.5,0.55,0.5,0.5,165884
ANTGRAPHIC,2018-07-12 09:24:00+05:30,0.5,0.55,0.45,0.55,180232
ANTGRAPHIC,2018-07-13 09:50:00+05:30,0.5,0.55,0.5,0.55,33365
ANTGRAPHIC,2018-07-16 09:20:00+05:30,0.5,0.55,0.5,0.55,63092
ANTGRAPHIC,2018-07-17 10:20:00+05:30,0.55,0.55,0.5,0.55,22711
ANTGRAPHIC,2018-07-18 09:34:00+05:30,0.55,0.55,0.5,0.55,12601
ANTGRAPHIC,2018-07-19 09:56:00+05:30,0.55,0.55,0.5,0.55,28819
ANTGRAPHIC,2018-07-20 09:17:00+05:30,0.5,0.55,0.5,0.5,33276
ANTGRAPHIC,2018-07-23 10:01:00+05:30,0.5,0.5,0.45,0.5,16375
ANTGRAPHIC,2018-07-24 09:27:00+05:30,0.5,0.5,0.45,0.5,72717
ANTGRAPHIC,2018-07-25 09:41:00+05:30,0.5,0.5,0.45,0.5,44558
ANTGRAPHIC,2018-07-26 09:37:00+05:30,0.45,0.55,0.45,0.55,141462
ANTGRAPHIC,2018-07-27 09:20:00+05:30,0.55,0.6,0.5,0.55,329017
ANTGRAPHIC,2018-07-30 09:16:00+05:30,0.5,0.6,0.5,0.6,63902
ANTGRAPHIC,2018-07-31 09:25:00+05:30,0.6,0.6,0.55,0.6,102634
ANTGRAPHIC,2018-08-01 09:34:00+05:30,0.55,0.6,0.55,0.6,46212
ANTGRAPHIC,2018-08-02 10:18:00+05:30,0.6,0.6,0.55,0.6,2874
ANTGRAPHIC,2018-08-03 10:20:00+05:30,0.55,0.55,0.55,0.55,20705
ANTGRAPHIC,2018-08-06 09:15:00+05:30,0.5,0.55,0.5,0.55,61854
ANTGRAPHIC,2018-08-07 09:40:00+05:30,0.5,0.55,0.5,0.55,10902
ANTGRAPHIC,2018-08-08 09:16:00+05:30,0.5,0.55,0.5,0.55,264940
ANTGRAPHIC,2018-08-09 10:18:00+05:30,0.55,0.55,0.5,0.55,99074
ANTGRAPHIC,2018-08-10 09:15:00+05:30,0.5,0.55,0.5,0.55,28974
ANTGRAPHIC,2018-08-13 09:20:00+05:30,0.55,0.55,0.55,0.55,20950
ANTGRAPHIC,2018-08-14 12:03:00+05:30,0.55,0.55,0.5,0.55,82
ANTGRAPHIC,2018-08-16 09:15:00+05:30,0.5,0.55,0.5,0.5,62011
ANTGRAPHIC,2018-08-17 09:16:00+05:30,0.55,0.55,0.45,0.5,121385
ANTGRAPHIC,2018-08-20 09:15:00+05:30,0.5,0.55,0.45,0.55,67785
ANTGRAPHIC,2018-08-21 09:17:00+05:30,0.5,0.55,0.5,0.55,27632
ANTGRAPHIC,2018-08-23 10:26:00+05:30,0.55,0.55,0.5,0.5,47201
ANTGRAPHIC,2018-08-24 09:15:00+05:30,0.45,0.55,0.45,0.55,50157
ANTGRAPHIC,2018-08-27 09:15:00+05:30,0.55,0.55,0.5,0.55,21763
ANTGRAPHIC,2018-08-28 09:35:00+05:30,0.55,0.55,0.5,0.55,10919
ANTGRAPHIC,2018-08-29 09:20:00+05:30,0.5,0.55,0.5,0.55,26169
ANTGRAPHIC,2018-08-30 10:48:00+05:30,0.55,0.55,0.5,0.5,1692
ANTGRAPHIC,2018-08-31 09:15:00+05:30,0.45,0.55,0.45,0.55,341532
ANTGRAPHIC,2018-09-03 09:30:00+05:30,0.55,0.6,0.5,0.6,202109
ANTGRAPHIC,2018-09-04 09:49:00+05:30,0.55,0.6,0.55,0.55,69891
ANTGRAPHIC,2018-09-05 09:45:00+05:30,0.55,0.55,0.5,0.55,60713
ANTGRAPHIC,2018-09-06 09:19:00+05:30,0.55,0.55,0.5,0.55,67645
ANTGRAPHIC,2018-09-07 09:16:00+05:30,0.55,0.55,0.5,0.55,73508
ANTGRAPHIC,2018-09-10 09:15:00+05:30,0.55,0.55,0.5,0.55,22422
ANTGRAPHIC,2018-09-11 09:24:00+05:30,0.55,0.55,0.5,0.55,92305
ANTGRAPHIC,2018-09-12 09:36:00+05:30,0.5,0.55,0.5,0.55,26591
ANTGRAPHIC,2018-09-14 10:39:00+05:30,0.5,0.55,0.5,0.55,25473
ANTGRAPHIC,2018-09-17 10:25:00+05:30,0.5,0.55,0.5,0.55,16458
ANTGRAPHIC,2018-09-18 10:11:00+05:30,0.5,0.55,0.5,0.55,21300
ANTGRAPHIC,2018-09-19 10:37:00+05:30,0.55,0.55,0.5,0.55,21991
ANTGRAPHIC,2018-09-21 09:48:00+05:30,0.55,0.55,0.5,0.5,28298
ANTGRAPHIC,2018-09-24 09:28:00+05:30,0.45,0.55,0.45,0.55,119051
ANTGRAPHIC,2018-09-25 09:15:00+05:30,0.55,0.55,0.5,0.5,71370
ANTGRAPHIC,2018-09-26 09:19:00+05:30,0.45,0.5,0.45,0.5,13264
ANTGRAPHIC,2018-09-27 09:31:00+05:30,0.45,0.55,0.45,0.55,102980
ANTGRAPHIC,2018-09-28 09:15:00+05:30,0.55,0.55,0.5,0.55,17724
ANTGRAPHIC,2018-10-01 09:15:00+05:30,0.55,0.55,0.5,0.55,19084
ANTGRAPHIC,2018-10-03 09:17:00+05:30,0.5,0.55,0.5,0.55,48220
ANTGRAPHIC,2018-10-04 09:20:00+05:30,0.5,0.55,0.5,0.55,53665
ANTGRAPHIC,2018-10-05 09:25:00+05:30,0.5,0.5,0.5,0.5,2464
ANTGRAPHIC,2018-10-08 09:17:00+05:30,0.45,0.5,0.45,0.5,49512
ANTGRAPHIC,2018-10-09 09:16:00+05:30,0.45,0.5,0.45,0.5,22955
ANTGRAPHIC,2018-10-10 09:34:00+05:30,0.45,0.55,0.45,0.55,49975
ANTGRAPHIC,2018-10-11 09:19:00+05:30,0.5,0.55,0.5,0.55,4592
ANTGRAPHIC,2018-10-12 10:04:00+05:30,0.55,0.55,0.55,0.55,695
ANTGRAPHIC,2018-10-15 10:11:00+05:30,0.55,0.55,0.55,0.55,10
ANTGRAPHIC,2018-10-16 09:20:00+05:30,0.5,0.55,0.5,0.55,37463
ANTGRAPHIC,2018-10-17 09:50:00+05:30,0.55,0.55,0.5,0.55,11701
ANTGRAPHIC,2018-10-19 11:47:00+05:30,0.55,0.55,0.5,0.55,51200
ANTGRAPHIC,2018-10-22 09:17:00+05:30,0.55,0.55,0.5,0.55,12740
ANTGRAPHIC,2018-10-23 09:44:00+05:30,0.55,0.55,0.5,0.55,14715
ANTGRAPHIC,2018-10-24 09:16:00+05:30,0.5,0.5,0.5,0.5,19408
ANTGRAPHIC,2018-10-25 09:26:00+05:30,0.45,0.55,0.45,0.5,60686
ANTGRAPHIC,2018-10-26 12:10:00+05:30,0.45,0.55,0.45,0.55,80868
ANTGRAPHIC,2018-10-29 09:16:00+05:30,0.55,0.55,0.5,0.55,4876
ANTGRAPHIC,2018-10-30 09:59:00+05:30,0.5,0.55,0.5,0.55,6311
ANTGRAPHIC,2018-10-31 10:12:00+05:30,0.55,0.55,0.5,0.5,6111
ANTGRAPHIC,2018-11-01 09:42:00+05:30,0.45,0.5,0.45,0.5,3244
ANTGRAPHIC,2018-11-02 09:20:00+05:30,0.55,0.55,0.45,0.55,84140
ANTGRAPHIC,2018-11-05 09:17:00+05:30,0.55,0.55,0.5,0.5,62923
ANTGRAPHIC,2018-11-06 09:17:00+05:30,0.5,0.55,0.5,0.55,10629
ANTGRAPHIC,2018-11-09 09:40:00+05:30,0.5,0.6,0.5,0.6,120846
ANTGRAPHIC,2018-11-12 09:26:00+05:30,0.6,0.6,0.55,0.55,29850
ANTGRAPHIC,2018-11-13 09:29:00+05:30,0.5,0.6,0.5,0.6,187087
ANTGRAPHIC,2018-11-14 09:27:00+05:30,0.55,0.6,0.55,0.55,11321
ANTGRAPHIC,2018-11-15 09:18:00+05:30,0.55,0.6,0.5,0.5,70878
ANTGRAPHIC,2018-11-16 09:17:00+05:30,0.45,0.55,0.45,0.5,181819
ANTGRAPHIC,2018-11-19 09:36:00+05:30,0.5,0.5,0.45,0.5,25291
ANTGRAPHIC,2018-11-20 09:18:00+05:30,0.45,0.5,0.45,0.5,28822
ANTGRAPHIC,2018-11-21 10:00:00+05:30,0.45,0.5,0.45,0.5,73961
ANTGRAPHIC,2018-11-22 10:24:00+05:30,0.45,0.5,0.45,0.5,23149
ANTGRAPHIC,2018-11-26 09:18:00+05:30,0.45,0.5,0.45,0.5,32065
ANTGRAPHIC,2018-11-27 09:32:00+05:30,0.45,0.5,0.45,0.5,168441
ANTGRAPHIC,2018-11-28 09:32:00+05:30,0.45,0.5,0.45,0.5,45960
ANTGRAPHIC,2018-11-29 09:17:00+05:30,0.5,0.5,0.45,0.45,67308
ANTGRAPHIC,2018-11-30 09:31:00+05:30,0.45,0.5,0.45,0.5,51906
ANTGRAPHIC,2019-02-21 00:00:00+05:30,0.45,0.5,0.45,0.5,20976
ANTGRAPHIC,2019-02-22 00:00:00+05:30,0.45,0.5,0.45,0.5,30459
ANTGRAPHIC,2019-02-25 00:00:00+05:30,0.45,0.5,0.45,0.5,5786
ANTGRAPHIC,2019-02-26 00:00:00+05:30,0.45,0.5,0.45,0.5,9355
ANTGRAPHIC,2019-02-27 00:00:00+05:30,0.45,0.5,0.45,0.45,25448
ANTGRAPHIC,2019-02-28 00:00:00+05:30,0.45,0.5,0.4,0.5,25914
ANTGRAPHIC,2019-03-01 00:00:00+05:30,0.45,0.5,0.45,0.5,24288
ANTGRAPHIC,2019-03-05 00:00:00+05:30,0.45,0.5,0.45,0.5,84345
ANTGRAPHIC,2019-03-06 00:00:00+05:30,0.45,0.5,0.45,0.5,24986
ANTGRAPHIC,2019-03-07 00:00:00+05:30,0.45,0.5,0.45,0.5,29913
ANTGRAPHIC,2019-03-08 00:00:00+05:30,0.45,0.5,0.45,0.5,22689
ANTGRAPHIC,2019-03-11 00:00:00+05:30,0.45,0.5,0.45,0.5,71795
ANTGRAPHIC,2019-03-12 00:00:00+05:30,0.45,0.5,0.45,0.5,14083
ANTGRAPHIC,2019-03-13 00:00:00+05:30,0.45,0.5,0.45,0.5,167733
ANTGRAPHIC,2019-03-14 00:00:00+05:30,0.45,0.5,0.45,0.5,80717
ANTGRAPHIC,2019-03-15 00:00:00+05:30,0.45,0.5,0.45,0.5,32847
ANTGRAPHIC,2019-03-18 00:00:00+05:30,0.45,0.5,0.45,0.5,43897
ANTGRAPHIC,2019-03-19 00:00:00+05:30,0.45,0.5,0.45,0.5,42458
ANTGRAPHIC,2019-03-20 00:00:00+05:30,0.5,0.5,0.45,0.5,16276
ANTGRAPHIC,2019-03-22 00:00:00+05:30,0.5,0.5,0.45,0.45,27210
ANTGRAPHIC,2019-03-25 00:00:00+05:30,0.5,0.5,0.45,0.5,13737
ANTGRAPHIC,2019-03-26 00:00:00+05:30,0.5,0.5,0.45,0.5,27017
ANTGRAPHIC,2019-03-27 00:00:00+05:30,0.45,0.5,0.45,0.5,46414
ANTGRAPHIC,2019-03-28 00:00:00+05:30,0.5,0.5,0.45,0.5,23659
ANTGRAPHIC,2019-03-29 00:00:00+05:30,0.45,0.5,0.45,0.5,9670
ANTGRAPHIC,2019-04-01 00:00:00+05:30,0.5,0.5,0.45,0.5,9477
ANTGRAPHIC,2019-04-02 00:00:00+05:30,0.5,0.5,0.45,0.5,13250
ANTGRAPHIC,2019-04-03 00:00:00+05:30,0.45,0.5,0.45,0.5,101310
ANTGRAPHIC,2019-04-04 00:00:00+05:30,0.45,0.5,0.45,0.5,56171
ANTGRAPHIC,2019-04-05 00:00:00+05:30,0.5,0.55,0.45,0.55,188401
ANTGRAPHIC,2019-04-08 00:00:00+05:30,0.55,0.55,0.5,0.55,6920
ANTGRAPHIC,2019-04-09 00:00:00+05:30,0.5,0.55,0.5,0.55,1621
ANTGRAPHIC,2019-04-10 00:00:00+05:30,0.55,0.6,0.5,0.6,150634
ANTGRAPHIC,2019-04-11 00:00:00+05:30,0.55,0.65,0.55,0.65,75203
ANTGRAPHIC,2019-04-12 00:00:00+05:30,0.65,0.7,0.6,0.7,117725
ANTGRAPHIC,2019-04-15 00:00:00+05:30,0.75,0.75,0.65,0.7,207809
ANTGRAPHIC,2019-04-16 00:00:00+05:30,0.65,0.7,0.65,0.65,38009
ANTGRAPHIC,2019-04-18 00:00:00+05:30,0.65,0.65,0.6,0.65,10913
ANTGRAPHIC,2019-04-22 00:00:00+05:30,0.6,0.65,0.6,0.65,127900
ANTGRAPHIC,2019-04-23 00:00:00+05:30,0.6,0.7,0.6,0.7,220332
ANTGRAPHIC,2019-04-24 00:00:00+05:30,0.7,0.75,0.7,0.75,173657
ANTGRAPHIC,2019-04-25 00:00:00+05:30,0.8,0.8,0.7,0.8,63259
ANTGRAPHIC,2019-04-26 00:00:00+05:30,0.75,0.8,0.75,0.8,88685
ANTGRAPHIC,2019-04-30 00:00:00+05:30,0.75,0.8,0.75,0.8,82087
ANTGRAPHIC,2019-05-02 00:00:00+05:30,0.75,0.8,0.75,0.8,111990
ANTGRAPHIC,2019-05-03 00:00:00+05:30,0.75,0.8,0.75,0.8,44429
ANTGRAPHIC,2019-05-06 00:00:00+05:30,0.75,0.8,0.75,0.8,18750
ANTGRAPHIC,2019-05-07 00:00:00+05:30,0.75,0.8,0.75,0.8,25152
ANTGRAPHIC,2019-05-08 00:00:00+05:30,0.8,0.8,0.75,0.8,14677
ANTGRAPHIC,2019-05-09 00:00:00+05:30,0.75,0.8,0.75,0.8,8919
ANTGRAPHIC,2019-05-10 00:00:00+05:30,0.75,0.8,0.75,0.8,33131
ANTGRAPHIC,2019-05-13 00:00:00+05:30,0.75,0.8,0.75,0.8,18652
ANTGRAPHIC,2019-05-14 00:00:00+05:30,0.8,0.8,0.75,0.8,139627
ANTGRAPHIC,2019-05-15 00:00:00+05:30,0.8,0.8,0.75,0.8,27056
ANTGRAPHIC,2019-05-16 00:00:00+05:30,0.75,0.8,0.75,0.8,42548
ANTGRAPHIC,2019-05-17 00:00:00+05:30,0.8,0.8,0.75,0.8,47041
ANTGRAPHIC,2019-05-20 00:00:00+05:30,0.75,0.8,0.75,0.8,33315
ANTGRAPHIC,2019-05-21 00:00:00+05:30,0.8,0.8,0.75,0.8,29433
ANTGRAPHIC,2019-05-22 00:00:00+05:30,0.8,0.8,0.75,0.8,22352
ANTGRAPHIC,2019-05-23 00:00:00+05:30,0.8,0.8,0.75,0.8,74342
ANTGRAPHIC,2019-05-24 00:00:00+05:30,0.8,0.8,0.75,0.8,33087
ANTGRAPHIC,2019-05-27 00:00:00+05:30,0.8,0.8,0.75,0.8,64910
ANTGRAPHIC,2019-05-28 00:00:00+05:30,0.8,0.8,0.75,0.75,20448
ANTGRAPHIC,2019-05-29 00:00:00+05:30,0.7,0.8,0.7,0.8,51638
ANTGRAPHIC,2019-05-30 00:00:00+05:30,0.8,0.85,0.75,0.85,125251
ANTGRAPHIC,2019-05-31 00:00:00+05:30,0.8,0.85,0.8,0.85,74513
ANTGRAPHIC,2019-06-03 00:00:00+05:30,0.8,0.85,0.8,0.85,72327
ANTGRAPHIC,2019-06-04 00:00:00+05:30,0.85,0.9,0.8,0.9,157255
ANTGRAPHIC,2019-06-06 00:00:00+05:30,0.9,0.95,0.85,0.95,298782
ANTGRAPHIC,2019-06-07 00:00:00+05:30,1.0,1.0,0.95,1.0,491773
ANTGRAPHIC,2019-06-10 00:00:00+05:30,1.05,1.05,0.95,1.05,219834
ANTGRAPHIC,2019-06-11 00:00:00+05:30,1.1,1.1,1.0,1.1,252110
ANTGRAPHIC,2019-06-12 00:00:00+05:30,1.15,1.15,1.05,1.15,303880
ANTGRAPHIC,2019-06-13 00:00:00+05:30,1.15,1.2,1.1,1.2,393754
ANTGRAPHIC,2019-06-14 00:00:00+05:30,1.25,1.25,1.15,1.15,294301
ANTGRAPHIC,2019-06-17 00:00:00+05:30,1.1,1.1,1.1,1.1,30963
ANTGRAPHIC,2019-06-18 00:00:00+05:30,1.05,1.05,1.05,1.05,12376
ANTGRAPHIC,2019-06-19 00:00:00+05:30,1.0,1.0,1.0,1.0,21082
ANTGRAPHIC,2019-06-20 00:00:00+05:30,0.95,0.95,0.95,0.95,7085
ANTGRAPHIC,2019-06-21 00:00:00+05:30,0.9,0.9,0.9,0.9,12459
ANTGRAPHIC,2019-06-24 00:00:00+05:30,0.85,0.85,0.85,0.85,8803
ANTGRAPHIC,2019-06-25 00:00:00+05:30,0.8,0.8,0.8,0.8,24866
ANTGRAPHIC,2019-06-26 00:00:00+05:30,0.75,0.85,0.75,0.85,299878
ANTGRAPHIC,2019-06-27 00:00:00+05:30,0.9,0.9,0.8,0.9,231189
ANTGRAPHIC,2019-06-28 00:00:00+05:30,0.85,0.9,0.85,0.9,37750
ANTGRAPHIC,2019-07-01 00:00:00+05:30,0.9,0.95,0.85,0.95,207445
ANTGRAPHIC,2019-07-02 00:00:00+05:30,0.9,0.95,0.9,0.9,55851
ANTGRAPHIC,2019-07-03 00:00:00+05:30,0.85,0.95,0.85,0.9,163300
ANTGRAPHIC,2019-07-04 00:00:00+05:30,0.85,0.9,0.85,0.9,44012
ANTGRAPHIC,2019-07-05 00:00:00+05:30,0.9,0.9,0.85,0.9,68872
ANTGRAPHIC,2019-07-08 00:00:00+05:30,0.85,0.9,0.85,0.9,104924
ANTGRAPHIC,2019-07-09 00:00:00+05:30,0.9,0.9,0.85,0.9,29005
ANTGRAPHIC,2019-07-10 00:00:00+05:30,0.85,0.9,0.85,0.9,25225
ANTGRAPHIC,2019-07-11 00:00:00+05:30,0.85,0.9,0.85,0.9,57140
ANTGRAPHIC,2019-07-12 00:00:00+05:30,0.85,0.9,0.85,0.9,43069
ANTGRAPHIC,2019-07-15 00:00:00+05:30,0.85,0.9,0.85,0.9,109318
ANTGRAPHIC,2019-07-16 00:00:00+05:30,0.85,0.9,0.85,0.9,35362
ANTGRAPHIC,2019-07-17 00:00:00+05:30,0.85,0.9,0.85,0.9,79669
ANTGRAPHIC,2019-07-18 00:00:00+05:30,0.85,0.9,0.85,0.9,78210
ANTGRAPHIC,2019-07-19 00:00:00+05:30,0.85,0.9,0.85,0.9,34533
ANTGRAPHIC,2019-07-22 00:00:00+05:30,0.9,0.9,0.85,0.9,35068
ANTGRAPHIC,2019-07-23 00:00:00+05:30,0.85,0.9,0.85,0.9,24676
ANTGRAPHIC,2019-07-24 00:00:00+05:30,0.9,0.9,0.85,0.9,22527
ANTGRAPHIC,2019-07-25 00:00:00+05:30,0.85,0.9,0.85,0.9,32871
ANTGRAPHIC,2019-07-26 00:00:00+05:30,0.85,0.9,0.85,0.9,26695
ANTGRAPHIC,2019-07-29 00:00:00+05:30,0.9,0.9,0.85,0.9,13709
ANTGRAPHIC,2019-07-30 00:00:00+05:30,0.9,0.9,0.85,0.9,3569
ANTGRAPHIC,2019-07-31 00:00:00+05:30,0.85,0.9,0.85,0.9,130931
ANTGRAPHIC,2019-08-01 00:00:00+05:30,0.85,0.9,0.85,0.9,55460
ANTGRAPHIC,2019-08-02 00:00:00+05:30,0.85,0.9,0.85,0.9,22457
ANTGRAPHIC,2019-08-05 00:00:00+05:30,0.9,0.9,0.85,0.9,53585
ANTGRAPHIC,2019-08-06 00:00:00+05:30,0.9,0.9,0.85,0.9,20368
ANTGRAPHIC,2019-08-07 00:00:00+05:30,0.85,0.9,0.85,0.9,23770
ANTGRAPHIC,2019-08-08 00:00:00+05:30,0.9,0.9,0.9,0.9,1000
ANTGRAPHIC,2019-08-09 00:00:00+05:30,0.85,0.9,0.85,0.9,33342
ANTGRAPHIC,2019-08-13 00:00:00+05:30,0.85,0.9,0.85,0.9,67110
ANTGRAPHIC,2019-08-14 00:00:00+05:30,0.85,0.9,0.85,0.9,45300
ANTGRAPHIC,2019-08-16 00:00:00+05:30,0.85,0.9,0.85,0.9,49122
ANTGRAPHIC,2019-08-19 00:00:00+05:30,0.95,0.95,0.85,0.9,49689
ANTGRAPHIC,2019-08-20 00:00:00+05:30,0.85,0.9,0.85,0.9,27548
ANTGRAPHIC,2019-08-21 00:00:00+05:30,0.85,0.9,0.85,0.9,85208
ANTGRAPHIC,2019-08-22 00:00:00+05:30,0.85,0.9,0.85,0.9,138736
ANTGRAPHIC,2019-08-23 00:00:00+05:30,0.85,0.9,0.85,0.9,118076
ANTGRAPHIC,2019-08-26 00:00:00+05:30,0.85,0.85,0.85,0.85,41696
ANTGRAPHIC,2019-08-27 00:00:00+05:30,0.8,0.85,0.8,0.8,46396
ANTGRAPHIC,2019-08-28 00:00:00+05:30,0.75,0.85,0.75,0.85,58302
ANTGRAPHIC,2019-08-29 00:00:00+05:30,0.8,0.9,0.8,0.9,212306
ANTGRAPHIC,2019-08-30 00:00:00+05:30,0.85,0.85,0.85,0.85,26206
ANTGRAPHIC,2019-09-03 00:00:00+05:30,0.8,0.85,0.8,0.85,51453
ANTGRAPHIC,2019-09-04 00:00:00+05:30,0.8,0.85,0.8,0.85,57434
ANTGRAPHIC,2019-09-05 00:00:00+05:30,0.8,0.85,0.8,0.85,27588
ANTGRAPHIC,2019-09-06 00:00:00+05:30,0.8,0.85,0.8,0.85,23477
ANTGRAPHIC,2019-09-09 00:00:00+05:30,0.85,0.85,0.8,0.8,16880
ANTGRAPHIC,2019-09-11 00:00:00+05:30,0.85,0.85,0.75,0.8,35129
ANTGRAPHIC,2019-09-12 00:00:00+05:30,0.75,0.8,0.75,0.8,25688
ANTGRAPHIC,2019-09-13 00:00:00+05:30,0.8,0.8,0.75,0.8,16971
ANTGRAPHIC,2019-09-16 00:00:00+05:30,0.75,0.8,0.75,0.8,28143
ANTGRAPHIC,2019-09-17 00:00:00+05:30,0.8,0.8,0.75,0.8,51208
ANTGRAPHIC,2019-09-18 00:00:00+05:30,0.75,0.8,0.75,0.8,79346
ANTGRAPHIC,2019-09-19 00:00:00+05:30,0.8,0.8,0.75,0.8,488
ANTGRAPHIC,2019-09-20 00:00:00+05:30,0.75,0.8,0.75,0.8,73801
ANTGRAPHIC,2019-09-23 00:00:00+05:30,0.75,0.8,0.75,0.75,46326
ANTGRAPHIC,2019-09-24 00:00:00+05:30,0.75,0.75,0.7,0.75,36705
ANTGRAPHIC,2019-09-25 00:00:00+05:30,0.7,0.75,0.7,0.75,13034
ANTGRAPHIC,2019-09-26 00:00:00+05:30,0.7,0.75,0.7,0.75,22458
ANTGRAPHIC,2019-09-27 00:00:00+05:30,0.75,0.75,0.7,0.75,12729
ANTGRAPHIC,2019-09-30 00:00:00+05:30,0.7,0.75,0.7,0.75,11535
ANTGRAPHIC,2019-10-01 00:00:00+05:30,0.75,0.75,0.7,0.75,10301
ANTGRAPHIC,2019-10-03 00:00:00+05:30,0.7,0.75,0.7,0.75,3733
ANTGRAPHIC,2019-10-04 00:00:00+05:30,0.75,0.75,0.7,0.75,11720
ANTGRAPHIC,2019-10-07 00:00:00+05:30,0.7,0.75,0.7,0.75,29700
ANTGRAPHIC,2019-10-09 00:00:00+05:30,0.7,0.75,0.7,0.75,27567
ANTGRAPHIC,2019-10-10 00:00:00+05:30,0.7,0.75,0.7,0.75,44420
ANTGRAPHIC,2019-10-11 00:00:00+05:30,0.75,0.75,0.7,0.75,23247
ANTGRAPHIC,2019-10-14 00:00:00+05:30,0.75,0.75,0.7,0.75,22671
ANTGRAPHIC,2019-10-15 00:00:00+05:30,0.75,0.75,0.7,0.7,59106
ANTGRAPHIC,2019-10-16 00:00:00+05:30,0.65,0.75,0.65,0.75,49915
ANTGRAPHIC,2019-10-17 00:00:00+05:30,0.7,0.75,0.7,0.75,11346
ANTGRAPHIC,2019-10-18 00:00:00+05:30,0.7,0.75,0.7,0.75,27352
ANTGRAPHIC,2019-10-22 00:00:00+05:30,0.7,0.75,0.7,0.75,40141
ANTGRAPHIC,2019-10-23 00:00:00+05:30,0.75,0.75,0.7,0.75,17719
ANTGRAPHIC,2019-10-24 00:00:00+05:30,0.7,0.75,0.7,0.75,16145
ANTGRAPHIC,2019-10-25 00:00:00+05:30,0.7,0.75,0.7,0.7,15894
ANTGRAPHIC,2019-10-27 00:00:00+05:30,0.7,0.75,0.7,0.75,1101
ANTGRAPHIC,2019-10-29 00:00:00+05:30,0.7,0.75,0.7,0.75,55157
ANTGRAPHIC,2019-10-30 00:00:00+05:30,0.7,0.75,0.7,0.75,71609
ANTGRAPHIC,2019-10-31 00:00:00+05:30,0.7,0.75,0.7,0.7,2217
ANTGRAPHIC,2019-11-01 00:00:00+05:30,0.65,0.7,0.65,0.7,9394
ANTGRAPHIC,2019-11-04 00:00:00+05:30,0.7,0.7,0.65,0.7,22711
ANTGRAPHIC,2019-11-05 00:00:00+05:30,0.65,0.7,0.65,0.7,22480
ANTGRAPHIC,2019-11-06 00:00:00+05:30,0.7,0.7,0.65,0.65,8450
ANTGRAPHIC,2019-11-07 00:00:00+05:30,0.6,0.7,0.6,0.65,30364
ANTGRAPHIC,2019-11-08 00:00:00+05:30,0.6,0.7,0.6,0.7,36937
ANTGRAPHIC,2019-11-11 00:00:00+05:30,0.7,0.7,0.65,0.65,16484
ANTGRAPHIC,2019-11-13 00:00:00+05:30,0.65,0.7,0.6,0.65,94097
ANTGRAPHIC,2019-11-14 00:00:00+05:30,0.65,0.65,0.6,0.6,22420
ANTGRAPHIC,2019-11-15 00:00:00+05:30,0.55,0.65,0.55,0.6,27160
ANTGRAPHIC,2019-11-18 00:00:00+05:30,0.6,0.65,0.55,0.65,40396
ANTGRAPHIC,2019-11-19 00:00:00+05:30,0.65,0.65,0.6,0.6,61797
ANTGRAPHIC,2019-11-20 00:00:00+05:30,0.55,0.65,0.55,0.55,35182
ANTGRAPHIC,2019-11-21 00:00:00+05:30,0.55,0.6,0.55,0.6,27072
ANTGRAPHIC,2019-11-22 00:00:00+05:30,0.55,0.65,0.55,0.6,75150
ANTGRAPHIC,2019-11-25 00:00:00+05:30,0.6,0.6,0.55,0.6,20081
ANTGRAPHIC,2019-11-26 00:00:00+05:30,0.55,0.6,0.55,0.55,14173
ANTGRAPHIC,2019-11-27 00:00:00+05:30,0.55,0.6,0.5,0.6,12922
ANTGRAPHIC,2019-11-28 00:00:00+05:30,0.55,0.6,0.55,0.6,8590
ANTGRAPHIC,2019-11-29 00:00:00+05:30,0.6,0.6,0.55,0.6,112898
ANTGRAPHIC,2019-12-02 00:00:00+05:30,0.6,0.6,0.55,0.6,30858
ANTGRAPHIC,2019-12-03 00:00:00+05:30,0.6,0.6,0.55,0.6,8823
ANTGRAPHIC,2019-12-04 00:00:00+05:30,0.55,0.6,0.55,0.6,64582
ANTGRAPHIC,2019-12-05 00:00:00+05:30,0.6,0.6,0.55,0.6,22181
ANTGRAPHIC,2019-12-06 00:00:00+05:30,0.55,0.6,0.55,0.6,15726
ANTGRAPHIC,2019-12-09 00:00:00+05:30,0.55,0.6,0.55,0.6,28354
ANTGRAPHIC,2019-12-10 00:00:00+05:30,0.55,0.6,0.55,0.6,13722
ANTGRAPHIC,2019-12-11 00:00:00+05:30,0.55,0.6,0.55,0.6,7103
ANTGRAPHIC,2019-12-12 00:00:00+05:30,0.55,0.6,0.55,0.6,30170
ANTGRAPHIC,2019-12-13 00:00:00+05:30,0.55,0.6,0.55,0.6,14796
ANTGRAPHIC,2019-12-16 00:00:00+05:30,0.6,0.6,0.55,0.6,35469
ANTGRAPHIC,2019-12-17 00:00:00+05:30,0.6,0.6,0.55,0.6,67315
ANTGRAPHIC,2019-12-18 00:00:00+05:30,0.6,0.6,0.55,0.6,1005
ANTGRAPHIC,2019-12-19 00:00:00+05:30,0.55,0.6,0.55,0.6,11757
ANTGRAPHIC,2019-12-20 00:00:00+05:30,0.6,0.6,0.55,0.6,6064
ANTGRAPHIC,2019-12-23 00:00:00+05:30,0.55,0.6,0.55,0.6,27786
ANTGRAPHIC,2019-12-24 00:00:00+05:30,0.55,0.6,0.55,0.6,28089
ANTGRAPHIC,2019-12-26 00:00:00+05:30,0.6,0.6,0.55,0.6,7512
ANTGRAPHIC,2019-12-27 00:00:00+05:30,0.6,0.6,0.55,0.6,13914
ANTGRAPHIC,2019-12-30 00:00:00+05:30,0.6,0.6,0.55,0.6,4276
ANTGRAPHIC,2019-12-31 00:00:00+05:30,0.55,0.6,0.55,0.6,32861
ANTGRAPHIC,2020-01-01 00:00:00+05:30,0.55,0.6,0.55,0.6,30534
ANTGRAPHIC,2020-01-02 00:00:00+05:30,0.55,0.6,0.55,0.6,36527
ANTGRAPHIC,2020-01-03 00:00:00+05:30,0.55,0.6,0.55,0.6,3272
ANTGRAPHIC,2020-01-06 00:00:00+05:30,0.55,0.6,0.55,0.6,2744
ANTGRAPHIC,2020-01-07 00:00:00+05:30,0.55,0.6,0.55,0.6,4399
ANTGRAPHIC,2020-01-08 00:00:00+05:30,0.55,0.6,0.55,0.6,9031
ANTGRAPHIC,2020-01-09 00:00:00+05:30,0.55,0.6,0.55,0.6,18140
ANTGRAPHIC,2020-01-10 00:00:00+05:30,0.6,0.6,0.55,0.6,12496
ANTGRAPHIC,2020-01-13 00:00:00+05:30,0.55,0.6,0.55,0.6,11528
ANTGRAPHIC,2020-01-14 00:00:00+05:30,0.55,0.6,0.55,0.6,22555
ANTGRAPHIC,2020-01-15 00:00:00+05:30,0.6,0.6,0.55,0.6,10406
ANTGRAPHIC,2020-01-16 00:00:00+05:30,0.6,0.6,0.55,0.6,10451
ANTGRAPHIC,2020-01-17 00:00:00+05:30,0.55,0.65,0.55,0.65,92132
ANTGRAPHIC,2020-01-20 00:00:00+05:30,0.65,0.65,0.6,0.65,14020
ANTGRAPHIC,2020-01-21 00:00:00+05:30,0.6,0.65,0.6,0.65,26934
ANTGRAPHIC,2020-01-22 00:00:00+05:30,0.6,0.65,0.6,0.65,6920
ANTGRAPHIC,2020-01-23 00:00:00+05:30,0.65,0.65,0.6,0.65,55264
ANTGRAPHIC,2020-01-24 00:00:00+05:30,0.6,0.65,0.6,0.65,21669
ANTGRAPHIC,2020-01-27 00:00:00+05:30,0.6,0.65,0.6,0.65,24262
ANTGRAPHIC,2020-01-28 00:00:00+05:30,0.65,0.65,0.6,0.65,10185
ANTGRAPHIC,2020-01-29 00:00:00+05:30,0.6,0.65,0.6,0.65,9956
ANTGRAPHIC,2020-01-30 00:00:00+05:30,0.6,0.65,0.6,0.65,23325
ANTGRAPHIC,2020-01-31 00:00:00+05:30,0.6,0.65,0.6,0.65,6128
ANTGRAPHIC,2020-02-01 00:00:00+05:30,0.7,0.7,0.6,0.7,6628
ANTGRAPHIC,2020-02-03 00:00:00+05:30,0.65,0.65,0.65,0.65,14228
ANTGRAPHIC,2020-02-04 00:00:00+05:30,0.65,0.7,0.6,0.65,93060
ANTGRAPHIC,2020-02-05 00:00:00+05:30,0.6,0.65,0.6,0.65,14797
ANTGRAPHIC,2020-02-06 00:00:00+05:30,0.6,0.65,0.6,0.65,60589
ANTGRAPHIC,2020-02-07 00:00:00+05:30,0.6,0.65,0.6,0.65,23333
ANTGRAPHIC,2020-02-10 00:00:00+05:30,0.6,0.65,0.6,0.65,24479
ANTGRAPHIC,2020-02-11 00:00:00+05:30,0.6,0.65,0.6,0.65,44866
ANTGRAPHIC,2020-02-12 00:00:00+05:30,0.65,0.65,0.6,0.65,16059
ANTGRAPHIC,2020-02-13 00:00:00+05:30,0.6,0.65,0.6,0.65,7404
ANTGRAPHIC,2020-02-14 00:00:00+05:30,0.65,0.65,0.6,0.65,5406
ANTGRAPHIC,2020-02-17 00:00:00+05:30,0.65,0.65,0.6,0.65,2112
ANTGRAPHIC,2020-02-18 00:00:00+05:30,0.6,0.65,0.6,0.65,7101
ANTGRAPHIC,2020-02-19 00:00:00+05:30,0.6,0.65,0.6,0.65,1213
ANTGRAPHIC,2020-02-20 00:00:00+05:30,0.65,0.65,0.6,0.65,19176
ANTGRAPHIC,2020-02-24 00:00:00+05:30,0.65,0.65,0.6,0.65,14100
ANTGRAPHIC,2020-02-25 00:00:00+05:30,0.65,0.65,0.6,0.65,4084
ANTGRAPHIC,2020-02-26 00:00:00+05:30,0.6,0.65,0.6,0.65,41020
ANTGRAPHIC,2020-02-27 00:00:00+05:30,0.6,0.65,0.6,0.65,48575
ANTGRAPHIC,2020-02-28 00:00:00+05:30,0.6,0.65,0.6,0.65,27855
ANTGRAPHIC,2020-03-02 00:00:00+05:30,0.6,0.65,0.6,0.65,11292
ANTGRAPHIC,2020-03-03 00:00:00+05:30,0.6,0.65,0.6,0.65,32166
ANTGRAPHIC,2020-03-04 00:00:00+05:30,0.6,0.65,0.6,0.6,19997
ANTGRAPHIC,2020-03-05 00:00:00+05:30,0.6,0.6,0.55,0.55,21469
ANTGRAPHIC,2020-03-06 00:00:00+05:30,0.5,0.6,0.5,0.5,60121
ANTGRAPHIC,2020-03-09 00:00:00+05:30,0.45,0.5,0.45,0.5,9687
ANTGRAPHIC,2020-03-11 00:00:00+05:30,0.45,0.5,0.45,0.5,31544
ANTGRAPHIC,2021-03-01 00:00:00+05:30,0.45,0.55,0.45,0.55,235057
ANTGRAPHIC,2021-03-08 00:00:00+05:30,0.55,0.6,0.5,0.6,84442
ANTGRAPHIC,2021-03-15 00:00:00+05:30,0.6,0.6,0.55,0.55,25271
ANTGRAPHIC,2021-03-22 00:00:00+05:30,0.5,0.5,0.5,0.5,12637
ANTGRAPHIC,2021-03-30 00:00:00+05:30,0.45,0.55,0.45,0.55,61725
ANTGRAPHIC,2021-04-05 00:00:00+05:30,0.5,0.5,0.5,0.5,27457
ANTGRAPHIC,2021-04-12 00:00:00+05:30,0.45,0.45,0.45,0.45,29080
ANTGRAPHIC,2021-04-19 00:00:00+05:30,0.4,0.5,0.4,0.5,113470
ANTGRAPHIC,2021-04-26 00:00:00+05:30,0.45,0.5,0.45,0.5,36356
ANTGRAPHIC,2021-05-03 00:00:00+05:30,0.5,0.5,0.45,0.5,97610
ANTGRAPHIC,2021-05-10 00:00:00+05:30,0.45,0.55,0.45,0.5,89776
ANTGRAPHIC,2021-05-17 00:00:00+05:30,0.5,0.5,0.45,0.45,86545
ANTGRAPHIC,2021-05-24 00:00:00+05:30,0.45,0.5,0.4,0.5,207140
ANTGRAPHIC,2021-05-31 00:00:00+05:30,0.5,0.55,0.45,0.55,377922
ANTGRAPHIC,2021-06-07 00:00:00+05:30,0.5,0.6,0.5,0.55,596220
ANTGRAPHIC,2021-06-14 00:00:00+05:30,0.6,0.6,0.5,0.6,940893
ANTGRAPHIC,2021-06-21 00:00:00+05:30,0.65,0.65,0.6,0.65,1794723
ANTGRAPHIC,2021-06-28 00:00:00+05:30,0.7,0.7,0.65,0.7,1620493
ANTGRAPHIC,2021-07-05 00:00:00+05:30,0.75,0.75,0.65,0.75,1422040
ANTGRAPHIC,2021-07-12 00:00:00+05:30,0.75,0.8,0.7,0.8,961260
ANTGRAPHIC,2021-07-19 00:00:00+05:30,0.85,0.85,0.75,0.8,1213931
ANTGRAPHIC,2021-07-26 00:00:00+05:30,0.8,0.8,0.75,0.75,137868
ANTGRAPHIC,2021-08-02 00:00:00+05:30,0.7,0.7,0.7,0.7,100497
ANTGRAPHIC,2021-08-09 00:00:00+05:30,0.65,0.65,0.65,0.65,101971
ANTGRAPHIC,2021-08-16 00:00:00+05:30,0.6,0.6,0.6,0.6,128086
ANTGRAPHIC,2021-08-23 00:00:00+05:30,0.55,0.65,0.55,0.65,596431
ANTGRAPHIC,2021-08-30 00:00:00+05:30,0.65,0.65,0.6,0.65,93317
ANTGRAPHIC,2021-09-06 00:00:00+05:30,0.65,0.65,0.6,0.65,254053
ANTGRAPHIC,2021-09-08 00:00:00+05:30,0.65,0.7,0.6,0.7,381397
ANTGRAPHIC,2021-09-09 00:00:00+05:30,0.75,0.75,0.65,0.75,279278
ANTGRAPHIC,2021-09-13 00:00:00+05:30,0.8,0.8,0.7,0.8,265030
ANTGRAPHIC,2021-09-14 00:00:00+05:30,0.85,0.85,0.75,0.85,212447
ANTGRAPHIC,2021-09-15 00:00:00+05:30,0.9,0.9,0.8,0.9,346898
ANTGRAPHIC,2021-09-16 00:00:00+05:30,0.95,0.95,0.85,0.95,504441
ANTGRAPHIC,2021-09-17 00:00:00+05:30,1.0,1.0,0.95,1.0,917394
ANTGRAPHIC,2021-09-20 00:00:00+05:30,1.05,1.05,1.0,1.05,918358
ANTGRAPHIC,2021-09-21 00:00:00+05:30,1.1,1.1,1.05,1.1,876483
ANTGRAPHIC,2021-09-22 00:00:00+05:30,1.15,1.15,1.05,1.05,67262
ANTGRAPHIC,2021-09-23 00:00:00+05:30,1.0,1.0,1.0,1.0,1500
ANTGRAPHIC,2021-09-24 00:00:00+05:30,0.95,0.95,0.95,0.95,2832
ANTGRAPHIC,2021-09-27 00:00:00+05:30,0.9,0.9,0.9,0.9,11901
ANTGRAPHIC,2021-09-28 00:00:00+05:30,0.85,0.95,0.85,0.9,1063463
ANTGRAPHIC,2021-09-29 00:00:00+05:30,0.85,0.95,0.85,0.9,149070
ANTGRAPHIC,2021-09-30 00:00:00+05:30,0.85,0.85,0.85,0.85,2002
ANTGRAPHIC,2021-10-01 00:00:00+05:30,0.8,0.9,0.8,0.9,188692
ANTGRAPHIC,2021-10-04 00:00:00+05:30,0.85,0.9,0.85,0.9,53550
ANTGRAPHIC,2021-10-05 00:00:00+05:30,0.85,0.85,0.85,0.85,1335
ANTGRAPHIC,2021-10-06 00:00:00+05:30,0.8,0.8,0.8,0.8,52005
ANTGRAPHIC,2021-10-07 00:00:00+05:30,0.75,0.85,0.75,0.85,240175
ANTGRAPHIC,2021-10-08 00:00:00+05:30,0.8,0.8,0.8,0.8,500
ANTGRAPHIC,2021-10-11 00:00:00+05:30,0.8,0.85,0.75,0.8,100660
ANTGRAPHIC,2021-10-12 00:00:00+05:30,0.8,0.85,0.75,0.85,156117
ANTGRAPHIC,2021-10-13 00:00:00+05:30,0.85,0.85,0.8,0.8,32097
ANTGRAPHIC,2021-10-14 00:00:00+05:30,0.75,0.75,0.75,0.75,1500
ANTGRAPHIC,2021-10-18 00:00:00+05:30,0.7,0.75,0.7,0.75,50600
ANTGRAPHIC,2021-10-19 00:00:00+05:30,0.7,0.75,0.7,0.75,37802
ANTGRAPHIC,2021-10-20 00:00:00+05:30,0.7,0.75,0.7,0.7,12248
ANTGRAPHIC,2021-10-21 00:00:00+05:30,0.65,0.75,0.65,0.7,59501
ANTGRAPHIC,2021-10-22 00:00:00+05:30,0.65,0.75,0.65,0.7,84203
ANTGRAPHIC,2021-10-25 00:00:00+05:30,0.65,0.75,0.65,0.7,49790
ANTGRAPHIC,2021-10-26 00:00:00+05:30,0.65,0.75,0.65,0.75,54254
ANTGRAPHIC,2021-10-27 00:00:00+05:30,0.75,0.75,0.7,0.7,106600
ANTGRAPHIC,2021-10-28 00:00:00+05:30,0.65,0.7,0.65,0.7,22761
ANTGRAPHIC,2021-10-29 00:00:00+05:30,0.7,0.7,0.65,0.7,17194
ANTGRAPHIC,2021-11-01 00:00:00+05:30,0.7,0.7,0.65,0.7,13215
ANTGRAPHIC,2021-11-02 00:00:00+05:30,0.7,0.7,0.65,0.7,12999
ANTGRAPHIC,2021-11-03 00:00:00+05:30,0.65,0.7,0.65,0.65,21122
ANTGRAPHIC,2021-11-04 00:00:00+05:30,0.6,0.7,0.6,0.6,9050
ANTGRAPHIC,2021-11-08 00:00:00+05:30,0.6,0.65,0.55,0.65,99546
ANTGRAPHIC,2021-11-09 00:00:00+05:30,0.65,0.7,0.65,0.7,382621
ANTGRAPHIC,2021-11-10 00:00:00+05:30,0.75,0.75,0.7,0.75,454555
ANTGRAPHIC,2021-11-11 00:00:00+05:30,0.8,0.8,0.75,0.8,567399
ANTGRAPHIC,2021-11-12 00:00:00+05:30,0.85,0.85,0.8,0.85,524537
ANTGRAPHIC,2021-11-15 00:00:00+05:30,0.9,0.9,0.8,0.9,523425
ANTGRAPHIC,2021-11-16 00:00:00+05:30,0.95,0.95,0.85,0.85,382376
ANTGRAPHIC,2021-11-17 00:00:00+05:30,0.8,0.8,0.8,0.8,101924
ANTGRAPHIC,2021-11-18 00:00:00+05:30,0.75,0.8,0.75,0.8,301715
ANTGRAPHIC,2021-11-22 00:00:00+05:30,0.8,0.85,0.75,0.85,515646
ANTGRAPHIC,2021-11-23 00:00:00+05:30,0.9,0.9,0.8,0.9,454538
ANTGRAPHIC,2021-11-24 00:00:00+05:30,0.9,0.95,0.85,0.95,445021
ANTGRAPHIC,2021-11-25 00:00:00+05:30,0.95,1.0,0.9,1.0,957106
ANTGRAPHIC,2021-11-26 00:00:00+05:30,1.0,1.05,0.95,1.05,1145157
ANTGRAPHIC,2021-11-29 00:00:00+05:30,1.1,1.1,1.05,1.1,1398498
ANTGRAPHIC,2021-11-30 00:00:00+05:30,1.15,1.15,1.05,1.15,599619
ANTGRAPHIC,2021-12-01 00:00:00+05:30,1.15,1.2,1.1,1.1,110068
ANTGRAPHIC,2021-12-06 00:00:00+05:30,1.05,1.05,1.05,1.05,9197
ANTGRAPHIC,2021-12-13 00:00:00+05:30,1.0,1.0,1.0,1.0,3250
ANTGRAPHIC,2021-12-14 00:00:00+05:30,0.95,0.95,0.95,0.95,132669
ANTGRAPHIC,2021-12-15 00:00:00+05:30,0.9,1.0,0.9,1.0,1414784
ANTGRAPHIC,2021-12-16 00:00:00+05:30,1.05,1.05,1.0,1.05,1391225
ANTGRAPHIC,2021-12-17 00:00:00+05:30,1.1,1.1,1.05,1.1,815444
ANTGRAPHIC,2021-12-20 00:00:00+05:30,1.15,1.15,1.15,1.15,731681
ANTGRAPHIC,2021-12-21 00:00:00+05:30,1.2,1.2,1.15,1.2,866810
ANTGRAPHIC,2021-12-22 00:00:00+05:30,1.25,1.25,1.25,1.25,611502
ANTGRAPHIC,2021-12-23 00:00:00+05:30,1.3,1.3,1.3,1.3,411924
ANTGRAPHIC,2021-12-24 00:00:00+05:30,1.35,1.35,1.35,1.35,316506
ANTGRAPHIC,2021-12-27 00:00:00+05:30,1.4,1.4,1.4,1.4,162546
ANTGRAPHIC,2021-12-28 00:00:00+05:30,1.45,1.45,1.45,1.45,102019
ANTGRAPHIC,2021-12-29 00:00:00+05:30,1.5,1.5,1.5,1.5,384757
ANTGRAPHIC,2021-12-30 00:00:00+05:30,1.55,1.55,1.55,1.55,72525
ANTGRAPHIC,2021-12-31 00:00:00+05:30,1.6,1.6,1.6,1.6,515794
ANTGRAPHIC,2022-01-03 00:00:00+05:30,1.65,1.65,1.65,1.65,110909
ANTGRAPHIC,2022-01-04 00:00:00+05:30,1.7,1.7,1.7,1.7,396747
ANTGRAPHIC,2022-01-05 00:00:00+05:30,1.75,1.75,1.75,1.75,148522
ANTGRAPHIC,2022-01-06 00:00:00+05:30,1.8,1.8,1.8,1.8,341068
ANTGRAPHIC,2022-01-07 00:00:00+05:30,1.85,1.85,1.85,1.85,125486
ANTGRAPHIC,2022-01-10 00:00:00+05:30,1.9,1.9,1.9,1.9,410216
ANTGRAPHIC,2022-01-11 00:00:00+05:30,1.95,1.95,1.95,1.95,131217
ANTGRAPHIC,2022-01-12 00:00:00+05:30,2.0,2.0,2.0,2.0,428609
ANTGRAPHIC,2022-01-13 00:00:00+05:30,2.1,2.1,2.1,2.1,457965
ANTGRAPHIC,2022-01-14 00:00:00+05:30,2.2,2.2,2.2,2.2,226690
ANTGRAPHIC,2022-01-17 00:00:00+05:30,2.3,2.3,2.3,2.3,128623
ANTGRAPHIC,2022-01-18 00:00:00+05:30,2.4,2.4,2.4,2.4,197078
ANTGRAPHIC,2022-01-19 00:00:00+05:30,2.5,2.5,2.5,2.5,305521
ANTGRAPHIC,2022-01-20 00:00:00+05:30,2.6,2.6,2.6,2.6,481155
ANTGRAPHIC,2022-01-21 00:00:00+05:30,2.7,2.7,2.5,2.65,6846042
ANTGRAPHIC,2022-01-24 00:00:00+05:30,2.75,2.75,2.55,2.75,4914934
ANTGRAPHIC,2022-01-25 00:00:00+05:30,2.85,2.85,2.75,2.85,2303176
ANTGRAPHIC,2022-01-27 00:00:00+05:30,2.95,2.95,2.85,2.95,1636340
ANTGRAPHIC,2022-01-28 00:00:00+05:30,3.05,3.05,3.0,3.05,1468642
ANTGRAPHIC,2022-01-31 00:00:00+05:30,3.2,3.2,3.15,3.2,2213038
ANTGRAPHIC,2022-02-01 00:00:00+05:30,3.35,3.35,3.05,3.05,2824968
ANTGRAPHIC,2022-02-02 00:00:00+05:30,2.9,2.9,2.9,2.9,378447
ANTGRAPHIC,2022-02-03 00:00:00+05:30,2.8,2.8,2.8,2.8,636665
ANTGRAPHIC,2022-02-04 00:00:00+05:30,2.7,2.75,2.7,2.7,2761022
ANTGRAPHIC,2022-02-07 00:00:00+05:30,2.6,2.6,2.6,2.6,430587
ANTGRAPHIC,2022-02-08 00:00:00+05:30,2.5,2.5,2.5,2.5,277684
ANTGRAPHIC,2022-02-09 00:00:00+05:30,2.4,2.4,2.4,2.4,235466
ANTGRAPHIC,2022-02-10 00:00:00+05:30,2.3,2.3,2.3,2.3,148735
ANTGRAPHIC,2022-02-11 00:00:00+05:30,2.2,2.2,2.2,2.2,190529
ANTGRAPHIC,2022-02-14 00:00:00+05:30,2.1,2.1,2.1,2.1,90525
ANTGRAPHIC,2022-02-15 00:00:00+05:30,2.0,2.0,2.0,2.0,241875
ANTGRAPHIC,2022-02-16 00:00:00+05:30,1.9,1.9,1.9,1.9,389083
ANTGRAPHIC,2022-02-17 00:00:00+05:30,1.85,1.85,1.85,1.85,296765
ANTGRAPHIC,2022-02-18 00:00:00+05:30,1.8,1.8,1.8,1.8,199070
ANTGRAPHIC,2022-02-21 00:00:00+05:30,1.75,1.75,1.75,1.75,1190962
ANTGRAPHIC,2022-02-22 00:00:00+05:30,1.7,1.7,1.7,1.7,115803
ANTGRAPHIC,2022-02-23 00:00:00+05:30,1.65,1.75,1.65,1.75,3049903
ANTGRAPHIC,2022-02-24 00:00:00+05:30,1.7,1.7,1.7,1.7,323162
ANTGRAPHIC,2022-02-25 00:00:00+05:30,1.65,1.65,1.65,1.65,1421919
ANTGRAPHIC,2022-02-28 00:00:00+05:30,1.6,1.6,1.6,1.6,187914
ANTGRAPHIC,2022-03-02 00:00:00+05:30,1.55,1.55,1.55,1.55,213239
ANTGRAPHIC,2022-03-03 00:00:00+05:30,1.5,1.5,1.5,1.5,551464
ANTGRAPHIC,2022-03-04 00:00:00+05:30,1.45,1.45,1.45,1.45,302895
ANTGRAPHIC,2022-03-07 00:00:00+05:30,1.4,1.4,1.4,1.4,216842
ANTGRAPHIC,2022-03-08 00:00:00+05:30,1.35,1.45,1.35,1.45,2093424
ANTGRAPHIC,2022-03-09 00:00:00+05:30,1.45,1.5,1.4,1.5,1044140
ANTGRAPHIC,2022-03-10 00:00:00+05:30,1.55,1.55,1.5,1.55,744407
ANTGRAPHIC,2022-03-11 00:00:00+05:30,1.6,1.6,1.55,1.6,1449833
ANTGRAPHIC,2022-03-14 00:00:00+05:30,1.65,1.65,1.6,1.65,1210131
ANTGRAPHIC,2022-03-15 00:00:00+05:30,1.7,1.7,1.65,1.7,1962615
ANTGRAPHIC,2022-03-16 00:00:00+05:30,1.75,1.75,1.65,1.75,2693996
ANTGRAPHIC,2022-03-17 00:00:00+05:30,1.8,1.8,1.7,1.8,1550612
ANTGRAPHIC,2022-03-21 00:00:00+05:30,1.85,1.85,1.75,1.75,369918
ANTGRAPHIC,2022-03-22 00:00:00+05:30,1.7,1.7,1.7,1.7,205149
ANTGRAPHIC,2022-03-23 00:00:00+05:30,1.65,1.65,1.65,1.65,329157
ANTGRAPHIC,2022-03-24 00:00:00+05:30,1.6,1.6,1.6,1.6,223306
ANTGRAPHIC,2022-03-25 00:00:00+05:30,1.55,1.55,1.55,1.55,358556
ANTGRAPHIC,2022-03-28 00:00:00+05:30,1.5,1.5,1.5,1.5,202299
ANTGRAPHIC,2022-03-29 00:00:00+05:30,1.45,1.45,1.45,1.45,186310
ANTGRAPHIC,2022-03-30 00:00:00+05:30,1.4,1.45,1.4,1.45,2647941
ANTGRAPHIC,2022-03-31 00:00:00+05:30,1.4,1.4,1.4,1.4,817004
ANTGRAPHIC,2022-04-01 00:00:00+05:30,1.35,1.45,1.35,1.45,1680729
ANTGRAPHIC,2022-04-04 00:00:00+05:30,1.5,1.5,1.45,1.5,1432216
ANTGRAPHIC,2022-04-05 00:00:00+05:30,1.55,1.55,1.5,1.55,1046688
ANTGRAPHIC,2022-04-06 00:00:00+05:30,1.55,1.6,1.5,1.6,1922191
ANTGRAPHIC,2022-04-07 00:00:00+05:30,1.6,1.65,1.55,1.65,1295202
ANTGRAPHIC,2022-04-08 00:00:00+05:30,1.7,1.7,1.6,1.65,1100378
ANTGRAPHIC,2022-04-11 00:00:00+05:30,1.65,1.7,1.6,1.65,864877
ANTGRAPHIC,2022-04-12 00:00:00+05:30,1.65,1.65,1.6,1.65,561021
ANTGRAPHIC,2022-04-13 00:00:00+05:30,1.65,1.65,1.6,1.65,601319
ANTGRAPHIC,2022-04-18 00:00:00+05:30,1.65,1.65,1.6,1.6,403140
ANTGRAPHIC,2022-04-19 00:00:00+05:30,1.55,1.55,1.55,1.55,487793
ANTGRAPHIC,2022-04-20 00:00:00+05:30,1.55,1.6,1.5,1.5,544062
ANTGRAPHIC,2022-04-21 00:00:00+05:30,1.55,1.55,1.45,1.45,849844
ANTGRAPHIC,2022-04-22 00:00:00+05:30,1.4,1.5,1.4,1.4,1252204
ANTGRAPHIC,2022-04-25 00:00:00+05:30,1.35,1.4,1.35,1.35,1118696
ANTGRAPHIC,2022-04-26 00:00:00+05:30,1.35,1.4,1.3,1.4,1089012
ANTGRAPHIC,2022-04-27 00:00:00+05:30,1.4,1.4,1.35,1.35,482697
ANTGRAPHIC,2022-04-28 00:00:00+05:30,1.35,1.35,1.3,1.3,673809
ANTGRAPHIC,2022-04-29 00:00:00+05:30,1.25,1.3,1.25,1.25,981346
ANTGRAPHIC,2022-05-02 00:00:00+05:30,1.25,1.3,1.2,1.3,330516
ANTGRAPHIC,2022-05-04 00:00:00+05:30,1.35,1.35,1.3,1.35,446104
ANTGRAPHIC,2022-05-05 00:00:00+05:30,1.4,1.4,1.3,1.3,519158
ANTGRAPHIC,2022-05-06 00:00:00+05:30,1.25,1.3,1.25,1.25,527353
ANTGRAPHIC,2022-05-09 00:00:00+05:30,1.25,1.25,1.2,1.25,406769
ANTGRAPHIC,2022-05-10 00:00:00+05:30,1.2,1.25,1.2,1.2,499295
ANTGRAPHIC,2022-05-11 00:00:00+05:30,1.2,1.2,1.15,1.15,223887
ANTGRAPHIC,2022-05-12 00:00:00+05:30,1.15,1.15,1.1,1.1,283358
ANTGRAPHIC,2022-05-13 00:00:00+05:30,1.05,1.15,1.05,1.15,706286
ANTGRAPHIC,2022-05-16 00:00:00+05:30,1.15,1.2,1.1,1.15,371809
ANTGRAPHIC,2022-05-17 00:00:00+05:30,1.15,1.2,1.1,1.2,527643
ANTGRAPHIC,2022-05-18 00:00:00+05:30,1.25,1.25,1.2,1.25,459405
ANTGRAPHIC,2022-05-19 00:00:00+05:30,1.2,1.25,1.2,1.2,180759
ANTGRAPHIC,2022-05-20 00:00:00+05:30,1.2,1.2,1.15,1.2,510626
ANTGRAPHIC,2022-05-23 00:00:00+05:30,1.2,1.25,1.15,1.2,468276
ANTGRAPHIC,2022-05-24 00:00:00+05:30,1.2,1.2,1.15,1.15,353864
ANTGRAPHIC,2022-05-25 00:00:00+05:30,1.1,1.15,1.1,1.1,395805
ANTGRAPHIC,2022-05-26 00:00:00+05:30,1.05,1.15,1.05,1.1,674013
ANTGRAPHIC,2022-05-27 00:00:00+05:30,1.1,1.15,1.05,1.15,165518
ANTGRAPHIC,2022-05-30 00:00:00+05:30,1.15,1.2,1.1,1.1,329862
ANTGRAPHIC,2022-05-31 00:00:00+05:30,1.15,1.15,1.05,1.1,228640
ANTGRAPHIC,2022-06-01 00:00:00+05:30,1.1,1.15,1.05,1.1,195304
ANTGRAPHIC,2022-06-02 00:00:00+05:30,1.1,1.15,1.05,1.1,489978
ANTGRAPHIC,2022-06-03 00:00:00+05:30,1.15,1.15,1.05,1.15,267809
ANTGRAPHIC,2022-06-06 00:00:00+05:30,1.15,1.2,1.1,1.15,179785
ANTGRAPHIC,2022-06-07 00:00:00+05:30,1.15,1.15,1.1,1.1,285158
ANTGRAPHIC,2022-06-08 00:00:00+05:30,1.1,1.15,1.05,1.15,372283
ANTGRAPHIC,2022-06-09 00:00:00+05:30,1.15,1.2,1.15,1.2,321419
ANTGRAPHIC,2022-06-10 00:00:00+05:30,1.25,1.25,1.15,1.15,301302
ANTGRAPHIC,2022-06-13 00:00:00+05:30,1.15,1.2,1.1,1.15,247364
ANTGRAPHIC,2022-06-14 00:00:00+05:30,1.15,1.15,1.1,1.1,228648
ANTGRAPHIC,2022-06-15 00:00:00+05:30,1.1,1.15,1.05,1.1,550469
ANTGRAPHIC,2022-06-16 00:00:00+05:30,1.1,1.15,1.05,1.1,695001
ANTGRAPHIC,2022-06-17 00:00:00+05:30,1.15,1.15,1.05,1.1,346979
ANTGRAPHIC,2022-06-20 00:00:00+05:30,1.1,1.1,1.05,1.05,240895
ANTGRAPHIC,2022-06-21 00:00:00+05:30,1.05,1.1,1.0,1.1,144876
ANTGRAPHIC,2022-06-22 00:00:00+05:30,1.1,1.1,1.05,1.05,197995
ANTGRAPHIC,2022-06-23 00:00:00+05:30,1.1,1.1,1.0,1.1,243282
ANTGRAPHIC,2022-06-24 00:00:00+05:30,1.1,1.1,1.05,1.05,221499
ANTGRAPHIC,2022-06-27 00:00:00+05:30,1.05,1.1,1.0,1.1,385472
ANTGRAPHIC,2022-06-28 00:00:00+05:30,1.05,1.1,1.05,1.05,223728
ANTGRAPHIC,2022-06-29 00:00:00+05:30,1.05,1.05,1.0,1.05,433721
ANTGRAPHIC,2022-06-30 00:00:00+05:30,1.05,1.05,1.0,1.05,511143
ANTGRAPHIC,2022-07-01 00:00:00+05:30,1.05,1.05,1.0,1.05,178900
ANTGRAPHIC,2022-07-04 00:00:00+05:30,1.05,1.05,1.0,1.05,419525
ANTGRAPHIC,2022-07-05 00:00:00+05:30,1.05,1.05,1.0,1.05,303776
ANTGRAPHIC,2022-07-06 00:00:00+05:30,1.05,1.05,1.0,1.0,409411
ANTGRAPHIC,2022-07-07 00:00:00+05:30,1.0,1.0,0.95,1.0,457405
ANTGRAPHIC,2022-07-08 00:00:00+05:30,1.0,1.0,0.95,1.0,388132
ANTGRAPHIC,2022-07-11 00:00:00+05:30,1.0,1.0,0.95,1.0,157882
ANTGRAPHIC,2022-07-12 00:00:00+05:30,0.95,1.0,0.95,1.0,197443
ANTGRAPHIC,2022-07-13 00:00:00+05:30,1.0,1.0,0.95,1.0,162964
ANTGRAPHIC,2022-07-14 00:00:00+05:30,1.0,1.0,0.95,1.0,148895
ANTGRAPHIC,2022-07-15 00:00:00+05:30,1.0,1.0,0.95,1.0,306372
ANTGRAPHIC,2022-07-18 00:00:00+05:30,1.0,1.0,0.95,1.0,274573
ANTGRAPHIC,2022-07-19 00:00:00+05:30,0.95,1.0,0.95,1.0,201354
ANTGRAPHIC,2022-07-20 00:00:00+05:30,1.0,1.0,0.95,1.0,269258
ANTGRAPHIC,2022-07-21 00:00:00+05:30,1.0,1.0,0.95,1.0,312537
ANTGRAPHIC,2022-07-22 00:00:00+05:30,1.0,1.0,0.95,1.0,197332
ANTGRAPHIC,2022-07-25 00:00:00+05:30,1.0,1.0,0.95,1.0,459073
ANTGRAPHIC,2022-07-26 00:00:00+05:30,0.95,1.0,0.95,1.0,412969
ANTGRAPHIC,2022-07-27 00:00:00+05:30,1.0,1.0,0.95,1.0,414394
ANTGRAPHIC,2022-07-28 00:00:00+05:30,1.0,1.0,0.95,1.0,423680
ANTGRAPHIC,2022-07-29 00:00:00+05:30,1.0,1.0,0.95,1.0,662637
ANTGRAPHIC,2022-08-01 00:00:00+05:30,1.0,1.0,0.95,1.0,435864
ANTGRAPHIC,2022-08-02 00:00:00+05:30,1.0,1.0,0.95,1.0,402035
ANTGRAPHIC,2022-08-03 00:00:00+05:30,1.0,1.0,0.95,1.0,486174
ANTGRAPHIC,2022-08-04 00:00:00+05:30,1.0,1.0,0.95,1.0,673981
ANTGRAPHIC,2022-08-05 00:00:00+05:30,1.0,1.0,0.95,1.0,828223
ANTGRAPHIC,2022-08-08 00:00:00+05:30,1.0,1.0,0.95,1.0,297106
ANTGRAPHIC,2022-08-10 00:00:00+05:30,1.0,1.0,0.95,0.95,232221
ANTGRAPHIC,2022-08-11 00:00:00+05:30,0.95,1.0,0.95,1.0,464121
ANTGRAPHIC,2022-08-12 00:00:00+05:30,1.0,1.0,0.95,1.0,367380
ANTGRAPHIC,2022-08-16 00:00:00+05:30,1.0,1.0,0.95,1.0,302641
ANTGRAPHIC,2022-08-17 00:00:00+05:30,1.0,1.0,0.95,1.0,155339
ANTGRAPHIC,2022-08-18 00:00:00+05:30,1.0,1.0,0.95,1.0,244273
ANTGRAPHIC,2022-08-19 00:00:00+05:30,1.0,1.0,0.95,1.0,261599
ANTGRAPHIC,2022-08-22 00:00:00+05:30,1.0,1.0,0.95,0.95,898783
ANTGRAPHIC,2022-08-23 00:00:00+05:30,0.9,1.0,0.9,1.0,630511
ANTGRAPHIC,2022-08-24 00:00:00+05:30,1.0,1.0,0.95,1.0,419285
ANTGRAPHIC,2022-08-25 00:00:00+05:30,1.0,1.0,0.95,1.0,295261
ANTGRAPHIC,2022-08-26 00:00:00+05:30,1.0,1.0,0.95,1.0,1088579
ANTGRAPHIC,2022-08-29 00:00:00+05:30,0.95,1.0,0.95,1.0,438311
ANTGRAPHIC,2022-08-30 00:00:00+05:30,0.95,1.0,0.95,0.95,262104
ANTGRAPHIC,2022-09-01 00:00:00+05:30,1.0,1.0,0.95,1.0,435943
ANTGRAPHIC,2022-09-02 00:00:00+05:30,0.95,1.0,0.95,1.0,486382
ANTGRAPHIC,2022-09-05 00:00:00+05:30,1.0,1.0,0.95,1.0,400932
ANTGRAPHIC,2022-09-06 00:00:00+05:30,1.0,1.0,0.95,1.0,796661
ANTGRAPHIC,2022-09-07 00:00:00+05:30,1.0,1.0,0.95,0.95,530106
ANTGRAPHIC,2022-09-08 00:00:00+05:30,1.0,1.0,0.95,1.0,545998
ANTGRAPHIC,2022-09-09 00:00:00+05:30,1.05,1.05,1.0,1.05,1646718
ANTGRAPHIC,2022-09-12 00:00:00+05:30,1.1,1.1,1.05,1.1,2534600
ANTGRAPHIC,2022-09-13 00:00:00+05:30,1.05,1.1,1.05,1.05,1753328
ANTGRAPHIC,2022-09-14 00:00:00+05:30,1.0,1.0,1.0,1.0,823959
ANTGRAPHIC,2022-09-15 00:00:00+05:30,1.0,1.0,0.95,1.0,529539
ANTGRAPHIC,2022-09-16 00:00:00+05:30,0.95,1.0,0.95,1.0,322423
ANTGRAPHIC,2022-09-19 00:00:00+05:30,1.0,1.0,0.95,1.0,431750
ANTGRAPHIC,2022-09-20 00:00:00+05:30,0.95,1.0,0.95,1.0,380964
ANTGRAPHIC,2022-09-21 00:00:00+05:30,0.95,1.0,0.95,1.0,335353
ANTGRAPHIC,2022-09-22 00:00:00+05:30,1.0,1.0,0.95,1.0,398446
ANTGRAPHIC,2022-09-23 00:00:00+05:30,1.0,1.0,0.95,0.95,594348
ANTGRAPHIC,2022-09-26 00:00:00+05:30,0.95,1.0,0.9,0.95,790296
ANTGRAPHIC,2022-09-27 00:00:00+05:30,0.95,0.95,0.9,0.95,314495
ANTGRAPHIC,2022-09-28 00:00:00+05:30,0.95,0.95,0.9,0.9,1162555
ANTGRAPHIC,2022-09-29 00:00:00+05:30,0.9,0.9,0.85,0.9,311085
ANTGRAPHIC,2022-09-30 00:00:00+05:30,0.9,0.9,0.85,0.9,182890
ANTGRAPHIC,2022-10-03 00:00:00+05:30,0.9,0.9,0.85,0.85,1167471
ANTGRAPHIC,2022-10-04 00:00:00+05:30,0.85,0.85,0.8,0.85,1838084
ANTGRAPHIC,2022-10-06 00:00:00+05:30,0.85,0.85,0.8,0.85,731632
ANTGRAPHIC,2022-10-07 00:00:00+05:30,0.85,0.85,0.8,0.85,451282
ANTGRAPHIC,2022-10-10 00:00:00+05:30,0.85,0.85,0.8,0.85,526558
ANTGRAPHIC,2022-10-11 00:00:00+05:30,0.8,0.85,0.8,0.8,593542
ANTGRAPHIC,2022-10-12 00:00:00+05:30,0.8,0.8,0.75,0.75,1713921
ANTGRAPHIC,2022-10-13 00:00:00+05:30,0.75,0.75,0.7,0.7,1219902
ANTGRAPHIC,2022-10-14 00:00:00+05:30,0.7,0.75,0.7,0.7,1364697
ANTGRAPHIC,2022-10-17 00:00:00+05:30,0.7,0.75,0.65,0.7,957428
ANTGRAPHIC,2022-10-18 00:00:00+05:30,0.7,0.75,0.7,0.75,524592
ANTGRAPHIC,2022-10-19 00:00:00+05:30,0.75,0.8,0.75,0.8,945740
ANTGRAPHIC,2022-10-20 00:00:00+05:30,0.85,0.85,0.85,0.85,1393112
ANTGRAPHIC,2022-10-21 00:00:00+05:30,0.9,0.9,0.85,0.9,609292
ANTGRAPHIC,2022-10-24 00:00:00+05:30,0.95,0.95,0.9,0.95,1946151
ANTGRAPHIC,2022-10-25 00:00:00+05:30,0.95,0.95,0.9,0.9,1495846
ANTGRAPHIC,2022-10-27 00:00:00+05:30,0.85,0.85,0.85,0.85,239204
ANTGRAPHIC,2022-10-28 00:00:00+05:30,0.8,0.85,0.8,0.8,1803684
ANTGRAPHIC,2022-10-31 00:00:00+05:30,0.8,0.8,0.75,0.8,455686
ANTGRAPHIC,2022-11-01 00:00:00+05:30,0.8,0.85,0.75,0.8,447791
ANTGRAPHIC,2022-11-02 00:00:00+05:30,0.85,0.85,0.8,0.85,659920
ANTGRAPHIC,2022-11-03 00:00:00+05:30,0.85,0.85,0.8,0.8,516107
ANTGRAPHIC,2022-11-04 00:00:00+05:30,0.8,0.85,0.75,0.8,453901
ANTGRAPHIC,2022-11-07 00:00:00+05:30,0.8,0.85,0.75,0.8,2886442
ANTGRAPHIC,2022-11-09 00:00:00+05:30,0.8,0.85,0.8,0.85,455664
ANTGRAPHIC,2022-11-10 00:00:00+05:30,0.8,0.85,0.8,0.8,950625
ANTGRAPHIC,2022-11-11 00:00:00+05:30,0.8,0.85,0.75,0.8,1077580
ANTGRAPHIC,2022-11-14 00:00:00+05:30,0.8,0.85,0.8,0.8,528129
ANTGRAPHIC,2022-11-15 00:00:00+05:30,0.8,0.85,0.8,0.8,246284
ANTGRAPHIC,2022-11-16 00:00:00+05:30,0.8,0.85,0.75,0.8,617858
ANTGRAPHIC,2022-11-17 00:00:00+05:30,0.8,0.8,0.75,0.8,340048
ANTGRAPHIC,2022-11-18 00:00:00+05:30,0.8,0.8,0.75,0.8,399242
ANTGRAPHIC,2022-11-21 00:00:00+05:30,0.8,0.8,0.75,0.8,434887
ANTGRAPHIC,2022-11-22 00:00:00+05:30,0.8,0.8,0.75,0.8,1134015
ANTGRAPHIC,2022-11-23 00:00:00+05:30,0.8,0.8,0.75,0.75,647546
ANTGRAPHIC,2022-11-24 00:00:00+05:30,0.8,0.8,0.75,0.8,375646
ANTGRAPHIC,2022-11-25 00:00:00+05:30,0.8,0.8,0.75,0.75,405180
ANTGRAPHIC,2022-11-28 00:00:00+05:30,0.8,0.8,0.75,0.8,384235
ANTGRAPHIC,2022-11-29 00:00:00+05:30,0.8,0.8,0.75,0.75,219234
ANTGRAPHIC,2022-11-30 00:00:00+05:30,0.8,0.8,0.75,0.8,563346
ANTGRAPHIC,2022-12-01 00:00:00+05:30,0.8,0.8,0.75,0.8,451117
ANTGRAPHIC,2022-12-02 00:00:00+05:30,0.8,0.85,0.75,0.85,933525
ANTGRAPHIC,2022-12-05 00:00:00+05:30,0.85,0.9,0.8,0.9,866195
ANTGRAPHIC,2022-12-06 00:00:00+05:30,0.9,0.9,0.85,0.85,788842
ANTGRAPHIC,2022-12-07 00:00:00+05:30,0.9,0.9,0.85,0.85,691055
ANTGRAPHIC,2022-12-08 00:00:00+05:30,0.85,0.85,0.8,0.85,534462
ANTGRAPHIC,2022-12-09 00:00:00+05:30,0.9,0.9,0.8,0.85,885597
ANTGRAPHIC,2022-12-12 00:00:00+05:30,0.85,0.9,0.8,0.85,473829
ANTGRAPHIC,2022-12-13 00:00:00+05:30,0.9,0.9,0.85,0.9,712024
ANTGRAPHIC,2022-12-14 00:00:00+05:30,0.9,0.9,0.85,0.85,472785
ANTGRAPHIC,2022-12-15 00:00:00+05:30,0.9,0.9,0.85,0.9,435449
ANTGRAPHIC,2022-12-16 00:00:00+05:30,0.9,0.9,0.85,0.9,548317
ANTGRAPHIC,2022-12-19 00:00:00+05:30,0.9,0.9,0.85,0.85,530711
ANTGRAPHIC,2022-12-20 00:00:00+05:30,0.85,0.9,0.8,0.85,450083
ANTGRAPHIC,2022-12-21 00:00:00+05:30,0.85,0.85,0.8,0.85,432349
ANTGRAPHIC,2022-12-22 00:00:00+05:30,0.8,0.85,0.8,0.8,755116
ANTGRAPHIC,2022-12-23 00:00:00+05:30,0.75,0.8,0.75,0.75,870643
ANTGRAPHIC,2022-12-26 00:00:00+05:30,0.7,0.8,0.7,0.8,497792
ANTGRAPHIC,2022-12-27 00:00:00+05:30,0.8,0.85,0.75,0.8,267859
ANTGRAPHIC,2022-12-28 00:00:00+05:30,0.85,0.85,0.8,0.85,493892
ANTGRAPHIC,2022-12-29 00:00:00+05:30,0.85,0.85,0.8,0.8,443178
ANTGRAPHIC,2022-12-30 00:00:00+05:30,0.85,0.85,0.8,0.8,363103
ANTGRAPHIC,2023-01-02 00:00:00+05:30,0.8,0.85,0.8,0.8,514178
ANTGRAPHIC,2023-01-03 00:00:00+05:30,0.85,0.85,0.8,0.85,543502
ANTGRAPHIC,2023-01-04 00:00:00+05:30,0.85,0.85,0.8,0.8,487587
ANTGRAPHIC,2023-01-05 00:00:00+05:30,0.85,0.85,0.8,0.8,249466
ANTGRAPHIC,2023-01-06 00:00:00+05:30,0.8,0.85,0.8,0.8,273023
ANTGRAPHIC,2023-01-09 00:00:00+05:30,0.8,0.85,0.75,0.8,804487
ANTGRAPHIC,2023-01-10 00:00:00+05:30,0.8,0.8,0.75,0.8,224707
ANTGRAPHIC,2023-01-11 00:00:00+05:30,0.8,0.85,0.75,0.8,727888
ANTGRAPHIC,2023-01-12 00:00:00+05:30,0.75,0.85,0.75,0.85,349388
ANTGRAPHIC,2023-01-13 00:00:00+05:30,0.85,0.85,0.8,0.8,240844
ANTGRAPHIC,2023-01-16 00:00:00+05:30,0.85,0.85,0.75,0.8,243476
ANTGRAPHIC,2023-01-17 00:00:00+05:30,0.8,0.85,0.75,0.8,227620
ANTGRAPHIC,2023-01-18 00:00:00+05:30,0.8,0.85,0.75,0.8,203399
ANTGRAPHIC,2023-01-19 00:00:00+05:30,0.8,0.85,0.75,0.8,318213
ANTGRAPHIC,2023-01-20 00:00:00+05:30,0.8,0.85,0.75,0.85,271837
ANTGRAPHIC,2023-01-23 00:00:00+05:30,0.85,0.85,0.8,0.8,505802
ANTGRAPHIC,2023-01-24 00:00:00+05:30,0.8,0.85,0.8,0.85,1180457
ANTGRAPHIC,2023-01-25 00:00:00+05:30,0.85,0.85,0.8,0.8,365707
ANTGRAPHIC,2023-01-27 00:00:00+05:30,0.8,0.85,0.8,0.8,339629
ANTGRAPHIC,2023-01-30 00:00:00+05:30,0.85,0.85,0.8,0.8,1087391
ANTGRAPHIC,2023-01-31 00:00:00+05:30,0.85,0.85,0.8,0.85,314126
ANTGRAPHIC,2023-02-01 00:00:00+05:30,0.85,0.85,0.8,0.85,173344
ANTGRAPHIC,2023-02-02 00:00:00+05:30,0.85,0.85,0.8,0.8,338988
ANTGRAPHIC,2023-02-03 00:00:00+05:30,0.8,0.85,0.8,0.8,464939
ANTGRAPHIC,2023-02-06 00:00:00+05:30,0.8,0.85,0.75,0.8,1006138
ANTGRAPHIC,2023-02-07 00:00:00+05:30,0.8,0.85,0.75,0.75,130704
ANTGRAPHIC,2023-02-08 00:00:00+05:30,0.8,0.8,0.75,0.75,375968
ANTGRAPHIC,2023-02-09 00:00:00+05:30,0.8,0.8,0.75,0.8,199594
ANTGRAPHIC,2023-02-10 00:00:00+05:30,0.8,0.8,0.75,0.75,137570
ANTGRAPHIC,2023-02-13 00:00:00+05:30,0.8,0.8,0.75,0.75,409460
ANTGRAPHIC,2023-02-14 00:00:00+05:30,0.75,0.8,0.75,0.75,162855
ANTGRAPHIC,2023-02-15 00:00:00+05:30,0.8,0.8,0.75,0.75,562848
ANTGRAPHIC,2023-02-16 00:00:00+05:30,0.75,0.8,0.75,0.75,137735
ANTGRAPHIC,2023-02-17 00:00:00+05:30,0.75,0.8,0.7,0.7,282947
ANTGRAPHIC,2023-02-20 00:00:00+05:30,0.7,0.75,0.7,0.7,445228
ANTGRAPHIC,2023-02-21 00:00:00+05:30,0.7,0.75,0.65,0.7,408731
ANTGRAPHIC,2023-02-22 00:00:00+05:30,0.65,0.7,0.65,0.65,320312
ANTGRAPHIC,2023-02-23 00:00:00+05:30,0.7,0.7,0.6,0.65,655837
ANTGRAPHIC,2023-02-24 00:00:00+05:30,0.65,0.7,0.6,0.7,525916
ANTGRAPHIC,2023-02-27 00:00:00+05:30,0.7,0.7,0.6,0.6,622114
ANTGRAPHIC,2023-02-28 00:00:00+05:30,0.65,0.65,0.6,0.65,203690
ANTGRAPHIC,2023-03-01 00:00:00+05:30,0.65,0.65,0.55,0.65,1457305
ANTGRAPHIC,2023-03-02 00:00:00+05:30,0.65,0.65,0.6,0.6,298240
ANTGRAPHIC,2023-03-03 00:00:00+05:30,0.65,0.65,0.6,0.65,998179
ANTGRAPHIC,2023-03-06 00:00:00+05:30,0.65,0.65,0.6,0.65,193119
ANTGRAPHIC,2023-03-08 00:00:00+05:30,0.65,0.65,0.6,0.6,385139
ANTGRAPHIC,2023-03-09 00:00:00+05:30,0.6,0.65,0.6,0.65,525301
ANTGRAPHIC,2023-03-10 00:00:00+05:30,0.65,0.65,0.55,0.6,644155
ANTGRAPHIC,2023-03-13 00:00:00+05:30,0.65,0.65,0.6,0.6,353685
ANTGRAPHIC,2023-03-14 00:00:00+05:30,0.65,0.65,0.6,0.6,526550
ANTGRAPHIC,2023-03-15 00:00:00+05:30,0.6,0.65,0.6,0.65,340144
ANTGRAPHIC,2023-03-16 00:00:00+05:30,0.65,0.65,0.6,0.6,500164
ANTGRAPHIC,2023-03-17 00:00:00+05:30,0.6,0.65,0.6,0.65,219719
ANTGRAPHIC,2023-03-20 00:00:00+05:30,0.65,0.65,0.6,0.6,205319
ANTGRAPHIC,2023-03-21 00:00:00+05:30,0.65,0.65,0.55,0.6,539454
ANTGRAPHIC,2023-03-22 00:00:00+05:30,0.6,0.65,0.55,0.6,359845
ANTGRAPHIC,2023-03-23 00:00:00+05:30,0.65,0.65,0.55,0.65,326685
ANTGRAPHIC,2023-03-24 00:00:00+05:30,0.6,0.65,0.55,0.65,119371
ANTGRAPHIC,2023-03-27 00:00:00+05:30,0.65,0.65,0.55,0.65,163926
ANTGRAPHIC,2023-03-28 00:00:00+05:30,0.55,0.65,0.55,0.55,304687
ANTGRAPHIC,2023-03-29 00:00:00+05:30,0.55,0.6,0.55,0.6,402632
ANTGRAPHIC,2023-03-31 00:00:00+05:30,0.6,0.6,0.55,0.55,302231
ANTGRAPHIC,2023-04-03 00:00:00+05:30,0.6,0.65,0.55,0.6,377221
ANTGRAPHIC,2023-04-05 00:00:00+05:30,0.6,0.65,0.6,0.65,450234
ANTGRAPHIC,2023-04-06 00:00:00+05:30,0.65,0.65,0.6,0.65,238711
ANTGRAPHIC,2023-04-10 00:00:00+05:30,0.65,0.75,0.6,0.75,2070524
ANTGRAPHIC,2023-04-11 00:00:00+05:30,0.75,0.8,0.7,0.7,695103
ANTGRAPHIC,2023-04-12 00:00:00+05:30,0.75,0.75,0.65,0.7,1237168
ANTGRAPHIC,2023-04-13 00:00:00+05:30,0.7,0.75,0.7,0.75,884587
ANTGRAPHIC,2023-04-17 00:00:00+05:30,0.75,0.75,0.65,0.7,766429
ANTGRAPHIC,2023-04-18 00:00:00+05:30,0.7,0.7,0.65,0.7,453377
ANTGRAPHIC,2023-04-19 00:00:00+05:30,0.65,0.7,0.65,0.7,250324
ANTGRAPHIC,2023-04-20 00:00:00+05:30,0.7,0.7,0.65,0.7,110978
ANTGRAPHIC,2023-04-21 00:00:00+05:30,0.65,0.7,0.65,0.7,168587
ANTGRAPHIC,2023-04-24 00:00:00+05:30,0.7,0.7,0.65,0.7,124923
ANTGRAPHIC,2023-04-25 00:00:00+05:30,0.65,0.7,0.65,0.65,105382
ANTGRAPHIC,2023-04-26 00:00:00+05:30,0.7,0.7,0.65,0.7,220079
ANTGRAPHIC,2023-04-27 00:00:00+05:30,0.7,0.7,0.65,0.7,98767
ANTGRAPHIC,2023-04-28 00:00:00+05:30,0.7,0.7,0.65,0.7,116420
ANTGRAPHIC,2023-05-02 00:00:00+05:30,0.7,0.7,0.65,0.65,179438
ANTGRAPHIC,2023-05-03 00:00:00+05:30,0.65,0.7,0.65,0.65,134504
ANTGRAPHIC,2023-05-04 00:00:00+05:30,0.65,0.7,0.65,0.7,221814
ANTGRAPHIC,2023-05-05 00:00:00+05:30,0.7,0.7,0.65,0.65,129889
ANTGRAPHIC,2023-05-08 00:00:00+05:30,0.7,0.7,0.65,0.65,96706
ANTGRAPHIC,2023-05-09 00:00:00+05:30,0.65,0.7,0.65,0.7,219350
ANTGRAPHIC,2023-05-10 00:00:00+05:30,0.7,0.7,0.65,0.65,134911
ANTGRAPHIC,2023-05-11 00:00:00+05:30,0.65,0.7,0.6,0.65,169308
ANTGRAPHIC,2023-05-12 00:00:00+05:30,0.7,0.7,0.6,0.65,182597
ANTGRAPHIC,2023-05-15 00:00:00+05:30,0.7,0.7,0.6,0.65,126617
ANTGRAPHIC,2023-05-16 00:00:00+05:30,0.65,0.7,0.65,0.65,201806
ANTGRAPHIC,2023-05-17 00:00:00+05:30,0.65,0.7,0.65,0.65,275073
ANTGRAPHIC,2023-05-18 00:00:00+05:30,0.7,0.7,0.6,0.65,349167
ANTGRAPHIC,2023-05-19 00:00:00+05:30,0.65,0.7,0.65,0.65,184851
ANTGRAPHIC,2023-05-22 00:00:00+05:30,0.65,0.7,0.6,0.6,162786
ANTGRAPHIC,2023-05-23 00:00:00+05:30,0.6,0.65,0.6,0.65,115660
ANTGRAPHIC,2023-05-24 00:00:00+05:30,0.7,0.7,0.65,0.7,519095
ANTGRAPHIC,2023-05-25 00:00:00+05:30,0.7,0.7,0.65,0.7,303752
ANTGRAPHIC,2023-05-26 00:00:00+05:30,0.65,0.7,0.65,0.7,95926
ANTGRAPHIC,2023-05-29 00:00:00+05:30,0.7,0.7,0.65,0.65,104684
ANTGRAPHIC,2023-05-30 00:00:00+05:30,0.7,0.7,0.65,0.7,348380
ANTGRAPHIC,2023-05-31 00:00:00+05:30,0.65,0.7,0.65,0.65,287192
ANTGRAPHIC,2023-06-01 00:00:00+05:30,0.65,0.7,0.6,0.7,607399
ANTGRAPHIC,2023-06-02 00:00:00+05:30,0.7,0.7,0.65,0.65,681864
ANTGRAPHIC,2023-06-05 00:00:00+05:30,0.7,0.7,0.6,0.65,477693
ANTGRAPHIC,2023-06-06 00:00:00+05:30,0.6,0.7,0.6,0.65,205553
ANTGRAPHIC,2023-06-07 00:00:00+05:30,0.65,0.7,0.6,0.7,874495
ANTGRAPHIC,2023-06-08 00:00:00+05:30,0.65,0.7,0.65,0.7,400241
ANTGRAPHIC,2023-06-09 00:00:00+05:30,0.7,0.7,0.65,0.65,360873
ANTGRAPHIC,2023-06-12 00:00:00+05:30,0.7,0.7,0.65,0.7,299660
ANTGRAPHIC,2023-06-13 00:00:00+05:30,0.65,0.7,0.65,0.7,520775
ANTGRAPHIC,2023-06-14 00:00:00+05:30,0.7,0.7,0.65,0.65,226494
ANTGRAPHIC,2023-06-15 00:00:00+05:30,0.65,0.7,0.65,0.65,283525
ANTGRAPHIC,2023-06-16 00:00:00+05:30,0.7,0.7,0.65,0.65,412057
ANTGRAPHIC,2023-06-19 00:00:00+05:30,0.7,0.7,0.6,0.65,517332
ANTGRAPHIC,2023-06-20 00:00:00+05:30,0.65,0.7,0.6,0.65,534775
ANTGRAPHIC,2023-06-21 00:00:00+05:30,0.7,0.7,0.6,0.65,353728
ANTGRAPHIC,2023-06-22 00:00:00+05:30,0.7,0.7,0.65,0.7,1167890
ANTGRAPHIC,2023-06-23 00:00:00+05:30,0.7,0.7,0.65,0.7,453440
ANTGRAPHIC,2023-06-26 00:00:00+05:30,0.65,0.7,0.65,0.65,220114
ANTGRAPHIC,2023-06-27 00:00:00+05:30,0.65,0.7,0.65,0.7,437907
ANTGRAPHIC,2023-06-28 00:00:00+05:30,0.7,0.7,0.65,0.7,278647
ANTGRAPHIC,2023-06-30 00:00:00+05:30,0.7,0.7,0.65,0.65,313183
ANTGRAPHIC,2023-07-03 00:00:00+05:30,0.7,0.7,0.65,0.65,400541
ANTGRAPHIC,2023-07-04 00:00:00+05:30,0.7,0.7,0.65,0.7,330967
ANTGRAPHIC,2023-07-05 00:00:00+05:30,0.7,0.7,0.65,0.7,652207
ANTGRAPHIC,2023-07-06 00:00:00+05:30,0.7,0.7,0.65,0.65,1530790
ANTGRAPHIC,2023-07-07 00:00:00+05:30,0.65,0.7,0.6,0.65,543596
ANTGRAPHIC,2023-07-10 00:00:00+05:30,0.65,0.7,0.6,0.65,866236
ANTGRAPHIC,2023-07-11 00:00:00+05:30,0.65,0.65,0.6,0.6,440431
ANTGRAPHIC,2023-07-12 00:00:00+05:30,0.65,0.65,0.6,0.65,453553
ANTGRAPHIC,2023-07-13 00:00:00+05:30,0.65,0.65,0.6,0.65,416631
ANTGRAPHIC,2023-07-14 00:00:00+05:30,0.65,0.65,0.6,0.6,256564
ANTGRAPHIC,2023-07-17 00:00:00+05:30,0.6,0.65,0.6,0.6,252520
ANTGRAPHIC,2023-07-18 00:00:00+05:30,0.6,0.65,0.6,0.65,232166
ANTGRAPHIC,2023-07-19 00:00:00+05:30,0.6,0.65,0.6,0.65,177960
ANTGRAPHIC,2023-07-20 00:00:00+05:30,0.65,0.65,0.6,0.6,280025
ANTGRAPHIC,2023-07-21 00:00:00+05:30,0.6,0.65,0.6,0.65,162567
ANTGRAPHIC,2023-07-24 00:00:00+05:30,0.6,0.65,0.6,0.65,592093
ANTGRAPHIC,2023-07-25 00:00:00+05:30,0.65,0.65,0.6,0.65,195000
ANTGRAPHIC,2023-07-26 00:00:00+05:30,0.65,0.65,0.6,0.6,216596
ANTGRAPHIC,2023-07-27 00:00:00+05:30,0.65,0.65,0.6,0.6,295046
ANTGRAPHIC,2023-07-28 00:00:00+05:30,0.65,0.65,0.6,0.65,423468
ANTGRAPHIC,2023-07-31 00:00:00+05:30,0.65,0.65,0.6,0.6,368159
ANTGRAPHIC,2023-08-01 00:00:00+05:30,0.65,0.65,0.6,0.6,229101
ANTGRAPHIC,2023-08-02 00:00:00+05:30,0.65,0.65,0.6,0.65,371304
ANTGRAPHIC,2023-08-03 00:00:00+05:30,0.65,0.65,0.6,0.65,201854
ANTGRAPHIC,2023-08-04 00:00:00+05:30,0.65,0.7,0.6,0.7,1869538
ANTGRAPHIC,2023-08-07 00:00:00+05:30,0.7,0.8,0.65,0.75,2377067
ANTGRAPHIC,2023-08-08 00:00:00+05:30,0.8,0.85,0.75,0.8,1496764
ANTGRAPHIC,2023-08-09 00:00:00+05:30,0.85,0.95,0.8,0.95,3869059
ANTGRAPHIC,2023-08-10 00:00:00+05:30,1.0,1.1,0.95,1.1,8776790
ANTGRAPHIC,2023-08-11 00:00:00+05:30,1.2,1.2,1.15,1.2,3146494
ANTGRAPHIC,2023-08-14 00:00:00+05:30,1.3,1.3,1.2,1.3,5139057
ANTGRAPHIC,2023-08-16 00:00:00+05:30,1.25,1.25,1.25,1.25,346216
ANTGRAPHIC,2023-08-17 00:00:00+05:30,1.2,1.2,1.2,1.2,86459
ANTGRAPHIC,2023-08-18 00:00:00+05:30,1.15,1.15,1.15,1.15,72850
ANTGRAPHIC,2023-08-21 00:00:00+05:30,1.1,1.1,1.1,1.1,200818
ANTGRAPHIC,2023-08-22 00:00:00+05:30,1.05,1.05,1.05,1.05,401870
ANTGRAPHIC,2023-08-23 00:00:00+05:30,1.0,1.0,1.0,1.0,208467
ANTGRAPHIC,2023-08-24 00:00:00+05:30,0.95,0.95,0.95,0.95,151712
ANTGRAPHIC,2023-08-25 00:00:00+05:30,0.9,0.9,0.9,0.9,149706
ANTGRAPHIC,2023-08-28 00:00:00+05:30,0.85,0.95,0.85,0.95,1690228
ANTGRAPHIC,2023-08-29 00:00:00+05:30,1.0,1.0,0.95,1.0,2199722
ANTGRAPHIC,2023-08-30 00:00:00+05:30,1.05,1.05,1.0,1.0,1030692
ANTGRAPHIC,2023-08-31 00:00:00+05:30,1.0,1.05,0.95,0.95,1170198
ANTGRAPHIC,2023-09-01 00:00:00+05:30,0.95,0.95,0.9,0.9,1191698
ANTGRAPHIC,2023-09-04 00:00:00+05:30,0.9,0.95,0.9,0.95,808299
ANTGRAPHIC,2023-09-05 00:00:00+05:30,0.95,1.0,0.9,0.95,573447
ANTGRAPHIC,2023-09-06 00:00:00+05:30,0.9,0.95,0.9,0.9,291210
ANTGRAPHIC,2023-09-07 00:00:00+05:30,0.9,0.95,0.9,0.9,485649
ANTGRAPHIC,2023-09-08 00:00:00+05:30,0.95,0.95,0.85,0.9,458958
ANTGRAPHIC,2023-09-11 00:00:00+05:30,0.9,0.95,0.85,0.9,589071
ANTGRAPHIC,2023-09-12 00:00:00+05:30,0.9,0.95,0.85,0.85,977303
ANTGRAPHIC,2023-09-13 00:00:00+05:30,0.85,0.9,0.85,0.9,599362
ANTGRAPHIC,2023-09-14 00:00:00+05:30,0.9,0.9,0.85,0.9,419427
ANTGRAPHIC,2023-09-15 00:00:00+05:30,0.9,0.9,0.85,0.9,180782
ANTGRAPHIC,2023-09-18 00:00:00+05:30,0.85,0.9,0.85,0.85,418958
ANTGRAPHIC,2023-09-20 00:00:00+05:30,0.85,0.9,0.85,0.9,408460
ANTGRAPHIC,2023-09-21 00:00:00+05:30,0.9,0.9,0.85,0.85,162283
ANTGRAPHIC,2023-09-22 00:00:00+05:30,0.85,0.9,0.85,0.85,126320
ANTGRAPHIC,2023-09-25 00:00:00+05:30,0.9,0.9,0.85,0.85,269353
ANTGRAPHIC,2023-09-26 00:00:00+05:30,0.85,0.9,0.8,0.8,1171273
ANTGRAPHIC,2023-09-27 00:00:00+05:30,0.8,0.85,0.8,0.8,293342
ANTGRAPHIC,2023-09-28 00:00:00+05:30,0.8,0.85,0.8,0.8,103664
ANTGRAPHIC,2023-09-29 00:00:00+05:30,0.8,0.85,0.75,0.8,258202
ANTGRAPHIC,2023-10-03 00:00:00+05:30,0.8,0.85,0.75,0.8,198008
ANTGRAPHIC,2023-10-04 00:00:00+05:30,0.8,0.8,0.75,0.75,242497
ANTGRAPHIC,2023-10-05 00:00:00+05:30,0.75,0.8,0.75,0.75,133105
ANTGRAPHIC,2023-10-06 00:00:00+05:30,0.75,0.8,0.75,0.75,178197
ANTGRAPHIC,2023-10-09 00:00:00+05:30,0.75,0.8,0.75,0.8,244647
ANTGRAPHIC,2023-10-10 00:00:00+05:30,0.75,0.8,0.75,0.75,419739
ANTGRAPHIC,2023-10-11 00:00:00+05:30,0.75,0.8,0.7,0.75,397543
ANTGRAPHIC,2023-10-12 00:00:00+05:30,0.75,0.75,0.7,0.7,217819
ANTGRAPHIC,2023-10-13 00:00:00+05:30,0.7,0.75,0.7,0.75,214621
ANTGRAPHIC,2023-10-16 00:00:00+05:30,0.75,0.75,0.7,0.75,180935
ANTGRAPHIC,2023-10-17 00:00:00+05:30,0.7,0.8,0.7,0.75,169769
ANTGRAPHIC,2023-10-18 00:00:00+05:30,0.8,0.8,0.7,0.75,280389
ANTGRAPHIC,2023-10-19 00:00:00+05:30,0.75,0.8,0.7,0.8,190775
ANTGRAPHIC,2023-10-20 00:00:00+05:30,0.8,0.8,0.75,0.8,167998
ANTGRAPHIC,2023-10-23 00:00:00+05:30,0.8,0.8,0.75,0.75,118897
ANTGRAPHIC,2023-10-25 00:00:00+05:30,0.75,0.75,0.7,0.7,401440
ANTGRAPHIC,2023-10-26 00:00:00+05:30,0.7,0.75,0.65,0.7,98009
ANTGRAPHIC,2023-10-27 00:00:00+05:30,0.7,0.75,0.65,0.75,272713
ANTGRAPHIC,2023-10-30 00:00:00+05:30,0.75,0.75,0.7,0.7,83293
ANTGRAPHIC,2023-10-31 00:00:00+05:30,0.7,0.75,0.7,0.7,152077
ANTGRAPHIC,2023-11-01 00:00:00+05:30,0.7,0.75,0.7,0.75,129581
ANTGRAPHIC,2023-11-02 00:00:00+05:30,0.75,0.75,0.7,0.7,187307
ANTGRAPHIC,2023-11-03 00:00:00+05:30,0.7,0.75,0.7,0.75,195319
ANTGRAPHIC,2023-11-06 00:00:00+05:30,0.75,0.75,0.7,0.7,187523
ANTGRAPHIC,2023-11-07 00:00:00+05:30,0.7,0.75,0.7,0.75,217397
ANTGRAPHIC,2023-11-08 00:00:00+05:30,0.75,0.75,0.7,0.75,174673
ANTGRAPHIC,2023-11-09 00:00:00+05:30,0.75,0.75,0.7,0.75,240195
ANTGRAPHIC,2023-11-10 00:00:00+05:30,0.75,0.75,0.7,0.75,89804
ANTGRAPHIC,2023-11-12 00:00:00+05:30,0.7,0.75,0.7,0.7,50564
ANTGRAPHIC,2023-11-13 00:00:00+05:30,0.7,0.75,0.7,0.75,308984
ANTGRAPHIC,2023-11-15 00:00:00+05:30,0.75,0.8,0.75,0.8,486835
ANTGRAPHIC,2023-11-16 00:00:00+05:30,0.8,0.8,0.75,0.75,408124
ANTGRAPHIC,2023-11-17 00:00:00+05:30,0.8,0.8,0.75,0.8,310164
ANTGRAPHIC,2023-11-20 00:00:00+05:30,0.8,0.85,0.8,0.85,1185474
ANTGRAPHIC,2023-11-21 00:00:00+05:30,0.9,0.9,0.85,0.9,534581
ANTGRAPHIC,2023-11-22 00:00:00+05:30,0.95,0.95,0.95,0.95,382181
ANTGRAPHIC,2023-11-23 00:00:00+05:30,1.0,1.0,1.0,1.0,620787
ANTGRAPHIC,2023-11-24 00:00:00+05:30,1.05,1.05,1.05,1.05,431583
ANTGRAPHIC,2023-11-28 00:00:00+05:30,1.1,1.1,1.0,1.1,6005285
ANTGRAPHIC,2023-11-29 00:00:00+05:30,1.15,1.15,1.15,1.15,1900110
ANTGRAPHIC,2023-11-30 00:00:00+05:30,1.2,1.2,1.15,1.2,1521316
ANTGRAPHIC,2023-12-01 00:00:00+05:30,1.15,1.15,1.15,1.15,621160
ANTGRAPHIC,2023-12-04 00:00:00+05:30,1.1,1.1,1.1,1.1,389443
ANTGRAPHIC,2023-12-05 00:00:00+05:30,1.05,1.05,1.05,1.05,103413
ANTGRAPHIC,2023-12-06 00:00:00+05:30,1.0,1.0,1.0,1.0,145181
ANTGRAPHIC,2023-12-07 00:00:00+05:30,0.95,1.05,0.95,0.95,1288523
ANTGRAPHIC,2023-12-08 00:00:00+05:30,0.9,1.0,0.9,0.9,754895
ANTGRAPHIC,2023-12-11 00:00:00+05:30,0.85,0.95,0.85,0.85,1098567
ANTGRAPHIC,2023-12-12 00:00:00+05:30,0.9,0.9,0.9,0.9,75060
ANTGRAPHIC,2023-12-13 00:00:00+05:30,0.95,0.95,0.95,0.95,1053101
ANTGRAPHIC,2023-12-14 00:00:00+05:30,1.0,1.0,1.0,1.0,235138
ANTGRAPHIC,2023-12-15 00:00:00+05:30,1.1,1.1,1.1,1.1,1295230
ANTGRAPHIC,2023-12-18 00:00:00+05:30,1.15,1.15,1.15,1.15,1165048
ANTGRAPHIC,2023-12-19 00:00:00+05:30,1.2,1.2,1.1,1.2,8844964
ANTGRAPHIC,2023-12-20 00:00:00+05:30,1.25,1.25,1.2,1.25,2447949
ANTGRAPHIC,2023-12-21 00:00:00+05:30,1.3,1.3,1.25,1.3,6954892
ANTGRAPHIC,2023-12-22 00:00:00+05:30,1.35,1.35,1.3,1.35,2003805
ANTGRAPHIC,2023-12-26 00:00:00+05:30,1.4,1.4,1.4,1.4,1275962
ANTGRAPHIC,2023-12-27 00:00:00+05:30,1.45,1.45,1.45,1.45,462796
ANTGRAPHIC,2023-12-28 00:00:00+05:30,1.5,1.5,1.5,1.5,724323
ANTGRAPHIC,2023-12-29 00:00:00+05:30,1.55,1.55,1.45,1.45,3827995
ANTGRAPHIC,2024-01-01 00:00:00+05:30,1.5,1.5,1.45,1.5,1054108
ANTGRAPHIC,2024-01-02 00:00:00+05:30,1.55,1.55,1.55,1.55,703535
ANTGRAPHIC,2024-01-03 00:00:00+05:30,1.6,1.6,1.6,1.6,589622
ANTGRAPHIC,2024-01-04 00:00:00+05:30,1.65,1.65,1.65,1.65,347725
ANTGRAPHIC,2024-01-05 00:00:00+05:30,1.7,1.7,1.7,1.7,422138
ANTGRAPHIC,2024-01-08 00:00:00+05:30,1.75,1.75,1.75,1.75,506814
ANTGRAPHIC,2024-01-09 00:00:00+05:30,1.7,1.8,1.7,1.8,2413914
ANTGRAPHIC,2024-01-10 00:00:00+05:30,1.8,1.8,1.75,1.75,1465884
ANTGRAPHIC,2024-01-11 00:00:00+05:30,1.7,1.7,1.7,1.7,628442
ANTGRAPHIC,2024-01-12 00:00:00+05:30,1.65,1.65,1.65,1.65,533950
ANTGRAPHIC,2024-01-15 00:00:00+05:30,1.6,1.6,1.6,1.6,455406
ANTGRAPHIC,2024-01-16 00:00:00+05:30,1.55,1.55,1.55,1.55,451184
ANTGRAPHIC,2024-01-17 00:00:00+05:30,1.5,1.5,1.5,1.5,275360
ANTGRAPHIC,2024-01-18 00:00:00+05:30,1.45,1.45,1.45,1.45,357546
ANTGRAPHIC,2024-01-19 00:00:00+05:30,1.4,1.4,1.4,1.4,371935
ANTGRAPHIC,2024-01-20 00:00:00+05:30,1.35,1.35,1.35,1.35,423898
ANTGRAPHIC,2024-01-23 00:00:00+05:30,1.35,1.35,1.3,1.3,687944
ANTGRAPHIC,2024-01-24 00:00:00+05:30,1.3,1.3,1.25,1.25,393708
ANTGRAPHIC,2024-01-25 00:00:00+05:30,1.25,1.25,1.25,1.25,412902
ANTGRAPHIC,2024-01-29 00:00:00+05:30,1.3,1.3,1.3,1.3,304716
ANTGRAPHIC,2024-01-30 00:00:00+05:30,1.35,1.35,1.35,1.35,202839
ANTGRAPHIC,2024-01-31 00:00:00+05:30,1.4,1.4,1.4,1.4,1115639
ANTGRAPHIC,2024-02-01 00:00:00+05:30,1.45,1.45,1.45,1.45,452014
ANTGRAPHIC,2024-02-02 00:00:00+05:30,1.5,1.5,1.5,1.5,373119
ANTGRAPHIC,2024-02-05 00:00:00+05:30,1.55,1.55,1.55,1.55,326480
ANTGRAPHIC,2024-02-06 00:00:00+05:30,1.6,1.6,1.6,1.6,389541
ANTGRAPHIC,2024-02-07 00:00:00+05:30,1.65,1.65,1.65,1.65,743487
ANTGRAPHIC,2024-02-08 00:00:00+05:30,1.7,1.7,1.7,1.7,821307
ANTGRAPHIC,2024-02-09 00:00:00+05:30,1.65,1.65,1.65,1.65,848870
ANTGRAPHIC,2024-02-12 00:00:00+05:30,1.6,1.6,1.6,1.6,196418
ANTGRAPHIC,2024-02-13 00:00:00+05:30,1.55,1.55,1.55,1.55,176559
ANTGRAPHIC,2024-02-14 00:00:00+05:30,1.5,1.5,1.5,1.5,173414
ANTGRAPHIC,2024-02-15 00:00:00+05:30,1.45,1.45,1.45,1.45,147407
ANTGRAPHIC,2024-02-16 00:00:00+05:30,1.45,1.5,1.45,1.5,765187
ANTGRAPHIC,2024-02-19 00:00:00+05:30,1.55,1.55,1.55,1.55,961316
ANTGRAPHIC,2024-02-20 00:00:00+05:30,1.6,1.6,1.6,1.6,859853
ANTGRAPHIC,2024-02-21 00:00:00+05:30,1.65,1.65,1.65,1.65,691083
ANTGRAPHIC,2024-02-22 00:00:00+05:30,1.7,1.7,1.6,1.6,1258296
ANTGRAPHIC,2024-02-23 00:00:00+05:30,1.55,1.55,1.55,1.55,348686
ANTGRAPHIC,2024-02-26 00:00:00+05:30,1.5,1.5,1.5,1.5,403903
ANTGRAPHIC,2024-02-27 00:00:00+05:30,1.45,1.55,1.45,1.55,3576735
ANTGRAPHIC,2024-02-28 00:00:00+05:30,1.6,1.6,1.5,1.6,1655347
ANTGRAPHIC,2024-02-29 00:00:00+05:30,1.65,1.65,1.6,1.65,2158292
ANTGRAPHIC,2024-03-01 00:00:00+05:30,1.65,1.7,1.65,1.7,1868247
ANTGRAPHIC,2024-03-02 00:00:00+05:30,1.75,1.75,1.7,1.75,1550986
ANTGRAPHIC,2024-03-04 00:00:00+05:30,1.8,1.8,1.75,1.8,1941644
ANTGRAPHIC,2024-03-05 00:00:00+05:30,1.85,1.85,1.85,1.85,2084630
ANTGRAPHIC,2024-03-06 00:00:00+05:30,1.9,1.9,1.9,1.9,1152867
ANTGRAPHIC,2024-03-07 00:00:00+05:30,1.95,1.95,1.95,1.95,636572
ANTGRAPHIC,2024-03-11 00:00:00+05:30,1.95,1.95,1.9,1.9,779174
ANTGRAPHIC,2024-03-12 00:00:00+05:30,1.85,1.85,1.85,1.85,83032
ANTGRAPHIC,2024-03-13 00:00:00+05:30,1.8,1.8,1.8,1.8,23905
ANTGRAPHIC,2024-03-14 00:00:00+05:30,1.75,1.75,1.75,1.75,282077
ANTGRAPHIC,2024-03-15 00:00:00+05:30,1.7,1.7,1.7,1.7,35641
ANTGRAPHIC,2024-03-18 00:00:00+05:30,1.65,1.65,1.65,1.65,84255
ANTGRAPHIC,2024-03-19 00:00:00+05:30,1.6,1.6,1.6,1.6,128349
ANTGRAPHIC,2024-03-20 00:00:00+05:30,1.55,1.55,1.55,1.55,26923
ANTGRAPHIC,2024-03-21 00:00:00+05:30,1.5,1.5,1.5,1.5,252173
ANTGRAPHIC,2024-03-22 00:00:00+05:30,1.45,1.45,1.45,1.45,487774
ANTGRAPHIC,2024-03-26 00:00:00+05:30,1.5,1.5,1.5,1.5,1128393
ANTGRAPHIC,2024-03-27 00:00:00+05:30,1.55,1.55,1.45,1.55,679601
ANTGRAPHIC,2024-03-28 00:00:00+05:30,1.6,1.6,1.6,1.6,264459
ANTGRAPHIC,2024-04-01 00:00:00+05:30,1.6,1.65,1.6,1.65,292785
ANTGRAPHIC,2024-04-02 00:00:00+05:30,1.65,1.65,1.65,1.65,262764
ANTGRAPHIC,2024-04-03 00:00:00+05:30,1.65,1.65,1.6,1.6,188879
ANTGRAPHIC,2024-04-04 00:00:00+05:30,1.55,1.55,1.55,1.55,461606
ANTGRAPHIC,2024-04-05 00:00:00+05:30,1.5,1.5,1.5,1.5,250910
ANTGRAPHIC,2024-04-08 00:00:00+05:30,1.45,1.45,1.45,1.45,517507
ANTGRAPHIC,2024-04-09 00:00:00+05:30,1.4,1.5,1.4,1.5,403454
ANTGRAPHIC,2024-04-10 00:00:00+05:30,1.5,1.5,1.45,1.45,125657
ANTGRAPHIC,2024-04-12 00:00:00+05:30,1.45,1.45,1.4,1.4,162885
ANTGRAPHIC,2024-04-15 00:00:00+05:30,1.35,1.45,1.35,1.45,845417
ANTGRAPHIC,2024-04-16 00:00:00+05:30,1.5,1.5,1.45,1.5,812572
ANTGRAPHIC,2024-04-18 00:00:00+05:30,1.55,1.55,1.5,1.5,785219
ANTGRAPHIC,2024-04-19 00:00:00+05:30,1.5,1.5,1.45,1.45,374920
ANTGRAPHIC,2024-04-22 00:00:00+05:30,1.5,1.5,1.4,1.5,620752
ANTGRAPHIC,2024-04-23 00:00:00+05:30,1.55,1.55,1.45,1.55,880726
ANTGRAPHIC,2024-04-24 00:00:00+05:30,1.55,1.6,1.5,1.55,995237
ANTGRAPHIC,2024-04-25 00:00:00+05:30,1.55,1.6,1.5,1.6,1674947
ANTGRAPHIC,2024-04-26 00:00:00+05:30,1.6,1.6,1.55,1.55,667671
ANTGRAPHIC,2024-04-29 00:00:00+05:30,1.5,1.5,1.5,1.5,316094
ANTGRAPHIC,2024-04-30 00:00:00+05:30,1.45,1.45,1.45,1.45,628969
ANTGRAPHIC,2024-05-02 00:00:00+05:30,1.4,1.4,1.4,1.4,661280
ANTGRAPHIC,2024-05-03 00:00:00+05:30,1.4,1.45,1.35,1.45,783341
ANTGRAPHIC,2024-05-06 00:00:00+05:30,1.5,1.5,1.45,1.5,3942112
ANTGRAPHIC,2024-05-07 00:00:00+05:30,1.5,1.55,1.45,1.55,5107390
ANTGRAPHIC,2024-05-08 00:00:00+05:30,1.55,1.6,1.5,1.55,978086
ANTGRAPHIC,2024-05-09 00:00:00+05:30,1.55,1.55,1.5,1.55,1215657
ANTGRAPHIC,2024-05-10 00:00:00+05:30,1.55,1.6,1.5,1.5,1527707
ANTGRAPHIC,2024-05-13 00:00:00+05:30,1.55,1.55,1.45,1.55,433129
ANTGRAPHIC,2024-05-14 00:00:00+05:30,1.55,1.55,1.5,1.55,757911
ANTGRAPHIC,2024-05-15 00:00:00+05:30,1.55,1.55,1.5,1.5,285685
ANTGRAPHIC,2024-05-16 00:00:00+05:30,1.5,1.5,1.45,1.5,558021
ANTGRAPHIC,2024-05-17 00:00:00+05:30,1.5,1.5,1.45,1.5,370431
ANTGRAPHIC,2024-05-18 00:00:00+05:30,1.5,1.55,1.45,1.5,717378
ANTGRAPHIC,2024-05-21 00:00:00+05:30,1.5,1.5,1.45,1.5,569525
ANTGRAPHIC,2024-05-22 00:00:00+05:30,1.5,1.5,1.45,1.45,657671
ANTGRAPHIC,2024-05-23 00:00:00+05:30,1.45,1.5,1.4,1.45,887569
ANTGRAPHIC,2024-05-24 00:00:00+05:30,1.45,1.5,1.4,1.5,478936
ANTGRAPHIC,2024-05-27 00:00:00+05:30,1.5,1.55,1.45,1.5,1751080
ANTGRAPHIC,2024-05-28 00:00:00+05:30,1.5,1.55,1.45,1.55,1162013
ANTGRAPHIC,2024-05-29 00:00:00+05:30,1.55,1.55,1.5,1.5,1268433
ANTGRAPHIC,2024-05-30 00:00:00+05:30,1.5,1.55,1.45,1.55,1215643
ANTGRAPHIC,2024-05-31 00:00:00+05:30,1.6,1.6,1.5,1.6,1275732
ANTGRAPHIC,2024-06-03 00:00:00+05:30,1.6,1.65,1.55,1.6,1843233
ANTGRAPHIC,2024-06-04 00:00:00+05:30,1.6,1.6,1.55,1.55,280682
ANTGRAPHIC,2024-06-05 00:00:00+05:30,1.5,1.55,1.5,1.55,1266488
ANTGRAPHIC,2024-06-06 00:00:00+05:30,1.55,1.55,1.5,1.55,582337
ANTGRAPHIC,2024-06-07 00:00:00+05:30,1.55,1.55,1.45,1.5,922637
ANTGRAPHIC,2024-06-10 00:00:00+05:30,1.5,1.64,1.43,1.45,2013769
ANTGRAPHIC,2024-06-11 00:00:00+05:30,1.49,1.5,1.46,1.47,986270
ANTGRAPHIC,2024-06-12 00:00:00+05:30,1.49,1.49,1.46,1.48,729141
ANTGRAPHIC,2024-06-13 00:00:00+05:30,1.51,1.55,1.46,1.53,8761489
ANTGRAPHIC,2024-06-14 00:00:00+05:30,1.58,1.58,1.51,1.54,1021688
ANTGRAPHIC,2024-06-18 00:00:00+05:30,1.58,1.6,1.54,1.58,1036287
ANTGRAPHIC,2024-06-19 00:00:00+05:30,1.53,1.58,1.52,1.54,1297196
ANTGRAPHIC,2024-06-20 00:00:00+05:30,1.54,1.55,1.5,1.5,1601692
ANTGRAPHIC,2024-06-21 00:00:00+05:30,1.52,1.52,1.46,1.49,490983
ANTGRAPHIC,2024-06-24 00:00:00+05:30,1.51,1.51,1.49,1.5,524360
ANTGRAPHIC,2024-06-25 00:00:00+05:30,1.51,1.53,1.49,1.49,1014216
ANTGRAPHIC,2024-06-26 00:00:00+05:30,1.49,1.51,1.47,1.48,715573
ANTGRAPHIC,2024-06-27 00:00:00+05:30,1.49,1.51,1.48,1.5,481926
ANTGRAPHIC,2024-06-28 00:00:00+05:30,1.51,1.51,1.49,1.5,643054
ANTGRAPHIC,2024-07-01 00:00:00+05:30,1.5,1.51,1.46,1.5,804466
ANTGRAPHIC,2024-07-02 00:00:00+05:30,1.51,1.53,1.49,1.52,1951418
ANTGRAPHIC,2024-07-03 00:00:00+05:30,1.53,1.57,1.51,1.52,1935039
ANTGRAPHIC,2024-07-04 00:00:00+05:30,1.53,1.53,1.49,1.51,1209780
ANTGRAPHIC,2024-07-05 00:00:00+05:30,1.52,1.54,1.5,1.51,1384054
ANTGRAPHIC,2024-07-08 00:00:00+05:30,1.53,1.53,1.5,1.5,702059
ANTGRAPHIC,2024-07-09 00:00:00+05:30,1.5,1.51,1.47,1.48,829731
ANTGRAPHIC,2024-07-10 00:00:00+05:30,1.48,1.5,1.46,1.47,2875861
ANTGRAPHIC,2024-07-11 00:00:00+05:30,1.48,1.48,1.45,1.47,898364
ANTGRAPHIC,2024-07-12 00:00:00+05:30,1.47,1.48,1.45,1.47,1516209
ANTGRAPHIC,2024-07-15 00:00:00+05:30,1.46,1.47,1.4,1.42,1178586
ANTGRAPHIC,2024-07-16 00:00:00+05:30,1.43,1.45,1.4,1.41,1049295
ANTGRAPHIC,2024-07-18 00:00:00+05:30,1.41,1.43,1.39,1.42,1495673
ANTGRAPHIC,2024-07-19 00:00:00+05:30,1.42,1.45,1.4,1.42,760101
ANTGRAPHIC,2024-07-22 00:00:00+05:30,1.43,1.45,1.42,1.44,636008
ANTGRAPHIC,2024-07-23 00:00:00+05:30,1.44,1.45,1.42,1.43,686794
ANTGRAPHIC,2024-07-24 00:00:00+05:30,1.44,1.57,1.43,1.56,3411359
ANTGRAPHIC,2024-07-25 00:00:00+05:30,1.62,1.71,1.62,1.7,8395748
ANTGRAPHIC,2024-07-26 00:00:00+05:30,1.79,1.87,1.77,1.86,12482538
ANTGRAPHIC,2024-07-29 00:00:00+05:30,1.9,1.93,1.76,1.76,10400707
ANTGRAPHIC,2024-07-30 00:00:00+05:30,1.75,1.75,1.67,1.67,1149544
ANTGRAPHIC,2024-07-31 00:00:00+05:30,1.58,1.58,1.58,1.58,1309168
ANTGRAPHIC,2024-08-01 00:00:00+05:30,1.5,1.62,1.5,1.5,3417765
ANTGRAPHIC,2024-08-02 00:00:00+05:30,1.53,1.57,1.53,1.56,3036258
ANTGRAPHIC,2024-08-05 00:00:00+05:30,1.53,1.58,1.48,1.48,2961906
ANTGRAPHIC,2024-08-06 00:00:00+05:30,1.51,1.55,1.48,1.53,2613392
ANTGRAPHIC,2024-08-07 00:00:00+05:30,1.55,1.6,1.53,1.59,3942774
ANTGRAPHIC,2024-08-08 00:00:00+05:30,1.6,1.63,1.51,1.51,4985507
ANTGRAPHIC,2024-08-09 00:00:00+05:30,1.53,1.54,1.43,1.49,3219837
ANTGRAPHIC,2024-08-12 00:00:00+05:30,1.52,1.52,1.41,1.48,1571718
ANTGRAPHIC,2024-08-13 00:00:00+05:30,1.51,1.51,1.47,1.49,952373
ANTGRAPHIC,2024-08-14 00:00:00+05:30,1.5,1.54,1.42,1.49,1847324
ANTGRAPHIC,2024-08-16 00:00:00+05:30,1.52,1.53,1.42,1.5,1602886
ANTGRAPHIC,2024-08-19 00:00:00+05:30,1.54,1.57,1.51,1.56,3327714
ANTGRAPHIC,2024-08-20 00:00:00+05:30,1.58,1.63,1.57,1.62,2770246
ANTGRAPHIC,2024-08-21 00:00:00+05:30,1.66,1.7,1.64,1.69,4486690
ANTGRAPHIC,2024-08-22 00:00:00+05:30,1.75,1.77,1.72,1.77,4304489
ANTGRAPHIC,2024-08-23 00:00:00+05:30,1.84,1.85,1.84,1.85,2846005
ANTGRAPHIC,2024-08-26 00:00:00+05:30,1.94,1.94,1.94,1.94,1898509
ANTGRAPHIC,2024-08-27 00:00:00+05:30,2.03,2.03,2.03,2.03,973237
ANTGRAPHIC,2024-08-28 00:00:00+05:30,2.13,2.13,2.13,2.13,432761
ANTGRAPHIC,2024-08-29 00:00:00+05:30,2.23,2.23,2.23,2.23,409717
ANTGRAPHIC,2024-08-30 00:00:00+05:30,2.34,2.34,2.34,2.34,680412
ANTGRAPHIC,2024-09-02 00:00:00+05:30,2.33,2.33,2.22,2.22,4345323
ANTGRAPHIC,2024-09-03 00:00:00+05:30,2.1,2.33,2.1,2.1,7336959
ANTGRAPHIC,2024-09-04 00:00:00+05:30,1.99,1.99,1.99,1.99,632154
ANTGRAPHIC,2024-09-05 00:00:00+05:30,1.89,1.89,1.89,1.89,456042
ANTGRAPHIC,2024-09-06 00:00:00+05:30,1.8,1.98,1.8,1.98,1694596
ANTGRAPHIC,2024-09-09 00:00:00+05:30,2.07,2.07,2.07,2.07,1475071
ANTGRAPHIC,2024-09-10 00:00:00+05:30,2.17,2.17,2.17,2.17,494570
ANTGRAPHIC,2024-09-11 00:00:00+05:30,2.27,2.27,2.06,2.27,5000363
ANTGRAPHIC,2024-09-12 00:00:00+05:30,2.37,2.38,2.15,2.37,3667822
ANTGRAPHIC,2024-09-13 00:00:00+05:30,2.45,2.48,2.35,2.47,3456884
ANTGRAPHIC,2024-09-16 00:00:00+05:30,2.42,2.42,2.42,2.42,909251
ANTGRAPHIC,2024-09-17 00:00:00+05:30,2.37,2.37,2.37,2.37,215324
ANTGRAPHIC,2024-09-18 00:00:00+05:30,2.32,2.32,2.32,2.32,132357
ANTGRAPHIC,2024-09-19 00:00:00+05:30,2.27,2.27,2.27,2.27,138989
ANTGRAPHIC,2024-09-20 00:00:00+05:30,2.22,2.22,2.22,2.22,121814
ANTGRAPHIC,2024-09-23 00:00:00+05:30,2.17,2.17,2.17,2.17,171195
ANTGRAPHIC,2024-09-24 00:00:00+05:30,2.12,2.12,2.12,2.12,61498
ANTGRAPHIC,2024-09-25 00:00:00+05:30,2.07,2.07,2.07,2.07,249709
ANTGRAPHIC,2024-09-26 00:00:00+05:30,2.02,2.02,2.02,2.02,146975
ANTGRAPHIC,2024-09-27 00:00:00+05:30,1.97,1.97,1.97,1.97,227355
ANTGRAPHIC,2024-09-30 00:00:00+05:30,2.0,2.0,2.0,2.0,1760339
ANTGRAPHIC,2024-10-01 00:00:00+05:30,2.04,2.04,2.02,2.02,931167
ANTGRAPHIC,2024-10-03 00:00:00+05:30,2.02,2.02,1.97,1.97,435518
ANTGRAPHIC,2024-10-04 00:00:00+05:30,1.93,1.93,1.93,1.93,623722
ANTGRAPHIC,2024-10-07 00:00:00+05:30,1.89,1.89,1.89,1.89,98667
ANTGRAPHIC,2024-10-08 00:00:00+05:30,1.85,1.85,1.85,1.85,229553
ANTGRAPHIC,2024-10-09 00:00:00+05:30,1.88,1.88,1.88,1.88,460822
ANTGRAPHIC,2024-10-10 00:00:00+05:30,1.88,1.88,1.84,1.84,347545
ANTGRAPHIC,2024-10-11 00:00:00+05:30,1.87,1.87,1.87,1.87,321045
ANTGRAPHIC,2024-10-14 00:00:00+05:30,1.9,1.9,1.9,1.9,794288
ANTGRAPHIC,2024-10-15 00:00:00+05:30,1.89,1.89,1.86,1.87,246681
ANTGRAPHIC,2024-10-16 00:00:00+05:30,1.89,1.9,1.89,1.89,553443
ANTGRAPHIC,2024-10-17 00:00:00+05:30,1.89,1.89,1.87,1.89,263740
ANTGRAPHIC,2024-10-18 00:00:00+05:30,1.89,1.9,1.86,1.9,244615
ANTGRAPHIC,2024-10-21 00:00:00+05:30,1.99,1.99,1.85,1.86,939846
ANTGRAPHIC,2024-10-22 00:00:00+05:30,1.83,1.9,1.76,1.76,319316
ANTGRAPHIC,2024-10-23 00:00:00+05:30,1.67,1.67,1.67,1.67,307737
ANTGRAPHIC,2024-10-24 00:00:00+05:30,1.58,1.58,1.58,1.58,257379
ANTGRAPHIC,2024-10-25 00:00:00+05:30,1.5,1.5,1.5,1.5,437616
ANTGRAPHIC,2024-10-28 00:00:00+05:30,1.42,1.57,1.42,1.45,1131424
ANTGRAPHIC,2024-10-29 00:00:00+05:30,1.45,1.52,1.42,1.52,272590
ANTGRAPHIC,2024-10-30 00:00:00+05:30,1.59,1.59,1.59,1.59,260513
ANTGRAPHIC,2024-10-31 00:00:00+05:30,1.66,1.66,1.66,1.66,231444
ANTGRAPHIC,2024-11-01 00:00:00+05:30,1.73,1.74,1.72,1.74,508522
ANTGRAPHIC,2024-11-04 00:00:00+05:30,1.82,1.82,1.65,1.81,1998451
ANTGRAPHIC,2024-11-05 00:00:00+05:30,1.77,1.77,1.77,1.77,151733
ANTGRAPHIC,2024-11-06 00:00:00+05:30,1.73,1.73,1.73,1.73,278384
ANTGRAPHIC,2024-11-07 00:00:00+05:30,1.72,1.72,1.69,1.69,148214
ANTGRAPHIC,2024-11-08 00:00:00+05:30,1.65,1.65,1.65,1.65,94419
ANTGRAPHIC,2024-11-11 00:00:00+05:30,1.65,1.65,1.61,1.61,200808
ANTGRAPHIC,2024-11-12 00:00:00+05:30,1.57,1.57,1.57,1.57,65793
ANTGRAPHIC,2024-11-13 00:00:00+05:30,1.57,1.57,1.53,1.53,105503
ANTGRAPHIC,2024-11-14 00:00:00+05:30,1.53,1.53,1.49,1.49,183858
ANTGRAPHIC,2024-11-18 00:00:00+05:30,1.49,1.49,1.46,1.46,139527
ANTGRAPHIC,2024-11-19 00:00:00+05:30,1.45,1.45,1.44,1.44,309699
ANTGRAPHIC,2024-11-21 00:00:00+05:30,1.46,1.46,1.46,1.46,115019
ANTGRAPHIC,2024-11-22 00:00:00+05:30,1.48,1.48,1.48,1.48,75967
ANTGRAPHIC,2024-11-25 00:00:00+05:30,1.48,1.5,1.48,1.5,93799
ANTGRAPHIC,2024-11-26 00:00:00+05:30,1.5,1.53,1.5,1.53,134711
ANTGRAPHIC,2024-11-27 00:00:00+05:30,1.53,1.53,1.49,1.49,186988
ANTGRAPHIC,2024-11-28 00:00:00+05:30,1.46,1.46,1.46,1.46,146624
ANTGRAPHIC,2024-11-29 00:00:00+05:30,1.45,1.45,1.43,1.43,194539
ANTGRAPHIC,2024-12-02 00:00:00+05:30,1.4,1.41,1.4,1.4,457830
ANTGRAPHIC,2024-12-03 00:00:00+05:30,1.41,1.42,1.41,1.42,226817
ANTGRAPHIC,2024-12-04 00:00:00+05:30,1.43,1.44,1.43,1.44,146229
ANTGRAPHIC,2024-12-05 00:00:00+05:30,1.44,1.44,1.44,1.44,113752
ANTGRAPHIC,2024-12-06 00:00:00+05:30,1.44,1.44,1.44,1.44,145377
ANTGRAPHIC,2024-12-09 00:00:00+05:30,1.51,1.51,1.51,1.51,143720
ANTGRAPHIC,2024-12-10 00:00:00+05:30,1.58,1.58,1.55,1.58,467255
ANTGRAPHIC,2024-12-11 00:00:00+05:30,1.59,1.65,1.5,1.63,830402
ANTGRAPHIC,2024-12-12 00:00:00+05:30,1.61,1.71,1.55,1.7,1076519
ANTGRAPHIC,2024-12-13 00:00:00+05:30,1.74,1.78,1.62,1.72,839471
ANTGRAPHIC,2024-12-16 00:00:00+05:30,1.74,1.75,1.63,1.63,794294
ANTGRAPHIC,2024-12-17 00:00:00+05:30,1.54,1.58,1.54,1.54,744961
ANTGRAPHIC,2024-12-18 00:00:00+05:30,1.52,1.61,1.5,1.6,657429
ANTGRAPHIC,2024-12-19 00:00:00+05:30,1.52,1.57,1.52,1.53,336191
ANTGRAPHIC,2024-12-20 00:00:00+05:30,1.52,1.57,1.46,1.54,344172
ANTGRAPHIC,2024-12-23 00:00:00+05:30,1.52,1.58,1.46,1.46,1259499
ANTGRAPHIC,2024-12-24 00:00:00+05:30,1.46,1.49,1.43,1.47,685193
ANTGRAPHIC,2024-12-26 00:00:00+05:30,1.47,1.49,1.39,1.46,2457551
ANTGRAPHIC,2024-12-27 00:00:00+05:30,1.49,1.5,1.4,1.42,937814
ANTGRAPHIC,2024-12-30 00:00:00+05:30,1.42,1.43,1.35,1.37,1299545
ANTGRAPHIC,2024-12-31 00:00:00+05:30,1.38,1.43,1.32,1.42,1020379
ANTGRAPHIC,2025-01-01 00:00:00+05:30,1.46,1.49,1.46,1.49,379589
ANTGRAPHIC,2025-01-02 00:00:00+05:30,1.56,1.56,1.42,1.47,1036289
ANTGRAPHIC,2025-01-03 00:00:00+05:30,1.5,1.5,1.42,1.45,388362
ANTGRAPHIC,2025-01-06 00:00:00+05:30,1.42,1.47,1.39,1.39,320388
ANTGRAPHIC,2025-01-07 00:00:00+05:30,1.42,1.45,1.4,1.45,221624
ANTGRAPHIC,2025-01-08 00:00:00+05:30,1.5,1.51,1.4,1.41,226780
ANTGRAPHIC,2025-01-09 00:00:00+05:30,1.4,1.43,1.34,1.38,393844
ANTGRAPHIC,2025-01-10 00:00:00+05:30,1.41,1.42,1.34,1.35,380074
ANTGRAPHIC,2025-01-13 00:00:00+05:30,1.32,1.37,1.28,1.3,308253
ANTGRAPHIC,2025-01-14 00:00:00+05:30,1.24,1.29,1.23,1.25,445186
ANTGRAPHIC,2025-01-15 00:00:00+05:30,1.29,1.31,1.27,1.31,288319
ANTGRAPHIC,2025-01-16 00:00:00+05:30,1.3,1.37,1.27,1.37,282356
ANTGRAPHIC,2025-01-17 00:00:00+05:30,1.4,1.42,1.33,1.35,361208
ANTGRAPHIC,2025-01-20 00:00:00+05:30,1.36,1.41,1.33,1.39,387894
ANTGRAPHIC,2025-01-21 00:00:00+05:30,1.43,1.44,1.39,1.42,224326
ANTGRAPHIC,2025-01-22 00:00:00+05:30,1.4,1.47,1.34,1.4,396448
ANTGRAPHIC,2025-01-23 00:00:00+05:30,1.4,1.4,1.35,1.38,129920
ANTGRAPHIC,2025-01-24 00:00:00+05:30,1.4,1.44,1.35,1.35,202154
ANTGRAPHIC,2025-01-27 00:00:00+05:30,1.35,1.36,1.29,1.29,292561
ANTGRAPHIC,2025-01-28 00:00:00+05:30,1.3,1.34,1.26,1.27,297218
ANTGRAPHIC,2025-01-29 00:00:00+05:30,1.3,1.33,1.28,1.31,305860
ANTGRAPHIC,2025-01-30 00:00:00+05:30,1.31,1.34,1.27,1.27,229960
ANTGRAPHIC,2025-01-31 00:00:00+05:30,1.3,1.31,1.25,1.27,255584
ANTGRAPHIC,2025-02-01 00:00:00+05:30,1.3,1.32,1.27,1.29,227614
ANTGRAPHIC,2025-02-03 00:00:00+05:30,1.25,1.29,1.25,1.26,226202
ANTGRAPHIC,2025-02-04 00:00:00+05:30,1.24,1.29,1.23,1.28,219740
ANTGRAPHIC,2025-02-05 00:00:00+05:30,1.29,1.29,1.25,1.28,303199
ANTGRAPHIC,2025-02-06 00:00:00+05:30,1.28,1.28,1.25,1.26,142840
ANTGRAPHIC,2025-02-07 00:00:00+05:30,1.26,1.3,1.26,1.26,174728
ANTGRAPHIC,2025-02-10 00:00:00+05:30,1.28,1.29,1.24,1.24,291107
ANTGRAPHIC,2025-02-11 00:00:00+05:30,1.23,1.25,1.22,1.22,153725
ANTGRAPHIC,2025-02-12 00:00:00+05:30,1.24,1.31,1.2,1.3,322519
ANTGRAPHIC,2025-02-13 00:00:00+05:30,1.3,1.34,1.21,1.21,624114
ANTGRAPHIC,2025-02-14 00:00:00+05:30,1.27,1.27,1.13,1.17,457618
ANTGRAPHIC,2025-02-17 00:00:00+05:30,1.17,1.17,1.08,1.09,514970
ANTGRAPHIC,2025-02-18 00:00:00+05:30,1.08,1.11,1.0,1.03,430084
ANTGRAPHIC,2025-02-19 00:00:00+05:30,1.01,1.1,0.99,1.01,540070
ANTGRAPHIC,2025-02-20 00:00:00+05:30,1.04,1.06,1.03,1.06,239492
ANTGRAPHIC,2025-02-21 00:00:00+05:30,1.11,1.11,1.08,1.11,71417
ANTGRAPHIC,2025-02-24 00:00:00+05:30,1.14,1.15,1.05,1.14,407982
ANTGRAPHIC,2025-02-25 00:00:00+05:30,1.16,1.18,1.1,1.17,485055
ANTGRAPHIC,2025-02-27 00:00:00+05:30,1.2,1.2,1.13,1.13,133070
ANTGRAPHIC,2025-02-28 00:00:00+05:30,1.14,1.14,1.07,1.08,225177
ANTGRAPHIC,2025-03-03 00:00:00+05:30,1.1,1.1,1.02,1.02,821514
ANTGRAPHIC,2025-03-04 00:00:00+05:30,1.02,1.04,1.0,1.03,144632
ANTGRAPHIC,2025-03-05 00:00:00+05:30,1.07,1.08,1.02,1.06,222060
ANTGRAPHIC,2025-03-06 00:00:00+05:30,1.1,1.11,1.07,1.08,136966
ANTGRAPHIC,2025-03-07 00:00:00+05:30,1.09,1.12,1.09,1.1,140836
ANTGRAPHIC,2025-03-10 00:00:00+05:30,1.08,1.12,1.05,1.07,143121
ANTGRAPHIC,2025-03-11 00:00:00+05:30,1.07,1.12,1.04,1.06,149655
ANTGRAPHIC,2025-03-12 00:00:00+05:30,1.06,1.1,1.03,1.03,216424
ANTGRAPHIC,2025-03-13 00:00:00+05:30,1.07,1.08,1.01,1.06,139674
ANTGRAPHIC,2025-03-17 00:00:00+05:30,1.09,1.09,1.06,1.07,161717
ANTGRAPHIC,2025-03-18 00:00:00+05:30,1.11,1.11,1.04,1.04,401675
ANTGRAPHIC,2025-03-19 00:00:00+05:30,1.05,1.07,1.03,1.04,266208
ANTGRAPHIC,2025-03-20 00:00:00+05:30,1.02,1.06,1.02,1.03,461105
ANTGRAPHIC,2025-03-21 00:00:00+05:30,1.05,1.05,1.03,1.04,221951
ANTGRAPHIC,2025-03-24 00:00:00+05:30,1.07,1.09,1.05,1.09,542230
ANTGRAPHIC,2025-03-25 00:00:00+05:30,1.1,1.13,1.05,1.09,341733
ANTGRAPHIC,2025-03-26 00:00:00+05:30,1.06,1.14,1.03,1.05,730706
ANTGRAPHIC,2025-03-27 00:00:00+05:30,1.07,1.08,0.99,1.0,1132239
ANTGRAPHIC,2025-03-28 00:00:00+05:30,1.0,1.03,0.99,1.01,342594
ANTGRAPHIC,2025-04-01 00:00:00+05:30,1.03,1.04,0.99,1.01,306832
ANTGRAPHIC,2025-04-02 00:00:00+05:30,1.0,1.03,1.0,1.02,118071
ANTGRAPHIC,2025-04-03 00:00:00+05:30,1.0,1.04,1.0,1.02,201117
ANTGRAPHIC,2025-04-04 00:00:00+05:30,1.03,1.03,1.01,1.01,144269
ANTGRAPHIC,2025-04-07 00:00:00+05:30,0.93,0.99,0.93,0.97,259386
ANTGRAPHIC,2025-04-08 00:00:00+05:30,1.0,1.03,0.99,1.01,73340
ANTGRAPHIC,2025-04-09 00:00:00+05:30,1.03,1.04,1.01,1.02,229767
ANTGRAPHIC,2025-04-11 00:00:00+05:30,1.02,1.04,1.0,1.0,167490
ANTGRAPHIC,2025-04-15 00:00:00+05:30,1.03,1.04,1.01,1.01,161168
ANTGRAPHIC,2025-04-16 00:00:00+05:30,1.03,1.03,1.01,1.02,61197
ANTGRAPHIC,2025-04-17 00:00:00+05:30,1.01,1.04,1.01,1.01,196479
ANTGRAPHIC,2025-04-21 00:00:00+05:30,0.98,1.03,0.98,1.02,219443
ANTGRAPHIC,2025-04-22 00:00:00+05:30,1.02,1.03,1.01,1.02,162274
ANTGRAPHIC,2025-04-23 00:00:00+05:30,1.07,1.07,1.04,1.05,389096
ANTGRAPHIC,2025-04-24 00:00:00+05:30,1.07,1.07,1.04,1.05,257956
ANTGRAPHIC,2025-04-25 00:00:00+05:30,1.06,1.08,1.0,1.03,772687
ANTGRAPHIC,2025-04-28 00:00:00+05:30,1.03,1.06,1.02,1.02,142500
ANTGRAPHIC,2025-04-29 00:00:00+05:30,1.02,1.04,0.99,1.0,521705
ANTGRAPHIC,2025-04-30 00:00:00+05:30,0.98,1.04,0.98,1.01,336707
ANTGRAPHIC,2025-05-02 00:00:00+05:30,1.01,1.04,1.0,1.0,144830
ANTGRAPHIC,2025-05-05 00:00:00+05:30,1.0,1.05,1.0,1.0,114532
ANTGRAPHIC,2025-05-06 00:00:00+05:30,1.02,1.04,1.0,1.0,172339
ANTGRAPHIC,2025-05-07 00:00:00+05:30,0.97,1.02,0.97,0.98,311009
ANTGRAPHIC,2025-05-08 00:00:00+05:30,1.02,1.02,0.97,0.98,168015
ANTGRAPHIC,2025-05-09 00:00:00+05:30,0.97,1.01,0.94,0.95,221472
ANTGRAPHIC,2025-05-12 00:00:00+05:30,1.01,1.02,0.97,1.0,184556
ANTGRAPHIC,2025-05-13 00:00:00+05:30,1.0,1.02,0.97,0.97,509943
ANTGRAPHIC,2025-05-14 00:00:00+05:30,0.98,1.05,0.98,1.01,587721
ANTGRAPHIC,2025-05-15 00:00:00+05:30,1.01,1.03,1.0,1.01,308183
ANTGRAPHIC,2025-05-16 00:00:00+05:30,1.03,1.03,0.99,1.0,288421
ANTGRAPHIC,2025-05-19 00:00:00+05:30,1.03,1.03,0.99,1.0,512708
ANTGRAPHIC,2025-05-20 00:00:00+05:30,1.0,1.02,1.0,1.0,208378
ANTGRAPHIC,2025-05-21 00:00:00+05:30,1.02,1.02,0.99,0.99,144445
ANTGRAPHIC,2025-05-22 00:00:00+05:30,0.97,1.01,0.97,1.0,296590
ANTGRAPHIC,2025-05-23 00:00:00+05:30,1.01,1.04,1.0,1.02,383906
ANTGRAPHIC,2025-05-26 00:00:00+05:30,1.03,1.04,1.01,1.03,185915
ANTGRAPHIC,2025-05-27 00:00:00+05:30,1.03,1.05,1.02,1.03,132671
ANTGRAPHIC,2025-05-28 00:00:00+05:30,1.04,1.05,1.02,1.04,357069
ANTGRAPHIC,2025-05-29 00:00:00+05:30,1.07,1.08,1.04,1.06,609618
ANTGRAPHIC,2025-05-30 00:00:00+05:30,1.05,1.07,1.03,1.05,507884
ANTGRAPHIC,2025-06-02 00:00:00+05:30,1.05,1.13,1.02,1.07,514664
ANTGRAPHIC,2025-06-03 00:00:00+05:30,1.08,1.13,1.06,1.07,419771
ANTGRAPHIC,2025-06-04 00:00:00+05:30,1.09,1.11,1.05,1.06,288852
ANTGRAPHIC,2025-06-05 00:00:00+05:30,1.06,1.1,1.05,1.06,444961
ANTGRAPHIC,2025-06-06 00:00:00+05:30,1.06,1.1,1.05,1.07,370861
ANTGRAPHIC,2025-06-09 00:00:00+05:30,1.11,1.25,1.08,1.22,1500290
ANTGRAPHIC,2025-06-10 00:00:00+05:30,1.26,1.37,1.23,1.26,1546808
ANTGRAPHIC,2025-06-11 00:00:00+05:30,1.35,1.51,1.22,1.51,4301906
ANTGRAPHIC,2025-06-12 00:00:00+05:30,1.62,1.62,1.35,1.38,4379857
ANTGRAPHIC,2025-06-13 00:00:00+05:30,1.37,1.41,1.3,1.38,834892
ANTGRAPHIC,2025-06-16 00:00:00+05:30,1.42,1.42,1.27,1.28,1105090
ANTGRAPHIC,2025-06-17 00:00:00+05:30,1.31,1.33,1.22,1.24,456476
ANTGRAPHIC,2025-06-18 00:00:00+05:30,1.24,1.36,1.24,1.36,1614399
ANTGRAPHIC,2025-06-19 00:00:00+05:30,1.4,1.4,1.26,1.27,1161229
ANTGRAPHIC,2025-06-20 00:00:00+05:30,1.25,1.28,1.24,1.24,508813
ANTGRAPHIC,2025-06-23 00:00:00+05:30,1.2,1.28,1.17,1.23,560313
ANTGRAPHIC,2025-06-24 00:00:00+05:30,1.23,1.34,1.23,1.27,518404
ANTGRAPHIC,2025-06-25 00:00:00+05:30,1.36,1.38,1.28,1.34,1431153
ANTGRAPHIC,2025-06-26 00:00:00+05:30,1.4,1.4,1.35,1.35,817666
ANTGRAPHIC,2025-06-27 00:00:00+05:30,1.38,1.39,1.33,1.35,435679
ANTGRAPHIC,2025-06-30 00:00:00+05:30,1.34,1.35,1.23,1.3,622794
ANTGRAPHIC,2025-07-01 00:00:00+05:30,1.3,1.36,1.28,1.29,329785
ANTGRAPHIC,2025-07-02 00:00:00+05:30,1.34,1.34,1.29,1.3,379623
ANTGRAPHIC,2025-07-03 00:00:00+05:30,1.34,1.34,1.3,1.3,505226
ANTGRAPHIC,2025-07-04 00:00:00+05:30,1.3,1.34,1.3,1.3,372557
ANTGRAPHIC,2025-07-07 00:00:00+05:30,1.3,1.34,1.22,1.27,861683
ANTGRAPHIC,2025-07-08 00:00:00+05:30,1.25,1.29,1.25,1.26,162473
ANTGRAPHIC,2025-07-09 00:00:00+05:30,1.26,1.28,1.18,1.24,246708
ANTGRAPHIC,2025-07-10 00:00:00+05:30,1.22,1.25,1.22,1.23,152517
ANTGRAPHIC,2025-07-11 00:00:00+05:30,1.26,1.26,1.21,1.22,315528
ANTGRAPHIC,2025-07-14 00:00:00+05:30,1.22,1.23,1.19,1.21,220171
ANTGRAPHIC,2025-07-15 00:00:00+05:30,1.19,1.22,1.17,1.18,341016
ANTGRAPHIC,2025-07-16 00:00:00+05:30,1.2,1.21,1.18,1.18,190411
ANTGRAPHIC,2025-07-17 00:00:00+05:30,1.2,1.24,1.19,1.21,419367
ANTGRAPHIC,2025-07-18 00:00:00+05:30,1.26,1.26,1.21,1.23,274322
ANTGRAPHIC,2025-07-21 00:00:00+05:30,1.23,1.25,1.17,1.2,313139
ANTGRAPHIC,2025-07-22 00:00:00+05:30,1.19,1.23,1.17,1.17,375015
ANTGRAPHIC,2025-07-23 00:00:00+05:30,1.19,1.19,1.15,1.16,113866
ANTGRAPHIC,2025-07-24 00:00:00+05:30,1.15,1.17,1.14,1.14,148315
ANTGRAPHIC,2025-07-25 00:00:00+05:30,1.13,1.14,1.1,1.11,200019
ANTGRAPHIC,2025-07-28 00:00:00+05:30,1.11,1.2,1.06,1.18,348724
ANTGRAPHIC,2025-07-29 00:00:00+05:30,1.2,1.23,1.17,1.19,380919
ANTGRAPHIC,2025-07-30 00:00:00+05:30,1.22,1.22,1.13,1.14,289258
ANTGRAPHIC,2025-07-31 00:00:00+05:30,1.13,1.25,1.13,1.24,770366
ANTGRAPHIC,2025-08-01 00:00:00+05:30,1.25,1.25,1.21,1.21,320366
ANTGRAPHIC,2025-08-04 00:00:00+05:30,1.21,1.21,1.14,1.17,158822
ANTGRAPHIC,2025-08-05 00:00:00+05:30,1.16,1.2,1.15,1.16,182896
ANTGRAPHIC,2025-08-06 00:00:00+05:30,1.18,1.21,1.15,1.16,309219
ANTGRAPHIC,2025-08-07 00:00:00+05:30,1.16,1.25,1.08,1.18,568609
ANTGRAPHIC,2025-08-08 00:00:00+05:30,1.2,1.23,1.14,1.16,147931
ANTGRAPHIC,2025-08-11 00:00:00+05:30,1.17,1.2,1.07,1.13,425884
ANTGRAPHIC,2025-08-12 00:00:00+05:30,1.13,1.17,1.1,1.15,152210
ANTGRAPHIC,2025-08-13 00:00:00+05:30,1.17,1.18,1.11,1.12,110894
ANTGRAPHIC,2025-08-14 00:00:00+05:30,1.16,1.2,1.11,1.14,281262
ANTGRAPHIC,2025-08-18 00:00:00+05:30,1.16,1.22,1.14,1.14,382915
ANTGRAPHIC,2025-08-19 00:00:00+05:30,1.14,1.16,1.14,1.15,93187
ANTGRAPHIC,2025-08-20 00:00:00+05:30,1.14,1.15,1.09,1.12,207537
ANTGRAPHIC,2025-08-21 00:00:00+05:30,1.12,1.14,1.11,1.13,122771
ANTGRAPHIC,2025-08-22 00:00:00+05:30,1.13,1.15,1.12,1.14,66507
ANTGRAPHIC,2025-08-25 00:00:00+05:30,1.12,1.15,1.12,1.12,128275
ANTGRAPHIC,2025-08-26 00:00:00+05:30,1.13,1.14,1.05,1.11,286224
ANTGRAPHIC,2025-08-28 00:00:00+05:30,1.13,1.22,1.09,1.13,484961
ANTGRAPHIC,2025-08-29 00:00:00+05:30,1.14,1.15,1.1,1.14,154237
ANTGRAPHIC,2025-09-01 00:00:00+05:30,1.14,1.15,1.11,1.13,131810
ANTGRAPHIC,2025-09-02 00:00:00+05:30,1.12,1.14,1.11,1.11,147636
ANTGRAPHIC,2025-09-03 00:00:00+05:30,1.11,1.13,1.09,1.1,269739
ANTGRAPHIC,2025-09-04 00:00:00+05:30,1.1,1.12,1.09,1.1,265273
ANTGRAPHIC,2025-09-05 00:00:00+05:30,1.12,1.12,1.1,1.1,86829
ANTGRAPHIC,2025-09-08 00:00:00+05:30,1.1,1.13,1.1,1.1,172073
ANTGRAPHIC,2025-09-09 00:00:00+05:30,1.11,1.12,1.1,1.1,118990
ANTGRAPHIC,2025-09-10 00:00:00+05:30,1.12,1.12,1.09,1.09,279599
ANTGRAPHIC,2025-09-11 00:00:00+05:30,1.09,1.11,1.08,1.08,154919
ANTGRAPHIC,2025-09-12 00:00:00+05:30,1.08,1.1,1.0,1.07,284138
ANTGRAPHIC,2025-09-15 00:00:00+05:30,1.07,1.09,1.05,1.06,127358
ANTGRAPHIC,2025-09-16 00:00:00+05:30,1.06,1.16,1.06,1.11,398596
ANTGRAPHIC,2025-09-17 00:00:00+05:30,1.15,1.15,1.1,1.12,146332
ANTGRAPHIC,2025-09-18 00:00:00+05:30,1.11,1.13,1.1,1.1,85696
ANTGRAPHIC,2025-09-19 00:00:00+05:30,1.1,1.12,1.1,1.11,240312
ANTGRAPHIC,2025-09-22 00:00:00+05:30,1.11,1.12,1.1,1.1,107476
ANTGRAPHIC,2025-09-23 00:00:00+05:30,1.1,1.11,1.08,1.08,136944
ANTGRAPHIC,2025-09-24 00:00:00+05:30,1.09,1.12,1.09,1.09,235776
ANTGRAPHIC,2025-09-25 00:00:00+05:30,1.09,1.11,1.08,1.08,133461
ANTGRAPHIC,2025-09-26 00:00:00+05:30,1.09,1.1,1.07,1.07,166410
ANTGRAPHIC,2025-09-29 00:00:00+05:30,1.07,1.09,1.03,1.05,169257
ANTGRAPHIC,2025-09-30 00:00:00+05:30,1.05,1.09,1.05,1.07,104587
ANTGRAPHIC,2025-10-01 00:00:00+05:30,1.09,1.09,1.06,1.07,201943
ANTGRAPHIC,2025-10-03 00:00:00+05:30,1.09,1.09,1.07,1.08,150093
ANTGRAPHIC,2025-10-06 00:00:00+05:30,1.09,1.09,1.06,1.06,255733
ANTGRAPHIC,2025-10-07 00:00:00+05:30,1.06,1.16,0.98,1.1,572743
ANTGRAPHIC,2025-10-08 00:00:00+05:30,1.1,1.12,1.08,1.1,246920
ANTGRAPHIC,2025-10-09 00:00:00+05:30,1.08,1.11,1.05,1.07,401737
ANTGRAPHIC,2025-10-10 00:00:00+05:30,1.09,1.1,1.07,1.09,153042
ANTGRAPHIC,2025-10-13 00:00:00+05:30,1.09,1.09,1.06,1.07,140990
ANTGRAPHIC,2025-10-14 00:00:00+05:30,1.06,1.08,1.04,1.04,265206
ANTGRAPHIC,2025-10-15 00:00:00+05:30,1.04,1.06,1.04,1.04,149751
ANTGRAPHIC,2025-10-16 00:00:00+05:30,1.06,1.07,1.05,1.05,170890
ANTGRAPHIC,2025-10-17 00:00:00+05:30,1.05,1.09,1.05,1.05,243326
ANTGRAPHIC,2025-10-20 00:00:00+05:30,1.06,1.07,1.04,1.05,166671
ANTGRAPHIC,2025-10-21 00:00:00+05:30,1.05,1.07,1.05,1.06,59297
ANTGRAPHIC,2025-10-23 00:00:00+05:30,1.05,1.08,1.05,1.07,169889
ANTGRAPHIC,2025-10-24 00:00:00+05:30,1.05,1.09,1.05,1.07,97888
ANTGRAPHIC,2025-10-27 00:00:00+05:30,1.07,1.08,1.05,1.06,147710
ANTGRAPHIC,2025-10-28 00:00:00+05:30,1.07,1.08,1.06,1.07,234890
ANTGRAPHIC,2025-10-29 00:00:00+05:30,1.08,1.08,1.05,1.06,87830
ANTGRAPHIC,2025-10-30 00:00:00+05:30,1.05,1.08,1.04,1.05,193912
ANTGRAPHIC,2025-10-31 00:00:00+05:30,1.05,1.06,1.04,1.04,129493
ANTGRAPHIC,2025-11-03 00:00:00+05:30,1.04,1.06,1.03,1.04,138415
ANTGRAPHIC,2025-11-04 00:00:00+05:30,1.05,1.05,0.93,1.01,252061
ANTGRAPHIC,2025-11-06 00:00:00+05:30,1.03,1.11,1.0,1.08,380997
ANTGRAPHIC,2025-11-07 00:00:00+05:30,1.1,1.1,0.95,1.06,346822
ANTGRAPHIC,2025-11-10 00:00:00+05:30,1.07,1.08,1.0,1.05,478802
ANTGRAPHIC,2025-11-11 00:00:00+05:30,1.03,1.07,1.03,1.03,108067
ANTGRAPHIC,2025-11-12 00:00:00+05:30,1.03,1.05,1.01,1.02,185480
ANTGRAPHIC,2025-11-13 00:00:00+05:30,1.04,1.05,1.02,1.03,152783
ANTGRAPHIC,2025-11-14 00:00:00+05:30,1.03,1.04,1.01,1.02,64662
ANTGRAPHIC,2025-11-17 00:00:00+05:30,1.02,1.04,1.02,1.02,91019
ANTGRAPHIC,2025-11-18 00:00:00+05:30,1.02,1.04,1.01,1.01,206071
ANTGRAPHIC,2025-11-19 00:00:00+05:30,1.01,1.04,1.01,1.01,170649
ANTGRAPHIC,2025-11-20 00:00:00+05:30,1.04,1.04,1.01,1.02,150226
ANTGRAPHIC,2025-11-21 00:00:00+05:30,1.03,1.03,1.0,1.01,108862
ANTGRAPHIC,2025-11-24 00:00:00+05:30,1.0,1.02,0.8,0.94,276592
ANTGRAPHIC,2025-11-25 00:00:00+05:30,0.97,1.0,0.95,0.96,223096
ANTGRAPHIC,2025-11-26 00:00:00+05:30,0.99,1.0,0.95,0.99,164606
ANTGRAPHIC,2025-11-27 00:00:00+05:30,0.99,1.0,0.96,0.96,198091
ANTGRAPHIC,2025-11-28 00:00:00+05:30,1.0,1.0,0.95,0.96,213129
