Symbol,Date,Open,High,Low,Close,Volume
BETA,2017-10-12 09:15:00+05:30,97.15,97.15,87.6,97.1,2321714
BETA,2017-10-13 09:16:00+05:30,97.15,108.55,94.3,98.9,752625
BETA,2017-10-16 09:19:00+05:30,99.55,99.65,83.8,88.55,428391
BETA,2017-10-17 09:16:00+05:30,91.45,100.65,89.55,99.2,497270
BETA,2017-10-18 09:15:00+05:30,100.95,102.3,97.6,100.8,159597
BETA,2017-10-23 09:17:00+05:30,101.35,102.65,99.05,101.35,85678
BETA,2017-10-24 09:44:00+05:30,101.85,101.85,100.25,100.55,45359
BETA,2017-10-25 09:15:00+05:30,105.25,105.25,100.0,100.85,65519
BETA,2017-10-26 09:46:00+05:30,100.0,102.4,100.0,101.65,52079
BETA,2017-10-27 09:22:00+05:30,101.15,102.85,100.95,101.7,41999
BETA,2017-10-30 09:27:00+05:30,99.05,103.6,99.05,103.35,47039
BETA,2017-10-31 09:15:00+05:30,105.15,124.0,104.75,124.0,317514
BETA,2017-11-01 09:15:00+05:30,134.95,144.65,126.85,130.7,359513
BETA,2017-11-02 09:53:00+05:30,132.4,133.65,122.95,124.55,68879
BETA,2017-11-03 09:24:00+05:30,122.45,125.6,117.15,123.7,72239
BETA,2017-11-06 09:21:00+05:30,126.65,128.45,112.85,113.6,82318
BETA,2017-11-07 09:27:00+05:30,115.15,120.5,111.7,114.25,41999
BETA,2017-11-08 09:19:00+05:30,108.55,114.1,108.55,110.35,50399
BETA,2017-11-09 09:19:00+05:30,108.25,116.1,108.25,113.65,58799
BETA,2017-11-10 09:17:00+05:30,111.55,116.65,110.55,111.9,25199
BETA,2017-11-13 09:51:00+05:30,111.9,115.7,111.45,113.1,36959
BETA,2017-11-14 09:26:00+05:30,117.05,117.1,111.7,115.55,15120
BETA,2017-11-15 11:07:00+05:30,113.35,114.3,111.55,112.4,13440
BETA,2017-11-16 10:14:00+05:30,110.95,111.45,109.55,109.9,28559
BETA,2017-11-17 09:33:00+05:30,114.25,118.05,111.65,113.3,125997
BETA,2017-11-20 09:46:00+05:30,115.25,118.85,115.25,116.2,45359
BETA,2017-11-21 09:50:00+05:30,120.3,120.3,118.95,119.35,36959
BETA,2017-11-22 10:09:00+05:30,117.4,133.35,117.4,131.15,105838
BETA,2017-11-23 10:19:00+05:30,134.3,142.65,131.45,135.0,110878
BETA,2017-11-24 09:27:00+05:30,139.05,142.5,132.4,133.35,43679
BETA,2017-11-27 09:49:00+05:30,136.2,136.2,132.4,132.4,18480
BETA,2017-11-28 09:38:00+05:30,132.4,156.95,132.4,145.0,260395
BETA,2017-11-29 09:55:00+05:30,146.65,165.7,146.55,162.7,179756
BETA,2017-11-30 09:30:00+05:30,161.9,193.15,161.9,187.45,307434
BETA,2017-12-01 09:18:00+05:30,195.05,206.15,181.45,184.7,173037
BETA,2017-12-04 09:20:00+05:30,182.2,194.6,182.2,182.85,47039
BETA,2017-12-05 09:45:00+05:30,183.75,185.7,177.6,184.9,62159
BETA,2017-12-06 10:54:00+05:30,180.3,185.7,176.2,177.15,30239
BETA,2017-12-07 09:24:00+05:30,176.2,178.1,174.3,174.4,36959
BETA,2017-12-08 11:09:00+05:30,176.15,177.15,173.8,173.8,8400
BETA,2017-12-11 09:40:00+05:30,177.15,177.15,167.7,170.2,26879
BETA,2017-12-12 09:47:00+05:30,168.35,169.7,167.75,168.45,28559
BETA,2017-12-13 09:56:00+05:30,164.85,166.4,157.15,161.6,45359
BETA,2017-12-14 11:13:00+05:30,161.85,161.85,158.65,159.45,13440
BETA,2017-12-15 09:51:00+05:30,164.75,171.45,163.65,168.45,31919
BETA,2017-12-18 09:34:00+05:30,170.0,176.2,170.0,171.45,15120
BETA,2017-12-19 09:56:00+05:30,173.35,188.6,173.35,188.6,33599
BETA,2017-12-20 09:19:00+05:30,191.45,198.75,188.55,188.55,85678
BETA,2017-12-21 09:59:00+05:30,189.15,189.15,179.05,180.35,21840
BETA,2017-12-22 09:22:00+05:30,181.9,184.3,178.2,180.4,40319
BETA,2017-12-26 09:40:00+05:30,182.85,184.75,182.85,183.6,11760
BETA,2017-12-27 10:07:00+05:30,180.95,182.4,171.45,174.0,33599
BETA,2017-12-28 10:12:00+05:30,176.2,178.1,174.3,176.2,16800
BETA,2017-12-29 10:12:00+05:30,175.45,180.95,175.35,178.35,16800
BETA,2018-01-01 10:38:00+05:30,182.85,186.6,180.05,180.95,25199
BETA,2018-01-02 09:55:00+05:30,180.95,180.95,175.25,175.25,3360
BETA,2018-01-03 12:02:00+05:30,180.95,181.9,178.1,180.7,28559
BETA,2018-01-04 09:35:00+05:30,180.95,183.8,177.15,183.8,23520
BETA,2018-01-05 09:34:00+05:30,184.75,190.5,179.1,185.7,55439
BETA,2018-01-08 09:32:00+05:30,185.7,185.7,180.95,181.85,8400
BETA,2018-01-09 09:34:00+05:30,190.5,196.2,187.6,192.6,52079
BETA,2018-01-10 09:17:00+05:30,196.75,196.75,189.7,191.15,36959
BETA,2018-01-11 12:32:00+05:30,187.85,187.85,187.1,187.1,6720
BETA,2018-01-12 10:55:00+05:30,185.7,185.7,184.75,185.7,6720
BETA,2018-01-15 14:23:00+05:30,185.7,185.7,185.7,185.7,1680
BETA,2018-01-16 10:58:00+05:30,180.95,180.95,179.05,179.05,11760
BETA,2018-01-17 11:36:00+05:30,174.3,176.2,171.45,173.3,21840
BETA,2018-01-18 09:28:00+05:30,171.45,171.45,161.6,166.35,50399
BETA,2018-01-19 11:06:00+05:30,162.0,165.35,160.0,161.9,10080
BETA,2018-01-22 14:17:00+05:30,166.65,170.5,166.65,166.65,8400
BETA,2018-01-23 10:55:00+05:30,174.3,174.75,168.55,171.3,20160
BETA,2018-01-24 11:01:00+05:30,170.95,171.45,166.65,166.65,6720
BETA,2018-01-25 10:13:00+05:30,166.65,171.25,166.65,171.25,5040
BETA,2018-01-29 12:11:00+05:30,169.55,169.55,169.55,169.55,1680
BETA,2018-01-30 09:52:00+05:30,161.9,161.9,161.9,161.9,1680
BETA,2018-01-31 09:51:00+05:30,158.1,162.15,158.1,161.45,10080
BETA,2018-02-01 09:34:00+05:30,161.9,166.6,158.55,158.55,13440
BETA,2018-02-02 10:13:00+05:30,160.95,160.95,142.7,149.55,20160
BETA,2018-02-05 09:18:00+05:30,142.7,152.55,138.2,151.9,35279
BETA,2018-02-06 09:35:00+05:30,147.6,147.6,140.5,141.3,25199
BETA,2018-02-07 10:14:00+05:30,142.85,149.45,142.85,147.6,11760
BETA,2018-02-08 10:44:00+05:30,147.6,154.2,146.2,154.2,10080
BETA,2018-02-09 13:00:00+05:30,155.15,156.2,155.15,155.25,8400
BETA,2018-02-12 15:29:00+05:30,158.1,158.1,158.1,158.1,1680
BETA,2018-02-14 10:43:00+05:30,160.4,163.8,159.25,159.25,11760
BETA,2018-02-15 09:26:00+05:30,159.05,159.05,150.5,152.4,18480
BETA,2018-02-16 10:10:00+05:30,149.55,149.55,144.05,144.05,6720
BETA,2018-02-19 09:40:00+05:30,141.9,142.0,138.2,138.2,5040
BETA,2018-02-20 15:26:00+05:30,140.5,140.5,140.5,140.5,1680
BETA,2018-02-21 11:29:00+05:30,142.75,142.75,139.55,139.55,3360
BETA,2018-02-22 13:57:00+05:30,142.55,147.25,142.55,147.25,5040
BETA,2018-02-23 13:53:00+05:30,145.7,145.7,144.75,144.75,3360
BETA,2018-02-26 14:53:00+05:30,147.55,147.55,142.95,142.95,3360
BETA,2018-02-27 13:14:00+05:30,139.6,140.95,139.6,140.95,3360
BETA,2018-02-28 13:07:00+05:30,139.3,140.7,138.35,138.35,8400
BETA,2018-03-01 10:56:00+05:30,143.15,146.65,143.15,146.65,3360
BETA,2018-03-05 11:35:00+05:30,142.95,142.95,142.85,142.85,3360
BETA,2018-03-06 11:26:00+05:30,140.95,145.0,140.95,143.55,8400
BETA,2018-03-07 09:44:00+05:30,145.25,152.4,142.85,144.85,35279
BETA,2018-03-08 10:39:00+05:30,140.95,142.85,140.95,141.15,10080
BETA,2018-03-12 11:00:00+05:30,140.95,140.95,138.0,138.0,5040
BETA,2018-03-13 10:16:00+05:30,137.6,140.55,136.2,136.25,10080
BETA,2018-03-14 10:43:00+05:30,137.15,141.45,137.15,141.45,5040
BETA,2018-03-15 12:10:00+05:30,137.15,140.95,137.15,140.95,3360
BETA,2018-03-16 10:23:00+05:30,142.65,142.65,138.1,138.55,5040
BETA,2018-03-19 13:29:00+05:30,134.3,138.95,134.3,138.95,3360
BETA,2018-03-20 12:48:00+05:30,137.6,137.6,133.45,134.7,8400
BETA,2018-03-21 12:20:00+05:30,140.0,140.0,135.25,135.25,3360
BETA,2018-03-22 09:26:00+05:30,135.25,136.2,117.95,131.0,36959
BETA,2018-03-23 10:36:00+05:30,123.8,133.35,122.95,133.1,20160
BETA,2018-03-26 10:30:00+05:30,126.65,130.5,125.7,127.15,16800
BETA,2018-03-27 11:04:00+05:30,127.7,128.55,124.75,125.55,18480
BETA,2018-03-28 13:28:00+05:30,121.15,121.15,120.0,120.0,6720
BETA,2018-04-02 11:13:00+05:30,120.95,120.95,119.05,119.2,13440
BETA,2018-04-03 09:29:00+05:30,120.0,123.8,118.55,118.55,31919
BETA,2018-04-04 13:43:00+05:30,119.15,119.15,119.05,119.05,3360
BETA,2018-04-05 11:12:00+05:30,121.9,128.1,121.9,124.85,16800
BETA,2018-04-06 13:02:00+05:30,128.2,128.2,128.2,128.2,1680
BETA,2018-04-09 09:55:00+05:30,129.9,129.9,126.65,126.65,5040
BETA,2018-04-10 14:34:00+05:30,128.55,129.8,128.55,129.8,3360
BETA,2018-04-11 12:51:00+05:30,128.55,128.55,119.05,120.95,8400
BETA,2018-04-12 14:12:00+05:30,128.55,128.55,128.55,128.55,1680
BETA,2018-04-13 09:45:00+05:30,130.0,132.2,130.0,132.2,3360
BETA,2018-04-16 11:33:00+05:30,132.4,132.6,126.65,126.65,5040
BETA,2018-04-17 13:30:00+05:30,130.0,130.0,130.0,130.0,1680
BETA,2018-04-18 14:25:00+05:30,127.6,127.6,127.6,127.6,1680
BETA,2018-04-19 14:15:00+05:30,125.35,125.35,122.85,122.85,5040
BETA,2018-04-20 12:56:00+05:30,126.65,126.65,126.65,126.65,1680
BETA,2018-04-23 09:53:00+05:30,128.4,132.4,128.4,130.5,8400
BETA,2018-04-24 11:41:00+05:30,131.45,131.45,131.45,131.45,1680
BETA,2018-04-25 09:26:00+05:30,133.35,133.35,126.65,126.65,10080
BETA,2018-04-26 12:40:00+05:30,125.05,125.05,124.75,124.75,5040
BETA,2018-04-27 09:31:00+05:30,124.75,127.45,121.9,124.8,21840
BETA,2018-04-30 09:36:00+05:30,125.7,125.7,119.15,119.15,6720
BETA,2018-05-02 09:27:00+05:30,123.8,123.8,119.05,119.05,8400
BETA,2018-05-03 10:10:00+05:30,119.05,120.0,119.05,120.0,5040
BETA,2018-05-04 10:27:00+05:30,123.9,123.9,119.05,119.05,6720
BETA,2018-05-07 09:59:00+05:30,121.9,121.9,119.05,119.05,5040
BETA,2018-05-09 09:15:00+05:30,124.3,125.55,124.3,125.55,3360
BETA,2018-05-10 14:49:00+05:30,119.05,119.05,119.05,119.05,1680
BETA,2018-05-15 10:02:00+05:30,129.05,130.1,122.85,126.55,52079
BETA,2018-05-21 10:35:00+05:30,123.75,123.75,119.05,119.05,8400
BETA,2018-05-24 10:50:00+05:30,117.15,117.15,117.15,117.15,1680
BETA,2018-05-28 13:04:00+05:30,117.15,117.15,117.15,117.15,1680
BETA,2018-06-01 13:40:00+05:30,110.5,112.4,109.55,112.4,5040
BETA,2018-06-04 11:37:00+05:30,113.25,113.25,113.25,113.25,1680
BETA,2018-06-05 09:32:00+05:30,109.55,109.55,101.15,101.15,3360
BETA,2018-06-06 10:20:00+05:30,97.15,105.35,97.15,105.35,8400
BETA,2018-06-07 09:21:00+05:30,109.55,110.5,109.55,110.5,5040
BETA,2018-06-08 14:48:00+05:30,110.5,114.3,110.5,114.3,5040
BETA,2018-06-15 11:40:00+05:30,109.55,109.55,106.65,106.65,5040
BETA,2018-06-18 10:16:00+05:30,105.7,105.7,100.0,100.65,26879
BETA,2018-06-19 09:41:00+05:30,100.95,100.95,95.25,95.25,21840
BETA,2018-06-20 10:31:00+05:30,95.25,98.0,95.15,96.75,5880
BETA,2018-06-25 15:22:00+05:30,95.25,95.25,93.35,94.3,1680
BETA,2018-06-26 14:14:00+05:30,93.35,93.35,93.35,93.35,1680
BETA,2018-06-27 11:15:00+05:30,90.5,92.4,87.6,91.1,10920
BETA,2018-06-28 09:27:00+05:30,89.55,92.4,85.35,90.5,18480
BETA,2018-07-02 13:08:00+05:30,91.9,91.9,91.9,91.9,5040
BETA,2018-07-04 12:13:00+05:30,91.9,91.9,88.55,88.55,1680
BETA,2018-07-10 13:30:00+05:30,87.15,87.15,87.15,87.15,840
BETA,2018-07-11 10:07:00+05:30,87.6,87.6,85.7,85.7,2520
BETA,2018-07-13 12:03:00+05:30,85.7,85.7,83.8,83.8,5880
BETA,2018-07-16 13:10:00+05:30,86.3,86.65,86.3,86.65,1680
BETA,2018-07-17 10:07:00+05:30,88.45,90.45,88.45,90.45,8400
BETA,2018-07-18 14:52:00+05:30,90.4,90.4,90.4,90.4,840
BETA,2018-07-20 13:29:00+05:30,88.55,88.55,87.6,87.6,2520
BETA,2018-07-23 10:36:00+05:30,87.6,87.6,82.85,84.45,54599
BETA,2018-07-25 12:41:00+05:30,91.25,91.25,91.25,91.25,840
BETA,2018-07-26 09:39:00+05:30,94.75,97.15,94.75,97.15,3360
BETA,2018-07-31 13:12:00+05:30,95.25,96.1,95.25,96.1,2520
BETA,2018-08-01 15:26:00+05:30,94.3,94.3,94.3,94.3,840
BETA,2018-08-02 14:03:00+05:30,95.25,97.15,95.25,96.2,2520
BETA,2018-08-03 10:01:00+05:30,97.15,97.15,96.2,96.2,1680
BETA,2018-08-06 12:06:00+05:30,96.2,96.2,95.25,95.3,3360
BETA,2018-08-07 13:03:00+05:30,97.15,98.1,97.15,97.15,7560
BETA,2018-08-08 13:52:00+05:30,98.0,98.0,98.0,98.0,840
BETA,2018-08-13 15:09:00+05:30,93.35,93.35,93.35,93.35,1680
BETA,2018-08-14 10:17:00+05:30,95.25,95.25,82.85,88.9,25199
BETA,2018-08-16 10:37:00+05:30,86.65,86.65,83.35,84.45,18480
BETA,2018-08-17 09:18:00+05:30,80.2,88.55,78.25,85.95,8400
BETA,2018-08-20 15:27:00+05:30,85.7,85.7,85.7,85.7,840
BETA,2018-08-21 10:38:00+05:30,85.7,85.7,82.85,82.85,44519
BETA,2018-08-23 10:58:00+05:30,82.85,84.75,82.85,82.85,59639
BETA,2018-08-24 09:19:00+05:30,83.8,92.4,83.8,91.35,44519
BETA,2018-08-27 09:15:00+05:30,94.75,98.1,87.6,89.55,50399
BETA,2018-08-28 09:34:00+05:30,89.55,89.55,85.7,85.7,18480
BETA,2018-08-29 13:08:00+05:30,86.85,86.85,86.65,86.65,2520
BETA,2018-08-31 10:31:00+05:30,89.55,89.55,88.1,88.1,5040
BETA,2018-09-03 14:12:00+05:30,86.65,86.65,86.65,86.65,840
BETA,2018-09-04 12:27:00+05:30,89.4,89.4,85.7,85.7,2520
BETA,2018-09-05 12:07:00+05:30,86.65,87.6,85.25,86.65,5880
BETA,2018-09-06 12:23:00+05:30,88.55,88.55,88.55,88.55,2520
BETA,2018-09-07 11:16:00+05:30,88.55,94.3,88.55,92.35,9240
BETA,2018-09-10 10:55:00+05:30,90.5,90.5,90.5,90.5,840
BETA,2018-09-11 09:51:00+05:30,92.4,92.4,89.55,89.55,1680
BETA,2018-09-12 14:27:00+05:30,89.05,89.05,89.05,89.05,2520
BETA,2018-09-14 09:15:00+05:30,91.45,91.9,88.55,90.5,12600
BETA,2018-09-17 11:11:00+05:30,91.35,91.45,89.6,89.6,5880
BETA,2018-09-18 15:04:00+05:30,88.6,88.6,88.55,88.55,1680
BETA,2018-09-19 13:10:00+05:30,87.6,87.6,85.25,85.6,4200
BETA,2018-09-21 09:46:00+05:30,87.6,90.5,85.7,87.6,8400
BETA,2018-09-24 09:36:00+05:30,89.15,90.5,81.9,83.7,20160
BETA,2018-09-25 11:47:00+05:30,85.7,85.7,68.55,73.45,31919
BETA,2018-09-26 09:33:00+05:30,79.4,80.0,76.2,76.65,14280
BETA,2018-09-27 09:20:00+05:30,74.3,77.15,70.5,71.55,15960
BETA,2018-09-28 09:18:00+05:30,78.55,78.55,67.25,67.25,11760
BETA,2018-10-01 10:04:00+05:30,69.55,70.4,63.8,67.2,12600
BETA,2018-10-03 09:32:00+05:30,71.45,71.45,67.25,67.5,7560
BETA,2018-10-04 09:40:00+05:30,68.55,70.5,66.65,68.55,14280
BETA,2018-10-08 09:54:00+05:30,69.05,69.05,64.8,65.7,3360
BETA,2018-10-09 09:19:00+05:30,62.0,65.85,62.0,65.85,4200
BETA,2018-10-10 10:51:00+05:30,63.8,66.2,63.8,64.75,5040
BETA,2018-10-11 09:20:00+05:30,66.65,66.65,66.2,66.2,17640
BETA,2018-10-12 12:07:00+05:30,69.55,69.55,66.65,66.65,4200
BETA,2018-10-15 10:19:00+05:30,66.65,66.65,66.6,66.6,5040
BETA,2018-10-16 09:49:00+05:30,66.6,66.65,63.8,63.8,15120
BETA,2018-10-17 12:31:00+05:30,62.2,63.2,57.45,63.15,6720
BETA,2018-10-19 11:55:00+05:30,60.95,60.95,60.95,60.95,5040
BETA,2018-10-22 15:10:00+05:30,59.05,61.8,56.2,58.1,28559
BETA,2018-10-23 09:47:00+05:30,57.15,57.4,55.3,57.15,15120
BETA,2018-10-24 09:15:00+05:30,55.25,60.8,54.3,55.35,20160
BETA,2018-10-25 11:01:00+05:30,55.9,64.0,55.8,59.6,36959
BETA,2018-10-26 09:44:00+05:30,61.9,65.7,60.0,65.1,13440
BETA,2018-10-29 09:20:00+05:30,68.4,69.45,58.1,60.95,107518
BETA,2018-10-30 09:34:00+05:30,62.5,62.85,61.9,62.7,10920
BETA,2018-10-31 09:15:00+05:30,64.3,66.55,60.75,63.35,13440
BETA,2018-11-01 09:25:00+05:30,62.85,62.85,62.85,62.85,840
BETA,2018-11-06 10:13:00+05:30,60.1,69.4,60.1,69.15,17640
BETA,2018-11-09 10:07:00+05:30,73.8,79.55,73.8,79.05,4200
BETA,2018-11-12 09:18:00+05:30,79.55,86.85,76.25,76.25,10920
BETA,2018-11-13 10:33:00+05:30,77.15,77.15,77.15,77.15,840
BETA,2018-11-14 09:21:00+05:30,76.2,76.2,76.2,76.2,840
BETA,2018-11-15 14:30:00+05:30,79.05,79.05,76.2,76.2,3360
BETA,2018-11-16 09:50:00+05:30,79.05,79.05,73.35,73.4,13440
BETA,2018-11-20 11:49:00+05:30,68.85,68.85,64.85,66.6,37799
BETA,2018-11-21 09:40:00+05:30,69.55,69.55,66.65,66.65,19320
BETA,2018-11-22 10:02:00+05:30,69.55,78.1,65.25,65.95,8400
BETA,2018-11-26 10:09:00+05:30,66.65,66.65,63.8,63.8,29399
BETA,2018-11-27 09:43:00+05:30,66.6,66.65,62.85,64.65,29399
BETA,2018-11-28 14:08:00+05:30,65.7,77.55,65.7,72.25,15960
BETA,2018-11-29 09:42:00+05:30,67.6,73.35,65.0,69.3,80638
BETA,2018-11-30 09:18:00+05:30,70.5,76.2,70.5,73.8,57959
BETA,2019-02-21 00:00:00+05:30,72.6,72.6,71.45,72.05,6720
BETA,2019-02-25 00:00:00+05:30,71.5,76.2,71.45,76.2,5880
BETA,2019-02-27 00:00:00+05:30,78.0,79.55,77.0,79.45,11760
BETA,2019-02-28 00:00:00+05:30,77.6,80.0,77.4,80.0,6720
BETA,2019-03-01 00:00:00+05:30,80.95,82.3,80.0,80.05,11760
BETA,2019-03-06 00:00:00+05:30,80.7,80.95,80.7,80.9,3360
BETA,2019-03-07 00:00:00+05:30,82.3,82.3,82.3,82.3,840
BETA,2019-03-11 00:00:00+05:30,93.35,93.35,80.0,87.6,64679
BETA,2019-03-12 00:00:00+05:30,87.15,88.35,86.1,87.45,5040
BETA,2019-03-13 00:00:00+05:30,86.65,88.4,86.65,87.35,3360
BETA,2019-03-14 00:00:00+05:30,86.7,87.15,86.65,86.75,5040
BETA,2019-03-15 00:00:00+05:30,86.55,86.55,86.55,86.55,840
BETA,2019-03-18 00:00:00+05:30,84.85,86.1,83.8,83.8,13440
BETA,2019-03-20 00:00:00+05:30,90.3,90.95,86.65,88.35,52079
BETA,2019-03-22 00:00:00+05:30,90.0,91.9,88.65,91.3,6720
BETA,2019-03-25 00:00:00+05:30,91.3,91.45,89.55,89.85,26039
BETA,2019-03-26 00:00:00+05:30,90.0,91.45,87.25,87.7,16800
BETA,2019-03-27 00:00:00+05:30,86.95,86.95,86.15,86.15,5040
BETA,2019-03-28 00:00:00+05:30,86.65,90.2,86.65,90.2,26879
BETA,2019-03-29 00:00:00+05:30,90.5,104.5,90.5,99.7,43679
BETA,2019-04-01 00:00:00+05:30,99.9,106.65,99.9,106.6,15960
BETA,2019-04-02 00:00:00+05:30,101.9,105.7,101.9,102.85,10920
BETA,2019-04-03 00:00:00+05:30,103.35,103.35,99.9,102.85,3360
BETA,2019-04-04 00:00:00+05:30,100.0,100.0,100.0,100.0,840
BETA,2019-04-05 00:00:00+05:30,100.95,104.5,100.95,103.7,21840
BETA,2019-04-08 00:00:00+05:30,102.8,102.85,98.65,100.95,3360
BETA,2019-04-09 00:00:00+05:30,103.75,103.75,101.8,103.3,4200
BETA,2019-04-10 00:00:00+05:30,99.15,99.15,98.35,98.5,3360
BETA,2019-04-11 00:00:00+05:30,98.1,98.1,95.35,95.55,4200
BETA,2019-04-12 00:00:00+05:30,99.55,101.45,99.55,101.45,1680
BETA,2019-04-15 00:00:00+05:30,100.5,100.95,100.5,100.85,2520
BETA,2019-04-16 00:00:00+05:30,102.85,102.85,102.85,102.85,840
BETA,2019-04-18 00:00:00+05:30,101.8,101.85,96.45,96.45,10080
BETA,2019-04-22 00:00:00+05:30,101.75,101.8,100.0,100.55,5880
BETA,2019-04-23 00:00:00+05:30,102.85,103.35,100.95,103.1,3360
BETA,2019-04-24 00:00:00+05:30,99.05,99.15,99.05,99.1,3360
BETA,2019-04-26 00:00:00+05:30,101.75,114.3,101.75,113.2,26879
BETA,2019-04-30 00:00:00+05:30,118.1,118.1,107.45,112.3,10920
BETA,2019-05-02 00:00:00+05:30,112.3,112.3,104.2,106.35,3360
BETA,2019-05-03 00:00:00+05:30,106.65,108.55,106.5,108.55,4200
BETA,2019-05-06 00:00:00+05:30,104.75,104.75,104.75,104.75,840
BETA,2019-05-07 00:00:00+05:30,100.3,100.3,99.3,99.45,4200
BETA,2019-05-08 00:00:00+05:30,96.0,96.2,90.5,92.4,18480
BETA,2019-05-09 00:00:00+05:30,95.25,95.25,95.25,95.25,4200
BETA,2019-05-10 00:00:00+05:30,94.75,95.25,94.75,95.25,3360
BETA,2019-05-13 00:00:00+05:30,92.5,92.5,87.6,87.6,13440
BETA,2019-05-14 00:00:00+05:30,84.75,86.65,78.1,86.45,16800
BETA,2019-05-15 00:00:00+05:30,84.65,87.6,84.65,84.8,4200
BETA,2019-05-16 00:00:00+05:30,88.55,88.55,88.55,88.55,3360
BETA,2019-05-20 00:00:00+05:30,83.8,90.35,83.8,90.35,1680
BETA,2019-05-21 00:00:00+05:30,82.85,82.85,82.85,82.85,1680
BETA,2019-05-22 00:00:00+05:30,93.35,93.35,82.85,83.8,5880
BETA,2019-05-24 00:00:00+05:30,88.75,88.75,81.25,82.85,3360
BETA,2019-05-27 00:00:00+05:30,81.95,83.8,81.2,83.8,3360
BETA,2019-05-29 00:00:00+05:30,85.7,87.55,85.7,86.65,14280
BETA,2019-05-30 00:00:00+05:30,87.6,88.55,87.6,88.55,1680
BETA,2019-05-31 00:00:00+05:30,90.4,91.45,90.4,90.9,1680
BETA,2019-06-03 00:00:00+05:30,85.8,88.65,85.8,87.8,6720
BETA,2019-06-04 00:00:00+05:30,88.75,88.75,87.6,87.6,5040
BETA,2019-06-06 00:00:00+05:30,88.55,90.1,88.55,90.1,1680
BETA,2019-06-07 00:00:00+05:30,87.6,88.55,86.65,86.65,5880
BETA,2019-06-11 00:00:00+05:30,86.65,87.6,85.7,87.6,2520
BETA,2019-06-13 00:00:00+05:30,87.6,89.05,85.6,89.05,5040
BETA,2019-06-14 00:00:00+05:30,89.45,90.4,86.65,89.55,13440
BETA,2019-06-17 00:00:00+05:30,90.5,90.5,89.55,89.55,3360
BETA,2019-06-19 00:00:00+05:30,89.55,89.55,85.7,86.65,8400
BETA,2019-06-20 00:00:00+05:30,89.05,91.35,86.75,90.0,10920
BETA,2019-06-21 00:00:00+05:30,85.8,89.05,85.7,89.05,14280
BETA,2019-06-26 00:00:00+05:30,88.55,88.55,84.05,84.05,18480
BETA,2019-06-27 00:00:00+05:30,83.8,85.7,82.3,85.0,5040
BETA,2019-06-28 00:00:00+05:30,85.5,85.7,85.5,85.7,3360
BETA,2019-07-01 00:00:00+05:30,87.15,87.15,85.7,85.95,5040
BETA,2019-07-02 00:00:00+05:30,87.55,87.55,87.55,87.55,4200
BETA,2019-07-03 00:00:00+05:30,83.8,85.25,82.85,85.25,7560
BETA,2019-07-08 00:00:00+05:30,85.7,85.7,80.1,83.75,7560
BETA,2019-07-09 00:00:00+05:30,84.65,100.5,83.8,89.5,38639
BETA,2019-07-10 00:00:00+05:30,85.7,85.7,85.7,85.7,840
BETA,2019-07-12 00:00:00+05:30,90.5,90.5,90.5,90.5,840
BETA,2019-07-15 00:00:00+05:30,85.7,85.7,85.7,85.7,840
BETA,2019-07-16 00:00:00+05:30,83.8,84.75,80.95,84.75,3360
BETA,2019-07-18 00:00:00+05:30,82.85,84.75,81.9,81.9,14280
BETA,2019-07-19 00:00:00+05:30,80.4,80.95,73.55,80.95,3360
BETA,2019-07-22 00:00:00+05:30,80.5,80.5,76.2,76.2,18480
BETA,2019-07-23 00:00:00+05:30,81.85,83.8,80.95,80.95,3360
BETA,2019-07-24 00:00:00+05:30,82.75,82.75,81.9,81.9,1680
BETA,2019-07-25 00:00:00+05:30,77.15,79.05,77.15,77.15,9240
BETA,2019-07-29 00:00:00+05:30,81.35,81.35,81.35,81.35,840
BETA,2019-07-30 00:00:00+05:30,77.2,78.1,76.1,76.2,26039
BETA,2019-07-31 00:00:00+05:30,76.25,76.8,76.2,76.65,7560
BETA,2019-08-01 00:00:00+05:30,76.3,80.0,76.1,78.55,40319
BETA,2019-08-02 00:00:00+05:30,77.15,77.15,76.2,76.2,9240
BETA,2019-08-05 00:00:00+05:30,77.6,78.1,76.2,76.2,14280
BETA,2019-08-06 00:00:00+05:30,76.2,77.6,76.2,76.2,10080
BETA,2019-08-07 00:00:00+05:30,76.25,76.5,71.45,76.2,15960
BETA,2019-08-08 00:00:00+05:30,76.2,78.0,76.2,76.25,5880
BETA,2019-08-09 00:00:00+05:30,76.2,77.3,76.1,77.3,51239
BETA,2019-08-13 00:00:00+05:30,77.55,78.5,75.7,75.7,36959
BETA,2019-08-14 00:00:00+05:30,77.15,77.15,72.85,76.95,3360
BETA,2019-08-16 00:00:00+05:30,77.1,77.1,77.1,77.1,840
BETA,2019-08-19 00:00:00+05:30,76.2,76.6,73.1,76.6,15960
BETA,2019-08-21 00:00:00+05:30,72.45,72.45,72.4,72.4,2520
BETA,2019-08-26 00:00:00+05:30,74.2,74.3,74.2,74.3,1680
BETA,2019-08-27 00:00:00+05:30,74.3,74.3,71.45,72.3,3360
BETA,2019-08-29 00:00:00+05:30,72.3,72.3,69.55,70.0,3360
BETA,2019-08-30 00:00:00+05:30,73.3,73.3,73.2,73.25,2520
BETA,2019-09-03 00:00:00+05:30,70.1,70.1,70.1,70.1,840
BETA,2019-09-04 00:00:00+05:30,73.15,73.35,70.1,73.35,4200
BETA,2019-09-05 00:00:00+05:30,73.25,73.25,73.25,73.25,2520
BETA,2019-09-06 00:00:00+05:30,70.2,71.95,68.8,69.6,12600
BETA,2019-09-09 00:00:00+05:30,69.5,69.5,68.55,68.55,5880
BETA,2019-09-11 00:00:00+05:30,68.55,68.55,67.7,67.85,5040
BETA,2019-09-12 00:00:00+05:30,68.55,73.15,68.55,72.35,13440
BETA,2019-09-13 00:00:00+05:30,70.95,71.45,70.95,71.45,1680
BETA,2019-09-17 00:00:00+05:30,69.55,69.55,69.55,69.55,840
BETA,2019-09-18 00:00:00+05:30,69.5,70.5,69.5,70.5,4200
BETA,2019-09-19 00:00:00+05:30,65.95,65.95,65.95,65.95,840
BETA,2019-09-20 00:00:00+05:30,69.45,69.55,64.85,69.2,8400
BETA,2019-09-23 00:00:00+05:30,70.5,72.4,68.55,70.45,5880
BETA,2019-09-24 00:00:00+05:30,70.45,70.5,66.65,70.5,3360
BETA,2019-09-26 00:00:00+05:30,68.55,69.55,68.1,69.55,3360
BETA,2019-09-30 00:00:00+05:30,66.65,66.65,66.65,66.65,5040
BETA,2019-10-01 00:00:00+05:30,64.0,65.6,62.8,62.8,11760
BETA,2019-10-03 00:00:00+05:30,62.85,62.85,56.2,58.2,10080
BETA,2019-10-04 00:00:00+05:30,59.95,63.75,58.1,59.95,10920
BETA,2019-10-07 00:00:00+05:30,58.85,60.95,58.85,60.0,8400
BETA,2019-10-09 00:00:00+05:30,59.05,60.5,59.05,60.5,4200
BETA,2019-10-10 00:00:00+05:30,58.2,60.85,58.1,59.5,3360
BETA,2019-10-11 00:00:00+05:30,59.95,63.8,59.95,62.85,8400
BETA,2019-10-14 00:00:00+05:30,63.75,71.45,58.2,66.95,6720
BETA,2019-10-15 00:00:00+05:30,63.8,71.45,63.8,68.9,3360
BETA,2019-10-18 00:00:00+05:30,72.35,76.1,71.6,75.6,10080
BETA,2019-10-22 00:00:00+05:30,72.5,77.15,72.5,77.15,2520
BETA,2019-10-23 00:00:00+05:30,77.75,80.8,77.75,80.8,5880
BETA,2019-10-24 00:00:00+05:30,81.35,81.35,81.35,81.35,840
BETA,2019-10-25 00:00:00+05:30,76.2,83.25,76.2,82.95,3360
BETA,2019-10-27 00:00:00+05:30,83.55,94.2,83.55,92.0,12600
BETA,2019-10-29 00:00:00+05:30,88.55,90.45,87.6,89.55,10080
BETA,2019-10-30 00:00:00+05:30,89.95,89.95,89.95,89.95,840
BETA,2019-10-31 00:00:00+05:30,83.05,88.55,83.05,87.0,6720
BETA,2019-11-06 00:00:00+05:30,80.95,85.65,80.4,84.5,8400
BETA,2019-11-07 00:00:00+05:30,80.0,80.95,77.15,80.95,2520
BETA,2019-11-08 00:00:00+05:30,78.55,81.05,76.25,78.1,36119
BETA,2019-11-11 00:00:00+05:30,76.4,76.4,74.5,74.9,19320
BETA,2019-11-13 00:00:00+05:30,74.35,78.05,74.3,78.05,26039
BETA,2019-11-15 00:00:00+05:30,75.35,79.45,75.25,79.45,13440
BETA,2019-11-18 00:00:00+05:30,76.65,76.65,75.25,75.25,2520
BETA,2019-11-19 00:00:00+05:30,79.55,79.55,79.55,79.55,840
BETA,2019-11-20 00:00:00+05:30,76.2,76.2,76.2,76.2,2520
BETA,2019-11-21 00:00:00+05:30,71.9,74.3,71.9,74.3,5880
BETA,2019-11-25 00:00:00+05:30,71.6,78.1,71.6,78.05,5040
BETA,2019-11-26 00:00:00+05:30,70.5,72.85,70.4,71.3,7560
BETA,2019-11-28 00:00:00+05:30,70.7,70.7,66.85,66.85,1680
BETA,2019-11-29 00:00:00+05:30,72.1,72.4,71.85,71.9,4200
BETA,2019-12-03 00:00:00+05:30,70.5,73.25,70.5,72.9,6720
BETA,2019-12-06 00:00:00+05:30,70.55,70.55,70.5,70.5,5040
BETA,2019-12-11 00:00:00+05:30,70.5,71.4,68.55,70.5,4200
BETA,2019-12-12 00:00:00+05:30,70.5,71.45,70.5,71.45,1680
BETA,2019-12-17 00:00:00+05:30,72.4,74.3,72.4,74.3,4200
BETA,2019-12-18 00:00:00+05:30,72.4,75.25,72.4,75.2,15960
BETA,2019-12-19 00:00:00+05:30,74.3,75.25,74.3,75.25,1680
BETA,2019-12-20 00:00:00+05:30,72.4,75.15,72.4,75.15,4200
BETA,2019-12-23 00:00:00+05:30,74.3,75.25,70.55,74.25,3360
BETA,2019-12-27 00:00:00+05:30,71.45,72.3,70.5,72.3,2520
BETA,2020-01-01 00:00:00+05:30,67.65,71.4,67.6,71.35,5880
BETA,2020-01-02 00:00:00+05:30,69.55,69.55,69.55,69.55,840
BETA,2020-01-03 00:00:00+05:30,69.55,69.55,69.55,69.55,840
BETA,2020-01-06 00:00:00+05:30,67.6,67.6,67.6,67.6,2520
BETA,2020-01-07 00:00:00+05:30,66.65,66.65,66.65,66.65,1680
BETA,2020-01-08 00:00:00+05:30,65.25,66.65,54.85,64.8,5880
BETA,2020-01-10 00:00:00+05:30,63.6,63.6,63.55,63.55,1680
BETA,2020-01-13 00:00:00+05:30,63.8,63.8,62.9,62.9,1680
BETA,2020-01-14 00:00:00+05:30,63.35,65.7,63.35,65.7,4200
BETA,2020-01-15 00:00:00+05:30,66.75,68.2,66.65,66.75,8400
BETA,2020-01-16 00:00:00+05:30,71.2,72.4,66.9,70.65,12600
BETA,2020-01-17 00:00:00+05:30,71.45,73.25,68.55,69.15,34439
BETA,2020-01-20 00:00:00+05:30,74.3,74.3,74.3,74.3,840
BETA,2020-01-22 00:00:00+05:30,69.7,69.7,68.8,68.8,2520
BETA,2020-01-23 00:00:00+05:30,71.45,71.45,71.45,71.45,840
BETA,2020-01-24 00:00:00+05:30,75.1,75.1,68.55,68.9,10080
BETA,2020-01-27 00:00:00+05:30,68.7,69.7,67.3,67.3,5880
BETA,2020-01-28 00:00:00+05:30,73.35,73.35,67.15,70.0,3360
BETA,2020-01-29 00:00:00+05:30,66.75,70.8,66.75,67.65,4200
BETA,2020-01-30 00:00:00+05:30,64.8,66.7,59.35,66.65,72239
BETA,2020-01-31 00:00:00+05:30,62.25,62.25,60.95,61.9,54599
BETA,2020-02-01 00:00:00+05:30,66.55,66.55,62.85,63.35,3360
BETA,2020-02-03 00:00:00+05:30,63.35,63.35,62.85,62.85,1680
BETA,2020-02-04 00:00:00+05:30,62.05,62.85,61.9,62.85,7560
BETA,2020-02-05 00:00:00+05:30,60.95,61.9,60.95,61.9,2520
BETA,2020-02-06 00:00:00+05:30,62.85,62.85,62.85,62.85,840
BETA,2020-02-07 00:00:00+05:30,62.4,62.4,61.9,61.9,2520
BETA,2020-02-10 00:00:00+05:30,61.9,61.9,59.35,59.9,3360
BETA,2020-02-11 00:00:00+05:30,59.5,66.65,57.15,62.85,22680
BETA,2020-02-12 00:00:00+05:30,62.85,62.85,62.85,62.85,840
BETA,2020-02-18 00:00:00+05:30,61.9,62.3,60.0,62.2,7560
BETA,2020-02-19 00:00:00+05:30,61.85,62.65,61.85,62.15,2520
BETA,2020-02-24 00:00:00+05:30,61.85,63.45,61.85,62.2,5880
BETA,2020-02-25 00:00:00+05:30,59.1,59.1,58.75,59.05,8400
BETA,2020-02-26 00:00:00+05:30,62.35,62.35,58.5,58.65,4200
BETA,2020-02-27 00:00:00+05:30,58.55,60.95,58.5,60.95,5880
BETA,2020-02-28 00:00:00+05:30,56.8,57.2,56.8,56.9,8400
BETA,2020-03-02 00:00:00+05:30,56.95,56.95,54.0,54.0,3360
BETA,2020-03-03 00:00:00+05:30,57.6,57.7,57.15,57.6,3360
BETA,2020-03-04 00:00:00+05:30,56.2,56.2,50.85,50.85,11760
BETA,2020-03-05 00:00:00+05:30,53.1,53.35,51.45,51.95,6720
BETA,2020-03-06 00:00:00+05:30,52.4,52.4,49.5,50.45,5880
BETA,2020-03-09 00:00:00+05:30,48.55,52.85,45.1,52.85,19320
BETA,2020-03-11 00:00:00+05:30,48.6,50.0,48.55,50.0,9240
BETA,2020-03-12 00:00:00+05:30,47.5,47.5,45.5,45.5,15960
BETA,2020-03-13 00:00:00+05:30,45.7,45.7,42.65,45.35,39479
BETA,2020-03-16 00:00:00+05:30,42.55,43.3,42.55,42.85,11760
BETA,2020-03-17 00:00:00+05:30,42.9,51.45,42.9,51.25,13440
BETA,2020-03-18 00:00:00+05:30,48.65,61.35,41.65,53.1,18480
BETA,2020-03-19 00:00:00+05:30,47.6,47.7,43.45,47.6,5040
BETA,2020-03-20 00:00:00+05:30,44.75,49.5,44.75,49.5,4200
BETA,2020-03-23 00:00:00+05:30,43.7,43.7,40.35,42.8,5040
BETA,2020-03-24 00:00:00+05:30,42.8,42.8,42.8,42.8,840
BETA,2020-03-25 00:00:00+05:30,35.25,46.65,35.25,42.6,6720
BETA,2020-03-31 00:00:00+05:30,38.1,38.1,38.1,38.1,1680
BETA,2020-04-01 00:00:00+05:30,38.1,38.1,37.15,37.15,2520
BETA,2020-04-03 00:00:00+05:30,43.8,43.8,43.8,43.8,840
BETA,2020-04-09 00:00:00+05:30,47.6,48.55,42.4,47.55,14280
BETA,2020-04-15 00:00:00+05:30,47.6,50.5,44.85,49.4,6720
BETA,2020-04-17 00:00:00+05:30,44.8,48.85,40.5,46.8,5880
BETA,2020-04-20 00:00:00+05:30,46.85,46.85,46.8,46.8,1680
BETA,2020-04-22 00:00:00+05:30,46.8,46.8,46.8,46.8,2520
BETA,2020-04-24 00:00:00+05:30,50.4,50.95,50.4,50.95,10080
BETA,2020-04-28 00:00:00+05:30,48.2,51.2,48.2,51.2,1680
BETA,2020-04-29 00:00:00+05:30,52.4,52.4,50.65,50.65,2520
BETA,2020-04-30 00:00:00+05:30,52.75,52.75,50.5,50.55,6720
BETA,2020-05-04 00:00:00+05:30,48.2,48.2,48.2,48.2,1680
BETA,2020-05-05 00:00:00+05:30,48.1,48.1,48.1,48.1,840
BETA,2020-05-08 00:00:00+05:30,53.25,53.25,44.5,52.85,2520
BETA,2020-05-11 00:00:00+05:30,43.8,49.45,43.8,46.85,4200
BETA,2020-05-13 00:00:00+05:30,46.75,47.6,45.75,45.75,2520
BETA,2020-05-19 00:00:00+05:30,44.75,44.75,44.75,44.75,840
BETA,2020-05-20 00:00:00+05:30,43.2,43.2,41.9,41.9,3360
BETA,2020-05-21 00:00:00+05:30,42.85,43.45,42.85,43.35,3360
BETA,2020-05-26 00:00:00+05:30,41.25,42.1,41.25,42.1,1680
BETA,2020-05-27 00:00:00+05:30,45.45,45.45,45.45,45.45,840
BETA,2020-05-28 00:00:00+05:30,43.8,43.8,43.8,43.8,1680
BETA,2020-05-29 00:00:00+05:30,46.65,50.4,46.25,50.35,4200
BETA,2020-06-01 00:00:00+05:30,50.4,51.9,49.35,49.75,16800
BETA,2020-06-03 00:00:00+05:30,48.55,48.55,48.55,48.55,840
BETA,2020-06-04 00:00:00+05:30,45.6,47.6,44.75,47.6,4200
BETA,2020-06-05 00:00:00+05:30,50.5,53.35,50.5,51.45,3360
BETA,2020-06-08 00:00:00+05:30,49.6,50.5,49.6,49.75,9240
BETA,2020-06-09 00:00:00+05:30,50.0,50.0,50.0,50.0,840
BETA,2020-06-10 00:00:00+05:30,48.2,48.2,48.1,48.1,1680
BETA,2020-06-12 00:00:00+05:30,50.4,50.4,48.55,48.55,1680
BETA,2020-06-15 00:00:00+05:30,52.4,52.4,49.55,49.55,2520
BETA,2020-06-16 00:00:00+05:30,51.4,54.5,51.4,54.4,7560
BETA,2020-06-17 00:00:00+05:30,54.3,54.3,54.3,54.3,840
BETA,2020-06-18 00:00:00+05:30,54.35,54.35,54.3,54.3,1680
BETA,2020-06-19 00:00:00+05:30,57.15,59.5,57.15,58.55,6720
BETA,2020-06-22 00:00:00+05:30,62.5,62.5,62.5,62.5,840
BETA,2020-06-23 00:00:00+05:30,62.5,67.15,62.5,65.7,6720
BETA,2020-06-24 00:00:00+05:30,66.65,66.7,59.25,59.65,7560
BETA,2020-06-26 00:00:00+05:30,59.5,59.5,59.5,59.5,840
BETA,2020-06-30 00:00:00+05:30,56.95,58.55,56.95,58.55,2520
BETA,2020-07-01 00:00:00+05:30,58.9,58.9,58.1,58.55,2520
BETA,2020-07-02 00:00:00+05:30,57.15,57.15,57.15,57.15,840
BETA,2020-07-03 00:00:00+05:30,56.2,56.2,55.7,55.7,2520
BETA,2020-07-06 00:00:00+05:30,56.25,56.95,56.2,56.95,2520
BETA,2020-07-09 00:00:00+05:30,58.1,59.9,58.1,59.0,5040
BETA,2020-07-13 00:00:00+05:30,60.95,60.95,60.95,60.95,840
BETA,2020-07-14 00:00:00+05:30,60.95,61.9,60.95,61.9,1680
BETA,2020-07-15 00:00:00+05:30,58.3,61.85,58.3,61.85,3360
BETA,2020-07-17 00:00:00+05:30,61.65,61.65,56.3,56.3,2520
BETA,2020-07-20 00:00:00+05:30,61.35,64.7,59.65,61.8,7560
BETA,2020-07-21 00:00:00+05:30,64.7,74.15,64.15,72.0,23520
BETA,2020-07-22 00:00:00+05:30,71.45,86.4,71.45,86.4,35279
BETA,2020-07-23 00:00:00+05:30,94.25,99.6,86.8,88.6,26039
BETA,2020-07-24 00:00:00+05:30,92.75,97.15,83.8,90.15,173037
BETA,2020-07-27 00:00:00+05:30,88.75,90.4,86.65,88.5,5880
BETA,2020-07-28 00:00:00+05:30,86.65,86.65,85.7,85.7,1680
BETA,2020-07-29 00:00:00+05:30,81.9,81.9,80.95,80.95,1680
BETA,2020-07-30 00:00:00+05:30,80.5,80.5,76.2,77.45,8400
BETA,2020-07-31 00:00:00+05:30,74.75,76.0,74.75,75.35,5880
BETA,2020-08-03 00:00:00+05:30,76.15,76.2,74.3,76.15,6720
BETA,2020-08-04 00:00:00+05:30,76.2,83.7,76.2,83.7,6720
BETA,2020-08-05 00:00:00+05:30,83.35,90.5,83.35,89.55,26039
BETA,2020-08-06 00:00:00+05:30,92.85,92.85,86.65,88.7,16800
BETA,2020-08-07 00:00:00+05:30,90.5,90.5,86.65,90.5,17640
BETA,2020-08-10 00:00:00+05:30,90.45,90.55,89.55,90.5,7560
BETA,2020-08-11 00:00:00+05:30,93.55,97.15,91.5,92.65,16800
BETA,2020-08-12 00:00:00+05:30,93.3,93.3,86.65,86.65,5040
BETA,2020-08-13 00:00:00+05:30,86.75,86.75,84.75,85.4,7560
BETA,2020-08-14 00:00:00+05:30,88.55,88.55,84.75,84.75,5880
BETA,2020-08-17 00:00:00+05:30,89.55,89.55,85.75,86.2,4200
BETA,2020-08-18 00:00:00+05:30,86.45,86.45,86.45,86.45,840
BETA,2020-08-19 00:00:00+05:30,84.3,85.65,83.8,85.6,5880
BETA,2020-08-20 00:00:00+05:30,90.35,90.35,82.85,82.85,4200
BETA,2020-08-21 00:00:00+05:30,82.1,84.7,81.9,81.95,5040
BETA,2020-08-24 00:00:00+05:30,82.55,82.55,81.9,81.9,2520
BETA,2020-08-25 00:00:00+05:30,82.85,82.85,82.85,82.85,840
BETA,2020-08-26 00:00:00+05:30,82.85,82.85,82.85,82.85,840
BETA,2020-08-27 00:00:00+05:30,81.95,81.95,81.9,81.9,1680
BETA,2020-08-28 00:00:00+05:30,82.05,82.05,77.25,77.55,6720
BETA,2020-08-31 00:00:00+05:30,77.6,80.9,77.6,80.35,5040
BETA,2020-09-01 00:00:00+05:30,78.1,84.6,78.1,84.6,57119
BETA,2020-09-02 00:00:00+05:30,86.65,86.65,86.65,86.65,1680
BETA,2020-09-03 00:00:00+05:30,85.7,85.7,85.7,85.7,840
BETA,2020-09-04 00:00:00+05:30,85.6,87.6,82.4,82.4,5880
BETA,2020-09-08 00:00:00+05:30,85.65,86.45,82.95,82.95,6720
BETA,2020-09-09 00:00:00+05:30,82.85,83.55,82.85,83.2,1680
BETA,2020-09-10 00:00:00+05:30,81.9,83.8,80.95,82.85,4200
BETA,2020-09-11 00:00:00+05:30,81.9,81.9,80.5,80.5,4200
BETA,2020-09-14 00:00:00+05:30,78.55,78.55,76.65,76.65,2520
BETA,2020-09-15 00:00:00+05:30,77.6,80.95,71.6,76.15,27719
BETA,2020-09-16 00:00:00+05:30,80.95,81.9,79.05,81.05,27719
BETA,2020-09-17 00:00:00+05:30,80.75,83.75,80.75,83.15,5040
BETA,2020-09-18 00:00:00+05:30,82.85,99.75,82.85,96.85,62999
BETA,2020-09-21 00:00:00+05:30,98.45,102.85,87.6,90.3,38639
BETA,2020-09-22 00:00:00+05:30,89.55,98.1,87.6,92.85,24360
BETA,2020-09-23 00:00:00+05:30,98.8,98.8,95.7,96.9,5880
BETA,2020-09-24 00:00:00+05:30,94.3,96.2,89.55,92.8,20160
BETA,2020-09-28 00:00:00+05:30,92.4,101.9,88.0,100.55,18480
BETA,2020-09-29 00:00:00+05:30,104.25,104.55,95.55,98.9,12600
BETA,2020-09-30 00:00:00+05:30,96.2,96.2,96.2,96.2,1680
BETA,2020-10-01 00:00:00+05:30,100.0,101.8,100.0,100.6,2520
BETA,2020-10-05 00:00:00+05:30,100.0,102.85,100.0,102.85,1680
BETA,2020-10-06 00:00:00+05:30,102.85,112.2,97.15,111.45,26039
BETA,2020-10-07 00:00:00+05:30,114.25,124.75,114.25,123.1,24360
BETA,2020-10-08 00:00:00+05:30,123.55,123.8,113.8,113.8,17640
BETA,2020-10-09 00:00:00+05:30,117.7,125.2,116.65,125.2,38639
BETA,2020-10-12 00:00:00+05:30,134.1,134.1,120.05,125.4,17640
BETA,2020-10-13 00:00:00+05:30,126.65,128.1,123.8,124.15,8400
BETA,2020-10-14 00:00:00+05:30,126.65,130.5,123.8,128.85,13440
BETA,2020-10-15 00:00:00+05:30,128.55,128.55,118.1,121.45,4200
BETA,2020-10-16 00:00:00+05:30,120.55,120.55,111.45,111.45,5880
BETA,2020-10-19 00:00:00+05:30,118.85,122.55,118.2,122.55,10920
BETA,2020-10-20 00:00:00+05:30,120.55,125.7,120.05,125.7,8400
BETA,2020-10-21 00:00:00+05:30,124.0,124.0,123.65,123.65,1680
BETA,2020-10-22 00:00:00+05:30,122.85,122.85,122.8,122.85,4200
BETA,2020-10-26 00:00:00+05:30,122.75,122.85,122.75,122.85,4200
BETA,2020-10-27 00:00:00+05:30,121.9,122.85,121.9,122.85,1680
BETA,2020-10-28 00:00:00+05:30,118.1,118.1,112.4,112.4,4200
BETA,2020-10-29 00:00:00+05:30,111.9,111.9,111.9,111.9,2520
BETA,2020-10-30 00:00:00+05:30,112.4,112.4,112.4,112.4,5040
BETA,2020-11-03 00:00:00+05:30,112.4,112.4,108.1,108.95,2520
BETA,2020-11-04 00:00:00+05:30,109.55,109.55,109.55,109.55,840
BETA,2020-11-06 00:00:00+05:30,108.65,110.5,107.8,108.7,7560
BETA,2020-11-09 00:00:00+05:30,109.55,109.55,108.65,108.65,3360
BETA,2020-11-11 00:00:00+05:30,113.35,113.35,105.85,105.85,1680
BETA,2020-11-12 00:00:00+05:30,105.7,105.7,105.7,105.7,840
BETA,2020-11-13 00:00:00+05:30,110.35,113.25,107.6,113.25,5040
BETA,2020-11-14 00:00:00+05:30,116.65,123.7,116.65,122.15,6720
BETA,2020-11-17 00:00:00+05:30,118.65,118.65,115.25,115.25,5040
BETA,2020-11-19 00:00:00+05:30,115.25,116.55,114.3,115.45,6720
BETA,2020-11-23 00:00:00+05:30,112.4,115.25,112.4,115.25,2520
BETA,2020-11-24 00:00:00+05:30,112.4,115.25,109.55,109.55,6720
BETA,2020-11-26 00:00:00+05:30,112.95,112.95,112.95,112.95,840
BETA,2020-11-27 00:00:00+05:30,112.95,112.95,112.95,112.95,1680
BETA,2020-12-01 00:00:00+05:30,113.9,113.9,112.4,112.4,2520
BETA,2020-12-02 00:00:00+05:30,112.4,112.4,112.4,112.4,840
BETA,2020-12-03 00:00:00+05:30,113.9,119.0,112.45,114.3,11760
BETA,2020-12-04 00:00:00+05:30,110.9,116.2,110.9,112.85,5040
BETA,2020-12-08 00:00:00+05:30,114.3,114.3,110.5,110.95,6720
BETA,2020-12-09 00:00:00+05:30,114.3,114.3,108.8,108.95,5880
BETA,2020-12-14 00:00:00+05:30,104.75,105.0,103.8,104.75,10920
BETA,2020-12-15 00:00:00+05:30,100.95,106.4,100.95,105.6,2520
BETA,2020-12-16 00:00:00+05:30,109.45,110.85,109.45,110.45,5880
BETA,2020-12-17 00:00:00+05:30,111.45,113.3,111.45,113.3,1680
BETA,2020-12-18 00:00:00+05:30,111.45,111.45,108.15,108.15,3360
BETA,2020-12-21 00:00:00+05:30,112.4,112.4,104.05,105.35,5880
BETA,2020-12-22 00:00:00+05:30,104.75,104.75,100.1,100.5,15960
BETA,2020-12-23 00:00:00+05:30,104.65,105.25,104.65,105.25,1680
BETA,2020-12-24 00:00:00+05:30,108.55,108.55,108.55,108.55,1680
BETA,2020-12-28 00:00:00+05:30,107.6,107.6,103.15,103.65,8400
BETA,2020-12-29 00:00:00+05:30,101.9,108.8,99.8,108.8,15120
BETA,2020-12-30 00:00:00+05:30,108.55,112.05,105.7,112.0,10920
BETA,2020-12-31 00:00:00+05:30,112.2,116.2,112.2,113.4,12600
BETA,2021-01-01 00:00:00+05:30,113.35,117.15,111.45,113.6,8400
BETA,2021-01-04 00:00:00+05:30,112.4,113.8,111.45,113.35,4200
BETA,2021-01-05 00:00:00+05:30,109.55,117.15,109.55,112.45,6720
BETA,2021-01-06 00:00:00+05:30,115.85,115.85,106.8,111.9,6720
BETA,2021-01-07 00:00:00+05:30,114.3,114.75,114.25,114.75,4200
BETA,2021-01-08 00:00:00+05:30,109.8,114.3,109.8,114.3,3360
BETA,2021-01-11 00:00:00+05:30,114.3,119.05,113.35,118.35,24360
BETA,2021-01-12 00:00:00+05:30,123.25,124.25,120.0,124.0,15960
BETA,2021-01-13 00:00:00+05:30,125.65,128.35,122.85,122.85,15120
BETA,2021-01-14 00:00:00+05:30,120.0,123.9,120.0,123.9,1680
BETA,2021-01-15 00:00:00+05:30,120.0,120.95,120.0,120.0,2520
BETA,2021-01-20 00:00:00+05:30,120.0,120.0,120.0,120.0,840
BETA,2021-01-21 00:00:00+05:30,124.75,126.0,115.25,116.35,13440
BETA,2021-01-22 00:00:00+05:30,116.35,116.35,116.35,116.35,840
BETA,2021-01-25 00:00:00+05:30,116.2,116.2,110.55,110.55,5040
BETA,2021-01-27 00:00:00+05:30,111.45,113.3,107.7,108.1,5040
BETA,2021-01-28 00:00:00+05:30,106.65,106.65,106.65,106.65,840
BETA,2021-01-29 00:00:00+05:30,109.05,110.5,107.2,109.1,13440
BETA,2021-02-01 00:00:00+05:30,109.55,110.5,107.8,108.1,5880
BETA,2021-02-02 00:00:00+05:30,109.55,111.45,109.55,111.45,8400
BETA,2021-02-03 00:00:00+05:30,112.4,113.3,109.55,113.3,10080
BETA,2021-02-04 00:00:00+05:30,114.3,118.85,114.25,118.85,13440
BETA,2021-02-08 00:00:00+05:30,118.85,122.85,118.85,122.85,5880
BETA,2021-02-09 00:00:00+05:30,119.05,119.05,117.3,117.35,7560
BETA,2021-02-10 00:00:00+05:30,112.6,112.6,112.6,112.6,840
BETA,2021-02-15 00:00:00+05:30,111.9,111.9,111.9,111.9,1680
BETA,2021-02-16 00:00:00+05:30,112.6,112.6,112.6,112.6,840
BETA,2021-02-17 00:00:00+05:30,116.6,118.25,114.85,118.2,13440
BETA,2021-02-18 00:00:00+05:30,124.1,124.1,122.55,122.6,12600
BETA,2021-02-19 00:00:00+05:30,119.2,121.85,119.2,121.4,3360
BETA,2021-02-22 00:00:00+05:30,119.15,123.8,119.15,122.8,6720
BETA,2021-02-23 00:00:00+05:30,123.6,125.7,122.85,123.8,8400
BETA,2021-02-24 00:00:00+05:30,123.8,123.8,122.85,122.85,5040
BETA,2021-02-25 00:00:00+05:30,119.05,122.75,117.65,121.25,4200
BETA,2021-02-26 00:00:00+05:30,117.15,117.15,115.3,115.3,5040
BETA,2021-03-01 00:00:00+05:30,118.1,118.1,116.2,116.2,5880
BETA,2021-03-02 00:00:00+05:30,115.8,116.85,115.7,116.85,2520
BETA,2021-03-03 00:00:00+05:30,118.1,120.95,118.1,120.95,4200
BETA,2021-03-04 00:00:00+05:30,118.1,118.55,118.1,118.55,2520
BETA,2021-03-05 00:00:00+05:30,123.35,123.35,120.0,122.75,5880
BETA,2021-03-08 00:00:00+05:30,125.7,125.7,119.05,119.6,10920
BETA,2021-03-09 00:00:00+05:30,120.85,120.85,119.95,119.95,1680
BETA,2021-03-10 00:00:00+05:30,123.7,123.7,117.15,117.15,5040
BETA,2021-03-12 00:00:00+05:30,117.15,117.6,114.3,117.6,10080
BETA,2021-03-17 00:00:00+05:30,114.85,118.1,114.4,115.05,15960
BETA,2021-03-18 00:00:00+05:30,114.9,114.9,114.4,114.4,12600
BETA,2021-03-19 00:00:00+05:30,112.0,113.35,112.0,113.35,4200
BETA,2021-03-22 00:00:00+05:30,114.3,115.35,114.3,114.8,5880
BETA,2021-03-23 00:00:00+05:30,119.05,119.05,116.2,116.2,6720
BETA,2021-03-24 00:00:00+05:30,114.45,114.45,111.45,111.45,12600
BETA,2021-03-25 00:00:00+05:30,110.65,110.85,110.65,110.85,1680
BETA,2021-03-26 00:00:00+05:30,112.5,115.25,112.4,115.25,13440
BETA,2021-03-30 00:00:00+05:30,115.25,116.2,114.3,114.35,8400
BETA,2021-03-31 00:00:00+05:30,114.4,114.4,114.3,114.3,1680
BETA,2021-04-01 00:00:00+05:30,117.15,117.15,117.15,117.15,840
BETA,2021-04-05 00:00:00+05:30,117.15,117.15,113.35,114.3,12600
BETA,2021-04-07 00:00:00+05:30,117.15,120.0,114.3,119.3,15960
BETA,2021-04-08 00:00:00+05:30,119.05,123.8,119.05,122.15,9240
BETA,2021-04-09 00:00:00+05:30,120.3,120.3,118.35,118.85,5040
BETA,2021-04-12 00:00:00+05:30,120.6,120.95,114.3,115.7,17640
BETA,2021-04-13 00:00:00+05:30,116.65,121.5,115.7,119.15,9240
BETA,2021-04-15 00:00:00+05:30,123.75,125.1,123.6,125.1,15120
BETA,2021-04-16 00:00:00+05:30,131.35,131.35,131.35,131.35,7560
BETA,2021-04-19 00:00:00+05:30,137.7,137.85,137.05,137.85,21000
BETA,2021-04-20 00:00:00+05:30,144.55,144.7,144.55,144.7,8400
BETA,2021-04-22 00:00:00+05:30,151.9,151.9,151.9,151.9,7560
BETA,2021-04-23 00:00:00+05:30,159.5,159.5,159.5,159.5,5040
BETA,2021-04-26 00:00:00+05:30,167.45,167.45,167.45,167.45,10080
BETA,2021-04-27 00:00:00+05:30,175.75,175.75,175.75,175.75,13440
BETA,2021-04-28 00:00:00+05:30,184.55,184.55,184.55,184.55,6720
BETA,2021-04-29 00:00:00+05:30,193.7,193.7,175.8,184.4,131037
BETA,2021-04-30 00:00:00+05:30,177.15,177.15,175.2,175.2,20160
BETA,2021-05-03 00:00:00+05:30,171.45,171.45,167.6,168.95,16800
BETA,2021-05-04 00:00:00+05:30,168.95,177.4,168.95,177.3,15960
BETA,2021-05-05 00:00:00+05:30,174.15,185.2,168.45,180.1,46199
BETA,2021-05-06 00:00:00+05:30,182.85,189.1,182.85,189.1,14280
BETA,2021-05-07 00:00:00+05:30,198.5,198.55,198.5,198.55,6720
BETA,2021-05-10 00:00:00+05:30,208.45,208.45,208.45,208.45,10080
BETA,2021-05-11 00:00:00+05:30,218.8,218.8,199.1,218.8,53759
BETA,2021-05-12 00:00:00+05:30,229.7,229.7,229.7,229.7,10080
BETA,2021-05-14 00:00:00+05:30,241.2,241.2,241.2,241.2,7560
BETA,2021-05-17 00:00:00+05:30,253.25,253.25,239.15,251.35,68039
BETA,2021-05-18 00:00:00+05:30,261.7,261.7,243.9,255.95,6720
BETA,2021-05-19 00:00:00+05:30,262.0,268.65,262.0,267.6,24360
BETA,2021-05-20 00:00:00+05:30,278.45,280.9,272.4,277.15,19320
BETA,2021-05-21 00:00:00+05:30,285.55,285.55,271.9,274.5,14280
BETA,2021-05-24 00:00:00+05:30,284.6,288.2,284.6,288.2,17640
BETA,2021-05-25 00:00:00+05:30,301.85,302.6,301.85,302.6,7560
BETA,2021-05-26 00:00:00+05:30,317.65,317.65,317.65,317.65,7560
BETA,2021-05-27 00:00:00+05:30,333.55,333.55,301.8,301.8,15960
BETA,2021-05-28 00:00:00+05:30,286.75,286.75,286.75,286.75,3360
BETA,2021-05-31 00:00:00+05:30,272.45,272.45,272.45,272.45,13440
BETA,2021-06-01 00:00:00+05:30,258.8,286.05,258.8,282.55,26039
BETA,2021-06-02 00:00:00+05:30,280.9,288.1,273.05,273.05,5880
BETA,2021-06-03 00:00:00+05:30,280.75,285.7,280.75,283.95,5040
BETA,2021-06-04 00:00:00+05:30,292.3,295.25,285.7,294.25,12600
BETA,2021-06-07 00:00:00+05:30,294.25,294.25,280.5,281.15,6720
BETA,2021-06-08 00:00:00+05:30,270.0,280.95,269.95,280.95,5040
BETA,2021-06-09 00:00:00+05:30,280.95,280.95,267.05,274.3,7560
BETA,2021-06-10 00:00:00+05:30,266.65,272.4,266.65,272.35,4200
BETA,2021-06-11 00:00:00+05:30,268.6,285.7,268.6,280.0,7560
BETA,2021-06-14 00:00:00+05:30,266.2,278.9,266.2,276.15,7560
BETA,2021-06-16 00:00:00+05:30,287.15,289.9,284.55,289.9,7560
BETA,2021-06-17 00:00:00+05:30,294.3,294.3,286.9,286.9,3360
BETA,2021-06-18 00:00:00+05:30,285.7,301.25,285.7,301.25,16800
BETA,2021-06-21 00:00:00+05:30,292.5,302.85,287.7,287.75,5040
BETA,2021-06-22 00:00:00+05:30,294.3,294.3,294.3,294.3,840
BETA,2021-06-23 00:00:00+05:30,280.1,285.7,280.1,285.7,2520
BETA,2021-06-24 00:00:00+05:30,285.7,285.7,277.6,277.6,9240
BETA,2021-06-25 00:00:00+05:30,270.6,276.2,270.6,276.2,1680
BETA,2021-06-28 00:00:00+05:30,276.2,276.2,272.85,272.85,1680
BETA,2021-06-29 00:00:00+05:30,283.7,286.5,280.5,285.7,15120
BETA,2021-06-30 00:00:00+05:30,300.0,300.0,299.05,300.0,9240
BETA,2021-07-01 00:00:00+05:30,315.0,315.0,315.0,315.0,16800
BETA,2021-07-02 00:00:00+05:30,330.7,330.7,330.7,330.7,5040
BETA,2021-07-05 00:00:00+05:30,347.25,347.25,347.25,347.25,9240
BETA,2021-07-06 00:00:00+05:30,364.6,364.6,364.6,364.6,2520
BETA,2021-07-07 00:00:00+05:30,382.75,382.75,346.4,346.4,16800
BETA,2021-07-08 00:00:00+05:30,329.1,363.65,329.1,363.65,8400
BETA,2021-07-09 00:00:00+05:30,361.9,380.95,345.8,360.95,10920
BETA,2021-07-12 00:00:00+05:30,365.05,376.95,363.5,376.95,9240
BETA,2021-07-13 00:00:00+05:30,376.3,385.55,366.0,374.35,3360
BETA,2021-07-14 00:00:00+05:30,365.7,375.25,365.7,371.45,4200
BETA,2021-07-15 00:00:00+05:30,372.5,372.5,357.15,357.3,3360
BETA,2021-07-16 00:00:00+05:30,371.45,371.45,343.0,369.05,5040
BETA,2021-07-19 00:00:00+05:30,352.95,354.55,350.65,350.65,11760
BETA,2021-07-20 00:00:00+05:30,352.4,352.65,342.85,345.5,12600
BETA,2021-07-22 00:00:00+05:30,345.25,360.95,345.25,360.95,2520
BETA,2021-07-23 00:00:00+05:30,365.7,378.6,361.9,371.4,12600
BETA,2021-07-26 00:00:00+05:30,366.65,374.3,353.35,360.95,14280
BETA,2021-07-27 00:00:00+05:30,361.9,363.8,353.35,358.1,6720
BETA,2021-07-28 00:00:00+05:30,359.05,359.05,359.05,359.05,840
BETA,2021-07-29 00:00:00+05:30,363.8,363.8,363.8,363.8,840
BETA,2021-07-30 00:00:00+05:30,357.15,357.15,357.15,357.15,840
BETA,2021-08-02 00:00:00+05:30,348.6,348.6,339.35,342.4,8400
BETA,2021-08-03 00:00:00+05:30,339.35,347.65,339.35,347.65,2520
BETA,2021-08-04 00:00:00+05:30,330.5,339.55,330.5,338.1,10920
BETA,2021-08-05 00:00:00+05:30,338.15,350.45,338.05,338.05,10920
BETA,2021-08-06 00:00:00+05:30,348.6,350.95,342.85,342.85,4200
BETA,2021-08-09 00:00:00+05:30,361.9,361.9,352.4,357.15,3360
BETA,2021-08-10 00:00:00+05:30,347.65,347.65,342.85,342.85,1680
BETA,2021-08-11 00:00:00+05:30,334.5,342.85,308.65,333.45,9240
BETA,2021-08-12 00:00:00+05:30,342.85,344.75,338.1,338.15,7560
BETA,2021-08-13 00:00:00+05:30,343.15,343.15,333.35,333.35,8400
BETA,2021-08-16 00:00:00+05:30,333.35,337.15,333.35,337.15,9240
BETA,2021-08-17 00:00:00+05:30,333.35,333.6,333.3,333.35,9240
BETA,2021-08-18 00:00:00+05:30,333.35,333.35,333.35,333.35,840
BETA,2021-08-20 00:00:00+05:30,333.35,334.3,333.35,334.0,3360
BETA,2021-08-23 00:00:00+05:30,314.3,328.1,305.2,311.15,8400
BETA,2021-08-24 00:00:00+05:30,310.95,313.35,304.75,311.0,6720
BETA,2021-08-25 00:00:00+05:30,303.8,304.75,303.8,304.75,1680
BETA,2021-08-27 00:00:00+05:30,333.35,334.3,333.35,333.8,1680
BETA,2021-08-30 00:00:00+05:30,330.95,347.65,330.95,333.35,25199
BETA,2021-09-01 00:00:00+05:30,333.35,333.35,323.8,332.15,8400
BETA,2021-09-02 00:00:00+05:30,318.1,342.85,318.1,342.85,7560
BETA,2021-09-07 00:00:00+05:30,342.85,342.85,322.85,322.85,3360
BETA,2021-09-09 00:00:00+05:30,334.5,354.3,334.3,354.3,5040
BETA,2021-09-13 00:00:00+05:30,334.5,380.9,334.5,369.55,11760
BETA,2021-09-14 00:00:00+05:30,380.95,402.85,365.25,384.95,15120
BETA,2021-09-15 00:00:00+05:30,390.45,413.05,380.95,388.35,36119
BETA,2021-09-16 00:00:00+05:30,388.35,388.35,388.35,388.35,840
BETA,2021-09-17 00:00:00+05:30,395.2,395.25,373.35,377.65,21000
BETA,2021-09-20 00:00:00+05:30,366.65,385.7,361.9,378.4,14280
BETA,2021-09-21 00:00:00+05:30,376.3,380.95,376.2,380.85,12600
BETA,2021-09-22 00:00:00+05:30,380.95,383.8,377.3,377.3,5880
BETA,2021-09-23 00:00:00+05:30,380.95,380.95,380.95,380.95,1680
BETA,2021-09-24 00:00:00+05:30,390.3,419.05,390.3,419.05,21840
BETA,2021-09-27 00:00:00+05:30,451.45,451.45,428.1,429.55,3780
BETA,2021-09-28 00:00:00+05:30,419.3,427.65,419.05,427.65,1680
BETA,2021-09-29 00:00:00+05:30,437.9,449.55,419.05,447.65,5460
BETA,2021-09-30 00:00:00+05:30,429.65,442.75,424.75,428.6,6300
BETA,2021-10-01 00:00:00+05:30,428.6,433.35,428.6,433.35,2100
BETA,2021-10-04 00:00:00+05:30,437.15,455.25,437.15,453.35,2940
BETA,2021-10-05 00:00:00+05:30,455.25,473.35,447.65,472.4,7560
BETA,2021-10-06 00:00:00+05:30,476.2,485.7,466.7,485.7,9240
BETA,2021-10-07 00:00:00+05:30,485.7,578.05,484.9,566.6,35279
BETA,2021-10-08 00:00:00+05:30,633.35,633.35,574.55,582.45,14280
BETA,2021-10-11 00:00:00+05:30,572.4,580.95,561.95,561.95,5040
BETA,2021-10-12 00:00:00+05:30,593.35,593.35,571.45,578.1,10080
BETA,2021-10-13 00:00:00+05:30,571.45,576.15,552.75,557.15,5040
BETA,2021-10-14 00:00:00+05:30,565.7,565.7,533.35,557.15,2100
BETA,2021-10-18 00:00:00+05:30,500.0,538.1,500.0,504.2,13020
BETA,2021-10-19 00:00:00+05:30,495.25,495.25,459.05,476.45,4620
BETA,2021-10-20 00:00:00+05:30,434.3,475.7,420.0,460.95,10080
BETA,2021-10-21 00:00:00+05:30,457.2,476.2,457.2,476.15,3360
BETA,2021-10-22 00:00:00+05:30,466.7,476.15,448.6,452.95,19320
BETA,2021-10-25 00:00:00+05:30,448.6,512.35,448.6,497.4,12180
BETA,2021-10-26 00:00:00+05:30,552.35,556.15,509.55,539.5,14700
BETA,2021-10-27 00:00:00+05:30,552.35,555.2,533.35,542.55,13440
BETA,2021-10-28 00:00:00+05:30,557.15,557.15,528.7,535.0,5460
BETA,2021-10-29 00:00:00+05:30,536.5,538.4,523.8,523.8,5880
BETA,2021-11-01 00:00:00+05:30,533.4,550.5,533.4,550.5,5460
BETA,2021-11-02 00:00:00+05:30,547.65,550.5,536.2,542.85,5460
BETA,2021-11-03 00:00:00+05:30,550.5,554.3,541.9,552.4,2940
BETA,2021-11-04 00:00:00+05:30,552.4,579.05,552.4,562.05,6300
BETA,2021-11-08 00:00:00+05:30,552.4,595.25,552.4,585.75,4620
BETA,2021-11-09 00:00:00+05:30,595.25,595.25,566.75,590.5,2940
BETA,2021-11-10 00:00:00+05:30,561.9,561.9,552.4,552.4,1260
BETA,2021-11-11 00:00:00+05:30,547.65,547.65,542.85,542.9,1260
BETA,2021-11-12 00:00:00+05:30,543.8,543.8,523.8,526.2,12180
BETA,2021-11-15 00:00:00+05:30,491.95,491.95,491.95,491.95,420
BETA,2021-11-16 00:00:00+05:30,490.5,490.5,463.8,490.5,2940
BETA,2021-11-17 00:00:00+05:30,482.25,485.7,472.4,480.5,5460
BETA,2021-11-18 00:00:00+05:30,473.8,476.2,471.45,471.45,2100
BETA,2021-11-22 00:00:00+05:30,466.7,466.75,445.7,451.4,10080
BETA,2021-11-23 00:00:00+05:30,455.25,461.9,453.4,461.9,3780
BETA,2021-11-24 00:00:00+05:30,476.2,495.25,471.5,471.5,2100
BETA,2021-11-25 00:00:00+05:30,472.4,472.4,448.6,466.7,4200
BETA,2021-11-26 00:00:00+05:30,452.4,509.55,443.15,475.7,9660
BETA,2021-11-29 00:00:00+05:30,466.7,485.7,459.05,485.7,2940
BETA,2021-11-30 00:00:00+05:30,492.95,506.95,490.5,495.25,6720
BETA,2021-12-01 00:00:00+05:30,476.2,500.0,476.2,489.3,2520
BETA,2021-12-02 00:00:00+05:30,490.5,494.3,476.2,490.5,5040
BETA,2021-12-03 00:00:00+05:30,484.0,484.0,476.2,476.2,5040
BETA,2021-12-06 00:00:00+05:30,467.65,500.0,467.65,486.0,5460
BETA,2021-12-07 00:00:00+05:30,485.7,495.25,485.7,495.25,840
BETA,2021-12-08 00:00:00+05:30,500.95,594.3,500.95,594.3,55019
BETA,2021-12-09 00:00:00+05:30,606.15,628.6,588.6,595.25,15120
BETA,2021-12-10 00:00:00+05:30,585.75,590.5,580.95,590.5,1680
BETA,2021-12-13 00:00:00+05:30,593.35,600.95,566.75,587.65,7560
BETA,2021-12-14 00:00:00+05:30,585.75,590.5,573.35,574.4,2940
BETA,2021-12-15 00:00:00+05:30,576.2,576.2,576.2,576.2,420
BETA,2021-12-16 00:00:00+05:30,568.6,571.45,561.9,565.1,2100
BETA,2021-12-17 00:00:00+05:30,570.5,580.0,554.4,554.8,2940
BETA,2021-12-20 00:00:00+05:30,449.55,523.9,444.55,514.3,7560
BETA,2021-12-21 00:00:00+05:30,500.95,561.9,500.95,523.85,6300
BETA,2021-12-22 00:00:00+05:30,533.45,560.95,519.3,536.5,10500
BETA,2021-12-23 00:00:00+05:30,546.7,546.7,516.7,529.3,9240
BETA,2021-12-24 00:00:00+05:30,523.8,530.5,501.25,530.5,5040
BETA,2021-12-27 00:00:00+05:30,530.5,530.5,523.8,530.5,1680
BETA,2021-12-28 00:00:00+05:30,537.8,547.65,530.0,543.8,8820
BETA,2021-12-29 00:00:00+05:30,543.8,543.8,525.7,528.6,4620
BETA,2021-12-30 00:00:00+05:30,528.6,580.45,528.6,573.55,6720
BETA,2021-12-31 00:00:00+05:30,595.15,619.05,590.0,609.75,10080
BETA,2022-01-03 00:00:00+05:30,617.05,628.6,607.65,623.8,4620
BETA,2022-01-04 00:00:00+05:30,637.75,637.75,620.2,627.65,2100
BETA,2022-01-05 00:00:00+05:30,619.05,632.4,601.15,632.4,4620
BETA,2022-01-06 00:00:00+05:30,632.4,632.4,613.35,613.35,3780
BETA,2022-01-07 00:00:00+05:30,605.75,628.6,590.5,590.95,4620
BETA,2022-01-10 00:00:00+05:30,572.65,623.8,562.85,623.8,5460
BETA,2022-01-11 00:00:00+05:30,622.85,622.85,593.35,601.7,5460
BETA,2022-01-12 00:00:00+05:30,582.85,590.5,571.45,572.4,5460
BETA,2022-01-13 00:00:00+05:30,591.45,591.45,591.45,591.45,420
BETA,2022-01-14 00:00:00+05:30,560.95,585.75,560.95,585.75,2100
BETA,2022-01-17 00:00:00+05:30,575.15,585.55,571.45,573.0,6720
BETA,2022-01-18 00:00:00+05:30,580.95,580.95,562.2,577.15,2940
BETA,2022-01-19 00:00:00+05:30,577.15,577.15,561.9,574.3,2940
BETA,2022-01-20 00:00:00+05:30,571.45,588.6,571.45,584.75,2100
BETA,2022-01-21 00:00:00+05:30,584.75,599.55,567.15,567.15,3780
BETA,2022-01-24 00:00:00+05:30,563.8,563.8,533.45,549.6,5460
BETA,2022-01-25 00:00:00+05:30,550.5,590.55,550.5,590.45,1260
BETA,2022-01-27 00:00:00+05:30,586.7,600.0,571.45,579.75,3780
BETA,2022-01-28 00:00:00+05:30,584.75,584.75,580.95,580.95,1260
BETA,2022-01-31 00:00:00+05:30,580.95,605.75,572.4,591.45,2730
BETA,2022-02-01 00:00:00+05:30,572.85,585.7,523.95,579.6,3360
BETA,2022-02-02 00:00:00+05:30,574.85,587.35,571.4,571.45,5040
BETA,2022-02-03 00:00:00+05:30,595.25,595.25,564.4,579.05,7140
BETA,2022-02-04 00:00:00+05:30,585.65,585.65,567.75,573.3,2730
BETA,2022-02-07 00:00:00+05:30,576.2,576.2,553.75,559.2,5670
BETA,2022-02-08 00:00:00+05:30,559.2,569.55,552.4,555.2,3570
BETA,2022-02-09 00:00:00+05:30,552.4,561.9,547.75,553.7,1680
BETA,2022-02-10 00:00:00+05:30,547.75,661.9,535.5,568.1,10080
BETA,2022-02-11 00:00:00+05:30,570.4,582.7,569.55,571.45,3780
BETA,2022-02-14 00:00:00+05:30,571.45,571.45,571.4,571.45,2730
BETA,2022-02-15 00:00:00+05:30,552.4,562.85,533.35,555.7,8400
BETA,2022-02-16 00:00:00+05:30,580.95,580.95,553.35,553.35,2520
BETA,2022-02-17 00:00:00+05:30,553.35,571.45,553.35,571.4,1050
BETA,2022-02-18 00:00:00+05:30,527.65,547.65,524.3,538.1,6510
BETA,2022-02-21 00:00:00+05:30,533.35,533.35,495.8,504.7,6720
BETA,2022-02-22 00:00:00+05:30,504.7,516.2,495.25,515.25,4410
BETA,2022-02-23 00:00:00+05:30,528.6,556.2,528.6,536.2,4620
BETA,2022-02-24 00:00:00+05:30,523.8,523.8,510.5,510.5,1890
BETA,2022-02-25 00:00:00+05:30,544.75,544.75,506.7,506.7,2310
BETA,2022-02-28 00:00:00+05:30,506.7,518.6,506.7,518.6,840
BETA,2022-03-02 00:00:00+05:30,480.95,514.3,463.2,495.3,3990
BETA,2022-03-03 00:00:00+05:30,495.3,518.1,495.3,498.85,1470
BETA,2022-03-04 00:00:00+05:30,504.75,509.55,497.15,509.35,2310
BETA,2022-03-07 00:00:00+05:30,481.0,490.5,480.95,490.5,1260
BETA,2022-03-08 00:00:00+05:30,490.5,490.5,490.5,490.5,210
BETA,2022-03-09 00:00:00+05:30,504.75,516.2,504.75,515.25,840
BETA,2022-03-10 00:00:00+05:30,523.8,540.0,523.8,528.6,1470
BETA,2022-03-11 00:00:00+05:30,540.0,540.0,521.9,526.2,1680
BETA,2022-03-15 00:00:00+05:30,525.7,525.7,514.3,518.75,2520
BETA,2022-03-16 00:00:00+05:30,501.0,518.1,500.95,518.1,840
BETA,2022-03-17 00:00:00+05:30,518.1,518.1,509.55,509.55,3990
BETA,2022-03-21 00:00:00+05:30,511.45,528.55,510.95,528.55,630
BETA,2022-03-22 00:00:00+05:30,533.35,533.35,522.0,522.0,840
BETA,2022-03-23 00:00:00+05:30,528.5,539.7,523.8,533.3,840
BETA,2022-03-24 00:00:00+05:30,512.4,528.6,512.4,523.8,840
BETA,2022-03-25 00:00:00+05:30,501.95,527.65,501.95,516.7,1260
BETA,2022-03-28 00:00:00+05:30,533.35,533.35,533.35,533.35,210
BETA,2022-03-29 00:00:00+05:30,542.8,542.85,542.8,542.85,1050
BETA,2022-03-30 00:00:00+05:30,542.85,542.85,526.3,530.75,1680
BETA,2022-03-31 00:00:00+05:30,542.75,542.85,533.8,538.6,1470
BETA,2022-04-01 00:00:00+05:30,538.35,549.75,538.35,549.75,630
BETA,2022-04-04 00:00:00+05:30,560.75,653.25,520.05,559.15,3150
BETA,2022-04-05 00:00:00+05:30,554.3,557.15,554.3,557.15,840
BETA,2022-04-06 00:00:00+05:30,557.15,588.6,538.7,588.6,1470
BETA,2022-04-07 00:00:00+05:30,557.15,558.1,544.85,558.1,630
BETA,2022-04-08 00:00:00+05:30,561.05,561.05,547.65,547.65,2940
BETA,2022-04-11 00:00:00+05:30,543.45,571.45,538.1,551.25,3150
BETA,2022-04-12 00:00:00+05:30,568.5,601.9,568.5,601.75,10920
BETA,2022-04-13 00:00:00+05:30,534.3,609.55,534.3,607.3,5670
BETA,2022-04-18 00:00:00+05:30,590.5,645.75,584.5,619.65,4620
BETA,2022-04-19 00:00:00+05:30,619.65,628.6,597.25,614.6,2520
BETA,2022-04-20 00:00:00+05:30,611.75,622.85,595.25,601.15,4830
BETA,2022-04-21 00:00:00+05:30,623.8,630.5,619.05,619.55,3570
BETA,2022-04-22 00:00:00+05:30,630.5,637.35,601.25,621.8,2100
BETA,2022-04-25 00:00:00+05:30,585.75,638.1,585.75,628.6,3570
BETA,2022-04-26 00:00:00+05:30,628.65,697.15,628.6,686.5,20580
BETA,2022-04-27 00:00:00+05:30,666.7,694.3,655.25,672.85,14700
BETA,2022-04-28 00:00:00+05:30,676.2,730.45,676.2,718.4,18270
BETA,2022-04-29 00:00:00+05:30,747.65,862.05,747.65,860.45,92188
BETA,2022-05-02 00:00:00+05:30,904.8,975.65,833.85,910.9,50189
BETA,2022-05-04 00:00:00+05:30,866.8,946.65,866.8,908.6,15540
BETA,2022-05-05 00:00:00+05:30,912.4,928.6,857.15,888.1,19530
BETA,2022-05-06 00:00:00+05:30,842.85,923.85,842.85,876.55,13230
BETA,2022-05-09 00:00:00+05:30,876.2,900.0,849.65,860.6,7350
BETA,2022-05-10 00:00:00+05:30,871.45,893.35,862.0,874.1,8610
BETA,2022-05-11 00:00:00+05:30,868.6,900.0,786.75,799.15,27089
BETA,2022-05-12 00:00:00+05:30,772.45,781.0,742.85,767.85,17220
BETA,2022-05-13 00:00:00+05:30,827.65,827.65,742.85,758.15,15960
BETA,2022-05-16 00:00:00+05:30,758.6,781.9,744.1,764.8,3990
BETA,2022-05-17 00:00:00+05:30,765.25,838.1,765.25,834.95,9240
BETA,2022-05-18 00:00:00+05:30,828.6,829.55,816.2,827.65,2100
BETA,2022-05-19 00:00:00+05:30,809.55,840.0,785.75,816.2,5460
BETA,2022-05-20 00:00:00+05:30,854.3,875.25,838.1,867.1,7140
BETA,2022-05-23 00:00:00+05:30,867.85,898.85,867.65,880.0,5460
BETA,2022-05-24 00:00:00+05:30,880.85,880.85,842.85,843.0,3780
BETA,2022-05-25 00:00:00+05:30,842.95,851.45,809.65,838.95,4620
BETA,2022-05-26 00:00:00+05:30,861.9,861.9,755.25,788.4,10500
BETA,2022-05-27 00:00:00+05:30,831.45,831.45,793.9,800.95,2310
BETA,2022-05-30 00:00:00+05:30,787.75,816.7,787.75,795.25,3990
BETA,2022-05-31 00:00:00+05:30,804.7,814.1,791.5,791.5,840
BETA,2022-06-01 00:00:00+05:30,792.45,797.65,788.6,789.55,1890
BETA,2022-06-02 00:00:00+05:30,787.25,828.6,787.25,809.75,2940
BETA,2022-06-03 00:00:00+05:30,842.85,847.65,825.85,833.1,3990
BETA,2022-06-06 00:00:00+05:30,838.1,876.2,838.1,843.7,3150
BETA,2022-06-07 00:00:00+05:30,871.4,871.4,824.8,853.8,5040
BETA,2022-06-08 00:00:00+05:30,853.8,853.8,853.8,853.8,210
BETA,2022-06-09 00:00:00+05:30,853.8,861.9,838.6,852.4,2940
BETA,2022-06-10 00:00:00+05:30,866.65,885.75,852.4,852.4,3570
BETA,2022-06-13 00:00:00+05:30,795.45,832.3,795.45,821.45,3150
BETA,2022-06-14 00:00:00+05:30,838.95,848.3,815.0,819.4,4200
BETA,2022-06-15 00:00:00+05:30,824.6,847.55,807.65,817.85,6090
BETA,2022-06-16 00:00:00+05:30,819.15,819.15,733.35,742.9,22470
BETA,2022-06-17 00:00:00+05:30,742.85,742.85,657.15,673.6,28139
BETA,2022-06-20 00:00:00+05:30,712.4,712.4,580.95,631.1,19740
BETA,2022-06-21 00:00:00+05:30,642.85,671.45,614.3,628.35,14700
BETA,2022-06-22 00:00:00+05:30,628.35,640.95,592.4,596.9,11970
BETA,2022-06-23 00:00:00+05:30,600.05,604.75,571.45,581.5,18690
BETA,2022-06-24 00:00:00+05:30,626.2,626.2,576.5,580.7,16800
BETA,2022-06-27 00:00:00+05:30,592.45,600.9,552.4,560.75,27089
BETA,2022-06-28 00:00:00+05:30,552.4,623.85,552.4,617.6,8610
BETA,2022-06-29 00:00:00+05:30,617.15,678.6,616.2,670.25,13020
BETA,2022-06-30 00:00:00+05:30,740.0,740.0,675.25,675.6,14070
BETA,2022-07-01 00:00:00+05:30,665.65,675.25,643.8,647.9,4410
BETA,2022-07-04 00:00:00+05:30,632.4,632.4,598.1,609.15,13650
BETA,2022-07-05 00:00:00+05:30,619.0,619.0,582.95,599.95,10500
BETA,2022-07-06 00:00:00+05:30,601.9,616.2,596.2,616.15,5880
BETA,2022-07-07 00:00:00+05:30,638.05,638.05,600.0,618.85,3570
BETA,2022-07-08 00:00:00+05:30,635.2,662.85,633.55,636.6,4200
BETA,2022-07-11 00:00:00+05:30,655.3,657.15,636.6,645.75,5670
BETA,2022-07-12 00:00:00+05:30,622.05,638.1,619.1,638.1,4410
BETA,2022-07-13 00:00:00+05:30,633.35,638.1,629.1,638.1,1470
BETA,2022-07-14 00:00:00+05:30,629.65,629.65,623.8,629.55,3570
BETA,2022-07-15 00:00:00+05:30,629.55,638.5,629.55,638.5,1260
BETA,2022-07-18 00:00:00+05:30,665.65,678.1,651.5,667.05,5250
BETA,2022-07-19 00:00:00+05:30,710.2,710.2,680.95,695.25,3570
BETA,2022-07-20 00:00:00+05:30,700.0,720.95,695.25,695.25,1470
BETA,2022-07-21 00:00:00+05:30,694.3,761.9,680.95,746.85,5880
BETA,2022-07-22 00:00:00+05:30,752.4,828.6,744.85,808.5,9660
BETA,2022-07-25 00:00:00+05:30,838.0,838.0,778.1,802.35,5670
BETA,2022-07-26 00:00:00+05:30,828.6,828.6,768.6,806.4,4200
BETA,2022-07-27 00:00:00+05:30,782.85,806.4,782.85,795.25,1260
BETA,2022-07-28 00:00:00+05:30,789.2,792.4,780.95,792.4,1260
BETA,2022-07-29 00:00:00+05:30,790.5,790.5,761.9,774.3,3780
BETA,2022-08-01 00:00:00+05:30,776.2,776.2,768.6,768.6,3780
BETA,2022-08-02 00:00:00+05:30,767.55,767.55,765.75,765.75,420
BETA,2022-08-03 00:00:00+05:30,762.85,762.85,714.3,749.55,5670
BETA,2022-08-04 00:00:00+05:30,779.0,780.0,755.25,755.25,1680
BETA,2022-08-08 00:00:00+05:30,757.15,795.25,743.8,771.95,3780
BETA,2022-08-10 00:00:00+05:30,755.3,761.9,755.25,759.55,1050
BETA,2022-08-11 00:00:00+05:30,761.9,763.8,745.75,757.0,1890
BETA,2022-08-12 00:00:00+05:30,757.0,766.7,738.1,766.65,5460
BETA,2022-08-16 00:00:00+05:30,771.45,786.7,766.7,786.7,1890
BETA,2022-08-17 00:00:00+05:30,776.2,785.75,773.35,784.55,6720
BETA,2022-08-18 00:00:00+05:30,762.85,783.85,761.85,761.9,8400
BETA,2022-08-19 00:00:00+05:30,743.05,752.3,733.45,751.45,3570
BETA,2022-08-22 00:00:00+05:30,715.25,761.9,669.55,741.9,8610
BETA,2022-08-23 00:00:00+05:30,744.8,816.2,744.8,779.05,4410
BETA,2022-08-24 00:00:00+05:30,784.8,784.8,761.9,761.9,1260
BETA,2022-08-25 00:00:00+05:30,771.45,771.45,743.8,752.35,3150
BETA,2022-08-26 00:00:00+05:30,752.4,753.35,720.2,753.35,3360
BETA,2022-08-29 00:00:00+05:30,749.55,788.5,723.8,760.95,5460
BETA,2022-08-30 00:00:00+05:30,761.45,780.95,761.45,768.9,2100
BETA,2022-09-01 00:00:00+05:30,726.2,780.95,726.2,778.1,3780
BETA,2022-09-02 00:00:00+05:30,761.9,791.45,761.9,761.9,2520
BETA,2022-09-05 00:00:00+05:30,761.9,761.9,742.85,750.95,5250
BETA,2022-09-06 00:00:00+05:30,747.7,760.95,747.7,760.95,4620
BETA,2022-09-07 00:00:00+05:30,760.95,761.9,749.4,752.4,3990
BETA,2022-09-08 00:00:00+05:30,761.8,761.9,748.65,752.4,5460
BETA,2022-09-09 00:00:00+05:30,761.9,761.9,753.8,754.4,2520
BETA,2022-09-12 00:00:00+05:30,780.9,785.75,742.95,755.05,8820
BETA,2022-09-13 00:00:00+05:30,752.4,761.9,752.4,752.4,3360
BETA,2022-09-14 00:00:00+05:30,752.4,752.4,738.1,741.85,4410
BETA,2022-09-15 00:00:00+05:30,756.2,757.45,738.2,757.45,3360
BETA,2022-09-16 00:00:00+05:30,742.85,757.05,742.85,756.2,1260
BETA,2022-09-19 00:00:00+05:30,760.95,762.85,735.25,752.4,4200
BETA,2022-09-20 00:00:00+05:30,778.1,778.1,757.15,760.8,2310
BETA,2022-09-21 00:00:00+05:30,761.9,782.4,744.8,759.1,8190
BETA,2022-09-22 00:00:00+05:30,761.9,761.9,760.95,760.95,1890
BETA,2022-09-23 00:00:00+05:30,761.9,761.9,726.8,754.25,11340
BETA,2022-09-26 00:00:00+05:30,760.8,760.8,726.75,735.95,2730
BETA,2022-09-27 00:00:00+05:30,709.55,746.7,709.05,717.05,5250
BETA,2022-09-28 00:00:00+05:30,717.05,760.9,717.05,750.5,5040
BETA,2022-09-29 00:00:00+05:30,761.9,761.9,739.05,741.9,2730
BETA,2022-09-30 00:00:00+05:30,742.85,756.2,733.45,733.45,1050
BETA,2022-10-03 00:00:00+05:30,738.1,755.55,738.1,746.7,1260
BETA,2022-10-04 00:00:00+05:30,743.95,755.75,696.25,712.55,6510
BETA,2022-10-06 00:00:00+05:30,734.65,738.0,723.8,733.35,1680
BETA,2022-10-07 00:00:00+05:30,742.85,747.65,716.35,728.35,2520
BETA,2022-10-10 00:00:00+05:30,752.4,752.4,714.3,714.3,2940
BETA,2022-10-11 00:00:00+05:30,693.55,723.8,667.05,719.05,5040
BETA,2022-10-12 00:00:00+05:30,695.25,708.1,676.25,684.9,9240
BETA,2022-10-13 00:00:00+05:30,674.3,690.5,666.75,680.95,5670
BETA,2022-10-14 00:00:00+05:30,685.7,694.9,685.7,694.9,2940
BETA,2022-10-17 00:00:00+05:30,695.25,717.05,686.8,704.7,1890
BETA,2022-10-18 00:00:00+05:30,709.55,709.55,690.7,695.25,1680
BETA,2022-10-19 00:00:00+05:30,669.55,704.3,669.55,700.0,2310
BETA,2022-10-20 00:00:00+05:30,714.3,714.3,689.65,690.0,4620
BETA,2022-10-21 00:00:00+05:30,714.3,714.3,691.85,691.85,1470
BETA,2022-10-24 00:00:00+05:30,706.6,761.9,700.0,718.4,2100
BETA,2022-10-25 00:00:00+05:30,700.95,740.0,700.95,733.35,3360
BETA,2022-10-27 00:00:00+05:30,742.85,763.8,733.35,735.75,8190
BETA,2022-10-28 00:00:00+05:30,747.65,757.1,723.8,729.95,9240
BETA,2022-10-31 00:00:00+05:30,733.45,741.9,685.75,690.5,13440
BETA,2022-11-01 00:00:00+05:30,690.5,698.1,685.75,686.05,11340
BETA,2022-11-02 00:00:00+05:30,693.25,693.35,687.3,687.3,840
BETA,2022-11-03 00:00:00+05:30,681.9,690.5,680.95,689.0,2100
BETA,2022-11-04 00:00:00+05:30,685.75,699.05,685.75,699.05,1470
BETA,2022-11-07 00:00:00+05:30,695.25,696.2,695.25,695.25,840
BETA,2022-11-09 00:00:00+05:30,737.3,737.3,700.0,700.0,3990
BETA,2022-11-10 00:00:00+05:30,690.5,697.15,690.5,690.5,2310
BETA,2022-11-11 00:00:00+05:30,709.55,709.55,695.3,695.3,1470
BETA,2022-11-14 00:00:00+05:30,713.45,713.55,673.35,690.5,3360
BETA,2022-11-15 00:00:00+05:30,685.75,685.75,666.7,685.75,3570
BETA,2022-11-16 00:00:00+05:30,676.75,688.6,668.6,688.6,1260
BETA,2022-11-17 00:00:00+05:30,690.5,695.25,676.25,693.35,2310
BETA,2022-11-18 00:00:00+05:30,685.75,686.7,685.75,685.75,4410
BETA,2022-11-21 00:00:00+05:30,699.9,712.35,695.25,706.7,4830
BETA,2022-11-22 00:00:00+05:30,706.7,706.7,690.6,690.6,840
BETA,2022-11-23 00:00:00+05:30,690.6,690.6,676.25,678.15,1470
BETA,2022-11-24 00:00:00+05:30,690.5,704.8,676.2,685.75,5880
BETA,2022-11-25 00:00:00+05:30,703.8,703.8,685.8,685.8,1050
BETA,2022-11-28 00:00:00+05:30,685.75,704.8,680.95,689.1,3990
BETA,2022-11-29 00:00:00+05:30,697.15,697.15,680.95,684.8,2940
BETA,2022-11-30 00:00:00+05:30,687.65,704.8,686.7,689.7,1890
BETA,2022-12-01 00:00:00+05:30,689.7,702.85,677.25,684.15,3360
BETA,2022-12-02 00:00:00+05:30,686.7,693.15,677.15,685.75,3780
BETA,2022-12-05 00:00:00+05:30,685.75,705.75,678.15,694.8,1680
BETA,2022-12-06 00:00:00+05:30,695.25,695.25,676.2,678.35,1260
BETA,2022-12-07 00:00:00+05:30,680.5,691.45,653.35,664.0,10290
BETA,2022-12-08 00:00:00+05:30,664.0,664.0,640.85,647.4,10710
BETA,2022-12-09 00:00:00+05:30,652.4,666.7,652.4,652.5,3780
BETA,2022-12-12 00:00:00+05:30,665.75,695.25,658.1,677.15,5040
BETA,2022-12-13 00:00:00+05:30,684.7,684.7,676.25,680.95,1260
BETA,2022-12-14 00:00:00+05:30,680.95,680.95,676.25,676.25,630
BETA,2022-12-15 00:00:00+05:30,659.55,683.8,659.55,665.75,2520
BETA,2022-12-16 00:00:00+05:30,665.75,679.0,665.75,665.75,1470
BETA,2022-12-19 00:00:00+05:30,666.75,680.0,665.8,676.2,1470
BETA,2022-12-20 00:00:00+05:30,676.0,676.0,664.8,671.45,1050
BETA,2022-12-21 00:00:00+05:30,662.0,662.0,628.6,638.1,2940
BETA,2022-12-22 00:00:00+05:30,685.75,685.75,601.05,647.65,4200
BETA,2022-12-23 00:00:00+05:30,647.65,678.3,628.6,632.65,3780
BETA,2022-12-26 00:00:00+05:30,666.6,666.7,640.5,647.65,1680
BETA,2022-12-27 00:00:00+05:30,652.4,664.8,648.15,652.4,1680
BETA,2022-12-28 00:00:00+05:30,628.65,642.85,628.65,639.95,3570
BETA,2022-12-29 00:00:00+05:30,639.95,665.5,639.95,659.65,1260
BETA,2022-12-30 00:00:00+05:30,666.15,676.2,666.15,676.2,1680
BETA,2023-01-02 00:00:00+05:30,674.25,674.25,642.9,643.85,1260
BETA,2023-01-03 00:00:00+05:30,649.55,652.4,648.6,652.4,840
BETA,2023-01-04 00:00:00+05:30,675.9,675.9,646.4,649.55,840
BETA,2023-01-05 00:00:00+05:30,653.35,659.9,638.1,659.9,2100
BETA,2023-01-06 00:00:00+05:30,652.4,659.55,647.65,659.55,840
BETA,2023-01-09 00:00:00+05:30,655.25,656.95,633.4,646.6,840
BETA,2023-01-10 00:00:00+05:30,630.7,642.95,630.7,642.95,840
BETA,2023-01-11 00:00:00+05:30,647.6,665.75,647.6,652.4,1260
BETA,2023-01-12 00:00:00+05:30,650.5,657.15,643.7,643.7,1260
BETA,2023-01-13 00:00:00+05:30,637.25,647.15,634.75,642.4,2100
BETA,2023-01-16 00:00:00+05:30,652.4,652.4,623.9,638.1,2730
BETA,2023-01-17 00:00:00+05:30,638.1,666.7,624.75,632.05,4410
BETA,2023-01-18 00:00:00+05:30,623.25,623.25,622.85,622.85,1050
BETA,2023-01-19 00:00:00+05:30,640.0,642.85,619.05,619.05,2730
BETA,2023-01-20 00:00:00+05:30,609.55,663.8,609.55,649.45,4620
BETA,2023-01-23 00:00:00+05:30,647.65,647.65,633.35,633.35,1680
BETA,2023-01-24 00:00:00+05:30,633.35,642.7,619.05,619.05,2730
BETA,2023-01-25 00:00:00+05:30,619.05,642.8,619.05,634.9,3780
BETA,2023-01-27 00:00:00+05:30,615.8,615.8,600.95,605.75,2310
BETA,2023-01-30 00:00:00+05:30,595.25,606.7,576.2,598.35,10290
BETA,2023-01-31 00:00:00+05:30,600.0,604.75,590.95,600.0,2520
BETA,2023-02-01 00:00:00+05:30,600.0,642.7,600.0,600.0,2730
BETA,2023-02-02 00:00:00+05:30,617.15,618.05,592.4,595.25,1890
BETA,2023-02-03 00:00:00+05:30,592.4,609.55,592.4,604.3,2520
BETA,2023-02-06 00:00:00+05:30,603.8,603.8,571.45,592.85,4830
BETA,2023-02-07 00:00:00+05:30,609.55,609.55,571.45,595.25,4200
BETA,2023-02-08 00:00:00+05:30,572.85,604.75,572.85,595.55,1050
BETA,2023-02-09 00:00:00+05:30,665.75,665.75,605.75,607.0,2730
BETA,2023-02-10 00:00:00+05:30,607.65,618.6,605.75,605.75,630
BETA,2023-02-13 00:00:00+05:30,612.4,633.3,600.95,609.05,2940
BETA,2023-02-14 00:00:00+05:30,626.55,626.55,604.85,609.1,1260
BETA,2023-02-15 00:00:00+05:30,638.1,638.1,606.2,635.1,10920
BETA,2023-02-16 00:00:00+05:30,636.2,636.2,599.0,610.5,5880
BETA,2023-02-17 00:00:00+05:30,610.55,614.2,605.0,611.45,1260
BETA,2023-02-20 00:00:00+05:30,611.45,611.45,611.45,611.45,420
BETA,2023-02-21 00:00:00+05:30,609.6,614.3,606.25,612.95,3990
BETA,2023-02-22 00:00:00+05:30,614.3,614.3,607.1,614.3,3360
BETA,2023-02-23 00:00:00+05:30,619.05,655.15,619.05,628.6,3360
BETA,2023-02-24 00:00:00+05:30,615.3,615.3,593.4,598.1,1680
BETA,2023-02-27 00:00:00+05:30,598.1,598.1,589.55,590.5,3150
BETA,2023-02-28 00:00:00+05:30,571.5,615.25,571.5,615.25,1470
BETA,2023-03-01 00:00:00+05:30,615.1,640.9,615.1,636.15,2940
BETA,2023-03-02 00:00:00+05:30,651.4,660.9,636.2,638.1,1680
BETA,2023-03-03 00:00:00+05:30,640.0,640.0,614.3,614.3,2310
BETA,2023-03-06 00:00:00+05:30,641.9,646.7,616.2,646.7,2100
BETA,2023-03-08 00:00:00+05:30,645.75,645.75,619.65,619.65,840
BETA,2023-03-09 00:00:00+05:30,637.15,637.15,619.05,633.35,1470
BETA,2023-03-10 00:00:00+05:30,660.0,660.0,642.85,642.85,1260
BETA,2023-03-13 00:00:00+05:30,659.0,659.0,628.6,628.6,1260
BETA,2023-03-14 00:00:00+05:30,628.6,630.5,619.05,619.05,1260
BETA,2023-03-15 00:00:00+05:30,597.35,632.2,597.35,605.3,1050
BETA,2023-03-16 00:00:00+05:30,597.15,613.8,584.25,592.0,1890
BETA,2023-03-17 00:00:00+05:30,593.65,600.0,591.45,599.85,3150
BETA,2023-03-20 00:00:00+05:30,573.9,602.85,571.45,589.65,4830
BETA,2023-03-21 00:00:00+05:30,609.25,619.05,580.75,619.05,9240
BETA,2023-03-22 00:00:00+05:30,619.05,619.05,598.2,598.2,840
BETA,2023-03-23 00:00:00+05:30,598.2,600.0,588.05,600.0,4200
BETA,2023-03-24 00:00:00+05:30,604.75,609.55,576.2,580.95,10500
BETA,2023-03-27 00:00:00+05:30,582.85,598.1,580.95,592.4,4200
BETA,2023-03-28 00:00:00+05:30,589.7,589.7,580.95,582.9,3150
BETA,2023-03-29 00:00:00+05:30,578.4,585.75,578.4,582.4,2520
BETA,2023-03-31 00:00:00+05:30,579.05,602.85,579.05,597.1,1260
BETA,2023-04-03 00:00:00+05:30,614.3,665.75,613.8,659.25,6720
BETA,2023-04-05 00:00:00+05:30,658.1,669.55,640.1,664.05,3570
BETA,2023-04-06 00:00:00+05:30,671.45,671.45,655.75,666.7,5460
BETA,2023-04-10 00:00:00+05:30,666.7,671.45,650.95,652.15,3150
BETA,2023-04-11 00:00:00+05:30,646.7,661.9,646.2,660.0,2310
BETA,2023-04-12 00:00:00+05:30,642.85,666.7,642.85,647.95,3780
BETA,2023-04-13 00:00:00+05:30,666.0,666.0,647.95,647.95,840
BETA,2023-04-17 00:00:00+05:30,659.0,666.7,655.25,666.65,1890
BETA,2023-04-18 00:00:00+05:30,666.7,742.85,666.7,733.35,7770
BETA,2023-04-19 00:00:00+05:30,706.85,771.15,682.85,750.5,12600
BETA,2023-04-20 00:00:00+05:30,705.75,775.25,694.3,752.4,16380
BETA,2023-04-21 00:00:00+05:30,780.95,809.4,742.85,755.2,5880
BETA,2023-04-24 00:00:00+05:30,760.9,760.9,733.35,742.85,2940
BETA,2023-04-25 00:00:00+05:30,733.35,733.35,723.8,723.8,1050
BETA,2023-04-26 00:00:00+05:30,705.0,718.6,696.2,716.45,2730
BETA,2023-04-27 00:00:00+05:30,734.3,745.65,733.35,745.65,1680
BETA,2023-04-28 00:00:00+05:30,740.0,752.4,740.0,742.85,1470
BETA,2023-05-02 00:00:00+05:30,752.4,780.95,750.5,751.7,3990
BETA,2023-05-03 00:00:00+05:30,756.2,756.2,744.8,747.65,1890
BETA,2023-05-04 00:00:00+05:30,733.35,752.4,725.75,751.9,1890
BETA,2023-05-05 00:00:00+05:30,738.0,738.0,733.3,733.35,1050
BETA,2023-05-08 00:00:00+05:30,739.05,739.05,685.75,689.45,5880
BETA,2023-05-09 00:00:00+05:30,652.4,685.75,645.1,671.45,7140
BETA,2023-05-10 00:00:00+05:30,671.45,727.45,671.45,713.8,9870
BETA,2023-05-11 00:00:00+05:30,727.55,741.9,727.55,728.8,3150
BETA,2023-05-12 00:00:00+05:30,727.6,727.65,714.3,726.7,3360
BETA,2023-05-15 00:00:00+05:30,726.8,737.55,723.8,723.8,13230
BETA,2023-05-16 00:00:00+05:30,714.3,733.35,714.3,723.8,3780
BETA,2023-05-17 00:00:00+05:30,723.8,730.95,722.8,730.95,2520
BETA,2023-05-18 00:00:00+05:30,730.95,735.25,724.35,730.5,1680
BETA,2023-05-19 00:00:00+05:30,716.2,716.2,687.15,697.1,3150
BETA,2023-05-22 00:00:00+05:30,700.95,702.5,689.6,695.2,1890
BETA,2023-05-23 00:00:00+05:30,695.25,704.8,695.25,704.8,2730
BETA,2023-05-24 00:00:00+05:30,733.35,733.35,704.8,708.6,2520
BETA,2023-05-25 00:00:00+05:30,723.8,723.8,705.75,705.75,3360
BETA,2023-05-26 00:00:00+05:30,705.75,705.75,695.25,705.75,3990
BETA,2023-05-29 00:00:00+05:30,628.6,698.1,628.6,689.4,2940
BETA,2023-05-30 00:00:00+05:30,704.8,707.65,704.8,704.8,2730
BETA,2023-05-31 00:00:00+05:30,736.2,736.7,710.5,732.05,7560
BETA,2023-06-01 00:00:00+05:30,731.4,735.25,704.8,723.8,3360
BETA,2023-06-02 00:00:00+05:30,709.65,729.9,709.65,729.85,3990
BETA,2023-06-05 00:00:00+05:30,729.85,744.8,729.55,736.7,4410
BETA,2023-06-06 00:00:00+05:30,736.7,762.85,736.7,755.8,10080
BETA,2023-06-07 00:00:00+05:30,780.9,780.9,761.9,770.4,5670
BETA,2023-06-08 00:00:00+05:30,773.45,773.8,761.9,761.9,3150
BETA,2023-06-09 00:00:00+05:30,761.9,784.3,743.15,761.6,2940
BETA,2023-06-12 00:00:00+05:30,761.9,770.0,755.25,755.25,2100
BETA,2023-06-13 00:00:00+05:30,761.9,771.4,761.9,771.4,2310
BETA,2023-06-14 00:00:00+05:30,761.9,761.9,757.15,761.9,2520
BETA,2023-06-15 00:00:00+05:30,760.0,761.9,742.95,756.7,1260
BETA,2023-06-16 00:00:00+05:30,756.2,756.2,716.2,725.4,9660
BETA,2023-06-19 00:00:00+05:30,719.05,733.25,680.95,689.25,7140
BETA,2023-06-20 00:00:00+05:30,733.35,742.85,732.4,733.4,2310
BETA,2023-06-21 00:00:00+05:30,738.25,747.65,735.25,747.15,2730
BETA,2023-06-22 00:00:00+05:30,756.2,760.0,731.45,731.45,5460
BETA,2023-06-23 00:00:00+05:30,742.85,756.2,715.25,730.15,6090
BETA,2023-06-26 00:00:00+05:30,724.8,728.7,724.8,726.7,2520
BETA,2023-06-27 00:00:00+05:30,733.35,750.5,733.35,742.85,3360
BETA,2023-06-28 00:00:00+05:30,768.6,768.6,751.45,752.4,6300
BETA,2023-06-30 00:00:00+05:30,752.4,760.95,734.35,742.85,2730
BETA,2023-07-03 00:00:00+05:30,752.4,760.8,742.85,742.85,10710
BETA,2023-07-04 00:00:00+05:30,742.85,742.85,728.65,735.25,1680
BETA,2023-07-05 00:00:00+05:30,723.6,724.8,723.6,724.8,420
BETA,2023-07-06 00:00:00+05:30,723.85,752.4,723.85,750.0,3780
BETA,2023-07-07 00:00:00+05:30,757.15,757.15,700.0,722.7,5670
BETA,2023-07-10 00:00:00+05:30,723.8,733.3,723.8,733.3,1890
BETA,2023-07-11 00:00:00+05:30,729.55,733.3,707.15,714.3,3990
BETA,2023-07-12 00:00:00+05:30,742.4,742.4,714.3,720.35,5250
BETA,2023-07-13 00:00:00+05:30,725.55,725.6,721.9,721.9,2730
BETA,2023-07-14 00:00:00+05:30,720.95,720.95,710.5,715.25,2100
BETA,2023-07-17 00:00:00+05:30,723.15,723.35,712.25,715.9,5250
BETA,2023-07-18 00:00:00+05:30,719.05,719.05,707.05,707.05,1050
BETA,2023-07-19 00:00:00+05:30,714.1,723.8,700.55,705.5,7350
BETA,2023-07-20 00:00:00+05:30,706.8,706.8,697.15,700.85,3780
BETA,2023-07-21 00:00:00+05:30,700.8,704.8,693.35,693.5,7770
BETA,2023-07-24 00:00:00+05:30,714.3,714.3,693.35,697.2,5040
BETA,2023-07-25 00:00:00+05:30,697.4,704.8,695.25,702.65,3990
BETA,2023-07-26 00:00:00+05:30,702.65,806.7,695.25,748.6,26039
BETA,2023-07-27 00:00:00+05:30,752.4,820.0,752.4,761.7,38219
BETA,2023-07-28 00:00:00+05:30,761.7,790.5,752.4,785.05,9030
BETA,2023-07-31 00:00:00+05:30,799.95,800.0,761.9,791.7,10290
BETA,2023-08-01 00:00:00+05:30,799.95,800.0,761.9,769.25,7140
BETA,2023-08-02 00:00:00+05:30,775.75,786.75,760.95,778.3,11130
BETA,2023-08-03 00:00:00+05:30,778.3,798.05,761.9,794.75,5460
BETA,2023-08-04 00:00:00+05:30,798.1,798.1,761.85,769.95,10920
BETA,2023-08-07 00:00:00+05:30,771.45,794.0,766.3,776.2,6510
BETA,2023-08-08 00:00:00+05:30,764.8,788.5,764.8,766.9,2520
BETA,2023-08-09 00:00:00+05:30,792.0,792.0,770.5,785.2,3570
BETA,2023-08-10 00:00:00+05:30,776.2,776.2,771.65,773.35,1470
BETA,2023-08-11 00:00:00+05:30,790.4,790.4,766.7,770.65,4830
BETA,2023-08-14 00:00:00+05:30,770.65,790.5,763.2,788.75,6720
BETA,2023-08-16 00:00:00+05:30,788.75,792.4,772.55,789.9,5880
BETA,2023-08-17 00:00:00+05:30,785.75,885.75,785.75,870.65,18480
BETA,2023-08-18 00:00:00+05:30,890.5,947.65,890.5,940.85,26039
BETA,2023-08-21 00:00:00+05:30,949.5,950.5,868.7,875.15,10920
BETA,2023-08-22 00:00:00+05:30,871.45,892.3,866.0,887.65,3150
BETA,2023-08-23 00:00:00+05:30,887.65,887.65,857.15,870.5,5040
BETA,2023-08-24 00:00:00+05:30,876.2,904.8,857.15,899.05,9240
BETA,2023-08-25 00:00:00+05:30,938.1,938.1,914.3,929.55,4830
BETA,2023-08-28 00:00:00+05:30,931.45,971.45,929.55,963.85,10920
BETA,2023-08-29 00:00:00+05:30,971.45,971.45,944.8,953.1,3990
BETA,2023-08-30 00:00:00+05:30,952.4,958.1,933.35,957.0,5460
BETA,2023-08-31 00:00:00+05:30,970.4,970.4,943.9,944.55,4410
BETA,2023-09-01 00:00:00+05:30,961.9,961.9,942.9,952.35,3990
BETA,2023-09-04 00:00:00+05:30,953.2,969.55,920.1,933.45,5670
BETA,2023-09-05 00:00:00+05:30,951.45,960.5,933.35,947.15,14910
BETA,2023-09-06 00:00:00+05:30,970.5,1047.05,959.95,1023.1,25199
BETA,2023-09-07 00:00:00+05:30,1029.8,1031.45,990.5,993.3,8610
BETA,2023-09-08 00:00:00+05:30,1019.55,1019.55,976.2,994.3,4410
BETA,2023-09-11 00:00:00+05:30,994.3,1058.1,994.3,1001.65,12180
BETA,2023-09-12 00:00:00+05:30,981.45,994.3,942.9,952.15,12180
BETA,2023-09-13 00:00:00+05:30,938.1,961.9,931.45,952.4,4620
BETA,2023-09-14 00:00:00+05:30,966.7,1009.65,954.35,976.9,6930
BETA,2023-09-15 00:00:00+05:30,994.3,999.55,986.7,986.7,2100
BETA,2023-09-18 00:00:00+05:30,980.95,990.5,957.65,987.5,4200
BETA,2023-09-20 00:00:00+05:30,987.5,990.5,980.95,980.95,1470
BETA,2023-09-21 00:00:00+05:30,989.55,989.55,971.45,971.45,1470
BETA,2023-09-22 00:00:00+05:30,963.85,983.85,963.85,976.2,1260
BETA,2023-09-25 00:00:00+05:30,971.45,1017.15,957.15,993.95,4620
BETA,2023-09-26 00:00:00+05:30,990.5,999.55,990.5,990.5,2520
BETA,2023-09-27 00:00:00+05:30,952.4,957.15,914.3,938.1,5460
BETA,2023-09-28 00:00:00+05:30,952.4,977.9,952.4,952.4,1470
BETA,2023-09-29 00:00:00+05:30,940.95,980.0,940.0,966.7,4200
BETA,2023-10-03 00:00:00+05:30,971.45,971.45,952.4,952.75,1890
BETA,2023-10-04 00:00:00+05:30,952.4,952.4,935.25,938.8,1890
BETA,2023-10-05 00:00:00+05:30,959.9,966.7,959.9,966.7,630
BETA,2023-10-06 00:00:00+05:30,942.9,971.45,920.6,961.9,5040
BETA,2023-10-09 00:00:00+05:30,961.9,961.9,961.9,961.9,1050
BETA,2023-10-10 00:00:00+05:30,947.65,957.1,947.65,956.2,1260
BETA,2023-10-11 00:00:00+05:30,961.45,965.75,952.4,957.15,4410
BETA,2023-10-12 00:00:00+05:30,959.05,971.45,948.75,949.1,5040
BETA,2023-10-13 00:00:00+05:30,957.15,957.15,935.3,942.9,3990
BETA,2023-10-16 00:00:00+05:30,942.9,952.4,910.3,910.3,3360
BETA,2023-10-17 00:00:00+05:30,924.85,940.95,924.8,928.1,2100
BETA,2023-10-18 00:00:00+05:30,933.35,933.35,919.05,919.05,2100
BETA,2023-10-19 00:00:00+05:30,919.05,919.05,900.0,904.8,3150
BETA,2023-10-20 00:00:00+05:30,909.55,909.55,867.65,874.85,3570
BETA,2023-10-23 00:00:00+05:30,885.85,885.85,852.4,859.25,10500
BETA,2023-10-25 00:00:00+05:30,860.45,884.25,860.0,873.15,6300
BETA,2023-10-26 00:00:00+05:30,885.75,911.45,849.85,861.9,6510
BETA,2023-10-27 00:00:00+05:30,866.9,918.6,866.9,882.85,2940
BETA,2023-10-30 00:00:00+05:30,876.2,946.7,876.2,925.0,6825
BETA,2023-10-31 00:00:00+05:30,925.25,945.75,919.35,942.9,3465
BETA,2023-11-01 00:00:00+05:30,951.15,951.45,909.55,934.45,6405
BETA,2023-11-02 00:00:00+05:30,951.25,951.25,935.25,943.1,3360
BETA,2023-11-03 00:00:00+05:30,966.7,976.2,942.95,948.2,5145
BETA,2023-11-06 00:00:00+05:30,948.1,997.15,948.1,984.3,5250
BETA,2023-11-07 00:00:00+05:30,1009.55,1009.55,959.3,960.4,2415
BETA,2023-11-08 00:00:00+05:30,990.5,1047.65,990.5,1042.3,28244
BETA,2023-11-09 00:00:00+05:30,1023.85,1071.45,1023.85,1071.25,9870
BETA,2023-11-10 00:00:00+05:30,1099.95,1166.7,1028.6,1106.3,9870
BETA,2023-11-12 00:00:00+05:30,1137.15,1160.95,1100.0,1105.45,5145
BETA,2023-11-13 00:00:00+05:30,1104.75,1160.0,1104.75,1155.95,7350
BETA,2023-11-15 00:00:00+05:30,1179.05,1209.55,1161.95,1164.05,9030
BETA,2023-11-16 00:00:00+05:30,1164.05,1181.0,1149.0,1167.65,3990
BETA,2023-11-17 00:00:00+05:30,1167.65,1195.05,1145.05,1153.35,7035
BETA,2023-11-20 00:00:00+05:30,1132.4,1163.0,1123.85,1142.9,5250
BETA,2023-11-21 00:00:00+05:30,1148.55,1148.6,1126.95,1142.55,2415
BETA,2023-11-22 00:00:00+05:30,1123.85,1123.85,1064.0,1102.0,5355
BETA,2023-11-23 00:00:00+05:30,1102.9,1102.9,1066.7,1067.4,2835
BETA,2023-11-24 00:00:00+05:30,1064.8,1122.8,1064.8,1111.8,2940
BETA,2023-11-28 00:00:00+05:30,1111.45,1133.35,1109.55,1120.5,3465
BETA,2023-11-29 00:00:00+05:30,1129.55,1142.9,1104.8,1112.3,4305
BETA,2023-11-30 00:00:00+05:30,1123.85,1142.9,1114.3,1120.95,2100
BETA,2023-12-01 00:00:00+05:30,1142.9,1161.25,1114.3,1123.85,3465
BETA,2023-12-04 00:00:00+05:30,1142.95,1173.35,1128.6,1138.0,5985
BETA,2023-12-05 00:00:00+05:30,1128.65,1138.1,1119.05,1137.45,3255
BETA,2023-12-06 00:00:00+05:30,1125.75,1155.2,1100.0,1132.4,3465
BETA,2023-12-07 00:00:00+05:30,1141.95,1252.4,1141.95,1248.75,23520
BETA,2023-12-08 00:00:00+05:30,1271.45,1381.0,1271.45,1313.2,10605
BETA,2023-12-11 00:00:00+05:30,1313.2,1313.2,1252.4,1265.8,12705
BETA,2023-12-12 00:00:00+05:30,1285.7,1285.8,1239.05,1257.15,2625
BETA,2023-12-13 00:00:00+05:30,1276.2,1300.05,1264.3,1285.1,5670
BETA,2023-12-14 00:00:00+05:30,1301.95,1394.3,1285.75,1337.95,6930
BETA,2023-12-15 00:00:00+05:30,1519.1,1519.1,1381.0,1435.6,19740
BETA,2023-12-18 00:00:00+05:30,1401.95,1460.15,1390.55,1430.85,4095
BETA,2023-12-19 00:00:00+05:30,1454.25,1455.25,1381.0,1389.4,9765
BETA,2023-12-20 00:00:00+05:30,1425.75,1425.75,1267.75,1340.1,9135
BETA,2023-12-21 00:00:00+05:30,1323.85,1476.2,1323.85,1406.8,5565
BETA,2023-12-22 00:00:00+05:30,1428.6,1447.65,1400.2,1418.45,2205
BETA,2023-12-26 00:00:00+05:30,1428.6,1457.1,1414.5,1426.85,2625
BETA,2023-12-27 00:00:00+05:30,1414.5,1440.0,1381.1,1428.6,2940
BETA,2023-12-28 00:00:00+05:30,1428.6,1461.95,1414.4,1419.8,2625
BETA,2023-12-29 00:00:00+05:30,1347.65,1460.05,1347.65,1400.05,3360
BETA,2024-01-01 00:00:00+05:30,1400.05,1418.8,1292.45,1358.8,8400
BETA,2024-01-02 00:00:00+05:30,1358.8,1408.55,1328.6,1352.4,5985
BETA,2024-01-03 00:00:00+05:30,1361.95,1361.95,1338.1,1353.15,3255
BETA,2024-01-04 00:00:00+05:30,1380.05,1385.75,1358.1,1373.2,3885
BETA,2024-01-05 00:00:00+05:30,1379.1,1392.4,1352.4,1359.4,2940
BETA,2024-01-08 00:00:00+05:30,1316.6,1399.85,1316.6,1357.15,3780
BETA,2024-01-09 00:00:00+05:30,1380.9,1404.8,1343.85,1395.45,3885
BETA,2024-01-10 00:00:00+05:30,1334.3,1371.45,1334.3,1367.8,1890
BETA,2024-01-11 00:00:00+05:30,1371.45,1385.75,1347.65,1353.4,1785
BETA,2024-01-12 00:00:00+05:30,1366.7,1378.8,1357.15,1366.6,3675
BETA,2024-01-15 00:00:00+05:30,1367.15,1389.55,1358.45,1374.3,2310
BETA,2024-01-16 00:00:00+05:30,1362.9,1362.9,1333.35,1338.1,4515
BETA,2024-01-17 00:00:00+05:30,1338.1,1342.9,1319.05,1332.2,4200
BETA,2024-01-18 00:00:00+05:30,1314.35,1371.45,1309.55,1361.4,4725
BETA,2024-01-19 00:00:00+05:30,1353.4,1377.1,1353.35,1364.15,2415
BETA,2024-01-20 00:00:00+05:30,1390.4,1390.5,1319.05,1357.15,5040
BETA,2024-01-23 00:00:00+05:30,1379.65,1380.7,1309.55,1321.3,3570
BETA,2024-01-24 00:00:00+05:30,1338.1,1342.9,1318.1,1337.15,2520
BETA,2024-01-25 00:00:00+05:30,1314.3,1342.9,1309.6,1311.45,3360
BETA,2024-01-29 00:00:00+05:30,1311.35,1381.0,1311.35,1367.4,7350
BETA,2024-01-30 00:00:00+05:30,1390.5,1451.45,1371.45,1384.1,8610
BETA,2024-01-31 00:00:00+05:30,1403.85,1404.3,1366.75,1399.9,2100
BETA,2024-02-01 00:00:00+05:30,1363.85,1396.05,1361.95,1366.7,1050
BETA,2024-02-02 00:00:00+05:30,1366.7,1368.5,1342.9,1350.8,2310
BETA,2024-02-05 00:00:00+05:30,1322.9,1359.05,1285.75,1324.7,6090
BETA,2024-02-06 00:00:00+05:30,1338.1,1352.4,1323.85,1340.9,1785
BETA,2024-02-07 00:00:00+05:30,1333.35,1333.35,1285.75,1313.7,4305
BETA,2024-02-08 00:00:00+05:30,1313.35,1360.05,1285.75,1312.05,3360
BETA,2024-02-09 00:00:00+05:30,1308.6,1332.3,1281.0,1320.05,2205
BETA,2024-02-12 00:00:00+05:30,1342.9,1342.9,1268.6,1268.6,2940
BETA,2024-02-13 00:00:00+05:30,1268.6,1268.6,1161.95,1177.2,12390
BETA,2024-02-14 00:00:00+05:30,1166.7,1171.45,1112.55,1170.75,8925
BETA,2024-02-15 00:00:00+05:30,1171.45,1219.05,1171.45,1214.3,5775
BETA,2024-02-16 00:00:00+05:30,1238.1,1295.25,1238.1,1282.9,3990
BETA,2024-02-19 00:00:00+05:30,1308.6,1330.5,1286.7,1320.3,4200
BETA,2024-02-20 00:00:00+05:30,1320.05,1320.05,1286.7,1306.7,1995
BETA,2024-02-21 00:00:00+05:30,1307.65,1307.65,1228.6,1238.1,6615
BETA,2024-02-22 00:00:00+05:30,1238.1,1274.95,1238.1,1257.15,1260
BETA,2024-02-23 00:00:00+05:30,1304.6,1304.6,1209.55,1215.5,2940
BETA,2024-02-26 00:00:00+05:30,1254.8,1254.8,1182.3,1241.95,10605
BETA,2024-02-27 00:00:00+05:30,1248.6,1261.9,1239.05,1259.35,4935
BETA,2024-02-28 00:00:00+05:30,1233.3,1236.1,1200.1,1201.45,4935
BETA,2024-02-29 00:00:00+05:30,1201.0,1228.55,1154.55,1209.55,3780
BETA,2024-03-01 00:00:00+05:30,1209.65,1238.1,1190.3,1190.45,2730
BETA,2024-03-02 00:00:00+05:30,1237.15,1249.95,1171.45,1189.3,4515
BETA,2024-03-04 00:00:00+05:30,1171.45,1201.0,1153.35,1173.35,5145
BETA,2024-03-05 00:00:00+05:30,1166.75,1171.45,1128.6,1142.1,8925
BETA,2024-03-06 00:00:00+05:30,1142.1,1142.1,1092.95,1119.25,10815
BETA,2024-03-07 00:00:00+05:30,1138.1,1179.55,1138.1,1168.45,3045
BETA,2024-03-11 00:00:00+05:30,1142.9,1199.05,1126.7,1133.75,4200
BETA,2024-03-12 00:00:00+05:30,1142.9,1142.9,1047.65,1102.9,8715
BETA,2024-03-13 00:00:00+05:30,1104.8,1104.8,1009.6,1031.45,12390
BETA,2024-03-14 00:00:00+05:30,1014.35,1171.45,1014.35,1163.6,8400
BETA,2024-03-15 00:00:00+05:30,1152.4,1176.2,1096.2,1151.0,3255
BETA,2024-03-18 00:00:00+05:30,1151.0,1238.1,1151.0,1218.3,6720
BETA,2024-03-19 00:00:00+05:30,1221.95,1255.25,1144.8,1160.5,2520
BETA,2024-03-20 00:00:00+05:30,1176.2,1176.2,1148.65,1169.15,1365
BETA,2024-03-21 00:00:00+05:30,1236.2,1236.2,1190.5,1195.25,1680
BETA,2024-03-22 00:00:00+05:30,1142.9,1194.25,1142.9,1185.75,1155
BETA,2024-03-26 00:00:00+05:30,1209.45,1209.45,1151.45,1160.0,2205
BETA,2024-03-27 00:00:00+05:30,1160.0,1181.0,1157.15,1173.0,2415
BETA,2024-03-28 00:00:00+05:30,1190.5,1202.9,1140.25,1175.0,3360
BETA,2024-04-01 00:00:00+05:30,1219.05,1240.0,1192.4,1209.55,2520
BETA,2024-04-02 00:00:00+05:30,1233.7,1266.7,1233.7,1253.55,4095
BETA,2024-04-03 00:00:00+05:30,1257.15,1304.8,1257.15,1292.3,1785
BETA,2024-04-04 00:00:00+05:30,1322.9,1342.9,1296.2,1328.65,10500
BETA,2024-04-05 00:00:00+05:30,1323.85,1325.75,1314.3,1314.3,1785
BETA,2024-04-08 00:00:00+05:30,1288.05,1298.1,1267.65,1267.75,735
BETA,2024-04-09 00:00:00+05:30,1267.75,1276.2,1209.1,1253.1,5250
BETA,2024-04-10 00:00:00+05:30,1252.4,1252.4,1228.6,1242.55,1995
BETA,2024-04-12 00:00:00+05:30,1257.15,1271.45,1238.1,1240.0,1470
BETA,2024-04-15 00:00:00+05:30,1220.05,1266.7,1214.05,1235.25,1785
BETA,2024-04-16 00:00:00+05:30,1206.0,1342.85,1206.0,1290.35,2940
BETA,2024-04-18 00:00:00+05:30,1290.35,1328.6,1290.35,1314.25,8820
BETA,2024-04-19 00:00:00+05:30,1314.25,1339.05,1314.25,1331.95,6720
BETA,2024-04-22 00:00:00+05:30,1339.05,1360.05,1285.75,1320.2,3255
BETA,2024-04-23 00:00:00+05:30,1305.0,1319.05,1266.65,1266.95,4935
BETA,2024-04-24 00:00:00+05:30,1276.25,1314.25,1276.25,1308.6,1470
BETA,2024-04-25 00:00:00+05:30,1328.6,1328.6,1281.0,1281.0,1260
BETA,2024-04-26 00:00:00+05:30,1281.0,1304.7,1238.1,1244.15,5040
BETA,2024-04-29 00:00:00+05:30,1269.05,1285.6,1238.1,1238.1,4515
BETA,2024-04-30 00:00:00+05:30,1261.95,1285.75,1261.95,1284.8,2940
BETA,2024-05-02 00:00:00+05:30,1286.4,1323.85,1257.15,1316.35,6405
BETA,2024-05-03 00:00:00+05:30,1285.75,1290.5,1267.65,1283.35,3255
BETA,2024-05-06 00:00:00+05:30,1268.6,1268.6,1233.35,1238.1,3780
BETA,2024-05-07 00:00:00+05:30,1233.35,1241.65,1190.5,1227.3,4725
BETA,2024-05-08 00:00:00+05:30,1227.3,1276.45,1227.3,1238.1,5880
BETA,2024-05-09 00:00:00+05:30,1229.55,1261.0,1200.0,1221.6,1890
BETA,2024-05-10 00:00:00+05:30,1221.0,1238.1,1198.6,1210.1,1995
BETA,2024-05-13 00:00:00+05:30,1238.1,1257.05,1219.05,1254.0,4935
BETA,2024-05-14 00:00:00+05:30,1260.05,1284.75,1221.95,1252.2,5880
BETA,2024-05-15 00:00:00+05:30,1218.1,1285.75,1119.05,1152.0,54284
BETA,2024-05-16 00:00:00+05:30,1181.0,1181.0,1116.2,1123.75,9660
BETA,2024-05-17 00:00:00+05:30,1114.3,1161.0,1100.0,1135.55,12285
BETA,2024-05-18 00:00:00+05:30,1147.65,1171.45,1132.4,1133.45,1890
BETA,2024-05-21 00:00:00+05:30,1166.7,1201.0,1148.6,1193.35,44624
BETA,2024-05-22 00:00:00+05:30,1207.65,1207.65,1190.5,1203.05,6195
BETA,2024-05-23 00:00:00+05:30,1203.05,1203.05,1155.25,1163.45,4200
BETA,2024-05-24 00:00:00+05:30,1161.95,1180.85,1134.3,1151.45,4410
BETA,2024-05-27 00:00:00+05:30,1152.4,1188.6,1152.4,1178.1,3780
BETA,2024-05-28 00:00:00+05:30,1178.1,1223.85,1166.7,1170.8,7770
BETA,2024-05-29 00:00:00+05:30,1166.7,1197.15,1166.7,1194.3,1470
BETA,2024-05-30 00:00:00+05:30,1194.3,1214.25,1162.0,1200.0,2730
BETA,2024-05-31 00:00:00+05:30,1209.5,1209.55,1119.05,1145.0,15750
BETA,2024-06-03 00:00:00+05:30,1190.5,1190.5,1123.85,1133.9,8925
BETA,2024-06-04 00:00:00+05:30,1114.3,1140.8,1047.65,1133.5,8085
BETA,2024-06-05 00:00:00+05:30,1073.35,1138.0,1071.45,1133.35,7980
BETA,2024-06-06 00:00:00+05:30,1135.25,1203.85,1130.65,1199.55,5145
BETA,2024-06-07 00:00:00+05:30,1181.0,1211.45,1171.45,1211.45,7560
BETA,2024-06-10 00:00:00+05:30,1221.0,1223.85,1177.15,1191.45,4200
BETA,2024-06-11 00:00:00+05:30,1143.85,1200.0,1143.85,1175.0,5880
BETA,2024-06-12 00:00:00+05:30,1190.5,1190.5,1156.2,1161.0,4515
BETA,2024-06-13 00:00:00+05:30,1145.75,1195.2,1145.75,1191.0,7035
BETA,2024-06-14 00:00:00+05:30,1164.85,1190.4,1147.7,1164.95,13755
BETA,2024-06-18 00:00:00+05:30,1171.45,1190.3,1154.8,1170.4,4725
BETA,2024-06-19 00:00:00+05:30,1188.6,1188.6,1156.2,1160.0,1365
BETA,2024-06-20 00:00:00+05:30,1160.0,1160.0,1128.6,1143.3,5880
BETA,2024-06-21 00:00:00+05:30,1135.75,1171.45,1118.6,1162.0,6615
BETA,2024-06-24 00:00:00+05:30,1162.0,1188.55,1152.4,1154.3,4410
BETA,2024-06-25 00:00:00+05:30,1142.9,1166.5,1142.9,1160.5,5670
BETA,2024-06-26 00:00:00+05:30,1152.4,1158.1,1134.3,1148.6,5040
BETA,2024-06-27 00:00:00+05:30,1147.65,1152.4,1130.6,1138.1,5670
BETA,2024-06-28 00:00:00+05:30,1139.05,1161.95,1138.1,1152.4,2205
BETA,2024-07-01 00:00:00+05:30,1176.2,1179.05,1138.25,1141.75,3990
BETA,2024-07-02 00:00:00+05:30,1143.95,1152.4,1142.9,1152.4,2100
BETA,2024-07-03 00:00:00+05:30,1153.35,1161.95,1145.15,1149.4,3045
BETA,2024-07-04 00:00:00+05:30,1148.6,1152.4,1139.05,1139.65,6405
BETA,2024-07-05 00:00:00+05:30,1133.55,1158.1,1131.95,1155.15,7560
BETA,2024-07-08 00:00:00+05:30,1161.95,1161.95,1133.35,1149.2,9975
BETA,2024-07-09 00:00:00+05:30,1150.15,1160.9,1128.6,1135.35,8085
BETA,2024-07-10 00:00:00+05:30,1135.5,1142.9,1121.95,1136.05,4410
BETA,2024-07-11 00:00:00+05:30,1134.3,1152.4,1134.3,1148.6,3780
BETA,2024-07-12 00:00:00+05:30,1165.75,1166.65,1134.5,1140.8,5460
BETA,2024-07-15 00:00:00+05:30,1160.0,1160.0,1144.1,1155.7,5565
BETA,2024-07-16 00:00:00+05:30,1146.75,1213.3,1146.7,1202.0,12495
BETA,2024-07-18 00:00:00+05:30,1219.05,1246.55,1201.0,1221.1,9660
BETA,2024-07-19 00:00:00+05:30,1221.1,1243.85,1181.05,1238.65,10815
BETA,2024-07-22 00:00:00+05:30,1200.0,1257.15,1200.0,1239.1,8610
BETA,2024-07-23 00:00:00+05:30,1233.35,1271.4,1219.05,1266.1,9765
BETA,2024-07-24 00:00:00+05:30,1266.7,1285.7,1233.35,1241.8,7980
BETA,2024-07-25 00:00:00+05:30,1242.9,1242.9,1181.0,1211.3,6300
BETA,2024-07-26 00:00:00+05:30,1287.95,1287.95,1228.65,1230.75,5880
BETA,2024-07-29 00:00:00+05:30,1238.1,1276.2,1220.3,1234.35,4620
BETA,2024-07-30 00:00:00+05:30,1257.1,1266.6,1231.0,1249.2,6615
BETA,2024-07-31 00:00:00+05:30,1238.1,1257.1,1220.5,1236.5,2940
BETA,2024-08-01 00:00:00+05:30,1238.2,1252.05,1216.2,1218.15,1365
BETA,2024-08-02 00:00:00+05:30,1209.55,1239.05,1195.3,1235.55,2415
BETA,2024-08-05 00:00:00+05:30,1233.35,1233.35,1143.85,1179.75,8925
BETA,2024-08-06 00:00:00+05:30,1182.55,1216.2,1180.95,1181.25,4410
BETA,2024-08-07 00:00:00+05:30,1195.35,1247.65,1181.95,1237.5,6090
BETA,2024-08-08 00:00:00+05:30,1237.5,1323.65,1220.55,1309.25,19110
BETA,2024-08-09 00:00:00+05:30,1319.05,1340.45,1281.0,1330.7,8085
BETA,2024-08-12 00:00:00+05:30,1328.6,1328.6,1290.5,1295.25,2835
BETA,2024-08-13 00:00:00+05:30,1273.4,1293.35,1266.7,1268.15,1365
BETA,2024-08-14 00:00:00+05:30,1258.1,1295.25,1258.1,1282.6,3045
BETA,2024-08-16 00:00:00+05:30,1308.25,1329.45,1308.25,1313.35,4305
BETA,2024-08-19 00:00:00+05:30,1333.35,1346.4,1320.05,1325.05,5985
BETA,2024-08-20 00:00:00+05:30,1320.05,1342.9,1319.05,1338.1,2100
BETA,2024-08-21 00:00:00+05:30,1333.35,1333.35,1314.3,1317.05,2520
BETA,2024-08-22 00:00:00+05:30,1314.3,1330.7,1295.25,1299.75,4620
BETA,2024-08-23 00:00:00+05:30,1314.3,1314.3,1285.75,1288.45,3990
BETA,2024-08-26 00:00:00+05:30,1285.75,1442.9,1285.75,1419.5,18375
BETA,2024-08-27 00:00:00+05:30,1421.0,1514.3,1371.45,1400.8,26144
BETA,2024-08-28 00:00:00+05:30,1407.65,1457.15,1407.65,1433.55,9240
BETA,2024-08-29 00:00:00+05:30,1512.4,1599.0,1425.2,1584.0,27509
BETA,2024-08-30 00:00:00+05:30,1619.1,1690.5,1571.45,1612.5,33179
BETA,2024-09-02 00:00:00+05:30,1666.7,1704.8,1643.85,1674.05,17535
BETA,2024-09-03 00:00:00+05:30,1704.2,1769.25,1657.2,1736.8,18585
BETA,2024-09-04 00:00:00+05:30,1738.15,1738.15,1629.6,1678.6,10815
BETA,2024-09-05 00:00:00+05:30,1704.8,1771.45,1704.8,1720.8,9345
BETA,2024-09-06 00:00:00+05:30,1685.75,1760.95,1685.75,1690.5,4095
BETA,2024-09-09 00:00:00+05:30,1676.9,1685.75,1602.2,1628.85,4200
BETA,2024-09-10 00:00:00+05:30,1665.2,1890.5,1665.2,1762.45,13125
BETA,2024-09-11 00:00:00+05:30,1785.65,1785.65,1666.7,1676.15,8505
BETA,2024-09-12 00:00:00+05:30,1645.75,1760.05,1619.1,1650.7,13440
BETA,2024-09-13 00:00:00+05:30,1650.5,1742.9,1650.5,1735.7,5565
BETA,2024-09-16 00:00:00+05:30,1761.0,1785.75,1714.4,1730.2,5460
BETA,2024-09-17 00:00:00+05:30,1752.35,1752.35,1678.15,1729.55,5985
BETA,2024-09-18 00:00:00+05:30,1722.7,1722.7,1619.1,1674.3,5250
BETA,2024-09-19 00:00:00+05:30,1666.7,1666.7,1600.05,1632.25,4935
BETA,2024-09-20 00:00:00+05:30,1635.75,1638.15,1605.05,1618.25,5985
BETA,2024-09-23 00:00:00+05:30,1646.7,1647.65,1600.05,1619.05,3990
BETA,2024-09-24 00:00:00+05:30,1638.15,1678.1,1611.45,1611.45,3990
BETA,2024-09-25 00:00:00+05:30,1628.6,1655.85,1600.05,1604.1,2310
BETA,2024-09-26 00:00:00+05:30,1604.8,1614.3,1590.5,1590.5,1050
BETA,2024-09-27 00:00:00+05:30,1590.5,1633.35,1576.25,1596.2,1995
BETA,2024-09-30 00:00:00+05:30,1582.9,1624.8,1492.4,1527.6,6510
BETA,2024-10-01 00:00:00+05:30,1569.4,1595.15,1552.4,1584.8,1890
BETA,2024-10-03 00:00:00+05:30,1561.95,1571.45,1547.65,1557.15,3675
BETA,2024-10-04 00:00:00+05:30,1557.15,1585.75,1523.85,1544.0,4095
BETA,2024-10-07 00:00:00+05:30,1537.7,1543.85,1503.85,1514.3,4725
BETA,2024-10-08 00:00:00+05:30,1541.95,1642.9,1529.3,1577.95,4725
BETA,2024-10-09 00:00:00+05:30,1616.2,1647.65,1616.2,1644.65,2625
BETA,2024-10-10 00:00:00+05:30,1666.7,1666.7,1571.45,1647.65,4305
BETA,2024-10-11 00:00:00+05:30,1639.1,1663.15,1594.15,1651.8,2730
BETA,2024-10-14 00:00:00+05:30,1665.75,1700.45,1652.4,1685.2,7560
BETA,2024-10-15 00:00:00+05:30,1708.3,1845.75,1695.25,1830.7,20685
BETA,2024-10-16 00:00:00+05:30,1840.05,1914.3,1840.05,1902.35,15015
BETA,2024-10-17 00:00:00+05:30,1942.9,1942.9,1797.0,1847.6,7035
BETA,2024-10-18 00:00:00+05:30,1819.1,1856.25,1786.7,1802.05,5355
BETA,2024-10-21 00:00:00+05:30,1810.5,1815.25,1714.3,1721.1,9765
BETA,2024-10-22 00:00:00+05:30,1697.2,1723.8,1609.55,1626.4,8505
BETA,2024-10-23 00:00:00+05:30,1626.4,1720.0,1585.75,1631.75,3465
BETA,2024-10-24 00:00:00+05:30,1676.2,1693.35,1629.55,1659.9,4830
BETA,2024-10-25 00:00:00+05:30,1659.9,1695.25,1586.7,1602.25,4620
BETA,2024-10-28 00:00:00+05:30,1666.7,1761.95,1601.95,1716.15,5040
BETA,2024-10-29 00:00:00+05:30,1699.1,1857.2,1648.6,1850.15,8505
BETA,2024-10-30 00:00:00+05:30,1781.25,1870.3,1773.4,1818.0,7770
BETA,2024-10-31 00:00:00+05:30,1904.75,1904.8,1811.1,1825.3,2520
BETA,2024-11-01 00:00:00+05:30,1856.25,1885.75,1856.25,1877.45,3675
BETA,2024-11-04 00:00:00+05:30,1904.6,1913.35,1857.2,1886.95,9555
BETA,2024-11-05 00:00:00+05:30,1914.3,1988.6,1829.95,1851.6,14280
BETA,2024-11-06 00:00:00+05:30,1854.3,1893.3,1839.1,1890.05,8085
BETA,2024-11-07 00:00:00+05:30,1985.75,2075.3,1971.45,2057.35,28139
BETA,2024-11-08 00:00:00+05:30,2080.9,2103.85,1985.95,2089.55,15120
BETA,2024-11-11 00:00:00+05:30,2102.9,2215.3,2021.0,2074.7,22995
BETA,2024-11-12 00:00:00+05:30,2074.7,2169.55,1952.4,1972.25,15435
BETA,2024-11-13 00:00:00+05:30,1952.8,2005.5,1904.7,1918.8,5880
BETA,2024-11-14 00:00:00+05:30,1895.3,1964.75,1895.3,1949.35,4620
BETA,2024-11-18 00:00:00+05:30,1940.05,1940.05,1886.3,1907.45,4305
BETA,2024-11-19 00:00:00+05:30,1893.35,1938.1,1893.35,1919.1,4935
BETA,2024-11-21 00:00:00+05:30,1920.05,1930.4,1839.3,1888.6,4200
BETA,2024-11-22 00:00:00+05:30,1888.6,2008.5,1888.6,1985.65,6090
BETA,2024-11-25 00:00:00+05:30,2010.45,2152.4,2010.45,2069.75,4515
BETA,2024-11-26 00:00:00+05:30,2042.05,2090.5,2033.35,2087.65,5250
BETA,2024-11-27 00:00:00+05:30,2087.65,2147.65,2071.45,2139.65,9345
BETA,2024-11-28 00:00:00+05:30,2161.95,2185.6,2019.1,2041.4,11445
BETA,2024-11-29 00:00:00+05:30,2047.65,2095.3,2021.4,2068.45,4725
BETA,2024-12-02 00:00:00+05:30,2120.2,2147.3,2047.65,2095.3,10710
BETA,2024-12-03 00:00:00+05:30,2133.4,2141.0,2095.4,2135.55,5670
BETA,2024-12-04 00:00:00+05:30,2150.5,2150.5,2110.85,2134.05,1995
BETA,2024-12-05 00:00:00+05:30,2109.55,2158.1,2109.55,2136.05,6195
BETA,2024-12-06 00:00:00+05:30,2133.4,2165.0,2091.45,2093.45,6720
BETA,2024-12-09 00:00:00+05:30,2085.75,2121.95,2033.35,2116.05,5565
BETA,2024-12-10 00:00:00+05:30,2143.85,2190.5,2114.35,2144.55,6615
BETA,2024-12-11 00:00:00+05:30,2144.55,2169.55,2123.35,2128.65,1365
BETA,2024-12-12 00:00:00+05:30,2161.95,2171.4,2057.2,2094.75,7140
BETA,2024-12-13 00:00:00+05:30,2057.2,2095.3,2010.85,2067.9,5250
BETA,2024-12-16 00:00:00+05:30,2067.9,2105.7,1963.0,1986.65,7245
BETA,2024-12-17 00:00:00+05:30,1969.85,2023.85,1952.4,2023.35,3360
BETA,2024-12-18 00:00:00+05:30,1983.95,2023.85,1923.85,2023.35,1890
BETA,2024-12-19 00:00:00+05:30,2050.45,2050.45,1995.3,2025.75,2835
BETA,2024-12-20 00:00:00+05:30,2025.7,2025.7,1953.35,1962.0,2940
BETA,2024-12-23 00:00:00+05:30,1962.0,1980.95,1904.8,1920.7,5250
BETA,2024-12-24 00:00:00+05:30,1914.35,1947.65,1819.1,1856.1,7560
BETA,2024-12-26 00:00:00+05:30,1900.05,1989.5,1881.0,1923.85,9450
BETA,2024-12-27 00:00:00+05:30,1981.0,2045.75,1944.05,1973.55,4935
BETA,2024-12-30 00:00:00+05:30,2030.45,2030.45,1890.5,1895.1,5565
BETA,2024-12-31 00:00:00+05:30,1895.1,1923.85,1882.95,1913.35,1995
BETA,2025-01-01 00:00:00+05:30,1923.85,1927.65,1884.9,1889.0,3150
BETA,2025-01-02 00:00:00+05:30,1885.75,1898.0,1850.55,1871.45,4095
BETA,2025-01-03 00:00:00+05:30,1867.2,1970.4,1866.7,1957.1,4830
BETA,2025-01-06 00:00:00+05:30,1957.1,1973.35,1896.25,1903.25,3675
BETA,2025-01-07 00:00:00+05:30,1941.95,1976.2,1876.25,1946.1,2100
BETA,2025-01-08 00:00:00+05:30,1914.3,1990.5,1904.8,1977.5,3255
BETA,2025-01-09 00:00:00+05:30,1952.4,1971.45,1914.3,1916.3,1470
BETA,2025-01-10 00:00:00+05:30,1914.3,1914.3,1867.65,1882.45,3570
BETA,2025-01-13 00:00:00+05:30,1876.25,1876.25,1689.55,1694.6,11865
BETA,2025-01-14 00:00:00+05:30,1750.4,1785.75,1714.3,1740.05,6090
BETA,2025-01-15 00:00:00+05:30,1729.55,1843.85,1729.55,1809.55,3360
BETA,2025-01-16 00:00:00+05:30,1828.6,1847.65,1821.45,1834.95,1155
BETA,2025-01-17 00:00:00+05:30,1834.95,1834.95,1766.7,1799.85,1575
BETA,2025-01-20 00:00:00+05:30,1799.85,1828.6,1761.95,1814.3,3045
BETA,2025-01-21 00:00:00+05:30,1848.6,1857.2,1804.85,1804.85,2100
BETA,2025-01-22 00:00:00+05:30,1809.6,1812.4,1761.95,1785.7,3465
BETA,2025-01-23 00:00:00+05:30,1800.05,1857.2,1781.0,1819.35,5145
BETA,2025-01-24 00:00:00+05:30,1771.75,1811.45,1753.75,1767.65,1890
BETA,2025-01-27 00:00:00+05:30,1714.3,1748.6,1666.6,1680.5,12915
BETA,2025-01-28 00:00:00+05:30,1733.1,1733.1,1619.1,1640.5,7140
BETA,2025-01-29 00:00:00+05:30,1737.2,1833.35,1737.2,1819.55,4725
BETA,2025-01-30 00:00:00+05:30,1856.0,1899.05,1847.65,1889.35,3360
BETA,2025-01-31 00:00:00+05:30,1885.75,1885.75,1766.0,1794.0,8715
BETA,2025-02-01 00:00:00+05:30,1920.0,2000.0,1900.0,2000.0,7500
BETA,2025-02-03 00:00:00+05:30,1980.05,1980.95,1909.6,1960.75,13230
BETA,2025-02-04 00:00:00+05:30,1950.0,1980.95,1909.6,1914.7,3360
BETA,2025-02-05 00:00:00+05:30,1904.8,1904.8,1810.85,1838.1,6720
BETA,2025-02-06 00:00:00+05:30,1809.55,1833.35,1771.45,1803.6,3360
BETA,2025-02-07 00:00:00+05:30,1803.55,1815.25,1758.15,1787.25,2940
BETA,2025-02-10 00:00:00+05:30,1790.5,1790.5,1716.2,1721.3,4830
BETA,2025-02-11 00:00:00+05:30,1714.35,1714.35,1628.65,1658.45,8085
BETA,2025-02-12 00:00:00+05:30,1658.45,1658.45,1523.85,1587.9,20895
BETA,2025-02-13 00:00:00+05:30,1661.95,1790.5,1661.95,1754.3,4620
BETA,2025-02-14 00:00:00+05:30,1728.6,1728.6,1667.65,1694.7,2835
BETA,2025-02-17 00:00:00+05:30,1667.7,1667.7,1620.05,1656.0,5670
BETA,2025-02-18 00:00:00+05:30,1685.7,1685.7,1600.05,1604.8,3255
BETA,2025-02-19 00:00:00+05:30,1617.2,1617.2,1604.8,1609.55,1155
BETA,2025-02-20 00:00:00+05:30,1618.15,1647.65,1585.75,1646.1,2100
BETA,2025-02-21 00:00:00+05:30,1658.15,1662.0,1547.65,1570.8,9135
BETA,2025-02-24 00:00:00+05:30,1561.95,1600.0,1524.9,1564.8,4725
BETA,2025-02-25 00:00:00+05:30,1564.8,1581.0,1564.8,1581.0,1575
BETA,2025-02-27 00:00:00+05:30,1604.8,1631.0,1553.4,1570.5,4620
BETA,2025-02-28 00:00:00+05:30,1514.3,1600.0,1514.3,1570.9,6090
BETA,2025-03-03 00:00:00+05:30,1571.45,1571.45,1513.35,1519.1,6195
BETA,2025-03-04 00:00:00+05:30,1504.8,1542.9,1429.55,1527.9,6300
BETA,2025-03-05 00:00:00+05:30,1533.35,1742.85,1533.35,1693.35,6615
BETA,2025-03-06 00:00:00+05:30,1761.0,1761.0,1704.8,1730.85,3255
BETA,2025-03-07 00:00:00+05:30,1761.95,1761.95,1619.1,1634.4,5880
BETA,2025-03-10 00:00:00+05:30,1619.1,1666.7,1586.75,1615.4,3570
BETA,2025-03-11 00:00:00+05:30,1614.3,1623.85,1601.0,1609.55,1365
BETA,2025-03-12 00:00:00+05:30,1611.45,1611.45,1581.0,1583.55,2100
BETA,2025-03-13 00:00:00+05:30,1585.8,1648.6,1571.45,1625.2,3150
BETA,2025-03-17 00:00:00+05:30,1624.8,1719.1,1624.8,1672.2,3150
BETA,2025-03-18 00:00:00+05:30,1714.3,1723.8,1674.3,1723.8,1365
BETA,2025-03-19 00:00:00+05:30,1757.2,1789.55,1719.35,1782.25,4410
BETA,2025-03-20 00:00:00+05:30,1799.0,1857.2,1744.6,1761.95,7455
BETA,2025-03-21 00:00:00+05:30,1761.95,1847.65,1733.35,1833.4,5040
BETA,2025-03-24 00:00:00+05:30,1836.25,1904.75,1836.25,1890.8,5565
BETA,2025-03-25 00:00:00+05:30,1914.3,1914.3,1842.9,1842.9,3885
BETA,2025-03-26 00:00:00+05:30,1935.0,1984.95,1879.0,1950.0,2100
BETA,2025-03-27 00:00:00+05:30,1949.95,1950.0,1872.0,1920.65,1890
BETA,2025-03-28 00:00:00+05:30,1857.05,1929.95,1857.05,1905.5,1050
BETA,2025-04-01 00:00:00+05:30,1810.0,1888.75,1810.0,1858.35,2100
BETA,2025-04-02 00:00:00+05:30,1850.1,1861.0,1850.0,1850.75,1155
BETA,2025-04-03 00:00:00+05:30,1887.8,1975.0,1887.8,1966.85,12705
BETA,2025-04-04 00:00:00+05:30,1895.05,1915.0,1862.0,1896.75,3990
BETA,2025-04-07 00:00:00+05:30,1670.0,1890.0,1660.0,1781.5,5880
BETA,2025-04-08 00:00:00+05:30,1887.35,1887.35,1821.0,1840.0,3360
BETA,2025-04-09 00:00:00+05:30,1840.0,1840.0,1730.0,1781.65,4515
BETA,2025-04-11 00:00:00+05:30,1859.0,1859.0,1781.1,1850.0,4515
BETA,2025-04-15 00:00:00+05:30,1890.0,1890.0,1841.0,1847.0,1995
BETA,2025-04-16 00:00:00+05:30,1800.0,1849.9,1800.0,1821.5,2310
BETA,2025-04-17 00:00:00+05:30,1800.05,1871.95,1800.05,1862.3,1680
BETA,2025-04-21 00:00:00+05:30,1872.55,1927.0,1872.55,1911.75,1470
BETA,2025-04-22 00:00:00+05:30,1911.75,1911.75,1830.0,1833.45,2625
BETA,2025-04-23 00:00:00+05:30,1899.9,1899.9,1845.0,1857.05,2205
BETA,2025-04-24 00:00:00+05:30,1842.1,1870.0,1835.35,1858.35,1575
BETA,2025-04-25 00:00:00+05:30,1841.55,1859.95,1760.5,1806.0,1995
BETA,2025-04-28 00:00:00+05:30,1810.0,1846.4,1810.0,1836.8,2730
BETA,2025-04-29 00:00:00+05:30,1859.9,1861.95,1810.0,1817.3,2940
BETA,2025-04-30 00:00:00+05:30,1770.0,1810.0,1770.0,1790.2,2940
BETA,2025-05-02 00:00:00+05:30,1790.2,1790.2,1650.0,1695.05,6090
BETA,2025-05-05 00:00:00+05:30,1769.0,1785.0,1752.05,1770.0,2100
BETA,2025-05-06 00:00:00+05:30,1772.0,1772.0,1708.0,1729.5,2625
BETA,2025-05-07 00:00:00+05:30,1700.0,1759.0,1661.0,1738.75,4305
BETA,2025-05-08 00:00:00+05:30,1779.0,1805.0,1750.0,1750.35,1680
BETA,2025-05-09 00:00:00+05:30,1673.5,1738.95,1673.5,1730.55,3465
BETA,2025-05-12 00:00:00+05:30,1745.1,1805.0,1745.1,1790.9,5670
BETA,2025-05-13 00:00:00+05:30,1792.5,1831.0,1791.0,1823.5,1680
BETA,2025-05-14 00:00:00+05:30,1825.0,1888.0,1825.0,1854.0,3675
BETA,2025-05-15 00:00:00+05:30,1850.0,1920.0,1850.0,1883.15,3675
BETA,2025-05-16 00:00:00+05:30,1821.0,1821.0,1760.0,1786.9,10290
BETA,2025-05-19 00:00:00+05:30,1789.0,1810.5,1780.0,1800.0,3045
BETA,2025-05-20 00:00:00+05:30,1805.0,1805.0,1772.0,1789.45,3990
BETA,2025-05-21 00:00:00+05:30,1787.0,1799.0,1785.0,1790.0,2730
BETA,2025-05-22 00:00:00+05:30,1751.0,1769.9,1751.0,1769.9,315
BETA,2025-05-23 00:00:00+05:30,1780.0,1780.0,1717.0,1720.75,5145
BETA,2025-05-26 00:00:00+05:30,1775.0,1858.0,1751.0,1849.05,16905
BETA,2025-05-27 00:00:00+05:30,1870.0,1919.0,1868.0,1872.45,5355
BETA,2025-05-28 00:00:00+05:30,1908.75,1965.0,1895.0,1947.7,8925
BETA,2025-05-29 00:00:00+05:30,1965.0,1984.85,1862.0,1876.5,5565
BETA,2025-05-30 00:00:00+05:30,1876.5,1897.4,1860.0,1884.45,4515
BETA,2025-06-02 00:00:00+05:30,1900.0,1949.9,1862.55,1886.65,3360
BETA,2025-06-03 00:00:00+05:30,1899.95,1899.95,1832.0,1853.75,6825
BETA,2025-06-04 00:00:00+05:30,1850.0,1899.95,1850.0,1894.0,4935
BETA,2025-06-05 00:00:00+05:30,1865.3,1878.0,1825.0,1829.5,5040
BETA,2025-06-06 00:00:00+05:30,1850.0,1859.25,1830.0,1832.5,1680
BETA,2025-06-09 00:00:00+05:30,1870.0,1899.0,1790.05,1803.5,8295
BETA,2025-06-10 00:00:00+05:30,1835.0,1859.0,1811.9,1818.5,4935
BETA,2025-06-11 00:00:00+05:30,1828.5,1840.0,1790.5,1797.7,8190
BETA,2025-06-12 00:00:00+05:30,1809.0,1831.9,1780.0,1793.25,4410
BETA,2025-06-13 00:00:00+05:30,1755.0,1816.0,1755.0,1810.0,3360
BETA,2025-06-16 00:00:00+05:30,1805.0,1832.0,1787.0,1803.0,3990
BETA,2025-06-17 00:00:00+05:30,1824.0,1824.0,1773.0,1788.5,6720
BETA,2025-06-18 00:00:00+05:30,1774.0,1800.0,1774.0,1787.55,3150
BETA,2025-06-19 00:00:00+05:30,1787.55,1787.55,1760.0,1762.2,1365
BETA,2025-06-20 00:00:00+05:30,1762.2,1795.0,1762.2,1774.0,3255
BETA,2025-06-23 00:00:00+05:30,1780.85,1780.85,1736.0,1775.2,2940
BETA,2025-06-24 00:00:00+05:30,1785.0,1799.9,1782.4,1785.0,630
BETA,2025-06-25 00:00:00+05:30,1819.95,1819.95,1770.1,1779.95,1470
BETA,2025-06-26 00:00:00+05:30,1785.1,1805.0,1748.0,1765.0,1785
BETA,2025-06-27 00:00:00+05:30,1770.05,1797.0,1755.0,1776.0,3885
BETA,2025-06-30 00:00:00+05:30,1840.0,1840.0,1775.25,1781.5,5040
BETA,2025-07-01 00:00:00+05:30,1781.5,1799.95,1695.0,1734.3,13020
BETA,2025-07-02 00:00:00+05:30,1790.0,1799.95,1736.0,1756.75,2625
BETA,2025-07-03 00:00:00+05:30,1755.0,1777.4,1743.05,1758.0,1575
BETA,2025-07-04 00:00:00+05:30,1758.0,1762.0,1735.4,1744.45,2415
BETA,2025-07-07 00:00:00+05:30,1750.0,1817.0,1740.0,1805.4,5775
BETA,2025-07-08 00:00:00+05:30,1785.0,1785.0,1761.5,1773.65,2520
BETA,2025-07-09 00:00:00+05:30,1764.8,1793.0,1750.0,1764.0,1575
BETA,2025-07-10 00:00:00+05:30,1764.0,1785.0,1741.0,1772.75,4515
BETA,2025-07-11 00:00:00+05:30,1925.0,1925.0,1745.0,1760.8,6090
BETA,2025-07-14 00:00:00+05:30,1757.0,1761.2,1725.0,1739.95,6090
BETA,2025-07-15 00:00:00+05:30,1721.0,1736.95,1700.0,1730.0,4410
BETA,2025-07-16 00:00:00+05:30,1739.9,1740.0,1615.05,1677.0,15225
BETA,2025-07-17 00:00:00+05:30,1700.0,1725.0,1695.0,1720.15,5040
BETA,2025-07-18 00:00:00+05:30,1710.0,1710.0,1650.6,1682.0,7350
BETA,2025-07-21 00:00:00+05:30,1670.0,1690.0,1650.0,1677.65,4620
BETA,2025-07-22 00:00:00+05:30,1686.05,1698.0,1663.0,1670.0,3150
BETA,2025-07-23 00:00:00+05:30,1670.05,1720.0,1660.0,1702.95,9450
BETA,2025-07-24 00:00:00+05:30,1691.9,1700.0,1675.1,1699.25,5145
BETA,2025-07-25 00:00:00+05:30,1688.0,1728.0,1680.0,1710.15,7455
BETA,2025-07-28 00:00:00+05:30,1749.0,1749.0,1670.0,1686.5,4620
BETA,2025-07-29 00:00:00+05:30,1723.9,1746.95,1650.0,1719.7,4620
BETA,2025-07-30 00:00:00+05:30,1688.05,1717.95,1685.0,1698.6,1995
BETA,2025-07-31 00:00:00+05:30,1719.95,1740.0,1700.3,1737.4,1680
BETA,2025-08-01 00:00:00+05:30,1728.7,1740.0,1697.05,1730.0,4410
BETA,2025-08-04 00:00:00+05:30,1720.0,1738.0,1695.0,1709.95,4830
BETA,2025-08-05 00:00:00+05:30,1710.0,1739.0,1706.0,1732.95,1470
BETA,2025-08-06 00:00:00+05:30,1723.0,1732.5,1720.1,1730.2,2520
BETA,2025-08-07 00:00:00+05:30,1705.05,1730.0,1700.0,1729.0,2520
BETA,2025-08-08 00:00:00+05:30,1738.0,1751.85,1720.2,1728.5,4305
BETA,2025-08-11 00:00:00+05:30,1809.85,1897.95,1781.05,1796.3,20475
BETA,2025-08-12 00:00:00+05:30,1835.0,1919.0,1830.0,1906.5,16800
BETA,2025-08-13 00:00:00+05:30,1964.95,1964.95,1880.0,1940.2,6615
BETA,2025-08-14 00:00:00+05:30,1935.0,1960.0,1915.0,1915.0,4095
BETA,2025-08-18 00:00:00+05:30,1960.0,2000.0,1901.55,1926.5,7245
BETA,2025-08-19 00:00:00+05:30,1936.1,1948.0,1925.0,1930.0,2100
BETA,2025-08-20 00:00:00+05:30,1944.5,1969.0,1918.0,1958.6,5880
BETA,2025-08-21 00:00:00+05:30,1969.95,1995.0,1925.0,1931.25,4620
BETA,2025-08-22 00:00:00+05:30,1950.0,1950.0,1892.05,1945.0,3045
BETA,2025-08-25 00:00:00+05:30,1914.75,1948.0,1900.0,1918.75,3990
BETA,2025-08-26 00:00:00+05:30,1890.0,1904.95,1861.1,1891.0,2310
BETA,2025-08-28 00:00:00+05:30,1853.0,1880.0,1801.1,1860.0,4515
BETA,2025-08-29 00:00:00+05:30,1843.0,1890.0,1843.0,1874.0,2625
BETA,2025-09-01 00:00:00+05:30,1864.65,1900.0,1864.65,1881.0,2415
BETA,2025-09-02 00:00:00+05:30,1898.95,1916.0,1890.0,1899.95,2100
BETA,2025-09-03 00:00:00+05:30,1890.0,1899.95,1856.0,1876.35,2940
BETA,2025-09-04 00:00:00+05:30,1910.0,1910.0,1865.0,1884.7,4515
BETA,2025-09-05 00:00:00+05:30,1890.0,1910.0,1875.0,1900.0,2100
BETA,2025-09-08 00:00:00+05:30,1880.05,1934.95,1880.05,1905.05,4620
BETA,2025-09-09 00:00:00+05:30,1910.0,1910.0,1866.15,1872.7,1995
BETA,2025-09-10 00:00:00+05:30,1870.0,1884.95,1835.0,1850.45,5460
BETA,2025-09-11 00:00:00+05:30,1835.4,1872.85,1810.1,1850.5,2520
BETA,2025-09-12 00:00:00+05:30,1840.0,1854.2,1832.1,1836.5,2730
BETA,2025-09-15 00:00:00+05:30,1836.5,1836.5,1815.0,1817.5,4305
BETA,2025-09-16 00:00:00+05:30,1817.5,1842.4,1817.5,1818.45,1365
BETA,2025-09-17 00:00:00+05:30,1854.9,1854.9,1819.2,1820.75,2940
BETA,2025-09-18 00:00:00+05:30,1820.0,1854.9,1817.0,1846.75,3150
BETA,2025-09-19 00:00:00+05:30,1875.0,1875.0,1832.5,1838.0,1470
BETA,2025-09-22 00:00:00+05:30,1845.0,1865.0,1822.0,1834.0,3780
BETA,2025-09-23 00:00:00+05:30,1845.0,1845.0,1810.1,1822.75,1575
BETA,2025-09-24 00:00:00+05:30,1821.0,1854.9,1814.0,1834.7,3990
BETA,2025-09-25 00:00:00+05:30,1850.0,1859.4,1800.0,1800.0,2100
BETA,2025-09-26 00:00:00+05:30,1810.0,1814.0,1770.1,1812.0,3885
BETA,2025-09-29 00:00:00+05:30,1812.0,1818.0,1771.0,1804.0,4410
BETA,2025-09-30 00:00:00+05:30,1850.0,1853.9,1791.1,1819.75,3780
BETA,2025-10-01 00:00:00+05:30,1848.0,1853.4,1800.05,1815.95,3045
BETA,2025-10-03 00:00:00+05:30,1801.4,1840.0,1800.0,1829.95,3150
BETA,2025-10-06 00:00:00+05:30,1820.0,1839.9,1777.0,1784.2,4410
BETA,2025-10-07 00:00:00+05:30,1783.0,1783.0,1711.0,1739.25,7035
BETA,2025-10-08 00:00:00+05:30,1760.0,1794.5,1740.0,1763.2,2835
BETA,2025-10-09 00:00:00+05:30,1780.0,1788.9,1745.0,1751.1,4830
BETA,2025-10-10 00:00:00+05:30,1751.4,1758.5,1715.0,1731.0,2520
BETA,2025-10-13 00:00:00+05:30,1731.0,1745.0,1716.9,1720.0,2835
BETA,2025-10-14 00:00:00+05:30,1718.0,1719.0,1701.0,1715.2,2940
BETA,2025-10-15 00:00:00+05:30,1725.0,1725.0,1710.0,1711.4,1575
BETA,2025-10-16 00:00:00+05:30,1715.0,1760.0,1710.65,1747.55,3465
BETA,2025-10-17 00:00:00+05:30,1758.0,1789.0,1758.0,1788.0,1785
BETA,2025-10-20 00:00:00+05:30,1800.0,1810.0,1782.95,1809.95,1890
BETA,2025-10-21 00:00:00+05:30,1800.0,1849.95,1800.0,1820.35,1575
BETA,2025-10-23 00:00:00+05:30,1820.0,1820.0,1785.1,1819.65,1890
BETA,2025-10-24 00:00:00+05:30,1819.0,1835.0,1783.0,1800.0,1365
BETA,2025-10-27 00:00:00+05:30,1810.0,1848.0,1810.0,1835.5,2835
BETA,2025-10-28 00:00:00+05:30,1849.95,1895.0,1821.2,1871.55,7875
BETA,2025-10-29 00:00:00+05:30,1889.55,1899.0,1854.05,1896.1,3255
BETA,2025-10-30 00:00:00+05:30,1889.95,1889.95,1850.0,1857.2,3255
BETA,2025-10-31 00:00:00+05:30,1810.0,1873.95,1810.0,1855.0,1155
BETA,2025-11-03 00:00:00+05:30,1840.0,1850.0,1804.8,1816.6,1995
BETA,2025-11-04 00:00:00+05:30,1815.0,1815.0,1731.0,1743.15,6300
BETA,2025-11-06 00:00:00+05:30,1735.0,1774.8,1710.0,1740.05,6825
BETA,2025-11-07 00:00:00+05:30,1725.0,1725.0,1620.0,1670.2,14385
BETA,2025-11-10 00:00:00+05:30,1670.0,1698.45,1650.0,1690.0,6300
BETA,2025-11-11 00:00:00+05:30,1708.9,1708.9,1670.0,1674.5,4410
BETA,2025-11-12 00:00:00+05:30,1680.0,1680.0,1662.55,1676.5,2415
BETA,2025-11-13 00:00:00+05:30,1685.9,1696.0,1650.35,1675.25,189210
BETA,2025-11-14 00:00:00+05:30,1689.95,1689.95,1652.05,1666.05,3150
BETA,2025-11-17 00:00:00+05:30,1664.0,1670.0,1529.0,1654.0,4725
BETA,2025-11-18 00:00:00+05:30,1642.0,1688.7,1642.0,1653.0,2730
BETA,2025-11-19 00:00:00+05:30,1635.05,1659.0,1635.05,1657.0,1260
BETA,2025-11-20 00:00:00+05:30,1655.0,1655.0,1616.25,1633.05,3150
BETA,2025-11-21 00:00:00+05:30,1615.0,1681.0,1602.1,1661.1,7875
BETA,2025-11-24 00:00:00+05:30,1670.0,1698.95,1530.1,1617.0,6019
BETA,2025-11-25 00:00:00+05:30,1638.9,1654.0,1610.1,1636.6,2417
BETA,2025-11-26 00:00:00+05:30,1669.95,1669.95,1620.1,1659.6,5533
BETA,2025-11-27 00:00:00+05:30,1669.9,1700.0,1621.0,1659.7,12724
BETA,2025-11-28 00:00:00+05:30,1698.4,1698.4,1631.0,1670.3,6995
