Symbol,Date,Open,High,Low,Close,Volume
DNAMEDIA,2017-12-11 09:44:00+05:30,10.0,10.0,9.5,9.5,58375
DNAMEDIA,2017-12-12 09:15:00+05:30,9.05,9.05,9.05,9.05,23744
DNAMEDIA,2017-12-13 09:15:00+05:30,8.6,8.6,8.6,8.6,47144
DNAMEDIA,2017-12-14 09:15:00+05:30,8.2,8.2,8.2,8.2,37310
DNAMEDIA,2017-12-15 09:15:00+05:30,7.8,7.8,7.8,7.8,36060
DNAMEDIA,2017-12-18 09:15:00+05:30,7.45,7.45,7.45,7.45,10321
DNAMEDIA,2017-12-19 09:15:00+05:30,7.1,7.8,7.1,7.1,1098657
DNAMEDIA,2017-12-20 09:15:00+05:30,7.0,7.45,6.75,7.3,2367063
DNAMEDIA,2017-12-21 09:15:00+05:30,7.5,7.65,7.25,7.65,754053
DNAMEDIA,2017-12-22 09:15:00+05:30,8.0,8.0,8.0,8.0,88778
DNAMEDIA,2017-12-26 09:15:00+05:30,8.95,9.6,8.25,9.6,1170619
DNAMEDIA,2017-12-27 09:15:00+05:30,10.15,11.5,9.4,11.5,1282408
DNAMEDIA,2017-12-28 09:15:00+05:30,12.2,12.65,11.9,12.65,572543
DNAMEDIA,2017-12-29 09:15:00+05:30,13.9,13.9,12.25,13.9,736867
DNAMEDIA,2018-01-01 09:15:00+05:30,14.4,14.4,12.55,12.85,892402
DNAMEDIA,2018-01-02 09:15:00+05:30,12.7,13.5,11.75,13.35,432184
DNAMEDIA,2018-01-03 09:15:00+05:30,13.4,14.4,12.6,13.3,323023
DNAMEDIA,2018-01-04 09:15:00+05:30,13.3,14.1,13.0,13.75,259031
DNAMEDIA,2018-01-05 09:15:00+05:30,13.8,13.8,13.0,13.25,224649
DNAMEDIA,2018-01-08 09:17:00+05:30,13.4,13.5,12.85,13.0,301137
DNAMEDIA,2018-01-09 09:15:00+05:30,12.9,13.5,12.25,13.35,255244
DNAMEDIA,2018-01-10 09:15:00+05:30,13.5,13.5,13.0,13.1,172189
DNAMEDIA,2018-01-11 09:15:00+05:30,13.1,13.5,12.05,12.15,446982
DNAMEDIA,2018-01-12 09:15:00+05:30,12.35,12.95,12.0,12.1,219973
DNAMEDIA,2018-01-15 09:15:00+05:30,12.05,12.35,11.2,11.8,85592
DNAMEDIA,2018-01-16 09:15:00+05:30,11.9,11.9,10.7,11.2,124570
DNAMEDIA,2018-01-17 09:15:00+05:30,11.7,11.7,10.25,11.4,110809
DNAMEDIA,2018-01-18 09:15:00+05:30,11.0,11.6,10.55,10.75,114210
DNAMEDIA,2018-01-19 09:15:00+05:30,10.75,11.0,9.7,9.95,186074
DNAMEDIA,2018-01-22 09:15:00+05:30,9.7,10.25,9.7,10.05,82534
DNAMEDIA,2018-01-23 09:15:00+05:30,10.2,10.55,9.85,10.15,80324
DNAMEDIA,2018-01-24 09:15:00+05:30,10.4,10.4,9.8,9.95,67275
DNAMEDIA,2018-01-25 09:18:00+05:30,9.65,9.85,9.5,9.5,424913
DNAMEDIA,2018-01-29 09:15:00+05:30,9.45,9.65,9.05,9.05,85210
DNAMEDIA,2018-01-30 09:15:00+05:30,8.6,9.45,8.6,9.1,151409
DNAMEDIA,2018-01-31 09:15:00+05:30,8.8,9.45,8.65,8.8,100827
DNAMEDIA,2018-02-01 09:15:00+05:30,8.8,9.2,8.6,9.2,63949
DNAMEDIA,2018-02-02 09:15:00+05:30,9.0,9.4,8.75,8.75,94949
DNAMEDIA,2018-02-05 09:15:00+05:30,8.8,8.8,8.35,8.55,111733
DNAMEDIA,2018-02-06 09:15:00+05:30,8.15,8.65,8.15,8.55,86005
DNAMEDIA,2018-02-07 09:15:00+05:30,8.8,9.4,8.55,8.7,91690
DNAMEDIA,2018-02-08 09:19:00+05:30,8.7,9.05,8.5,8.9,55999
DNAMEDIA,2018-02-09 09:15:00+05:30,8.6,8.95,8.3,8.8,33673
DNAMEDIA,2018-02-12 09:15:00+05:30,9.05,9.05,8.6,8.7,53597
DNAMEDIA,2018-02-14 09:15:00+05:30,8.95,9.0,8.3,8.7,96237
DNAMEDIA,2018-02-15 09:15:00+05:30,8.35,8.7,8.35,8.45,39612
DNAMEDIA,2018-02-16 09:16:00+05:30,8.45,8.6,8.3,8.5,23198
DNAMEDIA,2018-02-19 09:15:00+05:30,8.25,8.6,8.0,8.25,65680
DNAMEDIA,2018-02-20 09:15:00+05:30,8.2,8.2,7.85,7.95,62515
DNAMEDIA,2018-02-21 09:18:00+05:30,7.9,8.2,7.6,7.9,50075
DNAMEDIA,2018-02-22 09:22:00+05:30,8.0,8.15,7.65,7.95,22216
DNAMEDIA,2018-02-23 09:21:00+05:30,8.45,8.45,7.85,7.9,18827
DNAMEDIA,2018-02-26 09:15:00+05:30,8.4,8.4,7.85,8.15,23389
DNAMEDIA,2018-02-27 09:20:00+05:30,7.85,8.2,7.8,8.05,42910
DNAMEDIA,2018-02-28 09:20:00+05:30,8.0,8.0,7.85,7.95,32105
DNAMEDIA,2018-03-01 09:25:00+05:30,8.3,8.3,7.9,8.25,45757
DNAMEDIA,2018-03-05 09:15:00+05:30,8.3,8.4,7.85,8.15,37400
DNAMEDIA,2018-03-06 09:19:00+05:30,8.0,8.1,7.95,8.0,17979
DNAMEDIA,2018-03-07 09:20:00+05:30,7.75,8.0,7.5,7.65,30839
DNAMEDIA,2018-03-08 09:20:00+05:30,7.95,8.4,7.55,8.2,88124
DNAMEDIA,2018-03-09 09:19:00+05:30,8.05,8.2,7.8,7.85,20516
DNAMEDIA,2018-03-12 09:20:00+05:30,7.8,8.5,7.55,8.25,42880
DNAMEDIA,2018-03-13 09:23:00+05:30,8.4,8.5,7.9,7.95,84903
DNAMEDIA,2018-03-14 09:18:00+05:30,7.6,8.0,7.6,7.8,39980
DNAMEDIA,2018-03-15 09:22:00+05:30,8.0,8.2,7.75,7.95,79613
DNAMEDIA,2018-03-16 09:15:00+05:30,7.8,8.25,7.75,7.95,25079
DNAMEDIA,2018-03-19 09:23:00+05:30,7.8,8.0,7.75,7.95,262499
DNAMEDIA,2018-03-20 09:20:00+05:30,7.6,7.95,7.6,7.8,19968
DNAMEDIA,2018-03-21 09:21:00+05:30,8.2,8.2,7.7,7.8,21406
DNAMEDIA,2018-03-22 09:23:00+05:30,7.6,8.05,7.6,7.7,26933
DNAMEDIA,2018-03-23 09:15:00+05:30,7.5,7.9,7.5,7.7,71512
DNAMEDIA,2018-03-26 09:20:00+05:30,7.5,8.45,7.5,8.15,196353
DNAMEDIA,2018-03-27 09:15:00+05:30,8.5,8.5,7.5,7.6,135280
DNAMEDIA,2018-03-28 09:18:00+05:30,7.6,8.2,7.6,8.05,37762
DNAMEDIA,2018-04-02 09:15:00+05:30,7.9,8.3,7.8,7.8,9402
DNAMEDIA,2018-04-03 09:22:00+05:30,7.8,8.0,7.8,7.95,9032
DNAMEDIA,2018-04-04 09:15:00+05:30,7.95,8.35,7.8,7.9,23205
DNAMEDIA,2018-04-05 09:15:00+05:30,8.3,8.3,7.9,8.0,34600
DNAMEDIA,2018-04-06 09:15:00+05:30,8.35,9.6,7.95,9.6,542320
DNAMEDIA,2018-04-09 09:15:00+05:30,10.35,10.35,9.0,9.15,190951
DNAMEDIA,2018-04-10 09:18:00+05:30,8.9,9.35,8.5,8.7,84748
DNAMEDIA,2018-04-11 09:15:00+05:30,9.35,9.35,8.75,8.9,91921
DNAMEDIA,2018-04-12 09:17:00+05:30,8.9,8.9,8.5,8.6,30605
DNAMEDIA,2018-04-13 09:20:00+05:30,9.0,9.0,8.5,8.65,20892
DNAMEDIA,2018-04-16 09:15:00+05:30,8.5,8.9,8.3,8.45,22642
DNAMEDIA,2018-04-17 09:38:00+05:30,8.25,8.55,8.2,8.45,180934
DNAMEDIA,2018-04-18 09:24:00+05:30,8.9,8.95,8.45,8.55,34062
DNAMEDIA,2018-04-19 09:15:00+05:30,8.45,8.7,8.4,8.45,21989
DNAMEDIA,2018-04-20 09:27:00+05:30,8.45,8.7,8.35,8.4,17455
DNAMEDIA,2018-04-23 09:16:00+05:30,8.4,8.7,8.4,8.45,22882
DNAMEDIA,2018-04-24 09:19:00+05:30,8.45,8.6,8.35,8.4,158607
DNAMEDIA,2018-04-25 09:19:00+05:30,8.15,8.8,8.15,8.45,44642
DNAMEDIA,2018-04-26 09:24:00+05:30,8.35,8.7,8.35,8.35,16188
DNAMEDIA,2018-04-27 09:20:00+05:30,8.1,9.65,8.1,8.75,139890
DNAMEDIA,2018-04-30 09:22:00+05:30,8.6,9.2,8.4,8.6,33200
DNAMEDIA,2018-05-02 09:19:00+05:30,8.65,9.5,8.6,8.6,21302
DNAMEDIA,2018-05-03 09:45:00+05:30,8.6,8.75,8.4,8.5,15492
DNAMEDIA,2018-05-04 09:23:00+05:30,8.5,8.7,8.5,8.65,15266
DNAMEDIA,2018-05-07 09:16:00+05:30,8.5,9.0,8.5,8.85,46172
DNAMEDIA,2018-05-08 09:20:00+05:30,8.6,9.0,8.55,8.6,21497
DNAMEDIA,2018-05-09 09:43:00+05:30,8.8,9.0,8.4,8.6,175985
DNAMEDIA,2018-05-10 09:30:00+05:30,8.65,8.65,8.55,8.55,34317
DNAMEDIA,2018-05-11 09:15:00+05:30,8.55,8.9,8.45,8.45,57848
DNAMEDIA,2018-05-14 09:19:00+05:30,8.25,8.75,8.25,8.5,11887
DNAMEDIA,2018-05-15 09:15:00+05:30,8.5,8.7,8.5,8.5,8598
DNAMEDIA,2018-05-16 09:18:00+05:30,8.5,8.55,8.5,8.5,17114
DNAMEDIA,2018-05-17 09:20:00+05:30,8.5,8.55,8.5,8.5,8312
DNAMEDIA,2018-05-18 09:15:00+05:30,8.2,8.55,8.1,8.45,38284
DNAMEDIA,2018-05-21 09:15:00+05:30,8.25,8.4,7.9,8.0,44551
DNAMEDIA,2018-05-22 09:17:00+05:30,8.0,8.45,7.75,7.8,16420
DNAMEDIA,2018-05-23 09:21:00+05:30,7.8,8.0,7.7,7.7,26729
DNAMEDIA,2018-05-24 09:21:00+05:30,7.7,7.7,7.6,7.65,22224
DNAMEDIA,2018-05-25 09:25:00+05:30,7.65,8.0,7.6,7.65,24030
DNAMEDIA,2018-05-28 09:22:00+05:30,7.55,7.75,7.55,7.6,23641
DNAMEDIA,2018-05-29 09:16:00+05:30,7.95,7.95,7.55,7.55,25098
DNAMEDIA,2018-05-30 09:19:00+05:30,7.5,7.95,7.5,7.55,34109
DNAMEDIA,2018-05-31 09:17:00+05:30,7.55,7.7,7.5,7.5,10335
DNAMEDIA,2018-06-01 09:20:00+05:30,7.8,7.8,7.5,7.5,10579
DNAMEDIA,2018-06-04 09:15:00+05:30,8.35,8.35,7.5,7.5,40424
DNAMEDIA,2018-06-05 09:19:00+05:30,7.5,7.8,7.5,7.5,34269
DNAMEDIA,2018-06-06 09:15:00+05:30,7.5,8.4,7.3,8.2,69131
DNAMEDIA,2018-06-07 09:17:00+05:30,8.5,8.8,7.9,8.75,48461
DNAMEDIA,2018-06-08 09:21:00+05:30,8.7,8.85,8.0,8.7,24879
DNAMEDIA,2018-06-11 09:35:00+05:30,8.5,8.9,8.5,8.8,34762
DNAMEDIA,2018-06-12 09:19:00+05:30,8.6,8.7,8.1,8.6,39345
DNAMEDIA,2018-06-13 09:18:00+05:30,8.25,8.85,8.25,8.45,12346
DNAMEDIA,2018-06-14 09:16:00+05:30,8.15,8.7,8.15,8.5,5025
DNAMEDIA,2018-06-15 09:15:00+05:30,8.5,9.0,8.1,8.5,6018
DNAMEDIA,2018-06-18 09:15:00+05:30,8.25,8.85,8.15,8.5,25787
DNAMEDIA,2018-06-19 09:16:00+05:30,8.25,8.75,8.0,8.3,62805
DNAMEDIA,2018-06-20 09:22:00+05:30,8.15,8.6,8.1,8.1,13194
DNAMEDIA,2018-06-21 09:15:00+05:30,8.8,8.8,7.65,7.95,8670
DNAMEDIA,2018-06-22 09:17:00+05:30,8.4,8.4,7.6,7.65,10048
DNAMEDIA,2018-06-25 09:23:00+05:30,7.6,7.8,7.5,7.55,6631
DNAMEDIA,2018-06-26 09:27:00+05:30,7.5,7.65,7.5,7.55,12772
DNAMEDIA,2018-06-27 09:24:00+05:30,7.5,7.8,7.5,7.5,76380
DNAMEDIA,2018-06-28 09:24:00+05:30,7.5,7.7,7.5,7.55,5448
DNAMEDIA,2018-06-29 09:28:00+05:30,7.55,8.15,7.5,7.8,17039
DNAMEDIA,2018-07-02 09:22:00+05:30,7.6,7.8,7.45,7.55,35011
DNAMEDIA,2018-07-03 09:18:00+05:30,7.5,7.75,7.5,7.7,8020
DNAMEDIA,2018-07-04 09:15:00+05:30,8.15,8.15,7.5,7.5,11812
DNAMEDIA,2018-07-05 09:21:00+05:30,7.55,7.8,7.5,7.5,10162
DNAMEDIA,2018-07-06 09:15:00+05:30,8.65,8.65,7.55,7.55,5402
DNAMEDIA,2018-07-09 09:22:00+05:30,7.55,7.75,7.5,7.5,17949
DNAMEDIA,2018-07-10 09:19:00+05:30,7.5,7.75,7.5,7.6,9009
DNAMEDIA,2018-07-11 09:39:00+05:30,7.7,7.7,7.5,7.55,3685
DNAMEDIA,2018-07-12 09:30:00+05:30,7.5,8.05,7.5,7.65,22419
DNAMEDIA,2018-07-13 09:23:00+05:30,7.5,7.65,7.5,7.5,27318
DNAMEDIA,2018-07-16 09:15:00+05:30,7.5,7.85,7.2,7.3,11199
DNAMEDIA,2018-07-17 09:16:00+05:30,7.2,7.5,7.1,7.45,5480
DNAMEDIA,2018-07-18 09:20:00+05:30,6.75,7.7,6.75,7.05,15618
DNAMEDIA,2018-07-19 09:15:00+05:30,6.7,7.45,6.6,6.95,5673
DNAMEDIA,2018-07-20 09:17:00+05:30,6.95,7.35,6.6,7.25,17196
DNAMEDIA,2018-07-23 09:52:00+05:30,7.25,7.25,6.8,6.95,11751
DNAMEDIA,2018-07-24 09:20:00+05:30,7.0,7.3,6.55,6.85,32909
DNAMEDIA,2018-07-25 09:17:00+05:30,6.7,7.0,6.55,6.7,22850
DNAMEDIA,2018-07-26 09:20:00+05:30,7.0,7.0,6.5,6.65,32455
DNAMEDIA,2018-07-27 09:33:00+05:30,6.55,6.75,6.25,6.45,49041
DNAMEDIA,2018-07-30 09:15:00+05:30,6.4,7.2,6.4,6.85,30670
DNAMEDIA,2018-07-31 09:15:00+05:30,6.5,7.0,6.5,6.7,9173
DNAMEDIA,2018-08-01 09:33:00+05:30,6.7,7.0,6.7,6.85,7237
DNAMEDIA,2018-08-02 09:15:00+05:30,6.5,7.1,6.5,6.8,5851
DNAMEDIA,2018-08-03 09:36:00+05:30,6.8,7.0,6.7,6.9,9887
DNAMEDIA,2018-08-06 09:44:00+05:30,6.8,7.0,6.5,6.65,30048
DNAMEDIA,2018-08-07 09:22:00+05:30,6.65,6.8,6.4,6.5,23844
DNAMEDIA,2018-08-08 09:16:00+05:30,6.3,6.95,6.3,6.5,12550
DNAMEDIA,2018-08-09 09:15:00+05:30,6.55,6.85,6.5,6.5,12453
DNAMEDIA,2018-08-10 09:21:00+05:30,6.5,6.8,6.5,6.5,5166
DNAMEDIA,2018-08-13 09:19:00+05:30,6.95,6.95,6.5,6.5,16111
DNAMEDIA,2018-08-14 09:20:00+05:30,6.5,6.75,6.5,6.5,17962
DNAMEDIA,2018-08-16 09:20:00+05:30,6.3,6.75,6.3,6.55,24860
DNAMEDIA,2018-08-17 09:19:00+05:30,6.25,6.75,6.25,6.35,21298
DNAMEDIA,2018-08-20 09:15:00+05:30,6.25,6.7,6.25,6.4,11191
DNAMEDIA,2018-08-21 09:18:00+05:30,6.3,7.2,6.3,6.5,88295
DNAMEDIA,2018-08-23 09:21:00+05:30,6.4,6.75,6.3,6.5,25529
DNAMEDIA,2018-08-24 09:22:00+05:30,6.5,6.55,6.3,6.35,37393
DNAMEDIA,2018-08-27 09:15:00+05:30,6.85,6.85,6.2,6.25,40894
DNAMEDIA,2018-08-28 09:20:00+05:30,6.35,6.5,6.1,6.25,16119
DNAMEDIA,2018-08-29 09:25:00+05:30,6.15,6.35,5.95,6.15,59918
DNAMEDIA,2018-08-30 09:18:00+05:30,6.3,6.3,5.9,6.15,22478
DNAMEDIA,2018-08-31 09:19:00+05:30,6.45,6.45,5.95,6.05,17150
DNAMEDIA,2018-09-03 09:24:00+05:30,6.05,7.0,6.05,6.9,83190
DNAMEDIA,2018-09-04 09:15:00+05:30,6.45,6.85,6.45,6.65,24968
DNAMEDIA,2018-09-05 09:25:00+05:30,6.65,7.05,6.55,6.9,17056
DNAMEDIA,2018-09-06 09:27:00+05:30,6.8,6.8,6.55,6.6,13751
DNAMEDIA,2018-09-07 09:17:00+05:30,6.55,6.9,6.25,6.55,17296
DNAMEDIA,2018-09-10 09:31:00+05:30,6.3,6.9,6.3,6.4,22884
DNAMEDIA,2018-09-11 09:34:00+05:30,6.45,6.8,6.25,6.3,13439
DNAMEDIA,2018-09-12 09:16:00+05:30,6.35,6.75,6.05,6.25,18226
DNAMEDIA,2018-09-14 09:56:00+05:30,6.3,6.9,6.3,6.7,25929
DNAMEDIA,2018-09-17 09:15:00+05:30,6.5,6.8,6.35,6.4,5668
DNAMEDIA,2018-09-18 09:43:00+05:30,6.7,6.7,6.3,6.6,10024
DNAMEDIA,2018-09-19 09:23:00+05:30,6.3,6.75,6.3,6.5,8696
DNAMEDIA,2018-09-21 09:20:00+05:30,6.3,6.65,6.1,6.2,13219
DNAMEDIA,2018-09-24 09:26:00+05:30,6.3,6.6,5.6,5.85,25454
DNAMEDIA,2018-09-25 09:21:00+05:30,5.65,5.95,5.65,5.7,10025
DNAMEDIA,2018-09-26 09:16:00+05:30,5.95,6.65,5.7,5.75,14167
DNAMEDIA,2018-09-27 09:37:00+05:30,5.75,6.2,5.6,5.85,13726
DNAMEDIA,2018-09-28 09:19:00+05:30,6.0,6.0,4.7,4.8,56323
DNAMEDIA,2018-10-01 09:15:00+05:30,5.1,5.1,4.7,4.9,17479
DNAMEDIA,2018-10-03 09:20:00+05:30,5.0,5.0,4.6,4.85,14419
DNAMEDIA,2018-10-04 09:15:00+05:30,4.1,5.8,4.1,4.7,33280
DNAMEDIA,2018-10-05 09:15:00+05:30,4.7,4.9,3.85,4.35,64827
DNAMEDIA,2018-10-08 09:15:00+05:30,4.3,4.65,3.9,4.2,15109
DNAMEDIA,2018-10-09 09:20:00+05:30,4.5,4.5,3.65,4.0,19450
DNAMEDIA,2018-10-10 09:19:00+05:30,4.0,4.4,4.0,4.35,7867
DNAMEDIA,2018-10-11 09:21:00+05:30,4.5,4.5,4.05,4.35,12864
DNAMEDIA,2018-10-12 09:21:00+05:30,4.0,4.75,4.0,4.7,35457
DNAMEDIA,2018-10-15 09:46:00+05:30,4.9,4.9,4.35,4.75,5968
DNAMEDIA,2018-10-16 09:20:00+05:30,4.9,5.15,4.8,5.0,14354
DNAMEDIA,2018-10-17 09:38:00+05:30,5.0,5.35,4.6,4.95,5226
DNAMEDIA,2018-10-19 09:39:00+05:30,4.7,5.1,4.7,4.7,27776
DNAMEDIA,2018-10-22 09:17:00+05:30,4.75,4.95,4.35,4.55,5082
DNAMEDIA,2018-10-23 09:39:00+05:30,4.55,4.55,4.15,4.5,15864
DNAMEDIA,2018-10-24 09:47:00+05:30,4.35,4.55,4.3,4.3,7960
DNAMEDIA,2018-10-25 09:25:00+05:30,4.3,4.5,3.9,4.15,17755
DNAMEDIA,2018-10-26 09:20:00+05:30,4.1,4.45,4.0,4.05,16884
DNAMEDIA,2018-10-29 09:15:00+05:30,4.4,4.4,3.8,4.1,11137
DNAMEDIA,2018-10-30 09:23:00+05:30,4.1,4.3,3.95,4.0,25804
DNAMEDIA,2018-10-31 09:15:00+05:30,4.0,4.0,3.75,4.0,17018
DNAMEDIA,2018-11-01 09:17:00+05:30,4.0,4.0,3.7,4.0,92096
DNAMEDIA,2018-11-02 09:32:00+05:30,3.85,4.0,3.85,3.95,18651
DNAMEDIA,2018-11-05 09:15:00+05:30,3.8,4.3,3.8,4.3,58352
DNAMEDIA,2018-11-06 09:17:00+05:30,4.5,4.5,4.0,4.15,28676
DNAMEDIA,2018-11-09 09:24:00+05:30,4.5,4.5,3.95,4.0,77506
DNAMEDIA,2018-11-12 09:15:00+05:30,4.0,4.3,3.95,4.0,27479
DNAMEDIA,2018-11-13 09:26:00+05:30,4.0,4.0,3.85,3.9,8488
DNAMEDIA,2018-11-14 09:43:00+05:30,3.9,4.25,3.9,3.95,32691
DNAMEDIA,2018-11-15 09:20:00+05:30,3.95,4.0,3.85,3.9,7190
DNAMEDIA,2018-11-16 09:42:00+05:30,3.9,4.0,3.9,3.9,8595
DNAMEDIA,2018-11-19 09:33:00+05:30,3.9,3.9,3.75,3.8,11584
DNAMEDIA,2018-11-20 09:24:00+05:30,3.75,4.0,3.75,3.75,17021
DNAMEDIA,2018-11-21 09:33:00+05:30,3.95,4.0,3.8,3.95,11553
DNAMEDIA,2018-11-22 09:38:00+05:30,3.8,3.95,3.65,3.75,18229
DNAMEDIA,2018-11-26 09:24:00+05:30,3.75,3.95,3.65,3.75,16337
DNAMEDIA,2018-11-27 09:19:00+05:30,3.7,3.85,3.7,3.7,6650
DNAMEDIA,2018-11-28 09:26:00+05:30,3.85,3.85,3.65,3.85,3995
DNAMEDIA,2018-11-29 09:24:00+05:30,3.9,3.9,3.7,3.8,8853
DNAMEDIA,2018-11-30 09:15:00+05:30,3.95,3.95,3.7,3.7,16737
DNAMEDIA,2018-12-03 00:00:00+05:30,3.7,3.85,3.65,3.7,3347
DNAMEDIA,2018-12-04 00:00:00+05:30,3.7,3.9,3.7,3.75,15941
DNAMEDIA,2018-12-05 00:00:00+05:30,3.7,3.8,3.6,3.7,14796
DNAMEDIA,2018-12-06 00:00:00+05:30,3.55,3.8,3.55,3.65,2423
DNAMEDIA,2018-12-07 00:00:00+05:30,3.65,4.0,3.65,3.9,21876
DNAMEDIA,2018-12-10 00:00:00+05:30,4.0,4.0,3.75,3.85,8877
DNAMEDIA,2018-12-11 00:00:00+05:30,3.85,3.95,3.65,3.7,5143
DNAMEDIA,2018-12-12 00:00:00+05:30,3.95,4.0,3.75,4.0,7058
DNAMEDIA,2018-12-13 00:00:00+05:30,4.0,4.0,3.65,3.7,27317
DNAMEDIA,2018-12-14 00:00:00+05:30,3.9,3.9,3.6,3.8,13440
DNAMEDIA,2018-12-17 00:00:00+05:30,3.8,3.9,3.65,3.7,10263
DNAMEDIA,2018-12-18 00:00:00+05:30,3.7,3.9,3.6,3.85,23563
DNAMEDIA,2018-12-19 00:00:00+05:30,4.0,4.0,3.65,4.0,29729
DNAMEDIA,2018-12-20 00:00:00+05:30,3.75,4.0,3.75,4.0,44220
DNAMEDIA,2018-12-21 00:00:00+05:30,3.95,4.2,3.85,4.15,41266
DNAMEDIA,2018-12-24 00:00:00+05:30,4.15,4.6,3.8,4.5,37021
DNAMEDIA,2018-12-26 00:00:00+05:30,4.7,5.3,4.1,5.15,50379
DNAMEDIA,2018-12-27 00:00:00+05:30,5.15,5.85,4.2,5.2,65260
DNAMEDIA,2018-12-28 00:00:00+05:30,4.9,5.7,4.8,5.55,70305
DNAMEDIA,2018-12-31 00:00:00+05:30,5.55,6.1,5.5,6.05,63447
DNAMEDIA,2019-01-01 00:00:00+05:30,6.65,6.65,6.0,6.65,150848
DNAMEDIA,2019-01-02 00:00:00+05:30,6.9,6.95,6.6,6.95,74672
DNAMEDIA,2019-01-03 00:00:00+05:30,7.0,7.25,6.8,7.15,83197
DNAMEDIA,2019-01-04 00:00:00+05:30,7.05,7.05,6.8,6.8,63348
DNAMEDIA,2019-01-07 00:00:00+05:30,6.8,6.9,6.5,6.55,54613
DNAMEDIA,2019-02-21 00:00:00+05:30,3.0,3.0,2.8,3.0,48102
DNAMEDIA,2019-02-22 00:00:00+05:30,3.0,3.0,2.85,2.85,136690
DNAMEDIA,2019-02-25 00:00:00+05:30,2.85,2.95,2.75,2.75,47940
DNAMEDIA,2019-02-26 00:00:00+05:30,2.75,2.85,2.65,2.7,41518
DNAMEDIA,2019-02-27 00:00:00+05:30,2.7,2.75,2.6,2.6,23252
DNAMEDIA,2019-02-28 00:00:00+05:30,2.6,2.6,2.5,2.5,19444
DNAMEDIA,2019-03-01 00:00:00+05:30,2.4,2.55,2.4,2.4,66598
DNAMEDIA,2019-03-05 00:00:00+05:30,2.4,2.5,2.3,2.3,214892
DNAMEDIA,2019-03-06 00:00:00+05:30,2.3,2.4,2.2,2.2,266966
DNAMEDIA,2019-03-07 00:00:00+05:30,2.2,2.3,2.1,2.1,144707
DNAMEDIA,2019-03-08 00:00:00+05:30,2.05,2.2,2.0,2.0,443053
DNAMEDIA,2019-03-11 00:00:00+05:30,2.0,2.0,1.9,1.9,111823
DNAMEDIA,2019-03-12 00:00:00+05:30,1.9,1.9,1.85,1.85,60678
DNAMEDIA,2019-03-13 00:00:00+05:30,1.85,1.85,1.8,1.8,66637
DNAMEDIA,2019-03-14 00:00:00+05:30,1.75,1.75,1.75,1.75,39938
DNAMEDIA,2019-03-15 00:00:00+05:30,1.7,1.8,1.7,1.7,96917
DNAMEDIA,2019-03-18 00:00:00+05:30,1.65,1.65,1.65,1.65,25195
DNAMEDIA,2019-03-19 00:00:00+05:30,1.6,1.6,1.6,1.6,36113
DNAMEDIA,2019-03-20 00:00:00+05:30,1.55,1.55,1.55,1.55,24243
DNAMEDIA,2019-03-22 00:00:00+05:30,1.5,1.5,1.5,1.5,34514
DNAMEDIA,2019-03-25 00:00:00+05:30,1.45,1.45,1.45,1.45,2716
DNAMEDIA,2019-03-26 00:00:00+05:30,1.4,1.4,1.4,1.4,6725
DNAMEDIA,2019-03-27 00:00:00+05:30,1.35,1.35,1.35,1.35,40996
DNAMEDIA,2019-03-28 00:00:00+05:30,1.3,1.3,1.3,1.3,29252
DNAMEDIA,2019-03-29 00:00:00+05:30,1.25,1.25,1.25,1.25,41665
DNAMEDIA,2019-04-01 00:00:00+05:30,1.2,1.3,1.2,1.2,390160
DNAMEDIA,2019-04-02 00:00:00+05:30,1.15,1.25,1.15,1.15,627517
DNAMEDIA,2019-04-03 00:00:00+05:30,1.15,1.15,1.1,1.1,167929
DNAMEDIA,2019-04-04 00:00:00+05:30,1.05,1.15,1.05,1.1,275006
DNAMEDIA,2019-04-05 00:00:00+05:30,1.15,1.15,1.05,1.1,189234
DNAMEDIA,2019-04-08 00:00:00+05:30,1.1,1.1,1.05,1.05,246984
DNAMEDIA,2019-04-09 00:00:00+05:30,1.05,1.1,1.0,1.0,409025
DNAMEDIA,2019-04-10 00:00:00+05:30,0.95,1.05,0.95,1.0,285357
DNAMEDIA,2019-04-11 00:00:00+05:30,0.95,1.05,0.95,1.0,100772
DNAMEDIA,2019-04-12 00:00:00+05:30,0.95,1.05,0.95,1.0,87326
DNAMEDIA,2019-04-15 00:00:00+05:30,1.05,1.05,0.95,0.95,126280
DNAMEDIA,2019-04-16 00:00:00+05:30,0.95,1.0,0.9,0.95,72664
DNAMEDIA,2019-04-18 00:00:00+05:30,0.95,1.0,0.95,1.0,111574
DNAMEDIA,2019-04-22 00:00:00+05:30,1.05,1.05,0.95,1.0,355204
DNAMEDIA,2019-04-23 00:00:00+05:30,0.95,1.0,0.95,1.0,90741
DNAMEDIA,2019-04-24 00:00:00+05:30,1.0,1.0,0.95,0.95,72278
DNAMEDIA,2019-04-25 00:00:00+05:30,1.0,1.0,0.9,0.95,108534
DNAMEDIA,2019-04-26 00:00:00+05:30,1.0,1.0,0.9,0.9,50909
DNAMEDIA,2019-04-30 00:00:00+05:30,0.9,0.9,0.85,0.9,34271
DNAMEDIA,2019-05-02 00:00:00+05:30,0.9,0.95,0.85,0.9,98081
DNAMEDIA,2019-05-03 00:00:00+05:30,0.9,0.9,0.85,0.9,79409
DNAMEDIA,2019-05-06 00:00:00+05:30,0.9,0.9,0.85,0.9,27163
DNAMEDIA,2019-05-07 00:00:00+05:30,0.9,0.9,0.85,0.85,38310
DNAMEDIA,2019-05-08 00:00:00+05:30,0.8,0.9,0.8,0.8,113456
DNAMEDIA,2019-05-09 00:00:00+05:30,0.75,0.85,0.75,0.8,38615
DNAMEDIA,2019-05-10 00:00:00+05:30,0.75,0.85,0.75,0.8,34815
DNAMEDIA,2019-05-13 00:00:00+05:30,0.75,0.8,0.75,0.75,7983
DNAMEDIA,2019-05-14 00:00:00+05:30,0.75,0.8,0.7,0.75,50746
DNAMEDIA,2019-05-15 00:00:00+05:30,0.75,0.8,0.7,0.75,17104
DNAMEDIA,2019-05-16 00:00:00+05:30,0.75,0.8,0.7,0.75,187642
DNAMEDIA,2019-05-17 00:00:00+05:30,0.8,0.8,0.7,0.75,29184
DNAMEDIA,2019-05-20 00:00:00+05:30,0.75,0.8,0.7,0.75,33055
DNAMEDIA,2019-05-21 00:00:00+05:30,0.8,0.8,0.7,0.7,78463
DNAMEDIA,2019-05-22 00:00:00+05:30,0.75,0.75,0.65,0.7,76745
DNAMEDIA,2019-05-23 00:00:00+05:30,0.75,0.75,0.65,0.7,29612
DNAMEDIA,2019-05-24 00:00:00+05:30,0.65,0.75,0.65,0.7,48470
DNAMEDIA,2019-05-27 00:00:00+05:30,0.75,0.75,0.65,0.7,33162
DNAMEDIA,2019-05-28 00:00:00+05:30,0.75,0.75,0.7,0.7,38333
DNAMEDIA,2019-05-29 00:00:00+05:30,0.75,0.75,0.7,0.7,263392
DNAMEDIA,2019-05-30 00:00:00+05:30,0.7,0.75,0.7,0.75,103343
DNAMEDIA,2019-05-31 00:00:00+05:30,0.8,0.8,0.8,0.8,159440
DNAMEDIA,2019-06-03 00:00:00+05:30,0.85,0.85,0.75,0.75,146046
DNAMEDIA,2019-06-04 00:00:00+05:30,0.7,0.8,0.7,0.7,180504
DNAMEDIA,2019-06-06 00:00:00+05:30,0.65,0.7,0.65,0.65,8493
DNAMEDIA,2019-06-07 00:00:00+05:30,0.7,0.7,0.65,0.7,32055
DNAMEDIA,2019-06-10 00:00:00+05:30,0.75,0.75,0.7,0.7,37324
DNAMEDIA,2019-06-11 00:00:00+05:30,0.7,0.75,0.7,0.75,43116
DNAMEDIA,2019-06-12 00:00:00+05:30,0.8,0.8,0.7,0.7,38852
DNAMEDIA,2019-06-13 00:00:00+05:30,0.75,0.75,0.65,0.7,26999
DNAMEDIA,2019-06-14 00:00:00+05:30,0.65,0.75,0.65,0.7,61863
DNAMEDIA,2019-06-17 00:00:00+05:30,0.65,0.65,0.65,0.65,131646
DNAMEDIA,2019-06-18 00:00:00+05:30,0.6,0.65,0.6,0.6,69719
DNAMEDIA,2019-06-19 00:00:00+05:30,0.65,0.65,0.55,0.55,247156
DNAMEDIA,2019-06-20 00:00:00+05:30,0.55,0.6,0.5,0.5,162726
DNAMEDIA,2019-06-21 00:00:00+05:30,0.55,0.55,0.5,0.55,38604
DNAMEDIA,2019-06-24 00:00:00+05:30,0.6,0.6,0.5,0.55,9147
DNAMEDIA,2019-06-25 00:00:00+05:30,0.5,0.6,0.5,0.55,10720
DNAMEDIA,2019-06-26 00:00:00+05:30,0.5,0.6,0.5,0.55,139041
DNAMEDIA,2019-06-27 00:00:00+05:30,0.6,0.6,0.55,0.6,15941
DNAMEDIA,2019-06-28 00:00:00+05:30,0.6,0.6,0.55,0.6,5725
DNAMEDIA,2019-07-01 00:00:00+05:30,0.55,0.6,0.55,0.55,17950
DNAMEDIA,2019-07-02 00:00:00+05:30,0.5,0.6,0.5,0.6,20731
DNAMEDIA,2019-07-03 00:00:00+05:30,0.6,0.6,0.55,0.55,13926
DNAMEDIA,2019-07-04 00:00:00+05:30,0.5,0.6,0.5,0.6,63107
DNAMEDIA,2019-07-05 00:00:00+05:30,0.55,0.65,0.55,0.6,51157
DNAMEDIA,2019-07-08 00:00:00+05:30,0.6,0.65,0.55,0.65,43483
DNAMEDIA,2019-07-09 00:00:00+05:30,0.6,0.6,0.6,0.6,40203
DNAMEDIA,2019-07-10 00:00:00+05:30,0.55,0.65,0.55,0.55,26598
DNAMEDIA,2019-07-11 00:00:00+05:30,0.6,0.6,0.55,0.6,10842
DNAMEDIA,2019-07-12 00:00:00+05:30,0.55,0.65,0.55,0.55,5663
DNAMEDIA,2019-07-15 00:00:00+05:30,0.55,0.55,0.55,0.55,4737
DNAMEDIA,2019-07-16 00:00:00+05:30,0.55,0.6,0.55,0.55,3393
DNAMEDIA,2019-07-17 00:00:00+05:30,0.55,0.6,0.5,0.55,24626
DNAMEDIA,2019-07-18 00:00:00+05:30,0.55,0.6,0.5,0.55,8761
DNAMEDIA,2019-07-19 00:00:00+05:30,0.6,0.6,0.5,0.55,47828
DNAMEDIA,2019-07-22 00:00:00+05:30,0.55,0.55,0.5,0.5,27559
DNAMEDIA,2019-07-23 00:00:00+05:30,0.5,0.55,0.5,0.5,11447
DNAMEDIA,2019-07-24 00:00:00+05:30,0.5,0.55,0.5,0.5,5367
DNAMEDIA,2019-07-25 00:00:00+05:30,0.5,0.55,0.5,0.55,3469
DNAMEDIA,2019-07-26 00:00:00+05:30,0.5,0.55,0.5,0.5,984
DNAMEDIA,2019-07-29 00:00:00+05:30,0.5,0.55,0.5,0.5,7178
DNAMEDIA,2019-07-30 00:00:00+05:30,0.5,0.55,0.45,0.5,10757
DNAMEDIA,2019-07-31 00:00:00+05:30,0.5,0.55,0.45,0.45,78386
DNAMEDIA,2019-08-01 00:00:00+05:30,0.45,0.5,0.4,0.5,9725
DNAMEDIA,2019-08-02 00:00:00+05:30,0.45,0.55,0.45,0.45,12267
DNAMEDIA,2019-08-05 00:00:00+05:30,0.45,0.5,0.45,0.45,9522
DNAMEDIA,2019-08-06 00:00:00+05:30,0.5,0.5,0.45,0.5,19384
DNAMEDIA,2019-08-07 00:00:00+05:30,0.55,0.55,0.45,0.45,9886
DNAMEDIA,2019-08-08 00:00:00+05:30,0.5,0.5,0.45,0.45,5497
DNAMEDIA,2019-08-09 00:00:00+05:30,0.45,0.5,0.45,0.45,5205
DNAMEDIA,2019-08-13 00:00:00+05:30,0.45,0.5,0.45,0.45,9637
DNAMEDIA,2019-08-14 00:00:00+05:30,0.45,0.45,0.45,0.45,2985
DNAMEDIA,2019-08-16 00:00:00+05:30,0.45,0.5,0.4,0.5,5610
DNAMEDIA,2019-08-19 00:00:00+05:30,0.5,0.5,0.45,0.45,4251
DNAMEDIA,2019-08-20 00:00:00+05:30,0.4,0.5,0.4,0.4,10174
DNAMEDIA,2019-08-21 00:00:00+05:30,0.35,0.45,0.35,0.35,647
DNAMEDIA,2019-08-22 00:00:00+05:30,0.35,0.4,0.35,0.35,3151
DNAMEDIA,2019-08-23 00:00:00+05:30,0.35,0.4,0.35,0.4,23605
DNAMEDIA,2019-08-26 00:00:00+05:30,0.35,0.45,0.35,0.4,27854
DNAMEDIA,2019-08-27 00:00:00+05:30,0.35,0.4,0.35,0.4,1346
DNAMEDIA,2019-08-28 00:00:00+05:30,0.35,0.45,0.35,0.4,23750
DNAMEDIA,2019-08-29 00:00:00+05:30,0.35,0.45,0.35,0.4,25460
DNAMEDIA,2019-08-30 00:00:00+05:30,0.35,0.45,0.35,0.4,19008
DNAMEDIA,2019-09-03 00:00:00+05:30,0.4,0.45,0.35,0.4,8123
DNAMEDIA,2019-09-04 00:00:00+05:30,0.45,0.45,0.4,0.45,6834
DNAMEDIA,2019-09-05 00:00:00+05:30,0.45,0.45,0.4,0.4,2458
DNAMEDIA,2019-09-06 00:00:00+05:30,0.4,0.45,0.35,0.35,19102
DNAMEDIA,2019-09-09 00:00:00+05:30,0.35,0.35,0.35,0.35,2441
DNAMEDIA,2019-09-11 00:00:00+05:30,0.35,0.4,0.35,0.35,3791
DNAMEDIA,2019-09-12 00:00:00+05:30,0.35,0.35,0.35,0.35,126
DNAMEDIA,2019-09-13 00:00:00+05:30,0.4,0.4,0.35,0.4,12421
DNAMEDIA,2019-09-16 00:00:00+05:30,0.45,0.45,0.4,0.45,21395
DNAMEDIA,2019-09-17 00:00:00+05:30,0.5,0.5,0.45,0.45,9153
DNAMEDIA,2019-09-18 00:00:00+05:30,0.4,0.5,0.4,0.45,17652
DNAMEDIA,2019-09-19 00:00:00+05:30,0.4,0.5,0.4,0.45,18155
DNAMEDIA,2019-09-20 00:00:00+05:30,0.45,0.5,0.4,0.4,35132
DNAMEDIA,2019-09-23 00:00:00+05:30,0.35,0.45,0.35,0.35,21604
DNAMEDIA,2019-09-24 00:00:00+05:30,0.35,0.4,0.35,0.4,7941
DNAMEDIA,2019-09-25 00:00:00+05:30,0.4,0.4,0.35,0.4,1873
DNAMEDIA,2019-09-26 00:00:00+05:30,0.35,0.4,0.35,0.35,5841
DNAMEDIA,2019-09-27 00:00:00+05:30,0.4,0.4,0.35,0.35,4182
DNAMEDIA,2019-09-30 00:00:00+05:30,0.4,0.4,0.35,0.4,15685
DNAMEDIA,2019-10-01 00:00:00+05:30,0.4,0.45,0.4,0.4,21530
DNAMEDIA,2019-10-03 00:00:00+05:30,0.35,0.45,0.35,0.35,8675
DNAMEDIA,2019-10-04 00:00:00+05:30,0.35,0.4,0.35,0.4,3551
DNAMEDIA,2019-10-07 00:00:00+05:30,0.35,0.45,0.35,0.35,4454
DNAMEDIA,2019-10-09 00:00:00+05:30,0.35,0.4,0.35,0.35,11049
DNAMEDIA,2019-10-10 00:00:00+05:30,0.35,0.4,0.3,0.4,17598
DNAMEDIA,2019-10-11 00:00:00+05:30,0.35,0.4,0.35,0.4,3215
DNAMEDIA,2019-10-14 00:00:00+05:30,0.4,0.45,0.35,0.4,7325
DNAMEDIA,2019-10-15 00:00:00+05:30,0.35,0.4,0.35,0.4,26973
DNAMEDIA,2019-10-16 00:00:00+05:30,0.35,0.4,0.35,0.35,27599
DNAMEDIA,2019-10-17 00:00:00+05:30,0.3,0.4,0.3,0.3,8094
DNAMEDIA,2019-10-18 00:00:00+05:30,0.3,0.35,0.3,0.35,6367
DNAMEDIA,2019-10-22 00:00:00+05:30,0.3,0.4,0.3,0.4,3938
DNAMEDIA,2019-10-23 00:00:00+05:30,0.35,0.4,0.35,0.35,10712
DNAMEDIA,2019-10-24 00:00:00+05:30,0.3,0.4,0.3,0.4,5028
DNAMEDIA,2019-10-25 00:00:00+05:30,0.4,0.4,0.35,0.35,1221
DNAMEDIA,2019-10-27 00:00:00+05:30,0.35,0.4,0.3,0.35,41826
DNAMEDIA,2019-10-29 00:00:00+05:30,0.35,0.4,0.3,0.35,13361
DNAMEDIA,2019-10-30 00:00:00+05:30,0.3,0.35,0.3,0.35,13870
DNAMEDIA,2019-10-31 00:00:00+05:30,0.4,0.4,0.3,0.35,45691
DNAMEDIA,2019-11-01 00:00:00+05:30,0.35,0.35,0.3,0.3,25679
DNAMEDIA,2019-11-04 00:00:00+05:30,0.35,0.35,0.3,0.35,53807
DNAMEDIA,2019-11-05 00:00:00+05:30,0.3,0.4,0.3,0.35,57927
DNAMEDIA,2019-11-06 00:00:00+05:30,0.3,0.4,0.3,0.35,20106
DNAMEDIA,2019-11-07 00:00:00+05:30,0.35,0.4,0.35,0.4,10372
DNAMEDIA,2019-11-08 00:00:00+05:30,0.35,0.4,0.35,0.4,26515
DNAMEDIA,2019-11-11 00:00:00+05:30,0.35,0.4,0.35,0.35,5073
DNAMEDIA,2019-11-13 00:00:00+05:30,0.35,0.4,0.35,0.4,5313
DNAMEDIA,2019-11-14 00:00:00+05:30,0.35,0.4,0.35,0.35,4329
DNAMEDIA,2019-11-15 00:00:00+05:30,0.4,0.4,0.35,0.35,6938
DNAMEDIA,2019-11-18 00:00:00+05:30,0.35,0.4,0.35,0.4,50403
DNAMEDIA,2019-11-19 00:00:00+05:30,0.4,0.45,0.35,0.45,55994
DNAMEDIA,2019-11-20 00:00:00+05:30,0.45,0.5,0.45,0.5,51114
DNAMEDIA,2019-11-21 00:00:00+05:30,0.55,0.55,0.5,0.55,29930
DNAMEDIA,2019-11-22 00:00:00+05:30,0.55,0.6,0.5,0.55,38272
DNAMEDIA,2019-11-25 00:00:00+05:30,0.6,0.6,0.5,0.55,38603
DNAMEDIA,2019-11-26 00:00:00+05:30,0.55,0.6,0.5,0.6,25218
DNAMEDIA,2019-11-27 00:00:00+05:30,0.6,0.65,0.55,0.65,46508
DNAMEDIA,2019-11-28 00:00:00+05:30,0.6,0.65,0.6,0.6,30002
DNAMEDIA,2019-11-29 00:00:00+05:30,0.55,0.65,0.55,0.6,55704
DNAMEDIA,2019-12-02 00:00:00+05:30,0.55,0.65,0.55,0.6,23258
DNAMEDIA,2019-12-03 00:00:00+05:30,0.6,0.6,0.55,0.6,32410
DNAMEDIA,2019-12-04 00:00:00+05:30,0.55,0.6,0.55,0.6,14008
DNAMEDIA,2019-12-05 00:00:00+05:30,0.6,0.6,0.55,0.6,21697
DNAMEDIA,2019-12-06 00:00:00+05:30,0.55,0.6,0.55,0.55,41537
DNAMEDIA,2019-12-09 00:00:00+05:30,0.5,0.6,0.5,0.55,23081
DNAMEDIA,2019-12-10 00:00:00+05:30,0.55,0.6,0.5,0.55,4394
DNAMEDIA,2019-12-11 00:00:00+05:30,0.5,0.6,0.5,0.5,29050
DNAMEDIA,2019-12-12 00:00:00+05:30,0.5,0.55,0.5,0.5,17965
DNAMEDIA,2019-12-13 00:00:00+05:30,0.45,0.5,0.45,0.5,15964
DNAMEDIA,2019-12-16 00:00:00+05:30,0.55,0.55,0.5,0.55,19545
DNAMEDIA,2019-12-17 00:00:00+05:30,0.5,0.55,0.5,0.5,3112
DNAMEDIA,2019-12-18 00:00:00+05:30,0.5,0.55,0.45,0.45,9113
DNAMEDIA,2019-12-19 00:00:00+05:30,0.45,0.5,0.4,0.5,15903
DNAMEDIA,2019-12-20 00:00:00+05:30,0.45,0.5,0.45,0.45,2495
DNAMEDIA,2019-12-23 00:00:00+05:30,0.4,0.5,0.4,0.5,54558
DNAMEDIA,2019-12-24 00:00:00+05:30,0.45,0.5,0.45,0.5,16240
DNAMEDIA,2019-12-26 00:00:00+05:30,0.5,0.5,0.45,0.5,2509
DNAMEDIA,2019-12-27 00:00:00+05:30,0.45,0.5,0.45,0.45,18022
DNAMEDIA,2019-12-30 00:00:00+05:30,0.45,0.5,0.4,0.5,26801
DNAMEDIA,2019-12-31 00:00:00+05:30,0.45,0.5,0.45,0.45,12809
DNAMEDIA,2020-01-01 00:00:00+05:30,0.45,0.45,0.4,0.4,7913
DNAMEDIA,2020-01-02 00:00:00+05:30,0.45,0.45,0.35,0.4,71371
DNAMEDIA,2020-01-03 00:00:00+05:30,0.4,0.45,0.4,0.45,104532
DNAMEDIA,2020-01-06 00:00:00+05:30,0.4,0.5,0.4,0.4,7555
DNAMEDIA,2020-01-07 00:00:00+05:30,0.45,0.45,0.4,0.4,22754
DNAMEDIA,2020-01-08 00:00:00+05:30,0.4,0.45,0.4,0.4,17544
DNAMEDIA,2020-01-09 00:00:00+05:30,0.4,0.45,0.4,0.45,28471
DNAMEDIA,2020-01-10 00:00:00+05:30,0.4,0.5,0.4,0.4,139550
DNAMEDIA,2020-01-13 00:00:00+05:30,0.4,0.45,0.4,0.4,21558
DNAMEDIA,2020-01-14 00:00:00+05:30,0.45,0.45,0.4,0.45,32204
DNAMEDIA,2020-01-15 00:00:00+05:30,0.4,0.5,0.4,0.45,41547
DNAMEDIA,2020-01-16 00:00:00+05:30,0.4,0.5,0.4,0.45,34069
DNAMEDIA,2020-01-17 00:00:00+05:30,0.5,0.5,0.4,0.45,42260
DNAMEDIA,2020-01-20 00:00:00+05:30,0.4,0.5,0.4,0.45,35490
DNAMEDIA,2020-01-21 00:00:00+05:30,0.4,0.5,0.4,0.5,31386
DNAMEDIA,2020-01-22 00:00:00+05:30,0.5,0.5,0.45,0.5,26290
DNAMEDIA,2020-01-23 00:00:00+05:30,0.45,0.5,0.45,0.5,38119
DNAMEDIA,2020-01-24 00:00:00+05:30,0.45,0.5,0.45,0.45,2501
DNAMEDIA,2020-01-27 00:00:00+05:30,0.4,0.5,0.4,0.4,428
DNAMEDIA,2020-01-28 00:00:00+05:30,0.45,0.45,0.4,0.4,25082
DNAMEDIA,2020-01-29 00:00:00+05:30,0.45,0.45,0.4,0.45,12895
DNAMEDIA,2020-01-30 00:00:00+05:30,0.45,0.5,0.4,0.4,3978
DNAMEDIA,2020-01-31 00:00:00+05:30,0.4,0.45,0.35,0.4,12199
DNAMEDIA,2020-02-01 00:00:00+05:30,0.4,0.45,0.4,0.4,3073
DNAMEDIA,2020-02-03 00:00:00+05:30,0.35,0.45,0.35,0.4,2661
DNAMEDIA,2020-02-04 00:00:00+05:30,0.35,0.45,0.35,0.4,5017
DNAMEDIA,2020-02-05 00:00:00+05:30,0.35,0.45,0.35,0.45,5686
DNAMEDIA,2020-02-06 00:00:00+05:30,0.4,0.45,0.4,0.45,14181
DNAMEDIA,2020-02-07 00:00:00+05:30,0.4,0.45,0.4,0.4,1903
DNAMEDIA,2020-02-10 00:00:00+05:30,0.4,0.45,0.4,0.4,22386
DNAMEDIA,2020-02-11 00:00:00+05:30,0.45,0.45,0.35,0.4,4446
DNAMEDIA,2020-02-12 00:00:00+05:30,0.4,0.45,0.4,0.45,1977
DNAMEDIA,2020-02-13 00:00:00+05:30,0.45,0.45,0.4,0.4,1171
DNAMEDIA,2020-02-14 00:00:00+05:30,0.4,0.4,0.35,0.4,3431
DNAMEDIA,2020-02-17 00:00:00+05:30,0.4,0.4,0.35,0.35,25403
DNAMEDIA,2020-02-18 00:00:00+05:30,0.35,0.4,0.35,0.4,8857
DNAMEDIA,2020-02-19 00:00:00+05:30,0.35,0.4,0.35,0.4,5417
DNAMEDIA,2020-02-20 00:00:00+05:30,0.35,0.4,0.35,0.35,3010
DNAMEDIA,2020-02-24 00:00:00+05:30,0.35,0.35,0.3,0.3,68080
DNAMEDIA,2020-02-25 00:00:00+05:30,0.3,0.35,0.3,0.35,41060
DNAMEDIA,2020-02-26 00:00:00+05:30,0.3,0.35,0.3,0.3,7124
DNAMEDIA,2020-02-27 00:00:00+05:30,0.3,0.35,0.3,0.3,53577
DNAMEDIA,2020-02-28 00:00:00+05:30,0.3,0.35,0.3,0.35,42018
DNAMEDIA,2020-03-02 00:00:00+05:30,0.4,0.4,0.3,0.3,34010
DNAMEDIA,2020-03-03 00:00:00+05:30,0.35,0.35,0.3,0.3,20035
DNAMEDIA,2020-03-04 00:00:00+05:30,0.35,0.35,0.3,0.3,26651
DNAMEDIA,2020-03-05 00:00:00+05:30,0.35,0.35,0.3,0.35,1266
DNAMEDIA,2020-03-06 00:00:00+05:30,0.35,0.4,0.3,0.3,140815
DNAMEDIA,2020-03-09 00:00:00+05:30,0.3,0.35,0.3,0.3,43396
DNAMEDIA,2020-03-11 00:00:00+05:30,0.3,0.35,0.3,0.3,17258
DNAMEDIA,2020-03-12 00:00:00+05:30,0.3,0.35,0.25,0.3,61114
DNAMEDIA,2020-03-13 00:00:00+05:30,0.35,0.35,0.25,0.3,29121
DNAMEDIA,2020-03-16 00:00:00+05:30,0.3,0.35,0.25,0.3,16832
DNAMEDIA,2020-03-17 00:00:00+05:30,0.25,0.35,0.25,0.25,41791
DNAMEDIA,2020-03-18 00:00:00+05:30,0.25,0.3,0.25,0.25,17632
DNAMEDIA,2020-03-19 00:00:00+05:30,0.25,0.3,0.25,0.3,51011
DNAMEDIA,2020-03-20 00:00:00+05:30,0.3,0.3,0.25,0.3,23571
DNAMEDIA,2020-03-23 00:00:00+05:30,0.25,0.3,0.25,0.3,31216
DNAMEDIA,2020-03-24 00:00:00+05:30,0.25,0.3,0.25,0.25,23025
DNAMEDIA,2020-03-25 00:00:00+05:30,0.2,0.3,0.2,0.25,6461
DNAMEDIA,2020-03-26 00:00:00+05:30,0.2,0.3,0.2,0.3,42666
DNAMEDIA,2020-03-27 00:00:00+05:30,0.25,0.3,0.25,0.25,13747
DNAMEDIA,2020-03-30 00:00:00+05:30,0.3,0.3,0.25,0.25,67359
DNAMEDIA,2020-03-31 00:00:00+05:30,0.25,0.3,0.25,0.3,16904
DNAMEDIA,2020-04-01 00:00:00+05:30,0.3,0.35,0.3,0.3,41765
DNAMEDIA,2020-04-03 00:00:00+05:30,0.3,0.35,0.3,0.35,10848
DNAMEDIA,2020-04-07 00:00:00+05:30,0.4,0.4,0.3,0.35,133452
DNAMEDIA,2020-04-08 00:00:00+05:30,0.3,0.35,0.3,0.35,42170
DNAMEDIA,2020-04-09 00:00:00+05:30,0.3,0.4,0.3,0.35,99571
DNAMEDIA,2020-04-13 00:00:00+05:30,0.3,0.35,0.3,0.35,18965
DNAMEDIA,2020-04-15 00:00:00+05:30,0.3,0.4,0.3,0.35,43179
DNAMEDIA,2020-04-16 00:00:00+05:30,0.3,0.4,0.3,0.35,27187
DNAMEDIA,2020-04-17 00:00:00+05:30,0.35,0.4,0.35,0.4,67066
DNAMEDIA,2020-04-20 00:00:00+05:30,0.45,0.45,0.4,0.4,34258
DNAMEDIA,2020-04-21 00:00:00+05:30,0.35,0.45,0.35,0.4,8905
DNAMEDIA,2020-04-22 00:00:00+05:30,0.45,0.45,0.35,0.35,19938
DNAMEDIA,2020-04-23 00:00:00+05:30,0.35,0.4,0.35,0.4,30696
DNAMEDIA,2020-04-24 00:00:00+05:30,0.4,0.45,0.4,0.4,18638
DNAMEDIA,2020-04-27 00:00:00+05:30,0.45,0.45,0.35,0.45,34101
DNAMEDIA,2020-04-28 00:00:00+05:30,0.45,0.45,0.4,0.4,30089
DNAMEDIA,2020-04-29 00:00:00+05:30,0.45,0.45,0.35,0.45,14480
DNAMEDIA,2020-04-30 00:00:00+05:30,0.4,0.5,0.4,0.45,26803
DNAMEDIA,2020-05-04 00:00:00+05:30,0.4,0.5,0.4,0.5,32404
DNAMEDIA,2020-05-05 00:00:00+05:30,0.5,0.55,0.45,0.5,23336
DNAMEDIA,2020-05-06 00:00:00+05:30,0.45,0.55,0.45,0.45,47084
DNAMEDIA,2020-05-07 00:00:00+05:30,0.5,0.5,0.45,0.45,17341
DNAMEDIA,2020-05-08 00:00:00+05:30,0.5,0.5,0.45,0.5,22690
DNAMEDIA,2020-05-11 00:00:00+05:30,0.45,0.55,0.45,0.5,17371
DNAMEDIA,2020-05-12 00:00:00+05:30,0.45,0.5,0.45,0.5,33415
DNAMEDIA,2020-05-13 00:00:00+05:30,0.45,0.45,0.45,0.45,12984
DNAMEDIA,2020-05-14 00:00:00+05:30,0.45,0.5,0.4,0.4,40030
DNAMEDIA,2020-05-15 00:00:00+05:30,0.4,0.45,0.35,0.4,66345
DNAMEDIA,2020-05-18 00:00:00+05:30,0.35,0.45,0.35,0.4,11504
DNAMEDIA,2020-05-19 00:00:00+05:30,0.4,0.45,0.4,0.45,11733
DNAMEDIA,2020-05-20 00:00:00+05:30,0.4,0.45,0.4,0.4,3567
DNAMEDIA,2020-05-21 00:00:00+05:30,0.4,0.45,0.4,0.45,33978
DNAMEDIA,2020-05-22 00:00:00+05:30,0.4,0.5,0.4,0.5,63357
DNAMEDIA,2020-05-26 00:00:00+05:30,0.5,0.5,0.45,0.45,10679
DNAMEDIA,2020-05-27 00:00:00+05:30,0.4,0.5,0.4,0.4,23551
DNAMEDIA,2020-05-28 00:00:00+05:30,0.4,0.45,0.4,0.4,9453
DNAMEDIA,2020-05-29 00:00:00+05:30,0.4,0.45,0.35,0.4,43204
DNAMEDIA,2020-06-01 00:00:00+05:30,0.45,0.45,0.35,0.45,36226
DNAMEDIA,2020-06-02 00:00:00+05:30,0.4,0.5,0.4,0.45,28301
DNAMEDIA,2020-06-03 00:00:00+05:30,0.5,0.5,0.4,0.4,139860
DNAMEDIA,2020-06-04 00:00:00+05:30,0.45,0.45,0.4,0.4,85631
DNAMEDIA,2020-06-05 00:00:00+05:30,0.4,0.45,0.4,0.45,124267
DNAMEDIA,2020-06-08 00:00:00+05:30,0.5,0.5,0.4,0.5,149555
DNAMEDIA,2020-06-09 00:00:00+05:30,0.5,0.55,0.5,0.55,31567
DNAMEDIA,2020-06-10 00:00:00+05:30,0.6,0.6,0.5,0.6,105869
DNAMEDIA,2020-06-11 00:00:00+05:30,0.65,0.65,0.6,0.65,57874
DNAMEDIA,2020-06-12 00:00:00+05:30,0.65,0.7,0.6,0.6,98023
DNAMEDIA,2020-06-15 00:00:00+05:30,0.65,0.65,0.6,0.65,472197
DNAMEDIA,2020-06-16 00:00:00+05:30,0.7,0.7,0.65,0.7,75646
DNAMEDIA,2020-06-17 00:00:00+05:30,0.75,0.75,0.7,0.75,53456
DNAMEDIA,2020-06-18 00:00:00+05:30,0.75,0.8,0.75,0.8,29963
DNAMEDIA,2020-06-19 00:00:00+05:30,0.85,0.85,0.8,0.85,76701
DNAMEDIA,2020-06-22 00:00:00+05:30,0.9,0.9,0.8,0.8,121910
DNAMEDIA,2020-06-29 00:00:00+05:30,0.8,0.8,0.8,0.8,511
DNAMEDIA,2020-07-01 00:00:00+05:30,0.75,0.75,0.75,0.75,3100
DNAMEDIA,2020-07-06 00:00:00+05:30,0.75,0.75,0.75,0.75,20
DNAMEDIA,2020-07-23 00:00:00+05:30,0.7,0.7,0.7,0.7,5600
DNAMEDIA,2020-07-24 00:00:00+05:30,0.65,0.65,0.65,0.65,4500
DNAMEDIA,2020-07-27 00:00:00+05:30,0.6,0.6,0.6,0.6,1304
DNAMEDIA,2020-07-31 00:00:00+05:30,0.55,0.55,0.55,0.55,50
DNAMEDIA,2020-08-03 00:00:00+05:30,0.5,0.5,0.5,0.5,1550
DNAMEDIA,2020-08-04 00:00:00+05:30,0.45,0.45,0.45,0.45,8400
DNAMEDIA,2020-08-05 00:00:00+05:30,0.4,0.4,0.4,0.4,5700
DNAMEDIA,2020-08-06 00:00:00+05:30,0.4,0.4,0.35,0.35,12350
DNAMEDIA,2020-08-07 00:00:00+05:30,0.35,0.35,0.3,0.3,22241
DNAMEDIA,2020-08-10 00:00:00+05:30,0.3,0.35,0.3,0.35,15193
DNAMEDIA,2020-08-11 00:00:00+05:30,0.4,0.4,0.4,0.4,10831
DNAMEDIA,2020-08-12 00:00:00+05:30,0.45,0.45,0.45,0.45,14385
DNAMEDIA,2020-08-13 00:00:00+05:30,0.5,0.5,0.45,0.5,44676
DNAMEDIA,2020-08-14 00:00:00+05:30,0.55,0.55,0.5,0.55,43814
DNAMEDIA,2020-08-17 00:00:00+05:30,0.55,0.6,0.5,0.6,60271
DNAMEDIA,2020-08-18 00:00:00+05:30,0.65,0.65,0.55,0.6,242362
DNAMEDIA,2020-08-19 00:00:00+05:30,0.6,0.65,0.55,0.6,50907
DNAMEDIA,2020-08-20 00:00:00+05:30,0.6,0.65,0.6,0.6,21127
DNAMEDIA,2020-08-21 00:00:00+05:30,0.55,0.65,0.55,0.55,42847
DNAMEDIA,2020-08-24 00:00:00+05:30,0.55,0.6,0.55,0.6,62249
DNAMEDIA,2020-08-25 00:00:00+05:30,0.65,0.65,0.55,0.55,95903
DNAMEDIA,2020-08-26 00:00:00+05:30,0.6,0.6,0.55,0.6,54120
DNAMEDIA,2020-08-27 00:00:00+05:30,0.65,0.65,0.55,0.65,43658
DNAMEDIA,2020-08-28 00:00:00+05:30,0.65,0.65,0.6,0.6,72117
DNAMEDIA,2020-08-31 00:00:00+05:30,0.65,0.65,0.55,0.55,60511
DNAMEDIA,2020-09-01 00:00:00+05:30,0.6,0.6,0.55,0.6,68345
DNAMEDIA,2020-09-02 00:00:00+05:30,0.6,0.6,0.55,0.55,25289
DNAMEDIA,2020-09-03 00:00:00+05:30,0.55,0.6,0.5,0.6,22197
DNAMEDIA,2020-09-04 00:00:00+05:30,0.6,0.65,0.55,0.55,161977
DNAMEDIA,2020-09-07 00:00:00+05:30,0.55,0.6,0.5,0.55,64440
DNAMEDIA,2020-09-08 00:00:00+05:30,0.5,0.6,0.5,0.5,40021
DNAMEDIA,2020-09-09 00:00:00+05:30,0.5,0.55,0.45,0.5,37727
DNAMEDIA,2020-09-10 00:00:00+05:30,0.55,0.55,0.45,0.5,39655
DNAMEDIA,2020-09-11 00:00:00+05:30,0.5,0.55,0.45,0.5,21245
DNAMEDIA,2020-09-14 00:00:00+05:30,0.55,0.55,0.45,0.5,93069
DNAMEDIA,2020-09-15 00:00:00+05:30,0.5,0.55,0.45,0.45,44202
DNAMEDIA,2020-09-16 00:00:00+05:30,0.45,0.5,0.45,0.5,51368
DNAMEDIA,2020-09-17 00:00:00+05:30,0.55,0.55,0.45,0.55,166044
DNAMEDIA,2020-09-18 00:00:00+05:30,0.55,0.6,0.5,0.55,143701
DNAMEDIA,2020-09-21 00:00:00+05:30,0.5,0.55,0.5,0.5,15869
DNAMEDIA,2020-09-22 00:00:00+05:30,0.55,0.55,0.5,0.5,20371
DNAMEDIA,2020-09-23 00:00:00+05:30,0.45,0.55,0.45,0.55,29604
DNAMEDIA,2020-09-24 00:00:00+05:30,0.5,0.6,0.5,0.6,127166
DNAMEDIA,2020-09-25 00:00:00+05:30,0.6,0.6,0.55,0.55,43066
DNAMEDIA,2020-09-28 00:00:00+05:30,0.6,0.6,0.5,0.55,82424
DNAMEDIA,2020-09-29 00:00:00+05:30,0.5,0.6,0.5,0.5,63329
DNAMEDIA,2020-09-30 00:00:00+05:30,0.5,0.55,0.5,0.55,41183
DNAMEDIA,2020-10-01 00:00:00+05:30,0.55,0.55,0.5,0.55,15379
DNAMEDIA,2020-10-05 00:00:00+05:30,0.5,0.55,0.5,0.5,13441
DNAMEDIA,2020-10-06 00:00:00+05:30,0.5,0.55,0.5,0.5,15032
DNAMEDIA,2020-10-07 00:00:00+05:30,0.5,0.55,0.5,0.5,8606
DNAMEDIA,2020-10-08 00:00:00+05:30,0.5,0.55,0.45,0.45,49618
DNAMEDIA,2020-10-09 00:00:00+05:30,0.5,0.5,0.45,0.45,25022
DNAMEDIA,2020-10-12 00:00:00+05:30,0.45,0.45,0.45,0.45,1242
DNAMEDIA,2020-10-13 00:00:00+05:30,0.5,0.5,0.5,0.5,25762
DNAMEDIA,2020-10-14 00:00:00+05:30,0.55,0.55,0.45,0.45,2195
DNAMEDIA,2020-10-15 00:00:00+05:30,0.45,0.45,0.4,0.45,9074
DNAMEDIA,2020-10-16 00:00:00+05:30,0.45,0.45,0.45,0.45,401
DNAMEDIA,2020-10-19 00:00:00+05:30,0.4,0.4,0.4,0.4,150
DNAMEDIA,2020-10-20 00:00:00+05:30,0.4,0.4,0.4,0.4,7359
DNAMEDIA,2020-10-21 00:00:00+05:30,0.4,0.4,0.4,0.4,290
DNAMEDIA,2020-10-22 00:00:00+05:30,0.4,0.4,0.4,0.4,746
DNAMEDIA,2020-10-23 00:00:00+05:30,0.35,0.35,0.35,0.35,489
DNAMEDIA,2020-10-26 00:00:00+05:30,0.4,0.4,0.4,0.4,65
DNAMEDIA,2020-10-27 00:00:00+05:30,0.45,0.45,0.45,0.45,626
DNAMEDIA,2020-10-28 00:00:00+05:30,0.5,0.5,0.5,0.5,5315
DNAMEDIA,2020-10-29 00:00:00+05:30,0.5,0.5,0.45,0.45,2655
DNAMEDIA,2020-10-30 00:00:00+05:30,0.4,0.4,0.4,0.4,1262
DNAMEDIA,2020-11-02 00:00:00+05:30,0.4,0.45,0.4,0.45,5392
DNAMEDIA,2020-11-03 00:00:00+05:30,0.4,0.4,0.4,0.4,512
DNAMEDIA,2020-11-04 00:00:00+05:30,0.4,0.4,0.35,0.35,1059
DNAMEDIA,2020-11-05 00:00:00+05:30,0.4,0.4,0.35,0.35,3634
DNAMEDIA,2020-11-06 00:00:00+05:30,0.35,0.4,0.35,0.35,3208
DNAMEDIA,2020-11-09 00:00:00+05:30,0.4,0.4,0.35,0.4,12599
DNAMEDIA,2020-11-10 00:00:00+05:30,0.35,0.4,0.35,0.4,11050
DNAMEDIA,2020-11-11 00:00:00+05:30,0.4,0.4,0.35,0.4,6357
DNAMEDIA,2020-11-12 00:00:00+05:30,0.35,0.4,0.35,0.4,2729
DNAMEDIA,2020-11-13 00:00:00+05:30,0.4,0.4,0.4,0.4,1922
DNAMEDIA,2020-11-14 00:00:00+05:30,0.4,0.4,0.4,0.4,322
DNAMEDIA,2020-11-17 00:00:00+05:30,0.35,0.4,0.35,0.35,9297
DNAMEDIA,2020-11-18 00:00:00+05:30,0.35,0.35,0.35,0.35,118818
DNAMEDIA,2020-11-19 00:00:00+05:30,0.35,0.35,0.35,0.35,4414
DNAMEDIA,2020-11-20 00:00:00+05:30,0.4,0.4,0.4,0.4,2240
DNAMEDIA,2020-11-23 00:00:00+05:30,0.35,0.4,0.35,0.35,2004
DNAMEDIA,2020-11-24 00:00:00+05:30,0.35,0.4,0.35,0.35,5780
DNAMEDIA,2020-11-25 00:00:00+05:30,0.35,0.4,0.35,0.4,85751
DNAMEDIA,2020-11-26 00:00:00+05:30,0.4,0.4,0.35,0.35,8227
DNAMEDIA,2020-11-27 00:00:00+05:30,0.4,0.4,0.4,0.4,10565
DNAMEDIA,2020-12-01 00:00:00+05:30,0.4,0.4,0.4,0.4,5272
DNAMEDIA,2020-12-02 00:00:00+05:30,0.4,0.4,0.4,0.4,1045
DNAMEDIA,2020-12-03 00:00:00+05:30,0.45,0.45,0.35,0.4,13961
DNAMEDIA,2020-12-04 00:00:00+05:30,0.4,0.4,0.35,0.35,2941
DNAMEDIA,2020-12-07 00:00:00+05:30,0.35,0.4,0.35,0.35,11908
DNAMEDIA,2020-12-08 00:00:00+05:30,0.35,0.4,0.35,0.4,9889
DNAMEDIA,2020-12-09 00:00:00+05:30,0.4,0.4,0.4,0.4,3738
DNAMEDIA,2020-12-10 00:00:00+05:30,0.45,0.45,0.45,0.45,10197
DNAMEDIA,2020-12-11 00:00:00+05:30,0.5,0.5,0.5,0.5,7890
DNAMEDIA,2020-12-14 00:00:00+05:30,0.55,0.55,0.55,0.55,10408
DNAMEDIA,2020-12-15 00:00:00+05:30,0.6,0.6,0.6,0.6,32914
DNAMEDIA,2020-12-16 00:00:00+05:30,0.6,0.65,0.6,0.65,67042
DNAMEDIA,2020-12-17 00:00:00+05:30,0.65,0.65,0.65,0.65,2926
DNAMEDIA,2020-12-18 00:00:00+05:30,0.7,0.7,0.65,0.65,55728
DNAMEDIA,2020-12-21 00:00:00+05:30,0.65,0.65,0.6,0.65,10269
DNAMEDIA,2020-12-22 00:00:00+05:30,0.6,0.6,0.6,0.6,12548
DNAMEDIA,2020-12-23 00:00:00+05:30,0.6,0.6,0.6,0.6,2089
DNAMEDIA,2020-12-24 00:00:00+05:30,0.6,0.6,0.55,0.55,3504
DNAMEDIA,2020-12-28 00:00:00+05:30,0.55,0.55,0.55,0.55,4745
DNAMEDIA,2020-12-29 00:00:00+05:30,0.55,0.6,0.55,0.55,11406
DNAMEDIA,2020-12-30 00:00:00+05:30,0.55,0.55,0.55,0.55,5343
DNAMEDIA,2020-12-31 00:00:00+05:30,0.55,0.55,0.55,0.55,8352
DNAMEDIA,2021-01-01 00:00:00+05:30,0.5,0.6,0.5,0.6,22931
DNAMEDIA,2021-01-04 00:00:00+05:30,0.6,0.65,0.6,0.65,14332
DNAMEDIA,2021-01-05 00:00:00+05:30,0.65,0.7,0.65,0.7,31230
DNAMEDIA,2021-01-06 00:00:00+05:30,0.7,0.7,0.65,0.65,15151
DNAMEDIA,2021-01-07 00:00:00+05:30,0.65,0.65,0.6,0.65,6102
DNAMEDIA,2021-01-08 00:00:00+05:30,0.65,0.65,0.6,0.6,9498
DNAMEDIA,2021-01-11 00:00:00+05:30,0.65,0.65,0.6,0.6,100173
DNAMEDIA,2021-01-12 00:00:00+05:30,0.6,0.65,0.55,0.65,27581
DNAMEDIA,2021-01-13 00:00:00+05:30,0.7,0.7,0.6,0.7,62469
DNAMEDIA,2021-01-14 00:00:00+05:30,0.65,0.7,0.65,0.7,49728
DNAMEDIA,2021-01-15 00:00:00+05:30,0.65,0.75,0.65,0.7,33239
DNAMEDIA,2021-01-18 00:00:00+05:30,0.7,0.75,0.65,0.7,90506
DNAMEDIA,2021-01-19 00:00:00+05:30,0.75,0.75,0.65,0.7,50946
DNAMEDIA,2021-01-20 00:00:00+05:30,0.75,0.75,0.65,0.75,95035
DNAMEDIA,2021-01-21 00:00:00+05:30,0.75,0.75,0.7,0.7,49173
DNAMEDIA,2021-01-22 00:00:00+05:30,0.75,0.75,0.65,0.7,54286
DNAMEDIA,2021-01-25 00:00:00+05:30,0.7,0.75,0.65,0.65,53068
DNAMEDIA,2021-01-27 00:00:00+05:30,0.65,0.7,0.65,0.7,11794
DNAMEDIA,2021-01-28 00:00:00+05:30,0.7,0.75,0.65,0.7,67571
DNAMEDIA,2021-01-29 00:00:00+05:30,0.7,0.75,0.65,0.7,63992
DNAMEDIA,2021-02-01 00:00:00+05:30,0.7,0.75,0.65,0.7,58793
DNAMEDIA,2021-02-02 00:00:00+05:30,0.75,0.75,0.65,0.7,62739
DNAMEDIA,2021-02-03 00:00:00+05:30,0.7,0.75,0.7,0.7,60276
DNAMEDIA,2021-02-04 00:00:00+05:30,0.7,0.75,0.65,0.75,31218
DNAMEDIA,2021-02-05 00:00:00+05:30,0.75,0.75,0.7,0.75,95922
DNAMEDIA,2021-02-08 00:00:00+05:30,0.7,0.8,0.7,0.7,113900
DNAMEDIA,2021-02-09 00:00:00+05:30,0.75,0.75,0.7,0.7,54062
DNAMEDIA,2021-02-10 00:00:00+05:30,0.7,0.75,0.65,0.75,37519
DNAMEDIA,2021-02-11 00:00:00+05:30,0.75,0.75,0.7,0.7,24328
DNAMEDIA,2021-02-12 00:00:00+05:30,0.75,0.75,0.75,0.75,84948
DNAMEDIA,2021-02-15 00:00:00+05:30,0.8,0.8,0.8,0.8,53036
DNAMEDIA,2021-02-16 00:00:00+05:30,0.85,0.85,0.85,0.85,58800
DNAMEDIA,2021-02-17 00:00:00+05:30,0.9,0.9,0.9,0.9,210255
DNAMEDIA,2021-02-18 00:00:00+05:30,0.95,0.95,0.95,0.95,4388
DNAMEDIA,2021-02-19 00:00:00+05:30,1.0,1.0,0.9,0.9,65760
DNAMEDIA,2021-03-01 00:00:00+05:30,0.85,0.85,0.85,0.85,16000
DNAMEDIA,2021-03-08 00:00:00+05:30,0.8,0.8,0.8,0.8,200
DNAMEDIA,2021-03-16 00:00:00+05:30,0.75,0.85,0.75,0.85,426532
DNAMEDIA,2021-03-17 00:00:00+05:30,0.85,0.85,0.8,0.8,73291
DNAMEDIA,2021-03-18 00:00:00+05:30,0.85,0.85,0.75,0.8,64581
DNAMEDIA,2021-03-19 00:00:00+05:30,0.75,0.85,0.75,0.8,220292
DNAMEDIA,2021-03-22 00:00:00+05:30,0.85,0.85,0.75,0.8,87292
DNAMEDIA,2021-03-23 00:00:00+05:30,0.75,0.8,0.75,0.8,109833
DNAMEDIA,2021-03-24 00:00:00+05:30,0.8,0.8,0.75,0.75,22201
DNAMEDIA,2021-03-25 00:00:00+05:30,0.75,0.75,0.7,0.75,61397
DNAMEDIA,2021-03-26 00:00:00+05:30,0.75,0.75,0.7,0.7,32733
DNAMEDIA,2021-03-30 00:00:00+05:30,0.75,0.75,0.65,0.7,65434
DNAMEDIA,2021-03-31 00:00:00+05:30,0.65,0.75,0.65,0.7,24255
DNAMEDIA,2021-04-01 00:00:00+05:30,0.7,0.75,0.65,0.75,61029
DNAMEDIA,2021-04-05 00:00:00+05:30,0.75,0.75,0.7,0.7,28899
DNAMEDIA,2021-04-06 00:00:00+05:30,0.7,0.75,0.65,0.7,168650
DNAMEDIA,2021-04-07 00:00:00+05:30,0.75,0.75,0.65,0.75,136918
DNAMEDIA,2021-04-08 00:00:00+05:30,0.75,0.8,0.7,0.7,72362
DNAMEDIA,2021-04-09 00:00:00+05:30,0.75,0.75,0.7,0.75,27256
DNAMEDIA,2021-04-12 00:00:00+05:30,0.75,0.75,0.7,0.75,13829
DNAMEDIA,2021-04-13 00:00:00+05:30,0.75,0.75,0.7,0.75,35806
DNAMEDIA,2021-04-15 00:00:00+05:30,0.75,0.75,0.7,0.7,22674
DNAMEDIA,2021-04-16 00:00:00+05:30,0.75,0.75,0.7,0.7,65071
DNAMEDIA,2021-04-19 00:00:00+05:30,0.7,0.75,0.65,0.65,91538
DNAMEDIA,2021-04-20 00:00:00+05:30,0.7,0.7,0.65,0.7,33653
DNAMEDIA,2021-04-22 00:00:00+05:30,0.75,0.75,0.7,0.7,130483
DNAMEDIA,2021-04-23 00:00:00+05:30,0.75,0.75,0.7,0.75,66441
DNAMEDIA,2021-04-26 00:00:00+05:30,0.75,0.8,0.7,0.8,190084
DNAMEDIA,2021-04-27 00:00:00+05:30,0.85,0.85,0.85,0.85,85169
DNAMEDIA,2021-04-28 00:00:00+05:30,0.9,0.9,0.9,0.9,13455
DNAMEDIA,2021-04-29 00:00:00+05:30,0.95,0.95,0.95,0.95,33622
DNAMEDIA,2021-04-30 00:00:00+05:30,1.0,1.0,0.95,1.0,82355
DNAMEDIA,2021-05-03 00:00:00+05:30,1.05,1.05,1.05,1.05,6525
DNAMEDIA,2021-05-04 00:00:00+05:30,1.1,1.1,1.1,1.1,333878
DNAMEDIA,2021-05-05 00:00:00+05:30,1.15,1.15,1.15,1.15,15934
DNAMEDIA,2021-05-06 00:00:00+05:30,1.2,1.2,1.2,1.2,56352
DNAMEDIA,2021-05-07 00:00:00+05:30,1.25,1.25,1.25,1.25,40716
DNAMEDIA,2021-05-10 00:00:00+05:30,1.3,1.3,1.3,1.3,15692
DNAMEDIA,2021-05-11 00:00:00+05:30,1.35,1.35,1.35,1.35,29798
DNAMEDIA,2021-05-12 00:00:00+05:30,1.4,1.4,1.4,1.4,14329
DNAMEDIA,2021-05-14 00:00:00+05:30,1.45,1.45,1.45,1.45,2946
DNAMEDIA,2021-05-17 00:00:00+05:30,1.5,1.5,1.5,1.5,5085
DNAMEDIA,2021-05-18 00:00:00+05:30,1.55,1.55,1.55,1.55,11319
DNAMEDIA,2021-05-19 00:00:00+05:30,1.6,1.6,1.6,1.6,3732
DNAMEDIA,2021-05-20 00:00:00+05:30,1.65,1.65,1.65,1.65,7751
DNAMEDIA,2021-05-21 00:00:00+05:30,1.7,1.7,1.7,1.7,6543
DNAMEDIA,2021-05-24 00:00:00+05:30,1.75,1.75,1.75,1.75,71584
DNAMEDIA,2021-05-25 00:00:00+05:30,1.8,1.8,1.8,1.8,252568
DNAMEDIA,2021-05-26 00:00:00+05:30,1.85,1.85,1.85,1.85,16061
DNAMEDIA,2021-05-27 00:00:00+05:30,1.9,1.9,1.9,1.9,15251
DNAMEDIA,2021-05-28 00:00:00+05:30,1.95,1.95,1.95,1.95,25796
DNAMEDIA,2021-05-31 00:00:00+05:30,2.0,2.0,2.0,2.0,17300
DNAMEDIA,2021-06-01 00:00:00+05:30,2.1,2.1,2.1,2.1,22637
DNAMEDIA,2021-06-02 00:00:00+05:30,2.2,2.2,2.2,2.2,112386
DNAMEDIA,2021-06-03 00:00:00+05:30,2.3,2.3,2.15,2.3,550984
DNAMEDIA,2021-06-04 00:00:00+05:30,2.4,2.4,2.4,2.4,185825
DNAMEDIA,2021-06-07 00:00:00+05:30,2.5,2.5,2.5,2.5,8937
DNAMEDIA,2021-06-08 00:00:00+05:30,2.6,2.6,2.6,2.6,12368
DNAMEDIA,2021-06-09 00:00:00+05:30,2.7,2.7,2.7,2.7,7475
DNAMEDIA,2021-06-10 00:00:00+05:30,2.8,2.8,2.8,2.8,30149
DNAMEDIA,2021-06-11 00:00:00+05:30,2.9,2.9,2.9,2.9,13354
DNAMEDIA,2021-06-14 00:00:00+05:30,3.0,3.0,2.8,3.0,660212
DNAMEDIA,2021-06-15 00:00:00+05:30,3.15,3.15,3.15,3.15,28589
DNAMEDIA,2021-06-16 00:00:00+05:30,3.3,3.3,3.3,3.3,42512
DNAMEDIA,2021-06-17 00:00:00+05:30,3.45,3.45,3.45,3.45,16911
DNAMEDIA,2021-06-18 00:00:00+05:30,3.6,3.6,3.3,3.6,494546
DNAMEDIA,2021-06-21 00:00:00+05:30,3.75,3.75,3.75,3.75,77737
DNAMEDIA,2021-06-22 00:00:00+05:30,3.9,3.9,3.9,3.9,7704
DNAMEDIA,2021-06-23 00:00:00+05:30,4.05,4.05,4.05,4.05,17730
DNAMEDIA,2021-06-24 00:00:00+05:30,4.25,4.25,4.05,4.25,414549
DNAMEDIA,2021-06-25 00:00:00+05:30,4.45,4.45,4.05,4.05,714767
DNAMEDIA,2021-06-28 00:00:00+05:30,3.85,4.0,3.85,3.85,238794
DNAMEDIA,2021-06-29 00:00:00+05:30,3.7,3.7,3.7,3.7,143222
DNAMEDIA,2021-06-30 00:00:00+05:30,3.55,3.55,3.55,3.55,324163
DNAMEDIA,2021-07-01 00:00:00+05:30,3.4,3.4,3.4,3.4,98009
DNAMEDIA,2021-07-02 00:00:00+05:30,3.25,3.25,3.25,3.25,97799
DNAMEDIA,2021-07-05 00:00:00+05:30,3.1,3.1,3.1,3.1,96088
DNAMEDIA,2021-07-06 00:00:00+05:30,2.95,2.95,2.95,2.95,181700
DNAMEDIA,2021-07-07 00:00:00+05:30,2.85,2.85,2.85,2.85,115762
DNAMEDIA,2021-07-08 00:00:00+05:30,2.75,2.75,2.75,2.75,58624
DNAMEDIA,2021-07-09 00:00:00+05:30,2.65,2.65,2.65,2.65,90295
DNAMEDIA,2021-07-12 00:00:00+05:30,2.55,2.55,2.55,2.55,104256
DNAMEDIA,2021-07-13 00:00:00+05:30,2.45,2.45,2.45,2.45,101749
DNAMEDIA,2021-07-14 00:00:00+05:30,2.35,2.55,2.35,2.55,725573
DNAMEDIA,2021-07-15 00:00:00+05:30,2.65,2.65,2.65,2.65,100407
DNAMEDIA,2021-07-16 00:00:00+05:30,2.75,2.75,2.75,2.75,158582
DNAMEDIA,2021-07-19 00:00:00+05:30,2.7,2.75,2.65,2.65,226298
DNAMEDIA,2021-07-20 00:00:00+05:30,2.55,2.6,2.55,2.55,220092
DNAMEDIA,2021-07-22 00:00:00+05:30,2.45,2.65,2.45,2.6,472115
DNAMEDIA,2021-07-23 00:00:00+05:30,2.65,2.65,2.55,2.65,166060
DNAMEDIA,2021-07-26 00:00:00+05:30,2.6,2.65,2.55,2.55,132494
DNAMEDIA,2021-07-27 00:00:00+05:30,2.55,2.55,2.45,2.45,171216
DNAMEDIA,2021-07-28 00:00:00+05:30,2.35,2.35,2.35,2.35,118614
DNAMEDIA,2021-07-29 00:00:00+05:30,2.25,2.45,2.25,2.45,256527
DNAMEDIA,2021-07-30 00:00:00+05:30,2.5,2.55,2.45,2.55,270410
DNAMEDIA,2021-08-02 00:00:00+05:30,2.65,2.65,2.45,2.65,272589
DNAMEDIA,2021-08-03 00:00:00+05:30,2.65,2.7,2.55,2.55,143988
DNAMEDIA,2021-08-04 00:00:00+05:30,2.55,2.55,2.45,2.45,140520
DNAMEDIA,2021-08-05 00:00:00+05:30,2.35,2.4,2.35,2.35,40091
DNAMEDIA,2021-08-06 00:00:00+05:30,2.35,2.55,2.25,2.5,273119
DNAMEDIA,2021-08-09 00:00:00+05:30,2.65,2.7,2.25,2.45,333064
DNAMEDIA,2021-08-10 00:00:00+05:30,2.5,2.5,2.25,2.25,173471
DNAMEDIA,2021-08-11 00:00:00+05:30,2.25,2.3,2.05,2.25,182273
DNAMEDIA,2021-08-12 00:00:00+05:30,2.2,2.45,2.15,2.3,122146
DNAMEDIA,2021-08-13 00:00:00+05:30,2.3,2.45,2.15,2.15,287404
DNAMEDIA,2021-08-16 00:00:00+05:30,2.2,2.25,2.0,2.05,123814
DNAMEDIA,2021-08-17 00:00:00+05:30,2.05,2.15,2.0,2.05,66423
DNAMEDIA,2021-08-18 00:00:00+05:30,2.05,2.1,1.95,1.95,79585
DNAMEDIA,2021-08-20 00:00:00+05:30,1.95,2.0,1.8,1.8,153350
DNAMEDIA,2021-08-23 00:00:00+05:30,1.8,1.85,1.75,1.75,65704
DNAMEDIA,2021-08-24 00:00:00+05:30,1.7,1.75,1.7,1.75,67088
DNAMEDIA,2021-08-25 00:00:00+05:30,1.8,1.8,1.7,1.8,57753
DNAMEDIA,2021-08-26 00:00:00+05:30,1.85,1.85,1.85,1.85,6962
DNAMEDIA,2021-08-27 00:00:00+05:30,1.9,1.9,1.9,1.9,23100
DNAMEDIA,2021-08-30 00:00:00+05:30,1.95,1.95,1.95,1.95,3844
DNAMEDIA,2021-08-31 00:00:00+05:30,2.0,2.0,2.0,2.0,30581
DNAMEDIA,2021-09-01 00:00:00+05:30,2.1,2.1,2.1,2.1,4036
DNAMEDIA,2021-09-02 00:00:00+05:30,2.2,2.2,2.2,2.2,8943
DNAMEDIA,2021-09-03 00:00:00+05:30,2.3,2.3,2.3,2.3,32315
DNAMEDIA,2021-09-06 00:00:00+05:30,2.4,2.4,2.2,2.25,394393
DNAMEDIA,2021-09-07 00:00:00+05:30,2.3,2.3,2.15,2.25,169255
DNAMEDIA,2021-09-08 00:00:00+05:30,2.15,2.25,2.15,2.15,31932
DNAMEDIA,2021-09-09 00:00:00+05:30,2.25,2.25,2.05,2.15,35557
DNAMEDIA,2021-09-13 00:00:00+05:30,2.05,2.2,2.05,2.1,77823
DNAMEDIA,2021-09-14 00:00:00+05:30,2.15,2.15,2.0,2.1,43689
DNAMEDIA,2021-09-15 00:00:00+05:30,2.15,2.15,2.0,2.1,81895
DNAMEDIA,2021-09-16 00:00:00+05:30,2.1,2.15,2.05,2.1,46732
DNAMEDIA,2021-09-17 00:00:00+05:30,2.15,2.15,2.0,2.1,54651
DNAMEDIA,2021-09-20 00:00:00+05:30,2.15,2.15,2.0,2.0,49822
DNAMEDIA,2021-09-21 00:00:00+05:30,2.1,2.1,1.95,1.95,17919
DNAMEDIA,2021-09-22 00:00:00+05:30,2.0,2.0,1.95,2.0,17294
DNAMEDIA,2021-09-23 00:00:00+05:30,2.1,2.1,2.05,2.1,56242
DNAMEDIA,2021-09-24 00:00:00+05:30,2.2,2.2,2.1,2.2,123625
DNAMEDIA,2021-09-27 00:00:00+05:30,2.3,2.3,2.2,2.25,209528
DNAMEDIA,2021-09-28 00:00:00+05:30,2.3,2.3,2.15,2.2,58813
DNAMEDIA,2021-09-29 00:00:00+05:30,2.1,2.3,2.1,2.25,45159
DNAMEDIA,2021-09-30 00:00:00+05:30,2.2,2.3,2.15,2.2,66935
DNAMEDIA,2021-10-01 00:00:00+05:30,2.3,2.3,2.1,2.25,43546
DNAMEDIA,2021-10-04 00:00:00+05:30,2.3,2.3,2.15,2.25,110240
DNAMEDIA,2021-10-05 00:00:00+05:30,2.25,2.3,2.15,2.25,117301
DNAMEDIA,2021-10-06 00:00:00+05:30,2.25,2.25,2.15,2.2,24472
DNAMEDIA,2021-10-07 00:00:00+05:30,2.3,2.3,2.15,2.15,21050
DNAMEDIA,2021-10-08 00:00:00+05:30,2.15,2.25,2.05,2.1,99595
DNAMEDIA,2021-10-11 00:00:00+05:30,2.2,2.2,2.05,2.2,33813
DNAMEDIA,2021-10-12 00:00:00+05:30,2.2,2.25,2.15,2.15,145077
DNAMEDIA,2021-10-13 00:00:00+05:30,2.25,2.25,2.1,2.25,129375
DNAMEDIA,2021-10-14 00:00:00+05:30,2.35,2.35,2.3,2.35,258394
DNAMEDIA,2021-10-18 00:00:00+05:30,2.45,2.45,2.35,2.45,195328
DNAMEDIA,2021-10-19 00:00:00+05:30,2.55,2.55,2.35,2.55,152763
DNAMEDIA,2021-10-20 00:00:00+05:30,2.65,2.65,2.45,2.5,460695
DNAMEDIA,2021-10-21 00:00:00+05:30,2.5,2.5,2.4,2.4,95795
DNAMEDIA,2021-10-22 00:00:00+05:30,2.4,2.4,2.3,2.3,127570
DNAMEDIA,2021-10-25 00:00:00+05:30,2.25,2.4,2.2,2.3,103970
DNAMEDIA,2021-10-26 00:00:00+05:30,2.35,2.4,2.3,2.4,99642
DNAMEDIA,2021-10-27 00:00:00+05:30,2.5,2.5,2.45,2.5,53298
DNAMEDIA,2021-10-28 00:00:00+05:30,2.6,2.6,2.4,2.4,260162
DNAMEDIA,2021-10-29 00:00:00+05:30,2.4,2.4,2.3,2.3,158559
DNAMEDIA,2021-11-01 00:00:00+05:30,2.35,2.4,2.2,2.35,141529
DNAMEDIA,2021-11-02 00:00:00+05:30,2.4,2.4,2.25,2.25,201405
DNAMEDIA,2021-11-03 00:00:00+05:30,2.35,2.35,2.25,2.3,200539
DNAMEDIA,2021-11-04 00:00:00+05:30,2.35,2.4,2.35,2.35,34271
DNAMEDIA,2021-11-08 00:00:00+05:30,2.4,2.45,2.35,2.35,162695
DNAMEDIA,2021-11-09 00:00:00+05:30,2.45,2.45,2.35,2.45,234258
DNAMEDIA,2021-11-10 00:00:00+05:30,2.55,2.55,2.45,2.55,172219
DNAMEDIA,2021-11-11 00:00:00+05:30,2.65,2.65,2.6,2.65,180292
DNAMEDIA,2021-11-12 00:00:00+05:30,2.7,2.75,2.55,2.6,344469
DNAMEDIA,2021-11-15 00:00:00+05:30,2.65,2.65,2.5,2.55,225020
DNAMEDIA,2021-11-16 00:00:00+05:30,2.55,2.55,2.45,2.5,181817
DNAMEDIA,2021-11-17 00:00:00+05:30,2.45,2.5,2.4,2.45,119349
DNAMEDIA,2021-11-18 00:00:00+05:30,2.35,2.4,2.35,2.4,86905
DNAMEDIA,2021-11-22 00:00:00+05:30,2.4,2.4,2.3,2.3,159081
DNAMEDIA,2021-11-23 00:00:00+05:30,2.3,2.4,2.2,2.4,142481
DNAMEDIA,2021-11-24 00:00:00+05:30,2.5,2.5,2.5,2.5,89028
DNAMEDIA,2021-11-25 00:00:00+05:30,2.6,2.6,2.55,2.6,116511
DNAMEDIA,2021-11-26 00:00:00+05:30,2.7,2.7,2.6,2.7,264775
DNAMEDIA,2021-11-29 00:00:00+05:30,2.8,2.8,2.75,2.8,187493
DNAMEDIA,2021-11-30 00:00:00+05:30,2.9,2.9,2.9,2.9,67617
DNAMEDIA,2021-12-01 00:00:00+05:30,3.0,3.0,3.0,3.0,168399
DNAMEDIA,2021-12-02 00:00:00+05:30,3.15,3.15,3.15,3.15,138143
DNAMEDIA,2021-12-03 00:00:00+05:30,3.3,3.3,3.3,3.3,78121
DNAMEDIA,2021-12-06 00:00:00+05:30,3.45,3.45,3.35,3.45,280652
DNAMEDIA,2021-12-07 00:00:00+05:30,3.6,3.6,3.6,3.6,53070
DNAMEDIA,2021-12-08 00:00:00+05:30,3.6,3.7,3.45,3.45,92861
DNAMEDIA,2021-12-09 00:00:00+05:30,3.3,3.3,3.3,3.3,26321
DNAMEDIA,2021-12-10 00:00:00+05:30,3.15,3.15,3.15,3.15,13597
DNAMEDIA,2021-12-13 00:00:00+05:30,3.0,3.0,3.0,3.0,11398
DNAMEDIA,2021-12-14 00:00:00+05:30,2.85,2.85,2.85,2.85,69551
DNAMEDIA,2021-12-15 00:00:00+05:30,2.75,2.75,2.75,2.75,39859
DNAMEDIA,2021-12-16 00:00:00+05:30,2.65,2.65,2.65,2.65,29828
DNAMEDIA,2021-12-17 00:00:00+05:30,2.55,2.6,2.55,2.55,74456
DNAMEDIA,2021-12-20 00:00:00+05:30,2.45,2.45,2.45,2.45,8100
DNAMEDIA,2021-12-21 00:00:00+05:30,2.35,2.35,2.35,2.35,14497
DNAMEDIA,2021-12-22 00:00:00+05:30,2.25,2.45,2.25,2.45,79749
DNAMEDIA,2021-12-23 00:00:00+05:30,2.4,2.55,2.35,2.5,44251
DNAMEDIA,2021-12-24 00:00:00+05:30,2.4,2.55,2.4,2.4,21120
DNAMEDIA,2021-12-27 00:00:00+05:30,2.4,2.5,2.3,2.3,19968
DNAMEDIA,2021-12-28 00:00:00+05:30,2.2,2.4,2.2,2.4,38389
DNAMEDIA,2021-12-29 00:00:00+05:30,2.35,2.5,2.3,2.35,47711
DNAMEDIA,2021-12-30 00:00:00+05:30,2.25,2.45,2.25,2.35,50956
DNAMEDIA,2021-12-31 00:00:00+05:30,2.25,2.45,2.25,2.4,54566
DNAMEDIA,2022-01-03 00:00:00+05:30,2.3,2.5,2.3,2.5,56622
DNAMEDIA,2022-01-04 00:00:00+05:30,2.6,2.6,2.45,2.55,37961
DNAMEDIA,2022-01-05 00:00:00+05:30,2.55,2.65,2.5,2.65,28472
DNAMEDIA,2022-01-06 00:00:00+05:30,2.65,2.75,2.55,2.7,58980
DNAMEDIA,2022-01-07 00:00:00+05:30,2.8,2.8,2.6,2.8,162289
DNAMEDIA,2022-01-10 00:00:00+05:30,2.9,2.9,2.9,2.9,30241
DNAMEDIA,2022-01-11 00:00:00+05:30,3.0,3.0,3.0,3.0,40052
DNAMEDIA,2022-01-12 00:00:00+05:30,3.15,3.15,3.15,3.15,116804
DNAMEDIA,2022-01-13 00:00:00+05:30,3.3,3.3,3.3,3.3,154978
DNAMEDIA,2022-01-14 00:00:00+05:30,3.45,3.45,3.45,3.45,127879
DNAMEDIA,2022-01-17 00:00:00+05:30,3.6,3.6,3.45,3.6,501508
DNAMEDIA,2022-01-18 00:00:00+05:30,3.75,3.75,3.75,3.75,164605
DNAMEDIA,2022-01-19 00:00:00+05:30,3.9,3.9,3.9,3.9,308006
DNAMEDIA,2022-01-20 00:00:00+05:30,3.75,3.75,3.75,3.75,132580
DNAMEDIA,2022-01-21 00:00:00+05:30,3.6,3.6,3.6,3.6,23788
DNAMEDIA,2022-01-24 00:00:00+05:30,3.45,3.45,3.45,3.45,13864
DNAMEDIA,2022-01-25 00:00:00+05:30,3.3,3.3,3.3,3.3,23776
DNAMEDIA,2022-01-27 00:00:00+05:30,3.15,3.15,3.15,3.15,2849
DNAMEDIA,2022-01-28 00:00:00+05:30,3.0,3.0,3.0,3.0,11477
DNAMEDIA,2022-01-31 00:00:00+05:30,2.85,2.85,2.85,2.85,16140
DNAMEDIA,2022-02-01 00:00:00+05:30,2.75,2.85,2.75,2.75,190027
DNAMEDIA,2022-02-02 00:00:00+05:30,2.85,2.85,2.65,2.85,142811
DNAMEDIA,2022-02-03 00:00:00+05:30,2.8,2.95,2.8,2.9,61154
DNAMEDIA,2022-02-04 00:00:00+05:30,2.9,3.0,2.8,2.85,27758
DNAMEDIA,2022-02-07 00:00:00+05:30,2.75,2.95,2.75,2.8,29268
DNAMEDIA,2022-02-08 00:00:00+05:30,2.8,2.9,2.7,2.9,21960
DNAMEDIA,2022-02-09 00:00:00+05:30,2.8,3.0,2.8,2.9,65853
DNAMEDIA,2022-02-10 00:00:00+05:30,2.8,3.0,2.8,2.8,17469
DNAMEDIA,2022-02-11 00:00:00+05:30,2.7,2.8,2.7,2.7,222094
DNAMEDIA,2022-02-14 00:00:00+05:30,2.7,2.7,2.6,2.6,20548
DNAMEDIA,2022-02-15 00:00:00+05:30,2.5,2.55,2.5,2.5,25550
DNAMEDIA,2022-02-16 00:00:00+05:30,2.4,2.4,2.4,2.4,54971
DNAMEDIA,2022-02-17 00:00:00+05:30,2.3,2.3,2.3,2.3,57035
DNAMEDIA,2022-02-18 00:00:00+05:30,2.2,2.3,2.2,2.2,65773
DNAMEDIA,2022-02-21 00:00:00+05:30,2.2,2.2,2.1,2.2,68406
DNAMEDIA,2022-02-22 00:00:00+05:30,2.1,2.2,2.1,2.1,52505
DNAMEDIA,2022-02-23 00:00:00+05:30,2.1,2.1,2.0,2.0,56729
DNAMEDIA,2022-02-24 00:00:00+05:30,1.95,1.95,1.9,1.9,51071
DNAMEDIA,2022-02-25 00:00:00+05:30,1.9,1.9,1.85,1.9,10848
DNAMEDIA,2022-02-28 00:00:00+05:30,1.9,1.9,1.85,1.85,7154
DNAMEDIA,2022-03-02 00:00:00+05:30,1.8,1.85,1.8,1.8,5364
DNAMEDIA,2022-03-03 00:00:00+05:30,1.8,1.85,1.8,1.8,6238
DNAMEDIA,2022-03-04 00:00:00+05:30,1.8,1.85,1.75,1.85,7089
DNAMEDIA,2022-03-07 00:00:00+05:30,1.8,1.85,1.8,1.8,2581
DNAMEDIA,2022-03-08 00:00:00+05:30,1.8,1.85,1.75,1.8,96185
DNAMEDIA,2022-03-09 00:00:00+05:30,1.8,1.8,1.75,1.75,3792
DNAMEDIA,2022-03-10 00:00:00+05:30,1.75,1.8,1.75,1.8,1952
DNAMEDIA,2022-03-11 00:00:00+05:30,1.8,1.85,1.75,1.85,6299
DNAMEDIA,2022-03-14 00:00:00+05:30,1.85,1.9,1.85,1.9,6004
DNAMEDIA,2022-03-15 00:00:00+05:30,1.9,1.95,1.85,1.95,6882
DNAMEDIA,2022-03-16 00:00:00+05:30,2.0,2.0,2.0,2.0,11465
DNAMEDIA,2022-03-17 00:00:00+05:30,2.1,2.1,2.1,2.1,16602
DNAMEDIA,2022-03-21 00:00:00+05:30,2.2,2.2,2.2,2.2,107932
DNAMEDIA,2022-03-22 00:00:00+05:30,2.3,2.3,2.3,2.3,45843
DNAMEDIA,2022-03-23 00:00:00+05:30,2.4,2.4,2.4,2.4,58685
DNAMEDIA,2022-03-24 00:00:00+05:30,2.5,2.5,2.5,2.5,82768
DNAMEDIA,2022-03-25 00:00:00+05:30,2.6,2.6,2.6,2.6,56201
DNAMEDIA,2022-03-28 00:00:00+05:30,2.65,2.65,2.5,2.5,50110
DNAMEDIA,2022-03-29 00:00:00+05:30,2.4,2.4,2.4,2.4,11919
DNAMEDIA,2022-03-30 00:00:00+05:30,2.3,2.5,2.3,2.3,109180
DNAMEDIA,2022-03-31 00:00:00+05:30,2.2,2.4,2.2,2.4,80819
DNAMEDIA,2022-04-01 00:00:00+05:30,2.4,2.5,2.3,2.5,60904
DNAMEDIA,2022-04-04 00:00:00+05:30,2.55,2.6,2.55,2.6,92345
DNAMEDIA,2022-04-05 00:00:00+05:30,2.7,2.7,2.65,2.7,53886
DNAMEDIA,2022-04-06 00:00:00+05:30,2.8,2.8,2.8,2.8,45285
DNAMEDIA,2022-04-07 00:00:00+05:30,2.9,2.9,2.9,2.9,38599
DNAMEDIA,2022-04-08 00:00:00+05:30,3.0,3.0,3.0,3.0,30374
DNAMEDIA,2022-04-11 00:00:00+05:30,3.15,3.15,2.85,2.85,201341
DNAMEDIA,2022-04-12 00:00:00+05:30,2.9,2.95,2.8,2.85,99183
DNAMEDIA,2022-04-13 00:00:00+05:30,2.9,2.95,2.8,2.95,143493
DNAMEDIA,2022-04-18 00:00:00+05:30,2.95,3.05,2.85,2.85,144709
DNAMEDIA,2022-04-19 00:00:00+05:30,2.95,2.95,2.85,2.9,80050
DNAMEDIA,2022-04-20 00:00:00+05:30,2.9,3.0,2.8,2.85,54829
DNAMEDIA,2022-04-21 00:00:00+05:30,2.9,2.9,2.75,2.9,63173
DNAMEDIA,2022-04-22 00:00:00+05:30,2.85,2.9,2.8,2.8,104815
DNAMEDIA,2022-04-25 00:00:00+05:30,2.85,2.85,2.7,2.7,142216
DNAMEDIA,2022-04-26 00:00:00+05:30,2.75,2.75,2.6,2.65,95267
DNAMEDIA,2022-04-27 00:00:00+05:30,2.6,2.65,2.55,2.55,29140
DNAMEDIA,2022-04-28 00:00:00+05:30,2.6,2.65,2.45,2.45,83737
DNAMEDIA,2022-04-29 00:00:00+05:30,2.5,2.55,2.5,2.55,21397
DNAMEDIA,2022-05-02 00:00:00+05:30,2.65,2.65,2.6,2.65,37721
DNAMEDIA,2022-05-04 00:00:00+05:30,2.75,2.75,2.75,2.75,34773
DNAMEDIA,2022-05-05 00:00:00+05:30,2.85,2.85,2.65,2.65,100050
DNAMEDIA,2022-05-06 00:00:00+05:30,2.55,2.6,2.55,2.55,77544
DNAMEDIA,2022-05-09 00:00:00+05:30,2.6,2.65,2.45,2.45,143195
DNAMEDIA,2022-05-10 00:00:00+05:30,2.4,2.4,2.35,2.35,48415
DNAMEDIA,2022-05-11 00:00:00+05:30,2.35,2.4,2.25,2.25,41894
DNAMEDIA,2022-05-12 00:00:00+05:30,2.15,2.25,2.15,2.15,31045
DNAMEDIA,2022-05-13 00:00:00+05:30,2.15,2.25,2.05,2.25,59985
DNAMEDIA,2022-05-16 00:00:00+05:30,2.35,2.35,2.2,2.35,57481
DNAMEDIA,2022-05-17 00:00:00+05:30,2.4,2.45,2.3,2.45,30326
DNAMEDIA,2022-05-18 00:00:00+05:30,2.55,2.55,2.45,2.55,26989
DNAMEDIA,2022-05-19 00:00:00+05:30,2.45,2.45,2.45,2.45,8029
DNAMEDIA,2022-05-20 00:00:00+05:30,2.5,2.5,2.35,2.35,68021
DNAMEDIA,2022-05-23 00:00:00+05:30,2.35,2.45,2.25,2.35,134135
DNAMEDIA,2022-05-24 00:00:00+05:30,2.4,2.45,2.25,2.25,156096
DNAMEDIA,2022-05-25 00:00:00+05:30,2.3,2.35,2.15,2.2,34673
DNAMEDIA,2022-05-26 00:00:00+05:30,2.2,2.25,2.1,2.2,40321
DNAMEDIA,2022-05-27 00:00:00+05:30,2.15,2.25,2.1,2.15,31674
DNAMEDIA,2022-05-30 00:00:00+05:30,2.25,2.25,2.1,2.1,51960
DNAMEDIA,2022-05-31 00:00:00+05:30,2.1,2.2,2.1,2.2,83123
DNAMEDIA,2022-06-01 00:00:00+05:30,2.3,2.3,2.3,2.3,29560
DNAMEDIA,2022-06-02 00:00:00+05:30,2.4,2.4,2.4,2.4,11463
DNAMEDIA,2022-06-03 00:00:00+05:30,2.5,2.5,2.5,2.5,18228
DNAMEDIA,2022-06-06 00:00:00+05:30,2.6,2.6,2.6,2.6,17299
DNAMEDIA,2022-06-07 00:00:00+05:30,2.85,2.85,2.8,2.85,203245
DNAMEDIA,2022-06-08 00:00:00+05:30,3.1,3.1,3.1,3.1,77547
DNAMEDIA,2022-06-09 00:00:00+05:30,3.4,3.4,3.4,3.4,74126
DNAMEDIA,2022-06-10 00:00:00+05:30,3.55,3.55,3.25,3.55,1028246
DNAMEDIA,2022-06-13 00:00:00+05:30,3.4,3.4,3.4,3.4,3696
DNAMEDIA,2022-06-14 00:00:00+05:30,3.25,3.25,3.25,3.25,2110
DNAMEDIA,2022-06-15 00:00:00+05:30,3.1,3.1,3.1,3.1,100
DNAMEDIA,2022-06-16 00:00:00+05:30,2.95,2.95,2.95,2.95,301
DNAMEDIA,2022-06-17 00:00:00+05:30,2.85,2.85,2.85,2.85,307
DNAMEDIA,2022-06-20 00:00:00+05:30,2.75,2.95,2.75,2.75,277306
DNAMEDIA,2022-06-21 00:00:00+05:30,2.65,2.65,2.65,2.65,24965
DNAMEDIA,2022-06-22 00:00:00+05:30,2.6,2.75,2.55,2.7,41398
DNAMEDIA,2022-06-23 00:00:00+05:30,2.8,2.8,2.65,2.75,71278
DNAMEDIA,2022-06-24 00:00:00+05:30,2.75,2.85,2.65,2.8,51704
DNAMEDIA,2022-06-27 00:00:00+05:30,2.7,2.9,2.7,2.9,39783
DNAMEDIA,2022-06-28 00:00:00+05:30,3.0,3.0,3.0,3.0,25879
DNAMEDIA,2022-06-29 00:00:00+05:30,3.0,3.15,3.0,3.0,73863
DNAMEDIA,2022-06-30 00:00:00+05:30,2.85,3.15,2.85,3.15,200465
DNAMEDIA,2022-07-01 00:00:00+05:30,3.2,3.2,3.0,3.0,113440
DNAMEDIA,2022-07-04 00:00:00+05:30,3.0,3.05,2.85,2.95,78531
DNAMEDIA,2022-07-05 00:00:00+05:30,2.95,3.0,2.95,2.95,64098
DNAMEDIA,2022-07-06 00:00:00+05:30,3.05,3.05,2.9,2.95,87043
DNAMEDIA,2022-07-07 00:00:00+05:30,2.95,3.0,2.9,2.9,64593
DNAMEDIA,2022-07-08 00:00:00+05:30,3.0,3.0,2.85,2.9,54279
DNAMEDIA,2022-07-11 00:00:00+05:30,3.0,3.0,2.8,2.9,55467
DNAMEDIA,2022-07-12 00:00:00+05:30,2.8,2.95,2.8,2.9,85807
DNAMEDIA,2022-07-13 00:00:00+05:30,3.0,3.0,2.9,2.9,36157
DNAMEDIA,2022-07-14 00:00:00+05:30,2.8,3.0,2.8,2.95,30533
DNAMEDIA,2022-07-15 00:00:00+05:30,3.0,3.0,2.85,2.9,11520
DNAMEDIA,2022-07-18 00:00:00+05:30,2.9,3.0,2.8,2.95,17914
DNAMEDIA,2022-07-19 00:00:00+05:30,3.0,3.0,2.85,2.9,43090
DNAMEDIA,2022-07-20 00:00:00+05:30,3.0,3.0,2.9,3.0,124048
DNAMEDIA,2022-07-21 00:00:00+05:30,3.1,3.1,2.9,2.9,17218
DNAMEDIA,2022-07-22 00:00:00+05:30,3.0,3.0,2.9,2.9,14444
DNAMEDIA,2022-07-25 00:00:00+05:30,2.85,3.0,2.85,2.9,33799
DNAMEDIA,2022-07-26 00:00:00+05:30,3.0,3.0,2.85,3.0,47686
DNAMEDIA,2022-07-27 00:00:00+05:30,3.0,3.0,2.9,2.9,28212
DNAMEDIA,2022-07-28 00:00:00+05:30,2.9,3.0,2.9,2.95,60238
DNAMEDIA,2022-07-29 00:00:00+05:30,3.05,3.05,2.9,3.05,60335
DNAMEDIA,2022-08-01 00:00:00+05:30,3.15,3.2,2.9,3.0,57405
DNAMEDIA,2022-08-02 00:00:00+05:30,3.1,3.1,2.9,3.05,78928
DNAMEDIA,2022-08-03 00:00:00+05:30,3.05,3.2,2.9,3.1,86113
DNAMEDIA,2022-08-04 00:00:00+05:30,3.1,3.25,3.0,3.1,23279
DNAMEDIA,2022-08-05 00:00:00+05:30,3.05,3.05,3.0,3.0,18871
DNAMEDIA,2022-08-08 00:00:00+05:30,3.0,3.1,2.9,3.05,14882
DNAMEDIA,2022-08-10 00:00:00+05:30,3.05,3.15,2.95,3.05,70519
DNAMEDIA,2022-08-11 00:00:00+05:30,3.05,3.2,2.95,3.15,84555
DNAMEDIA,2022-08-12 00:00:00+05:30,3.15,3.25,3.0,3.1,31057
DNAMEDIA,2022-08-16 00:00:00+05:30,3.1,3.15,3.0,3.1,45431
DNAMEDIA,2022-08-17 00:00:00+05:30,3.1,3.15,2.95,3.1,40831
DNAMEDIA,2022-08-18 00:00:00+05:30,3.05,3.15,2.95,3.0,61622
DNAMEDIA,2022-08-19 00:00:00+05:30,2.95,3.15,2.95,3.0,28562
DNAMEDIA,2022-08-22 00:00:00+05:30,3.1,3.15,2.9,3.1,105058
DNAMEDIA,2022-08-23 00:00:00+05:30,3.1,3.25,3.0,3.25,125216
DNAMEDIA,2022-08-24 00:00:00+05:30,3.4,3.4,3.15,3.3,115888
DNAMEDIA,2022-08-25 00:00:00+05:30,3.35,3.35,3.15,3.15,67798
DNAMEDIA,2022-08-26 00:00:00+05:30,3.15,3.25,3.0,3.15,29438
DNAMEDIA,2022-08-29 00:00:00+05:30,3.15,3.25,3.0,3.2,62917
DNAMEDIA,2022-08-30 00:00:00+05:30,3.3,3.3,3.05,3.15,53857
DNAMEDIA,2022-09-01 00:00:00+05:30,3.0,3.3,3.0,3.2,58614
DNAMEDIA,2022-09-02 00:00:00+05:30,3.3,3.3,3.1,3.2,37526
DNAMEDIA,2022-09-05 00:00:00+05:30,3.05,3.35,3.05,3.3,85516
DNAMEDIA,2022-09-06 00:00:00+05:30,3.45,3.45,3.15,3.3,107274
DNAMEDIA,2022-09-07 00:00:00+05:30,3.15,3.35,3.15,3.3,33761
DNAMEDIA,2022-09-08 00:00:00+05:30,3.3,3.35,3.2,3.25,55257
DNAMEDIA,2022-09-09 00:00:00+05:30,3.4,3.4,3.1,3.4,116234
DNAMEDIA,2022-09-12 00:00:00+05:30,3.5,3.55,3.4,3.55,78364
DNAMEDIA,2022-09-13 00:00:00+05:30,3.7,3.7,3.55,3.7,138082
DNAMEDIA,2022-09-14 00:00:00+05:30,3.85,3.85,3.7,3.85,119338
DNAMEDIA,2022-09-15 00:00:00+05:30,4.0,4.0,3.9,4.0,151077
DNAMEDIA,2022-09-16 00:00:00+05:30,4.2,4.2,4.1,4.2,141385
DNAMEDIA,2022-09-19 00:00:00+05:30,4.4,4.4,4.4,4.4,32507
DNAMEDIA,2022-09-20 00:00:00+05:30,4.6,4.6,4.6,4.6,18456
DNAMEDIA,2022-09-21 00:00:00+05:30,4.8,4.8,4.8,4.8,65820
DNAMEDIA,2022-09-22 00:00:00+05:30,5.0,5.0,4.6,4.6,874313
DNAMEDIA,2022-09-23 00:00:00+05:30,4.4,4.4,4.4,4.4,192115
DNAMEDIA,2022-09-26 00:00:00+05:30,4.2,4.2,4.2,4.2,63050
DNAMEDIA,2022-09-27 00:00:00+05:30,4.2,4.35,4.0,4.0,206922
DNAMEDIA,2022-09-28 00:00:00+05:30,3.9,4.2,3.8,4.0,425244
DNAMEDIA,2022-09-29 00:00:00+05:30,4.2,4.2,4.1,4.2,332234
DNAMEDIA,2022-09-30 00:00:00+05:30,4.35,4.35,4.0,4.0,157301
DNAMEDIA,2022-10-03 00:00:00+05:30,3.8,4.1,3.8,3.8,76422
DNAMEDIA,2022-10-04 00:00:00+05:30,3.75,3.95,3.7,3.9,188858
DNAMEDIA,2022-10-06 00:00:00+05:30,4.0,4.05,3.8,3.85,149043
DNAMEDIA,2022-10-07 00:00:00+05:30,3.95,3.95,3.7,3.75,188952
DNAMEDIA,2022-10-10 00:00:00+05:30,3.75,3.75,3.5,3.6,49597
DNAMEDIA,2022-10-11 00:00:00+05:30,3.4,3.95,3.4,3.8,154778
DNAMEDIA,2022-10-12 00:00:00+05:30,3.8,3.95,3.7,3.8,116701
DNAMEDIA,2022-10-13 00:00:00+05:30,4.0,4.0,3.8,3.85,53484
DNAMEDIA,2022-10-14 00:00:00+05:30,3.9,3.9,3.7,3.85,61394
DNAMEDIA,2022-10-17 00:00:00+05:30,4.05,4.05,3.6,3.65,42118
DNAMEDIA,2022-10-18 00:00:00+05:30,4.0,4.0,3.6,3.85,114189
DNAMEDIA,2022-10-19 00:00:00+05:30,3.85,3.95,3.6,3.7,77265
DNAMEDIA,2022-10-20 00:00:00+05:30,3.85,3.85,3.65,3.65,70856
DNAMEDIA,2022-10-21 00:00:00+05:30,3.75,3.8,3.5,3.55,81627
DNAMEDIA,2022-10-24 00:00:00+05:30,3.85,3.85,3.35,3.65,39982
DNAMEDIA,2022-10-25 00:00:00+05:30,3.75,4.0,3.6,3.85,116276
DNAMEDIA,2022-10-27 00:00:00+05:30,3.95,3.95,3.75,3.8,30216
DNAMEDIA,2022-10-28 00:00:00+05:30,3.9,3.9,3.6,3.65,47566
DNAMEDIA,2022-10-31 00:00:00+05:30,3.5,3.75,3.5,3.55,69216
DNAMEDIA,2022-11-01 00:00:00+05:30,3.75,3.9,3.65,3.7,174062
DNAMEDIA,2022-11-02 00:00:00+05:30,3.8,3.9,3.65,3.7,68520
DNAMEDIA,2022-11-03 00:00:00+05:30,3.8,3.8,3.5,3.6,72160
DNAMEDIA,2022-11-04 00:00:00+05:30,3.75,3.75,3.45,3.55,89672
DNAMEDIA,2022-11-07 00:00:00+05:30,3.75,3.75,3.45,3.5,71158
DNAMEDIA,2022-11-09 00:00:00+05:30,3.65,3.85,3.6,3.85,149020
DNAMEDIA,2022-11-10 00:00:00+05:30,4.2,4.2,4.0,4.2,526107
DNAMEDIA,2022-11-11 00:00:00+05:30,4.6,4.6,4.1,4.6,933784
DNAMEDIA,2022-11-14 00:00:00+05:30,4.8,4.8,4.8,4.8,145384
DNAMEDIA,2022-11-15 00:00:00+05:30,4.9,4.9,4.6,4.6,311548
DNAMEDIA,2022-11-16 00:00:00+05:30,4.4,4.4,4.4,4.4,46163
DNAMEDIA,2022-11-17 00:00:00+05:30,4.2,4.2,4.2,4.2,38329
DNAMEDIA,2022-11-18 00:00:00+05:30,4.0,4.0,4.0,4.0,42079
DNAMEDIA,2022-11-21 00:00:00+05:30,3.8,3.8,3.8,3.8,39869
DNAMEDIA,2022-11-22 00:00:00+05:30,3.65,3.95,3.65,3.95,490085
DNAMEDIA,2022-11-23 00:00:00+05:30,4.0,4.1,4.0,4.1,34369
DNAMEDIA,2022-11-24 00:00:00+05:30,4.3,4.3,3.9,3.9,296147
DNAMEDIA,2022-11-25 00:00:00+05:30,3.8,3.9,3.75,3.75,287885
DNAMEDIA,2022-11-28 00:00:00+05:30,3.75,3.9,3.6,3.65,164300
DNAMEDIA,2022-11-29 00:00:00+05:30,3.65,3.8,3.6,3.8,83910
DNAMEDIA,2022-11-30 00:00:00+05:30,3.95,3.95,3.75,3.75,75460
DNAMEDIA,2022-12-01 00:00:00+05:30,3.9,3.9,3.75,3.9,108326
DNAMEDIA,2022-12-02 00:00:00+05:30,4.0,4.0,3.75,3.8,164321
DNAMEDIA,2022-12-05 00:00:00+05:30,3.85,3.85,3.75,3.75,67219
DNAMEDIA,2022-12-06 00:00:00+05:30,3.75,3.9,3.7,3.8,112855
DNAMEDIA,2022-12-07 00:00:00+05:30,3.9,3.95,3.65,3.7,104884
DNAMEDIA,2022-12-08 00:00:00+05:30,3.85,3.85,3.7,3.85,85375
DNAMEDIA,2022-12-09 00:00:00+05:30,3.75,3.95,3.75,3.8,65668
DNAMEDIA,2022-12-12 00:00:00+05:30,3.95,3.95,3.7,3.75,65433
DNAMEDIA,2022-12-13 00:00:00+05:30,3.9,3.9,3.65,3.8,92897
DNAMEDIA,2022-12-14 00:00:00+05:30,3.85,3.9,3.7,3.75,83214
DNAMEDIA,2022-12-15 00:00:00+05:30,3.8,3.8,3.6,3.7,111122
DNAMEDIA,2022-12-16 00:00:00+05:30,3.7,3.7,3.6,3.7,60364
DNAMEDIA,2022-12-19 00:00:00+05:30,3.7,3.75,3.6,3.7,35858
DNAMEDIA,2022-12-20 00:00:00+05:30,3.75,3.8,3.6,3.6,37336
DNAMEDIA,2022-12-21 00:00:00+05:30,3.7,3.7,3.45,3.45,104580
DNAMEDIA,2022-12-22 00:00:00+05:30,3.6,3.6,3.3,3.3,76297
DNAMEDIA,2022-12-23 00:00:00+05:30,3.3,3.3,3.15,3.15,37347
DNAMEDIA,2022-12-26 00:00:00+05:30,3.05,3.3,3.0,3.25,132288
DNAMEDIA,2022-12-27 00:00:00+05:30,3.3,3.4,3.1,3.25,55042
DNAMEDIA,2022-12-28 00:00:00+05:30,3.4,3.4,3.2,3.35,36938
DNAMEDIA,2022-12-29 00:00:00+05:30,3.35,3.45,3.25,3.35,28889
DNAMEDIA,2022-12-30 00:00:00+05:30,3.3,3.5,3.3,3.5,88920
DNAMEDIA,2023-01-02 00:00:00+05:30,3.5,3.55,3.4,3.5,59853
DNAMEDIA,2023-01-03 00:00:00+05:30,3.5,3.55,3.4,3.45,62757
DNAMEDIA,2023-01-04 00:00:00+05:30,3.45,3.5,3.35,3.45,59084
DNAMEDIA,2023-01-05 00:00:00+05:30,3.55,3.55,3.35,3.35,72916
DNAMEDIA,2023-01-06 00:00:00+05:30,3.4,3.4,3.2,3.3,98311
DNAMEDIA,2023-01-09 00:00:00+05:30,3.3,3.35,3.25,3.25,39852
DNAMEDIA,2023-01-10 00:00:00+05:30,3.25,3.3,3.2,3.25,38317
DNAMEDIA,2023-01-11 00:00:00+05:30,3.25,3.3,3.2,3.2,46956
DNAMEDIA,2023-01-12 00:00:00+05:30,3.3,3.3,3.15,3.15,58601
DNAMEDIA,2023-01-13 00:00:00+05:30,3.1,3.25,3.1,3.15,54994
DNAMEDIA,2023-01-16 00:00:00+05:30,3.15,3.15,3.05,3.1,37384
DNAMEDIA,2023-01-17 00:00:00+05:30,3.15,3.15,3.0,3.1,34521
DNAMEDIA,2023-01-18 00:00:00+05:30,3.2,3.2,3.0,3.1,79184
DNAMEDIA,2023-01-19 00:00:00+05:30,3.05,3.15,3.0,3.1,41597
DNAMEDIA,2023-01-20 00:00:00+05:30,3.0,3.1,3.0,3.05,17416
DNAMEDIA,2023-01-23 00:00:00+05:30,3.05,3.15,3.0,3.05,64129
DNAMEDIA,2023-01-24 00:00:00+05:30,3.05,3.1,2.9,3.05,108630
DNAMEDIA,2023-01-25 00:00:00+05:30,2.95,3.05,2.9,2.9,90507
DNAMEDIA,2023-01-27 00:00:00+05:30,2.85,2.95,2.8,2.9,59631
DNAMEDIA,2023-01-30 00:00:00+05:30,2.95,2.95,2.75,2.75,77921
DNAMEDIA,2023-01-31 00:00:00+05:30,2.8,2.85,2.7,2.8,57994
DNAMEDIA,2023-02-01 00:00:00+05:30,2.9,2.9,2.8,2.9,74821
DNAMEDIA,2023-02-02 00:00:00+05:30,2.95,3.0,2.75,2.95,108700
DNAMEDIA,2023-02-03 00:00:00+05:30,2.95,3.05,2.8,3.05,294066
DNAMEDIA,2023-02-06 00:00:00+05:30,3.15,3.2,3.0,3.15,88078
DNAMEDIA,2023-02-07 00:00:00+05:30,3.25,3.3,3.15,3.2,61164
DNAMEDIA,2023-02-08 00:00:00+05:30,3.25,3.25,3.05,3.15,60102
DNAMEDIA,2023-02-09 00:00:00+05:30,3.3,3.3,3.05,3.2,40711
DNAMEDIA,2023-02-10 00:00:00+05:30,3.3,3.3,3.1,3.15,43981
DNAMEDIA,2023-02-13 00:00:00+05:30,3.15,3.25,2.85,2.95,91176
DNAMEDIA,2023-02-14 00:00:00+05:30,3.05,3.05,2.85,2.95,21645
DNAMEDIA,2023-02-15 00:00:00+05:30,3.0,3.05,2.85,3.0,28392
DNAMEDIA,2023-02-16 00:00:00+05:30,3.0,3.1,2.95,3.05,26912
DNAMEDIA,2023-02-17 00:00:00+05:30,3.05,3.15,2.85,3.1,48936
DNAMEDIA,2023-02-20 00:00:00+05:30,3.15,3.15,3.0,3.05,20466
DNAMEDIA,2023-02-21 00:00:00+05:30,3.1,3.1,2.9,3.0,47325
DNAMEDIA,2023-02-22 00:00:00+05:30,3.1,3.1,2.85,3.0,24046
DNAMEDIA,2023-02-23 00:00:00+05:30,2.95,3.05,2.85,3.0,43275
DNAMEDIA,2023-02-24 00:00:00+05:30,2.85,3.15,2.85,3.1,70393
DNAMEDIA,2023-02-27 00:00:00+05:30,3.1,3.15,2.95,3.1,52017
DNAMEDIA,2023-02-28 00:00:00+05:30,3.1,3.15,2.95,3.0,42432
DNAMEDIA,2023-03-01 00:00:00+05:30,3.0,3.0,2.9,2.95,10604
DNAMEDIA,2023-03-02 00:00:00+05:30,2.95,3.0,2.85,2.9,18234
DNAMEDIA,2023-03-03 00:00:00+05:30,3.05,3.05,2.7,2.9,66145
DNAMEDIA,2023-03-06 00:00:00+05:30,3.1,3.1,2.7,2.85,122203
DNAMEDIA,2023-03-08 00:00:00+05:30,2.8,2.95,2.8,2.9,40567
DNAMEDIA,2023-03-09 00:00:00+05:30,3.0,3.0,2.8,2.85,21279
DNAMEDIA,2023-03-10 00:00:00+05:30,2.95,2.95,2.75,2.75,77577
DNAMEDIA,2023-03-13 00:00:00+05:30,2.85,3.0,2.65,2.65,119786
DNAMEDIA,2023-03-14 00:00:00+05:30,2.75,2.85,2.55,2.6,67369
DNAMEDIA,2023-03-15 00:00:00+05:30,2.6,2.75,2.55,2.55,29563
DNAMEDIA,2023-03-16 00:00:00+05:30,2.5,2.7,2.45,2.5,87941
DNAMEDIA,2023-03-17 00:00:00+05:30,2.55,2.7,2.55,2.6,24353
DNAMEDIA,2023-03-20 00:00:00+05:30,2.5,2.65,2.5,2.5,19861
DNAMEDIA,2023-03-21 00:00:00+05:30,2.55,2.65,2.5,2.55,25107
DNAMEDIA,2023-03-22 00:00:00+05:30,2.5,2.8,2.5,2.7,158210
DNAMEDIA,2023-03-23 00:00:00+05:30,2.8,2.9,2.65,2.7,97883
DNAMEDIA,2023-03-24 00:00:00+05:30,2.6,2.75,2.45,2.45,124307
DNAMEDIA,2023-03-27 00:00:00+05:30,2.55,2.55,2.2,2.25,119404
DNAMEDIA,2023-03-28 00:00:00+05:30,2.2,2.3,2.1,2.25,116845
DNAMEDIA,2023-03-29 00:00:00+05:30,2.25,2.3,2.15,2.15,41979
DNAMEDIA,2023-03-31 00:00:00+05:30,2.25,2.25,2.15,2.25,28928
DNAMEDIA,2023-04-03 00:00:00+05:30,2.3,2.35,2.25,2.35,23623
DNAMEDIA,2023-04-05 00:00:00+05:30,2.45,2.45,2.45,2.45,7765
DNAMEDIA,2023-04-06 00:00:00+05:30,2.55,2.55,2.55,2.55,3422
DNAMEDIA,2023-04-10 00:00:00+05:30,2.65,2.65,2.55,2.65,64026
DNAMEDIA,2023-04-11 00:00:00+05:30,2.7,2.75,2.6,2.7,91644
DNAMEDIA,2023-04-12 00:00:00+05:30,2.7,2.75,2.65,2.75,9387
DNAMEDIA,2023-04-13 00:00:00+05:30,2.7,2.85,2.7,2.7,44215
DNAMEDIA,2023-04-17 00:00:00+05:30,2.75,2.8,2.6,2.6,75448
DNAMEDIA,2023-04-18 00:00:00+05:30,2.6,2.7,2.5,2.55,58403
DNAMEDIA,2023-04-19 00:00:00+05:30,2.6,2.6,2.5,2.5,17603
DNAMEDIA,2023-04-20 00:00:00+05:30,2.55,2.6,2.45,2.6,54877
DNAMEDIA,2023-04-21 00:00:00+05:30,2.65,2.7,2.55,2.6,23940
DNAMEDIA,2023-04-24 00:00:00+05:30,2.7,2.7,2.65,2.7,11912
DNAMEDIA,2023-04-25 00:00:00+05:30,2.75,2.8,2.75,2.8,49193
DNAMEDIA,2023-04-26 00:00:00+05:30,2.8,2.9,2.7,2.7,134758
DNAMEDIA,2023-04-27 00:00:00+05:30,2.65,2.75,2.6,2.65,37376
DNAMEDIA,2023-04-28 00:00:00+05:30,2.75,2.75,2.55,2.55,95100
DNAMEDIA,2023-05-02 00:00:00+05:30,2.6,2.65,2.55,2.65,170210
DNAMEDIA,2023-05-03 00:00:00+05:30,2.6,2.75,2.6,2.65,56382
DNAMEDIA,2023-05-04 00:00:00+05:30,2.75,2.75,2.55,2.65,121406
DNAMEDIA,2023-05-05 00:00:00+05:30,2.65,2.65,2.55,2.55,56637
DNAMEDIA,2023-05-08 00:00:00+05:30,2.55,2.65,2.5,2.65,72410
DNAMEDIA,2023-05-09 00:00:00+05:30,2.7,2.7,2.6,2.6,22366
DNAMEDIA,2023-05-10 00:00:00+05:30,2.6,2.7,2.6,2.6,48356
DNAMEDIA,2023-05-11 00:00:00+05:30,2.7,2.7,2.55,2.65,55801
DNAMEDIA,2023-05-12 00:00:00+05:30,2.7,2.7,2.55,2.55,56695
DNAMEDIA,2023-05-15 00:00:00+05:30,2.65,2.65,2.5,2.6,137910
DNAMEDIA,2023-05-16 00:00:00+05:30,2.65,2.7,2.55,2.6,50681
DNAMEDIA,2023-05-17 00:00:00+05:30,2.65,2.65,2.55,2.65,25811
DNAMEDIA,2023-05-18 00:00:00+05:30,2.65,2.75,2.65,2.75,164879
DNAMEDIA,2023-05-19 00:00:00+05:30,2.85,2.85,2.65,2.65,289358
DNAMEDIA,2023-05-22 00:00:00+05:30,2.7,2.7,2.55,2.6,73443
DNAMEDIA,2023-05-23 00:00:00+05:30,2.6,2.6,2.55,2.55,36078
DNAMEDIA,2023-05-24 00:00:00+05:30,2.55,2.55,2.5,2.5,36513
DNAMEDIA,2023-05-25 00:00:00+05:30,2.5,2.6,2.5,2.6,70752
DNAMEDIA,2023-05-26 00:00:00+05:30,2.7,2.7,2.6,2.65,237698
DNAMEDIA,2023-05-29 00:00:00+05:30,2.75,2.75,2.6,2.75,283448
DNAMEDIA,2023-05-30 00:00:00+05:30,2.85,2.85,2.75,2.8,195818
DNAMEDIA,2023-05-31 00:00:00+05:30,2.85,2.85,2.75,2.8,59292
DNAMEDIA,2023-06-01 00:00:00+05:30,2.8,2.8,2.7,2.7,68673
DNAMEDIA,2023-06-02 00:00:00+05:30,2.8,2.8,2.6,2.7,119256
DNAMEDIA,2023-06-05 00:00:00+05:30,2.75,2.8,2.75,2.75,66977
DNAMEDIA,2023-06-06 00:00:00+05:30,2.85,2.85,2.7,2.7,254997
DNAMEDIA,2023-06-07 00:00:00+05:30,2.75,2.75,2.65,2.7,71027
DNAMEDIA,2023-06-08 00:00:00+05:30,2.8,2.85,2.65,2.7,289709
DNAMEDIA,2023-06-09 00:00:00+05:30,2.7,2.95,2.6,2.9,686749
DNAMEDIA,2023-06-12 00:00:00+05:30,3.15,3.15,2.8,3.15,183277
DNAMEDIA,2023-06-13 00:00:00+05:30,3.3,3.45,3.2,3.45,290078
DNAMEDIA,2023-06-14 00:00:00+05:30,3.6,3.6,3.3,3.3,2265324
DNAMEDIA,2023-06-15 00:00:00+05:30,3.15,3.2,3.15,3.15,211998
DNAMEDIA,2023-06-16 00:00:00+05:30,3.05,3.1,3.0,3.0,352774
DNAMEDIA,2023-06-19 00:00:00+05:30,3.0,3.1,2.85,2.85,254245
DNAMEDIA,2023-06-20 00:00:00+05:30,2.85,2.9,2.7,2.8,172638
DNAMEDIA,2023-06-21 00:00:00+05:30,2.8,2.9,2.75,2.9,125006
DNAMEDIA,2023-06-22 00:00:00+05:30,2.95,3.0,2.95,3.0,64437
DNAMEDIA,2023-06-23 00:00:00+05:30,3.15,3.15,3.15,3.15,101367
DNAMEDIA,2023-06-26 00:00:00+05:30,3.3,3.3,3.2,3.3,211934
DNAMEDIA,2023-06-27 00:00:00+05:30,3.45,3.45,3.25,3.35,297346
DNAMEDIA,2023-06-28 00:00:00+05:30,3.45,3.45,3.2,3.2,197144
DNAMEDIA,2023-06-30 00:00:00+05:30,3.2,3.25,3.05,3.05,125129
DNAMEDIA,2023-07-03 00:00:00+05:30,3.05,3.2,2.9,3.0,350923
DNAMEDIA,2023-07-04 00:00:00+05:30,3.0,3.15,2.95,3.1,171592
DNAMEDIA,2023-07-05 00:00:00+05:30,3.15,3.25,3.1,3.25,172679
DNAMEDIA,2023-07-06 00:00:00+05:30,3.4,3.4,3.15,3.2,172992
DNAMEDIA,2023-07-07 00:00:00+05:30,3.3,3.35,3.1,3.15,117348
DNAMEDIA,2023-07-10 00:00:00+05:30,3.2,3.3,3.1,3.2,158644
DNAMEDIA,2023-07-11 00:00:00+05:30,3.2,3.3,3.15,3.2,120593
DNAMEDIA,2023-07-12 00:00:00+05:30,3.2,3.3,3.15,3.2,56508
DNAMEDIA,2023-07-13 00:00:00+05:30,3.25,3.25,3.1,3.15,82990
DNAMEDIA,2023-07-14 00:00:00+05:30,3.2,3.2,3.05,3.05,83970
DNAMEDIA,2023-07-17 00:00:00+05:30,3.15,3.15,3.0,3.0,134760
DNAMEDIA,2023-07-18 00:00:00+05:30,3.05,3.1,2.9,2.9,284421
DNAMEDIA,2023-07-19 00:00:00+05:30,2.95,3.0,2.85,3.0,91052
DNAMEDIA,2023-07-20 00:00:00+05:30,3.1,3.15,3.0,3.15,170375
DNAMEDIA,2023-07-21 00:00:00+05:30,3.1,3.15,3.05,3.1,97621
DNAMEDIA,2023-07-24 00:00:00+05:30,3.1,3.15,3.0,3.0,102498
DNAMEDIA,2023-07-25 00:00:00+05:30,3.1,3.1,3.0,3.05,48221
DNAMEDIA,2023-07-26 00:00:00+05:30,3.1,3.1,3.0,3.05,43097
DNAMEDIA,2023-07-27 00:00:00+05:30,3.1,3.1,2.95,3.0,82240
DNAMEDIA,2023-07-28 00:00:00+05:30,3.05,3.05,2.9,2.95,85092
DNAMEDIA,2023-07-31 00:00:00+05:30,3.0,3.0,2.9,2.95,59214
DNAMEDIA,2023-08-01 00:00:00+05:30,3.0,3.0,2.9,2.95,56138
DNAMEDIA,2023-08-02 00:00:00+05:30,3.0,3.05,2.95,3.0,42316
DNAMEDIA,2023-08-03 00:00:00+05:30,3.05,3.05,2.95,3.0,33139
DNAMEDIA,2023-08-04 00:00:00+05:30,3.0,3.05,2.95,3.0,38674
DNAMEDIA,2023-08-07 00:00:00+05:30,3.05,3.05,2.95,3.0,85106
DNAMEDIA,2023-08-08 00:00:00+05:30,3.1,3.1,2.95,3.0,55491
DNAMEDIA,2023-08-09 00:00:00+05:30,3.1,3.1,2.95,3.0,255648
DNAMEDIA,2023-08-10 00:00:00+05:30,2.95,3.1,2.9,3.0,232645
DNAMEDIA,2023-08-11 00:00:00+05:30,3.05,3.05,2.9,2.95,150325
DNAMEDIA,2023-08-14 00:00:00+05:30,3.0,3.05,2.75,3.0,111573
DNAMEDIA,2023-08-16 00:00:00+05:30,3.0,3.3,2.9,3.05,315876
DNAMEDIA,2023-08-17 00:00:00+05:30,3.1,3.2,2.95,3.0,335508
DNAMEDIA,2023-08-18 00:00:00+05:30,3.0,3.15,2.95,2.95,146239
DNAMEDIA,2023-08-21 00:00:00+05:30,2.95,3.0,2.95,3.0,47327
DNAMEDIA,2023-08-22 00:00:00+05:30,3.0,3.2,2.95,3.1,213483
DNAMEDIA,2023-08-23 00:00:00+05:30,3.1,3.1,3.0,3.05,157978
DNAMEDIA,2023-08-24 00:00:00+05:30,3.1,3.1,3.0,3.0,30562
DNAMEDIA,2023-08-25 00:00:00+05:30,3.0,3.05,2.9,3.0,99756
DNAMEDIA,2023-08-28 00:00:00+05:30,3.0,3.05,2.95,2.95,79487
DNAMEDIA,2023-08-29 00:00:00+05:30,3.05,3.05,2.95,2.95,32448
DNAMEDIA,2023-08-30 00:00:00+05:30,3.05,3.15,2.95,3.0,145065
DNAMEDIA,2023-08-31 00:00:00+05:30,3.05,3.05,2.95,3.0,53018
DNAMEDIA,2023-09-01 00:00:00+05:30,3.0,3.05,2.95,3.05,51472
DNAMEDIA,2023-09-04 00:00:00+05:30,3.05,3.1,2.95,3.05,158142
DNAMEDIA,2023-09-05 00:00:00+05:30,3.05,3.05,2.8,2.9,656708
DNAMEDIA,2023-09-06 00:00:00+05:30,3.0,3.0,2.85,2.95,105642
DNAMEDIA,2023-09-07 00:00:00+05:30,3.0,3.0,2.85,2.9,418020
DNAMEDIA,2023-09-08 00:00:00+05:30,2.95,3.1,2.9,3.0,215183
DNAMEDIA,2023-09-11 00:00:00+05:30,3.0,3.25,3.0,3.15,464553
DNAMEDIA,2023-09-12 00:00:00+05:30,3.25,3.25,3.0,3.05,262647
DNAMEDIA,2023-09-13 00:00:00+05:30,3.15,3.15,2.75,3.0,188030
DNAMEDIA,2023-09-14 00:00:00+05:30,3.0,3.15,2.9,3.0,276451
DNAMEDIA,2023-09-15 00:00:00+05:30,3.05,3.1,3.0,3.1,112566
DNAMEDIA,2023-09-18 00:00:00+05:30,3.1,3.1,3.0,3.05,75021
DNAMEDIA,2023-09-20 00:00:00+05:30,3.05,3.1,3.0,3.05,48494
DNAMEDIA,2023-09-21 00:00:00+05:30,3.05,3.05,3.0,3.0,39942
DNAMEDIA,2023-09-22 00:00:00+05:30,3.0,3.05,3.0,3.0,33795
DNAMEDIA,2023-09-25 00:00:00+05:30,3.05,3.05,2.95,3.05,121664
DNAMEDIA,2023-09-26 00:00:00+05:30,3.05,3.1,3.0,3.1,119024
DNAMEDIA,2023-09-27 00:00:00+05:30,3.1,3.1,3.0,3.05,51120
DNAMEDIA,2023-09-28 00:00:00+05:30,3.05,3.1,3.0,3.05,169973
DNAMEDIA,2023-09-29 00:00:00+05:30,3.05,3.35,3.05,3.35,323552
DNAMEDIA,2023-10-03 00:00:00+05:30,3.65,3.65,3.6,3.65,410813
DNAMEDIA,2023-10-04 00:00:00+05:30,4.0,4.0,3.85,4.0,868901
DNAMEDIA,2023-10-05 00:00:00+05:30,4.2,4.2,4.2,4.2,83586
DNAMEDIA,2023-10-06 00:00:00+05:30,4.4,4.4,4.4,4.4,68564
DNAMEDIA,2023-10-09 00:00:00+05:30,4.6,4.6,4.2,4.6,2174284
DNAMEDIA,2023-10-10 00:00:00+05:30,4.75,4.8,4.6,4.8,816722
DNAMEDIA,2023-10-11 00:00:00+05:30,4.95,5.0,4.95,5.0,103181
DNAMEDIA,2023-10-12 00:00:00+05:30,5.25,5.25,5.25,5.25,34544
DNAMEDIA,2023-10-13 00:00:00+05:30,5.25,5.5,5.0,5.5,814085
DNAMEDIA,2023-10-16 00:00:00+05:30,5.75,5.75,5.75,5.75,32961
DNAMEDIA,2023-10-17 00:00:00+05:30,6.0,6.0,6.0,6.0,25760
DNAMEDIA,2023-10-18 00:00:00+05:30,6.3,6.3,5.7,5.7,851815
DNAMEDIA,2023-10-19 00:00:00+05:30,5.45,5.45,5.45,5.45,75708
DNAMEDIA,2023-10-20 00:00:00+05:30,5.2,5.2,5.2,5.2,81285
DNAMEDIA,2023-10-23 00:00:00+05:30,4.95,4.95,4.95,4.95,61696
DNAMEDIA,2023-10-25 00:00:00+05:30,4.7,4.7,4.7,4.7,13338
DNAMEDIA,2023-10-26 00:00:00+05:30,4.5,4.5,4.5,4.5,67970
DNAMEDIA,2023-10-27 00:00:00+05:30,4.3,4.7,4.3,4.7,706282
DNAMEDIA,2023-10-30 00:00:00+05:30,4.8,4.9,4.5,4.9,678767
DNAMEDIA,2023-10-31 00:00:00+05:30,5.1,5.1,4.7,4.95,319874
DNAMEDIA,2023-11-01 00:00:00+05:30,5.15,5.15,4.9,5.1,280012
DNAMEDIA,2023-11-02 00:00:00+05:30,5.35,5.35,4.95,5.3,153830
DNAMEDIA,2023-11-03 00:00:00+05:30,5.55,5.55,5.05,5.05,163824
DNAMEDIA,2023-11-06 00:00:00+05:30,4.95,4.95,4.95,4.95,28225
DNAMEDIA,2023-11-07 00:00:00+05:30,4.85,4.85,4.85,4.85,39008
DNAMEDIA,2023-11-08 00:00:00+05:30,4.8,4.8,4.75,4.75,30502
DNAMEDIA,2023-11-09 00:00:00+05:30,4.65,4.65,4.65,4.65,23186
DNAMEDIA,2023-11-10 00:00:00+05:30,4.55,4.7,4.55,4.7,78506
DNAMEDIA,2023-11-12 00:00:00+05:30,4.7,4.7,4.7,4.7,10901
DNAMEDIA,2023-11-13 00:00:00+05:30,4.7,4.7,4.65,4.65,36578
DNAMEDIA,2023-11-15 00:00:00+05:30,4.6,4.6,4.55,4.55,60711
DNAMEDIA,2023-11-16 00:00:00+05:30,4.55,4.55,4.5,4.55,27922
DNAMEDIA,2023-11-17 00:00:00+05:30,4.5,4.5,4.45,4.45,100709
DNAMEDIA,2023-11-20 00:00:00+05:30,4.45,4.45,4.4,4.4,22802
DNAMEDIA,2023-11-21 00:00:00+05:30,4.4,4.4,4.35,4.35,316781
DNAMEDIA,2023-11-22 00:00:00+05:30,4.3,4.3,4.3,4.3,38554
DNAMEDIA,2023-11-23 00:00:00+05:30,4.25,4.25,4.25,4.25,17278
DNAMEDIA,2023-11-24 00:00:00+05:30,4.25,4.25,4.2,4.2,25781
DNAMEDIA,2023-11-28 00:00:00+05:30,4.15,4.15,4.15,4.15,56264
DNAMEDIA,2023-11-29 00:00:00+05:30,4.1,4.1,4.1,4.1,11486
DNAMEDIA,2023-11-30 00:00:00+05:30,4.05,4.05,4.05,4.05,35125
DNAMEDIA,2023-12-01 00:00:00+05:30,4.05,4.05,4.05,4.05,44865
DNAMEDIA,2023-12-04 00:00:00+05:30,4.05,4.05,4.0,4.05,44568
DNAMEDIA,2023-12-05 00:00:00+05:30,4.0,4.0,4.0,4.0,40009
DNAMEDIA,2023-12-06 00:00:00+05:30,4.0,4.0,3.95,3.95,31786
DNAMEDIA,2023-12-07 00:00:00+05:30,3.9,3.9,3.9,3.9,32476
DNAMEDIA,2023-12-08 00:00:00+05:30,3.9,3.95,3.9,3.95,42627
DNAMEDIA,2023-12-11 00:00:00+05:30,4.1,4.1,3.75,4.1,136146
DNAMEDIA,2023-12-12 00:00:00+05:30,4.3,4.3,4.3,4.3,53969
DNAMEDIA,2023-12-13 00:00:00+05:30,4.5,4.5,4.5,4.5,202317
DNAMEDIA,2023-12-14 00:00:00+05:30,4.7,4.7,4.7,4.7,78597
DNAMEDIA,2023-12-15 00:00:00+05:30,4.9,4.9,4.5,4.9,363099
DNAMEDIA,2023-12-18 00:00:00+05:30,4.9,5.1,4.9,5.1,155938
DNAMEDIA,2023-12-19 00:00:00+05:30,5.35,5.35,4.85,5.3,322705
DNAMEDIA,2023-12-20 00:00:00+05:30,5.2,5.2,5.2,5.2,34453
DNAMEDIA,2023-12-21 00:00:00+05:30,5.1,5.1,5.1,5.1,87344
DNAMEDIA,2023-12-22 00:00:00+05:30,5.0,5.0,5.0,5.0,26369
DNAMEDIA,2023-12-26 00:00:00+05:30,5.0,5.1,4.95,5.1,42887
DNAMEDIA,2023-12-27 00:00:00+05:30,5.15,5.2,5.1,5.2,82367
DNAMEDIA,2023-12-28 00:00:00+05:30,5.2,5.25,5.15,5.15,60709
DNAMEDIA,2023-12-29 00:00:00+05:30,5.15,5.15,5.1,5.1,42051
DNAMEDIA,2024-01-01 00:00:00+05:30,5.0,5.0,5.0,5.0,129687
DNAMEDIA,2024-01-02 00:00:00+05:30,4.9,5.0,4.9,5.0,28003
DNAMEDIA,2024-01-03 00:00:00+05:30,5.0,5.0,4.9,5.0,51180
DNAMEDIA,2024-01-04 00:00:00+05:30,5.0,5.0,4.95,4.95,24547
DNAMEDIA,2024-01-05 00:00:00+05:30,4.9,4.95,4.9,4.95,17795
DNAMEDIA,2024-01-08 00:00:00+05:30,4.9,4.9,4.9,4.9,60407
DNAMEDIA,2024-01-09 00:00:00+05:30,4.95,4.95,4.95,4.95,63289
DNAMEDIA,2024-01-10 00:00:00+05:30,5.0,5.0,4.95,5.0,74901
DNAMEDIA,2024-01-11 00:00:00+05:30,5.0,5.0,4.95,4.95,6685
DNAMEDIA,2024-01-12 00:00:00+05:30,4.9,4.9,4.85,4.9,91050
DNAMEDIA,2024-01-15 00:00:00+05:30,4.95,4.95,4.95,4.95,40016
DNAMEDIA,2024-01-16 00:00:00+05:30,4.95,5.0,4.85,4.9,78694
DNAMEDIA,2024-01-17 00:00:00+05:30,4.9,4.9,4.8,4.85,9702
DNAMEDIA,2024-01-18 00:00:00+05:30,4.85,4.85,4.85,4.85,25650
DNAMEDIA,2024-01-19 00:00:00+05:30,4.85,4.85,4.75,4.75,30349
DNAMEDIA,2024-01-20 00:00:00+05:30,4.7,4.8,4.7,4.8,12951
DNAMEDIA,2024-01-23 00:00:00+05:30,4.8,4.85,4.8,4.8,20024
DNAMEDIA,2024-01-24 00:00:00+05:30,4.85,4.85,4.85,4.85,24278
DNAMEDIA,2024-01-25 00:00:00+05:30,4.9,4.9,4.9,4.9,34891
DNAMEDIA,2024-01-29 00:00:00+05:30,5.1,5.1,5.1,5.1,43098
DNAMEDIA,2024-01-30 00:00:00+05:30,5.35,5.35,5.3,5.35,281937
DNAMEDIA,2024-01-31 00:00:00+05:30,5.6,5.6,5.6,5.6,255068
DNAMEDIA,2024-02-01 00:00:00+05:30,5.85,5.85,5.85,5.85,109758
DNAMEDIA,2024-02-02 00:00:00+05:30,6.1,6.1,6.1,6.1,106745
DNAMEDIA,2024-02-05 00:00:00+05:30,6.4,6.4,6.4,6.4,50573
DNAMEDIA,2024-02-06 00:00:00+05:30,6.7,6.7,6.7,6.7,21584
DNAMEDIA,2024-02-07 00:00:00+05:30,6.8,6.8,6.8,6.8,211101
DNAMEDIA,2024-02-08 00:00:00+05:30,6.7,6.7,6.7,6.7,88043
DNAMEDIA,2024-02-09 00:00:00+05:30,6.6,6.6,6.6,6.6,42295
DNAMEDIA,2024-02-12 00:00:00+05:30,6.5,6.5,6.5,6.5,12558
DNAMEDIA,2024-02-13 00:00:00+05:30,6.4,6.4,6.4,6.4,37109
DNAMEDIA,2024-02-14 00:00:00+05:30,6.3,6.3,6.3,6.3,16406
DNAMEDIA,2024-02-15 00:00:00+05:30,6.2,6.2,6.2,6.2,13262
DNAMEDIA,2024-02-16 00:00:00+05:30,6.1,6.1,6.1,6.1,29647
DNAMEDIA,2024-02-19 00:00:00+05:30,6.0,6.0,6.0,6.0,23377
DNAMEDIA,2024-02-20 00:00:00+05:30,5.9,5.9,5.9,5.9,7662
DNAMEDIA,2024-02-21 00:00:00+05:30,5.8,5.8,5.8,5.8,9748
DNAMEDIA,2024-02-22 00:00:00+05:30,5.7,5.7,5.7,5.7,53617
DNAMEDIA,2024-02-23 00:00:00+05:30,5.6,5.6,5.6,5.6,14017
DNAMEDIA,2024-02-26 00:00:00+05:30,5.5,5.5,5.5,5.5,11805
DNAMEDIA,2024-02-27 00:00:00+05:30,5.5,5.5,5.4,5.4,10139
DNAMEDIA,2024-02-28 00:00:00+05:30,5.4,5.4,5.3,5.3,22445
DNAMEDIA,2024-02-29 00:00:00+05:30,5.3,5.3,5.2,5.2,2674
DNAMEDIA,2024-03-01 00:00:00+05:30,5.1,5.2,5.1,5.15,24955
DNAMEDIA,2024-03-02 00:00:00+05:30,5.15,5.15,5.15,5.15,20284
DNAMEDIA,2024-03-04 00:00:00+05:30,5.05,5.1,5.05,5.1,24798
DNAMEDIA,2024-03-05 00:00:00+05:30,5.0,5.05,5.0,5.0,31928
DNAMEDIA,2024-03-06 00:00:00+05:30,5.0,5.0,4.9,4.9,4549
DNAMEDIA,2024-03-07 00:00:00+05:30,4.9,4.95,4.9,4.95,7297
DNAMEDIA,2024-03-11 00:00:00+05:30,5.0,5.0,4.95,5.0,66620
DNAMEDIA,2024-03-12 00:00:00+05:30,4.9,4.9,4.9,4.9,5043
DNAMEDIA,2024-03-13 00:00:00+05:30,4.8,4.8,4.8,4.8,45041
DNAMEDIA,2024-03-14 00:00:00+05:30,4.7,4.7,4.7,4.7,13266
DNAMEDIA,2024-03-15 00:00:00+05:30,4.6,4.65,4.6,4.6,5015
DNAMEDIA,2024-03-18 00:00:00+05:30,4.6,4.8,4.4,4.4,168205
DNAMEDIA,2024-03-19 00:00:00+05:30,4.35,4.35,4.2,4.2,127638
DNAMEDIA,2024-03-20 00:00:00+05:30,4.05,4.4,4.0,4.4,75810
DNAMEDIA,2024-03-21 00:00:00+05:30,4.55,4.6,4.3,4.55,89316
DNAMEDIA,2024-03-22 00:00:00+05:30,4.6,4.7,4.35,4.65,46527
DNAMEDIA,2024-03-26 00:00:00+05:30,4.75,4.85,4.65,4.85,30372
DNAMEDIA,2024-03-27 00:00:00+05:30,5.05,5.05,4.6,4.85,46995
DNAMEDIA,2024-03-28 00:00:00+05:30,5.0,5.0,4.6,4.65,20204
DNAMEDIA,2024-04-01 00:00:00+05:30,4.65,4.65,4.6,4.65,8949
DNAMEDIA,2024-04-02 00:00:00+05:30,4.65,4.65,4.55,4.55,85587
DNAMEDIA,2024-04-03 00:00:00+05:30,4.5,4.5,4.5,4.5,24601
DNAMEDIA,2024-04-04 00:00:00+05:30,4.5,4.5,4.45,4.45,17096
DNAMEDIA,2024-04-05 00:00:00+05:30,4.45,4.5,4.45,4.5,63122
DNAMEDIA,2024-04-08 00:00:00+05:30,4.5,4.5,4.45,4.45,54785
DNAMEDIA,2024-04-09 00:00:00+05:30,4.4,4.4,4.4,4.4,10195
DNAMEDIA,2024-04-10 00:00:00+05:30,4.4,4.4,4.35,4.35,4173
DNAMEDIA,2024-04-12 00:00:00+05:30,4.35,4.35,4.3,4.3,10038
DNAMEDIA,2024-04-15 00:00:00+05:30,4.25,4.25,4.25,4.25,5921
DNAMEDIA,2024-04-16 00:00:00+05:30,4.25,4.25,4.2,4.2,10462
DNAMEDIA,2024-04-18 00:00:00+05:30,4.15,4.15,4.15,4.15,16436
DNAMEDIA,2024-04-19 00:00:00+05:30,4.1,4.2,4.1,4.2,5834
DNAMEDIA,2024-04-22 00:00:00+05:30,4.2,4.25,4.15,4.15,23064
DNAMEDIA,2024-04-23 00:00:00+05:30,4.2,4.2,4.1,4.1,24082
DNAMEDIA,2024-04-24 00:00:00+05:30,4.1,4.15,4.1,4.15,23248
DNAMEDIA,2024-04-25 00:00:00+05:30,4.15,4.2,4.1,4.2,27457
DNAMEDIA,2024-04-26 00:00:00+05:30,4.25,4.25,4.25,4.25,10668
DNAMEDIA,2024-04-29 00:00:00+05:30,4.3,4.3,4.3,4.3,2188
DNAMEDIA,2024-04-30 00:00:00+05:30,4.35,4.35,4.35,4.35,41271
DNAMEDIA,2024-05-02 00:00:00+05:30,4.4,4.4,4.4,4.4,5081
DNAMEDIA,2024-05-03 00:00:00+05:30,4.4,4.4,4.35,4.35,50101
DNAMEDIA,2024-05-06 00:00:00+05:30,4.55,4.55,4.45,4.5,244326
DNAMEDIA,2024-05-07 00:00:00+05:30,4.55,4.6,4.3,4.3,80262
DNAMEDIA,2024-05-08 00:00:00+05:30,4.2,4.25,4.1,4.2,62501
DNAMEDIA,2024-05-09 00:00:00+05:30,4.1,4.4,4.1,4.25,70423
DNAMEDIA,2024-05-10 00:00:00+05:30,4.4,4.45,4.15,4.15,55633
DNAMEDIA,2024-05-13 00:00:00+05:30,4.0,4.15,4.0,4.15,41483
DNAMEDIA,2024-05-14 00:00:00+05:30,4.15,4.3,4.05,4.2,28982
DNAMEDIA,2024-05-15 00:00:00+05:30,4.25,4.25,4.15,4.15,22049
DNAMEDIA,2024-05-16 00:00:00+05:30,4.25,4.25,4.0,4.15,36270
DNAMEDIA,2024-05-17 00:00:00+05:30,4.15,4.35,4.15,4.35,110822
DNAMEDIA,2024-05-18 00:00:00+05:30,4.55,4.55,4.35,4.55,42722
DNAMEDIA,2024-05-21 00:00:00+05:30,4.75,4.75,4.7,4.75,113236
DNAMEDIA,2024-05-22 00:00:00+05:30,4.95,4.95,4.95,4.95,38938
DNAMEDIA,2024-05-23 00:00:00+05:30,5.15,5.15,4.7,4.7,885409
DNAMEDIA,2024-05-24 00:00:00+05:30,4.5,4.5,4.5,4.5,59262
DNAMEDIA,2024-05-27 00:00:00+05:30,4.3,4.6,4.3,4.3,410372
DNAMEDIA,2024-05-28 00:00:00+05:30,4.3,4.45,4.15,4.15,72117
DNAMEDIA,2024-05-29 00:00:00+05:30,4.25,4.35,4.1,4.3,284662
DNAMEDIA,2024-05-30 00:00:00+05:30,4.2,4.4,4.1,4.2,133190
DNAMEDIA,2024-05-31 00:00:00+05:30,4.35,4.4,4.3,4.4,104350
DNAMEDIA,2024-06-03 00:00:00+05:30,4.6,4.6,4.55,4.6,325626
DNAMEDIA,2024-06-04 00:00:00+05:30,4.55,4.7,4.4,4.4,269470
DNAMEDIA,2024-06-05 00:00:00+05:30,4.55,4.6,4.2,4.55,214849
DNAMEDIA,2024-06-06 00:00:00+05:30,4.7,4.7,4.4,4.55,98521
DNAMEDIA,2024-06-07 00:00:00+05:30,4.4,4.8,4.4,4.6,62579
DNAMEDIA,2024-06-10 00:00:00+05:30,4.75,4.75,4.14,4.44,247586
DNAMEDIA,2024-06-11 00:00:00+05:30,4.45,4.69,4.16,4.44,46873
DNAMEDIA,2024-06-12 00:00:00+05:30,4.53,4.65,4.25,4.58,122981
DNAMEDIA,2024-06-13 00:00:00+05:30,4.6,4.75,4.51,4.59,106262
DNAMEDIA,2024-06-14 00:00:00+05:30,4.59,5.04,4.41,5.04,297823
DNAMEDIA,2024-06-18 00:00:00+05:30,5.49,5.54,5.38,5.54,308968
DNAMEDIA,2024-06-19 00:00:00+05:30,6.09,6.09,6.09,6.09,240278
DNAMEDIA,2024-06-20 00:00:00+05:30,6.2,6.39,5.81,6.28,2104362
DNAMEDIA,2024-06-21 00:00:00+05:30,6.1,6.54,6.1,6.18,586720
DNAMEDIA,2024-06-24 00:00:00+05:30,6.38,6.38,5.9,5.96,163500
DNAMEDIA,2024-06-25 00:00:00+05:30,6.19,6.19,5.66,5.69,225195
DNAMEDIA,2024-06-26 00:00:00+05:30,5.69,5.95,5.4,5.45,184459
DNAMEDIA,2024-06-27 00:00:00+05:30,5.45,5.65,5.17,5.2,486344
DNAMEDIA,2024-06-28 00:00:00+05:30,5.2,5.27,4.96,5.0,194880
DNAMEDIA,2024-07-01 00:00:00+05:30,4.85,5.0,4.76,4.89,199975
DNAMEDIA,2024-07-02 00:00:00+05:30,5.06,5.13,4.89,5.13,97995
DNAMEDIA,2024-07-03 00:00:00+05:30,5.38,5.38,5.38,5.38,24845
DNAMEDIA,2024-07-04 00:00:00+05:30,5.64,5.64,5.21,5.39,456280
DNAMEDIA,2024-07-05 00:00:00+05:30,5.48,5.48,5.23,5.3,255779
DNAMEDIA,2024-07-08 00:00:00+05:30,5.35,5.56,5.34,5.4,133058
DNAMEDIA,2024-07-09 00:00:00+05:30,5.6,5.6,5.4,5.52,115037
DNAMEDIA,2024-07-10 00:00:00+05:30,5.54,5.65,5.25,5.35,247711
DNAMEDIA,2024-07-11 00:00:00+05:30,5.49,5.49,5.12,5.15,186993
DNAMEDIA,2024-07-12 00:00:00+05:30,5.27,5.27,4.95,5.0,265868
DNAMEDIA,2024-07-15 00:00:00+05:30,5.1,5.15,4.95,5.08,168955
DNAMEDIA,2024-07-16 00:00:00+05:30,5.2,5.33,5.04,5.33,392150
DNAMEDIA,2024-07-18 00:00:00+05:30,5.48,5.58,5.14,5.39,330094
DNAMEDIA,2024-07-19 00:00:00+05:30,5.57,5.57,5.12,5.12,348655
DNAMEDIA,2024-07-22 00:00:00+05:30,5.05,5.09,4.91,4.92,146817
DNAMEDIA,2024-07-23 00:00:00+05:30,5.05,5.15,4.81,5.1,182743
DNAMEDIA,2024-07-24 00:00:00+05:30,5.3,5.3,5.0,5.1,447800
DNAMEDIA,2024-07-25 00:00:00+05:30,5.23,5.23,5.01,5.12,125936
DNAMEDIA,2024-07-26 00:00:00+05:30,5.23,5.37,5.19,5.32,301108
DNAMEDIA,2024-07-29 00:00:00+05:30,5.54,5.58,5.38,5.58,427066
DNAMEDIA,2024-07-30 00:00:00+05:30,5.79,5.85,5.62,5.85,535909
DNAMEDIA,2024-07-31 00:00:00+05:30,6.13,6.14,6.02,6.14,435097
DNAMEDIA,2024-08-01 00:00:00+05:30,6.44,6.44,6.44,6.44,179122
DNAMEDIA,2024-08-02 00:00:00+05:30,6.76,6.76,6.72,6.76,726232
DNAMEDIA,2024-08-05 00:00:00+05:30,6.91,6.94,6.42,6.42,1791577
DNAMEDIA,2024-08-06 00:00:00+05:30,6.58,6.74,6.55,6.74,636998
DNAMEDIA,2024-08-07 00:00:00+05:30,6.98,7.07,6.45,7.06,407755
DNAMEDIA,2024-08-08 00:00:00+05:30,7.06,7.41,7.06,7.4,403316
DNAMEDIA,2024-08-09 00:00:00+05:30,7.77,7.77,7.2,7.77,306730
DNAMEDIA,2024-08-12 00:00:00+05:30,8.12,8.15,8.03,8.15,409488
DNAMEDIA,2024-08-13 00:00:00+05:30,8.3,8.55,8.25,8.48,569805
DNAMEDIA,2024-08-14 00:00:00+05:30,8.5,8.84,8.05,8.05,168641
DNAMEDIA,2024-08-16 00:00:00+05:30,7.88,7.88,7.88,7.88,21162
DNAMEDIA,2024-08-19 00:00:00+05:30,7.72,7.72,7.72,7.72,64103
DNAMEDIA,2024-08-20 00:00:00+05:30,7.56,7.56,7.56,7.56,15281
DNAMEDIA,2024-08-21 00:00:00+05:30,7.4,7.4,7.4,7.4,56920
DNAMEDIA,2024-08-22 00:00:00+05:30,7.25,7.25,7.25,7.25,75647
DNAMEDIA,2024-08-23 00:00:00+05:30,7.1,7.1,7.1,7.1,14088
DNAMEDIA,2024-08-26 00:00:00+05:30,6.95,6.95,6.95,6.95,11438
DNAMEDIA,2024-08-27 00:00:00+05:30,6.81,6.81,6.81,6.81,11362
DNAMEDIA,2024-08-28 00:00:00+05:30,6.67,6.67,6.67,6.67,22994
DNAMEDIA,2024-08-29 00:00:00+05:30,6.53,6.53,6.53,6.53,14370
DNAMEDIA,2024-08-30 00:00:00+05:30,6.39,6.39,6.39,6.39,16749
DNAMEDIA,2024-09-02 00:00:00+05:30,6.26,6.26,6.26,6.26,53412
DNAMEDIA,2024-09-03 00:00:00+05:30,6.13,6.13,6.13,6.13,13295
DNAMEDIA,2024-09-04 00:00:00+05:30,6.0,6.0,6.0,6.0,17168
DNAMEDIA,2024-09-05 00:00:00+05:30,5.88,5.88,5.88,5.88,37990
DNAMEDIA,2024-09-06 00:00:00+05:30,5.76,5.76,5.76,5.76,23854
DNAMEDIA,2024-09-09 00:00:00+05:30,5.64,5.64,5.64,5.64,45598
DNAMEDIA,2024-09-10 00:00:00+05:30,5.53,5.56,5.52,5.53,326588
DNAMEDIA,2024-09-11 00:00:00+05:30,5.53,5.64,5.53,5.64,110663
DNAMEDIA,2024-09-12 00:00:00+05:30,5.7,5.75,5.7,5.75,65267
DNAMEDIA,2024-09-13 00:00:00+05:30,5.86,5.86,5.86,5.86,40486
DNAMEDIA,2024-09-16 00:00:00+05:30,5.97,5.97,5.97,5.97,20653
DNAMEDIA,2024-09-17 00:00:00+05:30,5.96,5.96,5.85,5.85,175134
DNAMEDIA,2024-09-18 00:00:00+05:30,5.96,5.96,5.96,5.96,41991
DNAMEDIA,2024-09-19 00:00:00+05:30,6.07,6.07,6.07,6.07,29338
DNAMEDIA,2024-09-20 00:00:00+05:30,6.19,6.19,6.19,6.19,15323
DNAMEDIA,2024-09-23 00:00:00+05:30,6.49,6.49,6.49,6.49,14515
DNAMEDIA,2024-09-24 00:00:00+05:30,6.58,6.72,6.16,6.16,326273
DNAMEDIA,2024-09-25 00:00:00+05:30,5.87,6.3,5.85,5.85,204799
DNAMEDIA,2024-09-26 00:00:00+05:30,5.77,5.94,5.55,5.55,125247
DNAMEDIA,2024-09-27 00:00:00+05:30,5.5,5.82,5.32,5.75,274343
DNAMEDIA,2024-09-30 00:00:00+05:30,6.0,6.0,5.53,5.7,81266
DNAMEDIA,2024-10-01 00:00:00+05:30,5.64,5.82,5.41,5.42,198421
DNAMEDIA,2024-10-03 00:00:00+05:30,5.42,5.49,5.17,5.25,103920
DNAMEDIA,2024-10-04 00:00:00+05:30,5.25,5.45,5.0,5.08,111614
DNAMEDIA,2024-10-07 00:00:00+05:30,5.19,5.33,4.91,5.08,71276
DNAMEDIA,2024-10-08 00:00:00+05:30,5.08,5.32,4.86,5.24,41039
DNAMEDIA,2024-10-09 00:00:00+05:30,5.21,5.5,5.2,5.31,102377
DNAMEDIA,2024-10-10 00:00:00+05:30,5.54,5.54,5.18,5.22,62814
DNAMEDIA,2024-10-11 00:00:00+05:30,5.36,5.36,5.04,5.08,93970
DNAMEDIA,2024-10-14 00:00:00+05:30,5.23,5.23,5.0,5.02,67546
DNAMEDIA,2024-10-15 00:00:00+05:30,5.25,5.25,4.8,4.92,96879
DNAMEDIA,2024-10-16 00:00:00+05:30,4.72,5.14,4.72,5.03,157404
DNAMEDIA,2024-10-17 00:00:00+05:30,5.22,5.22,4.85,4.92,41762
DNAMEDIA,2024-10-18 00:00:00+05:30,4.98,5.15,4.8,5.1,77947
DNAMEDIA,2024-10-21 00:00:00+05:30,5.32,5.34,4.88,5.0,41682
DNAMEDIA,2024-10-22 00:00:00+05:30,5.0,5.2,4.81,4.82,57877
DNAMEDIA,2024-10-23 00:00:00+05:30,5.0,5.0,4.57,4.76,48155
DNAMEDIA,2024-10-24 00:00:00+05:30,4.68,4.97,4.65,4.89,51246
DNAMEDIA,2024-10-25 00:00:00+05:30,4.99,4.99,4.64,4.69,55313
DNAMEDIA,2024-10-28 00:00:00+05:30,4.92,4.92,4.57,4.78,28881
DNAMEDIA,2024-10-29 00:00:00+05:30,4.95,4.95,4.7,4.75,18170
DNAMEDIA,2024-10-30 00:00:00+05:30,4.57,4.95,4.57,4.78,92223
DNAMEDIA,2024-10-31 00:00:00+05:30,4.99,4.99,4.66,4.86,55973
DNAMEDIA,2024-11-01 00:00:00+05:30,5.04,5.04,4.75,4.97,39709
DNAMEDIA,2024-11-04 00:00:00+05:30,5.18,5.18,4.97,5.03,32591
DNAMEDIA,2024-11-05 00:00:00+05:30,5.13,5.28,4.83,5.11,65022
DNAMEDIA,2024-11-06 00:00:00+05:30,5.15,5.35,5.05,5.24,91529
DNAMEDIA,2024-11-07 00:00:00+05:30,5.48,5.5,5.2,5.4,75871
DNAMEDIA,2024-11-08 00:00:00+05:30,5.63,5.65,5.2,5.56,90635
DNAMEDIA,2024-11-11 00:00:00+05:30,5.56,5.83,5.31,5.56,207161
DNAMEDIA,2024-11-12 00:00:00+05:30,5.47,5.78,5.28,5.28,56470
DNAMEDIA,2024-11-13 00:00:00+05:30,5.45,5.45,5.01,5.01,68129
DNAMEDIA,2024-11-14 00:00:00+05:30,4.75,5.05,4.75,4.88,50399
DNAMEDIA,2024-11-18 00:00:00+05:30,4.89,5.12,4.75,5.02,140898
DNAMEDIA,2024-11-19 00:00:00+05:30,5.24,5.25,5.0,5.13,51683
DNAMEDIA,2024-11-21 00:00:00+05:30,5.15,5.35,4.91,5.06,43358
DNAMEDIA,2024-11-22 00:00:00+05:30,5.06,5.3,4.9,4.94,77504
DNAMEDIA,2024-11-25 00:00:00+05:30,5.18,5.18,5.18,5.18,19541
DNAMEDIA,2024-11-26 00:00:00+05:30,5.43,5.43,5.18,5.43,211499
DNAMEDIA,2024-11-27 00:00:00+05:30,5.54,5.54,5.23,5.29,193237
DNAMEDIA,2024-11-28 00:00:00+05:30,5.29,5.43,5.2,5.24,117946
DNAMEDIA,2024-11-29 00:00:00+05:30,5.3,5.3,4.97,5.01,194113
DNAMEDIA,2024-12-02 00:00:00+05:30,5.06,5.26,4.9,5.21,103535
DNAMEDIA,2024-12-03 00:00:00+05:30,5.36,5.36,5.01,5.07,189805
DNAMEDIA,2024-12-04 00:00:00+05:30,5.2,5.32,5.01,5.15,319945
DNAMEDIA,2024-12-05 00:00:00+05:30,5.22,5.22,5.05,5.15,180934
DNAMEDIA,2024-12-06 00:00:00+05:30,5.25,5.66,5.01,5.66,290981
DNAMEDIA,2024-12-09 00:00:00+05:30,5.96,6.22,5.66,6.22,1266912
DNAMEDIA,2024-12-10 00:00:00+05:30,6.42,6.42,5.75,5.88,536801
DNAMEDIA,2024-12-11 00:00:00+05:30,5.88,6.14,5.62,5.73,169311
DNAMEDIA,2024-12-12 00:00:00+05:30,5.66,5.9,5.31,5.5,82669
DNAMEDIA,2024-12-13 00:00:00+05:30,5.65,6.05,5.36,6.05,598484
DNAMEDIA,2024-12-16 00:00:00+05:30,6.05,6.54,6.05,6.29,727434
DNAMEDIA,2024-12-17 00:00:00+05:30,6.22,6.4,6.21,6.26,358555
DNAMEDIA,2024-12-18 00:00:00+05:30,6.24,6.24,5.71,5.88,206260
DNAMEDIA,2024-12-19 00:00:00+05:30,6.0,6.0,5.84,5.88,169552
DNAMEDIA,2024-12-20 00:00:00+05:30,5.75,6.1,5.36,5.53,115612
DNAMEDIA,2024-12-23 00:00:00+05:30,5.63,5.81,5.55,5.58,105192
DNAMEDIA,2024-12-24 00:00:00+05:30,5.7,6.13,5.55,6.13,237288
DNAMEDIA,2024-12-26 00:00:00+05:30,6.54,6.69,5.94,6.29,776781
DNAMEDIA,2024-12-27 00:00:00+05:30,6.4,6.64,6.21,6.38,326741
DNAMEDIA,2024-12-30 00:00:00+05:30,6.7,6.7,6.38,6.45,210359
DNAMEDIA,2024-12-31 00:00:00+05:30,6.3,6.49,6.06,6.39,132084
DNAMEDIA,2025-01-01 00:00:00+05:30,6.79,6.79,6.15,6.25,174423
DNAMEDIA,2025-01-02 00:00:00+05:30,6.37,6.38,5.94,6.12,152612
DNAMEDIA,2025-01-03 00:00:00+05:30,6.12,6.28,5.91,6.04,89280
DNAMEDIA,2025-01-06 00:00:00+05:30,6.23,6.23,5.6,5.67,156948
DNAMEDIA,2025-01-07 00:00:00+05:30,5.81,5.97,5.56,5.81,218896
DNAMEDIA,2025-01-08 00:00:00+05:30,5.81,5.85,5.55,5.79,74279
DNAMEDIA,2025-01-09 00:00:00+05:30,5.9,6.36,5.56,6.36,321991
DNAMEDIA,2025-01-10 00:00:00+05:30,6.77,6.99,6.52,6.99,1150885
DNAMEDIA,2025-01-13 00:00:00+05:30,6.99,7.17,6.29,6.29,1550250
DNAMEDIA,2025-01-14 00:00:00+05:30,5.94,6.12,5.68,5.8,799118
DNAMEDIA,2025-01-15 00:00:00+05:30,6.09,6.09,5.34,5.65,579391
DNAMEDIA,2025-01-16 00:00:00+05:30,5.8,6.09,5.66,5.98,271485
DNAMEDIA,2025-01-17 00:00:00+05:30,6.07,6.08,5.81,5.87,211782
DNAMEDIA,2025-01-20 00:00:00+05:30,6.0,6.0,5.55,5.66,236015
DNAMEDIA,2025-01-21 00:00:00+05:30,5.81,5.81,5.6,5.67,118153
DNAMEDIA,2025-01-22 00:00:00+05:30,5.79,5.84,5.57,5.69,112756
DNAMEDIA,2025-01-23 00:00:00+05:30,5.79,5.89,5.63,5.66,74810
DNAMEDIA,2025-01-24 00:00:00+05:30,5.6,5.7,5.35,5.55,69553
DNAMEDIA,2025-01-27 00:00:00+05:30,5.79,5.79,5.18,5.36,285048
DNAMEDIA,2025-01-28 00:00:00+05:30,5.36,5.5,5.1,5.22,92306
DNAMEDIA,2025-01-29 00:00:00+05:30,5.49,5.49,5.17,5.23,34210
DNAMEDIA,2025-01-30 00:00:00+05:30,5.06,5.75,5.06,5.75,202636
DNAMEDIA,2025-01-31 00:00:00+05:30,5.77,6.1,5.31,5.53,189637
DNAMEDIA,2025-02-01 00:00:00+05:30,5.95,5.95,5.45,5.71,164776
DNAMEDIA,2025-02-03 00:00:00+05:30,5.98,5.99,5.51,5.79,194839
DNAMEDIA,2025-02-04 00:00:00+05:30,5.9,5.91,5.55,5.71,73361
DNAMEDIA,2025-02-05 00:00:00+05:30,5.85,6.28,5.71,6.03,87480
DNAMEDIA,2025-02-06 00:00:00+05:30,6.19,6.38,6.06,6.19,202176
DNAMEDIA,2025-02-07 00:00:00+05:30,6.19,6.55,6.03,6.15,87873
DNAMEDIA,2025-02-10 00:00:00+05:30,6.88,6.88,5.85,6.15,145953
DNAMEDIA,2025-02-11 00:00:00+05:30,6.3,6.3,5.55,5.71,103407
DNAMEDIA,2025-02-12 00:00:00+05:30,5.71,5.87,5.56,5.76,79049
DNAMEDIA,2025-02-13 00:00:00+05:30,5.6,6.91,5.6,6.42,851324
DNAMEDIA,2025-02-14 00:00:00+05:30,6.47,6.47,5.56,5.69,338680
DNAMEDIA,2025-02-17 00:00:00+05:30,6.19,6.19,5.45,5.54,122794
DNAMEDIA,2025-02-18 00:00:00+05:30,5.79,5.79,5.06,5.21,202734
DNAMEDIA,2025-02-19 00:00:00+05:30,5.5,5.59,5.31,5.44,94055
DNAMEDIA,2025-02-20 00:00:00+05:30,5.6,5.6,5.4,5.48,38966
DNAMEDIA,2025-02-21 00:00:00+05:30,5.48,5.93,5.43,5.5,80852
DNAMEDIA,2025-02-24 00:00:00+05:30,5.5,5.63,5.23,5.49,125316
DNAMEDIA,2025-02-25 00:00:00+05:30,5.49,5.79,5.49,5.56,95802
DNAMEDIA,2025-02-27 00:00:00+05:30,5.56,5.64,5.25,5.31,78904
DNAMEDIA,2025-02-28 00:00:00+05:30,5.3,5.38,5.15,5.23,199862
DNAMEDIA,2025-03-03 00:00:00+05:30,5.23,5.49,5.02,5.12,95247
DNAMEDIA,2025-03-04 00:00:00+05:30,5.5,5.5,5.08,5.17,68949
DNAMEDIA,2025-03-05 00:00:00+05:30,5.45,5.45,4.75,5.2,204076
DNAMEDIA,2025-03-06 00:00:00+05:30,5.24,5.67,5.02,5.23,104098
DNAMEDIA,2025-03-07 00:00:00+05:30,5.44,5.71,5.03,5.37,84688
DNAMEDIA,2025-03-10 00:00:00+05:30,5.21,5.44,5.19,5.22,41054
DNAMEDIA,2025-03-11 00:00:00+05:30,5.14,5.4,5.0,5.32,88020
DNAMEDIA,2025-03-12 00:00:00+05:30,5.45,5.45,5.01,5.05,85838
DNAMEDIA,2025-03-13 00:00:00+05:30,5.25,5.25,4.99,5.05,69497
DNAMEDIA,2025-03-17 00:00:00+05:30,5.05,5.3,4.84,4.91,91293
DNAMEDIA,2025-03-18 00:00:00+05:30,5.09,5.21,4.94,4.98,92558
DNAMEDIA,2025-03-19 00:00:00+05:30,4.92,5.15,4.92,5.0,106942
DNAMEDIA,2025-03-20 00:00:00+05:30,5.03,5.15,4.93,5.0,67239
DNAMEDIA,2025-03-21 00:00:00+05:30,5.29,5.29,4.98,5.04,70867
DNAMEDIA,2025-03-24 00:00:00+05:30,5.13,5.27,5.0,5.14,121204
DNAMEDIA,2025-03-25 00:00:00+05:30,5.05,5.25,5.05,5.15,50616
DNAMEDIA,2025-03-26 00:00:00+05:30,4.9,5.19,4.9,5.01,26430
DNAMEDIA,2025-03-27 00:00:00+05:30,5.28,5.28,4.94,4.98,48714
DNAMEDIA,2025-03-28 00:00:00+05:30,5.0,5.15,4.71,4.87,120553
DNAMEDIA,2025-04-01 00:00:00+05:30,4.84,5.15,4.75,4.96,57601
DNAMEDIA,2025-04-02 00:00:00+05:30,4.96,5.2,4.52,4.97,213470
DNAMEDIA,2025-04-03 00:00:00+05:30,4.85,5.05,4.85,5.01,28714
DNAMEDIA,2025-04-04 00:00:00+05:30,4.89,5.18,4.7,4.84,55950
DNAMEDIA,2025-04-07 00:00:00+05:30,4.61,4.8,4.5,4.61,76344
DNAMEDIA,2025-04-08 00:00:00+05:30,4.78,4.9,4.53,4.65,51181
DNAMEDIA,2025-04-09 00:00:00+05:30,4.66,4.85,4.65,4.66,24694
DNAMEDIA,2025-04-11 00:00:00+05:30,4.7,4.83,4.68,4.72,39022
DNAMEDIA,2025-04-15 00:00:00+05:30,4.81,4.94,4.7,4.85,50466
DNAMEDIA,2025-04-16 00:00:00+05:30,4.9,5.06,4.78,4.96,89614
DNAMEDIA,2025-04-17 00:00:00+05:30,4.95,5.14,4.91,5.01,109143
DNAMEDIA,2025-04-21 00:00:00+05:30,5.01,5.19,4.9,5.07,96878
DNAMEDIA,2025-04-22 00:00:00+05:30,5.1,5.15,5.0,5.03,92526
DNAMEDIA,2025-04-23 00:00:00+05:30,5.07,5.2,4.9,5.06,51894
DNAMEDIA,2025-04-24 00:00:00+05:30,5.06,5.14,4.92,5.01,37624
DNAMEDIA,2025-04-25 00:00:00+05:30,5.11,5.11,4.87,4.94,43019
DNAMEDIA,2025-04-28 00:00:00+05:30,4.94,5.0,4.6,4.91,28382
DNAMEDIA,2025-04-29 00:00:00+05:30,4.97,4.97,4.89,4.92,23012
DNAMEDIA,2025-04-30 00:00:00+05:30,4.99,4.99,4.8,4.96,107287
DNAMEDIA,2025-05-02 00:00:00+05:30,4.96,5.01,4.85,4.93,35798
DNAMEDIA,2025-05-05 00:00:00+05:30,4.89,4.98,4.21,4.78,89163
DNAMEDIA,2025-05-06 00:00:00+05:30,4.78,4.97,4.72,4.76,66504
DNAMEDIA,2025-05-07 00:00:00+05:30,4.7,4.73,4.44,4.57,55922
DNAMEDIA,2025-05-08 00:00:00+05:30,4.53,4.88,4.53,4.77,63657
DNAMEDIA,2025-05-09 00:00:00+05:30,4.73,4.73,4.5,4.56,56552
DNAMEDIA,2025-05-12 00:00:00+05:30,4.7,5.01,4.65,4.94,56537
DNAMEDIA,2025-05-13 00:00:00+05:30,4.95,5.1,4.83,4.91,85175
DNAMEDIA,2025-05-14 00:00:00+05:30,4.98,4.98,4.85,4.91,22901
DNAMEDIA,2025-05-15 00:00:00+05:30,4.91,5.24,4.81,5.03,164136
DNAMEDIA,2025-05-16 00:00:00+05:30,5.11,5.47,5.0,5.14,86892
DNAMEDIA,2025-05-19 00:00:00+05:30,5.14,5.15,5.0,5.01,85208
DNAMEDIA,2025-05-20 00:00:00+05:30,5.14,5.14,4.75,4.85,139563
DNAMEDIA,2025-05-21 00:00:00+05:30,4.84,5.05,4.81,4.98,69709
DNAMEDIA,2025-05-22 00:00:00+05:30,5.0,5.05,4.84,4.92,36911
DNAMEDIA,2025-05-23 00:00:00+05:30,4.97,5.05,4.85,4.96,30939
DNAMEDIA,2025-05-26 00:00:00+05:30,5.06,5.95,4.98,5.44,1740393
DNAMEDIA,2025-05-27 00:00:00+05:30,5.4,5.53,5.06,5.15,325296
DNAMEDIA,2025-05-28 00:00:00+05:30,5.17,5.25,5.0,5.04,87490
DNAMEDIA,2025-05-29 00:00:00+05:30,5.04,5.29,4.97,5.2,113111
DNAMEDIA,2025-05-30 00:00:00+05:30,5.3,5.48,5.01,5.35,112234
DNAMEDIA,2025-06-02 00:00:00+05:30,5.33,5.4,5.25,5.33,78663
DNAMEDIA,2025-06-03 00:00:00+05:30,5.6,5.6,5.26,5.28,68145
DNAMEDIA,2025-06-04 00:00:00+05:30,5.28,5.45,5.08,5.18,41744
DNAMEDIA,2025-06-05 00:00:00+05:30,5.16,5.39,5.12,5.17,77170
DNAMEDIA,2025-06-06 00:00:00+05:30,5.16,5.28,5.09,5.12,60989
DNAMEDIA,2025-06-09 00:00:00+05:30,5.12,5.28,5.11,5.15,55529
DNAMEDIA,2025-06-10 00:00:00+05:30,5.3,5.33,5.15,5.24,56527
DNAMEDIA,2025-06-11 00:00:00+05:30,5.26,5.48,5.22,5.3,78281
DNAMEDIA,2025-06-12 00:00:00+05:30,5.34,5.34,5.1,5.21,67961
DNAMEDIA,2025-06-13 00:00:00+05:30,5.3,5.3,5.03,5.12,60658
DNAMEDIA,2025-06-16 00:00:00+05:30,5.12,5.19,5.06,5.1,35335
DNAMEDIA,2025-06-17 00:00:00+05:30,5.04,5.18,5.04,5.1,24098
DNAMEDIA,2025-06-18 00:00:00+05:30,5.15,5.26,4.91,5.03,78584
DNAMEDIA,2025-06-19 00:00:00+05:30,5.14,5.14,4.96,4.99,51577
DNAMEDIA,2025-06-20 00:00:00+05:30,4.86,5.08,4.67,4.78,268342
DNAMEDIA,2025-06-23 00:00:00+05:30,4.75,5.02,4.68,4.96,135220
DNAMEDIA,2025-06-24 00:00:00+05:30,4.91,5.12,4.86,4.91,79104
DNAMEDIA,2025-06-25 00:00:00+05:30,4.91,5.06,4.91,4.98,48571
DNAMEDIA,2025-06-26 00:00:00+05:30,4.98,5.04,4.87,4.92,32756
DNAMEDIA,2025-06-27 00:00:00+05:30,5.02,5.03,4.84,4.96,36819
DNAMEDIA,2025-06-30 00:00:00+05:30,4.96,5.07,4.86,4.92,111833
DNAMEDIA,2025-07-01 00:00:00+05:30,4.9,4.98,4.89,4.95,29516
DNAMEDIA,2025-07-02 00:00:00+05:30,4.95,4.95,4.86,4.89,20093
DNAMEDIA,2025-07-03 00:00:00+05:30,4.87,5.44,4.87,5.11,178888
DNAMEDIA,2025-07-04 00:00:00+05:30,5.14,5.3,5.04,5.14,107878
DNAMEDIA,2025-07-07 00:00:00+05:30,5.04,5.14,5.01,5.07,60323
DNAMEDIA,2025-07-08 00:00:00+05:30,5.19,5.28,5.0,5.03,37962
DNAMEDIA,2025-07-09 00:00:00+05:30,5.14,5.14,5.0,5.07,20870
DNAMEDIA,2025-07-10 00:00:00+05:30,5.01,5.7,5.01,5.06,377288
DNAMEDIA,2025-07-11 00:00:00+05:30,5.1,5.25,5.01,5.02,63048
DNAMEDIA,2025-07-14 00:00:00+05:30,5.03,5.08,4.96,5.04,45706
DNAMEDIA,2025-07-15 00:00:00+05:30,5.09,5.09,5.01,5.02,32215
DNAMEDIA,2025-07-16 00:00:00+05:30,5.07,5.07,4.91,4.94,112120
DNAMEDIA,2025-07-17 00:00:00+05:30,4.98,5.57,4.9,5.1,868642
DNAMEDIA,2025-07-18 00:00:00+05:30,5.19,5.19,4.9,4.96,76608
DNAMEDIA,2025-07-21 00:00:00+05:30,5.03,5.09,4.91,4.93,20992
DNAMEDIA,2025-07-22 00:00:00+05:30,4.92,5.06,4.9,4.93,48245
DNAMEDIA,2025-07-23 00:00:00+05:30,4.93,5.0,4.88,4.95,35750
DNAMEDIA,2025-07-24 00:00:00+05:30,4.91,4.99,4.86,4.87,36668
DNAMEDIA,2025-07-25 00:00:00+05:30,4.8,4.93,4.71,4.73,106990
DNAMEDIA,2025-07-28 00:00:00+05:30,4.73,4.84,4.65,4.7,27154
DNAMEDIA,2025-07-29 00:00:00+05:30,4.6,4.84,4.6,4.77,34768
DNAMEDIA,2025-07-30 00:00:00+05:30,4.65,5.05,4.65,4.88,176160
DNAMEDIA,2025-07-31 00:00:00+05:30,4.73,4.8,4.55,4.64,280889
DNAMEDIA,2025-08-01 00:00:00+05:30,4.79,4.79,4.31,4.42,144625
DNAMEDIA,2025-08-04 00:00:00+05:30,4.35,4.48,4.25,4.26,98506
DNAMEDIA,2025-08-05 00:00:00+05:30,4.26,4.5,4.02,4.08,187864
DNAMEDIA,2025-08-06 00:00:00+05:30,4.29,4.89,4.0,4.89,1861120
DNAMEDIA,2025-08-07 00:00:00+05:30,5.57,5.86,5.02,5.47,5034797
DNAMEDIA,2025-08-08 00:00:00+05:30,5.24,5.25,4.9,5.06,591586
DNAMEDIA,2025-08-11 00:00:00+05:30,5.06,5.2,4.9,5.02,223719
DNAMEDIA,2025-08-12 00:00:00+05:30,5.24,5.24,4.93,4.99,191553
DNAMEDIA,2025-08-13 00:00:00+05:30,5.0,5.0,4.92,4.94,41887
DNAMEDIA,2025-08-14 00:00:00+05:30,5.09,5.09,4.7,4.74,93190
DNAMEDIA,2025-08-18 00:00:00+05:30,4.33,4.99,4.33,4.7,111002
DNAMEDIA,2025-08-19 00:00:00+05:30,4.6,4.74,4.45,4.65,140412
DNAMEDIA,2025-08-20 00:00:00+05:30,4.65,4.93,4.65,4.75,68280
DNAMEDIA,2025-08-21 00:00:00+05:30,4.85,4.85,4.64,4.67,68206
DNAMEDIA,2025-08-22 00:00:00+05:30,4.67,4.84,4.67,4.7,41042
DNAMEDIA,2025-08-25 00:00:00+05:30,4.7,4.94,4.67,4.74,145638
DNAMEDIA,2025-08-26 00:00:00+05:30,4.74,4.74,4.65,4.7,27567
DNAMEDIA,2025-08-28 00:00:00+05:30,4.58,4.77,4.58,4.73,31141
DNAMEDIA,2025-08-29 00:00:00+05:30,4.97,4.97,4.5,4.62,37732
DNAMEDIA,2025-09-01 00:00:00+05:30,4.6,4.73,4.5,4.53,76341
DNAMEDIA,2025-09-02 00:00:00+05:30,4.53,4.68,4.3,4.58,99868
DNAMEDIA,2025-09-03 00:00:00+05:30,4.46,4.7,4.46,4.66,63312
DNAMEDIA,2025-09-04 00:00:00+05:30,4.84,4.84,4.52,4.59,48442
DNAMEDIA,2025-09-05 00:00:00+05:30,4.52,4.75,4.52,4.7,53739
DNAMEDIA,2025-09-08 00:00:00+05:30,4.68,4.81,4.51,4.64,25240
DNAMEDIA,2025-09-09 00:00:00+05:30,4.73,4.73,4.55,4.6,28157
DNAMEDIA,2025-09-10 00:00:00+05:30,4.6,5.44,4.58,5.2,2371414
DNAMEDIA,2025-09-11 00:00:00+05:30,5.22,5.22,4.9,4.99,461435
DNAMEDIA,2025-09-12 00:00:00+05:30,5.09,5.09,4.8,4.92,89428
DNAMEDIA,2025-09-15 00:00:00+05:30,4.76,5.34,4.76,4.97,151787
DNAMEDIA,2025-09-16 00:00:00+05:30,4.81,5.15,4.72,4.88,96721
DNAMEDIA,2025-09-17 00:00:00+05:30,4.9,5.0,4.8,4.85,50992
DNAMEDIA,2025-09-18 00:00:00+05:30,4.95,5.08,4.84,4.88,127200
DNAMEDIA,2025-09-19 00:00:00+05:30,4.98,5.06,4.83,4.86,135472
DNAMEDIA,2025-09-22 00:00:00+05:30,4.79,5.04,4.79,4.91,49107
DNAMEDIA,2025-09-23 00:00:00+05:30,4.8,4.99,4.52,4.79,81046
DNAMEDIA,2025-09-24 00:00:00+05:30,4.79,4.94,4.66,4.72,34505
DNAMEDIA,2025-09-25 00:00:00+05:30,4.9,4.9,4.7,4.71,28478
DNAMEDIA,2025-09-26 00:00:00+05:30,4.73,4.73,4.02,4.49,149643
DNAMEDIA,2025-09-29 00:00:00+05:30,4.54,4.74,4.41,4.46,47438
DNAMEDIA,2025-09-30 00:00:00+05:30,4.47,4.68,4.4,4.53,46804
DNAMEDIA,2025-10-01 00:00:00+05:30,4.8,4.8,4.5,4.69,35635
DNAMEDIA,2025-10-03 00:00:00+05:30,4.69,4.77,4.55,4.68,53961
DNAMEDIA,2025-10-06 00:00:00+05:30,4.68,4.74,4.55,4.56,63002
DNAMEDIA,2025-10-07 00:00:00+05:30,4.5,4.79,4.44,4.53,152990
DNAMEDIA,2025-10-08 00:00:00+05:30,4.69,4.69,4.42,4.57,40394
DNAMEDIA,2025-10-09 00:00:00+05:30,4.44,4.64,4.44,4.6,63768
DNAMEDIA,2025-10-10 00:00:00+05:30,4.63,4.63,4.4,4.51,48487
DNAMEDIA,2025-10-13 00:00:00+05:30,4.51,4.71,4.42,4.48,53544
DNAMEDIA,2025-10-14 00:00:00+05:30,4.42,4.53,4.21,4.36,150965
DNAMEDIA,2025-10-15 00:00:00+05:30,4.43,4.43,4.29,4.3,28634
DNAMEDIA,2025-10-16 00:00:00+05:30,4.3,4.48,4.24,4.41,64611
DNAMEDIA,2025-10-17 00:00:00+05:30,4.47,4.47,4.3,4.34,37727
DNAMEDIA,2025-10-20 00:00:00+05:30,4.3,4.44,4.3,4.33,29326
DNAMEDIA,2025-10-21 00:00:00+05:30,4.3,4.43,4.25,4.33,35531
DNAMEDIA,2025-10-23 00:00:00+05:30,4.35,4.43,4.31,4.34,40439
DNAMEDIA,2025-10-24 00:00:00+05:30,4.44,4.45,4.31,4.42,39841
DNAMEDIA,2025-10-27 00:00:00+05:30,4.61,4.61,4.16,4.34,36585
DNAMEDIA,2025-10-28 00:00:00+05:30,4.33,4.4,4.2,4.34,27266
DNAMEDIA,2025-10-29 00:00:00+05:30,4.45,4.45,4.17,4.33,64810
DNAMEDIA,2025-10-30 00:00:00+05:30,4.4,4.41,4.2,4.31,22222
DNAMEDIA,2025-10-31 00:00:00+05:30,4.32,4.38,3.9,4.23,100860
DNAMEDIA,2025-11-03 00:00:00+05:30,4.27,4.28,4.2,4.21,16867
DNAMEDIA,2025-11-04 00:00:00+05:30,4.29,4.34,4.2,4.26,43194
DNAMEDIA,2025-11-06 00:00:00+05:30,4.18,4.32,4.17,4.29,31977
DNAMEDIA,2025-11-07 00:00:00+05:30,4.29,4.37,4.05,4.13,37564
DNAMEDIA,2025-11-10 00:00:00+05:30,4.1,4.29,4.05,4.1,95852
DNAMEDIA,2025-11-11 00:00:00+05:30,4.07,4.26,4.0,4.19,74867
DNAMEDIA,2025-11-12 00:00:00+05:30,4.19,4.26,4.09,4.22,38922
DNAMEDIA,2025-11-13 00:00:00+05:30,4.24,4.5,4.1,4.35,94922
DNAMEDIA,2025-11-14 00:00:00+05:30,4.4,4.4,4.17,4.22,53210
DNAMEDIA,2025-11-17 00:00:00+05:30,4.32,4.42,4.02,4.17,93698
DNAMEDIA,2025-11-18 00:00:00+05:30,4.11,4.2,4.06,4.09,47218
DNAMEDIA,2025-11-19 00:00:00+05:30,4.09,4.15,4.07,4.08,21435
DNAMEDIA,2025-11-20 00:00:00+05:30,4.12,4.18,4.0,4.06,59197
DNAMEDIA,2025-11-21 00:00:00+05:30,4.1,4.27,3.96,3.98,120685
DNAMEDIA,2025-11-24 00:00:00+05:30,4.25,4.27,3.96,4.04,71908
DNAMEDIA,2025-11-25 00:00:00+05:30,4.04,4.16,3.97,4.06,26503
DNAMEDIA,2025-11-26 00:00:00+05:30,4.15,4.15,4.02,4.14,24127
DNAMEDIA,2025-11-27 00:00:00+05:30,4.15,4.2,4.02,4.05,20710
DNAMEDIA,2025-11-28 00:00:00+05:30,4.08,4.12,4.03,4.06,14977
