Symbol,Date,Open,High,Low,Close,Volume
GOLD1,2007-08-08 00:00:00+05:30,91.9,91.9,88.0,89.22,152570
GOLD1,2007-08-09 00:00:00+05:30,89.5,89.7,89.0,89.28,15710
GOLD1,2007-08-10 00:00:00+05:30,89.28,89.28,87.6,88.6,1300
GOLD1,2007-08-13 00:00:00+05:30,89.0,89.4,88.9,89.28,11610
GOLD1,2007-08-14 00:00:00+05:30,89.0,89.5,89.0,89.39,530
GOLD1,2007-08-16 00:00:00+05:30,89.0,89.6,89.0,89.13,16940
GOLD1,2007-08-17 00:00:00+05:30,89.0,89.0,88.0,88.0,9900
GOLD1,2007-08-20 00:00:00+05:30,88.1,88.95,86.5,88.4,800
GOLD1,2007-08-21 00:00:00+05:30,88.5,88.89,88.3,88.5,2100
GOLD1,2007-08-22 00:00:00+05:30,87.53,88.8,87.53,88.09,10910
GOLD1,2007-08-23 00:00:00+05:30,88.6,89.79,88.6,89.61,17550
GOLD1,2007-08-24 00:00:00+05:30,89.45,89.45,88.0,88.5,350
GOLD1,2007-08-27 00:00:00+05:30,90.0,90.25,88.45,90.15,1850
GOLD1,2007-08-28 00:00:00+05:30,90.0,90.0,89.5,89.9,170
GOLD1,2007-08-29 00:00:00+05:30,73.2,90.33,73.2,89.7,6050
GOLD1,2007-08-30 00:00:00+05:30,89.5,89.8,87.0,89.8,620
GOLD1,2007-08-31 00:00:00+05:30,90.9,90.9,89.2,89.74,3890
GOLD1,2007-09-03 00:00:00+05:30,89.5,89.85,89.45,89.5,1160
GOLD1,2007-09-04 00:00:00+05:30,89.5,90.49,89.5,90.3,10200
GOLD1,2007-09-05 00:00:00+05:30,90.7,91.0,90.3,90.74,26410
GOLD1,2007-09-06 00:00:00+05:30,90.4,91.3,90.4,91.22,24520
GOLD1,2007-09-07 00:00:00+05:30,91.6,92.1,91.6,92.0,13540
GOLD1,2007-09-10 00:00:00+05:30,92.3,93.5,92.3,93.28,32560
GOLD1,2007-09-11 00:00:00+05:30,93.3,93.5,93.0,93.01,14160
GOLD1,2007-09-12 00:00:00+05:30,93.4,94.0,93.4,93.53,113900
GOLD1,2007-09-13 00:00:00+05:30,94.4,94.4,93.4,93.78,2520
GOLD1,2007-09-14 00:00:00+05:30,93.4,93.5,93.21,93.21,9280
GOLD1,2007-09-17 00:00:00+05:30,93.65,94.9,93.3,94.25,532240
GOLD1,2007-09-18 00:00:00+05:30,94.6,94.9,94.2,94.51,5940
GOLD1,2007-09-19 00:00:00+05:30,94.6,95.2,94.6,94.97,9170
GOLD1,2007-09-20 00:00:00+05:30,93.22,96.5,93.22,95.3,191530
GOLD1,2007-09-21 00:00:00+05:30,95.5,96.49,95.3,95.96,517570
GOLD1,2007-09-24 00:00:00+05:30,95.7,95.9,95.3,95.7,3170
GOLD1,2007-09-25 00:00:00+05:30,94.8,95.18,94.5,95.1,2500
GOLD1,2007-09-26 00:00:00+05:30,94.6,95.2,94.6,95.1,267170
GOLD1,2007-09-27 00:00:00+05:30,94.8,95.25,94.5,95.23,538110
GOLD1,2007-09-28 00:00:00+05:30,94.0,96.38,94.0,95.86,10300
GOLD1,2007-10-01 00:00:00+05:30,97.25,97.25,95.9,96.09,18000
GOLD1,2007-10-03 00:00:00+05:30,96.0,96.0,94.0,94.94,32340
GOLD1,2007-10-04 00:00:00+05:30,94.94,95.95,93.5,93.91,3020
GOLD1,2007-10-05 00:00:00+05:30,93.7,95.5,93.7,94.7,3940
GOLD1,2007-10-08 00:00:00+05:30,94.7,95.1,94.7,94.76,8410
GOLD1,2007-10-09 00:00:00+05:30,94.5,94.8,94.0,94.8,12240
GOLD1,2007-10-10 00:00:00+05:30,94.8,95.2,94.0,94.59,12000
GOLD1,2007-10-11 00:00:00+05:30,95.3,95.5,95.1,95.47,2840
GOLD1,2007-10-12 00:00:00+05:30,95.5,96.0,95.5,95.82,23910
GOLD1,2007-10-15 00:00:00+05:30,95.9,97.0,95.9,96.73,43830
GOLD1,2007-10-16 00:00:00+05:30,97.0,97.8,97.0,97.5,32620
GOLD1,2007-10-17 00:00:00+05:30,97.7,98.0,97.0,97.5,22060
GOLD1,2007-10-18 00:00:00+05:30,97.7,98.0,96.71,96.86,11490
GOLD1,2007-10-19 00:00:00+05:30,97.0,99.0,97.0,98.9,8050
GOLD1,2007-10-22 00:00:00+05:30,98.9,99.3,98.6,98.98,14950
GOLD1,2007-10-23 00:00:00+05:30,98.6,98.7,97.91,98.05,26070
GOLD1,2007-10-24 00:00:00+05:30,97.9,98.35,97.0,97.38,8100
GOLD1,2007-10-25 00:00:00+05:30,97.0,98.35,97.0,97.78,13380
GOLD1,2007-10-26 00:00:00+05:30,99.0,99.85,98.5,99.49,90090
GOLD1,2007-10-29 00:00:00+05:30,100.0,104.0,100.0,101.14,18020
GOLD1,2007-10-30 00:00:00+05:30,101.5,102.0,100.0,100.53,67230
GOLD1,2007-10-31 00:00:00+05:30,100.0,100.3,99.07,99.84,31410
GOLD1,2007-11-01 00:00:00+05:30,100.5,101.5,100.5,100.82,126530
GOLD1,2007-11-02 00:00:00+05:30,101.4,101.9,100.61,101.0,28010
GOLD1,2007-11-05 00:00:00+05:30,102.3,102.9,101.32,102.0,188320
GOLD1,2007-11-06 00:00:00+05:30,102.9,103.8,102.7,103.42,54150
GOLD1,2007-11-07 00:00:00+05:30,103.6,106.5,103.6,106.21,81230
GOLD1,2007-11-08 00:00:00+05:30,104.8,106.29,103.52,105.53,49230
GOLD1,2007-11-09 00:00:00+05:30,106.0,109.0,105.0,105.78,26580
GOLD1,2007-11-12 00:00:00+05:30,105.5,105.5,103.2,103.23,349250
GOLD1,2007-11-13 00:00:00+05:30,103.0,103.0,101.0,101.74,40390
GOLD1,2007-11-14 00:00:00+05:30,101.21,102.79,101.21,102.28,229280
GOLD1,2007-11-15 00:00:00+05:30,102.7,103.49,102.7,103.1,6960
GOLD1,2007-11-16 00:00:00+05:30,107.9,107.9,100.6,100.8,15570
GOLD1,2007-11-19 00:00:00+05:30,100.0,101.0,100.0,100.51,6310
GOLD1,2007-11-20 00:00:00+05:30,104.9,104.9,98.9,100.46,19850
GOLD1,2007-11-21 00:00:00+05:30,101.5,103.9,101.21,101.64,39750
GOLD1,2007-11-22 00:00:00+05:30,101.81,102.6,101.81,102.4,7320
GOLD1,2007-11-23 00:00:00+05:30,103.0,103.8,103.0,103.57,9830
GOLD1,2007-11-26 00:00:00+05:30,104.0,105.7,104.0,105.63,30400
GOLD1,2007-11-27 00:00:00+05:30,106.2,106.4,105.6,105.81,15810
GOLD1,2007-11-28 00:00:00+05:30,104.49,104.5,103.01,103.11,13640
GOLD1,2007-11-29 00:00:00+05:30,103.3,104.3,103.3,103.8,35640
GOLD1,2007-11-30 00:00:00+05:30,103.2,103.2,102.8,103.2,14790
GOLD1,2007-12-03 00:00:00+05:30,99.0,103.9,99.0,101.81,4990
GOLD1,2007-12-04 00:00:00+05:30,102.0,102.0,101.9,101.92,8670
GOLD1,2007-12-05 00:00:00+05:30,101.4,103.4,101.4,102.28,5990
GOLD1,2007-12-06 00:00:00+05:30,102.0,102.0,101.4,101.9,4290
GOLD1,2007-12-07 00:00:00+05:30,103.0,103.2,101.5,101.96,7690
GOLD1,2007-12-10 00:00:00+05:30,101.5,101.7,101.5,101.7,2260
GOLD1,2007-12-11 00:00:00+05:30,104.0,104.0,102.6,102.81,2860
GOLD1,2007-12-12 00:00:00+05:30,103.5,103.5,100.4,102.0,8730
GOLD1,2007-12-13 00:00:00+05:30,101.0,103.3,101.0,103.25,6460
GOLD1,2007-12-14 00:00:00+05:30,103.25,103.25,102.6,102.66,4550
GOLD1,2007-12-17 00:00:00+05:30,102.65,102.65,100.5,101.5,3600
GOLD1,2007-12-18 00:00:00+05:30,102.0,102.0,101.0,101.5,61020
GOLD1,2007-12-19 00:00:00+05:30,103.0,103.1,102.0,102.9,4360
GOLD1,2007-12-20 00:00:00+05:30,103.2,103.2,102.3,102.3,17230
GOLD1,2007-12-24 00:00:00+05:30,102.5,103.0,102.01,102.61,395160
GOLD1,2007-12-26 00:00:00+05:30,103.2,103.5,103.05,103.5,24010
GOLD1,2007-12-27 00:00:00+05:30,104.0,105.9,103.5,104.1,13040
GOLD1,2007-12-28 00:00:00+05:30,105.2,105.35,104.4,105.01,15220
GOLD1,2007-12-31 00:00:00+05:30,109.0,109.0,106.0,106.84,13920
GOLD1,2008-01-01 00:00:00+05:30,107.0,107.0,105.6,106.33,1990
GOLD1,2008-01-02 00:00:00+05:30,106.4,107.4,105.01,107.33,16550
GOLD1,2008-01-03 00:00:00+05:30,108.0,111.0,108.0,109.2,22040
GOLD1,2008-01-04 00:00:00+05:30,109.53,110.0,109.0,109.11,5650
GOLD1,2008-01-07 00:00:00+05:30,110.0,110.0,108.0,109.0,2400
GOLD1,2008-01-08 00:00:00+05:30,109.0,109.4,108.5,109.32,9330
GOLD1,2008-01-09 00:00:00+05:30,109.51,115.0,109.51,112.08,93880
GOLD1,2008-01-10 00:00:00+05:30,110.1,113.7,110.1,111.97,5970
GOLD1,2008-01-11 00:00:00+05:30,112.5,113.5,111.5,112.6,33610
GOLD1,2008-01-14 00:00:00+05:30,113.0,116.0,113.0,115.81,43700
GOLD1,2008-01-15 00:00:00+05:30,116.2,117.0,115.1,115.75,33840
GOLD1,2008-01-16 00:00:00+05:30,106.1,115.8,106.1,112.0,28140
GOLD1,2008-01-17 00:00:00+05:30,112.0,112.99,111.5,112.7,2140
GOLD1,2008-01-18 00:00:00+05:30,105.0,114.78,105.0,112.0,10510
GOLD1,2008-01-21 00:00:00+05:30,112.0,113.8,110.0,112.07,10860
GOLD1,2008-01-22 00:00:00+05:30,101.1,110.0,101.1,109.96,22660
GOLD1,2008-01-23 00:00:00+05:30,109.7,119.5,109.7,112.0,2450
GOLD1,2008-01-24 00:00:00+05:30,113.96,115.3,112.1,113.3,13080
GOLD1,2008-01-25 00:00:00+05:30,117.9,117.9,114.9,117.1,58650
GOLD1,2008-01-28 00:00:00+05:30,119.74,119.75,115.1,116.0,990760
GOLD1,2008-01-29 00:00:00+05:30,116.11,118.5,116.11,116.79,292690
GOLD1,2008-01-30 00:00:00+05:30,118.0,118.9,115.7,115.89,237510
GOLD1,2008-01-31 00:00:00+05:30,118.9,118.9,116.02,116.35,94170
GOLD1,2008-02-01 00:00:00+05:30,117.0,118.85,116.7,118.18,3550
GOLD1,2008-02-04 00:00:00+05:30,118.18,118.18,115.2,115.31,8820
GOLD1,2008-02-05 00:00:00+05:30,117.35,117.35,114.3,114.5,14080
GOLD1,2008-02-06 00:00:00+05:30,115.0,115.3,113.13,113.72,22510
GOLD1,2008-02-07 00:00:00+05:30,116.9,116.9,113.8,115.84,54450
GOLD1,2008-02-08 00:00:00+05:30,115.9,117.17,115.0,116.72,19150
GOLD1,2008-02-11 00:00:00+05:30,117.0,119.0,111.1,118.25,71390
GOLD1,2008-02-12 00:00:00+05:30,119.4,119.4,117.51,118.14,8210
GOLD1,2008-02-13 00:00:00+05:30,118.2,118.2,113.12,116.25,10980
GOLD1,2008-02-14 00:00:00+05:30,117.5,117.5,116.5,116.6,3080
GOLD1,2008-02-15 00:00:00+05:30,117.0,119.95,106.12,117.28,11860
GOLD1,2008-02-18 00:00:00+05:30,117.4,118.9,116.6,116.96,3470
GOLD1,2008-02-19 00:00:00+05:30,117.0,117.3,116.5,117.29,18030
GOLD1,2008-02-20 00:00:00+05:30,117.8,122.3,117.8,118.96,9550
GOLD1,2008-02-21 00:00:00+05:30,120.0,122.8,120.0,121.05,35700
GOLD1,2008-02-22 00:00:00+05:30,122.0,122.49,121.4,121.93,6410
GOLD1,2008-02-25 00:00:00+05:30,123.0,124.99,122.4,123.5,41650
GOLD1,2008-02-26 00:00:00+05:30,124.0,124.9,120.54,121.33,34890
GOLD1,2008-02-27 00:00:00+05:30,122.11,124.0,122.11,123.01,8280
GOLD1,2008-02-28 00:00:00+05:30,126.59,127.39,122.0,123.55,24720
GOLD1,2008-02-29 00:00:00+05:30,144.4,144.4,124.5,125.38,7800
GOLD1,2008-03-03 00:00:00+05:30,130.0,130.0,126.5,128.97,41960
GOLD1,2008-03-04 00:00:00+05:30,129.0,129.99,128.41,128.95,26010
GOLD1,2008-03-05 00:00:00+05:30,129.0,129.0,125.0,125.71,44570
GOLD1,2008-03-07 00:00:00+05:30,125.7,150.0,125.7,129.44,40180
GOLD1,2008-03-10 00:00:00+05:30,130.0,134.0,126.0,129.0,21620
GOLD1,2008-03-11 00:00:00+05:30,132.99,133.0,127.5,128.39,14270
GOLD1,2008-03-12 00:00:00+05:30,128.39,128.99,127.0,127.98,28530
GOLD1,2008-03-13 00:00:00+05:30,127.99,149.8,127.99,129.43,40850
GOLD1,2008-03-14 00:00:00+05:30,130.5,133.5,129.7,130.34,9800
GOLD1,2008-03-17 00:00:00+05:30,132.5,138.0,132.5,136.72,46870
GOLD1,2008-03-18 00:00:00+05:30,136.8,136.8,131.1,133.0,80050
GOLD1,2008-03-19 00:00:00+05:30,132.0,132.0,126.6,130.29,26130
GOLD1,2008-03-24 00:00:00+05:30,124.9,124.9,118.0,119.24,35760
GOLD1,2008-03-25 00:00:00+05:30,122.0,139.9,120.0,120.52,20580
GOLD1,2008-03-26 00:00:00+05:30,120.88,123.3,120.88,121.89,9250
GOLD1,2008-03-27 00:00:00+05:30,144.0,144.0,121.8,122.37,11400
GOLD1,2008-03-28 00:00:00+05:30,116.5,124.0,116.5,121.5,29120
GOLD1,2008-03-31 00:00:00+05:30,121.5,138.5,121.0,121.6,47390
GOLD1,2008-04-01 00:00:00+05:30,127.4,127.4,116.4,117.29,144970
GOLD1,2008-04-02 00:00:00+05:30,117.29,117.29,115.13,115.84,31360
GOLD1,2008-04-03 00:00:00+05:30,119.9,119.9,117.2,117.59,15480
GOLD1,2008-04-04 00:00:00+05:30,118.3,118.3,117.8,117.99,15430
GOLD1,2008-04-07 00:00:00+05:30,118.6,119.85,118.4,118.92,7350
GOLD1,2008-04-08 00:00:00+05:30,121.7,122.3,119.6,120.03,15510
GOLD1,2008-04-09 00:00:00+05:30,118.5,119.5,117.61,117.71,14880
GOLD1,2008-04-10 00:00:00+05:30,125.0,125.0,119.0,120.33,16980
GOLD1,2008-04-11 00:00:00+05:30,120.59,120.59,119.01,119.79,9060
GOLD1,2008-04-15 00:00:00+05:30,120.8,122.48,120.0,120.41,22820
GOLD1,2008-04-16 00:00:00+05:30,122.1,122.1,120.0,121.32,12770
GOLD1,2008-04-17 00:00:00+05:30,114.6,123.4,114.6,123.11,28340
GOLD1,2008-04-21 00:00:00+05:30,118.0,124.89,117.5,119.95,38970
GOLD1,2008-04-22 00:00:00+05:30,120.0,120.3,119.7,120.05,34830
GOLD1,2008-04-23 00:00:00+05:30,119.7,121.79,119.65,119.75,57710
GOLD1,2008-04-24 00:00:00+05:30,119.03,119.03,117.75,117.99,40820
GOLD1,2008-04-25 00:00:00+05:30,117.0,117.5,115.9,116.25,47080
GOLD1,2008-04-28 00:00:00+05:30,116.25,117.47,115.5,116.29,23980
GOLD1,2008-04-29 00:00:00+05:30,117.0,117.45,116.45,116.49,14090
GOLD1,2008-04-30 00:00:00+05:30,116.49,117.34,113.7,115.29,29760
GOLD1,2008-05-02 00:00:00+05:30,115.0,115.0,113.3,114.02,50370
GOLD1,2008-05-05 00:00:00+05:30,115.5,115.5,114.3,114.48,29080
GOLD1,2008-05-06 00:00:00+05:30,116.95,116.95,115.8,116.07,23400
GOLD1,2008-05-07 00:00:00+05:30,119.99,138.8,114.0,117.71,82240
GOLD1,2008-05-08 00:00:00+05:30,117.71,118.9,117.6,117.88,84780
GOLD1,2008-05-09 00:00:00+05:30,117.8,120.4,117.8,119.87,28340
GOLD1,2008-05-12 00:00:00+05:30,115.11,120.38,115.11,119.33,37540
GOLD1,2008-05-13 00:00:00+05:30,119.0,120.1,119.0,119.5,34510
GOLD1,2008-05-14 00:00:00+05:30,119.35,119.55,117.41,119.3,17120
GOLD1,2008-05-15 00:00:00+05:30,117.51,119.4,117.51,119.08,10390
GOLD1,2008-05-16 00:00:00+05:30,119.55,120.99,119.55,120.78,19600
GOLD1,2008-05-20 00:00:00+05:30,121.0,125.0,121.0,124.57,34630
GOLD1,2008-05-21 00:00:00+05:30,128.9,128.9,125.62,126.74,10420
GOLD1,2008-05-22 00:00:00+05:30,126.74,131.0,126.74,129.39,28210
GOLD1,2008-05-23 00:00:00+05:30,129.3,130.0,127.0,127.44,35260
GOLD1,2008-05-26 00:00:00+05:30,127.5,128.8,127.2,127.37,6090
GOLD1,2008-05-27 00:00:00+05:30,123.6,129.28,123.6,127.95,9330
GOLD1,2008-05-28 00:00:00+05:30,125.13,128.2,123.9,124.02,33570
GOLD1,2008-05-29 00:00:00+05:30,120.12,126.55,120.12,124.22,8270
GOLD1,2008-05-30 00:00:00+05:30,120.51,122.7,120.4,121.14,31560
GOLD1,2008-06-02 00:00:00+05:30,121.5,122.3,121.1,121.94,7210
GOLD1,2008-06-03 00:00:00+05:30,122.1,123.7,122.0,123.54,22910
GOLD1,2008-06-04 00:00:00+05:30,123.5,123.5,121.35,122.05,15570
GOLD1,2008-06-05 00:00:00+05:30,121.16,122.01,121.01,121.56,11980
GOLD1,2008-06-06 00:00:00+05:30,121.7,122.6,121.7,121.99,22620
GOLD1,2008-06-09 00:00:00+05:30,122.5,126.5,122.5,125.44,23420
GOLD1,2008-06-10 00:00:00+05:30,124.99,125.1,122.61,123.71,45240
GOLD1,2008-06-11 00:00:00+05:30,122.4,122.5,121.5,122.01,42080
GOLD1,2008-06-12 00:00:00+05:30,122.5,122.5,121.1,121.47,4900
GOLD1,2008-06-13 00:00:00+05:30,122.0,122.0,120.85,121.12,35910
GOLD1,2008-06-16 00:00:00+05:30,121.1,122.25,120.7,121.02,66210
GOLD1,2008-06-17 00:00:00+05:30,122.6,123.8,122.6,123.33,47180
GOLD1,2008-06-18 00:00:00+05:30,124.0,124.0,122.4,122.48,73230
GOLD1,2008-06-19 00:00:00+05:30,123.13,123.6,123.0,123.11,71240
GOLD1,2008-06-20 00:00:00+05:30,123.3,125.0,123.2,123.92,43100
GOLD1,2008-06-23 00:00:00+05:30,125.0,126.0,125.0,125.89,20170
GOLD1,2008-06-24 00:00:00+05:30,124.5,124.9,115.21,123.77,81170
GOLD1,2008-06-25 00:00:00+05:30,124.0,124.0,123.3,123.42,23420
GOLD1,2008-06-26 00:00:00+05:30,123.39,123.8,122.13,123.8,16610
GOLD1,2008-06-27 00:00:00+05:30,126.0,128.0,125.51,127.11,54330
GOLD1,2008-06-30 00:00:00+05:30,127.5,131.4,127.21,130.18,48080
GOLD1,2008-07-01 00:00:00+05:30,130.5,130.5,129.01,130.31,27160
GOLD1,2008-07-02 00:00:00+05:30,130.31,135.0,130.0,131.02,39460
GOLD1,2008-07-03 00:00:00+05:30,131.02,132.5,131.02,131.5,11990
GOLD1,2008-07-04 00:00:00+05:30,132.0,132.0,129.75,130.0,32440
GOLD1,2008-07-07 00:00:00+05:30,130.5,130.59,128.4,129.54,21110
GOLD1,2008-07-08 00:00:00+05:30,125.11,131.09,125.11,130.52,8290
GOLD1,2008-07-09 00:00:00+05:30,131.0,131.0,127.51,129.38,16000
GOLD1,2008-07-10 00:00:00+05:30,129.4,130.38,129.4,129.91,6580
GOLD1,2008-07-11 00:00:00+05:30,131.69,132.8,130.0,132.49,9190
GOLD1,2008-07-14 00:00:00+05:30,133.75,134.0,132.2,132.98,25220
GOLD1,2008-07-15 00:00:00+05:30,135.0,137.9,134.2,137.13,29260
GOLD1,2008-07-16 00:00:00+05:30,134.6,136.8,134.6,136.64,80740
GOLD1,2008-07-17 00:00:00+05:30,128.6,135.9,128.6,134.11,59410
GOLD1,2008-07-18 00:00:00+05:30,133.5,133.7,132.57,133.58,24520
GOLD1,2008-07-21 00:00:00+05:30,133.6,134.2,132.5,134.01,13140
GOLD1,2008-07-22 00:00:00+05:30,134.5,135.0,133.6,134.23,6820
GOLD1,2008-07-23 00:00:00+05:30,130.0,130.19,127.5,127.62,111620
GOLD1,2008-07-24 00:00:00+05:30,127.62,127.7,125.1,127.61,13470
GOLD1,2008-07-25 00:00:00+05:30,128.0,129.23,127.51,128.03,27200
GOLD1,2008-07-28 00:00:00+05:30,128.37,128.37,127.33,127.73,5640
GOLD1,2008-07-29 00:00:00+05:30,129.49,129.49,127.8,128.14,9950
GOLD1,2008-07-30 00:00:00+05:30,128.4,128.4,125.01,125.59,18280
GOLD1,2008-07-31 00:00:00+05:30,126.0,126.5,125.5,125.77,18320
GOLD1,2008-08-01 00:00:00+05:30,126.34,126.38,124.8,125.51,12680
GOLD1,2008-08-04 00:00:00+05:30,125.51,126.79,124.6,125.31,10130
GOLD1,2008-08-05 00:00:00+05:30,125.3,125.3,121.3,122.28,60730
GOLD1,2008-08-06 00:00:00+05:30,122.0,123.0,120.9,122.11,25640
GOLD1,2008-08-07 00:00:00+05:30,122.0,122.97,121.0,122.24,29860
GOLD1,2008-08-08 00:00:00+05:30,121.2,122.5,120.9,121.08,39290
GOLD1,2008-08-11 00:00:00+05:30,121.1,121.19,119.0,119.59,47970
GOLD1,2008-08-12 00:00:00+05:30,117.0,119.9,115.5,118.49,72810
GOLD1,2008-08-13 00:00:00+05:30,119.5,124.0,118.4,119.01,103760
GOLD1,2008-08-14 00:00:00+05:30,119.5,120.4,118.5,119.04,91870
GOLD1,2008-08-18 00:00:00+05:30,120.0,120.0,115.8,116.77,121940
GOLD1,2008-08-19 00:00:00+05:30,118.0,118.0,115.4,117.85,45580
GOLD1,2008-08-20 00:00:00+05:30,119.0,119.5,117.0,117.41,85040
GOLD1,2008-08-21 00:00:00+05:30,117.9,119.5,117.5,118.48,73360
GOLD1,2008-08-22 00:00:00+05:30,119.5,120.2,118.52,119.0,38200
GOLD1,2008-08-25 00:00:00+05:30,119.0,119.0,117.5,117.74,113110
GOLD1,2008-08-26 00:00:00+05:30,120.29,120.29,116.5,116.68,68300
GOLD1,2008-08-27 00:00:00+05:30,118.6,118.6,117.4,117.73,50780
GOLD1,2008-08-28 00:00:00+05:30,119.0,119.0,117.82,118.18,41740
GOLD1,2008-08-29 00:00:00+05:30,120.6,120.6,118.0,118.87,38360
GOLD1,2008-09-01 00:00:00+05:30,120.89,120.89,118.8,119.01,42000
GOLD1,2008-09-02 00:00:00+05:30,119.0,119.0,116.11,116.89,70040
GOLD1,2008-09-04 00:00:00+05:30,116.89,117.3,115.5,116.88,30380
GOLD1,2008-09-05 00:00:00+05:30,116.62,117.0,115.5,115.92,46410
GOLD1,2008-09-08 00:00:00+05:30,116.6,117.49,116.5,116.81,32300
GOLD1,2008-09-09 00:00:00+05:30,115.6,117.49,115.6,116.51,37480
GOLD1,2008-09-10 00:00:00+05:30,116.9,116.9,114.4,114.59,75790
GOLD1,2008-09-11 00:00:00+05:30,116.0,116.0,112.2,112.51,124640
GOLD1,2008-09-12 00:00:00+05:30,113.9,113.9,112.7,112.89,61810
GOLD1,2008-09-15 00:00:00+05:30,114.8,119.0,114.72,115.4,32680
GOLD1,2008-09-16 00:00:00+05:30,107.7,117.49,107.7,117.01,78670
GOLD1,2008-09-17 00:00:00+05:30,118.0,118.0,116.3,117.54,40050
GOLD1,2008-09-18 00:00:00+05:30,119.5,128.4,119.5,125.91,144850
GOLD1,2008-09-19 00:00:00+05:30,128.0,128.0,122.0,123.38,41780
GOLD1,2008-09-22 00:00:00+05:30,123.9,126.14,123.0,125.54,49730
GOLD1,2008-09-23 00:00:00+05:30,127.55,128.5,126.5,127.33,32140
GOLD1,2008-09-24 00:00:00+05:30,127.4,127.5,125.5,126.63,25000
GOLD1,2008-09-25 00:00:00+05:30,127.0,128.48,126.51,127.82,57610
GOLD1,2008-09-26 00:00:00+05:30,128.79,128.79,126.22,127.0,29740
GOLD1,2008-09-29 00:00:00+05:30,127.8,128.6,126.7,128.36,57270
GOLD1,2008-09-30 00:00:00+05:30,129.0,132.5,129.0,129.46,112100
GOLD1,2008-10-01 00:00:00+05:30,128.36,130.5,128.36,129.89,107880
GOLD1,2008-10-03 00:00:00+05:30,129.49,129.49,125.3,126.5,27490
GOLD1,2008-10-06 00:00:00+05:30,128.9,128.9,118.1,126.02,46860
GOLD1,2008-10-07 00:00:00+05:30,128.5,131.0,127.4,130.88,70830
GOLD1,2008-10-08 00:00:00+05:30,128.2,134.5,128.2,133.89,180430
GOLD1,2008-10-10 00:00:00+05:30,134.5,138.5,134.5,135.7,73880
GOLD1,2008-10-13 00:00:00+05:30,135.0,135.1,127.6,130.85,71870
GOLD1,2008-10-14 00:00:00+05:30,126.3,130.5,126.3,128.12,30710
GOLD1,2008-10-15 00:00:00+05:30,126.7,131.0,126.7,130.56,17800
GOLD1,2008-10-16 00:00:00+05:30,131.0,132.0,130.01,130.36,46610
GOLD1,2008-10-17 00:00:00+05:30,129.0,129.0,125.5,126.96,22120
GOLD1,2008-10-20 00:00:00+05:30,127.0,135.0,125.02,127.26,44330
GOLD1,2008-10-21 00:00:00+05:30,126.5,127.25,123.1,124.57,87390
GOLD1,2008-10-22 00:00:00+05:30,123.1,124.6,119.5,120.25,67200
GOLD1,2008-10-23 00:00:00+05:30,119.6,119.6,114.24,118.11,24670
GOLD1,2008-10-24 00:00:00+05:30,116.0,117.0,112.5,113.32,45480
GOLD1,2008-10-27 00:00:00+05:30,120.1,120.1,112.8,113.18,113560
GOLD1,2008-10-28 00:00:00+05:30,130.0,130.0,116.09,120.29,12830
GOLD1,2008-10-29 00:00:00+05:30,117.22,119.5,117.22,119.36,11720
GOLD1,2008-10-31 00:00:00+05:30,117.8,118.7,116.0,116.35,29210
GOLD1,2008-11-03 00:00:00+05:30,116.49,118.9,116.0,116.66,7060
GOLD1,2008-11-04 00:00:00+05:30,116.66,117.9,114.5,115.49,14770
GOLD1,2008-11-05 00:00:00+05:30,116.0,117.15,114.4,114.9,42830
GOLD1,2008-11-06 00:00:00+05:30,115.0,115.2,113.5,114.54,6800
GOLD1,2008-11-07 00:00:00+05:30,116.3,116.3,113.51,114.97,8570
GOLD1,2008-11-10 00:00:00+05:30,114.9,116.18,114.9,115.21,18290
GOLD1,2008-11-11 00:00:00+05:30,113.71,117.0,113.71,114.99,22520
GOLD1,2008-11-12 00:00:00+05:30,115.0,115.8,115.0,115.57,53430
GOLD1,2008-11-14 00:00:00+05:30,116.29,116.3,114.9,115.8,28950
GOLD1,2008-11-17 00:00:00+05:30,116.3,117.7,115.6,117.58,27800
GOLD1,2008-11-18 00:00:00+05:30,117.5,119.76,117.22,117.56,21650
GOLD1,2008-11-19 00:00:00+05:30,118.0,119.0,116.02,118.04,15600
GOLD1,2008-11-20 00:00:00+05:30,116.5,120.0,116.5,119.94,16080
GOLD1,2008-11-21 00:00:00+05:30,119.0,122.9,118.0,120.87,22380
GOLD1,2008-11-24 00:00:00+05:30,123.0,127.5,123.0,127.24,59110
GOLD1,2008-11-25 00:00:00+05:30,127.5,129.2,126.8,128.5,49010
GOLD1,2008-11-26 00:00:00+05:30,128.9,128.9,125.0,127.68,17680
GOLD1,2008-11-28 00:00:00+05:30,126.61,128.0,126.61,127.29,5530
GOLD1,2008-12-01 00:00:00+05:30,127.4,128.5,127.0,127.98,16980
GOLD1,2008-12-02 00:00:00+05:30,126.49,126.49,122.41,123.22,13720
GOLD1,2008-12-03 00:00:00+05:30,122.6,124.4,122.6,124.11,7410
GOLD1,2008-12-04 00:00:00+05:30,124.11,124.2,122.56,123.78,7760
GOLD1,2008-12-05 00:00:00+05:30,123.7,123.7,122.1,123.16,4210
GOLD1,2008-12-08 00:00:00+05:30,117.01,123.17,117.01,121.19,101610
GOLD1,2008-12-10 00:00:00+05:30,123.1,123.68,122.5,122.61,19310
GOLD1,2008-12-11 00:00:00+05:30,124.01,125.9,124.0,125.88,81090
GOLD1,2008-12-12 00:00:00+05:30,126.0,127.5,125.0,125.48,24730
GOLD1,2008-12-15 00:00:00+05:30,126.0,127.4,125.3,126.23,22320
GOLD1,2008-12-16 00:00:00+05:30,126.5,127.3,126.13,126.72,25160
GOLD1,2008-12-17 00:00:00+05:30,122.5,129.0,122.5,127.53,30550
GOLD1,2008-12-18 00:00:00+05:30,129.0,129.81,127.62,129.01,40010
GOLD1,2008-12-19 00:00:00+05:30,128.0,128.0,125.85,126.14,12680
GOLD1,2008-12-22 00:00:00+05:30,126.1,127.2,126.1,126.91,37150
GOLD1,2008-12-23 00:00:00+05:30,126.8,128.9,126.8,128.53,53760
GOLD1,2008-12-24 00:00:00+05:30,128.4,129.6,128.05,128.68,36220
GOLD1,2008-12-26 00:00:00+05:30,128.0,128.7,126.7,128.54,19090
GOLD1,2008-12-29 00:00:00+05:30,130.0,133.1,130.0,132.26,68080
GOLD1,2008-12-30 00:00:00+05:30,132.1,133.0,131.35,132.55,84700
GOLD1,2008-12-31 00:00:00+05:30,132.9,132.9,129.3,132.46,33320
GOLD1,2009-01-01 00:00:00+05:30,132.5,135.0,132.5,133.65,24330
GOLD1,2009-01-02 00:00:00+05:30,133.5,134.2,133.01,134.12,36840
GOLD1,2009-01-05 00:00:00+05:30,134.0,134.1,131.52,132.43,33270
GOLD1,2009-01-06 00:00:00+05:30,132.3,132.3,129.2,130.48,11060
GOLD1,2009-01-07 00:00:00+05:30,131.0,131.97,130.5,131.3,9230
GOLD1,2009-01-09 00:00:00+05:30,131.31,132.43,131.26,131.87,50390
GOLD1,2009-01-12 00:00:00+05:30,131.8,135.0,130.5,132.46,16210
GOLD1,2009-01-13 00:00:00+05:30,130.0,130.0,128.85,129.12,8050
GOLD1,2009-01-14 00:00:00+05:30,129.89,129.99,128.53,129.06,5640
GOLD1,2009-01-15 00:00:00+05:30,129.0,129.27,128.01,128.75,3160
GOLD1,2009-01-16 00:00:00+05:30,129.1,129.5,128.0,129.16,4260
GOLD1,2009-01-19 00:00:00+05:30,130.7,131.47,129.7,130.52,2380
GOLD1,2009-01-20 00:00:00+05:30,131.28,131.28,130.01,130.95,6070
GOLD1,2009-01-21 00:00:00+05:30,139.9,139.9,132.12,133.38,26210
GOLD1,2009-01-22 00:00:00+05:30,132.0,133.9,132.0,133.31,5490
GOLD1,2009-01-23 00:00:00+05:30,132.32,134.6,132.32,134.3,10160
GOLD1,2009-01-27 00:00:00+05:30,135.0,141.0,135.0,137.31,53200
GOLD1,2009-01-28 00:00:00+05:30,134.6,137.09,134.6,136.2,39080
GOLD1,2009-01-29 00:00:00+05:30,135.0,135.7,133.0,135.4,12290
GOLD1,2009-01-30 00:00:00+05:30,136.75,140.5,136.75,139.74,50530
GOLD1,2009-02-02 00:00:00+05:30,132.5,141.49,132.5,139.93,37210
GOLD1,2009-02-03 00:00:00+05:30,135.51,139.98,135.51,139.88,10320
GOLD1,2009-02-04 00:00:00+05:30,138.5,139.4,138.5,138.53,11760
GOLD1,2009-02-05 00:00:00+05:30,138.53,140.25,137.01,139.9,15670
GOLD1,2009-02-06 00:00:00+05:30,140.2,140.8,139.0,139.28,15430
GOLD1,2009-02-09 00:00:00+05:30,140.0,140.29,139.0,140.14,8850
GOLD1,2009-02-10 00:00:00+05:30,140.0,140.0,138.0,138.79,4940
GOLD1,2009-02-11 00:00:00+05:30,140.0,141.35,139.5,141.0,15070
GOLD1,2009-02-12 00:00:00+05:30,142.15,144.8,142.15,144.26,48520
GOLD1,2009-02-13 00:00:00+05:30,144.0,144.59,143.23,143.77,8690
GOLD1,2009-02-16 00:00:00+05:30,144.5,145.82,143.1,144.23,21590
GOLD1,2009-02-17 00:00:00+05:30,145.0,149.9,145.0,149.44,38190
GOLD1,2009-02-18 00:00:00+05:30,153.5,154.5,150.5,153.9,83050
GOLD1,2009-02-19 00:00:00+05:30,151.0,156.0,151.0,151.91,82700
GOLD1,2009-02-20 00:00:00+05:30,151.0,153.78,150.63,152.14,38170
GOLD1,2009-02-24 00:00:00+05:30,152.5,155.3,152.0,153.9,59620
GOLD1,2009-02-25 00:00:00+05:30,155.0,155.0,149.0,149.47,22890
GOLD1,2009-02-26 00:00:00+05:30,149.47,150.5,145.0,148.69,33890
GOLD1,2009-02-27 00:00:00+05:30,149.0,150.2,148.31,149.85,19390
GOLD1,2009-03-02 00:00:00+05:30,151.0,154.6,150.0,154.29,71810
GOLD1,2009-03-03 00:00:00+05:30,150.3,152.7,148.63,150.17,11490
GOLD1,2009-03-04 00:00:00+05:30,146.2,149.89,146.2,149.4,20160
GOLD1,2009-03-05 00:00:00+05:30,146.72,148.8,146.72,148.48,20460
GOLD1,2009-03-06 00:00:00+05:30,149.01,152.68,149.01,152.25,18600
GOLD1,2009-03-09 00:00:00+05:30,152.5,152.5,151.51,151.96,19330
GOLD1,2009-03-12 00:00:00+05:30,151.5,151.5,148.5,149.08,23060
GOLD1,2009-03-13 00:00:00+05:30,150.2,151.5,149.53,149.96,34570
GOLD1,2009-03-16 00:00:00+05:30,150.0,151.9,150.0,150.69,10970
GOLD1,2009-03-17 00:00:00+05:30,150.0,150.3,148.5,149.79,27610
GOLD1,2009-03-18 00:00:00+05:30,149.49,149.89,147.01,148.57,22520
GOLD1,2009-03-19 00:00:00+05:30,149.0,150.75,148.51,149.44,21210
GOLD1,2009-03-20 00:00:00+05:30,150.45,152.52,150.45,152.17,25230
GOLD1,2009-03-23 00:00:00+05:30,152.17,153.0,151.21,151.91,21870
GOLD1,2009-03-24 00:00:00+05:30,151.8,151.8,149.2,149.45,11890
GOLD1,2009-03-25 00:00:00+05:30,149.2,149.88,148.58,149.0,4660
GOLD1,2009-03-26 00:00:00+05:30,149.0,149.97,148.18,149.16,33010
GOLD1,2009-03-27 00:00:00+05:30,149.0,151.4,148.7,149.8,26650
GOLD1,2009-03-30 00:00:00+05:30,150.0,150.2,148.3,149.48,4520
GOLD1,2009-03-31 00:00:00+05:30,149.21,149.68,149.16,149.23,4470
GOLD1,2009-04-01 00:00:00+05:30,149.5,149.75,148.7,149.02,5900
GOLD1,2009-04-02 00:00:00+05:30,149.02,149.98,148.01,148.91,5920
GOLD1,2009-04-06 00:00:00+05:30,145.0,145.0,137.6,140.02,28970
GOLD1,2009-04-08 00:00:00+05:30,140.02,142.99,140.02,141.93,12870
GOLD1,2009-04-09 00:00:00+05:30,142.9,142.9,140.0,141.38,17540
GOLD1,2009-04-13 00:00:00+05:30,141.5,142.0,140.5,141.2,10290
GOLD1,2009-04-15 00:00:00+05:30,143.9,143.9,142.0,142.38,10830
GOLD1,2009-04-16 00:00:00+05:30,142.4,143.29,140.53,141.62,9030
GOLD1,2009-04-17 00:00:00+05:30,137.01,141.0,131.1,139.23,31820
GOLD1,2009-04-20 00:00:00+05:30,140.2,140.5,139.04,140.13,3390
GOLD1,2009-04-21 00:00:00+05:30,141.0,143.5,141.0,142.22,9430
GOLD1,2009-04-22 00:00:00+05:30,142.49,142.49,141.02,141.35,5480
GOLD1,2009-04-23 00:00:00+05:30,142.43,142.43,141.4,141.53,6560
GOLD1,2009-04-24 00:00:00+05:30,142.5,146.9,142.1,144.86,20850
GOLD1,2009-04-27 00:00:00+05:30,147.5,148.0,145.5,146.82,37340
GOLD1,2009-04-28 00:00:00+05:30,146.5,146.5,142.5,144.59,9010
GOLD1,2009-04-29 00:00:00+05:30,144.02,144.74,143.5,144.25,2060
GOLD1,2009-05-04 00:00:00+05:30,143.5,143.5,140.53,142.05,7770
GOLD1,2009-05-05 00:00:00+05:30,143.0,144.0,142.21,143.0,14330
GOLD1,2009-05-06 00:00:00+05:30,143.4,144.49,140.51,143.94,5570
GOLD1,2009-05-07 00:00:00+05:30,143.94,144.87,141.43,143.78,10820
GOLD1,2009-05-08 00:00:00+05:30,144.6,144.6,143.2,143.31,5710
GOLD1,2009-05-11 00:00:00+05:30,140.5,144.8,140.15,144.23,4150
GOLD1,2009-05-12 00:00:00+05:30,144.1,145.33,143.17,143.99,4140
GOLD1,2009-05-13 00:00:00+05:30,146.89,146.89,144.4,144.87,5210
GOLD1,2009-05-14 00:00:00+05:30,145.0,148.47,145.0,147.24,28800
GOLD1,2009-05-15 00:00:00+05:30,147.0,147.44,145.8,146.4,7110
GOLD1,2009-05-18 00:00:00+05:30,147.5,147.5,147.5,147.5,10
GOLD1,2009-05-19 00:00:00+05:30,133.0,144.0,133.0,140.78,37430
GOLD1,2009-05-20 00:00:00+05:30,143.9,144.21,140.0,140.36,12960
GOLD1,2009-05-21 00:00:00+05:30,141.0,143.2,141.0,141.84,17430
GOLD1,2009-05-22 00:00:00+05:30,141.25,143.0,141.25,142.67,6780
GOLD1,2009-05-25 00:00:00+05:30,144.4,144.99,142.13,143.07,16760
GOLD1,2009-05-26 00:00:00+05:30,144.0,144.0,141.5,141.9,15680
GOLD1,2009-05-27 00:00:00+05:30,142.0,143.6,141.6,143.14,18740
GOLD1,2009-05-28 00:00:00+05:30,144.0,144.12,142.9,143.5,8500
GOLD1,2009-05-29 00:00:00+05:30,145.0,145.1,143.4,144.31,19690
GOLD1,2009-06-01 00:00:00+05:30,143.51,148.0,143.51,147.4,23010
GOLD1,2009-06-02 00:00:00+05:30,146.9,147.09,145.53,146.28,13620
GOLD1,2009-06-03 00:00:00+05:30,144.11,148.5,144.11,147.24,14440
GOLD1,2009-06-04 00:00:00+05:30,146.98,148.7,145.6,147.17,9540
GOLD1,2009-06-05 00:00:00+05:30,147.1,148.42,146.73,147.42,11650
GOLD1,2009-06-08 00:00:00+05:30,146.5,146.7,143.5,144.69,28560
GOLD1,2009-06-09 00:00:00+05:30,140.1,145.5,140.1,144.45,7670
GOLD1,2009-06-10 00:00:00+05:30,145.6,145.6,144.12,144.99,12200
GOLD1,2009-06-11 00:00:00+05:30,145.9,145.9,145.01,145.48,11170
GOLD1,2009-06-12 00:00:00+05:30,145.1,145.49,143.5,144.44,9890
GOLD1,2009-06-15 00:00:00+05:30,144.44,144.7,141.11,143.04,21300
GOLD1,2009-06-16 00:00:00+05:30,143.3,144.8,141.5,143.68,15690
GOLD1,2009-06-17 00:00:00+05:30,143.5,144.0,142.92,143.41,11470
GOLD1,2009-06-18 00:00:00+05:30,143.3,146.75,143.3,144.16,5770
GOLD1,2009-06-19 00:00:00+05:30,145.0,145.0,143.01,143.71,4520
GOLD1,2009-06-22 00:00:00+05:30,141.21,146.2,141.21,143.86,16600
GOLD1,2009-06-23 00:00:00+05:30,143.79,143.8,143.11,143.6,14780
GOLD1,2009-06-24 00:00:00+05:30,143.6,143.99,143.1,143.7,14540
GOLD1,2009-06-25 00:00:00+05:30,143.3,145.99,143.3,145.79,15920
GOLD1,2009-06-26 00:00:00+05:30,142.0,146.5,142.0,145.7,4300
GOLD1,2009-06-29 00:00:00+05:30,144.7,145.1,144.0,144.82,5730
GOLD1,2009-06-30 00:00:00+05:30,142.61,145.45,142.61,144.62,8820
GOLD1,2009-07-01 00:00:00+05:30,144.24,144.24,142.81,143.45,3670
GOLD1,2009-07-02 00:00:00+05:30,144.7,144.7,143.0,143.56,5760
GOLD1,2009-07-03 00:00:00+05:30,144.11,144.7,143.4,143.44,15090
GOLD1,2009-07-06 00:00:00+05:30,144.1,144.76,142.5,143.67,9200
GOLD1,2009-07-07 00:00:00+05:30,116.0,144.87,116.0,144.19,38760
GOLD1,2009-07-08 00:00:00+05:30,145.0,145.74,144.31,145.1,17030
GOLD1,2009-07-09 00:00:00+05:30,145.0,145.0,143.0,144.38,14310
GOLD1,2009-07-10 00:00:00+05:30,144.34,144.34,142.76,143.09,15630
GOLD1,2009-07-13 00:00:00+05:30,144.8,145.3,143.65,144.49,14980
GOLD1,2009-07-14 00:00:00+05:30,145.78,145.78,144.7,145.03,5930
GOLD1,2009-07-15 00:00:00+05:30,145.09,146.5,145.09,145.55,15900
GOLD1,2009-07-16 00:00:00+05:30,146.0,147.79,146.0,146.79,6380
GOLD1,2009-07-17 00:00:00+05:30,147.0,147.59,146.5,147.19,6000
GOLD1,2009-07-20 00:00:00+05:30,147.9,147.9,146.11,147.01,18210
GOLD1,2009-07-21 00:00:00+05:30,147.5,147.85,147.0,147.22,5200
GOLD1,2009-07-22 00:00:00+05:30,147.5,147.99,147.0,147.17,15380
GOLD1,2009-07-23 00:00:00+05:30,147.6,148.4,147.21,148.05,12460
GOLD1,2009-07-24 00:00:00+05:30,148.89,148.89,147.4,147.82,11550
GOLD1,2009-07-27 00:00:00+05:30,147.5,149.05,147.5,148.97,5720
GOLD1,2009-07-28 00:00:00+05:30,148.23,149.0,147.72,148.82,15730
GOLD1,2009-07-29 00:00:00+05:30,147.5,148.3,146.0,146.33,20820
GOLD1,2009-07-30 00:00:00+05:30,146.4,146.4,145.1,145.16,8400
GOLD1,2009-07-31 00:00:00+05:30,146.49,146.49,145.2,146.15,6470
GOLD1,2009-08-03 00:00:00+05:30,148.0,149.4,146.23,146.72,36420
GOLD1,2009-08-04 00:00:00+05:30,147.98,147.98,145.22,147.01,11860
GOLD1,2009-08-05 00:00:00+05:30,147.01,148.89,147.01,147.73,3980
GOLD1,2009-08-06 00:00:00+05:30,148.0,148.0,147.2,147.52,1610
GOLD1,2009-08-07 00:00:00+05:30,148.89,148.89,147.6,148.34,11780
GOLD1,2009-08-10 00:00:00+05:30,148.34,148.34,146.11,146.77,12820
GOLD1,2009-08-11 00:00:00+05:30,146.3,146.99,146.16,146.37,6430
GOLD1,2009-08-12 00:00:00+05:30,147.6,147.6,146.5,146.79,7420
GOLD1,2009-08-13 00:00:00+05:30,147.5,147.6,146.5,147.41,3780
GOLD1,2009-08-14 00:00:00+05:30,147.4,148.5,147.4,148.03,4110
GOLD1,2009-08-17 00:00:00+05:30,148.78,148.78,146.7,147.57,14420
GOLD1,2009-08-18 00:00:00+05:30,147.57,148.4,145.61,147.52,10080
GOLD1,2009-08-19 00:00:00+05:30,148.44,148.5,147.06,147.42,16330
GOLD1,2009-08-20 00:00:00+05:30,148.49,148.49,147.5,147.82,3660
GOLD1,2009-08-21 00:00:00+05:30,148.0,148.0,147.22,147.74,4220
GOLD1,2009-08-24 00:00:00+05:30,148.49,149.0,148.2,148.99,6260
GOLD1,2009-08-25 00:00:00+05:30,149.0,149.25,148.2,148.47,7030
GOLD1,2009-08-26 00:00:00+05:30,148.54,149.4,148.54,149.2,20560
GOLD1,2009-08-27 00:00:00+05:30,149.9,149.9,148.5,148.8,7390
GOLD1,2009-08-28 00:00:00+05:30,150.98,150.98,147.4,149.42,7590
GOLD1,2009-08-31 00:00:00+05:30,150.8,150.8,149.5,149.63,11540
GOLD1,2009-09-01 00:00:00+05:30,149.7,150.0,149.2,149.67,36790
GOLD1,2009-09-02 00:00:00+05:30,150.0,151.0,150.0,150.72,15500
GOLD1,2009-09-03 00:00:00+05:30,153.7,154.5,152.11,153.9,37260
GOLD1,2009-09-04 00:00:00+05:30,154.5,156.5,154.5,155.46,37250
GOLD1,2009-09-07 00:00:00+05:30,154.5,156.97,154.5,155.71,42550
GOLD1,2009-09-08 00:00:00+05:30,156.01,157.65,155.8,156.45,76990
GOLD1,2009-09-09 00:00:00+05:30,157.2,157.8,155.5,156.09,33390
GOLD1,2009-09-10 00:00:00+05:30,157.48,157.48,153.6,154.13,39390
GOLD1,2009-09-11 00:00:00+05:30,155.99,156.4,155.3,155.71,23640
GOLD1,2009-09-14 00:00:00+05:30,157.0,158.49,155.5,156.07,29290
GOLD1,2009-09-15 00:00:00+05:30,156.2,156.49,155.8,156.23,30070
GOLD1,2009-09-16 00:00:00+05:30,156.41,158.7,156.41,158.18,32820
GOLD1,2009-09-17 00:00:00+05:30,158.0,158.49,157.0,158.2,34700
GOLD1,2009-09-18 00:00:00+05:30,158.88,158.88,156.52,156.93,37280
GOLD1,2009-09-22 00:00:00+05:30,156.5,157.82,155.3,156.91,86430
GOLD1,2009-09-23 00:00:00+05:30,157.0,157.48,156.2,157.14,32180
GOLD1,2009-09-24 00:00:00+05:30,157.1,157.1,156.1,156.67,11780
GOLD1,2009-09-25 00:00:00+05:30,156.0,156.0,153.8,154.49,18170
GOLD1,2009-09-29 00:00:00+05:30,154.49,155.48,153.24,153.64,210710
GOLD1,2009-09-30 00:00:00+05:30,153.7,155.5,153.7,154.42,21820
GOLD1,2009-10-01 00:00:00+05:30,154.46,155.86,154.46,154.82,13090
GOLD1,2009-10-05 00:00:00+05:30,154.5,155.0,153.5,153.87,250820
GOLD1,2009-10-06 00:00:00+05:30,155.92,155.92,154.3,154.69,14630
GOLD1,2009-10-07 00:00:00+05:30,155.99,158.0,155.99,157.35,39300
GOLD1,2009-10-08 00:00:00+05:30,157.35,157.99,156.25,157.13,19410
GOLD1,2009-10-09 00:00:00+05:30,157.8,157.8,155.6,156.54,12340
GOLD1,2009-10-12 00:00:00+05:30,157.98,157.98,157.0,157.57,45450
GOLD1,2009-10-14 00:00:00+05:30,159.99,159.99,157.7,158.08,36130
GOLD1,2009-10-15 00:00:00+05:30,158.0,158.08,155.5,155.99,105990
GOLD1,2009-10-16 00:00:00+05:30,156.79,157.0,155.51,156.08,21340
GOLD1,2009-10-17 00:00:00+05:30,170.0,170.0,156.5,157.21,28010
GOLD1,2009-10-20 00:00:00+05:30,159.8,159.8,157.3,157.94,22440
GOLD1,2009-10-21 00:00:00+05:30,157.94,157.94,156.51,157.18,10870
GOLD1,2009-10-22 00:00:00+05:30,159.0,159.0,157.5,157.7,7540
GOLD1,2009-10-23 00:00:00+05:30,158.0,158.9,157.3,157.85,12390
GOLD1,2009-10-26 00:00:00+05:30,157.0,158.9,157.0,157.93,26740
GOLD1,2009-10-27 00:00:00+05:30,157.5,157.8,156.3,156.75,239510
GOLD1,2009-10-28 00:00:00+05:30,157.8,157.8,156.33,157.14,15390
GOLD1,2009-10-29 00:00:00+05:30,156.51,157.4,156.51,157.11,7830
GOLD1,2009-10-30 00:00:00+05:30,157.2,157.65,156.55,157.06,15750
GOLD1,2009-11-03 00:00:00+05:30,157.81,159.5,157.81,159.17,26280
GOLD1,2009-11-04 00:00:00+05:30,161.0,164.4,160.3,163.2,47100
GOLD1,2009-11-05 00:00:00+05:30,163.99,164.7,163.1,164.04,29860
GOLD1,2009-11-06 00:00:00+05:30,164.7,164.98,163.5,164.05,17180
GOLD1,2009-11-09 00:00:00+05:30,165.0,166.0,164.8,165.15,27480
GOLD1,2009-11-10 00:00:00+05:30,165.15,165.89,163.8,164.39,31480
GOLD1,2009-11-11 00:00:00+05:30,167.4,167.4,165.4,166.17,45340
GOLD1,2009-11-12 00:00:00+05:30,167.5,167.5,166.51,167.06,74520
GOLD1,2009-11-13 00:00:00+05:30,166.51,167.0,165.0,165.46,73790
GOLD1,2009-11-16 00:00:00+05:30,167.3,167.7,166.5,167.18,57160
GOLD1,2009-11-17 00:00:00+05:30,177.3,177.3,167.7,168.46,63680
GOLD1,2009-11-18 00:00:00+05:30,169.5,170.5,168.65,169.98,29680
GOLD1,2009-11-19 00:00:00+05:30,171.0,171.0,169.5,169.71,91720
GOLD1,2009-11-20 00:00:00+05:30,170.8,171.2,170.0,171.02,20920
GOLD1,2009-11-23 00:00:00+05:30,173.0,174.5,172.61,174.02,38720
GOLD1,2009-11-24 00:00:00+05:30,174.5,176.0,173.9,174.42,99940
GOLD1,2009-11-25 00:00:00+05:30,175.01,175.48,174.8,175.12,118230
GOLD1,2009-11-26 00:00:00+05:30,179.98,179.98,176.0,176.93,96480
GOLD1,2009-11-27 00:00:00+05:30,179.0,179.0,171.0,174.2,75840
GOLD1,2009-11-30 00:00:00+05:30,177.98,177.98,173.61,174.16,57480
GOLD1,2009-12-01 00:00:00+05:30,175.03,177.9,175.0,176.86,22230
GOLD1,2009-12-02 00:00:00+05:30,178.0,180.4,178.0,179.92,50990
GOLD1,2009-12-03 00:00:00+05:30,183.8,183.8,173.7,180.2,80820
GOLD1,2009-12-04 00:00:00+05:30,179.98,179.98,178.0,178.26,82880
GOLD1,2009-12-07 00:00:00+05:30,176.98,176.98,170.01,170.91,102320
GOLD1,2009-12-08 00:00:00+05:30,171.6,174.0,171.6,173.55,31530
GOLD1,2009-12-09 00:00:00+05:30,168.6,172.0,168.6,170.02,129120
GOLD1,2009-12-10 00:00:00+05:30,169.0,169.8,168.5,168.81,70100
GOLD1,2009-12-11 00:00:00+05:30,169.5,170.0,169.01,169.98,39660
GOLD1,2009-12-14 00:00:00+05:30,169.48,169.48,168.0,168.18,112960
GOLD1,2009-12-15 00:00:00+05:30,169.0,169.6,167.0,167.38,62290
GOLD1,2009-12-16 00:00:00+05:30,168.57,169.0,167.62,168.84,53160
GOLD1,2009-12-17 00:00:00+05:30,169.0,169.8,168.11,168.75,32160
GOLD1,2009-12-18 00:00:00+05:30,168.38,168.38,166.0,166.26,62650
GOLD1,2009-12-21 00:00:00+05:30,168.98,168.98,166.3,166.82,24950
GOLD1,2009-12-22 00:00:00+05:30,165.9,166.0,162.3,164.63,59880
GOLD1,2009-12-23 00:00:00+05:30,164.3,164.3,162.8,163.01,119440
GOLD1,2009-12-24 00:00:00+05:30,166.0,166.0,163.81,165.4,39040
GOLD1,2009-12-29 00:00:00+05:30,165.9,166.0,165.2,165.37,63250
GOLD1,2009-12-30 00:00:00+05:30,165.4,165.4,162.3,163.69,200910
GOLD1,2009-12-31 00:00:00+05:30,164.8,164.9,164.0,164.75,46320
GOLD1,2010-01-04 00:00:00+05:30,165.4,166.89,163.5,164.98,49070
GOLD1,2010-01-05 00:00:00+05:30,167.6,167.6,166.0,166.54,35950
GOLD1,2010-01-06 00:00:00+05:30,166.8,166.8,165.5,165.94,114020
GOLD1,2010-01-07 00:00:00+05:30,166.0,166.79,165.6,165.96,74230
GOLD1,2010-01-08 00:00:00+05:30,165.8,165.8,164.6,164.91,78740
GOLD1,2010-01-11 00:00:00+05:30,168.0,170.0,166.3,167.59,62590
GOLD1,2010-01-12 00:00:00+05:30,167.98,168.3,167.59,167.88,31340
GOLD1,2010-01-13 00:00:00+05:30,166.5,166.5,164.9,165.59,62030
GOLD1,2010-01-14 00:00:00+05:30,167.4,167.4,165.57,165.82,18890
GOLD1,2010-01-15 00:00:00+05:30,167.04,167.04,165.82,166.04,19310
GOLD1,2010-01-18 00:00:00+05:30,167.3,167.3,165.66,165.85,28330
GOLD1,2010-01-19 00:00:00+05:30,166.5,166.5,166.0,166.09,24130
GOLD1,2010-01-20 00:00:00+05:30,166.59,166.7,165.81,166.37,52530
GOLD1,2010-01-21 00:00:00+05:30,165.8,165.8,163.0,163.56,63680
GOLD1,2010-01-22 00:00:00+05:30,162.7,162.85,161.32,161.98,64890
GOLD1,2010-01-25 00:00:00+05:30,163.78,163.78,162.5,162.84,34470
GOLD1,2010-01-27 00:00:00+05:30,163.0,163.88,161.62,162.29,28730
GOLD1,2010-01-28 00:00:00+05:30,162.5,162.5,161.2,161.67,25630
GOLD1,2010-01-29 00:00:00+05:30,161.5,161.68,160.03,161.06,42330
GOLD1,2010-02-01 00:00:00+05:30,161.06,162.0,160.01,161.21,26220
GOLD1,2010-02-02 00:00:00+05:30,163.4,164.3,162.51,164.02,16840
GOLD1,2010-02-03 00:00:00+05:30,165.02,165.02,164.0,164.59,16920
GOLD1,2010-02-04 00:00:00+05:30,165.0,165.0,162.6,162.82,31820
GOLD1,2010-02-05 00:00:00+05:30,160.0,160.99,157.5,157.67,127420
GOLD1,2010-02-06 00:00:00+05:30,161.3,161.48,159.0,160.34,30050
GOLD1,2010-02-08 00:00:00+05:30,161.0,161.48,159.11,160.3,42400
GOLD1,2010-02-09 00:00:00+05:30,161.0,161.0,159.7,159.82,39800
GOLD1,2010-02-10 00:00:00+05:30,160.7,160.8,159.63,160.34,29450
GOLD1,2010-02-11 00:00:00+05:30,160.5,160.8,160.21,160.5,16260
GOLD1,2010-02-15 00:00:00+05:30,161.2,162.4,161.2,162.13,16200
GOLD1,2010-02-16 00:00:00+05:30,163.5,164.49,162.89,164.28,19960
GOLD1,2010-02-17 00:00:00+05:30,163.11,164.96,163.03,164.59,181530
GOLD1,2010-02-18 00:00:00+05:30,163.7,163.7,162.62,162.95,11140
GOLD1,2010-02-19 00:00:00+05:30,163.0,164.7,163.0,163.63,17480
GOLD1,2010-02-22 00:00:00+05:30,165.05,165.75,164.63,164.82,19950
GOLD1,2010-02-23 00:00:00+05:30,163.8,164.8,163.71,164.46,10030
GOLD1,2010-02-24 00:00:00+05:30,164.0,164.2,161.8,162.11,36380
GOLD1,2010-02-25 00:00:00+05:30,162.5,162.79,161.6,161.94,17050
GOLD1,2010-02-26 00:00:00+05:30,163.02,164.7,163.02,164.48,32650
GOLD1,2010-03-02 00:00:00+05:30,166.5,166.5,164.32,165.16,14510
GOLD1,2010-03-03 00:00:00+05:30,166.5,167.5,166.1,167.16,34770
GOLD1,2010-03-04 00:00:00+05:30,167.0,167.5,166.6,166.75,27460
GOLD1,2010-03-05 00:00:00+05:30,167.0,167.25,165.3,166.87,15020
GOLD1,2010-03-08 00:00:00+05:30,166.9,166.9,165.58,166.41,14800
GOLD1,2010-03-09 00:00:00+05:30,165.0,165.5,164.1,164.35,26200
GOLD1,2010-03-10 00:00:00+05:30,164.35,165.0,164.02,164.51,21650
GOLD1,2010-03-11 00:00:00+05:30,163.48,163.48,162.1,162.74,34680
GOLD1,2010-03-12 00:00:00+05:30,163.0,164.0,162.61,163.65,13610
GOLD1,2010-03-15 00:00:00+05:30,162.99,162.99,162.0,162.2,89980
GOLD1,2010-03-16 00:00:00+05:30,162.5,164.4,162.5,163.58,16130
GOLD1,2010-03-17 00:00:00+05:30,164.01,165.15,164.01,164.58,17670
GOLD1,2010-03-18 00:00:00+05:30,164.5,164.82,163.87,164.51,9460
GOLD1,2010-03-19 00:00:00+05:30,164.7,164.8,164.11,164.28,6770
GOLD1,2010-03-22 00:00:00+05:30,163.7,163.7,161.6,162.07,46780
GOLD1,2010-03-23 00:00:00+05:30,162.5,162.8,161.7,161.86,25990
GOLD1,2010-03-25 00:00:00+05:30,160.95,160.98,159.8,160.53,60390
GOLD1,2010-03-26 00:00:00+05:30,159.62,160.75,159.11,160.29,30870
GOLD1,2010-03-29 00:00:00+05:30,160.2,161.8,160.0,160.82,64280
GOLD1,2010-03-30 00:00:00+05:30,161.0,161.98,159.01,161.0,13340
GOLD1,2010-03-31 00:00:00+05:30,161.0,161.0,160.26,160.69,14110
GOLD1,2010-04-01 00:00:00+05:30,161.76,161.79,160.7,161.1,41850
GOLD1,2010-04-05 00:00:00+05:30,163.0,163.2,161.55,161.71,36630
GOLD1,2010-04-06 00:00:00+05:30,162.0,162.0,160.61,161.15,36390
GOLD1,2010-04-07 00:00:00+05:30,161.5,162.5,161.29,162.18,29430
GOLD1,2010-04-08 00:00:00+05:30,162.8,164.5,162.8,163.99,21440
GOLD1,2010-04-09 00:00:00+05:30,164.5,164.5,163.8,164.19,6340
GOLD1,2010-04-12 00:00:00+05:30,165.0,166.14,164.8,165.96,68120
GOLD1,2010-04-13 00:00:00+05:30,165.9,165.98,164.11,164.83,83890
GOLD1,2010-04-15 00:00:00+05:30,165.0,165.2,163.51,164.52,20840
GOLD1,2010-04-16 00:00:00+05:30,165.1,165.1,164.8,164.9,13210
GOLD1,2010-04-19 00:00:00+05:30,164.4,164.4,161.7,162.07,29660
GOLD1,2010-04-20 00:00:00+05:30,164.29,164.29,162.5,163.29,14720
GOLD1,2010-04-21 00:00:00+05:30,164.22,164.22,162.85,163.41,14590
GOLD1,2010-04-22 00:00:00+05:30,164.2,164.22,163.32,163.96,17870
GOLD1,2010-04-23 00:00:00+05:30,164.0,164.0,163.0,163.1,16150
GOLD1,2010-04-26 00:00:00+05:30,165.98,165.98,164.03,164.28,22830
GOLD1,2010-04-27 00:00:00+05:30,164.4,165.0,164.06,164.68,33320
GOLD1,2010-04-28 00:00:00+05:30,164.9,166.9,164.9,166.15,46090
GOLD1,2010-04-29 00:00:00+05:30,165.13,166.9,165.13,166.09,18100
GOLD1,2010-04-30 00:00:00+05:30,166.51,167.2,166.51,167.1,43390
GOLD1,2010-05-03 00:00:00+05:30,168.0,168.3,167.2,167.91,32060
GOLD1,2010-05-04 00:00:00+05:30,168.98,170.0,168.0,169.01,24480
GOLD1,2010-05-05 00:00:00+05:30,169.48,169.48,167.11,167.54,22500
GOLD1,2010-05-06 00:00:00+05:30,168.14,169.9,168.14,169.68,45960
GOLD1,2010-05-07 00:00:00+05:30,172.0,175.0,172.0,173.59,97930
GOLD1,2010-05-10 00:00:00+05:30,174.01,174.4,169.41,170.19,48970
GOLD1,2010-05-11 00:00:00+05:30,170.5,174.25,170.5,173.93,176590
GOLD1,2010-05-12 00:00:00+05:30,174.53,177.99,174.53,177.74,207850
GOLD1,2010-05-13 00:00:00+05:30,177.8,177.98,176.25,176.88,33150
GOLD1,2010-05-14 00:00:00+05:30,177.4,179.5,175.11,178.9,162390
GOLD1,2010-05-16 00:00:00+05:30,181.0,181.5,178.5,179.36,796810
GOLD1,2010-05-17 00:00:00+05:30,179.5,179.97,178.0,178.72,71540
GOLD1,2010-05-18 00:00:00+05:30,178.6,178.6,176.5,177.29,71430
GOLD1,2010-05-19 00:00:00+05:30,177.29,179.21,176.13,178.53,71070
GOLD1,2010-05-20 00:00:00+05:30,178.53,178.53,176.4,176.54,22350
GOLD1,2010-05-21 00:00:00+05:30,176.54,177.19,175.11,176.79,39250
GOLD1,2010-05-24 00:00:00+05:30,175.7,178.0,175.7,177.63,33190
GOLD1,2010-05-25 00:00:00+05:30,177.11,179.8,176.11,179.55,38810
GOLD1,2010-05-26 00:00:00+05:30,182.2,183.98,180.11,182.17,201750
GOLD1,2010-05-27 00:00:00+05:30,182.98,182.98,180.55,182.04,32870
GOLD1,2010-05-28 00:00:00+05:30,181.9,181.9,179.5,180.59,66110
GOLD1,2010-05-31 00:00:00+05:30,180.7,181.29,180.0,180.47,82530
GOLD1,2010-06-01 00:00:00+05:30,180.02,183.38,180.02,182.92,45320
GOLD1,2010-06-02 00:00:00+05:30,183.5,184.2,182.11,183.39,83230
GOLD1,2010-06-03 00:00:00+05:30,183.1,183.5,181.21,181.4,145720
GOLD1,2010-06-04 00:00:00+05:30,181.0,181.0,179.6,179.78,48570
GOLD1,2010-06-07 00:00:00+05:30,181.6,184.9,181.6,183.52,50810
GOLD1,2010-06-08 00:00:00+05:30,185.0,208.0,184.32,187.65,95860
GOLD1,2010-06-09 00:00:00+05:30,185.1,187.6,184.11,185.65,87650
GOLD1,2010-06-10 00:00:00+05:30,185.0,185.5,183.5,183.89,34860
GOLD1,2010-06-11 00:00:00+05:30,183.5,183.93,182.3,183.19,33550
GOLD1,2010-06-14 00:00:00+05:30,183.51,184.79,183.1,183.35,17630
GOLD1,2010-06-15 00:00:00+05:30,183.1,183.29,181.83,182.07,28840
GOLD1,2010-06-16 00:00:00+05:30,182.5,183.85,182.5,183.07,18990
GOLD1,2010-06-17 00:00:00+05:30,183.98,183.98,183.1,183.78,11940
GOLD1,2010-06-18 00:00:00+05:30,183.9,185.28,183.51,183.98,14210
GOLD1,2010-06-21 00:00:00+05:30,185.0,185.0,183.42,184.1,26500
GOLD1,2010-06-22 00:00:00+05:30,183.6,183.6,182.0,182.43,30760
GOLD1,2010-06-23 00:00:00+05:30,182.9,185.0,182.7,184.16,23250
GOLD1,2010-06-24 00:00:00+05:30,184.0,184.0,182.61,183.26,27500
GOLD1,2010-06-25 00:00:00+05:30,183.3,185.4,183.3,184.84,24410
GOLD1,2010-06-28 00:00:00+05:30,185.8,185.8,184.05,184.22,65670
GOLD1,2010-06-29 00:00:00+05:30,185.0,185.0,183.5,184.24,13460
GOLD1,2010-06-30 00:00:00+05:30,184.1,185.0,184.0,184.32,18790
GOLD1,2010-07-01 00:00:00+05:30,184.1,185.46,184.1,184.71,13490
GOLD1,2010-07-02 00:00:00+05:30,183.5,183.5,180.31,181.24,60440
GOLD1,2010-07-05 00:00:00+05:30,182.9,182.9,181.0,181.4,15030
GOLD1,2010-07-06 00:00:00+05:30,181.4,182.48,180.9,181.84,68190
GOLD1,2010-07-07 00:00:00+05:30,181.4,181.4,179.22,179.75,44270
GOLD1,2010-07-08 00:00:00+05:30,181.98,181.98,180.5,181.01,19390
GOLD1,2010-07-09 00:00:00+05:30,181.0,181.0,179.03,179.28,40830
GOLD1,2010-07-12 00:00:00+05:30,181.7,181.7,179.9,180.72,12820
GOLD1,2010-07-13 00:00:00+05:30,180.5,181.2,179.5,180.82,18920
GOLD1,2010-07-14 00:00:00+05:30,181.2,181.6,180.4,181.22,22730
GOLD1,2010-07-15 00:00:00+05:30,181.3,181.59,180.75,180.99,12910
GOLD1,2010-07-16 00:00:00+05:30,180.5,181.4,180.4,180.54,19130
GOLD1,2010-07-19 00:00:00+05:30,180.54,180.54,179.03,179.44,32210
GOLD1,2010-07-20 00:00:00+05:30,179.98,179.98,178.5,178.74,141840
GOLD1,2010-07-21 00:00:00+05:30,179.5,180.5,179.5,180.32,89810
GOLD1,2010-07-22 00:00:00+05:30,180.2,180.2,178.7,179.17,122970
GOLD1,2010-07-23 00:00:00+05:30,180.49,180.5,179.5,179.62,80390
GOLD1,2010-07-26 00:00:00+05:30,179.9,179.99,179.0,179.09,136220
GOLD1,2010-07-27 00:00:00+05:30,178.9,178.9,177.15,177.21,169810
GOLD1,2010-07-28 00:00:00+05:30,176.51,176.51,173.9,174.18,315850
GOLD1,2010-07-29 00:00:00+05:30,175.0,175.49,174.2,174.66,181360
GOLD1,2010-07-30 00:00:00+05:30,175.5,175.53,174.25,174.79,156300
GOLD1,2010-08-02 00:00:00+05:30,176.48,176.48,174.53,174.8,64370
GOLD1,2010-08-03 00:00:00+05:30,175.5,175.7,174.8,175.18,98050
GOLD1,2010-08-04 00:00:00+05:30,175.6,177.1,175.6,176.77,48970
GOLD1,2010-08-05 00:00:00+05:30,177.6,177.6,176.5,176.94,38550
GOLD1,2010-08-06 00:00:00+05:30,177.3,177.3,176.31,176.48,35040
GOLD1,2010-08-09 00:00:00+05:30,176.5,178.5,176.5,178.19,124960
GOLD1,2010-08-10 00:00:00+05:30,178.2,178.2,177.41,177.62,18690
GOLD1,2010-08-11 00:00:00+05:30,178.2,179.0,178.04,178.52,34230
GOLD1,2010-08-12 00:00:00+05:30,178.2,180.0,178.2,179.51,41910
GOLD1,2010-08-13 00:00:00+05:30,180.11,181.97,180.11,181.72,70040
GOLD1,2010-08-16 00:00:00+05:30,182.98,182.98,181.3,182.18,145710
GOLD1,2010-08-17 00:00:00+05:30,182.41,182.98,182.05,182.24,22520
GOLD1,2010-08-18 00:00:00+05:30,182.9,182.9,182.0,182.29,120060
GOLD1,2010-08-19 00:00:00+05:30,182.5,182.87,182.23,182.34,13830
GOLD1,2010-08-20 00:00:00+05:30,182.6,183.4,182.6,183.23,16240
GOLD1,2010-08-23 00:00:00+05:30,183.5,183.6,182.1,183.17,23600
GOLD1,2010-08-24 00:00:00+05:30,183.0,183.0,182.32,182.78,18520
GOLD1,2010-08-25 00:00:00+05:30,184.0,184.7,183.61,184.49,146790
GOLD1,2010-08-26 00:00:00+05:30,184.6,185.9,184.5,185.43,35400
GOLD1,2010-08-27 00:00:00+05:30,185.54,185.54,184.71,184.94,19210
GOLD1,2010-08-30 00:00:00+05:30,185.1,185.47,184.5,185.1,52970
GOLD1,2010-08-31 00:00:00+05:30,185.49,186.0,185.2,185.54,125630
GOLD1,2010-09-01 00:00:00+05:30,186.5,187.4,186.3,186.66,88790
GOLD1,2010-09-02 00:00:00+05:30,186.9,186.9,186.0,186.21,89760
GOLD1,2010-09-03 00:00:00+05:30,186.5,187.4,186.22,186.94,22090
GOLD1,2010-09-06 00:00:00+05:30,186.7,186.89,185.25,185.68,32570
GOLD1,2010-09-07 00:00:00+05:30,186.1,186.69,185.78,186.44,26320
GOLD1,2010-09-08 00:00:00+05:30,186.6,187.9,186.6,187.74,24540
GOLD1,2010-09-09 00:00:00+05:30,187.0,187.38,186.3,186.6,47960
GOLD1,2010-09-13 00:00:00+05:30,185.89,185.9,184.0,184.26,109090
GOLD1,2010-09-14 00:00:00+05:30,184.11,185.94,184.11,185.68,86630
GOLD1,2010-09-15 00:00:00+05:30,186.5,187.99,186.5,187.9,78800
GOLD1,2010-09-16 00:00:00+05:30,188.48,188.48,186.5,187.09,59360
GOLD1,2010-09-17 00:00:00+05:30,187.11,188.29,187.11,187.31,77020
GOLD1,2010-09-20 00:00:00+05:30,189.79,189.8,186.5,186.7,107550
GOLD1,2010-09-21 00:00:00+05:30,187.4,187.4,185.8,186.6,67650
GOLD1,2010-09-22 00:00:00+05:30,187.4,187.99,186.75,187.07,355050
GOLD1,2010-09-23 00:00:00+05:30,187.5,188.47,187.5,188.04,89010
GOLD1,2010-09-24 00:00:00+05:30,187.99,188.0,187.5,187.71,42710
GOLD1,2010-09-27 00:00:00+05:30,187.3,187.7,186.54,186.79,52050
GOLD1,2010-09-28 00:00:00+05:30,186.79,187.37,186.0,186.05,39330
GOLD1,2010-09-29 00:00:00+05:30,186.82,187.99,186.82,187.34,20610
GOLD1,2010-09-30 00:00:00+05:30,187.5,188.0,187.1,187.87,40480
GOLD1,2010-10-01 00:00:00+05:30,188.0,188.0,186.51,186.93,82880
GOLD1,2010-10-04 00:00:00+05:30,187.5,187.8,186.2,187.08,87450
GOLD1,2010-10-05 00:00:00+05:30,187.2,188.66,186.85,188.47,50790
GOLD1,2010-10-06 00:00:00+05:30,191.46,191.46,189.17,190.59,144360
GOLD1,2010-10-07 00:00:00+05:30,190.67,191.8,190.67,191.4,101980
GOLD1,2010-10-08 00:00:00+05:30,190.98,190.98,188.3,188.41,144750
GOLD1,2010-10-11 00:00:00+05:30,191.98,191.98,190.11,190.81,95940
GOLD1,2010-10-12 00:00:00+05:30,191.0,192.0,190.0,191.6,33790
GOLD1,2010-10-13 00:00:00+05:30,192.01,192.9,191.4,192.54,39220
GOLD1,2010-10-14 00:00:00+05:30,192.99,195.0,192.99,194.6,46660
GOLD1,2010-10-15 00:00:00+05:30,194.5,194.5,192.57,193.13,42120
GOLD1,2010-10-18 00:00:00+05:30,192.8,192.8,191.3,191.91,40230
GOLD1,2010-10-19 00:00:00+05:30,191.91,193.5,191.9,193.26,25010
GOLD1,2010-10-20 00:00:00+05:30,191.98,191.98,188.9,189.62,225850
GOLD1,2010-10-21 00:00:00+05:30,190.4,191.0,190.04,190.51,27070
GOLD1,2010-10-22 00:00:00+05:30,191.0,191.0,187.84,188.89,55090
GOLD1,2010-10-25 00:00:00+05:30,190.5,190.5,189.43,189.72,32870
GOLD1,2010-10-26 00:00:00+05:30,195.1,195.1,189.01,189.28,196200
GOLD1,2010-10-27 00:00:00+05:30,189.8,189.96,188.78,188.94,188610
GOLD1,2010-10-28 00:00:00+05:30,188.94,188.94,187.8,188.07,178310
GOLD1,2010-10-29 00:00:00+05:30,188.7,190.67,188.7,189.34,175020
GOLD1,2010-11-01 00:00:00+05:30,194.0,194.8,190.41,192.66,192890
GOLD1,2010-11-02 00:00:00+05:30,192.66,192.66,191.7,191.96,39780
GOLD1,2010-11-03 00:00:00+05:30,191.9,192.49,191.03,191.54,300450
GOLD1,2010-11-04 00:00:00+05:30,192.0,193.4,191.0,191.97,330360
GOLD1,2010-11-05 00:00:00+05:30,193.0,197.0,193.0,194.26,202250
GOLD1,2010-11-08 00:00:00+05:30,193.98,195.8,193.98,194.57,135760
GOLD1,2010-11-09 00:00:00+05:30,195.6,199.5,195.6,198.76,440740
GOLD1,2010-11-10 00:00:00+05:30,198.0,198.45,196.42,198.13,284500
GOLD1,2010-11-11 00:00:00+05:30,201.0,201.0,197.5,198.48,95380
GOLD1,2010-11-12 00:00:00+05:30,198.48,198.48,196.3,196.54,55390
GOLD1,2010-11-15 00:00:00+05:30,191.1,196.98,191.1,195.96,347800
GOLD1,2010-11-16 00:00:00+05:30,196.0,196.0,194.81,195.74,30460
GOLD1,2010-11-18 00:00:00+05:30,195.74,195.98,195.0,195.68,39880
GOLD1,2010-11-19 00:00:00+05:30,195.6,196.0,195.03,195.57,33010
GOLD1,2010-11-22 00:00:00+05:30,196.0,196.49,195.5,195.99,22760
GOLD1,2010-11-23 00:00:00+05:30,196.59,198.04,196.59,197.93,296160
GOLD1,2010-11-24 00:00:00+05:30,198.35,199.5,198.35,199.03,41600
GOLD1,2010-11-25 00:00:00+05:30,199.0,199.0,197.51,198.09,36360
GOLD1,2010-11-26 00:00:00+05:30,197.5,199.0,197.01,198.63,51510
GOLD1,2010-11-29 00:00:00+05:30,198.9,199.0,198.0,198.87,41780
GOLD1,2010-11-30 00:00:00+05:30,199.0,199.6,198.03,199.48,32820
GOLD1,2010-12-01 00:00:00+05:30,200.0,202.21,200.0,201.84,34730
GOLD1,2010-12-02 00:00:00+05:30,201.5,201.78,200.01,200.32,39990
GOLD1,2010-12-03 00:00:00+05:30,200.98,200.98,199.03,199.43,54370
GOLD1,2010-12-06 00:00:00+05:30,202.0,202.5,200.7,202.31,132470
GOLD1,2010-12-07 00:00:00+05:30,207.7,207.7,202.1,202.43,31270
GOLD1,2010-12-08 00:00:00+05:30,202.4,202.4,199.1,199.4,51800
GOLD1,2010-12-09 00:00:00+05:30,199.5,199.5,198.52,199.09,29290
GOLD1,2010-12-10 00:00:00+05:30,199.6,200.96,199.2,199.34,32560
GOLD1,2010-12-13 00:00:00+05:30,199.98,200.0,199.1,199.61,23480
GOLD1,2010-12-14 00:00:00+05:30,200.0,201.49,199.84,200.76,35990
GOLD1,2010-12-15 00:00:00+05:30,200.76,201.19,199.16,200.01,375470
GOLD1,2010-12-16 00:00:00+05:30,198.11,200.28,198.11,199.6,25250
GOLD1,2010-12-20 00:00:00+05:30,199.6,200.88,199.6,199.76,44250
GOLD1,2010-12-21 00:00:00+05:30,200.0,200.78,199.3,199.55,279670
GOLD1,2010-12-22 00:00:00+05:30,200.8,200.8,199.1,199.19,20100
GOLD1,2010-12-23 00:00:00+05:30,199.19,199.98,198.11,198.49,48630
GOLD1,2010-12-24 00:00:00+05:30,199.5,199.5,198.49,198.87,24390
GOLD1,2010-12-27 00:00:00+05:30,198.87,199.88,198.5,198.82,437430
GOLD1,2010-12-28 00:00:00+05:30,200.0,200.5,199.21,200.02,44700
GOLD1,2010-12-29 00:00:00+05:30,207.27,207.27,200.37,201.43,24820
GOLD1,2010-12-30 00:00:00+05:30,201.7,202.39,201.5,201.71,15800
GOLD1,2010-12-31 00:00:00+05:30,201.7,201.7,200.6,200.81,32920
GOLD1,2015-01-01 00:00:00+05:30,24.4,24.55,24.35,24.5,58400
GOLD1,2015-01-02 00:00:00+05:30,24.0,24.7,24.0,24.4,392000
GOLD1,2015-01-05 00:00:00+05:30,24.5,24.75,24.45,24.7,389000
GOLD1,2015-01-06 00:00:00+05:30,24.75,24.95,24.75,24.95,465700
GOLD1,2015-01-07 00:00:00+05:30,25.25,25.25,24.9,24.9,238800
GOLD1,2015-01-08 00:00:00+05:30,24.85,24.85,24.5,24.6,196200
GOLD1,2015-01-09 00:00:00+05:30,24.6,24.7,24.55,24.6,285500
GOLD1,2015-01-12 00:00:00+05:30,24.6,25.0,23.1,24.75,206300
GOLD1,2015-01-13 00:00:00+05:30,24.85,25.0,24.85,24.95,230600
GOLD1,2015-01-14 00:00:00+05:30,24.85,24.95,24.7,24.9,85700
GOLD1,2015-01-15 00:00:00+05:30,24.75,24.8,24.6,24.7,208900
GOLD1,2015-01-16 00:00:00+05:30,25.05,25.35,25.0,25.3,680600
GOLD1,2015-01-19 00:00:00+05:30,25.35,25.55,25.3,25.5,391000
GOLD1,2015-01-20 00:00:00+05:30,25.4,25.8,25.35,25.75,354200
GOLD1,2015-01-21 00:00:00+05:30,25.8,25.95,25.75,25.85,427700
GOLD1,2015-01-22 00:00:00+05:30,25.5,25.85,25.5,25.65,299700
GOLD1,2015-01-23 00:00:00+05:30,25.75,25.8,25.65,25.75,385400
GOLD1,2015-01-27 00:00:00+05:30,25.5,25.55,25.3,25.5,147800
GOLD1,2015-01-28 00:00:00+05:30,25.55,25.75,25.55,25.65,232100
GOLD1,2015-01-29 00:00:00+05:30,25.6,25.65,25.5,25.5,131200
GOLD1,2015-01-30 00:00:00+05:30,25.4,25.6,25.25,25.55,132500
GOLD1,2015-02-02 00:00:00+05:30,25.6,25.8,25.6,25.65,137900
GOLD1,2015-02-03 00:00:00+05:30,25.65,25.7,25.55,25.6,198000
GOLD1,2015-02-04 00:00:00+05:30,25.4,25.4,25.25,25.35,116300
GOLD1,2015-02-05 00:00:00+05:30,25.35,25.6,25.35,25.45,248800
GOLD1,2015-02-06 00:00:00+05:30,25.35,25.55,25.3,25.5,181100
GOLD1,2015-02-09 00:00:00+05:30,25.25,25.25,24.9,25.05,129400
GOLD1,2015-02-10 00:00:00+05:30,25.05,25.2,24.95,25.0,140200
GOLD1,2015-02-11 00:00:00+05:30,25.0,25.1,24.95,25.05,86700
GOLD1,2015-02-12 00:00:00+05:30,24.95,25.0,24.8,24.9,161900
GOLD1,2015-02-13 00:00:00+05:30,24.75,24.95,24.7,24.85,268100
GOLD1,2015-02-16 00:00:00+05:30,25.0,25.1,24.85,24.95,161700
GOLD1,2015-02-18 00:00:00+05:30,24.75,24.85,24.65,24.7,322400
GOLD1,2015-02-19 00:00:00+05:30,24.85,24.85,24.65,24.7,169600
GOLD1,2015-02-20 00:00:00+05:30,24.6,24.65,24.55,24.55,93100
GOLD1,2015-02-23 00:00:00+05:30,24.6,24.65,24.35,24.35,164400
GOLD1,2015-02-24 00:00:00+05:30,24.4,24.6,19.9,24.3,838800
GOLD1,2015-02-25 00:00:00+05:30,24.6,24.6,24.35,24.35,89200
GOLD1,2015-02-26 00:00:00+05:30,24.35,24.45,24.25,24.25,155100
GOLD1,2015-02-27 00:00:00+05:30,24.35,24.4,24.1,24.15,151900
GOLD1,2015-03-02 00:00:00+05:30,24.25,24.65,24.25,24.55,537000
GOLD1,2015-03-03 00:00:00+05:30,24.2,24.4,24.15,24.25,188900
GOLD1,2015-03-04 00:00:00+05:30,24.3,24.35,24.2,24.25,153000
GOLD1,2015-03-05 00:00:00+05:30,24.25,24.45,24.25,24.4,210700
GOLD1,2015-03-09 00:00:00+05:30,24.2,24.2,23.2,24.05,319200
GOLD1,2015-03-10 00:00:00+05:30,24.0,24.0,23.8,23.95,313500
GOLD1,2015-03-11 00:00:00+05:30,24.1,24.1,23.7,23.75,134600
GOLD1,2015-03-12 00:00:00+05:30,23.5,23.9,23.5,23.8,106300
GOLD1,2015-03-13 00:00:00+05:30,23.8,23.9,23.75,23.8,150300
GOLD1,2015-03-16 00:00:00+05:30,23.9,24.15,23.75,23.8,141700
GOLD1,2015-03-17 00:00:00+05:30,24.45,24.45,23.55,23.6,176800
GOLD1,2015-03-18 00:00:00+05:30,23.6,23.7,23.45,23.5,166600
GOLD1,2015-03-19 00:00:00+05:30,23.7,23.85,23.65,23.75,533400
GOLD1,2015-03-20 00:00:00+05:30,23.75,23.9,23.7,23.75,236300
GOLD1,2015-03-23 00:00:00+05:30,23.85,24.0,23.75,23.9,182100
GOLD1,2015-03-24 00:00:00+05:30,24.0,25.5,23.8,24.0,84300
GOLD1,2015-03-25 00:00:00+05:30,23.25,24.1,23.25,24.0,139600
GOLD1,2015-03-26 00:00:00+05:30,24.2,24.7,24.05,24.55,147900
GOLD1,2015-03-27 00:00:00+05:30,24.3,24.5,23.4,24.3,169300
GOLD1,2015-03-30 00:00:00+05:30,24.4,24.4,24.0,24.05,44000
GOLD1,2015-03-31 00:00:00+05:30,24.0,24.1,23.95,24.05,104000
GOLD1,2015-04-01 00:00:00+05:30,24.05,24.2,24.0,24.1,62100
GOLD1,2015-04-06 00:00:00+05:30,24.2,24.7,24.2,24.6,147500
GOLD1,2015-04-07 00:00:00+05:30,24.5,24.65,24.45,24.5,69400
GOLD1,2015-04-08 00:00:00+05:30,24.55,24.55,24.4,24.45,83600
GOLD1,2015-04-09 00:00:00+05:30,24.25,24.35,24.1,24.2,138000
GOLD1,2015-04-10 00:00:00+05:30,24.2,24.4,24.2,24.3,111200
GOLD1,2015-04-13 00:00:00+05:30,29.5,29.5,24.25,25.5,391110
GOLD1,2015-04-15 00:00:00+05:30,25.9,26.3,24.7,24.95,145250
GOLD1,2015-04-16 00:00:00+05:30,24.95,24.95,24.7,24.8,45170
GOLD1,2015-04-17 00:00:00+05:30,23.4,24.95,23.4,24.4,96250
GOLD1,2015-04-20 00:00:00+05:30,24.45,24.95,24.45,24.65,147760
GOLD1,2015-04-21 00:00:00+05:30,24.8,25.55,24.8,25.0,1925040
GOLD1,2015-04-22 00:00:00+05:30,25.3,25.3,24.25,24.65,219270
GOLD1,2015-04-23 00:00:00+05:30,24.6,24.7,24.3,24.45,114700
GOLD1,2015-04-24 00:00:00+05:30,24.5,24.7,24.45,24.55,106820
GOLD1,2015-04-27 00:00:00+05:30,24.55,24.55,24.3,24.35,150110
GOLD1,2015-04-28 00:00:00+05:30,24.5,24.7,24.4,24.6,507060
GOLD1,2015-04-29 00:00:00+05:30,24.75,24.8,24.5,24.75,308040
GOLD1,2015-04-30 00:00:00+05:30,24.65,24.8,24.5,24.7,128290
GOLD1,2015-05-04 00:00:00+05:30,24.25,24.6,24.25,24.45,107770
GOLD1,2015-05-05 00:00:00+05:30,24.6,24.6,24.25,24.35,210920
GOLD1,2015-05-06 00:00:00+05:30,24.4,24.6,24.15,24.55,446840
GOLD1,2015-05-07 00:00:00+05:30,24.55,24.55,24.3,24.45,191570
GOLD1,2015-05-08 00:00:00+05:30,24.45,24.6,24.4,24.55,137400
GOLD1,2015-05-11 00:00:00+05:30,24.55,24.6,24.2,24.25,98150
GOLD1,2015-05-12 00:00:00+05:30,24.3,24.45,24.25,24.25,76780
GOLD1,2015-05-13 00:00:00+05:30,24.5,24.5,24.25,24.3,131550
GOLD1,2015-05-14 00:00:00+05:30,24.5,25.0,24.45,24.65,204310
GOLD1,2015-05-15 00:00:00+05:30,24.75,24.75,24.6,24.65,58220
GOLD1,2015-05-18 00:00:00+05:30,24.7,25.1,24.55,24.85,278950
GOLD1,2015-05-19 00:00:00+05:30,24.85,24.85,24.55,24.7,78500
GOLD1,2015-05-20 00:00:00+05:30,24.65,24.9,24.5,24.75,337910
GOLD1,2015-05-21 00:00:00+05:30,24.65,24.9,24.6,24.7,116000
GOLD1,2015-05-22 00:00:00+05:30,24.7,24.7,24.55,24.6,55780
GOLD1,2015-05-25 00:00:00+05:30,24.6,24.65,24.2,24.5,77420
GOLD1,2015-05-26 00:00:00+05:30,24.5,24.65,24.35,24.6,159440
GOLD1,2015-05-27 00:00:00+05:30,24.3,24.55,24.3,24.45,75290
GOLD1,2015-05-28 00:00:00+05:30,24.5,24.55,24.3,24.5,253630
GOLD1,2015-05-29 00:00:00+05:30,24.4,24.6,24.4,24.5,68690
GOLD1,2015-06-01 00:00:00+05:30,24.6,24.6,24.25,24.3,76320
GOLD1,2015-06-02 00:00:00+05:30,24.05,24.6,23.9,24.45,52280
GOLD1,2015-06-03 00:00:00+05:30,24.5,24.55,24.35,24.45,113440
GOLD1,2015-06-04 00:00:00+05:30,24.4,24.5,24.3,24.45,106100
GOLD1,2015-06-05 00:00:00+05:30,24.45,24.45,24.2,24.25,37930
GOLD1,2015-06-08 00:00:00+05:30,24.3,24.4,24.1,24.25,183430
GOLD1,2015-06-09 00:00:00+05:30,24.3,24.3,24.15,24.25,121520
GOLD1,2015-06-10 00:00:00+05:30,24.2,24.4,24.05,24.2,229540
GOLD1,2015-06-11 00:00:00+05:30,24.2,24.3,24.0,24.15,235880
GOLD1,2015-06-12 00:00:00+05:30,24.1,24.25,24.1,24.2,404080
GOLD1,2015-06-15 00:00:00+05:30,24.05,24.25,24.0,24.05,132680
GOLD1,2015-06-16 00:00:00+05:30,24.25,24.25,24.05,24.1,260550
GOLD1,2015-06-17 00:00:00+05:30,24.5,24.5,23.85,24.0,236150
GOLD1,2015-06-18 00:00:00+05:30,23.9,24.25,23.9,24.1,223270
GOLD1,2015-06-19 00:00:00+05:30,24.1,24.3,24.0,24.05,76090
GOLD1,2015-06-22 00:00:00+05:30,24.0,24.1,23.9,23.9,106360
GOLD1,2015-06-23 00:00:00+05:30,23.9,24.05,23.8,23.95,204120
GOLD1,2015-06-24 00:00:00+05:30,23.9,23.95,23.8,23.8,70080
GOLD1,2015-06-25 00:00:00+05:30,23.8,23.8,23.45,23.6,176760
GOLD1,2015-06-26 00:00:00+05:30,23.7,23.7,23.5,23.65,77040
GOLD1,2015-06-29 00:00:00+05:30,23.65,23.95,23.65,23.85,191430
GOLD1,2015-06-30 00:00:00+05:30,23.8,23.9,23.75,23.8,157340
GOLD1,2015-07-01 00:00:00+05:30,23.85,23.85,23.65,23.7,145210
GOLD1,2015-07-02 00:00:00+05:30,23.6,23.8,23.4,23.55,69250
GOLD1,2015-07-03 00:00:00+05:30,20.7,23.6,20.7,23.45,49270
GOLD1,2015-07-06 00:00:00+05:30,23.5,23.6,23.3,23.3,116100
GOLD1,2015-07-07 00:00:00+05:30,23.3,23.4,23.2,23.3,143740
GOLD1,2015-07-08 00:00:00+05:30,23.3,23.3,23.05,23.15,120920
GOLD1,2015-07-09 00:00:00+05:30,23.5,23.7,23.15,23.55,346860
GOLD1,2015-07-10 00:00:00+05:30,23.3,23.75,23.3,23.6,294900
GOLD1,2015-07-13 00:00:00+05:30,23.65,23.75,23.3,23.4,98820
GOLD1,2015-07-14 00:00:00+05:30,23.5,23.5,23.2,23.35,148830
GOLD1,2015-07-15 00:00:00+05:30,23.25,23.4,23.2,23.25,65290
GOLD1,2015-07-16 00:00:00+05:30,22.95,23.35,22.95,23.15,382670
GOLD1,2015-07-17 00:00:00+05:30,23.15,23.35,23.0,23.15,77920
GOLD1,2015-07-20 00:00:00+05:30,22.9,23.05,22.8,22.95,673520
GOLD1,2015-07-21 00:00:00+05:30,22.9,23.35,22.6,23.0,329090
GOLD1,2015-07-22 00:00:00+05:30,22.9,22.9,22.4,22.5,392990
GOLD1,2015-07-23 00:00:00+05:30,23.0,23.0,22.4,22.8,534050
GOLD1,2015-07-24 00:00:00+05:30,22.7,22.75,22.4,22.55,170430
GOLD1,2015-07-27 00:00:00+05:30,22.95,22.95,22.5,22.6,311050
GOLD1,2015-07-28 00:00:00+05:30,22.6,22.75,22.5,22.65,283210
GOLD1,2015-07-29 00:00:00+05:30,23.0,23.0,22.5,22.55,199620
GOLD1,2015-07-30 00:00:00+05:30,23.0,23.0,22.4,22.45,135710
GOLD1,2015-07-31 00:00:00+05:30,22.3,22.55,22.3,22.4,63720
GOLD1,2015-08-03 00:00:00+05:30,22.4,22.65,22.4,22.4,266580
GOLD1,2015-08-04 00:00:00+05:30,22.4,22.5,22.25,22.45,213440
GOLD1,2015-08-05 00:00:00+05:30,22.4,22.45,22.2,22.25,117560
GOLD1,2015-08-06 00:00:00+05:30,22.5,22.5,22.15,22.25,125280
GOLD1,2015-08-07 00:00:00+05:30,22.2,22.5,22.2,22.35,284350
GOLD1,2015-08-10 00:00:00+05:30,22.35,22.6,22.2,22.45,178400
GOLD1,2015-08-11 00:00:00+05:30,22.5,22.9,22.5,22.8,210070
GOLD1,2015-08-12 00:00:00+05:30,22.85,23.15,22.8,23.1,214000
GOLD1,2015-08-13 00:00:00+05:30,23.1,23.35,23.0,23.25,119600
GOLD1,2015-08-14 00:00:00+05:30,23.25,23.25,23.05,23.15,100130
GOLD1,2015-08-17 00:00:00+05:30,23.2,23.3,23.0,23.2,165760
GOLD1,2015-08-18 00:00:00+05:30,23.2,23.4,23.15,23.25,90430
GOLD1,2015-08-19 00:00:00+05:30,23.2,23.4,23.15,23.25,119980
GOLD1,2015-08-20 00:00:00+05:30,23.7,23.75,23.4,23.7,203090
GOLD1,2015-08-21 00:00:00+05:30,24.0,24.3,23.95,24.1,528770
GOLD1,2015-08-24 00:00:00+05:30,24.5,24.5,24.1,24.2,534690
GOLD1,2015-08-25 00:00:00+05:30,24.2,25.2,23.75,24.15,404770
GOLD1,2015-08-26 00:00:00+05:30,24.1,24.5,23.7,23.8,236030
GOLD1,2015-08-27 00:00:00+05:30,23.8,23.9,23.5,23.6,217940
GOLD1,2015-08-28 00:00:00+05:30,23.55,23.95,23.55,23.8,78800
GOLD1,2015-08-31 00:00:00+05:30,24.0,24.0,23.8,24.0,47860
GOLD1,2015-09-01 00:00:00+05:30,24.0,24.25,24.0,24.1,84460
GOLD1,2015-09-02 00:00:00+05:30,24.1,24.1,23.8,24.0,101260
GOLD1,2015-09-03 00:00:00+05:30,23.85,24.1,23.7,23.9,407340
GOLD1,2015-09-04 00:00:00+05:30,23.9,23.9,23.6,23.8,117340
GOLD1,2015-09-07 00:00:00+05:30,23.7,24.05,23.65,23.85,79600
GOLD1,2015-09-08 00:00:00+05:30,23.8,23.95,23.7,23.85,56190
GOLD1,2015-09-09 00:00:00+05:30,23.6,23.9,23.6,23.7,506610
GOLD1,2015-09-10 00:00:00+05:30,23.65,23.65,23.4,23.45,47990
GOLD1,2015-09-11 00:00:00+05:30,24.5,24.5,23.4,23.65,71880
GOLD1,2015-09-14 00:00:00+05:30,23.65,23.75,23.5,23.6,35240
GOLD1,2015-09-15 00:00:00+05:30,23.6,23.7,23.4,23.5,97380
GOLD1,2015-09-16 00:00:00+05:30,23.45,23.5,23.35,23.45,62080
GOLD1,2015-09-18 00:00:00+05:30,23.55,23.9,23.5,23.8,67050
GOLD1,2015-09-21 00:00:00+05:30,23.8,23.9,23.7,23.75,59060
GOLD1,2015-09-22 00:00:00+05:30,23.6,23.8,23.6,23.75,87200
GOLD1,2015-09-23 00:00:00+05:30,23.7,23.8,23.6,23.7,59420
GOLD1,2015-09-24 00:00:00+05:30,23.8,23.95,23.8,23.85,19910
GOLD1,2015-09-28 00:00:00+05:30,23.9,24.0,23.8,23.8,223460
GOLD1,2015-09-29 00:00:00+05:30,23.8,23.9,23.5,23.6,380200
GOLD1,2015-09-30 00:00:00+05:30,23.55,23.75,23.5,23.65,52750
GOLD1,2015-10-01 00:00:00+05:30,23.5,23.6,23.3,23.3,59330
GOLD1,2015-10-05 00:00:00+05:30,23.45,23.8,23.45,23.65,79990
GOLD1,2015-10-06 00:00:00+05:30,23.7,23.75,23.55,23.7,59400
GOLD1,2015-10-07 00:00:00+05:30,23.8,23.95,23.75,23.9,227330
GOLD1,2015-10-08 00:00:00+05:30,23.9,23.9,23.6,23.65,42490
GOLD1,2015-10-09 00:00:00+05:30,23.6,23.85,23.5,23.7,27750
GOLD1,2015-10-12 00:00:00+05:30,23.7,24.1,23.7,24.05,70930
GOLD1,2015-10-13 00:00:00+05:30,23.75,24.0,22.8,23.9,929650
GOLD1,2015-10-14 00:00:00+05:30,24.0,24.3,24.0,24.25,137380
GOLD1,2015-10-15 00:00:00+05:30,24.4,24.5,24.25,24.4,324440
GOLD1,2015-10-16 00:00:00+05:30,24.15,24.4,24.1,24.25,65790
GOLD1,2015-10-19 00:00:00+05:30,24.35,24.35,23.95,24.15,45950
GOLD1,2015-10-20 00:00:00+05:30,24.0,24.3,24.0,24.25,40450
GOLD1,2015-10-21 00:00:00+05:30,24.5,24.5,24.2,24.25,147260
GOLD1,2015-10-23 00:00:00+05:30,23.85,24.25,23.85,24.1,50190
GOLD1,2015-10-26 00:00:00+05:30,24.05,24.15,24.0,24.05,90410
GOLD1,2015-10-27 00:00:00+05:30,24.1,24.2,24.0,24.15,57750
GOLD1,2015-10-28 00:00:00+05:30,24.1,24.3,24.1,24.25,263100
GOLD1,2015-10-29 00:00:00+05:30,24.15,24.2,23.85,24.1,260820
GOLD1,2015-10-30 00:00:00+05:30,23.9,24.1,23.85,24.1,91960
GOLD1,2015-11-02 00:00:00+05:30,24.1,24.2,23.8,23.95,96070
GOLD1,2015-11-03 00:00:00+05:30,23.95,24.0,23.75,23.8,146370
GOLD1,2015-11-04 00:00:00+05:30,23.7,23.8,23.5,23.65,65310
GOLD1,2015-11-05 00:00:00+05:30,23.6,23.65,23.4,23.45,233700
GOLD1,2015-11-06 00:00:00+05:30,23.3,23.8,23.3,23.5,129770
GOLD1,2015-11-09 00:00:00+05:30,23.55,23.95,23.4,23.7,892550
GOLD1,2015-11-10 00:00:00+05:30,23.75,23.75,23.1,23.2,278540
GOLD1,2015-11-11 00:00:00+05:30,23.3,23.5,22.5,23.3,180060
GOLD1,2015-11-13 00:00:00+05:30,23.3,23.3,22.9,23.1,145450
GOLD1,2015-11-16 00:00:00+05:30,23.15,23.3,23.0,23.05,207110
GOLD1,2015-11-17 00:00:00+05:30,23.0,23.0,22.8,22.9,85760
GOLD1,2015-11-18 00:00:00+05:30,22.85,22.85,22.6,22.85,440410
GOLD1,2015-11-19 00:00:00+05:30,23.0,23.5,22.75,22.85,93630
GOLD1,2015-11-20 00:00:00+05:30,22.95,23.3,22.8,23.0,164430
GOLD1,2015-11-23 00:00:00+05:30,22.9,22.95,22.75,22.8,336080
GOLD1,2015-11-24 00:00:00+05:30,22.8,22.95,22.8,22.9,60540
GOLD1,2015-11-26 00:00:00+05:30,22.9,22.95,22.75,22.9,52080
GOLD1,2015-11-27 00:00:00+05:30,22.9,22.9,22.8,22.85,48160
GOLD1,2015-11-30 00:00:00+05:30,22.8,22.85,22.7,22.8,68710
GOLD1,2015-12-01 00:00:00+05:30,22.95,23.0,22.8,22.85,67340
GOLD1,2015-12-02 00:00:00+05:30,23.0,23.0,22.75,22.85,217780
GOLD1,2015-12-03 00:00:00+05:30,22.75,22.8,22.65,22.7,50310
GOLD1,2015-12-04 00:00:00+05:30,22.75,22.9,22.7,22.8,156560
GOLD1,2015-12-07 00:00:00+05:30,23.0,23.3,22.6,23.0,302340
GOLD1,2015-12-08 00:00:00+05:30,23.0,23.0,22.8,22.85,69920
GOLD1,2015-12-09 00:00:00+05:30,22.85,23.0,22.85,22.95,44250
GOLD1,2015-12-10 00:00:00+05:30,22.85,22.95,22.8,22.85,147960
GOLD1,2015-12-11 00:00:00+05:30,22.65,22.85,22.65,22.8,679100
GOLD1,2015-12-14 00:00:00+05:30,22.85,23.0,22.8,22.8,298430
GOLD1,2015-12-15 00:00:00+05:30,22.85,22.85,22.7,22.8,84740
GOLD1,2015-12-16 00:00:00+05:30,22.7,22.85,22.7,22.8,549840
GOLD1,2015-12-17 00:00:00+05:30,22.85,22.85,22.65,22.7,43550
GOLD1,2015-12-18 00:00:00+05:30,22.7,22.7,22.4,22.5,73670
GOLD1,2015-12-21 00:00:00+05:30,22.6,22.8,22.55,22.75,79600
GOLD1,2015-12-22 00:00:00+05:30,22.65,22.9,22.65,22.8,585340
GOLD1,2015-12-23 00:00:00+05:30,22.85,22.85,22.6,22.7,48350
GOLD1,2015-12-24 00:00:00+05:30,22.9,22.9,22.6,22.7,57560
GOLD1,2015-12-28 00:00:00+05:30,22.65,22.8,22.65,22.7,81650
GOLD1,2015-12-29 00:00:00+05:30,22.65,22.8,22.65,22.75,72820
GOLD1,2015-12-30 00:00:00+05:30,22.75,22.9,22.65,22.7,344820
GOLD1,2015-12-31 00:00:00+05:30,22.5,22.7,22.5,22.55,68070
GOLD1,2015-12-31 09:15:00+05:30,22.5,22.7,22.5,22.55,68070
GOLD1,2016-01-01 09:15:00+05:30,22.4,22.6,22.4,22.6,77730
GOLD1,2016-01-04 09:15:00+05:30,22.6,22.8,22.6,22.7,61370
GOLD1,2016-01-05 09:22:00+05:30,22.8,22.95,22.75,22.9,293780
GOLD1,2016-01-06 09:15:00+05:30,22.75,23.1,22.75,23.0,53820
GOLD1,2016-01-07 09:15:00+05:30,23.2,23.4,23.15,23.3,209730
GOLD1,2016-01-08 09:15:00+05:30,23.4,23.5,23.2,23.35,170940
GOLD1,2016-01-11 09:15:00+05:30,23.35,23.6,23.3,23.35,94100
GOLD1,2016-01-12 09:18:00+05:30,23.4,23.4,23.25,23.3,295100
GOLD1,2016-01-13 09:19:00+05:30,23.0,23.2,23.0,23.0,152950
GOLD1,2016-01-14 09:15:00+05:30,23.15,23.4,23.1,23.3,55820
GOLD1,2016-01-15 09:15:00+05:30,23.1,23.3,22.9,23.25,77240
GOLD1,2016-01-18 09:15:00+05:30,23.3,23.45,23.25,23.4,311360
GOLD1,2016-01-19 09:15:00+05:30,23.4,23.4,23.2,23.25,84910
GOLD1,2016-01-20 09:15:00+05:30,23.35,23.5,23.3,23.4,138410
GOLD1,2016-01-21 09:15:00+05:30,23.4,23.8,23.35,23.45,544930
GOLD1,2016-01-22 09:19:00+05:30,23.4,23.5,23.35,23.45,358980
GOLD1,2016-01-25 09:15:00+05:30,23.7,23.7,23.45,23.55,348980
GOLD1,2016-01-27 09:15:00+05:30,23.8,23.95,23.75,23.8,136110
GOLD1,2016-01-28 09:15:00+05:30,23.85,24.0,23.75,23.95,152940
GOLD1,2016-01-29 09:15:00+05:30,23.75,24.0,23.7,23.9,216520
GOLD1,2016-02-01 09:15:00+05:30,24.0,24.15,23.95,24.1,159950
GOLD1,2016-02-02 09:18:00+05:30,24.2,24.2,24.05,24.2,169690
GOLD1,2016-02-03 09:15:00+05:30,24.2,24.35,24.2,24.3,85180
GOLD1,2016-02-04 09:15:00+05:30,24.4,24.5,24.3,24.45,229800
GOLD1,2016-02-05 09:15:00+05:30,24.5,24.6,24.45,24.55,193190
GOLD1,2016-02-08 09:15:00+05:30,24.7,24.9,24.6,24.9,183810
GOLD1,2016-02-09 09:15:00+05:30,25.2,25.4,25.1,25.3,558020
GOLD1,2016-02-10 09:15:00+05:30,24.9,25.4,24.8,25.0,204910
GOLD1,2016-02-11 09:15:00+05:30,25.4,25.6,25.3,25.5,284810
GOLD1,2016-02-12 09:15:00+05:30,25.7,26.0,25.55,25.75,364800
GOLD1,2016-02-15 09:15:00+05:30,25.6,25.65,25.4,25.45,472400
GOLD1,2016-02-16 09:15:00+05:30,25.5,25.5,25.15,25.45,214300
GOLD1,2016-02-17 09:15:00+05:30,25.5,25.55,25.3,25.35,145680
GOLD1,2016-02-18 09:15:00+05:30,25.35,25.5,25.3,25.35,87830
GOLD1,2016-02-19 09:15:00+05:30,25.6,25.95,25.5,25.55,108780
GOLD1,2016-02-22 09:15:00+05:30,25.45,25.6,25.3,25.35,167390
GOLD1,2016-02-23 09:18:00+05:30,25.6,25.6,25.45,25.5,186360
GOLD1,2016-02-24 09:15:00+05:30,25.65,25.7,25.5,25.6,197570
GOLD1,2016-02-25 09:15:00+05:30,25.5,25.95,25.5,25.85,197440
GOLD1,2016-02-26 09:17:00+05:30,25.95,26.0,25.75,25.9,180020
GOLD1,2016-02-29 09:15:00+05:30,25.75,26.05,25.6,25.95,118900
GOLD1,2016-03-01 09:15:00+05:30,26.0,26.2,25.95,26.1,337310
GOLD1,2016-03-02 09:15:00+05:30,25.95,25.95,25.65,25.7,48830
GOLD1,2016-03-03 09:15:00+05:30,25.7,25.9,25.65,25.85,556140
GOLD1,2016-03-04 09:15:00+05:30,26.0,26.25,25.95,26.25,290820
GOLD1,2016-03-08 09:15:00+05:30,26.4,26.4,26.1,26.35,316070
GOLD1,2016-03-09 09:15:00+05:30,25.85,26.4,25.85,26.3,209620
GOLD1,2016-03-10 09:15:00+05:30,26.1,26.35,25.8,26.05,224500
GOLD1,2016-03-11 09:18:00+05:30,26.4,26.45,26.2,26.25,166280
GOLD1,2016-03-14 09:16:00+05:30,26.1,26.3,25.8,26.25,1033420
GOLD1,2016-03-15 09:19:00+05:30,25.95,26.1,25.9,25.95,75630
GOLD1,2016-03-16 09:18:00+05:30,25.8,26.15,25.8,26.0,428180
GOLD1,2016-03-17 09:15:00+05:30,26.1,26.35,26.0,26.3,150870
GOLD1,2016-03-18 09:18:00+05:30,26.3,26.4,26.1,26.3,101660
GOLD1,2016-03-21 09:16:00+05:30,26.2,26.2,25.8,25.9,93940
GOLD1,2016-03-22 09:16:00+05:30,26.0,26.05,25.85,26.0,95770
GOLD1,2016-03-23 09:16:00+05:30,25.9,25.95,25.55,25.75,72090
GOLD1,2016-03-28 09:15:00+05:30,25.65,25.7,25.2,25.4,395910
GOLD1,2016-03-29 09:15:00+05:30,25.3,25.6,25.2,25.5,202370
GOLD1,2016-03-30 09:15:00+05:30,25.65,25.95,25.65,25.85,482870
GOLD1,2016-03-31 09:17:00+05:30,25.75,26.0,25.5,25.9,37940
GOLD1,2016-04-01 09:18:00+05:30,25.9,26.1,25.65,25.7,31470
GOLD1,2016-04-04 09:15:00+05:30,25.6,25.75,25.35,25.55,40630
GOLD1,2016-04-05 09:15:00+05:30,25.6,26.0,25.5,25.85,42960
GOLD1,2016-04-06 09:15:00+05:30,25.65,25.9,25.55,25.7,26040
GOLD1,2016-04-07 09:16:00+05:30,25.65,25.9,25.55,25.9,133920
GOLD1,2016-04-08 09:19:00+05:30,26.0,26.05,25.9,25.95,55490
GOLD1,2016-04-11 09:15:00+05:30,26.15,26.25,26.0,26.15,155970
GOLD1,2016-04-12 09:15:00+05:30,26.3,26.4,26.1,26.3,521370
GOLD1,2016-04-13 09:17:00+05:30,26.1,26.3,25.8,26.05,247390
GOLD1,2016-04-18 09:15:00+05:30,26.05,26.2,25.8,26.15,95410
GOLD1,2016-04-20 09:15:00+05:30,26.15,26.3,26.1,26.3,137710
GOLD1,2016-04-21 09:15:00+05:30,26.3,26.55,26.25,26.35,423220
GOLD1,2016-04-22 09:19:00+05:30,26.35,26.35,26.1,26.2,110960
GOLD1,2016-04-25 09:15:00+05:30,26.1,26.35,26.0,26.2,250010
GOLD1,2016-04-26 09:16:00+05:30,26.3,26.4,26.2,26.3,97220
GOLD1,2016-04-27 09:16:00+05:30,26.3,26.4,26.2,26.4,75540
GOLD1,2016-04-28 09:17:00+05:30,26.4,26.65,26.3,26.55,101730
GOLD1,2016-04-29 09:15:00+05:30,26.8,26.9,26.7,26.85,421980
GOLD1,2016-05-02 09:15:00+05:30,26.9,27.25,26.9,27.15,216350
GOLD1,2016-05-03 09:15:00+05:30,27.1,27.2,26.9,27.15,202130
GOLD1,2016-05-04 09:15:00+05:30,27.15,27.15,26.8,27.0,281350
GOLD1,2016-05-05 09:18:00+05:30,27.0,27.2,26.95,27.0,133360
GOLD1,2016-05-06 09:20:00+05:30,27.1,27.2,27.0,27.15,777420
GOLD1,2016-05-09 09:15:00+05:30,27.2,28.1,27.2,27.95,1693160
GOLD1,2016-05-10 09:15:00+05:30,27.7,27.7,26.85,27.0,139680
GOLD1,2016-05-11 09:15:00+05:30,27.0,27.85,26.85,27.05,169170
GOLD1,2016-05-12 09:15:00+05:30,27.1,27.2,26.9,27.0,103130
GOLD1,2016-05-13 09:16:00+05:30,27.15,27.15,26.95,27.05,71470
GOLD1,2016-05-16 09:15:00+05:30,27.3,27.3,26.95,27.05,137630
GOLD1,2016-05-17 09:15:00+05:30,27.1,27.5,26.8,27.25,159680
GOLD1,2016-05-18 09:17:00+05:30,27.05,27.3,26.95,27.05,110660
GOLD1,2016-05-19 09:17:00+05:30,26.8,27.0,26.5,26.75,252140
GOLD1,2016-05-20 09:15:00+05:30,26.7,26.95,26.7,26.85,52000
GOLD1,2016-05-23 09:15:00+05:30,26.95,26.95,26.7,26.75,39590
GOLD1,2016-05-24 09:17:00+05:30,26.8,26.8,26.6,26.65,88960
GOLD1,2016-05-25 09:15:00+05:30,26.25,26.5,26.05,26.1,58980
GOLD1,2016-05-26 09:15:00+05:30,26.15,26.3,26.0,26.1,130170
GOLD1,2016-05-27 09:16:00+05:30,26.0,26.05,25.85,25.95,64970
GOLD1,2016-05-30 09:15:00+05:30,25.85,26.3,25.75,25.95,164060
GOLD1,2016-05-31 09:16:00+05:30,25.95,26.15,25.8,25.85,50160
GOLD1,2016-06-01 09:15:00+05:30,26.15,26.2,25.9,25.95,42710
GOLD1,2016-06-02 09:18:00+05:30,25.95,26.85,25.8,26.6,113220
GOLD1,2016-06-03 09:15:00+05:30,26.25,26.6,26.05,26.25,53300
GOLD1,2016-06-06 09:15:00+05:30,27.3,27.45,26.3,26.4,86860
GOLD1,2016-06-07 09:19:00+05:30,26.5,26.5,26.1,26.2,66680
GOLD1,2016-06-08 09:15:00+05:30,26.45,26.45,26.0,26.2,460300
GOLD1,2016-06-09 09:15:00+05:30,26.2,26.4,26.2,26.3,71770
GOLD1,2016-06-10 09:15:00+05:30,26.4,26.5,26.3,26.4,133560
GOLD1,2016-06-13 09:15:00+05:30,26.4,26.9,26.4,26.75,113560
GOLD1,2016-06-14 09:15:00+05:30,27.1,28.35,26.65,26.75,119230
GOLD1,2016-06-15 09:15:00+05:30,27.0,27.2,26.6,26.65,128420
GOLD1,2016-06-16 09:15:00+05:30,26.8,27.3,26.8,27.0,315360
GOLD1,2016-06-17 09:16:00+05:30,26.9,26.9,26.55,26.7,175870
GOLD1,2016-06-20 09:15:00+05:30,26.75,26.85,26.55,26.75,304700
GOLD1,2016-06-21 09:22:00+05:30,26.8,26.85,26.65,26.75,51610
GOLD1,2016-06-22 09:15:00+05:30,26.7,26.7,26.45,26.5,96120
GOLD1,2016-06-23 09:15:00+05:30,26.75,26.75,26.3,26.5,76720
GOLD1,2016-06-24 09:15:00+05:30,27.1,27.8,27.0,27.15,890110
GOLD1,2016-06-27 09:15:00+05:30,28.75,28.75,27.15,27.35,312170
GOLD1,2016-06-28 09:15:00+05:30,27.45,27.45,27.05,27.1,155070
GOLD1,2016-06-29 09:15:00+05:30,27.5,27.5,27.1,27.2,122160
GOLD1,2016-06-30 09:15:00+05:30,27.2,27.25,26.9,27.2,258630
GOLD1,2016-07-01 09:15:00+05:30,27.3,27.4,27.25,27.25,168210
GOLD1,2016-07-04 09:15:00+05:30,27.35,27.7,27.3,27.6,297760
GOLD1,2016-07-05 09:15:00+05:30,27.5,27.6,27.3,27.4,175020
GOLD1,2016-07-07 09:15:00+05:30,27.65,28.05,27.65,28.0,452350
GOLD1,2016-07-08 09:15:00+05:30,27.95,28.05,27.65,28.0,232100
GOLD1,2016-07-11 09:15:00+05:30,28.6,29.55,27.8,27.85,114120
GOLD1,2016-07-12 09:15:00+05:30,28.45,28.5,27.6,27.65,160120
GOLD1,2016-07-13 09:15:00+05:30,27.1,27.8,27.1,27.55,191710
GOLD1,2016-07-14 09:19:00+05:30,27.75,27.75,27.35,27.5,318790
GOLD1,2016-07-15 09:18:00+05:30,27.65,27.7,27.3,27.5,200700
GOLD1,2016-07-18 09:15:00+05:30,27.5,27.5,27.3,27.4,222410
GOLD1,2016-07-19 09:16:00+05:30,27.4,27.6,27.35,27.5,213620
GOLD1,2016-07-20 09:15:00+05:30,27.4,27.65,27.4,27.45,217210
GOLD1,2016-07-21 09:15:00+05:30,27.2,27.5,27.2,27.4,41310
GOLD1,2016-07-22 09:15:00+05:30,27.3,27.7,27.3,27.45,152220
GOLD1,2016-07-25 09:18:00+05:30,27.4,27.5,27.3,27.45,140020
GOLD1,2016-07-26 09:15:00+05:30,27.4,27.5,27.35,27.4,126620
GOLD1,2016-07-27 09:15:00+05:30,27.75,27.75,27.3,27.3,61550
GOLD1,2016-07-28 09:15:00+05:30,27.45,27.65,27.45,27.6,157000
GOLD1,2016-07-29 09:15:00+05:30,27.5,27.7,27.4,27.65,257230
GOLD1,2016-08-01 09:15:00+05:30,27.65,28.0,27.65,28.0,337410
GOLD1,2016-08-02 09:16:00+05:30,28.0,28.0,27.8,27.95,113010
GOLD1,2016-08-03 09:16:00+05:30,28.0,28.05,27.85,28.0,238680
GOLD1,2016-08-04 09:17:00+05:30,27.85,27.95,27.65,27.7,29200
GOLD1,2016-08-05 09:15:00+05:30,28.1,28.1,27.7,27.75,107060
GOLD1,2016-08-08 09:15:00+05:30,27.5,27.5,27.2,27.25,105550
GOLD1,2016-08-09 09:16:00+05:30,27.3,27.45,27.2,27.25,32980
GOLD1,2016-08-10 09:15:00+05:30,27.35,27.65,27.35,27.5,152400
GOLD1,2016-08-11 09:18:00+05:30,27.5,27.5,27.25,27.45,83290
GOLD1,2016-08-12 09:15:00+05:30,27.45,27.45,27.3,27.35,79700
GOLD1,2016-08-16 09:15:00+05:30,27.45,27.65,27.3,27.55,190430
GOLD1,2016-08-17 09:18:00+05:30,27.55,27.65,27.35,27.55,172800
GOLD1,2016-08-18 09:18:00+05:30,27.7,27.95,27.55,27.65,261270
GOLD1,2016-08-19 09:19:00+05:30,27.75,27.8,27.55,27.7,62700
GOLD1,2016-08-22 09:15:00+05:30,28.0,28.0,27.4,27.55,147700
GOLD1,2016-08-23 09:18:00+05:30,27.65,27.75,27.55,27.7,91510
GOLD1,2016-08-24 09:15:00+05:30,27.7,27.95,27.55,27.9,219050
GOLD1,2016-08-25 09:19:00+05:30,27.8,27.95,27.5,27.8,348090
GOLD1,2016-08-26 09:15:00+05:30,27.8,27.95,27.6,27.9,107040
GOLD1,2016-08-29 09:15:00+05:30,27.85,27.9,27.5,27.9,149770
GOLD1,2016-08-30 09:15:00+05:30,27.9,28.25,27.7,27.9,79450
GOLD1,2016-08-31 09:19:00+05:30,27.9,27.9,27.6,27.75,47580
GOLD1,2016-09-01 09:16:00+05:30,27.75,27.85,27.5,27.6,83790
GOLD1,2016-09-02 09:15:00+05:30,27.95,27.95,27.5,27.55,103230
GOLD1,2016-09-06 09:15:00+05:30,27.65,27.95,27.5,27.55,132090
GOLD1,2016-09-07 09:15:00+05:30,27.7,27.9,27.7,27.75,118360
GOLD1,2016-09-08 09:15:00+05:30,27.65,27.8,27.55,27.75,284390
GOLD1,2016-09-09 09:16:00+05:30,27.55,27.75,27.5,27.6,289670
GOLD1,2016-09-12 09:15:00+05:30,27.8,27.8,27.6,27.7,111330
GOLD1,2016-09-14 09:15:00+05:30,27.95,27.95,27.6,27.7,48320
GOLD1,2016-09-15 09:15:00+05:30,27.8,27.8,27.6,27.6,88290
GOLD1,2016-09-16 09:15:00+05:30,27.6,27.6,27.5,27.55,62700
GOLD1,2016-09-19 09:15:00+05:30,27.75,27.75,27.5,27.75,125930
GOLD1,2016-09-20 09:15:00+05:30,27.8,27.8,27.6,27.7,136770
GOLD1,2016-09-21 09:15:00+05:30,27.85,27.9,27.6,27.9,225460
GOLD1,2016-09-22 09:15:00+05:30,27.8,28.05,27.8,27.95,171300
GOLD1,2016-09-23 09:17:00+05:30,27.9,28.05,27.9,28.0,134580
GOLD1,2016-09-26 09:15:00+05:30,27.9,28.0,27.8,27.9,49840
GOLD1,2016-09-27 09:15:00+05:30,27.9,27.95,27.7,27.75,37300
GOLD1,2016-09-28 09:15:00+05:30,27.7,27.9,27.55,27.85,105720
GOLD1,2016-09-29 09:16:00+05:30,27.7,28.15,27.7,27.95,139890
GOLD1,2016-09-30 09:15:00+05:30,28.0,28.15,27.9,28.05,127030
GOLD1,2016-10-03 09:15:00+05:30,27.7,28.55,27.55,28.45,191920
GOLD1,2016-10-04 09:18:00+05:30,28.4,28.55,27.95,28.2,343320
GOLD1,2016-10-05 09:16:00+05:30,27.95,28.15,27.65,27.8,152800
GOLD1,2016-10-06 09:17:00+05:30,28.1,28.15,27.6,27.7,140550
GOLD1,2016-10-07 09:17:00+05:30,27.7,27.75,27.5,27.5,104430
GOLD1,2016-10-10 09:15:00+05:30,27.5,27.85,27.5,27.7,100860
GOLD1,2016-10-13 09:22:00+05:30,27.8,27.8,27.45,27.75,57460
GOLD1,2016-10-14 09:17:00+05:30,27.6,28.0,27.5,27.95,68970
GOLD1,2016-10-17 09:15:00+05:30,29.55,30.85,27.55,27.8,480860
GOLD1,2016-10-18 09:18:00+05:30,27.9,27.9,27.6,27.7,296020
GOLD1,2016-10-19 09:17:00+05:30,27.7,28.15,27.65,27.95,376940
GOLD1,2016-10-20 09:15:00+05:30,28.1,28.7,27.8,27.85,199000
GOLD1,2016-10-21 09:16:00+05:30,28.0,28.2,27.65,27.7,88370
GOLD1,2016-10-24 09:15:00+05:30,27.7,27.9,27.4,27.5,89600
GOLD1,2016-10-25 09:18:00+05:30,27.5,27.75,27.3,27.65,115350
GOLD1,2016-10-26 09:15:00+05:30,27.7,28.1,27.5,27.95,111490
GOLD1,2016-10-27 09:15:00+05:30,27.9,28.1,27.7,27.9,122940
GOLD1,2016-10-28 09:15:00+05:30,27.9,28.35,27.8,27.95,1604760
GOLD1,2016-11-01 09:15:00+05:30,28.05,28.05,27.7,27.7,106280
GOLD1,2016-11-02 09:17:00+05:30,27.75,28.25,27.75,27.95,203110
GOLD1,2016-11-03 09:15:00+05:30,28.0,28.2,27.75,27.9,134660
GOLD1,2016-11-04 09:15:00+05:30,27.9,28.3,27.8,28.2,279570
GOLD1,2016-11-07 09:15:00+05:30,28.0,28.2,27.9,27.95,55630
GOLD1,2016-11-08 09:15:00+05:30,28.1,28.2,27.8,28.1,153370
GOLD1,2016-11-09 09:15:00+05:30,28.95,29.75,28.0,28.25,409420
GOLD1,2016-11-10 09:17:00+05:30,28.0,28.1,27.75,27.9,108930
GOLD1,2016-11-11 09:15:00+05:30,27.8,27.85,27.3,27.4,128900
GOLD1,2016-11-15 09:16:00+05:30,27.3,27.3,26.9,27.05,273340
GOLD1,2016-11-16 09:16:00+05:30,27.2,27.4,26.95,27.15,345620
GOLD1,2016-11-17 09:15:00+05:30,27.2,27.2,26.85,26.95,90440
GOLD1,2016-11-18 09:17:00+05:30,26.85,26.9,26.45,26.55,166790
GOLD1,2016-11-21 09:15:00+05:30,26.6,26.7,26.35,26.5,310630
GOLD1,2016-11-22 09:18:00+05:30,26.5,26.7,26.35,26.45,171690
GOLD1,2016-11-23 09:15:00+05:30,26.3,26.75,26.3,26.35,101640
GOLD1,2016-11-24 09:15:00+05:30,26.15,26.2,26.0,26.05,82370
GOLD1,2016-11-25 09:15:00+05:30,26.05,26.05,25.75,25.85,94220
GOLD1,2016-11-28 09:17:00+05:30,25.95,26.05,25.9,25.95,123260
GOLD1,2016-11-29 09:17:00+05:30,26.0,26.0,25.8,25.9,113560
GOLD1,2016-11-30 09:15:00+05:30,25.95,26.5,25.8,25.85,215400
GOLD1,2016-12-01 09:15:00+05:30,25.8,25.8,25.5,25.6,126320
GOLD1,2016-12-02 09:17:00+05:30,25.8,25.8,25.35,25.35,57330
GOLD1,2016-12-05 09:15:00+05:30,25.45,25.45,25.25,25.35,45500
GOLD1,2016-12-06 09:16:00+05:30,25.3,25.45,25.3,25.3,42680
GOLD1,2016-12-07 09:18:00+05:30,25.25,25.35,25.0,25.2,277500
GOLD1,2016-12-08 09:19:00+05:30,25.35,25.35,25.05,25.05,208620
GOLD1,2016-12-09 09:16:00+05:30,25.1,25.15,25.0,25.1,176970
GOLD1,2016-12-12 09:16:00+05:30,25.1,25.15,24.8,25.1,142020
GOLD1,2016-12-13 09:15:00+05:30,25.1,25.3,24.95,25.0,36430
GOLD1,2016-12-14 09:21:00+05:30,25.1,25.15,25.0,25.05,36690
GOLD1,2016-12-15 09:15:00+05:30,24.5,25.0,24.5,24.8,82570
GOLD1,2016-12-16 09:16:00+05:30,24.8,24.8,24.7,24.7,70930
GOLD1,2016-12-19 09:15:00+05:30,24.8,24.9,24.6,24.75,62960
GOLD1,2016-12-20 09:15:00+05:30,24.9,25.0,24.65,24.7,31370
GOLD1,2016-12-21 09:15:00+05:30,25.75,25.75,24.65,24.75,61710
GOLD1,2016-12-22 09:15:00+05:30,24.75,25.0,24.6,24.65,221580
GOLD1,2016-12-23 09:19:00+05:30,24.75,26.7,24.6,25.6,424230
GOLD1,2016-12-26 09:15:00+05:30,25.6,26.1,24.7,25.15,115130
GOLD1,2016-12-27 09:16:00+05:30,25.15,25.75,25.0,25.05,105540
GOLD1,2016-12-28 09:17:00+05:30,25.3,25.3,24.75,24.8,141250
GOLD1,2016-12-29 09:17:00+05:30,25.2,25.2,24.8,24.8,52010
GOLD1,2016-12-30 09:17:00+05:30,25.25,25.55,24.95,25.0,103480
GOLD1,2017-01-02 09:16:00+05:30,25.0,25.15,24.85,25.1,27740
GOLD1,2017-01-03 09:17:00+05:30,25.2,25.4,25.05,25.1,79770
GOLD1,2017-01-04 09:17:00+05:30,25.5,25.5,25.2,25.4,47780
GOLD1,2017-01-05 09:17:00+05:30,25.6,25.6,25.2,25.3,121080
GOLD1,2017-01-06 09:18:00+05:30,25.45,25.45,25.2,25.35,39760
GOLD1,2017-01-09 09:15:00+05:30,25.35,25.7,25.2,25.4,77210
GOLD1,2017-01-10 09:15:00+05:30,25.3,25.65,25.3,25.6,506250
GOLD1,2017-01-11 09:58:00+05:30,25.6,25.95,25.55,25.75,133050
GOLD1,2017-01-12 09:16:00+05:30,26.0,26.3,25.7,26.1,120040
GOLD1,2017-01-13 09:15:00+05:30,26.1,26.1,25.7,25.8,31020
GOLD1,2017-01-16 09:15:00+05:30,25.85,26.1,25.8,26.0,64580
GOLD1,2017-01-17 09:16:00+05:30,26.0,26.2,26.0,26.1,66620
GOLD1,2017-01-18 09:16:00+05:30,26.2,26.25,26.0,26.05,53170
GOLD1,2017-01-19 09:17:00+05:30,26.1,26.1,25.8,25.85,79370
GOLD1,2017-01-20 09:19:00+05:30,25.85,25.95,25.8,25.8,57410
GOLD1,2017-01-23 09:15:00+05:30,25.9,26.1,25.85,25.85,73380
GOLD1,2017-01-24 09:18:00+05:30,25.9,26.0,25.8,25.8,64930
GOLD1,2017-01-25 09:18:00+05:30,25.85,25.85,25.25,25.35,401400
GOLD1,2017-01-27 09:15:00+05:30,25.2,25.25,25.0,25.15,204080
GOLD1,2017-01-30 09:16:00+05:30,25.3,25.45,25.05,25.3,298710
GOLD1,2017-01-31 09:15:00+05:30,25.65,25.65,25.25,25.35,81030
GOLD1,2017-02-01 09:15:00+05:30,25.3,25.55,25.3,25.45,138880
GOLD1,2017-02-02 09:19:00+05:30,25.55,25.7,25.45,25.6,39350
GOLD1,2017-02-03 09:15:00+05:30,25.6,25.6,25.3,25.5,47510
GOLD1,2017-02-06 09:16:00+05:30,25.5,25.85,25.5,25.75,77510
GOLD1,2017-02-07 09:15:00+05:30,25.8,26.15,25.7,26.1,230450
GOLD1,2017-02-08 09:18:00+05:30,26.25,26.3,25.9,26.25,162500
GOLD1,2017-02-09 09:15:00+05:30,26.2,26.35,26.05,26.15,94050
GOLD1,2017-02-10 09:17:00+05:30,25.8,26.1,25.8,26.0,158810
GOLD1,2017-02-13 09:16:00+05:30,26.0,26.1,25.85,26.0,105890
GOLD1,2017-02-14 09:20:00+05:30,25.85,25.95,25.8,25.85,49200
GOLD1,2017-02-15 09:17:00+05:30,25.9,26.0,25.8,25.9,35590
GOLD1,2017-02-16 09:15:00+05:30,26.35,26.45,25.9,26.1,63020
GOLD1,2017-02-17 09:16:00+05:30,26.25,26.35,25.9,26.25,56650
GOLD1,2017-02-20 09:15:00+05:30,25.9,26.25,25.9,26.15,125360
GOLD1,2017-02-21 09:15:00+05:30,26.25,26.25,25.95,25.95,50860
GOLD1,2017-02-22 09:15:00+05:30,26.0,26.25,26.0,26.15,245110
GOLD1,2017-02-23 09:15:00+05:30,26.15,26.2,26.0,26.0,41130
GOLD1,2017-02-27 09:15:00+05:30,26.2,26.4,26.15,26.3,106300
GOLD1,2017-02-28 09:15:00+05:30,26.3,26.65,26.2,26.6,362430
GOLD1,2017-03-01 09:15:00+05:30,26.55,26.55,26.25,26.4,153410
GOLD1,2017-03-02 09:15:00+05:30,26.4,26.6,26.35,26.45,158230
GOLD1,2017-03-03 09:15:00+05:30,26.4,26.45,26.2,26.3,113700
GOLD1,2017-03-06 09:15:00+05:30,26.45,26.45,26.25,26.3,34880
GOLD1,2017-03-07 09:15:00+05:30,26.3,26.4,26.1,26.3,214270
GOLD1,2017-03-08 09:15:00+05:30,26.3,26.3,26.05,26.1,54300
GOLD1,2017-03-09 09:16:00+05:30,26.0,26.05,25.9,25.95,33100
GOLD1,2017-03-10 09:15:00+05:30,25.9,25.9,25.75,25.8,63960
GOLD1,2017-03-14 09:15:00+05:30,25.9,25.9,25.6,25.6,143420
GOLD1,2017-03-15 09:15:00+05:30,25.65,25.65,25.3,25.4,100300
GOLD1,2017-03-16 09:17:00+05:30,25.6,25.85,25.5,25.55,129340
GOLD1,2017-03-17 09:15:00+05:30,25.5,25.65,25.5,25.6,87980
GOLD1,2017-03-20 09:18:00+05:30,25.65,25.7,25.55,25.6,49880
GOLD1,2017-03-21 09:18:00+05:30,25.6,25.6,25.45,25.5,80530
GOLD1,2017-03-22 09:15:00+05:30,26.0,26.0,25.7,25.8,61580
GOLD1,2017-03-23 09:18:00+05:30,25.85,25.9,25.75,25.85,31300
GOLD1,2017-03-24 09:15:00+05:30,25.75,25.9,25.7,25.8,25760
GOLD1,2017-03-27 09:15:00+05:30,25.95,26.0,25.7,25.8,80680
GOLD1,2017-03-28 09:24:00+05:30,25.85,25.85,25.6,25.65,280280
GOLD1,2017-03-29 09:15:00+05:30,25.6,25.7,25.45,25.6,94760
GOLD1,2017-03-30 09:16:00+05:30,25.6,25.75,25.5,25.7,122850
GOLD1,2017-03-31 09:15:00+05:30,25.7,25.7,25.45,25.55,41560
GOLD1,2017-04-03 09:15:00+05:30,25.6,25.75,25.5,25.6,65380
GOLD1,2017-04-05 09:15:00+05:30,25.65,25.9,25.65,25.75,554320
GOLD1,2017-04-06 09:16:00+05:30,25.7,25.9,25.65,25.85,175030
GOLD1,2017-04-07 09:16:00+05:30,26.0,26.05,25.8,25.9,148780
GOLD1,2017-04-10 09:15:00+05:30,25.9,25.9,25.6,25.8,118870
GOLD1,2017-04-11 09:21:00+05:30,25.9,25.9,25.6,25.65,89720
GOLD1,2017-04-12 09:16:00+05:30,25.8,26.1,25.8,26.05,67980
GOLD1,2017-04-13 09:19:00+05:30,26.2,26.25,26.0,26.15,259750
GOLD1,2017-04-17 09:17:00+05:30,26.25,26.3,26.1,26.2,97420
GOLD1,2017-04-18 09:15:00+05:30,26.3,26.3,26.05,26.2,71880
GOLD1,2017-04-19 09:15:00+05:30,26.45,26.45,26.1,26.2,93800
GOLD1,2017-04-20 09:15:00+05:30,26.05,26.15,25.95,26.15,70600
GOLD1,2017-04-21 09:19:00+05:30,26.05,26.3,26.0,26.2,537540
GOLD1,2017-04-24 09:17:00+05:30,26.15,26.15,25.9,25.95,48220
GOLD1,2017-04-25 09:16:00+05:30,26.0,26.3,25.9,26.2,349260
GOLD1,2017-04-26 09:17:00+05:30,26.1,26.1,25.8,26.0,251660
GOLD1,2017-04-27 09:17:00+05:30,26.15,26.4,25.95,26.1,368390
GOLD1,2017-04-28 09:15:00+05:30,26.35,27.65,26.25,26.7,4912860
GOLD1,2017-05-02 09:15:00+05:30,26.2,26.65,25.75,26.3,342590
GOLD1,2017-05-03 09:15:00+05:30,26.5,26.5,25.9,26.15,273070
GOLD1,2017-05-04 09:16:00+05:30,25.75,26.1,25.7,25.7,93480
GOLD1,2017-05-05 09:15:00+05:30,25.35,25.75,25.35,25.65,82750
GOLD1,2017-05-08 09:15:00+05:30,25.65,25.65,25.3,25.35,113400
GOLD1,2017-05-09 09:15:00+05:30,25.3,25.5,25.1,25.2,565640
GOLD1,2017-05-10 09:15:00+05:30,25.3,25.3,24.95,25.1,5510150
GOLD1,2017-05-11 09:15:00+05:30,24.8,25.2,24.6,25.05,167560
GOLD1,2017-05-12 09:16:00+05:30,25.05,25.1,24.85,24.9,57960
GOLD1,2017-05-15 09:17:00+05:30,24.9,25.0,24.85,24.9,271040
GOLD1,2017-05-16 09:15:00+05:30,24.9,25.0,24.85,24.95,495200
GOLD1,2017-05-17 09:16:00+05:30,25.0,25.25,25.0,25.2,147310
GOLD1,2017-05-18 09:15:00+05:30,25.5,25.8,25.35,25.7,264230
GOLD1,2017-05-19 09:16:00+05:30,25.65,25.65,25.35,25.5,111430
GOLD1,2017-05-22 09:15:00+05:30,25.65,25.65,25.4,25.5,68440
GOLD1,2017-05-23 09:22:00+05:30,25.55,25.7,25.5,25.6,116370
GOLD1,2017-05-24 09:18:00+05:30,25.6,25.7,25.35,25.6,851600
GOLD1,2017-05-25 09:19:00+05:30,25.45,25.65,25.45,25.6,158620
GOLD1,2017-05-26 09:21:00+05:30,25.5,25.65,25.5,25.6,147990
GOLD1,2017-05-29 09:17:00+05:30,25.55,25.75,25.55,25.6,99600
GOLD1,2017-05-30 09:21:00+05:30,25.6,25.7,25.5,25.65,292130
GOLD1,2017-05-31 09:15:00+05:30,25.65,25.65,25.45,25.55,95450
GOLD1,2017-06-01 09:19:00+05:30,25.7,25.75,25.55,25.7,147250
GOLD1,2017-06-02 09:21:00+05:30,25.65,25.65,25.4,25.6,81860
GOLD1,2017-06-05 09:15:00+05:30,26.35,26.35,25.7,25.9,915200
GOLD1,2017-06-06 09:18:00+05:30,25.85,26.0,25.8,25.85,365460
GOLD1,2017-06-07 09:18:00+05:30,26.0,26.0,25.85,25.9,103230
GOLD1,2017-06-08 09:16:00+05:30,25.8,25.95,25.8,25.9,202170
GOLD1,2017-06-09 09:17:00+05:30,25.8,25.85,25.7,25.75,140990
GOLD1,2017-06-12 09:18:00+05:30,25.8,25.8,25.6,25.65,184370
GOLD1,2017-06-13 09:27:00+05:30,25.7,25.7,25.5,25.6,897790
GOLD1,2017-06-14 09:19:00+05:30,25.55,25.7,25.4,25.45,292360
GOLD1,2017-06-15 09:15:00+05:30,25.2,25.55,25.2,25.35,147380
GOLD1,2017-06-16 09:37:00+05:30,25.4,25.4,25.2,25.2,77890
GOLD1,2017-06-19 09:15:00+05:30,25.2,25.2,25.0,25.1,105160
GOLD1,2017-06-20 09:15:00+05:30,25.1,25.25,25.0,25.2,247820
GOLD1,2017-06-21 09:18:00+05:30,25.2,25.45,25.1,25.45,3083070
GOLD1,2017-06-22 09:20:00+05:30,25.3,25.4,25.25,25.3,89950
GOLD1,2017-06-23 09:16:00+05:30,25.5,25.5,25.25,25.4,92670
GOLD1,2017-06-27 09:15:00+05:30,25.35,25.5,25.2,25.4,184880
GOLD1,2017-06-28 09:15:00+05:30,25.6,25.6,25.25,25.45,359860
GOLD1,2017-06-29 09:21:00+05:30,25.6,25.6,25.3,25.5,194590
GOLD1,2017-06-30 09:15:00+05:30,25.5,25.5,25.3,25.45,187990
GOLD1,2017-07-03 09:15:00+05:30,25.45,25.45,25.15,25.35,140620
GOLD1,2017-07-04 09:15:00+05:30,25.0,25.35,25.0,25.05,88400
GOLD1,2017-07-05 09:20:00+05:30,25.05,25.2,24.95,25.1,78240
GOLD1,2017-07-06 09:15:00+05:30,25.05,25.25,25.0,25.2,132050
GOLD1,2017-07-07 09:17:00+05:30,25.2,25.2,25.0,25.15,90840
GOLD1,2017-07-10 12:30:00+05:30,25.0,25.15,24.6,25.1,38870
GOLD1,2017-07-11 09:15:00+05:30,25.2,25.3,24.85,24.95,66790
GOLD1,2017-07-12 09:15:00+05:30,25.25,25.25,24.7,24.8,102890
GOLD1,2017-07-13 09:16:00+05:30,24.75,25.0,24.75,24.9,78340
GOLD1,2017-07-14 09:15:00+05:30,24.9,25.0,24.7,24.9,164640
GOLD1,2017-07-17 09:15:00+05:30,24.95,25.25,24.9,24.95,63890
GOLD1,2017-07-18 09:15:00+05:30,25.0,25.2,24.95,25.05,39640
GOLD1,2017-07-19 09:15:00+05:30,25.05,25.15,25.0,25.05,91870
GOLD1,2017-07-20 09:18:00+05:30,25.05,25.1,25.0,25.0,45020
GOLD1,2017-07-21 09:15:00+05:30,25.05,25.2,25.05,25.05,44640
GOLD1,2017-07-24 09:15:00+05:30,25.1,25.3,25.1,25.25,65950
GOLD1,2017-07-25 09:15:00+05:30,25.35,25.35,25.1,25.15,47680
GOLD1,2017-07-26 09:15:00+05:30,25.25,25.25,24.95,25.0,97540
GOLD1,2017-07-27 09:15:00+05:30,25.1,25.3,25.05,25.2,188560
GOLD1,2017-07-28 09:15:00+05:30,25.2,25.2,24.9,25.05,87260
GOLD1,2017-07-31 09:15:00+05:30,25.1,25.25,25.05,25.2,147170
GOLD1,2017-08-01 09:20:00+05:30,25.3,25.35,25.15,25.25,31890
GOLD1,2017-08-02 09:25:00+05:30,25.25,25.25,25.0,25.1,44580
GOLD1,2017-08-03 09:15:00+05:30,25.1,25.1,24.9,25.0,41530
GOLD1,2017-08-04 09:20:00+05:30,25.1,25.2,25.05,25.15,38600
GOLD1,2017-08-07 09:15:00+05:30,25.15,25.15,24.85,25.0,399340
GOLD1,2017-08-08 09:15:00+05:30,25.3,25.3,24.95,25.1,735370
GOLD1,2017-08-09 09:15:00+05:30,25.1,25.25,25.05,25.1,157730
GOLD1,2017-08-10 09:17:00+05:30,25.3,25.5,25.25,25.3,243070
GOLD1,2017-08-11 09:15:00+05:30,25.35,25.65,25.3,25.6,251290
GOLD1,2017-08-14 09:15:00+05:30,25.35,25.55,25.3,25.5,262270
GOLD1,2017-08-16 09:15:00+05:30,25.3,25.6,25.3,25.6,263570
GOLD1,2017-08-17 09:15:00+05:30,25.45,26.1,25.45,26.05,417460
GOLD1,2017-08-18 09:16:00+05:30,26.05,26.55,26.05,26.3,1092660
GOLD1,2017-08-21 09:18:00+05:30,26.1,26.3,25.55,25.75,87080
GOLD1,2017-08-22 09:18:00+05:30,26.15,26.15,25.6,25.7,62880
GOLD1,2017-08-23 09:16:00+05:30,25.7,25.8,25.5,25.55,638230
GOLD1,2017-08-24 09:15:00+05:30,25.8,25.8,25.5,25.55,32570
GOLD1,2017-08-28 09:15:00+05:30,25.55,25.9,25.55,25.75,134090
GOLD1,2017-08-29 09:15:00+05:30,26.0,26.4,26.0,26.3,615240
GOLD1,2017-08-30 09:16:00+05:30,26.3,26.3,25.9,26.1,114430
GOLD1,2017-08-31 09:22:00+05:30,26.0,26.05,25.9,26.0,102260
GOLD1,2017-09-01 09:15:00+05:30,26.15,26.3,26.1,26.15,219870
GOLD1,2017-09-04 09:15:00+05:30,26.3,26.65,26.3,26.6,415480
GOLD1,2017-09-05 09:15:00+05:30,26.4,26.7,26.4,26.55,286800
GOLD1,2017-09-06 09:16:00+05:30,26.9,26.9,26.55,26.7,233970
GOLD1,2017-09-07 09:19:00+05:30,26.75,26.75,26.45,26.5,70900
GOLD1,2017-09-08 09:15:00+05:30,26.6,26.85,26.6,26.75,202450
GOLD1,2017-09-11 09:17:00+05:30,26.5,26.55,26.35,26.5,923470
GOLD1,2017-09-12 09:15:00+05:30,26.3,26.5,26.2,26.35,159630
GOLD1,2017-09-13 09:20:00+05:30,26.4,26.45,26.4,26.45,143900
GOLD1,2017-09-14 09:17:00+05:30,26.4,26.45,26.2,26.25,97160
GOLD1,2017-09-15 09:15:00+05:30,26.3,26.5,26.25,26.25,216550
GOLD1,2017-09-18 09:15:00+05:30,26.2,26.35,26.05,26.15,148600
GOLD1,2017-09-19 09:15:00+05:30,26.2,26.2,26.0,26.1,91960
GOLD1,2017-09-20 09:19:00+05:30,26.2,26.4,26.2,26.3,109930
GOLD1,2017-09-21 09:15:00+05:30,26.2,26.2,25.95,26.05,74270
GOLD1,2017-09-22 09:18:00+05:30,26.3,26.5,26.15,26.25,84230
GOLD1,2017-09-25 09:25:00+05:30,26.2,26.45,26.05,26.3,507850
GOLD1,2017-09-26 09:15:00+05:30,26.5,26.7,26.45,26.6,158530
GOLD1,2017-09-27 09:19:00+05:30,26.55,26.55,26.25,26.45,71240
GOLD1,2017-09-28 09:32:00+05:30,26.25,26.4,26.25,26.25,34140
GOLD1,2017-09-29 09:17:00+05:30,26.3,26.4,26.1,26.15,98820
GOLD1,2017-10-03 09:15:00+05:30,26.4,26.4,25.9,26.2,84790
GOLD1,2017-10-04 09:20:00+05:30,26.25,26.25,26.0,26.1,94180
GOLD1,2017-10-05 09:16:00+05:30,26.15,26.25,25.95,26.1,655220
GOLD1,2017-10-06 09:18:00+05:30,25.95,26.1,25.9,25.9,98950
GOLD1,2017-10-09 09:15:00+05:30,26.1,26.35,25.9,26.2,199470
GOLD1,2017-10-10 09:20:00+05:30,26.15,26.4,26.15,26.25,118290
GOLD1,2017-10-11 09:19:00+05:30,26.25,26.4,26.1,26.4,155980
GOLD1,2017-10-12 09:17:00+05:30,26.4,26.45,26.25,26.45,97600
GOLD1,2017-10-13 09:21:00+05:30,26.45,26.5,26.3,26.45,286280
GOLD1,2017-10-16 09:15:00+05:30,26.45,26.65,26.45,26.55,239810
GOLD1,2017-10-17 09:15:00+05:30,26.5,27.5,26.45,27.0,3530370
GOLD1,2017-10-18 09:15:00+05:30,26.8,27.0,26.5,26.9,294370
GOLD1,2017-10-23 09:15:00+05:30,27.0,27.0,26.3,26.35,63500
GOLD1,2017-10-24 09:15:00+05:30,26.35,26.8,26.25,26.35,87030
GOLD1,2017-10-25 09:17:00+05:30,26.35,26.4,26.15,26.2,98280
GOLD1,2017-10-26 09:16:00+05:30,26.2,26.45,26.05,26.1,131150
GOLD1,2017-10-27 09:15:00+05:30,25.85,26.15,25.8,25.85,104890
GOLD1,2017-10-30 09:15:00+05:30,25.85,25.95,25.8,25.8,124990
GOLD1,2017-10-31 09:16:00+05:30,25.85,26.15,25.85,25.95,113520
GOLD1,2017-11-01 09:16:00+05:30,26.05,26.05,25.75,25.9,118440
GOLD1,2017-11-02 09:18:00+05:30,25.9,26.0,25.8,25.85,79770
GOLD1,2017-11-03 09:15:00+05:30,25.8,25.85,25.25,25.75,124490
GOLD1,2017-11-06 09:15:00+05:30,25.75,25.9,25.6,25.9,123070
GOLD1,2017-11-07 09:15:00+05:30,25.95,26.0,25.8,25.95,722140
GOLD1,2017-11-08 09:15:00+05:30,25.9,26.0,25.85,26.0,138390
GOLD1,2017-11-09 09:15:00+05:30,26.0,26.2,25.95,26.1,76120
GOLD1,2017-11-10 09:18:00+05:30,26.1,26.15,26.0,26.05,97270
GOLD1,2017-11-13 09:29:00+05:30,26.0,26.1,25.9,26.1,333190
GOLD1,2017-11-14 09:16:00+05:30,26.1,26.15,25.8,25.9,269050
GOLD1,2017-11-15 09:15:00+05:30,25.95,26.15,25.9,26.1,196300
GOLD1,2017-11-16 09:16:00+05:30,25.95,26.05,25.85,25.85,50910
GOLD1,2017-11-17 09:18:00+05:30,25.85,25.95,25.8,25.85,55250
GOLD1,2017-11-20 09:15:00+05:30,25.9,26.15,25.9,26.1,317250
GOLD1,2017-11-21 09:15:00+05:30,25.8,26.0,25.8,25.95,104530
GOLD1,2017-11-22 09:19:00+05:30,25.85,25.95,25.8,25.85,96540
GOLD1,2017-11-23 09:15:00+05:30,25.9,26.0,25.85,25.9,59070
GOLD1,2017-11-24 09:15:00+05:30,25.9,26.0,25.85,25.95,55220
GOLD1,2017-11-27 09:15:00+05:30,25.85,26.05,25.8,26.0,264340
GOLD1,2017-11-28 09:18:00+05:30,25.9,26.05,25.85,25.95,79880
GOLD1,2017-11-29 09:15:00+05:30,25.9,26.0,25.85,25.9,44350
GOLD1,2017-11-30 09:17:00+05:30,25.8,25.9,25.7,25.75,45990
GOLD1,2017-12-01 09:15:00+05:30,26.0,26.0,25.6,25.65,100630
GOLD1,2017-12-04 09:15:00+05:30,25.65,25.65,25.5,25.55,90860
GOLD1,2017-12-05 09:15:00+05:30,25.55,25.65,25.5,25.55,129660
GOLD1,2017-12-06 09:15:00+05:30,25.6,25.6,25.3,25.4,130480
GOLD1,2017-12-07 09:15:00+05:30,25.3,25.45,25.25,25.4,128390
GOLD1,2017-12-08 09:20:00+05:30,25.35,25.35,25.05,25.1,238680
GOLD1,2017-12-11 09:15:00+05:30,25.15,25.5,25.0,25.15,71860
GOLD1,2017-12-12 09:15:00+05:30,25.1,25.15,25.0,25.1,121500
GOLD1,2017-12-13 09:15:00+05:30,25.2,25.55,25.0,25.1,184860
GOLD1,2017-12-14 09:17:00+05:30,25.25,25.3,25.15,25.25,148280
GOLD1,2017-12-15 09:15:00+05:30,25.35,25.35,25.05,25.1,97190
GOLD1,2017-12-18 09:15:00+05:30,25.1,25.3,25.0,25.05,95770
GOLD1,2017-12-19 09:15:00+05:30,25.05,25.2,25.05,25.1,79580
GOLD1,2017-12-20 09:17:00+05:30,25.25,25.3,25.05,25.2,98940
GOLD1,2017-12-21 09:17:00+05:30,25.3,25.35,25.15,25.25,116020
GOLD1,2017-12-22 09:21:00+05:30,25.25,25.3,25.2,25.25,62460
GOLD1,2017-12-26 09:15:00+05:30,25.3,25.5,25.25,25.4,89360
GOLD1,2017-12-27 09:18:00+05:30,25.4,25.65,25.35,25.6,92360
GOLD1,2017-12-28 09:15:00+05:30,25.5,25.8,25.5,25.75,103410
GOLD1,2017-12-29 09:15:00+05:30,25.9,25.9,25.6,25.75,91740
GOLD1,2018-01-01 09:15:00+05:30,26.0,26.0,25.85,25.85,69350
GOLD1,2018-01-02 09:15:00+05:30,26.0,26.0,25.8,25.95,95020
GOLD1,2018-01-03 09:15:00+05:30,25.9,26.0,25.85,25.85,129670
GOLD1,2018-01-04 09:20:00+05:30,25.9,25.9,25.7,25.8,170800
GOLD1,2018-01-05 09:15:00+05:30,25.85,26.1,25.85,25.95,140360
GOLD1,2018-01-08 09:15:00+05:30,26.1,26.1,25.8,25.9,228580
GOLD1,2018-01-09 09:15:00+05:30,25.9,26.05,25.85,26.0,232230
GOLD1,2018-01-10 09:15:00+05:30,26.0,26.05,25.85,26.0,55940
GOLD1,2018-01-11 09:15:00+05:30,26.05,26.3,26.0,26.15,386700
GOLD1,2018-01-12 09:15:00+05:30,26.1,26.4,26.1,26.3,140220
GOLD1,2018-01-15 09:15:00+05:30,26.35,26.5,26.3,26.45,453060
GOLD1,2018-01-16 09:16:00+05:30,26.4,26.8,26.4,26.6,371910
GOLD1,2018-01-17 09:17:00+05:30,26.7,26.7,26.45,26.5,99930
GOLD1,2018-01-18 09:15:00+05:30,26.25,26.45,26.2,26.25,96940
GOLD1,2018-01-19 09:19:00+05:30,26.4,26.4,26.25,26.3,121360
GOLD1,2018-01-22 09:15:00+05:30,26.3,26.4,26.2,26.3,113570
GOLD1,2018-01-23 09:15:00+05:30,26.35,26.5,26.3,26.45,237460
GOLD1,2018-01-24 09:15:00+05:30,26.4,26.7,26.4,26.6,972970
GOLD1,2018-01-25 09:16:00+05:30,26.75,26.9,26.65,26.8,382270
GOLD1,2018-01-29 09:15:00+05:30,26.75,26.8,26.55,26.7,209500
GOLD1,2018-01-30 09:15:00+05:30,26.65,26.7,26.4,26.5,121190
GOLD1,2018-01-31 09:15:00+05:30,26.5,26.6,26.45,26.5,203190
GOLD1,2018-02-01 09:19:00+05:30,26.6,26.7,26.35,26.6,123220
GOLD1,2018-02-02 09:15:00+05:30,26.9,26.9,26.7,26.75,304120
GOLD1,2018-02-05 09:15:00+05:30,26.7,26.7,26.4,26.55,435930
GOLD1,2018-02-06 09:15:00+05:30,26.7,26.9,26.65,26.75,483660
GOLD1,2018-02-07 09:15:00+05:30,26.45,26.65,26.45,26.55,156810
GOLD1,2018-02-08 09:15:00+05:30,26.4,26.5,26.2,26.25,231750
GOLD1,2018-02-09 09:15:00+05:30,26.4,26.6,26.3,26.35,86540
GOLD1,2018-02-12 09:17:00+05:30,26.4,26.5,26.35,26.45,78660
GOLD1,2018-02-14 09:15:00+05:30,26.55,26.75,26.5,26.65,209510
GOLD1,2018-02-15 09:15:00+05:30,26.8,26.95,26.75,26.9,369820
GOLD1,2018-02-16 09:15:00+05:30,26.95,27.1,26.85,27.1,554370
GOLD1,2018-02-19 09:15:00+05:30,27.1,27.1,26.9,27.05,638180
GOLD1,2018-02-20 09:15:00+05:30,27.0,27.1,26.75,26.95,193430
GOLD1,2018-02-21 09:18:00+05:30,26.85,26.85,26.75,26.8,103320
GOLD1,2018-02-22 09:15:00+05:30,26.8,26.9,26.7,26.8,195520
GOLD1,2018-02-23 09:20:00+05:30,26.95,26.95,26.7,26.8,99140
GOLD1,2018-02-26 09:15:00+05:30,27.0,27.0,26.8,26.95,129640
GOLD1,2018-02-27 09:15:00+05:30,26.85,26.95,26.8,26.9,95320
GOLD1,2018-02-28 09:15:00+05:30,26.7,26.85,26.7,26.7,47810
GOLD1,2018-03-01 09:15:00+05:30,27.0,27.0,26.55,26.6,48720
GOLD1,2018-03-05 09:15:00+05:30,26.7,26.95,26.7,26.9,105480
GOLD1,2018-03-06 09:17:00+05:30,26.75,26.95,26.55,26.8,316240
GOLD1,2018-03-07 09:18:00+05:30,26.95,27.05,26.85,27.0,163370
GOLD1,2018-03-08 09:19:00+05:30,26.95,26.95,26.8,26.9,96300
GOLD1,2018-03-09 09:19:00+05:30,26.8,26.8,26.6,26.7,69040
GOLD1,2018-03-12 09:15:00+05:30,26.65,26.8,26.55,26.65,64580
GOLD1,2018-03-13 09:18:00+05:30,26.7,26.7,26.55,26.6,59980
GOLD1,2018-03-14 09:15:00+05:30,26.8,26.9,26.7,26.75,182040
GOLD1,2018-03-15 09:16:00+05:30,26.7,26.9,26.6,26.6,65560
GOLD1,2018-03-16 09:15:00+05:30,26.6,26.7,26.5,26.65,99350
GOLD1,2018-03-19 09:15:00+05:30,26.6,26.6,26.45,26.5,81760
GOLD1,2018-03-20 09:17:00+05:30,26.6,26.7,26.5,26.55,691830
GOLD1,2018-03-21 09:22:00+05:30,26.55,26.7,26.5,26.6,84210
GOLD1,2018-03-22 09:15:00+05:30,26.7,26.85,26.7,26.8,117200
GOLD1,2018-03-23 09:16:00+05:30,26.9,27.05,26.9,26.95,225340
GOLD1,2018-03-26 09:16:00+05:30,27.0,27.1,26.85,27.0,162670
GOLD1,2018-03-27 09:15:00+05:30,27.0,27.1,26.95,27.1,208150
GOLD1,2018-03-28 09:15:00+05:30,27.1,27.15,26.8,26.95,166200
GOLD1,2018-04-02 09:15:00+05:30,26.9,27.1,26.75,26.9,118520
GOLD1,2018-04-03 09:15:00+05:30,27.1,27.15,27.0,27.05,124910
GOLD1,2018-04-04 09:15:00+05:30,27.05,27.25,26.95,27.2,132570
GOLD1,2018-04-05 09:15:00+05:30,27.05,27.15,26.9,26.9,34880
GOLD1,2018-04-06 09:17:00+05:30,27.1,27.1,26.75,26.8,40020
GOLD1,2018-04-09 09:15:00+05:30,26.8,27.2,26.8,26.95,60680
GOLD1,2018-04-10 09:15:00+05:30,26.95,27.2,26.95,27.1,41800
GOLD1,2018-04-11 09:15:00+05:30,27.1,27.4,27.1,27.3,225550
GOLD1,2018-04-12 09:15:00+05:30,27.4,27.6,27.4,27.6,206790
GOLD1,2018-04-13 09:15:00+05:30,27.4,27.4,27.2,27.4,67840
GOLD1,2018-04-16 09:19:00+05:30,27.6,27.95,27.5,27.85,336430
GOLD1,2018-04-17 09:16:00+05:30,27.7,27.95,27.7,27.8,420940
GOLD1,2018-04-18 09:15:00+05:30,28.0,28.35,27.9,28.15,4221060
GOLD1,2018-04-19 09:15:00+05:30,28.3,28.3,27.7,27.8,389490
GOLD1,2018-04-20 09:15:00+05:30,27.85,28.75,27.7,27.8,350140
GOLD1,2018-04-23 09:15:00+05:30,27.8,27.8,27.55,27.55,143130
GOLD1,2018-04-24 09:15:00+05:30,27.85,29.35,27.45,27.55,125620
GOLD1,2018-04-25 09:17:00+05:30,27.5,27.8,27.5,27.7,105330
GOLD1,2018-04-26 09:19:00+05:30,27.85,27.95,27.6,27.8,783370
GOLD1,2018-04-27 09:19:00+05:30,27.8,28.0,27.5,27.9,106510
GOLD1,2018-04-30 09:15:00+05:30,27.9,28.0,27.7,27.95,90160
GOLD1,2018-05-02 09:15:00+05:30,27.5,27.7,27.5,27.5,112390
GOLD1,2018-05-03 09:15:00+05:30,27.5,27.65,27.25,27.3,111770
GOLD1,2018-05-04 09:16:00+05:30,27.5,27.5,27.25,27.25,106560
GOLD1,2018-05-07 09:15:00+05:30,27.25,27.65,27.25,27.45,173590
GOLD1,2018-05-08 09:18:00+05:30,27.6,27.6,27.25,27.25,39410
GOLD1,2018-05-09 09:15:00+05:30,27.3,27.6,27.3,27.5,122930
GOLD1,2018-05-10 09:16:00+05:30,27.4,27.8,27.4,27.75,165940
GOLD1,2018-05-11 09:18:00+05:30,27.8,28.25,27.75,28.1,228160
GOLD1,2018-05-14 09:15:00+05:30,28.05,28.1,27.75,27.85,138030
GOLD1,2018-05-15 09:21:00+05:30,27.85,27.85,27.6,27.75,345320
GOLD1,2018-05-16 09:15:00+05:30,27.7,27.7,27.3,27.4,807850
GOLD1,2018-05-17 09:15:00+05:30,27.2,27.6,27.2,27.2,50530
GOLD1,2018-05-18 09:20:00+05:30,27.35,27.35,27.25,27.25,64070
GOLD1,2018-05-21 09:15:00+05:30,27.25,27.4,27.2,27.3,169330
GOLD1,2018-05-22 09:15:00+05:30,27.25,27.5,27.2,27.5,314370
GOLD1,2018-05-23 09:15:00+05:30,27.5,27.55,27.4,27.45,152940
GOLD1,2018-05-24 09:18:00+05:30,27.6,27.6,27.4,27.5,81500
GOLD1,2018-05-25 09:15:00+05:30,27.6,27.75,27.4,27.45,246520
GOLD1,2018-05-28 09:17:00+05:30,27.45,27.45,27.25,27.35,40180
GOLD1,2018-05-29 09:15:00+05:30,27.35,27.65,27.35,27.6,55410
GOLD1,2018-05-30 09:16:00+05:30,27.6,27.6,27.3,27.4,65980
GOLD1,2018-05-31 09:17:00+05:30,27.55,27.55,27.35,27.4,118040
GOLD1,2018-06-01 09:15:00+05:30,27.7,27.7,27.2,27.25,42250
GOLD1,2018-06-04 09:15:00+05:30,27.2,27.2,26.9,27.0,68500
GOLD1,2018-06-05 09:19:00+05:30,27.05,27.05,26.9,27.0,110690
GOLD1,2018-06-06 09:15:00+05:30,26.9,27.2,26.9,27.05,90230
GOLD1,2018-06-07 09:18:00+05:30,27.15,27.15,27.0,27.0,43280
GOLD1,2018-06-08 09:20:00+05:30,27.4,27.4,27.1,27.25,31720
GOLD1,2018-06-11 09:15:00+05:30,27.15,27.25,27.05,27.1,184790
GOLD1,2018-06-12 09:17:00+05:30,27.1,27.25,27.0,27.1,88560
GOLD1,2018-06-13 09:19:00+05:30,27.1,27.15,27.0,27.15,113640
GOLD1,2018-06-14 09:15:00+05:30,27.1,27.35,27.1,27.3,48800
GOLD1,2018-06-15 09:15:00+05:30,27.3,27.4,27.25,27.3,61930
GOLD1,2018-06-18 09:15:00+05:30,27.15,27.15,26.9,26.95,60370
GOLD1,2018-06-19 09:15:00+05:30,26.95,27.1,26.95,27.05,92850
GOLD1,2018-06-20 09:17:00+05:30,27.0,27.0,26.85,26.9,61950
GOLD1,2018-06-21 09:19:00+05:30,26.85,26.95,26.7,26.85,38290
GOLD1,2018-06-22 09:19:00+05:30,26.9,26.9,26.6,26.75,69280
GOLD1,2018-06-25 09:15:00+05:30,26.75,27.0,26.7,26.9,63580
GOLD1,2018-06-26 09:18:00+05:30,26.75,26.95,26.65,26.75,93640
GOLD1,2018-06-27 09:15:00+05:30,26.75,26.9,26.65,26.85,593520
GOLD1,2018-06-28 09:16:00+05:30,26.85,26.9,26.75,26.8,109840
GOLD1,2018-06-29 09:15:00+05:30,26.65,26.8,26.55,26.6,77130
GOLD1,2018-07-02 09:15:00+05:30,26.5,26.75,26.5,26.7,98700
GOLD1,2018-07-03 09:18:00+05:30,26.65,26.65,26.5,26.5,58670
GOLD1,2018-07-04 09:16:00+05:30,26.65,26.85,26.65,26.8,78140
GOLD1,2018-07-05 09:16:00+05:30,26.8,26.85,26.65,26.7,64120
GOLD1,2018-07-06 09:16:00+05:30,26.9,26.95,26.65,26.85,108640
GOLD1,2018-07-09 09:17:00+05:30,26.9,27.0,26.7,26.9,223020
GOLD1,2018-07-10 09:19:00+05:30,26.95,26.95,26.75,26.8,89400
GOLD1,2018-07-11 09:18:00+05:30,26.85,26.9,26.7,26.85,33380
GOLD1,2018-07-12 09:18:00+05:30,26.7,26.75,26.5,26.55,24030
GOLD1,2018-07-13 09:16:00+05:30,26.4,26.7,26.35,26.4,91840
GOLD1,2018-07-16 09:15:00+05:30,26.4,26.6,26.4,26.45,60810
GOLD1,2018-07-17 09:18:00+05:30,26.4,26.4,26.25,26.3,29920
GOLD1,2018-07-18 09:15:00+05:30,26.15,26.15,25.95,26.0,101240
GOLD1,2018-07-19 09:15:00+05:30,26.2,26.3,26.0,26.3,233840
GOLD1,2018-07-20 09:17:00+05:30,26.35,26.35,26.1,26.2,52090
GOLD1,2018-07-23 09:54:00+05:30,26.2,26.55,26.2,26.3,672480
GOLD1,2018-07-24 09:18:00+05:30,26.3,26.35,26.05,26.25,111660
GOLD1,2018-07-25 09:15:00+05:30,26.35,26.35,26.25,26.3,69150
GOLD1,2018-07-26 09:19:00+05:30,26.45,26.45,26.2,26.25,89650
GOLD1,2018-07-27 09:18:00+05:30,26.25,26.25,26.1,26.15,26170
GOLD1,2018-07-30 09:15:00+05:30,26.15,26.25,26.0,26.2,131650
GOLD1,2018-07-31 09:17:00+05:30,26.2,26.25,26.05,26.05,52770
GOLD1,2018-08-01 09:18:00+05:30,26.2,26.2,26.0,26.05,48520
GOLD1,2018-08-02 09:15:00+05:30,26.0,26.35,25.8,26.05,90470
GOLD1,2018-08-03 09:18:00+05:30,26.05,26.05,25.8,25.85,58400
GOLD1,2018-08-06 09:15:00+05:30,26.0,26.2,25.9,25.95,94910
GOLD1,2018-08-07 09:19:00+05:30,25.95,26.15,25.9,26.05,29300
GOLD1,2018-08-08 09:17:00+05:30,26.2,26.2,25.95,26.0,53250
GOLD1,2018-08-09 09:15:00+05:30,26.0,26.2,25.9,26.1,100160
GOLD1,2018-08-10 09:17:00+05:30,26.1,26.15,25.9,25.95,43820
GOLD1,2018-08-13 09:15:00+05:30,26.05,26.2,26.0,26.15,138190
GOLD1,2018-08-14 09:15:00+05:30,26.1,26.1,25.95,26.0,56480
GOLD1,2018-08-16 09:15:00+05:30,25.85,25.9,25.75,25.8,55020
GOLD1,2018-08-17 09:16:00+05:30,25.8,25.9,25.7,25.8,24110
GOLD1,2018-08-20 09:15:00+05:30,25.8,26.0,25.75,25.8,127340
GOLD1,2018-08-21 09:17:00+05:30,26.0,26.0,25.8,25.85,133490
GOLD1,2018-08-23 09:19:00+05:30,25.95,25.95,25.85,25.9,38750
GOLD1,2018-08-24 09:20:00+05:30,25.95,26.0,25.85,26.0,272610
GOLD1,2018-08-27 09:15:00+05:30,26.0,26.3,26.0,26.3,786780
GOLD1,2018-08-28 09:19:00+05:30,26.3,26.45,26.25,26.4,335360
GOLD1,2018-08-29 09:15:00+05:30,26.4,26.5,26.1,26.45,284220
GOLD1,2018-08-30 09:16:00+05:30,26.5,26.6,26.35,26.5,198900
GOLD1,2018-08-31 09:15:00+05:30,26.5,26.65,26.4,26.6,76230
GOLD1,2018-09-03 09:15:00+05:30,26.5,26.55,26.35,26.45,104850
GOLD1,2018-09-04 09:15:00+05:30,26.5,26.55,26.4,26.5,57070
GOLD1,2018-09-05 09:16:00+05:30,26.55,26.65,26.4,26.55,60510
GOLD1,2018-09-06 09:16:00+05:30,26.55,26.8,26.55,26.8,88690
GOLD1,2018-09-07 09:18:00+05:30,26.8,26.85,26.7,26.75,157650
GOLD1,2018-09-10 09:15:00+05:30,26.7,26.9,26.65,26.8,54360
GOLD1,2018-09-11 09:15:00+05:30,26.75,26.9,26.75,26.9,60220
GOLD1,2018-09-12 09:17:00+05:30,27.0,27.0,26.65,26.7,115840
GOLD1,2018-09-14 09:17:00+05:30,26.7,26.8,26.65,26.8,672100
GOLD1,2018-09-17 09:15:00+05:30,26.85,27.0,26.8,26.9,61390
GOLD1,2018-09-18 09:18:00+05:30,27.0,27.15,26.9,27.1,67860
GOLD1,2018-09-19 09:23:00+05:30,27.1,27.2,27.0,27.05,133970
GOLD1,2018-09-21 09:15:00+05:30,27.0,27.1,26.85,27.0,90310
GOLD1,2018-09-24 09:15:00+05:30,26.85,27.05,26.75,26.9,226360
GOLD1,2018-09-25 09:15:00+05:30,26.9,27.05,26.75,26.9,116430
GOLD1,2018-09-26 09:15:00+05:30,27.0,27.0,26.8,26.85,148120
GOLD1,2018-09-27 09:15:00+05:30,26.85,27.0,26.8,26.9,51410
GOLD1,2018-09-28 09:15:00+05:30,26.7,26.85,26.55,26.6,349080
GOLD1,2018-10-01 09:16:00+05:30,26.7,26.85,26.65,26.8,69930
GOLD1,2018-10-03 09:15:00+05:30,27.0,27.4,27.0,27.3,144510
GOLD1,2018-10-04 09:15:00+05:30,27.4,27.5,27.2,27.25,110130
GOLD1,2018-10-05 09:15:00+05:30,27.4,27.45,27.15,27.45,345640
GOLD1,2018-10-08 09:15:00+05:30,27.45,27.5,27.25,27.35,66400
GOLD1,2018-10-09 09:20:00+05:30,27.2,27.35,27.2,27.25,71720
GOLD1,2018-10-10 09:16:00+05:30,27.5,27.5,27.2,27.25,62660
GOLD1,2018-10-11 09:15:00+05:30,27.3,27.6,27.3,27.5,291600
GOLD1,2018-10-12 09:15:00+05:30,27.65,27.85,27.6,27.75,231080
GOLD1,2018-10-15 09:15:00+05:30,27.75,28.1,27.75,28.1,256110
GOLD1,2018-10-16 09:15:00+05:30,28.0,28.1,27.85,27.95,197800
GOLD1,2018-10-17 09:17:00+05:30,27.85,27.9,27.7,27.8,142550
GOLD1,2018-10-19 09:15:00+05:30,27.85,28.0,27.85,27.95,119110
GOLD1,2018-10-22 09:15:00+05:30,27.9,28.0,27.85,27.85,151030
GOLD1,2018-10-23 09:16:00+05:30,27.85,28.3,27.8,28.2,134210
GOLD1,2018-10-24 09:15:00+05:30,27.9,28.15,27.9,27.95,96250
GOLD1,2018-10-25 09:15:00+05:30,28.0,28.3,27.9,28.05,129890
GOLD1,2018-10-26 09:15:00+05:30,28.3,28.3,28.0,28.2,119260
GOLD1,2018-10-29 09:15:00+05:30,28.05,28.2,28.0,28.05,42170
GOLD1,2018-10-30 09:16:00+05:30,28.05,28.15,27.95,28.1,94030
GOLD1,2018-10-31 09:15:00+05:30,28.0,28.5,28.0,28.25,282560
GOLD1,2018-11-01 09:15:00+05:30,28.2,28.4,28.1,28.35,564890
GOLD1,2018-11-02 09:15:00+05:30,28.3,28.4,28.15,28.35,55340
GOLD1,2018-11-05 09:15:00+05:30,28.25,28.5,28.0,28.35,2344200
GOLD1,2018-11-06 09:15:00+05:30,28.5,28.5,28.0,28.4,632260
GOLD1,2018-11-09 09:15:00+05:30,28.1,28.1,27.8,28.0,118890
GOLD1,2018-11-12 09:15:00+05:30,28.0,28.0,27.45,27.5,133210
GOLD1,2018-11-13 09:16:00+05:30,27.6,27.6,27.3,27.3,39330
GOLD1,2018-11-14 09:15:00+05:30,27.3,27.4,27.0,27.15,97720
GOLD1,2018-11-15 09:16:00+05:30,27.15,27.35,27.15,27.2,67790
GOLD1,2018-11-16 09:15:00+05:30,27.15,27.3,27.05,27.05,49960
GOLD1,2018-11-19 09:15:00+05:30,27.1,27.35,27.1,27.25,96260
GOLD1,2018-11-20 09:15:00+05:30,27.1,27.25,27.05,27.1,52020
GOLD1,2018-11-21 09:16:00+05:30,27.05,27.25,27.0,27.15,102610
GOLD1,2018-11-22 09:15:00+05:30,27.2,27.2,27.05,27.15,50850
GOLD1,2018-11-26 09:15:00+05:30,27.0,27.2,26.8,27.2,72290
GOLD1,2018-11-27 09:15:00+05:30,27.1,27.15,26.9,26.95,31820
GOLD1,2018-11-28 09:15:00+05:30,27.1,27.1,26.75,26.85,42730
GOLD1,2018-11-29 09:16:00+05:30,26.95,26.95,26.75,26.75,32220
GOLD1,2018-11-30 09:16:00+05:30,26.8,26.85,26.65,26.7,32130
GOLD1,2018-12-03 00:00:00+05:30,26.7,26.95,26.65,26.9,70680
GOLD1,2018-12-04 00:00:00+05:30,26.9,27.4,26.9,27.15,108580
GOLD1,2018-12-05 00:00:00+05:30,26.9,27.2,26.9,27.05,54160
GOLD1,2018-12-06 00:00:00+05:30,27.2,27.45,27.1,27.35,156790
GOLD1,2018-12-07 00:00:00+05:30,27.3,27.3,27.05,27.15,59280
GOLD1,2018-12-10 00:00:00+05:30,27.35,27.7,27.35,27.6,143670
GOLD1,2018-12-11 00:00:00+05:30,27.8,28.2,27.8,27.95,295350
GOLD1,2018-12-12 00:00:00+05:30,27.9,27.95,27.7,27.8,414980
GOLD1,2018-12-13 00:00:00+05:30,27.4,27.75,27.4,27.6,64940
GOLD1,2018-12-14 00:00:00+05:30,27.65,27.65,27.45,27.55,34270
GOLD1,2018-12-17 00:00:00+05:30,27.6,27.7,27.35,27.4,655990
GOLD1,2018-12-18 00:00:00+05:30,27.6,27.6,27.25,27.35,348200
GOLD1,2018-12-19 00:00:00+05:30,27.25,27.25,27.0,27.15,301990
GOLD1,2018-12-20 00:00:00+05:30,27.25,27.25,27.05,27.2,144620
GOLD1,2018-12-21 00:00:00+05:30,27.5,27.5,27.2,27.35,25900
GOLD1,2018-12-24 00:00:00+05:30,27.4,27.55,27.3,27.4,53660
GOLD1,2018-12-26 00:00:00+05:30,27.45,27.85,27.45,27.6,164430
GOLD1,2018-12-27 00:00:00+05:30,27.75,27.75,27.5,27.65,123480
GOLD1,2018-12-28 00:00:00+05:30,27.7,27.8,27.6,27.7,84890
GOLD1,2018-12-31 00:00:00+05:30,27.7,27.7,27.55,27.65,117720
GOLD1,2019-01-01 00:00:00+05:30,27.75,27.75,27.6,27.7,36330
GOLD1,2019-01-02 00:00:00+05:30,27.8,27.9,27.6,27.85,516210
GOLD1,2019-01-03 00:00:00+05:30,27.9,28.1,27.85,28.0,122980
GOLD1,2019-01-04 00:00:00+05:30,28.0,28.25,27.85,27.9,100710
GOLD1,2019-01-07 00:00:00+05:30,27.75,27.9,27.65,27.85,180170
GOLD1,2019-01-08 00:00:00+05:30,27.8,27.9,27.7,27.8,53960
GOLD1,2019-01-09 00:00:00+05:30,27.9,28.0,27.7,27.9,72110
GOLD1,2019-01-10 00:00:00+05:30,28.1,28.3,28.1,28.2,123520
GOLD1,2019-01-11 00:00:00+05:30,28.3,28.3,28.1,28.2,26900
GOLD1,2019-01-14 00:00:00+05:30,28.3,28.3,28.05,28.25,67320
GOLD1,2019-01-15 00:00:00+05:30,28.2,28.3,28.2,28.25,106150
GOLD1,2019-01-16 00:00:00+05:30,28.2,28.4,28.2,28.35,105240
GOLD1,2019-01-17 00:00:00+05:30,28.3,28.5,28.3,28.4,97540
GOLD1,2019-01-18 00:00:00+05:30,28.3,28.5,28.25,28.3,113290
GOLD1,2019-01-21 00:00:00+05:30,28.3,28.4,28.1,28.15,61200
GOLD1,2019-01-22 00:00:00+05:30,28.15,28.35,28.0,28.3,174870
GOLD1,2019-01-23 00:00:00+05:30,28.3,28.3,28.2,28.3,91640
GOLD1,2019-01-24 00:00:00+05:30,28.3,28.3,28.1,28.15,87020
GOLD1,2019-01-25 00:00:00+05:30,28.1,28.25,28.1,28.2,116070
GOLD1,2019-01-28 00:00:00+05:30,28.35,28.6,28.35,28.55,721230
GOLD1,2019-01-29 00:00:00+05:30,28.85,28.85,28.55,28.7,94540
GOLD1,2019-01-30 00:00:00+05:30,28.8,28.95,28.8,28.85,264720
GOLD1,2019-01-31 00:00:00+05:30,28.85,28.95,28.8,28.9,307320
GOLD1,2019-02-01 00:00:00+05:30,28.8,29.05,28.75,29.0,77400
GOLD1,2019-02-04 00:00:00+05:30,29.1,29.3,29.05,29.1,202150
GOLD1,2019-02-05 00:00:00+05:30,29.05,29.2,29.05,29.15,94840
GOLD1,2019-02-06 00:00:00+05:30,29.1,29.25,29.05,29.15,77810
GOLD1,2019-02-07 00:00:00+05:30,29.0,29.05,28.8,28.8,47860
GOLD1,2019-02-08 00:00:00+05:30,28.75,29.0,28.75,28.85,113170
GOLD1,2019-02-11 00:00:00+05:30,28.85,29.1,28.85,28.9,62180
GOLD1,2019-02-12 00:00:00+05:30,29.0,29.0,28.75,28.8,69880
GOLD1,2019-02-13 00:00:00+05:30,28.75,28.8,28.65,28.75,62700
GOLD1,2019-02-14 00:00:00+05:30,28.7,28.85,28.7,28.75,55530
GOLD1,2019-02-15 00:00:00+05:30,28.85,29.1,28.85,29.0,113520
GOLD1,2019-02-18 00:00:00+05:30,29.2,29.9,29.15,29.35,164910
GOLD1,2019-02-19 00:00:00+05:30,29.35,29.45,29.25,29.4,155000
GOLD1,2019-02-20 00:00:00+05:30,29.55,29.8,29.45,29.6,322600
GOLD1,2019-02-21 00:00:00+05:30,29.5,29.7,29.35,29.55,222330
GOLD1,2019-02-22 00:00:00+05:30,29.35,29.45,29.15,29.2,76240
GOLD1,2019-02-25 00:00:00+05:30,29.35,29.45,29.25,29.3,69290
GOLD1,2019-02-26 00:00:00+05:30,29.4,29.5,29.15,29.15,166710
GOLD1,2019-02-27 00:00:00+05:30,29.15,29.35,29.15,29.2,106820
GOLD1,2019-02-28 00:00:00+05:30,29.05,29.2,29.0,29.2,121770
GOLD1,2019-03-01 00:00:00+05:30,28.9,29.0,28.6,28.65,145560
GOLD1,2019-03-05 00:00:00+05:30,28.4,28.4,28.1,28.2,127070
GOLD1,2019-03-06 00:00:00+05:30,28.2,28.3,28.1,28.2,232870
GOLD1,2019-03-07 00:00:00+05:30,28.1,28.15,28.0,28.1,665190
GOLD1,2019-03-08 00:00:00+05:30,28.5,28.5,28.1,28.45,107370
GOLD1,2019-03-11 00:00:00+05:30,28.55,28.6,28.3,28.4,53250
GOLD1,2019-03-12 00:00:00+05:30,28.3,28.4,28.15,28.25,77820
GOLD1,2019-03-13 00:00:00+05:30,28.4,28.4,28.2,28.3,123390
GOLD1,2019-03-14 00:00:00+05:30,28.2,28.3,28.2,28.2,49910
GOLD1,2019-03-15 00:00:00+05:30,28.05,28.2,28.05,28.2,92260
GOLD1,2019-03-18 00:00:00+05:30,28.1,28.1,28.0,28.05,39570
GOLD1,2019-03-19 00:00:00+05:30,28.05,28.25,28.0,28.1,65430
GOLD1,2019-03-20 00:00:00+05:30,28.1,28.2,27.9,27.95,63700
GOLD1,2019-03-22 00:00:00+05:30,27.95,28.2,27.95,28.15,46610
GOLD1,2019-03-25 00:00:00+05:30,28.2,28.35,28.1,28.15,90210
GOLD1,2019-03-26 00:00:00+05:30,28.15,28.2,28.05,28.1,42050
GOLD1,2019-03-27 00:00:00+05:30,28.15,28.2,27.85,28.0,162460
GOLD1,2019-03-28 00:00:00+05:30,27.95,28.0,27.85,28.0,48670
GOLD1,2019-03-29 00:00:00+05:30,27.8,27.95,27.6,27.85,74220
GOLD1,2019-04-01 00:00:00+05:30,27.9,28.0,27.8,27.85,47830
GOLD1,2019-04-02 00:00:00+05:30,27.8,27.9,27.7,27.75,71270
GOLD1,2019-04-03 00:00:00+05:30,27.75,27.95,27.7,27.8,88170
GOLD1,2019-04-04 00:00:00+05:30,27.8,28.2,27.75,28.1,140810
GOLD1,2019-04-05 00:00:00+05:30,28.2,28.2,27.85,28.05,32760
GOLD1,2019-04-08 00:00:00+05:30,28.2,28.35,28.0,28.15,78910
GOLD1,2019-04-09 00:00:00+05:30,28.15,28.4,28.15,28.2,127420
GOLD1,2019-04-10 00:00:00+05:30,28.1,28.3,28.0,28.2,63630
GOLD1,2019-04-11 00:00:00+05:30,28.25,28.25,28.05,28.15,49600
GOLD1,2019-04-12 00:00:00+05:30,28.0,28.15,27.95,28.05,31020
GOLD1,2019-04-15 00:00:00+05:30,27.9,28.0,27.85,27.9,55100
GOLD1,2019-04-16 00:00:00+05:30,28.5,28.5,27.85,27.95,41710
GOLD1,2019-04-18 00:00:00+05:30,27.7,27.8,27.6,27.7,72380
GOLD1,2019-04-22 00:00:00+05:30,27.85,28.0,27.8,27.95,33290
GOLD1,2019-04-23 00:00:00+05:30,28.0,28.0,27.75,27.85,35460
GOLD1,2019-04-24 00:00:00+05:30,27.9,28.0,27.8,27.95,48100
GOLD1,2019-04-25 00:00:00+05:30,28.1,28.2,27.95,28.15,74430
GOLD1,2019-04-26 00:00:00+05:30,28.15,28.25,27.85,28.1,34700
GOLD1,2019-04-30 00:00:00+05:30,28.0,28.3,28.0,28.2,106650
GOLD1,2019-05-02 00:00:00+05:30,27.9,28.1,27.85,27.9,51870
GOLD1,2019-05-03 00:00:00+05:30,28.0,28.05,27.7,28.0,33290
GOLD1,2019-05-06 00:00:00+05:30,28.15,28.25,28.0,28.15,83870
GOLD1,2019-05-08 00:00:00+05:30,28.5,28.5,27.9,27.95,99230
GOLD1,2019-05-09 00:00:00+05:30,28.1,28.15,27.9,28.1,53380
GOLD1,2019-05-10 00:00:00+05:30,28.0,28.2,28.0,28.0,45810
GOLD1,2019-05-13 00:00:00+05:30,28.0,28.2,28.0,28.05,60820
GOLD1,2019-05-14 00:00:00+05:30,28.3,28.5,28.25,28.35,202030
GOLD1,2019-05-15 00:00:00+05:30,28.4,28.4,28.15,28.3,73780
GOLD1,2019-05-16 00:00:00+05:30,28.3,28.35,28.2,28.2,73030
GOLD1,2019-05-17 00:00:00+05:30,28.2,28.2,27.9,27.95,59190
GOLD1,2019-05-20 00:00:00+05:30,27.7,28.0,27.5,27.7,80740
GOLD1,2019-05-21 00:00:00+05:30,27.65,27.75,27.6,27.6,54340
GOLD1,2019-05-22 00:00:00+05:30,27.6,27.75,27.55,27.6,86690
GOLD1,2019-05-23 00:00:00+05:30,27.5,27.75,27.5,27.65,69630
GOLD1,2019-05-24 00:00:00+05:30,27.75,27.85,27.7,27.75,37720
GOLD1,2019-05-27 00:00:00+05:30,27.8,27.85,27.6,27.75,74460
GOLD1,2019-05-28 00:00:00+05:30,27.8,27.9,27.75,27.85,33130
GOLD1,2019-05-29 00:00:00+05:30,27.85,28.0,27.8,27.85,121120
GOLD1,2019-05-30 00:00:00+05:30,27.9,27.9,27.7,27.75,23340
GOLD1,2019-05-31 00:00:00+05:30,27.95,28.15,27.9,28.05,78390
GOLD1,2019-06-03 00:00:00+05:30,28.15,28.4,28.05,28.3,134600
GOLD1,2019-06-04 00:00:00+05:30,28.35,28.45,28.25,28.4,106090
GOLD1,2019-06-06 00:00:00+05:30,28.3,28.6,28.3,28.55,154590
GOLD1,2019-06-07 00:00:00+05:30,28.55,28.6,28.4,28.6,118870
GOLD1,2019-06-10 00:00:00+05:30,28.5,28.65,28.4,28.45,122490
GOLD1,2019-06-11 00:00:00+05:30,28.45,28.45,28.15,28.2,76570
GOLD1,2019-06-12 00:00:00+05:30,28.4,28.55,28.3,28.45,69950
GOLD1,2019-06-13 00:00:00+05:30,28.5,28.65,28.4,28.5,203820
GOLD1,2019-06-14 00:00:00+05:30,28.65,29.0,28.55,28.9,248490
GOLD1,2019-06-17 00:00:00+05:30,28.8,29.3,28.65,29.1,527620
GOLD1,2019-06-18 00:00:00+05:30,29.4,29.5,28.75,28.85,72390
GOLD1,2019-06-19 00:00:00+05:30,28.85,28.9,28.7,28.8,43450
GOLD1,2019-06-20 00:00:00+05:30,29.3,29.5,29.15,29.4,188380
GOLD1,2019-06-21 00:00:00+05:30,29.85,30.0,29.4,29.5,255310
GOLD1,2019-06-24 00:00:00+05:30,29.7,29.9,29.6,29.7,176680
GOLD1,2019-06-25 00:00:00+05:30,30.0,30.2,29.9,30.1,941460
GOLD1,2019-06-26 00:00:00+05:30,29.9,29.9,29.5,29.55,249170
GOLD1,2019-06-27 00:00:00+05:30,29.55,29.7,29.35,29.4,159720
GOLD1,2019-06-28 00:00:00+05:30,29.7,29.75,29.45,29.7,147370
GOLD1,2019-07-01 00:00:00+05:30,29.3,29.4,29.1,29.1,268830
GOLD1,2019-07-02 00:00:00+05:30,29.2,29.3,29.0,29.2,83310
GOLD1,2019-07-03 00:00:00+05:30,29.65,29.8,29.6,29.7,101860
GOLD1,2019-07-04 00:00:00+05:30,29.65,29.65,29.4,29.45,78240
GOLD1,2019-07-05 00:00:00+05:30,29.45,29.95,29.45,29.75,184560
GOLD1,2019-07-08 00:00:00+05:30,29.5,30.1,29.5,30.0,440390
GOLD1,2019-07-09 00:00:00+05:30,30.0,30.0,29.7,29.75,56740
GOLD1,2019-07-10 00:00:00+05:30,29.75,29.85,29.7,29.8,42810
GOLD1,2019-07-11 00:00:00+05:30,30.2,30.3,30.1,30.2,211070
GOLD1,2019-07-12 00:00:00+05:30,30.05,30.2,29.9,30.15,266920
GOLD1,2019-07-15 00:00:00+05:30,30.2,30.3,30.15,30.3,79330
GOLD1,2019-07-16 00:00:00+05:30,30.2,30.5,30.15,30.3,131920
GOLD1,2019-07-17 00:00:00+05:30,30.2,30.35,30.1,30.15,96920
GOLD1,2019-07-18 00:00:00+05:30,30.4,30.55,30.3,30.5,116210
GOLD1,2019-07-19 00:00:00+05:30,30.9,31.2,30.7,31.05,1062180
GOLD1,2019-07-22 00:00:00+05:30,30.9,31.0,30.7,30.9,109400
GOLD1,2019-07-23 00:00:00+05:30,30.8,30.9,30.5,30.6,64130
GOLD1,2019-07-24 00:00:00+05:30,30.7,30.75,30.4,30.45,569170
GOLD1,2019-07-25 00:00:00+05:30,30.4,30.7,30.35,30.5,160980
GOLD1,2019-07-26 00:00:00+05:30,30.4,30.45,30.3,30.35,57560
GOLD1,2019-07-29 00:00:00+05:30,30.35,30.5,30.3,30.35,44430
GOLD1,2019-07-30 00:00:00+05:30,30.35,30.6,30.25,30.55,231620
GOLD1,2019-07-31 00:00:00+05:30,30.45,30.65,30.4,30.55,176070
GOLD1,2019-08-01 00:00:00+05:30,30.4,30.55,30.3,30.35,181250
GOLD1,2019-08-02 00:00:00+05:30,30.85,31.2,30.65,30.95,149080
GOLD1,2019-08-05 00:00:00+05:30,31.75,33.55,31.3,32.65,466300
GOLD1,2019-08-06 00:00:00+05:30,32.4,32.65,32.2,32.3,129100
GOLD1,2019-08-07 00:00:00+05:30,33.0,33.2,32.7,33.1,141140
GOLD1,2019-08-08 00:00:00+05:30,33.1,33.5,32.6,32.75,213730
GOLD1,2019-08-09 00:00:00+05:30,33.0,33.1,32.65,32.95,181770
GOLD1,2019-08-13 00:00:00+05:30,33.8,35.2,33.05,34.05,1313190
GOLD1,2019-08-14 00:00:00+05:30,33.35,34.5,32.7,33.4,550080
GOLD1,2019-08-16 00:00:00+05:30,33.8,34.1,33.25,33.35,300080
GOLD1,2019-08-19 00:00:00+05:30,33.3,33.8,33.2,33.4,95680
GOLD1,2019-08-20 00:00:00+05:30,33.4,33.65,33.1,33.45,378970
GOLD1,2019-08-21 00:00:00+05:30,33.45,33.75,33.3,33.6,172110
GOLD1,2019-08-22 00:00:00+05:30,33.6,34.45,33.5,33.65,630170
GOLD1,2019-08-23 00:00:00+05:30,33.6,34.0,33.25,33.35,407290
GOLD1,2019-08-26 00:00:00+05:30,34.3,34.85,34.0,34.35,524300
GOLD1,2019-08-27 00:00:00+05:30,34.5,35.15,34.3,34.3,1169510
GOLD1,2019-08-28 00:00:00+05:30,34.6,34.75,34.3,34.4,1099940
GOLD1,2019-08-29 00:00:00+05:30,34.6,34.9,34.45,34.7,337980
GOLD1,2019-08-30 00:00:00+05:30,34.6,34.6,34.0,34.15,618380
GOLD1,2019-09-03 00:00:00+05:30,34.3,35.25,34.2,34.55,1023550
GOLD1,2019-09-04 00:00:00+05:30,34.65,35.2,34.65,35.05,324790
GOLD1,2019-09-05 00:00:00+05:30,35.3,36.1,34.9,35.3,350950
GOLD1,2019-09-06 00:00:00+05:30,34.85,35.15,34.1,34.25,419180
GOLD1,2019-09-09 00:00:00+05:30,34.45,34.75,33.95,34.05,358280
GOLD1,2019-09-11 00:00:00+05:30,34.0,34.25,33.55,33.65,1088810
GOLD1,2019-09-12 00:00:00+05:30,33.4,33.55,33.15,33.35,256510
GOLD1,2019-09-13 00:00:00+05:30,33.25,33.4,33.1,33.3,500500
GOLD1,2019-09-16 00:00:00+05:30,33.9,33.9,33.3,33.4,385860
GOLD1,2019-09-17 00:00:00+05:30,33.6,33.7,33.45,33.6,715350
GOLD1,2019-09-18 00:00:00+05:30,33.6,33.6,33.3,33.35,381610
GOLD1,2019-09-19 00:00:00+05:30,33.25,33.25,33.0,33.05,225780
GOLD1,2019-09-20 00:00:00+05:30,35.4,36.7,32.9,32.95,388870
GOLD1,2019-09-23 00:00:00+05:30,32.8,33.5,32.8,33.35,459380
GOLD1,2019-09-24 00:00:00+05:30,33.35,33.4,33.25,33.35,179190
GOLD1,2019-09-25 00:00:00+05:30,33.5,33.75,33.5,33.65,164940
GOLD1,2019-09-26 00:00:00+05:30,33.4,33.4,33.05,33.1,223690
GOLD1,2019-09-27 00:00:00+05:30,33.25,34.35,33.15,33.35,1210870
GOLD1,2019-09-30 00:00:00+05:30,33.4,33.6,33.2,33.45,145580
GOLD1,2019-10-01 00:00:00+05:30,33.1,33.2,32.75,33.0,219870
GOLD1,2019-10-03 00:00:00+05:30,33.4,33.9,33.4,33.65,222860
GOLD1,2019-10-04 00:00:00+05:30,33.0,36.0,31.65,33.85,152620
GOLD1,2019-10-07 00:00:00+05:30,33.7,34.4,33.7,33.95,352590
GOLD1,2019-10-09 00:00:00+05:30,34.2,34.2,33.8,33.85,350380
GOLD1,2019-10-10 00:00:00+05:30,34.0,34.2,33.9,34.05,106600
GOLD1,2019-10-11 00:00:00+05:30,33.9,34.7,33.7,34.15,880050
GOLD1,2019-10-14 00:00:00+05:30,33.8,34.25,33.7,34.15,163230
GOLD1,2019-10-15 00:00:00+05:30,34.15,34.5,34.0,34.3,201620
GOLD1,2019-10-16 00:00:00+05:30,34.5,34.5,33.15,34.05,175520
GOLD1,2019-10-17 00:00:00+05:30,34.25,34.25,34.0,34.1,289810
GOLD1,2019-10-18 00:00:00+05:30,34.8,34.8,34.0,34.05,220600
GOLD1,2019-10-22 00:00:00+05:30,34.0,34.15,33.9,34.05,174670
GOLD1,2019-10-23 00:00:00+05:30,34.05,34.15,34.0,34.05,95850
GOLD1,2019-10-24 00:00:00+05:30,34.1,34.2,34.05,34.15,229740
GOLD1,2019-10-25 00:00:00+05:30,34.2,35.2,34.1,34.45,1534670
GOLD1,2019-10-27 00:00:00+05:30,34.55,34.6,34.15,34.3,226240
GOLD1,2019-10-29 00:00:00+05:30,34.3,34.3,33.85,33.95,173630
GOLD1,2019-10-30 00:00:00+05:30,33.8,34.05,33.8,33.85,130360
GOLD1,2019-10-31 00:00:00+05:30,33.85,34.25,33.85,34.1,170430
GOLD1,2019-11-01 00:00:00+05:30,34.15,34.45,34.15,34.35,136690
GOLD1,2019-11-04 00:00:00+05:30,34.3,34.4,34.15,34.3,114950
GOLD1,2019-11-05 00:00:00+05:30,34.15,34.3,34.05,34.25,112010
GOLD1,2019-11-06 00:00:00+05:30,33.7,34.15,33.7,33.95,561660
GOLD1,2019-11-07 00:00:00+05:30,33.95,34.2,33.95,34.0,176140
GOLD1,2019-11-08 00:00:00+05:30,34.0,34.0,33.4,33.6,582190
GOLD1,2019-11-11 00:00:00+05:30,33.5,33.7,33.4,33.55,163310
GOLD1,2019-11-13 00:00:00+05:30,33.55,33.7,33.5,33.55,532210
GOLD1,2019-11-14 00:00:00+05:30,33.55,33.75,33.55,33.7,80090
GOLD1,2019-11-15 00:00:00+05:30,33.7,33.7,33.5,33.6,186820
GOLD1,2019-11-18 00:00:00+05:30,33.7,33.7,33.45,33.55,155010
GOLD1,2019-11-19 00:00:00+05:30,33.65,33.85,33.55,33.65,197820
GOLD1,2019-11-20 00:00:00+05:30,33.65,33.85,33.65,33.8,81530
GOLD1,2019-11-21 00:00:00+05:30,34.0,34.0,33.6,33.6,89810
GOLD1,2019-11-22 00:00:00+05:30,33.55,33.75,33.4,33.75,277310
GOLD1,2019-11-25 00:00:00+05:30,33.6,33.6,33.35,33.4,93210
GOLD1,2019-11-26 00:00:00+05:30,33.1,33.4,33.1,33.3,184790
GOLD1,2019-11-27 00:00:00+05:30,33.15,33.45,33.15,33.4,180050
GOLD1,2019-11-28 00:00:00+05:30,33.25,33.4,33.2,33.4,135640
GOLD1,2019-11-29 00:00:00+05:30,32.7,33.6,32.05,33.45,171480
GOLD1,2019-12-02 00:00:00+05:30,33.4,33.6,33.35,33.5,107170
GOLD1,2019-12-03 00:00:00+05:30,33.5,33.6,33.4,33.45,58010
GOLD1,2019-12-04 00:00:00+05:30,33.7,33.9,33.6,33.7,179570
GOLD1,2019-12-05 00:00:00+05:30,33.8,33.8,33.65,33.7,47500
GOLD1,2019-12-06 00:00:00+05:30,33.65,33.85,33.55,33.7,132750
GOLD1,2019-12-09 00:00:00+05:30,33.5,33.7,33.35,33.5,150650
GOLD1,2019-12-10 00:00:00+05:30,33.5,33.7,33.3,33.55,104150
GOLD1,2019-12-11 00:00:00+05:30,33.5,33.8,33.4,33.7,83170
GOLD1,2019-12-12 00:00:00+05:30,33.7,33.85,33.4,33.55,30500
GOLD1,2019-12-13 00:00:00+05:30,33.8,34.05,33.35,33.65,189130
GOLD1,2019-12-16 00:00:00+05:30,33.65,33.7,33.5,33.6,130350
GOLD1,2019-12-17 00:00:00+05:30,33.5,33.8,33.5,33.6,1078530
GOLD1,2019-12-18 00:00:00+05:30,33.75,33.75,33.55,33.65,166150
GOLD1,2019-12-19 00:00:00+05:30,33.6,33.65,33.5,33.55,85990
GOLD1,2019-12-20 00:00:00+05:30,33.6,33.7,33.55,33.6,72030
GOLD1,2019-12-23 00:00:00+05:30,33.6,33.8,33.6,33.75,94890
GOLD1,2019-12-24 00:00:00+05:30,33.2,34.0,33.2,33.9,2502080
GOLD1,2019-12-26 00:00:00+05:30,34.05,34.5,34.05,34.3,228510
GOLD1,2019-12-27 00:00:00+05:30,34.5,34.7,34.2,34.25,111470
GOLD1,2019-12-30 00:00:00+05:30,34.6,34.6,34.25,34.35,150300
GOLD1,2019-12-31 00:00:00+05:30,34.4,34.7,34.4,34.65,80730
GOLD1,2020-01-01 00:00:00+05:30,34.8,35.0,34.35,34.55,59630
GOLD1,2020-01-02 00:00:00+05:30,34.7,34.75,34.55,34.6,706440
GOLD1,2020-01-03 00:00:00+05:30,35.3,35.35,34.7,35.3,274580
GOLD1,2020-01-06 00:00:00+05:30,35.0,36.85,35.0,36.15,1199290
GOLD1,2020-01-07 00:00:00+05:30,35.9,36.05,35.4,35.45,1025430
GOLD1,2020-01-08 00:00:00+05:30,36.2,36.5,35.8,36.05,550880
GOLD1,2020-01-09 00:00:00+05:30,35.6,35.6,34.95,35.2,494900
GOLD1,2020-01-10 00:00:00+05:30,35.2,35.3,35.0,35.2,116140
GOLD1,2020-01-13 00:00:00+05:30,35.2,35.2,35.0,35.05,469280
GOLD1,2020-01-14 00:00:00+05:30,35.1,35.2,34.7,35.0,210370
GOLD1,2020-01-15 00:00:00+05:30,35.15,35.4,35.1,35.2,306060
GOLD1,2020-01-16 00:00:00+05:30,35.3,35.35,35.0,35.15,136990
GOLD1,2020-01-17 00:00:00+05:30,35.2,35.25,35.1,35.15,406720
GOLD1,2020-01-20 00:00:00+05:30,35.3,35.35,35.15,35.25,94210
GOLD1,2020-01-21 00:00:00+05:30,35.5,35.65,35.15,35.3,741780
GOLD1,2020-01-22 00:00:00+05:30,35.35,35.35,35.1,35.15,241850
GOLD1,2020-01-23 00:00:00+05:30,35.3,35.35,35.15,35.25,43380
GOLD1,2020-01-24 00:00:00+05:30,35.35,35.45,35.25,35.35,67630
GOLD1,2020-01-27 00:00:00+05:30,35.5,35.95,35.5,35.85,181580
GOLD1,2020-01-28 00:00:00+05:30,35.85,36.3,35.7,35.9,554210
GOLD1,2020-01-29 00:00:00+05:30,35.55,35.9,35.45,35.75,79090
GOLD1,2020-01-30 00:00:00+05:30,35.9,36.3,35.8,36.15,320640
GOLD1,2020-01-31 00:00:00+05:30,36.15,36.15,35.8,35.9,182720
GOLD1,2020-02-01 00:00:00+05:30,35.2,36.45,31.25,36.25,171180
GOLD1,2020-02-03 00:00:00+05:30,36.0,36.15,35.9,35.95,156300
GOLD1,2020-02-04 00:00:00+05:30,35.85,35.95,35.6,35.7,125810
GOLD1,2020-02-05 00:00:00+05:30,35.5,35.6,35.25,35.3,691990
GOLD1,2020-02-06 00:00:00+05:30,35.5,35.65,35.3,35.6,76740
GOLD1,2020-02-07 00:00:00+05:30,35.6,35.8,35.5,35.65,135000
GOLD1,2020-02-10 00:00:00+05:30,39.6,42.1,35.7,35.9,247540
GOLD1,2020-02-11 00:00:00+05:30,35.65,35.95,35.6,35.85,133410
GOLD1,2020-02-12 00:00:00+05:30,36.1,37.25,35.6,35.65,64190
GOLD1,2020-02-13 00:00:00+05:30,36.0,36.0,35.8,35.85,72440
GOLD1,2020-02-14 00:00:00+05:30,35.75,35.95,35.7,35.9,192000
GOLD1,2020-02-17 00:00:00+05:30,35.7,36.2,35.7,35.95,96180
GOLD1,2020-02-18 00:00:00+05:30,36.1,36.25,36.0,36.2,146390
GOLD1,2020-02-19 00:00:00+05:30,36.4,36.7,36.35,36.6,187120
GOLD1,2020-02-20 00:00:00+05:30,36.9,36.9,36.55,36.65,94410
GOLD1,2020-02-24 00:00:00+05:30,37.55,38.6,37.5,38.5,561950
GOLD1,2020-02-25 00:00:00+05:30,37.75,38.0,37.1,37.65,1121140
GOLD1,2020-02-26 00:00:00+05:30,37.5,38.05,37.3,37.55,945800
GOLD1,2020-02-27 00:00:00+05:30,37.55,37.75,37.35,37.55,189870
GOLD1,2020-02-28 00:00:00+05:30,37.7,38.35,37.5,37.7,699730
GOLD1,2020-03-02 00:00:00+05:30,37.1,37.5,36.75,37.25,428800
GOLD1,2020-03-03 00:00:00+05:30,37.3,37.4,37.05,37.25,268350
GOLD1,2020-03-04 00:00:00+05:30,37.95,38.45,37.95,38.1,960220
GOLD1,2020-03-05 00:00:00+05:30,38.3,38.3,38.0,38.1,171860
GOLD1,2020-03-06 00:00:00+05:30,38.8,39.2,38.4,39.1,532850
GOLD1,2020-03-09 00:00:00+05:30,39.15,39.7,38.3,38.65,1438330
GOLD1,2020-03-11 00:00:00+05:30,38.2,38.85,38.2,38.45,348740
GOLD1,2020-03-12 00:00:00+05:30,38.5,38.85,37.9,38.2,1190030
GOLD1,2020-03-13 00:00:00+05:30,37.0,39.2,36.0,37.05,1308790
GOLD1,2020-03-16 00:00:00+05:30,36.6,36.9,36.1,36.35,375590
GOLD1,2020-03-17 00:00:00+05:30,35.9,36.7,35.0,35.4,546650
GOLD1,2020-03-18 00:00:00+05:30,36.2,36.45,35.5,36.0,231110
GOLD1,2020-03-19 00:00:00+05:30,37.45,39.25,34.7,35.2,358880
GOLD1,2020-03-20 00:00:00+05:30,35.1,36.05,35.05,35.8,250050
GOLD1,2020-03-23 00:00:00+05:30,36.5,42.45,28.5,35.25,896300
GOLD1,2020-03-24 00:00:00+05:30,36.0,37.5,35.65,37.05,308650
GOLD1,2020-03-25 00:00:00+05:30,37.4,38.0,36.1,37.65,430070
GOLD1,2020-03-26 00:00:00+05:30,37.7,37.95,36.9,37.6,192300
GOLD1,2020-03-27 00:00:00+05:30,37.7,38.5,37.15,38.3,297600
GOLD1,2020-03-30 00:00:00+05:30,38.5,39.75,38.3,39.45,266890
GOLD1,2020-03-31 00:00:00+05:30,39.4,40.0,38.2,38.7,1142000
GOLD1,2020-04-01 00:00:00+05:30,39.0,42.6,38.1,40.4,1125960
GOLD1,2020-04-03 00:00:00+05:30,41.0,41.45,39.35,40.15,501490
GOLD1,2020-04-07 00:00:00+05:30,40.6,41.9,40.2,40.5,783940
GOLD1,2020-04-08 00:00:00+05:30,40.2,40.95,40.0,40.25,347650
GOLD1,2020-04-09 00:00:00+05:30,40.5,41.5,40.05,41.1,431230
GOLD1,2020-04-13 00:00:00+05:30,42.35,44.9,41.3,44.0,917210
GOLD1,2020-04-15 00:00:00+05:30,45.3,47.65,42.25,44.05,1602800
GOLD1,2020-04-16 00:00:00+05:30,45.35,46.7,43.8,44.4,733480
GOLD1,2020-04-17 00:00:00+05:30,45.7,45.7,42.8,43.0,838150
GOLD1,2020-04-20 00:00:00+05:30,43.0,43.35,42.0,42.85,439580
GOLD1,2020-04-21 00:00:00+05:30,43.3,44.6,42.4,42.9,692990
GOLD1,2020-04-22 00:00:00+05:30,42.1,44.0,41.55,42.1,1857610
GOLD1,2020-04-23 00:00:00+05:30,43.35,44.6,42.2,42.65,724600
GOLD1,2020-04-24 00:00:00+05:30,42.9,43.4,42.35,43.0,2870430
GOLD1,2020-04-27 00:00:00+05:30,43.2,43.6,42.4,42.6,1585220
GOLD1,2020-04-28 00:00:00+05:30,43.4,43.4,42.1,42.6,593750
GOLD1,2020-04-29 00:00:00+05:30,43.0,43.1,42.2,42.25,780680
GOLD1,2020-04-30 00:00:00+05:30,42.65,42.7,41.9,42.25,1338080
GOLD1,2020-05-04 00:00:00+05:30,42.35,42.9,41.9,42.6,647470
GOLD1,2020-05-05 00:00:00+05:30,42.55,42.7,42.0,42.1,675750
GOLD1,2020-05-06 00:00:00+05:30,42.7,42.7,41.5,41.65,493340
GOLD1,2020-05-07 00:00:00+05:30,41.65,41.85,41.2,41.25,363520
GOLD1,2020-05-08 00:00:00+05:30,41.85,42.1,41.05,41.75,1729800
GOLD1,2020-05-11 00:00:00+05:30,41.65,41.8,41.2,41.7,649980
GOLD1,2020-05-12 00:00:00+05:30,41.7,42.05,41.45,41.6,1068980
GOLD1,2020-05-13 00:00:00+05:30,41.4,41.55,41.2,41.3,701760
GOLD1,2020-05-14 00:00:00+05:30,41.5,41.85,41.4,41.7,784870
GOLD1,2020-05-15 00:00:00+05:30,42.0,42.25,41.9,42.0,787480
GOLD1,2020-05-18 00:00:00+05:30,42.3,43.1,42.2,42.7,1710070
GOLD1,2020-05-19 00:00:00+05:30,42.3,42.3,41.35,41.45,956270
GOLD1,2020-05-20 00:00:00+05:30,41.9,42.25,41.85,42.05,238980
GOLD1,2020-05-21 00:00:00+05:30,42.5,42.5,41.65,41.65,605250
GOLD1,2020-05-22 00:00:00+05:30,42.5,42.5,41.4,41.7,296370
GOLD1,2020-05-26 00:00:00+05:30,41.9,41.95,41.35,41.35,655120
GOLD1,2020-05-27 00:00:00+05:30,41.2,41.2,40.75,40.8,736790
GOLD1,2020-05-28 00:00:00+05:30,41.1,41.6,40.95,41.45,1549530
GOLD1,2020-05-29 00:00:00+05:30,41.4,41.45,41.1,41.35,316790
GOLD1,2020-06-01 00:00:00+05:30,41.9,41.9,41.25,41.5,423220
GOLD1,2020-06-02 00:00:00+05:30,41.55,41.85,41.4,41.45,313290
GOLD1,2020-06-03 00:00:00+05:30,41.4,41.4,40.95,41.1,467660
GOLD1,2020-06-04 00:00:00+05:30,41.0,41.1,40.85,41.0,313340
GOLD1,2020-06-05 00:00:00+05:30,41.0,41.4,40.8,41.3,239500
GOLD1,2020-06-08 00:00:00+05:30,41.3,41.5,40.55,40.9,556060
GOLD1,2020-06-09 00:00:00+05:30,40.9,41.2,40.9,41.1,353120
GOLD1,2020-06-10 00:00:00+05:30,41.15,41.45,41.15,41.35,566770
GOLD1,2020-06-11 00:00:00+05:30,41.6,41.95,41.6,41.85,362930
GOLD1,2020-06-12 00:00:00+05:30,41.85,42.3,41.8,41.9,691020
GOLD1,2020-06-15 00:00:00+05:30,41.9,42.05,41.3,41.5,404330
GOLD1,2020-06-16 00:00:00+05:30,42.75,43.2,41.65,41.9,448640
GOLD1,2020-06-17 00:00:00+05:30,41.9,42.1,41.65,41.7,106080
GOLD1,2020-06-18 00:00:00+05:30,42.0,42.0,41.7,41.9,240990
GOLD1,2020-06-19 00:00:00+05:30,42.05,42.1,41.85,42.0,237910
GOLD1,2020-06-22 00:00:00+05:30,42.5,42.7,42.3,42.45,454470
GOLD1,2020-06-23 00:00:00+05:30,43.0,43.0,42.3,42.7,280700
GOLD1,2020-06-24 00:00:00+05:30,42.7,42.95,42.65,42.9,403540
GOLD1,2020-06-25 00:00:00+05:30,42.75,42.75,42.4,42.45,380430
GOLD1,2020-06-26 00:00:00+05:30,42.45,42.55,42.3,42.45,389460
GOLD1,2020-06-29 00:00:00+05:30,42.7,45.0,42.6,42.65,405320
GOLD1,2020-06-30 00:00:00+05:30,42.65,42.8,42.55,42.7,477500
GOLD1,2020-07-01 00:00:00+05:30,42.9,43.15,42.9,43.1,539570
GOLD1,2020-07-02 00:00:00+05:30,42.7,42.7,42.3,42.4,741400
GOLD1,2020-07-03 00:00:00+05:30,42.6,42.6,42.3,42.4,514140
GOLD1,2020-07-06 00:00:00+05:30,42.4,42.55,42.2,42.4,404790
GOLD1,2020-07-07 00:00:00+05:30,42.5,42.8,42.45,42.55,332320
GOLD1,2020-07-08 00:00:00+05:30,42.8,43.25,42.75,43.15,505330
GOLD1,2020-07-09 00:00:00+05:30,43.15,43.5,43.15,43.45,546770
GOLD1,2020-07-10 00:00:00+05:30,43.45,43.45,43.05,43.3,483160
GOLD1,2020-07-13 00:00:00+05:30,43.3,43.6,43.1,43.4,954170
GOLD1,2020-07-14 00:00:00+05:30,43.3,43.3,43.1,43.2,501050
GOLD1,2020-07-15 00:00:00+05:30,43.5,43.6,43.2,43.3,337340
GOLD1,2020-07-16 00:00:00+05:30,43.5,43.5,43.0,43.15,342840
GOLD1,2020-07-17 00:00:00+05:30,43.15,43.15,42.85,42.95,692670
GOLD1,2020-07-20 00:00:00+05:30,43.2,43.25,42.9,43.1,541510
GOLD1,2020-07-21 00:00:00+05:30,43.2,43.55,43.2,43.35,891460
GOLD1,2020-07-22 00:00:00+05:30,43.3,45.4,43.2,44.0,669400
GOLD1,2020-07-23 00:00:00+05:30,44.1,44.7,44.0,44.65,1250960
GOLD1,2020-07-24 00:00:00+05:30,44.65,45.1,44.65,44.95,1789820
GOLD1,2020-07-27 00:00:00+05:30,47.5,47.5,45.6,46.25,2441150
GOLD1,2020-07-28 00:00:00+05:30,47.4,47.4,45.65,46.05,1574930
GOLD1,2020-07-29 00:00:00+05:30,46.35,46.8,46.35,46.6,902510
GOLD1,2020-07-30 00:00:00+05:30,46.75,47.3,46.5,46.6,3067510
GOLD1,2020-07-31 00:00:00+05:30,47.0,47.35,46.8,47.2,1175390
GOLD1,2020-08-03 00:00:00+05:30,47.2,47.45,47.15,47.3,1739170
GOLD1,2020-08-04 00:00:00+05:30,47.5,47.65,47.25,47.3,893360
GOLD1,2020-08-05 00:00:00+05:30,48.0,48.9,47.85,48.7,1082010
GOLD1,2020-08-06 00:00:00+05:30,49.0,49.0,48.7,48.95,2145210
GOLD1,2020-08-07 00:00:00+05:30,49.4,50.0,49.1,49.25,2498250
GOLD1,2020-08-10 00:00:00+05:30,49.0,49.0,48.3,48.5,1060300
GOLD1,2020-08-11 00:00:00+05:30,48.4,48.4,47.05,47.2,1814460
GOLD1,2020-08-12 00:00:00+05:30,45.4,46.2,44.0,45.75,2576950
GOLD1,2020-08-13 00:00:00+05:30,46.4,46.4,45.75,46.05,668370
GOLD1,2020-08-14 00:00:00+05:30,46.25,47.0,46.25,46.4,657110
GOLD1,2020-08-17 00:00:00+05:30,46.8,46.8,46.0,46.2,668220
GOLD1,2020-08-18 00:00:00+05:30,47.4,47.6,46.9,47.45,637580
GOLD1,2020-08-19 00:00:00+05:30,47.3,47.3,46.8,47.0,1723790
GOLD1,2020-08-20 00:00:00+05:30,46.4,46.4,45.65,45.75,1089530
GOLD1,2020-08-21 00:00:00+05:30,46.1,46.3,45.75,45.95,689620
GOLD1,2020-08-24 00:00:00+05:30,46.2,46.2,45.5,45.65,945090
GOLD1,2020-08-25 00:00:00+05:30,45.5,45.65,45.0,45.15,447150
GOLD1,2020-08-26 00:00:00+05:30,47.9,47.9,44.8,45.0,620130
GOLD1,2020-08-27 00:00:00+05:30,46.0,46.0,44.8,45.25,455330
GOLD1,2020-08-28 00:00:00+05:30,44.5,45.25,44.5,45.15,1237520
GOLD1,2020-08-31 00:00:00+05:30,45.2,45.6,45.2,45.4,1219290
GOLD1,2020-09-01 00:00:00+05:30,45.9,45.9,45.4,45.6,508110
GOLD1,2020-09-02 00:00:00+05:30,45.1,45.2,44.8,45.05,634050
GOLD1,2020-09-03 00:00:00+05:30,44.8,44.95,44.45,44.75,503300
GOLD1,2020-09-04 00:00:00+05:30,42.05,45.9,42.05,44.85,383860
GOLD1,2020-09-07 00:00:00+05:30,45.0,45.0,44.7,44.8,311490
GOLD1,2020-09-08 00:00:00+05:30,44.95,45.2,44.8,45.0,493630
GOLD1,2020-09-09 00:00:00+05:30,45.0,45.3,45.0,45.1,368490
GOLD1,2020-09-10 00:00:00+05:30,45.2,45.7,45.2,45.45,541570
GOLD1,2020-09-11 00:00:00+05:30,45.45,45.6,45.15,45.5,214590
GOLD1,2020-09-14 00:00:00+05:30,45.9,45.9,45.2,45.5,365890
GOLD1,2020-09-15 00:00:00+05:30,45.7,46.45,45.65,46.05,442500
GOLD1,2020-09-16 00:00:00+05:30,46.0,46.0,45.65,45.75,554120
GOLD1,2020-09-17 00:00:00+05:30,45.45,46.25,45.3,45.8,260520
GOLD1,2020-09-18 00:00:00+05:30,45.8,47.3,45.5,46.2,839420
GOLD1,2020-09-21 00:00:00+05:30,46.0,46.0,45.05,45.2,663090
GOLD1,2020-09-22 00:00:00+05:30,44.9,45.3,44.2,44.35,1602760
GOLD1,2020-09-23 00:00:00+05:30,44.7,44.7,43.7,44.25,727010
GOLD1,2020-09-24 00:00:00+05:30,44.0,44.0,43.4,43.55,357340
GOLD1,2020-09-25 00:00:00+05:30,43.95,44.25,43.8,44.0,424700
GOLD1,2020-09-28 00:00:00+05:30,44.05,44.15,43.6,43.85,530560
GOLD1,2020-09-29 00:00:00+05:30,44.5,44.55,44.1,44.45,414650
GOLD1,2020-09-30 00:00:00+05:30,45.0,45.0,44.0,44.1,1446410
GOLD1,2020-10-01 00:00:00+05:30,44.15,44.45,44.1,44.2,315030
GOLD1,2020-10-05 00:00:00+05:30,41.55,50.8,41.55,44.25,873210
GOLD1,2020-10-06 00:00:00+05:30,44.55,44.7,44.4,44.55,690970
GOLD1,2020-10-07 00:00:00+05:30,44.2,44.25,43.95,44.05,312090
GOLD1,2020-10-08 00:00:00+05:30,44.1,44.15,43.9,44.05,162070
GOLD1,2020-10-09 00:00:00+05:30,44.45,44.8,44.2,44.5,223700
GOLD1,2020-10-12 00:00:00+05:30,45.0,45.0,44.7,44.9,359450
GOLD1,2020-10-13 00:00:00+05:30,44.8,44.9,44.6,44.85,122680
GOLD1,2020-10-14 00:00:00+05:30,44.45,44.45,44.2,44.3,444790
GOLD1,2020-10-15 00:00:00+05:30,44.2,44.45,44.2,44.25,290110
GOLD1,2020-10-16 00:00:00+05:30,44.55,44.65,44.4,44.5,208280
GOLD1,2020-10-19 00:00:00+05:30,44.5,44.65,44.3,44.6,224090
GOLD1,2020-10-20 00:00:00+05:30,44.5,44.6,44.3,44.55,197050
GOLD1,2020-10-21 00:00:00+05:30,44.9,45.0,44.6,44.8,213500
GOLD1,2020-10-22 00:00:00+05:30,44.8,44.95,44.75,44.8,180060
GOLD1,2020-10-23 00:00:00+05:30,44.8,44.8,44.5,44.7,149020
GOLD1,2020-10-26 00:00:00+05:30,44.7,44.7,44.4,44.5,471510
GOLD1,2020-10-27 00:00:00+05:30,45.0,45.0,44.6,44.7,385910
GOLD1,2020-10-28 00:00:00+05:30,44.55,44.9,44.55,44.8,298030
GOLD1,2020-10-29 00:00:00+05:30,44.45,44.65,44.3,44.55,263660
GOLD1,2020-10-30 00:00:00+05:30,44.4,44.8,44.35,44.7,251910
GOLD1,2020-11-02 00:00:00+05:30,44.9,44.9,44.6,44.7,173710
GOLD1,2020-11-03 00:00:00+05:30,44.7,45.0,44.7,44.9,266510
GOLD1,2020-11-04 00:00:00+05:30,48.95,48.95,44.9,45.05,245940
GOLD1,2020-11-05 00:00:00+05:30,45.05,45.2,44.85,44.95,301860
GOLD1,2020-11-06 00:00:00+05:30,45.3,46.0,45.3,45.8,744000
GOLD1,2020-11-09 00:00:00+05:30,45.8,46.15,45.75,45.95,640150
GOLD1,2020-11-10 00:00:00+05:30,44.55,44.8,43.85,44.35,826640
GOLD1,2020-11-11 00:00:00+05:30,45.0,45.0,44.3,44.4,281650
GOLD1,2020-11-12 00:00:00+05:30,44.7,44.7,44.2,44.45,447830
GOLD1,2020-11-13 00:00:00+05:30,44.8,44.8,44.4,44.5,2187460
GOLD1,2020-11-14 00:00:00+05:30,45.2,48.55,44.6,44.75,523940
GOLD1,2020-11-17 00:00:00+05:30,44.8,44.8,44.2,44.55,448240
GOLD1,2020-11-18 00:00:00+05:30,44.5,44.55,44.2,44.4,378580
GOLD1,2020-11-19 00:00:00+05:30,44.5,44.5,43.75,43.85,474330
GOLD1,2020-11-20 00:00:00+05:30,43.9,44.1,43.85,43.9,410750
GOLD1,2020-11-23 00:00:00+05:30,43.8,44.5,43.8,44.05,530300
GOLD1,2020-11-24 00:00:00+05:30,43.5,43.5,42.9,43.15,2170070
GOLD1,2020-11-25 00:00:00+05:30,42.9,43.0,42.55,42.85,558240
GOLD1,2020-11-26 00:00:00+05:30,43.0,43.0,42.7,42.9,360570
GOLD1,2020-11-27 00:00:00+05:30,42.9,42.9,42.65,42.7,523050
GOLD1,2020-12-01 00:00:00+05:30,42.7,42.7,42.2,42.2,566430
GOLD1,2020-12-02 00:00:00+05:30,42.3,42.85,42.3,42.75,489670
GOLD1,2020-12-03 00:00:00+05:30,42.85,43.2,42.75,43.1,232350
GOLD1,2020-12-04 00:00:00+05:30,43.0,43.35,43.0,43.25,272260
GOLD1,2020-12-07 00:00:00+05:30,43.6,43.6,42.8,43.0,1394460
GOLD1,2020-12-08 00:00:00+05:30,43.5,43.8,43.45,43.6,493220
GOLD1,2020-12-09 00:00:00+05:30,43.4,43.6,43.3,43.4,247580
GOLD1,2020-12-10 00:00:00+05:30,43.1,43.25,42.85,42.95,287570
GOLD1,2020-12-11 00:00:00+05:30,43.2,43.2,42.9,42.95,216160
GOLD1,2020-12-14 00:00:00+05:30,43.2,43.25,42.7,42.75,415850
GOLD1,2020-12-15 00:00:00+05:30,43.0,43.4,42.85,42.95,240360
GOLD1,2020-12-16 00:00:00+05:30,43.4,43.75,43.05,43.6,479390
GOLD1,2020-12-17 00:00:00+05:30,43.4,43.9,43.3,43.85,383800
GOLD1,2020-12-18 00:00:00+05:30,44.3,44.3,43.5,43.65,761470
GOLD1,2020-12-21 00:00:00+05:30,44.0,44.4,43.9,44.1,804940
GOLD1,2020-12-22 00:00:00+05:30,44.0,44.4,43.7,43.75,237730
GOLD1,2020-12-23 00:00:00+05:30,43.85,43.85,43.6,43.75,204220
GOLD1,2020-12-24 00:00:00+05:30,43.75,44.0,43.7,43.8,352060
GOLD1,2020-12-28 00:00:00+05:30,44.4,44.4,43.85,44.0,292110
GOLD1,2020-12-29 00:00:00+05:30,43.95,43.95,43.75,43.8,399500
GOLD1,2020-12-30 00:00:00+05:30,43.8,44.5,43.7,43.75,222850
GOLD1,2020-12-31 00:00:00+05:30,44.1,44.1,43.75,43.9,520420
GOLD1,2021-01-01 00:00:00+05:30,44.0,44.1,43.95,44.05,144700
GOLD1,2021-01-04 00:00:00+05:30,44.35,44.7,44.3,44.6,710010
GOLD1,2021-01-05 00:00:00+05:30,45.2,47.25,44.8,45.05,457130
GOLD1,2021-01-06 00:00:00+05:30,45.05,45.3,44.8,45.25,485980
GOLD1,2021-01-07 00:00:00+05:30,45.15,45.15,44.3,44.55,450720
GOLD1,2021-01-08 00:00:00+05:30,44.5,44.55,43.9,44.0,620780
GOLD1,2021-01-11 00:00:00+05:30,43.6,43.6,42.95,43.4,733860
GOLD1,2021-01-12 00:00:00+05:30,43.6,43.6,43.25,43.4,391390
GOLD1,2021-01-13 00:00:00+05:30,43.8,43.8,43.2,43.2,402340
GOLD1,2021-01-14 00:00:00+05:30,43.0,43.2,42.8,42.9,714310
GOLD1,2021-01-15 00:00:00+05:30,43.25,43.3,43.0,43.15,310050
GOLD1,2021-01-18 00:00:00+05:30,42.8,43.15,42.65,42.7,491830
GOLD1,2021-01-19 00:00:00+05:30,43.1,43.1,42.7,43.05,154810
GOLD1,2021-01-20 00:00:00+05:30,43.25,43.25,43.05,43.2,203750
GOLD1,2021-01-21 00:00:00+05:30,43.5,43.6,43.3,43.4,220350
GOLD1,2021-01-22 00:00:00+05:30,43.4,43.4,43.1,43.25,243020
GOLD1,2021-01-25 00:00:00+05:30,43.4,43.6,42.9,42.95,283870
GOLD1,2021-01-27 00:00:00+05:30,43.2,43.2,42.7,42.8,238150
GOLD1,2021-01-28 00:00:00+05:30,43.0,43.0,42.6,42.75,270660
GOLD1,2021-01-29 00:00:00+05:30,43.0,43.0,42.65,42.9,134600
GOLD1,2021-02-01 00:00:00+05:30,43.4,43.4,42.4,42.65,605170
GOLD1,2021-02-02 00:00:00+05:30,43.0,43.0,42.35,42.45,308880
GOLD1,2021-02-03 00:00:00+05:30,42.7,42.7,42.0,42.05,412290
GOLD1,2021-02-04 00:00:00+05:30,42.0,42.1,41.5,41.6,566730
GOLD1,2021-02-05 00:00:00+05:30,41.75,41.75,41.0,41.2,1583030
GOLD1,2021-02-08 00:00:00+05:30,41.6,41.6,41.0,41.4,723100
GOLD1,2021-02-09 00:00:00+05:30,43.85,43.85,41.8,42.0,679150
GOLD1,2021-02-10 00:00:00+05:30,42.0,42.1,41.8,41.9,287610
GOLD1,2021-02-11 00:00:00+05:30,42.0,42.1,41.7,42.05,439440
GOLD1,2021-02-12 00:00:00+05:30,41.7,41.8,41.4,41.55,303260
GOLD1,2021-02-15 00:00:00+05:30,41.9,41.95,41.35,41.4,279980
GOLD1,2021-02-16 00:00:00+05:30,41.6,41.7,41.4,41.45,356990
GOLD1,2021-02-17 00:00:00+05:30,41.25,41.25,40.75,40.75,984320
GOLD1,2021-02-18 00:00:00+05:30,40.9,40.9,40.5,40.6,590160
GOLD1,2021-02-19 00:00:00+05:30,40.5,40.5,40.2,40.45,509090
GOLD1,2021-02-22 00:00:00+05:30,42.9,42.9,40.5,40.8,514040
GOLD1,2021-02-23 00:00:00+05:30,41.5,41.8,40.9,40.95,345520
GOLD1,2021-02-24 00:00:00+05:30,41.2,44.4,40.8,41.0,86790
GOLD1,2021-02-25 00:00:00+05:30,41.0,41.05,40.65,40.7,282860
GOLD1,2021-02-26 00:00:00+05:30,40.8,40.8,40.2,40.4,547630
GOLD1,2021-03-01 00:00:00+05:30,40.15,40.8,40.15,40.3,363960
GOLD1,2021-03-02 00:00:00+05:30,39.85,40.25,39.65,39.8,1034080
GOLD1,2021-03-03 00:00:00+05:30,40.05,40.05,39.5,39.55,1782090
GOLD1,2021-03-04 00:00:00+05:30,39.4,39.5,39.0,39.25,1565000
GOLD1,2021-03-05 00:00:00+05:30,39.2,39.3,38.85,38.9,934450
GOLD1,2021-03-08 00:00:00+05:30,39.5,39.5,38.95,39.0,738530
GOLD1,2021-03-09 00:00:00+05:30,39.1,39.1,38.7,38.95,1464190
GOLD1,2021-03-10 00:00:00+05:30,39.4,39.4,39.0,39.05,438010
GOLD1,2021-03-12 00:00:00+05:30,39.4,39.4,38.7,38.8,607160
GOLD1,2021-03-15 00:00:00+05:30,39.0,39.4,38.9,39.15,3875870
GOLD1,2021-03-16 00:00:00+05:30,39.4,39.4,39.1,39.3,839710
GOLD1,2021-03-17 00:00:00+05:30,39.3,39.4,39.15,39.35,289900
GOLD1,2021-03-18 00:00:00+05:30,39.4,39.9,39.25,39.35,487810
GOLD1,2021-03-19 00:00:00+05:30,39.5,39.5,39.15,39.4,396700
GOLD1,2021-03-22 00:00:00+05:30,39.5,39.7,39.1,39.2,551390
GOLD1,2021-03-23 00:00:00+05:30,39.4,39.4,39.2,39.35,355310
GOLD1,2021-03-24 00:00:00+05:30,39.5,39.5,39.15,39.35,491070
GOLD1,2021-03-25 00:00:00+05:30,39.45,39.5,39.1,39.15,490230
GOLD1,2021-03-26 00:00:00+05:30,39.2,39.3,38.95,39.0,357680
GOLD1,2021-03-30 00:00:00+05:30,38.75,38.85,38.5,38.7,713410
GOLD1,2021-03-31 00:00:00+05:30,38.5,39.1,38.5,38.75,1126310
GOLD1,2021-04-01 00:00:00+05:30,39.4,39.6,39.05,39.35,298990
GOLD1,2021-04-05 00:00:00+05:30,39.75,39.9,39.4,39.7,551090
GOLD1,2021-04-06 00:00:00+05:30,39.95,39.95,39.65,39.7,527250
GOLD1,2021-04-07 00:00:00+05:30,40.0,40.45,39.8,40.3,412370
GOLD1,2021-04-08 00:00:00+05:30,40.5,40.7,40.15,40.6,290660
GOLD1,2021-04-09 00:00:00+05:30,40.6,40.95,40.6,40.8,384430
GOLD1,2021-04-12 00:00:00+05:30,40.9,40.9,40.5,40.6,1536490
GOLD1,2021-04-13 00:00:00+05:30,40.6,40.7,40.4,40.65,249260
GOLD1,2021-04-15 00:00:00+05:30,41.0,41.0,40.8,40.9,439320
GOLD1,2021-04-16 00:00:00+05:30,41.4,41.5,40.9,41.0,340770
GOLD1,2021-04-19 00:00:00+05:30,41.2,41.8,41.2,41.7,1266000
GOLD1,2021-04-20 00:00:00+05:30,41.5,41.5,41.15,41.3,604740
GOLD1,2021-04-22 00:00:00+05:30,41.8,42.1,41.75,41.85,570350
GOLD1,2021-04-23 00:00:00+05:30,41.95,41.95,41.55,41.75,1838200
GOLD1,2021-04-26 00:00:00+05:30,41.8,41.8,41.35,41.5,1278410
GOLD1,2021-04-27 00:00:00+05:30,41.25,41.55,41.25,41.4,128520
GOLD1,2021-04-28 00:00:00+05:30,41.3,41.3,40.85,40.9,364100
GOLD1,2021-04-29 00:00:00+05:30,41.1,41.3,41.0,41.05,176010
GOLD1,2021-04-30 00:00:00+05:30,41.0,41.0,40.75,40.85,206550
GOLD1,2021-05-03 00:00:00+05:30,40.8,41.25,40.8,41.05,420820
GOLD1,2021-05-04 00:00:00+05:30,41.1,41.4,41.1,41.15,423260
GOLD1,2021-05-05 00:00:00+05:30,41.25,41.25,40.85,40.9,151440
GOLD1,2021-05-06 00:00:00+05:30,41.0,41.15,40.9,41.05,260200
GOLD1,2021-05-07 00:00:00+05:30,41.4,41.7,41.35,41.5,294730
GOLD1,2021-05-10 00:00:00+05:30,41.55,41.8,41.55,41.65,513360
GOLD1,2021-05-11 00:00:00+05:30,41.8,41.8,41.55,41.6,398470
GOLD1,2021-05-12 00:00:00+05:30,41.5,41.7,41.3,41.65,307120
GOLD1,2021-05-14 00:00:00+05:30,41.8,42.0,41.45,41.8,4545260
GOLD1,2021-05-17 00:00:00+05:30,42.0,42.3,41.95,42.15,2044440
GOLD1,2021-05-18 00:00:00+05:30,42.5,42.5,42.2,42.35,560950
GOLD1,2021-05-19 00:00:00+05:30,42.45,42.45,42.15,42.25,216090
GOLD1,2021-05-20 00:00:00+05:30,42.6,42.6,42.35,42.4,262670
GOLD1,2021-05-21 00:00:00+05:30,42.5,42.55,42.25,42.3,287360
GOLD1,2021-05-24 00:00:00+05:30,42.5,42.6,42.3,42.35,465420
GOLD1,2021-05-25 00:00:00+05:30,42.35,42.45,42.05,42.25,398570
GOLD1,2021-05-26 00:00:00+05:30,42.55,42.85,42.55,42.8,495920
GOLD1,2021-05-27 00:00:00+05:30,42.75,42.75,42.45,42.65,278860
GOLD1,2021-05-28 00:00:00+05:30,42.65,42.65,42.35,42.4,440430
GOLD1,2021-05-31 00:00:00+05:30,42.7,42.9,42.55,42.85,556130
GOLD1,2021-06-01 00:00:00+05:30,43.0,43.15,42.85,43.05,437130
GOLD1,2021-06-02 00:00:00+05:30,43.1,43.1,42.55,42.9,330480
GOLD1,2021-06-03 00:00:00+05:30,43.4,43.4,42.6,42.7,1055060
GOLD1,2021-06-04 00:00:00+05:30,42.6,42.6,42.2,42.35,371460
GOLD1,2021-06-07 00:00:00+05:30,42.3,42.7,39.85,42.45,371810
GOLD1,2021-06-08 00:00:00+05:30,42.75,42.85,42.5,42.6,381630
GOLD1,2021-06-09 00:00:00+05:30,42.6,42.75,42.5,42.65,89120
GOLD1,2021-06-10 00:00:00+05:30,42.65,42.65,42.4,42.55,107300
GOLD1,2021-06-11 00:00:00+05:30,42.95,42.95,42.7,42.8,292500
GOLD1,2021-06-14 00:00:00+05:30,42.1,42.45,42.1,42.2,365210
GOLD1,2021-06-15 00:00:00+05:30,42.9,42.9,42.2,42.3,184800
GOLD1,2021-06-16 00:00:00+05:30,42.35,42.4,42.1,42.25,587860
GOLD1,2021-06-17 00:00:00+05:30,41.95,41.95,41.5,41.6,581200
GOLD1,2021-06-18 00:00:00+05:30,41.4,41.4,41.1,41.25,396220
GOLD1,2021-06-21 00:00:00+05:30,41.2,41.25,40.9,41.1,464370
GOLD1,2021-06-22 00:00:00+05:30,41.05,41.4,41.0,41.05,327580
GOLD1,2021-06-23 00:00:00+05:30,41.25,41.3,41.0,41.25,188330
GOLD1,2021-06-24 00:00:00+05:30,41.2,41.25,41.05,41.15,147070
GOLD1,2021-06-25 00:00:00+05:30,41.2,41.25,41.0,41.15,286570
GOLD1,2021-06-28 00:00:00+05:30,41.4,41.4,41.0,41.15,257440
GOLD1,2021-06-29 00:00:00+05:30,41.1,41.25,40.9,40.95,190210
GOLD1,2021-06-30 00:00:00+05:30,40.95,40.95,40.65,40.8,249220
GOLD1,2021-07-01 00:00:00+05:30,41.15,41.25,41.0,41.1,182460
GOLD1,2021-07-02 00:00:00+05:30,41.5,41.5,41.0,41.4,240700
GOLD1,2021-07-05 00:00:00+05:30,41.55,41.6,41.3,41.4,209880
GOLD1,2021-07-06 00:00:00+05:30,41.6,41.9,41.45,41.8,1270160
GOLD1,2021-07-07 00:00:00+05:30,41.9,42.0,41.8,41.95,212590
GOLD1,2021-07-08 00:00:00+05:30,41.95,42.15,41.7,42.0,162220
GOLD1,2021-07-09 00:00:00+05:30,42.0,42.0,41.7,41.8,179830
GOLD1,2021-07-12 00:00:00+05:30,41.9,41.9,41.6,41.75,176620
GOLD1,2021-07-13 00:00:00+05:30,41.75,41.95,41.65,41.75,91360
GOLD1,2021-07-14 00:00:00+05:30,41.75,41.95,41.75,41.85,152210
GOLD1,2021-07-15 00:00:00+05:30,42.0,42.25,41.9,42.2,256300
GOLD1,2021-07-16 00:00:00+05:30,42.2,42.2,42.0,42.05,249900
GOLD1,2021-07-19 00:00:00+05:30,42.0,42.1,41.85,41.9,225480
GOLD1,2021-07-20 00:00:00+05:30,42.2,42.2,41.85,41.95,280710
GOLD1,2021-07-22 00:00:00+05:30,44.0,44.0,41.65,41.75,420881
GOLD1,2021-07-23 00:00:00+05:30,44.45,44.45,41.55,41.85,342023
GOLD1,2021-07-26 00:00:00+05:30,41.85,42.1,41.5,41.8,268221
GOLD1,2021-07-27 00:00:00+05:30,41.8,41.8,41.45,41.65,118526
GOLD1,2021-07-28 00:00:00+05:30,41.9,41.9,41.5,41.55,120252
GOLD1,2021-07-29 00:00:00+05:30,41.65,42.0,41.65,41.93,173118
GOLD1,2021-07-30 00:00:00+05:30,42.19,42.39,42.0,42.14,165658
GOLD1,2021-08-02 00:00:00+05:30,42.05,42.05,41.7,41.72,321968
GOLD1,2021-08-03 00:00:00+05:30,41.72,41.98,41.65,41.78,346600
GOLD1,2021-08-04 00:00:00+05:30,41.9,42.09,41.71,41.82,143511
GOLD1,2021-08-05 00:00:00+05:30,41.99,41.99,41.61,41.87,847916
GOLD1,2021-08-06 00:00:00+05:30,41.87,41.87,41.46,41.61,156723
GOLD1,2021-08-09 00:00:00+05:30,41.0,41.0,40.11,40.6,709951
GOLD1,2021-08-10 00:00:00+05:30,41.18,41.18,40.45,40.5,317176
GOLD1,2021-08-11 00:00:00+05:30,40.69,40.69,40.37,40.45,303133
GOLD1,2021-08-12 00:00:00+05:30,40.79,40.85,40.57,40.71,251989
GOLD1,2021-08-13 00:00:00+05:30,40.83,40.88,40.61,40.78,110311
GOLD1,2021-08-16 00:00:00+05:30,41.45,41.45,40.86,41.04,238855
GOLD1,2021-08-17 00:00:00+05:30,41.04,41.45,41.04,41.35,135311
GOLD1,2021-08-18 00:00:00+05:30,41.49,41.49,41.18,41.22,126577
GOLD1,2021-08-20 00:00:00+05:30,41.22,41.48,41.11,41.14,191089
GOLD1,2021-08-23 00:00:00+05:30,41.14,41.35,41.05,41.24,120991
GOLD1,2021-08-24 00:00:00+05:30,41.32,41.55,41.26,41.32,180849
GOLD1,2021-08-25 00:00:00+05:30,41.32,41.44,41.06,41.24,105029
GOLD1,2021-08-26 00:00:00+05:30,41.36,41.36,41.0,41.03,88432
GOLD1,2021-08-27 00:00:00+05:30,41.43,41.43,41.05,41.17,193820
GOLD1,2021-08-30 00:00:00+05:30,41.74,41.74,41.11,41.12,188079
GOLD1,2021-08-31 00:00:00+05:30,41.12,41.28,41.0,41.1,144281
GOLD1,2021-09-01 00:00:00+05:30,41.1,41.24,40.96,41.05,180116
GOLD1,2021-09-02 00:00:00+05:30,41.05,41.23,40.82,41.19,172159
GOLD1,2021-09-03 00:00:00+05:30,41.18,41.35,41.01,41.1,137926
GOLD1,2021-09-06 00:00:00+05:30,40.5,41.59,40.5,41.49,567629
GOLD1,2021-09-07 00:00:00+05:30,41.64,41.64,41.25,41.42,447206
GOLD1,2021-09-08 00:00:00+05:30,41.4,41.55,40.91,41.24,130338
GOLD1,2021-09-09 00:00:00+05:30,41.57,41.57,41.02,41.1,120188
GOLD1,2021-09-13 00:00:00+05:30,41.0,41.26,40.91,41.07,351249
GOLD1,2021-09-14 00:00:00+05:30,41.07,41.5,40.95,41.11,345060
GOLD1,2021-09-15 00:00:00+05:30,41.49,41.49,41.11,41.3,482557
GOLD1,2021-09-16 00:00:00+05:30,41.3,41.4,40.73,40.92,356948
GOLD1,2021-09-17 00:00:00+05:30,40.79,40.79,40.4,40.56,461088
GOLD1,2021-09-20 00:00:00+05:30,40.56,41.0,40.11,40.48,283857
GOLD1,2021-09-21 00:00:00+05:30,40.32,40.8,40.32,40.6,585566
GOLD1,2021-09-22 00:00:00+05:30,40.6,41.05,40.6,40.97,143842
GOLD1,2021-09-23 00:00:00+05:30,40.18,41.4,40.18,40.61,507558
GOLD1,2021-09-24 00:00:00+05:30,40.54,40.6,40.08,40.4,590432
GOLD1,2021-09-27 00:00:00+05:30,40.31,40.96,40.26,40.4,419892
GOLD1,2021-09-28 00:00:00+05:30,40.15,40.78,40.15,40.27,324226
GOLD1,2021-09-29 00:00:00+05:30,40.03,40.9,40.03,40.35,627919
GOLD1,2021-09-30 00:00:00+05:30,40.08,40.43,39.88,40.12,261881
GOLD1,2021-10-01 00:00:00+05:30,40.45,41.4,40.44,40.6,152128
GOLD1,2021-10-04 00:00:00+05:30,40.6,41.0,40.35,40.5,386045
GOLD1,2021-10-05 00:00:00+05:30,40.67,41.0,40.55,40.72,187196
GOLD1,2021-10-06 00:00:00+05:30,40.72,40.88,40.54,40.7,590222
GOLD1,2021-10-07 00:00:00+05:30,40.58,40.97,40.58,40.9,504061
GOLD1,2021-10-08 00:00:00+05:30,40.9,41.0,40.68,40.9,537726
GOLD1,2021-10-11 00:00:00+05:30,41.28,41.28,40.72,41.01,298910
GOLD1,2021-10-12 00:00:00+05:30,40.78,41.32,40.78,41.01,260761
GOLD1,2021-10-13 00:00:00+05:30,41.01,41.28,40.96,41.24,748244
GOLD1,2021-10-14 00:00:00+05:30,41.41,41.9,41.4,41.78,259975
GOLD1,2021-10-18 00:00:00+05:30,41.6,41.6,40.78,41.25,637538
GOLD1,2021-10-19 00:00:00+05:30,41.25,41.49,41.16,41.34,228744
GOLD1,2021-10-20 00:00:00+05:30,41.34,41.62,41.21,41.26,174895
GOLD1,2021-10-21 00:00:00+05:30,41.72,41.88,41.26,41.38,314539
GOLD1,2021-10-22 00:00:00+05:30,41.38,41.85,41.24,41.52,277314
GOLD1,2021-10-25 00:00:00+05:30,41.52,41.99,41.32,41.9,862442
GOLD1,2021-10-26 00:00:00+05:30,41.9,42.26,41.76,41.95,902355
GOLD1,2021-10-27 00:00:00+05:30,41.38,41.99,41.38,41.7,801343
GOLD1,2021-10-28 00:00:00+05:30,41.72,41.98,41.72,41.89,565289
GOLD1,2021-10-29 00:00:00+05:30,41.89,42.18,41.55,41.84,535969
GOLD1,2021-11-01 00:00:00+05:30,41.84,42.08,41.57,41.69,782739
GOLD1,2021-11-02 00:00:00+05:30,41.69,42.08,41.69,41.84,1971258
GOLD1,2021-11-03 00:00:00+05:30,41.84,41.99,41.42,41.49,484031
GOLD1,2021-11-04 00:00:00+05:30,41.49,41.96,41.49,41.6,495878
GOLD1,2021-11-08 00:00:00+05:30,42.11,42.38,41.71,41.78,351462
GOLD1,2021-11-09 00:00:00+05:30,41.78,42.24,41.75,42.02,1021917
GOLD1,2021-11-10 00:00:00+05:30,41.83,42.2,41.83,42.14,671980
GOLD1,2021-11-11 00:00:00+05:30,42.28,43.12,42.28,43.05,939656
GOLD1,2021-11-12 00:00:00+05:30,42.63,43.05,42.63,42.72,254592
GOLD1,2021-11-15 00:00:00+05:30,42.72,43.09,42.55,42.91,559014
GOLD1,2021-11-16 00:00:00+05:30,42.91,43.25,42.73,43.14,1062629
GOLD1,2021-11-17 00:00:00+05:30,43.12,43.12,42.61,42.84,1316666
GOLD1,2021-11-18 00:00:00+05:30,42.86,43.25,42.76,42.94,706285
GOLD1,2021-11-22 00:00:00+05:30,42.9,42.9,42.28,42.64,637059
GOLD1,2021-11-23 00:00:00+05:30,42.45,42.45,41.55,41.74,1025648
GOLD1,2021-11-24 00:00:00+05:30,41.34,41.94,41.34,41.65,679368
GOLD1,2021-11-25 00:00:00+05:30,41.65,41.98,41.5,41.57,292801
GOLD1,2021-11-26 00:00:00+05:30,41.28,42.11,41.28,42.0,763122
GOLD1,2021-11-29 00:00:00+05:30,42.0,42.28,41.62,41.89,1524110
GOLD1,2021-11-30 00:00:00+05:30,41.89,42.39,41.56,41.91,2724994
GOLD1,2021-12-01 00:00:00+05:30,41.08,42.7,41.08,41.57,1588608
GOLD1,2021-12-02 00:00:00+05:30,41.69,41.8,41.3,41.38,934135
GOLD1,2021-12-03 00:00:00+05:30,41.08,41.69,41.08,41.39,1770798
GOLD1,2021-12-06 00:00:00+05:30,42.18,42.18,41.51,41.75,1875485
GOLD1,2021-12-07 00:00:00+05:30,41.75,41.93,41.5,41.78,1862064
GOLD1,2021-12-08 00:00:00+05:30,41.78,42.24,41.78,41.94,1542829
GOLD1,2021-12-09 00:00:00+05:30,41.65,42.08,41.65,41.84,1193024
GOLD1,2021-12-10 00:00:00+05:30,41.65,41.94,41.55,41.74,1703403
GOLD1,2021-12-13 00:00:00+05:30,41.85,42.29,41.81,42.0,692334
GOLD1,2021-12-14 00:00:00+05:30,42.0,42.29,41.8,41.95,608918
GOLD1,2021-12-15 00:00:00+05:30,41.61,42.18,41.61,41.84,889030
GOLD1,2021-12-16 00:00:00+05:30,41.94,42.4,41.94,42.23,1094881
GOLD1,2021-12-17 00:00:00+05:30,42.38,42.79,42.38,42.59,1144231
GOLD1,2021-12-20 00:00:00+05:30,42.21,42.79,42.21,42.35,620812
GOLD1,2021-12-21 00:00:00+05:30,42.35,42.58,42.0,42.07,1299083
GOLD1,2021-12-22 00:00:00+05:30,41.66,42.14,41.66,41.94,1090115
GOLD1,2021-12-23 00:00:00+05:30,42.08,42.29,42.07,42.12,1252775
GOLD1,2021-12-24 00:00:00+05:30,41.78,42.29,41.78,42.09,1088392
GOLD1,2021-12-27 00:00:00+05:30,41.78,42.18,41.78,42.04,1851947
GOLD1,2021-12-28 00:00:00+05:30,41.85,42.14,41.85,41.99,944531
GOLD1,2021-12-29 00:00:00+05:30,41.6,42.08,41.6,41.92,1375923
GOLD1,2021-12-30 00:00:00+05:30,41.71,41.94,41.6,41.65,2135333
GOLD1,2021-12-31 00:00:00+05:30,41.75,42.25,41.75,41.9,1239881
GOLD1,2022-01-03 00:00:00+05:30,42.01,42.29,42.01,42.09,786415
GOLD1,2022-01-04 00:00:00+05:30,41.41,42.06,41.41,41.84,793579
GOLD1,2022-01-05 00:00:00+05:30,41.88,42.29,41.88,41.9,299861
GOLD1,2022-01-06 00:00:00+05:30,41.9,41.9,41.55,41.63,268006
GOLD1,2022-01-07 00:00:00+05:30,41.63,41.69,41.31,41.55,160245
GOLD1,2022-01-10 00:00:00+05:30,41.55,41.72,41.31,41.45,834140
GOLD1,2022-01-11 00:00:00+05:30,41.48,41.92,41.43,41.48,223996
GOLD1,2022-01-12 00:00:00+05:30,41.51,41.79,41.51,41.67,776888
GOLD1,2022-01-13 00:00:00+05:30,41.53,41.9,41.53,41.8,213769
GOLD1,2022-01-14 00:00:00+05:30,42.32,42.32,41.66,41.77,296554
GOLD1,2022-01-17 00:00:00+05:30,41.51,41.95,41.51,41.77,185805
GOLD1,2022-01-18 00:00:00+05:30,41.66,41.85,41.66,41.8,172676
GOLD1,2022-01-19 00:00:00+05:30,41.63,41.88,41.63,41.8,192558
GOLD1,2022-01-20 00:00:00+05:30,42.64,42.64,42.06,42.23,189528
GOLD1,2022-01-21 00:00:00+05:30,42.23,42.39,41.95,41.96,226497
GOLD1,2022-01-24 00:00:00+05:30,41.76,42.32,41.76,42.1,688169
GOLD1,2022-01-25 00:00:00+05:30,41.95,42.35,41.95,42.24,314041
GOLD1,2022-01-27 00:00:00+05:30,42.2,42.2,41.71,42.03,329348
GOLD1,2022-01-28 00:00:00+05:30,41.92,42.03,41.61,41.68,154030
GOLD1,2022-01-31 00:00:00+05:30,41.35,41.68,41.35,41.43,153507
GOLD1,2022-02-01 00:00:00+05:30,41.43,41.78,41.41,41.73,94510
GOLD1,2022-02-02 00:00:00+05:30,41.95,41.95,41.4,41.76,193885
GOLD1,2022-02-03 00:00:00+05:30,41.65,41.95,41.65,41.74,179825
GOLD1,2022-02-04 00:00:00+05:30,41.74,41.89,41.6,41.81,161490
GOLD1,2022-02-07 00:00:00+05:30,41.81,41.99,41.61,41.72,215831
GOLD1,2022-02-08 00:00:00+05:30,41.75,42.1,41.75,42.01,234727
GOLD1,2022-02-09 00:00:00+05:30,42.05,42.25,42.01,42.19,228121
GOLD1,2022-02-10 00:00:00+05:30,42.49,42.51,42.24,42.48,1220406
GOLD1,2022-02-11 00:00:00+05:30,42.18,42.58,42.18,42.5,190644
GOLD1,2022-02-14 00:00:00+05:30,42.83,43.44,42.82,43.12,547674
GOLD1,2022-02-15 00:00:00+05:30,43.31,43.67,42.7,42.81,480532
GOLD1,2022-02-16 00:00:00+05:30,42.55,42.9,42.5,42.65,242874
GOLD1,2022-02-17 00:00:00+05:30,42.75,43.6,42.75,43.54,866145
GOLD1,2022-02-18 00:00:00+05:30,43.54,43.68,43.11,43.19,215117
GOLD1,2022-02-21 00:00:00+05:30,43.14,43.41,43.0,43.16,188244
GOLD1,2022-02-22 00:00:00+05:30,43.3,43.78,43.28,43.38,303704
GOLD1,2022-02-23 00:00:00+05:30,43.05,43.49,43.05,43.18,151779
GOLD1,2022-02-24 00:00:00+05:30,44.28,44.69,43.61,44.56,1741023
GOLD1,2022-02-25 00:00:00+05:30,43.2,44.14,42.68,43.54,947695
GOLD1,2022-02-28 00:00:00+05:30,44.48,44.48,43.3,43.37,443403
GOLD1,2022-03-02 00:00:00+05:30,44.06,44.5,44.06,44.33,844499
GOLD1,2022-03-03 00:00:00+05:30,44.33,44.33,44.01,44.19,388221
GOLD1,2022-03-04 00:00:00+05:30,44.31,44.82,44.15,44.48,731014
GOLD1,2022-03-07 00:00:00+05:30,44.88,47.1,44.88,45.78,1676596
GOLD1,2022-03-08 00:00:00+05:30,47.24,47.24,45.5,45.78,912127
GOLD1,2022-03-09 00:00:00+05:30,47.29,47.29,44.86,45.18,1023802
GOLD1,2022-03-10 00:00:00+05:30,44.01,44.85,43.99,44.39,1326707
GOLD1,2022-03-11 00:00:00+05:30,44.16,45.2,44.16,44.75,306707
GOLD1,2022-03-14 00:00:00+05:30,44.64,44.75,44.01,44.18,489550
GOLD1,2022-03-15 00:00:00+05:30,43.61,44.18,43.61,44.04,213500
GOLD1,2022-03-16 00:00:00+05:30,44.04,44.04,43.31,43.98,555790
GOLD1,2022-03-17 00:00:00+05:30,43.75,44.25,43.75,44.13,469446
GOLD1,2022-03-21 00:00:00+05:30,44.13,44.39,43.61,44.14,273366
GOLD1,2022-03-22 00:00:00+05:30,44.25,44.69,44.1,44.2,192771
GOLD1,2022-03-23 00:00:00+05:30,44.2,44.59,43.81,44.22,302202
GOLD1,2022-03-24 00:00:00+05:30,44.26,44.69,44.26,44.48,302798
GOLD1,2022-03-25 00:00:00+05:30,44.62,44.85,44.52,44.7,277799
GOLD1,2022-03-28 00:00:00+05:30,44.18,44.88,44.1,44.6,1121926
GOLD1,2022-03-29 00:00:00+05:30,44.1,44.54,44.01,44.36,534138
GOLD1,2022-03-30 00:00:00+05:30,44.25,44.95,43.92,44.59,705234
GOLD1,2022-03-31 00:00:00+05:30,44.11,44.7,44.1,44.64,534620
GOLD1,2022-04-01 00:00:00+05:30,44.25,44.82,44.25,44.54,133738
GOLD1,2022-04-04 00:00:00+05:30,44.75,44.75,44.01,44.49,380868
GOLD1,2022-04-05 00:00:00+05:30,44.49,44.82,44.15,44.53,196899
GOLD1,2022-04-06 00:00:00+05:30,44.08,44.77,44.08,44.68,189175
GOLD1,2022-04-07 00:00:00+05:30,44.31,44.89,44.31,44.79,499263
GOLD1,2022-04-08 00:00:00+05:30,44.53,44.99,44.53,44.88,221376
GOLD1,2022-04-11 00:00:00+05:30,44.94,45.8,44.91,45.71,1141874
GOLD1,2022-04-12 00:00:00+05:30,45.28,46.0,45.28,45.7,985329
GOLD1,2022-04-13 00:00:00+05:30,45.55,46.25,45.55,46.18,198114
GOLD1,2022-04-18 00:00:00+05:30,46.26,46.7,46.17,46.21,427934
GOLD1,2022-04-19 00:00:00+05:30,46.48,46.48,45.81,46.23,268095
GOLD1,2022-04-20 00:00:00+05:30,43.5,45.93,43.5,45.64,253336
GOLD1,2022-04-21 00:00:00+05:30,45.65,45.98,45.56,45.76,150266
GOLD1,2022-04-22 00:00:00+05:30,45.76,46.28,45.57,45.7,2066596
GOLD1,2022-04-25 00:00:00+05:30,45.63,45.63,45.12,45.3,635005
GOLD1,2022-04-26 00:00:00+05:30,45.2,45.44,42.6,45.05,186023
GOLD1,2022-04-27 00:00:00+05:30,41.0,49.1,41.0,44.9,601097
GOLD1,2022-04-28 00:00:00+05:30,42.2,44.99,42.2,44.9,65983
GOLD1,2022-04-29 00:00:00+05:30,44.95,48.9,44.75,45.06,1140358
GOLD1,2022-05-02 00:00:00+05:30,44.11,45.45,44.11,44.61,357900
GOLD1,2022-05-04 00:00:00+05:30,44.61,45.99,42.25,44.17,625550
GOLD1,2022-05-05 00:00:00+05:30,44.45,45.45,44.21,44.62,185314
GOLD1,2022-05-06 00:00:00+05:30,44.62,44.89,44.32,44.56,240424
GOLD1,2022-05-09 00:00:00+05:30,47.2,47.2,44.36,44.71,190609
GOLD1,2022-05-10 00:00:00+05:30,44.11,44.79,44.11,44.56,83651
GOLD1,2022-05-11 00:00:00+05:30,43.71,44.39,43.71,44.15,234140
GOLD1,2022-05-12 00:00:00+05:30,41.5,44.49,41.5,44.06,180007
GOLD1,2022-05-13 00:00:00+05:30,43.31,44.0,43.31,43.59,138571
GOLD1,2022-05-16 00:00:00+05:30,43.59,43.65,43.06,43.3,163831
GOLD1,2022-05-17 00:00:00+05:30,43.52,43.99,43.52,43.63,98319
GOLD1,2022-05-18 00:00:00+05:30,43.48,43.66,43.21,43.56,503438
GOLD1,2022-05-19 00:00:00+05:30,43.31,43.94,43.31,43.72,223803
GOLD1,2022-05-20 00:00:00+05:30,43.5,44.38,43.5,44.36,569909
GOLD1,2022-05-23 00:00:00+05:30,44.15,45.04,44.15,44.48,559681
GOLD1,2022-05-24 00:00:00+05:30,44.38,44.69,44.21,44.22,598902
GOLD1,2022-05-25 00:00:00+05:30,41.6,44.7,41.6,44.44,473632
GOLD1,2022-05-26 00:00:00+05:30,44.44,44.65,43.96,44.13,83958
GOLD1,2022-05-27 00:00:00+05:30,44.13,44.74,44.11,44.49,548063
GOLD1,2022-05-30 00:00:00+05:30,44.49,44.79,44.11,44.24,511222
GOLD1,2022-05-31 00:00:00+05:30,43.83,44.5,43.83,44.41,658775
GOLD1,2022-06-01 00:00:00+05:30,43.61,44.24,43.61,43.85,799011
GOLD1,2022-06-02 00:00:00+05:30,43.74,44.44,43.74,44.31,486676
GOLD1,2022-06-03 00:00:00+05:30,44.44,45.24,44.39,45.0,617503
GOLD1,2022-06-06 00:00:00+05:30,44.81,45.02,44.01,44.53,599965
GOLD1,2022-06-07 00:00:00+05:30,44.53,44.8,44.1,44.43,726623
GOLD1,2022-06-08 00:00:00+05:30,44.43,44.73,44.17,44.2,813122
GOLD1,2022-06-09 00:00:00+05:30,44.01,44.69,44.01,44.4,552439
GOLD1,2022-06-10 00:00:00+05:30,44.4,44.58,44.06,44.14,173319
GOLD1,2022-06-13 00:00:00+05:30,44.3,45.15,44.3,44.54,175974
GOLD1,2022-06-14 00:00:00+05:30,44.46,44.46,43.71,43.94,70760
GOLD1,2022-06-15 00:00:00+05:30,43.53,44.14,43.53,44.02,140449
GOLD1,2022-06-16 00:00:00+05:30,44.02,44.65,43.86,43.89,141024
GOLD1,2022-06-17 00:00:00+05:30,44.05,44.44,44.05,44.25,118363
GOLD1,2022-06-20 00:00:00+05:30,44.0,44.35,44.0,44.04,141011
GOLD1,2022-06-21 00:00:00+05:30,43.81,44.25,43.78,43.92,179493
GOLD1,2022-06-22 00:00:00+05:30,43.54,43.99,43.54,43.94,86594
GOLD1,2022-06-23 00:00:00+05:30,43.76,44.19,43.76,43.95,81487
GOLD1,2022-06-24 00:00:00+05:30,43.95,43.99,43.71,43.9,83780
GOLD1,2022-06-27 00:00:00+05:30,43.78,44.18,43.78,44.01,158714
GOLD1,2022-06-28 00:00:00+05:30,43.7,44.11,43.7,43.99,77851
GOLD1,2022-06-29 00:00:00+05:30,43.71,44.08,43.71,43.89,133102
GOLD1,2022-06-30 00:00:00+05:30,43.89,44.19,43.79,43.82,52001
GOLD1,2022-07-01 00:00:00+05:30,43.42,44.84,43.42,44.58,1079955
GOLD1,2022-07-04 00:00:00+05:30,44.18,45.38,44.18,44.84,197057
GOLD1,2022-07-05 00:00:00+05:30,44.84,45.3,44.8,45.06,346822
GOLD1,2022-07-06 00:00:00+05:30,44.01,44.7,44.01,44.27,340520
GOLD1,2022-07-07 00:00:00+05:30,43.85,44.0,43.51,43.76,137210
GOLD1,2022-07-08 00:00:00+05:30,43.31,44.04,43.31,43.88,517616
GOLD1,2022-07-11 00:00:00+05:30,43.88,44.19,43.81,43.85,132350
GOLD1,2022-07-12 00:00:00+05:30,43.75,43.99,43.73,43.82,36594
GOLD1,2022-07-13 00:00:00+05:30,43.55,43.99,43.52,43.61,796280
GOLD1,2022-07-14 00:00:00+05:30,43.67,43.97,43.5,43.6,155789
GOLD1,2022-07-15 00:00:00+05:30,43.3,43.93,43.23,43.35,258025
GOLD1,2022-07-18 00:00:00+05:30,43.5,43.99,43.45,43.69,643659
GOLD1,2022-07-19 00:00:00+05:30,43.31,43.65,43.31,43.56,117812
GOLD1,2022-07-20 00:00:00+05:30,43.41,43.7,43.4,43.59,97490
GOLD1,2022-07-21 00:00:00+05:30,42.68,43.49,42.68,43.2,132608
GOLD1,2022-07-22 00:00:00+05:30,43.7,44.14,43.53,44.0,305397
GOLD1,2022-07-25 00:00:00+05:30,44.0,44.45,43.82,43.91,66769
GOLD1,2022-07-26 00:00:00+05:30,40.0,43.9,40.0,43.57,428556
GOLD1,2022-07-27 00:00:00+05:30,43.47,43.85,43.47,43.79,149221
GOLD1,2022-07-28 00:00:00+05:30,43.95,44.39,43.81,44.19,175454
GOLD1,2022-07-29 00:00:00+05:30,44.19,44.53,44.12,44.2,63383
GOLD1,2022-08-01 00:00:00+05:30,44.15,44.47,44.06,44.3,118845
GOLD1,2022-08-02 00:00:00+05:30,44.3,44.48,44.16,44.21,127246
GOLD1,2022-08-03 00:00:00+05:30,44.29,44.37,43.81,44.33,123842
GOLD1,2022-08-04 00:00:00+05:30,44.4,44.75,44.4,44.64,165461
GOLD1,2022-08-05 00:00:00+05:30,44.51,44.84,44.51,44.72,78523
GOLD1,2022-08-08 00:00:00+05:30,44.36,44.67,44.36,44.58,196960
GOLD1,2022-08-10 00:00:00+05:30,44.62,45.06,44.62,44.98,153685
GOLD1,2022-08-11 00:00:00+05:30,44.5,44.94,44.5,44.85,443778
GOLD1,2022-08-12 00:00:00+05:30,45.05,45.09,44.8,45.04,205787
GOLD1,2022-08-16 00:00:00+05:30,44.8,45.04,44.66,44.69,136469
GOLD1,2022-08-17 00:00:00+05:30,44.93,44.93,44.5,44.83,644815
GOLD1,2022-08-18 00:00:00+05:30,44.6,44.95,44.47,44.73,134731
GOLD1,2022-08-19 00:00:00+05:30,44.18,44.73,44.18,44.44,73623
GOLD1,2022-08-22 00:00:00+05:30,44.44,44.55,44.1,44.14,137875
GOLD1,2022-08-23 00:00:00+05:30,43.84,44.28,43.84,44.21,113257
GOLD1,2022-08-24 00:00:00+05:30,44.19,44.49,44.19,44.28,275394
GOLD1,2022-08-25 00:00:00+05:30,44.3,44.7,44.3,44.62,609154
GOLD1,2022-08-26 00:00:00+05:30,44.36,44.7,44.35,44.37,124455
GOLD1,2022-08-29 00:00:00+05:30,44.2,44.2,43.83,44.07,199665
GOLD1,2022-08-30 00:00:00+05:30,44.11,44.39,43.91,43.95,86331
GOLD1,2022-09-01 00:00:00+05:30,43.89,43.89,43.25,43.56,180618
GOLD1,2022-09-02 00:00:00+05:30,43.15,43.68,43.15,43.59,86898
GOLD1,2022-09-05 00:00:00+05:30,43.34,43.88,43.34,43.59,1692249
GOLD1,2022-09-06 00:00:00+05:30,43.41,43.9,43.41,43.67,85853
GOLD1,2022-09-07 00:00:00+05:30,43.21,43.64,43.2,43.61,206076
GOLD1,2022-09-08 00:00:00+05:30,43.34,43.98,43.34,43.71,64805
GOLD1,2022-09-09 00:00:00+05:30,43.71,43.95,43.6,43.93,195170
GOLD1,2022-09-12 00:00:00+05:30,40.0,43.86,40.0,43.62,296817
GOLD1,2022-09-13 00:00:00+05:30,43.59,43.69,43.36,43.6,188237
GOLD1,2022-09-14 00:00:00+05:30,43.45,43.49,43.2,43.35,212384
GOLD1,2022-09-15 00:00:00+05:30,43.06,43.29,43.02,43.11,150940
GOLD1,2022-09-16 00:00:00+05:30,42.84,42.85,42.4,42.49,195251
GOLD1,2022-09-19 00:00:00+05:30,42.35,42.78,42.35,42.47,177990
GOLD1,2022-09-20 00:00:00+05:30,42.55,42.84,42.52,42.67,1152640
GOLD1,2022-09-21 00:00:00+05:30,42.51,42.84,42.45,42.73,132214
GOLD1,2022-09-22 00:00:00+05:30,42.46,43.38,42.46,43.33,694611
GOLD1,2022-09-23 00:00:00+05:30,43.45,43.68,42.75,42.88,356141
GOLD1,2022-09-26 00:00:00+05:30,40.3,42.87,40.3,42.64,343088
GOLD1,2022-09-27 00:00:00+05:30,42.54,42.59,42.35,42.46,95076
GOLD1,2022-09-28 00:00:00+05:30,40.46,42.66,40.46,42.48,429858
GOLD1,2022-09-29 00:00:00+05:30,42.47,44.44,40.8,42.92,144348
GOLD1,2022-09-30 00:00:00+05:30,42.92,43.55,39.91,43.4,161938
GOLD1,2022-10-03 00:00:00+05:30,43.4,43.59,43.22,43.3,118446
GOLD1,2022-10-04 00:00:00+05:30,43.8,44.24,43.66,44.15,246227
GOLD1,2022-10-06 00:00:00+05:30,44.34,44.71,44.13,44.39,129861
GOLD1,2022-10-07 00:00:00+05:30,44.23,44.79,44.23,44.55,180691
GOLD1,2022-10-10 00:00:00+05:30,44.54,44.54,43.85,43.92,2825103
GOLD1,2022-10-11 00:00:00+05:30,41.3,43.78,41.3,43.53,54855
GOLD1,2022-10-12 00:00:00+05:30,43.41,43.79,43.41,43.53,3780792
GOLD1,2022-10-13 00:00:00+05:30,43.23,43.78,43.23,43.64,92018
GOLD1,2022-10-14 00:00:00+05:30,43.64,43.66,43.21,43.37,69682
GOLD1,2022-10-17 00:00:00+05:30,43.11,43.47,43.11,43.39,183684
GOLD1,2022-10-18 00:00:00+05:30,42.71,43.39,42.71,43.14,533275
GOLD1,2022-10-19 00:00:00+05:30,40.61,43.33,40.61,43.22,301752
GOLD1,2022-10-20 00:00:00+05:30,42.72,43.25,42.72,43.1,94074
GOLD1,2022-10-21 00:00:00+05:30,42.78,43.22,42.78,42.95,176632
GOLD1,2022-10-24 00:00:00+05:30,43.0,44.99,43.0,43.62,220964
GOLD1,2022-10-25 00:00:00+05:30,43.21,43.99,43.21,43.45,325209
GOLD1,2022-10-27 00:00:00+05:30,43.45,43.99,43.4,43.71,269054
GOLD1,2022-10-28 00:00:00+05:30,43.7,43.84,43.45,43.58,269437
GOLD1,2022-10-31 00:00:00+05:30,43.58,43.58,43.18,43.44,235298
GOLD1,2022-11-01 00:00:00+05:30,43.14,43.51,43.14,43.41,183919
GOLD1,2022-11-02 00:00:00+05:30,43.21,43.68,43.21,43.6,105583
GOLD1,2022-11-03 00:00:00+05:30,43.4,43.48,43.1,43.24,219589
GOLD1,2022-11-04 00:00:00+05:30,43.24,43.57,43.24,43.33,597469
GOLD1,2022-11-07 00:00:00+05:30,45.9,45.9,43.42,44.04,292346
GOLD1,2022-11-09 00:00:00+05:30,43.83,44.68,43.83,44.18,182567
GOLD1,2022-11-10 00:00:00+05:30,44.41,44.41,43.92,44.25,106045
GOLD1,2022-11-11 00:00:00+05:30,44.31,45.38,44.31,45.28,1853000
GOLD1,2022-11-14 00:00:00+05:30,44.92,45.24,44.9,44.99,125762
GOLD1,2022-11-15 00:00:00+05:30,44.89,45.45,44.89,45.33,125178
GOLD1,2022-11-16 00:00:00+05:30,45.26,45.55,45.26,45.47,223762
GOLD1,2022-11-17 00:00:00+05:30,44.97,45.44,44.97,45.28,104600
GOLD1,2022-11-18 00:00:00+05:30,44.98,45.45,44.98,45.41,110215
GOLD1,2022-11-21 00:00:00+05:30,45.28,45.28,44.86,44.96,74243
GOLD1,2022-11-22 00:00:00+05:30,44.76,45.15,44.76,44.99,269211
GOLD1,2022-11-23 00:00:00+05:30,44.98,45.12,42.31,45.01,125414
GOLD1,2022-11-24 00:00:00+05:30,45.54,45.54,45.06,45.1,137695
GOLD1,2022-11-25 00:00:00+05:30,45.1,45.29,39.2,45.11,636049
GOLD1,2022-11-28 00:00:00+05:30,45.12,45.35,44.96,45.25,136193
GOLD1,2022-11-29 00:00:00+05:30,44.76,45.3,44.76,45.22,85383
GOLD1,2022-11-30 00:00:00+05:30,45.23,45.32,45.14,45.23,100707
GOLD1,2022-12-01 00:00:00+05:30,45.05,46.39,45.05,45.51,124104
GOLD1,2022-12-02 00:00:00+05:30,45.55,46.0,45.55,45.96,413195
GOLD1,2022-12-05 00:00:00+05:30,43.2,46.38,43.2,46.18,210896
GOLD1,2022-12-06 00:00:00+05:30,45.93,46.07,45.66,45.96,152492
GOLD1,2022-12-07 00:00:00+05:30,45.71,46.14,45.71,45.92,124374
GOLD1,2022-12-08 00:00:00+05:30,45.92,46.41,45.51,46.07,202859
GOLD1,2022-12-09 00:00:00+05:30,46.07,46.34,46.04,46.07,126204
GOLD1,2022-12-12 00:00:00+05:30,46.07,46.38,41.9,46.26,78793
GOLD1,2022-12-13 00:00:00+05:30,52.3,52.3,45.95,46.2,481879
GOLD1,2022-12-14 00:00:00+05:30,46.51,46.88,46.41,46.54,155285
GOLD1,2022-12-15 00:00:00+05:30,46.87,46.87,46.01,46.19,133831
GOLD1,2022-12-16 00:00:00+05:30,46.02,46.38,46.02,46.28,221747
GOLD1,2022-12-19 00:00:00+05:30,46.46,46.84,46.38,46.47,274756
GOLD1,2022-12-20 00:00:00+05:30,46.47,47.2,43.71,46.79,214940
GOLD1,2022-12-21 00:00:00+05:30,46.82,47.2,46.79,47.06,600397
GOLD1,2022-12-22 00:00:00+05:30,47.33,47.65,47.0,47.19,563567
GOLD1,2022-12-23 00:00:00+05:30,44.41,47.0,44.41,46.87,525413
GOLD1,2022-12-26 00:00:00+05:30,46.87,47.09,46.16,46.95,333238
GOLD1,2022-12-27 00:00:00+05:30,46.95,47.25,46.93,47.07,219281
GOLD1,2022-12-28 00:00:00+05:30,47.28,47.28,46.81,46.89,424716
GOLD1,2022-12-29 00:00:00+05:30,46.74,47.19,46.7,47.04,845813
GOLD1,2022-12-30 00:00:00+05:30,47.05,47.33,47.04,47.1,72155
GOLD1,2023-01-02 00:00:00+05:30,47.16,47.49,47.16,47.45,593600
GOLD1,2023-01-03 00:00:00+05:30,47.45,48.0,47.45,47.83,529907
GOLD1,2023-01-04 00:00:00+05:30,48.24,48.35,47.83,48.25,224953
GOLD1,2023-01-05 00:00:00+05:30,48.21,48.47,47.86,47.94,915049
GOLD1,2023-01-06 00:00:00+05:30,47.53,48.05,47.53,47.7,214190
GOLD1,2023-01-09 00:00:00+05:30,47.7,48.69,47.7,48.23,211341
GOLD1,2023-01-10 00:00:00+05:30,48.23,48.38,48.02,48.17,95650
GOLD1,2023-01-11 00:00:00+05:30,48.16,48.25,47.92,48.11,264708
GOLD1,2023-01-12 00:00:00+05:30,48.11,48.24,48.01,48.11,189611
GOLD1,2023-01-13 00:00:00+05:30,48.11,48.61,48.11,48.59,354699
GOLD1,2023-01-16 00:00:00+05:30,48.59,49.45,48.31,48.98,604708
GOLD1,2023-01-17 00:00:00+05:30,48.98,48.98,48.61,48.69,125302
GOLD1,2023-01-18 00:00:00+05:30,48.67,48.68,48.41,48.62,164202
GOLD1,2023-01-19 00:00:00+05:30,48.6,48.67,48.35,48.61,112937
GOLD1,2023-01-20 00:00:00+05:30,48.73,49.04,48.73,48.86,103539
GOLD1,2023-01-23 00:00:00+05:30,48.86,48.98,48.76,48.81,208269
GOLD1,2023-01-24 00:00:00+05:30,48.81,49.24,48.81,49.06,189598
GOLD1,2023-01-25 00:00:00+05:30,49.05,49.09,48.86,48.92,84040
GOLD1,2023-01-27 00:00:00+05:30,48.92,49.05,48.73,48.94,126249
GOLD1,2023-01-30 00:00:00+05:30,48.94,49.09,48.81,48.89,1609627
GOLD1,2023-01-31 00:00:00+05:30,49.19,49.19,48.71,48.8,221086
GOLD1,2023-02-01 00:00:00+05:30,48.9,49.47,48.88,49.4,236038
GOLD1,2023-02-02 00:00:00+05:30,49.48,50.49,49.48,50.4,481651
GOLD1,2023-02-03 00:00:00+05:30,49.97,49.97,49.17,49.5,211673
GOLD1,2023-02-06 00:00:00+05:30,49.38,49.38,48.72,49.32,419385
GOLD1,2023-02-07 00:00:00+05:30,49.33,49.39,49.16,49.27,96970
GOLD1,2023-02-08 00:00:00+05:30,49.27,49.57,49.23,49.49,103200
GOLD1,2023-02-09 00:00:00+05:30,49.49,49.68,49.16,49.39,208933
GOLD1,2023-02-10 00:00:00+05:30,48.76,49.09,48.66,48.94,350526
GOLD1,2023-02-13 00:00:00+05:30,48.94,49.14,48.83,48.99,289792
GOLD1,2023-02-14 00:00:00+05:30,48.89,48.95,48.72,48.84,340345
GOLD1,2023-02-15 00:00:00+05:30,48.84,49.25,48.25,48.42,249720
GOLD1,2023-02-16 00:00:00+05:30,48.42,48.58,48.22,48.45,406299
GOLD1,2023-02-17 00:00:00+05:30,48.34,48.39,48.0,48.2,73124
GOLD1,2023-02-20 00:00:00+05:30,48.26,48.63,48.26,48.44,74726
GOLD1,2023-02-21 00:00:00+05:30,48.44,48.69,48.26,48.36,72018
GOLD1,2023-02-22 00:00:00+05:30,48.4,48.58,48.3,48.39,129783
GOLD1,2023-02-23 00:00:00+05:30,48.4,48.4,48.01,48.02,76610
GOLD1,2023-02-24 00:00:00+05:30,48.01,48.15,47.86,48.09,404092
GOLD1,2023-02-27 00:00:00+05:30,47.9,47.98,47.41,47.68,111572
GOLD1,2023-02-28 00:00:00+05:30,47.7,47.79,47.41,47.69,215458
GOLD1,2023-03-01 00:00:00+05:30,47.96,48.48,47.87,48.04,84066
GOLD1,2023-03-02 00:00:00+05:30,48.05,48.28,47.67,48.08,76365
GOLD1,2023-03-03 00:00:00+05:30,48.08,48.29,47.92,47.96,88860
GOLD1,2023-03-06 00:00:00+05:30,47.96,48.28,47.87,48.0,104269
GOLD1,2023-03-08 00:00:00+05:30,47.78,47.99,47.01,47.29,616329
GOLD1,2023-03-09 00:00:00+05:30,47.28,47.38,47.03,47.29,230818
GOLD1,2023-03-10 00:00:00+05:30,47.43,47.85,47.4,47.75,247159
GOLD1,2023-03-13 00:00:00+05:30,47.5,49.14,47.5,49.0,524409
GOLD1,2023-03-14 00:00:00+05:30,49.26,51.4,49.18,49.95,886861
GOLD1,2023-03-15 00:00:00+05:30,49.95,50.44,49.06,49.19,420296
GOLD1,2023-03-16 00:00:00+05:30,50.65,50.65,49.36,49.88,311169
GOLD1,2023-03-17 00:00:00+05:30,49.88,50.15,49.81,49.93,298685
GOLD1,2023-03-20 00:00:00+05:30,50.23,51.6,50.23,51.07,622998
GOLD1,2023-03-21 00:00:00+05:30,51.08,51.09,50.38,50.56,261160
GOLD1,2023-03-22 00:00:00+05:30,50.5,50.5,49.95,50.1,147434
GOLD1,2023-03-23 00:00:00+05:30,50.25,50.95,50.11,50.61,165991
GOLD1,2023-03-24 00:00:00+05:30,51.23,51.39,50.68,51.17,4071994
GOLD1,2023-03-27 00:00:00+05:30,51.11,51.11,50.41,50.49,194450
GOLD1,2023-03-28 00:00:00+05:30,50.49,50.7,50.21,50.58,4228827
GOLD1,2023-03-29 00:00:00+05:30,50.81,51.14,50.61,50.81,2628133
GOLD1,2023-03-31 00:00:00+05:30,50.87,51.27,50.87,51.21,721935
GOLD1,2023-04-03 00:00:00+05:30,51.11,51.11,50.51,50.84,180100
GOLD1,2023-04-05 00:00:00+05:30,51.3,52.79,51.3,52.11,271716
GOLD1,2023-04-06 00:00:00+05:30,51.94,52.05,51.62,51.86,101549
GOLD1,2023-04-10 00:00:00+05:30,51.45,51.56,51.2,51.46,197936
GOLD1,2023-04-11 00:00:00+05:30,51.46,51.84,51.11,51.76,131060
GOLD1,2023-04-12 00:00:00+05:30,51.8,52.18,51.8,51.84,124533
GOLD1,2023-04-13 00:00:00+05:30,51.83,52.19,51.8,52.13,99940
GOLD1,2023-04-17 00:00:00+05:30,51.84,52.0,51.06,51.87,101598
GOLD1,2023-04-18 00:00:00+05:30,51.75,51.83,51.54,51.75,101499
GOLD1,2023-04-19 00:00:00+05:30,51.76,52.13,51.21,51.3,1098352
GOLD1,2023-04-20 00:00:00+05:30,51.51,51.73,51.46,51.54,151059
GOLD1,2023-04-21 00:00:00+05:30,51.54,51.9,51.31,51.44,139849
GOLD1,2023-04-24 00:00:00+05:30,51.63,51.63,51.21,51.32,154224
GOLD1,2023-04-25 00:00:00+05:30,51.33,51.68,51.33,51.48,74720
GOLD1,2023-04-26 00:00:00+05:30,51.56,51.73,51.55,51.61,86780
GOLD1,2023-04-27 00:00:00+05:30,51.62,51.83,51.55,51.64,47248
GOLD1,2023-04-28 00:00:00+05:30,51.63,51.63,51.32,51.42,131534
GOLD1,2023-05-02 00:00:00+05:30,51.67,51.67,51.1,51.48,231618
GOLD1,2023-05-03 00:00:00+05:30,52.27,52.29,52.05,52.19,73181
GOLD1,2023-05-04 00:00:00+05:30,52.52,52.84,52.45,52.57,188371
GOLD1,2023-05-05 00:00:00+05:30,52.61,52.95,52.55,52.64,108680
GOLD1,2023-05-08 00:00:00+05:30,52.39,52.48,52.16,52.38,185591
GOLD1,2023-05-09 00:00:00+05:30,52.37,52.6,52.3,52.55,308744
GOLD1,2023-05-10 00:00:00+05:30,52.55,52.78,52.48,52.62,198240
GOLD1,2023-05-11 00:00:00+05:30,52.62,52.79,52.4,52.57,393958
GOLD1,2023-05-12 00:00:00+05:30,52.43,52.43,52.02,52.23,242219
GOLD1,2023-05-15 00:00:00+05:30,52.28,52.55,52.27,52.49,195742
GOLD1,2023-05-16 00:00:00+05:30,52.49,52.64,52.2,52.33,160781
GOLD1,2023-05-17 00:00:00+05:30,51.9,52.07,51.77,51.89,137721
GOLD1,2023-05-18 00:00:00+05:30,51.93,52.19,51.57,51.84,239765
GOLD1,2023-05-19 00:00:00+05:30,51.72,51.74,51.54,51.66,257607
GOLD1,2023-05-22 00:00:00+05:30,51.66,52.45,51.66,52.13,260689
GOLD1,2023-05-23 00:00:00+05:30,51.98,51.98,51.51,51.66,89711
GOLD1,2023-05-24 00:00:00+05:30,52.24,52.24,51.8,51.96,92591
GOLD1,2023-05-25 00:00:00+05:30,51.64,51.78,51.4,51.54,293951
GOLD1,2023-05-26 00:00:00+05:30,51.46,51.6,51.06,51.55,235169
GOLD1,2023-05-29 00:00:00+05:30,51.49,51.5,51.11,51.36,182392
GOLD1,2023-05-30 00:00:00+05:30,51.35,51.37,51.11,51.33,287291
GOLD1,2023-05-31 00:00:00+05:30,51.4,51.69,51.35,51.43,207292
GOLD1,2023-06-01 00:00:00+05:30,51.51,51.58,51.11,51.26,195444
GOLD1,2023-06-02 00:00:00+05:30,51.56,51.78,51.46,51.63,129678
GOLD1,2023-06-05 00:00:00+05:30,51.09,51.24,50.03,51.01,195848
GOLD1,2023-06-06 00:00:00+05:30,51.12,51.44,51.12,51.43,105045
GOLD1,2023-06-07 00:00:00+05:30,51.42,51.48,51.09,51.23,192441
GOLD1,2023-06-08 00:00:00+05:30,51.23,51.23,50.86,51.04,589886
GOLD1,2023-06-09 00:00:00+05:30,51.22,51.48,51.14,51.29,49681
GOLD1,2023-06-12 00:00:00+05:30,51.28,51.3,51.02,51.28,124440
GOLD1,2023-06-13 00:00:00+05:30,50.73,51.28,50.73,51.18,198414
GOLD1,2023-06-14 00:00:00+05:30,51.06,51.06,50.71,50.8,107504
GOLD1,2023-06-15 00:00:00+05:30,50.64,50.64,50.27,50.4,347948
GOLD1,2023-06-16 00:00:00+05:30,50.59,51.17,50.59,50.85,133958
GOLD1,2023-06-19 00:00:00+05:30,50.84,50.85,50.56,50.65,177838
GOLD1,2023-06-20 00:00:00+05:30,50.65,50.69,50.14,50.62,592266
GOLD1,2023-06-21 00:00:00+05:30,50.49,50.49,49.49,50.15,405055
GOLD1,2023-06-22 00:00:00+05:30,50.15,50.47,49.87,49.91,2685824
GOLD1,2023-06-23 00:00:00+05:30,49.74,49.88,49.62,49.85,981085
GOLD1,2023-06-26 00:00:00+05:30,49.86,50.19,49.86,50.11,252584
GOLD1,2023-06-27 00:00:00+05:30,50.11,50.19,49.84,49.88,492916
GOLD1,2023-06-28 00:00:00+05:30,49.88,49.88,49.56,49.63,448467
GOLD1,2023-06-30 00:00:00+05:30,49.64,49.8,49.26,49.28,1017897
GOLD1,2023-07-03 00:00:00+05:30,49.28,49.74,49.21,49.68,302350
GOLD1,2023-07-04 00:00:00+05:30,49.72,50.06,49.72,49.95,137412
GOLD1,2023-07-05 00:00:00+05:30,49.94,50.3,49.8,50.24,3414749
GOLD1,2023-07-06 00:00:00+05:30,50.23,50.29,49.92,50.18,234741
GOLD1,2023-07-07 00:00:00+05:30,50.18,50.27,49.96,50.09,179170
GOLD1,2023-07-10 00:00:00+05:30,50.17,50.44,50.09,50.16,153557
GOLD1,2023-07-11 00:00:00+05:30,50.16,50.34,50.08,50.27,290643
GOLD1,2023-07-12 00:00:00+05:30,50.27,50.4,50.2,50.26,247330
GOLD1,2023-07-13 00:00:00+05:30,50.62,50.85,50.52,50.69,170858
GOLD1,2023-07-14 00:00:00+05:30,50.69,50.88,50.61,50.77,172744
GOLD1,2023-07-17 00:00:00+05:30,50.76,50.84,50.54,50.67,488424
GOLD1,2023-07-18 00:00:00+05:30,50.67,50.87,50.62,50.81,256053
GOLD1,2023-07-19 00:00:00+05:30,51.08,51.28,51.01,51.17,151669
GOLD1,2023-07-20 00:00:00+05:30,51.22,51.49,51.12,51.19,83958
GOLD1,2023-07-21 00:00:00+05:30,50.92,51.17,50.71,50.76,93329
GOLD1,2023-07-24 00:00:00+05:30,50.76,50.89,50.56,50.73,184941
GOLD1,2023-07-25 00:00:00+05:30,52.0,52.0,50.51,50.65,150523
GOLD1,2023-07-26 00:00:00+05:30,50.67,50.98,50.66,50.96,96765
GOLD1,2023-07-27 00:00:00+05:30,51.41,51.41,51.0,51.07,118291
GOLD1,2023-07-28 00:00:00+05:30,50.73,50.84,50.63,50.73,55674
GOLD1,2023-07-31 00:00:00+05:30,48.0,50.93,48.0,50.76,75133
GOLD1,2023-08-01 00:00:00+05:30,50.82,51.08,50.75,50.77,65382
GOLD1,2023-08-02 00:00:00+05:30,50.68,50.88,50.58,50.83,122140
GOLD1,2023-08-03 00:00:00+05:30,50.91,50.91,50.54,50.76,181097
GOLD1,2023-08-04 00:00:00+05:30,50.75,50.89,50.56,50.62,82260
GOLD1,2023-08-07 00:00:00+05:30,50.69,50.85,50.58,50.66,118985
GOLD1,2023-08-08 00:00:00+05:30,51.0,51.0,50.6,50.73,120260
GOLD1,2023-08-09 00:00:00+05:30,50.72,50.74,50.51,50.61,85969
GOLD1,2023-08-10 00:00:00+05:30,50.53,50.54,50.2,50.32,213702
GOLD1,2023-08-11 00:00:00+05:30,50.27,50.48,50.11,50.3,99479
GOLD1,2023-08-14 00:00:00+05:30,50.29,50.39,50.1,50.28,236666
GOLD1,2023-08-16 00:00:00+05:30,50.28,50.38,50.1,50.18,196973
GOLD1,2023-08-17 00:00:00+05:30,49.99,50.04,49.78,49.92,200168
GOLD1,2023-08-18 00:00:00+05:30,50.27,50.27,49.71,49.91,90513
GOLD1,2023-08-21 00:00:00+05:30,49.91,50.19,49.71,49.78,141418
GOLD1,2023-08-22 00:00:00+05:30,49.78,50.09,49.78,50.02,188378
GOLD1,2023-08-23 00:00:00+05:30,50.17,50.17,49.9,49.97,166441
GOLD1,2023-08-24 00:00:00+05:30,50.2,50.39,50.01,50.13,155932
GOLD1,2023-08-25 00:00:00+05:30,50.13,50.19,49.96,50.17,79607
GOLD1,2023-08-28 00:00:00+05:30,50.17,50.3,49.98,50.02,211455
GOLD1,2023-08-29 00:00:00+05:30,50.16,50.29,50.16,50.21,208668
GOLD1,2023-08-30 00:00:00+05:30,50.68,50.68,50.34,50.52,161536
GOLD1,2023-08-31 00:00:00+05:30,50.6,50.78,50.52,50.58,472291
GOLD1,2023-09-01 00:00:00+05:30,50.49,50.7,50.31,50.66,775917
GOLD1,2023-09-04 00:00:00+05:30,50.89,50.89,50.51,50.74,255300
GOLD1,2023-09-05 00:00:00+05:30,50.74,50.79,50.61,50.68,159080
GOLD1,2023-09-06 00:00:00+05:30,50.68,50.74,50.51,50.57,168380
GOLD1,2023-09-07 00:00:00+05:30,50.56,50.56,50.29,50.35,529423
GOLD1,2023-09-08 00:00:00+05:30,50.4,50.6,50.36,50.46,114369
GOLD1,2023-09-11 00:00:00+05:30,50.46,50.54,50.27,50.36,1182253
GOLD1,2023-09-12 00:00:00+05:30,50.36,50.4,50.15,50.24,383069
GOLD1,2023-09-13 00:00:00+05:30,50.1,50.23,50.0,50.09,137789
GOLD1,2023-09-14 00:00:00+05:30,50.39,50.39,49.86,49.99,1155347
GOLD1,2023-09-15 00:00:00+05:30,50.12,50.28,50.01,50.22,357265
GOLD1,2023-09-18 00:00:00+05:30,50.22,50.7,50.22,50.63,135197
GOLD1,2023-09-20 00:00:00+05:30,50.63,50.74,50.51,50.52,651305
GOLD1,2023-09-21 00:00:00+05:30,50.57,50.57,50.33,50.41,129848
GOLD1,2023-09-22 00:00:00+05:30,50.36,50.49,50.3,50.33,112618
GOLD1,2023-09-25 00:00:00+05:30,50.33,50.49,50.31,50.42,121169
GOLD1,2023-09-26 00:00:00+05:30,50.39,50.39,50.16,50.29,200504
GOLD1,2023-09-27 00:00:00+05:30,50.16,50.19,49.9,50.01,276726
GOLD1,2023-09-28 00:00:00+05:30,49.78,49.78,49.38,49.61,358944
GOLD1,2023-09-29 00:00:00+05:30,49.59,49.59,49.2,49.28,268248
GOLD1,2023-10-03 00:00:00+05:30,48.68,48.98,48.29,48.68,382903
GOLD1,2023-10-04 00:00:00+05:30,48.68,48.94,48.15,48.37,2395506
GOLD1,2023-10-05 00:00:00+05:30,48.38,48.88,48.27,48.42,245775
GOLD1,2023-10-06 00:00:00+05:30,48.54,48.58,48.4,48.44,137676
GOLD1,2023-10-09 00:00:00+05:30,49.23,49.28,48.8,49.13,298886
GOLD1,2023-10-10 00:00:00+05:30,49.17,49.58,49.08,49.24,245375
GOLD1,2023-10-11 00:00:00+05:30,49.24,49.59,49.13,49.5,543169
GOLD1,2023-10-12 00:00:00+05:30,51.0,51.0,49.5,49.68,103049
GOLD1,2023-10-13 00:00:00+05:30,49.53,49.98,49.53,49.85,436634
GOLD1,2023-10-16 00:00:00+05:30,50.36,51.78,50.25,50.56,399118
GOLD1,2023-10-17 00:00:00+05:30,50.58,50.82,50.36,50.54,293262
GOLD1,2023-10-18 00:00:00+05:30,50.71,50.95,50.66,50.87,133374
GOLD1,2023-10-19 00:00:00+05:30,50.87,51.22,50.82,51.12,253359
GOLD1,2023-10-20 00:00:00+05:30,51.46,52.95,51.36,51.72,254289
GOLD1,2023-10-23 00:00:00+05:30,51.66,51.8,51.42,51.76,264715
GOLD1,2023-10-25 00:00:00+05:30,51.76,51.76,50.45,51.56,230782
GOLD1,2023-10-26 00:00:00+05:30,51.77,52.0,51.68,51.93,261487
GOLD1,2023-10-27 00:00:00+05:30,51.93,52.0,51.75,51.91,250817
GOLD1,2023-10-30 00:00:00+05:30,52.07,52.33,52.0,52.25,329420
GOLD1,2023-10-31 00:00:00+05:30,52.25,52.44,52.03,52.34,204601
GOLD1,2023-11-01 00:00:00+05:30,52.04,52.7,51.55,52.0,593545
GOLD1,2023-11-02 00:00:00+05:30,52.0,52.16,51.91,52.14,155241
GOLD1,2023-11-03 00:00:00+05:30,52.13,52.2,51.97,52.17,214556
GOLD1,2023-11-06 00:00:00+05:30,52.24,52.24,51.86,52.12,421306
GOLD1,2023-11-07 00:00:00+05:30,51.93,51.93,51.55,51.75,238048
GOLD1,2023-11-08 00:00:00+05:30,51.75,51.94,51.54,51.76,153971
GOLD1,2023-11-09 00:00:00+05:30,51.53,51.53,51.17,51.33,115734
GOLD1,2023-11-10 00:00:00+05:30,51.63,52.1,51.46,51.58,476484
GOLD1,2023-11-12 00:00:00+05:30,53.15,53.15,51.45,51.58,192803
GOLD1,2023-11-13 00:00:00+05:30,51.68,51.68,51.16,51.36,108557
GOLD1,2023-11-15 00:00:00+05:30,51.71,51.98,51.56,51.84,285191
GOLD1,2023-11-16 00:00:00+05:30,51.84,51.84,51.51,51.68,433597
GOLD1,2023-11-17 00:00:00+05:30,51.96,52.19,51.9,52.03,141225
GOLD1,2023-11-20 00:00:00+05:30,51.93,52.13,51.77,52.0,635883
GOLD1,2023-11-21 00:00:00+05:30,52.01,52.49,52.01,52.21,96462
GOLD1,2023-11-22 00:00:00+05:30,52.32,52.57,52.25,52.43,121833
GOLD1,2023-11-23 00:00:00+05:30,52.34,52.43,52.21,52.31,79940
GOLD1,2023-11-24 00:00:00+05:30,52.31,52.4,52.25,52.39,105001
GOLD1,2023-11-28 00:00:00+05:30,53.45,53.45,52.5,52.54,258279
GOLD1,2023-11-29 00:00:00+05:30,53.0,53.45,52.94,53.33,271255
GOLD1,2023-11-30 00:00:00+05:30,53.33,53.48,53.16,53.41,245092
GOLD1,2023-12-01 00:00:00+05:30,53.41,54.07,53.32,53.45,157168
GOLD1,2023-12-04 00:00:00+05:30,55.05,55.05,53.45,54.09,747765
GOLD1,2023-12-05 00:00:00+05:30,53.93,53.93,53.07,53.15,210820
GOLD1,2023-12-06 00:00:00+05:30,54.75,54.75,52.97,53.12,209296
GOLD1,2023-12-07 00:00:00+05:30,53.49,53.49,53.12,53.22,65696
GOLD1,2023-12-08 00:00:00+05:30,53.5,53.5,53.12,53.26,122385
GOLD1,2023-12-11 00:00:00+05:30,52.98,52.98,52.21,52.34,249544
GOLD1,2023-12-12 00:00:00+05:30,52.26,52.3,52.06,52.18,222653
GOLD1,2023-12-13 00:00:00+05:30,52.17,52.17,51.95,52.12,159661
GOLD1,2023-12-14 00:00:00+05:30,52.92,53.38,52.86,53.13,120009
GOLD1,2023-12-15 00:00:00+05:30,53.13,53.24,52.96,53.04,194711
GOLD1,2023-12-18 00:00:00+05:30,52.78,52.89,52.62,52.71,296313
GOLD1,2023-12-19 00:00:00+05:30,52.72,52.98,52.7,52.9,232354
GOLD1,2023-12-20 00:00:00+05:30,53.12,53.28,53.04,53.05,382036
GOLD1,2023-12-21 00:00:00+05:30,53.06,53.18,52.87,53.06,247399
GOLD1,2023-12-22 00:00:00+05:30,53.48,53.48,53.12,53.36,202740
GOLD1,2023-12-26 00:00:00+05:30,53.48,53.75,53.48,53.59,137911
GOLD1,2023-12-27 00:00:00+05:30,54.51,55.2,53.62,53.74,1968765
GOLD1,2023-12-28 00:00:00+05:30,54.02,54.2,53.91,54.07,396526
GOLD1,2023-12-29 00:00:00+05:30,54.5,54.5,53.76,53.96,2704507
GOLD1,2024-01-01 00:00:00+05:30,53.96,54.37,53.87,54.02,189096
GOLD1,2024-01-02 00:00:00+05:30,54.01,54.27,53.9,54.23,215248
GOLD1,2024-01-03 00:00:00+05:30,54.09,54.14,53.74,53.87,314344
GOLD1,2024-01-04 00:00:00+05:30,53.87,53.87,53.38,53.48,1361347
GOLD1,2024-01-05 00:00:00+05:30,53.48,53.58,53.21,53.44,241711
GOLD1,2024-01-08 00:00:00+05:30,53.44,53.44,52.97,53.15,450269
GOLD1,2024-01-09 00:00:00+05:30,53.14,53.28,52.98,53.19,1744807
GOLD1,2024-01-10 00:00:00+05:30,53.19,53.19,52.88,53.06,768323
GOLD1,2024-01-11 00:00:00+05:30,53.03,53.07,52.9,53.04,222178
GOLD1,2024-01-12 00:00:00+05:30,53.01,53.17,52.96,53.06,318883
GOLD1,2024-01-15 00:00:00+05:30,53.1,53.61,53.1,53.49,223059
GOLD1,2024-01-16 00:00:00+05:30,53.49,53.58,53.23,53.32,239910
GOLD1,2024-01-17 00:00:00+05:30,53.14,53.14,52.81,52.95,223253
GOLD1,2024-01-18 00:00:00+05:30,52.73,52.79,52.56,52.61,412385
GOLD1,2024-01-19 00:00:00+05:30,52.61,53.14,52.61,53.01,326000
GOLD1,2024-01-20 00:00:00+05:30,53.01,53.17,52.95,53.0,214649
GOLD1,2024-01-23 00:00:00+05:30,53.0,53.25,52.86,53.08,417969
GOLD1,2024-01-24 00:00:00+05:30,53.07,53.23,52.92,53.17,224696
GOLD1,2024-01-25 00:00:00+05:30,52.99,53.1,52.82,52.89,285980
GOLD1,2024-01-29 00:00:00+05:30,52.9,53.23,52.9,53.15,158674
GOLD1,2024-01-30 00:00:00+05:30,53.15,53.44,53.09,53.43,208553
GOLD1,2024-01-31 00:00:00+05:30,53.42,53.49,53.0,53.34,1634321
GOLD1,2024-02-01 00:00:00+05:30,53.46,53.87,53.27,53.41,374295
GOLD1,2024-02-02 00:00:00+05:30,53.51,53.84,53.51,53.57,332843
GOLD1,2024-02-05 00:00:00+05:30,53.29,53.38,53.01,53.05,217819
GOLD1,2024-02-06 00:00:00+05:30,53.04,53.24,53.0,53.11,79495
GOLD1,2024-02-07 00:00:00+05:30,53.26,53.54,53.19,53.27,156709
GOLD1,2024-02-08 00:00:00+05:30,53.27,53.48,53.12,53.14,257471
GOLD1,2024-02-09 00:00:00+05:30,53.14,53.35,53.12,53.16,66362
GOLD1,2024-02-12 00:00:00+05:30,53.29,53.29,52.91,52.99,148143
GOLD1,2024-02-13 00:00:00+05:30,52.99,53.09,52.9,52.98,47398
GOLD1,2024-02-14 00:00:00+05:30,52.7,52.7,52.1,52.3,152976
GOLD1,2024-02-15 00:00:00+05:30,52.23,52.47,52.18,52.32,747309
GOLD1,2024-02-16 00:00:00+05:30,52.41,52.57,52.36,52.52,84955
GOLD1,2024-02-19 00:00:00+05:30,53.27,53.27,52.66,52.75,135168
GOLD1,2024-02-20 00:00:00+05:30,52.76,52.88,52.65,52.73,129933
GOLD1,2024-02-21 00:00:00+05:30,52.73,52.99,52.72,52.83,102668
GOLD1,2024-02-22 00:00:00+05:30,52.83,53.0,52.76,52.98,95133
GOLD1,2024-02-23 00:00:00+05:30,52.81,52.92,52.58,52.61,94662
GOLD1,2024-02-26 00:00:00+05:30,53.5,53.5,52.61,52.83,75360
GOLD1,2024-02-27 00:00:00+05:30,52.83,53.0,52.8,52.93,102603
GOLD1,2024-02-28 00:00:00+05:30,52.41,53.28,52.41,52.82,50678
GOLD1,2024-02-29 00:00:00+05:30,52.82,53.19,52.82,53.03,180067
GOLD1,2024-03-01 00:00:00+05:30,53.15,53.27,53.06,53.08,328474
GOLD1,2024-03-02 00:00:00+05:30,53.08,54.0,53.08,53.76,86788
GOLD1,2024-03-04 00:00:00+05:30,53.76,54.53,53.76,54.02,680382
GOLD1,2024-03-05 00:00:00+05:30,54.52,54.89,54.44,54.79,395564
GOLD1,2024-03-06 00:00:00+05:30,54.78,54.93,54.71,54.88,264194
GOLD1,2024-03-07 00:00:00+05:30,55.0,55.71,55.0,55.61,367233
GOLD1,2024-03-11 00:00:00+05:30,55.61,56.29,55.61,56.18,250578
GOLD1,2024-03-12 00:00:00+05:30,56.18,56.29,55.95,56.18,608192
GOLD1,2024-03-13 00:00:00+05:30,55.95,55.99,55.6,55.61,414270
GOLD1,2024-03-14 00:00:00+05:30,56.37,56.37,55.72,55.87,3055327
GOLD1,2024-03-15 00:00:00+05:30,55.73,55.98,55.73,55.89,1018625
GOLD1,2024-03-18 00:00:00+05:30,55.79,55.79,55.32,55.72,505238
GOLD1,2024-03-19 00:00:00+05:30,55.78,55.98,55.73,55.89,582320
GOLD1,2024-03-20 00:00:00+05:30,55.89,56.08,55.73,55.9,471080
GOLD1,2024-03-21 00:00:00+05:30,56.5,57.2,56.46,57.02,1859925
GOLD1,2024-03-22 00:00:00+05:30,56.64,56.7,56.22,56.37,416314
GOLD1,2024-03-26 00:00:00+05:30,56.27,56.59,56.18,56.52,629693
GOLD1,2024-03-27 00:00:00+05:30,56.44,56.66,56.35,56.56,503448
GOLD1,2024-03-28 00:00:00+05:30,56.56,57.01,56.55,56.92,162387
GOLD1,2024-04-01 00:00:00+05:30,58.01,61.98,58.0,58.46,2609563
GOLD1,2024-04-02 00:00:00+05:30,58.46,58.88,58.44,58.77,263983
GOLD1,2024-04-03 00:00:00+05:30,59.21,60.5,58.91,59.09,425279
GOLD1,2024-04-04 00:00:00+05:30,59.32,60.0,59.27,59.43,272361
GOLD1,2024-04-05 00:00:00+05:30,59.25,59.45,58.92,59.37,766105
GOLD1,2024-04-08 00:00:00+05:30,60.0,60.99,60.0,60.47,3079335
GOLD1,2024-04-09 00:00:00+05:30,60.47,60.95,60.47,60.76,1444534
GOLD1,2024-04-10 00:00:00+05:30,60.7,61.08,60.56,60.86,160989
GOLD1,2024-04-12 00:00:00+05:30,61.65,62.3,61.55,62.11,736598
GOLD1,2024-04-15 00:00:00+05:30,61.59,62.5,61.41,61.57,652964
GOLD1,2024-04-16 00:00:00+05:30,61.88,62.7,61.88,62.16,517453
GOLD1,2024-04-18 00:00:00+05:30,62.16,62.34,61.92,62.16,273509
GOLD1,2024-04-19 00:00:00+05:30,62.21,62.69,62.21,62.55,1088626
GOLD1,2024-04-22 00:00:00+05:30,62.95,62.95,61.66,62.06,589166
GOLD1,2024-04-23 00:00:00+05:30,61.2,61.44,60.55,60.65,293916
GOLD1,2024-04-24 00:00:00+05:30,61.03,61.45,60.86,61.12,244167
GOLD1,2024-04-25 00:00:00+05:30,61.11,61.51,60.9,61.08,171970
GOLD1,2024-04-26 00:00:00+05:30,61.08,61.95,61.08,61.79,121820
GOLD1,2024-04-29 00:00:00+05:30,63.65,63.65,60.71,61.72,101515
GOLD1,2024-04-30 00:00:00+05:30,61.63,61.63,61.05,61.24,203050
GOLD1,2024-05-02 00:00:00+05:30,61.25,61.49,61.13,61.3,270724
GOLD1,2024-05-03 00:00:00+05:30,61.3,62.2,60.5,60.76,379426
GOLD1,2024-05-06 00:00:00+05:30,60.81,61.22,60.7,61.04,310095
GOLD1,2024-05-07 00:00:00+05:30,61.04,61.27,60.9,60.98,133248
GOLD1,2024-05-08 00:00:00+05:30,60.99,61.24,60.63,60.8,819310
GOLD1,2024-05-09 00:00:00+05:30,60.8,61.08,60.66,60.82,170575
GOLD1,2024-05-10 00:00:00+05:30,61.41,62.45,61.41,62.28,549846
GOLD1,2024-05-13 00:00:00+05:30,62.16,62.18,61.28,61.47,274660
GOLD1,2024-05-14 00:00:00+05:30,61.46,61.68,61.35,61.62,203144
GOLD1,2024-05-15 00:00:00+05:30,63.45,63.45,61.67,62.24,296359
GOLD1,2024-05-16 00:00:00+05:30,62.47,62.89,62.4,62.62,384537
GOLD1,2024-05-17 00:00:00+05:30,62.64,62.64,62.1,62.34,314539
GOLD1,2024-05-18 00:00:00+05:30,62.54,63.95,62.54,63.08,56168
GOLD1,2024-05-21 00:00:00+05:30,63.08,63.15,62.61,63.05,547162
GOLD1,2024-05-22 00:00:00+05:30,63.05,63.64,62.75,63.05,216922
GOLD1,2024-05-23 00:00:00+05:30,62.34,62.34,61.73,61.97,320066
GOLD1,2024-05-24 00:00:00+05:30,61.49,61.7,60.81,61.24,1162382
GOLD1,2024-05-27 00:00:00+05:30,61.26,61.95,61.06,61.37,233905
GOLD1,2024-05-28 00:00:00+05:30,61.4,61.75,61.21,61.32,619884
GOLD1,2024-05-29 00:00:00+05:30,61.32,61.89,61.28,61.4,278982
GOLD1,2024-05-30 00:00:00+05:30,61.39,61.47,61.01,61.16,264510
GOLD1,2024-05-31 00:00:00+05:30,61.16,61.63,61.02,61.6,288345
GOLD1,2024-06-03 00:00:00+05:30,61.6,62.45,60.61,61.09,505959
GOLD1,2024-06-04 00:00:00+05:30,61.18,62.45,60.82,61.31,753362
GOLD1,2024-06-05 00:00:00+05:30,61.58,61.58,61.0,61.21,187335
GOLD1,2024-06-06 00:00:00+05:30,62.59,62.59,61.55,61.78,629050
GOLD1,2024-06-07 00:00:00+05:30,62.01,62.94,61.2,61.31,379141
GOLD1,2024-06-10 00:00:00+05:30,63.15,63.15,60.01,60.58,343018
GOLD1,2024-06-11 00:00:00+05:30,60.59,61.12,60.58,60.75,292609
GOLD1,2024-06-12 00:00:00+05:30,60.74,61.2,60.66,60.94,411733
GOLD1,2024-06-13 00:00:00+05:30,60.94,61.5,60.53,60.98,141945
GOLD1,2024-06-14 00:00:00+05:30,60.37,61.15,59.15,61.04,275494
GOLD1,2024-06-18 00:00:00+05:30,61.45,61.45,60.63,60.73,442860
GOLD1,2024-06-19 00:00:00+05:30,62.55,62.55,60.82,61.13,1788880
GOLD1,2024-06-20 00:00:00+05:30,61.13,61.5,61.13,61.4,894938
GOLD1,2024-06-21 00:00:00+05:30,61.76,62.09,61.74,61.96,844722
GOLD1,2024-06-24 00:00:00+05:30,60.51,61.7,60.51,60.99,540997
GOLD1,2024-06-25 00:00:00+05:30,61.45,61.45,60.9,61.02,140678
GOLD1,2024-06-26 00:00:00+05:30,62.85,62.85,60.71,60.96,373808
GOLD1,2024-06-27 00:00:00+05:30,60.89,60.89,60.4,60.7,264676
GOLD1,2024-06-28 00:00:00+05:30,60.76,61.44,60.76,61.12,323865
GOLD1,2024-07-01 00:00:00+05:30,62.89,62.89,60.61,61.08,1519164
GOLD1,2024-07-02 00:00:00+05:30,61.11,61.32,60.95,61.09,590376
GOLD1,2024-07-03 00:00:00+05:30,61.09,61.9,61.03,61.5,276705
GOLD1,2024-07-04 00:00:00+05:30,61.65,61.94,61.57,61.74,263708
GOLD1,2024-07-05 00:00:00+05:30,61.52,61.99,61.52,61.93,256695
GOLD1,2024-07-08 00:00:00+05:30,61.93,62.39,61.41,62.09,489061
GOLD1,2024-07-09 00:00:00+05:30,62.09,62.14,61.7,61.81,167278
GOLD1,2024-07-10 00:00:00+05:30,61.81,62.07,61.66,62.04,287909
GOLD1,2024-07-11 00:00:00+05:30,62.04,62.33,61.98,62.07,130730
GOLD1,2024-07-12 00:00:00+05:30,62.42,62.77,62.15,62.31,374015
GOLD1,2024-07-15 00:00:00+05:30,62.31,62.78,61.71,62.5,680608
GOLD1,2024-07-16 00:00:00+05:30,62.5,62.89,62.5,62.83,608217
GOLD1,2024-07-18 00:00:00+05:30,63.01,63.77,63.01,63.4,1168832
GOLD1,2024-07-19 00:00:00+05:30,63.28,63.28,62.66,63.07,721031
GOLD1,2024-07-22 00:00:00+05:30,63.13,63.13,62.21,62.71,478033
GOLD1,2024-07-23 00:00:00+05:30,62.71,62.99,60.37,60.56,739481
GOLD1,2024-07-24 00:00:00+05:30,60.56,61.4,59.5,59.84,912500
GOLD1,2024-07-25 00:00:00+05:30,59.84,60.6,58.25,58.58,2444663
GOLD1,2024-07-26 00:00:00+05:30,60.35,60.35,58.3,58.48,1703270
GOLD1,2024-07-29 00:00:00+05:30,58.61,59.78,58.61,58.83,2176583
GOLD1,2024-07-30 00:00:00+05:30,58.83,59.3,58.3,58.51,642531
GOLD1,2024-07-31 00:00:00+05:30,59.11,59.59,58.8,58.95,1253351
GOLD1,2024-08-01 00:00:00+05:30,59.01,59.8,59.01,59.36,581786
GOLD1,2024-08-02 00:00:00+05:30,60.0,60.13,59.5,59.94,1388360
GOLD1,2024-08-05 00:00:00+05:30,59.94,59.94,59.1,59.13,2455032
GOLD1,2024-08-06 00:00:00+05:30,59.14,59.69,58.8,58.86,1127308
GOLD1,2024-08-07 00:00:00+05:30,58.68,58.98,58.25,58.55,2866981
GOLD1,2024-08-08 00:00:00+05:30,58.9,58.9,58.5,58.57,764044
GOLD1,2024-08-09 00:00:00+05:30,59.95,59.95,58.62,58.97,338428
GOLD1,2024-08-12 00:00:00+05:30,58.97,59.7,58.82,59.38,865498
GOLD1,2024-08-13 00:00:00+05:30,59.48,60.2,59.48,59.75,2552600
GOLD1,2024-08-14 00:00:00+05:30,59.75,60.3,59.62,60.11,599332
GOLD1,2024-08-16 00:00:00+05:30,59.84,60.05,59.51,59.81,1106490
GOLD1,2024-08-19 00:00:00+05:30,61.6,63.3,60.08,60.74,963063
GOLD1,2024-08-20 00:00:00+05:30,61.45,61.45,60.42,61.0,385355
GOLD1,2024-08-21 00:00:00+05:30,61.0,61.28,60.7,60.82,654841
GOLD1,2024-08-22 00:00:00+05:30,60.82,60.98,60.56,60.8,447939
GOLD1,2024-08-23 00:00:00+05:30,60.7,60.7,60.4,60.63,319708
GOLD1,2024-08-26 00:00:00+05:30,60.7,61.43,60.65,61.19,819456
GOLD1,2024-08-27 00:00:00+05:30,61.03,61.12,60.77,60.87,835655
GOLD1,2024-08-28 00:00:00+05:30,61.61,61.61,60.75,60.9,927903
GOLD1,2024-08-29 00:00:00+05:30,62.75,62.75,60.76,61.06,683268
GOLD1,2024-08-30 00:00:00+05:30,61.95,61.95,60.51,61.09,378624
GOLD1,2024-09-02 00:00:00+05:30,60.91,60.91,60.42,60.8,1016448
GOLD1,2024-09-03 00:00:00+05:30,60.98,60.98,60.5,60.79,277241
GOLD1,2024-09-04 00:00:00+05:30,60.48,60.69,60.22,60.36,323526
GOLD1,2024-09-05 00:00:00+05:30,60.36,61.11,60.36,61.04,1068691
GOLD1,2024-09-06 00:00:00+05:30,61.04,61.9,60.95,60.99,2452032
GOLD1,2024-09-09 00:00:00+05:30,60.9,60.98,60.36,60.45,352186
GOLD1,2024-09-10 00:00:00+05:30,60.45,60.83,60.35,60.71,323472
GOLD1,2024-09-11 00:00:00+05:30,61.7,61.7,60.75,61.14,573332
GOLD1,2024-09-12 00:00:00+05:30,61.13,61.27,60.82,61.01,737863
GOLD1,2024-09-13 00:00:00+05:30,61.72,62.28,61.68,62.08,907975
GOLD1,2024-09-16 00:00:00+05:30,62.28,62.8,62.25,62.48,2074161
GOLD1,2024-09-17 00:00:00+05:30,62.49,62.59,62.15,62.21,465759
GOLD1,2024-09-18 00:00:00+05:30,62.68,62.68,62.0,62.13,292082
GOLD1,2024-09-19 00:00:00+05:30,62.09,62.85,61.76,62.47,1984117
GOLD1,2024-09-20 00:00:00+05:30,62.47,62.94,62.36,62.83,692323
GOLD1,2024-09-23 00:00:00+05:30,62.83,63.44,62.82,63.2,417533
GOLD1,2024-09-24 00:00:00+05:30,63.32,63.64,63.23,63.37,2249089
GOLD1,2024-09-25 00:00:00+05:30,63.62,64.14,63.62,63.94,11536486
GOLD1,2024-09-26 00:00:00+05:30,63.93,64.39,63.93,64.24,933387
GOLD1,2024-09-27 00:00:00+05:30,64.23,64.58,63.81,63.95,759961
GOLD1,2024-09-30 00:00:00+05:30,64.15,64.3,63.62,63.96,503898
GOLD1,2024-10-01 00:00:00+05:30,65.04,65.04,63.52,64.14,2443546
GOLD1,2024-10-03 00:00:00+05:30,64.7,64.7,63.92,64.02,1545225
GOLD1,2024-10-04 00:00:00+05:30,64.26,64.69,64.26,64.33,1160476
GOLD1,2024-10-07 00:00:00+05:30,64.3,64.7,63.83,64.18,1132585
GOLD1,2024-10-08 00:00:00+05:30,64.1,64.1,63.63,63.88,880164
GOLD1,2024-10-09 00:00:00+05:30,63.63,63.63,63.12,63.4,2714742
GOLD1,2024-10-10 00:00:00+05:30,63.39,63.7,63.15,63.42,1078665
GOLD1,2024-10-11 00:00:00+05:30,63.55,64.2,63.55,63.97,1203237
GOLD1,2024-10-14 00:00:00+05:30,64.99,64.99,63.97,64.39,568158
GOLD1,2024-10-15 00:00:00+05:30,64.35,64.37,63.91,64.24,139212
GOLD1,2024-10-16 00:00:00+05:30,64.32,64.86,64.32,64.81,1921907
GOLD1,2024-10-17 00:00:00+05:30,64.81,64.98,64.66,64.84,657087
GOLD1,2024-10-18 00:00:00+05:30,65.0,65.65,65.0,65.59,859116
GOLD1,2024-10-21 00:00:00+05:30,65.61,68.0,65.61,66.14,1118662
GOLD1,2024-10-22 00:00:00+05:30,66.14,66.45,65.71,66.11,769748
GOLD1,2024-10-23 00:00:00+05:30,66.11,67.05,66.11,66.56,1455289
GOLD1,2024-10-24 00:00:00+05:30,66.3,66.3,65.8,66.26,310702
GOLD1,2024-10-25 00:00:00+05:30,66.5,66.5,65.51,65.81,859303
GOLD1,2024-10-28 00:00:00+05:30,65.88,66.59,65.88,66.06,2431343
GOLD1,2024-10-29 00:00:00+05:30,66.97,66.97,66.25,66.7,830356
GOLD1,2024-10-30 00:00:00+05:30,67.8,68.45,66.89,67.33,1571279
GOLD1,2024-10-31 00:00:00+05:30,67.99,67.99,67.13,67.25,911429
GOLD1,2024-11-01 00:00:00+05:30,67.25,67.25,66.3,66.98,505192
GOLD1,2024-11-04 00:00:00+05:30,66.98,67.2,66.15,66.37,1314811
GOLD1,2024-11-05 00:00:00+05:30,66.12,66.48,66.08,66.47,933769
GOLD1,2024-11-06 00:00:00+05:30,66.11,66.65,65.3,66.08,861671
GOLD1,2024-11-07 00:00:00+05:30,65.3,65.3,64.45,64.81,1174529
GOLD1,2024-11-08 00:00:00+05:30,65.21,66.5,65.21,65.47,264560
GOLD1,2024-11-11 00:00:00+05:30,65.35,65.44,64.91,64.98,362241
GOLD1,2024-11-12 00:00:00+05:30,64.38,64.4,63.23,63.35,332047
GOLD1,2024-11-13 00:00:00+05:30,63.36,65.17,63.36,63.7,699370
GOLD1,2024-11-14 00:00:00+05:30,62.99,63.2,62.07,62.33,665955
GOLD1,2024-11-18 00:00:00+05:30,62.55,63.59,62.33,63.26,820248
GOLD1,2024-11-19 00:00:00+05:30,63.26,64.5,63.26,64.13,533844
GOLD1,2024-11-21 00:00:00+05:30,64.46,64.98,64.4,64.93,517032
GOLD1,2024-11-22 00:00:00+05:30,64.93,65.89,64.93,65.6,901624
GOLD1,2024-11-25 00:00:00+05:30,65.4,65.4,64.55,64.87,916875
GOLD1,2024-11-26 00:00:00+05:30,64.19,64.2,63.42,63.74,449068
GOLD1,2024-11-27 00:00:00+05:30,63.83,64.52,63.83,64.5,385432
GOLD1,2024-11-28 00:00:00+05:30,64.42,64.52,63.86,64.45,143030
GOLD1,2024-11-29 00:00:00+05:30,64.45,65.5,64.45,64.64,299493
GOLD1,2024-12-02 00:00:00+05:30,64.49,64.49,63.82,64.37,779949
GOLD1,2024-12-03 00:00:00+05:30,64.37,64.95,64.34,64.61,698997
GOLD1,2024-12-04 00:00:00+05:30,64.6,64.88,64.32,64.52,520386
GOLD1,2024-12-05 00:00:00+05:30,64.52,64.99,64.47,64.56,210763
GOLD1,2024-12-06 00:00:00+05:30,64.4,64.54,64.06,64.47,281171
GOLD1,2024-12-09 00:00:00+05:30,64.47,65.0,64.3,64.7,147896
GOLD1,2024-12-10 00:00:00+05:30,65.7,65.7,64.7,65.13,879985
GOLD1,2024-12-11 00:00:00+05:30,66.95,66.95,65.36,65.61,994964
GOLD1,2024-12-12 00:00:00+05:30,65.99,66.15,65.71,66.09,260765
GOLD1,2024-12-13 00:00:00+05:30,66.27,66.27,65.01,65.1,289324
GOLD1,2024-12-16 00:00:00+05:30,64.9,66.37,64.5,65.01,501287
GOLD1,2024-12-17 00:00:00+05:30,65.0,65.14,64.53,64.59,878334
GOLD1,2024-12-18 00:00:00+05:30,65.4,65.4,64.3,64.82,630509
GOLD1,2024-12-19 00:00:00+05:30,63.51,64.73,63.51,64.2,412372
GOLD1,2024-12-20 00:00:00+05:30,63.99,63.99,63.7,63.82,289752
GOLD1,2024-12-23 00:00:00+05:30,65.75,65.75,63.77,64.45,364347
GOLD1,2024-12-24 00:00:00+05:30,64.39,64.39,64.03,64.17,420126
GOLD1,2024-12-26 00:00:00+05:30,64.17,64.78,64.17,64.55,2008019
GOLD1,2024-12-27 00:00:00+05:30,64.55,65.07,64.53,64.65,588787
GOLD1,2024-12-30 00:00:00+05:30,64.65,65.19,64.3,64.41,189059
GOLD1,2024-12-31 00:00:00+05:30,64.4,64.58,64.17,64.54,430456
GOLD1,2025-01-01 00:00:00+05:30,64.54,64.99,64.54,64.94,184968
GOLD1,2025-01-02 00:00:00+05:30,64.94,65.4,64.84,65.11,1527089
GOLD1,2025-01-03 00:00:00+05:30,66.3,66.3,65.11,65.51,590175
GOLD1,2025-01-06 00:00:00+05:30,65.51,65.8,64.6,65.08,516418
GOLD1,2025-01-07 00:00:00+05:30,65.08,65.39,64.92,65.19,1129893
GOLD1,2025-01-08 00:00:00+05:30,65.18,65.66,65.18,65.57,899467
GOLD1,2025-01-09 00:00:00+05:30,67.55,67.55,65.65,65.77,144319
GOLD1,2025-01-10 00:00:00+05:30,67.75,67.75,64.77,66.21,1048213
GOLD1,2025-01-13 00:00:00+05:30,66.31,66.75,66.21,66.37,905897
GOLD1,2025-01-14 00:00:00+05:30,66.03,66.5,66.02,66.3,633530
GOLD1,2025-01-15 00:00:00+05:30,66.5,66.75,66.26,66.73,590338
GOLD1,2025-01-16 00:00:00+05:30,67.49,67.49,66.53,67.08,694261
GOLD1,2025-01-17 00:00:00+05:30,68.08,68.08,66.81,67.29,546395
GOLD1,2025-01-20 00:00:00+05:30,67.29,67.4,66.93,67.24,681414
GOLD1,2025-01-21 00:00:00+05:30,67.24,67.62,67.08,67.45,283658
GOLD1,2025-01-22 00:00:00+05:30,67.71,68.3,67.71,68.15,1198679
GOLD1,2025-01-23 00:00:00+05:30,68.14,68.43,67.81,68.03,603310
GOLD1,2025-01-24 00:00:00+05:30,68.79,68.79,68.06,68.16,630128
GOLD1,2025-01-27 00:00:00+05:30,68.16,68.45,67.84,68.22,509118
GOLD1,2025-01-28 00:00:00+05:30,68.45,68.45,67.85,68.06,514390
GOLD1,2025-01-29 00:00:00+05:30,68.36,68.7,68.21,68.41,484186
GOLD1,2025-01-30 00:00:00+05:30,68.41,69.0,68.3,68.65,407065
GOLD1,2025-01-31 00:00:00+05:30,68.65,69.62,68.55,69.51,625138
GOLD1,2025-02-01 00:00:00+05:30,69.51,70.51,69.01,69.45,1330088
GOLD1,2025-02-03 00:00:00+05:30,69.28,70.38,69.11,70.04,1366910
GOLD1,2025-02-04 00:00:00+05:30,70.03,70.79,70.03,70.5,610563
GOLD1,2025-02-05 00:00:00+05:30,71.16,72.24,71.15,71.94,1273517
GOLD1,2025-02-06 00:00:00+05:30,71.96,72.15,71.32,71.74,1744587
GOLD1,2025-02-07 00:00:00+05:30,71.85,75.0,71.71,71.95,449688
GOLD1,2025-02-10 00:00:00+05:30,72.05,72.99,72.05,72.83,2915588
GOLD1,2025-02-11 00:00:00+05:30,71.86,73.48,71.86,72.39,1877807
GOLD1,2025-02-12 00:00:00+05:30,74.55,74.55,71.54,71.97,1406545
GOLD1,2025-02-13 00:00:00+05:30,71.97,72.89,71.96,72.39,3834670
GOLD1,2025-02-14 00:00:00+05:30,72.39,73.19,72.39,72.92,721845
GOLD1,2025-02-17 00:00:00+05:30,72.49,72.6,71.8,72.13,570254
GOLD1,2025-02-18 00:00:00+05:30,72.95,72.95,71.81,72.49,2723651
GOLD1,2025-02-19 00:00:00+05:30,72.71,74.0,72.71,73.34,537568
GOLD1,2025-02-20 00:00:00+05:30,75.55,75.55,72.63,73.09,1192903
GOLD1,2025-02-21 00:00:00+05:30,72.99,73.0,72.33,72.63,3137455
GOLD1,2025-02-24 00:00:00+05:30,72.63,73.45,72.03,73.15,2211565
GOLD1,2025-02-25 00:00:00+05:30,73.16,73.49,73.0,73.35,1269016
GOLD1,2025-02-27 00:00:00+05:30,72.9,73.2,72.0,72.27,1711253
GOLD1,2025-02-28 00:00:00+05:30,72.19,72.2,71.2,71.46,1341582
GOLD1,2025-03-03 00:00:00+05:30,71.46,72.0,71.11,71.8,746488
GOLD1,2025-03-04 00:00:00+05:30,71.76,72.89,71.51,72.71,2259426
GOLD1,2025-03-05 00:00:00+05:30,72.7,72.85,72.36,72.66,11680080
GOLD1,2025-03-06 00:00:00+05:30,74.85,74.85,72.12,72.36,1084316
GOLD1,2025-03-07 00:00:00+05:30,72.64,72.82,72.07,72.73,736766
GOLD1,2025-03-10 00:00:00+05:30,72.73,73.3,72.3,72.67,930721
GOLD1,2025-03-11 00:00:00+05:30,72.5,72.62,72.12,72.5,1422815
GOLD1,2025-03-12 00:00:00+05:30,72.53,73.45,72.52,72.9,3955267
GOLD1,2025-03-13 00:00:00+05:30,72.9,73.95,72.9,73.32,1365289
GOLD1,2025-03-17 00:00:00+05:30,74.8,74.8,73.7,73.97,485187
GOLD1,2025-03-18 00:00:00+05:30,73.98,74.8,73.98,74.58,1996209
GOLD1,2025-03-19 00:00:00+05:30,74.4,75.3,74.33,74.69,637961
GOLD1,2025-03-20 00:00:00+05:30,74.7,75.4,74.7,75.04,1446471
GOLD1,2025-03-21 00:00:00+05:30,74.99,74.99,74.25,74.45,6216823
GOLD1,2025-03-24 00:00:00+05:30,74.85,75.11,73.5,73.81,1513452
GOLD1,2025-03-25 00:00:00+05:30,73.81,73.88,73.21,73.78,726966
GOLD1,2025-03-26 00:00:00+05:30,73.78,74.05,73.42,73.68,942193
GOLD1,2025-03-27 00:00:00+05:30,73.62,74.27,73.53,74.2,449831
GOLD1,2025-03-28 00:00:00+05:30,74.59,75.17,74.54,74.94,992465
GOLD1,2025-04-01 00:00:00+05:30,75.91,77.4,75.8,76.95,1091046
GOLD1,2025-04-02 00:00:00+05:30,76.95,77.4,76.25,76.71,1500113
GOLD1,2025-04-03 00:00:00+05:30,77.17,77.29,76.3,76.49,928265
GOLD1,2025-04-04 00:00:00+05:30,76.95,76.95,75.11,75.3,2303367
GOLD1,2025-04-07 00:00:00+05:30,75.13,75.13,68.01,74.39,6285415
GOLD1,2025-04-08 00:00:00+05:30,74.1,74.36,72.63,74.05,1311275
GOLD1,2025-04-09 00:00:00+05:30,73.71,75.55,73.71,75.33,385861
GOLD1,2025-04-11 00:00:00+05:30,76.85,79.05,76.85,78.4,2193635
GOLD1,2025-04-15 00:00:00+05:30,78.99,78.99,77.88,78.13,669648
GOLD1,2025-04-16 00:00:00+05:30,78.7,79.8,78.7,79.61,750880
GOLD1,2025-04-17 00:00:00+05:30,79.71,80.64,79.71,79.85,1440879
GOLD1,2025-04-21 00:00:00+05:30,80.0,81.61,80.0,81.59,3184979
GOLD1,2025-04-22 00:00:00+05:30,82.0,84.49,82.0,83.36,2557116
GOLD1,2025-04-23 00:00:00+05:30,83.0,83.25,80.3,81.13,8009701
GOLD1,2025-04-24 00:00:00+05:30,81.0,81.45,80.64,81.11,1821755
GOLD1,2025-04-25 00:00:00+05:30,81.11,81.54,80.34,80.68,1023122
GOLD1,2025-04-28 00:00:00+05:30,80.59,80.67,79.46,79.61,1981464
GOLD1,2025-04-29 00:00:00+05:30,80.01,82.0,80.01,80.48,2759787
GOLD1,2025-04-30 00:00:00+05:30,80.47,80.6,79.25,79.48,1090474
GOLD1,2025-05-02 00:00:00+05:30,79.5,79.5,78.22,79.18,535662
GOLD1,2025-05-05 00:00:00+05:30,79.63,80.15,78.3,79.97,2216164
GOLD1,2025-05-06 00:00:00+05:30,80.33,82.25,80.33,82.12,706256
GOLD1,2025-05-07 00:00:00+05:30,82.13,82.68,81.47,81.53,6911701
GOLD1,2025-05-08 00:00:00+05:30,81.53,82.2,80.0,81.27,2800531
GOLD1,2025-05-09 00:00:00+05:30,81.15,81.54,80.1,81.31,490649
GOLD1,2025-05-12 00:00:00+05:30,80.95,80.95,78.35,78.46,960900
GOLD1,2025-05-13 00:00:00+05:30,80.81,80.81,78.5,79.35,2461451
GOLD1,2025-05-14 00:00:00+05:30,79.35,79.35,78.5,78.94,483194
GOLD1,2025-05-15 00:00:00+05:30,79.0,79.0,76.98,77.77,2109763
GOLD1,2025-05-16 00:00:00+05:30,78.03,79.18,78.03,78.21,1527995
GOLD1,2025-05-19 00:00:00+05:30,79.45,79.45,77.13,78.86,423657
GOLD1,2025-05-20 00:00:00+05:30,78.86,78.86,78.01,78.68,214037
GOLD1,2025-05-21 00:00:00+05:30,81.04,81.04,79.3,80.0,751009
GOLD1,2025-05-22 00:00:00+05:30,80.21,80.94,80.21,80.3,314053
GOLD1,2025-05-23 00:00:00+05:30,82.71,82.71,79.93,80.25,587911
GOLD1,2025-05-26 00:00:00+05:30,80.33,80.7,80.26,80.5,378881
GOLD1,2025-05-27 00:00:00+05:30,81.45,81.45,80.04,80.12,774333
GOLD1,2025-05-28 00:00:00+05:30,80.13,80.78,80.13,80.53,184535
GOLD1,2025-05-29 00:00:00+05:30,80.3,80.3,79.5,79.67,647649
GOLD1,2025-05-30 00:00:00+05:30,79.67,80.27,79.62,80.25,549067
GOLD1,2025-06-02 00:00:00+05:30,80.25,81.25,79.83,81.13,526762
GOLD1,2025-06-03 00:00:00+05:30,81.03,82.63,81.03,81.59,2475699
GOLD1,2025-06-04 00:00:00+05:30,81.59,82.19,81.5,81.83,2051864
GOLD1,2025-06-05 00:00:00+05:30,83.87,83.87,81.4,82.24,3306405
GOLD1,2025-06-06 00:00:00+05:30,84.29,84.29,81.27,81.8,4319213
GOLD1,2025-06-09 00:00:00+05:30,79.75,81.65,79.75,80.99,790780
GOLD1,2025-06-10 00:00:00+05:30,80.88,81.09,80.49,81.06,1953023
GOLD1,2025-06-11 00:00:00+05:30,80.91,81.45,80.91,81.23,223905
GOLD1,2025-06-12 00:00:00+05:30,82.95,82.95,81.46,81.94,1200327
GOLD1,2025-06-13 00:00:00+05:30,82.63,83.85,82.63,83.75,1073155
GOLD1,2025-06-16 00:00:00+05:30,85.84,85.84,83.53,83.78,1076599
GOLD1,2025-06-17 00:00:00+05:30,83.6,83.6,82.9,83.12,762337
GOLD1,2025-06-18 00:00:00+05:30,83.0,83.66,82.42,83.45,1272400
GOLD1,2025-06-19 00:00:00+05:30,85.53,85.53,82.75,83.37,415776
GOLD1,2025-06-20 00:00:00+05:30,85.45,85.45,82.57,82.89,546749
GOLD1,2025-06-23 00:00:00+05:30,83.95,83.95,82.63,83.32,1011608
GOLD1,2025-06-24 00:00:00+05:30,82.99,83.0,81.41,81.58,1413925
GOLD1,2025-06-25 00:00:00+05:30,83.61,83.61,81.52,81.73,1322013
GOLD1,2025-06-26 00:00:00+05:30,81.73,82.2,81.49,81.78,1834454
GOLD1,2025-06-27 00:00:00+05:30,81.63,83.77,80.01,80.36,1674417
GOLD1,2025-06-30 00:00:00+05:30,78.35,80.95,78.35,80.51,1322706
GOLD1,2025-07-01 00:00:00+05:30,78.49,81.99,78.49,81.68,1157998
GOLD1,2025-07-02 00:00:00+05:30,84.13,84.13,80.63,81.78,1234322
GOLD1,2025-07-03 00:00:00+05:30,83.82,83.82,81.33,81.68,1040786
GOLD1,2025-07-04 00:00:00+05:30,82.1,82.1,81.31,81.46,493088
GOLD1,2025-07-07 00:00:00+05:30,81.46,81.49,80.81,81.13,346370
GOLD1,2025-07-08 00:00:00+05:30,82.13,82.13,81.15,81.43,1335583
GOLD1,2025-07-09 00:00:00+05:30,81.26,81.3,80.53,80.55,593090
GOLD1,2025-07-10 00:00:00+05:30,80.7,81.5,80.7,81.42,1202724
GOLD1,2025-07-11 00:00:00+05:30,81.42,81.84,81.42,81.82,720871
GOLD1,2025-07-14 00:00:00+05:30,81.82,82.6,81.82,82.46,439701
GOLD1,2025-07-15 00:00:00+05:30,84.93,84.93,82.05,82.29,307857
GOLD1,2025-07-16 00:00:00+05:30,82.1,82.1,81.72,81.91,195520
GOLD1,2025-07-17 00:00:00+05:30,81.91,82.4,81.63,81.81,1129657
GOLD1,2025-07-18 00:00:00+05:30,79.76,83.85,79.76,82.29,272588
GOLD1,2025-07-21 00:00:00+05:30,84.34,84.34,82.06,82.67,331262
GOLD1,2025-07-22 00:00:00+05:30,82.71,83.95,82.71,83.43,511703
GOLD1,2025-07-23 00:00:00+05:30,85.45,85.45,83.53,84.38,888272
GOLD1,2025-07-24 00:00:00+05:30,85.83,86.48,82.85,82.85,1004275
GOLD1,2025-07-25 00:00:00+05:30,83.95,83.95,82.47,82.67,855744
GOLD1,2025-07-28 00:00:00+05:30,83.08,83.08,81.63,82.5,1164726
GOLD1,2025-07-29 00:00:00+05:30,84.56,84.56,81.53,82.41,537650
GOLD1,2025-07-30 00:00:00+05:30,82.41,83.14,82.41,83.0,543587
GOLD1,2025-07-31 00:00:00+05:30,82.8,82.9,81.3,82.77,1101279
GOLD1,2025-08-01 00:00:00+05:30,82.98,82.98,82.02,82.38,1325864
GOLD1,2025-08-04 00:00:00+05:30,84.5,84.5,83.02,83.99,943826
GOLD1,2025-08-05 00:00:00+05:30,85.63,85.63,84.03,84.28,462186
GOLD1,2025-08-06 00:00:00+05:30,85.0,86.38,83.92,84.16,840102
GOLD1,2025-08-07 00:00:00+05:30,86.26,86.26,84.32,84.69,719901
GOLD1,2025-08-08 00:00:00+05:30,87.23,87.23,84.69,85.01,580224
GOLD1,2025-08-11 00:00:00+05:30,84.65,85.0,82.68,83.92,1170041
GOLD1,2025-08-12 00:00:00+05:30,86.01,86.01,83.03,83.57,1090341
GOLD1,2025-08-13 00:00:00+05:30,83.57,84.05,83.57,83.88,817025
GOLD1,2025-08-14 00:00:00+05:30,83.88,84.29,83.33,83.8,607527
GOLD1,2025-08-18 00:00:00+05:30,84.22,84.22,83.03,83.47,1054411
GOLD1,2025-08-19 00:00:00+05:30,83.47,83.63,82.85,82.85,761305
GOLD1,2025-08-20 00:00:00+05:30,82.2,82.9,80.77,82.69,295050
GOLD1,2025-08-21 00:00:00+05:30,84.75,84.75,82.5,83.2,204615
GOLD1,2025-08-22 00:00:00+05:30,83.2,83.53,82.82,83.26,1558332
GOLD1,2025-08-25 00:00:00+05:30,83.33,84.63,83.33,84.09,722825
GOLD1,2025-08-26 00:00:00+05:30,86.61,86.61,84.03,84.45,390036
GOLD1,2025-08-28 00:00:00+05:30,86.56,86.56,84.66,85.02,1102645
GOLD1,2025-08-29 00:00:00+05:30,85.69,86.0,85.12,85.98,11455951
GOLD1,2025-09-01 00:00:00+05:30,87.23,88.15,86.9,87.47,1470448
GOLD1,2025-09-02 00:00:00+05:30,88.95,88.95,87.13,87.47,1727872
GOLD1,2025-09-03 00:00:00+05:30,87.47,88.85,87.47,88.68,1843010
GOLD1,2025-09-04 00:00:00+05:30,88.68,89.03,88.03,88.72,5102643
GOLD1,2025-09-05 00:00:00+05:30,90.93,90.93,88.8,89.14,1143423
GOLD1,2025-09-08 00:00:00+05:30,91.36,91.36,89.14,90.87,1265917
GOLD1,2025-09-09 00:00:00+05:30,90.88,92.24,90.88,91.65,4221056
GOLD1,2025-09-10 00:00:00+05:30,93.94,93.94,89.35,91.45,1946697
GOLD1,2025-09-11 00:00:00+05:30,91.99,91.99,91.11,91.17,2917620
GOLD1,2025-09-12 00:00:00+05:30,93.44,93.44,91.42,91.77,1937172
GOLD1,2025-09-15 00:00:00+05:30,94.06,94.06,91.34,91.56,2337721
GOLD1,2025-09-16 00:00:00+05:30,93.0,93.16,92.03,92.82,2488753
GOLD1,2025-09-17 00:00:00+05:30,92.95,93.3,91.62,91.83,2491977
GOLD1,2025-09-18 00:00:00+05:30,92.28,92.44,91.28,92.2,2028176
GOLD1,2025-09-19 00:00:00+05:30,94.5,94.5,90.2,91.9,2308984
GOLD1,2025-09-22 00:00:00+05:30,94.19,94.19,92.4,93.81,1796065
GOLD1,2025-09-23 00:00:00+05:30,96.15,96.15,94.1,95.78,3303089
GOLD1,2025-09-24 00:00:00+05:30,96.0,96.0,95.04,95.38,3010901
GOLD1,2025-09-25 00:00:00+05:30,97.76,97.76,94.2,95.02,3677641
GOLD1,2025-09-26 00:00:00+05:30,94.9,96.7,94.32,94.69,3840561
GOLD1,2025-09-29 00:00:00+05:30,96.45,96.68,95.4,96.46,1893430
GOLD1,2025-09-30 00:00:00+05:30,97.2,98.19,96.1,96.2,4890516
GOLD1,2025-10-01 00:00:00+05:30,93.79,98.7,93.79,98.42,4025941
GOLD1,2025-10-03 00:00:00+05:30,101.37,101.37,96.81,97.59,3821328
GOLD1,2025-10-06 00:00:00+05:30,98.2,99.97,98.2,99.82,3798169
GOLD1,2025-10-07 00:00:00+05:30,100.03,100.67,99.55,100.19,4275997
GOLD1,2025-10-08 00:00:00+05:30,100.63,102.65,100.63,102.13,5939304
GOLD1,2025-10-09 00:00:00+05:30,102.12,102.99,102.0,102.29,5766753
GOLD1,2025-10-10 00:00:00+05:30,101.4,101.94,99.75,101.27,3674249
GOLD1,2025-10-13 00:00:00+05:30,101.9,104.79,101.9,103.38,4196156
GOLD1,2025-10-14 00:00:00+05:30,106.48,107.4,103.83,105.19,7764943
GOLD1,2025-10-15 00:00:00+05:30,105.71,106.9,105.5,105.81,4596776
GOLD1,2025-10-16 00:00:00+05:30,105.81,106.86,105.41,105.95,2959608
GOLD1,2025-10-17 00:00:00+05:30,107.33,109.9,107.33,108.81,5164673
GOLD1,2025-10-20 00:00:00+05:30,108.63,110.0,104.66,106.16,2927507
GOLD1,2025-10-21 00:00:00+05:30,109.34,109.34,106.0,106.68,599634
GOLD1,2025-10-23 00:00:00+05:30,109.88,109.88,96.1,102.63,6074998
GOLD1,2025-10-24 00:00:00+05:30,105.19,105.19,100.6,101.1,1602087
GOLD1,2025-10-27 00:00:00+05:30,101.9,101.95,100.2,100.82,2909302
GOLD1,2025-10-28 00:00:00+05:30,100.62,100.62,96.31,96.83,2376652
GOLD1,2025-10-29 00:00:00+05:30,97.8,100.89,97.8,100.71,1387900
GOLD1,2025-10-30 00:00:00+05:30,98.0,100.8,97.04,100.48,1556864
GOLD1,2025-10-31 00:00:00+05:30,100.48,101.3,99.63,100.77,1205888
GOLD1,2025-11-03 00:00:00+05:30,100.8,101.64,100.53,100.74,1469730
GOLD1,2025-11-04 00:00:00+05:30,100.74,101.24,99.9,100.54,561490
GOLD1,2025-11-06 00:00:00+05:30,100.54,101.04,99.35,100.92,2051599
GOLD1,2025-11-07 00:00:00+05:30,100.74,100.88,100.31,100.64,1016261
GOLD1,2025-11-10 00:00:00+05:30,101.1,102.64,101.1,102.57,1726240
GOLD1,2025-11-11 00:00:00+05:30,105.37,105.37,103.6,104.02,1943990
GOLD1,2025-11-12 00:00:00+05:30,103.15,103.9,103.0,103.63,1333888
GOLD1,2025-11-13 00:00:00+05:30,104.82,106.28,104.82,106.24,1642998
GOLD1,2025-11-14 00:00:00+05:30,106.09,106.1,104.19,104.58,1628141
GOLD1,2025-11-17 00:00:00+05:30,103.89,103.98,101.36,102.75,3544460
GOLD1,2025-11-18 00:00:00+05:30,100.18,101.8,100.18,101.53,3199630
GOLD1,2025-11-19 00:00:00+05:30,101.9,103.36,101.9,102.96,1047906
GOLD1,2025-11-20 00:00:00+05:30,102.49,102.89,101.07,102.3,1248854
GOLD1,2025-11-21 00:00:00+05:30,102.3,102.99,101.35,102.85,1350150
GOLD1,2025-11-24 00:00:00+05:30,102.95,103.1,102.02,102.99,1330004
GOLD1,2025-11-25 00:00:00+05:30,104.04,104.61,103.9,104.2,1425112
GOLD1,2025-11-26 00:00:00+05:30,107.33,107.33,104.2,105.17,1042494
GOLD1,2025-11-27 00:00:00+05:30,104.25,105.32,104.25,105.05,851814
GOLD1,2025-11-28 00:00:00+05:30,107.67,107.67,104.03,105.21,934768
