Symbol,Date,Open,High,Low,Close,Volume
GTPL,2017-07-04 09:44:00+05:30,170.0,174.6,162.75,171.65,14132542
GTPL,2017-07-05 09:15:00+05:30,171.0,172.3,167.3,170.5,778655
GTPL,2017-07-06 09:15:00+05:30,170.5,175.7,168.55,170.0,1180320
GTPL,2017-07-07 09:15:00+05:30,172.65,183.2,168.0,178.05,3134070
GTPL,2017-07-10 09:15:00+05:30,180.0,198.0,175.0,183.15,573291
GTPL,2017-07-11 09:15:00+05:30,183.8,190.4,176.3,177.45,1777101
GTPL,2017-07-12 09:15:00+05:30,179.0,183.9,178.0,180.7,837191
GTPL,2017-07-13 09:15:00+05:30,182.4,185.5,178.5,180.1,907601
GTPL,2017-07-14 09:15:00+05:30,181.0,184.9,164.05,170.8,1203937
GTPL,2017-07-17 09:15:00+05:30,171.1,174.0,169.1,170.0,302605
GTPL,2017-07-18 09:15:00+05:30,169.1,171.95,166.2,167.15,188357
GTPL,2017-07-19 09:15:00+05:30,168.15,170.0,167.2,168.05,114062
GTPL,2017-07-20 09:15:00+05:30,169.4,169.8,165.05,166.6,194347
GTPL,2017-07-21 09:15:00+05:30,165.2,168.95,163.0,163.4,298067
GTPL,2017-07-24 09:15:00+05:30,163.3,164.45,155.65,156.8,203695
GTPL,2017-07-25 09:15:00+05:30,155.65,161.0,150.0,155.0,422546
GTPL,2017-07-26 09:15:00+05:30,155.7,158.0,155.7,156.4,197420
GTPL,2017-07-27 09:15:00+05:30,156.9,161.8,155.6,156.8,173457
GTPL,2017-07-28 09:15:00+05:30,154.15,159.4,154.15,156.6,129568
GTPL,2017-07-31 09:15:00+05:30,156.0,158.95,156.0,157.55,130338
GTPL,2017-08-01 09:15:00+05:30,157.55,157.65,147.75,151.75,97587
GTPL,2017-08-02 09:15:00+05:30,152.0,155.0,150.2,151.8,110713
GTPL,2017-08-03 09:15:00+05:30,151.1,153.0,145.0,147.35,96801
GTPL,2017-08-04 09:15:00+05:30,148.65,148.65,141.25,142.45,266775
GTPL,2017-08-07 09:15:00+05:30,142.2,148.5,142.2,146.15,205690
GTPL,2017-08-08 09:15:00+05:30,148.2,150.0,142.6,143.85,109122
GTPL,2017-08-09 09:15:00+05:30,147.0,150.0,141.1,144.2,490616
GTPL,2017-08-10 09:15:00+05:30,144.75,149.3,142.6,147.45,160537
GTPL,2017-08-11 09:15:00+05:30,144.0,146.0,141.0,141.95,69578
GTPL,2017-08-14 09:15:00+05:30,143.05,143.5,139.0,141.25,80830
GTPL,2017-08-16 09:16:00+05:30,141.05,150.65,141.05,146.2,273610
GTPL,2017-08-17 09:15:00+05:30,146.0,146.6,141.0,141.8,87350
GTPL,2017-08-18 09:15:00+05:30,141.2,142.9,141.0,141.9,75974
GTPL,2017-08-21 09:15:00+05:30,142.5,142.8,135.0,137.15,503003
GTPL,2017-08-22 09:15:00+05:30,136.55,138.35,130.25,131.9,116382
GTPL,2017-08-23 09:15:00+05:30,133.75,133.75,127.0,127.95,127098
GTPL,2017-08-24 09:15:00+05:30,126.25,133.2,126.25,131.9,187918
GTPL,2017-08-28 09:15:00+05:30,132.1,136.6,132.1,134.65,88637
GTPL,2017-08-29 09:15:00+05:30,134.0,134.0,129.75,130.85,54591
GTPL,2017-08-30 09:15:00+05:30,131.15,134.0,131.15,133.55,30318
GTPL,2017-08-31 09:15:00+05:30,134.9,135.6,132.35,133.4,43825
GTPL,2017-09-01 09:15:00+05:30,134.35,135.45,130.2,132.1,91325
GTPL,2017-09-04 09:15:00+05:30,138.0,138.0,131.25,131.95,221566
GTPL,2017-09-05 09:15:00+05:30,134.0,134.4,132.0,132.15,89755
GTPL,2017-09-06 09:15:00+05:30,132.15,132.95,129.5,129.85,36316
GTPL,2017-09-07 09:15:00+05:30,130.95,131.95,128.0,128.75,164925
GTPL,2017-09-08 09:15:00+05:30,133.95,137.5,130.55,134.4,373428
GTPL,2017-09-11 09:15:00+05:30,134.4,138.5,134.0,135.3,188494
GTPL,2017-09-12 09:15:00+05:30,134.9,138.75,134.55,137.85,159233
GTPL,2017-09-13 09:15:00+05:30,138.45,140.5,136.95,138.85,131705
GTPL,2017-09-14 09:15:00+05:30,136.1,149.5,136.1,148.85,346103
GTPL,2017-09-15 09:15:00+05:30,147.0,159.0,144.0,154.7,519871
GTPL,2017-09-18 09:15:00+05:30,153.0,157.3,147.0,153.4,144462
GTPL,2017-09-19 09:15:00+05:30,153.0,155.7,148.5,149.55,89355
GTPL,2017-09-20 09:15:00+05:30,150.0,150.15,147.5,147.9,130258
GTPL,2017-09-21 09:15:00+05:30,148.0,149.95,146.0,146.4,76755
GTPL,2017-09-22 09:16:00+05:30,145.0,145.95,138.6,139.5,47285
GTPL,2017-09-25 09:15:00+05:30,137.6,139.95,130.0,130.65,129607
GTPL,2017-09-26 09:15:00+05:30,131.9,133.2,130.0,130.7,55280
GTPL,2017-09-27 09:15:00+05:30,133.65,134.3,130.0,131.45,94778
GTPL,2017-09-28 09:15:00+05:30,131.45,132.4,129.1,130.05,35183
GTPL,2017-09-29 09:15:00+05:30,129.85,140.9,129.85,137.55,72472
GTPL,2017-10-03 09:15:00+05:30,140.4,140.75,136.4,137.9,38248
GTPL,2017-10-04 09:15:00+05:30,139.65,143.4,136.5,140.7,113221
GTPL,2017-10-05 09:16:00+05:30,139.25,144.0,139.05,143.05,39497
GTPL,2017-10-06 09:15:00+05:30,140.2,147.7,139.95,146.3,83064
GTPL,2017-10-09 09:16:00+05:30,147.95,148.8,143.35,147.65,50563
GTPL,2017-10-10 09:16:00+05:30,147.85,149.3,142.4,144.9,78796
GTPL,2017-10-11 09:15:00+05:30,146.5,150.0,143.7,145.05,98910
GTPL,2017-10-12 09:16:00+05:30,143.75,147.85,143.5,146.15,57502
GTPL,2017-10-13 09:19:00+05:30,146.5,147.8,140.55,143.25,39831
GTPL,2017-10-16 09:15:00+05:30,144.0,145.0,137.0,139.5,66211
GTPL,2017-10-17 09:16:00+05:30,141.0,145.0,136.15,141.85,51756
GTPL,2017-10-18 09:15:00+05:30,144.9,144.9,139.0,140.75,37638
GTPL,2017-10-23 09:15:00+05:30,147.0,147.0,142.0,142.6,18403
GTPL,2017-10-24 09:18:00+05:30,141.5,144.0,140.95,141.85,48287
GTPL,2017-10-25 09:15:00+05:30,141.0,145.2,141.0,142.05,35214
GTPL,2017-10-26 09:16:00+05:30,139.2,145.0,139.2,142.55,40517
GTPL,2017-10-27 09:18:00+05:30,142.1,147.0,141.0,145.15,380615
GTPL,2017-10-30 09:16:00+05:30,145.0,153.0,144.0,146.0,94244
GTPL,2017-10-31 09:15:00+05:30,145.0,148.5,145.0,146.2,19927
GTPL,2017-11-01 09:15:00+05:30,145.0,149.9,143.7,144.7,25343
GTPL,2017-11-02 09:16:00+05:30,145.45,145.45,139.75,141.1,57592
GTPL,2017-11-03 09:15:00+05:30,142.0,153.0,142.0,152.3,203148
GTPL,2017-11-06 09:15:00+05:30,152.0,156.0,148.35,153.95,131501
GTPL,2017-11-07 09:15:00+05:30,158.05,160.55,149.0,149.85,216827
GTPL,2017-11-08 09:15:00+05:30,147.15,152.2,144.1,148.45,109027
GTPL,2017-11-09 09:15:00+05:30,149.05,152.0,146.75,149.0,42179
GTPL,2017-11-10 09:15:00+05:30,148.65,149.75,146.5,146.95,81154
GTPL,2017-11-13 09:15:00+05:30,146.95,148.0,145.0,145.25,79320
GTPL,2017-11-14 09:15:00+05:30,144.15,146.15,142.4,143.1,17951
GTPL,2017-11-15 09:15:00+05:30,152.3,152.35,143.0,144.95,86207
GTPL,2017-11-16 09:16:00+05:30,145.95,145.95,142.0,143.2,69859
GTPL,2017-11-17 09:15:00+05:30,143.7,145.0,140.0,142.05,41792
GTPL,2017-11-20 09:16:00+05:30,142.0,154.9,142.0,150.05,212489
GTPL,2017-11-21 09:15:00+05:30,151.0,152.45,147.0,147.4,59257
GTPL,2017-11-22 09:15:00+05:30,147.0,151.0,145.25,146.15,44793
GTPL,2017-11-23 09:15:00+05:30,147.0,148.0,143.5,144.8,35038
GTPL,2017-11-24 09:15:00+05:30,144.4,155.0,143.65,152.55,167590
GTPL,2017-11-27 09:15:00+05:30,153.95,162.0,150.4,157.95,266216
GTPL,2017-11-28 09:15:00+05:30,156.25,171.0,155.2,165.2,427070
GTPL,2017-11-29 09:15:00+05:30,167.85,174.0,167.0,169.55,305094
GTPL,2017-11-30 09:15:00+05:30,167.0,172.0,162.0,163.0,91555
GTPL,2017-12-01 09:15:00+05:30,165.0,169.4,162.2,166.95,155329
GTPL,2017-12-04 09:15:00+05:30,169.95,170.0,158.45,160.75,74270
GTPL,2017-12-05 09:15:00+05:30,160.0,169.8,158.5,160.55,67043
GTPL,2017-12-06 09:15:00+05:30,159.35,164.0,152.7,154.6,46707
GTPL,2017-12-07 09:15:00+05:30,154.6,158.1,154.15,155.5,41661
GTPL,2017-12-08 09:15:00+05:30,156.6,164.9,155.85,162.3,61161
GTPL,2017-12-11 09:15:00+05:30,163.0,171.3,163.0,168.95,110221
GTPL,2017-12-12 09:15:00+05:30,169.0,171.0,165.5,168.95,79912
GTPL,2017-12-13 09:15:00+05:30,170.0,172.0,156.0,157.8,98505
GTPL,2017-12-14 09:15:00+05:30,163.0,164.35,159.8,162.2,50389
GTPL,2017-12-15 09:15:00+05:30,164.8,171.45,162.2,169.1,270102
GTPL,2017-12-18 09:15:00+05:30,167.9,170.0,160.0,164.65,38148
GTPL,2017-12-19 09:17:00+05:30,165.9,167.0,163.1,164.2,27567
GTPL,2017-12-20 09:17:00+05:30,162.5,170.0,162.2,166.5,39031
GTPL,2017-12-21 09:15:00+05:30,163.1,168.0,160.75,164.45,42425
GTPL,2017-12-22 09:16:00+05:30,165.15,166.75,163.0,163.3,19828
GTPL,2017-12-26 09:15:00+05:30,161.15,165.5,161.15,162.0,13889
GTPL,2017-12-27 09:15:00+05:30,164.35,164.4,159.25,160.05,18395
GTPL,2017-12-28 09:15:00+05:30,160.0,161.95,156.25,157.45,18243
GTPL,2017-12-29 09:15:00+05:30,160.15,166.0,160.15,165.0,89316
GTPL,2018-01-01 09:15:00+05:30,165.2,166.45,160.0,163.75,51137
GTPL,2018-01-02 09:16:00+05:30,165.5,167.5,162.0,163.35,34527
GTPL,2018-01-03 09:15:00+05:30,163.6,166.0,162.05,163.15,36235
GTPL,2018-01-04 09:15:00+05:30,161.05,164.95,160.45,161.85,23375
GTPL,2018-01-05 09:19:00+05:30,163.85,164.0,159.15,160.75,34016
GTPL,2018-01-08 09:16:00+05:30,160.95,164.8,160.55,161.45,33986
GTPL,2018-01-09 09:15:00+05:30,161.15,164.55,158.0,159.0,31323
GTPL,2018-01-10 09:24:00+05:30,160.0,161.5,157.15,158.65,25302
GTPL,2018-01-11 09:20:00+05:30,158.5,187.0,158.5,176.15,855093
GTPL,2018-01-12 09:15:00+05:30,174.6,182.0,170.0,180.0,638886
GTPL,2018-01-15 09:15:00+05:30,177.2,182.5,175.1,177.1,347332
GTPL,2018-01-16 09:16:00+05:30,178.0,178.5,173.1,175.1,313763
GTPL,2018-01-17 09:15:00+05:30,171.05,174.5,170.55,172.05,165867
GTPL,2018-01-18 09:15:00+05:30,174.8,174.9,168.15,170.4,82243
GTPL,2018-01-19 09:18:00+05:30,168.05,173.0,165.65,166.65,30521
GTPL,2018-01-22 09:15:00+05:30,169.4,169.4,162.7,164.4,14697
GTPL,2018-01-23 09:19:00+05:30,163.95,179.6,163.25,175.75,526504
GTPL,2018-01-24 09:15:00+05:30,175.0,177.5,170.1,175.1,193533
GTPL,2018-01-25 09:17:00+05:30,177.6,187.4,172.25,180.2,2900441
GTPL,2018-01-29 09:15:00+05:30,176.6,179.95,161.0,164.45,148311
GTPL,2018-01-30 09:15:00+05:30,164.9,167.75,158.7,160.55,61424
GTPL,2018-01-31 09:15:00+05:30,161.1,164.9,157.25,159.75,37015
GTPL,2018-02-01 09:18:00+05:30,164.6,170.0,160.0,165.35,69587
GTPL,2018-02-02 09:15:00+05:30,159.65,162.9,153.0,155.25,72216
GTPL,2018-02-05 09:15:00+05:30,155.5,159.9,135.55,153.35,382216
GTPL,2018-02-06 09:15:00+05:30,149.0,152.3,144.55,150.25,117890
GTPL,2018-02-07 09:15:00+05:30,153.95,157.75,151.4,155.15,25937
GTPL,2018-02-08 09:17:00+05:30,153.25,167.8,153.25,166.95,85018
GTPL,2018-02-09 09:15:00+05:30,157.25,170.0,157.25,166.1,31182
GTPL,2018-02-12 09:16:00+05:30,161.15,171.0,161.15,168.0,37586
GTPL,2018-02-14 09:16:00+05:30,168.2,170.6,164.0,168.15,38810
GTPL,2018-02-15 09:15:00+05:30,170.0,173.4,167.7,168.65,131397
GTPL,2018-02-16 09:15:00+05:30,172.0,172.0,162.45,164.0,16240
GTPL,2018-02-19 09:17:00+05:30,162.0,164.05,158.75,162.0,14842
GTPL,2018-02-20 09:20:00+05:30,162.05,167.5,161.15,165.0,20766
GTPL,2018-02-21 09:22:00+05:30,165.1,165.5,161.9,163.95,11971
GTPL,2018-02-22 09:16:00+05:30,162.1,166.0,160.65,165.0,18606
GTPL,2018-02-23 09:15:00+05:30,166.75,167.0,164.8,165.8,16765
GTPL,2018-02-26 09:15:00+05:30,165.9,166.75,162.1,163.3,17189
GTPL,2018-02-27 09:15:00+05:30,163.55,165.3,162.15,164.55,29660
GTPL,2018-02-28 09:16:00+05:30,165.0,165.85,162.4,165.15,10378
GTPL,2018-03-01 09:21:00+05:30,165.05,168.9,162.4,165.05,224515
GTPL,2018-03-05 09:15:00+05:30,169.8,169.8,163.85,165.45,19367
GTPL,2018-03-06 09:15:00+05:30,169.5,169.5,156.3,158.65,22588
GTPL,2018-03-07 09:15:00+05:30,155.05,161.5,152.0,153.9,21418
GTPL,2018-03-08 09:15:00+05:30,155.05,157.9,151.45,152.8,11741
GTPL,2018-03-09 09:15:00+05:30,152.0,155.8,151.1,151.5,79005
GTPL,2018-03-12 09:16:00+05:30,154.7,154.7,144.1,147.6,39242
GTPL,2018-03-13 09:19:00+05:30,147.2,150.0,144.0,145.1,68074
GTPL,2018-03-14 09:15:00+05:30,145.55,149.45,142.3,143.65,127534
GTPL,2018-03-15 09:18:00+05:30,144.65,147.85,143.35,144.15,16734
GTPL,2018-03-16 09:15:00+05:30,143.8,150.05,138.0,139.4,75041
GTPL,2018-03-19 09:15:00+05:30,136.0,141.5,135.0,135.9,177377
GTPL,2018-03-20 09:16:00+05:30,135.3,137.0,134.5,135.9,23717
GTPL,2018-03-21 09:15:00+05:30,134.1,137.7,134.1,135.75,24536
GTPL,2018-03-22 09:22:00+05:30,135.9,137.95,133.0,135.1,262981
GTPL,2018-03-23 09:15:00+05:30,133.95,137.05,130.15,133.95,1578361
GTPL,2018-03-26 09:15:00+05:30,132.05,139.5,132.05,137.4,107029
GTPL,2018-03-27 09:16:00+05:30,137.65,140.0,135.25,136.25,441134
GTPL,2018-03-28 09:15:00+05:30,135.0,139.4,133.8,139.0,41221
GTPL,2018-04-02 09:18:00+05:30,139.95,149.9,139.35,146.8,54490
GTPL,2018-04-03 09:16:00+05:30,146.0,149.5,143.15,145.35,189506
GTPL,2018-04-04 09:15:00+05:30,148.95,150.0,141.35,144.2,47230
GTPL,2018-04-05 09:16:00+05:30,146.85,150.0,146.3,148.9,33859
GTPL,2018-04-06 09:16:00+05:30,148.0,157.5,147.0,155.15,63520
GTPL,2018-04-09 09:15:00+05:30,155.0,162.35,153.7,161.55,59114
GTPL,2018-04-10 09:16:00+05:30,160.2,165.0,159.0,164.3,52731
GTPL,2018-04-11 09:18:00+05:30,165.9,165.9,160.65,163.1,25084
GTPL,2018-04-12 09:15:00+05:30,161.05,164.8,156.3,158.75,28243
GTPL,2018-04-13 09:15:00+05:30,169.95,169.95,159.05,162.15,34448
GTPL,2018-04-16 09:17:00+05:30,161.0,161.5,158.0,160.0,276696
GTPL,2018-04-17 09:19:00+05:30,159.2,163.95,159.2,161.95,27487
GTPL,2018-04-18 09:19:00+05:30,163.05,165.5,161.1,162.95,164138
GTPL,2018-04-19 09:15:00+05:30,162.05,164.75,157.25,158.75,24451
GTPL,2018-04-20 09:15:00+05:30,158.75,160.05,155.05,158.65,36340
GTPL,2018-04-23 09:16:00+05:30,159.7,162.75,155.0,156.15,54357
GTPL,2018-04-24 09:15:00+05:30,157.15,163.65,156.25,161.75,29836
GTPL,2018-04-25 09:16:00+05:30,161.0,163.0,155.35,156.8,12644
GTPL,2018-04-26 09:18:00+05:30,157.15,159.45,146.65,152.85,28560
GTPL,2018-04-27 09:18:00+05:30,152.2,160.85,151.15,152.75,43380
GTPL,2018-04-30 09:17:00+05:30,153.0,155.6,151.25,154.3,25774
GTPL,2018-05-02 09:15:00+05:30,148.7,159.85,148.7,154.3,73579
GTPL,2018-05-03 09:15:00+05:30,154.3,154.3,147.05,150.0,16726
GTPL,2018-05-04 09:16:00+05:30,148.2,151.0,146.1,147.15,28146
GTPL,2018-05-07 09:16:00+05:30,147.5,149.8,142.05,144.95,16478
GTPL,2018-05-08 09:16:00+05:30,146.9,149.6,144.0,144.85,7697
GTPL,2018-05-09 09:17:00+05:30,144.6,146.75,141.0,142.9,11578
GTPL,2018-05-10 09:16:00+05:30,143.15,144.75,138.1,140.8,15308
GTPL,2018-05-11 09:16:00+05:30,141.05,142.0,138.0,139.2,6907
GTPL,2018-05-14 09:16:00+05:30,139.1,139.75,132.95,134.05,114865
GTPL,2018-05-15 09:17:00+05:30,135.5,141.0,134.5,137.75,12615
GTPL,2018-05-16 09:18:00+05:30,138.2,139.0,134.1,134.75,43859
GTPL,2018-05-17 09:15:00+05:30,134.05,136.25,134.05,134.4,30983
GTPL,2018-05-18 09:15:00+05:30,134.45,138.95,134.1,134.45,41501
GTPL,2018-05-21 09:17:00+05:30,134.35,138.9,129.2,131.0,21885
GTPL,2018-05-22 09:15:00+05:30,131.7,133.1,129.0,130.05,24195
GTPL,2018-05-23 09:15:00+05:30,130.0,135.75,128.95,130.25,23563
GTPL,2018-05-24 09:15:00+05:30,131.45,131.45,129.0,129.65,14603
GTPL,2018-05-25 09:15:00+05:30,129.95,131.0,128.0,129.15,17052
GTPL,2018-05-28 09:15:00+05:30,128.5,134.55,128.5,133.4,19675
GTPL,2018-05-29 09:16:00+05:30,133.5,143.5,131.25,136.55,92406
GTPL,2018-05-30 09:15:00+05:30,136.95,142.0,136.0,137.7,45192
GTPL,2018-05-31 09:15:00+05:30,138.45,142.0,132.85,134.7,50592
GTPL,2018-06-01 09:15:00+05:30,135.15,138.5,132.05,132.85,25431
GTPL,2018-06-04 09:16:00+05:30,134.95,135.05,128.1,130.4,29976
GTPL,2018-06-05 09:24:00+05:30,131.35,131.35,108.6,116.2,91220
GTPL,2018-06-06 09:15:00+05:30,123.0,124.0,116.3,119.95,514653
GTPL,2018-06-07 09:15:00+05:30,123.0,130.25,121.45,127.9,27035
GTPL,2018-06-08 09:16:00+05:30,127.05,131.9,126.45,128.35,16147
GTPL,2018-06-11 09:15:00+05:30,129.5,132.15,121.7,122.95,100004
GTPL,2018-06-12 09:15:00+05:30,122.95,125.0,120.05,123.3,133923
GTPL,2018-06-13 09:15:00+05:30,123.8,125.0,122.8,123.45,6424
GTPL,2018-06-14 09:15:00+05:30,124.1,126.65,121.65,122.9,18128
GTPL,2018-06-15 09:17:00+05:30,123.0,126.0,121.0,122.3,28889
GTPL,2018-06-18 09:16:00+05:30,122.05,125.0,122.05,124.7,9742
GTPL,2018-06-19 09:17:00+05:30,124.0,125.75,121.5,123.55,84818
GTPL,2018-06-20 09:16:00+05:30,123.1,124.05,122.0,122.35,5343
GTPL,2018-06-21 09:15:00+05:30,122.45,124.1,121.8,122.1,8459
GTPL,2018-06-22 09:17:00+05:30,122.45,125.0,121.5,122.7,9108
GTPL,2018-06-25 09:16:00+05:30,122.85,123.45,120.0,120.3,13595
GTPL,2018-06-26 09:16:00+05:30,120.25,120.3,115.0,116.05,24440
GTPL,2018-06-27 09:17:00+05:30,116.3,120.7,112.8,115.25,46419
GTPL,2018-06-28 09:15:00+05:30,115.4,115.75,113.1,113.4,15275
GTPL,2018-06-29 09:15:00+05:30,113.3,116.9,112.65,114.3,8162
GTPL,2018-07-02 09:15:00+05:30,114.55,115.0,106.65,108.2,28646
GTPL,2018-07-03 09:15:00+05:30,109.0,112.0,104.5,105.05,75936
GTPL,2018-07-04 09:15:00+05:30,105.05,106.0,100.65,101.05,30801
GTPL,2018-07-05 09:16:00+05:30,101.55,105.0,90.55,93.2,220230
GTPL,2018-07-06 09:15:00+05:30,93.25,94.5,87.0,90.05,152874
GTPL,2018-07-09 09:15:00+05:30,90.3,98.2,89.5,92.2,50308
GTPL,2018-07-10 09:15:00+05:30,92.3,97.4,92.3,95.1,34671
GTPL,2018-07-11 09:15:00+05:30,95.25,96.1,91.5,93.1,23064
GTPL,2018-07-12 09:15:00+05:30,92.05,94.9,92.05,94.15,49230
GTPL,2018-07-13 09:17:00+05:30,93.1,94.55,88.9,90.35,39088
GTPL,2018-07-16 09:15:00+05:30,90.4,90.55,84.5,84.9,60077
GTPL,2018-07-17 09:17:00+05:30,84.9,88.6,83.25,87.45,61978
GTPL,2018-07-18 09:21:00+05:30,87.7,87.7,79.2,81.0,66952
GTPL,2018-07-19 09:15:00+05:30,83.0,85.5,79.3,81.0,118798
GTPL,2018-07-20 09:15:00+05:30,81.0,94.7,81.0,87.7,83313
GTPL,2018-07-23 09:51:00+05:30,89.0,94.95,87.8,88.65,95396
GTPL,2018-07-24 09:19:00+05:30,88.5,94.0,85.85,88.45,46816
GTPL,2018-07-25 09:15:00+05:30,89.0,91.5,88.8,89.55,27338
GTPL,2018-07-26 09:15:00+05:30,88.15,94.55,88.15,93.4,71736
GTPL,2018-07-27 09:15:00+05:30,92.0,93.95,90.5,91.7,97355
GTPL,2018-07-30 09:15:00+05:30,91.1,92.85,89.4,90.9,29387
GTPL,2018-07-31 09:17:00+05:30,90.55,94.1,89.7,92.1,76553
GTPL,2018-08-01 09:15:00+05:30,90.95,93.85,90.5,91.35,67359
GTPL,2018-08-02 09:16:00+05:30,91.9,93.7,89.75,90.1,58967
GTPL,2018-08-03 09:15:00+05:30,93.9,98.5,89.05,97.05,72641
GTPL,2018-08-06 09:15:00+05:30,95.5,104.4,95.5,100.8,48493
GTPL,2018-08-07 09:15:00+05:30,101.95,105.0,97.0,98.45,51100
GTPL,2018-08-08 09:15:00+05:30,98.45,100.5,95.05,96.25,22096
GTPL,2018-08-09 09:15:00+05:30,95.65,97.15,92.95,94.1,141686
GTPL,2018-08-10 09:18:00+05:30,94.15,98.0,93.0,97.35,30220
GTPL,2018-08-13 09:17:00+05:30,96.05,96.15,92.0,93.55,29570
GTPL,2018-08-14 09:15:00+05:30,93.1,94.35,91.95,92.6,27662
GTPL,2018-08-16 09:15:00+05:30,95.0,95.0,91.35,91.8,26220
GTPL,2018-08-17 09:15:00+05:30,92.35,93.3,89.0,90.1,24496
GTPL,2018-08-20 09:16:00+05:30,90.05,90.95,87.15,88.05,11542
GTPL,2018-08-21 09:17:00+05:30,87.05,88.85,84.5,85.05,23330
GTPL,2018-08-23 09:15:00+05:30,86.2,92.4,85.15,88.35,56378
GTPL,2018-08-24 09:15:00+05:30,89.0,90.0,83.0,83.8,33717
GTPL,2018-08-27 09:15:00+05:30,84.05,87.15,83.0,84.1,16884
GTPL,2018-08-28 09:15:00+05:30,83.55,84.8,82.0,82.75,17979
GTPL,2018-08-29 09:15:00+05:30,82.15,85.0,80.1,80.3,112770
GTPL,2018-08-30 09:17:00+05:30,80.3,84.6,80.3,81.0,44828
GTPL,2018-08-31 09:15:00+05:30,81.7,84.95,80.55,83.2,56952
GTPL,2018-09-03 09:16:00+05:30,83.2,83.85,79.8,80.0,65973
GTPL,2018-09-04 09:15:00+05:30,80.05,89.7,79.95,82.85,219442
GTPL,2018-09-05 09:15:00+05:30,88.55,88.55,80.1,81.3,105221
GTPL,2018-09-06 09:15:00+05:30,81.3,83.25,80.4,82.1,51754
GTPL,2018-09-07 09:15:00+05:30,82.15,84.1,79.95,80.7,249343
GTPL,2018-09-10 09:15:00+05:30,81.0,86.0,81.0,84.2,148222
GTPL,2018-09-11 09:15:00+05:30,82.15,84.15,79.35,80.4,94240
GTPL,2018-09-12 09:15:00+05:30,80.3,86.0,80.0,81.35,57815
GTPL,2018-09-14 09:16:00+05:30,81.35,85.0,80.95,81.95,51392
GTPL,2018-09-17 09:16:00+05:30,81.45,82.7,80.0,80.4,114405
GTPL,2018-09-18 09:15:00+05:30,80.45,81.95,79.6,79.7,21313
GTPL,2018-09-19 09:15:00+05:30,80.95,81.9,76.0,76.9,55541
GTPL,2018-09-21 09:15:00+05:30,77.6,79.0,68.05,71.3,93462
GTPL,2018-09-24 09:15:00+05:30,71.55,73.0,69.0,69.15,42540
GTPL,2018-09-25 09:16:00+05:30,68.1,71.3,68.1,68.9,28894
GTPL,2018-09-26 09:15:00+05:30,69.05,71.7,68.6,70.2,65777
GTPL,2018-09-27 09:16:00+05:30,69.1,77.0,56.9,65.9,387634
GTPL,2018-09-28 09:15:00+05:30,67.0,67.55,63.0,65.5,41133
GTPL,2018-10-01 09:17:00+05:30,62.4,64.95,61.45,63.15,31740
GTPL,2018-10-03 09:15:00+05:30,66.5,70.0,65.1,68.3,107179
GTPL,2018-10-04 09:15:00+05:30,69.75,69.75,64.5,65.15,108161
GTPL,2018-10-05 09:15:00+05:30,66.85,68.0,64.8,66.15,19279
GTPL,2018-10-08 09:16:00+05:30,66.0,66.75,62.0,64.65,19076
GTPL,2018-10-09 09:15:00+05:30,62.2,69.0,62.2,65.3,26558
GTPL,2018-10-10 09:15:00+05:30,65.0,69.0,64.35,67.9,19186
GTPL,2018-10-11 09:15:00+05:30,63.9,66.0,63.85,64.3,37597
GTPL,2018-10-12 09:15:00+05:30,64.85,69.0,64.75,67.9,23655
GTPL,2018-10-15 09:15:00+05:30,68.25,81.45,68.1,81.45,124744
GTPL,2018-10-16 09:15:00+05:30,91.05,97.7,91.05,97.7,368079
GTPL,2018-10-17 09:15:00+05:30,105.7,107.45,100.0,102.95,533685
GTPL,2018-10-19 09:15:00+05:30,99.0,99.0,92.7,92.7,42775
GTPL,2018-10-22 09:15:00+05:30,86.0,87.0,83.45,83.45,20660
GTPL,2018-10-23 09:15:00+05:30,76.1,88.55,76.1,83.25,139372
GTPL,2018-10-24 09:15:00+05:30,86.0,88.0,83.3,86.1,77307
GTPL,2018-10-25 09:15:00+05:30,85.7,87.0,81.7,85.95,50967
GTPL,2018-10-26 09:15:00+05:30,86.8,90.95,82.5,85.35,52677
GTPL,2018-10-29 09:19:00+05:30,86.95,92.4,85.65,88.8,42862
GTPL,2018-10-30 09:15:00+05:30,88.5,92.8,85.9,86.75,23693
GTPL,2018-10-31 09:18:00+05:30,86.55,88.0,82.5,86.7,12695
GTPL,2018-11-01 09:15:00+05:30,86.55,89.5,85.0,88.7,16952
GTPL,2018-11-02 09:15:00+05:30,88.95,92.3,88.0,90.05,17241
GTPL,2018-11-05 09:15:00+05:30,92.5,92.5,89.0,90.85,8029
GTPL,2018-11-06 09:15:00+05:30,90.05,93.0,90.0,90.65,7213
GTPL,2018-11-09 09:16:00+05:30,93.0,93.0,86.1,88.7,8585
GTPL,2018-11-12 09:15:00+05:30,90.0,93.0,88.55,89.5,4169
GTPL,2018-11-13 09:18:00+05:30,88.65,90.95,88.6,90.0,5422
GTPL,2018-11-14 09:19:00+05:30,91.0,91.0,87.3,90.35,5410
GTPL,2018-11-15 09:23:00+05:30,90.0,91.9,88.15,89.0,8363
GTPL,2018-11-16 09:15:00+05:30,88.5,93.0,88.3,92.9,24989
GTPL,2018-11-19 09:17:00+05:30,93.35,93.4,88.6,89.65,5733
GTPL,2018-11-20 09:15:00+05:30,89.0,90.5,88.0,88.4,3396
GTPL,2018-11-21 09:32:00+05:30,89.0,89.95,86.0,86.8,12678
GTPL,2018-11-22 09:36:00+05:30,88.0,91.0,85.15,88.2,17215
GTPL,2018-11-26 09:15:00+05:30,88.2,90.55,85.0,87.5,23847
GTPL,2018-11-27 09:24:00+05:30,86.1,88.0,86.0,86.3,5495
GTPL,2018-11-28 09:15:00+05:30,88.5,88.5,84.2,85.0,5918
GTPL,2018-11-29 09:29:00+05:30,85.3,85.3,82.95,84.2,6165
GTPL,2018-11-30 09:34:00+05:30,85.0,86.2,83.0,84.55,12982
GTPL,2018-12-03 00:00:00+05:30,84.0,84.85,82.0,83.15,5896
GTPL,2018-12-04 00:00:00+05:30,83.25,84.7,82.6,83.3,2881
GTPL,2018-12-05 00:00:00+05:30,83.85,84.3,82.0,82.85,4476
GTPL,2018-12-06 00:00:00+05:30,83.05,91.1,81.3,90.55,82323
GTPL,2018-12-07 00:00:00+05:30,90.55,90.55,82.1,83.1,23113
GTPL,2018-12-10 00:00:00+05:30,82.05,87.65,81.6,85.5,12303
GTPL,2018-12-11 00:00:00+05:30,83.0,84.9,82.0,83.15,11216
GTPL,2018-12-12 00:00:00+05:30,82.3,85.85,82.3,83.95,7645
GTPL,2018-12-13 00:00:00+05:30,84.75,84.9,83.25,84.2,4358
GTPL,2018-12-14 00:00:00+05:30,84.75,85.9,83.35,85.0,2747
GTPL,2018-12-17 00:00:00+05:30,84.0,85.95,83.6,83.7,4986
GTPL,2018-12-18 00:00:00+05:30,83.45,84.35,82.8,82.95,11319
GTPL,2018-12-19 00:00:00+05:30,83.8,84.5,83.0,84.3,4855
GTPL,2018-12-20 00:00:00+05:30,84.3,85.0,83.0,83.95,3368
GTPL,2018-12-21 00:00:00+05:30,83.95,87.0,83.4,85.7,10038
GTPL,2018-12-24 00:00:00+05:30,85.0,85.85,83.6,83.7,6047
GTPL,2018-12-26 00:00:00+05:30,84.75,84.85,83.1,84.05,1822
GTPL,2018-12-27 00:00:00+05:30,84.95,85.8,82.3,83.05,18863
GTPL,2018-12-28 00:00:00+05:30,83.95,91.7,82.6,89.3,44757
GTPL,2018-12-31 00:00:00+05:30,90.0,92.0,89.1,90.35,32586
GTPL,2019-01-01 00:00:00+05:30,90.05,91.0,83.0,84.95,34790
GTPL,2019-01-02 00:00:00+05:30,84.45,88.6,81.1,84.65,90191
GTPL,2019-01-03 00:00:00+05:30,84.05,88.0,83.0,85.45,14725
GTPL,2019-01-04 00:00:00+05:30,85.35,85.95,84.3,84.7,5466
GTPL,2019-01-07 00:00:00+05:30,85.45,85.9,84.05,84.25,4008
GTPL,2019-01-08 00:00:00+05:30,84.35,84.95,84.0,84.2,4636
GTPL,2019-01-09 00:00:00+05:30,85.0,85.65,83.3,83.85,3709
GTPL,2019-01-10 00:00:00+05:30,84.95,85.0,83.0,83.8,3602
GTPL,2019-01-11 00:00:00+05:30,83.25,84.95,83.15,83.6,2855
GTPL,2019-01-14 00:00:00+05:30,83.15,85.0,83.15,83.9,3689
GTPL,2019-01-15 00:00:00+05:30,84.05,86.05,84.0,84.25,18700
GTPL,2019-01-16 00:00:00+05:30,84.05,84.55,83.0,83.35,20412
GTPL,2019-01-17 00:00:00+05:30,83.55,84.7,83.5,84.3,2634
GTPL,2019-01-18 00:00:00+05:30,83.2,85.0,83.0,83.05,4039
GTPL,2019-01-21 00:00:00+05:30,82.1,84.9,82.1,82.55,4845
GTPL,2019-01-22 00:00:00+05:30,83.1,83.1,82.25,82.25,1501
GTPL,2019-01-23 00:00:00+05:30,83.1,83.95,82.25,82.55,3090
GTPL,2019-01-24 00:00:00+05:30,82.15,82.3,81.0,81.15,22440
GTPL,2019-01-25 00:00:00+05:30,82.0,82.9,81.05,81.3,2564
GTPL,2019-01-28 00:00:00+05:30,81.0,82.2,80.85,81.15,11000
GTPL,2019-01-29 00:00:00+05:30,80.3,81.4,80.3,81.15,50179
GTPL,2019-01-30 00:00:00+05:30,81.45,82.0,81.0,81.25,45588
GTPL,2019-01-31 00:00:00+05:30,82.95,82.95,81.0,81.4,2143
GTPL,2019-02-01 00:00:00+05:30,81.1,82.0,81.05,81.1,5168
GTPL,2019-02-04 00:00:00+05:30,82.55,82.55,81.1,81.45,5633
GTPL,2019-02-05 00:00:00+05:30,81.55,81.95,81.0,81.5,10129
GTPL,2019-02-06 00:00:00+05:30,82.5,82.5,81.0,81.5,14582
GTPL,2019-02-07 00:00:00+05:30,81.5,82.7,81.45,81.95,8444
GTPL,2019-02-08 00:00:00+05:30,84.0,84.0,81.5,81.6,26511
GTPL,2019-02-11 00:00:00+05:30,81.6,82.55,81.6,81.65,9705
GTPL,2019-02-12 00:00:00+05:30,81.65,82.7,81.65,81.9,26464
GTPL,2019-02-13 00:00:00+05:30,81.75,82.4,81.55,81.6,75943
GTPL,2019-02-14 00:00:00+05:30,82.4,82.4,81.75,81.85,6768
GTPL,2019-02-15 00:00:00+05:30,82.5,82.5,81.0,81.85,29009
GTPL,2019-02-18 00:00:00+05:30,82.0,82.0,81.7,81.8,4428
GTPL,2019-02-19 00:00:00+05:30,81.7,82.1,81.1,81.8,3047
GTPL,2019-02-20 00:00:00+05:30,82.3,82.35,81.3,81.65,5641
GTPL,2019-02-21 00:00:00+05:30,81.05,82.2,80.55,81.2,1794
GTPL,2019-02-22 00:00:00+05:30,80.65,81.95,80.55,81.15,1423
GTPL,2019-02-25 00:00:00+05:30,81.95,82.05,80.0,81.6,2432
GTPL,2019-02-26 00:00:00+05:30,80.05,82.0,80.0,81.15,3001
GTPL,2019-02-27 00:00:00+05:30,81.65,81.95,80.0,80.05,1558
GTPL,2019-02-28 00:00:00+05:30,81.0,82.65,78.0,79.15,6180
GTPL,2019-03-01 00:00:00+05:30,79.95,81.95,78.0,79.2,107135
GTPL,2019-03-05 00:00:00+05:30,79.55,81.9,79.0,80.4,6634
GTPL,2019-03-06 00:00:00+05:30,80.5,82.0,79.1,79.5,9053
GTPL,2019-03-07 00:00:00+05:30,79.95,80.95,79.1,79.1,2085
GTPL,2019-03-08 00:00:00+05:30,80.35,80.45,78.7,78.8,5110
GTPL,2019-03-11 00:00:00+05:30,79.0,83.0,79.0,80.5,598363
GTPL,2019-03-12 00:00:00+05:30,81.65,81.85,80.0,80.8,593487
GTPL,2019-03-13 00:00:00+05:30,81.8,81.9,79.1,80.25,171208
GTPL,2019-03-14 00:00:00+05:30,80.45,80.85,79.0,79.45,21465
GTPL,2019-03-15 00:00:00+05:30,80.8,80.8,69.95,73.65,344710
GTPL,2019-03-18 00:00:00+05:30,72.3,80.0,72.3,74.95,96969
GTPL,2019-03-19 00:00:00+05:30,74.5,75.8,73.55,74.5,5466
GTPL,2019-03-20 00:00:00+05:30,74.15,75.0,71.45,73.05,30945
GTPL,2019-03-22 00:00:00+05:30,73.95,73.95,70.0,70.55,17387
GTPL,2019-03-25 00:00:00+05:30,70.0,70.2,68.0,69.15,16358
GTPL,2019-03-26 00:00:00+05:30,68.8,71.0,68.8,69.3,28642
GTPL,2019-03-27 00:00:00+05:30,69.95,70.0,69.0,69.65,51439
GTPL,2019-03-28 00:00:00+05:30,69.0,70.5,68.55,68.9,23374
GTPL,2019-03-29 00:00:00+05:30,68.65,71.0,68.35,69.25,16498
GTPL,2019-04-01 00:00:00+05:30,69.7,71.9,69.3,70.5,9373
GTPL,2019-04-02 00:00:00+05:30,70.8,72.0,70.05,70.6,13378
GTPL,2019-04-03 00:00:00+05:30,70.6,72.25,70.5,70.75,2882
GTPL,2019-04-04 00:00:00+05:30,71.5,71.65,70.0,70.9,5165
GTPL,2019-04-05 00:00:00+05:30,71.6,72.0,70.2,72.0,3170
GTPL,2019-04-08 00:00:00+05:30,72.05,74.5,71.9,73.3,21362
GTPL,2019-04-09 00:00:00+05:30,72.35,73.5,70.65,71.05,11172
GTPL,2019-04-10 00:00:00+05:30,71.75,71.8,69.5,69.7,12975
GTPL,2019-04-11 00:00:00+05:30,70.4,70.4,68.0,69.25,13939
GTPL,2019-04-12 00:00:00+05:30,69.85,72.0,66.0,67.75,42597
GTPL,2019-04-15 00:00:00+05:30,69.0,71.05,67.9,69.9,57488
GTPL,2019-04-16 00:00:00+05:30,69.8,71.0,68.95,69.65,18246
GTPL,2019-04-18 00:00:00+05:30,70.1,70.1,67.5,68.35,12945
GTPL,2019-04-22 00:00:00+05:30,68.7,68.95,67.0,67.5,8052
GTPL,2019-04-23 00:00:00+05:30,67.4,67.95,66.15,66.85,12628
GTPL,2019-04-24 00:00:00+05:30,67.5,67.5,66.2,66.55,14492
GTPL,2019-04-25 00:00:00+05:30,66.65,66.65,64.5,65.0,9808
GTPL,2019-04-26 00:00:00+05:30,65.65,71.5,53.3,66.05,77011
GTPL,2019-04-30 00:00:00+05:30,66.7,67.0,63.4,64.55,20100
GTPL,2019-05-02 00:00:00+05:30,64.0,65.0,62.55,63.3,13915
GTPL,2019-05-03 00:00:00+05:30,63.3,65.0,60.05,62.0,10237
GTPL,2019-05-06 00:00:00+05:30,62.05,65.25,60.0,65.05,21815
GTPL,2019-05-07 00:00:00+05:30,64.35,65.15,61.15,62.55,3916
GTPL,2019-05-08 00:00:00+05:30,62.0,63.0,60.0,61.45,10096
GTPL,2019-05-09 00:00:00+05:30,61.0,63.0,61.0,61.5,4519
GTPL,2019-05-10 00:00:00+05:30,62.05,63.5,61.25,62.6,7115
GTPL,2019-05-13 00:00:00+05:30,61.15,63.25,60.1,60.6,6215
GTPL,2019-05-14 00:00:00+05:30,60.05,61.95,55.95,59.15,5947
GTPL,2019-05-15 00:00:00+05:30,59.5,59.7,56.95,57.95,4623
GTPL,2019-05-16 00:00:00+05:30,57.55,60.8,57.0,60.0,3915
GTPL,2019-05-17 00:00:00+05:30,59.55,60.8,59.5,60.15,5122
GTPL,2019-05-20 00:00:00+05:30,61.9,63.0,60.05,61.95,8201
GTPL,2019-05-21 00:00:00+05:30,61.6,65.0,61.55,64.0,15413
GTPL,2019-05-22 00:00:00+05:30,63.05,71.0,61.0,69.45,31224
GTPL,2019-05-23 00:00:00+05:30,69.5,72.45,65.3,67.3,18069
GTPL,2019-05-24 00:00:00+05:30,66.65,69.0,66.6,68.1,7508
GTPL,2019-05-27 00:00:00+05:30,69.05,69.05,65.2,68.05,34889
GTPL,2019-05-28 00:00:00+05:30,68.0,69.85,67.05,69.25,2546
GTPL,2019-05-29 00:00:00+05:30,68.05,69.0,66.3,67.9,16046
GTPL,2019-05-30 00:00:00+05:30,67.15,68.5,63.8,66.9,5033
GTPL,2019-05-31 00:00:00+05:30,66.95,68.55,66.95,68.1,3598
GTPL,2019-06-03 00:00:00+05:30,68.1,69.0,66.05,68.35,9591
GTPL,2019-06-04 00:00:00+05:30,68.05,68.05,66.0,67.25,3319
GTPL,2019-06-06 00:00:00+05:30,71.0,71.0,65.95,66.75,12088
GTPL,2019-06-07 00:00:00+05:30,65.45,67.85,65.0,66.15,10848
GTPL,2019-06-10 00:00:00+05:30,66.15,67.9,66.1,66.95,2750
GTPL,2019-06-11 00:00:00+05:30,67.75,67.75,65.1,65.45,1337
GTPL,2019-06-12 00:00:00+05:30,66.85,66.85,65.05,66.05,1951
GTPL,2019-06-13 00:00:00+05:30,65.05,65.95,64.0,64.5,1398
GTPL,2019-06-14 00:00:00+05:30,64.5,65.7,64.1,64.75,2476
GTPL,2019-06-17 00:00:00+05:30,64.05,64.85,63.0,63.1,1311
GTPL,2019-06-18 00:00:00+05:30,63.1,63.95,61.3,63.2,9393
GTPL,2019-06-19 00:00:00+05:30,63.05,63.85,56.1,58.8,6622
GTPL,2019-06-20 00:00:00+05:30,59.85,60.9,57.95,59.95,4890
GTPL,2019-06-21 00:00:00+05:30,60.0,60.9,59.1,60.6,1617
GTPL,2019-06-24 00:00:00+05:30,61.55,62.0,59.0,60.4,1802
GTPL,2019-06-25 00:00:00+05:30,59.1,59.3,58.0,58.3,5276
GTPL,2019-06-26 00:00:00+05:30,58.4,60.55,58.1,59.85,2468
GTPL,2019-06-27 00:00:00+05:30,61.0,61.0,56.6,57.05,20575
GTPL,2019-06-28 00:00:00+05:30,58.85,58.9,56.1,57.15,9811
GTPL,2019-07-01 00:00:00+05:30,63.0,63.0,56.2,57.05,10328
GTPL,2019-07-02 00:00:00+05:30,56.65,57.9,55.25,57.15,7598
GTPL,2019-07-03 00:00:00+05:30,56.0,57.85,54.15,54.95,18522
GTPL,2019-07-04 00:00:00+05:30,54.15,55.7,54.1,55.45,6572
GTPL,2019-07-05 00:00:00+05:30,55.9,61.95,55.5,55.95,24850
GTPL,2019-07-08 00:00:00+05:30,56.45,61.0,55.0,55.35,6550
GTPL,2019-07-09 00:00:00+05:30,55.05,59.0,54.5,56.35,8205
GTPL,2019-07-10 00:00:00+05:30,58.0,65.8,53.05,53.55,150560
GTPL,2019-07-11 00:00:00+05:30,60.85,64.25,60.0,64.25,942114
GTPL,2019-07-12 00:00:00+05:30,68.4,77.1,67.5,77.1,1526737
GTPL,2019-07-15 00:00:00+05:30,88.4,92.5,83.3,90.1,3077859
GTPL,2019-07-16 00:00:00+05:30,86.05,88.45,81.1,81.55,823969
GTPL,2019-07-17 00:00:00+05:30,80.0,89.7,75.1,88.7,533639
GTPL,2019-07-18 00:00:00+05:30,87.25,95.8,85.35,89.25,678801
GTPL,2019-07-19 00:00:00+05:30,89.0,91.8,84.55,89.3,243286
GTPL,2019-07-22 00:00:00+05:30,89.0,89.0,83.9,85.1,102115
GTPL,2019-07-23 00:00:00+05:30,85.9,87.8,81.1,85.85,93769
GTPL,2019-07-24 00:00:00+05:30,86.0,88.0,81.5,82.45,69642
GTPL,2019-07-25 00:00:00+05:30,82.1,84.0,79.0,80.0,60752
GTPL,2019-07-26 00:00:00+05:30,73.0,79.25,73.0,76.3,80089
GTPL,2019-07-29 00:00:00+05:30,73.6,74.95,70.6,74.3,58859
GTPL,2019-07-30 00:00:00+05:30,74.4,81.4,74.05,78.35,122002
GTPL,2019-07-31 00:00:00+05:30,78.3,83.5,75.0,80.75,94967
GTPL,2019-08-01 00:00:00+05:30,80.55,83.0,77.05,78.4,70181
GTPL,2019-08-02 00:00:00+05:30,78.9,81.5,76.1,79.6,41222
GTPL,2019-08-05 00:00:00+05:30,79.95,79.95,72.2,76.85,24191
GTPL,2019-08-06 00:00:00+05:30,76.95,79.4,76.25,77.45,31099
GTPL,2019-08-07 00:00:00+05:30,77.9,80.5,76.0,79.7,55365
GTPL,2019-08-08 00:00:00+05:30,79.0,80.85,78.3,79.15,20030
GTPL,2019-08-09 00:00:00+05:30,80.0,80.0,76.0,76.35,19201
GTPL,2019-08-13 00:00:00+05:30,77.0,80.95,74.0,74.7,76293
GTPL,2019-08-14 00:00:00+05:30,75.0,77.8,75.0,75.4,15722
GTPL,2019-08-16 00:00:00+05:30,76.0,78.0,74.1,75.65,17002
GTPL,2019-08-19 00:00:00+05:30,76.0,77.95,74.0,74.95,19102
GTPL,2019-08-20 00:00:00+05:30,75.0,75.5,73.1,73.65,14984
GTPL,2019-08-21 00:00:00+05:30,74.0,78.25,73.5,76.6,78507
GTPL,2019-08-22 00:00:00+05:30,77.8,79.0,73.1,76.35,77333
GTPL,2019-08-23 00:00:00+05:30,75.5,77.5,73.95,75.4,32442
GTPL,2019-08-26 00:00:00+05:30,77.0,77.5,73.0,73.5,23200
GTPL,2019-08-27 00:00:00+05:30,74.95,75.0,71.2,72.05,30725
GTPL,2019-08-28 00:00:00+05:30,72.75,79.25,72.0,76.5,208210
GTPL,2019-08-29 00:00:00+05:30,78.0,78.8,73.0,73.7,30304
GTPL,2019-08-30 00:00:00+05:30,74.0,74.8,73.0,73.5,14766
GTPL,2019-09-03 00:00:00+05:30,73.0,73.8,70.15,72.6,31757
GTPL,2019-09-04 00:00:00+05:30,72.95,74.0,71.1,71.7,10059
GTPL,2019-09-05 00:00:00+05:30,72.45,73.05,71.3,71.85,44811
GTPL,2019-09-06 00:00:00+05:30,72.5,73.35,71.45,71.85,31033
GTPL,2019-09-09 00:00:00+05:30,71.25,72.0,69.0,69.2,32400
GTPL,2019-09-11 00:00:00+05:30,69.25,71.9,69.25,70.5,23669
GTPL,2019-09-12 00:00:00+05:30,70.0,71.75,69.5,70.9,25489
GTPL,2019-09-13 00:00:00+05:30,69.95,72.5,69.5,71.55,37673
GTPL,2019-09-16 00:00:00+05:30,71.5,71.5,68.0,69.45,26558
GTPL,2019-09-17 00:00:00+05:30,69.95,70.9,67.05,67.9,19637
GTPL,2019-09-18 00:00:00+05:30,68.7,69.15,67.05,68.95,24029
GTPL,2019-09-19 00:00:00+05:30,68.95,69.45,67.5,68.05,19343
GTPL,2019-09-20 00:00:00+05:30,69.0,74.5,67.7,70.05,48689
GTPL,2019-09-23 00:00:00+05:30,70.05,74.0,70.0,70.3,31993
GTPL,2019-09-24 00:00:00+05:30,69.1,72.5,69.1,71.7,11808
GTPL,2019-09-25 00:00:00+05:30,71.5,71.5,70.0,70.3,11026
GTPL,2019-09-26 00:00:00+05:30,70.35,71.9,68.0,71.0,24326
GTPL,2019-09-27 00:00:00+05:30,70.15,71.7,69.3,71.35,12469
GTPL,2019-09-30 00:00:00+05:30,71.0,72.0,70.0,70.75,7867
GTPL,2019-10-01 00:00:00+05:30,71.4,71.85,69.0,70.0,14094
GTPL,2019-10-03 00:00:00+05:30,70.45,70.6,67.75,69.6,20456
GTPL,2019-10-04 00:00:00+05:30,70.0,70.8,68.9,69.6,33156
GTPL,2019-10-07 00:00:00+05:30,69.95,70.5,69.45,70.1,5542
GTPL,2019-10-09 00:00:00+05:30,70.85,80.25,69.3,73.4,153146
GTPL,2019-10-10 00:00:00+05:30,74.85,77.0,72.25,73.1,49783
GTPL,2019-10-11 00:00:00+05:30,74.05,78.1,73.0,74.3,55881
GTPL,2019-10-14 00:00:00+05:30,78.0,89.15,78.0,85.85,408732
GTPL,2019-10-15 00:00:00+05:30,90.0,91.95,73.4,77.75,982449
GTPL,2019-10-16 00:00:00+05:30,77.0,78.0,70.65,72.1,148287
GTPL,2019-10-17 00:00:00+05:30,75.0,75.0,71.0,72.35,76995
GTPL,2019-10-18 00:00:00+05:30,72.85,73.8,70.0,71.2,90055
GTPL,2019-10-22 00:00:00+05:30,71.3,73.95,69.05,70.15,45119
GTPL,2019-10-23 00:00:00+05:30,69.6,74.8,69.0,72.7,1172731
GTPL,2019-10-24 00:00:00+05:30,72.0,73.0,70.3,71.15,32055
GTPL,2019-10-25 00:00:00+05:30,70.0,71.4,69.5,69.65,23603
GTPL,2019-10-27 00:00:00+05:30,70.95,72.0,70.0,71.35,8530
GTPL,2019-10-29 00:00:00+05:30,71.95,72.85,70.0,72.45,30219
GTPL,2019-10-30 00:00:00+05:30,71.2,72.45,70.6,71.75,48425
GTPL,2019-10-31 00:00:00+05:30,71.65,73.0,70.0,72.55,42665
GTPL,2019-11-01 00:00:00+05:30,73.5,74.9,72.5,73.5,162904
GTPL,2019-11-04 00:00:00+05:30,74.95,75.0,72.85,74.5,31036
GTPL,2019-11-05 00:00:00+05:30,74.4,75.0,72.0,72.6,19731
GTPL,2019-11-06 00:00:00+05:30,72.7,73.4,71.0,71.4,12930
GTPL,2019-11-07 00:00:00+05:30,71.0,72.0,70.05,70.3,13281
GTPL,2019-11-08 00:00:00+05:30,71.0,73.0,70.1,70.8,20553
GTPL,2019-11-11 00:00:00+05:30,70.75,70.9,70.1,70.2,7154
GTPL,2019-11-13 00:00:00+05:30,70.05,71.65,65.0,67.15,35289
GTPL,2019-11-14 00:00:00+05:30,66.5,67.05,65.9,66.0,31427
GTPL,2019-11-15 00:00:00+05:30,66.05,66.8,65.3,65.5,12257
GTPL,2019-11-18 00:00:00+05:30,67.0,70.0,65.3,66.95,22735
GTPL,2019-11-19 00:00:00+05:30,65.35,67.0,65.35,65.9,26394
GTPL,2019-11-20 00:00:00+05:30,67.0,67.0,65.5,65.95,22520
GTPL,2019-11-21 00:00:00+05:30,67.0,67.0,65.55,65.85,145523
GTPL,2019-11-22 00:00:00+05:30,65.7,66.25,65.5,65.55,15694
GTPL,2019-11-25 00:00:00+05:30,65.9,66.85,65.6,66.4,28940
GTPL,2019-11-26 00:00:00+05:30,67.0,67.5,66.3,66.65,21168
GTPL,2019-11-27 00:00:00+05:30,66.65,67.95,66.5,67.65,11523
GTPL,2019-11-28 00:00:00+05:30,67.9,68.1,65.5,67.05,16144
GTPL,2019-11-29 00:00:00+05:30,67.85,67.9,66.85,67.2,10215
GTPL,2019-12-02 00:00:00+05:30,67.15,69.0,66.0,66.05,20853
GTPL,2019-12-03 00:00:00+05:30,66.25,67.0,65.5,65.5,10846
GTPL,2019-12-04 00:00:00+05:30,65.05,66.6,65.05,65.55,9858
GTPL,2019-12-05 00:00:00+05:30,66.0,66.7,65.4,66.15,9661
GTPL,2019-12-06 00:00:00+05:30,66.0,66.6,65.5,65.6,247241
GTPL,2019-12-09 00:00:00+05:30,65.55,67.0,65.0,66.0,413627
GTPL,2019-12-10 00:00:00+05:30,65.55,66.2,65.0,65.1,10560
GTPL,2019-12-11 00:00:00+05:30,64.3,65.15,63.5,63.95,23011
GTPL,2019-12-12 00:00:00+05:30,63.0,65.0,63.0,64.05,9486
GTPL,2019-12-13 00:00:00+05:30,63.75,67.0,63.65,64.3,117284
GTPL,2019-12-16 00:00:00+05:30,65.45,65.6,64.6,65.1,178167
GTPL,2019-12-17 00:00:00+05:30,65.15,67.05,64.75,66.3,23230
GTPL,2019-12-18 00:00:00+05:30,66.15,67.45,65.0,66.0,9205
GTPL,2019-12-19 00:00:00+05:30,65.35,67.0,65.05,66.05,4914
GTPL,2019-12-20 00:00:00+05:30,66.15,66.65,66.0,66.0,10963
GTPL,2019-12-23 00:00:00+05:30,65.1,66.7,65.05,66.15,7906
GTPL,2019-12-24 00:00:00+05:30,66.05,68.55,66.0,68.2,12776
GTPL,2019-12-26 00:00:00+05:30,69.0,72.0,68.5,70.85,38379
GTPL,2019-12-27 00:00:00+05:30,72.0,72.7,70.15,72.5,53759
GTPL,2019-12-30 00:00:00+05:30,73.0,73.75,72.1,73.0,7921
GTPL,2019-12-31 00:00:00+05:30,73.9,74.5,71.4,73.5,13951
GTPL,2020-01-01 00:00:00+05:30,73.15,77.75,73.05,77.15,38274
GTPL,2020-01-02 00:00:00+05:30,78.0,78.0,74.0,75.35,27387
GTPL,2020-01-03 00:00:00+05:30,75.65,75.9,73.5,74.0,25235
GTPL,2020-01-06 00:00:00+05:30,75.0,76.95,73.0,73.45,23297
GTPL,2020-01-07 00:00:00+05:30,74.0,76.9,73.55,76.2,28751
GTPL,2020-01-08 00:00:00+05:30,75.0,80.6,73.0,79.95,117048
GTPL,2020-01-09 00:00:00+05:30,81.0,82.6,80.5,81.25,222889
GTPL,2020-01-10 00:00:00+05:30,87.9,90.0,81.5,82.6,2039946
GTPL,2020-01-13 00:00:00+05:30,83.0,83.85,77.7,78.7,219848
GTPL,2020-01-14 00:00:00+05:30,79.55,79.55,74.75,75.5,170956
GTPL,2020-01-15 00:00:00+05:30,76.0,80.9,74.0,78.8,192037
GTPL,2020-01-16 00:00:00+05:30,78.0,80.5,77.4,78.85,89398
GTPL,2020-01-17 00:00:00+05:30,79.15,80.4,77.5,78.0,74603
GTPL,2020-01-20 00:00:00+05:30,78.1,79.0,76.0,76.9,52488
GTPL,2020-01-21 00:00:00+05:30,76.05,77.9,76.05,77.25,69046
GTPL,2020-01-22 00:00:00+05:30,78.0,78.45,75.0,75.3,61670
GTPL,2020-01-23 00:00:00+05:30,74.0,76.3,74.0,75.15,35330
GTPL,2020-01-24 00:00:00+05:30,74.1,76.05,74.1,74.55,42502
GTPL,2020-01-27 00:00:00+05:30,75.75,76.9,74.0,74.85,54166
GTPL,2020-01-28 00:00:00+05:30,75.45,75.5,73.0,73.25,26650
GTPL,2020-01-29 00:00:00+05:30,74.0,74.5,73.0,73.3,29854
GTPL,2020-01-30 00:00:00+05:30,73.45,73.8,72.65,73.0,23263
GTPL,2020-01-31 00:00:00+05:30,74.0,74.0,71.65,71.9,28468
GTPL,2020-02-01 00:00:00+05:30,72.15,72.15,70.0,70.05,40656
GTPL,2020-02-03 00:00:00+05:30,70.0,71.0,68.0,68.85,34854
GTPL,2020-02-04 00:00:00+05:30,68.1,76.0,68.1,74.55,74850
GTPL,2020-02-05 00:00:00+05:30,75.0,75.0,72.1,73.4,36555
GTPL,2020-02-06 00:00:00+05:30,73.4,73.9,71.7,72.25,44289
GTPL,2020-02-07 00:00:00+05:30,71.55,75.0,71.55,73.05,48532
GTPL,2020-02-10 00:00:00+05:30,73.9,73.9,71.55,71.9,26847
GTPL,2020-02-11 00:00:00+05:30,72.05,72.65,69.0,69.8,57027
GTPL,2020-02-12 00:00:00+05:30,69.0,71.2,69.0,69.95,34306
GTPL,2020-02-13 00:00:00+05:30,69.5,71.25,68.55,68.85,27211
GTPL,2020-02-14 00:00:00+05:30,68.85,70.5,68.0,68.55,32574
GTPL,2020-02-17 00:00:00+05:30,68.75,70.1,68.25,68.45,31615
GTPL,2020-02-18 00:00:00+05:30,71.0,77.0,70.5,71.1,303360
GTPL,2020-02-19 00:00:00+05:30,73.0,73.0,68.2,68.95,98902
GTPL,2020-02-20 00:00:00+05:30,69.85,70.35,68.05,68.5,36517
GTPL,2020-02-24 00:00:00+05:30,68.65,68.65,66.55,67.35,74482
GTPL,2020-02-25 00:00:00+05:30,68.35,68.45,66.0,66.75,37328
GTPL,2020-02-26 00:00:00+05:30,66.05,68.0,65.35,67.0,41363
GTPL,2020-02-27 00:00:00+05:30,66.95,67.0,65.3,65.9,15905
GTPL,2020-02-28 00:00:00+05:30,64.0,64.8,61.3,61.5,168035
GTPL,2020-03-02 00:00:00+05:30,62.5,62.85,60.55,61.1,35331
GTPL,2020-03-03 00:00:00+05:30,61.95,61.95,59.05,59.5,19715
GTPL,2020-03-04 00:00:00+05:30,59.55,60.5,58.5,58.9,17129
GTPL,2020-03-05 00:00:00+05:30,59.1,60.8,59.0,59.95,15248
GTPL,2020-03-06 00:00:00+05:30,59.0,59.0,57.1,58.65,31244
GTPL,2020-03-09 00:00:00+05:30,58.05,58.05,52.5,53.75,68924
GTPL,2020-03-11 00:00:00+05:30,53.75,55.35,53.55,54.65,71621
GTPL,2020-03-12 00:00:00+05:30,51.1,53.0,46.55,47.05,135579
GTPL,2020-03-13 00:00:00+05:30,44.1,47.0,38.05,45.75,147117
GTPL,2020-03-16 00:00:00+05:30,45.75,45.75,40.45,43.4,53390
GTPL,2020-03-17 00:00:00+05:30,43.75,47.9,42.0,44.5,49883
GTPL,2020-03-18 00:00:00+05:30,44.95,46.0,38.8,40.7,66596
GTPL,2020-03-19 00:00:00+05:30,40.75,40.75,38.25,39.95,50151
GTPL,2020-03-20 00:00:00+05:30,39.95,43.7,39.0,42.15,35373
GTPL,2020-03-23 00:00:00+05:30,40.0,40.0,33.75,33.85,99199
GTPL,2020-03-24 00:00:00+05:30,36.7,36.7,32.85,33.85,37054
GTPL,2020-03-25 00:00:00+05:30,33.0,36.7,32.35,35.15,50681
GTPL,2020-03-26 00:00:00+05:30,37.0,37.0,35.1,36.2,37856
GTPL,2020-03-27 00:00:00+05:30,37.45,40.0,36.25,37.2,42655
GTPL,2020-03-30 00:00:00+05:30,37.2,38.35,35.95,37.9,39371
GTPL,2020-03-31 00:00:00+05:30,39.0,44.0,37.55,41.75,37401
GTPL,2020-04-01 00:00:00+05:30,44.0,44.9,41.15,43.8,65937
GTPL,2020-04-03 00:00:00+05:30,43.35,47.35,43.0,45.8,135945
GTPL,2020-04-07 00:00:00+05:30,47.5,48.5,45.9,47.85,115415
GTPL,2020-04-08 00:00:00+05:30,49.95,49.95,46.8,48.55,116972
GTPL,2020-04-09 00:00:00+05:30,50.0,50.0,47.45,48.0,43147
GTPL,2020-04-13 00:00:00+05:30,46.1,53.0,46.1,51.65,76348
GTPL,2020-04-15 00:00:00+05:30,58.0,61.55,52.0,59.95,166052
GTPL,2020-04-16 00:00:00+05:30,60.0,60.95,55.1,59.9,84619
GTPL,2020-04-17 00:00:00+05:30,60.65,64.4,59.35,61.55,126103
GTPL,2020-04-20 00:00:00+05:30,61.95,63.8,61.65,62.7,101753
GTPL,2020-04-21 00:00:00+05:30,63.3,63.3,56.45,58.6,144735
GTPL,2020-04-22 00:00:00+05:30,54.5,57.0,52.75,52.75,326026
GTPL,2020-04-23 00:00:00+05:30,51.1,54.0,48.2,48.9,334719
GTPL,2020-04-24 00:00:00+05:30,48.5,49.0,46.5,47.7,100303
GTPL,2020-04-27 00:00:00+05:30,48.8,49.0,46.6,46.9,53489
GTPL,2020-04-28 00:00:00+05:30,47.9,47.9,45.75,46.1,49354
GTPL,2020-04-29 00:00:00+05:30,46.5,46.75,44.9,45.3,78790
GTPL,2020-04-30 00:00:00+05:30,47.5,47.55,45.55,47.45,84804
GTPL,2020-05-04 00:00:00+05:30,46.35,46.95,45.1,45.65,123727
GTPL,2020-05-05 00:00:00+05:30,46.0,46.5,44.25,44.75,50817
GTPL,2020-05-06 00:00:00+05:30,45.45,45.95,44.0,45.55,35120
GTPL,2020-05-07 00:00:00+05:30,45.05,46.0,43.85,44.1,132092
GTPL,2020-05-08 00:00:00+05:30,43.75,45.75,43.75,44.6,35697
GTPL,2020-05-11 00:00:00+05:30,45.75,45.75,43.0,43.25,55318
GTPL,2020-05-12 00:00:00+05:30,43.5,45.4,43.35,45.4,67772
GTPL,2020-05-13 00:00:00+05:30,47.65,47.65,45.5,46.3,128951
GTPL,2020-05-14 00:00:00+05:30,47.6,47.6,44.8,45.35,24282
GTPL,2020-05-15 00:00:00+05:30,46.0,46.0,44.75,45.5,12183
GTPL,2020-05-18 00:00:00+05:30,45.9,46.0,43.3,43.6,47802
GTPL,2020-05-19 00:00:00+05:30,43.6,44.8,42.5,42.75,46762
GTPL,2020-05-20 00:00:00+05:30,42.8,43.6,42.0,42.05,23228
GTPL,2020-05-21 00:00:00+05:30,41.15,42.65,41.15,41.95,18412
GTPL,2020-05-22 00:00:00+05:30,42.4,43.8,41.8,42.05,24412
GTPL,2020-05-26 00:00:00+05:30,42.0,42.8,41.0,41.75,17761
GTPL,2020-05-27 00:00:00+05:30,42.5,43.8,41.75,43.75,31100
GTPL,2020-05-28 00:00:00+05:30,44.0,45.75,42.6,43.4,25553
GTPL,2020-05-29 00:00:00+05:30,41.8,44.7,41.8,44.05,31626
GTPL,2020-06-01 00:00:00+05:30,44.05,45.7,43.45,44.6,34745
GTPL,2020-06-02 00:00:00+05:30,44.6,46.8,44.25,46.8,38379
GTPL,2020-06-03 00:00:00+05:30,49.1,49.1,48.15,48.7,59212
GTPL,2020-06-04 00:00:00+05:30,50.0,51.1,49.0,51.1,80028
GTPL,2020-06-05 00:00:00+05:30,52.0,53.65,52.0,53.65,72657
GTPL,2020-06-08 00:00:00+05:30,55.9,56.3,54.2,56.3,40237
GTPL,2020-06-09 00:00:00+05:30,59.1,59.1,54.1,56.3,217899
GTPL,2020-06-10 00:00:00+05:30,58.0,58.0,53.5,54.85,60578
GTPL,2020-06-11 00:00:00+05:30,52.5,57.55,52.5,56.15,68093
GTPL,2020-06-12 00:00:00+05:30,54.05,58.0,53.9,57.5,65736
GTPL,2020-06-15 00:00:00+05:30,59.0,59.95,57.1,57.75,61261
GTPL,2020-06-16 00:00:00+05:30,58.05,60.6,57.0,58.7,183353
GTPL,2020-06-17 00:00:00+05:30,60.0,60.95,57.6,57.9,81411
GTPL,2020-06-18 00:00:00+05:30,59.0,59.9,58.1,59.05,68206
GTPL,2020-06-19 00:00:00+05:30,60.0,62.0,59.1,62.0,62365
GTPL,2020-06-22 00:00:00+05:30,65.1,65.1,64.0,65.1,38634
GTPL,2020-06-23 00:00:00+05:30,68.35,68.35,68.35,68.35,13001
GTPL,2020-06-24 00:00:00+05:30,71.75,71.75,64.95,70.4,131486
GTPL,2020-06-25 00:00:00+05:30,73.8,73.9,67.1,70.75,256495
GTPL,2020-06-26 00:00:00+05:30,68.4,71.5,67.25,67.95,143772
GTPL,2020-06-29 00:00:00+05:30,65.1,70.0,64.8,68.95,81284
GTPL,2020-06-30 00:00:00+05:30,69.95,70.4,65.6,67.0,138144
GTPL,2020-07-01 00:00:00+05:30,68.05,68.5,66.3,66.6,34475
GTPL,2020-07-02 00:00:00+05:30,68.0,68.0,65.85,66.6,35595
GTPL,2020-07-03 00:00:00+05:30,66.6,69.9,66.55,69.75,131981
GTPL,2020-07-06 00:00:00+05:30,70.05,73.2,70.0,72.4,150068
GTPL,2020-07-07 00:00:00+05:30,72.0,73.5,70.25,71.0,53446
GTPL,2020-07-08 00:00:00+05:30,70.55,72.5,70.5,70.95,25843
GTPL,2020-07-09 00:00:00+05:30,70.5,71.95,69.65,70.05,34357
GTPL,2020-07-10 00:00:00+05:30,70.6,73.2,67.1,69.25,255960
GTPL,2020-07-13 00:00:00+05:30,71.35,72.5,70.15,71.6,96453
GTPL,2020-07-14 00:00:00+05:30,73.7,75.15,72.15,75.15,241594
GTPL,2020-07-15 00:00:00+05:30,76.0,78.9,72.0,73.1,343696
GTPL,2020-07-16 00:00:00+05:30,76.75,76.75,76.75,76.75,117707
GTPL,2020-07-17 00:00:00+05:30,80.55,80.55,74.35,76.65,433742
GTPL,2020-07-20 00:00:00+05:30,80.35,80.45,77.8,80.45,183393
GTPL,2020-07-21 00:00:00+05:30,84.45,84.45,84.45,84.45,62289
GTPL,2020-07-22 00:00:00+05:30,88.65,88.65,86.6,88.65,280481
GTPL,2020-07-23 00:00:00+05:30,89.45,91.95,85.3,90.1,425652
GTPL,2020-07-24 00:00:00+05:30,92.0,94.6,89.0,94.6,473672
GTPL,2020-07-27 00:00:00+05:30,95.8,96.0,89.9,89.9,300541
GTPL,2020-07-28 00:00:00+05:30,90.0,92.95,86.0,87.45,163002
GTPL,2020-07-29 00:00:00+05:30,88.0,88.0,83.6,84.8,86985
GTPL,2020-07-30 00:00:00+05:30,86.4,89.0,84.55,89.0,104025
GTPL,2020-07-31 00:00:00+05:30,90.0,92.75,84.55,85.25,195519
GTPL,2020-08-03 00:00:00+05:30,85.5,88.45,84.05,87.2,84170
GTPL,2020-08-04 00:00:00+05:30,87.2,91.55,85.9,89.5,168091
GTPL,2020-08-05 00:00:00+05:30,89.5,90.6,87.0,89.65,69707
GTPL,2020-08-06 00:00:00+05:30,89.2,91.6,88.05,89.85,67756
GTPL,2020-08-07 00:00:00+05:30,93.4,104.0,93.3,98.1,1329373
GTPL,2020-08-10 00:00:00+05:30,100.1,106.5,100.1,105.65,367856
GTPL,2020-08-11 00:00:00+05:30,108.95,108.95,101.25,102.2,174018
GTPL,2020-08-12 00:00:00+05:30,105.0,105.5,97.4,98.6,150676
GTPL,2020-08-13 00:00:00+05:30,98.6,103.4,98.5,101.6,133139
GTPL,2020-08-14 00:00:00+05:30,103.6,103.6,93.65,97.75,151902
GTPL,2020-08-17 00:00:00+05:30,101.0,101.0,98.0,99.9,82539
GTPL,2020-08-18 00:00:00+05:30,102.4,110.95,100.05,107.35,368321
GTPL,2020-08-19 00:00:00+05:30,108.0,108.45,100.05,105.55,201648
GTPL,2020-08-20 00:00:00+05:30,102.0,106.65,102.0,103.1,107045
GTPL,2020-08-21 00:00:00+05:30,103.35,104.7,102.0,102.5,80195
GTPL,2020-08-24 00:00:00+05:30,104.95,105.0,98.65,101.15,157477
GTPL,2020-08-25 00:00:00+05:30,101.15,103.9,99.25,103.3,128238
GTPL,2020-08-26 00:00:00+05:30,104.0,104.6,102.05,103.55,54310
GTPL,2020-08-27 00:00:00+05:30,105.0,108.45,102.7,106.4,135024
GTPL,2020-08-28 00:00:00+05:30,106.6,107.7,103.0,103.55,58987
GTPL,2020-08-31 00:00:00+05:30,107.8,107.8,94.0,98.45,126087
GTPL,2020-09-01 00:00:00+05:30,98.05,103.0,85.7,91.9,148334
GTPL,2020-09-02 00:00:00+05:30,92.2,100.0,92.2,98.0,59445
GTPL,2020-09-03 00:00:00+05:30,99.3,101.75,96.0,96.2,55710
GTPL,2020-09-04 00:00:00+05:30,92.8,96.0,92.4,94.55,29103
GTPL,2020-09-07 00:00:00+05:30,95.0,96.3,91.9,92.3,41905
GTPL,2020-09-08 00:00:00+05:30,92.4,94.95,91.0,91.75,37782
GTPL,2020-09-09 00:00:00+05:30,91.75,93.0,85.0,86.1,105272
GTPL,2020-09-10 00:00:00+05:30,90.8,93.6,87.55,90.95,72715
GTPL,2020-09-11 00:00:00+05:30,91.15,95.45,91.15,92.95,46391
GTPL,2020-09-14 00:00:00+05:30,94.7,96.45,93.0,93.35,34453
GTPL,2020-09-15 00:00:00+05:30,96.45,96.45,91.5,92.85,35722
GTPL,2020-09-16 00:00:00+05:30,96.1,97.0,93.0,93.75,73108
GTPL,2020-09-17 00:00:00+05:30,93.8,95.3,91.5,92.15,37953
GTPL,2020-09-18 00:00:00+05:30,94.0,94.4,92.25,93.45,25331
GTPL,2020-09-21 00:00:00+05:30,94.0,94.7,87.65,89.4,37336
GTPL,2020-09-22 00:00:00+05:30,89.0,98.0,85.0,90.85,111080
GTPL,2020-09-23 00:00:00+05:30,90.5,91.65,86.55,87.35,42438
GTPL,2020-09-24 00:00:00+05:30,86.0,86.9,83.55,84.75,42748
GTPL,2020-09-25 00:00:00+05:30,86.0,87.7,85.4,86.55,30041
GTPL,2020-09-28 00:00:00+05:30,86.95,90.0,86.0,87.85,20865
GTPL,2020-09-29 00:00:00+05:30,88.55,89.2,86.8,87.0,15491
GTPL,2020-09-30 00:00:00+05:30,87.95,88.8,86.0,86.3,19204
GTPL,2020-10-01 00:00:00+05:30,86.3,88.5,86.0,87.8,29940
GTPL,2020-10-05 00:00:00+05:30,87.8,92.65,87.05,92.05,47607
GTPL,2020-10-06 00:00:00+05:30,93.0,110.45,93.0,110.45,562247
GTPL,2020-10-07 00:00:00+05:30,115.9,125.0,100.3,102.9,1487206
GTPL,2020-10-08 00:00:00+05:30,102.0,119.5,102.0,116.75,974186
GTPL,2020-10-09 00:00:00+05:30,118.0,119.5,112.1,116.85,469058
GTPL,2020-10-12 00:00:00+05:30,123.9,140.2,121.0,137.35,3796401
GTPL,2020-10-13 00:00:00+05:30,129.9,133.0,125.0,125.6,775751
GTPL,2020-10-14 00:00:00+05:30,124.75,129.85,120.1,127.2,422937
GTPL,2020-10-15 00:00:00+05:30,128.6,129.5,121.2,121.85,280302
GTPL,2020-10-16 00:00:00+05:30,123.9,128.0,120.9,123.6,167691
GTPL,2020-10-19 00:00:00+05:30,124.0,126.45,120.1,121.3,166598
GTPL,2020-10-20 00:00:00+05:30,123.8,123.8,115.35,118.15,213683
GTPL,2020-10-21 00:00:00+05:30,119.2,122.65,115.15,119.35,244566
GTPL,2020-10-22 00:00:00+05:30,119.35,121.3,115.65,119.05,188839
GTPL,2020-10-23 00:00:00+05:30,122.0,122.0,117.0,118.05,114743
GTPL,2020-10-26 00:00:00+05:30,119.95,121.4,117.45,119.0,166888
GTPL,2020-10-27 00:00:00+05:30,120.0,120.0,115.0,115.9,128798
GTPL,2020-10-28 00:00:00+05:30,115.05,118.15,112.5,113.2,212953
GTPL,2020-10-29 00:00:00+05:30,110.95,115.05,110.95,111.9,58781
GTPL,2020-10-30 00:00:00+05:30,111.6,114.9,111.5,114.05,73378
GTPL,2020-11-02 00:00:00+05:30,115.8,116.7,110.95,112.45,63864
GTPL,2020-11-03 00:00:00+05:30,114.0,117.2,112.2,116.25,90573
GTPL,2020-11-04 00:00:00+05:30,116.25,116.25,111.7,112.3,55806
GTPL,2020-11-05 00:00:00+05:30,112.2,115.0,112.2,114.15,58696
GTPL,2020-11-06 00:00:00+05:30,112.3,116.1,112.3,113.55,74884
GTPL,2020-11-09 00:00:00+05:30,116.0,118.0,113.6,117.35,93902
GTPL,2020-11-10 00:00:00+05:30,117.85,118.0,112.5,113.1,68352
GTPL,2020-11-11 00:00:00+05:30,113.95,115.0,111.1,112.45,66503
GTPL,2020-11-12 00:00:00+05:30,113.9,114.3,111.3,112.4,46811
GTPL,2020-11-13 00:00:00+05:30,112.35,113.9,111.35,112.9,28134
GTPL,2020-11-14 00:00:00+05:30,115.6,118.0,111.0,115.4,29915
GTPL,2020-11-17 00:00:00+05:30,116.8,117.35,112.4,113.35,65510
GTPL,2020-11-18 00:00:00+05:30,113.6,124.65,113.0,124.65,253040
GTPL,2020-11-19 00:00:00+05:30,127.0,134.8,119.5,121.1,475574
GTPL,2020-11-20 00:00:00+05:30,126.7,127.0,122.0,123.3,139176
GTPL,2020-11-23 00:00:00+05:30,122.0,125.75,119.35,125.15,138868
GTPL,2020-11-24 00:00:00+05:30,125.85,126.5,121.3,122.65,54957
GTPL,2020-11-25 00:00:00+05:30,120.85,125.8,118.6,119.2,108409
GTPL,2020-11-26 00:00:00+05:30,119.2,121.8,119.2,120.35,31693
GTPL,2020-11-27 00:00:00+05:30,121.0,123.0,119.0,120.35,51838
GTPL,2020-12-01 00:00:00+05:30,120.45,122.7,119.65,120.15,77543
GTPL,2020-12-02 00:00:00+05:30,120.8,121.75,120.05,120.35,29040
GTPL,2020-12-03 00:00:00+05:30,121.0,128.4,120.6,124.85,150623
GTPL,2020-12-04 00:00:00+05:30,124.85,128.0,122.25,124.7,121147
GTPL,2020-12-07 00:00:00+05:30,124.7,132.2,124.7,127.2,188225
GTPL,2020-12-08 00:00:00+05:30,128.75,128.95,122.0,124.1,124030
GTPL,2020-12-09 00:00:00+05:30,124.75,134.8,120.0,129.85,518311
GTPL,2020-12-10 00:00:00+05:30,135.0,139.0,130.0,132.9,401262
GTPL,2020-12-11 00:00:00+05:30,133.9,134.8,127.5,128.25,144899
GTPL,2020-12-14 00:00:00+05:30,129.8,132.7,124.3,125.4,151477
GTPL,2020-12-15 00:00:00+05:30,126.45,127.75,123.3,123.8,127887
GTPL,2020-12-16 00:00:00+05:30,124.45,127.6,123.75,124.35,101604
GTPL,2020-12-17 00:00:00+05:30,126.0,126.3,122.1,122.85,77480
GTPL,2020-12-18 00:00:00+05:30,122.85,124.0,119.3,121.2,78737
GTPL,2020-12-21 00:00:00+05:30,115.5,119.75,112.6,115.65,142706
GTPL,2020-12-22 00:00:00+05:30,116.25,120.35,111.65,115.45,164515
GTPL,2020-12-23 00:00:00+05:30,116.05,129.9,116.05,125.7,868296
GTPL,2020-12-24 00:00:00+05:30,132.0,134.7,127.2,127.95,251622
GTPL,2020-12-28 00:00:00+05:30,127.0,127.9,124.35,125.65,91240
GTPL,2020-12-29 00:00:00+05:30,126.3,127.0,122.2,124.15,53018
GTPL,2020-12-30 00:00:00+05:30,124.15,124.95,120.6,124.4,49138
GTPL,2020-12-31 00:00:00+05:30,124.4,135.0,124.35,133.8,491811
GTPL,2021-01-01 00:00:00+05:30,133.8,139.7,132.3,137.25,298537
GTPL,2021-01-04 00:00:00+05:30,137.95,138.8,133.55,134.2,150678
GTPL,2021-01-05 00:00:00+05:30,130.1,133.9,130.1,130.8,113515
GTPL,2021-01-06 00:00:00+05:30,131.0,152.5,130.25,143.15,1231574
GTPL,2021-01-07 00:00:00+05:30,149.0,151.8,145.0,146.35,392783
GTPL,2021-01-08 00:00:00+05:30,147.45,162.0,146.95,154.25,1016291
GTPL,2021-01-11 00:00:00+05:30,156.0,163.0,155.2,160.15,569082
GTPL,2021-01-12 00:00:00+05:30,160.15,162.35,150.1,151.45,584349
GTPL,2021-01-13 00:00:00+05:30,152.8,161.95,149.1,156.55,732766
GTPL,2021-01-14 00:00:00+05:30,152.0,152.0,132.5,140.6,667550
GTPL,2021-01-15 00:00:00+05:30,143.0,143.0,137.1,139.2,272231
GTPL,2021-01-18 00:00:00+05:30,136.5,141.0,131.5,133.75,290091
GTPL,2021-01-19 00:00:00+05:30,137.8,137.8,132.2,132.85,213269
GTPL,2021-01-20 00:00:00+05:30,133.7,144.0,133.65,138.2,369747
GTPL,2021-01-21 00:00:00+05:30,140.45,144.9,134.0,135.8,204026
GTPL,2021-01-22 00:00:00+05:30,135.85,136.9,131.1,132.6,103450
GTPL,2021-01-25 00:00:00+05:30,133.2,133.7,126.0,126.65,129096
GTPL,2021-01-27 00:00:00+05:30,127.65,129.45,118.5,120.05,170581
GTPL,2021-01-28 00:00:00+05:30,120.7,127.8,119.15,125.75,147642
GTPL,2021-01-29 00:00:00+05:30,129.95,132.5,125.65,127.2,180014
GTPL,2021-02-01 00:00:00+05:30,127.2,138.6,121.8,136.15,329120
GTPL,2021-02-02 00:00:00+05:30,137.25,138.0,131.65,135.6,118599
GTPL,2021-02-03 00:00:00+05:30,136.7,138.1,133.7,134.75,73883
GTPL,2021-02-04 00:00:00+05:30,135.0,140.0,134.45,136.05,90586
GTPL,2021-02-05 00:00:00+05:30,136.75,137.7,132.7,133.35,68803
GTPL,2021-02-08 00:00:00+05:30,134.05,135.25,127.7,128.95,103227
GTPL,2021-02-09 00:00:00+05:30,130.9,134.55,129.8,132.2,152383
GTPL,2021-02-10 00:00:00+05:30,132.9,135.0,131.0,132.45,118374
GTPL,2021-02-11 00:00:00+05:30,132.5,135.0,131.1,131.85,62836
GTPL,2021-02-12 00:00:00+05:30,131.8,134.35,130.5,133.3,54830
GTPL,2021-02-15 00:00:00+05:30,133.3,133.3,129.4,130.1,81876
GTPL,2021-02-16 00:00:00+05:30,130.8,131.7,128.0,128.85,59496
GTPL,2021-02-17 00:00:00+05:30,129.5,130.3,125.5,127.15,125959
GTPL,2021-02-18 00:00:00+05:30,127.8,129.7,123.0,124.45,144186
GTPL,2021-02-19 00:00:00+05:30,125.0,128.7,124.6,125.7,80568
GTPL,2021-02-22 00:00:00+05:30,126.35,126.35,122.55,123.85,79260
GTPL,2021-02-23 00:00:00+05:30,122.6,126.0,122.6,123.55,43763
GTPL,2021-02-24 00:00:00+05:30,124.2,125.5,122.35,123.0,37338
GTPL,2021-02-25 00:00:00+05:30,124.9,127.95,123.7,125.2,121134
GTPL,2021-02-26 00:00:00+05:30,124.1,125.55,122.0,122.25,71332
GTPL,2021-03-01 00:00:00+05:30,124.0,127.55,122.0,123.55,183292
GTPL,2021-03-02 00:00:00+05:30,122.5,126.0,122.5,125.1,86874
GTPL,2021-03-03 00:00:00+05:30,126.95,127.9,125.0,125.3,89400
GTPL,2021-03-04 00:00:00+05:30,124.55,126.95,124.05,125.65,50083
GTPL,2021-03-05 00:00:00+05:30,123.4,127.25,122.15,123.0,116810
GTPL,2021-03-08 00:00:00+05:30,123.65,128.4,122.8,126.7,98397
GTPL,2021-03-09 00:00:00+05:30,127.9,131.5,125.7,126.5,244898
GTPL,2021-03-10 00:00:00+05:30,127.4,129.0,125.05,125.55,60085
GTPL,2021-03-12 00:00:00+05:30,127.3,127.5,123.55,123.95,69798
GTPL,2021-03-15 00:00:00+05:30,125.35,125.35,113.5,119.7,193705
GTPL,2021-03-16 00:00:00+05:30,121.6,121.6,117.3,118.15,92603
GTPL,2021-03-17 00:00:00+05:30,118.0,119.4,113.05,116.9,142067
GTPL,2021-03-18 00:00:00+05:30,117.35,120.45,114.9,117.3,90815
GTPL,2021-03-19 00:00:00+05:30,117.5,118.45,113.6,116.75,86907
GTPL,2021-03-22 00:00:00+05:30,118.0,118.0,112.9,114.5,102980
GTPL,2021-03-23 00:00:00+05:30,113.5,116.5,113.05,115.15,47316
GTPL,2021-03-24 00:00:00+05:30,114.9,115.85,112.0,112.95,61844
GTPL,2021-03-25 00:00:00+05:30,114.0,115.9,110.0,111.8,68603
GTPL,2021-03-26 00:00:00+05:30,113.8,113.8,109.95,110.4,76726
GTPL,2021-03-30 00:00:00+05:30,110.45,112.8,110.45,111.65,69111
GTPL,2021-03-31 00:00:00+05:30,110.6,121.0,110.6,119.75,157476
GTPL,2021-04-01 00:00:00+05:30,123.6,125.75,121.15,124.55,121598
GTPL,2021-04-05 00:00:00+05:30,126.0,126.0,118.8,121.25,48683
GTPL,2021-04-06 00:00:00+05:30,123.9,125.5,120.55,120.9,54302
GTPL,2021-04-07 00:00:00+05:30,121.35,124.85,120.0,121.05,60600
GTPL,2021-04-08 00:00:00+05:30,121.15,123.9,119.6,120.35,41824
GTPL,2021-04-09 00:00:00+05:30,120.0,131.0,118.45,127.4,164290
GTPL,2021-04-12 00:00:00+05:30,128.4,128.4,119.0,121.4,169656
GTPL,2021-04-13 00:00:00+05:30,122.0,126.4,121.55,124.7,81221
GTPL,2021-04-15 00:00:00+05:30,125.0,127.35,122.0,124.65,81815
GTPL,2021-04-16 00:00:00+05:30,128.0,135.25,125.55,131.0,863007
GTPL,2021-04-19 00:00:00+05:30,130.5,138.0,126.0,136.6,454308
GTPL,2021-04-20 00:00:00+05:30,139.95,141.65,130.4,132.05,203859
GTPL,2021-04-22 00:00:00+05:30,133.0,137.0,131.0,134.2,200847
GTPL,2021-04-23 00:00:00+05:30,136.5,136.5,132.0,132.2,99495
GTPL,2021-04-26 00:00:00+05:30,129.0,133.45,128.95,129.45,114410
GTPL,2021-04-27 00:00:00+05:30,128.1,131.5,127.55,128.8,94985
GTPL,2021-04-28 00:00:00+05:30,131.45,131.6,128.55,130.8,158979
GTPL,2021-04-29 00:00:00+05:30,132.0,132.0,128.2,130.45,118340
GTPL,2021-04-30 00:00:00+05:30,130.0,130.15,127.75,129.0,54596
GTPL,2021-05-03 00:00:00+05:30,129.0,137.35,127.75,132.25,105197
GTPL,2021-05-04 00:00:00+05:30,134.0,135.4,128.85,131.05,82740
GTPL,2021-05-05 00:00:00+05:30,134.0,137.5,131.05,136.8,151256
GTPL,2021-05-06 00:00:00+05:30,136.8,139.35,134.9,136.25,99723
GTPL,2021-05-07 00:00:00+05:30,138.95,138.95,135.2,137.4,64399
GTPL,2021-05-10 00:00:00+05:30,138.0,143.7,138.0,139.1,159614
GTPL,2021-05-11 00:00:00+05:30,144.0,144.0,138.0,139.0,620617
GTPL,2021-05-12 00:00:00+05:30,140.95,141.1,136.65,137.05,48096
GTPL,2021-05-14 00:00:00+05:30,137.1,139.0,134.9,135.75,61908
GTPL,2021-05-17 00:00:00+05:30,140.5,143.0,137.35,139.5,58176
GTPL,2021-05-18 00:00:00+05:30,140.5,141.85,137.35,137.55,65184
GTPL,2021-05-19 00:00:00+05:30,138.9,144.85,138.05,142.8,145788
GTPL,2021-05-20 00:00:00+05:30,143.7,144.75,138.65,143.1,80383
GTPL,2021-05-21 00:00:00+05:30,143.1,148.85,142.8,146.35,172517
GTPL,2021-05-24 00:00:00+05:30,146.55,149.5,146.3,147.65,78086
GTPL,2021-05-25 00:00:00+05:30,149.75,149.8,146.15,146.4,76788
GTPL,2021-05-26 00:00:00+05:30,149.4,149.4,146.0,146.3,40662
GTPL,2021-05-27 00:00:00+05:30,146.3,149.5,145.05,145.2,42442
GTPL,2021-05-28 00:00:00+05:30,146.75,146.75,142.25,142.55,65798
GTPL,2021-05-31 00:00:00+05:30,144.25,144.45,137.45,138.3,137582
GTPL,2021-06-01 00:00:00+05:30,141.6,141.65,137.0,137.45,49871
GTPL,2021-06-02 00:00:00+05:30,136.85,161.5,136.85,156.8,591866
GTPL,2021-06-03 00:00:00+05:30,158.5,176.5,157.0,163.5,930954
GTPL,2021-06-04 00:00:00+05:30,165.0,179.8,165.0,169.2,653858
GTPL,2021-06-07 00:00:00+05:30,175.0,177.85,169.35,173.15,264715
GTPL,2021-06-08 00:00:00+05:30,173.0,174.55,164.05,170.45,122809
GTPL,2021-06-09 00:00:00+05:30,171.5,173.95,167.7,171.3,222497
GTPL,2021-06-10 00:00:00+05:30,171.0,191.5,170.05,181.15,809492
GTPL,2021-06-11 00:00:00+05:30,182.5,189.7,177.0,180.55,269790
GTPL,2021-06-14 00:00:00+05:30,182.0,182.0,168.8,173.0,165785
GTPL,2021-06-15 00:00:00+05:30,174.0,178.45,170.8,171.4,105174
GTPL,2021-06-16 00:00:00+05:30,169.5,172.8,165.25,167.25,101486
GTPL,2021-06-17 00:00:00+05:30,168.0,174.75,165.05,167.0,118183
GTPL,2021-06-18 00:00:00+05:30,168.45,169.7,157.45,160.05,188629
GTPL,2021-06-21 00:00:00+05:30,162.7,175.2,158.7,172.8,174750
GTPL,2021-06-22 00:00:00+05:30,175.1,175.95,171.0,172.35,115470
GTPL,2021-06-23 00:00:00+05:30,173.0,174.35,168.95,170.2,56170
GTPL,2021-06-24 00:00:00+05:30,171.5,175.0,166.0,167.35,56635
GTPL,2021-06-25 00:00:00+05:30,168.95,172.45,166.45,170.9,47723
GTPL,2021-06-28 00:00:00+05:30,172.0,175.0,170.3,173.75,78823
GTPL,2021-06-29 00:00:00+05:30,175.65,182.85,172.85,181.2,258496
GTPL,2021-06-30 00:00:00+05:30,182.65,188.0,180.1,182.9,238478
GTPL,2021-07-01 00:00:00+05:30,184.0,186.55,180.0,181.6,80959
GTPL,2021-07-02 00:00:00+05:30,183.5,189.9,182.0,183.6,219578
GTPL,2021-07-05 00:00:00+05:30,189.4,189.4,180.3,182.55,97053
GTPL,2021-07-06 00:00:00+05:30,183.95,184.2,176.0,176.9,70139
GTPL,2021-07-07 00:00:00+05:30,178.6,186.9,177.8,183.0,189091
GTPL,2021-07-08 00:00:00+05:30,184.95,186.5,176.5,178.35,93303
GTPL,2021-07-09 00:00:00+05:30,178.5,186.35,175.8,184.25,98579
GTPL,2021-07-12 00:00:00+05:30,186.7,195.0,186.7,189.2,419239
GTPL,2021-07-13 00:00:00+05:30,193.45,194.95,191.0,192.3,205273
GTPL,2021-07-14 00:00:00+05:30,194.7,206.0,194.7,204.2,686170
GTPL,2021-07-15 00:00:00+05:30,206.7,206.7,198.45,200.6,283727
GTPL,2021-07-16 00:00:00+05:30,201.7,206.0,199.0,200.45,186856
GTPL,2021-07-19 00:00:00+05:30,200.45,205.0,180.8,184.45,625661
GTPL,2021-07-20 00:00:00+05:30,187.25,187.25,177.4,181.85,291292
GTPL,2021-07-22 00:00:00+05:30,182.0,187.5,181.85,186.5,148971
GTPL,2021-07-23 00:00:00+05:30,188.95,188.95,184.05,185.5,128136
GTPL,2021-07-26 00:00:00+05:30,186.5,187.8,184.35,186.2,106324
GTPL,2021-07-27 00:00:00+05:30,186.2,188.6,184.95,185.25,70507
GTPL,2021-07-28 00:00:00+05:30,185.15,188.15,183.15,187.3,93948
GTPL,2021-07-29 00:00:00+05:30,186.95,193.25,186.95,192.8,116923
GTPL,2021-07-30 00:00:00+05:30,192.8,196.85,190.95,191.5,101379
GTPL,2021-08-02 00:00:00+05:30,192.35,196.4,192.05,195.75,77428
GTPL,2021-08-03 00:00:00+05:30,196.0,201.8,195.45,200.35,206294
GTPL,2021-08-04 00:00:00+05:30,201.3,204.35,198.15,199.85,100219
GTPL,2021-08-05 00:00:00+05:30,201.15,203.55,197.25,201.1,126209
GTPL,2021-08-06 00:00:00+05:30,202.7,204.0,199.05,202.1,87651
GTPL,2021-08-09 00:00:00+05:30,202.0,230.0,200.55,225.3,1303157
GTPL,2021-08-10 00:00:00+05:30,230.5,238.95,207.9,216.55,1380158
GTPL,2021-08-11 00:00:00+05:30,218.5,219.45,204.0,212.45,250372
GTPL,2021-08-12 00:00:00+05:30,213.5,228.5,213.5,221.5,271949
GTPL,2021-08-13 00:00:00+05:30,223.5,250.0,218.1,240.9,545942
GTPL,2021-08-16 00:00:00+05:30,249.7,255.95,240.05,241.9,532060
GTPL,2021-08-17 00:00:00+05:30,239.5,239.65,224.75,229.35,234084
GTPL,2021-08-18 00:00:00+05:30,229.35,236.75,223.5,225.2,166498
GTPL,2021-08-20 00:00:00+05:30,223.0,225.2,215.45,217.3,128652
GTPL,2021-08-23 00:00:00+05:30,221.6,221.85,210.65,211.1,113707
GTPL,2021-08-24 00:00:00+05:30,215.0,248.55,213.95,230.05,524429
GTPL,2021-08-25 00:00:00+05:30,233.05,237.5,225.0,225.3,93173
GTPL,2021-08-26 00:00:00+05:30,225.05,228.7,222.65,223.5,71550
GTPL,2021-08-27 00:00:00+05:30,222.65,225.1,220.4,221.5,62469
GTPL,2021-08-30 00:00:00+05:30,222.0,231.0,222.0,229.95,113836
GTPL,2021-08-31 00:00:00+05:30,230.0,234.0,225.1,230.4,100275
GTPL,2021-09-01 00:00:00+05:30,232.25,233.0,225.0,226.05,49005
GTPL,2021-09-02 00:00:00+05:30,226.05,226.05,219.4,219.85,78380
GTPL,2021-09-03 00:00:00+05:30,221.15,225.3,219.4,220.45,64061
GTPL,2021-09-06 00:00:00+05:30,224.5,230.0,220.15,221.4,84889
GTPL,2021-09-07 00:00:00+05:30,224.8,224.8,219.9,220.25,42974
GTPL,2021-09-08 00:00:00+05:30,224.0,224.3,220.0,220.8,29483
GTPL,2021-09-09 00:00:00+05:30,219.65,235.0,219.65,228.6,221923
GTPL,2021-09-13 00:00:00+05:30,231.0,231.85,226.65,230.45,174434
GTPL,2021-09-14 00:00:00+05:30,232.95,235.0,228.65,231.35,154985
GTPL,2021-09-15 00:00:00+05:30,234.7,241.0,231.5,239.45,306273
GTPL,2021-09-16 00:00:00+05:30,241.9,245.5,236.0,237.05,152681
GTPL,2021-09-17 00:00:00+05:30,237.2,238.9,228.0,236.1,83168
GTPL,2021-09-20 00:00:00+05:30,239.0,239.0,212.8,221.8,82473
GTPL,2021-09-21 00:00:00+05:30,221.95,229.7,216.1,228.25,120692
GTPL,2021-09-22 00:00:00+05:30,229.0,234.15,223.0,225.8,79778
GTPL,2021-09-23 00:00:00+05:30,231.0,233.0,225.0,227.35,71412
GTPL,2021-09-24 00:00:00+05:30,229.5,229.6,220.55,223.65,60818
GTPL,2021-09-27 00:00:00+05:30,221.5,226.0,220.1,222.9,46595
GTPL,2021-09-28 00:00:00+05:30,224.05,237.0,220.7,232.95,140404
GTPL,2021-09-29 00:00:00+05:30,237.0,243.4,233.0,241.7,256061
GTPL,2021-09-30 00:00:00+05:30,242.95,259.0,238.5,254.25,331385
GTPL,2021-10-01 00:00:00+05:30,256.0,305.1,242.55,293.6,3373182
GTPL,2021-10-04 00:00:00+05:30,300.0,301.95,283.0,289.4,858255
GTPL,2021-10-05 00:00:00+05:30,289.9,299.6,282.0,285.85,413368
GTPL,2021-10-06 00:00:00+05:30,287.0,299.5,285.55,288.25,292212
GTPL,2021-10-07 00:00:00+05:30,289.0,313.9,289.0,303.5,534851
GTPL,2021-10-08 00:00:00+05:30,306.0,308.8,295.05,296.75,176733
GTPL,2021-10-11 00:00:00+05:30,297.7,309.9,292.0,296.2,350727
GTPL,2021-10-12 00:00:00+05:30,295.8,312.0,292.25,307.0,366432
GTPL,2021-10-13 00:00:00+05:30,306.0,310.5,297.95,301.05,219098
GTPL,2021-10-14 00:00:00+05:30,302.4,305.2,291.0,292.7,397528
GTPL,2021-10-18 00:00:00+05:30,288.0,289.55,279.05,282.35,216615
GTPL,2021-10-19 00:00:00+05:30,282.35,293.0,265.05,269.1,211682
GTPL,2021-10-20 00:00:00+05:30,274.85,283.5,264.8,271.55,179909
GTPL,2021-10-21 00:00:00+05:30,276.95,284.65,272.65,280.8,135125
GTPL,2021-10-22 00:00:00+05:30,284.0,284.0,262.35,266.05,114506
GTPL,2021-10-25 00:00:00+05:30,268.0,283.5,262.35,272.85,255431
GTPL,2021-10-26 00:00:00+05:30,273.9,286.0,271.9,274.25,146948
GTPL,2021-10-27 00:00:00+05:30,275.1,280.0,271.5,274.2,44461
GTPL,2021-10-28 00:00:00+05:30,276.9,276.9,263.25,264.45,80414
GTPL,2021-10-29 00:00:00+05:30,264.45,270.8,257.9,260.35,106965
GTPL,2021-11-01 00:00:00+05:30,268.0,268.0,260.6,265.55,51724
GTPL,2021-11-02 00:00:00+05:30,266.65,275.0,262.95,274.0,79049
GTPL,2021-11-03 00:00:00+05:30,275.4,287.0,272.0,279.05,221358
GTPL,2021-11-04 00:00:00+05:30,279.3,281.2,275.05,276.65,17471
GTPL,2021-11-08 00:00:00+05:30,275.1,277.0,271.8,274.0,34600
GTPL,2021-11-09 00:00:00+05:30,271.85,275.9,269.0,273.75,36346
GTPL,2021-11-10 00:00:00+05:30,272.0,278.0,270.15,271.8,33286
GTPL,2021-11-11 00:00:00+05:30,272.5,286.9,270.25,283.45,150044
GTPL,2021-11-12 00:00:00+05:30,287.9,288.7,280.0,281.0,68049
GTPL,2021-11-15 00:00:00+05:30,287.45,287.45,275.05,275.3,77832
GTPL,2021-11-16 00:00:00+05:30,275.05,283.95,270.5,277.9,85800
GTPL,2021-11-17 00:00:00+05:30,277.95,283.4,273.1,273.85,41671
GTPL,2021-11-18 00:00:00+05:30,274.75,278.0,261.55,265.8,89264
GTPL,2021-11-22 00:00:00+05:30,265.0,268.15,256.6,257.5,88373
GTPL,2021-11-23 00:00:00+05:30,256.0,267.4,254.75,266.3,49375
GTPL,2021-11-24 00:00:00+05:30,266.3,278.0,266.0,270.05,130386
GTPL,2021-11-25 00:00:00+05:30,274.9,274.9,263.1,266.3,27286
GTPL,2021-11-26 00:00:00+05:30,262.0,265.5,252.7,253.85,68036
GTPL,2021-11-29 00:00:00+05:30,250.0,254.9,236.2,241.3,94899
GTPL,2021-11-30 00:00:00+05:30,241.3,254.4,239.0,247.75,59750
GTPL,2021-12-01 00:00:00+05:30,246.25,255.0,246.25,252.35,44888
GTPL,2021-12-02 00:00:00+05:30,258.0,274.95,250.9,268.15,69610
GTPL,2021-12-03 00:00:00+05:30,274.0,276.0,268.5,274.95,121131
GTPL,2021-12-06 00:00:00+05:30,275.9,275.9,265.2,266.3,50882
GTPL,2021-12-07 00:00:00+05:30,272.0,272.0,265.2,267.95,19573
GTPL,2021-12-08 00:00:00+05:30,270.25,270.25,260.45,263.55,43111
GTPL,2021-12-09 00:00:00+05:30,269.9,273.0,256.0,257.9,125694
GTPL,2021-12-10 00:00:00+05:30,257.35,284.35,257.25,278.45,444242
GTPL,2021-12-13 00:00:00+05:30,281.0,281.9,266.0,268.9,108584
GTPL,2021-12-14 00:00:00+05:30,268.4,283.3,266.5,273.25,133852
GTPL,2021-12-15 00:00:00+05:30,276.2,277.9,265.85,267.7,51001
GTPL,2021-12-16 00:00:00+05:30,267.75,270.55,263.1,264.2,37468
GTPL,2021-12-17 00:00:00+05:30,265.5,265.5,257.25,259.0,33173
GTPL,2021-12-20 00:00:00+05:30,259.0,265.5,248.25,250.0,50083
GTPL,2021-12-21 00:00:00+05:30,251.3,257.2,249.95,252.55,24501
GTPL,2021-12-22 00:00:00+05:30,250.6,262.0,250.6,255.55,40729
GTPL,2021-12-23 00:00:00+05:30,257.8,264.0,252.55,258.55,25066
GTPL,2021-12-24 00:00:00+05:30,261.1,263.2,255.0,256.1,26252
GTPL,2021-12-27 00:00:00+05:30,255.7,272.0,251.65,265.25,94764
GTPL,2021-12-28 00:00:00+05:30,265.25,267.5,262.0,262.75,38009
GTPL,2021-12-29 00:00:00+05:30,262.75,265.4,256.35,259.25,24063
GTPL,2021-12-30 00:00:00+05:30,259.5,262.3,258.1,260.1,13957
GTPL,2021-12-31 00:00:00+05:30,262.0,268.0,251.05,263.3,38904
GTPL,2022-01-03 00:00:00+05:30,263.3,268.0,261.75,265.2,27248
GTPL,2022-01-04 00:00:00+05:30,265.0,273.95,262.55,264.65,55839
GTPL,2022-01-05 00:00:00+05:30,265.0,273.0,262.15,271.55,52747
GTPL,2022-01-06 00:00:00+05:30,271.9,279.95,268.1,273.65,102686
GTPL,2022-01-07 00:00:00+05:30,270.5,277.7,265.0,268.55,44527
GTPL,2022-01-10 00:00:00+05:30,265.8,307.45,265.8,290.55,809841
GTPL,2022-01-11 00:00:00+05:30,291.5,294.7,281.15,283.2,130253
GTPL,2022-01-12 00:00:00+05:30,285.2,293.9,280.05,281.1,91009
GTPL,2022-01-13 00:00:00+05:30,281.1,287.55,273.75,280.15,232424
GTPL,2022-01-14 00:00:00+05:30,279.65,279.65,267.15,271.95,112143
GTPL,2022-01-17 00:00:00+05:30,275.25,275.25,261.0,263.85,124309
GTPL,2022-01-18 00:00:00+05:30,266.0,270.5,256.8,258.65,93136
GTPL,2022-01-19 00:00:00+05:30,262.0,263.85,256.65,259.8,59999
GTPL,2022-01-20 00:00:00+05:30,261.6,264.0,254.7,256.45,53222
GTPL,2022-01-21 00:00:00+05:30,258.0,268.0,255.55,260.75,106683
GTPL,2022-01-24 00:00:00+05:30,258.0,261.95,247.25,253.6,60736
GTPL,2022-01-25 00:00:00+05:30,246.65,258.35,246.5,252.3,59762
GTPL,2022-01-27 00:00:00+05:30,252.0,261.7,246.0,247.3,113932
GTPL,2022-01-28 00:00:00+05:30,247.5,253.45,246.45,247.2,77508
GTPL,2022-01-31 00:00:00+05:30,248.15,252.1,243.8,245.05,42842
GTPL,2022-02-01 00:00:00+05:30,248.0,249.2,241.65,243.35,38839
GTPL,2022-02-02 00:00:00+05:30,250.0,250.0,239.35,240.8,101013
GTPL,2022-02-03 00:00:00+05:30,240.8,245.05,237.0,238.45,83658
GTPL,2022-02-04 00:00:00+05:30,243.0,243.0,232.25,233.5,72926
GTPL,2022-02-07 00:00:00+05:30,233.5,236.4,229.0,229.55,66036
GTPL,2022-02-08 00:00:00+05:30,231.15,231.15,216.25,218.05,101512
GTPL,2022-02-09 00:00:00+05:30,219.6,223.75,218.65,220.65,67251
GTPL,2022-02-10 00:00:00+05:30,224.0,237.35,221.0,228.85,180891
GTPL,2022-02-11 00:00:00+05:30,227.75,229.45,221.0,222.15,58739
GTPL,2022-02-14 00:00:00+05:30,219.15,219.15,210.0,210.4,62366
GTPL,2022-02-15 00:00:00+05:30,211.0,215.2,200.25,209.1,138236
GTPL,2022-02-16 00:00:00+05:30,211.0,219.9,210.1,215.2,126688
GTPL,2022-02-17 00:00:00+05:30,216.25,219.85,210.0,211.1,46145
GTPL,2022-02-18 00:00:00+05:30,210.6,213.85,207.0,209.65,34871
GTPL,2022-02-21 00:00:00+05:30,210.05,215.0,202.0,203.1,65130
GTPL,2022-02-22 00:00:00+05:30,200.0,202.85,195.25,199.95,71650
GTPL,2022-02-23 00:00:00+05:30,202.05,206.0,198.5,200.2,41219
GTPL,2022-02-24 00:00:00+05:30,195.0,195.25,184.1,185.35,78675
GTPL,2022-02-25 00:00:00+05:30,192.0,202.15,192.0,199.95,68045
GTPL,2022-02-28 00:00:00+05:30,201.0,201.5,185.05,199.8,48411
GTPL,2022-03-02 00:00:00+05:30,199.0,213.4,195.3,210.35,257034
GTPL,2022-03-03 00:00:00+05:30,212.15,220.9,210.05,219.1,204976
GTPL,2022-03-04 00:00:00+05:30,218.0,218.0,202.0,203.85,61309
GTPL,2022-03-07 00:00:00+05:30,201.0,203.35,193.65,197.5,63425
GTPL,2022-03-08 00:00:00+05:30,195.0,208.45,195.0,199.2,57701
GTPL,2022-03-09 00:00:00+05:30,210.0,210.0,200.35,202.2,72254
GTPL,2022-03-10 00:00:00+05:30,209.95,209.95,189.55,191.25,179282
GTPL,2022-03-11 00:00:00+05:30,195.2,195.2,175.25,180.15,338540
GTPL,2022-03-14 00:00:00+05:30,179.15,182.35,178.25,179.75,139774
GTPL,2022-03-15 00:00:00+05:30,183.95,186.5,179.0,181.7,100574
GTPL,2022-03-16 00:00:00+05:30,184.4,188.1,180.65,181.6,89934
GTPL,2022-03-17 00:00:00+05:30,181.6,184.0,148.9,168.95,1447278
GTPL,2022-03-21 00:00:00+05:30,172.6,172.95,163.0,170.7,299554
GTPL,2022-03-22 00:00:00+05:30,170.6,183.6,168.5,182.75,236429
GTPL,2022-03-23 00:00:00+05:30,184.45,192.0,181.2,183.95,173719
GTPL,2022-03-24 00:00:00+05:30,184.0,196.35,183.3,193.55,244385
GTPL,2022-03-25 00:00:00+05:30,196.55,199.0,184.25,185.85,166223
GTPL,2022-03-28 00:00:00+05:30,187.35,187.35,181.65,182.65,83931
GTPL,2022-03-29 00:00:00+05:30,184.0,184.0,174.25,176.7,111248
GTPL,2022-03-30 00:00:00+05:30,179.9,182.7,176.0,177.15,72551
GTPL,2022-03-31 00:00:00+05:30,177.0,179.45,169.25,173.3,139830
GTPL,2022-04-01 00:00:00+05:30,176.0,186.0,173.25,183.2,239682
GTPL,2022-04-04 00:00:00+05:30,188.7,198.7,188.65,197.9,211730
GTPL,2022-04-05 00:00:00+05:30,199.0,204.0,199.0,201.9,150752
GTPL,2022-04-06 00:00:00+05:30,203.5,207.15,199.0,203.4,94492
GTPL,2022-04-07 00:00:00+05:30,203.4,207.5,196.3,197.45,82445
GTPL,2022-04-08 00:00:00+05:30,196.15,226.7,196.15,213.45,1015516
GTPL,2022-04-11 00:00:00+05:30,211.95,211.95,203.5,208.25,267825
GTPL,2022-04-12 00:00:00+05:30,208.5,215.7,205.4,207.1,146867
GTPL,2022-04-13 00:00:00+05:30,209.4,213.0,194.5,202.5,194930
GTPL,2022-04-18 00:00:00+05:30,200.0,202.05,195.0,196.4,105991
GTPL,2022-04-19 00:00:00+05:30,196.5,206.05,189.0,196.0,116534
GTPL,2022-04-20 00:00:00+05:30,198.45,201.95,195.1,196.7,72119
GTPL,2022-04-21 00:00:00+05:30,198.7,202.0,197.8,200.55,48706
GTPL,2022-04-22 00:00:00+05:30,199.5,201.6,195.25,198.25,53129
GTPL,2022-04-25 00:00:00+05:30,195.5,200.0,192.7,193.95,28908
GTPL,2022-04-26 00:00:00+05:30,194.0,197.95,192.0,193.2,41537
GTPL,2022-04-27 00:00:00+05:30,193.2,199.0,190.0,194.7,98077
GTPL,2022-04-28 00:00:00+05:30,197.0,198.85,186.0,188.95,105371
GTPL,2022-04-29 00:00:00+05:30,188.95,193.45,186.95,188.4,41459
GTPL,2022-05-02 00:00:00+05:30,188.0,188.0,180.7,184.45,76166
GTPL,2022-05-04 00:00:00+05:30,184.45,192.0,181.0,182.5,40901
GTPL,2022-05-05 00:00:00+05:30,181.3,192.0,176.25,177.95,46419
GTPL,2022-05-06 00:00:00+05:30,179.0,182.0,171.0,171.9,57077
GTPL,2022-05-09 00:00:00+05:30,171.9,172.75,168.25,170.55,63038
GTPL,2022-05-10 00:00:00+05:30,168.15,173.65,168.15,169.15,53214
GTPL,2022-05-11 00:00:00+05:30,175.0,175.0,162.25,165.3,65734
GTPL,2022-05-12 00:00:00+05:30,166.95,168.0,161.25,164.95,100088
GTPL,2022-05-13 00:00:00+05:30,164.0,167.15,159.25,160.2,177424
GTPL,2022-05-16 00:00:00+05:30,163.6,163.6,158.25,159.0,33388
GTPL,2022-05-17 00:00:00+05:30,161.4,164.5,157.25,162.65,31408
GTPL,2022-05-18 00:00:00+05:30,164.0,168.45,162.6,166.2,52762
GTPL,2022-05-19 00:00:00+05:30,164.0,164.0,159.85,160.9,24289
GTPL,2022-05-20 00:00:00+05:30,161.55,165.9,160.6,162.6,35288
GTPL,2022-05-23 00:00:00+05:30,164.5,164.7,160.55,161.0,19977
GTPL,2022-05-24 00:00:00+05:30,161.5,162.85,158.0,159.75,16306
GTPL,2022-05-25 00:00:00+05:30,159.1,159.9,154.25,154.65,18791
GTPL,2022-05-26 00:00:00+05:30,153.25,156.0,150.0,153.65,29160
GTPL,2022-05-27 00:00:00+05:30,154.35,157.2,154.35,156.1,27476
GTPL,2022-05-30 00:00:00+05:30,154.0,164.9,154.0,162.4,80751
GTPL,2022-05-31 00:00:00+05:30,162.5,168.55,160.9,162.9,48851
GTPL,2022-06-01 00:00:00+05:30,160.05,162.35,158.75,160.35,32682
GTPL,2022-06-02 00:00:00+05:30,162.0,162.0,158.8,159.4,17694
GTPL,2022-06-03 00:00:00+05:30,162.8,165.05,158.0,159.3,46706
GTPL,2022-06-06 00:00:00+05:30,156.1,160.1,156.1,158.15,22286
GTPL,2022-06-07 00:00:00+05:30,156.2,159.25,155.0,155.6,11156
GTPL,2022-06-08 00:00:00+05:30,158.0,158.75,154.0,155.45,40143
GTPL,2022-06-09 00:00:00+05:30,155.45,155.5,154.0,154.15,26980
GTPL,2022-06-10 00:00:00+05:30,153.8,155.35,153.5,154.3,8400
GTPL,2022-06-13 00:00:00+05:30,152.0,158.9,149.0,149.4,18942
GTPL,2022-06-14 00:00:00+05:30,150.0,152.0,147.5,147.95,9705
GTPL,2022-06-15 00:00:00+05:30,151.9,152.85,147.25,149.4,22411
GTPL,2022-06-16 00:00:00+05:30,150.1,156.5,145.1,149.45,26052
GTPL,2022-06-17 00:00:00+05:30,150.0,150.2,143.3,144.3,18313
GTPL,2022-06-20 00:00:00+05:30,145.0,146.95,132.3,139.55,39080
GTPL,2022-06-21 00:00:00+05:30,140.0,144.2,135.95,139.8,26107
GTPL,2022-06-22 00:00:00+05:30,144.7,148.45,137.35,145.85,44648
GTPL,2022-06-23 00:00:00+05:30,143.0,145.55,140.25,141.8,10048
GTPL,2022-06-24 00:00:00+05:30,145.0,145.0,141.5,143.15,16796
GTPL,2022-06-27 00:00:00+05:30,146.5,147.3,144.0,145.1,10164
GTPL,2022-06-28 00:00:00+05:30,145.0,146.55,144.05,144.9,19457
GTPL,2022-06-29 00:00:00+05:30,144.75,145.35,142.7,143.8,14981
GTPL,2022-06-30 00:00:00+05:30,142.1,147.0,142.1,145.0,10683
GTPL,2022-07-01 00:00:00+05:30,142.2,149.0,142.2,147.5,14766
GTPL,2022-07-04 00:00:00+05:30,147.0,156.65,145.0,152.7,14908
GTPL,2022-07-05 00:00:00+05:30,151.0,157.5,150.35,151.0,21449
GTPL,2022-07-06 00:00:00+05:30,152.4,156.9,149.7,154.35,22153
GTPL,2022-07-07 00:00:00+05:30,153.0,161.45,152.85,155.95,70599
GTPL,2022-07-08 00:00:00+05:30,159.8,162.35,155.0,156.05,64844
GTPL,2022-07-11 00:00:00+05:30,158.9,162.8,154.45,159.8,27954
GTPL,2022-07-12 00:00:00+05:30,161.7,163.85,155.4,156.2,56614
GTPL,2022-07-13 00:00:00+05:30,158.85,159.1,154.55,155.65,33849
GTPL,2022-07-14 00:00:00+05:30,158.95,159.7,153.85,154.4,35109
GTPL,2022-07-15 00:00:00+05:30,146.25,153.95,146.25,148.75,56151
GTPL,2022-07-18 00:00:00+05:30,151.65,151.65,145.0,146.8,56927
GTPL,2022-07-19 00:00:00+05:30,149.0,157.0,145.15,153.9,82357
GTPL,2022-07-20 00:00:00+05:30,155.75,156.75,150.1,151.1,40281
GTPL,2022-07-21 00:00:00+05:30,152.9,154.95,150.05,151.05,64810
GTPL,2022-07-22 00:00:00+05:30,151.05,153.85,150.8,151.5,37684
GTPL,2022-07-25 00:00:00+05:30,151.0,152.55,146.15,151.5,63528
GTPL,2022-07-26 00:00:00+05:30,152.5,155.35,150.7,153.25,90052
GTPL,2022-07-27 00:00:00+05:30,155.0,156.0,150.65,154.7,159507
GTPL,2022-07-28 00:00:00+05:30,157.95,158.6,155.4,156.6,49503
GTPL,2022-07-29 00:00:00+05:30,156.6,161.85,156.6,158.65,44766
GTPL,2022-08-01 00:00:00+05:30,160.0,165.3,157.85,164.1,92207
GTPL,2022-08-02 00:00:00+05:30,165.75,176.95,164.3,172.55,240715
GTPL,2022-08-03 00:00:00+05:30,173.75,174.4,167.3,171.55,63320
GTPL,2022-08-04 00:00:00+05:30,171.55,172.95,165.35,167.5,47026
GTPL,2022-08-05 00:00:00+05:30,167.5,169.95,165.25,166.4,20768
GTPL,2022-08-08 00:00:00+05:30,168.9,168.9,163.0,164.9,30859
GTPL,2022-08-10 00:00:00+05:30,164.0,165.0,161.5,163.35,20818
GTPL,2022-08-11 00:00:00+05:30,172.0,172.0,155.1,157.9,98826
GTPL,2022-08-12 00:00:00+05:30,159.5,163.95,157.7,161.25,58676
GTPL,2022-08-16 00:00:00+05:30,158.85,185.65,158.85,170.95,528977
GTPL,2022-08-17 00:00:00+05:30,172.25,174.5,168.0,171.95,90666
GTPL,2022-08-18 00:00:00+05:30,172.4,178.2,170.1,176.4,95363
GTPL,2022-08-19 00:00:00+05:30,175.0,178.95,172.5,173.8,59548
GTPL,2022-08-22 00:00:00+05:30,176.0,176.0,165.5,166.6,41088
GTPL,2022-08-23 00:00:00+05:30,166.0,174.8,165.35,170.6,37514
GTPL,2022-08-24 00:00:00+05:30,172.5,174.5,170.65,172.2,21975
GTPL,2022-08-25 00:00:00+05:30,172.2,177.75,170.95,171.35,28249
GTPL,2022-08-26 00:00:00+05:30,171.35,175.8,167.2,168.2,53985
GTPL,2022-08-29 00:00:00+05:30,164.0,174.0,164.0,166.9,74396
GTPL,2022-08-30 00:00:00+05:30,173.0,180.9,168.05,171.0,108793
GTPL,2022-09-01 00:00:00+05:30,170.5,176.25,169.9,174.7,44311
GTPL,2022-09-02 00:00:00+05:30,179.9,189.9,173.0,175.25,114967
GTPL,2022-09-05 00:00:00+05:30,176.45,181.5,174.0,179.65,90044
GTPL,2022-09-06 00:00:00+05:30,182.35,183.15,176.1,180.1,47847
GTPL,2022-09-07 00:00:00+05:30,179.0,182.3,175.05,177.55,63849
GTPL,2022-09-08 00:00:00+05:30,178.0,182.0,176.25,177.7,30881
GTPL,2022-09-09 00:00:00+05:30,180.35,180.35,171.55,174.55,51023
GTPL,2022-09-12 00:00:00+05:30,179.8,186.0,175.6,181.4,218758
GTPL,2022-09-13 00:00:00+05:30,183.75,187.0,177.75,178.9,87088
GTPL,2022-09-14 00:00:00+05:30,174.0,179.35,174.0,178.2,41631
GTPL,2022-09-15 00:00:00+05:30,176.5,181.4,171.8,173.75,48232
GTPL,2022-09-16 00:00:00+05:30,173.75,176.45,169.35,171.25,50831
GTPL,2022-09-19 00:00:00+05:30,170.0,174.9,169.05,170.15,26171
GTPL,2022-09-20 00:00:00+05:30,172.7,192.0,169.0,174.4,642774
GTPL,2022-09-21 00:00:00+05:30,174.4,177.4,170.0,171.0,70474
GTPL,2022-09-22 00:00:00+05:30,168.45,174.3,168.45,172.15,31059
GTPL,2022-09-23 00:00:00+05:30,173.15,173.55,165.6,167.3,52794
GTPL,2022-09-26 00:00:00+05:30,169.9,170.85,156.2,158.35,71877
GTPL,2022-09-27 00:00:00+05:30,161.9,165.95,156.25,157.35,52573
GTPL,2022-09-28 00:00:00+05:30,156.25,158.95,152.1,153.4,50651
GTPL,2022-09-29 00:00:00+05:30,155.7,157.75,149.5,151.1,47426
GTPL,2022-09-30 00:00:00+05:30,150.0,154.7,150.0,152.35,32649
GTPL,2022-10-03 00:00:00+05:30,155.25,156.7,148.0,148.85,60536
GTPL,2022-10-04 00:00:00+05:30,153.7,153.7,147.5,148.5,87511
GTPL,2022-10-06 00:00:00+05:30,151.85,155.5,149.3,154.1,72091
GTPL,2022-10-07 00:00:00+05:30,155.7,159.6,153.15,159.2,47471
GTPL,2022-10-10 00:00:00+05:30,159.2,163.4,158.8,162.1,64873
GTPL,2022-10-11 00:00:00+05:30,161.7,163.7,157.0,158.5,31973
GTPL,2022-10-12 00:00:00+05:30,160.9,161.4,156.25,159.4,13771
GTPL,2022-10-13 00:00:00+05:30,162.4,162.4,156.1,157.45,14739
GTPL,2022-10-14 00:00:00+05:30,162.85,163.0,153.15,155.15,26562
GTPL,2022-10-17 00:00:00+05:30,153.0,162.1,153.0,154.25,57587
GTPL,2022-10-18 00:00:00+05:30,157.25,158.4,146.6,151.05,158489
GTPL,2022-10-19 00:00:00+05:30,152.8,152.8,145.0,146.75,80838
GTPL,2022-10-20 00:00:00+05:30,146.25,147.0,143.45,145.7,103292
GTPL,2022-10-21 00:00:00+05:30,147.65,147.65,143.3,145.45,69751
GTPL,2022-10-24 00:00:00+05:30,147.6,147.6,144.75,145.95,16540
GTPL,2022-10-25 00:00:00+05:30,146.0,146.0,141.9,142.2,45001
GTPL,2022-10-27 00:00:00+05:30,144.35,144.35,140.3,141.0,56822
GTPL,2022-10-28 00:00:00+05:30,141.7,144.4,140.3,142.4,46681
GTPL,2022-10-31 00:00:00+05:30,143.95,144.6,138.8,139.4,52733
GTPL,2022-11-01 00:00:00+05:30,141.9,141.9,139.4,139.8,34783
GTPL,2022-11-02 00:00:00+05:30,141.35,141.7,139.4,139.55,35597
GTPL,2022-11-03 00:00:00+05:30,141.0,141.0,138.0,138.5,41319
GTPL,2022-11-04 00:00:00+05:30,140.7,140.7,136.75,137.4,75565
GTPL,2022-11-07 00:00:00+05:30,137.5,139.8,137.2,138.05,52146
GTPL,2022-11-09 00:00:00+05:30,140.6,140.6,136.75,138.0,287412
GTPL,2022-11-10 00:00:00+05:30,138.0,139.0,135.45,136.3,439515
GTPL,2022-11-11 00:00:00+05:30,141.0,141.0,136.15,137.0,341358
GTPL,2022-11-14 00:00:00+05:30,138.35,141.45,136.45,138.05,214506
GTPL,2022-11-15 00:00:00+05:30,139.6,139.6,137.05,138.55,30407
GTPL,2022-11-16 00:00:00+05:30,139.4,141.0,138.55,140.4,211773
GTPL,2022-11-17 00:00:00+05:30,141.8,152.5,139.6,148.0,491302
GTPL,2022-11-18 00:00:00+05:30,148.05,150.65,143.2,143.8,81177
GTPL,2022-11-21 00:00:00+05:30,145.25,146.0,143.0,144.5,32575
GTPL,2022-11-22 00:00:00+05:30,141.3,145.0,141.3,142.9,22653
GTPL,2022-11-23 00:00:00+05:30,144.35,146.0,143.15,144.8,17875
GTPL,2022-11-24 00:00:00+05:30,146.9,149.8,145.0,145.9,34005
GTPL,2022-11-25 00:00:00+05:30,147.0,147.5,144.6,145.85,15485
GTPL,2022-11-28 00:00:00+05:30,145.8,148.95,138.65,145.6,36419
GTPL,2022-11-29 00:00:00+05:30,144.1,148.5,143.55,144.45,28893
GTPL,2022-11-30 00:00:00+05:30,145.95,145.95,139.05,140.6,92062
GTPL,2022-12-01 00:00:00+05:30,142.7,142.7,138.5,138.9,153958
GTPL,2022-12-02 00:00:00+05:30,139.9,140.95,137.3,139.1,158485
GTPL,2022-12-05 00:00:00+05:30,140.7,142.5,139.45,140.15,90413
GTPL,2022-12-06 00:00:00+05:30,140.9,142.0,140.0,140.25,30020
GTPL,2022-12-07 00:00:00+05:30,140.4,141.8,140.2,140.6,39973
GTPL,2022-12-08 00:00:00+05:30,141.55,141.8,140.4,140.5,18202
GTPL,2022-12-09 00:00:00+05:30,141.9,141.9,140.0,140.6,37886
GTPL,2022-12-12 00:00:00+05:30,141.3,141.3,139.05,140.15,25080
GTPL,2022-12-13 00:00:00+05:30,141.7,141.7,139.45,139.95,21267
GTPL,2022-12-14 00:00:00+05:30,140.0,146.0,140.0,142.15,150927
GTPL,2022-12-15 00:00:00+05:30,144.0,145.5,140.7,141.75,92231
GTPL,2022-12-16 00:00:00+05:30,143.75,143.75,139.4,140.15,52560
GTPL,2022-12-19 00:00:00+05:30,141.75,141.75,139.5,140.55,29691
GTPL,2022-12-20 00:00:00+05:30,140.0,141.5,139.7,140.45,23299
GTPL,2022-12-21 00:00:00+05:30,140.0,141.95,137.6,138.1,57465
GTPL,2022-12-22 00:00:00+05:30,138.1,140.45,136.1,136.7,60682
GTPL,2022-12-23 00:00:00+05:30,136.1,137.15,123.6,124.2,238540
GTPL,2022-12-26 00:00:00+05:30,126.05,131.8,123.1,128.7,106484
GTPL,2022-12-27 00:00:00+05:30,129.8,134.5,127.8,129.9,132322
GTPL,2022-12-28 00:00:00+05:30,130.0,130.85,128.0,129.8,128599
GTPL,2022-12-29 00:00:00+05:30,129.0,143.0,128.35,131.35,1044472
GTPL,2022-12-30 00:00:00+05:30,132.35,143.4,132.35,139.6,277062
GTPL,2023-01-02 00:00:00+05:30,138.2,139.2,133.8,136.45,134911
GTPL,2023-01-03 00:00:00+05:30,136.45,138.2,136.45,136.9,74446
GTPL,2023-01-04 00:00:00+05:30,137.7,137.75,133.5,134.7,63839
GTPL,2023-01-05 00:00:00+05:30,135.8,146.8,133.65,143.3,505436
GTPL,2023-01-06 00:00:00+05:30,143.5,144.5,135.9,138.9,165865
GTPL,2023-01-09 00:00:00+05:30,142.0,144.8,140.0,140.55,278386
GTPL,2023-01-10 00:00:00+05:30,141.5,142.15,139.0,139.5,190238
GTPL,2023-01-11 00:00:00+05:30,140.1,144.2,139.0,139.8,178708
GTPL,2023-01-12 00:00:00+05:30,141.15,141.15,136.05,138.15,66893
GTPL,2023-01-13 00:00:00+05:30,138.0,138.0,132.1,133.4,307531
GTPL,2023-01-16 00:00:00+05:30,135.4,136.25,133.5,134.3,54338
GTPL,2023-01-17 00:00:00+05:30,133.5,138.0,133.25,134.6,63865
GTPL,2023-01-18 00:00:00+05:30,134.1,135.8,132.95,133.3,62743
GTPL,2023-01-19 00:00:00+05:30,132.65,135.55,123.1,124.05,448113
GTPL,2023-01-20 00:00:00+05:30,125.7,127.45,124.7,126.55,108429
GTPL,2023-01-23 00:00:00+05:30,127.95,127.95,125.7,126.9,47152
GTPL,2023-01-24 00:00:00+05:30,127.0,127.9,125.55,126.2,47190
GTPL,2023-01-25 00:00:00+05:30,126.55,126.7,125.0,125.75,53881
GTPL,2023-01-27 00:00:00+05:30,126.5,126.85,120.05,122.3,80505
GTPL,2023-01-30 00:00:00+05:30,120.95,124.1,120.95,122.5,36584
GTPL,2023-01-31 00:00:00+05:30,124.35,125.0,122.15,124.35,25477
GTPL,2023-02-01 00:00:00+05:30,123.25,125.65,120.95,121.3,57646
GTPL,2023-02-02 00:00:00+05:30,123.1,124.75,121.0,121.95,41214
GTPL,2023-02-03 00:00:00+05:30,123.8,123.8,119.75,120.65,66437
GTPL,2023-02-06 00:00:00+05:30,121.0,123.95,120.05,121.0,68117
GTPL,2023-02-07 00:00:00+05:30,122.85,122.85,120.05,120.3,34545
GTPL,2023-02-08 00:00:00+05:30,120.3,122.75,119.9,121.05,76688
GTPL,2023-02-09 00:00:00+05:30,122.6,122.7,120.35,121.9,29747
GTPL,2023-02-10 00:00:00+05:30,122.2,124.6,121.3,123.85,30552
GTPL,2023-02-13 00:00:00+05:30,128.0,128.0,121.55,122.45,58800
GTPL,2023-02-14 00:00:00+05:30,121.55,122.55,119.45,120.25,42921
GTPL,2023-02-15 00:00:00+05:30,120.0,120.5,118.6,118.95,30160
GTPL,2023-02-16 00:00:00+05:30,122.0,122.0,119.85,120.25,31287
GTPL,2023-02-17 00:00:00+05:30,118.55,121.55,118.0,118.6,29698
GTPL,2023-02-20 00:00:00+05:30,118.0,118.7,115.25,116.1,47988
GTPL,2023-02-21 00:00:00+05:30,115.55,117.0,114.95,115.55,35747
GTPL,2023-02-22 00:00:00+05:30,114.65,115.65,112.9,113.05,49232
GTPL,2023-02-23 00:00:00+05:30,113.0,115.35,111.75,111.9,36552
GTPL,2023-02-24 00:00:00+05:30,114.5,114.5,111.5,111.65,46039
GTPL,2023-02-27 00:00:00+05:30,111.65,112.95,110.15,110.6,43031
GTPL,2023-02-28 00:00:00+05:30,110.6,111.9,110.35,110.9,24445
GTPL,2023-03-01 00:00:00+05:30,110.55,115.0,110.55,113.7,60581
GTPL,2023-03-02 00:00:00+05:30,112.0,114.55,112.0,112.35,26386
GTPL,2023-03-03 00:00:00+05:30,114.0,114.5,111.85,112.1,32501
GTPL,2023-03-06 00:00:00+05:30,112.5,114.55,111.95,112.15,36925
GTPL,2023-03-08 00:00:00+05:30,113.0,115.0,111.95,112.55,105739
GTPL,2023-03-09 00:00:00+05:30,112.55,115.0,112.1,112.8,71620
GTPL,2023-03-10 00:00:00+05:30,114.0,114.0,111.7,112.05,52454
GTPL,2023-03-13 00:00:00+05:30,114.9,114.9,108.65,108.85,60972
GTPL,2023-03-14 00:00:00+05:30,111.25,111.25,106.55,106.9,46209
GTPL,2023-03-15 00:00:00+05:30,106.95,108.2,103.55,103.95,95907
GTPL,2023-03-16 00:00:00+05:30,104.0,105.2,99.95,101.65,134187
GTPL,2023-03-17 00:00:00+05:30,101.35,104.4,101.35,102.9,34092
GTPL,2023-03-20 00:00:00+05:30,103.0,105.3,100.15,102.35,62318
GTPL,2023-03-21 00:00:00+05:30,102.35,104.55,100.55,101.05,55283
GTPL,2023-03-22 00:00:00+05:30,108.95,111.65,101.0,101.45,450903
GTPL,2023-03-23 00:00:00+05:30,102.95,103.55,100.55,101.15,65382
GTPL,2023-03-24 00:00:00+05:30,101.15,102.0,100.05,100.9,103535
GTPL,2023-03-27 00:00:00+05:30,100.15,101.55,95.0,96.2,161782
GTPL,2023-03-28 00:00:00+05:30,95.25,96.9,93.75,94.6,206922
GTPL,2023-03-29 00:00:00+05:30,94.2,97.55,93.95,94.45,171555
GTPL,2023-03-31 00:00:00+05:30,95.85,99.8,95.7,97.65,273660
GTPL,2023-04-03 00:00:00+05:30,99.0,104.0,98.8,103.15,87956
GTPL,2023-04-05 00:00:00+05:30,103.6,104.05,102.0,103.15,48131
GTPL,2023-04-06 00:00:00+05:30,103.85,109.7,102.45,107.95,121972
GTPL,2023-04-10 00:00:00+05:30,109.0,111.1,106.5,108.25,66694
GTPL,2023-04-11 00:00:00+05:30,109.85,110.5,108.05,109.3,50757
GTPL,2023-04-12 00:00:00+05:30,109.35,110.9,108.0,110.2,41247
GTPL,2023-04-13 00:00:00+05:30,110.2,115.4,110.2,112.6,103094
GTPL,2023-04-17 00:00:00+05:30,105.35,108.7,98.65,101.7,671948
GTPL,2023-04-18 00:00:00+05:30,103.25,103.8,101.7,103.05,68231
GTPL,2023-04-19 00:00:00+05:30,103.9,106.65,103.0,103.85,77200
GTPL,2023-04-20 00:00:00+05:30,104.7,105.6,102.7,104.5,39685
GTPL,2023-04-21 00:00:00+05:30,104.0,105.0,103.5,103.9,21043
GTPL,2023-04-24 00:00:00+05:30,103.2,104.95,103.0,103.95,28026
GTPL,2023-04-25 00:00:00+05:30,103.95,104.5,102.2,103.65,50898
GTPL,2023-04-26 00:00:00+05:30,103.0,104.15,102.4,103.15,38698
GTPL,2023-04-27 00:00:00+05:30,103.7,106.0,103.0,104.5,52912
GTPL,2023-04-28 00:00:00+05:30,104.15,107.35,103.35,104.8,83308
GTPL,2023-05-02 00:00:00+05:30,105.35,109.2,104.8,107.1,50988
GTPL,2023-05-03 00:00:00+05:30,107.65,109.0,105.9,106.4,45185
GTPL,2023-05-04 00:00:00+05:30,106.95,108.9,106.0,108.35,41699
GTPL,2023-05-05 00:00:00+05:30,108.85,109.5,107.0,107.05,41462
GTPL,2023-05-08 00:00:00+05:30,107.6,107.85,105.05,106.05,28488
GTPL,2023-05-09 00:00:00+05:30,106.6,107.95,105.85,106.5,16035
GTPL,2023-05-10 00:00:00+05:30,107.05,107.8,105.1,107.0,30310
GTPL,2023-05-11 00:00:00+05:30,107.0,107.55,105.05,106.4,23223
GTPL,2023-05-12 00:00:00+05:30,106.35,106.95,105.35,105.75,19583
GTPL,2023-05-15 00:00:00+05:30,106.3,107.95,105.3,106.35,27356
GTPL,2023-05-16 00:00:00+05:30,106.9,107.3,105.15,106.95,22086
GTPL,2023-05-17 00:00:00+05:30,107.4,107.9,105.1,105.85,27261
GTPL,2023-05-18 00:00:00+05:30,105.5,106.35,104.55,104.85,19746
GTPL,2023-05-19 00:00:00+05:30,104.55,105.35,103.65,104.3,16882
GTPL,2023-05-22 00:00:00+05:30,104.8,106.3,102.15,103.65,36183
GTPL,2023-05-23 00:00:00+05:30,103.4,105.3,103.05,103.95,30520
GTPL,2023-05-24 00:00:00+05:30,103.9,107.4,103.65,105.6,41856
GTPL,2023-05-25 00:00:00+05:30,105.6,106.45,102.35,103.9,35635
GTPL,2023-05-26 00:00:00+05:30,103.9,108.4,103.9,106.55,75085
GTPL,2023-05-29 00:00:00+05:30,107.1,107.3,105.8,106.65,29705
GTPL,2023-05-30 00:00:00+05:30,107.05,107.75,105.5,106.35,23712
GTPL,2023-05-31 00:00:00+05:30,106.75,106.9,105.15,106.0,16516
GTPL,2023-06-01 00:00:00+05:30,106.0,109.8,105.45,108.15,53385
GTPL,2023-06-02 00:00:00+05:30,108.7,109.9,107.5,109.35,43748
GTPL,2023-06-05 00:00:00+05:30,109.9,111.8,108.55,109.05,41389
GTPL,2023-06-06 00:00:00+05:30,109.6,111.0,108.15,109.4,35791
GTPL,2023-06-07 00:00:00+05:30,109.55,114.0,108.0,112.7,168831
GTPL,2023-06-08 00:00:00+05:30,114.7,114.7,110.1,110.6,69143
GTPL,2023-06-09 00:00:00+05:30,111.2,113.4,110.1,112.75,43551
GTPL,2023-06-12 00:00:00+05:30,113.35,114.8,110.0,111.5,60665
GTPL,2023-06-13 00:00:00+05:30,112.1,113.0,111.0,112.4,30983
GTPL,2023-06-14 00:00:00+05:30,113.0,116.0,111.5,114.7,86318
GTPL,2023-06-15 00:00:00+05:30,115.0,116.0,113.6,113.9,38409
GTPL,2023-06-16 00:00:00+05:30,114.95,117.75,114.2,116.2,126191
GTPL,2023-06-19 00:00:00+05:30,116.1,118.2,114.1,114.95,51515
GTPL,2023-06-20 00:00:00+05:30,115.5,117.75,113.65,116.35,46556
GTPL,2023-06-21 00:00:00+05:30,116.95,118.55,111.2,113.95,81997
GTPL,2023-06-22 00:00:00+05:30,114.55,117.75,113.0,114.9,81225
GTPL,2023-06-23 00:00:00+05:30,115.5,115.5,112.0,112.35,42798
GTPL,2023-06-26 00:00:00+05:30,112.35,113.85,111.0,111.65,33799
GTPL,2023-06-27 00:00:00+05:30,112.4,113.9,112.4,113.2,16874
GTPL,2023-06-28 00:00:00+05:30,113.8,114.35,111.0,111.75,22504
GTPL,2023-06-30 00:00:00+05:30,111.65,113.0,111.0,111.5,16419
GTPL,2023-07-03 00:00:00+05:30,112.1,115.3,111.7,113.05,31728
GTPL,2023-07-04 00:00:00+05:30,114.15,114.15,110.8,111.3,29183
GTPL,2023-07-05 00:00:00+05:30,111.85,113.15,110.55,111.55,51121
GTPL,2023-07-06 00:00:00+05:30,111.55,114.9,111.55,112.65,58055
GTPL,2023-07-07 00:00:00+05:30,113.25,117.0,113.0,115.2,83323
GTPL,2023-07-10 00:00:00+05:30,115.8,119.0,112.35,114.55,76074
GTPL,2023-07-11 00:00:00+05:30,115.15,116.95,114.6,115.6,32722
GTPL,2023-07-12 00:00:00+05:30,116.2,116.5,111.6,113.65,56986
GTPL,2023-07-13 00:00:00+05:30,114.25,117.0,112.7,113.9,65310
GTPL,2023-07-14 00:00:00+05:30,114.5,115.55,113.75,115.05,28442
GTPL,2023-07-17 00:00:00+05:30,119.0,138.05,118.7,132.25,1096651
GTPL,2023-07-18 00:00:00+05:30,146.0,153.7,138.0,141.0,1759915
GTPL,2023-07-19 00:00:00+05:30,141.75,141.75,133.25,135.65,290388
GTPL,2023-07-20 00:00:00+05:30,137.15,140.1,135.1,138.3,170251
GTPL,2023-07-21 00:00:00+05:30,138.0,139.0,134.7,135.5,105283
GTPL,2023-07-24 00:00:00+05:30,133.55,138.15,132.5,134.15,102466
GTPL,2023-07-25 00:00:00+05:30,135.65,135.65,129.55,130.1,90806
GTPL,2023-07-26 00:00:00+05:30,130.0,142.0,130.0,133.0,257688
GTPL,2023-07-27 00:00:00+05:30,133.7,136.45,133.05,135.25,87248
GTPL,2023-07-28 00:00:00+05:30,135.95,136.25,131.35,134.35,58770
GTPL,2023-07-31 00:00:00+05:30,135.05,136.0,132.2,133.6,58947
GTPL,2023-08-01 00:00:00+05:30,133.6,136.3,132.1,134.5,52117
GTPL,2023-08-02 00:00:00+05:30,134.9,138.7,129.95,131.25,100490
GTPL,2023-08-03 00:00:00+05:30,131.95,134.4,131.65,132.8,41975
GTPL,2023-08-04 00:00:00+05:30,134.45,136.5,132.55,133.55,58313
GTPL,2023-08-07 00:00:00+05:30,134.9,138.95,133.15,137.9,117892
GTPL,2023-08-08 00:00:00+05:30,139.0,145.4,138.0,143.55,197059
GTPL,2023-08-09 00:00:00+05:30,145.65,147.4,138.05,139.95,121015
GTPL,2023-08-10 00:00:00+05:30,140.95,148.2,140.45,141.4,180494
GTPL,2023-08-11 00:00:00+05:30,142.45,143.2,138.2,139.05,57538
GTPL,2023-08-14 00:00:00+05:30,139.7,145.55,136.85,140.9,96731
GTPL,2023-08-16 00:00:00+05:30,141.45,143.6,140.95,142.1,34629
GTPL,2023-08-17 00:00:00+05:30,142.85,145.9,140.9,141.7,82837
GTPL,2023-08-18 00:00:00+05:30,142.45,145.3,140.95,141.5,48402
GTPL,2023-08-21 00:00:00+05:30,143.8,158.1,142.0,155.75,885914
GTPL,2023-08-22 00:00:00+05:30,159.85,164.6,153.1,155.5,699623
GTPL,2023-08-23 00:00:00+05:30,155.5,157.25,152.85,153.65,132034
GTPL,2023-08-24 00:00:00+05:30,155.0,158.45,153.0,154.0,147587
GTPL,2023-08-25 00:00:00+05:30,152.45,155.65,149.6,150.2,137464
GTPL,2023-08-28 00:00:00+05:30,151.0,155.55,150.9,151.55,80681
GTPL,2023-08-29 00:00:00+05:30,152.35,155.45,151.1,152.1,76682
GTPL,2023-08-30 00:00:00+05:30,152.9,154.35,151.5,152.6,52347
GTPL,2023-08-31 00:00:00+05:30,154.0,158.9,149.95,152.4,195421
GTPL,2023-09-01 00:00:00+05:30,157.9,157.9,152.45,153.85,86625
GTPL,2023-09-04 00:00:00+05:30,155.0,156.45,153.05,155.25,125711
GTPL,2023-09-05 00:00:00+05:30,156.2,164.5,155.7,163.7,358750
GTPL,2023-09-06 00:00:00+05:30,169.0,172.0,164.2,170.25,380607
GTPL,2023-09-07 00:00:00+05:30,172.8,174.15,168.2,172.75,262941
GTPL,2023-09-08 00:00:00+05:30,174.0,177.0,171.2,175.95,181443
GTPL,2023-09-11 00:00:00+05:30,177.0,184.8,174.45,183.4,256934
GTPL,2023-09-12 00:00:00+05:30,187.3,188.0,170.95,172.05,248188
GTPL,2023-09-13 00:00:00+05:30,172.95,174.1,168.45,171.4,90012
GTPL,2023-09-14 00:00:00+05:30,172.0,178.6,172.0,173.0,51618
GTPL,2023-09-15 00:00:00+05:30,173.9,185.25,173.9,183.65,275463
GTPL,2023-09-18 00:00:00+05:30,184.0,184.7,176.95,177.95,168003
GTPL,2023-09-20 00:00:00+05:30,177.5,181.0,177.45,179.15,126459
GTPL,2023-09-21 00:00:00+05:30,180.85,189.7,178.7,179.9,412947
GTPL,2023-09-22 00:00:00+05:30,176.45,177.7,168.55,170.9,161095
GTPL,2023-09-25 00:00:00+05:30,171.8,179.1,171.2,177.9,122486
GTPL,2023-09-26 00:00:00+05:30,177.9,180.2,172.0,172.55,54245
GTPL,2023-09-27 00:00:00+05:30,173.0,175.1,171.45,172.2,24650
GTPL,2023-09-28 00:00:00+05:30,173.1,173.7,170.1,170.7,33500
GTPL,2023-09-29 00:00:00+05:30,170.3,173.0,169.45,170.2,38020
GTPL,2023-10-03 00:00:00+05:30,184.9,196.7,178.7,186.0,2526843
GTPL,2023-10-04 00:00:00+05:30,182.8,185.45,177.3,180.2,215506
GTPL,2023-10-05 00:00:00+05:30,181.15,184.85,178.15,179.25,119240
GTPL,2023-10-06 00:00:00+05:30,180.15,181.8,177.45,179.6,87732
GTPL,2023-10-09 00:00:00+05:30,179.8,179.8,172.7,173.15,104306
GTPL,2023-10-10 00:00:00+05:30,174.05,176.75,173.2,174.75,57123
GTPL,2023-10-11 00:00:00+05:30,175.65,182.0,175.1,177.85,76690
GTPL,2023-10-12 00:00:00+05:30,182.0,186.5,178.5,181.35,174448
GTPL,2023-10-13 00:00:00+05:30,181.85,181.9,176.8,179.0,49770
GTPL,2023-10-16 00:00:00+05:30,172.55,178.5,170.15,173.45,134809
GTPL,2023-10-17 00:00:00+05:30,173.45,178.0,173.0,175.9,90897
GTPL,2023-10-18 00:00:00+05:30,175.05,176.5,167.45,169.4,141250
GTPL,2023-10-19 00:00:00+05:30,169.0,176.5,167.2,175.6,109651
GTPL,2023-10-20 00:00:00+05:30,175.6,175.9,170.0,170.5,44748
GTPL,2023-10-23 00:00:00+05:30,171.4,171.4,161.95,162.85,111906
GTPL,2023-10-25 00:00:00+05:30,162.85,166.8,155.5,156.8,104644
GTPL,2023-10-26 00:00:00+05:30,157.0,157.6,148.2,152.2,185841
GTPL,2023-10-27 00:00:00+05:30,154.8,159.75,153.1,158.85,53741
GTPL,2023-10-30 00:00:00+05:30,159.0,159.95,155.6,158.1,23224
GTPL,2023-10-31 00:00:00+05:30,158.9,162.0,158.15,159.65,32986
GTPL,2023-11-01 00:00:00+05:30,158.0,162.95,158.0,159.85,34290
GTPL,2023-11-02 00:00:00+05:30,160.65,168.8,156.55,166.7,92376
GTPL,2023-11-03 00:00:00+05:30,167.85,177.4,166.7,173.3,323498
GTPL,2023-11-06 00:00:00+05:30,175.0,189.0,173.9,182.0,434491
GTPL,2023-11-07 00:00:00+05:30,182.0,185.3,177.0,180.0,94489
GTPL,2023-11-08 00:00:00+05:30,178.5,180.9,173.5,174.5,62535
GTPL,2023-11-09 00:00:00+05:30,172.0,177.2,170.3,171.95,76043
GTPL,2023-11-10 00:00:00+05:30,171.95,177.0,168.7,175.5,75214
GTPL,2023-11-12 00:00:00+05:30,176.0,181.5,174.25,178.2,42484
GTPL,2023-11-13 00:00:00+05:30,177.7,182.2,176.0,179.0,50943
GTPL,2023-11-15 00:00:00+05:30,181.0,192.9,178.85,182.35,646397
GTPL,2023-11-16 00:00:00+05:30,184.5,188.0,181.3,182.65,102219
GTPL,2023-11-17 00:00:00+05:30,184.7,185.05,180.7,181.65,48760
GTPL,2023-11-20 00:00:00+05:30,178.0,184.2,176.55,179.35,92573
GTPL,2023-11-21 00:00:00+05:30,180.2,190.0,179.85,183.5,126861
GTPL,2023-11-22 00:00:00+05:30,185.3,186.15,180.0,181.15,44241
GTPL,2023-11-23 00:00:00+05:30,182.0,183.15,173.65,178.05,39271
GTPL,2023-11-24 00:00:00+05:30,178.9,181.0,175.4,176.55,39659
GTPL,2023-11-28 00:00:00+05:30,177.4,185.3,176.6,178.9,70502
GTPL,2023-11-29 00:00:00+05:30,179.0,182.7,177.55,178.2,33356
GTPL,2023-11-30 00:00:00+05:30,179.75,180.05,173.6,177.8,40216
GTPL,2023-12-01 00:00:00+05:30,178.7,179.65,175.1,176.4,38574
GTPL,2023-12-04 00:00:00+05:30,178.5,183.5,177.0,179.5,82636
GTPL,2023-12-05 00:00:00+05:30,180.35,180.95,175.95,177.8,39030
GTPL,2023-12-06 00:00:00+05:30,178.0,183.0,175.0,175.65,185753
GTPL,2023-12-07 00:00:00+05:30,176.0,177.1,172.3,174.85,220010
GTPL,2023-12-08 00:00:00+05:30,175.75,176.55,171.95,173.75,38876
GTPL,2023-12-11 00:00:00+05:30,171.05,175.4,171.05,174.75,25129
GTPL,2023-12-12 00:00:00+05:30,174.0,176.5,172.55,173.15,39155
GTPL,2023-12-13 00:00:00+05:30,173.15,174.2,170.2,170.8,50384
GTPL,2023-12-14 00:00:00+05:30,171.0,173.2,166.15,170.55,105547
GTPL,2023-12-15 00:00:00+05:30,171.45,172.85,167.9,168.5,52517
GTPL,2023-12-18 00:00:00+05:30,172.5,172.5,168.3,169.15,56297
GTPL,2023-12-19 00:00:00+05:30,169.95,189.4,168.7,185.75,1438751
GTPL,2023-12-20 00:00:00+05:30,194.7,195.6,171.05,173.45,870874
GTPL,2023-12-21 00:00:00+05:30,172.05,179.2,169.8,177.8,158098
GTPL,2023-12-22 00:00:00+05:30,178.45,194.7,178.25,191.7,567147
GTPL,2023-12-26 00:00:00+05:30,194.75,202.25,193.0,198.05,962381
GTPL,2023-12-27 00:00:00+05:30,198.0,200.0,187.05,191.55,348560
GTPL,2023-12-28 00:00:00+05:30,191.8,192.75,184.3,186.15,209872
GTPL,2023-12-29 00:00:00+05:30,187.4,193.5,185.9,191.1,188858
GTPL,2024-01-01 00:00:00+05:30,192.7,194.4,185.05,187.65,138236
GTPL,2024-01-02 00:00:00+05:30,188.95,191.2,182.5,184.35,134481
GTPL,2024-01-03 00:00:00+05:30,184.0,193.5,180.55,192.65,301504
GTPL,2024-01-04 00:00:00+05:30,193.95,199.35,193.45,194.9,280997
GTPL,2024-01-05 00:00:00+05:30,197.8,198.4,194.55,195.95,215049
GTPL,2024-01-08 00:00:00+05:30,196.95,210.0,196.95,203.85,1542015
GTPL,2024-01-09 00:00:00+05:30,206.7,207.95,199.2,200.8,371579
GTPL,2024-01-10 00:00:00+05:30,200.95,217.8,196.25,206.9,1306186
GTPL,2024-01-11 00:00:00+05:30,208.1,212.9,190.15,198.3,1460720
GTPL,2024-01-12 00:00:00+05:30,198.25,199.0,192.05,196.05,322808
GTPL,2024-01-15 00:00:00+05:30,197.7,198.85,191.05,193.95,236569
GTPL,2024-01-16 00:00:00+05:30,194.8,197.5,191.45,192.9,140864
GTPL,2024-01-17 00:00:00+05:30,192.5,200.0,190.0,194.1,256158
GTPL,2024-01-18 00:00:00+05:30,194.3,196.8,184.0,195.2,178427
GTPL,2024-01-19 00:00:00+05:30,194.8,198.7,194.5,197.6,105360
GTPL,2024-01-20 00:00:00+05:30,198.0,199.0,195.15,196.25,77130
GTPL,2024-01-23 00:00:00+05:30,193.1,198.95,182.2,184.75,323458
GTPL,2024-01-24 00:00:00+05:30,184.75,190.9,182.9,185.05,148189
GTPL,2024-01-25 00:00:00+05:30,185.9,209.9,185.65,198.9,1068620
GTPL,2024-01-29 00:00:00+05:30,199.95,201.7,195.75,197.95,190773
GTPL,2024-01-30 00:00:00+05:30,199.5,200.0,192.05,193.95,96504
GTPL,2024-01-31 00:00:00+05:30,194.4,199.0,193.45,195.1,128053
GTPL,2024-02-01 00:00:00+05:30,196.45,201.05,191.0,192.25,111482
GTPL,2024-02-02 00:00:00+05:30,193.25,196.05,179.35,186.35,713814
GTPL,2024-02-05 00:00:00+05:30,186.0,197.5,186.0,189.7,373340
GTPL,2024-02-06 00:00:00+05:30,190.65,198.75,188.4,197.2,304560
GTPL,2024-02-07 00:00:00+05:30,198.2,200.0,194.0,194.3,99235
GTPL,2024-02-08 00:00:00+05:30,194.0,195.7,189.05,193.9,118993
GTPL,2024-02-09 00:00:00+05:30,192.85,195.2,185.4,194.3,347479
GTPL,2024-02-12 00:00:00+05:30,195.85,196.7,184.0,185.3,231054
GTPL,2024-02-13 00:00:00+05:30,185.3,214.0,178.8,204.9,1908812
GTPL,2024-02-14 00:00:00+05:30,204.7,204.7,194.6,196.7,519237
GTPL,2024-02-15 00:00:00+05:30,197.0,210.0,195.85,201.55,325568
GTPL,2024-02-16 00:00:00+05:30,200.9,212.5,198.5,209.0,557279
GTPL,2024-02-19 00:00:00+05:30,210.7,215.1,203.2,210.7,423187
GTPL,2024-02-20 00:00:00+05:30,210.7,212.0,204.0,205.1,130972
GTPL,2024-02-21 00:00:00+05:30,205.1,211.95,196.35,200.55,176674
GTPL,2024-02-22 00:00:00+05:30,201.6,211.0,197.55,206.55,477923
GTPL,2024-02-23 00:00:00+05:30,208.0,210.5,198.9,200.45,140254
GTPL,2024-02-26 00:00:00+05:30,202.8,204.7,199.05,201.05,136819
GTPL,2024-02-27 00:00:00+05:30,201.0,204.15,196.05,197.05,72146
GTPL,2024-02-28 00:00:00+05:30,197.0,199.95,189.1,190.45,104453
GTPL,2024-02-29 00:00:00+05:30,190.9,194.7,185.75,188.25,130346
GTPL,2024-03-01 00:00:00+05:30,189.95,205.95,189.95,197.05,208513
GTPL,2024-03-02 00:00:00+05:30,197.05,199.05,193.1,197.65,14780
GTPL,2024-03-04 00:00:00+05:30,197.75,198.6,190.3,191.5,70252
GTPL,2024-03-05 00:00:00+05:30,191.5,194.0,187.6,189.35,60553
GTPL,2024-03-06 00:00:00+05:30,189.2,189.7,174.4,177.1,332833
GTPL,2024-03-07 00:00:00+05:30,175.15,182.45,172.0,174.25,168876
GTPL,2024-03-11 00:00:00+05:30,175.9,178.95,170.05,170.65,98371
GTPL,2024-03-12 00:00:00+05:30,170.65,172.55,162.1,169.45,180364
GTPL,2024-03-13 00:00:00+05:30,167.8,169.95,156.55,157.6,192992
GTPL,2024-03-14 00:00:00+05:30,158.4,168.0,157.05,166.25,67863
GTPL,2024-03-15 00:00:00+05:30,166.4,174.2,162.8,164.1,74335
GTPL,2024-03-18 00:00:00+05:30,164.95,168.85,161.0,162.35,74880
GTPL,2024-03-19 00:00:00+05:30,160.8,163.75,160.05,160.55,32309
GTPL,2024-03-20 00:00:00+05:30,160.55,165.0,158.55,159.75,75359
GTPL,2024-03-21 00:00:00+05:30,161.0,165.0,160.5,162.2,79859
GTPL,2024-03-22 00:00:00+05:30,162.25,184.65,162.25,174.15,515850
GTPL,2024-03-26 00:00:00+05:30,173.0,173.2,166.2,168.45,87235
GTPL,2024-03-27 00:00:00+05:30,168.55,173.75,167.0,168.6,140368
GTPL,2024-03-28 00:00:00+05:30,169.0,173.5,164.85,166.5,68188
GTPL,2024-04-01 00:00:00+05:30,167.35,175.85,167.35,174.7,55895
GTPL,2024-04-02 00:00:00+05:30,174.9,178.0,172.05,177.15,58027
GTPL,2024-04-03 00:00:00+05:30,177.25,181.0,176.1,179.05,63372
GTPL,2024-04-04 00:00:00+05:30,180.05,181.3,175.35,177.25,48964
GTPL,2024-04-05 00:00:00+05:30,178.0,179.5,177.0,178.95,26195
GTPL,2024-04-08 00:00:00+05:30,179.2,186.1,178.65,181.6,85110
GTPL,2024-04-09 00:00:00+05:30,184.9,188.0,177.1,179.9,107914
GTPL,2024-04-10 00:00:00+05:30,180.8,184.0,180.05,181.1,43000
GTPL,2024-04-12 00:00:00+05:30,181.95,186.8,181.05,184.45,116668
GTPL,2024-04-15 00:00:00+05:30,186.85,196.0,180.75,187.45,749678
GTPL,2024-04-16 00:00:00+05:30,190.0,195.8,183.0,186.85,860709
GTPL,2024-04-18 00:00:00+05:30,188.95,190.7,183.3,184.6,126933
GTPL,2024-04-19 00:00:00+05:30,181.0,181.0,171.9,177.05,110776
GTPL,2024-04-22 00:00:00+05:30,179.7,183.45,179.05,181.9,47926
GTPL,2024-04-23 00:00:00+05:30,181.9,183.15,173.0,177.6,89724
GTPL,2024-04-24 00:00:00+05:30,179.7,181.25,178.1,178.8,45344
GTPL,2024-04-25 00:00:00+05:30,180.4,182.05,178.0,178.9,34042
GTPL,2024-04-26 00:00:00+05:30,179.6,184.0,177.3,179.35,87131
GTPL,2024-04-29 00:00:00+05:30,180.25,181.5,177.05,177.7,48767
GTPL,2024-04-30 00:00:00+05:30,177.05,179.35,177.0,177.35,87245
GTPL,2024-05-02 00:00:00+05:30,177.65,178.85,176.05,177.3,110378
GTPL,2024-05-03 00:00:00+05:30,178.2,186.1,176.05,182.6,598846
GTPL,2024-05-06 00:00:00+05:30,183.05,183.05,173.7,175.05,123767
GTPL,2024-05-07 00:00:00+05:30,175.9,176.75,171.05,171.35,116033
GTPL,2024-05-08 00:00:00+05:30,170.05,183.75,168.35,173.95,177159
GTPL,2024-05-09 00:00:00+05:30,172.95,176.65,171.0,173.25,92059
GTPL,2024-05-10 00:00:00+05:30,174.05,180.0,170.0,175.85,105819
GTPL,2024-05-13 00:00:00+05:30,175.0,177.35,171.5,173.9,102496
GTPL,2024-05-14 00:00:00+05:30,173.75,178.65,172.6,173.3,98311
GTPL,2024-05-15 00:00:00+05:30,175.0,178.1,173.95,174.45,93337
GTPL,2024-05-16 00:00:00+05:30,175.5,176.45,173.05,174.05,22608
GTPL,2024-05-17 00:00:00+05:30,174.95,175.9,173.2,173.75,32915
GTPL,2024-05-18 00:00:00+05:30,173.3,175.3,172.5,173.45,9410
GTPL,2024-05-21 00:00:00+05:30,173.05,180.0,172.5,178.2,179627
GTPL,2024-05-22 00:00:00+05:30,178.6,178.6,174.45,175.2,39089
GTPL,2024-05-23 00:00:00+05:30,176.1,176.55,173.0,173.5,24520
GTPL,2024-05-24 00:00:00+05:30,174.4,175.7,171.8,172.25,42921
GTPL,2024-05-27 00:00:00+05:30,171.8,173.45,167.35,167.95,79234
GTPL,2024-05-28 00:00:00+05:30,168.8,170.4,165.05,165.5,30758
GTPL,2024-05-29 00:00:00+05:30,165.5,168.25,165.0,166.3,23337
GTPL,2024-05-30 00:00:00+05:30,167.15,167.95,163.5,164.45,28168
GTPL,2024-05-31 00:00:00+05:30,165.3,168.0,163.0,163.65,27135
GTPL,2024-06-03 00:00:00+05:30,166.0,168.95,162.65,163.2,33931
GTPL,2024-06-04 00:00:00+05:30,163.0,165.0,153.95,154.8,90612
GTPL,2024-06-05 00:00:00+05:30,155.0,161.0,152.55,158.3,45646
GTPL,2024-06-06 00:00:00+05:30,159.7,179.5,159.25,177.4,204720
GTPL,2024-06-07 00:00:00+05:30,176.0,177.0,172.0,173.1,64935
GTPL,2024-06-10 00:00:00+05:30,174.8,176.0,170.9,172.67,40970
GTPL,2024-06-11 00:00:00+05:30,173.9,175.8,170.85,172.68,38993
GTPL,2024-06-12 00:00:00+05:30,172.05,177.3,172.05,173.1,55301
GTPL,2024-06-13 00:00:00+05:30,173.1,175.58,166.97,169.36,68650
GTPL,2024-06-14 00:00:00+05:30,169.36,173.9,169.36,170.19,62587
GTPL,2024-06-18 00:00:00+05:30,171.13,172.88,169.61,170.62,37780
GTPL,2024-06-19 00:00:00+05:30,171.0,176.75,169.2,174.01,92859
GTPL,2024-06-20 00:00:00+05:30,174.01,176.9,172.8,175.42,46970
GTPL,2024-06-21 00:00:00+05:30,174.5,176.59,172.0,173.57,38092
GTPL,2024-06-24 00:00:00+05:30,173.8,178.6,171.5,172.64,93941
GTPL,2024-06-25 00:00:00+05:30,173.55,186.01,172.05,179.41,390511
GTPL,2024-06-26 00:00:00+05:30,178.35,179.5,175.0,175.55,58674
GTPL,2024-06-27 00:00:00+05:30,174.1,187.0,174.0,175.06,354644
GTPL,2024-06-28 00:00:00+05:30,176.45,184.0,173.02,175.78,99393
GTPL,2024-07-01 00:00:00+05:30,174.6,180.51,174.6,178.11,64211
GTPL,2024-07-02 00:00:00+05:30,178.1,183.4,176.61,177.91,143681
GTPL,2024-07-03 00:00:00+05:30,178.79,180.35,177.5,178.82,45225
GTPL,2024-07-04 00:00:00+05:30,179.05,180.06,175.15,177.49,64324
GTPL,2024-07-05 00:00:00+05:30,177.5,178.4,175.1,176.81,59371
GTPL,2024-07-08 00:00:00+05:30,175.3,179.5,173.8,176.04,67503
GTPL,2024-07-09 00:00:00+05:30,176.05,180.49,174.73,175.35,63327
GTPL,2024-07-10 00:00:00+05:30,175.5,179.01,172.39,173.08,79159
GTPL,2024-07-11 00:00:00+05:30,175.55,176.72,171.3,172.3,114525
GTPL,2024-07-12 00:00:00+05:30,171.0,171.79,165.0,168.1,278761
GTPL,2024-07-15 00:00:00+05:30,168.17,175.29,168.17,169.63,147835
GTPL,2024-07-16 00:00:00+05:30,171.3,172.8,168.0,169.49,99050
GTPL,2024-07-18 00:00:00+05:30,170.35,170.79,165.25,166.37,42548
GTPL,2024-07-19 00:00:00+05:30,167.14,167.14,163.23,164.65,62762
GTPL,2024-07-22 00:00:00+05:30,163.25,165.9,162.65,163.27,32702
GTPL,2024-07-23 00:00:00+05:30,163.9,163.9,160.21,160.73,50198
GTPL,2024-07-24 00:00:00+05:30,161.55,166.69,160.73,164.98,47445
GTPL,2024-07-25 00:00:00+05:30,165.8,166.91,163.09,165.51,40238
GTPL,2024-07-26 00:00:00+05:30,165.51,169.9,164.15,164.56,46287
GTPL,2024-07-29 00:00:00+05:30,165.2,169.43,164.8,165.13,67291
GTPL,2024-07-30 00:00:00+05:30,166.0,167.59,164.9,165.6,25429
GTPL,2024-07-31 00:00:00+05:30,166.45,172.0,166.09,167.34,108653
GTPL,2024-08-01 00:00:00+05:30,168.64,169.0,164.45,164.96,53063
GTPL,2024-08-02 00:00:00+05:30,164.15,167.35,163.85,165.88,39347
GTPL,2024-08-05 00:00:00+05:30,164.8,164.8,159.0,159.38,85790
GTPL,2024-08-06 00:00:00+05:30,159.5,162.41,158.36,160.11,49848
GTPL,2024-08-07 00:00:00+05:30,161.2,164.0,158.93,160.27,41674
GTPL,2024-08-08 00:00:00+05:30,161.01,162.8,158.9,159.14,31839
GTPL,2024-08-09 00:00:00+05:30,159.95,163.27,159.85,160.32,48943
GTPL,2024-08-12 00:00:00+05:30,160.0,161.73,159.55,160.13,23551
GTPL,2024-08-13 00:00:00+05:30,158.35,160.55,158.0,158.12,24759
GTPL,2024-08-14 00:00:00+05:30,158.95,159.24,156.55,157.1,18638
GTPL,2024-08-16 00:00:00+05:30,157.1,159.2,156.55,158.34,14529
GTPL,2024-08-19 00:00:00+05:30,159.0,163.98,158.78,162.38,35176
GTPL,2024-08-20 00:00:00+05:30,167.5,167.5,162.27,164.27,50122
GTPL,2024-08-21 00:00:00+05:30,165.35,167.0,163.4,164.33,29113
GTPL,2024-08-22 00:00:00+05:30,165.2,169.9,164.54,167.72,80423
GTPL,2024-08-23 00:00:00+05:30,167.72,169.19,165.01,166.8,26693
GTPL,2024-08-26 00:00:00+05:30,167.0,169.4,162.3,163.97,80035
GTPL,2024-08-27 00:00:00+05:30,164.1,172.5,160.97,170.41,161521
GTPL,2024-08-28 00:00:00+05:30,172.0,172.49,168.2,168.93,41595
GTPL,2024-08-29 00:00:00+05:30,171.8,172.0,165.43,165.99,55353
GTPL,2024-08-30 00:00:00+05:30,166.85,168.9,165.05,165.51,18366
GTPL,2024-09-02 00:00:00+05:30,166.35,169.69,162.73,164.75,43442
GTPL,2024-09-03 00:00:00+05:30,167.2,169.39,164.2,165.35,27489
GTPL,2024-09-04 00:00:00+05:30,162.85,166.69,162.85,163.92,38501
GTPL,2024-09-05 00:00:00+05:30,164.75,170.17,164.75,168.56,66457
GTPL,2024-09-06 00:00:00+05:30,169.0,169.45,165.25,166.58,52213
GTPL,2024-09-09 00:00:00+05:30,167.0,174.0,164.65,168.5,40963
GTPL,2024-09-10 00:00:00+05:30,169.35,171.5,167.05,168.54,49893
GTPL,2024-09-11 00:00:00+05:30,169.4,170.49,166.75,167.93,30921
GTPL,2024-09-12 00:00:00+05:30,168.8,170.56,167.07,168.95,28425
GTPL,2024-09-13 00:00:00+05:30,170.28,173.9,168.67,170.62,88081
GTPL,2024-09-16 00:00:00+05:30,173.15,176.2,171.92,175.49,222269
GTPL,2024-09-17 00:00:00+05:30,177.49,177.49,170.01,172.67,76101
GTPL,2024-09-18 00:00:00+05:30,173.55,174.03,170.05,170.8,47700
GTPL,2024-09-19 00:00:00+05:30,173.0,173.0,165.51,168.52,44936
GTPL,2024-09-20 00:00:00+05:30,162.6,172.91,162.6,168.57,135320
GTPL,2024-09-23 00:00:00+05:30,169.0,169.0,165.0,165.48,49424
GTPL,2024-09-24 00:00:00+05:30,166.0,174.0,164.0,167.76,196108
GTPL,2024-09-25 00:00:00+05:30,168.15,168.15,165.1,166.28,22527
GTPL,2024-09-26 00:00:00+05:30,165.0,177.59,165.0,169.97,279612
GTPL,2024-09-27 00:00:00+05:30,170.99,171.34,166.0,166.95,39200
GTPL,2024-09-30 00:00:00+05:30,166.95,167.76,164.41,166.56,49666
GTPL,2024-10-01 00:00:00+05:30,166.5,169.56,164.51,165.78,41401
GTPL,2024-10-03 00:00:00+05:30,163.0,173.49,163.0,170.51,161826
GTPL,2024-10-04 00:00:00+05:30,170.0,170.7,166.0,168.25,77197
GTPL,2024-10-07 00:00:00+05:30,169.1,174.85,164.7,165.93,110103
GTPL,2024-10-08 00:00:00+05:30,164.0,168.15,162.35,164.31,65386
GTPL,2024-10-09 00:00:00+05:30,165.0,167.94,163.5,165.31,35072
GTPL,2024-10-10 00:00:00+05:30,164.49,166.9,159.95,163.03,164113
GTPL,2024-10-11 00:00:00+05:30,163.0,163.78,161.1,161.74,23014
GTPL,2024-10-14 00:00:00+05:30,162.55,162.55,158.75,159.35,145715
GTPL,2024-10-15 00:00:00+05:30,160.15,160.74,158.45,158.93,150526
GTPL,2024-10-16 00:00:00+05:30,159.2,160.0,157.26,158.04,37723
GTPL,2024-10-17 00:00:00+05:30,158.39,162.45,157.25,158.1,138024
GTPL,2024-10-18 00:00:00+05:30,158.1,159.0,156.65,157.2,22254
GTPL,2024-10-21 00:00:00+05:30,158.0,161.09,155.45,159.44,37749
GTPL,2024-10-22 00:00:00+05:30,159.85,159.85,152.75,153.2,43261
GTPL,2024-10-23 00:00:00+05:30,152.3,153.12,149.45,150.25,38534
GTPL,2024-10-24 00:00:00+05:30,151.05,151.36,149.15,149.62,17630
GTPL,2024-10-25 00:00:00+05:30,150.15,150.21,145.25,145.92,46661
GTPL,2024-10-28 00:00:00+05:30,145.25,147.78,144.65,145.19,29376
GTPL,2024-10-29 00:00:00+05:30,145.95,154.94,145.02,149.1,354410
GTPL,2024-10-30 00:00:00+05:30,149.85,151.9,148.79,150.22,17067
GTPL,2024-10-31 00:00:00+05:30,151.0,152.39,149.01,149.74,18076
GTPL,2024-11-01 00:00:00+05:30,149.74,152.57,148.05,148.89,16636
GTPL,2024-11-04 00:00:00+05:30,149.05,150.9,145.63,149.57,24450
GTPL,2024-11-05 00:00:00+05:30,150.0,150.35,148.0,148.89,18322
GTPL,2024-11-06 00:00:00+05:30,149.0,152.39,148.64,149.07,48104
GTPL,2024-11-07 00:00:00+05:30,149.55,154.3,148.0,150.76,41893
GTPL,2024-11-08 00:00:00+05:30,150.0,152.15,146.76,148.25,34934
GTPL,2024-11-11 00:00:00+05:30,148.5,148.6,144.65,145.24,21518
GTPL,2024-11-12 00:00:00+05:30,144.35,147.27,143.15,143.8,36140
GTPL,2024-11-13 00:00:00+05:30,143.0,145.98,142.25,143.95,32304
GTPL,2024-11-14 00:00:00+05:30,144.7,144.79,142.0,142.61,17324
GTPL,2024-11-18 00:00:00+05:30,142.61,144.14,141.1,142.24,23077
GTPL,2024-11-19 00:00:00+05:30,142.99,145.58,141.06,141.43,21506
GTPL,2024-11-21 00:00:00+05:30,141.21,142.9,139.85,140.24,19305
GTPL,2024-11-22 00:00:00+05:30,140.5,141.15,139.1,139.38,13892
GTPL,2024-11-25 00:00:00+05:30,140.35,142.79,140.35,142.07,11027
GTPL,2024-11-26 00:00:00+05:30,143.1,143.1,140.55,141.3,14101
GTPL,2024-11-27 00:00:00+05:30,141.0,148.0,140.0,144.88,38705
GTPL,2024-11-28 00:00:00+05:30,145.88,147.31,144.14,146.18,11784
GTPL,2024-11-29 00:00:00+05:30,147.1,147.15,144.41,146.33,5938
GTPL,2024-12-02 00:00:00+05:30,146.17,150.96,144.06,148.12,20764
GTPL,2024-12-03 00:00:00+05:30,149.4,151.0,147.6,150.39,14898
GTPL,2024-12-04 00:00:00+05:30,150.7,151.48,149.0,149.67,9463
GTPL,2024-12-05 00:00:00+05:30,150.7,150.7,143.0,145.33,45808
GTPL,2024-12-06 00:00:00+05:30,145.37,148.14,145.33,146.43,22484
GTPL,2024-12-09 00:00:00+05:30,146.5,148.99,146.01,147.69,18761
GTPL,2024-12-10 00:00:00+05:30,148.25,148.86,145.8,146.87,14499
GTPL,2024-12-11 00:00:00+05:30,147.95,149.87,143.81,146.34,33262
GTPL,2024-12-12 00:00:00+05:30,147.0,147.5,145.1,145.9,9708
GTPL,2024-12-13 00:00:00+05:30,145.9,145.9,142.27,143.63,19863
GTPL,2024-12-16 00:00:00+05:30,144.55,146.46,143.5,143.92,16147
GTPL,2024-12-17 00:00:00+05:30,143.92,145.99,143.81,144.95,10528
GTPL,2024-12-18 00:00:00+05:30,145.9,145.9,142.0,143.65,9710
GTPL,2024-12-19 00:00:00+05:30,142.0,143.99,140.06,141.58,12341
GTPL,2024-12-20 00:00:00+05:30,141.84,142.3,138.0,138.78,21508
GTPL,2024-12-23 00:00:00+05:30,138.78,138.9,134.75,135.71,35406
GTPL,2024-12-24 00:00:00+05:30,136.37,136.41,134.45,134.66,12827
GTPL,2024-12-26 00:00:00+05:30,135.7,137.99,134.45,135.74,23196
GTPL,2024-12-27 00:00:00+05:30,136.41,138.35,135.74,137.54,10930
GTPL,2024-12-30 00:00:00+05:30,138.0,138.0,135.0,135.45,14494
GTPL,2024-12-31 00:00:00+05:30,135.0,137.99,134.35,137.11,9419
GTPL,2025-01-01 00:00:00+05:30,138.04,139.88,136.21,137.28,11376
GTPL,2025-01-02 00:00:00+05:30,137.0,140.9,137.0,140.3,11083
GTPL,2025-01-03 00:00:00+05:30,141.0,141.9,138.25,139.78,12132
GTPL,2025-01-06 00:00:00+05:30,135.7,139.9,133.55,136.89,25758
GTPL,2025-01-07 00:00:00+05:30,135.4,137.99,135.02,136.87,9604
GTPL,2025-01-08 00:00:00+05:30,137.0,137.9,134.05,135.09,21789
GTPL,2025-01-09 00:00:00+05:30,142.0,157.99,140.04,146.52,1269322
GTPL,2025-01-10 00:00:00+05:30,145.0,145.0,128.15,130.53,522473
GTPL,2025-01-13 00:00:00+05:30,126.0,127.97,121.35,122.29,152101
GTPL,2025-01-14 00:00:00+05:30,121.26,124.6,118.85,119.76,110132
GTPL,2025-01-15 00:00:00+05:30,120.94,123.81,119.3,121.92,52876
GTPL,2025-01-16 00:00:00+05:30,121.4,123.98,118.0,119.07,90727
GTPL,2025-01-17 00:00:00+05:30,119.93,120.25,117.85,119.03,84999
GTPL,2025-01-20 00:00:00+05:30,119.03,135.9,119.03,131.55,355221
GTPL,2025-01-21 00:00:00+05:30,126.6,129.79,125.31,128.52,101672
GTPL,2025-01-22 00:00:00+05:30,128.54,128.54,121.05,122.41,28975
GTPL,2025-01-23 00:00:00+05:30,122.5,124.18,121.01,121.5,33762
GTPL,2025-01-24 00:00:00+05:30,121.8,121.8,118.5,118.89,18415
GTPL,2025-01-27 00:00:00+05:30,117.35,118.4,109.85,111.37,97753
GTPL,2025-01-28 00:00:00+05:30,112.5,112.69,107.75,108.59,53475
GTPL,2025-01-29 00:00:00+05:30,107.91,117.09,107.91,115.15,86724
GTPL,2025-01-30 00:00:00+05:30,113.4,115.05,112.11,112.92,29103
GTPL,2025-01-31 00:00:00+05:30,113.6,115.0,113.15,114.55,18451
GTPL,2025-02-01 00:00:00+05:30,115.4,120.5,114.42,116.59,55262
GTPL,2025-02-03 00:00:00+05:30,115.25,116.9,114.0,115.07,13160
GTPL,2025-02-04 00:00:00+05:30,115.07,119.25,114.5,117.89,24788
GTPL,2025-02-05 00:00:00+05:30,118.8,119.28,117.01,117.18,17409
GTPL,2025-02-06 00:00:00+05:30,118.05,118.91,111.03,111.87,477329
GTPL,2025-02-07 00:00:00+05:30,111.95,114.95,111.87,114.33,390662
GTPL,2025-02-10 00:00:00+05:30,115.0,116.96,112.61,115.69,41661
GTPL,2025-02-11 00:00:00+05:30,114.9,114.9,110.76,111.35,21861
GTPL,2025-02-12 00:00:00+05:30,112.0,116.0,107.17,115.05,44733
GTPL,2025-02-13 00:00:00+05:30,114.35,115.78,112.0,114.61,423314
GTPL,2025-02-14 00:00:00+05:30,115.35,115.35,108.51,110.39,24471
GTPL,2025-02-17 00:00:00+05:30,108.75,111.64,107.15,108.1,22081
GTPL,2025-02-18 00:00:00+05:30,109.15,109.15,106.15,106.75,221025
GTPL,2025-02-19 00:00:00+05:30,107.54,119.01,107.54,113.73,537782
GTPL,2025-02-20 00:00:00+05:30,112.15,117.38,111.81,114.96,20162
GTPL,2025-02-21 00:00:00+05:30,115.56,115.74,111.2,112.28,15965
GTPL,2025-02-24 00:00:00+05:30,112.28,112.28,108.06,108.97,13659
GTPL,2025-02-25 00:00:00+05:30,109.85,111.9,106.15,107.24,16896
GTPL,2025-02-27 00:00:00+05:30,108.45,110.8,105.85,107.57,23929
GTPL,2025-02-28 00:00:00+05:30,105.45,107.5,104.25,106.08,38405
GTPL,2025-03-03 00:00:00+05:30,105.0,106.9,103.25,103.91,22514
GTPL,2025-03-04 00:00:00+05:30,103.25,104.99,102.65,103.71,27153
GTPL,2025-03-05 00:00:00+05:30,104.5,105.33,103.0,103.81,63211
GTPL,2025-03-06 00:00:00+05:30,104.7,116.8,104.41,113.43,692856
GTPL,2025-03-07 00:00:00+05:30,112.21,115.64,110.96,114.06,47425
GTPL,2025-03-10 00:00:00+05:30,114.06,115.0,110.4,112.93,77660
GTPL,2025-03-11 00:00:00+05:30,111.25,111.49,108.15,109.32,172566
GTPL,2025-03-12 00:00:00+05:30,108.25,111.11,105.25,106.21,25706
GTPL,2025-03-13 00:00:00+05:30,107.3,115.5,106.11,110.06,762925
GTPL,2025-03-17 00:00:00+05:30,108.2,111.0,106.9,108.05,302936
GTPL,2025-03-18 00:00:00+05:30,108.85,118.15,108.05,109.46,579653
GTPL,2025-03-19 00:00:00+05:30,109.46,112.81,109.01,110.02,54210
GTPL,2025-03-20 00:00:00+05:30,110.85,114.0,110.85,111.71,365310
GTPL,2025-03-21 00:00:00+05:30,111.04,120.0,111.04,114.1,553739
GTPL,2025-03-24 00:00:00+05:30,114.1,115.98,112.01,113.13,70330
GTPL,2025-03-25 00:00:00+05:30,114.0,116.24,110.95,111.7,54950
GTPL,2025-03-26 00:00:00+05:30,111.9,113.9,107.62,108.91,43459
GTPL,2025-03-27 00:00:00+05:30,109.77,110.15,107.07,107.79,222449
GTPL,2025-03-28 00:00:00+05:30,107.34,111.71,107.05,108.26,254730
GTPL,2025-04-01 00:00:00+05:30,109.15,111.95,108.47,111.03,43117
GTPL,2025-04-02 00:00:00+05:30,111.8,111.85,108.61,111.51,34422
GTPL,2025-04-03 00:00:00+05:30,111.73,112.63,110.51,111.39,18989
GTPL,2025-04-04 00:00:00+05:30,112.2,112.2,107.78,109.09,35809
GTPL,2025-04-07 00:00:00+05:30,98.1,105.79,98.1,105.27,54762
GTPL,2025-04-08 00:00:00+05:30,104.9,106.7,104.72,106.11,17339
GTPL,2025-04-09 00:00:00+05:30,106.11,106.46,103.67,105.14,17106
GTPL,2025-04-11 00:00:00+05:30,106.05,108.99,106.05,108.12,19199
GTPL,2025-04-15 00:00:00+05:30,109.5,112.29,109.5,111.62,52291
GTPL,2025-04-16 00:00:00+05:30,112.0,115.66,111.62,113.17,89160
GTPL,2025-04-17 00:00:00+05:30,112.05,115.02,108.75,112.78,122934
GTPL,2025-04-21 00:00:00+05:30,114.89,114.89,112.5,112.98,66328
GTPL,2025-04-22 00:00:00+05:30,113.8,113.8,112.16,112.8,25784
GTPL,2025-04-23 00:00:00+05:30,113.6,115.8,111.2,112.59,52596
GTPL,2025-04-24 00:00:00+05:30,113.5,114.37,112.6,113.06,26876
GTPL,2025-04-25 00:00:00+05:30,113.8,113.8,108.5,109.11,28715
GTPL,2025-04-28 00:00:00+05:30,109.11,109.77,106.01,106.36,67917
GTPL,2025-04-29 00:00:00+05:30,106.5,107.99,106.2,106.66,30531
GTPL,2025-04-30 00:00:00+05:30,106.8,106.8,104.52,105.0,30959
GTPL,2025-05-02 00:00:00+05:30,105.1,106.19,104.32,105.15,32240
GTPL,2025-05-05 00:00:00+05:30,106.1,108.19,105.6,106.64,26638
GTPL,2025-05-06 00:00:00+05:30,107.55,107.55,105.0,105.31,20632
GTPL,2025-05-07 00:00:00+05:30,105.0,106.66,103.0,104.09,68848
GTPL,2025-05-08 00:00:00+05:30,103.0,105.9,102.35,102.86,25025
GTPL,2025-05-09 00:00:00+05:30,102.33,103.53,100.75,102.89,21027
GTPL,2025-05-12 00:00:00+05:30,103.6,108.61,103.6,106.95,28020
GTPL,2025-05-13 00:00:00+05:30,106.9,108.0,105.03,106.38,24994
GTPL,2025-05-14 00:00:00+05:30,107.06,108.95,106.5,106.85,33288
GTPL,2025-05-15 00:00:00+05:30,107.6,107.71,106.41,106.87,54114
GTPL,2025-05-16 00:00:00+05:30,107.7,110.16,106.86,107.55,61754
GTPL,2025-05-19 00:00:00+05:30,108.4,111.9,107.74,110.62,53860
GTPL,2025-05-20 00:00:00+05:30,109.5,112.5,107.5,108.42,42435
GTPL,2025-05-21 00:00:00+05:30,108.95,109.5,106.83,108.26,21250
GTPL,2025-05-22 00:00:00+05:30,109.0,110.95,107.6,108.36,21865
GTPL,2025-05-23 00:00:00+05:30,108.9,109.95,107.91,109.32,14154
GTPL,2025-05-26 00:00:00+05:30,110.0,110.72,109.05,109.54,17173
GTPL,2025-05-27 00:00:00+05:30,110.0,110.89,109.52,110.54,21068
GTPL,2025-05-28 00:00:00+05:30,111.3,111.5,110.05,110.63,19081
GTPL,2025-05-29 00:00:00+05:30,110.0,112.08,109.5,111.43,21535
GTPL,2025-05-30 00:00:00+05:30,111.7,115.4,110.66,112.47,86920
GTPL,2025-06-02 00:00:00+05:30,112.47,112.78,110.5,111.69,27148
GTPL,2025-06-03 00:00:00+05:30,112.4,113.35,111.01,112.07,29577
GTPL,2025-06-04 00:00:00+05:30,112.79,112.79,110.25,110.62,17032
GTPL,2025-06-05 00:00:00+05:30,110.66,112.9,110.5,111.14,15697
GTPL,2025-06-06 00:00:00+05:30,112.0,112.0,111.0,111.12,12592
GTPL,2025-06-09 00:00:00+05:30,111.9,112.0,109.94,110.58,30217
GTPL,2025-06-10 00:00:00+05:30,110.69,122.15,107.29,117.45,465799
GTPL,2025-06-11 00:00:00+05:30,117.9,118.65,113.91,117.09,67779
GTPL,2025-06-12 00:00:00+05:30,117.15,125.0,115.69,118.76,194269
GTPL,2025-06-13 00:00:00+05:30,117.0,118.75,114.0,115.24,38651
GTPL,2025-06-16 00:00:00+05:30,116.2,121.5,115.24,119.08,65182
GTPL,2025-06-17 00:00:00+05:30,120.0,120.29,116.8,116.92,18563
GTPL,2025-06-18 00:00:00+05:30,117.9,117.9,111.05,112.31,51145
GTPL,2025-06-19 00:00:00+05:30,113.45,133.4,112.99,124.54,5800218
GTPL,2025-06-20 00:00:00+05:30,123.0,126.9,118.0,119.53,880118
GTPL,2025-06-23 00:00:00+05:30,117.75,118.27,115.41,115.98,228475
GTPL,2025-06-24 00:00:00+05:30,116.0,120.2,115.56,116.11,119985
GTPL,2025-06-25 00:00:00+05:30,117.1,123.44,116.22,118.71,247987
GTPL,2025-06-26 00:00:00+05:30,120.39,123.4,117.82,119.06,111603
GTPL,2025-06-27 00:00:00+05:30,120.25,122.0,119.25,120.27,69785
GTPL,2025-06-30 00:00:00+05:30,121.2,121.87,119.31,120.56,40618
GTPL,2025-07-01 00:00:00+05:30,121.5,121.98,118.46,119.19,45923
GTPL,2025-07-02 00:00:00+05:30,119.19,120.99,118.46,119.42,25553
GTPL,2025-07-03 00:00:00+05:30,120.4,121.13,119.07,120.49,63625
GTPL,2025-07-04 00:00:00+05:30,121.4,121.4,118.06,118.29,36024
GTPL,2025-07-07 00:00:00+05:30,118.8,120.83,118.06,118.54,50791
GTPL,2025-07-08 00:00:00+05:30,118.05,119.3,117.0,118.12,23906
GTPL,2025-07-09 00:00:00+05:30,118.95,124.73,118.14,122.02,247039
GTPL,2025-07-10 00:00:00+05:30,124.0,124.62,120.71,122.28,87881
GTPL,2025-07-11 00:00:00+05:30,119.98,120.51,115.4,115.84,184823
GTPL,2025-07-14 00:00:00+05:30,116.41,116.89,113.2,113.99,73658
GTPL,2025-07-15 00:00:00+05:30,114.8,117.89,114.61,115.65,76447
GTPL,2025-07-16 00:00:00+05:30,117.7,124.5,117.11,120.35,841908
GTPL,2025-07-17 00:00:00+05:30,120.16,120.18,117.25,117.88,105261
GTPL,2025-07-18 00:00:00+05:30,118.25,119.42,116.45,117.44,37356
GTPL,2025-07-21 00:00:00+05:30,116.95,117.96,116.2,116.62,36938
GTPL,2025-07-22 00:00:00+05:30,116.7,118.29,115.5,116.05,28162
GTPL,2025-07-23 00:00:00+05:30,116.9,127.49,115.61,124.49,610632
GTPL,2025-07-24 00:00:00+05:30,124.98,125.0,120.24,121.24,63560
GTPL,2025-07-25 00:00:00+05:30,121.25,122.3,119.7,120.96,47191
GTPL,2025-07-28 00:00:00+05:30,120.89,121.8,118.9,119.22,33173
GTPL,2025-07-29 00:00:00+05:30,119.22,119.55,118.0,118.9,16563
GTPL,2025-07-30 00:00:00+05:30,119.79,120.32,117.65,118.05,23548
GTPL,2025-07-31 00:00:00+05:30,116.01,121.58,116.0,119.68,34465
GTPL,2025-08-01 00:00:00+05:30,119.8,125.0,118.75,122.79,118741
GTPL,2025-08-04 00:00:00+05:30,120.0,123.47,120.0,120.55,32917
GTPL,2025-08-05 00:00:00+05:30,120.55,121.68,118.19,118.54,18023
GTPL,2025-08-06 00:00:00+05:30,118.54,119.5,117.02,117.45,12025
GTPL,2025-08-07 00:00:00+05:30,118.4,119.8,116.15,118.64,32936
GTPL,2025-08-08 00:00:00+05:30,119.5,119.5,117.05,117.81,20193
GTPL,2025-08-11 00:00:00+05:30,118.8,118.8,116.05,117.23,14272
GTPL,2025-08-12 00:00:00+05:30,117.3,118.89,116.25,116.91,10878
GTPL,2025-08-13 00:00:00+05:30,117.38,118.99,116.01,116.83,16218
GTPL,2025-08-14 00:00:00+05:30,117.07,117.61,115.71,115.98,14793
GTPL,2025-08-18 00:00:00+05:30,116.3,117.96,114.75,115.05,21493
GTPL,2025-08-19 00:00:00+05:30,115.09,120.38,114.4,118.75,53435
GTPL,2025-08-20 00:00:00+05:30,118.27,119.99,117.08,117.57,16750
GTPL,2025-08-21 00:00:00+05:30,117.57,118.8,117.01,117.31,8150
GTPL,2025-08-22 00:00:00+05:30,118.2,118.2,116.25,116.95,8143
GTPL,2025-08-25 00:00:00+05:30,117.8,118.02,116.11,117.78,7733
GTPL,2025-08-26 00:00:00+05:30,117.9,117.9,115.8,116.02,5882
GTPL,2025-08-28 00:00:00+05:30,116.8,116.8,111.9,112.86,31982
GTPL,2025-08-29 00:00:00+05:30,113.8,115.98,112.61,115.25,14538
GTPL,2025-09-01 00:00:00+05:30,116.1,117.0,114.02,115.31,14658
GTPL,2025-09-02 00:00:00+05:30,115.57,116.59,115.57,115.71,12333
GTPL,2025-09-03 00:00:00+05:30,116.45,118.7,115.41,117.32,16193
GTPL,2025-09-04 00:00:00+05:30,117.79,118.0,115.0,115.98,7946
GTPL,2025-09-05 00:00:00+05:30,116.65,116.8,115.01,115.77,10025
GTPL,2025-09-08 00:00:00+05:30,116.44,117.76,114.6,115.05,9854
GTPL,2025-09-09 00:00:00+05:30,115.77,117.69,114.98,115.12,6112
GTPL,2025-09-10 00:00:00+05:30,116.0,116.78,114.0,114.9,13293
GTPL,2025-09-11 00:00:00+05:30,115.7,117.2,114.9,115.1,16979
GTPL,2025-09-12 00:00:00+05:30,115.67,115.67,114.01,114.87,13355
GTPL,2025-09-15 00:00:00+05:30,116.5,116.5,114.06,115.37,16916
GTPL,2025-09-16 00:00:00+05:30,116.2,116.67,115.05,116.34,14937
GTPL,2025-09-17 00:00:00+05:30,116.5,118.8,116.37,117.57,22313
GTPL,2025-09-18 00:00:00+05:30,116.4,118.95,115.3,117.22,21949
GTPL,2025-09-19 00:00:00+05:30,117.0,117.0,115.25,115.9,15840
GTPL,2025-09-22 00:00:00+05:30,115.9,116.17,112.5,114.39,25629
GTPL,2025-09-23 00:00:00+05:30,114.0,114.0,112.5,112.61,22516
GTPL,2025-09-24 00:00:00+05:30,112.01,115.29,111.81,114.64,19714
GTPL,2025-09-25 00:00:00+05:30,114.99,114.99,113.0,113.18,6206
GTPL,2025-09-26 00:00:00+05:30,113.21,113.21,108.47,109.87,24107
GTPL,2025-09-29 00:00:00+05:30,110.0,111.5,108.55,108.85,20992
GTPL,2025-09-30 00:00:00+05:30,108.91,109.4,107.85,108.0,17006
GTPL,2025-10-01 00:00:00+05:30,108.9,109.0,107.55,107.99,14209
GTPL,2025-10-03 00:00:00+05:30,108.8,109.39,107.5,108.37,15858
GTPL,2025-10-06 00:00:00+05:30,108.37,108.38,106.81,107.18,21314
GTPL,2025-10-07 00:00:00+05:30,107.05,108.12,107.0,107.56,20130
GTPL,2025-10-08 00:00:00+05:30,107.56,107.98,106.3,106.58,10442
GTPL,2025-10-09 00:00:00+05:30,106.58,106.58,105.55,105.88,13181
GTPL,2025-10-10 00:00:00+05:30,106.57,106.59,105.71,105.88,16989
GTPL,2025-10-13 00:00:00+05:30,105.88,111.68,105.55,108.25,42689
GTPL,2025-10-14 00:00:00+05:30,107.9,118.25,107.0,109.17,109996
GTPL,2025-10-15 00:00:00+05:30,110.75,111.01,105.8,106.45,60631
GTPL,2025-10-16 00:00:00+05:30,107.0,107.55,105.8,106.21,15147
GTPL,2025-10-17 00:00:00+05:30,106.74,106.74,104.85,105.03,17490
GTPL,2025-10-20 00:00:00+05:30,105.0,106.0,104.3,104.74,20805
GTPL,2025-10-21 00:00:00+05:30,104.31,107.0,104.31,106.42,3436
GTPL,2025-10-23 00:00:00+05:30,107.3,107.3,106.0,106.36,9082
GTPL,2025-10-24 00:00:00+05:30,107.1,108.96,105.12,105.87,13272
GTPL,2025-10-27 00:00:00+05:30,106.7,107.09,104.9,105.19,18186
GTPL,2025-10-28 00:00:00+05:30,105.68,106.77,105.25,106.09,10180
GTPL,2025-10-29 00:00:00+05:30,106.09,106.89,105.5,106.13,9589
GTPL,2025-10-30 00:00:00+05:30,107.0,107.0,105.11,105.51,7913
GTPL,2025-10-31 00:00:00+05:30,106.4,106.99,105.24,105.69,12328
GTPL,2025-11-03 00:00:00+05:30,106.0,106.98,105.62,106.51,12395
GTPL,2025-11-04 00:00:00+05:30,107.4,107.4,105.5,106.25,6442
GTPL,2025-11-06 00:00:00+05:30,107.0,107.0,104.81,106.05,11408
GTPL,2025-11-07 00:00:00+05:30,106.59,106.89,104.15,105.54,14522
GTPL,2025-11-10 00:00:00+05:30,104.4,106.52,104.0,104.31,22229
GTPL,2025-11-11 00:00:00+05:30,104.5,105.15,103.91,104.61,8297
GTPL,2025-11-12 00:00:00+05:30,105.0,106.05,104.4,104.74,12363
GTPL,2025-11-13 00:00:00+05:30,104.54,106.0,104.01,104.69,8938
GTPL,2025-11-14 00:00:00+05:30,104.1,107.0,104.03,104.57,8480
GTPL,2025-11-17 00:00:00+05:30,105.4,106.13,102.95,103.56,23834
GTPL,2025-11-18 00:00:00+05:30,103.3,103.89,101.95,102.27,18173
GTPL,2025-11-19 00:00:00+05:30,102.27,103.2,101.1,101.34,15197
GTPL,2025-11-20 00:00:00+05:30,102.1,102.1,100.3,101.18,20058
GTPL,2025-11-21 00:00:00+05:30,102.0,102.0,101.0,101.15,18066
GTPL,2025-11-24 00:00:00+05:30,101.15,101.15,100.0,100.1,14198
GTPL,2025-11-25 00:00:00+05:30,99.8,100.1,99.0,99.2,12160
GTPL,2025-11-26 00:00:00+05:30,98.97,100.85,98.97,99.82,16576
GTPL,2025-11-27 00:00:00+05:30,100.6,101.5,98.8,99.31,14620
GTPL,2025-11-28 00:00:00+05:30,99.0,101.09,99.0,99.58,9856
