Symbol,Date,Open,High,Low,Close,Volume
MARALOVER,2003-01-01 00:00:00+05:30,14.15,14.35,14.15,14.35,17100
MARALOVER,2003-01-02 00:00:00+05:30,14.4,14.55,14.35,14.4,10450
MARALOVER,2003-01-03 00:00:00+05:30,17.0,17.0,14.5,14.9,2453
MARALOVER,2003-01-06 00:00:00+05:30,14.5,14.5,14.3,14.5,2600
MARALOVER,2003-01-07 00:00:00+05:30,14.5,14.5,14.25,14.25,650
MARALOVER,2003-01-08 00:00:00+05:30,14.2,14.75,14.2,14.3,1200
MARALOVER,2003-01-09 00:00:00+05:30,14.4,14.7,14.25,14.6,6800
MARALOVER,2003-01-10 00:00:00+05:30,14.35,15.0,14.3,14.5,13849
MARALOVER,2003-01-13 00:00:00+05:30,14.9,14.9,14.25,14.6,4750
MARALOVER,2003-01-14 00:00:00+05:30,14.55,14.7,14.55,14.55,800
MARALOVER,2003-01-15 00:00:00+05:30,15.0,15.0,14.7,14.7,1949
MARALOVER,2003-01-16 00:00:00+05:30,15.0,15.4,14.8,15.15,12985
MARALOVER,2003-01-17 00:00:00+05:30,15.4,15.75,15.25,15.3,5975
MARALOVER,2003-01-20 00:00:00+05:30,15.3,15.3,14.9,15.15,3050
MARALOVER,2003-01-21 00:00:00+05:30,15.05,15.45,15.0,15.1,7300
MARALOVER,2003-01-22 00:00:00+05:30,15.0,15.2,15.0,15.05,3750
MARALOVER,2003-01-23 00:00:00+05:30,14.95,15.1,14.9,15.0,3969
MARALOVER,2003-01-24 00:00:00+05:30,14.65,15.05,14.65,14.75,3800
MARALOVER,2003-01-27 00:00:00+05:30,15.05,15.05,14.1,14.1,3100
MARALOVER,2003-01-28 00:00:00+05:30,14.25,14.45,14.0,14.45,1925
MARALOVER,2003-01-29 00:00:00+05:30,14.3,14.8,14.25,14.8,3650
MARALOVER,2003-01-30 00:00:00+05:30,14.5,15.0,14.5,14.9,6100
MARALOVER,2003-01-31 00:00:00+05:30,14.7,14.8,14.3,14.5,20325
MARALOVER,2003-02-03 00:00:00+05:30,14.7,15.0,14.65,14.7,21598
MARALOVER,2003-02-04 00:00:00+05:30,14.25,14.55,14.25,14.5,300
MARALOVER,2003-02-05 00:00:00+05:30,14.35,14.7,14.35,14.7,2100
MARALOVER,2003-02-06 00:00:00+05:30,14.35,14.35,14.35,14.35,200
MARALOVER,2003-02-07 00:00:00+05:30,14.45,14.45,14.3,14.35,2700
MARALOVER,2003-02-10 00:00:00+05:30,14.25,14.5,14.25,14.5,600
MARALOVER,2003-02-11 00:00:00+05:30,14.2,14.2,14.2,14.2,500
MARALOVER,2003-02-12 00:00:00+05:30,14.2,14.2,14.2,14.2,800
MARALOVER,2003-02-14 00:00:00+05:30,13.85,14.0,13.8,13.95,1200
MARALOVER,2003-02-17 00:00:00+05:30,14.0,14.6,14.0,14.2,1300
MARALOVER,2003-02-18 00:00:00+05:30,14.25,14.25,14.2,14.2,800
MARALOVER,2003-02-19 00:00:00+05:30,14.6,14.6,14.2,14.2,1200
MARALOVER,2003-02-20 00:00:00+05:30,14.2,14.2,14.2,14.2,500
MARALOVER,2003-02-21 00:00:00+05:30,14.0,14.3,14.0,14.1,1800
MARALOVER,2003-02-24 00:00:00+05:30,14.05,14.3,14.05,14.3,2400
MARALOVER,2003-02-25 00:00:00+05:30,14.05,14.2,13.7,14.0,1891
MARALOVER,2003-02-26 00:00:00+05:30,14.45,14.45,14.1,14.1,700
MARALOVER,2003-02-27 00:00:00+05:30,13.6,14.55,13.6,14.55,4100
MARALOVER,2003-02-28 00:00:00+05:30,14.85,15.0,14.3,14.45,7000
MARALOVER,2003-03-03 00:00:00+05:30,14.95,14.95,14.6,14.6,2800
MARALOVER,2003-03-04 00:00:00+05:30,14.35,14.65,14.25,14.65,700
MARALOVER,2003-03-05 00:00:00+05:30,14.5,14.5,14.15,14.15,2100
MARALOVER,2003-03-06 00:00:00+05:30,14.3,14.3,14.05,14.05,400
MARALOVER,2003-03-07 00:00:00+05:30,13.8,13.8,12.85,13.0,3478
MARALOVER,2003-03-10 00:00:00+05:30,13.1,13.75,13.1,13.35,1423
MARALOVER,2003-03-11 00:00:00+05:30,13.0,13.0,12.7,13.0,1100
MARALOVER,2003-03-12 00:00:00+05:30,13.0,13.1,13.0,13.1,200
MARALOVER,2003-03-13 00:00:00+05:30,13.05,13.1,13.0,13.05,22165
MARALOVER,2003-03-17 00:00:00+05:30,13.05,13.05,12.9,12.9,2075
MARALOVER,2003-03-19 00:00:00+05:30,13.0,13.45,13.0,13.45,1200
MARALOVER,2003-03-20 00:00:00+05:30,13.0,13.0,13.0,13.0,1200
MARALOVER,2003-03-21 00:00:00+05:30,13.1,13.2,13.1,13.2,3600
MARALOVER,2003-03-24 00:00:00+05:30,12.45,13.0,12.45,12.75,2600
MARALOVER,2003-03-25 00:00:00+05:30,12.75,12.9,12.5,12.65,5461
MARALOVER,2003-03-26 00:00:00+05:30,12.5,12.9,12.5,12.65,3661
MARALOVER,2003-03-27 00:00:00+05:30,12.55,12.55,12.55,12.55,100
MARALOVER,2003-03-28 00:00:00+05:30,12.75,12.95,12.7,12.95,1335
MARALOVER,2003-03-31 00:00:00+05:30,12.0,12.5,12.0,12.5,1495
MARALOVER,2003-04-01 00:00:00+05:30,12.5,12.5,12.5,12.5,100
MARALOVER,2003-04-02 00:00:00+05:30,12.9,12.9,12.9,12.9,515
MARALOVER,2003-04-03 00:00:00+05:30,13.0,13.05,13.0,13.0,10000
MARALOVER,2003-04-04 00:00:00+05:30,13.35,13.35,13.3,13.3,200
MARALOVER,2003-04-07 00:00:00+05:30,13.3,13.75,13.3,13.55,13500
MARALOVER,2003-04-08 00:00:00+05:30,13.2,13.5,13.2,13.45,13131
MARALOVER,2003-04-09 00:00:00+05:30,13.25,13.5,13.25,13.5,13600
MARALOVER,2003-04-10 00:00:00+05:30,13.1,13.5,13.1,13.4,4000
MARALOVER,2003-04-11 00:00:00+05:30,13.3,13.5,13.3,13.5,3500
MARALOVER,2003-04-15 00:00:00+05:30,13.25,13.5,13.25,13.5,3100
MARALOVER,2003-04-16 00:00:00+05:30,13.3,13.5,13.25,13.5,25501
MARALOVER,2003-04-17 00:00:00+05:30,13.05,13.3,12.95,13.1,7624
MARALOVER,2003-04-21 00:00:00+05:30,12.55,13.25,12.0,12.25,23003
MARALOVER,2003-04-22 00:00:00+05:30,12.2,13.0,12.1,12.85,8175
MARALOVER,2003-04-23 00:00:00+05:30,12.65,13.2,12.25,12.6,36424
MARALOVER,2003-04-24 00:00:00+05:30,12.65,12.65,12.55,12.55,1500
MARALOVER,2003-04-25 00:00:00+05:30,12.55,12.55,12.0,12.2,27097
MARALOVER,2003-04-28 00:00:00+05:30,12.05,12.6,12.05,12.5,4000
MARALOVER,2003-04-29 00:00:00+05:30,12.9,12.95,12.55,12.85,1730
MARALOVER,2003-04-30 00:00:00+05:30,12.9,13.2,12.7,12.95,13050
MARALOVER,2003-05-02 00:00:00+05:30,12.85,13.15,12.65,13.0,13149
MARALOVER,2003-05-05 00:00:00+05:30,13.2,13.9,13.1,13.5,13041
MARALOVER,2003-05-06 00:00:00+05:30,12.7,13.6,12.7,13.3,3900
MARALOVER,2003-05-07 00:00:00+05:30,13.3,13.6,13.2,13.4,3778
MARALOVER,2003-05-08 00:00:00+05:30,13.15,13.3,13.1,13.2,4804
MARALOVER,2003-05-09 00:00:00+05:30,13.15,13.15,13.05,13.1,800
MARALOVER,2003-05-12 00:00:00+05:30,13.65,13.65,12.5,13.5,11000
MARALOVER,2003-05-13 00:00:00+05:30,13.95,14.2,13.5,13.8,35600
MARALOVER,2003-05-14 00:00:00+05:30,14.25,16.55,14.25,15.2,67433
MARALOVER,2003-05-15 00:00:00+05:30,15.45,15.6,15.0,15.45,73073
MARALOVER,2003-05-16 00:00:00+05:30,15.6,16.45,15.6,15.95,43631
MARALOVER,2003-05-19 00:00:00+05:30,16.85,17.4,15.75,15.9,76481
MARALOVER,2003-05-20 00:00:00+05:30,16.0,16.0,15.0,15.6,29930
MARALOVER,2003-05-21 00:00:00+05:30,16.3,16.35,15.5,15.6,37035
MARALOVER,2003-05-22 00:00:00+05:30,15.75,16.15,15.55,15.75,11315
MARALOVER,2003-05-23 00:00:00+05:30,15.75,15.9,15.5,15.6,24595
MARALOVER,2003-05-26 00:00:00+05:30,17.35,17.35,16.0,16.25,57924
MARALOVER,2003-05-27 00:00:00+05:30,16.0,16.65,15.85,15.95,32704
MARALOVER,2003-05-28 00:00:00+05:30,15.7,16.55,15.7,15.85,6865
MARALOVER,2003-05-29 00:00:00+05:30,15.95,15.95,15.5,15.6,13551
MARALOVER,2003-05-30 00:00:00+05:30,15.4,15.9,15.4,15.85,42249
MARALOVER,2003-06-02 00:00:00+05:30,16.5,16.5,15.75,15.8,27231
MARALOVER,2003-06-03 00:00:00+05:30,16.5,16.5,15.35,15.55,15750
MARALOVER,2003-06-04 00:00:00+05:30,15.7,16.0,15.5,15.7,15331
MARALOVER,2003-06-05 00:00:00+05:30,16.0,16.7,15.7,15.85,42704
MARALOVER,2003-06-06 00:00:00+05:30,16.1,16.1,15.75,15.85,13950
MARALOVER,2003-06-09 00:00:00+05:30,16.2,16.25,15.85,15.9,33501
MARALOVER,2003-06-10 00:00:00+05:30,16.0,16.75,15.8,15.9,36612
MARALOVER,2003-06-11 00:00:00+05:30,16.35,16.35,15.5,15.8,17402
MARALOVER,2003-06-12 00:00:00+05:30,15.9,16.2,15.65,15.95,38026
MARALOVER,2003-06-13 00:00:00+05:30,16.0,16.25,15.8,16.0,28877
MARALOVER,2003-06-16 00:00:00+05:30,15.5,17.2,15.5,16.95,112853
MARALOVER,2003-06-17 00:00:00+05:30,17.35,17.9,17.05,17.65,98186
MARALOVER,2003-06-18 00:00:00+05:30,17.9,18.4,17.6,17.7,87438
MARALOVER,2003-06-19 00:00:00+05:30,17.9,18.4,17.7,17.95,61051
MARALOVER,2003-06-20 00:00:00+05:30,18.3,18.3,17.7,17.8,49100
MARALOVER,2003-06-23 00:00:00+05:30,18.85,19.7,18.55,18.75,91441
MARALOVER,2003-06-24 00:00:00+05:30,18.05,19.45,18.05,18.9,67339
MARALOVER,2003-06-25 00:00:00+05:30,18.85,20.5,18.8,19.9,135853
MARALOVER,2003-06-26 00:00:00+05:30,19.9,20.45,19.05,19.25,50642
MARALOVER,2003-06-27 00:00:00+05:30,19.5,19.5,18.75,19.0,24785
MARALOVER,2003-06-30 00:00:00+05:30,16.0,19.8,16.0,18.8,58654
MARALOVER,2003-07-01 00:00:00+05:30,19.15,19.6,18.75,19.25,42234
MARALOVER,2003-07-02 00:00:00+05:30,20.0,23.1,20.0,22.35,321857
MARALOVER,2003-07-03 00:00:00+05:30,23.0,23.55,21.35,21.5,117610
MARALOVER,2003-07-04 00:00:00+05:30,21.25,22.1,20.5,21.75,69990
MARALOVER,2003-07-07 00:00:00+05:30,20.5,22.25,20.5,21.8,34887
MARALOVER,2003-07-08 00:00:00+05:30,22.65,22.7,21.5,22.0,58315
MARALOVER,2003-07-09 00:00:00+05:30,21.25,21.7,20.9,21.1,32513
MARALOVER,2003-07-10 00:00:00+05:30,20.95,21.0,19.5,20.0,32680
MARALOVER,2003-07-11 00:00:00+05:30,19.6,20.6,19.4,19.5,22286
MARALOVER,2003-07-14 00:00:00+05:30,20.9,21.75,20.0,20.75,32507
MARALOVER,2003-07-15 00:00:00+05:30,20.5,20.8,19.5,19.7,29195
MARALOVER,2003-07-16 00:00:00+05:30,19.8,20.15,19.3,19.85,14547
MARALOVER,2003-07-17 00:00:00+05:30,19.9,20.0,18.9,19.05,22152
MARALOVER,2003-07-18 00:00:00+05:30,18.6,19.1,18.15,18.6,12122
MARALOVER,2003-07-21 00:00:00+05:30,19.0,19.0,18.0,18.15,17550
MARALOVER,2003-07-22 00:00:00+05:30,17.55,18.2,17.25,17.75,17242
MARALOVER,2003-07-23 00:00:00+05:30,17.55,18.1,17.4,17.75,16570
MARALOVER,2003-07-24 00:00:00+05:30,17.55,18.45,17.1,18.15,23150
MARALOVER,2003-07-25 00:00:00+05:30,17.7,18.25,17.5,17.8,23601
MARALOVER,2003-07-28 00:00:00+05:30,18.45,19.0,18.35,18.9,12850
MARALOVER,2003-07-29 00:00:00+05:30,18.75,19.9,18.4,19.45,27521
MARALOVER,2003-07-30 00:00:00+05:30,20.0,20.55,19.5,19.8,40128
MARALOVER,2003-07-31 00:00:00+05:30,20.4,20.4,18.5,18.75,13281
MARALOVER,2003-08-01 00:00:00+05:30,19.0,19.0,18.4,18.8,7720
MARALOVER,2003-08-04 00:00:00+05:30,18.5,19.0,18.15,18.9,27850
MARALOVER,2003-08-05 00:00:00+05:30,19.1,19.1,18.0,18.1,22658
MARALOVER,2003-08-06 00:00:00+05:30,17.75,18.0,17.1,17.4,38336
MARALOVER,2003-08-07 00:00:00+05:30,18.35,18.5,17.1,17.85,22059
MARALOVER,2003-08-08 00:00:00+05:30,17.75,19.35,17.75,19.05,53526
MARALOVER,2003-08-11 00:00:00+05:30,19.1,20.5,18.85,19.0,68765
MARALOVER,2003-08-12 00:00:00+05:30,18.5,18.65,16.75,18.0,94801
MARALOVER,2003-08-13 00:00:00+05:30,17.25,18.15,16.8,17.8,112382
MARALOVER,2003-08-14 00:00:00+05:30,18.05,18.5,18.0,18.05,55719
MARALOVER,2003-08-18 00:00:00+05:30,18.15,18.7,17.7,18.55,50223
MARALOVER,2003-08-19 00:00:00+05:30,19.65,19.65,17.5,17.6,31549
MARALOVER,2003-08-20 00:00:00+05:30,17.6,17.9,17.5,17.65,13375
MARALOVER,2003-08-21 00:00:00+05:30,17.95,17.95,17.3,17.55,16090
MARALOVER,2003-08-22 00:00:00+05:30,18.0,18.0,17.0,17.05,42666
MARALOVER,2003-08-25 00:00:00+05:30,17.0,17.4,16.25,16.45,21399
MARALOVER,2003-08-26 00:00:00+05:30,16.15,16.95,16.0,16.9,20792
MARALOVER,2003-08-27 00:00:00+05:30,16.55,17.5,16.5,17.1,31736
MARALOVER,2003-08-28 00:00:00+05:30,17.05,17.05,16.45,16.75,3619
MARALOVER,2003-08-29 00:00:00+05:30,16.95,17.35,16.75,16.9,22925
MARALOVER,2003-09-01 00:00:00+05:30,17.0,18.9,16.6,18.5,69221
MARALOVER,2003-09-02 00:00:00+05:30,19.0,19.5,17.3,17.45,61183
MARALOVER,2003-09-03 00:00:00+05:30,18.35,18.35,16.7,16.9,46983
MARALOVER,2003-09-04 00:00:00+05:30,17.0,17.3,16.35,16.5,15776
MARALOVER,2003-09-05 00:00:00+05:30,17.1,17.1,16.1,16.3,21888
MARALOVER,2003-09-08 00:00:00+05:30,16.6,16.85,16.15,16.3,19154
MARALOVER,2003-09-09 00:00:00+05:30,16.05,16.15,15.65,15.75,15918
MARALOVER,2003-09-10 00:00:00+05:30,16.9,16.9,15.15,15.35,9756
MARALOVER,2003-09-11 00:00:00+05:30,15.5,15.6,14.6,14.8,35276
MARALOVER,2003-09-12 00:00:00+05:30,15.6,15.6,14.8,15.0,22368
MARALOVER,2003-09-15 00:00:00+05:30,14.85,14.85,14.4,14.45,13680
MARALOVER,2003-09-16 00:00:00+05:30,14.4,14.95,14.2,14.75,4659
MARALOVER,2003-09-17 00:00:00+05:30,14.65,15.25,14.6,15.2,8825
MARALOVER,2003-09-18 00:00:00+05:30,14.4,14.8,14.1,14.25,14914
MARALOVER,2003-09-19 00:00:00+05:30,14.5,14.5,13.8,14.05,5201
MARALOVER,2003-09-22 00:00:00+05:30,14.05,14.05,13.7,14.0,2425
MARALOVER,2003-09-23 00:00:00+05:30,13.75,14.0,13.6,13.75,1340
MARALOVER,2003-09-24 00:00:00+05:30,13.95,13.95,13.55,13.6,24716
MARALOVER,2003-09-25 00:00:00+05:30,13.7,13.95,13.7,13.9,6385
MARALOVER,2003-09-26 00:00:00+05:30,14.15,14.25,14.0,14.0,5467
MARALOVER,2003-09-29 00:00:00+05:30,13.9,14.1,13.85,13.9,14800
MARALOVER,2003-09-30 00:00:00+05:30,14.0,14.0,13.7,13.9,9557
MARALOVER,2003-10-01 00:00:00+05:30,14.0,14.4,14.0,14.05,9300
MARALOVER,2003-10-03 00:00:00+05:30,14.25,15.0,14.25,14.75,32630
MARALOVER,2003-10-06 00:00:00+05:30,15.1,15.5,15.0,15.3,21735
MARALOVER,2003-10-07 00:00:00+05:30,15.5,15.5,15.0,15.5,18090
MARALOVER,2003-10-08 00:00:00+05:30,15.3,15.4,15.05,15.25,10700
MARALOVER,2003-10-09 00:00:00+05:30,14.8,16.0,14.8,15.9,22961
MARALOVER,2003-10-10 00:00:00+05:30,15.3,16.2,15.3,15.6,12231
MARALOVER,2003-10-13 00:00:00+05:30,15.3,15.75,15.3,15.65,5556
MARALOVER,2003-10-14 00:00:00+05:30,16.0,16.1,14.5,14.7,28483
MARALOVER,2003-10-15 00:00:00+05:30,14.5,15.0,14.5,14.75,3150
MARALOVER,2003-10-16 00:00:00+05:30,14.75,15.0,14.5,14.65,13479
MARALOVER,2003-10-17 00:00:00+05:30,14.4,14.8,14.0,14.0,11450
MARALOVER,2003-10-20 00:00:00+05:30,14.2,14.2,14.0,14.1,15550
MARALOVER,2003-10-21 00:00:00+05:30,13.0,14.2,13.0,13.55,12761
MARALOVER,2003-10-22 00:00:00+05:30,13.75,13.75,13.25,13.4,6755
MARALOVER,2003-10-23 00:00:00+05:30,13.5,13.9,13.1,13.45,6908
MARALOVER,2003-10-24 00:00:00+05:30,13.2,13.6,13.2,13.45,2760
MARALOVER,2003-10-27 00:00:00+05:30,14.4,14.4,13.75,13.85,1750
MARALOVER,2003-10-28 00:00:00+05:30,13.8,13.8,13.55,13.6,3300
MARALOVER,2003-10-29 00:00:00+05:30,13.8,14.25,13.75,14.0,10758
MARALOVER,2003-10-30 00:00:00+05:30,14.0,14.3,13.75,13.8,13015
MARALOVER,2003-10-31 00:00:00+05:30,14.0,14.0,13.3,13.75,8521
MARALOVER,2003-11-03 00:00:00+05:30,13.5,14.0,13.5,13.95,11652
MARALOVER,2003-11-04 00:00:00+05:30,13.95,13.95,13.3,13.3,5001
MARALOVER,2003-11-05 00:00:00+05:30,13.0,14.7,13.0,13.85,9076
MARALOVER,2003-11-06 00:00:00+05:30,14.0,14.2,13.85,14.05,8975
MARALOVER,2003-11-07 00:00:00+05:30,13.15,14.15,13.15,14.0,10250
MARALOVER,2003-11-10 00:00:00+05:30,13.95,14.5,13.95,14.15,14005
MARALOVER,2003-11-11 00:00:00+05:30,14.4,15.45,14.4,15.2,52394
MARALOVER,2003-11-12 00:00:00+05:30,15.9,18.25,15.8,18.25,174183
MARALOVER,2003-11-13 00:00:00+05:30,18.75,21.75,18.6,20.3,433204
MARALOVER,2003-11-14 00:00:00+05:30,20.4,20.9,18.3,18.5,133291
MARALOVER,2003-11-17 00:00:00+05:30,20.1,22.1,20.0,22.1,278243
MARALOVER,2003-11-18 00:00:00+05:30,23.5,23.5,21.85,22.05,263553
MARALOVER,2003-11-19 00:00:00+05:30,22.5,22.6,21.5,21.7,113445
MARALOVER,2003-11-20 00:00:00+05:30,22.0,22.25,20.5,21.15,71202
MARALOVER,2003-11-21 00:00:00+05:30,20.7,21.0,19.05,19.45,98449
MARALOVER,2003-11-24 00:00:00+05:30,19.2,21.4,19.2,20.55,52906
MARALOVER,2003-11-25 00:00:00+05:30,19.1,21.5,19.1,21.05,51562
MARALOVER,2003-11-27 00:00:00+05:30,21.5,22.5,21.1,21.75,122094
MARALOVER,2003-11-28 00:00:00+05:30,22.0,22.7,21.55,21.85,81132
MARALOVER,2003-12-01 00:00:00+05:30,22.1,22.7,22.1,22.4,81452
MARALOVER,2003-12-02 00:00:00+05:30,22.6,23.2,22.15,22.75,78048
MARALOVER,2003-12-03 00:00:00+05:30,22.3,22.9,22.25,22.4,53586
MARALOVER,2003-12-04 00:00:00+05:30,22.6,23.5,22.5,23.05,92335
MARALOVER,2003-12-05 00:00:00+05:30,22.9,24.2,22.9,23.4,172292
MARALOVER,2003-12-08 00:00:00+05:30,24.0,25.0,23.6,24.6,96245
MARALOVER,2003-12-09 00:00:00+05:30,25.6,26.95,25.0,26.8,135541
MARALOVER,2003-12-10 00:00:00+05:30,27.4,29.0,27.1,27.95,243844
MARALOVER,2003-12-11 00:00:00+05:30,29.9,30.75,28.5,30.75,167797
MARALOVER,2003-12-12 00:00:00+05:30,32.3,33.85,30.35,33.7,446290
MARALOVER,2003-12-15 00:00:00+05:30,37.0,37.0,31.5,32.4,235479
MARALOVER,2003-12-16 00:00:00+05:30,32.45,33.0,30.2,30.95,89149
MARALOVER,2003-12-17 00:00:00+05:30,31.45,34.05,30.75,33.95,259226
MARALOVER,2003-12-18 00:00:00+05:30,35.0,36.95,34.55,35.6,346609
MARALOVER,2003-12-19 00:00:00+05:30,36.95,36.95,33.55,33.9,107812
MARALOVER,2003-12-22 00:00:00+05:30,34.95,35.0,33.25,33.6,50342
MARALOVER,2003-12-23 00:00:00+05:30,37.0,37.0,31.6,32.35,55480
MARALOVER,2003-12-24 00:00:00+05:30,30.5,33.5,30.5,32.15,42383
MARALOVER,2003-12-26 00:00:00+05:30,32.0,32.7,31.7,32.2,39804
MARALOVER,2003-12-29 00:00:00+05:30,32.0,35.1,30.75,32.8,190082
MARALOVER,2003-12-30 00:00:00+05:30,32.0,33.65,29.55,29.9,161351
MARALOVER,2003-12-31 00:00:00+05:30,30.75,31.45,28.0,28.2,88725
MARALOVER,2004-01-01 00:00:00+05:30,26.5,29.0,26.5,28.6,57530
MARALOVER,2004-01-02 00:00:00+05:30,29.0,29.85,28.5,28.7,46486
MARALOVER,2004-01-05 00:00:00+05:30,27.5,29.4,27.5,27.7,41927
MARALOVER,2004-01-06 00:00:00+05:30,28.0,28.1,25.55,26.25,42951
MARALOVER,2004-01-07 00:00:00+05:30,25.7,26.95,24.15,24.6,53937
MARALOVER,2004-01-08 00:00:00+05:30,27.0,27.1,25.95,27.1,38405
MARALOVER,2004-01-09 00:00:00+05:30,27.6,29.0,26.5,26.8,76642
MARALOVER,2004-01-12 00:00:00+05:30,27.8,27.8,25.55,25.9,33403
MARALOVER,2004-01-13 00:00:00+05:30,25.5,26.45,25.5,26.05,28715
MARALOVER,2004-01-14 00:00:00+05:30,26.8,27.25,25.55,26.55,38177
MARALOVER,2004-01-15 00:00:00+05:30,26.85,27.2,26.0,26.3,26449
MARALOVER,2004-01-16 00:00:00+05:30,25.6,26.5,24.0,24.45,18308
MARALOVER,2004-01-19 00:00:00+05:30,24.2,24.9,23.7,24.15,18368
MARALOVER,2004-01-20 00:00:00+05:30,25.1,25.6,22.65,23.1,23048
MARALOVER,2004-01-21 00:00:00+05:30,23.1,23.1,20.8,20.9,22620
MARALOVER,2004-01-22 00:00:00+05:30,21.6,22.85,18.9,19.05,35661
MARALOVER,2004-01-23 00:00:00+05:30,19.7,21.0,18.7,21.0,27096
MARALOVER,2004-01-27 00:00:00+05:30,20.0,23.0,20.0,22.65,16375
MARALOVER,2004-01-28 00:00:00+05:30,23.0,23.8,22.1,22.5,24110
MARALOVER,2004-01-29 00:00:00+05:30,22.3,22.6,21.3,21.7,12618
MARALOVER,2004-01-30 00:00:00+05:30,22.0,22.0,20.2,20.5,10278
MARALOVER,2004-02-03 00:00:00+05:30,20.3,21.5,18.95,19.0,15182
MARALOVER,2004-02-04 00:00:00+05:30,19.5,19.6,18.5,19.35,20828
MARALOVER,2004-02-05 00:00:00+05:30,20.0,20.0,19.25,19.25,7497
MARALOVER,2004-02-06 00:00:00+05:30,19.5,19.5,19.1,19.1,5307
MARALOVER,2004-02-09 00:00:00+05:30,19.65,19.7,19.05,19.15,11433
MARALOVER,2004-02-10 00:00:00+05:30,19.1,19.95,19.1,19.65,7116
MARALOVER,2004-02-11 00:00:00+05:30,19.7,20.15,19.5,19.5,4351
MARALOVER,2004-02-12 00:00:00+05:30,19.25,19.9,18.8,18.9,10596
MARALOVER,2004-02-13 00:00:00+05:30,20.0,20.0,18.75,19.55,11393
MARALOVER,2004-02-16 00:00:00+05:30,18.8,21.25,18.8,20.8,45248
MARALOVER,2004-02-17 00:00:00+05:30,20.65,20.9,20.0,20.2,17364
MARALOVER,2004-02-18 00:00:00+05:30,20.1,20.2,19.25,19.5,17193
MARALOVER,2004-02-19 00:00:00+05:30,19.3,20.0,18.9,19.2,12337
MARALOVER,2004-02-20 00:00:00+05:30,19.6,19.6,18.75,19.0,8501
MARALOVER,2004-02-23 00:00:00+05:30,19.0,19.35,18.15,18.55,12325
MARALOVER,2004-02-24 00:00:00+05:30,17.1,18.65,17.1,18.1,4796
MARALOVER,2004-02-25 00:00:00+05:30,19.5,19.5,18.1,18.1,4925
MARALOVER,2004-02-26 00:00:00+05:30,19.5,19.5,18.0,18.1,9224
MARALOVER,2004-02-27 00:00:00+05:30,20.55,20.55,17.5,17.6,7511
MARALOVER,2004-03-01 00:00:00+05:30,16.35,18.25,16.35,17.4,4846
MARALOVER,2004-03-03 00:00:00+05:30,18.3,18.3,17.7,17.9,6689
MARALOVER,2004-03-04 00:00:00+05:30,17.95,17.95,17.05,17.2,6553
MARALOVER,2004-03-05 00:00:00+05:30,14.3,19.8,14.3,16.9,3777
MARALOVER,2004-03-08 00:00:00+05:30,18.2,18.45,16.75,17.6,9063
MARALOVER,2004-03-09 00:00:00+05:30,17.8,18.2,17.5,17.65,8001
MARALOVER,2004-03-10 00:00:00+05:30,17.3,17.8,17.0,17.05,5550
MARALOVER,2004-03-11 00:00:00+05:30,17.0,17.4,16.5,16.75,10604
MARALOVER,2004-03-12 00:00:00+05:30,17.0,17.0,16.25,17.0,8051
MARALOVER,2004-03-15 00:00:00+05:30,17.0,17.0,15.0,15.4,19301
MARALOVER,2004-03-16 00:00:00+05:30,12.5,15.5,12.5,15.4,7199
MARALOVER,2004-03-17 00:00:00+05:30,18.0,18.0,14.0,14.0,28195
MARALOVER,2004-03-18 00:00:00+05:30,14.0,15.1,14.0,14.45,38087
MARALOVER,2004-03-19 00:00:00+05:30,14.0,15.15,14.0,14.7,13538
MARALOVER,2004-03-22 00:00:00+05:30,11.95,17.55,11.95,14.55,14532
MARALOVER,2004-03-23 00:00:00+05:30,12.0,16.95,12.0,14.3,16447
MARALOVER,2004-03-24 00:00:00+05:30,14.25,14.75,14.15,14.3,16537
MARALOVER,2004-03-25 00:00:00+05:30,14.5,14.85,14.5,14.65,8951
MARALOVER,2004-03-26 00:00:00+05:30,13.0,15.5,13.0,15.1,20553
MARALOVER,2004-03-29 00:00:00+05:30,16.65,16.65,14.65,14.8,17877
MARALOVER,2004-03-30 00:00:00+05:30,12.0,15.65,12.0,15.25,9637
MARALOVER,2004-03-31 00:00:00+05:30,14.8,16.0,14.8,15.95,11542
MARALOVER,2004-04-01 00:00:00+05:30,16.25,17.75,16.1,17.3,17380
MARALOVER,2004-04-02 00:00:00+05:30,17.0,17.65,16.65,17.4,17756
MARALOVER,2004-04-05 00:00:00+05:30,17.7,18.15,17.5,17.7,14910
MARALOVER,2004-04-06 00:00:00+05:30,17.5,17.9,17.05,17.4,6754
MARALOVER,2004-04-07 00:00:00+05:30,18.8,18.8,17.0,17.15,7593
MARALOVER,2004-04-08 00:00:00+05:30,17.85,17.85,17.25,17.45,7500
MARALOVER,2004-04-12 00:00:00+05:30,17.95,18.05,17.35,17.5,15276
MARALOVER,2004-04-13 00:00:00+05:30,17.05,17.8,17.05,17.7,6894
MARALOVER,2004-04-15 00:00:00+05:30,17.2,18.25,17.2,17.65,9625
MARALOVER,2004-04-16 00:00:00+05:30,17.8,18.5,17.8,18.1,8391
MARALOVER,2004-04-19 00:00:00+05:30,18.2,19.4,18.2,18.5,12774
MARALOVER,2004-04-20 00:00:00+05:30,18.9,18.9,18.05,18.15,6099
MARALOVER,2004-04-21 00:00:00+05:30,18.1,19.5,18.1,19.15,22266
MARALOVER,2004-04-22 00:00:00+05:30,19.45,20.15,18.75,20.0,25262
MARALOVER,2004-04-23 00:00:00+05:30,20.75,21.05,20.0,20.6,47231
MARALOVER,2004-04-27 00:00:00+05:30,20.0,20.0,18.5,18.8,22348
MARALOVER,2004-04-28 00:00:00+05:30,19.25,19.25,18.35,18.55,16716
MARALOVER,2004-04-29 00:00:00+05:30,19.0,19.65,18.5,18.85,17656
MARALOVER,2004-04-30 00:00:00+05:30,18.7,19.5,18.7,19.05,4403
MARALOVER,2004-05-03 00:00:00+05:30,19.95,20.0,18.35,18.55,21744
MARALOVER,2004-05-04 00:00:00+05:30,18.7,20.0,18.7,19.65,15689
MARALOVER,2004-05-05 00:00:00+05:30,19.9,20.15,19.6,19.9,14125
MARALOVER,2004-05-06 00:00:00+05:30,21.0,21.25,19.95,20.95,28262
MARALOVER,2004-05-07 00:00:00+05:30,21.0,22.9,21.0,22.3,64726
MARALOVER,2004-05-10 00:00:00+05:30,21.7,23.5,21.6,23.25,55959
MARALOVER,2004-05-11 00:00:00+05:30,23.85,23.85,21.55,21.9,46325
MARALOVER,2004-05-12 00:00:00+05:30,22.4,22.85,20.0,22.45,25963
MARALOVER,2004-05-13 00:00:00+05:30,21.5,24.5,21.5,23.25,56721
MARALOVER,2004-05-14 00:00:00+05:30,22.9,23.5,20.2,20.75,34769
MARALOVER,2004-05-17 00:00:00+05:30,20.05,20.75,17.05,17.55,23256
MARALOVER,2004-05-18 00:00:00+05:30,18.0,21.0,18.0,19.3,23901
MARALOVER,2004-05-19 00:00:00+05:30,20.05,21.0,19.55,20.65,26160
MARALOVER,2004-05-20 00:00:00+05:30,20.7,21.4,20.15,20.65,16627
MARALOVER,2004-05-21 00:00:00+05:30,20.0,20.5,19.5,20.3,14000
MARALOVER,2004-06-23 00:00:00+05:30,14.0,17.1,14.0,16.5,9476
MARALOVER,2004-06-24 00:00:00+05:30,16.45,16.8,16.25,16.55,1678
MARALOVER,2004-06-25 00:00:00+05:30,16.55,17.15,16.55,16.8,2078
MARALOVER,2004-06-28 00:00:00+05:30,17.65,18.45,17.25,18.1,13884
MARALOVER,2004-06-29 00:00:00+05:30,18.2,18.5,17.65,18.1,14654
MARALOVER,2004-06-30 00:00:00+05:30,18.1,18.55,18.1,18.35,13736
MARALOVER,2004-07-01 00:00:00+05:30,18.25,19.1,18.0,19.0,18364
MARALOVER,2004-07-02 00:00:00+05:30,18.8,19.35,18.65,19.05,4500
MARALOVER,2004-07-05 00:00:00+05:30,18.85,19.25,18.35,19.05,4321
MARALOVER,2004-07-06 00:00:00+05:30,18.1,19.75,18.1,19.45,6718
MARALOVER,2004-07-07 00:00:00+05:30,19.25,19.45,18.7,19.1,8639
MARALOVER,2004-07-08 00:00:00+05:30,19.25,19.95,18.3,18.5,25191
MARALOVER,2004-07-09 00:00:00+05:30,17.6,21.4,17.55,20.1,29786
MARALOVER,2004-07-12 00:00:00+05:30,20.5,22.4,19.9,22.0,65135
MARALOVER,2004-07-13 00:00:00+05:30,22.35,22.75,20.75,21.05,44730
MARALOVER,2004-07-14 00:00:00+05:30,21.15,21.95,20.6,21.5,30385
MARALOVER,2004-07-15 00:00:00+05:30,22.25,23.75,22.1,23.1,105815
MARALOVER,2004-07-16 00:00:00+05:30,24.0,24.75,23.35,24.1,67336
MARALOVER,2004-07-19 00:00:00+05:30,24.65,24.85,23.4,23.55,35854
MARALOVER,2004-07-20 00:00:00+05:30,23.4,23.4,22.65,22.95,26364
MARALOVER,2004-07-21 00:00:00+05:30,24.25,24.25,22.9,23.0,18603
MARALOVER,2004-07-22 00:00:00+05:30,23.25,23.9,22.75,22.85,17167
MARALOVER,2004-07-23 00:00:00+05:30,22.3,22.75,21.75,22.0,27940
MARALOVER,2004-07-26 00:00:00+05:30,22.15,22.7,21.8,22.6,6922
MARALOVER,2004-07-27 00:00:00+05:30,23.8,23.8,21.6,21.7,6684
MARALOVER,2004-07-28 00:00:00+05:30,21.1,22.9,21.05,21.3,5079
MARALOVER,2004-07-29 00:00:00+05:30,21.0,21.4,20.8,20.9,3308
MARALOVER,2004-07-30 00:00:00+05:30,20.55,21.4,20.55,20.85,13832
MARALOVER,2004-08-02 00:00:00+05:30,21.0,22.25,21.0,22.0,12765
MARALOVER,2004-08-03 00:00:00+05:30,22.0,23.0,21.8,21.95,40534
MARALOVER,2004-08-04 00:00:00+05:30,20.8,23.2,20.8,22.8,26933
MARALOVER,2004-08-05 00:00:00+05:30,23.55,26.7,23.5,24.9,162131
MARALOVER,2004-08-06 00:00:00+05:30,25.5,25.9,24.5,25.2,111052
MARALOVER,2004-08-09 00:00:00+05:30,25.0,25.9,25.0,25.25,28426
MARALOVER,2004-08-10 00:00:00+05:30,25.55,25.8,24.3,24.4,28085
MARALOVER,2004-08-11 00:00:00+05:30,24.5,24.5,23.5,23.6,10773
MARALOVER,2004-08-12 00:00:00+05:30,24.0,24.1,22.7,22.9,13347
MARALOVER,2004-08-13 00:00:00+05:30,22.05,23.65,22.05,23.0,14626
MARALOVER,2004-08-16 00:00:00+05:30,22.05,23.65,22.05,23.0,14626
MARALOVER,2004-08-17 00:00:00+05:30,23.8,24.75,23.75,24.05,20206
MARALOVER,2004-08-18 00:00:00+05:30,23.6,24.7,23.4,23.6,30627
MARALOVER,2004-08-19 00:00:00+05:30,26.0,26.0,24.35,24.65,47100
MARALOVER,2004-08-20 00:00:00+05:30,24.5,25.4,24.0,24.5,19952
MARALOVER,2004-08-23 00:00:00+05:30,24.6,25.0,24.5,24.9,32140
MARALOVER,2004-08-24 00:00:00+05:30,25.0,25.7,24.85,25.1,41365
MARALOVER,2004-08-25 00:00:00+05:30,26.45,27.35,25.0,26.2,92945
MARALOVER,2004-08-26 00:00:00+05:30,26.5,27.0,26.0,26.2,54187
MARALOVER,2004-08-27 00:00:00+05:30,26.5,27.2,26.0,26.65,54540
MARALOVER,2004-08-30 00:00:00+05:30,27.2,28.45,26.5,28.05,128162
MARALOVER,2004-08-31 00:00:00+05:30,28.25,29.3,27.75,28.5,176499
MARALOVER,2004-09-01 00:00:00+05:30,28.5,29.7,28.4,28.8,130216
MARALOVER,2004-09-02 00:00:00+05:30,28.55,29.0,27.25,27.3,79064
MARALOVER,2004-09-03 00:00:00+05:30,27.3,28.4,27.05,27.75,52425
MARALOVER,2004-09-06 00:00:00+05:30,29.0,29.0,27.5,28.4,35869
MARALOVER,2004-09-07 00:00:00+05:30,28.1,28.75,27.5,27.85,42505
MARALOVER,2004-09-08 00:00:00+05:30,27.9,28.3,27.65,27.75,20139
MARALOVER,2004-09-09 00:00:00+05:30,27.5,28.3,27.0,27.25,29971
MARALOVER,2004-09-10 00:00:00+05:30,27.7,27.7,27.0,27.15,21227
MARALOVER,2004-09-13 00:00:00+05:30,26.0,27.5,26.0,27.2,35035
MARALOVER,2004-09-14 00:00:00+05:30,27.5,29.1,26.25,26.55,26165
MARALOVER,2004-09-15 00:00:00+05:30,27.05,27.25,26.8,27.05,30905
MARALOVER,2004-09-16 00:00:00+05:30,26.55,27.25,26.55,27.0,27120
MARALOVER,2004-09-17 00:00:00+05:30,28.5,31.25,28.2,28.9,437681
MARALOVER,2004-09-20 00:00:00+05:30,29.4,30.8,29.05,30.0,224036
MARALOVER,2004-09-21 00:00:00+05:30,30.75,31.0,30.1,30.5,104014
MARALOVER,2004-09-22 00:00:00+05:30,30.5,30.6,29.6,29.75,52864
MARALOVER,2004-09-23 00:00:00+05:30,29.4,29.95,29.0,29.15,37293
MARALOVER,2004-09-24 00:00:00+05:30,29.3,29.6,28.8,29.05,37727
MARALOVER,2004-09-27 00:00:00+05:30,29.3,29.35,28.5,28.85,28209
MARALOVER,2004-09-28 00:00:00+05:30,28.95,29.1,28.35,28.5,33610
MARALOVER,2004-09-29 00:00:00+05:30,28.25,30.4,28.25,29.95,111471
MARALOVER,2004-09-30 00:00:00+05:30,30.5,31.5,29.7,30.05,89896
MARALOVER,2004-10-01 00:00:00+05:30,30.2,30.35,29.5,29.95,30314
MARALOVER,2004-10-04 00:00:00+05:30,31.4,31.4,29.5,30.0,83282
MARALOVER,2004-10-05 00:00:00+05:30,30.9,30.9,29.3,29.65,30415
MARALOVER,2004-10-06 00:00:00+05:30,30.35,30.35,29.5,29.65,40992
MARALOVER,2004-10-07 00:00:00+05:30,30.25,30.25,29.5,29.65,33184
MARALOVER,2004-10-08 00:00:00+05:30,29.7,30.3,29.4,29.7,32435
MARALOVER,2004-10-11 00:00:00+05:30,30.7,31.75,30.0,30.85,136112
MARALOVER,2004-10-12 00:00:00+05:30,31.0,31.0,29.7,30.05,28645
MARALOVER,2004-10-14 00:00:00+05:30,28.75,29.65,28.75,29.2,29481
MARALOVER,2004-10-15 00:00:00+05:30,30.0,30.9,29.0,30.1,72596
MARALOVER,2004-10-18 00:00:00+05:30,31.15,31.55,30.5,30.95,112134
MARALOVER,2004-10-19 00:00:00+05:30,31.0,32.35,30.5,30.9,79506
MARALOVER,2004-10-20 00:00:00+05:30,33.0,33.0,30.15,30.25,26259
MARALOVER,2004-10-21 00:00:00+05:30,31.5,31.5,30.2,30.5,29076
MARALOVER,2004-10-25 00:00:00+05:30,30.3,30.6,29.5,29.65,26137
MARALOVER,2004-10-26 00:00:00+05:30,31.0,31.0,29.25,29.55,12862
MARALOVER,2004-10-27 00:00:00+05:30,29.2,29.8,28.5,28.95,24758
MARALOVER,2004-10-28 00:00:00+05:30,31.5,31.5,29.0,29.35,13375
MARALOVER,2004-10-29 00:00:00+05:30,35.0,35.0,29.6,30.5,89673
MARALOVER,2004-11-01 00:00:00+05:30,29.8,30.15,29.15,29.45,38151
MARALOVER,2004-11-02 00:00:00+05:30,29.8,30.4,29.7,30.2,43910
MARALOVER,2004-11-03 00:00:00+05:30,35.0,35.0,29.55,29.8,16797
MARALOVER,2004-11-04 00:00:00+05:30,31.0,31.0,29.5,29.6,29122
MARALOVER,2004-11-05 00:00:00+05:30,29.75,30.9,29.45,30.0,48023
MARALOVER,2004-11-08 00:00:00+05:30,29.8,30.5,29.8,30.05,43201
MARALOVER,2004-11-09 00:00:00+05:30,31.9,31.9,29.1,30.35,61178
MARALOVER,2004-11-10 00:00:00+05:30,31.5,31.5,30.25,30.4,68544
MARALOVER,2004-11-11 00:00:00+05:30,30.9,31.0,30.1,30.2,40619
MARALOVER,2004-11-12 00:00:00+05:30,31.9,31.9,30.0,30.6,20474
MARALOVER,2004-11-16 00:00:00+05:30,31.0,36.5,30.1,35.7,475464
MARALOVER,2004-11-17 00:00:00+05:30,35.8,36.7,34.25,34.55,286509
MARALOVER,2004-11-18 00:00:00+05:30,35.0,35.05,33.4,33.85,83849
MARALOVER,2004-11-19 00:00:00+05:30,33.95,33.95,31.95,32.2,63475
MARALOVER,2004-11-22 00:00:00+05:30,32.4,33.5,31.6,33.2,60361
MARALOVER,2004-11-23 00:00:00+05:30,33.65,36.4,33.6,35.7,180020
MARALOVER,2004-11-24 00:00:00+05:30,35.55,42.35,35.55,40.35,978961
MARALOVER,2004-11-25 00:00:00+05:30,41.1,42.3,38.1,38.55,306491
MARALOVER,2004-11-29 00:00:00+05:30,39.05,39.75,37.3,37.7,155578
MARALOVER,2004-11-30 00:00:00+05:30,38.2,38.7,36.1,36.6,113255
MARALOVER,2004-12-01 00:00:00+05:30,37.15,38.7,35.15,36.4,80938
MARALOVER,2004-12-02 00:00:00+05:30,36.95,37.5,36.0,36.85,87772
MARALOVER,2004-12-03 00:00:00+05:30,36.8,37.7,36.15,36.45,83212
MARALOVER,2004-12-06 00:00:00+05:30,37.5,38.7,36.2,36.95,114011
MARALOVER,2004-12-07 00:00:00+05:30,38.0,38.3,36.4,36.7,31975
MARALOVER,2004-12-08 00:00:00+05:30,37.7,38.1,36.0,36.15,32529
MARALOVER,2004-12-09 00:00:00+05:30,36.5,36.5,35.6,35.9,30005
MARALOVER,2004-12-10 00:00:00+05:30,35.6,37.9,34.6,36.65,87684
MARALOVER,2004-12-13 00:00:00+05:30,37.75,39.4,36.35,38.85,87976
MARALOVER,2004-12-14 00:00:00+05:30,39.8,40.75,38.55,39.3,202948
MARALOVER,2004-12-15 00:00:00+05:30,40.4,40.9,38.1,38.55,106917
MARALOVER,2004-12-16 00:00:00+05:30,38.0,39.3,37.3,38.55,65847
MARALOVER,2004-12-17 00:00:00+05:30,37.75,38.65,37.75,38.0,33728
MARALOVER,2004-12-20 00:00:00+05:30,37.3,38.0,37.3,37.5,29342
MARALOVER,2004-12-21 00:00:00+05:30,37.9,39.9,37.5,38.8,83903
MARALOVER,2004-12-22 00:00:00+05:30,39.0,41.35,39.0,39.85,219008
MARALOVER,2004-12-23 00:00:00+05:30,40.0,43.3,39.6,41.55,384069
MARALOVER,2004-12-24 00:00:00+05:30,42.35,44.7,41.05,43.7,564829
MARALOVER,2004-12-27 00:00:00+05:30,44.0,49.95,44.0,46.6,667569
MARALOVER,2004-12-28 00:00:00+05:30,47.6,48.7,46.6,48.0,253771
MARALOVER,2004-12-29 00:00:00+05:30,48.5,48.85,44.8,46.55,156929
MARALOVER,2004-12-30 00:00:00+05:30,47.0,47.35,44.75,45.0,110572
MARALOVER,2004-12-31 00:00:00+05:30,45.8,46.5,44.55,45.35,63189
MARALOVER,2005-01-03 00:00:00+05:30,48.35,53.5,47.05,50.0,397606
MARALOVER,2005-01-04 00:00:00+05:30,51.0,51.4,48.8,49.0,129792
MARALOVER,2005-01-05 00:00:00+05:30,49.65,49.9,41.95,46.5,192206
MARALOVER,2005-01-06 00:00:00+05:30,44.0,46.8,42.55,43.2,167651
MARALOVER,2005-01-07 00:00:00+05:30,43.5,45.8,43.5,45.0,79329
MARALOVER,2005-01-10 00:00:00+05:30,47.7,47.7,44.5,45.05,83654
MARALOVER,2005-01-11 00:00:00+05:30,46.5,46.5,43.6,43.9,45461
MARALOVER,2005-01-12 00:00:00+05:30,48.0,48.0,39.65,40.35,70109
MARALOVER,2005-01-13 00:00:00+05:30,40.2,43.0,40.2,41.75,37081
MARALOVER,2005-01-14 00:00:00+05:30,42.0,42.85,40.85,41.15,49043
MARALOVER,2005-01-17 00:00:00+05:30,42.9,42.9,38.55,40.0,56137
MARALOVER,2005-01-18 00:00:00+05:30,41.0,42.3,39.55,39.95,39371
MARALOVER,2005-01-19 00:00:00+05:30,40.0,40.7,39.5,39.7,23719
MARALOVER,2005-01-20 00:00:00+05:30,38.5,39.0,37.6,38.3,19143
MARALOVER,2005-01-24 00:00:00+05:30,41.9,41.9,37.1,37.2,28421
MARALOVER,2005-01-25 00:00:00+05:30,35.1,37.5,35.1,36.9,26994
MARALOVER,2005-01-27 00:00:00+05:30,38.0,44.3,37.1,43.6,302322
MARALOVER,2005-01-28 00:00:00+05:30,44.1,44.25,41.25,41.65,126872
MARALOVER,2005-01-31 00:00:00+05:30,42.5,42.5,40.8,41.65,61906
MARALOVER,2005-02-01 00:00:00+05:30,42.0,42.45,40.55,40.95,103435
MARALOVER,2005-02-02 00:00:00+05:30,40.2,41.1,39.3,39.5,49860
MARALOVER,2005-02-03 00:00:00+05:30,40.0,40.85,39.55,39.7,63007
MARALOVER,2005-02-04 00:00:00+05:30,40.0,44.5,38.7,43.55,478523
MARALOVER,2005-02-07 00:00:00+05:30,44.0,47.8,42.45,44.55,460485
MARALOVER,2005-02-08 00:00:00+05:30,44.8,46.0,43.6,44.0,194092
MARALOVER,2005-02-09 00:00:00+05:30,44.0,45.0,42.65,43.05,125709
MARALOVER,2005-02-10 00:00:00+05:30,44.0,44.7,42.9,43.1,64195
MARALOVER,2005-02-11 00:00:00+05:30,43.65,44.3,42.6,43.75,84058
MARALOVER,2005-02-14 00:00:00+05:30,44.0,50.75,42.95,48.15,1150623
MARALOVER,2005-02-15 00:00:00+05:30,47.5,48.95,45.5,46.25,364192
MARALOVER,2005-02-16 00:00:00+05:30,46.7,46.85,44.15,44.75,179844
MARALOVER,2005-02-17 00:00:00+05:30,44.5,46.25,43.55,44.0,112452
MARALOVER,2005-02-18 00:00:00+05:30,44.9,45.9,43.0,43.35,133279
MARALOVER,2005-02-21 00:00:00+05:30,44.45,45.0,42.9,43.05,48796
MARALOVER,2005-02-22 00:00:00+05:30,42.25,44.0,42.25,42.9,63706
MARALOVER,2005-02-23 00:00:00+05:30,43.0,45.8,42.75,43.7,156617
MARALOVER,2005-02-24 00:00:00+05:30,45.75,45.75,44.0,44.1,63865
MARALOVER,2005-02-25 00:00:00+05:30,45.5,47.0,44.2,46.0,407635
MARALOVER,2005-02-28 00:00:00+05:30,46.8,48.45,43.05,43.5,454491
MARALOVER,2005-03-01 00:00:00+05:30,43.9,44.95,43.2,43.35,73795
MARALOVER,2005-03-02 00:00:00+05:30,43.8,44.4,42.6,42.9,85087
MARALOVER,2005-03-03 00:00:00+05:30,43.45,44.9,43.0,44.25,158372
MARALOVER,2005-03-04 00:00:00+05:30,44.75,44.75,43.0,43.25,134149
MARALOVER,2005-03-07 00:00:00+05:30,43.8,44.45,42.75,42.85,141844
MARALOVER,2005-03-08 00:00:00+05:30,43.2,43.5,41.5,41.7,91442
MARALOVER,2005-03-09 00:00:00+05:30,42.0,42.9,40.0,40.3,108750
MARALOVER,2005-03-10 00:00:00+05:30,40.0,42.5,39.65,40.05,120096
MARALOVER,2005-03-11 00:00:00+05:30,40.75,41.95,40.05,40.35,163729
MARALOVER,2005-03-14 00:00:00+05:30,40.75,41.0,38.8,38.9,119739
MARALOVER,2005-03-15 00:00:00+05:30,39.2,40.5,38.2,38.55,112420
MARALOVER,2005-03-16 00:00:00+05:30,38.9,40.0,38.35,38.6,65584
MARALOVER,2005-03-17 00:00:00+05:30,39.9,39.9,37.55,37.9,69200
MARALOVER,2005-03-18 00:00:00+05:30,38.4,38.4,36.8,37.6,66010
MARALOVER,2005-03-21 00:00:00+05:30,37.6,38.0,35.65,36.5,46093
MARALOVER,2005-03-22 00:00:00+05:30,36.2,36.5,34.65,35.4,68821
MARALOVER,2005-03-23 00:00:00+05:30,35.65,35.65,30.4,34.0,64383
MARALOVER,2005-03-24 00:00:00+05:30,35.35,36.5,32.45,33.45,63799
MARALOVER,2005-03-28 00:00:00+05:30,33.95,34.0,33.3,33.6,49312
MARALOVER,2005-03-29 00:00:00+05:30,33.95,34.5,31.15,31.85,47949
MARALOVER,2005-03-30 00:00:00+05:30,32.95,32.95,31.5,31.95,68471
MARALOVER,2005-03-31 00:00:00+05:30,32.15,33.95,32.15,33.6,122278
MARALOVER,2005-04-01 00:00:00+05:30,34.6,36.15,33.75,35.65,133418
MARALOVER,2005-04-04 00:00:00+05:30,35.85,37.25,35.15,35.6,92865
MARALOVER,2005-04-05 00:00:00+05:30,36.0,36.5,34.2,34.6,47176
MARALOVER,2005-04-06 00:00:00+05:30,35.4,36.35,34.6,34.9,152098
MARALOVER,2005-04-07 00:00:00+05:30,35.3,39.0,34.0,36.55,376498
MARALOVER,2005-04-08 00:00:00+05:30,37.4,38.0,35.6,35.75,137781
MARALOVER,2005-04-11 00:00:00+05:30,35.85,35.85,34.2,34.7,41785
MARALOVER,2005-04-12 00:00:00+05:30,34.5,35.5,34.2,34.35,52644
MARALOVER,2005-04-13 00:00:00+05:30,34.9,35.25,33.2,33.5,81881
MARALOVER,2005-04-15 00:00:00+05:30,33.1,33.9,32.0,33.3,51723
MARALOVER,2005-04-18 00:00:00+05:30,32.5,34.4,32.5,33.85,49134
MARALOVER,2005-04-19 00:00:00+05:30,34.5,35.5,33.0,33.1,94528
MARALOVER,2005-04-20 00:00:00+05:30,33.0,34.0,33.0,33.3,30078
MARALOVER,2005-04-21 00:00:00+05:30,34.45,35.5,33.3,34.0,148544
MARALOVER,2005-04-22 00:00:00+05:30,34.1,34.8,33.8,34.1,100874
MARALOVER,2005-04-25 00:00:00+05:30,34.4,39.8,34.4,34.9,90293
MARALOVER,2005-04-26 00:00:00+05:30,35.8,37.6,35.0,36.2,260130
MARALOVER,2005-04-27 00:00:00+05:30,36.45,36.8,35.25,35.4,112928
MARALOVER,2005-04-28 00:00:00+05:30,34.7,36.15,34.5,34.6,81233
MARALOVER,2005-04-29 00:00:00+05:30,35.0,35.5,34.6,34.85,80665
MARALOVER,2005-05-02 00:00:00+05:30,34.25,35.35,33.55,33.7,22502
MARALOVER,2005-05-03 00:00:00+05:30,33.6,34.5,33.6,34.35,29482
MARALOVER,2005-05-04 00:00:00+05:30,34.25,34.8,34.0,34.3,42360
MARALOVER,2005-05-05 00:00:00+05:30,35.0,35.0,33.7,33.9,64168
MARALOVER,2005-05-06 00:00:00+05:30,34.3,34.55,33.55,33.65,58603
MARALOVER,2005-05-09 00:00:00+05:30,34.25,34.55,34.0,34.15,50573
MARALOVER,2005-05-10 00:00:00+05:30,34.4,35.8,34.3,35.05,172085
MARALOVER,2005-05-11 00:00:00+05:30,35.1,37.3,34.9,36.15,227784
MARALOVER,2005-05-12 00:00:00+05:30,37.0,38.4,36.65,37.8,369544
MARALOVER,2005-05-13 00:00:00+05:30,38.0,41.7,37.3,40.35,785740
MARALOVER,2005-05-16 00:00:00+05:30,41.0,42.9,41.0,42.25,531126
MARALOVER,2005-05-17 00:00:00+05:30,42.8,42.8,39.6,39.8,215633
MARALOVER,2005-05-18 00:00:00+05:30,39.95,40.35,39.1,39.4,121063
MARALOVER,2005-05-19 00:00:00+05:30,40.2,42.4,40.0,41.35,232984
MARALOVER,2005-05-20 00:00:00+05:30,41.7,44.5,41.5,43.45,463795
MARALOVER,2005-05-23 00:00:00+05:30,44.1,50.9,44.1,46.15,467648
MARALOVER,2005-05-24 00:00:00+05:30,46.4,47.45,44.0,44.45,295017
MARALOVER,2005-05-25 00:00:00+05:30,44.9,44.9,42.55,42.85,149473
MARALOVER,2005-05-26 00:00:00+05:30,43.0,43.15,41.5,41.85,82931
MARALOVER,2005-05-27 00:00:00+05:30,42.25,42.65,40.8,41.1,82031
MARALOVER,2005-05-30 00:00:00+05:30,41.4,41.9,40.05,40.3,73484
MARALOVER,2005-05-31 00:00:00+05:30,40.0,42.3,40.0,41.55,131555
MARALOVER,2005-06-01 00:00:00+05:30,42.65,44.5,42.15,42.9,234603
MARALOVER,2005-06-02 00:00:00+05:30,43.55,45.35,43.5,43.65,359307
MARALOVER,2005-06-03 00:00:00+05:30,43.8,44.2,42.95,43.25,218474
MARALOVER,2005-06-06 00:00:00+05:30,44.2,44.5,43.2,43.4,128813
MARALOVER,2005-06-07 00:00:00+05:30,43.8,44.15,42.2,42.4,134985
MARALOVER,2005-06-08 00:00:00+05:30,42.4,45.5,42.4,44.6,397083
MARALOVER,2005-06-09 00:00:00+05:30,44.9,46.75,44.8,45.65,333907
MARALOVER,2005-06-10 00:00:00+05:30,46.0,48.5,45.8,47.8,883767
MARALOVER,2005-06-13 00:00:00+05:30,48.0,49.9,47.7,48.1,549382
MARALOVER,2005-06-14 00:00:00+05:30,48.5,48.5,47.1,47.45,191263
MARALOVER,2005-06-15 00:00:00+05:30,47.5,47.9,46.15,46.4,122075
MARALOVER,2005-06-16 00:00:00+05:30,46.95,46.95,43.65,43.95,171375
MARALOVER,2005-06-17 00:00:00+05:30,45.05,45.05,42.5,43.5,96733
MARALOVER,2005-06-20 00:00:00+05:30,44.25,44.25,42.3,42.55,65172
MARALOVER,2005-06-21 00:00:00+05:30,43.25,43.75,42.25,42.8,73768
MARALOVER,2005-06-22 00:00:00+05:30,42.6,43.5,42.35,42.6,83137
MARALOVER,2005-06-23 00:00:00+05:30,42.2,43.25,41.85,42.6,80390
MARALOVER,2005-06-24 00:00:00+05:30,42.8,43.95,42.5,43.45,121251
MARALOVER,2005-06-27 00:00:00+05:30,43.2,44.0,42.95,43.25,60377
MARALOVER,2005-06-28 00:00:00+05:30,43.0,43.4,41.3,41.65,36502
MARALOVER,2005-06-29 00:00:00+05:30,41.75,42.85,41.1,42.25,50514
MARALOVER,2005-06-30 00:00:00+05:30,42.1,43.0,41.55,42.15,24927
MARALOVER,2005-07-01 00:00:00+05:30,42.4,42.85,42.0,42.55,30027
MARALOVER,2005-07-04 00:00:00+05:30,42.4,43.95,42.4,43.65,83828
MARALOVER,2005-07-05 00:00:00+05:30,42.85,44.1,42.6,42.75,43099
MARALOVER,2005-07-06 00:00:00+05:30,43.75,43.75,42.95,43.1,39431
MARALOVER,2005-07-07 00:00:00+05:30,43.45,44.35,42.0,42.25,54710
MARALOVER,2005-07-08 00:00:00+05:30,43.5,43.85,42.55,43.65,41209
MARALOVER,2005-07-11 00:00:00+05:30,43.6,45.5,43.0,44.95,120795
MARALOVER,2005-07-12 00:00:00+05:30,46.2,49.75,45.0,47.9,849825
MARALOVER,2005-07-13 00:00:00+05:30,48.4,49.0,47.45,47.95,334177
MARALOVER,2005-07-14 00:00:00+05:30,48.5,48.5,46.7,47.0,85190
MARALOVER,2005-07-15 00:00:00+05:30,47.75,47.75,46.2,47.1,71222
MARALOVER,2005-07-18 00:00:00+05:30,48.0,48.5,47.2,47.8,105928
MARALOVER,2005-07-19 00:00:00+05:30,47.9,48.45,46.5,47.3,90885
MARALOVER,2005-07-20 00:00:00+05:30,47.8,48.0,46.9,47.0,68867
MARALOVER,2005-07-21 00:00:00+05:30,52.0,52.0,46.8,47.55,178235
MARALOVER,2005-07-22 00:00:00+05:30,47.55,54.65,47.25,53.95,1486790
MARALOVER,2005-07-25 00:00:00+05:30,54.4,55.6,52.0,52.4,984784
MARALOVER,2005-07-26 00:00:00+05:30,52.75,52.95,50.2,50.6,254353
MARALOVER,2005-07-27 00:00:00+05:30,50.9,51.4,49.35,50.65,132597
MARALOVER,2005-07-29 00:00:00+05:30,49.9,51.0,48.0,49.1,74730
MARALOVER,2005-08-01 00:00:00+05:30,48.5,49.75,47.1,47.7,93158
MARALOVER,2005-08-02 00:00:00+05:30,48.65,50.35,47.65,49.8,135539
MARALOVER,2005-08-03 00:00:00+05:30,50.0,51.0,48.15,48.45,88184
MARALOVER,2005-08-04 00:00:00+05:30,49.8,49.8,48.1,48.3,72742
MARALOVER,2005-08-05 00:00:00+05:30,49.4,50.0,48.3,48.6,88766
MARALOVER,2005-08-08 00:00:00+05:30,48.6,49.25,47.8,48.5,76186
MARALOVER,2005-08-09 00:00:00+05:30,48.2,48.5,47.2,47.55,68557
MARALOVER,2005-08-10 00:00:00+05:30,47.55,50.5,47.5,49.05,120958
MARALOVER,2005-08-11 00:00:00+05:30,49.9,49.9,48.25,49.35,58850
MARALOVER,2005-08-12 00:00:00+05:30,52.0,52.0,48.05,48.55,64163
MARALOVER,2005-08-16 00:00:00+05:30,49.1,51.8,48.9,51.25,208594
MARALOVER,2005-08-17 00:00:00+05:30,54.0,54.7,51.0,51.25,221907
MARALOVER,2005-08-18 00:00:00+05:30,51.95,52.3,49.3,49.5,96685
MARALOVER,2005-08-19 00:00:00+05:30,56.0,56.0,49.45,50.25,171327
MARALOVER,2005-08-22 00:00:00+05:30,49.6,53.4,49.6,50.7,230850
MARALOVER,2005-08-23 00:00:00+05:30,51.6,52.1,49.1,49.3,161902
MARALOVER,2005-08-24 00:00:00+05:30,49.4,49.9,46.7,47.3,107570
MARALOVER,2005-08-25 00:00:00+05:30,48.0,51.6,47.6,49.95,138406
MARALOVER,2005-08-26 00:00:00+05:30,50.95,52.2,49.55,51.1,266348
MARALOVER,2005-08-29 00:00:00+05:30,51.1,54.8,49.6,52.85,604581
MARALOVER,2005-08-30 00:00:00+05:30,53.0,56.0,53.0,54.25,667213
MARALOVER,2005-08-31 00:00:00+05:30,55.5,55.5,53.65,54.4,267381
MARALOVER,2005-09-01 00:00:00+05:30,54.5,61.65,54.5,58.5,1132088
MARALOVER,2005-09-02 00:00:00+05:30,59.5,59.85,56.2,56.9,353485
MARALOVER,2005-09-05 00:00:00+05:30,57.8,59.75,56.55,56.85,366029
MARALOVER,2005-09-06 00:00:00+05:30,57.5,57.8,55.55,56.05,170268
MARALOVER,2005-09-08 00:00:00+05:30,56.6,56.6,54.75,55.15,119242
MARALOVER,2005-09-09 00:00:00+05:30,55.8,57.0,54.55,54.85,216766
MARALOVER,2005-09-12 00:00:00+05:30,55.55,58.7,54.9,56.85,366922
MARALOVER,2005-09-13 00:00:00+05:30,57.2,61.1,56.0,59.75,1303739
MARALOVER,2005-09-14 00:00:00+05:30,60.0,60.6,56.25,57.3,369358
MARALOVER,2005-09-15 00:00:00+05:30,58.2,60.5,56.5,59.1,413362
MARALOVER,2005-09-16 00:00:00+05:30,59.9,59.9,57.5,57.8,211709
MARALOVER,2005-09-19 00:00:00+05:30,58.0,58.7,57.0,57.25,155942
MARALOVER,2005-09-20 00:00:00+05:30,57.3,57.95,55.05,55.35,131900
MARALOVER,2005-09-21 00:00:00+05:30,54.55,55.5,49.1,52.7,214489
MARALOVER,2005-09-22 00:00:00+05:30,50.15,52.8,45.7,46.35,164678
MARALOVER,2005-09-23 00:00:00+05:30,46.25,50.1,44.05,49.1,164876
MARALOVER,2005-09-26 00:00:00+05:30,51.0,51.9,49.55,50.7,69596
MARALOVER,2005-09-27 00:00:00+05:30,49.5,53.7,49.5,50.5,66570
MARALOVER,2005-09-28 00:00:00+05:30,51.4,51.4,50.4,50.65,22372
MARALOVER,2005-09-29 00:00:00+05:30,51.35,51.35,47.2,47.7,56429
MARALOVER,2005-09-30 00:00:00+05:30,51.2,51.35,46.25,47.8,145403
MARALOVER,2005-10-03 00:00:00+05:30,48.0,50.95,47.5,49.85,76760
MARALOVER,2005-10-04 00:00:00+05:30,53.5,53.5,50.15,50.45,105321
MARALOVER,2005-10-05 00:00:00+05:30,52.8,52.8,48.9,49.3,43800
MARALOVER,2005-10-06 00:00:00+05:30,49.0,50.5,47.1,49.35,55367
MARALOVER,2005-10-07 00:00:00+05:30,50.75,51.35,48.1,48.65,32622
MARALOVER,2005-10-10 00:00:00+05:30,49.0,49.4,47.5,47.9,33183
MARALOVER,2005-10-11 00:00:00+05:30,48.05,48.05,45.5,45.95,92013
MARALOVER,2005-10-13 00:00:00+05:30,45.5,46.9,45.0,45.3,29621
MARALOVER,2005-10-14 00:00:00+05:30,45.6,47.0,44.25,45.5,50301
MARALOVER,2005-10-17 00:00:00+05:30,45.5,45.7,43.75,44.0,43409
MARALOVER,2005-10-18 00:00:00+05:30,44.0,44.85,43.0,43.3,30956
MARALOVER,2005-10-19 00:00:00+05:30,42.6,43.1,40.15,40.7,51357
MARALOVER,2005-10-20 00:00:00+05:30,41.3,42.35,39.55,40.25,40601
MARALOVER,2005-10-21 00:00:00+05:30,40.0,42.4,38.3,41.4,49671
MARALOVER,2005-10-24 00:00:00+05:30,43.5,43.5,41.4,41.95,25873
MARALOVER,2005-10-25 00:00:00+05:30,40.1,42.55,40.1,41.9,20333
MARALOVER,2005-10-26 00:00:00+05:30,41.25,41.85,41.1,41.2,11643
MARALOVER,2005-10-27 00:00:00+05:30,40.55,41.5,40.0,40.35,16672
MARALOVER,2005-10-28 00:00:00+05:30,38.0,39.85,37.7,38.2,22759
MARALOVER,2005-10-31 00:00:00+05:30,36.6,41.9,36.6,41.05,33626
MARALOVER,2005-11-01 00:00:00+05:30,41.9,42.75,39.8,40.2,9384
MARALOVER,2005-11-02 00:00:00+05:30,39.6,41.2,39.6,40.65,14385
MARALOVER,2005-11-07 00:00:00+05:30,40.5,42.7,40.5,42.25,18094
MARALOVER,2005-11-08 00:00:00+05:30,42.05,44.5,42.0,42.9,32083
MARALOVER,2005-11-09 00:00:00+05:30,42.05,43.95,41.75,42.15,21210
MARALOVER,2005-11-10 00:00:00+05:30,42.6,42.6,41.5,42.0,16028
MARALOVER,2005-11-11 00:00:00+05:30,42.5,43.1,41.7,42.7,18596
MARALOVER,2005-11-14 00:00:00+05:30,42.3,43.8,41.65,41.9,27673
MARALOVER,2005-11-16 00:00:00+05:30,42.1,43.2,42.0,42.95,26135
MARALOVER,2005-11-17 00:00:00+05:30,42.6,42.85,42.35,42.5,13348
MARALOVER,2005-11-18 00:00:00+05:30,42.8,43.0,41.25,41.75,17691
MARALOVER,2005-11-21 00:00:00+05:30,41.8,42.1,41.1,41.9,12605
MARALOVER,2005-11-22 00:00:00+05:30,42.5,42.5,41.35,42.15,22620
MARALOVER,2005-11-23 00:00:00+05:30,49.0,49.0,42.05,42.25,13325
MARALOVER,2005-11-24 00:00:00+05:30,42.7,43.1,42.25,42.45,19860
MARALOVER,2005-11-25 00:00:00+05:30,42.35,43.25,42.25,42.45,16187
MARALOVER,2005-11-28 00:00:00+05:30,42.0,42.65,42.0,42.35,29999
MARALOVER,2005-11-29 00:00:00+05:30,42.1,42.45,41.4,41.9,9877
MARALOVER,2005-11-30 00:00:00+05:30,42.0,42.7,41.4,41.75,33211
MARALOVER,2005-12-01 00:00:00+05:30,42.7,42.7,41.1,41.7,7100
MARALOVER,2005-12-02 00:00:00+05:30,42.0,42.25,41.0,41.3,21016
MARALOVER,2005-12-05 00:00:00+05:30,41.3,41.5,40.0,40.5,24939
MARALOVER,2005-12-06 00:00:00+05:30,40.1,41.0,39.9,40.4,24923
MARALOVER,2005-12-07 00:00:00+05:30,40.4,40.6,39.5,39.9,25134
MARALOVER,2005-12-08 00:00:00+05:30,39.1,41.95,39.1,41.3,28056
MARALOVER,2005-12-09 00:00:00+05:30,41.5,45.9,41.0,43.4,90687
MARALOVER,2005-12-12 00:00:00+05:30,44.7,45.5,43.45,43.7,59597
MARALOVER,2005-12-13 00:00:00+05:30,43.7,44.4,43.3,44.05,32698
MARALOVER,2005-12-14 00:00:00+05:30,44.0,44.05,42.2,43.0,21887
MARALOVER,2005-12-15 00:00:00+05:30,42.7,43.8,42.5,42.7,37264
MARALOVER,2005-12-16 00:00:00+05:30,42.4,42.9,40.8,42.1,31732
MARALOVER,2005-12-19 00:00:00+05:30,41.6,43.2,41.6,42.1,7275
MARALOVER,2005-12-20 00:00:00+05:30,42.0,42.25,41.5,41.9,18585
MARALOVER,2005-12-21 00:00:00+05:30,41.75,43.0,41.7,42.0,28248
MARALOVER,2005-12-22 00:00:00+05:30,41.55,42.4,41.55,41.85,12110
MARALOVER,2005-12-23 00:00:00+05:30,42.2,42.5,41.55,41.75,14009
MARALOVER,2005-12-26 00:00:00+05:30,40.3,41.55,39.4,40.1,25329
MARALOVER,2005-12-27 00:00:00+05:30,41.15,41.15,39.35,40.1,18461
MARALOVER,2005-12-28 00:00:00+05:30,40.5,40.9,40.05,40.2,19151
MARALOVER,2005-12-29 00:00:00+05:30,40.4,41.35,40.0,40.9,15565
MARALOVER,2005-12-30 00:00:00+05:30,40.75,43.0,40.6,41.9,36552
MARALOVER,2006-01-02 00:00:00+05:30,42.75,48.4,42.75,47.05,288212
MARALOVER,2006-01-03 00:00:00+05:30,47.9,47.9,45.1,45.5,86865
MARALOVER,2006-01-04 00:00:00+05:30,46.45,47.5,45.3,45.9,66643
MARALOVER,2006-01-05 00:00:00+05:30,45.5,46.0,44.15,45.1,32712
MARALOVER,2006-01-06 00:00:00+05:30,45.5,46.65,44.5,45.7,54810
MARALOVER,2006-01-09 00:00:00+05:30,45.0,46.6,44.5,45.3,40919
MARALOVER,2006-01-10 00:00:00+05:30,45.85,45.9,44.8,45.05,20352
MARALOVER,2006-01-12 00:00:00+05:30,43.1,44.95,43.1,43.8,13916
MARALOVER,2006-01-13 00:00:00+05:30,43.5,45.35,43.5,44.15,28513
MARALOVER,2006-01-16 00:00:00+05:30,46.2,46.2,43.5,43.65,18512
MARALOVER,2006-01-17 00:00:00+05:30,44.7,45.15,41.5,42.05,42803
MARALOVER,2006-01-18 00:00:00+05:30,40.05,43.9,40.05,41.65,29922
MARALOVER,2006-01-19 00:00:00+05:30,41.8,44.0,41.8,43.3,14683
MARALOVER,2006-01-20 00:00:00+05:30,43.75,44.6,42.55,43.9,56847
MARALOVER,2006-01-23 00:00:00+05:30,42.15,44.35,42.15,42.65,35820
MARALOVER,2006-01-24 00:00:00+05:30,42.65,43.7,42.05,42.25,33767
MARALOVER,2006-01-25 00:00:00+05:30,43.0,43.0,41.1,41.25,23659
MARALOVER,2006-01-27 00:00:00+05:30,42.9,42.9,40.55,40.8,21379
MARALOVER,2006-01-30 00:00:00+05:30,40.5,40.5,39.1,39.6,34279
MARALOVER,2006-01-31 00:00:00+05:30,40.5,40.5,38.95,39.25,21016
MARALOVER,2006-02-01 00:00:00+05:30,40.0,40.0,37.4,37.8,31069
MARALOVER,2006-02-02 00:00:00+05:30,38.55,38.55,36.2,37.1,17720
MARALOVER,2006-02-03 00:00:00+05:30,36.0,38.2,35.5,36.85,24285
MARALOVER,2006-02-06 00:00:00+05:30,36.8,39.5,36.8,38.0,32283
MARALOVER,2006-02-07 00:00:00+05:30,38.6,39.2,38.1,38.3,23447
MARALOVER,2006-02-08 00:00:00+05:30,38.2,38.7,37.8,37.9,20838
MARALOVER,2006-02-10 00:00:00+05:30,38.8,39.0,38.15,38.4,37084
MARALOVER,2006-02-13 00:00:00+05:30,38.65,39.4,38.35,38.9,75690
MARALOVER,2006-02-14 00:00:00+05:30,39.55,39.6,37.8,38.05,27974
MARALOVER,2006-02-15 00:00:00+05:30,38.95,38.95,37.75,38.0,14825
MARALOVER,2006-02-16 00:00:00+05:30,38.85,38.9,37.5,37.85,28144
MARALOVER,2006-02-17 00:00:00+05:30,37.5,37.75,36.5,36.65,28911
MARALOVER,2006-02-20 00:00:00+05:30,36.5,37.15,34.5,34.8,47881
MARALOVER,2006-02-21 00:00:00+05:30,35.05,36.2,35.0,35.25,24304
MARALOVER,2006-02-22 00:00:00+05:30,35.1,35.75,33.8,34.35,25182
MARALOVER,2006-02-23 00:00:00+05:30,34.45,34.5,33.8,34.15,14041
MARALOVER,2006-02-24 00:00:00+05:30,33.6,35.1,33.6,34.2,26099
MARALOVER,2006-02-27 00:00:00+05:30,35.25,36.4,35.0,36.0,40199
MARALOVER,2006-02-28 00:00:00+05:30,38.0,38.0,34.75,35.15,54181
MARALOVER,2006-03-01 00:00:00+05:30,34.85,36.05,34.75,34.9,18833
MARALOVER,2006-03-02 00:00:00+05:30,35.0,35.8,33.65,34.05,26858
MARALOVER,2006-03-03 00:00:00+05:30,33.65,34.6,32.75,32.9,30379
MARALOVER,2006-03-06 00:00:00+05:30,33.0,34.25,31.5,31.85,132991
MARALOVER,2006-03-07 00:00:00+05:30,31.5,34.6,31.5,33.4,53386
MARALOVER,2006-03-08 00:00:00+05:30,34.15,34.2,32.5,32.6,36039
MARALOVER,2006-03-09 00:00:00+05:30,31.2,33.0,31.2,32.4,19271
MARALOVER,2006-03-10 00:00:00+05:30,31.25,32.95,30.1,31.5,30846
MARALOVER,2006-03-13 00:00:00+05:30,30.5,32.4,30.5,30.85,34277
MARALOVER,2006-03-14 00:00:00+05:30,29.65,33.6,29.65,31.45,84016
MARALOVER,2006-03-16 00:00:00+05:30,32.0,32.0,30.7,31.0,21393
MARALOVER,2006-03-17 00:00:00+05:30,31.0,31.1,29.65,29.85,41700
MARALOVER,2006-03-20 00:00:00+05:30,31.0,31.0,27.1,28.15,42307
MARALOVER,2006-03-21 00:00:00+05:30,29.7,29.7,28.2,28.7,39494
MARALOVER,2006-03-22 00:00:00+05:30,27.6,28.95,27.6,27.9,31707
MARALOVER,2006-03-23 00:00:00+05:30,27.5,28.7,27.5,27.75,36081
MARALOVER,2006-03-24 00:00:00+05:30,27.0,27.65,26.3,27.15,57840
MARALOVER,2006-03-27 00:00:00+05:30,27.05,30.2,27.05,29.1,71680
MARALOVER,2006-03-28 00:00:00+05:30,29.9,30.5,28.1,28.35,39377
MARALOVER,2006-03-29 00:00:00+05:30,28.45,28.95,28.15,28.75,25907
MARALOVER,2006-03-30 00:00:00+05:30,28.95,30.0,27.65,28.05,74665
MARALOVER,2006-03-31 00:00:00+05:30,28.3,30.0,28.25,29.35,53554
MARALOVER,2006-04-03 00:00:00+05:30,29.0,31.0,29.0,30.7,54024
MARALOVER,2006-04-04 00:00:00+05:30,31.0,32.75,30.9,31.65,78879
MARALOVER,2006-04-05 00:00:00+05:30,32.35,35.0,31.5,34.6,176412
MARALOVER,2006-04-07 00:00:00+05:30,35.0,36.6,33.1,33.4,99450
MARALOVER,2006-04-10 00:00:00+05:30,33.45,34.0,32.65,33.0,37447
MARALOVER,2006-04-12 00:00:00+05:30,32.7,33.5,32.0,32.1,25399
MARALOVER,2006-04-13 00:00:00+05:30,33.35,33.35,31.0,31.55,13772
MARALOVER,2006-04-17 00:00:00+05:30,31.55,32.25,31.25,31.4,32702
MARALOVER,2006-04-18 00:00:00+05:30,30.75,31.85,30.75,31.65,20036
MARALOVER,2006-04-19 00:00:00+05:30,34.4,34.4,29.2,30.1,33795
MARALOVER,2006-04-20 00:00:00+05:30,30.5,31.0,30.1,30.6,26307
MARALOVER,2006-04-21 00:00:00+05:30,30.2,30.5,29.75,30.45,25452
MARALOVER,2006-04-24 00:00:00+05:30,31.15,31.25,30.4,30.8,25308
MARALOVER,2006-04-25 00:00:00+05:30,30.0,30.9,29.05,29.45,29455
MARALOVER,2006-04-26 00:00:00+05:30,29.0,30.5,28.9,29.1,33003
MARALOVER,2006-04-27 00:00:00+05:30,29.9,30.3,28.8,28.85,43356
MARALOVER,2006-04-28 00:00:00+05:30,28.0,29.7,27.0,28.6,25322
MARALOVER,2006-05-02 00:00:00+05:30,29.55,31.3,29.0,29.45,40343
MARALOVER,2006-05-03 00:00:00+05:30,29.85,29.9,28.95,29.1,34571
MARALOVER,2006-05-04 00:00:00+05:30,31.0,31.6,28.25,30.35,55298
MARALOVER,2006-05-05 00:00:00+05:30,29.6,31.75,29.6,31.25,69799
MARALOVER,2006-05-08 00:00:00+05:30,31.5,37.5,31.5,37.5,369324
MARALOVER,2006-05-09 00:00:00+05:30,39.6,39.6,34.0,35.55,211170
MARALOVER,2006-05-10 00:00:00+05:30,36.15,38.75,35.65,36.3,166045
MARALOVER,2006-05-11 00:00:00+05:30,36.7,36.7,34.55,35.0,59340
MARALOVER,2006-05-12 00:00:00+05:30,34.0,35.5,33.65,33.8,39714
MARALOVER,2006-05-15 00:00:00+05:30,33.75,35.0,32.0,32.3,35356
MARALOVER,2006-05-16 00:00:00+05:30,32.0,32.85,30.0,30.9,40816
MARALOVER,2006-05-17 00:00:00+05:30,31.75,34.0,31.7,32.5,68674
MARALOVER,2006-05-18 00:00:00+05:30,31.5,32.5,29.0,29.6,61706
MARALOVER,2006-05-19 00:00:00+05:30,30.8,30.8,28.0,28.15,39595
MARALOVER,2006-05-22 00:00:00+05:30,28.55,29.0,23.5,25.65,32671
MARALOVER,2006-05-23 00:00:00+05:30,23.65,27.85,23.65,27.2,29621
MARALOVER,2006-05-24 00:00:00+05:30,28.0,28.65,27.0,27.15,30247
MARALOVER,2006-05-25 00:00:00+05:30,25.7,27.75,25.7,27.4,6957
MARALOVER,2006-05-26 00:00:00+05:30,27.0,28.65,27.0,27.95,17342
MARALOVER,2006-05-29 00:00:00+05:30,28.95,29.0,27.8,28.5,10006
MARALOVER,2006-05-30 00:00:00+05:30,28.15,30.55,27.0,28.9,28145
MARALOVER,2006-05-31 00:00:00+05:30,27.45,27.95,26.0,26.55,35628
MARALOVER,2006-06-01 00:00:00+05:30,28.0,28.05,26.0,26.15,19615
MARALOVER,2006-06-02 00:00:00+05:30,25.5,26.2,24.95,25.7,12857
MARALOVER,2006-06-05 00:00:00+05:30,25.5,26.0,24.6,24.7,9124
MARALOVER,2006-06-06 00:00:00+05:30,23.75,24.55,23.5,24.0,12429
MARALOVER,2006-06-07 00:00:00+05:30,23.3,23.85,20.25,20.6,31103
MARALOVER,2006-06-08 00:00:00+05:30,20.5,20.6,19.5,20.0,26502
MARALOVER,2006-06-09 00:00:00+05:30,20.1,22.5,20.0,22.05,20502
MARALOVER,2006-06-12 00:00:00+05:30,22.0,22.35,21.0,21.8,13484
MARALOVER,2006-06-13 00:00:00+05:30,20.55,21.2,19.35,20.85,14873
MARALOVER,2006-06-14 00:00:00+05:30,20.85,22.5,18.1,18.8,33600
MARALOVER,2006-06-15 00:00:00+05:30,19.35,20.7,18.2,19.3,32517
MARALOVER,2006-06-16 00:00:00+05:30,21.4,21.75,20.45,20.7,16113
MARALOVER,2006-06-19 00:00:00+05:30,20.05,21.0,19.95,20.3,9087
MARALOVER,2006-06-20 00:00:00+05:30,20.05,22.6,20.05,22.0,8591
MARALOVER,2006-06-21 00:00:00+05:30,23.95,23.95,21.9,23.05,15653
MARALOVER,2006-06-22 00:00:00+05:30,22.5,24.05,22.5,23.55,21757
MARALOVER,2006-06-23 00:00:00+05:30,22.5,23.2,22.35,22.55,7182
MARALOVER,2006-06-26 00:00:00+05:30,23.25,23.55,21.8,21.9,5404
MARALOVER,2006-06-27 00:00:00+05:30,21.2,21.85,20.8,21.7,5839
MARALOVER,2006-06-28 00:00:00+05:30,18.5,22.4,18.3,20.6,9103
MARALOVER,2006-06-29 00:00:00+05:30,20.75,21.9,20.7,21.4,3394
MARALOVER,2006-06-30 00:00:00+05:30,21.7,22.5,20.9,21.0,10079
MARALOVER,2006-07-03 00:00:00+05:30,22.25,22.25,21.0,21.1,2289
MARALOVER,2006-07-04 00:00:00+05:30,20.75,22.0,20.75,21.5,5953
MARALOVER,2006-07-05 00:00:00+05:30,21.25,21.7,21.25,21.3,6610
MARALOVER,2006-07-06 00:00:00+05:30,21.15,21.5,20.8,20.9,5469
MARALOVER,2006-07-07 00:00:00+05:30,21.6,21.7,19.4,19.55,37694
MARALOVER,2006-07-10 00:00:00+05:30,20.25,20.25,19.15,19.45,5546
MARALOVER,2006-07-11 00:00:00+05:30,19.4,19.95,19.0,19.25,6642
MARALOVER,2006-07-12 00:00:00+05:30,21.2,21.2,18.85,18.9,14680
MARALOVER,2006-07-13 00:00:00+05:30,20.5,20.5,18.75,18.95,13522
MARALOVER,2006-07-14 00:00:00+05:30,20.5,20.5,18.3,18.8,6343
MARALOVER,2006-07-17 00:00:00+05:30,20.5,20.5,18.5,18.65,11529
MARALOVER,2006-07-18 00:00:00+05:30,20.0,20.0,17.6,18.85,11092
MARALOVER,2006-07-19 00:00:00+05:30,18.2,18.7,18.2,18.45,4019
MARALOVER,2006-07-20 00:00:00+05:30,18.15,19.0,18.15,18.45,6573
MARALOVER,2006-07-21 00:00:00+05:30,18.5,18.85,18.0,18.15,9432
MARALOVER,2006-07-24 00:00:00+05:30,17.3,18.5,17.3,17.7,7012
MARALOVER,2006-07-25 00:00:00+05:30,18.5,18.8,18.0,18.4,5500
MARALOVER,2006-07-26 00:00:00+05:30,18.15,18.7,18.0,18.1,7659
MARALOVER,2006-07-27 00:00:00+05:30,18.5,20.0,18.35,18.6,389866
MARALOVER,2006-07-28 00:00:00+05:30,18.6,19.45,18.6,18.75,43495
MARALOVER,2006-07-31 00:00:00+05:30,19.6,20.8,17.95,18.15,71342
MARALOVER,2006-08-01 00:00:00+05:30,18.0,18.45,18.0,18.2,6484
MARALOVER,2006-08-02 00:00:00+05:30,17.7,18.4,17.7,17.85,18903
MARALOVER,2006-08-03 00:00:00+05:30,18.35,19.0,17.5,17.7,99179
MARALOVER,2006-08-04 00:00:00+05:30,19.0,19.0,17.65,17.7,18301
MARALOVER,2006-08-07 00:00:00+05:30,17.8,18.2,17.1,17.35,19285
MARALOVER,2006-08-08 00:00:00+05:30,17.75,17.8,17.35,17.7,8386
MARALOVER,2006-08-09 00:00:00+05:30,17.8,18.0,17.5,17.7,12449
MARALOVER,2006-08-10 00:00:00+05:30,17.5,18.9,17.5,18.15,54987
MARALOVER,2006-08-11 00:00:00+05:30,17.5,18.65,17.5,17.95,48336
MARALOVER,2006-08-14 00:00:00+05:30,18.8,19.2,18.15,18.95,73113
MARALOVER,2006-08-16 00:00:00+05:30,19.5,19.5,18.2,18.35,138552
MARALOVER,2006-08-17 00:00:00+05:30,20.8,21.9,18.5,20.95,442687
MARALOVER,2006-08-18 00:00:00+05:30,23.9,23.9,20.8,21.85,351403
MARALOVER,2006-08-21 00:00:00+05:30,22.1,22.5,21.5,21.6,101730
MARALOVER,2006-08-22 00:00:00+05:30,22.35,22.35,21.1,21.2,42254
MARALOVER,2006-08-23 00:00:00+05:30,21.0,21.1,20.1,20.3,30212
MARALOVER,2006-08-24 00:00:00+05:30,19.7,20.6,19.7,20.4,30984
MARALOVER,2006-08-25 00:00:00+05:30,21.0,21.25,20.65,20.8,30424
MARALOVER,2006-08-28 00:00:00+05:30,21.15,21.35,20.1,21.05,20862
MARALOVER,2006-08-29 00:00:00+05:30,20.9,21.5,20.9,21.15,26235
MARALOVER,2006-08-30 00:00:00+05:30,20.1,21.4,20.1,20.5,15080
MARALOVER,2006-08-31 00:00:00+05:30,20.55,20.75,20.1,20.15,8621
MARALOVER,2006-09-01 00:00:00+05:30,20.05,20.45,19.6,19.95,18496
MARALOVER,2006-09-04 00:00:00+05:30,20.4,20.8,19.85,20.55,24131
MARALOVER,2006-09-05 00:00:00+05:30,20.6,21.7,20.2,20.85,30684
MARALOVER,2006-09-06 00:00:00+05:30,21.5,21.5,20.5,20.9,10186
MARALOVER,2006-09-07 00:00:00+05:30,20.75,21.7,20.7,21.35,33822
MARALOVER,2006-09-08 00:00:00+05:30,22.45,22.5,21.5,22.35,92317
MARALOVER,2006-09-11 00:00:00+05:30,22.5,23.0,21.3,21.55,77358
MARALOVER,2006-09-12 00:00:00+05:30,21.05,21.5,20.8,21.4,23729
MARALOVER,2006-09-13 00:00:00+05:30,21.5,21.95,21.0,21.5,16385
MARALOVER,2006-09-14 00:00:00+05:30,21.35,21.5,20.8,21.0,14053
MARALOVER,2006-09-15 00:00:00+05:30,21.05,21.25,20.5,20.6,34465
MARALOVER,2006-09-18 00:00:00+05:30,20.55,21.5,20.3,20.45,24422
MARALOVER,2006-09-19 00:00:00+05:30,20.5,21.0,20.0,20.15,30718
MARALOVER,2006-09-20 00:00:00+05:30,19.8,20.75,19.8,19.95,19970
MARALOVER,2006-09-21 00:00:00+05:30,20.45,20.6,20.0,20.15,19231
MARALOVER,2006-09-22 00:00:00+05:30,20.1,20.3,19.5,19.75,19279
MARALOVER,2006-09-25 00:00:00+05:30,19.65,20.1,19.45,19.7,14955
MARALOVER,2006-09-26 00:00:00+05:30,19.6,19.9,19.4,19.55,13649
MARALOVER,2006-09-27 00:00:00+05:30,20.0,20.0,19.25,19.7,17090
MARALOVER,2006-09-28 00:00:00+05:30,19.65,20.0,19.4,19.65,12798
MARALOVER,2006-09-29 00:00:00+05:30,19.4,21.8,19.4,20.85,89111
MARALOVER,2006-10-03 00:00:00+05:30,21.0,21.55,20.3,20.75,35985
MARALOVER,2006-10-04 00:00:00+05:30,20.5,20.8,20.35,20.4,12514
MARALOVER,2006-10-05 00:00:00+05:30,20.45,22.0,20.45,21.0,57769
MARALOVER,2006-10-06 00:00:00+05:30,21.4,22.3,21.1,21.6,74108
MARALOVER,2006-10-09 00:00:00+05:30,21.55,22.1,21.4,21.5,38226
MARALOVER,2006-10-10 00:00:00+05:30,22.75,25.65,21.7,24.25,551290
MARALOVER,2006-10-11 00:00:00+05:30,24.55,25.0,22.85,23.15,141229
MARALOVER,2006-10-12 00:00:00+05:30,22.6,23.05,22.5,22.95,50111
MARALOVER,2006-10-13 00:00:00+05:30,22.6,24.7,22.55,22.85,120192
MARALOVER,2006-10-16 00:00:00+05:30,22.8,23.4,22.15,22.5,39923
MARALOVER,2006-10-17 00:00:00+05:30,22.7,22.7,22.0,22.1,25229
MARALOVER,2006-10-18 00:00:00+05:30,21.7,22.5,21.7,22.25,12359
MARALOVER,2006-10-19 00:00:00+05:30,22.4,22.65,21.5,21.75,25150
MARALOVER,2006-10-20 00:00:00+05:30,22.45,22.45,21.15,21.65,12577
MARALOVER,2006-10-23 00:00:00+05:30,21.65,22.5,21.55,21.65,12636
MARALOVER,2006-10-26 00:00:00+05:30,21.25,23.4,21.25,22.3,30153
MARALOVER,2006-10-27 00:00:00+05:30,22.9,22.9,21.8,21.95,24266
MARALOVER,2006-10-30 00:00:00+05:30,21.5,22.85,21.5,21.65,23127
MARALOVER,2006-10-31 00:00:00+05:30,21.0,21.85,20.5,20.65,32636
MARALOVER,2006-11-01 00:00:00+05:30,21.55,21.55,20.5,20.7,18953
MARALOVER,2006-11-02 00:00:00+05:30,21.3,21.3,20.5,20.65,9599
MARALOVER,2006-11-03 00:00:00+05:30,22.0,22.0,20.2,20.3,23102
MARALOVER,2006-11-06 00:00:00+05:30,20.9,20.9,19.75,20.25,7428
MARALOVER,2006-11-07 00:00:00+05:30,20.25,21.25,20.1,20.25,32580
MARALOVER,2006-11-08 00:00:00+05:30,20.65,20.65,19.55,19.85,15483
MARALOVER,2006-11-09 00:00:00+05:30,20.7,20.7,19.9,20.05,22996
MARALOVER,2006-11-10 00:00:00+05:30,20.0,20.5,19.65,20.2,13794
MARALOVER,2006-11-13 00:00:00+05:30,20.7,20.8,20.0,20.5,12726
MARALOVER,2006-11-14 00:00:00+05:30,21.45,21.45,20.35,20.7,27654
MARALOVER,2006-11-15 00:00:00+05:30,20.5,21.05,20.5,20.95,19422
MARALOVER,2006-11-16 00:00:00+05:30,21.5,23.65,21.5,22.15,179115
MARALOVER,2006-11-17 00:00:00+05:30,22.6,22.6,20.85,20.95,44448
MARALOVER,2006-11-20 00:00:00+05:30,20.1,20.7,20.1,20.45,18513
MARALOVER,2006-11-21 00:00:00+05:30,21.2,21.2,20.5,20.95,21839
MARALOVER,2006-11-22 00:00:00+05:30,20.05,21.95,20.05,20.6,31660
MARALOVER,2006-11-23 00:00:00+05:30,20.55,20.9,20.5,20.85,8494
MARALOVER,2006-11-24 00:00:00+05:30,21.2,21.2,20.25,20.5,44264
MARALOVER,2006-11-27 00:00:00+05:30,20.2,21.75,20.2,20.85,35946
MARALOVER,2006-11-28 00:00:00+05:30,20.45,20.75,20.35,20.4,16777
MARALOVER,2006-11-29 00:00:00+05:30,20.3,21.0,20.25,20.35,13737
MARALOVER,2006-11-30 00:00:00+05:30,20.25,20.75,20.1,20.15,7676
MARALOVER,2006-12-01 00:00:00+05:30,20.7,20.7,20.05,20.1,19822
MARALOVER,2006-12-04 00:00:00+05:30,20.6,20.9,19.9,20.1,12971
MARALOVER,2006-12-05 00:00:00+05:30,19.85,20.25,19.85,20.1,13303
MARALOVER,2006-12-06 00:00:00+05:30,20.1,20.5,19.5,19.6,24048
MARALOVER,2006-12-07 00:00:00+05:30,19.55,19.95,19.55,19.8,12248
MARALOVER,2006-12-08 00:00:00+05:30,20.25,20.5,19.4,19.55,15919
MARALOVER,2006-12-11 00:00:00+05:30,19.45,19.8,18.8,19.05,19908
MARALOVER,2006-12-12 00:00:00+05:30,18.75,19.5,18.0,18.1,26120
MARALOVER,2006-12-13 00:00:00+05:30,19.15,19.15,17.75,18.2,9415
MARALOVER,2006-12-14 00:00:00+05:30,18.95,19.0,18.25,18.7,7986
MARALOVER,2006-12-15 00:00:00+05:30,18.75,19.2,18.75,18.8,9108
MARALOVER,2006-12-18 00:00:00+05:30,18.8,19.0,18.35,18.7,7846
MARALOVER,2006-12-19 00:00:00+05:30,18.9,19.25,18.55,18.7,15397
MARALOVER,2006-12-20 00:00:00+05:30,19.35,19.35,18.3,18.35,10259
MARALOVER,2006-12-21 00:00:00+05:30,18.9,18.9,18.1,18.35,4686
MARALOVER,2006-12-22 00:00:00+05:30,18.3,19.1,18.3,18.65,14286
MARALOVER,2006-12-26 00:00:00+05:30,18.2,19.0,18.2,18.65,7875
MARALOVER,2006-12-27 00:00:00+05:30,18.5,19.4,18.5,19.2,31553
MARALOVER,2006-12-28 00:00:00+05:30,19.7,19.7,18.95,19.1,11777
MARALOVER,2006-12-29 00:00:00+05:30,19.45,19.5,19.0,19.1,21192
MARALOVER,2007-01-02 00:00:00+05:30,19.6,20.7,19.6,19.9,32974
MARALOVER,2007-01-03 00:00:00+05:30,20.3,21.5,20.0,20.9,59900
MARALOVER,2007-01-04 00:00:00+05:30,20.7,21.55,20.4,21.3,37670
MARALOVER,2007-01-05 00:00:00+05:30,21.35,22.5,21.2,21.7,61664
MARALOVER,2007-01-08 00:00:00+05:30,22.55,23.95,22.1,23.0,72389
MARALOVER,2007-01-09 00:00:00+05:30,23.05,23.6,21.9,22.15,34914
MARALOVER,2007-01-10 00:00:00+05:30,20.7,22.55,20.7,21.35,17312
MARALOVER,2007-01-11 00:00:00+05:30,22.0,22.3,21.4,21.95,17854
MARALOVER,2007-01-12 00:00:00+05:30,21.95,22.0,21.55,21.65,8544
MARALOVER,2007-01-15 00:00:00+05:30,21.8,22.4,21.5,22.2,21783
MARALOVER,2007-01-16 00:00:00+05:30,21.9,23.0,21.9,22.4,24703
MARALOVER,2007-01-17 00:00:00+05:30,22.35,22.7,22.2,22.35,17530
MARALOVER,2007-01-18 00:00:00+05:30,22.3,23.3,22.05,22.45,35062
MARALOVER,2007-01-19 00:00:00+05:30,22.8,22.8,20.95,22.0,17072
MARALOVER,2007-01-22 00:00:00+05:30,22.1,22.4,21.5,21.85,25978
MARALOVER,2007-01-23 00:00:00+05:30,22.2,22.45,21.4,21.45,12001
MARALOVER,2007-01-24 00:00:00+05:30,21.6,21.9,21.4,21.5,6969
MARALOVER,2007-01-25 00:00:00+05:30,20.7,22.15,20.7,21.15,19052
MARALOVER,2007-01-29 00:00:00+05:30,20.8,21.7,20.7,21.2,7945
MARALOVER,2007-01-31 00:00:00+05:30,20.8,21.95,20.8,20.85,21171
MARALOVER,2007-02-01 00:00:00+05:30,20.6,20.85,20.35,20.6,10093
MARALOVER,2007-02-02 00:00:00+05:30,20.15,21.15,20.15,20.8,9700
MARALOVER,2007-02-05 00:00:00+05:30,20.25,21.25,20.25,20.9,11388
MARALOVER,2007-02-06 00:00:00+05:30,21.3,23.5,21.3,22.85,93645
MARALOVER,2007-02-07 00:00:00+05:30,23.3,23.9,22.4,22.65,62468
MARALOVER,2007-02-08 00:00:00+05:30,22.6,22.8,21.55,21.95,22410
MARALOVER,2007-02-09 00:00:00+05:30,21.7,22.0,20.6,21.3,13793
MARALOVER,2007-02-12 00:00:00+05:30,20.35,21.5,20.0,20.25,17899
MARALOVER,2007-02-13 00:00:00+05:30,19.8,20.6,19.55,19.65,18692
MARALOVER,2007-02-14 00:00:00+05:30,19.5,20.4,19.0,19.8,12554
MARALOVER,2007-02-15 00:00:00+05:30,20.55,22.75,19.55,20.2,17866
MARALOVER,2007-02-19 00:00:00+05:30,21.45,21.5,20.4,20.5,20121
MARALOVER,2007-02-20 00:00:00+05:30,20.0,20.7,20.0,20.1,7625
MARALOVER,2007-02-21 00:00:00+05:30,20.4,20.5,19.85,19.9,8824
MARALOVER,2007-02-22 00:00:00+05:30,19.95,20.2,19.5,19.7,13028
MARALOVER,2007-02-23 00:00:00+05:30,19.8,20.0,18.8,18.9,15530
MARALOVER,2007-02-26 00:00:00+05:30,18.5,19.5,18.5,18.65,7871
MARALOVER,2007-02-27 00:00:00+05:30,19.0,19.1,18.6,18.95,7724
MARALOVER,2007-02-28 00:00:00+05:30,18.8,19.35,18.75,18.8,13656
MARALOVER,2007-03-01 00:00:00+05:30,18.8,19.2,18.1,18.65,10347
MARALOVER,2007-03-02 00:00:00+05:30,18.3,18.9,18.0,18.05,17388
MARALOVER,2007-03-05 00:00:00+05:30,18.0,18.0,16.5,16.95,19801
MARALOVER,2007-03-06 00:00:00+05:30,17.85,18.1,16.5,16.8,19392
MARALOVER,2007-03-07 00:00:00+05:30,17.25,18.0,17.0,17.05,7858
MARALOVER,2007-03-08 00:00:00+05:30,17.0,17.65,16.75,17.3,7357
MARALOVER,2007-03-09 00:00:00+05:30,17.0,18.0,17.0,17.5,5643
MARALOVER,2007-03-12 00:00:00+05:30,17.7,18.25,17.7,18.0,22769
MARALOVER,2007-03-13 00:00:00+05:30,17.8,18.15,17.8,17.95,14813
MARALOVER,2007-03-14 00:00:00+05:30,17.65,17.95,17.5,17.55,19469
MARALOVER,2007-03-15 00:00:00+05:30,17.35,18.2,17.35,17.95,9015
MARALOVER,2007-03-16 00:00:00+05:30,18.5,18.5,17.0,17.15,12131
MARALOVER,2007-03-19 00:00:00+05:30,17.05,17.5,17.0,17.3,17977
MARALOVER,2007-03-20 00:00:00+05:30,17.25,17.25,16.9,17.0,21634
MARALOVER,2007-03-21 00:00:00+05:30,17.0,17.45,16.8,17.4,5147
MARALOVER,2007-03-22 00:00:00+05:30,17.1,17.75,17.1,17.35,4408
MARALOVER,2007-03-23 00:00:00+05:30,17.3,17.3,16.85,16.85,11548
MARALOVER,2007-03-26 00:00:00+05:30,17.0,17.0,16.5,16.55,13603
MARALOVER,2007-03-28 00:00:00+05:30,16.05,16.5,15.95,16.0,21964
MARALOVER,2007-03-29 00:00:00+05:30,15.85,16.65,15.8,16.35,3671
MARALOVER,2007-03-30 00:00:00+05:30,16.25,17.7,16.25,17.45,14722
MARALOVER,2007-04-02 00:00:00+05:30,17.65,17.65,16.8,16.95,4106
MARALOVER,2007-04-03 00:00:00+05:30,17.0,17.15,16.8,17.1,1549
MARALOVER,2007-04-04 00:00:00+05:30,17.05,17.4,16.5,16.7,5192
MARALOVER,2007-04-05 00:00:00+05:30,16.1,17.1,16.1,16.8,3287
MARALOVER,2007-04-09 00:00:00+05:30,16.75,18.0,16.75,17.9,10659
MARALOVER,2007-04-10 00:00:00+05:30,18.25,18.5,17.9,18.2,15013
MARALOVER,2007-04-11 00:00:00+05:30,19.1,19.1,18.25,18.45,10066
MARALOVER,2007-04-12 00:00:00+05:30,17.6,18.3,17.6,18.0,2095
MARALOVER,2007-04-13 00:00:00+05:30,18.0,18.0,17.75,17.9,1159
MARALOVER,2007-04-16 00:00:00+05:30,17.85,18.15,17.75,17.8,4805
MARALOVER,2007-04-17 00:00:00+05:30,17.75,17.9,17.65,17.65,1394
MARALOVER,2007-04-18 00:00:00+05:30,17.75,18.1,17.75,17.75,6287
MARALOVER,2007-04-19 00:00:00+05:30,17.6,17.6,16.55,17.4,13239
MARALOVER,2007-04-20 00:00:00+05:30,17.6,17.85,17.5,17.75,7950
MARALOVER,2007-04-23 00:00:00+05:30,18.0,18.15,17.5,17.55,20885
MARALOVER,2007-04-24 00:00:00+05:30,17.35,17.5,16.8,17.0,45569
MARALOVER,2007-04-25 00:00:00+05:30,17.5,17.5,17.0,17.25,13904
MARALOVER,2007-04-26 00:00:00+05:30,17.9,17.9,16.9,17.05,35713
MARALOVER,2007-04-27 00:00:00+05:30,17.1,17.45,16.5,16.85,5194
MARALOVER,2007-04-30 00:00:00+05:30,17.0,17.3,16.8,16.95,8145
MARALOVER,2007-05-03 00:00:00+05:30,16.9,17.45,16.9,17.3,11316
MARALOVER,2007-05-04 00:00:00+05:30,17.5,17.9,17.2,17.4,29477
MARALOVER,2007-05-07 00:00:00+05:30,19.1,19.1,16.95,17.05,19610
MARALOVER,2007-05-08 00:00:00+05:30,17.45,17.45,16.85,17.0,4155
MARALOVER,2007-05-09 00:00:00+05:30,16.85,17.4,16.8,17.2,9808
MARALOVER,2007-05-10 00:00:00+05:30,17.5,17.5,17.0,17.0,3475
MARALOVER,2007-05-11 00:00:00+05:30,16.85,17.25,16.85,17.0,3621
MARALOVER,2007-05-14 00:00:00+05:30,17.4,17.45,17.0,17.05,8271
MARALOVER,2007-05-15 00:00:00+05:30,17.4,17.4,16.85,16.85,7620
MARALOVER,2007-05-16 00:00:00+05:30,17.0,17.0,16.65,16.65,16013
MARALOVER,2007-05-17 00:00:00+05:30,16.65,17.25,16.65,17.05,6721
MARALOVER,2007-05-18 00:00:00+05:30,16.25,17.15,16.25,17.0,8091
MARALOVER,2007-05-21 00:00:00+05:30,17.35,17.6,16.9,17.0,7353
MARALOVER,2007-05-22 00:00:00+05:30,16.8,17.1,16.8,16.95,5596
MARALOVER,2007-05-23 00:00:00+05:30,16.95,17.2,16.75,16.85,9754
MARALOVER,2007-05-24 00:00:00+05:30,17.0,17.0,16.6,16.65,4133
MARALOVER,2007-05-25 00:00:00+05:30,16.6,16.7,16.5,16.65,12498
MARALOVER,2007-05-28 00:00:00+05:30,16.6,16.9,16.55,16.7,5959
MARALOVER,2007-05-29 00:00:00+05:30,16.9,17.0,16.5,16.6,6700
MARALOVER,2007-05-30 00:00:00+05:30,16.6,17.25,16.5,16.75,9404
MARALOVER,2007-05-31 00:00:00+05:30,16.5,16.7,16.25,16.65,6902
MARALOVER,2007-06-01 00:00:00+05:30,16.55,17.2,16.25,16.55,26523
MARALOVER,2007-06-04 00:00:00+05:30,16.55,16.85,16.55,16.6,3514
MARALOVER,2007-06-05 00:00:00+05:30,16.65,17.0,16.3,16.9,13538
MARALOVER,2007-06-06 00:00:00+05:30,16.9,16.9,16.65,16.85,1788
MARALOVER,2007-06-07 00:00:00+05:30,16.45,17.05,16.4,16.85,9655
MARALOVER,2007-06-08 00:00:00+05:30,16.5,16.65,16.15,16.35,7203
MARALOVER,2007-06-11 00:00:00+05:30,16.3,16.5,16.2,16.25,4651
MARALOVER,2007-06-12 00:00:00+05:30,16.1,16.4,16.05,16.05,3198
MARALOVER,2007-06-13 00:00:00+05:30,15.9,16.25,15.9,15.9,10377
MARALOVER,2007-06-14 00:00:00+05:30,16.05,16.5,15.8,16.2,7993
MARALOVER,2007-06-15 00:00:00+05:30,16.4,16.4,16.0,16.1,6042
MARALOVER,2007-06-18 00:00:00+05:30,16.1,16.1,15.8,15.85,2277
MARALOVER,2007-06-19 00:00:00+05:30,16.35,16.4,15.75,15.8,4516
MARALOVER,2007-06-20 00:00:00+05:30,15.05,16.0,15.05,15.85,2670
MARALOVER,2007-06-21 00:00:00+05:30,15.9,15.9,15.55,15.6,7293
MARALOVER,2007-06-22 00:00:00+05:30,15.55,16.0,15.55,15.95,1925
MARALOVER,2007-06-25 00:00:00+05:30,15.3,17.5,15.3,17.05,33094
MARALOVER,2007-06-26 00:00:00+05:30,17.2,18.3,16.95,17.1,35364
MARALOVER,2007-06-27 00:00:00+05:30,17.0,17.5,17.0,17.3,9097
MARALOVER,2007-06-28 00:00:00+05:30,17.4,17.8,17.2,17.45,12331
MARALOVER,2007-06-29 00:00:00+05:30,17.1,17.75,17.1,17.4,10505
MARALOVER,2007-07-02 00:00:00+05:30,17.25,17.75,17.05,17.3,10365
MARALOVER,2007-07-03 00:00:00+05:30,17.15,17.4,17.15,17.2,4503
MARALOVER,2007-07-04 00:00:00+05:30,17.3,17.3,16.6,16.9,16866
MARALOVER,2007-07-05 00:00:00+05:30,16.95,17.2,16.8,17.0,8153
MARALOVER,2007-07-06 00:00:00+05:30,16.9,17.4,16.9,17.1,2851
MARALOVER,2007-07-09 00:00:00+05:30,16.95,17.35,16.8,16.9,3122
MARALOVER,2007-07-10 00:00:00+05:30,16.9,17.15,16.9,17.05,3253
MARALOVER,2007-07-11 00:00:00+05:30,17.0,17.4,17.0,17.05,3265
MARALOVER,2007-07-12 00:00:00+05:30,16.8,17.65,16.8,17.35,19046
MARALOVER,2007-07-13 00:00:00+05:30,17.6,17.95,17.1,17.3,27278
MARALOVER,2007-07-16 00:00:00+05:30,17.5,18.1,17.05,17.6,24423
MARALOVER,2007-07-17 00:00:00+05:30,18.05,18.05,17.1,17.25,6114
MARALOVER,2007-07-18 00:00:00+05:30,17.8,17.8,16.85,16.95,3375
MARALOVER,2007-07-19 00:00:00+05:30,17.1,17.45,16.9,17.05,16023
MARALOVER,2007-07-20 00:00:00+05:30,17.45,17.45,16.8,16.9,10062
MARALOVER,2007-07-23 00:00:00+05:30,17.65,17.8,17.1,17.1,11487
MARALOVER,2007-07-24 00:00:00+05:30,17.8,17.8,16.85,17.0,4585
MARALOVER,2007-07-25 00:00:00+05:30,17.0,17.1,16.55,16.55,6919
MARALOVER,2007-07-26 00:00:00+05:30,16.4,16.75,16.35,16.5,15310
MARALOVER,2007-07-27 00:00:00+05:30,16.5,17.15,16.25,16.4,3227
MARALOVER,2007-07-30 00:00:00+05:30,16.35,17.0,16.35,16.5,3094
MARALOVER,2007-07-31 00:00:00+05:30,16.3,16.8,16.3,16.65,2633
MARALOVER,2007-08-01 00:00:00+05:30,16.25,16.95,15.85,16.1,13378
MARALOVER,2007-08-02 00:00:00+05:30,15.5,16.55,15.5,16.15,9685
MARALOVER,2007-08-03 00:00:00+05:30,16.7,16.7,15.7,15.9,9054
MARALOVER,2007-08-06 00:00:00+05:30,15.25,16.05,15.25,16.0,2863
MARALOVER,2007-08-07 00:00:00+05:30,15.9,16.25,15.6,15.8,5046
MARALOVER,2007-08-08 00:00:00+05:30,15.85,16.25,15.85,16.25,4103
MARALOVER,2007-08-09 00:00:00+05:30,16.45,16.5,16.05,16.15,5199
MARALOVER,2007-08-10 00:00:00+05:30,15.4,16.1,15.4,15.65,14169
MARALOVER,2007-08-13 00:00:00+05:30,15.7,16.1,15.65,15.85,4800
MARALOVER,2007-08-14 00:00:00+05:30,15.6,16.35,15.6,16.1,7592
MARALOVER,2007-08-16 00:00:00+05:30,15.0,16.4,15.0,15.65,6115
MARALOVER,2007-08-17 00:00:00+05:30,15.8,15.85,15.3,15.4,9235
MARALOVER,2007-08-20 00:00:00+05:30,15.5,15.8,15.25,15.3,8896
MARALOVER,2007-08-21 00:00:00+05:30,15.2,15.65,15.05,15.1,10524
MARALOVER,2007-08-22 00:00:00+05:30,14.85,15.0,14.5,14.75,4365
MARALOVER,2007-08-23 00:00:00+05:30,15.0,15.2,14.6,14.75,3440
MARALOVER,2007-08-24 00:00:00+05:30,14.7,14.8,14.35,14.45,3770
MARALOVER,2007-08-27 00:00:00+05:30,14.5,15.5,14.5,15.3,4066
MARALOVER,2007-08-28 00:00:00+05:30,15.35,15.7,15.1,15.5,5948
MARALOVER,2007-08-29 00:00:00+05:30,15.2,15.7,15.2,15.6,3980
MARALOVER,2007-08-30 00:00:00+05:30,15.65,15.85,15.35,15.75,6661
MARALOVER,2007-08-31 00:00:00+05:30,15.8,15.85,15.55,15.6,3100
MARALOVER,2007-09-03 00:00:00+05:30,15.5,18.75,15.5,18.6,126806
MARALOVER,2007-09-04 00:00:00+05:30,20.0,20.35,18.2,18.6,184811
MARALOVER,2007-09-05 00:00:00+05:30,18.9,19.35,18.0,18.15,56401
MARALOVER,2007-09-06 00:00:00+05:30,18.9,19.3,17.25,18.0,25940
MARALOVER,2007-09-07 00:00:00+05:30,18.6,18.6,17.75,18.1,28318
MARALOVER,2007-09-10 00:00:00+05:30,17.5,18.4,17.5,17.85,10200
MARALOVER,2007-09-11 00:00:00+05:30,17.9,18.45,17.9,17.95,17417
MARALOVER,2007-09-12 00:00:00+05:30,18.5,19.35,18.0,18.35,40102
MARALOVER,2007-09-13 00:00:00+05:30,18.9,18.95,18.15,18.4,14162
MARALOVER,2007-09-14 00:00:00+05:30,18.6,18.9,18.0,18.05,15310
MARALOVER,2007-09-17 00:00:00+05:30,17.6,17.95,17.6,17.9,3079
MARALOVER,2007-09-18 00:00:00+05:30,17.6,18.75,17.6,18.0,4539
MARALOVER,2007-09-19 00:00:00+05:30,19.0,19.0,18.0,18.5,10724
MARALOVER,2007-09-20 00:00:00+05:30,18.8,19.0,18.2,18.7,23111
MARALOVER,2007-09-21 00:00:00+05:30,18.25,18.7,17.8,17.85,14533
MARALOVER,2007-09-24 00:00:00+05:30,17.6,18.25,17.5,17.6,12891
MARALOVER,2007-09-25 00:00:00+05:30,17.25,17.75,17.25,17.65,5667
MARALOVER,2007-09-26 00:00:00+05:30,17.05,18.0,17.05,17.5,21783
MARALOVER,2007-09-27 00:00:00+05:30,17.5,18.25,17.5,17.6,12644
MARALOVER,2007-09-28 00:00:00+05:30,17.2,17.8,17.2,17.5,13225
MARALOVER,2007-10-01 00:00:00+05:30,17.7,18.35,17.4,17.7,38713
MARALOVER,2007-10-03 00:00:00+05:30,18.9,20.9,18.0,18.75,220165
MARALOVER,2007-10-04 00:00:00+05:30,18.85,18.95,18.0,18.3,37013
MARALOVER,2007-10-05 00:00:00+05:30,17.75,18.7,17.5,17.65,24065
MARALOVER,2007-10-08 00:00:00+05:30,17.55,17.9,16.5,16.7,24487
MARALOVER,2007-10-09 00:00:00+05:30,16.35,17.1,16.35,16.95,9102
MARALOVER,2007-10-10 00:00:00+05:30,16.8,17.4,16.55,16.65,14483
MARALOVER,2007-10-11 00:00:00+05:30,16.5,16.75,16.35,16.65,2915
MARALOVER,2007-10-12 00:00:00+05:30,16.4,17.1,16.4,16.55,8239
MARALOVER,2007-10-15 00:00:00+05:30,16.75,16.9,16.65,16.65,5453
MARALOVER,2007-10-16 00:00:00+05:30,16.7,16.7,16.0,16.55,15074
MARALOVER,2007-10-17 00:00:00+05:30,16.0,16.45,16.0,16.45,3437
MARALOVER,2007-10-18 00:00:00+05:30,16.45,17.4,15.5,16.0,35147
MARALOVER,2007-10-19 00:00:00+05:30,16.5,16.5,15.6,15.9,6324
MARALOVER,2007-10-22 00:00:00+05:30,15.85,16.1,15.5,15.65,9436
MARALOVER,2007-10-23 00:00:00+05:30,16.1,16.3,15.8,16.05,10102
MARALOVER,2007-10-24 00:00:00+05:30,15.4,16.3,15.4,16.25,2328
MARALOVER,2007-10-25 00:00:00+05:30,15.1,17.0,15.1,16.25,20373
MARALOVER,2007-10-26 00:00:00+05:30,16.8,16.8,16.3,16.35,7173
MARALOVER,2007-10-29 00:00:00+05:30,16.5,17.1,16.0,16.2,6925
MARALOVER,2007-10-30 00:00:00+05:30,17.65,17.65,16.3,16.5,9763
MARALOVER,2007-10-31 00:00:00+05:30,15.85,18.35,15.85,17.8,74402
MARALOVER,2007-11-01 00:00:00+05:30,16.0,18.0,16.0,17.5,41346
MARALOVER,2007-11-02 00:00:00+05:30,17.5,17.5,16.55,16.75,16135
MARALOVER,2007-11-05 00:00:00+05:30,16.05,16.7,16.05,16.5,10655
MARALOVER,2007-11-06 00:00:00+05:30,16.75,16.75,16.25,16.35,6750
MARALOVER,2007-11-07 00:00:00+05:30,16.15,16.5,16.1,16.15,6245
MARALOVER,2007-11-08 00:00:00+05:30,16.05,16.3,15.5,16.1,11592
MARALOVER,2007-11-09 00:00:00+05:30,16.0,16.0,16.0,16.0,100
MARALOVER,2007-11-12 00:00:00+05:30,14.05,16.5,14.05,15.95,2677
MARALOVER,2007-11-13 00:00:00+05:30,16.5,16.85,16.05,16.15,2056
MARALOVER,2007-11-14 00:00:00+05:30,16.05,17.0,16.05,16.75,9733
MARALOVER,2007-11-15 00:00:00+05:30,16.5,17.15,16.3,16.6,22437
MARALOVER,2007-11-16 00:00:00+05:30,16.15,18.9,16.15,18.1,95123
MARALOVER,2007-11-19 00:00:00+05:30,18.1,20.35,18.1,19.4,126375
MARALOVER,2007-11-20 00:00:00+05:30,18.1,21.75,18.1,19.8,200626
MARALOVER,2007-11-21 00:00:00+05:30,19.0,21.15,18.65,18.95,32248
MARALOVER,2007-11-22 00:00:00+05:30,18.4,18.8,17.1,17.65,14241
MARALOVER,2007-11-23 00:00:00+05:30,18.0,18.75,17.55,18.1,20504
MARALOVER,2007-11-26 00:00:00+05:30,18.65,18.85,18.0,18.05,11544
MARALOVER,2007-11-27 00:00:00+05:30,19.0,20.5,17.55,17.7,16228
MARALOVER,2007-11-28 00:00:00+05:30,18.0,18.4,17.3,17.6,16363
MARALOVER,2007-11-29 00:00:00+05:30,18.0,18.35,17.05,17.55,14772
MARALOVER,2007-11-30 00:00:00+05:30,17.7,17.8,17.25,17.5,18297
MARALOVER,2007-12-03 00:00:00+05:30,17.15,18.0,17.1,17.6,8107
MARALOVER,2007-12-04 00:00:00+05:30,18.0,18.95,17.5,18.3,57016
MARALOVER,2007-12-05 00:00:00+05:30,18.95,19.85,18.3,19.3,38075
MARALOVER,2007-12-06 00:00:00+05:30,20.8,22.5,19.3,19.7,70810
MARALOVER,2007-12-07 00:00:00+05:30,20.6,20.6,19.0,19.25,43037
MARALOVER,2007-12-10 00:00:00+05:30,18.75,22.8,18.75,22.0,166652
MARALOVER,2007-12-11 00:00:00+05:30,22.6,23.8,21.0,22.6,256129
MARALOVER,2007-12-12 00:00:00+05:30,20.0,24.3,20.0,23.4,144259
MARALOVER,2007-12-13 00:00:00+05:30,24.15,24.8,23.15,23.55,102462
MARALOVER,2007-12-14 00:00:00+05:30,23.95,24.4,22.55,23.6,81936
MARALOVER,2007-12-17 00:00:00+05:30,24.5,26.8,23.0,23.55,250685
MARALOVER,2007-12-18 00:00:00+05:30,22.6,24.0,22.0,23.35,60128
MARALOVER,2007-12-19 00:00:00+05:30,23.8,25.5,23.5,23.85,69126
MARALOVER,2007-12-20 00:00:00+05:30,24.0,24.5,22.4,22.75,61660
MARALOVER,2007-12-24 00:00:00+05:30,21.5,24.9,21.5,24.05,88635
MARALOVER,2007-12-26 00:00:00+05:30,23.0,23.9,22.8,23.15,56478
MARALOVER,2007-12-27 00:00:00+05:30,23.5,23.9,22.7,23.0,42749
MARALOVER,2007-12-28 00:00:00+05:30,22.4,27.6,22.4,26.85,354759
MARALOVER,2007-12-31 00:00:00+05:30,28.2,28.2,27.15,28.2,97768
MARALOVER,2008-01-01 00:00:00+05:30,29.0,29.65,27.5,29.25,111799
MARALOVER,2008-01-02 00:00:00+05:30,30.4,30.4,27.8,28.0,50412
MARALOVER,2008-01-03 00:00:00+05:30,28.5,28.5,26.6,26.6,37407
MARALOVER,2008-01-04 00:00:00+05:30,26.0,27.3,25.3,25.4,50396
MARALOVER,2008-01-07 00:00:00+05:30,24.15,26.0,24.15,24.35,46696
MARALOVER,2008-01-08 00:00:00+05:30,24.7,25.0,23.15,23.35,18832
MARALOVER,2008-01-09 00:00:00+05:30,22.25,23.35,22.2,22.25,14289
MARALOVER,2008-01-10 00:00:00+05:30,23.4,23.4,21.65,21.95,14620
MARALOVER,2008-01-11 00:00:00+05:30,22.0,22.7,21.0,21.3,18556
MARALOVER,2008-01-14 00:00:00+05:30,20.7,22.0,20.7,22.0,12783
MARALOVER,2008-01-15 00:00:00+05:30,22.8,23.1,21.15,22.15,21540
MARALOVER,2008-01-16 00:00:00+05:30,23.0,23.0,21.05,21.4,10201
MARALOVER,2008-01-17 00:00:00+05:30,21.0,22.5,21.0,22.0,15630
MARALOVER,2008-01-18 00:00:00+05:30,20.95,22.0,20.95,21.2,19291
MARALOVER,2008-01-21 00:00:00+05:30,20.5,21.95,20.15,20.15,11507
MARALOVER,2008-01-22 00:00:00+05:30,19.15,19.15,19.15,19.15,151
MARALOVER,2008-01-23 00:00:00+05:30,19.1,19.1,18.2,18.2,4019
MARALOVER,2008-01-24 00:00:00+05:30,17.3,17.75,17.3,17.35,16686
MARALOVER,2008-01-25 00:00:00+05:30,18.25,18.25,16.6,17.5,13610
MARALOVER,2008-01-28 00:00:00+05:30,16.7,17.0,16.65,16.8,5900
MARALOVER,2008-01-29 00:00:00+05:30,16.8,17.4,16.8,17.25,5478
MARALOVER,2008-01-30 00:00:00+05:30,17.4,17.5,16.4,16.4,11801
MARALOVER,2008-01-31 00:00:00+05:30,15.8,16.75,15.6,15.85,2350
MARALOVER,2008-02-01 00:00:00+05:30,16.05,16.35,15.7,16.15,5810
MARALOVER,2008-02-04 00:00:00+05:30,16.05,17.0,16.05,16.65,5667
MARALOVER,2008-02-05 00:00:00+05:30,17.3,17.5,17.3,17.5,8775
MARALOVER,2008-02-06 00:00:00+05:30,16.75,18.0,16.75,17.8,4707
MARALOVER,2008-02-07 00:00:00+05:30,17.65,18.0,17.65,17.75,2674
MARALOVER,2008-02-08 00:00:00+05:30,17.5,17.5,16.9,16.95,1757
MARALOVER,2008-02-11 00:00:00+05:30,16.2,16.95,16.1,16.2,10148
MARALOVER,2008-02-12 00:00:00+05:30,15.4,16.4,15.4,15.65,6917
MARALOVER,2008-02-13 00:00:00+05:30,16.0,16.35,15.25,15.4,3604
MARALOVER,2008-02-14 00:00:00+05:30,15.55,16.2,15.35,15.6,5330
MARALOVER,2008-02-15 00:00:00+05:30,15.45,16.4,15.45,16.35,1180
MARALOVER,2008-02-18 00:00:00+05:30,16.45,16.7,16.15,16.5,1975
MARALOVER,2008-02-19 00:00:00+05:30,16.55,17.0,16.55,16.85,435
MARALOVER,2008-02-20 00:00:00+05:30,16.1,16.75,16.1,16.5,2804
MARALOVER,2008-02-21 00:00:00+05:30,16.2,16.95,16.2,16.55,4531
MARALOVER,2008-02-22 00:00:00+05:30,16.2,16.35,15.9,16.2,4433
MARALOVER,2008-02-25 00:00:00+05:30,16.0,16.2,15.75,15.8,6136
MARALOVER,2008-02-26 00:00:00+05:30,15.5,16.2,15.5,16.0,4505
MARALOVER,2008-02-27 00:00:00+05:30,15.6,16.5,15.6,16.1,3809
MARALOVER,2008-02-28 00:00:00+05:30,16.2,16.35,16.0,16.35,2974
MARALOVER,2008-02-29 00:00:00+05:30,16.5,17.2,15.85,16.5,18160
MARALOVER,2008-03-03 00:00:00+05:30,15.85,16.15,15.8,15.95,3701
MARALOVER,2008-03-04 00:00:00+05:30,15.75,15.75,15.2,15.5,8117
MARALOVER,2008-03-05 00:00:00+05:30,15.5,15.85,15.4,15.4,4396
MARALOVER,2008-03-07 00:00:00+05:30,15.0,15.3,14.65,14.65,5157
MARALOVER,2008-03-10 00:00:00+05:30,15.0,15.0,13.7,14.85,7631
MARALOVER,2008-03-11 00:00:00+05:30,15.5,15.5,14.5,14.8,3171
MARALOVER,2008-03-12 00:00:00+05:30,14.85,15.45,14.8,14.8,770
MARALOVER,2008-03-13 00:00:00+05:30,14.1,14.95,14.1,14.8,3724
MARALOVER,2008-03-14 00:00:00+05:30,13.5,14.25,13.5,13.95,4427
MARALOVER,2008-03-17 00:00:00+05:30,13.35,13.9,12.8,13.05,7284
MARALOVER,2008-03-18 00:00:00+05:30,13.25,13.6,13.0,13.05,6858
MARALOVER,2008-03-19 00:00:00+05:30,12.7,13.4,12.5,12.5,7464
MARALOVER,2008-03-24 00:00:00+05:30,12.4,12.4,11.6,11.65,3942
MARALOVER,2008-03-25 00:00:00+05:30,11.5,12.2,11.15,12.2,4166
MARALOVER,2008-03-26 00:00:00+05:30,12.2,12.5,12.0,12.25,6725
MARALOVER,2008-03-27 00:00:00+05:30,12.0,12.45,11.9,12.25,4862
MARALOVER,2008-03-28 00:00:00+05:30,11.6,13.5,11.3,13.3,5293
MARALOVER,2008-03-31 00:00:00+05:30,13.6,13.85,13.15,13.8,2486
MARALOVER,2008-04-01 00:00:00+05:30,14.7,14.7,13.3,13.45,3262
MARALOVER,2008-04-02 00:00:00+05:30,14.15,14.2,13.8,14.2,1069
MARALOVER,2008-04-03 00:00:00+05:30,14.1,14.3,13.5,13.5,1928
MARALOVER,2008-04-04 00:00:00+05:30,13.5,13.65,12.35,12.65,2139
MARALOVER,2008-04-07 00:00:00+05:30,13.2,13.2,12.65,13.1,1780
MARALOVER,2008-04-08 00:00:00+05:30,13.2,13.25,12.85,13.2,2104
MARALOVER,2008-04-09 00:00:00+05:30,13.7,13.7,13.2,13.45,850
MARALOVER,2008-04-10 00:00:00+05:30,13.5,14.4,13.45,13.7,1465
MARALOVER,2008-04-11 00:00:00+05:30,14.0,14.15,13.7,13.7,3897
MARALOVER,2008-04-15 00:00:00+05:30,13.9,14.0,13.55,13.95,650
MARALOVER,2008-04-16 00:00:00+05:30,14.35,14.45,13.4,14.05,2590
MARALOVER,2008-04-17 00:00:00+05:30,14.0,14.7,14.0,14.25,3352
MARALOVER,2008-04-21 00:00:00+05:30,14.8,15.25,14.35,14.55,2172
MARALOVER,2008-04-22 00:00:00+05:30,13.9,14.9,13.9,14.85,2268
MARALOVER,2008-04-23 00:00:00+05:30,15.65,15.65,14.0,14.95,18857
MARALOVER,2008-04-24 00:00:00+05:30,14.6,15.25,14.6,15.1,1257
MARALOVER,2008-04-25 00:00:00+05:30,15.2,15.35,14.4,14.65,3966
MARALOVER,2008-04-28 00:00:00+05:30,14.45,14.8,14.15,14.55,3717
MARALOVER,2008-04-29 00:00:00+05:30,13.8,15.7,13.8,15.35,11134
MARALOVER,2008-04-30 00:00:00+05:30,15.55,16.0,14.85,15.0,7785
MARALOVER,2008-05-02 00:00:00+05:30,14.65,15.0,14.6,14.7,4004
MARALOVER,2008-05-05 00:00:00+05:30,14.15,15.0,14.15,14.4,5618
MARALOVER,2008-05-06 00:00:00+05:30,15.15,15.15,14.1,14.95,3682
MARALOVER,2008-05-07 00:00:00+05:30,14.45,14.85,14.35,14.45,1323
MARALOVER,2008-05-08 00:00:00+05:30,14.0,14.95,14.0,14.55,1127
MARALOVER,2008-05-09 00:00:00+05:30,14.45,15.2,13.85,14.15,2304
MARALOVER,2008-05-12 00:00:00+05:30,13.3,13.55,13.2,13.45,2800
MARALOVER,2008-05-13 00:00:00+05:30,14.1,14.2,14.0,14.15,470
MARALOVER,2008-05-14 00:00:00+05:30,14.65,14.65,13.75,14.3,2010
MARALOVER,2008-05-15 00:00:00+05:30,12.7,14.75,12.65,14.35,5000
MARALOVER,2008-05-16 00:00:00+05:30,14.0,14.5,14.0,14.35,2549
MARALOVER,2008-05-20 00:00:00+05:30,14.35,15.0,13.1,14.55,4902
MARALOVER,2008-05-21 00:00:00+05:30,14.3,14.95,14.3,14.65,4030
MARALOVER,2008-05-22 00:00:00+05:30,15.3,15.65,14.8,15.0,10370
MARALOVER,2008-05-23 00:00:00+05:30,14.35,15.0,14.35,14.6,3814
MARALOVER,2008-05-26 00:00:00+05:30,14.05,14.4,14.0,14.4,2453
MARALOVER,2008-05-27 00:00:00+05:30,14.0,14.6,13.8,13.85,3178
MARALOVER,2008-05-28 00:00:00+05:30,13.9,14.45,13.35,13.95,8489
MARALOVER,2008-05-29 00:00:00+05:30,13.75,14.45,13.3,13.65,5832
MARALOVER,2008-05-30 00:00:00+05:30,13.4,13.7,13.25,13.45,3062
MARALOVER,2008-06-02 00:00:00+05:30,13.25,13.6,13.2,13.25,804
MARALOVER,2008-06-03 00:00:00+05:30,13.25,13.25,11.55,12.95,7563
MARALOVER,2008-06-04 00:00:00+05:30,12.95,13.25,12.45,13.0,2919
MARALOVER,2008-06-05 00:00:00+05:30,12.2,13.05,12.2,13.0,5700
MARALOVER,2008-06-06 00:00:00+05:30,12.7,13.65,12.3,12.5,7142
MARALOVER,2008-06-09 00:00:00+05:30,11.9,12.5,11.65,12.25,1402
MARALOVER,2008-06-10 00:00:00+05:30,13.45,13.5,11.7,12.75,2549
MARALOVER,2008-06-11 00:00:00+05:30,12.05,12.7,12.05,12.2,1456
MARALOVER,2008-06-12 00:00:00+05:30,12.2,12.25,12.0,12.0,7890
MARALOVER,2008-06-13 00:00:00+05:30,11.6,12.65,11.6,12.15,11983
MARALOVER,2008-06-16 00:00:00+05:30,12.55,12.9,12.25,12.5,7045
MARALOVER,2008-06-17 00:00:00+05:30,12.15,12.9,12.1,12.3,4103
MARALOVER,2008-06-18 00:00:00+05:30,12.0,12.65,12.0,12.4,5325
MARALOVER,2008-06-19 00:00:00+05:30,13.4,13.4,12.0,12.0,5674
MARALOVER,2008-06-20 00:00:00+05:30,12.75,12.75,12.0,12.05,4959
MARALOVER,2008-06-23 00:00:00+05:30,10.0,13.3,10.0,11.6,3001
MARALOVER,2008-06-24 00:00:00+05:30,10.8,12.0,10.8,11.95,2484
MARALOVER,2008-06-25 00:00:00+05:30,12.7,12.7,11.35,11.8,10261
MARALOVER,2008-06-26 00:00:00+05:30,11.75,11.85,11.3,11.35,6738
MARALOVER,2008-06-27 00:00:00+05:30,11.45,11.85,11.1,11.2,6844
MARALOVER,2008-06-30 00:00:00+05:30,11.0,11.8,10.9,11.0,5610
MARALOVER,2008-07-01 00:00:00+05:30,10.3,11.0,10.3,10.4,2374
MARALOVER,2008-07-02 00:00:00+05:30,9.6,11.3,9.5,10.0,12188
MARALOVER,2008-07-03 00:00:00+05:30,9.85,9.9,9.6,9.65,2263
MARALOVER,2008-07-04 00:00:00+05:30,9.9,10.25,9.6,10.0,5917
MARALOVER,2008-07-07 00:00:00+05:30,9.7,11.0,9.7,10.15,12097
MARALOVER,2008-07-08 00:00:00+05:30,10.0,10.25,9.6,10.2,2957
MARALOVER,2008-07-09 00:00:00+05:30,10.0,11.1,10.0,10.5,1512
MARALOVER,2008-07-10 00:00:00+05:30,9.25,10.9,9.25,10.45,2958
MARALOVER,2008-07-11 00:00:00+05:30,10.0,10.9,10.0,10.25,8249
MARALOVER,2008-07-14 00:00:00+05:30,10.0,10.7,9.55,10.05,3093
MARALOVER,2008-07-15 00:00:00+05:30,10.15,10.15,9.55,9.65,8862
MARALOVER,2008-07-16 00:00:00+05:30,10.1,10.1,8.95,8.95,12954
MARALOVER,2008-07-17 00:00:00+05:30,9.1,9.4,9.05,9.1,3521
MARALOVER,2008-07-18 00:00:00+05:30,9.0,9.85,9.0,9.55,8119
MARALOVER,2008-07-21 00:00:00+05:30,9.5,9.7,9.2,9.65,8730
MARALOVER,2008-07-22 00:00:00+05:30,9.25,9.85,7.75,9.5,10257
MARALOVER,2008-07-23 00:00:00+05:30,9.1,10.5,9.1,10.25,5983
MARALOVER,2008-07-24 00:00:00+05:30,10.35,10.35,9.95,9.95,3220
MARALOVER,2008-07-25 00:00:00+05:30,10.0,10.15,9.4,10.15,587
MARALOVER,2008-07-28 00:00:00+05:30,8.75,10.35,8.75,10.0,902
MARALOVER,2008-07-29 00:00:00+05:30,10.0,10.85,10.0,10.1,1850
MARALOVER,2008-07-30 00:00:00+05:30,10.0,10.8,10.0,10.25,4077
MARALOVER,2008-07-31 00:00:00+05:30,9.8,10.0,9.8,10.0,3485
MARALOVER,2008-08-01 00:00:00+05:30,9.65,10.5,9.65,10.1,2604
MARALOVER,2008-08-04 00:00:00+05:30,10.9,10.9,10.0,10.35,1288
MARALOVER,2008-08-05 00:00:00+05:30,10.95,11.0,10.55,10.9,4351
MARALOVER,2008-08-06 00:00:00+05:30,10.0,11.2,10.0,10.7,10230
MARALOVER,2008-08-07 00:00:00+05:30,10.6,11.2,10.6,10.65,3781
MARALOVER,2008-08-08 00:00:00+05:30,10.85,10.9,10.3,10.75,1725
MARALOVER,2008-08-11 00:00:00+05:30,10.25,11.6,10.25,10.55,11187
MARALOVER,2008-08-12 00:00:00+05:30,10.1,10.8,10.0,10.1,5897
MARALOVER,2008-08-13 00:00:00+05:30,10.0,11.1,10.0,10.6,3999
MARALOVER,2008-08-14 00:00:00+05:30,10.35,10.85,10.35,10.65,127
MARALOVER,2008-08-18 00:00:00+05:30,10.85,11.3,10.1,10.95,3478
MARALOVER,2008-08-19 00:00:00+05:30,10.25,10.65,10.2,10.6,4456
MARALOVER,2008-08-20 00:00:00+05:30,10.85,10.85,10.85,10.85,10
MARALOVER,2008-08-21 00:00:00+05:30,10.1,10.9,10.0,10.05,2534
MARALOVER,2008-08-22 00:00:00+05:30,10.05,10.2,10.0,10.1,3204
MARALOVER,2008-08-25 00:00:00+05:30,10.0,10.7,9.85,10.35,4906
MARALOVER,2008-08-26 00:00:00+05:30,10.1,10.1,10.1,10.1,1000
MARALOVER,2008-08-27 00:00:00+05:30,9.95,10.75,9.95,10.25,1422
MARALOVER,2008-08-28 00:00:00+05:30,10.15,10.5,10.15,10.25,790
MARALOVER,2008-08-29 00:00:00+05:30,9.9,10.65,9.9,10.5,1501
MARALOVER,2008-09-01 00:00:00+05:30,10.0,10.4,10.0,10.25,4314
MARALOVER,2008-09-02 00:00:00+05:30,10.0,10.6,10.0,10.2,1988
MARALOVER,2008-09-04 00:00:00+05:30,10.0,10.2,10.0,10.05,2635
MARALOVER,2008-09-05 00:00:00+05:30,10.0,10.2,9.9,10.1,1670
MARALOVER,2008-09-08 00:00:00+05:30,10.6,10.6,10.15,10.6,2668
MARALOVER,2008-09-09 00:00:00+05:30,10.75,10.75,9.8,10.05,3703
MARALOVER,2008-09-10 00:00:00+05:30,10.0,10.2,9.95,10.0,2373
MARALOVER,2008-09-11 00:00:00+05:30,10.5,10.5,9.9,10.0,3442
MARALOVER,2008-09-12 00:00:00+05:30,9.6,9.95,8.05,9.65,12218
MARALOVER,2008-09-15 00:00:00+05:30,9.0,11.15,9.0,10.7,47277
MARALOVER,2008-09-16 00:00:00+05:30,10.1,10.45,9.8,10.2,4076
MARALOVER,2008-09-17 00:00:00+05:30,9.65,9.75,8.25,9.55,17905
MARALOVER,2008-09-18 00:00:00+05:30,9.15,9.7,8.85,9.3,22176
MARALOVER,2008-09-19 00:00:00+05:30,9.15,9.6,9.1,9.2,5928
MARALOVER,2008-09-22 00:00:00+05:30,9.1,9.7,9.1,9.15,1600
MARALOVER,2008-09-23 00:00:00+05:30,9.0,9.15,9.0,9.0,1028
MARALOVER,2008-09-24 00:00:00+05:30,9.0,9.15,8.85,9.0,4554
MARALOVER,2008-09-25 00:00:00+05:30,9.5,9.5,9.0,9.05,2191
MARALOVER,2008-09-26 00:00:00+05:30,9.8,9.8,8.8,8.85,1705
MARALOVER,2008-09-29 00:00:00+05:30,8.9,9.0,8.05,8.45,6392
MARALOVER,2008-09-30 00:00:00+05:30,7.5,8.95,7.5,8.3,4613
MARALOVER,2008-10-01 00:00:00+05:30,9.8,9.8,8.1,8.85,1504
MARALOVER,2008-10-03 00:00:00+05:30,8.25,8.6,8.15,8.15,12420
MARALOVER,2008-10-06 00:00:00+05:30,7.8,8.85,7.55,7.6,5440
MARALOVER,2008-10-07 00:00:00+05:30,7.25,7.7,7.0,7.0,11233
MARALOVER,2008-10-08 00:00:00+05:30,7.0,7.55,6.3,6.6,13218
MARALOVER,2008-10-10 00:00:00+05:30,6.2,6.4,5.5,5.75,12439
MARALOVER,2008-10-13 00:00:00+05:30,5.0,6.6,5.0,6.0,5236
MARALOVER,2008-10-14 00:00:00+05:30,6.0,6.85,6.0,6.8,7334
MARALOVER,2008-10-15 00:00:00+05:30,6.25,6.85,5.8,5.95,10715
MARALOVER,2008-10-16 00:00:00+05:30,5.1,5.75,5.1,5.75,5561
MARALOVER,2008-10-17 00:00:00+05:30,5.25,6.45,5.25,5.85,3140
MARALOVER,2008-10-20 00:00:00+05:30,6.0,6.1,6.0,6.0,952
MARALOVER,2008-10-21 00:00:00+05:30,6.0,6.0,5.5,5.85,7090
MARALOVER,2008-10-22 00:00:00+05:30,5.25,5.75,5.15,5.4,4153
MARALOVER,2008-10-23 00:00:00+05:30,5.3,5.65,4.95,5.0,9942
MARALOVER,2008-10-24 00:00:00+05:30,5.0,5.0,4.55,4.6,3120
MARALOVER,2008-10-27 00:00:00+05:30,4.0,4.9,3.9,4.3,12310
MARALOVER,2008-10-28 00:00:00+05:30,4.0,4.5,3.65,4.1,2339
MARALOVER,2008-10-29 00:00:00+05:30,4.1,4.95,4.05,4.4,6959
MARALOVER,2008-10-31 00:00:00+05:30,4.0,5.25,4.0,4.55,2643
MARALOVER,2008-11-03 00:00:00+05:30,4.0,5.15,4.0,5.0,499
MARALOVER,2008-11-04 00:00:00+05:30,5.05,5.95,5.05,5.5,13317
MARALOVER,2008-11-05 00:00:00+05:30,5.1,6.5,5.1,5.75,2268
MARALOVER,2008-11-06 00:00:00+05:30,5.6,5.6,5.0,5.5,3045
MARALOVER,2008-11-07 00:00:00+05:30,5.0,5.8,5.0,5.1,3813
MARALOVER,2008-11-10 00:00:00+05:30,5.75,6.15,5.2,5.5,11654
MARALOVER,2008-11-11 00:00:00+05:30,5.5,5.7,5.15,5.15,2454
MARALOVER,2008-11-12 00:00:00+05:30,5.0,5.6,5.0,5.6,3300
MARALOVER,2008-11-14 00:00:00+05:30,5.15,5.3,5.1,5.3,8202
MARALOVER,2008-11-17 00:00:00+05:30,5.0,5.3,4.6,5.0,5683
MARALOVER,2008-11-18 00:00:00+05:30,5.4,5.4,4.5,4.85,2289
MARALOVER,2008-11-19 00:00:00+05:30,5.0,5.25,4.5,4.5,1092
MARALOVER,2008-11-20 00:00:00+05:30,4.0,4.85,4.0,4.25,4022
MARALOVER,2008-11-21 00:00:00+05:30,4.7,4.7,4.25,4.25,612
MARALOVER,2008-11-24 00:00:00+05:30,4.7,4.7,4.2,4.65,2570
MARALOVER,2008-11-25 00:00:00+05:30,4.2,5.1,4.2,4.45,832
MARALOVER,2008-11-26 00:00:00+05:30,4.2,4.9,4.2,4.85,292
MARALOVER,2008-11-28 00:00:00+05:30,4.2,4.9,4.2,4.85,0
MARALOVER,2008-12-01 00:00:00+05:30,4.55,4.85,4.4,4.45,2411
MARALOVER,2008-12-02 00:00:00+05:30,4.0,5.0,4.0,4.85,1385
MARALOVER,2008-12-03 00:00:00+05:30,4.4,4.95,4.35,4.9,1339
MARALOVER,2008-12-04 00:00:00+05:30,4.6,4.65,4.6,4.65,434
MARALOVER,2008-12-05 00:00:00+05:30,4.65,5.05,4.65,4.9,2500
MARALOVER,2008-12-08 00:00:00+05:30,4.9,4.9,4.5,4.55,20850
MARALOVER,2008-12-10 00:00:00+05:30,4.5,4.8,4.5,4.7,1170
MARALOVER,2008-12-11 00:00:00+05:30,4.45,4.9,4.45,4.6,3293
MARALOVER,2008-12-12 00:00:00+05:30,4.75,5.0,4.6,4.9,7488
MARALOVER,2008-12-15 00:00:00+05:30,5.05,5.6,5.05,5.6,6334
MARALOVER,2008-12-16 00:00:00+05:30,5.25,5.75,5.25,5.55,3147
MARALOVER,2008-12-17 00:00:00+05:30,5.75,5.9,5.5,5.9,3638
MARALOVER,2008-12-18 00:00:00+05:30,5.35,5.9,5.3,5.6,3788
MARALOVER,2008-12-19 00:00:00+05:30,5.05,6.2,5.05,5.6,697
MARALOVER,2008-12-22 00:00:00+05:30,5.0,5.95,5.0,5.45,3081
MARALOVER,2008-12-23 00:00:00+05:30,5.05,5.85,5.05,5.25,368
MARALOVER,2008-12-24 00:00:00+05:30,5.0,6.0,5.0,5.4,4322
MARALOVER,2008-12-26 00:00:00+05:30,5.0,5.85,5.0,5.75,214
MARALOVER,2008-12-29 00:00:00+05:30,5.5,5.7,5.15,5.4,4907
MARALOVER,2008-12-30 00:00:00+05:30,5.1,5.75,5.1,5.65,714
MARALOVER,2008-12-31 00:00:00+05:30,5.55,5.6,5.35,5.45,752
MARALOVER,2009-01-01 00:00:00+05:30,5.4,5.85,5.35,5.85,2976
MARALOVER,2009-01-02 00:00:00+05:30,5.7,6.25,5.7,6.0,6320
MARALOVER,2009-01-05 00:00:00+05:30,6.0,6.0,5.75,5.75,1006
MARALOVER,2009-01-06 00:00:00+05:30,5.3,6.4,5.3,5.8,2078
MARALOVER,2009-01-07 00:00:00+05:30,5.5,6.25,5.3,6.25,1181
MARALOVER,2009-01-09 00:00:00+05:30,5.3,5.95,5.3,5.55,5926
MARALOVER,2009-01-12 00:00:00+05:30,5.5,6.0,5.45,5.85,5017
MARALOVER,2009-01-13 00:00:00+05:30,5.9,6.3,5.4,6.3,1530
MARALOVER,2009-01-14 00:00:00+05:30,6.0,6.1,5.65,6.0,4800
MARALOVER,2009-01-15 00:00:00+05:30,5.7,5.7,5.5,5.5,1200
MARALOVER,2009-01-16 00:00:00+05:30,5.55,5.55,5.5,5.55,2833
MARALOVER,2009-01-19 00:00:00+05:30,6.0,6.0,5.45,5.5,69220
MARALOVER,2009-01-20 00:00:00+05:30,5.5,5.5,5.0,5.15,1209
MARALOVER,2009-01-21 00:00:00+05:30,6.0,6.15,4.9,5.2,12606
MARALOVER,2009-01-22 00:00:00+05:30,5.1,5.5,5.0,5.3,1319
MARALOVER,2009-01-23 00:00:00+05:30,5.2,5.4,4.75,4.8,2561
MARALOVER,2009-01-27 00:00:00+05:30,5.4,5.4,5.4,5.4,500
MARALOVER,2009-01-28 00:00:00+05:30,5.0,5.45,5.0,5.1,848
MARALOVER,2009-01-29 00:00:00+05:30,5.05,5.05,5.0,5.05,700
MARALOVER,2009-01-30 00:00:00+05:30,5.0,5.6,4.85,5.05,626
MARALOVER,2009-02-02 00:00:00+05:30,5.3,5.5,4.85,5.5,2500
MARALOVER,2009-02-03 00:00:00+05:30,5.0,5.5,4.8,5.1,9066
MARALOVER,2009-02-04 00:00:00+05:30,4.85,5.0,4.8,4.8,950
MARALOVER,2009-02-05 00:00:00+05:30,4.75,4.8,4.5,4.55,1859
MARALOVER,2009-02-06 00:00:00+05:30,4.55,5.2,4.5,5.2,5582
MARALOVER,2009-02-09 00:00:00+05:30,5.15,5.5,4.6,5.3,3841
MARALOVER,2009-02-10 00:00:00+05:30,4.65,5.45,4.6,5.4,2310
MARALOVER,2009-02-11 00:00:00+05:30,4.75,4.85,4.5,4.75,12364
MARALOVER,2009-02-12 00:00:00+05:30,5.0,5.2,4.85,5.05,3802
MARALOVER,2009-02-13 00:00:00+05:30,5.4,5.45,4.85,4.85,820
MARALOVER,2009-02-16 00:00:00+05:30,4.85,5.0,4.85,4.85,1051
MARALOVER,2009-02-17 00:00:00+05:30,4.85,4.85,4.85,4.85,450
MARALOVER,2009-02-18 00:00:00+05:30,4.85,4.85,4.85,4.85,0
MARALOVER,2009-02-19 00:00:00+05:30,4.85,5.35,4.7,5.15,849
MARALOVER,2009-02-20 00:00:00+05:30,5.2,5.45,4.65,4.75,1968
MARALOVER,2009-02-24 00:00:00+05:30,5.0,5.05,4.6,4.8,143
MARALOVER,2009-02-25 00:00:00+05:30,5.4,5.4,4.75,4.75,2292
MARALOVER,2009-02-26 00:00:00+05:30,5.4,5.4,4.75,4.75,0
MARALOVER,2009-02-27 00:00:00+05:30,4.6,5.15,4.6,5.1,1001
MARALOVER,2009-03-02 00:00:00+05:30,4.7,5.15,4.7,5.1,52
MARALOVER,2009-03-03 00:00:00+05:30,4.3,4.9,4.3,4.85,400
MARALOVER,2009-03-04 00:00:00+05:30,4.5,4.5,4.5,4.5,501
MARALOVER,2009-03-05 00:00:00+05:30,4.3,4.6,4.15,4.6,3137
MARALOVER,2009-03-06 00:00:00+05:30,4.3,4.95,4.3,4.95,259
MARALOVER,2009-03-09 00:00:00+05:30,5.3,5.3,4.2,4.25,390
MARALOVER,2009-03-12 00:00:00+05:30,4.1,4.95,4.1,4.5,807
MARALOVER,2009-03-13 00:00:00+05:30,4.1,4.7,4.1,4.5,1780
MARALOVER,2009-03-16 00:00:00+05:30,4.4,5.0,4.4,4.75,701
MARALOVER,2009-03-17 00:00:00+05:30,4.35,4.35,4.3,4.3,950
MARALOVER,2009-03-18 00:00:00+05:30,4.9,4.9,4.5,4.7,1636
MARALOVER,2009-03-19 00:00:00+05:30,4.35,4.85,4.35,4.65,6009
MARALOVER,2009-03-20 00:00:00+05:30,4.35,4.8,4.35,4.55,1300
MARALOVER,2009-03-23 00:00:00+05:30,5.1,5.1,5.1,5.1,500
MARALOVER,2009-03-24 00:00:00+05:30,4.8,4.8,4.45,4.6,3857
MARALOVER,2009-03-25 00:00:00+05:30,4.45,4.5,4.45,4.45,1869
MARALOVER,2009-03-26 00:00:00+05:30,4.5,4.8,4.4,4.4,1897
MARALOVER,2009-03-27 00:00:00+05:30,4.3,4.85,4.3,4.6,3523
MARALOVER,2009-03-30 00:00:00+05:30,4.7,5.4,4.4,4.6,1790
MARALOVER,2009-03-31 00:00:00+05:30,4.3,5.1,4.3,5.1,1519
MARALOVER,2009-04-01 00:00:00+05:30,5.1,5.1,4.75,4.75,444
MARALOVER,2009-04-02 00:00:00+05:30,4.7,5.15,4.4,4.75,1100
MARALOVER,2009-04-06 00:00:00+05:30,4.75,5.25,4.75,5.25,102
MARALOVER,2009-04-08 00:00:00+05:30,5.3,6.3,4.85,6.3,5849
MARALOVER,2009-04-09 00:00:00+05:30,7.6,7.6,6.0,6.4,8790
MARALOVER,2009-04-13 00:00:00+05:30,6.0,6.8,6.0,6.3,7276
MARALOVER,2009-04-15 00:00:00+05:30,6.1,7.45,6.1,7.2,20252
MARALOVER,2009-04-16 00:00:00+05:30,7.4,7.4,6.5,6.7,14061
MARALOVER,2009-04-17 00:00:00+05:30,6.55,7.0,6.4,7.0,11309
MARALOVER,2009-04-20 00:00:00+05:30,6.95,6.95,6.65,6.65,400
MARALOVER,2009-04-21 00:00:00+05:30,6.8,6.8,6.75,6.75,101
MARALOVER,2009-04-22 00:00:00+05:30,6.6,6.6,6.45,6.45,1354
MARALOVER,2009-04-23 00:00:00+05:30,6.75,6.8,6.5,6.5,3752
MARALOVER,2009-04-24 00:00:00+05:30,6.55,6.6,6.55,6.6,1272
MARALOVER,2009-04-27 00:00:00+05:30,6.55,6.6,6.55,6.6,0
MARALOVER,2009-04-28 00:00:00+05:30,6.3,6.3,6.3,6.3,5
MARALOVER,2009-04-29 00:00:00+05:30,6.2,6.2,6.2,6.2,474
MARALOVER,2009-05-04 00:00:00+05:30,5.95,6.55,5.95,6.55,3080
MARALOVER,2009-05-05 00:00:00+05:30,6.25,6.25,6.25,6.25,600
MARALOVER,2009-05-06 00:00:00+05:30,6.0,6.0,6.0,6.0,3450
MARALOVER,2009-05-07 00:00:00+05:30,5.75,6.25,5.7,6.05,5100
MARALOVER,2009-05-08 00:00:00+05:30,6.3,6.3,6.2,6.25,2000
MARALOVER,2009-05-11 00:00:00+05:30,6.3,6.3,6.2,6.25,0
MARALOVER,2009-05-12 00:00:00+05:30,6.0,6.6,5.95,6.05,851
MARALOVER,2009-05-13 00:00:00+05:30,6.0,6.1,5.9,6.05,1102
MARALOVER,2009-05-14 00:00:00+05:30,5.75,6.3,5.75,5.95,4582
MARALOVER,2009-05-15 00:00:00+05:30,5.65,6.2,5.65,5.95,710
MARALOVER,2009-05-18 00:00:00+05:30,5.65,6.2,5.65,5.95,0
MARALOVER,2009-05-19 00:00:00+05:30,5.65,5.95,5.65,5.95,2621
MARALOVER,2009-05-20 00:00:00+05:30,6.05,6.25,6.05,6.25,602
MARALOVER,2009-05-21 00:00:00+05:30,6.6,6.6,6.6,6.6,380
MARALOVER,2009-05-22 00:00:00+05:30,6.95,6.95,6.6,6.95,4200
MARALOVER,2009-05-25 00:00:00+05:30,7.3,7.3,7.3,7.3,635
MARALOVER,2009-05-26 00:00:00+05:30,7.7,7.7,7.7,7.7,4051
MARALOVER,2009-05-27 00:00:00+05:30,8.1,8.1,7.4,8.1,5840
MARALOVER,2009-05-28 00:00:00+05:30,8.1,8.55,8.1,8.4,13961
MARALOVER,2009-05-29 00:00:00+05:30,8.1,8.85,8.1,8.85,6902
MARALOVER,2009-06-01 00:00:00+05:30,9.3,9.3,8.9,8.95,9721
MARALOVER,2009-06-02 00:00:00+05:30,9.4,9.4,9.0,9.35,11988
MARALOVER,2009-06-03 00:00:00+05:30,9.65,9.85,9.5,9.5,5759
MARALOVER,2009-06-04 00:00:00+05:30,9.5,9.95,9.25,9.8,3880
MARALOVER,2009-06-05 00:00:00+05:30,10.2,10.25,9.55,10.2,13425
MARALOVER,2009-06-08 00:00:00+05:30,9.8,10.2,9.8,10.0,1122
MARALOVER,2009-06-09 00:00:00+05:30,9.8,10.2,9.8,10.0,0
MARALOVER,2009-06-10 00:00:00+05:30,9.5,9.5,9.5,9.5,1633
MARALOVER,2009-06-11 00:00:00+05:30,9.9,9.9,9.4,9.5,943
MARALOVER,2009-06-12 00:00:00+05:30,9.9,9.9,9.4,9.5,0
MARALOVER,2009-06-15 00:00:00+05:30,9.05,9.05,9.05,9.05,600
MARALOVER,2009-06-16 00:00:00+05:30,8.95,8.95,8.7,8.75,1702
MARALOVER,2009-06-17 00:00:00+05:30,8.35,8.85,8.35,8.35,4452
MARALOVER,2009-06-18 00:00:00+05:30,8.35,8.35,8.0,8.1,1501
MARALOVER,2009-06-19 00:00:00+05:30,8.0,8.5,7.7,7.8,1613
MARALOVER,2009-06-22 00:00:00+05:30,7.7,7.7,7.7,7.7,1
MARALOVER,2009-06-23 00:00:00+05:30,7.6,7.6,7.55,7.55,1268
MARALOVER,2009-06-24 00:00:00+05:30,7.55,7.95,7.55,7.95,750
MARALOVER,2009-06-25 00:00:00+05:30,7.9,7.9,7.9,7.9,200
MARALOVER,2009-06-26 00:00:00+05:30,7.9,7.9,7.9,7.9,1
MARALOVER,2009-06-29 00:00:00+05:30,7.5,8.3,7.5,8.3,3780
MARALOVER,2009-06-30 00:00:00+05:30,7.5,8.3,7.5,8.3,0
MARALOVER,2009-07-01 00:00:00+05:30,7.5,8.3,7.5,8.3,0
MARALOVER,2009-07-02 00:00:00+05:30,8.5,8.5,8.5,8.5,100
MARALOVER,2009-07-03 00:00:00+05:30,8.1,8.1,8.1,8.1,500
MARALOVER,2009-07-06 00:00:00+05:30,8.0,8.0,8.0,8.0,450
MARALOVER,2009-07-07 00:00:00+05:30,7.7,7.7,7.6,7.6,150
MARALOVER,2009-07-08 00:00:00+05:30,7.25,7.35,7.25,7.25,2248
MARALOVER,2009-07-09 00:00:00+05:30,7.65,7.65,7.05,7.05,5653
MARALOVER,2009-07-10 00:00:00+05:30,7.4,7.4,6.85,6.85,101
MARALOVER,2009-07-13 00:00:00+05:30,7.0,7.0,6.6,6.95,840
MARALOVER,2009-07-14 00:00:00+05:30,6.9,7.3,6.9,6.9,1302
MARALOVER,2009-07-15 00:00:00+05:30,6.6,7.2,6.6,6.8,1700
MARALOVER,2009-07-16 00:00:00+05:30,6.8,6.8,6.8,6.8,200
MARALOVER,2009-07-17 00:00:00+05:30,7.0,7.1,7.0,7.0,1639
MARALOVER,2009-07-20 00:00:00+05:30,7.35,7.35,7.05,7.2,742
MARALOVER,2009-07-21 00:00:00+05:30,6.9,7.5,6.9,7.1,855
MARALOVER,2009-07-22 00:00:00+05:30,7.0,7.5,7.0,7.4,5500
MARALOVER,2009-07-23 00:00:00+05:30,7.45,7.45,7.15,7.15,51
MARALOVER,2009-07-24 00:00:00+05:30,7.5,7.5,7.05,7.1,700
MARALOVER,2009-07-27 00:00:00+05:30,7.0,7.25,7.0,7.25,102
MARALOVER,2009-07-28 00:00:00+05:30,7.6,7.65,7.35,7.65,1217
MARALOVER,2009-07-29 00:00:00+05:30,8.0,8.05,7.95,8.0,10038
MARALOVER,2009-07-30 00:00:00+05:30,8.4,8.4,8.0,8.4,4078
MARALOVER,2009-07-31 00:00:00+05:30,8.85,8.85,8.0,8.5,6200
MARALOVER,2009-08-03 00:00:00+05:30,8.1,8.1,8.1,8.1,5279
MARALOVER,2009-08-04 00:00:00+05:30,8.0,8.25,8.0,8.2,423
MARALOVER,2009-08-05 00:00:00+05:30,8.4,8.65,8.05,8.25,2751
MARALOVER,2009-08-06 00:00:00+05:30,8.3,8.7,8.15,8.15,10920
MARALOVER,2009-08-07 00:00:00+05:30,8.25,8.6,8.2,8.3,4794
MARALOVER,2009-08-10 00:00:00+05:30,8.75,8.75,8.2,8.6,2860
MARALOVER,2009-08-11 00:00:00+05:30,8.5,8.5,8.2,8.2,2191
MARALOVER,2009-08-12 00:00:00+05:30,8.0,8.45,7.85,7.85,3241
MARALOVER,2009-08-13 00:00:00+05:30,8.05,8.25,8.05,8.25,1300
MARALOVER,2009-08-14 00:00:00+05:30,8.4,8.4,8.3,8.3,1550
MARALOVER,2009-08-17 00:00:00+05:30,8.0,8.4,8.0,8.05,2596
MARALOVER,2009-08-18 00:00:00+05:30,8.0,8.0,8.0,8.0,3
MARALOVER,2009-08-19 00:00:00+05:30,7.9,8.0,7.75,8.0,3027
MARALOVER,2009-08-20 00:00:00+05:30,7.9,8.0,7.75,8.0,0
MARALOVER,2009-08-21 00:00:00+05:30,7.8,8.4,7.8,8.3,4709
MARALOVER,2009-08-24 00:00:00+05:30,8.3,8.45,8.1,8.3,1901
MARALOVER,2009-08-25 00:00:00+05:30,8.0,8.45,7.9,8.3,1407
MARALOVER,2009-08-26 00:00:00+05:30,8.2,8.65,8.2,8.6,2867
MARALOVER,2009-08-27 00:00:00+05:30,8.85,9.0,8.3,8.55,9829
MARALOVER,2009-08-28 00:00:00+05:30,8.5,8.8,8.5,8.8,18376
MARALOVER,2009-08-31 00:00:00+05:30,9.05,9.05,8.55,8.55,1520
MARALOVER,2009-09-01 00:00:00+05:30,8.5,8.85,8.45,8.55,2182
MARALOVER,2009-09-02 00:00:00+05:30,8.5,8.65,8.4,8.6,1800
MARALOVER,2009-09-03 00:00:00+05:30,8.3,8.9,8.3,8.8,601
MARALOVER,2009-09-04 00:00:00+05:30,8.6,8.6,8.55,8.55,566
MARALOVER,2009-09-07 00:00:00+05:30,8.7,9.45,8.55,9.3,23674
MARALOVER,2009-09-08 00:00:00+05:30,9.8,9.8,9.0,9.35,10822
MARALOVER,2009-09-09 00:00:00+05:30,9.7,9.7,9.0,9.15,7272
MARALOVER,2009-09-10 00:00:00+05:30,8.95,9.4,8.95,9.1,10309
MARALOVER,2009-09-11 00:00:00+05:30,9.9,10.05,9.15,9.95,36176
MARALOVER,2009-09-14 00:00:00+05:30,9.2,10.45,9.2,9.75,21222
MARALOVER,2009-09-15 00:00:00+05:30,10.45,10.45,9.7,9.95,1812
MARALOVER,2009-09-16 00:00:00+05:30,9.45,9.9,9.45,9.85,3981
MARALOVER,2009-09-17 00:00:00+05:30,9.1,9.75,9.0,9.45,4200
MARALOVER,2009-09-18 00:00:00+05:30,9.1,9.95,9.1,9.5,4202
MARALOVER,2009-09-22 00:00:00+05:30,9.6,9.85,9.45,9.6,5450
MARALOVER,2009-09-23 00:00:00+05:30,9.1,9.5,9.1,9.5,1080
MARALOVER,2009-09-24 00:00:00+05:30,8.85,9.5,8.85,9.15,5615
MARALOVER,2009-09-25 00:00:00+05:30,9.25,9.85,9.25,9.7,7818
MARALOVER,2009-09-29 00:00:00+05:30,9.5,9.5,9.4,9.4,1370
MARALOVER,2009-09-30 00:00:00+05:30,9.45,9.7,9.3,9.55,6158
MARALOVER,2009-10-01 00:00:00+05:30,9.0,10.1,9.0,10.0,22402
MARALOVER,2009-10-05 00:00:00+05:30,11.0,11.0,9.7,10.05,11379
MARALOVER,2009-10-06 00:00:00+05:30,10.0,10.25,9.2,9.6,3458
MARALOVER,2009-10-07 00:00:00+05:30,10.45,10.45,9.45,9.65,12273
MARALOVER,2009-10-08 00:00:00+05:30,10.0,10.0,9.4,9.55,2325
MARALOVER,2009-10-09 00:00:00+05:30,9.25,9.9,9.1,9.25,4394
MARALOVER,2009-10-12 00:00:00+05:30,9.1,10.2,9.05,10.2,20599
MARALOVER,2009-10-14 00:00:00+05:30,10.3,10.3,9.95,9.95,10366
MARALOVER,2009-10-15 00:00:00+05:30,9.35,10.2,9.35,9.75,17643
MARALOVER,2009-10-16 00:00:00+05:30,9.3,10.1,9.3,9.65,1979
MARALOVER,2009-10-20 00:00:00+05:30,9.15,10.25,9.1,9.7,5903
MARALOVER,2009-10-21 00:00:00+05:30,10.3,10.3,9.2,9.8,6001
MARALOVER,2009-10-22 00:00:00+05:30,9.6,10.05,9.5,9.5,3666
MARALOVER,2009-10-23 00:00:00+05:30,9.55,9.9,9.25,9.4,10220
MARALOVER,2009-10-26 00:00:00+05:30,8.8,9.4,8.8,9.4,3374
MARALOVER,2009-10-27 00:00:00+05:30,8.9,9.85,8.9,9.45,4589
MARALOVER,2009-10-28 00:00:00+05:30,9.0,9.7,8.95,9.15,3553
MARALOVER,2009-10-29 00:00:00+05:30,9.9,10.1,9.9,10.1,56277
MARALOVER,2009-10-30 00:00:00+05:30,11.15,11.15,10.6,11.15,62303
MARALOVER,2009-11-03 00:00:00+05:30,11.15,12.0,10.05,10.2,53767
MARALOVER,2009-11-04 00:00:00+05:30,10.0,10.6,9.85,10.45,12080
MARALOVER,2009-11-05 00:00:00+05:30,10.25,10.8,10.25,10.75,11245
MARALOVER,2009-11-06 00:00:00+05:30,11.0,11.65,10.5,10.75,16640
MARALOVER,2009-11-09 00:00:00+05:30,11.1,11.2,10.1,10.2,85585
MARALOVER,2009-11-10 00:00:00+05:30,10.75,10.75,9.2,9.4,93479
MARALOVER,2009-11-11 00:00:00+05:30,9.9,9.9,8.8,8.85,59748
MARALOVER,2009-11-12 00:00:00+05:30,9.5,9.5,8.75,8.85,77417
MARALOVER,2009-11-13 00:00:00+05:30,8.8,10.65,8.8,10.65,96890
MARALOVER,2009-11-16 00:00:00+05:30,11.9,12.25,10.25,11.95,250185
MARALOVER,2009-11-17 00:00:00+05:30,11.0,13.2,10.65,12.75,122419
MARALOVER,2009-11-18 00:00:00+05:30,12.9,15.3,12.85,15.3,407990
MARALOVER,2009-11-19 00:00:00+05:30,15.95,16.85,15.95,16.85,182771
MARALOVER,2009-11-20 00:00:00+05:30,18.45,18.55,17.35,18.55,1249261
MARALOVER,2009-11-23 00:00:00+05:30,19.1,19.1,16.75,16.9,617049
MARALOVER,2009-11-24 00:00:00+05:30,17.0,17.0,15.65,15.8,259793
MARALOVER,2009-11-25 00:00:00+05:30,15.95,15.95,14.25,14.85,149396
MARALOVER,2009-11-26 00:00:00+05:30,14.85,15.9,14.4,15.5,146403
MARALOVER,2009-11-27 00:00:00+05:30,15.0,15.4,14.75,14.85,37757
MARALOVER,2009-11-30 00:00:00+05:30,15.0,15.35,14.6,15.2,25618
MARALOVER,2009-12-01 00:00:00+05:30,15.0,16.0,14.8,16.0,39252
MARALOVER,2009-12-02 00:00:00+05:30,16.0,16.45,15.8,15.85,31045
MARALOVER,2009-12-03 00:00:00+05:30,15.5,16.1,15.35,15.75,26396
MARALOVER,2009-12-04 00:00:00+05:30,15.75,15.75,15.35,15.5,12756
MARALOVER,2009-12-07 00:00:00+05:30,15.55,15.6,15.0,15.1,18995
MARALOVER,2009-12-08 00:00:00+05:30,14.7,15.55,14.7,15.2,11714
MARALOVER,2009-12-09 00:00:00+05:30,15.0,15.8,14.7,15.6,16325
MARALOVER,2009-12-10 00:00:00+05:30,16.35,16.4,15.2,15.7,19159
MARALOVER,2009-12-11 00:00:00+05:30,16.1,16.5,15.9,16.1,119582
MARALOVER,2009-12-14 00:00:00+05:30,16.5,16.5,15.3,15.75,27883
MARALOVER,2009-12-15 00:00:00+05:30,15.5,15.8,15.05,15.1,11180
MARALOVER,2009-12-16 00:00:00+05:30,15.1,15.5,14.6,15.0,21720
MARALOVER,2009-12-17 00:00:00+05:30,14.6,15.5,14.6,15.15,11144
MARALOVER,2009-12-18 00:00:00+05:30,15.4,15.8,14.9,14.9,12758
MARALOVER,2009-12-21 00:00:00+05:30,15.45,15.45,14.7,14.8,14100
MARALOVER,2009-12-22 00:00:00+05:30,15.0,15.0,14.75,14.8,7103
MARALOVER,2009-12-23 00:00:00+05:30,15.0,15.3,14.6,15.0,15742
MARALOVER,2009-12-24 00:00:00+05:30,15.0,15.35,14.55,14.6,9866
MARALOVER,2009-12-29 00:00:00+05:30,15.15,15.2,14.15,15.0,12147
MARALOVER,2009-12-30 00:00:00+05:30,14.5,15.2,14.5,14.95,9540
MARALOVER,2009-12-31 00:00:00+05:30,15.1,15.2,14.6,14.75,12957
MARALOVER,2010-01-04 00:00:00+05:30,14.7,14.7,14.55,14.65,23551
MARALOVER,2010-01-05 00:00:00+05:30,14.65,15.35,14.5,14.9,39104
MARALOVER,2010-01-06 00:00:00+05:30,15.45,15.45,14.75,14.85,10371
MARALOVER,2010-01-07 00:00:00+05:30,14.8,15.6,14.8,15.6,25377
MARALOVER,2010-01-08 00:00:00+05:30,16.4,16.4,15.6,15.85,21599
MARALOVER,2010-01-11 00:00:00+05:30,16.25,16.25,15.45,15.9,18218
MARALOVER,2010-01-12 00:00:00+05:30,16.1,16.1,15.7,15.9,6502
MARALOVER,2010-01-13 00:00:00+05:30,15.1,15.9,15.1,15.2,17323
MARALOVER,2010-01-14 00:00:00+05:30,15.0,15.9,15.0,15.85,15848
MARALOVER,2010-01-15 00:00:00+05:30,16.3,16.3,15.6,15.7,15983
MARALOVER,2010-01-18 00:00:00+05:30,16.0,16.3,15.8,16.05,17237
MARALOVER,2010-01-19 00:00:00+05:30,16.1,16.1,15.6,15.7,10274
MARALOVER,2010-01-20 00:00:00+05:30,15.55,15.9,15.4,15.7,12951
MARALOVER,2010-01-21 00:00:00+05:30,15.35,15.8,15.15,15.15,6416
MARALOVER,2010-01-22 00:00:00+05:30,15.15,15.2,14.4,14.9,13747
MARALOVER,2010-01-25 00:00:00+05:30,14.3,14.95,14.3,14.85,5341
MARALOVER,2010-01-27 00:00:00+05:30,14.85,14.85,14.15,14.2,20472
MARALOVER,2010-01-28 00:00:00+05:30,14.0,14.4,13.6,13.85,10182
MARALOVER,2010-01-29 00:00:00+05:30,13.85,14.0,13.25,13.65,18139
MARALOVER,2010-02-01 00:00:00+05:30,13.2,13.95,13.2,13.85,11547
MARALOVER,2010-02-02 00:00:00+05:30,13.95,13.95,13.25,13.9,13889
MARALOVER,2010-02-03 00:00:00+05:30,13.5,13.9,13.35,13.65,5347
MARALOVER,2010-02-04 00:00:00+05:30,13.75,14.35,13.5,13.9,14550
MARALOVER,2010-02-05 00:00:00+05:30,13.3,14.1,13.2,13.8,7490
MARALOVER,2010-02-08 00:00:00+05:30,13.2,13.9,13.2,13.7,2590
MARALOVER,2010-02-09 00:00:00+05:30,13.3,14.0,13.3,13.6,4250
MARALOVER,2010-02-10 00:00:00+05:30,13.5,13.7,13.3,13.4,6128
MARALOVER,2010-02-11 00:00:00+05:30,13.2,13.9,13.2,13.4,2292
MARALOVER,2010-02-15 00:00:00+05:30,13.25,13.65,13.1,13.1,1780
MARALOVER,2010-02-16 00:00:00+05:30,13.35,13.4,13.05,13.1,18791
MARALOVER,2010-02-17 00:00:00+05:30,12.8,13.6,12.45,13.2,7637
MARALOVER,2010-02-18 00:00:00+05:30,13.2,13.7,13.1,13.55,8010
MARALOVER,2010-02-19 00:00:00+05:30,14.2,14.25,13.2,13.2,5683
MARALOVER,2010-02-22 00:00:00+05:30,13.2,13.65,13.2,13.45,4250
MARALOVER,2010-02-23 00:00:00+05:30,13.1,13.5,13.0,13.05,3746
MARALOVER,2010-02-24 00:00:00+05:30,13.0,13.35,13.0,13.0,3908
MARALOVER,2010-02-25 00:00:00+05:30,13.0,13.35,12.9,13.3,6882
MARALOVER,2010-02-26 00:00:00+05:30,13.0,13.35,12.95,13.35,3456
MARALOVER,2010-03-02 00:00:00+05:30,13.1,13.4,13.1,13.1,4474
MARALOVER,2010-03-03 00:00:00+05:30,12.95,13.4,12.95,13.05,4318
MARALOVER,2010-03-04 00:00:00+05:30,13.15,13.45,13.1,13.45,12066
MARALOVER,2010-03-05 00:00:00+05:30,13.45,13.7,13.3,13.4,7651
MARALOVER,2010-03-08 00:00:00+05:30,13.4,13.7,13.25,13.6,4848
MARALOVER,2010-03-09 00:00:00+05:30,13.95,14.2,13.5,13.75,1800
MARALOVER,2010-03-10 00:00:00+05:30,13.55,13.6,13.35,13.6,2742
MARALOVER,2010-03-11 00:00:00+05:30,13.0,14.0,12.4,13.5,4005
MARALOVER,2010-03-12 00:00:00+05:30,13.5,13.8,13.25,13.25,3912
MARALOVER,2010-03-15 00:00:00+05:30,13.2,13.5,13.2,13.5,28972
MARALOVER,2010-03-16 00:00:00+05:30,13.6,13.6,13.25,13.35,7497
MARALOVER,2010-03-17 00:00:00+05:30,13.4,13.8,13.35,13.45,8220
MARALOVER,2010-03-18 00:00:00+05:30,13.15,13.6,13.15,13.45,22177
MARALOVER,2010-03-19 00:00:00+05:30,13.35,13.6,13.3,13.6,10199
MARALOVER,2010-03-22 00:00:00+05:30,13.35,13.65,13.3,13.5,8943
MARALOVER,2010-03-23 00:00:00+05:30,13.35,13.75,13.35,13.4,6080
MARALOVER,2010-03-25 00:00:00+05:30,14.2,14.45,13.25,13.6,16537
MARALOVER,2010-03-26 00:00:00+05:30,13.7,13.7,13.35,13.45,28628
MARALOVER,2010-03-29 00:00:00+05:30,13.6,13.8,13.45,13.5,16233
MARALOVER,2010-03-30 00:00:00+05:30,13.35,13.95,13.35,13.35,7640
MARALOVER,2010-03-31 00:00:00+05:30,13.95,14.45,13.55,13.65,10158
MARALOVER,2010-04-01 00:00:00+05:30,13.9,14.3,13.9,14.15,20603
MARALOVER,2010-04-05 00:00:00+05:30,14.8,15.6,14.8,15.45,33261
MARALOVER,2010-04-06 00:00:00+05:30,15.5,16.2,15.4,15.45,19089
MARALOVER,2010-04-07 00:00:00+05:30,15.0,15.5,15.0,15.45,3534
MARALOVER,2010-04-08 00:00:00+05:30,15.45,15.7,14.8,14.95,33204
MARALOVER,2010-04-09 00:00:00+05:30,14.75,15.05,14.75,14.8,5000
MARALOVER,2010-04-12 00:00:00+05:30,15.0,15.4,14.8,14.95,8235
MARALOVER,2010-04-13 00:00:00+05:30,14.95,15.45,14.6,14.9,3615
MARALOVER,2010-04-15 00:00:00+05:30,14.8,15.3,14.8,14.95,8471
MARALOVER,2010-04-16 00:00:00+05:30,15.85,15.9,14.85,14.9,4082
MARALOVER,2010-04-19 00:00:00+05:30,15.0,15.3,14.75,14.75,1888
MARALOVER,2010-04-20 00:00:00+05:30,14.6,15.75,14.6,15.45,12996
MARALOVER,2010-04-21 00:00:00+05:30,14.9,16.5,14.9,16.2,25877
MARALOVER,2010-04-22 00:00:00+05:30,17.4,17.85,17.0,17.85,137080
MARALOVER,2010-04-23 00:00:00+05:30,18.45,18.45,17.1,17.65,75330
MARALOVER,2010-04-26 00:00:00+05:30,17.65,17.65,16.5,17.05,27546
MARALOVER,2010-04-27 00:00:00+05:30,17.55,17.55,16.55,16.65,24808
MARALOVER,2010-04-28 00:00:00+05:30,15.7,17.35,15.65,16.5,20173
MARALOVER,2010-04-29 00:00:00+05:30,16.0,16.0,15.75,15.85,20497
MARALOVER,2010-04-30 00:00:00+05:30,16.0,16.15,15.55,16.05,6095
MARALOVER,2010-05-03 00:00:00+05:30,16.3,16.5,15.6,15.7,5789
MARALOVER,2010-05-04 00:00:00+05:30,15.25,15.95,15.0,15.85,2821
MARALOVER,2010-05-05 00:00:00+05:30,15.1,15.65,15.1,15.65,2091
MARALOVER,2010-05-06 00:00:00+05:30,15.65,15.65,15.0,15.0,6277
MARALOVER,2010-05-07 00:00:00+05:30,14.75,15.45,14.35,14.8,3052
MARALOVER,2010-05-10 00:00:00+05:30,14.5,15.3,14.5,14.7,3300
MARALOVER,2010-05-11 00:00:00+05:30,14.7,15.2,14.7,14.9,1300
MARALOVER,2010-05-12 00:00:00+05:30,14.35,15.15,14.3,14.45,3486
MARALOVER,2010-05-13 00:00:00+05:30,14.35,14.35,14.25,14.3,6110
MARALOVER,2010-05-14 00:00:00+05:30,14.45,15.0,14.35,15.0,2280
MARALOVER,2010-05-17 00:00:00+05:30,14.7,14.7,14.3,14.3,1350
MARALOVER,2010-05-18 00:00:00+05:30,14.0,15.05,14.0,14.5,12121
MARALOVER,2010-05-19 00:00:00+05:30,14.25,14.3,14.25,14.25,3550
MARALOVER,2010-05-20 00:00:00+05:30,14.0,14.45,14.0,14.0,3350
MARALOVER,2010-05-21 00:00:00+05:30,13.3,13.55,13.3,13.55,997
MARALOVER,2010-05-24 00:00:00+05:30,13.5,14.2,13.5,14.2,1250
MARALOVER,2010-05-25 00:00:00+05:30,14.1,14.15,13.5,13.6,3526
MARALOVER,2010-05-26 00:00:00+05:30,13.6,13.6,13.5,13.5,2259
MARALOVER,2010-05-27 00:00:00+05:30,13.8,13.8,13.5,13.5,900
MARALOVER,2010-05-28 00:00:00+05:30,14.1,14.2,14.1,14.1,2505
MARALOVER,2010-05-31 00:00:00+05:30,13.5,14.1,13.5,13.8,2000
MARALOVER,2010-06-01 00:00:00+05:30,13.6,13.95,13.6,13.6,2649
MARALOVER,2010-06-02 00:00:00+05:30,13.6,13.7,13.6,13.7,4097
MARALOVER,2010-06-03 00:00:00+05:30,13.5,14.35,13.5,13.75,14663
MARALOVER,2010-06-04 00:00:00+05:30,13.45,13.5,13.4,13.5,2550
MARALOVER,2010-06-07 00:00:00+05:30,13.1,13.9,13.1,13.9,3128
MARALOVER,2010-06-08 00:00:00+05:30,13.25,14.6,13.25,13.55,9155
MARALOVER,2010-06-09 00:00:00+05:30,13.1,14.2,13.1,14.2,1947
MARALOVER,2010-06-10 00:00:00+05:30,13.75,13.8,13.7,13.7,2163
MARALOVER,2010-06-11 00:00:00+05:30,13.1,14.25,13.1,13.6,3944
MARALOVER,2010-06-14 00:00:00+05:30,13.0,14.25,13.0,13.5,3810
MARALOVER,2010-06-15 00:00:00+05:30,13.35,14.1,13.35,13.65,9336
MARALOVER,2010-06-16 00:00:00+05:30,13.65,14.25,13.65,14.0,3582
MARALOVER,2010-06-17 00:00:00+05:30,13.8,14.7,13.8,14.7,8148
MARALOVER,2010-06-18 00:00:00+05:30,14.5,15.0,14.15,14.2,4475
MARALOVER,2010-06-21 00:00:00+05:30,13.75,14.65,13.7,14.15,7075
MARALOVER,2010-06-22 00:00:00+05:30,13.8,14.75,13.55,13.85,5068
MARALOVER,2010-06-23 00:00:00+05:30,14.1,14.5,13.85,14.45,10108
MARALOVER,2010-06-24 00:00:00+05:30,14.5,14.9,14.4,14.75,8634
MARALOVER,2010-06-25 00:00:00+05:30,14.95,14.95,14.25,14.25,3907
MARALOVER,2010-06-28 00:00:00+05:30,14.25,14.9,14.0,14.6,6974
MARALOVER,2010-06-29 00:00:00+05:30,14.3,15.0,14.3,14.85,5782
MARALOVER,2010-06-30 00:00:00+05:30,14.9,14.95,14.4,14.5,3724
MARALOVER,2010-07-01 00:00:00+05:30,14.35,15.1,14.35,14.7,10822
MARALOVER,2010-07-02 00:00:00+05:30,14.6,15.45,14.0,15.35,6705
MARALOVER,2010-07-05 00:00:00+05:30,15.0,15.5,15.0,15.05,6695
MARALOVER,2010-07-06 00:00:00+05:30,15.05,15.2,14.7,15.1,3921
MARALOVER,2010-07-07 00:00:00+05:30,15.1,16.25,15.1,15.55,18549
MARALOVER,2010-07-08 00:00:00+05:30,15.8,16.25,15.55,15.7,19140
MARALOVER,2010-07-09 00:00:00+05:30,15.55,16.0,15.2,15.2,6982
MARALOVER,2010-07-12 00:00:00+05:30,15.05,15.5,15.0,15.3,9675
MARALOVER,2010-07-13 00:00:00+05:30,15.1,15.6,14.95,15.2,3893
MARALOVER,2010-07-14 00:00:00+05:30,15.5,15.7,15.3,15.3,3848
MARALOVER,2010-07-15 00:00:00+05:30,15.05,15.3,14.95,15.1,6562
MARALOVER,2010-07-16 00:00:00+05:30,15.05,15.35,15.05,15.1,2700
MARALOVER,2010-07-19 00:00:00+05:30,14.85,15.0,14.5,15.0,7914
MARALOVER,2010-07-20 00:00:00+05:30,14.4,15.65,14.4,15.15,7930
MARALOVER,2010-07-21 00:00:00+05:30,15.15,15.25,15.0,15.25,2241
MARALOVER,2010-07-22 00:00:00+05:30,15.2,15.65,15.1,15.35,1952
MARALOVER,2010-07-23 00:00:00+05:30,15.5,15.8,15.25,15.3,5124
MARALOVER,2010-07-26 00:00:00+05:30,15.25,15.45,14.8,15.35,6055
MARALOVER,2010-07-27 00:00:00+05:30,15.75,15.75,15.3,15.5,14280
MARALOVER,2010-07-28 00:00:00+05:30,15.85,17.05,15.85,17.05,36003
MARALOVER,2010-07-29 00:00:00+05:30,18.8,18.8,17.4,17.65,262016
MARALOVER,2010-07-30 00:00:00+05:30,18.0,18.2,16.7,17.0,24441
MARALOVER,2010-08-02 00:00:00+05:30,17.2,17.65,16.55,16.9,10954
MARALOVER,2010-08-03 00:00:00+05:30,17.15,17.15,16.3,16.55,15197
MARALOVER,2010-08-04 00:00:00+05:30,16.5,18.0,16.3,17.9,34713
MARALOVER,2010-08-05 00:00:00+05:30,17.75,18.0,17.0,17.3,23002
MARALOVER,2010-08-06 00:00:00+05:30,17.1,18.3,16.9,17.9,25328
MARALOVER,2010-08-09 00:00:00+05:30,18.45,19.7,18.0,19.65,93402
MARALOVER,2010-08-10 00:00:00+05:30,20.0,20.8,18.9,19.3,96486
MARALOVER,2010-08-11 00:00:00+05:30,18.6,19.65,18.6,18.85,11856
MARALOVER,2010-08-12 00:00:00+05:30,18.15,19.6,18.15,19.4,10418
MARALOVER,2010-08-13 00:00:00+05:30,19.4,20.2,19.15,19.3,36399
MARALOVER,2010-08-16 00:00:00+05:30,19.2,19.7,19.2,19.2,6458
MARALOVER,2010-08-17 00:00:00+05:30,19.5,19.8,18.05,18.3,28334
MARALOVER,2010-08-18 00:00:00+05:30,17.8,18.95,17.8,18.55,19325
MARALOVER,2010-08-19 00:00:00+05:30,18.55,18.9,18.3,18.4,10026
MARALOVER,2010-08-20 00:00:00+05:30,19.2,19.2,17.95,18.6,11743
MARALOVER,2010-08-23 00:00:00+05:30,18.3,19.1,18.3,18.65,29058
MARALOVER,2010-08-24 00:00:00+05:30,18.4,19.0,18.4,18.5,6126
MARALOVER,2010-08-25 00:00:00+05:30,18.05,18.8,17.6,18.05,20995
MARALOVER,2010-08-26 00:00:00+05:30,18.35,19.25,18.0,18.85,10951
MARALOVER,2010-08-27 00:00:00+05:30,17.1,19.4,17.1,18.75,22546
MARALOVER,2010-08-30 00:00:00+05:30,18.25,19.0,18.25,18.55,12063
MARALOVER,2010-08-31 00:00:00+05:30,18.2,18.45,17.95,18.1,7406
MARALOVER,2010-09-01 00:00:00+05:30,18.5,18.65,18.15,18.25,14843
MARALOVER,2010-09-02 00:00:00+05:30,18.7,18.8,18.15,18.3,7148
MARALOVER,2010-09-03 00:00:00+05:30,18.0,18.75,18.0,18.3,9149
MARALOVER,2010-09-06 00:00:00+05:30,19.0,19.4,18.35,18.35,2478
MARALOVER,2010-09-07 00:00:00+05:30,18.35,20.7,15.05,19.95,46711
MARALOVER,2010-09-08 00:00:00+05:30,19.6,22.0,19.6,20.75,95240
MARALOVER,2010-09-09 00:00:00+05:30,20.75,21.0,20.0,20.15,12327
MARALOVER,2010-09-13 00:00:00+05:30,20.25,21.2,20.25,20.55,26366
MARALOVER,2010-09-14 00:00:00+05:30,20.9,22.1,20.0,21.8,92630
MARALOVER,2010-09-15 00:00:00+05:30,22.0,22.45,20.25,20.6,76716
MARALOVER,2010-09-16 00:00:00+05:30,20.6,21.25,20.3,20.5,10935
MARALOVER,2010-09-17 00:00:00+05:30,20.3,20.9,20.1,20.2,10215
MARALOVER,2010-09-20 00:00:00+05:30,19.65,20.5,19.65,19.95,10505
MARALOVER,2010-09-21 00:00:00+05:30,19.8,20.45,19.0,19.35,8870
MARALOVER,2010-09-22 00:00:00+05:30,19.1,20.0,18.9,19.1,10684
MARALOVER,2010-09-23 00:00:00+05:30,18.35,20.5,18.35,20.0,12294
MARALOVER,2010-09-24 00:00:00+05:30,20.15,20.95,19.3,19.85,9491
MARALOVER,2010-09-27 00:00:00+05:30,19.95,20.95,19.6,19.75,10778
MARALOVER,2010-09-28 00:00:00+05:30,20.0,20.4,19.25,19.45,11401
MARALOVER,2010-09-29 00:00:00+05:30,19.95,19.95,19.1,19.6,3337
MARALOVER,2010-09-30 00:00:00+05:30,19.2,20.0,19.1,19.2,3264
MARALOVER,2010-10-01 00:00:00+05:30,20.0,20.05,19.35,19.85,7909
MARALOVER,2010-10-04 00:00:00+05:30,20.3,20.3,19.1,19.4,8673
MARALOVER,2010-10-05 00:00:00+05:30,19.1,19.7,18.55,19.1,8859
MARALOVER,2010-10-06 00:00:00+05:30,19.25,20.1,19.1,19.55,5202
MARALOVER,2010-10-07 00:00:00+05:30,19.65,19.8,19.2,19.45,16172
MARALOVER,2010-10-08 00:00:00+05:30,19.1,19.6,19.0,19.4,5281
MARALOVER,2010-10-11 00:00:00+05:30,20.4,20.4,19.0,19.35,7666
MARALOVER,2010-10-12 00:00:00+05:30,19.1,20.3,19.1,19.35,16432
MARALOVER,2010-10-13 00:00:00+05:30,20.1,21.0,19.55,20.5,28064
MARALOVER,2010-10-14 00:00:00+05:30,21.0,21.95,20.6,20.85,36238
MARALOVER,2010-10-15 00:00:00+05:30,21.05,21.75,20.2,20.65,26627
MARALOVER,2010-10-18 00:00:00+05:30,20.55,22.0,20.55,21.75,22548
MARALOVER,2010-10-19 00:00:00+05:30,22.8,23.65,22.35,23.1,51548
MARALOVER,2010-10-20 00:00:00+05:30,23.0,24.9,23.0,23.15,82114
MARALOVER,2010-10-21 00:00:00+05:30,23.4,24.25,23.15,23.6,30694
MARALOVER,2010-10-22 00:00:00+05:30,23.95,24.9,22.95,23.25,95779
MARALOVER,2010-10-25 00:00:00+05:30,25.0,25.5,23.6,24.25,119154
MARALOVER,2010-10-26 00:00:00+05:30,25.0,25.2,22.55,22.9,59418
MARALOVER,2010-10-27 00:00:00+05:30,22.6,22.9,21.5,22.05,27492
MARALOVER,2010-10-28 00:00:00+05:30,22.5,23.05,22.05,22.15,14215
MARALOVER,2010-10-29 00:00:00+05:30,22.5,22.5,20.35,20.8,24118
MARALOVER,2010-11-01 00:00:00+05:30,22.45,22.45,20.75,20.95,10934
MARALOVER,2010-11-02 00:00:00+05:30,20.55,20.9,20.0,20.6,15623
MARALOVER,2010-11-03 00:00:00+05:30,20.0,21.4,20.0,20.75,13755
MARALOVER,2010-11-04 00:00:00+05:30,20.55,21.7,20.2,20.4,19972
MARALOVER,2010-11-05 00:00:00+05:30,21.5,21.5,20.75,20.95,3677
MARALOVER,2010-11-08 00:00:00+05:30,20.7,23.0,20.5,21.7,25591
MARALOVER,2010-11-09 00:00:00+05:30,22.4,23.0,22.0,22.45,48984
MARALOVER,2010-11-10 00:00:00+05:30,22.65,23.0,22.0,22.6,18949
MARALOVER,2010-11-11 00:00:00+05:30,22.25,23.0,21.8,21.95,15663
MARALOVER,2010-11-12 00:00:00+05:30,22.5,22.8,21.2,21.4,24210
MARALOVER,2010-11-15 00:00:00+05:30,21.4,22.1,20.7,20.8,9087
MARALOVER,2010-11-16 00:00:00+05:30,22.95,22.95,19.7,19.95,10140
MARALOVER,2010-11-18 00:00:00+05:30,19.5,21.1,19.0,19.6,18740
MARALOVER,2010-11-19 00:00:00+05:30,19.5,20.35,18.9,19.3,11973
MARALOVER,2010-11-22 00:00:00+05:30,19.0,19.85,18.5,19.45,6594
MARALOVER,2010-11-23 00:00:00+05:30,19.3,19.75,18.5,18.8,6633
MARALOVER,2010-11-24 00:00:00+05:30,19.75,19.8,18.8,19.25,7108
MARALOVER,2010-11-25 00:00:00+05:30,19.25,19.25,18.0,18.75,2723
MARALOVER,2010-11-26 00:00:00+05:30,18.2,19.9,16.0,17.3,10888
MARALOVER,2010-11-29 00:00:00+05:30,17.0,17.9,16.6,17.35,4458
MARALOVER,2010-11-30 00:00:00+05:30,17.0,18.7,17.0,18.15,1423
MARALOVER,2010-12-01 00:00:00+05:30,18.75,20.4,18.6,19.5,30393
MARALOVER,2010-12-02 00:00:00+05:30,19.7,20.2,19.3,19.4,8381
MARALOVER,2010-12-03 00:00:00+05:30,19.1,19.7,18.35,18.75,14849
MARALOVER,2010-12-06 00:00:00+05:30,17.5,19.9,17.5,18.75,7970
MARALOVER,2010-12-07 00:00:00+05:30,17.65,18.85,17.65,18.85,627
MARALOVER,2010-12-08 00:00:00+05:30,18.0,18.95,17.2,17.85,7327
MARALOVER,2010-12-09 00:00:00+05:30,17.0,17.75,15.75,16.45,11319
MARALOVER,2010-12-10 00:00:00+05:30,16.45,17.7,15.1,17.0,6314
MARALOVER,2010-12-13 00:00:00+05:30,15.55,17.95,15.55,17.7,3057
MARALOVER,2010-12-14 00:00:00+05:30,17.4,19.35,17.3,18.85,4820
MARALOVER,2010-12-15 00:00:00+05:30,17.5,18.9,17.5,18.15,1091
MARALOVER,2010-12-16 00:00:00+05:30,17.6,18.65,17.6,18.05,9277
MARALOVER,2010-12-20 00:00:00+05:30,17.55,19.4,17.55,18.85,15263
MARALOVER,2010-12-21 00:00:00+05:30,18.15,19.35,18.15,18.9,8710
MARALOVER,2010-12-22 00:00:00+05:30,18.85,19.25,18.35,18.95,7076
MARALOVER,2010-12-23 00:00:00+05:30,18.7,18.95,18.35,18.75,2125
MARALOVER,2010-12-24 00:00:00+05:30,17.65,19.65,17.65,19.05,21314
MARALOVER,2010-12-27 00:00:00+05:30,19.55,19.55,18.9,19.15,1104
MARALOVER,2010-12-28 00:00:00+05:30,18.7,19.2,18.7,19.2,1968
MARALOVER,2010-12-29 00:00:00+05:30,19.3,19.3,18.6,18.7,1859
MARALOVER,2010-12-30 00:00:00+05:30,18.35,18.95,18.35,18.55,433
MARALOVER,2010-12-31 00:00:00+05:30,18.55,19.5,18.25,19.0,7388
MARALOVER,2011-01-03 00:00:00+05:30,19.0,20.25,19.0,19.35,10758
MARALOVER,2011-01-04 00:00:00+05:30,19.1,19.25,18.7,19.2,9706
MARALOVER,2011-01-05 00:00:00+05:30,18.6,18.75,18.5,19.2,2993
MARALOVER,2011-01-06 00:00:00+05:30,19.15,19.4,18.0,18.0,20425
MARALOVER,2011-01-07 00:00:00+05:30,18.1,18.1,18.0,18.1,3702
MARALOVER,2011-01-10 00:00:00+05:30,17.15,18.75,17.15,17.65,5362
MARALOVER,2011-01-11 00:00:00+05:30,17.2,18.15,17.2,17.45,3946
MARALOVER,2011-01-12 00:00:00+05:30,17.0,18.75,17.0,17.6,4026
MARALOVER,2011-01-13 00:00:00+05:30,17.0,17.85,17.0,17.4,3061
MARALOVER,2011-01-14 00:00:00+05:30,17.0,18.0,17.0,17.6,4662
MARALOVER,2011-01-17 00:00:00+05:30,17.15,17.25,17.15,17.15,503
MARALOVER,2011-01-18 00:00:00+05:30,17.0,18.0,17.0,17.3,1412
MARALOVER,2011-01-19 00:00:00+05:30,17.0,17.2,16.15,16.3,35776
MARALOVER,2011-01-20 00:00:00+05:30,16.3,16.55,16.1,16.2,4516
MARALOVER,2011-01-21 00:00:00+05:30,16.45,16.65,16.0,16.25,5123
MARALOVER,2011-01-24 00:00:00+05:30,16.5,16.95,16.15,16.6,2315
MARALOVER,2011-01-25 00:00:00+05:30,16.8,16.95,16.2,16.4,2529
MARALOVER,2011-01-27 00:00:00+05:30,16.5,17.2,16.5,17.0,3932
MARALOVER,2011-01-28 00:00:00+05:30,16.8,17.3,16.65,16.7,3828
MARALOVER,2011-01-31 00:00:00+05:30,16.7,17.3,16.7,16.75,4120
MARALOVER,2011-02-01 00:00:00+05:30,17.0,17.4,16.05,16.65,8196
MARALOVER,2011-02-02 00:00:00+05:30,16.0,16.8,15.8,16.1,4352
MARALOVER,2011-02-03 00:00:00+05:30,15.5,16.4,15.5,16.1,3009
MARALOVER,2011-02-04 00:00:00+05:30,16.3,17.0,16.1,16.55,2419
MARALOVER,2011-02-07 00:00:00+05:30,15.8,16.5,15.8,16.25,1385
MARALOVER,2011-02-08 00:00:00+05:30,15.75,15.75,14.25,14.5,15684
MARALOVER,2011-02-09 00:00:00+05:30,14.15,15.0,14.15,14.55,7355
MARALOVER,2011-02-10 00:00:00+05:30,13.4,15.0,13.4,13.85,14659
MARALOVER,2011-02-11 00:00:00+05:30,14.4,16.35,14.25,15.3,4992
MARALOVER,2011-02-14 00:00:00+05:30,15.5,16.5,14.35,16.5,3303
MARALOVER,2011-02-15 00:00:00+05:30,15.35,16.55,15.35,16.45,2170
MARALOVER,2011-02-16 00:00:00+05:30,16.4,16.45,15.85,16.0,2797
MARALOVER,2011-02-17 00:00:00+05:30,16.3,16.3,16.3,16.3,176
MARALOVER,2011-02-18 00:00:00+05:30,15.6,15.9,15.5,15.7,855
MARALOVER,2011-02-21 00:00:00+05:30,14.9,16.8,14.15,15.1,2480
MARALOVER,2011-02-22 00:00:00+05:30,15.2,15.3,15.0,15.2,1350
MARALOVER,2011-02-23 00:00:00+05:30,16.2,16.2,15.0,15.0,4
MARALOVER,2011-02-24 00:00:00+05:30,14.8,16.0,14.8,15.15,313
MARALOVER,2011-02-25 00:00:00+05:30,14.0,14.75,13.9,14.35,3076
MARALOVER,2011-02-28 00:00:00+05:30,14.3,14.3,14.05,14.15,12
MARALOVER,2011-03-01 00:00:00+05:30,14.0,14.9,14.0,14.8,458
MARALOVER,2011-03-03 00:00:00+05:30,14.0,15.25,14.0,14.9,863
MARALOVER,2011-03-04 00:00:00+05:30,14.4,15.2,14.4,14.85,2027
MARALOVER,2011-03-07 00:00:00+05:30,14.4,15.2,14.4,14.85,0
MARALOVER,2011-03-08 00:00:00+05:30,14.75,14.95,14.55,14.6,1526
MARALOVER,2011-03-09 00:00:00+05:30,14.35,14.35,14.35,14.35,21
MARALOVER,2011-03-10 00:00:00+05:30,14.5,14.95,14.5,14.75,12601
MARALOVER,2011-03-11 00:00:00+05:30,14.9,15.0,14.5,14.75,4450
MARALOVER,2011-03-14 00:00:00+05:30,14.85,14.85,14.2,14.4,2533
MARALOVER,2011-03-15 00:00:00+05:30,13.55,16.0,13.55,14.65,12073
MARALOVER,2011-03-16 00:00:00+05:30,14.35,14.35,13.0,13.5,38471
MARALOVER,2011-03-17 00:00:00+05:30,13.9,14.0,13.5,14.0,6739
MARALOVER,2011-03-18 00:00:00+05:30,13.8,14.0,13.4,13.55,6360
MARALOVER,2011-03-21 00:00:00+05:30,13.6,13.95,13.6,13.75,5369
MARALOVER,2011-03-22 00:00:00+05:30,13.5,14.1,13.25,13.6,275
MARALOVER,2011-03-23 00:00:00+05:30,13.65,14.2,12.1,14.2,7423
MARALOVER,2011-03-24 00:00:00+05:30,13.65,14.7,13.65,14.0,12760
MARALOVER,2011-03-25 00:00:00+05:30,13.7,14.7,13.7,14.5,3165
MARALOVER,2011-03-28 00:00:00+05:30,13.9,15.0,13.9,14.9,894
MARALOVER,2011-03-29 00:00:00+05:30,15.0,15.0,14.05,14.7,3499
MARALOVER,2011-03-30 00:00:00+05:30,14.15,15.3,14.1,15.0,5700
MARALOVER,2011-03-31 00:00:00+05:30,14.8,14.8,14.4,14.55,1933
MARALOVER,2011-04-01 00:00:00+05:30,15.75,15.75,14.65,15.05,4462
MARALOVER,2011-04-04 00:00:00+05:30,15.0,16.3,15.0,16.3,31102
MARALOVER,2011-04-05 00:00:00+05:30,15.5,17.7,15.5,16.65,14690
MARALOVER,2011-04-06 00:00:00+05:30,17.95,17.95,16.25,16.5,7174
MARALOVER,2011-04-07 00:00:00+05:30,16.8,17.0,16.55,16.7,1625
MARALOVER,2011-04-08 00:00:00+05:30,17.0,17.0,16.2,16.5,1549
MARALOVER,2011-04-11 00:00:00+05:30,16.5,16.5,15.5,15.6,1777
MARALOVER,2011-04-13 00:00:00+05:30,16.0,16.0,15.6,15.65,2224
MARALOVER,2011-04-15 00:00:00+05:30,16.5,16.5,15.65,15.8,1500
MARALOVER,2011-04-18 00:00:00+05:30,16.7,16.75,15.5,15.95,3075
MARALOVER,2011-04-19 00:00:00+05:30,15.05,15.85,14.95,15.4,19410
MARALOVER,2011-04-20 00:00:00+05:30,15.95,16.0,15.7,15.75,612
MARALOVER,2011-04-21 00:00:00+05:30,15.95,18.45,15.95,17.25,29465
MARALOVER,2011-04-25 00:00:00+05:30,17.4,17.4,16.5,17.1,6870
MARALOVER,2011-04-26 00:00:00+05:30,17.7,17.7,16.6,17.1,3709
MARALOVER,2011-04-27 00:00:00+05:30,16.95,16.95,16.0,16.05,13120
MARALOVER,2011-04-28 00:00:00+05:30,16.75,16.75,15.3,15.45,9270
MARALOVER,2011-04-29 00:00:00+05:30,16.0,16.0,15.45,15.9,204
MARALOVER,2011-05-02 00:00:00+05:30,16.45,16.45,14.1,15.05,3659
MARALOVER,2011-05-03 00:00:00+05:30,15.65,15.65,14.2,14.8,6033
MARALOVER,2011-05-04 00:00:00+05:30,15.35,15.35,14.45,14.7,2782
MARALOVER,2011-05-05 00:00:00+05:30,15.25,15.25,14.6,14.95,127
MARALOVER,2011-05-06 00:00:00+05:30,15.35,15.35,14.25,14.9,3803
MARALOVER,2011-05-09 00:00:00+05:30,14.65,14.95,14.5,14.55,429
MARALOVER,2011-05-10 00:00:00+05:30,14.55,14.6,14.0,14.4,2233
MARALOVER,2011-05-11 00:00:00+05:30,15.95,15.95,14.0,14.15,6862
MARALOVER,2011-05-12 00:00:00+05:30,14.2,14.7,13.85,13.9,10877
MARALOVER,2011-05-13 00:00:00+05:30,14.5,14.7,13.85,14.0,6884
MARALOVER,2011-05-16 00:00:00+05:30,13.85,13.85,13.75,13.75,751
MARALOVER,2011-05-17 00:00:00+05:30,13.85,13.85,13.75,13.75,0
MARALOVER,2011-05-18 00:00:00+05:30,13.6,14.0,13.55,13.65,4339
MARALOVER,2011-05-19 00:00:00+05:30,14.0,14.0,13.5,13.5,7182
MARALOVER,2011-05-20 00:00:00+05:30,13.5,13.85,13.0,13.45,5570
MARALOVER,2011-05-23 00:00:00+05:30,13.45,14.1,12.9,13.15,5975
MARALOVER,2011-05-24 00:00:00+05:30,12.8,13.0,12.75,12.75,251
MARALOVER,2011-05-25 00:00:00+05:30,12.8,13.3,12.8,13.0,12360
MARALOVER,2011-05-26 00:00:00+05:30,13.45,13.95,13.0,13.6,8311
MARALOVER,2011-05-27 00:00:00+05:30,13.6,13.6,13.0,13.0,3441
MARALOVER,2011-05-30 00:00:00+05:30,13.45,13.7,13.1,13.35,7374
MARALOVER,2011-05-31 00:00:00+05:30,13.4,13.7,13.0,13.2,4620
MARALOVER,2011-06-01 00:00:00+05:30,13.5,13.5,13.35,13.4,802
MARALOVER,2011-06-02 00:00:00+05:30,13.55,13.95,13.4,13.85,2309
MARALOVER,2011-06-03 00:00:00+05:30,13.7,14.8,13.7,14.0,5898
MARALOVER,2011-06-06 00:00:00+05:30,14.0,14.0,13.5,13.85,3120
MARALOVER,2011-06-07 00:00:00+05:30,13.5,13.95,13.45,13.45,3250
MARALOVER,2011-06-08 00:00:00+05:30,13.3,13.95,13.3,13.35,2247
MARALOVER,2011-06-09 00:00:00+05:30,13.0,15.2,13.0,14.6,15617
MARALOVER,2011-06-10 00:00:00+05:30,14.3,14.5,13.8,14.1,10669
MARALOVER,2011-06-13 00:00:00+05:30,13.65,14.3,13.65,13.85,1752
MARALOVER,2011-06-14 00:00:00+05:30,13.9,13.9,13.7,13.7,4526
MARALOVER,2011-06-15 00:00:00+05:30,14.05,14.05,13.7,13.8,9452
MARALOVER,2011-06-16 00:00:00+05:30,14.45,14.45,13.5,13.6,4067
MARALOVER,2011-06-17 00:00:00+05:30,13.95,13.95,13.7,13.7,5305
MARALOVER,2011-06-20 00:00:00+05:30,13.7,14.05,13.25,13.3,15563
MARALOVER,2011-06-21 00:00:00+05:30,13.35,13.55,13.0,13.2,5036
MARALOVER,2011-06-22 00:00:00+05:30,12.95,13.35,12.8,12.8,4159
MARALOVER,2011-06-23 00:00:00+05:30,10.35,13.45,10.35,13.2,2547
MARALOVER,2011-06-24 00:00:00+05:30,12.8,13.3,12.8,13.1,409
MARALOVER,2011-06-27 00:00:00+05:30,12.05,13.2,12.05,13.0,2410
MARALOVER,2011-06-28 00:00:00+05:30,13.1,13.3,13.1,13.2,1185
MARALOVER,2011-06-29 00:00:00+05:30,13.75,13.75,13.1,13.1,431
MARALOVER,2011-06-30 00:00:00+05:30,12.25,13.5,12.25,13.45,11110
MARALOVER,2011-07-01 00:00:00+05:30,12.25,13.5,12.25,13.3,952
MARALOVER,2011-07-04 00:00:00+05:30,13.3,13.75,12.0,13.2,8070
MARALOVER,2011-07-05 00:00:00+05:30,12.1,13.6,12.1,13.25,2096
MARALOVER,2011-07-06 00:00:00+05:30,13.25,13.75,13.25,13.45,2409
MARALOVER,2011-07-07 00:00:00+05:30,12.55,13.75,12.55,13.65,6970
MARALOVER,2011-07-08 00:00:00+05:30,12.5,13.6,12.5,13.5,2772
MARALOVER,2011-07-11 00:00:00+05:30,12.55,13.45,12.55,13.3,9
MARALOVER,2011-07-12 00:00:00+05:30,12.05,13.15,12.05,13.0,2005
MARALOVER,2011-07-13 00:00:00+05:30,12.3,13.35,12.3,13.05,544
MARALOVER,2011-07-14 00:00:00+05:30,12.75,13.05,12.75,13.0,102
MARALOVER,2011-07-15 00:00:00+05:30,13.0,13.25,12.3,13.0,1278
MARALOVER,2011-07-18 00:00:00+05:30,12.55,13.3,12.55,13.1,810
MARALOVER,2011-07-19 00:00:00+05:30,12.5,13.3,12.5,13.0,3503
MARALOVER,2011-07-20 00:00:00+05:30,13.0,13.1,12.95,12.95,2725
MARALOVER,2011-07-21 00:00:00+05:30,13.0,13.0,13.0,13.0,500
MARALOVER,2011-07-22 00:00:00+05:30,12.95,13.35,12.9,12.9,999
MARALOVER,2011-07-25 00:00:00+05:30,13.0,13.25,12.9,13.05,835
MARALOVER,2011-07-26 00:00:00+05:30,13.0,13.35,12.75,13.3,6411
MARALOVER,2011-07-27 00:00:00+05:30,13.6,16.0,13.6,15.3,114498
MARALOVER,2011-07-28 00:00:00+05:30,15.05,15.15,13.85,14.4,22521
MARALOVER,2011-07-29 00:00:00+05:30,13.5,14.5,13.0,13.1,11840
MARALOVER,2011-08-01 00:00:00+05:30,13.55,14.85,13.1,13.75,17248
MARALOVER,2011-08-02 00:00:00+05:30,13.0,13.5,12.95,13.45,7849
MARALOVER,2011-08-03 00:00:00+05:30,13.6,13.6,13.4,13.4,400
MARALOVER,2011-08-04 00:00:00+05:30,13.5,13.5,12.2,13.35,1872
MARALOVER,2011-08-05 00:00:00+05:30,11.7,13.45,11.7,13.15,2399
MARALOVER,2011-08-08 00:00:00+05:30,11.75,13.95,11.75,12.25,3052
MARALOVER,2011-08-09 00:00:00+05:30,11.25,12.9,11.25,12.3,824
MARALOVER,2011-08-10 00:00:00+05:30,12.4,13.2,12.4,12.7,806
MARALOVER,2011-08-11 00:00:00+05:30,12.6,12.85,12.55,12.85,800
MARALOVER,2011-08-12 00:00:00+05:30,12.55,12.55,12.55,12.55,200
MARALOVER,2011-08-16 00:00:00+05:30,12.55,12.65,12.55,12.6,1800
MARALOVER,2011-08-17 00:00:00+05:30,11.3,13.0,11.3,12.9,5799
MARALOVER,2011-08-18 00:00:00+05:30,12.75,12.75,11.25,11.45,2516
MARALOVER,2011-08-19 00:00:00+05:30,10.45,11.3,10.45,11.2,1972
MARALOVER,2011-08-22 00:00:00+05:30,10.6,11.0,10.6,11.0,5995
MARALOVER,2011-08-23 00:00:00+05:30,11.8,12.0,11.0,11.0,5002
MARALOVER,2011-08-24 00:00:00+05:30,11.0,12.0,10.65,11.05,3842
MARALOVER,2011-08-25 00:00:00+05:30,11.0,11.0,11.0,11.0,1200
MARALOVER,2011-08-26 00:00:00+05:30,10.55,10.9,10.55,10.7,838
MARALOVER,2011-08-29 00:00:00+05:30,10.55,10.9,10.55,10.7,0
MARALOVER,2011-08-30 00:00:00+05:30,10.6,11.5,10.6,11.15,6266
MARALOVER,2011-09-02 00:00:00+05:30,10.55,12.8,10.55,12.75,3867
MARALOVER,2011-09-05 00:00:00+05:30,12.0,12.5,12.0,12.2,500
MARALOVER,2011-09-06 00:00:00+05:30,12.0,12.2,11.4,11.75,2732
MARALOVER,2011-09-07 00:00:00+05:30,11.1,12.0,11.1,12.0,102
MARALOVER,2011-09-08 00:00:00+05:30,11.1,11.5,11.1,11.5,1862
MARALOVER,2011-09-09 00:00:00+05:30,11.45,12.25,11.45,11.7,550
MARALOVER,2011-09-12 00:00:00+05:30,10.65,11.6,10.65,11.2,1136
MARALOVER,2011-09-13 00:00:00+05:30,11.2,12.0,11.2,12.0,2034
MARALOVER,2011-09-14 00:00:00+05:30,11.1,12.15,11.1,12.15,1711
MARALOVER,2011-09-15 00:00:00+05:30,11.45,12.4,11.4,12.2,1844
MARALOVER,2011-09-16 00:00:00+05:30,11.7,12.0,11.65,11.8,595
MARALOVER,2011-09-19 00:00:00+05:30,11.75,13.5,11.75,13.0,6813
MARALOVER,2011-09-20 00:00:00+05:30,13.0,13.45,12.8,12.85,5487
MARALOVER,2011-09-21 00:00:00+05:30,13.3,13.3,12.2,12.35,1926
MARALOVER,2011-09-22 00:00:00+05:30,12.05,12.95,12.05,12.45,14485
MARALOVER,2011-09-23 00:00:00+05:30,11.65,12.0,11.65,12.0,178
MARALOVER,2011-09-26 00:00:00+05:30,11.95,13.35,11.8,13.2,4587
MARALOVER,2011-09-27 00:00:00+05:30,12.8,13.5,12.65,13.5,5396
MARALOVER,2011-09-28 00:00:00+05:30,12.0,13.75,12.0,13.45,1346
MARALOVER,2011-09-29 00:00:00+05:30,15.45,15.45,12.15,13.6,8767
MARALOVER,2011-09-30 00:00:00+05:30,13.0,14.3,12.8,13.1,3081
MARALOVER,2011-10-03 00:00:00+05:30,13.05,13.85,12.05,13.5,3019
MARALOVER,2011-10-04 00:00:00+05:30,12.15,13.45,12.15,13.4,303
MARALOVER,2011-10-05 00:00:00+05:30,13.0,13.0,12.25,12.55,1170
MARALOVER,2011-10-07 00:00:00+05:30,12.3,12.55,12.3,12.3,980
MARALOVER,2011-10-10 00:00:00+05:30,11.5,12.5,11.5,12.0,2311
MARALOVER,2011-10-11 00:00:00+05:30,12.45,12.5,12.1,12.4,2000
MARALOVER,2011-10-12 00:00:00+05:30,12.0,12.8,11.75,12.7,1897
MARALOVER,2011-10-13 00:00:00+05:30,12.6,12.65,12.6,12.65,101
MARALOVER,2011-10-14 00:00:00+05:30,12.2,12.95,12.1,12.95,838
MARALOVER,2011-10-17 00:00:00+05:30,12.2,12.2,11.5,12.1,326
MARALOVER,2011-10-18 00:00:00+05:30,11.75,11.8,11.75,11.8,101
MARALOVER,2011-10-19 00:00:00+05:30,12.6,12.6,11.8,12.25,1206
MARALOVER,2011-10-20 00:00:00+05:30,12.0,12.65,12.0,12.6,301
MARALOVER,2011-10-21 00:00:00+05:30,12.75,13.0,12.6,12.85,659
MARALOVER,2011-10-24 00:00:00+05:30,12.5,13.45,12.5,12.85,4053
MARALOVER,2011-10-25 00:00:00+05:30,12.45,12.45,11.9,11.95,3049
MARALOVER,2011-10-28 00:00:00+05:30,12.15,13.35,12.1,13.25,1939
MARALOVER,2011-10-31 00:00:00+05:30,12.5,14.0,12.2,13.65,5012
MARALOVER,2011-11-01 00:00:00+05:30,13.5,13.5,13.1,13.1,500
MARALOVER,2011-11-02 00:00:00+05:30,12.75,13.45,12.75,12.9,3664
MARALOVER,2011-11-03 00:00:00+05:30,12.7,13.35,12.45,13.05,4543
MARALOVER,2011-11-04 00:00:00+05:30,12.55,13.4,12.05,12.6,4864
MARALOVER,2011-11-08 00:00:00+05:30,12.25,13.05,12.25,12.3,1953
MARALOVER,2011-11-09 00:00:00+05:30,12.1,12.5,12.05,12.15,951
MARALOVER,2011-11-11 00:00:00+05:30,11.85,12.3,11.55,12.15,5841
MARALOVER,2011-11-14 00:00:00+05:30,11.65,11.7,11.6,11.6,928
MARALOVER,2011-11-15 00:00:00+05:30,11.25,11.85,11.25,11.3,1052
MARALOVER,2011-11-16 00:00:00+05:30,11.0,13.6,10.9,11.2,2484
MARALOVER,2011-11-17 00:00:00+05:30,10.55,10.85,10.25,10.3,4127
MARALOVER,2011-11-18 00:00:00+05:30,11.5,11.5,9.75,9.75,2280
MARALOVER,2011-11-21 00:00:00+05:30,10.9,10.9,9.0,9.1,3817
MARALOVER,2011-11-22 00:00:00+05:30,9.35,9.95,9.3,9.4,653
MARALOVER,2011-11-23 00:00:00+05:30,9.1,9.45,8.5,9.3,5022
MARALOVER,2011-11-24 00:00:00+05:30,8.75,9.0,8.75,9.0,220
MARALOVER,2011-11-25 00:00:00+05:30,8.7,10.2,8.15,9.7,4002
MARALOVER,2011-11-28 00:00:00+05:30,10.1,11.4,9.1,10.1,2471
MARALOVER,2011-11-29 00:00:00+05:30,10.1,10.1,9.65,9.75,912
MARALOVER,2011-11-30 00:00:00+05:30,9.3,9.3,9.25,9.25,600
MARALOVER,2011-12-01 00:00:00+05:30,9.4,10.0,9.15,9.2,885
MARALOVER,2011-12-02 00:00:00+05:30,9.0,9.25,9.0,9.2,800
MARALOVER,2011-12-05 00:00:00+05:30,9.0,11.0,9.0,10.6,2702
MARALOVER,2011-12-07 00:00:00+05:30,12.5,12.5,10.7,10.75,1362
MARALOVER,2011-12-08 00:00:00+05:30,10.1,11.0,10.05,10.9,3570
MARALOVER,2011-12-09 00:00:00+05:30,10.0,10.5,9.5,10.5,412
MARALOVER,2011-12-12 00:00:00+05:30,10.0,10.0,9.65,9.75,1252
MARALOVER,2011-12-13 00:00:00+05:30,9.7,9.8,9.7,9.8,790
MARALOVER,2011-12-14 00:00:00+05:30,9.5,9.5,8.6,8.8,8168
MARALOVER,2011-12-15 00:00:00+05:30,8.9,9.35,8.9,9.35,2441
MARALOVER,2011-12-16 00:00:00+05:30,9.95,9.95,8.95,9.2,798
MARALOVER,2011-12-19 00:00:00+05:30,8.9,8.9,8.9,8.9,730
MARALOVER,2011-12-20 00:00:00+05:30,8.95,8.95,8.95,8.95,50
MARALOVER,2011-12-21 00:00:00+05:30,9.7,9.7,8.2,8.25,3113
MARALOVER,2011-12-22 00:00:00+05:30,8.55,9.05,8.55,9.05,31
MARALOVER,2011-12-23 00:00:00+05:30,8.8,8.95,8.2,8.7,1124
MARALOVER,2011-12-26 00:00:00+05:30,8.65,8.8,8.65,8.8,51
MARALOVER,2011-12-27 00:00:00+05:30,8.65,8.8,8.65,8.8,0
MARALOVER,2011-12-28 00:00:00+05:30,9.0,9.0,9.0,9.0,500
MARALOVER,2011-12-29 00:00:00+05:30,8.5,9.5,8.05,9.45,2108
MARALOVER,2011-12-30 00:00:00+05:30,9.0,9.0,8.45,8.7,3252
MARALOVER,2012-01-02 00:00:00+05:30,8.5,8.5,8.5,8.5,1450
MARALOVER,2012-01-03 00:00:00+05:30,9.5,9.55,9.0,9.0,200
MARALOVER,2012-01-04 00:00:00+05:30,8.5,9.1,8.15,8.9,502
MARALOVER,2012-01-05 00:00:00+05:30,8.5,9.1,8.15,8.9,0
MARALOVER,2012-01-06 00:00:00+05:30,8.8,8.8,8.8,8.8,150
MARALOVER,2012-01-09 00:00:00+05:30,9.25,9.4,9.0,9.1,4788
MARALOVER,2012-01-10 00:00:00+05:30,8.75,9.55,8.75,9.5,1191
MARALOVER,2012-01-11 00:00:00+05:30,9.55,10.0,9.55,9.95,626
MARALOVER,2012-01-12 00:00:00+05:30,9.55,9.7,9.55,9.55,2300
MARALOVER,2012-01-13 00:00:00+05:30,9.55,10.0,9.25,9.9,1131
MARALOVER,2012-01-16 00:00:00+05:30,9.25,10.45,9.25,9.55,5053
MARALOVER,2012-01-17 00:00:00+05:30,9.0,9.95,9.0,9.4,1909
MARALOVER,2012-01-18 00:00:00+05:30,9.65,9.65,9.35,9.35,701
MARALOVER,2012-01-19 00:00:00+05:30,9.3,9.6,9.1,9.6,2205
MARALOVER,2012-01-20 00:00:00+05:30,9.6,9.65,9.2,9.65,3062
MARALOVER,2012-01-23 00:00:00+05:30,9.25,9.8,9.25,9.25,676
MARALOVER,2012-01-24 00:00:00+05:30,8.5,10.15,8.5,10.15,3827
MARALOVER,2012-01-25 00:00:00+05:30,9.6,10.55,9.6,10.55,604
MARALOVER,2012-01-27 00:00:00+05:30,9.9,10.55,9.9,9.95,3449
MARALOVER,2012-01-30 00:00:00+05:30,10.4,10.45,9.75,10.4,2013
MARALOVER,2012-01-31 00:00:00+05:30,10.45,10.45,10.2,10.2,482
MARALOVER,2012-02-01 00:00:00+05:30,10.0,10.35,9.65,10.2,3201
MARALOVER,2012-02-02 00:00:00+05:30,10.3,10.7,10.3,10.6,411
MARALOVER,2012-02-03 00:00:00+05:30,10.5,10.7,10.1,10.6,524
MARALOVER,2012-02-06 00:00:00+05:30,10.8,10.8,10.8,10.8,200
MARALOVER,2012-02-07 00:00:00+05:30,10.7,10.7,10.0,10.0,679
MARALOVER,2012-02-08 00:00:00+05:30,10.2,10.5,10.2,10.35,2865
MARALOVER,2012-02-09 00:00:00+05:30,10.65,10.65,9.8,10.05,1500
MARALOVER,2012-02-10 00:00:00+05:30,10.25,10.25,9.65,10.2,1535
MARALOVER,2012-02-13 00:00:00+05:30,10.7,10.9,10.25,10.65,4590
MARALOVER,2012-02-14 00:00:00+05:30,10.85,10.9,10.75,10.85,2000
MARALOVER,2012-02-15 00:00:00+05:30,11.2,11.2,10.35,10.8,4855
MARALOVER,2012-02-16 00:00:00+05:30,10.05,10.35,10.05,10.3,575
MARALOVER,2012-02-17 00:00:00+05:30,10.2,10.85,10.2,10.75,491
MARALOVER,2012-02-21 00:00:00+05:30,10.65,10.7,9.75,10.3,10720
MARALOVER,2012-02-22 00:00:00+05:30,10.3,10.3,10.15,10.15,2030
MARALOVER,2012-02-23 00:00:00+05:30,10.15,10.55,10.1,10.55,1684
MARALOVER,2012-02-24 00:00:00+05:30,10.4,10.7,10.4,10.4,2605
MARALOVER,2012-02-27 00:00:00+05:30,10.15,10.15,10.15,10.15,1100
MARALOVER,2012-02-28 00:00:00+05:30,10.05,10.75,10.05,10.75,71
MARALOVER,2012-02-29 00:00:00+05:30,10.85,10.85,10.05,10.25,2051
MARALOVER,2012-03-01 00:00:00+05:30,10.85,10.85,10.05,10.25,0
MARALOVER,2012-03-02 00:00:00+05:30,10.9,10.9,9.8,10.0,104
MARALOVER,2012-03-05 00:00:00+05:30,10.55,10.55,10.0,10.05,205
MARALOVER,2012-03-06 00:00:00+05:30,10.05,10.05,10.05,10.05,2
MARALOVER,2012-03-07 00:00:00+05:30,10.05,10.05,10.05,10.05,220
MARALOVER,2012-03-09 00:00:00+05:30,10.05,10.85,9.85,10.0,3373
MARALOVER,2012-03-12 00:00:00+05:30,10.0,10.7,9.4,10.15,1121
MARALOVER,2012-03-13 00:00:00+05:30,9.8,10.25,9.35,9.5,1878
MARALOVER,2012-03-14 00:00:00+05:30,10.25,10.25,9.65,9.8,14
MARALOVER,2012-03-15 00:00:00+05:30,9.5,10.05,9.35,9.6,81630
MARALOVER,2012-03-16 00:00:00+05:30,9.6,9.6,9.55,9.55,2437
MARALOVER,2012-03-19 00:00:00+05:30,9.25,9.95,9.25,9.6,14
MARALOVER,2012-03-20 00:00:00+05:30,9.05,9.95,9.05,9.65,400
MARALOVER,2012-03-21 00:00:00+05:30,9.5,9.5,9.2,9.2,101
MARALOVER,2012-03-22 00:00:00+05:30,9.25,10.1,9.2,10.1,4582
MARALOVER,2012-03-23 00:00:00+05:30,9.4,10.3,9.4,10.0,2724
MARALOVER,2012-03-26 00:00:00+05:30,9.3,10.35,9.3,9.9,2585
MARALOVER,2012-03-27 00:00:00+05:30,9.6,10.25,9.6,9.75,801
MARALOVER,2012-03-28 00:00:00+05:30,9.3,9.75,8.85,9.0,1437
MARALOVER,2012-03-29 00:00:00+05:30,8.3,9.5,8.3,9.2,1169
MARALOVER,2012-03-30 00:00:00+05:30,9.0,9.5,8.85,9.5,7401
MARALOVER,2012-04-02 00:00:00+05:30,10.0,10.2,9.35,9.65,530
MARALOVER,2012-04-03 00:00:00+05:30,9.1,10.25,9.1,9.45,4527
MARALOVER,2012-04-04 00:00:00+05:30,8.55,10.0,8.55,9.7,2165
MARALOVER,2012-04-09 00:00:00+05:30,9.05,9.05,9.05,9.05,103
MARALOVER,2012-04-10 00:00:00+05:30,9.05,9.9,9.05,9.8,232
MARALOVER,2012-04-11 00:00:00+05:30,9.8,10.45,9.05,9.7,2350
MARALOVER,2012-04-12 00:00:00+05:30,9.35,9.5,9.35,9.5,1900
MARALOVER,2012-04-13 00:00:00+05:30,9.4,10.0,9.4,10.0,2927
MARALOVER,2012-04-16 00:00:00+05:30,9.2,9.2,9.2,9.2,2
MARALOVER,2012-04-17 00:00:00+05:30,9.2,9.2,9.2,9.2,0
MARALOVER,2012-04-18 00:00:00+05:30,9.75,10.1,9.7,9.85,3985
MARALOVER,2012-04-19 00:00:00+05:30,9.3,9.3,9.25,9.3,101
MARALOVER,2012-04-20 00:00:00+05:30,9.2,10.2,9.2,9.3,3478
MARALOVER,2012-04-23 00:00:00+05:30,9.25,9.25,9.2,9.2,3000
MARALOVER,2012-04-24 00:00:00+05:30,9.9,9.9,9.4,9.4,1035
MARALOVER,2012-04-25 00:00:00+05:30,9.9,9.9,9.2,9.2,60
MARALOVER,2012-04-26 00:00:00+05:30,9.5,9.5,9.4,9.4,2000
MARALOVER,2012-04-27 00:00:00+05:30,9.55,9.6,9.35,9.55,2719
MARALOVER,2012-04-30 00:00:00+05:30,9.25,9.25,9.25,9.25,336
MARALOVER,2012-05-02 00:00:00+05:30,9.15,9.35,9.1,9.35,1161
MARALOVER,2012-05-03 00:00:00+05:30,9.6,10.0,9.2,9.45,2085
MARALOVER,2012-05-04 00:00:00+05:30,8.65,9.5,8.55,8.8,3203
MARALOVER,2012-05-07 00:00:00+05:30,9.0,9.0,8.65,8.65,2111
MARALOVER,2012-05-08 00:00:00+05:30,8.7,8.9,8.7,8.9,473
MARALOVER,2012-05-09 00:00:00+05:30,8.7,8.9,8.7,8.9,0
MARALOVER,2012-05-10 00:00:00+05:30,8.2,8.75,8.2,8.7,1430
MARALOVER,2012-05-11 00:00:00+05:30,8.6,8.6,8.45,8.45,1601
MARALOVER,2012-05-14 00:00:00+05:30,8.5,8.5,8.5,8.5,1
MARALOVER,2012-05-15 00:00:00+05:30,8.5,8.5,8.05,8.1,931
MARALOVER,2012-05-16 00:00:00+05:30,8.05,8.05,8.05,8.05,209
MARALOVER,2012-05-17 00:00:00+05:30,8.05,8.05,8.0,8.0,700
MARALOVER,2012-05-18 00:00:00+05:30,8.5,8.5,8.5,8.5,400
MARALOVER,2012-05-21 00:00:00+05:30,8.1,8.65,8.1,8.65,1260
MARALOVER,2012-05-22 00:00:00+05:30,8.4,9.0,8.4,9.0,1501
MARALOVER,2012-05-23 00:00:00+05:30,8.5,8.5,8.0,8.2,3746
MARALOVER,2012-05-24 00:00:00+05:30,8.2,8.25,8.2,8.2,300
MARALOVER,2012-05-25 00:00:00+05:30,8.2,8.2,8.15,8.15,200
MARALOVER,2012-05-28 00:00:00+05:30,8.25,8.3,8.25,8.3,1200
MARALOVER,2012-05-29 00:00:00+05:30,9.05,9.05,8.2,8.2,513
MARALOVER,2012-05-30 00:00:00+05:30,9.05,9.05,8.2,8.2,0
MARALOVER,2012-05-31 00:00:00+05:30,8.65,8.65,8.5,8.5,206
MARALOVER,2012-06-01 00:00:00+05:30,8.5,9.05,8.5,8.9,6218
MARALOVER,2012-06-04 00:00:00+05:30,8.1,9.0,8.1,9.0,5058
MARALOVER,2012-06-05 00:00:00+05:30,8.7,8.7,8.7,8.7,4
MARALOVER,2012-06-06 00:00:00+05:30,8.65,9.0,8.65,8.7,641
MARALOVER,2012-06-07 00:00:00+05:30,8.5,9.0,8.5,9.0,2562
MARALOVER,2012-06-08 00:00:00+05:30,8.55,9.0,8.55,9.0,204
MARALOVER,2012-06-11 00:00:00+05:30,9.0,9.95,9.0,9.4,4459
MARALOVER,2012-06-12 00:00:00+05:30,9.5,9.5,9.0,9.0,512
MARALOVER,2012-06-13 00:00:00+05:30,9.5,9.5,9.0,9.0,496
MARALOVER,2012-06-14 00:00:00+05:30,10.0,10.35,9.5,9.75,3612
MARALOVER,2012-06-15 00:00:00+05:30,9.85,10.35,9.3,9.5,2352
MARALOVER,2012-06-18 00:00:00+05:30,9.85,9.85,9.3,9.35,4155
MARALOVER,2012-06-19 00:00:00+05:30,8.6,10.0,8.6,9.85,919
MARALOVER,2012-06-20 00:00:00+05:30,9.85,10.0,7.9,8.85,4349
MARALOVER,2012-06-21 00:00:00+05:30,8.9,8.9,8.9,8.9,1
MARALOVER,2012-06-22 00:00:00+05:30,8.8,9.3,8.8,9.1,1879
MARALOVER,2012-06-25 00:00:00+05:30,8.85,9.75,8.85,9.7,2937
MARALOVER,2012-06-26 00:00:00+05:30,8.85,9.75,8.85,9.7,0
MARALOVER,2012-06-27 00:00:00+05:30,8.9,9.0,8.9,9.0,224
MARALOVER,2012-06-28 00:00:00+05:30,8.9,9.0,8.9,9.0,0
MARALOVER,2012-06-29 00:00:00+05:30,9.85,9.85,9.5,9.85,1613
MARALOVER,2012-07-02 00:00:00+05:30,9.5,10.45,9.5,9.9,2384
MARALOVER,2012-07-03 00:00:00+05:30,9.95,10.1,9.95,10.1,473
MARALOVER,2012-07-04 00:00:00+05:30,9.95,9.95,9.95,9.95,140
MARALOVER,2012-07-05 00:00:00+05:30,9.95,10.45,9.95,10.35,2328
MARALOVER,2012-07-06 00:00:00+05:30,10.4,10.45,10.0,10.4,1816
MARALOVER,2012-07-09 00:00:00+05:30,10.4,10.65,10.1,10.65,1706
MARALOVER,2012-07-10 00:00:00+05:30,10.65,10.65,10.25,10.45,916
MARALOVER,2012-07-11 00:00:00+05:30,10.25,10.25,10.1,10.1,1517
MARALOVER,2012-07-12 00:00:00+05:30,10.25,10.95,10.25,10.95,9601
MARALOVER,2012-07-13 00:00:00+05:30,10.8,11.8,10.45,11.65,7357
MARALOVER,2012-07-16 00:00:00+05:30,10.9,11.65,10.65,10.65,1430
MARALOVER,2012-07-17 00:00:00+05:30,10.6,11.15,10.35,10.6,945
MARALOVER,2012-07-18 00:00:00+05:30,10.25,10.25,10.25,10.25,580
MARALOVER,2012-07-19 00:00:00+05:30,10.15,10.9,10.15,10.85,401
MARALOVER,2012-07-20 00:00:00+05:30,10.25,11.65,10.25,11.25,2143
MARALOVER,2012-07-23 00:00:00+05:30,10.45,11.0,10.45,11.0,2
MARALOVER,2012-07-24 00:00:00+05:30,10.6,10.6,10.6,10.6,250
MARALOVER,2012-07-25 00:00:00+05:30,11.0,11.15,10.8,10.95,545
MARALOVER,2012-07-26 00:00:00+05:30,11.15,11.15,10.6,10.9,515
MARALOVER,2012-07-27 00:00:00+05:30,10.6,11.2,10.45,10.6,2453
MARALOVER,2012-07-30 00:00:00+05:30,10.1,10.1,10.1,10.1,10
MARALOVER,2012-07-31 00:00:00+05:30,10.4,10.95,10.0,10.95,1298
MARALOVER,2012-08-01 00:00:00+05:30,11.75,11.75,10.5,10.5,1002
MARALOVER,2012-08-02 00:00:00+05:30,11.75,11.75,10.5,10.5,0
MARALOVER,2012-08-03 00:00:00+05:30,10.2,10.85,10.2,10.75,801
MARALOVER,2012-08-06 00:00:00+05:30,11.0,11.0,10.25,10.25,2627
MARALOVER,2012-08-07 00:00:00+05:30,10.1,10.8,10.05,10.2,1458
MARALOVER,2012-08-08 00:00:00+05:30,10.3,11.15,10.3,10.5,2405
MARALOVER,2012-08-09 00:00:00+05:30,10.2,10.75,10.2,10.6,1033
MARALOVER,2012-08-10 00:00:00+05:30,10.4,10.4,10.4,10.4,1
MARALOVER,2012-08-13 00:00:00+05:30,10.05,10.1,10.0,10.05,1698
MARALOVER,2012-08-14 00:00:00+05:30,9.7,10.3,9.6,10.3,948
MARALOVER,2012-08-16 00:00:00+05:30,9.65,10.2,9.65,9.7,401
MARALOVER,2012-08-17 00:00:00+05:30,9.7,10.5,9.55,10.0,1806
MARALOVER,2012-08-21 00:00:00+05:30,10.0,11.0,10.0,11.0,4031
MARALOVER,2012-08-22 00:00:00+05:30,11.7,11.7,11.0,11.0,763
MARALOVER,2012-08-23 00:00:00+05:30,11.05,11.3,10.55,10.95,3903
MARALOVER,2012-08-24 00:00:00+05:30,10.85,11.2,10.1,10.45,8112
MARALOVER,2012-08-27 00:00:00+05:30,10.0,10.75,10.0,10.05,1125
MARALOVER,2012-08-28 00:00:00+05:30,9.9,9.9,9.9,9.9,252
MARALOVER,2012-08-29 00:00:00+05:30,9.25,10.75,9.25,9.8,952
MARALOVER,2012-08-30 00:00:00+05:30,9.85,10.5,9.75,10.4,680
MARALOVER,2012-08-31 00:00:00+05:30,9.8,10.1,9.7,10.0,253
MARALOVER,2012-09-03 00:00:00+05:30,9.35,9.55,9.35,9.55,606
MARALOVER,2012-09-04 00:00:00+05:30,9.55,9.85,9.25,9.6,1108
MARALOVER,2012-09-05 00:00:00+05:30,9.4,9.8,9.35,9.35,506
MARALOVER,2012-09-06 00:00:00+05:30,8.95,10.0,8.95,10.0,101
MARALOVER,2012-09-07 00:00:00+05:30,9.35,9.45,9.3,9.3,2106
MARALOVER,2012-09-10 00:00:00+05:30,9.5,10.0,9.5,9.55,128
MARALOVER,2012-09-11 00:00:00+05:30,9.2,10.2,9.2,9.9,4212
MARALOVER,2012-09-12 00:00:00+05:30,10.65,10.65,9.7,10.1,1026
MARALOVER,2012-09-13 00:00:00+05:30,9.75,10.7,9.65,9.7,609
MARALOVER,2012-09-14 00:00:00+05:30,10.0,10.0,9.6,9.95,2871
MARALOVER,2012-09-17 00:00:00+05:30,9.05,10.65,9.0,9.75,4091
MARALOVER,2012-09-18 00:00:00+05:30,10.1,10.1,10.1,10.1,528
MARALOVER,2012-09-20 00:00:00+05:30,10.1,10.1,9.75,9.8,2169
MARALOVER,2012-09-21 00:00:00+05:30,9.4,9.7,9.4,9.7,205
MARALOVER,2012-09-24 00:00:00+05:30,9.7,10.35,9.7,9.7,305
MARALOVER,2012-09-25 00:00:00+05:30,9.45,9.75,9.45,9.75,2550
MARALOVER,2012-09-26 00:00:00+05:30,10.1,10.65,10.1,10.45,3718
MARALOVER,2012-09-27 00:00:00+05:30,10.1,10.5,10.1,10.15,613
MARALOVER,2012-09-28 00:00:00+05:30,10.1,10.1,10.1,10.1,357
MARALOVER,2012-10-01 00:00:00+05:30,9.85,10.45,9.8,10.25,6624
MARALOVER,2012-10-03 00:00:00+05:30,10.95,10.95,10.15,10.25,2107
MARALOVER,2012-10-04 00:00:00+05:30,10.25,11.2,10.25,10.9,11715
MARALOVER,2012-10-05 00:00:00+05:30,10.6,11.0,10.6,11.0,1401
MARALOVER,2012-10-08 00:00:00+05:30,11.0,11.1,11.0,11.05,3384
MARALOVER,2012-10-09 00:00:00+05:30,11.0,11.75,11.0,11.65,12072
MARALOVER,2012-10-10 00:00:00+05:30,11.1,11.2,11.1,11.2,101
MARALOVER,2012-10-11 00:00:00+05:30,11.9,11.9,10.6,10.6,3069
MARALOVER,2012-10-12 00:00:00+05:30,11.0,11.4,10.8,10.8,1508
MARALOVER,2012-10-15 00:00:00+05:30,11.15,11.15,11.15,11.15,1
MARALOVER,2012-10-16 00:00:00+05:30,10.45,10.6,10.4,10.55,3891
MARALOVER,2012-10-17 00:00:00+05:30,10.55,10.6,10.55,10.6,237
MARALOVER,2012-10-18 00:00:00+05:30,10.6,11.3,10.6,11.3,402
MARALOVER,2012-10-19 00:00:00+05:30,10.75,10.75,10.75,10.75,300
MARALOVER,2012-10-22 00:00:00+05:30,10.75,11.8,10.75,11.8,1650
MARALOVER,2012-10-23 00:00:00+05:30,11.25,11.8,11.1,11.1,3846
MARALOVER,2012-10-25 00:00:00+05:30,11.45,12.0,11.4,11.8,4366
MARALOVER,2012-10-26 00:00:00+05:30,11.95,12.0,11.55,11.7,2557
MARALOVER,2012-10-29 00:00:00+05:30,11.65,12.55,11.65,12.5,3254
MARALOVER,2012-10-30 00:00:00+05:30,12.1,12.5,11.85,12.5,1873
MARALOVER,2012-10-31 00:00:00+05:30,12.5,12.5,12.25,12.25,3528
MARALOVER,2012-11-01 00:00:00+05:30,12.25,12.75,12.2,12.5,13160
MARALOVER,2012-11-02 00:00:00+05:30,12.3,12.65,12.3,12.4,6984
MARALOVER,2012-11-05 00:00:00+05:30,12.4,12.75,12.4,12.45,8924
MARALOVER,2012-11-06 00:00:00+05:30,12.2,12.25,12.2,12.2,310
MARALOVER,2012-11-07 00:00:00+05:30,12.25,12.5,11.55,12.05,1224
MARALOVER,2012-11-08 00:00:00+05:30,11.9,11.9,11.55,11.9,269
MARALOVER,2012-11-09 00:00:00+05:30,12.0,12.0,11.75,11.75,348
MARALOVER,2012-11-12 00:00:00+05:30,12.25,12.25,11.05,11.95,404
MARALOVER,2012-11-13 00:00:00+05:30,12.45,12.75,11.75,12.35,7035
MARALOVER,2012-11-15 00:00:00+05:30,12.45,12.45,11.55,12.4,6403
MARALOVER,2012-11-16 00:00:00+05:30,12.15,12.65,12.05,12.65,2505
MARALOVER,2012-11-19 00:00:00+05:30,12.95,12.95,12.05,12.5,3656
MARALOVER,2012-11-20 00:00:00+05:30,12.05,12.05,11.9,11.9,490
MARALOVER,2012-11-21 00:00:00+05:30,11.55,12.65,11.55,12.05,4294
MARALOVER,2012-11-22 00:00:00+05:30,11.65,12.15,11.6,11.75,1670
MARALOVER,2012-11-23 00:00:00+05:30,12.45,12.45,11.3,11.5,6257
MARALOVER,2012-11-26 00:00:00+05:30,11.5,11.7,11.35,11.35,1127
MARALOVER,2012-11-27 00:00:00+05:30,11.6,12.7,11.6,12.6,4978
MARALOVER,2012-11-29 00:00:00+05:30,12.65,12.7,12.1,12.45,2607
MARALOVER,2012-11-30 00:00:00+05:30,12.4,12.9,12.05,12.35,1685
MARALOVER,2012-12-03 00:00:00+05:30,12.9,12.9,12.2,12.8,1359
MARALOVER,2012-12-04 00:00:00+05:30,12.85,12.9,12.1,12.75,3306
MARALOVER,2012-12-05 00:00:00+05:30,12.75,13.45,12.6,12.9,2123
MARALOVER,2012-12-06 00:00:00+05:30,13.3,13.35,13.0,13.15,3388
MARALOVER,2012-12-07 00:00:00+05:30,13.75,15.75,13.75,15.75,62299
MARALOVER,2012-12-10 00:00:00+05:30,16.05,18.3,15.6,16.3,162443
MARALOVER,2012-12-11 00:00:00+05:30,17.0,17.0,15.6,15.8,24410
MARALOVER,2012-12-12 00:00:00+05:30,15.95,15.95,14.75,15.05,14125
MARALOVER,2012-12-13 00:00:00+05:30,15.45,15.45,13.55,14.3,38027
MARALOVER,2012-12-14 00:00:00+05:30,14.2,15.0,13.7,14.65,7152
MARALOVER,2012-12-17 00:00:00+05:30,14.65,14.65,14.1,14.35,3387
MARALOVER,2012-12-18 00:00:00+05:30,15.85,16.5,15.4,15.75,80089
MARALOVER,2012-12-19 00:00:00+05:30,15.8,16.0,15.1,15.9,23320
MARALOVER,2012-12-20 00:00:00+05:30,16.0,16.0,15.5,15.55,4748
MARALOVER,2012-12-21 00:00:00+05:30,15.5,15.5,14.5,14.85,26428
MARALOVER,2012-12-24 00:00:00+05:30,14.85,15.0,14.55,14.6,3633
MARALOVER,2012-12-26 00:00:00+05:30,14.5,14.9,14.0,14.7,7800
MARALOVER,2012-12-27 00:00:00+05:30,14.5,14.95,14.15,14.6,4943
MARALOVER,2012-12-28 00:00:00+05:30,14.5,15.5,14.0,14.4,9126
MARALOVER,2012-12-31 00:00:00+05:30,14.2,15.0,13.9,14.55,4231
MARALOVER,2013-01-01 00:00:00+05:30,14.65,14.95,14.4,14.5,2567
MARALOVER,2013-01-02 00:00:00+05:30,14.5,14.85,14.35,14.45,3522
MARALOVER,2013-01-03 00:00:00+05:30,14.45,14.75,14.35,14.7,7822
MARALOVER,2013-01-04 00:00:00+05:30,14.7,14.7,14.1,14.35,11564
MARALOVER,2013-01-07 00:00:00+05:30,14.2,14.55,14.2,14.5,3449
MARALOVER,2013-01-08 00:00:00+05:30,14.4,16.4,14.1,15.85,18897
MARALOVER,2013-01-09 00:00:00+05:30,15.7,15.95,15.45,15.5,5742
MARALOVER,2013-01-10 00:00:00+05:30,15.4,15.5,12.5,15.0,7472
MARALOVER,2013-01-11 00:00:00+05:30,14.8,15.45,14.35,14.9,4614
MARALOVER,2013-01-14 00:00:00+05:30,15.0,15.4,14.75,15.3,3110
MARALOVER,2013-01-15 00:00:00+05:30,15.15,15.4,14.45,15.25,1673
MARALOVER,2013-01-16 00:00:00+05:30,15.25,15.4,14.9,15.1,14998
MARALOVER,2013-01-17 00:00:00+05:30,15.1,15.45,14.85,14.9,9199
MARALOVER,2013-01-18 00:00:00+05:30,15.7,15.7,14.35,14.85,6875
MARALOVER,2013-01-21 00:00:00+05:30,14.85,15.5,14.6,15.3,7876
MARALOVER,2013-01-22 00:00:00+05:30,15.65,15.65,14.35,14.65,4746
MARALOVER,2013-01-23 00:00:00+05:30,15.1,17.0,15.1,15.75,142030
MARALOVER,2013-01-24 00:00:00+05:30,15.5,16.5,14.7,15.05,12780
MARALOVER,2013-01-25 00:00:00+05:30,14.8,15.05,14.5,14.5,8014
MARALOVER,2013-01-28 00:00:00+05:30,14.0,16.9,14.0,14.75,14542
MARALOVER,2013-01-29 00:00:00+05:30,14.6,15.3,14.2,14.45,8020
MARALOVER,2013-01-30 00:00:00+05:30,14.25,15.1,14.25,14.9,4139
MARALOVER,2013-01-31 00:00:00+05:30,14.8,15.4,14.6,14.8,2650
MARALOVER,2013-02-01 00:00:00+05:30,14.7,14.8,14.3,14.35,1512
MARALOVER,2013-02-04 00:00:00+05:30,14.8,15.0,13.9,14.15,2974
MARALOVER,2013-02-05 00:00:00+05:30,14.0,14.55,13.3,13.55,6689
MARALOVER,2013-02-06 00:00:00+05:30,13.6,13.95,13.2,13.3,4443
MARALOVER,2013-02-07 00:00:00+05:30,13.2,13.85,13.0,13.3,4103
MARALOVER,2013-02-08 00:00:00+05:30,13.1,13.5,12.75,13.25,4153
MARALOVER,2013-02-11 00:00:00+05:30,13.1,13.75,12.8,13.1,869
MARALOVER,2013-02-12 00:00:00+05:30,13.0,13.35,12.8,12.85,3854
MARALOVER,2013-02-13 00:00:00+05:30,12.8,13.25,12.6,12.75,4985
MARALOVER,2013-02-14 00:00:00+05:30,12.65,12.8,12.35,12.5,710
MARALOVER,2013-02-15 00:00:00+05:30,12.4,12.5,12.05,12.45,6935
MARALOVER,2013-02-18 00:00:00+05:30,12.3,12.65,12.2,12.5,2006
MARALOVER,2013-02-19 00:00:00+05:30,12.6,12.6,12.15,12.4,937
MARALOVER,2013-02-20 00:00:00+05:30,12.5,12.95,12.5,12.75,925
MARALOVER,2013-02-21 00:00:00+05:30,13.15,13.8,11.8,12.25,1016
MARALOVER,2013-02-22 00:00:00+05:30,12.0,12.25,11.5,12.1,1731
MARALOVER,2013-02-25 00:00:00+05:30,12.0,12.4,11.5,12.1,1747
MARALOVER,2013-02-26 00:00:00+05:30,11.9,12.1,11.45,11.9,1184
MARALOVER,2013-02-27 00:00:00+05:30,11.7,12.5,11.5,11.75,1946
MARALOVER,2013-02-28 00:00:00+05:30,11.5,12.8,10.85,11.5,5191
MARALOVER,2013-03-01 00:00:00+05:30,11.5,11.9,11.15,11.7,6492
MARALOVER,2013-03-04 00:00:00+05:30,11.3,11.7,10.55,10.85,3906
MARALOVER,2013-03-05 00:00:00+05:30,10.6,11.2,10.25,10.9,617
MARALOVER,2013-03-06 00:00:00+05:30,11.05,11.5,11.05,11.25,2103
MARALOVER,2013-03-07 00:00:00+05:30,11.35,11.55,11.0,11.15,921
MARALOVER,2013-03-08 00:00:00+05:30,11.5,12.0,11.2,11.7,4539
MARALOVER,2013-03-11 00:00:00+05:30,11.7,12.0,11.45,11.9,1136
MARALOVER,2013-03-12 00:00:00+05:30,11.9,11.9,11.05,11.35,4133
MARALOVER,2013-03-13 00:00:00+05:30,11.2,13.0,11.0,11.45,2293
MARALOVER,2013-03-14 00:00:00+05:30,11.2,11.9,10.6,11.1,1832
MARALOVER,2013-03-15 00:00:00+05:30,11.2,11.3,11.2,11.25,680
MARALOVER,2013-03-18 00:00:00+05:30,11.1,11.95,10.7,10.9,3025
MARALOVER,2013-03-19 00:00:00+05:30,10.65,11.75,10.2,10.55,6569
MARALOVER,2013-03-20 00:00:00+05:30,10.25,10.5,10.05,10.05,2208
MARALOVER,2013-03-21 00:00:00+05:30,10.5,11.25,9.35,10.0,2539
MARALOVER,2013-03-22 00:00:00+05:30,9.55,10.5,9.55,10.4,605
MARALOVER,2013-03-25 00:00:00+05:30,10.0,10.5,9.7,9.9,2762
MARALOVER,2013-03-26 00:00:00+05:30,10.5,10.5,9.55,10.35,1389
MARALOVER,2013-03-28 00:00:00+05:30,11.0,11.0,9.7,9.8,1893
MARALOVER,2013-04-01 00:00:00+05:30,10.1,10.1,10.05,10.05,601
MARALOVER,2013-04-02 00:00:00+05:30,10.0,11.0,10.0,10.6,1526
MARALOVER,2013-04-03 00:00:00+05:30,11.5,11.5,10.7,11.25,467
MARALOVER,2013-04-04 00:00:00+05:30,10.35,11.25,10.1,10.75,2715
MARALOVER,2013-04-05 00:00:00+05:30,10.75,10.75,10.35,10.35,701
MARALOVER,2013-04-08 00:00:00+05:30,10.45,12.4,10.1,10.4,5688
MARALOVER,2013-04-09 00:00:00+05:30,10.6,11.45,10.15,11.1,2046
MARALOVER,2013-04-10 00:00:00+05:30,11.0,11.0,10.0,10.5,1732
MARALOVER,2013-04-11 00:00:00+05:30,10.5,11.0,10.25,10.7,390
MARALOVER,2013-04-12 00:00:00+05:30,10.5,10.7,10.0,10.15,2241
MARALOVER,2013-04-15 00:00:00+05:30,10.15,10.5,10.0,10.45,245
MARALOVER,2013-04-16 00:00:00+05:30,10.55,11.0,10.5,11.0,1040
MARALOVER,2013-04-17 00:00:00+05:30,11.0,11.25,10.3,10.45,1340
MARALOVER,2013-04-18 00:00:00+05:30,12.2,12.2,10.25,10.35,2264
MARALOVER,2013-04-22 00:00:00+05:30,10.35,10.95,10.3,10.9,969
MARALOVER,2013-04-23 00:00:00+05:30,11.0,11.5,10.2,11.3,1388
MARALOVER,2013-04-25 00:00:00+05:30,11.4,11.5,11.0,11.05,2104
MARALOVER,2013-04-26 00:00:00+05:30,11.15,11.8,11.15,11.55,1742
MARALOVER,2013-04-29 00:00:00+05:30,11.9,13.4,11.7,13.0,11903
MARALOVER,2013-04-30 00:00:00+05:30,13.9,14.5,13.0,13.7,14503
MARALOVER,2013-05-02 00:00:00+05:30,13.15,13.6,12.55,12.85,7880
MARALOVER,2013-05-03 00:00:00+05:30,12.7,13.3,12.4,12.6,7860
MARALOVER,2013-05-06 00:00:00+05:30,12.7,12.95,12.2,12.75,2052
MARALOVER,2013-05-07 00:00:00+05:30,12.75,12.75,12.2,12.45,3021
MARALOVER,2013-05-08 00:00:00+05:30,12.45,12.45,11.85,12.05,4034
MARALOVER,2013-05-09 00:00:00+05:30,12.15,13.1,12.1,12.2,10154
MARALOVER,2013-05-10 00:00:00+05:30,12.2,12.3,12.0,12.3,2951
MARALOVER,2013-05-13 00:00:00+05:30,12.1,13.0,11.75,12.4,1935
MARALOVER,2013-05-14 00:00:00+05:30,13.0,13.0,12.1,12.2,4761
MARALOVER,2013-05-15 00:00:00+05:30,12.3,13.1,12.0,12.65,3567
MARALOVER,2013-05-16 00:00:00+05:30,12.65,12.75,12.25,12.45,4215
MARALOVER,2013-05-17 00:00:00+05:30,12.45,13.5,12.15,12.6,1330
MARALOVER,2013-05-20 00:00:00+05:30,12.7,12.95,12.0,12.1,8868
MARALOVER,2013-05-21 00:00:00+05:30,12.0,12.65,11.8,12.3,1200
MARALOVER,2013-05-22 00:00:00+05:30,12.3,12.3,12.0,12.25,900
MARALOVER,2013-05-23 00:00:00+05:30,12.05,12.1,11.75,11.75,2419
MARALOVER,2013-05-24 00:00:00+05:30,11.55,11.55,9.5,11.0,21248
MARALOVER,2013-05-27 00:00:00+05:30,11.0,11.0,10.35,10.95,7150
MARALOVER,2013-05-28 00:00:00+05:30,11.35,11.4,10.8,10.95,1546
MARALOVER,2013-05-29 00:00:00+05:30,10.9,11.15,10.25,10.55,772
MARALOVER,2013-05-30 00:00:00+05:30,10.55,11.05,10.55,10.75,711
MARALOVER,2013-05-31 00:00:00+05:30,11.45,11.45,10.55,11.0,2119
MARALOVER,2013-06-03 00:00:00+05:30,11.0,11.0,10.9,11.0,1277
MARALOVER,2013-06-04 00:00:00+05:30,10.8,11.2,10.55,11.05,2107
MARALOVER,2013-06-05 00:00:00+05:30,11.45,11.45,10.4,10.95,626
MARALOVER,2013-06-06 00:00:00+05:30,11.0,11.0,10.3,10.8,1849
MARALOVER,2013-06-07 00:00:00+05:30,10.95,11.1,10.35,11.05,6258
MARALOVER,2013-06-10 00:00:00+05:30,10.7,11.25,10.6,10.6,6175
MARALOVER,2013-06-11 00:00:00+05:30,10.55,10.7,10.0,10.35,3742
MARALOVER,2013-06-12 00:00:00+05:30,10.25,10.25,9.85,10.05,1280
MARALOVER,2013-06-13 00:00:00+05:30,9.85,10.3,9.5,10.0,1601
MARALOVER,2013-06-14 00:00:00+05:30,9.8,10.2,9.7,10.0,1716
MARALOVER,2013-06-17 00:00:00+05:30,11.5,11.5,10.0,10.5,703
MARALOVER,2013-06-18 00:00:00+05:30,10.65,10.65,10.55,10.55,51
MARALOVER,2013-06-19 00:00:00+05:30,10.2,10.9,9.65,9.9,20536
MARALOVER,2013-06-20 00:00:00+05:30,9.8,10.3,9.35,9.6,2278
MARALOVER,2013-06-21 00:00:00+05:30,10.0,10.0,10.0,10.0,372
MARALOVER,2013-06-24 00:00:00+05:30,9.7,9.7,9.25,9.3,1049
MARALOVER,2013-06-25 00:00:00+05:30,9.3,9.65,9.0,9.05,4167
MARALOVER,2013-06-26 00:00:00+05:30,8.85,9.1,8.55,9.1,181
MARALOVER,2013-06-27 00:00:00+05:30,10.45,10.45,8.9,9.15,5219
MARALOVER,2013-06-28 00:00:00+05:30,9.0,9.65,9.0,9.35,2955
MARALOVER,2013-07-01 00:00:00+05:30,9.7,10.25,9.7,10.1,1000
MARALOVER,2013-07-02 00:00:00+05:30,9.8,10.35,9.55,9.85,1412
MARALOVER,2013-07-03 00:00:00+05:30,9.75,10.4,9.65,10.4,845
MARALOVER,2013-07-04 00:00:00+05:30,10.2,10.5,10.2,10.35,1200
MARALOVER,2013-07-05 00:00:00+05:30,10.05,10.8,10.0,10.7,2861
MARALOVER,2013-07-08 00:00:00+05:30,11.0,11.0,10.25,10.3,1416
MARALOVER,2013-07-09 00:00:00+05:30,10.65,11.35,10.4,10.85,2057
MARALOVER,2013-07-10 00:00:00+05:30,11.0,11.65,10.7,11.15,2607
MARALOVER,2013-07-11 00:00:00+05:30,11.5,11.5,10.55,10.8,3368
MARALOVER,2013-07-12 00:00:00+05:30,10.65,11.0,10.65,11.0,1726
MARALOVER,2013-07-15 00:00:00+05:30,12.05,12.05,11.05,11.45,7575
MARALOVER,2013-07-16 00:00:00+05:30,12.9,12.9,10.65,11.4,5671
MARALOVER,2013-07-17 00:00:00+05:30,13.5,13.5,11.05,11.4,1922
MARALOVER,2013-07-18 00:00:00+05:30,10.45,11.4,10.45,11.05,1404
MARALOVER,2013-07-19 00:00:00+05:30,11.05,11.8,11.05,11.4,2897
MARALOVER,2013-07-22 00:00:00+05:30,11.5,11.95,11.3,11.5,3218
MARALOVER,2013-07-23 00:00:00+05:30,11.5,12.75,11.5,12.15,17795
MARALOVER,2013-07-24 00:00:00+05:30,12.8,12.8,11.5,11.9,35864
MARALOVER,2013-07-25 00:00:00+05:30,12.2,12.2,11.3,11.35,7395
MARALOVER,2013-07-26 00:00:00+05:30,11.2,11.3,10.6,11.15,4691
MARALOVER,2013-07-29 00:00:00+05:30,11.0,11.0,10.1,10.25,7919
MARALOVER,2013-07-30 00:00:00+05:30,10.5,10.5,9.9,10.25,689
MARALOVER,2013-07-31 00:00:00+05:30,10.0,10.35,9.75,10.35,2506
MARALOVER,2013-08-01 00:00:00+05:30,10.0,10.5,9.9,10.3,2212
MARALOVER,2013-08-02 00:00:00+05:30,11.15,11.15,9.55,9.7,3462
MARALOVER,2013-08-05 00:00:00+05:30,9.8,10.8,9.0,10.0,2712
MARALOVER,2013-08-06 00:00:00+05:30,9.7,10.35,9.6,10.35,1803
MARALOVER,2013-08-07 00:00:00+05:30,9.7,9.8,9.5,9.75,1650
MARALOVER,2013-08-08 00:00:00+05:30,9.8,9.8,9.8,9.8,100
MARALOVER,2013-08-12 00:00:00+05:30,10.05,10.65,10.05,10.65,693
MARALOVER,2013-08-13 00:00:00+05:30,10.9,11.3,10.55,11.0,1352
MARALOVER,2013-08-14 00:00:00+05:30,10.8,11.5,10.6,11.1,3235
MARALOVER,2013-08-16 00:00:00+05:30,11.2,12.6,10.15,12.25,19423
MARALOVER,2013-08-19 00:00:00+05:30,14.35,14.35,12.35,13.95,51083
MARALOVER,2013-08-20 00:00:00+05:30,13.5,14.3,13.5,14.15,20135
MARALOVER,2013-08-21 00:00:00+05:30,14.65,15.0,12.75,13.0,7198
MARALOVER,2013-08-22 00:00:00+05:30,13.0,13.4,12.55,12.8,8943
MARALOVER,2013-08-23 00:00:00+05:30,13.0,13.35,12.55,12.65,307
MARALOVER,2013-08-26 00:00:00+05:30,12.55,13.5,12.55,13.35,2894
MARALOVER,2013-08-27 00:00:00+05:30,13.35,13.35,12.8,13.2,9392
MARALOVER,2013-08-28 00:00:00+05:30,12.3,13.4,12.3,13.05,24737
MARALOVER,2013-08-29 00:00:00+05:30,13.0,13.25,12.55,12.95,2047
MARALOVER,2013-08-30 00:00:00+05:30,13.15,13.15,12.6,12.95,2529
MARALOVER,2013-09-02 00:00:00+05:30,12.75,13.0,12.75,13.0,2866
MARALOVER,2013-09-03 00:00:00+05:30,13.35,13.35,12.25,12.4,16892
MARALOVER,2013-09-04 00:00:00+05:30,12.5,13.1,12.5,13.1,5065
MARALOVER,2013-09-05 00:00:00+05:30,13.65,13.65,12.7,13.15,6094
MARALOVER,2013-09-06 00:00:00+05:30,13.6,13.8,13.1,13.55,6749
MARALOVER,2013-09-10 00:00:00+05:30,13.0,14.65,13.0,13.7,4384
MARALOVER,2013-09-11 00:00:00+05:30,13.5,13.85,13.4,13.65,5246
MARALOVER,2013-09-12 00:00:00+05:30,13.5,13.85,13.3,13.65,9360
MARALOVER,2013-09-13 00:00:00+05:30,13.25,13.95,13.25,13.9,7539
MARALOVER,2013-09-16 00:00:00+05:30,13.7,14.7,13.7,14.55,12792
MARALOVER,2013-09-17 00:00:00+05:30,15.0,15.7,14.85,15.4,17322
MARALOVER,2013-09-18 00:00:00+05:30,15.7,15.75,14.55,14.7,5987
MARALOVER,2013-09-19 00:00:00+05:30,14.75,14.75,14.2,14.45,5248
MARALOVER,2013-09-20 00:00:00+05:30,14.85,14.85,13.85,14.35,1520
MARALOVER,2013-09-23 00:00:00+05:30,14.5,15.0,13.4,14.9,6705
MARALOVER,2013-09-24 00:00:00+05:30,14.7,14.8,14.0,14.1,2195
MARALOVER,2013-09-25 00:00:00+05:30,14.3,14.3,13.85,13.85,633
MARALOVER,2013-09-26 00:00:00+05:30,14.0,14.4,13.65,13.65,2623
MARALOVER,2013-09-27 00:00:00+05:30,13.55,14.15,13.55,14.15,1558
MARALOVER,2013-09-30 00:00:00+05:30,13.85,14.0,13.85,13.85,25
MARALOVER,2013-10-01 00:00:00+05:30,13.7,14.0,13.55,13.95,10621
MARALOVER,2013-10-03 00:00:00+05:30,15.45,15.45,14.05,14.3,400
MARALOVER,2013-10-04 00:00:00+05:30,14.45,14.7,14.0,14.25,2633
MARALOVER,2013-10-07 00:00:00+05:30,14.25,15.4,14.25,14.95,7679
MARALOVER,2013-10-08 00:00:00+05:30,14.5,15.7,14.4,14.95,8560
MARALOVER,2013-10-09 00:00:00+05:30,15.2,15.2,14.45,15.1,8723
MARALOVER,2013-10-10 00:00:00+05:30,15.0,15.2,14.85,15.2,9994
MARALOVER,2013-10-11 00:00:00+05:30,15.45,17.9,15.25,16.9,35022
MARALOVER,2013-10-14 00:00:00+05:30,16.6,19.0,16.6,18.7,33118
MARALOVER,2013-10-15 00:00:00+05:30,18.5,20.05,17.2,17.95,18766
MARALOVER,2013-10-17 00:00:00+05:30,18.0,18.3,16.9,16.9,13420
MARALOVER,2013-10-18 00:00:00+05:30,16.8,17.5,16.8,16.9,6956
MARALOVER,2013-10-21 00:00:00+05:30,18.7,18.7,16.6,17.05,11117
MARALOVER,2013-10-22 00:00:00+05:30,16.7,17.5,16.65,17.2,7951
MARALOVER,2013-10-23 00:00:00+05:30,17.3,17.65,17.0,17.55,8160
MARALOVER,2013-10-24 00:00:00+05:30,16.95,17.45,16.95,17.0,4471
MARALOVER,2013-10-25 00:00:00+05:30,17.9,17.95,16.95,17.1,3009
MARALOVER,2013-10-28 00:00:00+05:30,16.9,18.5,16.85,17.85,25113
MARALOVER,2013-10-29 00:00:00+05:30,16.35,19.0,16.35,18.65,19589
MARALOVER,2013-10-30 00:00:00+05:30,20.0,20.5,18.1,18.75,22319
MARALOVER,2013-10-31 00:00:00+05:30,18.5,19.7,18.1,18.5,20659
MARALOVER,2013-11-01 00:00:00+05:30,18.0,19.2,17.75,18.1,9937
MARALOVER,2013-11-05 00:00:00+05:30,17.5,19.4,17.0,19.25,14891
MARALOVER,2013-11-06 00:00:00+05:30,19.5,20.0,19.3,19.5,21800
MARALOVER,2013-11-07 00:00:00+05:30,19.25,19.6,17.9,18.1,28335
MARALOVER,2013-11-08 00:00:00+05:30,16.75,18.35,16.75,17.6,13310
MARALOVER,2013-11-11 00:00:00+05:30,17.95,17.95,17.2,17.35,6498
MARALOVER,2013-11-12 00:00:00+05:30,17.2,17.95,17.2,17.75,2865
MARALOVER,2013-11-13 00:00:00+05:30,17.2,17.8,17.0,17.25,4894
MARALOVER,2013-11-14 00:00:00+05:30,17.15,18.15,17.15,17.85,6448
MARALOVER,2013-11-18 00:00:00+05:30,18.45,18.45,17.6,18.25,4770
MARALOVER,2013-11-19 00:00:00+05:30,18.65,18.65,17.8,18.0,1561
MARALOVER,2013-11-20 00:00:00+05:30,18.35,18.5,17.8,17.9,4935
MARALOVER,2013-11-21 00:00:00+05:30,18.0,18.1,17.55,17.9,2370
MARALOVER,2013-11-22 00:00:00+05:30,18.0,20.35,17.5,19.7,23089
MARALOVER,2013-11-25 00:00:00+05:30,20.65,21.9,19.65,21.15,87725
MARALOVER,2013-11-26 00:00:00+05:30,20.55,21.55,19.55,19.8,20341
MARALOVER,2013-11-27 00:00:00+05:30,19.2,19.7,18.75,19.1,13130
MARALOVER,2013-11-28 00:00:00+05:30,18.9,21.4,18.3,20.05,14413
MARALOVER,2013-11-29 00:00:00+05:30,21.35,21.85,19.1,20.7,49853
MARALOVER,2013-12-02 00:00:00+05:30,20.5,21.5,20.3,21.4,80882
MARALOVER,2013-12-03 00:00:00+05:30,21.3,21.3,20.9,21.1,18012
MARALOVER,2013-12-04 00:00:00+05:30,21.0,21.85,20.55,20.65,29187
MARALOVER,2013-12-05 00:00:00+05:30,20.35,21.75,20.0,20.4,3688
MARALOVER,2013-12-06 00:00:00+05:30,20.0,20.8,19.0,19.6,16330
MARALOVER,2013-12-09 00:00:00+05:30,20.0,20.75,19.0,20.3,35296
MARALOVER,2013-12-10 00:00:00+05:30,20.0,20.65,19.25,19.75,6649
MARALOVER,2013-12-11 00:00:00+05:30,19.6,19.7,17.65,19.65,12657
MARALOVER,2013-12-12 00:00:00+05:30,19.4,20.0,18.5,19.25,10097
MARALOVER,2013-12-13 00:00:00+05:30,19.0,19.15,18.6,18.9,3897
MARALOVER,2013-12-16 00:00:00+05:30,18.7,19.5,18.25,18.65,10495
MARALOVER,2013-12-17 00:00:00+05:30,19.55,19.55,18.4,18.4,6139
MARALOVER,2013-12-18 00:00:00+05:30,18.3,19.35,18.3,18.6,6183
MARALOVER,2013-12-19 00:00:00+05:30,19.0,19.0,18.2,18.25,3684
MARALOVER,2013-12-20 00:00:00+05:30,18.0,19.0,17.75,18.1,9409
MARALOVER,2013-12-23 00:00:00+05:30,18.0,18.95,17.5,18.55,4756
MARALOVER,2013-12-24 00:00:00+05:30,18.5,20.4,18.35,20.0,39397
MARALOVER,2013-12-26 00:00:00+05:30,19.8,21.0,18.7,20.0,15313
MARALOVER,2013-12-27 00:00:00+05:30,19.95,20.0,18.5,18.75,20116
MARALOVER,2013-12-30 00:00:00+05:30,18.75,20.85,18.7,18.75,12805
MARALOVER,2013-12-31 00:00:00+05:30,18.7,19.0,18.4,18.75,11689
MARALOVER,2014-01-01 00:00:00+05:30,21.0,21.0,18.8,18.85,10776
MARALOVER,2014-01-02 00:00:00+05:30,19.05,19.6,18.7,18.75,8871
MARALOVER,2014-01-03 00:00:00+05:30,18.6,19.0,18.55,19.0,3169
MARALOVER,2014-01-06 00:00:00+05:30,18.7,19.8,18.4,19.15,10445
MARALOVER,2014-01-07 00:00:00+05:30,19.0,20.8,19.0,20.65,54739
MARALOVER,2014-01-08 00:00:00+05:30,20.5,23.05,20.1,22.5,76860
MARALOVER,2014-01-09 00:00:00+05:30,22.6,23.9,21.7,22.35,69844
MARALOVER,2014-01-10 00:00:00+05:30,22.5,22.55,21.25,21.75,12826
MARALOVER,2014-01-13 00:00:00+05:30,21.6,21.7,20.7,20.85,15759
MARALOVER,2014-01-14 00:00:00+05:30,20.8,21.35,20.45,21.1,8575
MARALOVER,2014-01-15 00:00:00+05:30,20.9,21.05,20.45,20.7,3886
MARALOVER,2014-01-16 00:00:00+05:30,20.5,20.65,19.65,19.9,17325
MARALOVER,2014-01-17 00:00:00+05:30,19.85,20.05,19.4,19.6,7903
MARALOVER,2014-01-20 00:00:00+05:30,19.5,20.6,19.1,19.2,9610
MARALOVER,2014-01-21 00:00:00+05:30,19.5,20.75,19.25,20.05,14649
MARALOVER,2014-01-22 00:00:00+05:30,20.0,20.55,19.95,20.1,7669
MARALOVER,2014-01-23 00:00:00+05:30,20.0,21.5,20.0,20.2,11449
MARALOVER,2014-01-24 00:00:00+05:30,20.0,21.4,19.65,20.0,14130
MARALOVER,2014-01-27 00:00:00+05:30,19.8,20.45,19.25,19.25,1859
MARALOVER,2014-01-28 00:00:00+05:30,19.75,19.85,19.0,19.3,3646
MARALOVER,2014-01-29 00:00:00+05:30,19.0,19.6,18.75,19.1,9382
MARALOVER,2014-01-30 00:00:00+05:30,19.0,19.5,18.65,18.95,10256
MARALOVER,2014-01-31 00:00:00+05:30,18.8,19.5,18.5,18.9,5403
MARALOVER,2014-02-03 00:00:00+05:30,18.5,20.05,18.3,19.5,4535
MARALOVER,2014-02-04 00:00:00+05:30,19.5,19.8,19.0,19.7,9519
MARALOVER,2014-02-05 00:00:00+05:30,19.5,19.9,18.75,19.35,8872
MARALOVER,2014-02-06 00:00:00+05:30,19.1,19.4,18.6,19.15,5776
MARALOVER,2014-02-07 00:00:00+05:30,19.0,20.05,18.9,19.2,8626
MARALOVER,2014-02-10 00:00:00+05:30,19.0,20.4,18.7,18.8,3360
MARALOVER,2014-02-11 00:00:00+05:30,18.75,19.1,18.25,18.25,5662
MARALOVER,2014-02-12 00:00:00+05:30,18.3,19.0,18.2,18.6,11488
MARALOVER,2014-02-13 00:00:00+05:30,18.0,18.25,17.85,17.85,12860
MARALOVER,2014-02-14 00:00:00+05:30,17.7,17.9,17.5,17.6,5780
MARALOVER,2014-02-17 00:00:00+05:30,17.5,17.85,16.9,17.15,13249
MARALOVER,2014-02-18 00:00:00+05:30,17.0,17.7,16.55,17.3,3151
MARALOVER,2014-02-19 00:00:00+05:30,17.0,17.45,16.85,17.05,15029
MARALOVER,2014-02-20 00:00:00+05:30,17.0,17.3,16.6,16.85,5118
MARALOVER,2014-02-21 00:00:00+05:30,16.7,17.35,16.7,17.0,228
MARALOVER,2014-02-24 00:00:00+05:30,16.7,17.5,16.7,17.0,3432
MARALOVER,2014-02-25 00:00:00+05:30,16.7,17.35,16.55,17.0,3312
MARALOVER,2014-02-26 00:00:00+05:30,16.7,17.3,15.8,16.4,18838
MARALOVER,2014-02-28 00:00:00+05:30,16.3,16.9,16.05,16.45,5876
MARALOVER,2014-03-03 00:00:00+05:30,16.3,17.4,16.1,16.7,3353
MARALOVER,2014-03-04 00:00:00+05:30,16.5,18.9,16.0,17.25,12588
MARALOVER,2014-03-05 00:00:00+05:30,17.0,17.85,16.3,17.1,4958
MARALOVER,2014-03-06 00:00:00+05:30,17.0,17.9,17.0,17.25,6400
MARALOVER,2014-03-07 00:00:00+05:30,17.1,18.0,17.1,17.7,7425
MARALOVER,2014-03-10 00:00:00+05:30,17.4,18.0,17.0,17.3,2462
MARALOVER,2014-03-11 00:00:00+05:30,16.5,18.2,16.5,17.35,5391
MARALOVER,2014-03-12 00:00:00+05:30,17.5,17.9,16.65,17.1,7933
MARALOVER,2014-03-13 00:00:00+05:30,16.6,17.15,16.6,16.65,5522
MARALOVER,2014-03-14 00:00:00+05:30,16.6,17.05,16.6,16.8,1320
MARALOVER,2014-03-18 00:00:00+05:30,16.6,17.8,16.15,17.75,11359
MARALOVER,2014-03-19 00:00:00+05:30,17.4,17.4,17.0,17.0,3435
MARALOVER,2014-03-20 00:00:00+05:30,16.85,17.75,16.85,17.5,2811
MARALOVER,2014-03-21 00:00:00+05:30,17.0,18.0,17.0,17.85,2814
MARALOVER,2014-03-24 00:00:00+05:30,18.0,18.9,17.35,17.75,8600
MARALOVER,2014-03-25 00:00:00+05:30,17.5,18.8,17.2,17.75,4084
MARALOVER,2014-03-26 00:00:00+05:30,17.75,18.45,15.45,17.1,23458
MARALOVER,2014-03-27 00:00:00+05:30,17.5,18.4,17.2,17.35,6220
MARALOVER,2014-03-28 00:00:00+05:30,17.5,18.35,17.5,17.95,1431
MARALOVER,2014-03-31 00:00:00+05:30,17.5,18.25,16.9,17.15,8282
MARALOVER,2014-04-01 00:00:00+05:30,17.0,17.85,17.0,17.5,4538
MARALOVER,2014-04-02 00:00:00+05:30,17.3,19.2,17.0,18.8,22051
MARALOVER,2014-04-03 00:00:00+05:30,18.7,20.15,18.7,19.4,17513
MARALOVER,2014-04-04 00:00:00+05:30,19.3,20.45,19.05,19.5,16613
MARALOVER,2014-04-07 00:00:00+05:30,19.3,20.35,19.0,19.6,10853
MARALOVER,2014-04-09 00:00:00+05:30,18.65,20.4,18.65,19.9,17149
MARALOVER,2014-04-10 00:00:00+05:30,19.8,20.4,19.5,19.85,16746
MARALOVER,2014-04-11 00:00:00+05:30,19.8,20.75,19.5,19.75,4636
MARALOVER,2014-04-15 00:00:00+05:30,19.6,20.65,19.6,20.3,27447
MARALOVER,2014-04-16 00:00:00+05:30,21.2,22.3,20.6,21.2,91525
MARALOVER,2014-04-17 00:00:00+05:30,22.2,22.25,20.3,21.15,25939
MARALOVER,2014-04-21 00:00:00+05:30,21.3,22.0,21.0,21.75,31774
MARALOVER,2014-04-22 00:00:00+05:30,21.8,22.5,21.6,22.0,46719
MARALOVER,2014-04-23 00:00:00+05:30,21.7,21.7,18.65,19.4,123752
MARALOVER,2014-04-25 00:00:00+05:30,19.4,19.85,18.85,19.0,45486
MARALOVER,2014-04-28 00:00:00+05:30,18.8,19.4,18.15,19.05,18241
MARALOVER,2014-04-29 00:00:00+05:30,18.9,19.45,18.65,19.15,12082
MARALOVER,2014-04-30 00:00:00+05:30,18.25,19.9,18.25,19.5,21520
MARALOVER,2014-05-02 00:00:00+05:30,18.5,19.5,18.5,19.1,8793
MARALOVER,2014-05-05 00:00:00+05:30,18.25,19.25,18.25,18.8,12455
MARALOVER,2014-05-06 00:00:00+05:30,18.0,18.9,18.0,18.55,38163
MARALOVER,2014-05-07 00:00:00+05:30,18.0,19.4,18.0,18.6,3302
MARALOVER,2014-05-08 00:00:00+05:30,18.65,19.0,18.65,18.65,7552
MARALOVER,2014-05-09 00:00:00+05:30,18.4,18.55,18.1,18.55,11103
MARALOVER,2014-05-12 00:00:00+05:30,18.4,19.25,17.6,18.45,11360
MARALOVER,2014-05-13 00:00:00+05:30,18.3,19.25,18.0,19.0,28605
MARALOVER,2014-05-14 00:00:00+05:30,18.85,19.6,18.6,19.1,7378
MARALOVER,2014-05-15 00:00:00+05:30,17.7,19.5,17.7,19.15,9727
MARALOVER,2014-05-16 00:00:00+05:30,18.85,19.5,18.05,18.45,8233
MARALOVER,2014-05-19 00:00:00+05:30,18.15,19.5,18.15,19.35,11469
MARALOVER,2014-05-20 00:00:00+05:30,18.3,20.2,18.3,19.3,20204
MARALOVER,2014-05-21 00:00:00+05:30,19.0,22.5,19.0,22.3,42956
MARALOVER,2014-05-22 00:00:00+05:30,22.0,22.5,21.0,22.0,53927
MARALOVER,2014-05-23 00:00:00+05:30,22.9,23.4,21.95,22.25,33608
MARALOVER,2014-05-26 00:00:00+05:30,23.95,23.95,21.2,21.25,45068
MARALOVER,2014-05-27 00:00:00+05:30,22.25,22.7,21.5,21.9,27368
MARALOVER,2014-05-28 00:00:00+05:30,23.1,23.1,21.6,21.7,24662
MARALOVER,2014-05-29 00:00:00+05:30,21.8,22.45,21.3,21.4,17247
MARALOVER,2014-05-30 00:00:00+05:30,21.4,21.7,20.85,21.0,11181
MARALOVER,2014-06-02 00:00:00+05:30,21.1,23.0,21.1,21.5,5302
MARALOVER,2014-06-03 00:00:00+05:30,21.2,22.5,21.1,21.2,10916
MARALOVER,2014-06-04 00:00:00+05:30,20.25,25.4,20.25,25.4,138634
MARALOVER,2014-06-05 00:00:00+05:30,27.2,28.35,26.0,27.7,325786
MARALOVER,2014-06-06 00:00:00+05:30,27.7,28.5,26.55,27.35,55382
MARALOVER,2014-06-09 00:00:00+05:30,26.25,28.5,25.65,26.45,27262
MARALOVER,2014-06-10 00:00:00+05:30,26.0,27.4,25.35,26.4,12202
MARALOVER,2014-06-11 00:00:00+05:30,26.0,27.35,25.4,25.95,20749
MARALOVER,2014-06-12 00:00:00+05:30,26.0,26.5,25.0,26.15,47966
MARALOVER,2014-06-13 00:00:00+05:30,26.6,26.6,25.85,26.1,50911
MARALOVER,2014-06-16 00:00:00+05:30,26.1,27.7,26.0,26.9,78181
MARALOVER,2014-06-17 00:00:00+05:30,27.8,27.8,26.0,26.6,20316
MARALOVER,2014-06-18 00:00:00+05:30,26.55,27.5,26.55,27.0,22578
MARALOVER,2014-06-19 00:00:00+05:30,26.8,29.45,26.15,28.9,90641
MARALOVER,2014-06-20 00:00:00+05:30,28.75,29.75,27.5,28.3,69258
MARALOVER,2014-06-23 00:00:00+05:30,28.75,28.75,28.0,28.3,23370
MARALOVER,2014-06-24 00:00:00+05:30,28.1,29.35,28.0,28.45,70432
MARALOVER,2014-06-25 00:00:00+05:30,28.55,29.35,28.15,28.55,11407
MARALOVER,2014-06-26 00:00:00+05:30,28.3,28.5,27.9,28.05,22222
MARALOVER,2014-06-27 00:00:00+05:30,28.45,30.25,27.6,29.05,60460
MARALOVER,2014-06-30 00:00:00+05:30,29.85,30.0,28.15,29.05,18015
MARALOVER,2014-07-01 00:00:00+05:30,29.65,29.8,28.7,28.7,19201
MARALOVER,2014-07-02 00:00:00+05:30,28.6,29.2,28.6,28.95,50677
MARALOVER,2014-07-03 00:00:00+05:30,29.0,29.95,27.5,28.2,30203
MARALOVER,2014-07-04 00:00:00+05:30,27.5,28.85,27.5,28.4,17960
MARALOVER,2014-07-07 00:00:00+05:30,28.25,28.5,27.5,27.6,31584
MARALOVER,2014-07-08 00:00:00+05:30,28.0,28.0,23.55,25.65,23879
MARALOVER,2014-07-09 00:00:00+05:30,25.25,26.15,24.5,25.25,24880
MARALOVER,2014-07-10 00:00:00+05:30,25.0,26.0,24.45,25.15,14708
MARALOVER,2014-07-11 00:00:00+05:30,25.25,25.8,24.65,25.4,15040
MARALOVER,2014-07-14 00:00:00+05:30,26.5,26.5,24.4,24.75,8199
MARALOVER,2014-07-15 00:00:00+05:30,25.75,25.8,24.85,25.1,5309
MARALOVER,2014-07-16 00:00:00+05:30,25.0,26.4,24.95,25.05,22437
MARALOVER,2014-07-17 00:00:00+05:30,25.3,26.05,25.05,25.5,21907
MARALOVER,2014-07-18 00:00:00+05:30,26.0,26.45,25.4,25.9,1457
MARALOVER,2014-07-21 00:00:00+05:30,26.95,27.95,25.15,26.55,6447
MARALOVER,2014-07-22 00:00:00+05:30,26.2,27.45,25.45,25.75,14210
MARALOVER,2014-07-23 00:00:00+05:30,25.55,26.5,25.0,26.4,56481
MARALOVER,2014-07-24 00:00:00+05:30,26.3,27.6,26.3,26.95,44181
MARALOVER,2014-07-25 00:00:00+05:30,26.65,26.65,25.5,26.0,24175
MARALOVER,2014-07-28 00:00:00+05:30,25.5,26.8,22.1,22.7,53808
MARALOVER,2014-07-30 00:00:00+05:30,23.5,23.5,22.45,23.2,8941
MARALOVER,2014-07-31 00:00:00+05:30,23.0,23.4,23.0,23.4,596
MARALOVER,2014-08-01 00:00:00+05:30,23.2,23.25,20.75,21.6,35408
MARALOVER,2014-08-04 00:00:00+05:30,21.6,23.6,21.55,23.1,7727
MARALOVER,2014-08-05 00:00:00+05:30,23.7,23.7,22.6,23.5,2253
MARALOVER,2014-08-06 00:00:00+05:30,23.25,24.55,23.1,23.5,20845
MARALOVER,2014-08-07 00:00:00+05:30,23.0,23.8,22.5,22.85,6891
MARALOVER,2014-08-08 00:00:00+05:30,22.5,22.85,21.25,21.35,22849
MARALOVER,2014-08-11 00:00:00+05:30,21.1,23.45,21.1,22.05,9420
MARALOVER,2014-08-12 00:00:00+05:30,21.7,22.0,21.5,22.0,2203
MARALOVER,2014-08-13 00:00:00+05:30,21.8,22.35,21.15,21.25,19921
MARALOVER,2014-08-14 00:00:00+05:30,21.6,22.3,21.35,21.6,7283
MARALOVER,2014-08-18 00:00:00+05:30,21.6,22.0,21.6,21.65,6239
MARALOVER,2014-08-19 00:00:00+05:30,22.05,22.05,21.55,21.8,32090
MARALOVER,2014-08-20 00:00:00+05:30,22.35,22.5,21.05,21.7,27916
MARALOVER,2014-08-21 00:00:00+05:30,21.7,23.5,21.7,23.0,37826
MARALOVER,2014-08-22 00:00:00+05:30,23.0,23.2,22.25,22.45,8175
MARALOVER,2014-08-25 00:00:00+05:30,22.25,22.95,22.0,22.3,8461
MARALOVER,2014-08-26 00:00:00+05:30,22.0,22.3,21.75,21.9,3308
MARALOVER,2014-08-27 00:00:00+05:30,21.9,22.4,21.7,21.8,3134
MARALOVER,2014-08-28 00:00:00+05:30,22.0,22.75,22.0,22.0,4746
MARALOVER,2014-09-01 00:00:00+05:30,22.7,23.4,22.1,23.35,12667
MARALOVER,2014-09-02 00:00:00+05:30,24.0,24.25,22.1,24.0,11672
MARALOVER,2014-09-03 00:00:00+05:30,24.0,24.0,22.9,23.35,29704
MARALOVER,2014-09-04 00:00:00+05:30,22.2,23.75,22.2,23.6,8755
MARALOVER,2014-09-05 00:00:00+05:30,23.5,23.5,22.75,23.0,8100
MARALOVER,2014-09-08 00:00:00+05:30,23.7,23.75,22.85,23.4,12149
MARALOVER,2014-09-09 00:00:00+05:30,23.4,24.0,23.15,23.2,3506
MARALOVER,2014-09-10 00:00:00+05:30,23.05,23.9,23.05,23.6,7611
MARALOVER,2014-09-11 00:00:00+05:30,23.4,25.0,23.3,24.2,25800
MARALOVER,2014-09-12 00:00:00+05:30,24.3,25.0,24.0,24.85,10342
MARALOVER,2014-09-15 00:00:00+05:30,24.7,26.9,23.4,26.15,33788
MARALOVER,2014-09-16 00:00:00+05:30,27.2,27.2,23.25,23.45,26294
MARALOVER,2014-09-17 00:00:00+05:30,24.6,24.65,23.35,23.95,7568
MARALOVER,2014-09-18 00:00:00+05:30,23.65,24.45,23.65,24.15,5587
MARALOVER,2014-09-19 00:00:00+05:30,23.7,25.5,23.6,23.9,6409
MARALOVER,2014-09-22 00:00:00+05:30,23.75,24.8,23.55,23.85,12660
MARALOVER,2014-09-23 00:00:00+05:30,23.6,25.3,23.05,24.65,24513
MARALOVER,2014-09-24 00:00:00+05:30,25.5,27.0,24.75,24.75,38702
MARALOVER,2014-09-25 00:00:00+05:30,24.5,25.0,23.15,23.5,10674
MARALOVER,2014-09-26 00:00:00+05:30,23.8,24.1,23.55,23.75,10456
MARALOVER,2014-09-29 00:00:00+05:30,23.5,24.8,23.0,24.2,6921
MARALOVER,2014-09-30 00:00:00+05:30,24.85,24.85,23.4,24.25,16267
MARALOVER,2014-10-01 00:00:00+05:30,23.9,24.65,23.6,24.0,8590
MARALOVER,2014-10-07 00:00:00+05:30,23.9,24.15,23.5,24.1,2250
MARALOVER,2014-10-08 00:00:00+05:30,23.95,24.0,23.5,23.7,5300
MARALOVER,2014-10-09 00:00:00+05:30,23.55,23.65,23.55,23.65,2512
MARALOVER,2014-10-10 00:00:00+05:30,23.4,24.85,22.7,24.0,3098
MARALOVER,2014-10-13 00:00:00+05:30,24.15,24.15,23.05,23.95,3934
MARALOVER,2014-10-14 00:00:00+05:30,24.0,24.5,23.4,23.95,5021
MARALOVER,2014-10-16 00:00:00+05:30,23.8,24.0,23.3,23.4,7135
MARALOVER,2014-10-17 00:00:00+05:30,23.1,23.4,22.55,22.8,4181
MARALOVER,2014-10-20 00:00:00+05:30,23.35,23.35,22.65,23.0,1815
MARALOVER,2014-10-21 00:00:00+05:30,22.7,23.0,22.55,23.0,6101
MARALOVER,2014-10-22 00:00:00+05:30,22.7,22.9,21.8,22.3,8266
MARALOVER,2014-10-23 00:00:00+05:30,20.75,24.5,20.75,23.7,4101
MARALOVER,2014-10-27 00:00:00+05:30,24.45,24.5,23.7,23.75,4670
MARALOVER,2014-10-28 00:00:00+05:30,23.4,23.55,22.6,23.05,7506
MARALOVER,2014-10-29 00:00:00+05:30,23.1,24.6,22.2,23.1,5428
MARALOVER,2014-10-30 00:00:00+05:30,23.75,23.75,21.85,22.05,4798
MARALOVER,2014-10-31 00:00:00+05:30,21.8,23.5,21.8,22.6,9126
MARALOVER,2014-11-03 00:00:00+05:30,22.0,22.9,21.95,22.4,13801
MARALOVER,2014-11-05 00:00:00+05:30,22.45,24.8,22.4,23.55,41243
MARALOVER,2014-11-07 00:00:00+05:30,23.55,24.0,21.0,21.65,48158
MARALOVER,2014-11-10 00:00:00+05:30,21.6,22.2,21.6,21.9,6125
MARALOVER,2014-11-11 00:00:00+05:30,22.0,23.8,21.75,22.55,37404
MARALOVER,2014-11-12 00:00:00+05:30,23.0,24.5,22.1,22.95,43457
MARALOVER,2014-11-13 00:00:00+05:30,23.5,23.9,22.8,23.0,6139
MARALOVER,2014-11-14 00:00:00+05:30,22.65,23.4,21.55,22.2,10474
MARALOVER,2014-11-17 00:00:00+05:30,22.15,22.85,22.05,22.05,2881
MARALOVER,2014-11-18 00:00:00+05:30,22.0,22.7,20.5,21.65,19769
MARALOVER,2014-11-19 00:00:00+05:30,22.35,22.7,21.35,21.6,3446
MARALOVER,2014-11-20 00:00:00+05:30,21.95,21.95,20.7,21.05,18213
MARALOVER,2014-11-21 00:00:00+05:30,21.65,21.65,20.95,21.05,12225
MARALOVER,2014-11-24 00:00:00+05:30,20.9,21.65,20.85,21.55,55254
MARALOVER,2014-11-25 00:00:00+05:30,21.7,21.8,20.9,21.2,5934
MARALOVER,2014-11-26 00:00:00+05:30,20.8,21.45,20.4,20.65,7453
MARALOVER,2014-11-27 00:00:00+05:30,20.45,21.2,20.45,20.6,6007
MARALOVER,2014-11-28 00:00:00+05:30,21.0,21.4,20.55,20.8,8034
MARALOVER,2014-12-01 00:00:00+05:30,20.6,21.35,20.4,20.85,430
MARALOVER,2014-12-02 00:00:00+05:30,20.6,21.2,19.7,20.6,4055
MARALOVER,2014-12-03 00:00:00+05:30,21.25,22.4,20.9,21.8,31089
MARALOVER,2014-12-04 00:00:00+05:30,22.45,22.45,20.9,21.5,2087
MARALOVER,2014-12-05 00:00:00+05:30,21.2,21.5,20.85,20.95,10679
MARALOVER,2014-12-08 00:00:00+05:30,21.5,21.5,19.0,19.3,22079
MARALOVER,2014-12-09 00:00:00+05:30,19.9,19.9,19.15,19.45,2518
MARALOVER,2014-12-10 00:00:00+05:30,20.0,20.35,18.9,19.55,2256
MARALOVER,2014-12-11 00:00:00+05:30,19.5,20.4,19.15,19.25,8309
MARALOVER,2014-12-12 00:00:00+05:30,19.55,20.0,19.15,19.3,6483
MARALOVER,2014-12-15 00:00:00+05:30,20.0,20.8,18.5,19.0,3267
MARALOVER,2014-12-16 00:00:00+05:30,18.95,19.2,18.55,18.7,15382
MARALOVER,2014-12-17 00:00:00+05:30,18.5,18.65,16.6,18.4,15238
MARALOVER,2014-12-18 00:00:00+05:30,18.25,19.3,17.8,18.5,4602
MARALOVER,2014-12-19 00:00:00+05:30,18.75,19.1,18.3,18.8,10729
MARALOVER,2014-12-22 00:00:00+05:30,19.0,19.45,18.7,18.7,2352
MARALOVER,2014-12-23 00:00:00+05:30,18.6,19.75,18.5,18.8,744
MARALOVER,2014-12-24 00:00:00+05:30,18.8,19.3,17.65,18.3,7742
MARALOVER,2014-12-26 00:00:00+05:30,18.4,18.8,18.15,18.35,3313
MARALOVER,2014-12-29 00:00:00+05:30,18.5,19.0,18.2,18.65,2170
MARALOVER,2014-12-30 00:00:00+05:30,18.85,19.9,18.35,18.95,4182
MARALOVER,2014-12-31 00:00:00+05:30,19.2,19.2,19.2,19.2,150
MARALOVER,2015-01-01 00:00:00+05:30,19.05,19.8,19.05,19.05,1548
MARALOVER,2015-01-02 00:00:00+05:30,18.8,20.2,18.8,19.45,10531
MARALOVER,2015-01-05 00:00:00+05:30,19.5,20.2,19.0,19.0,8380
MARALOVER,2015-01-06 00:00:00+05:30,19.0,19.39,17.7,18.5,4967
MARALOVER,2015-01-07 00:00:00+05:30,19.95,19.95,18.39,19.0,3379
MARALOVER,2015-01-08 00:00:00+05:30,19.0,19.55,19.0,19.39,6562
MARALOVER,2015-01-09 00:00:00+05:30,21.5,21.5,19.0,19.14,6026
MARALOVER,2015-01-12 00:00:00+05:30,20.2,20.2,18.6,19.25,3657
MARALOVER,2015-01-13 00:00:00+05:30,19.89,21.45,19.1,21.05,24201
MARALOVER,2015-01-14 00:00:00+05:30,21.45,22.4,20.9,21.65,21197
MARALOVER,2015-01-15 00:00:00+05:30,23.5,23.5,20.8,21.9,13755
MARALOVER,2015-01-16 00:00:00+05:30,21.5,23.2,21.1,23.0,15577
MARALOVER,2015-01-19 00:00:00+05:30,23.85,23.85,22.3,22.85,14753
MARALOVER,2015-01-20 00:00:00+05:30,22.5,22.9,21.7,22.5,12425
MARALOVER,2015-01-21 00:00:00+05:30,22.5,24.5,22.0,22.6,23914
MARALOVER,2015-01-22 00:00:00+05:30,23.8,25.05,22.55,24.05,190707
MARALOVER,2015-01-23 00:00:00+05:30,24.8,25.05,23.6,24.05,64568
MARALOVER,2015-01-27 00:00:00+05:30,24.1,25.6,23.55,24.1,33556
MARALOVER,2015-01-28 00:00:00+05:30,23.85,24.4,23.35,23.5,22039
MARALOVER,2015-01-29 00:00:00+05:30,23.35,23.7,21.7,22.5,37130
MARALOVER,2015-01-30 00:00:00+05:30,22.55,22.55,21.1,21.95,6194
MARALOVER,2015-02-02 00:00:00+05:30,24.45,24.45,21.15,21.95,3663
MARALOVER,2015-02-03 00:00:00+05:30,23.9,23.9,21.75,21.8,5847
MARALOVER,2015-02-04 00:00:00+05:30,22.05,23.65,21.7,22.5,47228
MARALOVER,2015-02-05 00:00:00+05:30,22.95,26.9,22.95,24.0,265633
MARALOVER,2015-02-06 00:00:00+05:30,24.85,26.0,23.5,24.75,63338
MARALOVER,2015-02-09 00:00:00+05:30,25.25,25.25,22.85,23.45,12168
MARALOVER,2015-02-10 00:00:00+05:30,23.25,23.85,22.65,22.8,5813
MARALOVER,2015-02-11 00:00:00+05:30,24.15,24.15,22.55,22.75,12100
MARALOVER,2015-02-12 00:00:00+05:30,22.5,22.75,22.2,22.6,9546
MARALOVER,2015-02-13 00:00:00+05:30,22.4,23.9,21.8,22.45,24960
MARALOVER,2015-02-16 00:00:00+05:30,22.2,24.15,21.6,23.25,18949
MARALOVER,2015-02-18 00:00:00+05:30,23.9,26.9,23.0,26.05,79928
MARALOVER,2015-02-19 00:00:00+05:30,27.5,27.5,25.3,26.25,39449
MARALOVER,2015-02-20 00:00:00+05:30,26.75,28.85,25.3,26.35,148582
MARALOVER,2015-02-23 00:00:00+05:30,26.1,28.0,26.1,26.85,47199
MARALOVER,2015-02-24 00:00:00+05:30,27.6,29.3,26.5,28.9,111064
MARALOVER,2015-02-25 00:00:00+05:30,28.5,32.1,28.5,29.9,349001
MARALOVER,2015-02-26 00:00:00+05:30,30.5,31.5,28.55,28.9,50681
MARALOVER,2015-02-27 00:00:00+05:30,29.9,32.85,29.5,32.25,259305
MARALOVER,2015-03-02 00:00:00+05:30,31.6,31.7,28.5,28.8,60009
MARALOVER,2015-03-03 00:00:00+05:30,29.75,32.0,29.75,31.65,81180
MARALOVER,2015-03-04 00:00:00+05:30,32.5,32.5,28.65,29.7,57523
MARALOVER,2015-03-05 00:00:00+05:30,29.4,30.0,28.7,29.05,13690
MARALOVER,2015-03-09 00:00:00+05:30,29.5,29.9,28.25,28.35,26159
MARALOVER,2015-03-10 00:00:00+05:30,28.55,31.05,28.05,29.7,85046
MARALOVER,2015-03-11 00:00:00+05:30,29.5,31.4,29.0,30.3,37740
MARALOVER,2015-03-12 00:00:00+05:30,30.5,30.8,29.25,29.4,18375
MARALOVER,2015-03-13 00:00:00+05:30,29.1,29.75,28.1,28.2,16872
MARALOVER,2015-03-16 00:00:00+05:30,28.0,29.2,27.15,27.6,19784
MARALOVER,2015-03-17 00:00:00+05:30,27.8,29.5,27.0,27.15,12046
MARALOVER,2015-03-18 00:00:00+05:30,27.0,27.9,26.55,27.0,19104
MARALOVER,2015-03-19 00:00:00+05:30,27.0,28.0,26.3,26.85,19345
MARALOVER,2015-03-20 00:00:00+05:30,26.4,26.8,25.5,26.05,12893
MARALOVER,2015-03-23 00:00:00+05:30,27.45,27.45,25.2,26.05,43524
MARALOVER,2015-03-24 00:00:00+05:30,25.8,26.5,25.1,25.35,30731
MARALOVER,2015-03-25 00:00:00+05:30,25.35,25.65,24.65,25.1,5905
MARALOVER,2015-03-26 00:00:00+05:30,25.5,25.5,23.25,23.85,22415
MARALOVER,2015-03-27 00:00:00+05:30,25.6,25.75,24.2,24.9,19574
MARALOVER,2015-03-30 00:00:00+05:30,24.5,26.5,23.55,25.95,3014
MARALOVER,2015-03-31 00:00:00+05:30,26.15,27.0,25.6,26.0,16164
MARALOVER,2015-04-01 00:00:00+05:30,26.85,28.0,26.25,27.9,20563
MARALOVER,2015-04-06 00:00:00+05:30,27.8,30.55,27.8,30.3,67371
MARALOVER,2015-04-07 00:00:00+05:30,29.8,30.5,28.85,30.25,23097
MARALOVER,2015-04-08 00:00:00+05:30,30.0,30.5,28.3,29.55,28816
MARALOVER,2015-04-09 00:00:00+05:30,29.55,31.35,29.55,30.7,47825
MARALOVER,2015-04-10 00:00:00+05:30,31.6,31.6,29.75,30.0,9337
MARALOVER,2015-04-13 00:00:00+05:30,30.9,31.5,29.7,30.9,18086
MARALOVER,2015-04-15 00:00:00+05:30,31.6,36.6,30.3,33.75,385579
MARALOVER,2015-04-16 00:00:00+05:30,34.2,36.5,32.1,35.65,149107
MARALOVER,2015-04-17 00:00:00+05:30,35.9,38.85,35.2,38.0,239318
MARALOVER,2015-04-20 00:00:00+05:30,38.1,39.6,35.45,36.54,54050
MARALOVER,2015-04-21 00:00:00+05:30,36.4,36.4,33.6,33.79,38815
MARALOVER,2015-04-22 00:00:00+05:30,34.0,36.0,33.25,35.45,37467
MARALOVER,2015-04-23 00:00:00+05:30,35.0,37.4,34.6,36.54,58212
MARALOVER,2015-04-24 00:00:00+05:30,36.54,36.54,33.9,34.45,66413
MARALOVER,2015-04-27 00:00:00+05:30,34.29,34.29,30.3,31.3,95346
MARALOVER,2015-04-28 00:00:00+05:30,31.05,32.9,30.1,32.29,19052
MARALOVER,2015-04-29 00:00:00+05:30,32.0,33.0,31.5,32.95,9349
MARALOVER,2015-04-30 00:00:00+05:30,33.0,34.0,31.65,33.5,10931
MARALOVER,2015-05-04 00:00:00+05:30,34.5,36.0,34.0,35.5,37141
MARALOVER,2015-05-05 00:00:00+05:30,35.75,35.75,33.2,33.9,24993
MARALOVER,2015-05-06 00:00:00+05:30,34.0,34.0,28.7,30.0,122156
MARALOVER,2015-05-07 00:00:00+05:30,29.8,30.35,28.0,28.1,61214
MARALOVER,2015-05-08 00:00:00+05:30,27.5,29.7,26.2,26.7,199269
MARALOVER,2015-05-11 00:00:00+05:30,27.45,28.4,26.45,27.65,46569
MARALOVER,2015-05-12 00:00:00+05:30,27.6,27.6,26.35,26.55,17324
MARALOVER,2015-05-13 00:00:00+05:30,28.25,28.25,26.3,27.2,55978
MARALOVER,2015-05-14 00:00:00+05:30,27.0,27.8,26.25,27.55,16609
MARALOVER,2015-05-15 00:00:00+05:30,27.6,28.1,26.6,27.95,30025
MARALOVER,2015-05-18 00:00:00+05:30,28.0,28.3,27.25,28.1,8127
MARALOVER,2015-05-19 00:00:00+05:30,28.55,28.6,27.5,28.15,24901
MARALOVER,2015-05-20 00:00:00+05:30,27.7,29.5,27.55,28.85,41050
MARALOVER,2015-05-21 00:00:00+05:30,29.0,29.9,28.5,28.55,22677
MARALOVER,2015-05-22 00:00:00+05:30,28.55,28.6,28.1,28.5,10448
MARALOVER,2015-05-25 00:00:00+05:30,28.2,28.2,27.3,28.0,3784
MARALOVER,2015-05-26 00:00:00+05:30,28.5,29.5,27.7,28.85,17442
MARALOVER,2015-05-27 00:00:00+05:30,28.5,28.9,27.4,28.65,24770
MARALOVER,2015-05-28 00:00:00+05:30,28.1,28.4,27.65,28.0,6449
MARALOVER,2015-05-29 00:00:00+05:30,28.25,28.25,27.75,28.15,3218
MARALOVER,2015-06-01 00:00:00+05:30,27.7,28.4,26.1,27.6,7007
MARALOVER,2015-06-02 00:00:00+05:30,27.55,27.55,26.55,26.7,13485
MARALOVER,2015-06-03 00:00:00+05:30,26.5,27.7,25.15,25.7,20364
MARALOVER,2015-06-04 00:00:00+05:30,25.55,26.45,24.3,25.65,55605
MARALOVER,2015-06-05 00:00:00+05:30,26.2,26.95,25.1,25.4,2638
MARALOVER,2015-06-08 00:00:00+05:30,25.9,26.15,23.85,24.15,18536
MARALOVER,2015-06-09 00:00:00+05:30,24.25,26.0,23.65,24.8,10944
MARALOVER,2015-06-10 00:00:00+05:30,25.7,26.0,25.25,25.95,6979
MARALOVER,2015-06-11 00:00:00+05:30,26.05,26.05,24.15,24.5,23767
MARALOVER,2015-06-12 00:00:00+05:30,24.05,25.4,23.25,25.0,24566
MARALOVER,2015-06-15 00:00:00+05:30,25.0,27.8,24.95,25.1,20476
MARALOVER,2015-06-16 00:00:00+05:30,24.55,24.55,24.55,24.55,48
MARALOVER,2015-06-17 00:00:00+05:30,25.05,25.25,24.45,24.9,11422
MARALOVER,2015-06-18 00:00:00+05:30,24.8,26.0,24.45,25.8,405
MARALOVER,2015-06-19 00:00:00+05:30,26.5,27.85,25.9,26.9,35887
MARALOVER,2015-06-22 00:00:00+05:30,27.0,27.5,26.0,27.4,9350
MARALOVER,2015-06-23 00:00:00+05:30,27.35,29.75,27.05,29.2,40476
MARALOVER,2015-06-24 00:00:00+05:30,28.8,30.65,28.0,29.1,33096
MARALOVER,2015-06-25 00:00:00+05:30,29.95,30.4,28.65,29.6,69238
MARALOVER,2015-06-26 00:00:00+05:30,29.0,31.2,28.55,29.85,35756
MARALOVER,2015-06-29 00:00:00+05:30,29.5,29.5,28.0,28.4,13477
MARALOVER,2015-06-30 00:00:00+05:30,29.45,34.04,28.25,34.04,542260
MARALOVER,2015-07-01 00:00:00+05:30,35.5,37.2,34.6,35.0,294224
MARALOVER,2015-07-02 00:00:00+05:30,34.79,38.75,33.25,37.1,215605
MARALOVER,2015-07-03 00:00:00+05:30,37.0,39.0,36.1,36.54,215869
MARALOVER,2015-07-06 00:00:00+05:30,36.0,43.85,34.25,43.15,789808
MARALOVER,2015-07-07 00:00:00+05:30,42.9,45.15,40.2,40.85,443835
MARALOVER,2015-07-08 00:00:00+05:30,40.0,40.75,37.04,39.0,186024
MARALOVER,2015-07-09 00:00:00+05:30,37.65,41.4,37.65,38.9,92664
MARALOVER,2015-07-10 00:00:00+05:30,38.5,40.0,35.9,36.6,106918
MARALOVER,2015-07-13 00:00:00+05:30,37.35,38.5,37.04,37.5,54967
MARALOVER,2015-07-14 00:00:00+05:30,37.5,41.0,37.5,39.0,166110
MARALOVER,2015-07-15 00:00:00+05:30,39.95,39.95,37.0,38.0,102531
MARALOVER,2015-07-16 00:00:00+05:30,38.29,38.7,36.2,37.15,69331
MARALOVER,2015-07-17 00:00:00+05:30,38.0,38.35,35.35,37.5,48571
MARALOVER,2015-07-20 00:00:00+05:30,38.5,38.5,36.25,37.45,34753
MARALOVER,2015-07-21 00:00:00+05:30,37.0,38.1,34.29,34.79,137123
MARALOVER,2015-07-22 00:00:00+05:30,33.29,35.25,32.5,34.75,106216
MARALOVER,2015-07-23 00:00:00+05:30,34.5,36.54,33.15,33.85,102267
MARALOVER,2015-07-24 00:00:00+05:30,33.79,34.54,32.85,33.29,47629
MARALOVER,2015-07-27 00:00:00+05:30,33.0,33.1,31.8,32.04,29503
MARALOVER,2015-07-28 00:00:00+05:30,32.0,32.9,31.25,31.75,59403
MARALOVER,2015-07-29 00:00:00+05:30,31.5,34.9,31.5,34.9,153322
MARALOVER,2015-07-30 00:00:00+05:30,36.45,38.35,35.0,38.35,218937
MARALOVER,2015-07-31 00:00:00+05:30,41.4,41.4,36.79,37.95,141043
MARALOVER,2015-08-03 00:00:00+05:30,37.5,39.75,37.29,37.79,73793
MARALOVER,2015-08-04 00:00:00+05:30,39.45,39.5,37.1,38.95,43925
MARALOVER,2015-08-05 00:00:00+05:30,39.4,39.95,36.6,36.75,91454
MARALOVER,2015-08-06 00:00:00+05:30,37.9,37.9,35.5,36.95,23067
MARALOVER,2015-08-07 00:00:00+05:30,37.6,39.4,35.5,38.54,90116
MARALOVER,2015-08-10 00:00:00+05:30,39.0,42.4,39.0,40.6,372927
MARALOVER,2015-08-11 00:00:00+05:30,40.35,41.2,38.0,38.45,125280
MARALOVER,2015-08-12 00:00:00+05:30,38.0,38.95,35.5,35.7,71421
MARALOVER,2015-08-13 00:00:00+05:30,36.5,37.4,33.5,34.25,41459
MARALOVER,2015-08-14 00:00:00+05:30,35.0,36.5,33.9,36.2,30662
MARALOVER,2015-08-17 00:00:00+05:30,35.65,37.4,35.0,37.15,20717
MARALOVER,2015-08-18 00:00:00+05:30,37.29,37.29,35.29,35.65,56854
MARALOVER,2015-08-19 00:00:00+05:30,35.29,36.0,35.0,35.6,45611
MARALOVER,2015-08-20 00:00:00+05:30,35.15,35.5,32.4,33.35,57680
MARALOVER,2015-08-21 00:00:00+05:30,35.0,35.0,31.4,32.4,64499
MARALOVER,2015-08-24 00:00:00+05:30,32.15,32.15,29.2,29.2,64660
MARALOVER,2015-08-25 00:00:00+05:30,30.7,30.7,26.3,27.65,50601
MARALOVER,2015-08-26 00:00:00+05:30,27.0,30.0,26.95,28.6,33464
MARALOVER,2015-08-27 00:00:00+05:30,28.65,30.8,28.1,30.4,23862
MARALOVER,2015-08-28 00:00:00+05:30,30.8,31.6,29.15,29.5,27857
MARALOVER,2015-08-31 00:00:00+05:30,29.0,29.8,28.6,29.15,12598
MARALOVER,2015-09-01 00:00:00+05:30,28.5,29.0,26.6,26.9,39860
MARALOVER,2015-09-02 00:00:00+05:30,26.5,26.95,25.1,25.4,31548
MARALOVER,2015-09-03 00:00:00+05:30,25.25,25.9,23.9,25.05,87386
MARALOVER,2015-09-04 00:00:00+05:30,24.4,25.65,23.9,25.1,33041
MARALOVER,2015-09-07 00:00:00+05:30,24.25,25.8,24.0,24.1,16368
MARALOVER,2015-09-08 00:00:00+05:30,23.55,25.3,23.55,25.2,22672
MARALOVER,2015-09-09 00:00:00+05:30,26.4,26.45,25.5,26.25,18482
MARALOVER,2015-09-10 00:00:00+05:30,25.4,26.45,25.3,25.95,11131
MARALOVER,2015-09-11 00:00:00+05:30,25.4,26.7,24.85,25.0,8681
MARALOVER,2015-09-14 00:00:00+05:30,25.1,26.25,25.0,26.2,13308
MARALOVER,2015-09-15 00:00:00+05:30,27.0,27.0,25.3,26.0,2979
MARALOVER,2015-09-16 00:00:00+05:30,26.0,26.9,25.4,25.6,2501
MARALOVER,2015-09-18 00:00:00+05:30,25.2,26.85,25.15,26.85,9272
MARALOVER,2015-09-21 00:00:00+05:30,27.4,27.4,26.1,26.25,3080
MARALOVER,2015-09-22 00:00:00+05:30,26.25,26.85,25.65,26.5,10403
MARALOVER,2015-09-23 00:00:00+05:30,27.7,27.8,25.85,27.3,12227
MARALOVER,2015-09-24 00:00:00+05:30,26.3,27.8,26.3,27.15,6149
MARALOVER,2015-09-28 00:00:00+05:30,27.0,27.05,26.1,26.3,4173
MARALOVER,2015-09-29 00:00:00+05:30,25.85,26.95,25.7,26.05,11507
MARALOVER,2015-09-30 00:00:00+05:30,26.1,27.0,26.1,26.4,1939
MARALOVER,2015-10-01 00:00:00+05:30,27.0,27.35,26.3,26.35,12673
MARALOVER,2015-10-05 00:00:00+05:30,26.45,27.45,26.4,27.3,10256
MARALOVER,2015-10-06 00:00:00+05:30,27.3,27.85,27.05,27.75,10015
MARALOVER,2015-10-07 00:00:00+05:30,27.95,27.95,27.35,27.6,13390
MARALOVER,2015-10-08 00:00:00+05:30,27.05,29.0,27.0,28.35,12525
MARALOVER,2015-10-09 00:00:00+05:30,28.6,29.0,28.5,28.75,15641
MARALOVER,2015-10-12 00:00:00+05:30,28.85,28.85,27.5,27.9,6439
MARALOVER,2015-10-13 00:00:00+05:30,28.0,28.95,28.0,28.3,10341
MARALOVER,2015-10-14 00:00:00+05:30,28.5,31.1,28.2,31.1,50988
MARALOVER,2015-10-15 00:00:00+05:30,31.05,32.4,30.6,31.05,53685
MARALOVER,2015-10-16 00:00:00+05:30,31.0,31.5,30.0,30.7,8228
MARALOVER,2015-10-19 00:00:00+05:30,31.0,31.5,30.25,30.7,5000
MARALOVER,2015-10-20 00:00:00+05:30,31.0,31.0,29.0,29.3,18538
MARALOVER,2015-10-21 00:00:00+05:30,29.9,29.9,28.6,28.75,17511
MARALOVER,2015-10-23 00:00:00+05:30,29.0,29.9,28.7,29.05,11138
MARALOVER,2015-10-26 00:00:00+05:30,29.5,29.95,28.5,28.7,7252
MARALOVER,2015-10-27 00:00:00+05:30,28.5,29.95,27.65,28.85,13437
MARALOVER,2015-10-28 00:00:00+05:30,29.45,30.6,28.15,28.6,24813
MARALOVER,2015-10-29 00:00:00+05:30,28.5,29.0,28.0,28.45,24233
MARALOVER,2015-10-30 00:00:00+05:30,28.2,28.65,28.2,28.3,2111
MARALOVER,2015-11-02 00:00:00+05:30,28.0,28.3,27.15,27.4,7173
MARALOVER,2015-11-03 00:00:00+05:30,27.95,29.0,26.8,26.9,14209
MARALOVER,2015-11-04 00:00:00+05:30,27.2,27.2,26.5,26.75,9130
MARALOVER,2015-11-05 00:00:00+05:30,26.15,26.6,25.55,25.75,15691
MARALOVER,2015-11-06 00:00:00+05:30,25.95,26.65,25.5,26.4,10986
MARALOVER,2015-11-09 00:00:00+05:30,26.0,26.7,25.6,26.15,21753
MARALOVER,2015-11-10 00:00:00+05:30,26.95,27.0,25.55,25.65,6477
MARALOVER,2015-11-11 00:00:00+05:30,26.0,26.0,25.3,25.6,12079
MARALOVER,2015-11-13 00:00:00+05:30,25.4,26.5,21.0,23.1,49853
MARALOVER,2015-11-16 00:00:00+05:30,25.7,26.9,24.5,26.3,33736
MARALOVER,2015-11-17 00:00:00+05:30,26.1,30.85,26.1,28.95,206925
MARALOVER,2015-11-18 00:00:00+05:30,29.7,29.7,27.75,28.15,35042
MARALOVER,2015-11-19 00:00:00+05:30,28.8,30.3,28.5,29.75,48727
MARALOVER,2015-11-20 00:00:00+05:30,29.95,30.7,29.25,30.1,31473
MARALOVER,2015-11-23 00:00:00+05:30,30.0,32.1,29.7,31.4,52446
MARALOVER,2015-11-24 00:00:00+05:30,30.7,32.29,30.5,31.5,27538
MARALOVER,2015-11-26 00:00:00+05:30,31.9,32.95,31.25,31.8,48292
MARALOVER,2015-11-27 00:00:00+05:30,32.0,32.45,31.65,31.8,27579
MARALOVER,2015-11-30 00:00:00+05:30,32.65,32.79,31.45,32.2,33091
MARALOVER,2015-12-01 00:00:00+05:30,32.0,33.95,32.0,33.4,57233
MARALOVER,2015-12-02 00:00:00+05:30,33.7,36.7,33.0,36.15,144338
MARALOVER,2015-12-03 00:00:00+05:30,36.5,37.9,35.7,35.85,81990
MARALOVER,2015-12-04 00:00:00+05:30,37.75,37.75,34.04,34.75,37278
MARALOVER,2015-12-07 00:00:00+05:30,34.85,35.0,33.6,34.0,17526
MARALOVER,2015-12-08 00:00:00+05:30,32.25,34.35,31.6,32.15,15632
MARALOVER,2015-12-09 00:00:00+05:30,30.75,32.5,30.2,30.9,21299
MARALOVER,2015-12-10 00:00:00+05:30,30.0,32.5,29.45,31.8,7714
MARALOVER,2015-12-11 00:00:00+05:30,31.4,33.75,31.05,31.45,44937
MARALOVER,2015-12-14 00:00:00+05:30,34.95,34.95,31.2,31.55,7120
MARALOVER,2015-12-15 00:00:00+05:30,34.4,35.1,31.85,33.29,125934
MARALOVER,2015-12-16 00:00:00+05:30,35.0,35.0,32.9,33.25,20545
MARALOVER,2015-12-17 00:00:00+05:30,34.0,34.0,33.0,33.25,23358
MARALOVER,2015-12-18 00:00:00+05:30,33.5,34.75,33.29,34.0,37062
MARALOVER,2015-12-21 00:00:00+05:30,34.45,34.45,33.85,34.1,20405
MARALOVER,2015-12-22 00:00:00+05:30,34.35,36.4,34.35,35.0,96049
MARALOVER,2015-12-23 00:00:00+05:30,35.5,37.29,35.0,35.35,145830
MARALOVER,2015-12-24 00:00:00+05:30,35.5,36.1,35.5,35.7,26461
MARALOVER,2015-12-28 00:00:00+05:30,36.04,37.04,35.54,36.6,79195
MARALOVER,2015-12-29 00:00:00+05:30,37.1,37.1,35.85,36.2,35302
MARALOVER,2015-12-30 00:00:00+05:30,36.5,36.9,35.0,35.65,18763
MARALOVER,2015-12-31 00:00:00+05:30,36.79,36.79,35.0,35.25,26628
MARALOVER,2015-12-31 09:18:00+05:30,36.8,36.8,35.0,35.25,26628
MARALOVER,2016-01-01 09:52:00+05:30,35.4,37.1,35.4,36.5,42549
MARALOVER,2016-01-04 09:15:00+05:30,36.5,37.25,35.4,35.85,36980
MARALOVER,2016-01-05 09:24:00+05:30,35.8,37.0,35.8,36.8,28798
MARALOVER,2016-01-06 09:33:00+05:30,37.0,40.4,36.6,38.95,167034
MARALOVER,2016-01-07 09:15:00+05:30,38.2,38.2,35.3,35.95,102190
MARALOVER,2016-01-08 09:27:00+05:30,36.1,37.0,36.1,36.5,14029
MARALOVER,2016-01-11 09:23:00+05:30,35.9,37.5,35.5,36.3,32311
MARALOVER,2016-01-12 09:15:00+05:30,37.8,38.0,33.65,34.15,41925
MARALOVER,2016-01-13 09:19:00+05:30,34.5,35.95,31.2,33.6,93396
MARALOVER,2016-01-14 09:15:00+05:30,32.7,33.35,31.1,32.15,28071
MARALOVER,2016-01-15 09:19:00+05:30,32.15,32.95,31.3,31.6,21152
MARALOVER,2016-01-18 09:15:00+05:30,32.4,32.4,29.0,29.8,52744
MARALOVER,2016-01-19 09:21:00+05:30,30.0,33.9,29.0,31.25,34287
MARALOVER,2016-01-20 09:18:00+05:30,30.5,31.4,29.7,30.25,5916
MARALOVER,2016-01-21 09:19:00+05:30,30.35,32.0,30.35,30.85,8019
MARALOVER,2016-01-22 09:41:00+05:30,31.5,32.3,31.5,32.0,13997
MARALOVER,2016-01-25 09:15:00+05:30,33.3,33.9,32.8,33.05,20718
MARALOVER,2016-01-27 09:18:00+05:30,33.0,33.7,32.0,32.35,17403
MARALOVER,2016-01-28 09:22:00+05:30,32.1,32.75,31.65,32.25,22363
MARALOVER,2016-01-29 09:15:00+05:30,31.85,32.5,29.7,30.6,35934
MARALOVER,2016-02-01 09:18:00+05:30,31.0,31.25,30.25,30.35,4992
MARALOVER,2016-02-02 09:23:00+05:30,30.8,31.0,29.25,29.9,37490
MARALOVER,2016-02-03 09:16:00+05:30,29.0,29.25,27.8,29.0,12191
MARALOVER,2016-02-04 09:55:00+05:30,28.8,29.35,28.5,28.5,7809
MARALOVER,2016-02-05 09:33:00+05:30,28.5,31.75,28.5,29.55,18566
MARALOVER,2016-02-08 09:22:00+05:30,29.3,30.6,28.65,29.15,9158
MARALOVER,2016-02-09 09:20:00+05:30,28.8,29.45,27.6,28.0,4357
MARALOVER,2016-02-10 09:23:00+05:30,27.8,27.8,26.3,26.55,15613
MARALOVER,2016-02-11 09:18:00+05:30,27.0,27.0,23.45,24.05,27657
MARALOVER,2016-02-12 09:31:00+05:30,24.0,25.0,22.55,23.2,33802
MARALOVER,2016-02-15 09:16:00+05:30,23.2,25.9,23.2,24.6,35352
MARALOVER,2016-02-16 10:02:00+05:30,24.2,24.3,22.65,23.1,13679
MARALOVER,2016-02-17 09:28:00+05:30,23.9,24.35,22.3,24.0,54223
MARALOVER,2016-02-18 09:35:00+05:30,24.2,25.5,23.0,23.35,21376
MARALOVER,2016-02-19 11:05:00+05:30,23.85,25.2,23.6,23.8,3718
MARALOVER,2016-02-22 09:18:00+05:30,24.9,25.15,24.0,24.4,13388
MARALOVER,2016-02-23 09:19:00+05:30,24.9,24.9,22.85,23.0,35110
MARALOVER,2016-02-24 11:37:00+05:30,23.0,23.3,23.0,23.25,1342
MARALOVER,2016-02-25 09:29:00+05:30,24.0,24.0,22.25,22.55,4282
MARALOVER,2016-02-26 09:55:00+05:30,22.6,23.0,22.5,22.95,1902
MARALOVER,2016-02-29 10:23:00+05:30,23.8,23.95,22.0,23.65,7631
MARALOVER,2016-03-01 09:15:00+05:30,23.0,23.7,21.5,23.15,15335
MARALOVER,2016-03-02 09:18:00+05:30,23.95,25.0,23.65,24.75,15352
MARALOVER,2016-03-03 10:19:00+05:30,24.35,24.9,24.35,24.4,29305
MARALOVER,2016-03-04 09:24:00+05:30,24.5,25.75,24.5,25.55,8709
MARALOVER,2016-03-08 09:17:00+05:30,24.75,25.65,24.7,25.1,10873
MARALOVER,2016-03-09 09:27:00+05:30,25.0,26.65,23.6,26.15,15580
MARALOVER,2016-03-10 09:18:00+05:30,26.4,26.6,26.05,26.05,6960
MARALOVER,2016-03-11 09:52:00+05:30,26.6,26.9,25.6,26.4,7543
MARALOVER,2016-03-14 09:40:00+05:30,26.9,27.25,26.0,26.35,3523
MARALOVER,2016-03-15 09:40:00+05:30,26.1,26.7,25.55,25.85,1187
MARALOVER,2016-03-16 09:26:00+05:30,25.5,26.95,25.5,25.75,3274
MARALOVER,2016-03-17 09:27:00+05:30,25.7,26.45,25.5,25.65,2294
MARALOVER,2016-03-18 09:46:00+05:30,25.5,26.7,24.75,25.85,6359
MARALOVER,2016-03-21 10:37:00+05:30,25.3,26.0,25.1,25.25,3242
MARALOVER,2016-03-22 09:34:00+05:30,25.05,25.95,24.3,25.0,28632
MARALOVER,2016-03-23 10:39:00+05:30,24.7,25.0,24.3,24.45,4552
MARALOVER,2016-03-28 09:17:00+05:30,24.3,24.85,23.1,24.75,24768
MARALOVER,2016-03-29 10:01:00+05:30,24.5,25.9,24.3,24.85,16523
MARALOVER,2016-03-30 09:34:00+05:30,25.5,26.4,25.5,25.65,8375
MARALOVER,2016-03-31 09:32:00+05:30,25.4,26.2,24.05,24.35,13989
MARALOVER,2016-04-01 09:16:00+05:30,24.25,28.0,24.0,27.65,26791
MARALOVER,2016-04-04 09:18:00+05:30,27.15,27.5,26.5,27.1,13439
MARALOVER,2016-04-05 09:22:00+05:30,27.0,27.3,25.7,26.85,10337
MARALOVER,2016-04-06 09:30:00+05:30,26.2,27.0,26.0,26.3,4900
MARALOVER,2016-04-07 09:27:00+05:30,27.0,27.3,25.75,26.5,10753
MARALOVER,2016-04-08 09:39:00+05:30,26.45,27.0,26.15,26.45,3600
MARALOVER,2016-04-11 09:26:00+05:30,27.3,27.3,26.25,27.0,6862
MARALOVER,2016-04-12 09:21:00+05:30,27.8,27.8,26.6,27.0,2081
MARALOVER,2016-04-13 09:16:00+05:30,27.0,28.6,27.0,27.4,13258
MARALOVER,2016-04-18 09:49:00+05:30,28.0,30.0,27.0,28.2,9979
MARALOVER,2016-04-20 09:16:00+05:30,30.0,30.0,28.35,28.75,8274
MARALOVER,2016-04-21 09:15:00+05:30,28.35,30.0,28.0,28.55,13868
MARALOVER,2016-04-22 09:19:00+05:30,28.0,28.6,27.8,28.05,5241
MARALOVER,2016-04-25 09:15:00+05:30,28.3,29.25,27.95,28.65,9602
MARALOVER,2016-04-26 09:17:00+05:30,28.8,29.15,28.5,29.0,10644
MARALOVER,2016-04-27 09:31:00+05:30,28.8,30.0,28.4,29.5,3927
MARALOVER,2016-04-28 09:16:00+05:30,30.0,30.45,28.5,28.6,15667
MARALOVER,2016-04-29 09:19:00+05:30,28.0,29.5,27.3,27.75,9880
MARALOVER,2016-05-02 09:21:00+05:30,27.9,28.6,27.9,28.45,1592
MARALOVER,2016-05-03 09:15:00+05:30,28.0,28.3,27.6,27.7,9107
MARALOVER,2016-05-04 10:30:00+05:30,27.7,27.95,27.45,27.9,4875
MARALOVER,2016-05-05 09:55:00+05:30,27.85,28.15,27.1,27.4,10619
MARALOVER,2016-05-06 10:52:00+05:30,27.05,27.75,26.85,27.25,6957
MARALOVER,2016-05-09 09:50:00+05:30,27.9,28.25,27.8,28.1,15091
MARALOVER,2016-05-10 09:19:00+05:30,27.05,28.8,27.05,28.7,10659
MARALOVER,2016-05-11 09:15:00+05:30,28.7,28.9,26.9,27.75,11353
MARALOVER,2016-05-12 09:44:00+05:30,27.75,29.75,25.4,29.35,30064
MARALOVER,2016-05-13 09:23:00+05:30,29.05,29.65,28.15,28.9,10262
MARALOVER,2016-05-16 10:47:00+05:30,28.65,28.65,27.55,27.65,4377
MARALOVER,2016-05-17 09:39:00+05:30,28.25,30.7,27.5,29.2,29485
MARALOVER,2016-05-18 09:35:00+05:30,28.85,30.0,28.8,29.9,10341
MARALOVER,2016-05-19 09:15:00+05:30,29.3,30.1,27.4,28.15,14006
MARALOVER,2016-05-20 09:55:00+05:30,28.0,29.5,27.0,27.4,10584
MARALOVER,2016-05-23 10:57:00+05:30,27.35,27.7,26.1,26.5,10884
MARALOVER,2016-05-24 09:39:00+05:30,27.0,28.0,26.6,27.85,23991
MARALOVER,2016-05-25 10:56:00+05:30,28.0,28.0,26.25,27.5,35370
MARALOVER,2016-05-26 10:11:00+05:30,27.1,27.15,26.8,26.95,9104
MARALOVER,2016-05-27 09:32:00+05:30,27.05,27.8,26.9,26.95,11271
MARALOVER,2016-05-30 09:16:00+05:30,26.55,27.2,24.5,25.9,19148
MARALOVER,2016-05-31 09:33:00+05:30,26.4,26.65,24.05,25.0,17455
MARALOVER,2016-06-01 09:15:00+05:30,24.6,26.1,24.5,25.5,10323
MARALOVER,2016-06-02 09:52:00+05:30,25.9,25.9,25.2,25.5,2251
MARALOVER,2016-06-03 09:42:00+05:30,26.0,26.65,26.0,26.1,5573
MARALOVER,2016-06-06 09:34:00+05:30,26.5,26.8,24.05,25.15,16337
MARALOVER,2016-06-07 10:23:00+05:30,25.25,25.9,24.95,25.75,7136
MARALOVER,2016-06-08 09:27:00+05:30,25.35,25.8,25.3,25.5,7302
MARALOVER,2016-06-09 09:16:00+05:30,25.55,26.15,25.2,25.55,11188
MARALOVER,2016-06-10 09:19:00+05:30,25.5,26.3,24.5,25.35,52369
MARALOVER,2016-06-13 09:17:00+05:30,25.0,25.5,24.8,25.35,9162
MARALOVER,2016-06-14 09:27:00+05:30,25.3,26.8,25.3,25.85,8816
MARALOVER,2016-06-15 09:27:00+05:30,26.1,27.7,25.75,26.95,28238
MARALOVER,2016-06-16 09:56:00+05:30,27.5,27.5,25.0,25.9,12073
MARALOVER,2016-06-17 11:02:00+05:30,26.0,26.5,25.1,25.85,6707
MARALOVER,2016-06-20 09:34:00+05:30,26.5,29.2,25.8,27.75,167457
MARALOVER,2016-06-21 09:16:00+05:30,27.9,29.7,26.45,29.0,105623
MARALOVER,2016-06-22 09:15:00+05:30,29.5,30.4,28.2,28.75,111066
MARALOVER,2016-06-23 09:15:00+05:30,30.0,30.2,28.25,28.55,56019
MARALOVER,2016-06-24 09:15:00+05:30,28.0,30.95,25.8,30.35,193426
MARALOVER,2016-06-27 09:15:00+05:30,30.25,31.9,30.15,31.3,109007
MARALOVER,2016-06-28 09:19:00+05:30,31.75,32.7,29.65,31.1,75743
MARALOVER,2016-06-29 09:17:00+05:30,31.5,31.5,29.7,30.2,35218
MARALOVER,2016-06-30 09:15:00+05:30,27.75,31.5,27.75,30.85,52536
MARALOVER,2016-07-01 09:51:00+05:30,30.65,31.3,29.9,30.65,34678
MARALOVER,2016-07-04 09:15:00+05:30,31.3,31.3,30.0,30.55,33789
MARALOVER,2016-07-05 09:18:00+05:30,31.2,33.15,31.2,32.35,125231
MARALOVER,2016-07-07 09:31:00+05:30,32.5,33.95,32.5,33.7,119004
MARALOVER,2016-07-08 09:15:00+05:30,33.6,35.0,33.6,34.05,78119
MARALOVER,2016-07-11 09:15:00+05:30,34.0,36.0,34.0,35.5,85452
MARALOVER,2016-07-12 09:33:00+05:30,35.75,36.4,35.05,35.55,64678
MARALOVER,2016-07-13 09:21:00+05:30,35.0,35.8,32.8,33.55,35034
MARALOVER,2016-07-14 09:34:00+05:30,33.35,34.0,33.05,33.15,14110
MARALOVER,2016-07-15 09:35:00+05:30,33.45,33.6,32.1,32.35,23123
MARALOVER,2016-07-18 09:17:00+05:30,32.35,32.7,31.4,31.5,31159
MARALOVER,2016-07-19 09:18:00+05:30,32.2,32.5,31.05,31.25,21047
MARALOVER,2016-07-20 09:36:00+05:30,31.15,31.6,30.85,31.0,31315
MARALOVER,2016-07-21 09:23:00+05:30,31.85,31.85,30.75,31.05,28615
MARALOVER,2016-07-22 09:38:00+05:30,30.9,31.5,30.2,30.65,12695
MARALOVER,2016-07-25 09:35:00+05:30,30.7,31.0,30.0,30.3,73713
MARALOVER,2016-07-26 09:20:00+05:30,30.0,30.8,29.65,29.7,31421
MARALOVER,2016-07-27 09:23:00+05:30,30.5,30.5,28.9,29.55,41874
MARALOVER,2016-07-28 09:19:00+05:30,29.4,30.5,29.2,29.8,16886
MARALOVER,2016-07-29 09:15:00+05:30,29.8,31.25,29.25,30.85,19374
MARALOVER,2016-08-01 09:16:00+05:30,30.5,31.5,30.0,30.15,32040
MARALOVER,2016-08-02 09:15:00+05:30,30.85,32.0,29.6,29.65,16655
MARALOVER,2016-08-03 09:18:00+05:30,29.4,29.6,28.8,29.1,14226
MARALOVER,2016-08-04 09:30:00+05:30,28.7,30.7,28.25,28.5,112222
MARALOVER,2016-08-05 09:15:00+05:30,29.0,29.55,28.0,28.7,32756
MARALOVER,2016-08-08 09:15:00+05:30,28.7,29.45,28.25,28.55,28315
MARALOVER,2016-08-09 09:19:00+05:30,28.15,28.85,27.1,27.5,48630
MARALOVER,2016-08-10 09:19:00+05:30,27.15,28.0,26.65,27.25,16846
MARALOVER,2016-08-11 09:17:00+05:30,27.25,27.7,27.1,27.25,13023
MARALOVER,2016-08-12 09:32:00+05:30,27.0,27.9,25.3,26.9,14816
MARALOVER,2016-08-16 09:28:00+05:30,26.5,27.25,26.3,26.8,6681
MARALOVER,2016-08-17 09:24:00+05:30,26.55,26.95,26.3,26.55,17501
MARALOVER,2016-08-18 09:15:00+05:30,27.0,28.9,26.55,28.6,32327
MARALOVER,2016-08-19 09:20:00+05:30,28.3,30.1,28.3,29.55,38846
MARALOVER,2016-08-22 09:21:00+05:30,29.65,29.65,28.7,29.05,9191
MARALOVER,2016-08-23 09:41:00+05:30,28.7,29.3,28.55,28.75,11728
MARALOVER,2016-08-24 09:43:00+05:30,28.25,29.25,28.05,28.85,16885
MARALOVER,2016-08-25 09:15:00+05:30,28.3,29.4,28.25,28.55,20832
MARALOVER,2016-08-26 09:16:00+05:30,28.3,28.95,28.2,28.65,11821
MARALOVER,2016-08-29 09:15:00+05:30,29.35,29.45,27.45,27.75,96611
MARALOVER,2016-08-30 09:21:00+05:30,28.0,28.1,27.65,27.75,10614
MARALOVER,2016-08-31 09:44:00+05:30,28.0,28.15,27.55,27.75,14699
MARALOVER,2016-09-01 09:49:00+05:30,27.7,27.85,26.9,27.05,13313
MARALOVER,2016-09-02 09:31:00+05:30,27.1,27.6,27.0,27.1,30083
MARALOVER,2016-09-06 10:01:00+05:30,27.7,27.9,27.25,27.35,11596
MARALOVER,2016-09-07 09:33:00+05:30,27.2,27.9,27.2,27.35,17085
MARALOVER,2016-09-08 09:51:00+05:30,27.5,28.65,27.4,28.4,26214
MARALOVER,2016-09-09 09:26:00+05:30,29.2,29.2,27.7,28.15,5291
MARALOVER,2016-09-12 09:17:00+05:30,27.9,28.0,27.5,27.6,6393
MARALOVER,2016-09-14 09:50:00+05:30,27.7,27.75,27.3,27.4,8028
MARALOVER,2016-09-15 09:54:00+05:30,28.15,28.15,27.9,27.95,3198
MARALOVER,2016-09-16 09:55:00+05:30,28.5,28.65,27.75,27.8,3432
MARALOVER,2016-09-19 10:01:00+05:30,27.9,28.45,27.7,27.85,9947
MARALOVER,2016-09-20 09:36:00+05:30,27.65,28.4,27.5,27.55,17946
MARALOVER,2016-09-21 10:19:00+05:30,27.75,28.25,27.45,27.5,11152
MARALOVER,2016-09-22 09:24:00+05:30,28.1,28.2,27.5,27.65,7588
MARALOVER,2016-09-23 09:38:00+05:30,28.0,28.4,27.55,27.7,7844
MARALOVER,2016-09-26 09:21:00+05:30,27.9,28.2,27.7,28.05,15732
MARALOVER,2016-09-27 10:27:00+05:30,28.15,28.4,28.0,28.0,7395
MARALOVER,2016-09-28 10:06:00+05:30,28.0,28.4,27.45,27.95,40081
MARALOVER,2016-09-29 09:27:00+05:30,27.9,28.1,25.15,25.5,27037
MARALOVER,2016-09-30 09:25:00+05:30,25.1,26.4,25.0,25.6,24203
MARALOVER,2016-10-03 09:15:00+05:30,26.45,26.9,26.0,26.05,18326
MARALOVER,2016-10-04 09:24:00+05:30,26.5,30.8,26.5,29.65,312704
MARALOVER,2016-10-05 09:15:00+05:30,30.7,30.8,28.4,28.75,103055
MARALOVER,2016-10-06 09:15:00+05:30,28.75,29.85,28.7,29.15,36122
MARALOVER,2016-10-07 09:16:00+05:30,28.8,29.6,27.7,28.1,33200
MARALOVER,2016-10-10 09:15:00+05:30,29.2,29.85,28.25,28.6,4293
MARALOVER,2016-10-13 09:37:00+05:30,28.25,28.95,27.6,27.8,14434
MARALOVER,2016-10-14 09:33:00+05:30,28.3,28.5,27.6,28.1,15066
MARALOVER,2016-10-17 09:16:00+05:30,28.8,29.75,27.8,27.95,31882
MARALOVER,2016-10-18 09:25:00+05:30,28.2,29.2,28.15,28.8,49554
MARALOVER,2016-10-19 09:36:00+05:30,29.25,32.2,28.65,31.4,264155
MARALOVER,2016-10-20 09:15:00+05:30,33.8,34.2,31.6,33.6,209686
MARALOVER,2016-10-21 09:15:00+05:30,34.0,37.3,33.0,36.65,590776
MARALOVER,2016-10-24 09:15:00+05:30,37.7,38.9,36.35,36.9,184675
MARALOVER,2016-10-25 09:16:00+05:30,36.9,36.9,34.0,35.65,69963
MARALOVER,2016-10-26 09:27:00+05:30,35.6,36.55,34.55,35.0,37363
MARALOVER,2016-10-27 09:17:00+05:30,34.7,35.85,33.4,34.75,65801
MARALOVER,2016-10-28 09:16:00+05:30,34.95,34.95,32.4,33.55,74660
MARALOVER,2016-11-01 09:15:00+05:30,34.0,34.5,32.65,32.95,46451
MARALOVER,2016-11-02 09:19:00+05:30,32.3,32.5,30.0,31.95,33555
MARALOVER,2016-11-03 09:17:00+05:30,31.9,32.8,30.65,30.95,53834
MARALOVER,2016-11-04 09:19:00+05:30,31.25,31.65,28.8,30.2,67805
MARALOVER,2016-11-07 09:15:00+05:30,34.0,34.0,30.0,31.3,21872
MARALOVER,2016-11-08 09:23:00+05:30,31.3,32.0,31.0,31.45,11870
MARALOVER,2016-11-09 09:16:00+05:30,29.0,30.5,28.0,30.05,56985
MARALOVER,2016-11-10 09:15:00+05:30,30.0,31.9,30.0,30.9,11815
MARALOVER,2016-11-11 09:30:00+05:30,30.5,30.5,28.8,28.95,18547
MARALOVER,2016-11-15 09:15:00+05:30,28.0,29.7,26.6,26.8,23977
MARALOVER,2016-11-16 09:20:00+05:30,27.9,30.0,26.5,27.0,15127
MARALOVER,2016-11-17 09:35:00+05:30,27.4,27.4,25.8,26.0,36145
MARALOVER,2016-11-18 09:20:00+05:30,26.2,26.95,25.8,26.8,20678
MARALOVER,2016-11-21 09:15:00+05:30,27.6,27.6,26.0,26.0,8715
MARALOVER,2016-11-22 09:15:00+05:30,24.5,27.65,24.5,26.55,8947
MARALOVER,2016-11-23 09:37:00+05:30,27.25,27.25,26.1,26.65,7286
MARALOVER,2016-11-24 09:16:00+05:30,26.15,27.25,26.15,27.25,10727
MARALOVER,2016-11-25 09:26:00+05:30,27.0,28.2,27.0,27.85,6703
MARALOVER,2016-11-28 09:36:00+05:30,27.5,28.7,27.5,28.45,8087
MARALOVER,2016-11-29 09:15:00+05:30,31.9,31.9,28.0,29.65,12447
MARALOVER,2016-11-30 09:37:00+05:30,29.55,30.4,29.2,29.55,6779
MARALOVER,2016-12-01 09:18:00+05:30,30.35,30.6,29.55,29.7,11790
MARALOVER,2016-12-02 09:23:00+05:30,29.8,30.55,28.3,29.0,13617
MARALOVER,2016-12-05 09:34:00+05:30,30.0,30.0,28.3,29.1,16921
MARALOVER,2016-12-06 13:06:00+05:30,29.25,29.5,29.0,29.1,1514
MARALOVER,2016-12-07 09:46:00+05:30,29.15,29.85,28.65,28.8,8009
MARALOVER,2016-12-08 09:23:00+05:30,28.9,30.1,28.9,29.5,9738
MARALOVER,2016-12-09 09:40:00+05:30,30.0,30.5,29.6,30.15,11322
MARALOVER,2016-12-12 09:36:00+05:30,29.9,31.0,29.5,30.35,18028
MARALOVER,2016-12-13 09:36:00+05:30,30.35,30.4,29.7,30.1,2302
MARALOVER,2016-12-14 09:28:00+05:30,30.0,31.25,30.0,30.0,6364
MARALOVER,2016-12-15 09:25:00+05:30,30.9,31.4,29.1,31.0,11869
MARALOVER,2016-12-16 09:22:00+05:30,31.9,31.95,29.95,30.0,15465
MARALOVER,2016-12-19 09:31:00+05:30,31.0,31.65,30.0,30.35,775
MARALOVER,2016-12-20 09:48:00+05:30,30.85,30.85,28.6,28.85,11379
MARALOVER,2016-12-21 09:41:00+05:30,29.7,29.95,26.55,29.15,9105
MARALOVER,2016-12-22 10:36:00+05:30,28.45,28.5,27.9,28.35,23431
MARALOVER,2016-12-23 11:41:00+05:30,28.3,28.9,28.25,28.85,2294
MARALOVER,2016-12-26 10:16:00+05:30,28.7,28.7,27.5,27.95,3489
MARALOVER,2016-12-27 10:16:00+05:30,28.1,28.2,27.0,27.35,17096
MARALOVER,2016-12-28 09:26:00+05:30,27.25,28.0,27.25,27.4,13958
MARALOVER,2016-12-29 09:30:00+05:30,28.1,28.15,27.5,27.8,10086
MARALOVER,2016-12-30 09:41:00+05:30,28.35,28.8,27.8,28.55,3853
MARALOVER,2017-01-02 11:37:00+05:30,28.3,29.05,27.7,28.85,2707
MARALOVER,2017-01-03 10:13:00+05:30,28.9,30.6,28.7,30.2,17199
MARALOVER,2017-01-04 09:28:00+05:30,30.85,32.0,30.05,31.3,34883
MARALOVER,2017-01-05 09:29:00+05:30,31.5,31.6,31.05,31.05,9525
MARALOVER,2017-01-06 09:19:00+05:30,31.6,31.9,30.35,31.1,17644
MARALOVER,2017-01-09 09:23:00+05:30,31.3,35.45,30.95,33.55,239467
MARALOVER,2017-01-10 09:15:00+05:30,33.6,34.45,32.3,33.65,61261
MARALOVER,2017-01-11 09:57:00+05:30,33.65,33.9,31.35,33.35,13282
MARALOVER,2017-01-12 09:19:00+05:30,33.35,33.75,32.2,32.65,18240
MARALOVER,2017-01-13 09:22:00+05:30,33.5,33.5,31.9,32.7,22680
MARALOVER,2017-01-16 10:19:00+05:30,33.1,33.7,33.0,33.1,21682
MARALOVER,2017-01-17 09:18:00+05:30,34.0,34.5,33.2,33.3,28032
MARALOVER,2017-01-18 09:38:00+05:30,33.8,34.9,33.7,34.5,47250
MARALOVER,2017-01-19 09:16:00+05:30,34.9,35.8,34.5,35.35,72649
MARALOVER,2017-01-20 09:15:00+05:30,35.35,39.5,33.6,38.05,561512
MARALOVER,2017-01-23 09:15:00+05:30,38.25,38.25,36.5,37.4,149041
MARALOVER,2017-01-24 09:20:00+05:30,37.15,41.45,37.0,40.95,391343
MARALOVER,2017-01-25 09:15:00+05:30,41.05,41.85,38.8,39.85,210342
MARALOVER,2017-01-27 09:17:00+05:30,39.7,41.4,39.7,40.0,130925
MARALOVER,2017-01-30 09:16:00+05:30,39.8,41.0,38.0,38.55,99933
MARALOVER,2017-01-31 09:15:00+05:30,39.3,39.3,36.05,36.2,92596
MARALOVER,2017-02-01 09:15:00+05:30,36.0,37.4,35.45,36.7,26108
MARALOVER,2017-02-02 09:16:00+05:30,37.9,39.0,36.0,37.35,33732
MARALOVER,2017-02-03 09:19:00+05:30,37.2,38.6,37.15,37.8,39785
MARALOVER,2017-02-06 09:16:00+05:30,37.5,42.4,37.35,40.95,317419
MARALOVER,2017-02-07 09:16:00+05:30,41.4,41.45,39.4,39.55,79901
MARALOVER,2017-02-08 09:15:00+05:30,39.4,40.4,38.1,38.65,43524
MARALOVER,2017-02-09 09:16:00+05:30,38.3,39.55,38.25,39.4,51036
MARALOVER,2017-02-10 09:15:00+05:30,40.3,40.35,37.3,38.8,38188
MARALOVER,2017-02-13 09:17:00+05:30,38.8,41.35,38.45,40.6,67498
MARALOVER,2017-02-14 09:25:00+05:30,40.5,43.0,38.1,41.3,117685
MARALOVER,2017-02-15 09:15:00+05:30,42.0,42.6,37.95,38.45,100618
MARALOVER,2017-02-16 09:15:00+05:30,39.0,40.75,37.8,40.2,61262
MARALOVER,2017-02-17 09:18:00+05:30,40.2,40.55,39.15,39.4,29285
MARALOVER,2017-02-20 09:16:00+05:30,39.0,40.4,38.3,38.75,26417
MARALOVER,2017-02-21 09:16:00+05:30,39.05,39.8,38.4,38.75,37983
MARALOVER,2017-02-22 09:18:00+05:30,38.55,40.5,38.35,38.7,41754
MARALOVER,2017-02-23 09:15:00+05:30,38.65,39.0,37.8,38.1,16976
MARALOVER,2017-02-27 09:15:00+05:30,38.8,41.0,37.5,37.7,41957
MARALOVER,2017-02-28 09:19:00+05:30,37.7,38.3,36.6,37.25,34749
MARALOVER,2017-03-01 09:18:00+05:30,37.05,39.85,37.05,38.8,43791
MARALOVER,2017-03-02 09:17:00+05:30,39.75,39.75,37.55,37.75,24911
MARALOVER,2017-03-03 10:07:00+05:30,37.65,38.8,37.35,37.9,15679
MARALOVER,2017-03-06 09:20:00+05:30,38.0,39.5,37.7,38.15,36050
MARALOVER,2017-03-07 09:37:00+05:30,38.05,38.55,37.55,37.6,10507
MARALOVER,2017-03-08 09:19:00+05:30,37.6,37.75,36.0,36.85,44382
MARALOVER,2017-03-09 09:20:00+05:30,36.7,37.5,36.0,36.3,14504
MARALOVER,2017-03-10 09:16:00+05:30,36.9,37.5,36.1,37.2,18845
MARALOVER,2017-03-14 09:15:00+05:30,39.0,39.0,37.35,37.5,16351
MARALOVER,2017-03-15 09:17:00+05:30,37.1,38.9,37.1,37.3,123233
MARALOVER,2017-03-16 09:21:00+05:30,37.55,38.35,37.5,37.65,25288
MARALOVER,2017-03-17 09:20:00+05:30,37.7,38.25,37.35,37.6,38338
MARALOVER,2017-03-20 09:17:00+05:30,37.1,37.5,36.15,36.65,32038
MARALOVER,2017-03-21 09:17:00+05:30,36.15,36.9,35.8,36.25,20271
MARALOVER,2017-03-22 09:20:00+05:30,36.05,37.0,35.85,36.4,27111
MARALOVER,2017-03-23 09:16:00+05:30,36.1,43.65,36.1,43.6,1682295
MARALOVER,2017-03-24 09:15:00+05:30,43.7,44.9,40.2,40.5,359347
MARALOVER,2017-03-27 09:15:00+05:30,41.35,41.35,39.3,39.6,66174
MARALOVER,2017-03-28 09:16:00+05:30,39.0,42.9,38.6,41.1,75831
MARALOVER,2017-03-29 09:16:00+05:30,40.6,41.7,39.15,39.35,80005
MARALOVER,2017-03-30 09:16:00+05:30,39.95,42.3,39.2,41.05,65899
MARALOVER,2017-03-31 09:18:00+05:30,41.05,42.6,41.05,41.85,78499
MARALOVER,2017-04-03 09:15:00+05:30,41.25,47.5,41.25,45.65,367297
MARALOVER,2017-04-05 09:15:00+05:30,46.4,47.5,44.7,45.5,167786
MARALOVER,2017-04-06 09:15:00+05:30,45.5,46.15,44.15,44.45,38116
MARALOVER,2017-04-07 09:15:00+05:30,44.45,47.4,44.0,44.4,115031
MARALOVER,2017-04-10 09:15:00+05:30,44.9,46.4,44.5,45.3,65503
MARALOVER,2017-04-11 09:19:00+05:30,45.55,49.3,44.7,47.65,284245
MARALOVER,2017-04-12 09:21:00+05:30,48.25,50.9,45.2,48.85,237280
MARALOVER,2017-04-13 09:15:00+05:30,48.95,50.5,47.15,47.7,99798
MARALOVER,2017-04-17 09:16:00+05:30,47.95,49.0,47.15,47.35,42296
MARALOVER,2017-04-18 09:15:00+05:30,48.0,49.9,45.0,45.65,139083
MARALOVER,2017-04-19 09:25:00+05:30,45.5,46.95,43.7,44.85,96807
MARALOVER,2017-04-20 09:15:00+05:30,45.0,46.75,43.9,44.35,112979
MARALOVER,2017-04-21 09:16:00+05:30,44.05,46.2,44.05,45.65,84293
MARALOVER,2017-04-24 09:16:00+05:30,45.65,46.9,45.55,46.25,61463
MARALOVER,2017-04-25 09:18:00+05:30,46.8,46.9,45.05,45.65,57079
MARALOVER,2017-04-26 09:15:00+05:30,46.25,48.5,45.2,46.1,178735
MARALOVER,2017-04-27 09:15:00+05:30,46.8,49.1,46.25,47.75,210652
MARALOVER,2017-04-28 09:15:00+05:30,46.0,46.0,44.05,44.35,142354
MARALOVER,2017-05-02 09:15:00+05:30,44.7,45.05,43.0,43.75,85865
MARALOVER,2017-05-03 09:19:00+05:30,42.7,45.9,42.7,45.6,87193
MARALOVER,2017-05-04 09:15:00+05:30,44.65,46.45,44.65,45.85,59596
MARALOVER,2017-05-05 09:20:00+05:30,46.0,46.0,43.7,44.05,45633
MARALOVER,2017-05-08 09:15:00+05:30,46.7,46.7,42.5,44.65,108760
MARALOVER,2017-05-09 09:16:00+05:30,45.5,46.6,44.05,46.2,94660
MARALOVER,2017-05-10 09:19:00+05:30,46.0,47.15,46.0,46.25,61794
MARALOVER,2017-05-11 09:36:00+05:30,46.8,48.85,46.8,48.55,149009
MARALOVER,2017-05-12 09:16:00+05:30,48.45,50.2,47.9,49.1,117021
MARALOVER,2017-05-15 09:16:00+05:30,50.0,51.6,49.1,51.05,230608
MARALOVER,2017-05-16 09:15:00+05:30,51.5,53.5,50.6,51.25,145018
MARALOVER,2017-05-17 09:15:00+05:30,51.9,52.3,49.15,49.75,78032
MARALOVER,2017-05-18 09:15:00+05:30,49.25,50.2,48.4,49.4,75510
MARALOVER,2017-05-19 09:16:00+05:30,49.0,50.2,45.55,46.85,73636
MARALOVER,2017-05-22 09:20:00+05:30,47.5,47.6,44.3,44.75,35463
MARALOVER,2017-05-23 09:17:00+05:30,44.1,44.75,41.5,43.95,89493
MARALOVER,2017-05-24 09:19:00+05:30,44.0,44.15,41.55,42.55,45597
MARALOVER,2017-05-25 09:37:00+05:30,42.95,45.3,42.95,43.5,35746
MARALOVER,2017-05-26 09:21:00+05:30,43.35,47.5,43.35,46.4,82611
MARALOVER,2017-05-29 09:15:00+05:30,46.95,48.95,44.6,46.05,53491
MARALOVER,2017-05-30 09:30:00+05:30,46.0,46.0,44.8,45.1,17081
MARALOVER,2017-05-31 09:26:00+05:30,45.25,46.0,44.1,45.1,24365
MARALOVER,2017-06-01 09:15:00+05:30,44.6,45.5,44.1,44.25,49790
MARALOVER,2017-06-02 09:15:00+05:30,45.0,46.05,44.2,44.5,19555
MARALOVER,2017-06-05 09:15:00+05:30,45.0,46.0,44.25,44.45,26345
MARALOVER,2017-06-06 09:15:00+05:30,45.55,45.55,43.1,44.0,7592
MARALOVER,2017-06-07 09:15:00+05:30,44.0,44.75,44.0,44.25,9558
MARALOVER,2017-06-08 09:40:00+05:30,44.05,44.95,44.05,44.45,13802
MARALOVER,2017-06-09 09:21:00+05:30,44.95,45.0,43.6,44.05,12527
MARALOVER,2017-06-12 09:15:00+05:30,43.9,44.5,43.25,43.5,14729
MARALOVER,2017-06-13 09:27:00+05:30,44.3,44.3,43.45,43.55,20658
MARALOVER,2017-06-14 09:27:00+05:30,43.1,44.7,43.0,44.45,20127
MARALOVER,2017-06-15 09:16:00+05:30,44.5,46.7,44.0,46.2,64466
MARALOVER,2017-06-16 09:26:00+05:30,45.95,47.75,45.75,46.65,48688
MARALOVER,2017-06-19 09:15:00+05:30,46.8,48.2,45.0,45.3,21826
MARALOVER,2017-06-20 09:25:00+05:30,45.0,47.25,44.8,46.5,47230
MARALOVER,2017-06-21 09:19:00+05:30,48.0,48.0,45.4,46.2,22572
MARALOVER,2017-06-22 09:21:00+05:30,46.75,46.95,44.7,45.0,24079
MARALOVER,2017-06-23 09:39:00+05:30,44.8,45.0,43.8,44.35,20380
MARALOVER,2017-06-27 09:32:00+05:30,43.6,44.05,42.55,42.8,20573
MARALOVER,2017-06-28 09:34:00+05:30,43.45,44.0,42.3,43.9,29148
MARALOVER,2017-06-29 09:47:00+05:30,43.55,44.5,43.3,43.6,8756
MARALOVER,2017-06-30 09:24:00+05:30,43.95,44.0,43.2,43.65,8081
MARALOVER,2017-07-03 09:24:00+05:30,43.5,45.0,43.0,44.05,20831
MARALOVER,2017-07-04 09:41:00+05:30,44.3,44.8,43.55,44.2,20073
MARALOVER,2017-07-05 09:21:00+05:30,44.95,45.0,44.0,44.65,23128
MARALOVER,2017-07-06 09:29:00+05:30,44.5,45.25,44.5,44.85,18028
MARALOVER,2017-07-07 09:32:00+05:30,45.35,46.9,45.15,45.6,41077
MARALOVER,2017-07-10 13:00:00+05:30,45.0,45.6,44.45,44.95,2818
MARALOVER,2017-07-11 09:47:00+05:30,45.7,45.9,44.65,45.0,21718
MARALOVER,2017-07-12 10:04:00+05:30,44.85,45.5,44.45,44.9,8682
MARALOVER,2017-07-13 09:15:00+05:30,44.9,46.15,44.25,45.55,38724
MARALOVER,2017-07-14 09:23:00+05:30,45.95,45.95,44.3,44.35,11486
MARALOVER,2017-07-17 09:42:00+05:30,44.1,44.65,44.0,44.45,18163
MARALOVER,2017-07-18 09:16:00+05:30,43.25,45.0,43.25,43.9,9347
MARALOVER,2017-07-19 09:35:00+05:30,44.9,44.9,43.0,43.65,18308
MARALOVER,2017-07-20 09:32:00+05:30,43.85,44.0,42.3,42.45,27330
MARALOVER,2017-07-21 09:16:00+05:30,43.0,44.65,41.5,42.0,39569
MARALOVER,2017-07-24 09:20:00+05:30,42.95,43.45,41.5,41.95,47125
MARALOVER,2017-07-25 09:15:00+05:30,41.0,42.65,41.0,41.6,31592
MARALOVER,2017-07-26 09:17:00+05:30,42.35,45.0,41.25,43.2,80655
MARALOVER,2017-07-27 09:24:00+05:30,43.85,43.85,41.7,41.95,14986
MARALOVER,2017-07-28 09:30:00+05:30,41.5,44.0,40.9,42.95,34797
MARALOVER,2017-07-31 09:46:00+05:30,43.6,44.6,42.3,42.35,18993
MARALOVER,2017-08-01 09:18:00+05:30,42.35,43.45,41.1,41.65,19924
MARALOVER,2017-08-02 09:19:00+05:30,42.5,42.6,39.65,40.0,45002
MARALOVER,2017-08-03 09:16:00+05:30,40.0,40.6,39.0,39.15,15554
MARALOVER,2017-08-04 09:23:00+05:30,39.15,40.05,38.2,39.15,23782
MARALOVER,2017-08-07 09:18:00+05:30,39.0,40.5,38.5,40.35,9973
MARALOVER,2017-08-08 09:19:00+05:30,41.35,41.35,39.35,39.85,17501
MARALOVER,2017-08-09 09:16:00+05:30,39.85,41.05,33.35,34.65,81896
MARALOVER,2017-08-10 09:15:00+05:30,36.15,36.25,33.5,33.75,30535
MARALOVER,2017-08-11 09:18:00+05:30,33.5,34.35,32.4,33.05,9289
MARALOVER,2017-08-14 09:21:00+05:30,35.2,35.2,32.9,33.2,15870
MARALOVER,2017-08-16 09:17:00+05:30,34.45,34.55,32.4,33.85,23170
MARALOVER,2017-08-17 09:20:00+05:30,34.25,35.75,33.1,33.9,11595
MARALOVER,2017-08-18 09:40:00+05:30,33.8,34.2,33.3,33.55,4760
MARALOVER,2017-08-21 09:16:00+05:30,32.65,34.35,32.65,33.35,13999
MARALOVER,2017-08-22 09:31:00+05:30,33.45,33.9,32.5,32.65,5312
MARALOVER,2017-08-23 09:15:00+05:30,32.1,33.6,32.1,33.45,6382
MARALOVER,2017-08-24 09:19:00+05:30,34.4,34.55,32.75,33.85,7717
MARALOVER,2017-08-28 09:39:00+05:30,34.2,36.6,32.2,35.25,27743
MARALOVER,2017-08-29 09:18:00+05:30,34.65,38.4,34.65,35.65,7255
MARALOVER,2017-08-30 09:20:00+05:30,36.0,37.35,35.75,36.3,12667
MARALOVER,2017-08-31 09:24:00+05:30,36.85,36.85,35.35,36.4,6681
MARALOVER,2017-09-01 09:23:00+05:30,36.4,37.65,36.4,36.7,14950
MARALOVER,2017-09-04 09:44:00+05:30,36.5,37.9,35.65,37.1,11436
MARALOVER,2017-09-05 09:22:00+05:30,36.5,37.85,35.3,37.55,13862
MARALOVER,2017-09-06 09:46:00+05:30,37.8,39.8,37.35,37.95,17882
MARALOVER,2017-09-07 09:26:00+05:30,37.6,39.55,37.6,39.4,24973
MARALOVER,2017-09-08 09:24:00+05:30,39.0,39.05,37.6,38.45,34868
MARALOVER,2017-09-11 09:25:00+05:30,38.35,39.05,38.3,38.45,13434
MARALOVER,2017-09-12 09:16:00+05:30,39.9,39.9,38.05,38.5,35909
MARALOVER,2017-09-13 09:28:00+05:30,38.2,38.4,37.0,37.4,5123
MARALOVER,2017-09-14 09:45:00+05:30,37.5,37.6,36.75,37.5,5528
MARALOVER,2017-09-15 09:24:00+05:30,38.6,38.6,36.5,37.15,18154
MARALOVER,2017-09-18 09:17:00+05:30,36.95,38.3,35.5,36.95,17068
MARALOVER,2017-09-19 09:49:00+05:30,36.85,37.75,36.85,37.2,4596
MARALOVER,2017-09-20 09:16:00+05:30,38.0,42.35,36.8,40.05,128606
MARALOVER,2017-09-21 09:17:00+05:30,41.15,41.4,38.3,38.65,11196
MARALOVER,2017-09-22 09:29:00+05:30,38.0,38.0,36.65,37.2,19799
MARALOVER,2017-09-25 09:20:00+05:30,37.3,37.8,35.25,36.7,28211
MARALOVER,2017-09-26 09:20:00+05:30,38.05,38.05,36.2,37.75,21719
MARALOVER,2017-09-27 09:56:00+05:30,38.0,38.0,35.8,36.8,8864
MARALOVER,2017-09-28 09:27:00+05:30,36.05,36.85,34.5,36.05,27678
MARALOVER,2017-09-29 09:31:00+05:30,36.9,37.85,36.4,37.2,3674
MARALOVER,2017-10-03 10:28:00+05:30,37.8,37.85,35.4,35.55,21157
MARALOVER,2017-10-04 09:24:00+05:30,35.9,37.0,35.4,35.75,6844
MARALOVER,2017-10-05 09:47:00+05:30,35.9,38.35,35.9,37.45,10344
MARALOVER,2017-10-06 09:20:00+05:30,37.0,38.65,36.4,37.8,10830
MARALOVER,2017-10-09 10:21:00+05:30,38.8,39.5,38.3,38.85,21051
MARALOVER,2017-10-10 09:20:00+05:30,39.5,39.5,37.9,38.15,17479
MARALOVER,2017-10-11 09:33:00+05:30,39.2,43.75,36.75,41.8,225538
MARALOVER,2017-10-12 09:15:00+05:30,43.9,47.95,42.5,45.15,335741
MARALOVER,2017-10-13 09:15:00+05:30,46.0,46.9,42.9,43.25,57371
MARALOVER,2017-10-16 09:18:00+05:30,43.0,44.4,40.25,41.5,57968
MARALOVER,2017-10-17 09:18:00+05:30,41.05,42.7,40.85,41.1,20124
MARALOVER,2017-10-18 09:27:00+05:30,41.5,42.5,40.6,41.25,23371
MARALOVER,2017-10-23 09:15:00+05:30,44.5,44.5,41.9,42.9,12688
MARALOVER,2017-10-24 09:21:00+05:30,42.9,44.5,42.75,43.9,39114
MARALOVER,2017-10-25 09:15:00+05:30,44.95,44.95,42.95,43.1,33218
MARALOVER,2017-10-26 09:15:00+05:30,44.0,48.25,43.1,47.8,194353
MARALOVER,2017-10-27 09:20:00+05:30,47.65,49.95,47.1,47.7,92425
MARALOVER,2017-10-30 09:21:00+05:30,47.7,48.45,45.3,46.75,44511
MARALOVER,2017-10-31 09:21:00+05:30,47.55,47.55,45.6,45.8,19217
MARALOVER,2017-11-01 09:15:00+05:30,46.2,47.7,44.95,45.3,60235
MARALOVER,2017-11-02 09:15:00+05:30,44.0,44.0,41.25,41.8,107431
MARALOVER,2017-11-03 09:16:00+05:30,43.0,43.0,41.85,42.45,37279
MARALOVER,2017-11-06 09:29:00+05:30,43.0,43.25,42.2,42.75,28912
MARALOVER,2017-11-07 09:15:00+05:30,43.0,43.0,39.7,40.55,30269
MARALOVER,2017-11-08 09:19:00+05:30,42.15,42.15,40.2,40.5,19137
MARALOVER,2017-11-09 09:18:00+05:30,40.35,41.2,39.4,39.9,15874
MARALOVER,2017-11-10 09:18:00+05:30,39.55,41.0,39.55,40.0,20558
MARALOVER,2017-11-13 09:44:00+05:30,40.0,40.0,39.25,39.5,6577
MARALOVER,2017-11-14 09:22:00+05:30,38.95,39.7,38.05,39.35,10351
MARALOVER,2017-11-15 09:15:00+05:30,38.9,40.8,38.05,39.75,12677
MARALOVER,2017-11-16 09:22:00+05:30,39.15,40.6,37.5,39.0,22045
MARALOVER,2017-11-17 09:18:00+05:30,38.55,41.2,38.55,40.6,39802
MARALOVER,2017-11-20 09:16:00+05:30,42.0,42.9,39.8,40.25,28428
MARALOVER,2017-11-21 09:18:00+05:30,40.65,42.0,40.65,41.7,12495
MARALOVER,2017-11-22 09:21:00+05:30,41.55,41.95,40.65,41.2,11643
MARALOVER,2017-11-23 09:40:00+05:30,41.8,43.85,41.75,42.1,65057
MARALOVER,2017-11-24 09:26:00+05:30,42.15,42.55,41.55,41.6,18142
MARALOVER,2017-11-27 09:15:00+05:30,43.85,43.85,40.35,42.4,34088
MARALOVER,2017-11-28 09:33:00+05:30,42.3,43.0,41.6,42.15,14506
MARALOVER,2017-11-29 09:40:00+05:30,41.9,41.9,39.5,39.95,60351
MARALOVER,2017-11-30 09:19:00+05:30,40.9,40.9,39.25,40.55,16434
MARALOVER,2017-12-01 09:35:00+05:30,40.2,41.8,40.05,40.2,28320
MARALOVER,2017-12-04 09:23:00+05:30,40.15,41.8,40.0,40.55,29769
MARALOVER,2017-12-05 09:26:00+05:30,41.7,41.7,39.85,40.2,21161
MARALOVER,2017-12-06 09:15:00+05:30,40.95,41.4,40.1,40.4,24666
MARALOVER,2017-12-07 09:24:00+05:30,40.45,41.25,40.1,40.65,25409
MARALOVER,2017-12-08 09:34:00+05:30,40.9,41.2,40.1,40.5,12414
MARALOVER,2017-12-11 09:17:00+05:30,40.7,41.8,40.35,41.2,21661
MARALOVER,2017-12-12 09:48:00+05:30,41.05,44.2,41.05,41.5,50740
MARALOVER,2017-12-13 09:19:00+05:30,42.0,43.0,41.15,41.6,35356
MARALOVER,2017-12-14 10:14:00+05:30,41.55,41.55,40.0,40.6,13212
MARALOVER,2017-12-15 09:24:00+05:30,40.85,41.7,40.5,41.1,6925
MARALOVER,2017-12-18 09:15:00+05:30,42.2,42.9,41.1,41.9,54371
MARALOVER,2017-12-19 09:36:00+05:30,42.5,44.75,42.3,43.35,63676
MARALOVER,2017-12-20 09:16:00+05:30,42.6,44.4,42.6,44.05,40691
MARALOVER,2017-12-21 09:19:00+05:30,44.8,45.0,43.5,43.55,30806
MARALOVER,2017-12-22 09:15:00+05:30,43.5,47.9,43.45,46.85,278169
MARALOVER,2017-12-26 09:15:00+05:30,47.5,49.25,46.4,47.5,86283
MARALOVER,2017-12-27 09:20:00+05:30,47.45,56.0,47.15,53.1,1096853
MARALOVER,2017-12-28 09:15:00+05:30,53.5,54.6,51.65,53.95,256726
MARALOVER,2017-12-29 09:15:00+05:30,54.2,61.4,52.55,60.2,920654
MARALOVER,2018-01-01 09:15:00+05:30,60.15,60.8,56.35,57.1,262752
MARALOVER,2018-01-02 09:15:00+05:30,57.2,58.05,53.0,54.0,148213
MARALOVER,2018-01-03 09:15:00+05:30,55.1,56.4,53.3,55.15,154723
MARALOVER,2018-01-04 09:16:00+05:30,55.9,57.0,53.65,54.05,80534
MARALOVER,2018-01-05 09:15:00+05:30,54.95,55.4,52.2,52.45,61867
MARALOVER,2018-01-08 09:15:00+05:30,53.0,55.0,51.5,53.1,77097
MARALOVER,2018-01-09 09:15:00+05:30,53.2,54.0,51.2,52.55,52148
MARALOVER,2018-01-10 09:21:00+05:30,53.0,53.0,51.1,51.35,73580
MARALOVER,2018-01-11 09:18:00+05:30,52.0,52.7,50.5,51.0,104451
MARALOVER,2018-01-12 09:17:00+05:30,51.9,54.4,51.1,52.05,101852
MARALOVER,2018-01-15 09:19:00+05:30,52.8,53.6,51.7,52.35,57498
MARALOVER,2018-01-16 09:16:00+05:30,52.5,52.5,49.0,49.75,83797
MARALOVER,2018-01-17 09:15:00+05:30,49.5,49.9,47.6,48.95,51205
MARALOVER,2018-01-18 09:16:00+05:30,50.0,50.55,46.15,46.6,68200
MARALOVER,2018-01-19 09:20:00+05:30,46.2,47.55,44.6,44.95,51176
MARALOVER,2018-01-22 09:15:00+05:30,44.95,45.65,42.8,43.4,72519
MARALOVER,2018-01-23 09:17:00+05:30,44.0,44.6,42.5,42.75,44089
MARALOVER,2018-01-24 09:23:00+05:30,42.6,44.85,41.95,43.75,57465
MARALOVER,2018-01-25 09:18:00+05:30,42.25,43.85,42.2,42.95,22613
MARALOVER,2018-01-29 09:32:00+05:30,43.95,43.95,40.5,41.25,39121
MARALOVER,2018-01-30 09:16:00+05:30,40.35,43.05,40.35,41.2,40615
MARALOVER,2018-01-31 09:25:00+05:30,40.6,42.4,40.15,40.6,24568
MARALOVER,2018-02-01 09:41:00+05:30,41.25,41.9,39.9,40.0,39596
MARALOVER,2018-02-02 09:15:00+05:30,39.8,39.95,36.25,38.05,21152
MARALOVER,2018-02-05 09:19:00+05:30,38.95,38.95,36.35,37.95,37584
MARALOVER,2018-02-06 09:15:00+05:30,37.0,37.3,34.2,36.8,44733
MARALOVER,2018-02-07 09:16:00+05:30,37.0,41.2,37.0,39.15,25937
MARALOVER,2018-02-08 09:17:00+05:30,40.4,41.85,38.05,40.35,62839
MARALOVER,2018-02-09 09:19:00+05:30,39.9,42.4,39.0,40.9,46050
MARALOVER,2018-02-12 09:15:00+05:30,40.0,43.5,40.0,41.75,30843
MARALOVER,2018-02-14 09:26:00+05:30,42.25,43.0,40.3,40.65,28353
MARALOVER,2018-02-15 09:16:00+05:30,41.8,41.8,39.55,40.0,12053
MARALOVER,2018-02-16 09:17:00+05:30,41.4,41.4,37.65,38.5,15499
MARALOVER,2018-02-19 09:29:00+05:30,39.85,39.85,36.6,37.25,16633
MARALOVER,2018-02-20 09:24:00+05:30,37.55,38.45,37.1,37.65,9260
MARALOVER,2018-02-21 09:34:00+05:30,38.65,38.75,36.6,36.95,18066
MARALOVER,2018-02-22 09:16:00+05:30,36.75,37.4,35.3,36.05,36006
MARALOVER,2018-02-23 09:16:00+05:30,36.9,37.9,35.2,37.35,66971
MARALOVER,2018-02-26 09:23:00+05:30,37.3,38.6,37.1,37.5,15913
MARALOVER,2018-02-27 10:04:00+05:30,37.55,37.9,37.1,37.45,4376
MARALOVER,2018-02-28 09:15:00+05:30,37.5,37.65,36.15,37.5,6932
MARALOVER,2018-03-01 09:24:00+05:30,38.0,40.9,37.1,37.2,8446
MARALOVER,2018-03-05 09:15:00+05:30,37.2,37.2,36.1,36.4,22973
MARALOVER,2018-03-06 09:52:00+05:30,37.35,37.4,35.3,36.15,12198
MARALOVER,2018-03-07 09:17:00+05:30,36.75,36.8,31.4,33.3,47745
MARALOVER,2018-03-08 09:15:00+05:30,34.7,34.7,31.3,32.3,42150
MARALOVER,2018-03-09 09:19:00+05:30,33.85,33.85,30.65,30.9,22237
MARALOVER,2018-03-12 09:15:00+05:30,33.2,33.2,31.3,31.85,47186
MARALOVER,2018-03-13 09:18:00+05:30,32.65,34.25,31.55,33.65,32339
MARALOVER,2018-03-14 09:20:00+05:30,34.5,34.5,33.55,34.35,7272
MARALOVER,2018-03-15 09:25:00+05:30,34.0,36.25,33.6,35.65,45098
MARALOVER,2018-03-16 09:18:00+05:30,35.2,37.85,33.3,36.3,216080
MARALOVER,2018-03-19 09:15:00+05:30,38.45,38.45,33.35,33.75,92788
MARALOVER,2018-03-20 09:17:00+05:30,33.0,34.5,32.85,33.6,77070
MARALOVER,2018-03-21 09:18:00+05:30,33.5,34.2,32.65,32.75,36430
MARALOVER,2018-03-22 09:18:00+05:30,32.55,33.25,30.8,31.15,26891
MARALOVER,2018-03-23 09:15:00+05:30,31.4,32.8,30.65,31.35,28833
MARALOVER,2018-03-26 09:15:00+05:30,31.0,32.15,30.5,31.2,66986
MARALOVER,2018-03-27 09:20:00+05:30,31.9,33.0,30.55,31.75,21036
MARALOVER,2018-03-28 09:34:00+05:30,31.4,31.95,30.0,30.55,41205
MARALOVER,2018-04-02 09:17:00+05:30,31.9,33.95,31.0,33.55,35715
MARALOVER,2018-04-03 09:33:00+05:30,33.6,34.85,33.55,34.5,21114
MARALOVER,2018-04-04 09:15:00+05:30,35.4,35.9,33.8,34.75,41014
MARALOVER,2018-04-05 09:17:00+05:30,35.95,36.4,35.05,35.45,21514
MARALOVER,2018-04-06 10:07:00+05:30,35.1,37.4,35.1,36.6,40040
MARALOVER,2018-04-09 09:15:00+05:30,36.35,37.6,36.0,36.7,25523
MARALOVER,2018-04-10 09:30:00+05:30,36.95,37.0,36.4,36.45,11398
MARALOVER,2018-04-11 09:38:00+05:30,36.75,37.4,36.1,36.75,20860
MARALOVER,2018-04-12 09:21:00+05:30,36.5,36.85,35.6,35.95,9216
MARALOVER,2018-04-13 09:18:00+05:30,36.8,36.8,34.45,35.35,8600
MARALOVER,2018-04-16 09:16:00+05:30,37.5,37.5,34.5,35.8,4890
MARALOVER,2018-04-17 09:19:00+05:30,36.4,36.4,34.75,35.65,9761
MARALOVER,2018-04-18 09:25:00+05:30,35.25,37.3,35.2,35.55,14453
MARALOVER,2018-04-19 09:16:00+05:30,35.5,36.1,35.45,35.85,3508
MARALOVER,2018-04-20 09:36:00+05:30,35.55,36.0,35.1,35.25,3437
MARALOVER,2018-04-23 09:20:00+05:30,35.25,37.9,34.6,35.0,16403
MARALOVER,2018-04-24 09:28:00+05:30,35.6,35.75,34.2,34.6,8055
MARALOVER,2018-04-25 09:19:00+05:30,34.0,36.4,34.0,34.65,3169
MARALOVER,2018-04-26 09:15:00+05:30,35.9,35.9,34.0,34.75,10853
MARALOVER,2018-04-27 09:31:00+05:30,34.65,34.65,34.1,34.15,4842
MARALOVER,2018-04-30 10:44:00+05:30,34.7,35.5,34.2,35.0,7373
MARALOVER,2018-05-02 09:52:00+05:30,34.5,35.0,34.2,34.3,16146
MARALOVER,2018-05-03 09:53:00+05:30,34.2,34.7,34.1,34.15,1779
MARALOVER,2018-05-04 09:19:00+05:30,33.9,35.6,33.45,33.55,5208
MARALOVER,2018-05-07 09:24:00+05:30,35.4,35.4,33.6,34.5,3048
MARALOVER,2018-05-08 09:17:00+05:30,34.8,34.95,33.55,33.85,15302
MARALOVER,2018-05-09 10:18:00+05:30,34.6,34.65,33.6,33.9,2126
MARALOVER,2018-05-10 09:28:00+05:30,34.5,34.5,32.0,32.6,12287
MARALOVER,2018-05-11 09:18:00+05:30,32.8,33.15,32.25,32.4,7360
MARALOVER,2018-05-14 09:18:00+05:30,34.7,34.7,32.15,32.35,4126
MARALOVER,2018-05-15 09:19:00+05:30,31.75,33.65,31.25,31.65,11964
MARALOVER,2018-05-16 09:38:00+05:30,31.35,32.5,30.8,31.5,14005
MARALOVER,2018-05-17 09:23:00+05:30,32.5,32.5,30.0,30.95,12839
MARALOVER,2018-05-18 09:47:00+05:30,31.0,31.85,30.15,30.15,2073
MARALOVER,2018-05-21 09:20:00+05:30,31.1,31.1,28.15,29.15,21242
MARALOVER,2018-05-22 09:21:00+05:30,29.0,30.5,27.35,29.3,48477
MARALOVER,2018-05-23 09:16:00+05:30,29.45,31.5,29.15,29.75,7723
MARALOVER,2018-05-24 09:50:00+05:30,29.75,30.7,28.9,29.1,10043
MARALOVER,2018-05-25 09:34:00+05:30,29.3,30.2,29.3,29.8,4474
MARALOVER,2018-05-28 09:25:00+05:30,29.8,30.8,29.4,30.3,10884
MARALOVER,2018-05-29 09:28:00+05:30,30.95,31.35,30.2,30.5,13362
MARALOVER,2018-05-30 09:17:00+05:30,30.0,32.75,29.9,31.9,16153
MARALOVER,2018-05-31 09:33:00+05:30,32.05,33.0,31.05,31.65,26715
MARALOVER,2018-06-01 10:27:00+05:30,31.0,31.0,29.2,29.9,5454
MARALOVER,2018-06-04 09:25:00+05:30,29.2,29.65,28.2,28.45,15139
MARALOVER,2018-06-05 09:24:00+05:30,28.3,28.45,27.35,28.0,14862
MARALOVER,2018-06-06 09:37:00+05:30,28.9,29.0,28.15,28.9,6020
MARALOVER,2018-06-07 09:35:00+05:30,29.35,30.35,28.1,30.05,11124
MARALOVER,2018-06-08 09:33:00+05:30,29.65,30.1,29.35,29.95,3715
MARALOVER,2018-06-11 09:29:00+05:30,29.85,31.1,29.4,30.65,15243
MARALOVER,2018-06-12 09:28:00+05:30,30.3,32.35,30.3,31.65,27530
MARALOVER,2018-06-13 09:25:00+05:30,32.4,33.0,31.75,31.95,5443
MARALOVER,2018-06-14 09:20:00+05:30,31.0,32.3,30.2,31.6,4010
MARALOVER,2018-06-15 11:45:00+05:30,31.4,31.4,30.8,31.1,9681
MARALOVER,2018-06-18 09:34:00+05:30,30.95,31.2,30.4,30.95,6952
MARALOVER,2018-06-19 09:18:00+05:30,30.45,30.45,29.2,29.4,3515
MARALOVER,2018-06-20 09:26:00+05:30,29.8,29.8,29.2,29.6,9860
MARALOVER,2018-06-21 09:59:00+05:30,29.15,29.6,28.1,28.7,10758
MARALOVER,2018-06-22 09:40:00+05:30,28.5,29.4,28.45,29.15,9557
MARALOVER,2018-06-25 09:21:00+05:30,29.8,29.8,28.3,28.75,6248
MARALOVER,2018-06-26 10:15:00+05:30,28.45,28.45,27.5,28.0,11086
MARALOVER,2018-06-27 09:38:00+05:30,28.05,28.3,26.6,26.9,9840
MARALOVER,2018-06-28 09:50:00+05:30,27.25,27.3,26.0,26.2,5643
MARALOVER,2018-06-29 09:38:00+05:30,26.6,28.25,25.95,27.6,6544
MARALOVER,2018-07-02 10:01:00+05:30,27.0,28.35,26.65,28.35,5297
MARALOVER,2018-07-03 09:16:00+05:30,28.0,30.0,27.0,29.55,21068
MARALOVER,2018-07-04 09:25:00+05:30,29.45,30.0,28.7,29.3,6128
MARALOVER,2018-07-05 11:01:00+05:30,29.7,29.7,28.45,28.9,1862
MARALOVER,2018-07-06 09:45:00+05:30,28.6,28.95,28.0,28.4,9243
MARALOVER,2018-07-09 09:34:00+05:30,28.25,29.6,28.25,28.8,10595
MARALOVER,2018-07-10 10:41:00+05:30,28.75,30.3,28.4,29.95,13910
MARALOVER,2018-07-11 09:17:00+05:30,31.35,31.35,29.35,29.55,12273
MARALOVER,2018-07-12 09:52:00+05:30,29.7,30.0,29.2,29.4,4203
MARALOVER,2018-07-13 10:05:00+05:30,29.3,29.3,28.25,28.45,3093
MARALOVER,2018-07-16 09:57:00+05:30,28.35,28.85,27.6,28.05,2479
MARALOVER,2018-07-17 09:15:00+05:30,28.45,28.5,27.75,28.0,3780
MARALOVER,2018-07-18 10:06:00+05:30,28.25,29.0,27.2,27.6,7434
MARALOVER,2018-07-19 09:34:00+05:30,27.05,27.65,26.15,26.4,6871
MARALOVER,2018-07-20 09:50:00+05:30,26.25,26.45,25.55,26.0,3106
MARALOVER,2018-07-23 10:04:00+05:30,25.55,26.5,25.1,25.8,32515
MARALOVER,2018-07-24 09:23:00+05:30,26.5,27.7,26.1,27.2,33512
MARALOVER,2018-07-25 09:43:00+05:30,27.55,27.55,26.65,26.9,2179
MARALOVER,2018-07-26 11:03:00+05:30,27.7,27.7,26.85,27.0,4485
MARALOVER,2018-07-27 09:31:00+05:30,27.3,27.9,27.1,27.7,6295
MARALOVER,2018-07-30 09:25:00+05:30,27.5,29.4,27.5,28.85,14625
MARALOVER,2018-07-31 09:37:00+05:30,29.45,29.7,28.0,28.2,6004
MARALOVER,2018-08-01 09:17:00+05:30,29.5,30.7,28.35,29.2,6935
MARALOVER,2018-08-02 09:51:00+05:30,29.5,29.5,28.2,28.25,6982
MARALOVER,2018-08-03 09:52:00+05:30,29.2,32.7,29.05,31.4,64469
MARALOVER,2018-08-06 09:15:00+05:30,32.0,35.0,32.0,33.1,87638
MARALOVER,2018-08-07 09:21:00+05:30,33.2,34.0,32.4,32.9,36165
MARALOVER,2018-08-08 09:18:00+05:30,34.2,34.2,31.9,32.45,11222
MARALOVER,2018-08-09 09:47:00+05:30,32.05,32.2,31.6,31.8,2685
MARALOVER,2018-08-10 09:22:00+05:30,33.2,33.2,30.6,30.8,19456
MARALOVER,2018-08-13 09:27:00+05:30,30.2,31.0,28.4,29.9,18842
MARALOVER,2018-08-14 09:22:00+05:30,29.3,31.95,29.25,30.0,7358
MARALOVER,2018-08-16 09:19:00+05:30,29.5,30.5,29.35,29.4,6123
MARALOVER,2018-08-17 10:05:00+05:30,29.35,30.25,28.9,29.25,24125
MARALOVER,2018-08-20 09:33:00+05:30,29.85,30.35,29.3,29.7,9723
MARALOVER,2018-08-21 09:28:00+05:30,29.4,29.95,29.4,29.9,5007
MARALOVER,2018-08-23 09:20:00+05:30,29.4,30.05,29.1,29.35,13981
MARALOVER,2018-08-24 10:30:00+05:30,29.35,29.5,29.0,29.1,8981
MARALOVER,2018-08-27 09:21:00+05:30,28.9,30.0,28.9,29.05,10800
MARALOVER,2018-08-28 09:31:00+05:30,29.2,30.05,29.0,29.15,7059
MARALOVER,2018-08-29 09:22:00+05:30,28.9,29.95,28.35,29.75,6334
MARALOVER,2018-08-30 09:55:00+05:30,29.9,29.95,29.1,29.6,4871
MARALOVER,2018-08-31 09:33:00+05:30,29.7,30.9,27.7,29.7,12761
MARALOVER,2018-09-03 09:40:00+05:30,30.0,30.0,29.2,29.4,17995
MARALOVER,2018-09-04 09:37:00+05:30,29.4,29.75,29.05,29.35,6558
MARALOVER,2018-09-05 09:17:00+05:30,29.0,30.8,25.2,27.5,141844
MARALOVER,2018-09-06 09:28:00+05:30,27.9,29.75,27.5,29.55,41362
MARALOVER,2018-09-07 09:16:00+05:30,30.0,30.0,28.3,29.15,6477
MARALOVER,2018-09-10 09:31:00+05:30,29.0,29.6,28.2,29.2,4290
MARALOVER,2018-09-11 09:57:00+05:30,29.05,29.4,27.65,27.7,6353
MARALOVER,2018-09-12 10:15:00+05:30,27.55,28.45,27.55,27.95,1447
MARALOVER,2018-09-14 09:31:00+05:30,28.95,29.7,27.7,28.4,4650
MARALOVER,2018-09-17 10:13:00+05:30,28.4,28.95,28.0,28.35,4204
MARALOVER,2018-09-18 09:26:00+05:30,28.25,29.95,28.0,28.15,5660
MARALOVER,2018-09-19 10:52:00+05:30,28.05,28.65,27.55,27.8,8558
MARALOVER,2018-09-21 09:17:00+05:30,27.45,28.8,27.45,28.35,12450
MARALOVER,2018-09-24 09:58:00+05:30,28.0,28.4,27.4,27.75,10362
MARALOVER,2018-09-25 09:18:00+05:30,26.8,27.7,26.5,27.0,5181
MARALOVER,2018-09-26 09:19:00+05:30,26.2,27.45,26.1,26.75,1317
MARALOVER,2018-09-27 09:59:00+05:30,26.7,27.45,26.5,27.0,6147
MARALOVER,2018-09-28 09:36:00+05:30,26.55,26.6,25.75,26.05,6310
MARALOVER,2018-10-01 09:29:00+05:30,25.3,28.45,24.05,26.75,12367
MARALOVER,2018-10-03 09:23:00+05:30,26.0,28.4,26.0,26.85,5377
MARALOVER,2018-10-04 09:15:00+05:30,26.5,26.9,25.2,26.25,2856
MARALOVER,2018-10-05 10:03:00+05:30,25.85,26.5,25.7,26.05,2951
MARALOVER,2018-10-08 10:05:00+05:30,25.3,26.3,24.65,25.5,3600
MARALOVER,2018-10-09 09:23:00+05:30,25.05,26.05,24.25,24.85,3794
MARALOVER,2018-10-10 09:26:00+05:30,24.25,27.3,23.1,25.35,10267
MARALOVER,2018-10-11 09:43:00+05:30,25.35,26.4,25.1,26.1,4602
MARALOVER,2018-10-12 09:42:00+05:30,27.35,27.95,26.6,27.0,4653
MARALOVER,2018-10-15 09:20:00+05:30,27.0,28.0,26.0,27.1,10576
MARALOVER,2018-10-16 10:08:00+05:30,27.95,27.95,26.7,27.75,9544
MARALOVER,2018-10-17 09:37:00+05:30,29.85,29.85,26.7,26.95,7392
MARALOVER,2018-10-19 10:39:00+05:30,27.3,27.3,26.25,26.25,288
MARALOVER,2018-10-22 09:15:00+05:30,29.8,29.8,26.45,27.1,807
MARALOVER,2018-10-23 09:31:00+05:30,27.95,27.95,26.1,26.25,12657
MARALOVER,2018-10-24 09:46:00+05:30,26.5,27.8,26.1,26.85,3893
MARALOVER,2018-10-25 09:31:00+05:30,26.2,26.3,25.6,26.3,5606
MARALOVER,2018-10-26 10:33:00+05:30,26.05,27.0,24.05,26.75,4521
MARALOVER,2018-10-29 09:15:00+05:30,26.75,28.5,25.7,28.0,7812
MARALOVER,2018-10-30 09:30:00+05:30,28.4,28.4,27.25,28.0,4749
MARALOVER,2018-10-31 10:18:00+05:30,27.9,27.9,27.5,27.8,639
MARALOVER,2018-11-01 09:17:00+05:30,27.55,29.25,27.55,27.9,14733
MARALOVER,2018-11-02 11:30:00+05:30,28.9,29.45,27.1,28.75,6892
MARALOVER,2018-11-05 09:20:00+05:30,29.65,30.0,28.4,28.85,9685
MARALOVER,2018-11-06 09:26:00+05:30,29.2,29.45,28.2,29.35,16294
MARALOVER,2018-11-09 09:15:00+05:30,30.4,31.1,28.25,29.0,12616
MARALOVER,2018-11-12 09:20:00+05:30,30.15,30.15,29.25,29.3,902
MARALOVER,2018-11-13 09:17:00+05:30,30.2,30.2,28.9,29.65,4627
MARALOVER,2018-11-14 09:15:00+05:30,31.9,31.9,28.3,28.7,23225
MARALOVER,2018-11-15 09:15:00+05:30,29.9,29.9,28.4,29.25,17432
MARALOVER,2018-11-16 09:20:00+05:30,28.4,30.5,28.0,28.5,10412
MARALOVER,2018-11-19 09:15:00+05:30,29.2,29.9,28.0,28.9,9242
MARALOVER,2018-11-20 09:16:00+05:30,29.75,30.0,27.7,29.9,17272
MARALOVER,2018-11-21 09:28:00+05:30,30.9,30.9,27.4,29.8,48125
MARALOVER,2018-11-22 09:15:00+05:30,31.0,31.0,29.25,29.7,3345
MARALOVER,2018-11-26 09:18:00+05:30,30.0,30.0,28.4,28.65,17242
MARALOVER,2018-11-27 09:15:00+05:30,29.9,29.9,28.35,28.55,9774
MARALOVER,2018-11-28 09:15:00+05:30,29.8,29.8,27.85,28.0,2576
MARALOVER,2018-11-29 09:15:00+05:30,28.05,28.95,27.25,27.7,13796
MARALOVER,2018-11-30 09:23:00+05:30,28.5,28.75,27.45,28.45,26938
MARALOVER,2018-12-03 00:00:00+05:30,30.0,30.0,27.95,28.05,1162
MARALOVER,2018-12-04 00:00:00+05:30,28.9,28.9,27.75,27.85,9888
MARALOVER,2018-12-05 00:00:00+05:30,28.5,28.5,27.4,27.45,1533
MARALOVER,2018-12-06 00:00:00+05:30,29.7,29.7,26.35,28.35,36130
MARALOVER,2018-12-07 00:00:00+05:30,30.0,30.0,27.55,28.3,3938
MARALOVER,2018-12-10 00:00:00+05:30,29.5,29.5,26.2,27.2,9262
MARALOVER,2018-12-11 00:00:00+05:30,28.0,28.0,27.0,27.65,16077
MARALOVER,2018-12-12 00:00:00+05:30,29.0,29.0,27.65,27.85,6082
MARALOVER,2018-12-13 00:00:00+05:30,29.0,29.0,27.5,28.05,3817
MARALOVER,2018-12-14 00:00:00+05:30,29.7,29.7,26.6,27.55,11275
MARALOVER,2018-12-17 00:00:00+05:30,29.0,29.0,27.3,28.15,6102
MARALOVER,2018-12-18 00:00:00+05:30,29.0,29.0,27.65,28.05,18176
MARALOVER,2018-12-19 00:00:00+05:30,28.5,28.5,27.45,28.25,3484
MARALOVER,2018-12-20 00:00:00+05:30,27.9,29.3,27.9,28.5,3249
MARALOVER,2018-12-21 00:00:00+05:30,29.3,29.3,27.4,27.9,9204
MARALOVER,2018-12-24 00:00:00+05:30,29.6,29.6,27.7,27.8,1375
MARALOVER,2018-12-26 00:00:00+05:30,29.4,29.4,26.45,27.75,5598
MARALOVER,2018-12-27 00:00:00+05:30,29.4,29.4,27.4,27.65,611
MARALOVER,2018-12-28 00:00:00+05:30,29.25,29.25,25.75,27.6,26219
MARALOVER,2018-12-31 00:00:00+05:30,29.3,29.3,27.25,27.65,15762
MARALOVER,2019-01-01 00:00:00+05:30,28.0,28.0,27.3,27.55,2657
MARALOVER,2019-01-02 00:00:00+05:30,27.85,28.2,27.15,27.7,8926
MARALOVER,2019-01-03 00:00:00+05:30,28.15,29.0,27.35,27.55,1236
MARALOVER,2019-01-04 00:00:00+05:30,28.0,28.2,27.6,28.0,7144
MARALOVER,2019-01-07 00:00:00+05:30,27.8,31.0,27.6,29.3,40325
MARALOVER,2019-01-08 00:00:00+05:30,29.0,30.0,28.5,28.8,430
MARALOVER,2019-01-09 00:00:00+05:30,29.8,29.8,28.6,28.85,7779
MARALOVER,2019-01-10 00:00:00+05:30,30.45,30.45,28.05,28.85,6732
MARALOVER,2019-01-11 00:00:00+05:30,29.0,29.5,27.85,28.5,12425
MARALOVER,2019-01-14 00:00:00+05:30,30.0,30.0,27.75,28.5,20806
MARALOVER,2019-01-15 00:00:00+05:30,29.0,30.6,29.0,29.8,8000
MARALOVER,2019-01-16 00:00:00+05:30,30.9,30.9,28.5,28.6,9798
MARALOVER,2019-01-17 00:00:00+05:30,28.65,30.0,28.2,29.35,6939
MARALOVER,2019-01-18 00:00:00+05:30,29.0,29.0,28.35,28.6,2053
MARALOVER,2019-01-21 00:00:00+05:30,28.6,29.8,28.5,28.5,3382
MARALOVER,2019-01-22 00:00:00+05:30,29.0,29.0,27.5,27.85,4734
MARALOVER,2019-01-23 00:00:00+05:30,27.45,28.5,27.15,28.25,14559
MARALOVER,2019-01-24 00:00:00+05:30,27.15,28.95,27.15,28.2,36025
MARALOVER,2019-01-25 00:00:00+05:30,27.85,28.85,27.7,27.7,8669
MARALOVER,2019-01-28 00:00:00+05:30,27.2,27.8,26.5,27.35,19488
MARALOVER,2019-01-29 00:00:00+05:30,27.5,27.5,26.7,27.45,1544
MARALOVER,2019-01-30 00:00:00+05:30,27.35,27.85,26.75,27.2,6301
MARALOVER,2019-01-31 00:00:00+05:30,27.5,27.8,27.1,27.25,5200
MARALOVER,2019-02-01 00:00:00+05:30,27.2,27.9,27.2,27.35,8669
MARALOVER,2019-02-04 00:00:00+05:30,26.9,27.4,26.75,27.4,2427
MARALOVER,2019-02-05 00:00:00+05:30,26.45,27.25,26.3,26.35,4532
MARALOVER,2019-02-06 00:00:00+05:30,26.1,27.05,25.8,26.05,6045
MARALOVER,2019-02-07 00:00:00+05:30,25.95,26.4,25.5,26.0,2108
MARALOVER,2019-02-08 00:00:00+05:30,26.0,26.0,25.6,25.7,2384
MARALOVER,2019-02-11 00:00:00+05:30,25.7,25.7,23.7,24.65,11353
MARALOVER,2019-02-12 00:00:00+05:30,24.25,25.85,24.1,25.35,6830
MARALOVER,2019-02-13 00:00:00+05:30,25.0,25.8,24.25,24.4,2962
MARALOVER,2019-02-14 00:00:00+05:30,24.6,25.0,24.6,24.95,573
MARALOVER,2019-02-15 00:00:00+05:30,25.0,25.0,24.1,24.15,1302
MARALOVER,2019-02-18 00:00:00+05:30,24.95,25.0,23.35,23.75,2649
MARALOVER,2019-02-19 00:00:00+05:30,25.5,25.5,23.75,24.65,570
MARALOVER,2019-02-20 00:00:00+05:30,24.05,25.5,23.6,25.0,3810
MARALOVER,2019-02-21 00:00:00+05:30,26.95,26.95,24.55,24.9,4719
MARALOVER,2019-02-22 00:00:00+05:30,25.4,26.25,24.85,25.55,5753
MARALOVER,2019-02-25 00:00:00+05:30,25.6,27.1,25.2,26.1,5702
MARALOVER,2019-02-26 00:00:00+05:30,25.9,25.9,24.1,24.2,6524
MARALOVER,2019-02-27 00:00:00+05:30,25.35,25.35,23.85,24.0,4948
MARALOVER,2019-02-28 00:00:00+05:30,24.3,24.5,23.3,24.45,2506
MARALOVER,2019-03-01 00:00:00+05:30,24.55,26.35,24.55,25.95,13873
MARALOVER,2019-03-05 00:00:00+05:30,25.95,28.55,25.95,27.65,12500
MARALOVER,2019-03-06 00:00:00+05:30,27.9,29.5,27.9,28.0,9102
MARALOVER,2019-03-07 00:00:00+05:30,28.0,29.45,28.0,28.25,11252
MARALOVER,2019-03-08 00:00:00+05:30,28.0,28.8,27.7,28.05,7267
MARALOVER,2019-03-11 00:00:00+05:30,27.9,28.9,27.35,28.55,6959
MARALOVER,2019-03-12 00:00:00+05:30,28.0,29.5,27.4,28.0,8431
MARALOVER,2019-03-13 00:00:00+05:30,27.9,28.65,27.5,27.9,733
MARALOVER,2019-03-14 00:00:00+05:30,28.15,28.4,27.9,27.9,3581
MARALOVER,2019-03-15 00:00:00+05:30,27.6,28.35,27.55,27.75,2380
MARALOVER,2019-03-18 00:00:00+05:30,29.5,29.5,27.25,27.65,1901
MARALOVER,2019-03-19 00:00:00+05:30,27.75,27.75,26.6,27.45,6627
MARALOVER,2019-03-20 00:00:00+05:30,28.6,28.6,27.1,27.65,4181
MARALOVER,2019-03-22 00:00:00+05:30,27.55,28.0,26.2,27.0,7084
MARALOVER,2019-03-25 00:00:00+05:30,26.8,26.8,24.6,25.6,48371
MARALOVER,2019-03-26 00:00:00+05:30,26.65,26.65,25.2,25.85,3729
MARALOVER,2019-03-27 00:00:00+05:30,25.5,25.95,25.4,25.5,1683
MARALOVER,2019-03-28 00:00:00+05:30,26.2,27.0,25.55,26.25,1782
MARALOVER,2019-03-29 00:00:00+05:30,26.25,26.25,25.0,25.95,7839
MARALOVER,2019-04-01 00:00:00+05:30,26.0,27.1,26.0,26.5,4377
MARALOVER,2019-04-02 00:00:00+05:30,27.0,27.0,26.0,26.2,2364
MARALOVER,2019-04-03 00:00:00+05:30,26.5,26.5,26.25,26.3,7361
MARALOVER,2019-04-05 00:00:00+05:30,26.0,26.9,25.55,26.3,8631
MARALOVER,2019-04-08 00:00:00+05:30,26.35,26.75,25.85,26.05,5218
MARALOVER,2019-04-09 00:00:00+05:30,26.05,26.4,25.85,25.95,8899
MARALOVER,2019-04-10 00:00:00+05:30,27.45,27.45,25.75,25.85,4832
MARALOVER,2019-04-11 00:00:00+05:30,25.85,26.4,25.35,26.1,2007
MARALOVER,2019-04-12 00:00:00+05:30,26.35,26.6,26.0,26.0,9108
MARALOVER,2019-04-15 00:00:00+05:30,26.0,26.85,25.5,26.45,11411
MARALOVER,2019-04-16 00:00:00+05:30,26.1,26.75,26.05,26.55,1791
MARALOVER,2019-04-18 00:00:00+05:30,26.05,26.5,26.05,26.35,4103
MARALOVER,2019-04-22 00:00:00+05:30,26.0,26.05,25.55,25.8,3358
MARALOVER,2019-04-23 00:00:00+05:30,25.8,25.9,25.8,25.85,582
MARALOVER,2019-04-24 00:00:00+05:30,25.75,26.35,25.45,26.2,4837
MARALOVER,2019-04-25 00:00:00+05:30,25.7,26.05,25.45,26.0,2341
MARALOVER,2019-04-26 00:00:00+05:30,25.95,26.35,25.7,26.25,4154
MARALOVER,2019-04-30 00:00:00+05:30,26.0,26.0,25.15,25.4,1742
MARALOVER,2019-05-02 00:00:00+05:30,25.25,25.55,24.7,24.8,2610
MARALOVER,2019-05-03 00:00:00+05:30,26.0,26.0,25.05,25.4,2211
MARALOVER,2019-05-06 00:00:00+05:30,26.0,26.0,25.05,25.7,4442
MARALOVER,2019-05-07 00:00:00+05:30,26.0,27.4,25.1,25.5,6876
MARALOVER,2019-05-08 00:00:00+05:30,25.45,25.45,23.5,24.05,17390
MARALOVER,2019-05-09 00:00:00+05:30,25.0,25.0,23.65,24.05,3328
MARALOVER,2019-05-10 00:00:00+05:30,24.1,24.9,24.1,24.15,3548
MARALOVER,2019-05-13 00:00:00+05:30,24.15,24.45,22.95,23.5,3432
MARALOVER,2019-05-14 00:00:00+05:30,23.15,23.85,23.0,23.15,4009
MARALOVER,2019-05-15 00:00:00+05:30,23.35,24.0,23.0,23.35,3021
MARALOVER,2019-05-16 00:00:00+05:30,23.0,23.45,22.75,22.9,2114
MARALOVER,2019-05-17 00:00:00+05:30,23.45,23.45,23.05,23.45,4235
MARALOVER,2019-05-20 00:00:00+05:30,24.7,26.5,23.45,24.6,7203
MARALOVER,2019-05-21 00:00:00+05:30,24.2,24.2,23.55,23.9,1160
MARALOVER,2019-05-22 00:00:00+05:30,24.05,24.95,23.9,24.7,1389
MARALOVER,2019-05-23 00:00:00+05:30,24.0,26.0,23.35,24.3,8692
MARALOVER,2019-05-24 00:00:00+05:30,25.05,26.0,23.9,25.1,12949
MARALOVER,2019-05-27 00:00:00+05:30,25.9,27.9,25.05,26.35,16892
MARALOVER,2019-05-28 00:00:00+05:30,26.5,26.6,24.55,25.35,16212
MARALOVER,2019-05-29 00:00:00+05:30,25.0,25.55,24.65,24.9,2061
MARALOVER,2019-05-30 00:00:00+05:30,25.0,26.0,25.0,25.6,3625
MARALOVER,2019-05-31 00:00:00+05:30,25.05,25.5,24.7,24.75,7771
MARALOVER,2019-06-03 00:00:00+05:30,24.5,25.45,24.3,24.65,11356
MARALOVER,2019-06-04 00:00:00+05:30,25.7,25.7,23.7,24.1,1291
MARALOVER,2019-06-06 00:00:00+05:30,24.5,24.65,23.5,23.65,3694
MARALOVER,2019-06-07 00:00:00+05:30,23.5,24.75,23.1,23.1,8867
MARALOVER,2019-06-10 00:00:00+05:30,23.35,23.85,22.05,22.6,7138
MARALOVER,2019-06-11 00:00:00+05:30,22.55,23.7,22.55,22.75,18734
MARALOVER,2019-06-12 00:00:00+05:30,22.9,23.4,22.8,22.95,1535
MARALOVER,2019-06-13 00:00:00+05:30,22.5,23.7,22.05,22.9,10390
MARALOVER,2019-06-14 00:00:00+05:30,22.85,23.0,22.5,22.8,2285
MARALOVER,2019-06-17 00:00:00+05:30,22.65,23.0,22.5,22.75,1491
MARALOVER,2019-06-18 00:00:00+05:30,22.75,23.65,22.3,22.75,901
MARALOVER,2019-06-19 00:00:00+05:30,22.5,22.8,22.0,22.5,5894
MARALOVER,2019-06-20 00:00:00+05:30,22.25,23.0,22.25,22.4,7766
MARALOVER,2019-06-21 00:00:00+05:30,22.05,22.6,21.65,22.15,591
MARALOVER,2019-06-24 00:00:00+05:30,22.5,23.35,21.15,21.5,1966
MARALOVER,2019-06-25 00:00:00+05:30,21.8,22.35,21.25,21.65,1034
MARALOVER,2019-06-26 00:00:00+05:30,22.0,22.5,21.2,22.4,4353
MARALOVER,2019-06-27 00:00:00+05:30,21.5,22.8,21.5,22.25,5248
MARALOVER,2019-06-28 00:00:00+05:30,21.75,22.2,21.55,21.8,3308
MARALOVER,2019-07-01 00:00:00+05:30,23.0,23.0,21.3,21.75,2026
MARALOVER,2019-07-02 00:00:00+05:30,22.9,22.9,20.65,20.95,7248
MARALOVER,2019-07-03 00:00:00+05:30,22.55,22.55,19.75,20.9,2610
MARALOVER,2019-07-04 00:00:00+05:30,20.5,21.5,20.0,20.75,6235
MARALOVER,2019-07-05 00:00:00+05:30,21.5,21.5,20.15,20.55,4054
MARALOVER,2019-07-08 00:00:00+05:30,20.2,20.45,19.2,19.9,2603
MARALOVER,2019-07-09 00:00:00+05:30,19.5,19.9,18.9,19.8,2242
MARALOVER,2019-07-10 00:00:00+05:30,19.8,19.8,18.65,19.15,3493
MARALOVER,2019-07-11 00:00:00+05:30,19.05,19.5,18.65,19.05,1723
MARALOVER,2019-07-12 00:00:00+05:30,18.9,19.45,18.7,18.8,2056
MARALOVER,2019-07-15 00:00:00+05:30,19.1,20.65,18.55,18.85,32974
MARALOVER,2019-07-16 00:00:00+05:30,18.95,19.6,18.7,18.75,19770
MARALOVER,2019-07-17 00:00:00+05:30,18.85,18.9,18.75,18.75,5621
MARALOVER,2019-07-18 00:00:00+05:30,18.5,19.45,18.5,18.5,29218
MARALOVER,2019-07-19 00:00:00+05:30,18.0,18.2,17.05,17.4,2603
MARALOVER,2019-07-22 00:00:00+05:30,17.1,18.5,16.55,17.7,1429
MARALOVER,2019-07-23 00:00:00+05:30,18.4,18.4,16.6,17.1,1403
MARALOVER,2019-07-24 00:00:00+05:30,17.0,20.0,16.35,17.8,3048
MARALOVER,2019-07-25 00:00:00+05:30,18.85,18.85,16.75,16.95,373
MARALOVER,2019-07-26 00:00:00+05:30,16.7,18.5,16.2,17.0,407
MARALOVER,2019-07-29 00:00:00+05:30,18.4,19.65,16.0,17.5,7320
MARALOVER,2019-07-30 00:00:00+05:30,17.65,17.65,15.5,16.2,4250
MARALOVER,2019-07-31 00:00:00+05:30,15.85,17.25,15.8,16.9,9912
MARALOVER,2019-08-01 00:00:00+05:30,17.5,17.5,16.05,16.9,1155
MARALOVER,2019-08-02 00:00:00+05:30,16.4,18.8,16.0,17.05,4915
MARALOVER,2019-08-05 00:00:00+05:30,16.45,16.8,16.0,16.5,227
MARALOVER,2019-08-06 00:00:00+05:30,17.5,17.95,16.55,16.85,967
MARALOVER,2019-08-07 00:00:00+05:30,18.45,18.45,16.5,17.15,3665
MARALOVER,2019-08-08 00:00:00+05:30,16.7,17.15,16.3,17.15,1053
MARALOVER,2019-08-09 00:00:00+05:30,17.25,18.75,17.25,17.5,1331
MARALOVER,2019-08-13 00:00:00+05:30,17.65,18.05,17.45,17.55,7756
MARALOVER,2019-08-14 00:00:00+05:30,17.75,17.95,16.65,16.85,1699
MARALOVER,2019-08-16 00:00:00+05:30,17.5,17.5,16.0,17.25,2275
MARALOVER,2019-08-19 00:00:00+05:30,17.0,17.05,15.45,16.6,11184
MARALOVER,2019-08-20 00:00:00+05:30,17.45,17.45,16.35,16.35,221
MARALOVER,2019-08-21 00:00:00+05:30,19.3,19.3,15.6,16.4,3547
MARALOVER,2019-08-22 00:00:00+05:30,16.05,16.05,15.1,15.25,5659
MARALOVER,2019-08-23 00:00:00+05:30,15.1,15.9,14.15,15.6,1591
MARALOVER,2019-08-26 00:00:00+05:30,15.1,16.75,15.0,16.65,987
MARALOVER,2019-08-27 00:00:00+05:30,16.15,17.95,15.8,17.55,2182
MARALOVER,2019-08-28 00:00:00+05:30,19.15,19.15,17.05,17.65,6343
MARALOVER,2019-08-29 00:00:00+05:30,17.15,17.15,15.4,16.35,651
MARALOVER,2019-08-30 00:00:00+05:30,16.0,16.9,15.7,15.9,2412
MARALOVER,2019-09-03 00:00:00+05:30,16.0,18.8,14.55,15.1,12796
MARALOVER,2019-09-04 00:00:00+05:30,15.6,17.8,14.5,16.55,7766
MARALOVER,2019-09-05 00:00:00+05:30,17.0,18.55,15.6,16.85,1910
MARALOVER,2019-09-06 00:00:00+05:30,18.0,18.5,16.25,16.7,6840
MARALOVER,2019-09-09 00:00:00+05:30,17.45,17.5,15.65,16.2,6464
MARALOVER,2019-09-11 00:00:00+05:30,17.2,19.0,16.85,18.0,7950
MARALOVER,2019-09-12 00:00:00+05:30,18.9,19.05,16.65,18.75,4997
MARALOVER,2019-09-13 00:00:00+05:30,19.6,20.95,18.15,19.1,2153
MARALOVER,2019-09-16 00:00:00+05:30,18.95,22.0,18.45,20.45,43188
MARALOVER,2019-09-17 00:00:00+05:30,21.0,21.7,20.0,20.55,14124
MARALOVER,2019-09-18 00:00:00+05:30,21.0,21.0,19.55,20.0,3508
MARALOVER,2019-09-19 00:00:00+05:30,19.9,19.9,18.15,18.3,635
MARALOVER,2019-09-20 00:00:00+05:30,18.05,20.85,18.05,19.45,2705
MARALOVER,2019-09-23 00:00:00+05:30,21.0,21.0,19.25,19.6,5997
MARALOVER,2019-09-24 00:00:00+05:30,19.35,20.1,19.35,19.8,5529
MARALOVER,2019-09-25 00:00:00+05:30,19.45,19.45,18.0,18.8,2479
MARALOVER,2019-09-26 00:00:00+05:30,18.95,19.0,17.4,18.0,4497
MARALOVER,2019-09-27 00:00:00+05:30,17.8,19.05,17.35,18.4,935
MARALOVER,2019-09-30 00:00:00+05:30,18.0,18.5,17.3,17.7,2157
MARALOVER,2019-10-01 00:00:00+05:30,17.5,17.5,16.6,16.8,5100
MARALOVER,2019-10-03 00:00:00+05:30,17.35,17.45,16.4,17.45,1660
MARALOVER,2019-10-04 00:00:00+05:30,17.5,17.7,16.3,16.65,4817
MARALOVER,2019-10-07 00:00:00+05:30,17.75,19.7,15.65,18.65,8113
MARALOVER,2019-10-09 00:00:00+05:30,18.0,19.8,16.6,16.95,19204
MARALOVER,2019-10-10 00:00:00+05:30,17.05,17.05,16.2,16.85,16180
MARALOVER,2019-10-11 00:00:00+05:30,16.55,17.1,16.0,16.2,14931
MARALOVER,2019-10-14 00:00:00+05:30,15.2,17.25,15.2,16.9,2721
MARALOVER,2019-10-15 00:00:00+05:30,17.95,18.85,16.0,17.1,14575
MARALOVER,2019-10-16 00:00:00+05:30,16.5,18.8,16.25,17.95,11346
MARALOVER,2019-10-17 00:00:00+05:30,18.5,18.5,17.3,17.5,2718
MARALOVER,2019-10-18 00:00:00+05:30,18.8,18.8,17.8,18.35,6140
MARALOVER,2019-10-22 00:00:00+05:30,18.4,20.85,18.4,19.85,12734
MARALOVER,2019-10-23 00:00:00+05:30,20.0,21.9,19.6,20.55,29282
MARALOVER,2019-10-24 00:00:00+05:30,21.0,21.5,19.4,19.7,29279
MARALOVER,2019-10-25 00:00:00+05:30,20.55,20.6,19.1,20.2,8914
MARALOVER,2019-10-27 00:00:00+05:30,20.0,20.9,19.7,20.3,2568
MARALOVER,2019-10-29 00:00:00+05:30,21.0,23.55,19.6,21.75,12109
MARALOVER,2019-10-30 00:00:00+05:30,23.9,23.9,20.4,23.75,21417
MARALOVER,2019-10-31 00:00:00+05:30,24.75,25.1,22.0,23.15,25166
MARALOVER,2019-11-01 00:00:00+05:30,22.95,24.75,21.4,24.4,45087
MARALOVER,2019-11-04 00:00:00+05:30,24.15,27.25,24.1,26.75,61809
MARALOVER,2019-11-05 00:00:00+05:30,27.0,28.45,24.8,25.35,24081
MARALOVER,2019-11-06 00:00:00+05:30,26.25,26.3,22.85,22.85,25566
MARALOVER,2019-11-07 00:00:00+05:30,22.55,22.55,20.6,20.6,15264
MARALOVER,2019-11-08 00:00:00+05:30,19.65,20.4,19.6,19.6,11017
MARALOVER,2019-11-11 00:00:00+05:30,20.35,20.4,18.65,18.65,7262
MARALOVER,2019-11-13 00:00:00+05:30,18.65,19.0,17.75,19.0,3571
MARALOVER,2019-11-14 00:00:00+05:30,18.25,19.4,18.05,18.05,6122
MARALOVER,2019-11-15 00:00:00+05:30,18.05,18.05,17.15,17.15,6939
MARALOVER,2019-11-18 00:00:00+05:30,17.5,17.5,16.3,16.3,23405
MARALOVER,2019-11-19 00:00:00+05:30,15.6,15.75,15.5,15.5,14248
MARALOVER,2019-11-20 00:00:00+05:30,15.0,15.4,14.75,14.75,9373
MARALOVER,2019-11-21 00:00:00+05:30,14.75,15.2,14.25,14.55,27881
MARALOVER,2019-11-22 00:00:00+05:30,14.5,15.25,14.4,15.25,5151
MARALOVER,2019-11-25 00:00:00+05:30,15.75,15.75,15.0,15.35,21279
MARALOVER,2019-11-26 00:00:00+05:30,15.45,15.75,14.9,15.25,33327
MARALOVER,2019-11-27 00:00:00+05:30,15.5,15.9,15.15,15.5,11123
MARALOVER,2019-11-28 00:00:00+05:30,15.05,15.4,14.75,15.0,4875
MARALOVER,2019-11-29 00:00:00+05:30,15.0,15.25,14.55,15.0,1767
MARALOVER,2019-12-02 00:00:00+05:30,15.0,15.2,14.4,15.2,3376
MARALOVER,2019-12-03 00:00:00+05:30,15.0,15.2,14.5,14.85,10974
MARALOVER,2019-12-04 00:00:00+05:30,15.0,15.55,14.7,14.75,2060
MARALOVER,2019-12-05 00:00:00+05:30,14.55,15.2,14.55,14.75,3991
MARALOVER,2019-12-06 00:00:00+05:30,15.0,15.0,14.25,14.4,3382
MARALOVER,2019-12-09 00:00:00+05:30,14.5,14.5,14.3,14.3,219
MARALOVER,2019-12-10 00:00:00+05:30,14.1,14.9,13.75,13.8,4169
MARALOVER,2019-12-11 00:00:00+05:30,13.6,14.35,13.35,14.2,3125
MARALOVER,2019-12-12 00:00:00+05:30,13.75,14.85,13.5,14.55,11631
MARALOVER,2019-12-13 00:00:00+05:30,15.2,15.25,14.15,14.5,1549
MARALOVER,2019-12-16 00:00:00+05:30,14.25,14.75,14.2,14.7,3386
MARALOVER,2019-12-17 00:00:00+05:30,14.25,14.75,14.0,14.2,8682
MARALOVER,2019-12-18 00:00:00+05:30,14.7,14.85,14.2,14.7,8390
MARALOVER,2019-12-19 00:00:00+05:30,14.7,15.25,14.2,15.0,5956
MARALOVER,2019-12-20 00:00:00+05:30,15.0,15.15,14.5,14.5,5138
MARALOVER,2019-12-23 00:00:00+05:30,13.85,15.1,13.85,14.95,2602
MARALOVER,2019-12-24 00:00:00+05:30,14.45,15.0,14.45,14.75,2332
MARALOVER,2019-12-26 00:00:00+05:30,14.9,15.3,14.2,14.5,2951
MARALOVER,2019-12-27 00:00:00+05:30,15.1,15.1,14.5,14.9,647
MARALOVER,2019-12-30 00:00:00+05:30,15.1,15.1,14.5,14.6,1408
MARALOVER,2019-12-31 00:00:00+05:30,14.6,14.75,14.5,14.5,2800
MARALOVER,2020-01-01 00:00:00+05:30,14.35,15.0,14.35,14.7,5959
MARALOVER,2020-01-02 00:00:00+05:30,14.7,15.0,14.5,14.95,10641
MARALOVER,2020-01-03 00:00:00+05:30,15.0,15.65,15.0,15.5,11569
MARALOVER,2020-01-06 00:00:00+05:30,16.2,16.2,14.9,15.0,3529
MARALOVER,2020-01-07 00:00:00+05:30,15.0,15.65,15.0,15.1,2267
MARALOVER,2020-01-08 00:00:00+05:30,15.1,15.1,14.8,15.1,3198
MARALOVER,2020-01-09 00:00:00+05:30,15.1,15.85,15.0,15.85,9511
MARALOVER,2020-01-10 00:00:00+05:30,15.3,16.6,15.3,16.6,18357
MARALOVER,2020-01-13 00:00:00+05:30,16.8,17.4,16.8,17.15,16177
MARALOVER,2020-01-14 00:00:00+05:30,17.95,17.95,17.15,17.8,15582
MARALOVER,2020-01-15 00:00:00+05:30,18.6,18.6,17.15,17.65,3221
MARALOVER,2020-01-16 00:00:00+05:30,18.25,18.25,17.45,17.7,2915
MARALOVER,2020-01-17 00:00:00+05:30,17.4,18.15,17.05,17.6,5479
MARALOVER,2020-01-20 00:00:00+05:30,18.1,18.25,17.35,17.5,4744
MARALOVER,2020-01-21 00:00:00+05:30,16.75,17.9,16.7,16.9,4924
MARALOVER,2020-01-22 00:00:00+05:30,16.3,17.5,16.3,17.45,1182
MARALOVER,2020-01-23 00:00:00+05:30,18.25,18.25,16.7,17.0,2145
MARALOVER,2020-01-24 00:00:00+05:30,17.1,17.2,16.6,16.6,821
MARALOVER,2020-01-27 00:00:00+05:30,17.05,17.05,16.25,16.65,878
MARALOVER,2020-01-28 00:00:00+05:30,16.6,16.85,16.1,16.45,480
MARALOVER,2020-01-29 00:00:00+05:30,16.05,16.1,15.75,15.9,6431
MARALOVER,2020-01-30 00:00:00+05:30,16.45,16.45,15.4,15.55,3847
MARALOVER,2020-01-31 00:00:00+05:30,15.1,16.3,14.95,15.45,10202
MARALOVER,2020-02-01 00:00:00+05:30,15.5,15.5,14.8,15.5,2348
MARALOVER,2020-02-03 00:00:00+05:30,16.2,16.2,14.95,15.0,3503
MARALOVER,2020-02-04 00:00:00+05:30,14.65,15.55,14.65,14.95,1600
MARALOVER,2020-02-05 00:00:00+05:30,14.9,14.95,14.35,14.6,6179
MARALOVER,2020-02-06 00:00:00+05:30,14.6,15.5,14.6,14.7,1738
MARALOVER,2020-02-07 00:00:00+05:30,14.95,15.2,14.65,14.7,7004
MARALOVER,2020-02-10 00:00:00+05:30,15.2,15.2,14.8,14.95,1045
MARALOVER,2020-02-11 00:00:00+05:30,14.8,15.55,14.6,14.6,3179
MARALOVER,2020-02-12 00:00:00+05:30,14.0,16.05,14.0,15.3,1620
MARALOVER,2020-02-13 00:00:00+05:30,15.9,15.9,14.2,15.1,14431
MARALOVER,2020-02-14 00:00:00+05:30,15.0,15.0,14.65,14.65,2852
MARALOVER,2020-02-17 00:00:00+05:30,15.85,15.85,14.3,14.55,30730
MARALOVER,2020-02-18 00:00:00+05:30,14.4,15.7,14.4,14.75,2148
MARALOVER,2020-02-19 00:00:00+05:30,15.0,15.0,14.25,14.35,262
MARALOVER,2020-02-20 00:00:00+05:30,14.05,15.0,14.05,14.65,7004
MARALOVER,2020-02-24 00:00:00+05:30,14.95,15.0,14.3,14.55,1079
MARALOVER,2020-02-25 00:00:00+05:30,14.8,14.95,14.1,14.95,1834
MARALOVER,2020-02-26 00:00:00+05:30,14.0,14.8,14.0,14.3,1377
MARALOVER,2020-02-27 00:00:00+05:30,13.7,14.7,13.7,14.6,1494
MARALOVER,2020-02-28 00:00:00+05:30,14.4,14.85,13.8,14.1,1908
MARALOVER,2020-03-02 00:00:00+05:30,14.1,15.2,14.0,14.25,7752
MARALOVER,2020-03-03 00:00:00+05:30,14.9,14.9,12.85,12.9,16386
MARALOVER,2020-03-04 00:00:00+05:30,13.95,13.95,12.4,13.35,1507
MARALOVER,2020-03-05 00:00:00+05:30,13.35,13.8,13.0,13.75,1222
MARALOVER,2020-03-06 00:00:00+05:30,14.8,14.8,12.6,13.5,4602
MARALOVER,2020-03-09 00:00:00+05:30,14.85,14.85,12.2,12.7,2527
MARALOVER,2020-03-11 00:00:00+05:30,13.7,13.7,11.7,12.65,2379
MARALOVER,2020-03-12 00:00:00+05:30,13.0,13.0,11.4,11.7,23427
MARALOVER,2020-03-13 00:00:00+05:30,12.65,12.65,10.55,12.0,3726
MARALOVER,2020-03-16 00:00:00+05:30,13.15,13.15,11.0,11.3,5068
MARALOVER,2020-03-17 00:00:00+05:30,12.35,12.35,10.65,11.25,8016
MARALOVER,2020-03-18 00:00:00+05:30,12.25,12.25,10.15,10.15,16456
MARALOVER,2020-03-19 00:00:00+05:30,10.95,10.95,9.3,9.85,8107
MARALOVER,2020-03-20 00:00:00+05:30,9.75,10.65,9.3,10.15,1674
MARALOVER,2020-03-23 00:00:00+05:30,10.4,10.4,9.15,9.15,959
MARALOVER,2020-03-24 00:00:00+05:30,8.3,9.45,8.25,9.0,1059
MARALOVER,2020-03-25 00:00:00+05:30,9.0,9.4,8.55,9.35,2163
MARALOVER,2020-03-26 00:00:00+05:30,9.4,9.8,8.9,8.95,5986
MARALOVER,2020-03-27 00:00:00+05:30,9.35,9.35,8.85,8.85,785
MARALOVER,2020-03-30 00:00:00+05:30,9.25,9.25,8.45,8.6,7870
MARALOVER,2020-03-31 00:00:00+05:30,9.0,9.0,8.55,9.0,53
MARALOVER,2020-04-01 00:00:00+05:30,9.45,9.45,9.45,9.45,1753
MARALOVER,2020-04-03 00:00:00+05:30,9.9,9.9,9.0,9.85,420
MARALOVER,2020-04-07 00:00:00+05:30,10.3,10.3,9.7,10.05,2993
MARALOVER,2020-04-08 00:00:00+05:30,10.55,10.55,9.6,10.05,2275
MARALOVER,2020-04-09 00:00:00+05:30,10.55,10.55,9.55,10.55,3857
MARALOVER,2020-04-13 00:00:00+05:30,11.05,11.05,11.0,11.05,6648
MARALOVER,2020-04-15 00:00:00+05:30,10.5,11.6,10.5,11.6,1051
MARALOVER,2020-04-16 00:00:00+05:30,12.15,12.15,12.15,12.15,2191
MARALOVER,2020-04-17 00:00:00+05:30,12.75,12.75,11.7,12.75,13305
MARALOVER,2020-04-20 00:00:00+05:30,13.3,13.3,12.5,13.2,5935
MARALOVER,2020-04-21 00:00:00+05:30,13.75,13.75,12.8,12.8,8215
MARALOVER,2020-04-22 00:00:00+05:30,12.6,12.75,12.25,12.25,5166
MARALOVER,2020-04-23 00:00:00+05:30,12.7,12.7,11.85,11.85,4064
MARALOVER,2020-04-24 00:00:00+05:30,12.4,12.4,11.9,12.2,3255
MARALOVER,2020-04-27 00:00:00+05:30,12.75,12.8,12.75,12.8,6442
MARALOVER,2020-04-28 00:00:00+05:30,13.4,13.4,12.55,12.8,5075
MARALOVER,2020-04-29 00:00:00+05:30,13.0,13.05,12.25,12.8,5702
MARALOVER,2020-04-30 00:00:00+05:30,12.5,12.9,12.2,12.8,6610
MARALOVER,2020-05-04 00:00:00+05:30,12.7,12.7,12.2,12.45,4500
MARALOVER,2020-05-05 00:00:00+05:30,12.0,12.2,11.85,11.85,3018
MARALOVER,2020-05-06 00:00:00+05:30,11.55,11.65,11.3,11.45,3312
MARALOVER,2020-05-07 00:00:00+05:30,11.45,11.5,11.45,11.5,1005
MARALOVER,2020-05-08 00:00:00+05:30,10.95,11.75,10.95,11.4,1693
MARALOVER,2020-05-11 00:00:00+05:30,11.8,11.8,10.85,11.65,4129
MARALOVER,2020-05-12 00:00:00+05:30,11.1,11.6,11.1,11.35,2155
MARALOVER,2020-05-13 00:00:00+05:30,11.45,11.7,11.05,11.25,2788
MARALOVER,2020-05-14 00:00:00+05:30,11.1,11.25,10.7,10.75,5132
MARALOVER,2020-05-15 00:00:00+05:30,10.35,11.25,10.35,10.7,7619
MARALOVER,2020-05-18 00:00:00+05:30,10.6,11.2,10.45,11.05,2181
MARALOVER,2020-05-19 00:00:00+05:30,10.8,11.4,10.5,10.5,3146
MARALOVER,2020-05-20 00:00:00+05:30,10.15,10.85,10.0,10.05,9643
MARALOVER,2020-05-21 00:00:00+05:30,10.4,10.4,9.7,10.1,5079
MARALOVER,2020-05-22 00:00:00+05:30,9.85,10.1,9.6,10.05,4130
MARALOVER,2020-05-26 00:00:00+05:30,10.25,10.4,9.85,10.05,333
MARALOVER,2020-05-27 00:00:00+05:30,9.65,10.35,9.65,10.25,2679
MARALOVER,2020-05-28 00:00:00+05:30,9.9,10.65,9.9,10.3,2680
MARALOVER,2020-05-29 00:00:00+05:30,10.2,10.55,10.2,10.45,2105
MARALOVER,2020-06-01 00:00:00+05:30,10.55,10.95,10.25,10.9,9367
MARALOVER,2020-06-02 00:00:00+05:30,11.0,11.4,10.65,11.4,17372
MARALOVER,2020-06-03 00:00:00+05:30,11.1,11.95,11.0,11.65,4694
MARALOVER,2020-06-04 00:00:00+05:30,11.45,12.2,11.45,12.0,5622
MARALOVER,2020-06-05 00:00:00+05:30,12.0,12.6,11.5,12.3,10248
MARALOVER,2020-06-08 00:00:00+05:30,12.1,12.9,12.1,12.7,4407
MARALOVER,2020-06-09 00:00:00+05:30,13.0,13.3,12.45,12.55,4818
MARALOVER,2020-06-10 00:00:00+05:30,12.05,13.0,12.05,12.7,5248
MARALOVER,2020-06-11 00:00:00+05:30,12.85,13.3,12.5,12.55,3877
MARALOVER,2020-06-12 00:00:00+05:30,12.55,13.0,12.3,12.75,1755
MARALOVER,2020-06-15 00:00:00+05:30,13.3,13.3,12.15,12.75,5282
MARALOVER,2020-06-16 00:00:00+05:30,12.95,12.95,12.15,12.15,1143
MARALOVER,2020-06-17 00:00:00+05:30,11.6,12.7,11.6,12.2,2394
MARALOVER,2020-06-18 00:00:00+05:30,11.75,12.8,11.7,12.75,13701
MARALOVER,2020-06-19 00:00:00+05:30,12.75,13.25,12.55,12.8,5495
MARALOVER,2020-06-22 00:00:00+05:30,12.65,13.4,12.2,13.15,30677
MARALOVER,2020-06-23 00:00:00+05:30,13.7,13.7,12.8,13.3,10079
MARALOVER,2020-06-24 00:00:00+05:30,13.45,13.95,13.0,13.8,21003
MARALOVER,2020-06-25 00:00:00+05:30,13.25,14.45,13.15,14.3,17564
MARALOVER,2020-06-26 00:00:00+05:30,14.35,15.0,14.35,14.55,25146
MARALOVER,2020-06-29 00:00:00+05:30,14.55,14.55,13.85,13.9,9834
MARALOVER,2020-06-30 00:00:00+05:30,14.0,14.0,13.6,13.85,2141
MARALOVER,2020-07-01 00:00:00+05:30,13.3,13.8,13.3,13.4,3236
MARALOVER,2020-07-02 00:00:00+05:30,13.4,13.85,13.4,13.6,8545
MARALOVER,2020-07-03 00:00:00+05:30,13.95,13.95,13.05,13.25,6464
MARALOVER,2020-07-06 00:00:00+05:30,12.9,13.5,12.9,13.05,2472
MARALOVER,2020-07-07 00:00:00+05:30,13.35,13.65,13.0,13.6,11491
MARALOVER,2020-07-08 00:00:00+05:30,13.6,13.9,13.05,13.45,2236
MARALOVER,2020-07-09 00:00:00+05:30,13.15,13.5,12.85,13.25,4312
MARALOVER,2020-07-10 00:00:00+05:30,13.25,13.25,12.8,12.9,2022
MARALOVER,2020-07-13 00:00:00+05:30,12.9,13.15,12.6,13.1,1478
MARALOVER,2020-07-14 00:00:00+05:30,12.65,12.95,12.45,12.55,1673
MARALOVER,2020-07-15 00:00:00+05:30,13.0,13.0,12.2,12.45,2615
MARALOVER,2020-07-16 00:00:00+05:30,12.1,12.45,11.9,11.95,5816
MARALOVER,2020-07-17 00:00:00+05:30,12.35,12.4,12.0,12.1,2987
MARALOVER,2020-07-20 00:00:00+05:30,12.1,12.5,11.7,12.0,5946
MARALOVER,2020-07-21 00:00:00+05:30,11.55,12.25,11.55,12.1,1826
MARALOVER,2020-07-22 00:00:00+05:30,12.35,12.35,11.6,12.1,4773
MARALOVER,2020-07-23 00:00:00+05:30,11.65,11.95,11.55,11.85,3410
MARALOVER,2020-07-24 00:00:00+05:30,11.7,12.4,11.5,12.25,3274
MARALOVER,2020-07-27 00:00:00+05:30,11.75,12.7,11.65,11.7,1620
MARALOVER,2020-07-28 00:00:00+05:30,12.2,12.2,11.65,12.0,2856
MARALOVER,2020-07-29 00:00:00+05:30,12.0,12.3,11.5,11.7,10941
MARALOVER,2020-07-30 00:00:00+05:30,11.5,11.85,11.4,11.8,2423
MARALOVER,2020-07-31 00:00:00+05:30,11.55,11.55,11.25,11.4,5987
MARALOVER,2020-08-03 00:00:00+05:30,11.5,11.85,11.25,11.35,994
MARALOVER,2020-08-04 00:00:00+05:30,11.8,11.8,11.2,11.7,2778
MARALOVER,2020-08-05 00:00:00+05:30,11.85,11.85,11.35,11.55,8611
MARALOVER,2020-08-06 00:00:00+05:30,11.8,12.1,11.4,11.95,4613
MARALOVER,2020-08-07 00:00:00+05:30,12.9,12.9,11.35,11.9,5137
MARALOVER,2020-08-10 00:00:00+05:30,12.7,12.7,11.5,11.95,10738
MARALOVER,2020-08-11 00:00:00+05:30,12.0,12.0,11.2,11.55,18074
MARALOVER,2020-08-12 00:00:00+05:30,12.5,12.5,11.25,11.75,14396
MARALOVER,2020-08-13 00:00:00+05:30,12.3,12.9,11.6,12.85,25498
MARALOVER,2020-08-14 00:00:00+05:30,13.0,14.1,13.0,14.1,49938
MARALOVER,2020-08-17 00:00:00+05:30,15.0,15.0,12.75,13.15,44551
MARALOVER,2020-08-18 00:00:00+05:30,13.15,14.1,11.9,13.8,50518
MARALOVER,2020-08-19 00:00:00+05:30,14.0,14.7,13.45,13.75,20030
MARALOVER,2020-08-20 00:00:00+05:30,14.8,14.8,13.05,14.15,20847
MARALOVER,2020-08-21 00:00:00+05:30,14.0,15.1,13.7,14.45,26315
MARALOVER,2020-08-24 00:00:00+05:30,14.2,14.95,13.85,14.1,20325
MARALOVER,2020-08-25 00:00:00+05:30,13.9,14.2,13.0,13.8,12525
MARALOVER,2020-08-26 00:00:00+05:30,13.7,14.75,13.45,14.25,18079
MARALOVER,2020-08-27 00:00:00+05:30,13.75,14.15,13.75,14.0,13673
MARALOVER,2020-08-28 00:00:00+05:30,13.45,14.2,13.45,13.75,12665
MARALOVER,2020-08-31 00:00:00+05:30,14.4,14.4,12.6,13.0,14000
MARALOVER,2020-09-01 00:00:00+05:30,13.9,13.9,11.75,12.65,6988
MARALOVER,2020-09-02 00:00:00+05:30,12.5,12.9,12.25,12.75,7112
MARALOVER,2020-09-03 00:00:00+05:30,12.95,13.9,12.0,13.35,16206
MARALOVER,2020-09-04 00:00:00+05:30,13.0,13.5,12.8,12.8,2684
MARALOVER,2020-09-07 00:00:00+05:30,13.4,13.4,12.7,12.95,2666
MARALOVER,2020-09-08 00:00:00+05:30,14.2,14.2,12.3,12.75,5546
MARALOVER,2020-09-09 00:00:00+05:30,13.5,13.5,12.35,12.55,4563
MARALOVER,2020-09-10 00:00:00+05:30,13.4,13.4,12.4,12.95,12681
MARALOVER,2020-09-11 00:00:00+05:30,13.3,13.3,12.5,12.6,2743
MARALOVER,2020-09-14 00:00:00+05:30,13.6,13.6,12.6,12.85,6532
MARALOVER,2020-09-15 00:00:00+05:30,13.45,13.45,12.4,12.5,9442
MARALOVER,2020-09-16 00:00:00+05:30,12.7,12.9,12.25,12.65,5176
MARALOVER,2020-09-17 00:00:00+05:30,12.5,12.5,12.3,12.5,3181
MARALOVER,2020-09-18 00:00:00+05:30,12.35,12.5,12.0,12.0,15348
MARALOVER,2020-09-21 00:00:00+05:30,12.45,12.5,11.85,11.9,3697
MARALOVER,2020-09-22 00:00:00+05:30,11.7,11.9,10.75,11.15,19471
MARALOVER,2020-09-23 00:00:00+05:30,11.15,11.8,11.0,11.25,6401
MARALOVER,2020-09-24 00:00:00+05:30,11.6,11.8,11.0,11.5,7493
MARALOVER,2020-09-25 00:00:00+05:30,12.1,12.65,11.35,11.75,6958
MARALOVER,2020-09-28 00:00:00+05:30,11.75,12.4,11.6,11.9,8598
MARALOVER,2020-09-29 00:00:00+05:30,12.2,12.75,11.7,12.25,1192
MARALOVER,2020-09-30 00:00:00+05:30,13.0,13.0,11.65,11.65,3892
MARALOVER,2020-10-01 00:00:00+05:30,12.2,12.2,11.4,11.6,3566
MARALOVER,2020-10-05 00:00:00+05:30,11.45,12.1,11.4,11.65,4788
MARALOVER,2020-10-06 00:00:00+05:30,11.9,12.15,11.5,11.8,3890
MARALOVER,2020-10-07 00:00:00+05:30,12.2,12.2,11.35,11.7,6346
MARALOVER,2020-10-08 00:00:00+05:30,12.1,12.45,11.75,12.35,12451
MARALOVER,2020-10-09 00:00:00+05:30,12.0,14.8,11.75,13.25,62865
MARALOVER,2020-10-12 00:00:00+05:30,13.9,13.9,12.25,12.9,9639
MARALOVER,2020-10-13 00:00:00+05:30,12.95,12.95,11.5,11.95,32271
MARALOVER,2020-10-14 00:00:00+05:30,12.0,12.4,11.45,12.2,5720
MARALOVER,2020-10-15 00:00:00+05:30,12.35,13.15,12.05,12.75,7911
MARALOVER,2020-10-16 00:00:00+05:30,12.5,12.95,12.2,12.7,4105
MARALOVER,2020-10-19 00:00:00+05:30,12.4,13.3,12.4,12.95,5803
MARALOVER,2020-10-20 00:00:00+05:30,13.0,13.0,12.2,12.6,9895
MARALOVER,2020-10-21 00:00:00+05:30,12.55,14.2,11.65,12.65,10653
MARALOVER,2020-10-22 00:00:00+05:30,12.45,14.6,12.45,13.2,30524
MARALOVER,2020-10-23 00:00:00+05:30,13.5,14.2,13.0,13.9,16844
MARALOVER,2020-10-26 00:00:00+05:30,15.6,15.6,14.0,14.05,18770
MARALOVER,2020-10-27 00:00:00+05:30,14.05,14.7,13.8,14.5,18246
MARALOVER,2020-10-28 00:00:00+05:30,14.65,15.45,13.9,14.35,10778
MARALOVER,2020-10-29 00:00:00+05:30,14.1,14.3,12.65,13.45,7640
MARALOVER,2020-10-30 00:00:00+05:30,13.75,14.45,13.6,14.05,5320
MARALOVER,2020-11-02 00:00:00+05:30,14.7,14.7,13.9,14.05,9172
MARALOVER,2020-11-03 00:00:00+05:30,13.95,14.4,13.9,14.0,5034
MARALOVER,2020-11-04 00:00:00+05:30,13.7,14.45,13.4,13.5,16919
MARALOVER,2020-11-05 00:00:00+05:30,13.55,14.1,13.5,14.05,14484
MARALOVER,2020-11-06 00:00:00+05:30,14.05,14.7,13.6,13.95,35045
MARALOVER,2020-11-09 00:00:00+05:30,13.8,14.0,13.55,13.95,7770
MARALOVER,2020-11-10 00:00:00+05:30,13.7,14.15,13.65,13.9,7553
MARALOVER,2020-11-11 00:00:00+05:30,13.8,14.0,13.6,13.85,6883
MARALOVER,2020-11-12 00:00:00+05:30,13.7,14.8,13.65,14.15,19521
MARALOVER,2020-11-13 00:00:00+05:30,13.95,14.2,13.6,14.15,11995
MARALOVER,2020-11-14 00:00:00+05:30,14.05,14.65,14.05,14.05,106
MARALOVER,2020-11-17 00:00:00+05:30,13.9,16.0,13.75,15.3,69172
MARALOVER,2020-11-18 00:00:00+05:30,15.95,16.7,15.5,15.75,18010
MARALOVER,2020-11-19 00:00:00+05:30,15.8,16.7,15.1,15.8,17878
MARALOVER,2020-11-20 00:00:00+05:30,16.5,16.9,15.85,16.25,24985
MARALOVER,2020-11-23 00:00:00+05:30,15.9,17.45,15.9,16.45,23092
MARALOVER,2020-11-24 00:00:00+05:30,17.0,17.2,16.0,16.15,12705
MARALOVER,2020-11-25 00:00:00+05:30,16.15,17.0,16.0,16.95,10931
MARALOVER,2020-11-26 00:00:00+05:30,17.6,17.75,16.15,17.4,32945
MARALOVER,2020-11-27 00:00:00+05:30,17.4,17.75,16.5,17.15,24598
MARALOVER,2020-12-01 00:00:00+05:30,16.9,18.4,16.8,18.05,30169
MARALOVER,2020-12-02 00:00:00+05:30,17.75,18.75,17.75,18.05,9965
MARALOVER,2020-12-03 00:00:00+05:30,17.6,18.55,17.6,18.2,11571
MARALOVER,2020-12-04 00:00:00+05:30,19.25,21.8,18.5,20.3,161167
MARALOVER,2020-12-07 00:00:00+05:30,21.95,22.7,20.75,22.3,95055
MARALOVER,2020-12-08 00:00:00+05:30,23.35,24.8,22.0,23.0,71606
MARALOVER,2020-12-09 00:00:00+05:30,24.35,24.35,22.0,22.75,42948
MARALOVER,2020-12-10 00:00:00+05:30,21.8,22.5,21.5,21.7,17115
MARALOVER,2020-12-11 00:00:00+05:30,22.15,22.5,21.15,22.25,18093
MARALOVER,2020-12-14 00:00:00+05:30,23.85,24.4,21.75,24.15,54768
MARALOVER,2020-12-15 00:00:00+05:30,24.9,25.5,23.0,24.9,41748
MARALOVER,2020-12-16 00:00:00+05:30,24.2,25.4,23.45,25.1,19486
MARALOVER,2020-12-17 00:00:00+05:30,25.0,26.3,24.05,24.9,45126
MARALOVER,2020-12-18 00:00:00+05:30,24.35,24.5,23.7,23.95,9928
MARALOVER,2020-12-21 00:00:00+05:30,22.85,24.6,22.8,22.8,16714
MARALOVER,2020-12-22 00:00:00+05:30,21.75,22.85,21.7,22.45,13328
MARALOVER,2020-12-23 00:00:00+05:30,22.45,23.0,21.35,22.85,5437
MARALOVER,2020-12-24 00:00:00+05:30,22.3,23.95,22.3,23.95,40404
MARALOVER,2020-12-28 00:00:00+05:30,24.95,25.1,24.0,25.1,44209
MARALOVER,2020-12-29 00:00:00+05:30,26.1,26.35,25.75,26.35,45087
MARALOVER,2020-12-30 00:00:00+05:30,27.65,27.65,26.4,27.65,103664
MARALOVER,2020-12-31 00:00:00+05:30,29.0,29.0,26.55,28.1,36976
MARALOVER,2021-01-01 00:00:00+05:30,27.1,29.3,27.0,29.05,49427
MARALOVER,2021-01-04 00:00:00+05:30,27.7,29.8,27.7,29.0,37722
MARALOVER,2021-01-05 00:00:00+05:30,29.15,30.4,27.75,29.1,30462
MARALOVER,2021-01-06 00:00:00+05:30,28.15,30.5,28.15,29.0,43747
MARALOVER,2021-01-07 00:00:00+05:30,28.0,30.35,28.0,30.05,35556
MARALOVER,2021-01-08 00:00:00+05:30,31.45,31.55,30.05,31.55,69325
MARALOVER,2021-01-11 00:00:00+05:30,33.1,33.1,30.0,32.2,52046
MARALOVER,2021-01-12 00:00:00+05:30,30.8,33.05,30.75,31.6,29574
MARALOVER,2021-01-13 00:00:00+05:30,32.6,32.6,30.05,30.05,18559
MARALOVER,2021-01-14 00:00:00+05:30,28.7,29.9,28.55,28.55,23737
MARALOVER,2021-01-15 00:00:00+05:30,27.15,27.95,27.15,27.15,21509
MARALOVER,2021-01-18 00:00:00+05:30,25.85,26.85,25.8,25.95,21871
MARALOVER,2021-01-19 00:00:00+05:30,25.95,26.5,25.25,26.0,15599
MARALOVER,2021-01-20 00:00:00+05:30,26.5,27.0,26.4,26.55,10571
MARALOVER,2021-01-21 00:00:00+05:30,26.5,27.85,26.5,27.0,13918
MARALOVER,2021-01-22 00:00:00+05:30,25.75,26.8,25.65,25.7,7700
MARALOVER,2021-01-25 00:00:00+05:30,25.7,26.0,24.7,25.15,6854
MARALOVER,2021-01-27 00:00:00+05:30,25.0,26.4,24.3,26.35,17769
MARALOVER,2021-01-28 00:00:00+05:30,26.45,27.65,26.4,27.65,30337
MARALOVER,2021-01-29 00:00:00+05:30,29.0,29.0,27.9,28.55,54251
MARALOVER,2021-02-01 00:00:00+05:30,28.5,28.85,28.0,28.1,11129
MARALOVER,2021-02-02 00:00:00+05:30,27.85,28.6,26.7,27.55,20452
MARALOVER,2021-02-03 00:00:00+05:30,27.2,27.95,26.6,26.9,16505
MARALOVER,2021-02-04 00:00:00+05:30,25.8,28.1,25.65,27.0,32073
MARALOVER,2021-02-05 00:00:00+05:30,26.4,27.5,26.4,26.8,4952
MARALOVER,2021-02-08 00:00:00+05:30,27.0,27.7,26.6,27.55,16392
MARALOVER,2021-02-09 00:00:00+05:30,27.8,27.8,26.55,27.1,15150
MARALOVER,2021-02-10 00:00:00+05:30,27.6,27.7,26.3,26.45,7875
MARALOVER,2021-02-11 00:00:00+05:30,25.5,26.8,25.5,26.55,17785
MARALOVER,2021-02-12 00:00:00+05:30,26.95,27.3,26.1,26.1,4907
MARALOVER,2021-02-15 00:00:00+05:30,25.75,27.4,25.75,26.65,23350
MARALOVER,2021-02-16 00:00:00+05:30,26.65,26.9,25.9,26.5,9192
MARALOVER,2021-02-17 00:00:00+05:30,26.4,26.8,25.65,26.6,1562
MARALOVER,2021-02-18 00:00:00+05:30,27.3,27.3,26.0,26.6,18354
MARALOVER,2021-02-19 00:00:00+05:30,26.05,27.25,26.05,26.65,10881
MARALOVER,2021-02-22 00:00:00+05:30,26.0,26.8,25.75,26.3,2592
MARALOVER,2021-02-23 00:00:00+05:30,26.95,27.0,25.9,26.9,12396
MARALOVER,2021-02-24 00:00:00+05:30,26.8,27.4,26.3,26.55,4121
MARALOVER,2021-02-25 00:00:00+05:30,26.55,27.55,26.1,27.1,15370
MARALOVER,2021-02-26 00:00:00+05:30,27.0,27.6,26.0,26.4,6323
MARALOVER,2021-03-01 00:00:00+05:30,26.25,27.15,26.25,27.15,15217
MARALOVER,2021-03-02 00:00:00+05:30,26.65,28.5,26.65,28.45,40153
MARALOVER,2021-03-03 00:00:00+05:30,28.5,29.75,28.05,29.7,33936
MARALOVER,2021-03-04 00:00:00+05:30,29.75,29.75,29.0,29.65,13749
MARALOVER,2021-03-05 00:00:00+05:30,29.0,29.3,28.4,29.0,10135
MARALOVER,2021-03-08 00:00:00+05:30,28.25,30.35,28.25,29.25,24049
MARALOVER,2021-03-09 00:00:00+05:30,29.25,29.5,28.55,28.75,5161
MARALOVER,2021-03-10 00:00:00+05:30,28.5,29.45,28.5,29.0,10036
MARALOVER,2021-03-12 00:00:00+05:30,28.75,29.4,28.75,29.0,10725
MARALOVER,2021-03-15 00:00:00+05:30,29.0,30.45,28.25,30.4,37215
MARALOVER,2021-03-16 00:00:00+05:30,30.75,31.5,30.2,30.75,6990
MARALOVER,2021-03-17 00:00:00+05:30,31.4,31.4,29.25,29.25,19039
MARALOVER,2021-03-18 00:00:00+05:30,30.55,30.55,28.75,29.2,17624
MARALOVER,2021-03-19 00:00:00+05:30,28.2,30.65,27.9,30.6,29963
MARALOVER,2021-03-22 00:00:00+05:30,30.85,31.9,30.2,30.6,10692
MARALOVER,2021-03-23 00:00:00+05:30,30.9,32.1,29.7,31.5,25856
MARALOVER,2021-03-24 00:00:00+05:30,31.5,32.4,30.2,31.6,18036
MARALOVER,2021-03-25 00:00:00+05:30,32.0,33.15,30.7,33.15,52132
MARALOVER,2021-03-26 00:00:00+05:30,34.7,34.8,32.2,32.3,20005
MARALOVER,2021-03-30 00:00:00+05:30,32.3,33.7,31.8,32.35,6849
MARALOVER,2021-03-31 00:00:00+05:30,33.9,33.9,31.0,32.35,11619
MARALOVER,2021-04-01 00:00:00+05:30,31.75,33.0,31.75,32.5,18185
MARALOVER,2021-04-05 00:00:00+05:30,32.0,32.5,30.9,31.1,16985
MARALOVER,2021-04-06 00:00:00+05:30,31.25,32.45,31.25,32.2,17874
MARALOVER,2021-04-07 00:00:00+05:30,32.45,33.75,32.1,33.2,17453
MARALOVER,2021-04-08 00:00:00+05:30,33.25,33.85,32.6,32.65,9746
MARALOVER,2021-04-09 00:00:00+05:30,32.6,33.3,32.15,32.35,3280
MARALOVER,2021-04-12 00:00:00+05:30,31.15,32.3,30.75,30.75,25259
MARALOVER,2021-04-13 00:00:00+05:30,29.8,32.25,29.8,32.25,10369
MARALOVER,2021-04-15 00:00:00+05:30,31.1,31.95,30.9,31.05,2862
MARALOVER,2021-04-16 00:00:00+05:30,30.8,31.35,30.8,30.9,6261
MARALOVER,2021-04-19 00:00:00+05:30,29.5,30.25,29.4,29.4,14813
MARALOVER,2021-04-20 00:00:00+05:30,28.85,29.6,28.8,29.2,4294
MARALOVER,2021-04-22 00:00:00+05:30,29.0,30.1,28.45,30.1,10591
MARALOVER,2021-04-23 00:00:00+05:30,29.45,31.6,29.0,31.6,46866
MARALOVER,2021-04-26 00:00:00+05:30,32.9,32.9,30.4,31.65,4983
MARALOVER,2021-04-27 00:00:00+05:30,32.1,33.2,31.1,33.2,8724
MARALOVER,2021-04-28 00:00:00+05:30,34.8,34.85,34.0,34.6,25859
MARALOVER,2021-04-29 00:00:00+05:30,35.8,35.9,34.2,35.25,30616
MARALOVER,2021-04-30 00:00:00+05:30,35.25,37.0,35.05,37.0,47118
MARALOVER,2021-05-03 00:00:00+05:30,37.0,37.0,35.15,35.25,125954
MARALOVER,2021-05-04 00:00:00+05:30,36.0,36.0,33.7,34.0,34062
MARALOVER,2021-05-05 00:00:00+05:30,34.7,35.7,33.75,35.65,46409
MARALOVER,2021-05-06 00:00:00+05:30,36.65,37.4,35.75,36.85,48621
MARALOVER,2021-05-07 00:00:00+05:30,37.35,38.65,36.05,38.55,76172
MARALOVER,2021-05-10 00:00:00+05:30,39.65,40.45,38.6,39.25,56738
MARALOVER,2021-05-11 00:00:00+05:30,39.9,40.5,38.8,39.75,39652
MARALOVER,2021-05-12 00:00:00+05:30,39.4,40.95,38.15,38.75,35825
MARALOVER,2021-05-14 00:00:00+05:30,38.75,39.65,36.9,37.25,19548
MARALOVER,2021-05-17 00:00:00+05:30,36.2,38.65,36.0,38.15,24859
MARALOVER,2021-05-18 00:00:00+05:30,39.8,39.8,37.15,38.9,36273
MARALOVER,2021-05-19 00:00:00+05:30,38.85,39.5,37.6,38.6,22103
MARALOVER,2021-05-20 00:00:00+05:30,39.8,40.4,37.75,38.0,23916
MARALOVER,2021-05-21 00:00:00+05:30,38.0,38.75,37.6,38.45,17768
MARALOVER,2021-05-24 00:00:00+05:30,38.95,38.95,37.6,38.6,29699
MARALOVER,2021-05-25 00:00:00+05:30,40.25,40.25,38.1,38.5,16006
MARALOVER,2021-05-26 00:00:00+05:30,39.2,40.0,38.15,39.8,33396
MARALOVER,2021-05-27 00:00:00+05:30,39.9,39.95,38.55,39.0,20117
MARALOVER,2021-05-28 00:00:00+05:30,39.1,39.1,37.65,38.05,16139
MARALOVER,2021-05-31 00:00:00+05:30,38.0,39.1,37.65,38.35,24721
MARALOVER,2021-06-01 00:00:00+05:30,38.35,39.2,37.6,38.4,15103
MARALOVER,2021-06-02 00:00:00+05:30,38.85,38.85,37.5,38.1,32243
MARALOVER,2021-06-03 00:00:00+05:30,38.9,40.0,37.8,39.85,84312
MARALOVER,2021-06-04 00:00:00+05:30,40.9,41.8,39.3,40.85,29849
MARALOVER,2021-06-07 00:00:00+05:30,41.5,43.0,41.0,42.75,81946
MARALOVER,2021-06-08 00:00:00+05:30,43.95,43.95,41.8,42.1,38043
MARALOVER,2021-06-09 00:00:00+05:30,40.55,43.8,39.55,40.2,67820
MARALOVER,2021-06-10 00:00:00+05:30,42.35,42.35,40.7,41.4,19423
MARALOVER,2021-06-11 00:00:00+05:30,42.8,42.8,40.55,40.85,13944
MARALOVER,2021-06-14 00:00:00+05:30,42.1,43.8,40.7,42.95,47832
MARALOVER,2021-06-15 00:00:00+05:30,43.6,45.15,43.6,44.6,48822
MARALOVER,2021-06-16 00:00:00+05:30,45.2,45.7,43.25,43.55,23011
MARALOVER,2021-06-17 00:00:00+05:30,44.8,46.55,42.8,45.85,72185
MARALOVER,2021-06-18 00:00:00+05:30,46.4,48.9,42.15,44.25,101985
MARALOVER,2021-06-21 00:00:00+05:30,43.9,45.85,43.0,45.1,45266
MARALOVER,2021-06-22 00:00:00+05:30,46.25,46.9,45.3,46.0,38385
MARALOVER,2021-06-23 00:00:00+05:30,46.75,48.65,45.2,46.75,104040
MARALOVER,2021-06-24 00:00:00+05:30,47.6,47.65,44.6,46.1,36654
MARALOVER,2021-06-25 00:00:00+05:30,45.3,47.95,45.3,47.5,53980
MARALOVER,2021-06-28 00:00:00+05:30,47.5,48.5,46.85,47.3,36637
MARALOVER,2021-06-29 00:00:00+05:30,47.75,48.15,47.25,47.45,29037
MARALOVER,2021-06-30 00:00:00+05:30,47.0,47.95,47.0,47.7,20353
MARALOVER,2021-07-01 00:00:00+05:30,47.55,51.4,47.55,50.15,312796
MARALOVER,2021-07-02 00:00:00+05:30,50.1,50.65,48.35,48.55,82690
MARALOVER,2021-07-05 00:00:00+05:30,50.0,50.35,48.3,49.8,82353
MARALOVER,2021-07-06 00:00:00+05:30,51.0,51.0,48.55,49.45,66222
MARALOVER,2021-07-07 00:00:00+05:30,50.7,50.95,49.05,49.9,21705
MARALOVER,2021-07-08 00:00:00+05:30,50.1,50.1,47.1,48.75,36907
MARALOVER,2021-07-09 00:00:00+05:30,48.3,52.45,48.25,51.45,102430
MARALOVER,2021-07-12 00:00:00+05:30,52.5,56.55,52.0,56.05,233244
MARALOVER,2021-07-13 00:00:00+05:30,57.0,57.7,54.65,55.1,233076
MARALOVER,2021-07-14 00:00:00+05:30,55.25,56.7,54.0,56.05,85347
MARALOVER,2021-07-15 00:00:00+05:30,57.0,58.0,55.25,55.5,70870
MARALOVER,2021-07-16 00:00:00+05:30,56.2,59.0,55.05,58.35,157040
MARALOVER,2021-07-19 00:00:00+05:30,58.55,64.15,58.35,64.15,164499
MARALOVER,2021-07-20 00:00:00+05:30,68.0,70.55,63.25,70.55,698341
MARALOVER,2021-07-22 00:00:00+05:30,74.05,74.05,70.05,74.05,708509
MARALOVER,2021-07-23 00:00:00+05:30,74.95,74.95,70.35,70.55,282578
MARALOVER,2021-07-26 00:00:00+05:30,67.25,74.05,67.05,74.0,189423
MARALOVER,2021-07-27 00:00:00+05:30,75.5,77.7,73.4,75.5,202678
MARALOVER,2021-07-28 00:00:00+05:30,77.05,77.05,73.1,73.9,91765
MARALOVER,2021-07-29 00:00:00+05:30,76.45,76.45,70.65,73.8,172728
MARALOVER,2021-07-30 00:00:00+05:30,71.5,75.0,71.5,73.15,64446
MARALOVER,2021-08-02 00:00:00+05:30,76.8,76.8,76.8,76.8,33501
MARALOVER,2021-08-03 00:00:00+05:30,80.6,80.6,80.6,80.6,24954
MARALOVER,2021-08-04 00:00:00+05:30,84.6,84.6,82.3,84.55,417065
MARALOVER,2021-08-05 00:00:00+05:30,87.9,88.75,80.35,88.75,432951
MARALOVER,2021-08-06 00:00:00+05:30,90.6,93.15,85.0,93.15,142792
MARALOVER,2021-08-09 00:00:00+05:30,97.5,97.8,89.15,94.7,426264
MARALOVER,2021-08-10 00:00:00+05:30,94.9,94.9,90.0,90.0,61426
MARALOVER,2021-08-11 00:00:00+05:30,85.5,85.7,85.5,85.5,26597
MARALOVER,2021-08-12 00:00:00+05:30,81.25,89.75,81.25,89.45,221539
MARALOVER,2021-08-13 00:00:00+05:30,92.0,92.0,86.15,87.4,106867
MARALOVER,2021-08-16 00:00:00+05:30,84.2,87.3,83.05,83.1,66264
MARALOVER,2021-08-17 00:00:00+05:30,84.8,87.25,79.25,82.05,124663
MARALOVER,2021-08-18 00:00:00+05:30,82.2,82.5,77.95,77.95,67703
MARALOVER,2021-08-20 00:00:00+05:30,76.8,76.8,74.1,74.1,92018
MARALOVER,2021-08-23 00:00:00+05:30,73.0,77.8,70.4,71.05,89910
MARALOVER,2021-08-24 00:00:00+05:30,68.05,74.6,67.5,74.6,101299
MARALOVER,2021-08-25 00:00:00+05:30,76.9,77.95,71.5,75.2,54295
MARALOVER,2021-08-26 00:00:00+05:30,77.75,77.75,74.0,74.85,13063
MARALOVER,2021-08-27 00:00:00+05:30,72.75,76.0,72.7,75.8,21601
MARALOVER,2021-08-30 00:00:00+05:30,78.95,79.55,75.05,78.05,57137
MARALOVER,2021-08-31 00:00:00+05:30,81.45,81.45,76.0,77.25,34340
MARALOVER,2021-09-01 00:00:00+05:30,80.8,80.8,74.85,76.15,18946
MARALOVER,2021-09-02 00:00:00+05:30,77.85,77.85,76.0,76.9,13434
MARALOVER,2021-09-03 00:00:00+05:30,76.9,79.0,75.7,76.15,27486
MARALOVER,2021-09-06 00:00:00+05:30,75.0,78.5,75.0,77.3,49372
MARALOVER,2021-09-07 00:00:00+05:30,77.25,79.8,76.05,77.3,27486
MARALOVER,2021-09-08 00:00:00+05:30,76.05,81.15,76.0,81.15,53762
MARALOVER,2021-09-09 00:00:00+05:30,84.0,84.05,79.0,79.65,37221
MARALOVER,2021-09-13 00:00:00+05:30,83.35,83.35,77.25,81.85,38514
MARALOVER,2021-09-14 00:00:00+05:30,80.5,83.55,79.25,80.3,30036
MARALOVER,2021-09-15 00:00:00+05:30,82.0,82.0,79.25,80.0,35439
MARALOVER,2021-09-16 00:00:00+05:30,81.8,81.9,78.0,81.0,38304
MARALOVER,2021-09-17 00:00:00+05:30,81.0,81.0,77.0,77.1,32549
MARALOVER,2021-09-20 00:00:00+05:30,73.85,77.65,73.85,74.25,21515
MARALOVER,2021-09-21 00:00:00+05:30,74.3,75.15,70.55,72.5,31656
MARALOVER,2021-09-22 00:00:00+05:30,71.55,75.2,71.55,73.7,14757
MARALOVER,2021-09-23 00:00:00+05:30,75.8,77.35,71.25,77.35,27838
MARALOVER,2021-09-24 00:00:00+05:30,79.45,79.45,76.0,76.55,43198
MARALOVER,2021-09-27 00:00:00+05:30,80.0,80.35,74.15,77.1,42809
MARALOVER,2021-09-28 00:00:00+05:30,78.9,78.9,75.0,76.6,21614
MARALOVER,2021-09-29 00:00:00+05:30,79.2,79.95,75.0,78.05,37937
MARALOVER,2021-09-30 00:00:00+05:30,81.35,81.95,77.0,80.6,55122
MARALOVER,2021-10-01 00:00:00+05:30,81.8,81.8,78.65,80.2,23019
MARALOVER,2021-10-04 00:00:00+05:30,81.8,82.7,78.0,78.65,23161
MARALOVER,2021-10-05 00:00:00+05:30,79.85,81.9,79.0,80.25,46660
MARALOVER,2021-10-06 00:00:00+05:30,81.85,82.5,78.0,78.85,35918
MARALOVER,2021-10-07 00:00:00+05:30,81.8,82.75,79.1,82.55,58598
MARALOVER,2021-10-08 00:00:00+05:30,82.25,86.65,82.25,86.65,53963
MARALOVER,2021-10-11 00:00:00+05:30,90.95,90.95,85.75,86.4,71831
MARALOVER,2021-10-12 00:00:00+05:30,86.05,88.0,85.0,85.6,23215
MARALOVER,2021-10-13 00:00:00+05:30,87.0,88.75,83.8,85.7,30319
MARALOVER,2021-10-14 00:00:00+05:30,85.1,87.1,85.0,85.75,19590
MARALOVER,2021-10-18 00:00:00+05:30,87.75,87.75,81.55,83.05,83812
MARALOVER,2021-10-19 00:00:00+05:30,86.5,86.5,78.9,80.85,56590
MARALOVER,2021-10-20 00:00:00+05:30,79.0,82.75,78.2,78.75,19771
MARALOVER,2021-10-21 00:00:00+05:30,77.0,80.0,74.85,76.85,42046
MARALOVER,2021-10-22 00:00:00+05:30,79.3,79.3,73.4,74.7,39361
MARALOVER,2021-10-25 00:00:00+05:30,74.0,76.75,72.5,73.85,18901
MARALOVER,2021-10-26 00:00:00+05:30,75.85,77.5,75.2,77.5,36347
MARALOVER,2021-10-27 00:00:00+05:30,80.0,81.35,79.5,81.35,28790
MARALOVER,2021-10-28 00:00:00+05:30,84.85,85.4,79.05,84.35,113928
MARALOVER,2021-10-29 00:00:00+05:30,85.35,86.9,80.15,82.05,178555
MARALOVER,2021-11-01 00:00:00+05:30,83.0,84.45,81.3,82.35,36123
MARALOVER,2021-11-02 00:00:00+05:30,83.1,85.0,80.0,80.65,46650
MARALOVER,2021-11-03 00:00:00+05:30,81.05,84.65,80.35,83.15,105785
MARALOVER,2021-11-04 00:00:00+05:30,83.05,85.4,82.95,83.55,18755
MARALOVER,2021-11-08 00:00:00+05:30,83.55,87.7,83.25,87.35,72797
MARALOVER,2021-11-09 00:00:00+05:30,89.4,89.4,86.3,87.45,55148
MARALOVER,2021-11-10 00:00:00+05:30,84.5,91.8,84.5,86.2,71838
MARALOVER,2021-11-11 00:00:00+05:30,88.25,88.25,85.0,85.5,27486
MARALOVER,2021-11-12 00:00:00+05:30,82.05,87.8,82.05,83.55,44705
MARALOVER,2021-11-15 00:00:00+05:30,86.45,86.45,79.85,80.8,52550
MARALOVER,2021-11-16 00:00:00+05:30,81.5,82.5,79.5,80.05,87126
MARALOVER,2021-11-17 00:00:00+05:30,80.25,81.9,80.1,80.6,19447
MARALOVER,2021-11-18 00:00:00+05:30,80.1,80.85,77.8,79.35,19530
MARALOVER,2021-11-22 00:00:00+05:30,79.1,79.1,75.5,76.4,71383
MARALOVER,2021-11-23 00:00:00+05:30,74.4,77.65,73.75,77.15,50192
MARALOVER,2021-11-24 00:00:00+05:30,78.4,79.8,76.4,77.3,36449
MARALOVER,2021-11-25 00:00:00+05:30,79.4,81.1,76.7,80.35,47113
MARALOVER,2021-11-26 00:00:00+05:30,78.75,79.85,76.35,76.65,62559
MARALOVER,2021-11-29 00:00:00+05:30,74.55,77.0,73.0,73.7,27663
MARALOVER,2021-11-30 00:00:00+05:30,75.85,75.9,73.2,73.85,37042
MARALOVER,2021-12-01 00:00:00+05:30,75.1,75.55,73.4,74.05,7834
MARALOVER,2021-12-02 00:00:00+05:30,74.3,76.7,73.85,76.15,14399
MARALOVER,2021-12-03 00:00:00+05:30,77.95,78.8,76.0,76.5,14549
MARALOVER,2021-12-06 00:00:00+05:30,76.7,79.5,76.7,77.85,22132
MARALOVER,2021-12-07 00:00:00+05:30,80.8,80.8,78.0,78.75,12134
MARALOVER,2021-12-08 00:00:00+05:30,80.45,81.75,77.3,79.45,22873
MARALOVER,2021-12-09 00:00:00+05:30,80.05,84.25,78.35,82.25,42976
MARALOVER,2021-12-10 00:00:00+05:30,82.2,86.0,82.2,83.7,30316
MARALOVER,2021-12-13 00:00:00+05:30,84.5,86.5,83.8,85.35,40951
MARALOVER,2021-12-14 00:00:00+05:30,86.6,88.0,84.55,86.85,95691
MARALOVER,2021-12-15 00:00:00+05:30,86.5,95.5,85.1,95.5,369252
MARALOVER,2021-12-16 00:00:00+05:30,97.9,101.95,92.55,94.15,375396
MARALOVER,2021-12-17 00:00:00+05:30,95.0,95.0,89.0,91.4,109956
MARALOVER,2021-12-20 00:00:00+05:30,91.0,91.0,83.55,84.55,87232
MARALOVER,2021-12-21 00:00:00+05:30,82.15,88.8,82.15,86.5,57464
MARALOVER,2021-12-22 00:00:00+05:30,89.7,89.95,86.5,87.35,37769
MARALOVER,2021-12-23 00:00:00+05:30,87.0,89.9,86.75,89.45,61001
MARALOVER,2021-12-24 00:00:00+05:30,88.05,98.35,88.05,98.35,312817
MARALOVER,2021-12-27 00:00:00+05:30,101.3,108.15,100.2,108.15,532322
MARALOVER,2021-12-28 00:00:00+05:30,108.95,110.4,102.75,102.75,189370
MARALOVER,2021-12-29 00:00:00+05:30,100.0,104.6,98.15,99.85,196254
MARALOVER,2021-12-30 00:00:00+05:30,98.25,104.45,98.25,103.65,82611
MARALOVER,2021-12-31 00:00:00+05:30,105.2,107.95,101.25,103.45,70732
MARALOVER,2022-01-03 00:00:00+05:30,103.45,108.6,99.4,108.6,109858
MARALOVER,2022-01-04 00:00:00+05:30,113.8,114.0,109.15,113.25,162524
MARALOVER,2022-01-05 00:00:00+05:30,112.0,114.9,108.0,114.25,134149
MARALOVER,2022-01-06 00:00:00+05:30,114.5,119.95,110.0,119.9,292431
MARALOVER,2022-01-07 00:00:00+05:30,122.0,125.7,114.25,119.45,183513
MARALOVER,2022-01-10 00:00:00+05:30,120.0,125.4,116.2,125.4,94397
MARALOVER,2022-01-11 00:00:00+05:30,131.65,131.65,129.1,131.65,103069
MARALOVER,2022-01-12 00:00:00+05:30,138.2,138.2,125.1,126.5,257585
MARALOVER,2022-01-13 00:00:00+05:30,126.6,128.85,122.75,125.6,66340
MARALOVER,2022-01-14 00:00:00+05:30,123.25,129.7,122.0,128.45,42238
MARALOVER,2022-01-17 00:00:00+05:30,132.0,133.25,124.55,125.45,72663
MARALOVER,2022-01-18 00:00:00+05:30,125.45,126.95,119.2,119.95,115391
MARALOVER,2022-01-19 00:00:00+05:30,117.6,125.9,114.05,125.9,81235
MARALOVER,2022-01-20 00:00:00+05:30,131.7,132.15,128.45,132.15,57632
MARALOVER,2022-01-21 00:00:00+05:30,134.05,137.5,125.55,132.0,148810
MARALOVER,2022-01-24 00:00:00+05:30,131.6,133.1,125.4,125.45,66325
MARALOVER,2022-01-25 00:00:00+05:30,119.55,124.9,119.55,123.1,44896
MARALOVER,2022-01-27 00:00:00+05:30,120.1,124.0,117.55,120.55,70711
MARALOVER,2022-01-28 00:00:00+05:30,119.3,126.55,119.2,120.15,61439
MARALOVER,2022-01-31 00:00:00+05:30,121.0,124.0,117.15,118.65,33447
MARALOVER,2022-02-01 00:00:00+05:30,119.95,123.95,116.0,121.95,48865
MARALOVER,2022-02-02 00:00:00+05:30,122.05,126.45,118.15,123.2,35609
MARALOVER,2022-02-03 00:00:00+05:30,128.0,128.0,122.6,123.85,27534
MARALOVER,2022-02-04 00:00:00+05:30,129.7,129.7,121.5,122.1,77274
MARALOVER,2022-02-07 00:00:00+05:30,122.8,124.75,116.0,116.9,83253
MARALOVER,2022-02-08 00:00:00+05:30,117.0,119.75,111.1,111.75,63754
MARALOVER,2022-02-09 00:00:00+05:30,110.25,114.0,107.2,108.2,54891
MARALOVER,2022-02-10 00:00:00+05:30,108.2,112.95,107.9,109.75,43283
MARALOVER,2022-02-11 00:00:00+05:30,112.0,112.0,104.55,105.5,27560
MARALOVER,2022-02-14 00:00:00+05:30,103.05,104.6,100.25,100.25,65037
MARALOVER,2022-02-15 00:00:00+05:30,100.0,102.0,95.25,99.15,76837
MARALOVER,2022-02-16 00:00:00+05:30,99.0,102.9,96.45,97.6,111356
MARALOVER,2022-02-17 00:00:00+05:30,97.55,98.9,92.75,93.6,37608
MARALOVER,2022-02-18 00:00:00+05:30,91.3,98.25,90.05,90.9,48147
MARALOVER,2022-02-21 00:00:00+05:30,90.0,92.95,86.4,86.45,45323
MARALOVER,2022-02-22 00:00:00+05:30,83.65,87.0,82.15,82.15,49779
MARALOVER,2022-02-23 00:00:00+05:30,81.0,86.25,81.0,86.25,24279
MARALOVER,2022-02-24 00:00:00+05:30,85.5,85.5,81.95,81.95,24719
MARALOVER,2022-02-25 00:00:00+05:30,81.95,86.0,80.3,85.0,30236
MARALOVER,2022-02-28 00:00:00+05:30,84.05,88.0,81.05,86.8,34902
MARALOVER,2022-03-02 00:00:00+05:30,86.05,90.7,83.55,86.95,78241
MARALOVER,2022-03-03 00:00:00+05:30,88.95,89.85,86.0,87.65,31994
MARALOVER,2022-03-04 00:00:00+05:30,87.6,91.4,84.65,88.55,33287
MARALOVER,2022-03-07 00:00:00+05:30,88.9,88.9,84.15,84.25,47283
MARALOVER,2022-03-08 00:00:00+05:30,85.0,87.45,80.35,83.35,49823
MARALOVER,2022-03-09 00:00:00+05:30,84.95,87.5,83.3,87.5,36485
MARALOVER,2022-03-10 00:00:00+05:30,90.9,91.85,89.15,91.85,44885
MARALOVER,2022-03-11 00:00:00+05:30,95.25,95.25,88.6,89.9,27827
MARALOVER,2022-03-14 00:00:00+05:30,88.85,91.0,88.5,90.6,33132
MARALOVER,2022-03-15 00:00:00+05:30,93.85,93.85,88.5,90.25,35065
MARALOVER,2022-03-16 00:00:00+05:30,92.9,93.7,88.35,89.15,37053
MARALOVER,2022-03-17 00:00:00+05:30,90.6,92.5,89.1,90.35,25611
MARALOVER,2022-03-21 00:00:00+05:30,93.95,93.95,88.6,89.2,21047
MARALOVER,2022-03-22 00:00:00+05:30,89.2,89.45,87.55,88.4,25368
MARALOVER,2022-03-23 00:00:00+05:30,89.75,91.95,88.5,89.05,26327
MARALOVER,2022-03-24 00:00:00+05:30,91.7,91.7,88.0,88.35,15650
MARALOVER,2022-03-25 00:00:00+05:30,89.85,89.9,88.2,88.8,29699
MARALOVER,2022-03-28 00:00:00+05:30,90.3,90.45,86.25,86.8,44577
MARALOVER,2022-03-29 00:00:00+05:30,87.05,89.9,82.6,83.1,33006
MARALOVER,2022-03-30 00:00:00+05:30,85.5,85.7,82.0,84.9,25462
MARALOVER,2022-03-31 00:00:00+05:30,89.0,89.0,81.6,82.1,39870
MARALOVER,2022-04-01 00:00:00+05:30,83.5,86.2,83.1,86.2,19572
MARALOVER,2022-04-04 00:00:00+05:30,89.0,90.5,88.55,90.5,21140
MARALOVER,2022-04-05 00:00:00+05:30,94.7,95.0,91.3,94.9,73451
MARALOVER,2022-04-06 00:00:00+05:30,95.95,96.75,93.05,94.45,32010
MARALOVER,2022-04-07 00:00:00+05:30,94.45,97.95,93.4,95.8,47641
MARALOVER,2022-04-08 00:00:00+05:30,96.1,98.0,96.0,97.65,20186
MARALOVER,2022-04-11 00:00:00+05:30,95.15,100.4,95.15,98.7,32712
MARALOVER,2022-04-12 00:00:00+05:30,97.75,99.5,96.4,98.35,13069
MARALOVER,2022-04-13 00:00:00+05:30,102.7,102.7,98.1,101.2,41587
MARALOVER,2022-04-18 00:00:00+05:30,109.4,109.4,95.55,101.65,82327
MARALOVER,2022-04-19 00:00:00+05:30,103.05,103.5,96.05,97.25,48436
MARALOVER,2022-04-20 00:00:00+05:30,98.0,99.7,93.35,96.65,32984
MARALOVER,2022-04-21 00:00:00+05:30,98.8,104.5,97.15,101.65,89010
MARALOVER,2022-04-22 00:00:00+05:30,104.4,107.7,101.05,102.95,105572
MARALOVER,2022-04-25 00:00:00+05:30,105.85,106.9,97.25,99.3,97848
MARALOVER,2022-04-26 00:00:00+05:30,103.75,103.75,99.1,101.55,36199
MARALOVER,2022-04-27 00:00:00+05:30,102.05,102.05,97.55,99.9,17343
MARALOVER,2022-04-28 00:00:00+05:30,100.95,101.9,98.05,99.6,19547
MARALOVER,2022-04-29 00:00:00+05:30,102.5,102.5,97.65,98.5,13871
MARALOVER,2022-05-02 00:00:00+05:30,100.45,100.45,92.95,93.5,45928
MARALOVER,2022-05-04 00:00:00+05:30,97.45,97.45,91.05,91.6,24438
MARALOVER,2022-05-05 00:00:00+05:30,96.9,96.9,90.3,90.75,17016
MARALOVER,2022-05-06 00:00:00+05:30,88.1,93.4,86.2,91.35,46847
MARALOVER,2022-05-09 00:00:00+05:30,92.95,96.65,89.1,93.9,55255
MARALOVER,2022-05-10 00:00:00+05:30,96.3,99.0,93.75,96.6,72777
MARALOVER,2022-05-11 00:00:00+05:30,95.5,97.0,86.95,88.25,54770
MARALOVER,2022-05-12 00:00:00+05:30,81.0,82.95,79.45,79.45,66967
MARALOVER,2022-05-13 00:00:00+05:30,82.85,82.85,71.65,72.35,94958
MARALOVER,2022-05-16 00:00:00+05:30,74.45,74.45,69.4,71.2,42579
MARALOVER,2022-05-17 00:00:00+05:30,74.0,74.75,70.55,74.75,59990
MARALOVER,2022-05-18 00:00:00+05:30,78.45,78.45,78.4,78.45,28338
MARALOVER,2022-05-19 00:00:00+05:30,80.65,82.35,76.4,78.4,28801
MARALOVER,2022-05-20 00:00:00+05:30,79.6,81.8,76.55,77.8,42776
MARALOVER,2022-05-23 00:00:00+05:30,81.65,81.65,75.55,77.95,27251
MARALOVER,2022-05-24 00:00:00+05:30,80.45,80.45,75.2,75.75,9910
MARALOVER,2022-05-25 00:00:00+05:30,76.0,77.3,72.55,73.15,16019
MARALOVER,2022-05-26 00:00:00+05:30,71.05,73.75,71.05,73.1,17103
MARALOVER,2022-05-27 00:00:00+05:30,75.3,76.45,73.55,74.15,7227
MARALOVER,2022-05-30 00:00:00+05:30,74.4,77.85,74.4,77.45,12452
MARALOVER,2022-05-31 00:00:00+05:30,80.8,80.8,75.35,78.0,9723
MARALOVER,2022-06-01 00:00:00+05:30,78.0,78.6,74.1,75.25,25526
MARALOVER,2022-06-02 00:00:00+05:30,77.55,77.55,75.1,76.2,8225
MARALOVER,2022-06-03 00:00:00+05:30,79.75,79.75,76.2,77.5,16641
MARALOVER,2022-06-06 00:00:00+05:30,80.0,80.0,75.2,75.45,13153
MARALOVER,2022-06-07 00:00:00+05:30,77.85,77.9,73.5,74.65,9228
MARALOVER,2022-06-08 00:00:00+05:30,74.45,74.75,71.1,72.6,13708
MARALOVER,2022-06-09 00:00:00+05:30,73.75,75.7,72.6,73.9,4929
MARALOVER,2022-06-10 00:00:00+05:30,73.85,74.35,73.0,73.65,11305
MARALOVER,2022-06-13 00:00:00+05:30,72.1,72.4,70.0,70.15,9819
MARALOVER,2022-06-14 00:00:00+05:30,70.15,75.9,68.35,69.45,7920
MARALOVER,2022-06-15 00:00:00+05:30,72.35,72.35,69.05,71.15,7729
MARALOVER,2022-06-16 00:00:00+05:30,72.4,72.85,64.1,64.3,79940
MARALOVER,2022-06-17 00:00:00+05:30,61.3,64.5,60.35,63.4,19043
MARALOVER,2022-06-20 00:00:00+05:30,64.15,64.95,59.5,60.9,13960
MARALOVER,2022-06-21 00:00:00+05:30,59.7,64.15,59.7,63.1,11709
MARALOVER,2022-06-22 00:00:00+05:30,62.3,62.9,58.35,60.4,19537
MARALOVER,2022-06-23 00:00:00+05:30,62.95,64.5,60.35,63.65,17860
MARALOVER,2022-06-24 00:00:00+05:30,67.95,70.0,65.4,69.0,63943
MARALOVER,2022-06-27 00:00:00+05:30,69.1,72.35,67.5,68.9,25484
MARALOVER,2022-06-28 00:00:00+05:30,70.0,72.0,68.05,70.7,21781
MARALOVER,2022-06-29 00:00:00+05:30,69.6,74.0,69.6,71.9,16319
MARALOVER,2022-06-30 00:00:00+05:30,72.55,72.55,68.2,69.4,8453
MARALOVER,2022-07-01 00:00:00+05:30,67.95,69.8,66.75,68.55,8825
MARALOVER,2022-07-04 00:00:00+05:30,70.0,70.0,67.45,68.4,5297
MARALOVER,2022-07-05 00:00:00+05:30,68.95,70.0,68.1,68.6,7749
MARALOVER,2022-07-06 00:00:00+05:30,68.15,69.9,67.0,68.8,7191
MARALOVER,2022-07-07 00:00:00+05:30,71.1,74.85,70.35,73.35,55563
MARALOVER,2022-07-08 00:00:00+05:30,75.0,75.0,71.1,71.85,13108
MARALOVER,2022-07-11 00:00:00+05:30,73.25,73.75,69.6,70.6,13312
MARALOVER,2022-07-12 00:00:00+05:30,74.6,74.6,67.35,68.55,17717
MARALOVER,2022-07-13 00:00:00+05:30,68.0,70.5,68.0,68.7,6324
MARALOVER,2022-07-14 00:00:00+05:30,70.1,70.7,66.3,66.6,13433
MARALOVER,2022-07-15 00:00:00+05:30,67.8,68.7,66.0,66.8,8420
MARALOVER,2022-07-18 00:00:00+05:30,69.9,71.5,67.0,70.35,22114
MARALOVER,2022-07-19 00:00:00+05:30,72.8,72.8,68.25,69.45,12784
MARALOVER,2022-07-20 00:00:00+05:30,70.7,73.25,69.55,71.05,12519
MARALOVER,2022-07-21 00:00:00+05:30,70.9,71.9,70.15,71.25,5258
MARALOVER,2022-07-22 00:00:00+05:30,71.55,71.55,70.0,70.9,13743
MARALOVER,2022-07-25 00:00:00+05:30,72.0,72.0,68.65,70.05,13426
MARALOVER,2022-07-26 00:00:00+05:30,71.45,74.3,68.55,73.0,22964
MARALOVER,2022-07-27 00:00:00+05:30,74.4,75.8,71.95,73.2,16755
MARALOVER,2022-07-28 00:00:00+05:30,73.0,74.35,72.5,73.45,11296
MARALOVER,2022-07-29 00:00:00+05:30,73.35,74.05,70.65,73.45,24363
MARALOVER,2022-08-01 00:00:00+05:30,76.0,76.0,71.65,73.75,32092
MARALOVER,2022-08-02 00:00:00+05:30,71.9,77.6,71.9,75.2,26061
MARALOVER,2022-08-03 00:00:00+05:30,75.6,76.2,73.45,75.1,16357
MARALOVER,2022-08-04 00:00:00+05:30,70.3,71.05,67.6,68.15,170020
MARALOVER,2022-08-05 00:00:00+05:30,68.95,69.55,66.6,67.25,38799
MARALOVER,2022-08-08 00:00:00+05:30,68.8,68.8,64.2,65.0,34258
MARALOVER,2022-08-10 00:00:00+05:30,67.75,67.75,64.1,64.85,28084
MARALOVER,2022-08-11 00:00:00+05:30,66.85,66.85,61.25,64.3,26837
MARALOVER,2022-08-12 00:00:00+05:30,65.8,65.8,63.35,64.8,17293
MARALOVER,2022-08-16 00:00:00+05:30,66.1,66.2,64.25,65.0,29288
MARALOVER,2022-08-17 00:00:00+05:30,64.8,66.3,63.7,64.75,33530
MARALOVER,2022-08-18 00:00:00+05:30,65.95,67.55,64.9,65.2,63424
MARALOVER,2022-08-19 00:00:00+05:30,65.95,66.4,64.65,65.25,21961
MARALOVER,2022-08-22 00:00:00+05:30,66.25,66.25,62.9,63.6,17775
MARALOVER,2022-08-23 00:00:00+05:30,62.7,64.9,62.65,63.6,21121
MARALOVER,2022-08-24 00:00:00+05:30,64.5,70.3,63.85,67.45,76346
MARALOVER,2022-08-25 00:00:00+05:30,68.0,68.25,66.05,66.35,29280
MARALOVER,2022-08-26 00:00:00+05:30,68.25,68.25,65.95,66.75,11243
MARALOVER,2022-08-29 00:00:00+05:30,66.5,66.5,61.85,63.55,20067
MARALOVER,2022-08-30 00:00:00+05:30,64.7,65.5,62.9,63.9,43278
MARALOVER,2022-09-01 00:00:00+05:30,65.5,69.7,64.25,67.6,45985
MARALOVER,2022-09-02 00:00:00+05:30,67.0,67.5,66.1,66.95,19205
MARALOVER,2022-09-05 00:00:00+05:30,67.95,67.95,66.3,67.25,10975
MARALOVER,2022-09-06 00:00:00+05:30,67.85,67.85,66.3,66.55,11033
MARALOVER,2022-09-07 00:00:00+05:30,66.95,66.95,65.45,65.95,22795
MARALOVER,2022-09-08 00:00:00+05:30,67.0,67.0,65.6,66.05,68358
MARALOVER,2022-09-09 00:00:00+05:30,66.9,71.8,66.7,69.45,104061
MARALOVER,2022-09-12 00:00:00+05:30,70.0,71.8,61.35,66.35,92834
MARALOVER,2022-09-13 00:00:00+05:30,68.4,69.35,67.05,68.85,86521
MARALOVER,2022-09-14 00:00:00+05:30,68.0,69.0,66.65,68.45,62121
MARALOVER,2022-09-15 00:00:00+05:30,69.95,69.95,67.5,68.25,27175
MARALOVER,2022-09-16 00:00:00+05:30,68.65,69.6,66.0,66.75,22705
MARALOVER,2022-09-19 00:00:00+05:30,68.35,68.35,65.6,66.65,23024
MARALOVER,2022-09-20 00:00:00+05:30,66.95,68.35,66.65,67.05,20542
MARALOVER,2022-09-21 00:00:00+05:30,67.15,70.75,66.55,67.8,73712
MARALOVER,2022-09-22 00:00:00+05:30,68.6,68.65,65.7,66.35,35762
MARALOVER,2022-09-23 00:00:00+05:30,66.45,67.75,65.45,66.0,24432
MARALOVER,2022-09-26 00:00:00+05:30,66.35,66.45,62.15,62.75,30002
MARALOVER,2022-09-27 00:00:00+05:30,63.0,68.2,62.3,66.75,36046
MARALOVER,2022-09-28 00:00:00+05:30,67.5,67.95,65.0,65.1,14796
MARALOVER,2022-09-29 00:00:00+05:30,66.9,66.95,63.8,64.55,7777
MARALOVER,2022-09-30 00:00:00+05:30,66.35,66.35,64.05,64.55,21366
MARALOVER,2022-10-03 00:00:00+05:30,65.55,66.45,64.0,64.2,14031
MARALOVER,2022-10-04 00:00:00+05:30,66.0,69.7,65.25,67.05,21055
MARALOVER,2022-10-06 00:00:00+05:30,67.9,68.3,65.0,65.55,34754
MARALOVER,2022-10-07 00:00:00+05:30,67.65,67.65,61.55,65.9,17129
MARALOVER,2022-10-10 00:00:00+05:30,65.9,65.95,64.1,64.95,9264
MARALOVER,2022-10-11 00:00:00+05:30,65.95,66.0,64.0,64.3,9092
MARALOVER,2022-10-12 00:00:00+05:30,65.3,66.85,64.0,64.5,30835
MARALOVER,2022-10-13 00:00:00+05:30,66.9,66.9,64.3,64.7,15900
MARALOVER,2022-10-14 00:00:00+05:30,66.0,66.0,64.3,64.95,14548
MARALOVER,2022-10-17 00:00:00+05:30,64.7,65.7,61.65,63.65,20853
MARALOVER,2022-10-18 00:00:00+05:30,65.95,65.95,63.15,63.55,6918
MARALOVER,2022-10-19 00:00:00+05:30,64.5,64.6,61.8,62.15,18251
MARALOVER,2022-10-20 00:00:00+05:30,62.85,63.4,62.4,63.0,14261
MARALOVER,2022-10-21 00:00:00+05:30,64.05,64.9,62.75,64.3,14245
MARALOVER,2022-10-24 00:00:00+05:30,65.45,66.95,63.25,64.85,9391
MARALOVER,2022-10-25 00:00:00+05:30,65.0,66.1,63.75,64.0,18307
MARALOVER,2022-10-27 00:00:00+05:30,65.25,65.25,63.25,63.8,7095
MARALOVER,2022-10-28 00:00:00+05:30,64.0,64.55,63.25,63.8,8264
MARALOVER,2022-10-31 00:00:00+05:30,62.65,63.7,62.1,62.95,9711
MARALOVER,2022-11-01 00:00:00+05:30,64.2,64.95,62.5,62.85,11049
MARALOVER,2022-11-02 00:00:00+05:30,62.85,67.4,62.85,65.6,38993
MARALOVER,2022-11-03 00:00:00+05:30,65.6,66.3,63.1,63.9,13163
MARALOVER,2022-11-04 00:00:00+05:30,65.2,66.0,62.0,63.9,58883
MARALOVER,2022-11-07 00:00:00+05:30,63.05,63.8,58.55,59.0,115716
MARALOVER,2022-11-09 00:00:00+05:30,60.0,61.15,59.55,60.15,56111
MARALOVER,2022-11-10 00:00:00+05:30,59.55,60.25,58.0,58.4,21589
MARALOVER,2022-11-11 00:00:00+05:30,59.9,60.2,57.2,58.85,26360
MARALOVER,2022-11-14 00:00:00+05:30,59.0,59.9,57.2,57.85,15831
MARALOVER,2022-11-15 00:00:00+05:30,57.4,59.05,57.4,58.05,14583
MARALOVER,2022-11-16 00:00:00+05:30,59.45,59.5,56.05,56.85,13871
MARALOVER,2022-11-17 00:00:00+05:30,58.9,58.9,56.0,56.6,9035
MARALOVER,2022-11-18 00:00:00+05:30,57.45,59.0,56.85,58.5,18043
MARALOVER,2022-11-21 00:00:00+05:30,57.1,58.15,57.1,57.6,17306
MARALOVER,2022-11-22 00:00:00+05:30,57.15,58.5,56.8,57.15,9045
MARALOVER,2022-11-23 00:00:00+05:30,57.15,58.1,56.15,56.5,16300
MARALOVER,2022-11-24 00:00:00+05:30,56.15,57.4,55.9,56.15,19589
MARALOVER,2022-11-25 00:00:00+05:30,57.95,57.95,56.5,56.75,8621
MARALOVER,2022-11-28 00:00:00+05:30,57.9,62.0,56.95,60.9,41442
MARALOVER,2022-11-29 00:00:00+05:30,61.85,64.9,60.7,63.4,96545
MARALOVER,2022-11-30 00:00:00+05:30,63.35,63.8,62.1,62.55,41099
MARALOVER,2022-12-01 00:00:00+05:30,64.5,73.2,63.3,69.55,538084
MARALOVER,2022-12-02 00:00:00+05:30,69.45,72.2,67.15,69.15,142896
MARALOVER,2022-12-05 00:00:00+05:30,70.4,73.25,69.6,70.15,92758
MARALOVER,2022-12-06 00:00:00+05:30,70.85,71.55,69.8,71.1,28871
MARALOVER,2022-12-07 00:00:00+05:30,71.8,73.45,69.1,72.05,265194
MARALOVER,2022-12-08 00:00:00+05:30,73.0,78.0,70.2,71.3,623085
MARALOVER,2022-12-09 00:00:00+05:30,71.9,72.8,68.0,69.35,58481
MARALOVER,2022-12-12 00:00:00+05:30,69.3,70.05,67.1,68.5,40280
MARALOVER,2022-12-13 00:00:00+05:30,69.95,70.5,68.0,68.25,24169
MARALOVER,2022-12-14 00:00:00+05:30,69.65,69.65,67.35,68.5,28675
MARALOVER,2022-12-15 00:00:00+05:30,68.05,68.7,65.0,67.55,30549
MARALOVER,2022-12-16 00:00:00+05:30,68.5,69.3,66.6,68.65,28134
MARALOVER,2022-12-19 00:00:00+05:30,69.3,69.6,66.9,67.0,17688
MARALOVER,2022-12-20 00:00:00+05:30,68.55,68.55,66.15,66.6,9177
MARALOVER,2022-12-21 00:00:00+05:30,66.6,67.9,62.2,63.2,42514
MARALOVER,2022-12-22 00:00:00+05:30,64.5,64.5,58.5,60.95,35774
MARALOVER,2022-12-23 00:00:00+05:30,61.0,61.0,57.55,58.05,16425
MARALOVER,2022-12-26 00:00:00+05:30,57.05,63.65,57.05,62.15,19827
MARALOVER,2022-12-27 00:00:00+05:30,62.7,64.2,61.5,61.75,60021
MARALOVER,2022-12-28 00:00:00+05:30,63.2,63.9,62.5,62.85,24555
MARALOVER,2022-12-29 00:00:00+05:30,64.15,64.15,61.6,63.3,25304
MARALOVER,2022-12-30 00:00:00+05:30,63.35,65.9,62.65,63.45,33629
MARALOVER,2023-01-02 00:00:00+05:30,65.8,65.8,64.0,65.5,15998
MARALOVER,2023-01-03 00:00:00+05:30,65.9,68.5,64.7,66.4,26189
MARALOVER,2023-01-04 00:00:00+05:30,66.45,67.15,64.9,65.3,17274
MARALOVER,2023-01-05 00:00:00+05:30,66.05,66.25,63.1,64.7,13104
MARALOVER,2023-01-06 00:00:00+05:30,65.0,66.55,63.1,63.85,11088
MARALOVER,2023-01-09 00:00:00+05:30,64.95,66.0,63.9,65.05,44611
MARALOVER,2023-01-10 00:00:00+05:30,65.95,65.95,64.0,64.1,11132
MARALOVER,2023-01-11 00:00:00+05:30,64.4,65.05,63.65,64.2,25727
MARALOVER,2023-01-12 00:00:00+05:30,66.05,66.95,63.9,64.95,19115
MARALOVER,2023-01-13 00:00:00+05:30,65.3,66.8,64.25,65.6,22284
MARALOVER,2023-01-16 00:00:00+05:30,66.85,69.5,64.5,65.55,33136
MARALOVER,2023-01-17 00:00:00+05:30,66.6,67.15,64.55,64.9,14652
MARALOVER,2023-01-18 00:00:00+05:30,65.45,66.8,64.3,64.5,13660
MARALOVER,2023-01-19 00:00:00+05:30,65.4,72.4,64.25,68.25,212694
MARALOVER,2023-01-20 00:00:00+05:30,68.25,68.5,65.75,66.25,52313
MARALOVER,2023-01-23 00:00:00+05:30,66.75,67.35,64.8,65.8,30577
MARALOVER,2023-01-24 00:00:00+05:30,65.95,67.35,65.05,66.55,14712
MARALOVER,2023-01-25 00:00:00+05:30,66.95,67.6,65.9,67.2,30096
MARALOVER,2023-01-27 00:00:00+05:30,67.85,67.85,61.5,63.1,33327
MARALOVER,2023-01-30 00:00:00+05:30,65.9,65.9,62.05,62.3,12313
MARALOVER,2023-01-31 00:00:00+05:30,63.55,64.4,61.65,63.75,9053
MARALOVER,2023-02-01 00:00:00+05:30,64.5,65.95,61.55,62.75,17593
MARALOVER,2023-02-02 00:00:00+05:30,63.0,65.9,61.8,61.95,160245
MARALOVER,2023-02-03 00:00:00+05:30,62.0,63.25,57.65,59.2,75379
MARALOVER,2023-02-06 00:00:00+05:30,60.0,60.0,56.2,57.5,20832
MARALOVER,2023-02-07 00:00:00+05:30,59.15,59.15,54.75,55.55,19042
MARALOVER,2023-02-08 00:00:00+05:30,56.85,56.85,52.85,53.5,39723
MARALOVER,2023-02-09 00:00:00+05:30,54.5,55.4,53.05,54.25,12921
MARALOVER,2023-02-10 00:00:00+05:30,53.3,54.55,52.15,52.55,22168
MARALOVER,2023-02-13 00:00:00+05:30,54.0,54.75,52.25,52.7,11741
MARALOVER,2023-02-14 00:00:00+05:30,54.9,55.0,52.1,52.4,12092
MARALOVER,2023-02-15 00:00:00+05:30,52.15,53.7,51.0,51.65,6451
MARALOVER,2023-02-16 00:00:00+05:30,52.15,52.8,51.8,52.55,5815
MARALOVER,2023-02-17 00:00:00+05:30,52.0,52.5,50.8,51.05,7600
MARALOVER,2023-02-20 00:00:00+05:30,50.4,51.85,49.9,51.1,11604
MARALOVER,2023-02-21 00:00:00+05:30,51.4,52.7,51.25,51.95,20304
MARALOVER,2023-02-22 00:00:00+05:30,52.05,53.9,51.8,52.55,10719
MARALOVER,2023-02-23 00:00:00+05:30,52.5,53.7,51.25,51.8,9050
MARALOVER,2023-02-24 00:00:00+05:30,52.4,53.0,52.05,52.35,4714
MARALOVER,2023-02-27 00:00:00+05:30,50.3,52.65,48.0,48.5,12357
MARALOVER,2023-02-28 00:00:00+05:30,51.5,51.5,48.45,49.2,11877
MARALOVER,2023-03-01 00:00:00+05:30,50.75,51.95,49.05,50.45,59192
MARALOVER,2023-03-02 00:00:00+05:30,50.45,52.45,50.45,51.95,7636
MARALOVER,2023-03-03 00:00:00+05:30,52.1,53.1,51.35,52.05,10493
MARALOVER,2023-03-06 00:00:00+05:30,51.55,53.6,51.55,53.0,16357
MARALOVER,2023-03-08 00:00:00+05:30,53.8,53.8,52.3,52.5,6091
MARALOVER,2023-03-09 00:00:00+05:30,52.45,53.0,50.15,51.1,21204
MARALOVER,2023-03-10 00:00:00+05:30,51.3,52.8,50.25,52.0,29328
MARALOVER,2023-03-13 00:00:00+05:30,51.2,54.7,50.2,52.0,17742
MARALOVER,2023-03-14 00:00:00+05:30,51.7,53.45,50.5,51.6,14078
MARALOVER,2023-03-15 00:00:00+05:30,51.2,52.2,50.55,50.8,13687
MARALOVER,2023-03-16 00:00:00+05:30,51.35,51.35,50.3,51.05,2434
MARALOVER,2023-03-17 00:00:00+05:30,51.15,51.7,48.35,49.85,22811
MARALOVER,2023-03-20 00:00:00+05:30,49.8,50.9,47.25,48.15,21147
MARALOVER,2023-03-21 00:00:00+05:30,52.5,52.5,48.05,49.7,11640
MARALOVER,2023-03-22 00:00:00+05:30,50.05,56.4,48.4,52.0,187016
MARALOVER,2023-03-23 00:00:00+05:30,51.2,54.15,50.7,51.0,41846
MARALOVER,2023-03-24 00:00:00+05:30,53.75,53.75,50.05,50.7,15371
MARALOVER,2023-03-27 00:00:00+05:30,51.35,51.85,47.5,47.75,19470
MARALOVER,2023-03-28 00:00:00+05:30,49.45,49.45,45.6,45.8,18967
MARALOVER,2023-03-29 00:00:00+05:30,45.75,47.6,45.7,46.15,30039
MARALOVER,2023-03-31 00:00:00+05:30,47.35,47.35,46.25,46.8,16404
MARALOVER,2023-04-03 00:00:00+05:30,48.9,49.7,47.7,48.7,8568
MARALOVER,2023-04-05 00:00:00+05:30,48.9,50.85,48.3,49.9,16117
MARALOVER,2023-04-06 00:00:00+05:30,50.65,55.55,50.1,54.3,47042
MARALOVER,2023-04-10 00:00:00+05:30,54.9,56.55,53.85,53.95,34772
MARALOVER,2023-04-11 00:00:00+05:30,54.9,54.9,53.0,53.5,14761
MARALOVER,2023-04-12 00:00:00+05:30,53.45,54.05,52.8,53.1,9421
MARALOVER,2023-04-13 00:00:00+05:30,53.6,53.7,52.7,52.85,13173
MARALOVER,2023-04-17 00:00:00+05:30,52.75,53.45,52.5,52.9,5305
MARALOVER,2023-04-18 00:00:00+05:30,54.05,55.9,53.0,53.55,28534
MARALOVER,2023-04-19 00:00:00+05:30,54.95,56.8,53.4,56.5,49386
MARALOVER,2023-04-20 00:00:00+05:30,56.95,59.65,56.4,58.25,87370
MARALOVER,2023-04-21 00:00:00+05:30,59.35,60.0,56.4,56.8,12053
MARALOVER,2023-04-24 00:00:00+05:30,58.4,58.45,56.85,57.5,13786
MARALOVER,2023-04-25 00:00:00+05:30,57.05,58.5,56.0,56.95,11989
MARALOVER,2023-04-26 00:00:00+05:30,56.3,57.25,55.2,55.85,9246
MARALOVER,2023-04-27 00:00:00+05:30,56.5,61.8,55.8,58.05,45386
MARALOVER,2023-04-28 00:00:00+05:30,58.6,61.1,58.0,59.0,18579
MARALOVER,2023-05-02 00:00:00+05:30,60.0,60.25,57.55,58.35,7601
MARALOVER,2023-05-03 00:00:00+05:30,58.15,58.2,56.55,57.15,11071
MARALOVER,2023-05-04 00:00:00+05:30,58.5,59.0,56.2,57.0,13539
MARALOVER,2023-05-05 00:00:00+05:30,58.15,58.15,54.5,54.85,22669
MARALOVER,2023-05-08 00:00:00+05:30,55.0,56.15,54.1,54.7,7948
MARALOVER,2023-05-09 00:00:00+05:30,54.75,55.65,53.5,53.85,5223
MARALOVER,2023-05-10 00:00:00+05:30,54.95,54.95,54.1,54.15,3758
MARALOVER,2023-05-11 00:00:00+05:30,54.7,54.8,54.05,54.2,4791
MARALOVER,2023-05-12 00:00:00+05:30,54.2,54.2,53.2,53.35,3899
MARALOVER,2023-05-15 00:00:00+05:30,55.0,55.0,52.65,52.85,7888
MARALOVER,2023-05-16 00:00:00+05:30,52.15,54.9,52.15,52.45,8785
MARALOVER,2023-05-17 00:00:00+05:30,53.95,53.95,52.0,52.4,8414
MARALOVER,2023-05-18 00:00:00+05:30,52.8,54.0,52.8,53.55,2924
MARALOVER,2023-05-19 00:00:00+05:30,53.95,54.95,53.05,53.55,4458
MARALOVER,2023-05-22 00:00:00+05:30,53.95,55.0,53.0,53.0,3690
MARALOVER,2023-05-23 00:00:00+05:30,53.55,54.15,53.05,53.8,4449
MARALOVER,2023-05-24 00:00:00+05:30,53.9,54.05,52.6,53.0,6032
MARALOVER,2023-05-25 00:00:00+05:30,52.75,53.85,51.6,52.05,7119
MARALOVER,2023-05-26 00:00:00+05:30,52.9,53.9,51.15,52.35,11256
MARALOVER,2023-05-29 00:00:00+05:30,52.4,53.6,51.1,52.45,14356
MARALOVER,2023-05-30 00:00:00+05:30,52.35,53.35,51.1,51.9,11099
MARALOVER,2023-05-31 00:00:00+05:30,52.95,54.35,51.7,53.35,11096
MARALOVER,2023-06-01 00:00:00+05:30,52.95,54.35,52.15,52.6,11651
MARALOVER,2023-06-02 00:00:00+05:30,52.9,53.35,51.85,52.05,12576
MARALOVER,2023-06-05 00:00:00+05:30,52.9,53.95,51.65,52.85,10682
MARALOVER,2023-06-06 00:00:00+05:30,52.9,55.35,52.65,55.05,43012
MARALOVER,2023-06-07 00:00:00+05:30,55.65,56.25,54.1,55.05,24992
MARALOVER,2023-06-08 00:00:00+05:30,55.9,58.0,54.85,55.9,54349
MARALOVER,2023-06-09 00:00:00+05:30,55.6,60.75,55.0,58.6,104890
MARALOVER,2023-06-12 00:00:00+05:30,59.4,62.6,59.35,59.95,46082
MARALOVER,2023-06-13 00:00:00+05:30,61.4,61.4,57.2,58.0,31209
MARALOVER,2023-06-14 00:00:00+05:30,60.6,60.6,56.6,57.5,10927
MARALOVER,2023-06-15 00:00:00+05:30,57.95,59.65,55.0,55.45,70866
MARALOVER,2023-06-16 00:00:00+05:30,56.1,57.0,55.45,56.15,16957
MARALOVER,2023-06-19 00:00:00+05:30,56.15,56.3,55.2,55.75,3531
MARALOVER,2023-06-20 00:00:00+05:30,55.55,56.65,55.1,55.5,9887
MARALOVER,2023-06-21 00:00:00+05:30,55.2,57.0,54.3,54.95,23400
MARALOVER,2023-06-22 00:00:00+05:30,55.1,55.8,53.55,54.15,19726
MARALOVER,2023-06-23 00:00:00+05:30,54.15,55.35,53.25,53.6,10050
MARALOVER,2023-06-26 00:00:00+05:30,54.95,56.0,52.95,53.2,12412
MARALOVER,2023-06-27 00:00:00+05:30,53.4,54.15,52.95,53.35,6735
MARALOVER,2023-06-28 00:00:00+05:30,53.95,55.05,53.2,53.95,6478
MARALOVER,2023-06-30 00:00:00+05:30,55.9,55.9,53.5,54.1,20001
MARALOVER,2023-07-03 00:00:00+05:30,55.0,56.5,54.95,55.85,18765
MARALOVER,2023-07-04 00:00:00+05:30,56.9,59.9,56.0,58.4,55362
MARALOVER,2023-07-05 00:00:00+05:30,59.25,60.5,56.15,57.4,23926
MARALOVER,2023-07-06 00:00:00+05:30,57.5,59.4,56.2,57.25,26008
MARALOVER,2023-07-07 00:00:00+05:30,58.45,58.45,56.8,57.75,25096
MARALOVER,2023-07-10 00:00:00+05:30,57.95,59.9,56.8,57.5,33657
MARALOVER,2023-07-11 00:00:00+05:30,57.4,57.8,54.75,55.45,25163
MARALOVER,2023-07-12 00:00:00+05:30,55.45,56.9,54.65,55.0,20663
MARALOVER,2023-07-13 00:00:00+05:30,56.7,56.7,54.55,54.7,13872
MARALOVER,2023-07-14 00:00:00+05:30,54.5,55.65,53.6,54.05,13448
MARALOVER,2023-07-17 00:00:00+05:30,54.95,56.8,53.9,55.9,93030
MARALOVER,2023-07-18 00:00:00+05:30,56.45,56.6,53.5,53.75,38772
MARALOVER,2023-07-19 00:00:00+05:30,53.3,57.0,53.3,54.8,48648
MARALOVER,2023-07-20 00:00:00+05:30,55.05,56.0,54.0,54.65,20591
MARALOVER,2023-07-21 00:00:00+05:30,55.75,55.75,54.1,54.8,13767
MARALOVER,2023-07-24 00:00:00+05:30,54.8,55.95,54.15,55.65,62658
MARALOVER,2023-07-25 00:00:00+05:30,55.65,56.35,52.95,53.35,39415
MARALOVER,2023-07-26 00:00:00+05:30,53.7,55.9,53.15,54.7,19077
MARALOVER,2023-07-27 00:00:00+05:30,55.0,58.1,53.5,53.65,122026
MARALOVER,2023-07-28 00:00:00+05:30,54.05,54.95,53.7,54.55,14477
MARALOVER,2023-07-31 00:00:00+05:30,54.95,56.5,54.05,54.3,66887
MARALOVER,2023-08-01 00:00:00+05:30,54.3,56.75,54.3,55.3,39553
MARALOVER,2023-08-02 00:00:00+05:30,55.35,55.6,54.2,54.85,11395
MARALOVER,2023-08-03 00:00:00+05:30,54.45,54.95,53.6,54.1,10742
MARALOVER,2023-08-04 00:00:00+05:30,54.15,56.85,54.1,55.65,37853
MARALOVER,2023-08-07 00:00:00+05:30,55.15,55.2,52.1,52.15,58120
MARALOVER,2023-08-08 00:00:00+05:30,52.1,54.9,51.8,53.55,33273
MARALOVER,2023-08-09 00:00:00+05:30,54.0,54.4,52.95,53.45,14654
MARALOVER,2023-08-10 00:00:00+05:30,53.95,54.0,52.95,53.2,98306
MARALOVER,2023-08-11 00:00:00+05:30,53.25,53.25,51.7,52.0,26735
MARALOVER,2023-08-14 00:00:00+05:30,52.35,52.35,51.5,51.7,5168
MARALOVER,2023-08-16 00:00:00+05:30,52.75,52.75,51.05,51.15,11543
MARALOVER,2023-08-17 00:00:00+05:30,51.9,52.55,50.3,51.6,21257
MARALOVER,2023-08-18 00:00:00+05:30,52.9,55.4,51.0,52.65,57875
MARALOVER,2023-08-21 00:00:00+05:30,52.95,53.9,51.35,53.55,32434
MARALOVER,2023-08-22 00:00:00+05:30,53.05,54.65,52.2,52.6,56127
MARALOVER,2023-08-23 00:00:00+05:30,52.45,55.85,51.75,53.75,67554
MARALOVER,2023-08-24 00:00:00+05:30,54.45,54.45,53.25,53.6,7719
MARALOVER,2023-08-25 00:00:00+05:30,53.65,53.65,52.65,53.05,10079
MARALOVER,2023-08-28 00:00:00+05:30,53.9,62.0,52.3,60.25,323696
MARALOVER,2023-08-29 00:00:00+05:30,61.85,65.0,58.8,63.55,345537
MARALOVER,2023-08-30 00:00:00+05:30,64.8,66.9,61.4,61.85,148785
MARALOVER,2023-08-31 00:00:00+05:30,62.75,66.5,59.0,62.9,350924
MARALOVER,2023-09-01 00:00:00+05:30,64.25,64.25,62.0,62.25,61263
MARALOVER,2023-09-04 00:00:00+05:30,62.9,65.0,62.0,62.9,80153
MARALOVER,2023-09-05 00:00:00+05:30,63.8,64.4,61.6,61.9,42964
MARALOVER,2023-09-06 00:00:00+05:30,62.3,63.5,59.9,60.55,100815
MARALOVER,2023-09-07 00:00:00+05:30,61.85,72.65,61.85,72.65,806182
MARALOVER,2023-09-08 00:00:00+05:30,75.5,75.5,65.35,66.75,649888
MARALOVER,2023-09-11 00:00:00+05:30,67.45,75.2,64.65,72.05,564135
MARALOVER,2023-09-12 00:00:00+05:30,72.25,73.95,65.05,66.45,215566
MARALOVER,2023-09-13 00:00:00+05:30,66.4,69.85,64.65,69.0,111920
MARALOVER,2023-09-14 00:00:00+05:30,70.05,73.95,70.0,72.0,171279
MARALOVER,2023-09-15 00:00:00+05:30,73.4,77.0,72.7,74.95,276149
MARALOVER,2023-09-18 00:00:00+05:30,76.5,84.0,75.05,81.55,1100001
MARALOVER,2023-09-20 00:00:00+05:30,82.9,84.45,79.0,79.75,291116
MARALOVER,2023-09-21 00:00:00+05:30,80.5,82.4,78.0,78.4,118269
MARALOVER,2023-09-22 00:00:00+05:30,79.8,80.0,75.65,76.0,62644
MARALOVER,2023-09-25 00:00:00+05:30,76.0,78.85,73.05,73.55,78010
MARALOVER,2023-09-26 00:00:00+05:30,74.7,74.7,71.5,71.85,61710
MARALOVER,2023-09-27 00:00:00+05:30,72.95,75.0,72.0,74.4,35207
MARALOVER,2023-09-28 00:00:00+05:30,75.55,75.95,70.25,71.15,55621
MARALOVER,2023-09-29 00:00:00+05:30,73.3,80.2,72.5,78.95,188845
MARALOVER,2023-10-03 00:00:00+05:30,80.0,82.0,77.5,78.5,103082
MARALOVER,2023-10-04 00:00:00+05:30,78.5,78.9,75.3,75.8,42574
MARALOVER,2023-10-05 00:00:00+05:30,75.8,78.7,73.95,76.4,58275
MARALOVER,2023-10-06 00:00:00+05:30,76.9,78.5,76.4,76.85,22019
MARALOVER,2023-10-09 00:00:00+05:30,75.5,76.3,71.15,72.0,56880
MARALOVER,2023-10-10 00:00:00+05:30,73.7,75.5,71.85,72.7,48582
MARALOVER,2023-10-11 00:00:00+05:30,74.5,74.5,72.25,73.6,16381
MARALOVER,2023-10-12 00:00:00+05:30,74.9,74.9,70.65,71.85,51344
MARALOVER,2023-10-13 00:00:00+05:30,71.85,73.05,69.95,70.75,38175
MARALOVER,2023-10-16 00:00:00+05:30,71.35,71.35,68.05,69.15,54661
MARALOVER,2023-10-17 00:00:00+05:30,70.95,72.45,69.1,69.65,46307
MARALOVER,2023-10-18 00:00:00+05:30,70.0,71.45,68.5,69.2,35773
MARALOVER,2023-10-19 00:00:00+05:30,68.35,69.35,67.7,68.6,36691
MARALOVER,2023-10-20 00:00:00+05:30,67.6,70.7,67.6,70.05,30178
MARALOVER,2023-10-23 00:00:00+05:30,69.55,69.7,63.5,64.7,51576
MARALOVER,2023-10-25 00:00:00+05:30,66.95,68.2,64.75,65.7,19304
MARALOVER,2023-10-26 00:00:00+05:30,67.45,67.45,63.0,63.95,15542
MARALOVER,2023-10-27 00:00:00+05:30,65.75,67.5,65.75,66.05,17128
MARALOVER,2023-10-30 00:00:00+05:30,66.15,67.35,64.7,65.15,16659
MARALOVER,2023-10-31 00:00:00+05:30,66.0,67.05,64.3,64.9,39415
MARALOVER,2023-11-01 00:00:00+05:30,66.7,72.5,64.1,68.9,148087
MARALOVER,2023-11-02 00:00:00+05:30,70.0,72.0,68.7,70.45,162308
MARALOVER,2023-11-03 00:00:00+05:30,71.0,71.0,68.55,68.85,34536
MARALOVER,2023-11-06 00:00:00+05:30,70.0,70.25,66.55,67.45,34442
MARALOVER,2023-11-07 00:00:00+05:30,69.4,69.4,66.5,68.1,14629
MARALOVER,2023-11-08 00:00:00+05:30,68.15,70.3,67.1,68.75,40643
MARALOVER,2023-11-09 00:00:00+05:30,70.1,70.1,67.1,67.6,52555
MARALOVER,2023-11-10 00:00:00+05:30,66.3,68.6,66.3,67.4,30469
MARALOVER,2023-11-12 00:00:00+05:30,67.45,68.85,65.5,67.3,19874
MARALOVER,2023-11-13 00:00:00+05:30,69.15,69.15,67.4,67.85,16727
MARALOVER,2023-11-15 00:00:00+05:30,69.6,69.6,67.0,67.55,22226
MARALOVER,2023-11-16 00:00:00+05:30,68.9,69.4,66.2,66.75,45687
MARALOVER,2023-11-17 00:00:00+05:30,66.1,71.9,66.1,71.35,125751
MARALOVER,2023-11-20 00:00:00+05:30,71.45,74.35,71.45,73.5,137496
MARALOVER,2023-11-21 00:00:00+05:30,74.9,74.9,70.35,71.25,91474
MARALOVER,2023-11-22 00:00:00+05:30,71.1,73.7,68.65,70.0,76386
MARALOVER,2023-11-23 00:00:00+05:30,71.0,72.45,70.45,72.1,25108
MARALOVER,2023-11-24 00:00:00+05:30,73.85,81.95,71.5,80.9,631220
MARALOVER,2023-11-28 00:00:00+05:30,81.2,81.2,76.0,77.35,159806
MARALOVER,2023-11-29 00:00:00+05:30,78.6,79.85,76.1,76.9,85972
MARALOVER,2023-11-30 00:00:00+05:30,77.9,77.9,74.65,75.4,56188
MARALOVER,2023-12-01 00:00:00+05:30,75.5,77.35,74.6,75.55,31294
MARALOVER,2023-12-04 00:00:00+05:30,75.1,76.05,74.2,74.65,48427
MARALOVER,2023-12-05 00:00:00+05:30,74.65,75.7,73.25,73.45,26783
MARALOVER,2023-12-06 00:00:00+05:30,73.5,75.75,73.5,74.5,34938
MARALOVER,2023-12-07 00:00:00+05:30,75.75,75.75,73.7,74.45,17318
MARALOVER,2023-12-08 00:00:00+05:30,75.65,76.8,72.6,73.7,37427
MARALOVER,2023-12-11 00:00:00+05:30,75.2,75.2,72.65,73.9,21266
MARALOVER,2023-12-12 00:00:00+05:30,74.95,75.2,73.2,73.9,18150
MARALOVER,2023-12-13 00:00:00+05:30,73.25,74.85,71.9,72.25,46848
MARALOVER,2023-12-14 00:00:00+05:30,73.9,73.9,72.0,72.4,18975
MARALOVER,2023-12-15 00:00:00+05:30,73.05,76.5,71.55,74.3,113255
MARALOVER,2023-12-18 00:00:00+05:30,75.9,76.2,72.9,73.2,33584
MARALOVER,2023-12-19 00:00:00+05:30,74.6,75.0,73.2,74.15,23700
MARALOVER,2023-12-20 00:00:00+05:30,74.3,74.95,69.0,69.7,50363
MARALOVER,2023-12-21 00:00:00+05:30,70.7,72.4,69.35,71.95,27464
MARALOVER,2023-12-22 00:00:00+05:30,71.15,73.4,69.4,70.25,59080
MARALOVER,2023-12-26 00:00:00+05:30,71.45,72.0,68.8,69.35,22788
MARALOVER,2023-12-27 00:00:00+05:30,70.9,71.35,68.7,69.0,32972
MARALOVER,2023-12-28 00:00:00+05:30,69.0,72.85,68.55,70.75,68506
MARALOVER,2023-12-29 00:00:00+05:30,70.95,71.6,68.9,69.25,33722
MARALOVER,2024-01-01 00:00:00+05:30,69.4,70.55,69.1,69.8,14986
MARALOVER,2024-01-02 00:00:00+05:30,69.55,72.0,68.9,69.5,49131
MARALOVER,2024-01-03 00:00:00+05:30,70.45,70.8,68.9,69.3,19968
MARALOVER,2024-01-04 00:00:00+05:30,70.35,76.9,70.15,72.4,194158
MARALOVER,2024-01-05 00:00:00+05:30,73.95,76.8,72.3,73.85,264654
MARALOVER,2024-01-08 00:00:00+05:30,73.9,77.45,73.1,76.35,121887
MARALOVER,2024-01-09 00:00:00+05:30,77.45,79.5,76.35,77.2,147031
MARALOVER,2024-01-10 00:00:00+05:30,77.2,80.35,76.0,78.9,184048
MARALOVER,2024-01-11 00:00:00+05:30,80.9,81.4,78.25,78.65,90090
MARALOVER,2024-01-12 00:00:00+05:30,79.9,81.0,76.6,77.25,114835
MARALOVER,2024-01-15 00:00:00+05:30,77.25,78.45,77.2,77.7,31922
MARALOVER,2024-01-16 00:00:00+05:30,77.6,77.9,74.55,76.2,43731
MARALOVER,2024-01-17 00:00:00+05:30,76.2,78.0,74.25,75.1,44045
MARALOVER,2024-01-18 00:00:00+05:30,75.85,76.0,73.4,75.1,28758
MARALOVER,2024-01-19 00:00:00+05:30,75.85,76.15,75.0,75.5,27815
MARALOVER,2024-01-20 00:00:00+05:30,76.35,78.0,75.2,75.75,39967
MARALOVER,2024-01-23 00:00:00+05:30,76.9,77.9,72.55,72.95,35766
MARALOVER,2024-01-24 00:00:00+05:30,73.95,74.5,71.75,73.4,21720
MARALOVER,2024-01-25 00:00:00+05:30,74.5,78.6,73.05,77.5,61974
MARALOVER,2024-01-29 00:00:00+05:30,77.95,85.75,77.95,85.0,865407
MARALOVER,2024-01-30 00:00:00+05:30,90.0,102.0,89.05,102.0,3313863
MARALOVER,2024-01-31 00:00:00+05:30,102.0,102.0,91.25,92.05,851848
MARALOVER,2024-02-01 00:00:00+05:30,93.0,95.9,89.05,90.55,307938
MARALOVER,2024-02-02 00:00:00+05:30,90.55,92.2,86.1,90.65,381580
MARALOVER,2024-02-05 00:00:00+05:30,92.85,94.4,88.4,89.0,165984
MARALOVER,2024-02-06 00:00:00+05:30,91.45,92.15,86.1,87.1,112323
MARALOVER,2024-02-07 00:00:00+05:30,91.9,91.9,86.5,87.85,80917
MARALOVER,2024-02-08 00:00:00+05:30,90.85,90.85,81.75,85.05,182711
MARALOVER,2024-02-09 00:00:00+05:30,85.0,86.2,79.9,83.15,104500
MARALOVER,2024-02-12 00:00:00+05:30,81.5,83.5,75.0,77.05,52575
MARALOVER,2024-02-13 00:00:00+05:30,77.05,79.95,74.5,78.7,65394
MARALOVER,2024-02-14 00:00:00+05:30,79.95,79.95,76.55,78.5,39269
MARALOVER,2024-02-15 00:00:00+05:30,78.55,91.6,77.6,87.55,499383
MARALOVER,2024-02-16 00:00:00+05:30,88.0,90.0,81.0,82.55,134531
MARALOVER,2024-02-19 00:00:00+05:30,83.4,87.45,83.1,84.15,62409
MARALOVER,2024-02-20 00:00:00+05:30,84.9,85.5,82.85,83.75,22125
MARALOVER,2024-02-21 00:00:00+05:30,82.7,84.7,79.4,80.1,56480
MARALOVER,2024-02-22 00:00:00+05:30,80.15,83.5,79.4,82.35,80388
MARALOVER,2024-02-23 00:00:00+05:30,83.0,84.55,80.5,81.15,37384
MARALOVER,2024-02-26 00:00:00+05:30,81.95,82.05,79.55,80.35,24440
MARALOVER,2024-02-27 00:00:00+05:30,81.25,81.25,78.4,78.75,32423
MARALOVER,2024-02-28 00:00:00+05:30,79.9,79.9,75.6,77.2,45656
MARALOVER,2024-02-29 00:00:00+05:30,78.75,78.8,74.2,74.7,66165
MARALOVER,2024-03-01 00:00:00+05:30,74.8,78.0,74.8,77.25,37807
MARALOVER,2024-03-02 00:00:00+05:30,77.25,79.65,76.6,78.2,2853
MARALOVER,2024-03-04 00:00:00+05:30,80.0,80.0,75.55,75.85,47984
MARALOVER,2024-03-05 00:00:00+05:30,75.2,77.8,75.2,76.55,33586
MARALOVER,2024-03-06 00:00:00+05:30,78.0,78.0,73.35,73.7,45691
MARALOVER,2024-03-07 00:00:00+05:30,75.5,76.0,74.05,74.45,32554
MARALOVER,2024-03-11 00:00:00+05:30,74.45,74.95,72.0,72.1,27252
MARALOVER,2024-03-12 00:00:00+05:30,72.1,75.0,67.6,68.15,69995
MARALOVER,2024-03-13 00:00:00+05:30,69.95,69.95,61.0,61.8,86146
MARALOVER,2024-03-14 00:00:00+05:30,63.45,67.9,63.3,64.85,52933
MARALOVER,2024-03-15 00:00:00+05:30,64.2,66.85,62.75,63.75,68408
MARALOVER,2024-03-18 00:00:00+05:30,62.3,65.35,62.3,63.8,22546
MARALOVER,2024-03-19 00:00:00+05:30,64.05,64.75,63.0,63.75,17208
MARALOVER,2024-03-20 00:00:00+05:30,64.1,64.8,62.55,64.25,19837
MARALOVER,2024-03-21 00:00:00+05:30,66.0,66.0,62.6,63.65,36946
MARALOVER,2024-03-22 00:00:00+05:30,63.3,67.9,63.1,66.15,57801
MARALOVER,2024-03-26 00:00:00+05:30,67.9,67.95,63.5,64.25,36217
MARALOVER,2024-03-27 00:00:00+05:30,64.25,65.45,62.25,63.1,96133
MARALOVER,2024-03-28 00:00:00+05:30,63.95,64.45,61.65,62.7,61831
MARALOVER,2024-04-01 00:00:00+05:30,63.1,70.3,63.1,69.45,64408
MARALOVER,2024-04-02 00:00:00+05:30,70.0,72.45,69.3,69.95,26595
MARALOVER,2024-04-03 00:00:00+05:30,69.55,71.95,69.35,71.2,15129
MARALOVER,2024-04-04 00:00:00+05:30,72.2,73.4,71.5,72.0,35430
MARALOVER,2024-04-05 00:00:00+05:30,71.6,73.2,71.6,72.25,20723
MARALOVER,2024-04-08 00:00:00+05:30,73.0,74.1,71.0,71.75,19256
MARALOVER,2024-04-09 00:00:00+05:30,73.15,73.65,71.0,72.35,21285
MARALOVER,2024-04-10 00:00:00+05:30,72.35,73.4,71.2,72.95,35288
MARALOVER,2024-04-12 00:00:00+05:30,72.05,73.3,71.35,72.5,11156
MARALOVER,2024-04-15 00:00:00+05:30,69.0,71.15,69.0,69.45,17039
MARALOVER,2024-04-16 00:00:00+05:30,69.05,71.95,68.0,69.2,23839
MARALOVER,2024-04-18 00:00:00+05:30,70.25,74.1,69.6,72.75,64195
MARALOVER,2024-04-19 00:00:00+05:30,73.45,73.45,69.6,70.85,22002
MARALOVER,2024-04-22 00:00:00+05:30,70.85,77.95,70.85,76.95,110907
MARALOVER,2024-04-23 00:00:00+05:30,79.95,80.3,74.6,75.35,53942
MARALOVER,2024-04-24 00:00:00+05:30,75.35,78.0,75.0,75.65,30078
MARALOVER,2024-04-25 00:00:00+05:30,77.2,77.2,72.9,73.5,29775
MARALOVER,2024-04-26 00:00:00+05:30,75.3,76.0,73.5,75.05,16166
MARALOVER,2024-04-29 00:00:00+05:30,75.05,79.8,74.7,78.3,62619
MARALOVER,2024-04-30 00:00:00+05:30,77.7,78.45,75.1,75.9,16944
MARALOVER,2024-05-02 00:00:00+05:30,77.4,81.0,76.5,78.5,77366
MARALOVER,2024-05-03 00:00:00+05:30,78.05,80.0,76.6,77.0,18451
MARALOVER,2024-05-06 00:00:00+05:30,76.55,78.25,75.2,75.5,21241
MARALOVER,2024-05-07 00:00:00+05:30,75.5,77.15,72.45,73.9,12527
MARALOVER,2024-05-08 00:00:00+05:30,73.55,76.3,73.55,74.45,14576
MARALOVER,2024-05-09 00:00:00+05:30,76.85,76.95,71.8,73.05,23781
MARALOVER,2024-05-10 00:00:00+05:30,78.0,81.45,75.0,75.7,134859
MARALOVER,2024-05-13 00:00:00+05:30,77.3,77.3,72.2,73.5,24606
MARALOVER,2024-05-14 00:00:00+05:30,73.5,74.05,71.1,72.7,31218
MARALOVER,2024-05-15 00:00:00+05:30,73.0,77.0,72.15,73.05,34369
MARALOVER,2024-05-16 00:00:00+05:30,73.0,74.95,73.0,73.35,12351
MARALOVER,2024-05-17 00:00:00+05:30,74.9,74.9,73.05,73.25,17513
MARALOVER,2024-05-18 00:00:00+05:30,74.9,76.1,74.1,74.5,16082
MARALOVER,2024-05-21 00:00:00+05:30,76.8,76.8,72.55,73.1,20728
MARALOVER,2024-05-22 00:00:00+05:30,73.15,73.85,72.15,72.55,13744
MARALOVER,2024-05-23 00:00:00+05:30,71.65,74.4,71.65,72.75,19005
MARALOVER,2024-05-24 00:00:00+05:30,72.15,73.75,72.0,72.2,14824
MARALOVER,2024-05-27 00:00:00+05:30,72.45,74.55,69.65,70.2,21894
MARALOVER,2024-05-28 00:00:00+05:30,69.25,70.85,69.25,70.2,7290
MARALOVER,2024-05-29 00:00:00+05:30,70.25,70.85,69.6,70.2,8138
MARALOVER,2024-05-30 00:00:00+05:30,70.1,70.25,68.05,68.8,10622
MARALOVER,2024-05-31 00:00:00+05:30,68.05,69.6,67.45,68.5,12835
MARALOVER,2024-06-03 00:00:00+05:30,73.75,73.75,68.0,69.15,22376
MARALOVER,2024-06-04 00:00:00+05:30,69.15,69.15,63.85,66.05,23271
MARALOVER,2024-06-05 00:00:00+05:30,67.0,68.9,64.0,67.45,25684
MARALOVER,2024-06-06 00:00:00+05:30,68.0,69.4,66.85,68.6,19645
MARALOVER,2024-06-07 00:00:00+05:30,69.55,72.45,68.85,69.4,33102
MARALOVER,2024-06-10 00:00:00+05:30,71.0,71.0,68.18,68.77,16669
MARALOVER,2024-06-11 00:00:00+05:30,69.05,70.0,67.97,68.56,30430
MARALOVER,2024-06-12 00:00:00+05:30,68.27,70.95,68.11,70.25,60128
MARALOVER,2024-06-13 00:00:00+05:30,70.84,74.52,70.31,72.47,74194
MARALOVER,2024-06-14 00:00:00+05:30,73.0,74.94,72.51,73.51,46931
MARALOVER,2024-06-18 00:00:00+05:30,73.51,74.49,70.01,71.65,27730
MARALOVER,2024-06-19 00:00:00+05:30,71.67,75.54,70.16,73.84,68708
MARALOVER,2024-06-20 00:00:00+05:30,75.78,75.78,72.01,73.19,34538
MARALOVER,2024-06-21 00:00:00+05:30,74.8,76.5,72.81,75.01,65095
MARALOVER,2024-06-24 00:00:00+05:30,75.0,75.0,72.1,72.89,30913
MARALOVER,2024-06-25 00:00:00+05:30,74.9,74.9,72.61,74.51,25515
MARALOVER,2024-06-26 00:00:00+05:30,74.51,76.35,73.06,74.88,68802
MARALOVER,2024-06-27 00:00:00+05:30,74.0,75.39,71.51,72.39,46855
MARALOVER,2024-06-28 00:00:00+05:30,74.64,74.64,70.62,72.11,38891
MARALOVER,2024-07-01 00:00:00+05:30,73.62,74.95,72.41,74.19,38881
MARALOVER,2024-07-02 00:00:00+05:30,74.9,75.95,74.21,74.58,41330
MARALOVER,2024-07-03 00:00:00+05:30,73.4,75.95,73.4,75.31,33363
MARALOVER,2024-07-04 00:00:00+05:30,74.6,75.72,72.77,74.13,27172
MARALOVER,2024-07-05 00:00:00+05:30,74.13,74.68,73.18,73.54,21507
MARALOVER,2024-07-08 00:00:00+05:30,73.16,75.5,72.0,72.61,18020
MARALOVER,2024-07-09 00:00:00+05:30,73.4,75.49,71.95,73.65,29357
MARALOVER,2024-07-10 00:00:00+05:30,73.63,74.98,72.0,74.11,50447
MARALOVER,2024-07-11 00:00:00+05:30,74.11,74.79,72.57,72.82,36886
MARALOVER,2024-07-12 00:00:00+05:30,72.55,74.2,71.11,72.63,24799
MARALOVER,2024-07-15 00:00:00+05:30,72.76,73.69,71.32,72.51,19236
MARALOVER,2024-07-16 00:00:00+05:30,73.9,74.9,72.65,73.45,24718
MARALOVER,2024-07-18 00:00:00+05:30,74.85,74.85,71.75,72.64,26571
MARALOVER,2024-07-19 00:00:00+05:30,73.75,73.76,67.51,68.83,51368
MARALOVER,2024-07-22 00:00:00+05:30,68.84,74.95,68.11,73.3,77080
MARALOVER,2024-07-23 00:00:00+05:30,73.95,75.49,69.99,71.75,48141
MARALOVER,2024-07-24 00:00:00+05:30,70.53,76.37,70.53,74.47,95203
MARALOVER,2024-07-25 00:00:00+05:30,73.6,83.34,73.44,80.25,397251
MARALOVER,2024-07-26 00:00:00+05:30,82.0,86.99,81.15,82.07,372900
MARALOVER,2024-07-29 00:00:00+05:30,82.9,83.99,80.45,81.43,78485
MARALOVER,2024-07-30 00:00:00+05:30,80.11,85.99,80.11,84.93,157815
MARALOVER,2024-07-31 00:00:00+05:30,86.1,88.4,82.41,82.99,136826
MARALOVER,2024-08-01 00:00:00+05:30,84.25,86.5,81.35,81.74,95707
MARALOVER,2024-08-02 00:00:00+05:30,78.8,79.9,73.1,77.49,190302
MARALOVER,2024-08-05 00:00:00+05:30,74.75,76.09,72.0,73.1,60779
MARALOVER,2024-08-06 00:00:00+05:30,74.2,79.37,73.06,74.34,124427
MARALOVER,2024-08-07 00:00:00+05:30,75.4,78.44,73.11,74.99,107665
MARALOVER,2024-08-08 00:00:00+05:30,74.97,75.8,73.07,73.92,28534
MARALOVER,2024-08-09 00:00:00+05:30,75.0,76.42,74.7,75.2,28597
MARALOVER,2024-08-12 00:00:00+05:30,75.15,76.0,73.58,74.37,21045
MARALOVER,2024-08-13 00:00:00+05:30,74.15,76.93,68.1,71.25,43943
MARALOVER,2024-08-14 00:00:00+05:30,74.31,74.9,71.81,73.12,48084
MARALOVER,2024-08-16 00:00:00+05:30,74.8,74.8,70.05,71.22,26078
MARALOVER,2024-08-19 00:00:00+05:30,74.0,75.48,71.51,74.58,38725
MARALOVER,2024-08-20 00:00:00+05:30,74.5,75.35,74.05,74.6,19410
MARALOVER,2024-08-21 00:00:00+05:30,74.9,80.5,73.49,79.74,156012
MARALOVER,2024-08-22 00:00:00+05:30,80.48,81.0,78.04,79.26,75441
MARALOVER,2024-08-23 00:00:00+05:30,79.25,80.48,77.31,78.35,23775
MARALOVER,2024-08-26 00:00:00+05:30,78.35,79.76,76.54,78.74,32319
MARALOVER,2024-08-27 00:00:00+05:30,79.45,89.0,76.96,85.58,382168
MARALOVER,2024-08-28 00:00:00+05:30,86.4,86.4,81.02,82.13,89760
MARALOVER,2024-08-29 00:00:00+05:30,81.89,83.45,78.0,78.61,64180
MARALOVER,2024-08-30 00:00:00+05:30,79.0,79.99,76.98,77.71,33055
MARALOVER,2024-09-02 00:00:00+05:30,78.9,81.78,77.0,77.49,46418
MARALOVER,2024-09-03 00:00:00+05:30,78.47,81.13,76.63,79.06,63973
MARALOVER,2024-09-04 00:00:00+05:30,78.8,78.8,75.25,77.06,36807
MARALOVER,2024-09-05 00:00:00+05:30,78.05,78.69,77.42,77.66,12470
MARALOVER,2024-09-06 00:00:00+05:30,78.13,79.45,77.7,78.59,49776
MARALOVER,2024-09-09 00:00:00+05:30,78.89,78.89,77.07,78.11,21780
MARALOVER,2024-09-10 00:00:00+05:30,78.1,80.45,77.23,77.96,70584
MARALOVER,2024-09-11 00:00:00+05:30,77.95,78.88,76.55,76.98,26454
MARALOVER,2024-09-12 00:00:00+05:30,77.05,80.66,75.55,79.17,119749
MARALOVER,2024-09-13 00:00:00+05:30,79.5,79.94,77.0,78.39,56833
MARALOVER,2024-09-16 00:00:00+05:30,78.1,79.18,76.6,77.08,38847
MARALOVER,2024-09-17 00:00:00+05:30,78.8,78.8,76.66,77.27,20421
MARALOVER,2024-09-18 00:00:00+05:30,77.57,79.57,77.5,77.75,23366
MARALOVER,2024-09-19 00:00:00+05:30,78.11,79.35,76.8,78.16,26588
MARALOVER,2024-09-20 00:00:00+05:30,78.4,78.98,75.24,75.99,27155
MARALOVER,2024-09-23 00:00:00+05:30,77.65,80.8,75.02,78.13,105196
MARALOVER,2024-09-24 00:00:00+05:30,78.8,78.8,76.6,76.76,16178
MARALOVER,2024-09-25 00:00:00+05:30,76.02,78.3,76.02,76.38,26583
MARALOVER,2024-09-26 00:00:00+05:30,77.5,77.5,75.82,76.11,31671
MARALOVER,2024-09-27 00:00:00+05:30,76.36,77.49,72.26,74.45,56815
MARALOVER,2024-09-30 00:00:00+05:30,75.92,75.93,74.23,75.01,19968
MARALOVER,2024-10-01 00:00:00+05:30,77.23,77.23,74.78,75.6,12075
MARALOVER,2024-10-03 00:00:00+05:30,74.03,77.7,73.61,76.17,52626
MARALOVER,2024-10-04 00:00:00+05:30,77.48,77.48,74.65,74.94,23487
MARALOVER,2024-10-07 00:00:00+05:30,73.99,77.38,71.2,75.47,57190
MARALOVER,2024-10-08 00:00:00+05:30,74.01,75.95,73.54,74.46,25644
MARALOVER,2024-10-09 00:00:00+05:30,75.6,77.98,74.41,77.42,44611
MARALOVER,2024-10-10 00:00:00+05:30,77.42,82.84,77.42,81.84,197798
MARALOVER,2024-10-11 00:00:00+05:30,82.87,83.39,80.11,80.82,39726
MARALOVER,2024-10-14 00:00:00+05:30,80.14,81.99,78.98,79.61,25527
MARALOVER,2024-10-15 00:00:00+05:30,79.6,79.6,77.65,78.02,23576
MARALOVER,2024-10-16 00:00:00+05:30,78.0,79.4,77.6,78.87,14420
MARALOVER,2024-10-17 00:00:00+05:30,79.4,79.4,75.02,75.69,28456
MARALOVER,2024-10-18 00:00:00+05:30,75.06,76.73,74.0,74.49,15168
MARALOVER,2024-10-21 00:00:00+05:30,74.5,77.47,73.9,74.3,31118
MARALOVER,2024-10-22 00:00:00+05:30,73.5,74.78,71.25,71.97,21594
MARALOVER,2024-10-23 00:00:00+05:30,70.05,73.99,70.05,73.77,17877
MARALOVER,2024-10-24 00:00:00+05:30,73.77,74.52,70.61,71.2,16465
MARALOVER,2024-10-25 00:00:00+05:30,71.6,72.46,65.1,67.54,51763
MARALOVER,2024-10-28 00:00:00+05:30,67.5,70.19,64.8,68.64,29707
MARALOVER,2024-10-29 00:00:00+05:30,69.4,72.26,68.12,71.26,16225
MARALOVER,2024-10-30 00:00:00+05:30,72.0,79.06,70.0,75.53,133888
MARALOVER,2024-10-31 00:00:00+05:30,75.9,81.8,74.42,79.32,36928
MARALOVER,2024-11-01 00:00:00+05:30,79.4,83.85,78.0,82.04,46766
MARALOVER,2024-11-04 00:00:00+05:30,82.0,83.0,78.35,82.33,86366
MARALOVER,2024-11-05 00:00:00+05:30,80.2,82.32,77.5,79.03,130877
MARALOVER,2024-11-06 00:00:00+05:30,79.5,80.9,79.0,79.33,39302
MARALOVER,2024-11-07 00:00:00+05:30,81.0,82.5,78.12,79.04,62659
MARALOVER,2024-11-08 00:00:00+05:30,79.0,79.91,76.63,78.3,37642
MARALOVER,2024-11-11 00:00:00+05:30,77.23,80.09,76.38,77.72,33532
MARALOVER,2024-11-12 00:00:00+05:30,77.5,78.86,73.72,76.41,17190
MARALOVER,2024-11-13 00:00:00+05:30,74.5,76.13,71.1,71.52,20935
MARALOVER,2024-11-14 00:00:00+05:30,73.94,75.69,71.18,74.65,21952
MARALOVER,2024-11-18 00:00:00+05:30,72.75,75.53,72.2,72.86,9610
MARALOVER,2024-11-19 00:00:00+05:30,73.45,74.82,72.48,73.72,5466
MARALOVER,2024-11-21 00:00:00+05:30,74.98,75.9,69.52,70.36,63486
MARALOVER,2024-11-22 00:00:00+05:30,71.0,72.8,71.0,71.9,12176
MARALOVER,2024-11-25 00:00:00+05:30,72.38,74.0,71.63,72.76,25654
MARALOVER,2024-11-26 00:00:00+05:30,73.99,73.99,71.0,71.36,14066
MARALOVER,2024-11-27 00:00:00+05:30,72.36,74.4,71.4,73.61,12124
MARALOVER,2024-11-28 00:00:00+05:30,73.48,75.0,73.18,73.96,9721
MARALOVER,2024-11-29 00:00:00+05:30,74.24,75.7,73.96,74.37,9965
MARALOVER,2024-12-02 00:00:00+05:30,75.99,77.81,74.22,77.09,35487
MARALOVER,2024-12-03 00:00:00+05:30,77.1,81.9,74.71,76.96,108957
MARALOVER,2024-12-04 00:00:00+05:30,77.78,78.48,74.72,76.53,32912
MARALOVER,2024-12-05 00:00:00+05:30,77.13,78.01,76.0,77.02,13812
MARALOVER,2024-12-06 00:00:00+05:30,77.34,78.65,76.92,77.59,7431
MARALOVER,2024-12-09 00:00:00+05:30,77.56,81.9,76.2,80.23,76293
MARALOVER,2024-12-10 00:00:00+05:30,81.45,86.99,80.28,83.94,225746
MARALOVER,2024-12-11 00:00:00+05:30,83.49,85.84,81.1,83.33,65159
MARALOVER,2024-12-12 00:00:00+05:30,83.05,85.9,82.52,82.98,32953
MARALOVER,2024-12-13 00:00:00+05:30,82.52,85.59,79.46,84.05,63207
MARALOVER,2024-12-16 00:00:00+05:30,85.75,92.38,82.51,89.93,335160
MARALOVER,2024-12-17 00:00:00+05:30,89.7,91.8,86.64,88.2,236623
MARALOVER,2024-12-18 00:00:00+05:30,89.1,97.17,88.22,90.4,408448
MARALOVER,2024-12-19 00:00:00+05:30,89.41,95.1,88.84,90.87,164890
MARALOVER,2024-12-20 00:00:00+05:30,92.5,95.5,83.35,85.09,146500
MARALOVER,2024-12-23 00:00:00+05:30,87.0,91.0,86.24,89.82,130627
MARALOVER,2024-12-24 00:00:00+05:30,90.0,90.0,87.06,87.76,24354
MARALOVER,2024-12-26 00:00:00+05:30,88.61,88.62,83.4,84.48,37438
MARALOVER,2024-12-27 00:00:00+05:30,85.75,86.4,82.05,82.78,38369
MARALOVER,2024-12-30 00:00:00+05:30,82.1,84.11,79.2,79.59,30323
MARALOVER,2024-12-31 00:00:00+05:30,78.51,83.35,78.51,82.52,28244
MARALOVER,2025-01-01 00:00:00+05:30,82.78,85.35,81.92,84.83,22278
MARALOVER,2025-01-02 00:00:00+05:30,84.85,87.49,82.99,83.35,33524
MARALOVER,2025-01-03 00:00:00+05:30,84.08,85.03,81.21,82.97,13320
MARALOVER,2025-01-06 00:00:00+05:30,81.25,88.5,80.0,82.43,31292
MARALOVER,2025-01-07 00:00:00+05:30,82.41,83.8,81.24,81.94,11084
MARALOVER,2025-01-08 00:00:00+05:30,82.12,83.55,80.11,81.67,16463
MARALOVER,2025-01-09 00:00:00+05:30,82.59,84.02,80.2,80.81,12021
MARALOVER,2025-01-10 00:00:00+05:30,82.07,82.07,75.32,77.8,107815
MARALOVER,2025-01-13 00:00:00+05:30,77.19,79.18,75.0,76.75,33840
MARALOVER,2025-01-14 00:00:00+05:30,79.28,80.0,76.03,79.61,14762
MARALOVER,2025-01-15 00:00:00+05:30,80.07,82.8,78.0,80.89,25886
MARALOVER,2025-01-16 00:00:00+05:30,82.37,83.51,82.22,82.93,17966
MARALOVER,2025-01-17 00:00:00+05:30,83.4,84.0,79.29,80.63,10550
MARALOVER,2025-01-20 00:00:00+05:30,82.24,82.24,78.1,79.03,15649
MARALOVER,2025-01-21 00:00:00+05:30,80.8,90.6,79.06,85.27,384099
MARALOVER,2025-01-22 00:00:00+05:30,86.55,86.56,81.79,83.02,44964
MARALOVER,2025-01-23 00:00:00+05:30,82.0,86.7,82.0,82.18,24753
MARALOVER,2025-01-24 00:00:00+05:30,84.99,85.01,80.15,81.3,32196
MARALOVER,2025-01-27 00:00:00+05:30,81.3,81.3,71.9,76.77,93717
MARALOVER,2025-01-28 00:00:00+05:30,79.0,80.0,74.41,78.82,23752
MARALOVER,2025-01-29 00:00:00+05:30,76.6,83.2,76.6,80.93,21364
MARALOVER,2025-01-30 00:00:00+05:30,82.1,82.1,79.15,79.74,10491
MARALOVER,2025-01-31 00:00:00+05:30,82.0,82.78,76.67,78.04,12009
MARALOVER,2025-02-01 00:00:00+05:30,77.56,85.01,77.56,82.94,60098
MARALOVER,2025-02-03 00:00:00+05:30,83.8,85.99,82.9,84.24,33246
MARALOVER,2025-02-04 00:00:00+05:30,85.0,86.9,81.0,82.61,39481
MARALOVER,2025-02-05 00:00:00+05:30,81.2,81.24,77.5,78.01,49357
MARALOVER,2025-02-06 00:00:00+05:30,80.57,80.57,78.0,78.44,14182
MARALOVER,2025-02-07 00:00:00+05:30,80.26,80.26,77.6,77.99,6556
MARALOVER,2025-02-10 00:00:00+05:30,79.01,79.58,73.11,74.04,15759
MARALOVER,2025-02-11 00:00:00+05:30,72.97,73.8,69.02,69.86,36101
MARALOVER,2025-02-12 00:00:00+05:30,70.42,73.39,66.0,71.34,24830
MARALOVER,2025-02-13 00:00:00+05:30,71.62,73.72,69.0,69.79,9564
MARALOVER,2025-02-14 00:00:00+05:30,70.44,71.49,63.16,65.13,22255
MARALOVER,2025-02-17 00:00:00+05:30,66.38,76.19,63.11,72.88,248641
MARALOVER,2025-02-18 00:00:00+05:30,71.15,71.53,67.35,68.65,52880
MARALOVER,2025-02-19 00:00:00+05:30,67.6,77.0,67.6,74.3,26129
MARALOVER,2025-02-20 00:00:00+05:30,74.0,74.5,72.66,74.38,9081
MARALOVER,2025-02-21 00:00:00+05:30,74.38,75.6,73.0,74.53,9009
MARALOVER,2025-02-24 00:00:00+05:30,73.0,74.99,70.06,71.0,9311
MARALOVER,2025-02-25 00:00:00+05:30,71.94,72.24,71.0,71.22,1635
MARALOVER,2025-02-27 00:00:00+05:30,71.1,71.77,65.55,67.17,11381
MARALOVER,2025-02-28 00:00:00+05:30,65.0,66.76,62.99,63.68,19312
MARALOVER,2025-03-03 00:00:00+05:30,62.0,63.94,55.7,57.71,45062
MARALOVER,2025-03-04 00:00:00+05:30,58.5,64.6,58.1,60.97,44520
MARALOVER,2025-03-05 00:00:00+05:30,62.21,64.67,61.1,63.89,13556
MARALOVER,2025-03-06 00:00:00+05:30,65.9,65.9,62.75,64.95,18526
MARALOVER,2025-03-07 00:00:00+05:30,64.97,65.9,64.97,65.47,4652
MARALOVER,2025-03-10 00:00:00+05:30,64.98,66.5,62.91,65.11,12081
MARALOVER,2025-03-11 00:00:00+05:30,62.85,65.5,62.85,64.99,4501
MARALOVER,2025-03-12 00:00:00+05:30,63.25,65.0,63.25,64.4,12645
MARALOVER,2025-03-13 00:00:00+05:30,65.21,65.24,64.12,64.6,3700
MARALOVER,2025-03-17 00:00:00+05:30,66.85,69.48,64.21,66.3,18101
MARALOVER,2025-03-18 00:00:00+05:30,66.75,67.29,66.05,66.26,5413
MARALOVER,2025-03-19 00:00:00+05:30,67.58,68.95,66.3,68.88,17724
MARALOVER,2025-03-20 00:00:00+05:30,69.21,69.21,66.55,66.84,7417
MARALOVER,2025-03-21 00:00:00+05:30,67.92,67.92,64.9,65.15,12835
MARALOVER,2025-03-24 00:00:00+05:30,65.0,67.34,63.2,64.27,23641
MARALOVER,2025-03-25 00:00:00+05:30,64.0,64.42,62.1,62.76,11823
MARALOVER,2025-03-26 00:00:00+05:30,64.5,65.43,58.0,58.46,87347
MARALOVER,2025-03-27 00:00:00+05:30,58.94,64.4,58.92,61.64,105585
MARALOVER,2025-03-28 00:00:00+05:30,61.6,63.62,59.67,60.63,39400
MARALOVER,2025-04-01 00:00:00+05:30,62.67,63.4,60.78,62.69,12137
MARALOVER,2025-04-02 00:00:00+05:30,63.01,63.43,61.11,62.49,12350
MARALOVER,2025-04-03 00:00:00+05:30,63.19,74.98,62.0,74.98,199611
MARALOVER,2025-04-04 00:00:00+05:30,77.95,80.0,67.67,68.65,353183
MARALOVER,2025-04-07 00:00:00+05:30,65.0,66.8,61.8,64.65,67660
MARALOVER,2025-04-08 00:00:00+05:30,66.99,68.6,64.52,64.92,16432
MARALOVER,2025-04-09 00:00:00+05:30,64.9,72.8,63.91,69.06,77602
MARALOVER,2025-04-11 00:00:00+05:30,69.06,72.33,69.06,69.84,14721
MARALOVER,2025-04-15 00:00:00+05:30,71.8,71.8,69.1,70.22,17432
MARALOVER,2025-04-16 00:00:00+05:30,70.74,71.5,67.12,68.13,26938
MARALOVER,2025-04-17 00:00:00+05:30,67.26,69.39,67.15,68.19,16374
MARALOVER,2025-04-21 00:00:00+05:30,67.14,68.95,66.0,68.45,21901
MARALOVER,2025-04-22 00:00:00+05:30,70.51,70.85,68.46,69.69,30305
MARALOVER,2025-04-23 00:00:00+05:30,69.91,72.38,69.68,72.05,32617
MARALOVER,2025-04-24 00:00:00+05:30,72.33,73.69,71.39,71.97,12776
MARALOVER,2025-04-25 00:00:00+05:30,71.29,71.29,68.15,69.09,10481
MARALOVER,2025-04-28 00:00:00+05:30,67.57,70.48,67.57,69.37,2419
MARALOVER,2025-04-29 00:00:00+05:30,70.24,73.0,70.24,71.72,31617
MARALOVER,2025-04-30 00:00:00+05:30,70.7,71.59,68.0,68.47,13172
MARALOVER,2025-05-02 00:00:00+05:30,70.53,70.84,67.71,68.08,8862
MARALOVER,2025-05-05 00:00:00+05:30,70.96,70.99,68.12,68.37,9221
MARALOVER,2025-05-06 00:00:00+05:30,70.0,70.5,67.06,67.32,6335
MARALOVER,2025-05-07 00:00:00+05:30,69.0,70.9,66.65,68.84,29549
MARALOVER,2025-05-08 00:00:00+05:30,68.01,69.74,67.01,67.66,6610
MARALOVER,2025-05-09 00:00:00+05:30,67.18,67.18,64.83,65.3,8927
MARALOVER,2025-05-12 00:00:00+05:30,66.6,69.59,66.2,68.15,34281
MARALOVER,2025-05-13 00:00:00+05:30,68.84,69.57,67.81,68.17,5721
MARALOVER,2025-05-14 00:00:00+05:30,67.84,72.45,67.84,71.97,22487
MARALOVER,2025-05-15 00:00:00+05:30,72.0,72.81,71.06,71.52,6910
MARALOVER,2025-05-16 00:00:00+05:30,69.05,72.0,69.05,70.9,12895
MARALOVER,2025-05-19 00:00:00+05:30,70.11,80.0,70.11,78.79,154426
MARALOVER,2025-05-20 00:00:00+05:30,79.12,82.15,74.55,75.46,73342
MARALOVER,2025-05-21 00:00:00+05:30,74.5,77.39,74.5,75.41,12320
MARALOVER,2025-05-22 00:00:00+05:30,75.79,78.39,73.41,74.88,29030
MARALOVER,2025-05-23 00:00:00+05:30,76.27,76.27,74.92,75.53,6545
MARALOVER,2025-05-26 00:00:00+05:30,75.68,75.99,71.8,73.25,25694
MARALOVER,2025-05-27 00:00:00+05:30,73.2,77.5,73.2,75.63,28384
MARALOVER,2025-05-28 00:00:00+05:30,78.5,78.5,75.06,77.16,14403
MARALOVER,2025-05-29 00:00:00+05:30,78.4,78.4,74.21,75.39,10864
MARALOVER,2025-05-30 00:00:00+05:30,76.75,76.75,73.1,73.89,8552
MARALOVER,2025-06-02 00:00:00+05:30,74.0,75.94,71.4,72.99,11477
MARALOVER,2025-06-03 00:00:00+05:30,74.26,75.8,73.01,73.45,6895
MARALOVER,2025-06-04 00:00:00+05:30,74.8,75.49,71.81,72.57,8836
MARALOVER,2025-06-05 00:00:00+05:30,72.5,74.38,71.62,72.4,17150
MARALOVER,2025-06-06 00:00:00+05:30,72.0,73.45,70.81,71.51,11847
MARALOVER,2025-06-09 00:00:00+05:30,72.26,74.99,68.02,74.61,32365
MARALOVER,2025-06-10 00:00:00+05:30,75.12,75.13,72.3,73.83,4922
MARALOVER,2025-06-11 00:00:00+05:30,72.3,75.33,72.3,73.76,11134
MARALOVER,2025-06-12 00:00:00+05:30,73.7,75.01,72.15,72.33,28840
MARALOVER,2025-06-13 00:00:00+05:30,72.32,74.88,71.01,73.17,23709
MARALOVER,2025-06-16 00:00:00+05:30,74.01,74.5,72.55,74.4,18057
MARALOVER,2025-06-17 00:00:00+05:30,74.95,76.02,73.61,74.39,18731
MARALOVER,2025-06-18 00:00:00+05:30,75.9,75.97,74.0,75.22,12067
MARALOVER,2025-06-19 00:00:00+05:30,74.5,76.01,73.15,73.48,6393
MARALOVER,2025-06-20 00:00:00+05:30,73.84,75.01,70.91,71.61,19696
MARALOVER,2025-06-23 00:00:00+05:30,71.52,72.0,69.82,70.63,9498
MARALOVER,2025-06-24 00:00:00+05:30,72.12,74.7,71.81,73.74,18527
MARALOVER,2025-06-25 00:00:00+05:30,73.0,74.99,72.91,74.49,8668
MARALOVER,2025-06-26 00:00:00+05:30,74.59,75.64,73.05,73.89,9320
MARALOVER,2025-06-27 00:00:00+05:30,74.43,74.9,73.01,74.35,6674
MARALOVER,2025-06-30 00:00:00+05:30,74.82,77.44,73.5,75.08,30603
MARALOVER,2025-07-01 00:00:00+05:30,75.45,77.25,75.2,76.32,17172
MARALOVER,2025-07-02 00:00:00+05:30,76.45,76.45,74.33,74.97,5295
MARALOVER,2025-07-03 00:00:00+05:30,74.5,76.8,73.91,75.56,21439
MARALOVER,2025-07-04 00:00:00+05:30,75.56,76.19,75.11,75.89,6939
MARALOVER,2025-07-07 00:00:00+05:30,76.7,76.7,72.61,74.21,12734
MARALOVER,2025-07-08 00:00:00+05:30,75.34,78.38,75.34,76.61,26489
MARALOVER,2025-07-09 00:00:00+05:30,76.75,77.36,75.85,76.45,5533
MARALOVER,2025-07-10 00:00:00+05:30,76.48,76.48,75.23,75.49,2737
MARALOVER,2025-07-11 00:00:00+05:30,75.06,75.64,73.2,73.77,6177
MARALOVER,2025-07-14 00:00:00+05:30,73.87,77.7,73.32,74.48,11793
MARALOVER,2025-07-15 00:00:00+05:30,75.41,75.41,72.75,73.58,19447
MARALOVER,2025-07-16 00:00:00+05:30,74.98,74.98,73.22,73.75,4733
MARALOVER,2025-07-17 00:00:00+05:30,74.15,75.99,74.0,75.27,10527
MARALOVER,2025-07-18 00:00:00+05:30,74.1,75.69,74.1,75.24,3227
MARALOVER,2025-07-21 00:00:00+05:30,74.56,75.9,71.4,73.29,24505
MARALOVER,2025-07-22 00:00:00+05:30,74.78,76.58,72.61,73.32,64351
MARALOVER,2025-07-23 00:00:00+05:30,74.86,75.39,72.5,73.18,20913
MARALOVER,2025-07-24 00:00:00+05:30,73.15,74.93,72.6,73.01,12778
MARALOVER,2025-07-25 00:00:00+05:30,74.19,74.2,72.38,73.17,9537
MARALOVER,2025-07-28 00:00:00+05:30,72.81,73.85,71.54,73.37,6151
MARALOVER,2025-07-29 00:00:00+05:30,73.31,74.93,72.11,74.06,7211
MARALOVER,2025-07-30 00:00:00+05:30,74.89,74.89,73.2,74.68,5555
MARALOVER,2025-07-31 00:00:00+05:30,73.05,74.09,72.27,73.31,8670
MARALOVER,2025-08-01 00:00:00+05:30,73.2,73.51,71.99,72.65,5478
MARALOVER,2025-08-04 00:00:00+05:30,72.65,72.65,67.91,68.32,28092
MARALOVER,2025-08-05 00:00:00+05:30,69.3,69.3,62.99,63.61,43841
MARALOVER,2025-08-06 00:00:00+05:30,64.58,66.59,60.6,61.52,105375
MARALOVER,2025-08-07 00:00:00+05:30,63.0,64.56,60.4,61.93,28836
MARALOVER,2025-08-08 00:00:00+05:30,62.64,65.97,60.95,61.67,42785
MARALOVER,2025-08-11 00:00:00+05:30,61.37,63.99,60.25,61.03,12862
MARALOVER,2025-08-12 00:00:00+05:30,63.96,63.96,60.02,60.39,27823
MARALOVER,2025-08-13 00:00:00+05:30,60.11,62.0,59.52,59.98,13549
MARALOVER,2025-08-14 00:00:00+05:30,60.02,62.9,59.5,60.41,30671
MARALOVER,2025-08-18 00:00:00+05:30,61.35,62.93,59.1,59.83,11593
MARALOVER,2025-08-19 00:00:00+05:30,59.56,61.5,59.39,59.89,20800
MARALOVER,2025-08-20 00:00:00+05:30,59.99,60.5,59.0,59.31,21963
MARALOVER,2025-08-21 00:00:00+05:30,60.48,60.48,58.41,58.91,19536
MARALOVER,2025-08-22 00:00:00+05:30,59.74,59.74,56.51,56.88,51487
MARALOVER,2025-08-25 00:00:00+05:30,58.48,58.84,56.7,57.46,9499
MARALOVER,2025-08-26 00:00:00+05:30,58.47,58.65,56.85,57.76,9874
MARALOVER,2025-08-28 00:00:00+05:30,57.76,57.97,56.5,56.7,6506
MARALOVER,2025-08-29 00:00:00+05:30,57.16,57.8,55.5,56.35,4960
MARALOVER,2025-09-01 00:00:00+05:30,56.39,57.43,55.86,56.25,5671
MARALOVER,2025-09-02 00:00:00+05:30,57.3,57.3,56.3,56.53,7103
MARALOVER,2025-09-03 00:00:00+05:30,58.21,58.76,54.21,55.23,35704
MARALOVER,2025-09-04 00:00:00+05:30,55.96,56.88,52.0,52.55,63313
MARALOVER,2025-09-05 00:00:00+05:30,54.4,54.4,51.0,51.58,34207
MARALOVER,2025-09-08 00:00:00+05:30,52.97,52.97,49.11,49.92,28622
MARALOVER,2025-09-09 00:00:00+05:30,51.36,51.49,45.35,46.17,146090
MARALOVER,2025-09-10 00:00:00+05:30,46.89,55.4,46.54,49.22,935518
MARALOVER,2025-09-11 00:00:00+05:30,50.0,50.8,48.15,48.88,63823
MARALOVER,2025-09-12 00:00:00+05:30,48.88,48.89,47.1,47.9,42207
MARALOVER,2025-09-15 00:00:00+05:30,48.99,48.99,47.0,47.99,40296
MARALOVER,2025-09-16 00:00:00+05:30,48.7,49.39,46.4,46.91,90989
MARALOVER,2025-09-17 00:00:00+05:30,46.85,52.8,46.62,50.74,155549
MARALOVER,2025-09-18 00:00:00+05:30,51.0,53.61,49.96,51.69,198981
MARALOVER,2025-09-19 00:00:00+05:30,52.65,52.65,51.12,51.51,32866
MARALOVER,2025-09-22 00:00:00+05:30,51.0,55.42,47.5,48.43,419723
MARALOVER,2025-09-23 00:00:00+05:30,48.95,49.77,47.7,48.04,51536
MARALOVER,2025-09-24 00:00:00+05:30,48.95,49.11,47.61,47.93,29658
MARALOVER,2025-09-25 00:00:00+05:30,48.29,48.59,47.3,47.46,10854
MARALOVER,2025-09-26 00:00:00+05:30,47.81,47.99,45.78,46.53,22621
MARALOVER,2025-09-29 00:00:00+05:30,47.94,47.95,46.48,46.73,14768
MARALOVER,2025-09-30 00:00:00+05:30,46.05,47.11,46.0,46.56,11874
MARALOVER,2025-10-01 00:00:00+05:30,47.5,47.81,45.6,46.14,35109
MARALOVER,2025-10-03 00:00:00+05:30,46.36,47.22,44.8,45.4,40236
MARALOVER,2025-10-06 00:00:00+05:30,46.35,48.22,45.85,46.72,53258
MARALOVER,2025-10-07 00:00:00+05:30,46.0,47.5,46.0,46.43,8827
MARALOVER,2025-10-08 00:00:00+05:30,46.01,47.93,45.4,45.52,35755
MARALOVER,2025-10-09 00:00:00+05:30,46.32,46.49,45.26,45.62,21063
MARALOVER,2025-10-10 00:00:00+05:30,47.19,47.2,45.77,46.0,8930
MARALOVER,2025-10-13 00:00:00+05:30,46.63,46.63,45.0,45.14,11363
MARALOVER,2025-10-14 00:00:00+05:30,45.71,46.22,45.06,45.21,9960
MARALOVER,2025-10-15 00:00:00+05:30,45.05,46.5,44.99,45.22,10363
MARALOVER,2025-10-16 00:00:00+05:30,45.1,45.98,45.1,45.69,13992
MARALOVER,2025-10-17 00:00:00+05:30,45.1,46.24,44.11,44.98,11402
MARALOVER,2025-10-20 00:00:00+05:30,45.61,46.59,44.97,45.08,3544
MARALOVER,2025-10-21 00:00:00+05:30,44.15,47.02,44.15,45.46,6928
MARALOVER,2025-10-23 00:00:00+05:30,46.37,48.9,45.6,47.28,56295
MARALOVER,2025-10-24 00:00:00+05:30,47.5,47.5,46.55,47.02,9465
MARALOVER,2025-10-27 00:00:00+05:30,47.11,47.5,46.2,46.39,10474
MARALOVER,2025-10-28 00:00:00+05:30,47.8,47.8,45.82,46.96,26850
MARALOVER,2025-10-29 00:00:00+05:30,47.9,48.5,47.0,47.86,16088
MARALOVER,2025-10-30 00:00:00+05:30,47.7,48.17,47.11,47.46,9005
MARALOVER,2025-10-31 00:00:00+05:30,48.9,48.9,47.4,47.63,4847
MARALOVER,2025-11-03 00:00:00+05:30,47.63,47.63,46.23,46.61,18606
MARALOVER,2025-11-04 00:00:00+05:30,46.62,46.74,45.25,45.95,12849
MARALOVER,2025-11-06 00:00:00+05:30,46.4,52.99,46.0,48.91,205603
MARALOVER,2025-11-07 00:00:00+05:30,48.91,53.87,47.4,53.12,225967
MARALOVER,2025-11-10 00:00:00+05:30,53.1,53.1,50.1,50.68,23252
MARALOVER,2025-11-11 00:00:00+05:30,51.85,51.85,48.0,50.16,21833
MARALOVER,2025-11-12 00:00:00+05:30,51.0,51.51,49.0,49.73,18926
MARALOVER,2025-11-13 00:00:00+05:30,50.5,51.44,49.0,49.5,10405
MARALOVER,2025-11-14 00:00:00+05:30,49.6,50.99,49.1,49.84,9350
MARALOVER,2025-11-17 00:00:00+05:30,49.85,52.22,49.56,51.74,20421
MARALOVER,2025-11-18 00:00:00+05:30,51.74,52.89,50.0,50.4,11348
MARALOVER,2025-11-19 00:00:00+05:30,50.11,51.0,48.55,50.35,14254
MARALOVER,2025-11-20 00:00:00+05:30,50.35,50.59,49.13,49.57,6976
MARALOVER,2025-11-21 00:00:00+05:30,49.5,50.1,48.57,49.15,2448
MARALOVER,2025-11-24 00:00:00+05:30,49.0,50.9,45.0,45.92,34248
MARALOVER,2025-11-25 00:00:00+05:30,47.4,47.51,46.5,47.03,8759
MARALOVER,2025-11-26 00:00:00+05:30,47.98,48.0,47.0,47.11,9704
MARALOVER,2025-11-27 00:00:00+05:30,46.34,48.69,46.34,47.22,5733
MARALOVER,2025-11-28 00:00:00+05:30,47.4,49.01,47.18,47.75,7750
