Symbol,Date,Open,High,Low,Close,Volume
MBLINFRA,2010-01-11 00:00:00+05:30,92.5,109.7,92.5,103.28,16904532
MBLINFRA,2010-01-12 00:00:00+05:30,103.5,103.95,94.0,95.1,3013622
MBLINFRA,2010-01-13 00:00:00+05:30,92.8,96.4,90.1,94.88,1780188
MBLINFRA,2010-01-14 00:00:00+05:30,95.75,97.25,93.58,94.6,595966
MBLINFRA,2010-01-15 00:00:00+05:30,94.5,96.4,91.53,92.33,462946
MBLINFRA,2010-01-18 00:00:00+05:30,93.9,105.8,93.75,103.58,3393786
MBLINFRA,2010-01-19 00:00:00+05:30,104.33,105.9,97.3,99.38,1033100
MBLINFRA,2010-01-20 00:00:00+05:30,101.35,119.25,100.55,117.83,3498332
MBLINFRA,2010-01-21 00:00:00+05:30,121.72,123.7,106.33,110.22,4510126
MBLINFRA,2010-01-22 00:00:00+05:30,106.0,122.35,104.12,116.75,3801468
MBLINFRA,2010-01-25 00:00:00+05:30,118.05,122.9,113.0,115.35,1825652
MBLINFRA,2010-01-27 00:00:00+05:30,113.5,118.33,104.0,107.0,1125962
MBLINFRA,2010-01-28 00:00:00+05:30,109.0,111.5,100.03,101.45,793232
MBLINFRA,2010-01-29 00:00:00+05:30,100.0,106.5,95.8,104.58,1307084
MBLINFRA,2010-02-01 00:00:00+05:30,104.9,114.5,103.75,112.4,931860
MBLINFRA,2010-02-02 00:00:00+05:30,114.4,115.62,105.05,106.53,690764
MBLINFRA,2010-02-03 00:00:00+05:30,108.0,111.5,105.2,107.12,534960
MBLINFRA,2010-02-04 00:00:00+05:30,108.7,108.7,100.08,100.92,566880
MBLINFRA,2010-02-05 00:00:00+05:30,97.45,105.0,94.5,102.05,998870
MBLINFRA,2010-02-08 00:00:00+05:30,104.25,104.25,98.5,102.08,673896
MBLINFRA,2010-02-09 00:00:00+05:30,102.5,107.7,101.67,104.22,868974
MBLINFRA,2010-02-10 00:00:00+05:30,106.0,106.12,100.12,101.15,322606
MBLINFRA,2010-02-11 00:00:00+05:30,103.47,105.7,102.0,103.88,552474
MBLINFRA,2010-02-15 00:00:00+05:30,104.15,108.42,101.12,105.95,645302
MBLINFRA,2010-02-16 00:00:00+05:30,107.28,108.0,102.12,102.78,558894
MBLINFRA,2010-02-17 00:00:00+05:30,104.9,105.9,101.5,102.35,311182
MBLINFRA,2010-02-18 00:00:00+05:30,102.53,103.75,101.0,101.33,131402
MBLINFRA,2010-02-19 00:00:00+05:30,101.22,102.0,99.0,99.83,204638
MBLINFRA,2010-02-22 00:00:00+05:30,101.85,104.5,100.05,102.12,418054
MBLINFRA,2010-02-23 00:00:00+05:30,101.0,104.4,101.0,103.55,290952
MBLINFRA,2010-02-24 00:00:00+05:30,102.25,103.9,100.75,102.97,98204
MBLINFRA,2010-02-25 00:00:00+05:30,102.12,103.45,100.1,101.33,87332
MBLINFRA,2010-02-26 00:00:00+05:30,101.1,104.25,100.53,102.08,122956
MBLINFRA,2010-03-02 00:00:00+05:30,103.5,103.97,101.0,101.5,71804
MBLINFRA,2010-03-03 00:00:00+05:30,102.8,106.2,102.25,104.4,597294
MBLINFRA,2010-03-04 00:00:00+05:30,106.0,115.7,105.9,113.75,2953254
MBLINFRA,2010-03-05 00:00:00+05:30,116.0,118.25,113.5,114.5,1110976
MBLINFRA,2010-03-08 00:00:00+05:30,115.5,118.7,112.75,115.9,447744
MBLINFRA,2010-03-09 00:00:00+05:30,116.88,116.88,111.28,112.28,307102
MBLINFRA,2010-03-10 00:00:00+05:30,111.05,114.72,109.1,110.88,189598
MBLINFRA,2010-03-11 00:00:00+05:30,111.5,112.95,107.5,108.67,159374
MBLINFRA,2010-03-12 00:00:00+05:30,107.55,109.97,106.28,106.97,161710
MBLINFRA,2010-03-15 00:00:00+05:30,107.83,107.83,103.0,103.83,209310
MBLINFRA,2010-03-16 00:00:00+05:30,104.9,107.5,103.05,103.8,325758
MBLINFRA,2010-03-17 00:00:00+05:30,107.38,111.67,101.62,108.08,998112
MBLINFRA,2010-03-18 00:00:00+05:30,108.0,111.35,105.83,106.75,904004
MBLINFRA,2010-03-19 00:00:00+05:30,106.75,109.25,106.0,108.5,312254
MBLINFRA,2010-03-22 00:00:00+05:30,107.0,112.9,105.3,110.4,676618
MBLINFRA,2010-03-23 00:00:00+05:30,112.0,114.4,110.5,111.17,458862
MBLINFRA,2010-03-25 00:00:00+05:30,108.88,111.5,108.12,109.03,160444
MBLINFRA,2010-03-26 00:00:00+05:30,110.78,111.4,107.5,107.78,185496
MBLINFRA,2010-03-29 00:00:00+05:30,107.6,108.83,106.05,106.55,150046
MBLINFRA,2010-03-30 00:00:00+05:30,106.75,110.9,106.75,109.33,266356
MBLINFRA,2010-03-31 00:00:00+05:30,109.6,115.2,109.05,113.1,461608
MBLINFRA,2010-04-01 00:00:00+05:30,113.6,120.97,111.55,118.12,833246
MBLINFRA,2010-04-05 00:00:00+05:30,119.7,122.0,115.5,118.88,736234
MBLINFRA,2010-04-06 00:00:00+05:30,118.5,122.5,118.1,119.5,570322
MBLINFRA,2010-04-07 00:00:00+05:30,120.0,130.5,118.6,127.08,1349466
MBLINFRA,2010-04-08 00:00:00+05:30,127.0,132.0,124.67,125.75,754250
MBLINFRA,2010-04-09 00:00:00+05:30,125.1,127.35,121.55,122.8,282288
MBLINFRA,2010-04-12 00:00:00+05:30,121.0,123.5,118.8,119.22,209062
MBLINFRA,2010-04-13 00:00:00+05:30,119.53,123.0,119.5,120.28,146332
MBLINFRA,2010-04-15 00:00:00+05:30,121.92,126.22,120.75,121.95,437034
MBLINFRA,2010-04-16 00:00:00+05:30,122.47,123.0,119.55,120.8,151480
MBLINFRA,2010-04-19 00:00:00+05:30,118.5,120.3,115.12,115.92,160074
MBLINFRA,2010-04-20 00:00:00+05:30,117.0,123.4,116.05,121.25,364810
MBLINFRA,2010-04-21 00:00:00+05:30,124.65,129.15,123.12,127.7,769854
MBLINFRA,2010-04-22 00:00:00+05:30,127.12,128.35,121.03,122.33,230896
MBLINFRA,2010-04-23 00:00:00+05:30,122.35,124.3,119.75,120.53,164042
MBLINFRA,2010-04-26 00:00:00+05:30,121.7,124.5,120.53,121.0,134946
MBLINFRA,2010-04-27 00:00:00+05:30,121.2,124.35,119.5,120.92,371208
MBLINFRA,2010-04-28 00:00:00+05:30,115.05,120.5,114.45,115.9,146394
MBLINFRA,2010-04-29 00:00:00+05:30,117.25,119.4,117.0,118.17,87706
MBLINFRA,2010-04-30 00:00:00+05:30,120.08,126.4,119.5,122.55,707134
MBLINFRA,2010-05-03 00:00:00+05:30,122.5,122.5,118.55,120.53,129508
MBLINFRA,2010-05-04 00:00:00+05:30,121.5,122.92,113.75,114.97,202606
MBLINFRA,2010-05-05 00:00:00+05:30,112.5,117.0,110.62,116.2,301198
MBLINFRA,2010-05-06 00:00:00+05:30,116.5,117.4,112.55,114.15,147618
MBLINFRA,2010-05-07 00:00:00+05:30,112.25,112.95,109.0,109.5,94288
MBLINFRA,2010-05-10 00:00:00+05:30,113.03,113.95,110.1,113.1,102314
MBLINFRA,2010-05-11 00:00:00+05:30,110.62,115.88,110.62,111.65,81556
MBLINFRA,2010-05-12 00:00:00+05:30,113.33,115.0,110.25,110.9,97200
MBLINFRA,2010-05-13 00:00:00+05:30,112.45,113.22,109.25,109.85,77610
MBLINFRA,2010-05-14 00:00:00+05:30,108.15,111.5,105.58,106.83,118348
MBLINFRA,2010-05-17 00:00:00+05:30,105.22,108.38,102.25,107.05,106368
MBLINFRA,2010-05-18 00:00:00+05:30,106.25,110.95,106.25,109.88,70872
MBLINFRA,2010-05-19 00:00:00+05:30,105.8,110.9,103.55,104.6,109198
MBLINFRA,2010-05-20 00:00:00+05:30,105.38,107.83,103.0,103.5,88280
MBLINFRA,2010-05-21 00:00:00+05:30,102.5,104.75,100.5,103.12,85026
MBLINFRA,2010-05-24 00:00:00+05:30,108.3,108.3,99.5,101.38,71492
MBLINFRA,2010-05-25 00:00:00+05:30,100.5,102.4,95.25,96.03,78004
MBLINFRA,2010-05-26 00:00:00+05:30,98.47,101.45,97.12,99.65,85622
MBLINFRA,2010-05-27 00:00:00+05:30,98.6,101.97,98.6,100.8,46250
MBLINFRA,2010-05-28 00:00:00+05:30,103.3,105.9,101.62,102.95,116958
MBLINFRA,2010-05-31 00:00:00+05:30,103.0,105.0,102.5,104.05,84996
MBLINFRA,2010-06-01 00:00:00+05:30,103.53,110.5,102.75,104.7,220996
MBLINFRA,2010-06-02 00:00:00+05:30,106.0,107.25,104.0,105.85,57986
MBLINFRA,2010-06-03 00:00:00+05:30,107.05,109.45,106.5,107.6,49522
MBLINFRA,2010-06-04 00:00:00+05:30,106.55,110.5,106.55,108.65,56838
MBLINFRA,2010-06-07 00:00:00+05:30,104.03,106.38,103.0,104.97,65376
MBLINFRA,2010-06-08 00:00:00+05:30,106.0,107.4,103.5,104.25,36564
MBLINFRA,2010-06-09 00:00:00+05:30,108.35,108.35,103.8,105.65,77952
MBLINFRA,2010-06-10 00:00:00+05:30,107.0,108.95,105.25,106.3,93862
MBLINFRA,2010-06-11 00:00:00+05:30,107.75,108.5,105.03,105.78,57690
MBLINFRA,2010-06-14 00:00:00+05:30,105.6,107.0,104.78,106.38,39012
MBLINFRA,2010-06-15 00:00:00+05:30,106.6,109.4,106.2,108.33,72040
MBLINFRA,2010-06-16 00:00:00+05:30,108.95,115.42,108.08,113.47,221016
MBLINFRA,2010-06-17 00:00:00+05:30,114.97,114.97,111.25,111.9,30040
MBLINFRA,2010-06-18 00:00:00+05:30,112.4,112.5,109.5,111.0,27292
MBLINFRA,2010-06-21 00:00:00+05:30,112.28,114.5,111.0,111.75,27024
MBLINFRA,2010-06-22 00:00:00+05:30,111.03,121.45,111.03,119.5,545720
MBLINFRA,2010-06-23 00:00:00+05:30,117.03,123.33,117.03,122.5,316230
MBLINFRA,2010-06-24 00:00:00+05:30,125.0,125.0,118.0,118.83,154550
MBLINFRA,2010-06-25 00:00:00+05:30,121.9,121.9,116.0,116.8,68232
MBLINFRA,2010-06-28 00:00:00+05:30,118.9,118.9,115.9,116.47,25220
MBLINFRA,2010-06-29 00:00:00+05:30,116.05,117.5,114.03,115.12,31572
MBLINFRA,2010-06-30 00:00:00+05:30,113.7,116.38,113.28,115.2,26076
MBLINFRA,2010-07-01 00:00:00+05:30,115.4,116.5,112.12,112.78,130948
MBLINFRA,2010-07-02 00:00:00+05:30,115.0,117.5,112.85,116.58,88428
MBLINFRA,2010-07-05 00:00:00+05:30,117.0,120.0,115.3,118.95,51026
MBLINFRA,2010-07-06 00:00:00+05:30,118.5,122.2,117.85,120.22,114788
MBLINFRA,2010-07-07 00:00:00+05:30,117.5,121.5,117.5,119.72,33462
MBLINFRA,2010-07-08 00:00:00+05:30,121.25,125.75,120.2,121.92,308214
MBLINFRA,2010-07-09 00:00:00+05:30,122.45,125.75,122.45,124.53,163288
MBLINFRA,2010-07-12 00:00:00+05:30,126.25,128.0,121.0,123.03,46010
MBLINFRA,2010-07-13 00:00:00+05:30,121.53,126.45,121.53,123.6,49286
MBLINFRA,2010-07-14 00:00:00+05:30,125.9,125.9,120.05,120.95,33802
MBLINFRA,2010-07-15 00:00:00+05:30,122.4,123.9,120.75,121.42,41298
MBLINFRA,2010-07-16 00:00:00+05:30,122.0,123.45,119.0,119.95,33324
MBLINFRA,2010-07-19 00:00:00+05:30,122.0,122.25,118.05,118.33,33400
MBLINFRA,2010-07-20 00:00:00+05:30,119.0,123.95,119.0,121.25,97386
MBLINFRA,2010-07-21 00:00:00+05:30,122.05,123.65,119.62,120.62,61646
MBLINFRA,2010-07-22 00:00:00+05:30,120.58,126.35,119.5,124.88,155072
MBLINFRA,2010-07-23 00:00:00+05:30,123.62,127.0,122.55,123.33,121014
MBLINFRA,2010-07-26 00:00:00+05:30,122.35,124.5,120.05,120.85,28390
MBLINFRA,2010-07-27 00:00:00+05:30,121.5,122.42,119.53,119.88,20484
MBLINFRA,2010-07-28 00:00:00+05:30,119.8,124.0,119.8,121.47,66756
MBLINFRA,2010-07-29 00:00:00+05:30,122.4,122.4,120.0,120.4,30138
MBLINFRA,2010-07-30 00:00:00+05:30,119.5,121.62,119.08,119.55,12068
MBLINFRA,2010-08-02 00:00:00+05:30,120.5,126.45,120.5,123.55,110384
MBLINFRA,2010-08-03 00:00:00+05:30,124.75,133.95,124.75,130.3,563712
MBLINFRA,2010-08-04 00:00:00+05:30,133.0,133.4,127.53,128.78,116652
MBLINFRA,2010-08-05 00:00:00+05:30,128.6,132.0,125.8,127.4,69206
MBLINFRA,2010-08-06 00:00:00+05:30,127.88,132.2,126.8,130.2,191742
MBLINFRA,2010-08-09 00:00:00+05:30,129.78,136.35,129.07,132.32,253174
MBLINFRA,2010-08-10 00:00:00+05:30,132.5,132.55,128.0,128.93,103380
MBLINFRA,2010-08-11 00:00:00+05:30,129.93,131.93,127.45,128.47,121500
MBLINFRA,2010-08-12 00:00:00+05:30,127.55,131.95,126.5,128.32,139884
MBLINFRA,2010-08-13 00:00:00+05:30,128.35,131.43,127.0,130.03,64640
MBLINFRA,2010-08-16 00:00:00+05:30,131.5,133.97,127.58,129.2,257852
MBLINFRA,2010-08-17 00:00:00+05:30,130.47,132.32,128.0,128.68,33938
MBLINFRA,2010-08-18 00:00:00+05:30,127.5,131.75,127.5,131.03,55910
MBLINFRA,2010-08-19 00:00:00+05:30,131.45,132.0,130.0,130.45,46194
MBLINFRA,2010-08-20 00:00:00+05:30,130.5,137.45,130.0,135.0,250268
MBLINFRA,2010-08-23 00:00:00+05:30,135.0,137.43,132.62,133.53,108646
MBLINFRA,2010-08-24 00:00:00+05:30,133.0,134.97,130.85,131.68,62578
MBLINFRA,2010-08-25 00:00:00+05:30,131.45,132.32,128.03,128.43,37732
MBLINFRA,2010-08-26 00:00:00+05:30,128.5,129.75,126.7,127.83,39254
MBLINFRA,2010-08-27 00:00:00+05:30,128.88,132.5,127.5,128.68,103536
MBLINFRA,2010-08-30 00:00:00+05:30,131.5,133.9,129.0,129.95,259608
MBLINFRA,2010-08-31 00:00:00+05:30,128.95,129.97,125.75,127.38,51502
MBLINFRA,2010-09-01 00:00:00+05:30,127.5,130.65,127.5,129.82,41780
MBLINFRA,2010-09-02 00:00:00+05:30,130.5,133.5,129.0,132.5,93762
MBLINFRA,2010-09-03 00:00:00+05:30,133.4,134.47,131.6,132.53,82118
MBLINFRA,2010-09-06 00:00:00+05:30,133.0,135.5,132.6,133.6,45968
MBLINFRA,2010-09-07 00:00:00+05:30,133.6,134.47,130.45,131.4,19924
MBLINFRA,2010-09-08 00:00:00+05:30,130.05,137.5,130.05,133.85,85510
MBLINFRA,2010-09-09 00:00:00+05:30,134.18,140.5,134.05,138.97,329330
MBLINFRA,2010-09-13 00:00:00+05:30,142.0,145.3,138.1,139.05,196788
MBLINFRA,2010-09-14 00:00:00+05:30,140.35,140.35,135.0,136.32,58438
MBLINFRA,2010-09-15 00:00:00+05:30,136.75,140.25,133.38,134.47,163150
MBLINFRA,2010-09-16 00:00:00+05:30,134.07,136.85,132.68,133.38,51298
MBLINFRA,2010-09-17 00:00:00+05:30,135.9,146.43,135.9,143.88,861340
MBLINFRA,2010-09-20 00:00:00+05:30,139.5,144.9,139.5,140.15,142728
MBLINFRA,2010-09-21 00:00:00+05:30,140.5,141.93,137.0,138.6,80156
MBLINFRA,2010-09-22 00:00:00+05:30,138.3,140.5,134.18,135.05,74806
MBLINFRA,2010-09-23 00:00:00+05:30,135.0,138.5,135.0,135.5,27182
MBLINFRA,2010-09-24 00:00:00+05:30,136.05,139.95,136.05,136.88,46208
MBLINFRA,2010-09-27 00:00:00+05:30,137.8,141.8,136.55,137.97,82082
MBLINFRA,2010-09-28 00:00:00+05:30,136.5,141.55,136.5,139.53,65050
MBLINFRA,2010-09-29 00:00:00+05:30,140.5,140.75,136.25,136.62,115954
MBLINFRA,2010-09-30 00:00:00+05:30,138.25,138.9,131.75,132.62,112220
MBLINFRA,2010-10-01 00:00:00+05:30,135.5,135.85,130.5,130.82,153478
MBLINFRA,2010-10-04 00:00:00+05:30,132.0,135.5,130.62,131.18,80368
MBLINFRA,2010-10-05 00:00:00+05:30,132.43,132.85,129.8,132.15,34428
MBLINFRA,2010-10-06 00:00:00+05:30,133.5,133.9,130.7,131.45,37432
MBLINFRA,2010-10-07 00:00:00+05:30,132.3,135.68,131.0,132.15,69654
MBLINFRA,2010-10-08 00:00:00+05:30,132.0,139.5,129.68,137.05,120812
MBLINFRA,2010-10-11 00:00:00+05:30,137.6,139.72,135.28,136.45,76988
MBLINFRA,2010-10-12 00:00:00+05:30,133.68,135.6,130.0,134.97,11462
MBLINFRA,2010-10-13 00:00:00+05:30,136.12,137.45,133.25,134.07,63144
MBLINFRA,2010-10-14 00:00:00+05:30,135.97,136.97,131.5,132.38,19840
MBLINFRA,2010-10-15 00:00:00+05:30,131.75,133.5,130.4,131.15,31456
MBLINFRA,2010-10-18 00:00:00+05:30,131.75,132.82,128.07,130.35,31900
MBLINFRA,2010-10-19 00:00:00+05:30,130.35,132.5,128.0,128.62,22696
MBLINFRA,2010-10-20 00:00:00+05:30,129.93,130.5,127.25,128.25,35540
MBLINFRA,2010-10-21 00:00:00+05:30,128.62,131.35,128.2,129.2,17150
MBLINFRA,2010-10-22 00:00:00+05:30,129.5,132.5,128.0,129.32,21308
MBLINFRA,2010-10-25 00:00:00+05:30,129.32,134.45,129.0,131.05,181118
MBLINFRA,2010-10-26 00:00:00+05:30,133.0,133.15,128.8,129.45,33916
MBLINFRA,2010-10-27 00:00:00+05:30,130.5,130.5,127.58,128.05,11486
MBLINFRA,2010-10-28 00:00:00+05:30,129.72,129.72,125.5,125.78,35724
MBLINFRA,2010-10-29 00:00:00+05:30,123.75,126.0,108.55,113.9,287038
MBLINFRA,2010-11-01 00:00:00+05:30,115.0,125.5,115.0,121.4,297592
MBLINFRA,2010-11-02 00:00:00+05:30,122.83,124.47,120.5,122.92,58780
MBLINFRA,2010-11-03 00:00:00+05:30,123.0,123.9,117.03,119.72,77240
MBLINFRA,2010-11-04 00:00:00+05:30,119.0,120.9,116.7,117.4,148086
MBLINFRA,2010-11-05 00:00:00+05:30,119.95,120.0,118.0,119.3,13150
MBLINFRA,2010-11-08 00:00:00+05:30,120.0,120.12,114.05,115.33,108594
MBLINFRA,2010-11-09 00:00:00+05:30,116.0,117.5,113.5,115.1,112972
MBLINFRA,2010-11-10 00:00:00+05:30,115.25,119.75,115.0,118.35,76572
MBLINFRA,2010-11-11 00:00:00+05:30,121.5,126.5,118.0,118.55,91906
MBLINFRA,2010-11-12 00:00:00+05:30,116.75,119.42,113.75,114.58,24864
MBLINFRA,2010-11-15 00:00:00+05:30,114.08,119.88,109.03,109.95,39656
MBLINFRA,2010-11-16 00:00:00+05:30,111.5,112.5,103.9,104.67,125512
MBLINFRA,2010-11-18 00:00:00+05:30,103.0,112.0,103.0,105.78,37034
MBLINFRA,2010-11-19 00:00:00+05:30,107.75,107.75,100.0,102.2,23380
MBLINFRA,2010-11-22 00:00:00+05:30,103.0,104.95,97.75,99.53,107840
MBLINFRA,2010-11-23 00:00:00+05:30,100.5,100.5,95.0,97.58,71882
MBLINFRA,2010-11-24 00:00:00+05:30,97.58,98.5,94.0,95.88,78018
MBLINFRA,2010-11-25 00:00:00+05:30,93.67,96.47,87.58,88.5,81000
MBLINFRA,2010-11-26 00:00:00+05:30,89.05,90.97,81.0,83.08,37800
MBLINFRA,2010-11-29 00:00:00+05:30,80.5,85.22,80.03,83.7,46756
MBLINFRA,2010-11-30 00:00:00+05:30,82.75,95.0,82.53,90.53,71624
MBLINFRA,2010-12-01 00:00:00+05:30,90.55,96.9,90.55,96.1,31346
MBLINFRA,2010-12-02 00:00:00+05:30,98.5,101.45,98.05,98.7,60296
MBLINFRA,2010-12-03 00:00:00+05:30,99.58,99.58,90.5,92.42,74696
MBLINFRA,2010-12-06 00:00:00+05:30,93.03,94.5,92.03,92.42,10496
MBLINFRA,2010-12-07 00:00:00+05:30,93.2,93.2,85.6,90.78,20200
MBLINFRA,2010-12-08 00:00:00+05:30,91.88,92.2,87.5,87.83,18532
MBLINFRA,2010-12-09 00:00:00+05:30,90.75,91.0,84.0,84.53,21280
MBLINFRA,2010-12-10 00:00:00+05:30,82.5,89.85,82.5,89.05,37060
MBLINFRA,2010-12-13 00:00:00+05:30,89.0,94.5,85.65,88.47,35624
MBLINFRA,2010-12-14 00:00:00+05:30,91.5,91.5,87.33,88.15,15318
MBLINFRA,2010-12-15 00:00:00+05:30,87.75,92.5,87.0,87.55,12150
MBLINFRA,2010-12-16 00:00:00+05:30,89.47,89.47,86.75,86.8,21564
MBLINFRA,2010-12-20 00:00:00+05:30,89.9,89.9,86.55,87.75,7772
MBLINFRA,2010-12-21 00:00:00+05:30,89.0,89.0,85.55,85.85,41232
MBLINFRA,2010-12-22 00:00:00+05:30,86.55,87.8,84.5,86.15,41888
MBLINFRA,2010-12-23 00:00:00+05:30,88.4,88.5,84.0,84.88,58994
MBLINFRA,2010-12-24 00:00:00+05:30,85.92,93.0,82.0,90.4,363612
MBLINFRA,2010-12-27 00:00:00+05:30,90.5,95.95,90.5,94.03,135450
MBLINFRA,2010-12-28 00:00:00+05:30,94.67,108.5,94.25,100.38,373322
MBLINFRA,2010-12-29 00:00:00+05:30,101.35,105.25,99.33,99.92,173166
MBLINFRA,2010-12-30 00:00:00+05:30,98.05,102.9,98.05,101.67,60092
MBLINFRA,2010-12-31 00:00:00+05:30,102.7,103.22,100.75,101.3,59308
MBLINFRA,2011-01-03 00:00:00+05:30,102.92,108.25,101.85,106.9,163532
MBLINFRA,2011-01-04 00:00:00+05:30,108.92,108.92,104.25,104.83,57966
MBLINFRA,2011-01-05 00:00:00+05:30,105.95,108.0,104.28,104.83,47826
MBLINFRA,2011-01-06 00:00:00+05:30,107.0,107.0,103.0,103.9,29306
MBLINFRA,2011-01-07 00:00:00+05:30,103.0,104.25,98.75,99.85,38952
MBLINFRA,2011-01-10 00:00:00+05:30,101.78,104.5,98.5,99.15,65524
MBLINFRA,2011-01-11 00:00:00+05:30,98.0,100.75,95.3,98.62,20474
MBLINFRA,2011-01-12 00:00:00+05:30,99.5,102.35,96.7,100.45,44824
MBLINFRA,2011-01-13 00:00:00+05:30,100.97,101.0,99.0,100.0,28624
MBLINFRA,2011-01-14 00:00:00+05:30,99.5,102.0,98.5,100.05,20682
MBLINFRA,2011-01-17 00:00:00+05:30,98.6,102.0,97.0,99.42,129608
MBLINFRA,2011-01-18 00:00:00+05:30,98.5,100.5,96.05,97.35,20270
MBLINFRA,2011-01-19 00:00:00+05:30,98.25,101.5,97.62,100.22,39182
MBLINFRA,2011-01-20 00:00:00+05:30,100.4,101.45,99.12,99.67,3456
MBLINFRA,2011-01-21 00:00:00+05:30,90.62,100.42,90.62,99.6,7422
MBLINFRA,2011-01-24 00:00:00+05:30,100.25,100.92,97.08,98.25,12154
MBLINFRA,2011-01-25 00:00:00+05:30,99.25,100.67,98.25,99.7,8228
MBLINFRA,2011-01-27 00:00:00+05:30,100.35,100.35,94.5,95.83,21220
MBLINFRA,2011-01-28 00:00:00+05:30,97.5,97.5,88.0,90.75,50214
MBLINFRA,2011-01-31 00:00:00+05:30,93.5,93.5,87.55,91.7,50010
MBLINFRA,2011-02-01 00:00:00+05:30,92.5,92.5,86.5,87.47,37600
MBLINFRA,2011-02-02 00:00:00+05:30,90.0,92.6,88.0,91.7,35690
MBLINFRA,2011-02-03 00:00:00+05:30,93.0,93.0,90.25,92.03,26486
MBLINFRA,2011-02-04 00:00:00+05:30,90.8,93.83,90.8,92.4,24026
MBLINFRA,2011-02-07 00:00:00+05:30,93.95,94.0,89.5,93.53,15178
MBLINFRA,2011-02-08 00:00:00+05:30,93.95,95.9,90.12,92.0,9996
MBLINFRA,2011-02-09 00:00:00+05:30,91.0,92.0,85.4,90.62,46590
MBLINFRA,2011-02-10 00:00:00+05:30,91.0,91.0,86.6,89.25,33458
MBLINFRA,2011-02-11 00:00:00+05:30,90.0,100.33,88.0,97.88,61342
MBLINFRA,2011-02-14 00:00:00+05:30,101.33,102.5,97.0,97.9,55360
MBLINFRA,2011-02-15 00:00:00+05:30,93.0,99.45,91.5,92.88,27114
MBLINFRA,2011-02-16 00:00:00+05:30,94.0,96.9,91.83,95.58,12814
MBLINFRA,2011-02-17 00:00:00+05:30,96.0,98.3,93.0,93.72,30036
MBLINFRA,2011-02-18 00:00:00+05:30,96.2,96.5,92.1,93.1,30736
MBLINFRA,2011-02-21 00:00:00+05:30,98.45,98.45,93.0,94.12,11356
MBLINFRA,2011-02-22 00:00:00+05:30,91.88,94.0,90.0,91.9,16364
MBLINFRA,2011-02-23 00:00:00+05:30,91.25,93.3,91.05,91.45,12272
MBLINFRA,2011-02-24 00:00:00+05:30,91.0,92.65,87.5,89.15,35120
MBLINFRA,2011-02-25 00:00:00+05:30,88.5,92.45,88.45,89.28,10664
MBLINFRA,2011-02-28 00:00:00+05:30,91.9,91.9,88.65,89.3,20568
MBLINFRA,2011-03-01 00:00:00+05:30,88.83,92.8,88.83,92.17,42502
MBLINFRA,2011-03-03 00:00:00+05:30,88.55,92.85,88.0,92.17,25480
MBLINFRA,2011-03-04 00:00:00+05:30,92.85,92.95,91.1,91.8,24394
MBLINFRA,2011-03-07 00:00:00+05:30,89.05,90.95,88.1,89.05,22962
MBLINFRA,2011-03-08 00:00:00+05:30,90.15,91.4,89.35,91.08,63818
MBLINFRA,2011-03-09 00:00:00+05:30,92.4,92.4,90.0,91.25,28598
MBLINFRA,2011-03-10 00:00:00+05:30,89.05,90.97,89.05,90.05,149702
MBLINFRA,2011-03-11 00:00:00+05:30,90.0,91.9,88.47,89.53,5714
MBLINFRA,2011-03-14 00:00:00+05:30,87.55,90.05,87.55,88.6,5540
MBLINFRA,2011-03-15 00:00:00+05:30,91.45,91.45,81.5,88.3,15936
MBLINFRA,2011-03-16 00:00:00+05:30,88.5,91.4,88.03,89.55,6406
MBLINFRA,2011-03-17 00:00:00+05:30,100.0,100.0,88.55,89.0,16076
MBLINFRA,2011-03-18 00:00:00+05:30,89.28,90.45,86.55,89.45,26614
MBLINFRA,2011-03-21 00:00:00+05:30,90.0,90.17,89.0,89.6,8888
MBLINFRA,2011-03-22 00:00:00+05:30,88.5,90.5,88.5,89.42,23464
MBLINFRA,2011-03-23 00:00:00+05:30,88.5,90.0,88.5,88.97,10438
MBLINFRA,2011-03-24 00:00:00+05:30,90.0,90.45,88.5,88.83,3880
MBLINFRA,2011-03-25 00:00:00+05:30,88.5,89.5,86.65,88.05,25974
MBLINFRA,2011-03-28 00:00:00+05:30,87.75,89.5,87.1,87.4,8470
MBLINFRA,2011-03-29 00:00:00+05:30,86.5,89.5,86.3,88.33,12976
MBLINFRA,2011-03-30 00:00:00+05:30,89.5,89.5,87.0,88.53,19486
MBLINFRA,2011-03-31 00:00:00+05:30,89.1,89.25,87.15,87.85,8224
MBLINFRA,2011-04-01 00:00:00+05:30,89.25,92.0,88.5,91.58,58880
MBLINFRA,2011-04-04 00:00:00+05:30,92.0,93.9,90.25,91.42,54764
MBLINFRA,2011-04-05 00:00:00+05:30,96.25,102.42,91.0,98.5,134208
MBLINFRA,2011-04-06 00:00:00+05:30,98.5,102.5,94.2,97.28,80894
MBLINFRA,2011-04-07 00:00:00+05:30,99.2,102.5,96.25,100.55,67162
MBLINFRA,2011-04-08 00:00:00+05:30,101.25,101.25,97.53,98.0,18468
MBLINFRA,2011-04-11 00:00:00+05:30,97.12,98.2,95.95,97.62,12260
MBLINFRA,2011-04-13 00:00:00+05:30,95.53,99.95,95.53,99.22,33246
MBLINFRA,2011-04-15 00:00:00+05:30,99.5,99.85,98.0,98.67,13362
MBLINFRA,2011-04-18 00:00:00+05:30,96.0,99.97,91.97,95.53,13768
MBLINFRA,2011-04-19 00:00:00+05:30,96.47,97.5,94.05,94.5,11560
MBLINFRA,2011-04-20 00:00:00+05:30,95.28,97.4,95.08,95.3,12536
MBLINFRA,2011-04-21 00:00:00+05:30,95.0,96.97,94.55,95.67,14804
MBLINFRA,2011-04-25 00:00:00+05:30,93.1,96.97,92.5,95.6,25504
MBLINFRA,2011-04-26 00:00:00+05:30,94.62,95.05,93.05,94.17,16092
MBLINFRA,2011-04-27 00:00:00+05:30,94.0,94.7,93.33,94.12,5376
MBLINFRA,2011-04-28 00:00:00+05:30,93.75,93.75,92.53,92.85,2324
MBLINFRA,2011-04-29 00:00:00+05:30,92.67,92.67,89.62,90.0,5266
MBLINFRA,2011-05-02 00:00:00+05:30,92.22,92.22,87.55,89.42,4016
MBLINFRA,2011-05-03 00:00:00+05:30,87.33,90.97,87.12,87.58,12468
MBLINFRA,2011-05-04 00:00:00+05:30,86.5,89.47,86.0,86.35,1380
MBLINFRA,2011-05-05 00:00:00+05:30,86.1,87.5,83.0,83.53,5316
MBLINFRA,2011-05-06 00:00:00+05:30,87.47,87.47,81.0,82.4,11030
MBLINFRA,2011-05-09 00:00:00+05:30,80.8,83.88,80.8,82.03,4672
MBLINFRA,2011-05-10 00:00:00+05:30,84.4,89.4,81.53,86.8,45626
MBLINFRA,2011-05-11 00:00:00+05:30,85.97,86.0,82.55,83.3,19718
MBLINFRA,2011-05-12 00:00:00+05:30,84.8,86.45,81.1,81.85,38048
MBLINFRA,2011-05-13 00:00:00+05:30,83.45,83.6,81.95,82.25,10108
MBLINFRA,2011-05-16 00:00:00+05:30,83.58,83.58,80.75,80.92,4746
MBLINFRA,2011-05-17 00:00:00+05:30,80.5,84.3,80.4,80.9,18164
MBLINFRA,2011-05-18 00:00:00+05:30,80.1,82.2,78.05,78.78,10726
MBLINFRA,2011-05-19 00:00:00+05:30,79.4,80.0,77.08,78.42,28810
MBLINFRA,2011-05-20 00:00:00+05:30,78.08,82.0,78.08,80.35,12690
MBLINFRA,2011-05-23 00:00:00+05:30,81.03,81.03,76.55,76.85,5616
MBLINFRA,2011-05-24 00:00:00+05:30,76.7,79.4,73.72,74.0,10190
MBLINFRA,2011-05-25 00:00:00+05:30,73.5,78.9,69.17,75.22,60686
MBLINFRA,2011-05-26 00:00:00+05:30,75.5,77.4,70.12,71.08,38448
MBLINFRA,2011-05-27 00:00:00+05:30,71.0,75.97,70.05,74.4,129250
MBLINFRA,2011-05-30 00:00:00+05:30,75.9,78.12,74.4,76.65,49244
MBLINFRA,2011-05-31 00:00:00+05:30,76.67,79.7,76.03,78.95,56556
MBLINFRA,2011-06-01 00:00:00+05:30,78.33,80.85,76.55,79.0,68820
MBLINFRA,2011-06-02 00:00:00+05:30,78.03,79.03,77.0,78.5,45036
MBLINFRA,2011-06-03 00:00:00+05:30,79.92,86.35,77.55,78.7,64224
MBLINFRA,2011-06-06 00:00:00+05:30,79.5,81.35,78.83,79.33,82128
MBLINFRA,2011-06-07 00:00:00+05:30,80.4,80.42,76.6,77.15,41818
MBLINFRA,2011-06-08 00:00:00+05:30,77.0,78.1,74.3,74.97,48442
MBLINFRA,2011-06-09 00:00:00+05:30,73.7,77.1,73.0,73.38,62324
MBLINFRA,2011-06-10 00:00:00+05:30,75.0,75.58,72.03,72.35,62872
MBLINFRA,2011-06-13 00:00:00+05:30,73.47,73.47,70.25,71.0,60776
MBLINFRA,2011-06-14 00:00:00+05:30,72.75,72.75,69.65,69.88,83954
MBLINFRA,2011-06-15 00:00:00+05:30,71.5,71.5,67.83,68.5,84412
MBLINFRA,2011-06-16 00:00:00+05:30,68.5,71.35,67.58,70.12,53632
MBLINFRA,2011-06-17 00:00:00+05:30,71.0,71.75,69.08,69.28,40142
MBLINFRA,2011-06-20 00:00:00+05:30,69.7,71.0,67.5,68.78,55652
MBLINFRA,2011-06-21 00:00:00+05:30,68.9,70.12,68.17,68.78,14224
MBLINFRA,2011-06-22 00:00:00+05:30,69.5,69.5,68.05,68.7,48050
MBLINFRA,2011-06-23 00:00:00+05:30,68.5,69.9,68.0,68.2,15330
MBLINFRA,2011-06-24 00:00:00+05:30,71.45,71.75,68.8,70.15,36180
MBLINFRA,2011-06-27 00:00:00+05:30,69.5,71.92,68.53,71.25,20902
MBLINFRA,2011-06-28 00:00:00+05:30,70.4,73.75,70.12,73.0,28978
MBLINFRA,2011-06-29 00:00:00+05:30,73.12,74.5,72.5,73.47,12666
MBLINFRA,2011-06-30 00:00:00+05:30,72.75,75.5,72.53,73.1,24844
MBLINFRA,2011-07-01 00:00:00+05:30,75.3,75.3,73.0,73.53,19764
MBLINFRA,2011-07-04 00:00:00+05:30,74.47,78.0,73.6,77.0,43974
MBLINFRA,2011-07-05 00:00:00+05:30,76.42,77.4,75.12,76.03,15910
MBLINFRA,2011-07-06 00:00:00+05:30,76.25,76.5,75.4,75.9,19702
MBLINFRA,2011-07-07 00:00:00+05:30,75.17,77.5,75.17,76.95,11034
MBLINFRA,2011-07-08 00:00:00+05:30,75.9,77.7,75.9,76.22,41590
MBLINFRA,2011-07-11 00:00:00+05:30,75.58,76.12,74.97,75.05,7152
MBLINFRA,2011-07-12 00:00:00+05:30,74.58,76.47,74.47,74.92,8688
MBLINFRA,2011-07-13 00:00:00+05:30,77.4,77.4,75.05,75.75,8468
MBLINFRA,2011-07-14 00:00:00+05:30,75.0,77.97,75.0,76.62,26484
MBLINFRA,2011-07-15 00:00:00+05:30,77.35,77.92,76.53,76.88,4928
MBLINFRA,2011-07-18 00:00:00+05:30,76.5,76.88,74.88,75.03,5868
MBLINFRA,2011-07-19 00:00:00+05:30,74.53,77.25,74.53,76.88,4770
MBLINFRA,2011-07-20 00:00:00+05:30,75.12,76.85,75.08,75.3,4950
MBLINFRA,2011-07-21 00:00:00+05:30,75.5,75.95,74.85,75.0,9064
MBLINFRA,2011-07-22 00:00:00+05:30,75.03,75.05,73.12,73.55,33908
MBLINFRA,2011-07-25 00:00:00+05:30,73.8,78.85,73.8,78.38,29032
MBLINFRA,2011-07-26 00:00:00+05:30,79.0,80.5,77.05,79.85,56432
MBLINFRA,2011-07-27 00:00:00+05:30,79.5,80.95,76.7,78.65,25790
MBLINFRA,2011-07-28 00:00:00+05:30,77.62,79.72,77.0,78.72,8678
MBLINFRA,2011-07-29 00:00:00+05:30,83.5,83.5,75.97,77.0,7490
MBLINFRA,2011-08-01 00:00:00+05:30,78.0,79.5,74.67,75.05,12040
MBLINFRA,2011-08-02 00:00:00+05:30,73.47,75.5,73.47,74.12,9332
MBLINFRA,2011-08-03 00:00:00+05:30,72.08,75.85,72.08,75.33,3422
MBLINFRA,2011-08-04 00:00:00+05:30,77.0,77.0,72.9,75.0,19428
MBLINFRA,2011-08-05 00:00:00+05:30,72.5,74.0,67.5,68.85,93746
MBLINFRA,2011-08-08 00:00:00+05:30,70.0,70.0,63.5,66.12,25514
MBLINFRA,2011-08-09 00:00:00+05:30,62.5,68.72,62.5,63.98,18192
MBLINFRA,2011-08-10 00:00:00+05:30,65.25,68.0,64.55,67.53,21210
MBLINFRA,2011-08-11 00:00:00+05:30,66.5,69.4,66.12,68.97,8640
MBLINFRA,2011-08-12 00:00:00+05:30,70.4,70.4,66.1,67.78,9138
MBLINFRA,2011-08-16 00:00:00+05:30,68.25,72.45,63.55,66.38,61936
MBLINFRA,2011-08-17 00:00:00+05:30,70.0,70.0,60.8,61.27,49708
MBLINFRA,2011-08-18 00:00:00+05:30,62.0,63.5,53.15,54.42,96352
MBLINFRA,2011-08-19 00:00:00+05:30,54.95,58.5,53.05,55.12,102358
MBLINFRA,2011-08-22 00:00:00+05:30,58.0,58.95,54.55,57.92,20890
MBLINFRA,2011-08-23 00:00:00+05:30,58.05,59.98,56.52,58.45,8090
MBLINFRA,2011-08-24 00:00:00+05:30,57.55,61.95,57.55,58.52,12772
MBLINFRA,2011-08-25 00:00:00+05:30,58.27,59.5,56.5,57.1,11944
MBLINFRA,2011-08-26 00:00:00+05:30,56.0,57.42,48.27,49.65,141468
MBLINFRA,2011-08-29 00:00:00+05:30,50.12,53.95,49.58,53.05,116552
MBLINFRA,2011-08-30 00:00:00+05:30,55.98,62.3,53.0,59.73,39854
MBLINFRA,2011-09-02 00:00:00+05:30,61.75,61.75,56.12,57.58,27418
MBLINFRA,2011-09-05 00:00:00+05:30,56.0,64.9,55.15,62.02,31664
MBLINFRA,2011-09-06 00:00:00+05:30,62.02,63.8,59.08,63.5,20610
MBLINFRA,2011-09-07 00:00:00+05:30,68.22,68.22,62.55,65.17,37028
MBLINFRA,2011-09-08 00:00:00+05:30,64.53,66.47,64.25,65.05,15476
MBLINFRA,2011-09-09 00:00:00+05:30,64.0,67.75,64.0,66.62,17360
MBLINFRA,2011-09-12 00:00:00+05:30,65.0,65.42,63.27,64.58,26132
MBLINFRA,2011-09-13 00:00:00+05:30,63.5,66.5,62.77,64.05,4176
MBLINFRA,2011-09-14 00:00:00+05:30,64.08,65.45,64.0,64.62,3396
MBLINFRA,2011-09-15 00:00:00+05:30,64.35,67.5,64.0,66.12,16552
MBLINFRA,2011-09-16 00:00:00+05:30,65.5,68.47,64.25,67.12,8786
MBLINFRA,2011-09-19 00:00:00+05:30,67.0,69.25,64.62,67.83,10648
MBLINFRA,2011-09-20 00:00:00+05:30,69.95,69.95,67.05,67.8,10490
MBLINFRA,2011-09-21 00:00:00+05:30,67.97,69.15,65.58,66.3,4504
MBLINFRA,2011-09-22 00:00:00+05:30,64.5,65.5,63.48,64.0,30858
MBLINFRA,2011-09-23 00:00:00+05:30,62.5,64.95,61.98,64.65,16218
MBLINFRA,2011-09-26 00:00:00+05:30,63.5,66.5,62.05,64.12,8172
MBLINFRA,2011-09-27 00:00:00+05:30,64.53,65.5,64.05,64.42,4078
MBLINFRA,2011-09-28 00:00:00+05:30,65.08,65.08,64.08,64.25,26792
MBLINFRA,2011-09-29 00:00:00+05:30,71.0,71.0,63.55,63.77,20830
MBLINFRA,2011-09-30 00:00:00+05:30,64.0,65.45,63.5,64.12,20396
MBLINFRA,2011-10-03 00:00:00+05:30,71.47,71.5,61.55,64.03,16560
MBLINFRA,2011-10-04 00:00:00+05:30,70.5,70.5,63.5,63.95,26476
MBLINFRA,2011-10-05 00:00:00+05:30,69.9,69.9,63.02,64.15,23128
MBLINFRA,2011-10-07 00:00:00+05:30,63.55,66.17,63.55,64.1,19734
MBLINFRA,2011-10-10 00:00:00+05:30,63.65,67.45,63.65,64.65,14504
MBLINFRA,2011-10-11 00:00:00+05:30,64.25,65.95,61.98,64.22,16290
MBLINFRA,2011-10-12 00:00:00+05:30,63.5,65.5,63.38,65.08,14858
MBLINFRA,2011-10-13 00:00:00+05:30,65.0,66.47,63.58,64.45,11174
MBLINFRA,2011-10-14 00:00:00+05:30,63.85,70.47,63.5,64.12,31038
MBLINFRA,2011-10-17 00:00:00+05:30,64.78,65.75,64.0,64.28,7112
MBLINFRA,2011-10-18 00:00:00+05:30,63.5,64.85,61.98,64.33,5204
MBLINFRA,2011-10-19 00:00:00+05:30,65.75,65.75,63.52,64.08,4910
MBLINFRA,2011-10-20 00:00:00+05:30,63.55,65.5,63.55,63.92,13280
MBLINFRA,2011-10-21 00:00:00+05:30,64.5,64.55,63.62,64.03,11422
MBLINFRA,2011-10-24 00:00:00+05:30,68.5,68.5,63.5,64.08,8860
MBLINFRA,2011-10-25 00:00:00+05:30,64.0,64.0,63.25,64.0,9182
MBLINFRA,2011-10-28 00:00:00+05:30,65.5,66.8,63.95,65.5,15846
MBLINFRA,2011-10-31 00:00:00+05:30,67.25,67.25,64.55,65.45,8816
MBLINFRA,2011-11-01 00:00:00+05:30,66.42,66.42,63.58,64.47,10876
MBLINFRA,2011-11-02 00:00:00+05:30,63.5,65.5,63.0,64.12,11738
MBLINFRA,2011-11-03 00:00:00+05:30,63.75,64.25,63.73,64.03,11216
MBLINFRA,2011-11-04 00:00:00+05:30,64.25,64.92,64.03,64.05,6398
MBLINFRA,2011-11-08 00:00:00+05:30,64.12,64.45,62.3,63.7,16856
MBLINFRA,2011-11-09 00:00:00+05:30,64.25,64.5,61.33,61.98,6716
MBLINFRA,2011-11-11 00:00:00+05:30,63.0,63.0,60.6,61.38,6722
MBLINFRA,2011-11-14 00:00:00+05:30,60.5,61.88,58.5,59.98,11598
MBLINFRA,2011-11-15 00:00:00+05:30,59.27,60.1,54.02,56.23,22682
MBLINFRA,2011-11-16 00:00:00+05:30,55.0,57.42,53.48,56.67,8632
MBLINFRA,2011-11-17 00:00:00+05:30,55.75,61.5,55.75,60.5,23332
MBLINFRA,2011-11-18 00:00:00+05:30,59.0,59.77,57.0,58.88,63828
MBLINFRA,2011-11-21 00:00:00+05:30,58.5,59.23,56.8,57.6,55878
MBLINFRA,2011-11-22 00:00:00+05:30,57.5,58.05,56.5,57.25,100370
MBLINFRA,2011-11-23 00:00:00+05:30,57.5,58.02,52.95,54.73,51046
MBLINFRA,2011-11-24 00:00:00+05:30,54.5,55.5,53.5,54.75,19666
MBLINFRA,2011-11-25 00:00:00+05:30,55.5,57.38,52.0,53.08,15594
MBLINFRA,2011-11-28 00:00:00+05:30,54.0,54.0,52.98,53.05,37948
MBLINFRA,2011-11-29 00:00:00+05:30,53.5,53.75,52.15,52.85,13816
MBLINFRA,2011-11-30 00:00:00+05:30,52.0,52.5,50.75,51.45,22282
MBLINFRA,2011-12-01 00:00:00+05:30,52.5,52.75,51.0,51.52,23028
MBLINFRA,2011-12-02 00:00:00+05:30,50.5,53.77,49.0,51.35,45462
MBLINFRA,2011-12-05 00:00:00+05:30,52.25,52.25,51.0,51.25,54762
MBLINFRA,2011-12-07 00:00:00+05:30,52.0,52.0,50.17,50.92,27294
MBLINFRA,2011-12-08 00:00:00+05:30,51.5,51.5,49.27,50.02,83856
MBLINFRA,2011-12-09 00:00:00+05:30,51.98,51.98,49.62,51.33,16388
MBLINFRA,2011-12-12 00:00:00+05:30,50.5,51.5,49.17,50.05,59324
MBLINFRA,2011-12-13 00:00:00+05:30,50.98,50.98,49.5,50.0,35126
MBLINFRA,2011-12-14 00:00:00+05:30,49.55,51.75,49.55,50.12,79386
MBLINFRA,2011-12-15 00:00:00+05:30,49.0,51.48,49.0,50.27,15276
MBLINFRA,2011-12-16 00:00:00+05:30,50.02,51.48,50.0,50.12,9710
MBLINFRA,2011-12-19 00:00:00+05:30,49.1,50.95,46.25,50.08,39980
MBLINFRA,2011-12-20 00:00:00+05:30,49.5,50.88,46.5,49.77,36422
MBLINFRA,2011-12-21 00:00:00+05:30,49.25,52.0,47.67,51.5,14506
MBLINFRA,2011-12-22 00:00:00+05:30,51.9,51.9,49.58,50.38,9808
MBLINFRA,2011-12-23 00:00:00+05:30,51.9,57.5,51.05,52.15,86092
MBLINFRA,2011-12-26 00:00:00+05:30,52.0,53.0,52.0,52.73,6630
MBLINFRA,2011-12-27 00:00:00+05:30,52.0,53.75,52.0,53.48,19810
MBLINFRA,2011-12-28 00:00:00+05:30,53.15,57.98,52.5,57.2,14554
MBLINFRA,2011-12-29 00:00:00+05:30,56.9,57.75,55.1,56.62,22988
MBLINFRA,2011-12-30 00:00:00+05:30,55.02,58.45,55.0,57.4,28286
MBLINFRA,2012-01-02 00:00:00+05:30,56.7,58.25,54.6,56.45,28206
MBLINFRA,2012-01-03 00:00:00+05:30,55.5,58.5,55.5,57.83,10462
MBLINFRA,2012-01-04 00:00:00+05:30,57.0,58.85,55.77,58.2,14244
MBLINFRA,2012-01-05 00:00:00+05:30,57.08,58.5,57.05,58.02,4190
MBLINFRA,2012-01-06 00:00:00+05:30,57.0,58.4,54.05,56.0,24198
MBLINFRA,2012-01-09 00:00:00+05:30,57.0,59.92,56.0,59.65,21202
MBLINFRA,2012-01-10 00:00:00+05:30,60.45,64.75,60.45,61.17,51326
MBLINFRA,2012-01-11 00:00:00+05:30,64.22,65.0,61.6,62.15,14456
MBLINFRA,2012-01-12 00:00:00+05:30,61.62,63.38,61.25,62.83,4694
MBLINFRA,2012-01-13 00:00:00+05:30,61.55,65.5,61.55,65.17,8398
MBLINFRA,2012-01-16 00:00:00+05:30,64.0,77.35,63.0,74.45,192850
MBLINFRA,2012-01-17 00:00:00+05:30,76.0,77.47,71.53,72.9,38622
MBLINFRA,2012-01-18 00:00:00+05:30,72.58,74.42,72.5,74.0,20416
MBLINFRA,2012-01-19 00:00:00+05:30,73.6,74.9,73.53,73.75,63600
MBLINFRA,2012-01-20 00:00:00+05:30,75.0,75.95,72.25,72.92,32582
MBLINFRA,2012-01-23 00:00:00+05:30,73.92,77.5,72.5,73.58,12862
MBLINFRA,2012-01-24 00:00:00+05:30,73.0,74.5,70.83,73.72,12674
MBLINFRA,2012-01-25 00:00:00+05:30,73.0,75.0,72.62,73.03,50404
MBLINFRA,2012-01-27 00:00:00+05:30,73.45,74.0,73.0,73.45,4846
MBLINFRA,2012-01-30 00:00:00+05:30,73.0,75.42,72.25,72.6,24510
MBLINFRA,2012-01-31 00:00:00+05:30,75.0,75.0,71.5,72.0,12724
MBLINFRA,2012-02-01 00:00:00+05:30,71.08,74.3,71.08,72.72,43982
MBLINFRA,2012-02-02 00:00:00+05:30,74.83,75.47,73.0,73.72,19110
MBLINFRA,2012-02-03 00:00:00+05:30,74.5,75.03,71.58,73.7,11700
MBLINFRA,2012-02-06 00:00:00+05:30,73.25,74.5,73.25,73.67,6678
MBLINFRA,2012-02-07 00:00:00+05:30,74.05,74.15,72.55,73.28,3926
MBLINFRA,2012-02-08 00:00:00+05:30,73.35,75.45,71.5,75.0,18026
MBLINFRA,2012-02-09 00:00:00+05:30,74.12,84.5,74.12,82.5,147494
MBLINFRA,2012-02-10 00:00:00+05:30,83.75,84.35,80.0,80.7,29100
MBLINFRA,2012-02-13 00:00:00+05:30,81.05,86.5,81.0,84.08,47784
MBLINFRA,2012-02-14 00:00:00+05:30,85.25,86.9,83.17,83.67,32854
MBLINFRA,2012-02-15 00:00:00+05:30,84.75,84.75,81.53,81.97,114222
MBLINFRA,2012-02-16 00:00:00+05:30,83.45,83.72,80.0,81.38,47046
MBLINFRA,2012-02-17 00:00:00+05:30,82.0,86.0,81.45,84.2,48298
MBLINFRA,2012-02-21 00:00:00+05:30,85.45,89.22,85.45,88.42,147260
MBLINFRA,2012-02-22 00:00:00+05:30,89.0,89.5,86.12,86.62,56134
MBLINFRA,2012-02-23 00:00:00+05:30,88.0,88.95,84.58,86.3,43444
MBLINFRA,2012-02-24 00:00:00+05:30,86.55,86.95,84.5,85.05,18128
MBLINFRA,2012-02-27 00:00:00+05:30,84.55,84.6,80.72,81.9,21208
MBLINFRA,2012-02-28 00:00:00+05:30,80.0,84.47,80.0,83.1,24462
MBLINFRA,2012-02-29 00:00:00+05:30,85.0,87.42,85.0,85.45,16662
MBLINFRA,2012-03-01 00:00:00+05:30,85.5,88.95,84.53,86.08,201766
MBLINFRA,2012-03-02 00:00:00+05:30,86.88,86.88,84.03,85.92,9964
MBLINFRA,2012-03-05 00:00:00+05:30,84.55,86.42,81.05,82.0,296444
MBLINFRA,2012-03-06 00:00:00+05:30,79.5,83.0,79.5,81.45,14292
MBLINFRA,2012-03-07 00:00:00+05:30,81.0,82.45,80.95,81.22,5988
MBLINFRA,2012-03-09 00:00:00+05:30,80.5,89.25,80.0,87.53,296216
MBLINFRA,2012-03-12 00:00:00+05:30,87.05,90.95,86.78,90.0,173646
MBLINFRA,2012-03-13 00:00:00+05:30,90.0,95.0,90.0,93.88,98316
MBLINFRA,2012-03-14 00:00:00+05:30,92.53,99.95,92.53,98.95,148520
MBLINFRA,2012-03-15 00:00:00+05:30,99.33,99.6,95.53,96.58,20932
MBLINFRA,2012-03-16 00:00:00+05:30,95.55,96.35,92.5,94.78,15212
MBLINFRA,2012-03-19 00:00:00+05:30,94.0,94.0,90.5,91.65,9622
MBLINFRA,2012-03-20 00:00:00+05:30,92.45,92.95,91.45,92.47,69208
MBLINFRA,2012-03-21 00:00:00+05:30,92.25,94.95,92.25,94.17,10976
MBLINFRA,2012-03-22 00:00:00+05:30,93.5,94.97,90.0,91.78,14752
MBLINFRA,2012-03-23 00:00:00+05:30,92.42,93.45,90.78,91.8,5662
MBLINFRA,2012-03-26 00:00:00+05:30,90.5,92.47,87.22,91.0,17122
MBLINFRA,2012-03-27 00:00:00+05:30,90.0,91.28,88.12,89.97,10690
MBLINFRA,2012-03-28 00:00:00+05:30,89.0,89.42,87.62,88.45,32620
MBLINFRA,2012-03-29 00:00:00+05:30,86.53,90.95,86.53,89.0,28692
MBLINFRA,2012-03-30 00:00:00+05:30,93.75,93.75,86.0,89.85,30332
MBLINFRA,2012-04-02 00:00:00+05:30,90.08,90.45,89.2,89.4,98562
MBLINFRA,2012-04-03 00:00:00+05:30,90.5,90.9,88.55,89.97,21854
MBLINFRA,2012-04-04 00:00:00+05:30,89.55,90.9,89.05,89.1,6070
MBLINFRA,2012-04-09 00:00:00+05:30,88.0,91.97,84.65,89.72,20274
MBLINFRA,2012-04-10 00:00:00+05:30,89.0,92.35,87.7,91.15,403914
MBLINFRA,2012-04-11 00:00:00+05:30,91.65,93.3,90.0,92.12,49250
MBLINFRA,2012-04-12 00:00:00+05:30,93.0,94.35,91.5,92.83,28720
MBLINFRA,2012-04-13 00:00:00+05:30,93.0,93.9,92.05,92.1,1856
MBLINFRA,2012-04-16 00:00:00+05:30,91.75,93.0,88.08,90.0,111892
MBLINFRA,2012-04-17 00:00:00+05:30,93.22,93.22,88.5,90.65,21524
MBLINFRA,2012-04-18 00:00:00+05:30,91.5,96.15,91.5,95.12,32796
MBLINFRA,2012-04-19 00:00:00+05:30,94.0,98.0,92.5,96.92,105040
MBLINFRA,2012-04-20 00:00:00+05:30,95.5,97.0,92.47,95.25,50226
MBLINFRA,2012-04-23 00:00:00+05:30,95.5,96.5,94.97,96.0,70910
MBLINFRA,2012-04-24 00:00:00+05:30,95.5,96.5,95.25,96.4,12744
MBLINFRA,2012-04-25 00:00:00+05:30,95.5,96.5,94.25,94.88,15544
MBLINFRA,2012-04-26 00:00:00+05:30,94.95,94.95,93.0,93.3,11540
MBLINFRA,2012-04-27 00:00:00+05:30,92.55,94.0,89.12,91.42,47518
MBLINFRA,2012-04-30 00:00:00+05:30,90.25,91.95,88.1,89.95,8232
MBLINFRA,2012-05-02 00:00:00+05:30,96.0,96.0,89.1,90.0,2182
MBLINFRA,2012-05-03 00:00:00+05:30,89.62,89.9,86.53,88.45,28006
MBLINFRA,2012-05-04 00:00:00+05:30,96.0,96.0,86.5,88.3,218080
MBLINFRA,2012-05-07 00:00:00+05:30,87.5,87.5,80.05,84.05,37244
MBLINFRA,2012-05-08 00:00:00+05:30,85.0,86.42,83.0,83.97,184650
MBLINFRA,2012-05-09 00:00:00+05:30,82.5,84.0,81.08,82.5,12108
MBLINFRA,2012-05-10 00:00:00+05:30,82.75,85.47,80.67,84.5,19884
MBLINFRA,2012-05-11 00:00:00+05:30,85.0,85.25,81.55,84.58,15762
MBLINFRA,2012-05-14 00:00:00+05:30,85.5,97.75,84.0,86.83,29816
MBLINFRA,2012-05-15 00:00:00+05:30,89.08,89.08,83.03,86.28,13786
MBLINFRA,2012-05-16 00:00:00+05:30,90.92,90.92,83.08,85.58,19634
MBLINFRA,2012-05-17 00:00:00+05:30,86.5,88.5,86.0,88.1,18354
MBLINFRA,2012-05-18 00:00:00+05:30,86.5,89.45,85.35,87.92,54308
MBLINFRA,2012-05-21 00:00:00+05:30,88.5,91.88,88.5,90.92,16300
MBLINFRA,2012-05-22 00:00:00+05:30,95.0,109.0,90.97,91.7,27774
MBLINFRA,2012-05-23 00:00:00+05:30,91.0,92.0,89.55,89.92,5854
MBLINFRA,2012-05-24 00:00:00+05:30,90.5,92.45,90.0,91.78,5448
MBLINFRA,2012-05-25 00:00:00+05:30,90.5,92.0,90.0,91.55,4686
MBLINFRA,2012-05-28 00:00:00+05:30,90.75,92.15,90.65,91.5,2834
MBLINFRA,2012-05-29 00:00:00+05:30,89.03,92.0,88.7,91.17,1870
MBLINFRA,2012-05-30 00:00:00+05:30,90.0,91.78,87.67,89.2,10860
MBLINFRA,2012-05-31 00:00:00+05:30,90.5,90.95,88.03,90.25,15030
MBLINFRA,2012-06-01 00:00:00+05:30,90.03,91.5,89.03,90.58,15092
MBLINFRA,2012-06-04 00:00:00+05:30,91.45,91.45,87.28,90.62,11366
MBLINFRA,2012-06-05 00:00:00+05:30,90.03,91.42,90.03,91.33,8640
MBLINFRA,2012-06-06 00:00:00+05:30,89.5,94.0,87.75,92.62,29456
MBLINFRA,2012-06-07 00:00:00+05:30,92.5,94.7,91.42,93.65,8650
MBLINFRA,2012-06-08 00:00:00+05:30,92.5,94.5,91.6,93.58,8506
MBLINFRA,2012-06-11 00:00:00+05:30,98.5,98.5,92.08,93.53,37292
MBLINFRA,2012-06-12 00:00:00+05:30,93.5,94.0,91.7,93.15,9770
MBLINFRA,2012-06-13 00:00:00+05:30,92.0,93.97,89.1,89.8,49938
MBLINFRA,2012-06-14 00:00:00+05:30,89.5,91.5,88.0,88.45,3422
MBLINFRA,2012-06-15 00:00:00+05:30,88.5,92.0,88.5,90.78,4548
MBLINFRA,2012-06-18 00:00:00+05:30,90.0,91.8,87.5,88.05,12988
MBLINFRA,2012-06-19 00:00:00+05:30,87.55,90.8,87.0,89.65,22288
MBLINFRA,2012-06-20 00:00:00+05:30,90.75,91.4,88.15,88.7,11712
MBLINFRA,2012-06-21 00:00:00+05:30,87.55,90.0,85.55,89.78,13258
MBLINFRA,2012-06-22 00:00:00+05:30,89.0,92.45,87.53,89.4,27228
MBLINFRA,2012-06-25 00:00:00+05:30,89.5,90.4,88.78,89.3,9290
MBLINFRA,2012-06-26 00:00:00+05:30,89.0,89.75,88.28,89.08,3322
MBLINFRA,2012-06-27 00:00:00+05:30,88.53,89.75,87.5,89.5,5958
MBLINFRA,2012-06-28 00:00:00+05:30,88.55,89.33,87.0,87.8,3992
MBLINFRA,2012-06-29 00:00:00+05:30,87.25,89.25,85.55,87.1,4952
MBLINFRA,2012-07-02 00:00:00+05:30,87.97,89.5,86.58,88.78,4854
MBLINFRA,2012-07-03 00:00:00+05:30,88.5,89.42,87.0,87.9,12622
MBLINFRA,2012-07-04 00:00:00+05:30,88.72,88.72,86.53,87.08,29680
MBLINFRA,2012-07-05 00:00:00+05:30,87.08,87.5,85.17,87.45,3812
MBLINFRA,2012-07-06 00:00:00+05:30,86.55,87.95,86.55,87.38,2608
MBLINFRA,2012-07-09 00:00:00+05:30,87.47,87.47,83.08,86.05,6150
MBLINFRA,2012-07-10 00:00:00+05:30,86.97,87.0,85.2,85.38,13148
MBLINFRA,2012-07-11 00:00:00+05:30,88.0,88.0,85.0,85.7,5156
MBLINFRA,2012-07-12 00:00:00+05:30,85.0,89.33,84.55,86.53,7296
MBLINFRA,2012-07-13 00:00:00+05:30,85.72,87.1,85.42,86.3,2974
MBLINFRA,2012-07-16 00:00:00+05:30,86.5,87.0,85.17,85.58,3980
MBLINFRA,2012-07-17 00:00:00+05:30,89.0,89.0,85.55,86.5,10154
MBLINFRA,2012-07-18 00:00:00+05:30,87.0,87.17,85.58,86.62,6266
MBLINFRA,2012-07-19 00:00:00+05:30,87.4,87.4,85.5,86.1,2618
MBLINFRA,2012-07-20 00:00:00+05:30,87.0,92.03,85.28,89.55,59746
MBLINFRA,2012-07-23 00:00:00+05:30,89.78,89.78,86.25,86.5,11110
MBLINFRA,2012-07-24 00:00:00+05:30,87.5,88.5,83.2,83.83,12700
MBLINFRA,2012-07-25 00:00:00+05:30,86.5,86.5,82.05,83.85,4584
MBLINFRA,2012-07-26 00:00:00+05:30,83.97,86.0,81.0,81.05,9214
MBLINFRA,2012-07-27 00:00:00+05:30,84.95,84.95,80.17,80.9,3196
MBLINFRA,2012-07-30 00:00:00+05:30,80.9,81.95,78.72,79.9,7032
MBLINFRA,2012-07-31 00:00:00+05:30,80.5,81.92,80.0,81.15,6800
MBLINFRA,2012-08-01 00:00:00+05:30,80.62,83.75,80.5,81.12,1806
MBLINFRA,2012-08-02 00:00:00+05:30,83.25,83.25,80.35,81.4,3484
MBLINFRA,2012-08-03 00:00:00+05:30,83.35,83.35,79.12,81.85,2392
MBLINFRA,2012-08-06 00:00:00+05:30,83.75,84.38,81.33,83.58,4268
MBLINFRA,2012-08-07 00:00:00+05:30,84.95,87.0,82.53,83.08,4204
MBLINFRA,2012-08-08 00:00:00+05:30,84.5,84.5,81.1,81.65,960
MBLINFRA,2012-08-09 00:00:00+05:30,82.5,84.47,79.05,81.28,12884
MBLINFRA,2012-08-10 00:00:00+05:30,81.05,82.42,80.5,81.97,6686
MBLINFRA,2012-08-13 00:00:00+05:30,80.75,82.92,80.5,82.92,1402
MBLINFRA,2012-08-14 00:00:00+05:30,82.45,83.75,80.15,81.92,24284
MBLINFRA,2012-08-16 00:00:00+05:30,80.55,82.5,80.3,80.95,23422
MBLINFRA,2012-08-17 00:00:00+05:30,80.0,82.35,79.08,81.0,16622
MBLINFRA,2012-08-21 00:00:00+05:30,82.0,82.45,80.75,81.6,5614
MBLINFRA,2012-08-22 00:00:00+05:30,81.5,82.55,81.0,81.25,8482
MBLINFRA,2012-08-23 00:00:00+05:30,81.03,82.5,80.72,81.55,9566
MBLINFRA,2012-08-24 00:00:00+05:30,80.83,80.83,78.55,79.05,13972
MBLINFRA,2012-08-27 00:00:00+05:30,78.5,80.95,77.0,78.62,41316
MBLINFRA,2012-08-28 00:00:00+05:30,78.0,79.47,75.67,76.47,5330
MBLINFRA,2012-08-29 00:00:00+05:30,77.25,78.1,70.85,71.5,7640
MBLINFRA,2012-08-30 00:00:00+05:30,71.5,78.5,71.5,74.55,25860
MBLINFRA,2012-08-31 00:00:00+05:30,74.0,77.95,73.85,77.3,7792
MBLINFRA,2012-09-03 00:00:00+05:30,76.5,80.5,76.5,79.53,8906
MBLINFRA,2012-09-04 00:00:00+05:30,77.5,81.75,76.5,80.7,33282
MBLINFRA,2012-09-05 00:00:00+05:30,79.5,82.1,79.0,81.28,6884
MBLINFRA,2012-09-06 00:00:00+05:30,80.0,81.4,77.85,80.03,10436
MBLINFRA,2012-09-07 00:00:00+05:30,80.03,80.92,78.05,79.17,25220
MBLINFRA,2012-09-10 00:00:00+05:30,78.5,81.95,76.53,81.78,16922
MBLINFRA,2012-09-11 00:00:00+05:30,82.0,84.0,80.0,82.33,9936
MBLINFRA,2012-09-12 00:00:00+05:30,81.5,84.75,80.6,82.42,16900
MBLINFRA,2012-09-13 00:00:00+05:30,83.0,83.47,80.15,81.7,7098
MBLINFRA,2012-09-14 00:00:00+05:30,82.0,83.45,80.28,82.22,19580
MBLINFRA,2012-09-17 00:00:00+05:30,85.5,85.5,81.03,82.53,19522
MBLINFRA,2012-09-18 00:00:00+05:30,82.5,83.0,80.5,80.7,6832
MBLINFRA,2012-09-20 00:00:00+05:30,81.0,82.2,78.28,81.4,10006
MBLINFRA,2012-09-21 00:00:00+05:30,80.5,82.5,80.0,81.17,10964
MBLINFRA,2012-09-24 00:00:00+05:30,85.5,85.5,81.3,82.85,11424
MBLINFRA,2012-09-25 00:00:00+05:30,83.2,83.25,80.55,81.83,10558
MBLINFRA,2012-09-26 00:00:00+05:30,81.03,82.45,81.03,82.05,13292
MBLINFRA,2012-09-27 00:00:00+05:30,82.5,82.5,80.5,80.92,11630
MBLINFRA,2012-09-28 00:00:00+05:30,81.0,82.88,81.0,82.45,26426
MBLINFRA,2012-10-01 00:00:00+05:30,83.45,83.9,82.5,83.6,16806
MBLINFRA,2012-10-03 00:00:00+05:30,83.0,86.25,83.0,86.03,41394
MBLINFRA,2012-10-04 00:00:00+05:30,86.5,88.0,84.05,85.42,53988
MBLINFRA,2012-10-05 00:00:00+05:30,86.95,86.95,79.83,81.38,35508
MBLINFRA,2012-10-08 00:00:00+05:30,84.97,85.0,81.12,83.88,16032
MBLINFRA,2012-10-09 00:00:00+05:30,86.0,87.5,84.0,85.88,21136
MBLINFRA,2012-10-10 00:00:00+05:30,85.5,86.95,83.15,85.85,44602
MBLINFRA,2012-10-11 00:00:00+05:30,85.85,87.5,84.25,84.72,60382
MBLINFRA,2012-10-12 00:00:00+05:30,87.38,87.38,81.75,82.88,78768
MBLINFRA,2012-10-15 00:00:00+05:30,82.5,84.35,81.5,81.62,5602
MBLINFRA,2012-10-16 00:00:00+05:30,83.5,83.5,80.15,80.65,17634
MBLINFRA,2012-10-17 00:00:00+05:30,80.0,82.97,79.2,80.65,10008
MBLINFRA,2012-10-18 00:00:00+05:30,80.08,81.7,79.5,80.08,13898
MBLINFRA,2012-10-19 00:00:00+05:30,81.5,81.5,79.0,79.9,8722
MBLINFRA,2012-10-22 00:00:00+05:30,79.03,80.95,78.03,79.05,10078
MBLINFRA,2012-10-23 00:00:00+05:30,80.25,81.38,80.0,80.03,4600
MBLINFRA,2012-10-25 00:00:00+05:30,80.0,80.88,80.0,80.0,3700
MBLINFRA,2012-10-26 00:00:00+05:30,79.5,81.85,76.5,81.2,9674
MBLINFRA,2012-10-29 00:00:00+05:30,80.5,81.4,79.0,79.95,9938
MBLINFRA,2012-10-30 00:00:00+05:30,80.0,80.55,78.5,79.58,5712
MBLINFRA,2012-10-31 00:00:00+05:30,79.9,81.8,79.2,80.65,6558
MBLINFRA,2012-11-01 00:00:00+05:30,82.5,83.0,80.55,81.78,5302
MBLINFRA,2012-11-02 00:00:00+05:30,82.35,83.6,80.83,82.53,9384
MBLINFRA,2012-11-05 00:00:00+05:30,82.5,84.0,82.5,83.42,5902
MBLINFRA,2012-11-06 00:00:00+05:30,82.03,87.4,82.0,85.92,13274
MBLINFRA,2012-11-07 00:00:00+05:30,85.0,88.5,82.28,87.38,20854
MBLINFRA,2012-11-08 00:00:00+05:30,86.03,88.0,85.5,87.7,14038
MBLINFRA,2012-11-09 00:00:00+05:30,86.5,87.5,85.0,87.33,18242
MBLINFRA,2012-11-12 00:00:00+05:30,88.5,89.95,87.5,89.33,29948
MBLINFRA,2012-11-13 00:00:00+05:30,89.9,100.0,88.5,89.97,7230
MBLINFRA,2012-11-15 00:00:00+05:30,89.0,89.0,83.47,86.62,11462
MBLINFRA,2012-11-16 00:00:00+05:30,86.78,88.0,85.0,85.7,13396
MBLINFRA,2012-11-19 00:00:00+05:30,86.25,86.25,84.95,85.47,5250
MBLINFRA,2012-11-20 00:00:00+05:30,85.22,87.97,82.6,83.58,86474
MBLINFRA,2012-11-21 00:00:00+05:30,84.1,85.0,82.53,84.47,7928
MBLINFRA,2012-11-22 00:00:00+05:30,84.33,85.0,84.25,85.0,2968
MBLINFRA,2012-11-23 00:00:00+05:30,84.28,85.0,84.25,85.0,5506
MBLINFRA,2012-11-26 00:00:00+05:30,87.5,87.5,84.05,84.05,6148
MBLINFRA,2012-11-27 00:00:00+05:30,84.12,84.95,84.12,84.25,6472
MBLINFRA,2012-11-29 00:00:00+05:30,85.0,85.0,83.58,84.0,5808
MBLINFRA,2012-11-30 00:00:00+05:30,84.97,85.0,84.0,84.05,7748
MBLINFRA,2012-12-03 00:00:00+05:30,83.25,86.62,82.5,84.05,70858
MBLINFRA,2012-12-04 00:00:00+05:30,84.0,84.45,83.5,83.55,10108
MBLINFRA,2012-12-05 00:00:00+05:30,85.6,86.0,84.0,85.15,7702
MBLINFRA,2012-12-06 00:00:00+05:30,85.0,85.75,85.0,85.7,4398
MBLINFRA,2012-12-07 00:00:00+05:30,85.58,86.85,85.17,85.85,5610
MBLINFRA,2012-12-10 00:00:00+05:30,85.5,86.0,84.5,84.75,7534
MBLINFRA,2012-12-11 00:00:00+05:30,85.0,85.0,83.0,83.28,7798
MBLINFRA,2012-12-12 00:00:00+05:30,84.0,84.88,83.55,83.55,2556
MBLINFRA,2012-12-13 00:00:00+05:30,82.5,85.47,82.0,83.55,13186
MBLINFRA,2012-12-14 00:00:00+05:30,84.0,84.65,83.3,84.05,7138
MBLINFRA,2012-12-17 00:00:00+05:30,84.5,84.97,83.7,83.72,3230
MBLINFRA,2012-12-18 00:00:00+05:30,84.0,84.1,84.0,84.0,2276
MBLINFRA,2012-12-19 00:00:00+05:30,84.0,85.0,83.65,84.95,7308
MBLINFRA,2012-12-20 00:00:00+05:30,84.75,84.75,81.83,83.17,9230
MBLINFRA,2012-12-21 00:00:00+05:30,84.0,84.0,81.75,82.15,7696
MBLINFRA,2012-12-24 00:00:00+05:30,83.75,83.75,82.5,82.5,2202
MBLINFRA,2012-12-26 00:00:00+05:30,84.05,84.25,81.75,81.88,7652
MBLINFRA,2012-12-27 00:00:00+05:30,84.42,84.5,82.0,83.92,108670
MBLINFRA,2012-12-28 00:00:00+05:30,84.25,84.25,82.88,83.0,3014
MBLINFRA,2012-12-31 00:00:00+05:30,82.5,84.4,82.03,82.55,5468
MBLINFRA,2013-01-01 00:00:00+05:30,84.0,86.85,83.05,84.95,6274
MBLINFRA,2013-01-02 00:00:00+05:30,84.5,86.92,84.5,86.55,9918
MBLINFRA,2013-01-03 00:00:00+05:30,89.4,98.5,87.2,93.53,149848
MBLINFRA,2013-01-04 00:00:00+05:30,93.38,96.0,93.38,93.58,15310
MBLINFRA,2013-01-07 00:00:00+05:30,97.4,97.4,94.08,94.7,36508
MBLINFRA,2013-01-08 00:00:00+05:30,96.0,96.0,91.25,92.35,28746
MBLINFRA,2013-01-09 00:00:00+05:30,93.75,100.0,92.65,95.33,126366
MBLINFRA,2013-01-10 00:00:00+05:30,95.0,97.45,95.0,95.62,20220
MBLINFRA,2013-01-11 00:00:00+05:30,97.22,99.88,92.33,93.8,13230
MBLINFRA,2013-01-14 00:00:00+05:30,94.4,95.5,91.0,94.83,17902
MBLINFRA,2013-01-15 00:00:00+05:30,95.53,96.3,94.2,95.5,15940
MBLINFRA,2013-01-16 00:00:00+05:30,94.7,94.95,91.47,93.53,9308
MBLINFRA,2013-01-17 00:00:00+05:30,92.5,94.0,91.47,91.85,13748
MBLINFRA,2013-01-18 00:00:00+05:30,91.47,95.0,91.47,94.58,28204
MBLINFRA,2013-01-21 00:00:00+05:30,93.97,106.25,93.97,104.92,213090
MBLINFRA,2013-01-22 00:00:00+05:30,104.5,106.9,101.0,101.6,41202
MBLINFRA,2013-01-23 00:00:00+05:30,103.5,103.75,101.05,101.53,16132
MBLINFRA,2013-01-24 00:00:00+05:30,101.55,102.6,97.03,98.47,35344
MBLINFRA,2013-01-25 00:00:00+05:30,98.0,102.47,98.0,101.03,24648
MBLINFRA,2013-01-28 00:00:00+05:30,101.0,101.95,100.03,100.55,7568
MBLINFRA,2013-01-29 00:00:00+05:30,100.0,100.0,99.0,99.15,8712
MBLINFRA,2013-01-30 00:00:00+05:30,99.5,100.0,98.62,98.88,18360
MBLINFRA,2013-01-31 00:00:00+05:30,97.5,99.78,97.5,99.47,2336
MBLINFRA,2013-02-01 00:00:00+05:30,99.5,99.5,96.5,97.7,20416
MBLINFRA,2013-02-04 00:00:00+05:30,99.5,99.5,95.5,96.5,8102
MBLINFRA,2013-02-05 00:00:00+05:30,96.75,96.75,93.0,93.05,11672
MBLINFRA,2013-02-06 00:00:00+05:30,93.75,93.75,92.4,92.65,9504
MBLINFRA,2013-02-07 00:00:00+05:30,92.5,95.5,87.25,89.38,52786
MBLINFRA,2013-02-08 00:00:00+05:30,90.88,93.95,86.6,87.6,19024
MBLINFRA,2013-02-11 00:00:00+05:30,88.9,91.0,87.7,90.35,32744
MBLINFRA,2013-02-12 00:00:00+05:30,88.25,93.47,88.25,89.85,5130
MBLINFRA,2013-02-13 00:00:00+05:30,88.53,93.25,84.55,85.97,15320
MBLINFRA,2013-02-14 00:00:00+05:30,85.53,89.25,84.5,87.47,34318
MBLINFRA,2013-02-15 00:00:00+05:30,87.5,87.5,83.0,84.8,3868
MBLINFRA,2013-02-18 00:00:00+05:30,88.5,89.0,86.08,87.6,9060
MBLINFRA,2013-02-19 00:00:00+05:30,86.65,88.35,85.62,86.83,5252
MBLINFRA,2013-02-20 00:00:00+05:30,89.0,90.0,87.6,89.33,6510
MBLINFRA,2013-02-21 00:00:00+05:30,88.5,89.95,85.15,85.2,8806
MBLINFRA,2013-02-22 00:00:00+05:30,84.05,87.2,84.03,86.38,2490
MBLINFRA,2013-02-25 00:00:00+05:30,88.42,89.0,84.75,85.05,4020
MBLINFRA,2013-02-26 00:00:00+05:30,88.1,88.1,83.5,83.85,8932
MBLINFRA,2013-02-27 00:00:00+05:30,83.25,85.5,82.35,83.78,11032
MBLINFRA,2013-02-28 00:00:00+05:30,87.47,87.5,82.25,82.75,6502
MBLINFRA,2013-03-01 00:00:00+05:30,81.12,82.53,77.58,80.03,13922
MBLINFRA,2013-03-04 00:00:00+05:30,78.5,85.0,77.5,78.97,3462
MBLINFRA,2013-03-05 00:00:00+05:30,81.5,84.0,74.08,75.05,44282
MBLINFRA,2013-03-06 00:00:00+05:30,76.1,78.72,76.03,76.88,9480
MBLINFRA,2013-03-07 00:00:00+05:30,76.75,78.5,75.88,77.05,3328
MBLINFRA,2013-03-08 00:00:00+05:30,76.7,78.25,76.28,77.0,2774
MBLINFRA,2013-03-11 00:00:00+05:30,77.0,77.5,76.5,77.12,3762
MBLINFRA,2013-03-12 00:00:00+05:30,77.5,78.75,77.0,77.35,34460
MBLINFRA,2013-03-13 00:00:00+05:30,77.25,77.88,77.0,77.0,3414
MBLINFRA,2013-03-14 00:00:00+05:30,76.8,78.35,74.5,76.25,7520
MBLINFRA,2013-03-15 00:00:00+05:30,77.92,78.0,72.5,72.78,10526
MBLINFRA,2013-03-18 00:00:00+05:30,72.78,72.78,70.2,71.58,13940
MBLINFRA,2013-03-19 00:00:00+05:30,72.5,76.0,70.78,71.5,53498
MBLINFRA,2013-03-20 00:00:00+05:30,70.28,73.5,68.8,70.83,4422
MBLINFRA,2013-03-21 00:00:00+05:30,70.03,73.85,69.08,70.67,3488
MBLINFRA,2013-03-22 00:00:00+05:30,69.53,71.5,69.53,70.8,4596
MBLINFRA,2013-03-25 00:00:00+05:30,69.55,71.0,69.25,69.88,9092
MBLINFRA,2013-03-26 00:00:00+05:30,73.75,73.75,69.38,70.05,27350
MBLINFRA,2013-03-28 00:00:00+05:30,69.12,72.5,68.5,71.65,19238
MBLINFRA,2013-04-01 00:00:00+05:30,71.5,74.9,71.5,74.15,1650
MBLINFRA,2013-04-02 00:00:00+05:30,73.0,73.05,71.1,72.3,16422
MBLINFRA,2013-04-03 00:00:00+05:30,73.75,74.78,73.1,73.25,1404
MBLINFRA,2013-04-04 00:00:00+05:30,71.2,73.5,70.35,72.67,6096
MBLINFRA,2013-04-05 00:00:00+05:30,73.47,73.47,71.5,72.5,6602
MBLINFRA,2013-04-08 00:00:00+05:30,71.25,72.0,71.12,71.12,1904
MBLINFRA,2013-04-09 00:00:00+05:30,71.1,71.47,70.05,70.38,9018
MBLINFRA,2013-04-10 00:00:00+05:30,70.5,71.55,69.55,71.2,2498
MBLINFRA,2013-04-11 00:00:00+05:30,70.5,71.85,69.5,69.55,18376
MBLINFRA,2013-04-12 00:00:00+05:30,73.42,73.42,69.0,70.28,11298
MBLINFRA,2013-04-15 00:00:00+05:30,68.17,69.0,68.17,68.88,19742
MBLINFRA,2013-04-16 00:00:00+05:30,66.33,71.45,66.33,69.03,15602
MBLINFRA,2013-04-17 00:00:00+05:30,69.95,69.97,66.35,66.88,11150
MBLINFRA,2013-04-18 00:00:00+05:30,69.25,69.45,66.62,68.67,5784
MBLINFRA,2013-04-22 00:00:00+05:30,69.25,69.45,67.5,67.58,1456
MBLINFRA,2013-04-23 00:00:00+05:30,68.08,73.6,68.08,71.03,60020
MBLINFRA,2013-04-25 00:00:00+05:30,73.0,74.0,71.25,73.08,46882
MBLINFRA,2013-04-26 00:00:00+05:30,72.0,72.33,71.05,72.08,66870
MBLINFRA,2013-04-29 00:00:00+05:30,71.28,72.9,71.25,72.15,72054
MBLINFRA,2013-04-30 00:00:00+05:30,71.03,73.0,71.03,71.05,59842
MBLINFRA,2013-05-02 00:00:00+05:30,70.55,71.47,70.2,70.47,61970
MBLINFRA,2013-05-03 00:00:00+05:30,70.25,70.25,67.55,68.53,33132
MBLINFRA,2013-05-06 00:00:00+05:30,68.53,68.53,67.05,67.1,46022
MBLINFRA,2013-05-07 00:00:00+05:30,69.25,70.95,67.5,70.05,39182
MBLINFRA,2013-05-08 00:00:00+05:30,69.03,72.72,67.22,67.83,51646
MBLINFRA,2013-05-09 00:00:00+05:30,69.0,70.0,67.58,68.0,43740
MBLINFRA,2013-05-10 00:00:00+05:30,66.1,69.2,66.1,67.7,54956
MBLINFRA,2013-05-13 00:00:00+05:30,68.08,68.08,66.5,67.47,48486
MBLINFRA,2013-05-14 00:00:00+05:30,67.55,69.85,66.5,67.22,57302
MBLINFRA,2013-05-15 00:00:00+05:30,69.25,69.25,66.53,67.22,46596
MBLINFRA,2013-05-16 00:00:00+05:30,67.0,68.45,63.5,65.67,64800
MBLINFRA,2013-05-17 00:00:00+05:30,67.42,67.42,63.77,65.6,60776
MBLINFRA,2013-05-20 00:00:00+05:30,66.97,66.97,64.58,64.97,37058
MBLINFRA,2013-05-21 00:00:00+05:30,65.95,65.97,64.33,64.5,37232
MBLINFRA,2013-05-22 00:00:00+05:30,67.5,67.5,62.5,64.08,52650
MBLINFRA,2013-05-23 00:00:00+05:30,64.97,64.97,62.58,63.52,47748
MBLINFRA,2013-05-24 00:00:00+05:30,62.55,64.4,60.77,62.12,47212
MBLINFRA,2013-05-27 00:00:00+05:30,61.67,63.23,59.88,62.1,64816
MBLINFRA,2013-05-28 00:00:00+05:30,62.0,62.0,61.02,61.6,40112
MBLINFRA,2013-05-29 00:00:00+05:30,61.45,63.0,59.75,60.45,51834
MBLINFRA,2013-05-30 00:00:00+05:30,60.0,61.0,51.58,60.38,83216
MBLINFRA,2013-05-31 00:00:00+05:30,67.45,67.45,58.5,61.2,40450
MBLINFRA,2013-06-03 00:00:00+05:30,59.5,63.0,58.83,62.1,69440
MBLINFRA,2013-06-04 00:00:00+05:30,60.58,63.45,60.58,62.12,62344
MBLINFRA,2013-06-05 00:00:00+05:30,62.5,62.9,62.0,62.2,52392
MBLINFRA,2013-06-06 00:00:00+05:30,62.45,63.0,61.35,61.42,52284
MBLINFRA,2013-06-07 00:00:00+05:30,62.05,62.67,61.83,61.98,59582
MBLINFRA,2013-06-10 00:00:00+05:30,65.0,65.0,61.5,62.7,90700
MBLINFRA,2013-06-11 00:00:00+05:30,61.5,64.0,60.1,61.67,122736
MBLINFRA,2013-06-12 00:00:00+05:30,61.7,61.92,60.0,61.17,137294
MBLINFRA,2013-06-13 00:00:00+05:30,60.5,61.48,58.02,60.88,136066
MBLINFRA,2013-06-14 00:00:00+05:30,60.0,62.98,59.5,62.0,146424
MBLINFRA,2013-06-17 00:00:00+05:30,64.0,64.0,60.27,61.6,139262
MBLINFRA,2013-06-18 00:00:00+05:30,62.5,62.85,59.98,61.67,86802
MBLINFRA,2013-06-19 00:00:00+05:30,63.0,63.5,61.0,61.62,191818
MBLINFRA,2013-06-20 00:00:00+05:30,61.5,62.42,61.0,61.4,187924
MBLINFRA,2013-06-21 00:00:00+05:30,60.0,62.3,58.5,61.65,156590
MBLINFRA,2013-06-24 00:00:00+05:30,62.5,62.62,56.83,59.35,294380
MBLINFRA,2013-06-25 00:00:00+05:30,59.5,59.5,56.5,57.12,142188
MBLINFRA,2013-06-26 00:00:00+05:30,58.5,59.33,54.05,55.67,174196
MBLINFRA,2013-06-27 00:00:00+05:30,58.0,58.0,53.25,54.98,104034
MBLINFRA,2013-06-28 00:00:00+05:30,54.5,56.0,53.25,54.7,112356
MBLINFRA,2013-07-01 00:00:00+05:30,54.5,59.48,54.45,58.67,157298
MBLINFRA,2013-07-02 00:00:00+05:30,59.25,59.95,57.5,58.95,131824
MBLINFRA,2013-07-03 00:00:00+05:30,59.0,61.85,57.75,58.77,166580
MBLINFRA,2013-07-04 00:00:00+05:30,59.5,60.98,58.33,60.4,167318
MBLINFRA,2013-07-05 00:00:00+05:30,60.35,62.75,59.52,62.05,168418
MBLINFRA,2013-07-08 00:00:00+05:30,62.0,62.45,60.02,62.02,157570
MBLINFRA,2013-07-09 00:00:00+05:30,62.92,63.5,59.35,60.9,167928
MBLINFRA,2013-07-10 00:00:00+05:30,61.25,63.5,59.85,60.6,156104
MBLINFRA,2013-07-11 00:00:00+05:30,61.5,62.35,60.33,61.02,164526
MBLINFRA,2013-07-12 00:00:00+05:30,61.48,61.5,58.58,59.17,183610
MBLINFRA,2013-07-15 00:00:00+05:30,59.52,59.92,57.27,57.98,181942
MBLINFRA,2013-07-16 00:00:00+05:30,57.0,59.33,55.6,58.77,287502
MBLINFRA,2013-07-17 00:00:00+05:30,58.8,59.88,55.5,57.65,226960
MBLINFRA,2013-07-18 00:00:00+05:30,56.75,59.5,56.75,58.15,277198
MBLINFRA,2013-07-19 00:00:00+05:30,57.33,59.75,57.25,58.0,200102
MBLINFRA,2013-07-22 00:00:00+05:30,58.0,59.33,56.52,57.45,150060
MBLINFRA,2013-07-23 00:00:00+05:30,58.7,58.7,55.25,57.35,123326
MBLINFRA,2013-07-24 00:00:00+05:30,55.5,57.48,54.5,55.88,92068
MBLINFRA,2013-07-25 00:00:00+05:30,56.25,57.0,53.52,55.38,113434
MBLINFRA,2013-07-26 00:00:00+05:30,55.1,56.85,52.27,54.38,104196
MBLINFRA,2013-07-29 00:00:00+05:30,55.0,59.0,52.3,53.1,69096
MBLINFRA,2013-07-30 00:00:00+05:30,54.02,54.02,51.15,52.65,110598
MBLINFRA,2013-07-31 00:00:00+05:30,51.62,53.08,49.05,49.88,106802
MBLINFRA,2013-08-01 00:00:00+05:30,52.75,52.75,44.7,46.73,132694
MBLINFRA,2013-08-02 00:00:00+05:30,45.0,46.0,41.67,42.4,107036
MBLINFRA,2013-08-05 00:00:00+05:30,42.0,44.5,33.92,43.2,118218
MBLINFRA,2013-08-06 00:00:00+05:30,42.1,44.42,40.55,40.73,75964
MBLINFRA,2013-08-07 00:00:00+05:30,40.05,43.88,37.0,37.38,53976
MBLINFRA,2013-08-08 00:00:00+05:30,36.75,42.15,33.38,37.42,47512
MBLINFRA,2013-08-12 00:00:00+05:30,42.4,42.95,40.45,41.45,75590
MBLINFRA,2013-08-13 00:00:00+05:30,40.5,43.98,37.88,39.98,128404
MBLINFRA,2013-08-14 00:00:00+05:30,41.0,41.0,39.1,39.67,57776
MBLINFRA,2013-08-16 00:00:00+05:30,40.05,40.25,38.7,39.7,137152
MBLINFRA,2013-08-19 00:00:00+05:30,42.0,42.0,38.0,39.0,142170
MBLINFRA,2013-08-20 00:00:00+05:30,42.05,42.05,37.77,38.25,159872
MBLINFRA,2013-08-21 00:00:00+05:30,38.45,39.92,34.5,35.17,131306
MBLINFRA,2013-08-22 00:00:00+05:30,33.23,34.98,32.55,33.17,44812
MBLINFRA,2013-08-23 00:00:00+05:30,35.75,35.98,33.02,35.58,10016
MBLINFRA,2013-08-26 00:00:00+05:30,35.52,37.75,35.5,36.77,4594
MBLINFRA,2013-08-27 00:00:00+05:30,37.75,37.75,35.0,35.25,5024
MBLINFRA,2013-08-28 00:00:00+05:30,34.95,35.5,32.6,33.67,14170
MBLINFRA,2013-08-29 00:00:00+05:30,34.02,34.9,33.15,33.62,3400
MBLINFRA,2013-08-30 00:00:00+05:30,36.38,37.5,34.1,34.27,23236
MBLINFRA,2013-09-02 00:00:00+05:30,36.45,37.33,33.92,34.1,4028
MBLINFRA,2013-09-03 00:00:00+05:30,35.25,36.98,33.92,34.42,21458
MBLINFRA,2013-09-04 00:00:00+05:30,34.15,35.0,34.0,34.98,12286
MBLINFRA,2013-09-05 00:00:00+05:30,35.0,37.08,34.58,34.77,36066
MBLINFRA,2013-09-06 00:00:00+05:30,34.73,35.23,34.45,34.85,7352
MBLINFRA,2013-09-10 00:00:00+05:30,37.75,37.75,34.58,35.1,6660
MBLINFRA,2013-09-11 00:00:00+05:30,35.27,37.4,34.55,35.4,46752
MBLINFRA,2013-09-12 00:00:00+05:30,36.25,36.5,34.52,34.7,46250
MBLINFRA,2013-09-13 00:00:00+05:30,35.0,35.55,34.1,34.9,6116
MBLINFRA,2013-09-16 00:00:00+05:30,35.9,36.17,34.75,34.9,58672
MBLINFRA,2013-09-17 00:00:00+05:30,34.62,35.33,34.12,34.45,4588
MBLINFRA,2013-09-18 00:00:00+05:30,35.45,35.45,34.35,34.48,14596
MBLINFRA,2013-09-19 00:00:00+05:30,35.5,35.67,34.7,35.33,29346
MBLINFRA,2013-09-20 00:00:00+05:30,35.6,35.6,33.38,34.33,17754
MBLINFRA,2013-09-23 00:00:00+05:30,33.5,36.12,33.5,34.7,9494
MBLINFRA,2013-09-24 00:00:00+05:30,35.48,35.48,33.83,34.12,6522
MBLINFRA,2013-09-25 00:00:00+05:30,34.92,34.92,33.25,34.02,6632
MBLINFRA,2013-09-26 00:00:00+05:30,34.25,34.5,32.62,33.15,8154
MBLINFRA,2013-09-27 00:00:00+05:30,33.0,34.5,32.65,33.73,11390
MBLINFRA,2013-09-30 00:00:00+05:30,33.5,33.92,32.38,32.77,4750
MBLINFRA,2013-10-01 00:00:00+05:30,32.52,33.33,32.25,32.6,5994
MBLINFRA,2013-10-03 00:00:00+05:30,33.48,33.48,31.5,32.25,14090
MBLINFRA,2013-10-04 00:00:00+05:30,33.12,33.15,31.38,32.17,26540
MBLINFRA,2013-10-07 00:00:00+05:30,32.15,32.45,31.5,31.75,16530
MBLINFRA,2013-10-08 00:00:00+05:30,32.5,32.5,31.57,31.68,12250
MBLINFRA,2013-10-09 00:00:00+05:30,31.52,32.0,31.5,31.8,22688
MBLINFRA,2013-10-10 00:00:00+05:30,32.0,32.77,31.57,32.17,39986
MBLINFRA,2013-10-11 00:00:00+05:30,32.05,33.62,32.05,33.1,38928
MBLINFRA,2013-10-14 00:00:00+05:30,33.55,33.62,32.55,32.58,9452
MBLINFRA,2013-10-15 00:00:00+05:30,33.12,33.15,32.0,32.0,15106
MBLINFRA,2013-10-17 00:00:00+05:30,32.4,32.42,31.62,32.0,18662
MBLINFRA,2013-10-18 00:00:00+05:30,32.0,32.5,31.5,32.2,22052
MBLINFRA,2013-10-21 00:00:00+05:30,32.48,32.5,31.93,32.45,10410
MBLINFRA,2013-10-22 00:00:00+05:30,33.0,33.0,32.05,32.33,32144
MBLINFRA,2013-10-23 00:00:00+05:30,32.5,32.85,32.12,32.48,18252
MBLINFRA,2013-10-24 00:00:00+05:30,32.48,32.75,31.5,31.98,18448
MBLINFRA,2013-10-25 00:00:00+05:30,31.73,32.67,30.88,31.57,17878
MBLINFRA,2013-10-28 00:00:00+05:30,31.65,32.23,31.0,31.62,13750
MBLINFRA,2013-10-29 00:00:00+05:30,32.05,32.5,30.85,32.4,12812
MBLINFRA,2013-10-30 00:00:00+05:30,32.08,32.67,31.75,32.23,8370
MBLINFRA,2013-10-31 00:00:00+05:30,34.25,34.25,31.0,31.43,6246
MBLINFRA,2013-11-01 00:00:00+05:30,31.52,32.5,31.52,31.8,16732
MBLINFRA,2013-11-05 00:00:00+05:30,32.75,38.33,31.75,38.23,347942
MBLINFRA,2013-11-06 00:00:00+05:30,39.2,40.5,36.5,36.7,156132
MBLINFRA,2013-11-07 00:00:00+05:30,37.2,38.75,35.15,35.67,58082
MBLINFRA,2013-11-08 00:00:00+05:30,36.05,37.2,34.6,36.27,43076
MBLINFRA,2013-11-11 00:00:00+05:30,35.52,38.75,33.33,35.0,73604
MBLINFRA,2013-11-12 00:00:00+05:30,34.75,34.75,32.5,32.7,61766
MBLINFRA,2013-11-13 00:00:00+05:30,33.5,33.92,30.38,33.0,59212
MBLINFRA,2013-11-14 00:00:00+05:30,33.35,34.65,33.1,34.5,36224
MBLINFRA,2013-11-18 00:00:00+05:30,36.95,36.95,34.0,34.25,22454
MBLINFRA,2013-11-19 00:00:00+05:30,34.0,35.02,33.55,34.62,29716
MBLINFRA,2013-11-20 00:00:00+05:30,34.4,35.17,33.83,34.35,58774
MBLINFRA,2013-11-21 00:00:00+05:30,34.77,34.77,33.1,33.5,29686
MBLINFRA,2013-11-22 00:00:00+05:30,34.45,35.12,33.6,33.98,17470
MBLINFRA,2013-11-25 00:00:00+05:30,34.98,35.12,34.15,34.98,65196
MBLINFRA,2013-11-26 00:00:00+05:30,35.12,35.12,33.88,34.12,53798
MBLINFRA,2013-11-27 00:00:00+05:30,34.85,34.9,33.75,34.85,24492
MBLINFRA,2013-11-28 00:00:00+05:30,35.48,35.48,34.42,34.7,13840
MBLINFRA,2013-11-29 00:00:00+05:30,35.0,35.3,34.2,34.5,16368
MBLINFRA,2013-12-02 00:00:00+05:30,34.5,41.4,34.5,40.2,477876
MBLINFRA,2013-12-03 00:00:00+05:30,40.33,40.9,36.88,39.9,305326
MBLINFRA,2013-12-04 00:00:00+05:30,39.5,40.33,38.12,38.65,49070
MBLINFRA,2013-12-05 00:00:00+05:30,38.5,43.48,34.8,35.65,700380
MBLINFRA,2013-12-06 00:00:00+05:30,36.0,42.0,36.0,39.73,437450
MBLINFRA,2013-12-09 00:00:00+05:30,41.5,42.98,40.08,41.9,146196
MBLINFRA,2013-12-10 00:00:00+05:30,42.5,42.5,40.95,41.4,104404
MBLINFRA,2013-12-11 00:00:00+05:30,41.25,42.4,40.23,41.83,30386
MBLINFRA,2013-12-12 00:00:00+05:30,41.5,43.3,40.55,41.45,76860
MBLINFRA,2013-12-13 00:00:00+05:30,41.5,41.95,39.55,39.92,63582
MBLINFRA,2013-12-16 00:00:00+05:30,40.0,40.7,39.3,39.48,13384
MBLINFRA,2013-12-17 00:00:00+05:30,40.2,40.9,37.02,37.75,366392
MBLINFRA,2013-12-18 00:00:00+05:30,38.25,39.38,37.75,38.23,48824
MBLINFRA,2013-12-19 00:00:00+05:30,38.33,40.0,37.88,38.62,41466
MBLINFRA,2013-12-20 00:00:00+05:30,38.2,40.0,38.2,39.7,25348
MBLINFRA,2013-12-23 00:00:00+05:30,40.42,40.5,38.52,38.83,26528
MBLINFRA,2013-12-24 00:00:00+05:30,39.5,40.4,39.05,39.58,35702
MBLINFRA,2013-12-26 00:00:00+05:30,39.55,41.75,39.55,40.0,140816
MBLINFRA,2013-12-27 00:00:00+05:30,40.05,41.38,40.05,40.15,21334
MBLINFRA,2013-12-30 00:00:00+05:30,40.25,40.98,38.6,39.25,17792
MBLINFRA,2013-12-31 00:00:00+05:30,39.95,41.35,39.2,39.55,27748
MBLINFRA,2014-01-01 00:00:00+05:30,39.92,42.0,39.4,41.05,62784
MBLINFRA,2014-01-02 00:00:00+05:30,41.5,49.25,41.5,49.17,900424
MBLINFRA,2014-01-03 00:00:00+05:30,50.5,57.95,50.08,54.52,1253496
MBLINFRA,2014-01-06 00:00:00+05:30,54.5,64.78,51.83,61.23,1152002
MBLINFRA,2014-01-07 00:00:00+05:30,63.5,67.33,61.05,67.17,656980
MBLINFRA,2014-01-08 00:00:00+05:30,67.95,70.75,60.48,62.48,761850
MBLINFRA,2014-01-09 00:00:00+05:30,62.98,65.85,59.05,62.27,232190
MBLINFRA,2014-01-10 00:00:00+05:30,61.9,62.5,56.65,58.5,129172
MBLINFRA,2014-01-13 00:00:00+05:30,59.38,60.75,57.4,57.65,64830
MBLINFRA,2014-01-14 00:00:00+05:30,57.42,61.45,57.42,58.3,208044
MBLINFRA,2014-01-15 00:00:00+05:30,58.52,59.48,57.62,58.25,27600
MBLINFRA,2014-01-16 00:00:00+05:30,59.0,60.95,56.23,59.7,109782
MBLINFRA,2014-01-17 00:00:00+05:30,59.0,60.4,55.38,56.05,38332
MBLINFRA,2014-01-20 00:00:00+05:30,55.5,57.5,53.58,55.67,36186
MBLINFRA,2014-01-21 00:00:00+05:30,55.02,57.45,55.02,56.08,33322
MBLINFRA,2014-01-22 00:00:00+05:30,55.27,60.98,55.27,58.95,100948
MBLINFRA,2014-01-23 00:00:00+05:30,56.7,60.5,56.7,58.65,20876
MBLINFRA,2014-01-24 00:00:00+05:30,60.38,62.7,58.75,59.35,119214
MBLINFRA,2014-01-27 00:00:00+05:30,59.4,59.5,55.0,55.85,36808
MBLINFRA,2014-01-28 00:00:00+05:30,56.5,57.27,53.75,55.23,31712
MBLINFRA,2014-01-29 00:00:00+05:30,56.7,56.73,54.58,55.0,5038
MBLINFRA,2014-01-30 00:00:00+05:30,54.5,57.35,52.62,56.2,26726
MBLINFRA,2014-01-31 00:00:00+05:30,57.38,57.4,53.95,54.35,24134
MBLINFRA,2014-02-03 00:00:00+05:30,54.0,56.45,53.8,54.2,13074
MBLINFRA,2014-02-04 00:00:00+05:30,54.2,55.75,53.2,53.95,9938
MBLINFRA,2014-02-05 00:00:00+05:30,52.62,57.95,52.62,54.3,13646
MBLINFRA,2014-02-06 00:00:00+05:30,55.67,55.67,53.0,53.83,15730
MBLINFRA,2014-02-07 00:00:00+05:30,54.1,55.95,54.08,54.6,21214
MBLINFRA,2014-02-10 00:00:00+05:30,54.75,54.75,51.85,52.48,25364
MBLINFRA,2014-02-11 00:00:00+05:30,53.52,53.88,51.0,51.27,17578
MBLINFRA,2014-02-12 00:00:00+05:30,52.1,52.1,50.12,50.3,33174
MBLINFRA,2014-02-13 00:00:00+05:30,50.83,55.33,50.5,53.23,76438
MBLINFRA,2014-02-14 00:00:00+05:30,55.0,55.5,52.3,52.77,142222
MBLINFRA,2014-02-17 00:00:00+05:30,54.0,57.45,52.62,54.45,60738
MBLINFRA,2014-02-18 00:00:00+05:30,54.0,57.25,53.6,55.77,34888
MBLINFRA,2014-02-19 00:00:00+05:30,56.17,57.65,55.02,55.55,28086
MBLINFRA,2014-02-20 00:00:00+05:30,55.77,56.62,54.52,54.98,55526
MBLINFRA,2014-02-21 00:00:00+05:30,55.7,55.7,54.92,55.08,44432
MBLINFRA,2014-02-24 00:00:00+05:30,54.75,56.02,54.17,54.42,9238
MBLINFRA,2014-02-25 00:00:00+05:30,55.38,55.65,54.17,55.5,36236
MBLINFRA,2014-02-26 00:00:00+05:30,55.52,61.05,54.92,61.05,147228
MBLINFRA,2014-02-28 00:00:00+05:30,62.5,63.62,59.0,59.92,108288
MBLINFRA,2014-03-03 00:00:00+05:30,59.52,61.02,56.33,58.5,20426
MBLINFRA,2014-03-04 00:00:00+05:30,58.02,61.12,57.05,57.98,47874
MBLINFRA,2014-03-05 00:00:00+05:30,59.0,60.7,59.0,60.25,31298
MBLINFRA,2014-03-06 00:00:00+05:30,60.45,62.5,59.58,60.45,39544
MBLINFRA,2014-03-07 00:00:00+05:30,61.38,64.42,60.17,61.8,78124
MBLINFRA,2014-03-10 00:00:00+05:30,60.5,66.78,59.33,65.35,65664
MBLINFRA,2014-03-11 00:00:00+05:30,65.3,67.92,62.58,64.9,44420
MBLINFRA,2014-03-12 00:00:00+05:30,65.0,67.47,63.38,64.97,26102
MBLINFRA,2014-03-13 00:00:00+05:30,65.0,66.17,63.08,63.58,231926
MBLINFRA,2014-03-14 00:00:00+05:30,64.47,64.9,61.5,63.95,256446
MBLINFRA,2014-03-18 00:00:00+05:30,64.67,64.9,62.3,63.42,43236
MBLINFRA,2014-03-19 00:00:00+05:30,63.05,64.47,61.27,62.08,29560
MBLINFRA,2014-03-20 00:00:00+05:30,61.27,62.98,60.15,60.88,14970
MBLINFRA,2014-03-21 00:00:00+05:30,60.52,62.62,59.62,60.05,17198
MBLINFRA,2014-03-24 00:00:00+05:30,60.9,60.9,59.05,59.33,16072
MBLINFRA,2014-03-25 00:00:00+05:30,60.0,60.85,58.35,58.7,16570
MBLINFRA,2014-03-26 00:00:00+05:30,59.05,61.0,59.02,60.15,47222
MBLINFRA,2014-03-27 00:00:00+05:30,60.38,60.83,58.58,59.4,39354
MBLINFRA,2014-03-28 00:00:00+05:30,60.35,60.73,59.5,60.02,21882
MBLINFRA,2014-03-31 00:00:00+05:30,60.23,66.0,58.58,64.67,94446
MBLINFRA,2014-04-01 00:00:00+05:30,64.0,65.22,62.6,64.22,32770
MBLINFRA,2014-04-02 00:00:00+05:30,63.5,64.78,62.52,63.55,10316
MBLINFRA,2014-04-03 00:00:00+05:30,64.42,67.45,63.2,64.97,53744
MBLINFRA,2014-04-04 00:00:00+05:30,66.92,66.92,64.05,64.85,44216
MBLINFRA,2014-04-07 00:00:00+05:30,67.35,67.35,64.12,65.45,12888
MBLINFRA,2014-04-09 00:00:00+05:30,65.78,70.0,65.28,69.3,81370
MBLINFRA,2014-04-10 00:00:00+05:30,68.75,70.88,67.47,68.15,37920
MBLINFRA,2014-04-11 00:00:00+05:30,68.0,68.58,65.97,67.33,26006
MBLINFRA,2014-04-15 00:00:00+05:30,67.0,71.97,66.1,66.28,13046
MBLINFRA,2014-04-16 00:00:00+05:30,69.5,71.35,66.0,67.67,99270
MBLINFRA,2014-04-17 00:00:00+05:30,70.45,70.53,67.0,70.17,33642
MBLINFRA,2014-04-21 00:00:00+05:30,70.0,78.7,70.0,76.35,234972
MBLINFRA,2014-04-22 00:00:00+05:30,76.35,82.5,76.35,80.12,287292
MBLINFRA,2014-04-23 00:00:00+05:30,81.0,86.97,80.05,85.15,189746
MBLINFRA,2014-04-25 00:00:00+05:30,84.25,90.8,84.25,89.47,164236
MBLINFRA,2014-04-28 00:00:00+05:30,90.95,92.5,86.0,87.17,104648
MBLINFRA,2014-04-29 00:00:00+05:30,88.97,89.0,82.35,84.7,70258
MBLINFRA,2014-04-30 00:00:00+05:30,86.72,88.72,80.1,83.53,188076
MBLINFRA,2014-05-02 00:00:00+05:30,85.0,85.92,80.62,82.53,44472
MBLINFRA,2014-05-05 00:00:00+05:30,84.83,84.85,82.47,83.12,20424
MBLINFRA,2014-05-06 00:00:00+05:30,82.03,84.35,82.0,83.53,34172
MBLINFRA,2014-05-07 00:00:00+05:30,82.65,84.75,82.42,83.22,14600
MBLINFRA,2014-05-08 00:00:00+05:30,82.78,84.75,82.62,84.45,24100
MBLINFRA,2014-05-09 00:00:00+05:30,84.1,88.5,83.5,87.5,118648
MBLINFRA,2014-05-12 00:00:00+05:30,91.0,91.0,86.53,87.5,95718
MBLINFRA,2014-05-13 00:00:00+05:30,88.47,90.28,84.25,85.47,65916
MBLINFRA,2014-05-14 00:00:00+05:30,85.6,90.92,85.58,89.47,143196
MBLINFRA,2014-05-15 00:00:00+05:30,88.5,90.0,86.0,87.53,39776
MBLINFRA,2014-05-16 00:00:00+05:30,85.53,98.72,85.53,96.95,279442
MBLINFRA,2014-05-19 00:00:00+05:30,100.0,114.0,99.35,108.92,244452
MBLINFRA,2014-05-20 00:00:00+05:30,110.75,112.97,108.5,110.47,447636
MBLINFRA,2014-05-21 00:00:00+05:30,112.95,123.4,110.78,121.6,262784
MBLINFRA,2014-05-22 00:00:00+05:30,123.5,142.5,123.5,130.78,483114
MBLINFRA,2014-05-23 00:00:00+05:30,134.0,137.5,126.15,129.35,133694
MBLINFRA,2014-05-26 00:00:00+05:30,133.43,133.43,118.5,120.72,227542
MBLINFRA,2014-05-27 00:00:00+05:30,121.0,122.5,109.5,113.45,131794
MBLINFRA,2014-05-28 00:00:00+05:30,112.5,123.95,112.5,117.35,275824
MBLINFRA,2014-05-29 00:00:00+05:30,116.2,124.0,116.2,118.17,46766
MBLINFRA,2014-05-30 00:00:00+05:30,117.5,129.0,116.08,127.75,191314
MBLINFRA,2014-06-02 00:00:00+05:30,128.95,138.75,127.88,135.43,635704
MBLINFRA,2014-06-03 00:00:00+05:30,138.5,147.0,138.5,145.1,373954
MBLINFRA,2014-06-04 00:00:00+05:30,143.68,148.97,139.5,143.88,283394
MBLINFRA,2014-06-05 00:00:00+05:30,144.68,145.4,138.05,139.6,99776
MBLINFRA,2014-06-06 00:00:00+05:30,140.5,142.5,135.12,136.28,166644
MBLINFRA,2014-06-09 00:00:00+05:30,140.47,140.47,129.47,137.43,93508
MBLINFRA,2014-06-10 00:00:00+05:30,135.6,135.6,130.57,130.75,127378
MBLINFRA,2014-06-11 00:00:00+05:30,133.75,133.75,124.22,124.25,561880
MBLINFRA,2014-06-12 00:00:00+05:30,124.5,128.45,120.5,126.6,53820
MBLINFRA,2014-06-13 00:00:00+05:30,128.0,130.0,120.53,121.97,31086
MBLINFRA,2014-06-16 00:00:00+05:30,121.97,124.95,120.17,124.33,16812
MBLINFRA,2014-06-17 00:00:00+05:30,125.0,127.0,121.33,126.6,17530
MBLINFRA,2014-06-18 00:00:00+05:30,125.5,131.0,123.0,125.78,29906
MBLINFRA,2014-06-19 00:00:00+05:30,128.5,131.0,122.62,127.95,22782
MBLINFRA,2014-06-20 00:00:00+05:30,130.0,134.32,130.0,134.32,29088
MBLINFRA,2014-06-23 00:00:00+05:30,138.5,140.38,131.05,134.88,136850
MBLINFRA,2014-06-24 00:00:00+05:30,133.0,135.0,130.6,131.65,42944
MBLINFRA,2014-06-25 00:00:00+05:30,125.55,133.9,125.55,131.12,105886
MBLINFRA,2014-06-26 00:00:00+05:30,130.05,134.5,128.0,128.68,21086
MBLINFRA,2014-06-27 00:00:00+05:30,128.25,132.5,127.75,131.18,14810
MBLINFRA,2014-06-30 00:00:00+05:30,132.45,137.72,132.45,134.3,47052
MBLINFRA,2014-07-01 00:00:00+05:30,135.0,141.0,134.5,141.0,194586
MBLINFRA,2014-07-02 00:00:00+05:30,148.05,148.05,141.3,148.05,78446
MBLINFRA,2014-07-03 00:00:00+05:30,155.45,155.45,155.45,155.45,90894
MBLINFRA,2014-07-04 00:00:00+05:30,155.18,158.4,147.7,157.15,218504
MBLINFRA,2014-07-07 00:00:00+05:30,158.0,163.18,152.57,157.1,234578
MBLINFRA,2014-07-08 00:00:00+05:30,153.5,160.0,149.25,149.25,236904
MBLINFRA,2014-07-09 00:00:00+05:30,141.8,145.8,141.8,141.97,86500
MBLINFRA,2014-07-10 00:00:00+05:30,143.25,149.05,135.0,144.97,96328
MBLINFRA,2014-07-11 00:00:00+05:30,149.0,149.0,137.75,137.85,82952
MBLINFRA,2014-07-14 00:00:00+05:30,137.75,138.5,131.0,135.0,16452
MBLINFRA,2014-07-15 00:00:00+05:30,139.75,139.75,133.0,136.0,43956
MBLINFRA,2014-07-16 00:00:00+05:30,140.97,142.8,137.5,141.57,41494
MBLINFRA,2014-07-17 00:00:00+05:30,143.95,147.45,141.0,146.1,83078
MBLINFRA,2014-07-18 00:00:00+05:30,146.25,148.5,143.0,146.6,69024
MBLINFRA,2014-07-21 00:00:00+05:30,143.5,147.45,140.05,146.0,47786
MBLINFRA,2014-07-22 00:00:00+05:30,147.3,150.4,146.5,148.07,82496
MBLINFRA,2014-07-23 00:00:00+05:30,146.03,149.2,141.65,144.5,18290
MBLINFRA,2014-07-24 00:00:00+05:30,142.57,146.45,142.57,144.88,15398
MBLINFRA,2014-07-25 00:00:00+05:30,147.0,147.0,140.5,145.18,33346
MBLINFRA,2014-07-28 00:00:00+05:30,145.18,148.22,142.68,144.0,50022
MBLINFRA,2014-07-30 00:00:00+05:30,143.5,143.5,140.1,142.28,16538
MBLINFRA,2014-07-31 00:00:00+05:30,143.07,147.8,141.07,146.45,69304
MBLINFRA,2014-08-01 00:00:00+05:30,142.07,153.5,139.3,141.68,124888
MBLINFRA,2014-08-04 00:00:00+05:30,144.0,152.45,144.0,148.0,54402
MBLINFRA,2014-08-05 00:00:00+05:30,149.3,152.5,147.1,151.6,39324
MBLINFRA,2014-08-06 00:00:00+05:30,150.0,151.5,147.8,148.75,29240
MBLINFRA,2014-08-07 00:00:00+05:30,147.5,149.47,140.28,144.35,22394
MBLINFRA,2014-08-08 00:00:00+05:30,140.55,143.25,140.05,141.9,23260
MBLINFRA,2014-08-11 00:00:00+05:30,144.5,149.7,143.97,146.28,88204
MBLINFRA,2014-08-12 00:00:00+05:30,146.5,146.97,142.7,143.88,21386
MBLINFRA,2014-08-13 00:00:00+05:30,141.6,145.43,135.0,137.32,40670
MBLINFRA,2014-08-14 00:00:00+05:30,135.8,141.0,133.05,135.75,29580
MBLINFRA,2014-08-18 00:00:00+05:30,135.0,141.5,135.0,139.3,12358
MBLINFRA,2014-08-19 00:00:00+05:30,134.03,146.5,134.03,143.22,27994
MBLINFRA,2014-08-20 00:00:00+05:30,145.0,146.88,141.5,144.18,85604
MBLINFRA,2014-08-21 00:00:00+05:30,144.18,145.38,140.6,141.53,15012
MBLINFRA,2014-08-22 00:00:00+05:30,144.9,144.93,140.15,142.18,8472
MBLINFRA,2014-08-25 00:00:00+05:30,143.0,144.0,139.03,139.8,47236
MBLINFRA,2014-08-26 00:00:00+05:30,133.32,141.3,133.32,137.18,19968
MBLINFRA,2014-08-27 00:00:00+05:30,137.47,140.0,137.0,137.65,7138
MBLINFRA,2014-08-28 00:00:00+05:30,137.07,139.0,134.0,135.62,10832
MBLINFRA,2014-09-01 00:00:00+05:30,130.0,139.45,130.0,134.82,32594
MBLINFRA,2014-09-02 00:00:00+05:30,134.0,141.5,133.55,140.07,23306
MBLINFRA,2014-09-03 00:00:00+05:30,137.53,140.45,134.5,135.57,54128
MBLINFRA,2014-09-04 00:00:00+05:30,136.0,137.38,134.07,134.78,16602
MBLINFRA,2014-09-05 00:00:00+05:30,135.0,145.0,131.1,132.57,100526
MBLINFRA,2014-09-08 00:00:00+05:30,135.0,140.5,133.05,138.62,54064
MBLINFRA,2014-09-09 00:00:00+05:30,140.0,141.65,139.0,140.57,31884
MBLINFRA,2014-09-10 00:00:00+05:30,143.75,143.75,136.65,139.38,22148
MBLINFRA,2014-09-11 00:00:00+05:30,140.97,142.85,139.1,140.07,19376
MBLINFRA,2014-09-12 00:00:00+05:30,142.5,142.5,140.03,141.45,30512
MBLINFRA,2014-09-15 00:00:00+05:30,164.03,169.7,157.5,163.53,492082
MBLINFRA,2014-09-16 00:00:00+05:30,165.45,167.5,157.5,161.18,269574
MBLINFRA,2014-09-17 00:00:00+05:30,161.85,161.85,154.0,155.25,69802
MBLINFRA,2014-09-18 00:00:00+05:30,155.05,170.0,155.05,167.62,178752
MBLINFRA,2014-09-19 00:00:00+05:30,170.25,177.45,168.55,171.18,233602
MBLINFRA,2014-09-22 00:00:00+05:30,170.75,177.35,170.05,176.22,79126
MBLINFRA,2014-09-23 00:00:00+05:30,177.5,185.15,170.5,171.97,114244
MBLINFRA,2014-09-24 00:00:00+05:30,173.1,181.72,163.07,169.55,84186
MBLINFRA,2014-09-25 00:00:00+05:30,167.0,175.25,159.5,162.15,85898
MBLINFRA,2014-09-26 00:00:00+05:30,160.55,165.15,156.5,161.78,87884
MBLINFRA,2014-09-29 00:00:00+05:30,164.47,170.55,163.0,164.85,26932
MBLINFRA,2014-09-30 00:00:00+05:30,165.05,170.72,162.62,170.03,156256
MBLINFRA,2014-10-01 00:00:00+05:30,171.97,178.75,171.97,173.57,152208
MBLINFRA,2014-10-07 00:00:00+05:30,174.5,175.0,162.57,166.03,79696
MBLINFRA,2014-10-08 00:00:00+05:30,164.35,168.47,159.78,165.95,30278
MBLINFRA,2014-10-09 00:00:00+05:30,168.4,173.0,168.4,170.05,19334
MBLINFRA,2014-10-10 00:00:00+05:30,168.43,168.68,163.65,165.82,16848
MBLINFRA,2014-10-13 00:00:00+05:30,161.82,165.97,161.82,163.45,23176
MBLINFRA,2014-10-14 00:00:00+05:30,161.35,163.62,157.75,158.55,24038
MBLINFRA,2014-10-16 00:00:00+05:30,155.07,163.97,151.2,152.15,22594
MBLINFRA,2014-10-17 00:00:00+05:30,155.5,156.25,150.53,151.45,28308
MBLINFRA,2014-10-20 00:00:00+05:30,157.12,157.25,150.53,150.95,14416
MBLINFRA,2014-10-21 00:00:00+05:30,152.5,158.47,151.25,153.12,10656
MBLINFRA,2014-10-22 00:00:00+05:30,157.45,163.0,154.0,160.68,18708
MBLINFRA,2014-10-23 00:00:00+05:30,157.78,162.5,157.78,161.03,4084
MBLINFRA,2014-10-27 00:00:00+05:30,161.0,164.0,157.57,160.07,58102
MBLINFRA,2014-10-28 00:00:00+05:30,160.5,163.45,160.5,161.0,62914
MBLINFRA,2014-10-29 00:00:00+05:30,169.95,174.82,164.25,166.15,85886
MBLINFRA,2014-10-30 00:00:00+05:30,166.03,170.5,164.75,169.12,40672
MBLINFRA,2014-10-31 00:00:00+05:30,169.25,176.0,169.25,174.75,47730
MBLINFRA,2014-11-03 00:00:00+05:30,175.97,185.0,174.72,181.43,77846
MBLINFRA,2014-11-05 00:00:00+05:30,183.97,192.45,178.05,179.75,799024
MBLINFRA,2014-11-07 00:00:00+05:30,184.97,191.15,180.78,182.5,181228
MBLINFRA,2014-11-10 00:00:00+05:30,184.2,184.5,176.18,177.22,47418
MBLINFRA,2014-11-11 00:00:00+05:30,178.25,184.0,173.15,181.0,39462
MBLINFRA,2014-11-12 00:00:00+05:30,183.45,185.85,178.57,183.22,36312
MBLINFRA,2014-11-13 00:00:00+05:30,180.0,185.0,179.5,182.78,56212
MBLINFRA,2014-11-14 00:00:00+05:30,187.5,187.5,176.5,177.22,31222
MBLINFRA,2014-11-17 00:00:00+05:30,172.5,198.4,172.5,187.88,313102
MBLINFRA,2014-11-18 00:00:00+05:30,189.9,197.5,182.65,196.32,139020
MBLINFRA,2014-11-19 00:00:00+05:30,197.47,204.5,190.03,192.18,113148
MBLINFRA,2014-11-20 00:00:00+05:30,195.0,195.0,187.47,189.03,39308
MBLINFRA,2014-11-21 00:00:00+05:30,190.03,193.5,185.05,187.5,34736
MBLINFRA,2014-11-24 00:00:00+05:30,190.97,193.0,186.18,191.72,26866
MBLINFRA,2014-11-25 00:00:00+05:30,190.55,190.55,184.0,187.68,57270
MBLINFRA,2014-11-26 00:00:00+05:30,188.47,194.45,185.5,192.7,25840
MBLINFRA,2014-11-27 00:00:00+05:30,192.75,196.75,192.5,194.47,31932
MBLINFRA,2014-11-28 00:00:00+05:30,199.47,199.5,193.25,196.25,37530
MBLINFRA,2014-12-01 00:00:00+05:30,195.0,199.9,192.5,193.8,31520
MBLINFRA,2014-12-02 00:00:00+05:30,194.4,198.38,191.22,196.43,94980
MBLINFRA,2014-12-03 00:00:00+05:30,197.5,198.0,192.6,195.53,29260
MBLINFRA,2014-12-04 00:00:00+05:30,190.0,197.5,189.5,192.6,154850
MBLINFRA,2014-12-05 00:00:00+05:30,192.9,202.22,192.65,197.05,253892
MBLINFRA,2014-12-08 00:00:00+05:30,197.25,200.93,191.25,192.38,32616
MBLINFRA,2014-12-09 00:00:00+05:30,190.65,192.18,186.05,188.43,48984
MBLINFRA,2014-12-10 00:00:00+05:30,189.38,193.18,186.07,190.28,22264
MBLINFRA,2014-12-11 00:00:00+05:30,191.05,193.5,185.55,192.2,22108
MBLINFRA,2014-12-12 00:00:00+05:30,191.5,193.45,183.15,186.5,437414
MBLINFRA,2014-12-15 00:00:00+05:30,188.0,189.97,178.2,185.62,39460
MBLINFRA,2014-12-16 00:00:00+05:30,185.0,185.0,178.8,181.07,62212
MBLINFRA,2014-12-17 00:00:00+05:30,180.15,181.53,170.5,177.07,52194
MBLINFRA,2014-12-18 00:00:00+05:30,185.0,186.25,178.55,180.62,53430
MBLINFRA,2014-12-19 00:00:00+05:30,181.12,185.93,181.1,185.3,23010
MBLINFRA,2014-12-22 00:00:00+05:30,184.0,186.9,180.75,185.8,13570
MBLINFRA,2014-12-23 00:00:00+05:30,184.5,190.75,184.5,189.3,29302
MBLINFRA,2014-12-24 00:00:00+05:30,188.0,193.6,186.25,192.43,36560
MBLINFRA,2014-12-26 00:00:00+05:30,194.82,197.85,191.97,195.62,42322
MBLINFRA,2014-12-29 00:00:00+05:30,196.5,200.05,195.35,197.88,38058
MBLINFRA,2014-12-30 00:00:00+05:30,197.03,200.03,197.0,197.5,82174
MBLINFRA,2014-12-31 00:00:00+05:30,199.95,208.97,199.03,202.7,119462
MBLINFRA,2015-01-01 00:00:00+05:30,204.0,207.48,202.1,206.2,232106
MBLINFRA,2015-01-02 00:00:00+05:30,205.95,222.45,205.95,216.3,150182
MBLINFRA,2015-01-05 00:00:00+05:30,218.0,220.95,212.0,215.5,124700
MBLINFRA,2015-01-06 00:00:00+05:30,214.0,215.8,207.5,211.7,52072
MBLINFRA,2015-01-07 00:00:00+05:30,213.0,213.0,202.18,209.53,47026
MBLINFRA,2015-01-08 00:00:00+05:30,205.75,219.18,205.75,216.58,23550
MBLINFRA,2015-01-09 00:00:00+05:30,214.4,219.9,214.4,217.03,30364
MBLINFRA,2015-01-12 00:00:00+05:30,214.85,227.0,213.75,225.23,61970
MBLINFRA,2015-01-13 00:00:00+05:30,232.0,232.0,221.03,223.28,26958
MBLINFRA,2015-01-14 00:00:00+05:30,226.45,226.45,223.25,224.2,12128
MBLINFRA,2015-01-15 00:00:00+05:30,219.73,224.5,219.73,222.08,28084
MBLINFRA,2015-01-16 00:00:00+05:30,225.0,225.0,220.05,220.53,8048
MBLINFRA,2015-01-19 00:00:00+05:30,223.88,231.18,221.5,222.83,36854
MBLINFRA,2015-01-20 00:00:00+05:30,224.95,226.0,223.4,225.0,54184
MBLINFRA,2015-01-21 00:00:00+05:30,225.0,225.95,220.05,220.75,228936
MBLINFRA,2015-01-22 00:00:00+05:30,222.5,223.0,220.6,222.53,66252
MBLINFRA,2015-01-23 00:00:00+05:30,224.95,224.95,218.78,220.68,11844
MBLINFRA,2015-01-27 00:00:00+05:30,225.03,225.5,222.0,223.53,55510
MBLINFRA,2015-01-28 00:00:00+05:30,223.6,228.5,221.05,222.1,69574
MBLINFRA,2015-01-29 00:00:00+05:30,234.43,234.5,220.53,224.75,64880
MBLINFRA,2015-01-30 00:00:00+05:30,225.0,225.0,215.5,218.13,21624
MBLINFRA,2015-02-02 00:00:00+05:30,225.0,225.0,218.5,220.05,16958
MBLINFRA,2015-02-03 00:00:00+05:30,225.48,225.48,219.0,222.23,36352
MBLINFRA,2015-02-04 00:00:00+05:30,220.08,225.0,217.33,222.4,17740
MBLINFRA,2015-02-05 00:00:00+05:30,223.75,223.75,217.45,219.53,16540
MBLINFRA,2015-02-06 00:00:00+05:30,221.0,221.0,209.03,217.35,318140
MBLINFRA,2015-02-09 00:00:00+05:30,218.98,218.98,212.25,215.75,140816
MBLINFRA,2015-02-10 00:00:00+05:30,217.15,219.95,205.0,209.83,54180
MBLINFRA,2015-02-11 00:00:00+05:30,210.63,219.5,203.5,211.15,63046
MBLINFRA,2015-02-12 00:00:00+05:30,207.78,212.0,207.5,210.25,23044
MBLINFRA,2015-02-13 00:00:00+05:30,211.55,215.0,207.48,213.15,30678
MBLINFRA,2015-02-16 00:00:00+05:30,212.5,220.85,212.5,218.2,176772
MBLINFRA,2015-02-18 00:00:00+05:30,220.4,232.5,213.2,228.83,176684
MBLINFRA,2015-02-19 00:00:00+05:30,232.28,250.0,219.5,235.63,125216
MBLINFRA,2015-02-20 00:00:00+05:30,239.8,242.5,234.58,237.15,63606
MBLINFRA,2015-02-23 00:00:00+05:30,240.0,251.0,237.53,248.13,102534
MBLINFRA,2015-02-24 00:00:00+05:30,250.45,251.4,243.48,249.38,61216
MBLINFRA,2015-02-25 00:00:00+05:30,248.1,255.0,246.75,251.1,59458
MBLINFRA,2015-02-26 00:00:00+05:30,257.5,257.5,249.78,252.7,34728
MBLINFRA,2015-02-27 00:00:00+05:30,254.38,268.45,254.38,266.0,101242
MBLINFRA,2015-03-02 00:00:00+05:30,274.5,287.43,273.5,285.83,64312
MBLINFRA,2015-03-03 00:00:00+05:30,287.4,299.73,287.1,291.88,55830
MBLINFRA,2015-03-04 00:00:00+05:30,299.0,302.5,279.0,282.75,45852
MBLINFRA,2015-03-05 00:00:00+05:30,284.4,290.95,276.5,289.33,66104
MBLINFRA,2015-03-09 00:00:00+05:30,290.5,293.0,284.02,289.93,29614
MBLINFRA,2015-03-10 00:00:00+05:30,291.0,324.35,289.98,310.77,180408
MBLINFRA,2015-03-11 00:00:00+05:30,313.0,319.98,304.18,316.38,162884
MBLINFRA,2015-03-12 00:00:00+05:30,318.98,329.5,296.45,309.7,201564
MBLINFRA,2015-03-13 00:00:00+05:30,310.02,324.5,310.02,316.1,53100
MBLINFRA,2015-03-16 00:00:00+05:30,320.0,320.0,309.0,312.13,32214
MBLINFRA,2015-03-17 00:00:00+05:30,313.25,319.3,306.52,314.98,57822
MBLINFRA,2015-03-18 00:00:00+05:30,321.98,322.0,309.23,311.75,102456
MBLINFRA,2015-03-19 00:00:00+05:30,319.98,319.98,295.02,303.93,50788
MBLINFRA,2015-03-20 00:00:00+05:30,304.93,306.43,296.02,300.15,129828
MBLINFRA,2015-03-23 00:00:00+05:30,293.7,317.5,293.7,311.18,151006
MBLINFRA,2015-03-24 00:00:00+05:30,312.48,321.2,302.63,313.13,120518
MBLINFRA,2015-03-25 00:00:00+05:30,316.2,316.2,304.25,306.13,130870
MBLINFRA,2015-03-26 00:00:00+05:30,302.4,312.52,298.23,305.88,71272
MBLINFRA,2015-03-27 00:00:00+05:30,306.95,310.0,300.0,302.6,45068
MBLINFRA,2015-03-30 00:00:00+05:30,306.25,310.0,300.3,308.68,62702
MBLINFRA,2015-03-31 00:00:00+05:30,309.0,312.5,306.3,309.75,25960
MBLINFRA,2015-04-01 00:00:00+05:30,309.83,313.98,305.5,311.77,26166
MBLINFRA,2015-04-06 00:00:00+05:30,308.58,318.48,307.5,313.85,47342
MBLINFRA,2015-04-07 00:00:00+05:30,314.55,320.0,309.5,314.02,27608
MBLINFRA,2015-04-08 00:00:00+05:30,314.3,317.98,312.5,314.15,69092
MBLINFRA,2015-04-09 00:00:00+05:30,314.5,319.2,312.5,315.55,8620
MBLINFRA,2015-04-10 00:00:00+05:30,313.05,316.4,309.5,313.7,32008
MBLINFRA,2015-04-13 00:00:00+05:30,311.85,314.4,310.95,313.3,24798
MBLINFRA,2015-04-15 00:00:00+05:30,311.15,313.5,300.0,306.48,37020
MBLINFRA,2015-04-16 00:00:00+05:30,305.58,308.4,295.13,303.38,72112
MBLINFRA,2015-04-17 00:00:00+05:30,304.85,306.02,294.52,299.43,14000
MBLINFRA,2015-04-20 00:00:00+05:30,305.0,305.0,287.05,292.27,20908
MBLINFRA,2015-04-21 00:00:00+05:30,290.5,297.55,290.02,295.83,10500
MBLINFRA,2015-04-22 00:00:00+05:30,290.27,297.48,289.45,294.5,15938
MBLINFRA,2015-04-23 00:00:00+05:30,296.7,296.7,288.0,293.4,16232
MBLINFRA,2015-04-24 00:00:00+05:30,288.5,295.3,283.48,286.2,10048
MBLINFRA,2015-04-27 00:00:00+05:30,286.1,286.1,266.15,276.02,59852
MBLINFRA,2015-04-28 00:00:00+05:30,278.6,286.5,267.6,282.55,10652
MBLINFRA,2015-04-29 00:00:00+05:30,283.95,294.0,278.52,291.13,16090
MBLINFRA,2015-04-30 00:00:00+05:30,288.75,293.5,278.35,285.4,57476
MBLINFRA,2015-05-04 00:00:00+05:30,284.98,297.52,284.98,294.0,22470
MBLINFRA,2015-05-05 00:00:00+05:30,290.1,295.0,289.5,294.75,4640
MBLINFRA,2015-05-06 00:00:00+05:30,288.02,292.2,282.5,287.45,15324
MBLINFRA,2015-05-07 00:00:00+05:30,280.1,290.0,275.5,282.1,11718
MBLINFRA,2015-05-08 00:00:00+05:30,289.8,289.8,278.27,281.73,19264
MBLINFRA,2015-05-11 00:00:00+05:30,286.88,286.9,275.15,281.68,47346
MBLINFRA,2015-05-12 00:00:00+05:30,285.93,285.93,261.98,273.85,3486
MBLINFRA,2015-05-13 00:00:00+05:30,272.95,277.0,271.0,274.48,11382
MBLINFRA,2015-05-14 00:00:00+05:30,272.5,281.5,268.5,279.43,24194
MBLINFRA,2015-05-15 00:00:00+05:30,284.75,292.0,279.98,283.83,7918
MBLINFRA,2015-05-18 00:00:00+05:30,284.0,284.05,270.0,278.35,17650
MBLINFRA,2015-05-19 00:00:00+05:30,281.93,292.5,280.13,291.73,18670
MBLINFRA,2015-05-20 00:00:00+05:30,292.45,315.0,291.5,294.43,366254
MBLINFRA,2015-05-21 00:00:00+05:30,295.7,296.0,282.5,284.52,110712
MBLINFRA,2015-05-22 00:00:00+05:30,287.4,289.5,280.63,283.83,52444
MBLINFRA,2015-05-25 00:00:00+05:30,276.52,279.5,263.0,264.98,156390
MBLINFRA,2015-05-26 00:00:00+05:30,260.5,271.98,257.65,269.5,18398
MBLINFRA,2015-05-27 00:00:00+05:30,263.5,271.7,263.5,270.33,21632
MBLINFRA,2015-05-28 00:00:00+05:30,269.0,275.5,269.0,271.2,37976
MBLINFRA,2015-05-29 00:00:00+05:30,271.05,276.63,269.0,272.2,338224
MBLINFRA,2015-06-01 00:00:00+05:30,272.52,275.0,266.05,273.23,12490
MBLINFRA,2015-06-02 00:00:00+05:30,272.5,273.75,265.0,268.15,9228
MBLINFRA,2015-06-03 00:00:00+05:30,265.1,269.5,242.0,250.58,95912
MBLINFRA,2015-06-04 00:00:00+05:30,256.0,257.5,242.5,254.23,34914
MBLINFRA,2015-06-05 00:00:00+05:30,254.5,263.5,253.58,260.48,44394
MBLINFRA,2015-06-08 00:00:00+05:30,260.9,265.0,247.08,253.2,25112
MBLINFRA,2015-06-09 00:00:00+05:30,253.55,257.5,242.75,256.63,13622
MBLINFRA,2015-06-10 00:00:00+05:30,258.5,262.0,246.25,257.83,20942
MBLINFRA,2015-06-11 00:00:00+05:30,258.5,264.1,254.0,255.13,215472
MBLINFRA,2015-06-12 00:00:00+05:30,254.05,260.0,250.48,255.0,64752
MBLINFRA,2015-06-15 00:00:00+05:30,258.48,258.5,252.5,254.98,92120
MBLINFRA,2015-06-16 00:00:00+05:30,258.75,258.75,250.5,257.4,14908
MBLINFRA,2015-06-17 00:00:00+05:30,245.6,262.48,245.6,256.25,5544
MBLINFRA,2015-06-18 00:00:00+05:30,257.93,266.0,256.38,262.93,20348
MBLINFRA,2015-06-19 00:00:00+05:30,263.18,265.0,255.75,258.13,15872
MBLINFRA,2015-06-22 00:00:00+05:30,269.0,269.0,255.0,258.6,179708
MBLINFRA,2015-06-23 00:00:00+05:30,272.5,276.98,259.0,261.43,199978
MBLINFRA,2015-06-24 00:00:00+05:30,261.9,269.9,237.9,253.85,31680
MBLINFRA,2015-06-25 00:00:00+05:30,256.5,259.5,245.0,250.33,229056
MBLINFRA,2015-06-26 00:00:00+05:30,249.0,258.75,247.5,257.33,45904
MBLINFRA,2015-06-29 00:00:00+05:30,257.45,257.45,245.08,251.85,39078
MBLINFRA,2015-06-30 00:00:00+05:30,256.48,257.23,241.6,255.08,65582
MBLINFRA,2015-07-01 00:00:00+05:30,258.9,268.5,255.5,265.83,67114
MBLINFRA,2015-07-02 00:00:00+05:30,270.0,273.65,265.05,271.85,80710
MBLINFRA,2015-07-03 00:00:00+05:30,274.25,279.95,270.38,278.6,61338
MBLINFRA,2015-07-06 00:00:00+05:30,272.73,289.0,268.0,283.4,254284
MBLINFRA,2015-07-07 00:00:00+05:30,281.4,293.63,281.1,288.77,56700
MBLINFRA,2015-07-08 00:00:00+05:30,285.27,289.63,270.5,280.7,35762
MBLINFRA,2015-07-09 00:00:00+05:30,282.15,290.2,280.98,283.43,60928
MBLINFRA,2015-07-10 00:00:00+05:30,284.0,285.3,276.48,282.18,24792
MBLINFRA,2015-07-13 00:00:00+05:30,280.93,284.0,273.0,283.52,33348
MBLINFRA,2015-07-14 00:00:00+05:30,282.9,285.5,278.27,284.63,26844
MBLINFRA,2015-07-15 00:00:00+05:30,289.93,289.93,278.0,279.7,22064
MBLINFRA,2015-07-16 00:00:00+05:30,279.0,282.5,275.9,280.05,19504
MBLINFRA,2015-07-17 00:00:00+05:30,283.93,283.93,278.77,282.08,42464
MBLINFRA,2015-07-20 00:00:00+05:30,282.5,287.5,279.25,281.88,27038
MBLINFRA,2015-07-21 00:00:00+05:30,285.0,285.0,268.73,270.38,24304
MBLINFRA,2015-07-22 00:00:00+05:30,275.0,280.0,272.5,279.8,14998
MBLINFRA,2015-07-23 00:00:00+05:30,283.98,289.27,279.0,288.0,122992
MBLINFRA,2015-07-24 00:00:00+05:30,292.45,301.9,290.02,293.8,105372
MBLINFRA,2015-07-27 00:00:00+05:30,299.43,299.43,280.0,284.05,51774
MBLINFRA,2015-07-28 00:00:00+05:30,290.0,290.0,252.95,283.7,12857
MBLINFRA,2015-07-29 00:00:00+05:30,283.75,287.95,281.0,283.6,28455
MBLINFRA,2015-07-30 00:00:00+05:30,285.89,288.05,280.55,283.89,31758
MBLINFRA,2015-07-31 00:00:00+05:30,283.55,284.8,278.85,282.95,6899
MBLINFRA,2015-08-03 00:00:00+05:30,284.89,285.0,270.1,276.5,7476
MBLINFRA,2015-08-04 00:00:00+05:30,271.64,279.89,260.14,267.0,84779
MBLINFRA,2015-08-05 00:00:00+05:30,272.25,274.3,261.2,266.95,15921
MBLINFRA,2015-08-06 00:00:00+05:30,272.25,285.0,267.95,269.95,12974
MBLINFRA,2015-08-07 00:00:00+05:30,270.05,277.0,265.0,267.95,15189
MBLINFRA,2015-08-10 00:00:00+05:30,273.2,277.0,264.0,265.3,35431
MBLINFRA,2015-08-11 00:00:00+05:30,265.89,267.6,250.25,255.0,9699
MBLINFRA,2015-08-12 00:00:00+05:30,254.0,259.0,250.0,251.9,7282
MBLINFRA,2015-08-13 00:00:00+05:30,258.25,258.3,231.1,239.2,27070
MBLINFRA,2015-08-14 00:00:00+05:30,240.0,264.14,232.0,256.45,70009
MBLINFRA,2015-08-17 00:00:00+05:30,262.0,267.7,259.0,261.0,31875
MBLINFRA,2015-08-18 00:00:00+05:30,259.5,267.0,259.5,264.55,29279
MBLINFRA,2015-08-19 00:00:00+05:30,265.85,268.0,260.0,262.35,11233
MBLINFRA,2015-08-20 00:00:00+05:30,260.3,263.95,253.0,255.95,20243
MBLINFRA,2015-08-21 00:00:00+05:30,256.0,256.0,244.0,250.85,15644
MBLINFRA,2015-08-24 00:00:00+05:30,249.5,249.5,218.0,223.25,47434
MBLINFRA,2015-08-25 00:00:00+05:30,228.0,231.95,198.2,218.75,36253
MBLINFRA,2015-08-26 00:00:00+05:30,218.0,238.7,213.1,232.9,79503
MBLINFRA,2015-08-27 00:00:00+05:30,245.0,245.0,234.0,238.65,33354
MBLINFRA,2015-08-28 00:00:00+05:30,242.75,248.65,233.2,236.0,26619
MBLINFRA,2015-08-31 00:00:00+05:30,233.6,238.9,230.1,237.3,6096
MBLINFRA,2015-09-01 00:00:00+05:30,230.2,240.95,225.1,234.0,14512
MBLINFRA,2015-09-02 00:00:00+05:30,236.0,241.9,230.0,232.0,7969
MBLINFRA,2015-09-03 00:00:00+05:30,232.7,236.95,231.55,235.3,9083
MBLINFRA,2015-09-04 00:00:00+05:30,234.95,240.0,221.0,230.9,22059
MBLINFRA,2015-09-07 00:00:00+05:30,225.25,233.0,219.75,229.75,25201
MBLINFRA,2015-09-08 00:00:00+05:30,235.0,244.4,230.0,239.95,48617
MBLINFRA,2015-09-09 00:00:00+05:30,244.85,252.9,237.75,244.55,43186
MBLINFRA,2015-09-10 00:00:00+05:30,240.0,244.0,238.2,240.7,7322
MBLINFRA,2015-09-11 00:00:00+05:30,244.65,247.75,240.4,245.3,11505
MBLINFRA,2015-09-14 00:00:00+05:30,242.45,252.45,242.45,246.45,209510
MBLINFRA,2015-09-15 00:00:00+05:30,245.0,245.15,234.5,242.25,98158
MBLINFRA,2015-09-16 00:00:00+05:30,243.5,254.0,238.75,249.85,103656
MBLINFRA,2015-09-18 00:00:00+05:30,247.55,249.8,243.0,245.35,11678
MBLINFRA,2015-09-21 00:00:00+05:30,242.0,253.8,241.95,249.4,37404
MBLINFRA,2015-09-22 00:00:00+05:30,253.75,253.75,239.0,244.55,4038
MBLINFRA,2015-09-23 00:00:00+05:30,240.0,244.45,235.2,240.65,7331
MBLINFRA,2015-09-24 00:00:00+05:30,242.15,244.95,238.1,241.55,4998
MBLINFRA,2015-09-28 00:00:00+05:30,240.0,252.3,240.0,245.8,59270
MBLINFRA,2015-09-29 00:00:00+05:30,240.1,249.9,239.0,243.55,12648
MBLINFRA,2015-09-30 00:00:00+05:30,246.25,251.0,239.0,241.05,12113
MBLINFRA,2015-10-01 00:00:00+05:30,246.0,249.0,243.6,246.55,10993
MBLINFRA,2015-10-05 00:00:00+05:30,244.0,250.0,242.0,244.5,23913
MBLINFRA,2015-10-06 00:00:00+05:30,247.35,249.85,241.5,244.05,7804
MBLINFRA,2015-10-07 00:00:00+05:30,241.65,252.95,241.5,246.85,98953
MBLINFRA,2015-10-08 00:00:00+05:30,246.05,249.9,243.2,244.55,57041
MBLINFRA,2015-10-09 00:00:00+05:30,242.0,249.95,240.0,241.5,79909
MBLINFRA,2015-10-12 00:00:00+05:30,244.95,251.0,234.1,235.8,40088
MBLINFRA,2015-10-13 00:00:00+05:30,238.0,240.0,236.35,238.2,15127
MBLINFRA,2015-10-14 00:00:00+05:30,238.05,243.0,235.0,236.5,7267
MBLINFRA,2015-10-15 00:00:00+05:30,238.45,242.0,232.2,233.05,9830
MBLINFRA,2015-10-16 00:00:00+05:30,239.4,239.4,231.05,232.0,212612
MBLINFRA,2015-10-19 00:00:00+05:30,234.5,238.0,228.1,233.95,117206
MBLINFRA,2015-10-20 00:00:00+05:30,235.05,236.45,222.15,225.0,42149
MBLINFRA,2015-10-21 00:00:00+05:30,223.5,225.0,217.4,220.25,46768
MBLINFRA,2015-10-23 00:00:00+05:30,220.15,223.0,217.0,218.1,30656
MBLINFRA,2015-10-26 00:00:00+05:30,218.0,221.35,215.25,215.7,13276
MBLINFRA,2015-10-27 00:00:00+05:30,216.05,218.9,207.0,209.95,21899
MBLINFRA,2015-10-28 00:00:00+05:30,207.0,218.0,207.0,214.5,52365
MBLINFRA,2015-10-29 00:00:00+05:30,215.95,218.5,208.05,210.15,50072
MBLINFRA,2015-10-30 00:00:00+05:30,210.55,212.45,208.0,209.85,18177
MBLINFRA,2015-11-02 00:00:00+05:30,208.9,214.9,205.6,209.7,5111
MBLINFRA,2015-11-03 00:00:00+05:30,210.15,214.4,207.25,210.6,11120
MBLINFRA,2015-11-04 00:00:00+05:30,212.0,212.95,208.2,208.6,2998
MBLINFRA,2015-11-05 00:00:00+05:30,208.05,212.1,207.0,207.8,4274
MBLINFRA,2015-11-06 00:00:00+05:30,211.65,214.5,205.0,211.05,19968
MBLINFRA,2015-11-09 00:00:00+05:30,197.0,213.9,195.0,211.7,5403
MBLINFRA,2015-11-10 00:00:00+05:30,210.05,215.75,208.15,210.0,1242
MBLINFRA,2015-11-11 00:00:00+05:30,211.0,219.8,210.2,214.45,1819
MBLINFRA,2015-11-13 00:00:00+05:30,212.0,214.0,205.1,208.45,5776
MBLINFRA,2015-11-16 00:00:00+05:30,205.3,209.95,201.0,206.35,6055
MBLINFRA,2015-11-17 00:00:00+05:30,213.75,216.0,207.5,208.0,43639
MBLINFRA,2015-11-18 00:00:00+05:30,211.75,213.0,205.0,208.25,84294
MBLINFRA,2015-11-19 00:00:00+05:30,209.0,218.0,209.0,213.55,99314
MBLINFRA,2015-11-20 00:00:00+05:30,214.0,217.5,213.1,214.1,23751
MBLINFRA,2015-11-23 00:00:00+05:30,215.0,219.95,214.2,217.7,22236
MBLINFRA,2015-11-24 00:00:00+05:30,223.9,223.9,216.2,217.9,42558
MBLINFRA,2015-11-26 00:00:00+05:30,223.0,223.0,214.25,217.85,18403
MBLINFRA,2015-11-27 00:00:00+05:30,217.0,223.0,217.0,222.35,38744
MBLINFRA,2015-11-30 00:00:00+05:30,225.0,225.0,217.05,220.1,18488
MBLINFRA,2015-12-01 00:00:00+05:30,222.95,223.8,218.0,218.9,14436
MBLINFRA,2015-12-02 00:00:00+05:30,222.9,222.9,215.0,217.85,30340
MBLINFRA,2015-12-03 00:00:00+05:30,218.0,218.0,212.2,217.0,18351
MBLINFRA,2015-12-04 00:00:00+05:30,216.45,219.9,214.75,215.85,45822
MBLINFRA,2015-12-07 00:00:00+05:30,218.0,218.0,213.2,213.75,15371
MBLINFRA,2015-12-08 00:00:00+05:30,215.5,215.5,211.4,212.9,5922
MBLINFRA,2015-12-09 00:00:00+05:30,210.1,211.95,205.0,207.05,13029
MBLINFRA,2015-12-10 00:00:00+05:30,209.0,210.0,205.55,207.9,6661
MBLINFRA,2015-12-11 00:00:00+05:30,211.0,211.0,206.05,206.9,14502
MBLINFRA,2015-12-14 00:00:00+05:30,205.15,209.0,205.1,206.85,11838
MBLINFRA,2015-12-15 00:00:00+05:30,209.0,209.0,206.0,207.45,8775
MBLINFRA,2015-12-16 00:00:00+05:30,207.55,212.85,207.5,209.5,23046
MBLINFRA,2015-12-17 00:00:00+05:30,208.35,215.0,208.3,213.65,35863
MBLINFRA,2015-12-18 00:00:00+05:30,216.75,220.9,214.0,216.15,27713
MBLINFRA,2015-12-21 00:00:00+05:30,229.2,234.0,218.1,218.8,390467
MBLINFRA,2015-12-22 00:00:00+05:30,221.8,221.9,215.6,216.8,59435
MBLINFRA,2015-12-23 00:00:00+05:30,219.75,220.7,216.0,216.9,93992
MBLINFRA,2015-12-24 00:00:00+05:30,218.0,219.5,216.0,217.7,32413
MBLINFRA,2015-12-28 00:00:00+05:30,219.4,223.4,218.1,222.55,138988
MBLINFRA,2015-12-29 00:00:00+05:30,223.85,224.5,219.0,219.7,42752
MBLINFRA,2015-12-30 00:00:00+05:30,232.0,236.6,218.05,220.1,967260
MBLINFRA,2015-12-31 00:00:00+05:30,222.0,229.5,220.0,227.75,618571
MBLINFRA,2015-12-31 09:15:00+05:30,222.0,229.5,220.0,227.75,618571
MBLINFRA,2016-01-01 09:15:00+05:30,228.0,228.1,222.5,224.85,140045
MBLINFRA,2016-01-04 09:15:00+05:30,224.85,228.05,220.0,223.65,235432
MBLINFRA,2016-01-05 09:15:00+05:30,224.9,228.5,217.05,218.1,378518
MBLINFRA,2016-01-06 09:15:00+05:30,220.75,223.85,218.0,218.65,151061
MBLINFRA,2016-01-07 09:15:00+05:30,216.0,216.95,206.1,208.55,77866
MBLINFRA,2016-01-08 09:15:00+05:30,209.0,217.8,209.0,215.8,83878
MBLINFRA,2016-01-11 09:15:00+05:30,215.0,215.0,210.1,213.45,33019
MBLINFRA,2016-01-12 09:16:00+05:30,216.0,221.7,212.25,214.25,57854
MBLINFRA,2016-01-13 09:15:00+05:30,217.85,218.0,199.0,205.45,90974
MBLINFRA,2016-01-14 09:15:00+05:30,204.0,204.0,195.5,200.3,40566
MBLINFRA,2016-01-15 09:15:00+05:30,203.9,203.9,187.0,192.5,49941
MBLINFRA,2016-01-18 09:15:00+05:30,178.0,187.0,162.6,165.2,245883
MBLINFRA,2016-01-19 09:15:00+05:30,166.1,176.3,162.65,171.1,153380
MBLINFRA,2016-01-20 09:15:00+05:30,168.0,169.35,157.0,159.5,113709
MBLINFRA,2016-01-21 09:15:00+05:30,162.7,171.0,162.0,165.15,272738
MBLINFRA,2016-01-22 09:15:00+05:30,171.5,174.6,168.5,171.85,49603
MBLINFRA,2016-01-25 09:15:00+05:30,176.0,183.8,171.85,173.35,94163
MBLINFRA,2016-01-27 09:15:00+05:30,177.85,177.85,166.6,170.0,32879
MBLINFRA,2016-01-28 09:19:00+05:30,168.0,170.6,164.3,165.2,66215
MBLINFRA,2016-01-29 09:15:00+05:30,168.45,168.45,160.0,162.85,67004
MBLINFRA,2016-02-01 09:16:00+05:30,164.95,169.4,163.8,167.85,30156
MBLINFRA,2016-02-02 09:20:00+05:30,167.1,169.0,162.0,163.4,48052
MBLINFRA,2016-02-03 09:15:00+05:30,162.0,163.2,157.8,159.45,39698
MBLINFRA,2016-02-04 09:15:00+05:30,163.0,163.2,156.5,157.05,19248
MBLINFRA,2016-02-05 09:15:00+05:30,157.0,159.9,153.0,154.7,54213
MBLINFRA,2016-02-08 09:15:00+05:30,158.85,160.0,155.25,156.85,32944
MBLINFRA,2016-02-09 09:17:00+05:30,155.6,156.25,150.0,150.8,27850
MBLINFRA,2016-02-10 09:15:00+05:30,150.8,150.8,141.5,144.85,255012
MBLINFRA,2016-02-11 09:16:00+05:30,144.85,145.8,126.0,131.8,63928
MBLINFRA,2016-02-12 09:16:00+05:30,134.95,134.95,120.0,124.05,80753
MBLINFRA,2016-02-15 09:15:00+05:30,130.15,144.45,130.15,140.6,114601
MBLINFRA,2016-02-16 09:15:00+05:30,144.0,148.5,131.25,135.9,66967
MBLINFRA,2016-02-17 09:15:00+05:30,138.9,139.8,132.05,136.1,45327
MBLINFRA,2016-02-18 09:15:00+05:30,142.0,144.6,135.65,138.5,45012
MBLINFRA,2016-02-19 09:15:00+05:30,136.15,139.5,136.15,137.45,20648
MBLINFRA,2016-02-22 09:15:00+05:30,139.0,140.0,133.2,135.05,39138
MBLINFRA,2016-02-23 09:16:00+05:30,136.0,137.4,130.0,130.4,30378
MBLINFRA,2016-02-24 09:15:00+05:30,130.0,130.0,122.6,123.7,52431
MBLINFRA,2016-02-25 09:15:00+05:30,125.0,126.3,118.5,120.5,37219
MBLINFRA,2016-02-26 09:15:00+05:30,122.95,123.9,118.0,119.65,24530
MBLINFRA,2016-02-29 09:16:00+05:30,120.2,124.5,115.2,116.3,97073
MBLINFRA,2016-03-01 09:16:00+05:30,119.5,130.0,118.0,127.25,85998
MBLINFRA,2016-03-02 09:15:00+05:30,128.1,138.8,128.1,134.8,77718
MBLINFRA,2016-03-03 09:15:00+05:30,134.2,141.0,134.1,136.65,43200
MBLINFRA,2016-03-04 09:16:00+05:30,136.7,141.25,131.4,137.75,63545
MBLINFRA,2016-03-08 09:17:00+05:30,135.1,141.15,135.1,136.65,41702
MBLINFRA,2016-03-09 09:15:00+05:30,137.0,140.5,132.0,138.95,33479
MBLINFRA,2016-03-10 09:15:00+05:30,143.75,144.0,137.2,139.7,31477
MBLINFRA,2016-03-11 09:26:00+05:30,139.95,140.9,136.25,137.55,17366
MBLINFRA,2016-03-14 09:15:00+05:30,135.55,141.0,135.55,136.8,24977
MBLINFRA,2016-03-15 09:15:00+05:30,136.85,139.9,132.1,133.85,24513
MBLINFRA,2016-03-16 09:17:00+05:30,134.3,140.3,128.65,132.25,514482
MBLINFRA,2016-03-17 09:15:00+05:30,132.9,140.75,132.85,137.6,506734
MBLINFRA,2016-03-18 09:16:00+05:30,135.5,140.3,135.5,137.95,241807
MBLINFRA,2016-03-21 09:16:00+05:30,139.45,154.0,137.5,151.95,330269
MBLINFRA,2016-03-22 09:15:00+05:30,151.9,157.95,148.1,153.55,241679
MBLINFRA,2016-03-23 09:15:00+05:30,153.55,161.8,152.25,159.6,71694
MBLINFRA,2016-03-28 09:15:00+05:30,161.95,164.8,153.0,153.7,90488
MBLINFRA,2016-03-29 09:16:00+05:30,156.9,156.9,148.0,151.8,94766
MBLINFRA,2016-03-30 09:15:00+05:30,154.0,163.0,153.05,154.3,57743
MBLINFRA,2016-03-31 09:18:00+05:30,152.0,155.0,151.55,152.55,26491
MBLINFRA,2016-04-01 09:15:00+05:30,153.0,155.0,152.1,154.0,28948
MBLINFRA,2016-04-04 09:15:00+05:30,165.7,167.85,154.1,156.2,861146
MBLINFRA,2016-04-05 09:15:00+05:30,158.5,165.45,153.05,154.15,688147
MBLINFRA,2016-04-06 09:16:00+05:30,155.6,164.0,153.4,156.15,551648
MBLINFRA,2016-04-07 09:15:00+05:30,157.0,159.5,155.75,156.6,241891
MBLINFRA,2016-04-08 09:15:00+05:30,156.6,157.9,154.55,155.2,94728
MBLINFRA,2016-04-11 09:15:00+05:30,155.25,159.7,153.5,154.45,211564
MBLINFRA,2016-04-12 09:15:00+05:30,155.0,157.5,154.0,154.35,221007
MBLINFRA,2016-04-13 09:15:00+05:30,156.7,158.2,155.1,156.25,155724
MBLINFRA,2016-04-18 09:15:00+05:30,158.45,158.45,154.15,155.1,144207
MBLINFRA,2016-04-20 09:15:00+05:30,155.35,156.9,154.0,154.6,178216
MBLINFRA,2016-04-21 09:15:00+05:30,156.5,156.5,148.3,151.8,103493
MBLINFRA,2016-04-22 09:15:00+05:30,152.0,152.0,144.7,145.5,163226
MBLINFRA,2016-04-25 09:15:00+05:30,145.95,147.95,142.5,143.4,96474
MBLINFRA,2016-04-26 09:15:00+05:30,144.0,147.85,142.8,146.15,64612
MBLINFRA,2016-04-27 09:15:00+05:30,147.8,148.9,146.0,148.15,51601
MBLINFRA,2016-04-28 09:15:00+05:30,148.9,148.9,141.35,143.75,74552
MBLINFRA,2016-04-29 09:16:00+05:30,144.5,144.5,139.0,141.05,81640
MBLINFRA,2016-05-02 09:15:00+05:30,141.2,143.45,139.1,142.55,27154
MBLINFRA,2016-05-03 09:16:00+05:30,142.15,147.2,142.15,145.35,109275
MBLINFRA,2016-05-04 09:15:00+05:30,145.35,146.65,143.0,143.5,49065
MBLINFRA,2016-05-05 09:20:00+05:30,143.6,144.85,140.7,141.5,35150
MBLINFRA,2016-05-06 09:16:00+05:30,140.2,140.8,135.5,136.3,89573
MBLINFRA,2016-05-09 09:16:00+05:30,139.35,139.35,136.8,137.1,51934
MBLINFRA,2016-05-10 09:17:00+05:30,137.1,137.4,135.0,135.3,51592
MBLINFRA,2016-05-11 09:15:00+05:30,133.95,133.95,130.0,130.45,118478
MBLINFRA,2016-05-12 09:17:00+05:30,130.9,131.9,129.2,131.0,86684
MBLINFRA,2016-05-13 09:15:00+05:30,131.5,131.5,124.25,125.85,80546
MBLINFRA,2016-05-16 09:15:00+05:30,125.5,134.7,125.2,132.45,88604
MBLINFRA,2016-05-17 09:15:00+05:30,134.0,134.0,128.6,130.1,66561
MBLINFRA,2016-05-18 09:15:00+05:30,129.0,132.8,126.25,130.75,29745
MBLINFRA,2016-05-19 09:15:00+05:30,132.5,133.4,128.4,132.4,77441
MBLINFRA,2016-05-20 09:15:00+05:30,132.0,133.8,128.0,128.75,157803
MBLINFRA,2016-05-23 09:16:00+05:30,128.8,131.7,125.5,126.3,118387
MBLINFRA,2016-05-24 09:19:00+05:30,126.5,128.65,122.2,123.75,87562
MBLINFRA,2016-05-25 09:16:00+05:30,126.85,128.75,125.0,127.7,52048
MBLINFRA,2016-05-26 09:16:00+05:30,128.0,130.4,127.5,128.25,77804
MBLINFRA,2016-05-27 09:21:00+05:30,129.4,136.0,128.35,132.5,141392
MBLINFRA,2016-05-30 09:15:00+05:30,133.75,134.85,132.1,133.3,68739
MBLINFRA,2016-05-31 09:15:00+05:30,134.0,134.0,124.55,125.5,108629
MBLINFRA,2016-06-01 09:15:00+05:30,125.55,127.5,122.8,123.7,90225
MBLINFRA,2016-06-02 09:15:00+05:30,124.7,124.9,121.2,121.5,64400
MBLINFRA,2016-06-03 09:16:00+05:30,122.0,125.8,121.0,121.35,103845
MBLINFRA,2016-06-06 09:16:00+05:30,123.6,123.6,119.35,119.7,36754
MBLINFRA,2016-06-07 09:15:00+05:30,119.25,123.0,118.05,119.0,122117
MBLINFRA,2016-06-08 09:15:00+05:30,121.9,124.4,118.7,120.05,538012
MBLINFRA,2016-06-09 09:18:00+05:30,121.5,125.9,120.2,121.55,290668
MBLINFRA,2016-06-10 09:15:00+05:30,122.15,123.45,121.0,122.15,102216
MBLINFRA,2016-06-13 09:15:00+05:30,121.75,121.75,119.05,119.55,120323
MBLINFRA,2016-06-14 09:18:00+05:30,121.1,122.0,117.8,118.45,332332
MBLINFRA,2016-06-15 09:16:00+05:30,119.15,121.0,116.0,117.0,414377
MBLINFRA,2016-06-16 09:15:00+05:30,118.95,119.85,114.55,116.65,211892
MBLINFRA,2016-06-17 09:15:00+05:30,118.7,118.95,112.65,115.75,481520
MBLINFRA,2016-06-20 09:15:00+05:30,115.75,120.0,114.85,117.35,427889
MBLINFRA,2016-06-21 09:17:00+05:30,117.65,118.2,115.25,116.95,273204
MBLINFRA,2016-06-22 09:15:00+05:30,118.8,118.8,114.55,115.05,95020
MBLINFRA,2016-06-23 09:15:00+05:30,115.05,115.3,106.45,110.9,442823
MBLINFRA,2016-06-24 09:15:00+05:30,107.0,110.0,104.1,109.2,198552
MBLINFRA,2016-06-27 09:15:00+05:30,110.75,121.8,107.95,118.5,595146
MBLINFRA,2016-06-28 09:15:00+05:30,119.5,119.5,114.4,117.05,372297
MBLINFRA,2016-06-29 09:15:00+05:30,118.0,120.0,117.25,117.85,229175
MBLINFRA,2016-06-30 09:16:00+05:30,118.9,121.8,117.1,120.4,266160
MBLINFRA,2016-07-01 09:15:00+05:30,121.6,124.8,120.9,121.25,310653
MBLINFRA,2016-07-04 09:15:00+05:30,122.9,128.85,120.55,125.55,403539
MBLINFRA,2016-07-05 09:15:00+05:30,126.6,137.8,124.45,132.4,701003
MBLINFRA,2016-07-07 09:15:00+05:30,133.05,139.9,133.05,138.4,660101
MBLINFRA,2016-07-08 09:15:00+05:30,137.9,141.0,136.5,139.7,311177
MBLINFRA,2016-07-11 09:15:00+05:30,141.05,145.0,141.05,144.7,247826
MBLINFRA,2016-07-12 09:15:00+05:30,145.0,147.5,142.65,143.6,369787
MBLINFRA,2016-07-13 09:15:00+05:30,143.6,145.4,137.0,140.35,222424
MBLINFRA,2016-07-14 09:16:00+05:30,140.2,144.75,139.3,142.1,260871
MBLINFRA,2016-07-15 09:16:00+05:30,141.2,146.9,139.25,144.5,572949
MBLINFRA,2016-07-18 09:15:00+05:30,146.4,146.4,141.0,142.3,221735
MBLINFRA,2016-07-19 09:16:00+05:30,144.4,144.4,136.65,137.7,145737
MBLINFRA,2016-07-20 09:16:00+05:30,137.1,140.3,137.1,139.2,79757
MBLINFRA,2016-07-21 09:15:00+05:30,140.15,141.5,136.05,136.6,228042
MBLINFRA,2016-07-22 09:15:00+05:30,136.0,144.5,136.0,141.1,219451
MBLINFRA,2016-07-25 09:15:00+05:30,141.0,142.0,138.25,138.85,159119
MBLINFRA,2016-07-26 09:15:00+05:30,139.0,140.45,135.0,135.7,114326
MBLINFRA,2016-07-27 09:15:00+05:30,135.8,137.7,134.55,135.25,109979
MBLINFRA,2016-07-28 09:16:00+05:30,135.8,137.0,134.65,135.3,37210
MBLINFRA,2016-07-29 09:16:00+05:30,134.15,136.0,133.35,135.2,53463
MBLINFRA,2016-08-01 09:17:00+05:30,134.65,136.45,132.0,132.4,67517
MBLINFRA,2016-08-02 09:15:00+05:30,132.0,132.75,127.0,128.0,371060
MBLINFRA,2016-08-03 09:16:00+05:30,127.4,127.95,122.7,123.0,159458
MBLINFRA,2016-08-04 09:15:00+05:30,122.85,122.85,119.55,120.3,225308
MBLINFRA,2016-08-05 09:15:00+05:30,120.5,125.95,120.5,123.8,93722
MBLINFRA,2016-08-08 09:15:00+05:30,124.55,126.8,123.6,124.2,83896
MBLINFRA,2016-08-09 09:18:00+05:30,124.15,126.7,121.0,122.75,778315
MBLINFRA,2016-08-10 09:15:00+05:30,123.6,127.8,123.6,125.95,311121
MBLINFRA,2016-08-11 09:15:00+05:30,126.4,128.15,123.75,127.05,167015
MBLINFRA,2016-08-12 09:15:00+05:30,127.3,128.75,124.15,125.1,81628
MBLINFRA,2016-08-16 09:15:00+05:30,124.0,127.0,115.6,119.2,196585
MBLINFRA,2016-08-17 09:15:00+05:30,119.75,124.0,119.0,123.4,300914
MBLINFRA,2016-08-18 09:17:00+05:30,123.4,123.5,119.6,120.2,98653
MBLINFRA,2016-08-19 09:15:00+05:30,119.85,121.45,115.4,116.0,325318
MBLINFRA,2016-08-22 09:15:00+05:30,117.5,118.5,112.8,116.95,223816
MBLINFRA,2016-08-23 09:15:00+05:30,117.9,118.0,116.1,116.95,125984
MBLINFRA,2016-08-24 09:15:00+05:30,117.05,117.9,114.0,114.95,218556
MBLINFRA,2016-08-25 09:15:00+05:30,115.45,117.3,114.85,115.2,244785
MBLINFRA,2016-08-26 09:15:00+05:30,116.7,116.75,113.8,114.3,168207
MBLINFRA,2016-08-29 09:15:00+05:30,114.0,115.15,102.5,105.35,466575
MBLINFRA,2016-08-30 09:15:00+05:30,106.0,106.7,95.8,96.7,1012041
MBLINFRA,2016-08-31 09:15:00+05:30,98.45,98.5,77.4,77.4,1481907
MBLINFRA,2016-09-01 09:15:00+05:30,69.7,69.7,69.7,69.7,159607
MBLINFRA,2016-09-02 09:15:00+05:30,62.75,62.75,62.75,62.75,747282
MBLINFRA,2016-09-06 09:15:00+05:30,62.1,69.0,62.1,69.0,1446942
MBLINFRA,2016-09-07 09:15:00+05:30,75.9,75.9,75.9,75.9,139300
MBLINFRA,2016-09-08 09:15:00+05:30,83.45,83.45,80.0,83.45,1574580
MBLINFRA,2016-09-09 09:15:00+05:30,90.9,91.75,88.0,91.6,3437942
MBLINFRA,2016-09-12 09:15:00+05:30,88.6,96.15,87.65,96.15,1511736
MBLINFRA,2016-09-14 09:15:00+05:30,100.3,100.95,100.0,100.95,157805
MBLINFRA,2016-09-15 09:15:00+05:30,105.95,105.95,105.95,105.95,28802
MBLINFRA,2016-09-16 09:15:00+05:30,111.2,111.2,111.2,111.2,36528
MBLINFRA,2016-09-19 09:15:00+05:30,116.75,116.75,116.75,116.75,104833
MBLINFRA,2016-09-20 09:15:00+05:30,122.55,122.55,112.5,116.1,3021521
MBLINFRA,2016-09-21 09:15:00+05:30,117.85,118.0,112.05,112.45,535028
MBLINFRA,2016-09-22 09:15:00+05:30,114.75,115.5,107.05,109.05,532288
MBLINFRA,2016-09-23 09:15:00+05:30,111.9,111.9,106.0,107.85,365120
MBLINFRA,2016-09-26 09:15:00+05:30,107.85,107.85,102.6,102.85,401511
MBLINFRA,2016-09-27 09:15:00+05:30,104.0,104.65,97.75,97.75,625455
MBLINFRA,2016-09-28 09:15:00+05:30,98.0,102.6,96.0,102.6,591998
MBLINFRA,2016-09-29 09:15:00+05:30,107.7,107.7,97.5,98.05,1273576
MBLINFRA,2016-09-30 09:15:00+05:30,101.0,102.95,98.5,102.95,412803
MBLINFRA,2016-10-03 09:15:00+05:30,104.5,108.05,104.45,108.05,267077
MBLINFRA,2016-10-04 09:15:00+05:30,111.3,113.45,111.25,113.45,501691
MBLINFRA,2016-10-05 09:15:00+05:30,116.8,119.0,110.55,114.75,478669
MBLINFRA,2016-10-06 09:15:00+05:30,115.0,117.1,110.5,111.3,302690
MBLINFRA,2016-10-07 09:15:00+05:30,112.6,112.6,107.1,108.35,204025
MBLINFRA,2016-10-10 09:15:00+05:30,109.15,113.75,109.15,113.15,837731
MBLINFRA,2016-10-13 09:15:00+05:30,111.7,111.7,107.5,108.15,236208
MBLINFRA,2016-10-14 09:15:00+05:30,109.0,110.75,104.85,107.7,304452
MBLINFRA,2016-10-17 09:16:00+05:30,105.2,109.8,104.5,105.15,170449
MBLINFRA,2016-10-18 09:15:00+05:30,107.05,108.75,105.2,106.5,153175
MBLINFRA,2016-10-19 09:15:00+05:30,107.0,108.75,105.6,106.25,150474
MBLINFRA,2016-10-20 09:15:00+05:30,107.4,108.25,105.55,106.0,118906
MBLINFRA,2016-10-21 09:15:00+05:30,106.0,107.35,104.1,105.0,185432
MBLINFRA,2016-10-24 09:15:00+05:30,106.95,106.95,102.35,103.45,210340
MBLINFRA,2016-10-25 09:15:00+05:30,104.0,104.5,101.25,101.95,154566
MBLINFRA,2016-10-26 09:15:00+05:30,101.9,105.8,100.2,105.0,202282
MBLINFRA,2016-10-27 09:15:00+05:30,104.9,107.6,103.1,103.9,154176
MBLINFRA,2016-10-28 09:15:00+05:30,105.0,105.5,103.5,104.95,117890
MBLINFRA,2016-11-01 09:15:00+05:30,105.2,105.9,104.0,104.75,81162
MBLINFRA,2016-11-02 09:15:00+05:30,103.0,103.3,100.5,101.95,121449
MBLINFRA,2016-11-03 09:15:00+05:30,101.5,102.95,98.4,99.2,117927
MBLINFRA,2016-11-04 09:15:00+05:30,99.0,100.5,95.5,98.65,571199
MBLINFRA,2016-11-07 09:15:00+05:30,100.95,103.4,97.0,98.45,329639
MBLINFRA,2016-11-08 09:15:00+05:30,99.7,99.9,96.1,97.05,115449
MBLINFRA,2016-11-09 09:15:00+05:30,87.35,92.6,87.35,91.55,274526
MBLINFRA,2016-11-10 09:15:00+05:30,94.55,100.7,94.5,97.35,221123
MBLINFRA,2016-11-11 09:15:00+05:30,96.0,96.0,93.25,94.35,89222
MBLINFRA,2016-11-15 09:15:00+05:30,93.25,93.25,85.2,87.3,122479
MBLINFRA,2016-11-16 09:15:00+05:30,90.1,90.1,84.5,87.1,185324
MBLINFRA,2016-11-17 09:15:00+05:30,85.05,87.5,80.05,80.8,325688
MBLINFRA,2016-11-18 09:15:00+05:30,82.0,82.4,78.1,79.75,189182
MBLINFRA,2016-11-21 09:15:00+05:30,80.9,84.5,71.8,71.9,527336
MBLINFRA,2016-11-22 09:15:00+05:30,72.9,74.5,70.3,70.95,187368
MBLINFRA,2016-11-23 09:15:00+05:30,72.0,74.45,70.75,74.45,177483
MBLINFRA,2016-11-24 09:15:00+05:30,75.9,78.15,73.1,78.15,648431
MBLINFRA,2016-11-25 09:15:00+05:30,79.0,82.05,78.5,81.3,497570
MBLINFRA,2016-11-28 09:15:00+05:30,82.4,85.35,80.1,85.1,353182
MBLINFRA,2016-11-29 09:15:00+05:30,87.0,89.35,86.05,87.35,305607
MBLINFRA,2016-11-30 09:15:00+05:30,87.8,89.0,83.0,84.6,199274
MBLINFRA,2016-12-01 09:15:00+05:30,84.6,87.7,81.5,83.3,231247
MBLINFRA,2016-12-02 09:15:00+05:30,82.8,82.8,79.5,79.95,147685
MBLINFRA,2016-12-05 09:16:00+05:30,80.1,81.0,76.0,76.15,255956
MBLINFRA,2016-12-06 09:15:00+05:30,76.0,77.55,74.8,75.55,376860
MBLINFRA,2016-12-07 09:15:00+05:30,75.25,77.4,74.0,75.05,188333
MBLINFRA,2016-12-08 09:17:00+05:30,76.95,77.2,75.2,75.85,217599
MBLINFRA,2016-12-09 09:15:00+05:30,76.5,79.6,76.25,79.6,271698
MBLINFRA,2016-12-12 09:15:00+05:30,82.2,82.95,80.1,80.55,256875
MBLINFRA,2016-12-13 09:15:00+05:30,80.55,83.35,80.55,81.95,225210
MBLINFRA,2016-12-14 09:15:00+05:30,82.8,82.85,77.9,77.9,397173
MBLINFRA,2016-12-15 09:15:00+05:30,74.05,74.05,74.05,74.05,44105
MBLINFRA,2016-12-16 09:15:00+05:30,70.35,70.35,70.35,70.35,47281
MBLINFRA,2016-12-19 09:15:00+05:30,66.85,66.85,66.85,66.85,32524
MBLINFRA,2016-12-20 09:15:00+05:30,63.55,63.55,63.55,63.55,109685
MBLINFRA,2016-12-21 09:15:00+05:30,60.4,60.4,60.4,60.4,78724
MBLINFRA,2016-12-22 09:15:00+05:30,57.4,57.4,57.4,57.4,70121
MBLINFRA,2016-12-23 09:15:00+05:30,54.55,54.55,54.55,54.55,240112
MBLINFRA,2016-12-26 09:15:00+05:30,51.85,56.4,51.85,51.85,2122413
MBLINFRA,2016-12-27 09:15:00+05:30,49.3,49.3,49.3,49.3,85614
MBLINFRA,2016-12-28 09:15:00+05:30,46.85,46.85,46.85,46.85,66557
MBLINFRA,2016-12-29 09:15:00+05:30,44.55,44.55,44.55,44.55,57737
MBLINFRA,2016-12-30 09:15:00+05:30,42.35,42.35,42.35,42.35,154426
MBLINFRA,2017-01-02 09:15:00+05:30,40.25,40.25,40.25,40.25,159750
MBLINFRA,2017-01-03 09:15:00+05:30,38.25,38.25,38.25,38.25,110873
MBLINFRA,2017-01-04 09:15:00+05:30,36.35,36.35,36.35,36.35,179699
MBLINFRA,2017-01-05 09:15:00+05:30,34.55,38.15,34.55,38.15,6532539
MBLINFRA,2017-01-06 09:15:00+05:30,40.05,40.05,40.05,40.05,19639
MBLINFRA,2017-01-09 09:15:00+05:30,42.05,42.05,40.55,42.05,1402082
MBLINFRA,2017-01-10 09:15:00+05:30,43.5,44.15,43.0,44.15,1160696
MBLINFRA,2017-01-11 09:56:00+05:30,45.2,46.35,42.35,46.35,5036338
MBLINFRA,2017-01-12 09:15:00+05:30,47.6,48.65,46.7,48.65,1191268
MBLINFRA,2017-01-13 09:15:00+05:30,50.7,51.05,49.75,51.05,1006253
MBLINFRA,2017-01-16 09:15:00+05:30,52.65,53.6,52.6,53.6,259560
MBLINFRA,2017-01-17 09:15:00+05:30,56.25,56.25,56.25,56.25,100728
MBLINFRA,2017-01-18 09:15:00+05:30,59.05,59.05,56.55,59.05,1481667
MBLINFRA,2017-01-19 09:15:00+05:30,62.0,62.0,56.1,56.1,2953698
MBLINFRA,2017-01-20 09:15:00+05:30,54.1,54.95,53.3,53.3,907560
MBLINFRA,2017-01-23 09:15:00+05:30,52.05,54.4,50.65,50.8,1246698
MBLINFRA,2017-01-24 09:15:00+05:30,51.45,53.3,49.05,53.3,1119236
MBLINFRA,2017-01-25 09:15:00+05:30,55.4,55.95,54.4,55.75,1541170
MBLINFRA,2017-01-27 09:15:00+05:30,56.3,56.3,53.0,53.0,771144
MBLINFRA,2017-01-30 09:15:00+05:30,51.45,51.9,50.35,50.35,549778
MBLINFRA,2017-01-31 09:15:00+05:30,50.85,50.9,48.55,49.5,533142
MBLINFRA,2017-02-01 09:15:00+05:30,49.85,50.9,48.7,50.0,406972
MBLINFRA,2017-02-02 09:15:00+05:30,50.45,51.65,49.25,49.65,400923
MBLINFRA,2017-02-03 09:15:00+05:30,50.45,50.9,49.0,49.25,244035
MBLINFRA,2017-02-06 09:15:00+05:30,49.7,50.5,47.65,47.95,419819
MBLINFRA,2017-02-07 09:15:00+05:30,48.4,50.55,47.45,49.8,477640
MBLINFRA,2017-02-08 09:15:00+05:30,50.7,51.75,49.5,49.95,474099
MBLINFRA,2017-02-09 09:15:00+05:30,50.45,50.75,49.0,49.8,261285
MBLINFRA,2017-02-10 09:15:00+05:30,53.95,54.75,52.6,54.75,2215893
MBLINFRA,2017-02-13 09:15:00+05:30,55.95,55.95,52.05,54.2,833940
MBLINFRA,2017-02-14 09:15:00+05:30,54.2,54.95,52.0,52.3,313068
MBLINFRA,2017-02-15 09:15:00+05:30,52.1,52.15,49.6,49.9,292420
MBLINFRA,2017-02-16 09:15:00+05:30,50.0,51.45,48.9,50.6,316148
MBLINFRA,2017-02-17 09:15:00+05:30,50.8,51.4,50.15,50.55,187884
MBLINFRA,2017-02-20 09:15:00+05:30,50.95,50.95,49.45,49.85,258908
MBLINFRA,2017-02-21 09:15:00+05:30,49.8,50.65,49.35,49.5,237969
MBLINFRA,2017-02-22 09:15:00+05:30,49.7,50.2,49.15,49.35,337648
MBLINFRA,2017-02-23 09:15:00+05:30,49.0,49.8,49.0,49.3,118409
MBLINFRA,2017-02-27 09:15:00+05:30,49.5,49.5,47.2,47.55,353362
MBLINFRA,2017-02-28 09:15:00+05:30,48.4,49.9,47.05,49.1,242637
MBLINFRA,2017-03-01 09:15:00+05:30,48.95,50.0,48.15,48.55,172991
MBLINFRA,2017-03-02 09:15:00+05:30,49.0,49.3,45.65,46.6,280513
MBLINFRA,2017-03-03 09:15:00+05:30,46.55,46.85,45.6,46.15,297903
MBLINFRA,2017-03-06 09:15:00+05:30,46.35,46.95,45.35,45.65,171403
MBLINFRA,2017-03-07 09:15:00+05:30,45.8,45.95,44.2,44.5,180522
MBLINFRA,2017-03-08 09:15:00+05:30,44.5,44.95,43.1,44.45,193689
MBLINFRA,2017-03-09 09:16:00+05:30,44.45,44.95,43.8,44.05,175920
MBLINFRA,2017-03-10 09:15:00+05:30,44.7,44.85,44.05,44.45,116491
MBLINFRA,2017-03-14 09:15:00+05:30,45.2,46.2,44.2,44.4,194230
MBLINFRA,2017-03-15 09:15:00+05:30,44.25,45.45,44.1,45.05,220953
MBLINFRA,2017-03-16 09:15:00+05:30,45.25,49.55,44.8,49.55,789646
MBLINFRA,2017-03-17 09:15:00+05:30,51.1,53.7,50.05,51.4,1238885
MBLINFRA,2017-03-20 09:15:00+05:30,51.6,51.9,49.05,49.8,287990
MBLINFRA,2017-03-21 09:15:00+05:30,50.1,51.5,47.55,48.25,388165
MBLINFRA,2017-03-22 09:15:00+05:30,48.0,49.7,46.8,48.0,336727
MBLINFRA,2017-03-23 09:15:00+05:30,48.1,49.45,48.1,48.9,300381
MBLINFRA,2017-03-24 09:15:00+05:30,49.0,49.55,48.05,48.5,167957
MBLINFRA,2017-03-27 09:15:00+05:30,48.45,49.5,48.15,48.6,175088
MBLINFRA,2017-03-28 09:15:00+05:30,50.0,50.0,48.0,48.1,175208
MBLINFRA,2017-03-29 09:15:00+05:30,48.9,49.5,46.0,46.35,217573
MBLINFRA,2017-03-30 09:15:00+05:30,47.0,47.5,46.1,46.25,161778
MBLINFRA,2017-03-31 09:19:00+05:30,46.45,47.15,44.55,45.1,512278
MBLINFRA,2017-04-03 09:15:00+05:30,44.1,44.95,40.6,41.4,2930734
MBLINFRA,2017-04-05 09:15:00+05:30,41.9,45.5,41.9,45.5,709284
MBLINFRA,2017-04-06 09:15:00+05:30,46.7,47.55,44.2,44.85,889400
MBLINFRA,2017-04-07 09:15:00+05:30,44.45,46.4,44.2,44.6,401390
MBLINFRA,2017-04-10 09:15:00+05:30,44.6,45.65,44.0,45.15,296414
MBLINFRA,2017-04-11 09:15:00+05:30,45.55,45.6,42.9,43.1,635392
MBLINFRA,2017-04-12 09:15:00+05:30,43.2,43.8,41.3,41.5,488982
MBLINFRA,2017-04-13 09:16:00+05:30,42.3,42.3,40.0,40.5,626982
MBLINFRA,2017-04-17 09:15:00+05:30,40.5,41.0,39.8,40.0,473624
MBLINFRA,2017-04-18 09:15:00+05:30,40.5,45.0,39.7,41.65,1199074
MBLINFRA,2017-04-19 09:15:00+05:30,41.95,42.95,41.1,42.25,391272
MBLINFRA,2017-04-20 09:15:00+05:30,42.95,44.2,42.3,43.25,420140
MBLINFRA,2017-04-21 09:15:00+05:30,43.45,43.7,42.15,42.65,306736
MBLINFRA,2017-04-24 09:15:00+05:30,43.1,43.35,42.15,42.5,254956
MBLINFRA,2017-04-25 09:15:00+05:30,43.1,44.0,42.3,42.5,488782
MBLINFRA,2017-04-26 09:15:00+05:30,42.6,42.95,40.7,41.25,280159
MBLINFRA,2017-04-27 09:15:00+05:30,41.85,41.85,40.75,41.05,153018
MBLINFRA,2017-04-28 09:15:00+05:30,41.4,41.65,41.0,41.25,178713
MBLINFRA,2017-05-02 09:15:00+05:30,41.85,42.0,40.65,41.0,237442
MBLINFRA,2017-05-03 09:15:00+05:30,41.4,41.5,40.5,40.65,181880
MBLINFRA,2017-05-04 09:15:00+05:30,41.15,41.15,40.0,40.15,186708
MBLINFRA,2017-05-05 09:15:00+05:30,41.65,41.65,39.5,40.1,204204
MBLINFRA,2017-05-08 09:15:00+05:30,40.75,41.0,39.85,40.25,153677
MBLINFRA,2017-05-09 09:15:00+05:30,40.75,41.9,40.3,41.05,311210
MBLINFRA,2017-05-10 09:15:00+05:30,41.55,42.25,41.1,41.5,225578
MBLINFRA,2017-05-11 09:15:00+05:30,42.0,42.5,41.3,42.15,315791
MBLINFRA,2017-05-12 09:15:00+05:30,42.15,42.5,42.0,42.15,149657
MBLINFRA,2017-05-15 09:15:00+05:30,42.15,42.65,39.6,40.05,251809
MBLINFRA,2017-05-16 09:16:00+05:30,39.75,40.55,39.1,39.25,295289
MBLINFRA,2017-05-17 09:15:00+05:30,39.0,39.95,38.25,38.7,275382
MBLINFRA,2017-05-18 09:15:00+05:30,39.35,39.35,37.9,38.05,149481
MBLINFRA,2017-05-19 09:15:00+05:30,38.25,38.9,36.8,37.15,208015
MBLINFRA,2017-05-22 09:15:00+05:30,37.75,37.95,32.4,33.55,1017519
MBLINFRA,2017-05-23 09:15:00+05:30,33.5,34.4,32.05,32.7,333249
MBLINFRA,2017-05-24 09:16:00+05:30,32.1,34.0,32.1,32.5,233123
MBLINFRA,2017-05-25 09:16:00+05:30,32.6,32.9,29.55,29.9,726598
MBLINFRA,2017-05-26 09:15:00+05:30,29.6,29.95,25.65,25.8,2063673
MBLINFRA,2017-05-29 09:15:00+05:30,25.75,25.8,23.25,23.9,1400626
MBLINFRA,2017-05-30 09:15:00+05:30,26.0,26.25,24.7,26.25,1822503
MBLINFRA,2017-05-31 09:15:00+05:30,27.5,27.5,24.1,25.0,1371123
MBLINFRA,2017-06-01 09:15:00+05:30,25.6,26.3,25.0,25.3,435401
MBLINFRA,2017-06-02 09:15:00+05:30,25.75,27.0,25.0,26.4,701091
MBLINFRA,2017-06-05 09:15:00+05:30,26.9,29.0,26.6,29.0,1401088
MBLINFRA,2017-06-06 09:15:00+05:30,30.2,31.9,29.5,31.9,2139333
MBLINFRA,2017-06-07 09:15:00+05:30,32.5,35.05,32.0,35.05,1577783
MBLINFRA,2017-06-08 09:15:00+05:30,36.5,36.8,36.5,36.8,243463
MBLINFRA,2017-06-09 09:15:00+05:30,38.6,38.6,35.25,36.05,2901854
MBLINFRA,2017-06-12 09:15:00+05:30,35.8,35.8,34.25,34.25,257237
MBLINFRA,2017-06-13 09:15:00+05:30,32.55,32.55,32.55,32.55,61781
MBLINFRA,2017-06-14 09:15:00+05:30,31.55,34.0,30.95,30.95,1771022
MBLINFRA,2017-06-15 09:15:00+05:30,30.25,30.9,29.45,29.65,593362
MBLINFRA,2017-06-16 09:15:00+05:30,30.4,31.1,28.3,28.6,1191190
MBLINFRA,2017-06-19 09:15:00+05:30,28.6,29.3,27.2,27.3,602620
MBLINFRA,2017-06-20 09:15:00+05:30,27.1,28.65,27.1,28.65,774897
MBLINFRA,2017-06-21 09:15:00+05:30,29.45,30.05,28.9,30.05,513740
MBLINFRA,2017-06-22 09:15:00+05:30,30.8,31.55,29.1,29.45,1079008
MBLINFRA,2017-06-23 09:15:00+05:30,29.9,30.5,28.0,28.0,627465
MBLINFRA,2017-06-27 09:16:00+05:30,27.9,28.9,26.7,27.15,452033
MBLINFRA,2017-06-28 09:15:00+05:30,26.55,28.45,26.25,27.75,352393
MBLINFRA,2017-06-29 09:15:00+05:30,28.7,28.7,26.85,27.25,207027
MBLINFRA,2017-06-30 09:15:00+05:30,27.2,27.5,26.6,27.0,300330
MBLINFRA,2017-07-03 09:15:00+05:30,27.8,28.35,27.3,28.35,411410
MBLINFRA,2017-07-04 09:15:00+05:30,29.75,29.75,29.2,29.75,742369
MBLINFRA,2017-07-05 09:15:00+05:30,30.8,30.9,29.5,29.8,488043
MBLINFRA,2017-07-06 09:15:00+05:30,29.8,30.25,29.25,29.65,254998
MBLINFRA,2017-07-07 09:15:00+05:30,29.2,30.0,29.2,29.5,183932
MBLINFRA,2017-07-10 11:16:00+05:30,29.5,30.25,29.2,30.1,96231
MBLINFRA,2017-07-11 09:15:00+05:30,30.3,30.45,29.7,29.85,172174
MBLINFRA,2017-07-12 09:15:00+05:30,30.25,30.25,28.75,28.85,309257
MBLINFRA,2017-07-13 09:15:00+05:30,29.0,29.5,28.5,28.75,335645
MBLINFRA,2017-07-14 09:15:00+05:30,28.8,28.8,28.1,28.3,167327
MBLINFRA,2017-07-17 09:18:00+05:30,28.5,29.2,27.9,28.1,241579
MBLINFRA,2017-07-18 09:15:00+05:30,28.0,28.3,27.65,27.8,221585
MBLINFRA,2017-07-19 09:16:00+05:30,28.15,28.15,27.35,27.6,212620
MBLINFRA,2017-07-20 09:16:00+05:30,27.8,27.95,27.25,27.45,151712
MBLINFRA,2017-07-21 09:15:00+05:30,27.45,27.8,26.9,26.95,319324
MBLINFRA,2017-07-24 09:15:00+05:30,27.25,27.9,27.0,27.45,1143137
MBLINFRA,2017-07-25 09:15:00+05:30,28.1,28.25,26.95,27.45,498008
MBLINFRA,2017-07-26 09:15:00+05:30,28.3,28.8,28.3,28.8,456987
MBLINFRA,2017-07-27 09:15:00+05:30,29.0,29.4,27.4,27.5,714930
MBLINFRA,2017-07-28 09:15:00+05:30,27.2,27.55,27.0,27.2,141026
MBLINFRA,2017-07-31 09:15:00+05:30,27.1,27.4,25.85,26.15,458177
MBLINFRA,2017-08-01 09:15:00+05:30,26.15,26.5,25.95,26.25,170385
MBLINFRA,2017-08-02 09:16:00+05:30,26.25,26.4,25.8,25.95,150815
MBLINFRA,2017-08-03 09:15:00+05:30,25.8,26.35,25.1,25.3,266052
MBLINFRA,2017-08-04 09:15:00+05:30,25.65,25.8,24.55,24.8,357832
MBLINFRA,2017-08-07 09:15:00+05:30,24.35,24.4,23.4,23.55,582530
MBLINFRA,2017-08-08 09:15:00+05:30,24.4,24.45,21.2,22.25,1155867
MBLINFRA,2017-08-09 09:15:00+05:30,22.7,22.95,20.9,21.65,547107
MBLINFRA,2017-08-10 09:15:00+05:30,22.9,23.8,21.85,23.8,364963
MBLINFRA,2017-08-11 09:15:00+05:30,24.0,25.6,22.2,25.1,810146
MBLINFRA,2017-08-14 09:15:00+05:30,24.65,25.1,22.6,22.85,611062
MBLINFRA,2017-08-16 09:15:00+05:30,23.35,25.0,22.6,24.15,822456
MBLINFRA,2017-08-17 09:15:00+05:30,24.85,24.85,23.6,23.75,182051
MBLINFRA,2017-08-18 09:15:00+05:30,22.2,23.6,22.2,23.1,143004
MBLINFRA,2017-08-21 09:15:00+05:30,24.25,24.3,22.8,23.0,138865
MBLINFRA,2017-08-22 09:15:00+05:30,23.25,23.4,22.5,22.55,112411
MBLINFRA,2017-08-23 09:15:00+05:30,22.6,23.05,22.45,22.55,85913
MBLINFRA,2017-08-24 09:17:00+05:30,22.8,23.4,22.05,22.4,210989
MBLINFRA,2017-08-28 09:16:00+05:30,22.85,24.6,22.0,23.65,566837
MBLINFRA,2017-08-29 09:17:00+05:30,23.55,24.5,23.2,24.25,218918
MBLINFRA,2017-08-30 09:16:00+05:30,24.4,24.5,23.6,23.95,122304
MBLINFRA,2017-08-31 09:18:00+05:30,24.0,24.4,23.7,23.85,87924
MBLINFRA,2017-09-01 09:15:00+05:30,24.35,24.35,23.7,23.95,110139
MBLINFRA,2017-09-04 09:15:00+05:30,24.2,24.3,23.3,23.75,112650
MBLINFRA,2017-09-05 09:15:00+05:30,23.75,24.0,23.15,23.45,96825
MBLINFRA,2017-09-06 09:17:00+05:30,23.75,23.75,23.0,23.2,155006
MBLINFRA,2017-09-07 09:15:00+05:30,23.3,23.5,22.6,22.75,242063
MBLINFRA,2017-09-08 09:16:00+05:30,22.75,23.15,21.95,22.3,314709
MBLINFRA,2017-09-11 09:16:00+05:30,22.55,23.0,22.1,22.45,200167
MBLINFRA,2017-09-12 09:16:00+05:30,22.25,22.8,22.2,22.45,116174
MBLINFRA,2017-09-13 09:16:00+05:30,22.25,22.65,22.05,22.15,151570
MBLINFRA,2017-09-14 09:15:00+05:30,23.4,23.4,22.15,22.5,178374
MBLINFRA,2017-09-15 09:15:00+05:30,22.5,22.9,22.0,22.2,238997
MBLINFRA,2017-09-18 09:16:00+05:30,22.75,22.75,21.55,22.15,166419
MBLINFRA,2017-09-19 09:19:00+05:30,22.35,23.3,22.05,23.1,311647
MBLINFRA,2017-09-20 09:15:00+05:30,23.0,25.4,22.75,25.4,1386561
MBLINFRA,2017-09-21 09:15:00+05:30,25.85,26.3,23.5,23.8,645892
MBLINFRA,2017-09-22 09:15:00+05:30,23.95,23.95,22.3,23.0,278709
MBLINFRA,2017-09-25 09:19:00+05:30,22.55,22.95,21.8,22.35,142265
MBLINFRA,2017-09-26 09:19:00+05:30,22.2,22.8,22.05,22.55,110804
MBLINFRA,2017-09-27 09:15:00+05:30,22.35,22.7,22.0,22.05,159370
MBLINFRA,2017-09-28 09:15:00+05:30,21.9,22.3,21.7,22.05,123223
MBLINFRA,2017-09-29 09:15:00+05:30,22.1,23.2,21.85,22.0,142722
MBLINFRA,2017-10-03 09:15:00+05:30,22.05,22.5,21.95,22.1,120388
MBLINFRA,2017-10-04 09:16:00+05:30,21.5,22.4,21.5,21.9,114752
MBLINFRA,2017-10-05 09:15:00+05:30,22.3,22.3,21.6,21.85,122963
MBLINFRA,2017-10-06 09:17:00+05:30,22.0,22.3,21.5,22.05,123463
MBLINFRA,2017-10-09 09:15:00+05:30,22.7,26.45,21.85,24.95,1488437
MBLINFRA,2017-10-10 09:15:00+05:30,25.4,29.9,24.5,28.55,4324909
MBLINFRA,2017-10-11 09:15:00+05:30,29.0,30.25,25.8,26.65,1360227
MBLINFRA,2017-10-12 09:15:00+05:30,26.95,28.0,25.95,26.2,494526
MBLINFRA,2017-10-13 09:15:00+05:30,26.55,26.6,25.25,26.05,260130
MBLINFRA,2017-10-16 09:15:00+05:30,26.95,28.0,26.95,27.7,708160
MBLINFRA,2017-10-17 09:15:00+05:30,27.5,28.8,27.05,27.8,625834
MBLINFRA,2017-10-18 09:15:00+05:30,27.6,28.05,27.1,27.35,220811
MBLINFRA,2017-10-23 09:15:00+05:30,28.0,28.25,26.1,26.8,261581
MBLINFRA,2017-10-24 09:15:00+05:30,27.4,27.4,25.6,26.5,301815
MBLINFRA,2017-10-25 09:15:00+05:30,27.25,28.4,27.0,27.85,676243
MBLINFRA,2017-10-26 09:17:00+05:30,26.55,27.7,26.5,26.65,203987
MBLINFRA,2017-10-27 09:16:00+05:30,27.0,27.9,25.8,26.75,172203
MBLINFRA,2017-10-30 09:15:00+05:30,27.9,27.9,25.6,26.3,107594
MBLINFRA,2017-10-31 09:15:00+05:30,27.25,27.25,26.0,26.8,110099
MBLINFRA,2017-11-01 09:15:00+05:30,26.9,27.15,26.0,26.15,116941
MBLINFRA,2017-11-02 09:16:00+05:30,26.05,27.0,26.0,26.3,86844
MBLINFRA,2017-11-03 09:16:00+05:30,26.75,26.8,26.0,26.1,150058
MBLINFRA,2017-11-06 09:15:00+05:30,25.9,25.9,24.8,24.8,168507
MBLINFRA,2017-11-07 09:15:00+05:30,23.6,24.35,23.6,23.95,226911
MBLINFRA,2017-11-08 09:16:00+05:30,22.8,24.6,22.8,24.15,53323
MBLINFRA,2017-11-09 09:18:00+05:30,24.5,24.5,23.0,24.0,91307
MBLINFRA,2017-11-10 09:15:00+05:30,24.0,24.55,23.1,24.4,87438
MBLINFRA,2017-11-13 09:15:00+05:30,23.5,24.2,23.2,23.55,114309
MBLINFRA,2017-11-14 09:15:00+05:30,23.9,23.9,22.5,22.85,83762
MBLINFRA,2017-11-15 09:20:00+05:30,23.0,23.45,21.95,22.1,106336
MBLINFRA,2017-11-16 09:17:00+05:30,22.6,22.95,21.5,22.35,49803
MBLINFRA,2017-11-17 09:16:00+05:30,22.95,23.0,21.75,22.35,64992
MBLINFRA,2017-11-20 09:15:00+05:30,23.4,23.4,21.9,22.4,108021
MBLINFRA,2017-11-21 09:22:00+05:30,22.85,22.9,22.0,22.45,77871
MBLINFRA,2017-11-22 09:17:00+05:30,22.65,23.5,21.95,22.9,114141
MBLINFRA,2017-11-23 09:15:00+05:30,24.0,24.0,24.0,24.0,50652
MBLINFRA,2017-11-24 09:15:00+05:30,25.2,25.2,25.2,25.2,32953
MBLINFRA,2017-11-27 09:15:00+05:30,26.45,26.45,26.45,26.45,50574
MBLINFRA,2017-11-28 09:15:00+05:30,27.75,27.75,26.05,26.85,613241
MBLINFRA,2017-11-29 09:15:00+05:30,25.55,27.6,25.55,26.8,149125
MBLINFRA,2017-11-30 09:15:00+05:30,26.25,27.05,26.1,26.95,199648
MBLINFRA,2017-12-01 09:15:00+05:30,27.0,27.2,26.3,26.45,135618
MBLINFRA,2017-12-04 09:15:00+05:30,26.95,27.0,25.7,26.05,56908
MBLINFRA,2017-12-05 09:16:00+05:30,25.8,26.35,25.15,25.55,49593
MBLINFRA,2017-12-06 09:18:00+05:30,25.7,26.4,24.75,24.9,46790
MBLINFRA,2017-12-07 09:18:00+05:30,25.9,25.9,24.25,25.2,47708
MBLINFRA,2017-12-08 09:16:00+05:30,25.8,25.8,24.65,24.8,80254
MBLINFRA,2017-12-11 09:19:00+05:30,24.1,25.6,24.1,24.65,47562
MBLINFRA,2017-12-12 09:16:00+05:30,24.7,25.2,23.8,23.95,183677
MBLINFRA,2017-12-13 09:17:00+05:30,23.8,24.3,23.25,23.5,110368
MBLINFRA,2017-12-14 09:19:00+05:30,23.8,24.4,23.3,23.6,76027
MBLINFRA,2017-12-15 09:15:00+05:30,23.5,24.25,23.2,23.9,101783
MBLINFRA,2017-12-18 09:16:00+05:30,22.8,24.9,22.75,24.45,117112
MBLINFRA,2017-12-19 09:15:00+05:30,24.5,24.75,23.75,24.1,59018
MBLINFRA,2017-12-20 09:15:00+05:30,25.0,25.3,24.3,25.3,155231
MBLINFRA,2017-12-21 09:15:00+05:30,26.5,26.55,25.5,26.55,84960
MBLINFRA,2017-12-22 09:15:00+05:30,27.4,27.85,26.6,27.1,289743
MBLINFRA,2017-12-26 09:15:00+05:30,26.8,27.0,25.75,26.6,141194
MBLINFRA,2017-12-27 09:15:00+05:30,27.0,27.0,26.0,26.45,333081
MBLINFRA,2017-12-28 09:15:00+05:30,26.0,26.7,25.15,26.15,100599
MBLINFRA,2017-12-29 09:16:00+05:30,26.0,26.7,25.75,26.2,97434
MBLINFRA,2018-01-01 09:15:00+05:30,26.95,27.5,26.55,27.5,239269
MBLINFRA,2018-01-02 09:15:00+05:30,28.4,28.5,26.35,27.0,261134
MBLINFRA,2018-01-03 09:15:00+05:30,26.95,28.35,26.95,28.1,331053
MBLINFRA,2018-01-04 09:15:00+05:30,28.1,29.5,28.1,29.5,211964
MBLINFRA,2018-01-05 09:15:00+05:30,30.85,30.95,29.05,29.2,360950
MBLINFRA,2018-01-08 09:15:00+05:30,30.0,30.45,27.75,30.0,419869
MBLINFRA,2018-01-09 09:15:00+05:30,30.4,30.7,28.5,28.6,229105
MBLINFRA,2018-01-10 09:15:00+05:30,29.4,29.45,28.0,29.25,163143
MBLINFRA,2018-01-11 09:15:00+05:30,28.95,30.1,27.95,29.35,185130
MBLINFRA,2018-01-12 09:15:00+05:30,29.35,30.05,28.3,28.75,155763
MBLINFRA,2018-01-15 09:17:00+05:30,29.5,29.6,27.35,27.55,320466
MBLINFRA,2018-01-16 09:15:00+05:30,28.0,28.0,26.3,26.75,107971
MBLINFRA,2018-01-17 09:17:00+05:30,26.95,26.95,25.45,26.45,81492
MBLINFRA,2018-01-18 09:19:00+05:30,26.75,27.5,25.6,25.95,123669
MBLINFRA,2018-01-19 09:18:00+05:30,26.0,26.4,25.0,25.65,71350
MBLINFRA,2018-01-22 09:15:00+05:30,26.2,26.5,25.7,25.95,50891
MBLINFRA,2018-01-23 09:17:00+05:30,26.9,26.9,25.3,25.8,51330
MBLINFRA,2018-01-24 09:18:00+05:30,26.0,26.0,25.0,25.15,59840
MBLINFRA,2018-01-25 09:15:00+05:30,25.65,26.1,25.2,25.75,72794
MBLINFRA,2018-01-29 09:18:00+05:30,25.65,26.2,24.5,24.5,156164
MBLINFRA,2018-01-30 09:19:00+05:30,25.15,25.15,23.5,24.0,101195
MBLINFRA,2018-01-31 09:16:00+05:30,23.5,24.9,23.4,23.95,39430
MBLINFRA,2018-02-01 09:15:00+05:30,24.5,24.5,23.5,24.0,49402
MBLINFRA,2018-02-02 09:18:00+05:30,23.75,23.9,22.8,22.9,81056
MBLINFRA,2018-02-05 09:15:00+05:30,22.8,23.35,21.85,22.7,85284
MBLINFRA,2018-02-06 09:15:00+05:30,22.0,22.3,21.6,22.05,92071
MBLINFRA,2018-02-07 09:15:00+05:30,23.0,23.15,22.4,22.75,79115
MBLINFRA,2018-02-08 09:19:00+05:30,23.0,23.85,22.75,23.85,66846
MBLINFRA,2018-02-09 09:15:00+05:30,24.45,25.0,23.5,25.0,155192
MBLINFRA,2018-02-12 09:15:00+05:30,26.25,26.25,26.25,26.25,24840
MBLINFRA,2018-02-14 09:15:00+05:30,27.55,27.55,27.55,27.55,60342
MBLINFRA,2018-02-15 09:15:00+05:30,28.9,28.9,26.2,26.25,385281
MBLINFRA,2018-02-16 09:17:00+05:30,26.45,26.45,25.2,25.3,62458
MBLINFRA,2018-02-19 09:15:00+05:30,25.0,26.5,24.2,24.65,78085
MBLINFRA,2018-02-20 09:18:00+05:30,23.9,25.8,23.5,25.2,82773
MBLINFRA,2018-02-21 09:18:00+05:30,25.25,25.3,24.4,24.85,57443
MBLINFRA,2018-02-22 09:17:00+05:30,24.5,24.9,24.1,24.4,35844
MBLINFRA,2018-02-23 09:22:00+05:30,24.6,25.5,24.1,24.45,39855
MBLINFRA,2018-02-26 09:15:00+05:30,25.2,25.2,24.75,24.85,62106
MBLINFRA,2018-02-27 09:19:00+05:30,24.85,25.2,24.0,24.05,36755
MBLINFRA,2018-02-28 09:16:00+05:30,24.5,24.5,23.2,23.5,40797
MBLINFRA,2018-03-01 09:15:00+05:30,23.5,24.6,23.5,23.9,39810
MBLINFRA,2018-03-05 09:16:00+05:30,24.0,24.25,23.5,23.85,58203
MBLINFRA,2018-03-06 09:15:00+05:30,24.1,24.7,22.7,22.85,95985
MBLINFRA,2018-03-07 09:16:00+05:30,22.5,23.25,22.2,22.3,103087
MBLINFRA,2018-03-08 09:16:00+05:30,22.5,22.8,21.3,22.05,100796
MBLINFRA,2018-03-09 09:27:00+05:30,22.7,22.7,21.5,22.5,89035
MBLINFRA,2018-03-12 09:16:00+05:30,21.9,22.7,21.4,21.55,160118
MBLINFRA,2018-03-13 09:15:00+05:30,21.55,22.25,21.25,21.7,138977
MBLINFRA,2018-03-14 09:23:00+05:30,21.1,22.0,21.1,21.35,111267
MBLINFRA,2018-03-15 09:15:00+05:30,21.75,21.8,20.7,20.9,233169
MBLINFRA,2018-03-16 09:16:00+05:30,20.85,21.75,20.0,20.45,218682
MBLINFRA,2018-03-19 09:16:00+05:30,20.65,20.9,19.45,19.7,189413
MBLINFRA,2018-03-20 09:15:00+05:30,19.5,19.5,18.75,18.85,197354
MBLINFRA,2018-03-21 09:15:00+05:30,19.7,19.7,18.6,18.7,151696
MBLINFRA,2018-03-22 09:17:00+05:30,19.2,19.2,18.0,18.15,321251
MBLINFRA,2018-03-23 09:15:00+05:30,17.75,18.6,17.25,18.45,440877
MBLINFRA,2018-03-26 09:19:00+05:30,18.6,19.0,17.55,17.65,226654
MBLINFRA,2018-03-27 09:15:00+05:30,17.5,18.5,17.5,18.5,90814
MBLINFRA,2018-03-28 09:15:00+05:30,19.4,19.4,19.0,19.4,151525
MBLINFRA,2018-04-02 09:15:00+05:30,20.2,20.35,20.0,20.35,84024
MBLINFRA,2018-04-03 09:15:00+05:30,21.2,21.35,20.25,21.35,97431
MBLINFRA,2018-04-04 09:15:00+05:30,22.0,22.4,21.8,22.4,124692
MBLINFRA,2018-04-05 09:15:00+05:30,23.5,23.5,22.55,23.5,172585
MBLINFRA,2018-04-06 09:15:00+05:30,24.0,25.85,23.95,24.75,266230
MBLINFRA,2018-04-09 09:15:00+05:30,25.8,25.9,23.3,23.75,249248
MBLINFRA,2018-04-10 09:15:00+05:30,24.0,24.0,21.8,22.1,268824
MBLINFRA,2018-04-11 09:15:00+05:30,22.3,23.2,21.65,22.55,214877
MBLINFRA,2018-04-12 09:16:00+05:30,22.65,22.65,21.75,21.9,54659
MBLINFRA,2018-04-13 09:15:00+05:30,22.75,24.05,22.25,24.05,421278
MBLINFRA,2018-04-16 09:15:00+05:30,24.9,26.15,22.75,25.7,653086
MBLINFRA,2018-04-17 09:15:00+05:30,26.15,26.15,24.4,24.75,172390
MBLINFRA,2018-04-18 09:15:00+05:30,25.0,27.2,24.65,27.2,507306
MBLINFRA,2018-04-19 09:15:00+05:30,28.3,29.0,26.4,27.6,443345
MBLINFRA,2018-04-20 09:15:00+05:30,27.6,28.6,26.25,26.25,147129
MBLINFRA,2018-04-23 09:15:00+05:30,25.05,27.55,24.95,27.05,404651
MBLINFRA,2018-04-24 09:15:00+05:30,25.7,26.95,25.7,25.7,99818
MBLINFRA,2018-04-25 09:15:00+05:30,24.45,24.45,24.45,24.45,22575
MBLINFRA,2018-04-26 09:15:00+05:30,23.25,23.25,23.25,23.25,19290
MBLINFRA,2018-04-27 09:15:00+05:30,22.1,22.1,22.1,22.1,46590
MBLINFRA,2018-04-30 09:15:00+05:30,21.0,22.9,21.0,21.45,498361
MBLINFRA,2018-05-02 09:16:00+05:30,21.05,22.35,21.05,21.5,101843
MBLINFRA,2018-05-03 09:15:00+05:30,21.5,21.9,21.0,21.35,88259
MBLINFRA,2018-05-04 09:19:00+05:30,21.2,21.45,20.35,20.5,128784
MBLINFRA,2018-05-07 09:17:00+05:30,20.55,20.55,19.75,19.95,146964
MBLINFRA,2018-05-08 09:15:00+05:30,19.9,20.15,19.45,19.5,94316
MBLINFRA,2018-05-09 09:19:00+05:30,19.7,20.45,18.8,20.45,242167
MBLINFRA,2018-05-10 09:15:00+05:30,20.9,21.45,20.9,21.45,124380
MBLINFRA,2018-05-11 09:16:00+05:30,21.75,21.75,20.4,20.4,111162
MBLINFRA,2018-05-14 09:15:00+05:30,20.05,20.6,19.4,19.4,66078
MBLINFRA,2018-05-15 09:16:00+05:30,18.95,20.2,18.6,19.1,55081
MBLINFRA,2018-05-16 09:16:00+05:30,18.7,19.45,18.15,19.05,108704
MBLINFRA,2018-05-17 09:15:00+05:30,18.4,19.2,18.25,18.75,63597
MBLINFRA,2018-05-18 09:15:00+05:30,19.3,19.6,18.5,18.8,67404
MBLINFRA,2018-05-21 09:21:00+05:30,18.25,18.95,17.9,17.9,114380
MBLINFRA,2018-05-22 09:15:00+05:30,18.5,18.5,17.2,17.35,115264
MBLINFRA,2018-05-23 09:16:00+05:30,17.35,18.0,17.3,17.65,47138
MBLINFRA,2018-05-24 09:16:00+05:30,17.55,18.4,17.3,18.15,51283
MBLINFRA,2018-05-25 09:16:00+05:30,17.95,18.8,17.65,18.55,41306
MBLINFRA,2018-05-28 09:16:00+05:30,18.6,19.05,18.5,18.7,34121
MBLINFRA,2018-05-29 09:15:00+05:30,18.75,18.95,18.35,18.55,27958
MBLINFRA,2018-05-30 09:15:00+05:30,18.45,18.5,17.65,18.3,50272
MBLINFRA,2018-05-31 09:15:00+05:30,18.3,18.3,17.4,17.6,117060
MBLINFRA,2018-06-01 09:17:00+05:30,17.2,17.3,16.75,16.75,88201
MBLINFRA,2018-06-04 09:15:00+05:30,16.5,17.4,15.95,15.95,137096
MBLINFRA,2018-06-05 09:15:00+05:30,16.3,16.3,15.2,15.2,68011
MBLINFRA,2018-06-06 09:15:00+05:30,14.45,15.65,14.45,14.45,118463
MBLINFRA,2018-06-07 09:15:00+05:30,14.5,15.15,14.5,15.15,22712
MBLINFRA,2018-06-08 09:15:00+05:30,15.9,15.9,15.9,15.9,19379
MBLINFRA,2018-06-11 09:15:00+05:30,16.65,16.65,16.3,16.65,22581
MBLINFRA,2018-06-12 09:15:00+05:30,17.45,17.45,16.7,17.45,81660
MBLINFRA,2018-06-13 09:15:00+05:30,18.0,18.0,16.65,17.0,84137
MBLINFRA,2018-06-14 09:18:00+05:30,16.9,16.9,16.15,16.2,46460
MBLINFRA,2018-06-15 09:15:00+05:30,15.8,16.1,15.6,15.8,59428
MBLINFRA,2018-06-18 09:23:00+05:30,15.25,16.0,15.05,15.35,94958
MBLINFRA,2018-06-19 09:15:00+05:30,15.1,15.75,14.6,14.75,60899
MBLINFRA,2018-06-20 09:20:00+05:30,14.9,15.45,14.15,15.45,44774
MBLINFRA,2018-06-21 09:16:00+05:30,15.95,16.2,15.0,16.0,73573
MBLINFRA,2018-06-22 09:15:00+05:30,16.0,16.15,15.5,15.6,31494
MBLINFRA,2018-06-25 09:15:00+05:30,14.9,15.65,14.9,15.15,97297
MBLINFRA,2018-06-26 09:16:00+05:30,14.75,15.35,14.55,14.8,66097
MBLINFRA,2018-06-27 09:15:00+05:30,14.95,15.2,14.25,14.65,49429
MBLINFRA,2018-06-28 09:17:00+05:30,14.1,14.6,14.1,14.3,47410
MBLINFRA,2018-06-29 09:15:00+05:30,14.2,15.0,14.0,14.8,55257
MBLINFRA,2018-07-02 09:15:00+05:30,15.5,15.5,15.5,15.5,56279
MBLINFRA,2018-07-03 09:15:00+05:30,16.25,16.25,15.95,16.25,44721
MBLINFRA,2018-07-04 09:15:00+05:30,17.05,17.05,17.05,17.05,12708
MBLINFRA,2018-07-05 09:15:00+05:30,17.9,17.9,17.9,17.9,26144
MBLINFRA,2018-07-06 09:15:00+05:30,18.75,18.75,18.75,18.75,25197
MBLINFRA,2018-07-09 09:15:00+05:30,19.45,19.65,17.85,18.05,350541
MBLINFRA,2018-07-10 09:15:00+05:30,17.2,18.95,17.2,18.4,192720
MBLINFRA,2018-07-11 09:15:00+05:30,18.85,19.3,18.75,18.9,215616
MBLINFRA,2018-07-12 09:15:00+05:30,18.75,19.6,18.0,18.15,172084
MBLINFRA,2018-07-13 09:15:00+05:30,18.85,18.95,17.75,18.3,160909
MBLINFRA,2018-07-16 09:16:00+05:30,18.45,18.5,17.4,17.4,58833
MBLINFRA,2018-07-17 09:15:00+05:30,17.1,17.1,16.55,16.65,49108
MBLINFRA,2018-07-18 09:15:00+05:30,17.0,17.4,15.85,15.85,86053
MBLINFRA,2018-07-19 09:16:00+05:30,15.55,15.8,15.1,15.1,79913
MBLINFRA,2018-07-20 09:15:00+05:30,15.2,15.85,14.35,14.55,427074
MBLINFRA,2018-07-23 09:51:00+05:30,14.8,15.25,14.3,15.15,140401
MBLINFRA,2018-07-24 09:16:00+05:30,15.65,15.65,14.65,15.4,211472
MBLINFRA,2018-07-25 09:17:00+05:30,15.4,16.15,15.0,15.95,178539
MBLINFRA,2018-07-26 09:17:00+05:30,16.1,16.5,15.8,16.15,104245
MBLINFRA,2018-07-27 09:15:00+05:30,16.6,16.6,15.75,15.9,53254
MBLINFRA,2018-07-30 09:15:00+05:30,16.15,16.65,16.0,16.65,201300
MBLINFRA,2018-07-31 09:15:00+05:30,17.15,17.15,16.15,16.35,111123
MBLINFRA,2018-08-01 09:22:00+05:30,16.4,16.7,16.0,16.45,64423
MBLINFRA,2018-08-02 09:15:00+05:30,16.7,16.7,15.85,16.05,52297
MBLINFRA,2018-08-03 09:16:00+05:30,16.0,16.2,15.5,15.95,89210
MBLINFRA,2018-08-06 09:16:00+05:30,15.95,16.25,15.6,15.75,82319
MBLINFRA,2018-08-07 09:18:00+05:30,15.75,17.3,15.75,17.3,138668
MBLINFRA,2018-08-08 09:15:00+05:30,18.0,19.0,17.95,19.0,222619
MBLINFRA,2018-08-09 09:15:00+05:30,20.3,20.9,19.85,20.9,380941
MBLINFRA,2018-08-10 09:15:00+05:30,21.5,21.9,21.05,21.9,209983
MBLINFRA,2018-08-13 09:15:00+05:30,22.55,22.6,20.85,21.35,590320
MBLINFRA,2018-08-14 09:15:00+05:30,21.4,21.65,20.3,20.3,173240
MBLINFRA,2018-08-16 09:15:00+05:30,21.0,21.0,19.3,19.45,172205
MBLINFRA,2018-08-17 09:15:00+05:30,19.35,19.5,18.5,18.5,189647
MBLINFRA,2018-08-20 09:15:00+05:30,18.0,19.4,17.65,19.4,126370
MBLINFRA,2018-08-21 09:15:00+05:30,19.9,20.35,19.5,20.35,223329
MBLINFRA,2018-08-23 09:15:00+05:30,20.5,21.3,19.5,19.75,177534
MBLINFRA,2018-08-24 09:15:00+05:30,19.6,20.4,18.85,19.85,116374
MBLINFRA,2018-08-27 09:16:00+05:30,20.2,20.8,19.8,20.3,206321
MBLINFRA,2018-08-28 09:19:00+05:30,21.25,21.25,19.75,19.95,113227
MBLINFRA,2018-08-29 09:15:00+05:30,20.3,20.35,19.25,19.35,69987
MBLINFRA,2018-08-30 09:19:00+05:30,19.6,19.8,18.6,19.0,63122
MBLINFRA,2018-08-31 09:15:00+05:30,19.65,19.65,18.4,18.75,68419
MBLINFRA,2018-09-03 09:22:00+05:30,18.65,19.35,18.3,18.5,66103
MBLINFRA,2018-09-04 09:16:00+05:30,18.9,19.3,17.65,17.95,110169
MBLINFRA,2018-09-05 09:15:00+05:30,18.05,18.25,17.3,17.75,73429
MBLINFRA,2018-09-06 09:15:00+05:30,18.5,18.6,17.85,18.6,74822
MBLINFRA,2018-09-07 09:15:00+05:30,19.35,19.5,18.85,19.5,71599
MBLINFRA,2018-09-10 09:15:00+05:30,20.45,20.45,20.45,20.45,174426
MBLINFRA,2018-09-11 09:15:00+05:30,21.45,21.45,20.15,21.3,313901
MBLINFRA,2018-09-12 09:15:00+05:30,21.4,22.0,20.25,20.25,132351
MBLINFRA,2018-09-14 09:15:00+05:30,20.05,21.1,19.3,19.65,179114
MBLINFRA,2018-09-17 09:16:00+05:30,20.3,20.3,18.85,19.1,95453
MBLINFRA,2018-09-18 09:16:00+05:30,19.0,19.2,18.2,18.55,129087
MBLINFRA,2018-09-19 09:17:00+05:30,18.75,18.75,17.8,17.95,105220
MBLINFRA,2018-09-21 09:16:00+05:30,17.95,18.2,17.1,17.1,177266
MBLINFRA,2018-09-24 09:15:00+05:30,17.25,17.7,16.25,16.35,115347
MBLINFRA,2018-09-25 09:16:00+05:30,17.0,17.15,16.0,17.1,110176
MBLINFRA,2018-09-26 09:15:00+05:30,17.85,17.85,16.25,16.4,116357
MBLINFRA,2018-09-27 09:18:00+05:30,16.0,16.9,16.0,16.25,61554
MBLINFRA,2018-09-28 09:15:00+05:30,16.0,16.25,15.5,15.7,136699
MBLINFRA,2018-10-01 09:15:00+05:30,16.4,16.4,14.95,15.2,125276
MBLINFRA,2018-10-03 09:15:00+05:30,15.9,15.95,15.0,15.65,58668
MBLINFRA,2018-10-04 09:19:00+05:30,15.85,15.85,14.9,15.2,77522
MBLINFRA,2018-10-05 09:15:00+05:30,15.0,15.5,14.55,14.65,78410
MBLINFRA,2018-10-08 09:16:00+05:30,14.55,15.8,13.45,14.2,117377
MBLINFRA,2018-10-09 09:15:00+05:30,14.35,14.6,12.9,13.05,267877
MBLINFRA,2018-10-10 09:16:00+05:30,12.8,14.35,12.5,14.35,110001
MBLINFRA,2018-10-11 09:15:00+05:30,13.0,14.9,13.0,14.3,149841
MBLINFRA,2018-10-12 09:15:00+05:30,14.3,15.4,14.3,14.9,58101
MBLINFRA,2018-10-15 09:16:00+05:30,14.8,15.4,14.35,14.8,39710
MBLINFRA,2018-10-16 09:15:00+05:30,16.1,16.1,14.4,14.9,49973
MBLINFRA,2018-10-17 09:18:00+05:30,15.7,15.7,14.5,14.7,20082
MBLINFRA,2018-10-19 09:15:00+05:30,13.5,14.8,13.5,14.35,29830
MBLINFRA,2018-10-22 09:17:00+05:30,14.45,14.6,14.0,14.1,48276
MBLINFRA,2018-10-23 09:16:00+05:30,13.95,14.25,13.5,14.15,47426
MBLINFRA,2018-10-24 09:15:00+05:30,14.25,14.4,13.85,14.1,19362
MBLINFRA,2018-10-25 09:16:00+05:30,14.45,14.45,13.65,13.8,43354
MBLINFRA,2018-10-26 09:31:00+05:30,13.8,14.75,13.8,14.15,135310
MBLINFRA,2018-10-29 09:16:00+05:30,14.2,14.75,13.95,14.05,67368
MBLINFRA,2018-10-30 09:23:00+05:30,13.9,14.25,13.75,13.85,76644
MBLINFRA,2018-10-31 09:17:00+05:30,14.05,14.15,13.6,14.0,41945
MBLINFRA,2018-11-01 09:18:00+05:30,14.0,14.0,13.6,13.8,87603
MBLINFRA,2018-11-02 09:15:00+05:30,14.0,14.9,13.65,14.0,200122
MBLINFRA,2018-11-05 09:16:00+05:30,14.0,14.5,13.7,13.95,38689
MBLINFRA,2018-11-06 09:16:00+05:30,14.25,14.45,13.75,13.85,112652
MBLINFRA,2018-11-09 09:18:00+05:30,14.35,14.45,13.95,14.1,125012
MBLINFRA,2018-11-12 09:15:00+05:30,14.35,15.1,14.0,14.6,127981
MBLINFRA,2018-11-13 09:15:00+05:30,14.7,15.4,14.45,14.9,90305
MBLINFRA,2018-11-14 09:16:00+05:30,15.45,16.35,15.2,16.35,236639
MBLINFRA,2018-11-15 09:15:00+05:30,17.4,17.85,16.25,16.45,322481
MBLINFRA,2018-11-16 09:15:00+05:30,16.1,16.5,15.0,15.35,129222
MBLINFRA,2018-11-19 09:15:00+05:30,14.6,16.15,14.6,15.2,45459
MBLINFRA,2018-11-20 09:16:00+05:30,15.65,15.65,14.4,14.9,82144
MBLINFRA,2018-11-21 09:19:00+05:30,15.05,15.1,14.35,14.45,36525
MBLINFRA,2018-11-22 09:17:00+05:30,14.85,14.85,14.4,14.65,35171
MBLINFRA,2018-11-26 09:15:00+05:30,14.9,14.9,14.15,14.3,43396
MBLINFRA,2018-11-27 09:15:00+05:30,14.3,14.5,14.1,14.25,40200
MBLINFRA,2018-11-28 09:15:00+05:30,15.25,15.25,13.7,13.9,132317
MBLINFRA,2018-11-29 09:15:00+05:30,13.95,14.2,13.7,13.9,63828
MBLINFRA,2018-11-30 09:24:00+05:30,13.85,14.0,13.6,13.85,47014
MBLINFRA,2018-12-03 00:00:00+05:30,14.05,14.5,13.7,14.35,66921
MBLINFRA,2018-12-04 00:00:00+05:30,14.5,14.6,14.0,14.35,21501
MBLINFRA,2018-12-05 00:00:00+05:30,14.3,14.3,13.85,14.05,32835
MBLINFRA,2018-12-06 00:00:00+05:30,13.75,14.0,13.7,13.85,27123
MBLINFRA,2018-12-07 00:00:00+05:30,13.85,13.95,13.65,13.7,50444
MBLINFRA,2018-12-10 00:00:00+05:30,13.85,14.05,13.5,13.6,52290
MBLINFRA,2018-12-11 00:00:00+05:30,13.65,13.95,13.55,13.85,29146
MBLINFRA,2018-12-12 00:00:00+05:30,13.95,15.2,13.85,14.55,100519
MBLINFRA,2018-12-13 00:00:00+05:30,14.4,14.65,14.2,14.35,22471
MBLINFRA,2018-12-14 00:00:00+05:30,14.2,14.5,14.0,14.3,22242
MBLINFRA,2018-12-17 00:00:00+05:30,14.95,14.95,14.1,14.25,17287
MBLINFRA,2018-12-18 00:00:00+05:30,14.4,14.9,14.15,14.85,61807
MBLINFRA,2018-12-19 00:00:00+05:30,14.95,15.15,14.2,15.0,73310
MBLINFRA,2018-12-20 00:00:00+05:30,15.35,15.5,14.15,15.0,70576
MBLINFRA,2018-12-21 00:00:00+05:30,15.05,15.25,14.6,14.85,25494
MBLINFRA,2018-12-24 00:00:00+05:30,14.85,14.85,14.35,14.55,27064
MBLINFRA,2018-12-26 00:00:00+05:30,14.6,15.0,14.1,14.55,29222
MBLINFRA,2018-12-27 00:00:00+05:30,14.7,14.9,14.4,14.65,14845
MBLINFRA,2018-12-28 00:00:00+05:30,14.65,14.8,14.05,14.35,53220
MBLINFRA,2018-12-31 00:00:00+05:30,14.75,14.9,14.4,14.6,44825
MBLINFRA,2019-01-01 00:00:00+05:30,14.85,14.85,14.05,14.4,47884
MBLINFRA,2019-01-02 00:00:00+05:30,14.55,14.6,14.25,14.5,21356
MBLINFRA,2019-01-03 00:00:00+05:30,14.6,14.8,14.15,14.4,21741
MBLINFRA,2019-01-04 00:00:00+05:30,14.3,14.5,14.25,14.35,23644
MBLINFRA,2019-01-07 00:00:00+05:30,14.3,14.5,14.2,14.35,37608
MBLINFRA,2019-01-08 00:00:00+05:30,14.45,14.9,14.3,14.65,56327
MBLINFRA,2019-01-09 00:00:00+05:30,14.7,14.75,14.3,14.4,26652
MBLINFRA,2019-01-10 00:00:00+05:30,14.6,14.65,14.15,14.35,64543
MBLINFRA,2019-01-11 00:00:00+05:30,14.25,14.4,14.1,14.1,22579
MBLINFRA,2019-01-14 00:00:00+05:30,14.25,14.45,14.15,14.3,34271
MBLINFRA,2019-01-15 00:00:00+05:30,14.25,14.45,14.15,14.2,31176
MBLINFRA,2019-01-16 00:00:00+05:30,14.4,14.4,14.1,14.2,29129
MBLINFRA,2019-01-17 00:00:00+05:30,14.4,14.4,14.0,14.05,34517
MBLINFRA,2019-01-18 00:00:00+05:30,14.0,14.15,13.65,14.05,31936
MBLINFRA,2019-01-21 00:00:00+05:30,13.95,14.05,13.6,13.85,31842
MBLINFRA,2019-01-22 00:00:00+05:30,13.35,13.8,13.35,13.7,35643
MBLINFRA,2019-01-23 00:00:00+05:30,13.5,13.75,13.45,13.6,18912
MBLINFRA,2019-01-24 00:00:00+05:30,13.75,15.9,13.25,14.85,113794
MBLINFRA,2019-01-25 00:00:00+05:30,15.5,15.75,13.75,13.85,100000
MBLINFRA,2019-01-28 00:00:00+05:30,13.75,13.75,13.1,13.35,59392
MBLINFRA,2019-01-29 00:00:00+05:30,13.5,13.5,13.1,13.3,21498
MBLINFRA,2019-01-30 00:00:00+05:30,13.0,13.8,13.0,13.55,28605
MBLINFRA,2019-01-31 00:00:00+05:30,13.85,14.1,13.45,13.65,32915
MBLINFRA,2019-02-01 00:00:00+05:30,13.55,14.75,13.3,13.35,30240
MBLINFRA,2019-02-04 00:00:00+05:30,14.6,14.6,13.0,13.2,82278
MBLINFRA,2019-02-05 00:00:00+05:30,13.0,13.25,12.55,12.6,45506
MBLINFRA,2019-02-06 00:00:00+05:30,12.5,12.9,12.3,12.45,42761
MBLINFRA,2019-02-07 00:00:00+05:30,12.05,12.9,11.3,12.55,141783
MBLINFRA,2019-02-08 00:00:00+05:30,11.8,13.6,11.8,13.3,29692
MBLINFRA,2019-02-11 00:00:00+05:30,13.7,13.7,12.35,12.6,30271
MBLINFRA,2019-02-12 00:00:00+05:30,12.5,12.9,12.0,12.5,31482
MBLINFRA,2019-02-13 00:00:00+05:30,12.7,13.5,12.4,12.65,44456
MBLINFRA,2019-02-14 00:00:00+05:30,12.9,13.0,12.2,12.4,36665
MBLINFRA,2019-02-15 00:00:00+05:30,12.2,12.2,11.6,11.85,112289
MBLINFRA,2019-02-18 00:00:00+05:30,13.0,13.3,12.25,12.7,151068
MBLINFRA,2019-02-19 00:00:00+05:30,13.1,13.1,11.2,12.1,58458
MBLINFRA,2019-02-20 00:00:00+05:30,12.0,12.3,11.6,12.05,47721
MBLINFRA,2019-02-21 00:00:00+05:30,12.05,12.65,12.0,12.1,37403
MBLINFRA,2019-02-22 00:00:00+05:30,12.2,13.25,12.15,12.65,58086
MBLINFRA,2019-02-25 00:00:00+05:30,12.65,13.0,12.2,12.45,14889
MBLINFRA,2019-02-26 00:00:00+05:30,12.4,12.6,11.8,12.1,55636
MBLINFRA,2019-02-27 00:00:00+05:30,12.15,12.55,12.0,12.15,42138
MBLINFRA,2019-02-28 00:00:00+05:30,12.4,12.5,12.05,12.1,29756
MBLINFRA,2019-03-01 00:00:00+05:30,12.25,12.7,12.15,12.6,46434
MBLINFRA,2019-03-05 00:00:00+05:30,12.9,13.0,12.6,12.8,287252
MBLINFRA,2019-03-06 00:00:00+05:30,13.05,14.7,13.05,13.95,441909
MBLINFRA,2019-03-07 00:00:00+05:30,14.45,14.45,13.25,13.5,73330
MBLINFRA,2019-03-08 00:00:00+05:30,13.2,14.1,13.2,13.65,45159
MBLINFRA,2019-03-11 00:00:00+05:30,13.6,14.55,13.6,14.25,87913
MBLINFRA,2019-03-12 00:00:00+05:30,15.3,15.3,14.45,14.75,124913
MBLINFRA,2019-03-13 00:00:00+05:30,14.75,15.1,14.2,14.35,83043
MBLINFRA,2019-03-14 00:00:00+05:30,14.45,14.5,13.7,13.85,61354
MBLINFRA,2019-03-15 00:00:00+05:30,13.7,14.1,13.5,13.55,36956
MBLINFRA,2019-03-18 00:00:00+05:30,13.6,13.9,13.25,13.4,38657
MBLINFRA,2019-03-19 00:00:00+05:30,13.5,13.6,13.25,13.55,27345
MBLINFRA,2019-03-20 00:00:00+05:30,13.75,13.9,13.4,13.55,23320
MBLINFRA,2019-03-22 00:00:00+05:30,13.7,13.7,13.0,13.15,55692
MBLINFRA,2019-03-25 00:00:00+05:30,12.55,13.0,12.45,12.5,103281
MBLINFRA,2019-03-26 00:00:00+05:30,12.8,13.75,12.4,13.5,161220
MBLINFRA,2019-03-27 00:00:00+05:30,13.55,13.95,12.85,13.25,61127
MBLINFRA,2019-03-28 00:00:00+05:30,13.75,13.75,13.0,13.2,77050
MBLINFRA,2019-03-29 00:00:00+05:30,13.0,13.7,13.0,13.05,52189
MBLINFRA,2019-04-01 00:00:00+05:30,13.1,13.6,13.0,13.15,51315
MBLINFRA,2019-04-02 00:00:00+05:30,12.75,13.8,12.75,13.55,90148
MBLINFRA,2019-04-03 00:00:00+05:30,13.75,13.75,13.25,13.5,44389
MBLINFRA,2019-04-04 00:00:00+05:30,13.55,14.5,13.35,13.5,32430
MBLINFRA,2019-04-05 00:00:00+05:30,13.65,13.75,13.45,13.55,19319
MBLINFRA,2019-04-08 00:00:00+05:30,13.15,13.6,13.15,13.45,26800
MBLINFRA,2019-04-09 00:00:00+05:30,13.4,13.65,13.15,13.45,32342
MBLINFRA,2019-04-10 00:00:00+05:30,13.45,13.55,12.75,13.15,47319
MBLINFRA,2019-04-11 00:00:00+05:30,13.25,14.5,13.25,13.7,73242
MBLINFRA,2019-04-12 00:00:00+05:30,13.9,13.9,13.25,13.4,22927
MBLINFRA,2019-04-15 00:00:00+05:30,13.6,13.6,13.1,13.2,53026
MBLINFRA,2019-04-16 00:00:00+05:30,13.4,13.45,13.0,13.35,35056
MBLINFRA,2019-04-18 00:00:00+05:30,13.4,13.5,13.1,13.4,20328
MBLINFRA,2019-04-22 00:00:00+05:30,13.15,13.5,13.15,13.3,20637
MBLINFRA,2019-04-23 00:00:00+05:30,13.45,13.45,13.0,13.0,20701
MBLINFRA,2019-04-24 00:00:00+05:30,13.2,13.25,12.9,13.1,38755
MBLINFRA,2019-04-25 00:00:00+05:30,13.2,13.25,12.9,12.95,15334
MBLINFRA,2019-04-26 00:00:00+05:30,13.05,13.25,12.8,13.0,12830
MBLINFRA,2019-04-30 00:00:00+05:30,13.2,13.2,12.25,12.8,27953
MBLINFRA,2019-05-02 00:00:00+05:30,13.1,13.15,12.6,12.7,7666
MBLINFRA,2019-05-03 00:00:00+05:30,12.85,12.9,12.55,12.8,25169
MBLINFRA,2019-05-06 00:00:00+05:30,12.55,12.65,12.35,12.5,22259
MBLINFRA,2019-05-07 00:00:00+05:30,12.45,12.55,12.2,12.25,38270
MBLINFRA,2019-05-08 00:00:00+05:30,12.25,12.3,12.0,12.05,15851
MBLINFRA,2019-05-09 00:00:00+05:30,12.2,12.75,12.0,12.35,19633
MBLINFRA,2019-05-10 00:00:00+05:30,12.35,12.35,11.95,12.15,20121
MBLINFRA,2019-05-13 00:00:00+05:30,12.25,12.3,11.6,11.9,18198
MBLINFRA,2019-05-14 00:00:00+05:30,11.6,12.0,11.6,11.8,29603
MBLINFRA,2019-05-15 00:00:00+05:30,11.55,12.8,11.55,11.65,18198
MBLINFRA,2019-05-16 00:00:00+05:30,11.8,12.6,11.6,11.75,109922
MBLINFRA,2019-05-17 00:00:00+05:30,11.9,11.9,11.5,11.7,28303
MBLINFRA,2019-05-20 00:00:00+05:30,12.35,12.45,11.5,12.0,71722
MBLINFRA,2019-05-21 00:00:00+05:30,11.9,12.1,11.7,12.05,27677
MBLINFRA,2019-05-22 00:00:00+05:30,12.1,12.1,11.85,11.95,13684
MBLINFRA,2019-05-23 00:00:00+05:30,12.1,12.65,12.05,12.2,67891
MBLINFRA,2019-05-24 00:00:00+05:30,12.35,13.5,12.35,13.35,60186
MBLINFRA,2019-05-27 00:00:00+05:30,13.9,14.7,13.0,13.7,191990
MBLINFRA,2019-05-28 00:00:00+05:30,14.65,14.75,14.0,14.5,107920
MBLINFRA,2019-05-29 00:00:00+05:30,14.45,14.9,14.0,14.5,79701
MBLINFRA,2019-05-30 00:00:00+05:30,14.6,14.8,13.5,13.6,93375
MBLINFRA,2019-05-31 00:00:00+05:30,12.15,12.85,11.8,12.0,195863
MBLINFRA,2019-06-03 00:00:00+05:30,12.25,12.3,11.5,11.7,103318
MBLINFRA,2019-06-04 00:00:00+05:30,11.65,12.25,10.8,11.1,167647
MBLINFRA,2019-06-06 00:00:00+05:30,10.95,11.2,9.2,9.8,186582
MBLINFRA,2019-06-07 00:00:00+05:30,10.2,10.2,9.25,9.6,112438
MBLINFRA,2019-06-10 00:00:00+05:30,9.5,9.7,8.65,8.65,82062
MBLINFRA,2019-06-11 00:00:00+05:30,7.85,8.05,7.8,7.8,196048
MBLINFRA,2019-06-12 00:00:00+05:30,7.75,7.75,7.45,7.45,77936
MBLINFRA,2019-06-13 00:00:00+05:30,7.1,7.65,7.1,7.4,118251
MBLINFRA,2019-06-14 00:00:00+05:30,7.25,7.75,7.25,7.75,48900
MBLINFRA,2019-06-17 00:00:00+05:30,8.1,8.1,7.4,7.4,101110
MBLINFRA,2019-06-18 00:00:00+05:30,7.3,7.3,7.05,7.05,39210
MBLINFRA,2019-06-19 00:00:00+05:30,7.05,7.05,6.7,6.7,65756
MBLINFRA,2019-06-20 00:00:00+05:30,6.45,6.5,6.4,6.4,54788
MBLINFRA,2019-06-21 00:00:00+05:30,6.4,6.7,6.1,6.1,87938
MBLINFRA,2019-06-24 00:00:00+05:30,6.4,6.4,5.8,5.85,73344
MBLINFRA,2019-06-25 00:00:00+05:30,5.7,6.1,5.65,5.9,121649
MBLINFRA,2019-06-26 00:00:00+05:30,5.7,6.0,5.7,6.0,53716
MBLINFRA,2019-06-27 00:00:00+05:30,6.2,6.2,5.7,5.7,124591
MBLINFRA,2019-06-28 00:00:00+05:30,5.85,5.95,5.85,5.95,82177
MBLINFRA,2019-07-01 00:00:00+05:30,6.2,6.2,5.7,5.8,48914
MBLINFRA,2019-07-02 00:00:00+05:30,5.9,6.05,5.9,6.0,12682
MBLINFRA,2019-07-03 00:00:00+05:30,6.0,6.3,6.0,6.2,8665
MBLINFRA,2019-07-04 00:00:00+05:30,6.5,6.5,5.95,6.05,52577
MBLINFRA,2019-07-05 00:00:00+05:30,6.25,6.3,5.9,6.25,30215
MBLINFRA,2019-07-08 00:00:00+05:30,6.55,6.55,6.0,6.45,95492
MBLINFRA,2019-07-09 00:00:00+05:30,6.7,6.75,6.3,6.75,56540
MBLINFRA,2019-07-10 00:00:00+05:30,6.65,6.85,6.55,6.65,9467
MBLINFRA,2019-07-11 00:00:00+05:30,6.55,6.9,6.5,6.8,19276
MBLINFRA,2019-07-12 00:00:00+05:30,6.9,6.95,6.6,6.85,7584
MBLINFRA,2019-07-15 00:00:00+05:30,6.85,6.95,6.7,6.9,11674
MBLINFRA,2019-07-16 00:00:00+05:30,6.7,6.9,6.6,6.6,13165
MBLINFRA,2019-07-17 00:00:00+05:30,6.65,6.65,6.3,6.5,27335
MBLINFRA,2019-07-18 00:00:00+05:30,6.45,6.65,6.2,6.5,35058
MBLINFRA,2019-07-19 00:00:00+05:30,6.6,6.6,6.25,6.45,20549
MBLINFRA,2019-07-22 00:00:00+05:30,6.25,6.3,6.15,6.15,19141
MBLINFRA,2019-07-23 00:00:00+05:30,6.05,6.2,5.85,5.95,24060
MBLINFRA,2019-07-24 00:00:00+05:30,5.8,6.1,5.7,5.85,32082
MBLINFRA,2019-07-25 00:00:00+05:30,6.0,6.1,5.7,6.1,49877
MBLINFRA,2019-07-26 00:00:00+05:30,5.9,5.95,5.8,5.85,27625
MBLINFRA,2019-07-29 00:00:00+05:30,6.1,6.1,5.6,5.65,35380
MBLINFRA,2019-07-30 00:00:00+05:30,5.6,5.65,5.45,5.45,9379
MBLINFRA,2019-07-31 00:00:00+05:30,5.45,5.6,5.2,5.2,57895
MBLINFRA,2019-08-01 00:00:00+05:30,5.4,5.45,4.95,4.95,10923
MBLINFRA,2019-08-02 00:00:00+05:30,5.0,5.0,4.75,4.9,43872
MBLINFRA,2019-08-05 00:00:00+05:30,4.7,4.85,4.7,4.7,26256
MBLINFRA,2019-08-06 00:00:00+05:30,4.6,4.75,4.5,4.65,53702
MBLINFRA,2019-08-07 00:00:00+05:30,4.55,4.85,4.55,4.85,19990
MBLINFRA,2019-08-08 00:00:00+05:30,4.85,5.05,4.65,4.65,64394
MBLINFRA,2019-08-09 00:00:00+05:30,4.55,4.85,4.55,4.85,29866
MBLINFRA,2019-08-13 00:00:00+05:30,4.85,5.05,4.7,5.0,34401
MBLINFRA,2019-08-14 00:00:00+05:30,4.8,5.15,4.75,4.8,25601
MBLINFRA,2019-08-16 00:00:00+05:30,4.9,5.0,4.65,5.0,40035
MBLINFRA,2019-08-19 00:00:00+05:30,5.25,5.25,5.25,5.25,14318
MBLINFRA,2019-08-20 00:00:00+05:30,5.5,5.5,5.5,5.5,11530
MBLINFRA,2019-08-21 00:00:00+05:30,5.75,5.75,5.75,5.75,3687
MBLINFRA,2019-08-22 00:00:00+05:30,6.0,6.0,6.0,6.0,55674
MBLINFRA,2019-08-23 00:00:00+05:30,6.3,6.3,6.3,6.3,8699
MBLINFRA,2019-08-26 00:00:00+05:30,6.55,6.6,6.55,6.6,5422
MBLINFRA,2019-08-27 00:00:00+05:30,6.65,6.9,6.65,6.9,7308
MBLINFRA,2019-08-28 00:00:00+05:30,7.05,7.2,6.6,6.6,159668
MBLINFRA,2019-08-29 00:00:00+05:30,6.3,6.8,6.3,6.3,20896
MBLINFRA,2019-08-30 00:00:00+05:30,6.0,6.0,6.0,6.0,16240
MBLINFRA,2019-09-03 00:00:00+05:30,5.7,5.7,5.7,5.7,3701
MBLINFRA,2019-09-04 00:00:00+05:30,5.5,5.5,5.45,5.45,4707
MBLINFRA,2019-09-05 00:00:00+05:30,5.2,5.7,5.2,5.6,10584
MBLINFRA,2019-09-06 00:00:00+05:30,5.6,5.85,5.55,5.85,11612
MBLINFRA,2019-09-09 00:00:00+05:30,5.6,6.1,5.6,6.0,26054
MBLINFRA,2019-09-11 00:00:00+05:30,5.75,6.25,5.75,6.2,16713
MBLINFRA,2019-09-12 00:00:00+05:30,6.5,6.5,6.1,6.5,9510
MBLINFRA,2019-09-13 00:00:00+05:30,6.8,6.8,6.2,6.75,20927
MBLINFRA,2019-09-16 00:00:00+05:30,6.7,6.7,6.45,6.45,29952
MBLINFRA,2019-09-17 00:00:00+05:30,6.7,6.7,6.15,6.15,13387
MBLINFRA,2019-09-18 00:00:00+05:30,6.0,6.45,5.85,6.4,29562
MBLINFRA,2019-09-19 00:00:00+05:30,6.6,6.6,6.1,6.1,6325
MBLINFRA,2019-09-20 00:00:00+05:30,5.9,6.4,5.85,6.2,14899
MBLINFRA,2019-09-23 00:00:00+05:30,6.5,6.5,5.9,6.3,42928
MBLINFRA,2019-09-24 00:00:00+05:30,6.3,6.5,6.0,6.3,30862
MBLINFRA,2019-09-25 00:00:00+05:30,6.6,6.6,6.0,6.2,13385
MBLINFRA,2019-09-26 00:00:00+05:30,6.5,6.5,6.1,6.2,20777
MBLINFRA,2019-09-27 00:00:00+05:30,6.1,6.5,5.9,5.9,55693
MBLINFRA,2019-09-30 00:00:00+05:30,5.65,6.1,5.65,5.8,38129
MBLINFRA,2019-10-01 00:00:00+05:30,5.85,6.05,5.55,5.7,16524
MBLINFRA,2019-10-03 00:00:00+05:30,5.55,5.9,5.5,5.6,68688
MBLINFRA,2019-10-04 00:00:00+05:30,5.8,5.85,5.35,5.4,26370
MBLINFRA,2019-10-07 00:00:00+05:30,5.2,5.65,5.15,5.45,16931
MBLINFRA,2019-10-09 00:00:00+05:30,5.25,5.7,5.2,5.3,54969
MBLINFRA,2019-10-10 00:00:00+05:30,5.45,5.45,5.1,5.2,34598
MBLINFRA,2019-10-11 00:00:00+05:30,5.4,5.4,5.05,5.05,14663
MBLINFRA,2019-10-14 00:00:00+05:30,4.9,5.25,4.9,4.9,8438
MBLINFRA,2019-10-15 00:00:00+05:30,4.85,5.1,4.8,4.85,17222
MBLINFRA,2019-10-16 00:00:00+05:30,4.7,4.95,4.7,4.7,21317
MBLINFRA,2019-10-17 00:00:00+05:30,4.9,4.9,4.5,4.55,21638
MBLINFRA,2019-10-18 00:00:00+05:30,4.75,4.75,4.75,4.75,7281
MBLINFRA,2019-10-22 00:00:00+05:30,4.95,4.95,4.95,4.95,8832
MBLINFRA,2019-10-23 00:00:00+05:30,5.15,5.15,5.0,5.15,13596
MBLINFRA,2019-10-24 00:00:00+05:30,5.4,5.4,4.9,5.35,38209
MBLINFRA,2019-10-25 00:00:00+05:30,5.2,5.2,5.1,5.2,11614
MBLINFRA,2019-10-27 00:00:00+05:30,4.95,5.45,4.95,5.05,7383
MBLINFRA,2019-10-29 00:00:00+05:30,4.85,5.3,4.85,4.95,24607
MBLINFRA,2019-10-30 00:00:00+05:30,5.15,5.15,4.8,4.9,46608
MBLINFRA,2019-10-31 00:00:00+05:30,4.8,5.1,4.8,5.0,18635
MBLINFRA,2019-11-01 00:00:00+05:30,5.0,5.25,5.0,5.25,22683
MBLINFRA,2019-11-04 00:00:00+05:30,5.5,5.5,5.1,5.5,28801
MBLINFRA,2019-11-05 00:00:00+05:30,5.75,5.75,5.25,5.5,18661
MBLINFRA,2019-11-06 00:00:00+05:30,5.75,5.75,5.25,5.25,47985
MBLINFRA,2019-11-07 00:00:00+05:30,5.4,5.4,5.0,5.05,79013
MBLINFRA,2019-11-08 00:00:00+05:30,5.3,5.3,5.0,5.25,31965
MBLINFRA,2019-11-11 00:00:00+05:30,5.5,5.5,5.1,5.1,50139
MBLINFRA,2019-11-13 00:00:00+05:30,5.1,5.3,4.9,5.05,17941
MBLINFRA,2019-11-14 00:00:00+05:30,5.3,5.3,4.85,4.95,22199
MBLINFRA,2019-11-15 00:00:00+05:30,5.0,5.0,4.75,5.0,7395
MBLINFRA,2019-11-18 00:00:00+05:30,4.9,5.15,4.75,4.8,37238
MBLINFRA,2019-11-19 00:00:00+05:30,4.6,5.0,4.6,4.65,26925
MBLINFRA,2019-11-20 00:00:00+05:30,4.75,4.8,4.45,4.5,22530
MBLINFRA,2019-11-21 00:00:00+05:30,4.7,4.7,4.5,4.7,7035
MBLINFRA,2019-11-22 00:00:00+05:30,4.85,4.85,4.65,4.75,14232
MBLINFRA,2019-11-25 00:00:00+05:30,4.8,4.95,4.6,4.95,22051
MBLINFRA,2019-11-26 00:00:00+05:30,5.05,5.05,4.75,5.0,24570
MBLINFRA,2019-11-27 00:00:00+05:30,4.85,5.25,4.75,5.0,23809
MBLINFRA,2019-11-28 00:00:00+05:30,4.85,5.15,4.75,4.85,4923
MBLINFRA,2019-11-29 00:00:00+05:30,4.95,5.05,4.8,5.05,30843
MBLINFRA,2019-12-02 00:00:00+05:30,5.05,5.1,4.8,4.9,7116
MBLINFRA,2019-12-03 00:00:00+05:30,4.85,5.1,4.75,4.85,18952
MBLINFRA,2019-12-04 00:00:00+05:30,4.8,5.05,4.75,5.0,9532
MBLINFRA,2019-12-05 00:00:00+05:30,5.2,5.2,4.8,4.95,26060
MBLINFRA,2019-12-06 00:00:00+05:30,4.85,5.0,4.75,4.75,28802
MBLINFRA,2019-12-09 00:00:00+05:30,4.55,4.85,4.55,4.6,12691
MBLINFRA,2019-12-10 00:00:00+05:30,4.65,4.75,4.5,4.6,21180
MBLINFRA,2019-12-11 00:00:00+05:30,4.7,4.7,4.5,4.6,15691
MBLINFRA,2019-12-12 00:00:00+05:30,4.6,4.7,4.45,4.45,17731
MBLINFRA,2019-12-13 00:00:00+05:30,4.35,4.5,4.3,4.45,12397
MBLINFRA,2019-12-16 00:00:00+05:30,4.5,4.5,4.3,4.3,11693
MBLINFRA,2019-12-17 00:00:00+05:30,4.35,4.45,4.15,4.35,49098
MBLINFRA,2019-12-18 00:00:00+05:30,4.4,4.55,4.2,4.4,11522
MBLINFRA,2019-12-19 00:00:00+05:30,4.5,4.6,4.25,4.4,27390
MBLINFRA,2019-12-20 00:00:00+05:30,4.4,4.4,4.2,4.2,27921
MBLINFRA,2019-12-23 00:00:00+05:30,4.25,4.4,4.0,4.05,61731
MBLINFRA,2019-12-24 00:00:00+05:30,3.95,4.15,3.95,4.1,18818
MBLINFRA,2019-12-26 00:00:00+05:30,4.15,4.2,3.95,4.0,30458
MBLINFRA,2019-12-27 00:00:00+05:30,4.0,4.0,3.85,3.95,21856
MBLINFRA,2019-12-30 00:00:00+05:30,4.05,4.05,3.9,4.0,15779
MBLINFRA,2019-12-31 00:00:00+05:30,4.05,4.15,4.0,4.1,18568
MBLINFRA,2020-01-01 00:00:00+05:30,4.2,4.2,4.0,4.05,5293
MBLINFRA,2020-01-02 00:00:00+05:30,4.2,4.25,3.9,4.25,29199
MBLINFRA,2020-01-03 00:00:00+05:30,4.2,4.45,4.2,4.45,10858
MBLINFRA,2020-01-06 00:00:00+05:30,4.5,4.65,4.35,4.55,54377
MBLINFRA,2020-01-07 00:00:00+05:30,4.75,4.75,4.5,4.65,19829
MBLINFRA,2020-01-08 00:00:00+05:30,4.8,4.8,4.5,4.65,17559
MBLINFRA,2020-01-09 00:00:00+05:30,4.85,4.85,4.45,4.55,50405
MBLINFRA,2020-01-10 00:00:00+05:30,4.45,4.65,4.35,4.5,33714
MBLINFRA,2020-01-13 00:00:00+05:30,4.65,4.7,4.5,4.6,9144
MBLINFRA,2020-01-14 00:00:00+05:30,4.55,4.7,4.5,4.55,13681
MBLINFRA,2020-01-15 00:00:00+05:30,4.65,4.7,4.45,4.65,12734
MBLINFRA,2020-01-16 00:00:00+05:30,4.75,4.75,4.5,4.6,15620
MBLINFRA,2020-01-17 00:00:00+05:30,4.55,4.6,4.45,4.55,12078
MBLINFRA,2020-01-20 00:00:00+05:30,4.65,4.7,4.4,4.6,16012
MBLINFRA,2020-01-21 00:00:00+05:30,4.5,4.7,4.45,4.65,17788
MBLINFRA,2020-01-22 00:00:00+05:30,4.6,4.65,4.5,4.55,10569
MBLINFRA,2020-01-23 00:00:00+05:30,4.5,4.6,4.35,4.35,33875
MBLINFRA,2020-01-24 00:00:00+05:30,4.35,4.45,4.2,4.3,11939
MBLINFRA,2020-01-27 00:00:00+05:30,4.2,4.35,4.15,4.2,6958
MBLINFRA,2020-01-28 00:00:00+05:30,4.35,4.4,4.05,4.2,13346
MBLINFRA,2020-01-29 00:00:00+05:30,4.15,4.3,4.05,4.3,17098
MBLINFRA,2020-01-30 00:00:00+05:30,4.25,4.35,4.15,4.15,4986
MBLINFRA,2020-01-31 00:00:00+05:30,4.0,4.15,3.95,4.1,31503
MBLINFRA,2020-02-01 00:00:00+05:30,4.0,4.25,4.0,4.1,16290
MBLINFRA,2020-02-03 00:00:00+05:30,4.25,4.25,3.9,3.9,32512
MBLINFRA,2020-02-04 00:00:00+05:30,3.85,4.0,3.75,3.8,17373
MBLINFRA,2020-02-05 00:00:00+05:30,3.7,3.8,3.65,3.65,68443
MBLINFRA,2020-02-06 00:00:00+05:30,3.7,4.0,3.6,4.0,56420
MBLINFRA,2020-02-07 00:00:00+05:30,4.4,4.4,4.25,4.4,45139
MBLINFRA,2020-02-10 00:00:00+05:30,4.8,4.8,4.8,4.8,32607
MBLINFRA,2020-02-11 00:00:00+05:30,4.95,5.0,4.8,5.0,44184
MBLINFRA,2020-02-12 00:00:00+05:30,5.25,5.25,4.75,4.75,54640
MBLINFRA,2020-02-13 00:00:00+05:30,4.6,4.7,4.55,4.55,27418
MBLINFRA,2020-02-14 00:00:00+05:30,4.35,4.55,4.35,4.35,49413
MBLINFRA,2020-02-17 00:00:00+05:30,4.15,4.35,4.15,4.15,11198
MBLINFRA,2020-02-18 00:00:00+05:30,4.05,4.25,3.95,3.95,23550
MBLINFRA,2020-02-19 00:00:00+05:30,3.95,4.0,3.8,3.8,33400
MBLINFRA,2020-02-20 00:00:00+05:30,3.95,3.95,3.65,3.7,61789
MBLINFRA,2020-02-24 00:00:00+05:30,3.85,3.85,3.7,3.75,35717
MBLINFRA,2020-02-25 00:00:00+05:30,3.75,3.75,3.6,3.6,36288
MBLINFRA,2020-02-26 00:00:00+05:30,3.55,3.7,3.45,3.45,50972
MBLINFRA,2020-02-27 00:00:00+05:30,3.55,3.55,3.3,3.35,89906
MBLINFRA,2020-02-28 00:00:00+05:30,3.25,3.3,3.2,3.2,57262
MBLINFRA,2020-03-02 00:00:00+05:30,3.3,3.35,3.05,3.15,67299
MBLINFRA,2020-03-03 00:00:00+05:30,3.15,3.25,3.0,3.05,20051
MBLINFRA,2020-03-04 00:00:00+05:30,3.0,3.1,2.9,2.9,92727
MBLINFRA,2020-03-05 00:00:00+05:30,2.85,3.0,2.8,2.95,31658
MBLINFRA,2020-03-06 00:00:00+05:30,3.0,3.05,2.9,3.05,39341
MBLINFRA,2020-03-09 00:00:00+05:30,3.2,3.2,3.2,3.2,37391
MBLINFRA,2020-03-11 00:00:00+05:30,3.35,3.35,3.35,3.35,12286
MBLINFRA,2020-03-12 00:00:00+05:30,3.5,3.5,3.5,3.5,33700
MBLINFRA,2020-03-13 00:00:00+05:30,3.65,3.65,3.35,3.35,127257
MBLINFRA,2020-03-16 00:00:00+05:30,3.2,3.35,3.2,3.2,19521
MBLINFRA,2020-03-17 00:00:00+05:30,3.05,3.35,3.05,3.25,43415
MBLINFRA,2020-03-18 00:00:00+05:30,3.4,3.4,3.1,3.1,42063
MBLINFRA,2020-03-19 00:00:00+05:30,3.1,3.1,2.95,2.95,35052
MBLINFRA,2020-03-20 00:00:00+05:30,2.95,2.95,2.85,2.85,27068
MBLINFRA,2020-03-23 00:00:00+05:30,2.75,2.75,2.75,2.75,53135
MBLINFRA,2020-03-24 00:00:00+05:30,2.75,2.75,2.65,2.65,20826
MBLINFRA,2020-03-25 00:00:00+05:30,2.55,2.55,2.55,2.55,13443
MBLINFRA,2020-03-26 00:00:00+05:30,2.5,2.55,2.45,2.5,22980
MBLINFRA,2020-03-27 00:00:00+05:30,2.45,2.6,2.4,2.55,41464
MBLINFRA,2020-03-30 00:00:00+05:30,2.6,2.65,2.55,2.65,54868
MBLINFRA,2020-03-31 00:00:00+05:30,2.65,2.75,2.65,2.7,25018
MBLINFRA,2020-04-01 00:00:00+05:30,2.75,2.8,2.75,2.8,18529
MBLINFRA,2020-04-03 00:00:00+05:30,2.9,2.9,2.9,2.9,2955
MBLINFRA,2020-04-07 00:00:00+05:30,3.0,3.0,3.0,3.0,13825
MBLINFRA,2020-04-08 00:00:00+05:30,3.1,3.15,3.1,3.15,3055
MBLINFRA,2020-04-09 00:00:00+05:30,3.3,3.3,3.3,3.3,13667
MBLINFRA,2020-04-13 00:00:00+05:30,3.35,3.45,3.3,3.45,68780
MBLINFRA,2020-04-15 00:00:00+05:30,3.6,3.6,3.55,3.6,47744
MBLINFRA,2020-04-16 00:00:00+05:30,3.75,3.75,3.65,3.7,29205
MBLINFRA,2020-04-17 00:00:00+05:30,3.75,3.85,3.75,3.85,8829
MBLINFRA,2020-04-20 00:00:00+05:30,4.0,4.0,4.0,4.0,48549
MBLINFRA,2020-04-21 00:00:00+05:30,4.2,4.2,4.2,4.2,12459
MBLINFRA,2020-04-22 00:00:00+05:30,4.4,4.4,4.3,4.35,69306
MBLINFRA,2020-04-23 00:00:00+05:30,4.55,4.55,4.4,4.55,35106
MBLINFRA,2020-04-24 00:00:00+05:30,4.7,4.75,4.7,4.75,14902
MBLINFRA,2020-04-27 00:00:00+05:30,4.95,4.95,4.55,4.55,71738
MBLINFRA,2020-04-28 00:00:00+05:30,4.35,4.65,4.35,4.5,158678
MBLINFRA,2020-04-29 00:00:00+05:30,4.7,4.7,4.3,4.6,105412
MBLINFRA,2020-04-30 00:00:00+05:30,4.8,4.8,4.45,4.65,69562
MBLINFRA,2020-05-04 00:00:00+05:30,4.5,4.85,4.45,4.7,40805
MBLINFRA,2020-05-05 00:00:00+05:30,4.55,4.9,4.5,4.65,23125
MBLINFRA,2020-05-06 00:00:00+05:30,4.7,4.7,4.45,4.6,49826
MBLINFRA,2020-05-07 00:00:00+05:30,4.65,4.65,4.4,4.55,17549
MBLINFRA,2020-05-08 00:00:00+05:30,4.7,4.7,4.4,4.55,38438
MBLINFRA,2020-05-11 00:00:00+05:30,4.45,4.65,4.35,4.55,71659
MBLINFRA,2020-05-12 00:00:00+05:30,4.65,4.65,4.45,4.6,33135
MBLINFRA,2020-05-13 00:00:00+05:30,4.65,4.8,4.4,4.75,53091
MBLINFRA,2020-05-14 00:00:00+05:30,4.85,4.95,4.75,4.9,20121
MBLINFRA,2020-05-15 00:00:00+05:30,4.85,5.1,4.7,5.05,16878
MBLINFRA,2020-05-18 00:00:00+05:30,5.25,5.25,4.8,4.95,22029
MBLINFRA,2020-05-19 00:00:00+05:30,4.75,5.15,4.75,4.95,22677
MBLINFRA,2020-05-20 00:00:00+05:30,5.1,5.1,4.75,4.9,23850
MBLINFRA,2020-05-21 00:00:00+05:30,4.95,4.95,4.7,4.85,18491
MBLINFRA,2020-05-22 00:00:00+05:30,4.85,4.95,4.75,4.9,50601
MBLINFRA,2020-05-26 00:00:00+05:30,4.8,5.05,4.75,4.95,26775
MBLINFRA,2020-05-27 00:00:00+05:30,5.1,5.1,4.8,5.05,55564
MBLINFRA,2020-05-28 00:00:00+05:30,5.25,5.25,4.8,4.95,46444
MBLINFRA,2020-05-29 00:00:00+05:30,4.8,5.1,4.8,5.1,48975
MBLINFRA,2020-06-01 00:00:00+05:30,5.25,5.25,4.85,5.1,35365
MBLINFRA,2020-06-02 00:00:00+05:30,5.1,5.15,4.85,4.9,32643
MBLINFRA,2020-06-03 00:00:00+05:30,4.9,5.05,4.85,5.0,32918
MBLINFRA,2020-06-04 00:00:00+05:30,5.1,5.1,4.85,5.0,15225
MBLINFRA,2020-06-05 00:00:00+05:30,5.1,5.15,4.95,5.0,29530
MBLINFRA,2020-06-08 00:00:00+05:30,5.15,5.25,5.1,5.2,45003
MBLINFRA,2020-06-09 00:00:00+05:30,5.3,5.4,5.05,5.2,35361
MBLINFRA,2020-06-10 00:00:00+05:30,5.35,5.35,5.0,5.1,30087
MBLINFRA,2020-06-11 00:00:00+05:30,5.3,5.3,4.9,5.2,44122
MBLINFRA,2020-06-12 00:00:00+05:30,5.0,5.3,5.0,5.1,19632
MBLINFRA,2020-06-15 00:00:00+05:30,4.9,5.3,4.9,5.25,25854
MBLINFRA,2020-06-16 00:00:00+05:30,5.45,5.5,5.3,5.35,41646
MBLINFRA,2020-06-17 00:00:00+05:30,5.55,5.55,5.2,5.4,23763
MBLINFRA,2020-06-18 00:00:00+05:30,5.5,5.65,5.25,5.65,24323
MBLINFRA,2020-06-19 00:00:00+05:30,5.85,5.9,5.75,5.9,31180
MBLINFRA,2020-06-22 00:00:00+05:30,6.0,6.15,6.0,6.15,38835
MBLINFRA,2020-06-23 00:00:00+05:30,6.45,6.45,6.45,6.45,12731
MBLINFRA,2020-06-24 00:00:00+05:30,6.75,6.75,6.75,6.75,13388
MBLINFRA,2020-06-25 00:00:00+05:30,7.05,7.05,6.55,7.0,102067
MBLINFRA,2020-06-26 00:00:00+05:30,7.3,7.35,6.8,6.95,88517
MBLINFRA,2020-06-29 00:00:00+05:30,7.1,7.1,6.65,6.65,79341
MBLINFRA,2020-06-30 00:00:00+05:30,6.35,6.85,6.35,6.45,66419
MBLINFRA,2020-07-01 00:00:00+05:30,6.5,6.5,6.15,6.15,58166
MBLINFRA,2020-07-02 00:00:00+05:30,6.1,6.25,5.85,5.95,66937
MBLINFRA,2020-07-03 00:00:00+05:30,6.15,6.2,5.95,6.15,59951
MBLINFRA,2020-07-06 00:00:00+05:30,6.15,6.4,5.9,6.3,27649
MBLINFRA,2020-07-07 00:00:00+05:30,6.45,6.45,6.0,6.25,22419
MBLINFRA,2020-07-08 00:00:00+05:30,6.3,6.3,5.95,6.1,43706
MBLINFRA,2020-07-09 00:00:00+05:30,6.25,6.4,5.8,6.2,50723
MBLINFRA,2020-07-10 00:00:00+05:30,6.35,6.4,5.95,6.2,25610
MBLINFRA,2020-07-13 00:00:00+05:30,6.2,6.5,6.0,6.5,89695
MBLINFRA,2020-07-14 00:00:00+05:30,6.8,6.8,6.8,6.8,188986
MBLINFRA,2020-07-15 00:00:00+05:30,7.1,7.1,7.1,7.1,435073
MBLINFRA,2020-07-16 00:00:00+05:30,7.05,7.05,6.75,6.75,49261
MBLINFRA,2020-07-17 00:00:00+05:30,6.45,6.45,6.45,6.45,13992
MBLINFRA,2020-07-20 00:00:00+05:30,6.15,6.75,6.15,6.75,148179
MBLINFRA,2020-07-21 00:00:00+05:30,6.7,6.7,6.45,6.45,45103
MBLINFRA,2020-07-22 00:00:00+05:30,6.45,6.5,6.15,6.25,79767
MBLINFRA,2020-07-23 00:00:00+05:30,6.15,6.55,5.95,6.55,106941
MBLINFRA,2020-07-24 00:00:00+05:30,6.85,6.85,6.7,6.85,155818
MBLINFRA,2020-07-27 00:00:00+05:30,7.15,7.15,6.6,6.7,39806
MBLINFRA,2020-07-28 00:00:00+05:30,6.95,6.95,6.4,6.4,27784
MBLINFRA,2020-07-29 00:00:00+05:30,6.65,6.65,6.15,6.4,18747
MBLINFRA,2020-07-30 00:00:00+05:30,6.6,6.6,6.1,6.1,36560
MBLINFRA,2020-07-31 00:00:00+05:30,6.4,6.4,5.9,6.05,23158
MBLINFRA,2020-08-03 00:00:00+05:30,6.05,6.25,5.75,5.9,21453
MBLINFRA,2020-08-04 00:00:00+05:30,5.9,6.15,5.75,6.0,32882
MBLINFRA,2020-08-05 00:00:00+05:30,6.0,6.2,5.95,6.15,22404
MBLINFRA,2020-08-06 00:00:00+05:30,6.3,6.3,6.05,6.05,7929
MBLINFRA,2020-08-07 00:00:00+05:30,6.1,6.35,6.1,6.3,13952
MBLINFRA,2020-08-10 00:00:00+05:30,6.45,6.6,6.1,6.35,51845
MBLINFRA,2020-08-11 00:00:00+05:30,6.6,6.6,6.05,6.4,50535
MBLINFRA,2020-08-12 00:00:00+05:30,6.4,6.65,6.15,6.25,70890
MBLINFRA,2020-08-13 00:00:00+05:30,6.5,6.5,6.2,6.5,67963
MBLINFRA,2020-08-14 00:00:00+05:30,6.5,6.75,6.5,6.6,72665
MBLINFRA,2020-08-17 00:00:00+05:30,6.6,6.9,6.6,6.9,24940
MBLINFRA,2020-08-18 00:00:00+05:30,7.2,7.2,7.2,7.2,20609
MBLINFRA,2020-08-19 00:00:00+05:30,7.55,7.55,7.55,7.55,17790
MBLINFRA,2020-08-20 00:00:00+05:30,7.9,7.9,7.9,7.9,2660
MBLINFRA,2020-08-21 00:00:00+05:30,8.25,8.25,8.25,8.25,33874
MBLINFRA,2020-08-24 00:00:00+05:30,8.65,8.65,8.65,8.65,129260
MBLINFRA,2020-08-25 00:00:00+05:30,9.05,9.05,9.05,9.05,31321
MBLINFRA,2020-08-26 00:00:00+05:30,9.5,9.5,9.5,9.5,18035
MBLINFRA,2020-08-27 00:00:00+05:30,9.95,9.95,9.95,9.95,6013
MBLINFRA,2020-08-28 00:00:00+05:30,10.4,10.4,9.5,9.5,382994
MBLINFRA,2020-08-31 00:00:00+05:30,9.15,9.8,9.05,9.05,95953
MBLINFRA,2020-09-01 00:00:00+05:30,8.6,8.75,8.6,8.6,39203
MBLINFRA,2020-09-02 00:00:00+05:30,8.2,8.35,8.2,8.25,60898
MBLINFRA,2020-09-03 00:00:00+05:30,8.15,8.65,8.05,8.55,105008
MBLINFRA,2020-09-04 00:00:00+05:30,8.2,8.95,8.2,8.8,129035
MBLINFRA,2020-09-07 00:00:00+05:30,9.15,9.2,8.5,8.5,89052
MBLINFRA,2020-09-08 00:00:00+05:30,8.2,8.75,8.15,8.25,65886
MBLINFRA,2020-09-09 00:00:00+05:30,8.25,8.35,7.85,7.95,122629
MBLINFRA,2020-09-10 00:00:00+05:30,8.25,8.25,7.75,7.95,46916
MBLINFRA,2020-09-11 00:00:00+05:30,7.95,8.25,7.9,7.95,38125
MBLINFRA,2020-09-14 00:00:00+05:30,8.25,8.3,7.8,8.3,91340
MBLINFRA,2020-09-15 00:00:00+05:30,8.7,8.7,8.55,8.7,16054
MBLINFRA,2020-09-16 00:00:00+05:30,9.1,9.1,8.45,8.65,149390
MBLINFRA,2020-09-17 00:00:00+05:30,8.85,8.85,8.25,8.25,34055
MBLINFRA,2020-09-18 00:00:00+05:30,8.45,8.55,8.0,8.1,26886
MBLINFRA,2020-09-21 00:00:00+05:30,8.4,8.4,7.7,7.7,87501
MBLINFRA,2020-09-22 00:00:00+05:30,7.7,7.8,7.35,7.35,78228
MBLINFRA,2020-09-23 00:00:00+05:30,7.25,7.45,7.0,7.0,46128
MBLINFRA,2020-09-24 00:00:00+05:30,7.0,7.05,6.65,6.7,35250
MBLINFRA,2020-09-25 00:00:00+05:30,6.55,7.0,6.55,7.0,31508
MBLINFRA,2020-09-28 00:00:00+05:30,7.3,7.35,7.2,7.35,18193
MBLINFRA,2020-09-29 00:00:00+05:30,7.7,7.7,7.7,7.7,7253
MBLINFRA,2020-09-30 00:00:00+05:30,8.05,8.05,7.95,8.05,52782
MBLINFRA,2020-10-01 00:00:00+05:30,8.4,8.45,7.85,8.45,119656
MBLINFRA,2020-10-05 00:00:00+05:30,8.85,8.85,8.85,8.85,42005
MBLINFRA,2020-10-06 00:00:00+05:30,9.25,9.25,9.25,9.25,18804
MBLINFRA,2020-10-07 00:00:00+05:30,9.7,9.7,8.8,8.8,169708
MBLINFRA,2020-10-08 00:00:00+05:30,8.95,9.15,8.5,8.65,27772
MBLINFRA,2020-10-09 00:00:00+05:30,8.55,8.55,8.25,8.25,25108
MBLINFRA,2020-10-12 00:00:00+05:30,8.2,8.2,7.85,7.95,23723
MBLINFRA,2020-10-13 00:00:00+05:30,7.7,8.15,7.6,7.65,27770
MBLINFRA,2020-10-14 00:00:00+05:30,7.85,8.0,7.4,8.0,29176
MBLINFRA,2020-10-15 00:00:00+05:30,8.4,8.4,8.2,8.4,50920
MBLINFRA,2020-10-16 00:00:00+05:30,8.8,8.8,8.6,8.8,127627
MBLINFRA,2020-10-19 00:00:00+05:30,9.2,9.2,8.8,8.95,235941
MBLINFRA,2020-10-20 00:00:00+05:30,8.95,9.2,8.55,8.7,121281
MBLINFRA,2020-10-21 00:00:00+05:30,8.6,8.9,8.4,8.5,50040
MBLINFRA,2020-10-22 00:00:00+05:30,8.2,8.7,8.2,8.25,83449
MBLINFRA,2020-10-23 00:00:00+05:30,8.25,8.5,8.15,8.15,39925
MBLINFRA,2020-10-26 00:00:00+05:30,8.5,8.5,8.1,8.25,52314
MBLINFRA,2020-10-27 00:00:00+05:30,8.25,8.35,8.1,8.2,9239
MBLINFRA,2020-10-28 00:00:00+05:30,8.45,8.45,8.1,8.35,16327
MBLINFRA,2020-10-29 00:00:00+05:30,8.35,8.6,8.2,8.5,85842
MBLINFRA,2020-10-30 00:00:00+05:30,8.65,8.8,8.5,8.5,33149
MBLINFRA,2020-11-02 00:00:00+05:30,8.7,8.7,8.4,8.4,45406
MBLINFRA,2020-11-03 00:00:00+05:30,8.6,8.75,8.45,8.7,72911
MBLINFRA,2020-11-04 00:00:00+05:30,8.8,8.9,8.5,8.7,31509
MBLINFRA,2020-11-05 00:00:00+05:30,8.55,8.85,8.55,8.7,37430
MBLINFRA,2020-11-06 00:00:00+05:30,8.75,8.75,8.35,8.4,58572
MBLINFRA,2020-11-09 00:00:00+05:30,8.4,8.8,8.4,8.8,31087
MBLINFRA,2020-11-10 00:00:00+05:30,9.0,9.2,8.7,9.0,191128
MBLINFRA,2020-11-11 00:00:00+05:30,9.3,9.3,8.7,8.75,67009
MBLINFRA,2020-11-12 00:00:00+05:30,8.9,8.9,8.55,8.7,51560
MBLINFRA,2020-11-13 00:00:00+05:30,8.8,9.0,8.45,8.85,148829
MBLINFRA,2020-11-14 00:00:00+05:30,9.25,9.25,8.6,9.0,50617
MBLINFRA,2020-11-17 00:00:00+05:30,9.3,9.45,9.0,9.1,100851
MBLINFRA,2020-11-18 00:00:00+05:30,9.2,9.3,8.65,8.9,135372
MBLINFRA,2020-11-19 00:00:00+05:30,8.7,9.3,8.7,9.25,164368
MBLINFRA,2020-11-20 00:00:00+05:30,9.45,9.7,9.0,9.05,121115
MBLINFRA,2020-11-23 00:00:00+05:30,9.4,9.4,8.75,9.05,95112
MBLINFRA,2020-11-24 00:00:00+05:30,9.05,9.1,8.9,8.9,24802
MBLINFRA,2020-11-25 00:00:00+05:30,9.0,9.15,8.85,9.05,46557
MBLINFRA,2020-11-26 00:00:00+05:30,9.05,9.25,8.65,9.05,54411
MBLINFRA,2020-11-27 00:00:00+05:30,8.95,9.1,8.7,8.8,111734
MBLINFRA,2020-12-01 00:00:00+05:30,9.1,9.2,8.8,9.1,107974
MBLINFRA,2020-12-02 00:00:00+05:30,9.3,9.3,9.0,9.1,48384
MBLINFRA,2020-12-03 00:00:00+05:30,9.3,9.55,9.0,9.45,134396
MBLINFRA,2020-12-04 00:00:00+05:30,9.8,9.9,9.5,9.65,128685
MBLINFRA,2020-12-07 00:00:00+05:30,9.95,10.6,9.95,10.6,231413
MBLINFRA,2020-12-08 00:00:00+05:30,11.0,11.5,10.2,10.85,280418
MBLINFRA,2020-12-09 00:00:00+05:30,11.35,11.5,10.9,11.05,170467
MBLINFRA,2020-12-10 00:00:00+05:30,11.45,11.75,10.95,11.5,147169
MBLINFRA,2020-12-11 00:00:00+05:30,12.15,12.65,11.8,12.65,426866
MBLINFRA,2020-12-14 00:00:00+05:30,13.2,13.25,13.0,13.25,357626
MBLINFRA,2020-12-15 00:00:00+05:30,13.9,13.9,13.9,13.9,105319
MBLINFRA,2020-12-16 00:00:00+05:30,14.55,14.55,14.55,14.55,96747
MBLINFRA,2020-12-17 00:00:00+05:30,15.25,15.25,15.25,15.25,70001
MBLINFRA,2020-12-18 00:00:00+05:30,16.0,16.0,14.5,16.0,1172692
MBLINFRA,2020-12-21 00:00:00+05:30,16.8,16.8,15.3,16.5,596559
MBLINFRA,2020-12-22 00:00:00+05:30,16.25,17.3,16.25,17.3,637758
MBLINFRA,2020-12-23 00:00:00+05:30,18.15,18.15,18.0,18.15,100817
MBLINFRA,2020-12-24 00:00:00+05:30,19.05,19.05,18.7,19.05,358978
MBLINFRA,2020-12-28 00:00:00+05:30,20.0,20.0,19.5,20.0,116526
MBLINFRA,2020-12-29 00:00:00+05:30,21.0,21.0,21.0,21.0,99812
MBLINFRA,2020-12-30 00:00:00+05:30,22.05,22.05,19.95,22.05,1006507
MBLINFRA,2020-12-31 00:00:00+05:30,23.0,23.15,22.15,23.15,209896
MBLINFRA,2021-01-01 00:00:00+05:30,24.1,24.3,23.65,24.3,356294
MBLINFRA,2021-01-04 00:00:00+05:30,25.5,25.5,23.1,23.1,940757
MBLINFRA,2021-01-05 00:00:00+05:30,21.95,21.95,21.95,21.95,142898
MBLINFRA,2021-01-06 00:00:00+05:30,20.9,23.0,20.9,20.9,1075322
MBLINFRA,2021-01-07 00:00:00+05:30,19.9,20.9,19.9,19.9,638722
MBLINFRA,2021-01-08 00:00:00+05:30,19.9,20.7,18.95,19.0,713861
MBLINFRA,2021-01-11 00:00:00+05:30,19.05,19.95,19.05,19.95,445854
MBLINFRA,2021-01-12 00:00:00+05:30,20.4,20.8,19.75,20.25,318022
MBLINFRA,2021-01-13 00:00:00+05:30,20.25,20.55,19.25,19.25,288914
MBLINFRA,2021-01-14 00:00:00+05:30,18.65,19.15,18.35,18.45,185463
MBLINFRA,2021-01-15 00:00:00+05:30,18.7,18.7,17.55,17.6,395471
MBLINFRA,2021-01-18 00:00:00+05:30,17.2,18.45,16.9,18.45,1392807
MBLINFRA,2021-01-19 00:00:00+05:30,18.9,19.35,18.55,19.35,122526
MBLINFRA,2021-01-20 00:00:00+05:30,20.25,20.3,19.65,20.3,142143
MBLINFRA,2021-01-21 00:00:00+05:30,20.9,21.1,19.3,19.95,571624
MBLINFRA,2021-01-22 00:00:00+05:30,20.1,20.3,19.3,19.95,309353
MBLINFRA,2021-01-25 00:00:00+05:30,20.75,20.9,19.35,20.9,627748
MBLINFRA,2021-01-27 00:00:00+05:30,21.0,21.4,20.25,21.05,284698
MBLINFRA,2021-01-28 00:00:00+05:30,21.3,21.4,20.6,21.05,198971
MBLINFRA,2021-01-29 00:00:00+05:30,21.5,21.85,21.35,21.6,191642
MBLINFRA,2021-02-01 00:00:00+05:30,21.85,22.4,20.6,21.3,273925
MBLINFRA,2021-02-02 00:00:00+05:30,21.4,21.85,20.25,20.25,205428
MBLINFRA,2021-02-03 00:00:00+05:30,20.05,20.2,19.25,19.4,198693
MBLINFRA,2021-02-04 00:00:00+05:30,19.25,19.85,19.0,19.5,166839
MBLINFRA,2021-02-05 00:00:00+05:30,19.95,19.95,19.5,19.8,162072
MBLINFRA,2021-02-08 00:00:00+05:30,19.8,20.05,19.0,19.95,144634
MBLINFRA,2021-02-09 00:00:00+05:30,20.1,20.2,19.6,19.8,67128
MBLINFRA,2021-02-10 00:00:00+05:30,19.8,19.95,19.15,19.45,106693
MBLINFRA,2021-02-11 00:00:00+05:30,19.4,19.65,18.85,19.1,149783
MBLINFRA,2021-02-12 00:00:00+05:30,19.65,19.65,18.7,18.85,94692
MBLINFRA,2021-02-15 00:00:00+05:30,19.5,19.75,19.5,19.75,85201
MBLINFRA,2021-02-16 00:00:00+05:30,20.7,20.7,20.65,20.7,89756
MBLINFRA,2021-02-17 00:00:00+05:30,21.7,21.7,21.1,21.7,233906
MBLINFRA,2021-02-18 00:00:00+05:30,22.4,22.75,21.0,22.05,511051
MBLINFRA,2021-02-19 00:00:00+05:30,22.7,22.7,20.95,21.2,343897
MBLINFRA,2021-02-22 00:00:00+05:30,21.4,21.4,20.4,21.0,151671
MBLINFRA,2021-02-23 00:00:00+05:30,21.0,22.0,20.65,21.3,195469
MBLINFRA,2021-02-24 00:00:00+05:30,21.8,21.8,20.85,21.05,48854
MBLINFRA,2021-02-25 00:00:00+05:30,21.05,21.6,20.55,20.75,154392
MBLINFRA,2021-02-26 00:00:00+05:30,20.8,21.25,20.1,20.75,228772
MBLINFRA,2021-03-01 00:00:00+05:30,20.9,21.4,20.55,21.0,125131
MBLINFRA,2021-03-02 00:00:00+05:30,21.4,21.4,20.55,20.95,104338
MBLINFRA,2021-03-03 00:00:00+05:30,21.3,21.3,20.5,20.55,135027
MBLINFRA,2021-03-04 00:00:00+05:30,20.4,20.85,20.0,20.5,118608
MBLINFRA,2021-03-05 00:00:00+05:30,20.75,20.95,19.9,20.35,61221
MBLINFRA,2021-03-08 00:00:00+05:30,20.85,20.85,19.8,20.05,105709
MBLINFRA,2021-03-09 00:00:00+05:30,19.8,21.05,19.65,20.85,212209
MBLINFRA,2021-03-10 00:00:00+05:30,21.3,21.85,21.1,21.85,128995
MBLINFRA,2021-03-12 00:00:00+05:30,22.45,22.9,22.3,22.85,466299
MBLINFRA,2021-03-15 00:00:00+05:30,23.6,23.6,21.8,22.5,253876
MBLINFRA,2021-03-16 00:00:00+05:30,23.0,23.25,21.55,22.95,243947
MBLINFRA,2021-03-17 00:00:00+05:30,22.9,23.3,22.35,22.65,173110
MBLINFRA,2021-03-18 00:00:00+05:30,22.35,23.25,22.0,22.5,157895
MBLINFRA,2021-03-19 00:00:00+05:30,22.95,23.0,21.6,21.8,241138
MBLINFRA,2021-03-22 00:00:00+05:30,22.0,22.05,21.3,21.75,107047
MBLINFRA,2021-03-23 00:00:00+05:30,22.45,22.5,21.3,21.6,82290
MBLINFRA,2021-03-24 00:00:00+05:30,21.9,21.9,20.8,21.2,59770
MBLINFRA,2021-03-25 00:00:00+05:30,21.2,21.65,20.15,20.15,85107
MBLINFRA,2021-03-26 00:00:00+05:30,20.0,21.15,20.0,20.95,95179
MBLINFRA,2021-03-30 00:00:00+05:30,21.7,21.7,20.15,20.2,76693
MBLINFRA,2021-03-31 00:00:00+05:30,20.2,20.7,19.5,19.8,80428
MBLINFRA,2021-04-01 00:00:00+05:30,19.75,20.4,19.6,19.95,170919
MBLINFRA,2021-04-05 00:00:00+05:30,20.35,20.35,19.6,19.75,42057
MBLINFRA,2021-04-06 00:00:00+05:30,19.8,20.05,19.3,19.45,59704
MBLINFRA,2021-04-07 00:00:00+05:30,20.1,20.1,18.65,19.0,127950
MBLINFRA,2021-04-08 00:00:00+05:30,19.0,19.4,17.7,18.25,297035
MBLINFRA,2021-04-09 00:00:00+05:30,18.5,19.3,17.75,18.65,125781
MBLINFRA,2021-04-12 00:00:00+05:30,18.65,18.65,17.5,17.65,61984
MBLINFRA,2021-04-13 00:00:00+05:30,18.65,18.95,17.65,17.85,54480
MBLINFRA,2021-04-15 00:00:00+05:30,17.5,18.0,17.5,17.8,62246
MBLINFRA,2021-04-16 00:00:00+05:30,18.4,18.55,17.75,18.3,58072
MBLINFRA,2021-04-19 00:00:00+05:30,18.3,18.3,16.5,16.7,279316
MBLINFRA,2021-04-20 00:00:00+05:30,16.7,17.2,16.55,16.75,104933
MBLINFRA,2021-04-22 00:00:00+05:30,16.75,17.0,15.55,16.85,68321
MBLINFRA,2021-04-23 00:00:00+05:30,16.7,18.5,16.1,18.5,145892
MBLINFRA,2021-04-26 00:00:00+05:30,19.0,19.45,18.1,18.35,132936
MBLINFRA,2021-04-27 00:00:00+05:30,18.7,19.2,18.2,18.5,123133
MBLINFRA,2021-04-28 00:00:00+05:30,19.05,19.4,17.65,18.4,123249
MBLINFRA,2021-04-29 00:00:00+05:30,18.45,18.95,17.7,17.85,95735
MBLINFRA,2021-04-30 00:00:00+05:30,18.3,18.35,17.5,17.8,53281
MBLINFRA,2021-05-03 00:00:00+05:30,17.8,18.45,17.4,18.05,87471
MBLINFRA,2021-05-04 00:00:00+05:30,18.5,18.55,18.0,18.0,47158
MBLINFRA,2021-05-05 00:00:00+05:30,18.05,18.5,17.6,17.7,53528
MBLINFRA,2021-05-06 00:00:00+05:30,18.3,18.3,17.15,17.25,90435
MBLINFRA,2021-05-07 00:00:00+05:30,17.35,18.4,17.25,17.8,83542
MBLINFRA,2021-05-10 00:00:00+05:30,18.4,18.4,17.7,18.05,81095
MBLINFRA,2021-05-11 00:00:00+05:30,18.05,19.0,17.9,18.5,132303
MBLINFRA,2021-05-12 00:00:00+05:30,18.85,19.15,18.4,18.9,76550
MBLINFRA,2021-05-14 00:00:00+05:30,19.3,19.4,18.55,19.0,61447
MBLINFRA,2021-05-17 00:00:00+05:30,19.4,19.4,18.65,18.75,80003
MBLINFRA,2021-05-18 00:00:00+05:30,19.3,19.35,18.8,19.0,54016
MBLINFRA,2021-05-19 00:00:00+05:30,18.8,19.0,18.4,18.7,33899
MBLINFRA,2021-05-20 00:00:00+05:30,18.7,19.15,18.4,18.45,108497
MBLINFRA,2021-05-21 00:00:00+05:30,19.0,19.25,18.4,18.85,107825
MBLINFRA,2021-05-24 00:00:00+05:30,19.1,20.7,18.8,20.7,465395
MBLINFRA,2021-05-25 00:00:00+05:30,20.85,22.75,20.7,22.75,483254
MBLINFRA,2021-05-26 00:00:00+05:30,23.5,25.0,23.05,24.15,1173237
MBLINFRA,2021-05-27 00:00:00+05:30,23.9,23.9,22.95,22.95,219037
MBLINFRA,2021-05-28 00:00:00+05:30,22.5,22.75,21.85,22.0,222055
MBLINFRA,2021-05-31 00:00:00+05:30,21.05,21.7,20.9,21.4,271884
MBLINFRA,2021-06-01 00:00:00+05:30,21.85,21.85,21.0,21.5,118246
MBLINFRA,2021-06-02 00:00:00+05:30,22.0,22.55,21.25,22.55,155978
MBLINFRA,2021-06-03 00:00:00+05:30,22.9,23.65,22.6,23.65,282508
MBLINFRA,2021-06-04 00:00:00+05:30,23.9,23.9,22.7,22.95,111292
MBLINFRA,2021-06-07 00:00:00+05:30,22.7,23.4,22.1,22.8,194680
MBLINFRA,2021-06-08 00:00:00+05:30,22.8,22.9,21.7,22.2,191710
MBLINFRA,2021-06-09 00:00:00+05:30,22.4,23.3,22.05,23.25,308299
MBLINFRA,2021-06-10 00:00:00+05:30,23.8,24.3,23.5,23.9,235413
MBLINFRA,2021-06-11 00:00:00+05:30,24.5,24.9,23.4,23.8,114033
MBLINFRA,2021-06-14 00:00:00+05:30,24.25,24.25,22.65,23.3,147024
MBLINFRA,2021-06-15 00:00:00+05:30,23.8,24.45,23.3,24.45,297690
MBLINFRA,2021-06-16 00:00:00+05:30,25.4,25.65,24.65,25.65,408837
MBLINFRA,2021-06-17 00:00:00+05:30,26.6,26.9,26.0,26.9,123229
MBLINFRA,2021-06-18 00:00:00+05:30,27.6,28.2,25.6,25.85,687582
MBLINFRA,2021-06-21 00:00:00+05:30,25.95,27.1,24.6,27.1,257267
MBLINFRA,2021-06-22 00:00:00+05:30,27.5,28.45,27.5,28.45,526109
MBLINFRA,2021-06-23 00:00:00+05:30,29.7,29.85,28.0,29.05,701822
MBLINFRA,2021-06-24 00:00:00+05:30,27.6,27.6,27.6,27.6,120941
MBLINFRA,2021-06-25 00:00:00+05:30,26.25,26.25,26.25,26.25,104977
MBLINFRA,2021-06-28 00:00:00+05:30,24.95,24.95,24.95,24.95,140894
MBLINFRA,2021-06-29 00:00:00+05:30,23.75,26.1,23.75,23.75,696296
MBLINFRA,2021-06-30 00:00:00+05:30,23.8,24.9,22.8,24.05,587893
MBLINFRA,2021-07-01 00:00:00+05:30,23.6,23.85,23.0,23.05,331646
MBLINFRA,2021-07-02 00:00:00+05:30,23.0,23.25,22.1,22.25,328843
MBLINFRA,2021-07-05 00:00:00+05:30,22.25,23.35,22.0,23.35,479989
MBLINFRA,2021-07-06 00:00:00+05:30,23.35,24.2,23.2,23.9,243813
MBLINFRA,2021-07-07 00:00:00+05:30,23.65,24.5,23.15,23.35,126131
MBLINFRA,2021-07-08 00:00:00+05:30,23.15,23.75,22.2,22.5,193243
MBLINFRA,2021-07-09 00:00:00+05:30,23.0,23.25,22.5,23.05,98008
MBLINFRA,2021-07-12 00:00:00+05:30,23.7,24.0,23.0,23.45,86291
MBLINFRA,2021-07-13 00:00:00+05:30,23.6,24.6,23.0,24.25,244474
MBLINFRA,2021-07-14 00:00:00+05:30,24.55,24.55,23.8,24.15,110933
MBLINFRA,2021-07-15 00:00:00+05:30,24.55,24.55,23.5,24.3,121359
MBLINFRA,2021-07-16 00:00:00+05:30,24.0,24.7,23.5,23.85,93603
MBLINFRA,2021-07-19 00:00:00+05:30,23.7,24.5,23.5,24.0,135999
MBLINFRA,2021-07-20 00:00:00+05:30,23.8,25.2,23.05,23.85,149644
MBLINFRA,2021-07-22 00:00:00+05:30,23.2,24.5,23.2,23.65,64548
MBLINFRA,2021-07-23 00:00:00+05:30,23.55,24.0,23.0,23.15,90178
MBLINFRA,2021-07-26 00:00:00+05:30,23.95,23.95,22.8,23.55,140670
MBLINFRA,2021-07-27 00:00:00+05:30,24.3,24.3,23.05,23.65,86738
MBLINFRA,2021-07-28 00:00:00+05:30,24.1,24.1,22.6,23.05,94303
MBLINFRA,2021-07-29 00:00:00+05:30,23.75,23.75,22.65,22.85,70913
MBLINFRA,2021-07-30 00:00:00+05:30,22.95,23.5,22.7,23.2,56490
MBLINFRA,2021-08-02 00:00:00+05:30,23.0,23.85,23.0,23.55,84171
MBLINFRA,2021-08-03 00:00:00+05:30,24.15,24.15,23.15,23.7,79554
MBLINFRA,2021-08-04 00:00:00+05:30,23.3,23.95,22.8,23.25,109127
MBLINFRA,2021-08-05 00:00:00+05:30,23.0,23.45,22.4,22.95,51091
MBLINFRA,2021-08-06 00:00:00+05:30,23.45,23.45,22.85,23.05,60531
MBLINFRA,2021-08-09 00:00:00+05:30,23.75,23.75,21.9,22.4,227204
MBLINFRA,2021-08-10 00:00:00+05:30,22.4,22.4,20.3,20.5,153348
MBLINFRA,2021-08-11 00:00:00+05:30,20.65,20.65,18.5,19.2,237608
MBLINFRA,2021-08-12 00:00:00+05:30,19.9,21.1,19.25,21.1,82076
MBLINFRA,2021-08-13 00:00:00+05:30,22.1,22.85,20.15,20.5,229486
MBLINFRA,2021-08-16 00:00:00+05:30,20.4,21.95,19.65,20.2,72338
MBLINFRA,2021-08-17 00:00:00+05:30,21.4,21.4,19.6,19.75,64916
MBLINFRA,2021-08-18 00:00:00+05:30,20.6,20.6,18.8,19.35,85685
MBLINFRA,2021-08-20 00:00:00+05:30,19.3,19.65,18.0,18.45,99568
MBLINFRA,2021-08-23 00:00:00+05:30,18.25,19.55,16.65,16.7,271999
MBLINFRA,2021-08-24 00:00:00+05:30,16.85,18.35,16.3,18.35,120358
MBLINFRA,2021-08-25 00:00:00+05:30,18.35,19.25,17.85,18.6,76456
MBLINFRA,2021-08-26 00:00:00+05:30,19.25,19.25,18.25,18.35,60600
MBLINFRA,2021-08-27 00:00:00+05:30,18.35,18.8,17.3,17.85,93575
MBLINFRA,2021-08-30 00:00:00+05:30,17.55,18.8,17.25,18.5,74482
MBLINFRA,2021-08-31 00:00:00+05:30,18.7,18.75,17.7,18.35,35961
MBLINFRA,2021-09-01 00:00:00+05:30,18.5,20.05,18.5,19.65,285339
MBLINFRA,2021-09-02 00:00:00+05:30,20.05,20.05,18.6,19.05,81834
MBLINFRA,2021-09-03 00:00:00+05:30,19.4,20.2,19.35,20.0,87068
MBLINFRA,2021-09-06 00:00:00+05:30,20.45,20.65,19.2,19.4,50973
MBLINFRA,2021-09-07 00:00:00+05:30,19.4,19.8,19.2,19.2,24977
MBLINFRA,2021-09-08 00:00:00+05:30,18.9,19.9,18.8,19.15,27374
MBLINFRA,2021-09-09 00:00:00+05:30,19.2,19.75,18.85,19.1,58430
MBLINFRA,2021-09-13 00:00:00+05:30,18.95,19.5,18.5,18.85,40826
MBLINFRA,2021-09-14 00:00:00+05:30,18.95,19.35,18.5,18.7,91188
MBLINFRA,2021-09-15 00:00:00+05:30,18.65,19.25,18.55,18.85,47248
MBLINFRA,2021-09-16 00:00:00+05:30,19.5,19.9,18.8,19.25,77574
MBLINFRA,2021-09-17 00:00:00+05:30,19.55,19.55,19.0,19.35,57134
MBLINFRA,2021-09-20 00:00:00+05:30,19.0,19.55,17.6,18.55,79929
MBLINFRA,2021-09-21 00:00:00+05:30,18.5,18.9,17.8,18.55,101266
MBLINFRA,2021-09-22 00:00:00+05:30,18.85,18.9,17.95,18.1,62103
MBLINFRA,2021-09-23 00:00:00+05:30,18.7,18.7,18.05,18.15,30638
MBLINFRA,2021-09-24 00:00:00+05:30,18.75,18.75,18.05,18.25,42485
MBLINFRA,2021-09-27 00:00:00+05:30,18.85,18.85,18.1,18.25,34184
MBLINFRA,2021-09-28 00:00:00+05:30,18.4,18.7,18.05,18.3,50659
MBLINFRA,2021-09-29 00:00:00+05:30,18.8,18.8,18.0,18.45,25873
MBLINFRA,2021-09-30 00:00:00+05:30,18.85,18.9,18.45,18.8,43251
MBLINFRA,2021-10-01 00:00:00+05:30,18.85,19.4,18.15,18.85,45178
MBLINFRA,2021-10-04 00:00:00+05:30,18.95,19.8,18.55,19.65,83955
MBLINFRA,2021-10-05 00:00:00+05:30,19.85,20.4,19.65,20.1,83838
MBLINFRA,2021-10-06 00:00:00+05:30,20.4,20.5,19.5,19.8,56254
MBLINFRA,2021-10-07 00:00:00+05:30,20.7,23.75,19.8,23.15,554795
MBLINFRA,2021-10-08 00:00:00+05:30,24.7,25.7,23.5,23.75,954362
MBLINFRA,2021-10-11 00:00:00+05:30,24.0,24.0,20.0,23.0,197527
MBLINFRA,2021-10-12 00:00:00+05:30,23.4,23.4,22.0,22.25,126754
MBLINFRA,2021-10-13 00:00:00+05:30,22.25,22.45,21.4,21.9,128664
MBLINFRA,2021-10-14 00:00:00+05:30,21.9,22.8,21.45,22.05,121514
MBLINFRA,2021-10-18 00:00:00+05:30,22.35,22.85,21.65,22.5,141152
MBLINFRA,2021-10-19 00:00:00+05:30,22.9,24.0,21.9,22.1,302693
MBLINFRA,2021-10-20 00:00:00+05:30,22.1,22.25,21.25,21.7,79369
MBLINFRA,2021-10-21 00:00:00+05:30,21.35,22.35,20.75,21.0,82854
MBLINFRA,2021-10-22 00:00:00+05:30,21.0,21.5,20.6,20.7,58415
MBLINFRA,2021-10-25 00:00:00+05:30,21.4,21.4,20.0,20.2,79021
MBLINFRA,2021-10-26 00:00:00+05:30,20.7,21.9,20.3,20.9,50481
MBLINFRA,2021-10-27 00:00:00+05:30,21.55,21.55,20.0,20.4,68451
MBLINFRA,2021-10-28 00:00:00+05:30,20.35,20.55,19.95,20.05,53472
MBLINFRA,2021-10-29 00:00:00+05:30,20.0,21.1,19.6,19.95,49672
MBLINFRA,2021-11-01 00:00:00+05:30,19.95,20.4,19.65,19.75,43330
MBLINFRA,2021-11-02 00:00:00+05:30,20.0,22.5,19.7,21.75,269854
MBLINFRA,2021-11-03 00:00:00+05:30,21.9,24.5,20.85,24.0,683715
MBLINFRA,2021-11-04 00:00:00+05:30,25.0,27.0,25.0,26.05,1279860
MBLINFRA,2021-11-08 00:00:00+05:30,25.0,25.85,23.85,24.1,459647
MBLINFRA,2021-11-09 00:00:00+05:30,24.1,24.5,22.7,23.5,322214
MBLINFRA,2021-11-10 00:00:00+05:30,23.75,23.75,22.55,22.85,218307
MBLINFRA,2021-11-11 00:00:00+05:30,22.65,23.5,22.25,22.55,112959
MBLINFRA,2021-11-12 00:00:00+05:30,23.1,23.35,22.1,22.4,96949
MBLINFRA,2021-11-15 00:00:00+05:30,23.45,23.65,22.45,22.85,118996
MBLINFRA,2021-11-16 00:00:00+05:30,22.5,23.3,21.65,22.0,126316
MBLINFRA,2021-11-17 00:00:00+05:30,22.45,22.75,21.0,21.25,139399
MBLINFRA,2021-11-18 00:00:00+05:30,21.3,21.65,20.4,20.75,121378
MBLINFRA,2021-11-22 00:00:00+05:30,21.8,21.8,19.55,19.95,167242
MBLINFRA,2021-11-23 00:00:00+05:30,20.0,20.6,19.55,20.1,84267
MBLINFRA,2021-11-24 00:00:00+05:30,20.75,22.4,20.2,21.75,190327
MBLINFRA,2021-11-25 00:00:00+05:30,22.5,23.1,21.15,22.7,413755
MBLINFRA,2021-11-26 00:00:00+05:30,22.0,22.65,21.35,21.85,182369
MBLINFRA,2021-11-29 00:00:00+05:30,22.0,22.35,21.15,21.5,148725
MBLINFRA,2021-11-30 00:00:00+05:30,21.85,21.85,21.05,21.15,77532
MBLINFRA,2021-12-01 00:00:00+05:30,21.1,25.35,21.0,25.35,1493207
MBLINFRA,2021-12-02 00:00:00+05:30,27.6,30.4,25.75,30.4,5885171
MBLINFRA,2021-12-03 00:00:00+05:30,32.6,34.5,30.8,31.45,4723580
MBLINFRA,2021-12-06 00:00:00+05:30,33.0,34.55,31.1,34.55,2270297
MBLINFRA,2021-12-07 00:00:00+05:30,34.8,34.9,31.55,33.1,1877834
MBLINFRA,2021-12-08 00:00:00+05:30,33.3,34.3,30.55,31.35,716303
MBLINFRA,2021-12-09 00:00:00+05:30,32.0,32.05,29.15,29.7,596892
MBLINFRA,2021-12-10 00:00:00+05:30,29.7,31.0,29.7,30.05,342906
MBLINFRA,2021-12-13 00:00:00+05:30,30.25,33.05,30.25,31.8,641856
MBLINFRA,2021-12-14 00:00:00+05:30,31.8,32.5,31.0,31.85,272822
MBLINFRA,2021-12-15 00:00:00+05:30,32.1,33.95,29.4,32.35,727785
MBLINFRA,2021-12-16 00:00:00+05:30,32.5,33.0,30.6,31.6,277515
MBLINFRA,2021-12-17 00:00:00+05:30,31.8,32.0,29.8,29.95,231985
MBLINFRA,2021-12-20 00:00:00+05:30,30.65,30.65,27.0,27.0,395984
MBLINFRA,2021-12-21 00:00:00+05:30,27.95,29.7,27.55,29.7,246967
MBLINFRA,2021-12-22 00:00:00+05:30,31.2,31.9,29.4,29.7,295939
MBLINFRA,2021-12-23 00:00:00+05:30,30.15,31.8,29.25,30.65,616973
MBLINFRA,2021-12-24 00:00:00+05:30,30.75,30.75,29.65,30.0,142877
MBLINFRA,2021-12-27 00:00:00+05:30,30.4,30.7,29.35,29.55,238914
MBLINFRA,2021-12-28 00:00:00+05:30,30.3,30.85,29.65,29.85,241746
MBLINFRA,2021-12-29 00:00:00+05:30,30.2,30.3,29.8,29.95,123945
MBLINFRA,2021-12-30 00:00:00+05:30,29.95,32.45,29.95,31.7,765061
MBLINFRA,2021-12-31 00:00:00+05:30,31.9,33.1,31.8,32.05,451449
MBLINFRA,2022-01-03 00:00:00+05:30,32.5,35.25,32.05,34.15,828336
MBLINFRA,2022-01-04 00:00:00+05:30,37.5,37.5,33.5,35.55,1114362
MBLINFRA,2022-01-05 00:00:00+05:30,35.9,36.0,33.8,34.15,445919
MBLINFRA,2022-01-06 00:00:00+05:30,34.0,34.2,32.95,33.9,307573
MBLINFRA,2022-01-07 00:00:00+05:30,34.4,35.8,34.0,35.4,580718
MBLINFRA,2022-01-10 00:00:00+05:30,36.4,38.9,36.05,38.9,1427329
MBLINFRA,2022-01-11 00:00:00+05:30,40.05,40.7,37.05,37.2,995870
MBLINFRA,2022-01-12 00:00:00+05:30,37.7,39.05,35.6,36.9,767001
MBLINFRA,2022-01-13 00:00:00+05:30,37.2,38.7,36.3,38.05,645540
MBLINFRA,2022-01-14 00:00:00+05:30,38.7,38.7,36.7,37.05,310611
MBLINFRA,2022-01-17 00:00:00+05:30,37.05,38.5,37.05,38.0,277277
MBLINFRA,2022-01-18 00:00:00+05:30,39.9,39.9,39.0,39.85,769614
MBLINFRA,2022-01-19 00:00:00+05:30,41.45,41.8,40.4,41.8,338309
MBLINFRA,2022-01-20 00:00:00+05:30,43.0,43.85,41.05,42.55,1366068
MBLINFRA,2022-01-21 00:00:00+05:30,41.75,42.3,40.45,40.45,314627
MBLINFRA,2022-01-24 00:00:00+05:30,38.45,39.25,38.45,38.45,146962
MBLINFRA,2022-01-25 00:00:00+05:30,36.55,37.8,36.55,36.75,371355
MBLINFRA,2022-01-27 00:00:00+05:30,37.0,37.0,34.95,35.0,197013
MBLINFRA,2022-01-28 00:00:00+05:30,36.0,36.75,35.55,36.45,340008
MBLINFRA,2022-01-31 00:00:00+05:30,37.0,37.9,35.8,36.1,182115
MBLINFRA,2022-02-01 00:00:00+05:30,37.0,37.0,34.3,34.75,214790
MBLINFRA,2022-02-02 00:00:00+05:30,35.95,36.45,35.3,36.45,329839
MBLINFRA,2022-02-03 00:00:00+05:30,38.0,38.0,36.65,37.4,365577
MBLINFRA,2022-02-04 00:00:00+05:30,37.2,37.8,35.8,36.1,188325
MBLINFRA,2022-02-07 00:00:00+05:30,36.1,37.9,34.3,36.95,515214
MBLINFRA,2022-02-08 00:00:00+05:30,37.4,38.0,35.85,36.2,206603
MBLINFRA,2022-02-09 00:00:00+05:30,36.55,37.1,35.4,35.6,96699
MBLINFRA,2022-02-10 00:00:00+05:30,36.35,36.35,34.1,34.75,188971
MBLINFRA,2022-02-11 00:00:00+05:30,34.2,35.2,33.25,33.5,168024
MBLINFRA,2022-02-14 00:00:00+05:30,33.45,33.45,31.85,31.85,143375
MBLINFRA,2022-02-15 00:00:00+05:30,30.4,32.75,30.3,31.45,329107
MBLINFRA,2022-02-16 00:00:00+05:30,31.4,32.45,30.65,30.95,104221
MBLINFRA,2022-02-17 00:00:00+05:30,31.4,31.85,29.75,30.2,97836
MBLINFRA,2022-02-18 00:00:00+05:30,29.8,31.5,29.05,29.5,150292
MBLINFRA,2022-02-21 00:00:00+05:30,28.5,28.8,28.05,28.05,151265
MBLINFRA,2022-02-22 00:00:00+05:30,27.7,27.7,26.65,26.65,117832
MBLINFRA,2022-02-23 00:00:00+05:30,27.1,27.95,27.0,27.95,118380
MBLINFRA,2022-02-24 00:00:00+05:30,27.65,27.65,26.6,26.6,156407
MBLINFRA,2022-02-25 00:00:00+05:30,25.35,27.9,25.35,27.2,129322
MBLINFRA,2022-02-28 00:00:00+05:30,27.6,28.25,26.05,27.8,121279
MBLINFRA,2022-03-02 00:00:00+05:30,27.25,27.8,26.6,27.0,51207
MBLINFRA,2022-03-03 00:00:00+05:30,27.4,28.25,27.4,27.7,74693
MBLINFRA,2022-03-04 00:00:00+05:30,27.3,27.3,26.35,26.35,202412
MBLINFRA,2022-03-07 00:00:00+05:30,26.15,26.15,25.05,25.25,126194
MBLINFRA,2022-03-08 00:00:00+05:30,25.25,26.3,25.0,25.75,84484
MBLINFRA,2022-03-09 00:00:00+05:30,26.7,27.0,26.2,27.0,60890
MBLINFRA,2022-03-10 00:00:00+05:30,28.2,28.35,27.2,28.35,114422
MBLINFRA,2022-03-11 00:00:00+05:30,28.5,29.05,27.75,28.6,77470
MBLINFRA,2022-03-14 00:00:00+05:30,28.95,28.95,27.8,28.15,45594
MBLINFRA,2022-03-15 00:00:00+05:30,27.55,29.5,27.05,27.25,79774
MBLINFRA,2022-03-16 00:00:00+05:30,27.9,28.5,27.3,28.05,50703
MBLINFRA,2022-03-17 00:00:00+05:30,29.0,29.45,27.05,29.15,445809
MBLINFRA,2022-03-21 00:00:00+05:30,30.3,30.3,29.0,29.4,111426
MBLINFRA,2022-03-22 00:00:00+05:30,29.85,30.0,28.45,28.7,77540
MBLINFRA,2022-03-23 00:00:00+05:30,29.0,29.05,27.7,28.25,52647
MBLINFRA,2022-03-24 00:00:00+05:30,27.25,28.15,27.15,27.3,47991
MBLINFRA,2022-03-25 00:00:00+05:30,27.3,27.9,26.25,26.95,94640
MBLINFRA,2022-03-28 00:00:00+05:30,27.75,27.75,25.65,25.65,193703
MBLINFRA,2022-03-29 00:00:00+05:30,25.9,26.5,24.4,24.4,445944
MBLINFRA,2022-03-30 00:00:00+05:30,25.3,25.4,23.8,24.15,136844
MBLINFRA,2022-03-31 00:00:00+05:30,24.15,24.65,23.9,24.25,117173
MBLINFRA,2022-04-01 00:00:00+05:30,24.25,25.45,24.05,25.45,57757
MBLINFRA,2022-04-04 00:00:00+05:30,25.9,26.7,25.5,26.7,60045
MBLINFRA,2022-04-05 00:00:00+05:30,27.2,27.6,26.5,27.2,127793
MBLINFRA,2022-04-06 00:00:00+05:30,27.0,27.55,26.7,27.05,57452
MBLINFRA,2022-04-07 00:00:00+05:30,26.6,27.7,26.55,27.25,112052
MBLINFRA,2022-04-08 00:00:00+05:30,27.05,27.75,26.0,26.75,161059
MBLINFRA,2022-04-11 00:00:00+05:30,27.85,27.85,26.95,27.45,118679
MBLINFRA,2022-04-12 00:00:00+05:30,27.15,27.8,26.5,26.8,68559
MBLINFRA,2022-04-13 00:00:00+05:30,27.45,27.5,26.45,27.25,71501
MBLINFRA,2022-04-18 00:00:00+05:30,27.5,27.5,25.9,26.1,108394
MBLINFRA,2022-04-19 00:00:00+05:30,26.2,26.85,25.8,26.0,76293
MBLINFRA,2022-04-20 00:00:00+05:30,26.05,26.5,25.05,25.3,94530
MBLINFRA,2022-04-21 00:00:00+05:30,25.4,26.2,25.2,25.8,109241
MBLINFRA,2022-04-22 00:00:00+05:30,26.2,26.2,25.5,25.8,58037
MBLINFRA,2022-04-25 00:00:00+05:30,26.25,26.25,24.7,24.8,98675
MBLINFRA,2022-04-26 00:00:00+05:30,25.45,25.75,24.5,24.7,74288
MBLINFRA,2022-04-27 00:00:00+05:30,24.7,25.25,23.5,23.8,254309
MBLINFRA,2022-04-28 00:00:00+05:30,24.3,24.3,23.0,23.6,102793
MBLINFRA,2022-04-29 00:00:00+05:30,23.6,24.75,23.6,24.75,67918
MBLINFRA,2022-05-02 00:00:00+05:30,24.9,24.9,23.55,23.75,121223
MBLINFRA,2022-05-04 00:00:00+05:30,24.25,24.25,22.7,22.9,78696
MBLINFRA,2022-05-05 00:00:00+05:30,23.5,24.0,21.8,22.05,194369
MBLINFRA,2022-05-06 00:00:00+05:30,21.55,21.95,20.95,21.6,201310
MBLINFRA,2022-05-09 00:00:00+05:30,21.65,22.65,20.85,22.0,204830
MBLINFRA,2022-05-10 00:00:00+05:30,22.6,22.6,20.9,20.9,189166
MBLINFRA,2022-05-11 00:00:00+05:30,20.7,20.85,19.9,20.1,170296
MBLINFRA,2022-05-12 00:00:00+05:30,20.05,20.4,19.1,19.1,204550
MBLINFRA,2022-05-13 00:00:00+05:30,19.7,20.05,19.0,19.7,89003
MBLINFRA,2022-05-16 00:00:00+05:30,20.4,20.65,19.2,20.55,182967
MBLINFRA,2022-05-17 00:00:00+05:30,20.65,21.55,19.8,21.55,64430
MBLINFRA,2022-05-18 00:00:00+05:30,21.55,22.3,21.5,21.75,34742
MBLINFRA,2022-05-19 00:00:00+05:30,20.7,22.35,20.7,20.8,90451
MBLINFRA,2022-05-20 00:00:00+05:30,21.25,21.5,20.55,20.95,96216
MBLINFRA,2022-05-23 00:00:00+05:30,21.0,21.45,20.3,20.5,46668
MBLINFRA,2022-05-24 00:00:00+05:30,20.5,21.1,20.25,20.55,37198
MBLINFRA,2022-05-25 00:00:00+05:30,20.95,20.95,19.6,20.15,50178
MBLINFRA,2022-05-26 00:00:00+05:30,20.55,20.55,19.15,19.3,94288
MBLINFRA,2022-05-27 00:00:00+05:30,19.85,20.25,18.85,20.25,54268
MBLINFRA,2022-05-30 00:00:00+05:30,19.9,21.25,19.55,21.25,118727
MBLINFRA,2022-05-31 00:00:00+05:30,22.0,22.1,21.35,21.85,61084
MBLINFRA,2022-06-01 00:00:00+05:30,21.95,21.95,21.0,21.25,64718
MBLINFRA,2022-06-02 00:00:00+05:30,20.8,21.1,20.7,20.75,33866
MBLINFRA,2022-06-03 00:00:00+05:30,21.4,21.4,20.3,20.85,81180
MBLINFRA,2022-06-06 00:00:00+05:30,21.35,21.8,20.2,21.45,136303
MBLINFRA,2022-06-07 00:00:00+05:30,20.95,21.85,20.1,20.8,59922
MBLINFRA,2022-06-08 00:00:00+05:30,20.75,21.8,20.5,20.7,40232
MBLINFRA,2022-06-09 00:00:00+05:30,20.25,21.5,20.25,20.75,14381
MBLINFRA,2022-06-10 00:00:00+05:30,20.9,20.9,20.15,20.25,16550
MBLINFRA,2022-06-13 00:00:00+05:30,20.2,20.85,18.6,19.1,50223
MBLINFRA,2022-06-14 00:00:00+05:30,19.1,19.55,18.4,18.9,51765
MBLINFRA,2022-06-15 00:00:00+05:30,19.3,19.45,18.5,19.25,27211
MBLINFRA,2022-06-16 00:00:00+05:30,19.65,19.9,18.15,18.9,53916
MBLINFRA,2022-06-17 00:00:00+05:30,18.15,19.25,18.1,18.25,52592
MBLINFRA,2022-06-20 00:00:00+05:30,18.25,18.25,16.6,16.95,61406
MBLINFRA,2022-06-21 00:00:00+05:30,18.0,18.6,17.1,17.65,37601
MBLINFRA,2022-06-22 00:00:00+05:30,17.8,18.1,17.15,17.35,37124
MBLINFRA,2022-06-23 00:00:00+05:30,17.2,18.0,17.2,17.45,18140
MBLINFRA,2022-06-24 00:00:00+05:30,17.4,19.15,17.4,19.15,61471
MBLINFRA,2022-06-27 00:00:00+05:30,19.5,20.2,18.8,19.25,94963
MBLINFRA,2022-06-28 00:00:00+05:30,19.25,19.4,17.4,19.0,157017
MBLINFRA,2022-06-29 00:00:00+05:30,18.75,19.45,18.6,19.25,26591
MBLINFRA,2022-06-30 00:00:00+05:30,19.25,19.55,17.8,18.7,48637
MBLINFRA,2022-07-01 00:00:00+05:30,18.95,19.6,18.2,19.05,30470
MBLINFRA,2022-07-04 00:00:00+05:30,19.05,19.2,18.3,18.85,28053
MBLINFRA,2022-07-05 00:00:00+05:30,19.0,19.4,18.05,18.95,35286
MBLINFRA,2022-07-06 00:00:00+05:30,18.9,19.3,18.35,19.15,37067
MBLINFRA,2022-07-07 00:00:00+05:30,19.35,19.4,18.65,19.2,44323
MBLINFRA,2022-07-08 00:00:00+05:30,19.05,19.35,18.9,19.25,23306
MBLINFRA,2022-07-11 00:00:00+05:30,19.45,19.6,19.05,19.2,22904
MBLINFRA,2022-07-12 00:00:00+05:30,19.35,19.8,18.7,19.35,56896
MBLINFRA,2022-07-13 00:00:00+05:30,19.2,20.25,18.4,19.0,150466
MBLINFRA,2022-07-14 00:00:00+05:30,19.0,19.6,18.75,18.9,78954
MBLINFRA,2022-07-15 00:00:00+05:30,18.9,19.2,18.1,18.4,75861
MBLINFRA,2022-07-18 00:00:00+05:30,18.8,19.75,18.3,19.2,52391
MBLINFRA,2022-07-19 00:00:00+05:30,19.45,19.75,19.15,19.55,32312
MBLINFRA,2022-07-20 00:00:00+05:30,19.6,20.35,19.5,19.55,39796
MBLINFRA,2022-07-21 00:00:00+05:30,19.95,20.0,19.3,19.95,29688
MBLINFRA,2022-07-22 00:00:00+05:30,20.25,20.25,19.5,19.75,27544
MBLINFRA,2022-07-25 00:00:00+05:30,19.95,20.55,18.55,19.4,27704
MBLINFRA,2022-07-26 00:00:00+05:30,19.1,19.75,18.9,19.05,18688
MBLINFRA,2022-07-27 00:00:00+05:30,19.3,19.3,18.7,19.0,26362
MBLINFRA,2022-07-28 00:00:00+05:30,19.05,19.85,18.8,19.75,36275
MBLINFRA,2022-07-29 00:00:00+05:30,20.0,20.25,19.4,19.5,29505
MBLINFRA,2022-08-01 00:00:00+05:30,19.3,19.65,18.3,18.9,137238
MBLINFRA,2022-08-02 00:00:00+05:30,19.25,20.75,18.6,19.55,61708
MBLINFRA,2022-08-03 00:00:00+05:30,20.25,20.25,19.2,19.6,43317
MBLINFRA,2022-08-04 00:00:00+05:30,19.8,20.1,19.6,19.7,52137
MBLINFRA,2022-08-05 00:00:00+05:30,19.9,21.4,19.75,19.85,101551
MBLINFRA,2022-08-08 00:00:00+05:30,19.45,20.15,18.8,19.95,83265
MBLINFRA,2022-08-10 00:00:00+05:30,19.85,19.9,19.25,19.3,23353
MBLINFRA,2022-08-11 00:00:00+05:30,19.3,19.85,18.75,19.0,99153
MBLINFRA,2022-08-12 00:00:00+05:30,18.75,19.4,18.6,19.05,106851
MBLINFRA,2022-08-16 00:00:00+05:30,19.55,19.55,18.75,18.95,97313
MBLINFRA,2022-08-17 00:00:00+05:30,19.2,19.5,18.7,18.75,184215
MBLINFRA,2022-08-18 00:00:00+05:30,18.7,18.9,18.45,18.5,140015
MBLINFRA,2022-08-19 00:00:00+05:30,18.9,19.2,18.3,18.45,120754
MBLINFRA,2022-08-22 00:00:00+05:30,18.45,19.2,18.15,18.7,36226
MBLINFRA,2022-08-23 00:00:00+05:30,18.5,19.4,18.2,18.75,41670
MBLINFRA,2022-08-24 00:00:00+05:30,18.85,19.2,18.45,18.85,42418
MBLINFRA,2022-08-25 00:00:00+05:30,19.2,19.45,17.9,18.4,117463
MBLINFRA,2022-08-26 00:00:00+05:30,18.3,18.9,18.3,18.6,48637
MBLINFRA,2022-08-29 00:00:00+05:30,18.15,18.5,15.1,18.0,131656
MBLINFRA,2022-08-30 00:00:00+05:30,18.0,18.45,17.6,17.85,106138
MBLINFRA,2022-09-01 00:00:00+05:30,17.8,18.7,17.8,18.35,222579
MBLINFRA,2022-09-02 00:00:00+05:30,18.6,18.6,18.0,18.2,57046
MBLINFRA,2022-09-05 00:00:00+05:30,18.6,18.6,17.9,18.1,102491
MBLINFRA,2022-09-06 00:00:00+05:30,18.4,21.7,17.4,21.7,644431
MBLINFRA,2022-09-07 00:00:00+05:30,21.9,23.8,20.3,21.5,1355888
MBLINFRA,2022-09-08 00:00:00+05:30,21.65,22.25,21.1,21.35,106031
MBLINFRA,2022-09-09 00:00:00+05:30,21.45,21.95,20.0,20.65,165714
MBLINFRA,2022-09-12 00:00:00+05:30,20.8,21.0,20.0,20.15,105387
MBLINFRA,2022-09-13 00:00:00+05:30,20.35,24.15,20.35,23.1,2675308
MBLINFRA,2022-09-14 00:00:00+05:30,22.8,23.0,21.5,21.95,388848
MBLINFRA,2022-09-15 00:00:00+05:30,22.15,22.4,21.0,21.75,156022
MBLINFRA,2022-09-16 00:00:00+05:30,22.3,22.3,20.9,21.05,99275
MBLINFRA,2022-09-19 00:00:00+05:30,21.9,21.9,20.65,20.85,64278
MBLINFRA,2022-09-20 00:00:00+05:30,21.1,23.1,21.05,21.75,498244
MBLINFRA,2022-09-21 00:00:00+05:30,21.9,21.9,20.55,21.25,121884
MBLINFRA,2022-09-22 00:00:00+05:30,21.25,21.5,20.3,21.15,106365
MBLINFRA,2022-09-23 00:00:00+05:30,21.35,21.35,20.25,20.55,53763
MBLINFRA,2022-09-26 00:00:00+05:30,20.55,20.55,18.85,19.1,90903
MBLINFRA,2022-09-27 00:00:00+05:30,19.35,20.85,19.25,20.25,117238
MBLINFRA,2022-09-28 00:00:00+05:30,20.2,20.2,19.45,19.65,47490
MBLINFRA,2022-09-29 00:00:00+05:30,20.25,20.55,19.6,19.95,122108
MBLINFRA,2022-09-30 00:00:00+05:30,19.95,20.3,19.4,20.1,62058
MBLINFRA,2022-10-03 00:00:00+05:30,20.0,20.2,19.0,19.2,51663
MBLINFRA,2022-10-04 00:00:00+05:30,19.4,19.85,19.25,19.35,84437
MBLINFRA,2022-10-06 00:00:00+05:30,19.9,20.2,19.5,19.55,43325
MBLINFRA,2022-10-07 00:00:00+05:30,19.9,20.9,19.55,20.15,135131
MBLINFRA,2022-10-10 00:00:00+05:30,20.0,21.0,19.25,20.0,47289
MBLINFRA,2022-10-11 00:00:00+05:30,20.05,20.2,19.5,19.8,29634
MBLINFRA,2022-10-12 00:00:00+05:30,19.75,20.3,19.2,19.45,75271
MBLINFRA,2022-10-13 00:00:00+05:30,19.85,20.2,19.15,19.4,27216
MBLINFRA,2022-10-14 00:00:00+05:30,19.55,20.1,19.1,19.25,51441
MBLINFRA,2022-10-17 00:00:00+05:30,19.1,19.4,18.85,19.0,42862
MBLINFRA,2022-10-18 00:00:00+05:30,19.4,19.5,18.8,19.3,27515
MBLINFRA,2022-10-19 00:00:00+05:30,19.6,19.6,18.4,18.8,91086
MBLINFRA,2022-10-20 00:00:00+05:30,18.8,19.2,18.3,19.0,23620
MBLINFRA,2022-10-21 00:00:00+05:30,19.25,19.25,18.75,18.8,52594
MBLINFRA,2022-10-24 00:00:00+05:30,19.1,22.55,19.1,21.35,435614
MBLINFRA,2022-10-25 00:00:00+05:30,21.35,21.35,19.15,20.15,122491
MBLINFRA,2022-10-27 00:00:00+05:30,20.4,21.1,19.8,20.15,78585
MBLINFRA,2022-10-28 00:00:00+05:30,20.7,20.7,19.8,19.9,38893
MBLINFRA,2022-10-31 00:00:00+05:30,20.6,20.6,19.65,19.8,39112
MBLINFRA,2022-11-01 00:00:00+05:30,20.2,20.3,19.85,19.95,38459
MBLINFRA,2022-11-02 00:00:00+05:30,20.3,20.3,19.45,19.7,62887
MBLINFRA,2022-11-03 00:00:00+05:30,20.2,20.2,19.5,19.6,33483
MBLINFRA,2022-11-04 00:00:00+05:30,20.1,20.1,19.65,19.9,24814
MBLINFRA,2022-11-07 00:00:00+05:30,19.95,20.3,19.55,19.7,69817
MBLINFRA,2022-11-09 00:00:00+05:30,19.75,21.4,19.7,20.4,191749
MBLINFRA,2022-11-10 00:00:00+05:30,20.45,21.3,20.05,20.5,42473
MBLINFRA,2022-11-11 00:00:00+05:30,20.35,20.9,19.8,19.9,67152
MBLINFRA,2022-11-14 00:00:00+05:30,19.7,19.85,19.5,19.65,48088
MBLINFRA,2022-11-15 00:00:00+05:30,19.65,19.95,19.25,19.45,85589
MBLINFRA,2022-11-16 00:00:00+05:30,19.45,19.65,19.3,19.35,65668
MBLINFRA,2022-11-17 00:00:00+05:30,19.15,19.95,19.15,19.3,33041
MBLINFRA,2022-11-18 00:00:00+05:30,19.5,21.9,19.0,20.6,673401
MBLINFRA,2022-11-21 00:00:00+05:30,20.85,21.0,19.9,20.2,115453
MBLINFRA,2022-11-22 00:00:00+05:30,20.0,20.6,19.9,20.05,63309
MBLINFRA,2022-11-23 00:00:00+05:30,20.9,22.0,20.7,21.2,406269
MBLINFRA,2022-11-24 00:00:00+05:30,21.7,24.95,21.25,22.35,449296
MBLINFRA,2022-11-25 00:00:00+05:30,22.8,23.5,22.0,22.3,201483
MBLINFRA,2022-11-28 00:00:00+05:30,22.4,23.0,22.2,22.4,152838
MBLINFRA,2022-11-29 00:00:00+05:30,22.45,22.8,20.8,21.3,254981
MBLINFRA,2022-11-30 00:00:00+05:30,21.2,22.75,21.2,21.7,168535
MBLINFRA,2022-12-01 00:00:00+05:30,22.2,23.85,21.5,22.3,600129
MBLINFRA,2022-12-02 00:00:00+05:30,22.1,23.7,22.1,22.7,116157
MBLINFRA,2022-12-05 00:00:00+05:30,23.1,23.8,22.6,23.05,153732
MBLINFRA,2022-12-06 00:00:00+05:30,22.6,23.7,22.5,22.65,75025
MBLINFRA,2022-12-07 00:00:00+05:30,22.65,23.0,22.15,22.4,85040
MBLINFRA,2022-12-08 00:00:00+05:30,22.6,22.75,21.85,22.1,80081
MBLINFRA,2022-12-09 00:00:00+05:30,22.2,22.6,21.6,21.7,73863
MBLINFRA,2022-12-12 00:00:00+05:30,22.9,22.9,21.1,22.15,129640
MBLINFRA,2022-12-13 00:00:00+05:30,22.3,23.5,22.25,22.95,195517
MBLINFRA,2022-12-14 00:00:00+05:30,23.2,23.65,21.5,22.55,120275
MBLINFRA,2022-12-15 00:00:00+05:30,22.5,23.1,21.8,21.9,131402
MBLINFRA,2022-12-16 00:00:00+05:30,22.0,22.3,21.35,21.65,57992
MBLINFRA,2022-12-19 00:00:00+05:30,21.8,23.2,21.7,22.7,133535
MBLINFRA,2022-12-20 00:00:00+05:30,22.7,22.8,22.05,22.25,48575
MBLINFRA,2022-12-21 00:00:00+05:30,22.3,22.65,20.4,20.8,114550
MBLINFRA,2022-12-22 00:00:00+05:30,21.85,21.85,20.2,20.25,79232
MBLINFRA,2022-12-23 00:00:00+05:30,19.8,20.4,18.8,19.3,105065
MBLINFRA,2022-12-26 00:00:00+05:30,19.1,20.8,19.1,20.15,105983
MBLINFRA,2022-12-27 00:00:00+05:30,20.8,20.8,19.6,20.4,78196
MBLINFRA,2022-12-28 00:00:00+05:30,20.15,21.35,20.05,20.9,64708
MBLINFRA,2022-12-29 00:00:00+05:30,21.4,21.4,20.55,20.8,28969
MBLINFRA,2022-12-30 00:00:00+05:30,21.1,21.5,20.75,20.85,78109
MBLINFRA,2023-01-02 00:00:00+05:30,20.45,24.9,20.45,24.05,1364088
MBLINFRA,2023-01-03 00:00:00+05:30,24.05,24.05,22.65,23.7,387090
MBLINFRA,2023-01-04 00:00:00+05:30,23.75,23.75,22.1,23.3,231854
MBLINFRA,2023-01-05 00:00:00+05:30,23.3,26.7,23.15,24.75,1683081
MBLINFRA,2023-01-06 00:00:00+05:30,25.05,26.25,24.6,25.05,403913
MBLINFRA,2023-01-09 00:00:00+05:30,25.7,25.85,23.75,24.15,192043
MBLINFRA,2023-01-10 00:00:00+05:30,24.15,24.35,23.15,23.35,120279
MBLINFRA,2023-01-11 00:00:00+05:30,23.45,24.95,23.2,24.2,166577
MBLINFRA,2023-01-12 00:00:00+05:30,24.9,24.9,23.0,23.0,99442
MBLINFRA,2023-01-13 00:00:00+05:30,23.0,23.4,22.4,22.8,37613
MBLINFRA,2023-01-16 00:00:00+05:30,22.75,23.15,22.5,22.8,33867
MBLINFRA,2023-01-17 00:00:00+05:30,22.6,23.0,22.35,22.6,23943
MBLINFRA,2023-01-18 00:00:00+05:30,22.35,22.8,21.5,21.85,71768
MBLINFRA,2023-01-19 00:00:00+05:30,21.9,22.65,21.25,21.65,29179
MBLINFRA,2023-01-20 00:00:00+05:30,21.45,22.0,20.9,21.15,57797
MBLINFRA,2023-01-23 00:00:00+05:30,20.9,21.8,20.9,21.2,25681
MBLINFRA,2023-01-24 00:00:00+05:30,21.05,21.5,20.8,20.9,43695
MBLINFRA,2023-01-25 00:00:00+05:30,21.5,21.5,20.3,20.7,20914
MBLINFRA,2023-01-27 00:00:00+05:30,20.3,20.95,19.8,20.3,51556
MBLINFRA,2023-01-30 00:00:00+05:30,20.3,20.75,19.5,20.0,20905
MBLINFRA,2023-01-31 00:00:00+05:30,20.0,20.4,19.5,19.95,57068
MBLINFRA,2023-02-01 00:00:00+05:30,20.45,20.8,19.6,19.7,35708
MBLINFRA,2023-02-02 00:00:00+05:30,20.0,20.25,19.5,19.8,18088
MBLINFRA,2023-02-03 00:00:00+05:30,19.6,19.9,19.2,19.65,36787
MBLINFRA,2023-02-06 00:00:00+05:30,19.65,20.15,19.5,19.95,18685
MBLINFRA,2023-02-07 00:00:00+05:30,20.0,20.1,19.6,19.9,10316
MBLINFRA,2023-02-08 00:00:00+05:30,19.85,19.85,19.0,19.1,40513
MBLINFRA,2023-02-09 00:00:00+05:30,19.25,19.95,18.5,19.5,33014
MBLINFRA,2023-02-10 00:00:00+05:30,19.3,19.9,19.3,19.4,11698
MBLINFRA,2023-02-13 00:00:00+05:30,20.1,20.1,18.8,19.0,15359
MBLINFRA,2023-02-14 00:00:00+05:30,19.4,19.75,18.25,19.25,18164
MBLINFRA,2023-02-15 00:00:00+05:30,18.75,19.9,18.5,19.4,23387
MBLINFRA,2023-02-16 00:00:00+05:30,19.05,19.5,18.5,19.2,31695
MBLINFRA,2023-02-17 00:00:00+05:30,19.1,19.1,18.25,18.7,37941
MBLINFRA,2023-02-20 00:00:00+05:30,18.25,18.8,17.8,18.25,28506
MBLINFRA,2023-02-21 00:00:00+05:30,18.25,18.55,17.6,17.95,21677
MBLINFRA,2023-02-22 00:00:00+05:30,17.25,18.5,17.25,18.0,12240
MBLINFRA,2023-02-23 00:00:00+05:30,18.05,18.15,17.25,17.85,27095
MBLINFRA,2023-02-24 00:00:00+05:30,17.85,18.3,17.35,17.65,35312
MBLINFRA,2023-02-27 00:00:00+05:30,17.65,17.65,16.8,16.85,43026
MBLINFRA,2023-02-28 00:00:00+05:30,16.3,17.3,16.05,16.65,51752
MBLINFRA,2023-03-01 00:00:00+05:30,17.35,17.45,16.3,17.25,54877
MBLINFRA,2023-03-02 00:00:00+05:30,17.25,17.45,16.8,17.05,44415
MBLINFRA,2023-03-03 00:00:00+05:30,17.0,17.9,16.85,17.15,383979
MBLINFRA,2023-03-06 00:00:00+05:30,17.65,18.0,17.55,18.0,40014
MBLINFRA,2023-03-08 00:00:00+05:30,18.4,18.9,17.75,18.6,170979
MBLINFRA,2023-03-09 00:00:00+05:30,18.55,19.25,18.1,18.4,43685
MBLINFRA,2023-03-10 00:00:00+05:30,18.0,18.45,18.0,18.25,52825
MBLINFRA,2023-03-13 00:00:00+05:30,18.8,18.8,17.35,17.5,60087
MBLINFRA,2023-03-14 00:00:00+05:30,17.5,17.7,17.0,17.15,17428
MBLINFRA,2023-03-15 00:00:00+05:30,17.1,17.5,17.0,17.15,24174
MBLINFRA,2023-03-16 00:00:00+05:30,17.05,17.15,16.55,16.85,17645
MBLINFRA,2023-03-17 00:00:00+05:30,16.85,17.65,16.1,17.6,89238
MBLINFRA,2023-03-20 00:00:00+05:30,17.6,18.3,17.05,17.45,21273
MBLINFRA,2023-03-21 00:00:00+05:30,17.7,18.05,16.9,17.1,33428
MBLINFRA,2023-03-22 00:00:00+05:30,17.85,17.95,17.5,17.95,61373
MBLINFRA,2023-03-23 00:00:00+05:30,17.9,18.7,17.5,17.55,101032
MBLINFRA,2023-03-24 00:00:00+05:30,17.5,17.55,16.7,16.75,104500
MBLINFRA,2023-03-27 00:00:00+05:30,16.9,16.9,15.95,16.05,101463
MBLINFRA,2023-03-28 00:00:00+05:30,16.0,16.65,15.25,15.25,150096
MBLINFRA,2023-03-29 00:00:00+05:30,15.25,15.8,14.5,14.8,135862
MBLINFRA,2023-03-31 00:00:00+05:30,15.0,15.5,14.35,15.05,72999
MBLINFRA,2023-04-03 00:00:00+05:30,14.85,15.8,14.55,15.8,47521
MBLINFRA,2023-04-05 00:00:00+05:30,16.2,16.55,16.1,16.4,44387
MBLINFRA,2023-04-06 00:00:00+05:30,17.1,17.2,16.55,17.2,69969
MBLINFRA,2023-04-10 00:00:00+05:30,17.1,17.5,16.65,16.85,54777
MBLINFRA,2023-04-11 00:00:00+05:30,16.85,17.9,16.85,17.75,29539
MBLINFRA,2023-04-12 00:00:00+05:30,18.3,18.3,17.0,17.6,34749
MBLINFRA,2023-04-13 00:00:00+05:30,18.0,18.35,17.3,17.65,58051
MBLINFRA,2023-04-17 00:00:00+05:30,18.05,18.8,17.55,18.25,70663
MBLINFRA,2023-04-18 00:00:00+05:30,18.0,18.9,17.65,18.55,59371
MBLINFRA,2023-04-19 00:00:00+05:30,18.55,18.85,18.25,18.55,194950
MBLINFRA,2023-04-20 00:00:00+05:30,19.2,19.2,17.55,18.05,83502
MBLINFRA,2023-04-21 00:00:00+05:30,18.65,18.85,17.8,18.45,379079
MBLINFRA,2023-04-24 00:00:00+05:30,18.45,18.9,17.75,18.25,308472
MBLINFRA,2023-04-25 00:00:00+05:30,18.7,18.9,18.1,18.75,438544
MBLINFRA,2023-04-26 00:00:00+05:30,18.2,19.15,17.55,18.05,353396
MBLINFRA,2023-04-27 00:00:00+05:30,18.15,18.8,18.1,18.35,178392
MBLINFRA,2023-04-28 00:00:00+05:30,18.1,19.7,18.1,19.35,467667
MBLINFRA,2023-05-02 00:00:00+05:30,19.35,19.95,18.8,19.0,437573
MBLINFRA,2023-05-03 00:00:00+05:30,18.65,20.4,18.65,19.8,243357
MBLINFRA,2023-05-04 00:00:00+05:30,20.1,20.25,19.4,19.8,141315
MBLINFRA,2023-05-05 00:00:00+05:30,19.4,20.2,19.4,19.8,378439
MBLINFRA,2023-05-08 00:00:00+05:30,19.8,20.15,18.7,19.4,526404
MBLINFRA,2023-05-09 00:00:00+05:30,19.1,19.65,19.05,19.2,543123
MBLINFRA,2023-05-10 00:00:00+05:30,18.85,19.95,18.85,19.5,143795
MBLINFRA,2023-05-11 00:00:00+05:30,19.5,19.9,18.0,18.4,106007
MBLINFRA,2023-05-12 00:00:00+05:30,18.8,18.85,18.2,18.55,27208
MBLINFRA,2023-05-15 00:00:00+05:30,19.0,19.35,18.1,18.25,48502
MBLINFRA,2023-05-16 00:00:00+05:30,18.35,18.8,18.1,18.15,25643
MBLINFRA,2023-05-17 00:00:00+05:30,18.75,18.75,17.6,18.1,32949
MBLINFRA,2023-05-18 00:00:00+05:30,18.15,18.45,17.85,17.95,23684
MBLINFRA,2023-05-19 00:00:00+05:30,18.35,18.35,17.7,18.1,13989
MBLINFRA,2023-05-22 00:00:00+05:30,18.35,18.35,17.65,18.05,31442
MBLINFRA,2023-05-23 00:00:00+05:30,18.5,19.85,18.0,19.85,151542
MBLINFRA,2023-05-24 00:00:00+05:30,21.5,21.8,19.7,21.8,998764
MBLINFRA,2023-05-25 00:00:00+05:30,22.8,23.95,21.85,23.95,739674
MBLINFRA,2023-05-26 00:00:00+05:30,24.45,25.1,24.0,25.1,858488
MBLINFRA,2023-05-29 00:00:00+05:30,26.2,26.2,23.9,24.0,337910
MBLINFRA,2023-05-30 00:00:00+05:30,23.95,23.95,22.8,22.8,91921
MBLINFRA,2023-05-31 00:00:00+05:30,21.7,21.7,21.7,21.7,32144
MBLINFRA,2023-06-01 00:00:00+05:30,20.7,20.7,20.65,20.65,19982
MBLINFRA,2023-06-02 00:00:00+05:30,19.65,21.65,19.65,21.65,164567
MBLINFRA,2023-06-05 00:00:00+05:30,21.75,22.35,21.0,21.45,35109
MBLINFRA,2023-06-06 00:00:00+05:30,21.45,21.9,20.6,21.0,30387
MBLINFRA,2023-06-07 00:00:00+05:30,21.0,21.75,20.5,21.5,47992
MBLINFRA,2023-06-08 00:00:00+05:30,21.7,21.75,21.0,21.05,31256
MBLINFRA,2023-06-09 00:00:00+05:30,21.0,21.6,20.8,20.95,22524
MBLINFRA,2023-06-12 00:00:00+05:30,20.05,21.75,20.05,20.8,36033
MBLINFRA,2023-06-13 00:00:00+05:30,21.6,21.6,20.6,21.1,21148
MBLINFRA,2023-06-14 00:00:00+05:30,21.1,21.7,20.5,20.85,70496
MBLINFRA,2023-06-15 00:00:00+05:30,20.5,21.0,20.5,20.55,23675
MBLINFRA,2023-06-16 00:00:00+05:30,20.4,21.0,20.4,20.65,31928
MBLINFRA,2023-06-19 00:00:00+05:30,20.5,20.75,19.9,20.15,94742
MBLINFRA,2023-06-20 00:00:00+05:30,20.15,20.6,20.15,20.2,71242
MBLINFRA,2023-06-21 00:00:00+05:30,20.25,20.75,19.65,20.15,149524
MBLINFRA,2023-06-22 00:00:00+05:30,19.75,20.6,19.6,20.1,52573
MBLINFRA,2023-06-23 00:00:00+05:30,20.5,20.5,19.9,19.9,66576
MBLINFRA,2023-06-26 00:00:00+05:30,20.0,20.4,19.75,19.75,86392
MBLINFRA,2023-06-27 00:00:00+05:30,19.75,20.3,19.55,20.05,30997
MBLINFRA,2023-06-28 00:00:00+05:30,19.25,20.45,19.25,20.0,10943
MBLINFRA,2023-06-30 00:00:00+05:30,20.0,20.05,19.45,19.8,78679
MBLINFRA,2023-07-03 00:00:00+05:30,19.55,20.3,19.55,19.9,22430
MBLINFRA,2023-07-04 00:00:00+05:30,19.6,20.85,19.6,20.45,60910
MBLINFRA,2023-07-05 00:00:00+05:30,20.3,20.85,19.5,19.9,42887
MBLINFRA,2023-07-06 00:00:00+05:30,19.5,20.5,19.5,20.45,28013
MBLINFRA,2023-07-07 00:00:00+05:30,20.1,20.5,20.0,20.1,27917
MBLINFRA,2023-07-10 00:00:00+05:30,20.1,21.05,20.1,20.4,39555
MBLINFRA,2023-07-11 00:00:00+05:30,20.1,20.7,20.0,20.05,40921
MBLINFRA,2023-07-12 00:00:00+05:30,20.45,20.55,19.9,20.1,11724
MBLINFRA,2023-07-13 00:00:00+05:30,20.1,21.1,20.1,20.9,83673
MBLINFRA,2023-07-14 00:00:00+05:30,20.9,21.5,20.5,20.6,51648
MBLINFRA,2023-07-17 00:00:00+05:30,21.05,21.55,20.25,20.85,49923
MBLINFRA,2023-07-18 00:00:00+05:30,20.1,21.2,20.1,20.4,25186
MBLINFRA,2023-07-19 00:00:00+05:30,20.5,21.25,20.05,20.3,46853
MBLINFRA,2023-07-20 00:00:00+05:30,20.15,20.75,20.05,20.1,41104
MBLINFRA,2023-07-21 00:00:00+05:30,20.1,20.9,20.05,20.6,22050
MBLINFRA,2023-07-24 00:00:00+05:30,20.8,20.8,20.0,20.1,25720
MBLINFRA,2023-07-25 00:00:00+05:30,20.5,20.5,20.0,20.15,12486
MBLINFRA,2023-07-26 00:00:00+05:30,20.65,21.15,20.1,20.95,106280
MBLINFRA,2023-07-27 00:00:00+05:30,21.55,21.55,20.35,20.7,30321
MBLINFRA,2023-07-28 00:00:00+05:30,20.1,20.65,20.0,20.1,84809
MBLINFRA,2023-07-31 00:00:00+05:30,20.2,20.25,19.9,20.05,30199
MBLINFRA,2023-08-01 00:00:00+05:30,20.45,20.45,20.0,20.15,13192
MBLINFRA,2023-08-02 00:00:00+05:30,20.15,20.5,20.0,20.1,26303
MBLINFRA,2023-08-03 00:00:00+05:30,20.15,20.4,19.9,20.15,33650
MBLINFRA,2023-08-04 00:00:00+05:30,20.05,21.15,19.95,21.15,225119
MBLINFRA,2023-08-07 00:00:00+05:30,22.2,22.2,22.2,22.2,62702
MBLINFRA,2023-08-08 00:00:00+05:30,23.3,23.3,23.3,23.3,25386
MBLINFRA,2023-08-09 00:00:00+05:30,24.45,24.45,24.45,24.45,50425
MBLINFRA,2023-08-10 00:00:00+05:30,24.0,24.0,24.0,24.0,103203
MBLINFRA,2023-08-11 00:00:00+05:30,23.55,23.75,23.55,23.75,150828
MBLINFRA,2023-08-14 00:00:00+05:30,23.5,23.6,23.5,23.6,46375
MBLINFRA,2023-08-16 00:00:00+05:30,23.25,23.6,23.25,23.5,60210
MBLINFRA,2023-08-17 00:00:00+05:30,23.5,23.5,23.05,23.1,38976
MBLINFRA,2023-08-18 00:00:00+05:30,23.0,23.0,22.65,22.65,72058
MBLINFRA,2023-08-21 00:00:00+05:30,22.65,23.0,22.5,23.0,70628
MBLINFRA,2023-08-22 00:00:00+05:30,23.45,23.45,23.45,23.45,60780
MBLINFRA,2023-08-23 00:00:00+05:30,23.9,23.9,23.9,23.9,50748
MBLINFRA,2023-08-24 00:00:00+05:30,24.35,24.35,24.35,24.35,71951
MBLINFRA,2023-08-25 00:00:00+05:30,24.8,24.8,23.9,23.9,56514
MBLINFRA,2023-08-28 00:00:00+05:30,23.9,23.9,23.9,23.9,9563
MBLINFRA,2023-08-29 00:00:00+05:30,24.35,24.35,24.35,24.35,39712
MBLINFRA,2023-08-30 00:00:00+05:30,24.8,24.8,24.8,24.8,40756
MBLINFRA,2023-08-31 00:00:00+05:30,25.25,25.25,25.25,25.25,46204
MBLINFRA,2023-09-01 00:00:00+05:30,25.75,25.75,25.75,25.75,21670
MBLINFRA,2023-09-04 00:00:00+05:30,26.25,26.25,26.25,26.25,59441
MBLINFRA,2023-09-05 00:00:00+05:30,26.75,26.75,26.75,26.75,24356
MBLINFRA,2023-09-06 00:00:00+05:30,27.25,27.25,27.25,27.25,56056
MBLINFRA,2023-09-07 00:00:00+05:30,27.75,27.75,27.75,27.75,18697
MBLINFRA,2023-09-08 00:00:00+05:30,28.3,28.3,28.3,28.3,35177
MBLINFRA,2023-09-11 00:00:00+05:30,28.85,28.85,27.75,27.75,104543
MBLINFRA,2023-09-12 00:00:00+05:30,27.2,27.2,27.2,27.2,68250
MBLINFRA,2023-09-13 00:00:00+05:30,27.15,27.15,26.75,27.0,57829
MBLINFRA,2023-09-14 00:00:00+05:30,26.6,27.5,26.6,27.05,62576
MBLINFRA,2023-09-15 00:00:00+05:30,27.25,27.55,27.25,27.55,43592
MBLINFRA,2023-09-18 00:00:00+05:30,28.1,28.1,28.1,28.1,116772
MBLINFRA,2023-09-20 00:00:00+05:30,28.65,28.65,28.65,28.65,31738
MBLINFRA,2023-09-21 00:00:00+05:30,29.2,29.2,28.5,28.5,91582
MBLINFRA,2023-09-22 00:00:00+05:30,28.5,28.5,28.2,28.2,124625
MBLINFRA,2023-09-25 00:00:00+05:30,28.5,28.5,28.15,28.25,20828
MBLINFRA,2023-09-26 00:00:00+05:30,28.05,28.25,28.0,28.0,28398
MBLINFRA,2023-09-27 00:00:00+05:30,28.05,28.55,28.05,28.55,77577
MBLINFRA,2023-09-28 00:00:00+05:30,28.8,29.1,28.8,29.1,77874
MBLINFRA,2023-09-29 00:00:00+05:30,29.65,29.65,28.55,28.55,31519
MBLINFRA,2023-10-03 00:00:00+05:30,28.25,28.5,28.25,28.5,29294
MBLINFRA,2023-10-04 00:00:00+05:30,28.5,28.5,28.0,28.0,26228
MBLINFRA,2023-10-05 00:00:00+05:30,28.0,28.0,27.8,27.8,21227
MBLINFRA,2023-10-06 00:00:00+05:30,27.8,28.3,27.5,28.3,53747
MBLINFRA,2023-10-09 00:00:00+05:30,29.5,29.5,26.9,26.95,60477
MBLINFRA,2023-10-10 00:00:00+05:30,26.6,27.8,25.7,27.05,66340
MBLINFRA,2023-10-11 00:00:00+05:30,27.25,28.2,26.75,27.95,87984
MBLINFRA,2023-10-12 00:00:00+05:30,29.0,29.25,28.5,29.0,163112
MBLINFRA,2023-10-13 00:00:00+05:30,29.5,29.9,27.7,29.0,126799
MBLINFRA,2023-10-16 00:00:00+05:30,28.6,29.75,27.6,28.3,92880
MBLINFRA,2023-10-17 00:00:00+05:30,28.3,29.45,28.2,28.7,39487
MBLINFRA,2023-10-18 00:00:00+05:30,27.7,29.9,27.6,28.85,60273
MBLINFRA,2023-10-19 00:00:00+05:30,28.8,29.5,27.6,29.05,36208
MBLINFRA,2023-10-20 00:00:00+05:30,29.5,30.5,29.5,30.5,147297
MBLINFRA,2023-10-23 00:00:00+05:30,32.0,32.0,30.8,32.0,144360
MBLINFRA,2023-10-25 00:00:00+05:30,33.0,33.15,30.4,31.55,267038
MBLINFRA,2023-10-26 00:00:00+05:30,31.1,32.45,30.0,30.25,145262
MBLINFRA,2023-10-27 00:00:00+05:30,30.25,31.75,30.25,31.75,60389
MBLINFRA,2023-10-30 00:00:00+05:30,33.3,33.3,33.3,33.3,115079
MBLINFRA,2023-10-31 00:00:00+05:30,34.95,34.95,34.95,34.95,99631
MBLINFRA,2023-11-01 00:00:00+05:30,36.65,36.65,36.65,36.65,42108
MBLINFRA,2023-11-02 00:00:00+05:30,38.25,38.45,38.25,38.45,339170
MBLINFRA,2023-11-03 00:00:00+05:30,40.35,40.35,36.6,40.35,1022605
MBLINFRA,2023-11-06 00:00:00+05:30,42.0,42.35,41.0,42.35,787259
MBLINFRA,2023-11-07 00:00:00+05:30,44.45,44.45,43.2,44.45,934516
MBLINFRA,2023-11-08 00:00:00+05:30,46.65,46.65,46.65,46.65,29127
MBLINFRA,2023-11-09 00:00:00+05:30,48.95,48.95,47.75,48.95,832149
MBLINFRA,2023-11-10 00:00:00+05:30,49.0,51.35,46.65,51.35,1251116
MBLINFRA,2023-11-12 00:00:00+05:30,51.9,52.95,48.8,51.4,814807
MBLINFRA,2023-11-13 00:00:00+05:30,51.4,51.4,48.85,48.9,581634
MBLINFRA,2023-11-15 00:00:00+05:30,49.75,51.0,46.45,46.45,811107
MBLINFRA,2023-11-16 00:00:00+05:30,45.15,46.0,44.15,44.15,981249
MBLINFRA,2023-11-17 00:00:00+05:30,44.3,46.35,42.5,46.35,254003
MBLINFRA,2023-11-20 00:00:00+05:30,48.35,48.65,46.4,47.15,595477
MBLINFRA,2023-11-21 00:00:00+05:30,47.8,48.5,45.0,47.05,127369
MBLINFRA,2023-11-22 00:00:00+05:30,47.1,47.1,44.9,46.0,96859
MBLINFRA,2023-11-23 00:00:00+05:30,45.9,46.45,43.7,43.9,185599
MBLINFRA,2023-11-24 00:00:00+05:30,42.1,44.8,41.7,43.0,103495
MBLINFRA,2023-11-28 00:00:00+05:30,43.4,45.15,43.4,45.15,168693
MBLINFRA,2023-11-29 00:00:00+05:30,46.55,47.4,45.1,47.0,232064
MBLINFRA,2023-11-30 00:00:00+05:30,46.7,46.7,44.7,46.05,89752
MBLINFRA,2023-12-01 00:00:00+05:30,46.4,47.4,44.3,45.6,99879
MBLINFRA,2023-12-04 00:00:00+05:30,47.4,47.4,44.3,45.0,79095
MBLINFRA,2023-12-05 00:00:00+05:30,44.0,45.1,42.75,42.75,117719
MBLINFRA,2023-12-06 00:00:00+05:30,41.9,44.4,40.75,43.45,81505
MBLINFRA,2023-12-07 00:00:00+05:30,43.85,43.9,42.0,42.9,51425
MBLINFRA,2023-12-08 00:00:00+05:30,43.9,43.9,42.0,42.4,61313
MBLINFRA,2023-12-11 00:00:00+05:30,43.4,44.5,41.15,44.5,130482
MBLINFRA,2023-12-12 00:00:00+05:30,46.7,46.7,44.0,44.25,73207
MBLINFRA,2023-12-13 00:00:00+05:30,44.25,46.45,44.25,46.45,189057
MBLINFRA,2023-12-14 00:00:00+05:30,48.75,48.75,47.0,48.75,425477
MBLINFRA,2023-12-15 00:00:00+05:30,51.15,51.15,48.75,50.0,747677
MBLINFRA,2023-12-18 00:00:00+05:30,49.0,49.0,49.0,49.0,59806
MBLINFRA,2023-12-19 00:00:00+05:30,48.05,48.05,48.05,48.05,22629
MBLINFRA,2023-12-20 00:00:00+05:30,47.1,47.1,47.1,47.1,8783
MBLINFRA,2023-12-21 00:00:00+05:30,46.15,46.15,46.15,46.15,7523
MBLINFRA,2023-12-22 00:00:00+05:30,45.25,45.25,45.25,45.25,17746
MBLINFRA,2023-12-26 00:00:00+05:30,45.05,46.15,45.05,46.15,60378
MBLINFRA,2023-12-27 00:00:00+05:30,47.05,47.05,47.0,47.0,65887
MBLINFRA,2023-12-28 00:00:00+05:30,46.75,46.75,46.1,46.1,31045
MBLINFRA,2023-12-29 00:00:00+05:30,45.2,45.2,45.2,45.2,22612
MBLINFRA,2024-01-01 00:00:00+05:30,45.2,45.2,45.0,45.0,28821
MBLINFRA,2024-01-02 00:00:00+05:30,44.85,44.85,44.1,44.15,79397
MBLINFRA,2024-01-03 00:00:00+05:30,43.3,44.5,43.3,44.5,89755
MBLINFRA,2024-01-04 00:00:00+05:30,44.75,45.35,44.0,44.1,169326
MBLINFRA,2024-01-05 00:00:00+05:30,44.2,44.95,44.1,44.95,95385
MBLINFRA,2024-01-08 00:00:00+05:30,45.8,45.8,45.8,45.8,34049
MBLINFRA,2024-01-09 00:00:00+05:30,46.7,46.7,46.7,46.7,182263
MBLINFRA,2024-01-10 00:00:00+05:30,47.6,47.6,47.6,47.6,86668
MBLINFRA,2024-01-11 00:00:00+05:30,47.6,48.55,47.6,48.55,134368
MBLINFRA,2024-01-12 00:00:00+05:30,49.5,49.5,49.5,49.5,129177
MBLINFRA,2024-01-15 00:00:00+05:30,50.45,50.45,50.45,50.45,136847
MBLINFRA,2024-01-16 00:00:00+05:30,51.0,51.0,49.45,49.5,147063
MBLINFRA,2024-01-17 00:00:00+05:30,48.55,48.55,48.55,48.55,38492
MBLINFRA,2024-01-18 00:00:00+05:30,47.6,47.6,47.6,47.6,42556
MBLINFRA,2024-01-19 00:00:00+05:30,47.6,47.6,46.65,46.65,106003
MBLINFRA,2024-01-20 00:00:00+05:30,48.95,48.95,47.4,48.0,187233
MBLINFRA,2024-01-23 00:00:00+05:30,48.45,48.45,45.6,45.6,126659
MBLINFRA,2024-01-24 00:00:00+05:30,45.55,47.85,43.7,47.3,75853
MBLINFRA,2024-01-25 00:00:00+05:30,47.9,49.65,47.9,49.65,158537
MBLINFRA,2024-01-29 00:00:00+05:30,52.1,52.1,50.7,52.1,218413
MBLINFRA,2024-01-30 00:00:00+05:30,54.7,54.7,52.5,54.7,225876
MBLINFRA,2024-01-31 00:00:00+05:30,56.75,57.4,55.8,57.4,129678
MBLINFRA,2024-02-01 00:00:00+05:30,60.25,60.25,60.25,60.25,107323
MBLINFRA,2024-02-02 00:00:00+05:30,59.05,59.1,59.05,59.1,153280
MBLINFRA,2024-02-05 00:00:00+05:30,59.1,59.1,57.95,57.95,38480
MBLINFRA,2024-02-06 00:00:00+05:30,57.0,57.0,56.8,56.8,44735
MBLINFRA,2024-02-07 00:00:00+05:30,55.7,55.7,55.7,55.7,35002
MBLINFRA,2024-02-08 00:00:00+05:30,54.6,54.6,54.6,54.6,55264
MBLINFRA,2024-02-09 00:00:00+05:30,53.5,53.5,53.5,53.5,33094
MBLINFRA,2024-02-12 00:00:00+05:30,52.45,52.45,52.45,52.45,24073
MBLINFRA,2024-02-13 00:00:00+05:30,51.4,51.4,51.4,51.4,75063
MBLINFRA,2024-02-14 00:00:00+05:30,50.4,52.0,50.4,51.0,45999
MBLINFRA,2024-02-15 00:00:00+05:30,50.05,52.0,50.05,52.0,36554
MBLINFRA,2024-02-16 00:00:00+05:30,52.65,53.0,52.65,53.0,57821
MBLINFRA,2024-02-19 00:00:00+05:30,54.0,54.05,54.0,54.0,56255
MBLINFRA,2024-02-20 00:00:00+05:30,53.9,53.9,52.95,52.95,23304
MBLINFRA,2024-02-21 00:00:00+05:30,51.9,51.9,51.9,51.9,34169
MBLINFRA,2024-02-22 00:00:00+05:30,51.9,51.9,51.0,51.1,30432
MBLINFRA,2024-02-23 00:00:00+05:30,51.1,51.1,50.5,50.5,26398
MBLINFRA,2024-02-26 00:00:00+05:30,50.5,50.5,49.95,49.95,51016
MBLINFRA,2024-02-27 00:00:00+05:30,48.95,48.95,48.95,48.95,45605
MBLINFRA,2024-02-28 00:00:00+05:30,48.0,48.0,48.0,48.0,29970
MBLINFRA,2024-02-29 00:00:00+05:30,47.05,47.45,47.05,47.05,19469
MBLINFRA,2024-03-01 00:00:00+05:30,46.1,47.95,46.1,47.95,101086
MBLINFRA,2024-03-02 00:00:00+05:30,47.95,48.1,47.95,48.1,2455
MBLINFRA,2024-03-04 00:00:00+05:30,47.2,47.2,47.15,47.15,46448
MBLINFRA,2024-03-05 00:00:00+05:30,46.9,46.9,46.2,46.2,14223
MBLINFRA,2024-03-06 00:00:00+05:30,45.3,45.3,45.3,45.3,10427
MBLINFRA,2024-03-07 00:00:00+05:30,45.0,46.2,45.0,46.2,29633
MBLINFRA,2024-03-11 00:00:00+05:30,45.0,48.0,43.95,44.2,118396
MBLINFRA,2024-03-12 00:00:00+05:30,44.2,45.95,42.0,42.95,104905
MBLINFRA,2024-03-13 00:00:00+05:30,42.0,42.95,40.8,41.25,127667
MBLINFRA,2024-03-14 00:00:00+05:30,40.95,43.3,39.2,43.3,139643
MBLINFRA,2024-03-15 00:00:00+05:30,44.9,45.45,44.55,45.45,98799
MBLINFRA,2024-03-18 00:00:00+05:30,45.45,47.7,43.55,47.7,71223
MBLINFRA,2024-03-19 00:00:00+05:30,49.0,49.95,46.5,46.8,187148
MBLINFRA,2024-03-20 00:00:00+05:30,46.75,48.8,46.2,46.95,182024
MBLINFRA,2024-03-21 00:00:00+05:30,49.25,49.25,47.9,49.25,53268
MBLINFRA,2024-03-22 00:00:00+05:30,51.7,51.7,51.55,51.7,74782
MBLINFRA,2024-03-26 00:00:00+05:30,54.25,54.25,54.25,54.25,43050
MBLINFRA,2024-03-27 00:00:00+05:30,56.95,56.95,56.95,56.95,80327
MBLINFRA,2024-03-28 00:00:00+05:30,58.85,58.85,54.1,54.55,268378
MBLINFRA,2024-04-01 00:00:00+05:30,57.2,57.25,53.7,54.45,147203
MBLINFRA,2024-04-02 00:00:00+05:30,54.45,56.45,52.75,53.9,125711
MBLINFRA,2024-04-03 00:00:00+05:30,53.95,55.95,53.1,54.45,109727
MBLINFRA,2024-04-04 00:00:00+05:30,56.45,56.45,54.0,54.25,66457
MBLINFRA,2024-04-05 00:00:00+05:30,54.85,55.75,50.25,53.75,132501
MBLINFRA,2024-04-08 00:00:00+05:30,54.85,55.55,49.35,52.8,133063
MBLINFRA,2024-04-09 00:00:00+05:30,52.35,58.05,52.35,58.05,377290
MBLINFRA,2024-04-10 00:00:00+05:30,60.4,61.35,55.8,56.95,430118
MBLINFRA,2024-04-12 00:00:00+05:30,57.55,59.0,54.6,55.95,146076
MBLINFRA,2024-04-15 00:00:00+05:30,54.4,56.5,52.0,53.8,129467
MBLINFRA,2024-04-16 00:00:00+05:30,53.5,55.7,52.8,53.2,73215
MBLINFRA,2024-04-18 00:00:00+05:30,53.5,57.35,53.2,53.95,83708
MBLINFRA,2024-04-19 00:00:00+05:30,53.45,53.9,51.65,52.95,89523
MBLINFRA,2024-04-22 00:00:00+05:30,53.25,55.05,52.2,52.7,65608
MBLINFRA,2024-04-23 00:00:00+05:30,52.7,54.75,52.3,53.0,90012
MBLINFRA,2024-04-24 00:00:00+05:30,53.9,53.9,51.7,52.75,118904
MBLINFRA,2024-04-25 00:00:00+05:30,52.35,53.5,50.15,51.3,135851
MBLINFRA,2024-04-26 00:00:00+05:30,52.0,53.5,51.45,53.2,131172
MBLINFRA,2024-04-29 00:00:00+05:30,53.9,54.4,51.65,52.3,97460
MBLINFRA,2024-04-30 00:00:00+05:30,52.75,52.75,47.1,48.05,297339
MBLINFRA,2024-05-02 00:00:00+05:30,48.95,50.05,46.45,47.4,215865
MBLINFRA,2024-05-03 00:00:00+05:30,48.0,49.5,47.35,48.7,123232
MBLINFRA,2024-05-06 00:00:00+05:30,49.4,49.4,45.6,46.8,119277
MBLINFRA,2024-05-07 00:00:00+05:30,47.0,49.9,46.85,47.3,88587
MBLINFRA,2024-05-08 00:00:00+05:30,46.5,47.85,46.5,47.1,18509
MBLINFRA,2024-05-09 00:00:00+05:30,48.25,48.25,43.8,44.25,100805
MBLINFRA,2024-05-10 00:00:00+05:30,44.6,45.95,44.0,44.3,71401
MBLINFRA,2024-05-13 00:00:00+05:30,44.9,44.95,43.2,44.5,57695
MBLINFRA,2024-05-14 00:00:00+05:30,44.15,47.7,44.15,46.55,31755
MBLINFRA,2024-05-15 00:00:00+05:30,47.0,47.95,46.0,46.6,26666
MBLINFRA,2024-05-16 00:00:00+05:30,46.1,46.95,45.4,45.85,27065
MBLINFRA,2024-05-17 00:00:00+05:30,46.0,47.0,45.15,46.1,32117
MBLINFRA,2024-05-18 00:00:00+05:30,46.85,48.4,45.1,47.7,38941
MBLINFRA,2024-05-21 00:00:00+05:30,47.9,48.2,45.8,46.2,70194
MBLINFRA,2024-05-22 00:00:00+05:30,47.25,47.3,46.4,46.75,43124
MBLINFRA,2024-05-23 00:00:00+05:30,47.85,47.85,46.05,46.8,58383
MBLINFRA,2024-05-24 00:00:00+05:30,47.15,47.15,45.0,45.65,50769
MBLINFRA,2024-05-27 00:00:00+05:30,46.25,46.8,43.45,44.8,80814
MBLINFRA,2024-05-28 00:00:00+05:30,45.5,45.5,44.5,44.65,55875
MBLINFRA,2024-05-29 00:00:00+05:30,45.35,45.35,42.8,43.95,55371
MBLINFRA,2024-05-30 00:00:00+05:30,44.9,45.0,43.4,43.7,59327
MBLINFRA,2024-05-31 00:00:00+05:30,44.6,44.65,42.05,42.35,90001
MBLINFRA,2024-06-03 00:00:00+05:30,45.95,45.95,43.1,43.5,103154
MBLINFRA,2024-06-04 00:00:00+05:30,44.0,44.5,39.15,39.15,210202
MBLINFRA,2024-06-05 00:00:00+05:30,39.15,42.0,36.15,41.1,67636
MBLINFRA,2024-06-06 00:00:00+05:30,42.9,45.2,41.75,45.2,236709
MBLINFRA,2024-06-07 00:00:00+05:30,46.2,47.1,43.5,44.8,195752
MBLINFRA,2024-06-10 00:00:00+05:30,45.1,45.83,42.75,43.3,144223
MBLINFRA,2024-06-11 00:00:00+05:30,44.29,47.95,43.63,46.3,350198
MBLINFRA,2024-06-12 00:00:00+05:30,46.85,55.56,46.78,55.56,3232780
MBLINFRA,2024-06-13 00:00:00+05:30,59.08,62.0,53.61,54.9,2839787
MBLINFRA,2024-06-14 00:00:00+05:30,54.82,55.95,51.15,52.48,403545
MBLINFRA,2024-06-18 00:00:00+05:30,54.6,54.6,52.2,52.51,240435
MBLINFRA,2024-06-19 00:00:00+05:30,53.45,53.45,50.0,50.84,232172
MBLINFRA,2024-06-20 00:00:00+05:30,51.25,55.99,51.25,54.33,452835
MBLINFRA,2024-06-21 00:00:00+05:30,54.81,55.89,53.55,53.92,289455
MBLINFRA,2024-06-24 00:00:00+05:30,54.6,59.99,53.01,58.1,674010
MBLINFRA,2024-06-25 00:00:00+05:30,59.4,64.0,58.31,62.41,1438457
MBLINFRA,2024-06-26 00:00:00+05:30,62.41,70.45,61.0,66.9,3043991
MBLINFRA,2024-06-27 00:00:00+05:30,67.55,71.0,60.75,63.24,1330520
MBLINFRA,2024-06-28 00:00:00+05:30,65.5,68.95,65.02,67.22,615136
MBLINFRA,2024-07-01 00:00:00+05:30,67.95,68.5,65.55,66.72,439575
MBLINFRA,2024-07-02 00:00:00+05:30,66.5,67.69,64.1,65.38,257702
MBLINFRA,2024-07-03 00:00:00+05:30,66.8,67.5,65.1,66.93,366751
MBLINFRA,2024-07-04 00:00:00+05:30,69.4,80.31,65.13,79.64,3098897
MBLINFRA,2024-07-05 00:00:00+05:30,79.65,83.49,76.12,78.29,1716784
MBLINFRA,2024-07-08 00:00:00+05:30,82.33,85.09,79.0,79.88,597795
MBLINFRA,2024-07-09 00:00:00+05:30,80.7,83.7,73.38,79.25,362660
MBLINFRA,2024-07-10 00:00:00+05:30,80.06,81.5,73.8,77.76,311589
MBLINFRA,2024-07-11 00:00:00+05:30,78.19,79.7,76.4,76.77,248177
MBLINFRA,2024-07-12 00:00:00+05:30,77.02,77.02,71.85,72.9,313803
MBLINFRA,2024-07-15 00:00:00+05:30,73.19,75.48,73.18,74.75,147547
MBLINFRA,2024-07-16 00:00:00+05:30,76.95,76.95,71.01,71.73,103185
MBLINFRA,2024-07-18 00:00:00+05:30,72.0,73.0,68.14,68.21,176160
MBLINFRA,2024-07-19 00:00:00+05:30,67.0,67.0,64.79,64.79,111879
MBLINFRA,2024-07-22 00:00:00+05:30,62.1,66.0,62.1,63.06,99959
MBLINFRA,2024-07-23 00:00:00+05:30,63.06,64.98,60.56,61.21,113902
MBLINFRA,2024-07-24 00:00:00+05:30,61.9,64.27,61.9,63.75,204267
MBLINFRA,2024-07-25 00:00:00+05:30,62.98,64.5,61.1,64.01,126358
MBLINFRA,2024-07-26 00:00:00+05:30,63.99,66.5,63.1,63.9,143412
MBLINFRA,2024-07-29 00:00:00+05:30,64.0,66.0,63.05,64.64,287349
MBLINFRA,2024-07-30 00:00:00+05:30,65.0,67.87,64.5,67.78,136651
MBLINFRA,2024-07-31 00:00:00+05:30,68.01,70.0,67.4,69.01,132478
MBLINFRA,2024-08-01 00:00:00+05:30,68.51,70.0,66.1,67.56,114257
MBLINFRA,2024-08-02 00:00:00+05:30,67.56,68.0,64.5,64.97,110923
MBLINFRA,2024-08-05 00:00:00+05:30,64.97,64.97,61.72,61.72,103696
MBLINFRA,2024-08-06 00:00:00+05:30,60.1,63.5,60.0,60.37,69458
MBLINFRA,2024-08-07 00:00:00+05:30,60.0,62.9,58.55,62.14,41971
MBLINFRA,2024-08-08 00:00:00+05:30,62.99,65.24,60.11,64.5,80720
MBLINFRA,2024-08-09 00:00:00+05:30,65.7,65.7,61.7,63.95,97624
MBLINFRA,2024-08-12 00:00:00+05:30,61.21,65.89,61.21,64.51,87632
MBLINFRA,2024-08-13 00:00:00+05:30,64.75,65.95,61.28,61.46,70335
MBLINFRA,2024-08-14 00:00:00+05:30,63.4,63.4,59.01,60.08,53002
MBLINFRA,2024-08-16 00:00:00+05:30,60.0,61.49,60.0,60.83,31440
MBLINFRA,2024-08-19 00:00:00+05:30,60.83,62.8,60.1,61.66,31934
MBLINFRA,2024-08-20 00:00:00+05:30,63.95,64.74,63.0,64.74,76750
MBLINFRA,2024-08-21 00:00:00+05:30,67.97,67.97,67.97,67.97,105293
MBLINFRA,2024-08-22 00:00:00+05:30,71.36,71.36,65.99,71.35,322139
MBLINFRA,2024-08-23 00:00:00+05:30,74.91,74.91,69.05,74.74,301758
MBLINFRA,2024-08-26 00:00:00+05:30,73.24,73.24,73.24,73.24,12901
MBLINFRA,2024-08-27 00:00:00+05:30,71.77,71.77,71.77,71.77,5013
MBLINFRA,2024-08-28 00:00:00+05:30,70.33,70.33,70.33,70.33,3712
MBLINFRA,2024-08-29 00:00:00+05:30,68.92,68.92,68.92,68.92,3720
MBLINFRA,2024-08-30 00:00:00+05:30,67.54,67.54,67.54,67.54,13698
MBLINFRA,2024-09-02 00:00:00+05:30,66.18,66.18,66.18,66.18,3459
MBLINFRA,2024-09-03 00:00:00+05:30,64.85,64.85,64.85,64.85,30075
MBLINFRA,2024-09-04 00:00:00+05:30,63.55,66.14,63.55,66.14,55833
MBLINFRA,2024-09-05 00:00:00+05:30,67.46,67.46,67.0,67.45,39563
MBLINFRA,2024-09-06 00:00:00+05:30,66.15,66.15,66.1,66.1,39251
MBLINFRA,2024-09-09 00:00:00+05:30,66.0,66.0,64.78,64.95,14769
MBLINFRA,2024-09-10 00:00:00+05:30,64.95,66.24,64.95,66.24,35571
MBLINFRA,2024-09-11 00:00:00+05:30,66.7,66.7,66.0,66.0,32503
MBLINFRA,2024-09-12 00:00:00+05:30,65.0,66.0,65.0,65.0,51945
MBLINFRA,2024-09-13 00:00:00+05:30,65.0,65.78,65.0,65.48,15239
MBLINFRA,2024-09-16 00:00:00+05:30,64.2,64.2,64.17,64.17,25793
MBLINFRA,2024-09-17 00:00:00+05:30,62.88,63.0,62.88,63.0,55431
MBLINFRA,2024-09-18 00:00:00+05:30,62.6,64.26,62.6,64.26,79756
MBLINFRA,2024-09-19 00:00:00+05:30,65.54,65.54,65.54,65.54,113595
MBLINFRA,2024-09-20 00:00:00+05:30,65.54,65.55,65.5,65.5,33753
MBLINFRA,2024-09-23 00:00:00+05:30,65.5,65.5,64.36,65.5,80118
MBLINFRA,2024-09-24 00:00:00+05:30,65.5,65.5,64.25,64.25,24166
MBLINFRA,2024-09-25 00:00:00+05:30,63.99,64.0,63.5,64.0,78026
MBLINFRA,2024-09-26 00:00:00+05:30,64.01,64.03,64.0,64.03,34542
MBLINFRA,2024-09-27 00:00:00+05:30,65.0,65.0,63.45,64.0,37450
MBLINFRA,2024-09-30 00:00:00+05:30,63.96,63.96,60.8,61.05,179133
MBLINFRA,2024-10-01 00:00:00+05:30,60.0,61.94,58.5,61.3,78040
MBLINFRA,2024-10-03 00:00:00+05:30,59.03,63.2,59.03,59.82,76663
MBLINFRA,2024-10-04 00:00:00+05:30,58.75,62.81,57.0,62.8,107014
MBLINFRA,2024-10-07 00:00:00+05:30,61.31,65.87,59.66,59.66,192698
MBLINFRA,2024-10-08 00:00:00+05:30,59.2,61.65,57.5,60.86,36451
MBLINFRA,2024-10-09 00:00:00+05:30,60.79,63.0,60.79,61.67,37496
MBLINFRA,2024-10-10 00:00:00+05:30,60.25,64.0,60.25,61.29,34684
MBLINFRA,2024-10-11 00:00:00+05:30,61.29,62.88,59.5,61.2,54542
MBLINFRA,2024-10-14 00:00:00+05:30,61.2,63.15,60.6,62.41,54386
MBLINFRA,2024-10-15 00:00:00+05:30,62.0,63.9,60.6,61.76,32047
MBLINFRA,2024-10-16 00:00:00+05:30,63.55,63.55,60.55,62.3,27600
MBLINFRA,2024-10-17 00:00:00+05:30,63.8,63.8,59.65,60.11,34826
MBLINFRA,2024-10-18 00:00:00+05:30,59.5,60.97,58.01,59.22,20239
MBLINFRA,2024-10-21 00:00:00+05:30,59.99,60.4,57.1,57.63,67473
MBLINFRA,2024-10-22 00:00:00+05:30,57.98,58.39,54.74,55.34,120346
MBLINFRA,2024-10-23 00:00:00+05:30,54.9,57.8,54.9,56.67,86906
MBLINFRA,2024-10-24 00:00:00+05:30,57.74,57.74,54.25,55.51,14296
MBLINFRA,2024-10-25 00:00:00+05:30,54.6,56.65,52.73,52.96,95571
MBLINFRA,2024-10-28 00:00:00+05:30,52.96,54.8,52.08,53.28,19137
MBLINFRA,2024-10-29 00:00:00+05:30,52.2,53.87,51.0,52.96,29457
MBLINFRA,2024-10-30 00:00:00+05:30,52.0,55.4,52.0,53.56,22442
MBLINFRA,2024-10-31 00:00:00+05:30,52.16,56.23,52.16,56.23,39404
MBLINFRA,2024-11-01 00:00:00+05:30,58.5,59.04,57.5,58.66,64806
MBLINFRA,2024-11-04 00:00:00+05:30,58.89,60.99,55.72,55.91,77104
MBLINFRA,2024-11-05 00:00:00+05:30,53.68,56.48,53.68,55.98,17699
MBLINFRA,2024-11-06 00:00:00+05:30,57.5,57.5,54.3,56.93,38446
MBLINFRA,2024-11-07 00:00:00+05:30,56.82,58.9,55.09,56.31,48430
MBLINFRA,2024-11-08 00:00:00+05:30,57.7,57.7,55.0,55.15,14837
MBLINFRA,2024-11-11 00:00:00+05:30,55.95,55.95,53.3,54.86,45733
MBLINFRA,2024-11-12 00:00:00+05:30,53.45,57.0,53.45,54.35,24852
MBLINFRA,2024-11-13 00:00:00+05:30,55.84,55.84,51.63,51.83,18302
MBLINFRA,2024-11-14 00:00:00+05:30,51.83,54.0,51.83,53.61,38805
MBLINFRA,2024-11-18 00:00:00+05:30,54.0,54.0,52.26,53.35,25480
MBLINFRA,2024-11-19 00:00:00+05:30,53.9,56.01,52.5,56.0,59008
MBLINFRA,2024-11-21 00:00:00+05:30,54.35,56.0,53.6,54.62,50395
MBLINFRA,2024-11-22 00:00:00+05:30,54.25,55.0,53.0,53.68,21930
MBLINFRA,2024-11-25 00:00:00+05:30,54.1,55.6,52.51,53.04,56188
MBLINFRA,2024-11-26 00:00:00+05:30,52.15,53.9,52.15,52.55,34169
MBLINFRA,2024-11-27 00:00:00+05:30,52.55,54.44,52.3,53.37,33496
MBLINFRA,2024-11-28 00:00:00+05:30,54.4,54.8,53.01,53.8,21125
MBLINFRA,2024-11-29 00:00:00+05:30,54.1,54.9,52.6,52.89,67708
MBLINFRA,2024-12-02 00:00:00+05:30,52.89,53.74,52.13,52.55,22367
MBLINFRA,2024-12-03 00:00:00+05:30,53.83,55.17,52.1,55.16,76980
MBLINFRA,2024-12-04 00:00:00+05:30,56.65,57.91,56.2,57.91,170732
MBLINFRA,2024-12-05 00:00:00+05:30,59.7,60.0,57.05,58.47,113914
MBLINFRA,2024-12-06 00:00:00+05:30,59.75,59.75,57.1,57.5,40102
MBLINFRA,2024-12-09 00:00:00+05:30,58.01,60.1,57.0,59.53,164804
MBLINFRA,2024-12-10 00:00:00+05:30,60.39,60.39,57.6,58.41,146031
MBLINFRA,2024-12-11 00:00:00+05:30,58.77,60.0,58.11,58.34,106618
MBLINFRA,2024-12-12 00:00:00+05:30,58.1,59.69,56.36,56.72,60032
MBLINFRA,2024-12-13 00:00:00+05:30,55.76,59.55,55.76,59.55,239672
MBLINFRA,2024-12-16 00:00:00+05:30,60.89,62.52,60.78,62.52,316533
MBLINFRA,2024-12-17 00:00:00+05:30,63.8,65.64,60.51,65.64,422008
MBLINFRA,2024-12-18 00:00:00+05:30,67.0,68.92,65.03,66.65,613232
MBLINFRA,2024-12-19 00:00:00+05:30,64.0,69.98,64.0,67.58,546573
MBLINFRA,2024-12-20 00:00:00+05:30,68.7,69.66,65.42,65.88,233291
MBLINFRA,2024-12-23 00:00:00+05:30,67.18,68.49,62.58,62.58,245081
MBLINFRA,2024-12-24 00:00:00+05:30,62.49,65.2,61.16,63.11,110441
MBLINFRA,2024-12-26 00:00:00+05:30,63.69,63.7,61.01,61.73,132514
MBLINFRA,2024-12-27 00:00:00+05:30,61.05,64.4,58.64,59.97,219977
MBLINFRA,2024-12-30 00:00:00+05:30,61.18,62.96,60.5,62.96,72547
MBLINFRA,2024-12-31 00:00:00+05:30,63.9,65.96,61.11,64.39,215299
MBLINFRA,2025-01-01 00:00:00+05:30,66.0,66.25,64.0,65.7,151342
MBLINFRA,2025-01-02 00:00:00+05:30,65.99,67.7,65.63,66.83,206615
MBLINFRA,2025-01-03 00:00:00+05:30,66.3,67.1,64.22,65.2,176962
MBLINFRA,2025-01-06 00:00:00+05:30,67.99,67.99,61.94,62.05,151332
MBLINFRA,2025-01-07 00:00:00+05:30,61.11,64.01,61.11,63.22,173045
MBLINFRA,2025-01-08 00:00:00+05:30,63.0,65.9,61.19,63.28,61109
MBLINFRA,2025-01-09 00:00:00+05:30,64.55,64.72,62.05,62.98,159839
MBLINFRA,2025-01-10 00:00:00+05:30,62.98,64.28,59.83,59.9,120778
MBLINFRA,2025-01-13 00:00:00+05:30,59.0,59.51,56.9,56.9,98865
MBLINFRA,2025-01-14 00:00:00+05:30,55.8,59.0,54.26,57.8,175799
MBLINFRA,2025-01-15 00:00:00+05:30,57.82,60.69,57.16,60.69,111433
MBLINFRA,2025-01-16 00:00:00+05:30,63.0,63.72,60.0,60.65,195831
MBLINFRA,2025-01-17 00:00:00+05:30,60.73,62.87,59.91,61.47,126933
MBLINFRA,2025-01-20 00:00:00+05:30,63.24,64.25,61.3,63.65,122090
MBLINFRA,2025-01-21 00:00:00+05:30,65.01,65.01,61.0,62.16,127910
MBLINFRA,2025-01-22 00:00:00+05:30,61.9,61.9,59.05,59.33,158578
MBLINFRA,2025-01-23 00:00:00+05:30,59.34,60.7,58.61,59.03,89921
MBLINFRA,2025-01-24 00:00:00+05:30,58.15,59.39,56.5,57.0,122006
MBLINFRA,2025-01-27 00:00:00+05:30,57.9,57.9,54.15,54.15,121170
MBLINFRA,2025-01-28 00:00:00+05:30,53.6,55.83,51.51,53.26,179465
MBLINFRA,2025-01-29 00:00:00+05:30,53.99,55.09,52.97,53.19,149157
MBLINFRA,2025-01-30 00:00:00+05:30,53.51,54.86,52.0,52.69,116524
MBLINFRA,2025-01-31 00:00:00+05:30,52.25,54.35,52.25,53.74,124209
MBLINFRA,2025-02-01 00:00:00+05:30,55.53,55.56,51.4,52.5,98781
MBLINFRA,2025-02-03 00:00:00+05:30,51.01,52.74,50.51,51.16,196678
MBLINFRA,2025-02-04 00:00:00+05:30,51.66,53.48,50.99,52.45,169884
MBLINFRA,2025-02-05 00:00:00+05:30,54.39,55.07,52.95,55.05,440570
MBLINFRA,2025-02-06 00:00:00+05:30,56.3,56.3,53.59,54.12,520795
MBLINFRA,2025-02-07 00:00:00+05:30,54.78,54.98,52.7,53.01,258823
MBLINFRA,2025-02-10 00:00:00+05:30,53.9,53.9,51.0,52.15,338763
MBLINFRA,2025-02-11 00:00:00+05:30,52.45,54.51,48.85,52.96,284425
MBLINFRA,2025-02-12 00:00:00+05:30,53.75,53.75,44.97,51.42,405399
MBLINFRA,2025-02-13 00:00:00+05:30,51.68,52.74,47.02,47.99,380603
MBLINFRA,2025-02-14 00:00:00+05:30,48.0,49.1,43.51,45.63,527718
MBLINFRA,2025-02-17 00:00:00+05:30,45.63,47.9,43.52,45.05,478773
MBLINFRA,2025-02-18 00:00:00+05:30,45.05,45.76,41.13,42.28,429292
MBLINFRA,2025-02-19 00:00:00+05:30,43.21,46.1,42.02,44.18,352244
MBLINFRA,2025-02-20 00:00:00+05:30,45.7,46.0,44.0,44.97,238397
MBLINFRA,2025-02-21 00:00:00+05:30,45.2,46.7,42.1,43.2,199518
MBLINFRA,2025-02-24 00:00:00+05:30,43.42,44.67,41.61,43.13,165605
MBLINFRA,2025-02-25 00:00:00+05:30,43.35,44.24,41.05,41.94,73494
MBLINFRA,2025-02-27 00:00:00+05:30,41.94,43.41,39.11,39.48,137868
MBLINFRA,2025-02-28 00:00:00+05:30,38.9,39.87,37.05,37.59,105718
MBLINFRA,2025-03-03 00:00:00+05:30,37.51,38.73,34.21,35.55,275843
MBLINFRA,2025-03-04 00:00:00+05:30,34.45,37.93,32.51,33.59,671606
MBLINFRA,2025-03-05 00:00:00+05:30,34.45,36.44,34.18,35.69,670748
MBLINFRA,2025-03-06 00:00:00+05:30,37.79,39.4,35.31,38.57,846585
MBLINFRA,2025-03-07 00:00:00+05:30,38.57,39.32,38.16,38.42,520766
MBLINFRA,2025-03-10 00:00:00+05:30,39.2,39.2,35.94,36.12,495677
MBLINFRA,2025-03-11 00:00:00+05:30,35.53,36.75,35.0,35.92,280706
MBLINFRA,2025-03-12 00:00:00+05:30,36.1,37.79,34.6,35.36,499430
MBLINFRA,2025-03-13 00:00:00+05:30,35.66,36.4,33.81,34.57,365594
MBLINFRA,2025-03-17 00:00:00+05:30,34.66,36.46,34.61,34.68,586485
MBLINFRA,2025-03-18 00:00:00+05:30,34.86,36.47,34.86,35.78,658355
MBLINFRA,2025-03-19 00:00:00+05:30,36.3,38.94,35.85,36.96,981513
MBLINFRA,2025-03-20 00:00:00+05:30,37.14,38.72,37.12,38.05,680045
MBLINFRA,2025-03-21 00:00:00+05:30,38.04,39.74,37.63,38.52,759559
MBLINFRA,2025-03-24 00:00:00+05:30,38.72,40.95,38.72,39.96,587527
MBLINFRA,2025-03-25 00:00:00+05:30,40.5,41.04,35.98,36.3,626702
MBLINFRA,2025-03-26 00:00:00+05:30,36.1,38.41,33.92,34.5,699777
MBLINFRA,2025-03-27 00:00:00+05:30,34.5,41.4,34.46,41.4,592762
MBLINFRA,2025-03-28 00:00:00+05:30,45.89,47.8,44.17,45.19,2443100
MBLINFRA,2025-04-01 00:00:00+05:30,44.5,54.0,44.0,51.18,769780
MBLINFRA,2025-04-02 00:00:00+05:30,52.95,57.0,50.01,55.02,1538589
MBLINFRA,2025-04-03 00:00:00+05:30,54.0,54.95,49.55,49.74,796684
MBLINFRA,2025-04-04 00:00:00+05:30,49.0,50.48,45.52,46.79,247390
MBLINFRA,2025-04-07 00:00:00+05:30,43.1,45.34,42.65,44.77,270011
MBLINFRA,2025-04-08 00:00:00+05:30,45.7,47.0,44.0,44.21,528942
MBLINFRA,2025-04-09 00:00:00+05:30,44.98,46.79,42.2,43.92,351439
MBLINFRA,2025-04-11 00:00:00+05:30,46.0,48.31,44.82,47.67,279192
MBLINFRA,2025-04-15 00:00:00+05:30,49.32,51.5,49.05,49.84,421043
MBLINFRA,2025-04-16 00:00:00+05:30,49.84,50.9,48.0,48.54,432862
MBLINFRA,2025-04-17 00:00:00+05:30,48.54,49.98,48.0,48.93,308339
MBLINFRA,2025-04-21 00:00:00+05:30,48.23,49.47,47.8,48.2,473991
MBLINFRA,2025-04-22 00:00:00+05:30,48.2,53.02,46.83,48.94,573292
MBLINFRA,2025-04-23 00:00:00+05:30,49.93,49.99,46.13,47.15,451753
MBLINFRA,2025-04-24 00:00:00+05:30,47.0,48.97,46.98,47.7,186177
MBLINFRA,2025-04-25 00:00:00+05:30,48.4,49.9,44.0,44.8,267037
MBLINFRA,2025-04-28 00:00:00+05:30,44.8,45.75,42.61,43.16,298085
MBLINFRA,2025-04-29 00:00:00+05:30,43.0,44.23,42.05,42.47,400401
MBLINFRA,2025-04-30 00:00:00+05:30,42.01,42.9,41.3,41.83,438588
MBLINFRA,2025-05-02 00:00:00+05:30,41.05,42.35,40.65,41.09,270320
MBLINFRA,2025-05-05 00:00:00+05:30,41.25,41.64,39.36,40.53,530073
MBLINFRA,2025-05-06 00:00:00+05:30,40.8,41.29,39.62,39.91,247942
MBLINFRA,2025-05-07 00:00:00+05:30,39.41,40.36,38.56,39.62,421088
MBLINFRA,2025-05-08 00:00:00+05:30,41.3,42.87,40.0,40.3,399556
MBLINFRA,2025-05-09 00:00:00+05:30,38.05,40.14,38.05,39.26,130883
MBLINFRA,2025-05-12 00:00:00+05:30,41.5,43.18,41.33,42.51,152672
MBLINFRA,2025-05-13 00:00:00+05:30,42.51,42.84,41.2,42.2,259265
MBLINFRA,2025-05-14 00:00:00+05:30,42.01,44.38,42.01,43.52,170949
MBLINFRA,2025-05-15 00:00:00+05:30,43.63,45.5,43.41,45.05,258115
MBLINFRA,2025-05-16 00:00:00+05:30,45.31,45.63,44.01,44.65,325339
MBLINFRA,2025-05-19 00:00:00+05:30,45.0,45.93,42.1,44.37,272236
MBLINFRA,2025-05-20 00:00:00+05:30,44.2,44.95,42.55,43.78,144018
MBLINFRA,2025-05-21 00:00:00+05:30,44.33,45.04,43.31,44.56,224135
MBLINFRA,2025-05-22 00:00:00+05:30,44.4,44.74,43.5,43.6,159030
MBLINFRA,2025-05-23 00:00:00+05:30,43.2,43.87,43.05,43.21,152801
MBLINFRA,2025-05-26 00:00:00+05:30,43.32,43.93,42.51,42.92,164449
MBLINFRA,2025-05-27 00:00:00+05:30,42.71,43.49,42.71,43.33,55719
MBLINFRA,2025-05-28 00:00:00+05:30,43.0,44.32,43.0,43.91,37975
MBLINFRA,2025-05-29 00:00:00+05:30,44.01,44.39,43.46,43.65,72875
MBLINFRA,2025-05-30 00:00:00+05:30,43.59,44.01,43.0,43.27,49538
MBLINFRA,2025-06-02 00:00:00+05:30,43.0,43.78,42.15,43.0,146772
MBLINFRA,2025-06-03 00:00:00+05:30,43.3,43.98,41.2,42.13,205691
MBLINFRA,2025-06-04 00:00:00+05:30,42.44,42.44,41.57,41.87,42805
MBLINFRA,2025-06-05 00:00:00+05:30,42.0,43.2,40.2,40.64,276753
MBLINFRA,2025-06-06 00:00:00+05:30,41.45,47.04,40.0,44.77,1981460
MBLINFRA,2025-06-09 00:00:00+05:30,45.4,48.5,45.4,46.91,577834
MBLINFRA,2025-06-10 00:00:00+05:30,47.5,48.4,45.57,47.41,513652
MBLINFRA,2025-06-11 00:00:00+05:30,47.5,48.37,46.17,46.73,338141
MBLINFRA,2025-06-12 00:00:00+05:30,47.66,47.74,45.51,45.84,325877
MBLINFRA,2025-06-13 00:00:00+05:30,43.53,45.95,43.53,45.22,344604
MBLINFRA,2025-06-16 00:00:00+05:30,47.7,47.7,43.96,45.23,151136
MBLINFRA,2025-06-17 00:00:00+05:30,45.53,46.11,44.03,44.4,59350
MBLINFRA,2025-06-18 00:00:00+05:30,44.24,46.71,43.56,45.16,182600
MBLINFRA,2025-06-19 00:00:00+05:30,45.98,45.98,44.13,44.27,203950
MBLINFRA,2025-06-20 00:00:00+05:30,44.53,45.34,43.07,44.73,202474
MBLINFRA,2025-06-23 00:00:00+05:30,43.62,44.4,42.7,43.9,348098
MBLINFRA,2025-06-24 00:00:00+05:30,45.12,45.12,43.51,43.82,139336
MBLINFRA,2025-06-25 00:00:00+05:30,43.71,46.1,43.48,44.21,457362
MBLINFRA,2025-06-26 00:00:00+05:30,44.21,45.39,43.73,44.22,219892
MBLINFRA,2025-06-27 00:00:00+05:30,44.57,45.48,44.02,44.5,72678
MBLINFRA,2025-06-30 00:00:00+05:30,44.79,45.8,43.52,44.83,237938
MBLINFRA,2025-07-01 00:00:00+05:30,44.75,45.12,43.85,44.03,148276
MBLINFRA,2025-07-02 00:00:00+05:30,44.0,44.27,42.74,43.06,193282
MBLINFRA,2025-07-03 00:00:00+05:30,43.18,43.47,41.81,41.99,283156
MBLINFRA,2025-07-04 00:00:00+05:30,42.8,42.8,41.39,41.81,157876
MBLINFRA,2025-07-07 00:00:00+05:30,42.5,42.5,41.32,42.17,315633
MBLINFRA,2025-07-08 00:00:00+05:30,42.17,42.96,41.5,42.47,349101
MBLINFRA,2025-07-09 00:00:00+05:30,43.47,46.7,42.12,44.74,853684
MBLINFRA,2025-07-10 00:00:00+05:30,45.0,45.15,44.01,44.66,528171
MBLINFRA,2025-07-11 00:00:00+05:30,45.0,45.0,43.05,43.27,374806
MBLINFRA,2025-07-14 00:00:00+05:30,42.86,43.49,42.25,42.32,373000
MBLINFRA,2025-07-15 00:00:00+05:30,42.33,43.85,42.21,43.39,231668
MBLINFRA,2025-07-16 00:00:00+05:30,43.39,43.42,42.61,43.23,169713
MBLINFRA,2025-07-17 00:00:00+05:30,43.03,43.3,42.36,42.49,125446
MBLINFRA,2025-07-18 00:00:00+05:30,42.3,42.66,41.22,41.89,78535
MBLINFRA,2025-07-21 00:00:00+05:30,41.89,42.5,41.56,42.22,63972
MBLINFRA,2025-07-22 00:00:00+05:30,43.05,46.4,43.05,44.83,1540319
MBLINFRA,2025-07-23 00:00:00+05:30,45.0,45.28,43.53,43.97,113704
MBLINFRA,2025-07-24 00:00:00+05:30,44.01,44.22,42.05,42.42,162148
MBLINFRA,2025-07-25 00:00:00+05:30,42.08,43.0,41.55,42.72,138859
MBLINFRA,2025-07-28 00:00:00+05:30,42.72,42.72,41.58,42.02,147159
MBLINFRA,2025-07-29 00:00:00+05:30,41.7,43.02,41.52,42.0,216880
MBLINFRA,2025-07-30 00:00:00+05:30,42.55,42.55,41.34,41.46,30520
MBLINFRA,2025-07-31 00:00:00+05:30,41.03,44.0,40.8,41.9,335194
MBLINFRA,2025-08-01 00:00:00+05:30,42.5,42.5,40.15,40.7,133338
MBLINFRA,2025-08-04 00:00:00+05:30,40.45,41.5,40.45,41.48,50094
MBLINFRA,2025-08-05 00:00:00+05:30,42.0,42.0,40.21,40.39,72075
MBLINFRA,2025-08-06 00:00:00+05:30,40.5,41.11,39.2,39.86,109101
MBLINFRA,2025-08-07 00:00:00+05:30,40.9,41.1,39.26,39.75,126099
MBLINFRA,2025-08-08 00:00:00+05:30,40.5,40.54,39.1,39.58,70405
MBLINFRA,2025-08-11 00:00:00+05:30,40.05,42.01,39.67,40.37,104232
MBLINFRA,2025-08-12 00:00:00+05:30,40.37,41.27,40.2,40.43,42897
MBLINFRA,2025-08-13 00:00:00+05:30,40.74,40.87,39.66,39.84,48456
MBLINFRA,2025-08-14 00:00:00+05:30,40.02,41.9,39.36,40.86,148190
MBLINFRA,2025-08-18 00:00:00+05:30,41.05,41.05,39.8,39.93,94702
MBLINFRA,2025-08-19 00:00:00+05:30,39.7,40.75,39.7,40.14,74192
MBLINFRA,2025-08-20 00:00:00+05:30,40.1,41.8,39.84,41.4,100135
MBLINFRA,2025-08-21 00:00:00+05:30,41.4,42.55,41.12,41.65,66362
MBLINFRA,2025-08-22 00:00:00+05:30,41.13,43.8,40.91,42.73,168935
MBLINFRA,2025-08-25 00:00:00+05:30,42.75,43.06,42.1,42.62,63058
MBLINFRA,2025-08-26 00:00:00+05:30,42.8,42.8,41.3,41.62,22985
MBLINFRA,2025-08-28 00:00:00+05:30,41.22,41.75,40.07,40.44,73677
MBLINFRA,2025-08-29 00:00:00+05:30,40.5,41.03,39.1,39.98,49237
MBLINFRA,2025-09-01 00:00:00+05:30,39.6,40.99,39.6,40.34,35439
MBLINFRA,2025-09-02 00:00:00+05:30,41.1,41.37,38.4,40.35,22388
MBLINFRA,2025-09-03 00:00:00+05:30,40.01,41.76,39.82,41.49,85668
MBLINFRA,2025-09-04 00:00:00+05:30,42.0,42.24,40.05,40.92,56370
MBLINFRA,2025-09-05 00:00:00+05:30,41.7,41.7,39.5,40.74,30816
MBLINFRA,2025-09-08 00:00:00+05:30,41.89,42.5,40.64,42.16,111966
MBLINFRA,2025-09-09 00:00:00+05:30,42.36,44.0,41.85,43.37,202990
MBLINFRA,2025-09-10 00:00:00+05:30,43.7,44.48,41.52,42.04,158780
MBLINFRA,2025-09-11 00:00:00+05:30,42.33,43.9,42.07,42.68,149398
MBLINFRA,2025-09-12 00:00:00+05:30,42.7,43.0,42.06,42.24,42722
MBLINFRA,2025-09-15 00:00:00+05:30,43.09,47.0,42.75,45.17,718972
MBLINFRA,2025-09-16 00:00:00+05:30,45.4,49.39,45.4,49.07,1265543
MBLINFRA,2025-09-17 00:00:00+05:30,50.0,52.48,47.07,47.68,791796
MBLINFRA,2025-09-18 00:00:00+05:30,48.0,48.85,46.12,46.55,166273
MBLINFRA,2025-09-19 00:00:00+05:30,46.55,47.4,45.8,46.08,87624
MBLINFRA,2025-09-22 00:00:00+05:30,46.8,47.15,44.46,44.93,118197
MBLINFRA,2025-09-23 00:00:00+05:30,44.84,45.2,43.7,43.99,228507
MBLINFRA,2025-09-24 00:00:00+05:30,44.57,46.39,44.03,44.45,255770
MBLINFRA,2025-09-25 00:00:00+05:30,44.45,46.3,42.92,43.36,377670
MBLINFRA,2025-09-26 00:00:00+05:30,43.36,44.68,41.4,41.55,171171
MBLINFRA,2025-09-29 00:00:00+05:30,41.9,42.5,40.5,40.88,172775
MBLINFRA,2025-09-30 00:00:00+05:30,40.87,41.9,40.1,41.46,60215
MBLINFRA,2025-10-01 00:00:00+05:30,41.56,42.13,41.27,41.91,40231
MBLINFRA,2025-10-03 00:00:00+05:30,41.91,42.95,41.91,42.64,78101
MBLINFRA,2025-10-06 00:00:00+05:30,42.83,43.8,42.11,43.75,271591
MBLINFRA,2025-10-07 00:00:00+05:30,44.4,45.6,43.08,43.39,250172
MBLINFRA,2025-10-08 00:00:00+05:30,43.2,44.0,42.75,42.87,87902
MBLINFRA,2025-10-09 00:00:00+05:30,43.87,44.16,42.5,42.52,45177
MBLINFRA,2025-10-10 00:00:00+05:30,41.9,43.6,41.9,42.98,68203
MBLINFRA,2025-10-13 00:00:00+05:30,43.84,43.84,42.3,42.65,77592
MBLINFRA,2025-10-14 00:00:00+05:30,42.44,43.24,41.7,42.12,52085
MBLINFRA,2025-10-15 00:00:00+05:30,42.1,43.12,41.81,42.28,39807
MBLINFRA,2025-10-16 00:00:00+05:30,41.85,43.0,41.85,42.72,32142
MBLINFRA,2025-10-17 00:00:00+05:30,42.89,43.06,41.49,41.68,56672
MBLINFRA,2025-10-20 00:00:00+05:30,41.25,42.5,41.25,42.16,67185
MBLINFRA,2025-10-21 00:00:00+05:30,42.16,43.09,41.95,42.65,17279
MBLINFRA,2025-10-23 00:00:00+05:30,43.5,43.5,41.7,41.86,34750
MBLINFRA,2025-10-24 00:00:00+05:30,42.75,42.75,41.4,41.53,36178
MBLINFRA,2025-10-27 00:00:00+05:30,41.52,42.9,41.14,42.41,49110
MBLINFRA,2025-10-28 00:00:00+05:30,41.55,43.0,41.55,42.21,46169
MBLINFRA,2025-10-29 00:00:00+05:30,42.31,42.59,41.56,41.78,20185
MBLINFRA,2025-10-30 00:00:00+05:30,41.78,42.34,41.32,41.54,36042
MBLINFRA,2025-10-31 00:00:00+05:30,42.29,42.82,41.4,42.18,69366
MBLINFRA,2025-11-03 00:00:00+05:30,41.56,42.9,41.0,41.81,68319
MBLINFRA,2025-11-04 00:00:00+05:30,42.02,42.25,41.0,41.02,29380
MBLINFRA,2025-11-06 00:00:00+05:30,41.02,41.04,40.0,40.37,37231
MBLINFRA,2025-11-07 00:00:00+05:30,40.45,40.45,39.17,39.53,50057
MBLINFRA,2025-11-10 00:00:00+05:30,39.81,40.6,38.7,39.5,51063
MBLINFRA,2025-11-11 00:00:00+05:30,39.09,39.91,38.0,38.33,48359
MBLINFRA,2025-11-12 00:00:00+05:30,37.3,41.8,37.3,41.28,102505
MBLINFRA,2025-11-13 00:00:00+05:30,41.39,41.61,39.52,39.7,93933
MBLINFRA,2025-11-14 00:00:00+05:30,39.89,40.9,38.7,39.5,75179
MBLINFRA,2025-11-17 00:00:00+05:30,39.03,40.51,39.03,39.98,114294
MBLINFRA,2025-11-18 00:00:00+05:30,39.98,40.09,38.61,38.9,87464
MBLINFRA,2025-11-19 00:00:00+05:30,39.19,39.21,37.26,37.9,117989
MBLINFRA,2025-11-20 00:00:00+05:30,38.25,38.55,37.23,38.45,45413
MBLINFRA,2025-11-21 00:00:00+05:30,37.85,38.34,36.52,36.98,64419
MBLINFRA,2025-11-24 00:00:00+05:30,36.98,36.98,35.06,35.25,78651
MBLINFRA,2025-11-25 00:00:00+05:30,35.17,35.47,33.2,34.55,129375
MBLINFRA,2025-11-26 00:00:00+05:30,34.55,38.9,34.55,37.69,133142
MBLINFRA,2025-11-27 00:00:00+05:30,37.69,38.66,37.11,37.69,37253
MBLINFRA,2025-11-28 00:00:00+05:30,37.6,38.48,36.0,36.4,231681
