Symbol,Date,Open,High,Low,Close,Volume
NIFTYETF,2018-11-28 14:50:00+05:30,108.0,110.0,108.0,110.0,150
NIFTYETF,2018-11-29 10:07:00+05:30,127.4,128.1,105.8,105.8,13215
NIFTYETF,2018-11-30 09:33:00+05:30,126.95,126.95,103.55,117.19,586
NIFTYETF,2018-12-03 00:00:00+05:30,117.19,117.19,110.04,110.04,40
NIFTYETF,2018-12-04 00:00:00+05:30,110.04,121.0,110.04,118.0,408
NIFTYETF,2018-12-05 00:00:00+05:30,118.0,128.0,118.0,128.0,50
NIFTYETF,2018-12-06 00:00:00+05:30,128.0,128.0,106.8,108.01,2891
NIFTYETF,2018-12-07 00:00:00+05:30,110.0,117.95,107.65,110.0,27
NIFTYETF,2018-12-10 00:00:00+05:30,110.0,110.0,100.0,105.8,151
NIFTYETF,2018-12-11 00:00:00+05:30,103.0,105.8,102.0,104.63,8
NIFTYETF,2018-12-12 00:00:00+05:30,104.63,109.94,104.63,106.0,43
NIFTYETF,2018-12-13 00:00:00+05:30,110.0,110.0,110.0,110.0,20
NIFTYETF,2018-12-17 00:00:00+05:30,103.0,109.99,101.03,109.99,118
NIFTYETF,2018-12-18 00:00:00+05:30,109.99,109.99,109.74,109.74,15
NIFTYETF,2018-12-19 00:00:00+05:30,90.73,109.0,90.73,109.0,728
NIFTYETF,2018-12-20 00:00:00+05:30,109.0,109.0,109.0,109.0,50
NIFTYETF,2018-12-21 00:00:00+05:30,109.0,109.0,109.0,109.0,5
NIFTYETF,2018-12-24 00:00:00+05:30,112.9,112.9,105.01,105.01,43
NIFTYETF,2018-12-26 00:00:00+05:30,110.9,110.9,106.0,107.9,24
NIFTYETF,2018-12-27 00:00:00+05:30,103.01,103.01,103.01,103.01,1
NIFTYETF,2018-12-28 00:00:00+05:30,105.1,105.1,105.1,105.1,20
NIFTYETF,2019-01-01 00:00:00+05:30,111.0,111.49,107.85,107.85,887
NIFTYETF,2019-01-02 00:00:00+05:30,108.1,108.78,107.85,107.95,263
NIFTYETF,2019-01-04 00:00:00+05:30,107.29,107.29,107.29,107.29,10
NIFTYETF,2019-01-07 00:00:00+05:30,108.29,115.0,108.29,114.5,109
NIFTYETF,2019-01-08 00:00:00+05:30,107.75,115.0,107.75,108.45,314
NIFTYETF,2019-01-09 00:00:00+05:30,108.5,108.8,108.5,108.8,50002
NIFTYETF,2019-01-15 00:00:00+05:30,108.0,108.7,108.0,108.05,23
NIFTYETF,2019-01-17 00:00:00+05:30,108.85,109.35,108.85,109.35,34
NIFTYETF,2019-01-18 00:00:00+05:30,109.1,109.1,108.45,108.45,10
NIFTYETF,2019-01-22 00:00:00+05:30,109.5,109.5,109.5,109.5,15
NIFTYETF,2019-01-23 00:00:00+05:30,109.1,109.1,109.1,109.1,10
NIFTYETF,2019-01-24 00:00:00+05:30,108.65,108.85,108.65,108.85,216
NIFTYETF,2019-01-25 00:00:00+05:30,108.65,108.65,108.65,108.65,100
NIFTYETF,2019-01-29 00:00:00+05:30,107.0,107.0,106.8,106.8,504
NIFTYETF,2019-02-01 00:00:00+05:30,109.3,109.65,109.3,109.3,300
NIFTYETF,2019-02-04 00:00:00+05:30,108.85,108.85,108.85,108.85,10
NIFTYETF,2019-02-07 00:00:00+05:30,111.0,111.1,111.0,111.1,3
NIFTYETF,2019-02-08 00:00:00+05:30,110.35,110.35,110.2,110.2,36
NIFTYETF,2019-02-11 00:00:00+05:30,109.0,109.0,109.0,109.0,50
NIFTYETF,2019-02-12 00:00:00+05:30,108.15,108.15,108.15,108.15,10
NIFTYETF,2019-02-13 00:00:00+05:30,109.0,109.0,109.0,109.0,3
NIFTYETF,2019-02-14 00:00:00+05:30,108.0,108.0,107.35,107.35,21
NIFTYETF,2019-02-15 00:00:00+05:30,108.0,108.0,107.0,107.15,48
NIFTYETF,2019-02-18 00:00:00+05:30,106.8,106.8,106.8,106.8,4
NIFTYETF,2019-02-19 00:00:00+05:30,110.0,110.0,106.65,107.2,445
NIFTYETF,2019-02-20 00:00:00+05:30,106.7,106.7,106.7,106.7,4
NIFTYETF,2019-02-25 00:00:00+05:30,108.25,126.0,107.9,108.6,346
NIFTYETF,2019-02-26 00:00:00+05:30,108.6,108.65,108.6,108.65,300
NIFTYETF,2019-02-27 00:00:00+05:30,109.25,109.25,107.85,107.85,822
NIFTYETF,2019-02-28 00:00:00+05:30,108.75,122.0,108.4,108.73,490
NIFTYETF,2019-03-01 00:00:00+05:30,122.0,122.0,105.0,108.2,402
NIFTYETF,2019-03-05 00:00:00+05:30,108.9,108.9,108.9,108.9,200
NIFTYETF,2019-03-06 00:00:00+05:30,110.6,111.45,110.4,111.37,3110
NIFTYETF,2019-03-07 00:00:00+05:30,110.9,110.9,110.9,110.9,25
NIFTYETF,2019-03-08 00:00:00+05:30,110.15,110.5,110.15,110.5,41
NIFTYETF,2019-03-12 00:00:00+05:30,113.0,113.2,112.7,113.14,760
NIFTYETF,2019-03-13 00:00:00+05:30,113.14,113.5,112.8,112.9,283
NIFTYETF,2019-03-14 00:00:00+05:30,113.85,113.85,113.3,113.65,39
NIFTYETF,2019-03-15 00:00:00+05:30,114.4,114.7,114.3,114.3,1156
NIFTYETF,2019-03-18 00:00:00+05:30,115.0,115.35,114.5,114.5,506
NIFTYETF,2019-03-19 00:00:00+05:30,114.9,116.65,114.9,116.0,3002
NIFTYETF,2019-03-20 00:00:00+05:30,115.8,115.8,115.65,115.65,27
NIFTYETF,2019-03-22 00:00:00+05:30,115.8,115.8,115.8,115.8,14
NIFTYETF,2019-03-25 00:00:00+05:30,114.0,114.0,113.85,113.85,210
NIFTYETF,2019-03-26 00:00:00+05:30,113.85,113.85,113.85,113.85,10
NIFTYETF,2019-03-27 00:00:00+05:30,115.65,115.65,114.85,114.85,513
NIFTYETF,2019-03-28 00:00:00+05:30,114.55,115.8,114.55,115.8,3
NIFTYETF,2019-04-01 00:00:00+05:30,120.0,120.0,116.5,116.7,50
NIFTYETF,2019-04-02 00:00:00+05:30,116.6,118.0,116.6,116.86,84
NIFTYETF,2019-04-03 00:00:00+05:30,117.85,117.85,116.35,116.35,71
NIFTYETF,2019-04-05 00:00:00+05:30,116.4,116.4,116.4,116.4,18
NIFTYETF,2019-04-08 00:00:00+05:30,117.0,117.0,116.0,116.0,417
NIFTYETF,2019-04-11 00:00:00+05:30,116.0,116.0,116.0,116.0,76
NIFTYETF,2019-04-12 00:00:00+05:30,116.5,116.5,116.5,116.5,4
NIFTYETF,2019-04-15 00:00:00+05:30,117.0,117.2,116.75,116.75,1060
NIFTYETF,2019-04-16 00:00:00+05:30,117.8,117.8,117.8,117.8,400
NIFTYETF,2019-04-18 00:00:00+05:30,118.55,118.55,118.1,118.1,43
NIFTYETF,2019-04-22 00:00:00+05:30,118.0,118.0,116.5,116.58,189
NIFTYETF,2019-04-23 00:00:00+05:30,116.5,116.7,116.0,116.12,706
NIFTYETF,2019-04-24 00:00:00+05:30,116.5,116.75,116.1,116.75,704
NIFTYETF,2019-04-25 00:00:00+05:30,117.5,117.5,117.5,117.5,30
NIFTYETF,2019-04-26 00:00:00+05:30,117.3,117.4,117.2,117.4,78
NIFTYETF,2019-04-30 00:00:00+05:30,117.1,117.1,116.85,116.85,125
NIFTYETF,2019-05-02 00:00:00+05:30,120.0,120.0,117.7,118.3,722
NIFTYETF,2019-05-03 00:00:00+05:30,118.25,118.25,117.5,117.6,184
NIFTYETF,2019-05-06 00:00:00+05:30,117.7,117.7,116.3,116.3,177
NIFTYETF,2019-05-07 00:00:00+05:30,117.0,117.0,115.4,115.49,902
NIFTYETF,2019-05-08 00:00:00+05:30,115.0,115.0,113.75,114.01,280
NIFTYETF,2019-05-09 00:00:00+05:30,113.5,113.9,113.0,113.5,284
NIFTYETF,2019-05-10 00:00:00+05:30,113.3,113.4,113.0,113.17,590
NIFTYETF,2019-05-13 00:00:00+05:30,113.0,113.2,111.4,112.4,121
NIFTYETF,2019-05-14 00:00:00+05:30,111.85,112.7,111.7,112.7,515
NIFTYETF,2019-05-15 00:00:00+05:30,112.95,112.95,112.2,112.2,542
NIFTYETF,2019-05-16 00:00:00+05:30,112.0,112.1,111.64,111.64,21
NIFTYETF,2019-05-17 00:00:00+05:30,113.0,114.55,113.0,114.55,531
NIFTYETF,2019-05-20 00:00:00+05:30,117.0,118.4,117.0,118.3,1017
NIFTYETF,2019-05-21 00:00:00+05:30,119.0,119.0,117.35,117.35,541
NIFTYETF,2019-05-22 00:00:00+05:30,117.25,117.25,117.25,117.25,15
NIFTYETF,2019-05-23 00:00:00+05:30,119.5,120.3,116.8,116.8,3607
NIFTYETF,2019-05-24 00:00:00+05:30,117.5,118.5,117.0,118.5,1102
NIFTYETF,2019-05-27 00:00:00+05:30,119.3,119.3,119.1,119.3,922
NIFTYETF,2019-05-28 00:00:00+05:30,120.0,120.0,119.0,119.5,722
NIFTYETF,2019-05-29 00:00:00+05:30,119.0,119.0,119.0,119.0,10
NIFTYETF,2019-05-30 00:00:00+05:30,119.5,119.6,119.5,119.6,681
NIFTYETF,2019-05-31 00:00:00+05:30,120.5,120.6,119.0,119.5,57983
NIFTYETF,2019-06-03 00:00:00+05:30,122.0,122.0,119.65,121.0,5121
NIFTYETF,2019-06-04 00:00:00+05:30,121.45,121.45,121.0,121.0,23
NIFTYETF,2019-06-06 00:00:00+05:30,122.0,131.0,116.7,118.65,233
NIFTYETF,2019-06-07 00:00:00+05:30,118.9,119.35,118.35,119.35,306
NIFTYETF,2019-06-10 00:00:00+05:30,120.0,120.0,119.55,119.59,205
NIFTYETF,2019-06-11 00:00:00+05:30,119.8,120.1,119.8,120.1,1510
NIFTYETF,2019-06-12 00:00:00+05:30,120.1,120.1,119.5,119.5,50150
NIFTYETF,2019-06-13 00:00:00+05:30,118.65,119.65,118.65,119.65,198
NIFTYETF,2019-06-14 00:00:00+05:30,119.35,119.35,118.65,118.82,373
NIFTYETF,2019-06-17 00:00:00+05:30,118.0,118.0,116.8,117.73,457
NIFTYETF,2019-06-18 00:00:00+05:30,117.5,117.7,117.5,117.6,54
NIFTYETF,2019-06-19 00:00:00+05:30,118.45,118.5,116.4,117.25,58047
NIFTYETF,2019-06-20 00:00:00+05:30,117.0,117.75,116.5,117.3,29
NIFTYETF,2019-06-21 00:00:00+05:30,118.1,118.1,118.1,118.1,5000
NIFTYETF,2019-06-24 00:00:00+05:30,117.7,117.7,117.7,117.7,210
NIFTYETF,2019-06-25 00:00:00+05:30,117.7,118.2,117.7,118.2,5046
NIFTYETF,2019-06-26 00:00:00+05:30,118.0,119.1,118.0,119.1,71
NIFTYETF,2019-06-27 00:00:00+05:30,119.6,119.6,119.6,119.6,102
NIFTYETF,2019-06-28 00:00:00+05:30,119.0,119.0,118.5,118.6,300
NIFTYETF,2019-07-01 00:00:00+05:30,118.9,119.3,118.9,119.3,107
NIFTYETF,2019-07-02 00:00:00+05:30,119.0,119.7,119.0,119.7,323
NIFTYETF,2019-07-03 00:00:00+05:30,119.9,119.9,119.8,119.8,49
NIFTYETF,2019-07-04 00:00:00+05:30,120.0,120.25,120.0,120.2,22
NIFTYETF,2019-07-05 00:00:00+05:30,120.0,120.0,118.75,118.79,1944
NIFTYETF,2019-07-08 00:00:00+05:30,118.0,118.0,116.2,116.49,800
NIFTYETF,2019-07-09 00:00:00+05:30,115.6,116.5,115.5,116.0,433
NIFTYETF,2019-07-10 00:00:00+05:30,116.2,116.2,115.5,115.77,5219
NIFTYETF,2019-07-11 00:00:00+05:30,116.3,116.3,116.3,116.3,100
NIFTYETF,2019-07-12 00:00:00+05:30,116.5,116.5,116.5,116.5,7
NIFTYETF,2019-07-15 00:00:00+05:30,116.0,116.65,116.0,116.6,72
NIFTYETF,2019-07-16 00:00:00+05:30,117.1,117.3,117.1,117.3,80
NIFTYETF,2019-07-17 00:00:00+05:30,117.4,117.7,117.4,117.7,65
NIFTYETF,2019-07-18 00:00:00+05:30,117.4,117.4,116.5,116.6,245
NIFTYETF,2019-07-19 00:00:00+05:30,116.25,116.25,114.6,115.0,714
NIFTYETF,2019-07-22 00:00:00+05:30,114.1,114.45,113.5,114.29,1900
NIFTYETF,2019-07-23 00:00:00+05:30,114.4,114.4,113.75,114.12,549
NIFTYETF,2019-07-24 00:00:00+05:30,113.7,113.7,113.05,113.7,211
NIFTYETF,2019-07-25 00:00:00+05:30,114.6,114.6,113.5,113.69,493
NIFTYETF,2019-07-29 00:00:00+05:30,113.4,113.6,112.9,112.9,304
NIFTYETF,2019-07-30 00:00:00+05:30,113.65,113.65,112.3,112.3,17
NIFTYETF,2019-07-31 00:00:00+05:30,112.3,112.3,111.15,111.15,283
NIFTYETF,2019-08-01 00:00:00+05:30,111.9,111.9,110.5,110.5,1497
NIFTYETF,2019-08-02 00:00:00+05:30,110.0,111.6,109.5,111.2,417
NIFTYETF,2019-08-05 00:00:00+05:30,110.0,110.15,109.3,109.85,1099
NIFTYETF,2019-08-06 00:00:00+05:30,110.4,111.5,110.0,110.97,1392
NIFTYETF,2019-08-07 00:00:00+05:30,113.0,118.0,110.1,110.2,270323
NIFTYETF,2019-08-08 00:00:00+05:30,109.9,111.4,109.9,111.4,25038
NIFTYETF,2019-08-09 00:00:00+05:30,112.0,112.7,111.9,112.4,100127
NIFTYETF,2019-08-13 00:00:00+05:30,111.7,112.0,110.5,110.5,105169
NIFTYETF,2019-08-14 00:00:00+05:30,110.95,111.75,110.9,111.61,103981
NIFTYETF,2019-08-16 00:00:00+05:30,110.7,111.65,110.6,111.65,100074
NIFTYETF,2019-08-19 00:00:00+05:30,112.6,112.6,111.8,111.8,57
NIFTYETF,2019-08-20 00:00:00+05:30,111.7,111.75,111.0,111.5,107046
NIFTYETF,2019-08-21 00:00:00+05:30,111.05,111.35,110.3,110.65,105110
NIFTYETF,2019-08-22 00:00:00+05:30,110.0,110.0,108.15,108.77,27788
NIFTYETF,2019-08-23 00:00:00+05:30,108.0,109.8,107.9,109.8,5281
NIFTYETF,2019-08-26 00:00:00+05:30,110.4,111.75,109.0,111.65,108504
NIFTYETF,2019-08-27 00:00:00+05:30,112.5,112.7,112.15,112.4,100660
NIFTYETF,2019-08-28 00:00:00+05:30,112.0,112.05,111.4,111.6,4619
NIFTYETF,2019-08-29 00:00:00+05:30,111.0,111.5,110.6,110.7,63352
NIFTYETF,2019-08-30 00:00:00+05:30,111.0,111.5,110.1,110.9,3646
NIFTYETF,2019-09-03 00:00:00+05:30,110.2,110.5,109.25,109.31,1383
NIFTYETF,2019-09-04 00:00:00+05:30,109.0,109.75,108.8,109.75,3353
NIFTYETF,2019-09-05 00:00:00+05:30,110.3,110.5,109.6,109.7,5122
NIFTYETF,2019-09-06 00:00:00+05:30,110.25,110.6,110.2,110.46,293
NIFTYETF,2019-09-09 00:00:00+05:30,110.4,111.6,110.4,111.35,5036
NIFTYETF,2019-09-11 00:00:00+05:30,111.6,111.8,111.6,111.8,136
NIFTYETF,2019-09-12 00:00:00+05:30,111.8,111.8,100.1,101.54,208
NIFTYETF,2019-09-13 00:00:00+05:30,111.05,111.8,110.7,111.8,2106
NIFTYETF,2019-09-16 00:00:00+05:30,111.8,111.95,111.25,111.33,382
NIFTYETF,2019-09-17 00:00:00+05:30,110.95,110.95,109.15,109.47,2096
NIFTYETF,2019-09-18 00:00:00+05:30,109.85,109.85,109.35,109.6,336
NIFTYETF,2019-09-19 00:00:00+05:30,109.2,109.2,108.0,108.38,724
NIFTYETF,2019-09-20 00:00:00+05:30,108.6,114.4,108.5,114.4,69148
NIFTYETF,2019-09-23 00:00:00+05:30,117.0,117.9,116.5,117.55,7534
NIFTYETF,2019-09-24 00:00:00+05:30,117.4,117.4,116.85,117.25,16338
NIFTYETF,2019-09-25 00:00:00+05:30,116.4,116.4,115.3,115.3,51076
NIFTYETF,2019-09-26 00:00:00+05:30,116.5,117.0,116.5,116.55,84004
NIFTYETF,2019-09-27 00:00:00+05:30,116.95,116.95,116.75,116.75,13
NIFTYETF,2019-09-30 00:00:00+05:30,115.0,115.95,115.0,115.75,6318
NIFTYETF,2019-10-01 00:00:00+05:30,116.4,116.5,114.2,114.64,21319
NIFTYETF,2019-10-03 00:00:00+05:30,114.1,114.7,114.1,114.4,1668
NIFTYETF,2019-10-04 00:00:00+05:30,115.0,115.0,112.8,112.85,5094
NIFTYETF,2019-10-07 00:00:00+05:30,135.0,135.0,112.25,112.95,5141
NIFTYETF,2019-10-09 00:00:00+05:30,112.6,114.0,112.5,114.0,15340
NIFTYETF,2019-10-10 00:00:00+05:30,114.3,114.3,113.4,113.79,176098
NIFTYETF,2019-10-11 00:00:00+05:30,114.45,114.45,113.4,114.4,15020
NIFTYETF,2019-10-14 00:00:00+05:30,114.5,115.2,114.3,114.3,5186
NIFTYETF,2019-10-15 00:00:00+05:30,115.2,115.75,115.0,115.75,86
NIFTYETF,2019-10-16 00:00:00+05:30,115.6,116.1,115.4,116.0,112
NIFTYETF,2019-10-17 00:00:00+05:30,116.3,117.5,116.05,116.79,16
NIFTYETF,2019-10-18 00:00:00+05:30,117.7,118.2,117.4,118.19,210
NIFTYETF,2019-10-22 00:00:00+05:30,120.0,120.0,117.5,117.55,4905
NIFTYETF,2019-10-23 00:00:00+05:30,117.4,118.0,117.4,118.0,5136
NIFTYETF,2019-10-24 00:00:00+05:30,117.9,117.9,116.9,116.9,75
NIFTYETF,2019-10-25 00:00:00+05:30,117.5,117.5,117.0,117.0,59
NIFTYETF,2019-10-27 00:00:00+05:30,120.0,126.0,117.0,118.42,1099
NIFTYETF,2019-10-29 00:00:00+05:30,117.6,119.5,117.6,119.1,7473
NIFTYETF,2019-10-30 00:00:00+05:30,119.3,120.0,119.3,120.0,176491
NIFTYETF,2019-10-31 00:00:00+05:30,120.4,120.9,120.4,120.6,10075
NIFTYETF,2019-11-01 00:00:00+05:30,120.7,120.7,120.2,120.2,270040
NIFTYETF,2019-11-04 00:00:00+05:30,121.0,121.2,120.6,120.78,395
NIFTYETF,2019-11-05 00:00:00+05:30,121.2,121.2,120.55,120.55,1324
NIFTYETF,2019-11-06 00:00:00+05:30,120.5,121.8,120.35,121.8,12029
NIFTYETF,2019-11-07 00:00:00+05:30,121.75,121.75,121.3,121.3,5002
NIFTYETF,2019-11-08 00:00:00+05:30,121.2,121.7,121.15,121.2,138
NIFTYETF,2019-11-11 00:00:00+05:30,120.2,120.9,120.2,120.25,76
NIFTYETF,2019-11-13 00:00:00+05:30,120.35,120.35,120.35,120.35,7
NIFTYETF,2019-11-14 00:00:00+05:30,119.5,120.45,119.5,120.1,51458
NIFTYETF,2019-11-15 00:00:00+05:30,120.75,121.4,120.7,120.75,109631
NIFTYETF,2019-11-18 00:00:00+05:30,120.6,120.6,120.2,120.35,293
NIFTYETF,2019-11-19 00:00:00+05:30,120.65,121.0,120.65,121.0,2239
NIFTYETF,2019-11-20 00:00:00+05:30,121.3,122.0,121.05,121.6,12677
NIFTYETF,2019-11-21 00:00:00+05:30,121.55,121.55,121.55,121.55,7
NIFTYETF,2019-11-22 00:00:00+05:30,121.25,121.25,120.4,120.7,461
NIFTYETF,2019-11-25 00:00:00+05:30,121.3,122.8,121.3,122.6,2571
NIFTYETF,2019-11-26 00:00:00+05:30,123.0,123.0,121.85,122.09,2286
NIFTYETF,2019-11-27 00:00:00+05:30,122.55,122.55,122.55,122.55,71
NIFTYETF,2019-11-28 00:00:00+05:30,122.85,123.0,122.75,122.95,515
NIFTYETF,2019-11-29 00:00:00+05:30,122.75,122.75,122.0,122.1,302
NIFTYETF,2019-12-02 00:00:00+05:30,122.7,122.8,122.2,122.78,95
NIFTYETF,2019-12-03 00:00:00+05:30,121.75,122.16,121.45,121.45,55
NIFTYETF,2019-12-04 00:00:00+05:30,121.2,122.2,121.2,122.2,20825
NIFTYETF,2019-12-05 00:00:00+05:30,122.3,122.3,121.8,122.2,484
NIFTYETF,2019-12-06 00:00:00+05:30,122.3,122.3,120.6,120.8,518
NIFTYETF,2019-12-09 00:00:00+05:30,121.0,121.2,120.7,121.2,2479
NIFTYETF,2019-12-10 00:00:00+05:30,104.1,120.9,104.1,120.9,140
NIFTYETF,2019-12-11 00:00:00+05:30,120.55,120.55,120.45,120.45,2010
NIFTYETF,2019-12-12 00:00:00+05:30,121.1,121.4,121.1,121.2,208
NIFTYETF,2019-12-13 00:00:00+05:30,122.25,122.25,122.25,122.25,6
NIFTYETF,2019-12-16 00:00:00+05:30,122.7,122.85,122.25,122.25,522
NIFTYETF,2019-12-17 00:00:00+05:30,122.6,122.95,122.6,122.95,143
NIFTYETF,2019-12-18 00:00:00+05:30,123.4,123.8,123.35,123.8,157
NIFTYETF,2019-12-19 00:00:00+05:30,123.75,124.2,123.65,124.09,2163
NIFTYETF,2019-12-20 00:00:00+05:30,124.0,124.45,124.0,124.45,119
NIFTYETF,2019-12-23 00:00:00+05:30,124.0,124.6,123.95,124.12,1011
NIFTYETF,2019-12-24 00:00:00+05:30,124.45,124.45,124.2,124.2,83
NIFTYETF,2019-12-26 00:00:00+05:30,123.9,123.9,122.85,122.92,152
NIFTYETF,2019-12-27 00:00:00+05:30,123.15,123.95,123.15,123.9,10472
NIFTYETF,2019-12-30 00:00:00+05:30,124.0,124.45,124.0,124.3,510
NIFTYETF,2019-12-31 00:00:00+05:30,123.75,124.1,123.4,123.4,2363
NIFTYETF,2020-01-01 00:00:00+05:30,123.55,124.0,123.55,123.98,532
NIFTYETF,2020-01-02 00:00:00+05:30,123.75,124.45,123.6,124.35,1367
NIFTYETF,2020-01-03 00:00:00+05:30,124.0,124.15,123.6,123.68,776
NIFTYETF,2020-01-06 00:00:00+05:30,122.7,122.75,121.55,121.7,972
NIFTYETF,2020-01-07 00:00:00+05:30,122.75,126.0,121.85,122.4,5772
NIFTYETF,2020-01-08 00:00:00+05:30,121.2,122.0,121.0,121.92,10727
NIFTYETF,2020-01-09 00:00:00+05:30,123.35,123.8,123.1,123.77,1402
NIFTYETF,2020-01-10 00:00:00+05:30,124.0,124.9,124.0,124.2,617
NIFTYETF,2020-01-13 00:00:00+05:30,124.8,124.9,124.8,124.85,34
NIFTYETF,2020-01-14 00:00:00+05:30,124.85,125.35,124.85,125.26,888
NIFTYETF,2020-01-15 00:00:00+05:30,125.0,125.1,124.5,124.99,10258
NIFTYETF,2020-01-16 00:00:00+05:30,125.45,125.45,125.1,125.23,1044
NIFTYETF,2020-01-17 00:00:00+05:30,125.0,125.6,125.0,125.44,965
NIFTYETF,2020-01-20 00:00:00+05:30,130.0,130.0,124.15,124.23,1774
NIFTYETF,2020-01-21 00:00:00+05:30,124.23,124.23,123.4,123.4,1122
NIFTYETF,2020-01-22 00:00:00+05:30,123.85,123.85,122.75,122.84,7531
NIFTYETF,2020-01-23 00:00:00+05:30,123.15,123.55,122.6,123.45,2638
NIFTYETF,2020-01-24 00:00:00+05:30,123.45,124.7,123.45,124.7,11958
NIFTYETF,2020-01-27 00:00:00+05:30,106.1,124.9,106.1,123.1,2343
NIFTYETF,2020-01-28 00:00:00+05:30,123.0,125.0,122.25,122.83,3246
NIFTYETF,2020-01-29 00:00:00+05:30,122.95,123.3,122.65,122.8,27812
NIFTYETF,2020-01-30 00:00:00+05:30,122.55,122.55,121.85,122.02,1049
NIFTYETF,2020-01-31 00:00:00+05:30,125.0,125.0,121.25,121.38,17158
NIFTYETF,2020-02-01 00:00:00+05:30,120.8,121.9,118.0,118.6,28121
NIFTYETF,2020-02-03 00:00:00+05:30,118.6,119.1,118.0,119.05,27438
NIFTYETF,2020-02-04 00:00:00+05:30,119.55,121.55,119.55,121.51,3857
NIFTYETF,2020-02-05 00:00:00+05:30,121.95,122.65,121.7,122.6,12758
NIFTYETF,2020-02-06 00:00:00+05:30,122.85,123.25,122.7,123.25,634
NIFTYETF,2020-02-07 00:00:00+05:30,125.0,125.0,122.5,122.55,1223
NIFTYETF,2020-02-10 00:00:00+05:30,121.85,122.4,121.55,121.8,603
NIFTYETF,2020-02-11 00:00:00+05:30,122.85,123.45,122.85,123.25,2359
NIFTYETF,2020-02-12 00:00:00+05:30,123.25,124.05,123.25,124.04,802
NIFTYETF,2020-02-13 00:00:00+05:30,123.65,123.65,123.25,123.25,195
NIFTYETF,2020-02-14 00:00:00+05:30,124.0,124.0,122.8,122.85,4712
NIFTYETF,2020-02-17 00:00:00+05:30,122.75,122.95,122.15,122.25,706
NIFTYETF,2020-02-18 00:00:00+05:30,122.65,122.75,120.75,121.44,12889
NIFTYETF,2020-02-19 00:00:00+05:30,122.5,123.05,122.2,122.65,335
NIFTYETF,2020-02-20 00:00:00+05:30,123.1,123.1,122.45,122.45,502
NIFTYETF,2020-02-24 00:00:00+05:30,121.5,121.5,120.0,120.23,4558
NIFTYETF,2020-02-25 00:00:00+05:30,120.25,120.55,119.75,119.79,1252
NIFTYETF,2020-02-26 00:00:00+05:30,119.0,119.15,118.2,118.32,3622
NIFTYETF,2020-02-27 00:00:00+05:30,118.0,118.0,117.25,117.94,6059
NIFTYETF,2020-02-28 00:00:00+05:30,116.5,116.5,112.75,113.08,19299
NIFTYETF,2020-03-02 00:00:00+05:30,115.7,120.0,112.9,114.1,34685
NIFTYETF,2020-03-03 00:00:00+05:30,114.45,115.0,113.85,114.9,2407
NIFTYETF,2020-03-04 00:00:00+05:30,114.7,115.35,113.25,114.46,2772
NIFTYETF,2020-03-05 00:00:00+05:30,115.1,115.85,114.8,115.35,19797
NIFTYETF,2020-03-06 00:00:00+05:30,111.35,111.95,110.35,111.69,36374
NIFTYETF,2020-03-09 00:00:00+05:30,112.0,112.0,105.25,106.67,51799
NIFTYETF,2020-03-11 00:00:00+05:30,105.7,107.95,105.7,106.5,515050
NIFTYETF,2020-03-12 00:00:00+05:30,101.5,120.0,94.95,97.35,165678
NIFTYETF,2020-03-13 00:00:00+05:30,94.0,115.0,90.0,101.5,199426
NIFTYETF,2020-03-16 00:00:00+05:30,101.0,101.0,87.0,94.04,9238
NIFTYETF,2020-03-17 00:00:00+05:30,98.0,98.0,90.6,91.47,49062
NIFTYETF,2020-03-18 00:00:00+05:30,93.0,93.0,85.4,85.83,251809
NIFTYETF,2020-03-19 00:00:00+05:30,85.0,86.95,80.1,84.48,203626
NIFTYETF,2020-03-20 00:00:00+05:30,85.0,90.6,83.95,89.49,72861
NIFTYETF,2020-03-23 00:00:00+05:30,95.0,95.0,77.95,78.05,52868
NIFTYETF,2020-03-24 00:00:00+05:30,87.7,87.7,77.0,79.86,6857
NIFTYETF,2020-03-25 00:00:00+05:30,80.4,85.0,79.4,84.0,8761
NIFTYETF,2020-03-26 00:00:00+05:30,85.0,89.0,84.5,88.47,34599
NIFTYETF,2020-03-27 00:00:00+05:30,88.5,95.0,87.65,87.69,47065
NIFTYETF,2020-03-30 00:00:00+05:30,89.0,89.0,84.1,84.64,10728
NIFTYETF,2020-03-31 00:00:00+05:30,94.9,94.9,85.5,87.94,2592
NIFTYETF,2020-04-01 00:00:00+05:30,88.2,88.25,83.9,84.15,19607
NIFTYETF,2020-04-03 00:00:00+05:30,84.15,84.15,82.01,82.48,9996
NIFTYETF,2020-04-07 00:00:00+05:30,99.0,99.0,75.1,88.7,74687
NIFTYETF,2020-04-08 00:00:00+05:30,98.33,98.33,80.87,89.3,4538
NIFTYETF,2020-04-09 00:00:00+05:30,99.2,99.2,91.0,92.0,4022
NIFTYETF,2020-04-13 00:00:00+05:30,82.4,92.0,82.4,91.6,4443
NIFTYETF,2020-04-15 00:00:00+05:30,91.6,94.0,90.6,91.0,29509
NIFTYETF,2020-04-16 00:00:00+05:30,81.1,91.8,81.1,91.5,3000
NIFTYETF,2020-04-17 00:00:00+05:30,94.5,94.5,92.1,93.65,4060
NIFTYETF,2020-04-20 00:00:00+05:30,91.7,94.8,90.0,94.07,3171
NIFTYETF,2020-04-21 00:00:00+05:30,92.0,92.0,90.5,90.87,14472
NIFTYETF,2020-04-22 00:00:00+05:30,91.2,93.4,91.0,93.0,2074
NIFTYETF,2020-04-23 00:00:00+05:30,93.3,94.5,93.3,94.5,4461
NIFTYETF,2020-04-24 00:00:00+05:30,92.7,94.0,88.8,92.81,2432
NIFTYETF,2020-04-27 00:00:00+05:30,94.0,95.0,94.0,94.25,6579
NIFTYETF,2020-04-28 00:00:00+05:30,95.43,99.1,93.9,94.89,1181
NIFTYETF,2020-04-29 00:00:00+05:30,95.2,96.8,95.2,96.31,2249
NIFTYETF,2020-04-30 00:00:00+05:30,98.4,99.95,98.4,99.41,5452
NIFTYETF,2020-05-04 00:00:00+05:30,99.0,99.0,94.0,94.44,5841
NIFTYETF,2020-05-05 00:00:00+05:30,95.0,95.5,93.6,93.6,1964
NIFTYETF,2020-05-06 00:00:00+05:30,93.0,94.3,92.8,93.85,2203
NIFTYETF,2020-05-07 00:00:00+05:30,93.6,93.9,93.35,93.38,1297
NIFTYETF,2020-05-08 00:00:00+05:30,95.1,95.1,93.5,93.54,10089
NIFTYETF,2020-05-11 00:00:00+05:30,94.65,95.6,93.51,93.51,872
NIFTYETF,2020-05-12 00:00:00+05:30,93.0,93.5,91.6,93.06,12159
NIFTYETF,2020-05-13 00:00:00+05:30,100.0,100.0,93.0,95.02,5074
NIFTYETF,2020-05-14 00:00:00+05:30,95.1,95.1,92.6,92.89,7960
NIFTYETF,2020-05-15 00:00:00+05:30,92.2,92.8,91.59,92.6,7091
NIFTYETF,2020-05-18 00:00:00+05:30,91.7,92.3,89.53,89.81,8674
NIFTYETF,2020-05-19 00:00:00+05:30,90.7,91.5,90.1,90.11,4238
NIFTYETF,2020-05-20 00:00:00+05:30,91.5,91.5,90.7,91.5,1625
NIFTYETF,2020-05-21 00:00:00+05:30,91.9,92.5,91.9,92.37,890
NIFTYETF,2020-05-22 00:00:00+05:30,92.0,92.39,90.5,91.69,69779
NIFTYETF,2020-05-26 00:00:00+05:30,92.3,92.6,91.3,91.7,12431
NIFTYETF,2020-05-27 00:00:00+05:30,91.7,93.8,91.5,93.6,498
NIFTYETF,2020-05-28 00:00:00+05:30,95.4,96.3,95.0,95.72,6111
NIFTYETF,2020-05-29 00:00:00+05:30,95.4,96.7,95.3,96.54,1279
NIFTYETF,2020-06-01 00:00:00+05:30,96.54,100.8,96.54,99.8,42066
NIFTYETF,2020-06-02 00:00:00+05:30,100.0,101.4,100.0,101.01,2607
NIFTYETF,2020-06-03 00:00:00+05:30,102.3,103.0,101.9,102.9,4433
NIFTYETF,2020-06-04 00:00:00+05:30,102.1,102.5,100.7,101.4,757
NIFTYETF,2020-06-05 00:00:00+05:30,101.4,102.8,101.4,102.5,3247
NIFTYETF,2020-06-08 00:00:00+05:30,113.78,113.78,102.5,102.84,21808
NIFTYETF,2020-06-09 00:00:00+05:30,102.7,104.3,101.7,101.72,1442
NIFTYETF,2020-06-10 00:00:00+05:30,102.1,102.9,101.8,102.31,1312
NIFTYETF,2020-06-11 00:00:00+05:30,102.5,102.5,100.3,100.62,378
NIFTYETF,2020-06-12 00:00:00+05:30,101.0,101.0,95.7,100.7,59308
NIFTYETF,2020-06-15 00:00:00+05:30,101.0,101.0,98.9,99.45,2603
NIFTYETF,2020-06-16 00:00:00+05:30,101.3,101.8,98.6,100.0,19204
NIFTYETF,2020-06-17 00:00:00+05:30,99.8,101.0,99.8,100.1,701
NIFTYETF,2020-06-18 00:00:00+05:30,99.8,102.2,99.8,102.05,1965
NIFTYETF,2020-06-19 00:00:00+05:30,102.4,103.5,102.4,103.5,1173
NIFTYETF,2020-06-22 00:00:00+05:30,104.0,105.1,104.0,104.6,21408
NIFTYETF,2020-06-23 00:00:00+05:30,104.0,106.2,100.33,106.2,900
NIFTYETF,2020-06-24 00:00:00+05:30,106.3,106.6,104.0,104.48,63039
NIFTYETF,2020-06-25 00:00:00+05:30,104.0,104.9,103.3,104.0,66094
NIFTYETF,2020-06-26 00:00:00+05:30,105.25,105.25,104.6,104.6,20212
NIFTYETF,2020-06-29 00:00:00+05:30,105.0,105.0,103.8,104.4,750
NIFTYETF,2020-06-30 00:00:00+05:30,105.5,105.5,104.0,104.5,127
NIFTYETF,2020-07-01 00:00:00+05:30,104.55,105.9,104.55,105.9,42264
NIFTYETF,2020-07-02 00:00:00+05:30,106.0,107.15,106.0,107.05,3162
NIFTYETF,2020-07-03 00:00:00+05:30,107.05,107.7,107.0,107.2,1731
NIFTYETF,2020-07-06 00:00:00+05:30,108.55,109.3,108.3,109.12,27313
NIFTYETF,2020-07-07 00:00:00+05:30,108.8,109.29,108.5,109.2,2312
NIFTYETF,2020-07-08 00:00:00+05:30,109.4,110.0,108.49,108.58,31095
NIFTYETF,2020-07-09 00:00:00+05:30,109.2,110.0,108.7,110.0,15586
NIFTYETF,2020-07-10 00:00:00+05:30,109.05,109.8,108.8,109.5,1032
NIFTYETF,2020-07-13 00:00:00+05:30,110.2,110.45,109.7,109.75,668
NIFTYETF,2020-07-14 00:00:00+05:30,108.85,108.85,106.95,107.89,3778
NIFTYETF,2020-07-15 00:00:00+05:30,108.9,109.8,107.9,108.38,46621
NIFTYETF,2020-07-16 00:00:00+05:30,107.7,108.7,107.6,108.7,548
NIFTYETF,2020-07-17 00:00:00+05:30,109.2,110.9,109.2,110.5,22473
NIFTYETF,2020-07-20 00:00:00+05:30,110.8,112.0,110.8,112.0,827
NIFTYETF,2020-07-21 00:00:00+05:30,112.5,113.5,112.5,113.43,2326
NIFTYETF,2020-07-22 00:00:00+05:30,113.4,113.5,112.5,112.5,6512
NIFTYETF,2020-07-23 00:00:00+05:30,113.5,114.3,113.0,114.0,6626
NIFTYETF,2020-07-24 00:00:00+05:30,113.7,113.7,112.65,113.7,13505
NIFTYETF,2020-07-27 00:00:00+05:30,113.5,113.7,113.2,113.5,467
NIFTYETF,2020-07-28 00:00:00+05:30,113.5,114.9,113.5,114.71,22506
NIFTYETF,2020-07-29 00:00:00+05:30,114.9,115.9,113.65,115.9,416
NIFTYETF,2020-07-30 00:00:00+05:30,114.7,114.9,112.42,112.66,12111
NIFTYETF,2020-07-31 00:00:00+05:30,112.9,113.2,112.3,112.33,6376
NIFTYETF,2020-08-03 00:00:00+05:30,112.2,112.2,110.5,110.5,2072
NIFTYETF,2020-08-04 00:00:00+05:30,111.7,112.45,111.7,112.4,336
NIFTYETF,2020-08-05 00:00:00+05:30,113.0,114.0,112.7,112.7,316
NIFTYETF,2020-08-06 00:00:00+05:30,115.5,115.5,113.0,113.06,25138
NIFTYETF,2020-08-07 00:00:00+05:30,113.5,113.8,113.5,113.8,335
NIFTYETF,2020-08-10 00:00:00+05:30,113.05,115.5,113.05,114.7,4048
NIFTYETF,2020-08-11 00:00:00+05:30,115.0,115.6,115.0,115.5,11675
NIFTYETF,2020-08-12 00:00:00+05:30,114.8,115.1,114.7,114.7,5634
NIFTYETF,2020-08-13 00:00:00+05:30,115.0,115.6,114.7,114.7,201309
NIFTYETF,2020-08-14 00:00:00+05:30,115.0,115.7,113.2,113.8,1395
NIFTYETF,2020-08-17 00:00:00+05:30,114.3,114.7,113.2,114.01,801
NIFTYETF,2020-08-18 00:00:00+05:30,114.7,115.5,114.7,115.5,2161
NIFTYETF,2020-08-19 00:00:00+05:30,116.1,116.7,116.0,116.42,1094
NIFTYETF,2020-08-20 00:00:00+05:30,116.42,118.0,114.8,115.3,1592
NIFTYETF,2020-08-21 00:00:00+05:30,115.8,116.3,115.6,116.0,4889
NIFTYETF,2020-08-24 00:00:00+05:30,120.0,120.0,115.2,116.1,1025
NIFTYETF,2020-08-25 00:00:00+05:30,116.4,117.2,116.0,116.31,236706
NIFTYETF,2020-08-26 00:00:00+05:30,117.5,119.5,116.5,117.69,420001
NIFTYETF,2020-08-27 00:00:00+05:30,117.7,118.0,117.6,117.95,1507
NIFTYETF,2020-08-28 00:00:00+05:30,117.8,118.8,117.8,118.2,2235
NIFTYETF,2020-08-31 00:00:00+05:30,119.6,119.9,115.6,115.91,47963
NIFTYETF,2020-09-01 00:00:00+05:30,117.0,117.6,116.4,116.8,793
NIFTYETF,2020-09-02 00:00:00+05:30,117.3,117.3,116.8,117.3,448
NIFTYETF,2020-09-03 00:00:00+05:30,117.3,117.9,117.0,117.8,1368
NIFTYETF,2020-09-04 00:00:00+05:30,115.6,116.6,115.0,115.68,1872
NIFTYETF,2020-09-07 00:00:00+05:30,115.2,115.8,115.0,115.63,41355
NIFTYETF,2020-09-08 00:00:00+05:30,115.3,116.5,115.3,116.5,1084
NIFTYETF,2020-09-09 00:00:00+05:30,114.7,115.3,114.25,115.29,976
NIFTYETF,2020-09-10 00:00:00+05:30,115.1,116.4,115.1,116.16,1442
NIFTYETF,2020-09-11 00:00:00+05:30,117.0,117.0,116.25,116.61,6231
NIFTYETF,2020-09-14 00:00:00+05:30,117.2,117.8,116.15,116.5,25571
NIFTYETF,2020-09-15 00:00:00+05:30,117.0,117.5,116.7,117.5,1572
NIFTYETF,2020-09-16 00:00:00+05:30,117.8,118.25,117.2,118.05,497
NIFTYETF,2020-09-17 00:00:00+05:30,117.7,118.0,117.2,117.5,2309
NIFTYETF,2020-09-18 00:00:00+05:30,121.1,121.1,116.85,117.49,670
NIFTYETF,2020-09-21 00:00:00+05:30,117.55,117.55,114.3,114.68,46883
NIFTYETF,2020-09-22 00:00:00+05:30,114.5,114.5,113.1,113.57,10317
NIFTYETF,2020-09-23 00:00:00+05:30,114.7,114.7,112.5,113.47,2119
NIFTYETF,2020-09-24 00:00:00+05:30,112.1,112.2,110.0,110.35,4115
NIFTYETF,2020-09-25 00:00:00+05:30,110.3,112.8,110.3,112.8,2712
NIFTYETF,2020-09-28 00:00:00+05:30,113.9,114.5,113.9,114.5,1202
NIFTYETF,2020-09-29 00:00:00+05:30,114.55,115.1,113.8,114.13,574
NIFTYETF,2020-09-30 00:00:00+05:30,114.15,114.9,114.15,114.6,241
NIFTYETF,2020-10-01 00:00:00+05:30,115.4,116.5,115.4,116.43,506
NIFTYETF,2020-10-05 00:00:00+05:30,116.43,117.7,116.43,117.31,3137
NIFTYETF,2020-10-06 00:00:00+05:30,116.0,119.35,116.0,118.04,42530
NIFTYETF,2020-10-07 00:00:00+05:30,118.7,119.9,118.2,119.4,1466
NIFTYETF,2020-10-08 00:00:00+05:30,120.0,121.2,120.0,120.2,2713
NIFTYETF,2020-10-09 00:00:00+05:30,120.4,121.25,120.05,121.1,2449
NIFTYETF,2020-10-12 00:00:00+05:30,119.28,122.15,116.3,121.5,21952
NIFTYETF,2020-10-13 00:00:00+05:30,121.7,121.95,121.2,121.2,371
NIFTYETF,2020-10-14 00:00:00+05:30,121.35,121.7,120.4,121.7,1384
NIFTYETF,2020-10-15 00:00:00+05:30,122.1,122.2,119.1,119.31,71263
NIFTYETF,2020-10-16 00:00:00+05:30,119.7,120.1,118.9,119.6,36266
NIFTYETF,2020-10-19 00:00:00+05:30,120.5,121.3,120.5,121.2,28374
NIFTYETF,2020-10-20 00:00:00+05:30,121.2,121.8,120.0,121.37,258
NIFTYETF,2020-10-21 00:00:00+05:30,121.8,122.25,120.3,121.2,12892
NIFTYETF,2020-10-22 00:00:00+05:30,121.2,121.3,120.8,121.2,634
NIFTYETF,2020-10-23 00:00:00+05:30,121.7,121.8,121.2,121.39,30113
NIFTYETF,2020-10-26 00:00:00+05:30,121.2,121.7,119.7,120.27,749
NIFTYETF,2020-10-27 00:00:00+05:30,120.0,121.0,120.0,120.8,33648
NIFTYETF,2020-10-28 00:00:00+05:30,120.75,120.9,119.5,119.5,20756
NIFTYETF,2020-10-29 00:00:00+05:30,118.9,119.7,118.8,118.9,15125
NIFTYETF,2020-10-30 00:00:00+05:30,120.0,120.0,118.3,118.3,313
NIFTYETF,2020-11-02 00:00:00+05:30,118.5,119.5,118.0,119.5,53799
NIFTYETF,2020-11-03 00:00:00+05:30,119.6,120.7,119.6,120.67,283
NIFTYETF,2020-11-04 00:00:00+05:30,121.1,121.4,120.2,121.39,68774
NIFTYETF,2020-11-05 00:00:00+05:30,122.25,123.7,122.25,123.3,21265
NIFTYETF,2020-11-06 00:00:00+05:30,125.0,125.0,123.5,124.81,441
NIFTYETF,2020-11-09 00:00:00+05:30,125.0,127.0,125.0,126.88,5415
NIFTYETF,2020-11-10 00:00:00+05:30,127.9,128.8,127.1,128.8,11700
NIFTYETF,2020-11-11 00:00:00+05:30,129.7,130.2,128.5,130.2,65759
NIFTYETF,2020-11-12 00:00:00+05:30,130.0,130.1,129.0,130.09,51858
NIFTYETF,2020-11-13 00:00:00+05:30,129.1,130.0,128.5,129.9,1487
NIFTYETF,2020-11-14 00:00:00+05:30,133.79,134.0,126.6,130.2,1775
NIFTYETF,2020-11-17 00:00:00+05:30,131.0,131.5,130.8,131.3,25166
NIFTYETF,2020-11-18 00:00:00+05:30,131.3,131.47,130.84,131.4,450
NIFTYETF,2020-11-19 00:00:00+05:30,131.5,132.3,130.29,130.3,29383
NIFTYETF,2020-11-20 00:00:00+05:30,130.61,131.47,129.95,131.47,6176
NIFTYETF,2020-11-23 00:00:00+05:30,132.22,132.28,131.04,131.83,2549
NIFTYETF,2020-11-24 00:00:00+05:30,132.59,133.4,132.59,132.91,32889
NIFTYETF,2020-11-25 00:00:00+05:30,132.91,134.01,130.87,131.47,4887
NIFTYETF,2020-11-26 00:00:00+05:30,131.5,132.8,130.7,132.79,51903
NIFTYETF,2020-11-27 00:00:00+05:30,133.0,133.04,129.6,132.49,22627
NIFTYETF,2020-12-01 00:00:00+05:30,132.55,134.0,132.55,133.37,30302
NIFTYETF,2020-12-02 00:00:00+05:30,133.5,133.95,132.77,133.95,8879
NIFTYETF,2020-12-03 00:00:00+05:30,134.15,134.62,133.95,134.16,2904
NIFTYETF,2020-12-04 00:00:00+05:30,134.49,135.04,134.4,135.0,5660
NIFTYETF,2020-12-07 00:00:00+05:30,135.28,136.46,135.18,136.45,203612
NIFTYETF,2020-12-08 00:00:00+05:30,136.36,137.19,136.02,136.97,172966
NIFTYETF,2020-12-09 00:00:00+05:30,134.0,140.0,134.0,137.83,153982
NIFTYETF,2020-12-10 00:00:00+05:30,137.61,137.72,136.74,137.7,160783
NIFTYETF,2020-12-11 00:00:00+05:30,137.86,138.58,137.49,138.09,155455
NIFTYETF,2020-12-14 00:00:00+05:30,142.23,143.8,137.7,138.55,151912
NIFTYETF,2020-12-15 00:00:00+05:30,137.7,138.65,137.15,138.59,428726
NIFTYETF,2020-12-16 00:00:00+05:30,139.05,139.8,138.9,139.71,430598
NIFTYETF,2020-12-17 00:00:00+05:30,139.0,140.45,139.0,140.29,172586
NIFTYETF,2020-12-18 00:00:00+05:30,144.49,150.27,126.6,140.55,33563
NIFTYETF,2020-12-21 00:00:00+05:30,144.76,144.76,134.84,136.33,293423
NIFTYETF,2020-12-22 00:00:00+05:30,140.41,140.41,134.8,137.69,292591
NIFTYETF,2020-12-23 00:00:00+05:30,137.66,138.65,137.35,138.41,32725
NIFTYETF,2020-12-24 00:00:00+05:30,139.26,140.5,139.26,140.47,20943
NIFTYETF,2020-12-28 00:00:00+05:30,141.03,141.71,140.91,141.53,1186
NIFTYETF,2020-12-29 00:00:00+05:30,142.08,142.57,141.56,142.12,43476
NIFTYETF,2020-12-30 00:00:00+05:30,142.73,142.73,141.69,142.43,533
NIFTYETF,2020-12-31 00:00:00+05:30,146.7,146.7,138.6,142.59,5824
NIFTYETF,2021-01-01 00:00:00+05:30,145.44,145.44,142.74,142.79,773
NIFTYETF,2021-01-04 00:00:00+05:30,147.07,147.07,142.64,144.34,17315
NIFTYETF,2021-01-05 00:00:00+05:30,147.25,147.25,143.33,144.93,3850
NIFTYETF,2021-01-06 00:00:00+05:30,144.93,145.21,143.5,144.41,6858
NIFTYETF,2021-01-07 00:00:00+05:30,147.3,147.3,143.95,144.17,170871
NIFTYETF,2021-01-08 00:00:00+05:30,143.8,146.66,140.6,146.34,7223
NIFTYETF,2021-01-11 00:00:00+05:30,148.8,152.8,142.9,147.5,7841
NIFTYETF,2021-01-12 00:00:00+05:30,151.92,156.47,144.32,148.81,693
NIFTYETF,2021-01-13 00:00:00+05:30,149.48,149.64,147.5,148.68,23889
NIFTYETF,2021-01-14 00:00:00+05:30,148.23,149.19,147.72,148.7,9311
NIFTYETF,2021-01-15 00:00:00+05:30,148.58,148.58,147.0,147.46,3184
NIFTYETF,2021-01-18 00:00:00+05:30,151.88,151.88,145.38,145.58,61093
NIFTYETF,2021-01-19 00:00:00+05:30,146.56,148.48,146.56,148.34,418
NIFTYETF,2021-01-20 00:00:00+05:30,148.34,149.76,148.34,149.19,5054
NIFTYETF,2021-01-21 00:00:00+05:30,150.0,150.63,148.45,148.8,6806
NIFTYETF,2021-01-22 00:00:00+05:30,153.26,153.26,146.5,146.97,35267
NIFTYETF,2021-01-25 00:00:00+05:30,151.37,151.37,145.15,145.49,10152
NIFTYETF,2021-01-27 00:00:00+05:30,148.4,151.0,142.1,142.8,53914
NIFTYETF,2021-01-28 00:00:00+05:30,141.68,141.88,140.01,141.08,20888
NIFTYETF,2021-01-29 00:00:00+05:30,145.31,145.31,139.0,140.16,129009
NIFTYETF,2021-02-01 00:00:00+05:30,140.5,146.1,139.74,145.9,49958
NIFTYETF,2021-02-02 00:00:00+05:30,148.85,150.55,146.0,149.24,10573
NIFTYETF,2021-02-03 00:00:00+05:30,149.0,151.77,148.93,151.3,61557
NIFTYETF,2021-02-04 00:00:00+05:30,155.83,155.83,144.33,152.24,39499
NIFTYETF,2021-02-05 00:00:00+05:30,165.0,165.0,151.25,151.75,72128
NIFTYETF,2021-02-08 00:00:00+05:30,151.75,154.59,151.75,154.24,12622
NIFTYETF,2021-02-09 00:00:00+05:30,154.49,155.68,153.59,154.08,21564
NIFTYETF,2021-02-10 00:00:00+05:30,157.2,157.2,153.17,154.44,53823
NIFTYETF,2021-02-11 00:00:00+05:30,157.55,157.55,153.92,154.46,2098
NIFTYETF,2021-02-12 00:00:00+05:30,157.55,157.55,154.47,155.07,34381
NIFTYETF,2021-02-15 00:00:00+05:30,159.72,159.72,155.07,156.1,2678
NIFTYETF,2021-02-16 00:00:00+05:30,151.42,158.0,151.13,156.11,27366
NIFTYETF,2021-02-17 00:00:00+05:30,155.44,156.3,155.0,155.44,17588
NIFTYETF,2021-02-18 00:00:00+05:30,156.4,156.9,154.22,154.49,162814
NIFTYETF,2021-02-19 00:00:00+05:30,159.12,159.12,152.42,152.79,125310
NIFTYETF,2021-02-22 00:00:00+05:30,151.0,153.49,148.13,150.51,110083
NIFTYETF,2021-02-23 00:00:00+05:30,150.72,151.8,149.95,150.31,100048
NIFTYETF,2021-02-24 00:00:00+05:30,168.8,168.8,150.0,153.25,2737
NIFTYETF,2021-02-25 00:00:00+05:30,169.0,169.0,154.0,154.42,152609
NIFTYETF,2021-02-26 00:00:00+05:30,151.31,152.4,148.06,148.31,131488
NIFTYETF,2021-03-01 00:00:00+05:30,166.7,166.7,149.8,150.88,83414
NIFTYETF,2021-03-02 00:00:00+05:30,151.49,152.76,150.95,152.21,140113
NIFTYETF,2021-03-03 00:00:00+05:30,155.25,156.14,150.05,155.75,17671
NIFTYETF,2021-03-04 00:00:00+05:30,160.42,160.42,152.0,154.07,42189
NIFTYETF,2021-03-05 00:00:00+05:30,157.2,157.2,152.0,152.71,12670
NIFTYETF,2021-03-08 00:00:00+05:30,155.8,155.8,152.32,153.04,22994
NIFTYETF,2021-03-09 00:00:00+05:30,168.2,168.2,152.75,154.39,40259
NIFTYETF,2021-03-10 00:00:00+05:30,165.8,165.8,154.5,154.94,20817
NIFTYETF,2021-03-12 00:00:00+05:30,165.2,170.15,153.25,153.4,31480
NIFTYETF,2021-03-15 00:00:00+05:30,153.4,153.51,150.95,152.66,42141
NIFTYETF,2021-03-16 00:00:00+05:30,150.05,153.94,149.5,152.53,29804
NIFTYETF,2021-03-17 00:00:00+05:30,152.31,152.72,150.47,150.68,13745
NIFTYETF,2021-03-18 00:00:00+05:30,152.14,152.14,148.29,149.07,18815
NIFTYETF,2021-03-19 00:00:00+05:30,152.05,152.05,146.95,151.14,43665
NIFTYETF,2021-03-22 00:00:00+05:30,154.2,154.2,149.0,150.48,16931
NIFTYETF,2021-03-23 00:00:00+05:30,154.99,155.25,146.5,151.54,49346
NIFTYETF,2021-03-24 00:00:00+05:30,150.8,150.85,148.64,148.81,13294
NIFTYETF,2021-03-25 00:00:00+05:30,148.75,148.75,145.95,146.51,45041
NIFTYETF,2021-03-26 00:00:00+05:30,147.78,148.85,147.4,148.55,112904
NIFTYETF,2021-03-30 00:00:00+05:30,155.25,155.25,149.45,151.55,3382
NIFTYETF,2021-03-31 00:00:00+05:30,156.09,156.09,150.0,150.38,1094349
NIFTYETF,2021-04-01 00:00:00+05:30,151.6,152.11,150.23,151.73,2431
NIFTYETF,2021-04-05 00:00:00+05:30,147.63,151.37,147.63,149.84,41119
NIFTYETF,2021-04-06 00:00:00+05:30,150.45,151.18,149.27,150.52,34960
NIFTYETF,2021-04-07 00:00:00+05:30,147.55,151.94,147.55,151.64,7540
NIFTYETF,2021-04-08 00:00:00+05:30,156.18,156.18,151.46,152.18,37075
NIFTYETF,2021-04-09 00:00:00+05:30,152.25,152.62,151.2,151.85,69236
NIFTYETF,2021-04-12 00:00:00+05:30,149.36,149.36,145.56,146.42,32778
NIFTYETF,2021-04-13 00:00:00+05:30,148.43,155.0,146.28,148.6,7795
NIFTYETF,2021-04-15 00:00:00+05:30,155.0,155.0,145.0,148.85,6564
NIFTYETF,2021-04-16 00:00:00+05:30,145.9,150.39,145.9,149.6,5079
NIFTYETF,2021-04-19 00:00:00+05:30,154.08,154.08,145.0,146.96,30961
NIFTYETF,2021-04-20 00:00:00+05:30,146.96,148.53,145.51,146.29,54352
NIFTYETF,2021-04-22 00:00:00+05:30,155.25,155.25,144.86,147.48,11489
NIFTYETF,2021-04-23 00:00:00+05:30,151.9,155.25,145.88,146.62,22720
NIFTYETF,2021-04-26 00:00:00+05:30,143.7,149.06,143.7,148.13,37403
NIFTYETF,2021-04-27 00:00:00+05:30,148.92,149.9,148.16,149.68,113438
NIFTYETF,2021-04-28 00:00:00+05:30,149.0,152.14,148.0,152.13,54038
NIFTYETF,2021-04-29 00:00:00+05:30,153.42,153.88,151.36,152.0,9791
NIFTYETF,2021-04-30 00:00:00+05:30,151.19,152.02,149.6,150.06,11633
NIFTYETF,2021-05-03 00:00:00+05:30,153.1,153.1,147.71,149.5,66903
NIFTYETF,2021-05-04 00:00:00+05:30,150.08,150.49,148.0,148.1,49903
NIFTYETF,2021-05-05 00:00:00+05:30,151.06,151.06,148.57,149.28,18812
NIFTYETF,2021-05-06 00:00:00+05:30,153.75,153.75,149.55,150.71,25888
NIFTYETF,2021-05-07 00:00:00+05:30,153.75,153.75,149.14,151.75,66521
NIFTYETF,2021-05-10 00:00:00+05:30,148.05,163.8,148.05,152.66,20788
NIFTYETF,2021-05-11 00:00:00+05:30,157.25,157.25,151.5,151.95,73868
NIFTYETF,2021-05-12 00:00:00+05:30,151.95,151.95,150.0,150.17,10759
NIFTYETF,2021-05-14 00:00:00+05:30,154.67,154.67,149.23,150.4,6695
NIFTYETF,2021-05-17 00:00:00+05:30,154.91,154.91,147.03,152.21,51323
NIFTYETF,2021-05-18 00:00:00+05:30,153.93,154.95,153.93,154.77,621379
NIFTYETF,2021-05-19 00:00:00+05:30,157.9,157.9,151.03,153.83,853
NIFTYETF,2021-05-20 00:00:00+05:30,154.3,154.3,152.45,152.77,11460
NIFTYETF,2021-05-21 00:00:00+05:30,154.05,158.02,149.05,155.0,18219
NIFTYETF,2021-05-24 00:00:00+05:30,158.1,158.1,155.0,155.75,4845
NIFTYETF,2021-05-25 00:00:00+05:30,156.51,156.51,155.05,155.25,62780
NIFTYETF,2021-05-26 00:00:00+05:30,156.12,156.88,155.87,156.88,2511
NIFTYETF,2021-05-27 00:00:00+05:30,156.5,157.1,156.35,156.89,13283
NIFTYETF,2021-05-28 00:00:00+05:30,157.56,158.29,157.56,157.9,1465
NIFTYETF,2021-05-31 00:00:00+05:30,157.94,159.5,157.68,159.18,4050
NIFTYETF,2021-06-01 00:00:00+05:30,163.95,167.2,159.01,159.85,50262
NIFTYETF,2021-06-02 00:00:00+05:30,163.0,163.0,158.54,159.4,2541
NIFTYETF,2021-06-03 00:00:00+05:30,160.6,160.76,160.01,160.5,1740
NIFTYETF,2021-06-04 00:00:00+05:30,161.01,161.4,160.3,160.79,774
NIFTYETF,2021-06-07 00:00:00+05:30,161.29,161.49,160.79,161.35,1946
NIFTYETF,2021-06-08 00:00:00+05:30,161.67,161.72,160.94,161.51,52075
NIFTYETF,2021-06-09 00:00:00+05:30,161.64,162.03,159.71,160.1,7708
NIFTYETF,2021-06-10 00:00:00+05:30,160.35,161.29,160.35,160.99,1425
NIFTYETF,2021-06-11 00:00:00+05:30,157.05,163.0,157.05,162.0,858102
NIFTYETF,2021-06-14 00:00:00+05:30,161.87,162.53,160.5,162.28,5703
NIFTYETF,2021-06-15 00:00:00+05:30,162.91,167.8,162.43,167.14,61435
NIFTYETF,2021-06-16 00:00:00+05:30,162.68,163.06,161.68,161.96,7675
NIFTYETF,2021-06-17 00:00:00+05:30,161.9,161.9,160.49,160.89,6120
NIFTYETF,2021-06-18 00:00:00+05:30,161.1,161.5,158.9,161.36,5740
NIFTYETF,2021-06-21 00:00:00+05:30,164.6,169.52,157.5,161.84,127963
NIFTYETF,2021-06-22 00:00:00+05:30,162.6,163.0,161.6,161.93,1555
NIFTYETF,2021-06-23 00:00:00+05:30,162.9,162.9,161.21,161.26,2820
NIFTYETF,2021-06-24 00:00:00+05:30,161.56,162.33,161.3,162.32,47724
NIFTYETF,2021-06-25 00:00:00+05:30,172.2,172.2,162.16,162.75,3152
NIFTYETF,2021-06-28 00:00:00+05:30,163.34,163.47,162.29,162.5,1058
NIFTYETF,2021-06-29 00:00:00+05:30,162.37,162.7,161.45,161.6,962
NIFTYETF,2021-06-30 00:00:00+05:30,162.49,162.86,161.13,161.58,1025
NIFTYETF,2021-07-01 00:00:00+05:30,162.02,162.02,161.15,161.28,91108
NIFTYETF,2021-07-02 00:00:00+05:30,164.55,164.55,160.59,161.55,1316
NIFTYETF,2021-07-05 00:00:00+05:30,164.8,164.8,158.05,162.5,6526
NIFTYETF,2021-07-06 00:00:00+05:30,162.78,163.64,162.5,162.5,7071
NIFTYETF,2021-07-07 00:00:00+05:30,165.75,165.75,162.2,163.19,3843
NIFTYETF,2021-07-08 00:00:00+05:30,165.0,165.0,161.03,161.84,68322
NIFTYETF,2021-07-09 00:00:00+05:30,161.0,161.78,160.62,161.41,4202
NIFTYETF,2021-07-12 00:00:00+05:30,167.1,170.0,161.0,161.51,63896
NIFTYETF,2021-07-13 00:00:00+05:30,171.2,171.2,161.61,162.67,365
NIFTYETF,2021-07-14 00:00:00+05:30,151.4,163.15,151.4,162.61,1296
NIFTYETF,2021-07-15 00:00:00+05:30,165.9,165.9,162.88,163.74,2320
NIFTYETF,2021-07-16 00:00:00+05:30,159.05,167.05,159.05,163.92,65494
NIFTYETF,2021-07-19 00:00:00+05:30,162.11,162.95,161.7,161.94,4217
NIFTYETF,2021-07-20 00:00:00+05:30,161.75,161.78,160.25,160.79,19778
NIFTYETF,2021-07-22 00:00:00+05:30,165.61,165.61,161.4,162.75,162833
NIFTYETF,2021-07-23 00:00:00+05:30,166.0,166.0,159.05,163.4,23668
NIFTYETF,2021-07-26 00:00:00+05:30,173.6,173.6,162.42,162.95,202690
NIFTYETF,2021-07-27 00:00:00+05:30,167.8,167.8,161.54,161.64,1460
NIFTYETF,2021-07-28 00:00:00+05:30,162.02,162.02,159.72,161.4,7643
NIFTYETF,2021-07-29 00:00:00+05:30,162.22,162.72,161.76,162.45,392
NIFTYETF,2021-07-30 00:00:00+05:30,167.32,167.32,161.96,162.5,117956
NIFTYETF,2021-08-02 00:00:00+05:30,163.34,163.5,162.77,163.48,6174
NIFTYETF,2021-08-03 00:00:00+05:30,166.7,166.7,163.62,165.76,14456
NIFTYETF,2021-08-04 00:00:00+05:30,167.8,167.8,166.65,166.98,3475
NIFTYETF,2021-08-05 00:00:00+05:30,167.15,168.19,166.77,167.74,98604
NIFTYETF,2021-08-06 00:00:00+05:30,164.4,177.2,164.4,166.81,1867
NIFTYETF,2021-08-09 00:00:00+05:30,168.89,168.89,166.45,166.74,1059
NIFTYETF,2021-08-10 00:00:00+05:30,168.89,168.89,167.0,167.5,1677
NIFTYETF,2021-08-11 00:00:00+05:30,176.3,176.3,165.0,167.8,71815
NIFTYETF,2021-08-12 00:00:00+05:30,168.89,168.89,164.45,168.5,3773
NIFTYETF,2021-08-13 00:00:00+05:30,165.15,170.3,165.15,170.04,45032
NIFTYETF,2021-08-16 00:00:00+05:30,178.9,178.9,169.4,170.52,17460
NIFTYETF,2021-08-17 00:00:00+05:30,170.31,171.01,169.75,171.0,2238
NIFTYETF,2021-08-18 00:00:00+05:30,167.6,172.06,167.6,170.76,5930
NIFTYETF,2021-08-20 00:00:00+05:30,174.2,178.8,168.63,169.27,5167
NIFTYETF,2021-08-23 00:00:00+05:30,177.0,177.0,169.0,170.0,129237
NIFTYETF,2021-08-24 00:00:00+05:30,175.09,175.09,169.95,170.91,2601
NIFTYETF,2021-08-25 00:00:00+05:30,171.79,172.17,171.1,171.44,1361
NIFTYETF,2021-08-26 00:00:00+05:30,177.35,177.35,170.74,170.82,5328
NIFTYETF,2021-08-27 00:00:00+05:30,174.25,174.25,170.86,172.0,1379
NIFTYETF,2021-08-30 00:00:00+05:30,175.5,177.35,172.54,174.24,60821
NIFTYETF,2021-08-31 00:00:00+05:30,174.5,176.67,173.96,176.65,117766
NIFTYETF,2021-09-01 00:00:00+05:30,177.35,177.35,172.0,175.81,9466
NIFTYETF,2021-09-02 00:00:00+05:30,177.35,177.57,175.81,177.2,4035
NIFTYETF,2021-09-03 00:00:00+05:30,178.26,178.54,177.01,178.45,153406
NIFTYETF,2021-09-06 00:00:00+05:30,182.0,210.0,178.45,179.08,2933
NIFTYETF,2021-09-07 00:00:00+05:30,165.7,185.0,165.7,178.94,1485
NIFTYETF,2021-09-08 00:00:00+05:30,175.4,180.66,175.4,178.98,5955
NIFTYETF,2021-09-09 00:00:00+05:30,199.4,199.4,175.4,179.04,213443
NIFTYETF,2021-09-13 00:00:00+05:30,178.56,179.04,177.8,178.63,20988
NIFTYETF,2021-09-14 00:00:00+05:30,178.63,179.74,178.6,178.61,3272
NIFTYETF,2021-09-15 00:00:00+05:30,202.6,202.6,178.95,180.52,5331
NIFTYETF,2021-09-16 00:00:00+05:30,184.15,184.15,180.33,181.8,115971
NIFTYETF,2021-09-17 00:00:00+05:30,185.45,185.45,180.3,181.23,6370
NIFTYETF,2021-09-20 00:00:00+05:30,177.65,204.7,177.65,179.29,4525
NIFTYETF,2021-09-21 00:00:00+05:30,182.9,182.9,175.7,180.67,4302
NIFTYETF,2021-09-22 00:00:00+05:30,182.0,182.0,180.28,180.99,3294
NIFTYETF,2021-09-23 00:00:00+05:30,210.0,210.0,177.4,183.56,5263
NIFTYETF,2021-09-24 00:00:00+05:30,187.25,187.25,183.5,184.0,4983
NIFTYETF,2021-09-27 00:00:00+05:30,210.0,210.0,180.35,184.09,35665
NIFTYETF,2021-09-28 00:00:00+05:30,207.2,207.2,180.35,182.25,10028
NIFTYETF,2021-09-29 00:00:00+05:30,204.0,206.2,181.1,182.56,2115
NIFTYETF,2021-09-30 00:00:00+05:30,186.25,186.25,181.2,181.45,1226
NIFTYETF,2021-10-01 00:00:00+05:30,202.2,202.2,179.62,180.09,3821
NIFTYETF,2021-10-04 00:00:00+05:30,181.15,182.83,181.15,182.11,4288
NIFTYETF,2021-10-05 00:00:00+05:30,185.75,185.75,181.61,183.13,1663
NIFTYETF,2021-10-06 00:00:00+05:30,187.0,187.0,181.3,181.81,2781
NIFTYETF,2021-10-07 00:00:00+05:30,185.45,185.45,182.98,183.16,995
NIFTYETF,2021-10-08 00:00:00+05:30,186.85,186.85,183.57,184.4,909
NIFTYETF,2021-10-11 00:00:00+05:30,184.19,185.73,183.8,184.85,8157
NIFTYETF,2021-10-12 00:00:00+05:30,184.85,206.4,150.0,185.32,66419
NIFTYETF,2021-10-13 00:00:00+05:30,210.0,210.5,184.24,186.75,5581
NIFTYETF,2021-10-14 00:00:00+05:30,182.3,192.51,182.3,188.47,84238
NIFTYETF,2021-10-18 00:00:00+05:30,190.43,191.06,190.0,190.57,4367
NIFTYETF,2021-10-19 00:00:00+05:30,191.99,210.8,189.3,189.91,8077
NIFTYETF,2021-10-20 00:00:00+05:30,193.75,193.75,187.7,188.33,64829
NIFTYETF,2021-10-21 00:00:00+05:30,190.98,190.98,186.0,187.19,3693
NIFTYETF,2021-10-22 00:00:00+05:30,190.95,190.95,185.74,186.85,3311
NIFTYETF,2021-10-25 00:00:00+05:30,189.99,189.99,185.31,186.38,10260
NIFTYETF,2021-10-26 00:00:00+05:30,210.0,210.0,186.44,188.1,5122
NIFTYETF,2021-10-27 00:00:00+05:30,191.9,191.9,186.9,187.41,688
NIFTYETF,2021-10-28 00:00:00+05:30,183.7,187.4,183.7,184.34,9618
NIFTYETF,2021-10-29 00:00:00+05:30,184.24,184.78,181.62,182.21,43279
NIFTYETF,2021-11-01 00:00:00+05:30,195.0,195.0,182.48,185.01,6461
NIFTYETF,2021-11-02 00:00:00+05:30,185.0,195.0,184.09,184.63,60168
NIFTYETF,2021-11-03 00:00:00+05:30,185.29,185.59,183.25,183.45,124759
NIFTYETF,2021-11-04 00:00:00+05:30,195.0,210.0,184.0,185.01,1600
NIFTYETF,2021-11-08 00:00:00+05:30,210.0,210.0,184.0,186.39,86595
NIFTYETF,2021-11-09 00:00:00+05:30,189.98,189.98,185.4,186.37,3796
NIFTYETF,2021-11-10 00:00:00+05:30,187.1,187.99,184.85,186.07,139929
NIFTYETF,2021-11-11 00:00:00+05:30,187.99,188.98,183.46,184.01,6767
NIFTYETF,2021-11-12 00:00:00+05:30,186.99,186.99,180.35,186.77,6497
NIFTYETF,2021-11-15 00:00:00+05:30,188.99,190.55,186.19,187.12,120124
NIFTYETF,2021-11-16 00:00:00+05:30,183.4,187.04,183.4,185.67,2873
NIFTYETF,2021-11-17 00:00:00+05:30,187.69,187.69,184.67,184.98,3165
NIFTYETF,2021-11-18 00:00:00+05:30,186.99,210.0,182.25,183.26,3436
NIFTYETF,2021-11-22 00:00:00+05:30,185.99,185.99,178.5,179.74,15922
NIFTYETF,2021-11-23 00:00:00+05:30,182.49,182.49,177.68,180.71,103070
NIFTYETF,2021-11-24 00:00:00+05:30,182.99,182.99,179.45,179.96,3053
NIFTYETF,2021-11-25 00:00:00+05:30,181.79,181.79,179.33,181.03,162612
NIFTYETF,2021-11-26 00:00:00+05:30,181.99,181.99,175.47,175.85,27277
NIFTYETF,2021-11-29 00:00:00+05:30,175.74,177.17,173.25,176.08,6448
NIFTYETF,2021-11-30 00:00:00+05:30,175.0,178.65,174.83,176.43,74301
NIFTYETF,2021-12-01 00:00:00+05:30,178.49,178.49,175.0,177.26,4064
NIFTYETF,2021-12-02 00:00:00+05:30,178.69,179.72,177.19,179.53,2791
NIFTYETF,2021-12-03 00:00:00+05:30,181.49,181.49,177.24,177.69,6981
NIFTYETF,2021-12-06 00:00:00+05:30,175.5,210.0,174.5,174.57,74733
NIFTYETF,2021-12-07 00:00:00+05:30,176.99,179.6,175.72,177.56,252939
NIFTYETF,2021-12-08 00:00:00+05:30,180.99,208.0,178.65,180.05,59682
NIFTYETF,2021-12-09 00:00:00+05:30,182.29,182.29,179.22,180.39,59219
NIFTYETF,2021-12-10 00:00:00+05:30,180.0,180.93,179.3,180.69,58872
NIFTYETF,2021-12-13 00:00:00+05:30,182.99,182.99,179.0,179.32,61030
NIFTYETF,2021-12-14 00:00:00+05:30,179.0,179.04,177.68,178.93,126807
NIFTYETF,2021-12-15 00:00:00+05:30,178.9,178.9,177.42,177.89,3679
NIFTYETF,2021-12-16 00:00:00+05:30,179.99,179.99,177.29,177.94,3999
NIFTYETF,2021-12-17 00:00:00+05:30,177.18,179.59,175.2,175.45,9975
NIFTYETF,2021-12-20 00:00:00+05:30,176.99,176.99,169.5,171.57,172838
NIFTYETF,2021-12-21 00:00:00+05:30,174.99,174.99,171.5,173.5,121830
NIFTYETF,2021-12-22 00:00:00+05:30,174.1,175.22,173.59,175.17,180267
NIFTYETF,2021-12-23 00:00:00+05:30,176.09,180.0,175.47,175.62,265874
NIFTYETF,2021-12-24 00:00:00+05:30,176.8,176.8,174.54,175.14,177411
NIFTYETF,2021-12-27 00:00:00+05:30,171.65,176.55,171.65,176.23,4587
NIFTYETF,2021-12-28 00:00:00+05:30,172.75,178.01,172.75,177.99,1654
NIFTYETF,2021-12-29 00:00:00+05:30,178.11,181.48,176.94,177.19,473626
NIFTYETF,2021-12-30 00:00:00+05:30,177.29,180.59,177.07,177.7,779696
NIFTYETF,2021-12-31 00:00:00+05:30,174.15,180.05,174.15,179.09,1191135
NIFTYETF,2022-01-03 00:00:00+05:30,175.55,182.15,175.55,181.57,678594
NIFTYETF,2022-01-04 00:00:00+05:30,181.0,184.26,176.8,183.76,535732
NIFTYETF,2022-01-05 00:00:00+05:30,183.5,185.0,183.22,184.46,23290
NIFTYETF,2022-01-06 00:00:00+05:30,183.51,183.59,182.05,183.3,5379
NIFTYETF,2022-01-07 00:00:00+05:30,184.0,184.9,182.42,183.75,2412
NIFTYETF,2022-01-10 00:00:00+05:30,185.59,200.0,184.54,185.43,3337
NIFTYETF,2022-01-11 00:00:00+05:30,185.89,186.61,185.4,186.39,13509
NIFTYETF,2022-01-12 00:00:00+05:30,187.74,188.0,186.98,187.5,3155
NIFTYETF,2022-01-13 00:00:00+05:30,188.24,188.61,187.29,188.05,5738
NIFTYETF,2022-01-14 00:00:00+05:30,189.49,189.49,187.1,188.44,1069
NIFTYETF,2022-01-17 00:00:00+05:30,190.29,210.0,182.0,189.06,22925
NIFTYETF,2022-01-18 00:00:00+05:30,191.0,191.0,186.26,187.04,268976
NIFTYETF,2022-01-19 00:00:00+05:30,188.49,188.49,184.36,185.16,24633
NIFTYETF,2022-01-20 00:00:00+05:30,187.19,188.86,182.4,183.12,10585
NIFTYETF,2022-01-21 00:00:00+05:30,184.49,184.49,180.41,182.17,4167
NIFTYETF,2022-01-24 00:00:00+05:30,183.49,183.49,175.3,177.14,338443
NIFTYETF,2022-01-25 00:00:00+05:30,177.14,178.58,174.0,178.39,71411
NIFTYETF,2022-01-27 00:00:00+05:30,179.49,179.49,174.0,176.6,388549
NIFTYETF,2022-01-28 00:00:00+05:30,177.96,180.7,176.12,176.64,255289
NIFTYETF,2022-01-31 00:00:00+05:30,178.98,179.82,174.55,179.4,2006
NIFTYETF,2022-02-01 00:00:00+05:30,175.85,183.0,175.85,181.55,775351
NIFTYETF,2022-02-02 00:00:00+05:30,182.44,183.71,182.11,183.2,3224
NIFTYETF,2022-02-03 00:00:00+05:30,185.0,185.0,180.98,181.21,114841
NIFTYETF,2022-02-04 00:00:00+05:30,181.83,181.93,180.1,180.91,1890
NIFTYETF,2022-02-07 00:00:00+05:30,184.7,184.7,176.44,177.86,10706
NIFTYETF,2022-02-08 00:00:00+05:30,178.49,178.58,176.1,178.09,5683
NIFTYETF,2022-02-09 00:00:00+05:30,180.55,180.55,179.01,179.9,217026
NIFTYETF,2022-02-10 00:00:00+05:30,180.26,182.2,180.01,181.72,297657
NIFTYETF,2022-02-11 00:00:00+05:30,182.79,182.79,178.5,179.39,7664
NIFTYETF,2022-02-14 00:00:00+05:30,179.39,180.49,171.0,174.01,23282
NIFTYETF,2022-02-15 00:00:00+05:30,175.33,179.57,174.08,178.81,8997
NIFTYETF,2022-02-16 00:00:00+05:30,179.55,180.6,178.07,178.98,112627
NIFTYETF,2022-02-17 00:00:00+05:30,180.98,180.98,178.25,178.68,2969
NIFTYETF,2022-02-18 00:00:00+05:30,178.31,179.5,178.05,178.64,2566
NIFTYETF,2022-02-21 00:00:00+05:30,179.99,179.99,176.46,178.05,5858
NIFTYETF,2022-02-22 00:00:00+05:30,174.8,177.16,174.1,176.8,15154
NIFTYETF,2022-02-23 00:00:00+05:30,177.31,178.0,175.82,176.51,4489
NIFTYETF,2022-02-24 00:00:00+05:30,168.25,172.69,167.5,168.02,194820
NIFTYETF,2022-02-25 00:00:00+05:30,171.99,173.19,169.5,172.46,49929
NIFTYETF,2022-02-28 00:00:00+05:30,174.29,174.29,169.3,173.71,131436
NIFTYETF,2022-03-02 00:00:00+05:30,175.49,175.49,170.24,171.7,111318
NIFTYETF,2022-03-03 00:00:00+05:30,173.79,174.9,170.24,170.58,3579
NIFTYETF,2022-03-04 00:00:00+05:30,171.98,171.98,167.0,167.98,186580
NIFTYETF,2022-03-07 00:00:00+05:30,167.98,167.98,162.5,164.29,62241
NIFTYETF,2022-03-08 00:00:00+05:30,169.7,169.7,162.2,165.75,99930
NIFTYETF,2022-03-09 00:00:00+05:30,167.98,169.61,165.63,169.17,194801
NIFTYETF,2022-03-10 00:00:00+05:30,171.86,173.2,170.3,171.35,33613
NIFTYETF,2022-03-11 00:00:00+05:30,171.8,172.5,170.64,171.55,16991
NIFTYETF,2022-03-14 00:00:00+05:30,168.15,179.8,168.15,174.53,8853
NIFTYETF,2022-03-15 00:00:00+05:30,171.05,175.0,171.05,172.45,9889
NIFTYETF,2022-03-16 00:00:00+05:30,173.05,175.66,173.05,175.42,9138
NIFTYETF,2022-03-17 00:00:00+05:30,176.98,179.16,176.98,178.77,35523
NIFTYETF,2022-03-21 00:00:00+05:30,175.2,180.78,175.2,177.2,8828
NIFTYETF,2022-03-22 00:00:00+05:30,176.84,179.18,176.1,178.77,7634
NIFTYETF,2022-03-23 00:00:00+05:30,180.79,180.79,176.31,178.41,360596
NIFTYETF,2022-03-24 00:00:00+05:30,178.3,178.82,176.84,178.38,339600
NIFTYETF,2022-03-25 00:00:00+05:30,178.1,178.32,176.0,177.67,341018
NIFTYETF,2022-03-28 00:00:00+05:30,174.15,178.23,174.15,177.85,6415
NIFTYETF,2022-03-29 00:00:00+05:30,179.88,179.88,177.99,178.64,1365222
NIFTYETF,2022-03-30 00:00:00+05:30,178.64,184.0,178.05,181.17,1014422
NIFTYETF,2022-03-31 00:00:00+05:30,183.2,183.2,180.3,180.6,94465
NIFTYETF,2022-04-01 00:00:00+05:30,180.79,182.98,180.3,182.08,22949
NIFTYETF,2022-04-04 00:00:00+05:30,183.98,187.0,180.31,186.33,1076916
NIFTYETF,2022-04-05 00:00:00+05:30,187.15,187.15,185.5,185.65,142470
NIFTYETF,2022-04-06 00:00:00+05:30,187.0,187.0,183.75,184.17,27472
NIFTYETF,2022-04-07 00:00:00+05:30,183.53,183.69,182.0,182.49,11682
NIFTYETF,2022-04-08 00:00:00+05:30,184.28,184.49,181.92,184.07,22004
NIFTYETF,2022-04-11 00:00:00+05:30,183.73,183.76,182.43,182.94,58495
NIFTYETF,2022-04-12 00:00:00+05:30,181.83,183.0,180.25,181.36,341658
NIFTYETF,2022-04-13 00:00:00+05:30,182.8,182.8,180.45,180.81,8235
NIFTYETF,2022-04-18 00:00:00+05:30,177.97,178.32,176.75,177.92,100753
NIFTYETF,2022-04-19 00:00:00+05:30,179.88,179.88,173.71,175.69,149318
NIFTYETF,2022-04-20 00:00:00+05:30,177.78,177.83,175.88,176.92,9409
NIFTYETF,2022-04-21 00:00:00+05:30,177.78,180.0,177.78,179.48,9507
NIFTYETF,2022-04-22 00:00:00+05:30,175.85,179.09,175.85,177.74,7792
NIFTYETF,2022-04-25 00:00:00+05:30,175.31,176.08,174.26,175.62,540254
NIFTYETF,2022-04-26 00:00:00+05:30,177.78,178.16,176.3,178.02,4749
NIFTYETF,2022-04-27 00:00:00+05:30,179.48,179.48,175.5,176.43,5199
NIFTYETF,2022-04-28 00:00:00+05:30,176.43,178.98,172.9,177.9,158052
NIFTYETF,2022-04-29 00:00:00+05:30,179.42,179.77,176.24,178.52,64702
NIFTYETF,2022-05-02 00:00:00+05:30,180.48,180.48,175.14,176.71,3666
NIFTYETF,2022-05-04 00:00:00+05:30,173.2,177.25,171.85,172.6,125681
NIFTYETF,2022-05-05 00:00:00+05:30,174.98,197.6,152.6,172.8,60407
NIFTYETF,2022-05-06 00:00:00+05:30,173.98,173.98,169.15,169.72,168818
NIFTYETF,2022-05-09 00:00:00+05:30,171.48,171.48,167.14,168.88,37348
NIFTYETF,2022-05-10 00:00:00+05:30,170.78,170.78,167.55,168.04,4620
NIFTYETF,2022-05-11 00:00:00+05:30,169.98,169.98,165.55,167.35,153312
NIFTYETF,2022-05-12 00:00:00+05:30,168.48,168.48,162.6,163.67,62653
NIFTYETF,2022-05-13 00:00:00+05:30,165.58,166.53,163.17,163.99,50703
NIFTYETF,2022-05-16 00:00:00+05:30,165.98,173.0,163.15,164.12,287009
NIFTYETF,2022-05-17 00:00:00+05:30,166.18,168.61,164.67,168.35,4545
NIFTYETF,2022-05-18 00:00:00+05:30,168.47,169.86,167.76,168.36,70578
NIFTYETF,2022-05-19 00:00:00+05:30,168.98,173.0,163.4,163.74,36837
NIFTYETF,2022-05-20 00:00:00+05:30,165.5,168.64,165.5,168.59,15463
NIFTYETF,2022-05-23 00:00:00+05:30,168.96,169.92,167.39,167.9,198144
NIFTYETF,2022-05-24 00:00:00+05:30,164.55,168.43,164.55,166.97,40730
NIFTYETF,2022-05-25 00:00:00+05:30,168.97,168.97,165.51,166.1,24433
NIFTYETF,2022-05-26 00:00:00+05:30,167.19,167.9,165.0,167.5,475215
NIFTYETF,2022-05-27 00:00:00+05:30,164.2,169.81,164.2,169.45,5522
NIFTYETF,2022-05-30 00:00:00+05:30,171.98,173.0,170.87,172.38,76881
NIFTYETF,2022-05-31 00:00:00+05:30,173.0,173.0,171.11,171.78,4785
NIFTYETF,2022-06-01 00:00:00+05:30,184.99,184.99,170.8,171.33,77908
NIFTYETF,2022-06-02 00:00:00+05:30,171.24,172.94,171.0,172.86,155047
NIFTYETF,2022-06-03 00:00:00+05:30,169.4,174.45,169.4,172.11,14314
NIFTYETF,2022-06-06 00:00:00+05:30,172.11,172.56,171.0,171.69,134302
NIFTYETF,2022-06-07 00:00:00+05:30,173.48,173.48,169.79,170.31,4560
NIFTYETF,2022-06-08 00:00:00+05:30,170.65,171.22,169.31,169.56,178634
NIFTYETF,2022-06-09 00:00:00+05:30,170.5,171.33,168.9,171.1,5706
NIFTYETF,2022-06-10 00:00:00+05:30,171.98,171.98,167.75,167.93,122965
NIFTYETF,2022-06-13 00:00:00+05:30,167.98,167.98,143.7,163.91,87458
NIFTYETF,2022-06-14 00:00:00+05:30,163.9,164.83,162.53,163.43,22725
NIFTYETF,2022-06-15 00:00:00+05:30,165.38,165.38,162.8,163.1,89080
NIFTYETF,2022-06-16 00:00:00+05:30,165.09,165.09,159.4,159.79,14095
NIFTYETF,2022-06-17 00:00:00+05:30,159.0,160.12,158.1,159.22,25629
NIFTYETF,2022-06-20 00:00:00+05:30,159.79,159.85,157.95,159.58,303960
NIFTYETF,2022-06-21 00:00:00+05:30,161.58,163.38,160.39,162.3,7962
NIFTYETF,2022-06-22 00:00:00+05:30,161.61,161.61,159.9,160.26,4217
NIFTYETF,2022-06-23 00:00:00+05:30,160.67,162.62,159.85,161.49,190584
NIFTYETF,2022-06-24 00:00:00+05:30,163.49,163.6,162.3,163.36,5283
NIFTYETF,2022-06-27 00:00:00+05:30,165.48,165.5,164.45,164.76,110944
NIFTYETF,2022-06-28 00:00:00+05:30,164.28,165.17,163.03,164.97,24767
NIFTYETF,2022-06-29 00:00:00+05:30,163.51,164.9,163.3,164.04,3446
NIFTYETF,2022-06-30 00:00:00+05:30,164.29,165.24,163.7,163.98,83341
NIFTYETF,2022-07-01 00:00:00+05:30,163.17,164.19,161.5,163.7,5754
NIFTYETF,2022-07-04 00:00:00+05:30,164.0,164.6,162.9,164.55,4188
NIFTYETF,2022-07-05 00:00:00+05:30,166.48,179.99,164.04,164.62,5442
NIFTYETF,2022-07-06 00:00:00+05:30,179.99,179.99,164.3,166.49,8377
NIFTYETF,2022-07-07 00:00:00+05:30,168.48,168.48,166.83,167.98,4203
NIFTYETF,2022-07-08 00:00:00+05:30,169.35,169.35,167.88,168.89,665116
NIFTYETF,2022-07-11 00:00:00+05:30,170.79,170.79,167.34,168.77,84245
NIFTYETF,2022-07-12 00:00:00+05:30,167.88,168.25,166.99,167.06,4960
NIFTYETF,2022-07-13 00:00:00+05:30,184.99,184.99,166.0,166.27,82027
NIFTYETF,2022-07-14 00:00:00+05:30,168.28,176.5,165.11,166.01,7044
NIFTYETF,2022-07-15 00:00:00+05:30,166.71,167.25,165.5,167.16,3811
NIFTYETF,2022-07-18 00:00:00+05:30,168.0,169.64,167.92,169.61,132595
NIFTYETF,2022-07-19 00:00:00+05:30,170.0,170.0,166.25,169.91,6011
NIFTYETF,2022-07-20 00:00:00+05:30,172.98,172.98,171.0,171.85,4743
NIFTYETF,2022-07-21 00:00:00+05:30,173.78,173.78,168.45,172.94,94479
NIFTYETF,2022-07-22 00:00:00+05:30,173.15,174.54,172.8,173.88,32099
NIFTYETF,2022-07-25 00:00:00+05:30,175.84,175.84,172.36,173.43,72136
NIFTYETF,2022-07-26 00:00:00+05:30,170.0,173.11,170.0,171.85,6633
NIFTYETF,2022-07-27 00:00:00+05:30,175.5,175.5,170.92,173.4,470740
NIFTYETF,2022-07-28 00:00:00+05:30,174.77,176.51,174.21,176.44,69788
NIFTYETF,2022-07-29 00:00:00+05:30,179.38,179.38,172.95,178.59,745066
NIFTYETF,2022-08-01 00:00:00+05:30,179.0,180.98,178.38,180.69,190154
NIFTYETF,2022-08-02 00:00:00+05:30,180.4,181.09,179.06,180.94,13602
NIFTYETF,2022-08-03 00:00:00+05:30,182.0,182.0,179.3,180.79,456386
NIFTYETF,2022-08-04 00:00:00+05:30,182.0,182.12,179.3,180.69,22770
NIFTYETF,2022-08-05 00:00:00+05:30,181.63,182.17,180.62,180.79,351182
NIFTYETF,2022-08-08 00:00:00+05:30,181.48,182.86,180.89,182.42,7921
NIFTYETF,2022-08-10 00:00:00+05:30,183.2,183.2,181.42,182.44,27847
NIFTYETF,2022-08-11 00:00:00+05:30,185.38,185.38,183.55,184.17,61175
NIFTYETF,2022-08-12 00:00:00+05:30,184.27,184.88,183.17,184.75,9068
NIFTYETF,2022-08-16 00:00:00+05:30,185.15,186.18,184.9,185.68,9908
NIFTYETF,2022-08-17 00:00:00+05:30,187.68,187.68,183.82,186.94,26423
NIFTYETF,2022-08-18 00:00:00+05:30,186.94,187.53,186.18,187.51,223664
NIFTYETF,2022-08-19 00:00:00+05:30,187.76,187.8,184.4,185.25,9465
NIFTYETF,2022-08-22 00:00:00+05:30,186.98,186.98,182.13,182.32,1394780
NIFTYETF,2022-08-23 00:00:00+05:30,181.42,184.1,180.92,183.86,125693
NIFTYETF,2022-08-24 00:00:00+05:30,183.38,184.07,182.51,184.06,47251
NIFTYETF,2022-08-25 00:00:00+05:30,185.98,185.98,182.14,183.12,8234
NIFTYETF,2022-08-26 00:00:00+05:30,184.13,184.48,182.55,183.06,59305
NIFTYETF,2022-08-29 00:00:00+05:30,179.53,181.41,179.07,180.81,21245
NIFTYETF,2022-08-30 00:00:00+05:30,181.92,185.65,181.35,185.47,19295
NIFTYETF,2022-09-01 00:00:00+05:30,182.96,184.83,182.0,182.75,311011
NIFTYETF,2022-09-02 00:00:00+05:30,184.68,184.68,182.23,183.01,8791
NIFTYETF,2022-09-05 00:00:00+05:30,183.39,184.63,182.81,184.59,513443
NIFTYETF,2022-09-06 00:00:00+05:30,188.3,188.3,183.2,184.33,5318
NIFTYETF,2022-09-07 00:00:00+05:30,183.04,184.26,182.53,183.81,2395
NIFTYETF,2022-09-08 00:00:00+05:30,185.4,185.94,184.37,185.93,67976
NIFTYETF,2022-09-09 00:00:00+05:30,187.11,187.15,185.51,186.24,3402
NIFTYETF,2022-09-12 00:00:00+05:30,188.0,188.19,180.01,186.73,36394
NIFTYETF,2022-09-13 00:00:00+05:30,193.75,193.75,187.77,188.69,38791
NIFTYETF,2022-09-14 00:00:00+05:30,185.76,188.45,185.19,187.83,6325
NIFTYETF,2022-09-15 00:00:00+05:30,188.58,188.86,186.31,187.06,57637
NIFTYETF,2022-09-16 00:00:00+05:30,186.31,186.31,182.59,182.98,16890
NIFTYETF,2022-09-19 00:00:00+05:30,183.21,184.44,181.63,184.16,33687
NIFTYETF,2022-09-20 00:00:00+05:30,185.58,187.08,185.09,185.69,14869
NIFTYETF,2022-09-21 00:00:00+05:30,187.67,187.67,184.44,185.1,29178
NIFTYETF,2022-09-22 00:00:00+05:30,186.78,188.0,183.0,184.14,8824
NIFTYETF,2022-09-23 00:00:00+05:30,183.77,183.77,180.5,180.95,60665
NIFTYETF,2022-09-26 00:00:00+05:30,180.95,181.98,177.38,177.67,87889
NIFTYETF,2022-09-27 00:00:00+05:30,179.68,179.68,176.97,177.86,168812
NIFTYETF,2022-09-28 00:00:00+05:30,176.26,177.7,175.5,175.96,11470
NIFTYETF,2022-09-29 00:00:00+05:30,177.74,177.77,175.24,175.51,107654
NIFTYETF,2022-09-30 00:00:00+05:30,177.48,179.36,174.6,178.42,12451
NIFTYETF,2022-10-03 00:00:00+05:30,178.35,178.35,176.16,176.36,44360
NIFTYETF,2022-10-04 00:00:00+05:30,178.98,180.45,178.44,180.32,204712
NIFTYETF,2022-10-06 00:00:00+05:30,181.6,181.96,180.6,181.23,92618
NIFTYETF,2022-10-07 00:00:00+05:30,180.35,180.99,179.51,180.84,1888
NIFTYETF,2022-10-10 00:00:00+05:30,180.97,180.97,176.16,179.94,92377
NIFTYETF,2022-10-11 00:00:00+05:30,180.0,180.0,177.02,177.11,75843
NIFTYETF,2022-10-12 00:00:00+05:30,179.08,179.08,177.0,178.78,7099
NIFTYETF,2022-10-13 00:00:00+05:30,179.97,179.97,177.0,177.73,38718
NIFTYETF,2022-10-14 00:00:00+05:30,181.3,181.3,178.83,179.44,81875
NIFTYETF,2022-10-17 00:00:00+05:30,179.17,180.92,178.18,180.77,22696
NIFTYETF,2022-10-18 00:00:00+05:30,181.69,182.97,181.66,182.51,33822
NIFTYETF,2022-10-19 00:00:00+05:30,182.5,183.5,182.11,182.62,4613
NIFTYETF,2022-10-20 00:00:00+05:30,182.3,183.4,181.75,182.9,4406
NIFTYETF,2022-10-21 00:00:00+05:30,183.42,184.49,182.81,183.69,4132
NIFTYETF,2022-10-24 00:00:00+05:30,187.48,187.48,181.76,184.58,3189
NIFTYETF,2022-10-25 00:00:00+05:30,188.3,188.3,182.56,184.93,6403
NIFTYETF,2022-10-27 00:00:00+05:30,185.15,185.59,183.9,185.02,9766
NIFTYETF,2022-10-28 00:00:00+05:30,188.75,188.75,181.75,185.77,13025
NIFTYETF,2022-10-31 00:00:00+05:30,187.28,188.0,186.81,187.74,222615
NIFTYETF,2022-11-01 00:00:00+05:30,189.23,189.87,188.62,189.27,10845
NIFTYETF,2022-11-02 00:00:00+05:30,189.35,189.77,188.36,188.68,5719
NIFTYETF,2022-11-03 00:00:00+05:30,190.31,194.99,187.46,188.18,219729
NIFTYETF,2022-11-04 00:00:00+05:30,188.45,189.49,187.86,188.91,4000
NIFTYETF,2022-11-07 00:00:00+05:30,191.98,191.98,188.51,190.3,29346
NIFTYETF,2022-11-09 00:00:00+05:30,191.14,191.14,189.31,189.79,9403
NIFTYETF,2022-11-10 00:00:00+05:30,188.44,189.15,187.75,188.55,67011
NIFTYETF,2022-11-11 00:00:00+05:30,192.99,192.99,188.55,191.38,7419
NIFTYETF,2022-11-14 00:00:00+05:30,192.2,192.2,190.95,191.74,17321
NIFTYETF,2022-11-15 00:00:00+05:30,191.31,192.52,190.8,192.49,48345
NIFTYETF,2022-11-16 00:00:00+05:30,192.54,192.62,191.32,192.6,52697
NIFTYETF,2022-11-17 00:00:00+05:30,192.31,192.49,191.32,191.61,2419
NIFTYETF,2022-11-18 00:00:00+05:30,192.3,192.3,190.19,191.27,2101
NIFTYETF,2022-11-21 00:00:00+05:30,192.01,192.01,189.23,189.64,151326
NIFTYETF,2022-11-22 00:00:00+05:30,190.17,190.59,189.36,190.35,2836
NIFTYETF,2022-11-23 00:00:00+05:30,191.31,191.43,190.41,190.96,4108
NIFTYETF,2022-11-24 00:00:00+05:30,191.55,193.49,191.0,192.84,14975
NIFTYETF,2022-11-25 00:00:00+05:30,194.97,194.97,191.3,193.12,2056
NIFTYETF,2022-11-28 00:00:00+05:30,195.47,195.47,192.41,194.02,14540
NIFTYETF,2022-11-29 00:00:00+05:30,193.86,194.96,193.86,194.68,3069
NIFTYETF,2022-11-30 00:00:00+05:30,194.79,196.25,194.31,195.79,5290
NIFTYETF,2022-12-01 00:00:00+05:30,192.5,197.39,192.5,196.2,53641
NIFTYETF,2022-12-02 00:00:00+05:30,195.78,196.38,194.43,195.16,5518
NIFTYETF,2022-12-05 00:00:00+05:30,195.73,195.73,194.3,195.22,5370
NIFTYETF,2022-12-06 00:00:00+05:30,194.65,194.98,193.99,194.97,48283
NIFTYETF,2022-12-07 00:00:00+05:30,194.4,195.1,193.31,193.93,4472
NIFTYETF,2022-12-08 00:00:00+05:30,193.7,194.76,193.39,194.56,46640
NIFTYETF,2022-12-09 00:00:00+05:30,195.04,195.05,192.59,193.53,61518
NIFTYETF,2022-12-12 00:00:00+05:30,192.5,193.65,191.89,193.43,6450
NIFTYETF,2022-12-13 00:00:00+05:30,193.2,194.58,193.2,194.56,17463
NIFTYETF,2022-12-14 00:00:00+05:30,194.56,195.48,194.34,194.45,1519
NIFTYETF,2022-12-15 00:00:00+05:30,199.99,199.99,192.12,192.45,37231
NIFTYETF,2022-12-16 00:00:00+05:30,192.46,192.46,190.5,190.66,48281
NIFTYETF,2022-12-19 00:00:00+05:30,191.14,192.75,190.51,192.64,21361
NIFTYETF,2022-12-20 00:00:00+05:30,191.86,192.44,190.31,192.35,30981
NIFTYETF,2022-12-21 00:00:00+05:30,194.38,194.38,190.0,190.49,77987
NIFTYETF,2022-12-22 00:00:00+05:30,191.2,191.2,188.49,189.49,55869
NIFTYETF,2022-12-23 00:00:00+05:30,189.51,190.97,185.56,186.07,69254
NIFTYETF,2022-12-26 00:00:00+05:30,186.41,189.08,185.51,188.5,4969
NIFTYETF,2022-12-27 00:00:00+05:30,189.04,189.76,187.7,189.74,48594
NIFTYETF,2022-12-28 00:00:00+05:30,189.08,189.93,188.95,189.51,33305
NIFTYETF,2022-12-29 00:00:00+05:30,188.21,190.66,188.15,190.37,61727
NIFTYETF,2022-12-30 00:00:00+05:30,192.48,192.48,189.09,189.52,3424
NIFTYETF,2023-01-02 00:00:00+05:30,189.74,190.43,189.1,190.13,34449
NIFTYETF,2023-01-03 00:00:00+05:30,190.14,190.73,189.64,190.25,7390
NIFTYETF,2023-01-04 00:00:00+05:30,190.75,190.75,188.31,188.66,3093
NIFTYETF,2023-01-05 00:00:00+05:30,189.12,189.36,186.82,187.9,6352
NIFTYETF,2023-01-06 00:00:00+05:30,188.15,188.5,186.01,186.75,3779
NIFTYETF,2023-01-09 00:00:00+05:30,187.75,189.49,187.07,188.65,27707
NIFTYETF,2023-01-10 00:00:00+05:30,189.41,189.41,186.52,187.38,14905
NIFTYETF,2023-01-11 00:00:00+05:30,189.68,189.68,186.3,187.2,54563
NIFTYETF,2023-01-12 00:00:00+05:30,187.01,187.06,185.42,186.74,65595
NIFTYETF,2023-01-13 00:00:00+05:30,186.74,187.89,185.85,187.11,8631
NIFTYETF,2023-01-16 00:00:00+05:30,187.84,188.1,186.66,186.76,2976
NIFTYETF,2023-01-17 00:00:00+05:30,187.32,189.11,187.12,188.83,154032
NIFTYETF,2023-01-18 00:00:00+05:30,188.85,190.09,188.69,189.92,15719
NIFTYETF,2023-01-19 00:00:00+05:30,188.72,189.7,188.6,189.43,29299
NIFTYETF,2023-01-20 00:00:00+05:30,189.3,189.64,187.91,188.5,1680
NIFTYETF,2023-01-23 00:00:00+05:30,189.21,189.85,188.75,189.32,25317
NIFTYETF,2023-01-24 00:00:00+05:30,189.5,190.33,189.01,189.65,12778
NIFTYETF,2023-01-25 00:00:00+05:30,189.02,189.02,186.17,187.15,14621
NIFTYETF,2023-01-27 00:00:00+05:30,187.0,187.0,182.7,184.2,24154
NIFTYETF,2023-01-30 00:00:00+05:30,183.64,185.06,182.1,184.67,50959
NIFTYETF,2023-01-31 00:00:00+05:30,184.94,184.98,183.31,184.97,44579
NIFTYETF,2023-02-01 00:00:00+05:30,186.2,187.6,181.6,183.95,11884
NIFTYETF,2023-02-02 00:00:00+05:30,183.34,184.39,182.6,184.15,51823
NIFTYETF,2023-02-03 00:00:00+05:30,185.31,186.83,183.5,186.68,83186
NIFTYETF,2023-02-06 00:00:00+05:30,188.68,188.68,185.1,185.82,254311
NIFTYETF,2023-02-07 00:00:00+05:30,185.32,185.89,184.12,184.86,4067
NIFTYETF,2023-02-08 00:00:00+05:30,185.76,186.95,185.16,186.88,19192
NIFTYETF,2023-02-09 00:00:00+05:30,186.84,187.17,185.58,186.89,4854
NIFTYETF,2023-02-10 00:00:00+05:30,188.88,188.88,185.86,186.73,11505
NIFTYETF,2023-02-13 00:00:00+05:30,186.8,186.8,184.85,185.83,48279
NIFTYETF,2023-02-14 00:00:00+05:30,186.46,187.57,185.88,186.98,8706
NIFTYETF,2023-02-15 00:00:00+05:30,186.58,188.62,186.45,188.37,13331
NIFTYETF,2023-02-16 00:00:00+05:30,188.94,189.5,188.1,188.47,1995
NIFTYETF,2023-02-17 00:00:00+05:30,187.23,188.42,187.03,187.86,27234
NIFTYETF,2023-02-20 00:00:00+05:30,187.8,188.36,186.07,186.08,119918
NIFTYETF,2023-02-21 00:00:00+05:30,186.59,187.48,186.36,186.56,4244
NIFTYETF,2023-02-22 00:00:00+05:30,186.36,186.36,182.97,183.87,10650
NIFTYETF,2023-02-23 00:00:00+05:30,183.83,184.32,182.6,183.22,168663
NIFTYETF,2023-02-24 00:00:00+05:30,185.18,185.18,182.15,182.82,3516
NIFTYETF,2023-02-27 00:00:00+05:30,182.82,182.82,181.0,181.91,11934
NIFTYETF,2023-02-28 00:00:00+05:30,183.98,183.98,180.15,180.55,15533
NIFTYETF,2023-03-01 00:00:00+05:30,181.18,182.73,181.18,182.68,6877
NIFTYETF,2023-03-02 00:00:00+05:30,184.68,184.68,181.01,181.2,4585
NIFTYETF,2023-03-03 00:00:00+05:30,182.5,184.38,182.01,184.19,9794
NIFTYETF,2023-03-06 00:00:00+05:30,185.13,186.0,184.55,185.32,14917
NIFTYETF,2023-03-08 00:00:00+05:30,184.72,185.89,184.01,185.73,2002
NIFTYETF,2023-03-09 00:00:00+05:30,185.28,185.97,184.0,184.08,7477
NIFTYETF,2023-03-10 00:00:00+05:30,184.0,184.0,181.3,182.26,5128
NIFTYETF,2023-03-13 00:00:00+05:30,182.27,183.41,179.0,179.57,87126
NIFTYETF,2023-03-14 00:00:00+05:30,181.57,181.57,177.82,177.86,110388
NIFTYETF,2023-03-15 00:00:00+05:30,179.88,179.88,177.02,177.64,12968
NIFTYETF,2023-03-16 00:00:00+05:30,179.48,179.48,176.25,178.03,41182
NIFTYETF,2023-03-17 00:00:00+05:30,179.22,179.22,177.41,179.05,19081
NIFTYETF,2023-03-20 00:00:00+05:30,177.75,178.03,176.06,177.94,16112
NIFTYETF,2023-03-21 00:00:00+05:30,177.83,179.2,177.83,179.08,15884
NIFTYETF,2023-03-22 00:00:00+05:30,179.86,180.08,178.96,179.02,2059
NIFTYETF,2023-03-23 00:00:00+05:30,178.24,179.88,178.01,178.7,92174
NIFTYETF,2023-03-24 00:00:00+05:30,178.72,179.03,177.01,177.3,286801
NIFTYETF,2023-03-27 00:00:00+05:30,177.68,178.49,176.72,177.63,10428
NIFTYETF,2023-03-28 00:00:00+05:30,178.26,178.26,176.83,176.83,114689
NIFTYETF,2023-03-29 00:00:00+05:30,177.82,179.15,177.3,178.49,12844
NIFTYETF,2023-03-31 00:00:00+05:30,179.78,181.72,179.78,181.68,43067
NIFTYETF,2023-04-03 00:00:00+05:30,183.68,183.68,181.01,182.05,7178
NIFTYETF,2023-04-05 00:00:00+05:30,182.04,183.49,181.85,183.22,12454
NIFTYETF,2023-04-06 00:00:00+05:30,183.0,184.39,183.0,183.96,549854
NIFTYETF,2023-04-10 00:00:00+05:30,184.55,184.68,183.87,184.1,2437
NIFTYETF,2023-04-11 00:00:00+05:30,184.56,185.55,184.47,185.2,1667
NIFTYETF,2023-04-12 00:00:00+05:30,185.72,186.4,185.02,185.94,4483
NIFTYETF,2023-04-13 00:00:00+05:30,186.14,186.28,185.31,186.05,4041
NIFTYETF,2023-04-17 00:00:00+05:30,186.03,186.03,184.0,184.91,5947
NIFTYETF,2023-04-18 00:00:00+05:30,184.97,185.57,184.08,184.78,1780
NIFTYETF,2023-04-19 00:00:00+05:30,184.07,184.77,183.81,184.35,2774
NIFTYETF,2023-04-20 00:00:00+05:30,184.03,184.99,183.81,183.83,25786
NIFTYETF,2023-04-21 00:00:00+05:30,185.78,185.78,183.36,184.58,19505
NIFTYETF,2023-04-24 00:00:00+05:30,186.0,188.27,183.91,185.74,55952
NIFTYETF,2023-04-25 00:00:00+05:30,184.9,186.17,184.9,185.87,1119
NIFTYETF,2023-04-26 00:00:00+05:30,185.92,186.56,185.1,186.5,1172502
NIFTYETF,2023-04-27 00:00:00+05:30,186.49,187.65,186.31,187.47,1802
NIFTYETF,2023-04-28 00:00:00+05:30,187.58,189.0,186.93,188.34,9667
NIFTYETF,2023-05-02 00:00:00+05:30,190.48,190.48,189.13,189.87,522726
NIFTYETF,2023-05-03 00:00:00+05:30,189.39,189.49,188.55,189.04,2234
NIFTYETF,2023-05-04 00:00:00+05:30,189.26,191.15,188.64,191.14,262889
NIFTYETF,2023-05-05 00:00:00+05:30,190.09,190.64,188.48,188.49,153775
NIFTYETF,2023-05-08 00:00:00+05:30,189.37,191.36,189.37,191.07,222134
NIFTYETF,2023-05-09 00:00:00+05:30,191.14,191.95,190.31,191.17,3052
NIFTYETF,2023-05-10 00:00:00+05:30,191.67,191.85,190.53,191.46,54120
NIFTYETF,2023-05-11 00:00:00+05:30,192.08,192.08,190.93,191.64,76759
NIFTYETF,2023-05-12 00:00:00+05:30,191.3,191.5,190.51,191.34,34042
NIFTYETF,2023-05-15 00:00:00+05:30,185.6,193.28,185.6,192.61,6242
NIFTYETF,2023-05-16 00:00:00+05:30,192.6,192.7,191.0,191.69,17314
NIFTYETF,2023-05-17 00:00:00+05:30,191.87,191.87,189.77,190.75,14733
NIFTYETF,2023-05-18 00:00:00+05:30,191.65,191.72,189.98,189.98,39611
NIFTYETF,2023-05-19 00:00:00+05:30,190.07,191.08,189.5,190.39,3650
NIFTYETF,2023-05-22 00:00:00+05:30,190.65,192.19,190.64,192.17,43434
NIFTYETF,2023-05-23 00:00:00+05:30,186.4,194.18,186.4,191.86,52828
NIFTYETF,2023-05-24 00:00:00+05:30,193.78,193.78,191.11,191.86,111861
NIFTYETF,2023-05-25 00:00:00+05:30,191.01,192.21,190.5,191.75,52271
NIFTYETF,2023-05-26 00:00:00+05:30,192.22,194.08,191.94,193.55,11266
NIFTYETF,2023-05-29 00:00:00+05:30,195.16,195.5,194.45,195.25,73503
NIFTYETF,2023-05-30 00:00:00+05:30,195.14,195.68,194.63,195.25,11500
NIFTYETF,2023-05-31 00:00:00+05:30,195.09,195.09,193.38,194.38,11999
NIFTYETF,2023-06-01 00:00:00+05:30,194.78,194.99,193.31,193.96,22201
NIFTYETF,2023-06-02 00:00:00+05:30,194.76,194.88,193.73,194.39,72831
NIFTYETF,2023-06-05 00:00:00+05:30,194.99,195.82,194.9,194.95,2379
NIFTYETF,2023-06-06 00:00:00+05:30,194.96,195.64,194.5,195.45,7302
NIFTYETF,2023-06-07 00:00:00+05:30,196.03,197.43,195.4,197.02,194882
NIFTYETF,2023-06-08 00:00:00+05:30,197.02,197.22,195.41,195.68,3436
NIFTYETF,2023-06-09 00:00:00+05:30,195.54,195.99,194.43,195.02,3056
NIFTYETF,2023-06-12 00:00:00+05:30,195.57,195.57,194.89,195.42,33662
NIFTYETF,2023-06-13 00:00:00+05:30,195.95,196.57,195.44,196.2,7462
NIFTYETF,2023-06-14 00:00:00+05:30,196.92,197.16,196.2,196.56,9241
NIFTYETF,2023-06-15 00:00:00+05:30,197.01,197.45,195.81,196.36,77205
NIFTYETF,2023-06-16 00:00:00+05:30,196.42,197.79,196.37,197.33,4232
NIFTYETF,2023-06-19 00:00:00+05:30,193.0,198.37,193.0,197.07,3510
NIFTYETF,2023-06-20 00:00:00+05:30,196.5,197.86,195.9,197.85,62070
NIFTYETF,2023-06-21 00:00:00+05:30,197.85,198.37,197.14,197.66,33872
NIFTYETF,2023-06-22 00:00:00+05:30,198.09,198.1,196.63,197.53,422704
NIFTYETF,2023-06-23 00:00:00+05:30,197.0,197.04,195.57,195.88,3283
NIFTYETF,2023-06-26 00:00:00+05:30,196.32,196.61,195.57,196.44,16835
NIFTYETF,2023-06-27 00:00:00+05:30,197.1,197.84,196.33,197.82,9368
NIFTYETF,2023-06-28 00:00:00+05:30,199.78,199.78,196.24,199.42,71664
NIFTYETF,2023-06-30 00:00:00+05:30,200.06,201.7,199.65,201.67,44885
NIFTYETF,2023-07-03 00:00:00+05:30,201.76,203.29,201.76,203.03,31234
NIFTYETF,2023-07-04 00:00:00+05:30,204.98,204.98,202.81,203.52,3063
NIFTYETF,2023-07-05 00:00:00+05:30,203.96,218.9,203.02,203.97,221581
NIFTYETF,2023-07-06 00:00:00+05:30,205.98,205.98,203.22,204.33,134095
NIFTYETF,2023-07-07 00:00:00+05:30,204.31,205.15,203.0,203.13,6698
NIFTYETF,2023-07-10 00:00:00+05:30,203.66,204.29,202.94,203.15,10189
NIFTYETF,2023-07-11 00:00:00+05:30,203.61,205.02,203.6,204.39,37580
NIFTYETF,2023-07-12 00:00:00+05:30,204.9,204.93,203.49,203.65,10302
NIFTYETF,2023-07-13 00:00:00+05:30,204.59,205.62,203.44,204.04,211983
NIFTYETF,2023-07-14 00:00:00+05:30,204.45,206.0,203.88,205.57,62390
NIFTYETF,2023-07-17 00:00:00+05:30,206.17,207.51,205.23,206.79,30434
NIFTYETF,2023-07-18 00:00:00+05:30,208.1,208.2,206.81,207.23,26026
NIFTYETF,2023-07-19 00:00:00+05:30,207.67,208.49,207.31,208.36,231402
NIFTYETF,2023-07-20 00:00:00+05:30,210.28,210.28,207.37,210.07,22081
NIFTYETF,2023-07-21 00:00:00+05:30,208.25,209.12,207.1,207.33,19524
NIFTYETF,2023-07-24 00:00:00+05:30,207.5,207.89,206.5,207.14,32305
NIFTYETF,2023-07-25 00:00:00+05:30,207.14,207.25,206.02,206.91,9950
NIFTYETF,2023-07-26 00:00:00+05:30,207.21,208.47,207.21,207.56,2441
NIFTYETF,2023-07-27 00:00:00+05:30,201.35,209.68,201.35,206.42,22319
NIFTYETF,2023-07-28 00:00:00+05:30,206.44,206.88,205.62,206.86,36691
NIFTYETF,2023-07-31 00:00:00+05:30,206.03,207.65,201.05,207.38,155702
NIFTYETF,2023-08-01 00:00:00+05:30,209.48,209.48,207.06,207.08,159612
NIFTYETF,2023-08-02 00:00:00+05:30,207.07,207.07,204.01,205.29,545481
NIFTYETF,2023-08-03 00:00:00+05:30,204.99,205.41,203.21,203.75,77024
NIFTYETF,2023-08-04 00:00:00+05:30,205.78,212.93,204.13,205.74,75044
NIFTYETF,2023-08-07 00:00:00+05:30,205.96,206.63,205.18,205.77,23796
NIFTYETF,2023-08-08 00:00:00+05:30,206.11,206.77,205.44,205.93,2595
NIFTYETF,2023-08-09 00:00:00+05:30,205.7,206.66,204.51,206.13,64610
NIFTYETF,2023-08-10 00:00:00+05:30,206.61,206.61,205.0,205.51,4634
NIFTYETF,2023-08-11 00:00:00+05:30,205.18,205.42,204.5,204.75,3181
NIFTYETF,2023-08-14 00:00:00+05:30,204.15,204.76,203.03,204.29,106991
NIFTYETF,2023-08-16 00:00:00+05:30,204.0,205.0,203.5,204.95,4917
NIFTYETF,2023-08-17 00:00:00+05:30,206.98,206.98,203.7,204.3,26666
NIFTYETF,2023-08-18 00:00:00+05:30,206.18,206.18,202.76,203.62,115017
NIFTYETF,2023-08-21 00:00:00+05:30,209.75,209.75,203.28,203.78,90809
NIFTYETF,2023-08-22 00:00:00+05:30,204.15,204.93,204.01,204.55,572812
NIFTYETF,2023-08-23 00:00:00+05:30,204.24,208.0,204.03,205.09,251275
NIFTYETF,2023-08-24 00:00:00+05:30,205.38,206.28,204.02,204.6,79356
NIFTYETF,2023-08-25 00:00:00+05:30,203.31,203.95,202.34,202.71,17403
NIFTYETF,2023-08-28 00:00:00+05:30,204.78,204.78,202.91,203.65,30030
NIFTYETF,2023-08-29 00:00:00+05:30,204.32,204.32,203.2,203.63,1226460
NIFTYETF,2023-08-30 00:00:00+05:30,204.19,204.77,203.42,204.07,129175
NIFTYETF,2023-08-31 00:00:00+05:30,204.34,204.34,202.8,202.96,155634
NIFTYETF,2023-09-01 00:00:00+05:30,203.22,205.0,203.15,204.77,50331
NIFTYETF,2023-09-04 00:00:00+05:30,205.87,206.13,204.39,205.52,70752
NIFTYETF,2023-09-05 00:00:00+05:30,206.34,206.58,205.52,205.84,93900
NIFTYETF,2023-09-06 00:00:00+05:30,206.4,206.99,205.16,206.94,39525
NIFTYETF,2023-09-07 00:00:00+05:30,206.94,208.12,205.71,208.01,118191
NIFTYETF,2023-09-08 00:00:00+05:30,207.75,209.46,207.66,209.08,55922
NIFTYETF,2023-09-11 00:00:00+05:30,209.08,210.75,209.08,210.51,49072
NIFTYETF,2023-09-12 00:00:00+05:30,211.84,211.88,209.72,210.84,153175
NIFTYETF,2023-09-13 00:00:00+05:30,212.78,212.78,210.11,211.24,9078
NIFTYETF,2023-09-14 00:00:00+05:30,212.27,212.49,211.31,212.03,28155
NIFTYETF,2023-09-15 00:00:00+05:30,212.71,213.0,211.89,212.85,90850
NIFTYETF,2023-09-18 00:00:00+05:30,214.98,214.98,211.76,212.48,32009
NIFTYETF,2023-09-20 00:00:00+05:30,212.48,212.48,209.28,209.46,131727
NIFTYETF,2023-09-21 00:00:00+05:30,209.91,209.91,207.47,208.22,20843
NIFTYETF,2023-09-22 00:00:00+05:30,208.33,208.82,206.85,207.48,300075
NIFTYETF,2023-09-25 00:00:00+05:30,209.48,209.55,206.5,207.55,64284
NIFTYETF,2023-09-26 00:00:00+05:30,207.5,207.8,206.94,207.43,74377
NIFTYETF,2023-09-27 00:00:00+05:30,207.43,208.1,205.92,207.94,63524
NIFTYETF,2023-09-28 00:00:00+05:30,208.0,208.27,205.6,205.99,108142
NIFTYETF,2023-09-29 00:00:00+05:30,206.6,207.99,205.81,206.89,38317
NIFTYETF,2023-10-03 00:00:00+05:30,209.0,209.0,205.34,205.38,57035
NIFTYETF,2023-10-04 00:00:00+05:30,205.2,205.2,203.97,204.78,78390
NIFTYETF,2023-10-05 00:00:00+05:30,205.9,206.5,205.07,206.12,13533
NIFTYETF,2023-10-06 00:00:00+05:30,206.21,207.49,206.21,207.34,67783
NIFTYETF,2023-10-09 00:00:00+05:30,207.34,207.34,205.29,205.71,11056
NIFTYETF,2023-10-10 00:00:00+05:30,205.87,207.97,205.87,207.71,64651
NIFTYETF,2023-10-11 00:00:00+05:30,208.52,209.19,207.89,208.95,92315
NIFTYETF,2023-10-12 00:00:00+05:30,211.0,211.0,208.06,208.62,13513
NIFTYETF,2023-10-13 00:00:00+05:30,207.57,208.9,207.24,208.23,14521
NIFTYETF,2023-10-16 00:00:00+05:30,208.23,208.61,207.2,208.1,14114
NIFTYETF,2023-10-17 00:00:00+05:30,210.0,210.0,208.01,208.53,29007
NIFTYETF,2023-10-18 00:00:00+05:30,208.68,209.25,206.78,207.13,35450
NIFTYETF,2023-10-19 00:00:00+05:30,206.78,207.28,205.9,206.99,30436
NIFTYETF,2023-10-20 00:00:00+05:30,208.5,208.5,205.43,206.07,39326
NIFTYETF,2023-10-23 00:00:00+05:30,205.97,206.31,203.2,203.36,22623
NIFTYETF,2023-10-25 00:00:00+05:30,203.7,204.13,201.26,201.77,60379
NIFTYETF,2023-10-26 00:00:00+05:30,200.99,200.99,198.94,199.18,165520
NIFTYETF,2023-10-27 00:00:00+05:30,205.15,205.15,199.39,201.06,104475
NIFTYETF,2023-10-30 00:00:00+05:30,201.25,202.25,200.0,202.11,62113
NIFTYETF,2023-10-31 00:00:00+05:30,202.15,202.56,201.2,201.28,59748
NIFTYETF,2023-11-01 00:00:00+05:30,207.3,207.3,200.0,200.52,53995
NIFTYETF,2023-11-02 00:00:00+05:30,203.0,203.0,201.05,202.01,52620
NIFTYETF,2023-11-03 00:00:00+05:30,202.01,203.51,202.01,202.96,33861
NIFTYETF,2023-11-06 00:00:00+05:30,203.61,205.07,203.61,204.96,43857
NIFTYETF,2023-11-07 00:00:00+05:30,204.89,204.99,203.69,204.89,31651
NIFTYETF,2023-11-08 00:00:00+05:30,205.49,205.49,204.44,205.36,26401
NIFTYETF,2023-11-09 00:00:00+05:30,205.55,205.55,204.55,204.79,33310
NIFTYETF,2023-11-10 00:00:00+05:30,204.41,205.25,203.69,205.11,219538
NIFTYETF,2023-11-12 00:00:00+05:30,205.11,206.48,205.11,206.14,18684
NIFTYETF,2023-11-13 00:00:00+05:30,205.71,205.78,204.82,205.32,24548
NIFTYETF,2023-11-15 00:00:00+05:30,207.5,208.02,206.26,207.9,90023
NIFTYETF,2023-11-16 00:00:00+05:30,206.5,209.67,206.5,208.4,55712
NIFTYETF,2023-11-17 00:00:00+05:30,208.05,209.07,208.02,208.39,53618
NIFTYETF,2023-11-20 00:00:00+05:30,210.0,210.0,207.46,207.84,17113
NIFTYETF,2023-11-21 00:00:00+05:30,208.19,209.07,208.19,208.84,20829
NIFTYETF,2023-11-22 00:00:00+05:30,210.2,210.2,207.79,208.77,12110
NIFTYETF,2023-11-23 00:00:00+05:30,209.02,209.78,208.54,209.19,44460
NIFTYETF,2023-11-24 00:00:00+05:30,208.83,209.42,208.45,208.48,222262
NIFTYETF,2023-11-28 00:00:00+05:30,212.65,212.65,208.73,209.78,159520
NIFTYETF,2023-11-29 00:00:00+05:30,210.5,211.97,210.49,211.67,50934
NIFTYETF,2023-11-30 00:00:00+05:30,238.0,238.0,210.96,212.15,31501
NIFTYETF,2023-12-01 00:00:00+05:30,213.32,214.17,212.8,214.12,135558
NIFTYETF,2023-12-04 00:00:00+05:30,217.48,218.82,216.39,218.56,196843
NIFTYETF,2023-12-05 00:00:00+05:30,228.41,230.0,218.21,219.92,52704
NIFTYETF,2023-12-06 00:00:00+05:30,224.32,224.32,219.85,221.13,16459
NIFTYETF,2023-12-07 00:00:00+05:30,223.48,223.48,219.66,220.95,217601
NIFTYETF,2023-12-08 00:00:00+05:30,220.98,221.87,220.17,221.29,21098
NIFTYETF,2023-12-11 00:00:00+05:30,221.29,221.89,220.77,221.2,199008
NIFTYETF,2023-12-12 00:00:00+05:30,221.4,222.17,219.83,220.81,73453
NIFTYETF,2023-12-13 00:00:00+05:30,214.2,221.32,214.2,221.05,16759
NIFTYETF,2023-12-14 00:00:00+05:30,223.5,223.89,221.55,223.72,46786
NIFTYETF,2023-12-15 00:00:00+05:30,224.01,226.94,223.91,226.51,107327
NIFTYETF,2023-12-18 00:00:00+05:30,233.3,233.3,225.14,226.38,37790
NIFTYETF,2023-12-19 00:00:00+05:30,226.1,227.17,225.23,226.39,137444
NIFTYETF,2023-12-20 00:00:00+05:30,227.12,228.0,222.85,222.97,84162
NIFTYETF,2023-12-21 00:00:00+05:30,222.27,224.87,221.01,224.49,67869
NIFTYETF,2023-12-22 00:00:00+05:30,231.2,231.2,224.02,225.14,13610
NIFTYETF,2023-12-26 00:00:00+05:30,231.9,231.9,224.97,226.05,18042
NIFTYETF,2023-12-27 00:00:00+05:30,227.18,228.9,226.67,228.11,15356
NIFTYETF,2023-12-28 00:00:00+05:30,228.65,230.25,228.4,230.11,57783
NIFTYETF,2023-12-29 00:00:00+05:30,229.8,229.83,228.49,229.56,50545
NIFTYETF,2024-01-01 00:00:00+05:30,229.57,230.49,228.85,229.69,14729
NIFTYETF,2024-01-02 00:00:00+05:30,229.55,229.64,227.16,228.91,66287
NIFTYETF,2024-01-03 00:00:00+05:30,230.98,230.98,226.0,227.37,36448
NIFTYETF,2024-01-04 00:00:00+05:30,229.0,229.0,227.28,228.74,335053
NIFTYETF,2024-01-05 00:00:00+05:30,229.35,229.7,228.31,229.13,25942
NIFTYETF,2024-01-08 00:00:00+05:30,229.57,229.57,226.73,227.14,70888
NIFTYETF,2024-01-09 00:00:00+05:30,228.7,229.23,227.0,227.63,17329
NIFTYETF,2024-01-10 00:00:00+05:30,227.47,230.0,226.51,228.15,90007
NIFTYETF,2024-01-11 00:00:00+05:30,228.3,229.41,227.81,228.68,96404
NIFTYETF,2024-01-12 00:00:00+05:30,229.92,231.51,228.94,231.41,59231
NIFTYETF,2024-01-15 00:00:00+05:30,232.78,233.04,231.53,232.83,25044
NIFTYETF,2024-01-16 00:00:00+05:30,232.83,233.59,231.73,232.57,66017
NIFTYETF,2024-01-17 00:00:00+05:30,232.0,232.57,227.61,227.86,138296
NIFTYETF,2024-01-18 00:00:00+05:30,227.55,229.34,224.8,227.06,448795
NIFTYETF,2024-01-19 00:00:00+05:30,228.34,228.95,227.51,227.73,273353
NIFTYETF,2024-01-20 00:00:00+05:30,229.34,229.34,227.33,227.68,28263
NIFTYETF,2024-01-23 00:00:00+05:30,228.1,229.84,224.0,224.49,84094
NIFTYETF,2024-01-24 00:00:00+05:30,223.98,226.68,222.93,226.22,41904
NIFTYETF,2024-01-25 00:00:00+05:30,226.26,226.48,224.37,225.68,71174
NIFTYETF,2024-01-29 00:00:00+05:30,227.49,229.98,225.94,229.76,104929
NIFTYETF,2024-01-30 00:00:00+05:30,229.75,230.49,227.0,227.51,64113
NIFTYETF,2024-01-31 00:00:00+05:30,232.06,232.06,223.0,229.13,22573
NIFTYETF,2024-02-01 00:00:00+05:30,236.0,236.0,228.66,229.26,87359
NIFTYETF,2024-02-02 00:00:00+05:30,230.65,233.33,230.02,230.46,61311
NIFTYETF,2024-02-05 00:00:00+05:30,231.39,231.95,229.34,229.63,24908
NIFTYETF,2024-02-06 00:00:00+05:30,230.46,231.75,229.64,231.48,38383
NIFTYETF,2024-02-07 00:00:00+05:30,232.8,232.8,230.65,231.63,13466
NIFTYETF,2024-02-08 00:00:00+05:30,232.45,232.45,229.08,229.46,35370
NIFTYETF,2024-02-09 00:00:00+05:30,229.61,230.41,228.66,230.23,35277
NIFTYETF,2024-02-12 00:00:00+05:30,230.22,230.78,228.07,228.56,42793
NIFTYETF,2024-02-13 00:00:00+05:30,229.13,229.99,227.81,229.6,29289
NIFTYETF,2024-02-14 00:00:00+05:30,228.15,231.04,227.34,230.48,29272
NIFTYETF,2024-02-15 00:00:00+05:30,231.1,231.5,230.0,231.25,14800
NIFTYETF,2024-02-16 00:00:00+05:30,232.07,232.9,231.82,232.47,15240
NIFTYETF,2024-02-19 00:00:00+05:30,233.0,234.5,232.4,233.46,28020
NIFTYETF,2024-02-20 00:00:00+05:30,233.34,234.85,232.81,234.73,6823
NIFTYETF,2024-02-21 00:00:00+05:30,235.14,235.14,232.38,233.74,45377
NIFTYETF,2024-02-22 00:00:00+05:30,233.39,235.4,231.57,235.26,31057
NIFTYETF,2024-02-23 00:00:00+05:30,234.91,235.6,234.42,234.89,17477
NIFTYETF,2024-02-26 00:00:00+05:30,234.64,234.82,233.51,234.15,46742
NIFTYETF,2024-02-27 00:00:00+05:30,236.98,236.98,233.36,234.99,73586
NIFTYETF,2024-02-28 00:00:00+05:30,234.4,235.05,232.0,232.35,80320
NIFTYETF,2024-02-29 00:00:00+05:30,232.08,233.44,231.29,233.25,37090
NIFTYETF,2024-03-01 00:00:00+05:30,233.25,236.5,233.25,236.21,81715
NIFTYETF,2024-03-02 00:00:00+05:30,236.95,237.13,236.01,236.44,2635
NIFTYETF,2024-03-04 00:00:00+05:30,238.98,238.98,236.08,236.98,13005
NIFTYETF,2024-03-05 00:00:00+05:30,237.5,237.5,235.1,236.63,478491
NIFTYETF,2024-03-06 00:00:00+05:30,236.26,237.96,235.16,237.91,53283
NIFTYETF,2024-03-07 00:00:00+05:30,238.22,238.22,237.05,237.33,85753
NIFTYETF,2024-03-11 00:00:00+05:30,237.96,237.99,235.82,236.1,56674
NIFTYETF,2024-03-12 00:00:00+05:30,236.49,237.59,235.59,236.31,80679
NIFTYETF,2024-03-13 00:00:00+05:30,237.23,237.23,231.8,232.83,113855
NIFTYETF,2024-03-14 00:00:00+05:30,232.23,234.7,231.61,234.44,64090
NIFTYETF,2024-03-15 00:00:00+05:30,233.57,233.66,231.86,232.9,90681
NIFTYETF,2024-03-18 00:00:00+05:30,232.9,234.1,231.78,233.26,62460
NIFTYETF,2024-03-19 00:00:00+05:30,232.9,232.9,230.5,230.77,89478
NIFTYETF,2024-03-20 00:00:00+05:30,232.98,232.98,229.79,231.11,28251
NIFTYETF,2024-03-21 00:00:00+05:30,232.91,233.48,232.09,233.07,55529
NIFTYETF,2024-03-22 00:00:00+05:30,233.05,234.29,231.15,233.58,39270
NIFTYETF,2024-03-26 00:00:00+05:30,233.09,233.49,232.36,232.63,11890
NIFTYETF,2024-03-27 00:00:00+05:30,233.52,234.69,232.68,234.29,87819
NIFTYETF,2024-03-28 00:00:00+05:30,232.0,237.7,232.0,235.9,28912
NIFTYETF,2024-04-01 00:00:00+05:30,237.79,238.24,236.96,237.61,32109
NIFTYETF,2024-04-02 00:00:00+05:30,237.67,237.71,236.77,237.6,113666
NIFTYETF,2024-04-03 00:00:00+05:30,236.77,237.95,236.17,237.29,16995
NIFTYETF,2024-04-04 00:00:00+05:30,239.49,239.49,235.99,238.08,70472
NIFTYETF,2024-04-05 00:00:00+05:30,237.53,238.45,237.01,238.11,21599
NIFTYETF,2024-04-08 00:00:00+05:30,238.93,240.0,238.21,239.22,25985
NIFTYETF,2024-04-09 00:00:00+05:30,240.53,240.53,239.04,239.51,22726
NIFTYETF,2024-04-10 00:00:00+05:30,239.51,240.42,239.37,240.12,10889
NIFTYETF,2024-04-12 00:00:00+05:30,247.3,247.3,237.96,238.23,21636
NIFTYETF,2024-04-15 00:00:00+05:30,236.19,237.27,235.46,235.78,101853
NIFTYETF,2024-04-16 00:00:00+05:30,235.2,235.2,233.6,234.5,56955
NIFTYETF,2024-04-18 00:00:00+05:30,235.37,236.15,232.35,232.95,162309
NIFTYETF,2024-04-19 00:00:00+05:30,232.0,234.49,230.39,234.04,126003
NIFTYETF,2024-04-22 00:00:00+05:30,236.48,236.48,234.5,235.7,36798
NIFTYETF,2024-04-23 00:00:00+05:30,237.25,237.25,235.98,236.41,26992
NIFTYETF,2024-04-24 00:00:00+05:30,236.41,238.09,236.41,237.03,117446
NIFTYETF,2024-04-25 00:00:00+05:30,240.0,240.0,235.59,238.22,40051
NIFTYETF,2024-04-26 00:00:00+05:30,238.34,239.14,236.68,237.1,44229
NIFTYETF,2024-04-29 00:00:00+05:30,241.84,241.84,236.98,239.04,63403
NIFTYETF,2024-04-30 00:00:00+05:30,239.88,240.35,238.46,239.17,172317
NIFTYETF,2024-05-02 00:00:00+05:30,241.48,242.0,238.69,239.41,37960
NIFTYETF,2024-05-03 00:00:00+05:30,240.88,240.97,236.28,237.63,128492
NIFTYETF,2024-05-06 00:00:00+05:30,238.73,238.83,236.92,237.36,13872
NIFTYETF,2024-05-07 00:00:00+05:30,242.11,242.11,235.0,235.81,69790
NIFTYETF,2024-05-08 00:00:00+05:30,238.0,238.0,233.0,235.92,68166
NIFTYETF,2024-05-09 00:00:00+05:30,235.93,235.93,232.0,232.35,66747
NIFTYETF,2024-05-10 00:00:00+05:30,235.2,235.94,232.2,233.18,71657
NIFTYETF,2024-05-13 00:00:00+05:30,233.19,234.53,231.17,233.77,36889
NIFTYETF,2024-05-14 00:00:00+05:30,234.52,236.05,234.0,234.96,108160
NIFTYETF,2024-05-15 00:00:00+05:30,238.0,238.0,234.2,234.6,34266
NIFTYETF,2024-05-16 00:00:00+05:30,236.35,237.25,233.55,236.81,42136
NIFTYETF,2024-05-17 00:00:00+05:30,236.84,237.98,236.34,237.75,18829
NIFTYETF,2024-05-18 00:00:00+05:30,237.95,242.51,237.68,238.37,5858
NIFTYETF,2024-05-21 00:00:00+05:30,241.2,241.2,237.19,237.85,90327
NIFTYETF,2024-05-22 00:00:00+05:30,239.09,239.46,237.72,239.1,58713
NIFTYETF,2024-05-23 00:00:00+05:30,239.71,243.67,239.01,243.01,62458
NIFTYETF,2024-05-24 00:00:00+05:30,250.3,250.3,242.25,243.39,112050
NIFTYETF,2024-05-27 00:00:00+05:30,250.7,250.7,242.5,243.21,70899
NIFTYETF,2024-05-28 00:00:00+05:30,243.62,243.79,241.99,242.48,37450
NIFTYETF,2024-05-29 00:00:00+05:30,242.48,242.48,240.3,240.72,261001
NIFTYETF,2024-05-30 00:00:00+05:30,240.72,240.72,237.84,238.59,90087
NIFTYETF,2024-05-31 00:00:00+05:30,239.39,240.13,237.75,238.97,101039
NIFTYETF,2024-06-03 00:00:00+05:30,240.1,250.98,239.97,246.84,317826
NIFTYETF,2024-06-04 00:00:00+05:30,254.25,254.25,226.0,231.87,2993367
NIFTYETF,2024-06-05 00:00:00+05:30,235.0,240.29,231.04,239.66,1497781
NIFTYETF,2024-06-06 00:00:00+05:30,241.4,242.95,240.46,241.88,486614
NIFTYETF,2024-06-07 00:00:00+05:30,242.66,247.05,241.65,246.7,647011
NIFTYETF,2024-06-10 00:00:00+05:30,246.97,251.0,244.91,246.82,327275
NIFTYETF,2024-06-11 00:00:00+05:30,246.82,247.8,246.05,247.14,392551
NIFTYETF,2024-06-12 00:00:00+05:30,247.74,248.4,246.89,247.88,629821
NIFTYETF,2024-06-13 00:00:00+05:30,246.0,252.0,246.0,248.74,782263
NIFTYETF,2024-06-14 00:00:00+05:30,248.74,249.43,247.59,249.38,566821
NIFTYETF,2024-06-18 00:00:00+05:30,249.58,250.53,249.24,250.46,383804
NIFTYETF,2024-06-19 00:00:00+05:30,250.42,250.8,248.5,249.89,405510
NIFTYETF,2024-06-20 00:00:00+05:30,249.89,250.92,248.91,250.59,118189
NIFTYETF,2024-06-21 00:00:00+05:30,250.27,251.01,246.97,249.78,689664
NIFTYETF,2024-06-24 00:00:00+05:30,242.3,252.96,242.3,250.41,269919
NIFTYETF,2024-06-25 00:00:00+05:30,250.89,252.46,250.0,252.39,407965
NIFTYETF,2024-06-26 00:00:00+05:30,256.25,256.25,251.12,253.66,201259
NIFTYETF,2024-06-27 00:00:00+05:30,253.67,255.81,252.7,255.71,264469
NIFTYETF,2024-06-28 00:00:00+05:30,256.01,256.5,254.78,255.18,259209
NIFTYETF,2024-07-01 00:00:00+05:30,255.44,256.59,254.56,256.01,127353
NIFTYETF,2024-07-02 00:00:00+05:30,257.39,257.39,255.7,256.14,30039
NIFTYETF,2024-07-03 00:00:00+05:30,257.56,258.47,256.8,258.41,183351
NIFTYETF,2024-07-04 00:00:00+05:30,258.86,259.38,257.78,258.38,109289
NIFTYETF,2024-07-05 00:00:00+05:30,266.15,266.15,257.0,258.33,265504
NIFTYETF,2024-07-08 00:00:00+05:30,258.71,258.77,257.25,258.61,85714
NIFTYETF,2024-07-09 00:00:00+05:30,265.85,265.85,258.36,259.3,73491
NIFTYETF,2024-07-10 00:00:00+05:30,261.97,261.98,256.37,258.45,39451
NIFTYETF,2024-07-11 00:00:00+05:30,259.13,259.3,257.32,258.91,87820
NIFTYETF,2024-07-12 00:00:00+05:30,259.37,261.22,258.56,260.04,45144
NIFTYETF,2024-07-15 00:00:00+05:30,261.4,261.81,260.33,261.43,106553
NIFTYETF,2024-07-16 00:00:00+05:30,261.84,262.3,261.33,261.84,154369
NIFTYETF,2024-07-18 00:00:00+05:30,261.84,263.99,260.49,263.81,48817
NIFTYETF,2024-07-19 00:00:00+05:30,264.13,264.13,260.38,260.89,642870
NIFTYETF,2024-07-22 00:00:00+05:30,260.64,261.42,258.81,260.3,227492
NIFTYETF,2024-07-23 00:00:00+05:30,267.46,267.46,255.92,260.22,91993
NIFTYETF,2024-07-24 00:00:00+05:30,259.76,260.37,258.45,259.62,191280
NIFTYETF,2024-07-25 00:00:00+05:30,259.62,259.81,257.15,259.52,1141716
NIFTYETF,2024-07-26 00:00:00+05:30,259.92,264.0,259.32,263.84,39102
NIFTYETF,2024-07-29 00:00:00+05:30,256.0,265.6,256.0,264.02,134243
NIFTYETF,2024-07-30 00:00:00+05:30,264.34,265.2,263.37,264.22,20446
NIFTYETF,2024-07-31 00:00:00+05:30,264.9,265.57,264.18,265.38,176796
NIFTYETF,2024-08-01 00:00:00+05:30,266.19,267.75,265.16,266.42,184318
NIFTYETF,2024-08-02 00:00:00+05:30,264.15,264.42,262.73,263.08,938183
NIFTYETF,2024-08-05 00:00:00+05:30,258.9,259.15,254.37,256.38,2766144
NIFTYETF,2024-08-06 00:00:00+05:30,258.43,259.17,254.97,255.42,1076583
NIFTYETF,2024-08-07 00:00:00+05:30,258.3,258.84,257.11,258.7,1050943
NIFTYETF,2024-08-08 00:00:00+05:30,261.56,261.56,256.41,256.75,1164200
NIFTYETF,2024-08-09 00:00:00+05:30,258.82,259.91,258.31,259.54,352346
NIFTYETF,2024-08-12 00:00:00+05:30,258.21,260.46,257.85,259.33,449784
NIFTYETF,2024-08-13 00:00:00+05:30,259.33,259.51,257.0,257.2,1293848
NIFTYETF,2024-08-14 00:00:00+05:30,261.99,261.99,256.78,257.27,629946
NIFTYETF,2024-08-16 00:00:00+05:30,259.99,268.42,257.51,261.65,1180697
NIFTYETF,2024-08-19 00:00:00+05:30,261.79,262.52,260.88,261.89,184400
NIFTYETF,2024-08-20 00:00:00+05:30,266.5,266.5,261.96,263.21,92665
NIFTYETF,2024-08-21 00:00:00+05:30,263.1,264.3,262.0,264.19,206647
NIFTYETF,2024-08-22 00:00:00+05:30,264.97,264.97,263.82,263.99,25888
NIFTYETF,2024-08-23 00:00:00+05:30,264.13,264.9,263.72,264.66,151997
NIFTYETF,2024-08-26 00:00:00+05:30,264.0,266.86,264.0,266.65,160764
NIFTYETF,2024-08-27 00:00:00+05:30,266.93,267.15,265.69,266.54,45342
NIFTYETF,2024-08-28 00:00:00+05:30,266.76,267.88,266.05,267.03,203994
NIFTYETF,2024-08-29 00:00:00+05:30,267.02,268.52,265.03,268.4,102146
NIFTYETF,2024-08-30 00:00:00+05:30,271.48,271.48,267.5,269.14,210923
NIFTYETF,2024-09-02 00:00:00+05:30,269.0,269.94,268.88,269.57,77476
NIFTYETF,2024-09-03 00:00:00+05:30,269.58,269.62,268.8,268.86,191961
NIFTYETF,2024-09-04 00:00:00+05:30,269.0,269.0,267.22,268.64,73330
NIFTYETF,2024-09-05 00:00:00+05:30,269.16,269.27,267.33,267.53,220579
NIFTYETF,2024-09-06 00:00:00+05:30,267.75,267.93,264.23,264.99,251005
NIFTYETF,2024-09-09 00:00:00+05:30,267.67,267.67,263.76,265.18,426834
NIFTYETF,2024-09-10 00:00:00+05:30,269.7,269.7,265.25,267.1,62170
NIFTYETF,2024-09-11 00:00:00+05:30,267.7,267.7,265.1,265.64,38276
NIFTYETF,2024-09-12 00:00:00+05:30,267.99,270.37,264.0,269.78,326630
NIFTYETF,2024-09-13 00:00:00+05:30,270.5,270.65,268.95,270.09,324562
NIFTYETF,2024-09-16 00:00:00+05:30,271.51,271.51,269.93,270.48,441365
NIFTYETF,2024-09-17 00:00:00+05:30,271.0,271.35,269.76,271.14,320218
NIFTYETF,2024-09-18 00:00:00+05:30,270.78,271.51,269.13,270.67,308750
NIFTYETF,2024-09-19 00:00:00+05:30,271.5,272.65,270.03,271.24,336280
NIFTYETF,2024-09-20 00:00:00+05:30,271.74,275.0,270.77,273.88,1170200
NIFTYETF,2024-09-23 00:00:00+05:30,275.82,276.6,275.02,275.73,215232
NIFTYETF,2024-09-24 00:00:00+05:30,278.96,278.96,275.39,276.36,14362
NIFTYETF,2024-09-25 00:00:00+05:30,276.66,277.29,275.4,276.55,83524
NIFTYETF,2024-09-26 00:00:00+05:30,278.95,282.7,276.53,279.3,264108
NIFTYETF,2024-09-27 00:00:00+05:30,279.99,283.8,278.81,279.08,280306
NIFTYETF,2024-09-30 00:00:00+05:30,281.97,281.98,274.44,275.14,382921
NIFTYETF,2024-10-01 00:00:00+05:30,275.56,276.3,274.03,275.01,296377
NIFTYETF,2024-10-03 00:00:00+05:30,273.54,273.54,269.04,269.28,831332
NIFTYETF,2024-10-04 00:00:00+05:30,271.59,271.6,266.23,266.72,365559
NIFTYETF,2024-10-07 00:00:00+05:30,269.47,269.48,262.97,264.33,314039
NIFTYETF,2024-10-08 00:00:00+05:30,266.79,267.0,264.0,266.27,164461
NIFTYETF,2024-10-09 00:00:00+05:30,267.04,268.86,266.0,266.31,162753
NIFTYETF,2024-10-10 00:00:00+05:30,267.8,267.8,265.73,266.16,117939
NIFTYETF,2024-10-11 00:00:00+05:30,266.15,266.74,265.08,266.15,131124
NIFTYETF,2024-10-14 00:00:00+05:30,267.79,268.06,266.15,267.76,105473
NIFTYETF,2024-10-15 00:00:00+05:30,268.42,268.73,266.5,267.17,95390
NIFTYETF,2024-10-16 00:00:00+05:30,266.03,267.36,265.47,266.25,102686
NIFTYETF,2024-10-17 00:00:00+05:30,266.79,266.79,263.51,263.91,938545
NIFTYETF,2024-10-18 00:00:00+05:30,263.99,266.97,261.66,264.91,564427
NIFTYETF,2024-10-21 00:00:00+05:30,267.91,267.91,262.61,264.18,174061
NIFTYETF,2024-10-22 00:00:00+05:30,264.36,265.0,260.72,261.15,4613213
NIFTYETF,2024-10-23 00:00:00+05:30,263.98,263.98,260.0,260.54,2806210
NIFTYETF,2024-10-24 00:00:00+05:30,260.63,260.87,259.5,260.09,226632
NIFTYETF,2024-10-25 00:00:00+05:30,260.47,260.47,256.6,257.72,2645792
NIFTYETF,2024-10-28 00:00:00+05:30,258.82,261.16,257.09,259.51,101736
NIFTYETF,2024-10-29 00:00:00+05:30,257.61,261.07,257.45,260.76,96339
NIFTYETF,2024-10-30 00:00:00+05:30,260.44,261.07,259.08,259.75,103114
NIFTYETF,2024-10-31 00:00:00+05:30,259.87,259.87,257.83,258.36,116977
NIFTYETF,2024-11-01 00:00:00+05:30,259.99,261.5,258.03,259.41,73353
NIFTYETF,2024-11-04 00:00:00+05:30,260.79,260.8,253.8,256.13,1943266
NIFTYETF,2024-11-05 00:00:00+05:30,263.8,263.8,254.2,258.32,235127
NIFTYETF,2024-11-06 00:00:00+05:30,259.39,261.8,258.17,261.2,125420
NIFTYETF,2024-11-07 00:00:00+05:30,263.19,263.19,258.0,258.32,93461
NIFTYETF,2024-11-08 00:00:00+05:30,258.32,258.9,256.7,257.57,68637
NIFTYETF,2024-11-11 00:00:00+05:30,259.98,259.98,256.0,257.69,56204
NIFTYETF,2024-11-12 00:00:00+05:30,259.59,259.6,254.0,254.65,644918
NIFTYETF,2024-11-13 00:00:00+05:30,253.26,254.88,251.02,251.31,3745785
NIFTYETF,2024-11-14 00:00:00+05:30,254.95,254.98,250.7,250.84,769471
NIFTYETF,2024-11-18 00:00:00+05:30,251.64,251.65,249.06,250.33,1303564
NIFTYETF,2024-11-19 00:00:00+05:30,252.05,253.89,250.1,251.13,69442
NIFTYETF,2024-11-21 00:00:00+05:30,258.65,258.65,248.4,249.11,1552900
NIFTYETF,2024-11-22 00:00:00+05:30,249.0,255.64,248.99,255.1,122357
NIFTYETF,2024-11-25 00:00:00+05:30,251.59,259.69,251.59,258.64,87204
NIFTYETF,2024-11-26 00:00:00+05:30,259.64,259.82,257.32,258.25,43371
NIFTYETF,2024-11-27 00:00:00+05:30,257.24,259.9,255.66,259.22,93320
NIFTYETF,2024-11-28 00:00:00+05:30,261.79,261.79,254.91,255.35,263238
NIFTYETF,2024-11-29 00:00:00+05:30,255.98,258.4,255.46,257.68,89263
NIFTYETF,2024-12-02 00:00:00+05:30,249.95,259.24,249.95,259.04,57189
NIFTYETF,2024-12-03 00:00:00+05:30,260.0,260.85,258.64,260.68,64428
NIFTYETF,2024-12-04 00:00:00+05:30,260.99,261.99,259.0,260.58,83876
NIFTYETF,2024-12-05 00:00:00+05:30,261.85,264.76,259.44,264.15,193472
NIFTYETF,2024-12-06 00:00:00+05:30,265.74,265.74,262.41,263.48,46965
NIFTYETF,2024-12-09 00:00:00+05:30,265.4,265.4,262.2,262.8,113873
NIFTYETF,2024-12-10 00:00:00+05:30,262.8,263.49,261.12,262.29,56064
NIFTYETF,2024-12-11 00:00:00+05:30,264.9,264.9,261.62,263.08,189641
NIFTYETF,2024-12-12 00:00:00+05:30,265.7,265.7,261.36,261.81,47459
NIFTYETF,2024-12-13 00:00:00+05:30,261.81,264.67,257.71,264.33,69721
NIFTYETF,2024-12-16 00:00:00+05:30,266.08,266.08,260.5,263.25,123486
NIFTYETF,2024-12-17 00:00:00+05:30,263.0,263.01,259.5,259.69,104790
NIFTYETF,2024-12-18 00:00:00+05:30,259.69,261.42,257.53,257.93,274352
NIFTYETF,2024-12-19 00:00:00+05:30,257.93,257.93,253.01,255.7,124607
NIFTYETF,2024-12-20 00:00:00+05:30,256.79,256.79,251.08,251.71,138834
NIFTYETF,2024-12-23 00:00:00+05:30,251.99,254.76,251.99,253.69,84037
NIFTYETF,2024-12-24 00:00:00+05:30,256.68,256.68,251.01,253.31,101444
NIFTYETF,2024-12-26 00:00:00+05:30,252.0,255.84,251.0,253.66,103356
NIFTYETF,2024-12-27 00:00:00+05:30,254.6,255.23,253.91,254.25,102770
NIFTYETF,2024-12-30 00:00:00+05:30,256.74,256.74,252.0,252.38,67300
NIFTYETF,2024-12-31 00:00:00+05:30,252.3,255.3,250.05,252.5,227163
NIFTYETF,2025-01-01 00:00:00+05:30,252.25,254.0,251.5,253.35,31491
NIFTYETF,2025-01-02 00:00:00+05:30,255.29,258.3,253.16,258.26,108262
NIFTYETF,2025-01-03 00:00:00+05:30,260.7,260.7,255.48,255.93,78895
NIFTYETF,2025-01-06 00:00:00+05:30,255.95,258.74,251.5,252.2,308553
NIFTYETF,2025-01-07 00:00:00+05:30,253.06,253.96,252.39,253.12,225418
NIFTYETF,2025-01-08 00:00:00+05:30,253.0,253.26,250.96,252.61,103963
NIFTYETF,2025-01-09 00:00:00+05:30,253.99,253.99,251.07,251.33,162687
NIFTYETF,2025-01-10 00:00:00+05:30,253.29,253.3,249.08,250.36,107574
NIFTYETF,2025-01-13 00:00:00+05:30,250.41,250.41,246.05,246.45,3292088
NIFTYETF,2025-01-14 00:00:00+05:30,249.45,249.48,246.51,247.07,990585
NIFTYETF,2025-01-15 00:00:00+05:30,250.07,250.07,246.92,247.82,54269
NIFTYETF,2025-01-16 00:00:00+05:30,251.0,252.8,248.0,248.95,566877
NIFTYETF,2025-01-17 00:00:00+05:30,249.99,250.71,246.69,247.71,195781
NIFTYETF,2025-01-20 00:00:00+05:30,247.01,250.55,247.01,249.5,44579
NIFTYETF,2025-01-21 00:00:00+05:30,251.97,251.97,245.6,246.04,1290949
NIFTYETF,2025-01-22 00:00:00+05:30,247.69,247.69,245.44,247.4,42664
NIFTYETF,2025-01-23 00:00:00+05:30,249.4,249.4,245.55,247.85,123449
NIFTYETF,2025-01-24 00:00:00+05:30,248.14,249.2,246.03,246.59,36440
NIFTYETF,2025-01-27 00:00:00+05:30,246.99,247.82,243.5,243.9,192034
NIFTYETF,2025-01-28 00:00:00+05:30,244.99,247.06,244.01,245.33,139475
NIFTYETF,2025-01-29 00:00:00+05:30,246.01,247.19,244.92,246.96,234189
NIFTYETF,2025-01-30 00:00:00+05:30,246.96,248.99,246.85,248.26,67261
NIFTYETF,2025-01-31 00:00:00+05:30,249.99,251.16,248.27,250.98,73456
NIFTYETF,2025-02-01 00:00:00+05:30,253.97,253.98,249.02,251.04,84389
NIFTYETF,2025-02-03 00:00:00+05:30,249.02,251.9,248.02,249.36,42814
NIFTYETF,2025-02-04 00:00:00+05:30,252.39,253.82,249.4,253.53,90905
NIFTYETF,2025-02-05 00:00:00+05:30,253.52,254.12,253.0,253.38,99821
NIFTYETF,2025-02-06 00:00:00+05:30,253.37,253.66,251.6,252.27,303828
NIFTYETF,2025-02-07 00:00:00+05:30,253.0,253.26,250.12,251.71,34391
NIFTYETF,2025-02-10 00:00:00+05:30,252.02,254.09,249.28,250.12,94642
NIFTYETF,2025-02-11 00:00:00+05:30,250.99,250.99,245.9,246.78,509673
NIFTYETF,2025-02-12 00:00:00+05:30,248.93,248.93,243.85,246.0,312224
NIFTYETF,2025-02-13 00:00:00+05:30,248.73,248.73,244.0,246.4,496692
NIFTYETF,2025-02-14 00:00:00+05:30,246.32,249.8,243.58,245.38,265840
NIFTYETF,2025-02-17 00:00:00+05:30,245.38,247.7,243.01,245.65,127865
NIFTYETF,2025-02-18 00:00:00+05:30,247.93,247.94,244.0,245.69,167806
NIFTYETF,2025-02-19 00:00:00+05:30,245.71,247.83,244.0,245.05,150738
NIFTYETF,2025-02-20 00:00:00+05:30,245.05,245.5,244.0,245.1,108913
NIFTYETF,2025-02-21 00:00:00+05:30,247.39,247.4,243.0,243.89,243517
NIFTYETF,2025-02-24 00:00:00+05:30,246.19,246.19,240.1,241.4,198849
NIFTYETF,2025-02-25 00:00:00+05:30,243.44,243.45,241.0,241.31,56661
NIFTYETF,2025-02-27 00:00:00+05:30,243.84,243.84,240.61,241.33,200547
NIFTYETF,2025-02-28 00:00:00+05:30,243.62,243.62,236.78,237.07,1115795
NIFTYETF,2025-03-03 00:00:00+05:30,240.06,240.07,235.15,236.29,207694
NIFTYETF,2025-03-04 00:00:00+05:30,237.59,237.6,235.0,236.16,283925
NIFTYETF,2025-03-05 00:00:00+05:30,238.44,239.45,236.16,239.03,113913
NIFTYETF,2025-03-06 00:00:00+05:30,240.97,246.41,237.68,241.24,155070
NIFTYETF,2025-03-07 00:00:00+05:30,244.25,244.25,240.05,240.99,82344
NIFTYETF,2025-03-10 00:00:00+05:30,242.54,242.55,239.57,240.33,106537
NIFTYETF,2025-03-11 00:00:00+05:30,241.29,241.3,238.55,240.64,112300
NIFTYETF,2025-03-12 00:00:00+05:30,242.89,242.89,239.0,240.31,52896
NIFTYETF,2025-03-13 00:00:00+05:30,242.68,242.68,239.4,239.61,120598
NIFTYETF,2025-03-17 00:00:00+05:30,243.21,243.21,239.01,240.42,116720
NIFTYETF,2025-03-18 00:00:00+05:30,244.13,244.46,241.47,243.95,169916
NIFTYETF,2025-03-19 00:00:00+05:30,244.99,245.51,244.0,244.98,31961
NIFTYETF,2025-03-20 00:00:00+05:30,246.99,248.21,244.56,248.14,352866
NIFTYETF,2025-03-21 00:00:00+05:30,248.99,249.95,244.15,249.52,220208
NIFTYETF,2025-03-24 00:00:00+05:30,249.43,253.49,248.42,253.12,667853
NIFTYETF,2025-03-25 00:00:00+05:30,253.28,254.81,252.16,252.68,537105
NIFTYETF,2025-03-26 00:00:00+05:30,254.93,254.93,250.57,250.83,86521
NIFTYETF,2025-03-27 00:00:00+05:30,251.99,252.67,250.02,252.36,95912
NIFTYETF,2025-03-28 00:00:00+05:30,253.99,254.0,250.38,251.59,179149
NIFTYETF,2025-04-01 00:00:00+05:30,252.33,253.61,247.47,247.96,415306
NIFTYETF,2025-04-02 00:00:00+05:30,247.9,249.88,245.91,249.82,300686
NIFTYETF,2025-04-03 00:00:00+05:30,248.99,249.19,245.0,248.87,229694
NIFTYETF,2025-04-04 00:00:00+05:30,250.86,250.86,244.66,245.22,1181916
NIFTYETF,2025-04-07 00:00:00+05:30,235.0,243.2,226.0,237.56,1347439
NIFTYETF,2025-04-08 00:00:00+05:30,237.56,244.6,237.56,241.22,406195
NIFTYETF,2025-04-09 00:00:00+05:30,242.29,242.3,238.01,239.61,73254
NIFTYETF,2025-04-11 00:00:00+05:30,241.99,254.45,240.18,244.32,390279
NIFTYETF,2025-04-15 00:00:00+05:30,244.88,249.93,244.88,249.13,161649
NIFTYETF,2025-04-16 00:00:00+05:30,251.48,251.48,248.28,250.03,112035
NIFTYETF,2025-04-17 00:00:00+05:30,251.99,255.19,249.0,255.06,236957
NIFTYETF,2025-04-21 00:00:00+05:30,255.15,258.43,255.15,257.78,186636
NIFTYETF,2025-04-22 00:00:00+05:30,260.74,260.74,256.01,258.06,178367
NIFTYETF,2025-04-23 00:00:00+05:30,257.86,260.18,257.46,259.66,156813
NIFTYETF,2025-04-24 00:00:00+05:30,262.23,262.25,256.7,258.97,231410
NIFTYETF,2025-04-25 00:00:00+05:30,259.99,260.25,254.72,256.5,406337
NIFTYETF,2025-04-28 00:00:00+05:30,257.78,260.25,256.51,259.99,139993
NIFTYETF,2025-04-29 00:00:00+05:30,260.99,261.21,259.46,260.07,129207
NIFTYETF,2025-04-30 00:00:00+05:30,259.01,260.75,258.87,260.26,134076
NIFTYETF,2025-05-02 00:00:00+05:30,268.07,268.07,257.78,260.2,141526
NIFTYETF,2025-05-05 00:00:00+05:30,261.5,262.97,260.67,261.73,97755
NIFTYETF,2025-05-06 00:00:00+05:30,262.99,262.99,255.93,260.24,62393
NIFTYETF,2025-05-07 00:00:00+05:30,260.49,261.29,257.79,260.9,150568
NIFTYETF,2025-05-08 00:00:00+05:30,262.49,262.49,258.0,258.91,38097
NIFTYETF,2025-05-09 00:00:00+05:30,260.19,260.19,254.01,256.46,138344
NIFTYETF,2025-05-12 00:00:00+05:30,258.01,266.61,258.0,266.17,799456
NIFTYETF,2025-05-13 00:00:00+05:30,266.99,266.99,262.61,263.29,184770
NIFTYETF,2025-05-14 00:00:00+05:30,264.74,264.75,262.6,264.11,111385
NIFTYETF,2025-05-15 00:00:00+05:30,263.11,268.75,262.28,268.09,469617
NIFTYETF,2025-05-16 00:00:00+05:30,269.66,269.67,266.97,267.95,59145
NIFTYETF,2025-05-19 00:00:00+05:30,269.66,269.67,266.5,266.77,82407
NIFTYETF,2025-05-20 00:00:00+05:30,265.05,269.66,263.2,263.27,1206829
NIFTYETF,2025-05-21 00:00:00+05:30,264.58,266.43,263.34,264.99,1080835
NIFTYETF,2025-05-22 00:00:00+05:30,264.14,264.25,262.09,263.33,69438
NIFTYETF,2025-05-23 00:00:00+05:30,262.0,266.5,261.21,265.53,43533
NIFTYETF,2025-05-26 00:00:00+05:30,267.09,267.9,266.38,267.36,36852
NIFTYETF,2025-05-27 00:00:00+05:30,266.01,268.0,264.61,265.81,84445
NIFTYETF,2025-05-28 00:00:00+05:30,267.79,267.79,264.36,264.86,47889
NIFTYETF,2025-05-29 00:00:00+05:30,265.0,266.51,264.0,266.03,41621
NIFTYETF,2025-05-30 00:00:00+05:30,267.49,267.49,264.65,265.3,90380
NIFTYETF,2025-06-02 00:00:00+05:30,266.99,266.99,262.85,264.75,152573
NIFTYETF,2025-06-03 00:00:00+05:30,265.99,267.0,262.41,262.76,282951
NIFTYETF,2025-06-04 00:00:00+05:30,264.49,264.49,262.62,263.68,83290
NIFTYETF,2025-06-05 00:00:00+05:30,270.27,270.27,262.36,265.11,131749
NIFTYETF,2025-06-06 00:00:00+05:30,266.99,268.37,264.5,268.24,137904
NIFTYETF,2025-06-09 00:00:00+05:30,269.58,269.69,268.72,268.75,152483
NIFTYETF,2025-06-10 00:00:00+05:30,262.03,271.69,262.03,268.71,32520
NIFTYETF,2025-06-11 00:00:00+05:30,270.05,270.2,268.79,269.28,60608
NIFTYETF,2025-06-12 00:00:00+05:30,269.01,270.15,266.1,266.88,95125
NIFTYETF,2025-06-13 00:00:00+05:30,265.99,266.0,262.44,264.5,1277919
NIFTYETF,2025-06-16 00:00:00+05:30,257.88,271.11,257.88,267.07,2639051
NIFTYETF,2025-06-17 00:00:00+05:30,268.4,268.41,265.9,266.22,249109
NIFTYETF,2025-06-18 00:00:00+05:30,267.99,267.99,265.01,265.81,54784
NIFTYETF,2025-06-19 00:00:00+05:30,265.81,266.75,264.01,265.73,85999
NIFTYETF,2025-06-20 00:00:00+05:30,267.05,269.5,265.74,268.72,183800
NIFTYETF,2025-06-23 00:00:00+05:30,271.0,274.09,265.99,268.13,65314
NIFTYETF,2025-06-24 00:00:00+05:30,269.7,271.2,268.13,268.48,194727
NIFTYETF,2025-06-25 00:00:00+05:30,270.99,270.99,269.48,270.39,219733
NIFTYETF,2025-06-26 00:00:00+05:30,263.63,274.26,263.63,273.67,301707
NIFTYETF,2025-06-27 00:00:00+05:30,266.82,275.94,266.82,275.09,39541
NIFTYETF,2025-06-30 00:00:00+05:30,268.21,277.78,268.21,274.34,134782
NIFTYETF,2025-07-01 00:00:00+05:30,275.99,275.99,273.87,274.56,166780
NIFTYETF,2025-07-02 00:00:00+05:30,274.57,275.97,272.56,273.38,64223
NIFTYETF,2025-07-03 00:00:00+05:30,275.75,275.75,272.65,273.15,170504
NIFTYETF,2025-07-04 00:00:00+05:30,274.52,274.52,272.0,273.75,80964
NIFTYETF,2025-07-07 00:00:00+05:30,275.0,276.88,272.75,273.27,64449
NIFTYETF,2025-07-08 00:00:00+05:30,271.0,274.63,270.55,274.49,152312
NIFTYETF,2025-07-09 00:00:00+05:30,276.69,276.69,272.86,273.6,33240
NIFTYETF,2025-07-10 00:00:00+05:30,274.49,274.49,271.95,271.99,1429808
NIFTYETF,2025-07-11 00:00:00+05:30,272.51,272.51,270.01,270.25,248908
NIFTYETF,2025-07-14 00:00:00+05:30,277.0,277.0,268.9,269.29,231466
NIFTYETF,2025-07-15 00:00:00+05:30,270.99,271.36,269.67,271.07,79103
NIFTYETF,2025-07-16 00:00:00+05:30,270.25,271.49,269.84,270.69,40820
NIFTYETF,2025-07-17 00:00:00+05:30,271.99,271.99,269.6,269.76,81348
NIFTYETF,2025-07-18 00:00:00+05:30,271.1,271.19,268.01,268.24,164407
NIFTYETF,2025-07-21 00:00:00+05:30,274.94,274.94,267.5,269.87,43465
NIFTYETF,2025-07-22 00:00:00+05:30,271.21,271.49,269.0,269.48,68448
NIFTYETF,2025-07-23 00:00:00+05:30,270.15,271.04,269.48,270.82,339003
NIFTYETF,2025-07-24 00:00:00+05:30,268.0,272.39,268.0,269.73,145411
NIFTYETF,2025-07-25 00:00:00+05:30,268.0,269.72,267.0,267.32,272485
NIFTYETF,2025-07-28 00:00:00+05:30,274.0,274.0,265.48,265.89,142673
NIFTYETF,2025-07-29 00:00:00+05:30,266.49,267.5,265.01,266.8,75723
NIFTYETF,2025-07-30 00:00:00+05:30,273.47,273.47,265.0,267.41,61781
NIFTYETF,2025-07-31 00:00:00+05:30,265.0,268.49,260.72,266.75,519515
NIFTYETF,2025-08-01 00:00:00+05:30,266.37,266.96,264.2,264.56,65317
NIFTYETF,2025-08-04 00:00:00+05:30,271.17,271.17,264.01,265.84,753730
NIFTYETF,2025-08-05 00:00:00+05:30,267.49,267.49,264.11,265.61,373576
NIFTYETF,2025-08-06 00:00:00+05:30,266.93,266.93,264.3,264.48,18294
NIFTYETF,2025-08-07 00:00:00+05:30,266.01,266.45,262.15,264.41,128223
NIFTYETF,2025-08-08 00:00:00+05:30,257.79,265.99,257.79,262.37,70799
NIFTYETF,2025-08-11 00:00:00+05:30,268.92,268.92,262.01,264.58,38690
NIFTYETF,2025-08-12 00:00:00+05:30,265.9,265.94,263.6,263.97,40623
NIFTYETF,2025-08-13 00:00:00+05:30,266.5,266.5,264.2,265.36,18919
NIFTYETF,2025-08-14 00:00:00+05:30,266.46,266.46,264.25,265.56,45178
NIFTYETF,2025-08-18 00:00:00+05:30,267.99,273.01,267.15,268.36,221664
NIFTYETF,2025-08-19 00:00:00+05:30,269.7,269.7,267.95,269.28,213637
NIFTYETF,2025-08-20 00:00:00+05:30,270.62,270.62,268.3,269.64,222467
NIFTYETF,2025-08-21 00:00:00+05:30,270.27,271.17,269.61,270.48,31682
NIFTYETF,2025-08-22 00:00:00+05:30,269.01,270.48,268.06,268.33,101176
NIFTYETF,2025-08-25 00:00:00+05:30,268.88,269.5,267.0,268.54,485975
NIFTYETF,2025-08-26 00:00:00+05:30,269.88,269.88,265.98,266.09,312882
NIFTYETF,2025-08-28 00:00:00+05:30,266.99,268.4,263.95,264.2,147973
NIFTYETF,2025-08-29 00:00:00+05:30,264.21,265.33,263.3,263.77,211719
NIFTYETF,2025-09-01 00:00:00+05:30,263.76,265.78,263.65,265.7,64359
NIFTYETF,2025-09-02 00:00:00+05:30,272.34,272.34,264.5,265.12,138662
NIFTYETF,2025-09-03 00:00:00+05:30,266.45,266.7,264.78,266.14,74121
NIFTYETF,2025-09-04 00:00:00+05:30,258.16,268.89,258.16,266.29,475973
NIFTYETF,2025-09-05 00:00:00+05:30,268.39,268.39,265.21,266.59,191015
NIFTYETF,2025-09-08 00:00:00+05:30,267.0,268.3,266.59,266.76,155592
NIFTYETF,2025-09-09 00:00:00+05:30,267.49,268.73,266.77,268.08,236583
NIFTYETF,2025-09-10 00:00:00+05:30,269.42,269.5,268.5,268.61,817451
NIFTYETF,2025-09-11 00:00:00+05:30,269.95,269.95,268.78,269.57,282138
NIFTYETF,2025-09-12 00:00:00+05:30,277.66,277.66,269.57,270.38,195481
NIFTYETF,2025-09-15 00:00:00+05:30,270.37,271.25,269.77,269.82,371081
NIFTYETF,2025-09-16 00:00:00+05:30,270.04,272.16,270.04,271.94,134170
NIFTYETF,2025-09-17 00:00:00+05:30,273.65,273.67,271.95,272.86,310065
NIFTYETF,2025-09-18 00:00:00+05:30,274.45,274.52,273.0,273.65,157565
NIFTYETF,2025-09-19 00:00:00+05:30,275.0,276.0,272.32,272.71,251962
NIFTYETF,2025-09-22 00:00:00+05:30,272.7,272.98,270.01,271.71,300688
NIFTYETF,2025-09-23 00:00:00+05:30,272.59,272.59,270.5,271.14,107595
NIFTYETF,2025-09-24 00:00:00+05:30,271.34,271.34,269.54,270.1,284427
NIFTYETF,2025-09-25 00:00:00+05:30,270.78,270.78,268.3,268.65,60788
NIFTYETF,2025-09-26 00:00:00+05:30,268.18,268.21,265.46,266.3,515314
NIFTYETF,2025-09-29 00:00:00+05:30,267.24,267.5,265.2,265.49,176574
NIFTYETF,2025-09-30 00:00:00+05:30,272.12,272.12,265.06,265.53,132031
NIFTYETF,2025-10-01 00:00:00+05:30,266.85,268.07,265.45,267.99,139731
NIFTYETF,2025-10-03 00:00:00+05:30,274.68,274.68,266.74,268.56,93115
NIFTYETF,2025-10-06 00:00:00+05:30,267.43,270.68,267.43,270.54,188403
NIFTYETF,2025-10-07 00:00:00+05:30,269.56,271.63,269.55,270.77,199043
NIFTYETF,2025-10-08 00:00:00+05:30,270.88,271.38,269.32,269.92,80105
NIFTYETF,2025-10-09 00:00:00+05:30,269.95,271.4,269.62,271.32,167822
NIFTYETF,2025-10-10 00:00:00+05:30,271.54,273.14,271.02,272.79,92793
NIFTYETF,2025-10-13 00:00:00+05:30,272.5,272.52,270.93,272.21,93884
NIFTYETF,2025-10-14 00:00:00+05:30,272.99,272.99,270.06,270.97,460380
NIFTYETF,2025-10-15 00:00:00+05:30,270.69,273.5,270.68,273.06,75698
NIFTYETF,2025-10-16 00:00:00+05:30,274.42,275.97,273.37,275.31,511721
NIFTYETF,2025-10-17 00:00:00+05:30,275.31,277.8,275.02,276.84,140531
NIFTYETF,2025-10-20 00:00:00+05:30,279.47,279.47,277.66,278.06,326792
NIFTYETF,2025-10-21 00:00:00+05:30,271.1,279.99,271.1,278.92,27351
NIFTYETF,2025-10-23 00:00:00+05:30,281.5,281.5,278.82,279.16,106732
NIFTYETF,2025-10-24 00:00:00+05:30,279.73,279.74,277.3,277.85,61127
NIFTYETF,2025-10-27 00:00:00+05:30,279.23,280.64,277.56,280.15,123617
NIFTYETF,2025-10-28 00:00:00+05:30,282.5,282.5,278.51,279.9,112343
NIFTYETF,2025-10-29 00:00:00+05:30,280.54,281.69,280.0,281.28,76505
NIFTYETF,2025-10-30 00:00:00+05:30,281.49,281.5,279.03,279.52,174708
NIFTYETF,2025-10-31 00:00:00+05:30,280.21,280.29,277.68,277.89,233798
NIFTYETF,2025-11-03 00:00:00+05:30,277.88,278.4,276.6,277.8,203794
NIFTYETF,2025-11-04 00:00:00+05:30,278.11,278.32,276.33,276.48,97110
NIFTYETF,2025-11-06 00:00:00+05:30,276.48,277.3,275.25,275.38,98927
NIFTYETF,2025-11-07 00:00:00+05:30,275.63,275.83,273.38,275.42,341737
NIFTYETF,2025-11-10 00:00:00+05:30,276.11,277.1,274.98,276.26,149526
NIFTYETF,2025-11-11 00:00:00+05:30,275.21,277.7,275.01,277.28,95082
NIFTYETF,2025-11-12 00:00:00+05:30,277.99,279.98,277.9,279.47,240713
NIFTYETF,2025-11-13 00:00:00+05:30,280.86,280.86,277.91,279.28,81612
NIFTYETF,2025-11-14 00:00:00+05:30,279.2,280.3,278.15,278.99,183297
NIFTYETF,2025-11-17 00:00:00+05:30,280.38,280.97,279.59,280.44,237367
NIFTYETF,2025-11-18 00:00:00+05:30,281.3,281.3,279.28,279.68,94936
NIFTYETF,2025-11-19 00:00:00+05:30,279.67,281.1,279.05,280.89,62841
NIFTYETF,2025-11-20 00:00:00+05:30,282.29,283.19,280.9,282.4,182600
NIFTYETF,2025-11-21 00:00:00+05:30,283.18,283.18,280.91,281.33,538733
NIFTYETF,2025-11-24 00:00:00+05:30,282.73,282.73,279.78,280.2,59879
NIFTYETF,2025-11-25 00:00:00+05:30,280.17,280.92,279.07,279.68,212472
NIFTYETF,2025-11-26 00:00:00+05:30,279.88,283.04,279.88,282.81,613749
NIFTYETF,2025-11-27 00:00:00+05:30,284.37,284.37,281.15,283.07,126156
NIFTYETF,2025-11-28 00:00:00+05:30,275.99,283.8,275.99,283.12,134686
