Symbol,Date,Open,High,Low,Close,Volume
NOIDATOLL,2003-05-07 00:00:00+05:30,6.25,6.9,6.2,6.9,1500
NOIDATOLL,2003-05-08 00:00:00+05:30,7.15,7.15,7.15,7.15,50
NOIDATOLL,2003-05-09 00:00:00+05:30,6.65,7.0,6.5,7.0,700
NOIDATOLL,2003-05-12 00:00:00+05:30,7.0,7.15,6.5,7.15,4018
NOIDATOLL,2003-05-13 00:00:00+05:30,7.15,7.4,7.15,7.4,2
NOIDATOLL,2003-05-14 00:00:00+05:30,6.7,6.7,6.7,6.7,700
NOIDATOLL,2003-05-15 00:00:00+05:30,7.2,7.5,7.2,7.5,200
NOIDATOLL,2003-05-16 00:00:00+05:30,8.5,8.5,7.15,7.25,496
NOIDATOLL,2003-05-19 00:00:00+05:30,8.5,8.5,7.15,7.25,0
NOIDATOLL,2003-05-20 00:00:00+05:30,8.5,8.5,7.15,7.25,0
NOIDATOLL,2003-05-21 00:00:00+05:30,7.1,7.25,6.5,7.25,2000
NOIDATOLL,2003-05-22 00:00:00+05:30,6.75,7.3,6.75,7.3,266
NOIDATOLL,2003-05-23 00:00:00+05:30,7.2,7.5,7.2,7.5,834
NOIDATOLL,2003-05-26 00:00:00+05:30,7.8,8.25,6.85,7.7,2300
NOIDATOLL,2003-05-27 00:00:00+05:30,7.75,7.75,7.3,7.3,410
NOIDATOLL,2003-05-28 00:00:00+05:30,7.8,7.8,7.35,7.35,503
NOIDATOLL,2003-05-29 00:00:00+05:30,7.75,7.8,7.75,7.8,600
NOIDATOLL,2003-05-30 00:00:00+05:30,7.8,8.2,7.8,8.0,3900
NOIDATOLL,2003-06-02 00:00:00+05:30,8.35,8.5,8.0,8.0,6250
NOIDATOLL,2003-06-03 00:00:00+05:30,8.25,8.25,8.25,8.25,300
NOIDATOLL,2003-06-04 00:00:00+05:30,7.65,8.1,7.6,8.05,916
NOIDATOLL,2003-06-05 00:00:00+05:30,8.0,8.25,8.0,8.25,3400
NOIDATOLL,2003-06-06 00:00:00+05:30,8.15,8.15,7.9,7.9,1396
NOIDATOLL,2003-06-09 00:00:00+05:30,8.5,8.5,8.5,8.5,200
NOIDATOLL,2003-06-10 00:00:00+05:30,8.25,8.25,7.6,7.8,1095
NOIDATOLL,2003-06-11 00:00:00+05:30,7.8,7.95,7.55,7.55,1100
NOIDATOLL,2003-06-12 00:00:00+05:30,7.3,7.9,7.3,7.9,2400
NOIDATOLL,2003-06-13 00:00:00+05:30,8.2,8.45,8.1,8.1,1404
NOIDATOLL,2003-06-16 00:00:00+05:30,8.1,8.1,6.9,7.4,1957
NOIDATOLL,2003-06-17 00:00:00+05:30,7.2,7.25,6.85,7.25,3501
NOIDATOLL,2003-06-18 00:00:00+05:30,6.8,7.5,6.55,7.0,7753
NOIDATOLL,2003-06-19 00:00:00+05:30,6.9,7.2,6.6,6.65,3202
NOIDATOLL,2003-06-20 00:00:00+05:30,7.0,7.05,6.9,6.95,700
NOIDATOLL,2003-06-23 00:00:00+05:30,7.0,7.5,6.95,7.15,3400
NOIDATOLL,2003-06-24 00:00:00+05:30,7.05,7.7,7.05,7.5,2039
NOIDATOLL,2003-06-25 00:00:00+05:30,8.45,8.45,7.5,7.95,1622
NOIDATOLL,2003-06-26 00:00:00+05:30,8.8,8.8,7.55,7.75,2253
NOIDATOLL,2003-06-27 00:00:00+05:30,7.9,7.9,6.3,7.15,3201
NOIDATOLL,2003-06-30 00:00:00+05:30,7.2,7.8,7.2,7.8,800
NOIDATOLL,2003-07-01 00:00:00+05:30,7.5,7.8,7.3,7.4,4592
NOIDATOLL,2003-07-02 00:00:00+05:30,6.8,7.2,6.8,7.2,6464
NOIDATOLL,2003-07-03 00:00:00+05:30,7.7,7.7,7.1,7.1,301
NOIDATOLL,2003-07-04 00:00:00+05:30,7.05,7.55,6.9,7.15,3702
NOIDATOLL,2003-07-07 00:00:00+05:30,7.5,8.0,7.3,7.8,7100
NOIDATOLL,2003-07-08 00:00:00+05:30,8.0,8.5,7.9,7.9,4550
NOIDATOLL,2003-07-09 00:00:00+05:30,8.0,8.5,7.75,7.75,11501
NOIDATOLL,2003-07-10 00:00:00+05:30,7.55,7.55,7.2,7.25,3950
NOIDATOLL,2003-07-11 00:00:00+05:30,7.55,7.55,7.1,7.25,5601
NOIDATOLL,2003-07-14 00:00:00+05:30,7.35,7.35,6.85,6.95,8500
NOIDATOLL,2003-07-15 00:00:00+05:30,7.1,7.1,6.7,6.75,4377
NOIDATOLL,2003-07-16 00:00:00+05:30,6.8,6.95,6.7,6.8,4298
NOIDATOLL,2003-07-17 00:00:00+05:30,6.8,7.0,6.75,6.8,7625
NOIDATOLL,2003-07-18 00:00:00+05:30,6.6,7.0,6.6,6.95,13740
NOIDATOLL,2003-07-21 00:00:00+05:30,6.95,6.95,6.9,6.9,3030
NOIDATOLL,2003-07-22 00:00:00+05:30,6.8,6.95,6.4,6.8,5134
NOIDATOLL,2003-07-23 00:00:00+05:30,6.95,7.0,6.55,6.9,4990
NOIDATOLL,2003-07-24 00:00:00+05:30,6.8,6.95,6.8,6.95,2950
NOIDATOLL,2003-07-25 00:00:00+05:30,7.0,7.25,6.8,6.95,7010
NOIDATOLL,2003-07-28 00:00:00+05:30,6.95,7.1,6.9,7.0,7888
NOIDATOLL,2003-07-29 00:00:00+05:30,6.7,7.6,6.7,7.45,6310
NOIDATOLL,2003-07-30 00:00:00+05:30,7.3,7.4,7.2,7.2,4960
NOIDATOLL,2003-07-31 00:00:00+05:30,7.2,7.75,7.1,7.6,6667
NOIDATOLL,2003-08-01 00:00:00+05:30,7.95,8.05,7.7,7.8,9861
NOIDATOLL,2003-08-04 00:00:00+05:30,7.55,7.7,7.2,7.4,7966
NOIDATOLL,2003-08-05 00:00:00+05:30,7.35,7.5,7.2,7.25,6690
NOIDATOLL,2003-08-06 00:00:00+05:30,7.05,7.15,7.05,7.05,3200
NOIDATOLL,2003-08-07 00:00:00+05:30,7.05,7.15,7.05,7.15,3600
NOIDATOLL,2003-08-08 00:00:00+05:30,7.3,8.0,7.2,7.35,5035
NOIDATOLL,2003-08-11 00:00:00+05:30,6.8,7.15,6.75,6.95,13500
NOIDATOLL,2003-08-12 00:00:00+05:30,7.1,7.25,7.0,7.15,6665
NOIDATOLL,2003-08-13 00:00:00+05:30,6.75,7.3,6.75,7.15,3200
NOIDATOLL,2003-08-14 00:00:00+05:30,7.25,7.45,7.2,7.45,10801
NOIDATOLL,2003-08-18 00:00:00+05:30,7.5,8.2,7.0,7.75,16201
NOIDATOLL,2003-08-19 00:00:00+05:30,7.7,8.2,7.6,7.85,19330
NOIDATOLL,2003-08-20 00:00:00+05:30,7.8,7.8,7.25,7.35,11030
NOIDATOLL,2003-08-21 00:00:00+05:30,7.25,7.9,7.25,7.6,17200
NOIDATOLL,2003-08-22 00:00:00+05:30,7.95,8.9,7.65,7.8,39401
NOIDATOLL,2003-08-25 00:00:00+05:30,7.6,7.6,7.0,7.15,34810
NOIDATOLL,2003-08-26 00:00:00+05:30,7.3,8.45,7.3,8.15,25969
NOIDATOLL,2003-08-27 00:00:00+05:30,8.0,8.3,7.7,7.85,16226
NOIDATOLL,2003-08-28 00:00:00+05:30,8.1,8.4,7.6,8.0,21530
NOIDATOLL,2003-08-29 00:00:00+05:30,7.85,8.15,7.85,8.0,10852
NOIDATOLL,2003-09-01 00:00:00+05:30,8.2,8.2,7.1,7.3,27801
NOIDATOLL,2003-09-02 00:00:00+05:30,7.45,7.7,7.2,7.55,16393
NOIDATOLL,2003-09-03 00:00:00+05:30,7.25,7.4,7.2,7.2,6450
NOIDATOLL,2003-09-04 00:00:00+05:30,7.4,7.45,7.2,7.2,9400
NOIDATOLL,2003-09-05 00:00:00+05:30,7.25,7.4,7.2,7.4,3300
NOIDATOLL,2003-09-08 00:00:00+05:30,7.2,7.25,7.0,7.0,12613
NOIDATOLL,2003-09-09 00:00:00+05:30,7.0,7.0,6.4,6.45,44050
NOIDATOLL,2003-09-10 00:00:00+05:30,7.0,7.0,6.4,6.45,0
NOIDATOLL,2003-09-11 00:00:00+05:30,7.0,7.0,7.0,7.0,500
NOIDATOLL,2003-09-12 00:00:00+05:30,7.0,7.0,7.0,7.0,0
NOIDATOLL,2003-09-15 00:00:00+05:30,7.0,7.0,7.0,7.0,0
NOIDATOLL,2003-09-16 00:00:00+05:30,7.0,7.0,7.0,7.0,0
NOIDATOLL,2003-09-17 00:00:00+05:30,7.0,7.0,7.0,7.0,0
NOIDATOLL,2003-09-18 00:00:00+05:30,7.0,7.0,7.0,7.0,0
NOIDATOLL,2003-09-19 00:00:00+05:30,7.0,7.0,7.0,7.0,0
NOIDATOLL,2003-09-22 00:00:00+05:30,7.0,7.0,7.0,7.0,0
NOIDATOLL,2003-09-23 00:00:00+05:30,7.0,7.0,7.0,7.0,0
NOIDATOLL,2003-09-24 00:00:00+05:30,7.0,7.0,7.0,7.0,0
NOIDATOLL,2003-09-25 00:00:00+05:30,7.0,7.0,7.0,7.0,0
NOIDATOLL,2003-09-26 00:00:00+05:30,7.0,7.0,7.0,7.0,0
NOIDATOLL,2003-09-29 00:00:00+05:30,7.0,7.0,7.0,7.0,0
NOIDATOLL,2003-09-30 00:00:00+05:30,7.0,7.0,7.0,7.0,0
NOIDATOLL,2003-10-01 00:00:00+05:30,7.0,7.0,7.0,7.0,0
NOIDATOLL,2003-10-03 00:00:00+05:30,7.0,7.0,7.0,7.0,0
NOIDATOLL,2003-10-06 00:00:00+05:30,7.0,7.0,7.0,7.0,0
NOIDATOLL,2003-10-07 00:00:00+05:30,7.0,7.0,7.0,7.0,0
NOIDATOLL,2003-10-08 00:00:00+05:30,7.0,7.0,7.0,7.0,0
NOIDATOLL,2003-10-09 00:00:00+05:30,7.0,7.0,7.0,7.0,0
NOIDATOLL,2003-10-10 00:00:00+05:30,7.0,7.0,7.0,7.0,0
NOIDATOLL,2003-10-13 00:00:00+05:30,7.0,7.0,7.0,7.0,0
NOIDATOLL,2003-10-14 00:00:00+05:30,7.0,7.0,7.0,7.0,0
NOIDATOLL,2003-10-15 00:00:00+05:30,7.0,7.0,7.0,7.0,0
NOIDATOLL,2003-10-16 00:00:00+05:30,7.0,7.0,7.0,7.0,0
NOIDATOLL,2003-10-17 00:00:00+05:30,7.0,7.0,7.0,7.0,0
NOIDATOLL,2003-10-20 00:00:00+05:30,7.0,7.0,7.0,7.0,0
NOIDATOLL,2003-10-21 00:00:00+05:30,7.0,7.0,7.0,7.0,0
NOIDATOLL,2003-10-22 00:00:00+05:30,7.0,7.0,7.0,7.0,0
NOIDATOLL,2003-10-23 00:00:00+05:30,7.0,7.0,7.0,7.0,0
NOIDATOLL,2003-10-24 00:00:00+05:30,7.0,7.0,7.0,7.0,0
NOIDATOLL,2003-10-27 00:00:00+05:30,7.0,7.0,7.0,7.0,0
NOIDATOLL,2003-10-28 00:00:00+05:30,7.0,7.0,7.0,7.0,0
NOIDATOLL,2003-10-29 00:00:00+05:30,7.0,7.0,7.0,7.0,0
NOIDATOLL,2003-10-30 00:00:00+05:30,7.0,7.0,7.0,7.0,0
NOIDATOLL,2003-10-31 00:00:00+05:30,7.0,7.0,7.0,7.0,0
NOIDATOLL,2003-11-03 00:00:00+05:30,7.0,7.0,7.0,7.0,0
NOIDATOLL,2003-11-04 00:00:00+05:30,7.0,7.0,7.0,7.0,0
NOIDATOLL,2003-11-05 00:00:00+05:30,7.0,7.0,7.0,7.0,0
NOIDATOLL,2003-11-06 00:00:00+05:30,7.0,7.0,7.0,7.0,0
NOIDATOLL,2003-11-07 00:00:00+05:30,7.0,7.0,7.0,7.0,0
NOIDATOLL,2003-11-10 00:00:00+05:30,7.0,7.0,7.0,7.0,0
NOIDATOLL,2003-11-11 00:00:00+05:30,7.0,7.0,7.0,7.0,0
NOIDATOLL,2003-11-12 00:00:00+05:30,7.0,7.0,7.0,7.0,0
NOIDATOLL,2003-11-13 00:00:00+05:30,7.0,7.0,7.0,7.0,0
NOIDATOLL,2003-11-14 00:00:00+05:30,7.0,7.0,7.0,7.0,0
NOIDATOLL,2003-11-17 00:00:00+05:30,7.0,7.0,7.0,7.0,0
NOIDATOLL,2003-11-18 00:00:00+05:30,7.0,7.0,7.0,7.0,0
NOIDATOLL,2003-11-19 00:00:00+05:30,7.0,7.0,7.0,7.0,0
NOIDATOLL,2003-11-20 00:00:00+05:30,7.0,7.0,7.0,7.0,0
NOIDATOLL,2003-11-21 00:00:00+05:30,7.0,7.0,7.0,7.0,0
NOIDATOLL,2003-11-24 00:00:00+05:30,7.0,7.0,7.0,7.0,0
NOIDATOLL,2003-11-25 00:00:00+05:30,7.0,7.0,7.0,7.0,0
NOIDATOLL,2003-11-27 00:00:00+05:30,7.0,7.0,7.0,7.0,0
NOIDATOLL,2003-11-28 00:00:00+05:30,7.0,7.0,7.0,7.0,0
NOIDATOLL,2003-12-01 00:00:00+05:30,7.0,7.0,7.0,7.0,0
NOIDATOLL,2003-12-02 00:00:00+05:30,7.0,7.0,7.0,7.0,0
NOIDATOLL,2003-12-03 00:00:00+05:30,7.0,7.0,7.0,7.0,0
NOIDATOLL,2003-12-04 00:00:00+05:30,7.0,7.0,7.0,7.0,0
NOIDATOLL,2003-12-05 00:00:00+05:30,7.0,7.0,7.0,7.0,0
NOIDATOLL,2003-12-08 00:00:00+05:30,6.05,6.95,6.05,6.95,1901
NOIDATOLL,2003-12-09 00:00:00+05:30,7.05,7.8,6.65,7.8,5901
NOIDATOLL,2003-12-10 00:00:00+05:30,7.0,8.0,7.0,7.5,6600
NOIDATOLL,2003-12-11 00:00:00+05:30,8.15,8.15,7.25,7.65,3278
NOIDATOLL,2003-12-12 00:00:00+05:30,8.05,8.05,7.25,7.55,5101
NOIDATOLL,2003-12-15 00:00:00+05:30,7.5,7.65,7.25,7.6,6501
NOIDATOLL,2003-12-16 00:00:00+05:30,7.65,7.7,7.25,7.3,4100
NOIDATOLL,2003-12-17 00:00:00+05:30,7.35,7.6,7.35,7.6,400
NOIDATOLL,2003-12-18 00:00:00+05:30,7.6,7.65,7.25,7.3,1400
NOIDATOLL,2003-12-19 00:00:00+05:30,7.4,7.5,7.4,7.4,5400
NOIDATOLL,2003-12-22 00:00:00+05:30,7.4,7.4,7.3,7.3,4800
NOIDATOLL,2003-12-23 00:00:00+05:30,7.3,7.3,7.25,7.3,1246
NOIDATOLL,2003-12-24 00:00:00+05:30,7.2,8.4,7.2,8.4,23000
NOIDATOLL,2003-12-26 00:00:00+05:30,8.95,8.95,7.9,8.2,10415
NOIDATOLL,2003-12-29 00:00:00+05:30,8.4,8.7,8.0,8.7,3835
NOIDATOLL,2003-12-30 00:00:00+05:30,8.05,8.45,7.0,7.5,16398
NOIDATOLL,2003-12-31 00:00:00+05:30,7.5,7.65,7.5,7.5,7300
NOIDATOLL,2004-01-01 00:00:00+05:30,7.15,8.0,7.15,7.95,3750
NOIDATOLL,2004-01-02 00:00:00+05:30,8.0,8.1,7.75,8.0,7896
NOIDATOLL,2004-01-05 00:00:00+05:30,8.2,8.25,7.75,7.85,16750
NOIDATOLL,2004-01-06 00:00:00+05:30,7.3,7.75,7.3,7.75,1701
NOIDATOLL,2004-01-07 00:00:00+05:30,7.5,7.5,7.0,7.0,8200
NOIDATOLL,2004-01-08 00:00:00+05:30,7.0,7.3,6.9,7.2,15403
NOIDATOLL,2004-01-09 00:00:00+05:30,7.15,7.75,7.15,7.2,10400
NOIDATOLL,2004-01-12 00:00:00+05:30,7.65,8.65,7.4,8.65,95525
NOIDATOLL,2004-01-13 00:00:00+05:30,9.5,10.4,9.0,10.4,548474
NOIDATOLL,2004-01-14 00:00:00+05:30,11.2,12.5,11.1,11.9,513377
NOIDATOLL,2004-01-15 00:00:00+05:30,12.3,12.7,9.65,10.0,267644
NOIDATOLL,2004-01-16 00:00:00+05:30,10.0,10.9,9.1,9.15,176651
NOIDATOLL,2004-01-19 00:00:00+05:30,9.95,10.0,9.0,9.3,63958
NOIDATOLL,2004-01-20 00:00:00+05:30,9.95,10.2,9.6,9.65,73004
NOIDATOLL,2004-01-21 00:00:00+05:30,10.2,10.2,8.5,8.6,24208
NOIDATOLL,2004-01-22 00:00:00+05:30,8.5,8.9,8.0,8.2,32302
NOIDATOLL,2004-01-23 00:00:00+05:30,8.7,8.75,8.2,8.6,20112
NOIDATOLL,2004-01-27 00:00:00+05:30,8.7,9.25,8.7,8.9,14500
NOIDATOLL,2004-01-28 00:00:00+05:30,8.5,8.75,8.45,8.5,19575
NOIDATOLL,2004-01-29 00:00:00+05:30,8.1,8.8,8.1,8.25,10536
NOIDATOLL,2004-01-30 00:00:00+05:30,8.5,8.5,7.6,8.0,11070
NOIDATOLL,2004-02-03 00:00:00+05:30,7.9,8.0,7.5,7.5,12724
NOIDATOLL,2004-02-04 00:00:00+05:30,7.6,7.7,7.0,7.35,17871
NOIDATOLL,2004-02-05 00:00:00+05:30,7.5,7.9,7.15,7.55,17778
NOIDATOLL,2004-02-06 00:00:00+05:30,7.55,8.15,7.5,7.95,19249
NOIDATOLL,2004-02-09 00:00:00+05:30,8.2,8.2,7.75,7.9,15743
NOIDATOLL,2004-02-10 00:00:00+05:30,8.15,8.15,7.75,7.95,5262
NOIDATOLL,2004-02-11 00:00:00+05:30,8.15,8.15,7.65,7.8,16930
NOIDATOLL,2004-02-12 00:00:00+05:30,7.6,7.9,7.6,7.8,5000
NOIDATOLL,2004-02-13 00:00:00+05:30,7.8,7.8,7.5,7.7,9298
NOIDATOLL,2004-02-16 00:00:00+05:30,7.65,8.0,7.65,7.65,12550
NOIDATOLL,2004-02-17 00:00:00+05:30,8.0,8.1,7.7,8.0,20750
NOIDATOLL,2004-02-18 00:00:00+05:30,8.05,8.05,7.8,7.9,2075
NOIDATOLL,2004-02-19 00:00:00+05:30,8.4,8.5,7.75,7.85,18893
NOIDATOLL,2004-02-20 00:00:00+05:30,8.25,8.25,7.7,7.8,9405
NOIDATOLL,2004-02-23 00:00:00+05:30,7.9,8.0,7.55,7.6,8850
NOIDATOLL,2004-02-24 00:00:00+05:30,8.25,8.25,7.55,7.8,4950
NOIDATOLL,2004-02-25 00:00:00+05:30,7.0,7.85,7.0,7.55,10679
NOIDATOLL,2004-02-26 00:00:00+05:30,7.95,7.95,7.35,7.35,16850
NOIDATOLL,2004-02-27 00:00:00+05:30,6.5,7.4,6.5,7.25,9795
NOIDATOLL,2004-03-01 00:00:00+05:30,7.1,7.4,7.05,7.2,7450
NOIDATOLL,2004-03-03 00:00:00+05:30,7.5,7.5,7.2,7.5,4575
NOIDATOLL,2004-03-04 00:00:00+05:30,7.0,7.25,7.0,7.05,11259
NOIDATOLL,2004-03-05 00:00:00+05:30,7.1,7.4,7.1,7.35,5163
NOIDATOLL,2004-03-08 00:00:00+05:30,7.5,7.5,7.1,7.15,6580
NOIDATOLL,2004-03-09 00:00:00+05:30,7.3,7.55,7.05,7.25,3350
NOIDATOLL,2004-03-10 00:00:00+05:30,7.1,7.1,7.1,7.1,300
NOIDATOLL,2004-03-11 00:00:00+05:30,6.5,7.2,6.5,7.15,5000
NOIDATOLL,2004-03-12 00:00:00+05:30,6.7,7.15,6.5,6.65,12500
NOIDATOLL,2004-03-15 00:00:00+05:30,7.0,7.0,6.5,6.5,12500
NOIDATOLL,2004-03-16 00:00:00+05:30,6.5,6.6,6.5,6.6,1464
NOIDATOLL,2004-03-17 00:00:00+05:30,6.7,6.7,6.55,6.65,2900
NOIDATOLL,2004-03-18 00:00:00+05:30,6.65,6.65,6.6,6.65,3200
NOIDATOLL,2004-03-19 00:00:00+05:30,6.5,6.8,6.45,6.55,9950
NOIDATOLL,2004-03-22 00:00:00+05:30,6.8,7.1,6.45,6.45,11300
NOIDATOLL,2004-03-23 00:00:00+05:30,6.6,7.35,6.6,6.75,5921
NOIDATOLL,2004-03-24 00:00:00+05:30,7.05,7.25,6.8,6.8,3310
NOIDATOLL,2004-03-25 00:00:00+05:30,7.1,7.1,6.35,6.6,2700
NOIDATOLL,2004-03-26 00:00:00+05:30,6.75,7.15,6.4,7.05,5204
NOIDATOLL,2004-03-29 00:00:00+05:30,6.8,6.9,6.8,6.8,20200
NOIDATOLL,2004-03-30 00:00:00+05:30,6.8,6.85,6.8,6.85,595
NOIDATOLL,2004-03-31 00:00:00+05:30,7.15,7.35,6.9,6.9,1400
NOIDATOLL,2004-04-01 00:00:00+05:30,6.8,7.1,6.8,7.1,3600
NOIDATOLL,2004-04-02 00:00:00+05:30,7.05,7.55,7.05,7.4,12010
NOIDATOLL,2004-04-05 00:00:00+05:30,7.45,7.7,7.3,7.3,3400
NOIDATOLL,2004-04-06 00:00:00+05:30,7.15,7.65,7.15,7.4,2799
NOIDATOLL,2004-04-07 00:00:00+05:30,7.0,7.0,7.0,7.0,181
NOIDATOLL,2004-04-08 00:00:00+05:30,7.15,7.15,7.0,7.1,1700
NOIDATOLL,2004-04-12 00:00:00+05:30,7.25,7.25,6.6,6.95,15000
NOIDATOLL,2004-04-13 00:00:00+05:30,7.1,7.45,6.95,7.05,4684
NOIDATOLL,2004-04-15 00:00:00+05:30,7.0,7.25,6.9,7.0,10420
NOIDATOLL,2004-04-16 00:00:00+05:30,5.7,7.65,5.7,7.2,8974
NOIDATOLL,2004-04-19 00:00:00+05:30,7.15,7.75,7.15,7.65,13584
NOIDATOLL,2004-04-20 00:00:00+05:30,6.55,7.55,6.55,7.35,9304
NOIDATOLL,2004-04-21 00:00:00+05:30,7.2,7.8,7.2,7.55,6946
NOIDATOLL,2004-04-22 00:00:00+05:30,7.85,7.85,7.25,7.5,5602
NOIDATOLL,2004-04-23 00:00:00+05:30,8.4,9.0,7.85,8.0,16612
NOIDATOLL,2004-04-27 00:00:00+05:30,8.4,8.4,7.8,7.95,15212
NOIDATOLL,2004-04-28 00:00:00+05:30,8.0,8.25,7.75,8.1,5623
NOIDATOLL,2004-04-29 00:00:00+05:30,8.95,8.95,8.0,8.15,12103
NOIDATOLL,2004-04-30 00:00:00+05:30,8.05,8.1,7.75,7.95,5796
NOIDATOLL,2004-05-03 00:00:00+05:30,7.8,8.25,7.75,7.9,6462
NOIDATOLL,2004-05-04 00:00:00+05:30,7.9,8.25,7.8,7.8,4400
NOIDATOLL,2004-05-05 00:00:00+05:30,8.1,8.15,8.05,8.1,7000
NOIDATOLL,2004-05-06 00:00:00+05:30,8.15,8.15,7.95,8.0,4300
NOIDATOLL,2004-05-07 00:00:00+05:30,8.0,8.15,7.95,8.0,6740
NOIDATOLL,2004-05-10 00:00:00+05:30,8.0,8.85,7.75,8.35,25495
NOIDATOLL,2004-05-11 00:00:00+05:30,8.05,8.3,8.05,8.1,1250
NOIDATOLL,2004-05-12 00:00:00+05:30,8.0,8.2,7.8,8.1,8350
NOIDATOLL,2004-05-13 00:00:00+05:30,8.25,8.45,8.05,8.15,6537
NOIDATOLL,2004-05-14 00:00:00+05:30,7.6,8.25,7.0,7.15,17297
NOIDATOLL,2004-05-17 00:00:00+05:30,7.25,7.25,6.5,6.8,7707
NOIDATOLL,2004-05-18 00:00:00+05:30,7.0,7.35,6.8,7.25,4566
NOIDATOLL,2004-05-19 00:00:00+05:30,7.2,7.45,7.0,7.2,6702
NOIDATOLL,2004-05-20 00:00:00+05:30,7.7,7.7,7.2,7.3,2330
NOIDATOLL,2004-05-21 00:00:00+05:30,6.95,7.35,6.95,7.05,3103
NOIDATOLL,2004-06-23 00:00:00+05:30,7.0,7.0,6.45,6.45,2552
NOIDATOLL,2004-06-24 00:00:00+05:30,7.6,7.6,6.0,6.25,4926
NOIDATOLL,2004-06-25 00:00:00+05:30,7.15,7.15,6.7,6.7,604
NOIDATOLL,2004-06-28 00:00:00+05:30,6.75,6.85,6.75,6.8,1000
NOIDATOLL,2004-06-29 00:00:00+05:30,6.9,7.35,6.7,6.7,3500
NOIDATOLL,2004-06-30 00:00:00+05:30,6.9,6.95,6.9,6.95,800
NOIDATOLL,2004-07-01 00:00:00+05:30,6.85,7.0,6.65,6.75,4129
NOIDATOLL,2004-07-02 00:00:00+05:30,6.7,6.85,6.65,6.85,2040
NOIDATOLL,2004-07-05 00:00:00+05:30,6.85,6.9,6.7,6.9,1700
NOIDATOLL,2004-07-06 00:00:00+05:30,6.9,7.15,6.9,6.95,2000
NOIDATOLL,2004-07-07 00:00:00+05:30,7.05,7.05,6.75,6.8,4600
NOIDATOLL,2004-07-08 00:00:00+05:30,6.8,6.95,6.8,6.95,1900
NOIDATOLL,2004-07-09 00:00:00+05:30,6.65,6.85,6.65,6.8,6000
NOIDATOLL,2004-07-12 00:00:00+05:30,7.0,7.0,6.7,6.9,7325
NOIDATOLL,2004-07-13 00:00:00+05:30,6.8,6.8,6.7,6.75,3950
NOIDATOLL,2004-07-14 00:00:00+05:30,6.75,6.95,6.75,6.95,2400
NOIDATOLL,2004-07-15 00:00:00+05:30,6.8,6.95,6.8,6.8,4800
NOIDATOLL,2004-07-16 00:00:00+05:30,6.8,6.85,6.75,6.85,4600
NOIDATOLL,2004-07-19 00:00:00+05:30,6.8,6.8,6.65,6.75,23850
NOIDATOLL,2004-07-20 00:00:00+05:30,6.75,6.8,6.75,6.8,1200
NOIDATOLL,2004-07-21 00:00:00+05:30,6.7,7.0,6.7,7.0,7100
NOIDATOLL,2004-07-22 00:00:00+05:30,6.7,6.95,6.7,6.8,6100
NOIDATOLL,2004-07-23 00:00:00+05:30,6.75,7.0,6.75,7.0,6300
NOIDATOLL,2004-07-26 00:00:00+05:30,7.0,7.5,6.8,6.8,7550
NOIDATOLL,2004-07-27 00:00:00+05:30,6.9,6.9,6.8,6.8,6100
NOIDATOLL,2004-07-28 00:00:00+05:30,6.75,6.85,6.7,6.7,5600
NOIDATOLL,2004-07-29 00:00:00+05:30,6.7,6.95,6.65,6.95,1701
NOIDATOLL,2004-07-30 00:00:00+05:30,6.6,6.75,6.6,6.7,6300
NOIDATOLL,2004-08-02 00:00:00+05:30,6.7,6.7,6.5,6.5,23300
NOIDATOLL,2004-08-03 00:00:00+05:30,7.1,7.1,6.5,6.55,2101
NOIDATOLL,2004-08-04 00:00:00+05:30,7.1,7.1,6.4,6.55,4704
NOIDATOLL,2004-08-05 00:00:00+05:30,7.2,7.2,6.5,6.55,3921
NOIDATOLL,2004-08-06 00:00:00+05:30,6.5,6.75,6.5,6.6,4999
NOIDATOLL,2004-08-09 00:00:00+05:30,7.0,7.0,6.6,6.9,9188
NOIDATOLL,2004-08-10 00:00:00+05:30,6.85,6.85,6.75,6.85,1400
NOIDATOLL,2004-08-11 00:00:00+05:30,6.6,6.8,6.55,6.55,2301
NOIDATOLL,2004-08-12 00:00:00+05:30,7.6,7.65,6.75,6.75,7100
NOIDATOLL,2004-08-13 00:00:00+05:30,6.8,6.8,6.7,6.75,2450
NOIDATOLL,2004-08-16 00:00:00+05:30,6.8,6.8,6.7,6.75,2450
NOIDATOLL,2004-08-17 00:00:00+05:30,6.6,6.8,6.6,6.75,2600
NOIDATOLL,2004-08-18 00:00:00+05:30,7.4,7.4,6.5,6.5,2004
NOIDATOLL,2004-08-19 00:00:00+05:30,6.85,6.85,6.55,6.7,3350
NOIDATOLL,2004-08-20 00:00:00+05:30,6.65,6.65,6.65,6.65,4350
NOIDATOLL,2004-08-23 00:00:00+05:30,6.7,6.7,6.55,6.65,6972
NOIDATOLL,2004-08-24 00:00:00+05:30,6.8,6.8,6.55,6.6,3156
NOIDATOLL,2004-08-25 00:00:00+05:30,7.25,7.25,6.7,6.7,59
NOIDATOLL,2004-08-26 00:00:00+05:30,6.95,6.95,6.6,6.65,8093
NOIDATOLL,2004-08-27 00:00:00+05:30,6.65,7.1,6.65,6.95,9204
NOIDATOLL,2004-08-30 00:00:00+05:30,6.85,7.35,6.75,7.05,26710
NOIDATOLL,2004-08-31 00:00:00+05:30,6.95,7.35,6.95,7.3,20981
NOIDATOLL,2004-09-01 00:00:00+05:30,7.5,8.0,7.3,7.75,28491
NOIDATOLL,2004-09-02 00:00:00+05:30,7.5,8.3,7.3,7.7,23579
NOIDATOLL,2004-09-03 00:00:00+05:30,7.75,7.75,7.55,7.75,4747
NOIDATOLL,2004-09-06 00:00:00+05:30,8.9,8.9,7.6,7.65,5272
NOIDATOLL,2004-09-07 00:00:00+05:30,7.85,8.8,7.85,8.7,33050
NOIDATOLL,2004-09-08 00:00:00+05:30,8.6,9.45,8.25,8.9,69619
NOIDATOLL,2004-09-09 00:00:00+05:30,9.65,9.65,8.75,8.9,17155
NOIDATOLL,2004-09-10 00:00:00+05:30,8.5,9.0,8.25,8.65,9849
NOIDATOLL,2004-09-13 00:00:00+05:30,8.55,9.0,8.25,8.6,21270
NOIDATOLL,2004-09-14 00:00:00+05:30,8.35,9.5,8.1,8.4,3679
NOIDATOLL,2004-09-15 00:00:00+05:30,8.6,8.75,8.0,8.1,10260
NOIDATOLL,2004-09-16 00:00:00+05:30,8.05,8.6,8.05,8.45,17900
NOIDATOLL,2004-09-17 00:00:00+05:30,8.5,8.5,8.25,8.4,5600
NOIDATOLL,2004-09-20 00:00:00+05:30,8.1,8.6,8.1,8.5,6900
NOIDATOLL,2004-09-21 00:00:00+05:30,8.5,8.5,8.35,8.5,21112
NOIDATOLL,2004-09-22 00:00:00+05:30,8.45,8.45,8.2,8.2,4600
NOIDATOLL,2004-09-23 00:00:00+05:30,8.2,8.35,7.95,8.35,10900
NOIDATOLL,2004-09-24 00:00:00+05:30,7.85,8.45,7.85,8.35,4125
NOIDATOLL,2004-09-27 00:00:00+05:30,8.25,8.35,8.0,8.2,11839
NOIDATOLL,2004-09-28 00:00:00+05:30,8.05,8.2,8.05,8.1,10050
NOIDATOLL,2004-09-29 00:00:00+05:30,8.0,8.05,7.5,7.7,23556
NOIDATOLL,2004-09-30 00:00:00+05:30,8.1,8.25,7.75,8.15,12052
NOIDATOLL,2004-10-01 00:00:00+05:30,8.0,8.0,7.75,7.85,3900
NOIDATOLL,2004-10-04 00:00:00+05:30,8.25,8.3,8.0,8.05,3928
NOIDATOLL,2004-10-05 00:00:00+05:30,7.95,8.0,7.9,7.9,1972
NOIDATOLL,2004-10-06 00:00:00+05:30,8.05,8.1,7.95,7.95,4350
NOIDATOLL,2004-10-07 00:00:00+05:30,8.0,8.25,8.0,8.05,14111
NOIDATOLL,2004-10-08 00:00:00+05:30,8.05,8.3,8.0,8.0,14971
NOIDATOLL,2004-10-11 00:00:00+05:30,10.9,11.55,9.5,9.6,456721
NOIDATOLL,2004-10-12 00:00:00+05:30,10.0,10.05,8.85,9.0,68427
NOIDATOLL,2004-10-14 00:00:00+05:30,9.45,9.6,8.6,9.45,36634
NOIDATOLL,2004-10-15 00:00:00+05:30,9.05,9.7,9.05,9.25,19305
NOIDATOLL,2004-10-18 00:00:00+05:30,9.4,9.65,9.35,9.4,12343
NOIDATOLL,2004-10-19 00:00:00+05:30,9.25,9.65,9.15,9.4,12327
NOIDATOLL,2004-10-20 00:00:00+05:30,9.25,9.55,8.1,8.9,21399
NOIDATOLL,2004-10-21 00:00:00+05:30,8.5,9.45,8.5,8.75,10990
NOIDATOLL,2004-10-25 00:00:00+05:30,9.15,9.6,9.0,9.45,6359
NOIDATOLL,2004-10-26 00:00:00+05:30,8.3,9.6,8.3,9.1,5343
NOIDATOLL,2004-10-27 00:00:00+05:30,10.0,10.0,9.05,9.3,12270
NOIDATOLL,2004-10-28 00:00:00+05:30,9.3,9.9,9.1,9.55,20374
NOIDATOLL,2004-10-29 00:00:00+05:30,9.5,9.5,9.25,9.45,2395
NOIDATOLL,2004-11-01 00:00:00+05:30,9.2,9.45,9.2,9.4,1620
NOIDATOLL,2004-11-02 00:00:00+05:30,9.5,9.9,9.25,9.5,31861
NOIDATOLL,2004-11-03 00:00:00+05:30,9.55,10.0,9.5,9.95,26237
NOIDATOLL,2004-11-04 00:00:00+05:30,10.0,10.0,9.15,9.45,25845
NOIDATOLL,2004-11-05 00:00:00+05:30,9.4,9.85,9.3,9.5,10616
NOIDATOLL,2004-11-08 00:00:00+05:30,9.45,9.6,9.4,9.45,12950
NOIDATOLL,2004-11-09 00:00:00+05:30,10.8,10.8,9.25,9.4,15588
NOIDATOLL,2004-11-10 00:00:00+05:30,10.4,10.4,9.25,9.45,18353
NOIDATOLL,2004-11-11 00:00:00+05:30,9.35,10.05,9.35,9.85,27603
NOIDATOLL,2004-11-12 00:00:00+05:30,9.95,9.95,9.65,9.9,17028
NOIDATOLL,2004-11-16 00:00:00+05:30,10.0,10.7,9.7,10.15,228695
NOIDATOLL,2004-11-17 00:00:00+05:30,10.1,12.2,10.1,11.9,392020
NOIDATOLL,2004-11-18 00:00:00+05:30,12.8,14.25,12.25,13.75,479213
NOIDATOLL,2004-11-19 00:00:00+05:30,14.0,14.55,13.1,13.35,389151
NOIDATOLL,2004-11-22 00:00:00+05:30,14.0,14.0,12.55,13.65,75079
NOIDATOLL,2004-11-23 00:00:00+05:30,14.2,14.7,13.8,14.0,129489
NOIDATOLL,2004-11-24 00:00:00+05:30,14.25,14.8,13.6,13.9,87685
NOIDATOLL,2004-11-25 00:00:00+05:30,13.85,13.95,13.5,13.6,67620
NOIDATOLL,2004-11-29 00:00:00+05:30,13.6,13.8,13.0,13.1,35907
NOIDATOLL,2004-11-30 00:00:00+05:30,13.2,13.65,12.1,12.55,97800
NOIDATOLL,2004-12-01 00:00:00+05:30,12.3,12.6,11.5,11.95,39116
NOIDATOLL,2004-12-02 00:00:00+05:30,12.6,12.6,11.75,11.85,37323
NOIDATOLL,2004-12-03 00:00:00+05:30,11.7,12.0,11.5,11.75,36021
NOIDATOLL,2004-12-06 00:00:00+05:30,11.8,12.25,11.55,11.75,28236
NOIDATOLL,2004-12-07 00:00:00+05:30,11.9,12.15,11.75,11.9,14216
NOIDATOLL,2004-12-08 00:00:00+05:30,11.45,12.0,11.45,11.8,12151
NOIDATOLL,2004-12-09 00:00:00+05:30,11.3,12.1,11.3,11.95,18350
NOIDATOLL,2004-12-10 00:00:00+05:30,11.95,14.35,11.75,14.35,245631
NOIDATOLL,2004-12-13 00:00:00+05:30,14.95,16.75,14.8,14.9,271650
NOIDATOLL,2004-12-14 00:00:00+05:30,15.0,15.4,14.8,15.1,131983
NOIDATOLL,2004-12-15 00:00:00+05:30,15.4,15.4,14.0,14.4,83143
NOIDATOLL,2004-12-16 00:00:00+05:30,14.0,14.4,13.7,13.9,36940
NOIDATOLL,2004-12-17 00:00:00+05:30,14.05,14.3,13.65,13.7,48524
NOIDATOLL,2004-12-20 00:00:00+05:30,14.0,14.4,13.75,14.3,33405
NOIDATOLL,2004-12-21 00:00:00+05:30,14.4,15.0,14.1,14.45,32439
NOIDATOLL,2004-12-22 00:00:00+05:30,14.8,15.0,14.4,14.8,36960
NOIDATOLL,2004-12-23 00:00:00+05:30,14.2,15.0,14.2,14.75,25691
NOIDATOLL,2004-12-24 00:00:00+05:30,14.5,14.5,14.15,14.3,22993
NOIDATOLL,2004-12-27 00:00:00+05:30,14.15,14.7,13.75,14.15,30456
NOIDATOLL,2004-12-28 00:00:00+05:30,14.9,14.9,14.2,14.6,98688
NOIDATOLL,2004-12-29 00:00:00+05:30,15.25,15.25,14.05,14.25,33079
NOIDATOLL,2004-12-30 00:00:00+05:30,14.75,14.75,13.9,13.95,23337
NOIDATOLL,2004-12-31 00:00:00+05:30,14.35,14.45,14.0,14.25,22980
NOIDATOLL,2005-01-03 00:00:00+05:30,15.5,15.5,14.3,14.35,39469
NOIDATOLL,2005-01-04 00:00:00+05:30,14.75,14.95,14.15,14.15,39442
NOIDATOLL,2005-01-05 00:00:00+05:30,14.15,14.5,13.0,13.9,46426
NOIDATOLL,2005-01-06 00:00:00+05:30,13.0,13.6,13.0,13.05,37596
NOIDATOLL,2005-01-07 00:00:00+05:30,13.1,13.7,13.0,13.5,29371
NOIDATOLL,2005-01-10 00:00:00+05:30,13.5,16.2,13.5,16.05,387479
NOIDATOLL,2005-01-11 00:00:00+05:30,16.9,17.8,15.0,15.85,354775
NOIDATOLL,2005-01-12 00:00:00+05:30,18.25,18.25,15.3,15.6,291553
NOIDATOLL,2005-01-13 00:00:00+05:30,16.0,17.25,15.8,16.95,157584
NOIDATOLL,2005-01-14 00:00:00+05:30,17.25,17.5,16.6,16.85,104373
NOIDATOLL,2005-01-17 00:00:00+05:30,16.2,16.5,15.5,15.8,45786
NOIDATOLL,2005-01-18 00:00:00+05:30,15.9,16.8,15.5,15.85,79532
NOIDATOLL,2005-01-19 00:00:00+05:30,16.5,16.5,15.6,16.0,47438
NOIDATOLL,2005-01-20 00:00:00+05:30,16.0,16.0,14.9,15.2,59364
NOIDATOLL,2005-01-24 00:00:00+05:30,15.0,15.75,14.9,15.0,34380
NOIDATOLL,2005-01-25 00:00:00+05:30,13.7,15.7,13.7,15.2,23142
NOIDATOLL,2005-01-27 00:00:00+05:30,15.3,15.9,15.0,15.65,35990
NOIDATOLL,2005-01-28 00:00:00+05:30,15.2,16.3,15.2,15.8,30679
NOIDATOLL,2005-01-31 00:00:00+05:30,16.3,16.3,15.6,15.85,26217
NOIDATOLL,2005-02-01 00:00:00+05:30,15.6,16.2,15.25,16.05,37571
NOIDATOLL,2005-02-02 00:00:00+05:30,16.3,19.3,16.0,18.75,519423
NOIDATOLL,2005-02-03 00:00:00+05:30,19.5,21.1,18.9,19.45,555837
NOIDATOLL,2005-02-04 00:00:00+05:30,19.8,20.1,18.7,19.55,282257
NOIDATOLL,2005-02-07 00:00:00+05:30,19.95,20.0,19.0,19.2,132579
NOIDATOLL,2005-02-08 00:00:00+05:30,19.5,19.5,19.05,19.25,116729
NOIDATOLL,2005-02-09 00:00:00+05:30,19.6,19.9,19.15,19.25,167694
NOIDATOLL,2005-02-10 00:00:00+05:30,19.45,19.7,19.15,19.25,114359
NOIDATOLL,2005-02-11 00:00:00+05:30,19.5,21.75,19.15,20.85,345883
NOIDATOLL,2005-02-14 00:00:00+05:30,21.25,21.25,19.7,19.95,198669
NOIDATOLL,2005-02-15 00:00:00+05:30,20.0,20.4,19.25,19.4,129243
NOIDATOLL,2005-02-16 00:00:00+05:30,19.6,19.95,18.8,19.0,72200
NOIDATOLL,2005-02-17 00:00:00+05:30,18.3,21.25,18.25,20.3,484870
NOIDATOLL,2005-02-18 00:00:00+05:30,21.0,21.0,19.65,20.0,193056
NOIDATOLL,2005-02-21 00:00:00+05:30,20.75,21.5,19.85,20.05,130343
NOIDATOLL,2005-02-22 00:00:00+05:30,20.0,20.65,19.9,20.15,157960
NOIDATOLL,2005-02-23 00:00:00+05:30,20.0,20.6,19.85,20.15,101166
NOIDATOLL,2005-02-24 00:00:00+05:30,20.75,21.25,20.2,20.3,508288
NOIDATOLL,2005-02-25 00:00:00+05:30,20.7,20.8,19.85,20.0,197308
NOIDATOLL,2005-02-28 00:00:00+05:30,20.5,21.4,20.1,20.7,398249
NOIDATOLL,2005-03-01 00:00:00+05:30,21.0,21.1,20.0,20.15,91792
NOIDATOLL,2005-03-02 00:00:00+05:30,19.4,20.6,19.4,20.2,84566
NOIDATOLL,2005-03-03 00:00:00+05:30,20.1,20.75,20.1,20.55,129153
NOIDATOLL,2005-03-04 00:00:00+05:30,20.75,21.0,20.15,20.3,277441
NOIDATOLL,2005-03-07 00:00:00+05:30,20.5,20.8,20.35,20.45,157853
NOIDATOLL,2005-03-08 00:00:00+05:30,20.6,20.85,20.1,20.55,104064
NOIDATOLL,2005-03-09 00:00:00+05:30,20.7,21.1,19.8,19.95,111495
NOIDATOLL,2005-03-10 00:00:00+05:30,20.0,20.35,19.8,20.0,49263
NOIDATOLL,2005-03-11 00:00:00+05:30,20.25,20.4,19.45,19.6,49776
NOIDATOLL,2005-03-14 00:00:00+05:30,19.95,20.25,19.05,19.2,62386
NOIDATOLL,2005-03-15 00:00:00+05:30,19.4,19.6,18.6,18.8,61391
NOIDATOLL,2005-03-16 00:00:00+05:30,20.1,20.1,18.5,18.7,49821
NOIDATOLL,2005-03-17 00:00:00+05:30,19.0,19.0,18.3,18.45,58727
NOIDATOLL,2005-03-18 00:00:00+05:30,18.25,18.9,17.55,18.15,84582
NOIDATOLL,2005-03-21 00:00:00+05:30,18.5,18.9,17.8,18.1,28917
NOIDATOLL,2005-03-22 00:00:00+05:30,17.75,18.15,17.1,17.35,40119
NOIDATOLL,2005-03-23 00:00:00+05:30,17.4,18.45,16.55,16.95,34776
NOIDATOLL,2005-03-24 00:00:00+05:30,17.0,17.1,16.0,16.25,145038
NOIDATOLL,2005-03-28 00:00:00+05:30,16.7,17.0,16.5,16.85,50216
NOIDATOLL,2005-03-29 00:00:00+05:30,16.8,16.95,15.25,15.65,51588
NOIDATOLL,2005-03-30 00:00:00+05:30,15.75,16.65,15.75,16.25,27379
NOIDATOLL,2005-03-31 00:00:00+05:30,17.0,18.3,16.5,17.75,52745
NOIDATOLL,2005-04-01 00:00:00+05:30,17.9,18.75,17.9,18.45,36323
NOIDATOLL,2005-04-04 00:00:00+05:30,18.05,19.05,17.1,18.75,43343
NOIDATOLL,2005-04-05 00:00:00+05:30,18.75,19.0,17.55,18.05,26301
NOIDATOLL,2005-04-06 00:00:00+05:30,16.95,21.7,16.95,21.7,548222
NOIDATOLL,2005-04-07 00:00:00+05:30,22.7,23.25,20.2,20.4,711144
NOIDATOLL,2005-04-08 00:00:00+05:30,21.0,21.25,20.2,20.4,198791
NOIDATOLL,2005-04-11 00:00:00+05:30,21.0,21.0,18.8,19.6,151478
NOIDATOLL,2005-04-12 00:00:00+05:30,19.8,21.5,19.6,20.75,182659
NOIDATOLL,2005-04-13 00:00:00+05:30,20.6,21.2,18.9,19.75,156348
NOIDATOLL,2005-04-15 00:00:00+05:30,19.7,19.7,18.45,18.6,105246
NOIDATOLL,2005-04-18 00:00:00+05:30,18.5,19.8,18.0,19.3,83336
NOIDATOLL,2005-04-19 00:00:00+05:30,20.0,20.8,19.0,19.3,118045
NOIDATOLL,2005-04-20 00:00:00+05:30,19.25,19.95,18.8,19.1,61888
NOIDATOLL,2005-04-21 00:00:00+05:30,19.55,19.55,19.0,19.1,34677
NOIDATOLL,2005-04-22 00:00:00+05:30,19.0,19.5,18.9,19.2,52150
NOIDATOLL,2005-04-25 00:00:00+05:30,19.25,19.5,19.0,19.1,32452
NOIDATOLL,2005-04-26 00:00:00+05:30,19.0,19.4,19.0,19.1,16706
NOIDATOLL,2005-04-27 00:00:00+05:30,19.25,19.25,18.5,19.05,24611
NOIDATOLL,2005-04-28 00:00:00+05:30,18.95,19.3,18.7,18.9,32736
NOIDATOLL,2005-04-29 00:00:00+05:30,18.7,18.9,17.95,18.1,50736
NOIDATOLL,2005-05-02 00:00:00+05:30,19.15,19.15,17.7,17.9,28874
NOIDATOLL,2005-05-03 00:00:00+05:30,18.45,18.45,17.4,18.0,11441
NOIDATOLL,2005-05-04 00:00:00+05:30,18.0,18.15,17.9,18.05,15212
NOIDATOLL,2005-05-05 00:00:00+05:30,17.8,18.6,17.35,18.05,23043
NOIDATOLL,2005-05-06 00:00:00+05:30,18.0,18.4,17.9,18.0,25302
NOIDATOLL,2005-05-09 00:00:00+05:30,17.1,19.0,17.1,18.15,21860
NOIDATOLL,2005-05-10 00:00:00+05:30,18.3,18.65,17.7,17.85,68767
NOIDATOLL,2005-05-11 00:00:00+05:30,18.55,18.55,17.65,17.75,41342
NOIDATOLL,2005-05-12 00:00:00+05:30,17.5,18.8,17.5,18.6,55198
NOIDATOLL,2005-05-13 00:00:00+05:30,18.05,22.2,18.05,21.0,926951
NOIDATOLL,2005-05-16 00:00:00+05:30,21.4,22.9,21.4,21.8,521915
NOIDATOLL,2005-05-17 00:00:00+05:30,22.5,22.75,21.25,21.75,326298
NOIDATOLL,2005-05-18 00:00:00+05:30,21.2,22.5,21.1,22.15,205578
NOIDATOLL,2005-05-19 00:00:00+05:30,22.3,26.6,22.3,26.55,2018664
NOIDATOLL,2005-05-20 00:00:00+05:30,27.1,31.3,26.05,29.75,4777085
NOIDATOLL,2005-05-23 00:00:00+05:30,30.0,32.4,28.5,31.4,2561806
NOIDATOLL,2005-05-24 00:00:00+05:30,31.85,32.25,29.1,29.45,1071531
NOIDATOLL,2005-05-25 00:00:00+05:30,29.25,29.5,27.25,27.6,396164
NOIDATOLL,2005-05-26 00:00:00+05:30,26.5,28.35,25.65,26.1,526577
NOIDATOLL,2005-05-27 00:00:00+05:30,25.8,26.8,25.7,26.1,235519
NOIDATOLL,2005-05-30 00:00:00+05:30,26.6,27.8,25.25,25.9,886641
NOIDATOLL,2005-05-31 00:00:00+05:30,25.7,26.75,25.3,26.0,575491
NOIDATOLL,2005-06-01 00:00:00+05:30,26.7,26.9,25.55,25.8,179628
NOIDATOLL,2005-06-02 00:00:00+05:30,25.7,26.4,25.5,25.85,185199
NOIDATOLL,2005-06-03 00:00:00+05:30,26.45,26.45,23.45,25.55,140487
NOIDATOLL,2005-06-06 00:00:00+05:30,26.0,26.9,25.8,25.95,356499
NOIDATOLL,2005-06-07 00:00:00+05:30,26.0,26.5,25.8,26.0,322371
NOIDATOLL,2005-06-08 00:00:00+05:30,26.3,26.45,25.5,25.75,115225
NOIDATOLL,2005-06-09 00:00:00+05:30,25.9,26.2,25.5,25.6,98455
NOIDATOLL,2005-06-10 00:00:00+05:30,25.75,25.95,24.8,24.95,107336
NOIDATOLL,2005-06-13 00:00:00+05:30,25.05,25.05,24.1,24.6,82346
NOIDATOLL,2005-06-14 00:00:00+05:30,24.6,26.9,23.0,25.5,509591
NOIDATOLL,2005-06-15 00:00:00+05:30,25.5,26.35,25.5,25.9,209416
NOIDATOLL,2005-06-16 00:00:00+05:30,26.0,27.8,25.65,25.95,803470
NOIDATOLL,2005-06-17 00:00:00+05:30,26.0,26.55,24.4,24.8,212592
NOIDATOLL,2005-06-20 00:00:00+05:30,25.05,25.75,23.0,24.1,135112
NOIDATOLL,2005-06-21 00:00:00+05:30,24.5,24.5,23.3,23.65,107417
NOIDATOLL,2005-06-22 00:00:00+05:30,24.0,25.75,23.75,24.3,250929
NOIDATOLL,2005-06-23 00:00:00+05:30,24.4,25.25,24.05,24.3,114352
NOIDATOLL,2005-06-24 00:00:00+05:30,23.2,25.45,23.2,24.75,124246
NOIDATOLL,2005-06-27 00:00:00+05:30,25.4,25.4,24.2,24.5,96878
NOIDATOLL,2005-06-28 00:00:00+05:30,24.95,24.95,23.45,23.6,67732
NOIDATOLL,2005-06-29 00:00:00+05:30,23.75,24.2,22.4,22.6,239101
NOIDATOLL,2005-06-30 00:00:00+05:30,23.0,23.4,22.3,22.5,173086
NOIDATOLL,2005-07-01 00:00:00+05:30,23.0,23.0,22.15,22.5,79591
NOIDATOLL,2005-07-04 00:00:00+05:30,23.0,24.1,22.4,22.6,416292
NOIDATOLL,2005-07-05 00:00:00+05:30,23.55,24.9,23.5,24.7,1614840
NOIDATOLL,2005-07-06 00:00:00+05:30,25.0,25.85,24.35,24.55,759412
NOIDATOLL,2005-07-07 00:00:00+05:30,24.9,25.0,23.55,23.9,213353
NOIDATOLL,2005-07-08 00:00:00+05:30,24.3,24.9,24.0,24.55,215384
NOIDATOLL,2005-07-11 00:00:00+05:30,25.0,25.1,24.5,24.6,139371
NOIDATOLL,2005-07-12 00:00:00+05:30,25.0,25.0,24.05,24.65,119652
NOIDATOLL,2005-07-13 00:00:00+05:30,24.9,24.95,24.05,24.2,70551
NOIDATOLL,2005-07-14 00:00:00+05:30,24.25,24.5,23.8,24.0,78495
NOIDATOLL,2005-07-15 00:00:00+05:30,24.35,25.35,24.1,24.9,293341
NOIDATOLL,2005-07-18 00:00:00+05:30,25.0,25.35,24.75,24.9,163764
NOIDATOLL,2005-07-19 00:00:00+05:30,24.3,25.25,24.15,25.0,186547
NOIDATOLL,2005-07-20 00:00:00+05:30,25.3,25.5,24.7,24.85,497625
NOIDATOLL,2005-07-21 00:00:00+05:30,25.2,26.7,24.7,25.0,611965
NOIDATOLL,2005-07-22 00:00:00+05:30,24.6,25.4,24.5,24.95,329949
NOIDATOLL,2005-07-25 00:00:00+05:30,25.4,25.4,24.8,24.9,224012
NOIDATOLL,2005-07-26 00:00:00+05:30,25.2,27.4,24.85,27.4,1944973
NOIDATOLL,2005-07-27 00:00:00+05:30,28.0,28.4,26.65,27.05,1033703
NOIDATOLL,2005-07-29 00:00:00+05:30,27.5,27.5,25.5,25.95,360382
NOIDATOLL,2005-08-01 00:00:00+05:30,25.85,25.85,24.8,25.0,322508
NOIDATOLL,2005-08-02 00:00:00+05:30,25.95,26.6,24.85,24.95,460699
NOIDATOLL,2005-08-03 00:00:00+05:30,25.2,25.4,24.6,24.75,271106
NOIDATOLL,2005-08-04 00:00:00+05:30,24.95,25.35,24.65,24.95,297935
NOIDATOLL,2005-08-05 00:00:00+05:30,24.1,25.3,24.1,24.95,191592
NOIDATOLL,2005-08-08 00:00:00+05:30,24.95,25.5,24.1,24.3,284351
NOIDATOLL,2005-08-09 00:00:00+05:30,25.0,25.0,23.5,24.0,225931
NOIDATOLL,2005-08-10 00:00:00+05:30,24.9,24.95,24.35,24.8,204418
NOIDATOLL,2005-08-11 00:00:00+05:30,25.25,25.5,24.5,24.85,373167
NOIDATOLL,2005-08-12 00:00:00+05:30,27.2,27.2,24.75,24.9,281204
NOIDATOLL,2005-08-16 00:00:00+05:30,25.3,25.3,24.7,24.85,274918
NOIDATOLL,2005-08-17 00:00:00+05:30,24.9,25.3,24.75,24.9,372107
NOIDATOLL,2005-08-18 00:00:00+05:30,25.3,27.4,24.8,27.4,2790302
NOIDATOLL,2005-08-19 00:00:00+05:30,29.65,30.15,27.7,29.35,4402403
NOIDATOLL,2005-08-22 00:00:00+05:30,30.0,30.2,28.0,28.5,1700772
NOIDATOLL,2005-08-23 00:00:00+05:30,28.85,28.85,26.2,26.55,708572
NOIDATOLL,2005-08-24 00:00:00+05:30,26.7,26.7,25.65,25.95,462964
NOIDATOLL,2005-08-25 00:00:00+05:30,26.75,27.9,26.1,27.45,544605
NOIDATOLL,2005-08-26 00:00:00+05:30,28.1,28.7,27.5,28.45,725445
NOIDATOLL,2005-08-29 00:00:00+05:30,29.0,30.7,28.0,29.25,1189204
NOIDATOLL,2005-08-30 00:00:00+05:30,29.85,30.7,29.4,29.9,1633747
NOIDATOLL,2005-08-31 00:00:00+05:30,30.2,32.9,30.1,32.9,2854861
NOIDATOLL,2005-09-01 00:00:00+05:30,34.55,34.55,33.8,34.55,893380
NOIDATOLL,2005-09-02 00:00:00+05:30,35.5,36.3,32.85,33.4,2256842
NOIDATOLL,2005-09-05 00:00:00+05:30,34.0,34.25,32.2,32.45,828119
NOIDATOLL,2005-09-06 00:00:00+05:30,32.0,33.65,31.55,31.95,468042
NOIDATOLL,2005-09-08 00:00:00+05:30,32.45,32.7,31.5,31.85,434177
NOIDATOLL,2005-09-09 00:00:00+05:30,31.7,31.95,30.3,30.45,367698
NOIDATOLL,2005-09-12 00:00:00+05:30,31.0,31.45,30.3,30.9,355973
NOIDATOLL,2005-09-13 00:00:00+05:30,31.0,32.0,30.55,30.7,698307
NOIDATOLL,2005-09-14 00:00:00+05:30,30.7,31.25,29.8,29.95,484309
NOIDATOLL,2005-09-15 00:00:00+05:30,30.2,31.2,30.05,30.6,403730
NOIDATOLL,2005-09-16 00:00:00+05:30,30.85,32.15,30.45,32.15,1082230
NOIDATOLL,2005-09-19 00:00:00+05:30,33.0,33.8,33.0,33.8,1491691
NOIDATOLL,2005-09-20 00:00:00+05:30,35.5,35.5,34.05,35.5,2963917
NOIDATOLL,2005-09-21 00:00:00+05:30,37.0,37.25,33.75,34.3,1366203
NOIDATOLL,2005-09-22 00:00:00+05:30,35.0,35.0,32.6,32.6,767682
NOIDATOLL,2005-09-23 00:00:00+05:30,32.6,33.0,31.0,31.05,436098
NOIDATOLL,2005-09-26 00:00:00+05:30,31.15,31.95,30.75,31.05,402825
NOIDATOLL,2005-09-27 00:00:00+05:30,31.25,32.6,30.8,31.05,852119
NOIDATOLL,2005-09-28 00:00:00+05:30,31.9,32.6,31.9,32.6,1041805
NOIDATOLL,2005-09-29 00:00:00+05:30,34.25,34.25,32.75,33.05,2432152
NOIDATOLL,2005-09-30 00:00:00+05:30,33.05,33.05,31.4,31.5,543653
NOIDATOLL,2005-10-03 00:00:00+05:30,31.05,33.1,31.0,33.1,1029539
NOIDATOLL,2005-10-04 00:00:00+05:30,33.9,34.8,33.9,34.8,437093
NOIDATOLL,2005-10-05 00:00:00+05:30,36.5,36.55,34.8,36.55,3566166
NOIDATOLL,2005-10-06 00:00:00+05:30,38.0,38.3,35.5,37.2,3440704
NOIDATOLL,2005-10-07 00:00:00+05:30,37.95,38.6,36.45,37.0,1678088
NOIDATOLL,2005-10-10 00:00:00+05:30,37.4,37.5,34.9,35.1,750145
NOIDATOLL,2005-10-11 00:00:00+05:30,35.9,36.1,33.35,35.65,1141388
NOIDATOLL,2005-10-13 00:00:00+05:30,36.0,36.0,33.2,34.05,1557748
NOIDATOLL,2005-10-14 00:00:00+05:30,34.5,35.95,33.2,34.8,1271251
NOIDATOLL,2005-10-17 00:00:00+05:30,35.0,36.5,34.5,35.7,1517706
NOIDATOLL,2005-10-18 00:00:00+05:30,35.75,37.25,34.15,34.8,2379093
NOIDATOLL,2005-10-19 00:00:00+05:30,34.25,34.85,31.5,32.2,1945355
NOIDATOLL,2005-10-20 00:00:00+05:30,33.8,33.8,29.8,30.6,1295498
NOIDATOLL,2005-10-21 00:00:00+05:30,30.5,31.0,28.0,30.55,847346
NOIDATOLL,2005-10-24 00:00:00+05:30,32.0,32.0,30.05,31.0,358765
NOIDATOLL,2005-10-25 00:00:00+05:30,31.65,31.65,30.0,30.3,350560
NOIDATOLL,2005-10-26 00:00:00+05:30,30.55,30.55,29.1,29.4,239176
NOIDATOLL,2005-10-27 00:00:00+05:30,29.5,29.95,28.25,29.4,288039
NOIDATOLL,2005-10-28 00:00:00+05:30,28.1,30.55,28.1,30.15,396145
NOIDATOLL,2005-10-31 00:00:00+05:30,30.9,30.9,29.5,30.65,206971
NOIDATOLL,2005-11-01 00:00:00+05:30,31.0,31.45,30.65,30.75,82768
NOIDATOLL,2005-11-02 00:00:00+05:30,30.3,30.9,30.0,30.3,104166
NOIDATOLL,2005-11-07 00:00:00+05:30,30.25,31.7,29.8,30.9,240392
NOIDATOLL,2005-11-08 00:00:00+05:30,31.25,31.5,30.45,30.6,332273
NOIDATOLL,2005-11-09 00:00:00+05:30,30.95,32.1,30.15,30.35,450338
NOIDATOLL,2005-11-10 00:00:00+05:30,30.6,31.0,30.0,30.45,183750
NOIDATOLL,2005-11-11 00:00:00+05:30,30.8,31.05,30.55,30.9,246845
NOIDATOLL,2005-11-14 00:00:00+05:30,31.0,31.5,30.4,30.6,197380
NOIDATOLL,2005-11-16 00:00:00+05:30,33.4,33.7,30.1,33.45,1721219
NOIDATOLL,2005-11-17 00:00:00+05:30,34.0,34.9,32.3,33.55,1642004
NOIDATOLL,2005-11-18 00:00:00+05:30,33.85,34.3,33.55,33.7,816855
NOIDATOLL,2005-11-21 00:00:00+05:30,33.85,33.85,32.8,33.1,518319
NOIDATOLL,2005-11-22 00:00:00+05:30,32.7,33.3,32.7,33.0,197401
NOIDATOLL,2005-11-23 00:00:00+05:30,32.0,33.35,32.0,33.0,343559
NOIDATOLL,2005-11-24 00:00:00+05:30,33.35,35.05,32.95,34.5,830117
NOIDATOLL,2005-11-25 00:00:00+05:30,34.5,35.15,33.55,33.95,899734
NOIDATOLL,2005-11-28 00:00:00+05:30,33.45,35.4,33.4,35.0,730543
NOIDATOLL,2005-11-29 00:00:00+05:30,34.55,36.2,33.95,34.35,644724
NOIDATOLL,2005-11-30 00:00:00+05:30,34.5,34.95,33.85,34.0,254550
NOIDATOLL,2005-12-01 00:00:00+05:30,33.3,34.3,33.1,33.5,147183
NOIDATOLL,2005-12-02 00:00:00+05:30,33.9,35.0,33.0,33.35,1823630
NOIDATOLL,2005-12-05 00:00:00+05:30,33.6,34.15,33.0,33.2,240867
NOIDATOLL,2005-12-06 00:00:00+05:30,33.45,34.35,32.9,33.05,2113749
NOIDATOLL,2005-12-07 00:00:00+05:30,33.7,34.1,32.9,33.65,1321201
NOIDATOLL,2005-12-08 00:00:00+05:30,34.5,34.5,33.35,33.5,650789
NOIDATOLL,2005-12-09 00:00:00+05:30,33.8,33.8,33.0,33.1,403782
NOIDATOLL,2005-12-12 00:00:00+05:30,33.3,36.45,33.25,36.45,1791927
NOIDATOLL,2005-12-13 00:00:00+05:30,37.2,37.75,35.1,35.45,1940972
NOIDATOLL,2005-12-14 00:00:00+05:30,35.0,35.85,34.15,34.85,575475
NOIDATOLL,2005-12-15 00:00:00+05:30,35.0,36.3,34.35,34.7,887908
NOIDATOLL,2005-12-16 00:00:00+05:30,35.25,35.45,34.45,34.6,380741
NOIDATOLL,2005-12-19 00:00:00+05:30,34.5,35.35,33.75,33.95,308017
NOIDATOLL,2005-12-20 00:00:00+05:30,34.3,34.4,33.5,33.85,222830
NOIDATOLL,2005-12-21 00:00:00+05:30,34.25,36.45,34.25,35.65,1525639
NOIDATOLL,2005-12-22 00:00:00+05:30,35.95,36.4,34.6,34.9,386126
NOIDATOLL,2005-12-23 00:00:00+05:30,35.0,35.2,33.7,33.9,396374
NOIDATOLL,2005-12-26 00:00:00+05:30,34.2,34.5,33.0,33.15,339639
NOIDATOLL,2005-12-27 00:00:00+05:30,33.65,33.95,33.0,33.65,155407
NOIDATOLL,2005-12-28 00:00:00+05:30,33.9,34.5,33.7,34.1,231628
NOIDATOLL,2005-12-29 00:00:00+05:30,34.05,34.8,34.05,34.4,255904
NOIDATOLL,2005-12-30 00:00:00+05:30,34.95,36.35,34.7,35.05,1474213
NOIDATOLL,2006-01-02 00:00:00+05:30,34.55,35.55,34.55,34.9,385942
NOIDATOLL,2006-01-03 00:00:00+05:30,34.6,35.7,34.6,35.05,354528
NOIDATOLL,2006-01-04 00:00:00+05:30,36.05,38.0,35.85,36.25,1509799
NOIDATOLL,2006-01-05 00:00:00+05:30,36.6,36.75,33.0,36.0,821578
NOIDATOLL,2006-01-06 00:00:00+05:30,35.75,36.3,35.5,36.0,358379
NOIDATOLL,2006-01-09 00:00:00+05:30,36.3,36.7,35.7,35.9,411815
NOIDATOLL,2006-01-10 00:00:00+05:30,36.15,36.25,35.25,35.4,313033
NOIDATOLL,2006-01-12 00:00:00+05:30,35.7,36.3,34.1,34.3,828573
NOIDATOLL,2006-01-13 00:00:00+05:30,34.6,35.5,33.55,33.65,364067
NOIDATOLL,2006-01-16 00:00:00+05:30,33.75,34.0,33.1,33.2,238703
NOIDATOLL,2006-01-17 00:00:00+05:30,33.3,33.7,32.85,33.0,227292
NOIDATOLL,2006-01-18 00:00:00+05:30,33.0,33.95,32.1,32.4,258863
NOIDATOLL,2006-01-19 00:00:00+05:30,32.8,34.2,32.4,33.8,335073
NOIDATOLL,2006-01-20 00:00:00+05:30,34.15,34.35,33.1,33.45,232086
NOIDATOLL,2006-01-23 00:00:00+05:30,32.0,34.1,32.0,32.85,152969
NOIDATOLL,2006-01-24 00:00:00+05:30,33.7,33.7,32.5,32.55,201584
NOIDATOLL,2006-01-25 00:00:00+05:30,33.5,33.5,31.7,31.9,193734
NOIDATOLL,2006-01-27 00:00:00+05:30,32.1,32.5,31.2,31.35,197999
NOIDATOLL,2006-01-30 00:00:00+05:30,31.65,31.9,29.8,30.05,345318
NOIDATOLL,2006-01-31 00:00:00+05:30,30.5,30.5,29.8,30.15,144887
NOIDATOLL,2006-02-01 00:00:00+05:30,30.0,31.25,28.75,29.6,906111
NOIDATOLL,2006-02-02 00:00:00+05:30,30.75,30.75,29.1,29.45,163387
NOIDATOLL,2006-02-03 00:00:00+05:30,29.85,30.5,29.1,30.3,213956
NOIDATOLL,2006-02-06 00:00:00+05:30,29.9,31.5,29.9,30.85,200809
NOIDATOLL,2006-02-07 00:00:00+05:30,30.85,30.85,30.0,30.05,127772
NOIDATOLL,2006-02-08 00:00:00+05:30,30.0,30.5,29.9,30.1,102046
NOIDATOLL,2006-02-10 00:00:00+05:30,30.3,33.15,30.05,33.15,709413
NOIDATOLL,2006-02-13 00:00:00+05:30,36.3,36.3,32.8,33.1,891015
NOIDATOLL,2006-02-14 00:00:00+05:30,33.3,33.45,32.1,32.35,219326
NOIDATOLL,2006-02-15 00:00:00+05:30,32.65,32.95,31.7,32.45,189385
NOIDATOLL,2006-02-16 00:00:00+05:30,32.45,36.1,32.45,34.6,1105773
NOIDATOLL,2006-02-17 00:00:00+05:30,32.5,35.6,32.5,33.4,626323
NOIDATOLL,2006-02-20 00:00:00+05:30,33.5,33.65,32.55,33.15,236754
NOIDATOLL,2006-02-21 00:00:00+05:30,34.0,36.4,33.6,34.8,1983002
NOIDATOLL,2006-02-22 00:00:00+05:30,35.0,37.2,35.0,36.6,1902319
NOIDATOLL,2006-02-23 00:00:00+05:30,37.0,37.8,35.4,35.75,926434
NOIDATOLL,2006-02-24 00:00:00+05:30,35.5,35.5,34.1,34.55,243720
NOIDATOLL,2006-02-27 00:00:00+05:30,34.95,35.35,33.65,34.25,294924
NOIDATOLL,2006-02-28 00:00:00+05:30,34.75,35.4,33.7,33.85,296390
NOIDATOLL,2006-03-01 00:00:00+05:30,34.2,34.4,33.55,33.75,158354
NOIDATOLL,2006-03-02 00:00:00+05:30,33.9,34.2,33.55,34.0,188556
NOIDATOLL,2006-03-03 00:00:00+05:30,34.2,35.35,33.85,34.05,269373
NOIDATOLL,2006-03-06 00:00:00+05:30,34.05,34.9,33.5,33.6,197980
NOIDATOLL,2006-03-07 00:00:00+05:30,34.0,34.2,33.35,33.55,238645
NOIDATOLL,2006-03-08 00:00:00+05:30,33.5,35.1,33.5,33.95,460522
NOIDATOLL,2006-03-09 00:00:00+05:30,33.5,34.55,33.5,34.25,435109
NOIDATOLL,2006-03-10 00:00:00+05:30,34.25,34.9,34.0,34.55,326466
NOIDATOLL,2006-03-13 00:00:00+05:30,34.95,34.95,34.15,34.7,409380
NOIDATOLL,2006-03-14 00:00:00+05:30,34.8,35.9,34.6,35.35,544137
NOIDATOLL,2006-03-16 00:00:00+05:30,35.35,36.25,34.7,35.05,781103
NOIDATOLL,2006-03-17 00:00:00+05:30,35.1,35.4,34.1,34.7,603259
NOIDATOLL,2006-03-20 00:00:00+05:30,36.8,37.0,35.3,35.85,784341
NOIDATOLL,2006-03-21 00:00:00+05:30,36.9,37.45,36.0,36.3,1042944
NOIDATOLL,2006-03-22 00:00:00+05:30,36.8,43.6,36.4,42.9,7195632
NOIDATOLL,2006-03-23 00:00:00+05:30,43.0,45.4,39.3,40.15,4380485
NOIDATOLL,2006-03-24 00:00:00+05:30,41.0,43.9,40.55,41.05,1934647
NOIDATOLL,2006-03-27 00:00:00+05:30,41.05,41.75,39.25,39.4,775958
NOIDATOLL,2006-03-28 00:00:00+05:30,39.9,39.9,37.45,37.9,626357
NOIDATOLL,2006-03-29 00:00:00+05:30,38.25,43.5,37.0,41.6,1863257
NOIDATOLL,2006-03-30 00:00:00+05:30,42.0,42.0,40.15,40.9,515085
NOIDATOLL,2006-03-31 00:00:00+05:30,40.25,42.4,40.05,40.9,738762
NOIDATOLL,2006-04-03 00:00:00+05:30,41.3,43.5,41.3,42.5,985187
NOIDATOLL,2006-04-04 00:00:00+05:30,42.9,43.0,41.15,41.55,451068
NOIDATOLL,2006-04-05 00:00:00+05:30,41.55,43.65,41.5,43.2,787701
NOIDATOLL,2006-04-07 00:00:00+05:30,43.2,44.75,41.15,41.85,1247649
NOIDATOLL,2006-04-10 00:00:00+05:30,43.1,43.1,41.6,41.9,319562
NOIDATOLL,2006-04-12 00:00:00+05:30,42.0,42.3,39.35,39.7,510034
NOIDATOLL,2006-04-13 00:00:00+05:30,38.05,40.9,37.5,38.1,546802
NOIDATOLL,2006-04-17 00:00:00+05:30,38.55,40.5,38.55,39.65,235365
NOIDATOLL,2006-04-18 00:00:00+05:30,40.15,47.6,40.15,47.05,3894558
NOIDATOLL,2006-04-19 00:00:00+05:30,49.0,49.5,43.6,44.25,2640327
NOIDATOLL,2006-04-20 00:00:00+05:30,44.85,48.9,43.1,45.55,3708388
NOIDATOLL,2006-04-21 00:00:00+05:30,45.25,49.4,44.15,47.95,3368054
NOIDATOLL,2006-04-24 00:00:00+05:30,48.1,56.7,46.5,54.75,6521651
NOIDATOLL,2006-04-25 00:00:00+05:30,54.85,63.9,53.3,58.9,9791265
NOIDATOLL,2006-04-26 00:00:00+05:30,59.25,64.3,58.6,59.35,4435402
NOIDATOLL,2006-04-27 00:00:00+05:30,60.05,61.9,55.0,57.25,2938094
NOIDATOLL,2006-04-28 00:00:00+05:30,56.0,60.8,46.25,58.3,3316904
NOIDATOLL,2006-05-02 00:00:00+05:30,63.0,64.8,61.0,61.45,2222596
NOIDATOLL,2006-05-03 00:00:00+05:30,62.15,62.85,59.35,59.7,972052
NOIDATOLL,2006-05-04 00:00:00+05:30,60.55,62.8,59.25,60.0,1233893
NOIDATOLL,2006-05-05 00:00:00+05:30,60.65,61.4,57.9,58.3,895121
NOIDATOLL,2006-05-08 00:00:00+05:30,59.0,60.3,57.4,57.65,598848
NOIDATOLL,2006-05-09 00:00:00+05:30,58.5,61.9,57.0,59.7,1764177
NOIDATOLL,2006-05-10 00:00:00+05:30,60.85,61.4,58.6,59.35,818918
NOIDATOLL,2006-05-11 00:00:00+05:30,59.8,59.8,56.55,57.0,504317
NOIDATOLL,2006-05-12 00:00:00+05:30,57.0,59.0,55.2,56.05,653582
NOIDATOLL,2006-05-15 00:00:00+05:30,56.0,58.0,53.65,54.45,819976
NOIDATOLL,2006-05-16 00:00:00+05:30,55.05,55.85,50.0,52.05,923800
NOIDATOLL,2006-05-17 00:00:00+05:30,53.0,57.3,52.7,57.3,877249
NOIDATOLL,2006-05-18 00:00:00+05:30,57.05,57.9,51.6,51.75,791872
NOIDATOLL,2006-05-19 00:00:00+05:30,53.0,55.6,48.0,49.05,864040
NOIDATOLL,2006-05-22 00:00:00+05:30,50.75,51.0,44.15,45.15,910435
NOIDATOLL,2006-05-23 00:00:00+05:30,45.05,46.0,40.8,43.35,1271242
NOIDATOLL,2006-05-24 00:00:00+05:30,44.95,47.7,44.9,46.65,902663
NOIDATOLL,2006-05-25 00:00:00+05:30,47.0,49.7,43.0,47.4,860719
NOIDATOLL,2006-05-26 00:00:00+05:30,48.8,50.65,47.5,48.5,521950
NOIDATOLL,2006-05-29 00:00:00+05:30,51.0,53.3,48.6,48.9,462576
NOIDATOLL,2006-05-30 00:00:00+05:30,49.05,51.5,48.0,48.8,612896
NOIDATOLL,2006-05-31 00:00:00+05:30,47.5,48.0,44.5,44.95,633593
NOIDATOLL,2006-06-01 00:00:00+05:30,45.9,47.0,42.0,42.7,466624
NOIDATOLL,2006-06-02 00:00:00+05:30,42.9,44.0,40.0,41.15,607458
NOIDATOLL,2006-06-05 00:00:00+05:30,42.4,43.0,40.55,40.85,334529
NOIDATOLL,2006-06-06 00:00:00+05:30,39.0,42.45,37.7,40.3,468379
NOIDATOLL,2006-06-07 00:00:00+05:30,38.5,40.85,38.15,38.9,557065
NOIDATOLL,2006-06-08 00:00:00+05:30,37.0,38.5,35.05,35.25,455416
NOIDATOLL,2006-06-09 00:00:00+05:30,33.6,38.8,33.6,38.8,343412
NOIDATOLL,2006-06-12 00:00:00+05:30,39.7,41.0,37.1,37.75,359959
NOIDATOLL,2006-06-13 00:00:00+05:30,35.0,36.7,34.0,34.65,497253
NOIDATOLL,2006-06-14 00:00:00+05:30,37.0,37.0,33.6,34.35,235366
NOIDATOLL,2006-06-15 00:00:00+05:30,35.0,36.75,34.95,36.1,176624
NOIDATOLL,2006-06-16 00:00:00+05:30,37.0,39.75,36.5,38.35,371227
NOIDATOLL,2006-06-19 00:00:00+05:30,37.25,40.2,36.5,39.2,194977
NOIDATOLL,2006-06-20 00:00:00+05:30,39.0,39.9,37.5,38.75,219366
NOIDATOLL,2006-06-21 00:00:00+05:30,38.0,41.9,38.0,41.3,335757
NOIDATOLL,2006-06-22 00:00:00+05:30,42.2,43.25,41.2,41.65,303538
NOIDATOLL,2006-06-23 00:00:00+05:30,41.4,41.75,40.0,41.0,173404
NOIDATOLL,2006-06-26 00:00:00+05:30,41.7,41.75,39.35,39.35,119340
NOIDATOLL,2006-06-27 00:00:00+05:30,39.0,39.9,37.4,37.4,150244
NOIDATOLL,2006-06-28 00:00:00+05:30,36.5,37.4,35.65,36.8,107231
NOIDATOLL,2006-06-29 00:00:00+05:30,37.4,38.5,37.2,37.6,100257
NOIDATOLL,2006-06-30 00:00:00+05:30,37.75,39.0,37.75,38.8,132460
NOIDATOLL,2006-07-03 00:00:00+05:30,39.9,39.9,38.1,38.25,76232
NOIDATOLL,2006-07-04 00:00:00+05:30,37.55,39.2,37.55,38.0,88212
NOIDATOLL,2006-07-05 00:00:00+05:30,37.1,38.5,37.0,38.15,59909
NOIDATOLL,2006-07-06 00:00:00+05:30,38.0,38.15,37.1,37.25,68236
NOIDATOLL,2006-07-07 00:00:00+05:30,37.95,38.0,36.1,36.5,109347
NOIDATOLL,2006-07-10 00:00:00+05:30,36.45,36.85,35.3,35.95,67966
NOIDATOLL,2006-07-11 00:00:00+05:30,36.25,36.55,36.0,36.2,37601
NOIDATOLL,2006-07-12 00:00:00+05:30,35.95,36.5,34.7,36.25,78775
NOIDATOLL,2006-07-13 00:00:00+05:30,36.0,37.1,35.65,36.35,48865
NOIDATOLL,2006-07-14 00:00:00+05:30,35.75,36.95,35.15,35.6,44526
NOIDATOLL,2006-07-17 00:00:00+05:30,35.25,36.4,33.9,34.1,110255
NOIDATOLL,2006-07-18 00:00:00+05:30,33.5,34.7,33.1,34.25,101028
NOIDATOLL,2006-07-19 00:00:00+05:30,34.55,35.9,33.1,34.55,427669
NOIDATOLL,2006-07-20 00:00:00+05:30,35.85,35.9,34.3,34.5,147656
NOIDATOLL,2006-07-21 00:00:00+05:30,34.2,34.5,33.05,33.85,121032
NOIDATOLL,2006-07-24 00:00:00+05:30,33.5,33.95,32.25,33.6,93187
NOIDATOLL,2006-07-25 00:00:00+05:30,34.6,34.6,33.3,34.3,59992
NOIDATOLL,2006-07-26 00:00:00+05:30,34.5,35.75,34.15,35.45,133218
NOIDATOLL,2006-07-27 00:00:00+05:30,35.1,36.9,35.1,36.45,151537
NOIDATOLL,2006-07-28 00:00:00+05:30,36.65,37.0,35.4,36.0,140075
NOIDATOLL,2006-07-31 00:00:00+05:30,36.3,37.15,35.5,35.75,82099
NOIDATOLL,2006-08-01 00:00:00+05:30,35.9,35.9,34.8,35.2,39099
NOIDATOLL,2006-08-02 00:00:00+05:30,35.0,36.9,34.7,36.35,93362
NOIDATOLL,2006-08-03 00:00:00+05:30,36.1,38.2,36.1,38.2,152439
NOIDATOLL,2006-08-04 00:00:00+05:30,40.0,40.15,39.0,39.8,475087
NOIDATOLL,2006-08-07 00:00:00+05:30,41.0,41.25,38.85,39.1,324517
NOIDATOLL,2006-08-08 00:00:00+05:30,39.2,40.5,39.2,39.8,178493
NOIDATOLL,2006-08-09 00:00:00+05:30,40.0,40.4,38.5,38.85,168992
NOIDATOLL,2006-08-10 00:00:00+05:30,38.95,40.8,38.65,40.2,278949
NOIDATOLL,2006-08-11 00:00:00+05:30,40.4,41.2,39.8,40.25,385803
NOIDATOLL,2006-08-14 00:00:00+05:30,40.75,41.25,39.75,39.9,205340
NOIDATOLL,2006-08-16 00:00:00+05:30,40.9,41.9,37.7,38.1,526524
NOIDATOLL,2006-08-17 00:00:00+05:30,39.1,39.45,37.1,37.6,772536
NOIDATOLL,2006-08-18 00:00:00+05:30,38.55,39.6,37.2,37.85,599724
NOIDATOLL,2006-08-21 00:00:00+05:30,38.15,38.6,38.0,38.25,152115
NOIDATOLL,2006-08-22 00:00:00+05:30,38.5,39.5,38.3,38.55,267423
NOIDATOLL,2006-08-23 00:00:00+05:30,38.55,38.75,37.5,37.75,137808
NOIDATOLL,2006-08-24 00:00:00+05:30,37.6,38.4,37.1,37.65,153574
NOIDATOLL,2006-08-25 00:00:00+05:30,38.25,38.75,37.5,37.7,225816
NOIDATOLL,2006-08-28 00:00:00+05:30,37.7,38.25,37.15,37.25,226561
NOIDATOLL,2006-08-29 00:00:00+05:30,37.8,37.85,37.1,37.25,140282
NOIDATOLL,2006-08-30 00:00:00+05:30,37.85,37.85,37.0,37.15,138961
NOIDATOLL,2006-08-31 00:00:00+05:30,37.65,37.65,35.8,36.05,146708
NOIDATOLL,2006-09-01 00:00:00+05:30,36.7,37.5,35.65,35.9,167742
NOIDATOLL,2006-09-04 00:00:00+05:30,37.0,37.5,35.9,36.15,351585
NOIDATOLL,2006-09-05 00:00:00+05:30,36.9,37.95,36.2,37.0,447303
NOIDATOLL,2006-09-06 00:00:00+05:30,37.75,37.85,36.85,36.95,320893
NOIDATOLL,2006-09-07 00:00:00+05:30,37.2,37.3,36.25,36.6,215832
NOIDATOLL,2006-09-08 00:00:00+05:30,36.8,38.25,36.7,37.0,505590
NOIDATOLL,2006-09-11 00:00:00+05:30,37.45,37.45,35.15,35.45,260373
NOIDATOLL,2006-09-12 00:00:00+05:30,36.5,36.75,35.35,36.25,410012
NOIDATOLL,2006-09-13 00:00:00+05:30,37.0,37.4,36.75,36.9,389273
NOIDATOLL,2006-09-14 00:00:00+05:30,37.45,40.6,37.1,40.45,4724424
NOIDATOLL,2006-09-15 00:00:00+05:30,41.5,41.5,38.6,40.05,3593194
NOIDATOLL,2006-09-18 00:00:00+05:30,40.4,42.5,40.2,41.45,2705161
NOIDATOLL,2006-09-19 00:00:00+05:30,42.25,42.45,40.5,40.9,1387566
NOIDATOLL,2006-09-20 00:00:00+05:30,40.7,41.0,39.75,40.15,840584
NOIDATOLL,2006-09-21 00:00:00+05:30,40.8,41.25,40.25,40.5,507900
NOIDATOLL,2006-09-22 00:00:00+05:30,40.5,40.5,39.1,39.45,413041
NOIDATOLL,2006-09-25 00:00:00+05:30,40.0,40.25,39.1,39.35,322252
NOIDATOLL,2006-09-26 00:00:00+05:30,39.4,39.75,38.6,38.9,346318
NOIDATOLL,2006-09-27 00:00:00+05:30,39.5,39.8,38.5,38.75,333093
NOIDATOLL,2006-09-28 00:00:00+05:30,39.0,39.3,38.5,39.0,308302
NOIDATOLL,2006-09-29 00:00:00+05:30,39.5,40.1,38.9,39.1,326910
NOIDATOLL,2006-10-03 00:00:00+05:30,39.5,39.5,38.55,38.85,249387
NOIDATOLL,2006-10-04 00:00:00+05:30,39.25,39.25,37.9,38.2,242958
NOIDATOLL,2006-10-05 00:00:00+05:30,38.45,41.2,38.45,40.25,1233164
NOIDATOLL,2006-10-06 00:00:00+05:30,40.6,40.7,39.6,39.8,451814
NOIDATOLL,2006-10-09 00:00:00+05:30,39.6,40.7,39.25,39.7,558578
NOIDATOLL,2006-10-10 00:00:00+05:30,40.5,43.7,39.9,42.25,3796264
NOIDATOLL,2006-10-11 00:00:00+05:30,42.9,42.9,40.5,40.85,1164022
NOIDATOLL,2006-10-12 00:00:00+05:30,41.2,43.3,40.8,42.05,1492841
NOIDATOLL,2006-10-13 00:00:00+05:30,43.3,43.3,41.45,41.65,1144447
NOIDATOLL,2006-10-16 00:00:00+05:30,42.05,42.3,40.6,40.85,684683
NOIDATOLL,2006-10-17 00:00:00+05:30,41.0,41.05,40.0,40.35,368925
NOIDATOLL,2006-10-18 00:00:00+05:30,40.0,41.8,40.0,40.5,597223
NOIDATOLL,2006-10-19 00:00:00+05:30,41.0,41.0,39.35,39.9,399048
NOIDATOLL,2006-10-20 00:00:00+05:30,40.05,40.5,39.05,39.65,397853
NOIDATOLL,2006-10-23 00:00:00+05:30,40.9,40.9,39.7,40.35,447219
NOIDATOLL,2006-10-26 00:00:00+05:30,41.1,42.4,40.65,41.25,1339453
NOIDATOLL,2006-10-27 00:00:00+05:30,41.9,41.9,39.45,39.95,728856
NOIDATOLL,2006-10-30 00:00:00+05:30,40.2,40.2,39.2,39.65,314000
NOIDATOLL,2006-10-31 00:00:00+05:30,39.85,39.85,37.95,38.3,539257
NOIDATOLL,2006-11-01 00:00:00+05:30,39.45,39.45,37.45,37.85,400589
NOIDATOLL,2006-11-02 00:00:00+05:30,38.0,38.85,37.8,38.15,255132
NOIDATOLL,2006-11-03 00:00:00+05:30,38.7,38.7,37.25,37.55,237205
NOIDATOLL,2006-11-06 00:00:00+05:30,37.55,39.3,37.5,38.55,447140
NOIDATOLL,2006-11-07 00:00:00+05:30,39.0,39.8,38.25,38.55,467952
NOIDATOLL,2006-11-08 00:00:00+05:30,39.8,41.7,38.95,41.05,2291631
NOIDATOLL,2006-11-09 00:00:00+05:30,41.55,41.8,40.2,40.3,917528
NOIDATOLL,2006-11-10 00:00:00+05:30,40.1,41.5,39.75,40.5,755436
NOIDATOLL,2006-11-13 00:00:00+05:30,40.7,41.25,40.4,40.65,429992
NOIDATOLL,2006-11-14 00:00:00+05:30,41.2,41.25,39.6,39.7,300063
NOIDATOLL,2006-11-15 00:00:00+05:30,39.75,40.2,39.25,39.4,244478
NOIDATOLL,2006-11-16 00:00:00+05:30,39.45,40.5,39.2,39.65,454620
NOIDATOLL,2006-11-17 00:00:00+05:30,39.95,39.95,38.5,38.6,218385
NOIDATOLL,2006-11-20 00:00:00+05:30,37.1,38.5,37.1,38.05,200649
NOIDATOLL,2006-11-21 00:00:00+05:30,38.25,39.35,38.25,38.95,220283
NOIDATOLL,2006-11-22 00:00:00+05:30,39.35,39.4,38.6,38.9,175548
NOIDATOLL,2006-11-23 00:00:00+05:30,39.1,39.25,38.2,38.3,172565
NOIDATOLL,2006-11-24 00:00:00+05:30,38.4,40.25,38.25,39.55,626420
NOIDATOLL,2006-11-27 00:00:00+05:30,40.1,40.5,39.2,39.4,434651
NOIDATOLL,2006-11-28 00:00:00+05:30,38.5,39.0,38.05,38.35,207436
NOIDATOLL,2006-11-29 00:00:00+05:30,38.7,39.45,38.05,38.15,202888
NOIDATOLL,2006-11-30 00:00:00+05:30,38.35,38.6,38.0,38.1,145202
NOIDATOLL,2006-12-01 00:00:00+05:30,38.5,38.65,37.65,37.85,223305
NOIDATOLL,2006-12-04 00:00:00+05:30,37.95,38.5,37.5,37.75,207946
NOIDATOLL,2006-12-05 00:00:00+05:30,38.0,38.2,37.6,37.75,172411
NOIDATOLL,2006-12-06 00:00:00+05:30,38.0,38.1,36.95,37.1,227516
NOIDATOLL,2006-12-07 00:00:00+05:30,36.8,37.5,36.8,37.1,181888
NOIDATOLL,2006-12-08 00:00:00+05:30,37.0,37.3,36.55,36.75,211859
NOIDATOLL,2006-12-11 00:00:00+05:30,37.65,37.65,35.0,35.3,271219
NOIDATOLL,2006-12-12 00:00:00+05:30,35.7,36.25,32.15,32.9,425232
NOIDATOLL,2006-12-13 00:00:00+05:30,33.0,34.9,32.65,34.5,317804
NOIDATOLL,2006-12-14 00:00:00+05:30,35.0,35.45,34.25,34.9,199497
NOIDATOLL,2006-12-15 00:00:00+05:30,35.45,36.0,35.2,35.6,160886
NOIDATOLL,2006-12-18 00:00:00+05:30,36.0,36.0,34.45,35.4,102222
NOIDATOLL,2006-12-19 00:00:00+05:30,35.6,36.1,33.8,34.25,222978
NOIDATOLL,2006-12-20 00:00:00+05:30,34.3,35.0,33.8,34.05,136393
NOIDATOLL,2006-12-21 00:00:00+05:30,34.45,34.6,33.7,34.0,128788
NOIDATOLL,2006-12-22 00:00:00+05:30,34.05,34.45,33.9,34.15,161597
NOIDATOLL,2006-12-26 00:00:00+05:30,34.8,35.2,34.45,34.55,117606
NOIDATOLL,2006-12-27 00:00:00+05:30,35.2,35.4,34.15,34.35,186136
NOIDATOLL,2006-12-28 00:00:00+05:30,34.7,34.95,34.2,34.45,126728
NOIDATOLL,2006-12-29 00:00:00+05:30,34.7,36.2,34.3,35.15,265762
NOIDATOLL,2007-01-02 00:00:00+05:30,35.8,36.0,35.15,35.75,119109
NOIDATOLL,2007-01-03 00:00:00+05:30,36.25,36.5,35.4,35.95,164659
NOIDATOLL,2007-01-04 00:00:00+05:30,36.8,36.8,35.8,36.3,182927
NOIDATOLL,2007-01-05 00:00:00+05:30,36.5,37.5,36.4,36.8,315304
NOIDATOLL,2007-01-08 00:00:00+05:30,37.0,38.0,36.2,37.35,281160
NOIDATOLL,2007-01-09 00:00:00+05:30,37.85,38.4,36.15,36.3,153538
NOIDATOLL,2007-01-10 00:00:00+05:30,36.4,36.5,35.1,35.3,111754
NOIDATOLL,2007-01-11 00:00:00+05:30,35.05,36.2,35.05,35.6,99250
NOIDATOLL,2007-01-12 00:00:00+05:30,36.1,36.55,34.8,35.1,539386
NOIDATOLL,2007-01-15 00:00:00+05:30,35.5,35.9,35.0,35.2,317532
NOIDATOLL,2007-01-16 00:00:00+05:30,35.7,35.7,35.0,35.1,286255
NOIDATOLL,2007-01-17 00:00:00+05:30,35.6,37.3,35.15,35.65,807731
NOIDATOLL,2007-01-18 00:00:00+05:30,36.15,36.65,35.4,35.65,311353
NOIDATOLL,2007-01-19 00:00:00+05:30,36.1,36.5,35.0,35.15,409886
NOIDATOLL,2007-01-22 00:00:00+05:30,36.0,36.2,35.5,35.8,278116
NOIDATOLL,2007-01-23 00:00:00+05:30,36.25,36.75,34.0,34.35,1422477
NOIDATOLL,2007-01-24 00:00:00+05:30,35.0,35.0,34.2,34.3,326638
NOIDATOLL,2007-01-25 00:00:00+05:30,34.5,34.95,33.5,33.75,410784
NOIDATOLL,2007-01-29 00:00:00+05:30,33.8,34.2,33.2,33.4,321639
NOIDATOLL,2007-01-31 00:00:00+05:30,33.6,33.9,32.3,32.8,430423
NOIDATOLL,2007-02-01 00:00:00+05:30,33.0,33.2,32.5,32.75,194134
NOIDATOLL,2007-02-02 00:00:00+05:30,32.6,33.0,32.3,32.5,359287
NOIDATOLL,2007-02-05 00:00:00+05:30,32.95,32.95,32.25,32.3,378989
NOIDATOLL,2007-02-06 00:00:00+05:30,32.8,32.8,31.6,31.75,549367
NOIDATOLL,2007-02-07 00:00:00+05:30,32.0,34.95,31.8,33.55,1595361
NOIDATOLL,2007-02-08 00:00:00+05:30,33.9,33.9,32.2,32.35,599554
NOIDATOLL,2007-02-09 00:00:00+05:30,32.7,32.75,31.2,31.4,506805
NOIDATOLL,2007-02-12 00:00:00+05:30,31.4,31.45,29.65,30.05,590297
NOIDATOLL,2007-02-13 00:00:00+05:30,29.2,30.85,28.3,29.3,521529
NOIDATOLL,2007-02-14 00:00:00+05:30,28.0,29.8,28.0,29.05,340767
NOIDATOLL,2007-02-15 00:00:00+05:30,29.6,30.45,29.4,29.5,485457
NOIDATOLL,2007-02-19 00:00:00+05:30,29.9,30.95,29.8,30.25,553832
NOIDATOLL,2007-02-20 00:00:00+05:30,30.2,30.55,29.4,29.7,459687
NOIDATOLL,2007-02-21 00:00:00+05:30,29.3,30.8,29.3,30.0,371083
NOIDATOLL,2007-02-22 00:00:00+05:30,30.3,30.9,29.2,29.3,350270
NOIDATOLL,2007-02-23 00:00:00+05:30,29.45,29.6,28.3,28.4,280702
NOIDATOLL,2007-02-26 00:00:00+05:30,28.4,28.8,27.05,27.45,447331
NOIDATOLL,2007-02-27 00:00:00+05:30,27.7,28.25,26.2,26.55,515258
NOIDATOLL,2007-02-28 00:00:00+05:30,25.5,27.6,24.3,26.75,547766
NOIDATOLL,2007-03-01 00:00:00+05:30,28.0,28.0,26.0,26.15,369916
NOIDATOLL,2007-03-02 00:00:00+05:30,26.1,27.0,26.1,26.35,189466
NOIDATOLL,2007-03-05 00:00:00+05:30,25.0,26.4,23.75,23.9,333699
NOIDATOLL,2007-03-06 00:00:00+05:30,25.85,25.85,23.6,24.2,298132
NOIDATOLL,2007-03-07 00:00:00+05:30,24.8,24.95,22.2,23.2,402863
NOIDATOLL,2007-03-08 00:00:00+05:30,24.5,25.25,22.35,25.0,429513
NOIDATOLL,2007-03-09 00:00:00+05:30,25.45,25.45,24.0,24.75,456634
NOIDATOLL,2007-03-12 00:00:00+05:30,24.75,25.6,24.3,25.35,208533
NOIDATOLL,2007-03-13 00:00:00+05:30,26.0,26.1,25.0,25.9,180435
NOIDATOLL,2007-03-14 00:00:00+05:30,24.8,25.5,24.3,24.9,208920
NOIDATOLL,2007-03-15 00:00:00+05:30,25.7,25.7,25.0,25.1,135735
NOIDATOLL,2007-03-16 00:00:00+05:30,24.9,25.2,24.25,24.7,113148
NOIDATOLL,2007-03-19 00:00:00+05:30,25.2,25.5,24.1,24.25,158145
NOIDATOLL,2007-03-20 00:00:00+05:30,24.8,24.9,24.05,24.2,171192
NOIDATOLL,2007-03-21 00:00:00+05:30,24.4,24.5,23.55,23.95,189913
NOIDATOLL,2007-03-22 00:00:00+05:30,24.4,24.55,24.0,24.1,230317
NOIDATOLL,2007-03-23 00:00:00+05:30,24.0,24.45,23.9,24.05,236349
NOIDATOLL,2007-03-26 00:00:00+05:30,24.95,24.95,24.0,24.4,220293
NOIDATOLL,2007-03-28 00:00:00+05:30,24.15,24.15,23.65,23.9,269439
NOIDATOLL,2007-03-29 00:00:00+05:30,23.9,24.3,23.6,23.7,595392
NOIDATOLL,2007-03-30 00:00:00+05:30,23.9,24.4,23.85,24.2,278125
NOIDATOLL,2007-04-02 00:00:00+05:30,24.8,25.9,23.5,24.0,290972
NOIDATOLL,2007-04-03 00:00:00+05:30,24.15,24.75,24.0,24.6,518343
NOIDATOLL,2007-04-04 00:00:00+05:30,24.9,24.9,24.35,24.5,127546
NOIDATOLL,2007-04-05 00:00:00+05:30,24.0,25.2,24.0,24.45,226443
NOIDATOLL,2007-04-09 00:00:00+05:30,24.95,26.2,24.7,26.05,252023
NOIDATOLL,2007-04-10 00:00:00+05:30,26.45,27.0,26.0,26.2,302197
NOIDATOLL,2007-04-11 00:00:00+05:30,26.55,28.85,26.0,28.85,1466679
NOIDATOLL,2007-04-12 00:00:00+05:30,29.7,30.4,28.1,28.3,1840791
NOIDATOLL,2007-04-13 00:00:00+05:30,28.9,29.7,28.1,29.15,757878
NOIDATOLL,2007-04-16 00:00:00+05:30,29.4,30.5,29.4,29.9,693763
NOIDATOLL,2007-04-17 00:00:00+05:30,30.0,30.35,29.1,29.2,274229
NOIDATOLL,2007-04-18 00:00:00+05:30,29.5,29.7,29.0,29.05,218127
NOIDATOLL,2007-04-19 00:00:00+05:30,29.0,29.0,28.15,28.45,224468
NOIDATOLL,2007-04-20 00:00:00+05:30,29.0,29.5,28.5,28.65,169055
NOIDATOLL,2007-04-23 00:00:00+05:30,29.0,30.4,28.5,29.65,543910
NOIDATOLL,2007-04-24 00:00:00+05:30,29.6,29.9,29.0,29.1,242153
NOIDATOLL,2007-04-25 00:00:00+05:30,29.2,29.8,28.95,29.05,423842
NOIDATOLL,2007-04-26 00:00:00+05:30,29.25,29.9,28.0,28.35,384923
NOIDATOLL,2007-04-27 00:00:00+05:30,29.0,29.0,28.2,28.65,206855
NOIDATOLL,2007-04-30 00:00:00+05:30,28.7,30.8,27.8,29.75,1061458
NOIDATOLL,2007-05-03 00:00:00+05:30,30.5,31.0,29.8,30.15,1117542
NOIDATOLL,2007-05-04 00:00:00+05:30,30.5,30.7,29.85,30.35,489972
NOIDATOLL,2007-05-07 00:00:00+05:30,30.7,30.75,30.0,30.5,334752
NOIDATOLL,2007-05-08 00:00:00+05:30,30.7,31.45,30.3,30.5,680104
NOIDATOLL,2007-05-09 00:00:00+05:30,30.5,30.75,29.7,30.25,382804
NOIDATOLL,2007-05-10 00:00:00+05:30,30.3,31.25,30.05,30.8,437228
NOIDATOLL,2007-05-11 00:00:00+05:30,30.1,30.5,29.8,30.3,213476
NOIDATOLL,2007-05-14 00:00:00+05:30,30.95,30.95,29.8,29.95,236254
NOIDATOLL,2007-05-15 00:00:00+05:30,30.1,30.95,29.9,30.5,427947
NOIDATOLL,2007-05-16 00:00:00+05:30,30.15,30.75,30.0,30.1,177387
NOIDATOLL,2007-05-17 00:00:00+05:30,30.45,30.45,29.75,29.85,200937
NOIDATOLL,2007-05-18 00:00:00+05:30,29.5,30.0,29.2,29.75,214173
NOIDATOLL,2007-05-21 00:00:00+05:30,30.0,31.0,29.5,29.65,142185
NOIDATOLL,2007-05-22 00:00:00+05:30,30.0,30.0,29.25,29.35,92270
NOIDATOLL,2007-05-23 00:00:00+05:30,29.35,29.6,29.0,29.4,175914
NOIDATOLL,2007-05-24 00:00:00+05:30,29.25,29.6,28.7,28.8,99002
NOIDATOLL,2007-05-25 00:00:00+05:30,28.9,29.5,28.4,29.15,199058
NOIDATOLL,2007-05-28 00:00:00+05:30,29.65,29.7,28.9,29.0,151731
NOIDATOLL,2007-05-29 00:00:00+05:30,29.05,29.3,28.6,28.7,108477
NOIDATOLL,2007-05-30 00:00:00+05:30,29.0,29.0,28.1,28.15,134280
NOIDATOLL,2007-05-31 00:00:00+05:30,28.35,28.6,28.05,28.2,118122
NOIDATOLL,2007-06-01 00:00:00+05:30,28.3,28.8,28.2,28.45,224398
NOIDATOLL,2007-06-04 00:00:00+05:30,28.65,29.0,28.2,28.55,150409
NOIDATOLL,2007-06-05 00:00:00+05:30,28.5,28.95,28.3,28.4,113822
NOIDATOLL,2007-06-06 00:00:00+05:30,28.7,28.7,27.75,27.9,122581
NOIDATOLL,2007-06-07 00:00:00+05:30,28.0,28.0,27.4,27.55,103669
NOIDATOLL,2007-06-08 00:00:00+05:30,27.85,27.85,27.15,27.25,112199
NOIDATOLL,2007-06-11 00:00:00+05:30,27.3,28.1,27.3,27.55,101216
NOIDATOLL,2007-06-12 00:00:00+05:30,27.55,27.55,26.5,26.75,163903
NOIDATOLL,2007-06-13 00:00:00+05:30,27.0,27.0,26.3,26.4,114876
NOIDATOLL,2007-06-14 00:00:00+05:30,26.8,27.0,26.4,26.45,114035
NOIDATOLL,2007-06-15 00:00:00+05:30,26.5,27.4,26.45,26.5,204954
NOIDATOLL,2007-06-18 00:00:00+05:30,27.0,27.0,26.55,26.7,43721
NOIDATOLL,2007-06-19 00:00:00+05:30,26.55,27.1,26.5,26.85,94662
NOIDATOLL,2007-06-20 00:00:00+05:30,27.8,27.8,26.7,27.4,150625
NOIDATOLL,2007-06-21 00:00:00+05:30,27.8,28.7,27.2,27.35,337500
NOIDATOLL,2007-06-22 00:00:00+05:30,27.5,27.5,27.0,27.1,85859
NOIDATOLL,2007-06-25 00:00:00+05:30,27.2,27.55,27.0,27.35,104815
NOIDATOLL,2007-06-26 00:00:00+05:30,26.9,27.6,26.85,27.2,125313
NOIDATOLL,2007-06-27 00:00:00+05:30,27.2,27.35,26.55,26.65,134663
NOIDATOLL,2007-06-28 00:00:00+05:30,27.0,27.0,25.8,26.05,327664
NOIDATOLL,2007-06-29 00:00:00+05:30,26.3,26.4,25.8,26.1,239562
NOIDATOLL,2007-07-02 00:00:00+05:30,26.05,26.85,25.8,26.0,392250
NOIDATOLL,2007-07-03 00:00:00+05:30,26.5,26.6,25.9,26.0,704932
NOIDATOLL,2007-07-04 00:00:00+05:30,26.4,27.3,26.1,26.95,955669
NOIDATOLL,2007-07-05 00:00:00+05:30,27.0,27.7,26.25,26.6,271966
NOIDATOLL,2007-07-06 00:00:00+05:30,26.6,26.9,26.15,26.25,223676
NOIDATOLL,2007-07-09 00:00:00+05:30,27.0,27.0,26.3,26.7,202322
NOIDATOLL,2007-07-10 00:00:00+05:30,26.75,26.95,26.5,26.55,118703
NOIDATOLL,2007-07-11 00:00:00+05:30,27.0,27.1,26.25,27.0,252830
NOIDATOLL,2007-07-12 00:00:00+05:30,26.9,28.5,26.8,27.85,856079
NOIDATOLL,2007-07-13 00:00:00+05:30,28.0,30.45,28.0,29.65,1903733
NOIDATOLL,2007-07-16 00:00:00+05:30,30.2,31.15,29.55,30.05,1046221
NOIDATOLL,2007-07-17 00:00:00+05:30,30.5,33.1,30.05,33.1,4249172
NOIDATOLL,2007-07-18 00:00:00+05:30,34.85,35.6,32.25,32.9,4785018
NOIDATOLL,2007-07-19 00:00:00+05:30,33.2,33.5,31.05,31.5,1157863
NOIDATOLL,2007-07-20 00:00:00+05:30,31.25,32.7,30.4,31.85,1866428
NOIDATOLL,2007-07-23 00:00:00+05:30,33.0,33.5,31.85,33.3,1547453
NOIDATOLL,2007-07-24 00:00:00+05:30,33.8,33.8,32.1,32.35,662767
NOIDATOLL,2007-07-25 00:00:00+05:30,30.5,32.5,30.5,31.2,424138
NOIDATOLL,2007-07-26 00:00:00+05:30,31.2,31.9,30.75,30.9,398555
NOIDATOLL,2007-07-27 00:00:00+05:30,30.9,30.9,29.0,29.2,682372
NOIDATOLL,2007-07-30 00:00:00+05:30,29.8,30.6,29.1,29.6,366362
NOIDATOLL,2007-07-31 00:00:00+05:30,30.45,30.45,29.55,29.8,230014
NOIDATOLL,2007-08-01 00:00:00+05:30,29.8,29.95,28.5,28.6,299744
NOIDATOLL,2007-08-02 00:00:00+05:30,28.7,29.45,28.15,28.35,239967
NOIDATOLL,2007-08-03 00:00:00+05:30,29.0,29.8,28.65,28.8,367261
NOIDATOLL,2007-08-06 00:00:00+05:30,28.0,28.35,27.65,28.05,284798
NOIDATOLL,2007-08-07 00:00:00+05:30,28.45,29.0,28.3,28.45,226671
NOIDATOLL,2007-08-08 00:00:00+05:30,28.8,29.15,28.0,28.1,413766
NOIDATOLL,2007-08-09 00:00:00+05:30,28.3,28.85,27.75,27.9,365844
NOIDATOLL,2007-08-10 00:00:00+05:30,27.0,27.8,26.3,27.6,329600
NOIDATOLL,2007-08-13 00:00:00+05:30,27.5,28.0,26.75,26.95,628705
NOIDATOLL,2007-08-14 00:00:00+05:30,27.4,27.55,27.0,27.1,284153
NOIDATOLL,2007-08-16 00:00:00+05:30,26.25,27.1,26.25,26.85,321045
NOIDATOLL,2007-08-17 00:00:00+05:30,26.7,27.2,26.4,26.7,345749
NOIDATOLL,2007-08-20 00:00:00+05:30,27.0,27.5,26.7,26.9,201893
NOIDATOLL,2007-08-21 00:00:00+05:30,26.95,27.0,26.4,26.5,197152
NOIDATOLL,2007-08-22 00:00:00+05:30,26.5,27.0,25.55,25.8,289030
NOIDATOLL,2007-08-23 00:00:00+05:30,26.9,27.0,25.6,25.8,256655
NOIDATOLL,2007-08-24 00:00:00+05:30,26.0,26.0,24.75,25.0,550104
NOIDATOLL,2007-08-27 00:00:00+05:30,25.75,25.75,24.9,25.0,613058
NOIDATOLL,2007-08-28 00:00:00+05:30,25.6,25.6,24.9,25.05,574471
NOIDATOLL,2007-08-29 00:00:00+05:30,24.75,25.2,24.4,24.5,777386
NOIDATOLL,2007-08-30 00:00:00+05:30,24.8,25.3,24.7,24.75,941762
NOIDATOLL,2007-08-31 00:00:00+05:30,25.0,25.05,24.45,24.6,1125259
NOIDATOLL,2007-09-03 00:00:00+05:30,24.9,27.1,24.8,27.05,3786387
NOIDATOLL,2007-09-04 00:00:00+05:30,27.8,29.8,27.45,29.8,6881089
NOIDATOLL,2007-09-05 00:00:00+05:30,32.4,32.5,30.1,30.45,4411405
NOIDATOLL,2007-09-06 00:00:00+05:30,30.0,31.0,29.55,29.95,1694656
NOIDATOLL,2007-09-07 00:00:00+05:30,30.15,32.15,29.3,30.75,3059510
NOIDATOLL,2007-09-10 00:00:00+05:30,30.9,31.8,30.0,31.45,5200162
NOIDATOLL,2007-09-11 00:00:00+05:30,31.75,31.9,30.55,31.1,1373826
NOIDATOLL,2007-09-12 00:00:00+05:30,31.6,31.7,30.65,30.8,935945
NOIDATOLL,2007-09-13 00:00:00+05:30,31.2,31.5,30.9,31.0,717602
NOIDATOLL,2007-09-14 00:00:00+05:30,31.5,33.0,30.85,31.15,1624199
NOIDATOLL,2007-09-17 00:00:00+05:30,31.75,31.9,30.4,30.6,605640
NOIDATOLL,2007-09-18 00:00:00+05:30,31.0,33.45,30.6,32.7,3438251
NOIDATOLL,2007-09-19 00:00:00+05:30,33.9,34.9,32.8,33.05,2777246
NOIDATOLL,2007-09-20 00:00:00+05:30,33.5,33.8,32.1,32.45,1148653
NOIDATOLL,2007-09-21 00:00:00+05:30,33.0,33.0,31.65,31.75,1093557
NOIDATOLL,2007-09-24 00:00:00+05:30,32.0,34.1,31.85,33.25,3767651
NOIDATOLL,2007-09-25 00:00:00+05:30,32.25,39.0,31.8,38.35,9641442
NOIDATOLL,2007-09-26 00:00:00+05:30,39.25,42.75,39.0,39.9,8716078
NOIDATOLL,2007-09-27 00:00:00+05:30,40.85,41.5,36.5,37.85,4614495
NOIDATOLL,2007-09-28 00:00:00+05:30,38.4,39.25,36.8,37.7,2915767
NOIDATOLL,2007-10-01 00:00:00+05:30,37.1,42.3,36.0,40.45,5699284
NOIDATOLL,2007-10-03 00:00:00+05:30,43.0,43.1,37.75,39.35,3640255
NOIDATOLL,2007-10-04 00:00:00+05:30,39.25,39.25,37.5,38.55,1684490
NOIDATOLL,2007-10-05 00:00:00+05:30,39.0,39.0,36.5,37.05,1346647
NOIDATOLL,2007-10-08 00:00:00+05:30,37.45,37.6,33.5,34.1,1939745
NOIDATOLL,2007-10-09 00:00:00+05:30,32.25,35.95,31.6,35.7,1744230
NOIDATOLL,2007-10-10 00:00:00+05:30,36.45,37.3,35.1,35.9,1200418
NOIDATOLL,2007-10-11 00:00:00+05:30,36.25,36.6,34.7,36.05,934860
NOIDATOLL,2007-10-12 00:00:00+05:30,36.0,36.0,34.05,34.95,917002
NOIDATOLL,2007-10-15 00:00:00+05:30,36.0,38.1,35.25,36.35,2147144
NOIDATOLL,2007-10-16 00:00:00+05:30,36.45,37.75,34.65,36.9,1355027
NOIDATOLL,2007-10-17 00:00:00+05:30,36.0,36.0,32.0,35.3,1489608
NOIDATOLL,2007-10-18 00:00:00+05:30,36.0,39.25,32.6,33.75,7519480
NOIDATOLL,2007-10-19 00:00:00+05:30,35.0,36.75,33.2,34.05,2212157
NOIDATOLL,2007-10-22 00:00:00+05:30,33.7,34.9,33.1,34.35,885242
NOIDATOLL,2007-10-23 00:00:00+05:30,34.8,35.75,34.75,35.3,1091526
NOIDATOLL,2007-10-24 00:00:00+05:30,35.5,37.4,34.8,36.25,1820742
NOIDATOLL,2007-10-25 00:00:00+05:30,35.55,36.8,35.5,35.65,766718
NOIDATOLL,2007-10-26 00:00:00+05:30,36.0,36.5,35.3,35.7,907907
NOIDATOLL,2007-10-29 00:00:00+05:30,36.0,37.1,35.55,36.0,1637483
NOIDATOLL,2007-10-30 00:00:00+05:30,34.25,36.4,34.2,34.5,1062785
NOIDATOLL,2007-10-31 00:00:00+05:30,35.0,35.4,34.6,34.8,538833
NOIDATOLL,2007-11-01 00:00:00+05:30,35.2,40.3,34.5,38.4,5777162
NOIDATOLL,2007-11-02 00:00:00+05:30,37.9,42.5,37.0,41.3,10378996
NOIDATOLL,2007-11-05 00:00:00+05:30,41.2,49.4,40.8,48.65,14743185
NOIDATOLL,2007-11-06 00:00:00+05:30,50.0,53.65,47.0,47.75,10266971
NOIDATOLL,2007-11-07 00:00:00+05:30,48.95,50.4,43.6,45.75,3845385
NOIDATOLL,2007-11-08 00:00:00+05:30,43.7,52.0,43.25,48.55,7558771
NOIDATOLL,2007-11-09 00:00:00+05:30,51.45,51.45,48.7,50.0,2116077
NOIDATOLL,2007-11-12 00:00:00+05:30,50.0,53.35,47.35,52.2,6928390
NOIDATOLL,2007-11-13 00:00:00+05:30,53.0,59.8,52.0,57.25,13692333
NOIDATOLL,2007-11-14 00:00:00+05:30,59.6,61.7,58.0,59.9,8211604
NOIDATOLL,2007-11-15 00:00:00+05:30,60.0,63.3,57.8,59.65,7326403
NOIDATOLL,2007-11-16 00:00:00+05:30,59.0,60.25,56.05,56.8,3590800
NOIDATOLL,2007-11-19 00:00:00+05:30,58.6,58.85,56.6,56.95,3202528
NOIDATOLL,2007-11-20 00:00:00+05:30,57.4,58.0,53.8,54.3,2758905
NOIDATOLL,2007-11-21 00:00:00+05:30,54.5,57.45,50.0,51.2,4030944
NOIDATOLL,2007-11-22 00:00:00+05:30,52.0,53.0,48.6,51.9,2463640
NOIDATOLL,2007-11-23 00:00:00+05:30,53.0,54.4,51.05,51.8,2051810
NOIDATOLL,2007-11-26 00:00:00+05:30,52.95,56.95,51.8,55.15,4866309
NOIDATOLL,2007-11-27 00:00:00+05:30,56.3,57.5,54.0,54.85,4656930
NOIDATOLL,2007-11-28 00:00:00+05:30,55.9,55.95,52.25,52.7,1851952
NOIDATOLL,2007-11-29 00:00:00+05:30,53.7,54.3,51.6,52.05,1373814
NOIDATOLL,2007-11-30 00:00:00+05:30,52.8,53.8,51.85,52.7,1460560
NOIDATOLL,2007-12-03 00:00:00+05:30,52.7,54.85,52.7,53.9,1608453
NOIDATOLL,2007-12-04 00:00:00+05:30,54.6,59.3,53.85,58.7,8266491
NOIDATOLL,2007-12-05 00:00:00+05:30,60.3,62.45,59.9,61.1,6576479
NOIDATOLL,2007-12-06 00:00:00+05:30,62.45,62.45,57.35,58.5,2799999
NOIDATOLL,2007-12-07 00:00:00+05:30,60.0,60.4,55.6,57.25,2379216
NOIDATOLL,2007-12-10 00:00:00+05:30,58.35,59.7,56.35,58.35,1832220
NOIDATOLL,2007-12-11 00:00:00+05:30,59.25,61.25,58.2,58.35,3433409
NOIDATOLL,2007-12-12 00:00:00+05:30,59.0,59.75,55.1,58.75,1535448
NOIDATOLL,2007-12-13 00:00:00+05:30,59.5,59.6,57.3,57.6,1572929
NOIDATOLL,2007-12-14 00:00:00+05:30,58.0,59.0,57.5,57.7,1445432
NOIDATOLL,2007-12-17 00:00:00+05:30,58.95,58.95,53.6,54.65,1809824
NOIDATOLL,2007-12-18 00:00:00+05:30,55.0,55.5,52.6,54.5,1488148
NOIDATOLL,2007-12-19 00:00:00+05:30,57.0,59.8,55.0,57.0,2824245
NOIDATOLL,2007-12-20 00:00:00+05:30,58.2,58.8,54.3,54.8,1508022
NOIDATOLL,2007-12-24 00:00:00+05:30,55.8,56.4,54.8,55.15,948864
NOIDATOLL,2007-12-26 00:00:00+05:30,55.95,60.7,55.0,60.7,9398691
NOIDATOLL,2007-12-27 00:00:00+05:30,65.0,66.8,61.3,66.8,10643173
NOIDATOLL,2007-12-28 00:00:00+05:30,68.0,73.5,68.0,73.5,16283597
NOIDATOLL,2007-12-31 00:00:00+05:30,76.4,77.2,74.0,77.2,7910082
NOIDATOLL,2008-01-01 00:00:00+05:30,80.7,81.1,78.0,81.1,7645274
NOIDATOLL,2008-01-02 00:00:00+05:30,83.95,85.2,77.5,81.35,15907424
NOIDATOLL,2008-01-03 00:00:00+05:30,82.5,82.5,77.3,77.3,4918020
NOIDATOLL,2008-01-04 00:00:00+05:30,77.5,79.8,74.0,74.6,5195002
NOIDATOLL,2008-01-07 00:00:00+05:30,74.8,78.35,73.25,78.35,2715549
NOIDATOLL,2008-01-08 00:00:00+05:30,79.0,81.75,74.45,74.5,3760657
NOIDATOLL,2008-01-09 00:00:00+05:30,74.6,74.6,71.0,71.45,2796394
NOIDATOLL,2008-01-10 00:00:00+05:30,73.0,73.0,67.9,67.9,2245753
NOIDATOLL,2008-01-11 00:00:00+05:30,67.5,69.3,64.5,67.55,1978566
NOIDATOLL,2008-01-14 00:00:00+05:30,68.0,70.0,67.3,69.25,1337491
NOIDATOLL,2008-01-15 00:00:00+05:30,69.5,71.7,66.3,67.15,1516218
NOIDATOLL,2008-01-16 00:00:00+05:30,66.75,66.75,63.8,64.9,1503660
NOIDATOLL,2008-01-17 00:00:00+05:30,67.0,68.15,65.1,68.0,1829796
NOIDATOLL,2008-01-18 00:00:00+05:30,68.2,68.2,64.6,64.6,1545080
NOIDATOLL,2008-01-21 00:00:00+05:30,63.05,63.05,61.4,61.4,878575
NOIDATOLL,2008-01-22 00:00:00+05:30,58.35,58.35,58.35,58.35,55382
NOIDATOLL,2008-01-23 00:00:00+05:30,55.45,57.9,55.45,55.45,1638910
NOIDATOLL,2008-01-24 00:00:00+05:30,55.0,55.45,52.7,52.7,765873
NOIDATOLL,2008-01-25 00:00:00+05:30,50.1,55.2,50.1,54.0,1984426
NOIDATOLL,2008-01-28 00:00:00+05:30,51.3,53.5,51.3,51.4,937281
NOIDATOLL,2008-01-29 00:00:00+05:30,52.0,54.0,52.0,54.0,1170970
NOIDATOLL,2008-01-30 00:00:00+05:30,55.9,55.9,51.3,51.45,1030861
NOIDATOLL,2008-01-31 00:00:00+05:30,51.5,52.35,48.9,50.7,904949
NOIDATOLL,2008-02-01 00:00:00+05:30,52.0,52.55,48.25,50.0,829063
NOIDATOLL,2008-02-04 00:00:00+05:30,52.4,52.5,51.2,52.5,189675
NOIDATOLL,2008-02-05 00:00:00+05:30,54.4,55.15,52.55,55.15,839774
NOIDATOLL,2008-02-06 00:00:00+05:30,54.2,56.95,52.4,55.2,2426939
NOIDATOLL,2008-02-07 00:00:00+05:30,55.8,58.0,52.45,52.65,2318842
NOIDATOLL,2008-02-08 00:00:00+05:30,52.65,53.0,50.05,51.8,1308787
NOIDATOLL,2008-02-11 00:00:00+05:30,51.1,51.95,49.25,49.25,516274
NOIDATOLL,2008-02-12 00:00:00+05:30,49.5,49.75,46.8,46.8,923287
NOIDATOLL,2008-02-13 00:00:00+05:30,46.8,47.7,44.5,44.5,777424
NOIDATOLL,2008-02-14 00:00:00+05:30,45.85,46.75,45.5,46.75,643001
NOIDATOLL,2008-02-15 00:00:00+05:30,46.75,48.65,45.55,48.15,1223163
NOIDATOLL,2008-02-18 00:00:00+05:30,49.0,49.4,46.0,46.5,898052
NOIDATOLL,2008-02-19 00:00:00+05:30,47.0,48.25,47.0,47.75,756822
NOIDATOLL,2008-02-20 00:00:00+05:30,47.0,47.7,46.05,46.3,350496
NOIDATOLL,2008-02-21 00:00:00+05:30,47.4,47.4,45.0,46.4,530002
NOIDATOLL,2008-02-22 00:00:00+05:30,45.05,46.85,44.4,44.8,1301402
NOIDATOLL,2008-02-25 00:00:00+05:30,45.5,45.95,42.65,44.25,446195
NOIDATOLL,2008-02-26 00:00:00+05:30,45.15,45.15,43.35,43.7,1063699
NOIDATOLL,2008-02-27 00:00:00+05:30,45.0,45.4,43.5,43.9,975265
NOIDATOLL,2008-02-28 00:00:00+05:30,43.5,44.15,42.25,43.1,513445
NOIDATOLL,2008-02-29 00:00:00+05:30,43.5,43.5,41.0,41.85,661134
NOIDATOLL,2008-03-03 00:00:00+05:30,41.6,41.6,39.8,39.8,440087
NOIDATOLL,2008-03-04 00:00:00+05:30,38.0,39.0,37.85,37.85,389193
NOIDATOLL,2008-03-05 00:00:00+05:30,36.1,37.85,36.0,36.55,773029
NOIDATOLL,2008-03-07 00:00:00+05:30,37.0,37.0,34.75,35.1,836477
NOIDATOLL,2008-03-10 00:00:00+05:30,34.0,37.7,28.1,36.3,1403140
NOIDATOLL,2008-03-11 00:00:00+05:30,36.3,43.6,35.7,43.05,2553605
NOIDATOLL,2008-03-12 00:00:00+05:30,43.05,49.5,41.3,42.25,2503866
NOIDATOLL,2008-03-13 00:00:00+05:30,40.0,40.45,37.0,37.3,1378480
NOIDATOLL,2008-03-14 00:00:00+05:30,38.0,40.5,37.1,39.7,1628884
NOIDATOLL,2008-03-17 00:00:00+05:30,37.0,41.7,36.8,39.1,1835618
NOIDATOLL,2008-03-18 00:00:00+05:30,39.1,40.9,37.55,38.0,982531
NOIDATOLL,2008-03-19 00:00:00+05:30,40.7,44.0,37.15,37.7,1202112
NOIDATOLL,2008-03-24 00:00:00+05:30,34.0,39.0,33.3,34.65,856383
NOIDATOLL,2008-03-25 00:00:00+05:30,35.8,38.0,34.5,37.35,1177592
NOIDATOLL,2008-03-26 00:00:00+05:30,38.0,39.2,36.5,37.85,869955
NOIDATOLL,2008-03-27 00:00:00+05:30,38.0,43.75,37.1,41.5,2974187
NOIDATOLL,2008-03-28 00:00:00+05:30,42.45,43.7,41.5,42.3,1282099
NOIDATOLL,2008-03-31 00:00:00+05:30,40.0,42.0,39.25,39.75,1016882
NOIDATOLL,2008-04-01 00:00:00+05:30,40.3,43.5,39.5,42.7,1053235
NOIDATOLL,2008-04-02 00:00:00+05:30,44.4,45.95,41.2,41.65,1135604
NOIDATOLL,2008-04-03 00:00:00+05:30,42.0,42.35,40.65,41.55,531143
NOIDATOLL,2008-04-04 00:00:00+05:30,38.5,43.2,38.5,41.55,1324285
NOIDATOLL,2008-04-07 00:00:00+05:30,42.35,42.8,40.2,42.0,593884
NOIDATOLL,2008-04-08 00:00:00+05:30,41.1,42.5,41.0,41.25,362912
NOIDATOLL,2008-04-09 00:00:00+05:30,43.0,43.0,40.3,41.2,461399
NOIDATOLL,2008-04-10 00:00:00+05:30,41.0,43.15,41.0,41.65,695631
NOIDATOLL,2008-04-11 00:00:00+05:30,40.5,44.0,40.5,41.8,481913
NOIDATOLL,2008-04-15 00:00:00+05:30,39.05,44.6,39.05,44.1,1585198
NOIDATOLL,2008-04-16 00:00:00+05:30,44.9,45.25,43.15,43.5,1100337
NOIDATOLL,2008-04-17 00:00:00+05:30,44.0,49.5,44.0,48.65,3745690
NOIDATOLL,2008-04-21 00:00:00+05:30,50.0,53.4,47.5,52.4,8126278
NOIDATOLL,2008-04-22 00:00:00+05:30,53.2,53.35,49.3,49.9,2485449
NOIDATOLL,2008-04-23 00:00:00+05:30,50.0,50.75,48.0,48.25,1262449
NOIDATOLL,2008-04-24 00:00:00+05:30,49.3,52.4,48.45,49.8,3150198
NOIDATOLL,2008-04-25 00:00:00+05:30,50.05,51.2,48.45,48.9,1071055
NOIDATOLL,2008-04-28 00:00:00+05:30,48.9,50.5,47.75,48.25,945636
NOIDATOLL,2008-04-29 00:00:00+05:30,48.2,49.55,48.0,48.7,734007
NOIDATOLL,2008-04-30 00:00:00+05:30,49.0,49.55,48.25,48.5,764173
NOIDATOLL,2008-05-02 00:00:00+05:30,48.75,52.9,48.5,51.95,4318607
NOIDATOLL,2008-05-05 00:00:00+05:30,52.5,54.7,51.9,53.25,4488561
NOIDATOLL,2008-05-06 00:00:00+05:30,53.25,54.0,50.7,51.8,2151243
NOIDATOLL,2008-05-07 00:00:00+05:30,52.0,52.15,50.1,50.5,1403719
NOIDATOLL,2008-05-08 00:00:00+05:30,49.7,50.0,48.6,49.25,922965
NOIDATOLL,2008-05-09 00:00:00+05:30,49.6,50.9,46.9,47.6,1443476
NOIDATOLL,2008-05-12 00:00:00+05:30,46.5,47.65,44.5,47.35,1383719
NOIDATOLL,2008-05-13 00:00:00+05:30,49.0,49.2,46.3,46.7,1015224
NOIDATOLL,2008-05-14 00:00:00+05:30,47.0,47.7,45.75,47.1,744126
NOIDATOLL,2008-05-15 00:00:00+05:30,47.5,49.1,47.5,47.95,830469
NOIDATOLL,2008-05-16 00:00:00+05:30,48.25,49.8,48.0,48.7,954141
NOIDATOLL,2008-05-20 00:00:00+05:30,48.9,48.9,47.75,48.05,484871
NOIDATOLL,2008-05-21 00:00:00+05:30,48.0,51.4,46.9,50.9,1601483
NOIDATOLL,2008-05-22 00:00:00+05:30,49.65,53.0,47.5,50.25,3484614
NOIDATOLL,2008-05-23 00:00:00+05:30,50.95,51.7,47.55,48.0,1517973
NOIDATOLL,2008-05-26 00:00:00+05:30,47.15,47.95,46.5,46.6,566008
NOIDATOLL,2008-05-27 00:00:00+05:30,47.3,48.3,44.8,45.7,1030049
NOIDATOLL,2008-05-28 00:00:00+05:30,46.5,46.8,44.75,46.45,738552
NOIDATOLL,2008-05-29 00:00:00+05:30,47.0,47.75,44.3,44.95,715377
NOIDATOLL,2008-05-30 00:00:00+05:30,46.1,46.1,44.1,45.0,623560
NOIDATOLL,2008-06-02 00:00:00+05:30,45.95,45.95,42.6,43.05,479901
NOIDATOLL,2008-06-03 00:00:00+05:30,41.5,43.7,40.65,43.3,678567
NOIDATOLL,2008-06-04 00:00:00+05:30,43.0,43.9,42.15,42.55,550397
NOIDATOLL,2008-06-05 00:00:00+05:30,42.5,43.3,41.65,42.85,546899
NOIDATOLL,2008-06-06 00:00:00+05:30,43.25,43.4,42.2,42.55,415021
NOIDATOLL,2008-06-09 00:00:00+05:30,40.25,41.85,38.0,41.45,600009
NOIDATOLL,2008-06-10 00:00:00+05:30,41.45,42.25,39.5,40.5,574290
NOIDATOLL,2008-06-11 00:00:00+05:30,41.0,41.6,41.0,41.2,266949
NOIDATOLL,2008-06-12 00:00:00+05:30,39.5,42.5,39.5,42.05,292829
NOIDATOLL,2008-06-13 00:00:00+05:30,42.25,42.8,41.25,41.95,247502
NOIDATOLL,2008-06-16 00:00:00+05:30,42.05,43.7,41.8,42.05,318522
NOIDATOLL,2008-06-17 00:00:00+05:30,41.8,43.4,41.6,42.15,360470
NOIDATOLL,2008-06-18 00:00:00+05:30,42.5,44.15,42.05,42.25,491197
NOIDATOLL,2008-06-19 00:00:00+05:30,41.5,41.9,41.0,41.35,264614
NOIDATOLL,2008-06-20 00:00:00+05:30,42.25,42.4,39.0,39.75,438390
NOIDATOLL,2008-06-23 00:00:00+05:30,39.5,40.2,37.0,37.9,394502
NOIDATOLL,2008-06-24 00:00:00+05:30,38.0,39.3,35.4,36.35,400681
NOIDATOLL,2008-06-25 00:00:00+05:30,35.0,37.45,34.3,36.5,401226
NOIDATOLL,2008-06-26 00:00:00+05:30,37.45,37.55,35.5,36.0,323742
NOIDATOLL,2008-06-27 00:00:00+05:30,35.2,35.7,34.35,34.75,264875
NOIDATOLL,2008-06-30 00:00:00+05:30,34.5,35.4,32.1,32.4,289500
NOIDATOLL,2008-07-01 00:00:00+05:30,32.1,32.8,30.55,31.4,558130
NOIDATOLL,2008-07-02 00:00:00+05:30,31.25,32.3,29.25,31.75,556209
NOIDATOLL,2008-07-03 00:00:00+05:30,31.95,31.95,30.0,31.0,297499
NOIDATOLL,2008-07-04 00:00:00+05:30,30.75,36.0,30.2,34.25,1010403
NOIDATOLL,2008-07-07 00:00:00+05:30,34.75,36.55,34.25,35.0,643793
NOIDATOLL,2008-07-08 00:00:00+05:30,34.0,34.9,32.5,34.5,332514
NOIDATOLL,2008-07-09 00:00:00+05:30,35.1,37.45,35.05,35.8,363227
NOIDATOLL,2008-07-10 00:00:00+05:30,35.4,37.8,35.0,36.05,653118
NOIDATOLL,2008-07-11 00:00:00+05:30,37.0,37.0,34.0,34.3,391775
NOIDATOLL,2008-07-14 00:00:00+05:30,33.9,35.35,33.3,34.1,287028
NOIDATOLL,2008-07-15 00:00:00+05:30,34.0,34.0,32.0,32.25,362529
NOIDATOLL,2008-07-16 00:00:00+05:30,32.45,33.9,31.7,32.15,420758
NOIDATOLL,2008-07-17 00:00:00+05:30,32.5,34.0,32.4,33.15,323258
NOIDATOLL,2008-07-18 00:00:00+05:30,33.65,33.7,33.0,33.3,242926
NOIDATOLL,2008-07-21 00:00:00+05:30,33.1,33.85,32.8,33.05,148583
NOIDATOLL,2008-07-22 00:00:00+05:30,34.2,34.7,32.65,34.0,282388
NOIDATOLL,2008-07-23 00:00:00+05:30,35.4,38.3,35.2,37.1,767349
NOIDATOLL,2008-07-24 00:00:00+05:30,37.1,39.65,37.0,37.45,534958
NOIDATOLL,2008-07-25 00:00:00+05:30,36.05,38.75,36.05,36.45,1219205
NOIDATOLL,2008-07-28 00:00:00+05:30,36.0,37.7,36.0,36.7,364613
NOIDATOLL,2008-07-29 00:00:00+05:30,36.15,38.15,35.7,36.0,487276
NOIDATOLL,2008-07-30 00:00:00+05:30,36.9,39.15,36.7,38.05,1482123
NOIDATOLL,2008-07-31 00:00:00+05:30,38.05,39.0,37.0,37.3,548268
NOIDATOLL,2008-08-01 00:00:00+05:30,36.9,38.0,35.5,37.25,441668
NOIDATOLL,2008-08-04 00:00:00+05:30,35.1,39.55,35.1,38.4,1218610
NOIDATOLL,2008-08-05 00:00:00+05:30,38.5,39.2,38.0,38.4,657654
NOIDATOLL,2008-08-06 00:00:00+05:30,39.8,39.8,36.75,37.25,528436
NOIDATOLL,2008-08-07 00:00:00+05:30,37.05,38.9,37.05,37.55,440996
NOIDATOLL,2008-08-08 00:00:00+05:30,35.1,45.1,35.1,45.05,8839978
NOIDATOLL,2008-08-11 00:00:00+05:30,46.0,47.7,43.6,44.25,7876846
NOIDATOLL,2008-08-12 00:00:00+05:30,44.5,45.15,42.25,42.55,1864867
NOIDATOLL,2008-08-13 00:00:00+05:30,45.45,50.4,43.25,49.15,16151080
NOIDATOLL,2008-08-14 00:00:00+05:30,47.9,48.8,45.1,45.45,6775694
NOIDATOLL,2008-08-18 00:00:00+05:30,45.9,47.75,44.8,46.55,4541839
NOIDATOLL,2008-08-19 00:00:00+05:30,46.75,48.65,45.8,47.8,7703783
NOIDATOLL,2008-08-20 00:00:00+05:30,48.0,50.15,47.45,49.35,7671791
NOIDATOLL,2008-08-21 00:00:00+05:30,49.0,49.6,43.15,43.9,10890508
NOIDATOLL,2008-08-22 00:00:00+05:30,43.5,45.9,43.1,44.55,6025411
NOIDATOLL,2008-08-25 00:00:00+05:30,45.0,45.7,42.55,42.9,3385082
NOIDATOLL,2008-08-26 00:00:00+05:30,42.5,45.15,42.0,44.35,4601052
NOIDATOLL,2008-08-27 00:00:00+05:30,44.5,44.75,42.2,42.45,2943708
NOIDATOLL,2008-08-28 00:00:00+05:30,42.8,43.0,41.05,41.3,2582884
NOIDATOLL,2008-08-29 00:00:00+05:30,42.1,43.5,41.75,42.45,3422724
NOIDATOLL,2008-09-01 00:00:00+05:30,43.0,45.8,42.25,45.1,11742359
NOIDATOLL,2008-09-02 00:00:00+05:30,45.3,45.5,43.85,44.4,4111624
NOIDATOLL,2008-09-04 00:00:00+05:30,44.0,45.5,43.55,44.45,2657446
NOIDATOLL,2008-09-05 00:00:00+05:30,43.0,44.3,43.0,43.45,1684003
NOIDATOLL,2008-09-08 00:00:00+05:30,44.8,45.45,43.25,43.45,1147979
NOIDATOLL,2008-09-09 00:00:00+05:30,43.05,43.65,42.5,42.95,935973
NOIDATOLL,2008-09-10 00:00:00+05:30,42.6,43.35,41.3,41.6,1264007
NOIDATOLL,2008-09-11 00:00:00+05:30,41.5,42.25,41.15,41.55,1313976
NOIDATOLL,2008-09-12 00:00:00+05:30,42.45,42.45,39.35,39.85,1347078
NOIDATOLL,2008-09-15 00:00:00+05:30,36.65,39.35,34.9,36.55,1732181
NOIDATOLL,2008-09-16 00:00:00+05:30,34.75,37.95,33.0,37.45,2043089
NOIDATOLL,2008-09-17 00:00:00+05:30,38.15,38.2,35.5,36.6,1572907
NOIDATOLL,2008-09-18 00:00:00+05:30,36.0,36.0,33.0,35.6,1410882
NOIDATOLL,2008-09-19 00:00:00+05:30,36.55,37.5,36.2,37.05,2199925
NOIDATOLL,2008-09-22 00:00:00+05:30,37.5,37.8,36.2,36.6,765825
NOIDATOLL,2008-09-23 00:00:00+05:30,36.0,36.5,35.3,35.65,548978
NOIDATOLL,2008-09-24 00:00:00+05:30,36.5,36.5,35.55,36.0,605741
NOIDATOLL,2008-09-25 00:00:00+05:30,36.0,36.0,34.4,34.9,1462025
NOIDATOLL,2008-09-26 00:00:00+05:30,35.1,35.1,33.3,33.55,723168
NOIDATOLL,2008-09-29 00:00:00+05:30,33.6,34.0,31.1,31.9,869314
NOIDATOLL,2008-09-30 00:00:00+05:30,31.0,32.4,29.65,31.85,1351812
NOIDATOLL,2008-10-01 00:00:00+05:30,32.0,32.75,31.5,32.1,792719
NOIDATOLL,2008-10-03 00:00:00+05:30,34.65,34.65,30.05,30.3,702322
NOIDATOLL,2008-10-06 00:00:00+05:30,30.0,30.15,26.05,26.45,1426862
NOIDATOLL,2008-10-07 00:00:00+05:30,27.0,28.2,26.05,26.75,1294755
NOIDATOLL,2008-10-08 00:00:00+05:30,25.55,26.2,23.75,25.7,1068390
NOIDATOLL,2008-10-10 00:00:00+05:30,22.4,24.95,22.3,22.8,1286306
NOIDATOLL,2008-10-13 00:00:00+05:30,23.0,26.0,23.0,25.05,1055162
NOIDATOLL,2008-10-14 00:00:00+05:30,26.45,27.9,26.45,26.95,1366628
NOIDATOLL,2008-10-15 00:00:00+05:30,25.6,26.3,24.55,24.85,517331
NOIDATOLL,2008-10-16 00:00:00+05:30,25.0,25.0,22.55,23.95,839757
NOIDATOLL,2008-10-17 00:00:00+05:30,24.0,25.4,22.2,22.5,1010464
NOIDATOLL,2008-10-20 00:00:00+05:30,22.5,23.25,22.35,22.7,585010
NOIDATOLL,2008-10-21 00:00:00+05:30,23.0,24.45,23.0,23.6,1078061
NOIDATOLL,2008-10-22 00:00:00+05:30,23.7,23.7,22.5,22.65,522835
NOIDATOLL,2008-10-23 00:00:00+05:30,22.2,22.25,21.1,21.5,445930
NOIDATOLL,2008-10-24 00:00:00+05:30,21.5,21.95,20.05,20.5,1038423
NOIDATOLL,2008-10-27 00:00:00+05:30,19.85,20.0,17.6,19.35,777733
NOIDATOLL,2008-10-28 00:00:00+05:30,21.0,21.0,20.0,20.45,240334
NOIDATOLL,2008-10-29 00:00:00+05:30,21.5,21.5,17.85,18.3,1023613
NOIDATOLL,2008-10-31 00:00:00+05:30,19.0,19.45,18.3,18.75,811805
NOIDATOLL,2008-11-03 00:00:00+05:30,19.75,20.95,19.7,20.0,1102348
NOIDATOLL,2008-11-04 00:00:00+05:30,19.75,21.85,19.35,21.35,1561780
NOIDATOLL,2008-11-05 00:00:00+05:30,22.45,22.9,20.0,20.3,1630791
NOIDATOLL,2008-11-06 00:00:00+05:30,20.0,20.3,19.05,19.6,695630
NOIDATOLL,2008-11-07 00:00:00+05:30,19.6,20.7,19.55,20.15,501676
NOIDATOLL,2008-11-10 00:00:00+05:30,21.0,22.5,20.7,21.95,1475623
NOIDATOLL,2008-11-11 00:00:00+05:30,21.8,21.9,20.5,20.85,1181417
NOIDATOLL,2008-11-12 00:00:00+05:30,20.35,21.1,20.05,20.3,714171
NOIDATOLL,2008-11-14 00:00:00+05:30,20.55,21.0,20.1,20.25,511562
NOIDATOLL,2008-11-17 00:00:00+05:30,21.25,21.25,19.4,19.75,435891
NOIDATOLL,2008-11-18 00:00:00+05:30,21.0,21.0,18.3,18.45,580602
NOIDATOLL,2008-11-19 00:00:00+05:30,18.9,19.15,17.5,17.7,673170
NOIDATOLL,2008-11-20 00:00:00+05:30,17.45,17.45,16.9,17.3,628634
NOIDATOLL,2008-11-21 00:00:00+05:30,17.3,18.7,16.7,18.2,834423
NOIDATOLL,2008-11-24 00:00:00+05:30,17.85,19.0,17.75,17.85,321225
NOIDATOLL,2008-11-25 00:00:00+05:30,18.6,18.85,17.1,17.3,366842
NOIDATOLL,2008-11-26 00:00:00+05:30,17.3,17.8,16.7,16.95,300389
NOIDATOLL,2008-11-28 00:00:00+05:30,16.25,17.35,15.9,17.0,571872
NOIDATOLL,2008-12-01 00:00:00+05:30,17.0,17.7,16.8,17.25,633866
NOIDATOLL,2008-12-02 00:00:00+05:30,16.35,17.05,16.35,16.8,293183
NOIDATOLL,2008-12-03 00:00:00+05:30,17.0,17.25,16.55,16.7,236669
NOIDATOLL,2008-12-04 00:00:00+05:30,16.95,18.8,16.9,18.4,959123
NOIDATOLL,2008-12-05 00:00:00+05:30,18.9,19.2,18.05,18.2,765385
NOIDATOLL,2008-12-08 00:00:00+05:30,18.75,19.25,17.9,18.05,414310
NOIDATOLL,2008-12-10 00:00:00+05:30,18.25,18.8,17.7,18.6,651480
NOIDATOLL,2008-12-11 00:00:00+05:30,19.3,19.35,18.15,18.65,918631
NOIDATOLL,2008-12-12 00:00:00+05:30,18.25,20.25,17.8,19.8,1859547
NOIDATOLL,2008-12-15 00:00:00+05:30,20.0,22.75,20.0,22.5,2956351
NOIDATOLL,2008-12-16 00:00:00+05:30,22.9,23.4,21.6,22.5,2039901
NOIDATOLL,2008-12-17 00:00:00+05:30,23.0,23.3,20.0,20.2,1344090
NOIDATOLL,2008-12-18 00:00:00+05:30,20.2,22.2,20.0,21.8,1675270
NOIDATOLL,2008-12-19 00:00:00+05:30,21.75,22.35,21.0,21.95,1749610
NOIDATOLL,2008-12-22 00:00:00+05:30,22.25,24.0,21.25,23.45,3937138
NOIDATOLL,2008-12-23 00:00:00+05:30,24.0,25.1,22.0,22.25,3645859
NOIDATOLL,2008-12-24 00:00:00+05:30,22.0,22.25,20.85,21.35,1929210
NOIDATOLL,2008-12-26 00:00:00+05:30,21.8,22.05,20.3,20.5,912935
NOIDATOLL,2008-12-29 00:00:00+05:30,20.6,21.4,19.8,21.25,1007947
NOIDATOLL,2008-12-30 00:00:00+05:30,21.4,22.25,21.1,21.45,1578280
NOIDATOLL,2008-12-31 00:00:00+05:30,21.8,22.8,21.3,22.6,2286542
NOIDATOLL,2009-01-01 00:00:00+05:30,23.0,27.7,22.4,27.05,10318531
NOIDATOLL,2009-01-02 00:00:00+05:30,27.7,28.35,25.95,26.15,5465193
NOIDATOLL,2009-01-05 00:00:00+05:30,26.15,27.25,25.45,25.65,1793102
NOIDATOLL,2009-01-06 00:00:00+05:30,23.65,25.7,23.65,24.15,1935327
NOIDATOLL,2009-01-07 00:00:00+05:30,24.6,25.95,22.0,22.8,3462213
NOIDATOLL,2009-01-09 00:00:00+05:30,22.0,22.45,20.35,21.25,1202876
NOIDATOLL,2009-01-12 00:00:00+05:30,21.25,23.35,21.25,22.8,2103140
NOIDATOLL,2009-01-13 00:00:00+05:30,23.2,24.25,22.05,22.55,2461053
NOIDATOLL,2009-01-14 00:00:00+05:30,23.0,23.9,22.45,23.25,1415190
NOIDATOLL,2009-01-15 00:00:00+05:30,22.15,23.5,22.15,23.15,1243312
NOIDATOLL,2009-01-16 00:00:00+05:30,23.3,24.0,22.55,23.65,1331817
NOIDATOLL,2009-01-19 00:00:00+05:30,24.9,24.9,22.95,23.2,1060025
NOIDATOLL,2009-01-20 00:00:00+05:30,22.6,24.05,22.55,23.6,1272827
NOIDATOLL,2009-01-21 00:00:00+05:30,23.5,24.2,22.15,22.5,1012959
NOIDATOLL,2009-01-22 00:00:00+05:30,22.8,23.95,22.05,22.8,2674157
NOIDATOLL,2009-01-23 00:00:00+05:30,22.8,23.2,21.8,22.65,1044954
NOIDATOLL,2009-01-27 00:00:00+05:30,23.0,23.1,22.05,22.1,742844
NOIDATOLL,2009-01-28 00:00:00+05:30,22.35,22.65,22.15,22.5,471119
NOIDATOLL,2009-01-29 00:00:00+05:30,22.8,23.2,22.45,22.65,456635
NOIDATOLL,2009-01-30 00:00:00+05:30,22.4,22.95,22.25,22.7,380432
NOIDATOLL,2009-02-02 00:00:00+05:30,22.5,23.8,22.25,22.95,912701
NOIDATOLL,2009-02-03 00:00:00+05:30,23.0,23.55,22.55,22.7,453511
NOIDATOLL,2009-02-04 00:00:00+05:30,23.0,24.4,22.25,22.5,1773540
NOIDATOLL,2009-02-05 00:00:00+05:30,22.6,23.3,22.5,22.7,983250
NOIDATOLL,2009-02-06 00:00:00+05:30,23.0,24.45,22.75,23.35,4525613
NOIDATOLL,2009-02-09 00:00:00+05:30,24.0,24.75,23.7,24.15,1872548
NOIDATOLL,2009-02-10 00:00:00+05:30,24.3,24.45,23.15,23.35,1029300
NOIDATOLL,2009-02-11 00:00:00+05:30,23.0,23.7,22.8,23.3,542643
NOIDATOLL,2009-02-12 00:00:00+05:30,23.5,24.25,23.1,23.3,987300
NOIDATOLL,2009-02-13 00:00:00+05:30,23.6,23.9,23.3,23.55,617194
NOIDATOLL,2009-02-16 00:00:00+05:30,23.5,23.75,22.55,22.7,679596
NOIDATOLL,2009-02-17 00:00:00+05:30,22.7,22.85,22.1,22.25,529883
NOIDATOLL,2009-02-18 00:00:00+05:30,22.0,23.7,22.0,23.45,2347775
NOIDATOLL,2009-02-19 00:00:00+05:30,23.5,23.85,22.85,22.95,634999
NOIDATOLL,2009-02-20 00:00:00+05:30,22.65,22.8,22.1,22.25,528483
NOIDATOLL,2009-02-24 00:00:00+05:30,22.25,22.25,21.65,21.75,457124
NOIDATOLL,2009-02-25 00:00:00+05:30,22.35,22.8,21.85,22.1,916488
NOIDATOLL,2009-02-26 00:00:00+05:30,22.3,22.35,21.85,21.9,694059
NOIDATOLL,2009-02-27 00:00:00+05:30,22.2,22.5,21.9,22.3,747013
NOIDATOLL,2009-03-02 00:00:00+05:30,21.95,22.45,21.7,22.25,526454
NOIDATOLL,2009-03-03 00:00:00+05:30,22.1,22.5,21.75,21.9,456605
NOIDATOLL,2009-03-04 00:00:00+05:30,21.95,22.45,21.6,22.25,481745
NOIDATOLL,2009-03-05 00:00:00+05:30,22.0,22.6,21.2,21.4,369394
NOIDATOLL,2009-03-06 00:00:00+05:30,21.4,21.9,20.6,21.3,385657
NOIDATOLL,2009-03-09 00:00:00+05:30,21.25,21.25,20.5,20.65,243027
NOIDATOLL,2009-03-12 00:00:00+05:30,20.75,21.3,20.75,21.0,268108
NOIDATOLL,2009-03-13 00:00:00+05:30,21.5,21.6,21.05,21.3,342948
NOIDATOLL,2009-03-16 00:00:00+05:30,21.3,21.7,21.1,21.55,290286
NOIDATOLL,2009-03-17 00:00:00+05:30,21.5,22.4,21.15,21.5,445421
NOIDATOLL,2009-03-18 00:00:00+05:30,21.8,23.7,21.2,22.1,1445609
NOIDATOLL,2009-03-19 00:00:00+05:30,22.65,22.85,22.1,22.2,489504
NOIDATOLL,2009-03-20 00:00:00+05:30,21.65,22.9,21.65,22.75,542007
NOIDATOLL,2009-03-23 00:00:00+05:30,22.6,23.4,22.6,23.1,577383
NOIDATOLL,2009-03-24 00:00:00+05:30,23.1,24.75,23.1,24.05,1884960
NOIDATOLL,2009-03-25 00:00:00+05:30,24.4,24.8,23.5,23.8,967305
NOIDATOLL,2009-03-26 00:00:00+05:30,23.5,24.7,23.5,24.5,1183536
NOIDATOLL,2009-03-27 00:00:00+05:30,24.7,25.4,24.0,24.6,912466
NOIDATOLL,2009-03-30 00:00:00+05:30,24.0,26.3,23.6,24.15,2179320
NOIDATOLL,2009-03-31 00:00:00+05:30,24.7,25.0,23.0,23.8,1838973
NOIDATOLL,2009-04-01 00:00:00+05:30,23.95,25.95,23.75,25.0,2140602
NOIDATOLL,2009-04-02 00:00:00+05:30,25.5,25.85,24.6,25.05,1603319
NOIDATOLL,2009-04-06 00:00:00+05:30,25.05,26.35,25.05,26.05,1797900
NOIDATOLL,2009-04-08 00:00:00+05:30,25.2,27.5,25.05,27.15,2707110
NOIDATOLL,2009-04-09 00:00:00+05:30,27.8,28.3,26.15,27.55,2863343
NOIDATOLL,2009-04-13 00:00:00+05:30,28.0,29.2,27.1,28.3,2122105
NOIDATOLL,2009-04-15 00:00:00+05:30,28.4,30.1,27.8,29.1,2427422
NOIDATOLL,2009-04-16 00:00:00+05:30,29.55,30.4,26.25,26.75,1971636
NOIDATOLL,2009-04-17 00:00:00+05:30,27.1,27.85,25.45,25.85,1239855
NOIDATOLL,2009-04-20 00:00:00+05:30,26.3,27.2,25.95,26.45,737067
NOIDATOLL,2009-04-21 00:00:00+05:30,26.0,31.9,25.6,31.4,10130328
NOIDATOLL,2009-04-22 00:00:00+05:30,32.0,32.3,27.6,28.05,6808245
NOIDATOLL,2009-04-23 00:00:00+05:30,28.25,29.15,26.3,28.45,2713268
NOIDATOLL,2009-04-24 00:00:00+05:30,28.0,29.9,27.65,28.75,2984174
NOIDATOLL,2009-04-27 00:00:00+05:30,28.9,30.15,27.8,28.15,2993567
NOIDATOLL,2009-04-28 00:00:00+05:30,28.5,28.65,27.0,28.0,1839811
NOIDATOLL,2009-04-29 00:00:00+05:30,29.05,32.0,29.05,29.95,12930421
NOIDATOLL,2009-05-04 00:00:00+05:30,31.0,32.0,29.7,30.15,4907186
NOIDATOLL,2009-05-05 00:00:00+05:30,30.25,30.45,29.5,29.8,1876443
NOIDATOLL,2009-05-06 00:00:00+05:30,30.15,30.95,28.6,29.0,2500308
NOIDATOLL,2009-05-07 00:00:00+05:30,29.8,30.4,29.0,30.1,2100865
NOIDATOLL,2009-05-08 00:00:00+05:30,29.8,30.4,28.85,29.25,1216208
NOIDATOLL,2009-05-11 00:00:00+05:30,29.9,29.9,28.25,28.8,1023023
NOIDATOLL,2009-05-12 00:00:00+05:30,29.1,30.4,29.1,29.4,3185397
NOIDATOLL,2009-05-13 00:00:00+05:30,29.7,29.95,28.15,28.4,1340629
NOIDATOLL,2009-05-14 00:00:00+05:30,27.5,28.2,26.7,27.8,1858262
NOIDATOLL,2009-05-15 00:00:00+05:30,27.95,28.55,27.35,27.7,977060
NOIDATOLL,2009-05-18 00:00:00+05:30,30.0,31.85,29.2,31.15,20308
NOIDATOLL,2009-05-19 00:00:00+05:30,35.0,35.0,28.0,30.5,4494482
NOIDATOLL,2009-05-20 00:00:00+05:30,30.9,34.25,30.5,33.9,6730742
NOIDATOLL,2009-05-21 00:00:00+05:30,34.0,36.9,33.5,35.7,7428971
NOIDATOLL,2009-05-22 00:00:00+05:30,37.1,40.1,36.5,39.55,13363854
NOIDATOLL,2009-05-25 00:00:00+05:30,39.95,40.45,38.5,39.1,5409570
NOIDATOLL,2009-05-26 00:00:00+05:30,38.5,41.65,36.2,36.85,6170938
NOIDATOLL,2009-05-27 00:00:00+05:30,38.0,39.4,37.6,38.5,3904857
NOIDATOLL,2009-05-28 00:00:00+05:30,38.85,38.95,36.9,37.2,4139885
NOIDATOLL,2009-05-29 00:00:00+05:30,37.3,40.4,37.3,39.95,7728720
NOIDATOLL,2009-06-01 00:00:00+05:30,41.0,42.8,41.0,41.7,9022957
NOIDATOLL,2009-06-02 00:00:00+05:30,42.0,42.5,40.1,41.05,3482257
NOIDATOLL,2009-06-03 00:00:00+05:30,43.0,43.0,40.4,41.5,3723524
NOIDATOLL,2009-06-04 00:00:00+05:30,41.45,45.6,40.8,45.0,10538805
NOIDATOLL,2009-06-05 00:00:00+05:30,46.0,46.3,42.25,42.65,5819601
NOIDATOLL,2009-06-08 00:00:00+05:30,42.8,43.2,38.05,38.55,3389223
NOIDATOLL,2009-06-09 00:00:00+05:30,38.0,40.9,36.5,40.35,5718576
NOIDATOLL,2009-06-10 00:00:00+05:30,41.0,43.15,39.6,40.6,4870626
NOIDATOLL,2009-06-11 00:00:00+05:30,40.8,45.0,39.6,44.4,9616287
NOIDATOLL,2009-06-12 00:00:00+05:30,45.75,47.6,43.35,46.8,19725517
NOIDATOLL,2009-06-15 00:00:00+05:30,46.6,48.5,45.1,45.55,10043977
NOIDATOLL,2009-06-16 00:00:00+05:30,42.15,47.0,42.15,46.75,6828140
NOIDATOLL,2009-06-17 00:00:00+05:30,46.5,47.15,42.5,42.95,4404564
NOIDATOLL,2009-06-18 00:00:00+05:30,43.0,45.6,40.15,44.05,7220687
NOIDATOLL,2009-06-19 00:00:00+05:30,44.8,45.5,42.45,44.05,4300639
NOIDATOLL,2009-06-22 00:00:00+05:30,44.5,44.65,42.1,42.45,1585994
NOIDATOLL,2009-06-23 00:00:00+05:30,42.0,43.1,40.85,42.5,2064295
NOIDATOLL,2009-06-24 00:00:00+05:30,44.0,44.35,43.1,43.45,1914548
NOIDATOLL,2009-06-25 00:00:00+05:30,44.75,44.75,41.9,42.4,3498455
NOIDATOLL,2009-06-26 00:00:00+05:30,43.4,43.95,42.55,43.2,1342579
NOIDATOLL,2009-06-29 00:00:00+05:30,43.5,44.25,42.4,42.75,1639987
NOIDATOLL,2009-06-30 00:00:00+05:30,43.05,44.2,40.55,40.9,2423781
NOIDATOLL,2009-07-01 00:00:00+05:30,41.7,42.4,39.45,41.25,1734234
NOIDATOLL,2009-07-02 00:00:00+05:30,41.65,43.35,40.6,42.8,3728309
NOIDATOLL,2009-07-03 00:00:00+05:30,43.2,44.2,42.5,43.2,5994482
NOIDATOLL,2009-07-06 00:00:00+05:30,44.2,44.2,39.15,39.55,2424960
NOIDATOLL,2009-07-07 00:00:00+05:30,39.85,40.7,38.3,39.6,1452309
NOIDATOLL,2009-07-08 00:00:00+05:30,38.8,39.0,37.0,37.8,1308770
NOIDATOLL,2009-07-09 00:00:00+05:30,38.0,38.1,34.9,35.3,2686266
NOIDATOLL,2009-07-10 00:00:00+05:30,35.6,36.65,34.35,35.05,3505558
NOIDATOLL,2009-07-13 00:00:00+05:30,34.4,34.4,32.3,32.6,1594015
NOIDATOLL,2009-07-14 00:00:00+05:30,34.0,34.7,32.9,33.65,2908296
NOIDATOLL,2009-07-15 00:00:00+05:30,34.75,36.45,34.1,36.2,3684665
NOIDATOLL,2009-07-16 00:00:00+05:30,37.0,41.2,36.05,40.05,8512322
NOIDATOLL,2009-07-17 00:00:00+05:30,40.0,42.3,40.0,41.4,7508416
NOIDATOLL,2009-07-20 00:00:00+05:30,41.9,42.05,40.5,41.45,2302409
NOIDATOLL,2009-07-21 00:00:00+05:30,41.8,42.5,40.5,41.65,3147743
NOIDATOLL,2009-07-22 00:00:00+05:30,42.0,42.6,39.2,39.65,3211405
NOIDATOLL,2009-07-23 00:00:00+05:30,40.35,41.9,40.2,41.7,2119872
NOIDATOLL,2009-07-24 00:00:00+05:30,42.0,42.5,41.1,41.7,2471524
NOIDATOLL,2009-07-27 00:00:00+05:30,42.0,44.7,41.65,44.35,7881487
NOIDATOLL,2009-07-28 00:00:00+05:30,44.75,45.65,43.65,44.25,5146753
NOIDATOLL,2009-07-29 00:00:00+05:30,44.0,44.6,41.5,42.55,3563315
NOIDATOLL,2009-07-30 00:00:00+05:30,42.05,42.8,41.8,42.2,1825882
NOIDATOLL,2009-07-31 00:00:00+05:30,42.95,44.2,42.1,43.0,2684138
NOIDATOLL,2009-08-03 00:00:00+05:30,43.55,44.5,42.35,43.5,1419836
NOIDATOLL,2009-08-04 00:00:00+05:30,44.1,45.5,43.5,44.35,4427729
NOIDATOLL,2009-08-05 00:00:00+05:30,44.8,44.8,42.9,44.1,2326065
NOIDATOLL,2009-08-06 00:00:00+05:30,44.1,44.25,41.15,42.0,2414944
NOIDATOLL,2009-08-07 00:00:00+05:30,41.9,42.6,40.5,40.85,1785267
NOIDATOLL,2009-08-10 00:00:00+05:30,42.05,42.05,38.45,39.35,1957739
NOIDATOLL,2009-08-11 00:00:00+05:30,39.5,40.5,39.1,40.0,1200163
NOIDATOLL,2009-08-12 00:00:00+05:30,39.25,39.95,38.6,39.75,958449
NOIDATOLL,2009-08-13 00:00:00+05:30,40.25,42.35,40.25,42.05,1915535
NOIDATOLL,2009-08-14 00:00:00+05:30,42.5,42.75,40.95,41.15,1430440
NOIDATOLL,2009-08-17 00:00:00+05:30,39.85,40.55,38.2,38.5,1557294
NOIDATOLL,2009-08-18 00:00:00+05:30,38.5,40.1,38.1,39.75,1281686
NOIDATOLL,2009-08-19 00:00:00+05:30,39.8,40.9,38.9,39.05,1281092
NOIDATOLL,2009-08-20 00:00:00+05:30,39.7,40.45,39.25,39.5,794492
NOIDATOLL,2009-08-21 00:00:00+05:30,39.9,41.55,39.2,40.65,2616402
NOIDATOLL,2009-08-24 00:00:00+05:30,41.0,41.95,40.4,41.55,1820895
NOIDATOLL,2009-08-25 00:00:00+05:30,41.75,41.85,41.0,41.45,1351202
NOIDATOLL,2009-08-26 00:00:00+05:30,41.8,43.5,41.4,42.6,2295471
NOIDATOLL,2009-08-27 00:00:00+05:30,43.5,44.6,43.0,43.9,5726146
NOIDATOLL,2009-08-28 00:00:00+05:30,44.9,45.05,43.4,44.05,2965441
NOIDATOLL,2009-08-31 00:00:00+05:30,43.75,44.15,43.2,43.7,1881059
NOIDATOLL,2009-09-01 00:00:00+05:30,44.0,44.25,41.25,41.8,1747048
NOIDATOLL,2009-09-02 00:00:00+05:30,41.15,42.35,41.05,41.35,1152683
NOIDATOLL,2009-09-03 00:00:00+05:30,41.4,42.9,41.1,41.65,1529262
NOIDATOLL,2009-09-04 00:00:00+05:30,42.0,42.5,41.25,42.1,917296
NOIDATOLL,2009-09-07 00:00:00+05:30,42.55,43.1,42.0,42.65,1183559
NOIDATOLL,2009-09-08 00:00:00+05:30,43.0,43.35,41.8,42.2,1129020
NOIDATOLL,2009-09-09 00:00:00+05:30,42.4,42.55,41.1,41.4,891758
NOIDATOLL,2009-09-10 00:00:00+05:30,41.95,43.3,41.15,41.35,920658
NOIDATOLL,2009-09-11 00:00:00+05:30,41.8,41.8,40.8,41.15,602506
NOIDATOLL,2009-09-14 00:00:00+05:30,41.0,41.9,40.25,40.8,603391
NOIDATOLL,2009-09-15 00:00:00+05:30,41.25,42.7,40.8,41.75,1219794
NOIDATOLL,2009-09-16 00:00:00+05:30,42.3,42.8,41.4,41.5,1900519
NOIDATOLL,2009-09-17 00:00:00+05:30,42.0,42.4,41.5,41.85,1354536
NOIDATOLL,2009-09-18 00:00:00+05:30,41.85,42.95,41.55,41.85,2163598
NOIDATOLL,2009-09-22 00:00:00+05:30,41.85,42.85,41.7,42.0,2260330
NOIDATOLL,2009-09-23 00:00:00+05:30,42.35,42.35,41.35,41.5,1345401
NOIDATOLL,2009-09-24 00:00:00+05:30,41.1,41.4,40.5,40.7,2447218
NOIDATOLL,2009-09-25 00:00:00+05:30,40.3,42.8,40.3,42.05,2761813
NOIDATOLL,2009-09-29 00:00:00+05:30,42.8,42.9,41.75,41.9,1188109
NOIDATOLL,2009-09-30 00:00:00+05:30,42.0,42.45,41.7,41.95,890483
NOIDATOLL,2009-10-01 00:00:00+05:30,42.0,42.35,41.6,41.7,722039
NOIDATOLL,2009-10-05 00:00:00+05:30,41.25,41.65,40.3,40.45,815514
NOIDATOLL,2009-10-06 00:00:00+05:30,40.6,41.0,38.8,39.85,1280640
NOIDATOLL,2009-10-07 00:00:00+05:30,40.0,40.9,39.4,39.65,818243
NOIDATOLL,2009-10-08 00:00:00+05:30,40.0,40.6,39.6,39.8,1153371
NOIDATOLL,2009-10-09 00:00:00+05:30,40.0,41.15,39.5,39.7,1590299
NOIDATOLL,2009-10-12 00:00:00+05:30,39.95,40.4,39.7,39.85,1112837
NOIDATOLL,2009-10-14 00:00:00+05:30,40.1,40.2,39.5,39.75,1019930
NOIDATOLL,2009-10-15 00:00:00+05:30,40.0,40.4,39.6,39.75,1215866
NOIDATOLL,2009-10-16 00:00:00+05:30,40.0,43.8,40.0,43.3,8133306
NOIDATOLL,2009-10-20 00:00:00+05:30,44.6,45.6,43.8,45.2,9246754
NOIDATOLL,2009-10-21 00:00:00+05:30,45.2,45.9,43.3,43.75,4599687
NOIDATOLL,2009-10-22 00:00:00+05:30,43.95,44.5,40.35,41.05,4950444
NOIDATOLL,2009-10-23 00:00:00+05:30,41.75,42.0,40.6,41.05,2098130
NOIDATOLL,2009-10-26 00:00:00+05:30,41.65,41.9,39.8,40.45,1893073
NOIDATOLL,2009-10-27 00:00:00+05:30,40.55,40.55,38.25,38.5,1598957
NOIDATOLL,2009-10-28 00:00:00+05:30,38.0,38.8,36.6,38.0,1713309
NOIDATOLL,2009-10-29 00:00:00+05:30,37.2,37.45,34.15,34.95,4692293
NOIDATOLL,2009-10-30 00:00:00+05:30,36.25,37.1,34.85,35.05,1893263
NOIDATOLL,2009-11-03 00:00:00+05:30,34.15,35.1,32.1,32.4,1623074
NOIDATOLL,2009-11-04 00:00:00+05:30,33.0,34.4,32.15,34.1,1413225
NOIDATOLL,2009-11-05 00:00:00+05:30,34.2,36.8,33.4,35.95,1836942
NOIDATOLL,2009-11-06 00:00:00+05:30,38.0,38.0,36.1,36.4,2046069
NOIDATOLL,2009-11-09 00:00:00+05:30,36.85,37.5,36.1,37.3,1087867
NOIDATOLL,2009-11-10 00:00:00+05:30,38.0,38.05,36.35,36.6,1178703
NOIDATOLL,2009-11-11 00:00:00+05:30,36.75,37.95,36.5,37.8,1672197
NOIDATOLL,2009-11-12 00:00:00+05:30,37.25,38.6,36.85,37.7,2318288
NOIDATOLL,2009-11-13 00:00:00+05:30,37.05,37.95,36.6,36.7,1178445
NOIDATOLL,2009-11-16 00:00:00+05:30,37.5,38.55,36.85,37.65,887024
NOIDATOLL,2009-11-17 00:00:00+05:30,39.0,39.5,38.25,38.55,3144586
NOIDATOLL,2009-11-18 00:00:00+05:30,38.3,38.75,38.0,38.15,877896
NOIDATOLL,2009-11-19 00:00:00+05:30,37.9,38.6,36.75,37.05,1023285
NOIDATOLL,2009-11-20 00:00:00+05:30,36.5,36.95,35.85,36.75,1729710
NOIDATOLL,2009-11-23 00:00:00+05:30,35.95,37.35,35.95,36.7,694010
NOIDATOLL,2009-11-24 00:00:00+05:30,36.75,37.0,35.8,35.95,1143575
NOIDATOLL,2009-11-25 00:00:00+05:30,36.2,36.4,35.4,35.6,777490
NOIDATOLL,2009-11-26 00:00:00+05:30,35.65,35.95,34.5,34.75,1622764
NOIDATOLL,2009-11-27 00:00:00+05:30,34.35,35.15,33.5,34.85,1113236
NOIDATOLL,2009-11-30 00:00:00+05:30,35.5,35.8,35.05,35.5,780460
NOIDATOLL,2009-12-01 00:00:00+05:30,35.5,40.55,35.15,39.9,10828230
NOIDATOLL,2009-12-02 00:00:00+05:30,40.45,41.25,38.25,38.5,5027908
NOIDATOLL,2009-12-03 00:00:00+05:30,38.65,39.65,38.0,38.3,1944292
NOIDATOLL,2009-12-04 00:00:00+05:30,38.3,38.75,37.6,37.95,1268570
NOIDATOLL,2009-12-07 00:00:00+05:30,38.4,39.05,37.6,37.75,1289251
NOIDATOLL,2009-12-08 00:00:00+05:30,38.05,38.8,37.55,38.45,1173444
NOIDATOLL,2009-12-09 00:00:00+05:30,38.2,39.1,37.9,38.05,1156596
NOIDATOLL,2009-12-10 00:00:00+05:30,37.55,39.15,37.55,38.35,1274425
NOIDATOLL,2009-12-11 00:00:00+05:30,38.95,38.95,37.15,37.55,1219388
NOIDATOLL,2009-12-14 00:00:00+05:30,37.55,38.0,37.2,37.4,637936
NOIDATOLL,2009-12-15 00:00:00+05:30,37.45,37.75,36.0,36.4,621668
NOIDATOLL,2009-12-16 00:00:00+05:30,36.5,37.0,36.05,36.5,681636
NOIDATOLL,2009-12-17 00:00:00+05:30,36.9,37.35,36.5,36.8,576578
NOIDATOLL,2009-12-18 00:00:00+05:30,36.65,36.85,36.1,36.35,473545
NOIDATOLL,2009-12-21 00:00:00+05:30,36.15,36.7,35.9,36.05,409476
NOIDATOLL,2009-12-22 00:00:00+05:30,36.15,37.0,36.15,36.6,593974
NOIDATOLL,2009-12-23 00:00:00+05:30,37.0,37.35,36.6,37.2,735579
NOIDATOLL,2009-12-24 00:00:00+05:30,37.2,38.9,37.05,38.1,1150124
NOIDATOLL,2009-12-29 00:00:00+05:30,38.55,39.25,38.35,38.6,2257474
NOIDATOLL,2009-12-30 00:00:00+05:30,38.9,38.95,38.2,38.4,1005799
NOIDATOLL,2009-12-31 00:00:00+05:30,38.7,38.8,37.65,37.75,1619811
NOIDATOLL,2010-01-04 00:00:00+05:30,38.25,39.8,38.2,39.5,2091953
NOIDATOLL,2010-01-05 00:00:00+05:30,39.75,40.15,39.05,39.1,1432447
NOIDATOLL,2010-01-06 00:00:00+05:30,39.5,39.55,38.9,39.1,971693
NOIDATOLL,2010-01-07 00:00:00+05:30,39.1,41.0,38.9,40.7,5265384
NOIDATOLL,2010-01-08 00:00:00+05:30,41.1,41.4,39.9,40.05,2994919
NOIDATOLL,2010-01-11 00:00:00+05:30,40.35,41.5,40.0,41.2,3115124
NOIDATOLL,2010-01-12 00:00:00+05:30,41.6,41.6,39.4,39.6,1761007
NOIDATOLL,2010-01-13 00:00:00+05:30,39.0,41.1,38.8,40.65,1808668
NOIDATOLL,2010-01-14 00:00:00+05:30,41.0,41.9,40.5,40.75,2558434
NOIDATOLL,2010-01-15 00:00:00+05:30,41.0,41.3,40.25,40.45,1481269
NOIDATOLL,2010-01-18 00:00:00+05:30,40.1,40.8,40.05,40.25,833487
NOIDATOLL,2010-01-19 00:00:00+05:30,40.2,41.7,40.2,40.4,2727496
NOIDATOLL,2010-01-20 00:00:00+05:30,40.4,41.4,39.25,39.8,1821670
NOIDATOLL,2010-01-21 00:00:00+05:30,39.65,40.2,38.15,38.45,1576511
NOIDATOLL,2010-01-22 00:00:00+05:30,37.25,38.9,36.6,38.05,2559936
NOIDATOLL,2010-01-25 00:00:00+05:30,37.85,38.45,37.3,37.85,1096382
NOIDATOLL,2010-01-27 00:00:00+05:30,37.85,38.25,35.15,35.85,1197838
NOIDATOLL,2010-01-28 00:00:00+05:30,36.2,36.6,34.6,34.85,2252165
NOIDATOLL,2010-01-29 00:00:00+05:30,34.2,37.8,34.0,36.95,1571922
NOIDATOLL,2010-02-01 00:00:00+05:30,37.8,38.0,37.05,37.4,1410606
NOIDATOLL,2010-02-02 00:00:00+05:30,37.75,37.95,35.9,36.25,1182021
NOIDATOLL,2010-02-03 00:00:00+05:30,36.6,37.3,35.6,37.05,2604883
NOIDATOLL,2010-02-04 00:00:00+05:30,37.3,38.25,36.2,36.45,2811152
NOIDATOLL,2010-02-05 00:00:00+05:30,35.8,35.8,34.7,35.35,1264408
NOIDATOLL,2010-02-08 00:00:00+05:30,36.1,36.6,35.15,36.1,915558
NOIDATOLL,2010-02-09 00:00:00+05:30,36.0,36.55,35.15,35.85,808755
NOIDATOLL,2010-02-10 00:00:00+05:30,36.3,36.6,35.5,35.7,819879
NOIDATOLL,2010-02-11 00:00:00+05:30,36.4,36.4,35.5,35.7,494005
NOIDATOLL,2010-02-15 00:00:00+05:30,36.4,36.4,35.35,35.45,414832
NOIDATOLL,2010-02-16 00:00:00+05:30,35.8,36.0,35.15,35.75,490782
NOIDATOLL,2010-02-17 00:00:00+05:30,36.25,36.8,35.8,36.45,1146149
NOIDATOLL,2010-02-18 00:00:00+05:30,37.25,37.75,36.3,36.5,1702311
NOIDATOLL,2010-02-19 00:00:00+05:30,36.05,36.35,35.35,35.65,619276
NOIDATOLL,2010-02-22 00:00:00+05:30,36.15,36.3,35.1,35.25,384803
NOIDATOLL,2010-02-23 00:00:00+05:30,35.3,35.3,34.75,34.8,667332
NOIDATOLL,2010-02-24 00:00:00+05:30,35.0,35.0,34.1,34.45,432986
NOIDATOLL,2010-02-25 00:00:00+05:30,34.7,34.7,33.55,33.75,2068789
NOIDATOLL,2010-02-26 00:00:00+05:30,34.5,35.0,33.6,34.0,1826446
NOIDATOLL,2010-03-02 00:00:00+05:30,34.55,35.25,34.3,35.05,625477
NOIDATOLL,2010-03-03 00:00:00+05:30,35.45,35.95,35.1,35.75,824550
NOIDATOLL,2010-03-04 00:00:00+05:30,35.8,36.25,35.4,35.9,673235
NOIDATOLL,2010-03-05 00:00:00+05:30,36.25,36.7,35.9,36.35,1275215
NOIDATOLL,2010-03-08 00:00:00+05:30,36.5,36.85,35.95,36.05,573590
NOIDATOLL,2010-03-09 00:00:00+05:30,36.0,36.5,35.25,35.4,349787
NOIDATOLL,2010-03-10 00:00:00+05:30,35.4,35.75,35.0,35.1,452266
NOIDATOLL,2010-03-11 00:00:00+05:30,35.3,35.4,34.75,34.85,445977
NOIDATOLL,2010-03-12 00:00:00+05:30,35.1,35.25,34.55,34.65,485841
NOIDATOLL,2010-03-15 00:00:00+05:30,34.5,34.65,34.1,34.2,430878
NOIDATOLL,2010-03-16 00:00:00+05:30,34.35,35.75,34.0,35.4,1273467
NOIDATOLL,2010-03-17 00:00:00+05:30,35.6,35.8,34.75,34.9,613241
NOIDATOLL,2010-03-18 00:00:00+05:30,35.1,35.2,34.65,34.85,340411
NOIDATOLL,2010-03-19 00:00:00+05:30,35.35,35.35,34.65,34.75,421720
NOIDATOLL,2010-03-22 00:00:00+05:30,34.0,34.8,34.0,34.25,360215
NOIDATOLL,2010-03-23 00:00:00+05:30,34.6,34.6,34.0,34.05,455719
NOIDATOLL,2010-03-25 00:00:00+05:30,33.8,34.3,33.7,33.85,2174805
NOIDATOLL,2010-03-26 00:00:00+05:30,33.95,34.4,33.9,34.0,574454
NOIDATOLL,2010-03-29 00:00:00+05:30,34.05,34.35,33.8,33.9,602340
NOIDATOLL,2010-03-30 00:00:00+05:30,34.2,34.9,34.1,34.2,1172224
NOIDATOLL,2010-03-31 00:00:00+05:30,34.5,34.85,32.25,32.65,4145121
NOIDATOLL,2010-04-01 00:00:00+05:30,32.95,33.95,32.85,33.65,2112373
NOIDATOLL,2010-04-05 00:00:00+05:30,33.7,34.05,32.25,32.45,7224505
NOIDATOLL,2010-04-06 00:00:00+05:30,32.85,33.8,32.6,33.4,4300925
NOIDATOLL,2010-04-07 00:00:00+05:30,33.8,33.85,33.1,33.3,1495738
NOIDATOLL,2010-04-08 00:00:00+05:30,33.4,33.65,33.1,33.4,1550963
NOIDATOLL,2010-04-09 00:00:00+05:30,33.65,34.1,33.5,33.6,1397011
NOIDATOLL,2010-04-12 00:00:00+05:30,33.8,34.65,33.65,34.45,2198024
NOIDATOLL,2010-04-13 00:00:00+05:30,34.7,34.85,33.9,34.05,2028594
NOIDATOLL,2010-04-15 00:00:00+05:30,34.2,34.55,33.7,33.75,811177
NOIDATOLL,2010-04-16 00:00:00+05:30,33.75,34.05,33.3,33.4,654179
NOIDATOLL,2010-04-19 00:00:00+05:30,32.9,33.15,32.55,32.85,730434
NOIDATOLL,2010-04-20 00:00:00+05:30,32.95,34.25,32.95,33.9,1319659
NOIDATOLL,2010-04-21 00:00:00+05:30,34.9,34.9,34.15,34.3,2179589
NOIDATOLL,2010-04-22 00:00:00+05:30,34.25,34.5,33.75,33.9,990593
NOIDATOLL,2010-04-23 00:00:00+05:30,34.0,34.15,33.6,33.75,733923
NOIDATOLL,2010-04-26 00:00:00+05:30,34.25,34.25,33.7,33.75,550521
NOIDATOLL,2010-04-27 00:00:00+05:30,34.0,34.7,33.6,34.25,1370404
NOIDATOLL,2010-04-28 00:00:00+05:30,34.3,35.0,33.0,33.25,3138997
NOIDATOLL,2010-04-29 00:00:00+05:30,33.3,33.7,33.0,33.1,1522625
NOIDATOLL,2010-04-30 00:00:00+05:30,33.35,33.9,33.35,33.45,876950
NOIDATOLL,2010-05-03 00:00:00+05:30,33.3,34.1,33.15,33.45,788818
NOIDATOLL,2010-05-04 00:00:00+05:30,33.6,33.75,32.55,32.65,873021
NOIDATOLL,2010-05-05 00:00:00+05:30,32.05,32.5,31.5,32.15,942982
NOIDATOLL,2010-05-06 00:00:00+05:30,32.15,32.55,31.75,32.05,860819
NOIDATOLL,2010-05-07 00:00:00+05:30,31.5,31.75,30.7,30.85,819644
NOIDATOLL,2010-05-10 00:00:00+05:30,32.1,32.1,31.0,31.7,507200
NOIDATOLL,2010-05-11 00:00:00+05:30,32.0,32.0,30.85,31.0,575037
NOIDATOLL,2010-05-12 00:00:00+05:30,31.0,31.4,30.35,30.55,811749
NOIDATOLL,2010-05-13 00:00:00+05:30,31.0,31.45,30.4,30.55,626909
NOIDATOLL,2010-05-14 00:00:00+05:30,30.9,30.9,29.85,29.9,795824
NOIDATOLL,2010-05-17 00:00:00+05:30,29.5,29.95,29.05,29.65,620388
NOIDATOLL,2010-05-18 00:00:00+05:30,29.7,30.35,29.55,29.75,1099396
NOIDATOLL,2010-05-19 00:00:00+05:30,28.75,29.9,28.75,28.9,632653
NOIDATOLL,2010-05-20 00:00:00+05:30,29.4,29.4,28.05,28.2,802089
NOIDATOLL,2010-05-21 00:00:00+05:30,27.5,27.7,26.9,27.4,1093773
NOIDATOLL,2010-05-24 00:00:00+05:30,27.5,29.7,27.5,27.85,663721
NOIDATOLL,2010-05-25 00:00:00+05:30,27.8,27.8,26.9,27.05,676375
NOIDATOLL,2010-05-26 00:00:00+05:30,27.85,28.05,26.9,27.3,723188
NOIDATOLL,2010-05-27 00:00:00+05:30,27.45,27.45,26.75,26.85,2033279
NOIDATOLL,2010-05-28 00:00:00+05:30,27.5,27.95,27.15,27.6,947634
NOIDATOLL,2010-05-31 00:00:00+05:30,29.6,29.6,27.45,28.2,850683
NOIDATOLL,2010-06-01 00:00:00+05:30,28.0,28.9,27.5,27.6,1112028
NOIDATOLL,2010-06-02 00:00:00+05:30,28.0,28.4,27.5,27.75,431652
NOIDATOLL,2010-06-03 00:00:00+05:30,28.0,28.9,28.0,28.55,1149959
NOIDATOLL,2010-06-04 00:00:00+05:30,28.3,28.9,28.3,28.45,435423
NOIDATOLL,2010-06-07 00:00:00+05:30,28.3,28.3,27.3,27.8,458305
NOIDATOLL,2010-06-08 00:00:00+05:30,28.0,28.2,27.25,27.4,433470
NOIDATOLL,2010-06-09 00:00:00+05:30,27.5,27.85,27.45,27.6,289189
NOIDATOLL,2010-06-10 00:00:00+05:30,27.7,27.9,27.45,27.75,352552
NOIDATOLL,2010-06-11 00:00:00+05:30,28.15,28.25,27.75,27.8,538640
NOIDATOLL,2010-06-14 00:00:00+05:30,28.1,28.5,27.8,28.3,615822
NOIDATOLL,2010-06-15 00:00:00+05:30,28.4,28.75,28.15,28.55,660128
NOIDATOLL,2010-06-16 00:00:00+05:30,28.5,28.85,28.15,28.3,714408
NOIDATOLL,2010-06-17 00:00:00+05:30,28.35,28.65,28.1,28.4,788859
NOIDATOLL,2010-06-18 00:00:00+05:30,28.3,28.65,28.0,28.1,567694
NOIDATOLL,2010-06-21 00:00:00+05:30,28.4,29.5,28.2,29.25,1714544
NOIDATOLL,2010-06-22 00:00:00+05:30,29.9,32.0,29.15,29.7,1816086
NOIDATOLL,2010-06-23 00:00:00+05:30,30.3,31.4,29.6,30.1,1287354
NOIDATOLL,2010-06-24 00:00:00+05:30,30.4,30.4,29.8,29.95,1110063
NOIDATOLL,2010-06-25 00:00:00+05:30,30.15,32.05,29.8,31.0,1569616
NOIDATOLL,2010-06-28 00:00:00+05:30,30.95,32.0,30.95,31.3,1161148
NOIDATOLL,2010-06-29 00:00:00+05:30,31.45,31.5,30.5,30.7,1110002
NOIDATOLL,2010-06-30 00:00:00+05:30,30.0,31.6,30.0,31.4,1037296
NOIDATOLL,2010-07-01 00:00:00+05:30,31.4,31.55,30.8,31.05,540802
NOIDATOLL,2010-07-02 00:00:00+05:30,31.05,32.15,30.9,31.55,1245030
NOIDATOLL,2010-07-05 00:00:00+05:30,31.85,31.85,31.15,31.25,300392
NOIDATOLL,2010-07-06 00:00:00+05:30,31.2,33.1,31.2,32.75,3399249
NOIDATOLL,2010-07-07 00:00:00+05:30,32.8,32.9,32.1,32.35,901862
NOIDATOLL,2010-07-08 00:00:00+05:30,32.9,33.4,32.4,32.65,768798
NOIDATOLL,2010-07-09 00:00:00+05:30,32.7,33.55,32.35,33.0,1850946
NOIDATOLL,2010-07-12 00:00:00+05:30,33.05,33.5,32.15,32.85,917655
NOIDATOLL,2010-07-13 00:00:00+05:30,33.0,33.5,32.55,33.15,708473
NOIDATOLL,2010-07-14 00:00:00+05:30,33.5,34.05,32.5,33.0,2109645
NOIDATOLL,2010-07-15 00:00:00+05:30,33.15,33.35,32.35,32.5,611184
NOIDATOLL,2010-07-16 00:00:00+05:30,32.35,32.75,32.25,32.4,351067
NOIDATOLL,2010-07-19 00:00:00+05:30,32.15,32.9,31.8,31.95,752763
NOIDATOLL,2010-07-20 00:00:00+05:30,32.4,32.7,31.65,31.95,2155465
NOIDATOLL,2010-07-21 00:00:00+05:30,32.2,32.25,31.7,31.8,434266
NOIDATOLL,2010-07-22 00:00:00+05:30,31.6,32.0,31.35,31.6,1253302
NOIDATOLL,2010-07-23 00:00:00+05:30,31.65,32.0,31.5,31.6,501998
NOIDATOLL,2010-07-26 00:00:00+05:30,31.9,32.6,31.35,31.7,617176
NOIDATOLL,2010-07-27 00:00:00+05:30,31.95,31.95,31.35,31.45,771463
NOIDATOLL,2010-07-28 00:00:00+05:30,32.5,33.45,31.35,31.6,1640389
NOIDATOLL,2010-07-29 00:00:00+05:30,31.8,31.85,31.05,31.25,2591792
NOIDATOLL,2010-07-30 00:00:00+05:30,31.4,31.6,31.1,31.35,516229
NOIDATOLL,2010-08-02 00:00:00+05:30,31.6,31.7,31.35,31.55,672454
NOIDATOLL,2010-08-03 00:00:00+05:30,31.8,32.9,31.5,32.4,1159700
NOIDATOLL,2010-08-04 00:00:00+05:30,32.6,32.9,32.35,32.5,891311
NOIDATOLL,2010-08-05 00:00:00+05:30,32.7,32.7,32.1,32.25,478396
NOIDATOLL,2010-08-06 00:00:00+05:30,32.25,33.15,32.1,32.8,764133
NOIDATOLL,2010-08-09 00:00:00+05:30,32.55,33.0,32.55,32.7,485698
NOIDATOLL,2010-08-10 00:00:00+05:30,32.55,32.85,32.0,32.1,507015
NOIDATOLL,2010-08-11 00:00:00+05:30,32.3,32.3,31.25,31.4,574402
NOIDATOLL,2010-08-12 00:00:00+05:30,31.1,31.4,30.6,31.15,473504
NOIDATOLL,2010-08-13 00:00:00+05:30,31.2,32.15,30.85,31.6,634397
NOIDATOLL,2010-08-16 00:00:00+05:30,32.1,33.85,32.0,33.1,3636939
NOIDATOLL,2010-08-17 00:00:00+05:30,33.5,34.15,33.25,33.75,1676731
NOIDATOLL,2010-08-18 00:00:00+05:30,34.0,34.7,34.0,34.25,2237436
NOIDATOLL,2010-08-19 00:00:00+05:30,34.5,35.45,34.1,35.15,2466569
NOIDATOLL,2010-08-20 00:00:00+05:30,35.45,36.5,35.4,35.75,3714238
NOIDATOLL,2010-08-23 00:00:00+05:30,36.0,36.3,34.65,35.15,1282653
NOIDATOLL,2010-08-24 00:00:00+05:30,35.2,35.5,34.55,35.0,1409576
NOIDATOLL,2010-08-25 00:00:00+05:30,34.9,35.1,34.15,34.2,790498
NOIDATOLL,2010-08-26 00:00:00+05:30,35.0,35.45,34.3,34.65,1324444
NOIDATOLL,2010-08-27 00:00:00+05:30,34.9,35.15,34.0,34.25,1021971
NOIDATOLL,2010-08-30 00:00:00+05:30,34.8,36.0,34.35,35.2,3538371
NOIDATOLL,2010-08-31 00:00:00+05:30,36.0,36.4,34.85,35.2,4330649
NOIDATOLL,2010-09-01 00:00:00+05:30,35.5,35.65,34.4,34.85,1891868
NOIDATOLL,2010-09-02 00:00:00+05:30,35.05,35.5,34.65,35.0,1171699
NOIDATOLL,2010-09-03 00:00:00+05:30,35.1,36.4,34.7,35.7,2634861
NOIDATOLL,2010-09-06 00:00:00+05:30,36.0,36.4,35.1,35.5,1671398
NOIDATOLL,2010-09-07 00:00:00+05:30,35.5,36.4,35.0,35.75,1931880
NOIDATOLL,2010-09-08 00:00:00+05:30,35.85,37.75,35.45,37.4,8914246
NOIDATOLL,2010-09-09 00:00:00+05:30,37.9,38.2,37.15,37.3,3659783
NOIDATOLL,2010-09-13 00:00:00+05:30,38.0,38.0,36.55,36.75,1706458
NOIDATOLL,2010-09-14 00:00:00+05:30,38.25,38.25,36.35,36.5,3827581
NOIDATOLL,2010-09-15 00:00:00+05:30,36.5,36.7,36.1,36.2,1049064
NOIDATOLL,2010-09-16 00:00:00+05:30,36.1,36.5,35.2,35.4,1129631
NOIDATOLL,2010-09-17 00:00:00+05:30,35.8,35.8,35.3,35.5,804742
NOIDATOLL,2010-09-20 00:00:00+05:30,35.5,36.45,35.0,36.05,1293066
NOIDATOLL,2010-09-21 00:00:00+05:30,36.25,36.25,34.4,34.5,1748389
NOIDATOLL,2010-09-22 00:00:00+05:30,35.0,35.2,34.45,34.7,1493759
NOIDATOLL,2010-09-23 00:00:00+05:30,34.85,34.85,33.85,34.15,1291149
NOIDATOLL,2010-09-24 00:00:00+05:30,34.5,35.75,34.2,34.8,2078102
NOIDATOLL,2010-09-27 00:00:00+05:30,34.8,35.4,33.9,34.15,1365977
NOIDATOLL,2010-09-28 00:00:00+05:30,34.15,34.4,33.1,33.45,1970214
NOIDATOLL,2010-09-29 00:00:00+05:30,34.0,34.0,32.5,32.7,2245195
NOIDATOLL,2010-09-30 00:00:00+05:30,32.8,33.0,31.1,31.4,8703157
NOIDATOLL,2010-10-01 00:00:00+05:30,33.85,34.65,31.9,34.3,6693394
NOIDATOLL,2010-10-04 00:00:00+05:30,34.7,34.9,33.9,34.05,1494552
NOIDATOLL,2010-10-05 00:00:00+05:30,34.35,34.8,33.8,34.25,1078659
NOIDATOLL,2010-10-06 00:00:00+05:30,34.5,36.1,34.3,35.3,5272901
NOIDATOLL,2010-10-07 00:00:00+05:30,35.6,36.0,34.75,35.1,1730405
NOIDATOLL,2010-10-08 00:00:00+05:30,35.4,35.55,34.1,34.7,1363568
NOIDATOLL,2010-10-11 00:00:00+05:30,35.0,36.6,35.0,35.5,2992161
NOIDATOLL,2010-10-12 00:00:00+05:30,35.5,35.75,34.75,34.95,944748
NOIDATOLL,2010-10-13 00:00:00+05:30,35.6,35.65,34.95,35.2,942758
NOIDATOLL,2010-10-14 00:00:00+05:30,35.0,35.5,34.45,34.7,1060510
NOIDATOLL,2010-10-15 00:00:00+05:30,34.75,34.85,33.9,34.05,826468
NOIDATOLL,2010-10-18 00:00:00+05:30,34.4,34.55,33.45,33.8,912439
NOIDATOLL,2010-10-19 00:00:00+05:30,34.0,34.45,33.5,33.85,691369
NOIDATOLL,2010-10-20 00:00:00+05:30,33.75,34.55,33.55,33.75,771084
NOIDATOLL,2010-10-21 00:00:00+05:30,33.6,34.05,33.1,33.45,824229
NOIDATOLL,2010-10-22 00:00:00+05:30,33.5,34.5,33.15,33.4,1432899
NOIDATOLL,2010-10-25 00:00:00+05:30,33.6,33.9,33.05,33.15,570430
NOIDATOLL,2010-10-26 00:00:00+05:30,32.75,33.65,32.75,33.0,572940
NOIDATOLL,2010-10-27 00:00:00+05:30,33.0,33.25,32.65,32.75,432376
NOIDATOLL,2010-10-28 00:00:00+05:30,32.75,33.0,31.8,32.0,781912
NOIDATOLL,2010-10-29 00:00:00+05:30,32.05,32.3,31.45,31.7,728285
NOIDATOLL,2010-11-01 00:00:00+05:30,31.25,32.95,31.0,32.2,470357
NOIDATOLL,2010-11-02 00:00:00+05:30,32.6,32.6,31.9,32.0,348766
NOIDATOLL,2010-11-03 00:00:00+05:30,32.0,32.7,32.0,32.05,552507
NOIDATOLL,2010-11-04 00:00:00+05:30,32.0,32.55,32.0,32.1,379830
NOIDATOLL,2010-11-05 00:00:00+05:30,32.5,32.6,32.25,32.4,122628
NOIDATOLL,2010-11-08 00:00:00+05:30,32.6,33.45,32.2,33.05,959264
NOIDATOLL,2010-11-09 00:00:00+05:30,34.0,34.0,32.85,33.0,1051403
NOIDATOLL,2010-11-10 00:00:00+05:30,33.0,34.15,33.0,33.35,2537623
NOIDATOLL,2010-11-11 00:00:00+05:30,33.0,34.0,30.1,32.65,757645
NOIDATOLL,2010-11-12 00:00:00+05:30,32.65,33.75,32.0,32.1,1181166
NOIDATOLL,2010-11-15 00:00:00+05:30,32.1,32.85,32.0,32.2,626659
NOIDATOLL,2010-11-16 00:00:00+05:30,32.0,32.4,30.9,31.05,589929
NOIDATOLL,2010-11-18 00:00:00+05:30,30.8,31.5,29.45,29.75,1069428
NOIDATOLL,2010-11-19 00:00:00+05:30,30.05,31.15,29.8,30.0,1029117
NOIDATOLL,2010-11-22 00:00:00+05:30,30.2,30.8,29.95,30.65,524257
NOIDATOLL,2010-11-23 00:00:00+05:30,30.75,30.75,29.05,29.65,608742
NOIDATOLL,2010-11-24 00:00:00+05:30,29.85,30.3,29.3,29.55,368038
NOIDATOLL,2010-11-25 00:00:00+05:30,29.55,29.9,29.0,29.05,456595
NOIDATOLL,2010-11-26 00:00:00+05:30,29.0,29.25,27.25,28.0,871083
NOIDATOLL,2010-11-29 00:00:00+05:30,28.05,28.7,27.75,28.15,464523
NOIDATOLL,2010-11-30 00:00:00+05:30,28.3,29.7,27.85,29.15,424094
NOIDATOLL,2010-12-01 00:00:00+05:30,29.15,30.75,29.15,30.3,496808
NOIDATOLL,2010-12-02 00:00:00+05:30,30.75,31.25,30.05,30.25,345110
NOIDATOLL,2010-12-03 00:00:00+05:30,30.3,30.5,29.1,29.4,294084
NOIDATOLL,2010-12-06 00:00:00+05:30,30.35,30.35,29.45,29.6,296045
NOIDATOLL,2010-12-07 00:00:00+05:30,29.95,29.95,28.85,29.05,314521
NOIDATOLL,2010-12-08 00:00:00+05:30,29.15,29.15,28.5,28.6,296690
NOIDATOLL,2010-12-09 00:00:00+05:30,28.6,28.75,27.0,27.25,695785
NOIDATOLL,2010-12-10 00:00:00+05:30,27.5,28.45,27.0,28.0,508101
NOIDATOLL,2010-12-13 00:00:00+05:30,28.35,29.6,28.0,29.35,683542
NOIDATOLL,2010-12-14 00:00:00+05:30,30.9,30.9,29.0,30.15,407775
NOIDATOLL,2010-12-15 00:00:00+05:30,30.25,30.3,29.65,30.05,483185
NOIDATOLL,2010-12-16 00:00:00+05:30,30.05,30.15,29.5,29.75,306470
NOIDATOLL,2010-12-20 00:00:00+05:30,30.0,30.4,29.65,29.8,352727
NOIDATOLL,2010-12-21 00:00:00+05:30,29.6,30.2,29.55,29.75,303179
NOIDATOLL,2010-12-22 00:00:00+05:30,29.8,30.1,29.7,29.8,262547
NOIDATOLL,2010-12-23 00:00:00+05:30,29.95,30.0,28.75,29.25,221652
NOIDATOLL,2010-12-24 00:00:00+05:30,29.05,29.6,29.0,29.15,174428
NOIDATOLL,2010-12-27 00:00:00+05:30,29.15,29.7,29.0,29.15,145469
NOIDATOLL,2010-12-28 00:00:00+05:30,30.0,30.1,29.0,29.75,291856
NOIDATOLL,2010-12-29 00:00:00+05:30,29.9,30.65,29.6,29.9,362992
NOIDATOLL,2010-12-30 00:00:00+05:30,29.9,30.4,29.6,30.15,343085
NOIDATOLL,2010-12-31 00:00:00+05:30,30.35,30.5,30.1,30.25,321283
NOIDATOLL,2011-01-03 00:00:00+05:30,30.5,31.0,30.3,30.85,401612
NOIDATOLL,2011-01-04 00:00:00+05:30,31.2,32.6,31.2,31.7,1124127
NOIDATOLL,2011-01-05 00:00:00+05:30,31.75,32.0,31.0,31.2,342378
NOIDATOLL,2011-01-06 00:00:00+05:30,31.2,31.5,30.5,30.65,243487
NOIDATOLL,2011-01-07 00:00:00+05:30,30.15,31.0,29.6,29.85,291390
NOIDATOLL,2011-01-10 00:00:00+05:30,30.0,30.0,28.55,28.75,351156
NOIDATOLL,2011-01-11 00:00:00+05:30,29.0,29.9,28.55,28.75,312554
NOIDATOLL,2011-01-12 00:00:00+05:30,29.2,29.3,28.5,29.0,236829
NOIDATOLL,2011-01-13 00:00:00+05:30,29.15,29.3,28.8,28.95,155693
NOIDATOLL,2011-01-14 00:00:00+05:30,29.0,29.25,28.3,28.4,241588
NOIDATOLL,2011-01-17 00:00:00+05:30,28.4,28.9,27.8,27.95,236155
NOIDATOLL,2011-01-18 00:00:00+05:30,27.55,28.55,27.55,27.95,202401
NOIDATOLL,2011-01-19 00:00:00+05:30,28.3,28.9,28.05,28.2,563407
NOIDATOLL,2011-01-20 00:00:00+05:30,28.2,28.2,27.5,27.7,371849
NOIDATOLL,2011-01-21 00:00:00+05:30,27.5,28.2,27.1,27.75,233149
NOIDATOLL,2011-01-24 00:00:00+05:30,27.65,28.1,27.5,27.75,189890
NOIDATOLL,2011-01-25 00:00:00+05:30,27.5,28.0,27.5,27.7,190935
NOIDATOLL,2011-01-27 00:00:00+05:30,27.95,27.95,27.4,27.5,191934
NOIDATOLL,2011-01-28 00:00:00+05:30,27.8,27.8,26.4,26.65,345240
NOIDATOLL,2011-01-31 00:00:00+05:30,26.2,27.0,26.0,26.65,330802
NOIDATOLL,2011-02-01 00:00:00+05:30,26.7,27.0,26.15,26.2,345088
NOIDATOLL,2011-02-02 00:00:00+05:30,26.7,27.05,26.1,26.4,329397
NOIDATOLL,2011-02-03 00:00:00+05:30,26.2,26.9,26.0,26.8,231433
NOIDATOLL,2011-02-04 00:00:00+05:30,26.8,28.7,26.0,26.35,469869
NOIDATOLL,2011-02-07 00:00:00+05:30,26.5,27.0,26.15,26.3,236503
NOIDATOLL,2011-02-08 00:00:00+05:30,26.3,30.2,26.2,26.6,1182880
NOIDATOLL,2011-02-09 00:00:00+05:30,27.35,29.45,25.8,26.05,546046
NOIDATOLL,2011-02-10 00:00:00+05:30,26.0,26.4,25.55,26.05,356693
NOIDATOLL,2011-02-11 00:00:00+05:30,26.5,27.9,26.3,27.45,1153018
NOIDATOLL,2011-02-14 00:00:00+05:30,28.4,28.5,27.7,28.3,338079
NOIDATOLL,2011-02-15 00:00:00+05:30,28.0,28.75,27.7,27.85,280152
NOIDATOLL,2011-02-16 00:00:00+05:30,28.5,29.2,27.7,27.95,238987
NOIDATOLL,2011-02-17 00:00:00+05:30,27.95,28.0,27.25,27.8,229287
NOIDATOLL,2011-02-18 00:00:00+05:30,27.2,27.65,26.0,27.3,960834
NOIDATOLL,2011-02-21 00:00:00+05:30,27.3,27.45,26.6,27.05,166248
NOIDATOLL,2011-02-22 00:00:00+05:30,26.25,27.05,26.15,26.45,204341
NOIDATOLL,2011-02-23 00:00:00+05:30,26.4,26.9,26.1,26.2,216672
NOIDATOLL,2011-02-24 00:00:00+05:30,26.2,26.45,25.85,25.95,229136
NOIDATOLL,2011-02-25 00:00:00+05:30,25.95,26.25,25.7,26.1,303010
NOIDATOLL,2011-02-28 00:00:00+05:30,26.0,26.4,26.0,26.15,150756
NOIDATOLL,2011-03-01 00:00:00+05:30,26.05,26.5,26.05,26.35,180847
NOIDATOLL,2011-03-03 00:00:00+05:30,26.35,26.55,25.8,26.0,256229
NOIDATOLL,2011-03-04 00:00:00+05:30,26.0,26.35,25.95,26.0,139934
NOIDATOLL,2011-03-07 00:00:00+05:30,26.0,26.0,25.45,25.55,148673
NOIDATOLL,2011-03-08 00:00:00+05:30,25.3,26.25,25.3,26.15,282185
NOIDATOLL,2011-03-09 00:00:00+05:30,26.2,27.9,26.1,27.2,483030
NOIDATOLL,2011-03-10 00:00:00+05:30,27.25,27.7,26.85,27.0,306807
NOIDATOLL,2011-03-11 00:00:00+05:30,26.0,27.2,26.0,26.6,169144
NOIDATOLL,2011-03-14 00:00:00+05:30,27.0,27.1,26.4,26.65,156689
NOIDATOLL,2011-03-15 00:00:00+05:30,26.5,26.9,26.0,26.25,158990
NOIDATOLL,2011-03-16 00:00:00+05:30,26.2,27.3,26.2,26.5,270451
NOIDATOLL,2011-03-17 00:00:00+05:30,26.35,26.85,26.35,26.5,147818
NOIDATOLL,2011-03-18 00:00:00+05:30,26.4,26.7,26.1,26.15,98059
NOIDATOLL,2011-03-21 00:00:00+05:30,26.2,26.4,26.0,26.05,142636
NOIDATOLL,2011-03-22 00:00:00+05:30,26.1,26.25,25.8,25.9,109126
NOIDATOLL,2011-03-23 00:00:00+05:30,26.0,26.3,25.85,26.1,224153
NOIDATOLL,2011-03-24 00:00:00+05:30,26.0,26.7,25.9,26.05,218190
NOIDATOLL,2011-03-25 00:00:00+05:30,26.4,26.4,25.85,26.0,402587
NOIDATOLL,2011-03-28 00:00:00+05:30,26.0,28.15,26.0,27.25,677381
NOIDATOLL,2011-03-29 00:00:00+05:30,27.35,27.5,26.5,26.85,296504
NOIDATOLL,2011-03-30 00:00:00+05:30,26.95,27.3,26.7,27.0,187096
NOIDATOLL,2011-03-31 00:00:00+05:30,27.0,27.35,26.2,26.5,332672
NOIDATOLL,2011-04-01 00:00:00+05:30,26.5,27.45,26.5,27.2,248817
NOIDATOLL,2011-04-04 00:00:00+05:30,27.2,28.3,27.2,28.05,423900
NOIDATOLL,2011-04-05 00:00:00+05:30,28.05,30.2,27.7,28.9,831319
NOIDATOLL,2011-04-06 00:00:00+05:30,29.0,29.7,28.7,28.85,287674
NOIDATOLL,2011-04-07 00:00:00+05:30,28.85,29.8,28.85,29.25,464305
NOIDATOLL,2011-04-08 00:00:00+05:30,29.4,29.8,27.85,27.95,350967
NOIDATOLL,2011-04-11 00:00:00+05:30,27.4,28.55,27.4,28.2,168441
NOIDATOLL,2011-04-13 00:00:00+05:30,28.45,28.75,27.1,28.15,134771
NOIDATOLL,2011-04-15 00:00:00+05:30,28.05,28.4,27.65,27.75,144465
NOIDATOLL,2011-04-18 00:00:00+05:30,28.1,28.45,27.55,27.7,270597
NOIDATOLL,2011-04-19 00:00:00+05:30,27.7,28.2,27.55,27.75,148350
NOIDATOLL,2011-04-20 00:00:00+05:30,27.95,29.1,27.95,28.45,667008
NOIDATOLL,2011-04-21 00:00:00+05:30,28.75,30.3,28.55,29.3,2393843
NOIDATOLL,2011-04-25 00:00:00+05:30,29.8,29.8,27.95,28.15,415954
NOIDATOLL,2011-04-26 00:00:00+05:30,28.35,29.2,27.75,28.55,624720
NOIDATOLL,2011-04-27 00:00:00+05:30,28.9,28.9,27.9,28.0,174515
NOIDATOLL,2011-04-28 00:00:00+05:30,28.0,28.4,27.55,27.65,268622
NOIDATOLL,2011-04-29 00:00:00+05:30,28.5,28.5,27.2,27.5,218354
NOIDATOLL,2011-05-02 00:00:00+05:30,27.55,27.65,27.05,27.3,194678
NOIDATOLL,2011-05-03 00:00:00+05:30,27.45,27.6,26.95,27.05,169280
NOIDATOLL,2011-05-04 00:00:00+05:30,27.05,27.4,26.4,26.5,184690
NOIDATOLL,2011-05-05 00:00:00+05:30,26.6,27.5,26.4,26.6,300126
NOIDATOLL,2011-05-06 00:00:00+05:30,27.2,27.2,26.55,26.75,147626
NOIDATOLL,2011-05-09 00:00:00+05:30,26.8,27.1,26.45,26.5,84612
NOIDATOLL,2011-05-10 00:00:00+05:30,26.55,26.8,26.15,26.25,108135
NOIDATOLL,2011-05-11 00:00:00+05:30,26.4,26.85,26.1,26.6,116792
NOIDATOLL,2011-05-12 00:00:00+05:30,26.8,26.8,26.0,26.1,102992
NOIDATOLL,2011-05-13 00:00:00+05:30,24.95,26.75,24.95,26.15,119687
NOIDATOLL,2011-05-16 00:00:00+05:30,26.5,26.7,25.6,26.15,139517
NOIDATOLL,2011-05-17 00:00:00+05:30,26.45,26.45,25.7,25.9,126487
NOIDATOLL,2011-05-18 00:00:00+05:30,25.9,26.15,25.6,25.75,154206
NOIDATOLL,2011-05-19 00:00:00+05:30,26.1,26.2,25.2,25.35,166242
NOIDATOLL,2011-05-20 00:00:00+05:30,25.15,25.95,25.1,25.65,131604
NOIDATOLL,2011-05-23 00:00:00+05:30,25.25,25.7,25.15,25.3,111732
NOIDATOLL,2011-05-24 00:00:00+05:30,25.25,25.65,25.2,25.45,116026
NOIDATOLL,2011-05-25 00:00:00+05:30,25.5,25.5,25.2,25.3,60330
NOIDATOLL,2011-05-26 00:00:00+05:30,25.8,25.9,25.1,25.25,190039
NOIDATOLL,2011-05-27 00:00:00+05:30,25.3,25.7,25.1,25.25,183611
NOIDATOLL,2011-05-30 00:00:00+05:30,25.7,25.7,25.25,25.4,94331
NOIDATOLL,2011-05-31 00:00:00+05:30,25.7,25.75,24.95,25.0,652010
NOIDATOLL,2011-06-01 00:00:00+05:30,25.1,25.75,25.1,25.4,336048
NOIDATOLL,2011-06-02 00:00:00+05:30,25.4,25.45,25.0,25.25,119183
NOIDATOLL,2011-06-03 00:00:00+05:30,25.45,25.65,25.15,25.25,176253
NOIDATOLL,2011-06-06 00:00:00+05:30,25.5,25.6,25.15,25.35,96665
NOIDATOLL,2011-06-07 00:00:00+05:30,25.15,26.65,25.15,25.95,554573
NOIDATOLL,2011-06-08 00:00:00+05:30,26.0,26.15,25.65,25.9,115363
NOIDATOLL,2011-06-09 00:00:00+05:30,25.95,25.95,25.5,25.6,75178
NOIDATOLL,2011-06-10 00:00:00+05:30,25.65,26.0,25.5,25.8,219890
NOIDATOLL,2011-06-13 00:00:00+05:30,25.95,25.95,25.45,25.55,84524
NOIDATOLL,2011-06-14 00:00:00+05:30,25.55,27.65,25.55,27.0,599401
NOIDATOLL,2011-06-15 00:00:00+05:30,27.25,27.8,26.8,27.0,901049
NOIDATOLL,2011-06-16 00:00:00+05:30,27.0,27.2,26.4,26.55,198410
NOIDATOLL,2011-06-17 00:00:00+05:30,26.1,27.0,26.0,26.1,189524
NOIDATOLL,2011-06-20 00:00:00+05:30,26.5,26.5,25.4,25.5,300288
NOIDATOLL,2011-06-21 00:00:00+05:30,25.5,25.85,25.1,25.2,149786
NOIDATOLL,2011-06-22 00:00:00+05:30,25.3,25.45,24.85,24.95,171769
NOIDATOLL,2011-06-23 00:00:00+05:30,25.0,25.35,24.4,25.15,183049
NOIDATOLL,2011-06-24 00:00:00+05:30,25.2,25.55,25.2,25.35,131238
NOIDATOLL,2011-06-27 00:00:00+05:30,25.4,26.2,25.15,25.6,190233
NOIDATOLL,2011-06-28 00:00:00+05:30,25.6,25.8,25.25,25.45,135824
NOIDATOLL,2011-06-29 00:00:00+05:30,24.85,25.9,24.85,25.6,98718
NOIDATOLL,2011-06-30 00:00:00+05:30,25.45,25.75,25.4,25.55,126229
NOIDATOLL,2011-07-01 00:00:00+05:30,25.6,25.9,25.55,25.6,131663
NOIDATOLL,2011-07-04 00:00:00+05:30,25.8,27.2,25.6,26.85,353521
NOIDATOLL,2011-07-05 00:00:00+05:30,26.7,27.0,26.15,26.3,117504
NOIDATOLL,2011-07-06 00:00:00+05:30,26.3,26.6,26.05,26.3,169250
NOIDATOLL,2011-07-07 00:00:00+05:30,26.3,26.95,26.2,26.7,155494
NOIDATOLL,2011-07-08 00:00:00+05:30,26.55,26.85,26.1,26.2,121799
NOIDATOLL,2011-07-11 00:00:00+05:30,26.3,26.8,25.8,26.35,194211
NOIDATOLL,2011-07-12 00:00:00+05:30,26.5,27.35,25.8,27.0,376244
NOIDATOLL,2011-07-13 00:00:00+05:30,26.9,27.35,26.3,26.5,290111
NOIDATOLL,2011-07-14 00:00:00+05:30,26.3,27.5,26.1,26.3,489475
NOIDATOLL,2011-07-15 00:00:00+05:30,26.4,26.8,26.25,26.25,115836
NOIDATOLL,2011-07-18 00:00:00+05:30,26.05,26.6,25.9,26.15,126086
NOIDATOLL,2011-07-19 00:00:00+05:30,26.1,26.55,26.05,26.2,102385
NOIDATOLL,2011-07-20 00:00:00+05:30,26.5,27.15,26.3,26.4,366849
NOIDATOLL,2011-07-21 00:00:00+05:30,26.55,27.15,25.95,26.1,826769
NOIDATOLL,2011-07-22 00:00:00+05:30,26.45,26.85,26.15,26.2,195627
NOIDATOLL,2011-07-25 00:00:00+05:30,26.2,26.5,26.05,26.1,113614
NOIDATOLL,2011-07-26 00:00:00+05:30,26.3,26.4,25.9,25.95,164320
NOIDATOLL,2011-07-27 00:00:00+05:30,26.2,26.6,25.8,26.05,213255
NOIDATOLL,2011-07-28 00:00:00+05:30,26.2,26.5,25.75,25.8,109706
NOIDATOLL,2011-07-29 00:00:00+05:30,26.0,26.1,25.6,25.7,161133
NOIDATOLL,2011-08-01 00:00:00+05:30,26.0,26.2,25.4,25.5,135464
NOIDATOLL,2011-08-02 00:00:00+05:30,25.5,25.5,25.1,25.1,125448
NOIDATOLL,2011-08-03 00:00:00+05:30,25.0,25.55,25.0,25.4,198489
NOIDATOLL,2011-08-04 00:00:00+05:30,25.5,25.6,24.75,24.85,195408
NOIDATOLL,2011-08-05 00:00:00+05:30,24.35,24.6,23.2,24.15,378205
NOIDATOLL,2011-08-08 00:00:00+05:30,23.25,24.1,22.05,22.45,1350653
NOIDATOLL,2011-08-09 00:00:00+05:30,22.0,22.9,21.2,21.55,1472321
NOIDATOLL,2011-08-10 00:00:00+05:30,21.6,22.8,21.6,22.0,794450
NOIDATOLL,2011-08-11 00:00:00+05:30,22.0,22.1,21.55,21.8,406946
NOIDATOLL,2011-08-12 00:00:00+05:30,21.9,22.4,21.85,22.25,392915
NOIDATOLL,2011-08-16 00:00:00+05:30,22.4,22.65,21.8,21.95,277559
NOIDATOLL,2011-08-17 00:00:00+05:30,21.95,22.35,21.4,21.6,313577
NOIDATOLL,2011-08-18 00:00:00+05:30,21.9,21.9,21.15,21.2,303059
NOIDATOLL,2011-08-19 00:00:00+05:30,21.0,21.4,20.55,20.65,410151
NOIDATOLL,2011-08-22 00:00:00+05:30,20.75,21.6,20.65,21.45,177918
NOIDATOLL,2011-08-23 00:00:00+05:30,21.6,22.15,21.5,21.7,122893
NOIDATOLL,2011-08-24 00:00:00+05:30,21.85,22.35,21.75,22.05,130085
NOIDATOLL,2011-08-25 00:00:00+05:30,21.4,22.25,21.4,22.0,193228
NOIDATOLL,2011-08-26 00:00:00+05:30,21.95,22.4,21.5,22.05,402628
NOIDATOLL,2011-08-29 00:00:00+05:30,22.25,23.4,22.05,23.3,251800
NOIDATOLL,2011-08-30 00:00:00+05:30,23.5,24.25,23.2,24.1,452411
NOIDATOLL,2011-09-02 00:00:00+05:30,23.5,24.25,23.5,24.15,146838
NOIDATOLL,2011-09-05 00:00:00+05:30,24.1,25.0,23.2,24.2,140388
NOIDATOLL,2011-09-06 00:00:00+05:30,24.3,24.3,23.6,23.85,79249
NOIDATOLL,2011-09-07 00:00:00+05:30,24.3,24.85,23.85,24.35,124003
NOIDATOLL,2011-09-08 00:00:00+05:30,24.35,24.9,20.25,24.15,602851
NOIDATOLL,2011-09-09 00:00:00+05:30,24.25,24.25,23.65,23.8,105111
NOIDATOLL,2011-09-12 00:00:00+05:30,23.55,23.8,22.9,23.0,101286
NOIDATOLL,2011-09-13 00:00:00+05:30,23.15,23.45,22.8,22.95,106016
NOIDATOLL,2011-09-14 00:00:00+05:30,22.25,23.3,22.25,22.9,72229
NOIDATOLL,2011-09-15 00:00:00+05:30,21.15,23.5,21.15,23.35,66756
NOIDATOLL,2011-09-16 00:00:00+05:30,23.1,23.55,22.6,22.75,138600
NOIDATOLL,2011-09-19 00:00:00+05:30,22.2,24.2,22.2,23.6,246504
NOIDATOLL,2011-09-20 00:00:00+05:30,23.3,24.1,23.1,23.35,150790
NOIDATOLL,2011-09-21 00:00:00+05:30,23.0,23.8,23.0,23.7,121507
NOIDATOLL,2011-09-22 00:00:00+05:30,23.4,23.7,22.55,22.7,99734
NOIDATOLL,2011-09-23 00:00:00+05:30,22.05,22.7,22.05,22.3,197769
NOIDATOLL,2011-09-26 00:00:00+05:30,22.3,23.0,21.95,22.45,155832
NOIDATOLL,2011-09-27 00:00:00+05:30,22.6,22.8,22.25,22.4,109912
NOIDATOLL,2011-09-28 00:00:00+05:30,22.7,23.35,22.55,22.95,235896
NOIDATOLL,2011-09-29 00:00:00+05:30,22.75,23.6,22.55,23.4,175125
NOIDATOLL,2011-09-30 00:00:00+05:30,22.35,23.85,22.35,23.7,210711
NOIDATOLL,2011-10-03 00:00:00+05:30,23.15,23.8,23.0,23.6,154868
NOIDATOLL,2011-10-04 00:00:00+05:30,23.9,24.0,22.65,22.75,216950
NOIDATOLL,2011-10-05 00:00:00+05:30,23.85,23.85,22.3,22.6,75141
NOIDATOLL,2011-10-07 00:00:00+05:30,22.65,23.3,22.55,22.75,84610
NOIDATOLL,2011-10-10 00:00:00+05:30,22.65,22.95,22.55,22.85,73123
NOIDATOLL,2011-10-11 00:00:00+05:30,23.1,23.55,22.95,23.25,98417
NOIDATOLL,2011-10-12 00:00:00+05:30,23.4,23.95,23.4,23.85,210363
NOIDATOLL,2011-10-13 00:00:00+05:30,23.55,24.05,23.1,23.15,121731
NOIDATOLL,2011-10-14 00:00:00+05:30,23.15,24.0,23.15,23.65,344317
NOIDATOLL,2011-10-17 00:00:00+05:30,23.25,23.8,22.75,23.25,178825
NOIDATOLL,2011-10-18 00:00:00+05:30,22.5,23.4,22.5,22.8,97067
NOIDATOLL,2011-10-19 00:00:00+05:30,23.0,23.3,22.55,22.7,209907
NOIDATOLL,2011-10-20 00:00:00+05:30,22.55,23.25,22.55,22.95,358425
NOIDATOLL,2011-10-21 00:00:00+05:30,23.2,23.55,23.1,23.2,244753
NOIDATOLL,2011-10-24 00:00:00+05:30,23.5,23.5,22.45,22.6,110033
NOIDATOLL,2011-10-25 00:00:00+05:30,22.5,22.85,22.3,22.5,158551
NOIDATOLL,2011-10-28 00:00:00+05:30,23.5,23.8,23.1,23.3,171735
NOIDATOLL,2011-10-31 00:00:00+05:30,23.6,23.7,23.1,23.55,179951
NOIDATOLL,2011-11-01 00:00:00+05:30,24.05,24.85,23.85,23.95,694232
NOIDATOLL,2011-11-02 00:00:00+05:30,24.4,24.4,23.15,23.25,228591
NOIDATOLL,2011-11-03 00:00:00+05:30,23.25,23.25,22.75,23.0,321962
NOIDATOLL,2011-11-04 00:00:00+05:30,23.45,23.8,23.2,23.6,291968
NOIDATOLL,2011-11-08 00:00:00+05:30,23.9,24.9,23.6,24.8,617157
NOIDATOLL,2011-11-09 00:00:00+05:30,25.0,25.65,24.3,25.1,692324
NOIDATOLL,2011-11-11 00:00:00+05:30,25.45,25.45,24.2,24.6,256855
NOIDATOLL,2011-11-14 00:00:00+05:30,24.7,25.4,23.8,23.9,137328
NOIDATOLL,2011-11-15 00:00:00+05:30,24.5,24.6,23.1,23.3,162885
NOIDATOLL,2011-11-16 00:00:00+05:30,23.0,23.65,22.55,23.45,274274
NOIDATOLL,2011-11-17 00:00:00+05:30,23.2,23.75,22.95,23.0,162379
NOIDATOLL,2011-11-18 00:00:00+05:30,23.3,23.45,22.55,23.3,221132
NOIDATOLL,2011-11-21 00:00:00+05:30,23.4,23.5,22.3,22.75,243066
NOIDATOLL,2011-11-22 00:00:00+05:30,22.95,22.95,22.25,22.4,108823
NOIDATOLL,2011-11-23 00:00:00+05:30,22.2,22.55,21.85,22.35,183374
NOIDATOLL,2011-11-24 00:00:00+05:30,22.4,22.9,21.85,22.6,109679
NOIDATOLL,2011-11-25 00:00:00+05:30,22.55,22.8,22.05,22.25,382861
NOIDATOLL,2011-11-28 00:00:00+05:30,22.25,22.35,22.0,22.1,445189
NOIDATOLL,2011-11-29 00:00:00+05:30,22.3,22.5,21.8,21.9,232880
NOIDATOLL,2011-11-30 00:00:00+05:30,21.1,22.1,21.1,21.95,174032
NOIDATOLL,2011-12-01 00:00:00+05:30,22.2,23.2,21.55,21.6,1536469
NOIDATOLL,2011-12-02 00:00:00+05:30,21.9,21.95,21.5,21.8,203300
NOIDATOLL,2011-12-05 00:00:00+05:30,22.1,22.1,21.45,21.55,432726
NOIDATOLL,2011-12-07 00:00:00+05:30,21.6,22.0,21.5,21.75,220291
NOIDATOLL,2011-12-08 00:00:00+05:30,21.85,21.9,21.45,21.6,172795
NOIDATOLL,2011-12-09 00:00:00+05:30,21.7,21.7,21.15,21.25,145177
NOIDATOLL,2011-12-12 00:00:00+05:30,21.1,21.9,21.1,21.2,151700
NOIDATOLL,2011-12-13 00:00:00+05:30,21.1,21.35,20.8,21.0,149643
NOIDATOLL,2011-12-14 00:00:00+05:30,21.35,21.35,20.55,20.65,210949
NOIDATOLL,2011-12-15 00:00:00+05:30,20.65,20.65,20.05,20.2,327875
NOIDATOLL,2011-12-16 00:00:00+05:30,20.0,20.55,19.95,20.0,293829
NOIDATOLL,2011-12-19 00:00:00+05:30,20.0,20.35,19.6,19.9,1334003
NOIDATOLL,2011-12-20 00:00:00+05:30,20.0,20.05,19.6,19.85,289639
NOIDATOLL,2011-12-21 00:00:00+05:30,20.0,20.0,19.5,19.75,143195
NOIDATOLL,2011-12-22 00:00:00+05:30,19.4,20.2,19.0,20.1,152159
NOIDATOLL,2011-12-23 00:00:00+05:30,20.3,20.75,19.7,19.85,1030546
NOIDATOLL,2011-12-26 00:00:00+05:30,19.85,20.75,19.7,20.5,218022
NOIDATOLL,2011-12-27 00:00:00+05:30,20.8,20.8,20.05,20.1,112963
NOIDATOLL,2011-12-28 00:00:00+05:30,20.05,20.35,19.9,19.95,111973
NOIDATOLL,2011-12-29 00:00:00+05:30,19.9,20.0,19.8,19.95,173927
NOIDATOLL,2011-12-30 00:00:00+05:30,19.85,20.0,19.55,19.65,93569
NOIDATOLL,2012-01-02 00:00:00+05:30,20.0,20.65,19.7,19.95,184637
NOIDATOLL,2012-01-03 00:00:00+05:30,20.05,20.15,19.85,19.95,237841
NOIDATOLL,2012-01-04 00:00:00+05:30,20.0,22.9,20.0,20.6,361580
NOIDATOLL,2012-01-05 00:00:00+05:30,20.7,21.6,20.4,20.55,377785
NOIDATOLL,2012-01-06 00:00:00+05:30,20.65,20.8,20.25,20.3,242106
NOIDATOLL,2012-01-09 00:00:00+05:30,20.7,21.15,20.25,20.95,114473
NOIDATOLL,2012-01-10 00:00:00+05:30,21.0,21.9,21.0,21.7,258895
NOIDATOLL,2012-01-11 00:00:00+05:30,22.0,22.0,21.2,21.4,156521
NOIDATOLL,2012-01-12 00:00:00+05:30,21.45,21.75,21.25,21.5,123950
NOIDATOLL,2012-01-13 00:00:00+05:30,21.5,22.35,21.4,21.75,431657
NOIDATOLL,2012-01-16 00:00:00+05:30,21.95,22.0,21.3,21.9,137785
NOIDATOLL,2012-01-17 00:00:00+05:30,22.0,22.3,21.65,21.85,241899
NOIDATOLL,2012-01-18 00:00:00+05:30,22.0,22.2,21.45,21.55,116565
NOIDATOLL,2012-01-19 00:00:00+05:30,21.55,22.25,21.3,21.6,109977
NOIDATOLL,2012-01-20 00:00:00+05:30,21.95,21.95,21.35,21.55,117397
NOIDATOLL,2012-01-23 00:00:00+05:30,21.75,22.85,21.0,22.35,644338
NOIDATOLL,2012-01-24 00:00:00+05:30,22.65,22.9,21.75,22.0,494339
NOIDATOLL,2012-01-25 00:00:00+05:30,22.15,22.8,22.0,22.35,226380
NOIDATOLL,2012-01-27 00:00:00+05:30,22.8,23.35,22.7,23.0,591853
NOIDATOLL,2012-01-30 00:00:00+05:30,23.0,23.5,22.15,22.25,515584
NOIDATOLL,2012-01-31 00:00:00+05:30,22.4,22.8,22.0,22.6,285344
NOIDATOLL,2012-02-01 00:00:00+05:30,22.9,23.0,22.4,22.6,181079
NOIDATOLL,2012-02-02 00:00:00+05:30,22.85,22.9,22.2,22.3,723814
NOIDATOLL,2012-02-03 00:00:00+05:30,22.3,23.1,22.15,22.6,631513
NOIDATOLL,2012-02-06 00:00:00+05:30,23.5,23.75,23.0,23.1,582757
NOIDATOLL,2012-02-07 00:00:00+05:30,23.3,23.3,22.5,22.55,238678
NOIDATOLL,2012-02-08 00:00:00+05:30,22.25,22.9,22.25,22.5,242047
NOIDATOLL,2012-02-09 00:00:00+05:30,22.35,22.8,22.2,22.55,350948
NOIDATOLL,2012-02-10 00:00:00+05:30,22.5,22.95,22.25,22.35,397690
NOIDATOLL,2012-02-13 00:00:00+05:30,22.8,22.9,22.2,22.25,287053
NOIDATOLL,2012-02-14 00:00:00+05:30,22.7,22.8,22.1,22.55,217834
NOIDATOLL,2012-02-15 00:00:00+05:30,22.7,24.75,22.65,24.05,1518752
NOIDATOLL,2012-02-16 00:00:00+05:30,24.2,26.25,23.55,25.3,1951941
NOIDATOLL,2012-02-17 00:00:00+05:30,27.9,27.9,24.25,24.45,783949
NOIDATOLL,2012-02-21 00:00:00+05:30,24.45,25.05,24.05,24.25,392740
NOIDATOLL,2012-02-22 00:00:00+05:30,24.25,24.85,22.6,22.95,431151
NOIDATOLL,2012-02-23 00:00:00+05:30,22.7,23.15,22.3,22.65,286955
NOIDATOLL,2012-02-24 00:00:00+05:30,23.0,23.2,22.35,22.45,310130
NOIDATOLL,2012-02-27 00:00:00+05:30,22.3,22.95,22.0,22.15,350943
NOIDATOLL,2012-02-28 00:00:00+05:30,22.3,23.15,22.1,22.7,295132
NOIDATOLL,2012-02-29 00:00:00+05:30,22.75,23.45,22.5,22.65,233353
NOIDATOLL,2012-03-01 00:00:00+05:30,22.8,22.95,22.5,22.55,166802
NOIDATOLL,2012-03-02 00:00:00+05:30,22.7,23.3,22.6,22.75,258319
NOIDATOLL,2012-03-05 00:00:00+05:30,22.6,23.65,22.5,23.0,524658
NOIDATOLL,2012-03-06 00:00:00+05:30,23.0,23.2,22.4,22.5,285625
NOIDATOLL,2012-03-07 00:00:00+05:30,22.8,23.05,22.25,22.6,193546
NOIDATOLL,2012-03-09 00:00:00+05:30,22.95,23.1,22.75,22.9,164557
NOIDATOLL,2012-03-12 00:00:00+05:30,23.2,23.2,22.55,22.6,146319
NOIDATOLL,2012-03-13 00:00:00+05:30,22.65,23.2,22.6,22.8,205486
NOIDATOLL,2012-03-14 00:00:00+05:30,23.0,23.1,22.55,22.6,207046
NOIDATOLL,2012-03-15 00:00:00+05:30,22.6,22.75,22.15,22.25,612276
NOIDATOLL,2012-03-16 00:00:00+05:30,22.4,22.55,22.05,22.15,268732
NOIDATOLL,2012-03-19 00:00:00+05:30,22.4,22.4,21.95,22.25,192242
NOIDATOLL,2012-03-20 00:00:00+05:30,22.05,22.45,22.0,22.05,396370
NOIDATOLL,2012-03-21 00:00:00+05:30,22.25,22.55,21.95,22.45,610334
NOIDATOLL,2012-03-22 00:00:00+05:30,22.3,22.65,22.25,22.25,146202
NOIDATOLL,2012-03-23 00:00:00+05:30,22.1,22.5,22.0,22.35,115156
NOIDATOLL,2012-03-26 00:00:00+05:30,22.4,22.45,22.05,22.1,369649
NOIDATOLL,2012-03-27 00:00:00+05:30,22.0,22.45,21.95,22.0,189664
NOIDATOLL,2012-03-28 00:00:00+05:30,21.75,22.4,18.1,22.0,157503
NOIDATOLL,2012-03-29 00:00:00+05:30,22.0,22.6,22.0,22.45,278287
NOIDATOLL,2012-03-30 00:00:00+05:30,22.7,22.75,22.25,22.4,109668
NOIDATOLL,2012-04-02 00:00:00+05:30,22.3,23.45,22.3,23.35,202873
NOIDATOLL,2012-04-03 00:00:00+05:30,23.5,25.5,23.15,23.35,207090
NOIDATOLL,2012-04-04 00:00:00+05:30,23.05,23.45,23.0,23.1,123989
NOIDATOLL,2012-04-09 00:00:00+05:30,23.3,23.35,23.0,23.0,108466
NOIDATOLL,2012-04-10 00:00:00+05:30,23.05,23.3,23.0,23.15,126904
NOIDATOLL,2012-04-11 00:00:00+05:30,23.1,24.5,23.0,24.05,330677
NOIDATOLL,2012-04-12 00:00:00+05:30,24.7,25.85,23.4,23.55,833787
NOIDATOLL,2012-04-13 00:00:00+05:30,23.15,23.95,23.05,23.4,238959
NOIDATOLL,2012-04-16 00:00:00+05:30,23.65,23.9,23.05,23.55,144978
NOIDATOLL,2012-04-17 00:00:00+05:30,23.25,24.6,23.25,24.35,280141
NOIDATOLL,2012-04-18 00:00:00+05:30,24.9,25.0,24.5,24.65,605992
NOIDATOLL,2012-04-19 00:00:00+05:30,24.65,24.75,24.05,24.25,211562
NOIDATOLL,2012-04-20 00:00:00+05:30,24.45,24.75,24.05,24.15,143630
NOIDATOLL,2012-04-23 00:00:00+05:30,24.05,24.85,24.05,24.5,709012
NOIDATOLL,2012-04-24 00:00:00+05:30,25.0,25.05,24.05,24.2,340654
NOIDATOLL,2012-04-25 00:00:00+05:30,24.1,24.55,23.9,24.3,229022
NOIDATOLL,2012-04-26 00:00:00+05:30,24.25,24.85,24.05,24.55,210471
NOIDATOLL,2012-04-27 00:00:00+05:30,24.8,24.85,24.5,24.65,251847
NOIDATOLL,2012-04-30 00:00:00+05:30,24.45,26.2,24.4,25.55,599751
NOIDATOLL,2012-05-02 00:00:00+05:30,25.6,26.45,24.9,25.6,859034
NOIDATOLL,2012-05-03 00:00:00+05:30,25.4,25.5,25.05,25.3,217994
NOIDATOLL,2012-05-04 00:00:00+05:30,25.4,25.4,24.95,25.3,385559
NOIDATOLL,2012-05-07 00:00:00+05:30,25.0,25.05,24.5,24.9,219378
NOIDATOLL,2012-05-08 00:00:00+05:30,25.0,25.2,24.75,24.85,174581
NOIDATOLL,2012-05-09 00:00:00+05:30,24.25,24.85,23.9,24.0,184167
NOIDATOLL,2012-05-10 00:00:00+05:30,24.1,24.5,23.8,23.85,223962
NOIDATOLL,2012-05-11 00:00:00+05:30,23.9,24.15,23.5,23.65,101982
NOIDATOLL,2012-05-14 00:00:00+05:30,23.85,23.95,23.55,23.65,79928
NOIDATOLL,2012-05-15 00:00:00+05:30,23.7,24.0,23.45,23.6,133812
NOIDATOLL,2012-05-16 00:00:00+05:30,22.25,24.1,22.25,23.95,178227
NOIDATOLL,2012-05-17 00:00:00+05:30,23.6,24.45,23.6,23.95,98710
NOIDATOLL,2012-05-18 00:00:00+05:30,23.95,24.3,23.6,24.15,151308
NOIDATOLL,2012-05-21 00:00:00+05:30,24.2,24.4,23.9,24.3,134736
NOIDATOLL,2012-05-22 00:00:00+05:30,24.4,24.85,24.05,24.45,213976
NOIDATOLL,2012-05-23 00:00:00+05:30,24.5,24.9,24.1,24.55,118372
NOIDATOLL,2012-05-24 00:00:00+05:30,24.5,24.95,24.45,24.75,98771
NOIDATOLL,2012-05-25 00:00:00+05:30,24.6,25.8,24.6,25.05,202587
NOIDATOLL,2012-05-28 00:00:00+05:30,24.85,25.25,24.8,24.95,115916
NOIDATOLL,2012-05-29 00:00:00+05:30,25.0,25.6,24.85,25.15,149957
NOIDATOLL,2012-05-30 00:00:00+05:30,25.15,25.35,24.75,24.75,101675
NOIDATOLL,2012-05-31 00:00:00+05:30,24.75,25.0,24.7,24.9,64176
NOIDATOLL,2012-06-01 00:00:00+05:30,24.9,24.95,24.5,24.7,79000
NOIDATOLL,2012-06-04 00:00:00+05:30,24.65,24.75,24.35,24.65,99418
NOIDATOLL,2012-06-05 00:00:00+05:30,24.7,25.9,24.45,25.1,337311
NOIDATOLL,2012-06-06 00:00:00+05:30,25.55,27.35,25.55,25.85,823307
NOIDATOLL,2012-06-07 00:00:00+05:30,26.1,26.1,25.2,25.35,134969
NOIDATOLL,2012-06-08 00:00:00+05:30,25.0,25.9,25.0,25.6,129742
NOIDATOLL,2012-06-11 00:00:00+05:30,25.6,25.85,25.25,25.4,80136
NOIDATOLL,2012-06-12 00:00:00+05:30,25.4,25.6,25.05,25.25,92873
NOIDATOLL,2012-06-13 00:00:00+05:30,25.05,26.1,25.05,25.65,194428
NOIDATOLL,2012-06-14 00:00:00+05:30,25.4,25.75,25.15,25.45,143672
NOIDATOLL,2012-06-15 00:00:00+05:30,25.55,25.55,25.05,25.1,72402
NOIDATOLL,2012-06-18 00:00:00+05:30,25.05,25.55,24.75,25.2,120151
NOIDATOLL,2012-06-19 00:00:00+05:30,25.2,25.75,25.05,25.45,155246
NOIDATOLL,2012-06-20 00:00:00+05:30,25.35,26.15,25.3,25.75,259949
NOIDATOLL,2012-06-21 00:00:00+05:30,25.0,26.05,25.0,25.85,107556
NOIDATOLL,2012-06-22 00:00:00+05:30,25.0,25.75,25.0,25.35,44932
NOIDATOLL,2012-06-25 00:00:00+05:30,25.45,25.6,25.25,25.3,68435
NOIDATOLL,2012-06-26 00:00:00+05:30,25.45,25.6,25.3,25.5,99973
NOIDATOLL,2012-06-27 00:00:00+05:30,25.5,26.1,25.35,25.75,137662
NOIDATOLL,2012-06-28 00:00:00+05:30,25.85,26.15,25.6,26.1,173787
NOIDATOLL,2012-06-29 00:00:00+05:30,26.4,26.6,25.8,25.85,136721
NOIDATOLL,2012-07-02 00:00:00+05:30,25.9,26.2,25.5,25.5,104245
NOIDATOLL,2012-07-03 00:00:00+05:30,25.5,25.9,25.45,25.5,136908
NOIDATOLL,2012-07-04 00:00:00+05:30,25.55,26.3,25.4,26.2,159618
NOIDATOLL,2012-07-05 00:00:00+05:30,26.0,26.5,25.75,26.1,197631
NOIDATOLL,2012-07-06 00:00:00+05:30,26.0,27.0,26.0,26.4,195936
NOIDATOLL,2012-07-09 00:00:00+05:30,26.15,27.0,26.05,26.45,292282
NOIDATOLL,2012-07-10 00:00:00+05:30,26.4,26.4,25.5,25.85,267524
NOIDATOLL,2012-07-11 00:00:00+05:30,26.0,26.3,25.6,25.7,165309
NOIDATOLL,2012-07-12 00:00:00+05:30,25.65,25.9,25.45,25.5,51671
NOIDATOLL,2012-07-13 00:00:00+05:30,25.8,26.1,25.35,25.5,156306
NOIDATOLL,2012-07-16 00:00:00+05:30,25.65,25.85,25.4,25.45,62624
NOIDATOLL,2012-07-17 00:00:00+05:30,25.5,26.1,25.5,25.85,189426
NOIDATOLL,2012-07-18 00:00:00+05:30,25.8,25.9,25.45,25.55,140833
NOIDATOLL,2012-07-19 00:00:00+05:30,25.55,25.85,25.55,25.75,51989
NOIDATOLL,2012-07-20 00:00:00+05:30,25.65,25.9,25.5,25.6,68780
NOIDATOLL,2012-07-23 00:00:00+05:30,25.75,25.75,25.25,25.4,237556
NOIDATOLL,2012-07-24 00:00:00+05:30,25.4,25.6,25.15,25.25,56325
NOIDATOLL,2012-07-25 00:00:00+05:30,22.4,25.4,22.4,25.1,127179
NOIDATOLL,2012-07-26 00:00:00+05:30,25.05,25.25,24.4,24.5,127090
NOIDATOLL,2012-07-27 00:00:00+05:30,24.7,25.1,24.5,24.85,166263
NOIDATOLL,2012-07-30 00:00:00+05:30,24.75,26.25,24.6,24.9,249973
NOIDATOLL,2012-07-31 00:00:00+05:30,24.85,25.1,24.3,24.4,94533
NOIDATOLL,2012-08-01 00:00:00+05:30,24.7,25.4,24.5,25.15,170866
NOIDATOLL,2012-08-02 00:00:00+05:30,24.9,25.1,24.35,25.0,340120
NOIDATOLL,2012-08-03 00:00:00+05:30,25.0,25.55,25.0,25.2,115571
NOIDATOLL,2012-08-06 00:00:00+05:30,25.05,25.6,25.05,25.5,160337
NOIDATOLL,2012-08-07 00:00:00+05:30,25.05,25.95,25.0,25.5,101892
NOIDATOLL,2012-08-08 00:00:00+05:30,25.4,25.6,24.75,24.85,89513
NOIDATOLL,2012-08-09 00:00:00+05:30,25.3,26.3,24.7,26.1,472725
NOIDATOLL,2012-08-10 00:00:00+05:30,26.7,26.8,24.85,24.95,825679
NOIDATOLL,2012-08-13 00:00:00+05:30,25.3,25.4,24.95,25.3,117922
NOIDATOLL,2012-08-14 00:00:00+05:30,25.05,25.35,25.0,25.05,81025
NOIDATOLL,2012-08-16 00:00:00+05:30,25.3,25.3,24.8,24.85,101626
NOIDATOLL,2012-08-17 00:00:00+05:30,25.0,25.35,24.8,24.95,125478
NOIDATOLL,2012-08-21 00:00:00+05:30,24.9,25.2,24.7,24.8,120585
NOIDATOLL,2012-08-22 00:00:00+05:30,24.75,25.0,24.75,24.85,71247
NOIDATOLL,2012-08-23 00:00:00+05:30,25.0,25.0,24.75,24.85,122746
NOIDATOLL,2012-08-24 00:00:00+05:30,24.8,25.1,24.8,25.0,123460
NOIDATOLL,2012-08-27 00:00:00+05:30,25.0,25.55,24.8,24.85,130548
NOIDATOLL,2012-08-28 00:00:00+05:30,24.85,25.0,24.5,24.8,69509
NOIDATOLL,2012-08-29 00:00:00+05:30,24.75,24.95,24.45,24.5,58478
NOIDATOLL,2012-08-30 00:00:00+05:30,24.5,24.75,24.15,24.45,93584
NOIDATOLL,2012-08-31 00:00:00+05:30,20.25,24.7,20.25,24.4,67948
NOIDATOLL,2012-09-03 00:00:00+05:30,24.4,24.9,24.0,24.3,88074
NOIDATOLL,2012-09-04 00:00:00+05:30,24.35,24.65,24.3,24.55,103042
NOIDATOLL,2012-09-05 00:00:00+05:30,24.5,24.75,24.3,24.55,86393
NOIDATOLL,2012-09-06 00:00:00+05:30,24.65,25.2,24.45,25.0,77270
NOIDATOLL,2012-09-07 00:00:00+05:30,25.0,25.25,24.95,25.0,91540
NOIDATOLL,2012-09-10 00:00:00+05:30,24.95,25.15,24.8,25.05,61113
NOIDATOLL,2012-09-11 00:00:00+05:30,25.05,25.3,25.0,25.1,95980
NOIDATOLL,2012-09-12 00:00:00+05:30,25.25,25.3,25.05,25.15,111915
NOIDATOLL,2012-09-13 00:00:00+05:30,25.1,25.1,24.6,24.85,101042
NOIDATOLL,2012-09-14 00:00:00+05:30,25.0,25.25,24.6,24.8,165226
NOIDATOLL,2012-09-17 00:00:00+05:30,25.05,25.05,24.7,24.85,140370
NOIDATOLL,2012-09-18 00:00:00+05:30,24.55,25.05,24.5,24.6,197315
NOIDATOLL,2012-09-20 00:00:00+05:30,20.6,25.15,20.25,25.0,158328
NOIDATOLL,2012-09-21 00:00:00+05:30,24.95,25.25,24.85,25.0,160689
NOIDATOLL,2012-09-24 00:00:00+05:30,25.0,25.4,24.8,25.2,245672
NOIDATOLL,2012-09-25 00:00:00+05:30,25.3,25.5,24.55,25.0,160267
NOIDATOLL,2012-09-26 00:00:00+05:30,24.95,25.25,24.9,25.0,100417
NOIDATOLL,2012-09-27 00:00:00+05:30,25.0,25.2,24.9,25.0,69853
NOIDATOLL,2012-09-28 00:00:00+05:30,25.0,28.35,24.6,27.9,1411563
NOIDATOLL,2012-10-01 00:00:00+05:30,29.45,30.0,28.0,28.65,4490888
NOIDATOLL,2012-10-03 00:00:00+05:30,28.45,29.0,27.5,27.65,499783
NOIDATOLL,2012-10-04 00:00:00+05:30,27.65,28.8,27.25,27.55,578810
NOIDATOLL,2012-10-05 00:00:00+05:30,27.15,27.85,26.15,26.7,393111
NOIDATOLL,2012-10-08 00:00:00+05:30,26.9,27.0,26.0,26.15,391140
NOIDATOLL,2012-10-09 00:00:00+05:30,26.15,26.7,26.15,26.5,242654
NOIDATOLL,2012-10-10 00:00:00+05:30,27.0,27.0,25.85,26.0,210653
NOIDATOLL,2012-10-11 00:00:00+05:30,25.4,26.2,25.4,26.0,145701
NOIDATOLL,2012-10-12 00:00:00+05:30,26.0,26.9,25.9,26.0,288011
NOIDATOLL,2012-10-15 00:00:00+05:30,26.0,26.2,25.8,26.05,112540
NOIDATOLL,2012-10-16 00:00:00+05:30,26.1,26.25,25.5,25.6,102513
NOIDATOLL,2012-10-17 00:00:00+05:30,26.0,26.6,25.65,25.85,222136
NOIDATOLL,2012-10-18 00:00:00+05:30,26.2,26.2,25.75,25.85,86514
NOIDATOLL,2012-10-19 00:00:00+05:30,25.8,26.6,25.75,25.85,217457
NOIDATOLL,2012-10-22 00:00:00+05:30,25.85,25.85,25.55,25.7,95443
NOIDATOLL,2012-10-23 00:00:00+05:30,25.7,26.15,25.15,25.7,193185
NOIDATOLL,2012-10-25 00:00:00+05:30,25.4,26.2,25.4,25.55,163184
NOIDATOLL,2012-10-26 00:00:00+05:30,25.5,25.75,25.3,25.4,98438
NOIDATOLL,2012-10-29 00:00:00+05:30,25.5,26.2,25.05,25.2,296192
NOIDATOLL,2012-10-30 00:00:00+05:30,25.25,25.45,24.7,24.8,308843
NOIDATOLL,2012-10-31 00:00:00+05:30,24.75,25.4,24.7,25.3,145896
NOIDATOLL,2012-11-01 00:00:00+05:30,23.1,25.75,23.1,25.15,147780
NOIDATOLL,2012-11-02 00:00:00+05:30,25.1,25.45,24.85,24.95,123628
NOIDATOLL,2012-11-05 00:00:00+05:30,24.65,25.2,24.65,25.05,145526
NOIDATOLL,2012-11-06 00:00:00+05:30,25.05,25.55,24.8,25.5,119078
NOIDATOLL,2012-11-07 00:00:00+05:30,25.4,25.5,24.8,24.95,92099
NOIDATOLL,2012-11-08 00:00:00+05:30,24.9,25.1,24.65,24.8,92596
NOIDATOLL,2012-11-09 00:00:00+05:30,24.8,25.9,24.8,25.05,249252
NOIDATOLL,2012-11-12 00:00:00+05:30,25.9,26.65,25.55,26.3,790552
NOIDATOLL,2012-11-13 00:00:00+05:30,26.45,27.0,26.3,26.55,198436
NOIDATOLL,2012-11-15 00:00:00+05:30,26.45,26.45,25.5,25.75,141492
NOIDATOLL,2012-11-16 00:00:00+05:30,25.75,26.0,25.7,25.8,170340
NOIDATOLL,2012-11-19 00:00:00+05:30,25.4,25.45,24.65,24.8,311331
NOIDATOLL,2012-11-20 00:00:00+05:30,25.45,25.45,24.35,24.45,187303
NOIDATOLL,2012-11-21 00:00:00+05:30,24.5,24.7,24.1,24.5,264444
NOIDATOLL,2012-11-22 00:00:00+05:30,24.5,24.9,24.15,24.3,127185
NOIDATOLL,2012-11-23 00:00:00+05:30,24.45,24.45,23.75,23.8,279578
NOIDATOLL,2012-11-26 00:00:00+05:30,23.8,24.3,23.25,23.75,228346
NOIDATOLL,2012-11-27 00:00:00+05:30,23.9,24.2,23.65,23.95,187095
NOIDATOLL,2012-11-29 00:00:00+05:30,24.05,24.5,23.75,23.9,203225
NOIDATOLL,2012-11-30 00:00:00+05:30,24.4,24.5,23.9,24.4,245992
NOIDATOLL,2012-12-03 00:00:00+05:30,24.4,24.6,24.1,24.35,78633
NOIDATOLL,2012-12-04 00:00:00+05:30,24.4,24.5,23.75,23.95,251347
NOIDATOLL,2012-12-05 00:00:00+05:30,23.8,24.65,23.8,23.85,219834
NOIDATOLL,2012-12-06 00:00:00+05:30,23.85,24.25,23.6,23.85,230940
NOIDATOLL,2012-12-07 00:00:00+05:30,24.0,24.25,23.8,23.85,224782
NOIDATOLL,2012-12-10 00:00:00+05:30,24.25,24.85,24.25,24.45,402360
NOIDATOLL,2012-12-11 00:00:00+05:30,24.8,24.9,23.8,23.9,136772
NOIDATOLL,2012-12-12 00:00:00+05:30,24.0,24.25,23.65,23.85,194171
NOIDATOLL,2012-12-13 00:00:00+05:30,24.05,24.15,23.7,23.8,133977
NOIDATOLL,2012-12-14 00:00:00+05:30,23.85,24.0,23.4,23.55,125049
NOIDATOLL,2012-12-17 00:00:00+05:30,23.55,23.85,23.5,23.6,77857
NOIDATOLL,2012-12-18 00:00:00+05:30,23.5,24.8,23.0,24.15,370063
NOIDATOLL,2012-12-19 00:00:00+05:30,23.4,24.0,23.35,23.5,282104
NOIDATOLL,2012-12-20 00:00:00+05:30,23.25,23.5,23.05,23.15,262878
NOIDATOLL,2012-12-21 00:00:00+05:30,23.1,23.45,23.0,23.05,262436
NOIDATOLL,2012-12-24 00:00:00+05:30,23.45,23.45,23.0,23.05,99491
NOIDATOLL,2012-12-26 00:00:00+05:30,23.45,23.45,22.9,23.05,298257
NOIDATOLL,2012-12-27 00:00:00+05:30,23.05,23.95,22.5,22.65,386957
NOIDATOLL,2012-12-28 00:00:00+05:30,22.65,22.8,22.4,22.7,379386
NOIDATOLL,2012-12-31 00:00:00+05:30,22.7,22.9,22.3,22.5,173099
NOIDATOLL,2013-01-01 00:00:00+05:30,23.2,23.75,22.8,23.3,238252
NOIDATOLL,2013-01-02 00:00:00+05:30,23.5,23.6,23.05,23.3,223807
NOIDATOLL,2013-01-03 00:00:00+05:30,23.5,23.65,23.1,23.25,201047
NOIDATOLL,2013-01-04 00:00:00+05:30,23.2,23.4,22.95,23.05,147318
NOIDATOLL,2013-01-07 00:00:00+05:30,23.1,23.6,23.1,23.3,215258
NOIDATOLL,2013-01-08 00:00:00+05:30,23.3,23.5,23.0,23.1,101057
NOIDATOLL,2013-01-09 00:00:00+05:30,23.1,23.75,23.0,23.4,254190
NOIDATOLL,2013-01-10 00:00:00+05:30,23.25,23.45,23.1,23.2,119426
NOIDATOLL,2013-01-11 00:00:00+05:30,23.0,23.3,22.95,23.0,108999
NOIDATOLL,2013-01-14 00:00:00+05:30,23.05,23.65,22.85,23.55,153409
NOIDATOLL,2013-01-15 00:00:00+05:30,21.05,23.8,21.05,23.4,139143
NOIDATOLL,2013-01-16 00:00:00+05:30,23.5,24.1,23.3,23.35,288894
NOIDATOLL,2013-01-17 00:00:00+05:30,23.35,23.65,23.1,23.2,86083
NOIDATOLL,2013-01-18 00:00:00+05:30,23.5,23.85,22.9,22.95,88973
NOIDATOLL,2013-01-21 00:00:00+05:30,21.15,23.0,21.15,22.8,143754
NOIDATOLL,2013-01-22 00:00:00+05:30,22.75,23.35,22.75,23.05,167034
NOIDATOLL,2013-01-23 00:00:00+05:30,23.05,23.7,22.75,22.85,76813
NOIDATOLL,2013-01-24 00:00:00+05:30,22.9,22.9,22.5,22.5,146313
NOIDATOLL,2013-01-25 00:00:00+05:30,22.5,22.95,22.3,22.75,267951
NOIDATOLL,2013-01-28 00:00:00+05:30,20.25,23.45,20.25,22.7,345295
NOIDATOLL,2013-01-29 00:00:00+05:30,22.7,22.95,22.4,22.7,145565
NOIDATOLL,2013-01-30 00:00:00+05:30,22.5,22.85,22.25,22.3,85232
NOIDATOLL,2013-01-31 00:00:00+05:30,22.6,22.6,22.15,22.25,97649
NOIDATOLL,2013-02-01 00:00:00+05:30,22.2,22.5,22.1,22.2,69950
NOIDATOLL,2013-02-04 00:00:00+05:30,22.45,22.45,22.0,22.0,78505
NOIDATOLL,2013-02-05 00:00:00+05:30,22.35,22.35,21.8,21.95,111315
NOIDATOLL,2013-02-06 00:00:00+05:30,22.0,22.25,21.9,21.95,48628
NOIDATOLL,2013-02-07 00:00:00+05:30,22.05,22.45,22.0,22.3,130065
NOIDATOLL,2013-02-08 00:00:00+05:30,22.25,22.6,22.0,22.05,76805
NOIDATOLL,2013-02-11 00:00:00+05:30,22.05,22.1,21.75,21.8,60788
NOIDATOLL,2013-02-12 00:00:00+05:30,21.75,22.75,21.65,22.55,298679
NOIDATOLL,2013-02-13 00:00:00+05:30,22.55,22.8,22.2,22.65,90798
NOIDATOLL,2013-02-14 00:00:00+05:30,22.4,22.8,22.25,22.7,143047
NOIDATOLL,2013-02-15 00:00:00+05:30,22.7,23.1,22.1,22.9,143390
NOIDATOLL,2013-02-18 00:00:00+05:30,22.95,23.4,22.6,22.7,77637
NOIDATOLL,2013-02-19 00:00:00+05:30,22.7,22.8,22.6,22.7,43809
NOIDATOLL,2013-02-20 00:00:00+05:30,22.6,22.85,22.45,22.65,33241
NOIDATOLL,2013-02-21 00:00:00+05:30,22.5,22.85,22.1,22.7,65933
NOIDATOLL,2013-02-22 00:00:00+05:30,22.7,22.95,22.3,22.8,49268
NOIDATOLL,2013-02-25 00:00:00+05:30,22.8,22.9,22.6,22.65,56493
NOIDATOLL,2013-02-26 00:00:00+05:30,22.7,22.75,22.0,22.05,113210
NOIDATOLL,2013-02-27 00:00:00+05:30,22.2,22.25,22.0,22.1,56591
NOIDATOLL,2013-02-28 00:00:00+05:30,22.5,22.9,21.9,22.0,125829
NOIDATOLL,2013-03-01 00:00:00+05:30,22.4,22.4,20.25,21.05,286550
NOIDATOLL,2013-03-04 00:00:00+05:30,21.25,21.25,20.25,21.0,102152
NOIDATOLL,2013-03-05 00:00:00+05:30,21.0,21.4,20.8,20.9,74168
NOIDATOLL,2013-03-06 00:00:00+05:30,20.9,21.4,20.9,21.15,87173
NOIDATOLL,2013-03-07 00:00:00+05:30,21.15,21.6,21.05,21.45,97120
NOIDATOLL,2013-03-08 00:00:00+05:30,21.15,21.6,21.15,21.45,100564
NOIDATOLL,2013-03-11 00:00:00+05:30,21.3,21.5,21.0,21.0,70994
NOIDATOLL,2013-03-12 00:00:00+05:30,21.1,23.6,20.65,22.65,414128
NOIDATOLL,2013-03-13 00:00:00+05:30,22.25,22.3,20.8,21.1,242345
NOIDATOLL,2013-03-14 00:00:00+05:30,21.0,21.25,20.6,21.05,51369
NOIDATOLL,2013-03-15 00:00:00+05:30,21.0,21.2,20.75,20.8,49229
NOIDATOLL,2013-03-18 00:00:00+05:30,20.9,21.0,20.55,20.8,100680
NOIDATOLL,2013-03-19 00:00:00+05:30,21.0,21.0,20.7,20.8,64184
NOIDATOLL,2013-03-20 00:00:00+05:30,20.8,20.95,20.25,20.4,113692
NOIDATOLL,2013-03-21 00:00:00+05:30,20.35,20.9,20.25,20.4,75663
NOIDATOLL,2013-03-22 00:00:00+05:30,20.35,20.7,19.95,20.05,112694
NOIDATOLL,2013-03-25 00:00:00+05:30,20.05,20.45,20.0,20.0,110071
NOIDATOLL,2013-03-26 00:00:00+05:30,20.0,20.2,19.8,20.05,162411
NOIDATOLL,2013-03-28 00:00:00+05:30,20.2,20.45,19.7,19.95,126270
NOIDATOLL,2013-04-01 00:00:00+05:30,20.9,22.0,20.9,21.35,215126
NOIDATOLL,2013-04-02 00:00:00+05:30,21.6,21.9,21.15,21.65,114057
NOIDATOLL,2013-04-03 00:00:00+05:30,21.15,21.7,21.15,21.55,43446
NOIDATOLL,2013-04-04 00:00:00+05:30,21.45,21.5,21.2,21.35,72703
NOIDATOLL,2013-04-05 00:00:00+05:30,21.35,21.5,21.0,21.0,37199
NOIDATOLL,2013-04-08 00:00:00+05:30,20.0,21.45,20.0,21.0,57902
NOIDATOLL,2013-04-09 00:00:00+05:30,21.1,21.8,20.5,21.15,121284
NOIDATOLL,2013-04-10 00:00:00+05:30,21.4,21.4,20.9,21.05,36593
NOIDATOLL,2013-04-11 00:00:00+05:30,21.0,21.2,20.8,20.85,36325
NOIDATOLL,2013-04-12 00:00:00+05:30,20.65,20.95,20.25,20.6,66511
NOIDATOLL,2013-04-15 00:00:00+05:30,20.8,21.0,20.4,20.6,101211
NOIDATOLL,2013-04-16 00:00:00+05:30,21.1,21.1,20.45,20.6,72561
NOIDATOLL,2013-04-17 00:00:00+05:30,20.6,21.0,20.6,20.7,105527
NOIDATOLL,2013-04-18 00:00:00+05:30,20.6,20.9,20.6,20.7,47728
NOIDATOLL,2013-04-22 00:00:00+05:30,20.55,20.95,20.55,20.75,80933
NOIDATOLL,2013-04-23 00:00:00+05:30,21.7,21.7,20.7,21.25,83834
NOIDATOLL,2013-04-25 00:00:00+05:30,20.75,21.45,20.75,21.2,51447
NOIDATOLL,2013-04-26 00:00:00+05:30,21.2,22.3,21.1,21.95,153717
NOIDATOLL,2013-04-29 00:00:00+05:30,21.5,22.15,21.5,22.05,161562
NOIDATOLL,2013-04-30 00:00:00+05:30,21.7,22.0,20.7,21.3,77638
NOIDATOLL,2013-05-02 00:00:00+05:30,22.2,22.2,21.25,21.8,105350
NOIDATOLL,2013-05-03 00:00:00+05:30,21.1,21.9,21.1,21.45,265193
NOIDATOLL,2013-05-06 00:00:00+05:30,21.5,21.95,21.45,21.75,161861
NOIDATOLL,2013-05-07 00:00:00+05:30,21.75,22.2,21.75,21.85,99856
NOIDATOLL,2013-05-08 00:00:00+05:30,21.85,22.15,21.85,22.0,160159
NOIDATOLL,2013-05-09 00:00:00+05:30,22.35,22.4,21.9,22.1,53296
NOIDATOLL,2013-05-10 00:00:00+05:30,22.0,22.15,21.85,21.95,81864
NOIDATOLL,2013-05-13 00:00:00+05:30,22.0,23.25,21.95,22.25,264612
NOIDATOLL,2013-05-14 00:00:00+05:30,22.4,22.7,22.1,22.3,147420
NOIDATOLL,2013-05-15 00:00:00+05:30,22.2,22.5,22.2,22.3,90352
NOIDATOLL,2013-05-16 00:00:00+05:30,22.5,22.5,22.05,22.1,106388
NOIDATOLL,2013-05-17 00:00:00+05:30,22.3,22.3,21.5,21.85,93412
NOIDATOLL,2013-05-20 00:00:00+05:30,21.55,22.2,21.55,21.9,115388
NOIDATOLL,2013-05-21 00:00:00+05:30,21.7,21.95,21.7,21.8,34070
NOIDATOLL,2013-05-22 00:00:00+05:30,21.75,21.9,21.55,21.55,81676
NOIDATOLL,2013-05-23 00:00:00+05:30,21.6,21.75,21.4,21.45,146270
NOIDATOLL,2013-05-24 00:00:00+05:30,21.55,21.75,21.55,21.6,100144
NOIDATOLL,2013-05-27 00:00:00+05:30,21.55,22.0,21.55,21.75,48999
NOIDATOLL,2013-05-28 00:00:00+05:30,22.0,22.25,21.7,21.9,52187
NOIDATOLL,2013-05-29 00:00:00+05:30,22.0,22.0,21.7,21.7,97711
NOIDATOLL,2013-05-30 00:00:00+05:30,21.5,22.75,21.5,22.0,996846
NOIDATOLL,2013-05-31 00:00:00+05:30,21.7,22.0,21.7,21.75,711750
NOIDATOLL,2013-06-03 00:00:00+05:30,21.8,21.95,21.7,21.8,278253
NOIDATOLL,2013-06-04 00:00:00+05:30,21.8,21.9,21.65,21.85,259048
NOIDATOLL,2013-06-05 00:00:00+05:30,21.8,22.2,21.75,22.15,247510
NOIDATOLL,2013-06-06 00:00:00+05:30,22.1,22.1,21.8,21.85,135729
NOIDATOLL,2013-06-07 00:00:00+05:30,21.9,22.3,21.85,22.2,69827
NOIDATOLL,2013-06-10 00:00:00+05:30,22.3,22.4,21.9,21.9,66351
NOIDATOLL,2013-06-11 00:00:00+05:30,22.0,22.0,21.7,21.8,70132
NOIDATOLL,2013-06-12 00:00:00+05:30,21.8,21.85,21.7,21.7,52626
NOIDATOLL,2013-06-13 00:00:00+05:30,21.7,21.75,21.55,21.65,68155
NOIDATOLL,2013-06-14 00:00:00+05:30,21.65,21.9,21.65,21.7,46872
NOIDATOLL,2013-06-17 00:00:00+05:30,21.5,21.85,21.3,21.65,229481
NOIDATOLL,2013-06-18 00:00:00+05:30,21.65,21.75,21.6,21.6,41405
NOIDATOLL,2013-06-19 00:00:00+05:30,21.55,21.8,21.55,21.65,50481
NOIDATOLL,2013-06-20 00:00:00+05:30,21.7,21.7,21.55,21.6,59326
NOIDATOLL,2013-06-21 00:00:00+05:30,21.5,21.75,21.3,21.45,353372
NOIDATOLL,2013-06-24 00:00:00+05:30,21.5,21.65,21.05,21.15,110750
NOIDATOLL,2013-06-25 00:00:00+05:30,21.15,21.6,21.1,21.4,89404
NOIDATOLL,2013-06-26 00:00:00+05:30,21.2,21.5,21.15,21.3,287338
NOIDATOLL,2013-06-27 00:00:00+05:30,21.05,22.85,20.9,22.2,314420
NOIDATOLL,2013-06-28 00:00:00+05:30,23.15,23.35,22.45,22.65,909567
NOIDATOLL,2013-07-01 00:00:00+05:30,22.4,22.75,22.05,22.1,84539
NOIDATOLL,2013-07-02 00:00:00+05:30,22.5,22.5,21.15,21.6,147742
NOIDATOLL,2013-07-03 00:00:00+05:30,21.6,21.6,21.25,21.35,38621
NOIDATOLL,2013-07-04 00:00:00+05:30,21.25,21.6,21.15,21.3,57898
NOIDATOLL,2013-07-05 00:00:00+05:30,21.25,21.5,21.2,21.25,290575
NOIDATOLL,2013-07-08 00:00:00+05:30,21.05,22.05,21.05,22.0,139124
NOIDATOLL,2013-07-09 00:00:00+05:30,21.75,22.25,21.5,22.05,73376
NOIDATOLL,2013-07-10 00:00:00+05:30,21.6,22.25,21.6,22.0,104680
NOIDATOLL,2013-07-11 00:00:00+05:30,22.0,22.4,21.75,22.05,51203
NOIDATOLL,2013-07-12 00:00:00+05:30,22.0,22.3,21.85,22.1,378262
NOIDATOLL,2013-07-15 00:00:00+05:30,22.0,22.3,22.0,22.25,466174
NOIDATOLL,2013-07-16 00:00:00+05:30,22.25,22.3,21.9,22.0,45475
NOIDATOLL,2013-07-17 00:00:00+05:30,21.9,22.2,21.8,22.0,47068
NOIDATOLL,2013-07-18 00:00:00+05:30,22.0,22.45,21.8,22.15,82149
NOIDATOLL,2013-07-19 00:00:00+05:30,21.85,22.25,21.5,21.6,514729
NOIDATOLL,2013-07-22 00:00:00+05:30,21.6,22.1,21.6,22.0,618456
NOIDATOLL,2013-07-23 00:00:00+05:30,21.65,22.15,21.65,22.0,51458
NOIDATOLL,2013-07-24 00:00:00+05:30,22.2,22.2,21.4,22.0,567129
NOIDATOLL,2013-07-25 00:00:00+05:30,22.0,22.05,21.9,22.0,73138
NOIDATOLL,2013-07-26 00:00:00+05:30,21.9,22.1,21.9,22.0,72578
NOIDATOLL,2013-07-29 00:00:00+05:30,22.05,22.7,21.9,22.0,421795
NOIDATOLL,2013-07-30 00:00:00+05:30,22.0,22.25,21.9,22.0,748852
NOIDATOLL,2013-07-31 00:00:00+05:30,21.95,22.15,21.95,22.05,153503
NOIDATOLL,2013-08-01 00:00:00+05:30,22.45,22.45,21.4,21.5,198340
NOIDATOLL,2013-08-02 00:00:00+05:30,21.55,21.8,21.3,21.55,699622
NOIDATOLL,2013-08-05 00:00:00+05:30,21.35,21.9,21.3,21.35,61448
NOIDATOLL,2013-08-06 00:00:00+05:30,21.3,21.5,21.0,21.05,175270
NOIDATOLL,2013-08-07 00:00:00+05:30,20.75,21.45,20.75,21.05,548657
NOIDATOLL,2013-08-08 00:00:00+05:30,20.8,21.35,20.8,21.25,384103
NOIDATOLL,2013-08-12 00:00:00+05:30,21.5,21.75,21.0,21.65,53663
NOIDATOLL,2013-08-13 00:00:00+05:30,21.5,21.95,21.15,21.8,91611
NOIDATOLL,2013-08-14 00:00:00+05:30,21.6,21.85,21.4,21.5,61620
NOIDATOLL,2013-08-16 00:00:00+05:30,21.25,21.75,21.15,21.5,72175
NOIDATOLL,2013-08-19 00:00:00+05:30,21.75,21.75,20.9,21.15,97773
NOIDATOLL,2013-08-20 00:00:00+05:30,21.5,21.5,20.8,21.1,72773
NOIDATOLL,2013-08-21 00:00:00+05:30,20.95,21.45,20.95,21.05,46626
NOIDATOLL,2013-08-22 00:00:00+05:30,20.95,21.3,20.75,21.0,44661
NOIDATOLL,2013-08-23 00:00:00+05:30,21.35,21.35,20.95,20.95,50785
NOIDATOLL,2013-08-26 00:00:00+05:30,21.0,21.45,20.6,21.15,206245
NOIDATOLL,2013-08-27 00:00:00+05:30,21.0,21.4,20.7,20.95,61863
NOIDATOLL,2013-08-28 00:00:00+05:30,20.75,21.25,20.45,20.8,230469
NOIDATOLL,2013-08-29 00:00:00+05:30,20.8,20.95,20.45,20.55,112653
NOIDATOLL,2013-08-30 00:00:00+05:30,20.55,20.65,20.4,20.45,99254
NOIDATOLL,2013-09-02 00:00:00+05:30,20.45,21.0,20.35,20.9,170353
NOIDATOLL,2013-09-03 00:00:00+05:30,20.9,21.25,20.55,20.65,68103
NOIDATOLL,2013-09-04 00:00:00+05:30,21.1,21.1,20.5,20.7,75806
NOIDATOLL,2013-09-05 00:00:00+05:30,20.6,21.0,20.6,20.75,71121
NOIDATOLL,2013-09-06 00:00:00+05:30,21.0,21.0,20.7,20.75,65908
NOIDATOLL,2013-09-10 00:00:00+05:30,20.95,22.65,20.7,21.95,196737
NOIDATOLL,2013-09-11 00:00:00+05:30,22.6,23.45,22.05,22.45,1013369
NOIDATOLL,2013-09-12 00:00:00+05:30,22.5,23.0,22.05,22.35,181446
NOIDATOLL,2013-09-13 00:00:00+05:30,22.4,22.65,22.3,22.35,116638
NOIDATOLL,2013-09-16 00:00:00+05:30,22.4,22.6,22.0,22.1,155647
NOIDATOLL,2013-09-17 00:00:00+05:30,22.05,22.4,22.05,22.25,78056
NOIDATOLL,2013-09-18 00:00:00+05:30,21.65,21.65,21.05,21.1,121296
NOIDATOLL,2013-09-19 00:00:00+05:30,21.6,21.95,21.1,21.25,303675
NOIDATOLL,2013-09-20 00:00:00+05:30,21.35,21.35,20.75,20.8,95831
NOIDATOLL,2013-09-23 00:00:00+05:30,20.7,20.75,20.4,20.4,90857
NOIDATOLL,2013-09-24 00:00:00+05:30,20.25,20.6,20.25,20.4,140464
NOIDATOLL,2013-09-25 00:00:00+05:30,20.25,20.45,20.25,20.4,80405
NOIDATOLL,2013-09-26 00:00:00+05:30,20.3,20.5,20.25,20.3,100607
NOIDATOLL,2013-09-27 00:00:00+05:30,20.45,20.8,20.2,20.3,69521
NOIDATOLL,2013-09-30 00:00:00+05:30,20.35,20.35,20.0,20.1,125124
NOIDATOLL,2013-10-01 00:00:00+05:30,20.0,20.3,20.0,20.2,74566
NOIDATOLL,2013-10-03 00:00:00+05:30,20.1,20.3,20.1,20.15,56233
NOIDATOLL,2013-10-04 00:00:00+05:30,20.35,20.35,20.0,20.1,83802
NOIDATOLL,2013-10-07 00:00:00+05:30,20.05,20.2,20.0,20.1,98266
NOIDATOLL,2013-10-08 00:00:00+05:30,20.15,20.25,20.0,20.1,122069
NOIDATOLL,2013-10-09 00:00:00+05:30,20.05,20.3,20.05,20.2,66804
NOIDATOLL,2013-10-10 00:00:00+05:30,20.3,20.3,20.05,20.1,79168
NOIDATOLL,2013-10-11 00:00:00+05:30,20.2,20.25,20.05,20.05,93719
NOIDATOLL,2013-10-14 00:00:00+05:30,20.15,20.15,19.9,19.95,113774
NOIDATOLL,2013-10-15 00:00:00+05:30,19.7,20.05,19.7,19.8,116930
NOIDATOLL,2013-10-17 00:00:00+05:30,20.0,20.25,19.65,19.7,64327
NOIDATOLL,2013-10-18 00:00:00+05:30,19.65,21.25,19.6,21.0,315984
NOIDATOLL,2013-10-21 00:00:00+05:30,20.45,21.75,20.45,21.5,340685
NOIDATOLL,2013-10-22 00:00:00+05:30,21.55,21.55,20.7,20.8,156589
NOIDATOLL,2013-10-23 00:00:00+05:30,21.0,21.15,20.7,20.85,71652
NOIDATOLL,2013-10-24 00:00:00+05:30,20.85,21.2,20.65,20.75,116478
NOIDATOLL,2013-10-25 00:00:00+05:30,20.95,21.3,20.2,20.45,249641
NOIDATOLL,2013-10-28 00:00:00+05:30,20.35,20.8,20.35,20.7,154857
NOIDATOLL,2013-10-29 00:00:00+05:30,20.35,20.8,20.35,20.6,77022
NOIDATOLL,2013-10-30 00:00:00+05:30,20.6,20.75,20.45,20.65,67944
NOIDATOLL,2013-10-31 00:00:00+05:30,20.5,20.8,20.5,20.65,92434
NOIDATOLL,2013-11-01 00:00:00+05:30,20.45,20.8,20.45,20.45,259136
NOIDATOLL,2013-11-05 00:00:00+05:30,20.55,21.3,20.55,21.05,216487
NOIDATOLL,2013-11-06 00:00:00+05:30,21.3,21.55,21.2,21.3,173914
NOIDATOLL,2013-11-07 00:00:00+05:30,21.2,21.5,20.9,21.0,93301
NOIDATOLL,2013-11-08 00:00:00+05:30,21.0,21.2,20.9,21.0,78252
NOIDATOLL,2013-11-11 00:00:00+05:30,20.55,21.15,20.55,21.0,140117
NOIDATOLL,2013-11-12 00:00:00+05:30,20.95,21.1,20.85,21.0,110947
NOIDATOLL,2013-11-13 00:00:00+05:30,20.8,21.2,20.8,20.85,942747
NOIDATOLL,2013-11-14 00:00:00+05:30,20.9,21.1,20.8,21.0,113157
NOIDATOLL,2013-11-18 00:00:00+05:30,21.0,21.2,20.7,21.0,84488
NOIDATOLL,2013-11-19 00:00:00+05:30,21.0,21.1,20.9,21.0,174684
NOIDATOLL,2013-11-20 00:00:00+05:30,21.0,21.1,20.7,20.75,107794
NOIDATOLL,2013-11-21 00:00:00+05:30,20.7,20.9,20.4,20.55,92052
NOIDATOLL,2013-11-22 00:00:00+05:30,20.55,20.7,20.2,20.45,188307
NOIDATOLL,2013-11-25 00:00:00+05:30,20.45,20.65,20.4,20.45,32304
NOIDATOLL,2013-11-26 00:00:00+05:30,20.4,20.7,20.35,20.45,82215
NOIDATOLL,2013-11-27 00:00:00+05:30,20.45,20.45,20.25,20.35,33819
NOIDATOLL,2013-11-28 00:00:00+05:30,20.3,20.35,20.05,20.2,109090
NOIDATOLL,2013-11-29 00:00:00+05:30,20.0,20.3,20.0,20.15,192016
NOIDATOLL,2013-12-02 00:00:00+05:30,20.15,20.35,20.1,20.15,115187
NOIDATOLL,2013-12-03 00:00:00+05:30,20.1,20.3,20.05,20.15,94283
NOIDATOLL,2013-12-04 00:00:00+05:30,20.15,20.2,20.1,20.15,141450
NOIDATOLL,2013-12-05 00:00:00+05:30,20.1,21.3,20.1,20.3,335704
NOIDATOLL,2013-12-06 00:00:00+05:30,20.25,20.55,20.25,20.4,105179
NOIDATOLL,2013-12-09 00:00:00+05:30,20.6,20.6,20.3,20.35,106186
NOIDATOLL,2013-12-10 00:00:00+05:30,20.35,20.8,20.1,20.15,101630
NOIDATOLL,2013-12-11 00:00:00+05:30,20.2,20.25,20.05,20.1,142636
NOIDATOLL,2013-12-12 00:00:00+05:30,20.1,20.15,20.0,20.05,94826
NOIDATOLL,2013-12-13 00:00:00+05:30,20.15,20.15,19.9,19.95,85394
NOIDATOLL,2013-12-16 00:00:00+05:30,19.85,20.3,19.85,20.1,89760
NOIDATOLL,2013-12-17 00:00:00+05:30,20.0,20.15,19.9,19.9,87714
NOIDATOLL,2013-12-18 00:00:00+05:30,20.0,20.0,19.6,19.8,100549
NOIDATOLL,2013-12-19 00:00:00+05:30,19.9,20.1,19.85,20.05,115460
NOIDATOLL,2013-12-20 00:00:00+05:30,20.1,20.6,20.1,20.3,124290
NOIDATOLL,2013-12-23 00:00:00+05:30,20.15,20.7,20.15,20.45,74426
NOIDATOLL,2013-12-24 00:00:00+05:30,20.5,20.8,20.45,20.55,192108
NOIDATOLL,2013-12-26 00:00:00+05:30,20.55,22.2,20.55,22.0,1005177
NOIDATOLL,2013-12-27 00:00:00+05:30,22.15,22.3,20.75,20.85,899687
NOIDATOLL,2013-12-30 00:00:00+05:30,20.9,21.5,20.9,21.35,242353
NOIDATOLL,2013-12-31 00:00:00+05:30,21.15,21.55,21.15,21.45,158080
NOIDATOLL,2014-01-01 00:00:00+05:30,21.5,22.2,21.25,22.1,373488
NOIDATOLL,2014-01-02 00:00:00+05:30,21.55,22.8,21.4,21.75,528042
NOIDATOLL,2014-01-03 00:00:00+05:30,21.55,22.0,21.05,21.85,183183
NOIDATOLL,2014-01-06 00:00:00+05:30,21.8,22.15,21.6,21.75,120142
NOIDATOLL,2014-01-07 00:00:00+05:30,21.6,22.0,21.25,21.55,124909
NOIDATOLL,2014-01-08 00:00:00+05:30,21.7,22.2,21.4,21.75,127873
NOIDATOLL,2014-01-09 00:00:00+05:30,21.95,22.0,21.55,21.55,80465
NOIDATOLL,2014-01-10 00:00:00+05:30,21.6,21.8,21.25,21.4,101592
NOIDATOLL,2014-01-13 00:00:00+05:30,21.45,21.75,21.3,21.65,93527
NOIDATOLL,2014-01-14 00:00:00+05:30,21.7,21.9,21.4,21.65,267426
NOIDATOLL,2014-01-15 00:00:00+05:30,21.8,21.85,21.55,21.7,242720
NOIDATOLL,2014-01-16 00:00:00+05:30,21.6,21.9,21.5,21.75,320625
NOIDATOLL,2014-01-17 00:00:00+05:30,21.55,21.9,21.35,21.6,270995
NOIDATOLL,2014-01-20 00:00:00+05:30,21.55,21.65,21.0,21.1,985057
NOIDATOLL,2014-01-21 00:00:00+05:30,21.05,21.6,21.05,21.45,561129
NOIDATOLL,2014-01-22 00:00:00+05:30,21.3,21.5,21.15,21.4,77328
NOIDATOLL,2014-01-23 00:00:00+05:30,21.3,21.4,20.9,21.05,181529
NOIDATOLL,2014-01-24 00:00:00+05:30,20.8,21.2,20.7,21.05,168578
NOIDATOLL,2014-01-27 00:00:00+05:30,20.9,21.1,20.7,21.0,387062
NOIDATOLL,2014-01-28 00:00:00+05:30,20.85,21.05,20.7,20.9,77410
NOIDATOLL,2014-01-29 00:00:00+05:30,20.85,21.5,20.75,20.85,552508
NOIDATOLL,2014-01-30 00:00:00+05:30,20.75,21.2,20.7,21.0,337939
NOIDATOLL,2014-01-31 00:00:00+05:30,20.95,21.3,20.75,21.1,464966
NOIDATOLL,2014-02-03 00:00:00+05:30,21.25,21.25,20.8,21.0,347320
NOIDATOLL,2014-02-04 00:00:00+05:30,20.85,21.0,20.75,20.8,52923
NOIDATOLL,2014-02-05 00:00:00+05:30,20.8,21.0,20.7,20.7,69445
NOIDATOLL,2014-02-06 00:00:00+05:30,20.95,20.95,20.6,20.7,92912
NOIDATOLL,2014-02-07 00:00:00+05:30,20.75,20.85,20.7,20.75,62235
NOIDATOLL,2014-02-10 00:00:00+05:30,20.75,20.9,20.65,20.85,49680
NOIDATOLL,2014-02-11 00:00:00+05:30,20.85,21.2,20.75,20.8,62607
NOIDATOLL,2014-02-12 00:00:00+05:30,21.0,21.25,20.75,21.2,128714
NOIDATOLL,2014-02-13 00:00:00+05:30,21.0,21.65,20.85,21.45,153953
NOIDATOLL,2014-02-14 00:00:00+05:30,21.25,21.5,21.0,21.15,93308
NOIDATOLL,2014-02-17 00:00:00+05:30,20.9,21.35,20.9,21.25,65120
NOIDATOLL,2014-02-18 00:00:00+05:30,20.95,21.75,20.95,21.35,120899
NOIDATOLL,2014-02-19 00:00:00+05:30,21.35,21.7,21.1,21.15,176281
NOIDATOLL,2014-02-20 00:00:00+05:30,21.0,21.4,20.85,21.1,268957
NOIDATOLL,2014-02-21 00:00:00+05:30,21.0,21.15,20.9,21.0,238081
NOIDATOLL,2014-02-24 00:00:00+05:30,21.05,21.6,21.05,21.15,279781
NOIDATOLL,2014-02-25 00:00:00+05:30,21.45,22.65,21.25,22.45,624955
NOIDATOLL,2014-02-26 00:00:00+05:30,22.4,22.6,22.0,22.0,211229
NOIDATOLL,2014-02-28 00:00:00+05:30,22.05,22.7,22.05,22.25,212004
NOIDATOLL,2014-03-03 00:00:00+05:30,23.1,24.2,23.1,23.6,886465
NOIDATOLL,2014-03-04 00:00:00+05:30,23.25,24.65,23.15,24.45,493340
NOIDATOLL,2014-03-05 00:00:00+05:30,24.75,24.75,23.55,24.2,498568
NOIDATOLL,2014-03-06 00:00:00+05:30,24.2,24.5,23.75,23.8,338707
NOIDATOLL,2014-03-07 00:00:00+05:30,23.8,24.0,23.75,23.9,288513
NOIDATOLL,2014-03-10 00:00:00+05:30,23.75,26.65,23.75,26.15,1359366
NOIDATOLL,2014-03-11 00:00:00+05:30,26.4,26.55,25.15,25.9,703590
NOIDATOLL,2014-03-12 00:00:00+05:30,25.7,26.55,25.7,26.25,563803
NOIDATOLL,2014-03-13 00:00:00+05:30,25.0,25.8,24.05,24.35,670581
NOIDATOLL,2014-03-14 00:00:00+05:30,24.05,25.25,24.05,24.5,299648
NOIDATOLL,2014-03-18 00:00:00+05:30,24.1,24.45,23.55,23.75,175211
NOIDATOLL,2014-03-19 00:00:00+05:30,23.7,23.85,23.2,23.45,196055
NOIDATOLL,2014-03-20 00:00:00+05:30,23.3,23.7,23.2,23.35,77059
NOIDATOLL,2014-03-21 00:00:00+05:30,23.7,24.5,23.15,23.25,213294
NOIDATOLL,2014-03-24 00:00:00+05:30,23.4,23.8,22.8,23.3,312232
NOIDATOLL,2014-03-25 00:00:00+05:30,23.1,23.9,23.05,23.4,131635
NOIDATOLL,2014-03-26 00:00:00+05:30,23.65,23.95,23.25,23.65,82548
NOIDATOLL,2014-03-27 00:00:00+05:30,24.0,24.25,23.4,23.55,182612
NOIDATOLL,2014-03-28 00:00:00+05:30,24.0,24.2,23.65,24.0,428486
NOIDATOLL,2014-03-31 00:00:00+05:30,24.0,24.3,23.75,24.0,106858
NOIDATOLL,2014-04-01 00:00:00+05:30,24.4,24.4,23.9,24.1,94062
NOIDATOLL,2014-04-02 00:00:00+05:30,24.2,24.75,24.05,24.15,293669
NOIDATOLL,2014-04-03 00:00:00+05:30,24.4,26.0,24.4,25.4,530719
NOIDATOLL,2014-04-04 00:00:00+05:30,25.4,27.3,25.25,26.8,1144958
NOIDATOLL,2014-04-07 00:00:00+05:30,26.8,27.0,25.75,26.0,257682
NOIDATOLL,2014-04-09 00:00:00+05:30,25.6,27.05,25.6,26.9,546876
NOIDATOLL,2014-04-10 00:00:00+05:30,26.9,27.0,26.1,26.15,256713
NOIDATOLL,2014-04-11 00:00:00+05:30,26.2,27.05,25.55,26.3,353171
NOIDATOLL,2014-04-15 00:00:00+05:30,26.5,26.85,25.9,26.15,231160
NOIDATOLL,2014-04-16 00:00:00+05:30,26.0,28.0,26.0,26.75,612813
NOIDATOLL,2014-04-17 00:00:00+05:30,27.0,28.25,26.85,27.9,685078
NOIDATOLL,2014-04-21 00:00:00+05:30,27.85,28.05,27.55,27.7,341083
NOIDATOLL,2014-04-22 00:00:00+05:30,28.25,29.45,27.85,29.2,1526876
NOIDATOLL,2014-04-23 00:00:00+05:30,30.0,30.0,28.25,28.5,1126254
NOIDATOLL,2014-04-25 00:00:00+05:30,28.7,28.7,26.85,27.2,513454
NOIDATOLL,2014-04-28 00:00:00+05:30,27.4,27.6,26.8,27.15,254631
NOIDATOLL,2014-04-29 00:00:00+05:30,28.0,30.65,28.0,29.25,3824649
NOIDATOLL,2014-04-30 00:00:00+05:30,29.3,29.8,27.5,28.35,817904
NOIDATOLL,2014-05-02 00:00:00+05:30,28.25,29.1,28.05,28.6,317794
NOIDATOLL,2014-05-05 00:00:00+05:30,28.5,29.2,28.1,28.3,161097
NOIDATOLL,2014-05-06 00:00:00+05:30,28.4,28.8,28.05,28.15,166477
NOIDATOLL,2014-05-07 00:00:00+05:30,28.4,29.0,28.0,28.25,286994
NOIDATOLL,2014-05-08 00:00:00+05:30,28.5,28.6,27.9,28.15,167116
NOIDATOLL,2014-05-09 00:00:00+05:30,28.05,28.9,27.85,28.6,453382
NOIDATOLL,2014-05-12 00:00:00+05:30,28.35,29.3,28.1,28.4,673429
NOIDATOLL,2014-05-13 00:00:00+05:30,28.15,29.3,28.0,28.2,707345
NOIDATOLL,2014-05-14 00:00:00+05:30,28.1,29.0,28.05,28.5,344087
NOIDATOLL,2014-05-15 00:00:00+05:30,28.55,29.7,28.0,28.15,605750
NOIDATOLL,2014-05-16 00:00:00+05:30,28.8,28.9,27.8,28.1,558901
NOIDATOLL,2014-05-19 00:00:00+05:30,28.25,31.0,28.25,30.4,1774907
NOIDATOLL,2014-05-20 00:00:00+05:30,31.0,31.5,30.0,30.5,975078
NOIDATOLL,2014-05-21 00:00:00+05:30,30.8,32.2,30.05,31.65,1839718
NOIDATOLL,2014-05-22 00:00:00+05:30,32.3,35.0,31.8,34.45,3218242
NOIDATOLL,2014-05-23 00:00:00+05:30,35.0,35.0,33.25,33.9,1057823
NOIDATOLL,2014-05-26 00:00:00+05:30,34.7,35.9,30.45,31.7,1908255
NOIDATOLL,2014-05-27 00:00:00+05:30,32.05,32.8,30.05,32.5,737116
NOIDATOLL,2014-05-28 00:00:00+05:30,33.0,33.65,32.3,33.05,553775
NOIDATOLL,2014-05-29 00:00:00+05:30,32.4,32.95,31.95,32.15,557687
NOIDATOLL,2014-05-30 00:00:00+05:30,32.5,33.25,31.1,31.45,535597
NOIDATOLL,2014-06-02 00:00:00+05:30,31.15,33.35,31.15,33.0,662016
NOIDATOLL,2014-06-03 00:00:00+05:30,33.3,35.9,32.5,33.35,2295561
NOIDATOLL,2014-06-04 00:00:00+05:30,33.35,33.7,32.7,32.85,399859
NOIDATOLL,2014-06-05 00:00:00+05:30,33.0,34.6,32.5,34.1,1610162
NOIDATOLL,2014-06-06 00:00:00+05:30,35.0,36.0,34.5,35.65,3577061
NOIDATOLL,2014-06-09 00:00:00+05:30,35.65,35.85,34.1,34.8,860273
NOIDATOLL,2014-06-10 00:00:00+05:30,35.5,36.4,34.25,34.5,1671131
NOIDATOLL,2014-06-11 00:00:00+05:30,34.95,35.45,32.8,33.1,871948
NOIDATOLL,2014-06-12 00:00:00+05:30,33.1,33.8,32.25,32.85,560465
NOIDATOLL,2014-06-13 00:00:00+05:30,32.9,33.3,31.25,31.55,557249
NOIDATOLL,2014-06-16 00:00:00+05:30,31.55,31.95,30.6,31.45,495142
NOIDATOLL,2014-06-17 00:00:00+05:30,31.3,32.2,31.05,32.0,388967
NOIDATOLL,2014-06-18 00:00:00+05:30,32.0,32.9,31.05,31.75,457693
NOIDATOLL,2014-06-19 00:00:00+05:30,31.85,32.25,31.1,31.35,278449
NOIDATOLL,2014-06-20 00:00:00+05:30,31.5,31.85,30.8,31.05,276885
NOIDATOLL,2014-06-23 00:00:00+05:30,31.15,31.8,30.45,31.35,333883
NOIDATOLL,2014-06-24 00:00:00+05:30,31.05,31.95,31.05,31.4,282424
NOIDATOLL,2014-06-25 00:00:00+05:30,31.4,32.1,31.25,31.45,337344
NOIDATOLL,2014-06-26 00:00:00+05:30,31.35,31.75,30.85,31.45,321041
NOIDATOLL,2014-06-27 00:00:00+05:30,31.65,33.0,31.65,32.75,804923
NOIDATOLL,2014-06-30 00:00:00+05:30,33.05,33.35,32.3,32.5,632346
NOIDATOLL,2014-07-01 00:00:00+05:30,32.5,34.25,32.45,33.0,1093804
NOIDATOLL,2014-07-02 00:00:00+05:30,33.65,33.7,32.75,33.05,440095
NOIDATOLL,2014-07-03 00:00:00+05:30,33.1,34.2,32.35,33.2,1328431
NOIDATOLL,2014-07-04 00:00:00+05:30,33.0,33.35,32.5,32.9,533570
NOIDATOLL,2014-07-07 00:00:00+05:30,32.85,33.85,32.6,33.45,623311
NOIDATOLL,2014-07-08 00:00:00+05:30,33.1,33.4,31.55,32.0,709765
NOIDATOLL,2014-07-09 00:00:00+05:30,31.9,32.8,30.8,31.3,733627
NOIDATOLL,2014-07-10 00:00:00+05:30,31.05,32.2,30.6,31.4,522206
NOIDATOLL,2014-07-11 00:00:00+05:30,31.2,31.7,30.1,30.5,479850
NOIDATOLL,2014-07-14 00:00:00+05:30,30.5,30.7,30.15,30.5,222749
NOIDATOLL,2014-07-15 00:00:00+05:30,30.7,31.3,30.5,31.05,211224
NOIDATOLL,2014-07-16 00:00:00+05:30,31.05,31.8,30.6,31.65,177922
NOIDATOLL,2014-07-17 00:00:00+05:30,31.45,34.0,31.3,33.55,806581
NOIDATOLL,2014-07-18 00:00:00+05:30,33.0,33.2,32.15,32.5,509039
NOIDATOLL,2014-07-21 00:00:00+05:30,32.3,33.5,32.3,33.1,290444
NOIDATOLL,2014-07-22 00:00:00+05:30,33.05,33.4,32.6,33.1,287170
NOIDATOLL,2014-07-23 00:00:00+05:30,33.4,33.5,32.4,33.0,408961
NOIDATOLL,2014-07-24 00:00:00+05:30,33.0,34.45,32.4,34.05,1168153
NOIDATOLL,2014-07-25 00:00:00+05:30,33.8,33.8,32.35,32.95,801466
NOIDATOLL,2014-07-28 00:00:00+05:30,32.95,34.6,32.2,33.2,2078341
NOIDATOLL,2014-07-30 00:00:00+05:30,33.0,33.9,32.5,32.7,386576
NOIDATOLL,2014-07-31 00:00:00+05:30,32.65,32.95,32.1,32.25,159734
NOIDATOLL,2014-08-01 00:00:00+05:30,31.9,32.6,31.6,31.85,253716
NOIDATOLL,2014-08-04 00:00:00+05:30,31.95,32.2,31.75,31.95,189064
NOIDATOLL,2014-08-05 00:00:00+05:30,31.95,32.2,31.65,31.9,187158
NOIDATOLL,2014-08-06 00:00:00+05:30,32.0,33.7,31.85,32.6,879398
NOIDATOLL,2014-08-07 00:00:00+05:30,32.8,32.95,32.1,32.25,196189
NOIDATOLL,2014-08-08 00:00:00+05:30,32.0,32.1,31.1,31.35,180180
NOIDATOLL,2014-08-11 00:00:00+05:30,31.5,31.9,31.5,31.6,158086
NOIDATOLL,2014-08-12 00:00:00+05:30,31.75,31.75,31.35,31.55,120178
NOIDATOLL,2014-08-13 00:00:00+05:30,31.4,31.8,30.2,30.4,214232
NOIDATOLL,2014-08-14 00:00:00+05:30,30.65,31.4,30.25,30.6,164501
NOIDATOLL,2014-08-18 00:00:00+05:30,30.5,31.6,30.5,31.5,155152
NOIDATOLL,2014-08-19 00:00:00+05:30,31.5,32.9,31.45,32.6,358297
NOIDATOLL,2014-08-20 00:00:00+05:30,32.3,33.4,32.2,32.8,513214
NOIDATOLL,2014-08-21 00:00:00+05:30,32.6,33.35,32.45,33.25,501995
NOIDATOLL,2014-08-22 00:00:00+05:30,33.3,34.4,32.9,34.05,795659
NOIDATOLL,2014-08-25 00:00:00+05:30,34.1,34.2,32.45,32.5,256274
NOIDATOLL,2014-08-26 00:00:00+05:30,32.75,32.85,32.4,32.65,157134
NOIDATOLL,2014-08-27 00:00:00+05:30,32.6,33.45,32.6,32.75,312306
NOIDATOLL,2014-08-28 00:00:00+05:30,32.8,33.0,32.5,32.75,111523
NOIDATOLL,2014-09-01 00:00:00+05:30,32.95,34.0,32.65,33.45,445141
NOIDATOLL,2014-09-02 00:00:00+05:30,33.25,36.75,32.9,35.9,2766712
NOIDATOLL,2014-09-03 00:00:00+05:30,36.05,36.25,34.75,35.4,1340315
NOIDATOLL,2014-09-04 00:00:00+05:30,35.55,35.75,34.65,35.4,723126
NOIDATOLL,2014-09-05 00:00:00+05:30,35.45,36.0,34.75,35.25,593296
NOIDATOLL,2014-09-08 00:00:00+05:30,35.05,35.6,34.55,35.05,424307
NOIDATOLL,2014-09-09 00:00:00+05:30,35.0,35.8,34.8,35.05,574011
NOIDATOLL,2014-09-10 00:00:00+05:30,34.55,35.5,34.5,35.0,334916
NOIDATOLL,2014-09-11 00:00:00+05:30,34.8,35.5,34.8,35.05,242952
NOIDATOLL,2014-09-12 00:00:00+05:30,35.05,37.25,35.0,35.8,1240744
NOIDATOLL,2014-09-15 00:00:00+05:30,35.6,36.8,35.3,35.85,780641
NOIDATOLL,2014-09-16 00:00:00+05:30,35.75,36.25,33.1,33.85,676779
NOIDATOLL,2014-09-17 00:00:00+05:30,34.2,34.8,33.85,34.55,453155
NOIDATOLL,2014-09-18 00:00:00+05:30,34.0,35.5,33.55,35.25,586485
NOIDATOLL,2014-09-19 00:00:00+05:30,36.5,36.9,34.75,35.15,1447411
NOIDATOLL,2014-09-22 00:00:00+05:30,34.7,34.9,34.15,34.35,252937
NOIDATOLL,2014-09-23 00:00:00+05:30,34.1,35.15,33.25,33.5,338406
NOIDATOLL,2014-09-24 00:00:00+05:30,33.65,33.75,32.1,32.45,323922
NOIDATOLL,2014-09-25 00:00:00+05:30,32.5,32.6,30.75,30.9,540700
NOIDATOLL,2014-09-26 00:00:00+05:30,31.0,32.4,30.95,32.1,441255
NOIDATOLL,2014-09-29 00:00:00+05:30,32.1,33.3,32.0,32.55,227895
NOIDATOLL,2014-09-30 00:00:00+05:30,32.25,32.75,31.75,32.1,171039
NOIDATOLL,2014-10-01 00:00:00+05:30,32.0,32.3,31.85,32.05,185505
NOIDATOLL,2014-10-07 00:00:00+05:30,32.05,32.5,32.0,32.15,160107
NOIDATOLL,2014-10-08 00:00:00+05:30,32.2,32.25,31.9,32.05,111625
NOIDATOLL,2014-10-09 00:00:00+05:30,32.0,32.65,31.9,32.3,252336
NOIDATOLL,2014-10-10 00:00:00+05:30,32.1,32.35,31.85,32.0,79709
NOIDATOLL,2014-10-13 00:00:00+05:30,32.75,32.75,31.85,32.05,78301
NOIDATOLL,2014-10-14 00:00:00+05:30,32.0,32.4,32.0,32.2,77491
NOIDATOLL,2014-10-16 00:00:00+05:30,31.55,32.4,31.55,32.0,270191
NOIDATOLL,2014-10-17 00:00:00+05:30,32.0,32.8,31.65,32.65,243818
NOIDATOLL,2014-10-20 00:00:00+05:30,32.8,32.85,32.15,32.35,82491
NOIDATOLL,2014-10-21 00:00:00+05:30,32.4,33.0,32.4,32.6,130371
NOIDATOLL,2014-10-22 00:00:00+05:30,32.65,33.0,32.5,32.7,113642
NOIDATOLL,2014-10-23 00:00:00+05:30,32.75,33.0,32.6,32.8,42684
NOIDATOLL,2014-10-27 00:00:00+05:30,32.65,33.35,32.65,33.05,148008
NOIDATOLL,2014-10-28 00:00:00+05:30,33.1,33.2,32.85,33.05,64718
NOIDATOLL,2014-10-29 00:00:00+05:30,33.2,33.4,33.0,33.1,175725
NOIDATOLL,2014-10-30 00:00:00+05:30,33.1,34.95,33.0,34.5,793802
NOIDATOLL,2014-10-31 00:00:00+05:30,35.6,37.35,35.6,35.85,2548212
NOIDATOLL,2014-11-03 00:00:00+05:30,36.0,36.8,35.05,36.35,628674
NOIDATOLL,2014-11-05 00:00:00+05:30,36.2,36.75,36.0,36.45,470153
NOIDATOLL,2014-11-07 00:00:00+05:30,36.9,37.35,35.55,36.6,1095213
NOIDATOLL,2014-11-10 00:00:00+05:30,36.85,37.25,36.4,36.55,373899
NOIDATOLL,2014-11-11 00:00:00+05:30,36.8,36.8,35.55,35.7,354342
NOIDATOLL,2014-11-12 00:00:00+05:30,35.95,35.95,35.5,35.55,208057
NOIDATOLL,2014-11-13 00:00:00+05:30,35.9,38.5,35.85,36.95,1377893
NOIDATOLL,2014-11-14 00:00:00+05:30,36.55,37.3,36.05,36.65,382099
NOIDATOLL,2014-11-17 00:00:00+05:30,36.0,36.25,35.6,35.75,269997
NOIDATOLL,2014-11-18 00:00:00+05:30,35.75,37.0,35.6,35.7,314437
NOIDATOLL,2014-11-19 00:00:00+05:30,35.65,36.65,35.65,36.25,427772
NOIDATOLL,2014-11-20 00:00:00+05:30,36.05,36.45,35.6,35.8,206050
NOIDATOLL,2014-11-21 00:00:00+05:30,35.55,36.15,35.25,35.65,245127
NOIDATOLL,2014-11-24 00:00:00+05:30,35.45,35.8,34.65,34.75,205638
NOIDATOLL,2014-11-25 00:00:00+05:30,34.7,35.0,33.5,33.6,254749
NOIDATOLL,2014-11-26 00:00:00+05:30,33.4,33.95,33.4,33.65,163115
NOIDATOLL,2014-11-27 00:00:00+05:30,33.6,34.2,33.4,33.55,84793
NOIDATOLL,2014-11-28 00:00:00+05:30,33.8,34.15,33.35,33.4,172240
NOIDATOLL,2014-12-01 00:00:00+05:30,33.6,34.0,33.4,33.5,89082
NOIDATOLL,2014-12-02 00:00:00+05:30,33.6,33.85,33.3,33.45,138506
NOIDATOLL,2014-12-03 00:00:00+05:30,33.4,34.2,33.4,33.8,113615
NOIDATOLL,2014-12-04 00:00:00+05:30,33.95,33.95,33.4,33.45,141782
NOIDATOLL,2014-12-05 00:00:00+05:30,33.6,35.0,33.6,33.85,209791
NOIDATOLL,2014-12-08 00:00:00+05:30,33.6,34.3,33.6,34.05,241655
NOIDATOLL,2014-12-09 00:00:00+05:30,34.2,34.75,33.4,33.45,219573
NOIDATOLL,2014-12-10 00:00:00+05:30,33.55,33.7,33.25,33.35,92280
NOIDATOLL,2014-12-11 00:00:00+05:30,33.4,33.75,32.9,33.15,326892
NOIDATOLL,2014-12-12 00:00:00+05:30,33.2,33.25,32.2,32.45,162473
NOIDATOLL,2014-12-15 00:00:00+05:30,32.15,32.5,31.7,31.85,158957
NOIDATOLL,2014-12-16 00:00:00+05:30,31.6,32.35,31.5,31.9,245661
NOIDATOLL,2014-12-17 00:00:00+05:30,31.9,32.2,31.2,31.8,224393
NOIDATOLL,2014-12-18 00:00:00+05:30,32.0,32.6,31.85,32.4,266625
NOIDATOLL,2014-12-19 00:00:00+05:30,32.5,35.4,32.4,33.65,2153240
NOIDATOLL,2014-12-22 00:00:00+05:30,33.75,34.1,33.0,33.9,334696
NOIDATOLL,2014-12-23 00:00:00+05:30,33.8,34.65,33.7,34.0,202068
NOIDATOLL,2014-12-24 00:00:00+05:30,34.1,34.65,33.55,33.85,215741
NOIDATOLL,2014-12-26 00:00:00+05:30,34.0,34.2,33.35,33.5,132061
NOIDATOLL,2014-12-29 00:00:00+05:30,33.4,34.0,32.9,33.0,286936
NOIDATOLL,2014-12-30 00:00:00+05:30,32.7,33.6,32.7,33.5,178150
NOIDATOLL,2014-12-31 00:00:00+05:30,33.5,35.4,33.35,35.0,417122
NOIDATOLL,2015-01-01 00:00:00+05:30,35.1,35.35,34.79,34.95,133238
NOIDATOLL,2015-01-02 00:00:00+05:30,35.25,35.4,34.6,34.75,129001
NOIDATOLL,2015-01-05 00:00:00+05:30,34.5,34.95,33.4,33.54,248686
NOIDATOLL,2015-01-06 00:00:00+05:30,33.79,34.9,32.9,33.6,336823
NOIDATOLL,2015-01-07 00:00:00+05:30,33.4,34.5,33.2,33.79,395294
NOIDATOLL,2015-01-08 00:00:00+05:30,34.04,34.4,33.7,33.75,862133
NOIDATOLL,2015-01-09 00:00:00+05:30,34.4,34.6,33.79,33.85,230306
NOIDATOLL,2015-01-12 00:00:00+05:30,34.0,34.15,33.6,33.65,77176
NOIDATOLL,2015-01-13 00:00:00+05:30,33.7,34.29,33.4,34.1,473073
NOIDATOLL,2015-01-14 00:00:00+05:30,34.25,34.7,34.0,34.04,106362
NOIDATOLL,2015-01-15 00:00:00+05:30,34.85,34.9,34.0,34.25,215380
NOIDATOLL,2015-01-16 00:00:00+05:30,34.25,35.79,34.1,35.0,313516
NOIDATOLL,2015-01-19 00:00:00+05:30,35.04,35.6,34.9,35.0,161892
NOIDATOLL,2015-01-20 00:00:00+05:30,35.0,35.9,35.0,35.2,162744
NOIDATOLL,2015-01-21 00:00:00+05:30,35.0,35.5,34.9,35.2,149182
NOIDATOLL,2015-01-22 00:00:00+05:30,35.0,35.4,34.9,35.0,168694
NOIDATOLL,2015-01-23 00:00:00+05:30,35.0,36.1,35.0,35.6,891665
NOIDATOLL,2015-01-27 00:00:00+05:30,35.65,35.75,33.5,35.29,1609652
NOIDATOLL,2015-01-28 00:00:00+05:30,35.29,36.5,35.0,36.1,1152979
NOIDATOLL,2015-01-29 00:00:00+05:30,36.0,36.35,35.25,35.54,380232
NOIDATOLL,2015-01-30 00:00:00+05:30,35.54,35.75,34.6,35.0,292719
NOIDATOLL,2015-02-02 00:00:00+05:30,35.0,35.04,34.5,34.54,159469
NOIDATOLL,2015-02-03 00:00:00+05:30,34.5,35.0,34.4,34.5,180502
NOIDATOLL,2015-02-04 00:00:00+05:30,34.45,34.75,34.15,34.29,113227
NOIDATOLL,2015-02-05 00:00:00+05:30,34.1,34.54,34.0,34.04,120805
NOIDATOLL,2015-02-06 00:00:00+05:30,34.29,34.29,33.75,33.9,103846
NOIDATOLL,2015-02-09 00:00:00+05:30,33.9,34.75,33.7,34.4,180234
NOIDATOLL,2015-02-10 00:00:00+05:30,34.04,34.79,34.04,34.54,208393
NOIDATOLL,2015-02-11 00:00:00+05:30,34.54,34.75,34.2,34.5,84952
NOIDATOLL,2015-02-12 00:00:00+05:30,34.54,34.54,33.85,34.0,183153
NOIDATOLL,2015-02-13 00:00:00+05:30,33.85,34.04,33.5,33.75,209978
NOIDATOLL,2015-02-16 00:00:00+05:30,33.75,33.95,33.45,33.54,105431
NOIDATOLL,2015-02-18 00:00:00+05:30,33.54,34.1,33.2,33.7,241191
NOIDATOLL,2015-02-19 00:00:00+05:30,33.9,33.9,33.5,33.65,86524
NOIDATOLL,2015-02-20 00:00:00+05:30,33.45,33.75,33.29,33.5,143311
NOIDATOLL,2015-02-23 00:00:00+05:30,33.79,33.79,33.5,33.65,65793
NOIDATOLL,2015-02-24 00:00:00+05:30,33.6,33.79,33.4,33.6,245100
NOIDATOLL,2015-02-25 00:00:00+05:30,33.6,34.5,33.54,33.7,260717
NOIDATOLL,2015-02-26 00:00:00+05:30,33.79,34.9,33.7,34.45,272477
NOIDATOLL,2015-02-27 00:00:00+05:30,34.6,34.75,34.0,34.5,180921
NOIDATOLL,2015-03-02 00:00:00+05:30,33.65,34.54,33.65,34.29,178665
NOIDATOLL,2015-03-03 00:00:00+05:30,34.4,34.7,34.29,34.45,103059
NOIDATOLL,2015-03-04 00:00:00+05:30,34.45,36.0,34.2,34.65,531478
NOIDATOLL,2015-03-05 00:00:00+05:30,34.9,35.15,34.2,34.5,152824
NOIDATOLL,2015-03-09 00:00:00+05:30,34.2,34.7,34.1,34.5,140449
NOIDATOLL,2015-03-10 00:00:00+05:30,34.65,34.65,33.85,34.25,220497
NOIDATOLL,2015-03-11 00:00:00+05:30,34.45,35.2,34.29,34.65,230444
NOIDATOLL,2015-03-12 00:00:00+05:30,35.0,35.2,34.25,34.79,164197
NOIDATOLL,2015-03-13 00:00:00+05:30,35.04,35.9,34.6,35.54,549982
NOIDATOLL,2015-03-16 00:00:00+05:30,35.7,35.9,34.75,35.2,381315
NOIDATOLL,2015-03-17 00:00:00+05:30,35.65,35.65,34.79,35.0,295885
NOIDATOLL,2015-03-18 00:00:00+05:30,35.25,35.7,34.65,35.2,522548
NOIDATOLL,2015-03-19 00:00:00+05:30,34.6,34.6,33.45,33.85,662601
NOIDATOLL,2015-03-20 00:00:00+05:30,33.85,34.1,33.5,33.85,382305
NOIDATOLL,2015-03-23 00:00:00+05:30,33.4,33.75,32.85,33.2,347860
NOIDATOLL,2015-03-24 00:00:00+05:30,33.0,33.6,32.65,33.35,229206
NOIDATOLL,2015-03-25 00:00:00+05:30,33.5,33.5,32.35,32.95,207489
NOIDATOLL,2015-03-26 00:00:00+05:30,33.0,33.04,32.45,32.65,257385
NOIDATOLL,2015-03-27 00:00:00+05:30,32.6,33.4,32.5,32.9,279867
NOIDATOLL,2015-03-30 00:00:00+05:30,33.0,33.6,32.95,33.45,102705
NOIDATOLL,2015-03-31 00:00:00+05:30,33.7,34.0,33.0,33.45,104419
NOIDATOLL,2015-04-01 00:00:00+05:30,34.15,34.15,33.1,33.65,84638
NOIDATOLL,2015-04-06 00:00:00+05:30,33.65,33.9,33.4,33.6,87171
NOIDATOLL,2015-04-07 00:00:00+05:30,33.5,34.25,33.15,33.9,110527
NOIDATOLL,2015-04-08 00:00:00+05:30,34.0,34.5,33.29,33.5,304976
NOIDATOLL,2015-04-09 00:00:00+05:30,33.29,33.85,33.0,33.7,417391
NOIDATOLL,2015-04-10 00:00:00+05:30,33.5,34.25,33.4,33.7,194427
NOIDATOLL,2015-04-13 00:00:00+05:30,33.5,33.65,32.4,32.79,1427775
NOIDATOLL,2015-04-15 00:00:00+05:30,32.79,33.15,32.15,32.5,406037
NOIDATOLL,2015-04-16 00:00:00+05:30,32.4,32.65,31.6,32.4,657004
NOIDATOLL,2015-04-17 00:00:00+05:30,32.35,32.6,32.0,32.5,290941
NOIDATOLL,2015-04-20 00:00:00+05:30,32.0,32.45,32.0,32.35,142104
NOIDATOLL,2015-04-21 00:00:00+05:30,32.2,33.0,32.1,32.85,164174
NOIDATOLL,2015-04-22 00:00:00+05:30,32.75,33.04,32.4,32.75,249659
NOIDATOLL,2015-04-23 00:00:00+05:30,32.85,33.5,32.15,33.0,284270
NOIDATOLL,2015-04-24 00:00:00+05:30,33.6,33.6,32.75,33.4,172476
NOIDATOLL,2015-04-27 00:00:00+05:30,33.0,33.1,32.04,32.54,495067
NOIDATOLL,2015-04-28 00:00:00+05:30,32.29,33.2,32.15,32.9,191549
NOIDATOLL,2015-04-29 00:00:00+05:30,32.7,33.29,32.7,33.15,105734
NOIDATOLL,2015-04-30 00:00:00+05:30,33.5,33.7,32.79,33.5,145929
NOIDATOLL,2015-05-04 00:00:00+05:30,35.0,36.5,34.1,34.9,730394
NOIDATOLL,2015-05-05 00:00:00+05:30,34.54,34.9,33.7,34.45,870315
NOIDATOLL,2015-05-06 00:00:00+05:30,34.15,34.4,33.29,33.75,294852
NOIDATOLL,2015-05-07 00:00:00+05:30,33.65,33.65,33.2,33.54,91400
NOIDATOLL,2015-05-08 00:00:00+05:30,33.54,34.15,33.54,34.0,208303
NOIDATOLL,2015-05-11 00:00:00+05:30,34.0,34.2,33.65,33.79,120665
NOIDATOLL,2015-05-12 00:00:00+05:30,33.54,34.0,33.54,33.7,51705
NOIDATOLL,2015-05-13 00:00:00+05:30,33.7,33.79,33.25,33.4,107427
NOIDATOLL,2015-05-14 00:00:00+05:30,33.4,33.54,33.29,33.45,159960
NOIDATOLL,2015-05-15 00:00:00+05:30,33.6,33.65,33.25,33.4,163856
NOIDATOLL,2015-05-18 00:00:00+05:30,33.45,33.65,33.15,33.5,317111
NOIDATOLL,2015-05-19 00:00:00+05:30,33.7,34.2,33.29,33.75,138704
NOIDATOLL,2015-05-20 00:00:00+05:30,34.04,34.2,33.54,33.95,127288
NOIDATOLL,2015-05-21 00:00:00+05:30,34.04,34.15,33.7,33.75,93631
NOIDATOLL,2015-05-22 00:00:00+05:30,33.75,34.0,33.6,33.7,62654
NOIDATOLL,2015-05-25 00:00:00+05:30,33.54,33.85,33.54,33.6,50756
NOIDATOLL,2015-05-26 00:00:00+05:30,33.15,34.0,33.15,33.85,149098
NOIDATOLL,2015-05-27 00:00:00+05:30,33.85,33.85,33.29,33.45,26697
NOIDATOLL,2015-05-28 00:00:00+05:30,33.29,34.15,33.25,33.95,223091
NOIDATOLL,2015-05-29 00:00:00+05:30,33.9,33.95,33.65,33.75,37647
NOIDATOLL,2015-06-01 00:00:00+05:30,33.54,33.75,33.5,33.65,58500
NOIDATOLL,2015-06-02 00:00:00+05:30,33.65,33.79,33.4,33.5,192753
NOIDATOLL,2015-06-03 00:00:00+05:30,33.54,33.54,32.9,33.15,460381
NOIDATOLL,2015-06-04 00:00:00+05:30,33.45,34.0,32.79,33.7,117932
NOIDATOLL,2015-06-05 00:00:00+05:30,33.4,33.5,32.9,33.0,325315
NOIDATOLL,2015-06-08 00:00:00+05:30,32.25,32.9,32.0,32.25,235065
NOIDATOLL,2015-06-09 00:00:00+05:30,31.9,32.25,31.1,32.04,347890
NOIDATOLL,2015-06-10 00:00:00+05:30,31.85,32.29,31.55,31.95,359944
NOIDATOLL,2015-06-11 00:00:00+05:30,32.0,32.0,31.55,31.8,162145
NOIDATOLL,2015-06-12 00:00:00+05:30,31.6,31.9,31.6,31.75,49658
NOIDATOLL,2015-06-15 00:00:00+05:30,32.4,32.4,31.7,32.0,420850
NOIDATOLL,2015-06-16 00:00:00+05:30,32.0,32.2,31.7,31.95,1179613
NOIDATOLL,2015-06-17 00:00:00+05:30,32.5,33.45,32.04,32.79,449503
NOIDATOLL,2015-06-18 00:00:00+05:30,33.25,33.9,32.6,32.9,166933
NOIDATOLL,2015-06-19 00:00:00+05:30,33.0,33.04,32.4,32.5,64183
NOIDATOLL,2015-06-22 00:00:00+05:30,32.29,32.85,32.1,32.5,73521
NOIDATOLL,2015-06-23 00:00:00+05:30,32.9,32.9,32.29,32.4,60917
NOIDATOLL,2015-06-24 00:00:00+05:30,32.29,32.9,32.25,32.5,403343
NOIDATOLL,2015-06-25 00:00:00+05:30,32.5,32.65,32.35,32.5,152981
NOIDATOLL,2015-06-26 00:00:00+05:30,32.35,32.75,32.35,32.54,103916
NOIDATOLL,2015-06-29 00:00:00+05:30,32.75,32.75,31.7,32.0,389262
NOIDATOLL,2015-06-30 00:00:00+05:30,31.8,32.35,31.5,31.95,124815
NOIDATOLL,2015-07-01 00:00:00+05:30,32.29,32.35,31.75,31.95,255510
NOIDATOLL,2015-07-02 00:00:00+05:30,31.95,32.29,31.95,32.1,285737
NOIDATOLL,2015-07-03 00:00:00+05:30,32.15,32.7,31.95,32.0,373017
NOIDATOLL,2015-07-06 00:00:00+05:30,31.65,32.5,31.55,32.4,114954
NOIDATOLL,2015-07-07 00:00:00+05:30,32.04,33.65,32.04,33.2,268261
NOIDATOLL,2015-07-08 00:00:00+05:30,33.0,33.2,32.15,32.85,143995
NOIDATOLL,2015-07-09 00:00:00+05:30,32.7,33.0,31.4,31.9,590831
NOIDATOLL,2015-07-10 00:00:00+05:30,31.9,31.9,26.7,27.4,3433706
NOIDATOLL,2015-07-13 00:00:00+05:30,29.0,29.7,27.8,28.0,2742500
NOIDATOLL,2015-07-14 00:00:00+05:30,28.0,28.5,27.75,28.3,532432
NOIDATOLL,2015-07-15 00:00:00+05:30,28.25,28.5,27.6,27.75,327482
NOIDATOLL,2015-07-16 00:00:00+05:30,27.85,28.0,27.1,27.5,417713
NOIDATOLL,2015-07-17 00:00:00+05:30,27.5,27.9,27.15,27.65,417391
NOIDATOLL,2015-07-20 00:00:00+05:30,27.4,28.0,27.15,27.3,325517
NOIDATOLL,2015-07-21 00:00:00+05:30,27.3,27.5,27.1,27.3,157495
NOIDATOLL,2015-07-22 00:00:00+05:30,27.25,27.55,27.1,27.15,108435
NOIDATOLL,2015-07-23 00:00:00+05:30,27.2,27.25,26.8,26.95,207852
NOIDATOLL,2015-07-24 00:00:00+05:30,26.95,27.0,26.1,26.25,261308
NOIDATOLL,2015-07-27 00:00:00+05:30,26.3,26.6,25.5,25.75,265535
NOIDATOLL,2015-07-28 00:00:00+05:30,26.0,26.0,25.3,25.5,284380
NOIDATOLL,2015-07-29 00:00:00+05:30,25.35,25.95,24.9,25.0,360053
NOIDATOLL,2015-07-30 00:00:00+05:30,25.05,25.2,23.75,24.9,774690
NOIDATOLL,2015-07-31 00:00:00+05:30,24.65,25.45,24.55,24.95,368354
NOIDATOLL,2015-08-03 00:00:00+05:30,25.6,25.6,24.9,25.2,284359
NOIDATOLL,2015-08-04 00:00:00+05:30,25.2,26.45,25.1,26.0,977600
NOIDATOLL,2015-08-05 00:00:00+05:30,26.65,26.85,25.95,26.0,565489
NOIDATOLL,2015-08-06 00:00:00+05:30,26.0,26.3,25.7,25.9,219946
NOIDATOLL,2015-08-07 00:00:00+05:30,25.95,26.15,25.5,25.6,141833
NOIDATOLL,2015-08-10 00:00:00+05:30,25.6,25.9,25.05,25.15,189744
NOIDATOLL,2015-08-11 00:00:00+05:30,25.25,25.35,24.7,24.8,218136
NOIDATOLL,2015-08-12 00:00:00+05:30,25.0,25.45,24.5,24.65,175254
NOIDATOLL,2015-08-13 00:00:00+05:30,24.95,25.0,24.4,24.75,116494
NOIDATOLL,2015-08-14 00:00:00+05:30,24.8,25.2,24.25,24.85,84602
NOIDATOLL,2015-08-17 00:00:00+05:30,25.1,25.15,24.5,24.85,66002
NOIDATOLL,2015-08-18 00:00:00+05:30,25.35,25.35,24.8,24.95,71289
NOIDATOLL,2015-08-19 00:00:00+05:30,25.6,25.75,25.0,25.1,155604
NOIDATOLL,2015-08-20 00:00:00+05:30,25.1,25.15,24.75,24.85,99671
NOIDATOLL,2015-08-21 00:00:00+05:30,24.8,24.95,24.25,24.8,83252
NOIDATOLL,2015-08-24 00:00:00+05:30,24.0,25.0,23.05,23.45,289428
NOIDATOLL,2015-08-25 00:00:00+05:30,23.8,24.85,23.1,23.6,335559
NOIDATOLL,2015-08-26 00:00:00+05:30,23.85,23.9,23.3,23.7,63958
NOIDATOLL,2015-08-27 00:00:00+05:30,24.3,25.0,23.75,24.35,140968
NOIDATOLL,2015-08-28 00:00:00+05:30,24.5,24.9,24.0,24.05,114265
NOIDATOLL,2015-08-31 00:00:00+05:30,24.2,24.45,23.75,24.05,124345
NOIDATOLL,2015-09-01 00:00:00+05:30,23.55,24.05,23.55,23.8,226878
NOIDATOLL,2015-09-02 00:00:00+05:30,23.95,24.9,23.7,24.45,213855
NOIDATOLL,2015-09-03 00:00:00+05:30,24.45,24.6,23.9,24.25,202037
NOIDATOLL,2015-09-04 00:00:00+05:30,24.15,24.2,23.6,23.95,305937
NOIDATOLL,2015-09-07 00:00:00+05:30,24.6,24.6,23.5,23.6,148173
NOIDATOLL,2015-09-08 00:00:00+05:30,23.95,25.0,23.65,24.65,259463
NOIDATOLL,2015-09-09 00:00:00+05:30,24.85,25.15,24.7,24.95,170666
NOIDATOLL,2015-09-10 00:00:00+05:30,24.95,25.25,24.5,25.05,232093
NOIDATOLL,2015-09-11 00:00:00+05:30,25.15,25.45,24.75,24.95,108576
NOIDATOLL,2015-09-14 00:00:00+05:30,25.0,25.8,24.95,25.4,119161
NOIDATOLL,2015-09-15 00:00:00+05:30,25.4,26.25,24.95,25.0,274723
NOIDATOLL,2015-09-16 00:00:00+05:30,25.4,25.75,24.95,25.25,286830
NOIDATOLL,2015-09-18 00:00:00+05:30,25.35,25.7,25.3,25.5,328238
NOIDATOLL,2015-09-21 00:00:00+05:30,25.0,25.0,24.05,24.55,138570
NOIDATOLL,2015-09-22 00:00:00+05:30,24.6,24.8,24.2,24.3,94704
NOIDATOLL,2015-09-23 00:00:00+05:30,24.2,24.5,24.15,24.35,64059
NOIDATOLL,2015-09-24 00:00:00+05:30,24.25,24.6,24.2,24.4,64186
NOIDATOLL,2015-09-28 00:00:00+05:30,24.6,24.6,24.3,24.4,87686
NOIDATOLL,2015-09-29 00:00:00+05:30,24.3,24.65,24.15,24.5,120347
NOIDATOLL,2015-09-30 00:00:00+05:30,24.6,24.85,24.35,24.65,90718
NOIDATOLL,2015-10-01 00:00:00+05:30,24.55,25.1,24.5,24.85,168970
NOIDATOLL,2015-10-05 00:00:00+05:30,25.0,25.0,24.25,24.5,168954
NOIDATOLL,2015-10-06 00:00:00+05:30,24.35,24.75,24.35,24.65,227148
NOIDATOLL,2015-10-07 00:00:00+05:30,24.7,24.9,24.45,24.8,77325
NOIDATOLL,2015-10-08 00:00:00+05:30,24.95,24.95,24.45,24.5,66727
NOIDATOLL,2015-10-09 00:00:00+05:30,24.65,24.8,24.45,24.5,56535
NOIDATOLL,2015-10-12 00:00:00+05:30,24.55,25.0,24.35,24.8,201329
NOIDATOLL,2015-10-13 00:00:00+05:30,24.75,25.1,24.65,24.8,185796
NOIDATOLL,2015-10-14 00:00:00+05:30,25.0,25.0,24.55,24.75,72354
NOIDATOLL,2015-10-15 00:00:00+05:30,24.9,25.1,24.7,25.0,177893
NOIDATOLL,2015-10-16 00:00:00+05:30,25.15,25.15,24.8,24.9,110982
NOIDATOLL,2015-10-19 00:00:00+05:30,24.75,25.3,24.75,25.15,389183
NOIDATOLL,2015-10-20 00:00:00+05:30,25.05,27.95,25.05,26.85,510690
NOIDATOLL,2015-10-21 00:00:00+05:30,27.2,27.7,24.55,24.85,2147476
NOIDATOLL,2015-10-23 00:00:00+05:30,25.0,25.45,24.65,25.15,523653
NOIDATOLL,2015-10-26 00:00:00+05:30,25.4,25.4,25.0,25.15,131620
NOIDATOLL,2015-10-27 00:00:00+05:30,25.2,25.3,24.9,25.0,172043
NOIDATOLL,2015-10-28 00:00:00+05:30,24.8,25.25,24.8,24.9,95623
NOIDATOLL,2015-10-29 00:00:00+05:30,25.2,25.2,24.75,24.9,145691
NOIDATOLL,2015-10-30 00:00:00+05:30,25.0,25.1,24.8,24.85,147005
NOIDATOLL,2015-11-02 00:00:00+05:30,24.85,25.5,24.35,24.9,137576
NOIDATOLL,2015-11-03 00:00:00+05:30,24.95,25.1,24.8,25.0,293484
NOIDATOLL,2015-11-04 00:00:00+05:30,25.45,25.45,24.9,24.95,76141
NOIDATOLL,2015-11-05 00:00:00+05:30,25.25,25.25,24.65,24.9,130072
NOIDATOLL,2015-11-06 00:00:00+05:30,25.0,25.0,24.8,24.85,54314
NOIDATOLL,2015-11-09 00:00:00+05:30,24.8,24.85,24.25,24.6,93667
NOIDATOLL,2015-11-10 00:00:00+05:30,24.6,24.85,24.5,24.55,49782
NOIDATOLL,2015-11-11 00:00:00+05:30,24.5,25.3,24.45,24.7,47075
NOIDATOLL,2015-11-13 00:00:00+05:30,24.85,25.0,24.3,24.7,241967
NOIDATOLL,2015-11-16 00:00:00+05:30,24.5,24.8,24.25,24.65,71357
NOIDATOLL,2015-11-17 00:00:00+05:30,24.65,24.95,24.6,24.85,36722
NOIDATOLL,2015-11-18 00:00:00+05:30,24.75,25.1,24.7,24.8,184183
NOIDATOLL,2015-11-19 00:00:00+05:30,24.75,24.95,24.65,24.7,60550
NOIDATOLL,2015-11-20 00:00:00+05:30,24.95,24.95,24.65,24.8,65614
NOIDATOLL,2015-11-23 00:00:00+05:30,24.95,24.95,24.65,24.9,165293
NOIDATOLL,2015-11-24 00:00:00+05:30,25.05,25.05,24.8,24.9,265477
NOIDATOLL,2015-11-26 00:00:00+05:30,24.8,26.05,24.8,25.45,762893
NOIDATOLL,2015-11-27 00:00:00+05:30,26.0,26.0,24.8,25.0,1078147
NOIDATOLL,2015-11-30 00:00:00+05:30,25.1,25.8,24.9,25.05,710161
NOIDATOLL,2015-12-01 00:00:00+05:30,25.0,25.5,25.0,25.1,164284
NOIDATOLL,2015-12-02 00:00:00+05:30,25.4,25.4,25.1,25.2,104112
NOIDATOLL,2015-12-03 00:00:00+05:30,25.35,26.05,25.3,25.45,432071
NOIDATOLL,2015-12-04 00:00:00+05:30,25.55,25.55,24.8,24.9,457284
NOIDATOLL,2015-12-07 00:00:00+05:30,24.8,25.0,24.5,24.65,220522
NOIDATOLL,2015-12-08 00:00:00+05:30,24.75,24.85,24.4,24.5,177430
NOIDATOLL,2015-12-09 00:00:00+05:30,24.3,24.65,24.15,24.25,474151
NOIDATOLL,2015-12-10 00:00:00+05:30,24.25,24.5,24.05,24.25,191461
NOIDATOLL,2015-12-11 00:00:00+05:30,24.4,24.45,24.0,24.1,154989
NOIDATOLL,2015-12-14 00:00:00+05:30,24.05,24.7,24.0,24.15,61662
NOIDATOLL,2015-12-15 00:00:00+05:30,24.15,24.35,24.0,24.1,356588
NOIDATOLL,2015-12-16 00:00:00+05:30,24.1,24.5,24.05,24.1,93680
NOIDATOLL,2015-12-17 00:00:00+05:30,24.15,24.5,24.05,24.4,203466
NOIDATOLL,2015-12-18 00:00:00+05:30,24.2,24.35,23.9,23.9,304510
NOIDATOLL,2015-12-21 00:00:00+05:30,23.9,24.25,23.9,24.15,119117
NOIDATOLL,2015-12-22 00:00:00+05:30,24.2,25.8,24.05,24.9,333873
NOIDATOLL,2015-12-23 00:00:00+05:30,25.0,25.5,24.6,24.65,151779
NOIDATOLL,2015-12-24 00:00:00+05:30,24.9,25.15,24.65,25.0,388569
NOIDATOLL,2015-12-28 00:00:00+05:30,25.0,25.3,24.8,25.1,117682
NOIDATOLL,2015-12-29 00:00:00+05:30,24.95,25.15,24.65,24.75,136476
NOIDATOLL,2015-12-30 00:00:00+05:30,24.65,25.1,24.55,24.65,123619
NOIDATOLL,2015-12-31 00:00:00+05:30,25.0,25.0,24.65,24.85,99688
NOIDATOLL,2015-12-31 09:19:00+05:30,25.0,25.0,24.65,24.85,99688
NOIDATOLL,2016-01-01 09:19:00+05:30,24.95,25.65,24.75,25.2,154481
NOIDATOLL,2016-01-04 09:15:00+05:30,25.2,25.65,24.85,25.0,194340
NOIDATOLL,2016-01-05 09:15:00+05:30,25.4,25.4,24.4,24.55,960499
NOIDATOLL,2016-01-06 09:15:00+05:30,24.6,25.5,24.6,24.8,697253
NOIDATOLL,2016-01-07 09:15:00+05:30,24.7,24.95,24.55,24.65,232972
NOIDATOLL,2016-01-08 09:15:00+05:30,25.1,25.1,24.55,24.65,134877
NOIDATOLL,2016-01-11 09:16:00+05:30,24.85,24.85,24.6,24.65,248013
NOIDATOLL,2016-01-12 09:16:00+05:30,24.8,24.9,24.6,24.65,99561
NOIDATOLL,2016-01-13 09:15:00+05:30,24.7,25.2,24.0,24.35,184358
NOIDATOLL,2016-01-14 09:16:00+05:30,24.45,24.45,23.8,24.0,243237
NOIDATOLL,2016-01-15 09:15:00+05:30,24.0,24.35,23.75,23.75,160076
NOIDATOLL,2016-01-18 09:15:00+05:30,23.75,23.9,22.55,22.75,395011
NOIDATOLL,2016-01-19 09:15:00+05:30,23.0,23.4,22.75,23.0,148257
NOIDATOLL,2016-01-20 09:15:00+05:30,23.45,23.45,22.2,22.7,156594
NOIDATOLL,2016-01-21 09:16:00+05:30,23.0,23.4,22.6,22.8,109253
NOIDATOLL,2016-01-22 09:15:00+05:30,23.7,23.85,23.0,23.45,86864
NOIDATOLL,2016-01-25 09:16:00+05:30,23.5,23.95,22.5,23.2,90858
NOIDATOLL,2016-01-27 09:17:00+05:30,23.15,23.7,22.2,23.35,146965
NOIDATOLL,2016-01-28 09:18:00+05:30,23.9,24.1,23.25,23.8,381571
NOIDATOLL,2016-01-29 09:15:00+05:30,24.0,24.0,23.3,23.6,128937
NOIDATOLL,2016-02-01 09:15:00+05:30,23.85,23.85,23.3,23.4,166565
NOIDATOLL,2016-02-02 09:16:00+05:30,23.45,23.7,23.1,23.15,49672
NOIDATOLL,2016-02-03 09:17:00+05:30,23.85,23.85,22.6,22.75,131093
NOIDATOLL,2016-02-04 09:18:00+05:30,23.05,23.2,22.75,22.95,80406
NOIDATOLL,2016-02-05 09:18:00+05:30,22.85,23.15,22.8,23.0,94180
NOIDATOLL,2016-02-08 09:15:00+05:30,23.0,23.05,22.85,22.9,58343
NOIDATOLL,2016-02-09 09:17:00+05:30,22.85,22.85,22.75,22.8,102625
NOIDATOLL,2016-02-10 09:20:00+05:30,22.75,23.0,22.5,22.55,109438
NOIDATOLL,2016-02-11 09:18:00+05:30,22.65,22.95,21.95,22.0,244524
NOIDATOLL,2016-02-12 09:15:00+05:30,22.9,22.9,21.9,21.95,260032
NOIDATOLL,2016-02-15 09:17:00+05:30,22.2,23.25,22.2,23.05,134043
NOIDATOLL,2016-02-16 09:15:00+05:30,23.0,23.35,22.25,22.5,80724
NOIDATOLL,2016-02-17 09:15:00+05:30,22.5,22.5,21.7,22.3,198314
NOIDATOLL,2016-02-18 09:18:00+05:30,22.7,22.9,21.8,22.25,85882
NOIDATOLL,2016-02-19 09:18:00+05:30,22.3,22.4,22.05,22.05,80059
NOIDATOLL,2016-02-22 09:16:00+05:30,22.8,22.9,22.2,22.75,68432
NOIDATOLL,2016-02-23 09:16:00+05:30,22.75,22.75,22.4,22.5,51023
NOIDATOLL,2016-02-24 09:17:00+05:30,22.35,22.7,22.1,22.35,93904
NOIDATOLL,2016-02-25 09:17:00+05:30,22.3,22.6,22.1,22.25,55429
NOIDATOLL,2016-02-26 09:19:00+05:30,22.5,22.5,22.1,22.2,59973
NOIDATOLL,2016-02-29 09:17:00+05:30,22.6,22.95,22.1,22.25,56748
NOIDATOLL,2016-03-01 09:20:00+05:30,22.2,23.55,22.2,23.25,154124
NOIDATOLL,2016-03-02 09:15:00+05:30,23.25,23.45,23.0,23.3,115778
NOIDATOLL,2016-03-03 09:17:00+05:30,23.25,23.65,23.05,23.1,198965
NOIDATOLL,2016-03-04 09:18:00+05:30,23.25,24.5,23.05,24.35,385148
NOIDATOLL,2016-03-08 09:15:00+05:30,24.9,27.85,24.05,24.25,965710
NOIDATOLL,2016-03-09 09:16:00+05:30,24.25,24.9,24.15,24.55,272642
NOIDATOLL,2016-03-10 09:15:00+05:30,24.9,25.0,24.3,24.5,562552
NOIDATOLL,2016-03-11 09:15:00+05:30,24.8,25.0,24.4,24.55,452594
NOIDATOLL,2016-03-14 09:15:00+05:30,24.8,25.05,24.3,24.65,636949
NOIDATOLL,2016-03-15 09:15:00+05:30,24.95,24.95,24.55,24.85,147215
NOIDATOLL,2016-03-16 09:15:00+05:30,25.0,25.0,24.45,24.55,779520
NOIDATOLL,2016-03-17 09:15:00+05:30,23.3,23.3,22.6,23.05,318232
NOIDATOLL,2016-03-18 09:15:00+05:30,23.25,23.3,22.85,22.9,85299
NOIDATOLL,2016-03-21 09:15:00+05:30,23.35,23.35,22.65,22.8,93884
NOIDATOLL,2016-03-22 09:15:00+05:30,23.15,23.15,22.7,22.8,127960
NOIDATOLL,2016-03-23 09:16:00+05:30,22.8,22.8,22.45,22.5,152927
NOIDATOLL,2016-03-28 09:15:00+05:30,22.8,22.8,22.3,22.35,202343
NOIDATOLL,2016-03-29 09:15:00+05:30,22.4,22.45,21.95,22.05,201944
NOIDATOLL,2016-03-30 09:17:00+05:30,22.45,22.65,22.1,22.4,54796
NOIDATOLL,2016-03-31 09:18:00+05:30,22.7,22.7,22.3,22.4,184696
NOIDATOLL,2016-04-01 09:15:00+05:30,22.7,22.7,22.3,22.45,119909
NOIDATOLL,2016-04-04 09:16:00+05:30,22.9,22.9,22.3,22.55,213886
NOIDATOLL,2016-04-05 09:15:00+05:30,22.4,22.7,22.4,22.45,101840
NOIDATOLL,2016-04-06 09:15:00+05:30,22.5,22.7,22.4,22.55,67073
NOIDATOLL,2016-04-07 09:16:00+05:30,22.65,22.9,22.5,22.6,119762
NOIDATOLL,2016-04-08 09:15:00+05:30,22.6,22.9,22.5,22.8,115362
NOIDATOLL,2016-04-11 09:15:00+05:30,22.5,24.0,22.1,22.65,514582
NOIDATOLL,2016-04-12 09:20:00+05:30,22.75,23.1,22.4,22.5,274081
NOIDATOLL,2016-04-13 09:16:00+05:30,22.75,22.8,22.5,22.6,318964
NOIDATOLL,2016-04-18 09:15:00+05:30,22.5,22.85,22.15,22.4,327834
NOIDATOLL,2016-04-20 09:15:00+05:30,22.4,22.7,22.4,22.55,187741
NOIDATOLL,2016-04-21 09:15:00+05:30,22.55,22.9,22.35,22.5,356195
NOIDATOLL,2016-04-22 09:16:00+05:30,22.6,22.75,22.5,22.6,95024
NOIDATOLL,2016-04-25 09:15:00+05:30,22.75,22.75,22.5,22.55,99342
NOIDATOLL,2016-04-26 09:16:00+05:30,22.6,22.75,22.55,22.65,123557
NOIDATOLL,2016-04-27 09:15:00+05:30,22.55,22.8,22.4,22.5,424977
NOIDATOLL,2016-04-28 09:19:00+05:30,22.6,22.7,22.45,22.55,133837
NOIDATOLL,2016-04-29 09:19:00+05:30,22.5,22.65,22.4,22.6,126772
NOIDATOLL,2016-05-02 09:16:00+05:30,22.4,22.85,22.4,22.55,132867
NOIDATOLL,2016-05-03 09:15:00+05:30,22.8,22.85,22.2,22.7,953690
NOIDATOLL,2016-05-04 09:15:00+05:30,22.8,23.0,22.55,22.8,245859
NOIDATOLL,2016-05-05 09:15:00+05:30,22.85,22.9,22.7,22.8,107404
NOIDATOLL,2016-05-06 09:15:00+05:30,22.85,22.95,22.65,22.7,114947
NOIDATOLL,2016-05-09 09:15:00+05:30,22.8,23.0,22.8,22.9,87037
NOIDATOLL,2016-05-10 09:15:00+05:30,22.95,23.25,22.9,23.15,158590
NOIDATOLL,2016-05-11 09:15:00+05:30,23.1,23.55,23.05,23.4,154075
NOIDATOLL,2016-05-12 09:15:00+05:30,23.55,23.7,23.4,23.5,68848
NOIDATOLL,2016-05-13 09:17:00+05:30,23.6,23.65,23.25,23.4,86963
NOIDATOLL,2016-05-16 09:17:00+05:30,23.5,23.65,23.3,23.45,131160
NOIDATOLL,2016-05-17 09:15:00+05:30,23.5,23.65,22.9,23.2,286177
NOIDATOLL,2016-05-18 09:15:00+05:30,23.25,23.5,23.0,23.35,87592
NOIDATOLL,2016-05-19 09:18:00+05:30,23.05,23.35,23.0,23.15,77118
NOIDATOLL,2016-05-20 09:15:00+05:30,23.3,23.3,22.9,22.95,82058
NOIDATOLL,2016-05-23 09:15:00+05:30,23.15,23.15,22.8,22.9,103116
NOIDATOLL,2016-05-24 09:15:00+05:30,22.85,23.0,22.65,22.75,172912
NOIDATOLL,2016-05-25 09:16:00+05:30,22.85,23.0,22.65,22.65,77629
NOIDATOLL,2016-05-26 09:16:00+05:30,22.75,23.05,22.55,23.0,282684
NOIDATOLL,2016-05-27 09:17:00+05:30,23.2,23.3,22.7,22.85,117456
NOIDATOLL,2016-05-30 09:15:00+05:30,23.0,23.25,22.75,23.15,128492
NOIDATOLL,2016-05-31 09:15:00+05:30,23.15,23.25,22.85,23.0,90849
NOIDATOLL,2016-06-01 09:15:00+05:30,23.25,23.25,22.8,22.95,109461
NOIDATOLL,2016-06-02 09:15:00+05:30,22.75,23.25,22.75,22.95,119446
NOIDATOLL,2016-06-03 09:16:00+05:30,23.15,23.25,22.85,23.15,47876
NOIDATOLL,2016-06-06 09:15:00+05:30,23.2,23.2,22.95,23.1,84024
NOIDATOLL,2016-06-07 09:16:00+05:30,23.15,23.55,23.05,23.45,321367
NOIDATOLL,2016-06-08 09:15:00+05:30,23.4,23.5,23.0,23.25,173224
NOIDATOLL,2016-06-09 09:16:00+05:30,23.45,23.7,23.3,23.55,175453
NOIDATOLL,2016-06-10 09:16:00+05:30,23.7,23.8,23.3,23.4,83106
NOIDATOLL,2016-06-13 09:15:00+05:30,23.55,23.6,23.05,23.15,110308
NOIDATOLL,2016-06-14 09:15:00+05:30,23.4,23.8,23.2,23.55,360115
NOIDATOLL,2016-06-15 09:15:00+05:30,23.8,24.2,23.5,23.8,319488
NOIDATOLL,2016-06-16 09:17:00+05:30,24.3,24.3,23.65,23.85,245476
NOIDATOLL,2016-06-17 09:16:00+05:30,24.5,24.5,23.75,23.9,151549
NOIDATOLL,2016-06-20 09:15:00+05:30,23.55,24.2,23.55,23.65,162180
NOIDATOLL,2016-06-21 09:15:00+05:30,23.85,24.0,23.6,23.8,132447
NOIDATOLL,2016-06-22 09:15:00+05:30,23.65,23.9,23.5,23.55,107336
NOIDATOLL,2016-06-23 09:15:00+05:30,23.85,23.9,23.1,23.25,195179
NOIDATOLL,2016-06-24 09:15:00+05:30,23.1,23.5,22.75,23.45,266235
NOIDATOLL,2016-06-27 09:17:00+05:30,23.45,23.65,22.95,23.1,285241
NOIDATOLL,2016-06-28 09:16:00+05:30,23.3,23.5,22.7,23.0,468625
NOIDATOLL,2016-06-29 09:15:00+05:30,23.7,23.95,23.1,23.35,464642
NOIDATOLL,2016-06-30 09:15:00+05:30,23.95,25.2,23.4,23.5,1905446
NOIDATOLL,2016-07-01 09:15:00+05:30,23.9,23.9,23.5,23.7,429449
NOIDATOLL,2016-07-04 09:15:00+05:30,23.7,24.2,23.7,23.9,450444
NOIDATOLL,2016-07-05 09:15:00+05:30,23.85,24.2,23.8,23.95,377943
NOIDATOLL,2016-07-07 09:15:00+05:30,24.0,24.2,23.9,23.95,269359
NOIDATOLL,2016-07-08 09:15:00+05:30,23.8,24.0,23.75,23.8,257801
NOIDATOLL,2016-07-11 09:16:00+05:30,23.85,24.1,23.85,23.9,614559
NOIDATOLL,2016-07-12 09:15:00+05:30,23.95,24.1,23.85,23.85,342725
NOIDATOLL,2016-07-13 09:15:00+05:30,24.0,24.1,23.8,23.85,257317
NOIDATOLL,2016-07-14 09:15:00+05:30,23.9,24.2,23.7,24.1,253727
NOIDATOLL,2016-07-15 09:15:00+05:30,23.8,24.1,23.8,24.05,174006
NOIDATOLL,2016-07-18 09:15:00+05:30,24.05,24.2,23.9,23.95,171001
NOIDATOLL,2016-07-19 09:16:00+05:30,24.05,24.25,23.9,24.0,172957
NOIDATOLL,2016-07-20 09:16:00+05:30,24.2,24.2,23.8,23.9,343971
NOIDATOLL,2016-07-21 09:15:00+05:30,23.95,24.1,23.6,23.75,249749
NOIDATOLL,2016-07-22 09:15:00+05:30,23.75,24.0,23.65,23.7,287456
NOIDATOLL,2016-07-25 09:15:00+05:30,23.75,23.75,23.45,23.6,425334
NOIDATOLL,2016-07-26 09:16:00+05:30,23.65,23.8,23.35,23.5,246987
NOIDATOLL,2016-07-27 09:15:00+05:30,23.45,23.7,23.3,23.35,217203
NOIDATOLL,2016-07-28 09:15:00+05:30,23.55,23.55,23.25,23.4,269096
NOIDATOLL,2016-07-29 09:16:00+05:30,23.55,23.75,23.4,23.55,210305
NOIDATOLL,2016-08-01 09:15:00+05:30,23.2,23.8,23.1,23.6,258495
NOIDATOLL,2016-08-02 09:15:00+05:30,23.5,23.85,23.4,23.5,206253
NOIDATOLL,2016-08-03 09:15:00+05:30,23.5,23.65,23.4,23.6,161056
NOIDATOLL,2016-08-04 09:15:00+05:30,23.65,23.7,23.5,23.55,100265
NOIDATOLL,2016-08-05 09:20:00+05:30,23.75,23.75,23.5,23.6,136044
NOIDATOLL,2016-08-08 09:15:00+05:30,23.65,23.75,23.35,23.5,723873
NOIDATOLL,2016-08-09 09:15:00+05:30,23.5,23.5,22.95,23.1,340095
NOIDATOLL,2016-08-10 09:15:00+05:30,23.3,23.45,22.95,23.1,196702
NOIDATOLL,2016-08-11 09:16:00+05:30,23.35,23.35,22.7,22.95,246411
NOIDATOLL,2016-08-12 09:15:00+05:30,23.0,23.1,22.65,22.75,474383
NOIDATOLL,2016-08-16 09:15:00+05:30,23.0,23.0,22.5,22.6,219451
NOIDATOLL,2016-08-17 09:15:00+05:30,22.85,23.0,22.4,22.5,192824
NOIDATOLL,2016-08-18 09:15:00+05:30,22.2,22.9,22.2,22.65,160670
NOIDATOLL,2016-08-19 09:15:00+05:30,22.55,22.8,22.4,22.5,207520
NOIDATOLL,2016-08-22 09:15:00+05:30,22.4,22.75,22.4,22.55,150633
NOIDATOLL,2016-08-23 09:16:00+05:30,22.6,22.7,22.4,22.6,103400
NOIDATOLL,2016-08-24 09:15:00+05:30,22.45,22.95,22.4,22.9,121433
NOIDATOLL,2016-08-25 09:15:00+05:30,23.0,23.05,22.75,22.85,103588
NOIDATOLL,2016-08-26 09:15:00+05:30,23.1,23.25,22.9,23.1,172862
NOIDATOLL,2016-08-29 09:15:00+05:30,23.05,23.2,22.8,23.05,179359
NOIDATOLL,2016-08-30 09:15:00+05:30,23.05,23.2,22.9,23.05,110962
NOIDATOLL,2016-08-31 09:17:00+05:30,23.2,23.2,22.6,22.7,183943
NOIDATOLL,2016-09-01 09:15:00+05:30,23.15,23.5,22.7,23.0,471274
NOIDATOLL,2016-09-02 09:15:00+05:30,23.35,23.5,22.7,23.2,1106786
NOIDATOLL,2016-09-06 09:15:00+05:30,23.15,23.5,22.85,22.95,1419895
NOIDATOLL,2016-09-07 09:15:00+05:30,23.1,23.25,22.95,23.0,652876
NOIDATOLL,2016-09-08 09:15:00+05:30,23.1,23.2,22.95,23.15,428455
NOIDATOLL,2016-09-09 09:15:00+05:30,23.2,23.2,22.95,23.0,852757
NOIDATOLL,2016-09-12 09:15:00+05:30,22.9,23.15,22.9,23.1,330521
NOIDATOLL,2016-09-14 09:15:00+05:30,23.15,24.1,23.0,23.85,767259
NOIDATOLL,2016-09-15 09:15:00+05:30,23.95,24.15,23.7,24.0,560260
NOIDATOLL,2016-09-16 09:15:00+05:30,24.1,24.2,23.8,23.85,587140
NOIDATOLL,2016-09-19 09:15:00+05:30,24.25,24.3,23.9,23.95,538015
NOIDATOLL,2016-09-20 09:15:00+05:30,24.15,24.15,23.8,23.95,725813
NOIDATOLL,2016-09-21 09:15:00+05:30,22.6,22.6,22.15,22.2,882163
NOIDATOLL,2016-09-22 09:15:00+05:30,22.3,22.4,21.9,22.0,335978
NOIDATOLL,2016-09-23 09:16:00+05:30,22.1,22.3,22.05,22.2,358834
NOIDATOLL,2016-09-26 09:15:00+05:30,22.05,22.3,21.95,22.0,272516
NOIDATOLL,2016-09-27 09:15:00+05:30,22.1,22.15,21.9,21.95,129591
NOIDATOLL,2016-09-28 09:17:00+05:30,21.95,22.4,21.9,22.15,296585
NOIDATOLL,2016-09-29 09:17:00+05:30,22.3,22.3,21.55,21.7,677224
NOIDATOLL,2016-09-30 09:16:00+05:30,21.85,22.0,21.55,21.8,121356
NOIDATOLL,2016-10-03 09:20:00+05:30,21.8,22.15,21.5,21.85,140941
NOIDATOLL,2016-10-04 09:15:00+05:30,22.05,22.1,21.7,21.85,145163
NOIDATOLL,2016-10-05 09:15:00+05:30,22.15,22.2,21.85,22.15,344703
NOIDATOLL,2016-10-06 09:15:00+05:30,22.15,22.2,21.85,21.95,555140
NOIDATOLL,2016-10-07 09:16:00+05:30,22.1,22.15,21.65,22.0,422799
NOIDATOLL,2016-10-10 09:15:00+05:30,22.05,22.1,21.9,22.0,179176
NOIDATOLL,2016-10-13 09:15:00+05:30,22.05,22.1,21.7,21.85,244498
NOIDATOLL,2016-10-14 09:17:00+05:30,22.05,22.1,21.8,21.9,149799
NOIDATOLL,2016-10-17 09:15:00+05:30,22.1,22.1,21.9,21.95,128110
NOIDATOLL,2016-10-18 09:18:00+05:30,22.1,22.1,21.95,22.0,163274
NOIDATOLL,2016-10-19 09:17:00+05:30,22.1,22.1,21.9,22.05,106520
NOIDATOLL,2016-10-20 09:18:00+05:30,22.2,22.2,21.85,21.95,272762
NOIDATOLL,2016-10-21 09:15:00+05:30,22.2,22.25,22.0,22.2,159852
NOIDATOLL,2016-10-24 09:15:00+05:30,22.3,22.6,22.3,22.4,328694
NOIDATOLL,2016-10-25 09:15:00+05:30,22.7,22.8,22.15,22.25,388281
NOIDATOLL,2016-10-26 09:15:00+05:30,22.45,22.5,22.15,22.15,390970
NOIDATOLL,2016-10-27 09:15:00+05:30,17.75,17.75,17.75,17.75,1025169
NOIDATOLL,2016-10-28 09:15:00+05:30,15.0,17.0,14.25,14.75,31275507
NOIDATOLL,2016-11-01 09:15:00+05:30,13.95,15.4,13.8,15.1,4663416
NOIDATOLL,2016-11-02 09:15:00+05:30,15.25,16.25,14.85,15.4,4631062
NOIDATOLL,2016-11-03 09:15:00+05:30,15.45,15.85,14.5,14.65,2060463
NOIDATOLL,2016-11-04 09:15:00+05:30,14.8,14.95,13.65,14.0,3724561
NOIDATOLL,2016-11-07 09:15:00+05:30,14.2,14.6,14.15,14.25,815095
NOIDATOLL,2016-11-08 09:15:00+05:30,14.4,14.75,14.05,14.3,1053843
NOIDATOLL,2016-11-09 09:15:00+05:30,13.65,13.95,12.9,13.6,1213855
NOIDATOLL,2016-11-10 09:15:00+05:30,13.9,14.4,13.7,13.85,521685
NOIDATOLL,2016-11-11 09:15:00+05:30,13.85,14.15,12.6,12.8,3503023
NOIDATOLL,2016-11-15 09:15:00+05:30,12.25,12.6,11.8,12.05,952462
NOIDATOLL,2016-11-16 09:15:00+05:30,12.05,12.4,11.75,11.85,671650
NOIDATOLL,2016-11-17 09:15:00+05:30,11.6,12.0,11.5,11.85,487456
NOIDATOLL,2016-11-18 09:15:00+05:30,11.85,13.0,11.5,13.0,853309
NOIDATOLL,2016-11-21 09:15:00+05:30,13.3,14.3,13.2,13.35,1766981
NOIDATOLL,2016-11-22 09:15:00+05:30,13.55,13.95,13.2,13.55,651808
NOIDATOLL,2016-11-23 09:15:00+05:30,13.5,14.0,13.45,13.95,406222
NOIDATOLL,2016-11-24 09:15:00+05:30,13.8,13.9,13.2,13.45,464698
NOIDATOLL,2016-11-25 09:15:00+05:30,13.45,14.1,13.2,13.5,636911
NOIDATOLL,2016-11-28 09:15:00+05:30,13.3,13.7,13.2,13.6,394814
NOIDATOLL,2016-11-29 09:15:00+05:30,14.1,14.1,13.5,13.55,487484
NOIDATOLL,2016-11-30 09:15:00+05:30,13.5,13.75,13.5,13.6,203054
NOIDATOLL,2016-12-01 09:15:00+05:30,13.8,13.9,13.6,13.8,635784
NOIDATOLL,2016-12-02 09:15:00+05:30,13.7,14.6,13.6,14.35,866676
NOIDATOLL,2016-12-05 09:15:00+05:30,14.9,14.95,14.35,14.7,960265
NOIDATOLL,2016-12-06 09:15:00+05:30,14.7,14.85,14.3,14.65,673931
NOIDATOLL,2016-12-07 09:15:00+05:30,14.75,14.75,14.3,14.65,388202
NOIDATOLL,2016-12-08 09:16:00+05:30,14.5,14.75,14.5,14.6,216819
NOIDATOLL,2016-12-09 09:18:00+05:30,14.7,14.8,14.5,14.65,180103
NOIDATOLL,2016-12-12 09:15:00+05:30,14.65,14.95,14.45,14.7,322194
NOIDATOLL,2016-12-13 09:17:00+05:30,14.75,14.85,14.45,14.55,312634
NOIDATOLL,2016-12-14 09:15:00+05:30,14.45,14.65,13.95,14.05,705450
NOIDATOLL,2016-12-15 09:15:00+05:30,14.05,14.55,13.85,13.95,443740
NOIDATOLL,2016-12-16 09:15:00+05:30,14.25,14.4,13.5,13.65,437431
NOIDATOLL,2016-12-19 09:15:00+05:30,13.75,14.5,13.7,14.0,238905
NOIDATOLL,2016-12-20 09:19:00+05:30,14.05,14.4,13.8,13.9,228141
NOIDATOLL,2016-12-21 09:15:00+05:30,13.9,14.0,13.55,13.6,324576
NOIDATOLL,2016-12-22 09:16:00+05:30,13.9,13.9,12.9,13.05,505514
NOIDATOLL,2016-12-23 09:15:00+05:30,13.35,13.35,12.8,12.9,261881
NOIDATOLL,2016-12-26 09:15:00+05:30,12.8,13.5,12.5,13.25,323115
NOIDATOLL,2016-12-27 09:15:00+05:30,13.25,13.4,13.0,13.05,173656
NOIDATOLL,2016-12-28 09:17:00+05:30,13.1,13.7,13.0,13.3,335895
NOIDATOLL,2016-12-29 09:17:00+05:30,13.3,13.6,13.0,13.2,184574
NOIDATOLL,2016-12-30 09:15:00+05:30,12.85,13.45,12.85,13.2,131432
NOIDATOLL,2017-01-02 09:15:00+05:30,13.2,13.4,13.1,13.3,145895
NOIDATOLL,2017-01-03 09:15:00+05:30,13.25,13.6,13.1,13.15,133308
NOIDATOLL,2017-01-04 09:16:00+05:30,13.2,13.4,13.2,13.3,115445
NOIDATOLL,2017-01-05 09:15:00+05:30,13.5,13.95,13.25,13.6,316017
NOIDATOLL,2017-01-06 09:15:00+05:30,13.7,13.7,13.2,13.55,126871
NOIDATOLL,2017-01-09 09:18:00+05:30,13.8,13.8,13.5,13.55,116635
NOIDATOLL,2017-01-10 09:15:00+05:30,13.65,13.7,13.55,13.65,132468
NOIDATOLL,2017-01-11 09:56:00+05:30,13.75,13.85,13.45,13.6,224390
NOIDATOLL,2017-01-12 09:16:00+05:30,13.7,13.7,13.4,13.5,99730
NOIDATOLL,2017-01-13 09:15:00+05:30,13.75,13.75,12.95,13.25,185280
NOIDATOLL,2017-01-16 09:15:00+05:30,13.5,13.5,13.0,13.25,126573
NOIDATOLL,2017-01-17 09:15:00+05:30,13.05,13.35,13.05,13.1,209311
NOIDATOLL,2017-01-18 09:17:00+05:30,13.05,13.25,13.05,13.1,138563
NOIDATOLL,2017-01-19 09:16:00+05:30,13.1,13.35,13.1,13.25,147491
NOIDATOLL,2017-01-20 09:15:00+05:30,13.2,13.35,13.0,13.05,213743
NOIDATOLL,2017-01-23 09:15:00+05:30,13.2,13.3,12.3,13.05,719280
NOIDATOLL,2017-01-24 09:15:00+05:30,13.05,13.15,12.85,13.05,107986
NOIDATOLL,2017-01-25 09:15:00+05:30,13.15,13.2,12.9,13.05,155106
NOIDATOLL,2017-01-27 09:15:00+05:30,13.0,13.15,12.7,12.75,262224
NOIDATOLL,2017-01-30 09:15:00+05:30,12.75,12.95,12.65,12.7,260635
NOIDATOLL,2017-01-31 09:16:00+05:30,12.95,12.95,12.7,12.8,129190
NOIDATOLL,2017-02-01 09:17:00+05:30,12.9,12.95,12.7,12.85,135134
NOIDATOLL,2017-02-02 09:16:00+05:30,12.75,12.9,12.7,12.85,115744
NOIDATOLL,2017-02-03 09:15:00+05:30,12.85,13.3,12.8,13.2,514176
NOIDATOLL,2017-02-06 09:15:00+05:30,13.25,13.6,13.1,13.2,576725
NOIDATOLL,2017-02-07 09:18:00+05:30,13.35,13.55,13.15,13.25,396087
NOIDATOLL,2017-02-08 09:15:00+05:30,13.25,13.5,12.8,13.0,597695
NOIDATOLL,2017-02-09 09:15:00+05:30,12.9,13.0,12.65,12.75,474029
NOIDATOLL,2017-02-10 09:16:00+05:30,12.95,12.95,12.65,12.7,387184
NOIDATOLL,2017-02-13 09:15:00+05:30,12.85,12.85,12.35,12.45,277431
NOIDATOLL,2017-02-14 09:15:00+05:30,12.5,12.5,12.2,12.3,208463
NOIDATOLL,2017-02-15 09:15:00+05:30,12.3,12.8,12.1,12.3,198909
NOIDATOLL,2017-02-16 09:15:00+05:30,12.25,12.4,12.2,12.25,106873
NOIDATOLL,2017-02-17 09:15:00+05:30,12.3,12.4,12.2,12.3,310169
NOIDATOLL,2017-02-20 09:15:00+05:30,12.35,12.65,12.3,12.6,213978
NOIDATOLL,2017-02-21 09:16:00+05:30,12.6,12.75,12.45,12.65,289838
NOIDATOLL,2017-02-22 09:15:00+05:30,12.5,13.0,12.5,12.85,326491
NOIDATOLL,2017-02-23 09:15:00+05:30,12.65,12.9,12.6,12.7,114640
NOIDATOLL,2017-02-27 09:15:00+05:30,13.0,13.0,12.4,12.6,247347
NOIDATOLL,2017-02-28 09:15:00+05:30,12.6,12.75,12.5,12.7,155536
NOIDATOLL,2017-03-01 09:15:00+05:30,12.65,12.9,12.65,12.8,229580
NOIDATOLL,2017-03-02 09:15:00+05:30,12.8,13.0,12.4,12.65,255254
NOIDATOLL,2017-03-03 09:17:00+05:30,12.75,12.75,12.45,12.55,94097
NOIDATOLL,2017-03-06 09:15:00+05:30,12.7,12.7,12.45,12.5,116606
NOIDATOLL,2017-03-07 09:17:00+05:30,12.45,12.6,12.25,12.35,218836
NOIDATOLL,2017-03-08 09:16:00+05:30,12.45,12.45,12.1,12.15,169934
NOIDATOLL,2017-03-09 09:15:00+05:30,12.35,12.7,12.1,12.25,281507
NOIDATOLL,2017-03-10 09:15:00+05:30,12.35,12.45,12.2,12.25,129580
NOIDATOLL,2017-03-14 09:15:00+05:30,12.6,12.7,12.2,12.25,202463
NOIDATOLL,2017-03-15 09:15:00+05:30,12.45,12.45,12.15,12.2,119549
NOIDATOLL,2017-03-16 09:15:00+05:30,12.3,12.45,12.05,12.1,340820
NOIDATOLL,2017-03-17 09:16:00+05:30,12.3,12.3,12.0,12.05,531233
NOIDATOLL,2017-03-20 09:15:00+05:30,12.3,12.3,12.0,12.05,270356
NOIDATOLL,2017-03-21 09:16:00+05:30,12.05,12.1,11.9,11.95,287773
NOIDATOLL,2017-03-22 09:16:00+05:30,11.95,12.0,11.7,11.75,257333
NOIDATOLL,2017-03-23 09:15:00+05:30,11.75,11.9,11.7,11.75,294321
NOIDATOLL,2017-03-24 09:16:00+05:30,11.7,12.0,11.65,11.85,538699
NOIDATOLL,2017-03-27 09:15:00+05:30,11.95,12.0,11.75,11.8,262914
NOIDATOLL,2017-03-28 09:15:00+05:30,11.75,11.85,11.2,11.25,803626
NOIDATOLL,2017-03-29 09:15:00+05:30,11.25,11.75,11.25,11.25,806285
NOIDATOLL,2017-03-30 09:15:00+05:30,11.25,11.45,11.1,11.15,366492
NOIDATOLL,2017-03-31 09:16:00+05:30,11.2,11.3,11.1,11.25,385323
NOIDATOLL,2017-04-03 09:15:00+05:30,11.2,11.45,10.75,10.95,516200
NOIDATOLL,2017-04-05 09:15:00+05:30,10.85,12.9,10.8,12.25,1319261
NOIDATOLL,2017-04-06 09:15:00+05:30,12.55,12.85,12.2,12.6,719098
NOIDATOLL,2017-04-07 09:16:00+05:30,12.55,12.75,12.3,12.35,408033
NOIDATOLL,2017-04-10 09:16:00+05:30,12.3,12.5,12.1,12.15,194992
NOIDATOLL,2017-04-11 09:15:00+05:30,12.1,12.15,11.85,11.9,153126
NOIDATOLL,2017-04-12 09:15:00+05:30,12.2,12.2,11.5,11.75,266547
NOIDATOLL,2017-04-13 09:15:00+05:30,12.1,12.1,11.65,11.8,256583
NOIDATOLL,2017-04-17 09:15:00+05:30,12.0,12.0,11.65,11.7,123602
NOIDATOLL,2017-04-18 09:18:00+05:30,12.0,12.0,11.4,11.55,187848
NOIDATOLL,2017-04-19 09:19:00+05:30,11.3,11.55,11.3,11.45,129740
NOIDATOLL,2017-04-20 09:17:00+05:30,11.5,11.5,11.1,11.45,254500
NOIDATOLL,2017-04-21 09:15:00+05:30,11.45,12.85,11.3,12.4,919126
NOIDATOLL,2017-04-24 09:16:00+05:30,12.0,12.65,12.0,12.1,315198
NOIDATOLL,2017-04-25 09:16:00+05:30,12.35,12.4,12.05,12.1,399669
NOIDATOLL,2017-04-26 09:17:00+05:30,12.25,12.5,11.9,11.95,291260
NOIDATOLL,2017-04-27 09:17:00+05:30,11.8,12.25,11.75,12.1,249684
NOIDATOLL,2017-04-28 09:15:00+05:30,12.0,12.8,11.8,12.65,406774
NOIDATOLL,2017-05-02 09:15:00+05:30,12.85,12.9,12.5,12.7,365347
NOIDATOLL,2017-05-03 09:16:00+05:30,12.6,12.9,12.6,12.65,280053
NOIDATOLL,2017-05-04 09:16:00+05:30,12.85,12.9,12.4,12.45,225631
NOIDATOLL,2017-05-05 09:17:00+05:30,12.5,12.5,12.1,12.15,114237
NOIDATOLL,2017-05-08 09:15:00+05:30,12.25,13.0,12.0,12.15,224956
NOIDATOLL,2017-05-09 09:18:00+05:30,12.15,12.3,12.1,12.15,96180
NOIDATOLL,2017-05-10 09:15:00+05:30,12.2,12.4,12.1,12.2,86442
NOIDATOLL,2017-05-11 09:17:00+05:30,12.45,12.45,12.05,12.05,72782
NOIDATOLL,2017-05-12 09:17:00+05:30,12.25,12.25,11.75,11.95,148423
NOIDATOLL,2017-05-15 09:15:00+05:30,11.95,12.2,11.8,11.9,93754
NOIDATOLL,2017-05-16 09:15:00+05:30,11.8,11.95,11.8,11.9,105141
NOIDATOLL,2017-05-17 09:15:00+05:30,12.05,12.05,11.8,11.85,69725
NOIDATOLL,2017-05-18 09:15:00+05:30,11.85,11.9,11.75,11.8,73969
NOIDATOLL,2017-05-19 09:18:00+05:30,12.0,12.0,11.6,11.65,103699
NOIDATOLL,2017-05-22 09:15:00+05:30,11.5,12.4,11.45,11.55,245954
NOIDATOLL,2017-05-23 09:15:00+05:30,11.6,11.65,11.25,11.35,120420
NOIDATOLL,2017-05-24 09:18:00+05:30,11.6,11.6,10.75,10.85,222631
NOIDATOLL,2017-05-25 09:16:00+05:30,11.3,11.5,10.9,11.1,119878
NOIDATOLL,2017-05-26 09:15:00+05:30,11.55,11.8,10.85,11.35,585393
NOIDATOLL,2017-05-29 09:15:00+05:30,11.2,11.6,11.0,11.2,168687
NOIDATOLL,2017-05-30 09:22:00+05:30,11.3,11.3,10.95,11.0,139198
NOIDATOLL,2017-05-31 09:17:00+05:30,11.2,11.2,10.7,10.7,155707
NOIDATOLL,2017-06-01 09:15:00+05:30,10.8,11.0,10.7,10.85,91149
NOIDATOLL,2017-06-02 09:15:00+05:30,10.75,11.15,10.75,10.9,178168
NOIDATOLL,2017-06-05 09:15:00+05:30,10.8,10.95,10.7,10.8,79078
NOIDATOLL,2017-06-06 09:18:00+05:30,10.9,10.95,10.75,10.9,87329
NOIDATOLL,2017-06-07 09:15:00+05:30,10.75,11.0,10.75,10.85,77810
NOIDATOLL,2017-06-08 09:17:00+05:30,10.8,10.95,10.7,10.85,66478
NOIDATOLL,2017-06-09 09:19:00+05:30,10.8,10.9,10.7,10.8,77841
NOIDATOLL,2017-06-12 09:15:00+05:30,10.7,10.8,10.6,10.6,99199
NOIDATOLL,2017-06-13 09:17:00+05:30,10.65,10.75,10.4,10.4,210078
NOIDATOLL,2017-06-14 09:16:00+05:30,10.3,10.45,10.05,10.1,194630
NOIDATOLL,2017-06-15 09:16:00+05:30,10.2,10.3,10.05,10.2,198055
NOIDATOLL,2017-06-16 09:15:00+05:30,10.2,10.4,10.15,10.3,127147
NOIDATOLL,2017-06-19 09:18:00+05:30,10.2,10.35,9.9,10.05,252895
NOIDATOLL,2017-06-20 09:15:00+05:30,10.2,10.2,9.9,9.95,198070
NOIDATOLL,2017-06-21 09:16:00+05:30,10.0,10.0,9.8,9.85,191525
NOIDATOLL,2017-06-22 09:15:00+05:30,9.8,9.95,9.65,9.7,309811
NOIDATOLL,2017-06-23 09:16:00+05:30,9.65,9.75,9.45,9.55,303490
NOIDATOLL,2017-06-27 09:15:00+05:30,9.5,9.5,9.25,9.35,189921
NOIDATOLL,2017-06-28 09:17:00+05:30,9.25,9.5,9.25,9.4,169337
NOIDATOLL,2017-06-29 09:16:00+05:30,9.45,9.9,9.4,9.85,392341
NOIDATOLL,2017-06-30 09:18:00+05:30,9.85,9.85,9.4,9.45,192935
NOIDATOLL,2017-07-03 09:15:00+05:30,10.0,10.2,9.7,10.0,411229
NOIDATOLL,2017-07-04 09:16:00+05:30,10.1,10.1,9.75,9.9,271143
NOIDATOLL,2017-07-05 09:16:00+05:30,10.2,10.2,9.7,9.9,156873
NOIDATOLL,2017-07-06 09:15:00+05:30,10.0,10.0,9.65,9.7,116682
NOIDATOLL,2017-07-07 09:15:00+05:30,10.0,10.0,9.65,9.75,168867
NOIDATOLL,2017-07-10 10:28:00+05:30,10.5,10.5,9.8,9.95,187496
NOIDATOLL,2017-07-11 09:15:00+05:30,10.0,10.1,9.85,9.9,120851
NOIDATOLL,2017-07-12 09:15:00+05:30,9.9,10.05,9.8,9.9,193967
NOIDATOLL,2017-07-13 09:19:00+05:30,9.9,10.0,9.75,9.8,119867
NOIDATOLL,2017-07-14 09:17:00+05:30,9.95,9.95,9.55,9.6,109064
NOIDATOLL,2017-07-17 09:17:00+05:30,9.75,9.75,9.35,9.6,189136
NOIDATOLL,2017-07-18 09:18:00+05:30,9.6,9.7,9.4,9.45,148707
NOIDATOLL,2017-07-19 09:15:00+05:30,9.7,9.8,9.5,9.6,164610
NOIDATOLL,2017-07-20 09:18:00+05:30,9.7,9.7,9.45,9.5,138441
NOIDATOLL,2017-07-21 09:17:00+05:30,9.55,9.8,9.45,9.5,206490
NOIDATOLL,2017-07-24 09:15:00+05:30,9.4,9.7,9.4,9.45,190848
NOIDATOLL,2017-07-25 09:15:00+05:30,9.5,9.6,9.45,9.5,343826
NOIDATOLL,2017-07-26 09:15:00+05:30,9.55,9.75,9.45,9.5,207041
NOIDATOLL,2017-07-27 09:17:00+05:30,9.6,9.6,9.35,9.4,279974
NOIDATOLL,2017-07-28 09:15:00+05:30,9.55,9.55,9.25,9.25,263885
NOIDATOLL,2017-07-31 09:15:00+05:30,9.5,9.5,9.2,9.2,323464
NOIDATOLL,2017-08-01 09:16:00+05:30,9.4,9.4,9.15,9.2,207138
NOIDATOLL,2017-08-02 09:16:00+05:30,9.25,9.3,9.15,9.2,122439
NOIDATOLL,2017-08-03 09:15:00+05:30,9.25,9.3,9.1,9.1,112341
NOIDATOLL,2017-08-04 09:16:00+05:30,9.25,9.25,9.0,9.05,72824
NOIDATOLL,2017-08-07 09:16:00+05:30,9.0,9.15,8.85,9.1,240248
NOIDATOLL,2017-08-08 09:16:00+05:30,9.25,9.5,8.9,8.95,130977
NOIDATOLL,2017-08-09 09:15:00+05:30,8.95,8.95,8.4,8.5,409140
NOIDATOLL,2017-08-10 09:15:00+05:30,8.75,8.75,8.5,8.65,326551
NOIDATOLL,2017-08-11 09:15:00+05:30,8.5,8.6,8.3,8.5,812548
NOIDATOLL,2017-08-14 09:15:00+05:30,8.6,8.8,8.45,8.55,258352
NOIDATOLL,2017-08-16 09:15:00+05:30,8.55,8.8,8.3,8.35,192944
NOIDATOLL,2017-08-17 09:15:00+05:30,8.45,8.6,8.3,8.45,631334
NOIDATOLL,2017-08-18 09:17:00+05:30,8.45,8.6,8.15,8.4,642925
NOIDATOLL,2017-08-21 09:17:00+05:30,8.45,8.8,8.35,8.65,275383
NOIDATOLL,2017-08-22 09:15:00+05:30,8.7,9.05,8.55,9.0,186132
NOIDATOLL,2017-08-23 09:17:00+05:30,9.05,10.5,9.05,10.3,1012816
NOIDATOLL,2017-08-24 09:15:00+05:30,10.5,12.35,10.4,12.15,3089765
NOIDATOLL,2017-08-28 09:15:00+05:30,12.25,13.35,12.25,13.35,2512430
NOIDATOLL,2017-08-29 09:15:00+05:30,13.55,14.0,12.25,13.15,1913476
NOIDATOLL,2017-08-30 09:15:00+05:30,13.2,13.6,11.9,12.3,1283601
NOIDATOLL,2017-08-31 09:15:00+05:30,12.35,12.35,11.7,12.05,436884
NOIDATOLL,2017-09-01 09:15:00+05:30,12.05,12.25,11.5,12.1,207164
NOIDATOLL,2017-09-04 09:16:00+05:30,12.0,12.1,11.5,11.85,206186
NOIDATOLL,2017-09-05 09:18:00+05:30,11.85,12.4,11.45,12.35,317077
NOIDATOLL,2017-09-06 09:15:00+05:30,11.85,12.95,11.85,12.95,627265
NOIDATOLL,2017-09-07 09:15:00+05:30,13.55,13.55,13.55,13.55,393193
NOIDATOLL,2017-09-08 09:15:00+05:30,14.2,14.2,14.2,14.2,461469
NOIDATOLL,2017-09-11 09:15:00+05:30,14.9,14.9,14.9,14.9,627105
NOIDATOLL,2017-09-12 09:15:00+05:30,15.6,15.6,15.6,15.6,430720
NOIDATOLL,2017-09-13 09:15:00+05:30,16.35,16.35,16.35,16.35,179403
NOIDATOLL,2017-09-14 09:15:00+05:30,16.9,17.15,15.55,16.15,2847796
NOIDATOLL,2017-09-15 09:15:00+05:30,16.05,16.1,15.35,15.85,562575
NOIDATOLL,2017-09-18 09:16:00+05:30,15.85,16.0,15.1,15.9,556811
NOIDATOLL,2017-09-19 09:16:00+05:30,15.95,16.45,15.5,15.9,331284
NOIDATOLL,2017-09-20 09:18:00+05:30,16.05,16.05,15.5,15.9,328914
NOIDATOLL,2017-09-21 09:17:00+05:30,15.95,16.05,15.15,15.4,148761
NOIDATOLL,2017-09-22 09:20:00+05:30,15.45,15.45,14.8,15.0,225799
NOIDATOLL,2017-09-25 09:15:00+05:30,14.75,15.35,14.25,14.35,218920
NOIDATOLL,2017-09-26 09:16:00+05:30,13.85,15.0,13.85,14.3,123274
NOIDATOLL,2017-09-27 09:16:00+05:30,14.0,14.75,14.0,14.25,95379
NOIDATOLL,2017-09-28 09:16:00+05:30,14.0,14.65,14.0,14.35,104534
NOIDATOLL,2017-09-29 09:19:00+05:30,14.3,14.7,14.3,14.5,104102
NOIDATOLL,2017-10-03 09:16:00+05:30,14.9,15.2,14.2,15.15,197303
NOIDATOLL,2017-10-04 09:15:00+05:30,15.5,15.85,14.5,15.0,118730
NOIDATOLL,2017-10-05 09:18:00+05:30,15.0,15.4,14.3,14.9,65791
NOIDATOLL,2017-10-06 09:19:00+05:30,14.5,15.0,14.5,14.65,51387
NOIDATOLL,2017-10-09 09:15:00+05:30,15.0,15.0,14.2,14.55,62135
NOIDATOLL,2017-10-10 09:15:00+05:30,14.0,14.95,14.0,14.6,68412
NOIDATOLL,2017-10-11 09:21:00+05:30,14.5,14.8,14.2,14.2,47155
NOIDATOLL,2017-10-12 09:16:00+05:30,14.2,14.6,14.05,14.35,48317
NOIDATOLL,2017-10-13 09:22:00+05:30,14.15,14.8,14.1,14.15,169087
NOIDATOLL,2017-10-16 09:16:00+05:30,14.5,14.5,13.65,13.9,118985
NOIDATOLL,2017-10-17 09:21:00+05:30,13.9,14.0,13.55,13.85,106265
NOIDATOLL,2017-10-18 09:22:00+05:30,14.0,14.0,13.5,13.7,65575
NOIDATOLL,2017-10-23 09:16:00+05:30,14.2,14.6,13.5,13.95,226802
NOIDATOLL,2017-10-24 09:16:00+05:30,14.25,14.25,13.7,13.85,54968
NOIDATOLL,2017-10-25 09:15:00+05:30,13.75,14.1,13.5,13.55,48249
NOIDATOLL,2017-10-26 09:15:00+05:30,13.55,13.9,13.45,13.65,99697
NOIDATOLL,2017-10-27 09:20:00+05:30,13.7,13.75,13.5,13.6,75415
NOIDATOLL,2017-10-30 09:16:00+05:30,13.6,13.8,13.45,13.5,87487
NOIDATOLL,2017-10-31 09:17:00+05:30,13.85,13.85,13.05,13.15,77366
NOIDATOLL,2017-11-01 09:17:00+05:30,13.8,13.8,12.9,13.0,110499
NOIDATOLL,2017-11-02 09:19:00+05:30,13.45,13.45,12.75,12.85,91396
NOIDATOLL,2017-11-03 09:16:00+05:30,12.75,12.85,12.5,12.6,154357
NOIDATOLL,2017-11-06 09:15:00+05:30,12.6,12.6,12.0,12.05,172092
NOIDATOLL,2017-11-07 09:15:00+05:30,12.1,12.1,11.55,11.75,169083
NOIDATOLL,2017-11-08 09:20:00+05:30,11.85,12.3,11.75,12.3,150978
NOIDATOLL,2017-11-09 09:15:00+05:30,12.6,12.6,11.9,11.95,113472
NOIDATOLL,2017-11-10 09:27:00+05:30,11.8,12.2,11.8,12.1,85353
NOIDATOLL,2017-11-13 09:15:00+05:30,11.6,12.4,11.6,12.15,75131
NOIDATOLL,2017-11-14 09:21:00+05:30,11.8,12.75,11.8,12.3,168029
NOIDATOLL,2017-11-15 09:16:00+05:30,12.1,12.45,12.05,12.1,79965
NOIDATOLL,2017-11-16 09:16:00+05:30,11.55,12.25,11.55,12.1,73965
NOIDATOLL,2017-11-17 09:16:00+05:30,12.0,12.65,12.0,12.2,192642
NOIDATOLL,2017-11-20 09:15:00+05:30,12.6,12.6,12.1,12.35,91892
NOIDATOLL,2017-11-21 09:25:00+05:30,12.2,12.95,12.0,12.95,264786
NOIDATOLL,2017-11-22 09:15:00+05:30,13.4,13.55,12.7,12.9,198511
NOIDATOLL,2017-11-23 09:15:00+05:30,12.55,13.0,12.45,12.75,85118
NOIDATOLL,2017-11-24 09:22:00+05:30,12.75,12.9,12.4,12.45,68744
NOIDATOLL,2017-11-27 09:15:00+05:30,12.45,13.05,12.15,13.0,124654
NOIDATOLL,2017-11-28 09:17:00+05:30,13.0,13.25,12.85,13.0,62987
NOIDATOLL,2017-11-29 09:19:00+05:30,12.75,13.15,12.6,13.05,36886
NOIDATOLL,2017-11-30 09:15:00+05:30,13.15,13.3,13.0,13.15,86063
NOIDATOLL,2017-12-01 09:22:00+05:30,13.3,13.7,13.0,13.45,209490
NOIDATOLL,2017-12-04 09:15:00+05:30,13.45,14.1,13.45,14.0,539079
NOIDATOLL,2017-12-05 09:15:00+05:30,14.0,14.0,13.3,13.3,218443
NOIDATOLL,2017-12-06 09:15:00+05:30,13.3,13.6,12.95,13.45,122796
NOIDATOLL,2017-12-07 09:15:00+05:30,13.0,13.5,12.9,13.05,123660
NOIDATOLL,2017-12-08 09:15:00+05:30,13.05,13.4,13.0,13.15,79739
NOIDATOLL,2017-12-11 09:15:00+05:30,13.15,13.5,13.0,13.05,82394
NOIDATOLL,2017-12-12 09:15:00+05:30,13.3,13.3,12.75,12.8,84474
NOIDATOLL,2017-12-13 09:20:00+05:30,12.8,12.9,12.6,12.7,82674
NOIDATOLL,2017-12-14 09:17:00+05:30,12.6,13.0,12.55,12.8,211115
NOIDATOLL,2017-12-15 09:17:00+05:30,12.65,13.0,12.6,12.7,85255
NOIDATOLL,2017-12-18 09:15:00+05:30,13.1,13.1,12.65,12.85,129265
NOIDATOLL,2017-12-19 09:20:00+05:30,12.95,13.0,12.75,12.95,54048
NOIDATOLL,2017-12-20 09:15:00+05:30,13.0,13.4,12.65,13.05,118774
NOIDATOLL,2017-12-21 09:17:00+05:30,13.05,13.05,12.85,12.9,60712
NOIDATOLL,2017-12-22 09:19:00+05:30,12.8,13.5,12.8,13.1,183896
NOIDATOLL,2017-12-26 09:15:00+05:30,13.0,13.45,13.0,13.15,104086
NOIDATOLL,2017-12-27 09:18:00+05:30,13.35,13.35,13.0,13.15,80539
NOIDATOLL,2017-12-28 09:15:00+05:30,13.2,13.5,12.9,13.05,158025
NOIDATOLL,2017-12-29 09:15:00+05:30,13.05,13.45,13.0,13.1,115658
NOIDATOLL,2018-01-01 09:16:00+05:30,13.35,14.25,13.1,13.55,330161
NOIDATOLL,2018-01-02 09:15:00+05:30,13.55,14.45,13.1,13.5,251272
NOIDATOLL,2018-01-03 09:15:00+05:30,13.6,13.8,13.15,13.3,310079
NOIDATOLL,2018-01-04 09:15:00+05:30,13.6,13.6,13.15,13.4,217889
NOIDATOLL,2018-01-05 09:24:00+05:30,13.65,13.65,13.05,13.1,346640
NOIDATOLL,2018-01-08 09:15:00+05:30,13.05,13.35,12.8,12.9,402999
NOIDATOLL,2018-01-09 09:15:00+05:30,13.0,13.1,12.8,13.0,290114
NOIDATOLL,2018-01-10 09:18:00+05:30,13.0,13.15,12.8,12.85,126254
NOIDATOLL,2018-01-11 09:19:00+05:30,13.0,13.15,12.7,13.0,270170
NOIDATOLL,2018-01-12 09:15:00+05:30,12.85,13.4,12.8,13.0,266753
NOIDATOLL,2018-01-15 09:19:00+05:30,13.2,13.2,12.7,12.8,115511
NOIDATOLL,2018-01-16 09:16:00+05:30,13.0,13.0,12.6,12.7,97063
NOIDATOLL,2018-01-17 09:15:00+05:30,12.7,12.9,11.8,12.65,234939
NOIDATOLL,2018-01-18 09:15:00+05:30,12.6,12.85,12.25,12.3,202032
NOIDATOLL,2018-01-19 09:16:00+05:30,12.65,12.65,12.05,12.45,77279
NOIDATOLL,2018-01-22 09:17:00+05:30,12.45,13.65,12.3,13.65,997947
NOIDATOLL,2018-01-23 09:15:00+05:30,14.5,15.0,13.9,14.9,3285434
NOIDATOLL,2018-01-24 09:15:00+05:30,14.9,16.2,13.6,15.85,2349644
NOIDATOLL,2018-01-25 09:15:00+05:30,15.6,16.1,14.5,15.25,1075815
NOIDATOLL,2018-01-29 09:15:00+05:30,15.2,15.2,13.85,14.05,489858
NOIDATOLL,2018-01-30 09:16:00+05:30,14.0,15.0,13.65,14.1,483028
NOIDATOLL,2018-01-31 09:17:00+05:30,14.0,14.8,13.95,14.0,277737
NOIDATOLL,2018-02-01 09:15:00+05:30,14.0,14.45,13.55,13.8,261552
NOIDATOLL,2018-02-02 09:15:00+05:30,14.0,14.0,12.45,12.95,568361
NOIDATOLL,2018-02-05 09:15:00+05:30,12.2,14.2,12.2,13.45,620900
NOIDATOLL,2018-02-06 09:15:00+05:30,13.0,13.5,12.15,12.3,1122268
NOIDATOLL,2018-02-07 09:15:00+05:30,12.85,13.0,12.4,13.0,290879
NOIDATOLL,2018-02-08 09:16:00+05:30,13.4,13.6,12.9,13.0,447741
NOIDATOLL,2018-02-09 09:15:00+05:30,13.0,13.5,12.55,13.4,321793
NOIDATOLL,2018-02-12 09:15:00+05:30,13.4,14.0,13.25,13.7,362256
NOIDATOLL,2018-02-14 09:15:00+05:30,12.5,13.45,12.5,12.95,507789
NOIDATOLL,2018-02-15 09:15:00+05:30,13.2,13.2,12.75,12.85,151984
NOIDATOLL,2018-02-16 09:17:00+05:30,13.0,13.0,12.55,12.8,136670
NOIDATOLL,2018-02-19 09:17:00+05:30,13.0,13.05,12.45,12.95,164049
NOIDATOLL,2018-02-20 09:15:00+05:30,12.6,13.25,12.55,12.95,109504
NOIDATOLL,2018-02-21 09:17:00+05:30,12.9,13.25,12.85,12.95,89814
NOIDATOLL,2018-02-22 09:15:00+05:30,12.8,13.0,12.8,12.85,79478
NOIDATOLL,2018-02-23 09:21:00+05:30,13.0,13.0,12.85,12.9,73656
NOIDATOLL,2018-02-26 09:15:00+05:30,12.9,13.15,12.85,12.85,190255
NOIDATOLL,2018-02-27 09:16:00+05:30,13.15,13.15,12.85,12.95,60419
NOIDATOLL,2018-02-28 09:15:00+05:30,12.6,12.95,12.6,12.9,68197
NOIDATOLL,2018-03-01 09:17:00+05:30,13.1,13.1,12.75,12.9,24147
NOIDATOLL,2018-03-05 09:16:00+05:30,12.8,12.95,12.55,12.9,64737
NOIDATOLL,2018-03-06 09:15:00+05:30,12.55,12.95,12.55,12.75,143804
NOIDATOLL,2018-03-07 09:18:00+05:30,12.85,12.9,12.4,12.45,115016
NOIDATOLL,2018-03-08 09:17:00+05:30,12.35,12.85,12.35,12.55,94418
NOIDATOLL,2018-03-09 09:18:00+05:30,12.6,12.75,12.5,12.6,72091
NOIDATOLL,2018-03-12 09:16:00+05:30,12.8,12.95,12.4,12.5,107033
NOIDATOLL,2018-03-13 09:18:00+05:30,12.65,12.85,12.55,12.65,44613
NOIDATOLL,2018-03-14 09:15:00+05:30,12.95,13.05,12.6,12.95,98226
NOIDATOLL,2018-03-15 09:16:00+05:30,12.55,12.95,12.55,12.8,87102
NOIDATOLL,2018-03-16 09:16:00+05:30,12.8,12.8,12.55,12.65,137365
NOIDATOLL,2018-03-19 09:15:00+05:30,12.25,12.7,12.25,12.4,227431
NOIDATOLL,2018-03-20 09:20:00+05:30,12.55,12.55,12.35,12.45,158401
NOIDATOLL,2018-03-21 09:15:00+05:30,12.45,12.75,12.3,12.4,114956
NOIDATOLL,2018-03-22 09:15:00+05:30,12.3,12.6,12.2,12.2,113332
NOIDATOLL,2018-03-23 09:15:00+05:30,12.2,12.4,11.1,11.95,270093
NOIDATOLL,2018-03-26 09:15:00+05:30,12.35,12.35,11.6,11.85,450454
NOIDATOLL,2018-03-27 09:18:00+05:30,11.9,12.05,11.75,11.85,97459
NOIDATOLL,2018-03-28 09:17:00+05:30,11.85,12.2,11.6,12.05,62151
NOIDATOLL,2018-04-02 09:15:00+05:30,12.1,12.15,11.85,12.0,46672
NOIDATOLL,2018-04-03 09:17:00+05:30,12.05,12.9,11.9,12.7,2755749
NOIDATOLL,2018-04-04 09:16:00+05:30,12.9,13.3,12.2,12.25,139761
NOIDATOLL,2018-04-05 09:15:00+05:30,12.4,12.55,11.9,11.95,157606
NOIDATOLL,2018-04-06 09:15:00+05:30,12.35,12.35,11.95,12.1,544934
NOIDATOLL,2018-04-09 09:15:00+05:30,12.75,12.75,12.15,12.3,64377
NOIDATOLL,2018-04-10 09:15:00+05:30,12.5,12.5,12.05,12.45,26855
NOIDATOLL,2018-04-11 09:15:00+05:30,12.6,12.6,12.15,12.2,28616
NOIDATOLL,2018-04-12 09:17:00+05:30,12.35,12.4,12.0,12.05,16224
NOIDATOLL,2018-04-13 09:15:00+05:30,12.15,12.2,12.0,12.1,20616
NOIDATOLL,2018-04-16 09:16:00+05:30,12.15,12.15,11.8,11.95,35797
NOIDATOLL,2018-04-17 09:15:00+05:30,12.05,12.05,11.7,11.95,30584
NOIDATOLL,2018-04-18 09:15:00+05:30,12.0,12.1,11.8,11.85,19250
NOIDATOLL,2018-04-19 09:31:00+05:30,11.85,11.85,11.5,11.8,41149
NOIDATOLL,2018-04-20 09:15:00+05:30,11.55,11.9,11.55,11.6,23480
NOIDATOLL,2018-04-23 09:18:00+05:30,11.9,11.9,11.5,11.55,36053
NOIDATOLL,2018-04-24 09:15:00+05:30,11.6,11.8,11.15,11.25,61175
NOIDATOLL,2018-04-25 09:19:00+05:30,11.35,11.55,11.15,11.5,50143
NOIDATOLL,2018-04-26 09:18:00+05:30,11.5,13.0,11.4,11.65,44679
NOIDATOLL,2018-04-27 09:17:00+05:30,11.65,11.9,11.3,11.55,62066
NOIDATOLL,2018-04-30 09:16:00+05:30,11.85,11.85,11.0,11.15,83414
NOIDATOLL,2018-05-02 09:19:00+05:30,11.2,11.35,11.1,11.1,49977
NOIDATOLL,2018-05-03 09:24:00+05:30,11.1,11.25,10.8,10.95,45087
NOIDATOLL,2018-05-04 09:15:00+05:30,11.2,11.2,10.7,10.8,42316
NOIDATOLL,2018-05-07 09:15:00+05:30,10.95,11.4,10.85,11.0,57615
NOIDATOLL,2018-05-08 09:18:00+05:30,11.1,11.1,10.7,10.85,45059
NOIDATOLL,2018-05-09 09:25:00+05:30,10.9,11.0,10.8,10.8,61204
NOIDATOLL,2018-05-10 09:26:00+05:30,11.0,11.0,10.4,10.5,49446
NOIDATOLL,2018-05-11 09:22:00+05:30,10.5,10.7,10.15,10.25,83086
NOIDATOLL,2018-05-14 09:16:00+05:30,10.3,10.3,9.85,10.0,164344
NOIDATOLL,2018-05-15 09:33:00+05:30,10.1,10.2,9.8,9.9,49468
NOIDATOLL,2018-05-16 09:15:00+05:30,9.95,10.0,9.55,9.9,90852
NOIDATOLL,2018-05-17 09:17:00+05:30,9.95,9.95,9.6,9.7,65823
NOIDATOLL,2018-05-18 09:21:00+05:30,9.75,10.45,9.6,9.9,65158
NOIDATOLL,2018-05-21 09:15:00+05:30,10.75,10.75,9.95,10.1,69383
NOIDATOLL,2018-05-22 09:15:00+05:30,9.95,10.45,9.75,10.05,31240
NOIDATOLL,2018-05-23 09:19:00+05:30,10.3,10.3,9.9,10.0,26600
NOIDATOLL,2018-05-24 09:16:00+05:30,9.9,10.15,9.15,9.75,62357
NOIDATOLL,2018-05-25 09:33:00+05:30,9.85,9.85,9.1,9.6,233173
NOIDATOLL,2018-05-28 09:16:00+05:30,10.0,10.55,9.7,10.4,123951
NOIDATOLL,2018-05-29 09:18:00+05:30,10.4,10.45,10.0,10.1,39197
NOIDATOLL,2018-05-30 09:15:00+05:30,10.05,10.25,9.85,10.0,24815
NOIDATOLL,2018-05-31 09:19:00+05:30,10.05,10.2,9.8,10.1,34731
NOIDATOLL,2018-06-01 09:19:00+05:30,10.1,10.15,9.55,9.85,40190
NOIDATOLL,2018-06-04 09:17:00+05:30,9.65,10.3,9.55,9.65,48065
NOIDATOLL,2018-06-05 09:16:00+05:30,9.3,9.6,9.15,9.35,62505
NOIDATOLL,2018-06-06 09:15:00+05:30,9.9,9.9,9.0,9.15,115335
NOIDATOLL,2018-06-07 09:16:00+05:30,9.5,10.45,9.2,9.95,72836
NOIDATOLL,2018-06-08 09:16:00+05:30,9.5,10.05,9.5,9.95,35013
NOIDATOLL,2018-06-11 09:21:00+05:30,9.95,10.15,9.7,9.9,20524
NOIDATOLL,2018-06-12 09:28:00+05:30,9.9,10.05,9.55,9.75,58749
NOIDATOLL,2018-06-13 09:15:00+05:30,9.2,9.85,9.2,9.7,37696
NOIDATOLL,2018-06-14 09:18:00+05:30,9.75,9.95,9.5,9.55,25407
NOIDATOLL,2018-06-15 09:15:00+05:30,9.6,9.9,9.45,9.55,32408
NOIDATOLL,2018-06-18 09:15:00+05:30,9.55,9.85,9.0,9.45,64260
NOIDATOLL,2018-06-19 09:15:00+05:30,9.45,10.5,9.25,9.9,73395
NOIDATOLL,2018-06-20 09:17:00+05:30,9.8,10.0,9.55,9.85,38872
NOIDATOLL,2018-06-21 09:20:00+05:30,9.85,9.85,9.5,9.6,19312
NOIDATOLL,2018-06-22 09:18:00+05:30,9.6,10.3,9.3,9.65,30985
NOIDATOLL,2018-06-25 09:21:00+05:30,9.65,9.95,9.3,9.8,94814
NOIDATOLL,2018-06-26 09:22:00+05:30,10.0,10.0,9.45,9.5,48893
NOIDATOLL,2018-06-27 09:18:00+05:30,9.5,9.85,9.25,9.55,42407
NOIDATOLL,2018-06-28 09:29:00+05:30,9.55,10.0,9.3,9.8,53420
NOIDATOLL,2018-06-29 09:15:00+05:30,10.0,10.2,9.6,9.9,66712
NOIDATOLL,2018-07-02 09:17:00+05:30,9.9,9.9,9.4,9.75,90351
NOIDATOLL,2018-07-03 09:24:00+05:30,9.8,9.9,9.6,9.75,59924
NOIDATOLL,2018-07-04 09:18:00+05:30,9.45,9.95,9.45,9.65,27890
NOIDATOLL,2018-07-05 09:35:00+05:30,9.7,9.95,9.6,9.65,38237
NOIDATOLL,2018-07-06 09:15:00+05:30,9.4,11.2,9.25,10.35,268202
NOIDATOLL,2018-07-09 09:20:00+05:30,10.45,10.9,10.35,10.7,101184
NOIDATOLL,2018-07-10 09:15:00+05:30,10.6,11.1,10.35,10.6,50845
NOIDATOLL,2018-07-11 09:19:00+05:30,10.8,11.25,10.65,10.95,156659
NOIDATOLL,2018-07-12 09:15:00+05:30,10.95,11.1,10.5,10.6,39777
NOIDATOLL,2018-07-13 09:19:00+05:30,11.1,11.1,10.15,10.2,84098
NOIDATOLL,2018-07-16 09:19:00+05:30,10.2,10.2,9.5,9.6,41678
NOIDATOLL,2018-07-17 09:17:00+05:30,9.65,9.65,9.2,9.55,64605
NOIDATOLL,2018-07-18 09:23:00+05:30,9.95,9.95,9.35,9.55,15500
NOIDATOLL,2018-07-19 09:38:00+05:30,9.7,9.7,9.35,9.45,80662
NOIDATOLL,2018-07-20 09:15:00+05:30,9.45,9.6,9.3,9.45,48036
NOIDATOLL,2018-07-23 09:53:00+05:30,9.45,11.1,9.3,9.6,37685
NOIDATOLL,2018-07-24 09:15:00+05:30,9.65,10.3,9.5,10.05,89397
NOIDATOLL,2018-07-25 09:15:00+05:30,10.15,10.3,9.65,9.75,28141
NOIDATOLL,2018-07-26 09:28:00+05:30,9.8,9.95,9.6,9.65,19240
NOIDATOLL,2018-07-27 09:17:00+05:30,9.5,9.75,9.45,9.5,96950
NOIDATOLL,2018-07-30 09:15:00+05:30,9.5,10.15,9.5,10.1,77636
NOIDATOLL,2018-07-31 09:15:00+05:30,10.1,10.2,9.55,10.05,21410
NOIDATOLL,2018-08-01 09:18:00+05:30,10.05,10.15,9.7,9.95,23171
NOIDATOLL,2018-08-02 09:15:00+05:30,9.95,9.95,9.7,9.8,18422
NOIDATOLL,2018-08-03 09:15:00+05:30,9.8,10.0,9.75,9.95,57468
NOIDATOLL,2018-08-06 09:15:00+05:30,9.95,9.95,9.75,9.85,42188
NOIDATOLL,2018-08-07 09:40:00+05:30,9.95,9.95,9.8,9.8,16012
NOIDATOLL,2018-08-08 09:16:00+05:30,9.8,9.95,9.7,9.75,33348
NOIDATOLL,2018-08-09 09:17:00+05:30,9.65,9.9,9.65,9.75,47288
NOIDATOLL,2018-08-10 09:22:00+05:30,9.75,9.95,9.55,9.65,34037
NOIDATOLL,2018-08-13 09:15:00+05:30,9.35,9.8,9.35,9.65,47858
NOIDATOLL,2018-08-14 09:23:00+05:30,9.75,9.75,9.4,9.45,32046
NOIDATOLL,2018-08-16 09:15:00+05:30,9.5,9.55,9.35,9.45,81017
NOIDATOLL,2018-08-17 09:18:00+05:30,9.5,10.15,9.4,9.85,90693
NOIDATOLL,2018-08-20 09:15:00+05:30,9.85,10.0,9.5,9.7,68489
NOIDATOLL,2018-08-21 09:15:00+05:30,9.7,10.0,9.25,9.9,309647
NOIDATOLL,2018-08-23 09:15:00+05:30,9.95,10.2,9.7,9.9,90909
NOIDATOLL,2018-08-24 09:17:00+05:30,9.9,10.0,9.55,9.85,84099
NOIDATOLL,2018-08-27 09:20:00+05:30,9.9,10.1,9.8,10.0,61229
NOIDATOLL,2018-08-28 09:15:00+05:30,9.85,9.9,9.5,9.6,82283
NOIDATOLL,2018-08-29 09:15:00+05:30,9.65,9.65,9.3,9.45,176401
NOIDATOLL,2018-08-30 09:15:00+05:30,9.5,9.55,9.3,9.4,107942
NOIDATOLL,2018-08-31 09:15:00+05:30,9.45,9.5,9.2,9.35,192506
NOIDATOLL,2018-09-03 09:15:00+05:30,9.2,9.45,9.15,9.2,233036
NOIDATOLL,2018-09-04 09:15:00+05:30,9.25,9.4,9.0,9.05,91974
NOIDATOLL,2018-09-05 09:15:00+05:30,8.55,9.1,8.55,8.9,78894
NOIDATOLL,2018-09-06 09:15:00+05:30,8.75,9.25,8.75,9.15,44134
NOIDATOLL,2018-09-07 09:15:00+05:30,9.1,9.15,8.8,9.05,78957
NOIDATOLL,2018-09-10 09:15:00+05:30,9.05,9.1,8.7,8.9,53277
NOIDATOLL,2018-09-11 09:15:00+05:30,8.9,9.35,8.9,9.0,194724
NOIDATOLL,2018-09-12 09:15:00+05:30,9.0,9.05,8.8,8.95,27968
NOIDATOLL,2018-09-14 09:17:00+05:30,8.95,9.25,8.7,8.9,53657
NOIDATOLL,2018-09-17 09:16:00+05:30,8.9,8.95,8.7,8.85,14374
NOIDATOLL,2018-09-18 09:16:00+05:30,8.95,8.95,8.2,8.45,155807
NOIDATOLL,2018-09-19 09:20:00+05:30,8.55,9.2,8.15,8.7,56469
NOIDATOLL,2018-09-21 09:15:00+05:30,8.7,8.75,7.5,8.0,105422
NOIDATOLL,2018-09-24 09:15:00+05:30,8.0,8.0,7.0,7.35,354731
NOIDATOLL,2018-09-25 09:15:00+05:30,7.9,8.0,7.3,7.8,245477
NOIDATOLL,2018-09-26 09:15:00+05:30,7.85,8.15,7.7,7.85,23699
NOIDATOLL,2018-09-27 09:34:00+05:30,7.85,7.95,7.2,7.45,143615
NOIDATOLL,2018-09-28 09:17:00+05:30,7.45,7.55,6.7,6.9,115161
NOIDATOLL,2018-10-01 09:15:00+05:30,6.95,8.25,6.25,7.85,404300
NOIDATOLL,2018-10-03 09:15:00+05:30,8.05,9.4,7.8,8.65,472091
NOIDATOLL,2018-10-04 09:17:00+05:30,8.65,9.5,8.65,9.05,537506
NOIDATOLL,2018-10-05 09:15:00+05:30,9.15,9.25,8.3,8.45,118457
NOIDATOLL,2018-10-08 09:15:00+05:30,7.65,8.45,7.65,7.8,51191
NOIDATOLL,2018-10-09 09:16:00+05:30,7.85,8.25,7.5,7.6,275714
NOIDATOLL,2018-10-10 09:15:00+05:30,7.65,8.1,7.4,7.8,58196
NOIDATOLL,2018-10-11 09:22:00+05:30,7.8,7.8,7.3,7.55,30260
NOIDATOLL,2018-10-12 09:19:00+05:30,7.65,7.85,7.45,7.5,30316
NOIDATOLL,2018-10-15 09:15:00+05:30,7.05,7.55,7.05,7.45,21846
NOIDATOLL,2018-10-16 09:16:00+05:30,7.55,8.1,7.25,7.4,78632
NOIDATOLL,2018-10-17 09:15:00+05:30,7.45,8.0,6.65,7.25,317774
NOIDATOLL,2018-10-19 09:16:00+05:30,7.3,7.65,6.65,7.55,73012
NOIDATOLL,2018-10-22 09:15:00+05:30,7.15,7.55,7.1,7.2,12220
NOIDATOLL,2018-10-23 09:15:00+05:30,7.2,8.0,7.05,7.3,53011
NOIDATOLL,2018-10-24 09:15:00+05:30,7.35,7.45,7.2,7.3,20786
NOIDATOLL,2018-10-25 09:16:00+05:30,7.3,7.35,7.0,7.05,19791
NOIDATOLL,2018-10-26 09:15:00+05:30,7.15,7.15,6.6,6.75,72230
NOIDATOLL,2018-10-29 09:16:00+05:30,6.85,7.05,6.7,6.9,42121
NOIDATOLL,2018-10-30 09:15:00+05:30,6.95,7.9,6.85,7.75,153622
NOIDATOLL,2018-10-31 09:18:00+05:30,7.85,8.25,7.35,8.1,134317
NOIDATOLL,2018-11-01 09:15:00+05:30,8.15,9.0,7.9,8.55,212973
NOIDATOLL,2018-11-02 09:15:00+05:30,8.55,8.55,7.95,8.05,78258
NOIDATOLL,2018-11-05 09:15:00+05:30,8.05,8.15,7.75,7.85,24932
NOIDATOLL,2018-11-06 09:17:00+05:30,7.95,8.25,7.55,7.95,72323
NOIDATOLL,2018-11-09 09:15:00+05:30,8.35,8.55,8.0,8.45,22187
NOIDATOLL,2018-11-12 09:53:00+05:30,8.45,9.4,8.05,9.3,490984
NOIDATOLL,2018-11-13 09:15:00+05:30,9.3,9.3,8.7,8.85,55078
NOIDATOLL,2018-11-14 09:15:00+05:30,8.9,8.95,8.5,8.55,30482
NOIDATOLL,2018-11-15 09:15:00+05:30,8.55,8.8,8.2,8.3,30671
NOIDATOLL,2018-11-16 09:23:00+05:30,8.3,8.35,7.85,8.0,49936
NOIDATOLL,2018-11-19 09:15:00+05:30,8.4,8.4,7.9,8.05,34412
NOIDATOLL,2018-11-20 09:16:00+05:30,8.1,8.4,7.7,8.1,30436
NOIDATOLL,2018-11-21 09:20:00+05:30,8.15,8.6,8.05,8.45,65903
NOIDATOLL,2018-11-22 09:17:00+05:30,8.15,9.25,8.15,9.1,328427
NOIDATOLL,2018-11-26 09:15:00+05:30,9.0,9.0,8.2,8.5,44313
NOIDATOLL,2018-11-27 09:15:00+05:30,8.5,8.75,8.25,8.35,24110
NOIDATOLL,2018-11-28 09:18:00+05:30,8.35,8.55,8.2,8.25,13892
NOIDATOLL,2018-11-29 09:22:00+05:30,8.3,8.4,8.15,8.2,7223
NOIDATOLL,2018-11-30 09:17:00+05:30,8.0,8.4,8.0,8.2,30196
NOIDATOLL,2018-12-03 00:00:00+05:30,8.25,8.6,8.05,8.55,41699
NOIDATOLL,2018-12-04 00:00:00+05:30,9.0,9.3,8.5,9.25,606018
NOIDATOLL,2018-12-05 00:00:00+05:30,9.25,9.25,8.5,8.55,39633
NOIDATOLL,2018-12-06 00:00:00+05:30,8.65,8.65,8.2,8.25,38136
NOIDATOLL,2018-12-07 00:00:00+05:30,8.5,8.5,8.2,8.2,33319
NOIDATOLL,2018-12-10 00:00:00+05:30,8.1,8.15,7.7,7.85,25557
NOIDATOLL,2018-12-11 00:00:00+05:30,7.7,8.2,7.5,8.05,48346
NOIDATOLL,2018-12-12 00:00:00+05:30,8.45,8.45,8.0,8.1,31487
NOIDATOLL,2018-12-13 00:00:00+05:30,8.25,8.3,8.0,8.05,34914
NOIDATOLL,2018-12-14 00:00:00+05:30,8.05,8.25,7.9,8.05,30167
NOIDATOLL,2018-12-17 00:00:00+05:30,7.8,8.25,7.8,7.95,23041
NOIDATOLL,2018-12-18 00:00:00+05:30,7.95,8.15,7.7,7.9,31368
NOIDATOLL,2018-12-19 00:00:00+05:30,8.05,8.2,7.85,8.05,17622
NOIDATOLL,2018-12-20 00:00:00+05:30,8.5,8.5,8.0,8.05,14171
NOIDATOLL,2018-12-21 00:00:00+05:30,8.1,8.25,7.9,7.95,21045
NOIDATOLL,2018-12-24 00:00:00+05:30,8.1,8.25,7.9,7.95,30232
NOIDATOLL,2018-12-26 00:00:00+05:30,7.95,8.05,7.85,7.95,6780
NOIDATOLL,2018-12-27 00:00:00+05:30,8.0,8.15,7.8,7.95,34962
NOIDATOLL,2018-12-28 00:00:00+05:30,8.0,8.1,7.85,7.95,10073
NOIDATOLL,2018-12-31 00:00:00+05:30,7.9,8.15,7.8,7.9,20317
NOIDATOLL,2019-01-01 00:00:00+05:30,7.9,8.1,7.7,7.8,26329
NOIDATOLL,2019-01-02 00:00:00+05:30,7.85,8.0,7.7,7.95,9826
NOIDATOLL,2019-01-03 00:00:00+05:30,8.05,8.05,7.85,7.95,11406
NOIDATOLL,2019-01-04 00:00:00+05:30,7.85,7.95,7.8,7.85,9256
NOIDATOLL,2019-01-07 00:00:00+05:30,7.85,8.0,7.7,7.75,22387
NOIDATOLL,2019-01-08 00:00:00+05:30,7.75,7.75,7.4,7.45,105344
NOIDATOLL,2019-01-09 00:00:00+05:30,7.45,7.5,7.3,7.45,43824
NOIDATOLL,2019-01-10 00:00:00+05:30,7.1,7.5,7.1,7.25,108320
NOIDATOLL,2019-01-11 00:00:00+05:30,7.25,7.45,7.2,7.3,91787
NOIDATOLL,2019-01-14 00:00:00+05:30,7.2,7.5,7.1,7.15,70570
NOIDATOLL,2019-01-15 00:00:00+05:30,7.25,7.3,7.15,7.15,37653
NOIDATOLL,2019-01-16 00:00:00+05:30,7.2,7.3,7.15,7.15,21287
NOIDATOLL,2019-01-17 00:00:00+05:30,7.2,7.3,7.15,7.15,10266
NOIDATOLL,2019-01-18 00:00:00+05:30,7.15,7.3,7.05,7.1,11119
NOIDATOLL,2019-01-21 00:00:00+05:30,7.25,7.35,6.9,6.9,31839
NOIDATOLL,2019-01-22 00:00:00+05:30,6.95,7.25,6.9,6.95,47701
NOIDATOLL,2019-01-23 00:00:00+05:30,7.25,7.25,6.9,6.95,46571
NOIDATOLL,2019-01-24 00:00:00+05:30,6.9,7.2,6.9,7.1,50990
NOIDATOLL,2019-01-25 00:00:00+05:30,7.15,7.3,7.0,7.2,54635
NOIDATOLL,2019-01-28 00:00:00+05:30,7.2,7.3,6.5,6.7,37834
NOIDATOLL,2019-01-29 00:00:00+05:30,6.55,6.95,6.55,6.65,26003
NOIDATOLL,2019-01-30 00:00:00+05:30,6.7,7.1,6.55,6.85,13880
NOIDATOLL,2019-01-31 00:00:00+05:30,7.6,7.6,6.7,6.8,42767
NOIDATOLL,2019-02-01 00:00:00+05:30,6.85,6.9,6.6,6.65,40244
NOIDATOLL,2019-02-04 00:00:00+05:30,6.5,6.95,6.5,6.65,22980
NOIDATOLL,2019-02-05 00:00:00+05:30,6.7,6.75,6.35,6.45,61196
NOIDATOLL,2019-02-06 00:00:00+05:30,6.5,6.75,5.3,6.5,118639
NOIDATOLL,2019-02-07 00:00:00+05:30,6.5,6.5,5.95,6.25,31687
NOIDATOLL,2019-02-08 00:00:00+05:30,6.35,6.5,5.75,5.95,40316
NOIDATOLL,2019-02-11 00:00:00+05:30,5.95,6.1,5.55,5.85,46443
NOIDATOLL,2019-02-12 00:00:00+05:30,5.85,6.1,5.85,6.0,23344
NOIDATOLL,2019-02-13 00:00:00+05:30,5.95,6.15,5.75,5.9,47024
NOIDATOLL,2019-02-14 00:00:00+05:30,5.9,6.0,5.5,5.75,22729
NOIDATOLL,2019-02-15 00:00:00+05:30,5.5,6.0,4.6,5.65,189551
NOIDATOLL,2019-02-18 00:00:00+05:30,6.0,6.0,5.0,5.6,211872
NOIDATOLL,2019-02-19 00:00:00+05:30,5.6,5.85,5.3,5.4,34087
NOIDATOLL,2019-02-20 00:00:00+05:30,5.4,5.5,5.2,5.45,64340
NOIDATOLL,2019-02-21 00:00:00+05:30,5.45,5.5,5.15,5.4,66342
NOIDATOLL,2019-02-22 00:00:00+05:30,5.5,5.95,5.4,5.85,40339
NOIDATOLL,2019-02-25 00:00:00+05:30,5.9,6.25,5.8,6.05,20512
NOIDATOLL,2019-02-26 00:00:00+05:30,6.15,6.15,5.5,5.8,14666
NOIDATOLL,2019-02-27 00:00:00+05:30,5.8,6.1,5.55,5.8,16576
NOIDATOLL,2019-02-28 00:00:00+05:30,5.8,6.3,5.6,5.9,25030
NOIDATOLL,2019-03-01 00:00:00+05:30,5.9,6.15,5.75,5.8,35937
NOIDATOLL,2019-03-05 00:00:00+05:30,5.8,5.95,5.1,5.75,302267
NOIDATOLL,2019-03-06 00:00:00+05:30,6.0,6.2,5.8,6.05,496556
NOIDATOLL,2019-03-07 00:00:00+05:30,6.45,6.45,5.9,6.0,405409
NOIDATOLL,2019-03-08 00:00:00+05:30,6.3,6.3,5.9,5.95,40142
NOIDATOLL,2019-03-11 00:00:00+05:30,6.0,6.45,5.8,5.9,137081
NOIDATOLL,2019-03-12 00:00:00+05:30,6.0,6.1,5.8,5.9,36552
NOIDATOLL,2019-03-13 00:00:00+05:30,6.05,6.05,5.65,5.75,101859
NOIDATOLL,2019-03-14 00:00:00+05:30,5.75,5.95,4.8,5.6,102225
NOIDATOLL,2019-03-15 00:00:00+05:30,5.6,5.75,5.55,5.6,38694
NOIDATOLL,2019-03-18 00:00:00+05:30,5.6,5.75,5.4,5.45,47818
NOIDATOLL,2019-03-19 00:00:00+05:30,5.45,5.45,5.15,5.25,1524088
NOIDATOLL,2019-03-20 00:00:00+05:30,5.45,6.3,5.45,6.3,594457
NOIDATOLL,2019-03-22 00:00:00+05:30,6.7,6.8,6.0,6.1,367449
NOIDATOLL,2019-03-25 00:00:00+05:30,6.1,6.1,5.7,5.8,141572
NOIDATOLL,2019-03-26 00:00:00+05:30,5.8,5.8,5.3,5.6,189256
NOIDATOLL,2019-03-27 00:00:00+05:30,5.6,5.85,5.5,5.65,200981
NOIDATOLL,2019-03-28 00:00:00+05:30,5.95,5.95,5.45,5.65,143953
NOIDATOLL,2019-03-29 00:00:00+05:30,5.65,5.7,5.4,5.45,125400
NOIDATOLL,2019-04-01 00:00:00+05:30,5.3,5.95,5.3,5.75,143879
NOIDATOLL,2019-04-02 00:00:00+05:30,5.75,5.9,5.55,5.8,183213
NOIDATOLL,2019-04-03 00:00:00+05:30,5.8,5.85,5.6,5.65,64645
NOIDATOLL,2019-04-04 00:00:00+05:30,5.55,5.7,5.55,5.6,23201
NOIDATOLL,2019-04-05 00:00:00+05:30,5.6,5.65,5.5,5.55,121444
NOIDATOLL,2019-04-08 00:00:00+05:30,5.55,5.8,5.55,5.55,42540
NOIDATOLL,2019-04-09 00:00:00+05:30,5.55,5.75,5.5,5.55,37862
NOIDATOLL,2019-04-10 00:00:00+05:30,5.6,5.9,5.5,5.7,50083
NOIDATOLL,2019-04-11 00:00:00+05:30,5.8,5.8,5.6,5.65,23600
NOIDATOLL,2019-04-12 00:00:00+05:30,5.6,5.6,5.15,5.25,379303
NOIDATOLL,2019-04-15 00:00:00+05:30,5.3,5.6,5.3,5.4,113798
NOIDATOLL,2019-04-16 00:00:00+05:30,5.4,5.6,5.3,5.3,78701
NOIDATOLL,2019-04-18 00:00:00+05:30,5.4,5.4,5.2,5.25,39884
NOIDATOLL,2019-04-22 00:00:00+05:30,5.1,5.4,5.1,5.3,58714
NOIDATOLL,2019-04-23 00:00:00+05:30,5.35,5.55,5.25,5.35,66559
NOIDATOLL,2019-04-24 00:00:00+05:30,5.35,5.5,5.35,5.5,75240
NOIDATOLL,2019-04-25 00:00:00+05:30,5.5,5.5,5.3,5.35,48693
NOIDATOLL,2019-04-26 00:00:00+05:30,5.35,5.45,5.2,5.4,64233
NOIDATOLL,2019-04-30 00:00:00+05:30,5.4,5.5,5.25,5.35,41153
NOIDATOLL,2019-05-02 00:00:00+05:30,5.45,5.45,5.25,5.35,20714
NOIDATOLL,2019-05-03 00:00:00+05:30,5.25,5.4,5.1,5.3,59562
NOIDATOLL,2019-05-06 00:00:00+05:30,5.3,5.35,5.05,5.15,36435
NOIDATOLL,2019-05-07 00:00:00+05:30,5.05,5.2,5.05,5.1,15961
NOIDATOLL,2019-05-08 00:00:00+05:30,5.2,5.2,5.0,5.1,50285
NOIDATOLL,2019-05-09 00:00:00+05:30,5.1,5.15,4.95,5.0,17863
NOIDATOLL,2019-05-10 00:00:00+05:30,5.0,5.15,5.0,5.1,16063
NOIDATOLL,2019-05-13 00:00:00+05:30,5.1,5.1,4.7,5.0,23970
NOIDATOLL,2019-05-14 00:00:00+05:30,5.05,5.1,4.9,4.95,35038
NOIDATOLL,2019-05-15 00:00:00+05:30,4.95,5.15,4.8,4.8,31599
NOIDATOLL,2019-05-16 00:00:00+05:30,4.9,4.9,4.55,4.6,28929
NOIDATOLL,2019-05-17 00:00:00+05:30,4.65,4.65,4.55,4.55,18503
NOIDATOLL,2019-05-20 00:00:00+05:30,4.5,4.95,4.5,4.55,28450
NOIDATOLL,2019-05-21 00:00:00+05:30,4.95,5.15,4.6,4.95,93684
NOIDATOLL,2019-05-22 00:00:00+05:30,4.9,5.1,4.65,4.8,149707
NOIDATOLL,2019-05-23 00:00:00+05:30,4.8,4.9,4.6,4.6,133588
NOIDATOLL,2019-05-24 00:00:00+05:30,4.8,4.8,4.55,4.6,50433
NOIDATOLL,2019-05-27 00:00:00+05:30,4.6,4.75,4.55,4.65,40884
NOIDATOLL,2019-05-28 00:00:00+05:30,4.7,4.7,4.55,4.65,70821
NOIDATOLL,2019-05-29 00:00:00+05:30,4.65,4.7,4.6,4.65,33002
NOIDATOLL,2019-05-30 00:00:00+05:30,4.65,4.75,4.65,4.65,43964
NOIDATOLL,2019-05-31 00:00:00+05:30,4.65,4.75,4.55,4.6,44175
NOIDATOLL,2019-06-03 00:00:00+05:30,4.5,4.7,4.5,4.6,68205
NOIDATOLL,2019-06-04 00:00:00+05:30,4.6,4.65,4.5,4.5,81536
NOIDATOLL,2019-06-06 00:00:00+05:30,4.6,4.6,4.35,4.4,119783
NOIDATOLL,2019-06-07 00:00:00+05:30,4.4,4.45,4.2,4.25,61475
NOIDATOLL,2019-06-10 00:00:00+05:30,4.25,4.55,4.05,4.3,56792
NOIDATOLL,2019-06-11 00:00:00+05:30,4.4,4.4,4.15,4.2,39783
NOIDATOLL,2019-06-12 00:00:00+05:30,4.25,4.35,3.75,3.95,155718
NOIDATOLL,2019-06-13 00:00:00+05:30,4.0,4.15,3.65,3.8,205740
NOIDATOLL,2019-06-14 00:00:00+05:30,3.8,4.0,3.65,3.95,86116
NOIDATOLL,2019-06-17 00:00:00+05:30,3.95,3.95,3.7,3.75,61403
NOIDATOLL,2019-06-18 00:00:00+05:30,3.8,3.9,3.4,3.4,75270
NOIDATOLL,2019-06-19 00:00:00+05:30,3.45,3.5,3.1,3.5,172156
NOIDATOLL,2019-06-20 00:00:00+05:30,3.5,3.55,3.3,3.5,44860
NOIDATOLL,2019-06-21 00:00:00+05:30,3.5,3.5,3.3,3.45,17527
NOIDATOLL,2019-06-24 00:00:00+05:30,3.5,3.5,3.2,3.25,22346
NOIDATOLL,2019-06-25 00:00:00+05:30,3.2,3.35,3.2,3.3,15131
NOIDATOLL,2019-06-26 00:00:00+05:30,3.25,3.45,3.25,3.35,21782
NOIDATOLL,2019-06-27 00:00:00+05:30,3.55,3.55,3.35,3.5,48271
NOIDATOLL,2019-06-28 00:00:00+05:30,3.65,3.7,3.5,3.5,23762
NOIDATOLL,2019-07-01 00:00:00+05:30,3.35,3.5,3.35,3.45,11370
NOIDATOLL,2019-07-02 00:00:00+05:30,3.6,3.6,3.45,3.6,25006
NOIDATOLL,2019-07-03 00:00:00+05:30,3.6,3.65,3.5,3.6,18943
NOIDATOLL,2019-07-04 00:00:00+05:30,3.6,3.85,3.45,3.75,37525
NOIDATOLL,2019-07-05 00:00:00+05:30,4.0,4.0,3.6,3.65,14116
NOIDATOLL,2019-07-08 00:00:00+05:30,3.65,4.25,3.65,3.95,87192
NOIDATOLL,2019-07-09 00:00:00+05:30,3.9,4.1,3.8,3.85,26786
NOIDATOLL,2019-07-10 00:00:00+05:30,3.65,4.05,3.65,3.75,14758
NOIDATOLL,2019-07-11 00:00:00+05:30,3.95,3.95,3.6,3.6,19212
NOIDATOLL,2019-07-12 00:00:00+05:30,3.65,3.9,3.6,3.6,40175
NOIDATOLL,2019-07-15 00:00:00+05:30,3.6,3.7,3.45,3.55,28519
NOIDATOLL,2019-07-16 00:00:00+05:30,3.85,3.85,3.4,3.45,37323
NOIDATOLL,2019-07-17 00:00:00+05:30,3.6,3.6,3.3,3.45,46193
NOIDATOLL,2019-07-18 00:00:00+05:30,3.5,3.75,3.35,3.55,36957
NOIDATOLL,2019-07-19 00:00:00+05:30,3.5,3.55,2.95,3.2,124181
NOIDATOLL,2019-07-22 00:00:00+05:30,3.15,3.3,2.9,3.1,38912
NOIDATOLL,2019-07-23 00:00:00+05:30,3.1,3.25,2.95,3.15,53858
NOIDATOLL,2019-07-24 00:00:00+05:30,3.15,3.2,3.1,3.1,16097
NOIDATOLL,2019-07-25 00:00:00+05:30,3.1,3.2,2.9,3.0,28433
NOIDATOLL,2019-07-26 00:00:00+05:30,3.0,3.25,3.0,3.1,25247
NOIDATOLL,2019-07-29 00:00:00+05:30,3.1,3.25,2.6,3.1,128953
NOIDATOLL,2019-07-30 00:00:00+05:30,3.1,3.1,2.7,2.8,80189
NOIDATOLL,2019-07-31 00:00:00+05:30,2.85,2.85,2.6,2.7,43577
NOIDATOLL,2019-08-01 00:00:00+05:30,2.7,3.0,2.3,2.85,183193
NOIDATOLL,2019-08-02 00:00:00+05:30,3.0,3.4,2.65,3.4,178568
NOIDATOLL,2019-08-05 00:00:00+05:30,3.3,3.8,3.15,3.35,128146
NOIDATOLL,2019-08-06 00:00:00+05:30,3.4,3.45,3.15,3.3,20864
NOIDATOLL,2019-08-07 00:00:00+05:30,3.7,3.7,3.25,3.3,58603
NOIDATOLL,2019-08-08 00:00:00+05:30,3.35,3.5,3.25,3.4,24617
NOIDATOLL,2019-08-09 00:00:00+05:30,3.65,3.65,3.15,3.3,41509
NOIDATOLL,2019-08-13 00:00:00+05:30,3.3,3.5,3.05,3.1,53735
NOIDATOLL,2019-08-14 00:00:00+05:30,3.3,3.55,3.15,3.4,126225
NOIDATOLL,2019-08-16 00:00:00+05:30,3.4,3.45,3.2,3.4,23715
NOIDATOLL,2019-08-19 00:00:00+05:30,3.7,3.7,3.3,3.4,31454
NOIDATOLL,2019-08-20 00:00:00+05:30,3.45,3.45,3.25,3.25,13085
NOIDATOLL,2019-08-21 00:00:00+05:30,3.25,3.35,3.1,3.25,35654
NOIDATOLL,2019-08-22 00:00:00+05:30,3.25,3.85,2.9,3.3,114333
NOIDATOLL,2019-08-23 00:00:00+05:30,3.3,3.3,2.95,3.15,162520
NOIDATOLL,2019-08-26 00:00:00+05:30,3.05,3.3,3.0,3.1,8422
NOIDATOLL,2019-08-27 00:00:00+05:30,3.1,3.35,3.05,3.15,47374
NOIDATOLL,2019-08-28 00:00:00+05:30,3.1,3.35,3.1,3.2,50786
NOIDATOLL,2019-08-29 00:00:00+05:30,3.35,3.8,3.05,3.75,216584
NOIDATOLL,2019-08-30 00:00:00+05:30,4.05,4.1,3.6,3.85,116008
NOIDATOLL,2019-09-03 00:00:00+05:30,4.05,4.05,3.55,3.95,60563
NOIDATOLL,2019-09-04 00:00:00+05:30,4.1,4.7,3.85,4.7,275824
NOIDATOLL,2019-09-05 00:00:00+05:30,5.1,5.15,4.6,5.15,94086
NOIDATOLL,2019-09-06 00:00:00+05:30,5.5,5.6,5.2,5.55,161619
NOIDATOLL,2019-09-09 00:00:00+05:30,6.0,6.1,5.25,5.95,185478
NOIDATOLL,2019-09-11 00:00:00+05:30,5.9,6.05,5.7,5.75,131484
NOIDATOLL,2019-09-12 00:00:00+05:30,5.95,6.0,5.75,5.8,161114
NOIDATOLL,2019-09-13 00:00:00+05:30,5.8,6.05,5.65,5.95,137417
NOIDATOLL,2019-09-16 00:00:00+05:30,5.95,5.95,5.7,5.75,112399
NOIDATOLL,2019-09-17 00:00:00+05:30,5.75,5.9,5.5,5.5,40364
NOIDATOLL,2019-09-18 00:00:00+05:30,5.5,5.75,5.25,5.75,52759
NOIDATOLL,2019-09-19 00:00:00+05:30,5.75,6.0,5.5,5.95,79304
NOIDATOLL,2019-09-20 00:00:00+05:30,5.95,5.95,5.7,5.7,17927
NOIDATOLL,2019-09-23 00:00:00+05:30,5.7,5.7,5.45,5.5,27762
NOIDATOLL,2019-09-24 00:00:00+05:30,5.5,5.5,5.25,5.25,17604
NOIDATOLL,2019-09-25 00:00:00+05:30,5.25,5.25,5.0,5.0,374934
NOIDATOLL,2019-09-26 00:00:00+05:30,4.9,5.25,4.75,5.0,78023
NOIDATOLL,2019-09-27 00:00:00+05:30,5.0,5.2,4.75,4.8,9913
NOIDATOLL,2019-09-30 00:00:00+05:30,5.0,5.0,4.6,4.95,27205
NOIDATOLL,2019-10-01 00:00:00+05:30,4.95,4.95,4.75,4.85,3839
NOIDATOLL,2019-10-03 00:00:00+05:30,4.85,4.85,4.65,4.65,4750
NOIDATOLL,2019-10-04 00:00:00+05:30,4.65,4.65,4.45,4.45,5777
NOIDATOLL,2019-10-07 00:00:00+05:30,4.25,4.65,4.25,4.25,34920
NOIDATOLL,2019-10-09 00:00:00+05:30,4.25,4.3,4.05,4.05,12967
NOIDATOLL,2019-10-10 00:00:00+05:30,3.9,4.25,3.85,4.1,15699
NOIDATOLL,2019-10-11 00:00:00+05:30,4.1,4.15,3.9,3.95,7299
NOIDATOLL,2019-10-14 00:00:00+05:30,3.9,4.05,3.8,3.8,18159
NOIDATOLL,2019-10-15 00:00:00+05:30,3.8,3.95,3.65,3.7,22819
NOIDATOLL,2019-10-16 00:00:00+05:30,3.55,3.8,3.55,3.55,51017
NOIDATOLL,2019-10-17 00:00:00+05:30,3.55,3.7,3.45,3.6,13882
NOIDATOLL,2019-10-18 00:00:00+05:30,3.6,3.75,3.45,3.55,15371
NOIDATOLL,2019-10-22 00:00:00+05:30,3.45,3.7,3.45,3.55,51576
NOIDATOLL,2019-10-23 00:00:00+05:30,3.5,3.65,3.4,3.5,29848
NOIDATOLL,2019-10-24 00:00:00+05:30,3.5,3.55,3.35,3.35,14075
NOIDATOLL,2019-10-25 00:00:00+05:30,3.35,3.5,3.35,3.4,24310
NOIDATOLL,2019-10-27 00:00:00+05:30,3.4,3.55,3.35,3.4,14627
NOIDATOLL,2019-10-29 00:00:00+05:30,3.4,3.55,3.4,3.55,9100
NOIDATOLL,2019-10-30 00:00:00+05:30,3.7,3.7,3.7,3.7,4211
NOIDATOLL,2019-10-31 00:00:00+05:30,3.85,3.85,3.85,3.85,15772
NOIDATOLL,2019-11-01 00:00:00+05:30,4.0,4.0,4.0,4.0,74714
NOIDATOLL,2019-11-04 00:00:00+05:30,4.2,4.2,3.9,4.15,45374
NOIDATOLL,2019-11-05 00:00:00+05:30,4.0,4.25,3.95,4.05,16761
NOIDATOLL,2019-11-06 00:00:00+05:30,4.05,4.2,4.0,4.15,7165
NOIDATOLL,2019-11-07 00:00:00+05:30,4.0,4.35,4.0,4.25,30989
NOIDATOLL,2019-11-08 00:00:00+05:30,4.25,4.25,4.05,4.15,21550
NOIDATOLL,2019-11-11 00:00:00+05:30,4.15,4.3,4.05,4.1,25391
NOIDATOLL,2019-11-13 00:00:00+05:30,3.95,4.1,3.95,4.0,5938
NOIDATOLL,2019-11-14 00:00:00+05:30,4.0,4.15,3.95,4.0,37255
NOIDATOLL,2019-11-15 00:00:00+05:30,3.9,4.2,3.9,4.05,137987
NOIDATOLL,2019-11-18 00:00:00+05:30,3.9,4.2,3.9,3.9,16803
NOIDATOLL,2019-11-19 00:00:00+05:30,3.85,4.05,3.8,3.85,24724
NOIDATOLL,2019-11-20 00:00:00+05:30,3.85,4.0,3.8,3.9,50317
NOIDATOLL,2019-11-21 00:00:00+05:30,4.05,4.05,3.9,4.05,11676
NOIDATOLL,2019-11-22 00:00:00+05:30,4.15,4.2,3.9,4.15,70746
NOIDATOLL,2019-11-25 00:00:00+05:30,4.0,4.25,3.95,4.2,53660
NOIDATOLL,2019-11-26 00:00:00+05:30,4.2,4.2,4.0,4.1,13737
NOIDATOLL,2019-11-27 00:00:00+05:30,4.2,4.25,4.05,4.15,40193
NOIDATOLL,2019-11-28 00:00:00+05:30,4.15,4.15,3.95,3.95,119760
NOIDATOLL,2019-11-29 00:00:00+05:30,3.95,4.05,3.9,4.05,27640
NOIDATOLL,2019-12-02 00:00:00+05:30,4.05,4.15,3.9,3.9,11915
NOIDATOLL,2019-12-03 00:00:00+05:30,3.9,4.0,3.85,3.85,38962
NOIDATOLL,2019-12-04 00:00:00+05:30,3.85,3.95,3.8,3.9,41633
NOIDATOLL,2019-12-05 00:00:00+05:30,3.9,4.0,3.75,3.85,69228
NOIDATOLL,2019-12-06 00:00:00+05:30,3.85,3.85,3.7,3.7,13642
NOIDATOLL,2019-12-09 00:00:00+05:30,3.6,3.6,3.55,3.55,11603
NOIDATOLL,2019-12-10 00:00:00+05:30,3.4,3.55,3.4,3.4,39649
NOIDATOLL,2019-12-11 00:00:00+05:30,3.25,3.4,3.25,3.25,26058
NOIDATOLL,2019-12-12 00:00:00+05:30,3.15,3.25,3.1,3.15,16834
NOIDATOLL,2019-12-13 00:00:00+05:30,3.15,3.2,3.0,3.05,54206
NOIDATOLL,2019-12-16 00:00:00+05:30,3.1,3.1,2.95,3.05,74261
NOIDATOLL,2019-12-17 00:00:00+05:30,3.05,3.05,2.95,3.0,108873
NOIDATOLL,2019-12-18 00:00:00+05:30,3.05,3.1,2.95,3.0,246926
NOIDATOLL,2019-12-19 00:00:00+05:30,3.1,3.1,2.95,3.0,22150
NOIDATOLL,2019-12-20 00:00:00+05:30,3.1,3.1,2.95,3.05,29832
NOIDATOLL,2019-12-23 00:00:00+05:30,2.95,3.1,2.95,3.1,39390
NOIDATOLL,2019-12-24 00:00:00+05:30,3.1,3.1,2.95,3.1,47062
NOIDATOLL,2019-12-26 00:00:00+05:30,3.1,3.15,3.0,3.15,37934
NOIDATOLL,2019-12-27 00:00:00+05:30,3.25,3.25,3.1,3.2,28855
NOIDATOLL,2019-12-30 00:00:00+05:30,3.25,3.35,3.2,3.35,43095
NOIDATOLL,2019-12-31 00:00:00+05:30,3.5,3.5,3.45,3.5,21264
NOIDATOLL,2020-01-01 00:00:00+05:30,3.65,3.65,3.65,3.65,16470
NOIDATOLL,2020-01-02 00:00:00+05:30,3.75,3.8,3.5,3.5,47685
NOIDATOLL,2020-01-03 00:00:00+05:30,3.4,3.45,3.35,3.4,27983
NOIDATOLL,2020-01-06 00:00:00+05:30,3.25,3.4,3.25,3.4,21694
NOIDATOLL,2020-01-07 00:00:00+05:30,3.4,3.45,3.25,3.4,34560
NOIDATOLL,2020-01-08 00:00:00+05:30,3.4,3.5,3.3,3.4,8805
NOIDATOLL,2020-01-09 00:00:00+05:30,3.45,3.45,3.3,3.4,37840
NOIDATOLL,2020-01-10 00:00:00+05:30,3.4,3.55,3.3,3.45,54644
NOIDATOLL,2020-01-13 00:00:00+05:30,3.4,3.6,3.35,3.5,31908
NOIDATOLL,2020-01-14 00:00:00+05:30,3.5,3.6,3.45,3.5,12503
NOIDATOLL,2020-01-15 00:00:00+05:30,3.5,3.6,3.4,3.5,10121
NOIDATOLL,2020-01-16 00:00:00+05:30,3.4,3.5,3.4,3.45,13907
NOIDATOLL,2020-01-17 00:00:00+05:30,3.45,3.6,3.4,3.6,43646
NOIDATOLL,2020-01-20 00:00:00+05:30,3.6,3.75,3.55,3.65,96904
NOIDATOLL,2020-01-21 00:00:00+05:30,3.75,3.8,3.5,3.5,104529
NOIDATOLL,2020-01-22 00:00:00+05:30,3.5,3.5,3.45,3.45,15562
NOIDATOLL,2020-01-23 00:00:00+05:30,3.45,3.5,3.4,3.5,20108
NOIDATOLL,2020-01-24 00:00:00+05:30,3.4,3.65,3.4,3.65,632109
NOIDATOLL,2020-01-27 00:00:00+05:30,3.75,3.8,3.5,3.6,64915
NOIDATOLL,2020-01-28 00:00:00+05:30,3.65,3.65,3.5,3.5,12943
NOIDATOLL,2020-01-29 00:00:00+05:30,3.5,3.65,3.4,3.65,64227
NOIDATOLL,2020-01-30 00:00:00+05:30,3.8,3.8,3.5,3.6,55561
NOIDATOLL,2020-01-31 00:00:00+05:30,3.6,3.75,3.45,3.7,83591
NOIDATOLL,2020-02-01 00:00:00+05:30,3.75,3.8,3.55,3.6,27398
NOIDATOLL,2020-02-03 00:00:00+05:30,3.6,3.7,3.5,3.7,28088
NOIDATOLL,2020-02-04 00:00:00+05:30,3.55,3.7,3.55,3.65,17620
NOIDATOLL,2020-02-05 00:00:00+05:30,3.65,3.65,3.55,3.6,6712
NOIDATOLL,2020-02-06 00:00:00+05:30,3.6,3.7,3.4,3.5,60320
NOIDATOLL,2020-02-07 00:00:00+05:30,3.5,3.65,3.5,3.55,28903
NOIDATOLL,2020-02-10 00:00:00+05:30,3.55,3.65,3.3,3.6,56888
NOIDATOLL,2020-02-11 00:00:00+05:30,3.6,3.75,3.55,3.6,72048
NOIDATOLL,2020-02-12 00:00:00+05:30,3.65,3.95,3.65,3.95,130119
NOIDATOLL,2020-02-13 00:00:00+05:30,4.05,4.3,4.05,4.3,99858
NOIDATOLL,2020-02-14 00:00:00+05:30,4.45,4.65,3.9,4.0,66968
NOIDATOLL,2020-02-17 00:00:00+05:30,3.9,3.95,3.8,3.85,39775
NOIDATOLL,2020-02-18 00:00:00+05:30,3.75,3.85,3.65,3.7,58955
NOIDATOLL,2020-02-19 00:00:00+05:30,3.6,3.75,3.6,3.65,78952
NOIDATOLL,2020-02-20 00:00:00+05:30,3.65,3.7,3.55,3.55,47484
NOIDATOLL,2020-02-24 00:00:00+05:30,3.8,3.85,3.6,3.8,43745
NOIDATOLL,2020-02-25 00:00:00+05:30,3.9,4.1,3.65,3.7,18488
NOIDATOLL,2020-02-26 00:00:00+05:30,3.9,3.9,3.6,3.65,36275
NOIDATOLL,2020-02-27 00:00:00+05:30,3.65,3.75,3.4,3.5,70817
NOIDATOLL,2020-02-28 00:00:00+05:30,3.5,3.5,3.3,3.35,37522
NOIDATOLL,2020-03-02 00:00:00+05:30,3.35,3.65,3.25,3.4,46394
NOIDATOLL,2020-03-03 00:00:00+05:30,3.35,3.5,3.35,3.45,23468
NOIDATOLL,2020-03-04 00:00:00+05:30,3.45,3.5,3.35,3.4,57596
NOIDATOLL,2020-03-05 00:00:00+05:30,3.4,3.5,3.4,3.5,24831
NOIDATOLL,2020-03-06 00:00:00+05:30,3.5,3.5,3.35,3.4,34219
NOIDATOLL,2020-03-09 00:00:00+05:30,3.4,3.45,3.1,3.25,111641
NOIDATOLL,2020-03-11 00:00:00+05:30,3.5,3.5,3.0,3.3,69275
NOIDATOLL,2020-03-12 00:00:00+05:30,3.3,3.3,3.05,3.1,142590
NOIDATOLL,2020-03-13 00:00:00+05:30,3.1,3.4,2.8,3.2,81064
NOIDATOLL,2020-03-16 00:00:00+05:30,3.45,3.45,3.1,3.1,67606
NOIDATOLL,2020-03-17 00:00:00+05:30,3.1,3.3,3.0,3.05,36103
NOIDATOLL,2020-03-18 00:00:00+05:30,3.05,3.2,2.9,3.05,41500
NOIDATOLL,2020-03-19 00:00:00+05:30,3.05,3.05,2.75,3.0,91952
NOIDATOLL,2020-03-20 00:00:00+05:30,3.0,3.0,2.75,2.9,55961
NOIDATOLL,2020-03-23 00:00:00+05:30,3.0,3.0,2.65,2.65,64058
NOIDATOLL,2020-03-24 00:00:00+05:30,2.7,2.85,2.4,2.5,33037
NOIDATOLL,2020-03-25 00:00:00+05:30,2.7,2.7,2.3,2.55,30579
NOIDATOLL,2020-03-26 00:00:00+05:30,2.55,2.75,2.4,2.55,20577
NOIDATOLL,2020-03-27 00:00:00+05:30,2.7,2.7,2.5,2.55,15138
NOIDATOLL,2020-03-30 00:00:00+05:30,2.65,2.65,2.4,2.45,812523
NOIDATOLL,2020-03-31 00:00:00+05:30,2.45,2.65,2.45,2.65,307899
NOIDATOLL,2020-04-01 00:00:00+05:30,2.6,2.8,2.6,2.7,63612
NOIDATOLL,2020-04-03 00:00:00+05:30,2.9,2.95,2.7,2.95,93918
NOIDATOLL,2020-04-07 00:00:00+05:30,3.1,3.2,3.1,3.2,50573
NOIDATOLL,2020-04-08 00:00:00+05:30,3.5,3.5,3.1,3.25,146116
NOIDATOLL,2020-04-09 00:00:00+05:30,3.35,3.4,3.15,3.4,68058
NOIDATOLL,2020-04-13 00:00:00+05:30,3.5,3.5,3.25,3.35,28752
NOIDATOLL,2020-04-15 00:00:00+05:30,3.3,3.5,3.3,3.4,66059
NOIDATOLL,2020-04-16 00:00:00+05:30,3.4,3.5,3.35,3.45,45624
NOIDATOLL,2020-04-17 00:00:00+05:30,3.6,3.6,3.35,3.45,57665
NOIDATOLL,2020-04-20 00:00:00+05:30,3.5,3.6,3.35,3.55,91338
NOIDATOLL,2020-04-21 00:00:00+05:30,3.65,3.65,3.4,3.45,21641
NOIDATOLL,2020-04-22 00:00:00+05:30,3.55,3.6,3.4,3.55,34209
NOIDATOLL,2020-04-23 00:00:00+05:30,3.55,3.6,3.4,3.6,17125
NOIDATOLL,2020-04-24 00:00:00+05:30,3.6,3.65,3.5,3.5,31510
NOIDATOLL,2020-04-27 00:00:00+05:30,3.5,3.6,3.35,3.35,64140
NOIDATOLL,2020-04-28 00:00:00+05:30,3.35,3.45,3.35,3.4,12214
NOIDATOLL,2020-04-29 00:00:00+05:30,3.5,3.55,3.45,3.55,91263
NOIDATOLL,2020-04-30 00:00:00+05:30,3.55,3.6,3.45,3.45,20609
NOIDATOLL,2020-05-04 00:00:00+05:30,3.5,3.55,3.3,3.4,92486
NOIDATOLL,2020-05-05 00:00:00+05:30,3.5,3.5,3.25,3.25,84395
NOIDATOLL,2020-05-06 00:00:00+05:30,3.3,3.3,3.1,3.2,24330
NOIDATOLL,2020-05-07 00:00:00+05:30,3.2,3.3,3.1,3.2,32985
NOIDATOLL,2020-05-08 00:00:00+05:30,3.2,3.3,3.1,3.2,99966
NOIDATOLL,2020-05-11 00:00:00+05:30,3.3,3.3,3.05,3.2,95009
NOIDATOLL,2020-05-12 00:00:00+05:30,3.2,3.2,3.1,3.15,28315
NOIDATOLL,2020-05-13 00:00:00+05:30,3.15,3.25,3.05,3.25,65716
NOIDATOLL,2020-05-14 00:00:00+05:30,3.25,3.4,3.1,3.1,236672
NOIDATOLL,2020-05-15 00:00:00+05:30,3.15,3.15,2.95,3.0,254432
NOIDATOLL,2020-05-18 00:00:00+05:30,2.9,3.0,2.9,2.95,16003
NOIDATOLL,2020-05-19 00:00:00+05:30,3.0,3.05,2.9,3.0,31904
NOIDATOLL,2020-05-20 00:00:00+05:30,3.0,3.1,2.85,2.9,122812
NOIDATOLL,2020-05-21 00:00:00+05:30,2.9,3.0,2.85,2.95,18605
NOIDATOLL,2020-05-22 00:00:00+05:30,3.0,3.0,2.85,2.85,124193
NOIDATOLL,2020-05-26 00:00:00+05:30,2.9,2.9,2.75,2.8,115511
NOIDATOLL,2020-05-27 00:00:00+05:30,2.75,2.85,2.7,2.8,39399
NOIDATOLL,2020-05-28 00:00:00+05:30,2.8,2.9,2.75,2.9,45026
NOIDATOLL,2020-05-29 00:00:00+05:30,2.9,3.0,2.9,3.0,47911
NOIDATOLL,2020-06-01 00:00:00+05:30,3.1,3.1,2.9,3.0,70242
NOIDATOLL,2020-06-02 00:00:00+05:30,3.05,3.15,2.9,3.15,103504
NOIDATOLL,2020-06-03 00:00:00+05:30,3.3,3.3,3.15,3.3,43564
NOIDATOLL,2020-06-04 00:00:00+05:30,3.4,3.45,3.4,3.45,83992
NOIDATOLL,2020-06-05 00:00:00+05:30,3.75,3.75,3.75,3.75,64300
NOIDATOLL,2020-06-08 00:00:00+05:30,4.1,4.1,4.1,4.1,24920
NOIDATOLL,2020-06-09 00:00:00+05:30,4.5,4.5,4.5,4.5,50676
NOIDATOLL,2020-06-10 00:00:00+05:30,4.7,4.7,4.3,4.3,213600
NOIDATOLL,2020-06-11 00:00:00+05:30,4.3,4.4,4.1,4.1,135068
NOIDATOLL,2020-06-12 00:00:00+05:30,3.9,4.05,3.9,3.95,91576
NOIDATOLL,2020-06-15 00:00:00+05:30,4.0,4.0,3.8,3.8,91724
NOIDATOLL,2020-06-16 00:00:00+05:30,3.8,3.9,3.75,3.8,124330
NOIDATOLL,2020-06-17 00:00:00+05:30,3.9,3.9,3.8,3.85,18136
NOIDATOLL,2020-06-18 00:00:00+05:30,3.8,3.95,3.8,3.9,22080
NOIDATOLL,2020-06-19 00:00:00+05:30,4.0,4.05,3.95,4.0,66491
NOIDATOLL,2020-06-22 00:00:00+05:30,4.15,4.2,3.8,3.85,166316
NOIDATOLL,2020-06-23 00:00:00+05:30,3.95,4.0,3.8,3.95,124511
NOIDATOLL,2020-06-24 00:00:00+05:30,4.05,4.05,3.85,3.95,88445
NOIDATOLL,2020-06-25 00:00:00+05:30,4.05,4.05,3.9,4.0,26042
NOIDATOLL,2020-06-26 00:00:00+05:30,3.9,4.1,3.8,3.95,147479
NOIDATOLL,2020-06-29 00:00:00+05:30,3.9,4.0,3.8,3.85,99991
NOIDATOLL,2020-06-30 00:00:00+05:30,3.85,4.0,3.85,3.85,52236
NOIDATOLL,2020-07-01 00:00:00+05:30,3.95,3.95,3.75,3.8,111515
NOIDATOLL,2020-07-02 00:00:00+05:30,3.9,3.9,3.75,3.75,164147
NOIDATOLL,2020-07-03 00:00:00+05:30,3.7,3.9,3.6,3.65,79994
NOIDATOLL,2020-07-06 00:00:00+05:30,3.65,3.8,3.5,3.75,103297
NOIDATOLL,2020-07-07 00:00:00+05:30,3.8,3.9,3.65,3.75,65556
NOIDATOLL,2020-07-08 00:00:00+05:30,3.75,3.8,3.6,3.75,55509
NOIDATOLL,2020-07-09 00:00:00+05:30,3.8,3.8,3.6,3.65,34971
NOIDATOLL,2020-07-10 00:00:00+05:30,3.7,3.75,3.55,3.65,764535
NOIDATOLL,2020-07-13 00:00:00+05:30,3.7,3.8,3.6,3.7,102158
NOIDATOLL,2020-07-14 00:00:00+05:30,3.65,3.75,3.55,3.65,18514
NOIDATOLL,2020-07-15 00:00:00+05:30,3.65,3.7,3.5,3.65,54259
NOIDATOLL,2020-07-16 00:00:00+05:30,3.65,3.7,3.5,3.5,69310
NOIDATOLL,2020-07-17 00:00:00+05:30,3.6,3.65,3.35,3.45,60019
NOIDATOLL,2020-07-20 00:00:00+05:30,3.6,3.6,3.45,3.6,32564
NOIDATOLL,2020-07-21 00:00:00+05:30,3.6,3.75,3.55,3.75,189512
NOIDATOLL,2020-07-22 00:00:00+05:30,3.75,3.9,3.65,3.8,41098
NOIDATOLL,2020-07-23 00:00:00+05:30,3.65,3.85,3.65,3.7,128799
NOIDATOLL,2020-07-24 00:00:00+05:30,3.7,3.85,3.6,3.7,33283
NOIDATOLL,2020-07-27 00:00:00+05:30,3.7,3.85,3.55,3.6,23832
NOIDATOLL,2020-07-28 00:00:00+05:30,3.5,3.75,3.45,3.55,65248
NOIDATOLL,2020-07-29 00:00:00+05:30,3.5,3.6,3.4,3.55,24344
NOIDATOLL,2020-07-30 00:00:00+05:30,3.55,3.65,3.4,3.45,24039
NOIDATOLL,2020-07-31 00:00:00+05:30,3.45,3.55,3.4,3.4,12740
NOIDATOLL,2020-08-03 00:00:00+05:30,3.4,3.5,3.4,3.4,54092
NOIDATOLL,2020-08-04 00:00:00+05:30,3.4,3.55,3.35,3.55,67522
NOIDATOLL,2020-08-05 00:00:00+05:30,3.7,3.7,3.5,3.6,53505
NOIDATOLL,2020-08-06 00:00:00+05:30,3.6,3.65,3.5,3.55,23470
NOIDATOLL,2020-08-07 00:00:00+05:30,3.65,3.7,3.5,3.65,28223
NOIDATOLL,2020-08-10 00:00:00+05:30,3.75,3.8,3.5,3.65,94069
NOIDATOLL,2020-08-11 00:00:00+05:30,3.75,3.75,3.6,3.65,57328
NOIDATOLL,2020-08-12 00:00:00+05:30,3.75,3.75,3.6,3.75,44613
NOIDATOLL,2020-08-13 00:00:00+05:30,3.85,3.85,3.6,3.6,114670
NOIDATOLL,2020-08-14 00:00:00+05:30,3.65,3.7,3.45,3.45,179573
NOIDATOLL,2020-08-17 00:00:00+05:30,3.35,3.6,3.35,3.45,110117
NOIDATOLL,2020-08-18 00:00:00+05:30,3.35,3.6,3.35,3.4,145798
NOIDATOLL,2020-08-19 00:00:00+05:30,3.4,3.5,3.3,3.35,248141
NOIDATOLL,2020-08-20 00:00:00+05:30,3.35,3.5,3.3,3.5,68445
NOIDATOLL,2020-08-21 00:00:00+05:30,3.5,3.65,3.35,3.35,282444
NOIDATOLL,2020-08-24 00:00:00+05:30,3.4,3.45,3.2,3.3,358360
NOIDATOLL,2020-08-25 00:00:00+05:30,3.45,3.45,3.25,3.35,76105
NOIDATOLL,2020-08-26 00:00:00+05:30,3.45,3.45,3.3,3.35,68837
NOIDATOLL,2020-08-27 00:00:00+05:30,3.4,3.4,3.3,3.4,71429
NOIDATOLL,2020-08-28 00:00:00+05:30,3.4,3.45,3.35,3.4,51213
NOIDATOLL,2020-08-31 00:00:00+05:30,3.4,3.45,3.35,3.35,46656
NOIDATOLL,2020-09-01 00:00:00+05:30,3.4,3.4,3.25,3.3,19404
NOIDATOLL,2020-09-02 00:00:00+05:30,3.3,3.4,3.2,3.3,37427
NOIDATOLL,2020-09-03 00:00:00+05:30,3.35,3.45,3.25,3.45,170037
NOIDATOLL,2020-09-04 00:00:00+05:30,3.4,3.45,3.3,3.35,31838
NOIDATOLL,2020-09-07 00:00:00+05:30,3.3,3.5,3.3,3.45,25543
NOIDATOLL,2020-09-08 00:00:00+05:30,3.35,3.4,3.3,3.35,36568
NOIDATOLL,2020-09-09 00:00:00+05:30,3.35,3.4,3.25,3.3,33102
NOIDATOLL,2020-09-10 00:00:00+05:30,3.35,3.4,3.3,3.3,11659
NOIDATOLL,2020-09-11 00:00:00+05:30,3.35,3.35,3.25,3.3,30691
NOIDATOLL,2020-09-14 00:00:00+05:30,3.3,3.4,3.2,3.35,70735
NOIDATOLL,2020-09-15 00:00:00+05:30,3.35,3.35,3.2,3.2,60877
NOIDATOLL,2020-09-16 00:00:00+05:30,3.25,3.3,3.2,3.2,21500
NOIDATOLL,2020-09-17 00:00:00+05:30,3.2,3.25,3.1,3.2,16375
NOIDATOLL,2020-09-18 00:00:00+05:30,3.35,3.35,3.35,3.35,63775
NOIDATOLL,2020-09-21 00:00:00+05:30,3.5,3.5,3.2,3.35,141515
NOIDATOLL,2020-09-22 00:00:00+05:30,3.45,3.45,3.2,3.25,34349
NOIDATOLL,2020-09-23 00:00:00+05:30,3.1,3.3,3.1,3.2,59875
NOIDATOLL,2020-09-24 00:00:00+05:30,3.25,3.35,3.2,3.3,90161
NOIDATOLL,2020-09-25 00:00:00+05:30,3.3,3.45,3.3,3.45,75273
NOIDATOLL,2020-09-28 00:00:00+05:30,3.4,3.6,3.35,3.5,51801
NOIDATOLL,2020-09-29 00:00:00+05:30,3.5,3.55,3.4,3.45,60053
NOIDATOLL,2020-09-30 00:00:00+05:30,3.35,3.55,3.35,3.5,30496
NOIDATOLL,2020-10-01 00:00:00+05:30,3.4,3.5,3.35,3.4,18972
NOIDATOLL,2020-10-05 00:00:00+05:30,3.25,3.55,3.25,3.4,36827
NOIDATOLL,2020-10-06 00:00:00+05:30,3.3,3.55,3.3,3.55,78604
NOIDATOLL,2020-10-07 00:00:00+05:30,3.6,3.7,3.5,3.7,74722
NOIDATOLL,2020-10-08 00:00:00+05:30,3.9,3.9,3.7,3.75,40313
NOIDATOLL,2020-10-09 00:00:00+05:30,3.85,3.95,3.75,3.85,19991
NOIDATOLL,2020-10-12 00:00:00+05:30,3.95,4.2,3.8,4.2,146933
NOIDATOLL,2020-10-13 00:00:00+05:30,4.5,4.6,4.15,4.35,411357
NOIDATOLL,2020-10-14 00:00:00+05:30,4.5,4.5,4.2,4.25,144917
NOIDATOLL,2020-10-15 00:00:00+05:30,4.25,4.25,4.05,4.1,99027
NOIDATOLL,2020-10-16 00:00:00+05:30,4.1,4.5,3.9,4.45,199738
NOIDATOLL,2020-10-19 00:00:00+05:30,4.45,4.85,4.45,4.85,252374
NOIDATOLL,2020-10-20 00:00:00+05:30,5.3,5.3,4.8,5.3,130299
NOIDATOLL,2020-10-21 00:00:00+05:30,5.55,5.55,5.3,5.55,417032
NOIDATOLL,2020-10-22 00:00:00+05:30,5.8,5.8,5.8,5.8,22299
NOIDATOLL,2020-10-23 00:00:00+05:30,6.05,6.05,6.05,6.05,23190
NOIDATOLL,2020-10-26 00:00:00+05:30,6.35,6.35,6.35,6.35,54820
NOIDATOLL,2020-10-27 00:00:00+05:30,6.65,6.65,6.65,6.65,50948
NOIDATOLL,2020-10-28 00:00:00+05:30,6.95,6.95,6.95,6.95,21263
NOIDATOLL,2020-10-29 00:00:00+05:30,7.25,7.25,7.25,7.25,18375
NOIDATOLL,2020-10-30 00:00:00+05:30,7.6,7.6,7.6,7.6,8622
NOIDATOLL,2020-11-02 00:00:00+05:30,7.95,7.95,7.95,7.95,111011
NOIDATOLL,2020-11-03 00:00:00+05:30,8.3,8.3,7.6,7.6,322909
NOIDATOLL,2020-11-04 00:00:00+05:30,7.25,7.25,7.25,7.25,30090
NOIDATOLL,2020-11-05 00:00:00+05:30,6.9,6.9,6.9,6.9,106202
NOIDATOLL,2020-11-06 00:00:00+05:30,6.6,6.6,6.6,6.6,123965
NOIDATOLL,2020-11-09 00:00:00+05:30,6.3,6.3,6.3,6.3,36869
NOIDATOLL,2020-11-10 00:00:00+05:30,6.0,6.0,6.0,6.0,54884
NOIDATOLL,2020-11-11 00:00:00+05:30,5.7,5.7,5.7,5.7,15315
NOIDATOLL,2020-11-12 00:00:00+05:30,5.45,5.95,5.45,5.95,403763
NOIDATOLL,2020-11-13 00:00:00+05:30,6.1,6.2,5.7,6.2,60252
NOIDATOLL,2020-11-14 00:00:00+05:30,6.3,6.5,6.3,6.5,19577
NOIDATOLL,2020-11-17 00:00:00+05:30,6.8,6.8,6.35,6.8,210514
NOIDATOLL,2020-11-18 00:00:00+05:30,6.95,7.1,6.75,7.0,224377
NOIDATOLL,2020-11-19 00:00:00+05:30,6.7,6.7,6.65,6.65,220720
NOIDATOLL,2020-11-20 00:00:00+05:30,6.35,6.75,6.35,6.35,191078
NOIDATOLL,2020-11-23 00:00:00+05:30,6.05,6.65,6.05,6.05,108239
NOIDATOLL,2020-11-24 00:00:00+05:30,5.75,6.2,5.75,5.75,85414
NOIDATOLL,2020-11-25 00:00:00+05:30,5.5,5.9,5.5,5.6,87364
NOIDATOLL,2020-11-26 00:00:00+05:30,5.5,5.85,5.5,5.85,82224
NOIDATOLL,2020-11-27 00:00:00+05:30,6.0,6.1,5.85,5.95,71879
NOIDATOLL,2020-12-01 00:00:00+05:30,6.15,6.2,6.0,6.2,102067
NOIDATOLL,2020-12-02 00:00:00+05:30,6.0,6.45,5.9,6.15,19237
NOIDATOLL,2020-12-03 00:00:00+05:30,6.2,6.45,6.0,6.45,101268
NOIDATOLL,2020-12-04 00:00:00+05:30,6.45,6.75,6.3,6.7,168595
NOIDATOLL,2020-12-07 00:00:00+05:30,6.8,7.0,6.55,6.7,164768
NOIDATOLL,2020-12-08 00:00:00+05:30,6.85,6.85,6.6,6.65,218530
NOIDATOLL,2020-12-09 00:00:00+05:30,6.6,6.9,6.55,6.8,79399
NOIDATOLL,2020-12-10 00:00:00+05:30,6.55,6.85,6.55,6.6,71766
NOIDATOLL,2020-12-11 00:00:00+05:30,6.55,6.8,6.55,6.55,51530
NOIDATOLL,2020-12-14 00:00:00+05:30,6.7,6.8,6.5,6.7,49427
NOIDATOLL,2020-12-15 00:00:00+05:30,6.7,6.7,6.4,6.45,59964
NOIDATOLL,2020-12-16 00:00:00+05:30,6.6,6.6,6.3,6.45,44353
NOIDATOLL,2020-12-17 00:00:00+05:30,6.35,6.75,6.35,6.4,73783
NOIDATOLL,2020-12-18 00:00:00+05:30,6.3,6.45,6.3,6.3,34300
NOIDATOLL,2020-12-21 00:00:00+05:30,6.5,6.5,6.3,6.3,59905
NOIDATOLL,2020-12-22 00:00:00+05:30,6.15,6.15,6.05,6.15,22179
NOIDATOLL,2020-12-23 00:00:00+05:30,6.05,6.35,6.05,6.3,22453
NOIDATOLL,2020-12-24 00:00:00+05:30,6.5,6.5,6.05,6.3,20439
NOIDATOLL,2020-12-28 00:00:00+05:30,6.05,6.5,6.05,6.25,47748
NOIDATOLL,2020-12-29 00:00:00+05:30,6.05,6.4,6.05,6.25,51144
NOIDATOLL,2020-12-30 00:00:00+05:30,6.4,6.4,6.05,6.15,22295
NOIDATOLL,2020-12-31 00:00:00+05:30,6.15,6.45,6.15,6.4,41888
NOIDATOLL,2021-01-01 00:00:00+05:30,6.6,6.7,6.2,6.7,62287
NOIDATOLL,2021-01-04 00:00:00+05:30,6.95,6.95,6.55,6.7,87118
NOIDATOLL,2021-01-05 00:00:00+05:30,6.9,7.0,6.4,6.9,92411
NOIDATOLL,2021-01-06 00:00:00+05:30,6.65,7.2,6.65,7.15,125494
NOIDATOLL,2021-01-07 00:00:00+05:30,7.1,7.3,6.8,7.0,88324
NOIDATOLL,2021-01-08 00:00:00+05:30,7.0,7.3,6.75,7.0,55292
NOIDATOLL,2021-01-11 00:00:00+05:30,7.0,7.15,6.65,6.7,72385
NOIDATOLL,2021-01-12 00:00:00+05:30,6.4,7.0,6.4,6.8,115796
NOIDATOLL,2021-01-13 00:00:00+05:30,6.5,7.0,6.5,6.7,37573
NOIDATOLL,2021-01-14 00:00:00+05:30,6.65,6.9,6.4,6.45,32589
NOIDATOLL,2021-01-15 00:00:00+05:30,6.45,6.5,6.25,6.45,22427
NOIDATOLL,2021-01-18 00:00:00+05:30,6.35,6.5,6.2,6.45,34757
NOIDATOLL,2021-01-19 00:00:00+05:30,6.2,6.5,6.15,6.25,70922
NOIDATOLL,2021-01-20 00:00:00+05:30,6.55,6.55,5.95,6.4,96150
NOIDATOLL,2021-01-21 00:00:00+05:30,6.15,6.5,6.1,6.15,60800
NOIDATOLL,2021-01-22 00:00:00+05:30,6.1,6.3,6.05,6.1,26165
NOIDATOLL,2021-01-25 00:00:00+05:30,6.25,6.25,5.95,5.95,12529
NOIDATOLL,2021-01-27 00:00:00+05:30,5.9,6.2,5.8,6.0,39729
NOIDATOLL,2021-01-28 00:00:00+05:30,6.15,6.15,5.7,5.75,66144
NOIDATOLL,2021-01-29 00:00:00+05:30,5.95,6.0,5.7,5.9,87601
NOIDATOLL,2021-02-01 00:00:00+05:30,6.0,6.0,5.75,5.95,49717
NOIDATOLL,2021-02-02 00:00:00+05:30,6.1,6.1,5.8,5.85,42451
NOIDATOLL,2021-02-03 00:00:00+05:30,5.8,6.0,5.7,5.85,47006
NOIDATOLL,2021-02-04 00:00:00+05:30,5.85,6.0,5.65,5.85,47759
NOIDATOLL,2021-02-05 00:00:00+05:30,6.05,6.05,5.75,5.8,62013
NOIDATOLL,2021-02-08 00:00:00+05:30,6.1,6.1,5.25,5.95,273502
NOIDATOLL,2021-02-09 00:00:00+05:30,5.95,6.15,5.8,5.95,64905
NOIDATOLL,2021-02-10 00:00:00+05:30,6.0,6.2,5.8,6.0,58761
NOIDATOLL,2021-02-11 00:00:00+05:30,6.0,6.15,5.8,6.0,161320
NOIDATOLL,2021-02-12 00:00:00+05:30,6.15,6.15,5.8,5.95,39923
NOIDATOLL,2021-02-15 00:00:00+05:30,6.0,6.1,5.85,5.85,92951
NOIDATOLL,2021-02-16 00:00:00+05:30,5.85,5.95,5.75,5.75,38943
NOIDATOLL,2021-02-17 00:00:00+05:30,5.9,6.0,5.75,5.85,71572
NOIDATOLL,2021-02-18 00:00:00+05:30,6.1,6.15,5.75,6.05,102456
NOIDATOLL,2021-02-19 00:00:00+05:30,5.85,6.15,5.8,6.0,46617
NOIDATOLL,2021-02-22 00:00:00+05:30,5.7,6.35,5.7,6.15,202511
NOIDATOLL,2021-02-23 00:00:00+05:30,6.25,6.25,6.0,6.0,56749
NOIDATOLL,2021-02-24 00:00:00+05:30,6.0,6.15,5.85,5.9,42483
NOIDATOLL,2021-02-25 00:00:00+05:30,6.0,6.2,5.9,6.15,205768
NOIDATOLL,2021-02-26 00:00:00+05:30,6.2,6.4,6.0,6.3,143215
NOIDATOLL,2021-03-01 00:00:00+05:30,6.3,6.9,6.2,6.35,161455
NOIDATOLL,2021-03-02 00:00:00+05:30,6.75,6.75,6.25,6.35,97344
NOIDATOLL,2021-03-03 00:00:00+05:30,6.35,6.6,6.2,6.3,77201
NOIDATOLL,2021-03-04 00:00:00+05:30,6.45,6.9,6.05,6.9,291952
NOIDATOLL,2021-03-05 00:00:00+05:30,7.25,7.55,7.25,7.55,226765
NOIDATOLL,2021-03-08 00:00:00+05:30,8.25,8.3,7.6,8.3,799829
NOIDATOLL,2021-03-09 00:00:00+05:30,8.5,8.65,7.9,7.9,361649
NOIDATOLL,2021-03-10 00:00:00+05:30,7.55,7.9,7.55,7.55,486025
NOIDATOLL,2021-03-12 00:00:00+05:30,7.5,7.5,7.2,7.2,142445
NOIDATOLL,2021-03-15 00:00:00+05:30,7.15,7.5,6.9,7.3,81526
NOIDATOLL,2021-03-16 00:00:00+05:30,7.45,7.65,6.95,7.25,112029
NOIDATOLL,2021-03-17 00:00:00+05:30,7.25,7.6,7.05,7.25,106480
NOIDATOLL,2021-03-18 00:00:00+05:30,7.4,7.4,6.95,7.05,71784
NOIDATOLL,2021-03-19 00:00:00+05:30,7.0,7.4,6.7,7.25,118033
NOIDATOLL,2021-03-22 00:00:00+05:30,7.25,7.35,6.9,7.05,56253
NOIDATOLL,2021-03-23 00:00:00+05:30,7.0,7.3,6.7,6.7,46961
NOIDATOLL,2021-03-24 00:00:00+05:30,6.4,7.0,6.4,6.6,63762
NOIDATOLL,2021-03-25 00:00:00+05:30,6.75,6.8,6.4,6.65,635777
NOIDATOLL,2021-03-26 00:00:00+05:30,6.65,6.95,6.35,6.5,31067
NOIDATOLL,2021-03-30 00:00:00+05:30,6.25,6.75,6.2,6.3,50980
NOIDATOLL,2021-03-31 00:00:00+05:30,6.3,6.45,6.0,6.0,52709
NOIDATOLL,2021-04-01 00:00:00+05:30,6.25,6.3,6.25,6.3,19824
NOIDATOLL,2021-04-05 00:00:00+05:30,6.6,6.6,6.6,6.6,25939
NOIDATOLL,2021-04-06 00:00:00+05:30,6.7,6.9,6.7,6.9,49991
NOIDATOLL,2021-04-07 00:00:00+05:30,7.2,7.2,7.0,7.15,77875
NOIDATOLL,2021-04-08 00:00:00+05:30,7.15,7.45,7.0,7.25,55350
NOIDATOLL,2021-04-09 00:00:00+05:30,7.0,7.25,6.9,7.0,43686
NOIDATOLL,2021-04-12 00:00:00+05:30,6.9,7.0,6.65,6.65,25892
NOIDATOLL,2021-04-13 00:00:00+05:30,6.55,6.95,6.35,6.75,20588
NOIDATOLL,2021-04-15 00:00:00+05:30,6.5,6.9,6.45,6.45,21995
NOIDATOLL,2021-04-16 00:00:00+05:30,6.65,6.75,6.3,6.6,50790
NOIDATOLL,2021-04-19 00:00:00+05:30,6.3,6.65,6.3,6.5,15518
NOIDATOLL,2021-04-20 00:00:00+05:30,6.6,6.6,6.2,6.2,49358
NOIDATOLL,2021-04-22 00:00:00+05:30,6.15,6.2,5.9,6.2,92420
NOIDATOLL,2021-04-23 00:00:00+05:30,5.95,6.3,5.9,6.15,21917
NOIDATOLL,2021-04-26 00:00:00+05:30,6.45,6.45,5.9,5.95,48551
NOIDATOLL,2021-04-27 00:00:00+05:30,5.8,6.1,5.8,5.95,43330
NOIDATOLL,2021-04-28 00:00:00+05:30,6.2,6.2,5.8,5.8,95707
NOIDATOLL,2021-04-29 00:00:00+05:30,5.85,5.95,5.7,5.8,19395
NOIDATOLL,2021-04-30 00:00:00+05:30,5.9,6.0,5.8,5.95,39660
NOIDATOLL,2021-05-03 00:00:00+05:30,5.95,6.0,5.75,5.9,28966
NOIDATOLL,2021-05-04 00:00:00+05:30,6.0,6.0,5.75,5.85,28349
NOIDATOLL,2021-05-05 00:00:00+05:30,5.8,6.0,5.7,5.95,81043
NOIDATOLL,2021-05-06 00:00:00+05:30,6.0,6.0,5.8,5.85,40035
NOIDATOLL,2021-05-07 00:00:00+05:30,5.95,5.95,5.8,5.85,56137
NOIDATOLL,2021-05-10 00:00:00+05:30,5.85,5.95,5.8,5.85,78443
NOIDATOLL,2021-05-11 00:00:00+05:30,5.95,5.95,5.7,5.85,108193
NOIDATOLL,2021-05-12 00:00:00+05:30,5.8,6.0,5.7,5.95,64367
NOIDATOLL,2021-05-14 00:00:00+05:30,6.1,6.2,5.85,5.95,102997
NOIDATOLL,2021-05-17 00:00:00+05:30,6.2,6.2,5.9,6.05,71260
NOIDATOLL,2021-05-18 00:00:00+05:30,6.25,6.35,6.0,6.1,64117
NOIDATOLL,2021-05-19 00:00:00+05:30,6.05,6.25,5.8,6.05,139721
NOIDATOLL,2021-05-20 00:00:00+05:30,6.25,6.25,5.9,6.05,38409
NOIDATOLL,2021-05-21 00:00:00+05:30,6.05,6.3,5.95,6.15,113348
NOIDATOLL,2021-05-24 00:00:00+05:30,6.25,6.25,6.0,6.05,99920
NOIDATOLL,2021-05-25 00:00:00+05:30,6.2,6.2,6.0,6.1,63501
NOIDATOLL,2021-05-26 00:00:00+05:30,6.25,6.35,5.85,5.9,476569
NOIDATOLL,2021-05-27 00:00:00+05:30,6.1,6.15,5.9,6.0,80324
NOIDATOLL,2021-05-28 00:00:00+05:30,6.1,6.1,5.95,6.05,222397
NOIDATOLL,2021-05-31 00:00:00+05:30,5.85,6.1,5.85,6.0,102504
NOIDATOLL,2021-06-01 00:00:00+05:30,6.1,6.1,5.8,5.85,136781
NOIDATOLL,2021-06-02 00:00:00+05:30,5.85,6.1,5.7,5.95,136657
NOIDATOLL,2021-06-03 00:00:00+05:30,6.0,6.0,5.85,5.85,189470
NOIDATOLL,2021-06-04 00:00:00+05:30,5.95,6.1,5.85,6.0,140114
NOIDATOLL,2021-06-07 00:00:00+05:30,6.05,6.15,5.9,6.0,308387
NOIDATOLL,2021-06-08 00:00:00+05:30,6.2,6.6,6.0,6.6,328865
NOIDATOLL,2021-06-09 00:00:00+05:30,7.1,7.25,6.85,7.25,914878
NOIDATOLL,2021-06-10 00:00:00+05:30,7.8,7.95,7.55,7.95,487053
NOIDATOLL,2021-06-11 00:00:00+05:30,8.25,8.3,7.6,7.6,1256796
NOIDATOLL,2021-06-14 00:00:00+05:30,7.5,7.95,7.25,7.9,605448
NOIDATOLL,2021-06-15 00:00:00+05:30,8.15,8.25,7.7,7.95,603903
NOIDATOLL,2021-06-16 00:00:00+05:30,8.15,8.15,7.6,7.7,428129
NOIDATOLL,2021-06-17 00:00:00+05:30,7.5,7.9,7.35,7.35,230012
NOIDATOLL,2021-06-18 00:00:00+05:30,7.5,7.5,7.0,7.0,157209
NOIDATOLL,2021-06-21 00:00:00+05:30,6.7,7.35,6.65,7.35,229540
NOIDATOLL,2021-06-22 00:00:00+05:30,7.6,7.7,7.0,7.15,1058513
NOIDATOLL,2021-06-23 00:00:00+05:30,7.35,7.4,6.8,6.95,346675
NOIDATOLL,2021-06-24 00:00:00+05:30,7.15,7.15,6.8,6.9,168276
NOIDATOLL,2021-06-25 00:00:00+05:30,7.0,7.1,6.6,6.65,293376
NOIDATOLL,2021-06-28 00:00:00+05:30,6.7,6.75,6.35,6.35,411059
NOIDATOLL,2021-06-29 00:00:00+05:30,6.2,6.55,6.1,6.2,309850
NOIDATOLL,2021-06-30 00:00:00+05:30,6.4,6.5,6.15,6.5,217396
NOIDATOLL,2021-07-01 00:00:00+05:30,6.8,6.8,6.6,6.8,236990
NOIDATOLL,2021-07-02 00:00:00+05:30,6.8,7.05,6.5,6.5,400519
NOIDATOLL,2021-07-05 00:00:00+05:30,6.6,6.8,6.2,6.7,710317
NOIDATOLL,2021-07-06 00:00:00+05:30,6.95,7.0,6.65,7.0,363188
NOIDATOLL,2021-07-07 00:00:00+05:30,7.3,7.35,6.9,6.9,613016
NOIDATOLL,2021-07-08 00:00:00+05:30,7.1,7.15,6.85,6.95,160504
NOIDATOLL,2021-07-09 00:00:00+05:30,6.8,7.1,6.8,6.95,120520
NOIDATOLL,2021-07-12 00:00:00+05:30,6.85,7.05,6.65,6.7,443057
NOIDATOLL,2021-07-13 00:00:00+05:30,6.85,6.85,6.4,6.45,269714
NOIDATOLL,2021-07-14 00:00:00+05:30,6.5,6.75,6.4,6.75,218991
NOIDATOLL,2021-07-15 00:00:00+05:30,7.0,7.0,6.45,6.5,714802
NOIDATOLL,2021-07-16 00:00:00+05:30,6.35,6.65,6.35,6.5,134472
NOIDATOLL,2021-07-19 00:00:00+05:30,6.5,6.7,6.2,6.35,362203
NOIDATOLL,2021-07-20 00:00:00+05:30,6.35,6.45,6.05,6.15,306487
NOIDATOLL,2021-07-22 00:00:00+05:30,6.15,6.45,6.15,6.45,166584
NOIDATOLL,2021-07-23 00:00:00+05:30,6.6,6.75,6.4,6.45,160742
NOIDATOLL,2021-07-26 00:00:00+05:30,6.6,6.6,6.25,6.3,161432
NOIDATOLL,2021-07-27 00:00:00+05:30,6.25,6.45,6.1,6.35,314816
NOIDATOLL,2021-07-28 00:00:00+05:30,6.35,6.55,6.3,6.35,227861
NOIDATOLL,2021-07-29 00:00:00+05:30,6.25,6.55,6.25,6.4,177902
NOIDATOLL,2021-07-30 00:00:00+05:30,6.4,6.5,6.3,6.3,84604
NOIDATOLL,2021-08-02 00:00:00+05:30,6.5,6.6,6.2,6.5,147390
NOIDATOLL,2021-08-03 00:00:00+05:30,6.6,6.6,6.35,6.4,59469
NOIDATOLL,2021-08-04 00:00:00+05:30,6.5,6.7,6.15,6.3,552190
NOIDATOLL,2021-08-05 00:00:00+05:30,6.2,6.45,6.05,6.1,555638
NOIDATOLL,2021-08-06 00:00:00+05:30,6.15,6.25,5.9,6.0,393408
NOIDATOLL,2021-08-09 00:00:00+05:30,6.0,6.25,5.9,5.9,617010
NOIDATOLL,2021-08-10 00:00:00+05:30,6.05,6.15,5.8,5.95,311533
NOIDATOLL,2021-08-11 00:00:00+05:30,5.95,6.0,5.7,5.8,320166
NOIDATOLL,2021-08-12 00:00:00+05:30,5.85,6.05,5.65,5.85,138401
NOIDATOLL,2021-08-13 00:00:00+05:30,5.95,6.0,5.75,5.8,81001
NOIDATOLL,2021-08-16 00:00:00+05:30,6.0,6.0,5.75,5.75,53820
NOIDATOLL,2021-08-17 00:00:00+05:30,5.9,5.9,5.6,5.65,37973
NOIDATOLL,2021-08-18 00:00:00+05:30,5.8,5.8,5.5,5.65,65677
NOIDATOLL,2021-08-20 00:00:00+05:30,5.5,5.75,5.5,5.55,72002
NOIDATOLL,2021-08-23 00:00:00+05:30,5.55,5.7,5.3,5.35,231342
NOIDATOLL,2021-08-24 00:00:00+05:30,5.3,5.6,5.2,5.5,74594
NOIDATOLL,2021-08-25 00:00:00+05:30,5.7,5.7,5.45,5.6,54799
NOIDATOLL,2021-08-26 00:00:00+05:30,5.5,5.7,5.4,5.45,91791
NOIDATOLL,2021-08-27 00:00:00+05:30,5.45,5.5,5.35,5.45,51569
NOIDATOLL,2021-08-30 00:00:00+05:30,5.35,5.55,5.35,5.5,37242
NOIDATOLL,2021-08-31 00:00:00+05:30,5.65,5.65,5.35,5.55,62872
NOIDATOLL,2021-09-01 00:00:00+05:30,5.65,5.8,5.55,5.7,148335
NOIDATOLL,2021-09-02 00:00:00+05:30,5.6,5.95,5.6,5.95,269679
NOIDATOLL,2021-09-03 00:00:00+05:30,6.15,6.2,6.0,6.05,269765
NOIDATOLL,2021-09-06 00:00:00+05:30,6.3,6.3,5.8,5.9,219924
NOIDATOLL,2021-09-07 00:00:00+05:30,6.0,6.15,5.8,6.15,106298
NOIDATOLL,2021-09-08 00:00:00+05:30,6.25,6.35,6.0,6.0,105571
NOIDATOLL,2021-09-09 00:00:00+05:30,6.15,6.15,5.95,5.95,31185
NOIDATOLL,2021-09-13 00:00:00+05:30,5.8,6.0,5.8,5.8,21672
NOIDATOLL,2021-09-14 00:00:00+05:30,5.9,6.05,5.8,5.95,60451
NOIDATOLL,2021-09-15 00:00:00+05:30,5.9,6.0,5.7,5.75,380922
NOIDATOLL,2021-09-16 00:00:00+05:30,5.8,5.85,5.55,5.6,216164
NOIDATOLL,2021-09-17 00:00:00+05:30,5.6,5.7,5.6,5.65,76692
NOIDATOLL,2021-09-20 00:00:00+05:30,5.75,5.75,5.5,5.65,73003
NOIDATOLL,2021-09-21 00:00:00+05:30,5.75,5.8,5.6,5.75,35574
NOIDATOLL,2021-09-22 00:00:00+05:30,5.65,5.75,5.55,5.6,168802
NOIDATOLL,2021-09-23 00:00:00+05:30,5.7,5.7,5.5,5.55,163225
NOIDATOLL,2021-09-24 00:00:00+05:30,5.75,5.8,5.5,5.8,401000
NOIDATOLL,2021-09-27 00:00:00+05:30,5.95,6.05,5.75,5.8,237705
NOIDATOLL,2021-09-28 00:00:00+05:30,5.8,6.0,5.65,5.95,129102
NOIDATOLL,2021-09-29 00:00:00+05:30,6.0,6.1,5.85,6.0,122039
NOIDATOLL,2021-09-30 00:00:00+05:30,6.0,6.3,5.85,6.3,769842
NOIDATOLL,2021-10-01 00:00:00+05:30,6.4,6.6,6.4,6.6,342781
NOIDATOLL,2021-10-04 00:00:00+05:30,6.9,6.9,6.9,6.9,141699
NOIDATOLL,2021-10-05 00:00:00+05:30,7.2,7.2,7.0,7.2,659569
NOIDATOLL,2021-10-06 00:00:00+05:30,7.55,7.55,7.55,7.55,425153
NOIDATOLL,2021-10-07 00:00:00+05:30,7.9,7.9,7.9,7.9,279300
NOIDATOLL,2021-10-08 00:00:00+05:30,8.25,8.25,8.25,8.25,263377
NOIDATOLL,2021-10-11 00:00:00+05:30,8.65,8.65,8.65,8.65,96811
NOIDATOLL,2021-10-12 00:00:00+05:30,9.05,9.05,8.25,8.25,1216912
NOIDATOLL,2021-10-13 00:00:00+05:30,7.85,7.85,7.85,7.85,81193
NOIDATOLL,2021-10-14 00:00:00+05:30,7.5,7.5,7.5,7.5,38162
NOIDATOLL,2021-10-18 00:00:00+05:30,7.15,7.45,7.15,7.15,793608
NOIDATOLL,2021-10-19 00:00:00+05:30,6.8,7.1,6.8,6.8,736330
NOIDATOLL,2021-10-20 00:00:00+05:30,6.55,7.1,6.55,7.05,396853
NOIDATOLL,2021-10-21 00:00:00+05:30,7.1,7.2,6.9,6.95,174027
NOIDATOLL,2021-10-22 00:00:00+05:30,7.1,7.25,6.9,7.25,208324
NOIDATOLL,2021-10-25 00:00:00+05:30,7.25,7.3,6.9,6.9,118373
NOIDATOLL,2021-10-26 00:00:00+05:30,6.85,7.0,6.6,6.75,125735
NOIDATOLL,2021-10-27 00:00:00+05:30,6.65,6.85,6.6,6.8,164803
NOIDATOLL,2021-10-28 00:00:00+05:30,6.7,6.95,6.65,6.7,72541
NOIDATOLL,2021-10-29 00:00:00+05:30,6.85,7.0,6.65,6.85,121363
NOIDATOLL,2021-11-01 00:00:00+05:30,7.0,7.15,6.85,7.15,219786
NOIDATOLL,2021-11-02 00:00:00+05:30,7.45,7.45,6.85,7.25,160677
NOIDATOLL,2021-11-03 00:00:00+05:30,7.35,7.4,7.05,7.1,101487
NOIDATOLL,2021-11-04 00:00:00+05:30,7.4,7.4,7.0,7.05,39326
NOIDATOLL,2021-11-08 00:00:00+05:30,7.2,7.25,7.0,7.15,83995
NOIDATOLL,2021-11-09 00:00:00+05:30,7.2,7.35,6.9,7.0,244517
NOIDATOLL,2021-11-10 00:00:00+05:30,7.2,7.3,7.05,7.15,152503
NOIDATOLL,2021-11-11 00:00:00+05:30,7.3,7.35,7.1,7.15,76063
NOIDATOLL,2021-11-12 00:00:00+05:30,7.15,7.3,6.85,6.95,157490
NOIDATOLL,2021-11-15 00:00:00+05:30,7.05,7.25,6.95,7.2,364833
NOIDATOLL,2021-11-16 00:00:00+05:30,7.15,7.3,7.05,7.1,99825
NOIDATOLL,2021-11-17 00:00:00+05:30,7.2,7.2,6.85,6.9,89820
NOIDATOLL,2021-11-18 00:00:00+05:30,6.9,7.0,6.85,6.9,45370
NOIDATOLL,2021-11-22 00:00:00+05:30,7.05,7.05,6.75,6.8,57883
NOIDATOLL,2021-11-23 00:00:00+05:30,6.8,6.95,6.7,6.95,60260
NOIDATOLL,2021-11-24 00:00:00+05:30,7.05,7.1,6.8,6.85,104743
NOIDATOLL,2021-11-25 00:00:00+05:30,6.95,7.15,6.8,7.0,134782
NOIDATOLL,2021-11-26 00:00:00+05:30,7.0,7.35,6.95,7.35,502128
NOIDATOLL,2021-11-29 00:00:00+05:30,7.65,7.7,7.1,7.7,476882
NOIDATOLL,2021-11-30 00:00:00+05:30,7.65,7.65,7.35,7.35,346787
NOIDATOLL,2021-12-01 00:00:00+05:30,7.1,7.7,7.1,7.7,308487
NOIDATOLL,2021-12-02 00:00:00+05:30,8.05,8.05,7.4,7.5,229935
NOIDATOLL,2021-12-03 00:00:00+05:30,7.5,7.6,7.35,7.5,209090
NOIDATOLL,2021-12-06 00:00:00+05:30,7.6,7.85,7.35,7.8,479564
NOIDATOLL,2021-12-07 00:00:00+05:30,7.95,8.15,7.8,8.0,213143
NOIDATOLL,2021-12-08 00:00:00+05:30,8.2,8.2,7.7,7.8,517147
NOIDATOLL,2021-12-09 00:00:00+05:30,7.7,8.05,7.7,8.0,184144
NOIDATOLL,2021-12-10 00:00:00+05:30,8.25,8.4,8.0,8.25,662498
NOIDATOLL,2021-12-13 00:00:00+05:30,8.5,8.5,8.2,8.25,356063
NOIDATOLL,2021-12-14 00:00:00+05:30,8.35,8.35,8.05,8.15,80407
NOIDATOLL,2021-12-15 00:00:00+05:30,8.3,8.4,8.0,8.15,205591
NOIDATOLL,2021-12-16 00:00:00+05:30,8.2,8.45,7.95,8.05,314458
NOIDATOLL,2021-12-17 00:00:00+05:30,7.95,8.15,7.65,7.7,371642
NOIDATOLL,2021-12-20 00:00:00+05:30,7.65,7.8,7.35,7.35,93416
NOIDATOLL,2021-12-21 00:00:00+05:30,7.4,7.4,7.05,7.05,225897
NOIDATOLL,2021-12-22 00:00:00+05:30,7.1,7.4,7.1,7.3,123391
NOIDATOLL,2021-12-23 00:00:00+05:30,7.5,7.65,7.3,7.65,118033
NOIDATOLL,2021-12-24 00:00:00+05:30,7.8,7.8,7.35,7.45,109767
NOIDATOLL,2021-12-27 00:00:00+05:30,7.7,7.8,7.6,7.8,142124
NOIDATOLL,2021-12-28 00:00:00+05:30,8.1,8.15,8.05,8.15,367232
NOIDATOLL,2021-12-29 00:00:00+05:30,8.15,8.55,8.15,8.55,292704
NOIDATOLL,2021-12-30 00:00:00+05:30,8.55,8.95,8.15,8.25,422620
NOIDATOLL,2021-12-31 00:00:00+05:30,8.35,8.65,7.85,8.35,261329
NOIDATOLL,2022-01-03 00:00:00+05:30,8.35,8.75,8.2,8.75,461345
NOIDATOLL,2022-01-04 00:00:00+05:30,9.1,9.15,8.5,8.55,565635
NOIDATOLL,2022-01-05 00:00:00+05:30,8.65,8.65,8.15,8.15,516970
NOIDATOLL,2022-01-06 00:00:00+05:30,8.0,8.55,7.9,8.55,367432
NOIDATOLL,2022-01-07 00:00:00+05:30,8.95,8.95,8.5,8.95,507749
NOIDATOLL,2022-01-10 00:00:00+05:30,9.35,9.35,9.3,9.35,111954
NOIDATOLL,2022-01-11 00:00:00+05:30,9.75,9.8,9.3,9.8,588691
NOIDATOLL,2022-01-12 00:00:00+05:30,10.2,10.25,9.8,9.9,679021
NOIDATOLL,2022-01-13 00:00:00+05:30,10.2,10.2,9.45,9.75,515570
NOIDATOLL,2022-01-14 00:00:00+05:30,9.75,9.95,9.55,9.9,209348
NOIDATOLL,2022-01-17 00:00:00+05:30,9.95,10.15,9.7,9.85,297432
NOIDATOLL,2022-01-18 00:00:00+05:30,10.05,10.05,9.4,9.4,470688
NOIDATOLL,2022-01-19 00:00:00+05:30,9.55,9.55,9.0,9.05,274735
NOIDATOLL,2022-01-20 00:00:00+05:30,8.95,9.1,8.6,8.75,403066
NOIDATOLL,2022-01-21 00:00:00+05:30,8.85,8.9,8.35,8.45,230304
NOIDATOLL,2022-01-24 00:00:00+05:30,8.5,8.5,8.05,8.05,239202
NOIDATOLL,2022-01-25 00:00:00+05:30,7.75,8.15,7.65,7.8,295387
NOIDATOLL,2022-01-27 00:00:00+05:30,8.0,8.15,7.6,8.15,132808
NOIDATOLL,2022-01-28 00:00:00+05:30,8.25,8.55,8.15,8.55,87987
NOIDATOLL,2022-01-31 00:00:00+05:30,8.9,8.9,8.25,8.45,264337
NOIDATOLL,2022-02-01 00:00:00+05:30,8.5,8.8,8.3,8.45,151883
NOIDATOLL,2022-02-02 00:00:00+05:30,8.65,8.75,8.2,8.65,186374
NOIDATOLL,2022-02-03 00:00:00+05:30,8.65,8.85,8.45,8.7,91279
NOIDATOLL,2022-02-04 00:00:00+05:30,8.95,8.95,8.4,8.55,140104
NOIDATOLL,2022-02-07 00:00:00+05:30,8.55,8.8,8.2,8.35,134258
NOIDATOLL,2022-02-08 00:00:00+05:30,8.4,8.8,8.3,8.55,155905
NOIDATOLL,2022-02-09 00:00:00+05:30,8.7,8.7,8.3,8.4,60238
NOIDATOLL,2022-02-10 00:00:00+05:30,8.25,9.15,8.25,8.55,358600
NOIDATOLL,2022-02-11 00:00:00+05:30,8.55,8.75,8.3,8.45,101347
NOIDATOLL,2022-02-14 00:00:00+05:30,8.2,8.35,7.8,7.8,134827
NOIDATOLL,2022-02-15 00:00:00+05:30,7.5,8.35,7.45,8.2,121578
NOIDATOLL,2022-02-16 00:00:00+05:30,8.4,8.4,7.9,8.0,66498
NOIDATOLL,2022-02-17 00:00:00+05:30,8.0,8.2,7.3,7.6,114719
NOIDATOLL,2022-02-18 00:00:00+05:30,7.5,7.9,7.3,7.75,84725
NOIDATOLL,2022-02-21 00:00:00+05:30,7.65,7.7,7.05,7.1,354093
NOIDATOLL,2022-02-22 00:00:00+05:30,7.0,7.8,6.55,7.8,239010
NOIDATOLL,2022-02-23 00:00:00+05:30,8.55,8.55,8.55,8.55,113564
NOIDATOLL,2022-02-24 00:00:00+05:30,8.4,8.4,7.7,7.7,374789
NOIDATOLL,2022-02-25 00:00:00+05:30,7.95,8.45,7.8,8.35,464919
NOIDATOLL,2022-02-28 00:00:00+05:30,8.3,8.75,7.8,8.2,242930
NOIDATOLL,2022-03-02 00:00:00+05:30,8.35,8.45,7.95,8.15,167503
NOIDATOLL,2022-03-03 00:00:00+05:30,8.45,8.45,8.0,8.1,123583
NOIDATOLL,2022-03-04 00:00:00+05:30,8.4,8.4,7.75,7.95,135125
NOIDATOLL,2022-03-07 00:00:00+05:30,7.45,8.2,7.45,7.95,88801
NOIDATOLL,2022-03-08 00:00:00+05:30,8.05,8.3,7.75,8.05,101468
NOIDATOLL,2022-03-09 00:00:00+05:30,8.3,8.85,8.15,8.8,755154
NOIDATOLL,2022-03-10 00:00:00+05:30,9.25,9.3,8.55,8.7,191292
NOIDATOLL,2022-03-11 00:00:00+05:30,8.9,8.95,8.4,8.5,159181
NOIDATOLL,2022-03-14 00:00:00+05:30,8.9,8.9,8.1,8.15,265801
NOIDATOLL,2022-03-15 00:00:00+05:30,8.15,8.3,7.95,8.0,172620
NOIDATOLL,2022-03-16 00:00:00+05:30,8.2,8.4,7.9,8.05,240499
NOIDATOLL,2022-03-17 00:00:00+05:30,8.25,8.3,8.0,8.05,112161
NOIDATOLL,2022-03-21 00:00:00+05:30,8.15,8.25,7.95,8.05,119915
NOIDATOLL,2022-03-22 00:00:00+05:30,8.25,8.3,8.0,8.0,72140
NOIDATOLL,2022-03-23 00:00:00+05:30,8.2,8.4,8.0,8.05,224095
NOIDATOLL,2022-03-24 00:00:00+05:30,8.1,8.2,7.95,8.05,102201
NOIDATOLL,2022-03-25 00:00:00+05:30,8.1,8.2,7.9,8.0,98205
NOIDATOLL,2022-03-28 00:00:00+05:30,8.25,8.25,7.7,7.95,226028
NOIDATOLL,2022-03-29 00:00:00+05:30,7.8,8.05,7.45,7.6,228237
NOIDATOLL,2022-03-30 00:00:00+05:30,7.45,7.8,7.45,7.45,163485
NOIDATOLL,2022-03-31 00:00:00+05:30,7.45,7.75,7.4,7.4,132845
NOIDATOLL,2022-04-01 00:00:00+05:30,7.65,7.7,7.4,7.65,239711
NOIDATOLL,2022-04-04 00:00:00+05:30,7.8,7.95,7.7,7.9,117781
NOIDATOLL,2022-04-05 00:00:00+05:30,8.1,8.1,7.65,7.85,253250
NOIDATOLL,2022-04-06 00:00:00+05:30,7.95,8.0,7.75,7.85,166174
NOIDATOLL,2022-04-07 00:00:00+05:30,8.05,8.2,7.85,7.95,214306
NOIDATOLL,2022-04-08 00:00:00+05:30,8.0,8.1,7.65,7.85,233524
NOIDATOLL,2022-04-11 00:00:00+05:30,7.8,7.95,7.65,7.8,155054
NOIDATOLL,2022-04-12 00:00:00+05:30,7.9,8.1,7.75,7.85,168543
NOIDATOLL,2022-04-13 00:00:00+05:30,7.9,8.15,7.85,8.0,141167
NOIDATOLL,2022-04-18 00:00:00+05:30,8.15,8.15,7.85,7.9,81336
NOIDATOLL,2022-04-19 00:00:00+05:30,8.0,8.15,7.85,8.0,188885
NOIDATOLL,2022-04-20 00:00:00+05:30,8.2,8.2,7.85,8.05,294656
NOIDATOLL,2022-04-21 00:00:00+05:30,8.2,8.2,7.9,8.0,108157
NOIDATOLL,2022-04-22 00:00:00+05:30,8.0,8.2,7.8,8.15,160230
NOIDATOLL,2022-04-25 00:00:00+05:30,8.15,8.15,7.7,7.75,340269
NOIDATOLL,2022-04-26 00:00:00+05:30,7.85,8.0,7.8,7.85,84203
NOIDATOLL,2022-04-27 00:00:00+05:30,7.9,8.0,7.6,7.95,173428
NOIDATOLL,2022-04-28 00:00:00+05:30,8.05,8.05,7.65,7.8,115388
NOIDATOLL,2022-04-29 00:00:00+05:30,7.65,8.0,7.65,7.9,60009
NOIDATOLL,2022-05-02 00:00:00+05:30,8.05,8.05,7.6,7.85,57212
NOIDATOLL,2022-05-04 00:00:00+05:30,7.7,9.4,7.55,8.55,484437
NOIDATOLL,2022-05-05 00:00:00+05:30,9.0,9.1,8.35,8.4,299265
NOIDATOLL,2022-05-06 00:00:00+05:30,8.45,9.0,8.05,8.1,195936
NOIDATOLL,2022-05-09 00:00:00+05:30,8.0,8.25,7.8,8.15,95002
NOIDATOLL,2022-05-10 00:00:00+05:30,8.3,8.3,7.15,7.3,333813
NOIDATOLL,2022-05-11 00:00:00+05:30,7.45,7.5,6.85,7.25,132137
NOIDATOLL,2022-05-12 00:00:00+05:30,7.3,7.3,6.6,6.85,89404
NOIDATOLL,2022-05-13 00:00:00+05:30,6.95,7.4,6.9,7.3,171773
NOIDATOLL,2022-05-16 00:00:00+05:30,7.8,8.0,7.35,7.5,54740
NOIDATOLL,2022-05-17 00:00:00+05:30,7.4,7.8,6.9,7.15,118389
NOIDATOLL,2022-05-18 00:00:00+05:30,7.15,7.45,5.95,6.75,492155
NOIDATOLL,2022-05-19 00:00:00+05:30,6.55,6.9,6.55,6.8,80692
NOIDATOLL,2022-05-20 00:00:00+05:30,6.95,7.0,6.75,6.85,62786
NOIDATOLL,2022-05-23 00:00:00+05:30,6.8,6.95,6.75,6.9,23204
NOIDATOLL,2022-05-24 00:00:00+05:30,7.05,7.05,6.65,6.75,69755
NOIDATOLL,2022-05-25 00:00:00+05:30,6.75,6.85,6.55,6.6,95452
NOIDATOLL,2022-05-26 00:00:00+05:30,6.75,6.75,5.6,6.2,268653
NOIDATOLL,2022-05-27 00:00:00+05:30,6.35,6.45,6.2,6.3,81455
NOIDATOLL,2022-05-30 00:00:00+05:30,6.45,6.45,6.0,6.15,124221
NOIDATOLL,2022-05-31 00:00:00+05:30,6.2,7.2,6.0,6.55,185820
NOIDATOLL,2022-06-01 00:00:00+05:30,6.6,6.85,6.45,6.7,82493
NOIDATOLL,2022-06-02 00:00:00+05:30,6.75,7.1,6.7,6.75,120107
NOIDATOLL,2022-06-03 00:00:00+05:30,6.85,6.85,5.55,5.75,1266900
NOIDATOLL,2022-06-06 00:00:00+05:30,6.0,6.9,6.0,6.9,1315739
NOIDATOLL,2022-06-07 00:00:00+05:30,7.15,8.25,7.15,8.2,4241733
NOIDATOLL,2022-06-08 00:00:00+05:30,8.55,9.65,7.65,8.95,5125659
NOIDATOLL,2022-06-09 00:00:00+05:30,8.85,8.9,7.95,8.1,1134534
NOIDATOLL,2022-06-10 00:00:00+05:30,8.0,8.2,7.15,7.7,335955
NOIDATOLL,2022-06-13 00:00:00+05:30,7.65,7.95,7.0,7.15,432230
NOIDATOLL,2022-06-14 00:00:00+05:30,6.6,8.55,6.6,8.55,2137296
NOIDATOLL,2022-06-15 00:00:00+05:30,8.7,8.75,7.75,7.9,1623624
NOIDATOLL,2022-06-16 00:00:00+05:30,8.1,8.2,7.5,7.9,581998
NOIDATOLL,2022-06-17 00:00:00+05:30,7.9,8.0,7.45,7.6,249672
NOIDATOLL,2022-06-20 00:00:00+05:30,7.7,7.95,7.15,7.25,229298
NOIDATOLL,2022-06-21 00:00:00+05:30,7.75,8.1,7.25,7.5,651089
NOIDATOLL,2022-06-22 00:00:00+05:30,7.6,7.75,7.2,7.35,187809
NOIDATOLL,2022-06-23 00:00:00+05:30,7.35,7.7,7.35,7.4,182549
NOIDATOLL,2022-06-24 00:00:00+05:30,7.7,7.7,7.35,7.4,84133
NOIDATOLL,2022-06-27 00:00:00+05:30,7.25,8.3,7.25,7.55,219638
NOIDATOLL,2022-06-28 00:00:00+05:30,7.45,7.75,7.05,7.4,165813
NOIDATOLL,2022-06-29 00:00:00+05:30,7.2,7.55,7.2,7.4,116754
NOIDATOLL,2022-06-30 00:00:00+05:30,7.3,7.5,7.1,7.2,105030
NOIDATOLL,2022-07-01 00:00:00+05:30,6.9,7.25,6.9,7.15,189017
NOIDATOLL,2022-07-04 00:00:00+05:30,7.1,7.3,7.05,7.1,90329
NOIDATOLL,2022-07-05 00:00:00+05:30,7.25,7.25,7.05,7.1,72156
NOIDATOLL,2022-07-06 00:00:00+05:30,7.05,7.45,7.05,7.3,182691
NOIDATOLL,2022-07-07 00:00:00+05:30,7.3,7.4,7.1,7.2,79751
NOIDATOLL,2022-07-08 00:00:00+05:30,7.1,7.35,7.1,7.2,80793
NOIDATOLL,2022-07-11 00:00:00+05:30,7.2,7.85,7.1,7.65,382162
NOIDATOLL,2022-07-12 00:00:00+05:30,7.8,7.8,7.4,7.5,134358
NOIDATOLL,2022-07-13 00:00:00+05:30,7.75,7.75,7.45,7.55,33958
NOIDATOLL,2022-07-14 00:00:00+05:30,7.6,7.65,7.4,7.5,35980
NOIDATOLL,2022-07-15 00:00:00+05:30,7.4,7.6,6.6,7.15,159772
NOIDATOLL,2022-07-18 00:00:00+05:30,7.15,7.45,7.15,7.15,94993
NOIDATOLL,2022-07-19 00:00:00+05:30,7.15,7.6,6.7,7.2,135203
NOIDATOLL,2022-07-20 00:00:00+05:30,7.2,7.45,7.1,7.4,130880
NOIDATOLL,2022-07-21 00:00:00+05:30,7.55,7.55,7.2,7.35,83739
NOIDATOLL,2022-07-22 00:00:00+05:30,7.25,7.4,7.25,7.35,56929
NOIDATOLL,2022-07-25 00:00:00+05:30,7.35,7.35,7.2,7.2,36275
NOIDATOLL,2022-07-26 00:00:00+05:30,7.2,7.35,6.8,7.1,82563
NOIDATOLL,2022-07-27 00:00:00+05:30,7.05,7.25,7.05,7.1,40405
NOIDATOLL,2022-07-28 00:00:00+05:30,7.3,7.3,7.0,7.0,68882
NOIDATOLL,2022-07-29 00:00:00+05:30,7.15,7.2,7.0,7.05,85634
NOIDATOLL,2022-08-01 00:00:00+05:30,7.05,7.15,7.0,7.1,115473
NOIDATOLL,2022-08-02 00:00:00+05:30,7.0,7.4,7.0,7.25,144214
NOIDATOLL,2022-08-03 00:00:00+05:30,7.3,7.3,7.1,7.15,99204
NOIDATOLL,2022-08-04 00:00:00+05:30,7.3,7.3,7.05,7.15,178606
NOIDATOLL,2022-08-05 00:00:00+05:30,7.1,7.35,7.1,7.15,197099
NOIDATOLL,2022-08-08 00:00:00+05:30,7.3,7.35,7.15,7.25,62346
NOIDATOLL,2022-08-10 00:00:00+05:30,7.25,7.4,7.2,7.3,67600
NOIDATOLL,2022-08-11 00:00:00+05:30,7.4,7.4,7.2,7.3,69006
NOIDATOLL,2022-08-12 00:00:00+05:30,7.4,8.0,7.25,7.7,490963
NOIDATOLL,2022-08-16 00:00:00+05:30,7.85,7.85,7.0,7.4,270896
NOIDATOLL,2022-08-17 00:00:00+05:30,7.5,7.55,7.25,7.3,68368
NOIDATOLL,2022-08-18 00:00:00+05:30,7.45,7.45,7.25,7.25,92881
NOIDATOLL,2022-08-19 00:00:00+05:30,7.3,7.4,7.15,7.2,78153
NOIDATOLL,2022-08-22 00:00:00+05:30,7.35,8.0,7.15,7.35,185648
NOIDATOLL,2022-08-23 00:00:00+05:30,7.35,7.5,7.25,7.3,112667
NOIDATOLL,2022-08-24 00:00:00+05:30,7.4,7.4,7.2,7.25,71288
NOIDATOLL,2022-08-25 00:00:00+05:30,7.35,7.35,7.15,7.3,126651
NOIDATOLL,2022-08-26 00:00:00+05:30,7.25,7.3,7.05,7.15,162896
NOIDATOLL,2022-08-29 00:00:00+05:30,7.15,7.15,7.0,7.15,109817
NOIDATOLL,2022-08-30 00:00:00+05:30,7.25,7.3,7.1,7.15,199591
NOIDATOLL,2022-09-01 00:00:00+05:30,7.25,7.25,7.1,7.2,75734
NOIDATOLL,2022-09-02 00:00:00+05:30,7.2,7.3,7.15,7.15,90068
NOIDATOLL,2022-09-05 00:00:00+05:30,7.15,7.4,7.1,7.25,241773
NOIDATOLL,2022-09-06 00:00:00+05:30,7.35,7.75,7.25,7.4,238028
NOIDATOLL,2022-09-07 00:00:00+05:30,7.45,8.85,7.35,8.85,1441211
NOIDATOLL,2022-09-08 00:00:00+05:30,8.95,9.7,8.35,9.15,2220287
NOIDATOLL,2022-09-09 00:00:00+05:30,9.0,9.45,8.4,8.6,527070
NOIDATOLL,2022-09-12 00:00:00+05:30,8.6,10.25,8.35,10.1,1565733
NOIDATOLL,2022-09-13 00:00:00+05:30,10.35,10.35,9.35,9.45,832240
NOIDATOLL,2022-09-14 00:00:00+05:30,9.35,9.95,9.35,9.6,508344
NOIDATOLL,2022-09-15 00:00:00+05:30,9.5,9.7,9.2,9.25,386443
NOIDATOLL,2022-09-16 00:00:00+05:30,9.4,9.4,8.6,8.7,366941
NOIDATOLL,2022-09-19 00:00:00+05:30,8.85,9.65,8.55,8.85,511245
NOIDATOLL,2022-09-20 00:00:00+05:30,9.15,9.15,8.25,8.3,294643
NOIDATOLL,2022-09-21 00:00:00+05:30,8.7,8.7,8.05,8.15,218281
NOIDATOLL,2022-09-22 00:00:00+05:30,8.05,8.7,8.05,8.25,294608
NOIDATOLL,2022-09-23 00:00:00+05:30,8.4,8.4,8.05,8.15,141459
NOIDATOLL,2022-09-26 00:00:00+05:30,8.25,8.25,7.75,7.85,188660
NOIDATOLL,2022-09-27 00:00:00+05:30,8.0,8.15,7.75,7.95,62451
NOIDATOLL,2022-09-28 00:00:00+05:30,8.1,8.1,7.8,7.85,70375
NOIDATOLL,2022-09-29 00:00:00+05:30,7.95,8.0,7.8,7.9,54793
NOIDATOLL,2022-09-30 00:00:00+05:30,8.1,8.1,7.35,7.5,195824
NOIDATOLL,2022-10-03 00:00:00+05:30,7.85,7.85,7.55,7.6,84040
NOIDATOLL,2022-10-04 00:00:00+05:30,7.75,7.85,7.6,7.75,73187
NOIDATOLL,2022-10-06 00:00:00+05:30,7.95,8.0,7.4,7.95,200773
NOIDATOLL,2022-10-07 00:00:00+05:30,8.1,8.4,7.85,8.3,414109
NOIDATOLL,2022-10-10 00:00:00+05:30,8.3,8.5,8.2,8.4,253610
NOIDATOLL,2022-10-11 00:00:00+05:30,8.65,8.7,7.5,7.8,263334
NOIDATOLL,2022-10-12 00:00:00+05:30,7.8,8.1,7.7,7.95,144934
NOIDATOLL,2022-10-13 00:00:00+05:30,8.0,8.1,7.85,8.0,85637
NOIDATOLL,2022-10-14 00:00:00+05:30,8.1,8.1,7.85,7.95,106267
NOIDATOLL,2022-10-17 00:00:00+05:30,7.95,8.05,7.75,7.85,143462
NOIDATOLL,2022-10-18 00:00:00+05:30,7.95,8.0,7.85,7.9,21065
NOIDATOLL,2022-10-19 00:00:00+05:30,7.75,8.0,7.75,7.8,58393
NOIDATOLL,2022-10-20 00:00:00+05:30,7.8,8.05,7.7,7.75,89357
NOIDATOLL,2022-10-21 00:00:00+05:30,7.8,7.95,7.7,7.85,47018
NOIDATOLL,2022-10-24 00:00:00+05:30,8.05,8.05,7.8,7.95,49725
NOIDATOLL,2022-10-25 00:00:00+05:30,8.0,8.4,7.85,7.95,97286
NOIDATOLL,2022-10-27 00:00:00+05:30,8.1,8.1,7.8,7.85,44533
NOIDATOLL,2022-10-28 00:00:00+05:30,7.8,8.1,7.6,7.75,75038
NOIDATOLL,2022-10-31 00:00:00+05:30,7.9,9.0,7.7,8.1,407535
NOIDATOLL,2022-11-01 00:00:00+05:30,8.15,8.2,8.0,8.05,163806
NOIDATOLL,2022-11-02 00:00:00+05:30,8.2,8.85,7.95,8.25,307976
NOIDATOLL,2022-11-03 00:00:00+05:30,8.35,8.35,7.9,8.1,166005
NOIDATOLL,2022-11-04 00:00:00+05:30,8.2,8.3,8.05,8.25,140906
NOIDATOLL,2022-11-07 00:00:00+05:30,8.45,8.6,8.15,8.3,215512
NOIDATOLL,2022-11-09 00:00:00+05:30,8.2,8.25,8.0,8.05,121496
NOIDATOLL,2022-11-10 00:00:00+05:30,8.05,8.2,7.9,7.95,68915
NOIDATOLL,2022-11-11 00:00:00+05:30,8.1,8.1,7.9,7.95,63417
NOIDATOLL,2022-11-14 00:00:00+05:30,8.1,8.1,7.9,8.0,80330
NOIDATOLL,2022-11-15 00:00:00+05:30,8.0,8.05,7.95,7.95,91278
NOIDATOLL,2022-11-16 00:00:00+05:30,7.95,8.05,7.9,7.95,28684
NOIDATOLL,2022-11-17 00:00:00+05:30,7.9,8.0,7.85,7.95,69834
NOIDATOLL,2022-11-18 00:00:00+05:30,8.0,8.0,7.85,7.95,21110
NOIDATOLL,2022-11-21 00:00:00+05:30,7.95,8.0,7.65,7.9,125753
NOIDATOLL,2022-11-22 00:00:00+05:30,8.0,8.0,7.7,7.85,40242
NOIDATOLL,2022-11-23 00:00:00+05:30,7.85,8.1,7.75,7.85,103337
NOIDATOLL,2022-11-24 00:00:00+05:30,8.0,8.0,7.8,7.95,72346
NOIDATOLL,2022-11-25 00:00:00+05:30,7.95,8.15,7.85,8.0,239118
NOIDATOLL,2022-11-28 00:00:00+05:30,7.8,8.05,7.8,7.9,125372
NOIDATOLL,2022-11-29 00:00:00+05:30,8.0,8.0,7.9,7.95,155802
NOIDATOLL,2022-11-30 00:00:00+05:30,7.9,8.0,7.85,7.85,129636
NOIDATOLL,2022-12-01 00:00:00+05:30,8.0,8.0,7.8,7.85,64978
NOIDATOLL,2022-12-02 00:00:00+05:30,7.95,8.1,7.5,8.05,248602
NOIDATOLL,2022-12-05 00:00:00+05:30,8.1,8.15,7.8,7.9,202790
NOIDATOLL,2022-12-06 00:00:00+05:30,7.95,8.15,7.9,8.0,145019
NOIDATOLL,2022-12-07 00:00:00+05:30,7.95,8.2,7.9,8.1,343751
NOIDATOLL,2022-12-08 00:00:00+05:30,8.15,8.15,7.95,8.0,132642
NOIDATOLL,2022-12-09 00:00:00+05:30,8.35,8.4,8.05,8.15,243448
NOIDATOLL,2022-12-12 00:00:00+05:30,8.0,8.4,8.0,8.2,162733
NOIDATOLL,2022-12-13 00:00:00+05:30,8.35,8.35,8.15,8.2,97814
NOIDATOLL,2022-12-14 00:00:00+05:30,8.2,8.25,8.05,8.05,114450
NOIDATOLL,2022-12-15 00:00:00+05:30,8.0,8.3,8.0,8.1,209209
NOIDATOLL,2022-12-16 00:00:00+05:30,8.3,8.3,8.05,8.1,101288
NOIDATOLL,2022-12-19 00:00:00+05:30,8.25,8.25,8.05,8.15,142723
NOIDATOLL,2022-12-20 00:00:00+05:30,8.15,8.2,8.0,8.15,197513
NOIDATOLL,2022-12-21 00:00:00+05:30,8.2,8.25,7.9,8.05,194387
NOIDATOLL,2022-12-22 00:00:00+05:30,7.9,8.1,7.3,7.95,208712
NOIDATOLL,2022-12-23 00:00:00+05:30,7.9,7.95,7.55,7.65,337110
NOIDATOLL,2022-12-26 00:00:00+05:30,7.5,7.9,7.5,7.8,47180
NOIDATOLL,2022-12-27 00:00:00+05:30,8.1,8.1,7.8,7.85,65133
NOIDATOLL,2022-12-28 00:00:00+05:30,8.0,8.0,7.85,7.95,27539
NOIDATOLL,2022-12-29 00:00:00+05:30,7.95,7.95,7.85,7.85,36687
NOIDATOLL,2022-12-30 00:00:00+05:30,8.0,8.0,7.75,7.8,64276
NOIDATOLL,2023-01-02 00:00:00+05:30,7.95,8.35,7.75,8.0,211976
NOIDATOLL,2023-01-03 00:00:00+05:30,8.2,8.2,7.85,7.9,52645
NOIDATOLL,2023-01-04 00:00:00+05:30,7.95,8.05,7.75,7.9,102781
NOIDATOLL,2023-01-05 00:00:00+05:30,8.0,8.0,7.8,7.9,35131
NOIDATOLL,2023-01-06 00:00:00+05:30,7.95,7.95,7.8,7.9,24124
NOIDATOLL,2023-01-09 00:00:00+05:30,7.65,7.95,7.65,7.8,49992
NOIDATOLL,2023-01-10 00:00:00+05:30,7.9,7.9,7.8,7.8,48865
NOIDATOLL,2023-01-11 00:00:00+05:30,7.9,7.9,7.7,7.75,115649
NOIDATOLL,2023-01-12 00:00:00+05:30,7.85,8.2,7.75,8.05,186286
NOIDATOLL,2023-01-13 00:00:00+05:30,8.1,8.1,7.8,7.95,92068
NOIDATOLL,2023-01-16 00:00:00+05:30,7.8,8.0,7.8,7.85,10615
NOIDATOLL,2023-01-17 00:00:00+05:30,8.2,8.2,7.85,7.95,35648
NOIDATOLL,2023-01-18 00:00:00+05:30,8.1,8.1,7.85,7.9,31394
NOIDATOLL,2023-01-19 00:00:00+05:30,7.8,7.95,7.8,7.85,19261
NOIDATOLL,2023-01-20 00:00:00+05:30,7.85,7.95,7.75,7.85,33205
NOIDATOLL,2023-01-23 00:00:00+05:30,7.95,7.95,7.75,7.85,27719
NOIDATOLL,2023-01-24 00:00:00+05:30,7.8,7.9,7.75,7.8,18504
NOIDATOLL,2023-01-25 00:00:00+05:30,7.9,7.9,7.65,7.65,22965
NOIDATOLL,2023-01-27 00:00:00+05:30,7.8,7.8,7.2,7.55,344825
NOIDATOLL,2023-01-30 00:00:00+05:30,7.75,7.75,7.5,7.55,32698
NOIDATOLL,2023-01-31 00:00:00+05:30,7.7,7.7,7.55,7.6,29061
NOIDATOLL,2023-02-01 00:00:00+05:30,7.85,7.85,7.2,7.3,66243
NOIDATOLL,2023-02-02 00:00:00+05:30,7.55,7.6,6.05,6.7,370714
NOIDATOLL,2023-02-03 00:00:00+05:30,6.95,8.0,6.75,7.75,403542
NOIDATOLL,2023-02-06 00:00:00+05:30,7.95,8.0,7.1,7.55,138773
NOIDATOLL,2023-02-07 00:00:00+05:30,7.75,7.75,7.2,7.4,24492
NOIDATOLL,2023-02-08 00:00:00+05:30,7.55,7.65,7.1,7.25,122136
NOIDATOLL,2023-02-09 00:00:00+05:30,7.5,7.5,6.95,7.1,87957
NOIDATOLL,2023-02-10 00:00:00+05:30,7.0,7.25,7.0,7.0,305383
NOIDATOLL,2023-02-13 00:00:00+05:30,7.1,7.1,6.8,6.85,272733
NOIDATOLL,2023-02-14 00:00:00+05:30,6.85,7.0,6.8,6.9,81335
NOIDATOLL,2023-02-15 00:00:00+05:30,7.1,7.1,6.75,6.9,143638
NOIDATOLL,2023-02-16 00:00:00+05:30,7.05,7.05,6.85,6.95,24112
NOIDATOLL,2023-02-17 00:00:00+05:30,7.0,7.0,6.2,6.8,182784
NOIDATOLL,2023-02-20 00:00:00+05:30,6.95,7.0,6.75,7.0,66250
NOIDATOLL,2023-02-21 00:00:00+05:30,7.0,7.0,6.85,6.9,35448
NOIDATOLL,2023-02-22 00:00:00+05:30,6.9,7.05,6.6,6.8,118724
NOIDATOLL,2023-02-23 00:00:00+05:30,6.95,7.05,6.75,6.9,67989
NOIDATOLL,2023-02-24 00:00:00+05:30,6.9,7.05,6.75,6.95,75600
NOIDATOLL,2023-02-27 00:00:00+05:30,6.95,7.05,6.85,6.95,40442
NOIDATOLL,2023-02-28 00:00:00+05:30,6.85,7.0,6.85,6.9,25812
NOIDATOLL,2023-03-01 00:00:00+05:30,6.8,7.15,6.8,7.0,38776
NOIDATOLL,2023-03-02 00:00:00+05:30,7.35,7.35,6.95,6.95,27558
NOIDATOLL,2023-03-03 00:00:00+05:30,6.95,7.15,6.1,7.0,117300
NOIDATOLL,2023-03-06 00:00:00+05:30,7.0,7.2,6.9,7.05,118356
NOIDATOLL,2023-03-08 00:00:00+05:30,6.9,7.2,6.9,7.0,108770
NOIDATOLL,2023-03-09 00:00:00+05:30,6.85,7.9,6.85,7.0,86532
NOIDATOLL,2023-03-10 00:00:00+05:30,6.95,7.15,6.95,7.05,122918
NOIDATOLL,2023-03-13 00:00:00+05:30,7.1,7.1,6.8,6.9,57002
NOIDATOLL,2023-03-14 00:00:00+05:30,7.05,7.05,6.7,6.8,162537
NOIDATOLL,2023-03-15 00:00:00+05:30,6.95,6.95,6.8,6.8,31842
NOIDATOLL,2023-03-16 00:00:00+05:30,6.8,7.0,6.8,6.9,49270
NOIDATOLL,2023-03-17 00:00:00+05:30,6.9,6.95,6.8,6.8,58006
NOIDATOLL,2023-03-20 00:00:00+05:30,6.8,6.95,6.6,6.8,45778
NOIDATOLL,2023-03-21 00:00:00+05:30,6.8,6.9,6.8,6.8,27904
NOIDATOLL,2023-03-22 00:00:00+05:30,6.95,7.0,6.75,6.8,154090
NOIDATOLL,2023-03-23 00:00:00+05:30,6.9,7.1,6.7,6.8,187593
NOIDATOLL,2023-03-24 00:00:00+05:30,6.8,7.45,6.75,7.0,185412
NOIDATOLL,2023-03-27 00:00:00+05:30,7.45,7.45,6.75,6.8,136348
NOIDATOLL,2023-03-28 00:00:00+05:30,6.9,6.9,6.75,6.75,46537
NOIDATOLL,2023-03-29 00:00:00+05:30,6.8,7.1,6.7,6.7,211111
NOIDATOLL,2023-03-31 00:00:00+05:30,6.7,6.9,6.7,6.75,115494
NOIDATOLL,2023-04-03 00:00:00+05:30,6.75,6.9,6.7,6.85,30853
NOIDATOLL,2023-04-05 00:00:00+05:30,6.85,7.05,6.75,6.85,34413
NOIDATOLL,2023-04-06 00:00:00+05:30,6.95,6.95,6.75,6.75,42686
NOIDATOLL,2023-04-10 00:00:00+05:30,6.95,6.95,6.75,6.9,11059
NOIDATOLL,2023-04-11 00:00:00+05:30,6.95,7.05,6.8,6.9,42065
NOIDATOLL,2023-04-12 00:00:00+05:30,6.9,6.95,6.8,6.85,29125
NOIDATOLL,2023-04-13 00:00:00+05:30,6.85,6.95,6.75,6.9,47139
NOIDATOLL,2023-04-17 00:00:00+05:30,6.95,7.0,6.8,6.85,26736
NOIDATOLL,2023-04-18 00:00:00+05:30,6.85,6.9,6.8,6.85,32631
NOIDATOLL,2023-04-19 00:00:00+05:30,6.9,7.0,6.8,6.9,85760
NOIDATOLL,2023-04-20 00:00:00+05:30,7.0,7.0,6.75,6.8,97746
NOIDATOLL,2023-04-21 00:00:00+05:30,6.85,6.9,6.75,6.75,24264
NOIDATOLL,2023-04-24 00:00:00+05:30,6.75,6.9,6.75,6.8,24561
NOIDATOLL,2023-04-25 00:00:00+05:30,6.9,6.9,6.75,6.75,14616
NOIDATOLL,2023-04-26 00:00:00+05:30,6.8,8.0,6.75,7.55,286776
NOIDATOLL,2023-04-27 00:00:00+05:30,7.65,8.15,7.3,7.9,365381
NOIDATOLL,2023-04-28 00:00:00+05:30,7.95,7.95,7.35,7.55,137914
NOIDATOLL,2023-05-02 00:00:00+05:30,7.55,7.75,7.3,7.65,151964
NOIDATOLL,2023-05-03 00:00:00+05:30,7.75,7.75,7.2,7.25,126160
NOIDATOLL,2023-05-04 00:00:00+05:30,7.25,7.35,7.0,7.05,145428
NOIDATOLL,2023-05-05 00:00:00+05:30,6.95,7.2,6.95,7.1,38564
NOIDATOLL,2023-05-08 00:00:00+05:30,7.15,8.0,7.0,7.4,327466
NOIDATOLL,2023-05-09 00:00:00+05:30,7.5,7.5,7.1,7.2,81018
NOIDATOLL,2023-05-10 00:00:00+05:30,7.05,7.35,7.05,7.3,52137
NOIDATOLL,2023-05-11 00:00:00+05:30,7.45,7.45,7.2,7.25,26297
NOIDATOLL,2023-05-12 00:00:00+05:30,7.3,7.3,7.0,7.05,117847
NOIDATOLL,2023-05-15 00:00:00+05:30,7.0,7.2,7.0,7.05,139847
NOIDATOLL,2023-05-16 00:00:00+05:30,7.15,7.15,7.0,7.1,64856
NOIDATOLL,2023-05-17 00:00:00+05:30,7.15,7.15,6.9,7.05,39427
NOIDATOLL,2023-05-18 00:00:00+05:30,7.05,7.1,6.95,7.0,186126
NOIDATOLL,2023-05-19 00:00:00+05:30,7.15,7.15,6.8,6.9,156230
NOIDATOLL,2023-05-22 00:00:00+05:30,6.95,7.05,6.85,7.0,104952
NOIDATOLL,2023-05-23 00:00:00+05:30,7.05,7.05,6.85,7.0,58357
NOIDATOLL,2023-05-24 00:00:00+05:30,7.0,7.1,6.9,7.0,22829
NOIDATOLL,2023-05-25 00:00:00+05:30,6.95,7.0,6.9,7.0,42306
NOIDATOLL,2023-05-26 00:00:00+05:30,7.0,7.0,6.85,6.9,66270
NOIDATOLL,2023-05-29 00:00:00+05:30,6.9,7.0,6.8,6.85,39530
NOIDATOLL,2023-05-30 00:00:00+05:30,6.85,7.0,6.8,6.85,27285
NOIDATOLL,2023-05-31 00:00:00+05:30,6.95,6.95,6.8,6.9,50867
NOIDATOLL,2023-06-01 00:00:00+05:30,6.95,6.95,6.85,6.9,37982
NOIDATOLL,2023-06-02 00:00:00+05:30,6.8,7.0,6.8,6.9,123203
NOIDATOLL,2023-06-05 00:00:00+05:30,6.95,7.0,6.8,6.85,70278
NOIDATOLL,2023-06-06 00:00:00+05:30,6.85,6.95,6.8,6.9,80049
NOIDATOLL,2023-06-07 00:00:00+05:30,6.95,7.1,6.8,7.05,152721
NOIDATOLL,2023-06-08 00:00:00+05:30,7.15,7.25,7.05,7.1,252967
NOIDATOLL,2023-06-09 00:00:00+05:30,7.1,7.4,6.8,7.1,606701
NOIDATOLL,2023-06-12 00:00:00+05:30,7.2,7.2,6.9,7.1,151324
NOIDATOLL,2023-06-13 00:00:00+05:30,7.15,7.15,7.0,7.1,55646
NOIDATOLL,2023-06-14 00:00:00+05:30,7.1,7.1,6.85,6.9,94544
NOIDATOLL,2023-06-15 00:00:00+05:30,6.85,7.05,6.85,6.95,44722
NOIDATOLL,2023-06-16 00:00:00+05:30,7.0,7.0,6.9,6.95,67502
NOIDATOLL,2023-06-19 00:00:00+05:30,6.95,7.0,6.85,6.9,92918
NOIDATOLL,2023-06-20 00:00:00+05:30,6.95,6.95,6.85,6.9,21142
NOIDATOLL,2023-06-21 00:00:00+05:30,6.95,6.95,6.85,6.9,41881
NOIDATOLL,2023-06-22 00:00:00+05:30,6.95,6.95,6.8,6.9,32718
NOIDATOLL,2023-06-23 00:00:00+05:30,6.9,6.9,6.8,6.85,31333
NOIDATOLL,2023-06-26 00:00:00+05:30,6.9,6.9,6.75,6.75,128903
NOIDATOLL,2023-06-27 00:00:00+05:30,6.85,6.85,6.7,6.8,53963
NOIDATOLL,2023-06-28 00:00:00+05:30,6.75,6.9,6.7,6.75,91824
NOIDATOLL,2023-06-30 00:00:00+05:30,6.65,6.85,6.65,6.7,86830
NOIDATOLL,2023-07-03 00:00:00+05:30,6.75,6.8,6.7,6.7,55111
NOIDATOLL,2023-07-04 00:00:00+05:30,6.7,6.9,6.65,6.75,47695
NOIDATOLL,2023-07-05 00:00:00+05:30,6.7,6.8,6.7,6.7,80703
NOIDATOLL,2023-07-06 00:00:00+05:30,6.75,6.85,6.7,6.7,117749
NOIDATOLL,2023-07-07 00:00:00+05:30,6.7,6.85,6.7,6.75,47802
NOIDATOLL,2023-07-10 00:00:00+05:30,6.75,6.85,6.65,6.7,67245
NOIDATOLL,2023-07-11 00:00:00+05:30,6.7,6.75,6.65,6.65,35454
NOIDATOLL,2023-07-12 00:00:00+05:30,6.75,6.75,6.65,6.65,87225
NOIDATOLL,2023-07-13 00:00:00+05:30,6.75,7.2,6.65,6.95,306522
NOIDATOLL,2023-07-14 00:00:00+05:30,7.15,7.15,6.9,6.95,47032
NOIDATOLL,2023-07-17 00:00:00+05:30,6.9,7.0,6.9,6.95,39880
NOIDATOLL,2023-07-18 00:00:00+05:30,6.9,7.0,6.75,6.9,88840
NOIDATOLL,2023-07-19 00:00:00+05:30,6.9,6.9,6.7,6.85,118869
NOIDATOLL,2023-07-20 00:00:00+05:30,6.9,7.0,6.85,6.85,47248
NOIDATOLL,2023-07-21 00:00:00+05:30,6.9,6.9,6.75,6.75,28965
NOIDATOLL,2023-07-24 00:00:00+05:30,6.85,6.95,6.8,6.9,53397
NOIDATOLL,2023-07-25 00:00:00+05:30,6.95,6.95,6.75,6.8,57709
NOIDATOLL,2023-07-26 00:00:00+05:30,6.85,6.85,6.75,6.8,45756
NOIDATOLL,2023-07-27 00:00:00+05:30,6.8,6.85,6.75,6.75,37721
NOIDATOLL,2023-07-28 00:00:00+05:30,6.8,6.8,6.6,6.75,77846
NOIDATOLL,2023-07-31 00:00:00+05:30,6.8,6.9,6.7,6.8,69006
NOIDATOLL,2023-08-01 00:00:00+05:30,6.7,7.0,6.7,6.8,230088
NOIDATOLL,2023-08-02 00:00:00+05:30,6.95,6.95,6.75,6.8,34605
NOIDATOLL,2023-08-03 00:00:00+05:30,6.85,6.85,6.65,6.75,108102
NOIDATOLL,2023-08-04 00:00:00+05:30,6.75,6.8,6.65,6.7,109039
NOIDATOLL,2023-08-07 00:00:00+05:30,6.7,6.85,6.65,6.75,68648
NOIDATOLL,2023-08-08 00:00:00+05:30,6.75,6.8,6.65,6.7,73586
NOIDATOLL,2023-08-09 00:00:00+05:30,6.65,6.8,6.65,6.65,58173
NOIDATOLL,2023-08-10 00:00:00+05:30,6.65,6.85,6.65,6.8,91356
NOIDATOLL,2023-08-11 00:00:00+05:30,6.7,7.1,6.65,6.7,493014
NOIDATOLL,2023-08-14 00:00:00+05:30,6.75,6.75,6.65,6.65,81024
NOIDATOLL,2023-08-16 00:00:00+05:30,6.75,6.75,6.65,6.7,48309
NOIDATOLL,2023-08-17 00:00:00+05:30,6.8,8.0,6.8,8.0,8062481
NOIDATOLL,2023-08-18 00:00:00+05:30,7.95,8.1,6.8,6.9,2971546
NOIDATOLL,2023-08-21 00:00:00+05:30,7.0,7.3,6.9,7.0,505350
NOIDATOLL,2023-08-22 00:00:00+05:30,7.05,7.3,6.9,7.05,283878
NOIDATOLL,2023-08-23 00:00:00+05:30,7.1,7.15,6.95,6.95,256816
NOIDATOLL,2023-08-24 00:00:00+05:30,7.05,7.05,6.8,6.85,257331
NOIDATOLL,2023-08-25 00:00:00+05:30,6.85,7.05,6.85,6.9,160303
NOIDATOLL,2023-08-28 00:00:00+05:30,7.0,7.3,6.9,6.95,354606
NOIDATOLL,2023-08-29 00:00:00+05:30,6.95,7.05,6.95,6.95,171452
NOIDATOLL,2023-08-30 00:00:00+05:30,7.0,7.05,6.9,6.95,162728
NOIDATOLL,2023-08-31 00:00:00+05:30,6.95,7.05,6.9,6.95,107717
NOIDATOLL,2023-09-01 00:00:00+05:30,7.0,7.05,6.9,7.0,163421
NOIDATOLL,2023-09-04 00:00:00+05:30,7.05,7.5,6.95,7.05,782562
NOIDATOLL,2023-09-05 00:00:00+05:30,7.1,7.15,6.85,6.95,399456
NOIDATOLL,2023-09-06 00:00:00+05:30,6.95,7.1,6.95,7.0,144557
NOIDATOLL,2023-09-07 00:00:00+05:30,7.05,7.05,6.85,6.95,233463
NOIDATOLL,2023-09-08 00:00:00+05:30,6.95,7.05,6.85,6.9,179576
NOIDATOLL,2023-09-11 00:00:00+05:30,6.95,7.0,6.9,6.9,135681
NOIDATOLL,2023-09-12 00:00:00+05:30,7.0,7.05,6.8,6.85,246226
NOIDATOLL,2023-09-13 00:00:00+05:30,7.0,7.0,6.8,6.85,382450
NOIDATOLL,2023-09-14 00:00:00+05:30,6.9,7.0,6.85,6.9,77811
NOIDATOLL,2023-09-15 00:00:00+05:30,6.95,7.25,6.9,6.9,441127
NOIDATOLL,2023-09-18 00:00:00+05:30,6.95,7.15,6.95,6.95,172930
NOIDATOLL,2023-09-20 00:00:00+05:30,7.15,7.15,6.95,7.0,99471
NOIDATOLL,2023-09-21 00:00:00+05:30,6.95,7.05,6.65,6.8,571394
NOIDATOLL,2023-09-22 00:00:00+05:30,6.85,7.25,6.85,7.15,499585
NOIDATOLL,2023-09-25 00:00:00+05:30,7.2,7.55,7.05,7.1,663715
NOIDATOLL,2023-09-26 00:00:00+05:30,7.15,7.25,6.9,6.95,269883
NOIDATOLL,2023-09-27 00:00:00+05:30,6.95,7.05,6.9,6.9,87675
NOIDATOLL,2023-09-28 00:00:00+05:30,6.95,7.0,6.8,6.85,269929
NOIDATOLL,2023-09-29 00:00:00+05:30,6.85,6.95,6.8,6.85,153270
NOIDATOLL,2023-10-03 00:00:00+05:30,6.9,8.2,6.85,7.6,3764295
NOIDATOLL,2023-10-04 00:00:00+05:30,7.85,8.25,7.55,7.9,1862510
NOIDATOLL,2023-10-05 00:00:00+05:30,8.25,8.3,7.95,8.0,588866
NOIDATOLL,2023-10-06 00:00:00+05:30,8.0,8.1,7.7,7.8,291070
NOIDATOLL,2023-10-09 00:00:00+05:30,7.9,7.95,7.3,7.6,268690
NOIDATOLL,2023-10-10 00:00:00+05:30,7.75,7.95,7.2,7.3,430128
NOIDATOLL,2023-10-11 00:00:00+05:30,7.35,7.55,7.3,7.4,173551
NOIDATOLL,2023-10-12 00:00:00+05:30,7.45,7.8,6.95,7.05,949720
NOIDATOLL,2023-10-13 00:00:00+05:30,6.95,7.15,6.95,7.0,449681
NOIDATOLL,2023-10-16 00:00:00+05:30,7.05,7.2,7.0,7.1,280587
NOIDATOLL,2023-10-17 00:00:00+05:30,7.2,8.5,7.1,8.4,3556208
NOIDATOLL,2023-10-18 00:00:00+05:30,8.6,9.55,8.5,8.95,4666600
NOIDATOLL,2023-10-19 00:00:00+05:30,8.75,9.45,8.65,9.0,808823
NOIDATOLL,2023-10-20 00:00:00+05:30,9.15,9.55,8.75,8.85,797065
NOIDATOLL,2023-10-23 00:00:00+05:30,9.1,9.5,8.35,8.65,503460
NOIDATOLL,2023-10-25 00:00:00+05:30,8.65,9.0,8.25,8.3,327895
NOIDATOLL,2023-10-26 00:00:00+05:30,8.45,8.85,8.1,8.6,461872
NOIDATOLL,2023-10-27 00:00:00+05:30,8.5,8.9,8.5,8.55,357033
NOIDATOLL,2023-10-30 00:00:00+05:30,8.55,9.15,8.5,8.55,351419
NOIDATOLL,2023-10-31 00:00:00+05:30,8.65,8.75,8.05,8.15,572574
NOIDATOLL,2023-11-01 00:00:00+05:30,8.3,8.45,8.1,8.25,160669
NOIDATOLL,2023-11-02 00:00:00+05:30,8.25,8.5,7.95,8.05,549245
NOIDATOLL,2023-11-03 00:00:00+05:30,8.15,8.35,8.1,8.3,289257
NOIDATOLL,2023-11-06 00:00:00+05:30,8.45,9.95,8.25,9.7,4569426
NOIDATOLL,2023-11-07 00:00:00+05:30,9.4,10.15,9.25,10.05,1127731
NOIDATOLL,2023-11-08 00:00:00+05:30,10.25,10.55,10.25,10.55,648156
NOIDATOLL,2023-11-09 00:00:00+05:30,11.0,11.05,11.0,11.05,512352
NOIDATOLL,2023-11-10 00:00:00+05:30,11.6,11.6,11.6,11.6,120966
NOIDATOLL,2023-11-12 00:00:00+05:30,12.15,12.15,12.15,12.15,95143
NOIDATOLL,2023-11-13 00:00:00+05:30,12.75,12.75,12.75,12.75,100430
NOIDATOLL,2023-11-15 00:00:00+05:30,13.35,13.35,13.35,13.35,144284
NOIDATOLL,2023-11-16 00:00:00+05:30,14.0,14.0,14.0,14.0,177984
NOIDATOLL,2023-11-17 00:00:00+05:30,14.7,14.7,14.7,14.7,394444
NOIDATOLL,2023-11-20 00:00:00+05:30,15.4,15.4,14.0,15.4,2090674
NOIDATOLL,2023-11-21 00:00:00+05:30,15.1,15.1,15.1,15.1,412140
NOIDATOLL,2023-11-22 00:00:00+05:30,14.8,14.8,14.8,14.8,37681
NOIDATOLL,2023-11-23 00:00:00+05:30,14.5,14.5,14.5,14.5,13079
NOIDATOLL,2023-11-24 00:00:00+05:30,14.25,14.25,14.25,14.25,116096
NOIDATOLL,2023-11-28 00:00:00+05:30,14.0,14.0,14.0,14.0,15595
NOIDATOLL,2023-11-29 00:00:00+05:30,13.75,13.75,13.75,13.75,8642
NOIDATOLL,2023-11-30 00:00:00+05:30,13.5,13.5,13.5,13.5,2611
NOIDATOLL,2023-12-01 00:00:00+05:30,13.25,13.25,13.25,13.25,10791
NOIDATOLL,2023-12-04 00:00:00+05:30,13.0,13.0,13.0,13.0,6998
NOIDATOLL,2023-12-05 00:00:00+05:30,12.75,12.75,12.75,12.75,30948
NOIDATOLL,2023-12-06 00:00:00+05:30,12.5,12.5,12.5,12.5,30267
NOIDATOLL,2023-12-07 00:00:00+05:30,12.25,12.35,12.25,12.35,427270
NOIDATOLL,2023-12-08 00:00:00+05:30,12.15,12.55,12.1,12.55,390674
NOIDATOLL,2023-12-11 00:00:00+05:30,12.3,12.3,12.3,12.3,128136
NOIDATOLL,2023-12-12 00:00:00+05:30,12.05,12.05,12.05,12.05,98902
NOIDATOLL,2023-12-13 00:00:00+05:30,11.8,11.8,11.8,11.8,26422
NOIDATOLL,2023-12-14 00:00:00+05:30,11.6,11.6,11.6,11.6,7668
NOIDATOLL,2023-12-15 00:00:00+05:30,11.4,11.4,11.4,11.4,24448
NOIDATOLL,2023-12-18 00:00:00+05:30,11.2,11.2,11.2,11.2,14686
NOIDATOLL,2023-12-19 00:00:00+05:30,11.0,11.0,11.0,11.0,32597
NOIDATOLL,2023-12-20 00:00:00+05:30,10.8,10.8,10.8,10.8,24885
NOIDATOLL,2023-12-21 00:00:00+05:30,10.6,10.6,10.6,10.6,9937
NOIDATOLL,2023-12-22 00:00:00+05:30,10.4,10.4,10.4,10.4,143843
NOIDATOLL,2023-12-26 00:00:00+05:30,10.65,10.9,10.1,10.9,552952
NOIDATOLL,2023-12-27 00:00:00+05:30,10.95,11.05,10.35,10.65,402361
NOIDATOLL,2023-12-28 00:00:00+05:30,10.65,10.65,10.15,10.15,286649
NOIDATOLL,2023-12-29 00:00:00+05:30,9.85,10.65,9.7,10.65,460117
NOIDATOLL,2024-01-01 00:00:00+05:30,10.9,11.15,10.8,11.15,292210
NOIDATOLL,2024-01-02 00:00:00+05:30,11.7,11.7,11.55,11.7,468027
NOIDATOLL,2024-01-03 00:00:00+05:30,11.7,12.25,11.7,12.25,345600
NOIDATOLL,2024-01-04 00:00:00+05:30,12.7,12.85,12.6,12.85,280492
NOIDATOLL,2024-01-05 00:00:00+05:30,12.95,12.95,12.6,12.6,197632
NOIDATOLL,2024-01-08 00:00:00+05:30,12.4,12.4,12.35,12.35,72899
NOIDATOLL,2024-01-09 00:00:00+05:30,12.1,12.1,12.1,12.1,136893
NOIDATOLL,2024-01-10 00:00:00+05:30,11.85,12.1,11.85,12.1,123857
NOIDATOLL,2024-01-11 00:00:00+05:30,11.85,11.85,11.85,11.85,142094
NOIDATOLL,2024-01-12 00:00:00+05:30,11.8,11.85,11.8,11.8,133071
NOIDATOLL,2024-01-15 00:00:00+05:30,11.65,11.8,11.65,11.8,243834
NOIDATOLL,2024-01-16 00:00:00+05:30,11.8,12.0,11.8,12.0,121775
NOIDATOLL,2024-01-17 00:00:00+05:30,12.0,12.0,11.8,11.8,32211
NOIDATOLL,2024-01-18 00:00:00+05:30,11.8,11.9,11.75,11.9,45938
NOIDATOLL,2024-01-19 00:00:00+05:30,12.1,12.1,12.0,12.1,82515
NOIDATOLL,2024-01-20 00:00:00+05:30,12.3,12.3,12.3,12.3,147983
NOIDATOLL,2024-01-23 00:00:00+05:30,12.3,12.3,12.05,12.05,29289
NOIDATOLL,2024-01-24 00:00:00+05:30,12.0,12.0,11.8,11.8,30613
NOIDATOLL,2024-01-25 00:00:00+05:30,11.8,11.8,11.6,11.6,49422
NOIDATOLL,2024-01-29 00:00:00+05:30,11.6,11.6,11.4,11.4,51713
NOIDATOLL,2024-01-30 00:00:00+05:30,11.25,11.25,11.2,11.2,130635
NOIDATOLL,2024-01-31 00:00:00+05:30,11.2,11.4,11.2,11.4,68088
NOIDATOLL,2024-02-01 00:00:00+05:30,11.6,11.6,11.4,11.4,125304
NOIDATOLL,2024-02-02 00:00:00+05:30,11.35,11.4,11.35,11.4,109812
NOIDATOLL,2024-02-05 00:00:00+05:30,11.25,11.25,11.2,11.2,120007
NOIDATOLL,2024-02-06 00:00:00+05:30,11.2,11.2,11.2,11.2,85826
NOIDATOLL,2024-02-07 00:00:00+05:30,11.25,11.25,11.0,11.0,136331
NOIDATOLL,2024-02-08 00:00:00+05:30,11.0,11.0,10.8,10.8,97015
NOIDATOLL,2024-02-09 00:00:00+05:30,10.6,10.6,10.6,10.6,24246
NOIDATOLL,2024-02-12 00:00:00+05:30,11.1,11.1,10.1,10.1,406328
NOIDATOLL,2024-02-13 00:00:00+05:30,9.85,10.1,9.6,9.65,312870
NOIDATOLL,2024-02-14 00:00:00+05:30,9.4,10.1,9.25,10.1,130732
NOIDATOLL,2024-02-15 00:00:00+05:30,10.4,10.6,10.3,10.6,98967
NOIDATOLL,2024-02-16 00:00:00+05:30,10.8,11.1,10.75,11.1,171834
NOIDATOLL,2024-02-19 00:00:00+05:30,11.45,11.65,11.15,11.65,451785
NOIDATOLL,2024-02-20 00:00:00+05:30,11.65,12.15,11.1,11.95,351862
NOIDATOLL,2024-02-21 00:00:00+05:30,11.75,11.75,11.75,11.75,21364
NOIDATOLL,2024-02-22 00:00:00+05:30,11.55,11.55,11.55,11.55,8396
NOIDATOLL,2024-02-23 00:00:00+05:30,11.35,11.35,11.35,11.35,17382
NOIDATOLL,2024-02-26 00:00:00+05:30,11.15,11.15,11.15,11.15,7804
NOIDATOLL,2024-02-27 00:00:00+05:30,10.95,10.95,10.95,10.95,12043
NOIDATOLL,2024-02-28 00:00:00+05:30,10.75,10.75,10.75,10.75,4586
NOIDATOLL,2024-02-29 00:00:00+05:30,10.55,10.55,10.55,10.55,8287
NOIDATOLL,2024-03-01 00:00:00+05:30,10.35,10.35,10.35,10.35,20913
NOIDATOLL,2024-03-02 00:00:00+05:30,10.15,10.15,10.15,10.15,8354
NOIDATOLL,2024-03-04 00:00:00+05:30,9.95,9.95,9.95,9.95,63074
NOIDATOLL,2024-03-05 00:00:00+05:30,9.95,9.95,9.75,9.75,72887
NOIDATOLL,2024-03-06 00:00:00+05:30,9.6,9.6,9.55,9.55,20305
NOIDATOLL,2024-03-07 00:00:00+05:30,9.35,9.7,9.35,9.7,41427
NOIDATOLL,2024-03-11 00:00:00+05:30,9.5,9.5,9.5,9.5,17433
NOIDATOLL,2024-03-12 00:00:00+05:30,9.35,9.35,9.35,9.35,6071
NOIDATOLL,2024-03-13 00:00:00+05:30,9.2,9.2,9.2,9.2,13126
NOIDATOLL,2024-03-14 00:00:00+05:30,9.05,9.05,9.05,9.05,15054
NOIDATOLL,2024-03-15 00:00:00+05:30,8.9,8.9,8.9,8.9,13193
NOIDATOLL,2024-03-18 00:00:00+05:30,8.75,8.75,8.75,8.75,21759
NOIDATOLL,2024-03-19 00:00:00+05:30,8.6,8.6,8.6,8.6,16161
NOIDATOLL,2024-03-20 00:00:00+05:30,8.45,8.45,8.45,8.45,10000
NOIDATOLL,2024-03-21 00:00:00+05:30,8.3,8.3,8.3,8.3,64553
NOIDATOLL,2024-03-22 00:00:00+05:30,8.15,8.25,8.15,8.25,52676
NOIDATOLL,2024-03-26 00:00:00+05:30,8.65,8.65,7.95,8.2,385071
NOIDATOLL,2024-03-27 00:00:00+05:30,8.0,8.4,7.8,7.8,419348
NOIDATOLL,2024-03-28 00:00:00+05:30,7.45,7.7,7.45,7.45,235910
NOIDATOLL,2024-04-01 00:00:00+05:30,7.7,7.8,7.65,7.8,106940
NOIDATOLL,2024-04-02 00:00:00+05:30,8.05,8.15,8.05,8.15,209316
NOIDATOLL,2024-04-03 00:00:00+05:30,8.55,8.55,8.55,8.55,34035
NOIDATOLL,2024-04-04 00:00:00+05:30,8.95,8.95,8.95,8.95,29658
NOIDATOLL,2024-04-05 00:00:00+05:30,9.3,9.35,8.95,9.35,244258
NOIDATOLL,2024-04-08 00:00:00+05:30,9.2,9.2,9.2,9.2,58197
NOIDATOLL,2024-04-09 00:00:00+05:30,9.35,9.35,9.05,9.05,66998
NOIDATOLL,2024-04-10 00:00:00+05:30,8.9,8.9,8.9,8.9,10910
NOIDATOLL,2024-04-12 00:00:00+05:30,8.9,9.05,8.9,9.05,54398
NOIDATOLL,2024-04-15 00:00:00+05:30,8.9,8.9,8.9,8.9,9312
NOIDATOLL,2024-04-16 00:00:00+05:30,8.75,8.9,8.75,8.9,57895
NOIDATOLL,2024-04-18 00:00:00+05:30,8.9,9.0,8.9,8.9,10028
NOIDATOLL,2024-04-19 00:00:00+05:30,8.9,8.9,8.75,8.75,15397
NOIDATOLL,2024-04-22 00:00:00+05:30,8.75,8.75,8.6,8.6,11749
NOIDATOLL,2024-04-23 00:00:00+05:30,8.6,8.6,8.45,8.55,33914
NOIDATOLL,2024-04-24 00:00:00+05:30,8.55,8.6,8.55,8.6,38053
NOIDATOLL,2024-04-25 00:00:00+05:30,8.6,8.75,8.6,8.75,21783
NOIDATOLL,2024-04-26 00:00:00+05:30,8.9,8.9,8.9,8.9,16173
NOIDATOLL,2024-04-29 00:00:00+05:30,9.05,9.05,9.0,9.0,35903
NOIDATOLL,2024-04-30 00:00:00+05:30,9.1,9.15,9.1,9.1,113723
NOIDATOLL,2024-05-02 00:00:00+05:30,9.1,9.2,8.95,8.95,23337
NOIDATOLL,2024-05-03 00:00:00+05:30,8.85,8.85,8.8,8.8,18921
NOIDATOLL,2024-05-06 00:00:00+05:30,8.8,8.8,8.65,8.65,8417
NOIDATOLL,2024-05-07 00:00:00+05:30,8.5,8.5,8.5,8.5,30189
NOIDATOLL,2024-05-08 00:00:00+05:30,8.65,8.65,8.45,8.45,44859
NOIDATOLL,2024-05-09 00:00:00+05:30,8.45,8.45,8.3,8.3,12847
NOIDATOLL,2024-05-10 00:00:00+05:30,8.25,8.25,8.2,8.2,6861
NOIDATOLL,2024-05-13 00:00:00+05:30,8.05,8.6,8.0,8.05,133002
NOIDATOLL,2024-05-14 00:00:00+05:30,8.05,8.45,7.9,8.45,101515
NOIDATOLL,2024-05-15 00:00:00+05:30,8.7,8.85,8.3,8.85,95182
NOIDATOLL,2024-05-16 00:00:00+05:30,8.9,9.15,8.75,8.85,41172
NOIDATOLL,2024-05-17 00:00:00+05:30,8.6,9.0,8.6,8.8,38764
NOIDATOLL,2024-05-18 00:00:00+05:30,9.2,9.2,8.9,9.0,32628
NOIDATOLL,2024-05-21 00:00:00+05:30,8.7,9.45,8.7,9.45,233137
NOIDATOLL,2024-05-22 00:00:00+05:30,9.9,9.9,9.5,9.7,225188
NOIDATOLL,2024-05-23 00:00:00+05:30,10.0,10.0,9.3,9.4,49932
NOIDATOLL,2024-05-24 00:00:00+05:30,9.3,9.35,8.95,9.0,102234
NOIDATOLL,2024-05-27 00:00:00+05:30,9.0,9.3,8.8,8.9,108432
NOIDATOLL,2024-05-28 00:00:00+05:30,8.9,9.2,8.45,8.55,133560
NOIDATOLL,2024-05-29 00:00:00+05:30,8.75,8.95,8.2,8.9,135509
NOIDATOLL,2024-05-30 00:00:00+05:30,9.15,9.25,8.7,8.8,80713
NOIDATOLL,2024-05-31 00:00:00+05:30,9.1,9.2,9.1,9.2,38765
NOIDATOLL,2024-06-03 00:00:00+05:30,9.65,9.65,9.65,9.65,86829
NOIDATOLL,2024-06-04 00:00:00+05:30,10.1,10.1,9.2,9.25,414871
NOIDATOLL,2024-06-05 00:00:00+05:30,9.7,9.7,8.8,9.7,198060
NOIDATOLL,2024-06-06 00:00:00+05:30,10.1,10.15,9.55,10.15,201356
NOIDATOLL,2024-06-07 00:00:00+05:30,10.35,11.15,10.3,11.15,299723
NOIDATOLL,2024-06-10 00:00:00+05:30,11.65,12.26,11.3,12.26,1150775
NOIDATOLL,2024-06-11 00:00:00+05:30,12.68,13.17,11.5,11.88,774264
NOIDATOLL,2024-06-12 00:00:00+05:30,12.45,13.06,12.3,13.06,727637
NOIDATOLL,2024-06-13 00:00:00+05:30,12.85,13.71,12.55,13.71,559906
NOIDATOLL,2024-06-14 00:00:00+05:30,14.15,14.39,13.6,13.94,941281
NOIDATOLL,2024-06-18 00:00:00+05:30,14.19,14.6,13.5,13.93,587563
NOIDATOLL,2024-06-19 00:00:00+05:30,13.99,14.25,13.23,13.37,379836
NOIDATOLL,2024-06-20 00:00:00+05:30,13.3,13.34,12.7,12.77,280173
NOIDATOLL,2024-06-21 00:00:00+05:30,12.69,12.99,12.16,12.29,243316
NOIDATOLL,2024-06-24 00:00:00+05:30,12.24,12.25,11.71,12.07,143736
NOIDATOLL,2024-06-25 00:00:00+05:30,12.07,12.39,11.61,11.97,82246
NOIDATOLL,2024-06-26 00:00:00+05:30,12.18,12.56,12.0,12.56,213573
NOIDATOLL,2024-06-27 00:00:00+05:30,12.95,13.18,12.82,13.18,153293
NOIDATOLL,2024-06-28 00:00:00+05:30,13.1,13.7,12.52,13.08,218356
NOIDATOLL,2024-07-01 00:00:00+05:30,13.08,13.73,13.08,13.29,253329
NOIDATOLL,2024-07-02 00:00:00+05:30,13.6,13.88,12.76,13.19,67625
NOIDATOLL,2024-07-03 00:00:00+05:30,13.19,13.29,12.53,12.73,163586
NOIDATOLL,2024-07-04 00:00:00+05:30,12.8,13.36,12.4,13.36,344237
NOIDATOLL,2024-07-05 00:00:00+05:30,14.02,14.02,13.05,13.97,615272
NOIDATOLL,2024-07-08 00:00:00+05:30,13.8,14.35,13.8,14.07,511983
NOIDATOLL,2024-07-09 00:00:00+05:30,14.02,14.4,13.6,13.7,280254
NOIDATOLL,2024-07-10 00:00:00+05:30,13.97,13.97,13.01,13.29,148379
NOIDATOLL,2024-07-11 00:00:00+05:30,13.7,13.7,13.05,13.21,129515
NOIDATOLL,2024-07-12 00:00:00+05:30,13.21,13.59,12.54,12.62,203738
NOIDATOLL,2024-07-15 00:00:00+05:30,12.69,13.14,12.06,13.0,141135
NOIDATOLL,2024-07-16 00:00:00+05:30,13.0,13.3,12.7,13.09,109894
NOIDATOLL,2024-07-18 00:00:00+05:30,12.71,13.06,12.43,12.5,200364
NOIDATOLL,2024-07-19 00:00:00+05:30,12.95,12.95,12.05,12.22,226503
NOIDATOLL,2024-07-22 00:00:00+05:30,12.22,12.74,11.8,11.86,185966
NOIDATOLL,2024-07-23 00:00:00+05:30,12.25,12.45,11.86,12.2,104021
NOIDATOLL,2024-07-24 00:00:00+05:30,12.3,12.4,12.0,12.15,58436
NOIDATOLL,2024-07-25 00:00:00+05:30,12.3,12.75,12.2,12.74,141959
NOIDATOLL,2024-07-26 00:00:00+05:30,13.23,13.23,12.31,12.45,60767
NOIDATOLL,2024-07-29 00:00:00+05:30,12.65,12.85,12.05,12.27,119215
NOIDATOLL,2024-07-30 00:00:00+05:30,12.68,12.78,12.27,12.52,155400
NOIDATOLL,2024-07-31 00:00:00+05:30,12.8,12.8,12.25,12.42,34720
NOIDATOLL,2024-08-01 00:00:00+05:30,12.14,12.45,12.02,12.26,130441
NOIDATOLL,2024-08-02 00:00:00+05:30,11.77,12.4,11.64,12.13,85277
NOIDATOLL,2024-08-05 00:00:00+05:30,11.97,11.98,11.55,11.63,75776
NOIDATOLL,2024-08-06 00:00:00+05:30,11.99,12.18,11.5,11.65,67034
NOIDATOLL,2024-08-07 00:00:00+05:30,11.99,11.99,11.55,11.79,61541
NOIDATOLL,2024-08-08 00:00:00+05:30,11.61,12.34,11.61,11.75,49313
NOIDATOLL,2024-08-09 00:00:00+05:30,12.0,12.24,11.5,11.58,92112
NOIDATOLL,2024-08-12 00:00:00+05:30,11.58,12.15,11.58,12.14,140743
NOIDATOLL,2024-08-13 00:00:00+05:30,12.4,12.74,12.4,12.74,125355
NOIDATOLL,2024-08-14 00:00:00+05:30,13.37,13.37,13.37,13.37,147638
NOIDATOLL,2024-08-16 00:00:00+05:30,14.03,14.03,13.75,13.96,567498
NOIDATOLL,2024-08-19 00:00:00+05:30,14.4,14.65,13.65,14.29,571686
NOIDATOLL,2024-08-20 00:00:00+05:30,14.4,14.5,14.4,14.42,130399
NOIDATOLL,2024-08-21 00:00:00+05:30,14.7,14.7,14.15,14.15,173139
NOIDATOLL,2024-08-22 00:00:00+05:30,13.86,14.43,13.86,14.4,167639
NOIDATOLL,2024-08-23 00:00:00+05:30,14.6,14.6,14.4,14.4,132249
NOIDATOLL,2024-08-26 00:00:00+05:30,14.4,14.68,14.4,14.68,268960
NOIDATOLL,2024-08-27 00:00:00+05:30,14.8,14.8,14.38,14.38,129132
NOIDATOLL,2024-08-28 00:00:00+05:30,14.12,14.12,14.09,14.09,53561
NOIDATOLL,2024-08-29 00:00:00+05:30,13.81,13.93,13.81,13.9,48774
NOIDATOLL,2024-08-30 00:00:00+05:30,13.68,13.74,13.62,13.69,74784
NOIDATOLL,2024-09-02 00:00:00+05:30,13.68,13.68,13.5,13.5,69306
NOIDATOLL,2024-09-03 00:00:00+05:30,13.49,13.49,13.23,13.23,140270
NOIDATOLL,2024-09-04 00:00:00+05:30,13.22,13.48,13.22,13.32,81028
NOIDATOLL,2024-09-05 00:00:00+05:30,13.3,13.4,13.05,13.4,116553
NOIDATOLL,2024-09-06 00:00:00+05:30,13.16,13.52,13.16,13.5,81290
NOIDATOLL,2024-09-09 00:00:00+05:30,13.48,13.6,13.48,13.5,65010
NOIDATOLL,2024-09-10 00:00:00+05:30,13.5,13.5,13.31,13.5,90172
NOIDATOLL,2024-09-11 00:00:00+05:30,13.51,13.55,13.5,13.55,70172
NOIDATOLL,2024-09-12 00:00:00+05:30,13.5,13.5,13.5,13.5,51427
NOIDATOLL,2024-09-13 00:00:00+05:30,13.77,13.77,13.77,13.77,52810
NOIDATOLL,2024-09-16 00:00:00+05:30,13.9,14.04,13.8,14.04,91066
NOIDATOLL,2024-09-17 00:00:00+05:30,14.32,14.32,14.32,14.32,41104
NOIDATOLL,2024-09-18 00:00:00+05:30,14.6,14.6,14.6,14.6,109120
NOIDATOLL,2024-09-19 00:00:00+05:30,14.89,14.89,14.89,14.89,110186
NOIDATOLL,2024-09-20 00:00:00+05:30,15.18,15.18,15.18,15.18,77880
NOIDATOLL,2024-09-23 00:00:00+05:30,15.48,15.48,15.48,15.48,47145
NOIDATOLL,2024-09-24 00:00:00+05:30,15.78,15.78,15.78,15.78,27183
NOIDATOLL,2024-09-25 00:00:00+05:30,16.09,16.09,16.09,16.09,62806
NOIDATOLL,2024-09-26 00:00:00+05:30,16.41,16.41,16.41,16.41,60022
NOIDATOLL,2024-09-27 00:00:00+05:30,16.73,16.73,16.73,16.73,67988
NOIDATOLL,2024-09-30 00:00:00+05:30,17.06,17.06,16.39,16.39,391863
NOIDATOLL,2024-10-01 00:00:00+05:30,16.1,16.1,16.06,16.06,177588
NOIDATOLL,2024-10-03 00:00:00+05:30,15.73,15.73,15.73,15.73,103743
NOIDATOLL,2024-10-04 00:00:00+05:30,15.41,16.0,15.41,15.98,140804
NOIDATOLL,2024-10-07 00:00:00+05:30,15.66,15.66,15.66,15.66,62320
NOIDATOLL,2024-10-08 00:00:00+05:30,15.34,15.34,15.34,15.34,38398
NOIDATOLL,2024-10-09 00:00:00+05:30,15.36,15.4,15.36,15.4,72951
NOIDATOLL,2024-10-10 00:00:00+05:30,15.11,15.12,15.09,15.09,83300
NOIDATOLL,2024-10-11 00:00:00+05:30,15.0,15.0,14.99,14.99,20833
NOIDATOLL,2024-10-14 00:00:00+05:30,14.8,14.8,14.69,14.69,38459
NOIDATOLL,2024-10-15 00:00:00+05:30,14.39,14.5,14.39,14.39,30725
NOIDATOLL,2024-10-16 00:00:00+05:30,14.3,14.3,14.13,14.13,112798
NOIDATOLL,2024-10-17 00:00:00+05:30,14.0,14.05,14.0,14.01,92193
NOIDATOLL,2024-10-18 00:00:00+05:30,14.0,14.0,13.93,13.93,43373
NOIDATOLL,2024-10-21 00:00:00+05:30,14.15,14.62,13.66,14.04,94551
NOIDATOLL,2024-10-22 00:00:00+05:30,14.25,14.25,13.33,13.79,86281
NOIDATOLL,2024-10-23 00:00:00+05:30,13.36,13.65,13.1,13.32,115721
NOIDATOLL,2024-10-24 00:00:00+05:30,13.33,13.98,12.85,13.78,156396
NOIDATOLL,2024-10-25 00:00:00+05:30,13.4,13.85,13.09,13.09,38878
NOIDATOLL,2024-10-28 00:00:00+05:30,13.55,13.74,13.09,13.74,74916
NOIDATOLL,2024-10-29 00:00:00+05:30,14.4,14.4,13.62,14.05,110598
NOIDATOLL,2024-10-30 00:00:00+05:30,14.25,14.5,14.06,14.32,55700
NOIDATOLL,2024-10-31 00:00:00+05:30,14.65,14.97,14.0,14.19,107612
NOIDATOLL,2024-11-01 00:00:00+05:30,14.48,14.89,14.1,14.84,53433
NOIDATOLL,2024-11-04 00:00:00+05:30,15.35,15.35,14.84,15.15,171597
NOIDATOLL,2024-11-05 00:00:00+05:30,15.06,15.9,15.05,15.84,162627
NOIDATOLL,2024-11-06 00:00:00+05:30,16.18,16.59,15.8,15.91,285654
NOIDATOLL,2024-11-07 00:00:00+05:30,15.91,16.44,15.83,16.17,129343
NOIDATOLL,2024-11-08 00:00:00+05:30,16.21,16.9,16.15,16.49,216627
NOIDATOLL,2024-11-11 00:00:00+05:30,16.49,16.74,16.14,16.39,84845
NOIDATOLL,2024-11-12 00:00:00+05:30,16.3,16.42,16.01,16.14,116787
NOIDATOLL,2024-11-13 00:00:00+05:30,16.25,16.25,15.33,16.06,220153
NOIDATOLL,2024-11-14 00:00:00+05:30,16.06,16.49,15.5,15.74,59383
NOIDATOLL,2024-11-18 00:00:00+05:30,15.74,16.25,15.74,16.01,130985
NOIDATOLL,2024-11-19 00:00:00+05:30,16.25,16.3,15.26,15.38,93751
NOIDATOLL,2024-11-21 00:00:00+05:30,15.38,15.59,14.71,14.81,137919
NOIDATOLL,2024-11-22 00:00:00+05:30,14.75,15.55,14.3,15.55,47676
NOIDATOLL,2024-11-25 00:00:00+05:30,16.32,16.32,15.56,15.98,166456
NOIDATOLL,2024-11-26 00:00:00+05:30,16.0,16.15,15.26,15.67,95059
NOIDATOLL,2024-11-27 00:00:00+05:30,15.25,15.79,15.05,15.74,159241
NOIDATOLL,2024-11-28 00:00:00+05:30,15.95,15.95,15.5,15.89,50250
NOIDATOLL,2024-11-29 00:00:00+05:30,15.88,16.68,15.26,16.64,199496
NOIDATOLL,2024-12-02 00:00:00+05:30,16.98,16.98,15.92,16.53,274749
NOIDATOLL,2024-12-03 00:00:00+05:30,16.5,17.0,16.2,16.29,92591
NOIDATOLL,2024-12-04 00:00:00+05:30,16.49,17.1,16.1,17.06,380416
NOIDATOLL,2024-12-05 00:00:00+05:30,17.45,17.91,16.55,17.91,303576
NOIDATOLL,2024-12-06 00:00:00+05:30,18.8,18.8,18.8,18.8,132502
NOIDATOLL,2024-12-09 00:00:00+05:30,19.74,19.74,19.74,19.74,101885
NOIDATOLL,2024-12-10 00:00:00+05:30,20.72,20.72,20.72,20.72,100655
NOIDATOLL,2024-12-11 00:00:00+05:30,21.75,21.75,21.75,21.75,224997
NOIDATOLL,2024-12-12 00:00:00+05:30,22.83,22.83,22.83,22.83,326301
NOIDATOLL,2024-12-13 00:00:00+05:30,23.97,23.97,21.68,21.68,2372062
NOIDATOLL,2024-12-16 00:00:00+05:30,20.59,20.59,20.59,20.59,75019
NOIDATOLL,2024-12-17 00:00:00+05:30,19.56,19.56,19.56,19.56,120383
NOIDATOLL,2024-12-18 00:00:00+05:30,18.58,18.58,18.58,18.58,94636
NOIDATOLL,2024-12-19 00:00:00+05:30,17.65,19.5,17.65,19.5,1134562
NOIDATOLL,2024-12-20 00:00:00+05:30,20.47,20.47,18.52,18.52,700317
NOIDATOLL,2024-12-23 00:00:00+05:30,17.59,17.59,17.59,17.59,36157
NOIDATOLL,2024-12-24 00:00:00+05:30,16.71,16.71,16.71,16.71,21044
NOIDATOLL,2024-12-26 00:00:00+05:30,15.87,15.87,15.87,15.87,31386
NOIDATOLL,2024-12-27 00:00:00+05:30,15.07,15.07,15.07,15.07,28843
NOIDATOLL,2024-12-30 00:00:00+05:30,14.31,14.31,14.31,14.31,24147
NOIDATOLL,2024-12-31 00:00:00+05:30,13.59,13.59,13.59,13.59,38711
NOIDATOLL,2025-01-01 00:00:00+05:30,12.91,12.91,12.91,12.91,143893
NOIDATOLL,2025-01-02 00:00:00+05:30,12.26,12.26,12.26,12.26,112410
NOIDATOLL,2025-01-03 00:00:00+05:30,11.64,11.64,11.64,11.64,133433
NOIDATOLL,2025-01-06 00:00:00+05:30,11.05,11.05,11.05,11.05,41087
NOIDATOLL,2025-01-07 00:00:00+05:30,10.49,10.49,10.49,10.49,62309
NOIDATOLL,2025-01-08 00:00:00+05:30,9.96,9.96,9.96,9.96,73885
NOIDATOLL,2025-01-09 00:00:00+05:30,9.46,9.46,9.46,9.46,39703
NOIDATOLL,2025-01-10 00:00:00+05:30,8.98,8.98,8.98,8.98,89972
NOIDATOLL,2025-01-13 00:00:00+05:30,8.53,8.53,8.53,8.53,44043
NOIDATOLL,2025-01-14 00:00:00+05:30,8.1,8.1,8.1,8.1,64647
NOIDATOLL,2025-01-15 00:00:00+05:30,7.69,7.69,7.69,7.69,107806
NOIDATOLL,2025-01-16 00:00:00+05:30,7.3,7.3,7.3,7.3,167271
NOIDATOLL,2025-01-17 00:00:00+05:30,6.93,6.93,6.93,6.93,212758
NOIDATOLL,2025-01-20 00:00:00+05:30,6.58,7.27,6.58,6.85,6974086
NOIDATOLL,2025-01-21 00:00:00+05:30,6.5,6.5,6.5,6.5,312104
NOIDATOLL,2025-01-22 00:00:00+05:30,6.17,6.17,6.17,6.17,198683
NOIDATOLL,2025-01-23 00:00:00+05:30,5.86,5.86,5.86,5.86,427609
NOIDATOLL,2025-01-24 00:00:00+05:30,5.56,5.56,5.56,5.56,206320
NOIDATOLL,2025-01-27 00:00:00+05:30,5.28,5.28,5.28,5.28,282264
NOIDATOLL,2025-01-28 00:00:00+05:30,5.01,5.01,5.01,5.01,70929
NOIDATOLL,2025-01-29 00:00:00+05:30,4.75,4.75,4.75,4.75,196083
NOIDATOLL,2025-01-30 00:00:00+05:30,4.51,4.51,4.51,4.51,156545
NOIDATOLL,2025-01-31 00:00:00+05:30,4.28,4.28,4.28,4.28,232425
NOIDATOLL,2025-02-01 00:00:00+05:30,4.05,4.49,4.05,4.22,4169930
NOIDATOLL,2025-02-03 00:00:00+05:30,3.91,4.07,3.91,3.91,1378355
NOIDATOLL,2025-02-04 00:00:00+05:30,3.71,3.71,3.71,3.71,317681
NOIDATOLL,2025-02-05 00:00:00+05:30,3.52,3.89,3.52,3.89,3228106
NOIDATOLL,2025-02-06 00:00:00+05:30,4.01,4.08,3.95,4.08,1191911
NOIDATOLL,2025-02-07 00:00:00+05:30,4.28,4.28,4.16,4.28,1041396
NOIDATOLL,2025-02-10 00:00:00+05:30,4.49,4.49,4.3,4.49,1051517
NOIDATOLL,2025-02-11 00:00:00+05:30,4.71,4.71,4.71,4.71,53459
NOIDATOLL,2025-02-12 00:00:00+05:30,4.94,4.94,4.47,4.94,1032629
NOIDATOLL,2025-02-13 00:00:00+05:30,5.0,5.03,5.0,5.03,114867
NOIDATOLL,2025-02-14 00:00:00+05:30,5.01,5.01,4.92,4.92,786442
NOIDATOLL,2025-02-17 00:00:00+05:30,4.82,4.82,4.82,4.82,34496
NOIDATOLL,2025-02-18 00:00:00+05:30,4.72,4.72,4.72,4.72,32592
NOIDATOLL,2025-02-19 00:00:00+05:30,4.62,4.62,4.62,4.62,31396
NOIDATOLL,2025-02-20 00:00:00+05:30,4.52,4.52,4.52,4.52,24200
NOIDATOLL,2025-02-21 00:00:00+05:30,4.42,4.42,4.42,4.42,36985
NOIDATOLL,2025-02-24 00:00:00+05:30,4.33,4.33,4.33,4.33,18002
NOIDATOLL,2025-02-25 00:00:00+05:30,4.24,4.24,4.24,4.24,139424
NOIDATOLL,2025-02-27 00:00:00+05:30,4.15,4.15,4.15,4.15,21637
NOIDATOLL,2025-02-28 00:00:00+05:30,4.06,4.06,4.06,4.06,57046
NOIDATOLL,2025-03-03 00:00:00+05:30,3.97,3.97,3.97,3.97,28302
NOIDATOLL,2025-03-04 00:00:00+05:30,3.89,3.89,3.89,3.89,50517
NOIDATOLL,2025-03-05 00:00:00+05:30,3.89,3.89,3.81,3.81,216623
NOIDATOLL,2025-03-06 00:00:00+05:30,3.73,3.73,3.73,3.73,106514
NOIDATOLL,2025-03-07 00:00:00+05:30,3.65,3.65,3.65,3.65,155968
NOIDATOLL,2025-03-10 00:00:00+05:30,3.57,3.57,3.57,3.57,61434
NOIDATOLL,2025-03-11 00:00:00+05:30,3.49,3.49,3.49,3.49,94084
NOIDATOLL,2025-03-12 00:00:00+05:30,3.42,3.42,3.42,3.42,154856
NOIDATOLL,2025-03-13 00:00:00+05:30,3.35,3.35,3.35,3.35,83528
NOIDATOLL,2025-03-17 00:00:00+05:30,3.28,3.28,3.28,3.28,58156
NOIDATOLL,2025-03-18 00:00:00+05:30,3.21,3.21,3.21,3.21,115469
NOIDATOLL,2025-03-19 00:00:00+05:30,3.14,3.27,3.14,3.27,2187199
NOIDATOLL,2025-03-20 00:00:00+05:30,3.33,3.33,3.2,3.25,877306
NOIDATOLL,2025-03-21 00:00:00+05:30,3.26,3.31,3.26,3.31,396502
NOIDATOLL,2025-03-24 00:00:00+05:30,3.38,3.38,3.14,3.14,2902394
NOIDATOLL,2025-03-25 00:00:00+05:30,3.11,3.13,2.98,2.98,2234459
NOIDATOLL,2025-03-26 00:00:00+05:30,2.93,3.02,2.84,2.86,2213914
NOIDATOLL,2025-03-27 00:00:00+05:30,2.95,2.95,2.71,2.71,1166595
NOIDATOLL,2025-03-28 00:00:00+05:30,2.57,2.78,2.57,2.62,791931
NOIDATOLL,2025-04-01 00:00:00+05:30,2.62,2.75,2.62,2.75,55726
NOIDATOLL,2025-04-02 00:00:00+05:30,2.88,2.88,2.88,2.88,10099
NOIDATOLL,2025-04-03 00:00:00+05:30,3.02,3.02,2.94,3.02,56295
NOIDATOLL,2025-04-04 00:00:00+05:30,3.17,3.17,3.16,3.17,224684
NOIDATOLL,2025-04-07 00:00:00+05:30,3.32,3.32,3.01,3.32,419702
NOIDATOLL,2025-04-08 00:00:00+05:30,3.38,3.38,3.38,3.38,157821
NOIDATOLL,2025-04-09 00:00:00+05:30,3.44,3.44,3.44,3.44,80682
NOIDATOLL,2025-04-11 00:00:00+05:30,3.5,3.5,3.48,3.48,163196
NOIDATOLL,2025-04-15 00:00:00+05:30,3.47,3.5,3.47,3.5,126797
NOIDATOLL,2025-04-16 00:00:00+05:30,3.51,3.51,3.48,3.48,158160
NOIDATOLL,2025-04-17 00:00:00+05:30,3.45,3.45,3.41,3.41,76468
NOIDATOLL,2025-04-21 00:00:00+05:30,3.41,3.41,3.34,3.34,116715
NOIDATOLL,2025-04-22 00:00:00+05:30,3.34,3.34,3.34,3.34,64830
NOIDATOLL,2025-04-23 00:00:00+05:30,3.34,3.34,3.32,3.33,49213
NOIDATOLL,2025-04-24 00:00:00+05:30,3.33,3.33,3.32,3.32,43501
NOIDATOLL,2025-04-25 00:00:00+05:30,3.32,3.32,3.27,3.27,22528
NOIDATOLL,2025-04-26 00:00:00+05:30,3.2,3.2,3.2,3.2,0
NOIDATOLL,2025-04-28 00:00:00+05:30,3.27,3.28,3.25,3.25,45962
NOIDATOLL,2025-04-29 00:00:00+05:30,3.25,3.28,3.25,3.28,33437
NOIDATOLL,2025-04-30 00:00:00+05:30,3.28,3.3,3.28,3.28,28886
NOIDATOLL,2025-05-02 00:00:00+05:30,3.25,3.26,3.25,3.26,15495
NOIDATOLL,2025-05-05 00:00:00+05:30,3.31,3.32,3.31,3.32,106953
NOIDATOLL,2025-05-06 00:00:00+05:30,3.38,3.38,3.38,3.38,221948
NOIDATOLL,2025-05-07 00:00:00+05:30,3.44,3.44,3.44,3.44,86452
NOIDATOLL,2025-05-08 00:00:00+05:30,3.5,3.5,3.5,3.5,56539
NOIDATOLL,2025-05-09 00:00:00+05:30,3.43,3.5,3.43,3.43,203415
NOIDATOLL,2025-05-12 00:00:00+05:30,3.6,3.6,3.4,3.6,592022
NOIDATOLL,2025-05-13 00:00:00+05:30,3.72,3.78,3.67,3.78,200865
NOIDATOLL,2025-05-14 00:00:00+05:30,3.95,3.96,3.95,3.96,276511
NOIDATOLL,2025-05-15 00:00:00+05:30,4.14,4.15,3.96,4.15,314879
NOIDATOLL,2025-05-16 00:00:00+05:30,4.35,4.35,4.31,4.35,200366
NOIDATOLL,2025-05-19 00:00:00+05:30,4.56,4.56,4.56,4.56,195164
NOIDATOLL,2025-05-20 00:00:00+05:30,4.72,4.78,4.72,4.78,187063
NOIDATOLL,2025-05-21 00:00:00+05:30,4.87,4.87,4.86,4.87,635209
NOIDATOLL,2025-05-22 00:00:00+05:30,4.84,4.84,4.77,4.77,139880
NOIDATOLL,2025-05-23 00:00:00+05:30,4.67,4.67,4.67,4.67,25908
NOIDATOLL,2025-05-26 00:00:00+05:30,4.57,4.57,4.57,4.57,26036
NOIDATOLL,2025-05-27 00:00:00+05:30,4.47,4.47,4.47,4.47,11275
NOIDATOLL,2025-05-28 00:00:00+05:30,4.38,4.38,4.38,4.38,20573
NOIDATOLL,2025-05-29 00:00:00+05:30,4.29,4.29,4.29,4.29,31090
NOIDATOLL,2025-05-30 00:00:00+05:30,4.2,4.2,4.2,4.2,48150
NOIDATOLL,2025-06-02 00:00:00+05:30,4.11,4.11,4.11,4.11,83636
NOIDATOLL,2025-06-03 00:00:00+05:30,4.02,4.02,4.02,4.02,43338
NOIDATOLL,2025-06-04 00:00:00+05:30,3.93,3.93,3.93,3.93,62295
NOIDATOLL,2025-06-05 00:00:00+05:30,3.93,3.93,3.86,3.86,52169
NOIDATOLL,2025-06-06 00:00:00+05:30,3.86,3.93,3.86,3.93,28749
NOIDATOLL,2025-06-09 00:00:00+05:30,4.0,4.0,4.0,4.0,29704
NOIDATOLL,2025-06-10 00:00:00+05:30,4.08,4.08,4.08,4.08,72361
NOIDATOLL,2025-06-11 00:00:00+05:30,4.08,4.16,4.08,4.09,112010
NOIDATOLL,2025-06-12 00:00:00+05:30,4.01,4.01,4.0,4.0,87491
NOIDATOLL,2025-06-13 00:00:00+05:30,4.0,4.0,3.92,3.92,45147
NOIDATOLL,2025-06-16 00:00:00+05:30,3.91,3.91,3.9,3.9,32194
NOIDATOLL,2025-06-17 00:00:00+05:30,3.88,3.88,3.82,3.82,40155
NOIDATOLL,2025-06-18 00:00:00+05:30,3.83,3.89,3.83,3.89,10392
NOIDATOLL,2025-06-19 00:00:00+05:30,3.89,3.9,3.89,3.9,50451
NOIDATOLL,2025-06-20 00:00:00+05:30,3.85,3.85,3.82,3.82,34944
NOIDATOLL,2025-06-23 00:00:00+05:30,3.74,3.74,3.74,3.74,27332
NOIDATOLL,2025-06-24 00:00:00+05:30,3.74,3.75,3.66,3.66,81061
NOIDATOLL,2025-06-25 00:00:00+05:30,3.58,3.73,3.58,3.73,121657
NOIDATOLL,2025-06-26 00:00:00+05:30,3.8,3.8,3.8,3.8,16446
NOIDATOLL,2025-06-27 00:00:00+05:30,3.8,3.85,3.72,3.85,109868
NOIDATOLL,2025-06-30 00:00:00+05:30,4.04,4.04,3.71,4.04,187962
NOIDATOLL,2025-07-01 00:00:00+05:30,4.24,4.24,4.16,4.24,184961
NOIDATOLL,2025-07-02 00:00:00+05:30,4.44,4.45,4.24,4.45,182623
NOIDATOLL,2025-07-03 00:00:00+05:30,4.66,4.67,4.26,4.34,229443
NOIDATOLL,2025-07-04 00:00:00+05:30,4.53,4.53,4.2,4.21,72562
NOIDATOLL,2025-07-07 00:00:00+05:30,4.13,4.29,4.1,4.15,106272
NOIDATOLL,2025-07-08 00:00:00+05:30,4.13,4.24,3.94,4.14,97233
NOIDATOLL,2025-07-09 00:00:00+05:30,4.28,4.31,4.12,4.25,193400
NOIDATOLL,2025-07-10 00:00:00+05:30,4.2,4.39,4.12,4.33,102052
NOIDATOLL,2025-07-11 00:00:00+05:30,4.33,4.5,4.24,4.3,98072
NOIDATOLL,2025-07-14 00:00:00+05:30,4.3,4.3,4.09,4.11,158435
NOIDATOLL,2025-07-15 00:00:00+05:30,4.31,4.31,4.1,4.2,43987
NOIDATOLL,2025-07-16 00:00:00+05:30,4.28,4.41,4.12,4.4,217924
NOIDATOLL,2025-07-17 00:00:00+05:30,4.41,4.54,4.25,4.38,176403
NOIDATOLL,2025-07-18 00:00:00+05:30,4.4,4.5,4.2,4.29,86349
NOIDATOLL,2025-07-21 00:00:00+05:30,4.32,4.39,4.11,4.13,102070
NOIDATOLL,2025-07-22 00:00:00+05:30,4.2,4.28,4.1,4.15,81013
NOIDATOLL,2025-07-23 00:00:00+05:30,4.19,4.19,4.01,4.06,223754
NOIDATOLL,2025-07-24 00:00:00+05:30,4.01,4.17,3.85,3.9,281129
NOIDATOLL,2025-07-25 00:00:00+05:30,3.98,3.98,3.78,3.86,62397
NOIDATOLL,2025-07-28 00:00:00+05:30,3.99,3.99,3.66,3.66,241837
NOIDATOLL,2025-07-29 00:00:00+05:30,3.73,3.75,3.49,3.56,114415
NOIDATOLL,2025-07-30 00:00:00+05:30,3.63,3.73,3.56,3.73,88994
NOIDATOLL,2025-07-31 00:00:00+05:30,3.79,3.91,3.74,3.83,303256
NOIDATOLL,2025-08-01 00:00:00+05:30,3.91,3.91,3.68,3.69,103475
NOIDATOLL,2025-08-04 00:00:00+05:30,3.7,3.81,3.52,3.68,96977
NOIDATOLL,2025-08-05 00:00:00+05:30,3.68,3.86,3.6,3.86,196699
NOIDATOLL,2025-08-06 00:00:00+05:30,3.97,3.98,3.7,3.76,221508
NOIDATOLL,2025-08-07 00:00:00+05:30,3.82,3.82,3.62,3.65,78809
NOIDATOLL,2025-08-08 00:00:00+05:30,3.6,3.79,3.6,3.71,57211
NOIDATOLL,2025-08-11 00:00:00+05:30,3.85,3.89,3.85,3.89,261403
NOIDATOLL,2025-08-12 00:00:00+05:30,3.91,3.91,3.75,3.84,115616
NOIDATOLL,2025-08-13 00:00:00+05:30,3.84,3.99,3.84,3.86,40441
NOIDATOLL,2025-08-14 00:00:00+05:30,3.9,3.98,3.7,3.88,128680
NOIDATOLL,2025-08-18 00:00:00+05:30,3.95,3.98,3.76,3.79,100678
NOIDATOLL,2025-08-19 00:00:00+05:30,3.91,3.93,3.8,3.84,56887
NOIDATOLL,2025-08-20 00:00:00+05:30,3.91,3.93,3.64,3.76,331319
NOIDATOLL,2025-08-21 00:00:00+05:30,3.81,3.81,3.69,3.7,107032
NOIDATOLL,2025-08-22 00:00:00+05:30,3.77,3.88,3.63,3.88,169610
NOIDATOLL,2025-08-25 00:00:00+05:30,3.97,3.99,3.81,3.83,173342
NOIDATOLL,2025-08-26 00:00:00+05:30,3.83,3.89,3.68,3.83,114784
NOIDATOLL,2025-08-28 00:00:00+05:30,3.98,4.0,3.72,3.83,124309
NOIDATOLL,2025-08-29 00:00:00+05:30,3.95,4.02,3.8,4.02,224749
NOIDATOLL,2025-09-01 00:00:00+05:30,4.2,4.22,4.18,4.22,179030
NOIDATOLL,2025-09-02 00:00:00+05:30,4.23,4.43,4.23,4.43,227063
NOIDATOLL,2025-09-03 00:00:00+05:30,4.65,4.65,4.65,4.65,56921
NOIDATOLL,2025-09-04 00:00:00+05:30,4.88,4.88,4.88,4.88,132702
NOIDATOLL,2025-09-05 00:00:00+05:30,5.12,5.12,5.12,5.12,134652
NOIDATOLL,2025-09-08 00:00:00+05:30,5.37,5.37,5.37,5.37,98348
NOIDATOLL,2025-09-09 00:00:00+05:30,5.63,5.63,5.1,5.1,319832
NOIDATOLL,2025-09-10 00:00:00+05:30,4.84,5.35,4.84,4.84,398435
NOIDATOLL,2025-09-11 00:00:00+05:30,4.6,4.81,4.59,4.63,147915
NOIDATOLL,2025-09-12 00:00:00+05:30,4.54,4.74,4.39,4.39,68836
NOIDATOLL,2025-09-15 00:00:00+05:30,4.39,4.39,4.17,4.17,35364
NOIDATOLL,2025-09-16 00:00:00+05:30,4.18,4.37,4.18,4.33,29918
NOIDATOLL,2025-09-17 00:00:00+05:30,4.54,4.54,4.11,4.49,12089
NOIDATOLL,2025-09-18 00:00:00+05:30,4.71,4.71,4.26,4.42,54056
NOIDATOLL,2025-09-19 00:00:00+05:30,4.26,4.64,4.19,4.26,85398
NOIDATOLL,2025-09-22 00:00:00+05:30,4.26,4.47,4.04,4.38,141286
NOIDATOLL,2025-09-23 00:00:00+05:30,4.16,4.49,4.16,4.41,48479
NOIDATOLL,2025-09-24 00:00:00+05:30,4.41,4.63,4.18,4.26,165343
NOIDATOLL,2025-09-25 00:00:00+05:30,4.17,4.47,4.04,4.04,157543
NOIDATOLL,2025-09-26 00:00:00+05:30,4.04,4.24,3.92,4.02,35557
NOIDATOLL,2025-09-29 00:00:00+05:30,3.94,4.22,3.91,4.08,21326
NOIDATOLL,2025-09-30 00:00:00+05:30,4.0,4.28,3.87,3.99,42005
NOIDATOLL,2025-10-01 00:00:00+05:30,3.91,4.18,3.8,3.97,26083
NOIDATOLL,2025-10-03 00:00:00+05:30,4.15,4.15,3.77,4.07,48262
NOIDATOLL,2025-10-06 00:00:00+05:30,3.99,4.16,3.86,3.88,64007
NOIDATOLL,2025-10-07 00:00:00+05:30,3.88,4.07,3.7,3.81,62151
NOIDATOLL,2025-10-08 00:00:00+05:30,3.8,3.92,3.66,3.69,32044
NOIDATOLL,2025-10-09 00:00:00+05:30,3.67,3.87,3.61,3.86,33944
NOIDATOLL,2025-10-10 00:00:00+05:30,3.86,3.98,3.7,3.77,97114
NOIDATOLL,2025-10-13 00:00:00+05:30,3.95,3.95,3.95,3.95,61702
NOIDATOLL,2025-10-14 00:00:00+05:30,4.14,4.14,4.14,4.14,198363
NOIDATOLL,2025-10-15 00:00:00+05:30,4.34,4.34,4.34,4.34,239498
NOIDATOLL,2025-10-16 00:00:00+05:30,4.55,4.55,4.12,4.38,769148
NOIDATOLL,2025-10-17 00:00:00+05:30,4.38,4.59,4.2,4.59,414148
NOIDATOLL,2025-10-20 00:00:00+05:30,4.73,4.75,4.36,4.4,198054
NOIDATOLL,2025-10-21 00:00:00+05:30,4.39,4.62,4.39,4.54,66725
NOIDATOLL,2025-10-23 00:00:00+05:30,4.44,4.64,4.44,4.47,58162
NOIDATOLL,2025-10-24 00:00:00+05:30,4.47,4.57,4.4,4.47,66254
NOIDATOLL,2025-10-27 00:00:00+05:30,4.56,4.56,4.42,4.47,94562
NOIDATOLL,2025-10-28 00:00:00+05:30,4.38,4.56,4.37,4.46,129749
NOIDATOLL,2025-10-29 00:00:00+05:30,4.55,4.56,4.33,4.37,67538
NOIDATOLL,2025-10-30 00:00:00+05:30,4.35,4.46,4.25,4.43,62163
NOIDATOLL,2025-10-31 00:00:00+05:30,4.56,4.64,4.27,4.55,171050
NOIDATOLL,2025-11-03 00:00:00+05:30,4.64,4.64,4.4,4.42,89324
NOIDATOLL,2025-11-04 00:00:00+05:30,4.5,4.5,4.27,4.36,82155
NOIDATOLL,2025-11-06 00:00:00+05:30,4.27,4.53,4.27,4.34,84003
NOIDATOLL,2025-11-07 00:00:00+05:30,4.45,4.45,4.3,4.38,48941
NOIDATOLL,2025-11-10 00:00:00+05:30,4.54,4.54,4.31,4.39,70319
NOIDATOLL,2025-11-11 00:00:00+05:30,4.5,4.5,4.33,4.45,89088
NOIDATOLL,2025-11-12 00:00:00+05:30,4.5,4.5,4.22,4.3,123707
NOIDATOLL,2025-11-13 00:00:00+05:30,4.3,4.5,4.27,4.4,100132
NOIDATOLL,2025-11-14 00:00:00+05:30,4.49,4.49,4.32,4.45,58001
NOIDATOLL,2025-11-17 00:00:00+05:30,4.48,4.59,4.33,4.35,176501
NOIDATOLL,2025-11-18 00:00:00+05:30,4.49,4.49,4.28,4.33,85306
NOIDATOLL,2025-11-19 00:00:00+05:30,4.25,4.54,4.25,4.48,141038
NOIDATOLL,2025-11-20 00:00:00+05:30,4.59,4.59,4.3,4.36,123456
NOIDATOLL,2025-11-21 00:00:00+05:30,4.38,4.47,4.31,4.42,64059
NOIDATOLL,2025-11-24 00:00:00+05:30,4.36,4.43,4.27,4.29,96769
NOIDATOLL,2025-11-25 00:00:00+05:30,4.23,4.39,4.22,4.31,94658
NOIDATOLL,2025-11-26 00:00:00+05:30,4.44,4.44,4.27,4.31,63228
NOIDATOLL,2025-11-27 00:00:00+05:30,4.35,4.52,4.32,4.52,212495
NOIDATOLL,2025-11-28 00:00:00+05:30,4.61,4.74,4.61,4.74,218322
