Symbol,Date,Open,High,Low,Close,Volume
PEARLPOLY,2007-01-02 00:00:00+05:30,24.65,25.2,24.25,25.2,5660
PEARLPOLY,2007-01-03 00:00:00+05:30,25.1,25.6,24.85,25.25,4280
PEARLPOLY,2007-01-04 00:00:00+05:30,24.3,25.25,24.3,24.5,6091
PEARLPOLY,2007-01-05 00:00:00+05:30,25.0,25.0,24.0,24.05,7134
PEARLPOLY,2007-01-08 00:00:00+05:30,24.5,24.6,23.8,24.05,7293
PEARLPOLY,2007-01-09 00:00:00+05:30,25.0,25.0,23.3,23.8,4992
PEARLPOLY,2007-01-10 00:00:00+05:30,24.65,24.75,23.2,23.9,15548
PEARLPOLY,2007-01-11 00:00:00+05:30,23.5,24.25,23.25,24.0,2214
PEARLPOLY,2007-01-12 00:00:00+05:30,23.1,24.5,23.05,24.0,13203
PEARLPOLY,2007-01-15 00:00:00+05:30,23.2,24.4,23.2,24.1,2713
PEARLPOLY,2007-01-16 00:00:00+05:30,23.2,25.35,23.2,25.0,21504
PEARLPOLY,2007-01-17 00:00:00+05:30,24.9,24.9,23.9,23.95,2615
PEARLPOLY,2007-01-18 00:00:00+05:30,25.0,25.0,23.3,23.5,2362
PEARLPOLY,2007-01-19 00:00:00+05:30,24.7,24.7,23.05,23.25,4759
PEARLPOLY,2007-01-22 00:00:00+05:30,23.5,23.7,23.3,23.35,2030
PEARLPOLY,2007-01-23 00:00:00+05:30,23.2,23.7,22.85,23.05,1439
PEARLPOLY,2007-01-24 00:00:00+05:30,24.2,24.2,21.9,22.35,15551
PEARLPOLY,2007-01-25 00:00:00+05:30,22.35,22.35,22.0,22.05,3394
PEARLPOLY,2007-01-29 00:00:00+05:30,21.75,22.5,21.75,22.15,2337
PEARLPOLY,2007-01-31 00:00:00+05:30,21.9,22.0,21.5,21.75,4113
PEARLPOLY,2007-02-01 00:00:00+05:30,21.05,21.95,20.7,21.0,2031
PEARLPOLY,2007-02-02 00:00:00+05:30,21.9,21.9,20.5,20.5,5343
PEARLPOLY,2007-02-05 00:00:00+05:30,21.0,21.0,19.65,20.0,8786
PEARLPOLY,2007-02-06 00:00:00+05:30,19.75,20.3,19.05,19.85,8723
PEARLPOLY,2007-02-07 00:00:00+05:30,19.6,20.6,19.0,19.3,5080
PEARLPOLY,2007-02-08 00:00:00+05:30,19.5,20.0,19.0,19.75,3632
PEARLPOLY,2007-02-09 00:00:00+05:30,20.75,20.75,20.65,20.75,60605
PEARLPOLY,2007-02-12 00:00:00+05:30,22.0,22.85,19.1,20.1,90676
PEARLPOLY,2007-02-13 00:00:00+05:30,21.95,21.95,18.8,19.25,19549
PEARLPOLY,2007-02-14 00:00:00+05:30,18.6,19.9,18.55,19.6,2349
PEARLPOLY,2007-02-15 00:00:00+05:30,19.9,21.0,18.1,20.2,15007
PEARLPOLY,2007-02-19 00:00:00+05:30,20.2,20.2,18.25,18.85,13124
PEARLPOLY,2007-02-20 00:00:00+05:30,19.0,19.35,18.35,19.35,3806
PEARLPOLY,2007-02-21 00:00:00+05:30,18.25,19.25,17.45,19.15,7204
PEARLPOLY,2007-02-22 00:00:00+05:30,18.05,19.2,17.95,18.05,3882
PEARLPOLY,2007-02-23 00:00:00+05:30,17.0,18.1,16.95,17.85,5390
PEARLPOLY,2007-02-26 00:00:00+05:30,18.2,18.2,17.2,17.3,1260
PEARLPOLY,2007-02-27 00:00:00+05:30,17.65,17.65,17.0,17.05,7560
PEARLPOLY,2007-02-28 00:00:00+05:30,16.7,18.6,16.7,18.6,5046
PEARLPOLY,2007-03-01 00:00:00+05:30,20.5,20.5,17.4,18.3,10058
PEARLPOLY,2007-03-02 00:00:00+05:30,18.3,18.45,17.35,17.85,4646
PEARLPOLY,2007-03-05 00:00:00+05:30,17.5,18.3,16.3,17.75,3531
PEARLPOLY,2007-03-06 00:00:00+05:30,16.05,17.7,16.05,16.9,1574
PEARLPOLY,2007-03-07 00:00:00+05:30,16.35,17.15,15.35,16.25,1615
PEARLPOLY,2007-03-08 00:00:00+05:30,15.75,17.15,15.75,16.85,3381
PEARLPOLY,2007-03-09 00:00:00+05:30,16.75,17.6,16.25,16.75,1840
PEARLPOLY,2007-03-12 00:00:00+05:30,17.25,17.75,16.5,16.65,2202
PEARLPOLY,2007-03-13 00:00:00+05:30,16.25,18.2,15.5,16.5,9794
PEARLPOLY,2007-03-14 00:00:00+05:30,16.75,16.75,16.05,16.2,760
PEARLPOLY,2007-03-15 00:00:00+05:30,16.15,16.85,16.15,16.15,300
PEARLPOLY,2007-03-16 00:00:00+05:30,15.55,16.35,15.55,15.75,3337
PEARLPOLY,2007-03-19 00:00:00+05:30,15.75,16.5,14.25,16.0,10076
PEARLPOLY,2007-03-20 00:00:00+05:30,15.2,15.6,15.2,15.55,700
PEARLPOLY,2007-03-21 00:00:00+05:30,15.05,15.3,14.4,15.25,720
PEARLPOLY,2007-03-22 00:00:00+05:30,15.6,16.8,15.5,16.55,3329
PEARLPOLY,2007-03-23 00:00:00+05:30,16.5,18.0,15.4,15.8,3669
PEARLPOLY,2007-03-26 00:00:00+05:30,16.0,16.0,15.0,15.45,6755
PEARLPOLY,2007-03-28 00:00:00+05:30,15.25,15.8,14.4,15.75,10426
PEARLPOLY,2007-03-29 00:00:00+05:30,15.0,16.9,14.85,15.5,1965
PEARLPOLY,2007-03-30 00:00:00+05:30,15.45,15.45,15.0,15.35,1350
PEARLPOLY,2007-04-02 00:00:00+05:30,15.05,15.05,15.05,15.05,76
PEARLPOLY,2007-04-03 00:00:00+05:30,15.1,15.45,15.1,15.45,300
PEARLPOLY,2007-04-04 00:00:00+05:30,15.25,15.6,15.25,15.6,300
PEARLPOLY,2007-04-05 00:00:00+05:30,15.1,16.0,15.1,16.0,150
PEARLPOLY,2007-04-09 00:00:00+05:30,15.5,15.95,15.1,15.75,3090
PEARLPOLY,2007-04-10 00:00:00+05:30,15.35,16.5,15.35,15.5,716
PEARLPOLY,2007-04-11 00:00:00+05:30,16.45,16.45,15.8,16.2,569
PEARLPOLY,2007-04-12 00:00:00+05:30,16.0,16.65,16.0,16.65,1125
PEARLPOLY,2007-04-13 00:00:00+05:30,16.65,17.25,16.5,16.5,3284
PEARLPOLY,2007-04-16 00:00:00+05:30,17.0,17.0,15.7,16.55,7093
PEARLPOLY,2007-04-17 00:00:00+05:30,16.0,16.5,15.8,16.25,3400
PEARLPOLY,2007-04-18 00:00:00+05:30,16.0,17.6,16.0,16.05,1275
PEARLPOLY,2007-04-19 00:00:00+05:30,16.95,17.1,15.9,16.15,7479
PEARLPOLY,2007-04-20 00:00:00+05:30,16.0,16.2,15.75,16.05,10535
PEARLPOLY,2007-04-23 00:00:00+05:30,15.8,16.95,15.8,16.4,2700
PEARLPOLY,2007-04-24 00:00:00+05:30,16.1,17.5,16.1,17.35,10550
PEARLPOLY,2007-04-25 00:00:00+05:30,16.55,17.35,16.55,16.8,3182
PEARLPOLY,2007-04-26 00:00:00+05:30,17.0,17.0,16.65,16.65,8598
PEARLPOLY,2007-04-27 00:00:00+05:30,15.9,16.95,15.9,16.4,4750
PEARLPOLY,2007-04-30 00:00:00+05:30,15.95,16.85,15.95,16.4,3745
PEARLPOLY,2007-05-03 00:00:00+05:30,17.0,17.0,16.5,16.5,4183
PEARLPOLY,2007-05-04 00:00:00+05:30,16.05,16.9,15.75,16.15,3041
PEARLPOLY,2007-05-07 00:00:00+05:30,16.2,16.9,16.2,16.25,6219
PEARLPOLY,2007-05-08 00:00:00+05:30,16.95,16.95,16.2,16.2,1535
PEARLPOLY,2007-05-09 00:00:00+05:30,16.05,16.45,15.75,15.85,9040
PEARLPOLY,2007-05-10 00:00:00+05:30,15.75,17.25,15.75,16.95,3854
PEARLPOLY,2007-05-11 00:00:00+05:30,17.25,17.25,16.0,16.55,6896
PEARLPOLY,2007-05-14 00:00:00+05:30,16.1,16.5,16.0,16.1,2919
PEARLPOLY,2007-05-15 00:00:00+05:30,15.95,17.3,15.0,16.8,7869
PEARLPOLY,2007-05-16 00:00:00+05:30,16.3,16.5,16.3,16.5,5024
PEARLPOLY,2007-05-17 00:00:00+05:30,16.5,16.5,16.1,16.5,595
PEARLPOLY,2007-05-18 00:00:00+05:30,16.1,16.1,16.1,16.1,355
PEARLPOLY,2007-05-21 00:00:00+05:30,16.5,17.0,16.25,16.95,1031
PEARLPOLY,2007-05-22 00:00:00+05:30,16.25,16.75,16.2,16.2,2969
PEARLPOLY,2007-05-23 00:00:00+05:30,16.0,16.2,16.0,16.1,7200
PEARLPOLY,2007-05-24 00:00:00+05:30,16.0,16.25,16.0,16.0,2416
PEARLPOLY,2007-05-25 00:00:00+05:30,16.85,16.85,15.7,16.0,2472
PEARLPOLY,2007-05-28 00:00:00+05:30,15.85,16.15,15.85,16.15,1230
PEARLPOLY,2007-05-29 00:00:00+05:30,15.7,16.1,15.65,16.1,3898
PEARLPOLY,2007-05-30 00:00:00+05:30,16.1,16.5,15.85,16.0,2850
PEARLPOLY,2007-05-31 00:00:00+05:30,16.25,16.25,15.9,16.1,1500
PEARLPOLY,2007-06-01 00:00:00+05:30,15.65,16.35,15.5,16.05,1443
PEARLPOLY,2007-06-04 00:00:00+05:30,15.65,16.5,15.1,15.95,4545
PEARLPOLY,2007-06-05 00:00:00+05:30,17.0,17.0,15.75,15.75,500
PEARLPOLY,2007-06-06 00:00:00+05:30,16.0,16.0,15.3,15.3,1413
PEARLPOLY,2007-06-07 00:00:00+05:30,15.15,16.0,15.15,15.75,475
PEARLPOLY,2007-06-08 00:00:00+05:30,15.35,15.4,15.35,15.4,150
PEARLPOLY,2007-06-11 00:00:00+05:30,14.95,15.95,14.75,15.7,3138
PEARLPOLY,2007-06-12 00:00:00+05:30,15.5,15.5,15.5,15.5,500
PEARLPOLY,2007-06-13 00:00:00+05:30,15.5,15.6,15.5,15.6,1083
PEARLPOLY,2007-06-14 00:00:00+05:30,15.2,15.25,15.0,15.2,3472
PEARLPOLY,2007-06-15 00:00:00+05:30,16.45,16.55,15.35,16.45,10906
PEARLPOLY,2007-06-18 00:00:00+05:30,15.5,16.25,15.5,15.5,2150
PEARLPOLY,2007-06-19 00:00:00+05:30,16.25,16.25,15.2,16.2,912
PEARLPOLY,2007-06-20 00:00:00+05:30,15.5,16.35,15.3,15.45,355
PEARLPOLY,2007-06-21 00:00:00+05:30,15.45,15.55,15.45,15.55,1100
PEARLPOLY,2007-06-22 00:00:00+05:30,15.6,16.0,15.6,15.6,1201
PEARLPOLY,2007-06-26 00:00:00+05:30,15.25,15.95,15.0,15.7,1651
PEARLPOLY,2007-06-27 00:00:00+05:30,15.3,16.3,15.3,15.75,1515
PEARLPOLY,2007-06-28 00:00:00+05:30,15.55,16.25,15.5,16.2,6263
PEARLPOLY,2007-06-29 00:00:00+05:30,15.6,16.6,15.3,16.6,1720
PEARLPOLY,2007-07-02 00:00:00+05:30,16.0,16.0,15.95,15.95,1236
PEARLPOLY,2007-07-03 00:00:00+05:30,15.6,16.5,15.5,16.0,2613
PEARLPOLY,2007-07-04 00:00:00+05:30,16.0,16.45,15.6,15.9,715
PEARLPOLY,2007-07-05 00:00:00+05:30,15.6,16.0,15.0,15.45,1750
PEARLPOLY,2007-07-06 00:00:00+05:30,15.05,15.5,15.05,15.5,3420
PEARLPOLY,2007-07-09 00:00:00+05:30,15.75,16.4,15.5,15.65,3839
PEARLPOLY,2007-07-10 00:00:00+05:30,15.15,16.0,15.15,16.0,111
PEARLPOLY,2007-07-11 00:00:00+05:30,15.35,15.8,15.3,15.5,2880
PEARLPOLY,2007-07-13 00:00:00+05:30,15.2,16.6,15.1,16.25,3291
PEARLPOLY,2007-07-16 00:00:00+05:30,17.35,19.5,17.15,19.5,15368
PEARLPOLY,2007-07-17 00:00:00+05:30,22.9,23.4,21.5,23.4,38539
PEARLPOLY,2007-07-18 00:00:00+05:30,25.0,25.75,23.1,23.75,234118
PEARLPOLY,2007-07-19 00:00:00+05:30,24.0,24.0,21.5,23.05,70563
PEARLPOLY,2007-07-20 00:00:00+05:30,23.2,23.2,21.5,21.55,25168
PEARLPOLY,2007-07-23 00:00:00+05:30,21.3,22.0,20.1,20.25,16198
PEARLPOLY,2007-07-24 00:00:00+05:30,21.5,22.1,19.4,19.5,8969
PEARLPOLY,2007-07-25 00:00:00+05:30,19.9,21.0,18.0,18.85,10091
PEARLPOLY,2007-07-26 00:00:00+05:30,18.15,19.3,18.15,18.95,4127
PEARLPOLY,2007-07-27 00:00:00+05:30,19.4,19.4,17.9,18.0,12837
PEARLPOLY,2007-07-30 00:00:00+05:30,17.5,18.55,16.3,17.75,3416
PEARLPOLY,2007-07-31 00:00:00+05:30,17.7,19.0,17.6,17.8,2886
PEARLPOLY,2007-08-01 00:00:00+05:30,18.0,18.0,17.25,17.4,2955
PEARLPOLY,2007-08-02 00:00:00+05:30,17.4,18.65,17.4,17.8,3025
PEARLPOLY,2007-08-03 00:00:00+05:30,17.9,19.6,17.9,18.2,9872
PEARLPOLY,2007-08-06 00:00:00+05:30,18.65,18.65,17.65,17.8,10758
PEARLPOLY,2007-08-07 00:00:00+05:30,18.95,19.0,17.0,18.25,3016
PEARLPOLY,2007-08-08 00:00:00+05:30,18.0,18.0,17.75,18.0,14445
PEARLPOLY,2007-08-09 00:00:00+05:30,18.75,18.75,17.85,17.85,551
PEARLPOLY,2007-08-10 00:00:00+05:30,17.25,17.65,17.0,17.5,3485
PEARLPOLY,2007-08-13 00:00:00+05:30,17.6,18.55,17.0,17.15,1943
PEARLPOLY,2007-08-14 00:00:00+05:30,17.5,18.85,17.5,18.7,5695
PEARLPOLY,2007-08-16 00:00:00+05:30,17.2,19.5,17.2,18.8,20353
PEARLPOLY,2007-08-17 00:00:00+05:30,18.5,19.5,18.25,18.85,2144
PEARLPOLY,2007-08-20 00:00:00+05:30,19.45,19.45,18.65,18.65,970
PEARLPOLY,2007-08-21 00:00:00+05:30,18.2,18.95,17.95,17.95,1885
PEARLPOLY,2007-08-22 00:00:00+05:30,17.1,18.0,17.0,17.75,2703
PEARLPOLY,2007-08-23 00:00:00+05:30,18.0,18.0,16.8,17.05,5201
PEARLPOLY,2007-08-24 00:00:00+05:30,16.7,18.5,16.7,18.15,2101
PEARLPOLY,2007-08-27 00:00:00+05:30,17.6,18.4,17.15,17.95,2550
PEARLPOLY,2007-08-28 00:00:00+05:30,17.25,18.4,17.2,17.55,1898
PEARLPOLY,2007-08-29 00:00:00+05:30,17.3,18.3,17.3,17.75,747
PEARLPOLY,2007-08-30 00:00:00+05:30,17.4,18.0,17.1,17.25,15390
PEARLPOLY,2007-08-31 00:00:00+05:30,17.5,18.25,17.35,17.65,1210
PEARLPOLY,2007-09-03 00:00:00+05:30,17.35,17.8,17.1,17.45,1255
PEARLPOLY,2007-09-04 00:00:00+05:30,17.5,17.5,17.5,17.5,364
PEARLPOLY,2007-09-05 00:00:00+05:30,18.0,18.1,17.55,17.8,11672
PEARLPOLY,2007-09-06 00:00:00+05:30,18.0,18.0,17.45,17.5,5620
PEARLPOLY,2007-09-07 00:00:00+05:30,17.6,17.65,17.55,17.55,2170
PEARLPOLY,2007-09-10 00:00:00+05:30,18.0,18.3,17.35,18.2,10323
PEARLPOLY,2007-09-11 00:00:00+05:30,16.7,19.75,16.7,18.4,3049
PEARLPOLY,2007-09-12 00:00:00+05:30,17.1,19.75,17.1,19.0,7160
PEARLPOLY,2007-09-13 00:00:00+05:30,19.95,19.95,18.85,18.85,4541
PEARLPOLY,2007-09-14 00:00:00+05:30,19.85,19.9,18.05,18.4,12047
PEARLPOLY,2007-09-17 00:00:00+05:30,18.15,18.25,18.0,18.1,2116
PEARLPOLY,2007-09-18 00:00:00+05:30,18.4,19.25,18.4,18.55,1909
PEARLPOLY,2007-09-19 00:00:00+05:30,18.35,18.5,17.2,18.25,6975
PEARLPOLY,2007-09-20 00:00:00+05:30,18.0,18.5,17.55,17.7,6022
PEARLPOLY,2007-09-21 00:00:00+05:30,17.75,19.0,17.5,18.55,5329
PEARLPOLY,2007-09-24 00:00:00+05:30,18.0,22.3,18.0,22.3,53276
PEARLPOLY,2007-09-25 00:00:00+05:30,22.55,26.8,22.55,24.25,137051
PEARLPOLY,2007-09-26 00:00:00+05:30,25.5,26.4,24.0,24.65,66726
PEARLPOLY,2007-09-27 00:00:00+05:30,26.0,26.0,21.55,23.85,18234
PEARLPOLY,2007-09-28 00:00:00+05:30,21.85,23.85,21.85,22.65,9933
PEARLPOLY,2007-10-01 00:00:00+05:30,23.3,23.3,21.05,22.1,10381
PEARLPOLY,2007-10-03 00:00:00+05:30,20.5,22.9,20.5,22.0,12277
PEARLPOLY,2007-10-04 00:00:00+05:30,21.5,22.0,21.25,21.4,10590
PEARLPOLY,2007-10-05 00:00:00+05:30,21.1,21.2,20.1,20.25,4132
PEARLPOLY,2007-10-08 00:00:00+05:30,20.35,21.95,16.25,18.4,22793
PEARLPOLY,2007-10-09 00:00:00+05:30,18.3,19.5,17.7,19.4,5332
PEARLPOLY,2007-10-10 00:00:00+05:30,21.9,21.9,19.25,19.9,7471
PEARLPOLY,2007-10-11 00:00:00+05:30,19.0,19.75,18.0,19.35,4816
PEARLPOLY,2007-10-12 00:00:00+05:30,19.2,19.9,18.5,18.8,2523
PEARLPOLY,2007-10-15 00:00:00+05:30,18.1,19.5,18.1,19.05,5272
PEARLPOLY,2007-10-16 00:00:00+05:30,18.3,19.85,17.65,19.35,6181
PEARLPOLY,2007-10-17 00:00:00+05:30,17.05,19.0,17.05,18.2,3419
PEARLPOLY,2007-10-18 00:00:00+05:30,19.2,19.25,18.05,18.4,5698
PEARLPOLY,2007-10-19 00:00:00+05:30,17.25,18.0,17.25,17.45,16033
PEARLPOLY,2007-10-22 00:00:00+05:30,17.5,18.1,17.0,17.5,1938
PEARLPOLY,2007-10-23 00:00:00+05:30,17.5,18.25,17.35,17.95,5563
PEARLPOLY,2007-10-24 00:00:00+05:30,17.55,17.95,17.35,17.65,1864
PEARLPOLY,2007-10-25 00:00:00+05:30,18.0,18.8,17.65,17.65,5723
PEARLPOLY,2007-10-26 00:00:00+05:30,18.65,18.8,17.7,18.0,11865
PEARLPOLY,2007-10-29 00:00:00+05:30,17.15,18.85,17.15,18.45,7258
PEARLPOLY,2007-10-30 00:00:00+05:30,17.2,18.3,17.2,18.0,4651
PEARLPOLY,2007-10-31 00:00:00+05:30,18.2,18.5,16.15,18.05,12325
PEARLPOLY,2007-11-01 00:00:00+05:30,17.85,18.3,17.75,17.75,1645
PEARLPOLY,2007-11-02 00:00:00+05:30,18.0,18.0,17.55,17.7,4105
PEARLPOLY,2007-11-05 00:00:00+05:30,18.6,19.0,17.5,17.85,4363
PEARLPOLY,2007-11-06 00:00:00+05:30,18.0,18.5,17.5,18.35,3716
PEARLPOLY,2007-11-07 00:00:00+05:30,16.1,18.95,16.1,17.15,6805
PEARLPOLY,2007-11-08 00:00:00+05:30,18.0,18.05,17.0,17.95,1596
PEARLPOLY,2007-11-09 00:00:00+05:30,16.05,18.35,16.05,18.35,70
PEARLPOLY,2007-11-12 00:00:00+05:30,15.5,18.0,15.4,17.7,2044
PEARLPOLY,2007-11-13 00:00:00+05:30,17.4,18.5,17.25,17.6,4851
PEARLPOLY,2007-11-14 00:00:00+05:30,18.8,19.1,17.5,18.55,11960
PEARLPOLY,2007-11-15 00:00:00+05:30,19.7,20.0,18.2,19.0,5740
PEARLPOLY,2007-11-16 00:00:00+05:30,18.2,20.85,18.15,19.2,9711
PEARLPOLY,2007-11-19 00:00:00+05:30,19.8,22.9,19.8,21.5,32118
PEARLPOLY,2007-11-20 00:00:00+05:30,22.0,23.45,19.85,21.15,29305
PEARLPOLY,2007-11-21 00:00:00+05:30,23.0,23.45,19.5,19.85,16878
PEARLPOLY,2007-11-22 00:00:00+05:30,16.1,21.8,16.1,19.95,5811
PEARLPOLY,2007-11-23 00:00:00+05:30,16.0,21.9,16.0,19.8,5253
PEARLPOLY,2007-11-26 00:00:00+05:30,20.0,20.2,18.8,19.5,17027
PEARLPOLY,2007-11-27 00:00:00+05:30,19.2,19.5,19.0,19.5,3370
PEARLPOLY,2007-11-28 00:00:00+05:30,18.8,20.0,18.75,18.75,5387
PEARLPOLY,2007-11-29 00:00:00+05:30,19.1,20.0,17.5,18.75,16627
PEARLPOLY,2007-11-30 00:00:00+05:30,19.95,21.25,19.0,19.3,24548
PEARLPOLY,2007-12-03 00:00:00+05:30,19.0,20.45,18.7,19.5,6254
PEARLPOLY,2007-12-04 00:00:00+05:30,19.6,21.2,18.75,19.25,31556
PEARLPOLY,2007-12-05 00:00:00+05:30,20.0,22.3,19.85,21.2,43010
PEARLPOLY,2007-12-06 00:00:00+05:30,22.3,24.9,21.05,21.75,24288
PEARLPOLY,2007-12-07 00:00:00+05:30,21.2,23.65,18.0,21.6,23012
PEARLPOLY,2007-12-10 00:00:00+05:30,21.75,22.65,21.2,21.75,10207
PEARLPOLY,2007-12-11 00:00:00+05:30,22.0,22.8,20.15,22.15,22394
PEARLPOLY,2007-12-12 00:00:00+05:30,18.6,24.5,18.6,22.7,12605
PEARLPOLY,2007-12-13 00:00:00+05:30,23.45,24.45,22.7,24.15,19169
PEARLPOLY,2007-12-14 00:00:00+05:30,21.85,27.95,21.85,26.05,94104
PEARLPOLY,2007-12-17 00:00:00+05:30,27.0,27.7,23.5,23.95,63912
PEARLPOLY,2007-12-18 00:00:00+05:30,23.95,24.5,22.8,23.3,10314
PEARLPOLY,2007-12-19 00:00:00+05:30,23.9,24.95,23.85,24.15,12387
PEARLPOLY,2007-12-20 00:00:00+05:30,22.6,24.1,22.6,23.4,12530
PEARLPOLY,2007-12-24 00:00:00+05:30,22.4,23.8,22.4,23.45,5184
PEARLPOLY,2007-12-26 00:00:00+05:30,23.3,25.95,22.8,25.0,20156
PEARLPOLY,2007-12-27 00:00:00+05:30,29.0,29.0,26.0,26.7,38920
PEARLPOLY,2007-12-28 00:00:00+05:30,29.0,29.0,24.2,26.7,25455
PEARLPOLY,2007-12-31 00:00:00+05:30,27.65,32.0,27.5,31.7,150691
PEARLPOLY,2008-01-01 00:00:00+05:30,31.95,32.0,28.55,29.8,78392
PEARLPOLY,2008-01-02 00:00:00+05:30,33.2,35.8,31.5,35.75,335164
PEARLPOLY,2008-01-03 00:00:00+05:30,37.65,37.9,32.5,36.45,298837
PEARLPOLY,2008-01-04 00:00:00+05:30,37.2,39.7,34.0,35.0,112140
PEARLPOLY,2008-01-07 00:00:00+05:30,33.3,35.95,33.1,34.25,59070
PEARLPOLY,2008-01-08 00:00:00+05:30,34.0,34.6,30.85,30.85,49172
PEARLPOLY,2008-01-09 00:00:00+05:30,30.9,30.9,27.8,28.4,36639
PEARLPOLY,2008-01-10 00:00:00+05:30,28.0,29.7,25.6,26.05,47867
PEARLPOLY,2008-01-11 00:00:00+05:30,24.9,25.85,24.75,24.75,8412
PEARLPOLY,2008-01-14 00:00:00+05:30,24.75,25.9,23.6,25.85,28719
PEARLPOLY,2008-01-15 00:00:00+05:30,26.4,26.9,25.45,26.2,13325
PEARLPOLY,2008-01-16 00:00:00+05:30,25.05,25.95,24.9,25.2,6336
PEARLPOLY,2008-01-17 00:00:00+05:30,24.15,26.5,24.15,25.6,11576
PEARLPOLY,2008-01-18 00:00:00+05:30,24.4,25.8,24.4,24.4,7155
PEARLPOLY,2008-01-21 00:00:00+05:30,23.2,24.7,23.2,23.2,5859
PEARLPOLY,2008-01-22 00:00:00+05:30,22.45,22.45,22.45,22.45,1160
PEARLPOLY,2008-01-23 00:00:00+05:30,22.0,22.4,21.35,21.4,4893
PEARLPOLY,2008-01-24 00:00:00+05:30,21.4,21.4,20.35,20.35,3890
PEARLPOLY,2008-01-25 00:00:00+05:30,21.0,21.0,19.35,19.75,14059
PEARLPOLY,2008-01-28 00:00:00+05:30,19.55,19.65,18.8,19.0,5821
PEARLPOLY,2008-01-29 00:00:00+05:30,19.95,19.95,18.9,19.15,2085
PEARLPOLY,2008-01-30 00:00:00+05:30,19.0,20.1,19.0,19.55,3710
PEARLPOLY,2008-01-31 00:00:00+05:30,20.15,20.5,18.8,18.9,2915
PEARLPOLY,2008-02-01 00:00:00+05:30,18.25,19.8,18.0,19.75,4835
PEARLPOLY,2008-02-04 00:00:00+05:30,20.6,20.75,20.6,20.75,2551
PEARLPOLY,2008-02-05 00:00:00+05:30,21.0,21.75,19.85,21.25,9058
PEARLPOLY,2008-02-06 00:00:00+05:30,21.3,22.1,21.2,21.8,2024
PEARLPOLY,2008-02-07 00:00:00+05:30,20.8,21.85,20.75,21.05,4946
PEARLPOLY,2008-02-08 00:00:00+05:30,20.0,21.65,20.0,20.0,2074
PEARLPOLY,2008-02-11 00:00:00+05:30,19.05,19.05,19.0,19.0,2303
PEARLPOLY,2008-02-12 00:00:00+05:30,18.15,18.95,18.1,18.1,1768
PEARLPOLY,2008-02-13 00:00:00+05:30,17.95,18.0,17.3,17.5,2202
PEARLPOLY,2008-02-14 00:00:00+05:30,17.45,18.4,17.45,18.4,6420
PEARLPOLY,2008-02-15 00:00:00+05:30,18.2,18.9,18.1,18.5,1540
PEARLPOLY,2008-02-18 00:00:00+05:30,17.85,19.3,17.85,18.75,3377
PEARLPOLY,2008-02-19 00:00:00+05:30,18.05,18.5,18.0,18.15,5490
PEARLPOLY,2008-02-20 00:00:00+05:30,17.7,18.9,17.4,17.4,3956
PEARLPOLY,2008-02-21 00:00:00+05:30,18.25,18.3,17.4,17.4,1914
PEARLPOLY,2008-02-22 00:00:00+05:30,18.1,18.2,17.25,17.5,4247
PEARLPOLY,2008-02-25 00:00:00+05:30,17.65,18.0,17.0,17.9,4753
PEARLPOLY,2008-02-26 00:00:00+05:30,17.95,18.75,17.7,18.6,4919
PEARLPOLY,2008-02-27 00:00:00+05:30,18.7,19.4,17.7,18.35,6764
PEARLPOLY,2008-02-28 00:00:00+05:30,17.75,18.9,17.6,18.0,550
PEARLPOLY,2008-02-29 00:00:00+05:30,18.05,18.05,17.65,17.7,841
PEARLPOLY,2008-03-03 00:00:00+05:30,17.2,18.2,16.85,17.1,5217
PEARLPOLY,2008-03-04 00:00:00+05:30,17.55,17.55,16.25,16.45,1825
PEARLPOLY,2008-03-05 00:00:00+05:30,15.9,16.0,15.65,16.0,4311
PEARLPOLY,2008-03-07 00:00:00+05:30,16.0,16.0,15.2,15.2,3249
PEARLPOLY,2008-03-10 00:00:00+05:30,14.75,14.85,13.7,14.35,3874
PEARLPOLY,2008-03-11 00:00:00+05:30,14.6,15.8,14.5,15.15,13081
PEARLPOLY,2008-03-12 00:00:00+05:30,15.05,16.2,15.0,15.6,3575
PEARLPOLY,2008-03-13 00:00:00+05:30,15.0,17.2,14.25,14.75,7642
PEARLPOLY,2008-03-14 00:00:00+05:30,13.6,16.1,13.6,16.1,3960
PEARLPOLY,2008-03-17 00:00:00+05:30,14.6,14.85,14.5,14.5,1380
PEARLPOLY,2008-03-18 00:00:00+05:30,13.75,14.25,13.15,13.5,8966
PEARLPOLY,2008-03-19 00:00:00+05:30,14.55,14.55,13.4,13.8,1794
PEARLPOLY,2008-03-24 00:00:00+05:30,13.0,13.4,12.5,12.5,806
PEARLPOLY,2008-03-25 00:00:00+05:30,12.45,13.2,12.4,13.15,2929
PEARLPOLY,2008-03-26 00:00:00+05:30,13.0,13.8,13.0,13.55,743
PEARLPOLY,2008-03-27 00:00:00+05:30,13.55,13.65,12.75,12.8,6987
PEARLPOLY,2008-03-28 00:00:00+05:30,13.8,13.85,13.25,13.8,2400
PEARLPOLY,2008-03-31 00:00:00+05:30,13.85,14.0,13.5,13.7,700
PEARLPOLY,2008-04-01 00:00:00+05:30,14.0,15.1,13.75,15.1,2891
PEARLPOLY,2008-04-02 00:00:00+05:30,15.55,16.0,15.0,15.8,1865
PEARLPOLY,2008-04-03 00:00:00+05:30,16.95,16.95,15.25,15.25,554
PEARLPOLY,2008-04-04 00:00:00+05:30,13.75,16.45,13.75,15.0,4792
PEARLPOLY,2008-04-07 00:00:00+05:30,14.95,14.95,14.95,14.95,298
PEARLPOLY,2008-04-08 00:00:00+05:30,15.0,15.0,14.5,14.5,643
PEARLPOLY,2008-04-09 00:00:00+05:30,15.45,15.7,14.85,15.25,1892
PEARLPOLY,2008-04-10 00:00:00+05:30,15.2,15.2,14.95,15.2,411
PEARLPOLY,2008-04-11 00:00:00+05:30,14.25,16.0,14.25,15.0,1380
PEARLPOLY,2008-04-15 00:00:00+05:30,14.8,15.25,14.8,15.25,1755
PEARLPOLY,2008-04-16 00:00:00+05:30,15.0,15.45,14.85,15.3,850
PEARLPOLY,2008-04-17 00:00:00+05:30,15.9,16.0,14.95,15.6,7005
PEARLPOLY,2008-04-21 00:00:00+05:30,16.2,16.25,15.1,15.7,1670
PEARLPOLY,2008-04-22 00:00:00+05:30,15.8,16.0,15.6,15.85,2012
PEARLPOLY,2008-04-23 00:00:00+05:30,15.8,15.85,15.45,15.7,2189
PEARLPOLY,2008-04-24 00:00:00+05:30,15.85,16.0,15.65,15.65,1905
PEARLPOLY,2008-04-25 00:00:00+05:30,15.25,16.5,15.0,15.1,5263
PEARLPOLY,2008-04-28 00:00:00+05:30,14.55,15.5,14.55,15.5,1251
PEARLPOLY,2008-04-29 00:00:00+05:30,15.0,16.0,14.95,15.0,1400
PEARLPOLY,2008-04-30 00:00:00+05:30,15.0,15.0,14.8,15.0,713
PEARLPOLY,2008-05-02 00:00:00+05:30,14.5,15.5,14.5,15.0,1577
PEARLPOLY,2008-05-05 00:00:00+05:30,15.05,16.25,15.05,15.4,1557
PEARLPOLY,2008-05-06 00:00:00+05:30,15.4,16.25,14.9,15.05,2834
PEARLPOLY,2008-05-07 00:00:00+05:30,15.05,15.25,14.65,15.25,710
PEARLPOLY,2008-05-08 00:00:00+05:30,15.0,15.25,14.8,15.25,1989
PEARLPOLY,2008-05-09 00:00:00+05:30,15.05,15.6,15.05,15.55,95
PEARLPOLY,2008-05-12 00:00:00+05:30,13.1,16.5,13.1,16.1,2057
PEARLPOLY,2008-05-13 00:00:00+05:30,16.8,16.9,14.1,15.55,4632
PEARLPOLY,2008-05-14 00:00:00+05:30,15.0,15.0,14.0,14.65,7507
PEARLPOLY,2008-05-15 00:00:00+05:30,14.55,15.05,14.55,14.65,200
PEARLPOLY,2008-05-16 00:00:00+05:30,14.65,16.2,14.15,15.8,10342
PEARLPOLY,2008-05-20 00:00:00+05:30,15.8,16.45,15.15,15.5,3797
PEARLPOLY,2008-05-21 00:00:00+05:30,14.5,15.75,14.5,15.15,2679
PEARLPOLY,2008-05-22 00:00:00+05:30,15.15,15.6,15.15,15.25,3510
PEARLPOLY,2008-05-23 00:00:00+05:30,16.2,16.2,15.3,15.3,3359
PEARLPOLY,2008-05-26 00:00:00+05:30,12.5,16.75,12.5,14.55,1492
PEARLPOLY,2008-05-27 00:00:00+05:30,14.55,15.0,14.55,14.65,2822
PEARLPOLY,2008-05-28 00:00:00+05:30,14.0,16.5,14.0,14.7,4234
PEARLPOLY,2008-05-29 00:00:00+05:30,14.95,15.45,14.95,15.35,5
PEARLPOLY,2008-05-30 00:00:00+05:30,15.1,15.5,14.4,14.4,6100
PEARLPOLY,2008-06-02 00:00:00+05:30,14.3,15.0,13.0,13.95,8272
PEARLPOLY,2008-06-03 00:00:00+05:30,13.25,14.25,13.1,13.8,2249
PEARLPOLY,2008-06-04 00:00:00+05:30,11.15,14.75,11.15,13.25,10275
PEARLPOLY,2008-06-05 00:00:00+05:30,14.0,14.0,11.6,13.5,1558
PEARLPOLY,2008-06-06 00:00:00+05:30,13.15,14.0,13.15,13.5,1529
PEARLPOLY,2008-06-09 00:00:00+05:30,12.6,12.8,12.6,12.75,1456
PEARLPOLY,2008-06-10 00:00:00+05:30,12.2,13.6,12.2,12.75,1012
PEARLPOLY,2008-06-11 00:00:00+05:30,12.3,13.2,12.3,13.0,702
PEARLPOLY,2008-06-12 00:00:00+05:30,13.5,15.45,12.2,14.95,11823
PEARLPOLY,2008-06-13 00:00:00+05:30,15.0,15.15,14.1,14.85,10261
PEARLPOLY,2008-06-16 00:00:00+05:30,15.65,17.8,14.8,17.3,21333
PEARLPOLY,2008-06-17 00:00:00+05:30,15.25,16.5,14.5,15.15,86933
PEARLPOLY,2008-06-18 00:00:00+05:30,15.45,16.1,15.25,15.5,17873
PEARLPOLY,2008-06-19 00:00:00+05:30,14.65,15.45,14.65,15.2,2960
PEARLPOLY,2008-06-20 00:00:00+05:30,15.95,15.95,14.2,14.6,9757
PEARLPOLY,2008-06-23 00:00:00+05:30,14.2,14.55,12.55,13.2,2105
PEARLPOLY,2008-06-24 00:00:00+05:30,14.3,14.3,12.0,12.25,3170
PEARLPOLY,2008-06-25 00:00:00+05:30,11.1,13.7,11.1,12.5,2119
PEARLPOLY,2008-06-26 00:00:00+05:30,13.05,13.5,13.0,13.5,682
PEARLPOLY,2008-06-27 00:00:00+05:30,12.9,13.95,12.15,12.8,2861
PEARLPOLY,2008-06-30 00:00:00+05:30,11.75,13.4,11.75,12.2,962
PEARLPOLY,2008-07-01 00:00:00+05:30,11.3,12.5,11.3,11.4,1237
PEARLPOLY,2008-07-02 00:00:00+05:30,11.4,11.5,11.0,11.1,2070
PEARLPOLY,2008-07-03 00:00:00+05:30,11.0,11.4,10.95,11.05,782
PEARLPOLY,2008-07-04 00:00:00+05:30,11.25,11.8,11.0,11.65,5228
PEARLPOLY,2008-07-07 00:00:00+05:30,11.6,12.25,11.05,12.2,5902
PEARLPOLY,2008-07-08 00:00:00+05:30,11.45,12.85,11.25,11.9,1687
PEARLPOLY,2008-07-09 00:00:00+05:30,11.35,12.95,11.35,12.95,1990
PEARLPOLY,2008-07-10 00:00:00+05:30,13.0,13.0,11.5,12.25,2669
PEARLPOLY,2008-07-11 00:00:00+05:30,11.8,13.0,11.8,12.4,3491
PEARLPOLY,2008-07-14 00:00:00+05:30,12.65,13.75,12.3,12.6,1924
PEARLPOLY,2008-07-15 00:00:00+05:30,12.55,12.55,12.35,12.35,241
PEARLPOLY,2008-07-16 00:00:00+05:30,12.05,12.25,11.5,11.75,1613
PEARLPOLY,2008-07-17 00:00:00+05:30,11.7,11.9,11.6,11.7,2263
PEARLPOLY,2008-07-18 00:00:00+05:30,12.15,12.5,12.05,12.05,2651
PEARLPOLY,2008-07-21 00:00:00+05:30,12.6,12.6,10.0,11.0,4901
PEARLPOLY,2008-07-22 00:00:00+05:30,10.95,12.25,10.95,11.4,1828
PEARLPOLY,2008-07-23 00:00:00+05:30,13.0,13.35,12.0,12.3,3506
PEARLPOLY,2008-07-24 00:00:00+05:30,10.15,12.5,10.15,12.3,703
PEARLPOLY,2008-07-25 00:00:00+05:30,11.85,13.9,11.85,13.6,669
PEARLPOLY,2008-07-28 00:00:00+05:30,12.0,12.85,12.0,12.8,1147
PEARLPOLY,2008-07-29 00:00:00+05:30,12.8,13.25,12.25,13.0,3091
PEARLPOLY,2008-07-30 00:00:00+05:30,12.05,14.0,12.05,12.5,1608
PEARLPOLY,2008-07-31 00:00:00+05:30,12.25,13.3,12.25,13.3,700
PEARLPOLY,2008-08-01 00:00:00+05:30,12.9,13.0,12.9,12.9,1400
PEARLPOLY,2008-08-04 00:00:00+05:30,13.0,14.3,13.0,14.0,5273
PEARLPOLY,2008-08-05 00:00:00+05:30,13.0,14.25,12.4,14.2,2809
PEARLPOLY,2008-08-06 00:00:00+05:30,14.0,15.2,14.0,14.6,1795
PEARLPOLY,2008-08-07 00:00:00+05:30,14.3,15.0,14.3,14.7,2712
PEARLPOLY,2008-08-08 00:00:00+05:30,13.3,14.95,13.3,14.75,312
PEARLPOLY,2008-08-11 00:00:00+05:30,14.2,14.85,14.2,14.65,640
PEARLPOLY,2008-08-12 00:00:00+05:30,14.35,15.0,14.35,15.0,1252
PEARLPOLY,2008-08-13 00:00:00+05:30,14.5,14.6,14.4,14.6,589
PEARLPOLY,2008-08-14 00:00:00+05:30,14.1,14.6,13.5,14.0,2954
PEARLPOLY,2008-08-18 00:00:00+05:30,14.65,15.4,14.45,14.45,689
PEARLPOLY,2008-08-19 00:00:00+05:30,13.65,14.0,13.5,13.95,1022
PEARLPOLY,2008-08-20 00:00:00+05:30,13.0,13.8,13.0,13.65,2862
PEARLPOLY,2008-08-21 00:00:00+05:30,13.75,13.75,13.3,13.5,716
PEARLPOLY,2008-08-22 00:00:00+05:30,13.5,13.6,13.4,13.55,755
PEARLPOLY,2008-08-25 00:00:00+05:30,13.2,14.5,13.2,14.35,1045
PEARLPOLY,2008-08-26 00:00:00+05:30,14.0,14.2,13.6,14.2,482
PEARLPOLY,2008-08-27 00:00:00+05:30,13.6,14.0,13.6,14.0,510
PEARLPOLY,2008-08-28 00:00:00+05:30,13.95,14.0,13.95,14.0,1802
PEARLPOLY,2008-08-29 00:00:00+05:30,13.0,14.25,13.0,14.25,753
PEARLPOLY,2008-09-01 00:00:00+05:30,14.0,14.3,14.0,14.2,2006
PEARLPOLY,2008-09-02 00:00:00+05:30,14.0,14.1,14.0,14.05,456
PEARLPOLY,2008-09-04 00:00:00+05:30,14.5,14.95,14.5,14.8,1594
PEARLPOLY,2008-09-05 00:00:00+05:30,14.1,14.75,13.85,14.75,1098
PEARLPOLY,2008-09-08 00:00:00+05:30,12.1,15.0,12.1,14.85,651
PEARLPOLY,2008-09-09 00:00:00+05:30,14.0,14.85,14.0,14.85,100
PEARLPOLY,2008-09-11 00:00:00+05:30,14.3,15.25,14.0,14.5,289
PEARLPOLY,2008-09-12 00:00:00+05:30,13.3,13.6,13.3,13.55,82
PEARLPOLY,2008-09-15 00:00:00+05:30,11.05,12.95,11.05,12.5,5327
PEARLPOLY,2008-09-16 00:00:00+05:30,11.5,11.9,11.5,11.9,1168
PEARLPOLY,2008-09-17 00:00:00+05:30,10.5,12.2,10.5,11.95,3031
PEARLPOLY,2008-09-18 00:00:00+05:30,10.6,11.25,10.0,10.65,3032
PEARLPOLY,2008-09-19 00:00:00+05:30,10.75,12.6,10.75,11.1,1623
PEARLPOLY,2008-09-22 00:00:00+05:30,11.1,12.45,11.1,11.3,503
PEARLPOLY,2008-09-23 00:00:00+05:30,11.25,11.5,11.2,11.2,506
PEARLPOLY,2008-09-24 00:00:00+05:30,11.9,11.9,11.2,11.2,240
PEARLPOLY,2008-09-25 00:00:00+05:30,10.05,11.9,10.05,11.0,13
PEARLPOLY,2008-09-29 00:00:00+05:30,10.25,10.9,8.8,8.8,13126
PEARLPOLY,2008-09-30 00:00:00+05:30,9.8,9.9,7.5,9.8,5492
PEARLPOLY,2008-10-01 00:00:00+05:30,9.05,9.85,9.05,9.8,23
PEARLPOLY,2008-10-03 00:00:00+05:30,9.8,10.25,9.05,9.2,1500
PEARLPOLY,2008-10-06 00:00:00+05:30,8.5,10.15,8.1,9.0,3935
PEARLPOLY,2008-10-07 00:00:00+05:30,7.95,8.7,7.9,8.4,1660
PEARLPOLY,2008-10-08 00:00:00+05:30,7.3,8.85,7.3,8.7,6548
PEARLPOLY,2008-10-10 00:00:00+05:30,8.0,8.0,7.2,7.4,1400
PEARLPOLY,2008-10-13 00:00:00+05:30,7.1,8.3,7.1,8.2,604
PEARLPOLY,2008-10-14 00:00:00+05:30,8.25,9.0,8.25,9.0,1107
PEARLPOLY,2008-10-15 00:00:00+05:30,9.05,9.05,8.0,8.5,2639
PEARLPOLY,2008-10-16 00:00:00+05:30,8.25,9.0,6.9,8.05,2361
PEARLPOLY,2008-10-17 00:00:00+05:30,8.9,9.0,8.15,8.2,1547
PEARLPOLY,2008-10-20 00:00:00+05:30,8.05,9.0,8.05,9.0,2752
PEARLPOLY,2008-10-21 00:00:00+05:30,9.4,9.4,8.15,9.25,791
PEARLPOLY,2008-10-22 00:00:00+05:30,9.15,9.55,8.15,8.15,2289
PEARLPOLY,2008-10-23 00:00:00+05:30,6.75,9.3,6.75,8.55,811
PEARLPOLY,2008-10-24 00:00:00+05:30,8.0,9.3,7.3,8.95,1332
PEARLPOLY,2008-10-27 00:00:00+05:30,8.65,8.65,7.2,8.0,2946
PEARLPOLY,2008-10-28 00:00:00+05:30,8.0,8.0,8.0,8.0,6
PEARLPOLY,2008-10-29 00:00:00+05:30,7.15,7.15,7.15,7.15,4
PEARLPOLY,2008-10-31 00:00:00+05:30,7.25,7.8,7.25,7.8,566
PEARLPOLY,2008-11-03 00:00:00+05:30,7.0,8.75,7.0,8.0,188
PEARLPOLY,2008-11-04 00:00:00+05:30,8.5,8.85,8.05,8.3,867
PEARLPOLY,2008-11-05 00:00:00+05:30,9.95,10.0,9.05,9.3,5831
PEARLPOLY,2008-11-06 00:00:00+05:30,9.0,9.85,9.0,9.05,79
PEARLPOLY,2008-11-07 00:00:00+05:30,9.0,10.0,9.0,10.0,965
PEARLPOLY,2008-11-10 00:00:00+05:30,9.35,9.95,9.35,9.95,107
PEARLPOLY,2008-11-11 00:00:00+05:30,9.15,9.15,9.0,9.0,650
PEARLPOLY,2008-11-12 00:00:00+05:30,9.0,9.0,9.0,9.0,298
PEARLPOLY,2008-11-14 00:00:00+05:30,9.0,9.0,9.0,9.0,250
PEARLPOLY,2008-11-17 00:00:00+05:30,8.7,9.0,8.7,9.0,172
PEARLPOLY,2008-11-19 00:00:00+05:30,8.2,8.75,8.1,8.75,1874
PEARLPOLY,2008-11-21 00:00:00+05:30,8.0,8.75,8.0,8.75,300
PEARLPOLY,2008-11-24 00:00:00+05:30,8.1,8.1,7.9,7.9,350
PEARLPOLY,2008-11-25 00:00:00+05:30,7.15,8.6,7.15,7.45,105
PEARLPOLY,2008-11-26 00:00:00+05:30,8.2,8.2,8.0,8.0,100
PEARLPOLY,2008-11-28 00:00:00+05:30,8.0,8.0,8.0,8.0,50
PEARLPOLY,2008-12-04 00:00:00+05:30,7.3,8.75,7.3,8.75,70
PEARLPOLY,2008-12-08 00:00:00+05:30,9.45,9.45,8.0,8.0,151
PEARLPOLY,2008-12-12 00:00:00+05:30,8.0,8.0,7.85,7.85,1401
PEARLPOLY,2008-12-15 00:00:00+05:30,8.45,8.45,8.45,8.45,700
PEARLPOLY,2008-12-16 00:00:00+05:30,8.5,8.5,8.0,8.0,1800
PEARLPOLY,2008-12-17 00:00:00+05:30,8.0,8.5,8.0,8.45,1059
PEARLPOLY,2008-12-18 00:00:00+05:30,8.45,8.45,7.7,8.0,1150
PEARLPOLY,2008-12-19 00:00:00+05:30,8.4,8.4,7.75,7.75,200
PEARLPOLY,2008-12-23 00:00:00+05:30,7.55,8.2,7.55,8.2,460
PEARLPOLY,2008-12-24 00:00:00+05:30,7.4,8.05,7.4,7.8,1704
PEARLPOLY,2008-12-26 00:00:00+05:30,7.65,8.6,7.6,7.65,1322
PEARLPOLY,2008-12-29 00:00:00+05:30,7.45,7.45,7.45,7.45,747
PEARLPOLY,2008-12-30 00:00:00+05:30,7.5,8.2,7.3,7.45,109
PEARLPOLY,2008-12-31 00:00:00+05:30,8.2,8.2,7.4,7.4,50
PEARLPOLY,2009-01-01 00:00:00+05:30,7.55,8.15,7.55,8.15,1170
PEARLPOLY,2009-01-02 00:00:00+05:30,8.05,8.05,8.0,8.0,198
PEARLPOLY,2009-01-05 00:00:00+05:30,8.8,8.8,8.15,8.15,169
PEARLPOLY,2009-01-06 00:00:00+05:30,8.85,8.85,8.1,8.15,701
PEARLPOLY,2009-01-07 00:00:00+05:30,8.6,8.6,7.75,7.75,2281
PEARLPOLY,2009-01-09 00:00:00+05:30,7.5,7.5,7.5,7.5,800
PEARLPOLY,2009-01-12 00:00:00+05:30,7.4,7.5,7.35,7.45,611
PEARLPOLY,2009-01-13 00:00:00+05:30,7.15,7.5,7.15,7.15,2299
PEARLPOLY,2009-01-14 00:00:00+05:30,7.0,7.0,7.0,7.0,5
PEARLPOLY,2009-01-15 00:00:00+05:30,7.35,7.35,7.35,7.35,405
PEARLPOLY,2009-01-16 00:00:00+05:30,7.05,7.5,7.05,7.05,500
PEARLPOLY,2009-01-19 00:00:00+05:30,7.25,7.4,7.25,7.4,300
PEARLPOLY,2009-01-20 00:00:00+05:30,7.05,7.8,7.05,7.8,2
PEARLPOLY,2009-01-22 00:00:00+05:30,7.8,7.8,7.8,7.8,50
PEARLPOLY,2009-01-27 00:00:00+05:30,8.0,8.0,8.0,8.0,10
PEARLPOLY,2009-02-02 00:00:00+05:30,7.95,7.95,7.85,7.85,50
PEARLPOLY,2009-02-04 00:00:00+05:30,7.8,7.8,7.8,7.8,115
PEARLPOLY,2009-02-06 00:00:00+05:30,7.45,7.45,7.45,7.45,597
PEARLPOLY,2009-02-09 00:00:00+05:30,7.1,7.1,7.1,7.1,500
PEARLPOLY,2009-02-10 00:00:00+05:30,6.75,7.1,6.75,6.85,3070
PEARLPOLY,2009-02-11 00:00:00+05:30,6.65,7.2,6.6,7.15,3192
PEARLPOLY,2009-02-12 00:00:00+05:30,6.9,7.2,6.8,6.8,990
PEARLPOLY,2009-02-13 00:00:00+05:30,6.6,6.8,6.5,6.7,10152
PEARLPOLY,2009-02-16 00:00:00+05:30,7.0,7.0,6.5,6.85,3866
PEARLPOLY,2009-02-17 00:00:00+05:30,6.55,7.05,6.55,7.05,1100
PEARLPOLY,2009-02-18 00:00:00+05:30,6.8,6.8,6.7,6.7,245
PEARLPOLY,2009-02-19 00:00:00+05:30,6.95,6.95,6.95,6.95,1
PEARLPOLY,2009-02-20 00:00:00+05:30,6.6,6.7,6.6,6.6,1898
PEARLPOLY,2009-02-24 00:00:00+05:30,6.9,6.9,6.5,6.8,702
PEARLPOLY,2009-02-25 00:00:00+05:30,7.05,7.15,6.7,7.15,9003
PEARLPOLY,2009-02-26 00:00:00+05:30,7.5,7.5,6.95,7.25,145
PEARLPOLY,2009-02-27 00:00:00+05:30,7.05,7.2,7.05,7.2,134
PEARLPOLY,2009-03-02 00:00:00+05:30,7.0,7.0,7.0,7.0,850
PEARLPOLY,2009-03-05 00:00:00+05:30,6.85,6.85,6.65,6.65,200
PEARLPOLY,2009-03-06 00:00:00+05:30,6.7,6.9,6.7,6.9,616
PEARLPOLY,2009-03-09 00:00:00+05:30,6.65,6.65,6.6,6.6,224
PEARLPOLY,2009-03-13 00:00:00+05:30,6.3,6.3,6.3,6.3,219
PEARLPOLY,2009-03-16 00:00:00+05:30,6.0,6.1,6.0,6.0,514
PEARLPOLY,2009-03-20 00:00:00+05:30,6.3,6.3,6.3,6.3,10
PEARLPOLY,2009-03-23 00:00:00+05:30,6.0,6.0,6.0,6.0,106
PEARLPOLY,2009-03-24 00:00:00+05:30,6.0,6.0,6.0,6.0,500
PEARLPOLY,2009-03-26 00:00:00+05:30,6.3,6.3,5.8,5.8,1750
PEARLPOLY,2009-03-27 00:00:00+05:30,5.8,6.0,5.55,6.0,988
PEARLPOLY,2009-03-30 00:00:00+05:30,6.0,6.0,5.7,6.0,521
PEARLPOLY,2009-03-31 00:00:00+05:30,5.85,5.85,5.7,5.7,1951
PEARLPOLY,2009-04-02 00:00:00+05:30,6.0,6.0,5.55,6.0,1445
PEARLPOLY,2009-04-06 00:00:00+05:30,6.1,6.2,6.1,6.1,405
PEARLPOLY,2009-04-08 00:00:00+05:30,6.0,6.45,6.0,6.45,802
PEARLPOLY,2009-04-09 00:00:00+05:30,6.2,6.8,6.2,6.75,3099
PEARLPOLY,2009-04-13 00:00:00+05:30,6.55,7.1,6.55,7.1,1666
PEARLPOLY,2009-04-15 00:00:00+05:30,7.4,7.45,6.85,7.0,1170
PEARLPOLY,2009-04-16 00:00:00+05:30,6.7,7.2,6.65,7.0,3073
PEARLPOLY,2009-04-17 00:00:00+05:30,7.3,7.3,7.3,7.3,466
PEARLPOLY,2009-04-20 00:00:00+05:30,7.5,7.5,7.1,7.1,384
PEARLPOLY,2009-04-21 00:00:00+05:30,7.0,7.5,7.0,7.45,202
PEARLPOLY,2009-04-23 00:00:00+05:30,7.7,7.7,7.3,7.3,320
PEARLPOLY,2009-04-24 00:00:00+05:30,7.0,7.6,7.0,7.55,351
PEARLPOLY,2009-04-27 00:00:00+05:30,7.5,7.5,7.3,7.3,1300
PEARLPOLY,2009-04-28 00:00:00+05:30,7.0,7.5,6.95,6.95,4660
PEARLPOLY,2009-04-29 00:00:00+05:30,6.95,6.95,6.95,6.95,300
PEARLPOLY,2009-05-04 00:00:00+05:30,7.0,7.0,6.6,6.7,2071
PEARLPOLY,2009-05-05 00:00:00+05:30,6.6,7.05,6.6,6.85,1206
PEARLPOLY,2009-05-06 00:00:00+05:30,7.0,7.2,6.6,6.6,4812
PEARLPOLY,2009-05-07 00:00:00+05:30,6.75,6.75,6.5,6.5,1050
PEARLPOLY,2009-05-08 00:00:00+05:30,6.25,6.75,6.25,6.75,500
PEARLPOLY,2009-05-11 00:00:00+05:30,7.1,7.1,7.1,7.1,500
PEARLPOLY,2009-05-12 00:00:00+05:30,6.75,7.5,6.75,7.45,210
PEARLPOLY,2009-05-13 00:00:00+05:30,7.5,7.6,7.5,7.6,635
PEARLPOLY,2009-05-14 00:00:00+05:30,7.4,7.4,7.25,7.3,400
PEARLPOLY,2009-05-15 00:00:00+05:30,7.0,7.05,7.0,7.0,233
PEARLPOLY,2009-05-19 00:00:00+05:30,7.35,7.35,7.05,7.35,2250
PEARLPOLY,2009-05-20 00:00:00+05:30,7.35,7.75,7.35,7.35,825
PEARLPOLY,2009-05-21 00:00:00+05:30,7.75,7.75,7.45,7.75,803
PEARLPOLY,2009-05-22 00:00:00+05:30,7.8,8.15,7.75,8.15,2938
PEARLPOLY,2009-05-25 00:00:00+05:30,8.0,8.6,8.0,8.55,11474
PEARLPOLY,2009-05-26 00:00:00+05:30,8.95,8.95,8.5,8.5,1817
PEARLPOLY,2009-05-27 00:00:00+05:30,8.25,8.95,8.25,8.95,834
PEARLPOLY,2009-05-28 00:00:00+05:30,8.5,9.4,8.5,9.4,2657
PEARLPOLY,2009-05-29 00:00:00+05:30,9.4,9.9,9.4,9.9,1866
PEARLPOLY,2009-06-01 00:00:00+05:30,10.4,10.4,10.25,10.4,5356
PEARLPOLY,2009-06-02 00:00:00+05:30,10.95,10.95,10.4,10.95,3850
PEARLPOLY,2009-06-03 00:00:00+05:30,11.25,11.5,11.25,11.5,2600
PEARLPOLY,2009-06-04 00:00:00+05:30,11.5,12.1,11.5,12.1,3437
PEARLPOLY,2009-06-05 00:00:00+05:30,12.75,12.75,12.05,12.5,2501
PEARLPOLY,2009-06-08 00:00:00+05:30,11.9,12.0,11.9,11.95,1100
PEARLPOLY,2009-06-09 00:00:00+05:30,12.1,12.1,11.35,11.35,252
PEARLPOLY,2009-06-10 00:00:00+05:30,11.0,11.0,11.0,11.0,240
PEARLPOLY,2009-06-12 00:00:00+05:30,10.9,10.9,10.9,10.9,400
PEARLPOLY,2009-06-18 00:00:00+05:30,10.35,10.35,10.35,10.35,50
PEARLPOLY,2009-06-19 00:00:00+05:30,9.85,9.85,9.85,9.85,1
PEARLPOLY,2009-06-24 00:00:00+05:30,9.5,9.5,9.4,9.4,101
PEARLPOLY,2009-06-25 00:00:00+05:30,9.9,9.9,9.9,9.9,8
PEARLPOLY,2009-07-01 00:00:00+05:30,9.45,9.45,9.4,9.4,2
PEARLPOLY,2009-07-02 00:00:00+05:30,9.0,9.0,9.0,9.0,200
PEARLPOLY,2009-07-03 00:00:00+05:30,8.55,9.0,8.55,9.0,350
PEARLPOLY,2009-07-08 00:00:00+05:30,8.55,8.55,8.55,8.55,1
PEARLPOLY,2009-07-09 00:00:00+05:30,8.55,8.55,8.5,8.55,355
PEARLPOLY,2009-07-10 00:00:00+05:30,8.95,8.95,8.15,8.5,520
PEARLPOLY,2009-07-15 00:00:00+05:30,8.9,8.9,8.1,8.1,2201
PEARLPOLY,2009-07-16 00:00:00+05:30,8.0,8.5,8.0,8.5,513
PEARLPOLY,2009-07-17 00:00:00+05:30,8.25,8.5,8.25,8.25,1200
PEARLPOLY,2009-07-20 00:00:00+05:30,8.45,8.45,7.9,7.9,6848
PEARLPOLY,2009-07-21 00:00:00+05:30,7.6,7.6,7.6,7.6,100
PEARLPOLY,2009-07-23 00:00:00+05:30,8.0,8.0,8.0,8.0,455
PEARLPOLY,2009-07-27 00:00:00+05:30,8.4,8.4,8.4,8.4,250
PEARLPOLY,2009-07-28 00:00:00+05:30,8.0,8.85,8.0,8.85,3946
PEARLPOLY,2009-07-29 00:00:00+05:30,8.45,8.95,8.45,8.5,1620
PEARLPOLY,2009-07-30 00:00:00+05:30,8.95,8.95,8.95,8.95,315
PEARLPOLY,2009-07-31 00:00:00+05:30,8.75,8.75,8.7,8.7,800
PEARLPOLY,2009-08-03 00:00:00+05:30,9.15,9.15,9.15,9.15,1000
PEARLPOLY,2009-08-04 00:00:00+05:30,9.4,9.65,9.4,9.65,1462
PEARLPOLY,2009-08-05 00:00:00+05:30,10.15,10.15,10.15,10.15,200
PEARLPOLY,2009-08-06 00:00:00+05:30,10.7,10.7,10.7,10.7,2100
PEARLPOLY,2009-08-07 00:00:00+05:30,10.35,10.5,10.35,10.45,940
PEARLPOLY,2009-08-10 00:00:00+05:30,10.0,11.0,10.0,10.8,206
PEARLPOLY,2009-08-11 00:00:00+05:30,10.3,10.85,10.3,10.8,395
PEARLPOLY,2009-08-14 00:00:00+05:30,10.8,10.8,10.8,10.8,1000
PEARLPOLY,2009-08-17 00:00:00+05:30,10.8,10.8,10.3,10.3,1901
PEARLPOLY,2009-08-20 00:00:00+05:30,10.5,10.8,10.5,10.8,1000
PEARLPOLY,2009-08-24 00:00:00+05:30,10.3,10.3,10.3,10.3,982
PEARLPOLY,2009-08-25 00:00:00+05:30,9.8,10.85,9.8,10.15,380
PEARLPOLY,2009-08-26 00:00:00+05:30,10.5,10.5,9.9,10.35,2140
PEARLPOLY,2009-08-27 00:00:00+05:30,10.8,10.8,10.25,10.35,1105
PEARLPOLY,2009-08-28 00:00:00+05:30,10.5,10.5,10.5,10.5,10
PEARLPOLY,2009-08-31 00:00:00+05:30,10.0,11.05,10.0,10.5,1706
PEARLPOLY,2009-09-01 00:00:00+05:30,11.0,11.05,10.35,10.9,2747
PEARLPOLY,2009-09-02 00:00:00+05:30,11.4,11.4,10.35,10.4,1416
PEARLPOLY,2009-09-03 00:00:00+05:30,10.25,10.4,10.2,10.35,2000
PEARLPOLY,2009-09-04 00:00:00+05:30,10.25,10.3,10.25,10.3,800
PEARLPOLY,2009-09-07 00:00:00+05:30,10.15,11.35,10.0,10.8,9815
PEARLPOLY,2009-09-08 00:00:00+05:30,10.8,11.2,10.75,11.1,2714
PEARLPOLY,2009-09-09 00:00:00+05:30,10.15,11.45,10.15,11.3,5491
PEARLPOLY,2009-09-10 00:00:00+05:30,11.9,12.0,11.35,11.75,8178
PEARLPOLY,2009-09-11 00:00:00+05:30,11.05,11.15,11.05,11.15,390
PEARLPOLY,2009-09-14 00:00:00+05:30,10.95,11.8,10.95,11.75,481
PEARLPOLY,2009-09-15 00:00:00+05:30,11.3,12.95,11.1,12.0,6271
PEARLPOLY,2009-09-16 00:00:00+05:30,11.35,12.5,11.35,11.8,2191
PEARLPOLY,2009-09-17 00:00:00+05:30,11.3,11.9,11.15,11.9,1400
PEARLPOLY,2009-09-18 00:00:00+05:30,11.25,11.95,11.25,11.85,1900
PEARLPOLY,2009-09-22 00:00:00+05:30,12.75,12.75,11.6,12.15,4150
PEARLPOLY,2009-09-23 00:00:00+05:30,11.45,12.3,11.25,11.75,8128
PEARLPOLY,2009-09-24 00:00:00+05:30,11.0,11.95,11.0,11.9,2634
PEARLPOLY,2009-09-25 00:00:00+05:30,11.45,12.35,11.4,12.0,3353
PEARLPOLY,2009-09-29 00:00:00+05:30,12.0,12.8,12.0,12.6,5725
PEARLPOLY,2009-09-30 00:00:00+05:30,12.75,13.15,12.1,12.65,13858
PEARLPOLY,2009-10-01 00:00:00+05:30,12.2,12.9,12.2,12.65,4723
PEARLPOLY,2009-10-05 00:00:00+05:30,13.0,13.0,11.9,12.5,2612
PEARLPOLY,2009-10-06 00:00:00+05:30,12.5,12.5,11.6,12.3,3205
PEARLPOLY,2009-10-07 00:00:00+05:30,12.1,12.1,11.7,11.85,4560
PEARLPOLY,2009-10-08 00:00:00+05:30,12.15,12.6,12.05,12.35,2320
PEARLPOLY,2009-10-09 00:00:00+05:30,12.05,12.6,11.7,11.8,3250
PEARLPOLY,2009-10-12 00:00:00+05:30,11.0,12.55,11.0,11.7,1408
PEARLPOLY,2009-10-14 00:00:00+05:30,12.0,12.0,10.75,11.1,5095
PEARLPOLY,2009-10-15 00:00:00+05:30,11.2,11.25,11.1,11.15,1050
PEARLPOLY,2009-10-16 00:00:00+05:30,11.4,11.4,11.0,11.0,1150
PEARLPOLY,2009-10-17 00:00:00+05:30,10.5,11.5,10.5,11.5,2700
PEARLPOLY,2009-10-20 00:00:00+05:30,11.75,12.2,11.5,12.15,27789
PEARLPOLY,2009-10-21 00:00:00+05:30,12.5,13.0,12.4,12.5,17945
PEARLPOLY,2009-10-22 00:00:00+05:30,13.65,13.75,12.75,12.95,10088
PEARLPOLY,2009-10-23 00:00:00+05:30,12.3,12.55,12.0,12.15,2770
PEARLPOLY,2009-10-26 00:00:00+05:30,11.95,12.0,11.95,11.95,2700
PEARLPOLY,2009-10-27 00:00:00+05:30,11.95,12.15,11.0,11.3,3581
PEARLPOLY,2009-10-28 00:00:00+05:30,10.2,11.95,10.2,11.0,2468
PEARLPOLY,2009-10-29 00:00:00+05:30,10.25,10.75,10.25,10.6,710
PEARLPOLY,2009-10-30 00:00:00+05:30,11.2,11.2,10.2,10.2,312
PEARLPOLY,2009-11-03 00:00:00+05:30,10.95,10.95,10.5,10.6,760
PEARLPOLY,2009-11-04 00:00:00+05:30,10.7,10.7,9.55,9.7,5542
PEARLPOLY,2009-11-05 00:00:00+05:30,10.35,10.35,9.7,10.2,1300
PEARLPOLY,2009-11-06 00:00:00+05:30,10.15,10.6,9.55,10.25,3021
PEARLPOLY,2009-11-09 00:00:00+05:30,10.0,10.95,10.0,10.8,13023
PEARLPOLY,2009-11-10 00:00:00+05:30,12.4,12.4,10.15,10.45,13243
PEARLPOLY,2009-11-11 00:00:00+05:30,10.8,11.95,10.8,11.2,15702
PEARLPOLY,2009-11-12 00:00:00+05:30,10.55,10.65,10.4,10.45,14900
PEARLPOLY,2009-11-13 00:00:00+05:30,10.05,10.6,10.05,10.55,6815
PEARLPOLY,2009-11-16 00:00:00+05:30,10.7,11.55,10.15,10.6,1109
PEARLPOLY,2009-11-17 00:00:00+05:30,10.85,10.9,10.5,10.5,5802
PEARLPOLY,2009-11-18 00:00:00+05:30,10.55,10.75,10.1,10.25,7959
PEARLPOLY,2009-11-19 00:00:00+05:30,10.4,11.05,10.05,10.45,4078
PEARLPOLY,2009-11-20 00:00:00+05:30,10.25,10.85,10.25,10.85,1300
PEARLPOLY,2009-11-23 00:00:00+05:30,10.65,10.75,10.25,10.5,3272
PEARLPOLY,2009-11-24 00:00:00+05:30,10.25,10.5,10.0,10.15,5718
PEARLPOLY,2009-11-25 00:00:00+05:30,10.75,10.75,10.25,10.25,2770
PEARLPOLY,2009-11-26 00:00:00+05:30,10.55,10.55,9.95,10.5,4218
PEARLPOLY,2009-11-27 00:00:00+05:30,10.7,10.7,9.75,9.75,1200
PEARLPOLY,2009-11-30 00:00:00+05:30,10.6,10.6,9.9,10.6,2352
PEARLPOLY,2009-12-01 00:00:00+05:30,10.0,10.85,10.0,10.7,1838
PEARLPOLY,2009-12-02 00:00:00+05:30,11.0,11.0,10.35,10.35,2500
PEARLPOLY,2009-12-03 00:00:00+05:30,10.35,11.0,10.35,10.45,596
PEARLPOLY,2009-12-04 00:00:00+05:30,10.45,10.8,10.4,10.8,6958
PEARLPOLY,2009-12-07 00:00:00+05:30,11.3,11.35,10.75,10.9,11672
PEARLPOLY,2009-12-08 00:00:00+05:30,10.1,11.0,10.1,10.95,5313
PEARLPOLY,2009-12-09 00:00:00+05:30,10.15,11.25,10.15,11.2,20796
PEARLPOLY,2009-12-10 00:00:00+05:30,12.4,12.45,11.0,11.2,7594
PEARLPOLY,2009-12-11 00:00:00+05:30,11.5,11.5,11.0,11.3,2306
PEARLPOLY,2009-12-14 00:00:00+05:30,11.0,11.5,11.0,11.0,378
PEARLPOLY,2009-12-15 00:00:00+05:30,11.0,11.8,10.5,10.55,2395
PEARLPOLY,2009-12-16 00:00:00+05:30,10.3,12.7,10.3,12.35,84523
PEARLPOLY,2009-12-17 00:00:00+05:30,12.65,14.3,10.1,12.75,158602
PEARLPOLY,2009-12-18 00:00:00+05:30,13.15,13.25,12.3,12.6,25198
PEARLPOLY,2009-12-21 00:00:00+05:30,12.95,14.85,12.95,14.0,109385
PEARLPOLY,2009-12-22 00:00:00+05:30,14.4,14.4,13.3,13.65,15935
PEARLPOLY,2009-12-23 00:00:00+05:30,14.4,14.4,13.1,13.45,12582
PEARLPOLY,2009-12-24 00:00:00+05:30,13.3,13.45,11.0,12.75,26329
PEARLPOLY,2009-12-29 00:00:00+05:30,12.6,13.65,12.6,13.5,19564
PEARLPOLY,2009-12-30 00:00:00+05:30,12.4,13.6,12.4,13.25,10785
PEARLPOLY,2009-12-31 00:00:00+05:30,13.05,13.6,13.0,13.1,1670
PEARLPOLY,2010-01-04 00:00:00+05:30,12.1,13.7,12.1,13.25,4458
PEARLPOLY,2010-01-05 00:00:00+05:30,13.15,13.5,12.95,13.5,7895
PEARLPOLY,2010-01-06 00:00:00+05:30,14.0,14.0,13.05,13.45,9935
PEARLPOLY,2010-01-07 00:00:00+05:30,13.05,13.4,13.0,13.2,8155
PEARLPOLY,2010-01-08 00:00:00+05:30,12.95,13.6,12.95,13.25,12484
PEARLPOLY,2010-01-11 00:00:00+05:30,13.4,13.5,13.3,13.4,3138
PEARLPOLY,2010-01-12 00:00:00+05:30,13.3,13.65,13.2,13.3,3423
PEARLPOLY,2010-01-13 00:00:00+05:30,13.3,13.5,13.2,13.45,1539
PEARLPOLY,2010-01-14 00:00:00+05:30,13.15,13.85,13.0,13.6,7885
PEARLPOLY,2010-01-15 00:00:00+05:30,13.05,14.4,13.05,14.2,75524
PEARLPOLY,2010-01-18 00:00:00+05:30,14.85,16.95,14.5,16.0,162258
PEARLPOLY,2010-01-19 00:00:00+05:30,17.85,17.85,14.8,15.1,89337
PEARLPOLY,2010-01-20 00:00:00+05:30,16.15,16.15,15.2,15.25,9461
PEARLPOLY,2010-01-21 00:00:00+05:30,14.5,14.95,13.75,13.9,19142
PEARLPOLY,2010-01-22 00:00:00+05:30,14.0,14.3,12.8,13.9,7317
PEARLPOLY,2010-01-25 00:00:00+05:30,13.1,14.0,13.05,13.5,10098
PEARLPOLY,2010-01-27 00:00:00+05:30,13.0,13.5,12.75,12.8,4225
PEARLPOLY,2010-01-28 00:00:00+05:30,12.35,13.4,11.15,13.2,7977
PEARLPOLY,2010-01-29 00:00:00+05:30,12.3,13.2,12.3,13.1,9130
PEARLPOLY,2010-02-01 00:00:00+05:30,13.05,13.4,12.9,13.1,1680
PEARLPOLY,2010-02-02 00:00:00+05:30,13.15,13.35,12.65,12.85,6005
PEARLPOLY,2010-02-03 00:00:00+05:30,12.65,13.25,12.4,12.85,3434
PEARLPOLY,2010-02-04 00:00:00+05:30,13.0,13.0,12.45,12.45,1376
PEARLPOLY,2010-02-05 00:00:00+05:30,11.6,12.6,11.6,12.4,2296
PEARLPOLY,2010-02-06 00:00:00+05:30,12.0,12.0,12.0,12.0,1
PEARLPOLY,2010-02-08 00:00:00+05:30,12.15,12.25,12.1,12.15,2600
PEARLPOLY,2010-02-09 00:00:00+05:30,11.65,12.55,11.15,12.55,15413
PEARLPOLY,2010-02-10 00:00:00+05:30,12.0,14.75,11.65,11.95,24361
PEARLPOLY,2010-02-11 00:00:00+05:30,12.0,12.5,11.6,12.3,5007
PEARLPOLY,2010-02-15 00:00:00+05:30,12.2,12.5,12.0,12.05,1659
PEARLPOLY,2010-02-16 00:00:00+05:30,12.0,12.1,12.0,12.1,701
PEARLPOLY,2010-02-17 00:00:00+05:30,12.0,12.45,12.0,12.1,2072
PEARLPOLY,2010-02-18 00:00:00+05:30,11.85,11.85,11.85,11.85,5
PEARLPOLY,2010-02-19 00:00:00+05:30,11.3,12.25,11.3,11.9,8202
PEARLPOLY,2010-02-22 00:00:00+05:30,11.6,12.1,11.6,11.75,13014
PEARLPOLY,2010-02-23 00:00:00+05:30,11.3,11.85,11.3,11.45,2834
PEARLPOLY,2010-02-24 00:00:00+05:30,10.45,11.8,10.4,11.75,1656
PEARLPOLY,2010-02-25 00:00:00+05:30,11.0,12.05,11.0,11.2,252
PEARLPOLY,2010-02-26 00:00:00+05:30,11.0,12.75,11.0,12.0,6429
PEARLPOLY,2010-03-02 00:00:00+05:30,11.55,13.0,11.5,12.5,2603
PEARLPOLY,2010-03-03 00:00:00+05:30,12.6,14.25,12.6,13.25,8986
PEARLPOLY,2010-03-04 00:00:00+05:30,13.0,15.0,13.0,14.4,42762
PEARLPOLY,2010-03-05 00:00:00+05:30,14.55,14.55,13.1,13.45,10345
PEARLPOLY,2010-03-08 00:00:00+05:30,13.95,14.5,12.8,12.9,12306
PEARLPOLY,2010-03-09 00:00:00+05:30,13.6,13.6,12.4,12.5,11258
PEARLPOLY,2010-03-10 00:00:00+05:30,12.2,13.2,12.1,12.25,8016
PEARLPOLY,2010-03-11 00:00:00+05:30,12.15,14.25,12.05,13.05,80216
PEARLPOLY,2010-03-12 00:00:00+05:30,12.5,14.2,12.5,13.25,52554
PEARLPOLY,2010-03-15 00:00:00+05:30,13.1,13.5,12.75,12.9,2986
PEARLPOLY,2010-03-16 00:00:00+05:30,13.75,13.9,12.9,13.0,19042
PEARLPOLY,2010-03-17 00:00:00+05:30,12.9,13.25,12.15,12.35,16142
PEARLPOLY,2010-03-18 00:00:00+05:30,12.0,12.6,11.7,12.25,18197
PEARLPOLY,2010-03-19 00:00:00+05:30,11.85,12.4,11.85,12.0,13361
PEARLPOLY,2010-03-22 00:00:00+05:30,11.5,12.2,11.45,11.85,1000
PEARLPOLY,2010-03-23 00:00:00+05:30,11.85,12.4,11.85,11.95,8919
PEARLPOLY,2010-03-25 00:00:00+05:30,11.95,12.2,11.9,11.95,3400
PEARLPOLY,2010-03-26 00:00:00+05:30,11.75,12.05,11.75,12.0,1575
PEARLPOLY,2010-03-29 00:00:00+05:30,11.75,12.1,11.7,11.9,2391
PEARLPOLY,2010-03-30 00:00:00+05:30,11.9,12.25,11.6,11.75,8614
PEARLPOLY,2010-03-31 00:00:00+05:30,12.15,12.3,11.85,11.95,1543
PEARLPOLY,2010-04-01 00:00:00+05:30,12.3,12.65,12.25,12.65,3408
PEARLPOLY,2010-04-05 00:00:00+05:30,13.1,15.2,13.1,15.2,74884
PEARLPOLY,2010-04-06 00:00:00+05:30,16.0,18.2,16.0,17.15,112794
PEARLPOLY,2010-04-07 00:00:00+05:30,16.55,17.3,15.5,16.2,41142
PEARLPOLY,2010-04-08 00:00:00+05:30,16.0,17.35,16.0,17.1,42815
PEARLPOLY,2010-04-09 00:00:00+05:30,15.6,18.85,15.6,18.8,149549
PEARLPOLY,2010-04-12 00:00:00+05:30,17.0,19.75,17.0,19.0,50168
PEARLPOLY,2010-04-13 00:00:00+05:30,19.0,19.75,19.0,19.2,33205
PEARLPOLY,2010-04-15 00:00:00+05:30,20.2,21.1,18.55,20.45,55610
PEARLPOLY,2010-04-16 00:00:00+05:30,21.45,21.45,19.75,20.1,29249
PEARLPOLY,2010-04-19 00:00:00+05:30,19.85,20.0,19.4,19.8,34022
PEARLPOLY,2010-04-20 00:00:00+05:30,19.5,20.7,19.5,20.35,30476
PEARLPOLY,2010-04-21 00:00:00+05:30,21.4,21.4,19.75,20.25,11954
PEARLPOLY,2010-04-22 00:00:00+05:30,19.75,20.95,19.75,20.45,14373
PEARLPOLY,2010-04-23 00:00:00+05:30,20.1,20.35,19.8,20.1,2935
PEARLPOLY,2010-04-26 00:00:00+05:30,19.1,20.4,19.1,20.0,14805
PEARLPOLY,2010-04-27 00:00:00+05:30,20.0,20.2,19.0,19.3,12656
PEARLPOLY,2010-04-28 00:00:00+05:30,19.5,19.5,18.55,19.0,3710
PEARLPOLY,2010-04-29 00:00:00+05:30,18.65,19.2,18.2,18.7,3867
PEARLPOLY,2010-04-30 00:00:00+05:30,18.6,19.1,18.55,18.95,3171
PEARLPOLY,2010-05-03 00:00:00+05:30,18.5,19.35,18.25,18.5,1297
PEARLPOLY,2010-05-04 00:00:00+05:30,18.25,19.0,18.0,18.1,4843
PEARLPOLY,2010-05-05 00:00:00+05:30,18.8,18.8,17.75,17.75,1540
PEARLPOLY,2010-05-06 00:00:00+05:30,17.95,18.65,17.95,18.35,1218
PEARLPOLY,2010-05-07 00:00:00+05:30,17.7,17.7,17.7,17.7,201
PEARLPOLY,2010-05-10 00:00:00+05:30,17.85,18.5,17.85,18.5,153
PEARLPOLY,2010-05-11 00:00:00+05:30,18.6,18.6,17.5,17.95,3267
PEARLPOLY,2010-05-12 00:00:00+05:30,18.0,18.0,18.0,18.0,1227
PEARLPOLY,2010-05-13 00:00:00+05:30,17.05,18.15,17.0,17.55,5533
PEARLPOLY,2010-05-14 00:00:00+05:30,17.2,17.2,17.05,17.1,350
PEARLPOLY,2010-05-17 00:00:00+05:30,15.55,17.4,15.55,16.35,2088
PEARLPOLY,2010-05-18 00:00:00+05:30,17.35,17.35,16.85,16.85,3300
PEARLPOLY,2010-05-19 00:00:00+05:30,16.35,17.2,16.35,16.45,54
PEARLPOLY,2010-05-20 00:00:00+05:30,16.0,16.5,16.0,16.1,1060
PEARLPOLY,2010-05-21 00:00:00+05:30,14.55,16.65,14.55,16.25,710
PEARLPOLY,2010-05-24 00:00:00+05:30,17.65,17.9,15.6,16.95,2889
PEARLPOLY,2010-05-25 00:00:00+05:30,16.0,16.0,15.5,15.5,120
PEARLPOLY,2010-05-26 00:00:00+05:30,15.05,15.05,15.0,15.05,101
PEARLPOLY,2010-05-27 00:00:00+05:30,15.1,16.3,15.05,16.3,9789
PEARLPOLY,2010-05-28 00:00:00+05:30,17.65,17.65,16.05,16.5,4285
PEARLPOLY,2010-05-31 00:00:00+05:30,16.75,16.8,16.3,16.3,612
PEARLPOLY,2010-06-01 00:00:00+05:30,16.0,16.15,16.0,16.0,3725
PEARLPOLY,2010-06-02 00:00:00+05:30,15.25,16.0,15.25,16.0,393
PEARLPOLY,2010-06-03 00:00:00+05:30,15.65,15.65,15.65,15.65,110
PEARLPOLY,2010-06-04 00:00:00+05:30,15.1,17.05,15.1,16.45,3209
PEARLPOLY,2010-06-07 00:00:00+05:30,16.0,16.45,16.0,16.4,960
PEARLPOLY,2010-06-08 00:00:00+05:30,17.9,17.9,16.05,16.75,2840
PEARLPOLY,2010-06-09 00:00:00+05:30,16.25,16.25,16.05,16.05,750
PEARLPOLY,2010-06-10 00:00:00+05:30,15.65,16.5,15.5,16.2,1260
PEARLPOLY,2010-06-11 00:00:00+05:30,16.7,16.7,15.65,16.35,306
PEARLPOLY,2010-06-14 00:00:00+05:30,16.7,17.55,15.95,15.95,774
PEARLPOLY,2010-06-15 00:00:00+05:30,14.65,16.85,14.55,16.05,9052
PEARLPOLY,2010-06-16 00:00:00+05:30,15.65,15.85,15.6,15.85,768
PEARLPOLY,2010-06-17 00:00:00+05:30,16.2,16.25,15.65,16.15,150
PEARLPOLY,2010-06-18 00:00:00+05:30,15.25,16.0,15.25,16.0,2446
PEARLPOLY,2010-06-21 00:00:00+05:30,15.9,16.5,15.6,15.7,630
PEARLPOLY,2010-06-22 00:00:00+05:30,16.55,16.55,15.8,16.45,1967
PEARLPOLY,2010-06-23 00:00:00+05:30,15.6,16.1,15.6,16.1,650
PEARLPOLY,2010-06-24 00:00:00+05:30,16.0,16.7,16.0,16.55,8127
PEARLPOLY,2010-06-25 00:00:00+05:30,15.9,16.55,15.85,15.95,8497
PEARLPOLY,2010-06-28 00:00:00+05:30,16.15,17.55,16.15,17.4,20131
PEARLPOLY,2010-06-29 00:00:00+05:30,17.0,17.55,16.8,17.55,7233
PEARLPOLY,2010-06-30 00:00:00+05:30,17.0,17.2,16.6,17.2,2140
PEARLPOLY,2010-07-01 00:00:00+05:30,16.5,17.2,16.5,16.95,300
PEARLPOLY,2010-07-02 00:00:00+05:30,16.5,17.25,16.5,17.2,516
PEARLPOLY,2010-07-05 00:00:00+05:30,18.0,18.1,16.7,17.0,3361
PEARLPOLY,2010-07-06 00:00:00+05:30,16.65,17.25,16.65,17.0,3217
PEARLPOLY,2010-07-07 00:00:00+05:30,16.65,17.5,16.1,16.9,12417
PEARLPOLY,2010-07-08 00:00:00+05:30,17.7,17.75,16.7,16.7,9141
PEARLPOLY,2010-07-09 00:00:00+05:30,16.9,16.9,16.55,16.6,3501
PEARLPOLY,2010-07-12 00:00:00+05:30,16.75,17.15,16.75,17.0,14199
PEARLPOLY,2010-07-13 00:00:00+05:30,16.9,18.7,16.9,18.05,6068
PEARLPOLY,2010-07-14 00:00:00+05:30,18.05,18.7,18.05,18.3,6850
PEARLPOLY,2010-07-15 00:00:00+05:30,17.05,17.95,17.05,17.25,350
PEARLPOLY,2010-07-16 00:00:00+05:30,18.1,18.2,17.25,17.95,2851
PEARLPOLY,2010-07-19 00:00:00+05:30,18.0,19.15,17.1,17.7,125
PEARLPOLY,2010-07-20 00:00:00+05:30,18.7,18.7,17.75,17.75,3536
PEARLPOLY,2010-07-21 00:00:00+05:30,17.3,17.3,17.0,17.05,438
PEARLPOLY,2010-07-22 00:00:00+05:30,17.0,17.0,16.8,16.95,1091
PEARLPOLY,2010-07-23 00:00:00+05:30,18.5,18.85,17.15,18.5,9835
PEARLPOLY,2010-07-26 00:00:00+05:30,18.5,19.5,18.25,18.5,30148
PEARLPOLY,2010-07-27 00:00:00+05:30,19.0,19.4,18.3,19.1,10420
PEARLPOLY,2010-07-28 00:00:00+05:30,20.9,20.9,18.6,18.65,7050
PEARLPOLY,2010-07-29 00:00:00+05:30,19.0,19.25,18.3,19.0,10509
PEARLPOLY,2010-07-30 00:00:00+05:30,18.3,19.25,18.25,18.55,10038
PEARLPOLY,2010-08-02 00:00:00+05:30,18.25,18.85,18.25,18.8,13
PEARLPOLY,2010-08-03 00:00:00+05:30,19.25,19.25,18.2,18.35,12600
PEARLPOLY,2010-08-04 00:00:00+05:30,18.5,19.25,18.25,18.9,6930
PEARLPOLY,2010-08-05 00:00:00+05:30,18.6,18.85,18.0,18.1,14862
PEARLPOLY,2010-08-06 00:00:00+05:30,18.3,18.5,18.25,18.25,10842
PEARLPOLY,2010-08-09 00:00:00+05:30,17.45,19.2,17.45,17.8,832
PEARLPOLY,2010-08-10 00:00:00+05:30,18.9,19.2,18.2,18.25,6489
PEARLPOLY,2010-08-11 00:00:00+05:30,18.9,18.9,17.85,17.9,725
PEARLPOLY,2010-08-12 00:00:00+05:30,17.6,18.4,17.6,17.65,11500
PEARLPOLY,2010-08-13 00:00:00+05:30,17.35,18.4,17.35,17.7,1947
PEARLPOLY,2010-08-16 00:00:00+05:30,17.65,18.25,17.45,17.6,3500
PEARLPOLY,2010-08-17 00:00:00+05:30,18.0,18.0,17.3,17.7,2219
PEARLPOLY,2010-08-18 00:00:00+05:30,17.05,18.2,17.05,18.0,11464
PEARLPOLY,2010-08-19 00:00:00+05:30,17.4,17.65,17.4,17.55,5600
PEARLPOLY,2010-08-20 00:00:00+05:30,17.5,17.55,17.5,17.5,500
PEARLPOLY,2010-08-23 00:00:00+05:30,17.5,18.0,17.4,17.9,1100
PEARLPOLY,2010-08-24 00:00:00+05:30,18.15,18.15,17.35,17.35,211
PEARLPOLY,2010-08-25 00:00:00+05:30,17.1,18.2,17.05,17.7,236013
PEARLPOLY,2010-08-26 00:00:00+05:30,18.85,21.25,17.95,21.25,349523
PEARLPOLY,2010-08-27 00:00:00+05:30,22.4,25.5,22.4,23.75,593922
PEARLPOLY,2010-08-30 00:00:00+05:30,24.0,28.4,23.5,27.4,977049
PEARLPOLY,2010-08-31 00:00:00+05:30,28.0,28.95,26.6,27.15,388938
PEARLPOLY,2010-09-01 00:00:00+05:30,27.8,27.8,26.0,26.2,121310
PEARLPOLY,2010-09-02 00:00:00+05:30,26.0,26.7,25.05,25.2,68220
PEARLPOLY,2010-09-03 00:00:00+05:30,25.3,26.5,23.65,24.2,56635
PEARLPOLY,2010-09-06 00:00:00+05:30,24.5,26.0,24.3,25.75,86214
PEARLPOLY,2010-09-07 00:00:00+05:30,26.5,26.5,24.65,25.05,32480
PEARLPOLY,2010-09-08 00:00:00+05:30,25.0,26.1,24.0,24.3,56213
PEARLPOLY,2010-09-09 00:00:00+05:30,25.1,25.1,24.05,24.35,16370
PEARLPOLY,2010-09-13 00:00:00+05:30,24.8,26.2,23.5,25.85,55744
PEARLPOLY,2010-09-14 00:00:00+05:30,25.5,27.35,24.5,25.95,86818
PEARLPOLY,2010-09-15 00:00:00+05:30,26.0,26.95,24.8,26.4,68415
PEARLPOLY,2010-09-16 00:00:00+05:30,26.2,28.35,25.7,26.25,29375
PEARLPOLY,2010-09-17 00:00:00+05:30,26.25,26.5,25.6,25.65,17722
PEARLPOLY,2010-09-20 00:00:00+05:30,26.0,26.5,25.0,25.55,38999
PEARLPOLY,2010-09-21 00:00:00+05:30,25.55,25.7,24.05,24.35,33051
PEARLPOLY,2010-09-22 00:00:00+05:30,25.5,25.5,22.55,23.0,139350
PEARLPOLY,2010-09-23 00:00:00+05:30,23.0,23.0,20.7,20.8,452954
PEARLPOLY,2010-09-24 00:00:00+05:30,21.45,21.85,21.4,21.85,68844
PEARLPOLY,2010-09-27 00:00:00+05:30,22.0,22.95,21.85,22.95,29471
PEARLPOLY,2010-09-28 00:00:00+05:30,23.9,24.0,23.0,23.4,17252
PEARLPOLY,2010-09-29 00:00:00+05:30,23.0,23.75,22.95,23.45,35119
PEARLPOLY,2010-09-30 00:00:00+05:30,23.65,24.0,22.5,23.4,12406
PEARLPOLY,2010-10-01 00:00:00+05:30,24.15,24.15,23.0,23.25,59197
PEARLPOLY,2010-10-04 00:00:00+05:30,23.4,23.4,23.0,23.25,11139
PEARLPOLY,2010-10-05 00:00:00+05:30,23.35,23.35,22.5,22.85,60689
PEARLPOLY,2010-10-06 00:00:00+05:30,22.55,23.2,22.55,22.85,41738
PEARLPOLY,2010-10-07 00:00:00+05:30,22.0,23.45,22.0,22.4,7121
PEARLPOLY,2010-10-08 00:00:00+05:30,22.25,23.3,21.75,22.1,13745
PEARLPOLY,2010-10-11 00:00:00+05:30,22.0,23.0,22.0,22.85,4852
PEARLPOLY,2010-10-12 00:00:00+05:30,23.0,24.0,22.4,23.0,24838
PEARLPOLY,2010-10-13 00:00:00+05:30,23.0,23.4,22.8,23.0,11703
PEARLPOLY,2010-10-14 00:00:00+05:30,22.5,23.8,22.5,23.0,12504
PEARLPOLY,2010-10-15 00:00:00+05:30,22.55,23.4,21.85,22.0,9951
PEARLPOLY,2010-10-18 00:00:00+05:30,21.0,22.3,21.0,21.9,13153
PEARLPOLY,2010-10-19 00:00:00+05:30,21.6,22.0,21.0,21.0,3119
PEARLPOLY,2010-10-20 00:00:00+05:30,20.65,21.0,20.0,20.7,6745
PEARLPOLY,2010-10-21 00:00:00+05:30,20.95,21.35,20.5,21.0,8029
PEARLPOLY,2010-10-22 00:00:00+05:30,20.55,22.05,20.55,22.05,18879
PEARLPOLY,2010-10-25 00:00:00+05:30,23.0,23.15,23.0,23.15,3184
PEARLPOLY,2010-10-26 00:00:00+05:30,24.35,24.35,23.0,24.25,129375
PEARLPOLY,2010-10-27 00:00:00+05:30,25.45,25.5,24.1,24.6,111930
PEARLPOLY,2010-10-28 00:00:00+05:30,23.9,25.0,23.9,23.95,107367
PEARLPOLY,2010-10-29 00:00:00+05:30,24.0,24.0,23.5,23.6,16571
PEARLPOLY,2010-11-01 00:00:00+05:30,24.1,24.8,24.1,24.8,20326
PEARLPOLY,2010-11-02 00:00:00+05:30,26.05,26.05,25.0,25.7,67427
PEARLPOLY,2010-11-03 00:00:00+05:30,26.95,26.95,24.75,24.9,21807
PEARLPOLY,2010-11-04 00:00:00+05:30,24.35,25.15,24.0,24.45,5674
PEARLPOLY,2010-11-05 00:00:00+05:30,26.0,26.0,24.6,25.05,5100
PEARLPOLY,2010-11-08 00:00:00+05:30,24.75,25.9,24.15,24.8,22253
PEARLPOLY,2010-11-09 00:00:00+05:30,24.4,25.25,24.4,25.05,11910
PEARLPOLY,2010-11-10 00:00:00+05:30,25.9,25.9,25.0,25.1,19198
PEARLPOLY,2010-11-11 00:00:00+05:30,24.9,26.2,24.45,25.15,25882
PEARLPOLY,2010-11-12 00:00:00+05:30,25.9,25.9,24.55,24.7,12092
PEARLPOLY,2010-11-15 00:00:00+05:30,24.9,24.9,24.0,24.1,7812
PEARLPOLY,2010-11-16 00:00:00+05:30,24.8,24.85,23.0,23.35,11169
PEARLPOLY,2010-11-18 00:00:00+05:30,23.0,23.15,21.7,22.85,10952
PEARLPOLY,2010-11-19 00:00:00+05:30,24.2,24.2,22.1,22.15,11807
PEARLPOLY,2010-11-22 00:00:00+05:30,22.1,23.0,22.0,22.45,1779
PEARLPOLY,2010-11-23 00:00:00+05:30,23.3,23.3,21.5,21.6,1833
PEARLPOLY,2010-11-24 00:00:00+05:30,21.0,23.2,21.0,21.85,9112
PEARLPOLY,2010-11-25 00:00:00+05:30,21.5,21.5,19.8,20.15,25963
PEARLPOLY,2010-11-26 00:00:00+05:30,19.25,20.0,18.15,19.3,31876
PEARLPOLY,2010-11-29 00:00:00+05:30,19.4,19.4,18.8,18.8,4464
PEARLPOLY,2010-11-30 00:00:00+05:30,19.3,20.0,19.1,19.45,2539
PEARLPOLY,2010-12-01 00:00:00+05:30,19.1,20.9,19.1,19.9,5368
PEARLPOLY,2010-12-02 00:00:00+05:30,20.0,20.95,19.6,19.75,4005
PEARLPOLY,2010-12-03 00:00:00+05:30,19.3,19.3,17.8,17.85,41374
PEARLPOLY,2010-12-06 00:00:00+05:30,18.75,18.8,17.1,17.1,16555
PEARLPOLY,2010-12-07 00:00:00+05:30,17.8,17.8,16.25,16.25,72237
PEARLPOLY,2010-12-08 00:00:00+05:30,16.4,16.65,16.1,16.25,2607
PEARLPOLY,2010-12-09 00:00:00+05:30,15.55,16.85,15.5,15.6,26490
PEARLPOLY,2010-12-10 00:00:00+05:30,16.25,16.4,14.9,16.2,7479
PEARLPOLY,2010-12-13 00:00:00+05:30,16.9,16.9,15.65,15.85,2334
PEARLPOLY,2010-12-14 00:00:00+05:30,15.55,16.6,15.55,15.95,4045
PEARLPOLY,2010-12-15 00:00:00+05:30,16.0,16.2,15.55,15.9,11627
PEARLPOLY,2010-12-16 00:00:00+05:30,15.3,16.4,15.3,15.5,40068
PEARLPOLY,2010-12-20 00:00:00+05:30,15.3,16.05,15.3,15.6,2736
PEARLPOLY,2010-12-21 00:00:00+05:30,15.25,16.1,15.25,15.8,832
PEARLPOLY,2010-12-22 00:00:00+05:30,16.5,16.5,15.5,16.0,12407
PEARLPOLY,2010-12-23 00:00:00+05:30,16.7,16.8,15.9,16.65,11641
PEARLPOLY,2010-12-24 00:00:00+05:30,16.05,16.5,16.05,16.15,905
PEARLPOLY,2010-12-27 00:00:00+05:30,17.0,17.0,15.85,15.9,10815
PEARLPOLY,2010-12-28 00:00:00+05:30,16.45,16.5,15.75,16.05,20645
PEARLPOLY,2010-12-29 00:00:00+05:30,15.85,16.7,15.85,16.3,27540
PEARLPOLY,2010-12-30 00:00:00+05:30,15.55,16.85,15.55,16.35,13725
PEARLPOLY,2010-12-31 00:00:00+05:30,16.8,16.8,16.25,16.35,16463
PEARLPOLY,2015-01-01 00:00:00+05:30,14.8,14.95,14.8,14.95,50
PEARLPOLY,2015-01-02 00:00:00+05:30,15.05,16.0,15.05,15.55,3705
PEARLPOLY,2015-01-05 00:00:00+05:30,16.5,16.89,15.7,15.7,7600
PEARLPOLY,2015-01-06 00:00:00+05:30,15.25,16.0,15.25,16.0,500
PEARLPOLY,2015-01-07 00:00:00+05:30,15.3,15.3,14.5,14.8,351
PEARLPOLY,2015-01-08 00:00:00+05:30,14.15,15.0,14.15,15.0,161
PEARLPOLY,2015-01-09 00:00:00+05:30,15.0,15.0,15.0,15.0,1200
PEARLPOLY,2015-01-12 00:00:00+05:30,14.9,15.95,14.9,14.9,415
PEARLPOLY,2015-01-13 00:00:00+05:30,15.0,16.64,14.95,16.05,460
PEARLPOLY,2015-01-14 00:00:00+05:30,16.0,16.8,14.6,15.25,803
PEARLPOLY,2015-01-15 00:00:00+05:30,16.0,16.05,15.25,15.45,1360
PEARLPOLY,2015-01-16 00:00:00+05:30,15.5,16.75,14.85,15.0,850
PEARLPOLY,2015-01-19 00:00:00+05:30,15.25,15.25,15.2,15.2,560
PEARLPOLY,2015-01-20 00:00:00+05:30,16.5,18.2,15.6,17.6,12122
PEARLPOLY,2015-01-21 00:00:00+05:30,20.45,20.45,18.35,19.14,16974
PEARLPOLY,2015-01-22 00:00:00+05:30,17.45,19.0,17.45,18.5,5538
PEARLPOLY,2015-01-23 00:00:00+05:30,18.7,18.7,16.5,17.35,6026
PEARLPOLY,2015-01-27 00:00:00+05:30,16.5,16.6,16.5,16.6,150
PEARLPOLY,2015-01-28 00:00:00+05:30,18.45,18.45,17.0,17.55,2439
PEARLPOLY,2015-01-29 00:00:00+05:30,16.6,18.8,16.5,17.45,2203
PEARLPOLY,2015-01-30 00:00:00+05:30,16.39,17.5,14.65,15.9,5105
PEARLPOLY,2015-02-02 00:00:00+05:30,15.6,17.0,15.6,17.0,673
PEARLPOLY,2015-02-03 00:00:00+05:30,17.0,17.0,15.6,16.75,1446
PEARLPOLY,2015-02-04 00:00:00+05:30,15.85,15.85,15.85,15.85,150
PEARLPOLY,2015-02-05 00:00:00+05:30,16.3,16.5,15.3,15.3,812
PEARLPOLY,2015-02-06 00:00:00+05:30,15.0,16.0,14.55,15.0,3807
PEARLPOLY,2015-02-10 00:00:00+05:30,14.35,14.35,14.05,14.2,1021
PEARLPOLY,2015-02-11 00:00:00+05:30,14.1,14.1,14.1,14.1,250
PEARLPOLY,2015-02-12 00:00:00+05:30,14.15,14.4,14.15,14.4,438
PEARLPOLY,2015-02-13 00:00:00+05:30,16.8,16.8,15.0,15.1,2660
PEARLPOLY,2015-02-16 00:00:00+05:30,14.55,15.7,14.55,15.05,250
PEARLPOLY,2015-02-18 00:00:00+05:30,14.3,15.0,14.1,14.7,1003
PEARLPOLY,2015-02-19 00:00:00+05:30,14.5,15.25,14.5,14.95,465
PEARLPOLY,2015-02-20 00:00:00+05:30,14.4,14.5,14.4,14.5,463
PEARLPOLY,2015-02-23 00:00:00+05:30,14.5,14.9,14.1,14.3,1400
PEARLPOLY,2015-02-24 00:00:00+05:30,14.0,14.0,14.0,14.0,735
PEARLPOLY,2015-02-25 00:00:00+05:30,14.3,14.5,14.3,14.5,250
PEARLPOLY,2015-02-27 00:00:00+05:30,14.0,14.75,13.45,13.5,666
PEARLPOLY,2015-03-02 00:00:00+05:30,14.95,15.0,13.1,13.65,1570
PEARLPOLY,2015-03-03 00:00:00+05:30,13.15,13.3,13.15,13.15,360
PEARLPOLY,2015-03-04 00:00:00+05:30,11.25,13.95,11.25,13.9,1409
PEARLPOLY,2015-03-05 00:00:00+05:30,13.3,13.5,12.45,13.5,1105
PEARLPOLY,2015-03-09 00:00:00+05:30,13.95,13.95,13.1,13.1,254
PEARLPOLY,2015-03-10 00:00:00+05:30,12.25,13.9,12.25,13.5,1463
PEARLPOLY,2015-03-11 00:00:00+05:30,13.95,13.95,12.4,12.7,704
PEARLPOLY,2015-03-12 00:00:00+05:30,13.8,13.9,13.8,13.9,500
PEARLPOLY,2015-03-13 00:00:00+05:30,13.25,13.25,12.4,12.55,3224
PEARLPOLY,2015-03-16 00:00:00+05:30,12.05,12.05,11.75,11.75,902
PEARLPOLY,2015-03-17 00:00:00+05:30,12.2,13.5,11.35,12.8,2617
PEARLPOLY,2015-03-18 00:00:00+05:30,13.5,13.5,11.55,12.55,4968
PEARLPOLY,2015-03-19 00:00:00+05:30,12.25,13.35,12.2,13.35,105
PEARLPOLY,2015-03-20 00:00:00+05:30,12.0,13.4,11.1,12.25,3
PEARLPOLY,2015-03-23 00:00:00+05:30,11.8,13.55,10.95,11.3,2808
PEARLPOLY,2015-03-24 00:00:00+05:30,12.7,12.7,11.05,11.15,200
PEARLPOLY,2015-03-27 00:00:00+05:30,10.25,10.25,10.19,10.19,497
PEARLPOLY,2015-03-31 00:00:00+05:30,10.19,10.6,10.05,10.05,1411
PEARLPOLY,2015-04-01 00:00:00+05:30,12.05,12.05,10.55,12.05,963
PEARLPOLY,2015-04-06 00:00:00+05:30,12.95,13.9,12.75,13.5,6410
PEARLPOLY,2015-04-07 00:00:00+05:30,12.85,13.0,12.85,13.0,938
PEARLPOLY,2015-04-08 00:00:00+05:30,13.85,13.85,12.5,13.35,1432
PEARLPOLY,2015-04-09 00:00:00+05:30,13.35,13.35,13.35,13.35,1
PEARLPOLY,2015-04-10 00:00:00+05:30,12.2,14.5,12.05,14.35,6372
PEARLPOLY,2015-04-13 00:00:00+05:30,13.35,13.35,13.35,13.35,50
PEARLPOLY,2015-04-15 00:00:00+05:30,13.4,14.5,13.25,13.6,11101
PEARLPOLY,2015-04-16 00:00:00+05:30,13.6,13.85,13.0,13.75,3510
PEARLPOLY,2015-04-17 00:00:00+05:30,13.25,15.6,12.25,13.05,694
PEARLPOLY,2015-04-20 00:00:00+05:30,12.8,14.65,12.15,13.95,12914
PEARLPOLY,2015-04-21 00:00:00+05:30,13.9,14.95,12.4,13.9,9105
PEARLPOLY,2015-04-22 00:00:00+05:30,14.0,14.2,13.3,14.0,2499
PEARLPOLY,2015-04-23 00:00:00+05:30,13.95,14.0,12.6,13.1,355
PEARLPOLY,2015-04-24 00:00:00+05:30,12.2,12.8,11.75,12.8,1092
PEARLPOLY,2015-04-27 00:00:00+05:30,12.35,14.0,11.8,12.95,1932
PEARLPOLY,2015-04-28 00:00:00+05:30,12.25,13.9,12.25,13.0,3702
PEARLPOLY,2015-04-30 00:00:00+05:30,13.05,13.05,13.05,13.05,730
PEARLPOLY,2015-05-05 00:00:00+05:30,13.0,13.0,12.25,12.65,500
PEARLPOLY,2015-05-06 00:00:00+05:30,12.2,12.35,11.7,12.15,309
PEARLPOLY,2015-05-07 00:00:00+05:30,11.5,13.85,11.0,13.75,2754
PEARLPOLY,2015-05-08 00:00:00+05:30,13.0,13.45,11.95,12.1,613
PEARLPOLY,2015-05-11 00:00:00+05:30,13.0,13.35,12.55,13.35,485
PEARLPOLY,2015-05-12 00:00:00+05:30,13.35,13.35,13.35,13.35,100
PEARLPOLY,2015-05-13 00:00:00+05:30,12.4,14.2,12.0,12.6,2664
PEARLPOLY,2015-05-14 00:00:00+05:30,12.5,13.0,12.15,12.15,700
PEARLPOLY,2015-05-15 00:00:00+05:30,11.95,13.65,11.95,13.25,2043
PEARLPOLY,2015-05-18 00:00:00+05:30,12.85,12.85,12.85,12.85,600
PEARLPOLY,2015-05-19 00:00:00+05:30,12.3,13.5,12.3,13.45,700
PEARLPOLY,2015-05-20 00:00:00+05:30,13.0,13.85,13.0,13.0,1626
PEARLPOLY,2015-05-21 00:00:00+05:30,13.95,14.0,13.3,13.55,1337
PEARLPOLY,2015-05-22 00:00:00+05:30,14.0,14.0,13.2,13.9,2159
PEARLPOLY,2015-05-25 00:00:00+05:30,13.75,13.75,13.75,13.75,49
PEARLPOLY,2015-05-26 00:00:00+05:30,13.25,13.3,13.2,13.3,770
PEARLPOLY,2015-05-27 00:00:00+05:30,13.1,14.6,13.1,13.1,2040
PEARLPOLY,2015-05-28 00:00:00+05:30,12.5,14.1,12.5,12.6,860
PEARLPOLY,2015-05-29 00:00:00+05:30,12.5,12.6,12.5,12.6,239
PEARLPOLY,2015-06-01 00:00:00+05:30,12.75,12.75,12.7,12.7,535
PEARLPOLY,2015-06-02 00:00:00+05:30,12.75,12.75,12.75,12.75,86
PEARLPOLY,2015-06-03 00:00:00+05:30,12.75,12.75,11.0,11.6,2486
PEARLPOLY,2015-06-04 00:00:00+05:30,11.0,11.0,10.5,11.0,2710
PEARLPOLY,2015-06-05 00:00:00+05:30,10.7,11.0,10.7,11.0,2517
PEARLPOLY,2015-06-08 00:00:00+05:30,10.25,11.45,10.25,11.3,4000
PEARLPOLY,2015-06-09 00:00:00+05:30,10.35,11.9,10.3,11.9,1550
PEARLPOLY,2015-06-10 00:00:00+05:30,11.3,11.9,10.0,11.05,860
PEARLPOLY,2015-06-11 00:00:00+05:30,11.95,11.95,11.95,11.95,10
PEARLPOLY,2015-06-12 00:00:00+05:30,11.9,11.9,10.45,11.4,1008
PEARLPOLY,2015-06-15 00:00:00+05:30,11.4,11.4,10.15,11.2,305
PEARLPOLY,2015-06-16 00:00:00+05:30,11.2,11.4,11.0,11.4,125
PEARLPOLY,2015-06-17 00:00:00+05:30,11.0,11.35,11.0,11.35,440
PEARLPOLY,2015-06-18 00:00:00+05:30,11.0,11.65,10.3,11.65,1355
PEARLPOLY,2015-06-19 00:00:00+05:30,11.0,12.4,10.95,11.7,1405
PEARLPOLY,2015-06-22 00:00:00+05:30,11.1,11.75,10.5,11.2,264
PEARLPOLY,2015-06-23 00:00:00+05:30,10.8,11.5,10.55,11.45,30
PEARLPOLY,2015-06-24 00:00:00+05:30,10.85,11.45,10.8,11.05,1182
PEARLPOLY,2015-06-25 00:00:00+05:30,11.55,11.6,11.55,11.6,30
PEARLPOLY,2015-06-26 00:00:00+05:30,10.8,11.3,10.5,11.3,1050
PEARLPOLY,2015-06-29 00:00:00+05:30,10.5,10.5,10.5,10.5,402
PEARLPOLY,2015-06-30 00:00:00+05:30,10.15,12.0,10.15,11.9,9328
PEARLPOLY,2015-07-01 00:00:00+05:30,11.5,11.8,11.5,11.5,2011
PEARLPOLY,2015-07-02 00:00:00+05:30,11.0,12.15,10.7,12.15,6934
PEARLPOLY,2015-07-03 00:00:00+05:30,11.9,12.1,11.15,11.5,553
PEARLPOLY,2015-07-06 00:00:00+05:30,11.05,12.0,11.05,12.0,3750
PEARLPOLY,2015-07-08 00:00:00+05:30,12.3,12.4,12.3,12.4,105
PEARLPOLY,2015-07-09 00:00:00+05:30,12.0,12.2,11.3,11.3,522
PEARLPOLY,2015-07-10 00:00:00+05:30,11.35,12.0,11.35,12.0,1201
PEARLPOLY,2015-07-13 00:00:00+05:30,11.95,11.95,11.95,11.95,30
PEARLPOLY,2015-07-14 00:00:00+05:30,11.15,11.95,11.15,11.95,1859
PEARLPOLY,2015-07-15 00:00:00+05:30,11.95,11.95,11.95,11.95,100
PEARLPOLY,2015-07-16 00:00:00+05:30,11.9,11.9,11.25,11.35,1700
PEARLPOLY,2015-07-17 00:00:00+05:30,11.4,11.4,11.4,11.4,100
PEARLPOLY,2015-07-20 00:00:00+05:30,11.4,12.05,11.4,12.05,45
PEARLPOLY,2015-07-21 00:00:00+05:30,11.75,12.15,11.75,12.1,380
PEARLPOLY,2015-07-22 00:00:00+05:30,12.9,12.9,11.85,12.2,1250
PEARLPOLY,2015-07-23 00:00:00+05:30,12.8,13.4,12.8,13.2,3565
PEARLPOLY,2015-07-24 00:00:00+05:30,13.5,14.5,13.5,14.1,7810
PEARLPOLY,2015-07-27 00:00:00+05:30,14.2,14.2,14.2,14.2,400
PEARLPOLY,2015-07-28 00:00:00+05:30,13.5,14.0,13.5,14.0,415
PEARLPOLY,2015-07-29 00:00:00+05:30,15.15,15.15,13.45,15.0,2092
PEARLPOLY,2015-07-30 00:00:00+05:30,15.5,15.5,14.5,15.3,1199
PEARLPOLY,2015-07-31 00:00:00+05:30,15.4,16.8,14.5,16.8,14384
PEARLPOLY,2015-08-03 00:00:00+05:30,15.7,18.2,15.7,17.5,18383
PEARLPOLY,2015-08-04 00:00:00+05:30,18.3,18.35,16.8,18.35,47450
PEARLPOLY,2015-08-05 00:00:00+05:30,18.25,19.25,18.25,19.25,27572
PEARLPOLY,2015-08-06 00:00:00+05:30,20.14,20.14,18.3,18.8,26861
PEARLPOLY,2015-08-07 00:00:00+05:30,18.0,18.39,17.89,17.95,37409
PEARLPOLY,2015-08-10 00:00:00+05:30,17.89,18.8,17.89,18.8,12031
PEARLPOLY,2015-08-11 00:00:00+05:30,18.2,19.7,18.0,18.5,16410
PEARLPOLY,2015-08-12 00:00:00+05:30,17.6,18.55,17.6,17.6,5585
PEARLPOLY,2015-08-13 00:00:00+05:30,16.89,18.45,16.89,17.2,36271
PEARLPOLY,2015-08-14 00:00:00+05:30,16.5,18.05,16.5,18.0,10483
PEARLPOLY,2015-08-17 00:00:00+05:30,17.35,18.39,17.25,17.75,1413
PEARLPOLY,2015-08-18 00:00:00+05:30,18.0,18.6,18.0,18.6,2902
PEARLPOLY,2015-08-19 00:00:00+05:30,17.8,19.5,17.8,18.39,24440
PEARLPOLY,2015-08-20 00:00:00+05:30,18.8,18.8,17.55,17.64,1732
PEARLPOLY,2015-08-21 00:00:00+05:30,17.05,17.8,16.89,17.25,5629
PEARLPOLY,2015-08-24 00:00:00+05:30,16.39,17.3,16.39,17.0,3790
PEARLPOLY,2015-08-25 00:00:00+05:30,16.2,16.95,16.2,16.35,1071
PEARLPOLY,2015-08-26 00:00:00+05:30,16.35,17.1,15.7,17.1,635
PEARLPOLY,2015-08-27 00:00:00+05:30,17.89,17.89,16.3,17.5,360
PEARLPOLY,2015-08-28 00:00:00+05:30,17.05,17.14,17.0,17.14,600
PEARLPOLY,2015-08-31 00:00:00+05:30,17.05,17.8,17.05,17.5,121
PEARLPOLY,2015-09-01 00:00:00+05:30,18.0,18.3,17.0,17.0,702
PEARLPOLY,2015-09-02 00:00:00+05:30,17.8,17.8,16.2,16.39,977
PEARLPOLY,2015-09-03 00:00:00+05:30,17.14,17.14,17.1,17.1,900
PEARLPOLY,2015-09-04 00:00:00+05:30,16.25,16.25,15.4,16.0,5021
PEARLPOLY,2015-09-08 00:00:00+05:30,16.0,16.0,14.4,15.15,2055
PEARLPOLY,2015-09-09 00:00:00+05:30,15.5,15.5,14.0,14.9,2115
PEARLPOLY,2015-09-10 00:00:00+05:30,15.0,15.4,14.15,15.0,392
PEARLPOLY,2015-09-11 00:00:00+05:30,13.75,15.0,13.75,13.9,560
PEARLPOLY,2015-09-14 00:00:00+05:30,15.2,15.2,12.6,13.5,2552
PEARLPOLY,2015-09-15 00:00:00+05:30,13.0,14.65,13.0,13.7,365
PEARLPOLY,2015-09-16 00:00:00+05:30,14.7,14.7,14.25,14.25,501
PEARLPOLY,2015-09-18 00:00:00+05:30,15.0,15.0,15.0,15.0,25
PEARLPOLY,2015-09-21 00:00:00+05:30,13.5,14.5,13.5,14.15,204
PEARLPOLY,2015-09-22 00:00:00+05:30,13.15,14.2,13.05,14.2,1708
PEARLPOLY,2015-09-23 00:00:00+05:30,13.1,14.9,13.1,13.85,14775
PEARLPOLY,2015-09-24 00:00:00+05:30,13.4,14.5,13.4,14.5,310
PEARLPOLY,2015-09-28 00:00:00+05:30,14.5,14.5,14.1,14.5,350
PEARLPOLY,2015-09-29 00:00:00+05:30,13.5,14.8,13.1,13.35,954
PEARLPOLY,2015-10-01 00:00:00+05:30,12.15,14.6,12.15,13.05,617
PEARLPOLY,2015-10-05 00:00:00+05:30,13.05,15.0,13.0,13.95,4722
PEARLPOLY,2015-10-07 00:00:00+05:30,14.0,14.75,14.0,14.75,2710
PEARLPOLY,2015-10-08 00:00:00+05:30,14.2,15.1,13.25,14.2,3190
PEARLPOLY,2015-10-09 00:00:00+05:30,14.4,16.2,13.95,15.0,2027
PEARLPOLY,2015-10-12 00:00:00+05:30,14.3,15.9,13.7,14.65,4723
PEARLPOLY,2015-10-13 00:00:00+05:30,14.7,15.5,14.7,15.5,700
PEARLPOLY,2015-10-14 00:00:00+05:30,15.25,15.6,14.3,14.95,1204
PEARLPOLY,2015-10-15 00:00:00+05:30,15.2,17.75,14.9,17.1,11860
PEARLPOLY,2015-10-16 00:00:00+05:30,18.0,18.0,16.5,16.5,3100
PEARLPOLY,2015-10-19 00:00:00+05:30,15.35,15.4,15.35,15.4,800
PEARLPOLY,2015-10-20 00:00:00+05:30,14.9,16.95,14.9,16.0,1812
PEARLPOLY,2015-10-21 00:00:00+05:30,15.2,16.5,14.85,16.5,1602
PEARLPOLY,2015-10-23 00:00:00+05:30,15.4,16.35,15.4,16.35,1400
PEARLPOLY,2015-10-26 00:00:00+05:30,15.1,16.95,15.05,16.95,112
PEARLPOLY,2015-10-27 00:00:00+05:30,16.5,16.95,16.45,16.45,1710
PEARLPOLY,2015-10-28 00:00:00+05:30,15.2,15.2,15.2,15.2,1000
PEARLPOLY,2015-10-29 00:00:00+05:30,16.0,16.1,16.0,16.05,4200
PEARLPOLY,2015-10-30 00:00:00+05:30,16.0,16.64,16.0,16.55,526
PEARLPOLY,2015-11-03 00:00:00+05:30,16.64,16.64,14.75,15.85,3626
PEARLPOLY,2015-11-04 00:00:00+05:30,16.2,17.89,16.14,16.95,24044
PEARLPOLY,2015-11-05 00:00:00+05:30,16.0,16.95,15.9,16.39,5865
PEARLPOLY,2015-11-06 00:00:00+05:30,15.65,16.8,14.75,16.25,2454
PEARLPOLY,2015-11-09 00:00:00+05:30,18.95,18.95,15.35,16.7,5384
PEARLPOLY,2015-11-13 00:00:00+05:30,16.95,16.95,16.95,16.95,500
PEARLPOLY,2015-11-16 00:00:00+05:30,16.1,16.1,15.5,16.0,214
PEARLPOLY,2015-11-18 00:00:00+05:30,15.1,15.1,14.9,15.0,6
PEARLPOLY,2015-11-19 00:00:00+05:30,14.5,15.4,14.5,15.15,710
PEARLPOLY,2015-11-20 00:00:00+05:30,14.1,15.1,14.05,15.0,2106
PEARLPOLY,2015-11-23 00:00:00+05:30,16.0,16.0,16.0,16.0,10
PEARLPOLY,2015-11-24 00:00:00+05:30,15.3,16.7,15.0,15.05,2002
PEARLPOLY,2015-11-26 00:00:00+05:30,15.2,15.9,15.1,15.9,1930
PEARLPOLY,2015-11-27 00:00:00+05:30,15.1,16.6,15.1,15.95,590
PEARLPOLY,2015-11-30 00:00:00+05:30,15.3,16.35,15.2,15.25,2814
PEARLPOLY,2015-12-01 00:00:00+05:30,15.1,16.14,14.85,16.05,402
PEARLPOLY,2015-12-02 00:00:00+05:30,16.0,16.5,15.2,15.3,3530
PEARLPOLY,2015-12-03 00:00:00+05:30,15.0,16.05,15.0,16.05,3840
PEARLPOLY,2015-12-04 00:00:00+05:30,15.65,15.65,14.6,15.4,498
PEARLPOLY,2015-12-07 00:00:00+05:30,15.4,17.1,15.0,16.8,1303
PEARLPOLY,2015-12-08 00:00:00+05:30,16.8,16.8,15.1,15.35,1997
PEARLPOLY,2015-12-09 00:00:00+05:30,14.3,17.7,14.15,15.05,1907
PEARLPOLY,2015-12-10 00:00:00+05:30,14.65,15.8,14.65,14.95,1048
PEARLPOLY,2015-12-11 00:00:00+05:30,14.75,16.95,14.75,16.95,1100
PEARLPOLY,2015-12-14 00:00:00+05:30,17.0,17.0,16.55,16.75,3419
PEARLPOLY,2015-12-15 00:00:00+05:30,17.7,19.8,17.7,19.5,1708
PEARLPOLY,2015-12-16 00:00:00+05:30,19.75,20.35,17.2,18.14,14205
PEARLPOLY,2015-12-17 00:00:00+05:30,18.75,21.75,18.75,21.75,35361
PEARLPOLY,2015-12-18 00:00:00+05:30,23.0,23.9,22.1,23.15,114131
PEARLPOLY,2015-12-21 00:00:00+05:30,22.05,23.6,22.05,22.95,22229
PEARLPOLY,2015-12-22 00:00:00+05:30,23.0,23.0,22.15,22.35,27696
PEARLPOLY,2015-12-23 00:00:00+05:30,21.45,22.55,21.35,21.85,4028
PEARLPOLY,2015-12-24 00:00:00+05:30,21.85,21.9,21.0,21.15,4665
PEARLPOLY,2015-12-28 00:00:00+05:30,21.95,21.95,21.05,21.2,6070
PEARLPOLY,2015-12-29 00:00:00+05:30,22.2,22.2,20.75,20.75,1185
PEARLPOLY,2015-12-30 00:00:00+05:30,20.8,21.6,20.8,21.6,30178
PEARLPOLY,2015-12-31 00:00:00+05:30,21.8,22.8,21.0,21.0,4190
PEARLPOLY,2015-12-31 09:54:00+05:30,21.8,22.8,21.0,21.0,4190
PEARLPOLY,2016-01-01 11:55:00+05:30,21.0,21.65,21.0,21.5,1952
PEARLPOLY,2016-01-04 10:05:00+05:30,22.05,22.05,19.85,21.0,34945
PEARLPOLY,2016-01-05 09:15:00+05:30,21.0,21.85,18.9,19.95,18172
PEARLPOLY,2016-01-06 09:47:00+05:30,21.4,21.45,19.25,20.45,16416
PEARLPOLY,2016-01-07 10:20:00+05:30,19.5,19.95,18.5,19.0,116901
PEARLPOLY,2016-01-08 09:18:00+05:30,20.9,20.9,18.4,19.65,6278
PEARLPOLY,2016-01-11 09:16:00+05:30,21.5,21.6,20.0,21.6,36162
PEARLPOLY,2016-01-12 09:15:00+05:30,23.75,23.75,22.05,23.75,47650
PEARLPOLY,2016-01-13 09:15:00+05:30,25.6,26.1,22.15,24.6,95634
PEARLPOLY,2016-01-14 09:24:00+05:30,24.85,27.0,23.1,26.3,101354
PEARLPOLY,2016-01-15 09:15:00+05:30,26.55,27.4,25.1,25.85,34260
PEARLPOLY,2016-01-18 09:18:00+05:30,24.6,24.8,24.6,24.6,3552
PEARLPOLY,2016-01-19 09:15:00+05:30,23.4,24.45,23.4,23.65,69101
PEARLPOLY,2016-01-20 09:35:00+05:30,23.0,23.35,22.5,22.55,9147
PEARLPOLY,2016-01-21 09:17:00+05:30,21.45,22.0,21.45,22.0,5305
PEARLPOLY,2016-01-22 09:52:00+05:30,21.05,22.5,21.05,21.6,93571
PEARLPOLY,2016-01-25 09:21:00+05:30,22.45,22.45,20.55,20.55,9089
PEARLPOLY,2016-01-27 09:15:00+05:30,20.3,21.25,19.6,20.0,3444
PEARLPOLY,2016-01-28 13:18:00+05:30,19.8,20.5,19.0,19.15,7400
PEARLPOLY,2016-01-29 10:40:00+05:30,19.0,19.0,18.2,18.8,2058
PEARLPOLY,2016-02-01 10:06:00+05:30,18.85,19.45,18.85,18.9,3664
PEARLPOLY,2016-02-02 09:56:00+05:30,18.9,18.9,18.0,18.0,2452
PEARLPOLY,2016-02-03 10:02:00+05:30,18.0,18.2,17.1,17.1,25452
PEARLPOLY,2016-02-04 10:16:00+05:30,16.5,16.85,16.25,16.25,13742
PEARLPOLY,2016-02-05 09:16:00+05:30,15.9,17.05,15.5,17.0,2780
PEARLPOLY,2016-02-08 12:49:00+05:30,17.55,17.65,17.55,17.65,3001
PEARLPOLY,2016-02-09 09:19:00+05:30,17.3,17.9,16.8,16.8,14057
PEARLPOLY,2016-02-10 09:20:00+05:30,16.2,16.95,16.0,16.0,3228
PEARLPOLY,2016-02-11 12:24:00+05:30,15.3,15.3,15.2,15.2,1099
PEARLPOLY,2016-02-12 13:45:00+05:30,14.6,15.75,14.6,15.75,119
PEARLPOLY,2016-02-15 09:49:00+05:30,15.05,16.2,15.0,15.0,5918
PEARLPOLY,2016-02-16 09:15:00+05:30,15.1,15.1,14.25,14.25,5140
PEARLPOLY,2016-02-17 11:07:00+05:30,13.55,14.9,13.55,14.65,3208
PEARLPOLY,2016-02-18 09:21:00+05:30,14.95,15.25,13.95,14.15,5705
PEARLPOLY,2016-02-22 09:25:00+05:30,13.5,14.7,13.5,13.95,66
PEARLPOLY,2016-02-23 10:08:00+05:30,14.5,14.5,14.5,14.5,207
PEARLPOLY,2016-02-24 12:39:00+05:30,14.9,14.9,14.9,14.9,10
PEARLPOLY,2016-02-25 11:29:00+05:30,14.2,15.2,14.2,14.2,1264
PEARLPOLY,2016-02-26 11:03:00+05:30,14.45,14.45,14.1,14.1,499
PEARLPOLY,2016-02-29 11:22:00+05:30,13.4,13.4,13.4,13.4,650
PEARLPOLY,2016-03-01 14:54:00+05:30,13.25,13.25,13.25,13.25,100
PEARLPOLY,2016-03-02 09:44:00+05:30,13.9,13.9,13.9,13.9,4126
PEARLPOLY,2016-03-03 09:43:00+05:30,14.0,14.0,13.45,13.7,21769
PEARLPOLY,2016-03-04 09:43:00+05:30,13.95,13.95,13.15,13.55,423
PEARLPOLY,2016-03-08 12:35:00+05:30,13.8,13.8,13.7,13.7,4015
PEARLPOLY,2016-03-09 12:20:00+05:30,13.25,13.8,13.05,13.55,8350
PEARLPOLY,2016-03-11 12:12:00+05:30,13.0,13.25,13.0,13.1,3502
PEARLPOLY,2016-03-14 12:22:00+05:30,13.15,13.5,13.15,13.5,811
PEARLPOLY,2016-03-15 11:23:00+05:30,12.9,12.9,12.9,12.9,50
PEARLPOLY,2016-03-17 10:41:00+05:30,13.0,13.25,12.55,12.8,2421
PEARLPOLY,2016-03-18 09:27:00+05:30,13.4,13.4,12.9,13.1,8375
PEARLPOLY,2016-03-21 13:08:00+05:30,13.55,13.6,12.6,12.6,230
PEARLPOLY,2016-03-22 10:48:00+05:30,13.1,13.2,13.1,13.2,3613
PEARLPOLY,2016-03-23 10:29:00+05:30,13.2,13.8,12.6,12.6,3471
PEARLPOLY,2016-03-28 10:48:00+05:30,12.1,12.35,12.0,12.05,7396
PEARLPOLY,2016-03-29 13:02:00+05:30,12.0,12.0,12.0,12.0,1049
PEARLPOLY,2016-03-30 12:01:00+05:30,11.85,12.05,11.85,12.05,196
PEARLPOLY,2016-03-31 10:54:00+05:30,12.0,12.0,11.95,11.95,50
PEARLPOLY,2016-04-01 10:15:00+05:30,10.95,13.1,10.95,13.1,7569
PEARLPOLY,2016-04-04 10:11:00+05:30,13.0,14.35,12.2,13.5,233
PEARLPOLY,2016-04-05 09:31:00+05:30,13.5,13.5,12.4,12.4,307
PEARLPOLY,2016-04-06 12:14:00+05:30,12.25,13.5,12.25,13.5,12125
PEARLPOLY,2016-04-07 09:38:00+05:30,14.85,14.85,12.85,13.45,322
PEARLPOLY,2016-04-08 11:14:00+05:30,14.6,14.6,13.5,13.5,1517
PEARLPOLY,2016-04-11 09:27:00+05:30,12.2,14.5,12.2,14.5,475
PEARLPOLY,2016-04-12 11:54:00+05:30,13.25,14.0,13.25,14.0,1100
PEARLPOLY,2016-04-13 10:37:00+05:30,14.9,15.35,14.55,14.8,3234
PEARLPOLY,2016-04-18 11:45:00+05:30,14.95,16.25,14.95,16.25,3806
PEARLPOLY,2016-04-20 09:48:00+05:30,16.35,17.8,16.35,17.05,39309
PEARLPOLY,2016-04-21 09:32:00+05:30,16.3,17.25,16.3,16.5,7636
PEARLPOLY,2016-04-22 09:44:00+05:30,16.9,16.9,16.2,16.2,250
PEARLPOLY,2016-04-25 12:33:00+05:30,15.8,17.0,15.8,17.0,31897
PEARLPOLY,2016-04-26 09:32:00+05:30,16.15,16.95,16.15,16.75,1318
PEARLPOLY,2016-04-27 12:33:00+05:30,16.5,16.9,15.95,16.0,4397
PEARLPOLY,2016-04-28 10:57:00+05:30,15.25,16.0,15.25,16.0,569
PEARLPOLY,2016-04-29 12:40:00+05:30,15.95,15.95,15.55,15.6,152
PEARLPOLY,2016-05-02 11:03:00+05:30,15.0,16.15,15.0,15.35,3001
PEARLPOLY,2016-05-03 13:03:00+05:30,14.9,14.9,14.6,14.6,4685
PEARLPOLY,2016-05-04 09:28:00+05:30,13.9,14.2,13.9,14.2,324
PEARLPOLY,2016-05-05 10:05:00+05:30,14.7,14.7,13.7,14.4,1145
PEARLPOLY,2016-05-06 10:39:00+05:30,13.9,14.35,13.5,14.35,4770
PEARLPOLY,2016-05-09 10:23:00+05:30,14.35,15.75,13.2,15.5,8555
PEARLPOLY,2016-05-10 10:09:00+05:30,15.75,16.65,15.75,16.5,15675
PEARLPOLY,2016-05-11 09:40:00+05:30,15.05,17.6,15.05,17.0,14350
PEARLPOLY,2016-05-12 10:47:00+05:30,17.0,17.4,16.15,17.2,6453
PEARLPOLY,2016-05-13 09:51:00+05:30,15.65,17.05,15.65,16.95,4220
PEARLPOLY,2016-05-16 09:15:00+05:30,17.0,18.0,17.0,17.4,8811
PEARLPOLY,2016-05-17 10:50:00+05:30,17.55,17.55,17.15,17.2,8005
PEARLPOLY,2016-05-18 09:42:00+05:30,16.0,17.5,16.0,17.5,3385
PEARLPOLY,2016-05-19 09:50:00+05:30,15.85,17.5,15.85,16.5,87
PEARLPOLY,2016-05-20 10:38:00+05:30,16.5,17.5,16.5,16.85,2299
PEARLPOLY,2016-05-23 14:27:00+05:30,16.45,16.45,16.45,16.45,400
PEARLPOLY,2016-05-24 15:15:00+05:30,16.5,16.5,16.5,16.5,1000
PEARLPOLY,2016-05-25 10:04:00+05:30,15.05,17.75,15.05,17.5,3105
PEARLPOLY,2016-05-26 09:16:00+05:30,17.55,17.55,16.65,16.95,1760
PEARLPOLY,2016-05-27 09:31:00+05:30,17.5,17.5,16.05,16.7,2343
PEARLPOLY,2016-05-30 10:20:00+05:30,15.75,16.3,15.75,16.25,1266
PEARLPOLY,2016-05-31 12:16:00+05:30,17.45,17.45,17.3,17.3,2
PEARLPOLY,2016-06-01 12:36:00+05:30,15.9,16.8,15.9,16.1,828
PEARLPOLY,2016-06-02 13:16:00+05:30,16.15,16.15,15.6,16.1,7651
PEARLPOLY,2016-06-03 09:41:00+05:30,16.1,17.5,16.1,17.25,2926
PEARLPOLY,2016-06-06 09:17:00+05:30,16.0,17.5,15.0,16.2,201
PEARLPOLY,2016-06-07 14:19:00+05:30,17.45,17.45,16.25,16.45,800
PEARLPOLY,2016-06-08 12:37:00+05:30,16.45,17.5,16.45,17.5,3500
PEARLPOLY,2016-06-09 10:16:00+05:30,16.65,17.3,16.6,16.75,4691
PEARLPOLY,2016-06-10 09:43:00+05:30,17.4,17.5,16.9,17.5,4618
PEARLPOLY,2016-06-13 12:49:00+05:30,16.4,18.05,16.1,18.0,14002
PEARLPOLY,2016-06-14 13:04:00+05:30,17.8,18.0,17.15,17.75,7900
PEARLPOLY,2016-06-16 12:10:00+05:30,17.15,18.5,17.15,18.0,9101
PEARLPOLY,2016-06-17 09:17:00+05:30,18.5,18.5,18.0,18.0,13527
PEARLPOLY,2016-06-20 13:49:00+05:30,18.0,18.0,18.0,18.0,291
PEARLPOLY,2016-06-21 10:29:00+05:30,19.0,19.0,16.0,17.5,14934
PEARLPOLY,2016-06-22 11:45:00+05:30,17.5,18.75,17.5,18.5,1051
PEARLPOLY,2016-06-23 09:45:00+05:30,18.95,18.95,17.45,18.0,551
PEARLPOLY,2016-06-24 15:17:00+05:30,18.15,18.2,18.15,18.15,602
PEARLPOLY,2016-06-27 14:58:00+05:30,18.0,18.45,16.6,17.55,1504
PEARLPOLY,2016-06-28 11:06:00+05:30,18.45,18.5,17.5,18.5,4399
PEARLPOLY,2016-06-29 12:38:00+05:30,18.25,18.9,18.25,18.85,1909
PEARLPOLY,2016-06-30 09:55:00+05:30,18.5,18.5,18.0,18.0,1955
PEARLPOLY,2016-07-01 10:08:00+05:30,17.5,18.5,17.25,18.1,2806
PEARLPOLY,2016-07-04 12:06:00+05:30,18.5,18.5,18.1,18.5,5920
PEARLPOLY,2016-07-05 10:00:00+05:30,19.85,19.85,18.0,18.0,24150
PEARLPOLY,2016-07-07 11:36:00+05:30,17.4,18.35,16.2,17.0,88272
PEARLPOLY,2016-07-08 10:00:00+05:30,17.5,19.35,17.5,18.8,13682
PEARLPOLY,2016-07-11 09:34:00+05:30,20.35,21.9,19.05,21.0,70033
PEARLPOLY,2016-07-12 09:20:00+05:30,21.5,23.0,21.05,21.8,49046
PEARLPOLY,2016-07-13 09:28:00+05:30,21.8,21.95,19.0,20.55,24460
PEARLPOLY,2016-07-14 10:13:00+05:30,20.15,21.5,20.0,20.95,4411
PEARLPOLY,2016-07-15 09:30:00+05:30,20.5,21.7,19.35,20.05,18950
PEARLPOLY,2016-07-18 09:36:00+05:30,20.05,21.4,16.75,17.5,63873
PEARLPOLY,2016-07-19 09:15:00+05:30,18.0,18.8,17.5,18.05,7352
PEARLPOLY,2016-07-20 09:27:00+05:30,17.55,19.8,17.55,19.5,13780
PEARLPOLY,2016-07-21 09:51:00+05:30,19.45,20.0,18.45,18.55,2462
PEARLPOLY,2016-07-22 12:11:00+05:30,19.45,19.5,18.3,18.8,3452
PEARLPOLY,2016-07-25 09:15:00+05:30,22.45,22.55,21.35,22.55,111061
PEARLPOLY,2016-07-26 09:15:00+05:30,24.6,26.15,23.35,24.5,289760
PEARLPOLY,2016-07-27 09:15:00+05:30,24.1,25.9,22.4,24.15,112398
PEARLPOLY,2016-07-28 09:16:00+05:30,25.0,25.4,23.95,24.25,27812
PEARLPOLY,2016-07-29 09:28:00+05:30,24.85,24.9,23.35,23.8,16927
PEARLPOLY,2016-08-01 09:24:00+05:30,23.5,24.75,22.75,22.95,22292
PEARLPOLY,2016-08-02 09:17:00+05:30,23.6,24.35,22.35,22.95,10689
PEARLPOLY,2016-08-03 09:21:00+05:30,22.5,23.5,21.4,21.7,10653
PEARLPOLY,2016-08-04 09:18:00+05:30,23.15,23.15,20.5,21.2,11072
PEARLPOLY,2016-08-05 09:40:00+05:30,21.95,22.0,20.85,21.55,9249
PEARLPOLY,2016-08-08 09:18:00+05:30,21.0,25.85,21.0,25.1,61753
PEARLPOLY,2016-08-09 09:16:00+05:30,25.0,25.0,23.5,23.75,21502
PEARLPOLY,2016-08-10 09:20:00+05:30,23.3,23.9,22.2,22.85,7040
PEARLPOLY,2016-08-11 09:22:00+05:30,22.55,24.0,20.5,22.5,15716
PEARLPOLY,2016-08-12 09:15:00+05:30,20.75,20.8,18.0,18.95,130396
PEARLPOLY,2016-08-16 09:15:00+05:30,18.95,19.95,17.5,18.35,84020
PEARLPOLY,2016-08-17 09:17:00+05:30,17.65,19.25,17.65,18.3,8588
PEARLPOLY,2016-08-18 09:57:00+05:30,19.0,19.4,18.5,19.0,17729
PEARLPOLY,2016-08-19 09:36:00+05:30,19.1,20.0,19.1,19.3,4966
PEARLPOLY,2016-08-22 09:30:00+05:30,19.0,19.75,18.35,18.55,10600
PEARLPOLY,2016-08-23 10:00:00+05:30,19.0,19.35,18.0,18.75,17278
PEARLPOLY,2016-08-24 09:15:00+05:30,18.2,19.75,17.5,18.7,1008
PEARLPOLY,2016-08-25 10:18:00+05:30,18.3,19.0,18.3,18.5,6421
PEARLPOLY,2016-08-26 09:20:00+05:30,17.9,21.8,17.6,18.55,13590
PEARLPOLY,2016-08-29 10:28:00+05:30,18.55,19.0,17.85,17.95,5737
PEARLPOLY,2016-08-30 09:25:00+05:30,18.0,18.4,18.0,18.2,5479
PEARLPOLY,2016-08-31 09:42:00+05:30,18.0,18.8,17.9,18.35,4174
PEARLPOLY,2016-09-01 09:57:00+05:30,17.8,18.55,17.6,18.25,4955
PEARLPOLY,2016-09-02 09:46:00+05:30,18.0,18.85,18.0,18.1,5094
PEARLPOLY,2016-09-06 09:37:00+05:30,18.0,18.0,17.5,18.0,11301
PEARLPOLY,2016-09-07 09:35:00+05:30,18.0,18.25,18.0,18.05,10004
PEARLPOLY,2016-09-08 09:44:00+05:30,18.0,18.85,18.0,18.15,7211
PEARLPOLY,2016-09-09 10:14:00+05:30,18.2,18.25,18.0,18.2,4559
PEARLPOLY,2016-09-12 09:28:00+05:30,17.8,18.0,17.2,18.0,21509
PEARLPOLY,2016-09-14 09:16:00+05:30,18.0,18.0,17.55,17.75,24392
PEARLPOLY,2016-09-15 09:16:00+05:30,19.7,19.7,18.0,18.9,45463
PEARLPOLY,2016-09-16 09:22:00+05:30,19.45,19.45,18.6,19.0,36173
PEARLPOLY,2016-09-19 10:21:00+05:30,19.45,20.5,19.25,20.35,121320
PEARLPOLY,2016-09-20 09:16:00+05:30,22.0,22.0,19.0,19.9,35330
PEARLPOLY,2016-09-21 09:35:00+05:30,20.85,21.1,19.8,20.25,40635
PEARLPOLY,2016-09-22 09:20:00+05:30,20.0,21.4,20.0,21.1,25947
PEARLPOLY,2016-09-23 09:27:00+05:30,21.9,21.9,20.3,20.75,34509
PEARLPOLY,2016-09-26 09:20:00+05:30,21.5,21.5,19.4,20.3,17012
PEARLPOLY,2016-09-27 09:16:00+05:30,21.4,21.5,19.35,20.3,6739
PEARLPOLY,2016-09-28 09:27:00+05:30,19.4,21.05,19.4,20.55,5057
PEARLPOLY,2016-09-29 09:26:00+05:30,19.3,20.2,18.0,18.25,32134
PEARLPOLY,2016-09-30 09:17:00+05:30,18.0,19.25,17.5,18.75,16923
PEARLPOLY,2016-10-03 09:20:00+05:30,19.5,21.9,19.5,19.9,20093
PEARLPOLY,2016-10-04 09:18:00+05:30,20.9,20.9,20.0,20.35,10916
PEARLPOLY,2016-10-05 09:58:00+05:30,19.75,24.4,19.75,24.0,487106
PEARLPOLY,2016-10-06 09:15:00+05:30,23.9,23.9,20.55,21.75,155688
PEARLPOLY,2016-10-07 09:17:00+05:30,22.0,22.0,17.95,21.3,46790
PEARLPOLY,2016-10-10 09:25:00+05:30,21.0,21.8,19.9,20.55,35080
PEARLPOLY,2016-10-13 09:25:00+05:30,20.55,20.95,19.55,20.35,44038
PEARLPOLY,2016-10-14 09:39:00+05:30,20.95,21.1,20.4,20.7,31725
PEARLPOLY,2016-10-17 09:33:00+05:30,20.3,21.95,19.4,21.6,60286
PEARLPOLY,2016-10-18 09:36:00+05:30,21.2,22.95,21.1,22.2,30896
PEARLPOLY,2016-10-19 09:28:00+05:30,22.95,23.35,21.35,22.0,21605
PEARLPOLY,2016-10-20 09:17:00+05:30,21.3,23.75,21.2,22.0,55139
PEARLPOLY,2016-10-21 09:33:00+05:30,22.2,23.6,22.2,23.25,65547
PEARLPOLY,2016-10-24 09:20:00+05:30,23.4,27.9,22.25,26.8,449744
PEARLPOLY,2016-10-25 09:15:00+05:30,26.8,27.0,24.4,24.8,79335
PEARLPOLY,2016-10-26 09:15:00+05:30,24.95,29.75,24.95,29.45,617159
PEARLPOLY,2016-10-27 09:15:00+05:30,28.9,31.0,26.35,28.8,216873
PEARLPOLY,2016-10-28 09:16:00+05:30,29.3,29.3,26.55,28.25,30985
PEARLPOLY,2016-11-01 09:43:00+05:30,28.05,28.05,25.45,26.55,56659
PEARLPOLY,2016-11-02 09:19:00+05:30,25.35,26.5,24.7,25.55,25159
PEARLPOLY,2016-11-03 09:18:00+05:30,25.7,26.0,21.45,22.9,58423
PEARLPOLY,2016-11-04 09:16:00+05:30,22.9,24.35,21.3,23.4,97143
PEARLPOLY,2016-11-07 09:16:00+05:30,23.4,24.0,23.0,23.3,23245
PEARLPOLY,2016-11-08 09:15:00+05:30,23.0,23.9,21.25,21.95,191815
PEARLPOLY,2016-11-09 09:16:00+05:30,18.2,21.3,18.2,20.6,66106
PEARLPOLY,2016-11-10 09:16:00+05:30,22.0,22.0,19.65,20.05,49433
PEARLPOLY,2016-11-11 09:15:00+05:30,20.0,20.6,19.5,20.1,30117
PEARLPOLY,2016-11-15 09:19:00+05:30,19.6,19.95,18.0,18.75,28467
PEARLPOLY,2016-11-16 09:15:00+05:30,19.1,19.5,18.3,18.6,10998
PEARLPOLY,2016-11-17 09:29:00+05:30,17.65,19.1,17.65,18.3,2350
PEARLPOLY,2016-11-18 09:19:00+05:30,17.3,18.9,17.3,18.6,8977
PEARLPOLY,2016-11-21 10:00:00+05:30,18.85,18.85,17.5,17.95,28560
PEARLPOLY,2016-11-22 09:27:00+05:30,17.2,19.0,17.0,18.4,6445
PEARLPOLY,2016-11-23 12:17:00+05:30,18.9,19.4,18.35,19.1,3855
PEARLPOLY,2016-11-24 10:47:00+05:30,19.05,19.35,18.55,19.25,6867
PEARLPOLY,2016-11-25 10:16:00+05:30,19.05,22.7,18.1,20.25,149828
PEARLPOLY,2016-11-28 09:19:00+05:30,19.15,20.9,19.15,20.55,22000
PEARLPOLY,2016-11-29 10:13:00+05:30,21.1,23.4,21.0,21.95,107967
PEARLPOLY,2016-11-30 09:18:00+05:30,22.0,24.05,21.7,23.45,193014
PEARLPOLY,2016-12-01 09:15:00+05:30,24.7,25.4,23.5,23.85,71762
PEARLPOLY,2016-12-02 09:38:00+05:30,23.5,24.25,23.25,23.7,43721
PEARLPOLY,2016-12-05 09:16:00+05:30,23.5,24.6,23.05,23.8,29361
PEARLPOLY,2016-12-06 09:29:00+05:30,23.5,24.3,22.65,23.85,47840
PEARLPOLY,2016-12-07 09:17:00+05:30,23.1,24.25,22.2,23.4,15730
PEARLPOLY,2016-12-08 09:25:00+05:30,23.25,24.6,23.15,24.5,43941
PEARLPOLY,2016-12-09 09:18:00+05:30,24.9,24.95,23.0,24.15,45138
PEARLPOLY,2016-12-12 09:52:00+05:30,24.85,24.85,23.75,23.75,8253
PEARLPOLY,2016-12-13 10:01:00+05:30,23.75,24.8,23.75,24.1,32597
PEARLPOLY,2016-12-14 09:33:00+05:30,24.35,24.35,23.75,24.0,24508
PEARLPOLY,2016-12-15 09:32:00+05:30,23.95,24.0,23.1,23.55,8556
PEARLPOLY,2016-12-16 12:05:00+05:30,22.85,23.9,22.85,23.75,1492
PEARLPOLY,2016-12-19 10:26:00+05:30,23.55,24.1,23.45,23.6,9693
PEARLPOLY,2016-12-20 09:55:00+05:30,23.4,24.0,21.4,23.75,28961
PEARLPOLY,2016-12-21 09:18:00+05:30,23.0,23.7,23.0,23.3,6269
PEARLPOLY,2016-12-22 09:31:00+05:30,22.6,23.9,22.0,22.5,36072
PEARLPOLY,2016-12-23 09:20:00+05:30,21.3,23.45,21.3,22.8,16615
PEARLPOLY,2016-12-26 09:43:00+05:30,22.35,23.65,22.3,22.7,6721
PEARLPOLY,2016-12-27 09:18:00+05:30,22.45,23.35,22.0,22.85,9913
PEARLPOLY,2016-12-28 09:29:00+05:30,22.45,24.4,22.45,23.95,11345
PEARLPOLY,2016-12-29 09:42:00+05:30,23.1,24.4,23.1,23.9,5687
PEARLPOLY,2016-12-30 09:21:00+05:30,22.55,24.8,22.55,23.95,4789
PEARLPOLY,2017-01-02 09:15:00+05:30,24.65,24.65,21.75,23.9,25465
PEARLPOLY,2017-01-03 09:46:00+05:30,24.0,25.6,24.0,24.9,40462
PEARLPOLY,2017-01-04 09:18:00+05:30,25.65,26.0,24.3,25.3,23987
PEARLPOLY,2017-01-05 09:15:00+05:30,25.7,26.1,25.15,25.75,40847
PEARLPOLY,2017-01-06 09:40:00+05:30,25.9,27.0,23.4,25.05,29207
PEARLPOLY,2017-01-09 09:45:00+05:30,25.5,26.05,25.0,26.0,19315
PEARLPOLY,2017-01-10 09:30:00+05:30,26.85,26.85,25.5,25.5,9833
PEARLPOLY,2017-01-11 09:56:00+05:30,26.75,27.0,25.3,26.9,38871
PEARLPOLY,2017-01-12 09:17:00+05:30,26.9,27.25,25.8,27.0,13549
PEARLPOLY,2017-01-13 09:23:00+05:30,27.0,27.5,25.6,26.5,13731
PEARLPOLY,2017-01-16 10:35:00+05:30,26.9,26.95,26.0,26.0,4511
PEARLPOLY,2017-01-17 09:23:00+05:30,26.1,27.5,26.1,27.1,21169
PEARLPOLY,2017-01-18 09:36:00+05:30,26.75,27.75,26.7,27.45,35841
PEARLPOLY,2017-01-19 09:54:00+05:30,27.5,27.9,26.5,26.65,26303
PEARLPOLY,2017-01-20 09:28:00+05:30,27.0,27.25,26.2,26.25,11129
PEARLPOLY,2017-01-23 09:30:00+05:30,26.5,27.5,26.5,26.5,8801
PEARLPOLY,2017-01-24 09:24:00+05:30,26.8,27.0,26.0,27.0,27313
PEARLPOLY,2017-01-25 10:06:00+05:30,27.2,27.2,27.0,27.0,15900
PEARLPOLY,2017-01-27 09:25:00+05:30,26.3,27.45,25.7,26.95,10694
PEARLPOLY,2017-01-30 09:32:00+05:30,26.6,27.0,26.35,26.65,15598
PEARLPOLY,2017-01-31 09:33:00+05:30,26.3,27.15,25.5,26.55,17208
PEARLPOLY,2017-02-01 10:13:00+05:30,26.75,27.25,24.6,27.15,9798
PEARLPOLY,2017-02-02 09:22:00+05:30,27.25,27.5,25.75,26.25,9389
PEARLPOLY,2017-02-03 09:39:00+05:30,26.5,27.3,26.0,26.95,18460
PEARLPOLY,2017-02-06 10:19:00+05:30,26.35,27.5,26.2,27.0,18890
PEARLPOLY,2017-02-07 09:29:00+05:30,26.55,27.7,25.65,26.35,16483
PEARLPOLY,2017-02-08 10:03:00+05:30,26.5,27.0,26.5,27.0,10607
PEARLPOLY,2017-02-09 09:28:00+05:30,27.25,27.3,26.3,26.3,12358
PEARLPOLY,2017-02-10 09:17:00+05:30,27.5,27.5,26.15,26.5,37717
PEARLPOLY,2017-02-13 10:40:00+05:30,27.0,27.0,26.1,26.85,6365
PEARLPOLY,2017-02-14 09:54:00+05:30,26.95,29.45,26.3,26.9,116087
PEARLPOLY,2017-02-15 09:23:00+05:30,26.4,27.7,25.8,26.05,14907
PEARLPOLY,2017-02-16 09:15:00+05:30,26.5,27.75,26.5,26.95,30906
PEARLPOLY,2017-02-17 09:15:00+05:30,27.3,27.9,26.75,27.55,51845
PEARLPOLY,2017-02-20 09:43:00+05:30,28.25,31.15,27.6,30.45,198824
PEARLPOLY,2017-02-21 09:15:00+05:30,31.45,34.5,29.6,33.5,613281
PEARLPOLY,2017-02-22 09:15:00+05:30,34.25,35.0,32.05,32.35,137872
PEARLPOLY,2017-02-23 09:15:00+05:30,32.5,36.0,31.5,34.8,310387
PEARLPOLY,2017-02-27 09:15:00+05:30,37.0,40.25,36.25,39.05,767469
PEARLPOLY,2017-02-28 09:15:00+05:30,39.0,39.4,37.55,37.9,125993
PEARLPOLY,2017-03-01 09:15:00+05:30,38.2,39.35,35.2,38.35,149174
PEARLPOLY,2017-03-02 09:15:00+05:30,36.7,38.9,35.25,35.4,77069
PEARLPOLY,2017-03-03 09:15:00+05:30,35.5,36.45,33.05,33.75,81009
PEARLPOLY,2017-03-06 09:15:00+05:30,33.7,36.75,33.0,35.9,116290
PEARLPOLY,2017-03-07 09:18:00+05:30,34.3,36.0,34.3,35.1,29084
PEARLPOLY,2017-03-08 09:38:00+05:30,35.4,36.0,33.75,34.95,24084
PEARLPOLY,2017-03-09 09:54:00+05:30,34.4,35.6,34.0,34.0,17185
PEARLPOLY,2017-03-10 09:42:00+05:30,35.0,35.0,33.4,33.6,36736
PEARLPOLY,2017-03-14 09:44:00+05:30,34.0,34.95,33.0,33.05,15621
PEARLPOLY,2017-03-15 09:16:00+05:30,32.25,33.85,32.25,32.6,2864
PEARLPOLY,2017-03-16 09:41:00+05:30,33.0,33.65,31.0,33.0,15809
PEARLPOLY,2017-03-17 09:24:00+05:30,33.5,34.0,33.0,33.3,14647
PEARLPOLY,2017-03-20 09:21:00+05:30,33.3,33.95,32.5,33.0,6262
PEARLPOLY,2017-03-21 09:33:00+05:30,32.8,33.5,32.5,32.5,5937
PEARLPOLY,2017-03-22 09:18:00+05:30,31.0,33.35,31.0,32.5,16672
PEARLPOLY,2017-03-23 09:19:00+05:30,31.05,33.0,31.05,32.5,2863
PEARLPOLY,2017-03-24 09:16:00+05:30,30.9,33.0,30.9,32.9,7538
PEARLPOLY,2017-03-27 09:34:00+05:30,32.9,33.0,31.6,32.55,20260
PEARLPOLY,2017-03-28 09:38:00+05:30,32.8,33.8,31.9,32.2,7815
PEARLPOLY,2017-03-29 09:28:00+05:30,32.5,33.5,32.2,32.85,6771
PEARLPOLY,2017-03-30 10:30:00+05:30,32.55,33.5,32.5,33.45,3105
PEARLPOLY,2017-03-31 09:36:00+05:30,34.4,35.1,34.0,35.0,75487
PEARLPOLY,2017-04-03 09:17:00+05:30,36.75,36.75,36.75,36.75,30830
PEARLPOLY,2017-04-05 09:15:00+05:30,38.35,38.55,36.85,38.3,83811
PEARLPOLY,2017-04-06 09:18:00+05:30,38.75,40.2,36.5,39.35,52903
PEARLPOLY,2017-04-07 09:32:00+05:30,37.4,39.95,37.4,37.5,16102
PEARLPOLY,2017-04-10 09:15:00+05:30,39.2,39.35,36.1,38.05,28258
PEARLPOLY,2017-04-11 09:24:00+05:30,38.5,39.2,37.05,37.2,9005
PEARLPOLY,2017-04-12 09:36:00+05:30,38.4,39.05,37.0,37.9,24458
PEARLPOLY,2017-04-13 09:35:00+05:30,36.1,38.0,36.1,38.0,5660
PEARLPOLY,2017-04-17 09:31:00+05:30,38.85,38.95,37.0,37.4,7297
PEARLPOLY,2017-04-18 09:15:00+05:30,39.0,39.0,37.0,37.0,11184
PEARLPOLY,2017-04-19 09:39:00+05:30,35.5,37.85,35.5,37.0,2788
PEARLPOLY,2017-04-20 09:26:00+05:30,36.15,38.0,36.0,37.95,9758
PEARLPOLY,2017-04-21 09:15:00+05:30,38.0,38.5,36.5,37.0,7001
PEARLPOLY,2017-04-24 09:20:00+05:30,37.2,38.7,36.15,37.05,22621
PEARLPOLY,2017-04-25 09:28:00+05:30,37.9,38.9,36.2,37.95,24105
PEARLPOLY,2017-04-26 09:17:00+05:30,39.35,39.8,38.0,39.7,68481
PEARLPOLY,2017-04-27 09:16:00+05:30,39.5,41.5,37.75,38.15,21076
PEARLPOLY,2017-04-28 09:26:00+05:30,39.75,39.8,37.0,37.4,11572
PEARLPOLY,2017-05-02 09:37:00+05:30,38.0,38.0,36.05,37.05,19127
PEARLPOLY,2017-05-03 09:34:00+05:30,37.0,37.0,36.0,36.1,6310
PEARLPOLY,2017-05-04 09:43:00+05:30,36.2,37.9,36.2,36.75,4137
PEARLPOLY,2017-05-05 09:20:00+05:30,36.2,36.9,35.55,36.0,7735
PEARLPOLY,2017-05-08 09:26:00+05:30,34.6,36.0,34.5,34.5,13258
PEARLPOLY,2017-05-09 09:43:00+05:30,34.5,36.2,34.3,36.2,2205
PEARLPOLY,2017-05-10 09:20:00+05:30,38.0,38.0,38.0,38.0,16964
PEARLPOLY,2017-05-11 09:17:00+05:30,36.65,39.9,36.65,38.75,21522
PEARLPOLY,2017-05-12 09:48:00+05:30,38.0,38.5,37.25,37.25,4100
PEARLPOLY,2017-05-15 09:19:00+05:30,37.0,37.0,36.0,36.05,14844
PEARLPOLY,2017-05-16 09:15:00+05:30,36.5,37.25,35.05,35.5,7681
PEARLPOLY,2017-05-17 09:35:00+05:30,34.25,36.1,34.25,34.55,1236
PEARLPOLY,2017-05-18 09:40:00+05:30,33.4,35.2,32.85,33.05,13381
PEARLPOLY,2017-05-19 09:21:00+05:30,33.65,34.7,32.5,34.7,5288
PEARLPOLY,2017-05-22 10:15:00+05:30,34.8,36.0,34.8,35.0,3156
PEARLPOLY,2017-05-23 10:10:00+05:30,33.3,34.65,33.25,34.15,1763
PEARLPOLY,2017-05-24 09:43:00+05:30,33.0,35.85,33.0,33.85,5084
PEARLPOLY,2017-05-25 09:15:00+05:30,32.2,34.0,32.2,33.0,4799
PEARLPOLY,2017-05-26 10:50:00+05:30,34.65,34.65,34.65,34.65,1235
PEARLPOLY,2017-05-29 10:28:00+05:30,35.4,35.6,33.5,34.45,1609
PEARLPOLY,2017-05-30 10:12:00+05:30,32.85,35.55,32.85,35.0,4894
PEARLPOLY,2017-05-31 09:27:00+05:30,33.5,34.9,33.25,33.4,11235
PEARLPOLY,2017-06-01 09:24:00+05:30,34.5,34.5,32.5,32.7,8689
PEARLPOLY,2017-06-02 09:45:00+05:30,32.8,34.3,32.8,33.25,10904
PEARLPOLY,2017-06-05 10:10:00+05:30,34.5,34.5,32.55,33.15,1787
PEARLPOLY,2017-06-06 09:20:00+05:30,32.2,34.8,32.2,33.15,17629
PEARLPOLY,2017-06-07 09:18:00+05:30,33.0,34.4,32.85,32.85,13909
PEARLPOLY,2017-06-08 09:29:00+05:30,32.0,34.5,32.0,32.5,10298
PEARLPOLY,2017-06-09 12:09:00+05:30,32.65,33.0,32.3,32.3,1459
PEARLPOLY,2017-06-12 09:15:00+05:30,33.0,33.4,30.75,32.95,3422
PEARLPOLY,2017-06-13 09:37:00+05:30,32.8,33.35,32.05,32.7,7307
PEARLPOLY,2017-06-14 09:40:00+05:30,32.4,33.4,31.75,33.0,10111
PEARLPOLY,2017-06-15 09:22:00+05:30,33.0,33.0,32.1,32.4,3355
PEARLPOLY,2017-06-16 09:28:00+05:30,33.0,33.0,31.55,32.1,6781
PEARLPOLY,2017-06-19 09:28:00+05:30,32.7,32.85,30.5,31.7,40596
PEARLPOLY,2017-06-20 09:31:00+05:30,32.5,33.45,31.25,32.35,6269
PEARLPOLY,2017-06-21 10:03:00+05:30,32.7,32.7,31.8,32.0,3820
PEARLPOLY,2017-06-22 09:30:00+05:30,33.85,34.6,31.9,33.45,25454
PEARLPOLY,2017-06-23 09:22:00+05:30,34.2,34.2,30.65,31.55,8852
PEARLPOLY,2017-06-27 09:36:00+05:30,30.75,32.9,30.5,31.85,4118
PEARLPOLY,2017-06-28 09:30:00+05:30,30.55,32.0,30.55,31.5,1244
PEARLPOLY,2017-06-29 09:31:00+05:30,32.3,32.3,30.55,31.35,9437
PEARLPOLY,2017-06-30 11:20:00+05:30,31.7,31.7,31.0,31.2,1877
PEARLPOLY,2017-07-03 09:46:00+05:30,33.0,34.3,32.25,33.15,17913
PEARLPOLY,2017-07-04 09:18:00+05:30,31.8,36.45,31.8,36.45,37484
PEARLPOLY,2017-07-05 09:15:00+05:30,37.0,40.05,37.0,40.05,61309
PEARLPOLY,2017-07-06 09:15:00+05:30,41.0,42.05,41.0,42.05,18004
PEARLPOLY,2017-07-07 09:15:00+05:30,43.0,44.15,40.6,44.15,101083
PEARLPOLY,2017-07-10 12:35:00+05:30,44.15,46.35,44.15,46.35,16202
PEARLPOLY,2017-07-11 09:15:00+05:30,47.6,48.65,44.05,44.45,111353
PEARLPOLY,2017-07-12 09:18:00+05:30,46.2,46.2,42.25,44.25,47682
PEARLPOLY,2017-07-13 09:19:00+05:30,44.2,44.4,42.05,42.6,32008
PEARLPOLY,2017-07-14 09:16:00+05:30,41.25,42.9,40.6,42.1,18793
PEARLPOLY,2017-07-17 09:20:00+05:30,40.35,43.85,40.3,40.95,6169
PEARLPOLY,2017-07-18 09:33:00+05:30,39.0,41.4,38.95,38.95,14309
PEARLPOLY,2017-07-19 09:16:00+05:30,39.0,39.0,37.05,37.85,31002
PEARLPOLY,2017-07-20 09:25:00+05:30,39.7,39.7,36.15,39.7,11762
PEARLPOLY,2017-07-21 09:19:00+05:30,37.75,41.35,37.75,39.75,6339
PEARLPOLY,2017-07-24 09:27:00+05:30,40.0,41.0,37.9,39.0,6411
PEARLPOLY,2017-07-25 09:20:00+05:30,37.75,40.75,37.75,38.6,2251
PEARLPOLY,2017-07-26 09:43:00+05:30,38.8,39.0,37.75,38.75,3755
PEARLPOLY,2017-07-27 09:34:00+05:30,37.5,39.0,37.5,37.5,1818
PEARLPOLY,2017-07-28 10:05:00+05:30,37.25,37.9,36.0,37.0,7104
PEARLPOLY,2017-07-31 12:14:00+05:30,36.7,36.7,36.5,36.5,1058
PEARLPOLY,2017-08-01 09:47:00+05:30,36.5,37.5,34.7,37.35,6556
PEARLPOLY,2017-08-02 11:08:00+05:30,35.6,37.7,35.55,35.95,1783
PEARLPOLY,2017-08-03 10:34:00+05:30,36.0,37.55,34.2,34.5,3742
PEARLPOLY,2017-08-04 09:16:00+05:30,34.5,36.2,32.8,35.15,7802
PEARLPOLY,2017-08-07 09:18:00+05:30,34.0,35.2,33.4,35.2,6803
PEARLPOLY,2017-08-08 10:44:00+05:30,34.2,34.2,33.45,33.45,1712
PEARLPOLY,2017-08-09 09:24:00+05:30,33.0,33.7,31.8,32.25,6359
PEARLPOLY,2017-08-10 09:36:00+05:30,31.0,32.95,30.8,31.2,4973
PEARLPOLY,2017-08-11 09:24:00+05:30,31.0,32.4,29.65,30.45,6236
PEARLPOLY,2017-08-14 09:20:00+05:30,30.6,31.95,30.0,31.8,7829
PEARLPOLY,2017-08-16 09:37:00+05:30,30.5,33.35,30.25,33.35,1061
PEARLPOLY,2017-08-17 09:20:00+05:30,33.0,35.0,33.0,35.0,2157
PEARLPOLY,2017-08-18 13:32:00+05:30,36.75,36.75,35.55,35.55,2600
PEARLPOLY,2017-08-21 09:21:00+05:30,36.0,37.0,34.1,35.2,2202
PEARLPOLY,2017-08-22 09:19:00+05:30,34.25,36.4,33.55,33.55,3317
PEARLPOLY,2017-08-23 09:22:00+05:30,35.0,35.2,34.3,35.15,3820
PEARLPOLY,2017-08-24 09:58:00+05:30,35.05,36.75,33.65,35.05,4366
PEARLPOLY,2017-08-28 10:37:00+05:30,36.05,36.05,33.5,33.7,1741
PEARLPOLY,2017-08-29 09:56:00+05:30,33.5,35.35,32.25,34.25,23457
PEARLPOLY,2017-08-30 11:30:00+05:30,34.25,34.45,32.65,33.4,7761
PEARLPOLY,2017-08-31 09:21:00+05:30,33.0,34.25,32.5,32.65,4915
PEARLPOLY,2017-09-01 09:29:00+05:30,32.95,34.25,32.95,34.25,5475
PEARLPOLY,2017-09-04 09:34:00+05:30,35.3,35.35,33.1,34.0,3598
PEARLPOLY,2017-09-05 10:05:00+05:30,34.0,34.9,33.05,34.15,3014
PEARLPOLY,2017-09-06 09:57:00+05:30,34.8,34.8,33.25,33.95,3384
PEARLPOLY,2017-09-07 09:54:00+05:30,33.6,34.0,33.3,34.0,7308
PEARLPOLY,2017-09-08 09:37:00+05:30,34.5,35.4,32.3,33.85,19825
PEARLPOLY,2017-09-11 09:43:00+05:30,35.5,35.5,32.55,33.2,22193
PEARLPOLY,2017-09-12 09:19:00+05:30,32.55,34.85,32.55,34.35,6343
PEARLPOLY,2017-09-13 09:21:00+05:30,34.1,35.7,34.0,34.85,28132
PEARLPOLY,2017-09-14 09:16:00+05:30,36.45,36.45,34.05,35.5,11142
PEARLPOLY,2017-09-15 09:24:00+05:30,34.55,37.2,33.75,35.05,34498
PEARLPOLY,2017-09-18 09:39:00+05:30,35.5,36.8,35.25,36.35,30732
PEARLPOLY,2017-09-19 09:15:00+05:30,36.7,37.8,36.35,36.95,13475
PEARLPOLY,2017-09-20 09:26:00+05:30,37.65,37.65,35.2,36.65,10640
PEARLPOLY,2017-09-21 09:19:00+05:30,35.2,38.45,35.2,38.45,23916
PEARLPOLY,2017-09-22 09:15:00+05:30,38.8,38.8,36.55,36.55,2452
PEARLPOLY,2017-09-25 09:18:00+05:30,35.05,35.35,34.75,35.0,8755
PEARLPOLY,2017-09-26 09:16:00+05:30,35.0,35.0,33.65,34.0,2468
PEARLPOLY,2017-09-27 09:23:00+05:30,33.5,33.9,32.3,32.55,2083
PEARLPOLY,2017-09-28 09:25:00+05:30,32.7,32.7,32.5,32.6,681
PEARLPOLY,2017-09-29 10:48:00+05:30,33.0,33.0,32.0,32.0,1766
PEARLPOLY,2017-10-03 10:19:00+05:30,32.1,33.6,32.0,33.6,4185
PEARLPOLY,2017-10-04 09:23:00+05:30,34.95,35.25,33.25,35.0,17075
PEARLPOLY,2017-10-05 09:19:00+05:30,35.0,36.6,33.85,35.05,4896
PEARLPOLY,2017-10-06 09:26:00+05:30,33.8,36.8,33.8,35.65,16320
PEARLPOLY,2017-10-09 09:15:00+05:30,37.0,38.8,35.0,36.85,18913
PEARLPOLY,2017-10-10 09:49:00+05:30,38.0,39.0,36.75,38.05,21920
PEARLPOLY,2017-10-11 10:22:00+05:30,37.75,38.45,37.4,37.85,2628
PEARLPOLY,2017-10-12 10:26:00+05:30,36.5,38.0,36.5,37.55,3844
PEARLPOLY,2017-10-13 09:43:00+05:30,37.0,37.95,34.2,36.55,13501
PEARLPOLY,2017-10-16 09:38:00+05:30,35.1,38.0,35.1,37.1,2943
PEARLPOLY,2017-10-17 09:32:00+05:30,35.7,40.8,35.7,40.4,84152
PEARLPOLY,2017-10-18 09:15:00+05:30,38.0,42.95,38.0,41.0,59865
PEARLPOLY,2017-10-23 09:23:00+05:30,39.0,41.9,39.0,40.35,1942
PEARLPOLY,2017-10-24 09:21:00+05:30,39.15,41.75,39.15,40.2,20821
PEARLPOLY,2017-10-25 09:22:00+05:30,40.0,42.5,40.0,42.1,13964
PEARLPOLY,2017-10-26 09:34:00+05:30,40.1,41.0,38.35,38.7,14928
PEARLPOLY,2017-10-27 09:15:00+05:30,37.7,40.0,35.1,38.95,9716
PEARLPOLY,2017-10-30 09:18:00+05:30,39.0,40.0,38.6,39.3,8025
PEARLPOLY,2017-10-31 09:32:00+05:30,39.0,39.8,37.5,39.6,2666
PEARLPOLY,2017-11-01 09:51:00+05:30,39.95,40.0,38.2,39.9,4245
PEARLPOLY,2017-11-02 09:33:00+05:30,38.65,40.0,38.0,38.5,7574
PEARLPOLY,2017-11-03 10:00:00+05:30,38.5,39.0,36.7,38.4,10369
PEARLPOLY,2017-11-06 09:35:00+05:30,38.3,40.0,37.0,37.7,8960
PEARLPOLY,2017-11-07 09:47:00+05:30,37.1,37.2,36.6,36.75,5551
PEARLPOLY,2017-11-08 09:25:00+05:30,36.0,38.0,36.0,37.8,2396
PEARLPOLY,2017-11-09 10:36:00+05:30,37.0,38.0,36.5,36.9,1818
PEARLPOLY,2017-11-10 09:40:00+05:30,36.6,37.95,36.0,37.05,4985
PEARLPOLY,2017-11-13 09:27:00+05:30,39.45,39.45,36.2,38.0,1254
PEARLPOLY,2017-11-14 09:19:00+05:30,36.25,38.95,36.25,37.1,4160
PEARLPOLY,2017-11-15 09:37:00+05:30,36.05,38.65,35.0,37.0,19873
PEARLPOLY,2017-11-16 09:15:00+05:30,38.85,38.85,36.05,37.4,7709
PEARLPOLY,2017-11-17 10:58:00+05:30,36.0,37.5,36.0,36.75,1050
PEARLPOLY,2017-11-20 12:17:00+05:30,37.95,39.0,37.95,38.65,676
PEARLPOLY,2017-11-21 09:41:00+05:30,36.35,40.1,36.35,39.7,8670
PEARLPOLY,2017-11-22 09:15:00+05:30,39.0,40.8,36.55,38.75,11527
PEARLPOLY,2017-11-23 09:18:00+05:30,39.0,41.0,38.2,39.15,9512
PEARLPOLY,2017-11-24 09:45:00+05:30,39.85,40.0,38.75,39.5,1022
PEARLPOLY,2017-11-27 09:17:00+05:30,39.2,41.45,37.5,40.0,3787
PEARLPOLY,2017-11-28 09:53:00+05:30,39.15,40.6,37.0,37.65,30061
PEARLPOLY,2017-11-29 09:44:00+05:30,38.65,38.7,37.05,37.4,4335
PEARLPOLY,2017-11-30 09:38:00+05:30,38.0,38.4,36.35,36.7,1578
PEARLPOLY,2017-12-01 09:55:00+05:30,36.7,38.45,36.7,37.25,6175
PEARLPOLY,2017-12-04 09:28:00+05:30,36.7,38.5,34.3,36.15,13720
PEARLPOLY,2017-12-05 09:15:00+05:30,37.75,38.45,35.35,37.1,1694
PEARLPOLY,2017-12-06 09:23:00+05:30,38.4,38.5,37.0,37.0,1078
PEARLPOLY,2017-12-07 09:17:00+05:30,38.0,38.0,34.85,35.9,10508
PEARLPOLY,2017-12-08 09:15:00+05:30,37.3,37.8,35.0,35.35,21266
PEARLPOLY,2017-12-11 09:38:00+05:30,34.1,35.9,34.1,35.55,9376
PEARLPOLY,2017-12-12 09:15:00+05:30,37.9,37.9,34.35,35.3,2285
PEARLPOLY,2017-12-13 09:30:00+05:30,36.6,36.8,34.0,34.55,8342
PEARLPOLY,2017-12-14 09:18:00+05:30,34.45,34.45,33.3,33.3,8396
PEARLPOLY,2017-12-15 09:45:00+05:30,33.75,34.5,29.8,32.4,26484
PEARLPOLY,2017-12-18 09:16:00+05:30,32.5,37.5,31.1,35.3,27149
PEARLPOLY,2017-12-19 09:15:00+05:30,36.0,37.1,34.0,36.95,24328
PEARLPOLY,2017-12-20 09:16:00+05:30,37.0,37.0,35.3,35.45,1847
PEARLPOLY,2017-12-21 10:02:00+05:30,36.0,36.9,35.3,35.45,5401
PEARLPOLY,2017-12-22 09:33:00+05:30,36.3,36.45,34.15,34.8,5142
PEARLPOLY,2017-12-26 09:15:00+05:30,33.25,38.0,33.25,35.25,13242
PEARLPOLY,2017-12-27 09:20:00+05:30,35.5,36.5,34.6,34.6,13383
PEARLPOLY,2017-12-28 10:13:00+05:30,35.7,35.7,32.1,33.2,79787
PEARLPOLY,2017-12-29 09:31:00+05:30,33.95,34.85,33.15,33.9,12138
PEARLPOLY,2018-01-01 09:16:00+05:30,34.05,40.25,33.5,37.15,124844
PEARLPOLY,2018-01-02 09:18:00+05:30,36.75,39.0,36.0,36.85,74202
PEARLPOLY,2018-01-03 09:29:00+05:30,36.75,42.4,36.35,38.4,191680
PEARLPOLY,2018-01-04 09:18:00+05:30,38.7,44.8,36.0,39.35,235261
PEARLPOLY,2018-01-05 09:15:00+05:30,40.0,41.75,38.25,38.55,45353
PEARLPOLY,2018-01-08 09:15:00+05:30,41.45,46.25,36.7,46.25,428969
PEARLPOLY,2018-01-09 09:15:00+05:30,49.5,53.7,47.2,50.55,751918
PEARLPOLY,2018-01-10 09:15:00+05:30,49.15,51.0,46.4,47.95,195510
PEARLPOLY,2018-01-11 09:15:00+05:30,46.4,50.2,46.4,47.6,76086
PEARLPOLY,2018-01-12 09:15:00+05:30,49.8,49.8,42.7,44.45,170337
PEARLPOLY,2018-01-15 09:17:00+05:30,44.95,50.25,42.25,47.4,266437
PEARLPOLY,2018-01-16 09:15:00+05:30,48.35,48.35,43.05,44.2,60112
PEARLPOLY,2018-01-17 09:15:00+05:30,43.05,44.0,42.1,42.55,52651
PEARLPOLY,2018-01-18 09:17:00+05:30,43.0,43.0,40.45,41.05,18407
PEARLPOLY,2018-01-19 09:18:00+05:30,39.0,39.95,39.0,39.0,13543
PEARLPOLY,2018-01-22 09:20:00+05:30,38.5,39.0,37.15,37.6,16169
PEARLPOLY,2018-01-23 09:25:00+05:30,37.15,39.35,36.0,36.85,21252
PEARLPOLY,2018-01-24 09:16:00+05:30,38.6,38.6,35.55,36.2,18478
PEARLPOLY,2018-01-25 09:15:00+05:30,35.1,36.95,35.05,36.25,3255
PEARLPOLY,2018-01-29 09:19:00+05:30,36.5,36.7,35.0,36.1,11063
PEARLPOLY,2018-01-30 09:22:00+05:30,36.1,36.45,34.5,35.15,6385
PEARLPOLY,2018-01-31 09:28:00+05:30,34.3,36.0,34.25,34.75,5378
PEARLPOLY,2018-02-01 09:27:00+05:30,35.5,36.45,34.4,36.0,5267
PEARLPOLY,2018-02-02 09:28:00+05:30,34.4,35.55,34.2,34.2,8278
PEARLPOLY,2018-02-05 09:20:00+05:30,33.0,33.1,32.5,32.5,8063
PEARLPOLY,2018-02-06 09:15:00+05:30,30.9,32.0,30.9,31.6,9818
PEARLPOLY,2018-02-07 09:17:00+05:30,32.55,33.0,30.05,30.15,19925
PEARLPOLY,2018-02-08 09:30:00+05:30,30.0,31.65,29.25,29.9,32784
PEARLPOLY,2018-02-09 09:15:00+05:30,28.6,31.35,28.55,31.25,11776
PEARLPOLY,2018-02-12 09:24:00+05:30,31.25,32.75,31.0,32.3,15492
PEARLPOLY,2018-02-14 09:15:00+05:30,32.5,33.0,31.5,32.1,21075
PEARLPOLY,2018-02-15 09:15:00+05:30,32.85,32.95,31.55,32.5,12419
PEARLPOLY,2018-02-16 10:21:00+05:30,32.0,32.1,31.0,31.95,10706
PEARLPOLY,2018-02-19 11:19:00+05:30,31.1,31.8,30.4,30.75,11750
PEARLPOLY,2018-02-20 09:17:00+05:30,30.4,31.35,29.85,30.0,5480
PEARLPOLY,2018-02-21 09:44:00+05:30,30.0,30.4,28.8,28.95,10418
PEARLPOLY,2018-02-22 09:15:00+05:30,29.65,30.35,28.0,30.35,13646
PEARLPOLY,2018-02-23 09:15:00+05:30,31.75,31.75,29.7,31.0,15879
PEARLPOLY,2018-02-26 09:15:00+05:30,32.55,32.55,29.5,30.05,7352
PEARLPOLY,2018-02-27 09:20:00+05:30,29.55,31.45,29.55,29.9,2425
PEARLPOLY,2018-02-28 09:19:00+05:30,29.7,31.35,28.6,29.1,5329
PEARLPOLY,2018-03-01 09:39:00+05:30,30.5,30.55,28.25,30.2,1269
PEARLPOLY,2018-03-05 11:22:00+05:30,30.35,30.4,28.9,29.5,936
PEARLPOLY,2018-03-06 09:20:00+05:30,28.1,29.85,28.05,28.55,6498
PEARLPOLY,2018-03-07 09:17:00+05:30,28.55,29.95,27.5,27.7,5350
PEARLPOLY,2018-03-08 11:55:00+05:30,27.7,28.9,26.8,27.9,9913
PEARLPOLY,2018-03-09 10:01:00+05:30,27.35,27.8,26.55,26.6,2317
PEARLPOLY,2018-03-12 09:25:00+05:30,27.5,27.5,25.3,25.4,13320
PEARLPOLY,2018-03-13 09:43:00+05:30,26.5,26.5,24.6,25.35,43634
PEARLPOLY,2018-03-14 10:21:00+05:30,25.5,26.0,24.1,25.0,2016
PEARLPOLY,2018-03-15 09:22:00+05:30,26.25,26.25,24.0,25.55,41169
PEARLPOLY,2018-03-16 09:20:00+05:30,26.8,26.8,25.05,25.2,8294
PEARLPOLY,2018-03-19 09:18:00+05:30,25.0,26.15,24.2,24.5,5671
PEARLPOLY,2018-03-20 09:34:00+05:30,24.1,24.95,23.3,23.45,7217
PEARLPOLY,2018-03-21 09:15:00+05:30,22.35,24.6,22.3,22.45,27791
PEARLPOLY,2018-03-22 09:29:00+05:30,22.5,22.5,21.35,22.0,34753
PEARLPOLY,2018-03-23 09:36:00+05:30,21.75,22.2,20.9,22.2,2291
PEARLPOLY,2018-03-26 09:15:00+05:30,21.1,23.3,21.1,23.3,22838
PEARLPOLY,2018-03-27 09:20:00+05:30,23.6,24.45,23.0,24.45,2763
PEARLPOLY,2018-03-28 09:28:00+05:30,25.6,25.65,23.25,23.55,13739
PEARLPOLY,2018-04-02 09:20:00+05:30,23.0,24.5,23.0,23.85,287
PEARLPOLY,2018-04-03 10:08:00+05:30,24.0,25.0,24.0,24.65,1786
PEARLPOLY,2018-04-04 09:23:00+05:30,23.6,25.5,23.45,24.65,5291
PEARLPOLY,2018-04-05 09:31:00+05:30,23.55,25.35,23.5,24.5,2294
PEARLPOLY,2018-04-06 09:36:00+05:30,24.5,24.7,23.3,23.75,4737
PEARLPOLY,2018-04-09 09:32:00+05:30,23.3,24.9,23.3,23.55,2749
PEARLPOLY,2018-04-10 09:18:00+05:30,23.3,24.45,23.3,23.55,4394
PEARLPOLY,2018-04-11 09:28:00+05:30,24.5,24.7,22.55,24.55,2634
PEARLPOLY,2018-04-12 09:16:00+05:30,23.5,24.95,23.5,23.9,505
PEARLPOLY,2018-04-13 09:33:00+05:30,23.9,23.9,22.75,23.0,5303
PEARLPOLY,2018-04-16 09:28:00+05:30,23.0,24.0,22.15,23.9,5271
PEARLPOLY,2018-04-17 09:50:00+05:30,24.45,24.45,22.75,23.85,339
PEARLPOLY,2018-04-18 09:49:00+05:30,22.7,24.65,22.7,23.35,2155
PEARLPOLY,2018-04-19 09:17:00+05:30,22.35,24.25,22.35,23.0,4883
PEARLPOLY,2018-04-20 09:19:00+05:30,21.9,23.95,21.9,22.1,2215
PEARLPOLY,2018-04-23 09:40:00+05:30,22.15,23.2,21.15,23.2,5859
PEARLPOLY,2018-04-24 09:34:00+05:30,22.6,23.45,22.05,22.6,2041
PEARLPOLY,2018-04-25 09:25:00+05:30,22.0,23.6,22.0,23.5,72945
PEARLPOLY,2018-04-26 09:31:00+05:30,22.6,23.85,22.6,23.0,1794
PEARLPOLY,2018-04-27 10:30:00+05:30,23.75,23.75,22.55,22.7,57731
PEARLPOLY,2018-04-30 09:24:00+05:30,22.0,23.8,22.0,23.45,3872
PEARLPOLY,2018-05-02 09:15:00+05:30,23.45,24.55,22.65,22.65,5046
PEARLPOLY,2018-05-03 09:28:00+05:30,21.7,23.45,21.7,23.0,2942
PEARLPOLY,2018-05-04 09:25:00+05:30,22.0,22.9,21.85,21.85,3181
PEARLPOLY,2018-05-07 09:15:00+05:30,20.9,22.75,20.85,21.15,8599
PEARLPOLY,2018-05-08 10:34:00+05:30,21.0,22.2,20.65,22.2,55977
PEARLPOLY,2018-05-09 09:30:00+05:30,22.0,23.0,21.65,22.0,2955
PEARLPOLY,2018-05-10 09:47:00+05:30,22.05,22.4,21.35,21.45,12918
PEARLPOLY,2018-05-11 09:34:00+05:30,22.0,22.2,21.45,21.5,27876
PEARLPOLY,2018-05-14 09:31:00+05:30,20.8,22.15,20.75,21.55,6981
PEARLPOLY,2018-05-15 09:17:00+05:30,21.1,22.25,21.1,21.5,4884
PEARLPOLY,2018-05-16 09:35:00+05:30,21.15,21.95,21.1,21.5,2799
PEARLPOLY,2018-05-17 09:33:00+05:30,21.5,22.05,21.0,21.6,1392
PEARLPOLY,2018-05-18 09:34:00+05:30,21.6,22.0,20.9,21.0,4058
PEARLPOLY,2018-05-21 09:50:00+05:30,21.0,21.0,19.95,19.95,6828
PEARLPOLY,2018-05-22 09:23:00+05:30,19.6,20.45,19.0,19.5,2829
PEARLPOLY,2018-05-23 09:22:00+05:30,19.5,20.45,19.5,20.45,1758
PEARLPOLY,2018-05-24 09:36:00+05:30,20.45,20.95,20.05,20.5,3113
PEARLPOLY,2018-05-25 12:10:00+05:30,19.8,20.0,19.7,20.0,346
PEARLPOLY,2018-05-28 09:45:00+05:30,20.0,20.4,19.3,19.7,5133
PEARLPOLY,2018-05-29 10:06:00+05:30,19.7,19.75,18.75,19.5,19154
PEARLPOLY,2018-05-30 09:47:00+05:30,19.55,19.55,18.9,18.9,1510
PEARLPOLY,2018-05-31 09:50:00+05:30,18.4,19.15,18.2,18.2,3182
PEARLPOLY,2018-06-01 10:32:00+05:30,17.8,19.1,17.45,18.85,57881
PEARLPOLY,2018-06-04 09:25:00+05:30,19.5,19.75,18.25,19.05,4468
PEARLPOLY,2018-06-05 09:16:00+05:30,19.9,19.9,18.1,18.1,4033
PEARLPOLY,2018-06-06 09:25:00+05:30,19.0,19.0,17.35,18.5,2667
PEARLPOLY,2018-06-07 10:20:00+05:30,18.95,20.35,18.05,18.5,6654
PEARLPOLY,2018-06-08 10:16:00+05:30,18.6,18.6,18.0,18.55,31
PEARLPOLY,2018-06-11 09:24:00+05:30,18.55,20.0,18.55,18.55,1715
PEARLPOLY,2018-06-12 09:32:00+05:30,18.0,19.0,17.1,17.4,1523
PEARLPOLY,2018-06-13 09:38:00+05:30,19.1,19.1,17.75,18.95,5710
PEARLPOLY,2018-06-14 09:44:00+05:30,17.5,18.75,17.5,17.8,3210
PEARLPOLY,2018-06-15 09:41:00+05:30,17.8,18.9,17.8,18.3,153
PEARLPOLY,2018-06-18 12:11:00+05:30,18.3,18.8,17.5,18.5,678
PEARLPOLY,2018-06-19 11:47:00+05:30,18.25,18.25,17.1,17.5,544
PEARLPOLY,2018-06-20 09:43:00+05:30,17.55,18.85,17.55,18.7,2207
PEARLPOLY,2018-06-21 10:01:00+05:30,18.7,18.7,17.8,17.8,946
PEARLPOLY,2018-06-22 11:18:00+05:30,17.25,18.2,17.25,18.2,2
PEARLPOLY,2018-06-25 10:11:00+05:30,17.55,17.65,17.55,17.55,624
PEARLPOLY,2018-06-26 11:25:00+05:30,18.0,18.0,16.4,17.25,1960
PEARLPOLY,2018-06-27 09:19:00+05:30,16.0,17.8,16.0,16.3,2115
PEARLPOLY,2018-06-28 15:07:00+05:30,14.85,14.9,14.85,14.85,20
PEARLPOLY,2018-06-29 09:26:00+05:30,13.5,16.3,13.45,15.25,12381
PEARLPOLY,2018-07-02 09:29:00+05:30,15.25,15.5,14.0,14.3,1447
PEARLPOLY,2018-07-03 14:14:00+05:30,14.7,14.7,14.0,14.25,1202
PEARLPOLY,2018-07-04 09:18:00+05:30,14.2,14.95,14.0,14.7,5057
PEARLPOLY,2018-07-05 09:27:00+05:30,14.25,14.7,14.0,14.0,2780
PEARLPOLY,2018-07-06 10:23:00+05:30,14.15,14.6,14.15,14.2,3790
PEARLPOLY,2018-07-09 10:57:00+05:30,14.1,14.1,14.1,14.1,205
PEARLPOLY,2018-07-10 11:34:00+05:30,14.1,14.55,13.9,13.9,940
PEARLPOLY,2018-07-11 09:39:00+05:30,13.9,14.55,13.9,14.25,1125
PEARLPOLY,2018-07-12 13:00:00+05:30,14.25,14.85,13.9,14.75,890
PEARLPOLY,2018-07-13 12:32:00+05:30,14.15,14.5,14.05,14.05,963
PEARLPOLY,2018-07-16 09:43:00+05:30,14.05,14.05,13.9,14.0,25201
PEARLPOLY,2018-07-17 10:00:00+05:30,14.0,14.0,13.35,13.65,1762
PEARLPOLY,2018-07-18 11:16:00+05:30,13.75,13.75,13.5,13.5,1480
PEARLPOLY,2018-07-19 10:14:00+05:30,13.0,14.05,12.9,13.5,229
PEARLPOLY,2018-07-20 09:43:00+05:30,13.5,14.15,12.85,13.2,1823
PEARLPOLY,2018-07-23 09:55:00+05:30,12.55,13.85,12.55,13.85,721
PEARLPOLY,2018-07-24 09:35:00+05:30,14.4,14.4,13.5,13.55,1301
PEARLPOLY,2018-07-25 09:15:00+05:30,13.1,13.85,13.05,13.85,352
PEARLPOLY,2018-07-26 10:33:00+05:30,13.35,14.5,13.35,14.0,136
PEARLPOLY,2018-07-27 10:42:00+05:30,14.0,14.7,14.0,14.0,305
PEARLPOLY,2018-07-30 11:53:00+05:30,14.0,14.0,13.35,13.45,2701
PEARLPOLY,2018-07-31 09:33:00+05:30,14.0,14.1,13.8,14.05,1063
PEARLPOLY,2018-08-01 10:50:00+05:30,14.1,14.75,14.05,14.15,1333
PEARLPOLY,2018-08-02 09:36:00+05:30,14.85,14.85,14.0,14.85,639
PEARLPOLY,2018-08-03 09:38:00+05:30,15.5,15.55,14.35,15.55,1965
PEARLPOLY,2018-08-06 09:21:00+05:30,15.6,16.3,15.6,16.3,1088
PEARLPOLY,2018-08-07 09:18:00+05:30,17.1,17.9,16.3,17.9,2398
PEARLPOLY,2018-08-08 09:15:00+05:30,19.6,19.65,18.4,19.65,9595
PEARLPOLY,2018-08-09 09:15:00+05:30,21.35,21.6,18.75,21.6,17276
PEARLPOLY,2018-08-10 09:15:00+05:30,22.5,22.65,22.0,22.55,13964
PEARLPOLY,2018-08-13 09:16:00+05:30,22.4,23.6,21.7,22.2,16811
PEARLPOLY,2018-08-14 09:20:00+05:30,22.2,22.55,21.1,21.1,5273
PEARLPOLY,2018-08-16 09:59:00+05:30,20.15,20.15,20.05,20.05,618
PEARLPOLY,2018-08-17 09:17:00+05:30,19.05,19.5,19.05,19.05,2757
PEARLPOLY,2018-08-20 09:21:00+05:30,19.05,19.1,19.05,19.05,1970
PEARLPOLY,2018-08-21 09:50:00+05:30,19.9,19.9,18.1,18.1,2077
PEARLPOLY,2018-08-23 09:19:00+05:30,17.2,19.0,17.2,19.0,5490
PEARLPOLY,2018-08-24 09:41:00+05:30,19.0,19.95,19.0,19.95,1101
PEARLPOLY,2018-08-27 09:21:00+05:30,19.95,20.4,19.0,20.05,5037
PEARLPOLY,2018-08-28 10:26:00+05:30,19.5,20.75,19.05,19.5,1670
PEARLPOLY,2018-08-29 09:29:00+05:30,18.6,19.7,18.55,18.6,742
PEARLPOLY,2018-08-30 11:03:00+05:30,18.1,19.25,17.7,17.7,1051
PEARLPOLY,2018-08-31 09:15:00+05:30,17.7,18.55,17.65,18.5,3776
PEARLPOLY,2018-09-03 09:47:00+05:30,19.35,19.35,17.6,17.6,1657
PEARLPOLY,2018-09-04 09:15:00+05:30,17.6,17.95,16.75,16.75,2546
PEARLPOLY,2018-09-05 09:53:00+05:30,17.55,17.55,15.95,15.95,5720
PEARLPOLY,2018-09-06 09:51:00+05:30,15.5,16.4,15.5,15.65,984
PEARLPOLY,2018-09-07 10:00:00+05:30,15.65,16.4,15.65,16.35,24
PEARLPOLY,2018-09-10 10:12:00+05:30,16.2,16.2,15.55,15.55,615
PEARLPOLY,2018-09-11 09:35:00+05:30,15.6,16.3,14.8,14.95,1321
PEARLPOLY,2018-09-12 09:57:00+05:30,15.65,15.65,14.25,14.35,4148
PEARLPOLY,2018-09-14 09:25:00+05:30,13.7,15.05,13.7,15.0,647
PEARLPOLY,2018-09-17 09:35:00+05:30,15.0,15.75,15.0,15.7,1063
PEARLPOLY,2018-09-18 10:07:00+05:30,15.7,16.45,14.95,15.75,1813
PEARLPOLY,2018-09-19 09:16:00+05:30,15.2,15.2,15.0,15.0,2000
PEARLPOLY,2018-09-21 09:26:00+05:30,15.0,15.0,14.95,14.95,258
PEARLPOLY,2018-09-24 11:24:00+05:30,14.75,14.75,14.25,14.25,375
PEARLPOLY,2018-09-25 09:19:00+05:30,13.55,13.55,13.55,13.55,2560
PEARLPOLY,2018-09-26 09:15:00+05:30,13.1,14.2,12.9,13.2,4472
PEARLPOLY,2018-09-27 11:54:00+05:30,13.05,13.1,13.0,13.0,1114
PEARLPOLY,2018-09-28 09:56:00+05:30,13.5,13.65,12.35,12.35,2987
PEARLPOLY,2018-10-01 11:17:00+05:30,12.35,12.45,11.85,11.95,1184
PEARLPOLY,2018-10-03 09:32:00+05:30,12.0,12.5,11.65,12.4,29561
PEARLPOLY,2018-10-04 10:29:00+05:30,13.0,13.0,11.9,12.5,867
PEARLPOLY,2018-10-05 09:59:00+05:30,12.5,12.5,12.0,12.5,407
PEARLPOLY,2018-10-08 10:09:00+05:30,13.05,13.05,12.0,12.2,20450
PEARLPOLY,2018-10-09 10:11:00+05:30,12.75,12.75,12.2,12.2,164
PEARLPOLY,2018-10-10 09:18:00+05:30,12.2,12.8,11.6,12.75,9500
PEARLPOLY,2018-10-11 09:43:00+05:30,12.75,13.35,12.2,13.25,984
PEARLPOLY,2018-10-12 09:41:00+05:30,12.85,13.35,12.6,13.0,3293
PEARLPOLY,2018-10-15 10:31:00+05:30,13.0,13.6,12.85,13.6,1521
PEARLPOLY,2018-10-16 09:16:00+05:30,14.2,14.25,14.2,14.25,1282
PEARLPOLY,2018-10-17 09:29:00+05:30,14.25,14.95,13.8,14.9,1189
PEARLPOLY,2018-10-19 10:33:00+05:30,15.5,15.5,14.2,14.45,2480
PEARLPOLY,2018-10-22 10:53:00+05:30,13.85,14.5,13.75,14.25,3586
PEARLPOLY,2018-10-23 14:29:00+05:30,14.2,14.85,14.2,14.75,4
PEARLPOLY,2018-10-24 09:22:00+05:30,14.5,14.85,14.05,14.05,333
PEARLPOLY,2018-10-25 09:37:00+05:30,13.8,13.8,13.35,13.35,165
PEARLPOLY,2018-10-26 09:19:00+05:30,12.7,12.7,12.7,12.7,1003
PEARLPOLY,2018-10-29 09:19:00+05:30,12.1,13.25,12.1,12.1,2190
PEARLPOLY,2018-10-30 10:12:00+05:30,12.1,12.7,11.5,11.9,8184
PEARLPOLY,2018-10-31 09:46:00+05:30,12.4,12.4,11.5,12.0,8817
PEARLPOLY,2018-11-01 09:56:00+05:30,12.6,12.6,11.6,12.45,440
PEARLPOLY,2018-11-02 09:34:00+05:30,13.05,13.05,11.85,12.1,14756
PEARLPOLY,2018-11-05 09:43:00+05:30,12.5,12.5,11.9,12.0,8706
PEARLPOLY,2018-11-06 09:44:00+05:30,12.45,12.45,11.55,11.6,6090
PEARLPOLY,2018-11-09 11:00:00+05:30,12.15,12.75,12.15,12.65,56823
PEARLPOLY,2018-11-12 10:10:00+05:30,13.25,13.25,13.25,13.25,7478
PEARLPOLY,2018-11-13 09:15:00+05:30,13.9,13.9,13.4,13.9,12433
PEARLPOLY,2018-11-14 09:15:00+05:30,14.55,14.55,13.95,14.55,30654
PEARLPOLY,2018-11-15 09:15:00+05:30,15.25,15.25,13.85,14.1,21041
PEARLPOLY,2018-11-16 09:15:00+05:30,13.5,13.8,13.4,13.45,20153
PEARLPOLY,2018-11-19 09:26:00+05:30,13.45,13.85,13.35,13.55,1633
PEARLPOLY,2018-11-20 09:15:00+05:30,12.9,13.45,12.9,13.25,4599
PEARLPOLY,2018-11-21 09:49:00+05:30,12.75,13.5,12.75,13.5,5473
PEARLPOLY,2018-11-22 09:30:00+05:30,13.25,13.45,13.25,13.4,910
PEARLPOLY,2018-11-26 10:13:00+05:30,13.4,13.8,13.4,13.75,3259
PEARLPOLY,2018-11-27 10:29:00+05:30,13.75,13.75,13.5,13.5,531
PEARLPOLY,2018-11-28 10:10:00+05:30,13.45,13.5,13.3,13.45,2607
PEARLPOLY,2018-11-29 09:45:00+05:30,12.8,14.1,12.8,13.95,17938
PEARLPOLY,2018-11-30 09:19:00+05:30,13.8,14.15,13.7,13.9,2378
PEARLPOLY,2018-12-03 00:00:00+05:30,13.25,14.3,13.25,14.25,2347
PEARLPOLY,2018-12-04 00:00:00+05:30,14.1,14.1,13.75,13.95,5027
PEARLPOLY,2018-12-05 00:00:00+05:30,13.95,14.05,13.45,13.45,827
PEARLPOLY,2018-12-06 00:00:00+05:30,13.0,13.0,12.8,12.95,1450
PEARLPOLY,2018-12-07 00:00:00+05:30,12.95,13.15,12.95,13.15,1209
PEARLPOLY,2018-12-10 00:00:00+05:30,13.5,13.5,13.0,13.0,3416
PEARLPOLY,2018-12-11 00:00:00+05:30,13.0,13.8,11.8,13.8,1394
PEARLPOLY,2018-12-12 00:00:00+05:30,13.65,15.15,13.65,15.1,11440
PEARLPOLY,2018-12-13 00:00:00+05:30,15.75,15.75,14.25,15.4,2202
PEARLPOLY,2018-12-14 00:00:00+05:30,14.6,15.0,14.5,14.65,5058
PEARLPOLY,2018-12-17 00:00:00+05:30,15.75,15.75,14.0,15.15,2134
PEARLPOLY,2018-12-18 00:00:00+05:30,15.4,15.4,14.6,15.2,2101
PEARLPOLY,2018-12-19 00:00:00+05:30,15.7,15.7,14.35,14.95,3414
PEARLPOLY,2018-12-20 00:00:00+05:30,14.75,15.45,14.65,15.45,496
PEARLPOLY,2018-12-21 00:00:00+05:30,15.45,15.6,14.0,14.3,8207
PEARLPOLY,2018-12-24 00:00:00+05:30,15.0,15.7,14.35,14.9,5444
PEARLPOLY,2018-12-26 00:00:00+05:30,14.15,15.0,14.15,14.35,2870
PEARLPOLY,2018-12-27 00:00:00+05:30,15.6,15.6,13.65,14.2,1167
PEARLPOLY,2018-12-28 00:00:00+05:30,14.2,15.15,14.15,15.0,3351
PEARLPOLY,2018-12-31 00:00:00+05:30,15.0,15.0,14.4,14.85,603
PEARLPOLY,2019-01-01 00:00:00+05:30,15.0,15.0,14.15,14.25,550
PEARLPOLY,2019-01-02 00:00:00+05:30,15.3,15.3,13.65,14.75,1625
PEARLPOLY,2019-01-03 00:00:00+05:30,14.0,15.25,13.65,13.75,1765
PEARLPOLY,2019-01-04 00:00:00+05:30,14.55,15.1,13.7,14.45,4832
PEARLPOLY,2019-01-07 00:00:00+05:30,14.1,15.25,14.1,14.1,10944
PEARLPOLY,2019-01-08 00:00:00+05:30,14.65,14.65,13.75,14.2,6648
PEARLPOLY,2019-01-09 00:00:00+05:30,13.0,14.85,13.0,14.45,3284
PEARLPOLY,2019-01-10 00:00:00+05:30,15.2,15.2,14.0,14.25,1468
PEARLPOLY,2019-01-11 00:00:00+05:30,14.5,14.8,13.5,13.55,5595
PEARLPOLY,2019-01-14 00:00:00+05:30,14.4,14.9,13.3,13.6,24643
PEARLPOLY,2019-01-15 00:00:00+05:30,14.35,14.4,13.15,14.0,4758
PEARLPOLY,2019-01-16 00:00:00+05:30,13.4,14.35,13.4,13.55,1656
PEARLPOLY,2019-01-17 00:00:00+05:30,13.55,13.95,13.3,13.65,7684
PEARLPOLY,2019-01-18 00:00:00+05:30,13.95,13.95,13.35,13.8,884
PEARLPOLY,2019-01-21 00:00:00+05:30,14.0,14.45,13.8,14.3,3920
PEARLPOLY,2019-01-22 00:00:00+05:30,13.25,13.95,13.25,13.7,1040
PEARLPOLY,2019-01-23 00:00:00+05:30,14.0,14.25,13.7,14.25,651
PEARLPOLY,2019-01-24 00:00:00+05:30,13.55,13.95,13.25,13.35,525
PEARLPOLY,2019-01-25 00:00:00+05:30,13.15,14.0,13.15,13.95,1741
PEARLPOLY,2019-01-28 00:00:00+05:30,12.9,13.5,12.9,13.05,3221
PEARLPOLY,2019-01-29 00:00:00+05:30,13.0,13.95,12.85,12.95,2131
PEARLPOLY,2019-01-30 00:00:00+05:30,12.1,13.7,12.1,12.4,6141
PEARLPOLY,2019-01-31 00:00:00+05:30,12.4,13.45,11.55,12.05,4281
PEARLPOLY,2019-02-01 00:00:00+05:30,13.0,13.2,11.85,12.15,2609
PEARLPOLY,2019-02-04 00:00:00+05:30,11.85,12.85,11.7,11.95,3999
PEARLPOLY,2019-02-05 00:00:00+05:30,11.65,12.65,11.25,12.15,5775
PEARLPOLY,2019-02-06 00:00:00+05:30,11.4,12.05,11.35,11.9,3310
PEARLPOLY,2019-02-07 00:00:00+05:30,12.45,12.45,11.0,11.4,5277
PEARLPOLY,2019-02-08 00:00:00+05:30,11.5,11.5,11.0,11.0,1240
PEARLPOLY,2019-02-11 00:00:00+05:30,11.15,12.5,10.15,11.95,1907
PEARLPOLY,2019-02-12 00:00:00+05:30,11.5,11.5,10.75,10.75,2525
PEARLPOLY,2019-02-13 00:00:00+05:30,10.15,12.8,10.15,11.95,8718
PEARLPOLY,2019-02-14 00:00:00+05:30,12.0,12.0,10.85,11.8,4119
PEARLPOLY,2019-02-15 00:00:00+05:30,12.75,12.75,11.5,12.0,135
PEARLPOLY,2019-02-18 00:00:00+05:30,12.65,12.65,10.55,11.2,6934
PEARLPOLY,2019-02-19 00:00:00+05:30,11.2,11.3,11.2,11.3,525
PEARLPOLY,2019-02-20 00:00:00+05:30,11.85,12.0,11.45,12.0,3060
PEARLPOLY,2019-02-21 00:00:00+05:30,11.95,12.0,11.4,11.5,373
PEARLPOLY,2019-02-22 00:00:00+05:30,11.0,12.8,10.9,11.65,5689
PEARLPOLY,2019-02-25 00:00:00+05:30,12.0,12.0,11.3,11.35,4626
PEARLPOLY,2019-02-26 00:00:00+05:30,11.1,11.4,10.3,10.85,1774
PEARLPOLY,2019-02-27 00:00:00+05:30,11.1,11.8,11.1,11.45,1123
PEARLPOLY,2019-02-28 00:00:00+05:30,12.7,12.7,11.85,11.9,325
PEARLPOLY,2019-03-01 00:00:00+05:30,11.65,12.5,11.6,12.5,1127
PEARLPOLY,2019-03-05 00:00:00+05:30,12.75,13.85,12.0,13.75,7488
PEARLPOLY,2019-03-06 00:00:00+05:30,13.75,14.65,12.6,14.4,3332
PEARLPOLY,2019-03-07 00:00:00+05:30,14.4,14.4,13.05,13.5,2382
PEARLPOLY,2019-03-08 00:00:00+05:30,13.3,13.75,12.7,13.35,3580
PEARLPOLY,2019-03-11 00:00:00+05:30,13.35,14.0,12.7,13.2,2252
PEARLPOLY,2019-03-12 00:00:00+05:30,13.0,14.6,13.0,13.35,1917
PEARLPOLY,2019-03-13 00:00:00+05:30,13.2,13.3,13.1,13.25,5189
PEARLPOLY,2019-03-14 00:00:00+05:30,15.0,15.0,13.1,13.75,2727
PEARLPOLY,2019-03-15 00:00:00+05:30,13.85,13.85,13.35,13.35,1867
PEARLPOLY,2019-03-18 00:00:00+05:30,13.2,13.85,12.95,13.05,600
PEARLPOLY,2019-03-19 00:00:00+05:30,13.75,14.8,13.15,14.75,12802
PEARLPOLY,2019-03-20 00:00:00+05:30,14.8,15.5,14.1,14.5,13344
PEARLPOLY,2019-03-22 00:00:00+05:30,14.7,15.5,13.65,14.75,8648
PEARLPOLY,2019-03-25 00:00:00+05:30,14.8,15.0,13.8,13.9,3513
PEARLPOLY,2019-03-26 00:00:00+05:30,14.05,14.75,12.9,14.2,4366
PEARLPOLY,2019-03-27 00:00:00+05:30,13.95,14.05,13.0,13.45,5564
PEARLPOLY,2019-03-28 00:00:00+05:30,13.0,13.55,12.9,13.05,5236
PEARLPOLY,2019-03-29 00:00:00+05:30,13.3,13.85,12.0,13.0,7922
PEARLPOLY,2019-04-01 00:00:00+05:30,12.7,13.35,12.5,13.05,3887
PEARLPOLY,2019-04-02 00:00:00+05:30,13.0,13.5,12.4,13.35,3237
PEARLPOLY,2019-04-03 00:00:00+05:30,12.7,13.45,12.7,13.45,710
PEARLPOLY,2019-04-04 00:00:00+05:30,13.25,13.25,12.8,12.8,1232
PEARLPOLY,2019-04-05 00:00:00+05:30,12.8,13.1,12.2,13.1,887
PEARLPOLY,2019-04-08 00:00:00+05:30,13.0,13.0,13.0,13.0,2
PEARLPOLY,2019-04-09 00:00:00+05:30,12.75,13.05,12.35,13.05,1489
PEARLPOLY,2019-04-10 00:00:00+05:30,12.4,12.4,12.4,12.4,2496
PEARLPOLY,2019-04-11 00:00:00+05:30,12.4,13.0,12.3,13.0,434
PEARLPOLY,2019-04-12 00:00:00+05:30,12.4,13.25,12.35,13.25,501
PEARLPOLY,2019-04-15 00:00:00+05:30,13.65,13.65,12.65,12.65,1910
PEARLPOLY,2019-04-16 00:00:00+05:30,12.7,13.0,12.65,13.0,358
PEARLPOLY,2019-04-18 00:00:00+05:30,13.0,13.0,12.45,12.45,2548
PEARLPOLY,2019-04-22 00:00:00+05:30,12.0,12.1,12.0,12.1,400
PEARLPOLY,2019-04-23 00:00:00+05:30,11.5,12.65,11.5,12.5,1454
PEARLPOLY,2019-04-24 00:00:00+05:30,12.5,12.5,11.95,12.35,471
PEARLPOLY,2019-04-25 00:00:00+05:30,11.75,12.85,11.75,12.0,10969
PEARLPOLY,2019-04-26 00:00:00+05:30,11.55,12.0,11.55,12.0,11208
PEARLPOLY,2019-04-30 00:00:00+05:30,11.5,12.5,11.5,12.5,307
PEARLPOLY,2019-05-02 00:00:00+05:30,12.0,12.0,12.0,12.0,20
PEARLPOLY,2019-05-03 00:00:00+05:30,12.6,12.6,11.95,11.95,623
PEARLPOLY,2019-05-06 00:00:00+05:30,11.95,11.95,11.95,11.95,1
PEARLPOLY,2019-05-07 00:00:00+05:30,11.8,12.0,11.8,11.95,3501
PEARLPOLY,2019-05-08 00:00:00+05:30,11.45,11.45,11.4,11.4,150
PEARLPOLY,2019-05-09 00:00:00+05:30,10.85,11.5,10.85,10.85,3243
PEARLPOLY,2019-05-10 00:00:00+05:30,10.85,10.85,10.6,10.6,549
PEARLPOLY,2019-05-13 00:00:00+05:30,11.0,11.0,10.95,10.95,2810
PEARLPOLY,2019-05-14 00:00:00+05:30,11.0,11.0,11.0,11.0,459
PEARLPOLY,2019-05-15 00:00:00+05:30,10.95,11.0,10.45,10.45,3776
PEARLPOLY,2019-05-16 00:00:00+05:30,10.95,10.95,10.0,10.9,5035
PEARLPOLY,2019-05-17 00:00:00+05:30,11.2,11.2,10.9,10.9,2050
PEARLPOLY,2019-05-20 00:00:00+05:30,10.5,11.4,10.5,11.4,1633
PEARLPOLY,2019-05-21 00:00:00+05:30,10.9,10.95,10.85,10.85,3430
PEARLPOLY,2019-05-22 00:00:00+05:30,10.4,11.35,10.4,11.35,2024
PEARLPOLY,2019-05-23 00:00:00+05:30,10.95,11.8,10.95,11.75,1101
PEARLPOLY,2019-05-24 00:00:00+05:30,11.75,11.75,11.75,11.75,2510
PEARLPOLY,2019-05-27 00:00:00+05:30,11.6,12.3,11.2,12.3,16660
PEARLPOLY,2019-05-28 00:00:00+05:30,12.65,12.9,12.65,12.8,6431
PEARLPOLY,2019-05-29 00:00:00+05:30,13.4,13.4,12.65,12.65,2505
PEARLPOLY,2019-05-30 00:00:00+05:30,12.65,13.25,12.65,13.25,557
PEARLPOLY,2019-05-31 00:00:00+05:30,12.65,13.7,12.65,12.65,5839
PEARLPOLY,2019-06-03 00:00:00+05:30,12.65,12.65,12.65,12.65,58
PEARLPOLY,2019-06-04 00:00:00+05:30,13.0,13.25,12.65,13.25,24727
PEARLPOLY,2019-06-06 00:00:00+05:30,13.3,13.85,12.65,13.8,12611
PEARLPOLY,2019-06-07 00:00:00+05:30,13.8,14.4,13.2,14.25,11013
PEARLPOLY,2019-06-10 00:00:00+05:30,14.3,14.85,14.0,14.3,15547
PEARLPOLY,2019-06-11 00:00:00+05:30,14.3,14.65,14.0,14.5,22832
PEARLPOLY,2019-06-12 00:00:00+05:30,15.2,15.2,13.8,14.1,1593
PEARLPOLY,2019-06-13 00:00:00+05:30,14.0,14.1,14.0,14.0,4267
PEARLPOLY,2019-06-14 00:00:00+05:30,13.35,14.6,13.35,13.5,1064
PEARLPOLY,2019-06-17 00:00:00+05:30,12.9,13.5,12.9,13.5,1265
PEARLPOLY,2019-06-18 00:00:00+05:30,13.0,13.0,12.85,12.85,1473
PEARLPOLY,2019-06-19 00:00:00+05:30,12.5,13.25,12.5,13.25,21750
PEARLPOLY,2019-06-20 00:00:00+05:30,12.6,13.0,12.6,12.6,15163
PEARLPOLY,2019-06-21 00:00:00+05:30,12.25,13.0,12.0,13.0,13408
PEARLPOLY,2019-06-24 00:00:00+05:30,12.35,13.0,12.35,13.0,3100
PEARLPOLY,2019-06-25 00:00:00+05:30,12.35,12.35,12.35,12.35,6095
PEARLPOLY,2019-06-26 00:00:00+05:30,12.9,12.9,11.8,12.9,2350
PEARLPOLY,2019-06-27 00:00:00+05:30,13.1,13.5,13.1,13.5,2923
PEARLPOLY,2019-06-28 00:00:00+05:30,13.0,13.5,13.0,13.5,1006
PEARLPOLY,2019-07-01 00:00:00+05:30,13.5,14.15,13.5,14.15,1638
PEARLPOLY,2019-07-02 00:00:00+05:30,14.5,14.5,14.0,14.0,4034
PEARLPOLY,2019-07-03 00:00:00+05:30,14.0,14.0,14.0,14.0,170
PEARLPOLY,2019-07-04 00:00:00+05:30,14.0,14.0,14.0,14.0,900
PEARLPOLY,2019-07-08 00:00:00+05:30,13.35,14.55,13.35,14.0,2460
PEARLPOLY,2019-07-09 00:00:00+05:30,13.35,13.5,13.35,13.35,750
PEARLPOLY,2019-07-10 00:00:00+05:30,13.5,13.5,13.5,13.5,1600
PEARLPOLY,2019-07-12 00:00:00+05:30,13.5,13.5,13.5,13.5,100
PEARLPOLY,2019-07-15 00:00:00+05:30,13.5,13.5,13.5,13.5,6650
PEARLPOLY,2019-07-16 00:00:00+05:30,13.0,13.5,13.0,13.0,300
PEARLPOLY,2019-07-17 00:00:00+05:30,12.5,13.0,12.5,13.0,1766
PEARLPOLY,2019-07-18 00:00:00+05:30,12.5,13.65,12.35,12.4,4720
PEARLPOLY,2019-07-19 00:00:00+05:30,12.35,12.35,11.85,12.0,423
PEARLPOLY,2019-07-22 00:00:00+05:30,12.0,12.0,11.5,12.0,3191
PEARLPOLY,2019-07-23 00:00:00+05:30,11.4,12.6,11.4,12.6,1031
PEARLPOLY,2019-07-24 00:00:00+05:30,12.0,12.05,12.0,12.05,121
PEARLPOLY,2019-07-25 00:00:00+05:30,11.45,11.45,11.45,11.45,31
PEARLPOLY,2019-07-26 00:00:00+05:30,11.45,11.5,10.9,10.95,16130
PEARLPOLY,2019-07-29 00:00:00+05:30,10.9,11.4,10.9,11.25,391
PEARLPOLY,2019-07-31 00:00:00+05:30,11.25,11.7,10.7,10.7,2411
PEARLPOLY,2019-08-01 00:00:00+05:30,10.7,10.7,10.2,10.5,5029
PEARLPOLY,2019-08-02 00:00:00+05:30,10.0,10.05,10.0,10.05,830
PEARLPOLY,2019-08-05 00:00:00+05:30,10.0,10.0,10.0,10.0,500
PEARLPOLY,2019-08-06 00:00:00+05:30,10.0,10.45,10.0,10.45,1508
PEARLPOLY,2019-08-07 00:00:00+05:30,10.0,10.85,9.95,9.95,2438
PEARLPOLY,2019-08-08 00:00:00+05:30,10.0,10.0,9.55,9.55,5092
PEARLPOLY,2019-08-09 00:00:00+05:30,9.75,9.75,9.55,9.55,1000
PEARLPOLY,2019-08-13 00:00:00+05:30,9.2,10.0,9.2,10.0,126
PEARLPOLY,2019-08-16 00:00:00+05:30,10.0,10.5,10.0,10.5,800
PEARLPOLY,2019-08-19 00:00:00+05:30,11.0,11.0,10.0,10.0,550
PEARLPOLY,2019-08-20 00:00:00+05:30,9.5,9.55,9.5,9.5,1391
PEARLPOLY,2019-08-21 00:00:00+05:30,9.6,9.6,9.6,9.6,1
PEARLPOLY,2019-08-22 00:00:00+05:30,9.15,9.15,9.15,9.15,650
PEARLPOLY,2019-08-23 00:00:00+05:30,8.95,8.95,8.95,8.95,1
PEARLPOLY,2019-08-26 00:00:00+05:30,8.65,9.0,8.65,9.0,1801
PEARLPOLY,2019-08-28 00:00:00+05:30,9.0,9.0,8.75,8.75,22
PEARLPOLY,2019-08-29 00:00:00+05:30,9.0,9.15,9.0,9.15,20098
PEARLPOLY,2019-08-30 00:00:00+05:30,8.7,9.0,8.7,8.7,1365
PEARLPOLY,2019-09-03 00:00:00+05:30,9.1,9.1,8.3,9.1,1900
PEARLPOLY,2019-09-04 00:00:00+05:30,8.65,9.05,8.65,9.0,8460
PEARLPOLY,2019-09-05 00:00:00+05:30,8.55,8.55,8.55,8.55,1465
PEARLPOLY,2019-09-06 00:00:00+05:30,8.25,8.25,8.25,8.25,40
PEARLPOLY,2019-09-11 00:00:00+05:30,8.25,8.65,8.25,8.65,1691
PEARLPOLY,2019-09-12 00:00:00+05:30,8.25,8.75,8.25,8.75,508
PEARLPOLY,2019-09-13 00:00:00+05:30,8.95,8.95,8.95,8.95,42
PEARLPOLY,2019-09-16 00:00:00+05:30,9.0,9.15,9.0,9.15,900
PEARLPOLY,2019-09-17 00:00:00+05:30,9.25,9.45,9.25,9.45,936
PEARLPOLY,2019-09-18 00:00:00+05:30,9.45,9.45,9.25,9.45,110
PEARLPOLY,2019-09-19 00:00:00+05:30,9.9,9.9,9.9,9.9,2600
PEARLPOLY,2019-09-20 00:00:00+05:30,9.45,10.35,9.45,10.0,3947
PEARLPOLY,2019-09-23 00:00:00+05:30,10.4,10.4,9.5,10.0,10604
PEARLPOLY,2019-09-24 00:00:00+05:30,10.45,10.45,10.0,10.25,7482
PEARLPOLY,2019-09-25 00:00:00+05:30,9.8,10.25,9.75,9.75,22505
PEARLPOLY,2019-09-26 00:00:00+05:30,9.35,10.05,9.35,9.6,1270
PEARLPOLY,2019-09-27 00:00:00+05:30,10.0,10.0,9.15,9.2,2200
PEARLPOLY,2019-09-30 00:00:00+05:30,9.6,9.6,9.15,9.15,66
PEARLPOLY,2019-10-01 00:00:00+05:30,9.0,9.0,8.7,8.7,3488
PEARLPOLY,2019-10-03 00:00:00+05:30,8.3,8.9,8.3,8.4,3285
PEARLPOLY,2019-10-04 00:00:00+05:30,8.4,8.75,8.4,8.75,519
PEARLPOLY,2019-10-07 00:00:00+05:30,8.75,8.75,8.35,8.35,344
PEARLPOLY,2019-10-09 00:00:00+05:30,7.95,7.95,7.95,7.95,4002
PEARLPOLY,2019-10-10 00:00:00+05:30,7.95,8.25,7.8,8.25,3620
PEARLPOLY,2019-10-11 00:00:00+05:30,8.5,8.5,8.0,8.05,1374
PEARLPOLY,2019-10-14 00:00:00+05:30,7.7,8.45,7.7,7.7,25
PEARLPOLY,2019-10-15 00:00:00+05:30,7.4,7.4,7.4,7.4,100
PEARLPOLY,2019-10-16 00:00:00+05:30,7.75,7.75,7.75,7.75,1378
PEARLPOLY,2019-10-17 00:00:00+05:30,8.0,8.0,8.0,8.0,1000
PEARLPOLY,2019-10-22 00:00:00+05:30,7.65,8.4,7.6,8.4,3599
PEARLPOLY,2019-10-23 00:00:00+05:30,8.75,8.75,8.75,8.75,500
PEARLPOLY,2019-10-24 00:00:00+05:30,8.6,9.15,8.55,8.65,635
PEARLPOLY,2019-10-25 00:00:00+05:30,9.0,9.0,8.3,8.9,3201
PEARLPOLY,2019-10-27 00:00:00+05:30,9.05,9.1,9.05,9.05,2797
PEARLPOLY,2019-10-29 00:00:00+05:30,9.5,9.5,9.2,9.2,350
PEARLPOLY,2019-10-30 00:00:00+05:30,9.5,9.5,8.95,9.5,2020
PEARLPOLY,2019-10-31 00:00:00+05:30,9.5,9.9,9.5,9.85,2693
PEARLPOLY,2019-11-01 00:00:00+05:30,9.5,10.3,9.5,10.3,2215
PEARLPOLY,2019-11-04 00:00:00+05:30,10.8,10.8,9.8,10.25,8140
PEARLPOLY,2019-11-05 00:00:00+05:30,9.75,10.4,9.75,9.75,5953
PEARLPOLY,2019-11-06 00:00:00+05:30,9.7,10.0,9.55,10.0,7194
PEARLPOLY,2019-11-07 00:00:00+05:30,10.0,10.0,9.5,9.5,40320
PEARLPOLY,2019-11-08 00:00:00+05:30,9.9,9.95,9.9,9.95,21645
PEARLPOLY,2019-11-11 00:00:00+05:30,10.05,10.4,9.95,10.4,10700
PEARLPOLY,2019-11-13 00:00:00+05:30,10.1,10.9,10.1,10.9,25171
PEARLPOLY,2019-11-14 00:00:00+05:30,10.9,11.4,10.9,11.4,13672
PEARLPOLY,2019-11-15 00:00:00+05:30,11.85,11.95,11.85,11.95,2010
PEARLPOLY,2019-11-18 00:00:00+05:30,12.5,12.5,12.05,12.5,18413
PEARLPOLY,2019-11-19 00:00:00+05:30,13.1,13.1,13.1,13.1,25052
PEARLPOLY,2019-11-20 00:00:00+05:30,13.75,13.75,13.5,13.75,35887
PEARLPOLY,2019-11-21 00:00:00+05:30,14.35,14.4,14.35,14.4,27260
PEARLPOLY,2019-11-22 00:00:00+05:30,15.1,15.1,14.5,14.55,32485
PEARLPOLY,2019-11-25 00:00:00+05:30,15.25,15.25,15.25,15.25,1838
PEARLPOLY,2019-11-26 00:00:00+05:30,15.25,16.0,15.25,15.9,14925
PEARLPOLY,2019-11-27 00:00:00+05:30,16.65,16.65,15.15,15.65,32766
PEARLPOLY,2019-11-28 00:00:00+05:30,16.3,16.3,14.9,15.3,5894
PEARLPOLY,2019-11-29 00:00:00+05:30,15.95,15.95,14.55,14.6,17975
PEARLPOLY,2019-12-02 00:00:00+05:30,14.4,14.6,13.9,14.6,13657
PEARLPOLY,2019-12-03 00:00:00+05:30,14.15,14.95,14.0,14.85,2220
PEARLPOLY,2019-12-04 00:00:00+05:30,14.15,14.9,14.15,14.9,2510
PEARLPOLY,2019-12-05 00:00:00+05:30,14.2,14.6,14.2,14.2,6846
PEARLPOLY,2019-12-06 00:00:00+05:30,14.2,14.45,14.0,14.0,8781
PEARLPOLY,2019-12-09 00:00:00+05:30,14.6,14.6,13.3,13.6,4479
PEARLPOLY,2019-12-10 00:00:00+05:30,13.35,13.6,13.25,13.6,650
PEARLPOLY,2019-12-11 00:00:00+05:30,13.0,14.0,13.0,13.6,315
PEARLPOLY,2019-12-12 00:00:00+05:30,14.0,14.25,14.0,14.2,1959
PEARLPOLY,2019-12-13 00:00:00+05:30,14.0,14.5,14.0,14.5,2703
PEARLPOLY,2019-12-16 00:00:00+05:30,14.5,14.5,14.5,14.5,387
PEARLPOLY,2019-12-17 00:00:00+05:30,14.5,15.2,14.5,15.2,1643
PEARLPOLY,2019-12-18 00:00:00+05:30,15.2,15.4,14.9,15.0,3167
PEARLPOLY,2019-12-19 00:00:00+05:30,14.25,15.2,14.25,15.2,800
PEARLPOLY,2019-12-20 00:00:00+05:30,15.2,15.2,15.2,15.2,6232
PEARLPOLY,2019-12-23 00:00:00+05:30,15.2,15.9,15.2,15.75,1068
PEARLPOLY,2019-12-24 00:00:00+05:30,15.7,15.7,15.0,15.25,3243
PEARLPOLY,2019-12-26 00:00:00+05:30,15.25,15.9,15.25,15.9,250
PEARLPOLY,2019-12-27 00:00:00+05:30,15.95,16.0,15.5,15.5,2685
PEARLPOLY,2019-12-30 00:00:00+05:30,15.75,15.9,15.75,15.9,15800
PEARLPOLY,2019-12-31 00:00:00+05:30,15.25,15.35,15.25,15.35,650
PEARLPOLY,2020-01-01 00:00:00+05:30,15.25,15.25,14.75,15.0,10000
PEARLPOLY,2020-01-02 00:00:00+05:30,15.05,15.35,15.05,15.35,1165
PEARLPOLY,2020-01-03 00:00:00+05:30,14.65,15.05,14.65,15.0,1435
PEARLPOLY,2020-01-07 00:00:00+05:30,15.0,15.2,14.6,15.0,2150
PEARLPOLY,2020-01-08 00:00:00+05:30,15.0,15.0,14.65,15.0,2930
PEARLPOLY,2020-01-09 00:00:00+05:30,15.75,15.75,14.55,15.0,2991
PEARLPOLY,2020-01-10 00:00:00+05:30,15.45,15.45,15.0,15.15,3650
PEARLPOLY,2020-01-13 00:00:00+05:30,15.0,15.1,15.0,15.1,7046
PEARLPOLY,2020-01-14 00:00:00+05:30,15.0,15.5,15.0,15.5,4000
PEARLPOLY,2020-01-15 00:00:00+05:30,15.65,15.65,15.0,15.05,3912
PEARLPOLY,2020-01-16 00:00:00+05:30,15.25,15.8,15.0,15.8,10472
PEARLPOLY,2020-01-17 00:00:00+05:30,16.45,16.55,16.45,16.55,2086
PEARLPOLY,2020-01-20 00:00:00+05:30,16.55,17.35,15.75,17.35,3220
PEARLPOLY,2020-01-21 00:00:00+05:30,18.15,18.2,17.0,17.0,10564
PEARLPOLY,2020-01-22 00:00:00+05:30,16.15,17.0,16.15,16.85,5631
PEARLPOLY,2020-01-23 00:00:00+05:30,16.05,16.5,16.05,16.05,161
PEARLPOLY,2020-01-24 00:00:00+05:30,16.0,16.75,16.0,16.75,7988
PEARLPOLY,2020-01-27 00:00:00+05:30,17.4,17.4,17.4,17.4,2
PEARLPOLY,2020-01-28 00:00:00+05:30,17.45,17.45,16.55,17.3,2710
PEARLPOLY,2020-01-29 00:00:00+05:30,16.5,17.25,16.45,16.45,5852
PEARLPOLY,2020-01-30 00:00:00+05:30,15.95,16.5,15.95,16.5,1750
PEARLPOLY,2020-01-31 00:00:00+05:30,16.5,16.5,16.5,16.5,51
PEARLPOLY,2020-02-01 00:00:00+05:30,15.85,16.5,15.85,16.2,3810
PEARLPOLY,2020-02-03 00:00:00+05:30,16.5,16.5,16.5,16.5,1557
PEARLPOLY,2020-02-04 00:00:00+05:30,16.15,17.0,16.0,17.0,4106
PEARLPOLY,2020-02-05 00:00:00+05:30,16.95,17.0,16.55,16.55,11139
PEARLPOLY,2020-02-07 00:00:00+05:30,16.55,16.55,16.1,16.1,268
PEARLPOLY,2020-02-10 00:00:00+05:30,16.0,16.5,15.5,15.75,4768
PEARLPOLY,2020-02-11 00:00:00+05:30,15.7,16.0,15.7,16.0,1691
PEARLPOLY,2020-02-12 00:00:00+05:30,16.0,16.0,15.25,15.25,30700
PEARLPOLY,2020-02-13 00:00:00+05:30,15.2,15.2,15.1,15.1,182
PEARLPOLY,2020-02-14 00:00:00+05:30,15.0,15.0,14.35,14.35,266
PEARLPOLY,2020-02-17 00:00:00+05:30,14.35,14.35,14.35,14.35,59
PEARLPOLY,2020-02-18 00:00:00+05:30,13.65,14.0,13.65,13.75,25611
PEARLPOLY,2020-02-19 00:00:00+05:30,14.0,14.4,13.15,14.0,6413
PEARLPOLY,2020-02-20 00:00:00+05:30,13.35,14.7,13.35,14.7,133
PEARLPOLY,2020-02-24 00:00:00+05:30,14.0,15.0,14.0,14.0,2037
PEARLPOLY,2020-02-25 00:00:00+05:30,13.45,13.45,13.3,13.3,640
PEARLPOLY,2020-02-26 00:00:00+05:30,13.25,13.4,13.25,13.4,3507
PEARLPOLY,2020-02-27 00:00:00+05:30,13.95,14.0,13.95,14.0,360
PEARLPOLY,2020-02-28 00:00:00+05:30,13.3,13.4,13.3,13.3,2086
PEARLPOLY,2020-03-02 00:00:00+05:30,13.0,13.55,13.0,13.5,16600
PEARLPOLY,2020-03-03 00:00:00+05:30,13.55,14.0,12.95,12.95,11065
PEARLPOLY,2020-03-04 00:00:00+05:30,13.25,13.55,13.25,13.55,2591
PEARLPOLY,2020-03-05 00:00:00+05:30,14.0,14.2,13.9,14.2,300
PEARLPOLY,2020-03-06 00:00:00+05:30,13.75,14.9,13.65,14.7,3890
PEARLPOLY,2020-03-09 00:00:00+05:30,15.25,15.25,14.0,14.3,12105
PEARLPOLY,2020-03-11 00:00:00+05:30,13.6,14.15,13.6,14.15,11862
PEARLPOLY,2020-03-12 00:00:00+05:30,14.0,14.0,13.7,13.85,760
PEARLPOLY,2020-03-13 00:00:00+05:30,13.3,14.0,13.3,13.3,10900
PEARLPOLY,2020-03-16 00:00:00+05:30,12.65,13.7,12.65,13.05,431
PEARLPOLY,2020-03-17 00:00:00+05:30,13.7,13.7,12.4,12.65,7510
PEARLPOLY,2020-03-18 00:00:00+05:30,12.5,13.25,12.5,12.85,12059
PEARLPOLY,2020-03-19 00:00:00+05:30,13.05,13.4,12.3,12.9,17059
PEARLPOLY,2020-03-20 00:00:00+05:30,13.3,13.3,12.6,12.65,2150
PEARLPOLY,2020-03-23 00:00:00+05:30,13.15,13.15,12.2,12.6,2449
PEARLPOLY,2020-03-25 00:00:00+05:30,12.6,12.6,12.6,12.6,600
PEARLPOLY,2020-03-26 00:00:00+05:30,12.35,13.0,12.35,13.0,1001
PEARLPOLY,2020-03-27 00:00:00+05:30,13.65,13.65,13.0,13.0,1500
PEARLPOLY,2020-03-30 00:00:00+05:30,13.0,13.0,12.35,12.35,119
PEARLPOLY,2020-03-31 00:00:00+05:30,12.35,12.95,12.25,12.95,1104
PEARLPOLY,2020-04-01 00:00:00+05:30,12.4,12.5,12.35,12.4,950
PEARLPOLY,2020-04-03 00:00:00+05:30,11.8,12.95,11.8,12.95,1606
PEARLPOLY,2020-04-07 00:00:00+05:30,12.5,13.25,12.35,12.45,1163
PEARLPOLY,2020-04-08 00:00:00+05:30,12.95,12.95,11.85,12.25,3361
PEARLPOLY,2020-04-09 00:00:00+05:30,11.1,13.15,11.1,12.5,757
PEARLPOLY,2020-04-13 00:00:00+05:30,12.45,12.9,11.65,12.0,830
PEARLPOLY,2020-04-15 00:00:00+05:30,13.2,13.2,12.85,12.85,138
PEARLPOLY,2020-04-16 00:00:00+05:30,12.05,13.0,12.0,12.05,106
PEARLPOLY,2020-04-17 00:00:00+05:30,13.0,13.25,11.6,13.05,2171
PEARLPOLY,2020-04-20 00:00:00+05:30,12.0,12.8,11.8,12.3,1181
PEARLPOLY,2020-04-21 00:00:00+05:30,12.4,13.0,12.0,12.0,92
PEARLPOLY,2020-04-22 00:00:00+05:30,12.05,13.0,12.05,12.2,1695
PEARLPOLY,2020-04-23 00:00:00+05:30,12.25,13.0,12.25,12.55,1249
PEARLPOLY,2020-04-24 00:00:00+05:30,11.65,12.9,11.3,11.3,15437
PEARLPOLY,2020-04-27 00:00:00+05:30,11.95,11.95,10.2,10.65,6194
PEARLPOLY,2020-04-28 00:00:00+05:30,11.4,11.65,10.55,11.65,3798
PEARLPOLY,2020-04-29 00:00:00+05:30,10.8,12.6,10.8,12.3,5069
PEARLPOLY,2020-04-30 00:00:00+05:30,11.2,12.75,11.2,12.4,754
PEARLPOLY,2020-05-04 00:00:00+05:30,11.25,12.25,11.2,11.9,771
PEARLPOLY,2020-05-05 00:00:00+05:30,11.2,12.95,11.2,12.35,4413
PEARLPOLY,2020-05-06 00:00:00+05:30,12.0,12.0,11.35,11.4,3226
PEARLPOLY,2020-05-07 00:00:00+05:30,11.95,12.3,11.4,11.5,1916
PEARLPOLY,2020-05-08 00:00:00+05:30,12.25,12.5,11.25,11.45,1814
PEARLPOLY,2020-05-11 00:00:00+05:30,11.45,11.75,11.45,11.7,131
PEARLPOLY,2020-05-12 00:00:00+05:30,11.25,11.7,11.2,11.3,623
PEARLPOLY,2020-05-13 00:00:00+05:30,11.3,12.0,10.55,11.2,5036
PEARLPOLY,2020-05-14 00:00:00+05:30,11.15,11.15,10.6,11.0,223
PEARLPOLY,2020-05-15 00:00:00+05:30,11.8,11.8,11.0,11.6,4827
PEARLPOLY,2020-05-18 00:00:00+05:30,11.5,12.7,10.85,11.8,4697
PEARLPOLY,2020-05-19 00:00:00+05:30,12.3,12.3,10.8,10.9,3763
PEARLPOLY,2020-05-20 00:00:00+05:30,11.7,11.7,10.1,10.45,8570
PEARLPOLY,2020-05-21 00:00:00+05:30,10.5,10.9,10.5,10.8,2419
PEARLPOLY,2020-05-22 00:00:00+05:30,10.5,10.5,10.15,10.4,487
PEARLPOLY,2020-05-26 00:00:00+05:30,10.0,10.95,9.8,10.5,2607
PEARLPOLY,2020-05-27 00:00:00+05:30,9.9,10.85,9.9,10.25,1072
PEARLPOLY,2020-05-28 00:00:00+05:30,10.75,10.8,10.1,10.6,5957
PEARLPOLY,2020-05-29 00:00:00+05:30,9.95,10.85,9.95,10.7,14427
PEARLPOLY,2020-06-01 00:00:00+05:30,10.15,10.85,10.15,10.25,2106
PEARLPOLY,2020-06-02 00:00:00+05:30,9.45,10.9,9.45,10.4,3250
PEARLPOLY,2020-06-03 00:00:00+05:30,10.5,11.1,10.3,10.45,3005
PEARLPOLY,2020-06-04 00:00:00+05:30,10.85,10.85,10.05,10.4,3685
PEARLPOLY,2020-06-05 00:00:00+05:30,10.6,11.0,10.6,10.65,2618
PEARLPOLY,2020-06-08 00:00:00+05:30,10.3,11.7,10.1,11.05,4115
PEARLPOLY,2020-06-09 00:00:00+05:30,12.0,12.0,11.0,11.75,3753
PEARLPOLY,2020-06-10 00:00:00+05:30,12.0,12.5,11.3,12.15,1084
PEARLPOLY,2020-06-11 00:00:00+05:30,12.75,12.75,11.7,12.1,3106
PEARLPOLY,2020-06-12 00:00:00+05:30,11.9,11.9,11.7,11.7,555
PEARLPOLY,2020-06-15 00:00:00+05:30,11.9,11.9,11.6,11.9,2815
PEARLPOLY,2020-06-16 00:00:00+05:30,11.5,14.25,11.0,14.25,121854
PEARLPOLY,2020-06-17 00:00:00+05:30,16.2,17.1,14.55,17.05,372019
PEARLPOLY,2020-06-18 00:00:00+05:30,17.1,17.9,16.05,17.0,204381
PEARLPOLY,2020-06-19 00:00:00+05:30,16.2,17.65,16.2,17.25,67504
PEARLPOLY,2020-06-22 00:00:00+05:30,18.25,18.25,16.15,16.85,47250
PEARLPOLY,2020-06-23 00:00:00+05:30,17.5,17.5,16.35,17.05,22867
PEARLPOLY,2020-06-24 00:00:00+05:30,16.55,17.0,16.25,16.45,39652
PEARLPOLY,2020-06-25 00:00:00+05:30,16.95,16.95,14.85,15.2,7121
PEARLPOLY,2020-06-26 00:00:00+05:30,15.95,16.4,14.65,16.15,22652
PEARLPOLY,2020-06-29 00:00:00+05:30,17.4,17.4,14.65,15.55,8306
PEARLPOLY,2020-06-30 00:00:00+05:30,16.5,16.5,15.25,15.3,22235
PEARLPOLY,2020-07-01 00:00:00+05:30,14.7,16.8,14.35,16.8,89646
PEARLPOLY,2020-07-02 00:00:00+05:30,17.6,17.6,16.0,17.0,45152
PEARLPOLY,2020-07-03 00:00:00+05:30,17.5,17.5,16.5,16.5,14575
PEARLPOLY,2020-07-06 00:00:00+05:30,16.5,17.0,15.8,16.5,5648
PEARLPOLY,2020-07-07 00:00:00+05:30,16.95,16.95,16.1,16.8,52005
PEARLPOLY,2020-07-08 00:00:00+05:30,16.5,16.8,16.05,16.1,16157
PEARLPOLY,2020-07-09 00:00:00+05:30,16.05,16.8,15.3,16.45,23296
PEARLPOLY,2020-07-10 00:00:00+05:30,16.1,17.1,16.1,17.05,12708
PEARLPOLY,2020-07-13 00:00:00+05:30,16.85,17.9,16.2,17.8,27101
PEARLPOLY,2020-07-14 00:00:00+05:30,17.8,17.9,16.95,16.95,18930
PEARLPOLY,2020-07-15 00:00:00+05:30,16.15,17.75,16.15,17.75,4100
PEARLPOLY,2020-07-16 00:00:00+05:30,17.75,18.5,17.0,18.45,17777
PEARLPOLY,2020-07-17 00:00:00+05:30,18.5,19.35,17.85,18.85,16350
PEARLPOLY,2020-07-20 00:00:00+05:30,18.1,19.75,18.05,19.75,43700
PEARLPOLY,2020-07-21 00:00:00+05:30,19.5,20.7,18.8,19.5,59265
PEARLPOLY,2020-07-22 00:00:00+05:30,20.0,20.0,19.5,20.0,21800
PEARLPOLY,2020-07-23 00:00:00+05:30,20.5,21.0,20.0,21.0,30729
PEARLPOLY,2020-07-24 00:00:00+05:30,21.0,21.85,21.0,21.25,21075
PEARLPOLY,2020-07-27 00:00:00+05:30,21.5,22.25,21.0,21.05,13078
PEARLPOLY,2020-07-28 00:00:00+05:30,20.0,22.1,20.0,22.1,80808
PEARLPOLY,2020-07-29 00:00:00+05:30,23.2,23.2,21.9,22.05,43684
PEARLPOLY,2020-07-30 00:00:00+05:30,22.4,22.4,20.95,20.95,22716
PEARLPOLY,2020-07-31 00:00:00+05:30,20.0,20.9,20.0,20.3,4740
PEARLPOLY,2020-08-03 00:00:00+05:30,20.0,20.2,19.3,20.0,7914
PEARLPOLY,2020-08-04 00:00:00+05:30,19.0,19.95,19.0,19.0,10121
PEARLPOLY,2020-08-05 00:00:00+05:30,19.95,19.95,18.2,19.7,3585
PEARLPOLY,2020-08-06 00:00:00+05:30,19.7,19.8,19.2,19.25,7265
PEARLPOLY,2020-08-07 00:00:00+05:30,19.0,20.0,18.4,18.85,5900
PEARLPOLY,2020-08-10 00:00:00+05:30,19.7,19.75,18.0,19.75,26089
PEARLPOLY,2020-08-11 00:00:00+05:30,20.1,20.7,19.75,20.35,12433
PEARLPOLY,2020-08-12 00:00:00+05:30,19.35,20.9,19.35,20.15,6239
PEARLPOLY,2020-08-13 00:00:00+05:30,21.0,21.15,19.5,20.75,2770
PEARLPOLY,2020-08-14 00:00:00+05:30,20.75,20.95,19.8,20.95,2946
PEARLPOLY,2020-08-17 00:00:00+05:30,20.0,20.95,20.0,20.1,6262
PEARLPOLY,2020-08-18 00:00:00+05:30,21.0,21.1,19.45,20.15,16087
PEARLPOLY,2020-08-19 00:00:00+05:30,20.15,20.85,19.65,19.95,1817
PEARLPOLY,2020-08-20 00:00:00+05:30,19.95,20.9,19.75,19.9,12115
PEARLPOLY,2020-08-21 00:00:00+05:30,19.0,20.8,19.0,19.2,13670
PEARLPOLY,2020-08-24 00:00:00+05:30,19.0,19.75,18.5,18.75,3266
PEARLPOLY,2020-08-25 00:00:00+05:30,18.75,19.3,18.3,18.5,7205
PEARLPOLY,2020-08-26 00:00:00+05:30,19.25,19.3,18.25,19.0,3740
PEARLPOLY,2020-08-27 00:00:00+05:30,19.6,19.6,18.2,18.25,6218
PEARLPOLY,2020-08-28 00:00:00+05:30,19.1,19.1,18.0,18.25,7668
PEARLPOLY,2020-08-31 00:00:00+05:30,18.25,19.0,17.4,17.4,11004
PEARLPOLY,2020-09-01 00:00:00+05:30,18.2,18.2,16.55,17.2,4799
PEARLPOLY,2020-09-02 00:00:00+05:30,17.9,18.05,17.75,17.9,3082
PEARLPOLY,2020-09-03 00:00:00+05:30,18.5,18.75,18.0,18.75,19643
PEARLPOLY,2020-09-04 00:00:00+05:30,18.0,18.45,18.0,18.05,1151
PEARLPOLY,2020-09-07 00:00:00+05:30,18.05,18.05,18.05,18.05,195
PEARLPOLY,2020-09-08 00:00:00+05:30,18.05,18.05,17.25,17.75,311
PEARLPOLY,2020-09-09 00:00:00+05:30,17.15,17.25,17.0,17.0,3128
PEARLPOLY,2020-09-10 00:00:00+05:30,17.0,17.25,16.3,16.45,751
PEARLPOLY,2020-09-11 00:00:00+05:30,16.4,16.85,15.8,15.95,1057
PEARLPOLY,2020-09-14 00:00:00+05:30,15.6,16.7,15.6,16.55,4813
PEARLPOLY,2020-09-15 00:00:00+05:30,16.7,17.35,16.3,16.5,10691
PEARLPOLY,2020-09-16 00:00:00+05:30,16.5,17.0,16.5,16.85,11447
PEARLPOLY,2020-09-17 00:00:00+05:30,16.85,17.5,16.85,17.0,13911
PEARLPOLY,2020-09-18 00:00:00+05:30,16.85,16.85,16.2,16.3,4024
PEARLPOLY,2020-09-21 00:00:00+05:30,15.7,17.1,15.7,17.1,12064
PEARLPOLY,2020-09-22 00:00:00+05:30,17.95,17.95,17.95,17.95,3436
PEARLPOLY,2020-09-23 00:00:00+05:30,18.8,18.8,18.8,18.8,7967
PEARLPOLY,2020-09-24 00:00:00+05:30,19.7,19.7,17.95,19.7,152249
PEARLPOLY,2020-09-25 00:00:00+05:30,20.45,20.65,19.7,20.65,20537
PEARLPOLY,2020-09-28 00:00:00+05:30,21.55,21.55,19.65,19.65,22061
PEARLPOLY,2020-09-29 00:00:00+05:30,18.7,18.7,18.7,18.7,666
PEARLPOLY,2020-09-30 00:00:00+05:30,17.8,17.8,17.8,17.8,1013
PEARLPOLY,2020-10-01 00:00:00+05:30,16.95,18.25,16.95,17.2,7397
PEARLPOLY,2020-10-05 00:00:00+05:30,17.0,17.3,16.35,16.9,24250
PEARLPOLY,2020-10-06 00:00:00+05:30,16.25,16.75,16.1,16.5,3801
PEARLPOLY,2020-10-07 00:00:00+05:30,15.9,16.8,15.8,16.8,2125
PEARLPOLY,2020-10-08 00:00:00+05:30,16.1,16.5,16.05,16.25,4419
PEARLPOLY,2020-10-09 00:00:00+05:30,16.25,16.85,16.0,16.0,7138
PEARLPOLY,2020-10-12 00:00:00+05:30,16.75,16.8,16.15,16.35,11940
PEARLPOLY,2020-10-13 00:00:00+05:30,16.15,16.75,16.0,16.0,4359
PEARLPOLY,2020-10-14 00:00:00+05:30,16.75,16.8,16.25,16.8,985
PEARLPOLY,2020-10-15 00:00:00+05:30,16.95,17.4,16.0,16.35,27500
PEARLPOLY,2020-10-16 00:00:00+05:30,17.1,17.15,16.0,16.05,26157
PEARLPOLY,2020-10-19 00:00:00+05:30,16.35,16.35,15.7,16.05,7054
PEARLPOLY,2020-10-20 00:00:00+05:30,16.05,16.55,16.0,16.0,16988
PEARLPOLY,2020-10-21 00:00:00+05:30,16.0,16.05,15.7,16.0,12158
PEARLPOLY,2020-10-22 00:00:00+05:30,16.0,16.55,16.0,16.0,7661
PEARLPOLY,2020-10-23 00:00:00+05:30,16.7,16.8,16.15,16.8,11813
PEARLPOLY,2020-10-26 00:00:00+05:30,16.4,17.25,16.0,16.1,46527
PEARLPOLY,2020-10-27 00:00:00+05:30,16.9,16.9,15.4,16.15,8524
PEARLPOLY,2020-10-28 00:00:00+05:30,16.0,16.55,15.65,16.5,3541
PEARLPOLY,2020-10-29 00:00:00+05:30,16.05,16.4,15.7,15.7,23008
PEARLPOLY,2020-10-30 00:00:00+05:30,15.7,16.45,15.7,16.0,6710
PEARLPOLY,2020-11-02 00:00:00+05:30,16.0,16.5,16.0,16.5,110
PEARLPOLY,2020-11-03 00:00:00+05:30,15.75,17.3,15.75,16.75,7121
PEARLPOLY,2020-11-04 00:00:00+05:30,16.4,17.25,16.4,16.9,8102
PEARLPOLY,2020-11-05 00:00:00+05:30,16.9,16.9,16.15,16.2,11556
PEARLPOLY,2020-11-06 00:00:00+05:30,15.75,16.0,15.7,16.0,3520
PEARLPOLY,2020-11-09 00:00:00+05:30,15.3,16.25,15.3,16.25,502
PEARLPOLY,2020-11-10 00:00:00+05:30,17.05,17.05,15.5,16.55,4020
PEARLPOLY,2020-11-11 00:00:00+05:30,16.05,16.05,15.8,15.8,5357
PEARLPOLY,2020-11-12 00:00:00+05:30,15.5,16.55,15.5,15.9,6990
PEARLPOLY,2020-11-13 00:00:00+05:30,15.65,16.1,15.65,16.0,1400
PEARLPOLY,2020-11-14 00:00:00+05:30,16.05,16.05,16.0,16.05,1050
PEARLPOLY,2020-11-17 00:00:00+05:30,16.05,16.3,15.6,16.0,6199
PEARLPOLY,2020-11-18 00:00:00+05:30,16.05,16.6,15.7,15.7,6808
PEARLPOLY,2020-11-20 00:00:00+05:30,16.45,16.45,15.25,15.35,2585
PEARLPOLY,2020-11-23 00:00:00+05:30,15.4,16.1,15.4,16.0,10223
PEARLPOLY,2020-11-24 00:00:00+05:30,16.8,16.8,15.55,16.4,1574
PEARLPOLY,2020-11-25 00:00:00+05:30,16.9,16.9,16.0,16.05,1589
PEARLPOLY,2020-11-26 00:00:00+05:30,16.85,16.85,15.75,16.65,989
PEARLPOLY,2020-11-27 00:00:00+05:30,17.15,17.45,16.65,16.65,854
PEARLPOLY,2020-12-01 00:00:00+05:30,16.65,16.65,15.85,15.95,788
PEARLPOLY,2020-12-02 00:00:00+05:30,15.95,16.45,15.25,15.7,6530
PEARLPOLY,2020-12-03 00:00:00+05:30,15.5,16.2,15.25,15.6,3451
PEARLPOLY,2020-12-04 00:00:00+05:30,15.9,15.95,15.75,15.75,1142
PEARLPOLY,2020-12-07 00:00:00+05:30,15.75,16.5,15.6,15.7,5180
PEARLPOLY,2020-12-08 00:00:00+05:30,15.7,16.2,15.7,16.2,4178
PEARLPOLY,2020-12-09 00:00:00+05:30,15.9,17.8,15.8,16.7,11133
PEARLPOLY,2020-12-10 00:00:00+05:30,17.5,18.35,16.4,18.3,37614
PEARLPOLY,2020-12-11 00:00:00+05:30,18.5,18.7,17.05,18.55,36686
PEARLPOLY,2020-12-14 00:00:00+05:30,17.9,20.4,17.9,20.3,40967
PEARLPOLY,2020-12-15 00:00:00+05:30,20.5,21.2,19.65,20.7,35152
PEARLPOLY,2020-12-16 00:00:00+05:30,20.7,21.6,19.8,20.8,65260
PEARLPOLY,2020-12-17 00:00:00+05:30,21.0,21.35,20.4,20.85,6185
PEARLPOLY,2020-12-18 00:00:00+05:30,20.5,20.95,19.85,20.6,5180
PEARLPOLY,2020-12-21 00:00:00+05:30,20.0,20.5,19.6,19.6,3994
PEARLPOLY,2020-12-22 00:00:00+05:30,18.65,19.3,18.65,18.7,1498
PEARLPOLY,2020-12-23 00:00:00+05:30,19.45,19.45,18.0,18.6,3962
PEARLPOLY,2020-12-24 00:00:00+05:30,18.5,19.5,18.1,19.25,2751
PEARLPOLY,2020-12-28 00:00:00+05:30,19.25,20.2,18.7,20.0,13140
PEARLPOLY,2020-12-29 00:00:00+05:30,20.5,20.95,19.3,20.25,22130
PEARLPOLY,2020-12-30 00:00:00+05:30,20.7,21.05,19.8,20.4,32751
PEARLPOLY,2020-12-31 00:00:00+05:30,20.75,20.75,20.1,20.55,3481
PEARLPOLY,2021-01-01 00:00:00+05:30,21.55,21.55,19.95,20.1,13767
PEARLPOLY,2021-01-04 00:00:00+05:30,20.5,20.95,19.6,20.45,7082
PEARLPOLY,2021-01-05 00:00:00+05:30,20.85,20.9,19.95,20.2,6507
PEARLPOLY,2021-01-06 00:00:00+05:30,20.05,20.7,20.05,20.15,3468
PEARLPOLY,2021-01-07 00:00:00+05:30,20.7,20.7,19.55,19.95,4692
PEARLPOLY,2021-01-08 00:00:00+05:30,19.7,19.9,19.5,19.5,8090
PEARLPOLY,2021-01-11 00:00:00+05:30,19.5,19.5,18.55,18.55,8530
PEARLPOLY,2021-01-12 00:00:00+05:30,18.95,19.4,18.0,18.85,3419
PEARLPOLY,2021-01-13 00:00:00+05:30,18.85,18.85,17.95,18.2,11882
PEARLPOLY,2021-01-14 00:00:00+05:30,18.05,18.3,17.55,17.65,2735
PEARLPOLY,2021-01-15 00:00:00+05:30,17.45,18.05,17.3,17.4,1772
PEARLPOLY,2021-01-18 00:00:00+05:30,17.4,18.25,16.9,17.2,1740
PEARLPOLY,2021-01-19 00:00:00+05:30,17.15,17.6,17.15,17.25,1673
PEARLPOLY,2021-01-20 00:00:00+05:30,17.8,18.1,17.4,17.95,11904
PEARLPOLY,2021-01-21 00:00:00+05:30,18.7,18.8,17.4,18.3,33894
PEARLPOLY,2021-01-22 00:00:00+05:30,18.1,19.2,17.8,18.5,4007
PEARLPOLY,2021-01-25 00:00:00+05:30,18.75,18.8,17.7,17.8,4405
PEARLPOLY,2021-01-27 00:00:00+05:30,17.6,17.6,16.95,17.6,2163
PEARLPOLY,2021-01-28 00:00:00+05:30,17.4,18.2,17.15,17.65,10887
PEARLPOLY,2021-01-29 00:00:00+05:30,17.65,18.45,17.65,18.0,7869
PEARLPOLY,2021-02-01 00:00:00+05:30,18.5,18.9,17.5,17.5,2179
PEARLPOLY,2021-02-02 00:00:00+05:30,17.5,18.35,17.15,17.45,5106
PEARLPOLY,2021-02-03 00:00:00+05:30,17.45,17.45,16.7,16.9,1177
PEARLPOLY,2021-02-04 00:00:00+05:30,16.7,17.7,16.4,16.95,2067
PEARLPOLY,2021-02-05 00:00:00+05:30,17.0,17.0,16.25,16.7,9801
PEARLPOLY,2021-02-08 00:00:00+05:30,17.45,17.45,15.9,16.0,12590
PEARLPOLY,2021-02-09 00:00:00+05:30,15.9,16.2,15.9,16.0,1347
PEARLPOLY,2021-02-10 00:00:00+05:30,16.6,16.6,15.25,15.45,2951
PEARLPOLY,2021-02-11 00:00:00+05:30,15.95,16.2,15.45,15.85,2472
PEARLPOLY,2021-02-12 00:00:00+05:30,16.6,16.6,15.4,15.5,2922
PEARLPOLY,2021-02-15 00:00:00+05:30,15.5,15.95,15.25,15.5,6440
PEARLPOLY,2021-02-16 00:00:00+05:30,14.9,15.45,14.9,15.3,2971
PEARLPOLY,2021-02-17 00:00:00+05:30,14.75,15.9,14.75,15.6,2986
PEARLPOLY,2021-02-18 00:00:00+05:30,16.3,16.3,15.65,15.8,6774
PEARLPOLY,2021-02-19 00:00:00+05:30,16.5,16.55,15.5,15.5,5697
PEARLPOLY,2021-02-22 00:00:00+05:30,16.2,16.2,14.9,15.4,3255
PEARLPOLY,2021-02-23 00:00:00+05:30,15.95,15.95,14.75,15.05,4989
PEARLPOLY,2021-02-24 00:00:00+05:30,15.0,15.0,15.0,15.0,1
PEARLPOLY,2021-02-25 00:00:00+05:30,14.9,15.75,14.9,15.55,3437
PEARLPOLY,2021-02-26 00:00:00+05:30,15.9,15.95,15.3,15.3,2153
PEARLPOLY,2021-03-01 00:00:00+05:30,15.9,15.9,14.7,14.85,17674
PEARLPOLY,2021-03-02 00:00:00+05:30,15.55,15.55,14.4,14.95,8932
PEARLPOLY,2021-03-03 00:00:00+05:30,15.0,15.35,14.5,15.3,7031
PEARLPOLY,2021-03-04 00:00:00+05:30,15.3,16.05,14.75,16.05,37115
PEARLPOLY,2021-03-05 00:00:00+05:30,16.05,16.1,15.3,16.05,10380
PEARLPOLY,2021-03-08 00:00:00+05:30,15.95,16.0,15.35,15.95,4717
PEARLPOLY,2021-03-09 00:00:00+05:30,15.75,15.95,15.25,15.55,8888
PEARLPOLY,2021-03-10 00:00:00+05:30,15.15,16.25,14.9,15.4,13286
PEARLPOLY,2021-03-12 00:00:00+05:30,15.4,15.75,15.2,15.3,810
PEARLPOLY,2021-03-15 00:00:00+05:30,16.0,16.0,14.7,15.1,3811
PEARLPOLY,2021-03-16 00:00:00+05:30,14.9,15.5,14.9,15.1,13086
PEARLPOLY,2021-03-17 00:00:00+05:30,14.9,15.85,14.9,15.65,17231
PEARLPOLY,2021-03-18 00:00:00+05:30,15.35,15.7,14.9,15.0,2156
PEARLPOLY,2021-03-19 00:00:00+05:30,14.55,15.1,14.55,15.05,781
PEARLPOLY,2021-03-22 00:00:00+05:30,15.7,15.7,14.5,14.65,3924
PEARLPOLY,2021-03-23 00:00:00+05:30,15.2,15.2,14.95,15.0,1413
PEARLPOLY,2021-03-24 00:00:00+05:30,14.55,15.0,14.55,15.0,1645
PEARLPOLY,2021-03-25 00:00:00+05:30,14.5,15.45,14.35,14.55,621
PEARLPOLY,2021-03-26 00:00:00+05:30,15.25,15.25,14.15,14.4,3265
PEARLPOLY,2021-03-30 00:00:00+05:30,14.35,14.35,13.95,14.05,2361
PEARLPOLY,2021-03-31 00:00:00+05:30,14.35,14.7,14.0,14.05,3438
PEARLPOLY,2021-04-01 00:00:00+05:30,14.7,14.75,14.1,14.2,1494
PEARLPOLY,2021-04-05 00:00:00+05:30,14.1,14.4,13.8,13.95,5877
PEARLPOLY,2021-04-06 00:00:00+05:30,14.0,14.55,13.85,14.35,5681
PEARLPOLY,2021-04-07 00:00:00+05:30,14.4,14.7,14.35,14.35,1324
PEARLPOLY,2021-04-08 00:00:00+05:30,15.05,15.2,14.35,15.15,2117
PEARLPOLY,2021-04-09 00:00:00+05:30,15.0,15.15,14.55,14.95,3454
PEARLPOLY,2021-04-12 00:00:00+05:30,14.7,14.7,13.5,14.05,1901
PEARLPOLY,2021-04-13 00:00:00+05:30,14.05,15.45,14.05,15.45,12318
PEARLPOLY,2021-04-15 00:00:00+05:30,15.6,16.4,14.95,16.05,22740
PEARLPOLY,2021-04-16 00:00:00+05:30,16.15,17.65,15.5,17.1,22414
PEARLPOLY,2021-04-19 00:00:00+05:30,17.45,17.6,15.6,17.1,20023
PEARLPOLY,2021-04-20 00:00:00+05:30,17.55,17.55,16.4,16.65,5041
PEARLPOLY,2021-04-22 00:00:00+05:30,17.0,17.0,15.1,16.1,10721
PEARLPOLY,2021-04-23 00:00:00+05:30,15.8,17.0,15.6,16.85,12460
PEARLPOLY,2021-04-26 00:00:00+05:30,17.0,17.0,15.9,16.1,13672
PEARLPOLY,2021-04-27 00:00:00+05:30,15.7,16.0,14.75,15.75,7851
PEARLPOLY,2021-04-28 00:00:00+05:30,15.85,16.0,15.25,15.95,66492
PEARLPOLY,2021-04-29 00:00:00+05:30,15.55,16.15,15.5,15.95,3298
PEARLPOLY,2021-04-30 00:00:00+05:30,15.75,16.0,15.0,15.6,5018
PEARLPOLY,2021-05-03 00:00:00+05:30,15.3,15.9,15.0,15.5,613
PEARLPOLY,2021-05-04 00:00:00+05:30,15.7,17.0,14.15,15.95,17160
PEARLPOLY,2021-05-05 00:00:00+05:30,15.95,16.15,15.6,15.85,17118
PEARLPOLY,2021-05-06 00:00:00+05:30,15.85,15.95,15.65,15.8,538
PEARLPOLY,2021-05-07 00:00:00+05:30,15.8,16.15,15.75,15.95,2970
PEARLPOLY,2021-05-10 00:00:00+05:30,15.9,16.35,15.0,15.3,13539
PEARLPOLY,2021-05-11 00:00:00+05:30,16.4,16.55,14.7,15.1,30554
PEARLPOLY,2021-05-12 00:00:00+05:30,15.05,15.9,14.85,15.0,39818
PEARLPOLY,2021-05-14 00:00:00+05:30,15.9,15.9,14.9,15.25,6675
PEARLPOLY,2021-05-17 00:00:00+05:30,15.05,15.55,14.85,14.95,5231
PEARLPOLY,2021-05-18 00:00:00+05:30,15.5,16.4,14.3,15.3,104484
PEARLPOLY,2021-05-19 00:00:00+05:30,15.1,15.5,14.9,15.0,28412
PEARLPOLY,2021-05-20 00:00:00+05:30,14.8,15.4,14.8,15.0,21458
PEARLPOLY,2021-05-21 00:00:00+05:30,15.5,15.5,14.7,14.9,17016
PEARLPOLY,2021-05-24 00:00:00+05:30,14.85,15.3,14.7,15.0,14721
PEARLPOLY,2021-05-25 00:00:00+05:30,15.4,15.4,14.55,14.8,37001
PEARLPOLY,2021-05-26 00:00:00+05:30,15.3,15.4,14.55,15.2,28412
PEARLPOLY,2021-05-27 00:00:00+05:30,15.4,15.6,14.9,15.4,49422
PEARLPOLY,2021-05-28 00:00:00+05:30,16.0,16.3,15.5,15.75,47987
PEARLPOLY,2021-05-31 00:00:00+05:30,16.7,16.7,15.75,15.95,29305
PEARLPOLY,2021-06-01 00:00:00+05:30,15.95,16.35,15.2,15.5,29311
PEARLPOLY,2021-06-02 00:00:00+05:30,15.5,17.05,15.5,17.0,150382
PEARLPOLY,2021-06-03 00:00:00+05:30,18.6,18.7,17.35,18.7,404571
PEARLPOLY,2021-06-04 00:00:00+05:30,18.8,20.45,17.75,20.15,204654
PEARLPOLY,2021-06-07 00:00:00+05:30,21.0,21.15,19.4,19.95,144940
PEARLPOLY,2021-06-08 00:00:00+05:30,20.2,20.4,19.0,19.0,70661
PEARLPOLY,2021-06-09 00:00:00+05:30,18.9,19.6,18.25,18.85,49897
PEARLPOLY,2021-06-10 00:00:00+05:30,19.55,19.55,18.1,19.15,29078
PEARLPOLY,2021-06-11 00:00:00+05:30,19.6,19.6,18.45,19.05,39226
PEARLPOLY,2021-06-14 00:00:00+05:30,18.45,19.55,18.1,18.75,18322
PEARLPOLY,2021-06-15 00:00:00+05:30,18.8,19.5,18.75,18.95,32412
PEARLPOLY,2021-06-16 00:00:00+05:30,19.45,19.45,18.5,19.0,16025
PEARLPOLY,2021-06-17 00:00:00+05:30,19.6,19.6,18.1,18.7,50060
PEARLPOLY,2021-06-18 00:00:00+05:30,19.3,19.3,17.8,17.9,23411
PEARLPOLY,2021-06-21 00:00:00+05:30,17.55,18.6,17.55,17.8,12255
PEARLPOLY,2021-06-22 00:00:00+05:30,17.55,18.5,17.25,18.05,50538
PEARLPOLY,2021-06-23 00:00:00+05:30,18.25,18.25,17.3,17.6,18127
PEARLPOLY,2021-06-24 00:00:00+05:30,18.0,18.0,16.75,16.85,25779
PEARLPOLY,2021-06-25 00:00:00+05:30,16.6,17.6,16.6,16.85,22732
PEARLPOLY,2021-06-28 00:00:00+05:30,16.8,17.35,16.5,16.55,18089
PEARLPOLY,2021-06-29 00:00:00+05:30,16.9,17.35,16.6,16.95,13561
PEARLPOLY,2021-06-30 00:00:00+05:30,17.0,17.55,16.65,17.15,27168
PEARLPOLY,2021-07-01 00:00:00+05:30,17.45,17.45,16.75,16.85,15078
PEARLPOLY,2021-07-02 00:00:00+05:30,17.35,17.35,16.05,16.4,19260
PEARLPOLY,2021-07-05 00:00:00+05:30,16.35,16.75,15.65,16.25,25033
PEARLPOLY,2021-07-06 00:00:00+05:30,16.1,17.05,15.65,17.05,41032
PEARLPOLY,2021-07-07 00:00:00+05:30,17.85,17.9,17.25,17.9,39550
PEARLPOLY,2021-07-08 00:00:00+05:30,18.35,18.75,18.15,18.75,170160
PEARLPOLY,2021-07-09 00:00:00+05:30,19.25,19.3,17.85,18.25,43000
PEARLPOLY,2021-07-12 00:00:00+05:30,18.0,18.8,17.35,17.8,32206
PEARLPOLY,2021-07-13 00:00:00+05:30,18.4,18.4,17.5,17.85,29729
PEARLPOLY,2021-07-14 00:00:00+05:30,17.85,18.5,17.05,17.45,55330
PEARLPOLY,2021-07-15 00:00:00+05:30,17.9,17.9,16.75,16.85,12944
PEARLPOLY,2021-07-16 00:00:00+05:30,16.85,17.5,16.5,16.95,20218
PEARLPOLY,2021-07-19 00:00:00+05:30,16.95,17.4,16.4,16.65,38123
PEARLPOLY,2021-07-20 00:00:00+05:30,17.0,17.0,16.0,16.3,29756
PEARLPOLY,2021-07-22 00:00:00+05:30,15.85,16.75,15.8,16.05,32369
PEARLPOLY,2021-07-23 00:00:00+05:30,16.5,16.7,16.0,16.1,29279
PEARLPOLY,2021-07-26 00:00:00+05:30,16.1,16.3,15.8,15.9,11131
PEARLPOLY,2021-07-27 00:00:00+05:30,15.9,16.55,15.75,15.85,14799
PEARLPOLY,2021-07-28 00:00:00+05:30,16.2,16.6,15.65,16.6,24202
PEARLPOLY,2021-07-29 00:00:00+05:30,17.0,17.4,17.0,17.4,41028
PEARLPOLY,2021-07-30 00:00:00+05:30,17.75,18.25,17.15,18.1,51489
PEARLPOLY,2021-08-02 00:00:00+05:30,18.4,18.85,17.7,17.95,20986
PEARLPOLY,2021-08-03 00:00:00+05:30,17.8,18.0,17.1,17.1,29036
PEARLPOLY,2021-08-04 00:00:00+05:30,17.0,17.35,16.25,16.4,45775
PEARLPOLY,2021-08-05 00:00:00+05:30,16.25,16.65,15.8,16.3,30246
PEARLPOLY,2021-08-06 00:00:00+05:30,16.0,16.9,16.0,16.35,4161
PEARLPOLY,2021-08-09 00:00:00+05:30,16.85,16.85,16.1,16.2,5506
PEARLPOLY,2021-08-10 00:00:00+05:30,16.05,16.5,15.85,16.1,8995
PEARLPOLY,2021-08-11 00:00:00+05:30,15.8,16.0,15.3,15.9,17514
PEARLPOLY,2021-08-12 00:00:00+05:30,15.95,16.5,15.9,16.2,11974
PEARLPOLY,2021-08-13 00:00:00+05:30,16.75,16.75,16.0,16.15,6729
PEARLPOLY,2021-08-16 00:00:00+05:30,16.95,16.95,16.95,16.95,10226
PEARLPOLY,2021-08-17 00:00:00+05:30,17.65,17.75,16.75,17.4,55281
PEARLPOLY,2021-08-18 00:00:00+05:30,17.85,17.85,16.55,16.65,49740
PEARLPOLY,2021-08-20 00:00:00+05:30,16.35,16.8,16.25,16.45,7067
PEARLPOLY,2021-08-23 00:00:00+05:30,17.2,17.2,16.15,16.2,12392
PEARLPOLY,2021-08-24 00:00:00+05:30,16.15,16.65,15.5,15.9,10392
PEARLPOLY,2021-08-25 00:00:00+05:30,16.6,16.6,15.2,15.45,30967
PEARLPOLY,2021-08-26 00:00:00+05:30,15.5,16.2,15.25,16.2,15127
PEARLPOLY,2021-08-27 00:00:00+05:30,16.8,16.8,16.05,16.4,8439
PEARLPOLY,2021-08-30 00:00:00+05:30,16.85,16.85,16.0,16.05,36701
PEARLPOLY,2021-08-31 00:00:00+05:30,16.6,16.6,15.7,15.75,5791
PEARLPOLY,2021-09-01 00:00:00+05:30,15.5,16.2,15.4,15.75,3164
PEARLPOLY,2021-09-02 00:00:00+05:30,16.4,16.4,15.65,16.15,1514
PEARLPOLY,2021-09-03 00:00:00+05:30,15.85,16.2,15.45,15.65,14615
PEARLPOLY,2021-09-06 00:00:00+05:30,16.0,16.0,15.55,15.7,1318
PEARLPOLY,2021-09-07 00:00:00+05:30,16.25,16.25,15.75,15.9,11462
PEARLPOLY,2021-09-08 00:00:00+05:30,16.15,16.15,15.6,15.95,5091
PEARLPOLY,2021-09-09 00:00:00+05:30,16.45,16.45,15.75,16.0,5497
PEARLPOLY,2021-09-13 00:00:00+05:30,15.7,16.8,15.7,15.9,10787
PEARLPOLY,2021-09-14 00:00:00+05:30,16.2,16.2,15.7,15.75,6324
PEARLPOLY,2021-09-15 00:00:00+05:30,16.15,16.4,15.85,16.15,8656
PEARLPOLY,2021-09-16 00:00:00+05:30,15.75,16.7,15.6,15.9,18696
PEARLPOLY,2021-09-17 00:00:00+05:30,15.65,16.2,15.6,16.0,8175
PEARLPOLY,2021-09-20 00:00:00+05:30,16.35,16.35,15.5,15.6,13142
PEARLPOLY,2021-09-21 00:00:00+05:30,15.8,16.0,15.5,15.85,6515
PEARLPOLY,2021-09-22 00:00:00+05:30,16.15,16.2,15.7,15.9,3039
PEARLPOLY,2021-09-23 00:00:00+05:30,15.95,15.95,15.4,15.75,10907
PEARLPOLY,2021-09-24 00:00:00+05:30,15.95,15.95,15.35,15.6,9345
PEARLPOLY,2021-09-27 00:00:00+05:30,15.7,15.9,14.85,14.95,75375
PEARLPOLY,2021-09-28 00:00:00+05:30,15.3,15.3,14.8,14.8,11247
PEARLPOLY,2021-09-29 00:00:00+05:30,14.8,15.2,14.5,14.75,8803
PEARLPOLY,2021-09-30 00:00:00+05:30,15.0,15.0,14.3,14.9,15376
PEARLPOLY,2021-10-01 00:00:00+05:30,15.5,15.5,14.65,15.25,10823
PEARLPOLY,2021-10-04 00:00:00+05:30,15.2,15.45,14.5,15.15,20696
PEARLPOLY,2021-10-05 00:00:00+05:30,14.75,15.4,14.75,15.35,6700
PEARLPOLY,2021-10-06 00:00:00+05:30,15.5,15.85,15.15,15.5,8726
PEARLPOLY,2021-10-07 00:00:00+05:30,15.5,16.1,15.2,15.6,8134
PEARLPOLY,2021-10-08 00:00:00+05:30,15.8,15.85,15.4,15.55,11233
PEARLPOLY,2021-10-11 00:00:00+05:30,15.8,16.5,15.15,15.8,9162
PEARLPOLY,2021-10-12 00:00:00+05:30,15.95,16.25,15.6,16.0,12878
PEARLPOLY,2021-10-13 00:00:00+05:30,15.65,16.25,15.65,16.0,5957
PEARLPOLY,2021-10-14 00:00:00+05:30,16.2,16.2,15.6,15.75,4194
PEARLPOLY,2021-10-18 00:00:00+05:30,16.0,16.3,15.4,15.95,12724
PEARLPOLY,2021-10-19 00:00:00+05:30,16.5,16.5,15.55,15.9,8901
PEARLPOLY,2021-10-20 00:00:00+05:30,15.6,15.65,15.2,15.4,22888
PEARLPOLY,2021-10-21 00:00:00+05:30,15.5,15.8,15.15,15.25,6931
PEARLPOLY,2021-10-22 00:00:00+05:30,15.5,15.9,15.25,15.6,6463
PEARLPOLY,2021-10-25 00:00:00+05:30,16.0,16.0,15.1,15.4,4439
PEARLPOLY,2021-10-26 00:00:00+05:30,15.6,15.6,15.1,15.1,6484
PEARLPOLY,2021-10-27 00:00:00+05:30,15.15,15.75,15.15,15.4,13260
PEARLPOLY,2021-10-28 00:00:00+05:30,15.15,15.4,14.9,15.0,13729
PEARLPOLY,2021-10-29 00:00:00+05:30,15.15,15.15,14.65,15.1,3667
PEARLPOLY,2021-11-01 00:00:00+05:30,15.1,15.75,14.7,14.85,14123
PEARLPOLY,2021-11-02 00:00:00+05:30,15.9,15.9,14.6,15.3,15982
PEARLPOLY,2021-11-03 00:00:00+05:30,15.6,15.6,14.85,15.0,2286
PEARLPOLY,2021-11-04 00:00:00+05:30,15.0,15.5,15.0,15.2,460
PEARLPOLY,2021-11-08 00:00:00+05:30,15.0,15.2,14.85,14.9,4202
PEARLPOLY,2021-11-09 00:00:00+05:30,15.1,15.35,14.95,15.05,22511
PEARLPOLY,2021-11-10 00:00:00+05:30,14.85,15.3,14.85,15.3,4973
PEARLPOLY,2021-11-11 00:00:00+05:30,15.0,15.35,14.8,15.05,7335
PEARLPOLY,2021-11-12 00:00:00+05:30,15.25,15.25,14.85,15.05,6788
PEARLPOLY,2021-11-15 00:00:00+05:30,15.25,15.25,14.75,14.85,80420
PEARLPOLY,2021-11-16 00:00:00+05:30,15.0,15.5,14.8,14.85,32169
PEARLPOLY,2021-11-17 00:00:00+05:30,15.3,15.3,14.6,14.85,7006
PEARLPOLY,2021-11-18 00:00:00+05:30,15.25,15.25,14.15,14.45,24358
PEARLPOLY,2021-11-22 00:00:00+05:30,14.2,15.1,14.1,14.45,3256
PEARLPOLY,2021-11-23 00:00:00+05:30,14.65,15.55,13.8,15.15,18941
PEARLPOLY,2021-11-24 00:00:00+05:30,15.15,15.15,14.65,14.75,7948
PEARLPOLY,2021-11-25 00:00:00+05:30,15.55,16.0,14.55,15.25,12731
PEARLPOLY,2021-11-26 00:00:00+05:30,15.9,15.9,14.8,15.0,10099
PEARLPOLY,2021-11-29 00:00:00+05:30,14.55,15.55,14.55,15.0,4823
PEARLPOLY,2021-11-30 00:00:00+05:30,16.25,16.25,14.65,15.1,23590
PEARLPOLY,2021-12-01 00:00:00+05:30,15.0,15.5,14.8,15.2,8024
PEARLPOLY,2021-12-02 00:00:00+05:30,15.5,16.0,14.75,15.5,15513
PEARLPOLY,2021-12-03 00:00:00+05:30,15.7,15.7,15.15,15.55,4028
PEARLPOLY,2021-12-06 00:00:00+05:30,16.1,16.1,15.0,15.45,18187
PEARLPOLY,2021-12-07 00:00:00+05:30,15.75,16.15,15.35,15.9,38323
PEARLPOLY,2021-12-08 00:00:00+05:30,16.75,16.75,15.8,16.0,22074
PEARLPOLY,2021-12-09 00:00:00+05:30,16.0,16.0,15.35,15.8,12150
PEARLPOLY,2021-12-10 00:00:00+05:30,15.8,16.5,15.55,16.35,15474
PEARLPOLY,2021-12-13 00:00:00+05:30,16.45,16.5,15.75,16.1,15382
PEARLPOLY,2021-12-14 00:00:00+05:30,15.8,19.3,15.6,19.3,245712
PEARLPOLY,2021-12-15 00:00:00+05:30,20.8,23.15,20.8,23.15,2144838
PEARLPOLY,2021-12-16 00:00:00+05:30,24.95,24.95,20.85,20.85,1167503
PEARLPOLY,2021-12-17 00:00:00+05:30,20.85,21.3,18.8,18.8,412979
PEARLPOLY,2021-12-20 00:00:00+05:30,18.3,18.45,16.95,16.95,276611
PEARLPOLY,2021-12-21 00:00:00+05:30,17.5,17.75,16.25,17.75,83095
PEARLPOLY,2021-12-22 00:00:00+05:30,18.3,18.6,17.35,17.75,158673
PEARLPOLY,2021-12-23 00:00:00+05:30,17.75,18.35,17.2,17.25,64848
PEARLPOLY,2021-12-24 00:00:00+05:30,17.6,17.75,16.75,17.25,97433
PEARLPOLY,2021-12-27 00:00:00+05:30,17.25,18.1,16.4,18.1,149383
PEARLPOLY,2021-12-28 00:00:00+05:30,18.8,18.8,17.75,18.3,95654
PEARLPOLY,2021-12-29 00:00:00+05:30,19.05,19.05,17.75,17.9,75191
PEARLPOLY,2021-12-30 00:00:00+05:30,18.4,18.4,17.4,17.55,68486
PEARLPOLY,2021-12-31 00:00:00+05:30,17.9,17.95,16.85,17.65,65830
PEARLPOLY,2022-01-03 00:00:00+05:30,17.75,18.4,17.7,18.25,85192
PEARLPOLY,2022-01-04 00:00:00+05:30,18.95,18.95,17.55,18.4,98986
PEARLPOLY,2022-01-05 00:00:00+05:30,18.5,18.5,17.75,18.1,78615
PEARLPOLY,2022-01-06 00:00:00+05:30,18.25,18.35,17.7,18.2,35788
PEARLPOLY,2022-01-07 00:00:00+05:30,18.5,18.5,18.05,18.1,51634
PEARLPOLY,2022-01-10 00:00:00+05:30,18.5,18.7,17.9,18.4,100211
PEARLPOLY,2022-01-11 00:00:00+05:30,18.8,18.8,18.1,18.45,44773
PEARLPOLY,2022-01-12 00:00:00+05:30,18.45,18.45,17.9,18.0,62931
PEARLPOLY,2022-01-13 00:00:00+05:30,18.0,18.1,17.6,17.95,28809
PEARLPOLY,2022-01-14 00:00:00+05:30,18.6,18.6,17.7,18.35,44866
PEARLPOLY,2022-01-17 00:00:00+05:30,18.75,18.75,18.05,18.35,52311
PEARLPOLY,2022-01-18 00:00:00+05:30,18.75,19.25,17.95,19.25,172627
PEARLPOLY,2022-01-19 00:00:00+05:30,20.0,20.2,19.25,19.85,276715
PEARLPOLY,2022-01-20 00:00:00+05:30,19.45,20.65,18.9,20.35,152870
PEARLPOLY,2022-01-21 00:00:00+05:30,20.4,21.0,19.35,19.35,108439
PEARLPOLY,2022-01-24 00:00:00+05:30,19.35,19.35,18.4,18.45,82919
PEARLPOLY,2022-01-25 00:00:00+05:30,17.8,19.35,17.8,19.35,40774
PEARLPOLY,2022-01-27 00:00:00+05:30,19.35,20.3,19.35,20.15,164328
PEARLPOLY,2022-01-28 00:00:00+05:30,20.15,21.15,19.5,19.65,105023
PEARLPOLY,2022-01-31 00:00:00+05:30,19.95,20.2,18.8,18.9,63133
PEARLPOLY,2022-02-01 00:00:00+05:30,18.55,19.45,18.55,18.85,23145
PEARLPOLY,2022-02-02 00:00:00+05:30,18.55,19.3,18.55,19.05,21697
PEARLPOLY,2022-02-03 00:00:00+05:30,19.2,19.4,18.85,19.1,19676
PEARLPOLY,2022-02-04 00:00:00+05:30,19.1,19.35,18.85,19.0,19116
PEARLPOLY,2022-02-07 00:00:00+05:30,19.4,19.7,18.7,19.1,33889
PEARLPOLY,2022-02-08 00:00:00+05:30,19.35,19.35,18.8,18.85,18911
PEARLPOLY,2022-02-09 00:00:00+05:30,19.35,20.7,19.05,20.7,152904
PEARLPOLY,2022-02-10 00:00:00+05:30,21.3,22.5,19.15,20.35,226718
PEARLPOLY,2022-02-11 00:00:00+05:30,20.35,22.0,18.55,20.55,127699
PEARLPOLY,2022-02-14 00:00:00+05:30,21.7,21.7,19.25,19.3,59243
PEARLPOLY,2022-02-15 00:00:00+05:30,19.3,19.75,18.2,18.7,62395
PEARLPOLY,2022-02-16 00:00:00+05:30,19.5,19.65,18.55,19.1,24364
PEARLPOLY,2022-02-17 00:00:00+05:30,19.85,19.85,18.9,19.05,20613
PEARLPOLY,2022-02-18 00:00:00+05:30,18.9,19.7,18.55,18.8,35388
PEARLPOLY,2022-02-21 00:00:00+05:30,18.7,18.75,17.1,17.9,53268
PEARLPOLY,2022-02-22 00:00:00+05:30,17.1,18.45,16.75,18.0,47556
PEARLPOLY,2022-02-23 00:00:00+05:30,17.85,18.6,17.85,18.15,15716
PEARLPOLY,2022-02-24 00:00:00+05:30,18.2,18.35,16.4,16.45,35867
PEARLPOLY,2022-02-25 00:00:00+05:30,17.0,18.05,16.65,17.45,29730
PEARLPOLY,2022-02-28 00:00:00+05:30,16.8,18.05,16.35,16.95,43995
PEARLPOLY,2022-03-02 00:00:00+05:30,16.4,18.5,16.4,17.0,48122
PEARLPOLY,2022-03-03 00:00:00+05:30,16.9,18.5,16.9,18.1,27881
PEARLPOLY,2022-03-04 00:00:00+05:30,18.55,18.55,17.55,17.9,20979
PEARLPOLY,2022-03-07 00:00:00+05:30,18.45,18.45,16.85,17.1,26953
PEARLPOLY,2022-03-08 00:00:00+05:30,17.3,18.75,17.3,17.55,11845
PEARLPOLY,2022-03-09 00:00:00+05:30,18.0,18.5,17.55,17.75,16942
PEARLPOLY,2022-03-10 00:00:00+05:30,17.75,18.4,17.75,17.95,17863
PEARLPOLY,2022-03-11 00:00:00+05:30,17.8,18.35,17.65,17.95,15948
PEARLPOLY,2022-03-14 00:00:00+05:30,17.95,18.75,17.7,18.3,22811
PEARLPOLY,2022-03-15 00:00:00+05:30,18.9,20.0,17.5,17.8,38279
PEARLPOLY,2022-03-16 00:00:00+05:30,18.0,19.0,17.8,18.5,41393
PEARLPOLY,2022-03-17 00:00:00+05:30,18.0,18.95,18.0,18.35,22642
PEARLPOLY,2022-03-21 00:00:00+05:30,18.9,18.9,18.1,18.3,17450
PEARLPOLY,2022-03-22 00:00:00+05:30,18.65,18.65,18.2,18.4,14293
PEARLPOLY,2022-03-23 00:00:00+05:30,18.8,18.8,18.1,18.4,6185
PEARLPOLY,2022-03-24 00:00:00+05:30,18.5,18.5,17.8,17.9,28038
PEARLPOLY,2022-03-25 00:00:00+05:30,18.25,18.45,17.7,17.8,13747
PEARLPOLY,2022-03-28 00:00:00+05:30,18.25,18.5,17.6,18.0,28270
PEARLPOLY,2022-03-29 00:00:00+05:30,17.9,18.25,17.65,17.8,18901
PEARLPOLY,2022-03-30 00:00:00+05:30,17.8,19.0,17.7,18.55,37079
PEARLPOLY,2022-03-31 00:00:00+05:30,19.4,19.45,18.05,18.15,26546
PEARLPOLY,2022-04-01 00:00:00+05:30,18.9,18.9,18.1,18.7,25671
PEARLPOLY,2022-04-04 00:00:00+05:30,18.95,19.25,18.25,19.0,45663
PEARLPOLY,2022-04-05 00:00:00+05:30,18.7,20.9,18.7,20.7,204440
PEARLPOLY,2022-04-06 00:00:00+05:30,20.7,20.7,19.8,20.0,53849
PEARLPOLY,2022-04-07 00:00:00+05:30,20.6,21.5,20.0,20.95,94137
PEARLPOLY,2022-04-08 00:00:00+05:30,21.4,21.8,19.95,20.4,60556
PEARLPOLY,2022-04-11 00:00:00+05:30,20.3,22.5,20.0,21.45,142695
PEARLPOLY,2022-04-12 00:00:00+05:30,20.7,21.7,19.95,20.25,42466
PEARLPOLY,2022-04-13 00:00:00+05:30,20.65,23.5,20.1,23.15,324848
PEARLPOLY,2022-04-18 00:00:00+05:30,23.75,27.75,23.15,27.75,2548025
PEARLPOLY,2022-04-19 00:00:00+05:30,30.4,33.3,30.4,33.15,5037318
PEARLPOLY,2022-04-20 00:00:00+05:30,33.9,36.45,31.3,31.95,1645022
PEARLPOLY,2022-04-21 00:00:00+05:30,32.35,34.0,31.1,31.8,461095
PEARLPOLY,2022-04-22 00:00:00+05:30,32.75,33.2,29.7,30.05,247514
PEARLPOLY,2022-04-25 00:00:00+05:30,30.8,30.8,27.05,27.05,370658
PEARLPOLY,2022-04-26 00:00:00+05:30,28.35,29.75,27.05,29.75,126139
PEARLPOLY,2022-04-27 00:00:00+05:30,31.2,32.7,30.3,31.55,489804
PEARLPOLY,2022-04-28 00:00:00+05:30,32.7,33.1,29.4,29.65,152556
PEARLPOLY,2022-04-29 00:00:00+05:30,30.75,30.75,27.3,27.8,137858
PEARLPOLY,2022-05-02 00:00:00+05:30,28.55,28.9,26.5,27.9,106184
PEARLPOLY,2022-05-04 00:00:00+05:30,28.9,28.9,25.7,26.3,123611
PEARLPOLY,2022-05-05 00:00:00+05:30,28.65,28.9,26.25,27.4,163099
PEARLPOLY,2022-05-06 00:00:00+05:30,28.95,28.95,26.0,26.8,114032
PEARLPOLY,2022-05-09 00:00:00+05:30,26.75,27.7,25.3,25.8,59576
PEARLPOLY,2022-05-10 00:00:00+05:30,25.05,27.55,24.2,24.75,71352
PEARLPOLY,2022-05-11 00:00:00+05:30,25.5,25.65,22.3,22.8,80479
PEARLPOLY,2022-05-12 00:00:00+05:30,22.8,23.25,21.7,21.9,73518
PEARLPOLY,2022-05-13 00:00:00+05:30,22.0,22.95,22.0,22.95,23513
PEARLPOLY,2022-05-16 00:00:00+05:30,23.75,23.9,21.85,22.1,48221
PEARLPOLY,2022-05-17 00:00:00+05:30,22.25,23.2,22.25,23.1,42487
PEARLPOLY,2022-05-18 00:00:00+05:30,22.2,24.25,22.2,23.15,85448
PEARLPOLY,2022-05-19 00:00:00+05:30,23.8,23.8,22.05,22.25,19346
PEARLPOLY,2022-05-20 00:00:00+05:30,21.9,23.35,21.9,23.2,22095
PEARLPOLY,2022-05-23 00:00:00+05:30,23.5,23.7,22.75,22.85,30674
PEARLPOLY,2022-05-24 00:00:00+05:30,22.85,23.8,22.2,23.25,33189
PEARLPOLY,2022-05-25 00:00:00+05:30,24.25,24.25,22.1,22.1,23594
PEARLPOLY,2022-05-26 00:00:00+05:30,22.2,22.8,21.05,21.3,33329
PEARLPOLY,2022-05-27 00:00:00+05:30,21.9,22.3,21.35,21.65,24174
PEARLPOLY,2022-05-30 00:00:00+05:30,22.5,22.7,21.75,22.7,58508
PEARLPOLY,2022-05-31 00:00:00+05:30,22.8,23.35,21.8,22.55,26662
PEARLPOLY,2022-06-01 00:00:00+05:30,22.2,23.0,22.2,22.7,19622
PEARLPOLY,2022-06-02 00:00:00+05:30,22.15,22.95,21.65,22.0,40260
PEARLPOLY,2022-06-03 00:00:00+05:30,22.95,22.95,21.1,21.8,29054
PEARLPOLY,2022-06-06 00:00:00+05:30,22.4,22.8,21.3,21.85,30477
PEARLPOLY,2022-06-07 00:00:00+05:30,21.25,21.25,19.7,20.25,97749
PEARLPOLY,2022-06-08 00:00:00+05:30,20.9,22.25,20.2,22.25,74872
PEARLPOLY,2022-06-09 00:00:00+05:30,23.9,24.45,23.5,24.45,100632
PEARLPOLY,2022-06-10 00:00:00+05:30,25.45,26.85,24.45,26.8,645031
PEARLPOLY,2022-06-13 00:00:00+05:30,25.4,26.25,24.15,24.15,243931
PEARLPOLY,2022-06-14 00:00:00+05:30,22.75,23.9,22.05,22.35,137368
PEARLPOLY,2022-06-15 00:00:00+05:30,22.95,24.55,22.8,24.55,98346
PEARLPOLY,2022-06-16 00:00:00+05:30,26.9,27.0,23.8,24.7,651831
PEARLPOLY,2022-06-17 00:00:00+05:30,23.75,25.9,23.7,25.1,102780
PEARLPOLY,2022-06-20 00:00:00+05:30,25.25,25.9,22.6,22.6,66925
PEARLPOLY,2022-06-21 00:00:00+05:30,22.8,23.35,21.35,22.9,62560
PEARLPOLY,2022-06-22 00:00:00+05:30,23.0,25.15,22.15,22.65,84807
PEARLPOLY,2022-06-23 00:00:00+05:30,23.0,23.75,22.15,23.0,43498
PEARLPOLY,2022-06-24 00:00:00+05:30,23.15,23.8,22.1,22.45,66561
PEARLPOLY,2022-06-27 00:00:00+05:30,23.4,23.4,21.8,22.45,47764
PEARLPOLY,2022-06-28 00:00:00+05:30,22.9,22.9,21.25,21.95,39998
PEARLPOLY,2022-06-29 00:00:00+05:30,21.5,22.45,21.5,22.2,23634
PEARLPOLY,2022-06-30 00:00:00+05:30,22.05,22.65,21.65,22.0,18673
PEARLPOLY,2022-07-01 00:00:00+05:30,21.7,22.35,21.2,21.5,14943
PEARLPOLY,2022-07-04 00:00:00+05:30,22.2,22.2,20.2,20.55,89410
PEARLPOLY,2022-07-05 00:00:00+05:30,20.55,22.6,20.55,22.6,111417
PEARLPOLY,2022-07-06 00:00:00+05:30,23.3,23.95,21.3,21.6,90469
PEARLPOLY,2022-07-07 00:00:00+05:30,22.0,23.25,21.4,22.95,62546
PEARLPOLY,2022-07-08 00:00:00+05:30,23.3,23.3,22.25,22.7,41534
PEARLPOLY,2022-07-11 00:00:00+05:30,22.25,24.5,22.15,23.65,41493
PEARLPOLY,2022-07-12 00:00:00+05:30,23.2,24.25,22.3,23.0,43255
PEARLPOLY,2022-07-13 00:00:00+05:30,24.0,24.0,22.55,22.9,16223
PEARLPOLY,2022-07-14 00:00:00+05:30,23.6,23.6,22.5,22.8,19061
PEARLPOLY,2022-07-15 00:00:00+05:30,23.5,23.5,22.4,22.75,9619
PEARLPOLY,2022-07-18 00:00:00+05:30,23.5,23.5,20.5,22.2,92515
PEARLPOLY,2022-07-19 00:00:00+05:30,21.7,22.65,21.65,22.45,33800
PEARLPOLY,2022-07-20 00:00:00+05:30,23.1,23.1,22.15,22.5,25893
PEARLPOLY,2022-07-21 00:00:00+05:30,22.9,22.9,22.25,22.55,15246
PEARLPOLY,2022-07-22 00:00:00+05:30,22.95,23.1,22.4,22.9,34830
PEARLPOLY,2022-07-25 00:00:00+05:30,22.95,23.0,22.3,22.55,11763
PEARLPOLY,2022-07-26 00:00:00+05:30,22.9,23.05,22.1,22.4,25594
PEARLPOLY,2022-07-27 00:00:00+05:30,22.5,23.0,22.0,22.5,29329
PEARLPOLY,2022-07-28 00:00:00+05:30,23.0,23.0,22.2,22.25,21175
PEARLPOLY,2022-07-29 00:00:00+05:30,22.9,23.0,22.15,22.45,16941
PEARLPOLY,2022-08-01 00:00:00+05:30,22.0,23.5,22.0,22.5,54878
PEARLPOLY,2022-08-02 00:00:00+05:30,22.2,24.55,22.0,23.65,220891
PEARLPOLY,2022-08-03 00:00:00+05:30,24.0,25.7,23.2,25.1,172348
PEARLPOLY,2022-08-04 00:00:00+05:30,25.75,27.0,24.15,24.7,184765
PEARLPOLY,2022-08-05 00:00:00+05:30,24.7,25.85,22.8,23.85,100305
PEARLPOLY,2022-08-08 00:00:00+05:30,24.0,26.0,23.25,24.55,37538
PEARLPOLY,2022-08-10 00:00:00+05:30,24.55,25.45,24.15,24.35,38119
PEARLPOLY,2022-08-11 00:00:00+05:30,25.95,25.95,23.7,24.0,46624
PEARLPOLY,2022-08-12 00:00:00+05:30,24.0,26.0,23.85,24.5,54007
PEARLPOLY,2022-08-16 00:00:00+05:30,24.5,24.5,24.0,24.15,16645
PEARLPOLY,2022-08-17 00:00:00+05:30,24.15,25.35,24.0,24.95,28335
PEARLPOLY,2022-08-18 00:00:00+05:30,25.0,25.5,23.75,24.75,41549
PEARLPOLY,2022-08-19 00:00:00+05:30,25.2,26.75,24.35,25.25,183540
PEARLPOLY,2022-08-22 00:00:00+05:30,25.5,25.5,24.25,24.4,41350
PEARLPOLY,2022-08-23 00:00:00+05:30,24.3,25.0,24.3,24.5,17889
PEARLPOLY,2022-08-24 00:00:00+05:30,24.95,24.95,23.75,23.95,56233
PEARLPOLY,2022-08-25 00:00:00+05:30,23.5,24.95,21.35,23.0,116448
PEARLPOLY,2022-08-26 00:00:00+05:30,23.4,23.75,22.8,23.1,34591
PEARLPOLY,2022-08-29 00:00:00+05:30,23.1,23.1,22.25,22.7,72698
PEARLPOLY,2022-08-30 00:00:00+05:30,22.5,24.5,22.35,23.05,82609
PEARLPOLY,2022-09-01 00:00:00+05:30,22.6,23.55,22.25,22.7,58958
PEARLPOLY,2022-09-02 00:00:00+05:30,23.0,23.8,21.4,22.8,64466
PEARLPOLY,2022-09-05 00:00:00+05:30,23.25,23.25,22.4,22.6,41926
PEARLPOLY,2022-09-06 00:00:00+05:30,22.45,23.0,22.3,22.55,29419
PEARLPOLY,2022-09-07 00:00:00+05:30,22.5,22.95,21.5,22.25,63859
PEARLPOLY,2022-09-08 00:00:00+05:30,22.1,22.85,22.1,22.45,35043
PEARLPOLY,2022-09-09 00:00:00+05:30,22.8,26.0,22.45,23.9,578291
PEARLPOLY,2022-09-12 00:00:00+05:30,24.35,24.65,23.5,24.2,97652
PEARLPOLY,2022-09-13 00:00:00+05:30,24.0,25.0,22.2,23.0,163412
PEARLPOLY,2022-09-14 00:00:00+05:30,22.95,23.0,22.15,22.55,68909
PEARLPOLY,2022-09-15 00:00:00+05:30,22.95,23.0,22.35,22.55,48145
PEARLPOLY,2022-09-16 00:00:00+05:30,22.9,22.9,22.3,22.6,33564
PEARLPOLY,2022-09-19 00:00:00+05:30,22.6,22.85,22.0,22.2,24885
PEARLPOLY,2022-09-20 00:00:00+05:30,22.65,22.75,22.0,22.1,29535
PEARLPOLY,2022-09-21 00:00:00+05:30,22.8,22.8,21.25,21.75,38537
PEARLPOLY,2022-09-22 00:00:00+05:30,22.2,22.5,21.45,22.1,26761
PEARLPOLY,2022-09-23 00:00:00+05:30,22.0,22.0,21.4,21.45,31020
PEARLPOLY,2022-09-26 00:00:00+05:30,21.5,21.7,20.25,20.8,40730
PEARLPOLY,2022-09-27 00:00:00+05:30,20.6,21.25,20.4,20.65,15635
PEARLPOLY,2022-09-28 00:00:00+05:30,20.4,20.7,19.75,19.95,32314
PEARLPOLY,2022-09-29 00:00:00+05:30,20.45,20.6,19.5,20.05,17258
PEARLPOLY,2022-09-30 00:00:00+05:30,20.55,20.55,19.6,19.95,16576
PEARLPOLY,2022-10-03 00:00:00+05:30,20.0,21.9,19.6,20.15,114196
PEARLPOLY,2022-10-04 00:00:00+05:30,20.5,21.4,20.0,20.25,56838
PEARLPOLY,2022-10-06 00:00:00+05:30,20.7,20.8,19.65,20.0,46372
PEARLPOLY,2022-10-07 00:00:00+05:30,19.95,21.2,19.7,20.8,121209
PEARLPOLY,2022-10-10 00:00:00+05:30,21.2,21.2,20.0,20.25,25449
PEARLPOLY,2022-10-11 00:00:00+05:30,20.35,20.65,19.3,19.6,73230
PEARLPOLY,2022-10-12 00:00:00+05:30,19.65,19.9,19.3,19.4,25318
PEARLPOLY,2022-10-13 00:00:00+05:30,19.75,19.75,18.7,18.85,34803
PEARLPOLY,2022-10-14 00:00:00+05:30,19.45,20.4,18.95,19.2,94467
PEARLPOLY,2022-10-17 00:00:00+05:30,19.2,20.25,18.7,19.25,82073
PEARLPOLY,2022-10-18 00:00:00+05:30,19.65,19.65,18.75,18.95,56246
PEARLPOLY,2022-10-19 00:00:00+05:30,19.0,20.25,18.7,19.6,112922
PEARLPOLY,2022-10-20 00:00:00+05:30,19.6,20.8,19.25,19.9,56859
PEARLPOLY,2022-10-21 00:00:00+05:30,20.6,20.6,19.25,19.65,32194
PEARLPOLY,2022-10-24 00:00:00+05:30,20.35,20.35,19.3,19.7,12213
PEARLPOLY,2022-10-25 00:00:00+05:30,19.7,19.85,19.3,19.35,29478
PEARLPOLY,2022-10-27 00:00:00+05:30,19.4,19.7,18.85,18.95,43983
PEARLPOLY,2022-10-28 00:00:00+05:30,19.0,19.0,18.15,18.2,49577
PEARLPOLY,2022-10-31 00:00:00+05:30,18.2,18.7,18.2,18.35,16109
PEARLPOLY,2022-11-01 00:00:00+05:30,18.5,18.5,18.2,18.4,7736
PEARLPOLY,2022-11-02 00:00:00+05:30,18.7,18.95,18.25,18.8,26320
PEARLPOLY,2022-11-03 00:00:00+05:30,18.95,18.95,18.3,18.65,13898
PEARLPOLY,2022-11-04 00:00:00+05:30,18.05,18.8,18.05,18.3,26566
PEARLPOLY,2022-11-07 00:00:00+05:30,18.3,18.9,17.85,18.05,53268
PEARLPOLY,2022-11-09 00:00:00+05:30,18.7,18.7,18.1,18.15,15485
PEARLPOLY,2022-11-10 00:00:00+05:30,18.55,18.55,17.75,17.9,21770
PEARLPOLY,2022-11-11 00:00:00+05:30,18.4,18.4,18.0,18.1,18516
PEARLPOLY,2022-11-14 00:00:00+05:30,18.1,18.4,17.75,17.95,42665
PEARLPOLY,2022-11-15 00:00:00+05:30,17.6,18.9,17.6,18.25,22113
PEARLPOLY,2022-11-16 00:00:00+05:30,18.65,18.65,18.05,18.05,15243
PEARLPOLY,2022-11-17 00:00:00+05:30,18.45,18.55,18.0,18.05,11684
PEARLPOLY,2022-11-18 00:00:00+05:30,18.0,18.3,18.0,18.2,6789
PEARLPOLY,2022-11-21 00:00:00+05:30,18.5,18.5,17.2,17.8,13179
PEARLPOLY,2022-11-22 00:00:00+05:30,17.95,18.2,17.9,18.05,6643
PEARLPOLY,2022-11-23 00:00:00+05:30,18.15,18.15,16.35,17.6,48066
PEARLPOLY,2022-11-24 00:00:00+05:30,17.6,18.05,17.3,17.65,31490
PEARLPOLY,2022-11-25 00:00:00+05:30,17.9,21.15,17.0,20.95,1632018
PEARLPOLY,2022-11-28 00:00:00+05:30,21.2,21.45,19.85,19.95,234454
PEARLPOLY,2022-11-29 00:00:00+05:30,19.9,19.9,19.0,19.05,69831
PEARLPOLY,2022-11-30 00:00:00+05:30,19.0,19.35,18.9,19.05,25129
PEARLPOLY,2022-12-01 00:00:00+05:30,19.3,21.8,18.9,20.3,425128
PEARLPOLY,2022-12-02 00:00:00+05:30,20.75,24.35,19.65,24.35,1865885
PEARLPOLY,2022-12-05 00:00:00+05:30,25.8,28.4,25.3,27.0,2854265
PEARLPOLY,2022-12-06 00:00:00+05:30,27.0,27.85,25.7,25.95,374732
PEARLPOLY,2022-12-07 00:00:00+05:30,26.25,26.8,25.0,25.7,162860
PEARLPOLY,2022-12-08 00:00:00+05:30,26.0,26.4,24.0,24.2,141436
PEARLPOLY,2022-12-09 00:00:00+05:30,24.45,25.25,24.0,24.25,100676
PEARLPOLY,2022-12-12 00:00:00+05:30,24.0,24.55,23.3,23.5,84150
PEARLPOLY,2022-12-13 00:00:00+05:30,23.4,23.6,22.9,23.05,78068
PEARLPOLY,2022-12-14 00:00:00+05:30,22.6,27.6,22.6,26.45,635344
PEARLPOLY,2022-12-15 00:00:00+05:30,26.45,26.9,24.85,25.1,210166
PEARLPOLY,2022-12-16 00:00:00+05:30,25.0,27.6,24.5,25.35,292835
PEARLPOLY,2022-12-19 00:00:00+05:30,25.55,26.8,25.15,26.2,91059
PEARLPOLY,2022-12-20 00:00:00+05:30,26.0,27.5,25.35,26.7,150760
PEARLPOLY,2022-12-21 00:00:00+05:30,27.2,27.2,23.2,24.2,125948
PEARLPOLY,2022-12-22 00:00:00+05:30,24.25,25.7,22.1,22.85,139190
PEARLPOLY,2022-12-23 00:00:00+05:30,22.4,22.6,19.55,20.55,122377
PEARLPOLY,2022-12-26 00:00:00+05:30,20.2,24.65,20.2,23.55,425058
PEARLPOLY,2022-12-27 00:00:00+05:30,23.55,25.5,23.2,23.85,248478
PEARLPOLY,2022-12-28 00:00:00+05:30,23.9,24.95,23.25,24.15,91236
PEARLPOLY,2022-12-29 00:00:00+05:30,24.65,24.65,23.6,23.95,29871
PEARLPOLY,2022-12-30 00:00:00+05:30,24.15,25.0,23.5,23.95,89934
PEARLPOLY,2023-01-02 00:00:00+05:30,24.95,25.1,23.6,24.4,77973
PEARLPOLY,2023-01-03 00:00:00+05:30,24.25,24.9,24.05,24.15,24909
PEARLPOLY,2023-01-04 00:00:00+05:30,24.2,24.75,23.6,23.65,45856
PEARLPOLY,2023-01-05 00:00:00+05:30,23.9,28.3,22.7,27.9,1051907
PEARLPOLY,2023-01-06 00:00:00+05:30,28.0,33.45,27.55,33.1,2396158
PEARLPOLY,2023-01-09 00:00:00+05:30,33.45,38.45,33.1,33.95,1806504
PEARLPOLY,2023-01-10 00:00:00+05:30,33.3,33.75,30.55,30.75,647385
PEARLPOLY,2023-01-11 00:00:00+05:30,30.65,30.75,28.85,29.6,311358
PEARLPOLY,2023-01-12 00:00:00+05:30,29.9,31.05,28.6,29.3,83949
PEARLPOLY,2023-01-13 00:00:00+05:30,29.25,30.75,28.0,30.35,124799
PEARLPOLY,2023-01-16 00:00:00+05:30,30.35,30.55,28.9,29.05,87791
PEARLPOLY,2023-01-17 00:00:00+05:30,28.4,29.8,27.6,27.65,92021
PEARLPOLY,2023-01-18 00:00:00+05:30,26.6,27.5,26.35,26.4,53481
PEARLPOLY,2023-01-19 00:00:00+05:30,25.7,27.7,25.7,27.7,62144
PEARLPOLY,2023-01-20 00:00:00+05:30,28.75,28.85,27.5,28.45,51450
PEARLPOLY,2023-01-23 00:00:00+05:30,28.45,28.45,27.05,27.2,37471
PEARLPOLY,2023-01-24 00:00:00+05:30,27.0,27.2,26.15,26.35,39016
PEARLPOLY,2023-01-25 00:00:00+05:30,26.05,26.55,25.1,25.3,36137
PEARLPOLY,2023-01-27 00:00:00+05:30,25.9,25.9,24.05,24.1,64322
PEARLPOLY,2023-01-30 00:00:00+05:30,24.1,25.3,23.2,24.5,44102
PEARLPOLY,2023-01-31 00:00:00+05:30,24.5,25.45,24.45,25.2,23781
PEARLPOLY,2023-02-01 00:00:00+05:30,25.8,25.8,24.25,24.4,37101
PEARLPOLY,2023-02-02 00:00:00+05:30,24.35,24.6,23.9,24.15,14979
PEARLPOLY,2023-02-03 00:00:00+05:30,23.8,24.4,23.0,23.2,56561
PEARLPOLY,2023-02-06 00:00:00+05:30,23.0,24.35,23.0,24.2,19618
PEARLPOLY,2023-02-07 00:00:00+05:30,24.7,24.8,23.7,24.25,27477
PEARLPOLY,2023-02-08 00:00:00+05:30,24.8,24.9,23.5,24.1,16874
PEARLPOLY,2023-02-09 00:00:00+05:30,24.1,24.4,23.6,23.9,11692
PEARLPOLY,2023-02-10 00:00:00+05:30,24.0,24.0,23.0,23.05,49336
PEARLPOLY,2023-02-13 00:00:00+05:30,23.25,23.25,22.6,22.85,13236
PEARLPOLY,2023-02-14 00:00:00+05:30,23.3,23.3,22.6,23.0,11719
PEARLPOLY,2023-02-15 00:00:00+05:30,23.0,23.2,22.25,22.95,12892
PEARLPOLY,2023-02-16 00:00:00+05:30,23.0,23.3,22.45,23.15,14112
PEARLPOLY,2023-02-17 00:00:00+05:30,23.0,23.35,22.05,22.7,7505
PEARLPOLY,2023-02-20 00:00:00+05:30,22.7,22.9,21.7,22.0,22169
PEARLPOLY,2023-02-21 00:00:00+05:30,22.0,22.0,21.25,21.5,13890
PEARLPOLY,2023-02-22 00:00:00+05:30,21.45,22.0,21.3,21.5,7831
PEARLPOLY,2023-02-23 00:00:00+05:30,21.9,22.55,20.7,22.45,25131
PEARLPOLY,2023-02-24 00:00:00+05:30,23.2,23.2,22.0,22.3,9660
PEARLPOLY,2023-02-27 00:00:00+05:30,22.75,22.75,21.45,21.65,7515
PEARLPOLY,2023-02-28 00:00:00+05:30,21.95,22.45,21.6,21.95,3297
PEARLPOLY,2023-03-01 00:00:00+05:30,22.2,22.2,21.35,22.05,11095
PEARLPOLY,2023-03-02 00:00:00+05:30,22.1,22.7,21.55,22.35,11294
PEARLPOLY,2023-03-03 00:00:00+05:30,22.35,22.75,21.75,22.0,17975
PEARLPOLY,2023-03-06 00:00:00+05:30,22.45,22.45,21.0,21.15,38410
PEARLPOLY,2023-03-08 00:00:00+05:30,21.15,21.55,20.65,21.0,27331
PEARLPOLY,2023-03-09 00:00:00+05:30,21.3,21.35,20.25,20.5,35317
PEARLPOLY,2023-03-10 00:00:00+05:30,20.5,20.5,19.65,19.9,40790
PEARLPOLY,2023-03-13 00:00:00+05:30,19.95,20.85,19.85,20.85,36260
PEARLPOLY,2023-03-14 00:00:00+05:30,20.85,21.55,19.8,20.05,56214
PEARLPOLY,2023-03-15 00:00:00+05:30,20.15,20.15,19.1,19.3,31346
PEARLPOLY,2023-03-16 00:00:00+05:30,19.8,19.8,18.5,18.85,41810
PEARLPOLY,2023-03-17 00:00:00+05:30,19.35,19.75,18.9,19.7,35077
PEARLPOLY,2023-03-20 00:00:00+05:30,18.8,20.4,18.8,19.6,25526
PEARLPOLY,2023-03-21 00:00:00+05:30,19.35,20.3,19.25,19.85,11883
PEARLPOLY,2023-03-22 00:00:00+05:30,20.25,20.4,19.3,19.8,11616
PEARLPOLY,2023-03-23 00:00:00+05:30,20.45,20.45,19.75,20.1,8771
PEARLPOLY,2023-03-24 00:00:00+05:30,19.6,20.35,19.4,19.6,10995
PEARLPOLY,2023-03-27 00:00:00+05:30,19.6,19.85,18.65,18.75,30791
PEARLPOLY,2023-03-28 00:00:00+05:30,19.4,19.4,17.85,17.85,36672
PEARLPOLY,2023-03-29 00:00:00+05:30,18.15,18.15,17.2,17.55,21662
PEARLPOLY,2023-03-31 00:00:00+05:30,17.8,18.4,17.4,18.05,28556
PEARLPOLY,2023-04-03 00:00:00+05:30,17.65,18.95,17.65,18.75,15943
PEARLPOLY,2023-04-05 00:00:00+05:30,19.4,19.65,19.4,19.65,25481
PEARLPOLY,2023-04-06 00:00:00+05:30,20.4,20.5,19.7,20.15,20054
PEARLPOLY,2023-04-10 00:00:00+05:30,20.55,20.95,20.0,20.05,19293
PEARLPOLY,2023-04-11 00:00:00+05:30,20.45,21.0,20.0,20.25,20175
PEARLPOLY,2023-04-12 00:00:00+05:30,20.25,20.7,19.05,19.7,13674
PEARLPOLY,2023-04-13 00:00:00+05:30,19.2,20.8,19.2,20.2,11755
PEARLPOLY,2023-04-17 00:00:00+05:30,19.75,21.0,19.7,20.5,25578
PEARLPOLY,2023-04-18 00:00:00+05:30,20.0,22.55,20.0,22.0,418679
PEARLPOLY,2023-04-19 00:00:00+05:30,22.55,22.95,21.55,21.65,57168
PEARLPOLY,2023-04-20 00:00:00+05:30,21.85,23.8,21.8,23.8,286040
PEARLPOLY,2023-04-21 00:00:00+05:30,24.55,26.15,23.4,23.75,320871
PEARLPOLY,2023-04-24 00:00:00+05:30,24.75,25.85,23.0,23.25,201093
PEARLPOLY,2023-04-25 00:00:00+05:30,23.85,23.85,22.5,22.8,57010
PEARLPOLY,2023-04-26 00:00:00+05:30,22.8,23.15,22.35,22.6,32528
PEARLPOLY,2023-04-27 00:00:00+05:30,22.9,23.25,21.7,22.95,42184
PEARLPOLY,2023-04-28 00:00:00+05:30,22.3,23.0,22.3,22.55,17326
PEARLPOLY,2023-05-02 00:00:00+05:30,23.0,23.0,20.3,21.2,171987
PEARLPOLY,2023-05-03 00:00:00+05:30,21.2,22.5,21.05,21.5,56164
PEARLPOLY,2023-05-04 00:00:00+05:30,21.55,23.65,21.5,22.15,226164
PEARLPOLY,2023-05-05 00:00:00+05:30,22.5,23.55,22.05,22.3,73966
PEARLPOLY,2023-05-08 00:00:00+05:30,22.65,22.75,22.0,22.35,35299
PEARLPOLY,2023-05-09 00:00:00+05:30,22.3,22.55,21.9,22.3,22508
PEARLPOLY,2023-05-10 00:00:00+05:30,22.55,22.55,21.7,21.85,37981
PEARLPOLY,2023-05-11 00:00:00+05:30,22.2,22.2,21.5,21.65,27950
PEARLPOLY,2023-05-12 00:00:00+05:30,22.0,22.25,20.8,21.15,34640
PEARLPOLY,2023-05-15 00:00:00+05:30,21.5,21.7,20.8,21.0,33756
PEARLPOLY,2023-05-16 00:00:00+05:30,21.15,22.25,21.15,21.5,28143
PEARLPOLY,2023-05-17 00:00:00+05:30,21.55,23.4,21.1,22.55,141075
PEARLPOLY,2023-05-18 00:00:00+05:30,22.55,23.35,21.9,22.1,29330
PEARLPOLY,2023-05-19 00:00:00+05:30,23.0,23.0,21.95,22.05,13175
PEARLPOLY,2023-05-22 00:00:00+05:30,22.8,22.8,21.6,22.0,24890
PEARLPOLY,2023-05-23 00:00:00+05:30,21.75,22.4,21.15,21.65,31603
PEARLPOLY,2023-05-24 00:00:00+05:30,21.55,22.2,21.45,21.5,8346
PEARLPOLY,2023-05-25 00:00:00+05:30,21.95,22.1,21.35,21.4,17916
PEARLPOLY,2023-05-26 00:00:00+05:30,21.9,21.9,21.4,21.45,6490
PEARLPOLY,2023-05-29 00:00:00+05:30,21.3,21.85,21.3,21.5,14141
PEARLPOLY,2023-05-30 00:00:00+05:30,22.25,22.25,20.4,21.15,23563
PEARLPOLY,2023-05-31 00:00:00+05:30,21.15,22.2,21.15,21.55,64185
PEARLPOLY,2023-06-01 00:00:00+05:30,21.75,22.25,21.55,21.8,25620
PEARLPOLY,2023-06-02 00:00:00+05:30,22.2,22.3,21.8,22.0,32051
PEARLPOLY,2023-06-05 00:00:00+05:30,22.6,22.9,22.1,22.5,40818
PEARLPOLY,2023-06-06 00:00:00+05:30,22.45,22.8,22.25,22.5,26889
PEARLPOLY,2023-06-07 00:00:00+05:30,22.8,23.4,22.7,23.05,63247
PEARLPOLY,2023-06-08 00:00:00+05:30,23.5,24.0,22.75,23.35,53603
PEARLPOLY,2023-06-09 00:00:00+05:30,23.2,23.75,22.55,22.95,22786
PEARLPOLY,2023-06-12 00:00:00+05:30,22.8,23.8,22.5,22.8,37108
PEARLPOLY,2023-06-13 00:00:00+05:30,22.8,23.3,22.5,22.65,23037
PEARLPOLY,2023-06-14 00:00:00+05:30,22.4,24.25,22.35,23.6,35778
PEARLPOLY,2023-06-15 00:00:00+05:30,23.5,24.15,23.05,23.3,25621
PEARLPOLY,2023-06-16 00:00:00+05:30,23.1,23.85,22.75,23.35,41795
PEARLPOLY,2023-06-19 00:00:00+05:30,23.65,23.65,22.5,22.65,32823
PEARLPOLY,2023-06-20 00:00:00+05:30,22.7,24.85,22.7,23.6,170627
PEARLPOLY,2023-06-21 00:00:00+05:30,23.95,24.4,23.65,23.9,65457
PEARLPOLY,2023-06-22 00:00:00+05:30,23.9,23.95,23.2,23.25,31424
PEARLPOLY,2023-06-23 00:00:00+05:30,23.2,23.65,22.5,23.05,44669
PEARLPOLY,2023-06-26 00:00:00+05:30,22.7,23.35,22.7,23.15,13494
PEARLPOLY,2023-06-27 00:00:00+05:30,23.45,23.6,22.85,22.95,11227
PEARLPOLY,2023-06-28 00:00:00+05:30,22.9,23.3,22.35,22.55,18952
PEARLPOLY,2023-06-30 00:00:00+05:30,22.3,23.05,22.3,22.5,9160
PEARLPOLY,2023-07-03 00:00:00+05:30,22.9,22.95,22.3,22.7,29410
PEARLPOLY,2023-07-04 00:00:00+05:30,22.85,22.85,22.25,22.3,42017
PEARLPOLY,2023-07-05 00:00:00+05:30,22.35,22.65,21.45,22.0,42106
PEARLPOLY,2023-07-06 00:00:00+05:30,22.35,22.45,21.55,21.75,42949
PEARLPOLY,2023-07-07 00:00:00+05:30,21.55,22.3,21.55,21.9,38145
PEARLPOLY,2023-07-10 00:00:00+05:30,21.7,22.4,20.75,20.95,72058
PEARLPOLY,2023-07-11 00:00:00+05:30,20.75,21.35,20.15,20.4,69976
PEARLPOLY,2023-07-12 00:00:00+05:30,20.35,21.3,20.35,20.9,24408
PEARLPOLY,2023-07-13 00:00:00+05:30,21.05,21.25,20.7,21.0,17426
PEARLPOLY,2023-07-14 00:00:00+05:30,20.95,21.5,20.7,21.45,12660
PEARLPOLY,2023-07-17 00:00:00+05:30,21.0,21.75,21.0,21.1,14451
PEARLPOLY,2023-07-18 00:00:00+05:30,21.2,21.45,20.6,21.3,18539
PEARLPOLY,2023-07-19 00:00:00+05:30,21.05,22.2,21.0,21.5,108908
PEARLPOLY,2023-07-20 00:00:00+05:30,21.95,22.25,20.9,21.05,40232
PEARLPOLY,2023-07-21 00:00:00+05:30,21.1,23.9,20.95,23.7,432552
PEARLPOLY,2023-07-24 00:00:00+05:30,24.05,25.75,23.1,23.65,254816
PEARLPOLY,2023-07-25 00:00:00+05:30,24.3,24.3,23.55,23.75,53865
PEARLPOLY,2023-07-26 00:00:00+05:30,24.25,24.25,22.85,23.05,52075
PEARLPOLY,2023-07-27 00:00:00+05:30,22.65,23.5,22.65,22.75,47288
PEARLPOLY,2023-07-28 00:00:00+05:30,22.8,25.05,22.3,23.85,265012
PEARLPOLY,2023-07-31 00:00:00+05:30,23.95,24.35,22.3,22.6,233078
PEARLPOLY,2023-08-01 00:00:00+05:30,22.95,24.4,22.65,24.15,231733
PEARLPOLY,2023-08-02 00:00:00+05:30,24.6,24.6,23.15,23.5,67580
PEARLPOLY,2023-08-03 00:00:00+05:30,23.85,23.85,22.65,22.95,60847
PEARLPOLY,2023-08-04 00:00:00+05:30,23.6,23.6,23.0,23.2,43808
PEARLPOLY,2023-08-07 00:00:00+05:30,23.5,23.8,23.35,23.4,34824
PEARLPOLY,2023-08-08 00:00:00+05:30,23.0,23.7,23.0,23.25,31361
PEARLPOLY,2023-08-09 00:00:00+05:30,25.25,25.25,23.25,23.5,123485
PEARLPOLY,2023-08-10 00:00:00+05:30,23.45,23.8,23.05,23.35,42512
PEARLPOLY,2023-08-11 00:00:00+05:30,23.2,23.35,23.0,23.15,29135
PEARLPOLY,2023-08-14 00:00:00+05:30,23.2,23.2,22.65,22.95,17237
PEARLPOLY,2023-08-16 00:00:00+05:30,23.15,23.15,22.1,22.35,72621
PEARLPOLY,2023-08-17 00:00:00+05:30,22.35,22.65,21.65,22.3,41526
PEARLPOLY,2023-08-18 00:00:00+05:30,22.25,22.9,22.05,22.6,34325
PEARLPOLY,2023-08-21 00:00:00+05:30,22.6,22.85,21.8,22.15,28518
PEARLPOLY,2023-08-22 00:00:00+05:30,22.65,23.15,22.2,22.8,41221
PEARLPOLY,2023-08-23 00:00:00+05:30,22.85,26.0,22.8,24.05,448182
PEARLPOLY,2023-08-24 00:00:00+05:30,24.25,25.7,23.7,24.85,272929
PEARLPOLY,2023-08-25 00:00:00+05:30,24.95,25.2,23.25,24.0,120206
PEARLPOLY,2023-08-28 00:00:00+05:30,24.1,25.7,23.65,24.8,249764
PEARLPOLY,2023-08-29 00:00:00+05:30,24.65,25.05,24.4,24.45,46642
PEARLPOLY,2023-08-30 00:00:00+05:30,24.9,25.7,24.45,24.8,250542
PEARLPOLY,2023-08-31 00:00:00+05:30,25.1,25.25,24.4,24.45,75846
PEARLPOLY,2023-09-01 00:00:00+05:30,25.15,25.15,24.1,24.35,50176
PEARLPOLY,2023-09-04 00:00:00+05:30,23.9,26.35,23.9,25.5,255195
PEARLPOLY,2023-09-05 00:00:00+05:30,26.5,27.0,24.5,26.05,428672
PEARLPOLY,2023-09-06 00:00:00+05:30,26.05,28.4,26.05,27.4,358392
PEARLPOLY,2023-09-07 00:00:00+05:30,27.6,27.9,26.35,26.5,111652
PEARLPOLY,2023-09-08 00:00:00+05:30,26.85,28.5,26.65,28.1,622605
PEARLPOLY,2023-09-11 00:00:00+05:30,28.35,30.0,28.2,28.95,719626
PEARLPOLY,2023-09-12 00:00:00+05:30,29.15,29.2,25.45,26.45,271477
PEARLPOLY,2023-09-13 00:00:00+05:30,26.7,29.0,25.35,28.05,390734
PEARLPOLY,2023-09-14 00:00:00+05:30,28.0,28.85,27.7,27.9,105206
PEARLPOLY,2023-09-15 00:00:00+05:30,28.9,28.9,26.5,26.9,124994
PEARLPOLY,2023-09-18 00:00:00+05:30,27.35,27.55,26.6,26.95,101567
PEARLPOLY,2023-09-20 00:00:00+05:30,27.0,27.65,26.6,26.75,107939
PEARLPOLY,2023-09-21 00:00:00+05:30,27.25,27.9,26.7,27.25,103183
PEARLPOLY,2023-09-22 00:00:00+05:30,27.25,27.35,25.8,26.1,118404
PEARLPOLY,2023-09-25 00:00:00+05:30,25.2,26.4,25.2,25.5,83311
PEARLPOLY,2023-09-26 00:00:00+05:30,25.65,26.3,25.6,25.7,42531
PEARLPOLY,2023-09-27 00:00:00+05:30,25.85,26.15,25.6,25.8,43748
PEARLPOLY,2023-09-28 00:00:00+05:30,25.85,26.35,25.7,25.8,32358
PEARLPOLY,2023-09-29 00:00:00+05:30,26.0,27.45,26.0,26.5,147116
PEARLPOLY,2023-10-03 00:00:00+05:30,26.75,26.75,25.7,25.95,51667
PEARLPOLY,2023-10-04 00:00:00+05:30,25.9,26.2,25.35,25.6,34143
PEARLPOLY,2023-10-05 00:00:00+05:30,25.75,26.9,25.5,26.75,141663
PEARLPOLY,2023-10-06 00:00:00+05:30,26.9,28.5,26.3,28.15,383580
PEARLPOLY,2023-10-09 00:00:00+05:30,27.2,28.0,26.55,26.75,111618
PEARLPOLY,2023-10-10 00:00:00+05:30,26.8,27.45,26.25,26.6,41960
PEARLPOLY,2023-10-11 00:00:00+05:30,27.15,27.85,26.55,27.55,63634
PEARLPOLY,2023-10-12 00:00:00+05:30,27.25,29.05,26.7,28.4,311283
PEARLPOLY,2023-10-13 00:00:00+05:30,27.25,30.5,27.25,29.7,826335
PEARLPOLY,2023-10-16 00:00:00+05:30,29.85,30.25,28.5,29.05,373091
PEARLPOLY,2023-10-17 00:00:00+05:30,29.55,31.0,29.3,29.7,280024
PEARLPOLY,2023-10-18 00:00:00+05:30,29.7,30.4,28.3,28.6,158764
PEARLPOLY,2023-10-19 00:00:00+05:30,28.85,29.0,28.5,28.65,76999
PEARLPOLY,2023-10-20 00:00:00+05:30,28.8,29.45,28.1,28.45,85397
PEARLPOLY,2023-10-23 00:00:00+05:30,28.45,28.9,26.3,26.8,68252
PEARLPOLY,2023-10-25 00:00:00+05:30,26.7,27.15,25.15,26.05,86008
PEARLPOLY,2023-10-26 00:00:00+05:30,25.5,27.1,24.8,26.6,94199
PEARLPOLY,2023-10-27 00:00:00+05:30,26.9,27.15,26.15,26.4,48272
PEARLPOLY,2023-10-30 00:00:00+05:30,26.6,29.0,24.2,27.9,311084
PEARLPOLY,2023-10-31 00:00:00+05:30,28.45,28.45,26.85,27.25,78614
PEARLPOLY,2023-11-01 00:00:00+05:30,27.3,27.65,26.3,26.9,47001
PEARLPOLY,2023-11-02 00:00:00+05:30,27.3,27.7,26.75,27.45,44942
PEARLPOLY,2023-11-03 00:00:00+05:30,27.5,27.95,27.0,27.4,47168
PEARLPOLY,2023-11-06 00:00:00+05:30,27.8,28.45,27.2,27.35,59792
PEARLPOLY,2023-11-07 00:00:00+05:30,27.0,28.55,27.0,27.75,72034
PEARLPOLY,2023-11-08 00:00:00+05:30,27.75,29.5,27.6,28.7,216445
PEARLPOLY,2023-11-09 00:00:00+05:30,29.4,30.65,28.75,29.4,479060
PEARLPOLY,2023-11-10 00:00:00+05:30,29.4,29.7,28.55,28.65,68694
PEARLPOLY,2023-11-12 00:00:00+05:30,28.9,29.45,28.05,28.3,31011
PEARLPOLY,2023-11-13 00:00:00+05:30,28.2,29.0,28.0,28.55,36011
PEARLPOLY,2023-11-15 00:00:00+05:30,28.6,29.25,27.15,27.75,86411
PEARLPOLY,2023-11-16 00:00:00+05:30,27.75,31.4,27.7,29.7,555963
PEARLPOLY,2023-11-17 00:00:00+05:30,30.4,32.6,29.75,31.75,798998
PEARLPOLY,2023-11-20 00:00:00+05:30,32.2,32.4,31.0,31.55,189792
PEARLPOLY,2023-11-21 00:00:00+05:30,31.55,34.0,31.55,32.55,677548
PEARLPOLY,2023-11-22 00:00:00+05:30,32.95,33.8,31.0,31.25,131965
PEARLPOLY,2023-11-23 00:00:00+05:30,31.4,32.85,31.2,32.3,180813
PEARLPOLY,2023-11-24 00:00:00+05:30,32.05,33.15,29.85,30.4,117598
PEARLPOLY,2023-11-28 00:00:00+05:30,31.45,31.45,29.1,29.65,100077
PEARLPOLY,2023-11-29 00:00:00+05:30,29.9,30.65,28.7,29.25,95178
PEARLPOLY,2023-11-30 00:00:00+05:30,28.6,32.4,28.35,30.6,335510
PEARLPOLY,2023-12-01 00:00:00+05:30,30.85,31.8,29.5,30.1,128136
PEARLPOLY,2023-12-04 00:00:00+05:30,31.2,31.2,29.45,29.75,98132
PEARLPOLY,2023-12-05 00:00:00+05:30,29.95,30.5,29.6,29.85,45314
PEARLPOLY,2023-12-06 00:00:00+05:30,29.55,30.05,29.1,29.5,40585
PEARLPOLY,2023-12-07 00:00:00+05:30,29.5,29.9,28.75,29.0,99852
PEARLPOLY,2023-12-08 00:00:00+05:30,29.0,30.5,29.0,29.5,60193
PEARLPOLY,2023-12-11 00:00:00+05:30,29.05,29.7,28.6,28.95,75659
PEARLPOLY,2023-12-12 00:00:00+05:30,29.0,30.75,29.0,29.95,217684
PEARLPOLY,2023-12-13 00:00:00+05:30,29.95,30.45,29.2,29.35,62250
PEARLPOLY,2023-12-14 00:00:00+05:30,29.5,35.2,29.3,35.15,3631690
PEARLPOLY,2023-12-15 00:00:00+05:30,35.15,40.9,33.5,34.45,4107321
PEARLPOLY,2023-12-18 00:00:00+05:30,34.6,34.7,32.4,33.25,169663
PEARLPOLY,2023-12-19 00:00:00+05:30,33.45,35.0,33.3,33.65,131357
PEARLPOLY,2023-12-20 00:00:00+05:30,33.75,33.9,29.55,30.6,254789
PEARLPOLY,2023-12-21 00:00:00+05:30,30.5,32.2,30.0,30.7,125450
PEARLPOLY,2023-12-22 00:00:00+05:30,30.95,31.55,29.95,30.3,107625
PEARLPOLY,2023-12-26 00:00:00+05:30,30.05,31.5,30.05,30.6,91843
PEARLPOLY,2023-12-27 00:00:00+05:30,30.9,33.9,30.25,32.9,258851
PEARLPOLY,2023-12-28 00:00:00+05:30,32.7,33.1,31.35,31.6,62181
PEARLPOLY,2023-12-29 00:00:00+05:30,32.0,32.0,31.0,31.45,44660
PEARLPOLY,2024-01-01 00:00:00+05:30,30.8,32.75,30.8,31.35,95511
PEARLPOLY,2024-01-02 00:00:00+05:30,32.5,32.5,30.9,31.3,91868
PEARLPOLY,2024-01-03 00:00:00+05:30,31.1,32.7,31.1,32.15,88335
PEARLPOLY,2024-01-04 00:00:00+05:30,32.15,32.95,31.05,31.9,102726
PEARLPOLY,2024-01-05 00:00:00+05:30,32.0,32.9,31.25,31.55,116574
PEARLPOLY,2024-01-08 00:00:00+05:30,31.8,33.35,31.05,32.15,140520
PEARLPOLY,2024-01-09 00:00:00+05:30,32.05,32.95,31.55,31.85,83811
PEARLPOLY,2024-01-10 00:00:00+05:30,32.1,32.1,30.8,31.1,119413
PEARLPOLY,2024-01-11 00:00:00+05:30,31.4,32.25,30.2,31.25,432374
PEARLPOLY,2024-01-12 00:00:00+05:30,31.3,31.9,31.0,31.05,106385
PEARLPOLY,2024-01-15 00:00:00+05:30,31.1,31.6,30.15,30.3,138406
PEARLPOLY,2024-01-16 00:00:00+05:30,30.35,31.8,30.35,30.7,122763
PEARLPOLY,2024-01-17 00:00:00+05:30,30.45,31.2,29.7,29.85,89816
PEARLPOLY,2024-01-18 00:00:00+05:30,30.1,33.3,29.6,32.45,724707
PEARLPOLY,2024-01-19 00:00:00+05:30,32.85,32.85,31.55,31.95,147109
PEARLPOLY,2024-01-20 00:00:00+05:30,32.1,32.5,31.45,31.75,79904
PEARLPOLY,2024-01-23 00:00:00+05:30,31.75,32.95,30.65,31.1,151129
PEARLPOLY,2024-01-24 00:00:00+05:30,30.25,31.4,30.25,31.0,56769
PEARLPOLY,2024-01-25 00:00:00+05:30,31.0,31.75,30.7,30.85,53240
PEARLPOLY,2024-01-29 00:00:00+05:30,30.75,35.85,30.75,34.65,1043362
PEARLPOLY,2024-01-30 00:00:00+05:30,35.0,35.9,33.5,34.0,342450
PEARLPOLY,2024-01-31 00:00:00+05:30,34.0,34.25,32.85,33.25,108202
PEARLPOLY,2024-02-01 00:00:00+05:30,33.25,35.7,32.4,34.85,347126
PEARLPOLY,2024-02-02 00:00:00+05:30,35.45,35.6,33.65,34.4,173100
PEARLPOLY,2024-02-05 00:00:00+05:30,34.6,35.95,33.4,34.0,464815
PEARLPOLY,2024-02-06 00:00:00+05:30,34.05,35.5,33.5,33.8,105822
PEARLPOLY,2024-02-07 00:00:00+05:30,34.35,34.9,33.55,34.0,112568
PEARLPOLY,2024-02-08 00:00:00+05:30,34.9,38.15,33.8,36.85,1449295
PEARLPOLY,2024-02-09 00:00:00+05:30,37.15,39.4,35.35,37.15,994886
PEARLPOLY,2024-02-12 00:00:00+05:30,37.85,37.9,32.75,33.5,342765
PEARLPOLY,2024-02-13 00:00:00+05:30,33.45,34.2,31.15,32.4,154067
PEARLPOLY,2024-02-14 00:00:00+05:30,32.2,36.5,31.65,35.85,258824
PEARLPOLY,2024-02-15 00:00:00+05:30,36.5,37.5,34.55,35.5,164241
PEARLPOLY,2024-02-16 00:00:00+05:30,35.8,37.7,34.65,36.8,423196
PEARLPOLY,2024-02-19 00:00:00+05:30,37.35,37.85,36.35,36.6,235463
PEARLPOLY,2024-02-20 00:00:00+05:30,36.9,36.9,35.1,35.5,90880
PEARLPOLY,2024-02-21 00:00:00+05:30,35.9,36.6,34.85,35.15,164149
PEARLPOLY,2024-02-22 00:00:00+05:30,35.45,38.35,35.1,37.3,601283
PEARLPOLY,2024-02-23 00:00:00+05:30,38.65,41.4,37.65,39.75,2038607
PEARLPOLY,2024-02-26 00:00:00+05:30,40.3,41.9,39.2,41.05,1029243
PEARLPOLY,2024-02-27 00:00:00+05:30,41.05,43.2,40.25,41.4,793011
PEARLPOLY,2024-02-28 00:00:00+05:30,41.0,41.0,36.6,37.35,371102
PEARLPOLY,2024-02-29 00:00:00+05:30,37.55,38.35,35.8,37.0,183438
PEARLPOLY,2024-03-01 00:00:00+05:30,37.3,40.65,37.0,38.85,430383
PEARLPOLY,2024-03-02 00:00:00+05:30,38.85,39.0,38.25,38.65,35802
PEARLPOLY,2024-03-04 00:00:00+05:30,38.9,40.9,36.5,37.65,147145
PEARLPOLY,2024-03-05 00:00:00+05:30,37.3,38.7,37.2,37.9,87558
PEARLPOLY,2024-03-06 00:00:00+05:30,38.1,38.15,34.55,36.85,158769
PEARLPOLY,2024-03-07 00:00:00+05:30,37.6,37.9,36.2,36.45,67540
PEARLPOLY,2024-03-11 00:00:00+05:30,36.25,36.45,34.15,34.45,67132
PEARLPOLY,2024-03-12 00:00:00+05:30,34.5,35.95,31.45,32.05,97229
PEARLPOLY,2024-03-13 00:00:00+05:30,31.3,33.45,25.8,27.25,333260
PEARLPOLY,2024-03-14 00:00:00+05:30,26.85,32.7,26.85,32.7,218970
PEARLPOLY,2024-03-15 00:00:00+05:30,32.7,34.45,30.5,30.95,296347
PEARLPOLY,2024-03-18 00:00:00+05:30,31.8,31.8,30.25,30.95,63095
PEARLPOLY,2024-03-19 00:00:00+05:30,31.0,31.15,28.0,28.75,125661
PEARLPOLY,2024-03-20 00:00:00+05:30,29.4,31.45,29.25,29.85,104108
PEARLPOLY,2024-03-21 00:00:00+05:30,30.15,35.8,30.15,35.6,1114326
PEARLPOLY,2024-03-22 00:00:00+05:30,34.1,36.6,33.1,34.1,561160
PEARLPOLY,2024-03-26 00:00:00+05:30,34.9,37.8,34.25,35.3,142306
PEARLPOLY,2024-03-27 00:00:00+05:30,35.55,35.9,33.6,33.8,54915
PEARLPOLY,2024-03-28 00:00:00+05:30,34.0,36.5,32.1,33.6,325727
PEARLPOLY,2024-04-01 00:00:00+05:30,33.6,34.35,31.3,32.85,252837
PEARLPOLY,2024-04-02 00:00:00+05:30,33.35,34.0,32.8,33.2,76673
PEARLPOLY,2024-04-03 00:00:00+05:30,33.4,34.8,33.0,33.4,113959
PEARLPOLY,2024-04-04 00:00:00+05:30,33.9,37.0,33.85,34.8,148338
PEARLPOLY,2024-04-05 00:00:00+05:30,35.2,35.2,34.0,34.5,57503
PEARLPOLY,2024-04-08 00:00:00+05:30,35.6,35.6,34.0,34.45,52205
PEARLPOLY,2024-04-09 00:00:00+05:30,34.8,39.55,34.5,36.8,541243
PEARLPOLY,2024-04-10 00:00:00+05:30,36.75,38.55,36.45,37.65,346986
PEARLPOLY,2024-04-12 00:00:00+05:30,37.35,39.85,35.75,39.2,300967
PEARLPOLY,2024-04-15 00:00:00+05:30,37.5,38.4,36.0,36.7,134795
PEARLPOLY,2024-04-16 00:00:00+05:30,36.45,39.3,35.8,37.65,217763
PEARLPOLY,2024-04-18 00:00:00+05:30,37.65,38.6,37.4,37.55,66102
PEARLPOLY,2024-04-19 00:00:00+05:30,36.5,37.85,36.25,36.8,29484
PEARLPOLY,2024-04-22 00:00:00+05:30,36.25,40.0,36.25,38.6,210709
PEARLPOLY,2024-04-23 00:00:00+05:30,39.0,39.65,38.6,39.15,125252
PEARLPOLY,2024-04-24 00:00:00+05:30,39.4,39.7,38.2,38.55,49572
PEARLPOLY,2024-04-25 00:00:00+05:30,38.55,40.0,38.05,38.9,138545
PEARLPOLY,2024-04-26 00:00:00+05:30,38.9,39.15,37.45,37.95,63972
PEARLPOLY,2024-04-29 00:00:00+05:30,38.4,38.65,37.85,38.1,43275
PEARLPOLY,2024-04-30 00:00:00+05:30,38.3,39.75,36.8,37.2,86394
PEARLPOLY,2024-05-02 00:00:00+05:30,38.0,44.6,37.6,44.6,1609942
PEARLPOLY,2024-05-03 00:00:00+05:30,46.1,48.4,42.0,42.5,1383341
PEARLPOLY,2024-05-06 00:00:00+05:30,42.5,43.8,39.6,40.1,277722
PEARLPOLY,2024-05-07 00:00:00+05:30,40.15,41.95,39.95,41.45,302065
PEARLPOLY,2024-05-08 00:00:00+05:30,41.0,42.7,40.1,40.45,178503
PEARLPOLY,2024-05-09 00:00:00+05:30,40.2,41.0,38.2,38.75,101282
PEARLPOLY,2024-05-10 00:00:00+05:30,38.9,40.25,38.0,39.65,79227
PEARLPOLY,2024-05-13 00:00:00+05:30,39.65,40.7,38.5,40.1,65928
PEARLPOLY,2024-05-14 00:00:00+05:30,40.45,40.5,39.6,39.85,44737
PEARLPOLY,2024-05-15 00:00:00+05:30,39.2,40.7,38.8,39.15,98697
PEARLPOLY,2024-05-16 00:00:00+05:30,40.55,40.55,37.2,38.15,69899
PEARLPOLY,2024-05-17 00:00:00+05:30,38.15,38.4,37.5,37.65,23349
PEARLPOLY,2024-05-18 00:00:00+05:30,38.3,39.5,37.1,39.2,18391
PEARLPOLY,2024-05-21 00:00:00+05:30,39.2,39.5,38.2,38.3,25828
PEARLPOLY,2024-05-22 00:00:00+05:30,38.3,39.95,37.1,37.95,21125
PEARLPOLY,2024-05-23 00:00:00+05:30,38.7,38.7,36.7,37.1,59454
PEARLPOLY,2024-05-24 00:00:00+05:30,37.25,38.0,36.5,36.65,17364
PEARLPOLY,2024-05-27 00:00:00+05:30,37.95,38.4,35.75,37.1,27090
PEARLPOLY,2024-05-28 00:00:00+05:30,36.1,36.75,35.25,36.1,63883
PEARLPOLY,2024-05-29 00:00:00+05:30,35.65,36.0,34.5,34.75,29474
PEARLPOLY,2024-05-30 00:00:00+05:30,33.55,35.4,33.55,34.3,18996
PEARLPOLY,2024-05-31 00:00:00+05:30,35.3,35.45,33.5,34.55,18709
PEARLPOLY,2024-06-03 00:00:00+05:30,35.65,35.65,33.8,34.25,21595
PEARLPOLY,2024-06-04 00:00:00+05:30,33.85,34.25,32.55,32.55,39234
PEARLPOLY,2024-06-05 00:00:00+05:30,32.4,32.55,30.95,31.65,49976
PEARLPOLY,2024-06-06 00:00:00+05:30,31.6,33.2,31.6,33.2,49310
PEARLPOLY,2024-06-07 00:00:00+05:30,34.7,34.85,32.6,34.75,61207
PEARLPOLY,2024-06-10 00:00:00+05:30,35.45,35.5,34.0,34.47,11509
PEARLPOLY,2024-06-11 00:00:00+05:30,35.0,35.0,32.95,33.82,57583
PEARLPOLY,2024-06-12 00:00:00+05:30,33.72,35.34,33.15,33.55,64605
PEARLPOLY,2024-06-13 00:00:00+05:30,33.98,34.75,33.0,33.53,27840
PEARLPOLY,2024-06-14 00:00:00+05:30,33.6,34.36,33.15,33.59,25440
PEARLPOLY,2024-06-18 00:00:00+05:30,33.8,34.5,33.5,33.88,17225
PEARLPOLY,2024-06-19 00:00:00+05:30,34.73,34.73,33.0,33.66,27264
PEARLPOLY,2024-06-20 00:00:00+05:30,33.1,34.34,33.1,33.36,27913
PEARLPOLY,2024-06-21 00:00:00+05:30,34.44,34.45,32.6,33.0,20157
PEARLPOLY,2024-06-24 00:00:00+05:30,33.7,33.7,32.6,32.85,20212
PEARLPOLY,2024-06-25 00:00:00+05:30,33.1,33.44,32.57,33.1,13362
PEARLPOLY,2024-06-26 00:00:00+05:30,33.64,33.65,32.6,32.75,11910
PEARLPOLY,2024-06-27 00:00:00+05:30,33.59,33.6,32.12,32.39,19771
PEARLPOLY,2024-06-28 00:00:00+05:30,31.51,32.79,31.51,31.92,25372
PEARLPOLY,2024-07-01 00:00:00+05:30,32.05,33.4,31.5,32.82,64430
PEARLPOLY,2024-07-02 00:00:00+05:30,34.0,34.0,31.21,32.03,46663
PEARLPOLY,2024-07-03 00:00:00+05:30,32.03,32.3,31.5,31.82,13404
PEARLPOLY,2024-07-04 00:00:00+05:30,32.99,32.99,31.51,31.89,19114
PEARLPOLY,2024-07-05 00:00:00+05:30,31.99,32.55,31.1,31.8,17268
PEARLPOLY,2024-07-08 00:00:00+05:30,32.49,32.49,31.06,31.51,17496
PEARLPOLY,2024-07-09 00:00:00+05:30,32.6,32.6,30.98,31.35,21140
PEARLPOLY,2024-07-10 00:00:00+05:30,31.3,31.69,31.0,31.35,6118
PEARLPOLY,2024-07-11 00:00:00+05:30,31.35,32.0,31.03,31.81,22619
PEARLPOLY,2024-07-12 00:00:00+05:30,32.5,33.25,31.52,31.6,12321
PEARLPOLY,2024-07-15 00:00:00+05:30,31.54,31.95,30.6,31.24,25836
PEARLPOLY,2024-07-16 00:00:00+05:30,31.5,32.06,31.01,31.58,12860
PEARLPOLY,2024-07-18 00:00:00+05:30,31.5,32.65,31.04,31.27,12638
PEARLPOLY,2024-07-19 00:00:00+05:30,31.27,31.9,30.22,30.5,48336
PEARLPOLY,2024-07-22 00:00:00+05:30,30.65,30.9,30.15,30.47,13051
PEARLPOLY,2024-07-23 00:00:00+05:30,31.2,31.48,29.9,31.33,16344
PEARLPOLY,2024-07-24 00:00:00+05:30,31.14,31.42,30.45,30.87,5885
PEARLPOLY,2024-07-25 00:00:00+05:30,30.45,32.1,30.45,31.56,25276
PEARLPOLY,2024-07-26 00:00:00+05:30,31.41,32.3,30.25,31.8,19712
PEARLPOLY,2024-07-29 00:00:00+05:30,30.7,32.17,30.6,31.31,23681
PEARLPOLY,2024-07-30 00:00:00+05:30,31.1,31.67,31.0,31.39,8762
PEARLPOLY,2024-07-31 00:00:00+05:30,31.89,32.2,31.0,31.98,51155
PEARLPOLY,2024-08-01 00:00:00+05:30,32.5,33.0,31.11,31.43,39687
PEARLPOLY,2024-08-02 00:00:00+05:30,32.15,32.15,31.02,31.46,10334
PEARLPOLY,2024-08-05 00:00:00+05:30,31.0,31.0,30.0,30.2,30943
PEARLPOLY,2024-08-06 00:00:00+05:30,30.2,30.9,29.15,29.85,19494
PEARLPOLY,2024-08-07 00:00:00+05:30,30.3,30.3,29.1,30.29,10016
PEARLPOLY,2024-08-08 00:00:00+05:30,30.29,30.69,29.78,30.22,9061
PEARLPOLY,2024-08-09 00:00:00+05:30,31.39,31.73,30.21,31.73,34134
PEARLPOLY,2024-08-12 00:00:00+05:30,32.0,33.31,32.0,33.18,82016
PEARLPOLY,2024-08-13 00:00:00+05:30,33.25,33.88,32.5,33.28,28227
PEARLPOLY,2024-08-14 00:00:00+05:30,34.94,34.94,33.0,34.4,139898
PEARLPOLY,2024-08-16 00:00:00+05:30,35.88,35.88,34.2,35.12,139426
PEARLPOLY,2024-08-19 00:00:00+05:30,40.0,42.14,37.7,40.3,1953714
PEARLPOLY,2024-08-20 00:00:00+05:30,39.69,39.69,36.6,37.23,259064
PEARLPOLY,2024-08-21 00:00:00+05:30,37.23,37.96,36.5,36.76,125309
PEARLPOLY,2024-08-22 00:00:00+05:30,37.54,38.5,35.16,37.14,211234
PEARLPOLY,2024-08-23 00:00:00+05:30,37.84,38.2,35.7,35.95,126660
PEARLPOLY,2024-08-26 00:00:00+05:30,36.7,37.5,36.04,36.58,72730
PEARLPOLY,2024-08-27 00:00:00+05:30,36.5,38.0,36.01,36.91,54757
PEARLPOLY,2024-08-28 00:00:00+05:30,37.19,37.7,36.61,37.06,51083
PEARLPOLY,2024-08-29 00:00:00+05:30,37.33,40.39,37.19,39.01,435266
PEARLPOLY,2024-08-30 00:00:00+05:30,39.58,39.59,37.51,38.36,85708
PEARLPOLY,2024-09-02 00:00:00+05:30,38.55,42.36,38.0,40.08,1094210
PEARLPOLY,2024-09-03 00:00:00+05:30,40.56,40.56,38.62,38.91,114672
PEARLPOLY,2024-09-04 00:00:00+05:30,38.59,39.78,38.2,39.09,75600
PEARLPOLY,2024-09-05 00:00:00+05:30,39.1,39.98,38.3,38.93,80098
PEARLPOLY,2024-09-06 00:00:00+05:30,39.0,40.5,38.7,39.53,92101
PEARLPOLY,2024-09-09 00:00:00+05:30,39.95,40.44,38.5,38.98,53037
PEARLPOLY,2024-09-10 00:00:00+05:30,39.9,40.39,38.11,39.73,145251
PEARLPOLY,2024-09-11 00:00:00+05:30,40.44,40.44,38.9,39.14,137178
PEARLPOLY,2024-09-12 00:00:00+05:30,39.97,40.39,39.06,39.12,58582
PEARLPOLY,2024-09-13 00:00:00+05:30,39.12,39.72,38.61,38.88,71893
PEARLPOLY,2024-09-16 00:00:00+05:30,39.34,39.4,38.0,38.76,205887
PEARLPOLY,2024-09-17 00:00:00+05:30,37.9,42.29,37.9,41.73,987354
PEARLPOLY,2024-09-18 00:00:00+05:30,41.73,42.14,40.2,40.93,304321
PEARLPOLY,2024-09-19 00:00:00+05:30,41.02,47.5,41.02,45.18,2678212
PEARLPOLY,2024-09-20 00:00:00+05:30,44.9,45.13,41.31,42.08,498789
PEARLPOLY,2024-09-23 00:00:00+05:30,42.2,42.95,40.01,40.53,206089
PEARLPOLY,2024-09-24 00:00:00+05:30,40.06,40.68,38.61,39.6,240293
PEARLPOLY,2024-09-25 00:00:00+05:30,40.19,41.85,39.11,39.98,339279
PEARLPOLY,2024-09-26 00:00:00+05:30,39.65,41.0,38.9,40.11,138768
PEARLPOLY,2024-09-27 00:00:00+05:30,40.7,41.2,39.52,40.11,174656
PEARLPOLY,2024-09-30 00:00:00+05:30,40.26,40.26,38.0,38.71,109494
PEARLPOLY,2024-10-01 00:00:00+05:30,38.31,39.98,38.31,39.21,111886
PEARLPOLY,2024-10-03 00:00:00+05:30,39.1,39.2,38.5,38.61,54200
PEARLPOLY,2024-10-04 00:00:00+05:30,38.62,39.09,37.3,37.4,54140
PEARLPOLY,2024-10-07 00:00:00+05:30,37.4,37.99,33.5,33.79,136687
PEARLPOLY,2024-10-08 00:00:00+05:30,33.69,35.92,32.2,34.99,114255
PEARLPOLY,2024-10-09 00:00:00+05:30,34.98,36.44,34.98,36.01,64156
PEARLPOLY,2024-10-10 00:00:00+05:30,36.8,36.8,35.15,35.54,60535
PEARLPOLY,2024-10-11 00:00:00+05:30,35.89,35.91,34.1,34.41,90074
PEARLPOLY,2024-10-14 00:00:00+05:30,34.95,34.95,34.0,34.37,43863
PEARLPOLY,2024-10-15 00:00:00+05:30,34.89,34.93,34.28,34.56,22302
PEARLPOLY,2024-10-16 00:00:00+05:30,34.56,39.79,34.46,37.38,405734
PEARLPOLY,2024-10-17 00:00:00+05:30,37.45,38.8,35.51,36.07,174534
PEARLPOLY,2024-10-18 00:00:00+05:30,35.26,41.99,35.15,39.58,964401
PEARLPOLY,2024-10-21 00:00:00+05:30,39.33,41.48,38.3,39.08,301109
PEARLPOLY,2024-10-22 00:00:00+05:30,38.98,39.1,35.51,35.8,201338
PEARLPOLY,2024-10-23 00:00:00+05:30,36.0,37.56,35.6,36.64,73688
PEARLPOLY,2024-10-24 00:00:00+05:30,36.0,36.8,35.74,36.09,51331
PEARLPOLY,2024-10-25 00:00:00+05:30,36.4,36.4,33.7,34.49,35531
PEARLPOLY,2024-10-28 00:00:00+05:30,35.15,35.27,33.52,34.84,49756
PEARLPOLY,2024-10-29 00:00:00+05:30,35.03,35.47,34.0,34.3,99298
PEARLPOLY,2024-10-30 00:00:00+05:30,34.8,36.35,34.4,35.8,36509
PEARLPOLY,2024-10-31 00:00:00+05:30,36.35,37.85,35.25,36.74,66715
PEARLPOLY,2024-11-01 00:00:00+05:30,36.95,37.98,36.02,37.31,61441
PEARLPOLY,2024-11-04 00:00:00+05:30,37.54,37.54,35.54,35.73,70971
PEARLPOLY,2024-11-05 00:00:00+05:30,35.74,36.65,35.74,35.96,20740
PEARLPOLY,2024-11-06 00:00:00+05:30,36.35,37.35,36.2,36.6,42118
PEARLPOLY,2024-11-07 00:00:00+05:30,36.66,37.4,36.41,36.61,41217
PEARLPOLY,2024-11-08 00:00:00+05:30,36.95,37.8,36.42,37.1,46515
PEARLPOLY,2024-11-11 00:00:00+05:30,37.45,37.45,36.4,36.45,49361
PEARLPOLY,2024-11-12 00:00:00+05:30,37.79,37.79,35.58,35.77,45204
PEARLPOLY,2024-11-13 00:00:00+05:30,35.8,35.8,34.0,34.07,56962
PEARLPOLY,2024-11-14 00:00:00+05:30,34.86,35.14,33.7,33.91,35024
PEARLPOLY,2024-11-18 00:00:00+05:30,34.4,34.89,32.93,33.51,75039
PEARLPOLY,2024-11-19 00:00:00+05:30,34.04,38.02,33.65,35.21,121981
PEARLPOLY,2024-11-21 00:00:00+05:30,35.48,35.74,34.21,34.54,30814
PEARLPOLY,2024-11-22 00:00:00+05:30,35.45,35.45,33.5,35.04,53579
PEARLPOLY,2024-11-25 00:00:00+05:30,35.9,35.9,34.6,34.76,37152
PEARLPOLY,2024-11-26 00:00:00+05:30,35.63,35.63,34.39,34.76,26314
PEARLPOLY,2024-11-27 00:00:00+05:30,34.8,37.5,34.47,37.07,142170
PEARLPOLY,2024-11-28 00:00:00+05:30,37.07,37.8,36.17,36.76,61862
PEARLPOLY,2024-11-29 00:00:00+05:30,37.11,37.45,36.11,36.58,18023
PEARLPOLY,2024-12-02 00:00:00+05:30,36.58,37.74,36.2,37.2,36046
PEARLPOLY,2024-12-03 00:00:00+05:30,37.2,37.96,36.5,37.36,49316
PEARLPOLY,2024-12-04 00:00:00+05:30,37.84,39.53,37.0,38.64,161819
PEARLPOLY,2024-12-05 00:00:00+05:30,38.8,39.19,37.12,37.43,72916
PEARLPOLY,2024-12-06 00:00:00+05:30,37.86,37.86,36.41,37.0,57013
PEARLPOLY,2024-12-09 00:00:00+05:30,37.8,37.8,36.15,36.4,37583
PEARLPOLY,2024-12-10 00:00:00+05:30,36.41,37.44,36.11,36.75,26703
PEARLPOLY,2024-12-11 00:00:00+05:30,36.95,38.5,36.07,37.84,147610
PEARLPOLY,2024-12-12 00:00:00+05:30,37.84,37.84,36.5,37.17,18299
PEARLPOLY,2024-12-13 00:00:00+05:30,37.26,38.23,36.05,37.22,49735
PEARLPOLY,2024-12-16 00:00:00+05:30,38.56,44.66,38.56,42.34,2652815
PEARLPOLY,2024-12-17 00:00:00+05:30,42.0,42.0,39.57,40.16,313162
PEARLPOLY,2024-12-18 00:00:00+05:30,40.12,47.4,39.91,42.08,832604
PEARLPOLY,2024-12-19 00:00:00+05:30,41.06,42.58,40.76,42.27,184301
PEARLPOLY,2024-12-20 00:00:00+05:30,41.5,45.44,40.4,40.79,295457
PEARLPOLY,2024-12-23 00:00:00+05:30,41.01,41.8,39.45,39.72,66801
PEARLPOLY,2024-12-24 00:00:00+05:30,39.99,40.74,38.65,39.31,41753
PEARLPOLY,2024-12-26 00:00:00+05:30,39.0,39.68,38.0,38.62,33774
PEARLPOLY,2024-12-27 00:00:00+05:30,38.25,39.93,37.95,38.2,52796
PEARLPOLY,2024-12-30 00:00:00+05:30,37.8,38.98,37.12,37.92,37554
PEARLPOLY,2024-12-31 00:00:00+05:30,38.01,39.94,37.57,38.66,74294
PEARLPOLY,2025-01-01 00:00:00+05:30,38.7,39.58,37.99,38.81,50927
PEARLPOLY,2025-01-02 00:00:00+05:30,38.97,39.74,38.7,39.17,54594
PEARLPOLY,2025-01-03 00:00:00+05:30,39.75,39.79,38.1,38.32,68793
PEARLPOLY,2025-01-06 00:00:00+05:30,37.35,39.8,37.05,37.22,46557
PEARLPOLY,2025-01-07 00:00:00+05:30,37.22,39.29,36.82,38.17,67917
PEARLPOLY,2025-01-08 00:00:00+05:30,38.5,39.09,36.5,37.09,85853
PEARLPOLY,2025-01-09 00:00:00+05:30,37.74,37.74,36.9,36.95,27508
PEARLPOLY,2025-01-10 00:00:00+05:30,36.51,36.97,35.36,35.76,30290
PEARLPOLY,2025-01-13 00:00:00+05:30,35.15,35.65,33.1,33.54,41588
PEARLPOLY,2025-01-14 00:00:00+05:30,33.54,36.79,33.43,34.42,121621
PEARLPOLY,2025-01-15 00:00:00+05:30,34.92,37.0,34.41,35.1,89682
PEARLPOLY,2025-01-16 00:00:00+05:30,35.2,36.69,35.2,35.68,37650
PEARLPOLY,2025-01-17 00:00:00+05:30,36.15,36.69,35.0,36.3,35132
PEARLPOLY,2025-01-20 00:00:00+05:30,36.99,36.99,35.8,36.4,33129
PEARLPOLY,2025-01-21 00:00:00+05:30,37.3,37.3,36.01,36.23,22554
PEARLPOLY,2025-01-22 00:00:00+05:30,36.05,36.99,35.0,35.24,52638
PEARLPOLY,2025-01-23 00:00:00+05:30,34.89,35.88,34.81,35.6,27446
PEARLPOLY,2025-01-24 00:00:00+05:30,35.51,36.7,34.41,34.73,55796
PEARLPOLY,2025-01-27 00:00:00+05:30,34.6,35.9,32.5,33.11,27924
PEARLPOLY,2025-01-28 00:00:00+05:30,32.8,34.47,32.01,32.7,47950
PEARLPOLY,2025-01-29 00:00:00+05:30,33.0,34.25,32.95,33.12,37489
PEARLPOLY,2025-01-30 00:00:00+05:30,33.48,33.65,32.57,33.0,12147
PEARLPOLY,2025-01-31 00:00:00+05:30,33.08,33.84,32.26,32.81,27281
PEARLPOLY,2025-02-01 00:00:00+05:30,33.29,33.88,32.64,33.49,10474
PEARLPOLY,2025-02-03 00:00:00+05:30,33.49,33.49,32.41,32.73,11799
PEARLPOLY,2025-02-04 00:00:00+05:30,32.51,33.33,32.1,32.93,6666
PEARLPOLY,2025-02-05 00:00:00+05:30,32.93,33.83,32.93,33.57,6375
PEARLPOLY,2025-02-06 00:00:00+05:30,33.17,33.79,32.82,33.08,6575
PEARLPOLY,2025-02-07 00:00:00+05:30,33.2,33.44,32.31,32.66,11052
PEARLPOLY,2025-02-10 00:00:00+05:30,32.8,33.37,32.1,32.16,13900
PEARLPOLY,2025-02-11 00:00:00+05:30,32.11,32.74,31.14,31.6,12822
PEARLPOLY,2025-02-12 00:00:00+05:30,31.61,31.62,30.4,30.87,17120
PEARLPOLY,2025-02-13 00:00:00+05:30,31.63,32.0,30.59,30.8,10463
PEARLPOLY,2025-02-14 00:00:00+05:30,31.74,31.79,28.61,29.92,29914
PEARLPOLY,2025-02-17 00:00:00+05:30,29.56,29.56,27.41,28.13,41186
PEARLPOLY,2025-02-18 00:00:00+05:30,28.69,28.69,26.11,26.36,41951
PEARLPOLY,2025-02-19 00:00:00+05:30,26.5,27.98,25.9,27.79,25056
PEARLPOLY,2025-02-20 00:00:00+05:30,28.3,28.3,27.51,28.03,9071
PEARLPOLY,2025-02-21 00:00:00+05:30,28.31,28.99,27.62,28.6,14424
PEARLPOLY,2025-02-24 00:00:00+05:30,28.99,28.99,27.06,27.81,19582
PEARLPOLY,2025-02-25 00:00:00+05:30,27.81,29.96,27.81,28.96,25933
PEARLPOLY,2025-02-27 00:00:00+05:30,28.96,29.54,26.81,27.05,20317
PEARLPOLY,2025-02-28 00:00:00+05:30,27.11,27.4,25.56,25.97,16626
PEARLPOLY,2025-03-03 00:00:00+05:30,26.95,27.08,25.04,25.45,15196
PEARLPOLY,2025-03-04 00:00:00+05:30,25.95,26.29,24.11,24.92,44113
PEARLPOLY,2025-03-05 00:00:00+05:30,25.06,26.48,25.06,26.34,14378
PEARLPOLY,2025-03-06 00:00:00+05:30,26.4,27.39,25.41,26.8,23307
PEARLPOLY,2025-03-07 00:00:00+05:30,26.8,27.85,26.42,26.68,21673
PEARLPOLY,2025-03-10 00:00:00+05:30,26.75,28.48,26.64,27.72,20786
PEARLPOLY,2025-03-11 00:00:00+05:30,28.0,28.08,26.66,27.58,9001
PEARLPOLY,2025-03-12 00:00:00+05:30,28.47,28.47,26.5,26.63,8920
PEARLPOLY,2025-03-13 00:00:00+05:30,27.0,27.0,25.5,25.8,44508
PEARLPOLY,2025-03-17 00:00:00+05:30,25.7,26.75,24.4,24.91,34550
PEARLPOLY,2025-03-18 00:00:00+05:30,25.11,25.73,24.76,25.37,25509
PEARLPOLY,2025-03-19 00:00:00+05:30,25.94,26.5,25.11,25.51,66610
PEARLPOLY,2025-03-20 00:00:00+05:30,25.01,26.37,24.11,24.68,96626
PEARLPOLY,2025-03-21 00:00:00+05:30,24.68,25.38,24.52,24.95,29768
PEARLPOLY,2025-03-24 00:00:00+05:30,25.39,29.94,25.3,29.94,137232
PEARLPOLY,2025-03-25 00:00:00+05:30,32.39,34.89,29.95,30.65,1008106
PEARLPOLY,2025-03-26 00:00:00+05:30,31.0,31.5,28.55,29.02,149920
PEARLPOLY,2025-03-27 00:00:00+05:30,29.0,29.04,26.53,27.24,212805
PEARLPOLY,2025-03-28 00:00:00+05:30,28.35,28.35,26.2,26.44,74104
PEARLPOLY,2025-04-01 00:00:00+05:30,26.0,27.44,25.71,27.17,60591
PEARLPOLY,2025-04-02 00:00:00+05:30,26.5,27.9,26.5,27.17,36673
PEARLPOLY,2025-04-03 00:00:00+05:30,27.0,27.7,26.16,27.31,38562
PEARLPOLY,2025-04-04 00:00:00+05:30,27.85,28.98,26.71,28.14,126039
PEARLPOLY,2025-04-07 00:00:00+05:30,25.3,27.8,25.3,26.48,49446
PEARLPOLY,2025-04-08 00:00:00+05:30,26.83,27.59,25.71,26.29,57224
PEARLPOLY,2025-04-09 00:00:00+05:30,27.22,27.22,25.92,26.51,18842
PEARLPOLY,2025-04-11 00:00:00+05:30,27.54,27.92,26.46,26.86,43560
PEARLPOLY,2025-04-15 00:00:00+05:30,26.86,27.8,26.86,27.53,117397
PEARLPOLY,2025-04-16 00:00:00+05:30,27.17,29.85,27.17,29.1,114690
PEARLPOLY,2025-04-17 00:00:00+05:30,29.0,30.22,29.0,29.19,50533
PEARLPOLY,2025-04-21 00:00:00+05:30,30.18,31.43,29.26,29.96,91012
PEARLPOLY,2025-04-22 00:00:00+05:30,30.11,31.43,29.8,31.0,56270
PEARLPOLY,2025-04-23 00:00:00+05:30,31.0,31.17,28.98,29.19,57192
PEARLPOLY,2025-04-24 00:00:00+05:30,29.6,33.4,29.55,30.36,179189
PEARLPOLY,2025-04-25 00:00:00+05:30,30.86,31.09,28.35,28.63,91608
PEARLPOLY,2025-04-28 00:00:00+05:30,28.85,31.18,28.61,29.85,52623
PEARLPOLY,2025-04-29 00:00:00+05:30,30.39,31.94,29.71,30.2,54934
PEARLPOLY,2025-04-30 00:00:00+05:30,30.24,30.38,29.12,29.58,12038
PEARLPOLY,2025-05-02 00:00:00+05:30,29.59,30.75,29.32,30.02,37543
PEARLPOLY,2025-05-05 00:00:00+05:30,30.64,30.65,29.61,30.01,14110
PEARLPOLY,2025-05-06 00:00:00+05:30,30.2,30.3,28.43,28.83,15521
PEARLPOLY,2025-05-07 00:00:00+05:30,28.05,29.3,27.77,28.91,17343
PEARLPOLY,2025-05-08 00:00:00+05:30,29.12,29.6,28.46,28.59,27312
PEARLPOLY,2025-05-09 00:00:00+05:30,27.45,28.0,27.15,27.54,10690
PEARLPOLY,2025-05-12 00:00:00+05:30,28.65,29.94,28.37,29.07,17950
PEARLPOLY,2025-05-13 00:00:00+05:30,29.51,29.63,28.58,28.82,13888
PEARLPOLY,2025-05-14 00:00:00+05:30,28.7,29.86,28.7,29.2,10393
PEARLPOLY,2025-05-15 00:00:00+05:30,29.91,29.96,28.7,29.01,27059
PEARLPOLY,2025-05-16 00:00:00+05:30,28.64,34.5,28.63,33.75,309895
PEARLPOLY,2025-05-19 00:00:00+05:30,34.0,35.0,32.26,32.88,148129
PEARLPOLY,2025-05-20 00:00:00+05:30,33.27,33.58,31.6,31.91,40044
PEARLPOLY,2025-05-21 00:00:00+05:30,31.65,32.9,31.65,32.46,24419
PEARLPOLY,2025-05-22 00:00:00+05:30,32.4,33.45,31.35,31.78,48632
PEARLPOLY,2025-05-23 00:00:00+05:30,31.89,32.56,31.34,32.16,46851
PEARLPOLY,2025-05-26 00:00:00+05:30,32.49,32.82,31.01,31.76,33880
PEARLPOLY,2025-05-27 00:00:00+05:30,31.81,32.09,31.12,31.41,12505
PEARLPOLY,2025-05-28 00:00:00+05:30,31.44,32.0,31.2,31.59,30089
PEARLPOLY,2025-05-29 00:00:00+05:30,31.74,31.95,30.0,30.21,62794
PEARLPOLY,2025-05-30 00:00:00+05:30,30.76,30.84,29.99,30.18,42582
PEARLPOLY,2025-06-02 00:00:00+05:30,30.0,30.7,29.49,30.26,22040
PEARLPOLY,2025-06-03 00:00:00+05:30,30.7,30.78,29.56,30.32,16514
PEARLPOLY,2025-06-04 00:00:00+05:30,30.3,30.6,29.93,30.36,10369
PEARLPOLY,2025-06-05 00:00:00+05:30,30.7,32.9,30.36,31.97,149305
PEARLPOLY,2025-06-06 00:00:00+05:30,31.98,32.12,30.6,30.91,41236
PEARLPOLY,2025-06-09 00:00:00+05:30,31.99,31.99,30.2,30.39,38061
PEARLPOLY,2025-06-10 00:00:00+05:30,30.39,31.65,30.0,30.73,59490
PEARLPOLY,2025-06-11 00:00:00+05:30,30.15,31.44,30.15,30.61,29657
PEARLPOLY,2025-06-12 00:00:00+05:30,30.99,33.26,30.11,31.0,125315
PEARLPOLY,2025-06-13 00:00:00+05:30,30.0,31.43,30.0,30.5,54790
PEARLPOLY,2025-06-16 00:00:00+05:30,30.11,30.96,30.11,30.54,19813
PEARLPOLY,2025-06-17 00:00:00+05:30,30.54,30.86,29.11,29.68,73317
PEARLPOLY,2025-06-18 00:00:00+05:30,30.2,30.2,29.6,29.84,18537
PEARLPOLY,2025-06-19 00:00:00+05:30,29.99,30.19,28.51,29.07,31684
PEARLPOLY,2025-06-20 00:00:00+05:30,29.1,29.67,28.52,28.89,26341
PEARLPOLY,2025-06-23 00:00:00+05:30,28.8,30.13,28.69,29.84,57236
PEARLPOLY,2025-06-24 00:00:00+05:30,30.29,33.0,30.0,31.54,163111
PEARLPOLY,2025-06-25 00:00:00+05:30,31.9,32.3,30.6,31.57,84283
PEARLPOLY,2025-06-26 00:00:00+05:30,31.79,31.88,31.02,31.1,23034
PEARLPOLY,2025-06-27 00:00:00+05:30,31.1,32.2,31.1,31.48,24575
PEARLPOLY,2025-06-30 00:00:00+05:30,31.2,31.85,30.85,31.41,38922
PEARLPOLY,2025-07-01 00:00:00+05:30,31.74,31.74,31.0,31.05,8599
PEARLPOLY,2025-07-02 00:00:00+05:30,30.9,32.0,30.25,31.24,52084
PEARLPOLY,2025-07-03 00:00:00+05:30,31.05,31.89,31.01,31.33,23236
PEARLPOLY,2025-07-04 00:00:00+05:30,31.44,31.5,30.62,30.92,26215
PEARLPOLY,2025-07-07 00:00:00+05:30,30.35,31.5,30.35,31.29,20546
PEARLPOLY,2025-07-08 00:00:00+05:30,30.96,31.42,30.6,30.72,20760
PEARLPOLY,2025-07-09 00:00:00+05:30,31.46,31.46,30.36,30.47,27979
PEARLPOLY,2025-07-10 00:00:00+05:30,30.78,30.91,29.95,30.13,25439
PEARLPOLY,2025-07-11 00:00:00+05:30,30.05,30.49,29.52,29.75,11727
PEARLPOLY,2025-07-14 00:00:00+05:30,29.61,30.18,29.05,29.43,31599
PEARLPOLY,2025-07-15 00:00:00+05:30,29.43,30.08,29.43,29.56,22415
PEARLPOLY,2025-07-16 00:00:00+05:30,29.9,30.99,29.57,30.72,63374
PEARLPOLY,2025-07-17 00:00:00+05:30,30.99,32.0,30.69,30.88,63052
PEARLPOLY,2025-07-18 00:00:00+05:30,30.8,31.29,30.33,30.41,13126
PEARLPOLY,2025-07-21 00:00:00+05:30,30.39,30.99,30.26,30.35,10995
PEARLPOLY,2025-07-22 00:00:00+05:30,30.36,30.45,29.4,29.84,16629
PEARLPOLY,2025-07-23 00:00:00+05:30,30.44,30.44,29.79,29.81,11177
PEARLPOLY,2025-07-24 00:00:00+05:30,30.79,34.98,29.11,32.56,644108
PEARLPOLY,2025-07-25 00:00:00+05:30,32.88,34.0,31.5,31.55,89927
PEARLPOLY,2025-07-28 00:00:00+05:30,31.55,31.55,30.5,30.77,12990
PEARLPOLY,2025-07-29 00:00:00+05:30,31.39,36.92,30.05,36.87,1377628
PEARLPOLY,2025-07-30 00:00:00+05:30,36.87,41.0,35.06,37.25,1387755
PEARLPOLY,2025-07-31 00:00:00+05:30,36.4,37.9,35.1,35.36,286473
PEARLPOLY,2025-08-01 00:00:00+05:30,36.39,36.64,34.82,35.43,134064
PEARLPOLY,2025-08-04 00:00:00+05:30,35.43,39.2,34.56,36.73,617506
PEARLPOLY,2025-08-05 00:00:00+05:30,36.71,37.69,34.57,35.04,236350
PEARLPOLY,2025-08-06 00:00:00+05:30,35.39,35.4,32.3,32.75,131695
PEARLPOLY,2025-08-07 00:00:00+05:30,33.3,33.83,32.01,32.73,75362
PEARLPOLY,2025-08-08 00:00:00+05:30,33.1,34.0,32.28,33.81,262733
PEARLPOLY,2025-08-11 00:00:00+05:30,34.5,34.6,33.37,34.21,165666
PEARLPOLY,2025-08-12 00:00:00+05:30,34.98,34.98,31.55,31.91,101973
PEARLPOLY,2025-08-13 00:00:00+05:30,32.6,33.84,32.26,32.68,66055
PEARLPOLY,2025-08-14 00:00:00+05:30,33.1,33.82,32.25,32.8,38164
PEARLPOLY,2025-08-18 00:00:00+05:30,32.8,33.9,31.62,32.14,144693
PEARLPOLY,2025-08-19 00:00:00+05:30,31.7,32.64,31.7,32.04,34222
PEARLPOLY,2025-08-20 00:00:00+05:30,32.29,34.2,31.78,33.05,175350
PEARLPOLY,2025-08-21 00:00:00+05:30,33.75,34.3,32.8,33.19,89878
PEARLPOLY,2025-08-22 00:00:00+05:30,33.19,33.95,32.3,32.9,44344
PEARLPOLY,2025-08-25 00:00:00+05:30,32.17,33.5,32.17,32.75,23114
PEARLPOLY,2025-08-26 00:00:00+05:30,32.73,32.84,32.01,32.14,29108
PEARLPOLY,2025-08-28 00:00:00+05:30,32.14,32.45,31.1,31.55,49176
PEARLPOLY,2025-08-29 00:00:00+05:30,31.95,32.34,31.5,31.66,11080
PEARLPOLY,2025-09-01 00:00:00+05:30,31.76,32.32,31.38,31.82,39874
PEARLPOLY,2025-09-02 00:00:00+05:30,31.82,32.44,31.11,31.42,33626
PEARLPOLY,2025-09-03 00:00:00+05:30,31.9,31.9,31.27,31.45,13040
PEARLPOLY,2025-09-04 00:00:00+05:30,31.9,31.92,31.05,31.11,18337
PEARLPOLY,2025-09-05 00:00:00+05:30,30.75,31.75,30.75,31.15,16841
PEARLPOLY,2025-09-08 00:00:00+05:30,30.9,34.98,29.8,32.1,192049
PEARLPOLY,2025-09-09 00:00:00+05:30,32.1,35.02,31.68,32.61,136523
PEARLPOLY,2025-09-10 00:00:00+05:30,32.9,33.8,32.52,32.81,52177
PEARLPOLY,2025-09-11 00:00:00+05:30,32.69,33.28,32.5,32.67,21596
PEARLPOLY,2025-09-12 00:00:00+05:30,32.1,33.04,31.9,31.95,24926
PEARLPOLY,2025-09-15 00:00:00+05:30,31.35,32.26,31.05,31.19,73218
PEARLPOLY,2025-09-16 00:00:00+05:30,31.78,32.0,31.2,31.74,87757
PEARLPOLY,2025-09-17 00:00:00+05:30,31.74,32.25,31.5,31.51,37758
PEARLPOLY,2025-09-18 00:00:00+05:30,31.56,31.98,31.11,31.39,34717
PEARLPOLY,2025-09-19 00:00:00+05:30,31.8,31.8,31.2,31.42,7767
PEARLPOLY,2025-09-22 00:00:00+05:30,31.15,31.79,30.76,30.88,26799
PEARLPOLY,2025-09-23 00:00:00+05:30,31.04,31.41,30.85,31.02,29211
PEARLPOLY,2025-09-24 00:00:00+05:30,30.99,31.4,30.7,30.86,12642
PEARLPOLY,2025-09-25 00:00:00+05:30,30.61,31.23,30.05,30.1,26053
PEARLPOLY,2025-09-26 00:00:00+05:30,30.41,30.41,29.0,29.29,23352
PEARLPOLY,2025-09-29 00:00:00+05:30,30.02,30.02,28.85,29.32,23288
PEARLPOLY,2025-09-30 00:00:00+05:30,29.67,29.77,28.5,28.76,16122
PEARLPOLY,2025-10-01 00:00:00+05:30,28.22,31.5,28.21,30.48,69331
PEARLPOLY,2025-10-03 00:00:00+05:30,31.39,31.39,30.21,30.44,19432
PEARLPOLY,2025-10-06 00:00:00+05:30,30.0,30.79,29.7,29.85,24230
PEARLPOLY,2025-10-07 00:00:00+05:30,29.51,30.45,29.06,29.62,23550
PEARLPOLY,2025-10-08 00:00:00+05:30,30.1,30.45,29.16,29.32,17045
PEARLPOLY,2025-10-09 00:00:00+05:30,29.15,30.5,29.15,30.3,10066
PEARLPOLY,2025-10-10 00:00:00+05:30,30.6,30.6,29.2,29.81,28032
PEARLPOLY,2025-10-13 00:00:00+05:30,29.26,29.94,29.15,29.41,11360
PEARLPOLY,2025-10-14 00:00:00+05:30,29.15,29.85,28.8,28.97,16141
PEARLPOLY,2025-10-15 00:00:00+05:30,28.96,29.57,28.86,29.05,9908
PEARLPOLY,2025-10-16 00:00:00+05:30,29.05,29.6,29.0,29.2,13717
PEARLPOLY,2025-10-17 00:00:00+05:30,29.0,29.5,28.71,28.98,14484
PEARLPOLY,2025-10-20 00:00:00+05:30,28.8,30.5,28.7,28.77,22330
PEARLPOLY,2025-10-21 00:00:00+05:30,29.0,29.9,28.8,29.02,5783
PEARLPOLY,2025-10-23 00:00:00+05:30,29.6,29.6,27.36,27.81,47300
PEARLPOLY,2025-10-24 00:00:00+05:30,27.85,28.79,27.26,27.69,56565
PEARLPOLY,2025-10-27 00:00:00+05:30,27.55,28.43,27.55,28.28,20356
PEARLPOLY,2025-10-28 00:00:00+05:30,27.72,28.41,27.61,27.77,12270
PEARLPOLY,2025-10-29 00:00:00+05:30,27.85,28.7,27.84,28.25,15714
PEARLPOLY,2025-10-30 00:00:00+05:30,28.7,28.7,27.62,27.8,28222
PEARLPOLY,2025-10-31 00:00:00+05:30,27.24,28.42,27.24,27.68,27852
PEARLPOLY,2025-11-03 00:00:00+05:30,27.2,28.45,27.2,27.86,21535
PEARLPOLY,2025-11-04 00:00:00+05:30,28.14,28.14,27.27,27.85,8193
PEARLPOLY,2025-11-06 00:00:00+05:30,28.24,28.24,26.56,27.1,12249
PEARLPOLY,2025-11-07 00:00:00+05:30,27.1,27.12,26.0,26.62,24365
PEARLPOLY,2025-11-10 00:00:00+05:30,26.62,27.44,26.0,26.5,19963
PEARLPOLY,2025-11-11 00:00:00+05:30,26.95,27.0,26.45,26.73,6733
PEARLPOLY,2025-11-12 00:00:00+05:30,27.5,27.5,26.3,26.65,7412
PEARLPOLY,2025-11-13 00:00:00+05:30,26.12,28.9,26.12,26.65,14504
PEARLPOLY,2025-11-14 00:00:00+05:30,27.4,27.4,25.9,26.08,17444
PEARLPOLY,2025-11-17 00:00:00+05:30,26.02,26.79,25.15,25.42,12214
PEARLPOLY,2025-11-18 00:00:00+05:30,26.0,27.45,24.5,25.52,20314
PEARLPOLY,2025-11-19 00:00:00+05:30,26.45,26.45,25.05,25.2,12163
PEARLPOLY,2025-11-20 00:00:00+05:30,26.08,26.08,24.0,24.32,82031
PEARLPOLY,2025-11-21 00:00:00+05:30,24.1,24.5,23.39,23.78,27621
PEARLPOLY,2025-11-24 00:00:00+05:30,24.49,24.5,22.6,22.84,47391
PEARLPOLY,2025-11-25 00:00:00+05:30,23.49,23.94,22.01,22.58,17974
PEARLPOLY,2025-11-26 00:00:00+05:30,22.89,24.0,22.36,22.75,31325
PEARLPOLY,2025-11-27 00:00:00+05:30,22.99,26.9,22.79,25.18,585856
PEARLPOLY,2025-11-28 00:00:00+05:30,25.18,25.5,24.21,24.35,33536
