Symbol,Date,Open,High,Low,Close,Volume
PRAKASHSTL,2010-08-25 00:00:00+05:30,12.2,20.0,11.7,18.54,616342629
PRAKASHSTL,2010-08-26 00:00:00+05:30,18.9,20.87,17.82,18.41,294707169
PRAKASHSTL,2010-08-27 00:00:00+05:30,18.02,22.09,17.32,22.05,205363659
PRAKASHSTL,2010-08-30 00:00:00+05:30,21.7,24.39,21.23,22.35,295539839
PRAKASHSTL,2010-08-31 00:00:00+05:30,21.61,21.99,20.2,21.58,164715859
PRAKASHSTL,2010-09-01 00:00:00+05:30,21.5,22.27,21.34,21.75,75548209
PRAKASHSTL,2010-09-02 00:00:00+05:30,21.85,22.55,19.8,20.41,81185359
PRAKASHSTL,2010-09-03 00:00:00+05:30,20.41,20.53,16.36,18.21,111386309
PRAKASHSTL,2010-09-06 00:00:00+05:30,15.88,17.28,15.11,16.94,115477299
PRAKASHSTL,2010-09-07 00:00:00+05:30,17.1,17.79,16.42,17.28,61026519
PRAKASHSTL,2010-09-08 00:00:00+05:30,16.71,16.83,15.9,16.22,47603379
PRAKASHSTL,2010-09-09 00:00:00+05:30,16.2,16.39,15.7,16.11,19245949
PRAKASHSTL,2010-09-13 00:00:00+05:30,16.3,16.62,15.28,15.66,16057109
PRAKASHSTL,2010-09-14 00:00:00+05:30,15.59,16.38,15.4,16.12,31672219
PRAKASHSTL,2010-09-15 00:00:00+05:30,15.9,16.18,15.62,15.71,9443419
PRAKASHSTL,2010-09-16 00:00:00+05:30,15.71,15.98,15.51,15.64,8344289
PRAKASHSTL,2010-09-17 00:00:00+05:30,15.7,15.78,15.41,15.54,4893779
PRAKASHSTL,2010-09-20 00:00:00+05:30,15.62,15.68,15.12,15.53,5535979
PRAKASHSTL,2010-09-21 00:00:00+05:30,15.6,15.69,15.01,15.12,4612239
PRAKASHSTL,2010-09-22 00:00:00+05:30,15.27,15.3,14.65,14.87,6935249
PRAKASHSTL,2010-09-23 00:00:00+05:30,14.9,14.9,14.4,14.56,3408259
PRAKASHSTL,2010-09-24 00:00:00+05:30,14.41,15.78,14.1,14.76,17251849
PRAKASHSTL,2010-09-27 00:00:00+05:30,15.0,15.18,14.36,14.47,5333489
PRAKASHSTL,2010-09-28 00:00:00+05:30,14.51,14.68,14.32,14.43,4113109
PRAKASHSTL,2010-09-29 00:00:00+05:30,14.48,14.56,14.15,14.2,3130249
PRAKASHSTL,2010-09-30 00:00:00+05:30,14.3,14.6,14.01,14.06,3875929
PRAKASHSTL,2010-10-01 00:00:00+05:30,14.1,14.24,14.01,14.08,4010459
PRAKASHSTL,2010-10-04 00:00:00+05:30,14.04,14.24,14.02,14.12,3158919
PRAKASHSTL,2010-10-05 00:00:00+05:30,14.1,14.47,14.01,14.17,2809799
PRAKASHSTL,2010-10-06 00:00:00+05:30,14.29,14.4,14.01,14.03,1568359
PRAKASHSTL,2010-10-07 00:00:00+05:30,14.05,14.24,13.89,14.02,1558279
PRAKASHSTL,2010-10-08 00:00:00+05:30,14.15,14.15,13.76,13.83,2300899
PRAKASHSTL,2010-10-11 00:00:00+05:30,13.99,14.12,13.61,13.77,1595479
PRAKASHSTL,2010-10-12 00:00:00+05:30,13.71,14.03,13.71,13.86,2889759
PRAKASHSTL,2010-10-13 00:00:00+05:30,13.99,14.14,13.72,13.88,1970249
PRAKASHSTL,2010-10-14 00:00:00+05:30,13.97,14.09,13.62,13.73,3264969
PRAKASHSTL,2010-10-15 00:00:00+05:30,13.84,14.0,13.65,13.72,1781129
PRAKASHSTL,2010-10-18 00:00:00+05:30,13.61,13.9,13.52,13.7,1200229
PRAKASHSTL,2010-10-19 00:00:00+05:30,13.8,16.29,13.61,15.49,21813079
PRAKASHSTL,2010-10-20 00:00:00+05:30,15.62,15.95,15.3,15.59,6126579
PRAKASHSTL,2010-10-21 00:00:00+05:30,15.66,15.99,15.35,15.6,5113169
PRAKASHSTL,2010-10-22 00:00:00+05:30,15.64,15.88,15.03,15.36,3003619
PRAKASHSTL,2010-10-25 00:00:00+05:30,15.57,15.75,15.32,15.5,2515269
PRAKASHSTL,2010-10-26 00:00:00+05:30,15.21,15.78,15.21,15.38,1554359
PRAKASHSTL,2010-10-27 00:00:00+05:30,15.47,15.47,15.12,15.27,1078429
PRAKASHSTL,2010-10-28 00:00:00+05:30,15.25,15.44,14.79,14.91,1243619
PRAKASHSTL,2010-10-29 00:00:00+05:30,14.8,15.1,14.52,15.02,1475839
PRAKASHSTL,2010-11-01 00:00:00+05:30,14.72,15.48,14.72,15.08,2067599
PRAKASHSTL,2010-11-02 00:00:00+05:30,14.8,15.7,14.79,15.39,2505849
PRAKASHSTL,2010-11-03 00:00:00+05:30,15.4,15.49,15.0,15.15,1680049
PRAKASHSTL,2010-11-04 00:00:00+05:30,15.01,15.15,14.71,14.84,854099
PRAKASHSTL,2010-11-05 00:00:00+05:30,15.03,15.5,14.87,15.2,498399
PRAKASHSTL,2010-11-08 00:00:00+05:30,15.07,15.4,15.07,15.21,1015919
PRAKASHSTL,2010-11-09 00:00:00+05:30,15.35,15.65,15.02,15.44,1862259
PRAKASHSTL,2010-11-10 00:00:00+05:30,15.36,15.85,15.04,15.13,2103009
PRAKASHSTL,2010-11-11 00:00:00+05:30,15.27,15.36,14.87,14.95,1421329
PRAKASHSTL,2010-11-12 00:00:00+05:30,15.09,15.35,14.75,15.07,1366449
PRAKASHSTL,2010-11-15 00:00:00+05:30,14.87,17.49,14.87,17.11,33556229
PRAKASHSTL,2010-11-16 00:00:00+05:30,17.2,18.58,16.1,16.23,44181859
PRAKASHSTL,2010-11-18 00:00:00+05:30,16.5,17.2,15.8,16.23,18816769
PRAKASHSTL,2010-11-19 00:00:00+05:30,16.5,16.84,16.18,16.61,6655549
PRAKASHSTL,2010-11-22 00:00:00+05:30,16.7,16.9,16.01,16.27,1541539
PRAKASHSTL,2010-11-23 00:00:00+05:30,16.2,16.64,15.68,15.97,2383629
PRAKASHSTL,2010-11-24 00:00:00+05:30,16.1,16.39,15.4,15.69,1635219
PRAKASHSTL,2010-11-25 00:00:00+05:30,15.8,15.9,14.78,15.63,1258799
PRAKASHSTL,2010-11-26 00:00:00+05:30,15.5,15.71,14.7,15.26,771289
PRAKASHSTL,2010-11-29 00:00:00+05:30,14.81,15.7,14.81,15.34,1090599
PRAKASHSTL,2010-11-30 00:00:00+05:30,14.9,15.29,14.9,15.12,348929
PRAKASHSTL,2010-12-01 00:00:00+05:30,15.35,15.57,14.94,15.22,515629
PRAKASHSTL,2010-12-02 00:00:00+05:30,15.3,15.8,15.2,15.22,313369
PRAKASHSTL,2010-12-03 00:00:00+05:30,15.19,15.3,13.78,14.3,2446939
PRAKASHSTL,2010-12-06 00:00:00+05:30,14.3,14.75,13.8,14.26,396549
PRAKASHSTL,2010-12-07 00:00:00+05:30,14.3,14.3,13.7,13.8,512669
PRAKASHSTL,2010-12-08 00:00:00+05:30,13.7,13.97,13.21,13.51,1427929
PRAKASHSTL,2010-12-09 00:00:00+05:30,13.69,13.69,12.88,13.2,1123719
PRAKASHSTL,2010-12-10 00:00:00+05:30,13.49,13.8,12.85,13.16,428679
PRAKASHSTL,2010-12-13 00:00:00+05:30,13.28,13.7,13.19,13.54,231429
PRAKASHSTL,2010-12-14 00:00:00+05:30,13.35,14.3,13.35,13.65,1167809
PRAKASHSTL,2010-12-15 00:00:00+05:30,13.6,13.8,13.0,13.13,343539
PRAKASHSTL,2010-12-16 00:00:00+05:30,13.13,13.4,12.7,12.81,968409
PRAKASHSTL,2010-12-20 00:00:00+05:30,13.38,13.38,12.73,12.85,225939
PRAKASHSTL,2010-12-21 00:00:00+05:30,12.81,13.18,12.81,12.95,347699
PRAKASHSTL,2010-12-22 00:00:00+05:30,12.93,13.18,12.92,13.02,293589
PRAKASHSTL,2010-12-23 00:00:00+05:30,13.1,13.1,12.81,12.91,258579
PRAKASHSTL,2010-12-24 00:00:00+05:30,13.09,13.1,12.8,12.88,268029
PRAKASHSTL,2010-12-27 00:00:00+05:30,13.04,13.05,12.68,12.75,226539
PRAKASHSTL,2010-12-28 00:00:00+05:30,12.8,12.9,12.71,12.81,217079
PRAKASHSTL,2010-12-29 00:00:00+05:30,12.76,13.2,12.76,13.08,327269
PRAKASHSTL,2010-12-30 00:00:00+05:30,13.08,13.2,12.81,12.94,244789
PRAKASHSTL,2010-12-31 00:00:00+05:30,13.1,13.18,12.95,13.07,257879
PRAKASHSTL,2011-01-03 00:00:00+05:30,13.15,13.6,13.02,13.39,934069
PRAKASHSTL,2011-01-04 00:00:00+05:30,13.49,13.74,13.31,13.52,468229
PRAKASHSTL,2011-01-05 00:00:00+05:30,13.45,13.45,13.06,13.16,217159
PRAKASHSTL,2011-01-06 00:00:00+05:30,13.4,13.4,12.91,13.04,164949
PRAKASHSTL,2011-01-07 00:00:00+05:30,13.05,13.14,12.75,12.85,259339
PRAKASHSTL,2011-01-10 00:00:00+05:30,13.08,13.19,12.73,12.8,300109
PRAKASHSTL,2011-01-11 00:00:00+05:30,12.71,12.98,12.7,12.73,194369
PRAKASHSTL,2011-01-12 00:00:00+05:30,12.75,12.9,12.69,12.81,258989
PRAKASHSTL,2011-01-13 00:00:00+05:30,13.0,13.0,12.55,12.63,176459
PRAKASHSTL,2011-01-14 00:00:00+05:30,12.87,12.87,11.88,12.7,284249
PRAKASHSTL,2011-01-17 00:00:00+05:30,12.6,12.7,12.43,12.49,287169
PRAKASHSTL,2011-01-18 00:00:00+05:30,12.42,12.87,12.4,12.51,155229
PRAKASHSTL,2011-01-19 00:00:00+05:30,12.41,12.77,12.41,12.6,193409
PRAKASHSTL,2011-01-20 00:00:00+05:30,12.32,12.59,12.32,12.43,163569
PRAKASHSTL,2011-01-21 00:00:00+05:30,12.45,12.7,12.32,12.45,168979
PRAKASHSTL,2011-01-24 00:00:00+05:30,12.36,12.7,12.36,12.41,177229
PRAKASHSTL,2011-01-25 00:00:00+05:30,12.4,12.55,12.35,12.39,244289
PRAKASHSTL,2011-01-27 00:00:00+05:30,12.4,12.5,12.12,12.21,187889
PRAKASHSTL,2011-01-28 00:00:00+05:30,12.38,12.7,12.2,12.58,556109
PRAKASHSTL,2011-01-31 00:00:00+05:30,12.4,12.7,12.3,12.65,254889
PRAKASHSTL,2011-02-01 00:00:00+05:30,12.52,12.76,12.4,12.5,258169
PRAKASHSTL,2011-02-02 00:00:00+05:30,12.42,13.29,12.41,12.55,350609
PRAKASHSTL,2011-02-03 00:00:00+05:30,12.4,12.7,12.4,12.62,142949
PRAKASHSTL,2011-02-04 00:00:00+05:30,12.7,12.7,12.5,12.51,156489
PRAKASHSTL,2011-02-07 00:00:00+05:30,12.5,12.74,12.5,12.69,163729
PRAKASHSTL,2011-02-08 00:00:00+05:30,12.78,12.79,12.45,12.64,168619
PRAKASHSTL,2011-02-09 00:00:00+05:30,12.68,13.0,12.4,12.6,608529
PRAKASHSTL,2011-02-10 00:00:00+05:30,12.22,12.55,11.8,12.37,336449
PRAKASHSTL,2011-02-11 00:00:00+05:30,12.27,12.6,12.05,12.52,190039
PRAKASHSTL,2011-02-14 00:00:00+05:30,12.6,12.8,12.3,12.52,256869
PRAKASHSTL,2011-02-15 00:00:00+05:30,12.46,12.6,12.4,12.47,161509
PRAKASHSTL,2011-02-16 00:00:00+05:30,12.45,12.65,12.3,12.51,136599
PRAKASHSTL,2011-02-17 00:00:00+05:30,12.43,12.65,12.43,12.57,145059
PRAKASHSTL,2011-02-18 00:00:00+05:30,12.56,12.72,12.22,12.56,206819
PRAKASHSTL,2011-02-21 00:00:00+05:30,12.37,12.6,12.37,12.52,150139
PRAKASHSTL,2011-02-22 00:00:00+05:30,12.5,12.6,12.31,12.52,131939
PRAKASHSTL,2011-02-23 00:00:00+05:30,12.55,12.55,12.3,12.34,425829
PRAKASHSTL,2011-02-24 00:00:00+05:30,12.32,12.45,12.2,12.22,159339
PRAKASHSTL,2011-02-25 00:00:00+05:30,12.25,12.63,11.85,12.49,230009
PRAKASHSTL,2011-02-28 00:00:00+05:30,12.28,12.6,12.28,12.48,95759
PRAKASHSTL,2011-03-01 00:00:00+05:30,12.31,12.56,12.2,12.29,153229
PRAKASHSTL,2011-03-03 00:00:00+05:30,12.26,12.5,12.07,12.25,155859
PRAKASHSTL,2011-03-04 00:00:00+05:30,12.39,12.57,12.11,12.38,188869
PRAKASHSTL,2011-03-07 00:00:00+05:30,12.01,12.34,12.01,12.24,137599
PRAKASHSTL,2011-03-08 00:00:00+05:30,12.16,12.59,12.16,12.22,131469
PRAKASHSTL,2011-03-09 00:00:00+05:30,12.2,12.31,12.16,12.2,125469
PRAKASHSTL,2011-03-10 00:00:00+05:30,12.16,12.7,12.01,12.51,1296409
PRAKASHSTL,2011-03-11 00:00:00+05:30,12.3,12.69,12.3,12.54,491389
PRAKASHSTL,2011-03-14 00:00:00+05:30,12.32,13.5,12.32,12.9,746859
PRAKASHSTL,2011-03-15 00:00:00+05:30,12.51,12.99,12.4,12.84,194019
PRAKASHSTL,2011-03-16 00:00:00+05:30,12.85,13.49,12.71,13.46,389229
PRAKASHSTL,2011-03-17 00:00:00+05:30,13.6,15.07,12.4,13.51,11821609
PRAKASHSTL,2011-03-18 00:00:00+05:30,13.78,13.95,13.2,13.35,450099
PRAKASHSTL,2011-03-21 00:00:00+05:30,13.51,13.89,13.5,13.76,1820529
PRAKASHSTL,2011-03-22 00:00:00+05:30,13.96,14.1,13.63,13.98,339079
PRAKASHSTL,2011-03-23 00:00:00+05:30,14.08,14.5,13.9,14.44,411259
PRAKASHSTL,2011-03-24 00:00:00+05:30,14.49,14.75,14.12,14.67,482049
PRAKASHSTL,2011-03-25 00:00:00+05:30,14.6,14.8,14.31,14.79,1393949
PRAKASHSTL,2011-03-28 00:00:00+05:30,14.8,14.89,13.8,14.06,86869
PRAKASHSTL,2011-03-29 00:00:00+05:30,13.76,14.39,13.7,14.01,1379289
PRAKASHSTL,2011-03-30 00:00:00+05:30,14.3,14.54,14.0,14.04,236769
PRAKASHSTL,2011-03-31 00:00:00+05:30,14.11,15.79,14.11,14.84,1963569
PRAKASHSTL,2011-04-01 00:00:00+05:30,15.3,15.3,14.55,14.88,159369
PRAKASHSTL,2011-04-04 00:00:00+05:30,15.2,16.5,14.6,15.43,759819
PRAKASHSTL,2011-04-05 00:00:00+05:30,15.65,15.65,15.17,15.3,187299
PRAKASHSTL,2011-04-06 00:00:00+05:30,15.6,15.6,14.91,15.11,218159
PRAKASHSTL,2011-04-07 00:00:00+05:30,15.0,15.28,14.9,15.1,345199
PRAKASHSTL,2011-04-08 00:00:00+05:30,15.35,15.35,14.73,14.85,145459
PRAKASHSTL,2011-04-11 00:00:00+05:30,14.82,15.26,14.8,14.88,140729
PRAKASHSTL,2011-04-13 00:00:00+05:30,14.9,15.35,14.9,15.2,227989
PRAKASHSTL,2011-04-15 00:00:00+05:30,15.11,15.3,14.92,15.1,118069
PRAKASHSTL,2011-04-18 00:00:00+05:30,14.9,15.39,14.85,15.11,193969
PRAKASHSTL,2011-04-19 00:00:00+05:30,15.1,15.25,14.56,15.02,139279
PRAKASHSTL,2011-04-20 00:00:00+05:30,14.88,15.3,14.87,15.24,149869
PRAKASHSTL,2011-04-21 00:00:00+05:30,14.89,15.6,14.89,15.44,342239
PRAKASHSTL,2011-04-25 00:00:00+05:30,15.4,15.6,14.57,14.93,1017459
PRAKASHSTL,2011-04-26 00:00:00+05:30,14.8,15.29,14.74,14.76,182379
PRAKASHSTL,2011-04-27 00:00:00+05:30,15.09,15.09,14.62,14.68,136849
PRAKASHSTL,2011-04-28 00:00:00+05:30,14.71,14.8,14.25,14.34,192409
PRAKASHSTL,2011-04-29 00:00:00+05:30,14.4,14.68,14.21,14.5,605919
PRAKASHSTL,2011-05-02 00:00:00+05:30,14.68,14.88,14.2,14.4,125999
PRAKASHSTL,2011-05-03 00:00:00+05:30,14.5,14.99,14.21,14.79,161909
PRAKASHSTL,2011-05-04 00:00:00+05:30,14.49,14.74,14.3,14.51,160859
PRAKASHSTL,2011-05-05 00:00:00+05:30,14.94,14.94,14.3,14.51,183689
PRAKASHSTL,2011-05-06 00:00:00+05:30,14.36,14.88,14.05,14.15,89279
PRAKASHSTL,2011-05-09 00:00:00+05:30,14.01,14.89,14.01,14.65,139999
PRAKASHSTL,2011-05-10 00:00:00+05:30,14.27,14.7,14.25,14.39,156209
PRAKASHSTL,2011-05-11 00:00:00+05:30,14.32,15.5,14.32,14.46,130339
PRAKASHSTL,2011-05-12 00:00:00+05:30,14.8,14.8,14.16,14.4,82929
PRAKASHSTL,2011-05-13 00:00:00+05:30,14.7,14.9,14.3,14.7,68849
PRAKASHSTL,2011-05-16 00:00:00+05:30,14.7,14.7,14.34,14.53,20889
PRAKASHSTL,2011-05-17 00:00:00+05:30,14.34,14.6,14.0,14.17,40029
PRAKASHSTL,2011-05-18 00:00:00+05:30,14.49,14.5,13.9,13.93,116299
PRAKASHSTL,2011-05-19 00:00:00+05:30,14.1,14.5,13.9,13.98,234539
PRAKASHSTL,2011-05-20 00:00:00+05:30,14.0,14.28,13.9,13.91,160979
PRAKASHSTL,2011-05-23 00:00:00+05:30,13.85,14.07,13.47,13.63,150609
PRAKASHSTL,2011-05-24 00:00:00+05:30,13.55,14.2,13.55,13.99,192799
PRAKASHSTL,2011-05-25 00:00:00+05:30,14.0,14.08,13.73,13.97,332069
PRAKASHSTL,2011-05-26 00:00:00+05:30,14.21,14.21,13.62,13.73,106179
PRAKASHSTL,2011-05-27 00:00:00+05:30,13.8,13.9,13.65,13.71,6589
PRAKASHSTL,2011-05-30 00:00:00+05:30,14.19,15.39,14.19,14.78,2086389
PRAKASHSTL,2011-05-31 00:00:00+05:30,14.29,17.25,14.29,15.84,5961159
PRAKASHSTL,2011-06-01 00:00:00+05:30,15.8,15.95,15.01,15.71,1566739
PRAKASHSTL,2011-06-02 00:00:00+05:30,15.15,15.64,15.15,15.28,448569
PRAKASHSTL,2011-06-03 00:00:00+05:30,15.3,15.6,15.09,15.14,363479
PRAKASHSTL,2011-06-06 00:00:00+05:30,15.44,15.44,13.27,14.96,549599
PRAKASHSTL,2011-06-07 00:00:00+05:30,15.02,15.54,15.0,15.12,665919
PRAKASHSTL,2011-06-08 00:00:00+05:30,15.15,15.26,14.81,15.02,182549
PRAKASHSTL,2011-06-09 00:00:00+05:30,15.38,15.38,14.87,15.01,114829
PRAKASHSTL,2011-06-10 00:00:00+05:30,15.2,15.98,14.9,15.73,778779
PRAKASHSTL,2011-06-13 00:00:00+05:30,15.68,15.68,15.2,15.31,132449
PRAKASHSTL,2011-06-14 00:00:00+05:30,15.49,15.5,15.25,15.37,133709
PRAKASHSTL,2011-06-15 00:00:00+05:30,15.21,15.38,15.14,15.18,170659
PRAKASHSTL,2011-06-16 00:00:00+05:30,15.01,15.53,14.9,15.27,66319
PRAKASHSTL,2011-06-17 00:00:00+05:30,15.54,15.54,15.1,15.21,42699
PRAKASHSTL,2011-06-20 00:00:00+05:30,15.1,15.3,14.8,14.8,44779
PRAKASHSTL,2011-06-21 00:00:00+05:30,14.21,14.89,14.11,14.62,14949
PRAKASHSTL,2011-06-22 00:00:00+05:30,14.75,14.79,14.32,14.43,30809
PRAKASHSTL,2011-06-23 00:00:00+05:30,14.9,14.91,14.28,14.65,272699
PRAKASHSTL,2011-06-24 00:00:00+05:30,14.78,14.79,14.4,14.49,21969
PRAKASHSTL,2011-06-27 00:00:00+05:30,14.6,14.6,14.31,14.52,29249
PRAKASHSTL,2011-06-28 00:00:00+05:30,14.43,14.6,14.01,14.11,54739
PRAKASHSTL,2011-06-29 00:00:00+05:30,14.34,14.6,13.81,14.44,151699
PRAKASHSTL,2011-06-30 00:00:00+05:30,14.2,14.89,13.8,14.38,31039
PRAKASHSTL,2011-07-01 00:00:00+05:30,14.2,14.6,14.2,14.28,34159
PRAKASHSTL,2011-07-04 00:00:00+05:30,14.21,14.4,14.21,14.36,106719
PRAKASHSTL,2011-07-05 00:00:00+05:30,14.39,14.44,14.21,14.22,10459
PRAKASHSTL,2011-07-06 00:00:00+05:30,14.2,14.4,14.12,14.2,29569
PRAKASHSTL,2011-07-07 00:00:00+05:30,14.3,14.54,14.11,14.23,22829
PRAKASHSTL,2011-07-08 00:00:00+05:30,14.14,15.0,14.14,14.39,214549
PRAKASHSTL,2011-07-11 00:00:00+05:30,14.3,14.51,14.13,14.27,16759
PRAKASHSTL,2011-07-12 00:00:00+05:30,13.81,14.3,12.7,14.2,67159
PRAKASHSTL,2011-07-13 00:00:00+05:30,14.1,14.8,14.03,14.55,136659
PRAKASHSTL,2011-07-14 00:00:00+05:30,14.55,14.55,14.22,14.31,167949
PRAKASHSTL,2011-07-15 00:00:00+05:30,14.4,14.47,14.07,14.18,50209
PRAKASHSTL,2011-07-18 00:00:00+05:30,14.4,14.5,14.1,14.21,46229
PRAKASHSTL,2011-07-19 00:00:00+05:30,14.37,14.37,14.12,14.21,20379
PRAKASHSTL,2011-07-20 00:00:00+05:30,14.2,14.28,14.08,14.12,12309
PRAKASHSTL,2011-07-21 00:00:00+05:30,14.3,14.3,13.94,14.01,26959
PRAKASHSTL,2011-07-22 00:00:00+05:30,13.8,14.45,13.8,14.06,26449
PRAKASHSTL,2011-07-25 00:00:00+05:30,14.1,14.23,14.0,14.09,10249
PRAKASHSTL,2011-07-26 00:00:00+05:30,14.28,14.3,14.03,14.04,18509
PRAKASHSTL,2011-07-27 00:00:00+05:30,13.82,14.19,13.81,14.01,8359
PRAKASHSTL,2011-07-28 00:00:00+05:30,13.95,14.19,13.91,14.01,9129
PRAKASHSTL,2011-07-29 00:00:00+05:30,13.92,14.59,13.5,13.96,670659
PRAKASHSTL,2011-08-01 00:00:00+05:30,13.8,13.99,13.8,13.91,12129
PRAKASHSTL,2011-08-02 00:00:00+05:30,13.9,13.95,13.8,13.81,36909
PRAKASHSTL,2011-08-03 00:00:00+05:30,13.62,14.1,13.62,13.92,63849
PRAKASHSTL,2011-08-04 00:00:00+05:30,13.73,14.0,13.72,13.84,16709
PRAKASHSTL,2011-08-05 00:00:00+05:30,13.62,13.98,13.3,13.62,69169
PRAKASHSTL,2011-08-08 00:00:00+05:30,13.2,13.95,13.14,13.44,33069
PRAKASHSTL,2011-08-09 00:00:00+05:30,13.15,13.48,12.5,13.18,68089
PRAKASHSTL,2011-08-10 00:00:00+05:30,13.3,13.68,13.21,13.4,338189
PRAKASHSTL,2011-08-11 00:00:00+05:30,13.12,13.5,13.01,13.3,31729
PRAKASHSTL,2011-08-12 00:00:00+05:30,13.49,13.58,12.37,13.39,53229
PRAKASHSTL,2011-08-16 00:00:00+05:30,13.3,13.4,13.01,13.09,9899
PRAKASHSTL,2011-08-17 00:00:00+05:30,13.09,13.55,12.65,13.04,747369
PRAKASHSTL,2011-08-18 00:00:00+05:30,13.02,13.03,12.66,12.81,34849
PRAKASHSTL,2011-08-19 00:00:00+05:30,12.55,12.89,12.49,12.52,68169
PRAKASHSTL,2011-08-22 00:00:00+05:30,12.25,13.0,11.55,12.86,161599
PRAKASHSTL,2011-08-23 00:00:00+05:30,12.99,12.99,12.6,12.69,68979
PRAKASHSTL,2011-08-24 00:00:00+05:30,12.6,12.85,12.52,12.64,9889
PRAKASHSTL,2011-08-25 00:00:00+05:30,12.57,12.7,12.51,12.6,19819
PRAKASHSTL,2011-08-26 00:00:00+05:30,12.52,12.66,12.12,12.2,85249
PRAKASHSTL,2011-08-29 00:00:00+05:30,12.15,12.68,11.82,12.05,82809
PRAKASHSTL,2011-08-30 00:00:00+05:30,12.2,12.29,12.01,12.04,26779
PRAKASHSTL,2011-09-02 00:00:00+05:30,12.1,12.4,12.01,12.02,70389
PRAKASHSTL,2011-09-05 00:00:00+05:30,12.05,12.7,12.01,12.32,169639
PRAKASHSTL,2011-09-06 00:00:00+05:30,12.4,12.4,12.18,12.25,47769
PRAKASHSTL,2011-09-07 00:00:00+05:30,12.5,12.5,12.25,12.26,15549
PRAKASHSTL,2011-09-08 00:00:00+05:30,12.15,12.7,12.15,12.47,43439
PRAKASHSTL,2011-09-09 00:00:00+05:30,12.3,12.9,12.3,12.62,50149
PRAKASHSTL,2011-09-12 00:00:00+05:30,12.4,12.64,12.2,12.43,63809
PRAKASHSTL,2011-09-13 00:00:00+05:30,12.2,12.7,12.2,12.49,48059
PRAKASHSTL,2011-09-14 00:00:00+05:30,12.4,12.63,12.36,12.54,11489
PRAKASHSTL,2011-09-15 00:00:00+05:30,12.5,12.5,12.35,12.44,21619
PRAKASHSTL,2011-09-16 00:00:00+05:30,12.4,12.6,12.28,12.44,29879
PRAKASHSTL,2011-09-19 00:00:00+05:30,12.6,13.0,12.26,12.66,61249
PRAKASHSTL,2011-09-20 00:00:00+05:30,12.9,12.9,12.42,12.55,29769
PRAKASHSTL,2011-09-21 00:00:00+05:30,12.5,12.8,12.46,12.65,24419
PRAKASHSTL,2011-09-22 00:00:00+05:30,12.45,12.49,12.19,12.28,11489
PRAKASHSTL,2011-09-23 00:00:00+05:30,12.19,12.46,12.19,12.36,31459
PRAKASHSTL,2011-09-26 00:00:00+05:30,12.49,12.49,12.1,12.15,20269
PRAKASHSTL,2011-09-27 00:00:00+05:30,12.3,12.4,12.08,12.11,17299
PRAKASHSTL,2011-09-28 00:00:00+05:30,12.3,12.38,12.05,12.1,18279
PRAKASHSTL,2011-09-29 00:00:00+05:30,12.22,12.22,12.01,12.04,38449
PRAKASHSTL,2011-09-30 00:00:00+05:30,12.14,12.14,12.01,12.01,17019
PRAKASHSTL,2011-10-03 00:00:00+05:30,12.1,12.59,12.01,12.26,40259
PRAKASHSTL,2011-10-04 00:00:00+05:30,12.4,12.4,12.04,12.1,66729
PRAKASHSTL,2011-10-05 00:00:00+05:30,12.15,12.37,12.1,12.17,48309
PRAKASHSTL,2011-10-07 00:00:00+05:30,12.15,12.28,12.07,12.1,33679
PRAKASHSTL,2011-10-10 00:00:00+05:30,12.07,12.29,12.01,12.01,18299
PRAKASHSTL,2011-10-11 00:00:00+05:30,12.1,12.15,11.9,12.0,31319
PRAKASHSTL,2011-10-12 00:00:00+05:30,12.03,12.09,12.01,12.03,6939
PRAKASHSTL,2011-10-13 00:00:00+05:30,12.02,12.17,11.91,12.01,20569
PRAKASHSTL,2011-10-14 00:00:00+05:30,12.28,12.29,12.01,12.02,9899
PRAKASHSTL,2011-10-17 00:00:00+05:30,12.28,12.28,12.01,12.01,7869
PRAKASHSTL,2011-10-18 00:00:00+05:30,12.01,12.56,12.01,12.19,1545419
PRAKASHSTL,2011-10-19 00:00:00+05:30,12.3,12.34,12.03,12.07,31389
PRAKASHSTL,2011-10-20 00:00:00+05:30,12.03,12.19,12.03,12.05,12489
PRAKASHSTL,2011-10-21 00:00:00+05:30,12.2,12.2,12.01,12.01,33939
PRAKASHSTL,2011-10-24 00:00:00+05:30,12.3,12.4,11.96,12.01,66899
PRAKASHSTL,2011-10-25 00:00:00+05:30,12.01,12.16,11.95,12.01,40089
PRAKASHSTL,2011-10-28 00:00:00+05:30,12.02,12.3,12.02,12.11,13529
PRAKASHSTL,2011-10-31 00:00:00+05:30,12.01,12.3,12.01,12.05,18269
PRAKASHSTL,2011-11-01 00:00:00+05:30,12.07,12.1,12.02,12.03,13399
PRAKASHSTL,2011-11-02 00:00:00+05:30,12.2,12.2,12.01,12.02,5709
PRAKASHSTL,2011-11-03 00:00:00+05:30,12.1,12.53,12.01,12.46,137119
PRAKASHSTL,2011-11-04 00:00:00+05:30,12.35,12.53,12.35,12.45,24529
PRAKASHSTL,2011-11-08 00:00:00+05:30,12.3,12.9,12.22,12.66,69769
PRAKASHSTL,2011-11-09 00:00:00+05:30,12.5,13.0,12.4,12.81,39679
PRAKASHSTL,2011-11-11 00:00:00+05:30,12.7,13.11,12.4,13.01,118029
PRAKASHSTL,2011-11-14 00:00:00+05:30,13.01,13.48,12.71,13.05,212269
PRAKASHSTL,2011-11-15 00:00:00+05:30,13.2,13.3,12.9,12.97,70049
PRAKASHSTL,2011-11-16 00:00:00+05:30,13.18,13.18,12.45,12.52,45559
PRAKASHSTL,2011-11-17 00:00:00+05:30,12.45,12.87,12.45,12.69,804749
PRAKASHSTL,2011-11-18 00:00:00+05:30,12.55,12.83,11.65,11.79,323089
PRAKASHSTL,2011-11-21 00:00:00+05:30,12.01,12.01,11.52,11.57,195529
PRAKASHSTL,2011-11-22 00:00:00+05:30,11.4,11.79,11.4,11.79,136889
PRAKASHSTL,2011-11-23 00:00:00+05:30,11.61,11.85,11.5,11.71,367059
PRAKASHSTL,2011-11-24 00:00:00+05:30,11.8,11.9,11.6,11.81,103239
PRAKASHSTL,2011-11-25 00:00:00+05:30,11.77,11.89,11.6,11.63,103249
PRAKASHSTL,2011-11-28 00:00:00+05:30,11.68,11.89,11.61,11.65,104379
PRAKASHSTL,2011-11-29 00:00:00+05:30,11.7,11.88,11.61,11.79,110029
PRAKASHSTL,2011-11-30 00:00:00+05:30,11.61,11.96,11.61,11.65,101249
PRAKASHSTL,2011-12-01 00:00:00+05:30,11.97,13.0,11.81,11.97,150279
PRAKASHSTL,2011-12-02 00:00:00+05:30,11.91,12.51,11.91,12.3,180429
PRAKASHSTL,2011-12-05 00:00:00+05:30,12.1,12.26,11.91,11.98,119539
PRAKASHSTL,2011-12-07 00:00:00+05:30,11.85,12.1,11.83,11.85,172299
PRAKASHSTL,2011-12-08 00:00:00+05:30,11.83,11.95,11.61,11.66,138789
PRAKASHSTL,2011-12-09 00:00:00+05:30,11.61,11.8,11.61,11.67,104939
PRAKASHSTL,2011-12-12 00:00:00+05:30,11.72,11.78,11.61,11.62,58029
PRAKASHSTL,2011-12-13 00:00:00+05:30,11.61,11.79,11.61,11.62,107339
PRAKASHSTL,2011-12-14 00:00:00+05:30,11.62,11.9,11.61,11.61,105709
PRAKASHSTL,2011-12-15 00:00:00+05:30,11.61,11.88,11.51,11.63,116899
PRAKASHSTL,2011-12-16 00:00:00+05:30,11.66,11.7,11.5,11.59,126589
PRAKASHSTL,2011-12-19 00:00:00+05:30,11.61,11.64,11.52,11.61,118999
PRAKASHSTL,2011-12-20 00:00:00+05:30,11.65,11.95,11.48,11.52,129769
PRAKASHSTL,2011-12-21 00:00:00+05:30,11.71,11.71,11.5,11.59,119969
PRAKASHSTL,2011-12-22 00:00:00+05:30,11.61,11.82,11.61,11.61,106809
PRAKASHSTL,2011-12-23 00:00:00+05:30,11.61,11.7,11.61,11.62,101929
PRAKASHSTL,2011-12-26 00:00:00+05:30,11.72,11.79,11.61,11.61,111369
PRAKASHSTL,2011-12-27 00:00:00+05:30,11.61,11.74,11.61,11.61,110029
PRAKASHSTL,2011-12-28 00:00:00+05:30,11.65,11.75,11.61,11.61,106109
PRAKASHSTL,2011-12-29 00:00:00+05:30,11.65,11.79,11.61,11.66,1141739
PRAKASHSTL,2011-12-30 00:00:00+05:30,11.65,11.87,11.62,11.62,109629
PRAKASHSTL,2012-01-02 00:00:00+05:30,11.73,11.73,11.61,11.64,117119
PRAKASHSTL,2012-01-03 00:00:00+05:30,11.75,11.75,11.66,11.69,105549
PRAKASHSTL,2012-01-04 00:00:00+05:30,11.61,11.78,11.61,11.7,106309
PRAKASHSTL,2012-01-05 00:00:00+05:30,11.71,11.73,11.61,11.61,116339
PRAKASHSTL,2012-01-06 00:00:00+05:30,11.78,11.78,11.61,11.63,106169
PRAKASHSTL,2012-01-09 00:00:00+05:30,11.75,11.96,11.61,11.7,164999
PRAKASHSTL,2012-01-10 00:00:00+05:30,11.71,11.85,11.66,11.67,105979
PRAKASHSTL,2012-01-11 00:00:00+05:30,11.78,12.0,11.74,11.87,164329
PRAKASHSTL,2012-01-12 00:00:00+05:30,11.91,12.1,11.71,11.98,124199
PRAKASHSTL,2012-01-13 00:00:00+05:30,12.0,12.0,11.71,11.73,124379
PRAKASHSTL,2012-01-16 00:00:00+05:30,11.66,11.99,11.66,11.91,142779
PRAKASHSTL,2012-01-17 00:00:00+05:30,11.85,12.0,11.71,11.87,100799
PRAKASHSTL,2012-01-18 00:00:00+05:30,11.9,11.93,11.75,11.84,109729
PRAKASHSTL,2012-01-19 00:00:00+05:30,11.85,12.3,11.76,12.27,405419
PRAKASHSTL,2012-01-20 00:00:00+05:30,12.2,12.85,12.03,12.37,324799
PRAKASHSTL,2012-01-23 00:00:00+05:30,12.1,12.5,11.89,12.49,106589
PRAKASHSTL,2012-01-24 00:00:00+05:30,12.45,12.7,12.25,12.6,292179
PRAKASHSTL,2012-01-25 00:00:00+05:30,12.62,12.85,12.5,12.61,132309
PRAKASHSTL,2012-01-27 00:00:00+05:30,12.72,12.79,12.5,12.67,206979
PRAKASHSTL,2012-01-30 00:00:00+05:30,12.7,12.93,12.3,12.7,252809
PRAKASHSTL,2012-01-31 00:00:00+05:30,12.6,12.89,12.6,12.78,185649
PRAKASHSTL,2012-02-01 00:00:00+05:30,12.7,12.9,12.62,12.69,166479
PRAKASHSTL,2012-02-02 00:00:00+05:30,12.72,13.54,12.7,13.2,234329
PRAKASHSTL,2012-02-03 00:00:00+05:30,13.32,13.33,12.9,13.15,165269
PRAKASHSTL,2012-02-06 00:00:00+05:30,13.2,13.59,12.91,12.99,161239
PRAKASHSTL,2012-02-07 00:00:00+05:30,13.0,13.29,12.51,12.64,272489
PRAKASHSTL,2012-02-08 00:00:00+05:30,12.79,12.8,12.61,12.65,160369
PRAKASHSTL,2012-02-09 00:00:00+05:30,12.7,12.72,12.6,12.61,144909
PRAKASHSTL,2012-02-10 00:00:00+05:30,12.65,12.86,12.57,12.62,241539
PRAKASHSTL,2012-02-13 00:00:00+05:30,12.65,12.74,12.55,12.61,169369
PRAKASHSTL,2012-02-14 00:00:00+05:30,12.65,12.9,12.54,12.87,182779
PRAKASHSTL,2012-02-15 00:00:00+05:30,12.9,12.97,12.6,12.69,160799
PRAKASHSTL,2012-02-16 00:00:00+05:30,12.79,13.09,12.63,12.7,216899
PRAKASHSTL,2012-02-17 00:00:00+05:30,12.6,12.87,12.47,12.56,200239
PRAKASHSTL,2012-02-21 00:00:00+05:30,12.65,13.08,12.41,12.7,211929
PRAKASHSTL,2012-02-22 00:00:00+05:30,12.8,13.39,12.52,13.14,242229
PRAKASHSTL,2012-02-23 00:00:00+05:30,13.2,13.2,12.71,13.04,155799
PRAKASHSTL,2012-02-24 00:00:00+05:30,13.06,13.07,12.71,12.8,77399
PRAKASHSTL,2012-02-27 00:00:00+05:30,12.89,13.19,12.36,12.81,85319
PRAKASHSTL,2012-02-28 00:00:00+05:30,12.75,12.86,12.52,12.58,22779
PRAKASHSTL,2012-02-29 00:00:00+05:30,12.69,12.8,12.56,12.63,39619
PRAKASHSTL,2012-03-01 00:00:00+05:30,12.51,12.87,12.41,12.75,39139
PRAKASHSTL,2012-03-02 00:00:00+05:30,12.7,12.72,12.4,12.43,16959
PRAKASHSTL,2012-03-05 00:00:00+05:30,12.4,12.5,12.22,12.26,30439
PRAKASHSTL,2012-03-06 00:00:00+05:30,12.2,12.44,12.2,12.41,70099
PRAKASHSTL,2012-03-07 00:00:00+05:30,12.35,12.48,12.23,12.3,310139
PRAKASHSTL,2012-03-09 00:00:00+05:30,12.22,12.85,12.22,12.68,81469
PRAKASHSTL,2012-03-12 00:00:00+05:30,12.65,13.16,12.38,13.04,195929
PRAKASHSTL,2012-03-13 00:00:00+05:30,13.1,13.2,12.71,13.16,277399
PRAKASHSTL,2012-03-14 00:00:00+05:30,12.96,13.2,12.91,13.16,142669
PRAKASHSTL,2012-03-15 00:00:00+05:30,12.91,13.48,12.85,13.35,358419
PRAKASHSTL,2012-03-16 00:00:00+05:30,13.23,13.38,12.96,13.09,268069
PRAKASHSTL,2012-03-19 00:00:00+05:30,13.0,13.78,13.0,13.53,430909
PRAKASHSTL,2012-03-20 00:00:00+05:30,13.59,14.37,13.59,14.02,440539
PRAKASHSTL,2012-03-21 00:00:00+05:30,14.03,14.27,13.82,14.04,319209
PRAKASHSTL,2012-03-22 00:00:00+05:30,14.05,14.3,13.6,13.7,520289
PRAKASHSTL,2012-03-23 00:00:00+05:30,13.85,14.18,13.8,14.03,344489
PRAKASHSTL,2012-03-26 00:00:00+05:30,14.09,14.43,13.93,13.95,436559
PRAKASHSTL,2012-03-27 00:00:00+05:30,14.0,14.27,13.9,14.04,380929
PRAKASHSTL,2012-03-28 00:00:00+05:30,14.48,14.65,13.95,14.56,773909
PRAKASHSTL,2012-03-29 00:00:00+05:30,14.43,14.84,13.86,14.72,824419
PRAKASHSTL,2012-03-30 00:00:00+05:30,14.53,15.45,14.06,14.96,876909
PRAKASHSTL,2012-04-02 00:00:00+05:30,14.96,15.47,14.93,15.43,329989
PRAKASHSTL,2012-04-03 00:00:00+05:30,15.43,16.09,15.39,15.93,495319
PRAKASHSTL,2012-04-04 00:00:00+05:30,16.38,16.38,15.83,16.01,361219
PRAKASHSTL,2012-04-09 00:00:00+05:30,16.09,16.39,15.93,16.02,627799
PRAKASHSTL,2012-04-10 00:00:00+05:30,16.0,16.27,15.98,16.05,350889
PRAKASHSTL,2012-04-11 00:00:00+05:30,16.09,16.39,15.9,16.05,402209
PRAKASHSTL,2012-04-12 00:00:00+05:30,16.03,16.25,16.0,16.16,556649
PRAKASHSTL,2012-04-13 00:00:00+05:30,16.18,16.4,15.41,15.73,543729
PRAKASHSTL,2012-04-16 00:00:00+05:30,16.35,16.5,15.71,15.76,452289
PRAKASHSTL,2012-04-17 00:00:00+05:30,15.89,16.19,15.72,15.94,460169
PRAKASHSTL,2012-04-18 00:00:00+05:30,16.0,16.28,15.92,16.01,535499
PRAKASHSTL,2012-04-19 00:00:00+05:30,16.44,16.44,15.93,15.98,528849
PRAKASHSTL,2012-04-20 00:00:00+05:30,16.2,16.2,15.41,15.8,1164179
PRAKASHSTL,2012-04-23 00:00:00+05:30,16.08,16.13,15.46,15.63,700719
PRAKASHSTL,2012-04-24 00:00:00+05:30,15.53,15.79,15.52,15.62,447909
PRAKASHSTL,2012-04-25 00:00:00+05:30,15.63,16.0,15.6,15.85,345769
PRAKASHSTL,2012-04-26 00:00:00+05:30,15.99,16.0,15.72,15.85,531199
PRAKASHSTL,2012-04-27 00:00:00+05:30,15.83,16.2,15.47,15.82,615539
PRAKASHSTL,2012-04-30 00:00:00+05:30,15.79,15.88,15.72,15.76,334609
PRAKASHSTL,2012-05-02 00:00:00+05:30,15.99,15.99,15.51,15.69,723519
PRAKASHSTL,2012-05-03 00:00:00+05:30,15.63,15.77,15.62,15.66,325379
PRAKASHSTL,2012-05-04 00:00:00+05:30,15.6,15.71,15.42,15.53,297379
PRAKASHSTL,2012-05-07 00:00:00+05:30,15.53,15.97,15.41,15.82,450769
PRAKASHSTL,2012-05-08 00:00:00+05:30,15.9,15.98,15.7,15.79,349379
PRAKASHSTL,2012-05-09 00:00:00+05:30,15.99,15.99,15.71,15.81,383699
PRAKASHSTL,2012-05-10 00:00:00+05:30,15.9,16.3,15.72,15.76,355649
PRAKASHSTL,2012-05-11 00:00:00+05:30,15.73,15.96,15.34,15.47,620509
PRAKASHSTL,2012-05-14 00:00:00+05:30,15.53,15.87,15.42,15.44,428599
PRAKASHSTL,2012-05-15 00:00:00+05:30,15.59,17.5,15.43,16.38,1184919
PRAKASHSTL,2012-05-16 00:00:00+05:30,16.25,16.68,16.02,16.09,384019
PRAKASHSTL,2012-05-17 00:00:00+05:30,16.55,16.68,16.02,16.38,414109
PRAKASHSTL,2012-05-18 00:00:00+05:30,16.23,16.55,15.5,16.23,1178209
PRAKASHSTL,2012-05-21 00:00:00+05:30,16.5,16.5,16.11,16.16,333079
PRAKASHSTL,2012-05-22 00:00:00+05:30,16.47,16.47,15.99,16.05,590049
PRAKASHSTL,2012-05-23 00:00:00+05:30,16.39,16.39,15.7,15.97,375469
PRAKASHSTL,2012-05-24 00:00:00+05:30,16.03,17.08,16.03,16.34,431079
PRAKASHSTL,2012-05-25 00:00:00+05:30,16.7,16.7,16.08,16.23,547569
PRAKASHSTL,2012-05-28 00:00:00+05:30,16.23,16.48,16.1,16.24,315419
PRAKASHSTL,2012-05-29 00:00:00+05:30,16.66,16.66,16.12,16.16,565289
PRAKASHSTL,2012-05-30 00:00:00+05:30,16.12,16.53,15.98,16.05,333759
PRAKASHSTL,2012-05-31 00:00:00+05:30,19.26,19.26,16.0,16.04,300039
PRAKASHSTL,2012-06-01 00:00:00+05:30,16.03,16.2,16.0,16.0,499389
PRAKASHSTL,2012-06-04 00:00:00+05:30,16.02,16.21,15.99,16.04,326179
PRAKASHSTL,2012-06-05 00:00:00+05:30,16.02,16.4,15.73,15.96,349489
PRAKASHSTL,2012-06-06 00:00:00+05:30,16.2,16.2,15.81,15.97,360679
PRAKASHSTL,2012-06-07 00:00:00+05:30,15.92,16.3,15.72,15.94,310259
PRAKASHSTL,2012-06-08 00:00:00+05:30,16.0,16.05,15.91,15.96,323949
PRAKASHSTL,2012-06-11 00:00:00+05:30,16.19,16.19,15.73,15.8,367149
PRAKASHSTL,2012-06-12 00:00:00+05:30,15.72,15.99,15.71,15.81,348089
PRAKASHSTL,2012-06-13 00:00:00+05:30,15.82,16.12,15.7,15.71,461069
PRAKASHSTL,2012-06-14 00:00:00+05:30,15.73,16.0,15.72,15.74,429189
PRAKASHSTL,2012-06-15 00:00:00+05:30,15.71,16.1,15.71,15.82,349149
PRAKASHSTL,2012-06-18 00:00:00+05:30,15.83,16.18,15.61,15.76,365429
PRAKASHSTL,2012-06-19 00:00:00+05:30,15.73,15.88,15.65,15.56,195999
PRAKASHSTL,2012-06-20 00:00:00+05:30,15.53,15.79,15.53,15.54,207299
PRAKASHSTL,2012-06-21 00:00:00+05:30,15.54,15.6,15.43,15.46,182319
PRAKASHSTL,2012-06-22 00:00:00+05:30,15.32,15.5,15.25,15.36,213809
PRAKASHSTL,2012-06-25 00:00:00+05:30,15.32,15.45,15.04,15.29,198079
PRAKASHSTL,2012-06-26 00:00:00+05:30,15.1,15.3,14.71,14.87,187089
PRAKASHSTL,2012-06-27 00:00:00+05:30,14.8,15.3,14.66,14.99,194379
PRAKASHSTL,2012-06-28 00:00:00+05:30,14.81,15.35,14.81,15.01,554839
PRAKASHSTL,2012-06-29 00:00:00+05:30,14.8,15.35,14.8,15.03,208659
PRAKASHSTL,2012-07-02 00:00:00+05:30,15.01,15.3,14.95,15.16,166959
PRAKASHSTL,2012-07-03 00:00:00+05:30,14.9,15.29,14.81,14.98,193869
PRAKASHSTL,2012-07-04 00:00:00+05:30,14.84,15.19,14.84,14.92,184609
PRAKASHSTL,2012-07-05 00:00:00+05:30,14.91,15.19,14.8,14.88,160269
PRAKASHSTL,2012-07-06 00:00:00+05:30,14.52,15.24,14.52,14.96,186779
PRAKASHSTL,2012-07-09 00:00:00+05:30,14.81,15.18,14.6,14.61,2533209
PRAKASHSTL,2012-07-10 00:00:00+05:30,14.27,15.2,14.27,14.9,466799
PRAKASHSTL,2012-07-11 00:00:00+05:30,14.7,15.09,14.61,14.75,158169
PRAKASHSTL,2012-07-12 00:00:00+05:30,14.61,14.99,14.43,14.79,1006979
PRAKASHSTL,2012-07-13 00:00:00+05:30,14.4,15.01,14.4,14.8,184799
PRAKASHSTL,2012-07-16 00:00:00+05:30,14.5,14.88,14.5,14.7,912529
PRAKASHSTL,2012-07-17 00:00:00+05:30,14.51,15.04,14.51,14.85,216219
PRAKASHSTL,2012-07-18 00:00:00+05:30,14.65,15.59,14.65,15.35,757779
PRAKASHSTL,2012-07-19 00:00:00+05:30,15.79,16.47,15.12,15.89,658929
PRAKASHSTL,2012-07-20 00:00:00+05:30,15.82,16.2,15.81,16.0,679149
PRAKASHSTL,2012-07-23 00:00:00+05:30,15.93,16.3,15.74,15.96,519279
PRAKASHSTL,2012-07-24 00:00:00+05:30,15.93,16.45,15.93,16.05,514949
PRAKASHSTL,2012-07-25 00:00:00+05:30,16.02,16.34,15.8,15.99,675219
PRAKASHSTL,2012-07-26 00:00:00+05:30,15.97,16.2,15.9,15.93,724839
PRAKASHSTL,2012-07-27 00:00:00+05:30,15.93,16.28,15.9,16.09,591749
PRAKASHSTL,2012-07-30 00:00:00+05:30,16.03,17.4,15.93,16.88,1930869
PRAKASHSTL,2012-07-31 00:00:00+05:30,16.73,16.9,16.61,16.7,619289
PRAKASHSTL,2012-08-01 00:00:00+05:30,16.63,17.43,15.0,15.61,3077669
PRAKASHSTL,2012-08-02 00:00:00+05:30,15.62,16.23,15.62,16.05,447429
PRAKASHSTL,2012-08-03 00:00:00+05:30,16.03,16.39,16.02,16.18,639909
PRAKASHSTL,2012-08-06 00:00:00+05:30,16.23,17.16,16.01,16.39,949919
PRAKASHSTL,2012-08-07 00:00:00+05:30,16.45,16.45,16.11,16.21,721249
PRAKASHSTL,2012-08-08 00:00:00+05:30,16.23,16.4,15.8,16.19,733319
PRAKASHSTL,2012-08-09 00:00:00+05:30,16.13,16.5,16.0,16.23,522899
PRAKASHSTL,2012-08-10 00:00:00+05:30,16.66,16.66,16.22,16.48,1538379
PRAKASHSTL,2012-08-13 00:00:00+05:30,16.5,16.76,16.43,16.54,560909
PRAKASHSTL,2012-08-14 00:00:00+05:30,16.53,16.8,16.11,16.48,524339
PRAKASHSTL,2012-08-16 00:00:00+05:30,16.79,16.89,16.31,16.74,403599
PRAKASHSTL,2012-08-17 00:00:00+05:30,16.73,17.55,16.73,17.48,709019
PRAKASHSTL,2012-08-21 00:00:00+05:30,17.59,17.89,17.42,17.61,356719
PRAKASHSTL,2012-08-22 00:00:00+05:30,17.54,17.99,17.3,17.41,269829
PRAKASHSTL,2012-08-23 00:00:00+05:30,17.43,17.7,17.35,17.39,298469
PRAKASHSTL,2012-08-24 00:00:00+05:30,17.33,17.57,17.28,17.38,351719
PRAKASHSTL,2012-08-27 00:00:00+05:30,17.33,17.7,17.05,17.31,499999
PRAKASHSTL,2012-08-28 00:00:00+05:30,17.7,17.7,16.53,17.07,356009
PRAKASHSTL,2012-08-29 00:00:00+05:30,17.02,17.49,16.83,16.96,371949
PRAKASHSTL,2012-08-30 00:00:00+05:30,16.93,17.39,16.9,16.98,334369
PRAKASHSTL,2012-08-31 00:00:00+05:30,16.93,17.3,16.92,16.95,327529
PRAKASHSTL,2012-09-03 00:00:00+05:30,17.27,17.98,16.3,17.18,625239
PRAKASHSTL,2012-09-04 00:00:00+05:30,18.0,19.49,17.02,17.45,1076349
PRAKASHSTL,2012-09-05 00:00:00+05:30,17.59,17.97,17.12,17.43,308569
PRAKASHSTL,2012-09-06 00:00:00+05:30,17.23,18.44,17.23,17.91,593859
PRAKASHSTL,2012-09-07 00:00:00+05:30,17.82,18.4,17.82,18.14,411889
PRAKASHSTL,2012-09-10 00:00:00+05:30,17.93,18.66,17.93,18.04,323519
PRAKASHSTL,2012-09-11 00:00:00+05:30,17.93,18.3,17.71,17.85,347979
PRAKASHSTL,2012-09-12 00:00:00+05:30,17.83,18.24,17.82,18.06,260569
PRAKASHSTL,2012-09-13 00:00:00+05:30,18.03,18.07,18.01,18.05,304669
PRAKASHSTL,2012-09-14 00:00:00+05:30,18.03,18.05,17.73,17.84,354459
PRAKASHSTL,2012-09-17 00:00:00+05:30,17.82,18.39,17.8,17.9,215129
PRAKASHSTL,2012-09-18 00:00:00+05:30,17.82,18.3,17.82,17.9,247089
PRAKASHSTL,2012-09-20 00:00:00+05:30,17.82,17.99,17.73,17.88,157119
PRAKASHSTL,2012-09-21 00:00:00+05:30,17.83,18.27,17.73,17.84,209429
PRAKASHSTL,2012-09-24 00:00:00+05:30,17.73,18.19,17.7,17.79,250639
PRAKASHSTL,2012-09-25 00:00:00+05:30,17.36,18.27,17.36,17.63,454969
PRAKASHSTL,2012-09-26 00:00:00+05:30,17.2,17.98,16.14,16.91,229209
PRAKASHSTL,2012-09-27 00:00:00+05:30,17.8,17.8,15.88,16.11,249009
PRAKASHSTL,2012-09-28 00:00:00+05:30,15.81,17.09,15.7,16.25,319389
PRAKASHSTL,2012-10-01 00:00:00+05:30,16.25,16.85,16.12,16.65,290149
PRAKASHSTL,2012-10-03 00:00:00+05:30,16.72,16.75,16.23,16.5,250019
PRAKASHSTL,2012-10-04 00:00:00+05:30,16.57,16.7,16.25,16.5,279019
PRAKASHSTL,2012-10-05 00:00:00+05:30,16.36,16.59,16.13,16.16,119739
PRAKASHSTL,2012-10-08 00:00:00+05:30,16.31,16.31,16.0,16.0,119719
PRAKASHSTL,2012-10-09 00:00:00+05:30,16.05,16.5,16.05,16.4,273129
PRAKASHSTL,2012-10-10 00:00:00+05:30,15.9,16.49,15.54,15.94,142449
PRAKASHSTL,2012-10-11 00:00:00+05:30,15.51,16.59,15.51,16.3,212589
PRAKASHSTL,2012-10-12 00:00:00+05:30,15.82,16.5,15.82,16.02,125109
PRAKASHSTL,2012-10-15 00:00:00+05:30,15.8,16.23,15.8,15.94,128559
PRAKASHSTL,2012-10-16 00:00:00+05:30,16.58,16.58,15.72,15.75,138839
PRAKASHSTL,2012-10-17 00:00:00+05:30,16.21,16.3,15.87,16.08,120229
PRAKASHSTL,2012-10-18 00:00:00+05:30,16.7,16.7,16.0,16.11,123509
PRAKASHSTL,2012-10-19 00:00:00+05:30,16.3,16.3,15.75,16.07,129489
PRAKASHSTL,2012-10-22 00:00:00+05:30,16.03,16.48,16.02,16.02,106419
PRAKASHSTL,2012-10-23 00:00:00+05:30,15.9,16.4,15.77,15.97,106809
PRAKASHSTL,2012-10-25 00:00:00+05:30,15.9,16.39,15.73,15.87,109569
PRAKASHSTL,2012-10-26 00:00:00+05:30,15.9,16.29,15.76,15.93,103149
PRAKASHSTL,2012-10-29 00:00:00+05:30,15.85,16.09,15.57,15.66,105799
PRAKASHSTL,2012-10-30 00:00:00+05:30,15.79,16.6,15.7,16.12,123609
PRAKASHSTL,2012-10-31 00:00:00+05:30,16.15,16.49,16.0,16.02,111109
PRAKASHSTL,2012-11-01 00:00:00+05:30,16.0,16.29,15.7,16.17,113889
PRAKASHSTL,2012-11-02 00:00:00+05:30,16.1,16.5,15.9,16.04,205469
PRAKASHSTL,2012-11-05 00:00:00+05:30,16.1,16.1,15.57,15.8,127099
PRAKASHSTL,2012-11-06 00:00:00+05:30,16.1,16.1,15.6,15.89,158039
PRAKASHSTL,2012-11-07 00:00:00+05:30,16.0,16.0,15.79,15.85,106599
PRAKASHSTL,2012-11-08 00:00:00+05:30,15.79,16.16,15.51,15.94,132209
PRAKASHSTL,2012-11-09 00:00:00+05:30,16.34,16.35,15.7,15.85,163969
PRAKASHSTL,2012-11-12 00:00:00+05:30,15.84,15.92,15.57,15.6,107509
PRAKASHSTL,2012-11-13 00:00:00+05:30,15.21,16.0,15.21,15.81,57199
PRAKASHSTL,2012-11-15 00:00:00+05:30,15.82,15.84,15.16,15.22,118799
PRAKASHSTL,2012-11-16 00:00:00+05:30,15.11,15.55,15.11,15.33,109479
PRAKASHSTL,2012-11-19 00:00:00+05:30,15.4,16.39,15.32,15.46,167109
PRAKASHSTL,2012-11-20 00:00:00+05:30,15.46,15.77,15.2,15.26,105209
PRAKASHSTL,2012-11-21 00:00:00+05:30,15.11,15.54,15.1,15.22,332779
PRAKASHSTL,2012-11-22 00:00:00+05:30,14.8,15.48,14.8,14.94,179619
PRAKASHSTL,2012-11-23 00:00:00+05:30,14.8,15.38,14.8,14.85,129179
PRAKASHSTL,2012-11-26 00:00:00+05:30,14.7,15.29,13.9,14.23,197539
PRAKASHSTL,2012-11-27 00:00:00+05:30,14.01,14.7,14.01,14.54,142859
PRAKASHSTL,2012-11-29 00:00:00+05:30,14.21,14.68,14.21,14.61,134159
PRAKASHSTL,2012-11-30 00:00:00+05:30,14.21,14.87,14.16,14.48,141649
PRAKASHSTL,2012-12-03 00:00:00+05:30,14.19,14.84,14.19,14.35,131159
PRAKASHSTL,2012-12-04 00:00:00+05:30,14.2,14.68,14.05,14.44,111239
PRAKASHSTL,2012-12-05 00:00:00+05:30,14.46,14.74,14.25,14.56,184899
PRAKASHSTL,2012-12-06 00:00:00+05:30,14.51,14.79,14.51,14.6,110699
PRAKASHSTL,2012-12-07 00:00:00+05:30,14.7,14.82,14.31,14.6,118429
PRAKASHSTL,2012-12-10 00:00:00+05:30,14.51,14.78,14.42,14.68,108079
PRAKASHSTL,2012-12-11 00:00:00+05:30,14.6,14.8,14.45,14.69,126649
PRAKASHSTL,2012-12-12 00:00:00+05:30,14.61,14.79,14.4,14.45,119229
PRAKASHSTL,2012-12-13 00:00:00+05:30,14.3,14.7,14.2,14.38,124289
PRAKASHSTL,2012-12-14 00:00:00+05:30,14.3,14.8,14.21,14.39,152789
PRAKASHSTL,2012-12-17 00:00:00+05:30,14.3,14.78,14.25,14.41,113329
PRAKASHSTL,2012-12-18 00:00:00+05:30,14.3,14.44,14.21,14.3,109909
PRAKASHSTL,2012-12-19 00:00:00+05:30,14.36,14.75,14.22,14.41,115989
PRAKASHSTL,2012-12-20 00:00:00+05:30,14.42,14.75,14.07,14.23,149279
PRAKASHSTL,2012-12-21 00:00:00+05:30,14.1,14.69,13.92,14.04,229939
PRAKASHSTL,2012-12-24 00:00:00+05:30,14.0,14.55,13.82,13.87,109669
PRAKASHSTL,2012-12-26 00:00:00+05:30,13.8,14.49,13.8,14.36,317599
PRAKASHSTL,2012-12-27 00:00:00+05:30,14.45,14.45,13.87,14.02,320639
PRAKASHSTL,2012-12-28 00:00:00+05:30,13.9,14.27,13.72,14.02,111229
PRAKASHSTL,2012-12-31 00:00:00+05:30,14.39,14.43,13.86,14.11,110869
PRAKASHSTL,2013-01-01 00:00:00+05:30,14.13,14.17,13.9,13.97,111119
PRAKASHSTL,2013-01-02 00:00:00+05:30,14.0,14.39,13.92,14.01,115029
PRAKASHSTL,2013-01-03 00:00:00+05:30,13.9,14.38,13.8,13.91,124709
PRAKASHSTL,2013-01-04 00:00:00+05:30,13.85,14.45,13.77,13.93,112059
PRAKASHSTL,2013-01-07 00:00:00+05:30,13.86,14.07,13.76,13.93,115509
PRAKASHSTL,2013-01-08 00:00:00+05:30,13.95,14.0,13.81,13.91,107629
PRAKASHSTL,2013-01-09 00:00:00+05:30,14.2,14.66,13.71,14.3,148789
PRAKASHSTL,2013-01-10 00:00:00+05:30,14.1,14.1,12.8,13.14,225129
PRAKASHSTL,2013-01-11 00:00:00+05:30,13.15,13.69,11.96,12.1,445089
PRAKASHSTL,2013-01-14 00:00:00+05:30,12.0,12.5,11.5,12.16,132219
PRAKASHSTL,2013-01-15 00:00:00+05:30,12.39,12.4,11.96,11.97,158809
PRAKASHSTL,2013-01-16 00:00:00+05:30,12.08,12.09,11.84,11.95,129559
PRAKASHSTL,2013-01-17 00:00:00+05:30,11.9,12.18,11.53,11.96,689059
PRAKASHSTL,2013-01-18 00:00:00+05:30,12.1,12.45,11.04,11.81,421339
PRAKASHSTL,2013-01-21 00:00:00+05:30,11.98,12.0,11.71,11.86,118049
PRAKASHSTL,2013-01-22 00:00:00+05:30,11.76,11.9,11.44,11.64,109559
PRAKASHSTL,2013-01-23 00:00:00+05:30,11.62,11.7,11.51,11.62,110159
PRAKASHSTL,2013-01-24 00:00:00+05:30,11.55,11.96,9.3,9.88,2490129
PRAKASHSTL,2013-01-25 00:00:00+05:30,9.7,11.79,9.5,10.56,1318969
PRAKASHSTL,2013-01-28 00:00:00+05:30,10.4,10.49,10.2,10.32,141839
PRAKASHSTL,2013-01-29 00:00:00+05:30,10.3,10.45,10.02,10.24,124239
PRAKASHSTL,2013-01-30 00:00:00+05:30,10.25,10.4,10.03,10.16,131899
PRAKASHSTL,2013-01-31 00:00:00+05:30,10.2,10.49,10.03,10.38,128859
PRAKASHSTL,2013-02-01 00:00:00+05:30,10.2,10.66,10.04,10.17,146339
PRAKASHSTL,2013-02-04 00:00:00+05:30,10.37,10.69,10.3,10.32,118469
PRAKASHSTL,2013-02-05 00:00:00+05:30,11.2,12.24,10.0,10.24,265879
PRAKASHSTL,2013-02-06 00:00:00+05:30,10.25,10.45,10.03,10.25,116409
PRAKASHSTL,2013-02-07 00:00:00+05:30,10.58,10.58,10.0,10.26,124119
PRAKASHSTL,2013-02-08 00:00:00+05:30,10.3,10.5,10.0,10.3,116399
PRAKASHSTL,2013-02-11 00:00:00+05:30,10.31,10.7,10.01,10.12,155069
PRAKASHSTL,2013-02-12 00:00:00+05:30,10.1,10.3,9.82,9.89,139519
PRAKASHSTL,2013-02-13 00:00:00+05:30,10.1,10.1,9.85,9.94,129789
PRAKASHSTL,2013-02-14 00:00:00+05:30,10.2,10.2,9.7,9.9,128379
PRAKASHSTL,2013-02-15 00:00:00+05:30,10.05,10.22,9.71,10.04,174889
PRAKASHSTL,2013-02-18 00:00:00+05:30,10.0,10.29,9.8,9.88,109819
PRAKASHSTL,2013-02-19 00:00:00+05:30,10.0,10.09,9.72,9.78,113209
PRAKASHSTL,2013-02-20 00:00:00+05:30,10.2,10.2,9.65,9.9,124999
PRAKASHSTL,2013-02-21 00:00:00+05:30,10.25,10.29,9.63,9.68,123629
PRAKASHSTL,2013-02-22 00:00:00+05:30,10.2,10.2,9.6,9.76,128239
PRAKASHSTL,2013-02-25 00:00:00+05:30,9.62,10.0,9.55,9.71,158379
PRAKASHSTL,2013-02-26 00:00:00+05:30,9.7,9.79,9.2,9.62,188299
PRAKASHSTL,2013-02-27 00:00:00+05:30,9.51,9.59,9.0,9.4,143729
PRAKASHSTL,2013-02-28 00:00:00+05:30,9.41,9.51,9.01,9.13,143619
PRAKASHSTL,2013-03-01 00:00:00+05:30,9.5,9.52,9.05,9.24,131589
PRAKASHSTL,2013-03-04 00:00:00+05:30,9.51,10.01,9.3,9.5,124169
PRAKASHSTL,2013-03-05 00:00:00+05:30,9.8,9.81,9.31,9.5,107509
PRAKASHSTL,2013-03-06 00:00:00+05:30,8.51,9.8,8.51,9.43,116559
PRAKASHSTL,2013-03-07 00:00:00+05:30,9.5,9.53,9.3,9.45,108999
PRAKASHSTL,2013-03-08 00:00:00+05:30,9.4,9.69,9.35,9.41,137069
PRAKASHSTL,2013-03-11 00:00:00+05:30,9.7,9.8,9.4,9.54,118479
PRAKASHSTL,2013-03-12 00:00:00+05:30,9.6,9.6,9.32,9.36,107799
PRAKASHSTL,2013-03-13 00:00:00+05:30,9.5,9.6,9.32,9.34,133079
PRAKASHSTL,2013-03-14 00:00:00+05:30,9.5,9.6,9.3,9.33,116489
PRAKASHSTL,2013-03-15 00:00:00+05:30,9.35,9.48,9.3,9.33,114749
PRAKASHSTL,2013-03-18 00:00:00+05:30,9.32,9.33,8.9,8.95,135519
PRAKASHSTL,2013-03-19 00:00:00+05:30,9.0,9.5,8.99,9.36,124989
PRAKASHSTL,2013-03-20 00:00:00+05:30,9.3,9.99,9.21,9.36,122309
PRAKASHSTL,2013-03-21 00:00:00+05:30,9.35,9.9,9.3,9.47,114149
PRAKASHSTL,2013-03-22 00:00:00+05:30,9.5,9.52,9.3,9.32,107579
PRAKASHSTL,2013-03-25 00:00:00+05:30,9.36,9.6,9.15,9.32,726989
PRAKASHSTL,2013-03-26 00:00:00+05:30,9.1,9.48,8.9,9.29,777709
PRAKASHSTL,2013-03-28 00:00:00+05:30,9.3,11.1,9.01,10.19,183539
PRAKASHSTL,2013-04-01 00:00:00+05:30,10.0,10.2,9.82,10.1,128089
PRAKASHSTL,2013-04-02 00:00:00+05:30,9.9,10.1,9.6,9.89,118369
PRAKASHSTL,2013-04-03 00:00:00+05:30,9.89,10.03,9.61,9.96,109899
PRAKASHSTL,2013-04-04 00:00:00+05:30,9.4,9.95,9.3,9.49,129569
PRAKASHSTL,2013-04-05 00:00:00+05:30,9.4,9.55,9.3,9.32,119429
PRAKASHSTL,2013-04-08 00:00:00+05:30,9.35,9.49,9.3,9.35,110219
PRAKASHSTL,2013-04-09 00:00:00+05:30,9.48,9.82,9.3,9.4,111479
PRAKASHSTL,2013-04-10 00:00:00+05:30,9.45,10.5,9.35,9.72,118289
PRAKASHSTL,2013-04-11 00:00:00+05:30,9.77,9.85,9.32,9.49,115819
PRAKASHSTL,2013-04-12 00:00:00+05:30,9.4,9.7,9.4,9.54,106969
PRAKASHSTL,2013-04-15 00:00:00+05:30,9.3,10.1,9.3,9.67,113149
PRAKASHSTL,2013-04-16 00:00:00+05:30,9.78,9.8,9.3,9.41,108339
PRAKASHSTL,2013-04-17 00:00:00+05:30,9.42,9.6,9.3,9.44,107629
PRAKASHSTL,2013-04-18 00:00:00+05:30,9.46,9.56,9.3,9.49,129279
PRAKASHSTL,2013-04-22 00:00:00+05:30,9.3,9.7,9.3,9.49,120279
PRAKASHSTL,2013-04-23 00:00:00+05:30,9.4,9.65,9.3,9.64,109079
PRAKASHSTL,2013-04-25 00:00:00+05:30,9.57,9.6,9.3,9.45,109139
PRAKASHSTL,2013-04-26 00:00:00+05:30,9.44,9.96,9.3,9.75,133439
PRAKASHSTL,2013-04-29 00:00:00+05:30,9.77,9.9,9.57,9.65,108669
PRAKASHSTL,2013-04-30 00:00:00+05:30,9.52,9.73,9.31,9.63,111469
PRAKASHSTL,2013-05-02 00:00:00+05:30,9.51,9.68,9.44,9.62,113139
PRAKASHSTL,2013-05-03 00:00:00+05:30,9.6,9.8,9.32,9.4,106989
PRAKASHSTL,2013-05-06 00:00:00+05:30,9.57,9.74,9.33,9.51,115149
PRAKASHSTL,2013-05-07 00:00:00+05:30,9.55,9.6,9.41,9.53,111479
PRAKASHSTL,2013-05-08 00:00:00+05:30,9.5,10.1,9.43,9.81,177379
PRAKASHSTL,2013-05-09 00:00:00+05:30,9.8,9.85,9.5,9.62,106849
PRAKASHSTL,2013-05-10 00:00:00+05:30,9.53,9.63,9.42,9.54,107619
PRAKASHSTL,2013-05-13 00:00:00+05:30,9.55,9.58,9.34,9.46,121899
PRAKASHSTL,2013-05-14 00:00:00+05:30,9.47,9.65,9.3,9.48,113649
PRAKASHSTL,2013-05-15 00:00:00+05:30,9.32,9.65,9.31,9.5,107209
PRAKASHSTL,2013-05-16 00:00:00+05:30,9.45,9.7,9.35,9.48,111479
PRAKASHSTL,2013-05-17 00:00:00+05:30,9.52,9.68,9.31,9.46,145689
PRAKASHSTL,2013-05-20 00:00:00+05:30,9.5,9.74,9.35,9.43,148569
PRAKASHSTL,2013-05-21 00:00:00+05:30,9.4,9.5,9.32,9.4,106319
PRAKASHSTL,2013-05-22 00:00:00+05:30,9.6,9.6,9.32,9.39,112459
PRAKASHSTL,2013-05-23 00:00:00+05:30,9.59,9.59,9.3,9.39,258089
PRAKASHSTL,2013-05-24 00:00:00+05:30,9.4,9.5,9.3,9.38,106719
PRAKASHSTL,2013-05-27 00:00:00+05:30,9.57,9.57,9.3,9.38,107169
PRAKASHSTL,2013-05-28 00:00:00+05:30,9.39,9.52,9.35,9.37,157739
PRAKASHSTL,2013-05-29 00:00:00+05:30,9.45,9.45,9.31,9.36,105559
PRAKASHSTL,2013-05-30 00:00:00+05:30,9.4,9.54,9.3,9.46,171789
PRAKASHSTL,2013-05-31 00:00:00+05:30,9.31,9.46,9.1,9.24,116569
PRAKASHSTL,2013-06-03 00:00:00+05:30,9.5,9.5,9.3,9.36,138009
PRAKASHSTL,2013-06-04 00:00:00+05:30,9.41,9.41,9.3,9.4,106389
PRAKASHSTL,2013-06-05 00:00:00+05:30,9.41,9.45,9.3,9.43,108499
PRAKASHSTL,2013-06-06 00:00:00+05:30,9.41,9.42,9.3,9.37,110519
PRAKASHSTL,2013-06-07 00:00:00+05:30,9.43,9.46,9.31,9.39,137569
PRAKASHSTL,2013-06-10 00:00:00+05:30,9.4,9.44,9.3,9.39,127569
PRAKASHSTL,2013-06-11 00:00:00+05:30,9.41,9.41,8.85,9.29,118949
PRAKASHSTL,2013-06-12 00:00:00+05:30,9.3,9.48,9.22,9.36,151649
PRAKASHSTL,2013-06-13 00:00:00+05:30,9.33,9.41,9.3,9.37,143989
PRAKASHSTL,2013-06-14 00:00:00+05:30,9.4,9.42,9.3,9.32,151729
PRAKASHSTL,2013-06-17 00:00:00+05:30,9.38,9.5,9.3,9.4,150049
PRAKASHSTL,2013-06-18 00:00:00+05:30,9.42,9.46,9.3,9.43,162429
PRAKASHSTL,2013-06-19 00:00:00+05:30,9.4,9.41,9.3,9.35,108499
PRAKASHSTL,2013-06-20 00:00:00+05:30,9.3,9.4,9.05,9.28,110789
PRAKASHSTL,2013-06-21 00:00:00+05:30,9.37,9.38,9.25,9.32,108769
PRAKASHSTL,2013-06-24 00:00:00+05:30,9.39,9.43,8.96,9.07,114079
PRAKASHSTL,2013-06-25 00:00:00+05:30,9.27,9.38,9.2,9.29,110149
PRAKASHSTL,2013-06-26 00:00:00+05:30,9.32,9.37,9.26,9.28,152709
PRAKASHSTL,2013-06-27 00:00:00+05:30,9.35,9.4,9.15,9.21,106789
PRAKASHSTL,2013-06-28 00:00:00+05:30,9.33,9.39,9.09,9.32,107389
PRAKASHSTL,2013-07-01 00:00:00+05:30,9.4,9.57,9.3,9.41,161119
PRAKASHSTL,2013-07-02 00:00:00+05:30,9.44,9.45,9.3,9.33,109719
PRAKASHSTL,2013-07-03 00:00:00+05:30,9.33,9.4,9.11,9.25,112189
PRAKASHSTL,2013-07-04 00:00:00+05:30,9.41,9.49,9.3,9.39,151919
PRAKASHSTL,2013-07-05 00:00:00+05:30,9.4,9.45,9.3,9.33,105119
PRAKASHSTL,2013-07-08 00:00:00+05:30,9.4,9.4,9.3,9.3,119349
PRAKASHSTL,2013-07-09 00:00:00+05:30,9.44,9.45,9.3,9.31,107199
PRAKASHSTL,2013-07-10 00:00:00+05:30,9.4,9.4,9.22,9.28,120409
PRAKASHSTL,2013-07-11 00:00:00+05:30,9.38,9.38,9.3,9.35,136049
PRAKASHSTL,2013-07-12 00:00:00+05:30,9.38,9.38,9.21,9.29,112849
PRAKASHSTL,2013-07-15 00:00:00+05:30,9.35,9.45,9.3,9.36,106049
PRAKASHSTL,2013-07-16 00:00:00+05:30,9.34,9.44,9.3,9.34,188349
PRAKASHSTL,2013-07-17 00:00:00+05:30,9.38,9.38,9.22,9.26,108959
PRAKASHSTL,2013-07-18 00:00:00+05:30,9.33,9.36,9.21,9.26,148519
PRAKASHSTL,2013-07-19 00:00:00+05:30,9.35,9.36,9.2,9.24,144029
PRAKASHSTL,2013-07-22 00:00:00+05:30,9.3,9.37,9.21,9.22,109789
PRAKASHSTL,2013-07-23 00:00:00+05:30,9.3,9.3,9.1,9.26,112349
PRAKASHSTL,2013-07-24 00:00:00+05:30,9.18,9.7,9.14,9.16,148369
PRAKASHSTL,2013-07-25 00:00:00+05:30,9.25,9.32,9.15,9.19,105689
PRAKASHSTL,2013-07-26 00:00:00+05:30,9.2,9.38,9.2,9.34,116379
PRAKASHSTL,2013-07-29 00:00:00+05:30,9.35,9.35,9.18,9.28,145439
PRAKASHSTL,2013-07-30 00:00:00+05:30,9.46,9.46,8.51,8.94,147999
PRAKASHSTL,2013-07-31 00:00:00+05:30,9.1,9.23,8.5,9.03,128229
PRAKASHSTL,2013-08-01 00:00:00+05:30,9.23,9.65,8.75,9.01,113079
PRAKASHSTL,2013-08-02 00:00:00+05:30,9.1,9.3,8.7,8.96,115959
PRAKASHSTL,2013-08-05 00:00:00+05:30,9.15,9.65,8.8,8.94,112309
PRAKASHSTL,2013-08-06 00:00:00+05:30,9.0,9.06,8.87,8.91,106389
PRAKASHSTL,2013-08-07 00:00:00+05:30,8.92,9.07,8.7,8.89,108839
PRAKASHSTL,2013-08-08 00:00:00+05:30,9.2,9.2,8.51,8.98,119469
PRAKASHSTL,2013-08-12 00:00:00+05:30,9.0,9.29,9.0,9.27,109529
PRAKASHSTL,2013-08-13 00:00:00+05:30,9.3,9.3,8.7,8.94,122089
PRAKASHSTL,2013-08-14 00:00:00+05:30,9.13,9.68,8.86,9.03,128569
PRAKASHSTL,2013-08-16 00:00:00+05:30,9.05,9.15,8.7,9.0,122879
PRAKASHSTL,2013-08-19 00:00:00+05:30,9.2,9.5,8.85,8.9,110929
PRAKASHSTL,2013-08-20 00:00:00+05:30,8.8,8.98,8.76,8.86,109629
PRAKASHSTL,2013-08-21 00:00:00+05:30,8.9,9.04,8.8,8.84,110429
PRAKASHSTL,2013-08-22 00:00:00+05:30,8.9,9.2,8.79,9.02,111139
PRAKASHSTL,2013-08-23 00:00:00+05:30,9.21,9.21,8.8,8.98,116969
PRAKASHSTL,2013-08-26 00:00:00+05:30,9.0,9.04,8.85,8.96,106559
PRAKASHSTL,2013-08-27 00:00:00+05:30,9.0,9.2,8.8,8.97,108699
PRAKASHSTL,2013-08-28 00:00:00+05:30,8.9,9.1,8.71,8.9,107159
PRAKASHSTL,2013-08-29 00:00:00+05:30,8.81,8.9,8.8,8.8,107739
PRAKASHSTL,2013-08-30 00:00:00+05:30,9.06,9.06,8.8,8.87,111229
PRAKASHSTL,2013-09-02 00:00:00+05:30,8.9,9.09,8.83,8.99,112099
PRAKASHSTL,2013-09-03 00:00:00+05:30,9.05,9.2,8.7,8.97,116149
PRAKASHSTL,2013-09-04 00:00:00+05:30,9.0,9.0,8.75,8.89,114249
PRAKASHSTL,2013-09-05 00:00:00+05:30,8.89,9.09,8.88,8.95,109429
PRAKASHSTL,2013-09-06 00:00:00+05:30,8.96,9.6,8.84,9.13,118809
PRAKASHSTL,2013-09-10 00:00:00+05:30,8.95,9.63,8.91,9.09,107459
PRAKASHSTL,2013-09-11 00:00:00+05:30,9.05,9.13,8.94,9.04,108799
PRAKASHSTL,2013-09-12 00:00:00+05:30,9.2,9.28,8.91,9.09,113419
PRAKASHSTL,2013-09-13 00:00:00+05:30,9.14,9.23,8.82,9.12,130059
PRAKASHSTL,2013-09-16 00:00:00+05:30,9.05,9.2,8.94,9.01,115159
PRAKASHSTL,2013-09-17 00:00:00+05:30,8.9,9.19,8.75,9.01,143549
PRAKASHSTL,2013-09-18 00:00:00+05:30,9.1,9.3,8.95,9.09,116479
PRAKASHSTL,2013-09-19 00:00:00+05:30,8.95,9.29,8.94,9.06,126139
PRAKASHSTL,2013-09-20 00:00:00+05:30,8.98,9.23,8.95,9.05,113909
PRAKASHSTL,2013-09-23 00:00:00+05:30,8.95,9.11,8.9,9.03,106319
PRAKASHSTL,2013-09-24 00:00:00+05:30,9.0,9.2,8.9,9.1,183059
PRAKASHSTL,2013-09-25 00:00:00+05:30,9.04,9.16,8.91,9.01,110639
PRAKASHSTL,2013-09-26 00:00:00+05:30,8.92,9.09,8.9,8.96,111899
PRAKASHSTL,2013-09-27 00:00:00+05:30,9.3,9.3,8.94,9.09,163049
PRAKASHSTL,2013-09-30 00:00:00+05:30,8.98,9.2,8.9,9.04,113149
PRAKASHSTL,2013-10-01 00:00:00+05:30,8.94,9.14,8.9,9.04,107269
PRAKASHSTL,2013-10-03 00:00:00+05:30,9.06,9.15,8.97,9.01,110739
PRAKASHSTL,2013-10-04 00:00:00+05:30,8.98,10.0,8.95,9.14,163289
PRAKASHSTL,2013-10-07 00:00:00+05:30,8.96,9.28,8.93,9.09,139909
PRAKASHSTL,2013-10-08 00:00:00+05:30,8.96,9.21,8.93,9.09,112989
PRAKASHSTL,2013-10-09 00:00:00+05:30,9.15,9.17,9.03,9.09,130309
PRAKASHSTL,2013-10-10 00:00:00+05:30,8.97,9.19,8.96,9.03,110039
PRAKASHSTL,2013-10-11 00:00:00+05:30,9.1,9.19,8.9,9.0,120359
PRAKASHSTL,2013-10-14 00:00:00+05:30,8.95,9.07,8.95,8.97,109589
PRAKASHSTL,2013-10-15 00:00:00+05:30,9.0,9.07,8.91,8.97,115019
PRAKASHSTL,2013-10-17 00:00:00+05:30,9.1,9.12,8.9,8.97,116629
PRAKASHSTL,2013-10-18 00:00:00+05:30,9.04,9.04,8.91,8.93,225399
PRAKASHSTL,2013-10-21 00:00:00+05:30,9.05,9.11,8.9,9.0,263449
PRAKASHSTL,2013-10-22 00:00:00+05:30,9.1,9.1,8.93,8.95,122949
PRAKASHSTL,2013-10-23 00:00:00+05:30,8.97,9.13,8.95,8.98,110399
PRAKASHSTL,2013-10-24 00:00:00+05:30,9.04,9.3,8.94,9.19,119339
PRAKASHSTL,2013-10-25 00:00:00+05:30,9.05,9.18,8.97,9.12,125959
PRAKASHSTL,2013-10-28 00:00:00+05:30,9.05,9.07,8.9,8.93,115619
PRAKASHSTL,2013-10-29 00:00:00+05:30,9.03,9.03,8.81,8.9,118339
PRAKASHSTL,2013-10-30 00:00:00+05:30,8.97,9.1,8.96,8.99,111609
PRAKASHSTL,2013-10-31 00:00:00+05:30,9.0,9.05,8.9,8.91,116489
PRAKASHSTL,2013-11-01 00:00:00+05:30,9.03,9.16,8.9,9.04,206369
PRAKASHSTL,2013-11-05 00:00:00+05:30,8.9,9.08,8.9,9.07,107479
PRAKASHSTL,2013-11-06 00:00:00+05:30,8.93,9.39,8.93,9.19,117539
PRAKASHSTL,2013-11-07 00:00:00+05:30,9.1,9.23,9.07,9.13,111249
PRAKASHSTL,2013-11-08 00:00:00+05:30,9.15,9.2,8.9,8.95,109699
PRAKASHSTL,2013-11-11 00:00:00+05:30,9.01,9.2,8.91,8.91,112799
PRAKASHSTL,2013-11-12 00:00:00+05:30,9.0,9.0,8.9,8.91,108159
PRAKASHSTL,2013-11-13 00:00:00+05:30,8.98,9.01,8.75,8.91,116289
PRAKASHSTL,2013-11-14 00:00:00+05:30,8.9,9.01,8.51,8.73,120869
PRAKASHSTL,2013-11-18 00:00:00+05:30,8.9,8.95,8.75,8.78,110209
PRAKASHSTL,2013-11-19 00:00:00+05:30,8.71,8.9,8.4,8.55,181959
PRAKASHSTL,2013-11-20 00:00:00+05:30,8.5,8.7,8.5,8.65,113889
PRAKASHSTL,2013-11-21 00:00:00+05:30,8.71,8.9,8.65,8.77,109029
PRAKASHSTL,2013-11-22 00:00:00+05:30,8.8,8.99,8.68,8.76,110779
PRAKASHSTL,2013-11-25 00:00:00+05:30,8.74,9.0,8.7,8.89,110269
PRAKASHSTL,2013-11-26 00:00:00+05:30,8.8,9.0,8.52,8.87,115409
PRAKASHSTL,2013-11-27 00:00:00+05:30,8.78,8.97,8.67,8.94,114429
PRAKASHSTL,2013-11-28 00:00:00+05:30,8.85,8.96,8.57,8.69,128839
PRAKASHSTL,2013-11-29 00:00:00+05:30,8.9,8.9,8.57,8.73,114609
PRAKASHSTL,2013-12-02 00:00:00+05:30,8.73,8.94,8.68,8.73,113439
PRAKASHSTL,2013-12-03 00:00:00+05:30,8.75,8.89,8.71,8.77,109009
PRAKASHSTL,2013-12-04 00:00:00+05:30,8.8,8.91,8.71,8.71,119999
PRAKASHSTL,2013-12-05 00:00:00+05:30,8.79,8.94,8.76,8.85,110969
PRAKASHSTL,2013-12-06 00:00:00+05:30,8.8,8.93,8.56,8.7,128959
PRAKASHSTL,2013-12-09 00:00:00+05:30,8.72,8.87,8.5,8.55,122439
PRAKASHSTL,2013-12-10 00:00:00+05:30,8.71,8.9,8.5,8.55,123359
PRAKASHSTL,2013-12-11 00:00:00+05:30,8.69,8.76,8.6,8.7,115489
PRAKASHSTL,2013-12-12 00:00:00+05:30,8.7,8.82,8.52,8.76,116039
PRAKASHSTL,2013-12-13 00:00:00+05:30,8.79,8.84,8.55,8.79,125019
PRAKASHSTL,2013-12-16 00:00:00+05:30,8.54,8.99,8.5,8.85,120939
PRAKASHSTL,2013-12-17 00:00:00+05:30,8.7,8.9,8.61,8.81,111059
PRAKASHSTL,2013-12-18 00:00:00+05:30,8.65,8.99,8.6,8.82,169149
PRAKASHSTL,2013-12-19 00:00:00+05:30,8.78,8.93,8.65,8.87,166779
PRAKASHSTL,2013-12-20 00:00:00+05:30,8.81,8.95,8.72,8.88,159159
PRAKASHSTL,2013-12-23 00:00:00+05:30,8.8,8.97,8.79,8.88,118139
PRAKASHSTL,2013-12-24 00:00:00+05:30,8.9,9.0,8.7,8.91,127689
PRAKASHSTL,2013-12-26 00:00:00+05:30,8.85,9.05,8.8,9.04,189159
PRAKASHSTL,2013-12-27 00:00:00+05:30,9.5,9.5,8.6,9.36,199839
PRAKASHSTL,2013-12-30 00:00:00+05:30,9.5,10.2,9.31,10.02,216379
PRAKASHSTL,2013-12-31 00:00:00+05:30,10.01,10.47,10.01,10.3,186579
PRAKASHSTL,2014-01-01 00:00:00+05:30,10.01,10.62,10.01,10.41,222389
PRAKASHSTL,2014-01-02 00:00:00+05:30,10.02,10.6,10.02,10.49,204239
PRAKASHSTL,2014-01-03 00:00:00+05:30,10.49,10.58,10.05,10.49,174669
PRAKASHSTL,2014-01-06 00:00:00+05:30,10.5,10.89,10.35,10.78,128899
PRAKASHSTL,2014-01-07 00:00:00+05:30,10.8,10.99,10.5,10.77,155529
PRAKASHSTL,2014-01-08 00:00:00+05:30,10.6,10.83,10.51,10.72,143039
PRAKASHSTL,2014-01-09 00:00:00+05:30,10.79,10.95,10.64,10.71,174389
PRAKASHSTL,2014-01-10 00:00:00+05:30,10.9,11.02,10.64,10.81,147239
PRAKASHSTL,2014-01-13 00:00:00+05:30,11.0,11.05,10.7,10.88,136809
PRAKASHSTL,2014-01-14 00:00:00+05:30,11.01,11.4,10.77,11.27,164779
PRAKASHSTL,2014-01-15 00:00:00+05:30,11.01,11.7,11.01,11.65,252569
PRAKASHSTL,2014-01-16 00:00:00+05:30,11.7,12.0,11.65,11.97,534199
PRAKASHSTL,2014-01-17 00:00:00+05:30,12.0,12.29,11.62,11.76,212639
PRAKASHSTL,2014-01-20 00:00:00+05:30,11.67,11.8,11.02,11.57,220999
PRAKASHSTL,2014-01-21 00:00:00+05:30,11.7,11.75,11.31,11.53,148249
PRAKASHSTL,2014-01-22 00:00:00+05:30,11.97,12.17,11.81,12.04,562969
PRAKASHSTL,2014-01-23 00:00:00+05:30,12.3,12.4,11.4,11.88,413919
PRAKASHSTL,2014-01-24 00:00:00+05:30,11.94,12.05,11.31,11.39,248839
PRAKASHSTL,2014-01-27 00:00:00+05:30,11.4,11.79,11.3,11.39,133099
PRAKASHSTL,2014-01-28 00:00:00+05:30,11.5,11.5,11.12,11.26,121639
PRAKASHSTL,2014-01-29 00:00:00+05:30,11.4,11.9,11.2,11.22,110629
PRAKASHSTL,2014-01-30 00:00:00+05:30,11.4,11.4,10.7,11.09,118439
PRAKASHSTL,2014-01-31 00:00:00+05:30,11.5,11.5,10.46,10.62,803589
PRAKASHSTL,2014-02-03 00:00:00+05:30,10.8,10.8,10.4,10.51,1303789
PRAKASHSTL,2014-02-04 00:00:00+05:30,10.6,11.0,10.47,10.51,1099739
PRAKASHSTL,2014-02-05 00:00:00+05:30,10.6,11.0,10.6,10.75,255219
PRAKASHSTL,2014-02-06 00:00:00+05:30,10.8,10.86,10.47,10.64,928719
PRAKASHSTL,2014-02-07 00:00:00+05:30,10.65,10.7,10.57,10.57,182739
PRAKASHSTL,2014-02-10 00:00:00+05:30,10.58,10.95,10.51,10.63,136769
PRAKASHSTL,2014-02-11 00:00:00+05:30,10.69,10.79,10.6,10.76,104209
PRAKASHSTL,2014-02-12 00:00:00+05:30,10.75,10.97,10.62,10.95,171999
PRAKASHSTL,2014-02-13 00:00:00+05:30,10.75,10.89,10.65,10.66,103999
PRAKASHSTL,2014-02-14 00:00:00+05:30,10.67,10.8,10.47,10.54,1048489
PRAKASHSTL,2014-02-17 00:00:00+05:30,10.68,10.68,10.44,10.51,870489
PRAKASHSTL,2014-02-18 00:00:00+05:30,10.53,10.7,10.46,10.66,741959
PRAKASHSTL,2014-02-19 00:00:00+05:30,10.66,11.49,10.51,11.27,123729
PRAKASHSTL,2014-02-20 00:00:00+05:30,11.3,11.45,11.05,11.22,188389
PRAKASHSTL,2014-02-21 00:00:00+05:30,11.39,11.87,11.11,11.78,143169
PRAKASHSTL,2014-02-24 00:00:00+05:30,11.62,12.7,11.62,12.3,152409
PRAKASHSTL,2014-02-25 00:00:00+05:30,12.45,13.09,12.36,12.96,230549
PRAKASHSTL,2014-02-26 00:00:00+05:30,12.8,13.0,12.77,12.84,123319
PRAKASHSTL,2014-02-28 00:00:00+05:30,12.89,13.19,12.8,12.88,114739
PRAKASHSTL,2014-03-03 00:00:00+05:30,12.9,12.96,12.0,12.59,126879
PRAKASHSTL,2014-03-04 00:00:00+05:30,12.6,12.7,12.4,12.54,108039
PRAKASHSTL,2014-03-05 00:00:00+05:30,12.6,12.62,12.3,12.43,109969
PRAKASHSTL,2014-03-06 00:00:00+05:30,12.55,12.59,12.11,12.2,112709
PRAKASHSTL,2014-03-07 00:00:00+05:30,12.31,12.45,12.11,12.29,106549
PRAKASHSTL,2014-03-10 00:00:00+05:30,12.31,12.35,12.14,12.21,143989
PRAKASHSTL,2014-03-11 00:00:00+05:30,12.31,12.39,12.18,12.18,210659
PRAKASHSTL,2014-03-12 00:00:00+05:30,12.32,12.35,12.05,12.3,110749
PRAKASHSTL,2014-03-13 00:00:00+05:30,12.4,12.41,12.21,12.38,108059
PRAKASHSTL,2014-03-14 00:00:00+05:30,12.34,12.35,12.2,12.21,160909
PRAKASHSTL,2014-03-18 00:00:00+05:30,12.27,12.41,12.0,12.18,119329
PRAKASHSTL,2014-03-19 00:00:00+05:30,12.34,12.35,12.12,12.35,108769
PRAKASHSTL,2014-03-20 00:00:00+05:30,12.34,12.39,12.1,12.32,162939
PRAKASHSTL,2014-03-21 00:00:00+05:30,12.32,12.35,12.0,12.21,111209
PRAKASHSTL,2014-03-24 00:00:00+05:30,12.32,12.4,12.2,12.2,106999
PRAKASHSTL,2014-03-25 00:00:00+05:30,12.32,12.39,12.03,12.16,118409
PRAKASHSTL,2014-03-26 00:00:00+05:30,12.28,12.31,12.1,12.14,116369
PRAKASHSTL,2014-03-27 00:00:00+05:30,12.3,12.48,12.15,12.3,150329
PRAKASHSTL,2014-03-28 00:00:00+05:30,12.3,12.5,12.12,12.13,125719
PRAKASHSTL,2014-03-31 00:00:00+05:30,12.38,13.11,12.1,12.75,120379
PRAKASHSTL,2014-04-01 00:00:00+05:30,13.1,13.3,12.11,12.21,187889
PRAKASHSTL,2014-04-02 00:00:00+05:30,12.3,12.5,12.1,12.25,111579
PRAKASHSTL,2014-04-03 00:00:00+05:30,12.29,12.39,12.2,12.21,103969
PRAKASHSTL,2014-04-04 00:00:00+05:30,12.3,12.3,12.11,12.11,113059
PRAKASHSTL,2014-04-07 00:00:00+05:30,12.3,12.39,12.05,12.14,116039
PRAKASHSTL,2014-04-09 00:00:00+05:30,12.2,12.26,12.1,12.23,254849
PRAKASHSTL,2014-04-10 00:00:00+05:30,12.39,12.39,12.05,12.11,229079
PRAKASHSTL,2014-04-11 00:00:00+05:30,12.23,12.23,12.01,12.16,184429
PRAKASHSTL,2014-04-15 00:00:00+05:30,12.25,12.25,12.12,12.12,105179
PRAKASHSTL,2014-04-16 00:00:00+05:30,12.2,12.2,12.05,12.19,107769
PRAKASHSTL,2014-04-17 00:00:00+05:30,12.2,12.2,12.04,12.05,112839
PRAKASHSTL,2014-04-21 00:00:00+05:30,12.15,12.15,12.04,12.04,111649
PRAKASHSTL,2014-04-22 00:00:00+05:30,12.1,12.17,12.04,12.05,105039
PRAKASHSTL,2014-04-23 00:00:00+05:30,12.05,12.08,11.91,11.99,114009
PRAKASHSTL,2014-04-25 00:00:00+05:30,12.05,12.05,11.96,12.0,105499
PRAKASHSTL,2014-04-28 00:00:00+05:30,12.05,12.2,12.01,12.2,105359
PRAKASHSTL,2014-04-29 00:00:00+05:30,12.1,12.19,11.97,12.04,116929
PRAKASHSTL,2014-04-30 00:00:00+05:30,12.1,12.2,11.91,11.98,171979
PRAKASHSTL,2014-05-02 00:00:00+05:30,11.81,12.09,11.7,11.8,177219
PRAKASHSTL,2014-05-05 00:00:00+05:30,11.8,11.9,11.8,11.8,101149
PRAKASHSTL,2014-05-06 00:00:00+05:30,11.88,11.88,11.53,11.68,122379
PRAKASHSTL,2014-05-07 00:00:00+05:30,11.65,11.68,11.55,11.6,104909
PRAKASHSTL,2014-05-08 00:00:00+05:30,11.7,11.7,11.6,11.61,102909
PRAKASHSTL,2014-05-09 00:00:00+05:30,11.75,11.75,11.66,11.7,101799
PRAKASHSTL,2014-05-12 00:00:00+05:30,11.7,11.8,11.51,11.75,104919
PRAKASHSTL,2014-05-13 00:00:00+05:30,11.8,11.92,11.55,11.9,112899
PRAKASHSTL,2014-05-14 00:00:00+05:30,11.88,12.0,11.64,11.77,139849
PRAKASHSTL,2014-05-15 00:00:00+05:30,11.82,12.01,11.6,11.91,108989
PRAKASHSTL,2014-05-16 00:00:00+05:30,11.9,13.0,11.9,12.18,179459
PRAKASHSTL,2014-05-19 00:00:00+05:30,12.2,12.4,11.91,12.33,138589
PRAKASHSTL,2014-05-20 00:00:00+05:30,12.1,12.5,11.9,12.4,110689
PRAKASHSTL,2014-05-21 00:00:00+05:30,12.42,12.49,12.12,12.23,122179
PRAKASHSTL,2014-05-22 00:00:00+05:30,12.3,12.99,12.1,12.81,153359
PRAKASHSTL,2014-05-23 00:00:00+05:30,12.85,12.94,12.37,12.72,152599
PRAKASHSTL,2014-05-26 00:00:00+05:30,13.39,13.5,12.25,12.71,351769
PRAKASHSTL,2014-05-27 00:00:00+05:30,12.7,12.7,12.26,12.4,125019
PRAKASHSTL,2014-05-28 00:00:00+05:30,12.75,12.77,12.26,12.57,124659
PRAKASHSTL,2014-05-29 00:00:00+05:30,12.55,12.8,12.28,12.4,131449
PRAKASHSTL,2014-05-30 00:00:00+05:30,12.43,13.5,12.4,12.94,165619
PRAKASHSTL,2014-06-02 00:00:00+05:30,12.7,13.19,12.32,12.49,141299
PRAKASHSTL,2014-06-03 00:00:00+05:30,12.4,12.71,12.31,12.43,131519
PRAKASHSTL,2014-06-04 00:00:00+05:30,12.5,12.79,12.31,12.48,119599
PRAKASHSTL,2014-06-05 00:00:00+05:30,12.5,12.55,11.8,12.23,274719
PRAKASHSTL,2014-06-06 00:00:00+05:30,12.7,13.7,12.7,12.97,462729
PRAKASHSTL,2014-06-09 00:00:00+05:30,13.0,13.0,12.4,12.73,166989
PRAKASHSTL,2014-06-10 00:00:00+05:30,12.68,12.76,12.56,12.59,128829
PRAKASHSTL,2014-06-11 00:00:00+05:30,12.7,13.1,12.41,12.57,177009
PRAKASHSTL,2014-06-12 00:00:00+05:30,12.68,12.68,12.21,12.37,114519
PRAKASHSTL,2014-06-13 00:00:00+05:30,12.4,12.54,12.1,12.23,127799
PRAKASHSTL,2014-06-16 00:00:00+05:30,12.06,12.3,12.04,12.15,192539
PRAKASHSTL,2014-06-17 00:00:00+05:30,12.2,12.68,12.05,12.49,141909
PRAKASHSTL,2014-06-18 00:00:00+05:30,12.22,12.66,12.12,12.59,180129
PRAKASHSTL,2014-06-19 00:00:00+05:30,12.8,13.89,12.51,12.58,269629
PRAKASHSTL,2014-06-20 00:00:00+05:30,12.6,12.63,12.32,12.38,119219
PRAKASHSTL,2014-06-23 00:00:00+05:30,12.01,12.41,12.01,12.25,232149
PRAKASHSTL,2014-06-24 00:00:00+05:30,12.28,12.39,12.02,12.25,122539
PRAKASHSTL,2014-06-25 00:00:00+05:30,12.05,12.3,12.05,12.24,108979
PRAKASHSTL,2014-06-26 00:00:00+05:30,12.23,12.27,12.08,12.11,117549
PRAKASHSTL,2014-06-27 00:00:00+05:30,11.86,12.19,11.82,11.87,132399
PRAKASHSTL,2014-06-30 00:00:00+05:30,11.91,11.96,11.82,11.88,113099
PRAKASHSTL,2014-07-01 00:00:00+05:30,11.96,12.3,11.95,12.21,175929
PRAKASHSTL,2014-07-02 00:00:00+05:30,12.34,12.57,12.2,12.51,151259
PRAKASHSTL,2014-07-03 00:00:00+05:30,12.35,12.37,12.21,12.21,107289
PRAKASHSTL,2014-07-04 00:00:00+05:30,12.24,12.44,12.04,12.38,125939
PRAKASHSTL,2014-07-07 00:00:00+05:30,12.43,12.6,12.21,12.51,149909
PRAKASHSTL,2014-07-08 00:00:00+05:30,12.39,12.53,12.21,12.3,148309
PRAKASHSTL,2014-07-09 00:00:00+05:30,12.34,12.46,12.15,12.18,110859
PRAKASHSTL,2014-07-10 00:00:00+05:30,12.21,12.51,12.04,12.4,179369
PRAKASHSTL,2014-07-11 00:00:00+05:30,12.45,12.48,12.02,12.18,121739
PRAKASHSTL,2014-07-14 00:00:00+05:30,12.2,12.22,12.04,12.05,117719
PRAKASHSTL,2014-07-15 00:00:00+05:30,12.27,12.36,12.05,12.07,112939
PRAKASHSTL,2014-07-16 00:00:00+05:30,12.29,12.49,12.07,12.1,133619
PRAKASHSTL,2014-07-17 00:00:00+05:30,12.16,12.21,12.06,12.18,106959
PRAKASHSTL,2014-07-18 00:00:00+05:30,12.2,12.4,12.09,12.32,128519
PRAKASHSTL,2014-07-21 00:00:00+05:30,12.38,12.43,12.13,12.21,111129
PRAKASHSTL,2014-07-22 00:00:00+05:30,12.31,12.37,12.2,12.26,118719
PRAKASHSTL,2014-07-23 00:00:00+05:30,12.36,12.46,12.21,12.25,107739
PRAKASHSTL,2014-07-24 00:00:00+05:30,12.36,12.45,12.15,12.25,124179
PRAKASHSTL,2014-07-25 00:00:00+05:30,12.37,12.38,12.0,12.12,306789
PRAKASHSTL,2014-07-28 00:00:00+05:30,12.12,12.2,11.91,11.94,98899
PRAKASHSTL,2014-07-30 00:00:00+05:30,12.11,12.11,11.84,11.92,125389
PRAKASHSTL,2014-07-31 00:00:00+05:30,11.94,11.98,11.9,11.9,107499
PRAKASHSTL,2014-08-01 00:00:00+05:30,12.02,12.2,11.8,11.81,115929
PRAKASHSTL,2014-08-04 00:00:00+05:30,11.9,12.1,11.9,11.97,133059
PRAKASHSTL,2014-08-05 00:00:00+05:30,12.02,12.02,11.81,11.85,171399
PRAKASHSTL,2014-08-06 00:00:00+05:30,11.82,11.9,11.8,11.85,106499
PRAKASHSTL,2014-08-07 00:00:00+05:30,11.93,11.97,11.8,11.84,110889
PRAKASHSTL,2014-08-08 00:00:00+05:30,11.8,11.8,11.6,11.68,112819
PRAKASHSTL,2014-08-11 00:00:00+05:30,11.8,11.87,11.42,11.44,144599
PRAKASHSTL,2014-08-12 00:00:00+05:30,11.62,11.65,11.18,11.29,170299
PRAKASHSTL,2014-08-13 00:00:00+05:30,11.46,11.49,11.2,11.24,109559
PRAKASHSTL,2014-08-14 00:00:00+05:30,11.29,11.35,11.15,11.15,108729
PRAKASHSTL,2014-08-18 00:00:00+05:30,11.13,11.4,11.12,11.28,105349
PRAKASHSTL,2014-08-19 00:00:00+05:30,11.23,11.57,11.22,11.43,112579
PRAKASHSTL,2014-08-20 00:00:00+05:30,11.52,11.57,11.15,11.54,105339
PRAKASHSTL,2014-08-21 00:00:00+05:30,11.66,11.68,11.31,11.43,118019
PRAKASHSTL,2014-08-22 00:00:00+05:30,11.46,11.46,11.18,11.22,119249
PRAKASHSTL,2014-08-25 00:00:00+05:30,11.26,11.4,11.11,11.36,238449
PRAKASHSTL,2014-08-26 00:00:00+05:30,11.51,11.79,11.31,11.61,115559
PRAKASHSTL,2014-08-27 00:00:00+05:30,11.32,11.62,11.32,11.54,101969
PRAKASHSTL,2014-08-28 00:00:00+05:30,11.62,11.65,11.27,11.32,139109
PRAKASHSTL,2014-09-01 00:00:00+05:30,11.79,11.79,11.22,11.57,123519
PRAKASHSTL,2014-09-02 00:00:00+05:30,11.55,11.55,11.3,11.36,114869
PRAKASHSTL,2014-09-03 00:00:00+05:30,11.46,11.7,11.31,11.59,112389
PRAKASHSTL,2014-09-04 00:00:00+05:30,11.65,11.68,11.3,11.48,111989
PRAKASHSTL,2014-09-05 00:00:00+05:30,11.54,11.57,11.31,11.32,110949
PRAKASHSTL,2014-09-08 00:00:00+05:30,11.32,11.85,11.32,11.69,110829
PRAKASHSTL,2014-09-09 00:00:00+05:30,11.65,11.66,11.2,11.34,118739
PRAKASHSTL,2014-09-10 00:00:00+05:30,11.35,11.75,11.35,11.52,113529
PRAKASHSTL,2014-09-11 00:00:00+05:30,11.31,11.48,11.23,11.34,127519
PRAKASHSTL,2014-09-12 00:00:00+05:30,11.45,11.51,11.3,11.39,109899
PRAKASHSTL,2014-09-15 00:00:00+05:30,11.45,11.5,11.26,11.27,103889
PRAKASHSTL,2014-09-16 00:00:00+05:30,11.36,11.5,11.2,11.35,105949
PRAKASHSTL,2014-09-17 00:00:00+05:30,11.35,11.4,11.2,11.28,105389
PRAKASHSTL,2014-09-18 00:00:00+05:30,11.2,11.49,11.2,11.26,113679
PRAKASHSTL,2014-09-19 00:00:00+05:30,11.39,11.39,11.21,11.25,105029
PRAKASHSTL,2014-09-22 00:00:00+05:30,11.35,11.35,11.15,11.17,112459
PRAKASHSTL,2014-09-23 00:00:00+05:30,11.26,11.61,11.11,11.51,125389
PRAKASHSTL,2014-09-24 00:00:00+05:30,12.29,12.29,11.45,11.56,122179
PRAKASHSTL,2014-09-25 00:00:00+05:30,11.66,12.1,11.24,11.48,173459
PRAKASHSTL,2014-09-26 00:00:00+05:30,11.79,11.79,11.3,11.37,105949
PRAKASHSTL,2014-09-29 00:00:00+05:30,11.85,11.85,11.26,11.57,108329
PRAKASHSTL,2014-09-30 00:00:00+05:30,11.62,11.69,11.38,11.53,112499
PRAKASHSTL,2014-10-01 00:00:00+05:30,11.82,11.82,11.21,11.36,104779
PRAKASHSTL,2014-10-07 00:00:00+05:30,11.77,11.77,11.12,11.32,147459
PRAKASHSTL,2014-10-08 00:00:00+05:30,11.3,11.3,11.07,11.18,123169
PRAKASHSTL,2014-10-09 00:00:00+05:30,11.39,11.55,11.2,11.37,121149
PRAKASHSTL,2014-10-10 00:00:00+05:30,11.12,11.5,11.11,11.45,109929
PRAKASHSTL,2014-10-13 00:00:00+05:30,11.99,11.99,11.25,11.7,109189
PRAKASHSTL,2014-10-14 00:00:00+05:30,11.57,11.95,11.31,11.59,109429
PRAKASHSTL,2014-10-16 00:00:00+05:30,11.5,11.6,11.28,11.28,109659
PRAKASHSTL,2014-10-17 00:00:00+05:30,11.9,11.9,11.3,11.38,106529
PRAKASHSTL,2014-10-20 00:00:00+05:30,11.4,11.45,11.12,11.28,106729
PRAKASHSTL,2014-10-21 00:00:00+05:30,11.3,12.0,11.3,11.78,116529
PRAKASHSTL,2014-10-22 00:00:00+05:30,12.79,12.79,11.5,11.89,201869
PRAKASHSTL,2014-10-23 00:00:00+05:30,11.9,12.0,11.71,11.75,51349
PRAKASHSTL,2014-10-27 00:00:00+05:30,11.8,11.96,11.72,11.88,104019
PRAKASHSTL,2014-10-28 00:00:00+05:30,11.8,11.95,11.53,11.69,122649
PRAKASHSTL,2014-10-29 00:00:00+05:30,11.72,11.8,11.61,11.61,103649
PRAKASHSTL,2014-10-30 00:00:00+05:30,11.7,11.8,11.65,11.71,103149
PRAKASHSTL,2014-10-31 00:00:00+05:30,11.8,11.82,11.55,11.74,105779
PRAKASHSTL,2014-11-03 00:00:00+05:30,11.65,11.76,11.65,11.7,104459
PRAKASHSTL,2014-11-05 00:00:00+05:30,11.8,11.84,11.3,11.79,108719
PRAKASHSTL,2014-11-07 00:00:00+05:30,11.85,12.0,11.54,11.86,128419
PRAKASHSTL,2014-11-10 00:00:00+05:30,11.96,12.27,11.65,12.09,108899
PRAKASHSTL,2014-11-11 00:00:00+05:30,12.05,12.1,11.61,11.95,107539
PRAKASHSTL,2014-11-12 00:00:00+05:30,12.3,14.29,12.3,13.64,644719
PRAKASHSTL,2014-11-13 00:00:00+05:30,13.75,13.82,13.25,13.63,178749
PRAKASHSTL,2014-11-14 00:00:00+05:30,13.57,16.35,13.25,15.02,668139
PRAKASHSTL,2014-11-17 00:00:00+05:30,15.5,16.5,15.11,15.39,247309
PRAKASHSTL,2014-11-18 00:00:00+05:30,15.41,16.9,15.3,16.02,292149
PRAKASHSTL,2014-11-19 00:00:00+05:30,16.0,17.63,15.61,15.74,717759
PRAKASHSTL,2014-11-20 00:00:00+05:30,15.79,16.3,15.34,15.45,296889
PRAKASHSTL,2014-11-21 00:00:00+05:30,15.45,15.8,15.3,15.48,185979
PRAKASHSTL,2014-11-24 00:00:00+05:30,15.33,16.44,15.24,15.35,799279
PRAKASHSTL,2014-11-25 00:00:00+05:30,15.19,15.47,14.6,14.64,144529
PRAKASHSTL,2014-11-26 00:00:00+05:30,14.5,14.89,13.9,14.16,166329
PRAKASHSTL,2014-11-27 00:00:00+05:30,14.59,14.59,13.1,13.14,225909
PRAKASHSTL,2014-11-28 00:00:00+05:30,13.3,14.13,12.81,13.34,187939
PRAKASHSTL,2014-12-01 00:00:00+05:30,12.8,14.89,12.4,13.3,115499
PRAKASHSTL,2014-12-02 00:00:00+05:30,13.3,13.43,13.01,13.12,113309
PRAKASHSTL,2014-12-03 00:00:00+05:30,13.0,13.5,12.99,13.35,112549
PRAKASHSTL,2014-12-04 00:00:00+05:30,14.45,14.89,13.0,14.32,237909
PRAKASHSTL,2014-12-05 00:00:00+05:30,14.15,14.27,13.21,13.31,181779
PRAKASHSTL,2014-12-08 00:00:00+05:30,13.0,13.7,12.4,12.56,198739
PRAKASHSTL,2014-12-09 00:00:00+05:30,12.65,12.85,11.89,11.99,143169
PRAKASHSTL,2014-12-10 00:00:00+05:30,12.0,12.42,12.0,12.16,157039
PRAKASHSTL,2014-12-11 00:00:00+05:30,12.2,12.32,12.0,12.24,120009
PRAKASHSTL,2014-12-12 00:00:00+05:30,12.23,12.29,11.56,11.75,163299
PRAKASHSTL,2014-12-15 00:00:00+05:30,11.8,12.18,11.7,11.87,136329
PRAKASHSTL,2014-12-16 00:00:00+05:30,11.8,11.8,11.12,11.53,112609
PRAKASHSTL,2014-12-17 00:00:00+05:30,11.55,11.72,11.0,11.59,108659
PRAKASHSTL,2014-12-18 00:00:00+05:30,11.7,12.89,11.6,12.61,150029
PRAKASHSTL,2014-12-19 00:00:00+05:30,12.65,12.65,11.71,11.9,199369
PRAKASHSTL,2014-12-22 00:00:00+05:30,11.85,12.1,11.85,12.0,104309
PRAKASHSTL,2014-12-23 00:00:00+05:30,12.98,12.98,11.73,12.01,117109
PRAKASHSTL,2014-12-24 00:00:00+05:30,12.0,12.17,12.0,12.1,102899
PRAKASHSTL,2014-12-26 00:00:00+05:30,12.14,12.27,11.72,11.74,110739
PRAKASHSTL,2014-12-29 00:00:00+05:30,11.8,11.99,11.76,11.9,111379
PRAKASHSTL,2014-12-30 00:00:00+05:30,12.5,12.99,12.5,12.64,194459
PRAKASHSTL,2014-12-31 00:00:00+05:30,12.88,12.9,12.61,12.73,117309
PRAKASHSTL,2015-01-01 00:00:00+05:30,12.9,12.9,12.55,12.77,121950
PRAKASHSTL,2015-01-02 00:00:00+05:30,12.88,13.0,12.12,12.45,128110
PRAKASHSTL,2015-01-05 00:00:00+05:30,12.3,12.35,12.04,12.07,161080
PRAKASHSTL,2015-01-06 00:00:00+05:30,12.57,12.57,11.43,11.61,164790
PRAKASHSTL,2015-01-07 00:00:00+05:30,12.3,12.3,11.7,11.83,148500
PRAKASHSTL,2015-01-08 00:00:00+05:30,11.71,12.2,11.7,12.08,136050
PRAKASHSTL,2015-01-09 00:00:00+05:30,11.91,12.14,11.73,11.85,115180
PRAKASHSTL,2015-01-12 00:00:00+05:30,12.39,12.39,11.55,11.74,107950
PRAKASHSTL,2015-01-13 00:00:00+05:30,11.9,12.06,11.7,11.91,124490
PRAKASHSTL,2015-01-14 00:00:00+05:30,11.8,12.4,11.22,11.7,139570
PRAKASHSTL,2015-01-15 00:00:00+05:30,11.55,12.0,11.55,11.83,98140
PRAKASHSTL,2015-01-16 00:00:00+05:30,11.9,12.49,11.64,11.76,137580
PRAKASHSTL,2015-01-19 00:00:00+05:30,11.8,12.17,11.54,11.74,123870
PRAKASHSTL,2015-01-20 00:00:00+05:30,11.8,12.17,11.61,12.09,114290
PRAKASHSTL,2015-01-21 00:00:00+05:30,12.0,12.15,11.73,11.81,111560
PRAKASHSTL,2015-01-22 00:00:00+05:30,11.9,12.2,11.8,12.17,558820
PRAKASHSTL,2015-01-23 00:00:00+05:30,12.4,12.5,11.84,11.91,757750
PRAKASHSTL,2015-01-27 00:00:00+05:30,12.03,12.05,11.8,11.98,104740
PRAKASHSTL,2015-01-28 00:00:00+05:30,11.8,12.08,11.6,11.95,727320
PRAKASHSTL,2015-01-29 00:00:00+05:30,11.31,12.07,11.31,12.05,137120
PRAKASHSTL,2015-01-30 00:00:00+05:30,12.0,12.0,11.7,11.87,103540
PRAKASHSTL,2015-02-02 00:00:00+05:30,11.9,12.0,11.7,11.89,109010
PRAKASHSTL,2015-02-03 00:00:00+05:30,11.85,12.0,11.75,11.9,110070
PRAKASHSTL,2015-02-04 00:00:00+05:30,11.9,12.6,11.9,12.51,184570
PRAKASHSTL,2015-02-05 00:00:00+05:30,12.55,13.54,12.13,13.04,464590
PRAKASHSTL,2015-02-06 00:00:00+05:30,13.08,13.7,12.99,13.28,456630
PRAKASHSTL,2015-02-09 00:00:00+05:30,13.0,14.09,13.0,13.75,400480
PRAKASHSTL,2015-02-10 00:00:00+05:30,13.51,14.9,13.5,14.39,767570
PRAKASHSTL,2015-02-11 00:00:00+05:30,14.05,14.49,13.43,13.64,838080
PRAKASHSTL,2015-02-12 00:00:00+05:30,13.6,14.9,13.56,14.23,962150
PRAKASHSTL,2015-02-13 00:00:00+05:30,14.5,16.3,14.5,15.87,1953900
PRAKASHSTL,2015-02-16 00:00:00+05:30,16.07,16.79,15.3,15.82,2249580
PRAKASHSTL,2015-02-18 00:00:00+05:30,15.82,17.19,15.7,16.57,1344250
PRAKASHSTL,2015-02-19 00:00:00+05:30,16.71,17.0,15.9,16.06,497840
PRAKASHSTL,2015-02-20 00:00:00+05:30,16.04,16.07,15.4,15.48,358160
PRAKASHSTL,2015-02-23 00:00:00+05:30,15.05,15.8,14.71,15.11,356670
PRAKASHSTL,2015-02-24 00:00:00+05:30,14.9,15.38,14.0,14.27,305000
PRAKASHSTL,2015-02-25 00:00:00+05:30,14.02,14.35,13.87,13.91,300710
PRAKASHSTL,2015-02-26 00:00:00+05:30,13.6,13.85,12.4,13.64,346560
PRAKASHSTL,2015-02-27 00:00:00+05:30,15.0,15.2,13.26,14.04,275630
PRAKASHSTL,2015-03-02 00:00:00+05:30,14.95,14.95,13.07,14.39,292490
PRAKASHSTL,2015-03-03 00:00:00+05:30,14.1,14.39,13.82,14.04,350180
PRAKASHSTL,2015-03-04 00:00:00+05:30,14.0,14.84,13.8,14.11,35850
PRAKASHSTL,2015-03-05 00:00:00+05:30,13.7,14.49,13.5,13.77,194640
PRAKASHSTL,2015-03-09 00:00:00+05:30,13.5,13.5,13.21,13.32,127100
PRAKASHSTL,2015-03-10 00:00:00+05:30,13.79,13.79,13.0,13.04,177480
PRAKASHSTL,2015-03-11 00:00:00+05:30,13.99,13.99,12.84,12.89,163790
PRAKASHSTL,2015-03-12 00:00:00+05:30,12.6,13.3,12.37,12.8,163460
PRAKASHSTL,2015-03-13 00:00:00+05:30,13.85,13.85,12.55,12.83,274810
PRAKASHSTL,2015-03-16 00:00:00+05:30,12.9,13.32,12.2,12.5,393210
PRAKASHSTL,2015-03-17 00:00:00+05:30,12.5,14.39,12.3,13.69,290090
PRAKASHSTL,2015-03-18 00:00:00+05:30,14.3,14.3,13.2,13.21,171150
PRAKASHSTL,2015-03-19 00:00:00+05:30,13.99,13.99,12.7,12.83,162830
PRAKASHSTL,2015-03-20 00:00:00+05:30,12.8,13.0,12.65,12.71,156420
PRAKASHSTL,2015-03-23 00:00:00+05:30,14.27,14.27,12.73,12.82,164690
PRAKASHSTL,2015-03-24 00:00:00+05:30,12.5,13.5,12.5,13.07,179200
PRAKASHSTL,2015-03-25 00:00:00+05:30,13.0,13.1,12.61,12.89,156110
PRAKASHSTL,2015-03-26 00:00:00+05:30,12.7,13.2,11.66,12.22,1584040
PRAKASHSTL,2015-03-27 00:00:00+05:30,12.25,13.5,11.77,13.02,450280
PRAKASHSTL,2015-03-30 00:00:00+05:30,12.1,13.09,12.1,12.97,163300
PRAKASHSTL,2015-03-31 00:00:00+05:30,12.89,13.28,12.71,12.8,157480
PRAKASHSTL,2015-04-01 00:00:00+05:30,12.85,13.99,12.8,13.2,154690
PRAKASHSTL,2015-04-06 00:00:00+05:30,13.0,13.4,12.61,13.02,163080
PRAKASHSTL,2015-04-07 00:00:00+05:30,13.01,13.2,12.72,12.79,154570
PRAKASHSTL,2015-04-08 00:00:00+05:30,12.84,13.0,12.52,12.69,157720
PRAKASHSTL,2015-04-09 00:00:00+05:30,12.7,13.11,12.56,12.82,168030
PRAKASHSTL,2015-04-10 00:00:00+05:30,12.89,13.08,12.71,12.82,150210
PRAKASHSTL,2015-04-13 00:00:00+05:30,12.9,13.0,12.65,12.67,155080
PRAKASHSTL,2015-04-15 00:00:00+05:30,12.75,12.92,12.6,12.79,157420
PRAKASHSTL,2015-04-16 00:00:00+05:30,12.8,13.0,12.75,12.8,138990
PRAKASHSTL,2015-04-17 00:00:00+05:30,12.8,12.98,12.4,12.98,151940
PRAKASHSTL,2015-04-20 00:00:00+05:30,12.9,12.9,12.1,12.34,172400
PRAKASHSTL,2015-04-21 00:00:00+05:30,12.4,12.8,12.1,12.5,186910
PRAKASHSTL,2015-04-22 00:00:00+05:30,12.55,12.9,12.48,12.56,165950
PRAKASHSTL,2015-04-23 00:00:00+05:30,12.5,12.7,12.45,12.51,167010
PRAKASHSTL,2015-04-24 00:00:00+05:30,12.55,12.72,12.55,12.58,164750
PRAKASHSTL,2015-04-27 00:00:00+05:30,12.81,12.81,12.2,12.3,150830
PRAKASHSTL,2015-04-28 00:00:00+05:30,12.4,12.89,12.31,12.6,153620
PRAKASHSTL,2015-04-29 00:00:00+05:30,12.65,12.98,12.62,12.78,181800
PRAKASHSTL,2015-04-30 00:00:00+05:30,12.9,12.97,12.43,12.84,153760
PRAKASHSTL,2015-05-04 00:00:00+05:30,12.9,12.9,12.3,12.69,160560
PRAKASHSTL,2015-05-05 00:00:00+05:30,12.7,13.02,12.43,12.7,151330
PRAKASHSTL,2015-05-06 00:00:00+05:30,12.7,12.8,12.11,12.75,166710
PRAKASHSTL,2015-05-07 00:00:00+05:30,12.8,12.96,12.2,12.51,157620
PRAKASHSTL,2015-05-08 00:00:00+05:30,12.55,13.0,12.5,12.92,160650
PRAKASHSTL,2015-05-11 00:00:00+05:30,13.0,13.3,12.54,12.78,154740
PRAKASHSTL,2015-05-12 00:00:00+05:30,12.8,12.99,12.5,12.8,209680
PRAKASHSTL,2015-05-13 00:00:00+05:30,12.75,13.24,12.7,13.06,207250
PRAKASHSTL,2015-05-14 00:00:00+05:30,12.9,13.89,12.8,13.15,909600
PRAKASHSTL,2015-05-15 00:00:00+05:30,13.99,13.99,12.63,13.0,908470
PRAKASHSTL,2015-05-18 00:00:00+05:30,13.14,13.15,12.66,12.78,296920
PRAKASHSTL,2015-05-19 00:00:00+05:30,12.91,13.05,12.5,12.52,240080
PRAKASHSTL,2015-05-20 00:00:00+05:30,12.52,12.98,12.51,12.81,162760
PRAKASHSTL,2015-05-21 00:00:00+05:30,12.5,13.0,12.35,12.75,154110
PRAKASHSTL,2015-05-22 00:00:00+05:30,12.8,13.09,12.61,12.86,224930
PRAKASHSTL,2015-05-25 00:00:00+05:30,12.95,13.15,12.73,12.9,204250
PRAKASHSTL,2015-05-26 00:00:00+05:30,12.85,13.04,12.65,12.74,295320
PRAKASHSTL,2015-05-27 00:00:00+05:30,12.75,12.99,12.55,12.89,368520
PRAKASHSTL,2015-05-28 00:00:00+05:30,12.9,12.99,12.61,12.66,180270
PRAKASHSTL,2015-05-29 00:00:00+05:30,12.7,12.99,12.6,12.77,154810
PRAKASHSTL,2015-06-01 00:00:00+05:30,12.7,12.75,12.5,12.6,157270
PRAKASHSTL,2015-06-02 00:00:00+05:30,12.6,12.65,12.3,12.36,160260
PRAKASHSTL,2015-06-03 00:00:00+05:30,12.4,12.45,11.62,11.68,217220
PRAKASHSTL,2015-06-04 00:00:00+05:30,11.7,12.35,11.7,12.29,196260
PRAKASHSTL,2015-06-05 00:00:00+05:30,12.3,12.41,12.1,12.25,145620
PRAKASHSTL,2015-06-08 00:00:00+05:30,12.3,12.4,12.02,12.13,353110
PRAKASHSTL,2015-06-09 00:00:00+05:30,12.13,12.2,11.53,11.54,193490
PRAKASHSTL,2015-06-10 00:00:00+05:30,11.6,11.88,11.0,11.35,199420
PRAKASHSTL,2015-06-11 00:00:00+05:30,11.4,12.5,11.1,11.4,159550
PRAKASHSTL,2015-06-12 00:00:00+05:30,11.5,11.96,11.1,11.5,337080
PRAKASHSTL,2015-06-15 00:00:00+05:30,11.5,11.57,11.2,11.43,174140
PRAKASHSTL,2015-06-16 00:00:00+05:30,11.5,11.85,11.04,11.42,155270
PRAKASHSTL,2015-06-17 00:00:00+05:30,11.45,11.8,11.22,11.59,294860
PRAKASHSTL,2015-06-18 00:00:00+05:30,11.6,11.6,11.03,11.48,163420
PRAKASHSTL,2015-06-19 00:00:00+05:30,11.5,12.0,11.2,11.53,259930
PRAKASHSTL,2015-06-22 00:00:00+05:30,11.2,11.9,11.13,11.47,157890
PRAKASHSTL,2015-06-23 00:00:00+05:30,11.5,11.79,11.3,11.38,175250
PRAKASHSTL,2015-06-24 00:00:00+05:30,11.4,11.88,11.22,11.59,333180
PRAKASHSTL,2015-06-25 00:00:00+05:30,11.45,11.89,11.2,11.39,156960
PRAKASHSTL,2015-06-26 00:00:00+05:30,11.3,11.4,11.2,11.33,162250
PRAKASHSTL,2015-06-29 00:00:00+05:30,11.3,11.79,11.05,11.64,153940
PRAKASHSTL,2015-06-30 00:00:00+05:30,11.5,11.59,11.14,11.21,160490
PRAKASHSTL,2015-07-01 00:00:00+05:30,11.2,11.78,11.1,11.47,272300
PRAKASHSTL,2015-07-02 00:00:00+05:30,11.4,11.47,11.11,11.21,432520
PRAKASHSTL,2015-07-03 00:00:00+05:30,11.3,11.4,11.2,11.2,150440
PRAKASHSTL,2015-07-06 00:00:00+05:30,11.0,11.88,11.0,11.21,183570
PRAKASHSTL,2015-07-07 00:00:00+05:30,11.25,11.38,11.03,11.04,292250
PRAKASHSTL,2015-07-08 00:00:00+05:30,11.1,11.18,10.81,10.9,215270
PRAKASHSTL,2015-07-09 00:00:00+05:30,11.0,11.1,11.0,11.0,166610
PRAKASHSTL,2015-07-10 00:00:00+05:30,11.05,11.1,10.7,10.85,259360
PRAKASHSTL,2015-07-13 00:00:00+05:30,11.0,11.0,10.72,10.8,171490
PRAKASHSTL,2015-07-14 00:00:00+05:30,10.85,11.5,10.81,10.96,1009270
PRAKASHSTL,2015-07-15 00:00:00+05:30,11.0,11.24,11.0,11.0,389020
PRAKASHSTL,2015-07-16 00:00:00+05:30,11.05,11.54,10.81,11.26,840340
PRAKASHSTL,2015-07-17 00:00:00+05:30,11.35,13.39,11.35,12.63,312810
PRAKASHSTL,2015-07-20 00:00:00+05:30,12.7,12.99,11.84,12.6,181370
PRAKASHSTL,2015-07-21 00:00:00+05:30,12.65,12.7,11.7,11.86,185290
PRAKASHSTL,2015-07-22 00:00:00+05:30,11.51,12.01,11.51,11.84,198200
PRAKASHSTL,2015-07-23 00:00:00+05:30,12.2,14.2,11.82,12.57,301050
PRAKASHSTL,2015-07-24 00:00:00+05:30,12.5,12.56,11.82,11.96,182530
PRAKASHSTL,2015-07-27 00:00:00+05:30,11.9,12.2,11.65,11.78,207260
PRAKASHSTL,2015-07-28 00:00:00+05:30,12.49,13.69,12.1,12.81,400150
PRAKASHSTL,2015-07-29 00:00:00+05:30,12.8,12.88,12.33,12.57,162290
PRAKASHSTL,2015-07-30 00:00:00+05:30,12.65,12.7,12.24,12.25,177220
PRAKASHSTL,2015-07-31 00:00:00+05:30,12.3,13.39,12.29,12.6,187780
PRAKASHSTL,2015-08-03 00:00:00+05:30,12.5,12.9,12.23,12.74,213720
PRAKASHSTL,2015-08-04 00:00:00+05:30,14.09,14.09,12.61,12.88,241100
PRAKASHSTL,2015-08-05 00:00:00+05:30,12.9,13.0,12.46,12.98,229800
PRAKASHSTL,2015-08-06 00:00:00+05:30,12.85,13.1,12.8,12.84,197060
PRAKASHSTL,2015-08-07 00:00:00+05:30,12.8,13.2,12.72,12.97,162020
PRAKASHSTL,2015-08-10 00:00:00+05:30,12.8,12.93,12.5,12.61,193950
PRAKASHSTL,2015-08-11 00:00:00+05:30,12.65,12.94,12.23,12.53,392070
PRAKASHSTL,2015-08-12 00:00:00+05:30,12.4,12.5,12.0,12.12,190000
PRAKASHSTL,2015-08-13 00:00:00+05:30,11.66,12.44,11.6,11.8,284080
PRAKASHSTL,2015-08-14 00:00:00+05:30,11.8,12.53,11.5,12.09,169760
PRAKASHSTL,2015-08-17 00:00:00+05:30,12.05,12.25,11.5,11.71,161100
PRAKASHSTL,2015-08-18 00:00:00+05:30,11.75,12.07,11.74,11.9,244130
PRAKASHSTL,2015-08-19 00:00:00+05:30,11.4,11.94,11.4,11.9,162630
PRAKASHSTL,2015-08-20 00:00:00+05:30,11.8,11.9,11.3,11.45,162350
PRAKASHSTL,2015-08-21 00:00:00+05:30,10.81,11.4,10.8,11.19,157190
PRAKASHSTL,2015-08-24 00:00:00+05:30,10.81,11.2,10.3,10.68,185950
PRAKASHSTL,2015-08-25 00:00:00+05:30,10.51,11.2,10.35,10.99,163550
PRAKASHSTL,2015-08-26 00:00:00+05:30,11.0,11.45,10.5,10.66,168240
PRAKASHSTL,2015-08-27 00:00:00+05:30,10.65,11.18,10.57,11.07,252760
PRAKASHSTL,2015-08-28 00:00:00+05:30,11.0,11.15,10.67,10.9,157110
PRAKASHSTL,2015-08-31 00:00:00+05:30,11.09,11.25,10.58,11.17,303770
PRAKASHSTL,2015-09-01 00:00:00+05:30,11.17,11.17,10.73,10.81,193070
PRAKASHSTL,2015-09-02 00:00:00+05:30,10.85,11.12,10.73,10.73,167760
PRAKASHSTL,2015-09-03 00:00:00+05:30,10.7,10.99,10.5,10.64,159040
PRAKASHSTL,2015-09-04 00:00:00+05:30,10.7,11.08,10.5,10.85,179880
PRAKASHSTL,2015-09-07 00:00:00+05:30,10.8,11.08,10.6,10.61,171190
PRAKASHSTL,2015-09-08 00:00:00+05:30,10.75,11.0,10.5,10.8,155620
PRAKASHSTL,2015-09-09 00:00:00+05:30,10.85,10.9,10.8,10.82,152080
PRAKASHSTL,2015-09-10 00:00:00+05:30,10.75,10.85,10.5,10.61,161950
PRAKASHSTL,2015-09-11 00:00:00+05:30,10.53,10.9,10.53,10.72,1188300
PRAKASHSTL,2015-09-14 00:00:00+05:30,10.75,11.1,10.61,11.1,150810
PRAKASHSTL,2015-09-15 00:00:00+05:30,11.1,11.1,10.63,10.9,154070
PRAKASHSTL,2015-09-16 00:00:00+05:30,10.8,11.0,10.63,10.78,183490
PRAKASHSTL,2015-09-18 00:00:00+05:30,10.85,11.14,10.76,10.76,161560
PRAKASHSTL,2015-09-21 00:00:00+05:30,10.6,12.84,10.6,12.68,990020
PRAKASHSTL,2015-09-22 00:00:00+05:30,13.1,14.0,11.41,11.65,490330
PRAKASHSTL,2015-09-23 00:00:00+05:30,10.96,13.4,10.96,11.28,506950
PRAKASHSTL,2015-09-24 00:00:00+05:30,11.49,11.49,10.95,11.07,129710
PRAKASHSTL,2015-09-28 00:00:00+05:30,11.1,11.9,10.72,10.96,135520
PRAKASHSTL,2015-09-29 00:00:00+05:30,10.78,10.96,10.64,10.83,58590
PRAKASHSTL,2015-09-30 00:00:00+05:30,10.83,10.9,10.74,10.88,110690
PRAKASHSTL,2015-10-01 00:00:00+05:30,10.88,10.88,10.66,10.73,125250
PRAKASHSTL,2015-10-05 00:00:00+05:30,11.68,11.68,10.51,10.61,443490
PRAKASHSTL,2015-10-06 00:00:00+05:30,10.7,10.89,10.34,10.59,2940620
PRAKASHSTL,2015-10-07 00:00:00+05:30,10.45,11.4,10.31,10.46,356010
PRAKASHSTL,2015-10-08 00:00:00+05:30,10.5,10.87,10.11,10.17,632290
PRAKASHSTL,2015-10-09 00:00:00+05:30,10.3,10.3,9.57,10.07,42270
PRAKASHSTL,2015-10-12 00:00:00+05:30,9.71,10.3,9.71,10.0,157550
PRAKASHSTL,2015-10-13 00:00:00+05:30,9.9,10.01,9.9,9.94,6940
PRAKASHSTL,2015-10-14 00:00:00+05:30,9.8,10.29,9.8,10.13,64640
PRAKASHSTL,2015-10-15 00:00:00+05:30,10.1,10.2,9.95,9.97,44060
PRAKASHSTL,2015-10-16 00:00:00+05:30,10.0,10.2,9.71,9.82,35280
PRAKASHSTL,2015-10-19 00:00:00+05:30,9.61,10.3,9.61,10.1,214950
PRAKASHSTL,2015-10-20 00:00:00+05:30,10.59,10.59,9.95,10.01,329230
PRAKASHSTL,2015-10-21 00:00:00+05:30,10.01,10.15,9.9,10.0,171480
PRAKASHSTL,2015-10-23 00:00:00+05:30,10.02,11.0,10.0,10.43,346420
PRAKASHSTL,2015-10-26 00:00:00+05:30,10.55,10.8,10.41,10.5,600440
PRAKASHSTL,2015-10-27 00:00:00+05:30,10.45,10.45,10.0,10.3,185130
PRAKASHSTL,2015-10-28 00:00:00+05:30,10.2,10.31,10.11,10.13,169180
PRAKASHSTL,2015-10-29 00:00:00+05:30,10.2,10.25,10.0,10.18,162450
PRAKASHSTL,2015-10-30 00:00:00+05:30,10.2,10.37,9.92,10.21,167470
PRAKASHSTL,2015-11-02 00:00:00+05:30,10.05,10.2,9.9,9.92,152490
PRAKASHSTL,2015-11-03 00:00:00+05:30,9.95,10.2,9.95,10.1,201070
PRAKASHSTL,2015-11-04 00:00:00+05:30,10.1,10.3,10.0,10.05,157820
PRAKASHSTL,2015-11-05 00:00:00+05:30,10.1,10.13,9.8,9.9,170590
PRAKASHSTL,2015-11-06 00:00:00+05:30,10.0,10.0,9.8,9.86,152850
PRAKASHSTL,2015-11-09 00:00:00+05:30,9.95,10.1,9.8,9.96,161200
PRAKASHSTL,2015-11-10 00:00:00+05:30,9.85,10.21,9.8,10.01,223000
PRAKASHSTL,2015-11-11 00:00:00+05:30,10.1,10.2,9.85,10.15,83900
PRAKASHSTL,2015-11-13 00:00:00+05:30,10.16,10.2,9.81,9.89,162090
PRAKASHSTL,2015-11-16 00:00:00+05:30,9.9,10.24,9.81,9.94,162490
PRAKASHSTL,2015-11-17 00:00:00+05:30,10.2,10.2,9.85,9.9,160680
PRAKASHSTL,2015-11-18 00:00:00+05:30,9.9,10.0,9.2,9.7,209920
PRAKASHSTL,2015-11-19 00:00:00+05:30,9.9,10.15,9.7,9.85,159370
PRAKASHSTL,2015-11-20 00:00:00+05:30,9.85,10.2,9.78,9.96,176510
PRAKASHSTL,2015-11-23 00:00:00+05:30,9.95,10.15,9.8,9.81,151960
PRAKASHSTL,2015-11-24 00:00:00+05:30,9.85,10.08,9.72,9.75,165630
PRAKASHSTL,2015-11-26 00:00:00+05:30,9.76,9.86,9.71,9.78,168940
PRAKASHSTL,2015-11-27 00:00:00+05:30,9.8,9.95,9.8,9.86,153150
PRAKASHSTL,2015-11-30 00:00:00+05:30,9.85,10.0,9.5,9.68,216620
PRAKASHSTL,2015-12-01 00:00:00+05:30,9.75,10.2,9.71,9.74,197920
PRAKASHSTL,2015-12-02 00:00:00+05:30,9.81,10.08,9.7,9.97,179730
PRAKASHSTL,2015-12-03 00:00:00+05:30,10.4,10.4,9.75,9.88,80500
PRAKASHSTL,2015-12-04 00:00:00+05:30,9.74,10.5,9.74,10.04,62740
PRAKASHSTL,2015-12-07 00:00:00+05:30,9.71,10.5,9.71,10.4,75480
PRAKASHSTL,2015-12-08 00:00:00+05:30,10.38,10.6,10.01,10.48,80500
PRAKASHSTL,2015-12-09 00:00:00+05:30,10.6,10.6,10.1,10.2,79440
PRAKASHSTL,2015-12-10 00:00:00+05:30,10.1,10.7,10.1,10.61,179740
PRAKASHSTL,2015-12-11 00:00:00+05:30,10.4,10.78,10.4,10.62,238500
PRAKASHSTL,2015-12-14 00:00:00+05:30,10.5,10.98,10.31,10.81,9080
PRAKASHSTL,2015-12-15 00:00:00+05:30,10.8,11.8,10.75,11.1,354190
PRAKASHSTL,2015-12-16 00:00:00+05:30,11.2,12.2,11.1,12.06,353670
PRAKASHSTL,2015-12-17 00:00:00+05:30,12.06,12.6,11.7,12.45,59730
PRAKASHSTL,2015-12-18 00:00:00+05:30,12.0,12.7,11.66,12.6,29890
PRAKASHSTL,2015-12-21 00:00:00+05:30,12.7,14.0,12.7,13.87,111050
PRAKASHSTL,2015-12-22 00:00:00+05:30,14.49,14.56,13.1,13.37,70670
PRAKASHSTL,2015-12-23 00:00:00+05:30,12.75,13.5,12.75,13.17,1083890
PRAKASHSTL,2015-12-24 00:00:00+05:30,13.5,13.5,12.81,12.97,28410
PRAKASHSTL,2015-12-28 00:00:00+05:30,12.85,13.24,12.19,12.96,10370
PRAKASHSTL,2015-12-29 00:00:00+05:30,12.83,15.01,12.83,14.54,582260
PRAKASHSTL,2015-12-30 00:00:00+05:30,14.3,14.65,13.6,14.24,3762940
PRAKASHSTL,2015-12-31 00:00:00+05:30,14.24,15.9,14.24,14.93,2197980
PRAKASHSTL,2015-12-31 09:15:00+05:30,14.24,15.9,14.24,14.93,2197980
PRAKASHSTL,2016-01-01 09:15:00+05:30,15.1,15.49,14.7,14.88,61250
PRAKASHSTL,2016-01-04 09:21:00+05:30,14.75,14.98,13.85,14.17,48600
PRAKASHSTL,2016-01-05 09:17:00+05:30,14.17,15.5,13.51,15.23,368580
PRAKASHSTL,2016-01-06 09:21:00+05:30,14.8,15.07,14.7,14.91,26760
PRAKASHSTL,2016-01-07 09:23:00+05:30,14.4,14.88,13.87,13.99,29590
PRAKASHSTL,2016-01-08 09:17:00+05:30,14.83,15.19,13.61,15.01,115510
PRAKASHSTL,2016-01-11 09:46:00+05:30,14.5,15.0,14.1,14.88,10900
PRAKASHSTL,2016-01-12 09:15:00+05:30,14.7,14.96,14.46,14.62,15960
PRAKASHSTL,2016-01-13 09:32:00+05:30,14.21,14.99,13.9,14.04,19360
PRAKASHSTL,2016-01-14 10:19:00+05:30,14.0,14.0,13.71,13.72,153070
PRAKASHSTL,2016-01-15 10:42:00+05:30,14.0,14.0,13.31,13.39,103010
PRAKASHSTL,2016-01-18 09:23:00+05:30,13.3,13.3,12.6,12.9,7490
PRAKASHSTL,2016-01-19 09:32:00+05:30,12.7,13.55,12.31,12.54,128490
PRAKASHSTL,2016-01-20 09:32:00+05:30,12.13,12.25,11.8,12.08,147350
PRAKASHSTL,2016-01-21 10:40:00+05:30,12.18,12.35,11.83,12.01,107630
PRAKASHSTL,2016-01-22 10:24:00+05:30,12.3,12.6,12.3,12.6,1610
PRAKASHSTL,2016-01-25 09:39:00+05:30,12.1,13.3,12.0,12.83,10920
PRAKASHSTL,2016-01-27 11:30:00+05:30,12.8,13.1,12.23,12.69,104210
PRAKASHSTL,2016-01-28 09:26:00+05:30,12.19,12.99,12.19,12.4,112400
PRAKASHSTL,2016-01-29 09:47:00+05:30,12.95,12.95,12.22,12.38,125720
PRAKASHSTL,2016-02-01 11:30:00+05:30,12.5,12.8,12.3,12.64,123700
PRAKASHSTL,2016-02-02 09:57:00+05:30,12.9,14.7,12.71,12.97,2714120
PRAKASHSTL,2016-02-03 09:37:00+05:30,12.9,12.9,11.88,12.31,122300
PRAKASHSTL,2016-02-04 09:48:00+05:30,12.1,12.44,12.01,12.12,30080
PRAKASHSTL,2016-02-05 09:24:00+05:30,11.84,12.44,11.84,12.07,111600
PRAKASHSTL,2016-02-08 09:16:00+05:30,11.7,12.5,11.7,11.81,105250
PRAKASHSTL,2016-02-09 09:51:00+05:30,11.53,12.0,11.53,11.92,500
PRAKASHSTL,2016-02-10 09:29:00+05:30,11.5,12.0,11.0,11.01,131040
PRAKASHSTL,2016-02-11 11:02:00+05:30,11.05,11.35,9.45,10.18,117860
PRAKASHSTL,2016-02-12 09:17:00+05:30,10.2,10.5,10.0,10.25,13900
PRAKASHSTL,2016-02-15 09:18:00+05:30,10.25,11.36,10.25,11.11,112790
PRAKASHSTL,2016-02-16 09:21:00+05:30,11.1,11.58,9.7,9.94,173550
PRAKASHSTL,2016-02-17 09:16:00+05:30,10.49,10.49,9.51,10.14,5110
PRAKASHSTL,2016-02-18 09:17:00+05:30,10.5,10.5,9.8,9.93,126890
PRAKASHSTL,2016-02-19 09:26:00+05:30,10.1,10.1,9.53,9.85,133590
PRAKASHSTL,2016-02-22 09:34:00+05:30,10.19,10.19,9.6,9.99,123240
PRAKASHSTL,2016-02-23 09:34:00+05:30,9.99,10.29,9.71,9.73,118870
PRAKASHSTL,2016-02-24 09:21:00+05:30,9.73,9.87,9.6,9.87,110790
PRAKASHSTL,2016-02-25 10:21:00+05:30,9.67,9.99,9.65,9.77,5980
PRAKASHSTL,2016-02-26 09:33:00+05:30,9.77,9.99,9.25,9.5,19820
PRAKASHSTL,2016-02-29 09:23:00+05:30,9.25,9.25,8.7,8.84,39610
PRAKASHSTL,2016-03-01 09:20:00+05:30,8.85,8.85,7.07,8.17,1122430
PRAKASHSTL,2016-03-02 09:15:00+05:30,8.04,8.04,7.38,7.78,547950
PRAKASHSTL,2016-03-03 09:15:00+05:30,9.0,9.35,8.2,9.35,154165
PRAKASHSTL,2016-03-04 09:15:00+05:30,10.2,11.0,10.2,10.9,365406
PRAKASHSTL,2016-03-08 09:15:00+05:30,10.5,11.35,9.65,10.1,152968
PRAKASHSTL,2016-03-09 09:15:00+05:30,9.95,10.15,9.15,9.6,76634
PRAKASHSTL,2016-03-10 09:30:00+05:30,9.3,9.9,9.3,9.7,27574
PRAKASHSTL,2016-03-11 09:20:00+05:30,9.3,9.7,9.2,9.45,51554
PRAKASHSTL,2016-03-14 09:17:00+05:30,9.45,9.55,9.05,9.2,30088
PRAKASHSTL,2016-03-15 09:15:00+05:30,8.8,9.2,8.8,8.8,28489
PRAKASHSTL,2016-03-16 09:22:00+05:30,8.7,8.85,8.3,8.5,37780
PRAKASHSTL,2016-03-17 09:22:00+05:30,8.85,8.85,8.2,8.2,22046
PRAKASHSTL,2016-03-18 09:15:00+05:30,8.2,8.4,7.6,7.9,37668
PRAKASHSTL,2016-03-21 09:15:00+05:30,8.0,8.6,7.6,7.85,29387
PRAKASHSTL,2016-03-22 09:28:00+05:30,7.85,8.15,7.7,7.75,9768
PRAKASHSTL,2016-03-23 09:34:00+05:30,7.9,8.05,7.75,7.9,12910
PRAKASHSTL,2016-03-28 09:20:00+05:30,7.75,8.1,7.75,7.85,15596
PRAKASHSTL,2016-03-29 09:27:00+05:30,7.75,8.0,7.5,7.7,30160
PRAKASHSTL,2016-03-30 10:14:00+05:30,7.85,7.9,7.6,7.75,13991
PRAKASHSTL,2016-03-31 09:21:00+05:30,7.55,7.9,7.1,7.5,14257
PRAKASHSTL,2016-04-01 09:33:00+05:30,7.45,8.8,7.45,8.2,65059
PRAKASHSTL,2016-04-04 09:18:00+05:30,8.3,8.65,7.9,8.0,14948
PRAKASHSTL,2016-04-05 09:19:00+05:30,7.8,8.85,7.8,8.1,70447
PRAKASHSTL,2016-04-06 09:23:00+05:30,8.0,9.7,7.85,8.8,220236
PRAKASHSTL,2016-04-07 09:16:00+05:30,8.15,10.0,8.15,8.6,272570
PRAKASHSTL,2016-04-08 09:23:00+05:30,8.8,9.9,8.4,8.45,473556
PRAKASHSTL,2016-04-11 09:15:00+05:30,8.85,10.1,8.25,10.0,1659165
PRAKASHSTL,2016-04-12 09:15:00+05:30,9.75,11.4,9.15,9.4,1161780
PRAKASHSTL,2016-04-13 09:15:00+05:30,9.6,10.25,9.1,9.2,326039
PRAKASHSTL,2016-04-18 09:15:00+05:30,9.2,9.7,8.9,8.9,209623
PRAKASHSTL,2016-04-20 09:15:00+05:30,9.3,9.7,8.65,9.6,367931
PRAKASHSTL,2016-04-21 09:15:00+05:30,9.95,10.35,9.2,9.95,291734
PRAKASHSTL,2016-04-22 09:15:00+05:30,10.0,10.5,9.3,9.75,181057
PRAKASHSTL,2016-04-25 09:16:00+05:30,10.0,10.2,9.35,9.5,102025
PRAKASHSTL,2016-04-26 09:17:00+05:30,9.85,11.4,9.4,11.35,3007111
PRAKASHSTL,2016-04-27 09:15:00+05:30,11.35,12.75,10.25,11.35,1580158
PRAKASHSTL,2016-04-28 09:15:00+05:30,11.2,11.7,9.1,9.1,3712409
PRAKASHSTL,2016-04-29 09:15:00+05:30,8.35,8.75,7.3,7.3,3398716
PRAKASHSTL,2016-05-02 09:15:00+05:30,7.25,7.75,6.65,7.4,3267501
PRAKASHSTL,2016-05-03 09:15:00+05:30,7.55,7.9,5.95,5.95,5263762
PRAKASHSTL,2016-05-04 09:15:00+05:30,5.65,5.85,5.4,5.4,941462
PRAKASHSTL,2016-05-05 09:15:00+05:30,5.15,5.9,4.9,5.75,1182129
PRAKASHSTL,2016-05-06 09:15:00+05:30,5.85,6.25,5.35,5.95,1551901
PRAKASHSTL,2016-05-09 09:15:00+05:30,5.95,6.2,5.4,5.45,949198
PRAKASHSTL,2016-05-10 09:15:00+05:30,5.45,5.7,4.95,5.2,1438066
PRAKASHSTL,2016-05-11 09:15:00+05:30,5.2,5.2,4.85,5.0,244273
PRAKASHSTL,2016-05-12 09:16:00+05:30,4.85,5.35,4.85,5.0,525189
PRAKASHSTL,2016-05-13 09:22:00+05:30,5.15,5.15,4.85,5.0,223951
PRAKASHSTL,2016-05-16 09:16:00+05:30,5.0,5.1,4.55,4.95,125342
PRAKASHSTL,2016-05-17 09:34:00+05:30,4.95,5.3,4.8,4.85,560153
PRAKASHSTL,2016-05-18 09:19:00+05:30,4.85,5.1,4.65,4.95,207621
PRAKASHSTL,2016-05-19 09:19:00+05:30,5.0,5.1,4.8,4.95,132028
PRAKASHSTL,2016-05-20 09:18:00+05:30,5.0,5.0,4.8,4.85,116486
PRAKASHSTL,2016-05-23 09:19:00+05:30,4.9,4.9,4.65,4.7,106769
PRAKASHSTL,2016-05-24 09:21:00+05:30,4.7,4.8,4.55,4.6,60397
PRAKASHSTL,2016-05-25 09:15:00+05:30,4.6,4.8,4.4,4.5,215833
PRAKASHSTL,2016-05-26 09:16:00+05:30,4.5,4.55,4.05,4.05,507310
PRAKASHSTL,2016-05-27 09:15:00+05:30,4.05,4.05,3.85,3.85,284472
PRAKASHSTL,2016-05-30 09:16:00+05:30,3.7,3.75,3.7,3.7,364656
PRAKASHSTL,2016-05-31 09:19:00+05:30,3.6,3.6,3.55,3.55,16286
PRAKASHSTL,2016-06-01 09:15:00+05:30,3.4,3.4,3.4,3.4,31027
PRAKASHSTL,2016-06-02 09:21:00+05:30,3.4,3.4,3.25,3.25,21730
PRAKASHSTL,2016-06-03 09:17:00+05:30,3.1,3.1,3.1,3.1,50443
PRAKASHSTL,2016-06-06 09:16:00+05:30,2.95,2.95,2.95,2.95,90190
PRAKASHSTL,2016-06-07 09:15:00+05:30,2.85,2.85,2.85,2.85,22386
PRAKASHSTL,2016-06-08 09:15:00+05:30,2.75,2.75,2.75,2.75,62055
PRAKASHSTL,2016-06-09 09:18:00+05:30,2.65,2.65,2.65,2.65,76284
PRAKASHSTL,2016-06-10 09:17:00+05:30,2.55,2.55,2.55,2.55,45550
PRAKASHSTL,2016-06-13 09:16:00+05:30,2.45,2.45,2.45,2.45,74172
PRAKASHSTL,2016-06-14 09:15:00+05:30,2.35,2.35,2.35,2.35,176817
PRAKASHSTL,2016-06-15 09:15:00+05:30,2.25,2.25,2.25,2.25,152044
PRAKASHSTL,2016-06-16 09:15:00+05:30,2.15,2.15,2.15,2.15,55731
PRAKASHSTL,2016-06-17 09:16:00+05:30,2.05,2.05,2.05,2.05,160184
PRAKASHSTL,2016-06-20 09:15:00+05:30,1.95,1.95,1.95,1.95,78126
PRAKASHSTL,2016-06-21 09:16:00+05:30,1.9,1.9,1.9,1.9,99940
PRAKASHSTL,2016-06-22 09:18:00+05:30,1.85,1.85,1.85,1.85,563815
PRAKASHSTL,2016-06-23 09:18:00+05:30,1.8,1.8,1.8,1.8,31247
PRAKASHSTL,2016-06-24 09:15:00+05:30,1.75,1.75,1.75,1.75,45354
PRAKASHSTL,2016-06-27 09:15:00+05:30,1.7,1.7,1.7,1.7,37743
PRAKASHSTL,2016-06-28 09:17:00+05:30,1.65,1.65,1.65,1.65,34985
PRAKASHSTL,2016-06-29 09:18:00+05:30,1.6,1.6,1.6,1.6,122076
PRAKASHSTL,2016-06-30 09:17:00+05:30,1.55,1.65,1.55,1.55,2641489
PRAKASHSTL,2016-07-01 09:15:00+05:30,1.55,1.6,1.5,1.6,9314765
PRAKASHSTL,2016-07-04 09:15:00+05:30,1.65,1.65,1.55,1.65,13039449
PRAKASHSTL,2016-07-05 09:15:00+05:30,1.65,1.7,1.6,1.6,11501985
PRAKASHSTL,2016-07-07 09:15:00+05:30,1.6,1.65,1.55,1.6,5273788
PRAKASHSTL,2016-07-08 09:17:00+05:30,1.65,1.65,1.6,1.65,4769319
PRAKASHSTL,2016-07-11 09:15:00+05:30,1.7,1.7,1.7,1.7,996704
PRAKASHSTL,2016-07-12 09:16:00+05:30,1.75,1.75,1.65,1.75,2133878
PRAKASHSTL,2016-07-13 09:16:00+05:30,1.8,1.8,1.75,1.8,882188
PRAKASHSTL,2016-07-14 09:24:00+05:30,1.85,1.85,1.85,1.85,283920
PRAKASHSTL,2016-07-15 09:15:00+05:30,1.85,1.9,1.8,1.9,2489772
PRAKASHSTL,2016-07-18 09:15:00+05:30,1.9,1.9,1.85,1.85,1098560
PRAKASHSTL,2016-07-19 09:15:00+05:30,1.8,1.8,1.8,1.8,184618
PRAKASHSTL,2016-07-20 09:15:00+05:30,1.75,1.75,1.75,1.75,85468
PRAKASHSTL,2016-07-21 09:15:00+05:30,1.7,1.7,1.7,1.7,145852
PRAKASHSTL,2016-07-22 09:15:00+05:30,1.65,1.65,1.65,1.65,114864
PRAKASHSTL,2016-07-25 09:17:00+05:30,1.6,1.6,1.6,1.6,283558
PRAKASHSTL,2016-07-26 09:15:00+05:30,1.55,1.65,1.55,1.65,789596
PRAKASHSTL,2016-07-27 09:16:00+05:30,1.7,1.7,1.7,1.7,57637
PRAKASHSTL,2016-07-28 09:15:00+05:30,1.75,1.75,1.75,1.75,189581
PRAKASHSTL,2016-07-29 09:15:00+05:30,1.8,1.8,1.7,1.7,1418553
PRAKASHSTL,2016-08-01 09:15:00+05:30,1.7,1.7,1.65,1.65,617771
PRAKASHSTL,2016-08-02 09:15:00+05:30,1.6,1.65,1.6,1.65,299409
PRAKASHSTL,2016-08-03 09:15:00+05:30,1.6,1.65,1.6,1.6,478866
PRAKASHSTL,2016-08-04 09:15:00+05:30,1.6,1.6,1.55,1.55,939687
PRAKASHSTL,2016-08-05 09:15:00+05:30,1.55,1.7,1.45,1.65,1287163
PRAKASHSTL,2016-08-08 09:15:00+05:30,1.7,1.75,1.55,1.7,832416
PRAKASHSTL,2016-08-09 09:15:00+05:30,1.7,1.7,1.6,1.6,557681
PRAKASHSTL,2016-08-10 09:19:00+05:30,1.6,1.65,1.55,1.55,600834
PRAKASHSTL,2016-08-11 09:15:00+05:30,1.6,1.6,1.45,1.55,1007856
PRAKASHSTL,2016-08-12 09:15:00+05:30,1.55,1.55,1.45,1.55,328734
PRAKASHSTL,2016-08-16 09:17:00+05:30,1.5,1.55,1.45,1.5,423933
PRAKASHSTL,2016-08-17 09:16:00+05:30,1.55,1.55,1.45,1.45,301008
PRAKASHSTL,2016-08-18 09:15:00+05:30,1.5,1.5,1.4,1.45,226591
PRAKASHSTL,2016-08-19 09:16:00+05:30,1.5,1.5,1.4,1.5,259186
PRAKASHSTL,2016-08-22 09:16:00+05:30,1.45,1.55,1.45,1.5,233525
PRAKASHSTL,2016-08-23 09:15:00+05:30,1.55,1.55,1.45,1.45,285934
PRAKASHSTL,2016-08-24 09:18:00+05:30,1.5,1.5,1.4,1.45,699643
PRAKASHSTL,2016-08-25 09:15:00+05:30,1.45,1.5,1.4,1.45,372897
PRAKASHSTL,2016-08-26 09:25:00+05:30,1.45,1.5,1.4,1.45,242247
PRAKASHSTL,2016-08-29 09:16:00+05:30,1.45,1.5,1.35,1.35,487315
PRAKASHSTL,2016-08-30 09:15:00+05:30,1.4,1.4,1.3,1.35,402998
PRAKASHSTL,2016-08-31 09:15:00+05:30,1.4,1.4,1.25,1.25,1395830
PRAKASHSTL,2016-09-01 09:15:00+05:30,1.3,1.35,1.2,1.3,561744
PRAKASHSTL,2016-09-02 09:15:00+05:30,1.3,1.55,1.3,1.5,836461
PRAKASHSTL,2016-09-06 09:15:00+05:30,1.5,1.8,1.5,1.8,2238326
PRAKASHSTL,2016-09-07 09:15:00+05:30,2.0,2.15,1.85,2.15,6265207
PRAKASHSTL,2016-09-08 09:15:00+05:30,2.1,2.1,1.95,1.95,2812885
PRAKASHSTL,2016-09-09 09:15:00+05:30,1.9,1.9,1.8,1.8,379886
PRAKASHSTL,2016-09-12 09:15:00+05:30,1.7,1.75,1.65,1.65,1186650
PRAKASHSTL,2016-09-14 09:15:00+05:30,1.6,1.7,1.6,1.7,1056726
PRAKASHSTL,2016-09-15 09:15:00+05:30,1.7,1.75,1.65,1.75,1006141
PRAKASHSTL,2016-09-16 09:15:00+05:30,1.8,1.8,1.7,1.7,926029
PRAKASHSTL,2016-09-19 09:15:00+05:30,1.7,1.75,1.65,1.7,377081
PRAKASHSTL,2016-09-20 09:16:00+05:30,1.7,1.75,1.65,1.7,345965
PRAKASHSTL,2016-09-21 09:15:00+05:30,1.7,1.75,1.65,1.7,403577
PRAKASHSTL,2016-09-22 09:19:00+05:30,1.75,1.75,1.65,1.75,633631
PRAKASHSTL,2016-09-23 09:15:00+05:30,1.8,1.8,1.7,1.75,238839
PRAKASHSTL,2016-09-26 09:16:00+05:30,1.7,1.75,1.7,1.7,598127
PRAKASHSTL,2016-09-27 09:15:00+05:30,1.65,1.65,1.65,1.65,186014
PRAKASHSTL,2016-09-28 09:15:00+05:30,1.6,1.7,1.6,1.65,1000460
PRAKASHSTL,2016-09-29 09:15:00+05:30,1.65,1.7,1.6,1.6,739800
PRAKASHSTL,2016-09-30 09:15:00+05:30,1.55,1.65,1.55,1.6,301466
PRAKASHSTL,2016-10-03 09:15:00+05:30,1.65,1.65,1.55,1.6,268121
PRAKASHSTL,2016-10-04 09:16:00+05:30,1.55,1.65,1.55,1.6,262130
PRAKASHSTL,2016-10-05 09:15:00+05:30,1.55,1.65,1.55,1.55,335326
PRAKASHSTL,2016-10-06 09:15:00+05:30,1.6,1.6,1.5,1.55,503480
PRAKASHSTL,2016-10-07 09:15:00+05:30,1.6,1.65,1.5,1.6,357291
PRAKASHSTL,2016-10-10 09:15:00+05:30,1.6,1.7,1.6,1.7,318868
PRAKASHSTL,2016-10-13 09:16:00+05:30,1.7,1.7,1.6,1.6,431207
PRAKASHSTL,2016-10-14 09:15:00+05:30,1.6,1.65,1.55,1.6,178547
PRAKASHSTL,2016-10-17 09:15:00+05:30,1.65,1.7,1.55,1.65,701904
PRAKASHSTL,2016-10-18 09:16:00+05:30,1.7,1.7,1.6,1.65,132423
PRAKASHSTL,2016-10-19 09:16:00+05:30,1.65,1.65,1.55,1.6,318920
PRAKASHSTL,2016-10-20 09:18:00+05:30,1.65,1.65,1.55,1.65,466240
PRAKASHSTL,2016-10-21 09:15:00+05:30,1.65,1.65,1.55,1.65,272438
PRAKASHSTL,2016-10-24 09:15:00+05:30,1.65,1.7,1.6,1.6,348472
PRAKASHSTL,2016-10-25 09:16:00+05:30,1.6,1.7,1.6,1.65,457571
PRAKASHSTL,2016-10-26 09:20:00+05:30,1.65,1.7,1.6,1.65,254471
PRAKASHSTL,2016-10-27 09:16:00+05:30,1.6,1.65,1.6,1.6,244170
PRAKASHSTL,2016-10-28 09:15:00+05:30,1.65,1.65,1.6,1.6,114028
PRAKASHSTL,2016-11-01 09:15:00+05:30,1.65,1.7,1.6,1.65,337401
PRAKASHSTL,2016-11-02 09:17:00+05:30,1.7,1.7,1.6,1.6,154366
PRAKASHSTL,2016-11-03 09:15:00+05:30,1.6,1.65,1.6,1.6,324155
PRAKASHSTL,2016-11-04 09:15:00+05:30,1.6,1.65,1.55,1.6,399494
PRAKASHSTL,2016-11-07 09:16:00+05:30,1.65,1.65,1.55,1.55,269565
PRAKASHSTL,2016-11-08 09:16:00+05:30,1.55,1.65,1.55,1.65,328254
PRAKASHSTL,2016-11-09 09:15:00+05:30,1.5,1.6,1.35,1.6,707654
PRAKASHSTL,2016-11-10 09:15:00+05:30,1.6,1.6,1.55,1.6,54995
PRAKASHSTL,2016-11-11 09:15:00+05:30,1.6,1.6,1.5,1.5,171971
PRAKASHSTL,2016-11-15 09:15:00+05:30,1.5,1.55,1.35,1.45,1208383
PRAKASHSTL,2016-11-16 09:15:00+05:30,1.45,1.5,1.35,1.4,218450
PRAKASHSTL,2016-11-17 09:15:00+05:30,1.3,1.4,1.25,1.3,741116
PRAKASHSTL,2016-11-18 09:15:00+05:30,1.35,1.4,1.25,1.3,652874
PRAKASHSTL,2016-11-21 09:15:00+05:30,1.35,1.35,1.25,1.25,170842
PRAKASHSTL,2016-11-22 09:17:00+05:30,1.3,1.35,1.25,1.35,156974
PRAKASHSTL,2016-11-23 09:17:00+05:30,1.35,1.4,1.25,1.35,531149
PRAKASHSTL,2016-11-24 09:15:00+05:30,1.35,1.45,1.25,1.4,259768
PRAKASHSTL,2016-11-25 09:15:00+05:30,1.4,1.45,1.35,1.4,231810
PRAKASHSTL,2016-11-28 09:17:00+05:30,1.4,1.4,1.35,1.4,93066
PRAKASHSTL,2016-11-29 09:18:00+05:30,1.4,1.4,1.3,1.35,293745
PRAKASHSTL,2016-11-30 09:18:00+05:30,1.35,1.35,1.3,1.35,218872
PRAKASHSTL,2016-12-01 09:15:00+05:30,1.35,1.55,1.3,1.4,804243
PRAKASHSTL,2016-12-02 09:17:00+05:30,1.45,1.45,1.35,1.4,133356
PRAKASHSTL,2016-12-05 09:17:00+05:30,1.45,1.45,1.35,1.4,46707
PRAKASHSTL,2016-12-06 09:25:00+05:30,1.45,1.45,1.35,1.35,44707
PRAKASHSTL,2016-12-07 09:28:00+05:30,1.4,1.4,1.35,1.4,224137
PRAKASHSTL,2016-12-08 09:25:00+05:30,1.4,1.4,1.35,1.4,203134
PRAKASHSTL,2016-12-09 09:34:00+05:30,1.4,1.4,1.35,1.4,74342
PRAKASHSTL,2016-12-12 09:18:00+05:30,1.4,1.45,1.35,1.35,116357
PRAKASHSTL,2016-12-13 09:16:00+05:30,1.35,1.45,1.35,1.35,167626
PRAKASHSTL,2016-12-14 09:15:00+05:30,1.4,1.4,1.35,1.35,100594
PRAKASHSTL,2016-12-15 09:18:00+05:30,1.4,1.4,1.35,1.35,104385
PRAKASHSTL,2016-12-16 09:16:00+05:30,1.4,1.5,1.35,1.4,129803
PRAKASHSTL,2016-12-19 09:15:00+05:30,1.45,1.45,1.35,1.35,47924
PRAKASHSTL,2016-12-20 09:30:00+05:30,1.35,1.4,1.35,1.35,213966
PRAKASHSTL,2016-12-21 09:16:00+05:30,1.35,1.4,1.3,1.35,382920
PRAKASHSTL,2016-12-22 09:48:00+05:30,1.35,1.4,1.3,1.35,157299
PRAKASHSTL,2016-12-23 09:19:00+05:30,1.4,1.4,1.3,1.3,123002
PRAKASHSTL,2016-12-26 09:15:00+05:30,1.3,1.35,1.3,1.35,93897
PRAKASHSTL,2016-12-27 09:15:00+05:30,1.35,1.4,1.3,1.35,227386
PRAKASHSTL,2016-12-28 09:15:00+05:30,1.3,1.4,1.3,1.35,1047138
PRAKASHSTL,2016-12-29 09:15:00+05:30,1.35,1.4,1.3,1.35,911632
PRAKASHSTL,2016-12-30 09:15:00+05:30,1.3,1.4,1.3,1.35,951957
PRAKASHSTL,2017-01-02 09:30:00+05:30,1.4,1.4,1.3,1.35,28955
PRAKASHSTL,2017-01-03 09:15:00+05:30,1.4,1.4,1.3,1.4,64249
PRAKASHSTL,2017-01-04 09:15:00+05:30,1.35,1.4,1.35,1.4,144751
PRAKASHSTL,2017-01-05 09:15:00+05:30,1.4,1.4,1.35,1.4,168812
PRAKASHSTL,2017-01-06 09:15:00+05:30,1.4,1.4,1.35,1.35,181739
PRAKASHSTL,2017-01-09 09:15:00+05:30,1.35,1.4,1.3,1.4,145145
PRAKASHSTL,2017-01-10 09:18:00+05:30,1.4,1.4,1.3,1.35,180519
PRAKASHSTL,2017-01-11 09:56:00+05:30,1.4,1.4,1.3,1.35,382257
PRAKASHSTL,2017-01-12 09:17:00+05:30,1.3,1.35,1.3,1.35,80284
PRAKASHSTL,2017-01-13 09:16:00+05:30,1.3,1.4,1.3,1.3,84845
PRAKASHSTL,2017-01-16 09:17:00+05:30,1.4,1.4,1.3,1.35,76903
PRAKASHSTL,2017-01-17 09:15:00+05:30,1.3,1.35,1.3,1.3,64184
PRAKASHSTL,2017-01-18 09:22:00+05:30,1.35,1.35,1.3,1.35,145934
PRAKASHSTL,2017-01-19 09:15:00+05:30,1.35,1.35,1.3,1.35,117274
PRAKASHSTL,2017-01-20 09:27:00+05:30,1.35,1.55,1.3,1.5,1065293
PRAKASHSTL,2017-01-23 09:15:00+05:30,1.55,1.8,1.5,1.8,3444909
PRAKASHSTL,2017-01-24 09:15:00+05:30,1.85,2.0,1.7,1.75,3435538
PRAKASHSTL,2017-01-25 09:15:00+05:30,1.7,1.85,1.6,1.65,1386532
PRAKASHSTL,2017-01-27 09:15:00+05:30,1.75,1.75,1.55,1.65,985811
PRAKASHSTL,2017-01-30 09:15:00+05:30,1.6,1.7,1.55,1.6,595914
PRAKASHSTL,2017-01-31 09:15:00+05:30,1.55,1.6,1.5,1.5,475574
PRAKASHSTL,2017-02-01 09:15:00+05:30,1.55,1.7,1.5,1.65,361809
PRAKASHSTL,2017-02-02 09:15:00+05:30,1.6,1.65,1.55,1.55,528377
PRAKASHSTL,2017-02-03 09:15:00+05:30,1.55,1.6,1.55,1.6,546528
PRAKASHSTL,2017-02-06 09:16:00+05:30,1.6,1.6,1.55,1.6,107798
PRAKASHSTL,2017-02-07 09:17:00+05:30,1.55,1.65,1.5,1.6,821828
PRAKASHSTL,2017-02-08 09:19:00+05:30,1.6,1.6,1.55,1.55,235154
PRAKASHSTL,2017-02-09 09:19:00+05:30,1.55,1.6,1.5,1.6,441752
PRAKASHSTL,2017-02-10 09:16:00+05:30,1.55,1.6,1.55,1.55,342295
PRAKASHSTL,2017-02-13 09:25:00+05:30,1.6,1.6,1.55,1.55,125958
PRAKASHSTL,2017-02-14 09:18:00+05:30,1.55,1.6,1.5,1.55,282998
PRAKASHSTL,2017-02-15 09:20:00+05:30,1.55,1.55,1.45,1.45,584312
PRAKASHSTL,2017-02-16 09:15:00+05:30,1.5,1.5,1.4,1.4,343035
PRAKASHSTL,2017-02-17 09:15:00+05:30,1.45,1.5,1.4,1.45,147352
PRAKASHSTL,2017-02-20 09:17:00+05:30,1.45,1.5,1.45,1.45,200699
PRAKASHSTL,2017-02-21 09:18:00+05:30,1.5,1.5,1.4,1.45,229861
PRAKASHSTL,2017-02-22 09:21:00+05:30,1.5,1.5,1.4,1.4,398417
PRAKASHSTL,2017-02-23 09:15:00+05:30,1.4,1.45,1.35,1.4,319173
PRAKASHSTL,2017-02-27 09:15:00+05:30,1.45,1.45,1.4,1.4,179032
PRAKASHSTL,2017-02-28 09:18:00+05:30,1.45,1.45,1.4,1.45,161268
PRAKASHSTL,2017-03-01 09:15:00+05:30,1.4,1.5,1.4,1.45,342107
PRAKASHSTL,2017-03-02 09:17:00+05:30,1.45,1.55,1.4,1.45,320078
PRAKASHSTL,2017-03-03 09:18:00+05:30,1.45,1.5,1.4,1.4,76945
PRAKASHSTL,2017-03-06 09:26:00+05:30,1.45,1.5,1.4,1.4,176846
PRAKASHSTL,2017-03-07 09:16:00+05:30,1.45,1.45,1.4,1.4,217056
PRAKASHSTL,2017-03-08 09:20:00+05:30,1.45,1.45,1.35,1.4,201893
PRAKASHSTL,2017-03-09 09:23:00+05:30,1.45,1.45,1.35,1.4,83134
PRAKASHSTL,2017-03-10 09:15:00+05:30,1.4,1.45,1.35,1.4,226057
PRAKASHSTL,2017-03-14 09:22:00+05:30,1.4,1.5,1.4,1.4,164740
PRAKASHSTL,2017-03-15 09:31:00+05:30,1.4,1.45,1.4,1.4,49853
PRAKASHSTL,2017-03-16 09:15:00+05:30,1.4,1.45,1.35,1.4,121485
PRAKASHSTL,2017-03-17 09:21:00+05:30,1.45,1.45,1.35,1.4,146987
PRAKASHSTL,2017-03-20 09:19:00+05:30,1.35,1.45,1.3,1.35,489264
PRAKASHSTL,2017-03-21 09:21:00+05:30,1.4,1.4,1.3,1.35,164495
PRAKASHSTL,2017-03-22 09:18:00+05:30,1.35,1.4,1.3,1.35,240977
PRAKASHSTL,2017-03-23 09:15:00+05:30,1.3,1.35,1.3,1.35,42630
PRAKASHSTL,2017-03-24 09:15:00+05:30,1.3,1.4,1.3,1.3,123447
PRAKASHSTL,2017-03-27 09:16:00+05:30,1.4,1.4,1.3,1.35,101232
PRAKASHSTL,2017-03-28 09:17:00+05:30,1.4,1.4,1.3,1.3,69003
PRAKASHSTL,2017-03-29 09:16:00+05:30,1.4,1.4,1.3,1.4,129436
PRAKASHSTL,2017-03-30 09:18:00+05:30,1.4,1.4,1.25,1.35,428798
PRAKASHSTL,2017-03-31 09:18:00+05:30,1.3,1.35,1.3,1.3,177460
PRAKASHSTL,2017-04-03 09:16:00+05:30,1.3,1.35,1.25,1.3,368611
PRAKASHSTL,2017-04-05 09:15:00+05:30,1.3,1.35,1.25,1.3,556730
PRAKASHSTL,2017-04-06 09:16:00+05:30,1.35,1.35,1.3,1.35,503160
PRAKASHSTL,2017-04-07 09:15:00+05:30,1.3,1.4,1.3,1.35,300661
PRAKASHSTL,2017-04-10 09:15:00+05:30,1.35,1.4,1.3,1.35,210845
PRAKASHSTL,2017-04-11 09:17:00+05:30,1.3,1.35,1.3,1.3,152132
PRAKASHSTL,2017-04-12 09:15:00+05:30,1.35,1.35,1.3,1.3,301117
PRAKASHSTL,2017-04-13 09:15:00+05:30,1.3,1.35,1.25,1.3,243751
PRAKASHSTL,2017-04-17 09:16:00+05:30,1.35,1.35,1.3,1.3,1045951
PRAKASHSTL,2017-04-18 09:19:00+05:30,1.35,1.35,1.3,1.3,215559
PRAKASHSTL,2017-04-19 09:15:00+05:30,1.35,1.35,1.3,1.35,105159
PRAKASHSTL,2017-04-20 09:23:00+05:30,1.35,1.35,1.3,1.3,86521
PRAKASHSTL,2017-04-21 09:15:00+05:30,1.3,1.35,1.25,1.3,521347
PRAKASHSTL,2017-04-24 09:15:00+05:30,1.35,1.35,1.25,1.35,431291
PRAKASHSTL,2017-04-25 09:15:00+05:30,1.3,1.35,1.25,1.25,184386
PRAKASHSTL,2017-04-26 09:15:00+05:30,1.25,1.35,1.25,1.25,505875
PRAKASHSTL,2017-04-27 09:17:00+05:30,1.3,1.3,1.25,1.25,61967
PRAKASHSTL,2017-04-28 09:15:00+05:30,1.3,1.3,1.25,1.25,156785
PRAKASHSTL,2017-05-02 09:16:00+05:30,1.3,1.3,1.25,1.25,203283
PRAKASHSTL,2017-05-03 09:19:00+05:30,1.3,1.3,1.15,1.2,1105584
PRAKASHSTL,2017-05-04 09:15:00+05:30,1.2,1.25,1.2,1.25,302534
PRAKASHSTL,2017-05-05 09:15:00+05:30,1.25,1.25,1.2,1.25,238136
PRAKASHSTL,2017-05-08 09:17:00+05:30,1.25,1.25,1.2,1.25,79087
PRAKASHSTL,2017-05-09 09:20:00+05:30,1.2,1.25,1.2,1.25,232513
PRAKASHSTL,2017-05-10 09:16:00+05:30,1.25,1.3,1.2,1.25,233970
PRAKASHSTL,2017-05-11 09:21:00+05:30,1.3,1.3,1.25,1.25,43926
PRAKASHSTL,2017-05-12 09:15:00+05:30,1.25,1.3,1.2,1.2,275441
PRAKASHSTL,2017-05-15 09:15:00+05:30,1.3,1.3,1.2,1.25,152846
PRAKASHSTL,2017-05-16 09:16:00+05:30,1.2,1.3,1.2,1.2,128923
PRAKASHSTL,2017-05-17 09:15:00+05:30,1.2,1.25,1.2,1.25,157892
PRAKASHSTL,2017-05-18 09:15:00+05:30,1.2,1.25,1.2,1.2,259730
PRAKASHSTL,2017-05-19 09:15:00+05:30,1.25,1.25,1.15,1.2,230295
PRAKASHSTL,2017-05-22 09:16:00+05:30,1.2,1.25,1.15,1.2,95863
PRAKASHSTL,2017-05-23 09:15:00+05:30,1.25,1.25,1.15,1.15,247807
PRAKASHSTL,2017-05-24 09:15:00+05:30,1.2,1.2,1.15,1.2,136080
PRAKASHSTL,2017-05-25 09:38:00+05:30,1.2,1.2,1.15,1.15,80581
PRAKASHSTL,2017-05-26 09:15:00+05:30,1.15,1.2,1.1,1.15,299374
PRAKASHSTL,2017-05-29 09:24:00+05:30,1.15,1.15,1.0,1.05,418091
PRAKASHSTL,2017-05-30 09:15:00+05:30,1.05,1.1,0.95,0.95,898420
PRAKASHSTL,2017-05-31 09:15:00+05:30,0.95,1.0,0.95,1.0,309815
PRAKASHSTL,2017-06-01 09:18:00+05:30,0.95,1.05,0.95,1.0,595266
PRAKASHSTL,2017-06-02 09:15:00+05:30,1.0,1.05,0.95,1.0,251813
PRAKASHSTL,2017-06-05 09:32:00+05:30,1.0,1.0,0.95,0.95,273802
PRAKASHSTL,2017-06-06 09:40:00+05:30,0.95,1.0,0.9,0.95,152406
PRAKASHSTL,2017-06-07 09:22:00+05:30,0.95,0.95,0.85,0.85,205281
PRAKASHSTL,2017-06-08 09:15:00+05:30,0.9,0.95,0.85,0.85,589989
PRAKASHSTL,2017-06-09 09:21:00+05:30,0.85,0.9,0.85,0.85,146586
PRAKASHSTL,2017-06-12 09:32:00+05:30,0.85,0.9,0.8,0.85,137705
PRAKASHSTL,2017-06-13 09:15:00+05:30,0.8,0.95,0.8,0.85,1108038
PRAKASHSTL,2017-06-14 09:15:00+05:30,0.85,0.9,0.85,0.85,150047
PRAKASHSTL,2017-06-15 09:25:00+05:30,0.8,0.9,0.8,0.8,315941
PRAKASHSTL,2017-06-16 09:19:00+05:30,0.8,0.85,0.8,0.85,69505
PRAKASHSTL,2017-06-19 09:17:00+05:30,0.85,0.85,0.8,0.8,110288
PRAKASHSTL,2017-06-20 09:52:00+05:30,0.8,0.85,0.75,0.75,403658
PRAKASHSTL,2017-06-21 09:24:00+05:30,0.8,0.8,0.75,0.75,90571
PRAKASHSTL,2017-06-22 09:15:00+05:30,0.8,0.8,0.75,0.75,180418
PRAKASHSTL,2017-06-23 09:19:00+05:30,0.75,0.8,0.75,0.8,277700
PRAKASHSTL,2017-06-27 09:25:00+05:30,0.75,0.8,0.7,0.75,202559
PRAKASHSTL,2017-06-28 09:26:00+05:30,0.7,0.8,0.7,0.75,284075
PRAKASHSTL,2017-06-29 09:18:00+05:30,0.8,0.8,0.75,0.75,166236
PRAKASHSTL,2017-06-30 09:20:00+05:30,0.75,0.8,0.7,0.75,174243
PRAKASHSTL,2017-07-03 09:15:00+05:30,0.8,0.8,0.7,0.8,147703
PRAKASHSTL,2017-07-04 09:17:00+05:30,0.8,0.85,0.75,0.85,325298
PRAKASHSTL,2017-07-05 09:21:00+05:30,0.8,0.85,0.8,0.8,68350
PRAKASHSTL,2017-07-06 09:17:00+05:30,0.8,0.85,0.75,0.8,43462
PRAKASHSTL,2017-07-07 09:21:00+05:30,0.8,0.85,0.75,0.75,38398
PRAKASHSTL,2017-07-10 13:49:00+05:30,0.75,0.75,0.7,0.7,21148
PRAKASHSTL,2017-07-11 09:26:00+05:30,0.7,0.75,0.7,0.7,136121
PRAKASHSTL,2017-07-12 09:33:00+05:30,0.75,0.75,0.65,0.65,162491
PRAKASHSTL,2017-07-13 09:19:00+05:30,0.6,0.7,0.6,0.6,127616
PRAKASHSTL,2017-07-14 09:28:00+05:30,0.6,0.65,0.6,0.65,119004
PRAKASHSTL,2017-07-17 09:15:00+05:30,0.6,0.65,0.6,0.65,116711
PRAKASHSTL,2017-07-18 10:02:00+05:30,0.65,0.65,0.6,0.65,65200
PRAKASHSTL,2017-07-19 09:28:00+05:30,0.65,0.65,0.6,0.6,86800
PRAKASHSTL,2017-07-20 09:27:00+05:30,0.65,0.65,0.55,0.6,115447
PRAKASHSTL,2017-07-21 09:18:00+05:30,0.55,0.65,0.55,0.65,59388
PRAKASHSTL,2017-07-24 10:22:00+05:30,0.6,0.65,0.6,0.65,86496
PRAKASHSTL,2017-07-25 10:26:00+05:30,0.6,0.65,0.6,0.6,27611
PRAKASHSTL,2017-07-26 09:42:00+05:30,0.65,0.65,0.55,0.6,46835
PRAKASHSTL,2017-07-27 09:22:00+05:30,0.55,0.65,0.55,0.55,84408
PRAKASHSTL,2017-07-28 09:15:00+05:30,0.55,0.6,0.55,0.6,38980
PRAKASHSTL,2017-07-31 09:17:00+05:30,0.6,0.6,0.55,0.6,215257
PRAKASHSTL,2017-08-01 09:16:00+05:30,0.6,0.6,0.55,0.55,113643
PRAKASHSTL,2017-08-02 09:39:00+05:30,0.5,0.6,0.5,0.6,90001
PRAKASHSTL,2017-08-03 09:15:00+05:30,0.55,0.6,0.55,0.55,46431
PRAKASHSTL,2017-08-04 10:22:00+05:30,0.55,0.6,0.55,0.6,15950
PRAKASHSTL,2017-08-07 09:47:00+05:30,0.6,0.6,0.55,0.55,71667
PRAKASHSTL,2017-08-08 09:29:00+05:30,0.5,0.55,0.5,0.5,320785
PRAKASHSTL,2017-08-09 09:15:00+05:30,0.45,0.45,0.45,0.45,229693
PRAKASHSTL,2017-08-10 09:16:00+05:30,0.4,0.45,0.4,0.4,106296
PRAKASHSTL,2017-08-11 09:28:00+05:30,0.4,0.45,0.35,0.45,117854
PRAKASHSTL,2017-08-14 09:17:00+05:30,0.45,0.5,0.4,0.45,29177
PRAKASHSTL,2017-08-16 10:23:00+05:30,0.45,0.45,0.4,0.4,80984
PRAKASHSTL,2017-08-17 09:32:00+05:30,0.4,0.45,0.35,0.35,153299
PRAKASHSTL,2017-08-18 09:15:00+05:30,0.4,0.4,0.35,0.4,42817
PRAKASHSTL,2017-08-21 09:15:00+05:30,0.4,0.4,0.35,0.35,105439
PRAKASHSTL,2017-08-22 10:24:00+05:30,0.4,0.4,0.35,0.4,154253
PRAKASHSTL,2017-08-23 09:24:00+05:30,0.4,0.4,0.35,0.35,198255
PRAKASHSTL,2017-08-24 09:44:00+05:30,0.35,0.4,0.35,0.35,78060
PRAKASHSTL,2017-08-28 09:15:00+05:30,0.35,0.4,0.3,0.3,36850
PRAKASHSTL,2017-08-29 12:33:00+05:30,0.3,0.35,0.3,0.35,127200
PRAKASHSTL,2017-08-30 10:10:00+05:30,0.3,0.4,0.3,0.35,61152
PRAKASHSTL,2017-08-31 09:49:00+05:30,0.3,0.3,0.3,0.3,110721
PRAKASHSTL,2017-09-01 10:27:00+05:30,0.35,0.35,0.25,0.35,84167
PRAKASHSTL,2017-09-04 09:35:00+05:30,0.3,0.3,0.3,0.3,334
PRAKASHSTL,2017-09-05 11:05:00+05:30,0.3,0.3,0.3,0.3,2423
PRAKASHSTL,2017-09-06 10:17:00+05:30,0.3,0.3,0.3,0.3,6000
PRAKASHSTL,2017-09-07 11:28:00+05:30,0.3,0.35,0.3,0.3,50224
PRAKASHSTL,2017-09-08 11:43:00+05:30,0.35,0.35,0.25,0.3,34570
PRAKASHSTL,2017-09-11 10:58:00+05:30,0.3,0.3,0.3,0.3,86290
PRAKASHSTL,2017-09-12 11:08:00+05:30,0.3,0.3,0.25,0.25,8312
PRAKASHSTL,2017-09-13 09:59:00+05:30,0.3,0.3,0.2,0.3,17288
PRAKASHSTL,2017-09-14 09:31:00+05:30,0.3,0.35,0.3,0.35,111050
PRAKASHSTL,2017-09-15 12:31:00+05:30,0.35,0.35,0.35,0.35,3350
PRAKASHSTL,2017-09-18 09:16:00+05:30,0.35,0.35,0.3,0.3,8801
PRAKASHSTL,2017-09-19 10:05:00+05:30,0.35,0.35,0.3,0.3,600
PRAKASHSTL,2017-09-25 10:21:00+05:30,0.25,0.35,0.25,0.25,156500
PRAKASHSTL,2017-10-03 12:44:00+05:30,0.2,0.2,0.2,0.2,111000
PRAKASHSTL,2017-10-09 09:58:00+05:30,0.2,0.2,0.15,0.15,7490
PRAKASHSTL,2017-10-16 09:25:00+05:30,0.1,0.2,0.1,0.2,285705
PRAKASHSTL,2017-10-23 12:17:00+05:30,0.25,0.25,0.25,0.25,24591
PRAKASHSTL,2017-11-06 10:13:00+05:30,0.25,0.3,0.2,0.3,74859
PRAKASHSTL,2017-12-04 09:50:00+05:30,0.25,0.3,0.25,0.25,70349
PRAKASHSTL,2018-01-01 10:16:00+05:30,0.25,0.25,0.25,0.25,126000
PRAKASHSTL,2018-02-05 10:16:00+05:30,0.25,0.25,0.2,0.25,41274
PRAKASHSTL,2018-03-05 09:19:00+05:30,0.2,0.25,0.2,0.2,125301
PRAKASHSTL,2018-04-02 09:31:00+05:30,0.2,0.2,0.2,0.2,33100
PRAKASHSTL,2018-04-09 09:46:00+05:30,0.2,0.2,0.2,0.2,20000
PRAKASHSTL,2018-04-16 14:50:00+05:30,0.2,0.2,0.2,0.2,82000
PRAKASHSTL,2018-04-23 11:49:00+05:30,0.2,0.25,0.2,0.25,26511
PRAKASHSTL,2018-04-30 13:25:00+05:30,0.2,0.2,0.2,0.2,1400
PRAKASHSTL,2018-05-07 12:07:00+05:30,0.15,0.15,0.15,0.15,8415
PRAKASHSTL,2018-05-14 11:54:00+05:30,0.1,0.15,0.1,0.15,400
PRAKASHSTL,2018-05-21 10:20:00+05:30,0.1,0.2,0.1,0.15,41332
PRAKASHSTL,2018-05-28 10:50:00+05:30,0.15,0.15,0.15,0.15,8001
PRAKASHSTL,2018-06-04 10:05:00+05:30,0.15,0.15,0.1,0.15,882088
PRAKASHSTL,2018-06-11 09:31:00+05:30,0.15,0.15,0.1,0.1,205501
PRAKASHSTL,2018-06-18 09:37:00+05:30,0.15,0.15,0.05,0.05,900298
PRAKASHSTL,2018-06-25 09:31:00+05:30,0.05,0.1,0.05,0.1,1007942
PRAKASHSTL,2018-07-02 09:37:00+05:30,0.05,0.15,0.05,0.1,862900
PRAKASHSTL,2018-07-09 09:30:00+05:30,0.1,0.15,0.05,0.15,57903
PRAKASHSTL,2018-07-16 09:31:00+05:30,0.15,0.15,0.15,0.15,101
PRAKASHSTL,2018-07-23 11:03:00+05:30,0.1,0.1,0.1,0.1,126153
PRAKASHSTL,2018-07-30 09:50:00+05:30,0.1,0.1,0.05,0.1,190901
PRAKASHSTL,2018-08-06 09:17:00+05:30,0.05,0.15,0.05,0.15,115568
PRAKASHSTL,2018-08-13 11:50:00+05:30,0.15,0.15,0.15,0.15,5
PRAKASHSTL,2018-08-20 10:33:00+05:30,0.15,0.15,0.1,0.15,27800
PRAKASHSTL,2018-08-27 11:11:00+05:30,0.15,0.15,0.15,0.15,25022
PRAKASHSTL,2018-09-03 13:51:00+05:30,0.15,0.15,0.15,0.15,45001
PRAKASHSTL,2018-09-10 09:52:00+05:30,0.1,0.15,0.1,0.15,19150
PRAKASHSTL,2018-09-17 09:20:00+05:30,0.2,0.2,0.2,0.2,105326
PRAKASHSTL,2018-09-18 09:19:00+05:30,0.2,0.25,0.2,0.25,26410
PRAKASHSTL,2018-09-19 09:30:00+05:30,0.3,0.3,0.3,0.3,15223
PRAKASHSTL,2018-09-21 09:18:00+05:30,0.35,0.35,0.35,0.35,31112
PRAKASHSTL,2018-09-24 09:31:00+05:30,0.4,0.4,0.4,0.4,128068
PRAKASHSTL,2018-09-25 09:21:00+05:30,0.45,0.45,0.45,0.45,406
PRAKASHSTL,2018-09-26 09:25:00+05:30,0.5,0.5,0.5,0.5,25455
PRAKASHSTL,2018-09-27 09:30:00+05:30,0.55,0.55,0.55,0.55,10150
PRAKASHSTL,2018-09-28 09:17:00+05:30,0.6,0.6,0.6,0.6,69106
PRAKASHSTL,2018-10-01 09:24:00+05:30,0.65,0.65,0.65,0.65,55822
PRAKASHSTL,2018-10-03 09:15:00+05:30,0.7,0.7,0.7,0.7,212305
PRAKASHSTL,2018-10-04 09:15:00+05:30,0.75,0.75,0.75,0.75,77979
PRAKASHSTL,2018-10-05 09:15:00+05:30,0.8,0.8,0.8,0.8,42580
PRAKASHSTL,2018-10-08 09:15:00+05:30,0.85,0.85,0.85,0.85,146063
PRAKASHSTL,2018-10-09 09:15:00+05:30,0.9,0.9,0.9,0.9,328963
PRAKASHSTL,2018-10-10 09:16:00+05:30,0.95,0.95,0.95,0.95,343180
PRAKASHSTL,2018-10-11 09:15:00+05:30,1.0,1.0,1.0,1.0,581585
PRAKASHSTL,2018-10-12 09:15:00+05:30,1.05,1.05,0.95,0.95,816988
PRAKASHSTL,2018-10-15 09:15:00+05:30,0.9,0.9,0.9,0.9,57793
PRAKASHSTL,2018-10-16 09:15:00+05:30,0.85,0.85,0.85,0.85,54850
PRAKASHSTL,2018-10-17 09:17:00+05:30,0.8,0.8,0.8,0.8,144989
PRAKASHSTL,2018-10-19 09:16:00+05:30,0.75,0.75,0.75,0.75,85035
PRAKASHSTL,2018-10-22 09:16:00+05:30,0.7,0.7,0.7,0.7,31286
PRAKASHSTL,2018-10-23 09:19:00+05:30,0.65,0.65,0.65,0.65,54344
PRAKASHSTL,2018-10-24 09:26:00+05:30,0.6,0.6,0.6,0.6,56338
PRAKASHSTL,2018-10-25 09:15:00+05:30,0.55,0.55,0.55,0.55,135828
PRAKASHSTL,2018-10-26 09:15:00+05:30,0.5,0.6,0.5,0.6,686666
PRAKASHSTL,2018-10-29 09:15:00+05:30,0.6,0.65,0.6,0.65,264221
PRAKASHSTL,2018-10-30 09:16:00+05:30,0.7,0.7,0.6,0.65,438284
PRAKASHSTL,2018-10-31 09:15:00+05:30,0.7,0.7,0.6,0.7,173293
PRAKASHSTL,2018-11-01 09:16:00+05:30,0.7,0.7,0.65,0.65,182708
PRAKASHSTL,2018-11-02 09:17:00+05:30,0.65,0.7,0.6,0.65,165956
PRAKASHSTL,2018-11-05 09:16:00+05:30,0.6,0.7,0.6,0.7,136950
PRAKASHSTL,2018-11-06 09:16:00+05:30,0.75,0.75,0.65,0.65,82916
PRAKASHSTL,2018-11-09 09:18:00+05:30,0.65,0.7,0.65,0.65,130083
PRAKASHSTL,2018-11-12 09:15:00+05:30,0.6,0.7,0.6,0.7,93490
PRAKASHSTL,2018-11-13 09:19:00+05:30,0.65,0.7,0.65,0.65,120460
PRAKASHSTL,2018-11-14 09:33:00+05:30,0.65,0.7,0.6,0.65,95574
PRAKASHSTL,2018-11-15 09:16:00+05:30,0.7,0.7,0.6,0.6,158795
PRAKASHSTL,2018-11-16 09:15:00+05:30,0.55,0.65,0.55,0.55,167737
PRAKASHSTL,2018-11-19 09:29:00+05:30,0.6,0.6,0.5,0.55,122578
PRAKASHSTL,2018-11-20 09:17:00+05:30,0.6,0.6,0.5,0.55,74980
PRAKASHSTL,2018-11-21 09:19:00+05:30,0.6,0.6,0.5,0.6,56780
PRAKASHSTL,2018-11-22 09:30:00+05:30,0.55,0.65,0.55,0.6,27064
PRAKASHSTL,2018-11-26 09:21:00+05:30,0.65,0.65,0.55,0.6,118627
PRAKASHSTL,2018-11-27 09:17:00+05:30,0.6,0.6,0.55,0.55,64689
PRAKASHSTL,2018-11-28 09:21:00+05:30,0.6,0.6,0.5,0.55,152296
PRAKASHSTL,2018-11-29 09:16:00+05:30,0.6,0.6,0.5,0.55,151633
PRAKASHSTL,2018-11-30 09:21:00+05:30,0.55,0.55,0.5,0.55,132950
PRAKASHSTL,2019-01-09 00:00:00+05:30,0.35,0.35,0.3,0.35,171497
PRAKASHSTL,2019-01-10 00:00:00+05:30,0.3,0.35,0.3,0.35,93252
PRAKASHSTL,2019-01-11 00:00:00+05:30,0.35,0.35,0.3,0.35,59968
PRAKASHSTL,2019-01-14 00:00:00+05:30,0.3,0.35,0.3,0.35,950
PRAKASHSTL,2019-01-15 00:00:00+05:30,0.3,0.35,0.3,0.35,7735
PRAKASHSTL,2019-01-16 00:00:00+05:30,0.35,0.35,0.3,0.35,11425
PRAKASHSTL,2019-01-17 00:00:00+05:30,0.35,0.35,0.3,0.3,11720
PRAKASHSTL,2019-01-18 00:00:00+05:30,0.3,0.3,0.3,0.3,6526
PRAKASHSTL,2019-01-21 00:00:00+05:30,0.3,0.3,0.25,0.3,29209
PRAKASHSTL,2019-01-22 00:00:00+05:30,0.3,0.3,0.25,0.3,16950
PRAKASHSTL,2019-01-23 00:00:00+05:30,0.3,0.3,0.3,0.3,1767
PRAKASHSTL,2019-01-24 00:00:00+05:30,0.3,0.3,0.25,0.3,18386
PRAKASHSTL,2019-01-25 00:00:00+05:30,0.3,0.3,0.25,0.3,35124
PRAKASHSTL,2019-01-28 00:00:00+05:30,0.3,0.3,0.3,0.3,1400
PRAKASHSTL,2019-01-29 00:00:00+05:30,0.25,0.3,0.25,0.3,35392
PRAKASHSTL,2019-01-30 00:00:00+05:30,0.3,0.3,0.3,0.3,1866
PRAKASHSTL,2019-01-31 00:00:00+05:30,0.3,0.35,0.3,0.3,24856
PRAKASHSTL,2019-02-01 00:00:00+05:30,0.3,0.35,0.3,0.35,1424
PRAKASHSTL,2019-02-04 00:00:00+05:30,0.3,0.35,0.3,0.3,18268
PRAKASHSTL,2019-02-05 00:00:00+05:30,0.3,0.3,0.25,0.25,20035
PRAKASHSTL,2019-02-06 00:00:00+05:30,0.25,0.3,0.25,0.3,27828
PRAKASHSTL,2019-02-07 00:00:00+05:30,0.25,0.3,0.25,0.3,4320
PRAKASHSTL,2019-02-08 00:00:00+05:30,0.3,0.3,0.25,0.3,25025
PRAKASHSTL,2019-02-11 00:00:00+05:30,0.3,0.3,0.3,0.3,2901
PRAKASHSTL,2019-02-12 00:00:00+05:30,0.3,0.3,0.3,0.3,65686
PRAKASHSTL,2019-02-13 00:00:00+05:30,0.3,0.3,0.25,0.25,17120
PRAKASHSTL,2019-02-14 00:00:00+05:30,0.3,0.3,0.3,0.3,180796
PRAKASHSTL,2019-02-15 00:00:00+05:30,0.3,0.35,0.3,0.35,34564
PRAKASHSTL,2019-02-18 00:00:00+05:30,0.35,0.4,0.35,0.4,146279
PRAKASHSTL,2019-02-19 00:00:00+05:30,0.4,0.45,0.4,0.45,91800
PRAKASHSTL,2019-02-20 00:00:00+05:30,0.45,0.45,0.4,0.4,142652
PRAKASHSTL,2019-02-21 00:00:00+05:30,0.4,0.4,0.35,0.4,113815
PRAKASHSTL,2019-02-22 00:00:00+05:30,0.35,0.4,0.35,0.35,106732
PRAKASHSTL,2019-02-25 00:00:00+05:30,0.35,0.4,0.35,0.35,15397
PRAKASHSTL,2019-02-26 00:00:00+05:30,0.35,0.35,0.3,0.3,5292
PRAKASHSTL,2019-02-27 00:00:00+05:30,0.3,0.35,0.3,0.35,6808
PRAKASHSTL,2019-02-28 00:00:00+05:30,0.35,0.35,0.35,0.35,2700
PRAKASHSTL,2019-03-01 00:00:00+05:30,0.4,0.4,0.35,0.35,26809
PRAKASHSTL,2019-03-05 00:00:00+05:30,0.4,0.4,0.35,0.4,4866
PRAKASHSTL,2019-03-06 00:00:00+05:30,0.4,0.4,0.35,0.35,3791
PRAKASHSTL,2019-03-07 00:00:00+05:30,0.35,0.4,0.35,0.4,23730
PRAKASHSTL,2019-03-08 00:00:00+05:30,0.4,0.4,0.35,0.35,16040
PRAKASHSTL,2019-03-11 00:00:00+05:30,0.35,0.35,0.3,0.3,36440
PRAKASHSTL,2019-03-12 00:00:00+05:30,0.3,0.35,0.3,0.35,19581
PRAKASHSTL,2019-03-13 00:00:00+05:30,0.4,0.4,0.3,0.35,111731
PRAKASHSTL,2019-03-14 00:00:00+05:30,0.35,0.35,0.3,0.3,1221
PRAKASHSTL,2019-03-15 00:00:00+05:30,0.3,0.35,0.3,0.35,28103
PRAKASHSTL,2019-03-18 00:00:00+05:30,0.35,0.35,0.35,0.35,1101
PRAKASHSTL,2019-03-19 00:00:00+05:30,0.4,0.4,0.35,0.35,5810
PRAKASHSTL,2019-03-20 00:00:00+05:30,0.35,0.35,0.3,0.3,67573
PRAKASHSTL,2019-03-22 00:00:00+05:30,0.3,0.35,0.3,0.3,16826
PRAKASHSTL,2019-03-25 00:00:00+05:30,0.3,0.35,0.3,0.35,4289
PRAKASHSTL,2019-03-26 00:00:00+05:30,0.3,0.35,0.3,0.3,8070
PRAKASHSTL,2019-03-27 00:00:00+05:30,0.3,0.3,0.3,0.3,23077
PRAKASHSTL,2019-03-28 00:00:00+05:30,0.35,0.35,0.3,0.3,2191
PRAKASHSTL,2019-03-29 00:00:00+05:30,0.3,0.35,0.3,0.3,18001
PRAKASHSTL,2019-04-01 00:00:00+05:30,0.35,0.35,0.3,0.35,52501
PRAKASHSTL,2019-04-02 00:00:00+05:30,0.3,0.3,0.3,0.3,196661
PRAKASHSTL,2019-04-03 00:00:00+05:30,0.3,0.3,0.25,0.25,207537
PRAKASHSTL,2019-04-04 00:00:00+05:30,0.25,0.25,0.25,0.25,105705
PRAKASHSTL,2019-04-05 00:00:00+05:30,0.25,0.25,0.2,0.25,21820
PRAKASHSTL,2019-04-08 00:00:00+05:30,0.25,0.25,0.25,0.25,76667
PRAKASHSTL,2019-04-09 00:00:00+05:30,0.25,0.25,0.25,0.25,99020
PRAKASHSTL,2019-04-10 00:00:00+05:30,0.3,0.3,0.25,0.25,288315
PRAKASHSTL,2019-04-11 00:00:00+05:30,0.25,0.3,0.25,0.3,32898
PRAKASHSTL,2019-04-12 00:00:00+05:30,0.3,0.3,0.3,0.3,15098
PRAKASHSTL,2019-04-15 00:00:00+05:30,0.3,0.3,0.3,0.3,7921
PRAKASHSTL,2019-04-16 00:00:00+05:30,0.3,0.3,0.25,0.25,7820
PRAKASHSTL,2019-04-18 00:00:00+05:30,0.25,0.3,0.25,0.3,42377
PRAKASHSTL,2019-04-22 00:00:00+05:30,0.3,0.3,0.25,0.25,143660
PRAKASHSTL,2019-04-23 00:00:00+05:30,0.25,0.3,0.25,0.25,85243
PRAKASHSTL,2019-04-24 00:00:00+05:30,0.25,0.3,0.25,0.3,27550
PRAKASHSTL,2019-04-25 00:00:00+05:30,0.25,0.3,0.25,0.3,17515
PRAKASHSTL,2019-04-26 00:00:00+05:30,0.3,0.3,0.25,0.3,23003
PRAKASHSTL,2019-04-30 00:00:00+05:30,0.3,0.3,0.25,0.25,14000
PRAKASHSTL,2019-05-02 00:00:00+05:30,0.25,0.25,0.25,0.25,750
PRAKASHSTL,2019-05-03 00:00:00+05:30,0.3,0.3,0.25,0.25,16952
PRAKASHSTL,2019-05-06 00:00:00+05:30,0.25,0.3,0.25,0.3,14986
PRAKASHSTL,2019-05-07 00:00:00+05:30,0.3,0.3,0.25,0.25,9581
PRAKASHSTL,2019-05-08 00:00:00+05:30,0.25,0.25,0.25,0.25,47000
PRAKASHSTL,2019-05-09 00:00:00+05:30,0.25,0.3,0.25,0.3,67113
PRAKASHSTL,2019-05-10 00:00:00+05:30,0.25,0.25,0.25,0.25,66864
PRAKASHSTL,2019-05-13 00:00:00+05:30,0.2,0.25,0.2,0.25,6450
PRAKASHSTL,2019-05-14 00:00:00+05:30,0.25,0.25,0.25,0.25,1300
PRAKASHSTL,2019-05-15 00:00:00+05:30,0.25,0.25,0.25,0.25,77100
PRAKASHSTL,2019-05-16 00:00:00+05:30,0.25,0.25,0.25,0.25,3100
PRAKASHSTL,2019-05-17 00:00:00+05:30,0.25,0.25,0.25,0.25,111500
PRAKASHSTL,2019-05-20 00:00:00+05:30,0.25,0.3,0.25,0.3,85270
PRAKASHSTL,2019-05-21 00:00:00+05:30,0.3,0.3,0.25,0.3,35100
PRAKASHSTL,2019-05-22 00:00:00+05:30,0.25,0.3,0.25,0.25,232171
PRAKASHSTL,2019-05-23 00:00:00+05:30,0.25,0.3,0.25,0.3,6100
PRAKASHSTL,2019-05-24 00:00:00+05:30,0.25,0.3,0.25,0.3,122800
PRAKASHSTL,2019-05-27 00:00:00+05:30,0.25,0.25,0.25,0.25,606211
PRAKASHSTL,2019-05-28 00:00:00+05:30,0.25,0.25,0.25,0.25,27481
PRAKASHSTL,2019-05-29 00:00:00+05:30,0.25,0.25,0.25,0.25,6160
PRAKASHSTL,2019-05-30 00:00:00+05:30,0.25,0.25,0.2,0.25,11850
PRAKASHSTL,2019-05-31 00:00:00+05:30,0.25,0.25,0.25,0.25,23450
PRAKASHSTL,2019-06-03 00:00:00+05:30,0.25,0.25,0.2,0.2,13100
PRAKASHSTL,2019-06-04 00:00:00+05:30,0.25,0.25,0.25,0.25,6226
PRAKASHSTL,2019-06-06 00:00:00+05:30,0.25,0.25,0.25,0.25,6940
PRAKASHSTL,2019-06-07 00:00:00+05:30,0.25,0.25,0.25,0.25,20435
PRAKASHSTL,2019-06-10 00:00:00+05:30,0.25,0.25,0.2,0.2,77600
PRAKASHSTL,2019-06-11 00:00:00+05:30,0.25,0.25,0.2,0.25,10505
PRAKASHSTL,2019-06-12 00:00:00+05:30,0.25,0.25,0.2,0.25,28750
PRAKASHSTL,2019-06-13 00:00:00+05:30,0.25,0.3,0.25,0.3,74462
PRAKASHSTL,2019-06-14 00:00:00+05:30,0.3,0.3,0.25,0.3,29300
PRAKASHSTL,2019-06-17 00:00:00+05:30,0.25,0.25,0.25,0.25,39375
PRAKASHSTL,2019-06-18 00:00:00+05:30,0.25,0.25,0.25,0.25,151000
PRAKASHSTL,2019-06-19 00:00:00+05:30,0.25,0.25,0.25,0.25,5925
PRAKASHSTL,2019-06-20 00:00:00+05:30,0.25,0.25,0.25,0.25,5900
PRAKASHSTL,2019-06-24 00:00:00+05:30,0.25,0.25,0.25,0.25,6600
PRAKASHSTL,2019-06-26 00:00:00+05:30,0.25,0.25,0.25,0.25,2101
PRAKASHSTL,2019-06-27 00:00:00+05:30,0.25,0.25,0.25,0.25,7999
PRAKASHSTL,2019-06-28 00:00:00+05:30,0.25,0.25,0.25,0.25,7750
PRAKASHSTL,2019-07-01 00:00:00+05:30,0.25,0.25,0.2,0.25,5909
PRAKASHSTL,2019-07-02 00:00:00+05:30,0.25,0.25,0.25,0.25,5150
PRAKASHSTL,2019-07-03 00:00:00+05:30,0.25,0.25,0.25,0.25,100
PRAKASHSTL,2019-07-05 00:00:00+05:30,0.25,0.25,0.25,0.25,22404
PRAKASHSTL,2019-07-08 00:00:00+05:30,0.25,0.25,0.25,0.25,16505
PRAKASHSTL,2019-07-09 00:00:00+05:30,0.25,0.25,0.2,0.25,27260
PRAKASHSTL,2019-07-10 00:00:00+05:30,0.25,0.25,0.25,0.25,59053
PRAKASHSTL,2019-07-11 00:00:00+05:30,0.2,0.25,0.2,0.25,20270
PRAKASHSTL,2019-07-12 00:00:00+05:30,0.25,0.25,0.2,0.2,468950
PRAKASHSTL,2019-07-15 00:00:00+05:30,0.25,0.25,0.25,0.25,323478
PRAKASHSTL,2019-07-16 00:00:00+05:30,0.25,0.25,0.25,0.25,7481
PRAKASHSTL,2019-07-17 00:00:00+05:30,0.25,0.25,0.25,0.25,36000
PRAKASHSTL,2019-07-18 00:00:00+05:30,0.25,0.25,0.25,0.25,41636
PRAKASHSTL,2019-07-19 00:00:00+05:30,0.25,0.25,0.25,0.25,21800
PRAKASHSTL,2019-07-22 00:00:00+05:30,0.2,0.25,0.2,0.25,26
PRAKASHSTL,2019-07-23 00:00:00+05:30,0.25,0.25,0.25,0.25,9000
PRAKASHSTL,2019-07-24 00:00:00+05:30,0.25,0.25,0.2,0.25,85000
PRAKASHSTL,2019-07-25 00:00:00+05:30,0.25,0.25,0.2,0.2,27500
PRAKASHSTL,2019-07-29 00:00:00+05:30,0.2,0.2,0.15,0.2,137800
PRAKASHSTL,2019-07-31 00:00:00+05:30,0.2,0.25,0.2,0.25,13102
PRAKASHSTL,2019-08-01 00:00:00+05:30,0.25,0.25,0.2,0.25,6928
PRAKASHSTL,2019-08-02 00:00:00+05:30,0.2,0.25,0.2,0.25,16224
PRAKASHSTL,2019-08-05 00:00:00+05:30,0.2,0.25,0.2,0.25,5100
PRAKASHSTL,2019-08-06 00:00:00+05:30,0.2,0.25,0.2,0.25,6800
PRAKASHSTL,2019-08-07 00:00:00+05:30,0.2,0.25,0.2,0.25,60260
PRAKASHSTL,2019-08-08 00:00:00+05:30,0.2,0.2,0.2,0.2,1000
PRAKASHSTL,2019-08-09 00:00:00+05:30,0.25,0.25,0.2,0.2,5954
PRAKASHSTL,2019-08-13 00:00:00+05:30,0.25,0.25,0.2,0.2,5202
PRAKASHSTL,2019-08-14 00:00:00+05:30,0.2,0.25,0.2,0.2,8551
PRAKASHSTL,2019-08-16 00:00:00+05:30,0.2,0.25,0.2,0.25,6500
PRAKASHSTL,2019-08-19 00:00:00+05:30,0.25,0.25,0.2,0.2,14910
PRAKASHSTL,2019-08-20 00:00:00+05:30,0.2,0.25,0.2,0.25,25400
PRAKASHSTL,2019-08-21 00:00:00+05:30,0.25,0.25,0.2,0.2,2500
PRAKASHSTL,2019-08-22 00:00:00+05:30,0.15,0.15,0.15,0.15,105200
PRAKASHSTL,2019-08-23 00:00:00+05:30,0.15,0.2,0.15,0.2,44131
PRAKASHSTL,2019-08-26 00:00:00+05:30,0.2,0.2,0.2,0.2,23700
PRAKASHSTL,2019-08-27 00:00:00+05:30,0.2,0.2,0.2,0.2,10950
PRAKASHSTL,2019-08-28 00:00:00+05:30,0.2,0.2,0.2,0.2,4850
PRAKASHSTL,2019-08-29 00:00:00+05:30,0.2,0.2,0.2,0.2,7706
PRAKASHSTL,2019-08-30 00:00:00+05:30,0.2,0.25,0.2,0.25,3401
PRAKASHSTL,2019-09-03 00:00:00+05:30,0.2,0.2,0.2,0.2,5001
PRAKASHSTL,2019-09-04 00:00:00+05:30,0.2,0.25,0.2,0.25,1100
PRAKASHSTL,2019-09-05 00:00:00+05:30,0.25,0.25,0.2,0.2,37850
PRAKASHSTL,2019-09-06 00:00:00+05:30,0.2,0.25,0.2,0.25,720
PRAKASHSTL,2019-09-09 00:00:00+05:30,0.25,0.25,0.2,0.25,19751
PRAKASHSTL,2019-09-11 00:00:00+05:30,0.25,0.25,0.25,0.25,1495
PRAKASHSTL,2019-09-12 00:00:00+05:30,0.25,0.25,0.25,0.25,42000
PRAKASHSTL,2019-09-13 00:00:00+05:30,0.2,0.2,0.2,0.2,18988
PRAKASHSTL,2019-09-16 00:00:00+05:30,0.2,0.2,0.2,0.2,10000
PRAKASHSTL,2019-09-17 00:00:00+05:30,0.2,0.2,0.2,0.2,1000
PRAKASHSTL,2019-09-18 00:00:00+05:30,0.2,0.2,0.2,0.2,6051
PRAKASHSTL,2019-09-19 00:00:00+05:30,0.2,0.2,0.2,0.2,500
PRAKASHSTL,2019-09-20 00:00:00+05:30,0.2,0.2,0.15,0.15,73439
PRAKASHSTL,2019-09-23 00:00:00+05:30,0.2,0.2,0.2,0.2,53250
PRAKASHSTL,2019-09-24 00:00:00+05:30,0.2,0.25,0.2,0.25,5350
PRAKASHSTL,2019-09-25 00:00:00+05:30,0.2,0.25,0.2,0.25,36575
PRAKASHSTL,2019-09-26 00:00:00+05:30,0.2,0.2,0.2,0.2,5600
PRAKASHSTL,2019-09-27 00:00:00+05:30,0.2,0.2,0.2,0.2,19940
PRAKASHSTL,2019-09-30 00:00:00+05:30,0.2,0.2,0.2,0.2,31335
PRAKASHSTL,2019-10-01 00:00:00+05:30,0.2,0.2,0.15,0.15,3200
PRAKASHSTL,2019-10-03 00:00:00+05:30,0.15,0.2,0.15,0.2,1653
PRAKASHSTL,2019-10-04 00:00:00+05:30,0.2,0.25,0.2,0.25,4265
PRAKASHSTL,2019-10-07 00:00:00+05:30,0.25,0.25,0.2,0.2,8975
PRAKASHSTL,2019-10-09 00:00:00+05:30,0.15,0.25,0.15,0.25,13856
PRAKASHSTL,2019-10-10 00:00:00+05:30,0.25,0.25,0.2,0.2,71989
PRAKASHSTL,2019-10-11 00:00:00+05:30,0.2,0.25,0.2,0.25,31750
PRAKASHSTL,2019-10-14 00:00:00+05:30,0.25,0.25,0.25,0.25,12170
PRAKASHSTL,2019-10-15 00:00:00+05:30,0.2,0.2,0.2,0.2,57610
PRAKASHSTL,2019-10-16 00:00:00+05:30,0.2,0.2,0.2,0.2,5200
PRAKASHSTL,2019-10-17 00:00:00+05:30,0.2,0.2,0.2,0.2,5
PRAKASHSTL,2019-10-18 00:00:00+05:30,0.2,0.2,0.2,0.2,6000
PRAKASHSTL,2019-10-22 00:00:00+05:30,0.2,0.2,0.2,0.2,18000
PRAKASHSTL,2019-10-23 00:00:00+05:30,0.2,0.2,0.2,0.2,123250
PRAKASHSTL,2019-10-24 00:00:00+05:30,0.2,0.25,0.2,0.2,128037
PRAKASHSTL,2019-10-25 00:00:00+05:30,0.2,0.2,0.2,0.2,229100
PRAKASHSTL,2019-10-29 00:00:00+05:30,0.25,0.25,0.15,0.25,15052
PRAKASHSTL,2019-10-30 00:00:00+05:30,0.25,0.25,0.2,0.2,24412
PRAKASHSTL,2019-10-31 00:00:00+05:30,0.25,0.25,0.2,0.2,32801
PRAKASHSTL,2019-11-01 00:00:00+05:30,0.2,0.2,0.2,0.2,10358
PRAKASHSTL,2019-11-04 00:00:00+05:30,0.2,0.2,0.2,0.2,81656
PRAKASHSTL,2019-11-05 00:00:00+05:30,0.2,0.2,0.2,0.2,100957
PRAKASHSTL,2019-11-06 00:00:00+05:30,0.2,0.2,0.15,0.2,25851
PRAKASHSTL,2019-11-07 00:00:00+05:30,0.2,0.2,0.15,0.2,75785
PRAKASHSTL,2019-11-08 00:00:00+05:30,0.25,0.25,0.2,0.2,13734
PRAKASHSTL,2019-11-11 00:00:00+05:30,0.2,0.25,0.2,0.2,27999
PRAKASHSTL,2019-11-13 00:00:00+05:30,0.2,0.25,0.2,0.25,109012
PRAKASHSTL,2019-11-14 00:00:00+05:30,0.25,0.25,0.2,0.2,5221
PRAKASHSTL,2019-11-15 00:00:00+05:30,0.25,0.25,0.25,0.25,22561
PRAKASHSTL,2019-11-18 00:00:00+05:30,0.25,0.25,0.2,0.2,10492
PRAKASHSTL,2019-11-19 00:00:00+05:30,0.2,0.2,0.15,0.15,38000
PRAKASHSTL,2019-11-20 00:00:00+05:30,0.15,0.2,0.15,0.2,16439
PRAKASHSTL,2019-11-21 00:00:00+05:30,0.25,0.25,0.15,0.2,19740
PRAKASHSTL,2019-11-22 00:00:00+05:30,0.15,0.2,0.15,0.2,99351
PRAKASHSTL,2019-11-25 00:00:00+05:30,0.2,0.2,0.2,0.2,70920
PRAKASHSTL,2019-11-26 00:00:00+05:30,0.2,0.2,0.2,0.2,13071
PRAKASHSTL,2019-11-27 00:00:00+05:30,0.25,0.25,0.2,0.2,19535
PRAKASHSTL,2019-11-28 00:00:00+05:30,0.25,0.25,0.2,0.2,33050
PRAKASHSTL,2019-11-29 00:00:00+05:30,0.2,0.25,0.2,0.2,4010
PRAKASHSTL,2019-12-02 00:00:00+05:30,0.25,0.25,0.25,0.25,31890
PRAKASHSTL,2019-12-03 00:00:00+05:30,0.25,0.25,0.25,0.25,22606
PRAKASHSTL,2019-12-04 00:00:00+05:30,0.2,0.25,0.2,0.25,17000
PRAKASHSTL,2019-12-05 00:00:00+05:30,0.25,0.25,0.2,0.25,27530
PRAKASHSTL,2019-12-06 00:00:00+05:30,0.25,0.25,0.25,0.25,4310
PRAKASHSTL,2019-12-09 00:00:00+05:30,0.2,0.2,0.2,0.2,800
PRAKASHSTL,2019-12-10 00:00:00+05:30,0.15,0.2,0.15,0.2,10051
PRAKASHSTL,2019-12-11 00:00:00+05:30,0.2,0.2,0.2,0.2,1250
PRAKASHSTL,2019-12-12 00:00:00+05:30,0.25,0.25,0.2,0.2,9820
PRAKASHSTL,2019-12-13 00:00:00+05:30,0.25,0.25,0.2,0.2,7700
PRAKASHSTL,2019-12-16 00:00:00+05:30,0.25,0.25,0.2,0.2,2552
PRAKASHSTL,2019-12-17 00:00:00+05:30,0.2,0.25,0.2,0.25,1050
PRAKASHSTL,2019-12-18 00:00:00+05:30,0.2,0.2,0.2,0.2,10004
PRAKASHSTL,2019-12-19 00:00:00+05:30,0.2,0.2,0.2,0.2,1500
PRAKASHSTL,2019-12-20 00:00:00+05:30,0.2,0.25,0.2,0.25,48298
PRAKASHSTL,2019-12-23 00:00:00+05:30,0.25,0.25,0.2,0.2,6635
PRAKASHSTL,2019-12-24 00:00:00+05:30,0.2,0.25,0.2,0.25,13602
PRAKASHSTL,2019-12-26 00:00:00+05:30,0.25,0.25,0.25,0.25,104500
PRAKASHSTL,2019-12-27 00:00:00+05:30,0.25,0.3,0.25,0.25,16000
PRAKASHSTL,2019-12-30 00:00:00+05:30,0.25,0.25,0.25,0.25,20
PRAKASHSTL,2019-12-31 00:00:00+05:30,0.2,0.25,0.2,0.25,14501
PRAKASHSTL,2020-01-01 00:00:00+05:30,0.25,0.25,0.25,0.25,12849
PRAKASHSTL,2020-01-02 00:00:00+05:30,0.25,0.25,0.2,0.25,46398
PRAKASHSTL,2020-01-03 00:00:00+05:30,0.25,0.25,0.25,0.25,45562
PRAKASHSTL,2020-01-06 00:00:00+05:30,0.25,0.25,0.25,0.25,30003
PRAKASHSTL,2020-01-07 00:00:00+05:30,0.2,0.25,0.2,0.2,1517
PRAKASHSTL,2020-01-08 00:00:00+05:30,0.2,0.25,0.2,0.25,25511
PRAKASHSTL,2020-01-09 00:00:00+05:30,0.2,0.2,0.2,0.2,22000
PRAKASHSTL,2020-01-10 00:00:00+05:30,0.2,0.2,0.2,0.2,1000
PRAKASHSTL,2020-01-13 00:00:00+05:30,0.2,0.2,0.2,0.2,2076
PRAKASHSTL,2020-01-14 00:00:00+05:30,0.2,0.2,0.2,0.2,5358
PRAKASHSTL,2020-01-15 00:00:00+05:30,0.25,0.25,0.25,0.25,12525
PRAKASHSTL,2020-01-16 00:00:00+05:30,0.25,0.25,0.2,0.2,45046
PRAKASHSTL,2020-01-17 00:00:00+05:30,0.25,0.25,0.2,0.2,1200
PRAKASHSTL,2020-01-20 00:00:00+05:30,0.2,0.2,0.2,0.2,8000
PRAKASHSTL,2020-01-21 00:00:00+05:30,0.2,0.25,0.2,0.25,20700
PRAKASHSTL,2020-01-22 00:00:00+05:30,0.25,0.25,0.2,0.25,5466
PRAKASHSTL,2020-01-23 00:00:00+05:30,0.25,0.25,0.25,0.25,13600
PRAKASHSTL,2020-01-24 00:00:00+05:30,0.25,0.25,0.2,0.2,9901
PRAKASHSTL,2020-01-27 00:00:00+05:30,0.25,0.25,0.25,0.25,22402
PRAKASHSTL,2020-01-28 00:00:00+05:30,0.25,0.25,0.25,0.25,1440
PRAKASHSTL,2020-01-29 00:00:00+05:30,0.25,0.25,0.25,0.25,11540
PRAKASHSTL,2020-02-01 00:00:00+05:30,0.25,0.25,0.2,0.2,2500
PRAKASHSTL,2020-02-03 00:00:00+05:30,0.2,0.25,0.2,0.2,6620
PRAKASHSTL,2020-02-04 00:00:00+05:30,0.2,0.2,0.2,0.2,43749
PRAKASHSTL,2020-02-05 00:00:00+05:30,0.2,0.25,0.2,0.25,60851
PRAKASHSTL,2020-02-06 00:00:00+05:30,0.2,0.25,0.2,0.25,12150
PRAKASHSTL,2020-02-07 00:00:00+05:30,0.2,0.25,0.2,0.25,11363
PRAKASHSTL,2020-02-10 00:00:00+05:30,0.2,0.25,0.2,0.25,1100
PRAKASHSTL,2020-02-11 00:00:00+05:30,0.2,0.25,0.2,0.25,7850
PRAKASHSTL,2020-02-12 00:00:00+05:30,0.25,0.25,0.2,0.2,6256
PRAKASHSTL,2020-02-13 00:00:00+05:30,0.15,0.2,0.15,0.2,8050
PRAKASHSTL,2020-02-14 00:00:00+05:30,0.2,0.2,0.2,0.2,22930
PRAKASHSTL,2020-02-17 00:00:00+05:30,0.2,0.2,0.2,0.2,91109
PRAKASHSTL,2020-02-18 00:00:00+05:30,0.2,0.2,0.2,0.2,800
PRAKASHSTL,2020-02-19 00:00:00+05:30,0.2,0.25,0.2,0.2,20493
PRAKASHSTL,2020-02-20 00:00:00+05:30,0.2,0.2,0.2,0.2,73391
PRAKASHSTL,2020-02-24 00:00:00+05:30,0.2,0.2,0.15,0.2,16059
PRAKASHSTL,2020-02-25 00:00:00+05:30,0.2,0.2,0.2,0.2,22975
PRAKASHSTL,2020-02-26 00:00:00+05:30,0.2,0.2,0.15,0.2,2800
PRAKASHSTL,2020-02-27 00:00:00+05:30,0.2,0.2,0.2,0.2,3100
PRAKASHSTL,2020-02-28 00:00:00+05:30,0.2,0.2,0.15,0.2,17000
PRAKASHSTL,2020-03-02 00:00:00+05:30,0.2,0.2,0.2,0.2,10301
PRAKASHSTL,2020-03-03 00:00:00+05:30,0.2,0.2,0.2,0.2,300
PRAKASHSTL,2020-03-04 00:00:00+05:30,0.2,0.2,0.15,0.2,4000
PRAKASHSTL,2020-03-05 00:00:00+05:30,0.2,0.2,0.2,0.2,200
PRAKASHSTL,2020-03-06 00:00:00+05:30,0.15,0.2,0.15,0.2,1560
PRAKASHSTL,2020-03-09 00:00:00+05:30,0.15,0.2,0.15,0.2,22160
PRAKASHSTL,2020-03-11 00:00:00+05:30,0.15,0.2,0.15,0.2,24009
PRAKASHSTL,2020-03-12 00:00:00+05:30,0.2,0.2,0.15,0.2,96345
PRAKASHSTL,2020-03-13 00:00:00+05:30,0.2,0.2,0.15,0.2,4601
PRAKASHSTL,2020-03-16 00:00:00+05:30,0.2,0.2,0.15,0.2,5424
PRAKASHSTL,2020-03-17 00:00:00+05:30,0.2,0.2,0.2,0.2,11400
PRAKASHSTL,2020-03-18 00:00:00+05:30,0.2,0.2,0.2,0.2,2050
PRAKASHSTL,2020-03-19 00:00:00+05:30,0.2,0.2,0.2,0.2,90437
PRAKASHSTL,2020-03-20 00:00:00+05:30,0.15,0.2,0.15,0.2,299626
PRAKASHSTL,2020-03-24 00:00:00+05:30,0.15,0.2,0.15,0.2,10160
PRAKASHSTL,2020-03-25 00:00:00+05:30,0.2,0.2,0.2,0.2,4075
PRAKASHSTL,2020-03-26 00:00:00+05:30,0.15,0.2,0.15,0.2,4000
PRAKASHSTL,2020-03-27 00:00:00+05:30,0.15,0.2,0.15,0.2,6900
PRAKASHSTL,2020-03-30 00:00:00+05:30,0.2,0.2,0.15,0.15,23233
PRAKASHSTL,2020-03-31 00:00:00+05:30,0.15,0.15,0.15,0.15,37832
PRAKASHSTL,2020-04-03 00:00:00+05:30,0.15,0.2,0.15,0.2,2229
PRAKASHSTL,2020-04-07 00:00:00+05:30,0.2,0.2,0.2,0.2,1006
PRAKASHSTL,2020-04-08 00:00:00+05:30,0.2,0.2,0.2,0.2,2500
PRAKASHSTL,2020-04-09 00:00:00+05:30,0.15,0.2,0.15,0.2,21511
PRAKASHSTL,2020-04-13 00:00:00+05:30,0.2,0.25,0.15,0.2,155047
PRAKASHSTL,2020-04-15 00:00:00+05:30,0.2,0.25,0.15,0.25,107636
PRAKASHSTL,2020-04-16 00:00:00+05:30,0.25,0.25,0.2,0.25,104958
PRAKASHSTL,2020-04-17 00:00:00+05:30,0.2,0.25,0.2,0.25,376944
PRAKASHSTL,2020-04-20 00:00:00+05:30,0.25,0.25,0.2,0.2,185402
PRAKASHSTL,2020-04-21 00:00:00+05:30,0.2,0.25,0.2,0.25,119771
PRAKASHSTL,2020-04-22 00:00:00+05:30,0.25,0.25,0.2,0.2,80312
PRAKASHSTL,2020-04-23 00:00:00+05:30,0.25,0.25,0.2,0.25,148336
PRAKASHSTL,2020-04-24 00:00:00+05:30,0.25,0.25,0.2,0.2,77006
PRAKASHSTL,2020-04-27 00:00:00+05:30,0.25,0.25,0.2,0.25,57641
PRAKASHSTL,2020-04-28 00:00:00+05:30,0.25,0.25,0.2,0.25,159704
PRAKASHSTL,2020-04-29 00:00:00+05:30,0.25,0.25,0.2,0.25,67672
PRAKASHSTL,2020-04-30 00:00:00+05:30,0.2,0.25,0.2,0.2,153560
PRAKASHSTL,2020-05-04 00:00:00+05:30,0.2,0.25,0.2,0.2,94974
PRAKASHSTL,2020-05-05 00:00:00+05:30,0.2,0.25,0.2,0.25,185309
PRAKASHSTL,2020-05-06 00:00:00+05:30,0.2,0.25,0.2,0.25,50562
PRAKASHSTL,2020-05-07 00:00:00+05:30,0.25,0.25,0.2,0.25,22870
PRAKASHSTL,2020-05-08 00:00:00+05:30,0.25,0.3,0.2,0.25,493952
PRAKASHSTL,2020-05-11 00:00:00+05:30,0.25,0.3,0.2,0.3,305994
PRAKASHSTL,2020-05-12 00:00:00+05:30,0.3,0.3,0.25,0.3,327553
PRAKASHSTL,2020-05-13 00:00:00+05:30,0.35,0.35,0.3,0.3,248787
PRAKASHSTL,2020-05-14 00:00:00+05:30,0.25,0.35,0.25,0.35,484020
PRAKASHSTL,2020-05-15 00:00:00+05:30,0.4,0.4,0.35,0.4,374754
PRAKASHSTL,2020-05-18 00:00:00+05:30,0.45,0.45,0.4,0.45,1207498
PRAKASHSTL,2020-05-19 00:00:00+05:30,0.5,0.5,0.5,0.5,415441
PRAKASHSTL,2020-05-20 00:00:00+05:30,0.55,0.55,0.55,0.55,602241
PRAKASHSTL,2020-05-21 00:00:00+05:30,0.6,0.6,0.6,0.6,339284
PRAKASHSTL,2020-05-22 00:00:00+05:30,0.65,0.65,0.65,0.65,405436
PRAKASHSTL,2020-05-26 00:00:00+05:30,0.7,0.7,0.7,0.7,339318
PRAKASHSTL,2020-05-27 00:00:00+05:30,0.75,0.75,0.75,0.75,232310
PRAKASHSTL,2020-05-28 00:00:00+05:30,0.8,0.8,0.7,0.8,2927681
PRAKASHSTL,2020-05-29 00:00:00+05:30,0.85,0.85,0.85,0.85,687964
PRAKASHSTL,2020-06-01 00:00:00+05:30,0.9,0.9,0.85,0.9,816742
PRAKASHSTL,2020-06-02 00:00:00+05:30,0.95,0.95,0.95,0.95,325488
PRAKASHSTL,2020-06-03 00:00:00+05:30,1.0,1.0,1.0,1.0,1084897
PRAKASHSTL,2020-06-04 00:00:00+05:30,1.05,1.05,1.05,1.05,510328
PRAKASHSTL,2020-06-05 00:00:00+05:30,1.1,1.1,1.1,1.1,801427
PRAKASHSTL,2020-06-08 00:00:00+05:30,1.15,1.15,1.15,1.15,546853
PRAKASHSTL,2020-06-09 00:00:00+05:30,1.2,1.2,1.2,1.2,179320
PRAKASHSTL,2020-06-10 00:00:00+05:30,1.25,1.25,1.25,1.25,403926
PRAKASHSTL,2020-06-11 00:00:00+05:30,1.3,1.3,1.3,1.3,828385
PRAKASHSTL,2020-06-12 00:00:00+05:30,1.35,1.35,1.35,1.35,920696
PRAKASHSTL,2020-06-15 00:00:00+05:30,1.4,1.4,1.4,1.4,196467
PRAKASHSTL,2020-06-16 00:00:00+05:30,1.45,1.45,1.45,1.45,672312
PRAKASHSTL,2020-06-17 00:00:00+05:30,1.5,1.5,1.5,1.5,848103
PRAKASHSTL,2020-06-18 00:00:00+05:30,1.55,1.55,1.55,1.55,415778
PRAKASHSTL,2020-06-19 00:00:00+05:30,1.6,1.6,1.6,1.6,267346
PRAKASHSTL,2020-06-22 00:00:00+05:30,1.65,1.65,1.65,1.65,548248
PRAKASHSTL,2020-06-23 00:00:00+05:30,1.7,1.7,1.7,1.7,225717
PRAKASHSTL,2020-06-24 00:00:00+05:30,1.75,1.75,1.75,1.75,290955
PRAKASHSTL,2020-06-25 00:00:00+05:30,1.8,1.8,1.8,1.8,204159
PRAKASHSTL,2020-06-26 00:00:00+05:30,1.85,1.85,1.85,1.85,361831
PRAKASHSTL,2020-06-29 00:00:00+05:30,1.9,1.9,1.9,1.9,702690
PRAKASHSTL,2020-06-30 00:00:00+05:30,1.95,1.95,1.95,1.95,475146
PRAKASHSTL,2020-07-01 00:00:00+05:30,2.0,2.0,2.0,2.0,631140
PRAKASHSTL,2020-07-02 00:00:00+05:30,2.1,2.1,1.9,1.9,4238295
PRAKASHSTL,2020-07-03 00:00:00+05:30,1.85,1.85,1.85,1.85,376968
PRAKASHSTL,2020-07-06 00:00:00+05:30,1.8,1.8,1.8,1.8,166723
PRAKASHSTL,2020-07-07 00:00:00+05:30,1.75,1.75,1.75,1.75,124082
PRAKASHSTL,2020-07-08 00:00:00+05:30,1.7,1.7,1.7,1.7,103165
PRAKASHSTL,2020-07-09 00:00:00+05:30,1.65,1.65,1.65,1.65,41921
PRAKASHSTL,2020-07-10 00:00:00+05:30,1.6,1.6,1.6,1.6,118587
PRAKASHSTL,2020-07-13 00:00:00+05:30,1.55,1.55,1.55,1.55,63443
PRAKASHSTL,2020-07-14 00:00:00+05:30,1.5,1.5,1.5,1.5,13808
PRAKASHSTL,2020-07-15 00:00:00+05:30,1.45,1.45,1.45,1.45,28326
PRAKASHSTL,2020-07-16 00:00:00+05:30,1.4,1.4,1.4,1.4,20885
PRAKASHSTL,2020-07-17 00:00:00+05:30,1.35,1.35,1.35,1.35,200681
PRAKASHSTL,2020-07-20 00:00:00+05:30,1.3,1.3,1.3,1.3,23554
PRAKASHSTL,2020-07-21 00:00:00+05:30,1.25,1.25,1.25,1.25,21009
PRAKASHSTL,2020-07-22 00:00:00+05:30,1.2,1.2,1.2,1.2,105422
PRAKASHSTL,2020-07-23 00:00:00+05:30,1.15,1.15,1.15,1.15,23097
PRAKASHSTL,2020-07-24 00:00:00+05:30,1.1,1.1,1.1,1.1,279345
PRAKASHSTL,2020-07-27 00:00:00+05:30,1.05,1.05,1.05,1.05,64762
PRAKASHSTL,2020-07-28 00:00:00+05:30,1.0,1.0,1.0,1.0,157056
PRAKASHSTL,2020-07-29 00:00:00+05:30,0.95,0.95,0.95,0.95,23816
PRAKASHSTL,2020-07-30 00:00:00+05:30,0.9,0.9,0.9,0.9,47956
PRAKASHSTL,2020-07-31 00:00:00+05:30,0.85,0.85,0.85,0.85,40707
PRAKASHSTL,2020-08-03 00:00:00+05:30,0.8,0.8,0.8,0.8,61542
PRAKASHSTL,2020-08-04 00:00:00+05:30,0.75,0.75,0.75,0.75,93229
PRAKASHSTL,2020-08-05 00:00:00+05:30,0.7,0.8,0.7,0.8,1527047
PRAKASHSTL,2020-08-06 00:00:00+05:30,0.85,0.85,0.85,0.85,217498
PRAKASHSTL,2020-08-07 00:00:00+05:30,0.9,0.9,0.8,0.9,1254001
PRAKASHSTL,2020-08-10 00:00:00+05:30,0.95,0.95,0.9,0.95,923598
PRAKASHSTL,2020-08-11 00:00:00+05:30,1.0,1.0,0.95,1.0,531039
PRAKASHSTL,2020-08-12 00:00:00+05:30,1.05,1.05,1.05,1.05,246172
PRAKASHSTL,2020-08-13 00:00:00+05:30,1.1,1.1,1.1,1.1,162140
PRAKASHSTL,2020-08-14 00:00:00+05:30,1.15,1.15,1.05,1.05,438543
PRAKASHSTL,2020-08-17 00:00:00+05:30,1.0,1.0,1.0,1.0,87072
PRAKASHSTL,2020-08-18 00:00:00+05:30,0.95,0.95,0.95,0.95,213371
PRAKASHSTL,2020-08-19 00:00:00+05:30,0.9,1.0,0.9,1.0,1499587
PRAKASHSTL,2020-08-20 00:00:00+05:30,1.0,1.0,0.95,0.95,1357745
PRAKASHSTL,2020-08-21 00:00:00+05:30,0.9,0.95,0.9,0.9,892135
PRAKASHSTL,2020-08-24 00:00:00+05:30,0.85,0.9,0.85,0.85,403424
PRAKASHSTL,2020-08-25 00:00:00+05:30,0.9,0.9,0.8,0.85,1125933
PRAKASHSTL,2020-08-26 00:00:00+05:30,0.85,0.85,0.8,0.85,442301
PRAKASHSTL,2020-08-27 00:00:00+05:30,0.8,0.85,0.8,0.85,422740
PRAKASHSTL,2020-08-28 00:00:00+05:30,0.85,0.85,0.8,0.8,305288
PRAKASHSTL,2020-08-31 00:00:00+05:30,0.8,0.8,0.75,0.8,457083
PRAKASHSTL,2020-09-01 00:00:00+05:30,0.8,0.8,0.75,0.8,400093
PRAKASHSTL,2020-09-02 00:00:00+05:30,0.75,0.8,0.75,0.75,257958
PRAKASHSTL,2020-09-03 00:00:00+05:30,0.75,0.75,0.7,0.7,189935
PRAKASHSTL,2020-09-04 00:00:00+05:30,0.7,0.75,0.65,0.7,628416
PRAKASHSTL,2020-09-07 00:00:00+05:30,0.7,0.75,0.7,0.75,419171
PRAKASHSTL,2020-09-08 00:00:00+05:30,0.8,0.8,0.7,0.7,698440
PRAKASHSTL,2020-09-09 00:00:00+05:30,0.75,0.75,0.65,0.7,331490
PRAKASHSTL,2020-09-10 00:00:00+05:30,0.7,0.75,0.65,0.7,191949
PRAKASHSTL,2020-09-11 00:00:00+05:30,0.7,0.7,0.65,0.7,136126
PRAKASHSTL,2020-09-14 00:00:00+05:30,0.7,0.75,0.65,0.7,285794
PRAKASHSTL,2020-09-15 00:00:00+05:30,0.7,0.75,0.65,0.75,356707
PRAKASHSTL,2020-09-16 00:00:00+05:30,0.8,0.8,0.7,0.75,336162
PRAKASHSTL,2020-09-17 00:00:00+05:30,0.75,0.8,0.7,0.75,206306
PRAKASHSTL,2020-09-18 00:00:00+05:30,0.7,0.8,0.7,0.75,311179
PRAKASHSTL,2020-09-21 00:00:00+05:30,0.75,0.8,0.7,0.7,369900
PRAKASHSTL,2020-09-22 00:00:00+05:30,0.7,0.75,0.7,0.7,111575
PRAKASHSTL,2020-09-23 00:00:00+05:30,0.75,0.75,0.7,0.7,61318
PRAKASHSTL,2020-09-24 00:00:00+05:30,0.75,0.75,0.65,0.65,309793
PRAKASHSTL,2020-09-25 00:00:00+05:30,0.65,0.7,0.6,0.7,191655
PRAKASHSTL,2020-09-28 00:00:00+05:30,0.65,0.7,0.65,0.7,93990
PRAKASHSTL,2020-09-29 00:00:00+05:30,0.65,0.7,0.65,0.65,88506
PRAKASHSTL,2020-09-30 00:00:00+05:30,0.7,0.7,0.65,0.7,125485
PRAKASHSTL,2020-10-01 00:00:00+05:30,0.65,0.7,0.65,0.65,144849
PRAKASHSTL,2020-10-05 00:00:00+05:30,0.7,0.7,0.6,0.65,170603
PRAKASHSTL,2020-10-06 00:00:00+05:30,0.65,0.7,0.6,0.65,39721
PRAKASHSTL,2020-10-07 00:00:00+05:30,0.65,0.7,0.65,0.7,74061
PRAKASHSTL,2020-10-08 00:00:00+05:30,0.7,0.7,0.65,0.65,151811
PRAKASHSTL,2020-10-09 00:00:00+05:30,0.65,0.7,0.65,0.65,93711
PRAKASHSTL,2020-10-12 00:00:00+05:30,0.65,0.7,0.6,0.65,89990
PRAKASHSTL,2020-10-13 00:00:00+05:30,0.65,0.65,0.6,0.6,60404
PRAKASHSTL,2020-10-14 00:00:00+05:30,0.6,0.65,0.55,0.6,163639
PRAKASHSTL,2020-10-15 00:00:00+05:30,0.6,0.6,0.55,0.55,135166
PRAKASHSTL,2020-10-16 00:00:00+05:30,0.6,0.6,0.55,0.55,76817
PRAKASHSTL,2020-10-19 00:00:00+05:30,0.55,0.6,0.55,0.6,60600
PRAKASHSTL,2020-10-20 00:00:00+05:30,0.6,0.65,0.55,0.65,170144
PRAKASHSTL,2020-10-21 00:00:00+05:30,0.6,0.65,0.6,0.6,107599
PRAKASHSTL,2020-10-22 00:00:00+05:30,0.6,0.65,0.6,0.65,81773
PRAKASHSTL,2020-10-23 00:00:00+05:30,0.65,0.7,0.6,0.65,213056
PRAKASHSTL,2020-10-26 00:00:00+05:30,0.65,0.7,0.65,0.65,153061
PRAKASHSTL,2020-10-27 00:00:00+05:30,0.65,0.7,0.65,0.65,163856
PRAKASHSTL,2020-10-28 00:00:00+05:30,0.65,0.7,0.65,0.7,34100
PRAKASHSTL,2020-10-29 00:00:00+05:30,0.7,0.7,0.65,0.65,201883
PRAKASHSTL,2020-10-30 00:00:00+05:30,0.65,0.7,0.65,0.65,100061
PRAKASHSTL,2020-11-02 00:00:00+05:30,0.65,0.7,0.65,0.65,45559
PRAKASHSTL,2020-11-03 00:00:00+05:30,0.65,0.7,0.6,0.6,65297
PRAKASHSTL,2020-11-04 00:00:00+05:30,0.6,0.65,0.6,0.65,146370
PRAKASHSTL,2020-11-05 00:00:00+05:30,0.65,0.65,0.6,0.65,45478
PRAKASHSTL,2020-11-06 00:00:00+05:30,0.6,0.65,0.6,0.6,184886
PRAKASHSTL,2020-11-09 00:00:00+05:30,0.6,0.6,0.55,0.6,113937
PRAKASHSTL,2020-11-10 00:00:00+05:30,0.6,0.6,0.55,0.55,104050
PRAKASHSTL,2020-11-11 00:00:00+05:30,0.6,0.6,0.55,0.6,82027
PRAKASHSTL,2020-11-12 00:00:00+05:30,0.65,0.65,0.55,0.6,59858
PRAKASHSTL,2020-11-13 00:00:00+05:30,0.6,0.65,0.55,0.6,108271
PRAKASHSTL,2020-11-14 00:00:00+05:30,0.6,0.65,0.55,0.6,32100
PRAKASHSTL,2020-11-17 00:00:00+05:30,0.6,0.65,0.55,0.65,794967
PRAKASHSTL,2020-11-18 00:00:00+05:30,0.65,0.7,0.6,0.7,307073
PRAKASHSTL,2020-11-19 00:00:00+05:30,0.65,0.75,0.65,0.7,494312
PRAKASHSTL,2020-11-20 00:00:00+05:30,0.7,0.75,0.65,0.7,223286
PRAKASHSTL,2020-11-23 00:00:00+05:30,0.65,0.75,0.65,0.7,213282
PRAKASHSTL,2020-11-24 00:00:00+05:30,0.7,0.7,0.65,0.65,149850
PRAKASHSTL,2020-11-25 00:00:00+05:30,0.7,0.7,0.65,0.7,233784
PRAKASHSTL,2020-11-26 00:00:00+05:30,0.7,0.75,0.65,0.7,222205
PRAKASHSTL,2020-11-27 00:00:00+05:30,0.7,0.75,0.65,0.7,116102
PRAKASHSTL,2020-12-01 00:00:00+05:30,0.7,0.7,0.65,0.7,121275
PRAKASHSTL,2020-12-02 00:00:00+05:30,0.7,0.7,0.65,0.65,375473
PRAKASHSTL,2020-12-03 00:00:00+05:30,0.65,0.7,0.65,0.7,348670
PRAKASHSTL,2020-12-04 00:00:00+05:30,0.75,0.75,0.75,0.75,238005
PRAKASHSTL,2020-12-07 00:00:00+05:30,0.85,0.9,0.8,0.9,1006014
PRAKASHSTL,2020-12-08 00:00:00+05:30,1.0,1.05,1.0,1.05,1364635
PRAKASHSTL,2020-12-09 00:00:00+05:30,1.25,1.25,1.05,1.25,937976
PRAKASHSTL,2020-12-10 00:00:00+05:30,1.3,1.35,1.15,1.2,1520759
PRAKASHSTL,2020-12-11 00:00:00+05:30,1.15,1.15,1.15,1.15,205655
PRAKASHSTL,2020-12-14 00:00:00+05:30,1.1,1.1,1.1,1.1,177861
PRAKASHSTL,2020-12-15 00:00:00+05:30,1.05,1.05,1.05,1.05,224223
PRAKASHSTL,2020-12-16 00:00:00+05:30,1.0,1.0,1.0,1.0,118290
PRAKASHSTL,2020-12-17 00:00:00+05:30,0.95,0.95,0.95,0.95,175390
PRAKASHSTL,2020-12-18 00:00:00+05:30,0.9,0.9,0.9,0.9,48725
PRAKASHSTL,2020-12-21 00:00:00+05:30,0.9,0.9,0.85,0.85,368147
PRAKASHSTL,2020-12-22 00:00:00+05:30,0.8,0.85,0.8,0.8,70467
PRAKASHSTL,2020-12-23 00:00:00+05:30,0.85,0.85,0.75,0.85,147285
PRAKASHSTL,2020-12-24 00:00:00+05:30,0.9,0.9,0.9,0.9,105350
PRAKASHSTL,2020-12-28 00:00:00+05:30,0.95,0.95,0.9,0.95,187135
PRAKASHSTL,2020-12-29 00:00:00+05:30,1.0,1.0,0.9,0.9,314480
PRAKASHSTL,2020-12-30 00:00:00+05:30,0.95,0.95,0.85,0.9,111175
PRAKASHSTL,2020-12-31 00:00:00+05:30,0.95,0.95,0.85,0.9,180718
PRAKASHSTL,2021-01-01 00:00:00+05:30,0.9,0.95,0.85,0.95,148330
PRAKASHSTL,2021-01-04 00:00:00+05:30,0.95,1.0,0.9,0.95,374627
PRAKASHSTL,2021-01-05 00:00:00+05:30,1.0,1.0,0.9,1.0,789468
PRAKASHSTL,2021-01-06 00:00:00+05:30,1.05,1.05,0.95,0.95,582853
PRAKASHSTL,2021-01-07 00:00:00+05:30,1.0,1.0,0.95,1.0,956952
PRAKASHSTL,2021-01-08 00:00:00+05:30,1.0,1.05,0.95,1.0,413119
PRAKASHSTL,2021-01-11 00:00:00+05:30,0.95,1.05,0.95,1.05,1098234
PRAKASHSTL,2021-01-12 00:00:00+05:30,1.05,1.05,1.0,1.0,328831
PRAKASHSTL,2021-01-13 00:00:00+05:30,1.0,1.05,0.95,1.0,274949
PRAKASHSTL,2021-01-14 00:00:00+05:30,1.0,1.05,0.95,1.05,73169
PRAKASHSTL,2021-01-15 00:00:00+05:30,1.05,1.05,1.0,1.0,76722
PRAKASHSTL,2021-01-18 00:00:00+05:30,1.0,1.0,0.95,0.95,277194
PRAKASHSTL,2021-01-19 00:00:00+05:30,0.95,1.0,0.9,0.9,398438
PRAKASHSTL,2021-01-20 00:00:00+05:30,0.95,0.95,0.9,0.95,31297
PRAKASHSTL,2021-01-21 00:00:00+05:30,0.9,1.0,0.9,0.9,111901
PRAKASHSTL,2021-01-22 00:00:00+05:30,0.9,0.95,0.85,0.9,256911
PRAKASHSTL,2021-01-25 00:00:00+05:30,0.9,0.95,0.85,0.9,37867
PRAKASHSTL,2021-01-27 00:00:00+05:30,0.9,0.9,0.85,0.9,54171
PRAKASHSTL,2021-01-28 00:00:00+05:30,0.9,0.9,0.85,0.85,94507
PRAKASHSTL,2021-01-29 00:00:00+05:30,0.9,0.9,0.85,0.9,299857
PRAKASHSTL,2021-02-01 00:00:00+05:30,0.95,0.95,0.9,0.9,236673
PRAKASHSTL,2021-02-02 00:00:00+05:30,0.95,0.95,0.85,0.85,94506
PRAKASHSTL,2021-02-03 00:00:00+05:30,0.85,0.9,0.85,0.9,56154
PRAKASHSTL,2021-02-04 00:00:00+05:30,0.95,0.95,0.85,0.9,85744
PRAKASHSTL,2021-02-05 00:00:00+05:30,0.95,0.95,0.85,0.85,81438
PRAKASHSTL,2021-02-08 00:00:00+05:30,0.9,0.9,0.85,0.9,135111
PRAKASHSTL,2021-02-09 00:00:00+05:30,0.9,0.9,0.85,0.9,113160
PRAKASHSTL,2021-02-10 00:00:00+05:30,0.85,0.9,0.85,0.9,185750
PRAKASHSTL,2021-02-11 00:00:00+05:30,0.85,0.9,0.85,0.85,88328
PRAKASHSTL,2021-02-12 00:00:00+05:30,0.9,0.9,0.8,0.85,321022
PRAKASHSTL,2021-02-15 00:00:00+05:30,0.8,0.85,0.8,0.8,429074
PRAKASHSTL,2021-02-16 00:00:00+05:30,0.8,0.85,0.75,0.8,268156
PRAKASHSTL,2021-02-17 00:00:00+05:30,0.8,0.85,0.8,0.8,213410
PRAKASHSTL,2021-02-18 00:00:00+05:30,0.85,0.85,0.75,0.8,100613
PRAKASHSTL,2021-02-19 00:00:00+05:30,0.8,0.85,0.75,0.8,107297
PRAKASHSTL,2021-02-22 00:00:00+05:30,0.8,0.85,0.75,0.8,87378
PRAKASHSTL,2021-02-23 00:00:00+05:30,0.8,0.8,0.75,0.8,82172
PRAKASHSTL,2021-02-24 00:00:00+05:30,0.8,0.8,0.75,0.8,30753
PRAKASHSTL,2021-02-25 00:00:00+05:30,0.8,0.85,0.75,0.8,300111
PRAKASHSTL,2021-02-26 00:00:00+05:30,0.75,0.85,0.75,0.8,110120
PRAKASHSTL,2021-03-01 00:00:00+05:30,0.85,0.85,0.75,0.75,458493
PRAKASHSTL,2021-03-02 00:00:00+05:30,0.8,0.8,0.75,0.75,269970
PRAKASHSTL,2021-03-03 00:00:00+05:30,0.75,0.8,0.75,0.75,68414
PRAKASHSTL,2021-03-04 00:00:00+05:30,0.8,0.8,0.75,0.8,245384
PRAKASHSTL,2021-03-05 00:00:00+05:30,0.85,0.85,0.8,0.85,171794
PRAKASHSTL,2021-03-08 00:00:00+05:30,0.85,0.9,0.8,0.9,718591
PRAKASHSTL,2021-03-09 00:00:00+05:30,0.9,0.95,0.9,0.95,467206
PRAKASHSTL,2021-03-10 00:00:00+05:30,0.95,0.95,0.9,0.9,311735
PRAKASHSTL,2021-03-12 00:00:00+05:30,0.9,0.9,0.85,0.85,375657
PRAKASHSTL,2021-03-15 00:00:00+05:30,0.8,0.85,0.8,0.8,480021
PRAKASHSTL,2021-03-16 00:00:00+05:30,0.8,0.85,0.75,0.8,236797
PRAKASHSTL,2021-03-17 00:00:00+05:30,0.8,0.85,0.75,0.85,305394
PRAKASHSTL,2021-03-18 00:00:00+05:30,0.9,0.9,0.8,0.8,220436
PRAKASHSTL,2021-03-19 00:00:00+05:30,0.85,0.85,0.8,0.8,120670
PRAKASHSTL,2021-03-22 00:00:00+05:30,0.85,0.85,0.8,0.8,59083
PRAKASHSTL,2021-03-23 00:00:00+05:30,0.85,0.85,0.8,0.85,89259
PRAKASHSTL,2021-03-24 00:00:00+05:30,0.85,0.85,0.8,0.8,73456
PRAKASHSTL,2021-03-25 00:00:00+05:30,0.85,0.85,0.75,0.8,140672
PRAKASHSTL,2021-03-26 00:00:00+05:30,0.8,0.8,0.75,0.8,119796
PRAKASHSTL,2021-03-30 00:00:00+05:30,0.8,0.8,0.75,0.75,131514
PRAKASHSTL,2021-03-31 00:00:00+05:30,0.8,0.8,0.7,0.8,211583
PRAKASHSTL,2021-04-01 00:00:00+05:30,0.8,0.8,0.75,0.75,391011
PRAKASHSTL,2021-04-05 00:00:00+05:30,0.8,0.8,0.75,0.8,182835
PRAKASHSTL,2021-04-06 00:00:00+05:30,0.8,0.8,0.75,0.75,132504
PRAKASHSTL,2021-04-07 00:00:00+05:30,0.75,0.8,0.75,0.8,58119
PRAKASHSTL,2021-04-08 00:00:00+05:30,0.8,0.8,0.75,0.75,98771
PRAKASHSTL,2021-04-09 00:00:00+05:30,0.8,0.8,0.75,0.75,704220
PRAKASHSTL,2021-04-12 00:00:00+05:30,0.8,0.8,0.75,0.75,83845
PRAKASHSTL,2021-04-13 00:00:00+05:30,0.8,0.8,0.75,0.8,31272
PRAKASHSTL,2021-04-15 00:00:00+05:30,0.8,0.8,0.75,0.8,321404
PRAKASHSTL,2021-04-16 00:00:00+05:30,0.75,0.8,0.75,0.8,203351
PRAKASHSTL,2021-04-19 00:00:00+05:30,0.75,0.8,0.75,0.75,122691
PRAKASHSTL,2021-04-20 00:00:00+05:30,0.75,0.8,0.7,0.75,113889
PRAKASHSTL,2021-04-22 00:00:00+05:30,0.8,0.8,0.7,0.75,106540
PRAKASHSTL,2021-04-23 00:00:00+05:30,0.75,0.8,0.7,0.75,77548
PRAKASHSTL,2021-04-26 00:00:00+05:30,0.8,0.8,0.7,0.75,79366
PRAKASHSTL,2021-04-27 00:00:00+05:30,0.8,0.8,0.7,0.75,316407
PRAKASHSTL,2021-04-28 00:00:00+05:30,0.8,0.8,0.7,0.75,112957
PRAKASHSTL,2021-04-29 00:00:00+05:30,0.75,0.8,0.7,0.75,207678
PRAKASHSTL,2021-04-30 00:00:00+05:30,0.8,0.8,0.75,0.8,270600
PRAKASHSTL,2021-05-03 00:00:00+05:30,0.85,0.85,0.8,0.85,286859
PRAKASHSTL,2021-05-04 00:00:00+05:30,0.9,0.9,0.9,0.9,139991
PRAKASHSTL,2021-05-05 00:00:00+05:30,0.95,0.95,0.95,0.95,69092
PRAKASHSTL,2021-05-06 00:00:00+05:30,1.0,1.0,1.0,1.0,490834
PRAKASHSTL,2021-05-07 00:00:00+05:30,1.05,1.05,1.05,1.05,177054
PRAKASHSTL,2021-05-10 00:00:00+05:30,1.1,1.1,1.1,1.1,134138
PRAKASHSTL,2021-05-11 00:00:00+05:30,1.15,1.15,1.15,1.15,99743
PRAKASHSTL,2021-05-12 00:00:00+05:30,1.2,1.2,1.2,1.2,129909
PRAKASHSTL,2021-05-14 00:00:00+05:30,1.25,1.25,1.15,1.15,1295924
PRAKASHSTL,2021-05-17 00:00:00+05:30,1.1,1.1,1.1,1.1,277193
PRAKASHSTL,2021-05-18 00:00:00+05:30,1.05,1.05,1.05,1.05,224237
PRAKASHSTL,2021-05-19 00:00:00+05:30,1.0,1.1,1.0,1.0,1090536
PRAKASHSTL,2021-05-20 00:00:00+05:30,0.95,0.95,0.95,0.95,103956
PRAKASHSTL,2021-05-21 00:00:00+05:30,0.9,0.9,0.9,0.9,267294
PRAKASHSTL,2021-05-24 00:00:00+05:30,0.85,0.95,0.85,0.95,627753
PRAKASHSTL,2021-05-25 00:00:00+05:30,1.0,1.0,0.95,1.0,399047
PRAKASHSTL,2021-05-26 00:00:00+05:30,1.05,1.05,1.0,1.05,467741
PRAKASHSTL,2021-05-27 00:00:00+05:30,1.05,1.1,1.0,1.0,215690
PRAKASHSTL,2021-05-28 00:00:00+05:30,1.05,1.05,0.95,1.0,619885
PRAKASHSTL,2021-05-31 00:00:00+05:30,1.0,1.05,0.95,1.0,288080
PRAKASHSTL,2021-06-01 00:00:00+05:30,0.95,1.05,0.95,1.0,192631
PRAKASHSTL,2021-06-02 00:00:00+05:30,1.0,1.0,0.95,1.0,149915
PRAKASHSTL,2021-06-03 00:00:00+05:30,1.0,1.05,0.95,1.0,565844
PRAKASHSTL,2021-06-04 00:00:00+05:30,1.05,1.05,1.0,1.0,216287
PRAKASHSTL,2021-06-07 00:00:00+05:30,1.05,1.05,0.95,1.05,346418
PRAKASHSTL,2021-06-08 00:00:00+05:30,1.05,1.05,1.0,1.0,309879
PRAKASHSTL,2021-06-09 00:00:00+05:30,1.05,1.05,1.0,1.0,442683
PRAKASHSTL,2021-06-10 00:00:00+05:30,1.05,1.05,1.0,1.05,558734
PRAKASHSTL,2021-06-11 00:00:00+05:30,1.1,1.1,1.05,1.1,437170
PRAKASHSTL,2021-06-14 00:00:00+05:30,1.15,1.15,1.05,1.15,502014
PRAKASHSTL,2021-06-15 00:00:00+05:30,1.15,1.15,1.1,1.1,408213
PRAKASHSTL,2021-06-16 00:00:00+05:30,1.1,1.1,1.05,1.05,556212
PRAKASHSTL,2021-06-17 00:00:00+05:30,1.1,1.1,1.05,1.1,550557
PRAKASHSTL,2021-06-18 00:00:00+05:30,1.15,1.15,1.05,1.1,561769
PRAKASHSTL,2021-06-21 00:00:00+05:30,1.1,1.1,1.05,1.1,417081
PRAKASHSTL,2021-06-22 00:00:00+05:30,1.1,1.15,1.1,1.15,923125
PRAKASHSTL,2021-06-23 00:00:00+05:30,1.2,1.2,1.1,1.2,917943
PRAKASHSTL,2021-06-24 00:00:00+05:30,1.25,1.25,1.2,1.25,919727
PRAKASHSTL,2021-06-25 00:00:00+05:30,1.3,1.3,1.2,1.25,990903
PRAKASHSTL,2021-06-28 00:00:00+05:30,1.3,1.3,1.3,1.3,192985
PRAKASHSTL,2021-06-29 00:00:00+05:30,1.35,1.35,1.35,1.35,192928
PRAKASHSTL,2021-06-30 00:00:00+05:30,1.4,1.4,1.4,1.4,723901
PRAKASHSTL,2021-07-01 00:00:00+05:30,1.45,1.45,1.45,1.45,98380
PRAKASHSTL,2021-07-02 00:00:00+05:30,1.5,1.5,1.5,1.5,378453
PRAKASHSTL,2021-07-05 00:00:00+05:30,1.55,1.55,1.55,1.55,402661
PRAKASHSTL,2021-07-06 00:00:00+05:30,1.6,1.6,1.6,1.6,96559
PRAKASHSTL,2021-07-07 00:00:00+05:30,1.65,1.65,1.55,1.55,1218201
PRAKASHSTL,2021-07-08 00:00:00+05:30,1.5,1.5,1.5,1.5,183282
PRAKASHSTL,2021-07-09 00:00:00+05:30,1.45,1.45,1.45,1.45,89689
PRAKASHSTL,2021-07-12 00:00:00+05:30,1.4,1.4,1.4,1.4,136405
PRAKASHSTL,2021-07-13 00:00:00+05:30,1.35,1.35,1.35,1.35,313246
PRAKASHSTL,2021-07-14 00:00:00+05:30,1.3,1.3,1.3,1.3,277062
PRAKASHSTL,2021-07-15 00:00:00+05:30,1.25,1.35,1.25,1.35,1182553
PRAKASHSTL,2021-07-16 00:00:00+05:30,1.4,1.4,1.4,1.4,291906
PRAKASHSTL,2021-07-19 00:00:00+05:30,1.4,1.45,1.35,1.45,701022
PRAKASHSTL,2021-07-20 00:00:00+05:30,1.5,1.5,1.4,1.4,577594
PRAKASHSTL,2021-07-22 00:00:00+05:30,1.45,1.45,1.35,1.45,887831
PRAKASHSTL,2021-07-23 00:00:00+05:30,1.5,1.5,1.4,1.5,478719
PRAKASHSTL,2021-07-26 00:00:00+05:30,1.45,1.45,1.45,1.45,179883
PRAKASHSTL,2021-07-27 00:00:00+05:30,1.4,1.4,1.4,1.4,207220
PRAKASHSTL,2021-07-28 00:00:00+05:30,1.35,1.45,1.35,1.45,1000522
PRAKASHSTL,2021-07-29 00:00:00+05:30,1.5,1.5,1.45,1.5,1131176
PRAKASHSTL,2021-07-30 00:00:00+05:30,1.55,1.55,1.55,1.55,259542
PRAKASHSTL,2021-08-02 00:00:00+05:30,1.6,1.6,1.6,1.6,453739
PRAKASHSTL,2021-08-03 00:00:00+05:30,1.65,1.65,1.65,1.65,104036
PRAKASHSTL,2021-08-04 00:00:00+05:30,1.7,1.7,1.7,1.7,127888
PRAKASHSTL,2021-08-05 00:00:00+05:30,1.75,1.75,1.75,1.75,413080
PRAKASHSTL,2021-08-06 00:00:00+05:30,1.8,1.8,1.8,1.8,123679
PRAKASHSTL,2021-08-09 00:00:00+05:30,1.85,1.85,1.85,1.85,82846
PRAKASHSTL,2021-08-10 00:00:00+05:30,1.9,1.9,1.9,1.9,91703
PRAKASHSTL,2021-08-11 00:00:00+05:30,1.95,1.95,1.85,1.95,7184127
PRAKASHSTL,2021-08-12 00:00:00+05:30,2.0,2.0,2.0,2.0,187934
PRAKASHSTL,2021-08-13 00:00:00+05:30,2.1,2.1,2.1,2.1,235243
PRAKASHSTL,2021-08-16 00:00:00+05:30,2.2,2.2,2.2,2.2,71566
PRAKASHSTL,2021-08-17 00:00:00+05:30,2.3,2.3,2.3,2.3,182765
PRAKASHSTL,2021-08-18 00:00:00+05:30,2.4,2.4,2.2,2.35,2874269
PRAKASHSTL,2021-08-20 00:00:00+05:30,2.25,2.3,2.25,2.25,1460471
PRAKASHSTL,2021-08-23 00:00:00+05:30,2.15,2.25,2.15,2.15,851972
PRAKASHSTL,2021-08-24 00:00:00+05:30,2.05,2.05,2.05,2.05,171006
PRAKASHSTL,2021-08-25 00:00:00+05:30,2.05,2.15,1.95,1.95,3801928
PRAKASHSTL,2021-08-26 00:00:00+05:30,1.9,2.0,1.9,2.0,3111639
PRAKASHSTL,2021-08-27 00:00:00+05:30,2.1,2.1,1.9,2.05,1833996
PRAKASHSTL,2021-08-30 00:00:00+05:30,2.05,2.15,2.05,2.15,1203279
PRAKASHSTL,2021-08-31 00:00:00+05:30,2.25,2.25,2.25,2.25,344384
PRAKASHSTL,2021-09-01 00:00:00+05:30,2.35,2.35,2.35,2.35,327820
PRAKASHSTL,2021-09-02 00:00:00+05:30,2.45,2.45,2.45,2.45,251371
PRAKASHSTL,2021-09-03 00:00:00+05:30,2.55,2.55,2.55,2.55,262481
PRAKASHSTL,2021-09-06 00:00:00+05:30,2.6,2.6,2.45,2.45,5206429
PRAKASHSTL,2021-09-07 00:00:00+05:30,2.35,2.35,2.35,2.35,185610
PRAKASHSTL,2021-09-08 00:00:00+05:30,2.25,2.25,2.25,2.25,257508
PRAKASHSTL,2021-09-09 00:00:00+05:30,2.15,2.15,2.15,2.15,206983
PRAKASHSTL,2021-09-13 00:00:00+05:30,2.05,2.15,2.05,2.05,2746997
PRAKASHSTL,2021-09-14 00:00:00+05:30,2.0,2.15,2.0,2.15,1245581
PRAKASHSTL,2021-09-15 00:00:00+05:30,2.25,2.25,2.2,2.25,734304
PRAKASHSTL,2021-09-16 00:00:00+05:30,2.35,2.35,2.3,2.35,404765
PRAKASHSTL,2021-09-17 00:00:00+05:30,2.45,2.45,2.25,2.25,982803
PRAKASHSTL,2021-09-20 00:00:00+05:30,2.25,2.25,2.15,2.15,1398390
PRAKASHSTL,2021-09-21 00:00:00+05:30,2.1,2.15,2.05,2.1,1061530
PRAKASHSTL,2021-09-22 00:00:00+05:30,2.05,2.2,2.05,2.15,880519
PRAKASHSTL,2021-09-23 00:00:00+05:30,2.15,2.25,2.05,2.1,1277741
PRAKASHSTL,2021-09-24 00:00:00+05:30,2.1,2.1,2.05,2.05,544618
PRAKASHSTL,2021-09-27 00:00:00+05:30,2.05,2.15,2.05,2.05,675012
PRAKASHSTL,2021-09-28 00:00:00+05:30,2.05,2.1,2.0,2.05,498061
PRAKASHSTL,2021-09-29 00:00:00+05:30,2.05,2.15,1.95,2.1,1009827
PRAKASHSTL,2021-09-30 00:00:00+05:30,2.1,2.15,2.05,2.05,1143627
PRAKASHSTL,2021-10-01 00:00:00+05:30,2.05,2.1,2.0,2.05,472274
PRAKASHSTL,2021-10-04 00:00:00+05:30,2.05,2.15,2.0,2.05,1093534
PRAKASHSTL,2021-10-05 00:00:00+05:30,2.1,2.15,2.0,2.05,577344
PRAKASHSTL,2021-10-06 00:00:00+05:30,2.05,2.1,1.95,2.0,721990
PRAKASHSTL,2021-10-07 00:00:00+05:30,2.0,2.15,2.0,2.05,676623
PRAKASHSTL,2021-10-08 00:00:00+05:30,2.1,2.1,2.0,2.1,864833
PRAKASHSTL,2021-10-11 00:00:00+05:30,2.1,2.2,2.05,2.1,1184385
PRAKASHSTL,2021-10-12 00:00:00+05:30,2.15,2.15,2.0,2.1,747569
PRAKASHSTL,2021-10-13 00:00:00+05:30,2.1,2.15,2.05,2.05,808132
PRAKASHSTL,2021-10-14 00:00:00+05:30,2.05,2.25,2.05,2.25,1389144
PRAKASHSTL,2021-10-18 00:00:00+05:30,2.45,2.45,2.45,2.45,568066
PRAKASHSTL,2021-10-19 00:00:00+05:30,2.65,2.65,2.4,2.6,4111824
PRAKASHSTL,2021-10-20 00:00:00+05:30,2.6,2.75,2.35,2.6,2102743
PRAKASHSTL,2021-10-21 00:00:00+05:30,2.7,2.7,2.6,2.7,870473
PRAKASHSTL,2021-10-22 00:00:00+05:30,2.8,2.8,2.8,2.8,244789
PRAKASHSTL,2021-10-25 00:00:00+05:30,2.9,2.9,2.7,2.7,2933973
PRAKASHSTL,2021-10-26 00:00:00+05:30,2.6,2.7,2.6,2.6,1346107
PRAKASHSTL,2021-10-27 00:00:00+05:30,2.55,2.65,2.5,2.5,872488
PRAKASHSTL,2021-10-28 00:00:00+05:30,2.45,2.55,2.4,2.45,1020621
PRAKASHSTL,2021-10-29 00:00:00+05:30,2.5,2.55,2.4,2.55,586416
PRAKASHSTL,2021-11-01 00:00:00+05:30,2.65,2.65,2.55,2.65,1739292
PRAKASHSTL,2021-11-02 00:00:00+05:30,2.7,2.75,2.65,2.75,798442
PRAKASHSTL,2021-11-03 00:00:00+05:30,2.75,2.8,2.65,2.65,950162
PRAKASHSTL,2021-11-04 00:00:00+05:30,2.65,2.75,2.6,2.75,340989
PRAKASHSTL,2021-11-08 00:00:00+05:30,2.8,2.85,2.75,2.85,816369
PRAKASHSTL,2021-11-09 00:00:00+05:30,2.9,2.95,2.9,2.95,321908
PRAKASHSTL,2021-11-10 00:00:00+05:30,3.05,3.05,3.05,3.05,142266
PRAKASHSTL,2021-11-11 00:00:00+05:30,3.2,3.2,3.2,3.2,390752
PRAKASHSTL,2021-11-12 00:00:00+05:30,3.35,3.35,3.35,3.35,539028
PRAKASHSTL,2021-11-15 00:00:00+05:30,3.5,3.5,3.5,3.5,326014
PRAKASHSTL,2021-11-16 00:00:00+05:30,3.65,3.65,3.65,3.65,122738
PRAKASHSTL,2021-11-17 00:00:00+05:30,3.8,3.8,3.8,3.8,168657
PRAKASHSTL,2021-11-18 00:00:00+05:30,3.95,3.95,3.95,3.95,65570
PRAKASHSTL,2021-11-22 00:00:00+05:30,4.1,4.1,4.1,4.1,216405
PRAKASHSTL,2021-11-23 00:00:00+05:30,4.3,4.3,4.2,4.3,3235944
PRAKASHSTL,2021-11-24 00:00:00+05:30,4.5,4.5,4.5,4.5,42560
PRAKASHSTL,2021-11-25 00:00:00+05:30,4.7,4.7,4.7,4.7,46182
PRAKASHSTL,2021-11-26 00:00:00+05:30,4.9,4.9,4.9,4.9,135209
PRAKASHSTL,2021-11-29 00:00:00+05:30,5.1,5.1,5.1,5.1,405325
PRAKASHSTL,2021-11-30 00:00:00+05:30,5.35,5.35,5.35,5.35,302222
PRAKASHSTL,2021-12-01 00:00:00+05:30,5.6,5.6,5.5,5.6,1835159
PRAKASHSTL,2021-12-02 00:00:00+05:30,5.85,5.85,5.85,5.85,164831
PRAKASHSTL,2021-12-03 00:00:00+05:30,6.1,6.1,6.1,6.1,129045
PRAKASHSTL,2021-12-06 00:00:00+05:30,6.4,6.4,6.4,6.4,160576
PRAKASHSTL,2021-12-07 00:00:00+05:30,6.7,6.7,6.7,6.7,422437
PRAKASHSTL,2021-12-08 00:00:00+05:30,7.0,7.0,6.4,6.4,4137734
PRAKASHSTL,2021-12-09 00:00:00+05:30,6.1,6.7,6.1,6.1,13361345
PRAKASHSTL,2021-12-10 00:00:00+05:30,5.85,6.4,5.85,6.25,8895225
PRAKASHSTL,2021-12-13 00:00:00+05:30,6.4,6.45,6.0,6.25,4480644
PRAKASHSTL,2021-12-14 00:00:00+05:30,6.25,6.25,5.95,6.0,4868115
PRAKASHSTL,2021-12-15 00:00:00+05:30,6.0,6.3,6.0,6.25,4835973
PRAKASHSTL,2021-12-16 00:00:00+05:30,6.45,6.5,5.95,5.95,4555384
PRAKASHSTL,2021-12-17 00:00:00+05:30,5.9,6.15,5.7,5.7,1914632
PRAKASHSTL,2021-12-20 00:00:00+05:30,5.45,5.45,5.45,5.45,546281
PRAKASHSTL,2021-12-21 00:00:00+05:30,5.2,5.45,5.2,5.2,2794525
PRAKASHSTL,2021-12-22 00:00:00+05:30,4.95,5.2,4.95,4.95,11634651
PRAKASHSTL,2021-12-23 00:00:00+05:30,5.0,5.15,4.95,5.15,3468564
PRAKASHSTL,2021-12-24 00:00:00+05:30,5.4,5.4,5.25,5.4,1205831
PRAKASHSTL,2021-12-27 00:00:00+05:30,5.65,5.65,5.65,5.65,125029
PRAKASHSTL,2021-12-28 00:00:00+05:30,5.9,5.9,5.9,5.9,116117
PRAKASHSTL,2021-12-29 00:00:00+05:30,6.15,6.15,5.65,6.15,8410926
PRAKASHSTL,2021-12-30 00:00:00+05:30,6.4,6.45,5.9,6.45,8611527
PRAKASHSTL,2021-12-31 00:00:00+05:30,6.7,6.75,6.6,6.75,1903949
PRAKASHSTL,2022-01-03 00:00:00+05:30,7.05,7.05,7.05,7.05,386627
PRAKASHSTL,2022-01-04 00:00:00+05:30,7.4,7.4,6.75,7.4,10970131
PRAKASHSTL,2022-01-05 00:00:00+05:30,7.75,7.75,7.55,7.75,1680723
PRAKASHSTL,2022-01-06 00:00:00+05:30,8.1,8.1,7.75,8.1,1898880
PRAKASHSTL,2022-01-07 00:00:00+05:30,8.5,8.5,8.5,8.5,582840
PRAKASHSTL,2022-01-10 00:00:00+05:30,8.9,8.9,8.9,8.9,247285
PRAKASHSTL,2022-01-11 00:00:00+05:30,9.3,9.3,9.3,9.3,141551
PRAKASHSTL,2022-01-12 00:00:00+05:30,9.75,9.75,8.85,8.85,14128696
PRAKASHSTL,2022-01-13 00:00:00+05:30,8.45,8.8,8.45,8.45,1651851
PRAKASHSTL,2022-01-14 00:00:00+05:30,8.1,8.85,8.05,8.85,10862939
PRAKASHSTL,2022-01-17 00:00:00+05:30,9.25,9.25,9.0,9.25,3816883
PRAKASHSTL,2022-01-18 00:00:00+05:30,9.5,9.7,8.8,9.0,5566636
PRAKASHSTL,2022-01-19 00:00:00+05:30,8.8,9.2,8.55,8.55,1384942
PRAKASHSTL,2022-01-20 00:00:00+05:30,8.25,8.75,8.15,8.15,6624069
PRAKASHSTL,2022-01-21 00:00:00+05:30,7.95,7.95,7.75,7.75,3206825
PRAKASHSTL,2022-01-24 00:00:00+05:30,7.45,7.55,7.4,7.4,1283305
PRAKASHSTL,2022-01-25 00:00:00+05:30,7.05,7.05,7.05,7.05,437989
PRAKASHSTL,2022-01-27 00:00:00+05:30,6.7,6.95,6.7,6.7,3973881
PRAKASHSTL,2022-01-28 00:00:00+05:30,6.5,7.0,6.5,7.0,2529881
PRAKASHSTL,2022-01-31 00:00:00+05:30,7.35,7.35,7.35,7.35,337126
PRAKASHSTL,2022-02-01 00:00:00+05:30,7.7,7.7,7.0,7.0,8737863
PRAKASHSTL,2022-02-02 00:00:00+05:30,7.0,7.35,6.8,7.0,3048205
PRAKASHSTL,2022-02-03 00:00:00+05:30,7.0,7.35,6.75,7.3,1748722
PRAKASHSTL,2022-02-04 00:00:00+05:30,7.6,7.65,7.5,7.65,917479
PRAKASHSTL,2022-02-07 00:00:00+05:30,8.0,8.0,7.3,7.35,2682546
PRAKASHSTL,2022-02-08 00:00:00+05:30,7.4,7.55,7.0,7.0,2735278
PRAKASHSTL,2022-02-09 00:00:00+05:30,6.9,7.0,6.65,6.65,1626212
PRAKASHSTL,2022-02-10 00:00:00+05:30,6.65,6.9,6.35,6.35,2011753
PRAKASHSTL,2022-02-11 00:00:00+05:30,6.1,6.2,6.05,6.05,1440370
PRAKASHSTL,2022-02-14 00:00:00+05:30,5.8,5.8,5.75,5.75,796750
PRAKASHSTL,2022-02-15 00:00:00+05:30,6.0,6.0,5.9,6.0,2183241
PRAKASHSTL,2022-02-16 00:00:00+05:30,6.3,6.3,6.3,6.3,129124
PRAKASHSTL,2022-02-17 00:00:00+05:30,6.6,6.6,6.6,6.6,248978
PRAKASHSTL,2022-02-18 00:00:00+05:30,6.7,6.7,6.3,6.3,3475732
PRAKASHSTL,2022-02-21 00:00:00+05:30,6.15,6.2,6.0,6.0,826609
PRAKASHSTL,2022-02-22 00:00:00+05:30,5.7,5.7,5.7,5.7,335087
PRAKASHSTL,2022-02-23 00:00:00+05:30,5.55,5.95,5.55,5.85,2643412
PRAKASHSTL,2022-02-24 00:00:00+05:30,5.6,5.7,5.6,5.6,481678
PRAKASHSTL,2022-02-25 00:00:00+05:30,5.45,5.85,5.35,5.35,2164697
PRAKASHSTL,2022-02-28 00:00:00+05:30,5.25,5.55,5.1,5.5,1745078
PRAKASHSTL,2022-03-02 00:00:00+05:30,5.65,5.75,5.5,5.7,1325862
PRAKASHSTL,2022-03-03 00:00:00+05:30,5.9,5.9,5.65,5.65,1525873
PRAKASHSTL,2022-03-04 00:00:00+05:30,5.6,5.7,5.4,5.5,977378
PRAKASHSTL,2022-03-07 00:00:00+05:30,5.3,5.5,5.25,5.35,1192631
PRAKASHSTL,2022-03-08 00:00:00+05:30,5.4,5.6,5.25,5.5,1078606
PRAKASHSTL,2022-03-09 00:00:00+05:30,5.55,5.7,5.45,5.6,1708703
PRAKASHSTL,2022-03-10 00:00:00+05:30,5.75,5.85,5.7,5.85,1394026
PRAKASHSTL,2022-03-11 00:00:00+05:30,5.95,6.05,5.75,5.85,2006893
PRAKASHSTL,2022-03-14 00:00:00+05:30,6.05,6.05,5.8,5.85,2343839
PRAKASHSTL,2022-03-15 00:00:00+05:30,5.85,5.85,5.65,5.7,1311245
PRAKASHSTL,2022-03-16 00:00:00+05:30,5.75,5.8,5.45,5.45,2341045
PRAKASHSTL,2022-03-17 00:00:00+05:30,5.4,5.6,5.2,5.2,2757977
PRAKASHSTL,2022-03-21 00:00:00+05:30,5.15,5.25,5.05,5.1,1458160
PRAKASHSTL,2022-03-22 00:00:00+05:30,5.15,5.35,5.1,5.35,740493
PRAKASHSTL,2022-03-23 00:00:00+05:30,5.6,5.6,5.4,5.6,897440
PRAKASHSTL,2022-03-24 00:00:00+05:30,5.6,5.65,5.35,5.35,2027449
PRAKASHSTL,2022-03-25 00:00:00+05:30,5.45,5.45,5.1,5.1,2072677
PRAKASHSTL,2022-03-28 00:00:00+05:30,5.15,5.2,4.95,5.05,1211664
PRAKASHSTL,2022-03-29 00:00:00+05:30,5.0,5.1,4.95,5.05,718521
PRAKASHSTL,2022-03-30 00:00:00+05:30,5.05,5.2,5.0,5.1,984511
PRAKASHSTL,2022-03-31 00:00:00+05:30,5.15,5.3,5.1,5.15,1056265
PRAKASHSTL,2022-04-01 00:00:00+05:30,5.2,5.35,5.15,5.25,885625
PRAKASHSTL,2022-04-04 00:00:00+05:30,5.4,5.5,5.3,5.45,1234567
PRAKASHSTL,2022-04-05 00:00:00+05:30,5.55,5.6,5.3,5.4,1565935
PRAKASHSTL,2022-04-06 00:00:00+05:30,5.5,5.65,5.4,5.65,1422581
PRAKASHSTL,2022-04-07 00:00:00+05:30,6.0,6.2,5.9,6.2,1921520
PRAKASHSTL,2022-04-08 00:00:00+05:30,6.75,6.8,6.3,6.8,3307833
PRAKASHSTL,2022-04-11 00:00:00+05:30,7.05,7.05,6.25,6.3,3542187
PRAKASHSTL,2022-04-12 00:00:00+05:30,6.35,6.5,5.9,6.1,1744477
PRAKASHSTL,2022-04-13 00:00:00+05:30,6.0,6.65,6.0,6.35,2481040
PRAKASHSTL,2022-04-18 00:00:00+05:30,6.25,6.4,5.75,5.85,3164662
PRAKASHSTL,2022-04-19 00:00:00+05:30,5.8,6.0,5.7,5.75,1917007
PRAKASHSTL,2022-04-20 00:00:00+05:30,5.8,6.05,5.55,5.75,1225490
PRAKASHSTL,2022-04-21 00:00:00+05:30,5.8,5.85,5.7,5.8,786469
PRAKASHSTL,2022-04-22 00:00:00+05:30,5.8,5.85,5.55,5.65,1155331
PRAKASHSTL,2022-04-25 00:00:00+05:30,5.6,5.6,5.35,5.4,1199531
PRAKASHSTL,2022-04-26 00:00:00+05:30,5.5,5.75,5.35,5.35,1038921
PRAKASHSTL,2022-04-27 00:00:00+05:30,5.3,5.45,5.05,5.1,1311538
PRAKASHSTL,2022-04-28 00:00:00+05:30,5.1,5.4,5.0,5.05,2152347
PRAKASHSTL,2022-04-29 00:00:00+05:30,5.25,5.55,5.15,5.55,679723
PRAKASHSTL,2022-05-02 00:00:00+05:30,5.7,6.1,5.6,6.1,5545386
PRAKASHSTL,2022-05-04 00:00:00+05:30,6.25,6.4,5.5,5.55,4365277
PRAKASHSTL,2022-05-05 00:00:00+05:30,5.8,6.0,5.55,5.9,1675429
PRAKASHSTL,2022-05-06 00:00:00+05:30,5.5,5.9,5.45,5.65,1318233
PRAKASHSTL,2022-05-09 00:00:00+05:30,5.75,5.8,5.45,5.6,788026
PRAKASHSTL,2022-05-10 00:00:00+05:30,5.35,5.75,5.35,5.4,844003
PRAKASHSTL,2022-05-11 00:00:00+05:30,5.3,5.55,5.0,5.25,1206623
PRAKASHSTL,2022-05-12 00:00:00+05:30,5.15,5.25,4.75,4.8,1722622
PRAKASHSTL,2022-05-13 00:00:00+05:30,4.75,5.25,4.75,5.2,1673168
PRAKASHSTL,2022-05-16 00:00:00+05:30,5.35,5.45,5.15,5.25,856804
PRAKASHSTL,2022-05-17 00:00:00+05:30,5.3,5.7,5.2,5.6,1335875
PRAKASHSTL,2022-05-18 00:00:00+05:30,5.65,5.8,5.15,5.35,1400499
PRAKASHSTL,2022-05-19 00:00:00+05:30,5.3,5.3,5.05,5.1,678909
PRAKASHSTL,2022-05-20 00:00:00+05:30,5.2,5.35,5.15,5.2,628574
PRAKASHSTL,2022-05-23 00:00:00+05:30,5.3,5.3,5.0,5.05,847267
PRAKASHSTL,2022-05-24 00:00:00+05:30,5.05,5.15,4.95,5.05,613910
PRAKASHSTL,2022-05-25 00:00:00+05:30,5.2,5.25,4.9,4.95,771994
PRAKASHSTL,2022-05-26 00:00:00+05:30,4.95,5.05,4.5,4.65,1521363
PRAKASHSTL,2022-05-27 00:00:00+05:30,4.55,5.1,4.5,5.05,1705228
PRAKASHSTL,2022-05-30 00:00:00+05:30,5.4,5.55,5.25,5.55,3310631
PRAKASHSTL,2022-05-31 00:00:00+05:30,5.7,5.75,5.2,5.55,1870338
PRAKASHSTL,2022-06-01 00:00:00+05:30,5.7,5.75,5.5,5.6,1504648
PRAKASHSTL,2022-06-02 00:00:00+05:30,5.7,5.75,5.2,5.45,1309567
PRAKASHSTL,2022-06-03 00:00:00+05:30,5.5,5.6,5.35,5.4,712903
PRAKASHSTL,2022-06-06 00:00:00+05:30,5.55,5.55,5.35,5.35,748331
PRAKASHSTL,2022-06-07 00:00:00+05:30,5.35,5.45,5.2,5.2,509679
PRAKASHSTL,2022-06-08 00:00:00+05:30,5.45,5.55,5.25,5.3,751389
PRAKASHSTL,2022-06-09 00:00:00+05:30,5.4,5.45,5.3,5.4,519208
PRAKASHSTL,2022-06-10 00:00:00+05:30,5.45,5.45,5.3,5.3,520287
PRAKASHSTL,2022-06-13 00:00:00+05:30,5.2,5.2,5.05,5.05,541992
PRAKASHSTL,2022-06-14 00:00:00+05:30,5.05,5.2,5.05,5.05,454668
PRAKASHSTL,2022-06-15 00:00:00+05:30,5.1,5.2,4.95,5.0,714527
PRAKASHSTL,2022-06-16 00:00:00+05:30,5.05,5.15,4.7,4.9,1358939
PRAKASHSTL,2022-06-17 00:00:00+05:30,4.7,5.1,4.7,4.95,802450
PRAKASHSTL,2022-06-20 00:00:00+05:30,4.95,5.25,4.7,4.75,865388
PRAKASHSTL,2022-06-21 00:00:00+05:30,4.8,5.15,4.8,5.05,800229
PRAKASHSTL,2022-06-22 00:00:00+05:30,5.1,5.1,4.85,4.95,464451
PRAKASHSTL,2022-06-23 00:00:00+05:30,4.95,5.15,4.95,5.0,352190
PRAKASHSTL,2022-06-24 00:00:00+05:30,5.05,5.15,4.95,5.0,416043
PRAKASHSTL,2022-06-27 00:00:00+05:30,5.1,5.1,4.75,4.9,1033725
PRAKASHSTL,2022-06-28 00:00:00+05:30,4.9,4.9,4.8,4.85,383800
PRAKASHSTL,2022-06-29 00:00:00+05:30,4.8,4.9,4.75,4.85,421444
PRAKASHSTL,2022-06-30 00:00:00+05:30,4.85,5.0,4.75,4.75,429517
PRAKASHSTL,2022-07-01 00:00:00+05:30,4.9,4.9,4.7,4.75,340420
PRAKASHSTL,2022-07-04 00:00:00+05:30,4.75,4.85,4.7,4.8,509896
PRAKASHSTL,2022-07-05 00:00:00+05:30,4.8,4.85,4.75,4.8,435037
PRAKASHSTL,2022-07-06 00:00:00+05:30,4.75,4.8,4.3,4.65,1436504
PRAKASHSTL,2022-07-07 00:00:00+05:30,4.75,4.85,4.65,4.8,763426
PRAKASHSTL,2022-07-08 00:00:00+05:30,4.85,4.95,4.7,4.75,620205
PRAKASHSTL,2022-07-11 00:00:00+05:30,4.75,4.9,4.6,4.75,621186
PRAKASHSTL,2022-07-12 00:00:00+05:30,4.8,4.9,4.65,4.75,664982
PRAKASHSTL,2022-07-13 00:00:00+05:30,4.8,4.85,4.7,4.8,510126
PRAKASHSTL,2022-07-14 00:00:00+05:30,4.9,4.9,4.7,4.75,546464
PRAKASHSTL,2022-07-15 00:00:00+05:30,4.8,4.8,4.7,4.7,225294
PRAKASHSTL,2022-07-18 00:00:00+05:30,4.8,4.85,4.7,4.8,532473
PRAKASHSTL,2022-07-19 00:00:00+05:30,4.85,4.85,4.75,4.85,529239
PRAKASHSTL,2022-07-20 00:00:00+05:30,4.9,4.95,4.75,4.8,601920
PRAKASHSTL,2022-07-21 00:00:00+05:30,4.75,4.8,4.75,4.75,345493
PRAKASHSTL,2022-07-22 00:00:00+05:30,4.8,4.8,4.75,4.8,297260
PRAKASHSTL,2022-07-25 00:00:00+05:30,4.8,4.85,4.7,4.75,383780
PRAKASHSTL,2022-07-26 00:00:00+05:30,4.8,4.8,4.65,4.7,529628
PRAKASHSTL,2022-07-27 00:00:00+05:30,4.65,4.75,4.65,4.7,334030
PRAKASHSTL,2022-07-28 00:00:00+05:30,4.7,4.8,4.65,4.65,486898
PRAKASHSTL,2022-07-29 00:00:00+05:30,4.75,4.75,4.55,4.6,613835
PRAKASHSTL,2022-08-01 00:00:00+05:30,4.65,4.7,4.6,4.65,509274
PRAKASHSTL,2022-08-02 00:00:00+05:30,4.65,4.75,4.65,4.7,725159
PRAKASHSTL,2022-08-03 00:00:00+05:30,4.75,4.8,4.7,4.7,432729
PRAKASHSTL,2022-08-04 00:00:00+05:30,4.8,4.8,4.65,4.7,637214
PRAKASHSTL,2022-08-05 00:00:00+05:30,4.7,5.6,4.65,5.6,4255979
PRAKASHSTL,2022-08-08 00:00:00+05:30,5.95,6.7,5.9,6.7,16742732
PRAKASHSTL,2022-08-10 00:00:00+05:30,6.95,7.3,6.2,6.5,10120907
PRAKASHSTL,2022-08-11 00:00:00+05:30,6.7,6.85,5.95,6.0,3982881
PRAKASHSTL,2022-08-12 00:00:00+05:30,5.85,5.85,5.55,5.6,2591715
PRAKASHSTL,2022-08-16 00:00:00+05:30,5.7,6.15,5.6,6.15,2560502
PRAKASHSTL,2022-08-17 00:00:00+05:30,6.45,6.65,6.3,6.45,4024433
PRAKASHSTL,2022-08-18 00:00:00+05:30,6.6,6.6,6.05,6.35,2356726
PRAKASHSTL,2022-08-19 00:00:00+05:30,6.45,6.5,6.1,6.15,2217726
PRAKASHSTL,2022-08-22 00:00:00+05:30,6.15,6.25,5.85,6.05,1702815
PRAKASHSTL,2022-08-23 00:00:00+05:30,5.9,6.15,5.85,6.05,1253316
PRAKASHSTL,2022-08-24 00:00:00+05:30,6.1,6.1,5.9,6.0,861413
PRAKASHSTL,2022-08-25 00:00:00+05:30,6.1,6.15,5.95,5.95,721290
PRAKASHSTL,2022-08-26 00:00:00+05:30,6.1,6.1,5.9,5.95,749770
PRAKASHSTL,2022-08-29 00:00:00+05:30,5.9,5.95,5.65,5.85,805731
PRAKASHSTL,2022-08-30 00:00:00+05:30,5.9,6.05,5.85,5.9,1072425
PRAKASHSTL,2022-09-01 00:00:00+05:30,5.95,6.0,5.85,5.95,961888
PRAKASHSTL,2022-09-02 00:00:00+05:30,6.0,6.0,5.8,5.85,987026
PRAKASHSTL,2022-09-05 00:00:00+05:30,6.0,6.0,5.85,5.95,790575
PRAKASHSTL,2022-09-06 00:00:00+05:30,5.95,6.05,5.85,5.9,1028427
PRAKASHSTL,2022-09-07 00:00:00+05:30,6.0,6.0,5.9,5.95,598634
PRAKASHSTL,2022-09-08 00:00:00+05:30,6.0,6.1,5.9,5.95,1037142
PRAKASHSTL,2022-09-09 00:00:00+05:30,6.05,6.05,5.9,5.95,654107
PRAKASHSTL,2022-09-12 00:00:00+05:30,5.95,6.0,5.85,5.9,765898
PRAKASHSTL,2022-09-13 00:00:00+05:30,5.95,5.95,5.8,5.85,634749
PRAKASHSTL,2022-09-14 00:00:00+05:30,5.8,5.95,5.75,5.85,635810
PRAKASHSTL,2022-09-15 00:00:00+05:30,5.9,5.9,5.75,5.8,586928
PRAKASHSTL,2022-09-16 00:00:00+05:30,5.8,5.8,5.65,5.75,701710
PRAKASHSTL,2022-09-19 00:00:00+05:30,5.8,5.8,5.6,5.65,459202
PRAKASHSTL,2022-09-20 00:00:00+05:30,5.75,5.85,5.6,5.65,871643
PRAKASHSTL,2022-09-21 00:00:00+05:30,5.65,5.7,5.5,5.6,649079
PRAKASHSTL,2022-09-22 00:00:00+05:30,5.6,5.7,5.5,5.6,504072
PRAKASHSTL,2022-09-23 00:00:00+05:30,5.6,5.65,5.4,5.45,530829
PRAKASHSTL,2022-09-26 00:00:00+05:30,5.25,5.35,4.95,5.1,1420375
PRAKASHSTL,2022-09-27 00:00:00+05:30,5.2,5.6,5.15,5.6,1001141
PRAKASHSTL,2022-09-28 00:00:00+05:30,5.45,5.9,5.45,5.45,1383707
PRAKASHSTL,2022-09-29 00:00:00+05:30,5.55,5.6,5.3,5.45,528637
PRAKASHSTL,2022-09-30 00:00:00+05:30,5.45,5.55,5.3,5.45,543733
PRAKASHSTL,2022-10-03 00:00:00+05:30,5.6,5.6,5.35,5.45,448127
PRAKASHSTL,2022-10-04 00:00:00+05:30,5.5,5.6,5.4,5.5,447788
PRAKASHSTL,2022-10-06 00:00:00+05:30,5.45,5.55,5.45,5.45,568650
PRAKASHSTL,2022-10-07 00:00:00+05:30,5.5,5.5,5.4,5.45,248709
PRAKASHSTL,2022-10-10 00:00:00+05:30,5.45,5.9,5.3,5.5,1179393
PRAKASHSTL,2022-10-11 00:00:00+05:30,5.55,5.6,5.4,5.4,388505
PRAKASHSTL,2022-10-12 00:00:00+05:30,5.45,5.5,5.3,5.35,249260
PRAKASHSTL,2022-10-13 00:00:00+05:30,5.4,5.45,5.3,5.35,342468
PRAKASHSTL,2022-10-14 00:00:00+05:30,5.35,5.45,5.25,5.3,562072
PRAKASHSTL,2022-10-17 00:00:00+05:30,5.1,5.25,5.0,5.2,836503
PRAKASHSTL,2022-10-18 00:00:00+05:30,5.3,5.35,5.15,5.15,314887
PRAKASHSTL,2022-10-19 00:00:00+05:30,5.15,5.6,5.15,5.35,1272581
PRAKASHSTL,2022-10-20 00:00:00+05:30,5.35,5.4,5.25,5.3,353206
PRAKASHSTL,2022-10-21 00:00:00+05:30,5.35,5.4,5.15,5.25,463479
PRAKASHSTL,2022-10-24 00:00:00+05:30,5.3,5.45,5.3,5.3,288478
PRAKASHSTL,2022-10-25 00:00:00+05:30,5.35,5.35,5.2,5.25,377400
PRAKASHSTL,2022-10-27 00:00:00+05:30,5.3,5.3,5.15,5.2,394685
PRAKASHSTL,2022-10-28 00:00:00+05:30,5.25,5.25,5.1,5.15,454354
PRAKASHSTL,2022-10-31 00:00:00+05:30,5.2,5.3,5.0,5.25,597768
PRAKASHSTL,2022-11-01 00:00:00+05:30,5.3,5.3,5.15,5.15,387771
PRAKASHSTL,2022-11-02 00:00:00+05:30,5.2,5.2,5.1,5.15,286426
PRAKASHSTL,2022-11-03 00:00:00+05:30,5.15,5.25,5.1,5.1,288221
PRAKASHSTL,2022-11-04 00:00:00+05:30,5.15,5.2,5.1,5.1,255116
PRAKASHSTL,2022-11-07 00:00:00+05:30,5.1,5.3,5.1,5.1,403317
PRAKASHSTL,2022-11-09 00:00:00+05:30,5.1,5.3,5.1,5.15,785745
PRAKASHSTL,2022-11-10 00:00:00+05:30,5.2,5.25,5.1,5.15,415556
PRAKASHSTL,2022-11-11 00:00:00+05:30,5.2,5.45,5.15,5.15,1004384
PRAKASHSTL,2022-11-14 00:00:00+05:30,5.1,5.1,4.9,5.0,1341631
PRAKASHSTL,2022-11-15 00:00:00+05:30,4.95,5.1,4.95,5.05,611370
PRAKASHSTL,2022-11-16 00:00:00+05:30,5.1,5.1,4.9,4.95,843922
PRAKASHSTL,2022-11-17 00:00:00+05:30,5.0,5.0,4.8,4.9,726576
PRAKASHSTL,2022-11-18 00:00:00+05:30,4.95,5.0,4.85,4.95,252900
PRAKASHSTL,2022-11-21 00:00:00+05:30,4.95,5.1,4.85,4.9,544599
PRAKASHSTL,2022-11-22 00:00:00+05:30,4.95,4.95,4.85,4.85,313124
PRAKASHSTL,2022-11-23 00:00:00+05:30,4.95,4.95,4.2,4.75,716524
PRAKASHSTL,2022-11-24 00:00:00+05:30,4.7,5.0,4.7,4.85,502388
PRAKASHSTL,2022-11-25 00:00:00+05:30,4.95,5.0,4.85,4.9,513496
PRAKASHSTL,2022-11-28 00:00:00+05:30,4.95,5.0,4.8,4.85,580269
PRAKASHSTL,2022-11-29 00:00:00+05:30,5.0,5.0,4.8,4.9,331953
PRAKASHSTL,2022-11-30 00:00:00+05:30,4.9,4.95,4.75,4.9,430528
PRAKASHSTL,2022-12-01 00:00:00+05:30,4.95,5.05,4.9,4.95,473050
PRAKASHSTL,2022-12-02 00:00:00+05:30,4.9,4.95,4.85,4.85,344208
PRAKASHSTL,2022-12-05 00:00:00+05:30,4.95,5.0,4.85,5.0,451952
PRAKASHSTL,2022-12-06 00:00:00+05:30,5.0,5.05,4.9,4.9,445538
PRAKASHSTL,2022-12-07 00:00:00+05:30,4.95,5.0,4.85,4.9,320697
PRAKASHSTL,2022-12-08 00:00:00+05:30,4.9,5.0,4.9,4.9,225047
PRAKASHSTL,2022-12-09 00:00:00+05:30,5.0,5.0,4.85,4.9,404796
PRAKASHSTL,2022-12-12 00:00:00+05:30,4.95,4.95,4.85,4.85,357954
PRAKASHSTL,2022-12-13 00:00:00+05:30,4.9,4.9,4.85,4.85,323493
PRAKASHSTL,2022-12-14 00:00:00+05:30,4.85,5.35,4.85,5.1,1129996
PRAKASHSTL,2022-12-15 00:00:00+05:30,5.1,5.15,4.95,5.0,704112
PRAKASHSTL,2022-12-16 00:00:00+05:30,5.05,5.1,5.0,5.05,699663
PRAKASHSTL,2022-12-19 00:00:00+05:30,5.0,5.05,4.95,5.0,518263
PRAKASHSTL,2022-12-20 00:00:00+05:30,5.0,5.05,4.9,5.0,489246
PRAKASHSTL,2022-12-21 00:00:00+05:30,5.05,5.45,5.0,5.1,2708270
PRAKASHSTL,2022-12-22 00:00:00+05:30,5.1,5.15,4.4,4.85,1685995
PRAKASHSTL,2022-12-23 00:00:00+05:30,4.8,4.8,4.45,4.55,1259399
PRAKASHSTL,2022-12-26 00:00:00+05:30,4.5,5.0,4.4,4.95,1377405
PRAKASHSTL,2022-12-27 00:00:00+05:30,5.05,5.15,4.9,4.95,596277
PRAKASHSTL,2022-12-28 00:00:00+05:30,5.0,5.05,4.95,5.0,383539
PRAKASHSTL,2022-12-29 00:00:00+05:30,5.0,5.05,4.95,5.0,258989
PRAKASHSTL,2022-12-30 00:00:00+05:30,5.05,5.1,5.0,5.0,529977
PRAKASHSTL,2023-01-02 00:00:00+05:30,5.0,5.05,5.0,5.05,382257
PRAKASHSTL,2023-01-03 00:00:00+05:30,5.05,5.3,4.95,5.1,1065476
PRAKASHSTL,2023-01-04 00:00:00+05:30,5.05,5.15,4.95,4.95,548804
PRAKASHSTL,2023-01-05 00:00:00+05:30,5.0,5.0,4.95,4.95,244057
PRAKASHSTL,2023-01-06 00:00:00+05:30,5.0,5.0,4.85,4.9,562690
PRAKASHSTL,2023-01-09 00:00:00+05:30,4.95,5.05,4.9,4.95,331298
PRAKASHSTL,2023-01-10 00:00:00+05:30,4.95,4.95,4.85,4.85,171195
PRAKASHSTL,2023-01-11 00:00:00+05:30,4.9,4.9,4.85,4.85,239082
PRAKASHSTL,2023-01-12 00:00:00+05:30,4.85,4.9,4.8,4.85,318417
PRAKASHSTL,2023-01-13 00:00:00+05:30,4.85,4.9,4.8,4.85,212783
PRAKASHSTL,2023-01-16 00:00:00+05:30,4.85,4.9,4.85,4.85,226608
PRAKASHSTL,2023-01-17 00:00:00+05:30,4.9,4.9,4.8,4.8,252916
PRAKASHSTL,2023-01-18 00:00:00+05:30,4.8,4.9,4.7,4.85,407104
PRAKASHSTL,2023-01-19 00:00:00+05:30,4.8,4.85,4.8,4.85,148218
PRAKASHSTL,2023-01-20 00:00:00+05:30,4.8,4.9,4.75,4.85,414557
PRAKASHSTL,2023-01-23 00:00:00+05:30,4.8,5.0,4.75,4.75,528299
PRAKASHSTL,2023-01-24 00:00:00+05:30,4.85,4.85,4.75,4.8,222427
PRAKASHSTL,2023-01-25 00:00:00+05:30,4.8,4.9,4.8,4.8,291611
PRAKASHSTL,2023-01-27 00:00:00+05:30,4.85,4.85,4.6,4.7,480233
PRAKASHSTL,2023-01-30 00:00:00+05:30,4.65,4.8,4.6,4.65,579420
PRAKASHSTL,2023-01-31 00:00:00+05:30,4.65,4.8,4.6,4.7,308495
PRAKASHSTL,2023-02-01 00:00:00+05:30,4.75,4.9,4.7,4.7,449074
PRAKASHSTL,2023-02-02 00:00:00+05:30,4.75,4.75,4.55,4.6,597304
PRAKASHSTL,2023-02-03 00:00:00+05:30,4.6,4.65,4.45,4.5,630314
PRAKASHSTL,2023-02-06 00:00:00+05:30,4.5,4.55,4.5,4.55,347586
PRAKASHSTL,2023-02-07 00:00:00+05:30,4.6,4.7,4.5,4.55,375349
PRAKASHSTL,2023-02-08 00:00:00+05:30,4.55,4.65,4.5,4.6,395991
PRAKASHSTL,2023-02-09 00:00:00+05:30,4.55,4.65,4.55,4.55,193263
PRAKASHSTL,2023-02-10 00:00:00+05:30,4.6,4.6,4.5,4.5,163434
PRAKASHSTL,2023-02-13 00:00:00+05:30,4.6,4.6,4.4,4.45,459804
PRAKASHSTL,2023-02-14 00:00:00+05:30,4.4,4.55,4.35,4.45,444345
PRAKASHSTL,2023-02-15 00:00:00+05:30,4.5,5.05,4.45,4.7,911805
PRAKASHSTL,2023-02-16 00:00:00+05:30,4.75,4.8,4.65,4.7,289851
PRAKASHSTL,2023-02-17 00:00:00+05:30,4.7,4.7,4.55,4.6,240372
PRAKASHSTL,2023-02-20 00:00:00+05:30,4.65,4.65,4.4,4.5,438570
PRAKASHSTL,2023-02-21 00:00:00+05:30,4.55,4.75,4.5,4.65,592379
PRAKASHSTL,2023-02-22 00:00:00+05:30,4.6,4.65,4.35,4.4,609325
PRAKASHSTL,2023-02-23 00:00:00+05:30,4.5,4.5,4.35,4.35,322714
PRAKASHSTL,2023-02-24 00:00:00+05:30,4.45,4.55,4.4,4.45,200009
PRAKASHSTL,2023-02-27 00:00:00+05:30,4.45,4.5,4.3,4.35,258836
PRAKASHSTL,2023-02-28 00:00:00+05:30,4.3,4.35,4.2,4.25,280502
PRAKASHSTL,2023-03-01 00:00:00+05:30,4.25,4.4,4.15,4.3,268281
PRAKASHSTL,2023-03-02 00:00:00+05:30,4.35,4.4,4.25,4.35,175479
PRAKASHSTL,2023-03-03 00:00:00+05:30,4.35,4.45,4.25,4.3,276530
PRAKASHSTL,2023-03-06 00:00:00+05:30,4.3,4.35,4.2,4.25,368498
PRAKASHSTL,2023-03-08 00:00:00+05:30,4.25,4.3,4.15,4.25,292877
PRAKASHSTL,2023-03-09 00:00:00+05:30,4.25,4.3,4.15,4.2,431620
PRAKASHSTL,2023-03-10 00:00:00+05:30,4.2,4.35,4.15,4.25,402636
PRAKASHSTL,2023-03-13 00:00:00+05:30,4.25,4.35,4.15,4.2,353545
PRAKASHSTL,2023-03-14 00:00:00+05:30,4.2,4.3,4.15,4.2,236795
PRAKASHSTL,2023-03-15 00:00:00+05:30,4.2,4.3,4.15,4.15,242143
PRAKASHSTL,2023-03-16 00:00:00+05:30,4.2,4.2,4.05,4.1,237301
PRAKASHSTL,2023-03-17 00:00:00+05:30,4.1,4.15,4.05,4.05,409989
PRAKASHSTL,2023-03-20 00:00:00+05:30,4.15,4.15,3.8,3.9,574764
PRAKASHSTL,2023-03-21 00:00:00+05:30,4.0,4.0,3.9,3.95,227074
PRAKASHSTL,2023-03-22 00:00:00+05:30,4.0,4.25,4.0,4.05,342485
PRAKASHSTL,2023-03-23 00:00:00+05:30,4.05,4.3,3.9,3.95,904001
PRAKASHSTL,2023-03-24 00:00:00+05:30,4.0,4.0,3.9,3.9,234455
PRAKASHSTL,2023-03-27 00:00:00+05:30,4.0,4.0,3.8,3.85,331835
PRAKASHSTL,2023-03-28 00:00:00+05:30,3.9,3.9,3.2,3.55,717921
PRAKASHSTL,2023-03-29 00:00:00+05:30,3.55,3.55,3.25,3.3,749624
PRAKASHSTL,2023-03-31 00:00:00+05:30,3.3,3.95,3.3,3.95,902378
PRAKASHSTL,2023-04-03 00:00:00+05:30,4.1,4.7,3.95,4.7,2583530
PRAKASHSTL,2023-04-05 00:00:00+05:30,4.85,5.45,4.6,4.7,3182712
PRAKASHSTL,2023-04-06 00:00:00+05:30,4.65,4.7,4.35,4.5,768799
PRAKASHSTL,2023-04-10 00:00:00+05:30,4.5,4.6,4.15,4.15,1544849
PRAKASHSTL,2023-04-11 00:00:00+05:30,4.15,4.95,4.15,4.95,1697149
PRAKASHSTL,2023-04-12 00:00:00+05:30,5.05,5.3,4.65,4.7,2497464
PRAKASHSTL,2023-04-13 00:00:00+05:30,4.7,4.7,4.35,4.55,893596
PRAKASHSTL,2023-04-17 00:00:00+05:30,4.45,4.6,4.4,4.5,374954
PRAKASHSTL,2023-04-18 00:00:00+05:30,4.45,4.6,4.35,4.45,568249
PRAKASHSTL,2023-04-19 00:00:00+05:30,4.45,4.9,4.45,4.6,1165114
PRAKASHSTL,2023-04-20 00:00:00+05:30,4.65,4.8,4.55,4.55,698358
PRAKASHSTL,2023-04-21 00:00:00+05:30,4.6,4.7,4.45,4.5,492189
PRAKASHSTL,2023-04-24 00:00:00+05:30,4.5,4.75,4.45,4.6,594925
PRAKASHSTL,2023-04-25 00:00:00+05:30,4.7,4.7,4.5,4.55,410836
PRAKASHSTL,2023-04-26 00:00:00+05:30,4.6,4.6,4.5,4.5,306745
PRAKASHSTL,2023-04-27 00:00:00+05:30,4.5,4.6,4.45,4.5,332332
PRAKASHSTL,2023-04-28 00:00:00+05:30,4.5,4.6,4.5,4.55,243160
PRAKASHSTL,2023-05-02 00:00:00+05:30,4.6,4.65,4.5,4.55,295235
PRAKASHSTL,2023-05-03 00:00:00+05:30,4.5,4.55,4.45,4.55,231444
PRAKASHSTL,2023-05-04 00:00:00+05:30,4.6,4.65,4.5,4.55,555265
PRAKASHSTL,2023-05-05 00:00:00+05:30,4.55,4.6,4.5,4.55,172390
PRAKASHSTL,2023-05-08 00:00:00+05:30,4.6,4.7,4.5,4.5,244336
PRAKASHSTL,2023-05-09 00:00:00+05:30,4.5,4.55,4.45,4.5,228538
PRAKASHSTL,2023-05-10 00:00:00+05:30,4.5,4.55,4.45,4.45,174786
PRAKASHSTL,2023-05-11 00:00:00+05:30,4.5,4.5,4.4,4.45,381769
PRAKASHSTL,2023-05-12 00:00:00+05:30,4.4,4.45,4.4,4.45,137692
PRAKASHSTL,2023-05-15 00:00:00+05:30,4.45,4.5,4.3,4.35,675507
PRAKASHSTL,2023-05-16 00:00:00+05:30,4.4,4.5,4.3,4.4,437141
PRAKASHSTL,2023-05-17 00:00:00+05:30,4.4,4.5,4.35,4.45,276218
PRAKASHSTL,2023-05-18 00:00:00+05:30,4.45,4.45,4.35,4.35,207606
PRAKASHSTL,2023-05-19 00:00:00+05:30,4.35,4.45,4.25,4.35,392359
PRAKASHSTL,2023-05-22 00:00:00+05:30,4.4,4.4,4.2,4.25,419117
PRAKASHSTL,2023-05-23 00:00:00+05:30,4.3,4.3,4.25,4.3,170708
PRAKASHSTL,2023-05-24 00:00:00+05:30,4.3,4.3,4.2,4.25,260323
PRAKASHSTL,2023-05-25 00:00:00+05:30,4.25,4.8,4.2,4.5,1359433
PRAKASHSTL,2023-05-26 00:00:00+05:30,4.55,4.7,4.35,4.4,642234
PRAKASHSTL,2023-05-29 00:00:00+05:30,4.35,4.4,4.25,4.3,747527
PRAKASHSTL,2023-05-30 00:00:00+05:30,4.35,4.45,4.3,4.35,326952
PRAKASHSTL,2023-05-31 00:00:00+05:30,4.4,4.5,4.35,4.35,386877
PRAKASHSTL,2023-06-01 00:00:00+05:30,4.4,4.45,4.35,4.35,296621
PRAKASHSTL,2023-06-02 00:00:00+05:30,4.35,4.4,4.35,4.35,173950
PRAKASHSTL,2023-06-05 00:00:00+05:30,4.4,4.4,4.35,4.35,265613
PRAKASHSTL,2023-06-06 00:00:00+05:30,4.35,4.5,4.35,4.35,451062
PRAKASHSTL,2023-06-07 00:00:00+05:30,4.35,4.55,4.3,4.4,901943
PRAKASHSTL,2023-06-08 00:00:00+05:30,4.45,4.6,4.45,4.45,675761
PRAKASHSTL,2023-06-09 00:00:00+05:30,4.45,4.5,4.45,4.5,477199
PRAKASHSTL,2023-06-12 00:00:00+05:30,4.5,4.7,4.5,4.6,995796
PRAKASHSTL,2023-06-13 00:00:00+05:30,4.6,4.65,4.55,4.55,550614
PRAKASHSTL,2023-06-14 00:00:00+05:30,4.6,4.8,4.55,4.6,956052
PRAKASHSTL,2023-06-15 00:00:00+05:30,4.65,4.9,4.6,4.75,1247717
PRAKASHSTL,2023-06-16 00:00:00+05:30,4.8,5.1,4.75,4.8,1055618
PRAKASHSTL,2023-06-19 00:00:00+05:30,4.85,4.9,4.7,4.75,447753
PRAKASHSTL,2023-06-20 00:00:00+05:30,4.75,4.8,4.6,4.65,588856
PRAKASHSTL,2023-06-21 00:00:00+05:30,4.7,4.8,4.6,4.65,459738
PRAKASHSTL,2023-06-22 00:00:00+05:30,4.65,4.75,4.6,4.6,333736
PRAKASHSTL,2023-06-23 00:00:00+05:30,4.65,4.65,4.5,4.5,294166
PRAKASHSTL,2023-06-26 00:00:00+05:30,4.5,4.5,4.35,4.4,413820
PRAKASHSTL,2023-06-27 00:00:00+05:30,4.4,4.5,4.4,4.4,331056
PRAKASHSTL,2023-06-28 00:00:00+05:30,4.45,4.6,4.4,4.45,422429
PRAKASHSTL,2023-06-30 00:00:00+05:30,4.45,4.5,4.45,4.45,262637
PRAKASHSTL,2023-07-03 00:00:00+05:30,4.5,4.6,4.45,4.45,434248
PRAKASHSTL,2023-07-04 00:00:00+05:30,4.45,4.5,4.4,4.45,496909
PRAKASHSTL,2023-07-05 00:00:00+05:30,4.4,4.45,4.35,4.4,396586
PRAKASHSTL,2023-07-06 00:00:00+05:30,4.4,4.6,4.35,4.5,510335
PRAKASHSTL,2023-07-07 00:00:00+05:30,4.5,4.65,4.45,4.5,434965
PRAKASHSTL,2023-07-10 00:00:00+05:30,4.45,4.55,4.4,4.4,418250
PRAKASHSTL,2023-07-11 00:00:00+05:30,4.4,4.45,4.3,4.4,410412
PRAKASHSTL,2023-07-12 00:00:00+05:30,4.35,4.75,4.35,4.55,883457
PRAKASHSTL,2023-07-13 00:00:00+05:30,4.55,4.65,4.55,4.55,531301
PRAKASHSTL,2023-07-14 00:00:00+05:30,4.6,4.6,4.45,4.45,455269
PRAKASHSTL,2023-07-17 00:00:00+05:30,4.45,4.6,4.4,4.4,713801
PRAKASHSTL,2023-07-18 00:00:00+05:30,4.45,4.6,4.4,4.45,785677
PRAKASHSTL,2023-07-19 00:00:00+05:30,4.5,4.5,4.35,4.4,634772
PRAKASHSTL,2023-07-20 00:00:00+05:30,4.4,4.45,4.35,4.35,553636
PRAKASHSTL,2023-07-21 00:00:00+05:30,4.35,4.4,4.3,4.3,569724
PRAKASHSTL,2023-07-24 00:00:00+05:30,4.35,4.55,4.3,4.35,597258
PRAKASHSTL,2023-07-25 00:00:00+05:30,4.4,4.5,4.35,4.45,1063930
PRAKASHSTL,2023-07-26 00:00:00+05:30,4.5,4.55,4.4,4.45,724235
PRAKASHSTL,2023-07-27 00:00:00+05:30,4.5,4.5,4.4,4.45,419055
PRAKASHSTL,2023-07-28 00:00:00+05:30,4.45,4.5,4.4,4.45,384968
PRAKASHSTL,2023-07-31 00:00:00+05:30,4.45,4.5,4.4,4.45,582800
PRAKASHSTL,2023-08-01 00:00:00+05:30,4.5,4.55,4.4,4.45,927657
PRAKASHSTL,2023-08-02 00:00:00+05:30,4.45,4.45,4.35,4.4,638704
PRAKASHSTL,2023-08-03 00:00:00+05:30,4.4,4.55,4.35,4.45,814455
PRAKASHSTL,2023-08-04 00:00:00+05:30,4.5,4.5,4.4,4.45,460780
PRAKASHSTL,2023-08-07 00:00:00+05:30,4.5,4.55,4.4,4.5,766948
PRAKASHSTL,2023-08-08 00:00:00+05:30,4.5,4.6,4.5,4.5,636863
PRAKASHSTL,2023-08-09 00:00:00+05:30,4.5,4.55,4.45,4.5,615567
PRAKASHSTL,2023-08-10 00:00:00+05:30,4.55,4.6,4.5,4.6,913872
PRAKASHSTL,2023-08-11 00:00:00+05:30,4.75,5.5,4.75,5.5,10725966
PRAKASHSTL,2023-08-14 00:00:00+05:30,6.25,6.6,5.75,6.6,22078894
PRAKASHSTL,2023-08-16 00:00:00+05:30,6.6,7.15,6.4,7.05,19434043
PRAKASHSTL,2023-08-17 00:00:00+05:30,7.2,7.3,6.6,6.65,6613038
PRAKASHSTL,2023-08-18 00:00:00+05:30,6.65,6.65,6.0,6.05,7561157
PRAKASHSTL,2023-08-21 00:00:00+05:30,6.35,6.35,5.75,5.9,1499981
PRAKASHSTL,2023-08-22 00:00:00+05:30,5.85,5.85,5.6,5.6,955167
PRAKASHSTL,2023-08-23 00:00:00+05:30,5.6,5.85,5.35,5.85,1103903
PRAKASHSTL,2023-08-24 00:00:00+05:30,5.85,6.0,5.6,5.75,770950
PRAKASHSTL,2023-08-25 00:00:00+05:30,5.8,5.85,5.55,5.65,526849
PRAKASHSTL,2023-08-28 00:00:00+05:30,5.7,5.9,5.7,5.75,529713
PRAKASHSTL,2023-08-29 00:00:00+05:30,5.85,5.85,5.65,5.7,345414
PRAKASHSTL,2023-08-30 00:00:00+05:30,5.75,5.85,5.6,5.65,717215
PRAKASHSTL,2023-08-31 00:00:00+05:30,5.75,5.8,5.45,5.65,472243
PRAKASHSTL,2023-09-01 00:00:00+05:30,5.7,5.8,5.5,5.6,678651
PRAKASHSTL,2023-09-04 00:00:00+05:30,5.75,5.85,5.6,5.85,896316
PRAKASHSTL,2023-09-05 00:00:00+05:30,6.05,6.1,6.0,6.1,658326
PRAKASHSTL,2023-09-06 00:00:00+05:30,6.4,6.4,6.1,6.4,1323800
PRAKASHSTL,2023-09-07 00:00:00+05:30,6.7,6.7,6.65,6.7,536942
PRAKASHSTL,2023-09-08 00:00:00+05:30,7.0,7.0,6.9,7.0,1953247
PRAKASHSTL,2023-09-11 00:00:00+05:30,6.9,6.9,6.9,6.9,481768
PRAKASHSTL,2023-09-12 00:00:00+05:30,6.8,6.8,6.8,6.8,105643
PRAKASHSTL,2023-09-13 00:00:00+05:30,6.7,6.7,6.7,6.7,65333
PRAKASHSTL,2023-09-14 00:00:00+05:30,6.6,6.6,6.6,6.6,68580
PRAKASHSTL,2023-09-15 00:00:00+05:30,6.5,6.5,6.5,6.5,138219
PRAKASHSTL,2023-09-18 00:00:00+05:30,6.4,6.4,6.4,6.4,130430
PRAKASHSTL,2023-09-20 00:00:00+05:30,6.3,6.3,6.3,6.3,55888
PRAKASHSTL,2023-09-21 00:00:00+05:30,6.2,6.2,6.2,6.2,58586
PRAKASHSTL,2023-09-22 00:00:00+05:30,6.1,6.1,6.1,6.1,48090
PRAKASHSTL,2023-09-25 00:00:00+05:30,6.0,6.0,6.0,6.0,125475
PRAKASHSTL,2023-09-26 00:00:00+05:30,5.9,5.9,5.9,5.9,54017
PRAKASHSTL,2023-09-27 00:00:00+05:30,5.8,5.8,5.8,5.8,68799
PRAKASHSTL,2023-09-28 00:00:00+05:30,5.7,5.7,5.7,5.7,146704
PRAKASHSTL,2023-09-29 00:00:00+05:30,5.6,5.6,5.6,5.6,224200
PRAKASHSTL,2023-10-03 00:00:00+05:30,5.5,5.5,5.5,5.5,79399
PRAKASHSTL,2023-10-04 00:00:00+05:30,5.4,5.4,5.4,5.4,86481
PRAKASHSTL,2023-10-05 00:00:00+05:30,5.4,5.4,5.3,5.3,311022
PRAKASHSTL,2023-10-06 00:00:00+05:30,5.25,5.25,5.2,5.2,311222
PRAKASHSTL,2023-10-09 00:00:00+05:30,5.15,5.2,5.1,5.1,198975
PRAKASHSTL,2023-10-10 00:00:00+05:30,5.0,5.0,5.0,5.0,215586
PRAKASHSTL,2023-10-11 00:00:00+05:30,4.9,4.95,4.9,4.95,294581
PRAKASHSTL,2023-10-12 00:00:00+05:30,4.95,5.0,4.95,5.0,119836
PRAKASHSTL,2023-10-13 00:00:00+05:30,5.1,5.1,5.1,5.1,46385
PRAKASHSTL,2023-10-16 00:00:00+05:30,5.35,5.35,5.35,5.35,153739
PRAKASHSTL,2023-10-17 00:00:00+05:30,5.6,5.6,5.6,5.6,122824
PRAKASHSTL,2023-10-18 00:00:00+05:30,5.85,5.85,5.85,5.85,546025
PRAKASHSTL,2023-10-19 00:00:00+05:30,5.55,6.1,5.55,6.1,1150820
PRAKASHSTL,2023-10-20 00:00:00+05:30,6.4,6.4,6.4,6.4,473191
PRAKASHSTL,2023-10-23 00:00:00+05:30,6.65,6.7,6.1,6.2,2002162
PRAKASHSTL,2023-10-25 00:00:00+05:30,6.35,6.5,5.9,5.95,792424
PRAKASHSTL,2023-10-26 00:00:00+05:30,5.85,5.85,5.85,5.85,87494
PRAKASHSTL,2023-10-27 00:00:00+05:30,5.75,5.75,5.75,5.75,114025
PRAKASHSTL,2023-10-30 00:00:00+05:30,5.65,5.65,5.65,5.65,128888
PRAKASHSTL,2023-10-31 00:00:00+05:30,5.55,5.55,5.55,5.55,71881
PRAKASHSTL,2023-11-01 00:00:00+05:30,5.65,5.65,5.45,5.45,329414
PRAKASHSTL,2023-11-02 00:00:00+05:30,5.45,5.45,5.4,5.4,141792
PRAKASHSTL,2023-11-03 00:00:00+05:30,5.4,5.5,5.4,5.5,105252
PRAKASHSTL,2023-11-06 00:00:00+05:30,5.55,5.6,5.55,5.6,104959
PRAKASHSTL,2023-11-07 00:00:00+05:30,5.7,5.7,5.7,5.7,121968
PRAKASHSTL,2023-11-08 00:00:00+05:30,5.8,5.8,5.7,5.75,140912
PRAKASHSTL,2023-11-09 00:00:00+05:30,5.75,5.75,5.65,5.65,107962
PRAKASHSTL,2023-11-10 00:00:00+05:30,5.65,5.65,5.6,5.6,138672
PRAKASHSTL,2023-11-12 00:00:00+05:30,5.6,5.6,5.6,5.6,48041
PRAKASHSTL,2023-11-13 00:00:00+05:30,5.7,5.7,5.7,5.7,182943
PRAKASHSTL,2023-11-15 00:00:00+05:30,5.7,5.75,5.7,5.75,241643
PRAKASHSTL,2023-11-16 00:00:00+05:30,5.75,5.75,5.7,5.7,156073
PRAKASHSTL,2023-11-17 00:00:00+05:30,5.7,5.75,5.7,5.75,180101
PRAKASHSTL,2023-11-20 00:00:00+05:30,5.7,5.7,5.65,5.65,185474
PRAKASHSTL,2023-11-21 00:00:00+05:30,5.65,5.65,5.55,5.55,144069
PRAKASHSTL,2023-11-22 00:00:00+05:30,5.55,5.55,5.45,5.45,175423
PRAKASHSTL,2023-11-23 00:00:00+05:30,5.45,5.5,5.45,5.5,186198
PRAKASHSTL,2023-11-24 00:00:00+05:30,5.6,5.6,5.55,5.55,99742
PRAKASHSTL,2023-11-28 00:00:00+05:30,5.55,5.55,5.55,5.55,125793
PRAKASHSTL,2023-11-29 00:00:00+05:30,5.55,5.55,5.45,5.45,123575
PRAKASHSTL,2023-11-30 00:00:00+05:30,5.4,5.4,5.4,5.4,71164
PRAKASHSTL,2023-12-01 00:00:00+05:30,5.4,5.4,5.3,5.3,153802
PRAKASHSTL,2023-12-04 00:00:00+05:30,5.55,5.55,5.35,5.55,479078
PRAKASHSTL,2023-12-05 00:00:00+05:30,5.7,5.8,5.65,5.8,530258
PRAKASHSTL,2023-12-06 00:00:00+05:30,5.9,6.05,5.9,6.05,579042
PRAKASHSTL,2023-12-07 00:00:00+05:30,6.35,6.35,6.2,6.35,591542
PRAKASHSTL,2023-12-08 00:00:00+05:30,6.55,6.65,6.05,6.1,1777791
PRAKASHSTL,2023-12-11 00:00:00+05:30,6.25,6.4,6.2,6.3,790393
PRAKASHSTL,2023-12-12 00:00:00+05:30,6.45,6.6,6.2,6.6,1331636
PRAKASHSTL,2023-12-13 00:00:00+05:30,6.9,6.9,6.75,6.9,1273998
PRAKASHSTL,2023-12-14 00:00:00+05:30,7.15,7.2,6.65,7.0,1909410
PRAKASHSTL,2023-12-15 00:00:00+05:30,7.25,7.25,6.8,6.8,1041645
PRAKASHSTL,2023-12-18 00:00:00+05:30,7.0,7.1,6.85,7.0,1121448
PRAKASHSTL,2023-12-19 00:00:00+05:30,7.15,7.7,7.15,7.7,4350434
PRAKASHSTL,2023-12-20 00:00:00+05:30,8.1,8.45,7.15,7.7,12937231
PRAKASHSTL,2023-12-21 00:00:00+05:30,7.55,8.45,7.55,8.45,4802414
PRAKASHSTL,2023-12-22 00:00:00+05:30,8.75,8.85,8.7,8.85,1042668
PRAKASHSTL,2023-12-26 00:00:00+05:30,9.25,9.25,9.25,9.25,485128
PRAKASHSTL,2023-12-27 00:00:00+05:30,9.7,9.7,9.7,9.7,443862
PRAKASHSTL,2023-12-28 00:00:00+05:30,10.15,10.15,10.15,10.15,535947
PRAKASHSTL,2023-12-29 00:00:00+05:30,9.9,10.35,9.65,9.65,19987706
PRAKASHSTL,2024-01-01 00:00:00+05:30,10.0,10.1,9.65,10.1,7002876
PRAKASHSTL,2024-01-02 00:00:00+05:30,10.5,10.6,10.3,10.6,3865029
PRAKASHSTL,2024-01-03 00:00:00+05:30,11.0,11.1,10.9,11.1,542837
PRAKASHSTL,2024-01-04 00:00:00+05:30,11.65,11.65,11.65,11.65,319129
PRAKASHSTL,2024-01-05 00:00:00+05:30,12.2,12.2,11.85,12.2,3922842
PRAKASHSTL,2024-01-08 00:00:00+05:30,12.8,12.8,12.3,12.8,2012402
PRAKASHSTL,2024-01-09 00:00:00+05:30,12.9,13.4,12.8,13.4,1176850
PRAKASHSTL,2024-01-10 00:00:00+05:30,14.0,14.05,13.85,14.05,836617
PRAKASHSTL,2024-01-11 00:00:00+05:30,14.75,14.75,14.75,14.75,469301
PRAKASHSTL,2024-01-12 00:00:00+05:30,15.45,15.45,15.45,15.45,558420
PRAKASHSTL,2024-01-15 00:00:00+05:30,16.2,16.2,14.7,14.7,4186618
PRAKASHSTL,2024-01-16 00:00:00+05:30,14.0,14.0,14.0,14.0,779135
PRAKASHSTL,2024-01-17 00:00:00+05:30,13.75,13.75,13.75,13.75,172200
PRAKASHSTL,2024-01-18 00:00:00+05:30,13.5,13.5,13.5,13.5,169430
PRAKASHSTL,2024-01-19 00:00:00+05:30,13.25,13.25,13.25,13.25,231014
PRAKASHSTL,2024-01-20 00:00:00+05:30,13.0,13.0,13.0,13.0,112036
PRAKASHSTL,2024-01-23 00:00:00+05:30,12.75,12.75,12.75,12.75,88701
PRAKASHSTL,2024-01-24 00:00:00+05:30,12.5,12.5,12.5,12.5,101237
PRAKASHSTL,2024-01-25 00:00:00+05:30,12.25,12.25,12.25,12.25,107091
PRAKASHSTL,2024-01-29 00:00:00+05:30,12.0,12.0,12.0,12.0,264924
PRAKASHSTL,2024-01-30 00:00:00+05:30,11.8,11.8,11.8,11.8,134854
PRAKASHSTL,2024-01-31 00:00:00+05:30,11.6,11.6,11.6,11.6,182501
PRAKASHSTL,2024-02-01 00:00:00+05:30,11.4,11.4,11.4,11.4,203542
PRAKASHSTL,2024-02-02 00:00:00+05:30,11.2,11.2,11.2,11.2,167716
PRAKASHSTL,2024-02-05 00:00:00+05:30,11.0,11.0,11.0,11.0,255600
PRAKASHSTL,2024-02-06 00:00:00+05:30,10.8,10.8,10.8,10.8,138818
PRAKASHSTL,2024-02-07 00:00:00+05:30,10.6,10.6,10.6,10.6,198246
PRAKASHSTL,2024-02-08 00:00:00+05:30,10.4,10.4,10.4,10.4,187365
PRAKASHSTL,2024-02-09 00:00:00+05:30,10.2,10.2,10.2,10.2,153413
PRAKASHSTL,2024-02-12 00:00:00+05:30,10.0,10.0,10.0,10.0,88700
PRAKASHSTL,2024-02-13 00:00:00+05:30,9.8,9.8,9.8,9.8,67881
PRAKASHSTL,2024-02-14 00:00:00+05:30,9.6,9.6,9.6,9.6,104957
PRAKASHSTL,2024-02-15 00:00:00+05:30,9.4,9.4,9.4,9.4,184669
PRAKASHSTL,2024-02-16 00:00:00+05:30,9.25,9.4,9.25,9.25,1197844
PRAKASHSTL,2024-02-19 00:00:00+05:30,9.1,9.1,9.1,9.1,176213
PRAKASHSTL,2024-02-20 00:00:00+05:30,8.95,9.25,8.95,9.25,2724062
PRAKASHSTL,2024-02-21 00:00:00+05:30,9.4,9.4,9.4,9.4,476155
PRAKASHSTL,2024-02-22 00:00:00+05:30,9.35,9.35,9.25,9.3,1096500
PRAKASHSTL,2024-02-23 00:00:00+05:30,9.3,9.35,9.15,9.35,620559
PRAKASHSTL,2024-02-26 00:00:00+05:30,9.8,9.8,9.8,9.8,925449
PRAKASHSTL,2024-02-27 00:00:00+05:30,9.45,9.45,9.35,9.35,985416
PRAKASHSTL,2024-02-28 00:00:00+05:30,8.9,8.9,8.9,8.9,404560
PRAKASHSTL,2024-02-29 00:00:00+05:30,8.45,8.45,8.45,8.45,1082133
PRAKASHSTL,2024-03-01 00:00:00+05:30,8.05,8.65,8.05,8.05,2377142
PRAKASHSTL,2024-03-02 00:00:00+05:30,7.65,8.45,7.65,8.3,815404
PRAKASHSTL,2024-03-04 00:00:00+05:30,8.3,8.7,8.3,8.7,1689189
PRAKASHSTL,2024-03-05 00:00:00+05:30,8.7,8.7,8.3,8.3,823250
PRAKASHSTL,2024-03-06 00:00:00+05:30,7.95,8.2,7.9,7.9,707759
PRAKASHSTL,2024-03-07 00:00:00+05:30,7.7,8.25,7.6,8.25,805156
PRAKASHSTL,2024-03-11 00:00:00+05:30,8.65,8.65,8.1,8.4,997920
PRAKASHSTL,2024-03-12 00:00:00+05:30,8.6,8.6,8.0,8.0,689631
PRAKASHSTL,2024-03-13 00:00:00+05:30,7.9,8.0,7.6,7.6,405576
PRAKASHSTL,2024-03-14 00:00:00+05:30,7.25,7.95,7.25,7.8,833046
PRAKASHSTL,2024-03-15 00:00:00+05:30,7.8,8.0,7.5,7.85,505796
PRAKASHSTL,2024-03-18 00:00:00+05:30,8.0,8.0,7.5,7.7,428392
PRAKASHSTL,2024-03-19 00:00:00+05:30,7.85,7.85,7.35,7.4,385843
PRAKASHSTL,2024-03-20 00:00:00+05:30,7.45,7.75,7.3,7.55,352006
PRAKASHSTL,2024-03-21 00:00:00+05:30,7.8,7.9,7.55,7.9,336312
PRAKASHSTL,2024-03-22 00:00:00+05:30,8.15,8.25,7.7,8.25,476480
PRAKASHSTL,2024-03-26 00:00:00+05:30,8.25,8.45,7.9,8.0,456534
PRAKASHSTL,2024-03-27 00:00:00+05:30,7.9,8.1,7.65,7.7,437329
PRAKASHSTL,2024-03-28 00:00:00+05:30,7.75,7.95,7.5,7.65,616633
PRAKASHSTL,2024-04-01 00:00:00+05:30,7.5,8.0,7.5,8.0,328175
PRAKASHSTL,2024-04-02 00:00:00+05:30,8.2,8.4,8.05,8.4,401059
PRAKASHSTL,2024-04-03 00:00:00+05:30,8.6,8.8,8.45,8.8,252380
PRAKASHSTL,2024-04-04 00:00:00+05:30,9.2,9.2,8.9,9.2,947104
PRAKASHSTL,2024-04-05 00:00:00+05:30,9.6,9.65,9.1,9.6,1159058
PRAKASHSTL,2024-04-08 00:00:00+05:30,9.4,9.4,9.4,9.4,130518
PRAKASHSTL,2024-04-09 00:00:00+05:30,9.25,9.25,9.25,9.25,48368
PRAKASHSTL,2024-04-10 00:00:00+05:30,9.1,9.1,9.1,9.1,104736
PRAKASHSTL,2024-04-12 00:00:00+05:30,8.95,8.95,8.95,8.95,144527
PRAKASHSTL,2024-04-15 00:00:00+05:30,8.8,8.8,8.8,8.8,30712
PRAKASHSTL,2024-04-16 00:00:00+05:30,8.65,8.65,8.65,8.65,65853
PRAKASHSTL,2024-04-18 00:00:00+05:30,8.5,8.5,8.5,8.5,80551
PRAKASHSTL,2024-04-19 00:00:00+05:30,8.35,8.35,8.35,8.35,80694
PRAKASHSTL,2024-04-22 00:00:00+05:30,8.3,8.3,8.2,8.2,151956
PRAKASHSTL,2024-04-23 00:00:00+05:30,8.2,8.2,8.05,8.05,262738
PRAKASHSTL,2024-04-24 00:00:00+05:30,8.0,8.0,7.95,7.95,144793
PRAKASHSTL,2024-04-25 00:00:00+05:30,7.95,7.95,7.95,7.95,129063
PRAKASHSTL,2024-04-26 00:00:00+05:30,7.95,7.95,7.95,7.95,185225
PRAKASHSTL,2024-04-29 00:00:00+05:30,7.95,7.95,7.95,7.95,110813
PRAKASHSTL,2024-04-30 00:00:00+05:30,7.95,7.95,7.9,7.9,234946
PRAKASHSTL,2024-05-02 00:00:00+05:30,7.9,7.9,7.85,7.85,273406
PRAKASHSTL,2024-05-03 00:00:00+05:30,7.85,7.85,7.8,7.8,166817
PRAKASHSTL,2024-05-06 00:00:00+05:30,7.75,7.75,7.65,7.65,189350
PRAKASHSTL,2024-05-07 00:00:00+05:30,7.6,7.6,7.5,7.5,156998
PRAKASHSTL,2024-05-08 00:00:00+05:30,7.35,7.4,7.35,7.4,244283
PRAKASHSTL,2024-05-09 00:00:00+05:30,7.35,7.35,7.3,7.3,115855
PRAKASHSTL,2024-05-10 00:00:00+05:30,7.3,7.3,7.3,7.3,120692
PRAKASHSTL,2024-05-13 00:00:00+05:30,7.35,7.65,7.35,7.65,255525
PRAKASHSTL,2024-05-14 00:00:00+05:30,7.9,8.0,7.9,8.0,250089
PRAKASHSTL,2024-05-15 00:00:00+05:30,8.25,8.4,8.2,8.4,359696
PRAKASHSTL,2024-05-16 00:00:00+05:30,8.8,8.8,8.8,8.8,245355
PRAKASHSTL,2024-05-17 00:00:00+05:30,9.05,9.2,8.45,9.2,1154521
PRAKASHSTL,2024-05-18 00:00:00+05:30,9.65,9.65,9.5,9.65,190965
PRAKASHSTL,2024-05-21 00:00:00+05:30,10.1,10.1,9.9,10.1,668440
PRAKASHSTL,2024-05-22 00:00:00+05:30,9.9,9.9,9.9,9.9,190995
PRAKASHSTL,2024-05-23 00:00:00+05:30,9.7,9.7,9.7,9.7,114360
PRAKASHSTL,2024-05-24 00:00:00+05:30,9.5,9.5,9.5,9.5,186227
PRAKASHSTL,2024-05-27 00:00:00+05:30,9.35,9.35,9.35,9.35,74429
PRAKASHSTL,2024-05-28 00:00:00+05:30,9.2,9.2,9.2,9.2,51300
PRAKASHSTL,2024-05-29 00:00:00+05:30,9.15,9.15,9.05,9.05,196682
PRAKASHSTL,2024-05-30 00:00:00+05:30,8.9,8.9,8.9,8.9,84717
PRAKASHSTL,2024-05-31 00:00:00+05:30,8.85,8.85,8.75,8.75,175599
PRAKASHSTL,2024-06-03 00:00:00+05:30,8.75,8.75,8.6,8.6,318878
PRAKASHSTL,2024-06-04 00:00:00+05:30,8.6,8.6,8.45,8.45,204058
PRAKASHSTL,2024-06-05 00:00:00+05:30,8.3,8.3,8.3,8.3,106426
PRAKASHSTL,2024-06-06 00:00:00+05:30,8.15,8.15,8.15,8.15,264723
PRAKASHSTL,2024-06-07 00:00:00+05:30,8.05,8.3,8.05,8.3,242802
PRAKASHSTL,2024-06-10 00:00:00+05:30,8.46,8.46,8.46,8.46,182584
PRAKASHSTL,2024-06-11 00:00:00+05:30,8.62,8.62,8.62,8.62,170390
PRAKASHSTL,2024-06-12 00:00:00+05:30,8.79,8.79,8.79,8.79,215753
PRAKASHSTL,2024-06-13 00:00:00+05:30,8.94,8.94,8.93,8.94,522015
PRAKASHSTL,2024-06-14 00:00:00+05:30,8.94,9.11,8.94,9.11,350284
PRAKASHSTL,2024-06-18 00:00:00+05:30,9.12,9.12,9.0,9.0,302557
PRAKASHSTL,2024-06-19 00:00:00+05:30,9.17,9.17,8.99,8.99,227916
PRAKASHSTL,2024-06-20 00:00:00+05:30,8.98,8.98,8.85,8.85,111447
PRAKASHSTL,2024-06-21 00:00:00+05:30,8.85,8.85,8.8,8.8,220981
PRAKASHSTL,2024-06-24 00:00:00+05:30,8.8,8.97,8.8,8.97,223958
PRAKASHSTL,2024-06-25 00:00:00+05:30,9.14,9.14,9.14,9.14,293313
PRAKASHSTL,2024-06-26 00:00:00+05:30,9.1,9.1,8.95,8.95,216223
PRAKASHSTL,2024-06-27 00:00:00+05:30,9.12,9.12,9.08,9.08,244898
PRAKASHSTL,2024-06-28 00:00:00+05:30,9.08,9.26,9.0,9.26,370786
PRAKASHSTL,2024-07-01 00:00:00+05:30,9.72,9.72,9.72,9.72,872865
PRAKASHSTL,2024-07-02 00:00:00+05:30,9.73,9.94,9.23,9.25,1770301
PRAKASHSTL,2024-07-03 00:00:00+05:30,9.2,9.24,8.83,9.02,918604
PRAKASHSTL,2024-07-04 00:00:00+05:30,9.02,9.47,8.91,9.47,801912
PRAKASHSTL,2024-07-05 00:00:00+05:30,9.52,9.69,9.11,9.44,1303152
PRAKASHSTL,2024-07-08 00:00:00+05:30,9.65,9.69,9.01,9.15,681625
PRAKASHSTL,2024-07-09 00:00:00+05:30,9.1,9.1,8.95,9.02,625394
PRAKASHSTL,2024-07-10 00:00:00+05:30,9.1,9.15,8.82,8.98,491381
PRAKASHSTL,2024-07-11 00:00:00+05:30,9.15,9.3,8.7,8.94,528486
PRAKASHSTL,2024-07-12 00:00:00+05:30,8.94,9.15,8.8,8.89,357594
PRAKASHSTL,2024-07-15 00:00:00+05:30,8.94,9.15,8.51,8.84,470270
PRAKASHSTL,2024-07-16 00:00:00+05:30,8.8,8.95,8.51,8.78,318590
PRAKASHSTL,2024-07-18 00:00:00+05:30,8.86,8.99,8.41,8.89,547552
PRAKASHSTL,2024-07-19 00:00:00+05:30,9.09,9.09,8.71,8.82,525773
PRAKASHSTL,2024-07-22 00:00:00+05:30,8.95,9.26,8.51,9.26,597349
PRAKASHSTL,2024-07-23 00:00:00+05:30,9.7,9.72,8.91,9.19,663544
PRAKASHSTL,2024-07-24 00:00:00+05:30,9.18,9.19,9.02,9.06,404867
PRAKASHSTL,2024-07-25 00:00:00+05:30,9.17,9.45,8.96,9.33,678543
PRAKASHSTL,2024-07-26 00:00:00+05:30,9.72,9.72,9.36,9.61,840000
PRAKASHSTL,2024-07-29 00:00:00+05:30,10.09,10.09,9.61,10.09,1422349
PRAKASHSTL,2024-07-30 00:00:00+05:30,10.54,10.59,10.41,10.59,1179344
PRAKASHSTL,2024-07-31 00:00:00+05:30,11.11,11.11,11.0,11.11,1084409
PRAKASHSTL,2024-08-01 00:00:00+05:30,10.88,10.88,10.88,10.88,394719
PRAKASHSTL,2024-08-02 00:00:00+05:30,10.66,10.66,10.66,10.66,96551
PRAKASHSTL,2024-08-05 00:00:00+05:30,10.44,10.44,10.44,10.44,94092
PRAKASHSTL,2024-08-06 00:00:00+05:30,10.23,10.23,10.23,10.23,32867
PRAKASHSTL,2024-08-07 00:00:00+05:30,10.02,10.02,10.02,10.02,151938
PRAKASHSTL,2024-08-08 00:00:00+05:30,9.81,9.81,9.81,9.81,124978
PRAKASHSTL,2024-08-09 00:00:00+05:30,9.61,9.61,9.61,9.61,182030
PRAKASHSTL,2024-08-12 00:00:00+05:30,9.61,9.8,9.61,9.67,341395
PRAKASHSTL,2024-08-13 00:00:00+05:30,9.67,9.67,9.47,9.47,191374
PRAKASHSTL,2024-08-14 00:00:00+05:30,9.28,9.28,9.28,9.28,47334
PRAKASHSTL,2024-08-16 00:00:00+05:30,9.09,9.09,9.09,9.09,248578
PRAKASHSTL,2024-08-19 00:00:00+05:30,9.0,9.0,8.95,8.95,240552
PRAKASHSTL,2024-08-20 00:00:00+05:30,8.77,8.8,8.77,8.8,310483
PRAKASHSTL,2024-08-21 00:00:00+05:30,8.8,8.97,8.8,8.97,223267
PRAKASHSTL,2024-08-22 00:00:00+05:30,9.14,9.14,9.14,9.14,127750
PRAKASHSTL,2024-08-23 00:00:00+05:30,9.32,9.32,9.32,9.32,321735
PRAKASHSTL,2024-08-26 00:00:00+05:30,9.5,9.5,9.45,9.45,765503
PRAKASHSTL,2024-08-27 00:00:00+05:30,9.5,9.5,9.26,9.26,140998
PRAKASHSTL,2024-08-28 00:00:00+05:30,9.28,9.28,9.1,9.1,80463
PRAKASHSTL,2024-08-29 00:00:00+05:30,8.91,9.28,8.91,9.28,343512
PRAKASHSTL,2024-08-30 00:00:00+05:30,9.26,9.26,9.2,9.2,130898
PRAKASHSTL,2024-09-02 00:00:00+05:30,9.2,9.38,9.2,9.38,326638
PRAKASHSTL,2024-09-03 00:00:00+05:30,9.41,9.43,9.19,9.19,175466
PRAKASHSTL,2024-09-04 00:00:00+05:30,9.1,9.2,9.1,9.14,349840
PRAKASHSTL,2024-09-05 00:00:00+05:30,9.11,9.14,9.11,9.12,143129
PRAKASHSTL,2024-09-06 00:00:00+05:30,9.08,9.1,9.08,9.1,156992
PRAKASHSTL,2024-09-09 00:00:00+05:30,9.01,9.4,9.01,9.11,639936
PRAKASHSTL,2024-09-10 00:00:00+05:30,9.36,9.36,9.0,9.06,461918
PRAKASHSTL,2024-09-11 00:00:00+05:30,9.0,9.2,8.78,8.89,428552
PRAKASHSTL,2024-09-12 00:00:00+05:30,9.0,9.24,9.0,9.13,361234
PRAKASHSTL,2024-09-13 00:00:00+05:30,9.33,9.58,9.01,9.58,607211
PRAKASHSTL,2024-09-16 00:00:00+05:30,9.58,9.87,9.3,9.61,635337
PRAKASHSTL,2024-09-17 00:00:00+05:30,9.6,9.6,9.16,9.3,347264
PRAKASHSTL,2024-09-18 00:00:00+05:30,9.44,9.6,9.0,9.08,464892
PRAKASHSTL,2024-09-19 00:00:00+05:30,9.0,9.35,8.75,8.97,386601
PRAKASHSTL,2024-09-20 00:00:00+05:30,9.14,9.14,8.6,8.98,349414
PRAKASHSTL,2024-09-23 00:00:00+05:30,9.36,9.36,9.0,9.04,586725
PRAKASHSTL,2024-09-24 00:00:00+05:30,9.15,9.15,8.85,8.9,813246
PRAKASHSTL,2024-09-25 00:00:00+05:30,9.04,9.08,8.71,8.81,610171
PRAKASHSTL,2024-09-26 00:00:00+05:30,8.95,9.1,8.75,8.84,555375
PRAKASHSTL,2024-09-27 00:00:00+05:30,9.08,9.14,8.8,8.87,543989
PRAKASHSTL,2024-09-30 00:00:00+05:30,9.0,9.31,8.85,9.17,1009767
PRAKASHSTL,2024-10-01 00:00:00+05:30,9.6,9.62,9.17,9.33,2451593
PRAKASHSTL,2024-10-03 00:00:00+05:30,9.36,9.36,8.86,8.9,974237
PRAKASHSTL,2024-10-04 00:00:00+05:30,8.77,8.99,8.6,8.76,536419
PRAKASHSTL,2024-10-07 00:00:00+05:30,8.83,9.14,8.32,8.36,836216
PRAKASHSTL,2024-10-08 00:00:00+05:30,8.36,9.19,8.12,9.03,803351
PRAKASHSTL,2024-10-09 00:00:00+05:30,9.19,9.39,8.81,8.86,583994
PRAKASHSTL,2024-10-10 00:00:00+05:30,9.24,9.25,8.96,9.1,415482
PRAKASHSTL,2024-10-11 00:00:00+05:30,9.46,9.46,8.9,9.02,355124
PRAKASHSTL,2024-10-14 00:00:00+05:30,9.02,9.1,8.86,8.92,266449
PRAKASHSTL,2024-10-15 00:00:00+05:30,8.92,9.1,8.9,8.9,268089
PRAKASHSTL,2024-10-16 00:00:00+05:30,9.08,9.08,8.74,8.78,391522
PRAKASHSTL,2024-10-17 00:00:00+05:30,8.75,8.76,8.56,8.6,269710
PRAKASHSTL,2024-10-18 00:00:00+05:30,8.76,9.08,8.61,8.82,458761
PRAKASHSTL,2024-10-21 00:00:00+05:30,8.88,9.19,8.67,8.73,368522
PRAKASHSTL,2024-10-22 00:00:00+05:30,8.88,9.1,7.91,8.07,684017
PRAKASHSTL,2024-10-23 00:00:00+05:30,8.63,8.63,8.06,8.25,404447
PRAKASHSTL,2024-10-24 00:00:00+05:30,8.38,8.38,8.11,8.21,368078
PRAKASHSTL,2024-10-25 00:00:00+05:30,8.22,8.38,7.68,8.03,555317
PRAKASHSTL,2024-10-28 00:00:00+05:30,8.04,8.32,7.66,8.06,313595
PRAKASHSTL,2024-10-29 00:00:00+05:30,8.78,8.78,8.18,8.29,319011
PRAKASHSTL,2024-10-30 00:00:00+05:30,8.47,8.74,8.3,8.49,275340
PRAKASHSTL,2024-10-31 00:00:00+05:30,8.42,8.98,8.42,8.82,620857
PRAKASHSTL,2024-11-01 00:00:00+05:30,9.08,9.25,8.91,9.04,349046
PRAKASHSTL,2024-11-04 00:00:00+05:30,9.18,9.25,8.38,8.64,613464
PRAKASHSTL,2024-11-05 00:00:00+05:30,8.79,9.1,8.65,8.96,518437
PRAKASHSTL,2024-11-06 00:00:00+05:30,9.1,9.15,8.9,8.98,377593
PRAKASHSTL,2024-11-07 00:00:00+05:30,9.04,9.25,8.71,8.76,636601
PRAKASHSTL,2024-11-08 00:00:00+05:30,8.76,8.96,8.61,8.78,298958
PRAKASHSTL,2024-11-11 00:00:00+05:30,8.9,8.96,8.45,8.53,423163
PRAKASHSTL,2024-11-12 00:00:00+05:30,8.79,8.91,8.56,8.66,229812
PRAKASHSTL,2024-11-13 00:00:00+05:30,8.73,8.73,8.07,8.35,551071
PRAKASHSTL,2024-11-14 00:00:00+05:30,8.28,8.36,8.01,8.12,501373
PRAKASHSTL,2024-11-18 00:00:00+05:30,8.14,8.37,7.79,7.94,628162
PRAKASHSTL,2024-11-19 00:00:00+05:30,8.2,8.28,8.06,8.13,282711
PRAKASHSTL,2024-11-21 00:00:00+05:30,8.3,8.47,7.96,7.97,266114
PRAKASHSTL,2024-11-22 00:00:00+05:30,8.13,8.36,7.95,8.0,282042
PRAKASHSTL,2024-11-25 00:00:00+05:30,8.25,8.34,8.02,8.06,352204
PRAKASHSTL,2024-11-26 00:00:00+05:30,8.05,8.18,7.95,8.1,273633
PRAKASHSTL,2024-11-27 00:00:00+05:30,8.25,8.74,8.1,8.66,690322
PRAKASHSTL,2024-11-28 00:00:00+05:30,8.64,8.78,8.32,8.44,573574
PRAKASHSTL,2024-11-29 00:00:00+05:30,8.64,8.64,8.3,8.4,366596
PRAKASHSTL,2024-12-02 00:00:00+05:30,8.39,8.6,8.31,8.42,477075
PRAKASHSTL,2024-12-03 00:00:00+05:30,8.42,8.67,8.39,8.56,397541
PRAKASHSTL,2024-12-04 00:00:00+05:30,8.72,8.72,8.48,8.5,331037
PRAKASHSTL,2024-12-05 00:00:00+05:30,8.89,8.89,8.46,8.49,320043
PRAKASHSTL,2024-12-06 00:00:00+05:30,8.54,10.18,8.54,9.23,6572548
PRAKASHSTL,2024-12-09 00:00:00+05:30,9.37,9.69,9.05,9.15,1667301
PRAKASHSTL,2024-12-10 00:00:00+05:30,9.3,9.36,8.92,9.07,932864
PRAKASHSTL,2024-12-11 00:00:00+05:30,8.81,9.28,8.81,9.03,636191
PRAKASHSTL,2024-12-12 00:00:00+05:30,9.18,9.18,8.93,9.01,529245
PRAKASHSTL,2024-12-13 00:00:00+05:30,9.02,9.16,8.77,8.98,455747
PRAKASHSTL,2024-12-16 00:00:00+05:30,8.96,9.19,8.68,8.74,957432
PRAKASHSTL,2024-12-17 00:00:00+05:30,8.74,8.95,8.56,8.64,487720
PRAKASHSTL,2024-12-18 00:00:00+05:30,8.7,8.92,8.43,8.62,654914
PRAKASHSTL,2024-12-19 00:00:00+05:30,8.4,8.68,8.38,8.53,255146
PRAKASHSTL,2024-12-20 00:00:00+05:30,8.54,8.68,8.32,8.4,470809
PRAKASHSTL,2024-12-23 00:00:00+05:30,8.46,9.09,8.01,8.04,935232
PRAKASHSTL,2024-12-24 00:00:00+05:30,8.07,8.56,8.07,8.25,939386
PRAKASHSTL,2024-12-26 00:00:00+05:30,8.43,8.5,8.13,8.21,444053
PRAKASHSTL,2024-12-27 00:00:00+05:30,8.22,8.41,8.06,8.08,309395
PRAKASHSTL,2024-12-30 00:00:00+05:30,8.08,8.29,7.96,8.02,363084
PRAKASHSTL,2024-12-31 00:00:00+05:30,8.02,8.18,7.91,8.01,583023
PRAKASHSTL,2025-01-01 00:00:00+05:30,8.0,8.43,7.99,8.35,624505
PRAKASHSTL,2025-01-02 00:00:00+05:30,8.36,8.64,8.25,8.29,399575
PRAKASHSTL,2025-01-03 00:00:00+05:30,8.28,8.5,8.2,8.31,410823
PRAKASHSTL,2025-01-06 00:00:00+05:30,8.33,8.48,8.0,8.08,443462
PRAKASHSTL,2025-01-07 00:00:00+05:30,8.13,8.23,8.02,8.08,333755
PRAKASHSTL,2025-01-08 00:00:00+05:30,8.02,8.15,7.82,7.92,528627
PRAKASHSTL,2025-01-09 00:00:00+05:30,7.8,8.23,7.7,7.75,470163
PRAKASHSTL,2025-01-10 00:00:00+05:30,7.76,8.35,7.65,7.7,463545
PRAKASHSTL,2025-01-13 00:00:00+05:30,8.05,8.05,7.26,7.3,485050
PRAKASHSTL,2025-01-14 00:00:00+05:30,7.8,8.1,7.52,7.94,497004
PRAKASHSTL,2025-01-15 00:00:00+05:30,8.11,8.12,7.92,8.0,222968
PRAKASHSTL,2025-01-16 00:00:00+05:30,8.0,8.14,7.95,8.04,181604
PRAKASHSTL,2025-01-17 00:00:00+05:30,7.92,8.09,7.92,7.95,304242
PRAKASHSTL,2025-01-20 00:00:00+05:30,7.95,8.18,7.91,8.12,336907
PRAKASHSTL,2025-01-21 00:00:00+05:30,8.21,8.21,7.51,7.94,254071
PRAKASHSTL,2025-01-22 00:00:00+05:30,7.92,8.11,7.76,7.87,246206
PRAKASHSTL,2025-01-23 00:00:00+05:30,7.99,7.99,7.8,7.89,150096
PRAKASHSTL,2025-01-24 00:00:00+05:30,8.19,8.2,7.65,7.82,343539
PRAKASHSTL,2025-01-27 00:00:00+05:30,7.81,7.81,7.4,7.58,340549
PRAKASHSTL,2025-01-28 00:00:00+05:30,7.41,8.2,7.35,7.57,333994
PRAKASHSTL,2025-01-29 00:00:00+05:30,7.55,7.92,7.53,7.75,254430
PRAKASHSTL,2025-01-30 00:00:00+05:30,8.13,8.13,7.51,7.6,326417
PRAKASHSTL,2025-01-31 00:00:00+05:30,7.58,7.9,7.55,7.66,293419
PRAKASHSTL,2025-02-01 00:00:00+05:30,7.98,7.98,7.65,7.85,162876
PRAKASHSTL,2025-02-03 00:00:00+05:30,7.9,7.9,7.02,7.53,258695
PRAKASHSTL,2025-02-04 00:00:00+05:30,7.65,7.75,7.57,7.63,169947
PRAKASHSTL,2025-02-05 00:00:00+05:30,7.5,7.72,7.5,7.6,244017
PRAKASHSTL,2025-02-06 00:00:00+05:30,7.77,7.77,7.51,7.54,118414
PRAKASHSTL,2025-02-07 00:00:00+05:30,7.65,7.65,7.16,7.47,254100
PRAKASHSTL,2025-02-10 00:00:00+05:30,7.44,7.61,6.51,7.01,436425
PRAKASHSTL,2025-02-11 00:00:00+05:30,7.0,7.08,6.8,6.85,397035
PRAKASHSTL,2025-02-12 00:00:00+05:30,6.57,7.64,6.5,7.28,456129
PRAKASHSTL,2025-02-13 00:00:00+05:30,7.8,7.8,7.2,7.24,271078
PRAKASHSTL,2025-02-14 00:00:00+05:30,7.58,8.5,7.1,7.23,433616
PRAKASHSTL,2025-02-17 00:00:00+05:30,7.02,7.72,7.0,7.16,227031
PRAKASHSTL,2025-02-18 00:00:00+05:30,7.15,7.2,6.98,7.02,199574
PRAKASHSTL,2025-02-19 00:00:00+05:30,6.87,7.18,6.87,6.98,246715
PRAKASHSTL,2025-02-20 00:00:00+05:30,7.0,7.25,7.0,7.12,144409
PRAKASHSTL,2025-02-21 00:00:00+05:30,7.19,7.37,7.11,7.19,827266
PRAKASHSTL,2025-02-24 00:00:00+05:30,7.3,7.75,7.02,7.36,454515
PRAKASHSTL,2025-02-25 00:00:00+05:30,7.51,7.51,7.25,7.35,209930
PRAKASHSTL,2025-02-27 00:00:00+05:30,7.38,7.48,6.92,7.01,290732
PRAKASHSTL,2025-02-28 00:00:00+05:30,6.6,6.98,6.6,6.72,471856
PRAKASHSTL,2025-03-03 00:00:00+05:30,6.73,6.89,6.1,6.43,871993
PRAKASHSTL,2025-03-04 00:00:00+05:30,6.43,6.85,6.43,6.77,275842
PRAKASHSTL,2025-03-05 00:00:00+05:30,6.9,7.06,6.84,6.93,169697
PRAKASHSTL,2025-03-06 00:00:00+05:30,7.16,7.16,5.66,6.84,671753
PRAKASHSTL,2025-03-07 00:00:00+05:30,6.84,7.1,6.84,6.95,186067
PRAKASHSTL,2025-03-10 00:00:00+05:30,7.08,7.11,6.83,6.95,227099
PRAKASHSTL,2025-03-11 00:00:00+05:30,7.01,7.01,6.51,6.75,318223
PRAKASHSTL,2025-03-12 00:00:00+05:30,6.94,6.95,6.68,6.71,163923
PRAKASHSTL,2025-03-13 00:00:00+05:30,6.71,6.94,6.68,6.75,170490
PRAKASHSTL,2025-03-17 00:00:00+05:30,6.9,6.9,6.35,6.47,203924
PRAKASHSTL,2025-03-18 00:00:00+05:30,6.47,6.7,6.36,6.43,412991
PRAKASHSTL,2025-03-19 00:00:00+05:30,6.59,6.85,6.5,6.65,577994
PRAKASHSTL,2025-03-20 00:00:00+05:30,6.65,6.89,6.65,6.77,249436
PRAKASHSTL,2025-03-21 00:00:00+05:30,6.9,7.05,6.77,6.8,260282
PRAKASHSTL,2025-03-24 00:00:00+05:30,6.94,7.09,6.89,6.93,334832
PRAKASHSTL,2025-03-25 00:00:00+05:30,7.03,7.08,6.74,6.78,232632
PRAKASHSTL,2025-03-26 00:00:00+05:30,6.93,6.93,6.6,6.65,284311
PRAKASHSTL,2025-03-27 00:00:00+05:30,6.7,6.75,6.25,6.44,540437
PRAKASHSTL,2025-03-28 00:00:00+05:30,6.43,7.35,6.43,6.48,479930
PRAKASHSTL,2025-04-01 00:00:00+05:30,6.61,6.89,6.5,6.57,305702
PRAKASHSTL,2025-04-02 00:00:00+05:30,6.73,6.73,6.5,6.67,217139
PRAKASHSTL,2025-04-03 00:00:00+05:30,6.7,6.78,6.64,6.68,178315
PRAKASHSTL,2025-04-04 00:00:00+05:30,6.74,6.74,6.56,6.61,160401
PRAKASHSTL,2025-04-07 00:00:00+05:30,6.41,6.65,5.73,6.25,446953
PRAKASHSTL,2025-04-08 00:00:00+05:30,6.38,6.59,6.38,6.53,213169
PRAKASHSTL,2025-04-09 00:00:00+05:30,6.62,6.81,6.48,6.7,569649
PRAKASHSTL,2025-04-11 00:00:00+05:30,6.7,6.81,6.5,6.7,172621
PRAKASHSTL,2025-04-15 00:00:00+05:30,6.76,6.87,6.7,6.75,272181
PRAKASHSTL,2025-04-16 00:00:00+05:30,6.89,6.9,6.64,6.78,358508
PRAKASHSTL,2025-04-17 00:00:00+05:30,6.94,6.94,6.72,6.82,219204
PRAKASHSTL,2025-04-21 00:00:00+05:30,6.94,6.94,6.79,6.89,473582
PRAKASHSTL,2025-04-22 00:00:00+05:30,7.0,7.1,6.88,7.03,249071
PRAKASHSTL,2025-04-23 00:00:00+05:30,7.15,7.15,6.91,6.97,330643
PRAKASHSTL,2025-04-24 00:00:00+05:30,7.0,7.14,6.92,7.07,349175
PRAKASHSTL,2025-04-25 00:00:00+05:30,7.1,7.11,6.54,6.84,492932
PRAKASHSTL,2025-04-28 00:00:00+05:30,6.7,6.9,6.67,6.78,192412
PRAKASHSTL,2025-04-29 00:00:00+05:30,6.87,6.94,6.75,6.79,226618
PRAKASHSTL,2025-04-30 00:00:00+05:30,6.86,6.86,6.49,6.63,614688
PRAKASHSTL,2025-05-02 00:00:00+05:30,6.63,6.78,6.56,6.61,222316
PRAKASHSTL,2025-05-05 00:00:00+05:30,6.66,6.75,6.58,6.62,178470
PRAKASHSTL,2025-05-06 00:00:00+05:30,6.77,6.77,6.27,6.35,217629
PRAKASHSTL,2025-05-07 00:00:00+05:30,6.33,6.45,6.1,6.24,415269
PRAKASHSTL,2025-05-08 00:00:00+05:30,6.17,6.5,6.17,6.22,145836
PRAKASHSTL,2025-05-09 00:00:00+05:30,6.22,7.45,5.96,6.42,246040
PRAKASHSTL,2025-05-12 00:00:00+05:30,6.56,6.99,6.42,6.69,514200
PRAKASHSTL,2025-05-13 00:00:00+05:30,6.83,6.83,6.02,6.71,321386
PRAKASHSTL,2025-05-14 00:00:00+05:30,6.85,6.85,6.68,6.72,242840
PRAKASHSTL,2025-05-15 00:00:00+05:30,6.84,6.88,6.76,6.83,258592
PRAKASHSTL,2025-05-16 00:00:00+05:30,6.95,6.95,6.66,6.75,481946
PRAKASHSTL,2025-05-19 00:00:00+05:30,6.87,6.88,6.65,6.68,560534
PRAKASHSTL,2025-05-20 00:00:00+05:30,6.8,6.83,6.68,6.74,382512
PRAKASHSTL,2025-05-21 00:00:00+05:30,6.82,6.82,6.7,6.72,170545
PRAKASHSTL,2025-05-22 00:00:00+05:30,6.73,6.79,6.65,6.69,139590
PRAKASHSTL,2025-05-23 00:00:00+05:30,6.71,6.9,6.7,6.77,424217
PRAKASHSTL,2025-05-26 00:00:00+05:30,6.84,6.84,6.7,6.75,235465
PRAKASHSTL,2025-05-27 00:00:00+05:30,6.6,6.8,6.45,6.72,192899
PRAKASHSTL,2025-05-28 00:00:00+05:30,6.72,6.86,6.6,6.63,281089
PRAKASHSTL,2025-05-29 00:00:00+05:30,6.74,6.74,6.56,6.6,359795
PRAKASHSTL,2025-05-30 00:00:00+05:30,6.67,6.7,6.45,6.51,514752
PRAKASHSTL,2025-06-02 00:00:00+05:30,6.4,6.54,6.4,6.46,436178
PRAKASHSTL,2025-06-03 00:00:00+05:30,6.41,6.54,6.41,6.43,305882
PRAKASHSTL,2025-06-04 00:00:00+05:30,6.38,6.5,6.38,6.43,140739
PRAKASHSTL,2025-06-05 00:00:00+05:30,6.43,6.6,6.42,6.44,257112
PRAKASHSTL,2025-06-06 00:00:00+05:30,6.45,6.59,6.37,6.39,345254
PRAKASHSTL,2025-06-09 00:00:00+05:30,6.41,6.5,6.41,6.44,282384
PRAKASHSTL,2025-06-10 00:00:00+05:30,6.46,6.58,6.43,6.55,477888
PRAKASHSTL,2025-06-11 00:00:00+05:30,6.55,6.7,6.54,6.55,732967
PRAKASHSTL,2025-06-12 00:00:00+05:30,6.54,6.79,6.52,6.53,563778
PRAKASHSTL,2025-06-13 00:00:00+05:30,6.57,6.57,6.42,6.45,225425
PRAKASHSTL,2025-06-16 00:00:00+05:30,6.41,6.53,6.22,6.38,514916
PRAKASHSTL,2025-06-17 00:00:00+05:30,6.25,6.4,6.25,6.31,180841
PRAKASHSTL,2025-06-18 00:00:00+05:30,6.44,6.44,6.29,6.3,144299
PRAKASHSTL,2025-06-19 00:00:00+05:30,6.38,6.38,5.75,5.99,1037696
PRAKASHSTL,2025-06-20 00:00:00+05:30,6.0,6.21,5.94,6.11,275597
PRAKASHSTL,2025-06-23 00:00:00+05:30,6.07,6.11,5.93,6.07,199530
PRAKASHSTL,2025-06-24 00:00:00+05:30,6.19,6.26,6.1,6.19,153544
PRAKASHSTL,2025-06-25 00:00:00+05:30,6.31,6.35,6.24,6.28,331271
PRAKASHSTL,2025-06-26 00:00:00+05:30,6.28,6.35,6.2,6.25,246099
PRAKASHSTL,2025-06-27 00:00:00+05:30,6.27,6.29,6.16,6.19,368700
PRAKASHSTL,2025-06-30 00:00:00+05:30,6.2,6.25,6.15,6.19,221740
PRAKASHSTL,2025-07-01 00:00:00+05:30,6.24,6.3,6.2,6.23,196264
PRAKASHSTL,2025-07-02 00:00:00+05:30,6.29,6.3,6.2,6.25,131991
PRAKASHSTL,2025-07-03 00:00:00+05:30,6.24,6.3,6.18,6.22,206555
PRAKASHSTL,2025-07-04 00:00:00+05:30,6.2,6.25,6.17,6.19,171644
PRAKASHSTL,2025-07-07 00:00:00+05:30,6.06,6.17,6.01,6.09,190537
PRAKASHSTL,2025-07-08 00:00:00+05:30,6.09,6.16,6.0,6.06,238582
PRAKASHSTL,2025-07-09 00:00:00+05:30,6.06,6.27,6.03,6.13,220895
PRAKASHSTL,2025-07-10 00:00:00+05:30,6.29,6.29,6.13,6.23,172854
PRAKASHSTL,2025-07-11 00:00:00+05:30,6.3,6.31,6.12,6.2,186011
PRAKASHSTL,2025-07-14 00:00:00+05:30,6.11,6.24,6.11,6.13,164605
PRAKASHSTL,2025-07-15 00:00:00+05:30,6.19,6.23,6.06,6.15,155612
PRAKASHSTL,2025-07-16 00:00:00+05:30,6.16,6.19,6.09,6.12,107870
PRAKASHSTL,2025-07-17 00:00:00+05:30,6.22,6.3,6.06,6.14,297440
PRAKASHSTL,2025-07-18 00:00:00+05:30,6.18,6.24,6.1,6.13,277616
PRAKASHSTL,2025-07-21 00:00:00+05:30,6.13,6.18,6.08,6.1,245831
PRAKASHSTL,2025-07-22 00:00:00+05:30,6.18,6.18,6.04,6.08,141361
PRAKASHSTL,2025-07-23 00:00:00+05:30,6.17,6.17,6.01,6.06,185343
PRAKASHSTL,2025-07-24 00:00:00+05:30,6.11,6.15,6.02,6.04,164735
PRAKASHSTL,2025-07-25 00:00:00+05:30,6.16,6.16,5.99,6.0,204994
PRAKASHSTL,2025-07-28 00:00:00+05:30,6.0,6.08,5.71,5.81,336045
PRAKASHSTL,2025-07-29 00:00:00+05:30,5.78,5.99,5.71,5.9,326390
PRAKASHSTL,2025-07-30 00:00:00+05:30,6.0,6.0,5.71,5.78,234555
PRAKASHSTL,2025-07-31 00:00:00+05:30,5.78,5.95,5.7,5.85,149950
PRAKASHSTL,2025-08-01 00:00:00+05:30,5.85,5.97,5.81,5.81,173327
PRAKASHSTL,2025-08-04 00:00:00+05:30,5.89,6.12,5.82,5.87,289322
PRAKASHSTL,2025-08-05 00:00:00+05:30,5.9,5.99,5.8,5.81,121377
PRAKASHSTL,2025-08-06 00:00:00+05:30,5.89,5.9,5.69,5.72,224080
PRAKASHSTL,2025-08-07 00:00:00+05:30,5.74,5.92,5.71,5.74,109153
PRAKASHSTL,2025-08-08 00:00:00+05:30,5.86,5.92,5.73,5.74,125450
PRAKASHSTL,2025-08-11 00:00:00+05:30,5.76,5.85,5.71,5.79,106404
PRAKASHSTL,2025-08-12 00:00:00+05:30,5.8,5.92,5.72,5.79,154817
PRAKASHSTL,2025-08-13 00:00:00+05:30,5.88,5.88,5.7,5.73,143306
PRAKASHSTL,2025-08-14 00:00:00+05:30,5.94,5.94,5.7,5.76,133522
PRAKASHSTL,2025-08-18 00:00:00+05:30,5.75,5.89,5.75,5.82,186499
PRAKASHSTL,2025-08-19 00:00:00+05:30,5.8,5.92,5.72,5.78,209575
PRAKASHSTL,2025-08-20 00:00:00+05:30,5.87,5.88,5.78,5.81,102802
PRAKASHSTL,2025-08-21 00:00:00+05:30,5.76,5.97,5.76,5.83,106569
PRAKASHSTL,2025-08-22 00:00:00+05:30,5.87,5.87,5.75,5.8,106741
PRAKASHSTL,2025-08-25 00:00:00+05:30,5.87,5.9,5.71,5.73,134359
PRAKASHSTL,2025-08-26 00:00:00+05:30,5.72,5.8,5.64,5.67,115650
PRAKASHSTL,2025-08-28 00:00:00+05:30,5.66,5.77,5.57,5.62,111415
PRAKASHSTL,2025-08-29 00:00:00+05:30,5.58,5.62,5.46,5.5,121145
PRAKASHSTL,2025-09-01 00:00:00+05:30,5.49,5.65,5.35,5.42,265718
PRAKASHSTL,2025-09-02 00:00:00+05:30,5.58,5.64,5.4,5.53,125289
PRAKASHSTL,2025-09-03 00:00:00+05:30,5.5,5.59,5.45,5.54,198697
PRAKASHSTL,2025-09-04 00:00:00+05:30,5.59,5.62,5.46,5.53,203901
PRAKASHSTL,2025-09-05 00:00:00+05:30,5.8,5.8,5.49,5.5,189847
PRAKASHSTL,2025-09-08 00:00:00+05:30,5.64,5.74,5.41,5.63,162276
PRAKASHSTL,2025-09-09 00:00:00+05:30,5.74,5.75,5.6,5.65,130846
PRAKASHSTL,2025-09-10 00:00:00+05:30,5.69,5.72,5.62,5.66,110895
PRAKASHSTL,2025-09-11 00:00:00+05:30,5.56,5.73,5.56,5.65,147677
PRAKASHSTL,2025-09-12 00:00:00+05:30,5.61,5.85,5.56,5.68,255115
PRAKASHSTL,2025-09-15 00:00:00+05:30,5.75,5.75,5.62,5.64,89080
PRAKASHSTL,2025-09-16 00:00:00+05:30,5.72,5.72,5.6,5.65,134945
PRAKASHSTL,2025-09-17 00:00:00+05:30,5.75,5.82,5.6,5.69,147479
PRAKASHSTL,2025-09-18 00:00:00+05:30,5.8,5.8,5.63,5.65,214790
PRAKASHSTL,2025-09-19 00:00:00+05:30,5.65,5.71,5.6,5.65,198990
PRAKASHSTL,2025-09-22 00:00:00+05:30,5.66,5.78,5.46,5.6,165776
PRAKASHSTL,2025-09-23 00:00:00+05:30,5.6,5.7,5.52,5.58,119140
PRAKASHSTL,2025-09-24 00:00:00+05:30,5.58,5.69,5.58,5.59,108221
PRAKASHSTL,2025-09-25 00:00:00+05:30,5.65,5.69,5.55,5.6,87253
PRAKASHSTL,2025-09-26 00:00:00+05:30,5.8,5.8,5.5,5.51,220638
PRAKASHSTL,2025-09-29 00:00:00+05:30,5.51,5.6,5.41,5.49,128668
PRAKASHSTL,2025-09-30 00:00:00+05:30,5.58,5.58,5.01,5.32,334615
PRAKASHSTL,2025-10-01 00:00:00+05:30,5.21,5.39,5.16,5.26,171804
PRAKASHSTL,2025-10-03 00:00:00+05:30,5.18,5.4,5.18,5.31,202001
PRAKASHSTL,2025-10-06 00:00:00+05:30,5.31,5.39,5.22,5.32,191760
PRAKASHSTL,2025-10-07 00:00:00+05:30,5.29,5.32,5.22,5.26,110298
PRAKASHSTL,2025-10-08 00:00:00+05:30,5.24,5.28,5.22,5.24,78017
PRAKASHSTL,2025-10-09 00:00:00+05:30,5.21,5.29,5.16,5.21,221955
PRAKASHSTL,2025-10-10 00:00:00+05:30,5.21,5.39,5.16,5.2,236434
PRAKASHSTL,2025-10-13 00:00:00+05:30,5.21,5.29,5.15,5.16,108910
PRAKASHSTL,2025-10-14 00:00:00+05:30,5.24,5.28,5.11,5.15,216323
PRAKASHSTL,2025-10-15 00:00:00+05:30,5.15,5.25,5.1,5.16,169403
PRAKASHSTL,2025-10-16 00:00:00+05:30,5.22,5.27,5.13,5.19,162193
PRAKASHSTL,2025-10-17 00:00:00+05:30,5.25,5.25,5.14,5.16,89300
PRAKASHSTL,2025-10-20 00:00:00+05:30,5.16,5.21,5.01,5.19,89584
PRAKASHSTL,2025-10-21 00:00:00+05:30,5.07,5.4,5.07,5.28,88525
PRAKASHSTL,2025-10-23 00:00:00+05:30,5.4,5.4,5.15,5.22,219234
PRAKASHSTL,2025-10-24 00:00:00+05:30,5.33,5.35,5.2,5.3,141222
PRAKASHSTL,2025-10-27 00:00:00+05:30,5.35,5.42,5.02,5.19,418174
PRAKASHSTL,2025-10-28 00:00:00+05:30,5.19,5.25,5.15,5.16,132332
PRAKASHSTL,2025-10-29 00:00:00+05:30,5.22,5.22,5.03,5.07,963483
PRAKASHSTL,2025-10-30 00:00:00+05:30,5.04,5.11,5.04,5.05,340451
PRAKASHSTL,2025-10-31 00:00:00+05:30,5.05,5.17,5.0,5.08,187092
PRAKASHSTL,2025-11-03 00:00:00+05:30,5.14,5.14,5.03,5.04,270902
PRAKASHSTL,2025-11-04 00:00:00+05:30,5.01,5.12,5.01,5.03,287943
PRAKASHSTL,2025-11-06 00:00:00+05:30,5.05,5.1,5.01,5.02,143114
PRAKASHSTL,2025-11-07 00:00:00+05:30,5.05,5.09,4.95,5.06,158868
PRAKASHSTL,2025-11-10 00:00:00+05:30,5.06,5.15,5.02,5.06,149436
PRAKASHSTL,2025-11-11 00:00:00+05:30,5.07,5.13,5.03,5.05,149091
PRAKASHSTL,2025-11-12 00:00:00+05:30,5.04,5.1,5.0,5.01,172833
PRAKASHSTL,2025-11-13 00:00:00+05:30,5.02,5.09,4.92,4.97,301282
PRAKASHSTL,2025-11-14 00:00:00+05:30,5.0,5.01,4.95,4.99,119419
PRAKASHSTL,2025-11-17 00:00:00+05:30,5.02,5.02,4.91,4.93,234957
PRAKASHSTL,2025-11-18 00:00:00+05:30,4.93,4.98,4.91,4.91,172910
PRAKASHSTL,2025-11-19 00:00:00+05:30,4.89,4.93,4.76,4.83,319922
PRAKASHSTL,2025-11-20 00:00:00+05:30,4.85,4.93,4.81,4.85,138130
PRAKASHSTL,2025-11-21 00:00:00+05:30,4.96,5.15,4.83,4.85,256270
PRAKASHSTL,2025-11-24 00:00:00+05:30,4.89,4.89,4.74,4.76,169796
PRAKASHSTL,2025-11-25 00:00:00+05:30,4.76,4.79,4.6,4.61,226512
PRAKASHSTL,2025-11-26 00:00:00+05:30,4.68,4.87,4.6,4.63,349870
PRAKASHSTL,2025-11-27 00:00:00+05:30,4.64,4.76,4.46,4.51,312478
PRAKASHSTL,2025-11-28 00:00:00+05:30,4.49,4.64,4.41,4.44,253359
