Symbol,Date,Open,High,Low,Close,Volume
SPMLINFRA,2007-01-02 00:00:00+05:30,250.0,263.85,250.0,263.85,70433
SPMLINFRA,2007-01-03 00:00:00+05:30,271.0,272.7,253.0,258.85,91514
SPMLINFRA,2007-01-04 00:00:00+05:30,265.0,269.8,258.0,260.8,31369
SPMLINFRA,2007-01-05 00:00:00+05:30,263.0,268.5,260.35,262.25,20088
SPMLINFRA,2007-01-08 00:00:00+05:30,261.95,267.45,257.0,263.75,16611
SPMLINFRA,2007-01-09 00:00:00+05:30,267.5,267.5,250.65,255.0,23613
SPMLINFRA,2007-01-10 00:00:00+05:30,253.5,253.5,248.05,248.45,15115
SPMLINFRA,2007-01-11 00:00:00+05:30,251.95,260.85,249.0,257.1,30744
SPMLINFRA,2007-01-12 00:00:00+05:30,260.8,270.0,256.0,263.3,51036
SPMLINFRA,2007-01-15 00:00:00+05:30,265.0,268.8,259.0,260.8,27328
SPMLINFRA,2007-01-16 00:00:00+05:30,264.0,264.0,259.0,261.1,10433
SPMLINFRA,2007-01-17 00:00:00+05:30,258.55,267.5,258.55,265.65,12491
SPMLINFRA,2007-01-18 00:00:00+05:30,270.5,270.5,256.0,258.75,9119
SPMLINFRA,2007-01-19 00:00:00+05:30,258.0,258.0,251.05,254.8,13155
SPMLINFRA,2007-01-22 00:00:00+05:30,257.0,257.0,250.25,252.05,13984
SPMLINFRA,2007-01-23 00:00:00+05:30,250.0,254.5,247.0,247.15,4350
SPMLINFRA,2007-01-24 00:00:00+05:30,249.0,254.75,244.1,247.55,13544
SPMLINFRA,2007-01-25 00:00:00+05:30,250.0,253.75,235.2,236.9,79533
SPMLINFRA,2007-01-29 00:00:00+05:30,245.0,248.75,245.0,248.75,18769
SPMLINFRA,2007-01-31 00:00:00+05:30,256.45,261.2,253.0,255.45,53913
SPMLINFRA,2007-02-01 00:00:00+05:30,256.0,258.0,243.0,245.95,28573
SPMLINFRA,2007-02-02 00:00:00+05:30,254.0,254.0,243.0,244.0,26507
SPMLINFRA,2007-02-05 00:00:00+05:30,247.0,247.5,238.15,239.65,27076
SPMLINFRA,2007-02-06 00:00:00+05:30,241.0,244.95,236.0,239.75,19739
SPMLINFRA,2007-02-07 00:00:00+05:30,244.85,245.0,238.1,242.1,26771
SPMLINFRA,2007-02-08 00:00:00+05:30,242.0,244.0,236.0,242.0,9731
SPMLINFRA,2007-02-09 00:00:00+05:30,241.1,243.45,237.0,239.0,15507
SPMLINFRA,2007-02-12 00:00:00+05:30,236.0,236.0,227.05,227.05,44143
SPMLINFRA,2007-02-13 00:00:00+05:30,220.05,234.0,215.7,230.7,59482
SPMLINFRA,2007-02-14 00:00:00+05:30,220.55,229.0,220.0,226.4,13390
SPMLINFRA,2007-02-15 00:00:00+05:30,236.9,237.75,230.05,237.75,9483
SPMLINFRA,2007-02-19 00:00:00+05:30,249.0,249.65,240.0,241.3,21528
SPMLINFRA,2007-02-20 00:00:00+05:30,243.0,243.0,229.3,230.65,11714
SPMLINFRA,2007-02-21 00:00:00+05:30,231.0,242.0,228.2,237.85,18376
SPMLINFRA,2007-02-22 00:00:00+05:30,240.1,243.5,235.0,235.5,10615
SPMLINFRA,2007-02-23 00:00:00+05:30,235.0,236.5,227.0,231.85,30090
SPMLINFRA,2007-02-26 00:00:00+05:30,231.0,235.0,228.05,230.6,15004
SPMLINFRA,2007-02-27 00:00:00+05:30,232.0,242.0,231.0,239.1,22435
SPMLINFRA,2007-02-28 00:00:00+05:30,230.0,236.9,227.15,227.2,87678
SPMLINFRA,2007-03-01 00:00:00+05:30,215.9,215.9,215.85,215.85,7855
SPMLINFRA,2007-03-02 00:00:00+05:30,205.1,218.0,205.1,205.1,42623
SPMLINFRA,2007-03-05 00:00:00+05:30,195.1,195.1,194.85,194.85,3551
SPMLINFRA,2007-03-06 00:00:00+05:30,195.0,195.0,185.15,187.25,17951
SPMLINFRA,2007-03-07 00:00:00+05:30,193.5,193.5,177.9,177.9,3802
SPMLINFRA,2007-03-08 00:00:00+05:30,175.0,186.0,169.0,179.35,33480
SPMLINFRA,2007-03-09 00:00:00+05:30,180.05,188.35,180.05,188.35,7380
SPMLINFRA,2007-03-12 00:00:00+05:30,190.0,195.95,180.05,193.5,15618
SPMLINFRA,2007-03-13 00:00:00+05:30,195.0,198.95,190.0,195.45,2762
SPMLINFRA,2007-03-14 00:00:00+05:30,186.2,195.0,186.0,187.0,4642
SPMLINFRA,2007-03-15 00:00:00+05:30,194.0,196.35,190.0,195.45,5162
SPMLINFRA,2007-03-16 00:00:00+05:30,194.0,194.95,186.4,191.95,10714
SPMLINFRA,2007-03-19 00:00:00+05:30,195.0,196.0,187.0,189.8,10192
SPMLINFRA,2007-03-20 00:00:00+05:30,191.0,194.8,183.1,186.0,13162
SPMLINFRA,2007-03-21 00:00:00+05:30,186.5,195.3,185.0,193.7,12223
SPMLINFRA,2007-03-22 00:00:00+05:30,197.0,197.0,190.1,192.25,60889
SPMLINFRA,2007-03-23 00:00:00+05:30,191.0,195.6,187.3,188.15,1168
SPMLINFRA,2007-03-26 00:00:00+05:30,195.0,196.0,185.55,188.05,6136
SPMLINFRA,2007-03-28 00:00:00+05:30,186.1,188.0,180.0,180.7,4795
SPMLINFRA,2007-03-29 00:00:00+05:30,179.0,183.0,178.1,180.65,120301
SPMLINFRA,2007-03-30 00:00:00+05:30,183.0,189.0,181.0,185.15,3486
SPMLINFRA,2007-04-02 00:00:00+05:30,180.0,180.0,175.9,175.9,1609
SPMLINFRA,2007-04-03 00:00:00+05:30,170.0,179.8,167.1,170.55,6648
SPMLINFRA,2007-04-04 00:00:00+05:30,173.05,176.0,165.5,169.35,17180
SPMLINFRA,2007-04-05 00:00:00+05:30,175.7,176.0,168.0,175.15,7154
SPMLINFRA,2007-04-09 00:00:00+05:30,181.0,183.95,178.05,183.95,8171
SPMLINFRA,2007-04-10 00:00:00+05:30,187.0,193.15,184.0,193.15,21030
SPMLINFRA,2007-04-11 00:00:00+05:30,201.0,201.0,187.15,188.75,22579
SPMLINFRA,2007-04-12 00:00:00+05:30,185.0,195.0,185.0,186.65,3953
SPMLINFRA,2007-04-13 00:00:00+05:30,191.0,195.9,188.0,190.25,10595
SPMLINFRA,2007-04-16 00:00:00+05:30,191.0,197.45,191.0,194.65,8538
SPMLINFRA,2007-04-17 00:00:00+05:30,190.0,194.0,188.5,190.55,3065
SPMLINFRA,2007-04-18 00:00:00+05:30,190.0,191.0,186.0,187.5,2266
SPMLINFRA,2007-04-19 00:00:00+05:30,189.95,190.0,187.0,188.1,2603
SPMLINFRA,2007-04-20 00:00:00+05:30,190.0,195.0,186.5,188.75,3348
SPMLINFRA,2007-04-23 00:00:00+05:30,192.45,192.45,186.15,187.95,3899
SPMLINFRA,2007-04-24 00:00:00+05:30,187.15,193.75,185.4,191.45,8929
SPMLINFRA,2007-04-25 00:00:00+05:30,193.95,196.0,189.15,195.2,53951
SPMLINFRA,2007-04-26 00:00:00+05:30,199.0,199.0,185.55,190.55,6052
SPMLINFRA,2007-04-27 00:00:00+05:30,190.0,190.0,187.0,187.3,2175
SPMLINFRA,2007-04-30 00:00:00+05:30,188.0,188.0,185.0,185.2,15211
SPMLINFRA,2007-05-03 00:00:00+05:30,189.7,193.5,185.5,190.65,7232
SPMLINFRA,2007-05-04 00:00:00+05:30,197.0,198.35,185.1,185.65,4358
SPMLINFRA,2007-05-07 00:00:00+05:30,188.0,188.0,181.0,181.95,3890
SPMLINFRA,2007-05-08 00:00:00+05:30,179.0,188.5,179.0,184.15,6460
SPMLINFRA,2007-05-09 00:00:00+05:30,178.5,184.0,178.5,181.65,1100
SPMLINFRA,2007-05-10 00:00:00+05:30,185.9,186.6,183.7,185.0,15104
SPMLINFRA,2007-05-11 00:00:00+05:30,184.95,186.9,184.95,185.0,4478
SPMLINFRA,2007-05-14 00:00:00+05:30,188.0,188.0,183.35,183.8,934
SPMLINFRA,2007-05-15 00:00:00+05:30,189.0,189.0,178.5,179.7,4668
SPMLINFRA,2007-05-16 00:00:00+05:30,183.0,184.0,179.1,181.15,5689
SPMLINFRA,2007-05-17 00:00:00+05:30,184.95,189.0,183.25,187.2,20446
SPMLINFRA,2007-05-18 00:00:00+05:30,185.0,191.0,185.0,189.5,6954
SPMLINFRA,2007-05-21 00:00:00+05:30,190.0,199.0,189.0,199.0,64151
SPMLINFRA,2007-05-22 00:00:00+05:30,201.0,207.05,199.0,201.95,24899
SPMLINFRA,2007-05-23 00:00:00+05:30,206.0,212.05,198.6,206.85,52077
SPMLINFRA,2007-05-24 00:00:00+05:30,206.0,217.2,206.0,216.1,30327
SPMLINFRA,2007-05-25 00:00:00+05:30,219.75,224.0,212.0,216.35,26825
SPMLINFRA,2007-05-28 00:00:00+05:30,224.9,227.2,215.5,222.25,143793
SPMLINFRA,2007-05-29 00:00:00+05:30,222.5,232.0,222.5,229.65,148134
SPMLINFRA,2007-05-30 00:00:00+05:30,237.0,237.0,221.0,228.5,44686
SPMLINFRA,2007-05-31 00:00:00+05:30,239.0,239.8,226.1,234.35,187823
SPMLINFRA,2007-06-01 00:00:00+05:30,236.5,237.0,228.2,230.45,49256
SPMLINFRA,2007-06-04 00:00:00+05:30,235.0,236.0,228.1,231.25,100876
SPMLINFRA,2007-06-05 00:00:00+05:30,230.0,233.0,228.0,230.05,145532
SPMLINFRA,2007-06-06 00:00:00+05:30,231.0,241.55,230.0,230.9,78579
SPMLINFRA,2007-06-07 00:00:00+05:30,221.1,235.0,221.1,228.35,16329
SPMLINFRA,2007-06-08 00:00:00+05:30,226.9,231.8,224.0,225.5,18455
SPMLINFRA,2007-06-11 00:00:00+05:30,230.0,230.5,224.5,227.3,37785
SPMLINFRA,2007-06-12 00:00:00+05:30,227.0,230.0,216.0,219.55,12689
SPMLINFRA,2007-06-13 00:00:00+05:30,219.6,220.0,213.1,215.05,6429
SPMLINFRA,2007-06-14 00:00:00+05:30,223.0,224.0,215.0,221.55,35564
SPMLINFRA,2007-06-15 00:00:00+05:30,225.0,226.0,221.0,223.85,50357
SPMLINFRA,2007-06-18 00:00:00+05:30,226.9,226.9,219.05,220.7,14204
SPMLINFRA,2007-06-19 00:00:00+05:30,222.0,223.5,217.3,221.1,21424
SPMLINFRA,2007-06-20 00:00:00+05:30,226.0,232.05,225.0,228.0,45470
SPMLINFRA,2007-06-21 00:00:00+05:30,228.5,231.0,222.4,224.5,51577
SPMLINFRA,2007-06-22 00:00:00+05:30,225.0,233.5,222.1,231.05,36852
SPMLINFRA,2007-06-25 00:00:00+05:30,234.95,234.95,226.05,229.5,31013
SPMLINFRA,2007-06-26 00:00:00+05:30,231.5,234.5,227.65,231.55,76115
SPMLINFRA,2007-06-27 00:00:00+05:30,230.1,233.0,220.0,222.15,56368
SPMLINFRA,2007-06-28 00:00:00+05:30,223.1,233.3,220.0,233.3,58779
SPMLINFRA,2007-06-29 00:00:00+05:30,245.0,245.0,242.0,245.0,233211
SPMLINFRA,2007-07-02 00:00:00+05:30,257.25,257.25,245.0,248.1,181292
SPMLINFRA,2007-07-03 00:00:00+05:30,260.0,260.55,252.8,260.55,53138
SPMLINFRA,2007-07-04 00:00:00+05:30,273.55,273.6,256.0,261.4,214408
SPMLINFRA,2007-07-05 00:00:00+05:30,264.7,264.7,248.55,254.0,77513
SPMLINFRA,2007-07-06 00:00:00+05:30,254.7,264.4,246.5,260.25,79706
SPMLINFRA,2007-07-09 00:00:00+05:30,265.5,275.0,261.1,266.1,93685
SPMLINFRA,2007-07-10 00:00:00+05:30,269.0,272.9,265.0,266.75,55732
SPMLINFRA,2007-07-11 00:00:00+05:30,265.0,270.0,262.25,266.8,21928
SPMLINFRA,2007-07-12 00:00:00+05:30,265.0,285.0,265.0,280.15,168425
SPMLINFRA,2007-07-13 00:00:00+05:30,291.0,295.0,275.0,276.95,61705
SPMLINFRA,2007-07-16 00:00:00+05:30,283.0,287.0,278.5,284.15,61738
SPMLINFRA,2007-07-17 00:00:00+05:30,289.0,289.9,280.5,282.35,64179
SPMLINFRA,2007-07-18 00:00:00+05:30,284.0,284.05,271.0,274.1,37008
SPMLINFRA,2007-07-19 00:00:00+05:30,277.8,277.8,263.0,264.6,30634
SPMLINFRA,2007-07-20 00:00:00+05:30,268.0,268.0,260.0,263.0,15279
SPMLINFRA,2007-07-23 00:00:00+05:30,264.0,274.8,261.3,272.85,22222
SPMLINFRA,2007-07-24 00:00:00+05:30,277.0,280.0,270.0,270.35,24154
SPMLINFRA,2007-07-25 00:00:00+05:30,263.0,272.0,263.0,270.3,16182
SPMLINFRA,2007-07-26 00:00:00+05:30,270.0,274.0,264.2,271.6,24148
SPMLINFRA,2007-07-27 00:00:00+05:30,260.0,269.95,259.05,261.2,24275
SPMLINFRA,2007-07-30 00:00:00+05:30,252.0,267.0,252.0,259.65,23775
SPMLINFRA,2007-07-31 00:00:00+05:30,260.0,284.0,260.0,278.95,43446
SPMLINFRA,2007-08-01 00:00:00+05:30,260.0,274.85,259.0,260.8,30480
SPMLINFRA,2007-08-02 00:00:00+05:30,271.5,271.5,262.0,265.05,18809
SPMLINFRA,2007-08-03 00:00:00+05:30,270.0,270.0,263.0,265.75,9643
SPMLINFRA,2007-08-06 00:00:00+05:30,253.2,268.0,253.2,266.7,7425
SPMLINFRA,2007-08-07 00:00:00+05:30,272.0,272.5,265.0,267.9,141649
SPMLINFRA,2007-08-08 00:00:00+05:30,268.7,274.0,265.25,267.85,10819
SPMLINFRA,2007-08-09 00:00:00+05:30,266.5,272.5,260.0,261.6,15356
SPMLINFRA,2007-08-10 00:00:00+05:30,255.0,261.0,254.0,259.15,9584
SPMLINFRA,2007-08-13 00:00:00+05:30,267.5,270.0,260.0,262.1,13945
SPMLINFRA,2007-08-14 00:00:00+05:30,260.6,271.1,260.1,269.75,22169
SPMLINFRA,2007-08-16 00:00:00+05:30,260.1,264.7,250.55,251.5,16701
SPMLINFRA,2007-08-17 00:00:00+05:30,260.5,262.0,243.0,250.9,8955
SPMLINFRA,2007-08-20 00:00:00+05:30,262.0,264.0,248.0,260.05,69680
SPMLINFRA,2007-08-21 00:00:00+05:30,255.5,257.8,240.0,248.4,15388
SPMLINFRA,2007-08-22 00:00:00+05:30,263.8,263.8,245.0,257.65,12322
SPMLINFRA,2007-08-23 00:00:00+05:30,263.95,266.95,246.05,247.5,7724
SPMLINFRA,2007-08-24 00:00:00+05:30,246.0,257.0,246.0,254.75,9791
SPMLINFRA,2007-08-27 00:00:00+05:30,259.95,260.0,254.3,257.6,6555
SPMLINFRA,2007-08-28 00:00:00+05:30,258.0,260.0,252.5,257.5,68048
SPMLINFRA,2007-08-29 00:00:00+05:30,254.95,258.0,252.0,253.35,54966
SPMLINFRA,2007-08-30 00:00:00+05:30,254.1,261.0,254.1,257.05,61373
SPMLINFRA,2007-08-31 00:00:00+05:30,256.0,279.9,255.0,275.05,93544
SPMLINFRA,2007-09-03 00:00:00+05:30,278.0,279.9,268.1,269.4,6233
SPMLINFRA,2007-09-04 00:00:00+05:30,270.0,274.8,260.55,263.85,9099
SPMLINFRA,2007-09-05 00:00:00+05:30,268.9,270.0,260.0,264.05,12768
SPMLINFRA,2007-09-06 00:00:00+05:30,261.1,266.5,261.0,265.85,6331
SPMLINFRA,2007-09-07 00:00:00+05:30,275.0,278.0,264.1,265.6,26326
SPMLINFRA,2007-09-10 00:00:00+05:30,271.95,275.0,268.0,272.05,65936
SPMLINFRA,2007-09-11 00:00:00+05:30,275.0,276.5,263.0,263.95,11902
SPMLINFRA,2007-09-12 00:00:00+05:30,272.8,274.5,265.5,268.25,9274
SPMLINFRA,2007-09-13 00:00:00+05:30,271.9,271.9,264.0,265.4,12727
SPMLINFRA,2007-09-14 00:00:00+05:30,267.0,272.0,267.0,270.45,48935
SPMLINFRA,2007-09-17 00:00:00+05:30,272.0,274.5,267.5,271.15,11325
SPMLINFRA,2007-09-18 00:00:00+05:30,274.0,274.0,267.0,268.5,11617
SPMLINFRA,2007-09-19 00:00:00+05:30,272.0,273.5,267.2,269.85,19869
SPMLINFRA,2007-09-20 00:00:00+05:30,267.55,270.0,260.55,262.4,8035
SPMLINFRA,2007-09-21 00:00:00+05:30,265.0,268.0,250.55,257.25,8036
SPMLINFRA,2007-09-24 00:00:00+05:30,260.9,260.9,249.2,255.0,477084
SPMLINFRA,2007-09-25 00:00:00+05:30,258.75,294.7,257.35,272.2,170602
SPMLINFRA,2007-09-26 00:00:00+05:30,276.9,290.0,271.0,279.65,164381
SPMLINFRA,2007-09-27 00:00:00+05:30,286.0,300.0,273.0,275.3,201174
SPMLINFRA,2007-09-28 00:00:00+05:30,280.0,283.2,275.0,278.0,73152
SPMLINFRA,2007-10-01 00:00:00+05:30,283.0,283.0,273.2,275.05,32036
SPMLINFRA,2007-10-03 00:00:00+05:30,282.95,288.5,268.05,276.9,33235
SPMLINFRA,2007-10-04 00:00:00+05:30,279.9,282.0,270.45,276.05,17875
SPMLINFRA,2007-10-05 00:00:00+05:30,280.0,280.0,265.2,266.25,29611
SPMLINFRA,2007-10-08 00:00:00+05:30,268.0,271.95,255.0,261.45,30871
SPMLINFRA,2007-10-09 00:00:00+05:30,260.0,267.0,255.5,263.45,22028
SPMLINFRA,2007-10-10 00:00:00+05:30,275.0,275.0,261.0,262.3,17872
SPMLINFRA,2007-10-11 00:00:00+05:30,262.55,278.0,260.05,269.8,24556
SPMLINFRA,2007-10-12 00:00:00+05:30,268.0,284.0,268.0,273.75,157090
SPMLINFRA,2007-10-15 00:00:00+05:30,279.9,328.5,276.0,325.3,257636
SPMLINFRA,2007-10-16 00:00:00+05:30,329.4,329.4,305.0,317.4,116720
SPMLINFRA,2007-10-17 00:00:00+05:30,270.0,307.0,270.0,302.95,66794
SPMLINFRA,2007-10-18 00:00:00+05:30,301.05,320.0,270.0,289.3,382794
SPMLINFRA,2007-10-19 00:00:00+05:30,288.85,288.85,270.0,272.85,13682
SPMLINFRA,2007-10-22 00:00:00+05:30,265.0,274.95,264.0,270.35,8659
SPMLINFRA,2007-10-23 00:00:00+05:30,283.0,288.0,277.0,283.5,13118
SPMLINFRA,2007-10-24 00:00:00+05:30,294.0,294.0,275.55,278.35,11273
SPMLINFRA,2007-10-25 00:00:00+05:30,290.0,293.4,279.5,287.1,25888
SPMLINFRA,2007-10-26 00:00:00+05:30,283.0,292.0,281.0,288.9,16892
SPMLINFRA,2007-10-29 00:00:00+05:30,300.0,337.9,276.65,325.15,173350
SPMLINFRA,2007-10-30 00:00:00+05:30,330.0,345.0,315.0,324.6,139189
SPMLINFRA,2007-10-31 00:00:00+05:30,330.0,340.0,316.0,319.85,64108
SPMLINFRA,2007-11-01 00:00:00+05:30,322.15,330.4,260.75,301.75,38247
SPMLINFRA,2007-11-02 00:00:00+05:30,305.0,328.1,305.0,316.8,50631
SPMLINFRA,2007-11-05 00:00:00+05:30,335.0,337.0,309.0,310.85,47401
SPMLINFRA,2007-11-06 00:00:00+05:30,329.0,331.0,300.1,308.05,58986
SPMLINFRA,2007-11-07 00:00:00+05:30,313.35,322.0,300.0,312.1,19587
SPMLINFRA,2007-11-08 00:00:00+05:30,305.0,327.95,305.0,307.15,11436
SPMLINFRA,2007-11-09 00:00:00+05:30,310.0,317.95,310.0,314.7,3799
SPMLINFRA,2007-11-12 00:00:00+05:30,301.2,318.0,291.2,299.65,24595
SPMLINFRA,2007-11-13 00:00:00+05:30,298.2,312.0,298.2,303.55,8602
SPMLINFRA,2007-11-14 00:00:00+05:30,313.0,316.0,305.0,307.0,90428
SPMLINFRA,2007-11-15 00:00:00+05:30,313.0,329.5,310.1,319.4,189673
SPMLINFRA,2007-11-16 00:00:00+05:30,323.0,348.0,322.0,328.5,109805
SPMLINFRA,2007-11-19 00:00:00+05:30,339.8,375.0,327.25,370.45,314216
SPMLINFRA,2007-11-20 00:00:00+05:30,367.7,380.0,351.0,356.1,86969
SPMLINFRA,2007-11-21 00:00:00+05:30,365.9,365.9,326.55,331.1,28025
SPMLINFRA,2007-11-22 00:00:00+05:30,323.0,346.8,321.0,343.85,25635
SPMLINFRA,2007-11-23 00:00:00+05:30,343.0,360.0,330.0,354.15,25599
SPMLINFRA,2007-11-26 00:00:00+05:30,360.0,365.0,333.05,338.5,5630
SPMLINFRA,2007-11-27 00:00:00+05:30,339.0,343.0,318.5,328.75,18754
SPMLINFRA,2007-11-28 00:00:00+05:30,336.7,356.0,332.0,335.1,8550
SPMLINFRA,2007-11-29 00:00:00+05:30,340.0,354.0,330.0,351.1,45195
SPMLINFRA,2007-11-30 00:00:00+05:30,351.0,374.4,341.0,366.9,23130
SPMLINFRA,2007-12-03 00:00:00+05:30,369.0,391.0,360.0,385.95,23143
SPMLINFRA,2007-12-04 00:00:00+05:30,389.0,420.0,385.0,402.5,175840
SPMLINFRA,2007-12-05 00:00:00+05:30,410.0,420.0,385.0,408.0,38207
SPMLINFRA,2007-12-06 00:00:00+05:30,416.0,416.9,386.25,393.2,14754
SPMLINFRA,2007-12-07 00:00:00+05:30,399.7,405.0,375.0,385.4,47415
SPMLINFRA,2007-12-10 00:00:00+05:30,355.0,419.0,355.0,389.2,4750
SPMLINFRA,2007-12-11 00:00:00+05:30,382.0,407.85,382.0,396.7,12501
SPMLINFRA,2007-12-12 00:00:00+05:30,397.8,408.0,396.1,405.0,6025
SPMLINFRA,2007-12-13 00:00:00+05:30,404.0,416.0,395.0,410.15,39506
SPMLINFRA,2007-12-14 00:00:00+05:30,414.0,419.0,405.0,416.55,18000
SPMLINFRA,2007-12-17 00:00:00+05:30,454.95,454.95,405.1,415.1,12787
SPMLINFRA,2007-12-18 00:00:00+05:30,424.95,424.95,400.0,416.5,27388
SPMLINFRA,2007-12-19 00:00:00+05:30,420.0,490.0,412.1,459.6,195756
SPMLINFRA,2007-12-20 00:00:00+05:30,451.0,459.0,431.05,434.9,28526
SPMLINFRA,2007-12-24 00:00:00+05:30,467.7,467.7,430.05,449.25,7597
SPMLINFRA,2007-12-26 00:00:00+05:30,454.0,469.0,441.0,457.35,18555
SPMLINFRA,2007-12-27 00:00:00+05:30,469.8,469.8,450.0,460.0,29480
SPMLINFRA,2007-12-28 00:00:00+05:30,470.0,470.0,453.0,460.0,27627
SPMLINFRA,2007-12-31 00:00:00+05:30,455.2,520.0,455.2,479.1,48433
SPMLINFRA,2008-01-01 00:00:00+05:30,467.0,505.0,467.0,483.45,8944
SPMLINFRA,2008-01-02 00:00:00+05:30,494.0,515.0,476.1,489.35,14257
SPMLINFRA,2008-01-03 00:00:00+05:30,489.0,539.95,488.0,522.1,37554
SPMLINFRA,2008-01-04 00:00:00+05:30,532.1,599.5,519.95,568.65,778898
SPMLINFRA,2008-01-07 00:00:00+05:30,575.0,589.8,555.1,567.95,125427
SPMLINFRA,2008-01-08 00:00:00+05:30,570.9,578.0,525.0,534.25,50127
SPMLINFRA,2008-01-09 00:00:00+05:30,550.0,550.0,522.0,533.5,29102
SPMLINFRA,2008-01-10 00:00:00+05:30,531.0,549.4,499.0,516.55,62990
SPMLINFRA,2008-01-11 00:00:00+05:30,481.0,537.5,481.0,499.95,75558
SPMLINFRA,2008-01-14 00:00:00+05:30,501.0,535.2,499.9,524.4,49688
SPMLINFRA,2008-01-15 00:00:00+05:30,547.95,560.0,509.0,515.35,23293
SPMLINFRA,2008-01-16 00:00:00+05:30,505.0,505.0,477.0,493.3,30185
SPMLINFRA,2008-01-17 00:00:00+05:30,515.0,530.0,496.0,523.85,19166
SPMLINFRA,2008-01-18 00:00:00+05:30,548.5,548.5,483.05,498.45,48947
SPMLINFRA,2008-01-21 00:00:00+05:30,420.0,499.0,420.0,458.05,22528
SPMLINFRA,2008-01-22 00:00:00+05:30,400.0,500.0,366.45,411.75,15358
SPMLINFRA,2008-01-23 00:00:00+05:30,420.0,465.0,375.0,455.45,7061
SPMLINFRA,2008-01-24 00:00:00+05:30,474.0,474.0,395.0,424.85,8548
SPMLINFRA,2008-01-25 00:00:00+05:30,375.0,475.0,375.0,461.55,6960
SPMLINFRA,2008-01-28 00:00:00+05:30,375.05,447.95,375.05,438.75,4140
SPMLINFRA,2008-01-29 00:00:00+05:30,432.0,461.05,432.0,440.2,2606
SPMLINFRA,2008-01-30 00:00:00+05:30,460.0,461.0,426.0,445.75,4058
SPMLINFRA,2008-01-31 00:00:00+05:30,450.0,460.0,410.0,425.0,10373
SPMLINFRA,2008-02-01 00:00:00+05:30,415.0,440.0,382.0,425.4,8476
SPMLINFRA,2008-02-04 00:00:00+05:30,445.0,445.0,432.1,440.1,2936
SPMLINFRA,2008-02-05 00:00:00+05:30,441.0,456.0,435.0,440.0,333263
SPMLINFRA,2008-02-06 00:00:00+05:30,415.25,437.5,415.25,429.45,1855
SPMLINFRA,2008-02-07 00:00:00+05:30,425.1,439.0,425.1,430.1,3497
SPMLINFRA,2008-02-08 00:00:00+05:30,395.0,441.0,390.5,422.25,12585
SPMLINFRA,2008-02-11 00:00:00+05:30,429.9,429.9,380.0,390.2,6592
SPMLINFRA,2008-02-12 00:00:00+05:30,395.0,396.0,370.0,378.1,24395
SPMLINFRA,2008-02-13 00:00:00+05:30,377.05,390.0,354.05,376.9,31008
SPMLINFRA,2008-02-14 00:00:00+05:30,390.0,408.0,385.0,399.7,34914
SPMLINFRA,2008-02-15 00:00:00+05:30,404.5,411.85,386.0,405.55,4020
SPMLINFRA,2008-02-18 00:00:00+05:30,383.0,447.0,383.0,438.45,11455
SPMLINFRA,2008-02-19 00:00:00+05:30,465.0,465.0,425.1,448.15,15796
SPMLINFRA,2008-02-20 00:00:00+05:30,430.0,446.0,429.0,433.3,3791
SPMLINFRA,2008-02-21 00:00:00+05:30,448.0,448.0,405.25,409.7,4258
SPMLINFRA,2008-02-22 00:00:00+05:30,380.5,439.0,380.5,407.4,10960
SPMLINFRA,2008-02-25 00:00:00+05:30,430.0,430.0,399.85,401.95,1259
SPMLINFRA,2008-02-26 00:00:00+05:30,401.0,415.0,401.0,406.0,2572
SPMLINFRA,2008-02-27 00:00:00+05:30,401.0,416.5,390.0,408.05,9759
SPMLINFRA,2008-02-28 00:00:00+05:30,402.0,414.0,381.0,405.95,26880
SPMLINFRA,2008-02-29 00:00:00+05:30,413.95,431.9,385.5,412.35,8724
SPMLINFRA,2008-03-03 00:00:00+05:30,417.0,417.0,365.5,369.8,11542
SPMLINFRA,2008-03-04 00:00:00+05:30,370.0,389.9,356.0,364.75,11017
SPMLINFRA,2008-03-05 00:00:00+05:30,380.0,380.0,332.0,355.1,18792
SPMLINFRA,2008-03-07 00:00:00+05:30,340.0,369.75,305.0,342.85,33143
SPMLINFRA,2008-03-10 00:00:00+05:30,343.0,343.0,308.0,317.55,9063
SPMLINFRA,2008-03-11 00:00:00+05:30,359.0,359.0,300.0,348.65,7079
SPMLINFRA,2008-03-12 00:00:00+05:30,375.0,375.0,332.1,350.15,6740
SPMLINFRA,2008-03-13 00:00:00+05:30,325.0,359.0,325.0,345.0,13290
SPMLINFRA,2008-03-14 00:00:00+05:30,350.1,350.1,325.1,331.8,5205
SPMLINFRA,2008-03-17 00:00:00+05:30,319.0,327.75,310.0,310.3,3395
SPMLINFRA,2008-03-18 00:00:00+05:30,328.0,369.7,292.0,315.05,18494
SPMLINFRA,2008-03-19 00:00:00+05:30,315.0,345.0,312.85,330.3,10046
SPMLINFRA,2008-03-24 00:00:00+05:30,320.0,332.0,320.0,320.85,9034
SPMLINFRA,2008-03-25 00:00:00+05:30,321.0,341.0,321.0,329.6,11778
SPMLINFRA,2008-03-26 00:00:00+05:30,344.0,344.0,326.05,331.55,6095
SPMLINFRA,2008-03-27 00:00:00+05:30,330.0,337.0,325.0,335.2,4456
SPMLINFRA,2008-03-28 00:00:00+05:30,340.0,345.0,330.0,342.35,3321
SPMLINFRA,2008-03-31 00:00:00+05:30,327.0,341.0,327.0,333.85,7282
SPMLINFRA,2008-04-01 00:00:00+05:30,336.0,343.0,330.0,336.95,1792
SPMLINFRA,2008-04-02 00:00:00+05:30,359.0,370.0,276.65,328.3,11350
SPMLINFRA,2008-04-03 00:00:00+05:30,345.0,346.0,327.0,333.6,3689
SPMLINFRA,2008-04-04 00:00:00+05:30,339.8,339.8,325.0,329.8,1545
SPMLINFRA,2008-04-07 00:00:00+05:30,311.1,333.75,311.05,332.0,1547
SPMLINFRA,2008-04-08 00:00:00+05:30,380.0,380.0,320.0,332.35,3604
SPMLINFRA,2008-04-09 00:00:00+05:30,330.0,337.4,330.0,333.3,2783
SPMLINFRA,2008-04-10 00:00:00+05:30,338.8,338.8,330.0,330.2,3715
SPMLINFRA,2008-04-11 00:00:00+05:30,335.0,345.0,331.0,339.4,2711
SPMLINFRA,2008-04-15 00:00:00+05:30,333.0,345.0,333.0,337.0,2235
SPMLINFRA,2008-04-16 00:00:00+05:30,347.9,347.9,332.0,336.35,3879
SPMLINFRA,2008-04-17 00:00:00+05:30,340.0,347.0,338.5,340.2,3530
SPMLINFRA,2008-04-21 00:00:00+05:30,335.0,349.65,328.1,339.05,2588
SPMLINFRA,2008-04-22 00:00:00+05:30,348.75,348.8,340.0,340.95,1820
SPMLINFRA,2008-04-23 00:00:00+05:30,348.0,350.0,335.55,340.5,3556
SPMLINFRA,2008-04-24 00:00:00+05:30,341.0,343.0,320.55,327.05,6913
SPMLINFRA,2008-04-25 00:00:00+05:30,330.1,334.0,320.15,329.35,3337
SPMLINFRA,2008-04-28 00:00:00+05:30,323.4,345.0,323.4,339.45,8362
SPMLINFRA,2008-04-29 00:00:00+05:30,334.2,352.0,334.2,343.95,4125
SPMLINFRA,2008-04-30 00:00:00+05:30,341.1,348.9,334.1,335.15,1870
SPMLINFRA,2008-05-02 00:00:00+05:30,353.5,360.0,327.1,345.0,9127
SPMLINFRA,2008-05-05 00:00:00+05:30,340.2,360.0,340.0,345.35,20759
SPMLINFRA,2008-05-06 00:00:00+05:30,349.0,359.8,342.0,349.65,6117
SPMLINFRA,2008-05-07 00:00:00+05:30,312.1,357.0,312.1,347.7,6912
SPMLINFRA,2008-05-08 00:00:00+05:30,345.0,345.0,338.0,341.0,1285
SPMLINFRA,2008-05-09 00:00:00+05:30,337.55,342.0,323.0,325.35,4445
SPMLINFRA,2008-05-12 00:00:00+05:30,321.85,325.0,306.1,319.9,9075
SPMLINFRA,2008-05-13 00:00:00+05:30,322.9,322.9,310.2,314.65,1554
SPMLINFRA,2008-05-14 00:00:00+05:30,313.0,313.0,296.05,300.8,4173
SPMLINFRA,2008-05-15 00:00:00+05:30,305.0,311.95,301.0,307.3,2582
SPMLINFRA,2008-05-16 00:00:00+05:30,314.0,322.0,307.5,312.55,6613
SPMLINFRA,2008-05-20 00:00:00+05:30,317.95,318.0,299.1,303.35,52733
SPMLINFRA,2008-05-21 00:00:00+05:30,292.15,311.0,290.0,301.7,4054
SPMLINFRA,2008-05-22 00:00:00+05:30,300.0,305.8,291.0,292.7,9670
SPMLINFRA,2008-05-23 00:00:00+05:30,295.4,300.0,288.0,288.85,2964
SPMLINFRA,2008-05-26 00:00:00+05:30,286.0,287.9,271.0,277.7,1870
SPMLINFRA,2008-05-27 00:00:00+05:30,275.0,282.0,265.0,268.15,3701
SPMLINFRA,2008-05-28 00:00:00+05:30,268.0,274.8,257.3,268.8,3117
SPMLINFRA,2008-05-29 00:00:00+05:30,256.5,285.0,256.5,274.85,14285
SPMLINFRA,2008-05-30 00:00:00+05:30,262.0,277.95,262.0,275.05,9539
SPMLINFRA,2008-06-02 00:00:00+05:30,265.0,280.0,265.0,275.75,7587
SPMLINFRA,2008-06-03 00:00:00+05:30,272.0,280.0,265.0,279.65,3117
SPMLINFRA,2008-06-04 00:00:00+05:30,285.0,285.0,273.0,275.15,3616
SPMLINFRA,2008-06-05 00:00:00+05:30,280.0,280.0,258.0,262.35,2931
SPMLINFRA,2008-06-06 00:00:00+05:30,261.0,270.0,261.0,263.5,18050
SPMLINFRA,2008-06-09 00:00:00+05:30,245.0,249.75,235.0,239.3,4980
SPMLINFRA,2008-06-10 00:00:00+05:30,233.05,239.8,225.0,226.0,1970
SPMLINFRA,2008-06-11 00:00:00+05:30,230.0,249.9,210.0,214.55,7085
SPMLINFRA,2008-06-12 00:00:00+05:30,209.0,224.0,209.0,218.35,249
SPMLINFRA,2008-06-13 00:00:00+05:30,218.0,233.95,201.0,227.55,3924
SPMLINFRA,2008-06-16 00:00:00+05:30,227.0,259.9,227.0,239.5,4317
SPMLINFRA,2008-06-17 00:00:00+05:30,230.0,247.95,230.0,243.65,1562
SPMLINFRA,2008-06-18 00:00:00+05:30,242.0,249.0,233.0,233.95,2360
SPMLINFRA,2008-06-19 00:00:00+05:30,235.0,235.0,219.1,221.05,2234
SPMLINFRA,2008-06-20 00:00:00+05:30,225.0,238.5,210.0,226.85,60122
SPMLINFRA,2008-06-23 00:00:00+05:30,230.0,233.0,221.0,227.8,3829
SPMLINFRA,2008-06-24 00:00:00+05:30,211.15,232.8,211.15,214.65,3388
SPMLINFRA,2008-06-25 00:00:00+05:30,193.0,225.0,193.0,218.7,1759
SPMLINFRA,2008-06-26 00:00:00+05:30,218.7,225.95,213.0,218.2,1536
SPMLINFRA,2008-06-27 00:00:00+05:30,206.0,220.0,206.0,219.65,5822
SPMLINFRA,2008-06-30 00:00:00+05:30,210.1,213.0,202.8,204.55,3700
SPMLINFRA,2008-07-01 00:00:00+05:30,201.25,218.9,182.0,188.05,4859
SPMLINFRA,2008-07-02 00:00:00+05:30,182.0,199.95,180.0,191.95,3995
SPMLINFRA,2008-07-03 00:00:00+05:30,218.0,218.0,173.1,186.55,1830
SPMLINFRA,2008-07-04 00:00:00+05:30,178.0,191.0,178.0,187.65,2016
SPMLINFRA,2008-07-07 00:00:00+05:30,179.0,215.0,179.0,189.85,678
SPMLINFRA,2008-07-08 00:00:00+05:30,200.0,200.0,186.0,186.1,2063
SPMLINFRA,2008-07-09 00:00:00+05:30,215.0,218.0,185.0,209.45,167670
SPMLINFRA,2008-07-10 00:00:00+05:30,203.5,215.35,199.9,210.8,508865
SPMLINFRA,2008-07-11 00:00:00+05:30,211.0,215.0,192.8,193.85,7319
SPMLINFRA,2008-07-14 00:00:00+05:30,190.05,196.8,187.0,187.4,3182
SPMLINFRA,2008-07-15 00:00:00+05:30,180.1,209.9,176.0,184.9,3373
SPMLINFRA,2008-07-16 00:00:00+05:30,180.5,188.0,176.55,180.0,1631
SPMLINFRA,2008-07-17 00:00:00+05:30,185.0,189.5,173.0,177.25,1883
SPMLINFRA,2008-07-18 00:00:00+05:30,173.0,185.9,172.1,177.95,2502
SPMLINFRA,2008-07-21 00:00:00+05:30,181.0,182.0,175.05,178.9,881
SPMLINFRA,2008-07-22 00:00:00+05:30,188.35,188.35,173.3,175.35,1973
SPMLINFRA,2008-07-23 00:00:00+05:30,189.9,192.9,181.0,189.5,3778
SPMLINFRA,2008-07-24 00:00:00+05:30,197.95,203.0,190.0,191.8,2138
SPMLINFRA,2008-07-25 00:00:00+05:30,191.0,191.05,185.0,187.85,524
SPMLINFRA,2008-07-28 00:00:00+05:30,197.9,197.9,187.1,194.05,615
SPMLINFRA,2008-07-29 00:00:00+05:30,195.9,199.0,185.1,193.05,1324
SPMLINFRA,2008-07-30 00:00:00+05:30,190.0,198.85,183.75,187.45,1449
SPMLINFRA,2008-07-31 00:00:00+05:30,187.0,190.0,183.0,185.4,4545
SPMLINFRA,2008-08-01 00:00:00+05:30,180.0,212.0,178.4,190.2,4904
SPMLINFRA,2008-08-04 00:00:00+05:30,199.85,199.85,188.0,188.4,6353
SPMLINFRA,2008-08-05 00:00:00+05:30,189.1,205.0,182.1,186.05,17284
SPMLINFRA,2008-08-06 00:00:00+05:30,197.7,214.8,177.0,182.0,62265
SPMLINFRA,2008-08-07 00:00:00+05:30,189.9,189.9,179.0,180.65,17236
SPMLINFRA,2008-08-08 00:00:00+05:30,186.0,186.5,179.0,181.9,9771
SPMLINFRA,2008-08-11 00:00:00+05:30,185.0,185.0,173.85,174.9,205109
SPMLINFRA,2008-08-12 00:00:00+05:30,177.95,177.95,165.0,166.45,41497
SPMLINFRA,2008-08-13 00:00:00+05:30,162.5,179.0,160.0,169.75,19375
SPMLINFRA,2008-08-14 00:00:00+05:30,173.8,173.8,165.0,165.5,5608
SPMLINFRA,2008-08-18 00:00:00+05:30,162.15,168.85,160.0,162.15,5360
SPMLINFRA,2008-08-19 00:00:00+05:30,170.0,171.0,160.1,163.3,9797
SPMLINFRA,2008-08-20 00:00:00+05:30,163.1,171.0,162.15,165.55,13771
SPMLINFRA,2008-08-21 00:00:00+05:30,163.1,170.8,158.0,159.95,4383
SPMLINFRA,2008-08-22 00:00:00+05:30,159.0,165.8,157.2,158.35,4049
SPMLINFRA,2008-08-25 00:00:00+05:30,163.0,165.0,157.2,158.35,5663
SPMLINFRA,2008-08-26 00:00:00+05:30,158.55,158.9,151.0,155.55,6213
SPMLINFRA,2008-08-27 00:00:00+05:30,155.2,155.2,151.0,151.65,2807
SPMLINFRA,2008-08-28 00:00:00+05:30,151.65,154.0,148.0,149.0,4052
SPMLINFRA,2008-08-29 00:00:00+05:30,148.1,155.0,144.0,146.9,5961
SPMLINFRA,2008-09-01 00:00:00+05:30,146.0,154.0,142.0,149.65,56250
SPMLINFRA,2008-09-02 00:00:00+05:30,152.0,152.6,147.8,148.35,10705
SPMLINFRA,2008-09-04 00:00:00+05:30,153.0,153.0,147.0,148.55,3145
SPMLINFRA,2008-09-05 00:00:00+05:30,150.0,150.0,144.05,146.15,5763
SPMLINFRA,2008-09-08 00:00:00+05:30,151.95,151.95,146.15,147.0,13864
SPMLINFRA,2008-09-09 00:00:00+05:30,142.2,149.4,141.1,141.95,10769
SPMLINFRA,2008-09-10 00:00:00+05:30,140.0,145.0,130.55,134.45,22939
SPMLINFRA,2008-09-11 00:00:00+05:30,133.0,138.3,130.0,132.35,7085
SPMLINFRA,2008-09-12 00:00:00+05:30,130.0,133.8,126.0,128.4,21982
SPMLINFRA,2008-09-15 00:00:00+05:30,126.0,126.0,106.0,108.55,29531
SPMLINFRA,2008-09-16 00:00:00+05:30,100.0,124.0,100.0,120.05,35318
SPMLINFRA,2008-09-17 00:00:00+05:30,124.0,127.85,111.1,120.35,18417
SPMLINFRA,2008-09-18 00:00:00+05:30,112.0,122.0,104.15,118.7,57411
SPMLINFRA,2008-09-19 00:00:00+05:30,122.1,131.25,121.1,122.05,22515
SPMLINFRA,2008-09-22 00:00:00+05:30,125.0,125.0,118.5,122.95,7407
SPMLINFRA,2008-09-23 00:00:00+05:30,121.25,122.5,117.2,121.35,7043
SPMLINFRA,2008-09-24 00:00:00+05:30,123.9,126.5,118.1,124.15,5511
SPMLINFRA,2008-09-25 00:00:00+05:30,125.0,125.0,118.15,120.8,4691
SPMLINFRA,2008-09-26 00:00:00+05:30,121.0,122.0,110.2,115.25,7065
SPMLINFRA,2008-09-29 00:00:00+05:30,112.45,113.9,108.4,109.9,14357
SPMLINFRA,2008-09-30 00:00:00+05:30,108.0,111.5,102.15,110.0,14452
SPMLINFRA,2008-10-01 00:00:00+05:30,108.5,115.5,108.5,110.4,3441
SPMLINFRA,2008-10-03 00:00:00+05:30,118.1,118.1,105.0,109.35,2901
SPMLINFRA,2008-10-06 00:00:00+05:30,108.1,109.0,97.9,99.35,5498
SPMLINFRA,2008-10-07 00:00:00+05:30,99.5,104.95,91.25,97.5,508983
SPMLINFRA,2008-10-08 00:00:00+05:30,95.0,95.0,81.0,84.45,7422
SPMLINFRA,2008-10-10 00:00:00+05:30,84.1,84.1,68.0,71.75,13334
SPMLINFRA,2008-10-13 00:00:00+05:30,74.0,82.45,74.0,78.8,10293
SPMLINFRA,2008-10-14 00:00:00+05:30,81.05,85.0,74.0,77.85,31689
SPMLINFRA,2008-10-15 00:00:00+05:30,71.2,76.9,69.5,70.2,6349
SPMLINFRA,2008-10-16 00:00:00+05:30,67.9,68.0,62.0,64.7,83527
SPMLINFRA,2008-10-17 00:00:00+05:30,65.0,68.0,57.4,61.4,14907
SPMLINFRA,2008-10-20 00:00:00+05:30,60.05,73.7,57.6,61.25,16171
SPMLINFRA,2008-10-21 00:00:00+05:30,61.9,66.5,60.45,64.1,8855
SPMLINFRA,2008-10-22 00:00:00+05:30,58.0,76.9,58.0,64.65,10943
SPMLINFRA,2008-10-23 00:00:00+05:30,65.15,65.8,59.05,62.15,8495
SPMLINFRA,2008-10-24 00:00:00+05:30,61.05,62.0,56.0,56.6,7242
SPMLINFRA,2008-10-27 00:00:00+05:30,55.0,55.9,45.6,49.2,14492
SPMLINFRA,2008-10-28 00:00:00+05:30,50.0,58.0,50.0,55.25,549
SPMLINFRA,2008-10-29 00:00:00+05:30,55.0,63.0,55.0,59.1,2666
SPMLINFRA,2008-10-31 00:00:00+05:30,50.1,63.0,50.1,56.95,2547
SPMLINFRA,2008-11-03 00:00:00+05:30,59.45,66.0,59.45,62.9,15613
SPMLINFRA,2008-11-04 00:00:00+05:30,67.0,75.0,64.05,69.55,11400
SPMLINFRA,2008-11-05 00:00:00+05:30,70.6,75.0,65.0,65.55,20179
SPMLINFRA,2008-11-06 00:00:00+05:30,60.0,66.0,60.0,64.4,9637
SPMLINFRA,2008-11-07 00:00:00+05:30,61.0,64.9,59.4,62.8,4985
SPMLINFRA,2008-11-10 00:00:00+05:30,64.95,64.95,61.15,61.95,12204
SPMLINFRA,2008-11-11 00:00:00+05:30,61.35,63.0,58.55,59.4,3098
SPMLINFRA,2008-11-12 00:00:00+05:30,57.0,59.45,54.15,57.2,9561
SPMLINFRA,2008-11-14 00:00:00+05:30,56.6,60.0,54.0,55.7,4673
SPMLINFRA,2008-11-17 00:00:00+05:30,53.0,54.8,49.5,50.8,11133
SPMLINFRA,2008-11-18 00:00:00+05:30,50.5,50.5,46.0,49.15,3278
SPMLINFRA,2008-11-19 00:00:00+05:30,49.3,49.3,44.6,45.05,4544
SPMLINFRA,2008-11-20 00:00:00+05:30,42.0,43.5,38.0,40.15,19854
SPMLINFRA,2008-11-21 00:00:00+05:30,48.2,48.2,38.0,41.0,105625
SPMLINFRA,2008-11-24 00:00:00+05:30,40.15,43.5,39.0,39.85,73733
SPMLINFRA,2008-11-25 00:00:00+05:30,41.4,42.0,38.65,39.5,10928
SPMLINFRA,2008-11-26 00:00:00+05:30,39.0,40.0,36.5,39.85,84112
SPMLINFRA,2008-11-28 00:00:00+05:30,38.0,44.75,38.0,41.0,23245
SPMLINFRA,2008-12-01 00:00:00+05:30,41.0,42.5,40.0,40.5,12215
SPMLINFRA,2008-12-02 00:00:00+05:30,39.0,45.5,39.0,42.2,23267
SPMLINFRA,2008-12-03 00:00:00+05:30,45.9,45.9,42.0,44.45,26183
SPMLINFRA,2008-12-04 00:00:00+05:30,45.0,52.25,44.95,50.0,68900
SPMLINFRA,2008-12-05 00:00:00+05:30,50.7,55.0,49.7,51.25,75578
SPMLINFRA,2008-12-08 00:00:00+05:30,56.0,56.0,47.1,49.4,49398
SPMLINFRA,2008-12-10 00:00:00+05:30,48.75,51.0,47.0,48.5,21841
SPMLINFRA,2008-12-11 00:00:00+05:30,52.9,52.9,47.0,47.95,24192
SPMLINFRA,2008-12-12 00:00:00+05:30,45.3,55.1,45.15,51.4,95489
SPMLINFRA,2008-12-15 00:00:00+05:30,53.0,54.8,52.0,53.75,82320
SPMLINFRA,2008-12-16 00:00:00+05:30,53.0,54.8,51.0,53.0,50949
SPMLINFRA,2008-12-17 00:00:00+05:30,54.85,57.0,53.05,53.85,55299
SPMLINFRA,2008-12-18 00:00:00+05:30,54.85,58.8,53.0,53.25,82140
SPMLINFRA,2008-12-19 00:00:00+05:30,53.0,57.0,53.0,53.85,75183
SPMLINFRA,2008-12-22 00:00:00+05:30,53.7,55.9,53.05,53.45,149437
SPMLINFRA,2008-12-23 00:00:00+05:30,55.0,55.85,51.25,52.1,34777
SPMLINFRA,2008-12-24 00:00:00+05:30,51.6,52.0,50.7,51.65,11061
SPMLINFRA,2008-12-26 00:00:00+05:30,50.5,52.0,48.0,48.55,25163
SPMLINFRA,2008-12-29 00:00:00+05:30,48.2,51.4,48.0,49.65,46198
SPMLINFRA,2008-12-30 00:00:00+05:30,49.05,51.9,49.0,49.2,32571
SPMLINFRA,2008-12-31 00:00:00+05:30,51.9,51.9,48.05,49.55,27880
SPMLINFRA,2009-01-01 00:00:00+05:30,49.1,53.0,49.1,52.3,29057
SPMLINFRA,2009-01-02 00:00:00+05:30,53.25,57.5,52.2,56.65,88178
SPMLINFRA,2009-01-05 00:00:00+05:30,57.0,66.0,57.0,64.35,170293
SPMLINFRA,2009-01-06 00:00:00+05:30,64.85,68.9,62.05,66.7,170042
SPMLINFRA,2009-01-07 00:00:00+05:30,68.0,69.9,58.3,60.2,103825
SPMLINFRA,2009-01-09 00:00:00+05:30,53.1,61.25,53.1,59.0,28211
SPMLINFRA,2009-01-12 00:00:00+05:30,57.0,58.0,52.6,53.25,11399
SPMLINFRA,2009-01-13 00:00:00+05:30,54.45,57.95,54.0,56.35,17840
SPMLINFRA,2009-01-14 00:00:00+05:30,57.0,61.5,57.0,59.15,71865
SPMLINFRA,2009-01-15 00:00:00+05:30,56.5,60.0,56.0,57.55,21730
SPMLINFRA,2009-01-16 00:00:00+05:30,57.0,60.0,52.55,58.2,48073
SPMLINFRA,2009-01-19 00:00:00+05:30,60.7,60.7,56.0,57.9,13014
SPMLINFRA,2009-01-20 00:00:00+05:30,55.6,57.95,55.6,57.65,3002
SPMLINFRA,2009-01-21 00:00:00+05:30,58.0,58.0,54.5,55.1,9557
SPMLINFRA,2009-01-22 00:00:00+05:30,54.05,54.25,46.3,49.45,39213
SPMLINFRA,2009-01-23 00:00:00+05:30,49.1,52.0,45.1,50.25,12541
SPMLINFRA,2009-01-27 00:00:00+05:30,50.0,53.3,50.0,50.85,3513
SPMLINFRA,2009-01-28 00:00:00+05:30,51.95,51.95,49.05,50.0,11648
SPMLINFRA,2009-01-29 00:00:00+05:30,50.0,50.0,47.0,48.5,8803
SPMLINFRA,2009-01-30 00:00:00+05:30,46.1,49.2,46.1,48.35,6463
SPMLINFRA,2009-02-02 00:00:00+05:30,48.0,48.0,45.1,46.45,9235
SPMLINFRA,2009-02-03 00:00:00+05:30,45.6,47.7,45.6,46.4,160220
SPMLINFRA,2009-02-04 00:00:00+05:30,45.25,47.0,45.25,46.85,150985
SPMLINFRA,2009-02-05 00:00:00+05:30,46.75,46.8,45.15,46.05,151365
SPMLINFRA,2009-02-06 00:00:00+05:30,46.2,46.95,44.6,44.9,103481
SPMLINFRA,2009-02-09 00:00:00+05:30,45.2,47.45,45.2,46.05,5985
SPMLINFRA,2009-02-10 00:00:00+05:30,46.35,55.3,46.35,49.2,325158
SPMLINFRA,2009-02-11 00:00:00+05:30,48.9,53.4,48.5,50.75,125079
SPMLINFRA,2009-02-12 00:00:00+05:30,50.5,52.4,48.65,49.45,61409
SPMLINFRA,2009-02-13 00:00:00+05:30,49.85,51.4,49.65,49.85,18268
SPMLINFRA,2009-02-16 00:00:00+05:30,52.4,55.0,48.0,48.9,70531
SPMLINFRA,2009-02-17 00:00:00+05:30,47.6,48.45,44.1,44.85,57167
SPMLINFRA,2009-02-18 00:00:00+05:30,44.0,45.25,40.0,44.45,520773
SPMLINFRA,2009-02-19 00:00:00+05:30,46.95,50.0,41.05,41.75,140756
SPMLINFRA,2009-02-20 00:00:00+05:30,42.1,42.1,40.25,41.05,28321
SPMLINFRA,2009-02-24 00:00:00+05:30,42.0,44.0,38.6,39.05,74053
SPMLINFRA,2009-02-25 00:00:00+05:30,39.35,41.1,39.0,40.05,33999
SPMLINFRA,2009-02-26 00:00:00+05:30,39.85,40.7,39.35,39.85,3112
SPMLINFRA,2009-02-27 00:00:00+05:30,40.7,40.7,39.1,39.8,10306
SPMLINFRA,2009-03-02 00:00:00+05:30,39.0,40.4,37.5,38.25,158487
SPMLINFRA,2009-03-03 00:00:00+05:30,38.05,40.9,37.0,39.1,38964
SPMLINFRA,2009-03-04 00:00:00+05:30,40.05,40.05,37.0,37.75,4898
SPMLINFRA,2009-03-05 00:00:00+05:30,37.35,39.65,37.0,37.1,5227
SPMLINFRA,2009-03-06 00:00:00+05:30,35.75,40.5,35.65,38.85,17584
SPMLINFRA,2009-03-09 00:00:00+05:30,39.0,39.55,37.1,38.0,12269
SPMLINFRA,2009-03-12 00:00:00+05:30,38.0,39.8,37.5,38.0,2865
SPMLINFRA,2009-03-13 00:00:00+05:30,38.0,39.05,37.15,37.85,35026
SPMLINFRA,2009-03-16 00:00:00+05:30,39.55,39.55,38.4,38.8,11004
SPMLINFRA,2009-03-17 00:00:00+05:30,39.5,40.25,39.0,39.85,7104
SPMLINFRA,2009-03-18 00:00:00+05:30,40.5,46.0,40.5,43.85,43550
SPMLINFRA,2009-03-19 00:00:00+05:30,43.75,49.0,43.0,48.45,83907
SPMLINFRA,2009-03-20 00:00:00+05:30,48.0,48.5,45.8,46.9,12378
SPMLINFRA,2009-03-23 00:00:00+05:30,46.55,54.2,46.55,53.3,585120
SPMLINFRA,2009-03-24 00:00:00+05:30,54.9,54.9,48.5,49.3,126904
SPMLINFRA,2009-03-25 00:00:00+05:30,49.5,51.4,48.3,49.4,37299
SPMLINFRA,2009-03-26 00:00:00+05:30,50.5,51.5,46.05,47.9,46070
SPMLINFRA,2009-03-27 00:00:00+05:30,48.7,49.5,46.0,48.2,21699
SPMLINFRA,2009-03-30 00:00:00+05:30,48.6,50.0,45.1,46.2,12315
SPMLINFRA,2009-03-31 00:00:00+05:30,45.6,47.3,45.2,46.6,161175
SPMLINFRA,2009-04-01 00:00:00+05:30,46.95,50.0,39.0,49.5,35148
SPMLINFRA,2009-04-02 00:00:00+05:30,51.7,54.35,50.2,52.4,87353
SPMLINFRA,2009-04-06 00:00:00+05:30,53.5,54.9,52.25,53.2,31780
SPMLINFRA,2009-04-08 00:00:00+05:30,52.9,58.9,51.0,57.9,85107
SPMLINFRA,2009-04-09 00:00:00+05:30,60.0,62.45,58.0,59.4,188492
SPMLINFRA,2009-04-13 00:00:00+05:30,61.7,68.0,59.05,65.05,162540
SPMLINFRA,2009-04-15 00:00:00+05:30,64.0,70.8,63.0,67.95,329404
SPMLINFRA,2009-04-16 00:00:00+05:30,70.0,78.5,68.0,69.4,438526
SPMLINFRA,2009-04-17 00:00:00+05:30,72.0,74.4,67.0,68.7,88616
SPMLINFRA,2009-04-20 00:00:00+05:30,61.95,71.9,61.95,68.45,61320
SPMLINFRA,2009-04-21 00:00:00+05:30,66.0,70.0,66.0,67.85,33526
SPMLINFRA,2009-04-22 00:00:00+05:30,69.5,73.9,67.4,68.7,85184
SPMLINFRA,2009-04-23 00:00:00+05:30,70.3,73.45,69.0,72.65,74330
SPMLINFRA,2009-04-24 00:00:00+05:30,74.9,76.5,71.5,74.85,100196
SPMLINFRA,2009-04-27 00:00:00+05:30,74.5,79.5,74.05,75.0,78582
SPMLINFRA,2009-04-28 00:00:00+05:30,76.1,77.25,67.85,68.85,41998
SPMLINFRA,2009-04-29 00:00:00+05:30,68.15,71.35,68.1,68.85,13782
SPMLINFRA,2009-05-04 00:00:00+05:30,70.5,74.9,70.35,72.7,65891
SPMLINFRA,2009-05-05 00:00:00+05:30,74.25,74.35,71.6,73.15,12207
SPMLINFRA,2009-05-06 00:00:00+05:30,74.8,75.45,69.55,70.6,41803
SPMLINFRA,2009-05-07 00:00:00+05:30,73.5,73.5,68.5,70.1,24815
SPMLINFRA,2009-05-08 00:00:00+05:30,71.0,72.9,68.0,69.45,19706
SPMLINFRA,2009-05-11 00:00:00+05:30,69.1,71.15,68.5,69.25,19574
SPMLINFRA,2009-05-12 00:00:00+05:30,65.0,70.5,65.0,69.5,11549
SPMLINFRA,2009-05-13 00:00:00+05:30,70.0,72.75,68.0,69.3,22762
SPMLINFRA,2009-05-14 00:00:00+05:30,68.0,71.0,67.3,69.7,14622
SPMLINFRA,2009-05-15 00:00:00+05:30,70.0,71.95,69.15,70.15,13718
SPMLINFRA,2009-05-18 00:00:00+05:30,75.0,77.2,75.0,77.2,201
SPMLINFRA,2009-05-19 00:00:00+05:30,84.95,84.95,78.0,84.8,162132
SPMLINFRA,2009-05-20 00:00:00+05:30,89.0,93.3,88.05,93.3,139347
SPMLINFRA,2009-05-21 00:00:00+05:30,96.3,98.0,93.3,96.95,191710
SPMLINFRA,2009-05-22 00:00:00+05:30,98.0,101.8,94.5,101.4,129807
SPMLINFRA,2009-05-25 00:00:00+05:30,102.0,103.0,99.0,100.05,100429
SPMLINFRA,2009-05-26 00:00:00+05:30,104.0,104.9,95.9,97.35,83960
SPMLINFRA,2009-05-27 00:00:00+05:30,100.0,102.25,100.0,102.0,44166
SPMLINFRA,2009-05-28 00:00:00+05:30,104.9,107.1,100.95,107.1,57681
SPMLINFRA,2009-05-29 00:00:00+05:30,112.1,112.5,110.1,112.5,33998
SPMLINFRA,2009-06-01 00:00:00+05:30,118.15,118.15,118.15,118.15,11702
SPMLINFRA,2009-06-02 00:00:00+05:30,124.1,124.1,116.55,124.1,127993
SPMLINFRA,2009-06-03 00:00:00+05:30,130.35,130.35,118.0,130.3,154643
SPMLINFRA,2009-06-04 00:00:00+05:30,133.5,136.85,125.0,136.6,211024
SPMLINFRA,2009-06-05 00:00:00+05:30,141.0,143.45,139.05,140.65,166343
SPMLINFRA,2009-06-08 00:00:00+05:30,140.0,147.0,133.65,133.65,70472
SPMLINFRA,2009-06-09 00:00:00+05:30,130.0,140.35,127.0,140.25,76989
SPMLINFRA,2009-06-10 00:00:00+05:30,145.7,147.3,134.0,135.1,81806
SPMLINFRA,2009-06-11 00:00:00+05:30,140.0,140.0,128.35,130.55,50200
SPMLINFRA,2009-06-12 00:00:00+05:30,129.15,132.9,124.05,125.5,52834
SPMLINFRA,2009-06-15 00:00:00+05:30,121.5,125.0,119.25,119.25,22703
SPMLINFRA,2009-06-16 00:00:00+05:30,116.0,125.25,113.3,125.25,34469
SPMLINFRA,2009-06-17 00:00:00+05:30,128.9,131.55,120.0,122.75,44643
SPMLINFRA,2009-06-18 00:00:00+05:30,122.0,124.0,116.65,118.0,27444
SPMLINFRA,2009-06-19 00:00:00+05:30,119.5,123.0,112.5,120.25,15567
SPMLINFRA,2009-06-22 00:00:00+05:30,123.1,124.0,117.4,118.9,16766
SPMLINFRA,2009-06-23 00:00:00+05:30,117.0,117.0,112.95,115.1,27524
SPMLINFRA,2009-06-24 00:00:00+05:30,117.9,119.0,115.0,116.0,15255
SPMLINFRA,2009-06-25 00:00:00+05:30,118.0,121.8,116.9,118.95,21074
SPMLINFRA,2009-06-26 00:00:00+05:30,118.0,122.4,117.1,120.0,46101
SPMLINFRA,2009-06-29 00:00:00+05:30,122.0,126.0,121.0,126.0,39126
SPMLINFRA,2009-06-30 00:00:00+05:30,129.5,132.3,120.2,124.05,87350
SPMLINFRA,2009-07-01 00:00:00+05:30,130.0,130.25,120.1,124.4,21438
SPMLINFRA,2009-07-02 00:00:00+05:30,124.0,130.65,118.2,128.45,78013
SPMLINFRA,2009-07-03 00:00:00+05:30,128.1,134.5,125.0,131.55,48757
SPMLINFRA,2009-07-06 00:00:00+05:30,137.0,137.0,125.0,125.0,34203
SPMLINFRA,2009-07-07 00:00:00+05:30,124.0,130.0,116.1,126.1,39970
SPMLINFRA,2009-07-08 00:00:00+05:30,125.95,125.95,119.0,121.2,28816
SPMLINFRA,2009-07-09 00:00:00+05:30,117.6,129.9,117.55,128.0,50145
SPMLINFRA,2009-07-10 00:00:00+05:30,133.0,137.4,122.55,126.1,182934
SPMLINFRA,2009-07-13 00:00:00+05:30,116.0,126.4,116.0,122.2,37347
SPMLINFRA,2009-07-14 00:00:00+05:30,124.9,129.9,124.15,125.8,31865
SPMLINFRA,2009-07-15 00:00:00+05:30,129.0,134.8,125.2,133.4,58812
SPMLINFRA,2009-07-16 00:00:00+05:30,137.9,145.0,137.0,139.15,58648
SPMLINFRA,2009-07-17 00:00:00+05:30,142.0,145.0,138.0,139.65,72097
SPMLINFRA,2009-07-20 00:00:00+05:30,142.4,142.4,137.0,138.2,18926
SPMLINFRA,2009-07-21 00:00:00+05:30,138.4,140.0,134.0,138.6,13435
SPMLINFRA,2009-07-22 00:00:00+05:30,139.0,142.75,133.0,135.25,19309
SPMLINFRA,2009-07-23 00:00:00+05:30,138.0,143.7,138.0,140.8,54361
SPMLINFRA,2009-07-24 00:00:00+05:30,146.5,147.0,142.25,145.95,90565
SPMLINFRA,2009-07-27 00:00:00+05:30,151.0,151.5,144.35,145.65,110160
SPMLINFRA,2009-07-28 00:00:00+05:30,149.4,149.4,141.0,142.25,28937
SPMLINFRA,2009-07-29 00:00:00+05:30,142.45,143.95,137.05,139.55,48962
SPMLINFRA,2009-07-30 00:00:00+05:30,138.0,145.0,137.0,143.15,32225
SPMLINFRA,2009-07-31 00:00:00+05:30,146.4,148.0,142.0,142.65,49569
SPMLINFRA,2009-08-03 00:00:00+05:30,138.35,141.0,137.15,140.6,38723
SPMLINFRA,2009-08-04 00:00:00+05:30,140.1,140.5,136.2,137.25,12459
SPMLINFRA,2009-08-05 00:00:00+05:30,138.0,138.95,134.55,137.0,37369
SPMLINFRA,2009-08-06 00:00:00+05:30,138.0,144.0,133.5,135.5,45835
SPMLINFRA,2009-08-07 00:00:00+05:30,132.0,138.0,130.0,130.85,25093
SPMLINFRA,2009-08-10 00:00:00+05:30,132.0,136.0,124.05,127.2,32997
SPMLINFRA,2009-08-11 00:00:00+05:30,129.5,129.5,125.3,128.05,11016
SPMLINFRA,2009-08-12 00:00:00+05:30,127.5,127.5,121.4,125.2,7958
SPMLINFRA,2009-08-13 00:00:00+05:30,126.0,137.75,126.0,137.75,56607
SPMLINFRA,2009-08-14 00:00:00+05:30,141.0,141.0,132.3,133.9,34459
SPMLINFRA,2009-08-17 00:00:00+05:30,128.2,131.7,126.05,127.75,8361
SPMLINFRA,2009-08-18 00:00:00+05:30,127.3,131.95,126.3,129.75,10374
SPMLINFRA,2009-08-19 00:00:00+05:30,130.0,132.9,124.0,126.1,7038
SPMLINFRA,2009-08-20 00:00:00+05:30,134.9,138.4,128.15,135.05,40614
SPMLINFRA,2009-08-21 00:00:00+05:30,132.0,143.0,132.0,141.0,50421
SPMLINFRA,2009-08-24 00:00:00+05:30,144.3,150.0,141.25,148.1,181394
SPMLINFRA,2009-08-25 00:00:00+05:30,146.0,156.0,146.0,148.3,84629
SPMLINFRA,2009-08-26 00:00:00+05:30,151.0,155.0,148.3,149.4,83122
SPMLINFRA,2009-08-27 00:00:00+05:30,150.0,156.45,145.5,147.7,262767
SPMLINFRA,2009-08-28 00:00:00+05:30,149.9,154.0,140.1,146.85,120057
SPMLINFRA,2009-08-31 00:00:00+05:30,146.9,148.0,141.1,143.3,36635
SPMLINFRA,2009-09-01 00:00:00+05:30,145.8,148.4,138.0,141.45,86069
SPMLINFRA,2009-09-02 00:00:00+05:30,141.5,143.45,139.5,140.55,17654
SPMLINFRA,2009-09-03 00:00:00+05:30,144.85,144.85,137.1,139.25,6992
SPMLINFRA,2009-09-04 00:00:00+05:30,140.95,140.95,137.0,139.9,12630
SPMLINFRA,2009-09-07 00:00:00+05:30,143.8,145.0,141.55,142.6,13304
SPMLINFRA,2009-09-08 00:00:00+05:30,145.8,145.8,141.0,141.7,15199
SPMLINFRA,2009-09-09 00:00:00+05:30,143.8,143.8,139.25,140.8,11178
SPMLINFRA,2009-09-10 00:00:00+05:30,142.0,145.0,131.35,136.25,44995
SPMLINFRA,2009-09-11 00:00:00+05:30,136.1,139.7,133.1,134.9,12563
SPMLINFRA,2009-09-14 00:00:00+05:30,134.0,143.0,132.15,139.1,45473
SPMLINFRA,2009-09-15 00:00:00+05:30,139.7,143.0,138.8,140.4,17941
SPMLINFRA,2009-09-16 00:00:00+05:30,142.7,143.9,136.1,137.9,34397
SPMLINFRA,2009-09-17 00:00:00+05:30,139.0,141.5,136.3,137.45,10825
SPMLINFRA,2009-09-18 00:00:00+05:30,139.5,140.0,136.2,139.45,14313
SPMLINFRA,2009-09-22 00:00:00+05:30,138.35,143.9,137.25,138.15,14047
SPMLINFRA,2009-09-23 00:00:00+05:30,140.7,143.25,134.1,134.9,30406
SPMLINFRA,2009-09-24 00:00:00+05:30,133.9,134.35,130.5,133.7,27172
SPMLINFRA,2009-09-25 00:00:00+05:30,133.5,139.9,131.25,137.2,22657
SPMLINFRA,2009-09-29 00:00:00+05:30,137.5,149.3,137.5,143.6,361632
SPMLINFRA,2009-09-30 00:00:00+05:30,144.5,153.6,144.0,150.05,453094
SPMLINFRA,2009-10-01 00:00:00+05:30,150.0,151.7,145.25,146.3,103460
SPMLINFRA,2009-10-05 00:00:00+05:30,143.0,144.7,138.2,139.3,34932
SPMLINFRA,2009-10-06 00:00:00+05:30,142.3,148.6,136.35,144.4,149719
SPMLINFRA,2009-10-07 00:00:00+05:30,146.0,152.0,143.05,146.45,184126
SPMLINFRA,2009-10-08 00:00:00+05:30,149.0,154.95,145.2,149.25,249900
SPMLINFRA,2009-10-09 00:00:00+05:30,152.0,160.35,150.15,152.6,278846
SPMLINFRA,2009-10-12 00:00:00+05:30,153.0,158.0,153.0,155.25,71317
SPMLINFRA,2009-10-14 00:00:00+05:30,162.25,180.0,158.0,160.5,231336
SPMLINFRA,2009-10-15 00:00:00+05:30,163.0,167.5,161.0,162.45,110833
SPMLINFRA,2009-10-16 00:00:00+05:30,162.9,167.5,162.05,164.35,88916
SPMLINFRA,2009-10-17 00:00:00+05:30,164.95,165.95,161.55,165.0,24666
SPMLINFRA,2009-10-20 00:00:00+05:30,166.4,167.95,158.1,160.25,32373
SPMLINFRA,2009-10-21 00:00:00+05:30,156.0,162.0,156.0,158.1,23087
SPMLINFRA,2009-10-22 00:00:00+05:30,158.0,160.0,151.0,152.8,32713
SPMLINFRA,2009-10-23 00:00:00+05:30,155.5,157.0,153.0,154.5,13960
SPMLINFRA,2009-10-26 00:00:00+05:30,155.8,169.85,153.1,154.4,32743
SPMLINFRA,2009-10-27 00:00:00+05:30,148.1,152.0,144.0,144.85,41833
SPMLINFRA,2009-10-28 00:00:00+05:30,141.05,146.0,138.0,140.85,15753
SPMLINFRA,2009-10-29 00:00:00+05:30,138.0,142.4,136.1,137.5,10685
SPMLINFRA,2009-10-30 00:00:00+05:30,140.25,149.9,134.3,136.35,36010
SPMLINFRA,2009-11-03 00:00:00+05:30,139.75,139.75,126.1,127.1,16233
SPMLINFRA,2009-11-04 00:00:00+05:30,132.0,147.0,127.55,133.6,154616
SPMLINFRA,2009-11-05 00:00:00+05:30,135.0,138.0,129.0,130.45,103072
SPMLINFRA,2009-11-06 00:00:00+05:30,135.0,140.0,133.0,135.8,59327
SPMLINFRA,2009-11-09 00:00:00+05:30,134.9,137.8,131.15,134.65,43286
SPMLINFRA,2009-11-10 00:00:00+05:30,138.5,143.95,135.0,137.0,112928
SPMLINFRA,2009-11-11 00:00:00+05:30,139.0,142.1,136.4,141.0,53374
SPMLINFRA,2009-11-12 00:00:00+05:30,141.0,144.9,137.7,142.7,78592
SPMLINFRA,2009-11-13 00:00:00+05:30,144.9,148.0,138.0,140.85,120824
SPMLINFRA,2009-11-16 00:00:00+05:30,143.9,148.0,143.0,145.7,56043
SPMLINFRA,2009-11-17 00:00:00+05:30,146.5,149.0,142.8,148.05,52877
SPMLINFRA,2009-11-18 00:00:00+05:30,149.5,155.0,149.0,152.15,121460
SPMLINFRA,2009-11-19 00:00:00+05:30,153.15,158.0,149.1,151.65,110153
SPMLINFRA,2009-11-20 00:00:00+05:30,149.05,153.5,149.0,151.2,34110
SPMLINFRA,2009-11-23 00:00:00+05:30,153.0,153.7,146.5,147.45,26652
SPMLINFRA,2009-11-24 00:00:00+05:30,148.0,151.0,146.1,146.85,18795
SPMLINFRA,2009-11-25 00:00:00+05:30,146.55,150.9,143.2,145.35,35253
SPMLINFRA,2009-11-26 00:00:00+05:30,147.55,147.55,140.0,142.2,19040
SPMLINFRA,2009-11-27 00:00:00+05:30,138.2,142.05,135.2,140.05,35044
SPMLINFRA,2009-11-30 00:00:00+05:30,140.05,144.0,140.05,142.05,40783
SPMLINFRA,2009-12-01 00:00:00+05:30,144.0,151.0,143.0,147.4,114376
SPMLINFRA,2009-12-02 00:00:00+05:30,148.7,150.7,145.1,145.85,32519
SPMLINFRA,2009-12-03 00:00:00+05:30,148.0,151.9,144.1,145.1,84058
SPMLINFRA,2009-12-04 00:00:00+05:30,143.0,148.0,142.0,146.75,24438
SPMLINFRA,2009-12-07 00:00:00+05:30,151.0,151.0,143.25,144.2,22630
SPMLINFRA,2009-12-08 00:00:00+05:30,143.65,146.85,143.6,144.8,17090
SPMLINFRA,2009-12-09 00:00:00+05:30,142.0,145.9,142.0,142.55,16553
SPMLINFRA,2009-12-10 00:00:00+05:30,143.8,144.5,141.0,142.45,19973
SPMLINFRA,2009-12-11 00:00:00+05:30,144.5,146.4,141.35,142.8,25463
SPMLINFRA,2009-12-14 00:00:00+05:30,144.5,144.5,140.25,140.95,12777
SPMLINFRA,2009-12-15 00:00:00+05:30,140.65,142.8,137.3,138.4,16099
SPMLINFRA,2009-12-16 00:00:00+05:30,139.9,140.0,137.0,137.8,10357
SPMLINFRA,2009-12-17 00:00:00+05:30,139.0,143.0,137.6,139.65,20040
SPMLINFRA,2009-12-18 00:00:00+05:30,140.85,141.7,136.95,137.75,11901
SPMLINFRA,2009-12-21 00:00:00+05:30,141.0,141.0,136.55,137.8,10638
SPMLINFRA,2009-12-22 00:00:00+05:30,139.8,141.9,138.55,140.2,60135
SPMLINFRA,2009-12-23 00:00:00+05:30,141.0,142.0,140.05,141.2,14954
SPMLINFRA,2009-12-24 00:00:00+05:30,143.1,143.9,140.1,141.15,17405
SPMLINFRA,2009-12-29 00:00:00+05:30,143.2,143.2,140.5,141.05,69080
SPMLINFRA,2009-12-30 00:00:00+05:30,142.0,144.5,140.0,141.9,72059
SPMLINFRA,2009-12-31 00:00:00+05:30,143.0,143.4,140.55,142.4,19260
SPMLINFRA,2010-01-04 00:00:00+05:30,142.9,148.0,141.45,147.0,78479
SPMLINFRA,2010-01-05 00:00:00+05:30,146.05,151.5,146.05,147.5,72161
SPMLINFRA,2010-01-06 00:00:00+05:30,149.8,151.4,146.0,146.65,75716
SPMLINFRA,2010-01-07 00:00:00+05:30,146.2,156.4,146.0,152.95,404347
SPMLINFRA,2010-01-08 00:00:00+05:30,154.8,155.35,148.9,149.15,115935
SPMLINFRA,2010-01-11 00:00:00+05:30,151.8,154.9,145.0,147.3,109191
SPMLINFRA,2010-01-12 00:00:00+05:30,146.2,151.0,146.2,147.6,61070
SPMLINFRA,2010-01-13 00:00:00+05:30,148.4,149.7,144.25,146.95,42091
SPMLINFRA,2010-01-14 00:00:00+05:30,148.5,151.0,147.4,148.55,49713
SPMLINFRA,2010-01-15 00:00:00+05:30,149.9,150.8,146.2,146.95,97480
SPMLINFRA,2010-01-18 00:00:00+05:30,146.75,151.0,146.2,148.45,328150
SPMLINFRA,2010-01-19 00:00:00+05:30,150.0,168.0,149.8,159.55,914355
SPMLINFRA,2010-01-20 00:00:00+05:30,164.4,166.0,155.55,157.4,290210
SPMLINFRA,2010-01-21 00:00:00+05:30,155.5,160.9,150.05,152.05,146153
SPMLINFRA,2010-01-22 00:00:00+05:30,145.1,159.0,142.4,148.9,65700
SPMLINFRA,2010-01-25 00:00:00+05:30,143.3,150.0,143.3,145.3,30960
SPMLINFRA,2010-01-27 00:00:00+05:30,142.5,145.4,138.0,140.95,42490
SPMLINFRA,2010-01-28 00:00:00+05:30,141.6,142.9,139.4,141.05,35386
SPMLINFRA,2010-01-29 00:00:00+05:30,139.0,142.95,133.2,140.15,53826
SPMLINFRA,2010-02-01 00:00:00+05:30,143.95,149.95,140.5,144.6,25004
SPMLINFRA,2010-02-02 00:00:00+05:30,146.8,148.0,143.05,144.6,27259
SPMLINFRA,2010-02-03 00:00:00+05:30,146.0,150.95,144.8,146.85,58864
SPMLINFRA,2010-02-04 00:00:00+05:30,147.0,151.95,144.6,146.2,41311
SPMLINFRA,2010-02-05 00:00:00+05:30,139.1,142.0,138.6,140.1,47306
SPMLINFRA,2010-02-06 00:00:00+05:30,142.0,143.9,139.3,140.7,4785
SPMLINFRA,2010-02-08 00:00:00+05:30,144.3,144.3,138.6,139.65,16004
SPMLINFRA,2010-02-09 00:00:00+05:30,140.2,143.5,138.45,140.05,17024
SPMLINFRA,2010-02-10 00:00:00+05:30,144.9,148.4,139.5,141.4,157159
SPMLINFRA,2010-02-11 00:00:00+05:30,142.1,143.8,139.35,140.45,24064
SPMLINFRA,2010-02-15 00:00:00+05:30,140.0,140.55,135.45,136.45,28733
SPMLINFRA,2010-02-16 00:00:00+05:30,138.0,139.2,137.05,138.1,14079
SPMLINFRA,2010-02-17 00:00:00+05:30,138.5,142.8,138.4,139.3,11456
SPMLINFRA,2010-02-18 00:00:00+05:30,140.0,142.75,138.1,141.0,43305
SPMLINFRA,2010-02-19 00:00:00+05:30,137.2,140.9,137.0,138.75,19708
SPMLINFRA,2010-02-22 00:00:00+05:30,139.25,140.75,131.0,133.5,24702
SPMLINFRA,2010-02-23 00:00:00+05:30,133.15,134.7,128.1,130.15,15139
SPMLINFRA,2010-02-24 00:00:00+05:30,129.4,141.5,128.9,136.05,132011
SPMLINFRA,2010-02-25 00:00:00+05:30,136.1,139.4,134.0,134.65,14539
SPMLINFRA,2010-02-26 00:00:00+05:30,139.5,145.0,137.3,138.35,283438
SPMLINFRA,2010-03-02 00:00:00+05:30,138.0,144.0,138.0,140.25,57180
SPMLINFRA,2010-03-03 00:00:00+05:30,141.0,143.4,140.0,142.7,21875
SPMLINFRA,2010-03-04 00:00:00+05:30,143.6,143.7,138.5,142.0,17535
SPMLINFRA,2010-03-05 00:00:00+05:30,142.1,145.25,142.0,143.5,49446
SPMLINFRA,2010-03-08 00:00:00+05:30,144.95,145.0,142.9,144.2,9226
SPMLINFRA,2010-03-09 00:00:00+05:30,144.6,144.75,143.05,144.0,12964
SPMLINFRA,2010-03-10 00:00:00+05:30,145.85,145.85,140.3,141.15,8303
SPMLINFRA,2010-03-11 00:00:00+05:30,136.05,143.45,136.05,140.55,6594
SPMLINFRA,2010-03-12 00:00:00+05:30,140.75,141.95,137.75,138.7,16191
SPMLINFRA,2010-03-15 00:00:00+05:30,142.0,144.95,138.1,143.05,35345
SPMLINFRA,2010-03-16 00:00:00+05:30,144.0,144.25,139.1,140.6,23683
SPMLINFRA,2010-03-17 00:00:00+05:30,143.0,145.7,138.5,139.8,202810
SPMLINFRA,2010-03-18 00:00:00+05:30,142.9,142.9,137.5,138.2,36209
SPMLINFRA,2010-03-19 00:00:00+05:30,140.8,141.65,138.1,138.6,17072
SPMLINFRA,2010-03-22 00:00:00+05:30,138.6,143.95,137.15,139.65,51852
SPMLINFRA,2010-03-23 00:00:00+05:30,142.95,144.4,140.0,141.1,69414
SPMLINFRA,2010-03-25 00:00:00+05:30,142.6,144.0,139.05,139.5,88350
SPMLINFRA,2010-03-26 00:00:00+05:30,142.0,142.0,138.25,139.35,12535
SPMLINFRA,2010-03-29 00:00:00+05:30,138.1,140.95,137.0,138.3,28236
SPMLINFRA,2010-03-30 00:00:00+05:30,140.0,142.0,137.8,138.4,31526
SPMLINFRA,2010-03-31 00:00:00+05:30,139.4,145.0,139.25,141.65,153020
SPMLINFRA,2010-04-01 00:00:00+05:30,145.9,155.0,144.7,152.75,1009004
SPMLINFRA,2010-04-05 00:00:00+05:30,150.0,162.8,150.0,157.45,466082
SPMLINFRA,2010-04-06 00:00:00+05:30,159.75,164.0,155.0,159.95,368743
SPMLINFRA,2010-04-07 00:00:00+05:30,162.0,163.3,153.3,155.95,133223
SPMLINFRA,2010-04-08 00:00:00+05:30,157.0,157.9,149.0,150.65,65823
SPMLINFRA,2010-04-09 00:00:00+05:30,148.05,153.95,148.05,152.85,100822
SPMLINFRA,2010-04-12 00:00:00+05:30,151.35,156.8,150.5,151.85,73163
SPMLINFRA,2010-04-13 00:00:00+05:30,152.05,154.9,151.0,154.05,117948
SPMLINFRA,2010-04-15 00:00:00+05:30,153.2,156.9,153.15,155.55,71514
SPMLINFRA,2010-04-16 00:00:00+05:30,153.15,154.0,151.1,151.9,46186
SPMLINFRA,2010-04-19 00:00:00+05:30,149.4,150.85,145.1,145.9,39175
SPMLINFRA,2010-04-20 00:00:00+05:30,146.7,151.0,146.5,150.1,29741
SPMLINFRA,2010-04-21 00:00:00+05:30,151.0,156.0,151.0,153.6,47687
SPMLINFRA,2010-04-22 00:00:00+05:30,154.9,158.7,152.9,156.1,62049
SPMLINFRA,2010-04-23 00:00:00+05:30,153.8,157.7,153.8,155.15,35643
SPMLINFRA,2010-04-26 00:00:00+05:30,157.0,157.0,153.7,154.85,22487
SPMLINFRA,2010-04-27 00:00:00+05:30,156.4,166.9,155.0,162.25,337646
SPMLINFRA,2010-04-28 00:00:00+05:30,160.0,166.1,157.0,157.85,144632
SPMLINFRA,2010-04-29 00:00:00+05:30,162.75,165.0,158.15,162.65,76038
SPMLINFRA,2010-04-30 00:00:00+05:30,163.5,165.65,156.05,157.2,37455
SPMLINFRA,2010-05-03 00:00:00+05:30,159.05,165.9,156.0,163.1,129550
SPMLINFRA,2010-05-04 00:00:00+05:30,161.1,172.5,161.1,166.05,606110
SPMLINFRA,2010-05-05 00:00:00+05:30,164.05,168.5,159.1,166.35,151736
SPMLINFRA,2010-05-06 00:00:00+05:30,168.0,168.8,163.15,165.65,57816
SPMLINFRA,2010-05-07 00:00:00+05:30,165.0,165.4,159.9,163.45,85721
SPMLINFRA,2010-05-10 00:00:00+05:30,168.0,171.8,165.3,171.0,79775
SPMLINFRA,2010-05-11 00:00:00+05:30,172.95,174.0,166.15,168.45,43557
SPMLINFRA,2010-05-12 00:00:00+05:30,170.0,173.1,166.0,167.8,69748
SPMLINFRA,2010-05-13 00:00:00+05:30,172.45,172.45,169.0,171.2,28725
SPMLINFRA,2010-05-14 00:00:00+05:30,166.0,174.0,166.0,170.2,18288
SPMLINFRA,2010-05-17 00:00:00+05:30,169.75,169.75,164.5,167.05,23742
SPMLINFRA,2010-05-18 00:00:00+05:30,168.0,168.0,165.05,167.45,8026
SPMLINFRA,2010-05-19 00:00:00+05:30,167.0,169.9,163.05,165.35,12900
SPMLINFRA,2010-05-20 00:00:00+05:30,164.05,166.7,161.0,163.5,9218
SPMLINFRA,2010-05-21 00:00:00+05:30,158.0,164.7,158.0,162.85,8271
SPMLINFRA,2010-05-24 00:00:00+05:30,166.95,166.95,163.05,164.3,5908
SPMLINFRA,2010-05-25 00:00:00+05:30,164.0,165.9,159.0,162.8,14678
SPMLINFRA,2010-05-26 00:00:00+05:30,163.0,165.7,160.2,163.05,5238
SPMLINFRA,2010-05-27 00:00:00+05:30,158.05,165.0,157.1,162.1,2835
SPMLINFRA,2010-05-28 00:00:00+05:30,164.0,166.3,163.5,163.75,8729
SPMLINFRA,2010-05-31 00:00:00+05:30,160.15,167.9,160.15,164.1,15982
SPMLINFRA,2010-06-01 00:00:00+05:30,162.15,166.5,162.0,164.5,26122
SPMLINFRA,2010-06-02 00:00:00+05:30,163.75,165.9,157.1,157.35,20671
SPMLINFRA,2010-06-03 00:00:00+05:30,152.65,164.0,152.65,157.05,3742
SPMLINFRA,2010-06-04 00:00:00+05:30,155.15,160.9,155.15,157.1,1081
SPMLINFRA,2010-06-07 00:00:00+05:30,156.55,162.9,148.2,153.75,33091
SPMLINFRA,2010-06-08 00:00:00+05:30,152.1,157.9,152.0,153.95,10045
SPMLINFRA,2010-06-09 00:00:00+05:30,156.95,158.0,154.3,156.3,12368
SPMLINFRA,2010-06-10 00:00:00+05:30,154.0,158.7,153.2,155.45,11573
SPMLINFRA,2010-06-11 00:00:00+05:30,157.7,158.5,155.0,157.35,13252
SPMLINFRA,2010-06-14 00:00:00+05:30,155.6,160.3,155.0,157.0,11269
SPMLINFRA,2010-06-15 00:00:00+05:30,158.7,160.9,156.95,160.45,28676
SPMLINFRA,2010-06-16 00:00:00+05:30,160.2,164.9,160.1,163.25,13726
SPMLINFRA,2010-06-17 00:00:00+05:30,158.3,167.85,158.3,165.6,58062
SPMLINFRA,2010-06-18 00:00:00+05:30,164.2,168.0,164.2,166.85,58335
SPMLINFRA,2010-06-21 00:00:00+05:30,163.2,175.0,163.2,173.2,76456
SPMLINFRA,2010-06-22 00:00:00+05:30,173.0,182.0,172.05,175.85,155861
SPMLINFRA,2010-06-23 00:00:00+05:30,174.5,182.0,174.5,180.45,69654
SPMLINFRA,2010-06-24 00:00:00+05:30,181.05,188.0,180.2,184.0,65582
SPMLINFRA,2010-06-25 00:00:00+05:30,182.05,186.75,179.05,183.75,42052
SPMLINFRA,2010-06-28 00:00:00+05:30,182.0,197.0,182.0,194.25,64639
SPMLINFRA,2010-06-29 00:00:00+05:30,192.0,196.95,190.0,190.8,39395
SPMLINFRA,2010-06-30 00:00:00+05:30,190.0,199.0,190.0,196.15,34875
SPMLINFRA,2010-07-01 00:00:00+05:30,205.0,205.0,192.0,193.3,71216
SPMLINFRA,2010-07-02 00:00:00+05:30,195.0,201.0,193.0,194.15,22298
SPMLINFRA,2010-07-05 00:00:00+05:30,190.0,196.8,190.0,191.5,2461
SPMLINFRA,2010-07-06 00:00:00+05:30,192.6,196.8,191.0,192.85,17245
SPMLINFRA,2010-07-07 00:00:00+05:30,190.0,194.7,187.0,189.55,31104
SPMLINFRA,2010-07-08 00:00:00+05:30,195.0,198.0,193.0,194.0,13811
SPMLINFRA,2010-07-09 00:00:00+05:30,196.0,201.0,195.5,197.25,53794
SPMLINFRA,2010-07-12 00:00:00+05:30,204.9,204.9,194.0,196.75,11987
SPMLINFRA,2010-07-13 00:00:00+05:30,198.0,198.7,195.0,197.1,7020
SPMLINFRA,2010-07-14 00:00:00+05:30,199.0,201.0,194.1,199.5,42320
SPMLINFRA,2010-07-15 00:00:00+05:30,204.5,204.5,197.75,201.0,62592
SPMLINFRA,2010-07-16 00:00:00+05:30,205.9,208.9,202.6,203.9,32619
SPMLINFRA,2010-07-19 00:00:00+05:30,204.0,206.95,202.05,204.2,11771
SPMLINFRA,2010-07-20 00:00:00+05:30,206.25,206.9,199.1,201.6,10650
SPMLINFRA,2010-07-21 00:00:00+05:30,204.5,204.95,196.0,203.1,19288
SPMLINFRA,2010-07-22 00:00:00+05:30,205.0,205.0,197.1,198.6,18983
SPMLINFRA,2010-07-23 00:00:00+05:30,204.0,204.0,195.2,199.15,10192
SPMLINFRA,2010-07-26 00:00:00+05:30,198.5,202.95,198.5,200.9,3890
SPMLINFRA,2010-07-27 00:00:00+05:30,203.0,205.0,195.6,200.5,4478
SPMLINFRA,2010-07-28 00:00:00+05:30,202.9,202.9,196.0,199.7,3330
SPMLINFRA,2010-07-29 00:00:00+05:30,194.0,204.75,192.95,198.5,5011
SPMLINFRA,2010-07-30 00:00:00+05:30,200.0,202.0,196.0,200.95,8802
SPMLINFRA,2010-08-02 00:00:00+05:30,204.0,204.0,196.0,198.75,5647
SPMLINFRA,2010-08-03 00:00:00+05:30,202.0,202.0,197.9,199.3,2573
SPMLINFRA,2010-08-04 00:00:00+05:30,200.0,201.0,195.0,198.75,5016
SPMLINFRA,2010-08-05 00:00:00+05:30,201.0,201.0,197.35,198.25,9608
SPMLINFRA,2010-08-06 00:00:00+05:30,200.0,201.0,196.5,198.2,6184
SPMLINFRA,2010-08-09 00:00:00+05:30,199.9,200.0,196.0,197.4,9965
SPMLINFRA,2010-08-10 00:00:00+05:30,202.0,202.5,196.6,197.7,11261
SPMLINFRA,2010-08-11 00:00:00+05:30,198.0,200.0,194.0,197.6,13105
SPMLINFRA,2010-08-12 00:00:00+05:30,199.5,205.0,187.15,200.5,22423
SPMLINFRA,2010-08-13 00:00:00+05:30,207.0,207.0,200.0,204.5,7686
SPMLINFRA,2010-08-16 00:00:00+05:30,204.0,209.9,202.0,206.65,27148
SPMLINFRA,2010-08-17 00:00:00+05:30,209.0,209.0,204.8,206.7,3609
SPMLINFRA,2010-08-18 00:00:00+05:30,210.0,210.0,203.1,206.4,3152
SPMLINFRA,2010-08-19 00:00:00+05:30,207.0,212.5,205.2,207.6,13955
SPMLINFRA,2010-08-20 00:00:00+05:30,209.6,242.8,209.0,234.5,1142835
SPMLINFRA,2010-08-23 00:00:00+05:30,237.0,253.9,236.0,247.05,447794
SPMLINFRA,2010-08-24 00:00:00+05:30,251.0,290.25,242.0,251.85,197834
SPMLINFRA,2010-08-25 00:00:00+05:30,253.1,257.2,243.25,249.35,100600
SPMLINFRA,2010-08-26 00:00:00+05:30,249.0,251.0,243.0,244.6,26568
SPMLINFRA,2010-08-27 00:00:00+05:30,246.0,255.0,235.0,241.75,65014
SPMLINFRA,2010-08-30 00:00:00+05:30,245.4,251.9,240.0,246.75,46271
SPMLINFRA,2010-08-31 00:00:00+05:30,250.0,250.0,237.05,241.8,13160
SPMLINFRA,2010-09-01 00:00:00+05:30,258.0,258.0,221.05,248.0,19231
SPMLINFRA,2010-09-02 00:00:00+05:30,256.0,256.0,245.1,246.75,14767
SPMLINFRA,2010-09-03 00:00:00+05:30,252.0,252.0,242.05,244.0,13030
SPMLINFRA,2010-09-06 00:00:00+05:30,252.0,256.8,246.25,252.5,66991
SPMLINFRA,2010-09-07 00:00:00+05:30,259.0,267.4,253.0,259.85,164412
SPMLINFRA,2010-09-08 00:00:00+05:30,266.0,271.0,255.0,256.7,106369
SPMLINFRA,2010-09-09 00:00:00+05:30,258.0,264.5,258.0,259.3,27462
SPMLINFRA,2010-09-13 00:00:00+05:30,266.0,267.0,258.0,261.3,33069
SPMLINFRA,2010-09-14 00:00:00+05:30,264.9,264.9,252.0,253.85,48520
SPMLINFRA,2010-09-15 00:00:00+05:30,260.0,260.0,241.55,249.45,23146
SPMLINFRA,2010-09-16 00:00:00+05:30,256.0,256.0,248.5,249.85,10645
SPMLINFRA,2010-09-17 00:00:00+05:30,255.0,256.0,248.0,248.45,11243
SPMLINFRA,2010-09-20 00:00:00+05:30,255.0,255.0,245.0,246.45,10196
SPMLINFRA,2010-09-21 00:00:00+05:30,250.0,253.4,247.55,249.4,22399
SPMLINFRA,2010-09-22 00:00:00+05:30,251.0,266.0,244.8,264.5,154183
SPMLINFRA,2010-09-23 00:00:00+05:30,265.0,269.7,258.0,262.95,65092
SPMLINFRA,2010-09-24 00:00:00+05:30,268.0,281.0,262.5,275.55,152777
SPMLINFRA,2010-09-27 00:00:00+05:30,274.45,300.0,274.45,293.65,358883
SPMLINFRA,2010-09-28 00:00:00+05:30,298.0,301.0,285.0,286.8,91730
SPMLINFRA,2010-09-29 00:00:00+05:30,291.0,292.9,281.15,283.4,28388
SPMLINFRA,2010-09-30 00:00:00+05:30,280.0,286.0,278.0,282.2,83413
SPMLINFRA,2010-10-01 00:00:00+05:30,288.8,293.9,282.05,288.7,48281
SPMLINFRA,2010-10-04 00:00:00+05:30,290.0,303.6,289.0,297.9,118209
SPMLINFRA,2010-10-05 00:00:00+05:30,299.8,308.5,295.2,298.4,40869
SPMLINFRA,2010-10-06 00:00:00+05:30,300.0,302.7,290.5,293.6,26904
SPMLINFRA,2010-10-07 00:00:00+05:30,291.4,297.5,283.5,285.3,45272
SPMLINFRA,2010-10-08 00:00:00+05:30,292.0,306.7,285.85,293.65,107220
SPMLINFRA,2010-10-11 00:00:00+05:30,294.2,300.0,292.1,294.5,5614
SPMLINFRA,2010-10-12 00:00:00+05:30,290.15,298.0,289.0,291.4,7365
SPMLINFRA,2010-10-13 00:00:00+05:30,293.0,294.65,287.0,288.1,14181
SPMLINFRA,2010-10-14 00:00:00+05:30,289.0,294.8,278.0,282.2,26120
SPMLINFRA,2010-10-15 00:00:00+05:30,290.0,291.0,280.5,284.65,11002
SPMLINFRA,2010-10-18 00:00:00+05:30,290.0,294.8,284.8,290.3,20157
SPMLINFRA,2010-10-19 00:00:00+05:30,293.1,305.5,293.05,300.15,52181
SPMLINFRA,2010-10-20 00:00:00+05:30,302.0,305.0,295.35,299.35,9171
SPMLINFRA,2010-10-21 00:00:00+05:30,303.5,303.9,293.1,298.0,9735
SPMLINFRA,2010-10-22 00:00:00+05:30,296.0,302.95,291.5,291.65,7291
SPMLINFRA,2010-10-25 00:00:00+05:30,293.0,304.0,293.0,296.15,13891
SPMLINFRA,2010-10-26 00:00:00+05:30,298.0,300.05,292.0,294.25,17442
SPMLINFRA,2010-10-27 00:00:00+05:30,298.0,298.5,288.0,288.55,7919
SPMLINFRA,2010-10-28 00:00:00+05:30,292.95,292.95,287.05,290.05,4730
SPMLINFRA,2010-10-29 00:00:00+05:30,294.9,294.9,287.0,287.1,2659
SPMLINFRA,2010-11-01 00:00:00+05:30,291.0,291.0,280.3,282.35,3401
SPMLINFRA,2010-11-02 00:00:00+05:30,291.95,291.95,283.25,284.4,4810
SPMLINFRA,2010-11-03 00:00:00+05:30,294.0,294.0,284.0,285.2,5045
SPMLINFRA,2010-11-04 00:00:00+05:30,293.0,293.0,276.5,286.1,4510
SPMLINFRA,2010-11-05 00:00:00+05:30,287.7,291.7,285.0,289.45,12748
SPMLINFRA,2010-11-08 00:00:00+05:30,292.3,292.3,285.1,289.45,5622
SPMLINFRA,2010-11-09 00:00:00+05:30,293.0,293.0,273.5,288.15,5842
SPMLINFRA,2010-11-10 00:00:00+05:30,292.0,296.8,284.0,285.55,24626
SPMLINFRA,2010-11-11 00:00:00+05:30,290.0,294.5,287.0,290.35,15795
SPMLINFRA,2010-11-12 00:00:00+05:30,295.0,295.0,278.0,282.05,4978
SPMLINFRA,2010-11-15 00:00:00+05:30,269.0,288.0,269.0,282.8,8405
SPMLINFRA,2010-11-16 00:00:00+05:30,288.65,288.65,267.5,275.25,7716
SPMLINFRA,2010-11-18 00:00:00+05:30,277.0,277.0,255.0,263.9,7407
SPMLINFRA,2010-11-19 00:00:00+05:30,272.0,272.0,251.0,253.8,1297
SPMLINFRA,2010-11-22 00:00:00+05:30,249.0,275.0,246.7,265.25,6256
SPMLINFRA,2010-11-23 00:00:00+05:30,266.0,270.0,255.5,259.6,3638
SPMLINFRA,2010-11-24 00:00:00+05:30,259.6,272.0,250.0,265.0,6689
SPMLINFRA,2010-11-25 00:00:00+05:30,272.0,272.0,250.05,250.95,3698
SPMLINFRA,2010-11-26 00:00:00+05:30,250.95,250.95,228.0,244.1,18796
SPMLINFRA,2010-11-29 00:00:00+05:30,258.7,258.7,226.15,240.2,6193
SPMLINFRA,2010-11-30 00:00:00+05:30,251.0,251.0,233.0,243.85,6231
SPMLINFRA,2010-12-01 00:00:00+05:30,259.0,274.0,244.0,256.15,8973
SPMLINFRA,2010-12-02 00:00:00+05:30,268.6,268.6,256.0,258.75,4137
SPMLINFRA,2010-12-03 00:00:00+05:30,269.0,269.0,243.0,245.15,2638
SPMLINFRA,2010-12-06 00:00:00+05:30,257.9,257.9,235.0,238.05,5294
SPMLINFRA,2010-12-07 00:00:00+05:30,240.0,245.0,225.7,230.2,6039
SPMLINFRA,2010-12-08 00:00:00+05:30,240.0,240.0,219.5,225.65,3900
SPMLINFRA,2010-12-09 00:00:00+05:30,217.05,237.0,190.0,206.5,20206
SPMLINFRA,2010-12-10 00:00:00+05:30,218.0,218.0,201.0,208.0,10598
SPMLINFRA,2010-12-13 00:00:00+05:30,220.0,220.0,210.0,212.95,8964
SPMLINFRA,2010-12-14 00:00:00+05:30,218.0,222.0,214.0,219.4,1875
SPMLINFRA,2010-12-15 00:00:00+05:30,228.0,230.0,210.0,215.4,7974
SPMLINFRA,2010-12-16 00:00:00+05:30,217.0,218.55,210.0,216.05,5339
SPMLINFRA,2010-12-20 00:00:00+05:30,213.0,218.9,211.0,215.7,1773
SPMLINFRA,2010-12-21 00:00:00+05:30,225.0,233.0,177.0,226.7,12939
SPMLINFRA,2010-12-22 00:00:00+05:30,227.1,236.0,221.05,229.25,2144
SPMLINFRA,2010-12-23 00:00:00+05:30,224.15,230.5,223.1,223.6,1477
SPMLINFRA,2010-12-24 00:00:00+05:30,225.0,231.9,223.0,226.15,2889
SPMLINFRA,2010-12-27 00:00:00+05:30,222.0,231.0,221.0,225.6,23998
SPMLINFRA,2010-12-28 00:00:00+05:30,223.0,229.9,218.0,218.7,1687
SPMLINFRA,2010-12-29 00:00:00+05:30,225.0,225.0,217.05,217.85,713
SPMLINFRA,2010-12-30 00:00:00+05:30,218.3,222.0,214.0,214.7,1798
SPMLINFRA,2010-12-31 00:00:00+05:30,220.0,220.0,216.0,217.4,2907
SPMLINFRA,2015-01-01 00:00:00+05:30,89.45,89.8,86.0,88.6,4972
SPMLINFRA,2015-01-02 00:00:00+05:30,90.15,92.9,85.0,87.85,14685
SPMLINFRA,2015-01-05 00:00:00+05:30,87.75,91.0,87.0,87.5,3941
SPMLINFRA,2015-01-06 00:00:00+05:30,87.0,89.05,84.2,85.2,6792
SPMLINFRA,2015-01-07 00:00:00+05:30,86.1,88.9,82.2,84.7,6399
SPMLINFRA,2015-01-08 00:00:00+05:30,85.15,99.4,83.35,89.55,376239
SPMLINFRA,2015-01-09 00:00:00+05:30,91.0,101.9,86.5,88.55,46802
SPMLINFRA,2015-01-12 00:00:00+05:30,89.6,90.9,86.55,88.1,16992
SPMLINFRA,2015-01-13 00:00:00+05:30,88.5,88.5,86.25,86.55,3444
SPMLINFRA,2015-01-14 00:00:00+05:30,93.05,96.8,86.6,87.15,201246
SPMLINFRA,2015-01-15 00:00:00+05:30,88.0,88.9,84.0,85.55,26748
SPMLINFRA,2015-01-16 00:00:00+05:30,85.0,86.5,83.0,84.05,11052
SPMLINFRA,2015-01-19 00:00:00+05:30,85.0,85.95,83.4,84.1,6965
SPMLINFRA,2015-01-20 00:00:00+05:30,84.6,85.4,82.0,82.35,14234
SPMLINFRA,2015-01-21 00:00:00+05:30,82.5,83.0,80.5,80.8,12547
SPMLINFRA,2015-01-22 00:00:00+05:30,79.34,84.0,79.2,81.4,12785
SPMLINFRA,2015-01-23 00:00:00+05:30,82.9,83.8,78.0,79.55,8859
SPMLINFRA,2015-01-27 00:00:00+05:30,79.0,79.8,74.2,74.84,12477
SPMLINFRA,2015-01-28 00:00:00+05:30,75.0,77.65,74.84,76.2,5083
SPMLINFRA,2015-01-29 00:00:00+05:30,74.5,86.1,74.5,84.75,17084
SPMLINFRA,2015-01-30 00:00:00+05:30,83.0,84.0,80.2,81.09,6837
SPMLINFRA,2015-02-02 00:00:00+05:30,80.55,83.05,78.09,79.09,3953
SPMLINFRA,2015-02-03 00:00:00+05:30,83.7,83.7,77.2,78.45,3435
SPMLINFRA,2015-02-04 00:00:00+05:30,80.0,80.0,75.8,76.45,9032
SPMLINFRA,2015-02-05 00:00:00+05:30,77.0,80.5,76.0,76.75,6856
SPMLINFRA,2015-02-06 00:00:00+05:30,80.15,80.15,76.09,77.15,39961
SPMLINFRA,2015-02-09 00:00:00+05:30,75.5,77.45,73.59,74.4,1771
SPMLINFRA,2015-02-10 00:00:00+05:30,75.9,77.5,73.2,74.15,3562
SPMLINFRA,2015-02-11 00:00:00+05:30,76.0,76.9,74.05,75.45,2203
SPMLINFRA,2015-02-12 00:00:00+05:30,77.95,80.9,75.09,78.5,10418
SPMLINFRA,2015-02-13 00:00:00+05:30,86.0,93.8,82.2,84.6,261520
SPMLINFRA,2015-02-16 00:00:00+05:30,85.0,87.5,80.09,82.65,19207
SPMLINFRA,2015-02-18 00:00:00+05:30,82.0,86.0,80.25,83.0,16726
SPMLINFRA,2015-02-19 00:00:00+05:30,83.0,84.5,81.25,83.15,8291
SPMLINFRA,2015-02-20 00:00:00+05:30,83.5,83.5,80.0,80.5,14258
SPMLINFRA,2015-02-23 00:00:00+05:30,81.34,84.0,77.0,81.65,23707
SPMLINFRA,2015-02-24 00:00:00+05:30,80.95,81.5,79.0,80.3,4773
SPMLINFRA,2015-02-25 00:00:00+05:30,80.65,80.9,78.65,79.25,5882
SPMLINFRA,2015-02-26 00:00:00+05:30,79.5,82.95,78.2,81.05,14590
SPMLINFRA,2015-02-27 00:00:00+05:30,81.05,87.8,81.0,86.45,21469
SPMLINFRA,2015-03-02 00:00:00+05:30,80.0,83.0,78.0,81.05,16062
SPMLINFRA,2015-03-03 00:00:00+05:30,81.9,84.0,80.84,81.75,5876
SPMLINFRA,2015-03-04 00:00:00+05:30,80.2,88.0,80.0,84.45,27013
SPMLINFRA,2015-03-05 00:00:00+05:30,83.4,85.95,81.55,82.05,7383
SPMLINFRA,2015-03-09 00:00:00+05:30,84.95,84.95,80.0,80.34,3797
SPMLINFRA,2015-03-10 00:00:00+05:30,80.55,84.0,77.25,77.9,8047
SPMLINFRA,2015-03-11 00:00:00+05:30,79.3,79.55,77.5,78.5,5978
SPMLINFRA,2015-03-12 00:00:00+05:30,78.4,79.95,76.0,77.25,6923
SPMLINFRA,2015-03-13 00:00:00+05:30,78.0,79.95,77.09,77.65,1225
SPMLINFRA,2015-03-16 00:00:00+05:30,77.15,78.0,76.09,76.2,1642
SPMLINFRA,2015-03-17 00:00:00+05:30,77.0,77.0,75.25,75.84,3756
SPMLINFRA,2015-03-18 00:00:00+05:30,75.5,75.8,71.5,72.45,6310
SPMLINFRA,2015-03-19 00:00:00+05:30,73.59,74.84,72.75,73.7,6136
SPMLINFRA,2015-03-20 00:00:00+05:30,73.0,73.95,70.15,70.4,5914
SPMLINFRA,2015-03-23 00:00:00+05:30,69.05,73.95,66.7,67.25,16661
SPMLINFRA,2015-03-24 00:00:00+05:30,66.65,68.3,65.5,66.3,4381
SPMLINFRA,2015-03-25 00:00:00+05:30,67.5,68.5,61.0,62.5,26467
SPMLINFRA,2015-03-26 00:00:00+05:30,61.0,63.4,60.25,62.35,8660
SPMLINFRA,2015-03-27 00:00:00+05:30,62.0,67.7,60.5,64.05,26395
SPMLINFRA,2015-03-30 00:00:00+05:30,64.45,73.25,64.2,72.9,26851
SPMLINFRA,2015-03-31 00:00:00+05:30,72.0,76.0,72.0,73.84,5130
SPMLINFRA,2015-04-01 00:00:00+05:30,72.34,76.45,71.95,73.25,3893
SPMLINFRA,2015-04-06 00:00:00+05:30,74.09,81.0,73.0,79.45,15022
SPMLINFRA,2015-04-07 00:00:00+05:30,80.0,80.0,74.75,75.9,5849
SPMLINFRA,2015-04-08 00:00:00+05:30,78.7,82.05,74.5,80.34,11912
SPMLINFRA,2015-04-09 00:00:00+05:30,82.0,83.0,78.0,78.84,3146
SPMLINFRA,2015-04-10 00:00:00+05:30,78.09,78.8,76.55,77.55,1811
SPMLINFRA,2015-04-13 00:00:00+05:30,79.0,80.95,76.4,79.34,901
SPMLINFRA,2015-04-15 00:00:00+05:30,78.0,78.55,74.0,75.3,6798
SPMLINFRA,2015-04-16 00:00:00+05:30,76.0,76.95,75.59,75.9,2912
SPMLINFRA,2015-04-17 00:00:00+05:30,76.25,77.84,71.0,72.75,4757
SPMLINFRA,2015-04-20 00:00:00+05:30,72.5,77.95,68.4,70.55,4775
SPMLINFRA,2015-04-21 00:00:00+05:30,73.34,80.15,71.25,77.09,12491
SPMLINFRA,2015-04-22 00:00:00+05:30,83.95,83.95,73.25,81.9,14484
SPMLINFRA,2015-04-23 00:00:00+05:30,80.5,80.5,76.2,78.95,6112
SPMLINFRA,2015-04-24 00:00:00+05:30,78.0,79.0,72.55,73.55,5088
SPMLINFRA,2015-04-27 00:00:00+05:30,76.95,76.95,72.05,74.0,4096
SPMLINFRA,2015-04-28 00:00:00+05:30,73.0,77.0,72.34,73.55,9823
SPMLINFRA,2015-04-29 00:00:00+05:30,72.25,76.0,72.25,73.2,828
SPMLINFRA,2015-04-30 00:00:00+05:30,72.0,74.0,69.0,71.0,6377
SPMLINFRA,2015-05-04 00:00:00+05:30,75.3,75.3,72.0,73.7,620
SPMLINFRA,2015-05-05 00:00:00+05:30,73.0,74.3,72.5,73.25,1296
SPMLINFRA,2015-05-06 00:00:00+05:30,72.55,72.55,67.0,67.7,2056
SPMLINFRA,2015-05-07 00:00:00+05:30,73.75,73.75,67.0,70.0,32115
SPMLINFRA,2015-05-08 00:00:00+05:30,71.0,74.7,67.09,69.3,42656
SPMLINFRA,2015-05-11 00:00:00+05:30,68.5,72.0,68.09,68.8,2575
SPMLINFRA,2015-05-12 00:00:00+05:30,71.7,71.7,68.0,68.0,1775
SPMLINFRA,2015-05-13 00:00:00+05:30,68.3,70.45,68.3,70.0,421
SPMLINFRA,2015-05-14 00:00:00+05:30,68.34,71.8,68.34,69.59,155
SPMLINFRA,2015-05-15 00:00:00+05:30,69.59,72.8,68.34,70.0,1385
SPMLINFRA,2015-05-18 00:00:00+05:30,69.34,76.0,69.25,74.25,3182
SPMLINFRA,2015-05-19 00:00:00+05:30,74.09,74.09,70.4,71.65,5253
SPMLINFRA,2015-05-20 00:00:00+05:30,74.4,74.4,70.09,70.3,3817
SPMLINFRA,2015-05-21 00:00:00+05:30,70.4,71.5,69.05,69.34,2368
SPMLINFRA,2015-05-22 00:00:00+05:30,69.0,71.0,68.3,70.3,1345
SPMLINFRA,2015-05-25 00:00:00+05:30,69.9,74.0,68.65,70.8,1775
SPMLINFRA,2015-05-26 00:00:00+05:30,72.9,72.9,69.3,70.3,1798
SPMLINFRA,2015-05-27 00:00:00+05:30,70.0,70.0,68.09,69.5,2131
SPMLINFRA,2015-05-28 00:00:00+05:30,69.25,71.25,69.25,69.65,1149
SPMLINFRA,2015-05-29 00:00:00+05:30,69.25,72.5,69.15,72.05,3377
SPMLINFRA,2015-06-01 00:00:00+05:30,69.3,69.4,66.59,67.45,3965
SPMLINFRA,2015-06-02 00:00:00+05:30,68.9,68.9,65.2,65.4,2631
SPMLINFRA,2015-06-03 00:00:00+05:30,64.0,68.5,59.0,62.15,14288
SPMLINFRA,2015-06-04 00:00:00+05:30,63.0,68.9,61.0,64.45,2558
SPMLINFRA,2015-06-05 00:00:00+05:30,64.95,64.95,62.3,63.1,1965
SPMLINFRA,2015-06-08 00:00:00+05:30,63.2,64.3,62.0,62.6,402
SPMLINFRA,2015-06-09 00:00:00+05:30,62.0,63.0,59.3,60.75,1847
SPMLINFRA,2015-06-10 00:00:00+05:30,62.8,63.6,60.5,60.55,2236
SPMLINFRA,2015-06-11 00:00:00+05:30,60.8,62.45,60.4,61.15,1184
SPMLINFRA,2015-06-12 00:00:00+05:30,62.45,62.45,61.0,62.3,640
SPMLINFRA,2015-06-15 00:00:00+05:30,62.8,62.8,56.85,58.6,2263
SPMLINFRA,2015-06-16 00:00:00+05:30,58.2,59.45,54.5,56.8,11339
SPMLINFRA,2015-06-17 00:00:00+05:30,58.8,62.5,57.1,61.35,3215
SPMLINFRA,2015-06-18 00:00:00+05:30,63.8,63.8,60.3,60.6,1035
SPMLINFRA,2015-06-19 00:00:00+05:30,61.0,61.0,59.15,60.05,2236
SPMLINFRA,2015-06-22 00:00:00+05:30,62.0,63.0,61.1,62.8,472
SPMLINFRA,2015-06-23 00:00:00+05:30,62.0,63.0,61.5,62.95,714
SPMLINFRA,2015-06-24 00:00:00+05:30,62.2,63.3,60.55,60.65,1573
SPMLINFRA,2015-06-25 00:00:00+05:30,60.0,65.0,59.25,62.3,3882
SPMLINFRA,2015-06-26 00:00:00+05:30,61.0,64.5,58.65,62.8,2722
SPMLINFRA,2015-06-29 00:00:00+05:30,61.0,63.9,58.1,59.3,5557
SPMLINFRA,2015-06-30 00:00:00+05:30,60.1,61.5,60.0,60.0,1409
SPMLINFRA,2015-07-01 00:00:00+05:30,60.2,62.8,60.2,60.45,2635
SPMLINFRA,2015-07-02 00:00:00+05:30,60.0,63.8,60.0,60.5,776
SPMLINFRA,2015-07-03 00:00:00+05:30,60.65,62.8,60.35,60.35,2527
SPMLINFRA,2015-07-06 00:00:00+05:30,58.0,61.9,58.0,60.3,4193
SPMLINFRA,2015-07-07 00:00:00+05:30,61.9,64.5,61.4,61.95,9578
SPMLINFRA,2015-07-08 00:00:00+05:30,60.65,63.65,60.55,62.3,3114
SPMLINFRA,2015-07-09 00:00:00+05:30,64.0,74.0,64.0,70.0,91861
SPMLINFRA,2015-07-10 00:00:00+05:30,69.0,73.5,64.0,67.59,196325
SPMLINFRA,2015-07-13 00:00:00+05:30,69.9,70.9,68.5,69.5,18442
SPMLINFRA,2015-07-14 00:00:00+05:30,70.84,70.9,67.75,68.65,6876
SPMLINFRA,2015-07-15 00:00:00+05:30,68.5,69.8,67.7,68.05,8443
SPMLINFRA,2015-07-16 00:00:00+05:30,68.05,69.5,68.05,68.7,5831
SPMLINFRA,2015-07-17 00:00:00+05:30,67.25,70.5,67.25,68.7,8961
SPMLINFRA,2015-07-20 00:00:00+05:30,68.0,69.84,68.0,68.95,2741
SPMLINFRA,2015-07-21 00:00:00+05:30,69.25,69.4,64.09,64.4,10299
SPMLINFRA,2015-07-22 00:00:00+05:30,67.0,67.0,63.0,64.25,7997
SPMLINFRA,2015-07-23 00:00:00+05:30,65.0,66.45,63.55,63.9,5288
SPMLINFRA,2015-07-24 00:00:00+05:30,64.15,64.95,63.0,63.75,2080
SPMLINFRA,2015-07-27 00:00:00+05:30,63.5,64.0,62.0,63.75,1366
SPMLINFRA,2015-07-28 00:00:00+05:30,63.5,64.4,62.0,62.6,1765
SPMLINFRA,2015-07-29 00:00:00+05:30,64.9,72.5,62.25,62.9,5082
SPMLINFRA,2015-07-30 00:00:00+05:30,65.9,65.9,63.0,63.55,2410
SPMLINFRA,2015-07-31 00:00:00+05:30,64.0,65.4,63.3,64.0,7890
SPMLINFRA,2015-08-03 00:00:00+05:30,64.0,67.5,64.0,65.2,5978
SPMLINFRA,2015-08-04 00:00:00+05:30,65.0,71.2,64.2,66.05,13543
SPMLINFRA,2015-08-05 00:00:00+05:30,66.5,73.8,66.0,71.75,24724
SPMLINFRA,2015-08-06 00:00:00+05:30,72.59,76.9,70.09,74.3,42802
SPMLINFRA,2015-08-07 00:00:00+05:30,74.0,78.0,74.0,77.0,25149
SPMLINFRA,2015-08-10 00:00:00+05:30,79.0,80.95,76.8,77.59,23137
SPMLINFRA,2015-08-11 00:00:00+05:30,77.09,79.0,73.3,77.55,6314
SPMLINFRA,2015-08-12 00:00:00+05:30,76.0,76.0,74.0,74.65,6247
SPMLINFRA,2015-08-13 00:00:00+05:30,74.4,77.2,70.0,72.95,7638
SPMLINFRA,2015-08-14 00:00:00+05:30,72.5,82.7,72.3,79.45,20052
SPMLINFRA,2015-08-17 00:00:00+05:30,82.9,82.9,74.5,75.84,27639
SPMLINFRA,2015-08-18 00:00:00+05:30,78.75,80.4,76.3,79.34,6536
SPMLINFRA,2015-08-19 00:00:00+05:30,80.0,80.0,75.2,77.05,7856
SPMLINFRA,2015-08-20 00:00:00+05:30,76.9,78.8,75.5,75.75,5673
SPMLINFRA,2015-08-21 00:00:00+05:30,75.0,75.8,71.15,74.15,9234
SPMLINFRA,2015-08-24 00:00:00+05:30,73.0,73.0,65.8,66.45,4825
SPMLINFRA,2015-08-25 00:00:00+05:30,70.8,70.8,63.5,67.75,5260
SPMLINFRA,2015-08-26 00:00:00+05:30,70.34,70.4,62.0,64.05,27855
SPMLINFRA,2015-08-27 00:00:00+05:30,66.65,71.45,64.0,70.59,11870
SPMLINFRA,2015-08-28 00:00:00+05:30,71.0,84.7,70.75,78.2,46359
SPMLINFRA,2015-08-31 00:00:00+05:30,77.65,80.9,76.9,77.5,7060
SPMLINFRA,2015-09-01 00:00:00+05:30,76.05,77.5,72.2,75.5,6165
SPMLINFRA,2015-09-02 00:00:00+05:30,75.5,84.8,75.05,78.84,12703
SPMLINFRA,2015-09-03 00:00:00+05:30,79.95,80.0,77.0,77.15,2999
SPMLINFRA,2015-09-04 00:00:00+05:30,77.0,79.95,73.09,75.25,3184
SPMLINFRA,2015-09-07 00:00:00+05:30,77.95,77.95,72.5,73.15,2755
SPMLINFRA,2015-09-08 00:00:00+05:30,73.25,74.09,63.6,71.2,17075
SPMLINFRA,2015-09-09 00:00:00+05:30,74.75,74.8,71.5,72.65,1600
SPMLINFRA,2015-09-10 00:00:00+05:30,73.7,74.4,71.3,74.4,91
SPMLINFRA,2015-09-11 00:00:00+05:30,76.84,77.0,69.2,72.2,13280
SPMLINFRA,2015-09-14 00:00:00+05:30,74.95,74.95,72.2,73.0,1740
SPMLINFRA,2015-09-15 00:00:00+05:30,74.9,75.05,73.15,73.84,3475
SPMLINFRA,2015-09-16 00:00:00+05:30,73.0,79.0,72.59,78.45,10838
SPMLINFRA,2015-09-18 00:00:00+05:30,82.75,90.7,76.95,84.1,16616
SPMLINFRA,2015-09-21 00:00:00+05:30,84.1,87.0,82.0,85.6,5148
SPMLINFRA,2015-09-22 00:00:00+05:30,85.1,85.2,82.0,82.8,4249
SPMLINFRA,2015-09-23 00:00:00+05:30,82.0,84.0,79.3,82.8,3048
SPMLINFRA,2015-09-24 00:00:00+05:30,88.15,88.15,80.0,81.15,1495
SPMLINFRA,2015-09-28 00:00:00+05:30,81.0,83.0,78.09,80.3,5893
SPMLINFRA,2015-09-29 00:00:00+05:30,79.0,82.5,78.5,81.0,3914
SPMLINFRA,2015-09-30 00:00:00+05:30,82.95,83.0,80.0,82.45,481
SPMLINFRA,2015-10-01 00:00:00+05:30,82.6,83.5,77.65,82.1,1352
SPMLINFRA,2015-10-05 00:00:00+05:30,84.95,84.95,80.0,82.7,5795
SPMLINFRA,2015-10-06 00:00:00+05:30,81.09,84.0,81.09,83.45,5217
SPMLINFRA,2015-10-07 00:00:00+05:30,84.95,84.95,82.1,82.75,1114
SPMLINFRA,2015-10-08 00:00:00+05:30,84.0,84.0,80.0,81.4,3648
SPMLINFRA,2015-10-09 00:00:00+05:30,83.5,83.9,81.25,81.45,2597
SPMLINFRA,2015-10-12 00:00:00+05:30,81.3,83.95,81.3,82.15,1595
SPMLINFRA,2015-10-13 00:00:00+05:30,81.65,83.7,79.84,80.9,5384
SPMLINFRA,2015-10-14 00:00:00+05:30,80.25,81.0,77.09,78.95,6575
SPMLINFRA,2015-10-15 00:00:00+05:30,78.15,79.84,78.15,79.15,2997
SPMLINFRA,2015-10-16 00:00:00+05:30,79.84,80.59,78.55,79.95,5071
SPMLINFRA,2015-10-19 00:00:00+05:30,82.4,82.9,80.05,80.75,4736
SPMLINFRA,2015-10-20 00:00:00+05:30,80.0,81.8,80.0,80.09,3689
SPMLINFRA,2015-10-21 00:00:00+05:30,81.4,81.4,77.5,78.7,2565
SPMLINFRA,2015-10-23 00:00:00+05:30,79.05,80.59,77.0,78.5,4209
SPMLINFRA,2015-10-26 00:00:00+05:30,78.0,80.45,76.9,79.09,508
SPMLINFRA,2015-10-27 00:00:00+05:30,81.95,81.95,78.0,78.09,1317
SPMLINFRA,2015-10-28 00:00:00+05:30,78.2,80.0,76.59,77.15,6800
SPMLINFRA,2015-10-29 00:00:00+05:30,78.84,78.84,77.65,78.0,2867
SPMLINFRA,2015-10-30 00:00:00+05:30,78.0,79.84,77.3,77.3,1693
SPMLINFRA,2015-11-02 00:00:00+05:30,80.45,80.45,76.2,77.34,2024
SPMLINFRA,2015-11-03 00:00:00+05:30,78.5,78.5,76.9,77.09,1057
SPMLINFRA,2015-11-04 00:00:00+05:30,78.8,78.8,76.2,76.95,66152
SPMLINFRA,2015-11-05 00:00:00+05:30,76.2,76.2,75.0,76.05,720
SPMLINFRA,2015-11-06 00:00:00+05:30,76.15,77.0,76.0,76.0,390
SPMLINFRA,2015-11-09 00:00:00+05:30,75.0,75.0,72.0,72.84,3563
SPMLINFRA,2015-11-10 00:00:00+05:30,73.9,73.9,70.3,71.0,2260
SPMLINFRA,2015-11-11 00:00:00+05:30,72.8,73.8,71.59,73.2,787
SPMLINFRA,2015-11-13 00:00:00+05:30,73.45,73.45,71.0,71.65,1804
SPMLINFRA,2015-11-16 00:00:00+05:30,71.65,73.15,70.5,71.65,787
SPMLINFRA,2015-11-17 00:00:00+05:30,71.7,74.45,71.7,73.34,1947
SPMLINFRA,2015-11-18 00:00:00+05:30,73.15,76.0,71.2,71.75,3190
SPMLINFRA,2015-11-19 00:00:00+05:30,71.0,73.0,69.9,70.7,3651
SPMLINFRA,2015-11-20 00:00:00+05:30,71.0,71.95,68.2,69.5,3662
SPMLINFRA,2015-11-23 00:00:00+05:30,69.09,72.95,69.09,71.95,3155
SPMLINFRA,2015-11-24 00:00:00+05:30,70.5,73.0,70.5,73.0,7388
SPMLINFRA,2015-11-26 00:00:00+05:30,73.0,74.8,73.0,73.95,965
SPMLINFRA,2015-11-27 00:00:00+05:30,76.84,76.84,73.0,74.09,2706
SPMLINFRA,2015-11-30 00:00:00+05:30,75.0,76.75,74.8,75.4,2224
SPMLINFRA,2015-12-01 00:00:00+05:30,76.84,76.84,74.34,74.34,2084
SPMLINFRA,2015-12-02 00:00:00+05:30,75.65,76.7,74.2,76.15,8088
SPMLINFRA,2015-12-03 00:00:00+05:30,73.09,84.0,73.09,79.55,49564
SPMLINFRA,2015-12-04 00:00:00+05:30,80.65,82.0,78.25,79.5,9074
SPMLINFRA,2015-12-07 00:00:00+05:30,80.55,81.9,78.5,79.95,6153
SPMLINFRA,2015-12-08 00:00:00+05:30,79.8,79.8,77.0,78.59,1217
SPMLINFRA,2015-12-09 00:00:00+05:30,76.0,78.0,75.2,75.45,3086
SPMLINFRA,2015-12-10 00:00:00+05:30,76.05,77.0,75.15,76.75,845
SPMLINFRA,2015-12-11 00:00:00+05:30,76.0,77.0,73.5,73.75,308
SPMLINFRA,2015-12-14 00:00:00+05:30,76.5,76.5,72.7,75.34,2381
SPMLINFRA,2015-12-15 00:00:00+05:30,75.0,75.95,74.2,74.4,1114
SPMLINFRA,2015-12-16 00:00:00+05:30,76.0,77.25,75.0,75.0,1212
SPMLINFRA,2015-12-17 00:00:00+05:30,70.2,84.0,70.2,75.25,12010
SPMLINFRA,2015-12-18 00:00:00+05:30,74.5,75.9,74.25,74.7,6502
SPMLINFRA,2015-12-21 00:00:00+05:30,75.0,75.84,74.3,75.8,3611
SPMLINFRA,2015-12-22 00:00:00+05:30,75.8,76.5,72.95,74.65,7167
SPMLINFRA,2015-12-23 00:00:00+05:30,75.55,76.0,74.5,75.65,4920
SPMLINFRA,2015-12-24 00:00:00+05:30,75.5,78.65,75.0,75.55,11355
SPMLINFRA,2015-12-28 00:00:00+05:30,75.55,77.45,75.0,75.5,2060
SPMLINFRA,2015-12-29 00:00:00+05:30,75.95,78.0,75.0,77.0,5339
SPMLINFRA,2015-12-30 00:00:00+05:30,77.84,79.4,76.34,77.75,6380
SPMLINFRA,2015-12-31 00:00:00+05:30,82.35,82.35,77.0,79.59,984
SPMLINFRA,2015-12-31 10:29:00+05:30,82.35,82.35,77.0,79.6,984
SPMLINFRA,2016-01-01 11:10:00+05:30,80.0,81.8,75.1,77.15,17472
SPMLINFRA,2016-01-04 09:34:00+05:30,76.7,77.9,76.25,76.4,2811
SPMLINFRA,2016-01-05 09:54:00+05:30,76.55,78.0,76.25,77.35,793
SPMLINFRA,2016-01-06 09:37:00+05:30,78.5,80.85,78.5,79.6,12445
SPMLINFRA,2016-01-07 09:21:00+05:30,78.0,78.0,74.0,74.5,2761
SPMLINFRA,2016-01-08 10:04:00+05:30,75.25,77.9,75.0,76.3,1810
SPMLINFRA,2016-01-11 09:29:00+05:30,75.25,77.0,75.25,76.6,3429
SPMLINFRA,2016-01-12 10:02:00+05:30,77.0,77.05,75.55,75.8,752
SPMLINFRA,2016-01-13 09:23:00+05:30,75.75,78.0,72.1,74.4,2259
SPMLINFRA,2016-01-14 09:36:00+05:30,72.5,76.0,68.95,75.2,1242
SPMLINFRA,2016-01-15 12:11:00+05:30,75.2,75.2,71.5,71.95,3359
SPMLINFRA,2016-01-18 09:23:00+05:30,70.5,70.5,63.0,68.9,21093
SPMLINFRA,2016-01-19 10:55:00+05:30,69.45,72.45,69.3,71.6,844
SPMLINFRA,2016-01-20 09:26:00+05:30,71.8,71.8,65.95,67.05,1286
SPMLINFRA,2016-01-21 09:49:00+05:30,68.2,68.8,67.5,67.5,715
SPMLINFRA,2016-01-22 10:47:00+05:30,70.0,71.05,68.15,70.6,1533
SPMLINFRA,2016-01-25 10:20:00+05:30,72.0,72.0,70.0,71.0,277
SPMLINFRA,2016-01-27 10:22:00+05:30,73.9,73.9,70.3,72.25,288
SPMLINFRA,2016-01-28 09:21:00+05:30,69.35,71.0,69.25,69.3,3322
SPMLINFRA,2016-01-29 11:15:00+05:30,69.6,70.0,69.15,69.65,803
SPMLINFRA,2016-02-01 12:39:00+05:30,70.0,70.0,69.5,69.6,326
SPMLINFRA,2016-02-02 12:37:00+05:30,70.0,70.0,68.0,68.75,2681
SPMLINFRA,2016-02-03 10:39:00+05:30,68.05,69.9,67.5,67.65,1602
SPMLINFRA,2016-02-04 09:21:00+05:30,67.5,70.0,67.5,69.85,65
SPMLINFRA,2016-02-05 13:13:00+05:30,69.0,69.0,68.25,68.25,379
SPMLINFRA,2016-02-08 12:19:00+05:30,69.65,70.0,69.0,69.0,1427
SPMLINFRA,2016-02-09 09:15:00+05:30,75.0,75.0,62.0,63.65,4895
SPMLINFRA,2016-02-10 09:40:00+05:30,66.9,66.9,60.2,60.6,2056
SPMLINFRA,2016-02-11 09:23:00+05:30,61.9,61.9,52.45,56.3,1540
SPMLINFRA,2016-02-12 09:54:00+05:30,59.7,59.7,50.15,55.1,2314
SPMLINFRA,2016-02-15 09:47:00+05:30,58.5,64.5,56.05,61.9,59231
SPMLINFRA,2016-02-16 09:15:00+05:30,62.7,67.5,60.0,60.55,6366
SPMLINFRA,2016-02-17 10:36:00+05:30,60.0,61.0,57.05,60.9,1455
SPMLINFRA,2016-02-18 11:26:00+05:30,63.95,64.9,56.25,57.7,8040
SPMLINFRA,2016-02-19 10:39:00+05:30,57.5,60.45,57.35,58.8,2072
SPMLINFRA,2016-02-22 10:01:00+05:30,57.55,61.0,57.5,58.2,1999
SPMLINFRA,2016-02-23 09:29:00+05:30,61.4,61.4,54.0,55.6,4341
SPMLINFRA,2016-02-24 10:00:00+05:30,54.5,55.0,53.6,54.3,1708
SPMLINFRA,2016-02-25 09:44:00+05:30,55.25,59.2,53.65,54.0,1267
SPMLINFRA,2016-02-26 09:54:00+05:30,53.0,56.9,51.1,53.35,2382
SPMLINFRA,2016-02-29 09:59:00+05:30,52.0,58.5,49.2,55.8,4024
SPMLINFRA,2016-03-01 09:39:00+05:30,55.1,58.8,55.1,57.15,3663
SPMLINFRA,2016-03-02 09:36:00+05:30,59.95,65.0,58.65,60.15,5937
SPMLINFRA,2016-03-03 10:39:00+05:30,61.0,61.0,58.1,59.65,724
SPMLINFRA,2016-03-04 10:07:00+05:30,64.0,64.0,61.0,62.45,450
SPMLINFRA,2016-03-08 09:20:00+05:30,62.0,66.0,60.0,62.6,694
SPMLINFRA,2016-03-09 10:14:00+05:30,61.0,64.35,61.0,63.5,2327
SPMLINFRA,2016-03-10 09:21:00+05:30,65.05,66.85,61.1,63.6,2494
SPMLINFRA,2016-03-11 09:36:00+05:30,61.5,63.95,61.5,62.7,1065
SPMLINFRA,2016-03-14 09:27:00+05:30,65.95,65.95,60.6,60.75,6481
SPMLINFRA,2016-03-15 12:15:00+05:30,60.6,60.6,60.2,60.4,375
SPMLINFRA,2016-03-16 10:48:00+05:30,59.65,60.45,57.0,60.45,880
SPMLINFRA,2016-03-17 09:48:00+05:30,59.5,60.5,58.1,60.0,442
SPMLINFRA,2016-03-18 09:43:00+05:30,60.0,63.0,60.0,60.35,868
SPMLINFRA,2016-03-21 09:44:00+05:30,63.25,63.25,59.7,61.2,2135
SPMLINFRA,2016-03-22 09:38:00+05:30,59.5,61.3,58.2,59.9,1763
SPMLINFRA,2016-03-23 09:51:00+05:30,59.5,61.5,59.05,60.0,1184
SPMLINFRA,2016-03-28 09:19:00+05:30,69.75,69.75,58.4,60.8,3999
SPMLINFRA,2016-03-29 10:42:00+05:30,59.65,60.1,59.65,60.1,473
SPMLINFRA,2016-03-30 10:35:00+05:30,59.5,63.0,59.0,60.8,2219
SPMLINFRA,2016-03-31 11:17:00+05:30,62.0,62.0,60.2,60.35,1735
SPMLINFRA,2016-04-01 10:27:00+05:30,60.05,61.5,60.05,61.35,114
SPMLINFRA,2016-04-04 12:04:00+05:30,60.65,63.0,60.65,61.9,802
SPMLINFRA,2016-04-05 12:33:00+05:30,61.95,61.95,59.55,59.7,600
SPMLINFRA,2016-04-06 09:37:00+05:30,61.0,62.0,60.05,61.75,1714
SPMLINFRA,2016-04-07 10:01:00+05:30,60.25,62.75,60.25,61.15,2975
SPMLINFRA,2016-04-08 09:23:00+05:30,60.5,62.05,60.0,62.0,3175
SPMLINFRA,2016-04-11 11:39:00+05:30,61.3,62.5,61.3,62.5,551
SPMLINFRA,2016-04-12 11:40:00+05:30,61.5,62.0,61.1,61.6,2665
SPMLINFRA,2016-04-13 09:28:00+05:30,61.25,65.9,61.25,64.6,5683
SPMLINFRA,2016-04-18 11:14:00+05:30,66.0,67.5,65.0,67.3,4444
SPMLINFRA,2016-04-20 09:22:00+05:30,66.2,73.1,66.2,70.25,12127
SPMLINFRA,2016-04-21 09:16:00+05:30,72.0,84.3,72.0,77.85,86569
SPMLINFRA,2016-04-22 09:19:00+05:30,78.8,79.4,77.0,77.55,8417
SPMLINFRA,2016-04-25 09:19:00+05:30,78.5,79.35,75.5,78.15,3189
SPMLINFRA,2016-04-26 09:32:00+05:30,77.2,78.7,75.7,77.65,4599
SPMLINFRA,2016-04-27 09:52:00+05:30,78.5,79.0,77.0,78.25,6550
SPMLINFRA,2016-04-28 09:21:00+05:30,77.0,80.0,75.5,75.95,4074
SPMLINFRA,2016-04-29 09:23:00+05:30,75.7,78.45,73.0,74.95,3499
SPMLINFRA,2016-05-02 09:53:00+05:30,74.0,74.9,72.5,73.2,1062
SPMLINFRA,2016-05-03 09:21:00+05:30,73.0,73.0,71.05,72.2,2538
SPMLINFRA,2016-05-04 09:35:00+05:30,74.5,74.5,71.5,72.2,4147
SPMLINFRA,2016-05-05 09:25:00+05:30,73.6,73.6,69.0,69.9,4949
SPMLINFRA,2016-05-06 09:35:00+05:30,70.95,70.95,66.8,68.05,3083
SPMLINFRA,2016-05-09 09:50:00+05:30,67.3,67.5,64.6,65.1,11409
SPMLINFRA,2016-05-10 10:51:00+05:30,66.65,66.65,63.2,64.0,2102
SPMLINFRA,2016-05-11 11:24:00+05:30,65.25,65.25,63.25,63.9,1247
SPMLINFRA,2016-05-12 09:31:00+05:30,64.45,65.25,63.25,63.65,3302
SPMLINFRA,2016-05-13 09:46:00+05:30,65.0,65.4,63.2,63.3,3530
SPMLINFRA,2016-05-16 10:01:00+05:30,64.5,64.5,63.5,63.65,76
SPMLINFRA,2016-05-17 12:24:00+05:30,63.5,65.0,63.45,63.5,1430
SPMLINFRA,2016-05-18 09:42:00+05:30,64.0,64.0,63.7,63.95,536
SPMLINFRA,2016-05-19 09:39:00+05:30,67.0,67.0,63.2,63.2,4000
SPMLINFRA,2016-05-20 13:01:00+05:30,64.2,64.2,63.0,63.0,179
SPMLINFRA,2016-05-23 12:09:00+05:30,63.6,63.6,61.1,62.05,1037
SPMLINFRA,2016-05-24 10:13:00+05:30,63.95,64.0,62.1,63.75,1105
SPMLINFRA,2016-05-25 09:35:00+05:30,63.8,64.0,62.0,63.9,1029
SPMLINFRA,2016-05-26 11:20:00+05:30,64.0,66.55,63.0,64.75,595
SPMLINFRA,2016-05-27 09:38:00+05:30,67.0,67.0,62.1,62.95,5337
SPMLINFRA,2016-05-30 09:21:00+05:30,62.0,63.0,60.65,62.5,1154
SPMLINFRA,2016-05-31 09:22:00+05:30,62.5,62.95,62.2,62.95,343
SPMLINFRA,2016-06-01 11:05:00+05:30,62.25,64.5,62.25,62.95,1173
SPMLINFRA,2016-06-02 09:17:00+05:30,66.95,66.95,62.1,62.8,991
SPMLINFRA,2016-06-03 09:52:00+05:30,63.85,63.85,61.05,61.3,2534
SPMLINFRA,2016-06-06 11:04:00+05:30,60.35,62.3,60.35,61.25,351
SPMLINFRA,2016-06-07 10:06:00+05:30,61.0,61.85,59.15,60.55,5279
SPMLINFRA,2016-06-08 09:50:00+05:30,62.5,62.5,58.2,59.9,5760
SPMLINFRA,2016-06-09 09:37:00+05:30,60.0,62.65,60.0,60.45,1881
SPMLINFRA,2016-06-10 10:18:00+05:30,61.0,62.0,60.1,60.45,2122
SPMLINFRA,2016-06-13 09:48:00+05:30,60.45,64.9,60.45,63.0,12057
SPMLINFRA,2016-06-14 09:17:00+05:30,66.0,66.0,62.0,63.2,786
SPMLINFRA,2016-06-15 09:16:00+05:30,66.95,72.0,62.4,62.6,24760
SPMLINFRA,2016-06-16 09:43:00+05:30,61.6,63.85,61.6,63.65,1633
SPMLINFRA,2016-06-17 09:39:00+05:30,63.65,64.65,61.25,61.75,782
SPMLINFRA,2016-06-20 12:01:00+05:30,62.5,63.2,61.25,63.15,257
SPMLINFRA,2016-06-21 09:32:00+05:30,62.05,63.95,62.05,62.9,2311
SPMLINFRA,2016-06-22 10:12:00+05:30,63.7,63.8,61.2,62.25,2638
SPMLINFRA,2016-06-23 10:42:00+05:30,62.0,62.0,60.0,60.2,2982
SPMLINFRA,2016-06-24 10:10:00+05:30,59.0,61.45,55.75,59.45,2900
SPMLINFRA,2016-06-27 11:09:00+05:30,59.6,61.8,59.6,60.6,840
SPMLINFRA,2016-06-28 09:16:00+05:30,62.5,64.0,60.25,61.65,10571
SPMLINFRA,2016-06-29 09:30:00+05:30,63.3,73.95,63.1,73.95,371171
SPMLINFRA,2016-06-30 09:15:00+05:30,80.0,85.5,76.05,77.1,321054
SPMLINFRA,2016-07-01 09:15:00+05:30,76.0,82.7,76.0,81.1,38143
SPMLINFRA,2016-07-04 09:16:00+05:30,82.0,84.0,81.0,81.25,21411
SPMLINFRA,2016-07-05 09:22:00+05:30,81.0,81.1,75.0,78.8,14306
SPMLINFRA,2016-07-07 09:16:00+05:30,80.0,89.7,80.0,87.25,483144
SPMLINFRA,2016-07-08 09:15:00+05:30,88.85,91.45,85.45,86.1,50859
SPMLINFRA,2016-07-11 09:16:00+05:30,87.0,94.3,84.0,92.45,103657
SPMLINFRA,2016-07-12 09:15:00+05:30,93.95,108.5,93.95,104.05,303602
SPMLINFRA,2016-07-13 09:15:00+05:30,104.0,108.95,96.75,99.9,121276
SPMLINFRA,2016-07-14 09:16:00+05:30,100.0,109.85,99.0,103.35,789223
SPMLINFRA,2016-07-15 09:15:00+05:30,105.3,107.8,103.65,104.85,74370
SPMLINFRA,2016-07-18 09:15:00+05:30,106.0,108.25,103.0,104.7,40140
SPMLINFRA,2016-07-19 09:15:00+05:30,108.0,108.0,97.75,100.5,44750
SPMLINFRA,2016-07-20 09:15:00+05:30,101.2,101.2,90.45,90.45,180975
SPMLINFRA,2016-07-21 09:15:00+05:30,82.7,86.9,81.45,82.15,89864
SPMLINFRA,2016-07-22 09:15:00+05:30,81.0,86.0,79.7,80.65,56458
SPMLINFRA,2016-07-25 09:15:00+05:30,78.3,79.95,76.65,76.85,23941
SPMLINFRA,2016-07-26 09:18:00+05:30,74.1,78.9,73.95,76.8,17846
SPMLINFRA,2016-07-27 09:22:00+05:30,77.75,80.3,75.25,79.1,19740
SPMLINFRA,2016-07-28 09:17:00+05:30,80.4,83.05,79.5,83.05,45846
SPMLINFRA,2016-07-29 09:15:00+05:30,85.05,85.4,80.5,82.35,29681
SPMLINFRA,2016-08-01 09:19:00+05:30,80.0,85.45,78.35,78.35,9520
SPMLINFRA,2016-08-02 09:19:00+05:30,77.2,80.25,75.4,75.8,10844
SPMLINFRA,2016-08-03 09:29:00+05:30,77.45,79.55,73.0,73.9,15581
SPMLINFRA,2016-08-04 09:17:00+05:30,74.3,76.5,70.6,73.6,9666
SPMLINFRA,2016-08-05 09:28:00+05:30,78.15,78.5,73.0,74.25,19023
SPMLINFRA,2016-08-08 09:16:00+05:30,77.2,77.2,74.0,74.5,8494
SPMLINFRA,2016-08-09 09:22:00+05:30,74.0,74.0,72.0,73.0,3818
SPMLINFRA,2016-08-10 09:19:00+05:30,72.0,75.9,68.0,69.5,16842
SPMLINFRA,2016-08-11 09:15:00+05:30,67.85,69.85,66.0,66.85,18078
SPMLINFRA,2016-08-12 09:16:00+05:30,65.55,69.25,65.5,68.2,6252
SPMLINFRA,2016-08-16 09:15:00+05:30,65.5,68.5,63.3,67.65,4225
SPMLINFRA,2016-08-17 09:22:00+05:30,67.0,69.9,67.0,68.6,4085
SPMLINFRA,2016-08-18 09:34:00+05:30,66.3,74.9,66.25,72.85,55988
SPMLINFRA,2016-08-19 09:24:00+05:30,73.4,80.1,73.0,77.9,55930
SPMLINFRA,2016-08-22 09:15:00+05:30,77.95,78.8,74.2,75.1,14354
SPMLINFRA,2016-08-23 09:17:00+05:30,75.2,75.9,67.8,68.3,74541
SPMLINFRA,2016-08-24 09:16:00+05:30,69.4,70.6,68.3,69.25,4131
SPMLINFRA,2016-08-25 09:38:00+05:30,70.6,70.6,69.25,70.15,2596
SPMLINFRA,2016-08-26 09:20:00+05:30,69.0,69.8,68.9,69.3,2661
SPMLINFRA,2016-08-29 10:00:00+05:30,70.0,71.0,68.1,69.45,1613
SPMLINFRA,2016-08-30 09:30:00+05:30,69.4,70.5,67.1,67.75,10101
SPMLINFRA,2016-08-31 09:42:00+05:30,68.7,71.0,67.0,69.15,13170
SPMLINFRA,2016-09-01 09:39:00+05:30,68.55,70.5,68.55,68.8,5499
SPMLINFRA,2016-09-02 09:17:00+05:30,70.6,79.0,70.0,78.05,128022
SPMLINFRA,2016-09-06 09:15:00+05:30,79.25,90.0,79.25,81.65,597260
SPMLINFRA,2016-09-07 09:15:00+05:30,81.9,84.8,78.6,79.85,128838
SPMLINFRA,2016-09-08 09:15:00+05:30,80.6,80.6,77.0,78.6,31507
SPMLINFRA,2016-09-09 09:15:00+05:30,81.9,81.9,72.3,77.5,19909
SPMLINFRA,2016-09-12 09:15:00+05:30,75.9,76.0,72.0,74.6,18953
SPMLINFRA,2016-09-14 09:15:00+05:30,76.0,79.0,74.2,75.5,40342
SPMLINFRA,2016-09-15 09:15:00+05:30,78.5,78.5,72.5,74.35,21578
SPMLINFRA,2016-09-16 09:15:00+05:30,76.0,77.4,73.1,74.05,14967
SPMLINFRA,2016-09-19 09:19:00+05:30,73.5,75.9,72.1,73.35,17803
SPMLINFRA,2016-09-20 09:15:00+05:30,72.25,74.0,71.1,71.55,23448
SPMLINFRA,2016-09-21 09:15:00+05:30,71.05,73.0,71.0,71.2,8269
SPMLINFRA,2016-09-22 09:15:00+05:30,71.55,73.5,71.1,72.2,9589
SPMLINFRA,2016-09-23 09:15:00+05:30,70.2,71.7,69.55,69.75,19250
SPMLINFRA,2016-09-26 09:15:00+05:30,68.6,70.25,67.0,68.15,11680
SPMLINFRA,2016-09-27 09:17:00+05:30,68.0,70.5,68.0,68.15,7288
SPMLINFRA,2016-09-28 09:20:00+05:30,68.1,69.8,65.6,67.95,18650
SPMLINFRA,2016-09-29 09:21:00+05:30,67.6,68.95,61.2,63.75,17850
SPMLINFRA,2016-09-30 09:15:00+05:30,62.5,66.5,62.5,66.05,10465
SPMLINFRA,2016-10-03 09:33:00+05:30,68.5,68.5,66.35,67.0,14677
SPMLINFRA,2016-10-04 09:15:00+05:30,68.0,70.0,67.5,67.95,16158
SPMLINFRA,2016-10-05 09:26:00+05:30,68.9,71.2,67.1,68.2,23540
SPMLINFRA,2016-10-06 09:50:00+05:30,68.1,69.8,67.3,67.3,23212
SPMLINFRA,2016-10-07 09:19:00+05:30,66.4,68.8,66.05,66.55,2868
SPMLINFRA,2016-10-10 09:21:00+05:30,65.05,67.95,65.05,67.1,5393
SPMLINFRA,2016-10-13 09:18:00+05:30,69.8,69.8,65.0,65.35,7479
SPMLINFRA,2016-10-14 09:18:00+05:30,68.0,68.0,65.2,66.0,5987
SPMLINFRA,2016-10-17 09:17:00+05:30,65.1,68.0,65.1,66.95,4256
SPMLINFRA,2016-10-18 09:17:00+05:30,65.1,68.5,63.1,64.3,57900
SPMLINFRA,2016-10-19 09:22:00+05:30,64.1,68.75,64.1,66.05,27859
SPMLINFRA,2016-10-20 09:24:00+05:30,66.0,66.7,64.5,65.5,12854
SPMLINFRA,2016-10-21 09:17:00+05:30,65.0,66.3,64.65,65.7,3987
SPMLINFRA,2016-10-24 09:20:00+05:30,65.1,66.0,65.0,65.0,5236
SPMLINFRA,2016-10-25 10:12:00+05:30,65.2,66.0,64.0,65.0,8680
SPMLINFRA,2016-10-26 09:15:00+05:30,66.5,70.7,65.0,65.1,9084
SPMLINFRA,2016-10-27 09:22:00+05:30,64.9,65.1,63.8,64.65,1489
SPMLINFRA,2016-10-28 09:17:00+05:30,64.55,69.9,64.55,65.85,22140
SPMLINFRA,2016-11-01 09:15:00+05:30,65.05,66.0,64.5,64.55,9735
SPMLINFRA,2016-11-02 09:15:00+05:30,66.6,66.6,64.0,64.35,6081
SPMLINFRA,2016-11-03 09:24:00+05:30,64.1,65.4,62.8,63.65,9610
SPMLINFRA,2016-11-04 09:48:00+05:30,64.5,64.5,61.05,63.25,10276
SPMLINFRA,2016-11-07 09:15:00+05:30,64.0,64.0,62.05,62.5,7967
SPMLINFRA,2016-11-08 09:16:00+05:30,64.8,64.8,59.5,60.05,9719
SPMLINFRA,2016-11-09 09:15:00+05:30,56.0,60.0,55.0,56.2,17266
SPMLINFRA,2016-11-10 09:19:00+05:30,61.0,61.0,57.9,59.95,5714
SPMLINFRA,2016-11-11 09:15:00+05:30,58.0,59.95,54.95,56.45,6221
SPMLINFRA,2016-11-15 09:25:00+05:30,55.0,56.75,54.05,54.65,4264
SPMLINFRA,2016-11-16 09:19:00+05:30,52.65,56.0,52.65,54.05,2069
SPMLINFRA,2016-11-17 09:21:00+05:30,53.5,55.0,51.65,52.0,6498
SPMLINFRA,2016-11-18 09:39:00+05:30,52.35,54.0,52.3,52.5,4391
SPMLINFRA,2016-11-21 10:36:00+05:30,52.0,54.0,50.55,51.3,2621
SPMLINFRA,2016-11-22 09:20:00+05:30,50.65,52.4,48.5,50.3,10281
SPMLINFRA,2016-11-23 09:28:00+05:30,52.3,53.5,50.05,52.25,2444
SPMLINFRA,2016-11-24 09:22:00+05:30,51.1,53.85,51.0,53.2,4054
SPMLINFRA,2016-11-25 09:21:00+05:30,52.5,56.2,52.1,55.6,1667
SPMLINFRA,2016-11-28 09:16:00+05:30,58.5,58.5,55.0,55.65,11650
SPMLINFRA,2016-11-29 09:17:00+05:30,57.85,57.85,55.5,55.65,4721
SPMLINFRA,2016-11-30 10:00:00+05:30,55.95,56.4,54.6,54.95,6360
SPMLINFRA,2016-12-01 09:21:00+05:30,55.8,56.0,54.2,55.9,14704
SPMLINFRA,2016-12-02 09:45:00+05:30,55.85,56.0,55.0,55.05,2352
SPMLINFRA,2016-12-05 09:25:00+05:30,55.0,55.05,53.9,55.0,3043
SPMLINFRA,2016-12-06 09:23:00+05:30,56.5,56.5,55.0,55.45,2763
SPMLINFRA,2016-12-07 10:57:00+05:30,54.75,56.0,54.35,54.95,12242
SPMLINFRA,2016-12-08 09:17:00+05:30,58.0,58.0,56.0,56.3,4090
SPMLINFRA,2016-12-09 09:17:00+05:30,56.2,57.45,54.25,55.55,7164
SPMLINFRA,2016-12-12 10:15:00+05:30,56.45,56.45,55.15,55.9,1421
SPMLINFRA,2016-12-13 09:49:00+05:30,55.65,56.0,53.15,54.25,2942
SPMLINFRA,2016-12-14 09:20:00+05:30,54.95,55.0,53.6,53.8,2991
SPMLINFRA,2016-12-15 09:17:00+05:30,54.95,54.95,53.0,53.6,4528
SPMLINFRA,2016-12-16 09:29:00+05:30,54.8,55.6,54.3,54.5,3835
SPMLINFRA,2016-12-19 09:16:00+05:30,54.0,55.95,54.0,54.9,1228
SPMLINFRA,2016-12-20 10:21:00+05:30,54.1,54.1,52.5,52.65,996
SPMLINFRA,2016-12-21 09:21:00+05:30,53.0,54.5,52.65,52.75,923
SPMLINFRA,2016-12-22 09:26:00+05:30,53.0,53.3,50.65,52.2,2480
SPMLINFRA,2016-12-23 09:39:00+05:30,52.0,52.8,48.8,52.8,1253
SPMLINFRA,2016-12-26 10:05:00+05:30,53.95,53.95,52.45,53.35,1844
SPMLINFRA,2016-12-27 09:20:00+05:30,52.85,52.9,50.55,51.75,4629
SPMLINFRA,2016-12-28 09:23:00+05:30,53.6,56.5,51.3,55.3,10980
SPMLINFRA,2016-12-29 10:44:00+05:30,55.0,56.25,54.7,56.0,4227
SPMLINFRA,2016-12-30 09:15:00+05:30,54.0,55.5,52.6,54.8,3853
SPMLINFRA,2017-01-02 09:29:00+05:30,54.75,56.0,50.25,54.7,12247
SPMLINFRA,2017-01-03 09:15:00+05:30,54.85,56.0,53.0,53.95,7141
SPMLINFRA,2017-01-04 09:38:00+05:30,54.0,55.9,54.0,55.2,4982
SPMLINFRA,2017-01-05 09:29:00+05:30,54.45,56.5,54.45,55.85,4364
SPMLINFRA,2017-01-06 09:22:00+05:30,55.8,55.95,54.55,55.8,4911
SPMLINFRA,2017-01-09 09:22:00+05:30,56.0,56.0,55.1,55.95,2607
SPMLINFRA,2017-01-10 09:17:00+05:30,55.1,56.0,54.3,55.5,2811
SPMLINFRA,2017-01-11 09:56:00+05:30,56.0,56.0,54.2,55.95,6248
SPMLINFRA,2017-01-12 09:16:00+05:30,56.0,56.0,55.1,55.5,2963
SPMLINFRA,2017-01-13 09:19:00+05:30,56.0,56.3,54.95,55.25,3268
SPMLINFRA,2017-01-16 09:30:00+05:30,55.9,66.3,54.15,61.05,2082484
SPMLINFRA,2017-01-17 09:15:00+05:30,60.3,60.95,54.05,55.3,298377
SPMLINFRA,2017-01-18 09:15:00+05:30,56.5,57.85,54.2,55.95,121574
SPMLINFRA,2017-01-19 09:17:00+05:30,55.95,56.5,54.8,55.2,47799
SPMLINFRA,2017-01-20 09:15:00+05:30,56.0,56.0,53.5,54.0,47590
SPMLINFRA,2017-01-23 09:18:00+05:30,55.0,55.0,53.15,53.45,18759
SPMLINFRA,2017-01-24 09:17:00+05:30,54.1,54.4,51.6,52.3,58947
SPMLINFRA,2017-01-25 09:16:00+05:30,53.0,53.0,51.4,51.85,33892
SPMLINFRA,2017-01-27 09:15:00+05:30,52.8,52.8,48.6,50.0,67696
SPMLINFRA,2017-01-30 09:15:00+05:30,49.9,52.8,49.5,51.0,53692
SPMLINFRA,2017-01-31 09:15:00+05:30,52.35,52.35,49.85,50.3,46911
SPMLINFRA,2017-02-01 09:18:00+05:30,50.3,51.65,50.3,50.95,36149
SPMLINFRA,2017-02-02 09:16:00+05:30,51.3,51.45,50.6,50.85,18345
SPMLINFRA,2017-02-03 09:23:00+05:30,51.0,51.6,49.7,50.1,14723
SPMLINFRA,2017-02-06 09:27:00+05:30,50.9,51.4,49.8,50.15,54641
SPMLINFRA,2017-02-07 09:15:00+05:30,51.4,52.9,50.0,51.9,67308
SPMLINFRA,2017-02-08 09:15:00+05:30,53.0,60.9,51.5,57.95,470039
SPMLINFRA,2017-02-09 09:17:00+05:30,58.1,61.0,57.5,57.85,104265
SPMLINFRA,2017-02-10 09:18:00+05:30,58.05,59.45,55.2,57.05,42057
SPMLINFRA,2017-02-13 09:15:00+05:30,58.6,61.5,58.0,60.5,248709
SPMLINFRA,2017-02-14 09:15:00+05:30,60.5,62.0,59.05,60.0,53259
SPMLINFRA,2017-02-15 09:20:00+05:30,60.0,62.4,59.15,59.7,118984
SPMLINFRA,2017-02-16 09:22:00+05:30,59.8,63.75,59.8,62.85,157811
SPMLINFRA,2017-02-17 09:16:00+05:30,62.0,63.2,62.0,62.65,26868
SPMLINFRA,2017-02-20 09:17:00+05:30,64.5,64.5,60.0,63.0,17508
SPMLINFRA,2017-02-21 09:21:00+05:30,62.7,63.4,60.05,61.4,29821
SPMLINFRA,2017-02-22 09:35:00+05:30,61.55,62.9,59.6,60.45,63161
SPMLINFRA,2017-02-23 09:32:00+05:30,61.0,61.85,60.15,60.65,36045
SPMLINFRA,2017-02-27 09:26:00+05:30,60.55,61.85,56.9,58.75,14681
SPMLINFRA,2017-02-28 09:32:00+05:30,59.95,60.35,59.05,59.8,14627
SPMLINFRA,2017-03-01 09:17:00+05:30,61.7,61.8,59.35,60.1,13834
SPMLINFRA,2017-03-02 09:17:00+05:30,59.1,61.75,59.1,60.1,48686
SPMLINFRA,2017-03-03 09:25:00+05:30,60.1,60.5,59.0,59.15,20404
SPMLINFRA,2017-03-06 09:28:00+05:30,58.95,60.4,58.5,59.5,11008
SPMLINFRA,2017-03-07 09:20:00+05:30,59.0,59.6,58.7,59.0,9871
SPMLINFRA,2017-03-08 09:15:00+05:30,61.9,64.9,59.3,61.9,490667
SPMLINFRA,2017-03-09 09:17:00+05:30,61.8,62.6,60.15,60.35,52235
SPMLINFRA,2017-03-10 09:27:00+05:30,61.6,61.6,59.0,59.45,18752
SPMLINFRA,2017-03-14 09:15:00+05:30,60.55,61.85,59.0,59.4,14990
SPMLINFRA,2017-03-15 09:31:00+05:30,59.05,59.5,58.1,59.1,9185
SPMLINFRA,2017-03-16 09:24:00+05:30,59.5,61.0,59.0,59.35,20324
SPMLINFRA,2017-03-17 09:16:00+05:30,58.95,60.8,58.15,60.4,41408
SPMLINFRA,2017-03-20 09:20:00+05:30,60.5,60.7,59.5,60.2,8319
SPMLINFRA,2017-03-21 09:32:00+05:30,60.25,60.95,58.6,59.35,21224
SPMLINFRA,2017-03-22 09:23:00+05:30,59.5,61.95,59.1,60.6,23814
SPMLINFRA,2017-03-23 09:15:00+05:30,62.4,64.5,60.55,60.9,73981
SPMLINFRA,2017-03-24 09:17:00+05:30,60.0,62.1,60.0,60.95,32502
SPMLINFRA,2017-03-27 09:21:00+05:30,61.0,61.4,58.3,59.55,44648
SPMLINFRA,2017-03-28 10:07:00+05:30,60.0,60.9,58.6,59.0,29073
SPMLINFRA,2017-03-29 09:55:00+05:30,60.0,60.5,59.35,59.45,18744
SPMLINFRA,2017-03-30 09:16:00+05:30,59.2,61.2,59.2,60.75,34750
SPMLINFRA,2017-03-31 09:22:00+05:30,60.1,61.1,57.0,59.65,29170
SPMLINFRA,2017-04-03 09:58:00+05:30,60.0,63.25,59.75,62.55,27061
SPMLINFRA,2017-04-05 09:15:00+05:30,64.45,74.8,62.5,71.85,385781
SPMLINFRA,2017-04-06 09:15:00+05:30,72.1,76.5,72.0,73.9,210472
SPMLINFRA,2017-04-07 09:16:00+05:30,74.0,75.0,71.2,72.5,66851
SPMLINFRA,2017-04-10 09:15:00+05:30,72.6,77.8,72.6,76.35,86808
SPMLINFRA,2017-04-11 09:15:00+05:30,77.0,87.0,75.3,84.15,327390
SPMLINFRA,2017-04-12 09:15:00+05:30,85.0,89.8,81.1,86.15,280104
SPMLINFRA,2017-04-13 09:15:00+05:30,87.0,89.4,83.0,83.95,228313
SPMLINFRA,2017-04-17 09:15:00+05:30,83.95,89.5,81.8,88.25,202058
SPMLINFRA,2017-04-18 09:15:00+05:30,90.0,93.0,88.4,89.15,210119
SPMLINFRA,2017-04-19 09:15:00+05:30,92.7,99.0,89.35,95.9,628073
SPMLINFRA,2017-04-20 09:15:00+05:30,95.4,96.95,88.3,92.45,325905
SPMLINFRA,2017-04-21 09:15:00+05:30,92.5,94.0,89.0,90.85,207396
SPMLINFRA,2017-04-24 09:16:00+05:30,91.5,99.8,91.5,97.95,442293
SPMLINFRA,2017-04-25 09:15:00+05:30,98.0,102.6,98.0,100.5,247380
SPMLINFRA,2017-04-26 09:15:00+05:30,101.0,102.0,95.05,95.55,195931
SPMLINFRA,2017-04-27 09:22:00+05:30,91.55,97.0,91.2,92.95,51592
SPMLINFRA,2017-04-28 09:15:00+05:30,92.0,95.95,91.8,92.2,69781
SPMLINFRA,2017-05-02 09:15:00+05:30,95.0,96.8,95.0,96.8,50866
SPMLINFRA,2017-05-03 09:15:00+05:30,101.6,101.6,101.6,101.6,13527
SPMLINFRA,2017-05-04 09:15:00+05:30,106.65,106.65,106.65,106.65,36353
SPMLINFRA,2017-05-05 09:15:00+05:30,111.95,111.95,105.0,110.65,346126
SPMLINFRA,2017-05-08 09:15:00+05:30,113.95,113.95,106.5,107.15,73828
SPMLINFRA,2017-05-09 09:16:00+05:30,108.0,109.35,102.05,103.65,24593
SPMLINFRA,2017-05-10 09:16:00+05:30,108.0,108.8,105.1,108.8,40062
SPMLINFRA,2017-05-11 09:15:00+05:30,114.2,114.2,114.2,114.2,12856
SPMLINFRA,2017-05-12 09:15:00+05:30,119.9,119.9,115.0,119.6,126930
SPMLINFRA,2017-05-15 09:18:00+05:30,123.8,125.0,119.05,124.05,57439
SPMLINFRA,2017-05-16 09:15:00+05:30,125.0,126.8,120.0,122.8,59643
SPMLINFRA,2017-05-17 09:15:00+05:30,121.0,126.6,121.0,123.6,61645
SPMLINFRA,2017-05-18 09:19:00+05:30,124.0,124.0,117.45,117.45,94363
SPMLINFRA,2017-05-19 09:15:00+05:30,116.0,119.95,111.6,111.6,96484
SPMLINFRA,2017-05-22 09:15:00+05:30,112.0,112.5,106.05,106.05,60925
SPMLINFRA,2017-05-23 09:16:00+05:30,108.0,109.0,100.75,100.75,35502
SPMLINFRA,2017-05-24 09:27:00+05:30,100.4,102.0,96.05,96.25,38723
SPMLINFRA,2017-05-25 09:28:00+05:30,96.0,101.05,95.0,101.05,34755
SPMLINFRA,2017-05-26 09:19:00+05:30,103.8,106.1,103.2,106.1,20944
SPMLINFRA,2017-05-29 09:15:00+05:30,111.4,111.4,111.4,111.4,29414
SPMLINFRA,2017-05-30 09:15:00+05:30,112.0,116.95,105.85,113.15,149408
SPMLINFRA,2017-05-31 09:15:00+05:30,114.5,114.5,108.05,110.6,84164
SPMLINFRA,2017-06-01 09:18:00+05:30,112.25,113.7,108.0,108.75,43395
SPMLINFRA,2017-06-02 09:15:00+05:30,108.3,114.15,107.0,114.15,177919
SPMLINFRA,2017-06-05 09:21:00+05:30,114.1,119.85,111.5,117.3,160591
SPMLINFRA,2017-06-06 09:18:00+05:30,115.0,120.25,115.0,117.8,58311
SPMLINFRA,2017-06-07 09:15:00+05:30,120.9,127.1,118.1,124.5,117539
SPMLINFRA,2017-06-08 09:15:00+05:30,124.95,126.7,119.5,123.0,114937
SPMLINFRA,2017-06-09 09:15:00+05:30,125.0,129.8,121.1,122.2,74936
SPMLINFRA,2017-06-12 09:22:00+05:30,122.2,127.2,122.0,125.4,64878
SPMLINFRA,2017-06-13 09:17:00+05:30,126.0,127.6,122.1,125.1,38692
SPMLINFRA,2017-06-14 09:19:00+05:30,127.0,130.0,124.5,127.3,149344
SPMLINFRA,2017-06-15 09:18:00+05:30,128.0,128.7,123.35,123.9,38835
SPMLINFRA,2017-06-16 09:15:00+05:30,125.0,126.8,124.1,125.0,48672
SPMLINFRA,2017-06-19 09:15:00+05:30,127.9,129.9,123.35,125.55,88785
SPMLINFRA,2017-06-20 09:16:00+05:30,125.55,126.0,123.0,123.0,46923
SPMLINFRA,2017-06-21 09:15:00+05:30,124.0,131.6,124.0,129.2,329937
SPMLINFRA,2017-06-22 09:15:00+05:30,130.5,132.8,125.55,126.8,88682
SPMLINFRA,2017-06-23 09:18:00+05:30,127.75,128.25,124.0,126.45,69507
SPMLINFRA,2017-06-27 09:15:00+05:30,128.0,135.0,125.0,126.05,69302
SPMLINFRA,2017-06-28 09:15:00+05:30,129.4,130.8,125.4,126.3,74271
SPMLINFRA,2017-06-29 09:15:00+05:30,127.5,128.8,124.15,125.15,54038
SPMLINFRA,2017-06-30 09:17:00+05:30,128.95,136.25,125.0,133.75,206355
SPMLINFRA,2017-07-03 09:15:00+05:30,135.1,143.7,135.1,141.2,157021
SPMLINFRA,2017-07-04 09:15:00+05:30,144.0,145.7,140.2,141.8,79185
SPMLINFRA,2017-07-05 09:16:00+05:30,142.0,153.7,142.0,151.8,166487
SPMLINFRA,2017-07-06 09:15:00+05:30,153.3,166.95,153.15,164.05,178739
SPMLINFRA,2017-07-07 09:15:00+05:30,171.4,171.7,159.5,165.95,151511
SPMLINFRA,2017-07-10 11:15:00+05:30,160.1,165.25,160.1,163.35,30279
SPMLINFRA,2017-07-11 09:15:00+05:30,166.9,166.9,157.0,157.9,78696
SPMLINFRA,2017-07-12 09:17:00+05:30,156.3,160.0,150.05,155.9,78470
SPMLINFRA,2017-07-13 09:16:00+05:30,157.05,161.85,152.5,160.7,136217
SPMLINFRA,2017-07-14 09:15:00+05:30,161.0,162.7,155.25,155.9,60031
SPMLINFRA,2017-07-17 09:16:00+05:30,151.5,163.2,151.5,160.95,120220
SPMLINFRA,2017-07-18 09:15:00+05:30,164.65,168.95,159.0,167.0,187669
SPMLINFRA,2017-07-19 09:15:00+05:30,168.6,174.85,164.1,174.0,218553
SPMLINFRA,2017-07-20 09:15:00+05:30,174.4,177.4,172.0,172.9,123204
SPMLINFRA,2017-07-21 09:15:00+05:30,168.9,181.45,168.65,179.9,331639
SPMLINFRA,2017-07-24 09:15:00+05:30,181.0,188.0,174.2,176.6,102885
SPMLINFRA,2017-07-25 09:15:00+05:30,177.0,179.95,174.3,174.55,87893
SPMLINFRA,2017-07-26 09:15:00+05:30,175.1,180.0,174.65,175.1,100739
SPMLINFRA,2017-07-27 09:15:00+05:30,176.0,178.55,166.35,166.35,94870
SPMLINFRA,2017-07-28 09:15:00+05:30,161.0,166.9,158.2,161.6,124734
SPMLINFRA,2017-07-31 09:21:00+05:30,163.1,164.5,159.0,162.8,86811
SPMLINFRA,2017-08-01 09:16:00+05:30,162.55,169.0,162.0,168.0,106644
SPMLINFRA,2017-08-02 09:19:00+05:30,167.8,168.15,163.15,166.75,92823
SPMLINFRA,2017-08-03 09:15:00+05:30,169.95,169.95,158.45,164.05,75429
SPMLINFRA,2017-08-04 09:15:00+05:30,169.7,169.7,163.0,167.2,124619
SPMLINFRA,2017-08-07 09:17:00+05:30,167.2,169.7,164.1,169.25,101505
SPMLINFRA,2017-08-08 09:15:00+05:30,166.0,171.75,162.3,163.8,71293
SPMLINFRA,2017-08-09 09:19:00+05:30,162.3,167.0,154.5,165.5,181124
SPMLINFRA,2017-08-10 09:15:00+05:30,167.0,167.0,160.0,163.4,156257
SPMLINFRA,2017-08-11 09:15:00+05:30,163.0,164.5,147.6,160.7,126492
SPMLINFRA,2017-08-14 09:18:00+05:30,164.9,167.0,158.5,164.3,55079
SPMLINFRA,2017-08-16 09:15:00+05:30,167.0,167.0,161.3,161.75,34434
SPMLINFRA,2017-08-17 09:15:00+05:30,164.0,164.8,160.0,162.25,76015
SPMLINFRA,2017-08-18 09:18:00+05:30,164.5,164.5,160.0,161.25,91043
SPMLINFRA,2017-08-21 09:18:00+05:30,165.0,165.9,163.0,164.9,105619
SPMLINFRA,2017-08-22 09:15:00+05:30,164.0,168.0,160.7,165.0,125537
SPMLINFRA,2017-08-23 09:16:00+05:30,162.0,165.0,158.0,160.05,68287
SPMLINFRA,2017-08-24 09:16:00+05:30,162.5,163.0,159.9,161.5,60613
SPMLINFRA,2017-08-28 09:15:00+05:30,161.5,166.3,160.0,160.85,43659
SPMLINFRA,2017-08-29 09:16:00+05:30,162.0,167.05,144.8,152.55,99983
SPMLINFRA,2017-08-30 09:15:00+05:30,162.9,164.0,155.0,160.0,178142
SPMLINFRA,2017-08-31 09:16:00+05:30,161.7,161.7,159.3,160.3,46603
SPMLINFRA,2017-09-01 09:17:00+05:30,161.5,161.5,159.75,160.25,32888
SPMLINFRA,2017-09-04 09:15:00+05:30,162.0,162.1,159.0,160.4,71636
SPMLINFRA,2017-09-05 09:16:00+05:30,161.0,161.5,157.9,160.1,55519
SPMLINFRA,2017-09-06 09:15:00+05:30,160.95,160.95,150.2,160.05,67767
SPMLINFRA,2017-09-07 09:15:00+05:30,162.95,162.95,158.0,159.9,67161
SPMLINFRA,2017-09-08 09:15:00+05:30,160.0,160.45,157.1,159.8,77613
SPMLINFRA,2017-09-11 09:16:00+05:30,162.0,162.0,157.0,157.8,40161
SPMLINFRA,2017-09-12 09:17:00+05:30,159.9,159.95,158.0,159.2,34802
SPMLINFRA,2017-09-13 09:15:00+05:30,162.55,164.65,152.45,157.85,54301
SPMLINFRA,2017-09-14 09:17:00+05:30,159.85,160.65,151.55,153.85,75919
SPMLINFRA,2017-09-15 09:16:00+05:30,152.0,154.0,150.1,152.65,47675
SPMLINFRA,2017-09-18 09:18:00+05:30,153.85,156.95,152.9,153.9,33854
SPMLINFRA,2017-09-19 09:18:00+05:30,155.1,161.4,151.0,157.4,62497
SPMLINFRA,2017-09-20 09:17:00+05:30,158.0,169.45,156.05,164.25,81408
SPMLINFRA,2017-09-21 09:15:00+05:30,165.5,170.0,159.05,163.2,45093
SPMLINFRA,2017-09-22 09:16:00+05:30,163.55,165.2,152.6,155.3,52152
SPMLINFRA,2017-09-25 09:15:00+05:30,157.0,157.0,151.0,151.8,41351
SPMLINFRA,2017-09-26 09:15:00+05:30,152.0,152.5,141.6,146.65,64722
SPMLINFRA,2017-09-27 09:15:00+05:30,150.0,150.0,132.25,136.25,55256
SPMLINFRA,2017-09-28 09:15:00+05:30,141.8,141.8,132.5,138.3,41318
SPMLINFRA,2017-09-29 09:16:00+05:30,137.05,140.0,135.8,137.1,63681
SPMLINFRA,2017-10-03 09:15:00+05:30,141.0,150.8,130.55,150.3,114545
SPMLINFRA,2017-10-04 09:15:00+05:30,153.7,158.0,147.2,154.7,198091
SPMLINFRA,2017-10-05 09:15:00+05:30,159.7,168.8,155.75,160.05,82414
SPMLINFRA,2017-10-06 09:15:00+05:30,164.0,169.7,161.25,167.85,44687
SPMLINFRA,2017-10-09 09:16:00+05:30,169.15,176.0,169.0,174.8,56707
SPMLINFRA,2017-10-10 09:15:00+05:30,176.4,179.7,170.05,173.1,61915
SPMLINFRA,2017-10-11 09:15:00+05:30,173.65,177.0,169.1,171.05,47357
SPMLINFRA,2017-10-12 09:15:00+05:30,172.8,178.0,167.6,170.75,47011
SPMLINFRA,2017-10-13 09:16:00+05:30,169.8,176.0,168.25,169.1,67015
SPMLINFRA,2017-10-16 09:15:00+05:30,170.6,174.95,162.35,167.0,54847
SPMLINFRA,2017-10-17 09:15:00+05:30,168.0,171.9,165.3,167.5,185958
SPMLINFRA,2017-10-18 09:17:00+05:30,168.65,168.8,162.5,164.55,60653
SPMLINFRA,2017-10-23 09:15:00+05:30,162.4,165.05,155.75,156.4,78303
SPMLINFRA,2017-10-24 09:15:00+05:30,156.95,162.25,153.05,155.4,71215
SPMLINFRA,2017-10-25 09:15:00+05:30,157.9,158.3,137.0,138.7,286232
SPMLINFRA,2017-10-26 09:15:00+05:30,133.0,139.0,125.15,131.5,209761
SPMLINFRA,2017-10-27 09:15:00+05:30,133.0,138.5,131.05,135.45,69066
SPMLINFRA,2017-10-30 09:15:00+05:30,135.55,145.0,135.55,137.1,270116
SPMLINFRA,2017-10-31 09:15:00+05:30,137.9,138.0,134.2,134.5,50864
SPMLINFRA,2017-11-01 09:15:00+05:30,135.85,135.85,132.7,134.05,70406
SPMLINFRA,2017-11-02 09:16:00+05:30,134.25,160.85,134.25,160.85,529032
SPMLINFRA,2017-11-03 09:15:00+05:30,175.1,187.95,169.25,171.65,1296454
SPMLINFRA,2017-11-06 09:15:00+05:30,171.9,171.9,162.5,165.0,157630
SPMLINFRA,2017-11-07 09:15:00+05:30,166.0,167.4,154.25,156.75,114761
SPMLINFRA,2017-11-08 09:15:00+05:30,160.0,164.0,151.9,152.85,161942
SPMLINFRA,2017-11-09 09:15:00+05:30,157.0,164.0,155.2,158.65,155168
SPMLINFRA,2017-11-10 09:16:00+05:30,155.5,158.0,155.3,156.05,94247
SPMLINFRA,2017-11-13 09:15:00+05:30,161.9,161.9,153.3,155.65,92037
SPMLINFRA,2017-11-14 09:15:00+05:30,156.3,159.5,153.85,155.4,98335
SPMLINFRA,2017-11-15 09:15:00+05:30,155.75,155.9,149.05,150.15,111713
SPMLINFRA,2017-11-16 09:15:00+05:30,151.9,155.85,150.95,151.65,84551
SPMLINFRA,2017-11-17 09:15:00+05:30,152.25,157.45,151.3,152.8,97224
SPMLINFRA,2017-11-20 09:15:00+05:30,153.6,163.0,152.0,161.0,153639
SPMLINFRA,2017-11-21 09:15:00+05:30,162.0,163.95,157.25,158.2,80786
SPMLINFRA,2017-11-22 09:15:00+05:30,159.0,162.0,157.0,158.05,97482
SPMLINFRA,2017-11-23 09:16:00+05:30,162.5,163.75,156.25,158.1,87616
SPMLINFRA,2017-11-24 09:15:00+05:30,160.0,160.0,154.3,156.75,61869
SPMLINFRA,2017-11-27 09:15:00+05:30,158.3,159.0,154.8,156.65,91057
SPMLINFRA,2017-11-28 09:15:00+05:30,161.95,166.0,152.0,159.1,167575
SPMLINFRA,2017-11-29 09:15:00+05:30,159.55,159.55,152.0,152.8,75238
SPMLINFRA,2017-11-30 09:15:00+05:30,152.5,154.9,151.9,153.2,77810
SPMLINFRA,2017-12-01 09:15:00+05:30,153.8,172.5,153.2,156.8,225662
SPMLINFRA,2017-12-04 09:15:00+05:30,157.0,160.0,151.7,152.25,107307
SPMLINFRA,2017-12-05 09:15:00+05:30,153.9,156.9,152.55,155.1,101701
SPMLINFRA,2017-12-06 09:15:00+05:30,159.0,161.45,151.6,154.2,123427
SPMLINFRA,2017-12-07 09:16:00+05:30,155.0,158.0,155.0,155.9,82811
SPMLINFRA,2017-12-08 09:16:00+05:30,156.95,158.1,155.0,155.55,81292
SPMLINFRA,2017-12-11 09:19:00+05:30,156.0,159.0,148.4,151.3,77876
SPMLINFRA,2017-12-12 09:15:00+05:30,152.35,155.5,148.6,150.2,233352
SPMLINFRA,2017-12-13 09:15:00+05:30,154.0,154.75,148.05,149.65,89198
SPMLINFRA,2017-12-14 09:16:00+05:30,152.05,153.9,148.5,152.55,94460
SPMLINFRA,2017-12-15 09:20:00+05:30,154.0,155.05,150.15,151.75,83079
SPMLINFRA,2017-12-18 09:15:00+05:30,151.95,151.95,145.0,149.75,56258
SPMLINFRA,2017-12-19 09:16:00+05:30,151.05,158.95,148.5,157.05,102168
SPMLINFRA,2017-12-20 09:17:00+05:30,157.5,157.5,149.2,150.8,87471
SPMLINFRA,2017-12-21 09:15:00+05:30,152.45,152.45,147.5,149.25,69080
SPMLINFRA,2017-12-22 09:18:00+05:30,150.55,150.55,147.1,148.9,83072
SPMLINFRA,2017-12-26 09:15:00+05:30,150.05,152.5,148.75,150.25,82992
SPMLINFRA,2017-12-27 09:15:00+05:30,150.9,158.95,149.6,155.0,144884
SPMLINFRA,2017-12-28 09:15:00+05:30,157.45,158.0,152.05,153.2,68785
SPMLINFRA,2017-12-29 09:19:00+05:30,155.95,157.0,153.0,153.95,58330
SPMLINFRA,2018-01-01 09:15:00+05:30,159.0,159.0,151.3,153.55,92974
SPMLINFRA,2018-01-02 09:16:00+05:30,153.85,155.45,151.5,154.4,71891
SPMLINFRA,2018-01-03 09:16:00+05:30,154.95,159.55,151.0,154.05,105570
SPMLINFRA,2018-01-04 09:21:00+05:30,155.85,157.45,153.55,154.45,77284
SPMLINFRA,2018-01-05 09:17:00+05:30,155.05,157.75,154.45,156.85,97154
SPMLINFRA,2018-01-08 09:20:00+05:30,158.9,158.9,152.55,154.0,91360
SPMLINFRA,2018-01-09 09:16:00+05:30,156.5,157.0,152.45,154.3,88620
SPMLINFRA,2018-01-10 09:16:00+05:30,155.0,157.0,155.0,155.0,75342
SPMLINFRA,2018-01-11 09:15:00+05:30,156.45,156.55,152.0,152.9,74821
SPMLINFRA,2018-01-12 09:16:00+05:30,155.0,155.95,152.0,152.75,91009
SPMLINFRA,2018-01-15 09:20:00+05:30,152.75,154.5,152.55,153.15,63739
SPMLINFRA,2018-01-16 09:15:00+05:30,153.7,153.7,148.0,148.95,68749
SPMLINFRA,2018-01-17 09:20:00+05:30,148.5,149.75,141.55,144.65,94792
SPMLINFRA,2018-01-18 09:15:00+05:30,144.5,150.1,143.9,144.65,74687
SPMLINFRA,2018-01-19 09:15:00+05:30,148.8,148.8,141.1,143.3,54884
SPMLINFRA,2018-01-22 09:15:00+05:30,143.3,145.8,142.0,143.4,65089
SPMLINFRA,2018-01-23 09:18:00+05:30,146.0,146.0,140.85,142.9,68271
SPMLINFRA,2018-01-24 09:15:00+05:30,144.0,145.0,141.2,144.2,68808
SPMLINFRA,2018-01-25 09:15:00+05:30,144.25,144.75,142.6,143.7,177750
SPMLINFRA,2018-01-29 09:18:00+05:30,143.0,143.25,136.0,137.7,74326
SPMLINFRA,2018-01-30 09:16:00+05:30,138.95,139.0,127.95,131.8,64247
SPMLINFRA,2018-01-31 09:15:00+05:30,131.2,137.45,131.1,135.1,68487
SPMLINFRA,2018-02-01 09:17:00+05:30,137.0,137.75,132.05,135.5,58319
SPMLINFRA,2018-02-02 09:15:00+05:30,136.5,136.5,115.0,118.5,78067
SPMLINFRA,2018-02-05 09:15:00+05:30,117.1,120.9,105.95,118.2,62698
SPMLINFRA,2018-02-06 09:15:00+05:30,114.65,117.35,108.05,111.5,68654
SPMLINFRA,2018-02-07 09:17:00+05:30,116.0,118.05,113.65,115.55,40567
SPMLINFRA,2018-02-08 09:20:00+05:30,115.6,124.0,114.95,122.25,27500
SPMLINFRA,2018-02-09 09:15:00+05:30,119.0,130.5,117.0,127.9,35314
SPMLINFRA,2018-02-12 09:25:00+05:30,130.6,131.95,128.0,129.15,14571
SPMLINFRA,2018-02-14 09:15:00+05:30,129.0,132.0,127.05,128.0,37305
SPMLINFRA,2018-02-15 09:18:00+05:30,135.0,135.0,117.8,120.5,24968
SPMLINFRA,2018-02-16 09:15:00+05:30,123.0,123.0,116.65,119.6,20496
SPMLINFRA,2018-02-19 09:16:00+05:30,119.0,123.85,116.65,117.6,7643
SPMLINFRA,2018-02-20 09:19:00+05:30,120.0,122.0,115.55,116.7,171023
SPMLINFRA,2018-02-21 09:20:00+05:30,121.0,121.0,114.0,114.65,89921
SPMLINFRA,2018-02-22 09:23:00+05:30,113.0,117.5,112.75,115.55,5149
SPMLINFRA,2018-02-23 09:19:00+05:30,114.0,120.0,114.0,118.85,5164
SPMLINFRA,2018-02-26 09:16:00+05:30,120.0,120.0,114.0,115.2,7473
SPMLINFRA,2018-02-27 09:16:00+05:30,115.25,115.6,112.5,114.75,9191
SPMLINFRA,2018-02-28 09:15:00+05:30,113.0,115.7,108.7,111.9,8103
SPMLINFRA,2018-03-01 09:33:00+05:30,112.55,112.55,105.8,106.8,37823
SPMLINFRA,2018-03-05 09:21:00+05:30,107.0,107.75,102.15,104.3,55880
SPMLINFRA,2018-03-06 09:24:00+05:30,107.0,113.7,104.0,105.3,43755
SPMLINFRA,2018-03-07 09:16:00+05:30,103.2,106.0,101.0,103.35,12625
SPMLINFRA,2018-03-08 09:41:00+05:30,101.25,107.95,101.0,105.65,13597
SPMLINFRA,2018-03-09 09:18:00+05:30,109.0,109.0,101.0,102.4,67826
SPMLINFRA,2018-03-12 09:15:00+05:30,106.0,108.95,100.9,103.15,17798
SPMLINFRA,2018-03-13 09:18:00+05:30,100.6,107.95,100.6,102.8,27217
SPMLINFRA,2018-03-14 09:15:00+05:30,101.0,104.8,99.75,102.5,16294
SPMLINFRA,2018-03-15 09:22:00+05:30,105.0,105.0,102.4,102.75,4890
SPMLINFRA,2018-03-16 09:22:00+05:30,101.0,107.9,100.2,104.1,4192
SPMLINFRA,2018-03-19 09:20:00+05:30,106.0,106.0,101.25,102.15,22580
SPMLINFRA,2018-03-20 09:26:00+05:30,100.2,102.85,99.2,99.95,5814
SPMLINFRA,2018-03-21 09:19:00+05:30,103.9,103.9,98.2,100.35,110214
SPMLINFRA,2018-03-22 09:17:00+05:30,100.0,102.0,94.0,95.1,19445
SPMLINFRA,2018-03-23 09:15:00+05:30,90.5,93.9,88.7,90.9,133655
SPMLINFRA,2018-03-26 09:19:00+05:30,90.0,90.8,75.4,82.2,121768
SPMLINFRA,2018-03-27 09:16:00+05:30,82.0,95.8,82.0,91.05,108192
SPMLINFRA,2018-03-28 09:16:00+05:30,89.0,90.5,86.05,88.45,17679
SPMLINFRA,2018-04-02 09:22:00+05:30,88.0,97.6,86.2,95.25,21163
SPMLINFRA,2018-04-03 09:16:00+05:30,95.0,99.0,91.55,97.85,10553
SPMLINFRA,2018-04-04 09:15:00+05:30,102.9,104.95,97.25,99.55,33297
SPMLINFRA,2018-04-05 09:16:00+05:30,104.0,104.4,101.2,102.4,10598
SPMLINFRA,2018-04-06 09:50:00+05:30,103.95,103.95,101.0,103.0,21204
SPMLINFRA,2018-04-09 09:17:00+05:30,102.0,104.85,102.0,103.3,7744
SPMLINFRA,2018-04-10 09:16:00+05:30,103.0,121.65,102.6,108.65,239823
SPMLINFRA,2018-04-11 09:15:00+05:30,108.0,108.0,103.5,105.6,51524
SPMLINFRA,2018-04-12 09:15:00+05:30,104.0,105.85,97.5,99.0,59528
SPMLINFRA,2018-04-13 09:15:00+05:30,99.95,100.0,96.05,98.15,59573
SPMLINFRA,2018-04-16 09:15:00+05:30,96.95,98.45,94.0,96.4,68399
SPMLINFRA,2018-04-17 09:15:00+05:30,96.6,97.9,92.1,93.95,26322
SPMLINFRA,2018-04-18 09:15:00+05:30,93.0,95.95,90.5,92.55,37542
SPMLINFRA,2018-04-19 09:15:00+05:30,92.15,94.0,92.0,92.5,15846
SPMLINFRA,2018-04-20 09:16:00+05:30,94.3,94.3,89.7,93.2,134398
SPMLINFRA,2018-04-23 09:15:00+05:30,93.0,93.7,91.1,91.7,11360
SPMLINFRA,2018-04-24 09:15:00+05:30,90.1,95.0,86.65,93.9,9304
SPMLINFRA,2018-04-25 09:16:00+05:30,94.85,94.9,92.05,92.7,21290
SPMLINFRA,2018-04-26 09:17:00+05:30,92.7,93.55,90.4,91.55,10011
SPMLINFRA,2018-04-27 09:16:00+05:30,91.0,92.7,89.5,90.45,14854
SPMLINFRA,2018-04-30 09:27:00+05:30,89.5,91.85,86.4,88.05,10986
SPMLINFRA,2018-05-02 09:15:00+05:30,90.9,90.9,85.35,87.85,18680
SPMLINFRA,2018-05-03 09:47:00+05:30,89.0,89.75,84.5,85.8,8112
SPMLINFRA,2018-05-04 09:28:00+05:30,85.1,101.45,84.15,98.75,419080
SPMLINFRA,2018-05-07 09:15:00+05:30,99.95,118.5,99.95,115.65,1650800
SPMLINFRA,2018-05-08 09:15:00+05:30,112.8,116.75,107.0,109.0,440875
SPMLINFRA,2018-05-09 09:15:00+05:30,110.4,113.5,108.2,109.25,252490
SPMLINFRA,2018-05-10 09:15:00+05:30,109.0,117.3,109.0,114.1,491872
SPMLINFRA,2018-05-11 09:15:00+05:30,116.9,120.0,114.25,117.25,523155
SPMLINFRA,2018-05-14 09:15:00+05:30,117.0,124.0,117.0,120.0,1292640
SPMLINFRA,2018-05-15 09:15:00+05:30,119.8,119.8,111.0,112.95,271129
SPMLINFRA,2018-05-16 09:15:00+05:30,112.0,113.75,107.0,108.75,173638
SPMLINFRA,2018-05-17 09:15:00+05:30,111.9,111.9,108.05,108.9,138985
SPMLINFRA,2018-05-18 09:15:00+05:30,110.9,110.9,103.0,104.85,113593
SPMLINFRA,2018-05-21 09:15:00+05:30,105.0,107.0,95.2,106.1,154988
SPMLINFRA,2018-05-22 09:15:00+05:30,106.0,109.8,102.35,104.5,156252
SPMLINFRA,2018-05-23 09:15:00+05:30,104.9,113.4,102.55,106.35,126275
SPMLINFRA,2018-05-24 09:15:00+05:30,107.9,116.15,106.0,107.15,149479
SPMLINFRA,2018-05-25 09:15:00+05:30,107.9,112.0,107.9,110.65,147899
SPMLINFRA,2018-05-28 09:15:00+05:30,111.85,113.9,110.0,110.4,161246
SPMLINFRA,2018-05-29 09:15:00+05:30,110.8,112.75,110.1,110.95,107561
SPMLINFRA,2018-05-30 09:15:00+05:30,110.9,111.8,102.75,108.65,114532
SPMLINFRA,2018-05-31 09:17:00+05:30,114.0,114.0,107.3,108.55,128083
SPMLINFRA,2018-06-01 09:15:00+05:30,110.7,111.8,103.95,104.5,86605
SPMLINFRA,2018-06-04 09:15:00+05:30,106.3,106.4,95.8,100.1,94274
SPMLINFRA,2018-06-05 09:15:00+05:30,101.0,103.3,95.35,98.8,160332
SPMLINFRA,2018-06-06 09:15:00+05:30,99.0,99.85,97.75,98.6,109062
SPMLINFRA,2018-06-07 09:15:00+05:30,100.8,111.15,99.0,105.3,167667
SPMLINFRA,2018-06-08 09:15:00+05:30,106.95,107.75,103.55,104.35,84624
SPMLINFRA,2018-06-11 09:17:00+05:30,105.0,105.15,99.95,100.55,96882
SPMLINFRA,2018-06-12 09:15:00+05:30,100.55,102.6,99.1,101.6,86019
SPMLINFRA,2018-06-13 09:15:00+05:30,101.9,103.0,99.55,100.4,84787
SPMLINFRA,2018-06-14 09:15:00+05:30,102.45,104.35,100.7,102.35,93911
SPMLINFRA,2018-06-15 09:15:00+05:30,102.0,102.9,100.1,101.4,94486
SPMLINFRA,2018-06-18 09:15:00+05:30,102.5,103.75,99.75,100.45,71844
SPMLINFRA,2018-06-19 09:15:00+05:30,100.5,101.35,98.0,100.0,91712
SPMLINFRA,2018-06-20 09:15:00+05:30,100.0,100.9,99.8,100.3,87699
SPMLINFRA,2018-06-21 09:15:00+05:30,100.9,100.9,99.55,99.9,76794
SPMLINFRA,2018-06-22 09:15:00+05:30,101.9,101.9,95.0,96.3,77310
SPMLINFRA,2018-06-25 09:15:00+05:30,97.5,97.5,93.0,93.95,127416
SPMLINFRA,2018-06-26 09:15:00+05:30,94.9,96.5,86.0,90.55,177399
SPMLINFRA,2018-06-27 09:15:00+05:30,93.0,93.4,89.0,89.1,58440
SPMLINFRA,2018-06-28 09:15:00+05:30,90.9,92.7,89.75,90.4,66215
SPMLINFRA,2018-06-29 09:15:00+05:30,92.4,92.4,90.25,91.2,90373
SPMLINFRA,2018-07-02 09:15:00+05:30,94.8,94.8,90.25,91.5,69235
SPMLINFRA,2018-07-03 09:15:00+05:30,91.3,94.8,91.0,93.85,89897
SPMLINFRA,2018-07-04 09:15:00+05:30,95.0,95.55,93.1,93.4,82206
SPMLINFRA,2018-07-05 09:15:00+05:30,94.75,96.0,93.0,94.55,76132
SPMLINFRA,2018-07-06 09:18:00+05:30,95.2,97.9,94.5,96.3,60531
SPMLINFRA,2018-07-09 09:15:00+05:30,98.0,98.8,95.9,98.15,82575
SPMLINFRA,2018-07-10 09:15:00+05:30,98.0,102.3,95.0,97.05,82045
SPMLINFRA,2018-07-11 09:15:00+05:30,96.2,97.0,91.55,92.05,75288
SPMLINFRA,2018-07-12 09:15:00+05:30,93.5,94.9,92.55,94.4,66238
SPMLINFRA,2018-07-13 09:15:00+05:30,94.5,95.9,92.15,92.85,60615
SPMLINFRA,2018-07-16 09:15:00+05:30,96.6,96.6,90.0,91.2,66015
SPMLINFRA,2018-07-17 09:15:00+05:30,94.8,103.2,91.6,98.0,125476
SPMLINFRA,2018-07-18 09:15:00+05:30,97.5,104.8,78.4,78.4,569636
SPMLINFRA,2018-07-19 09:15:00+05:30,78.9,80.0,71.0,73.6,116941
SPMLINFRA,2018-07-20 09:15:00+05:30,73.5,78.9,71.55,76.15,54424
SPMLINFRA,2018-07-23 09:52:00+05:30,74.8,76.95,72.9,74.75,88207
SPMLINFRA,2018-07-24 09:16:00+05:30,74.0,78.0,74.0,75.25,69640
SPMLINFRA,2018-07-25 09:16:00+05:30,75.8,78.6,73.5,74.8,97387
SPMLINFRA,2018-07-26 09:16:00+05:30,75.5,75.9,74.1,74.8,61625
SPMLINFRA,2018-07-27 09:15:00+05:30,75.0,76.95,74.2,74.8,50765
SPMLINFRA,2018-07-30 09:15:00+05:30,75.0,79.25,75.0,77.65,71261
SPMLINFRA,2018-07-31 09:15:00+05:30,77.0,78.7,72.0,75.35,85300
SPMLINFRA,2018-08-01 09:16:00+05:30,75.9,76.8,73.0,74.45,72175
SPMLINFRA,2018-08-02 09:19:00+05:30,75.0,75.4,72.1,72.9,27264
SPMLINFRA,2018-08-03 09:15:00+05:30,73.05,83.5,73.05,79.0,189864
SPMLINFRA,2018-08-06 09:15:00+05:30,81.8,83.0,78.6,79.95,75148
SPMLINFRA,2018-08-07 09:16:00+05:30,81.7,81.7,74.1,75.45,51540
SPMLINFRA,2018-08-08 09:15:00+05:30,75.7,77.75,74.0,74.75,44696
SPMLINFRA,2018-08-09 09:15:00+05:30,75.7,75.8,73.6,74.6,79780
SPMLINFRA,2018-08-10 09:15:00+05:30,75.25,75.7,72.85,73.15,34694
SPMLINFRA,2018-08-13 09:15:00+05:30,73.0,73.0,70.5,70.65,28020
SPMLINFRA,2018-08-14 09:15:00+05:30,71.9,74.0,68.0,69.75,28344
SPMLINFRA,2018-08-16 09:16:00+05:30,70.95,73.0,68.4,69.75,13023
SPMLINFRA,2018-08-17 09:16:00+05:30,70.8,70.8,68.55,68.9,17757
SPMLINFRA,2018-08-20 09:15:00+05:30,69.8,69.8,68.1,68.35,15188
SPMLINFRA,2018-08-21 09:20:00+05:30,69.1,69.1,67.0,67.45,13137
SPMLINFRA,2018-08-23 09:19:00+05:30,67.2,71.5,67.2,69.95,105789
SPMLINFRA,2018-08-24 09:15:00+05:30,70.8,71.9,64.7,67.15,75342
SPMLINFRA,2018-08-27 09:15:00+05:30,67.15,68.15,64.1,65.95,32704
SPMLINFRA,2018-08-28 09:16:00+05:30,66.65,67.0,65.1,65.65,15808
SPMLINFRA,2018-08-29 09:15:00+05:30,65.95,65.95,63.25,63.95,20392
SPMLINFRA,2018-08-30 09:15:00+05:30,64.9,65.5,63.9,64.65,18531
SPMLINFRA,2018-08-31 09:15:00+05:30,64.9,66.9,64.0,64.5,11302
SPMLINFRA,2018-09-03 09:16:00+05:30,65.85,65.85,62.65,63.75,21266
SPMLINFRA,2018-09-04 09:16:00+05:30,63.55,63.8,61.65,62.45,24733
SPMLINFRA,2018-09-05 09:24:00+05:30,62.5,62.55,61.5,61.85,11234
SPMLINFRA,2018-09-06 09:18:00+05:30,63.15,64.5,62.75,63.5,14268
SPMLINFRA,2018-09-07 09:16:00+05:30,64.45,64.45,62.25,63.4,10080
SPMLINFRA,2018-09-10 09:23:00+05:30,63.75,64.9,63.2,63.45,10228
SPMLINFRA,2018-09-11 09:15:00+05:30,63.9,64.0,62.05,62.7,6445
SPMLINFRA,2018-09-12 09:16:00+05:30,62.4,62.95,60.2,61.15,8694
SPMLINFRA,2018-09-14 09:22:00+05:30,60.3,62.8,60.3,60.95,10081
SPMLINFRA,2018-09-17 09:15:00+05:30,60.85,61.65,59.35,59.95,10526
SPMLINFRA,2018-09-18 09:15:00+05:30,60.0,60.6,58.65,59.6,4339
SPMLINFRA,2018-09-19 09:23:00+05:30,59.75,59.75,56.05,56.7,12798
SPMLINFRA,2018-09-21 09:23:00+05:30,57.0,57.0,45.4,52.3,29355
SPMLINFRA,2018-09-24 09:25:00+05:30,50.3,52.6,44.15,49.05,37259
SPMLINFRA,2018-09-25 09:30:00+05:30,47.1,48.0,44.25,46.0,29732
SPMLINFRA,2018-09-26 09:15:00+05:30,49.5,49.5,45.25,46.3,8411
SPMLINFRA,2018-09-27 09:30:00+05:30,45.25,46.6,42.2,43.05,17634
SPMLINFRA,2018-09-28 10:01:00+05:30,46.6,46.85,43.2,45.5,13407
SPMLINFRA,2018-10-01 09:30:00+05:30,43.45,46.85,42.0,45.25,4620
SPMLINFRA,2018-10-03 09:17:00+05:30,47.45,53.4,42.0,48.0,13954
SPMLINFRA,2018-10-04 09:26:00+05:30,50.95,50.95,46.35,47.55,3363
SPMLINFRA,2018-10-05 09:15:00+05:30,45.0,49.55,44.1,46.9,30704
SPMLINFRA,2018-10-08 09:19:00+05:30,46.9,47.5,43.1,45.05,13277
SPMLINFRA,2018-10-09 09:15:00+05:30,45.9,46.95,44.0,46.05,4998
SPMLINFRA,2018-10-10 09:43:00+05:30,45.75,48.55,44.35,47.85,7420
SPMLINFRA,2018-10-11 09:15:00+05:30,45.1,46.3,42.1,44.85,15782
SPMLINFRA,2018-10-12 09:37:00+05:30,45.55,48.9,45.5,47.95,6722
SPMLINFRA,2018-10-15 09:15:00+05:30,47.9,49.85,46.25,48.55,15596
SPMLINFRA,2018-10-16 09:44:00+05:30,49.45,58.25,49.0,58.25,46338
SPMLINFRA,2018-10-17 09:15:00+05:30,62.8,63.35,54.3,56.7,86656
SPMLINFRA,2018-10-19 09:15:00+05:30,56.9,62.85,55.15,57.15,21565
SPMLINFRA,2018-10-22 09:15:00+05:30,57.25,59.8,51.0,52.7,12607
SPMLINFRA,2018-10-23 09:15:00+05:30,53.0,55.0,49.3,50.85,7366
SPMLINFRA,2018-10-24 09:15:00+05:30,52.0,61.0,51.8,60.9,349471
SPMLINFRA,2018-10-25 09:15:00+05:30,59.7,64.45,54.0,54.55,501457
SPMLINFRA,2018-10-26 09:15:00+05:30,54.5,57.9,54.0,56.4,86225
SPMLINFRA,2018-10-29 09:15:00+05:30,60.7,60.7,56.5,58.6,91473
SPMLINFRA,2018-10-30 09:15:00+05:30,59.0,60.9,56.0,57.5,74360
SPMLINFRA,2018-10-31 09:16:00+05:30,58.3,58.5,53.1,54.05,68829
SPMLINFRA,2018-11-01 09:15:00+05:30,54.0,55.3,52.2,52.95,30820
SPMLINFRA,2018-11-02 09:15:00+05:30,53.95,55.35,52.15,54.1,24030
SPMLINFRA,2018-11-05 09:16:00+05:30,55.0,55.05,52.1,53.95,28150
SPMLINFRA,2018-11-06 09:20:00+05:30,54.95,54.95,52.6,53.05,7603
SPMLINFRA,2018-11-09 09:18:00+05:30,53.9,55.0,52.45,54.45,12017
SPMLINFRA,2018-11-12 09:17:00+05:30,54.6,55.5,52.5,52.7,14994
SPMLINFRA,2018-11-13 09:15:00+05:30,53.9,54.5,50.35,52.05,23706
SPMLINFRA,2018-11-14 09:27:00+05:30,52.75,53.5,50.55,51.0,16155
SPMLINFRA,2018-11-15 09:15:00+05:30,53.5,58.0,53.2,55.2,101295
SPMLINFRA,2018-11-16 09:15:00+05:30,55.2,57.4,51.35,52.05,40534
SPMLINFRA,2018-11-19 09:15:00+05:30,53.6,54.95,50.35,52.8,80284
SPMLINFRA,2018-11-20 09:15:00+05:30,52.85,59.0,51.15,51.9,30234
SPMLINFRA,2018-11-21 09:15:00+05:30,51.45,52.85,50.5,51.0,12695
SPMLINFRA,2018-11-22 09:20:00+05:30,50.25,51.45,49.8,50.4,21915
SPMLINFRA,2018-11-26 09:15:00+05:30,50.9,50.9,48.4,48.85,10460
SPMLINFRA,2018-11-27 09:15:00+05:30,48.3,49.7,47.1,48.75,17376
SPMLINFRA,2018-11-28 09:18:00+05:30,49.65,49.65,47.3,47.95,14124
SPMLINFRA,2018-11-29 09:17:00+05:30,48.55,49.0,45.9,46.45,21253
SPMLINFRA,2018-11-30 09:22:00+05:30,46.45,46.5,43.7,44.6,24445
SPMLINFRA,2018-12-03 00:00:00+05:30,44.6,45.8,43.05,44.15,31178
SPMLINFRA,2018-12-04 00:00:00+05:30,45.35,45.9,43.45,44.7,29381
SPMLINFRA,2018-12-05 00:00:00+05:30,43.85,44.9,43.35,43.95,14325
SPMLINFRA,2018-12-06 00:00:00+05:30,43.6,43.6,41.2,41.55,24639
SPMLINFRA,2018-12-07 00:00:00+05:30,41.0,41.6,39.5,40.2,19134
SPMLINFRA,2018-12-10 00:00:00+05:30,44.0,44.0,38.8,41.15,18259
SPMLINFRA,2018-12-11 00:00:00+05:30,40.85,42.4,39.75,41.95,10537
SPMLINFRA,2018-12-12 00:00:00+05:30,42.05,44.6,39.1,41.5,33841
SPMLINFRA,2018-12-13 00:00:00+05:30,41.25,43.8,41.2,41.9,15235
SPMLINFRA,2018-12-14 00:00:00+05:30,43.1,43.2,40.85,41.85,17644
SPMLINFRA,2018-12-17 00:00:00+05:30,42.0,42.5,40.3,41.05,19520
SPMLINFRA,2018-12-18 00:00:00+05:30,40.9,41.9,39.8,40.25,39290
SPMLINFRA,2018-12-19 00:00:00+05:30,40.45,42.9,39.6,41.15,164806
SPMLINFRA,2018-12-20 00:00:00+05:30,41.0,44.05,40.5,41.0,117248
SPMLINFRA,2018-12-21 00:00:00+05:30,41.8,42.45,39.8,40.0,20235
SPMLINFRA,2018-12-24 00:00:00+05:30,40.05,40.5,39.25,39.6,7710
SPMLINFRA,2018-12-26 00:00:00+05:30,39.05,40.0,38.25,39.75,16793
SPMLINFRA,2018-12-27 00:00:00+05:30,40.05,41.0,38.3,39.25,14221
SPMLINFRA,2018-12-28 00:00:00+05:30,39.9,40.0,39.2,39.4,7428
SPMLINFRA,2018-12-31 00:00:00+05:30,39.35,40.45,39.3,39.65,18806
SPMLINFRA,2019-01-01 00:00:00+05:30,40.05,40.55,39.1,39.85,18191
SPMLINFRA,2019-01-02 00:00:00+05:30,39.25,40.0,39.2,39.8,10079
SPMLINFRA,2019-01-03 00:00:00+05:30,39.15,40.0,39.1,39.7,11023
SPMLINFRA,2019-01-04 00:00:00+05:30,39.3,39.5,39.0,39.15,13630
SPMLINFRA,2019-01-07 00:00:00+05:30,39.35,39.75,38.65,38.75,16648
SPMLINFRA,2019-01-08 00:00:00+05:30,38.75,39.95,38.5,39.2,5525
SPMLINFRA,2019-01-09 00:00:00+05:30,39.7,39.9,38.75,38.8,11318
SPMLINFRA,2019-01-10 00:00:00+05:30,38.25,39.9,37.45,38.6,4274
SPMLINFRA,2019-01-11 00:00:00+05:30,38.2,39.15,37.75,37.95,10356
SPMLINFRA,2019-01-14 00:00:00+05:30,37.55,38.6,37.05,37.45,11848
SPMLINFRA,2019-01-15 00:00:00+05:30,38.65,38.7,36.7,37.0,9180
SPMLINFRA,2019-01-16 00:00:00+05:30,38.3,39.25,36.1,38.65,29101
SPMLINFRA,2019-01-17 00:00:00+05:30,38.9,40.0,38.5,38.8,11587
SPMLINFRA,2019-01-18 00:00:00+05:30,38.85,39.25,38.4,38.6,2366
SPMLINFRA,2019-01-21 00:00:00+05:30,38.55,38.65,36.65,37.65,11855
SPMLINFRA,2019-01-22 00:00:00+05:30,38.3,38.3,36.35,36.9,13726
SPMLINFRA,2019-01-23 00:00:00+05:30,37.65,37.65,35.05,36.3,26332
SPMLINFRA,2019-01-24 00:00:00+05:30,36.15,37.0,35.6,36.35,8797
SPMLINFRA,2019-01-25 00:00:00+05:30,36.85,39.4,35.8,36.15,18574
SPMLINFRA,2019-01-28 00:00:00+05:30,35.65,35.65,33.1,33.65,5025
SPMLINFRA,2019-01-29 00:00:00+05:30,33.95,34.0,30.75,31.95,23983
SPMLINFRA,2019-01-30 00:00:00+05:30,31.1,33.05,28.1,29.7,155619
SPMLINFRA,2019-01-31 00:00:00+05:30,30.4,31.45,29.1,30.3,10517
SPMLINFRA,2019-02-01 00:00:00+05:30,29.55,34.4,29.55,31.85,11523
SPMLINFRA,2019-02-04 00:00:00+05:30,32.0,32.0,29.05,31.35,5288
SPMLINFRA,2019-02-05 00:00:00+05:30,30.5,32.85,30.5,32.25,14172
SPMLINFRA,2019-02-06 00:00:00+05:30,32.25,32.3,31.5,32.0,7655
SPMLINFRA,2019-02-07 00:00:00+05:30,32.25,33.85,30.95,32.75,24221
SPMLINFRA,2019-02-08 00:00:00+05:30,31.95,32.85,30.4,31.45,17095
SPMLINFRA,2019-02-11 00:00:00+05:30,32.9,32.9,27.95,29.55,24966
SPMLINFRA,2019-02-12 00:00:00+05:30,29.15,31.6,28.3,29.9,13503
SPMLINFRA,2019-02-13 00:00:00+05:30,30.8,30.8,28.5,29.15,19329
SPMLINFRA,2019-02-14 00:00:00+05:30,29.75,30.65,28.25,28.65,6727
SPMLINFRA,2019-02-15 00:00:00+05:30,30.0,31.45,27.75,30.35,11364
SPMLINFRA,2019-02-18 00:00:00+05:30,29.6,30.9,27.6,29.5,16374
SPMLINFRA,2019-02-19 00:00:00+05:30,29.95,30.9,29.35,29.75,3728
SPMLINFRA,2019-02-20 00:00:00+05:30,29.15,30.95,29.1,29.85,2758
SPMLINFRA,2019-02-21 00:00:00+05:30,30.95,32.85,29.25,30.15,9620
SPMLINFRA,2019-02-22 00:00:00+05:30,29.65,32.45,29.5,31.45,20894
SPMLINFRA,2019-02-25 00:00:00+05:30,32.0,33.0,30.5,30.85,11242
SPMLINFRA,2019-02-26 00:00:00+05:30,30.55,30.55,28.65,29.9,15454
SPMLINFRA,2019-02-27 00:00:00+05:30,29.7,31.85,29.15,29.8,11863
SPMLINFRA,2019-02-28 00:00:00+05:30,30.0,30.75,29.6,30.25,3216
SPMLINFRA,2019-03-01 00:00:00+05:30,30.2,31.8,29.0,30.35,15533
SPMLINFRA,2019-03-05 00:00:00+05:30,30.7,31.75,30.35,31.0,60666
SPMLINFRA,2019-03-06 00:00:00+05:30,33.9,33.9,31.45,32.6,64141
SPMLINFRA,2019-03-07 00:00:00+05:30,32.7,34.0,31.95,32.95,94188
SPMLINFRA,2019-03-08 00:00:00+05:30,32.15,32.9,31.4,32.25,7968
SPMLINFRA,2019-03-11 00:00:00+05:30,32.25,33.75,31.8,32.85,22398
SPMLINFRA,2019-03-12 00:00:00+05:30,33.05,34.45,32.5,32.7,16791
SPMLINFRA,2019-03-13 00:00:00+05:30,33.25,33.25,30.0,30.95,18118
SPMLINFRA,2019-03-14 00:00:00+05:30,31.75,31.75,30.3,30.6,8657
SPMLINFRA,2019-03-15 00:00:00+05:30,30.8,31.35,30.3,30.45,6990
SPMLINFRA,2019-03-18 00:00:00+05:30,31.5,36.5,30.4,34.5,523108
SPMLINFRA,2019-03-19 00:00:00+05:30,35.4,36.55,33.5,33.8,266993
SPMLINFRA,2019-03-20 00:00:00+05:30,35.0,35.0,31.6,31.95,103179
SPMLINFRA,2019-03-22 00:00:00+05:30,32.1,32.8,29.8,30.7,108611
SPMLINFRA,2019-03-25 00:00:00+05:30,30.75,30.9,29.25,30.25,87013
SPMLINFRA,2019-03-26 00:00:00+05:30,30.3,30.8,29.75,30.35,19523
SPMLINFRA,2019-03-27 00:00:00+05:30,30.1,31.1,29.8,29.95,33088
SPMLINFRA,2019-03-28 00:00:00+05:30,29.95,31.55,29.55,30.35,40297
SPMLINFRA,2019-03-29 00:00:00+05:30,30.9,31.75,29.35,29.9,28365
SPMLINFRA,2019-04-01 00:00:00+05:30,29.5,31.9,29.5,30.35,49894
SPMLINFRA,2019-04-02 00:00:00+05:30,31.2,31.2,29.95,30.1,32650
SPMLINFRA,2019-04-03 00:00:00+05:30,30.5,30.8,29.3,29.45,52005
SPMLINFRA,2019-04-04 00:00:00+05:30,29.5,30.9,29.1,30.1,66538
SPMLINFRA,2019-04-05 00:00:00+05:30,30.0,30.95,29.7,30.05,64345
SPMLINFRA,2019-04-08 00:00:00+05:30,30.4,30.6,29.25,29.75,24803
SPMLINFRA,2019-04-09 00:00:00+05:30,29.7,29.9,29.1,29.35,14791
SPMLINFRA,2019-04-10 00:00:00+05:30,29.4,30.0,29.2,29.8,41853
SPMLINFRA,2019-04-11 00:00:00+05:30,30.0,30.6,29.1,29.55,9190
SPMLINFRA,2019-04-12 00:00:00+05:30,29.55,29.65,29.05,29.2,21402
SPMLINFRA,2019-04-15 00:00:00+05:30,29.45,30.0,29.25,29.85,13480
SPMLINFRA,2019-04-16 00:00:00+05:30,29.8,30.0,29.3,29.7,23691
SPMLINFRA,2019-04-18 00:00:00+05:30,30.05,30.05,28.65,29.9,43636
SPMLINFRA,2019-04-22 00:00:00+05:30,29.85,29.85,28.5,28.6,18187
SPMLINFRA,2019-04-23 00:00:00+05:30,29.4,29.45,28.05,28.25,14843
SPMLINFRA,2019-04-24 00:00:00+05:30,28.1,28.8,27.95,28.1,5573
SPMLINFRA,2019-04-25 00:00:00+05:30,28.15,28.3,26.8,27.25,31708
SPMLINFRA,2019-04-26 00:00:00+05:30,27.4,28.25,27.15,27.6,30083
SPMLINFRA,2019-04-30 00:00:00+05:30,28.3,28.6,26.1,26.65,11966
SPMLINFRA,2019-05-02 00:00:00+05:30,26.7,26.7,24.6,25.15,11065
SPMLINFRA,2019-05-03 00:00:00+05:30,24.3,25.4,23.65,24.15,28033
SPMLINFRA,2019-05-06 00:00:00+05:30,24.9,27.6,23.15,26.0,79703
SPMLINFRA,2019-05-07 00:00:00+05:30,26.65,31.2,26.25,30.55,317490
SPMLINFRA,2019-05-08 00:00:00+05:30,29.4,30.2,27.45,28.15,87023
SPMLINFRA,2019-05-09 00:00:00+05:30,28.0,28.75,26.05,26.95,25211
SPMLINFRA,2019-05-10 00:00:00+05:30,26.55,29.95,26.2,26.55,18757
SPMLINFRA,2019-05-13 00:00:00+05:30,26.45,27.3,25.5,26.0,7146
SPMLINFRA,2019-05-14 00:00:00+05:30,25.9,26.8,24.3,24.75,15943
SPMLINFRA,2019-05-15 00:00:00+05:30,24.7,27.9,24.7,26.55,76724
SPMLINFRA,2019-05-16 00:00:00+05:30,27.0,27.4,25.25,25.55,48483
SPMLINFRA,2019-05-17 00:00:00+05:30,25.55,26.95,25.25,26.45,17426
SPMLINFRA,2019-05-20 00:00:00+05:30,27.5,29.4,27.25,27.8,36182
SPMLINFRA,2019-05-21 00:00:00+05:30,27.65,28.55,26.2,27.3,21222
SPMLINFRA,2019-05-22 00:00:00+05:30,27.25,27.95,26.3,26.75,16390
SPMLINFRA,2019-05-23 00:00:00+05:30,27.4,28.0,25.1,25.95,32371
SPMLINFRA,2019-05-24 00:00:00+05:30,26.05,27.15,24.35,26.5,47985
SPMLINFRA,2019-05-27 00:00:00+05:30,26.75,29.3,26.75,28.1,287528
SPMLINFRA,2019-05-28 00:00:00+05:30,28.65,28.7,27.25,27.95,60336
SPMLINFRA,2019-05-29 00:00:00+05:30,27.85,28.0,25.4,27.1,33172
SPMLINFRA,2019-05-30 00:00:00+05:30,27.2,27.85,26.75,27.15,8871
SPMLINFRA,2019-05-31 00:00:00+05:30,27.7,28.4,25.4,25.95,60509
SPMLINFRA,2019-06-03 00:00:00+05:30,25.8,27.4,25.55,26.6,41203
SPMLINFRA,2019-06-04 00:00:00+05:30,26.75,26.9,25.75,26.3,10969
SPMLINFRA,2019-06-06 00:00:00+05:30,26.25,28.0,25.0,25.15,22397
SPMLINFRA,2019-06-07 00:00:00+05:30,25.15,25.25,23.4,24.25,35985
SPMLINFRA,2019-06-10 00:00:00+05:30,24.0,24.9,23.5,23.85,25060
SPMLINFRA,2019-06-11 00:00:00+05:30,23.6,24.9,22.15,22.55,49368
SPMLINFRA,2019-06-12 00:00:00+05:30,22.2,23.45,22.0,22.6,28830
SPMLINFRA,2019-06-13 00:00:00+05:30,22.65,22.95,22.05,22.25,14717
SPMLINFRA,2019-06-14 00:00:00+05:30,22.1,24.2,21.15,22.25,24574
SPMLINFRA,2019-06-17 00:00:00+05:30,22.2,22.2,20.2,20.95,26789
SPMLINFRA,2019-06-18 00:00:00+05:30,20.1,20.75,19.5,19.55,44496
SPMLINFRA,2019-06-19 00:00:00+05:30,20.4,20.4,16.7,17.05,86010
SPMLINFRA,2019-06-20 00:00:00+05:30,17.05,18.75,15.65,18.7,113765
SPMLINFRA,2019-06-21 00:00:00+05:30,19.0,19.0,17.25,17.75,27722
SPMLINFRA,2019-06-24 00:00:00+05:30,17.75,18.25,16.6,17.75,17388
SPMLINFRA,2019-06-25 00:00:00+05:30,18.45,18.45,16.7,17.75,19741
SPMLINFRA,2019-06-26 00:00:00+05:30,17.75,18.2,17.75,17.85,20566
SPMLINFRA,2019-06-27 00:00:00+05:30,17.9,18.0,17.1,17.5,16019
SPMLINFRA,2019-06-28 00:00:00+05:30,17.85,18.0,17.5,17.55,12746
SPMLINFRA,2019-07-01 00:00:00+05:30,17.55,18.25,17.5,18.0,36439
SPMLINFRA,2019-07-02 00:00:00+05:30,18.15,18.5,17.55,18.0,22169
SPMLINFRA,2019-07-03 00:00:00+05:30,18.4,18.4,17.3,18.0,6776
SPMLINFRA,2019-07-04 00:00:00+05:30,18.15,18.2,17.65,17.75,10674
SPMLINFRA,2019-07-05 00:00:00+05:30,17.7,18.75,17.4,18.25,28103
SPMLINFRA,2019-07-08 00:00:00+05:30,18.2,18.25,17.5,17.6,7973
SPMLINFRA,2019-07-09 00:00:00+05:30,17.4,17.9,17.0,17.4,5693
SPMLINFRA,2019-07-10 00:00:00+05:30,17.3,17.6,15.7,15.95,34814
SPMLINFRA,2019-07-11 00:00:00+05:30,15.95,16.8,14.4,15.25,79965
SPMLINFRA,2019-07-12 00:00:00+05:30,15.8,16.15,15.35,15.8,14687
SPMLINFRA,2019-07-15 00:00:00+05:30,16.25,17.35,16.25,17.35,35749
SPMLINFRA,2019-07-16 00:00:00+05:30,18.35,19.05,18.0,19.05,223169
SPMLINFRA,2019-07-17 00:00:00+05:30,19.25,19.8,17.15,17.15,58451
SPMLINFRA,2019-07-18 00:00:00+05:30,16.5,17.0,15.75,16.2,40175
SPMLINFRA,2019-07-19 00:00:00+05:30,15.8,16.75,15.65,15.75,18363
SPMLINFRA,2019-07-22 00:00:00+05:30,15.5,15.95,14.6,14.8,25261
SPMLINFRA,2019-07-23 00:00:00+05:30,14.8,15.55,14.45,14.95,11509
SPMLINFRA,2019-07-24 00:00:00+05:30,14.9,15.05,14.6,14.8,4081
SPMLINFRA,2019-07-25 00:00:00+05:30,14.75,15.2,14.6,14.8,5890
SPMLINFRA,2019-07-26 00:00:00+05:30,14.15,15.1,14.15,14.75,17453
SPMLINFRA,2019-07-29 00:00:00+05:30,14.8,15.3,14.05,14.05,42496
SPMLINFRA,2019-07-30 00:00:00+05:30,14.0,14.05,13.35,13.35,12905
SPMLINFRA,2019-07-31 00:00:00+05:30,13.0,13.0,12.7,12.7,21436
SPMLINFRA,2019-08-01 00:00:00+05:30,12.2,12.6,12.1,12.1,16610
SPMLINFRA,2019-08-02 00:00:00+05:30,12.0,12.0,11.5,11.5,16167
SPMLINFRA,2019-08-05 00:00:00+05:30,10.95,11.8,10.95,11.75,86548
SPMLINFRA,2019-08-06 00:00:00+05:30,11.75,12.3,11.5,12.3,12603
SPMLINFRA,2019-08-07 00:00:00+05:30,12.85,12.9,12.5,12.9,11561
SPMLINFRA,2019-08-08 00:00:00+05:30,13.45,13.5,12.35,12.6,21957
SPMLINFRA,2019-08-09 00:00:00+05:30,13.0,13.15,12.1,12.3,18069
SPMLINFRA,2019-08-13 00:00:00+05:30,12.3,12.5,11.75,12.45,6344
SPMLINFRA,2019-08-14 00:00:00+05:30,12.5,12.8,11.85,12.5,9686
SPMLINFRA,2019-08-16 00:00:00+05:30,12.05,13.1,12.05,12.95,100755
SPMLINFRA,2019-08-19 00:00:00+05:30,13.2,13.55,12.75,13.2,85656
SPMLINFRA,2019-08-20 00:00:00+05:30,13.0,13.55,13.0,13.15,27435
SPMLINFRA,2019-08-21 00:00:00+05:30,13.2,13.5,13.1,13.4,21689
SPMLINFRA,2019-08-22 00:00:00+05:30,13.1,13.1,12.75,12.75,6285
SPMLINFRA,2019-08-23 00:00:00+05:30,12.45,13.2,12.35,12.8,25827
SPMLINFRA,2019-08-26 00:00:00+05:30,13.2,13.4,12.85,13.25,28519
SPMLINFRA,2019-08-27 00:00:00+05:30,13.6,13.9,13.1,13.7,39744
SPMLINFRA,2019-08-28 00:00:00+05:30,13.3,14.15,13.3,13.85,6892
SPMLINFRA,2019-08-29 00:00:00+05:30,13.9,14.05,13.4,13.65,49692
SPMLINFRA,2019-08-30 00:00:00+05:30,13.6,14.25,13.55,14.2,13876
SPMLINFRA,2019-09-03 00:00:00+05:30,14.9,14.9,14.7,14.9,308422
SPMLINFRA,2019-09-04 00:00:00+05:30,15.3,15.5,14.2,14.25,82858
SPMLINFRA,2019-09-05 00:00:00+05:30,14.55,14.55,13.55,13.6,52840
SPMLINFRA,2019-09-06 00:00:00+05:30,13.55,13.55,13.05,13.25,20448
SPMLINFRA,2019-09-09 00:00:00+05:30,13.5,13.6,13.05,13.5,33468
SPMLINFRA,2019-09-11 00:00:00+05:30,13.9,13.9,12.85,13.2,69032
SPMLINFRA,2019-09-12 00:00:00+05:30,13.6,13.85,13.0,13.85,45136
SPMLINFRA,2019-09-13 00:00:00+05:30,14.5,14.5,13.25,13.45,30284
SPMLINFRA,2019-09-16 00:00:00+05:30,13.1,14.1,12.8,14.0,46791
SPMLINFRA,2019-09-17 00:00:00+05:30,13.7,14.45,13.3,13.35,24256
SPMLINFRA,2019-09-18 00:00:00+05:30,13.55,13.55,12.75,12.95,26530
SPMLINFRA,2019-09-19 00:00:00+05:30,12.95,13.0,12.35,12.4,9382
SPMLINFRA,2019-09-20 00:00:00+05:30,12.4,13.0,12.0,12.95,25139
SPMLINFRA,2019-09-23 00:00:00+05:30,12.55,13.4,12.55,12.8,15880
SPMLINFRA,2019-09-24 00:00:00+05:30,12.75,12.85,12.5,12.6,11368
SPMLINFRA,2019-09-25 00:00:00+05:30,12.2,12.7,12.0,12.5,16145
SPMLINFRA,2019-09-26 00:00:00+05:30,12.1,12.7,12.0,12.05,19378
SPMLINFRA,2019-09-27 00:00:00+05:30,12.2,12.25,11.45,11.45,42881
SPMLINFRA,2019-09-30 00:00:00+05:30,11.15,11.15,10.9,10.9,13288
SPMLINFRA,2019-10-01 00:00:00+05:30,10.4,10.75,10.4,10.4,16228
SPMLINFRA,2019-10-03 00:00:00+05:30,10.2,10.2,9.9,10.2,11396
SPMLINFRA,2019-10-04 00:00:00+05:30,10.2,10.2,9.7,9.7,26219
SPMLINFRA,2019-10-07 00:00:00+05:30,9.45,9.45,9.25,9.25,9162
SPMLINFRA,2019-10-09 00:00:00+05:30,8.8,8.8,8.8,8.8,3557
SPMLINFRA,2019-10-10 00:00:00+05:30,8.4,8.4,8.4,8.4,2958
SPMLINFRA,2019-10-11 00:00:00+05:30,8.0,8.0,8.0,8.0,5735
SPMLINFRA,2019-10-14 00:00:00+05:30,7.6,7.6,7.6,7.6,4731
SPMLINFRA,2019-10-15 00:00:00+05:30,7.25,7.25,7.25,7.25,3163
SPMLINFRA,2019-10-16 00:00:00+05:30,6.9,6.9,6.9,6.9,3872
SPMLINFRA,2019-10-17 00:00:00+05:30,6.6,6.6,6.6,6.6,10025
SPMLINFRA,2019-10-18 00:00:00+05:30,6.3,6.9,6.3,6.8,79125
SPMLINFRA,2019-10-22 00:00:00+05:30,7.1,7.1,6.85,7.1,58057
SPMLINFRA,2019-10-23 00:00:00+05:30,7.45,7.45,7.45,7.45,54320
SPMLINFRA,2019-10-24 00:00:00+05:30,7.45,7.8,7.45,7.8,50803
SPMLINFRA,2019-10-25 00:00:00+05:30,8.15,8.15,8.0,8.15,84293
SPMLINFRA,2019-10-27 00:00:00+05:30,8.55,8.55,8.55,8.55,1708
SPMLINFRA,2019-10-29 00:00:00+05:30,8.95,8.95,8.95,8.95,51612
SPMLINFRA,2019-10-30 00:00:00+05:30,9.35,9.35,9.35,9.35,41930
SPMLINFRA,2019-10-31 00:00:00+05:30,9.8,9.8,9.8,9.8,11414
SPMLINFRA,2019-11-01 00:00:00+05:30,10.25,10.25,9.75,10.25,68657
SPMLINFRA,2019-11-04 00:00:00+05:30,10.75,10.75,10.75,10.75,93798
SPMLINFRA,2019-11-05 00:00:00+05:30,11.25,11.25,11.25,11.25,34885
SPMLINFRA,2019-11-06 00:00:00+05:30,11.8,11.8,11.8,11.8,32858
SPMLINFRA,2019-11-07 00:00:00+05:30,12.35,12.35,12.35,12.35,55525
SPMLINFRA,2019-11-08 00:00:00+05:30,12.9,12.95,12.9,12.95,44398
SPMLINFRA,2019-11-11 00:00:00+05:30,13.5,13.55,12.35,12.35,73506
SPMLINFRA,2019-11-13 00:00:00+05:30,11.8,11.8,11.75,11.75,5333
SPMLINFRA,2019-11-14 00:00:00+05:30,11.2,11.2,11.2,11.2,4529
SPMLINFRA,2019-11-15 00:00:00+05:30,10.65,11.65,10.65,10.95,54835
SPMLINFRA,2019-11-18 00:00:00+05:30,10.95,11.0,10.45,10.45,18066
SPMLINFRA,2019-11-19 00:00:00+05:30,10.0,10.0,9.95,9.95,2972
SPMLINFRA,2019-11-20 00:00:00+05:30,9.95,10.4,9.6,10.1,19718
SPMLINFRA,2019-11-21 00:00:00+05:30,9.8,10.6,9.6,10.5,48946
SPMLINFRA,2019-11-22 00:00:00+05:30,10.0,11.0,10.0,11.0,23748
SPMLINFRA,2019-11-25 00:00:00+05:30,11.0,11.55,10.45,10.7,46569
SPMLINFRA,2019-11-26 00:00:00+05:30,10.7,11.0,10.3,10.45,19306
SPMLINFRA,2019-11-27 00:00:00+05:30,10.05,10.75,10.05,10.5,11113
SPMLINFRA,2019-11-28 00:00:00+05:30,10.6,10.9,10.05,10.65,6430
SPMLINFRA,2019-11-29 00:00:00+05:30,11.05,11.05,10.4,10.75,23894
SPMLINFRA,2019-12-02 00:00:00+05:30,11.2,11.25,10.85,11.05,133811
SPMLINFRA,2019-12-03 00:00:00+05:30,11.6,11.6,10.7,10.8,25703
SPMLINFRA,2019-12-04 00:00:00+05:30,10.35,11.3,10.35,10.8,49397
SPMLINFRA,2019-12-05 00:00:00+05:30,11.25,11.3,10.5,11.0,29851
SPMLINFRA,2019-12-06 00:00:00+05:30,11.95,11.95,10.95,11.1,14859
SPMLINFRA,2019-12-09 00:00:00+05:30,11.5,12.2,11.0,11.6,234912
SPMLINFRA,2019-12-10 00:00:00+05:30,11.85,12.65,11.5,12.45,104085
SPMLINFRA,2019-12-11 00:00:00+05:30,12.95,13.65,11.6,13.55,114226
SPMLINFRA,2019-12-12 00:00:00+05:30,14.5,14.85,12.9,14.25,211736
SPMLINFRA,2019-12-13 00:00:00+05:30,14.25,14.95,13.55,14.8,76877
SPMLINFRA,2019-12-16 00:00:00+05:30,14.8,15.4,14.3,14.55,67520
SPMLINFRA,2019-12-17 00:00:00+05:30,14.8,15.1,14.15,14.45,21339
SPMLINFRA,2019-12-18 00:00:00+05:30,14.9,14.9,13.95,14.1,4904
SPMLINFRA,2019-12-19 00:00:00+05:30,14.45,14.45,13.4,13.4,24351
SPMLINFRA,2019-12-20 00:00:00+05:30,13.0,13.4,12.75,12.75,14071
SPMLINFRA,2019-12-23 00:00:00+05:30,13.35,13.35,12.8,13.0,13900
SPMLINFRA,2019-12-24 00:00:00+05:30,13.45,13.65,12.35,12.35,30138
SPMLINFRA,2019-12-26 00:00:00+05:30,12.5,12.75,11.85,12.5,24005
SPMLINFRA,2019-12-27 00:00:00+05:30,12.4,13.05,11.9,12.4,46351
SPMLINFRA,2019-12-30 00:00:00+05:30,12.3,12.95,12.0,12.3,22646
SPMLINFRA,2019-12-31 00:00:00+05:30,12.0,12.65,11.85,11.95,13864
SPMLINFRA,2020-01-01 00:00:00+05:30,12.45,12.45,11.8,11.85,19737
SPMLINFRA,2020-01-02 00:00:00+05:30,12.25,12.4,11.9,12.4,19996
SPMLINFRA,2020-01-03 00:00:00+05:30,12.4,12.8,12.4,12.5,25932
SPMLINFRA,2020-01-06 00:00:00+05:30,12.9,12.9,11.9,11.9,39832
SPMLINFRA,2020-01-07 00:00:00+05:30,12.35,12.4,11.9,12.15,9879
SPMLINFRA,2020-01-08 00:00:00+05:30,12.0,12.4,11.85,12.2,12813
SPMLINFRA,2020-01-09 00:00:00+05:30,12.4,12.45,12.05,12.2,6981
SPMLINFRA,2020-01-10 00:00:00+05:30,12.05,12.6,12.05,12.25,10076
SPMLINFRA,2020-01-13 00:00:00+05:30,12.15,12.85,12.05,12.15,20574
SPMLINFRA,2020-01-14 00:00:00+05:30,12.15,12.5,11.55,11.55,63780
SPMLINFRA,2020-01-15 00:00:00+05:30,11.0,12.1,11.0,11.95,59938
SPMLINFRA,2020-01-16 00:00:00+05:30,12.0,12.5,12.0,12.3,70973
SPMLINFRA,2020-01-17 00:00:00+05:30,12.85,12.9,12.05,12.85,35830
SPMLINFRA,2020-01-20 00:00:00+05:30,13.25,13.45,12.9,13.45,145334
SPMLINFRA,2020-01-21 00:00:00+05:30,14.05,14.1,13.55,14.05,104562
SPMLINFRA,2020-01-22 00:00:00+05:30,14.65,14.65,13.35,13.35,28729
SPMLINFRA,2020-01-23 00:00:00+05:30,13.8,13.8,12.7,12.7,60466
SPMLINFRA,2020-01-24 00:00:00+05:30,12.7,12.75,12.1,12.2,54966
SPMLINFRA,2020-01-27 00:00:00+05:30,11.95,12.7,11.65,12.0,24721
SPMLINFRA,2020-01-28 00:00:00+05:30,12.0,12.6,11.95,12.5,28227
SPMLINFRA,2020-01-29 00:00:00+05:30,12.1,12.8,12.1,12.4,44863
SPMLINFRA,2020-01-30 00:00:00+05:30,12.7,12.75,11.9,12.4,36053
SPMLINFRA,2020-01-31 00:00:00+05:30,12.3,12.5,12.05,12.15,4752
SPMLINFRA,2020-02-01 00:00:00+05:30,12.0,12.6,11.55,11.55,42892
SPMLINFRA,2020-02-03 00:00:00+05:30,11.95,11.95,11.0,11.05,18990
SPMLINFRA,2020-02-04 00:00:00+05:30,11.35,11.4,10.5,10.7,26208
SPMLINFRA,2020-02-05 00:00:00+05:30,10.3,11.05,10.2,10.2,73292
SPMLINFRA,2020-02-06 00:00:00+05:30,10.1,11.2,9.5,11.2,72997
SPMLINFRA,2020-02-07 00:00:00+05:30,12.0,12.0,10.4,11.0,33564
SPMLINFRA,2020-02-10 00:00:00+05:30,11.8,11.8,10.95,11.05,21678
SPMLINFRA,2020-02-11 00:00:00+05:30,11.05,11.6,10.5,10.6,18187
SPMLINFRA,2020-02-12 00:00:00+05:30,10.05,10.55,9.55,10.15,114326
SPMLINFRA,2020-02-13 00:00:00+05:30,9.95,10.55,9.5,9.9,20246
SPMLINFRA,2020-02-14 00:00:00+05:30,9.5,10.4,9.2,9.7,59735
SPMLINFRA,2020-02-17 00:00:00+05:30,9.9,9.95,8.75,8.75,80920
SPMLINFRA,2020-02-18 00:00:00+05:30,8.35,8.8,8.35,8.7,23086
SPMLINFRA,2020-02-19 00:00:00+05:30,8.7,9.1,8.4,9.0,7059
SPMLINFRA,2020-02-20 00:00:00+05:30,9.1,9.45,8.9,9.05,3423
SPMLINFRA,2020-02-24 00:00:00+05:30,9.1,9.5,8.95,9.3,10174
SPMLINFRA,2020-02-25 00:00:00+05:30,9.0,9.0,8.85,8.85,8175
SPMLINFRA,2020-02-26 00:00:00+05:30,8.85,9.0,8.45,8.45,11334
SPMLINFRA,2020-02-27 00:00:00+05:30,8.45,8.8,8.2,8.75,13515
SPMLINFRA,2020-02-28 00:00:00+05:30,8.4,8.8,8.35,8.35,3583
SPMLINFRA,2020-03-02 00:00:00+05:30,8.35,8.75,8.0,8.75,47130
SPMLINFRA,2020-03-03 00:00:00+05:30,9.1,9.1,8.75,8.9,18717
SPMLINFRA,2020-03-04 00:00:00+05:30,9.2,9.3,8.5,8.55,12722
SPMLINFRA,2020-03-05 00:00:00+05:30,8.2,8.3,8.15,8.15,7413
SPMLINFRA,2020-03-06 00:00:00+05:30,8.0,8.0,7.75,7.75,15066
SPMLINFRA,2020-03-09 00:00:00+05:30,7.4,7.5,7.4,7.4,23818
SPMLINFRA,2020-03-11 00:00:00+05:30,7.7,7.7,7.05,7.05,7066
SPMLINFRA,2020-03-12 00:00:00+05:30,6.7,6.95,6.7,6.7,45138
SPMLINFRA,2020-03-13 00:00:00+05:30,6.4,7.0,6.4,6.4,14081
SPMLINFRA,2020-03-16 00:00:00+05:30,6.1,6.7,6.1,6.7,13114
SPMLINFRA,2020-03-17 00:00:00+05:30,6.85,7.0,6.4,6.9,10645
SPMLINFRA,2020-03-18 00:00:00+05:30,6.9,6.9,6.6,6.6,10565
SPMLINFRA,2020-03-19 00:00:00+05:30,6.75,6.8,6.3,6.6,16115
SPMLINFRA,2020-03-20 00:00:00+05:30,6.3,6.7,6.3,6.3,11637
SPMLINFRA,2020-03-23 00:00:00+05:30,6.0,6.0,6.0,6.0,3845
SPMLINFRA,2020-03-24 00:00:00+05:30,6.15,6.15,5.7,5.7,5069
SPMLINFRA,2020-03-25 00:00:00+05:30,5.7,5.95,5.45,5.8,18277
SPMLINFRA,2020-03-26 00:00:00+05:30,5.95,5.95,5.55,5.75,17162
SPMLINFRA,2020-03-27 00:00:00+05:30,5.75,5.95,5.5,5.5,9591
SPMLINFRA,2020-03-30 00:00:00+05:30,5.6,5.65,5.35,5.4,13583
SPMLINFRA,2020-03-31 00:00:00+05:30,5.4,5.65,5.15,5.15,39753
SPMLINFRA,2020-04-01 00:00:00+05:30,5.1,5.4,4.9,5.2,38080
SPMLINFRA,2020-04-03 00:00:00+05:30,5.0,5.45,5.0,5.45,11202
SPMLINFRA,2020-04-07 00:00:00+05:30,5.7,5.7,5.5,5.7,5919
SPMLINFRA,2020-04-08 00:00:00+05:30,5.5,5.95,5.5,5.95,2148
SPMLINFRA,2020-04-09 00:00:00+05:30,6.2,6.2,5.75,6.2,13988
SPMLINFRA,2020-04-13 00:00:00+05:30,6.5,6.5,6.5,6.5,3163
SPMLINFRA,2020-04-15 00:00:00+05:30,6.2,6.8,6.2,6.8,6019
SPMLINFRA,2020-04-16 00:00:00+05:30,7.1,7.1,7.1,7.1,1794
SPMLINFRA,2020-04-17 00:00:00+05:30,7.45,7.45,7.4,7.45,16877
SPMLINFRA,2020-04-20 00:00:00+05:30,7.8,7.8,7.25,7.8,9886
SPMLINFRA,2020-04-21 00:00:00+05:30,7.5,8.1,7.45,7.45,7803
SPMLINFRA,2020-04-22 00:00:00+05:30,7.8,7.8,7.1,7.1,13458
SPMLINFRA,2020-04-23 00:00:00+05:30,6.9,7.4,6.75,6.9,16682
SPMLINFRA,2020-04-24 00:00:00+05:30,6.6,7.2,6.6,7.2,3586
SPMLINFRA,2020-04-27 00:00:00+05:30,7.5,7.5,6.85,6.85,10668
SPMLINFRA,2020-04-28 00:00:00+05:30,6.55,7.15,6.55,6.6,20558
SPMLINFRA,2020-04-29 00:00:00+05:30,6.4,6.85,6.3,6.4,83163
SPMLINFRA,2020-04-30 00:00:00+05:30,6.4,6.7,6.25,6.7,11077
SPMLINFRA,2020-05-04 00:00:00+05:30,6.4,6.95,6.4,6.45,36225
SPMLINFRA,2020-05-05 00:00:00+05:30,6.75,6.75,6.15,6.2,17543
SPMLINFRA,2020-05-06 00:00:00+05:30,5.9,6.5,5.9,6.5,15483
SPMLINFRA,2020-05-07 00:00:00+05:30,6.8,6.8,6.8,6.8,3885
SPMLINFRA,2020-05-08 00:00:00+05:30,7.1,7.1,7.1,7.1,14349
SPMLINFRA,2020-05-11 00:00:00+05:30,7.45,7.45,7.45,7.45,4372
SPMLINFRA,2020-05-12 00:00:00+05:30,7.8,7.8,7.1,7.3,21678
SPMLINFRA,2020-05-13 00:00:00+05:30,7.6,7.65,6.95,7.55,28459
SPMLINFRA,2020-05-14 00:00:00+05:30,7.65,7.9,7.2,7.2,24299
SPMLINFRA,2020-05-15 00:00:00+05:30,7.1,7.55,6.85,7.5,24592
SPMLINFRA,2020-05-18 00:00:00+05:30,7.5,7.85,7.15,7.3,10657
SPMLINFRA,2020-05-19 00:00:00+05:30,7.3,7.65,6.95,7.55,6129
SPMLINFRA,2020-05-20 00:00:00+05:30,7.55,7.55,7.2,7.25,6913
SPMLINFRA,2020-05-21 00:00:00+05:30,7.25,7.35,7.0,7.2,6161
SPMLINFRA,2020-05-22 00:00:00+05:30,7.0,7.25,6.95,7.25,2935
SPMLINFRA,2020-05-26 00:00:00+05:30,7.0,7.35,7.0,7.2,7169
SPMLINFRA,2020-05-27 00:00:00+05:30,7.3,7.35,7.05,7.35,7494
SPMLINFRA,2020-05-28 00:00:00+05:30,7.35,7.7,7.0,7.2,13980
SPMLINFRA,2020-05-29 00:00:00+05:30,6.9,7.25,6.85,7.05,16788
SPMLINFRA,2020-06-01 00:00:00+05:30,7.35,7.4,6.95,7.4,18138
SPMLINFRA,2020-06-02 00:00:00+05:30,7.75,7.75,7.15,7.3,11098
SPMLINFRA,2020-06-03 00:00:00+05:30,7.25,7.65,7.25,7.65,17257
SPMLINFRA,2020-06-04 00:00:00+05:30,7.95,7.95,7.4,7.85,4459
SPMLINFRA,2020-06-05 00:00:00+05:30,7.85,8.45,7.8,8.0,12386
SPMLINFRA,2020-06-08 00:00:00+05:30,8.2,8.8,7.9,8.7,38275
SPMLINFRA,2020-06-09 00:00:00+05:30,8.7,9.4,8.05,8.75,12860
SPMLINFRA,2020-06-10 00:00:00+05:30,8.55,9.5,7.9,8.55,36582
SPMLINFRA,2020-06-11 00:00:00+05:30,7.95,8.55,7.9,7.9,25681
SPMLINFRA,2020-06-12 00:00:00+05:30,7.9,8.4,7.45,8.25,9428
SPMLINFRA,2020-06-15 00:00:00+05:30,8.3,8.85,8.0,8.0,38358
SPMLINFRA,2020-06-16 00:00:00+05:30,8.55,8.75,8.1,8.55,35234
SPMLINFRA,2020-06-17 00:00:00+05:30,8.6,9.15,8.1,8.8,18080
SPMLINFRA,2020-06-18 00:00:00+05:30,9.25,9.25,8.1,8.35,80692
SPMLINFRA,2020-06-19 00:00:00+05:30,8.35,8.9,8.0,8.7,32078
SPMLINFRA,2020-06-22 00:00:00+05:30,9.0,9.0,8.65,8.8,24251
SPMLINFRA,2020-06-23 00:00:00+05:30,8.8,9.05,8.65,8.95,25356
SPMLINFRA,2020-06-24 00:00:00+05:30,9.1,9.8,9.0,9.8,54257
SPMLINFRA,2020-06-25 00:00:00+05:30,10.75,10.75,10.0,10.75,31805
SPMLINFRA,2020-06-26 00:00:00+05:30,11.25,11.25,11.0,11.25,53389
SPMLINFRA,2020-06-29 00:00:00+05:30,11.2,11.2,10.7,10.7,16074
SPMLINFRA,2020-06-30 00:00:00+05:30,10.2,10.2,10.2,10.2,7636
SPMLINFRA,2020-07-01 00:00:00+05:30,9.7,9.7,9.7,9.7,9716
SPMLINFRA,2020-07-02 00:00:00+05:30,9.25,10.15,9.25,9.75,57119
SPMLINFRA,2020-07-03 00:00:00+05:30,10.2,10.2,9.3,9.4,24194
SPMLINFRA,2020-07-06 00:00:00+05:30,9.4,9.85,8.95,9.1,92590
SPMLINFRA,2020-07-07 00:00:00+05:30,9.1,9.35,8.65,8.7,20296
SPMLINFRA,2020-07-08 00:00:00+05:30,8.7,9.1,8.5,9.05,11372
SPMLINFRA,2020-07-09 00:00:00+05:30,9.0,9.5,8.8,8.9,20066
SPMLINFRA,2020-07-10 00:00:00+05:30,9.2,9.2,8.5,8.75,12641
SPMLINFRA,2020-07-13 00:00:00+05:30,9.1,9.15,8.75,8.8,14191
SPMLINFRA,2020-07-14 00:00:00+05:30,9.15,9.15,8.4,8.5,10805
SPMLINFRA,2020-07-15 00:00:00+05:30,8.5,8.8,8.35,8.45,16256
SPMLINFRA,2020-07-16 00:00:00+05:30,8.45,8.55,8.15,8.25,8662
SPMLINFRA,2020-07-17 00:00:00+05:30,8.25,8.5,8.05,8.4,16802
SPMLINFRA,2020-07-20 00:00:00+05:30,8.2,8.45,8.05,8.2,19019
SPMLINFRA,2020-07-21 00:00:00+05:30,8.2,8.4,8.05,8.1,8420
SPMLINFRA,2020-07-22 00:00:00+05:30,8.3,8.3,8.0,8.1,3036
SPMLINFRA,2020-07-23 00:00:00+05:30,8.0,8.25,7.95,8.15,5673
SPMLINFRA,2020-07-24 00:00:00+05:30,8.1,8.4,7.9,7.95,15661
SPMLINFRA,2020-07-27 00:00:00+05:30,7.6,7.95,7.6,7.7,11951
SPMLINFRA,2020-07-28 00:00:00+05:30,7.9,8.05,7.6,7.7,11475
SPMLINFRA,2020-07-29 00:00:00+05:30,8.0,8.0,7.6,7.85,3729
SPMLINFRA,2020-07-30 00:00:00+05:30,7.5,7.9,7.5,7.8,7122
SPMLINFRA,2020-07-31 00:00:00+05:30,7.7,7.7,7.45,7.45,13949
SPMLINFRA,2020-08-03 00:00:00+05:30,7.45,7.45,7.2,7.2,4172
SPMLINFRA,2020-08-04 00:00:00+05:30,7.55,7.55,7.15,7.55,7755
SPMLINFRA,2020-08-05 00:00:00+05:30,7.9,7.9,7.55,7.75,15281
SPMLINFRA,2020-08-06 00:00:00+05:30,8.0,8.0,7.4,7.85,18798
SPMLINFRA,2020-08-07 00:00:00+05:30,7.9,7.95,7.55,7.65,13632
SPMLINFRA,2020-08-10 00:00:00+05:30,7.65,8.3,7.6,7.7,48588
SPMLINFRA,2020-08-11 00:00:00+05:30,7.7,8.45,7.7,8.45,52342
SPMLINFRA,2020-08-12 00:00:00+05:30,9.2,9.25,8.0,9.25,101225
SPMLINFRA,2020-08-13 00:00:00+05:30,9.45,10.15,9.4,10.15,145300
SPMLINFRA,2020-08-14 00:00:00+05:30,10.65,10.65,9.65,9.65,66010
SPMLINFRA,2020-08-17 00:00:00+05:30,10.1,10.1,9.2,9.2,11673
SPMLINFRA,2020-08-18 00:00:00+05:30,8.75,9.65,8.75,9.35,50151
SPMLINFRA,2020-08-19 00:00:00+05:30,9.8,9.8,9.8,9.8,16484
SPMLINFRA,2020-08-20 00:00:00+05:30,10.25,10.25,10.25,10.25,8493
SPMLINFRA,2020-08-21 00:00:00+05:30,10.7,10.7,10.05,10.55,51276
SPMLINFRA,2020-08-24 00:00:00+05:30,10.55,11.05,10.05,11.05,74051
SPMLINFRA,2020-08-25 00:00:00+05:30,11.6,11.6,11.5,11.6,69111
SPMLINFRA,2020-08-26 00:00:00+05:30,11.95,11.95,11.05,11.15,79490
SPMLINFRA,2020-08-27 00:00:00+05:30,10.75,11.6,10.6,11.5,344791
SPMLINFRA,2020-08-28 00:00:00+05:30,11.8,11.9,11.05,11.75,57848
SPMLINFRA,2020-08-31 00:00:00+05:30,11.95,12.0,11.2,11.2,24741
SPMLINFRA,2020-09-01 00:00:00+05:30,10.65,10.65,10.65,10.65,7108
SPMLINFRA,2020-09-02 00:00:00+05:30,10.2,10.95,10.15,10.7,10592
SPMLINFRA,2020-09-03 00:00:00+05:30,10.95,11.0,10.25,10.8,8853
SPMLINFRA,2020-09-04 00:00:00+05:30,10.35,10.9,10.3,10.35,32501
SPMLINFRA,2020-09-07 00:00:00+05:30,9.9,10.65,9.85,10.15,12734
SPMLINFRA,2020-09-08 00:00:00+05:30,10.2,10.25,9.65,9.65,14116
SPMLINFRA,2020-09-09 00:00:00+05:30,10.0,10.05,9.35,9.5,18825
SPMLINFRA,2020-09-10 00:00:00+05:30,9.9,9.95,9.4,9.9,8876
SPMLINFRA,2020-09-11 00:00:00+05:30,10.25,10.25,9.55,9.85,12750
SPMLINFRA,2020-09-14 00:00:00+05:30,10.15,10.3,9.95,10.3,9819
SPMLINFRA,2020-09-15 00:00:00+05:30,10.05,10.5,10.0,10.2,6591
SPMLINFRA,2020-09-16 00:00:00+05:30,9.8,10.2,9.7,10.05,4689
SPMLINFRA,2020-09-17 00:00:00+05:30,10.3,10.3,9.7,9.9,9970
SPMLINFRA,2020-09-18 00:00:00+05:30,9.8,10.1,9.55,9.95,6223
SPMLINFRA,2020-09-21 00:00:00+05:30,9.5,10.05,9.5,9.85,6506
SPMLINFRA,2020-09-22 00:00:00+05:30,9.5,9.5,9.4,9.4,2187
SPMLINFRA,2020-09-23 00:00:00+05:30,9.5,9.55,8.95,9.0,4870
SPMLINFRA,2020-09-24 00:00:00+05:30,8.95,9.25,8.55,8.65,6383
SPMLINFRA,2020-09-25 00:00:00+05:30,8.95,8.95,8.35,8.75,5798
SPMLINFRA,2020-09-28 00:00:00+05:30,8.95,9.15,8.8,9.0,5532
SPMLINFRA,2020-09-29 00:00:00+05:30,8.75,9.1,8.65,8.85,1693
SPMLINFRA,2020-09-30 00:00:00+05:30,8.8,8.8,8.45,8.6,5131
SPMLINFRA,2020-10-01 00:00:00+05:30,8.35,9.0,8.2,8.2,14269
SPMLINFRA,2020-10-05 00:00:00+05:30,8.2,8.6,8.2,8.5,4250
SPMLINFRA,2020-10-06 00:00:00+05:30,8.5,8.5,8.25,8.4,2856
SPMLINFRA,2020-10-07 00:00:00+05:30,8.05,8.6,8.05,8.4,5155
SPMLINFRA,2020-10-08 00:00:00+05:30,8.2,8.5,8.2,8.35,5218
SPMLINFRA,2020-10-09 00:00:00+05:30,8.0,9.0,8.0,8.15,4926
SPMLINFRA,2020-10-12 00:00:00+05:30,8.15,8.35,7.9,8.25,6368
SPMLINFRA,2020-10-13 00:00:00+05:30,8.35,8.6,7.7,8.5,35480
SPMLINFRA,2020-10-14 00:00:00+05:30,8.5,8.65,7.75,8.4,658
SPMLINFRA,2020-10-15 00:00:00+05:30,8.5,8.8,8.0,8.3,3504
SPMLINFRA,2020-10-16 00:00:00+05:30,9.0,9.0,8.05,8.45,1873
SPMLINFRA,2020-10-19 00:00:00+05:30,8.75,8.8,8.2,8.45,26043
SPMLINFRA,2020-10-20 00:00:00+05:30,8.25,8.5,8.0,8.35,11728
SPMLINFRA,2020-10-21 00:00:00+05:30,8.4,8.55,8.1,8.2,3826
SPMLINFRA,2020-10-22 00:00:00+05:30,7.95,8.35,7.6,8.05,15727
SPMLINFRA,2020-10-23 00:00:00+05:30,8.05,8.85,8.05,8.55,57794
SPMLINFRA,2020-10-26 00:00:00+05:30,8.5,9.3,7.8,8.1,49505
SPMLINFRA,2020-10-27 00:00:00+05:30,8.1,8.8,7.75,8.0,47963
SPMLINFRA,2020-10-28 00:00:00+05:30,8.25,8.25,7.8,7.85,7897
SPMLINFRA,2020-10-29 00:00:00+05:30,8.0,8.0,7.6,7.95,3970
SPMLINFRA,2020-10-30 00:00:00+05:30,8.05,8.4,7.75,8.1,54024
SPMLINFRA,2020-11-02 00:00:00+05:30,7.8,8.15,7.8,8.1,2557
SPMLINFRA,2020-11-03 00:00:00+05:30,8.3,8.4,7.8,8.25,13287
SPMLINFRA,2020-11-04 00:00:00+05:30,8.05,8.35,8.0,8.15,293
SPMLINFRA,2020-11-05 00:00:00+05:30,7.95,8.3,7.9,8.0,8726
SPMLINFRA,2020-11-06 00:00:00+05:30,7.85,8.15,7.65,8.15,7815
SPMLINFRA,2020-11-09 00:00:00+05:30,8.25,8.3,8.0,8.05,9030
SPMLINFRA,2020-11-10 00:00:00+05:30,8.0,8.05,7.85,7.9,17343
SPMLINFRA,2020-11-11 00:00:00+05:30,7.9,8.05,7.7,8.0,4972
SPMLINFRA,2020-11-12 00:00:00+05:30,8.0,8.15,7.85,8.05,7789
SPMLINFRA,2020-11-13 00:00:00+05:30,7.9,8.3,7.9,8.0,5042
SPMLINFRA,2020-11-14 00:00:00+05:30,8.0,8.4,7.9,8.05,3761
SPMLINFRA,2020-11-17 00:00:00+05:30,7.95,8.5,7.3,8.0,100073
SPMLINFRA,2020-11-18 00:00:00+05:30,8.05,8.25,7.95,8.1,9109
SPMLINFRA,2020-11-19 00:00:00+05:30,7.9,8.25,7.7,7.9,18739
SPMLINFRA,2020-11-20 00:00:00+05:30,8.1,8.6,7.5,8.15,32675
SPMLINFRA,2020-11-23 00:00:00+05:30,8.0,8.25,7.95,8.25,13488
SPMLINFRA,2020-11-24 00:00:00+05:30,8.25,8.3,8.0,8.15,9004
SPMLINFRA,2020-11-25 00:00:00+05:30,8.05,8.25,7.9,7.9,35066
SPMLINFRA,2020-11-26 00:00:00+05:30,7.9,8.25,7.9,8.15,1103
SPMLINFRA,2020-11-27 00:00:00+05:30,8.25,8.35,7.9,8.15,24342
SPMLINFRA,2020-12-01 00:00:00+05:30,8.25,8.25,8.05,8.25,35105
SPMLINFRA,2020-12-02 00:00:00+05:30,8.55,8.55,7.8,8.0,70426
SPMLINFRA,2020-12-03 00:00:00+05:30,8.15,8.25,8.1,8.25,39221
SPMLINFRA,2020-12-04 00:00:00+05:30,8.45,9.05,8.2,8.3,78101
SPMLINFRA,2020-12-07 00:00:00+05:30,8.7,9.1,8.05,8.55,221014
SPMLINFRA,2020-12-08 00:00:00+05:30,8.85,9.25,8.8,9.0,61751
SPMLINFRA,2020-12-09 00:00:00+05:30,9.8,10.1,9.25,10.05,111141
SPMLINFRA,2020-12-10 00:00:00+05:30,11.0,12.05,10.25,12.0,323407
SPMLINFRA,2020-12-11 00:00:00+05:30,13.15,13.2,13.0,13.2,255820
SPMLINFRA,2020-12-14 00:00:00+05:30,13.3,14.5,12.05,14.5,429275
SPMLINFRA,2020-12-15 00:00:00+05:30,14.9,15.35,14.05,14.7,418958
SPMLINFRA,2020-12-16 00:00:00+05:30,14.95,15.5,13.7,14.25,400533
SPMLINFRA,2020-12-17 00:00:00+05:30,14.55,14.7,13.55,13.6,92269
SPMLINFRA,2020-12-18 00:00:00+05:30,13.25,14.15,12.95,12.95,69162
SPMLINFRA,2020-12-21 00:00:00+05:30,12.4,12.4,12.35,12.35,35803
SPMLINFRA,2020-12-22 00:00:00+05:30,11.75,11.75,11.75,11.75,6077
SPMLINFRA,2020-12-23 00:00:00+05:30,11.25,12.3,11.2,12.3,105125
SPMLINFRA,2020-12-24 00:00:00+05:30,12.9,12.9,12.9,12.9,12577
SPMLINFRA,2020-12-28 00:00:00+05:30,13.5,13.5,13.5,13.5,23383
SPMLINFRA,2020-12-29 00:00:00+05:30,14.15,14.15,14.15,14.15,53539
SPMLINFRA,2020-12-30 00:00:00+05:30,14.85,14.85,13.75,14.55,181864
SPMLINFRA,2020-12-31 00:00:00+05:30,14.55,15.2,14.5,15.15,125789
SPMLINFRA,2021-01-01 00:00:00+05:30,15.5,15.5,14.5,14.65,98277
SPMLINFRA,2021-01-04 00:00:00+05:30,15.1,15.35,14.5,14.9,72912
SPMLINFRA,2021-01-05 00:00:00+05:30,14.55,14.9,14.2,14.5,77142
SPMLINFRA,2021-01-06 00:00:00+05:30,14.8,15.1,14.15,14.7,20544
SPMLINFRA,2021-01-07 00:00:00+05:30,15.0,15.4,14.75,14.95,68124
SPMLINFRA,2021-01-08 00:00:00+05:30,15.15,15.65,15.15,15.65,106956
SPMLINFRA,2021-01-11 00:00:00+05:30,16.4,16.4,15.8,16.4,76101
SPMLINFRA,2021-01-12 00:00:00+05:30,17.05,17.2,16.4,17.2,85228
SPMLINFRA,2021-01-13 00:00:00+05:30,17.4,17.55,16.35,16.55,62979
SPMLINFRA,2021-01-14 00:00:00+05:30,15.85,17.05,15.8,16.8,40139
SPMLINFRA,2021-01-15 00:00:00+05:30,17.2,17.2,16.0,16.05,31161
SPMLINFRA,2021-01-18 00:00:00+05:30,15.25,16.6,15.25,15.35,21695
SPMLINFRA,2021-01-19 00:00:00+05:30,14.7,15.8,14.7,15.3,16023
SPMLINFRA,2021-01-20 00:00:00+05:30,15.0,15.75,14.7,15.65,13027
SPMLINFRA,2021-01-21 00:00:00+05:30,15.6,15.65,14.9,14.95,32819
SPMLINFRA,2021-01-22 00:00:00+05:30,14.25,15.3,14.25,14.75,17930
SPMLINFRA,2021-01-25 00:00:00+05:30,14.1,15.15,14.05,14.2,18323
SPMLINFRA,2021-01-27 00:00:00+05:30,14.0,14.25,13.55,13.65,9619
SPMLINFRA,2021-01-28 00:00:00+05:30,13.65,14.0,13.0,14.0,7636
SPMLINFRA,2021-01-29 00:00:00+05:30,14.6,14.6,14.05,14.2,4988
SPMLINFRA,2021-02-01 00:00:00+05:30,14.4,14.8,13.55,14.3,6994
SPMLINFRA,2021-02-02 00:00:00+05:30,14.85,15.0,13.9,14.65,75697
SPMLINFRA,2021-02-03 00:00:00+05:30,15.3,15.3,14.15,14.2,20537
SPMLINFRA,2021-02-04 00:00:00+05:30,14.5,14.75,14.0,14.25,13807
SPMLINFRA,2021-02-05 00:00:00+05:30,14.3,14.5,13.6,14.05,21544
SPMLINFRA,2021-02-08 00:00:00+05:30,14.0,15.3,13.95,15.2,54743
SPMLINFRA,2021-02-09 00:00:00+05:30,15.2,15.8,14.85,15.25,36817
SPMLINFRA,2021-02-10 00:00:00+05:30,15.3,15.7,14.5,14.65,58535
SPMLINFRA,2021-02-11 00:00:00+05:30,14.5,15.15,14.15,14.9,20736
SPMLINFRA,2021-02-12 00:00:00+05:30,13.6,15.2,13.6,14.8,30351
SPMLINFRA,2021-02-15 00:00:00+05:30,14.2,14.95,13.35,13.45,57887
SPMLINFRA,2021-02-16 00:00:00+05:30,13.1,13.8,13.1,13.7,17691
SPMLINFRA,2021-02-17 00:00:00+05:30,13.65,14.5,13.2,13.6,20589
SPMLINFRA,2021-02-18 00:00:00+05:30,13.8,14.15,12.9,13.1,43768
SPMLINFRA,2021-02-19 00:00:00+05:30,13.15,13.65,12.8,13.2,21024
SPMLINFRA,2021-02-22 00:00:00+05:30,13.55,13.6,12.75,12.85,69290
SPMLINFRA,2021-02-23 00:00:00+05:30,12.8,13.0,12.8,12.95,6261
SPMLINFRA,2021-02-24 00:00:00+05:30,13.0,13.35,12.95,13.0,23900
SPMLINFRA,2021-02-25 00:00:00+05:30,13.25,13.25,12.9,13.05,34756
SPMLINFRA,2021-02-26 00:00:00+05:30,13.4,13.95,12.9,13.3,33688
SPMLINFRA,2021-03-01 00:00:00+05:30,13.1,13.45,12.9,13.05,51194
SPMLINFRA,2021-03-02 00:00:00+05:30,13.1,13.25,12.6,12.8,23100
SPMLINFRA,2021-03-03 00:00:00+05:30,13.4,13.4,12.7,12.9,36943
SPMLINFRA,2021-03-04 00:00:00+05:30,13.25,13.3,12.75,13.0,23864
SPMLINFRA,2021-03-05 00:00:00+05:30,12.95,13.0,12.75,12.8,19530
SPMLINFRA,2021-03-08 00:00:00+05:30,12.3,13.0,12.2,12.6,26288
SPMLINFRA,2021-03-09 00:00:00+05:30,12.65,12.7,12.05,12.15,27021
SPMLINFRA,2021-03-10 00:00:00+05:30,12.45,13.0,12.15,12.45,65787
SPMLINFRA,2021-03-12 00:00:00+05:30,12.85,12.9,12.0,12.35,12422
SPMLINFRA,2021-03-15 00:00:00+05:30,12.45,12.45,11.8,12.0,12987
SPMLINFRA,2021-03-16 00:00:00+05:30,12.35,12.5,11.8,12.05,15453
SPMLINFRA,2021-03-17 00:00:00+05:30,12.05,12.2,11.5,11.85,9690
SPMLINFRA,2021-03-18 00:00:00+05:30,11.95,12.0,11.5,11.55,42348
SPMLINFRA,2021-03-19 00:00:00+05:30,11.1,11.1,10.65,10.95,27267
SPMLINFRA,2021-03-22 00:00:00+05:30,11.55,11.55,10.3,10.95,52692
SPMLINFRA,2021-03-23 00:00:00+05:30,10.9,11.3,10.55,10.95,30893
SPMLINFRA,2021-03-24 00:00:00+05:30,11.2,11.5,10.1,10.45,25544
SPMLINFRA,2021-03-25 00:00:00+05:30,10.5,10.5,9.55,9.9,89766
SPMLINFRA,2021-03-26 00:00:00+05:30,10.1,10.25,9.5,9.9,6018
SPMLINFRA,2021-03-30 00:00:00+05:30,10.8,10.8,9.5,9.65,45026
SPMLINFRA,2021-03-31 00:00:00+05:30,10.45,10.45,9.45,9.85,42186
SPMLINFRA,2021-04-01 00:00:00+05:30,9.85,10.35,9.75,10.0,39283
SPMLINFRA,2021-04-05 00:00:00+05:30,10.35,10.35,9.55,9.75,37611
SPMLINFRA,2021-04-06 00:00:00+05:30,10.1,10.1,9.7,9.95,23775
SPMLINFRA,2021-04-07 00:00:00+05:30,10.0,10.9,9.65,10.7,148945
SPMLINFRA,2021-04-08 00:00:00+05:30,12.4,12.8,10.95,12.7,359986
SPMLINFRA,2021-04-09 00:00:00+05:30,12.35,12.65,11.05,11.85,203924
SPMLINFRA,2021-04-12 00:00:00+05:30,10.75,11.25,9.5,10.15,534760
SPMLINFRA,2021-04-13 00:00:00+05:30,10.4,10.4,9.6,9.8,39988
SPMLINFRA,2021-04-15 00:00:00+05:30,9.7,10.05,9.7,9.9,53434
SPMLINFRA,2021-04-16 00:00:00+05:30,9.9,10.1,9.8,9.85,36819
SPMLINFRA,2021-04-19 00:00:00+05:30,9.0,10.0,9.0,9.75,53715
SPMLINFRA,2021-04-20 00:00:00+05:30,10.1,10.1,8.8,9.4,92347
SPMLINFRA,2021-04-22 00:00:00+05:30,9.6,9.6,8.05,9.25,101456
SPMLINFRA,2021-04-23 00:00:00+05:30,9.45,9.9,8.95,9.65,47283
SPMLINFRA,2021-04-26 00:00:00+05:30,10.0,10.0,9.4,10.0,31750
SPMLINFRA,2021-04-27 00:00:00+05:30,10.8,10.8,9.85,9.95,38904
SPMLINFRA,2021-04-28 00:00:00+05:30,9.9,10.0,9.85,10.0,25021
SPMLINFRA,2021-04-29 00:00:00+05:30,10.1,10.1,9.9,9.9,21877
SPMLINFRA,2021-04-30 00:00:00+05:30,9.9,10.0,9.15,9.6,27592
SPMLINFRA,2021-05-03 00:00:00+05:30,9.6,9.9,9.25,9.7,12641
SPMLINFRA,2021-05-04 00:00:00+05:30,9.95,9.95,9.45,9.5,8273
SPMLINFRA,2021-05-05 00:00:00+05:30,9.8,9.85,9.45,9.65,12351
SPMLINFRA,2021-05-06 00:00:00+05:30,9.9,9.9,9.6,9.65,12012
SPMLINFRA,2021-05-07 00:00:00+05:30,9.85,10.05,9.55,9.7,29714
SPMLINFRA,2021-05-10 00:00:00+05:30,9.65,11.6,9.65,11.6,148166
SPMLINFRA,2021-05-11 00:00:00+05:30,11.55,13.75,11.5,13.45,725148
SPMLINFRA,2021-05-12 00:00:00+05:30,13.4,13.4,12.25,12.95,208420
SPMLINFRA,2021-05-14 00:00:00+05:30,13.0,13.55,12.5,13.1,148771
SPMLINFRA,2021-05-17 00:00:00+05:30,13.2,13.35,12.6,12.75,105287
SPMLINFRA,2021-05-18 00:00:00+05:30,13.15,13.15,12.8,12.9,32071
SPMLINFRA,2021-05-19 00:00:00+05:30,12.7,12.8,11.65,11.75,216719
SPMLINFRA,2021-05-20 00:00:00+05:30,12.2,12.2,11.2,11.4,36811
SPMLINFRA,2021-05-21 00:00:00+05:30,11.65,11.95,10.85,11.95,175692
SPMLINFRA,2021-05-24 00:00:00+05:30,11.55,12.4,11.4,11.7,70840
SPMLINFRA,2021-05-25 00:00:00+05:30,11.9,12.25,11.25,11.6,47731
SPMLINFRA,2021-05-26 00:00:00+05:30,12.1,12.1,11.3,11.7,52913
SPMLINFRA,2021-05-27 00:00:00+05:30,11.6,12.1,11.6,11.95,83314
SPMLINFRA,2021-05-28 00:00:00+05:30,12.4,12.4,11.5,11.7,52261
SPMLINFRA,2021-05-31 00:00:00+05:30,11.5,11.8,11.4,11.5,64804
SPMLINFRA,2021-06-01 00:00:00+05:30,11.75,11.75,11.4,11.5,60515
SPMLINFRA,2021-06-02 00:00:00+05:30,11.35,11.6,11.35,11.45,25275
SPMLINFRA,2021-06-03 00:00:00+05:30,11.5,11.9,11.4,11.5,52763
SPMLINFRA,2021-06-04 00:00:00+05:30,11.5,11.6,11.3,11.4,41686
SPMLINFRA,2021-06-07 00:00:00+05:30,11.6,11.95,11.2,11.95,133946
SPMLINFRA,2021-06-08 00:00:00+05:30,12.3,12.5,11.8,12.45,112668
SPMLINFRA,2021-06-09 00:00:00+05:30,12.7,13.05,12.25,13.05,181331
SPMLINFRA,2021-06-10 00:00:00+05:30,13.05,13.5,12.4,12.75,117352
SPMLINFRA,2021-06-11 00:00:00+05:30,13.05,13.1,12.3,12.4,101202
SPMLINFRA,2021-06-14 00:00:00+05:30,12.85,13.0,11.8,12.05,98704
SPMLINFRA,2021-06-15 00:00:00+05:30,11.85,12.65,11.85,12.65,88924
SPMLINFRA,2021-06-16 00:00:00+05:30,12.95,13.25,12.2,13.0,91467
SPMLINFRA,2021-06-17 00:00:00+05:30,12.8,13.4,12.35,12.95,96771
SPMLINFRA,2021-06-18 00:00:00+05:30,13.35,13.55,12.35,12.8,48932
SPMLINFRA,2021-06-21 00:00:00+05:30,13.3,13.3,12.2,13.0,43624
SPMLINFRA,2021-06-22 00:00:00+05:30,13.4,13.4,12.35,12.95,75022
SPMLINFRA,2021-06-23 00:00:00+05:30,12.75,13.3,12.7,12.75,22696
SPMLINFRA,2021-06-24 00:00:00+05:30,12.7,13.1,12.25,12.55,36100
SPMLINFRA,2021-06-25 00:00:00+05:30,12.35,12.85,12.05,12.4,33095
SPMLINFRA,2021-06-28 00:00:00+05:30,12.4,12.6,11.9,11.95,65502
SPMLINFRA,2021-06-29 00:00:00+05:30,11.65,12.45,11.65,12.2,47440
SPMLINFRA,2021-06-30 00:00:00+05:30,11.7,12.4,11.6,11.6,120636
SPMLINFRA,2021-07-01 00:00:00+05:30,11.3,11.85,11.05,11.2,53763
SPMLINFRA,2021-07-02 00:00:00+05:30,11.25,11.5,10.7,11.5,43959
SPMLINFRA,2021-07-05 00:00:00+05:30,11.2,11.85,11.2,11.5,33695
SPMLINFRA,2021-07-06 00:00:00+05:30,11.75,12.05,11.15,11.95,129491
SPMLINFRA,2021-07-07 00:00:00+05:30,12.5,12.5,11.9,12.5,115866
SPMLINFRA,2021-07-08 00:00:00+05:30,12.25,12.9,11.9,12.1,54371
SPMLINFRA,2021-07-09 00:00:00+05:30,12.25,12.25,11.5,12.15,48239
SPMLINFRA,2021-07-12 00:00:00+05:30,12.15,12.4,11.7,11.95,31394
SPMLINFRA,2021-07-13 00:00:00+05:30,11.75,12.15,11.75,12.0,36744
SPMLINFRA,2021-07-14 00:00:00+05:30,12.15,12.15,11.7,11.85,27306
SPMLINFRA,2021-07-15 00:00:00+05:30,11.65,12.0,11.4,11.8,30832
SPMLINFRA,2021-07-16 00:00:00+05:30,11.8,12.0,11.4,11.85,26787
SPMLINFRA,2021-07-19 00:00:00+05:30,11.85,11.95,11.4,11.65,5733
SPMLINFRA,2021-07-20 00:00:00+05:30,11.85,11.85,11.1,11.1,121848
SPMLINFRA,2021-07-22 00:00:00+05:30,11.35,11.65,10.8,11.55,59650
SPMLINFRA,2021-07-23 00:00:00+05:30,11.55,12.05,11.05,11.95,99772
SPMLINFRA,2021-07-26 00:00:00+05:30,12.2,12.3,11.4,11.7,104760
SPMLINFRA,2021-07-27 00:00:00+05:30,11.4,11.8,11.2,11.55,37379
SPMLINFRA,2021-07-28 00:00:00+05:30,11.8,12.1,11.25,12.1,96796
SPMLINFRA,2021-07-29 00:00:00+05:30,12.7,12.7,12.1,12.7,136681
SPMLINFRA,2021-07-30 00:00:00+05:30,12.6,12.75,12.15,12.2,39681
SPMLINFRA,2021-08-02 00:00:00+05:30,11.8,12.7,11.8,12.15,37148
SPMLINFRA,2021-08-03 00:00:00+05:30,12.35,12.75,11.75,12.6,76439
SPMLINFRA,2021-08-04 00:00:00+05:30,12.35,13.2,12.35,12.95,343092
SPMLINFRA,2021-08-05 00:00:00+05:30,13.35,13.55,13.0,13.55,375840
SPMLINFRA,2021-08-06 00:00:00+05:30,13.55,14.9,13.5,14.9,206574
SPMLINFRA,2021-08-09 00:00:00+05:30,15.9,16.1,13.9,14.45,428623
SPMLINFRA,2021-08-10 00:00:00+05:30,13.5,14.9,13.05,13.25,141692
SPMLINFRA,2021-08-11 00:00:00+05:30,12.25,14.55,12.2,14.55,401930
SPMLINFRA,2021-08-12 00:00:00+05:30,14.6,14.9,13.85,14.35,29884
SPMLINFRA,2021-08-13 00:00:00+05:30,14.1,14.1,13.65,13.65,44081
SPMLINFRA,2021-08-16 00:00:00+05:30,13.0,13.2,13.0,13.0,8766
SPMLINFRA,2021-08-17 00:00:00+05:30,12.35,12.85,12.35,12.4,25668
SPMLINFRA,2021-08-18 00:00:00+05:30,11.9,12.8,11.8,12.05,21171
SPMLINFRA,2021-08-20 00:00:00+05:30,12.05,12.4,11.55,11.65,10867
SPMLINFRA,2021-08-23 00:00:00+05:30,11.65,11.75,11.1,11.1,22201
SPMLINFRA,2021-08-24 00:00:00+05:30,11.65,11.65,10.6,11.25,40017
SPMLINFRA,2021-08-25 00:00:00+05:30,11.8,11.8,11.15,11.4,13696
SPMLINFRA,2021-08-26 00:00:00+05:30,11.35,11.8,10.85,10.85,80393
SPMLINFRA,2021-08-27 00:00:00+05:30,11.3,11.3,10.5,11.2,10179
SPMLINFRA,2021-08-30 00:00:00+05:30,11.0,11.3,10.9,11.25,5994
SPMLINFRA,2021-08-31 00:00:00+05:30,11.5,11.5,10.8,11.1,16728
SPMLINFRA,2021-09-01 00:00:00+05:30,11.0,11.4,10.7,10.85,20449
SPMLINFRA,2021-09-02 00:00:00+05:30,11.25,11.25,10.7,11.1,35215
SPMLINFRA,2021-09-03 00:00:00+05:30,11.5,11.5,10.85,11.05,46761
SPMLINFRA,2021-09-06 00:00:00+05:30,11.4,11.55,10.8,11.0,10893
SPMLINFRA,2021-09-07 00:00:00+05:30,11.0,11.4,10.7,10.85,29676
SPMLINFRA,2021-09-08 00:00:00+05:30,11.0,11.25,10.7,10.85,41451
SPMLINFRA,2021-09-09 00:00:00+05:30,11.0,11.3,10.75,11.0,58784
SPMLINFRA,2021-09-13 00:00:00+05:30,11.3,11.3,10.85,11.0,6314
SPMLINFRA,2021-09-14 00:00:00+05:30,11.25,11.4,11.0,11.15,21068
SPMLINFRA,2021-09-15 00:00:00+05:30,10.8,11.4,10.8,11.05,9408
SPMLINFRA,2021-09-16 00:00:00+05:30,11.45,11.45,11.0,11.15,23361
SPMLINFRA,2021-09-17 00:00:00+05:30,11.4,11.4,10.85,11.05,25557
SPMLINFRA,2021-09-20 00:00:00+05:30,11.35,11.45,10.85,11.25,15716
SPMLINFRA,2021-09-21 00:00:00+05:30,11.05,11.25,10.9,10.9,24834
SPMLINFRA,2021-09-22 00:00:00+05:30,11.15,11.15,10.9,10.95,39262
SPMLINFRA,2021-09-23 00:00:00+05:30,10.8,11.35,10.8,11.2,15981
SPMLINFRA,2021-09-24 00:00:00+05:30,11.35,11.7,10.65,11.05,53585
SPMLINFRA,2021-09-27 00:00:00+05:30,11.05,11.25,10.5,10.7,95947
SPMLINFRA,2021-09-28 00:00:00+05:30,10.7,10.7,10.2,10.65,163974
SPMLINFRA,2021-09-29 00:00:00+05:30,10.7,10.85,10.2,10.7,35727
SPMLINFRA,2021-09-30 00:00:00+05:30,10.35,11.15,10.35,11.0,8300
SPMLINFRA,2021-10-01 00:00:00+05:30,11.2,11.2,10.6,10.8,21064
SPMLINFRA,2021-10-04 00:00:00+05:30,10.65,11.3,10.65,10.85,21312
SPMLINFRA,2021-10-05 00:00:00+05:30,10.8,11.3,10.8,11.05,37108
SPMLINFRA,2021-10-06 00:00:00+05:30,10.85,11.4,10.5,10.55,108437
SPMLINFRA,2021-10-07 00:00:00+05:30,10.2,10.75,10.2,10.65,54659
SPMLINFRA,2021-10-08 00:00:00+05:30,10.5,10.6,10.15,10.15,160714
SPMLINFRA,2021-10-11 00:00:00+05:30,10.25,10.65,9.85,10.35,54067
SPMLINFRA,2021-10-12 00:00:00+05:30,10.05,10.5,10.0,10.3,26028
SPMLINFRA,2021-10-13 00:00:00+05:30,10.3,10.75,10.3,10.6,47946
SPMLINFRA,2021-10-14 00:00:00+05:30,10.6,11.0,10.6,10.8,25025
SPMLINFRA,2021-10-18 00:00:00+05:30,11.0,11.3,10.95,11.05,68640
SPMLINFRA,2021-10-19 00:00:00+05:30,11.4,11.4,10.7,10.8,47825
SPMLINFRA,2021-10-20 00:00:00+05:30,10.6,10.95,10.5,10.55,19249
SPMLINFRA,2021-10-21 00:00:00+05:30,10.95,10.95,10.55,10.95,23834
SPMLINFRA,2021-10-22 00:00:00+05:30,10.6,11.2,10.55,10.6,16782
SPMLINFRA,2021-10-25 00:00:00+05:30,11.1,11.1,11.05,11.1,51923
SPMLINFRA,2021-10-26 00:00:00+05:30,11.0,11.35,10.7,10.85,57438
SPMLINFRA,2021-10-27 00:00:00+05:30,11.35,11.35,10.75,11.35,51309
SPMLINFRA,2021-10-28 00:00:00+05:30,11.65,11.65,10.8,10.85,58039
SPMLINFRA,2021-10-29 00:00:00+05:30,11.35,11.35,10.55,10.6,28697
SPMLINFRA,2021-11-01 00:00:00+05:30,10.9,11.0,10.4,10.75,24538
SPMLINFRA,2021-11-02 00:00:00+05:30,11.0,11.1,10.65,10.8,43971
SPMLINFRA,2021-11-03 00:00:00+05:30,11.1,11.1,10.65,10.65,23126
SPMLINFRA,2021-11-04 00:00:00+05:30,10.95,11.15,10.6,11.1,10291
SPMLINFRA,2021-11-08 00:00:00+05:30,11.25,11.3,10.7,11.1,40448
SPMLINFRA,2021-11-09 00:00:00+05:30,11.0,11.15,10.65,10.9,14553
SPMLINFRA,2021-11-10 00:00:00+05:30,11.0,11.25,10.75,11.1,24012
SPMLINFRA,2021-11-11 00:00:00+05:30,11.25,11.65,11.0,11.65,68023
SPMLINFRA,2021-11-12 00:00:00+05:30,12.2,12.2,12.2,12.2,20625
SPMLINFRA,2021-11-15 00:00:00+05:30,12.8,12.8,12.8,12.8,13697
SPMLINFRA,2021-11-16 00:00:00+05:30,13.4,13.4,13.4,13.4,16988
SPMLINFRA,2021-11-17 00:00:00+05:30,14.05,14.05,14.05,14.05,33807
SPMLINFRA,2021-11-18 00:00:00+05:30,14.75,14.75,13.65,14.75,954542
SPMLINFRA,2021-11-22 00:00:00+05:30,15.45,15.45,15.45,15.45,47973
SPMLINFRA,2021-11-23 00:00:00+05:30,16.2,16.2,16.2,16.2,15697
SPMLINFRA,2021-11-24 00:00:00+05:30,17.0,17.0,17.0,17.0,17312
SPMLINFRA,2021-11-25 00:00:00+05:30,17.85,17.85,17.85,17.85,15021
SPMLINFRA,2021-11-26 00:00:00+05:30,18.7,18.7,18.7,18.7,20895
SPMLINFRA,2021-11-29 00:00:00+05:30,19.6,19.6,19.6,19.6,30068
SPMLINFRA,2021-11-30 00:00:00+05:30,20.55,20.55,18.65,20.55,1243054
SPMLINFRA,2021-12-01 00:00:00+05:30,21.55,21.55,21.55,21.55,91718
SPMLINFRA,2021-12-02 00:00:00+05:30,22.6,22.6,22.6,22.6,29803
SPMLINFRA,2021-12-03 00:00:00+05:30,23.7,23.7,23.7,23.7,49694
SPMLINFRA,2021-12-06 00:00:00+05:30,24.85,24.85,22.55,23.9,491696
SPMLINFRA,2021-12-07 00:00:00+05:30,23.05,24.65,22.75,22.75,99892
SPMLINFRA,2021-12-08 00:00:00+05:30,21.65,21.65,21.65,21.65,21643
SPMLINFRA,2021-12-09 00:00:00+05:30,20.6,22.7,20.6,22.7,230662
SPMLINFRA,2021-12-10 00:00:00+05:30,23.6,23.8,22.0,22.4,190722
SPMLINFRA,2021-12-13 00:00:00+05:30,22.0,22.0,21.3,21.3,113660
SPMLINFRA,2021-12-14 00:00:00+05:30,20.25,20.25,20.25,20.25,27868
SPMLINFRA,2021-12-15 00:00:00+05:30,19.25,21.25,19.25,20.6,269990
SPMLINFRA,2021-12-16 00:00:00+05:30,21.15,21.15,19.75,20.1,81528
SPMLINFRA,2021-12-17 00:00:00+05:30,20.1,20.8,19.1,19.25,48443
SPMLINFRA,2021-12-20 00:00:00+05:30,19.0,19.0,18.3,18.4,37866
SPMLINFRA,2021-12-21 00:00:00+05:30,19.15,19.3,17.7,18.55,70196
SPMLINFRA,2021-12-22 00:00:00+05:30,18.5,19.45,18.5,19.45,49900
SPMLINFRA,2021-12-23 00:00:00+05:30,20.4,20.4,20.4,20.4,11172
SPMLINFRA,2021-12-24 00:00:00+05:30,21.4,21.4,21.4,21.4,22512
SPMLINFRA,2021-12-27 00:00:00+05:30,22.45,22.45,22.45,22.45,53786
SPMLINFRA,2021-12-28 00:00:00+05:30,23.55,23.55,23.55,23.55,29796
SPMLINFRA,2021-12-29 00:00:00+05:30,24.7,24.7,23.0,24.7,240526
SPMLINFRA,2021-12-30 00:00:00+05:30,25.9,25.9,25.05,25.9,147299
SPMLINFRA,2021-12-31 00:00:00+05:30,27.15,27.15,26.05,27.15,33067
SPMLINFRA,2022-01-03 00:00:00+05:30,28.5,28.5,28.5,28.5,149094
SPMLINFRA,2022-01-04 00:00:00+05:30,29.9,29.9,29.9,29.9,57405
SPMLINFRA,2022-01-05 00:00:00+05:30,31.35,31.35,30.1,31.35,270427
SPMLINFRA,2022-01-06 00:00:00+05:30,32.9,32.9,32.9,32.9,33777
SPMLINFRA,2022-01-07 00:00:00+05:30,34.5,34.5,34.5,34.5,28577
SPMLINFRA,2022-01-10 00:00:00+05:30,36.2,36.2,36.2,36.2,34031
SPMLINFRA,2022-01-11 00:00:00+05:30,38.0,38.0,38.0,38.0,28753
SPMLINFRA,2022-01-12 00:00:00+05:30,39.9,39.9,36.1,39.75,1097353
SPMLINFRA,2022-01-13 00:00:00+05:30,41.65,41.7,37.8,41.7,448165
SPMLINFRA,2022-01-14 00:00:00+05:30,43.5,43.75,41.7,43.75,241779
SPMLINFRA,2022-01-17 00:00:00+05:30,45.9,45.9,44.7,45.9,65718
SPMLINFRA,2022-01-18 00:00:00+05:30,47.5,48.15,43.65,48.15,691056
SPMLINFRA,2022-01-19 00:00:00+05:30,49.0,50.55,48.25,50.55,255573
SPMLINFRA,2022-01-20 00:00:00+05:30,52.6,53.05,52.6,53.05,61654
SPMLINFRA,2022-01-21 00:00:00+05:30,55.7,55.7,54.85,55.7,399065
SPMLINFRA,2022-01-24 00:00:00+05:30,58.25,58.45,52.95,52.95,781496
SPMLINFRA,2022-01-25 00:00:00+05:30,50.6,53.0,50.35,52.15,575446
SPMLINFRA,2022-01-27 00:00:00+05:30,49.6,51.45,49.55,49.6,155667
SPMLINFRA,2022-01-28 00:00:00+05:30,48.0,51.9,47.15,50.8,157576
SPMLINFRA,2022-01-31 00:00:00+05:30,48.7,52.85,48.3,49.0,70519
SPMLINFRA,2022-02-01 00:00:00+05:30,48.8,48.8,46.55,47.0,134559
SPMLINFRA,2022-02-02 00:00:00+05:30,47.0,49.35,47.0,49.35,67769
SPMLINFRA,2022-02-03 00:00:00+05:30,51.8,51.8,51.8,51.8,11832
SPMLINFRA,2022-02-04 00:00:00+05:30,54.35,54.35,54.35,54.35,75886
SPMLINFRA,2022-02-07 00:00:00+05:30,57.05,57.05,55.0,57.05,120854
SPMLINFRA,2022-02-08 00:00:00+05:30,59.9,59.9,59.9,59.9,18755
SPMLINFRA,2022-02-09 00:00:00+05:30,62.85,62.85,61.7,62.85,190262
SPMLINFRA,2022-02-10 00:00:00+05:30,59.95,64.0,59.75,59.75,51358
SPMLINFRA,2022-02-11 00:00:00+05:30,56.8,56.8,56.8,56.8,7326
SPMLINFRA,2022-02-14 00:00:00+05:30,54.0,54.0,54.0,54.0,4837
SPMLINFRA,2022-02-15 00:00:00+05:30,51.3,51.3,51.3,51.3,18075
SPMLINFRA,2022-02-16 00:00:00+05:30,48.75,53.85,48.75,53.85,195434
SPMLINFRA,2022-02-17 00:00:00+05:30,53.0,54.9,51.2,53.1,102115
SPMLINFRA,2022-02-18 00:00:00+05:30,53.9,55.75,51.15,55.7,88864
SPMLINFRA,2022-02-21 00:00:00+05:30,52.95,56.0,52.95,52.95,44099
SPMLINFRA,2022-02-22 00:00:00+05:30,50.35,50.35,50.35,50.35,9632
SPMLINFRA,2022-02-23 00:00:00+05:30,48.0,52.85,48.0,52.85,64148
SPMLINFRA,2022-02-24 00:00:00+05:30,50.25,50.25,50.25,50.25,7892
SPMLINFRA,2022-02-25 00:00:00+05:30,48.0,52.25,47.75,47.75,68748
SPMLINFRA,2022-02-28 00:00:00+05:30,47.0,50.1,45.4,50.1,136445
SPMLINFRA,2022-03-02 00:00:00+05:30,52.25,52.6,50.3,51.05,67527
SPMLINFRA,2022-03-03 00:00:00+05:30,50.1,51.8,48.5,49.55,31542
SPMLINFRA,2022-03-04 00:00:00+05:30,47.1,49.0,47.1,47.2,30142
SPMLINFRA,2022-03-07 00:00:00+05:30,47.0,47.0,44.85,45.1,49963
SPMLINFRA,2022-03-08 00:00:00+05:30,44.2,47.35,43.55,47.35,32344
SPMLINFRA,2022-03-09 00:00:00+05:30,49.6,49.6,47.0,48.15,48375
SPMLINFRA,2022-03-10 00:00:00+05:30,50.45,50.55,45.75,50.55,184141
SPMLINFRA,2022-03-11 00:00:00+05:30,52.0,53.05,52.0,53.05,35783
SPMLINFRA,2022-03-14 00:00:00+05:30,55.7,55.7,55.7,55.7,34445
SPMLINFRA,2022-03-15 00:00:00+05:30,58.45,58.45,56.85,57.65,125159
SPMLINFRA,2022-03-16 00:00:00+05:30,60.5,60.5,55.7,57.05,47160
SPMLINFRA,2022-03-17 00:00:00+05:30,56.05,59.5,56.0,56.75,46325
SPMLINFRA,2022-03-21 00:00:00+05:30,58.5,58.5,53.95,53.95,27799
SPMLINFRA,2022-03-22 00:00:00+05:30,53.5,56.6,51.7,56.5,140744
SPMLINFRA,2022-03-23 00:00:00+05:30,59.3,59.3,57.85,58.8,111389
SPMLINFRA,2022-03-24 00:00:00+05:30,59.3,59.3,56.25,57.8,52996
SPMLINFRA,2022-03-25 00:00:00+05:30,60.65,60.65,59.0,60.65,68328
SPMLINFRA,2022-03-28 00:00:00+05:30,63.65,63.65,63.6,63.65,93094
SPMLINFRA,2022-03-29 00:00:00+05:30,65.1,66.8,60.5,60.5,240772
SPMLINFRA,2022-03-30 00:00:00+05:30,62.45,63.5,57.5,58.6,243359
SPMLINFRA,2022-03-31 00:00:00+05:30,59.0,61.0,56.15,57.6,110716
SPMLINFRA,2022-04-01 00:00:00+05:30,57.05,60.45,56.8,60.45,126902
SPMLINFRA,2022-04-04 00:00:00+05:30,63.45,63.45,62.2,63.45,121949
SPMLINFRA,2022-04-05 00:00:00+05:30,66.6,66.6,65.1,66.6,217000
SPMLINFRA,2022-04-06 00:00:00+05:30,69.8,69.9,67.95,69.9,210800
SPMLINFRA,2022-04-07 00:00:00+05:30,73.35,73.35,66.45,66.45,398139
SPMLINFRA,2022-04-08 00:00:00+05:30,63.35,66.0,63.15,63.15,219628
SPMLINFRA,2022-04-11 00:00:00+05:30,62.9,66.3,62.0,66.3,322832
SPMLINFRA,2022-04-12 00:00:00+05:30,69.6,69.6,67.0,69.6,417499
SPMLINFRA,2022-04-13 00:00:00+05:30,73.05,73.05,73.05,73.05,220329
SPMLINFRA,2022-04-18 00:00:00+05:30,72.75,75.35,69.4,70.9,334816
SPMLINFRA,2022-04-19 00:00:00+05:30,71.4,73.4,67.4,68.25,143407
SPMLINFRA,2022-04-20 00:00:00+05:30,68.25,71.65,67.0,67.6,123660
SPMLINFRA,2022-04-21 00:00:00+05:30,67.6,70.7,67.25,68.35,116368
SPMLINFRA,2022-04-22 00:00:00+05:30,70.0,70.0,64.95,66.0,137381
SPMLINFRA,2022-04-25 00:00:00+05:30,64.0,64.5,62.7,62.7,161479
SPMLINFRA,2022-04-26 00:00:00+05:30,64.6,65.7,61.1,62.0,154759
SPMLINFRA,2022-04-27 00:00:00+05:30,62.2,62.95,58.9,59.7,208739
SPMLINFRA,2022-04-28 00:00:00+05:30,60.0,61.0,58.25,59.45,85767
SPMLINFRA,2022-04-29 00:00:00+05:30,60.0,60.4,57.05,57.5,64389
SPMLINFRA,2022-05-02 00:00:00+05:30,56.25,59.4,55.5,56.2,61963
SPMLINFRA,2022-05-04 00:00:00+05:30,55.3,56.95,53.4,54.9,117085
SPMLINFRA,2022-05-05 00:00:00+05:30,53.1,54.0,52.2,52.2,84273
SPMLINFRA,2022-05-06 00:00:00+05:30,49.6,49.6,49.6,49.6,10019
SPMLINFRA,2022-05-09 00:00:00+05:30,47.3,50.05,47.15,47.7,173240
SPMLINFRA,2022-05-10 00:00:00+05:30,46.75,48.3,45.35,45.35,91507
SPMLINFRA,2022-05-11 00:00:00+05:30,43.5,44.95,43.1,43.9,147525
SPMLINFRA,2022-05-12 00:00:00+05:30,41.9,42.45,41.75,42.05,71193
SPMLINFRA,2022-05-13 00:00:00+05:30,41.2,44.15,41.2,43.15,119988
SPMLINFRA,2022-05-16 00:00:00+05:30,42.55,45.15,42.55,43.55,35746
SPMLINFRA,2022-05-17 00:00:00+05:30,44.0,44.5,42.55,43.55,116832
SPMLINFRA,2022-05-18 00:00:00+05:30,44.45,44.55,42.05,42.45,46071
SPMLINFRA,2022-05-19 00:00:00+05:30,41.1,42.0,40.35,40.9,205926
SPMLINFRA,2022-05-20 00:00:00+05:30,42.8,42.9,41.2,42.0,173793
SPMLINFRA,2022-05-23 00:00:00+05:30,41.7,42.05,39.9,39.9,113082
SPMLINFRA,2022-05-24 00:00:00+05:30,38.55,39.35,37.95,37.95,57274
SPMLINFRA,2022-05-25 00:00:00+05:30,37.0,37.9,36.1,36.1,29096
SPMLINFRA,2022-05-26 00:00:00+05:30,34.3,37.7,34.3,36.55,354632
SPMLINFRA,2022-05-27 00:00:00+05:30,37.0,38.35,36.6,38.35,106869
SPMLINFRA,2022-05-30 00:00:00+05:30,39.95,40.25,39.35,40.25,47725
SPMLINFRA,2022-05-31 00:00:00+05:30,41.85,42.25,38.25,38.25,155438
SPMLINFRA,2022-06-01 00:00:00+05:30,39.05,39.8,37.5,38.6,56000
SPMLINFRA,2022-06-02 00:00:00+05:30,38.8,40.5,38.0,40.45,57113
SPMLINFRA,2022-06-03 00:00:00+05:30,42.0,42.0,38.5,38.8,107089
SPMLINFRA,2022-06-06 00:00:00+05:30,37.5,40.7,37.15,40.7,88300
SPMLINFRA,2022-06-07 00:00:00+05:30,41.35,41.75,39.5,39.9,40592
SPMLINFRA,2022-06-08 00:00:00+05:30,40.5,40.5,39.05,39.8,10826
SPMLINFRA,2022-06-09 00:00:00+05:30,38.95,39.85,38.35,38.75,18540
SPMLINFRA,2022-06-10 00:00:00+05:30,38.5,39.15,36.85,37.8,63042
SPMLINFRA,2022-06-13 00:00:00+05:30,37.75,37.75,35.95,36.25,33532
SPMLINFRA,2022-06-14 00:00:00+05:30,34.75,38.05,34.75,36.75,25063
SPMLINFRA,2022-06-15 00:00:00+05:30,37.45,38.0,36.5,37.7,13374
SPMLINFRA,2022-06-16 00:00:00+05:30,39.2,39.2,35.85,36.65,58432
SPMLINFRA,2022-06-17 00:00:00+05:30,35.2,35.95,34.85,34.85,26007
SPMLINFRA,2022-06-20 00:00:00+05:30,33.5,34.75,33.15,33.15,22005
SPMLINFRA,2022-06-21 00:00:00+05:30,33.05,33.05,31.5,31.5,223173
SPMLINFRA,2022-06-22 00:00:00+05:30,32.15,33.05,30.35,31.65,66619
SPMLINFRA,2022-06-23 00:00:00+05:30,32.9,32.95,30.7,31.45,26866
SPMLINFRA,2022-06-24 00:00:00+05:30,32.35,33.0,30.5,33.0,103879
SPMLINFRA,2022-06-27 00:00:00+05:30,34.5,34.65,33.75,34.65,8394
SPMLINFRA,2022-06-28 00:00:00+05:30,35.9,36.35,34.7,36.15,190065
SPMLINFRA,2022-06-29 00:00:00+05:30,36.05,37.95,36.05,37.95,61921
SPMLINFRA,2022-06-30 00:00:00+05:30,39.75,39.8,36.1,36.2,166852
SPMLINFRA,2022-07-01 00:00:00+05:30,36.9,38.0,34.65,38.0,85810
SPMLINFRA,2022-07-04 00:00:00+05:30,39.65,39.9,39.65,39.9,8825
SPMLINFRA,2022-07-05 00:00:00+05:30,41.85,41.85,41.85,41.85,52036
SPMLINFRA,2022-07-06 00:00:00+05:30,43.9,43.9,41.25,43.9,157892
SPMLINFRA,2022-07-07 00:00:00+05:30,45.95,46.05,41.75,45.75,313595
SPMLINFRA,2022-07-08 00:00:00+05:30,48.0,48.0,46.3,48.0,84951
SPMLINFRA,2022-07-11 00:00:00+05:30,48.8,50.0,45.8,49.1,131312
SPMLINFRA,2022-07-12 00:00:00+05:30,48.95,51.55,47.55,51.55,71219
SPMLINFRA,2022-07-13 00:00:00+05:30,50.0,54.1,49.55,51.9,296566
SPMLINFRA,2022-07-14 00:00:00+05:30,53.4,53.4,49.35,49.35,35954
SPMLINFRA,2022-07-15 00:00:00+05:30,48.0,49.0,46.9,48.3,60912
SPMLINFRA,2022-07-18 00:00:00+05:30,48.95,49.0,46.5,47.2,18482
SPMLINFRA,2022-07-19 00:00:00+05:30,47.0,48.75,46.1,47.45,14861
SPMLINFRA,2022-07-20 00:00:00+05:30,47.0,49.8,47.0,49.15,53251
SPMLINFRA,2022-07-21 00:00:00+05:30,48.05,50.25,48.05,48.6,40118
SPMLINFRA,2022-07-22 00:00:00+05:30,48.0,49.25,46.2,46.2,75964
SPMLINFRA,2022-07-25 00:00:00+05:30,46.2,48.0,43.9,44.35,89721
SPMLINFRA,2022-07-26 00:00:00+05:30,44.35,45.2,42.15,42.15,64178
SPMLINFRA,2022-07-27 00:00:00+05:30,42.75,43.95,40.05,41.0,93150
SPMLINFRA,2022-07-28 00:00:00+05:30,41.0,43.05,39.0,42.4,89893
SPMLINFRA,2022-07-29 00:00:00+05:30,42.75,42.75,40.3,41.2,122295
SPMLINFRA,2022-08-01 00:00:00+05:30,40.95,41.0,39.15,40.05,47774
SPMLINFRA,2022-08-02 00:00:00+05:30,40.1,40.1,38.05,38.05,106940
SPMLINFRA,2022-08-03 00:00:00+05:30,36.15,36.15,36.15,36.15,47624
SPMLINFRA,2022-08-04 00:00:00+05:30,36.3,37.95,34.35,37.45,228401
SPMLINFRA,2022-08-05 00:00:00+05:30,36.75,39.3,36.0,39.3,186770
SPMLINFRA,2022-08-08 00:00:00+05:30,39.8,39.8,37.9,38.55,40099
SPMLINFRA,2022-08-10 00:00:00+05:30,38.6,40.45,38.6,40.45,163421
SPMLINFRA,2022-08-11 00:00:00+05:30,39.65,41.0,38.65,39.05,87549
SPMLINFRA,2022-08-12 00:00:00+05:30,39.6,41.0,38.0,39.65,69356
SPMLINFRA,2022-08-16 00:00:00+05:30,38.1,40.5,38.1,39.55,30148
SPMLINFRA,2022-08-17 00:00:00+05:30,38.75,41.5,38.75,40.45,24387
SPMLINFRA,2022-08-18 00:00:00+05:30,40.1,41.9,39.0,39.95,33727
SPMLINFRA,2022-08-19 00:00:00+05:30,41.8,41.8,39.0,39.35,54896
SPMLINFRA,2022-08-22 00:00:00+05:30,39.7,41.3,38.7,40.9,71015
SPMLINFRA,2022-08-23 00:00:00+05:30,41.75,42.4,40.0,40.75,115128
SPMLINFRA,2022-08-24 00:00:00+05:30,41.0,42.5,40.1,42.25,44177
SPMLINFRA,2022-08-25 00:00:00+05:30,42.5,44.35,42.05,44.35,95884
SPMLINFRA,2022-08-26 00:00:00+05:30,46.55,46.55,44.5,44.65,93879
SPMLINFRA,2022-08-29 00:00:00+05:30,45.0,45.0,42.5,44.25,51756
SPMLINFRA,2022-08-30 00:00:00+05:30,46.0,46.45,45.0,46.2,87709
SPMLINFRA,2022-09-01 00:00:00+05:30,48.0,48.0,45.4,46.05,65673
SPMLINFRA,2022-09-02 00:00:00+05:30,47.85,47.85,43.75,44.5,61282
SPMLINFRA,2022-09-05 00:00:00+05:30,44.0,44.1,42.3,43.5,63362
SPMLINFRA,2022-09-06 00:00:00+05:30,42.7,43.9,41.55,42.6,51835
SPMLINFRA,2022-09-07 00:00:00+05:30,41.8,42.8,40.6,40.9,55096
SPMLINFRA,2022-09-08 00:00:00+05:30,41.4,42.15,41.0,42.0,40629
SPMLINFRA,2022-09-09 00:00:00+05:30,42.0,44.0,40.7,41.05,51755
SPMLINFRA,2022-09-12 00:00:00+05:30,41.05,41.45,39.0,39.05,62053
SPMLINFRA,2022-09-13 00:00:00+05:30,37.4,40.95,37.4,39.05,102603
SPMLINFRA,2022-09-14 00:00:00+05:30,40.0,40.0,37.15,37.9,59907
SPMLINFRA,2022-09-15 00:00:00+05:30,38.75,39.75,37.05,37.95,54938
SPMLINFRA,2022-09-16 00:00:00+05:30,38.95,38.95,36.1,36.3,80162
SPMLINFRA,2022-09-19 00:00:00+05:30,34.6,38.1,34.6,37.7,83005
SPMLINFRA,2022-09-20 00:00:00+05:30,38.9,38.9,37.15,37.5,52831
SPMLINFRA,2022-09-21 00:00:00+05:30,37.65,38.9,37.0,37.6,90981
SPMLINFRA,2022-09-22 00:00:00+05:30,36.15,38.3,36.15,37.05,23589
SPMLINFRA,2022-09-23 00:00:00+05:30,35.8,38.0,35.8,36.4,58867
SPMLINFRA,2022-09-26 00:00:00+05:30,37.7,37.7,34.65,34.7,55816
SPMLINFRA,2022-09-27 00:00:00+05:30,35.4,36.05,33.2,33.5,68889
SPMLINFRA,2022-09-28 00:00:00+05:30,33.7,35.0,32.9,33.35,100889
SPMLINFRA,2022-09-29 00:00:00+05:30,34.65,35.0,34.4,34.7,14997
SPMLINFRA,2022-09-30 00:00:00+05:30,35.4,35.45,33.2,33.3,45369
SPMLINFRA,2022-10-03 00:00:00+05:30,33.0,33.9,32.8,33.0,26582
SPMLINFRA,2022-10-04 00:00:00+05:30,32.85,33.85,31.35,31.35,304489
SPMLINFRA,2022-10-06 00:00:00+05:30,32.65,32.65,30.2,31.6,108307
SPMLINFRA,2022-10-07 00:00:00+05:30,31.55,33.15,30.85,31.25,194923
SPMLINFRA,2022-10-10 00:00:00+05:30,31.25,32.7,30.5,32.15,52007
SPMLINFRA,2022-10-11 00:00:00+05:30,31.5,33.75,31.5,33.75,62532
SPMLINFRA,2022-10-12 00:00:00+05:30,34.5,35.3,33.95,34.5,59228
SPMLINFRA,2022-10-13 00:00:00+05:30,35.3,35.3,32.8,32.8,43418
SPMLINFRA,2022-10-14 00:00:00+05:30,32.55,33.6,31.5,31.7,69005
SPMLINFRA,2022-10-17 00:00:00+05:30,32.7,33.25,30.15,30.45,88502
SPMLINFRA,2022-10-18 00:00:00+05:30,29.4,31.8,29.4,31.2,30160
SPMLINFRA,2022-10-19 00:00:00+05:30,31.05,32.75,30.55,32.65,134937
SPMLINFRA,2022-10-20 00:00:00+05:30,33.4,34.25,31.8,33.4,132268
SPMLINFRA,2022-10-21 00:00:00+05:30,33.45,34.1,32.15,32.7,47652
SPMLINFRA,2022-10-24 00:00:00+05:30,33.95,34.0,32.85,33.75,16466
SPMLINFRA,2022-10-25 00:00:00+05:30,33.4,33.85,32.9,33.1,10696
SPMLINFRA,2022-10-27 00:00:00+05:30,33.05,33.9,32.5,32.65,9788
SPMLINFRA,2022-10-28 00:00:00+05:30,32.7,33.75,32.05,32.5,11969
SPMLINFRA,2022-10-31 00:00:00+05:30,33.15,33.35,31.55,32.35,29763
SPMLINFRA,2022-11-01 00:00:00+05:30,32.1,32.75,30.75,31.0,99396
SPMLINFRA,2022-11-02 00:00:00+05:30,31.9,31.9,29.45,29.45,212479
SPMLINFRA,2022-11-03 00:00:00+05:30,28.65,30.3,28.65,29.35,31822
SPMLINFRA,2022-11-04 00:00:00+05:30,30.0,30.8,29.25,30.35,20859
SPMLINFRA,2022-11-07 00:00:00+05:30,31.45,31.45,29.4,30.1,28982
SPMLINFRA,2022-11-09 00:00:00+05:30,31.4,31.5,30.4,31.2,46596
SPMLINFRA,2022-11-10 00:00:00+05:30,31.85,31.85,30.2,31.15,15304
SPMLINFRA,2022-11-11 00:00:00+05:30,31.0,31.4,30.15,30.55,33679
SPMLINFRA,2022-11-14 00:00:00+05:30,30.85,31.25,29.6,30.1,26947
SPMLINFRA,2022-11-15 00:00:00+05:30,29.55,30.45,28.6,28.65,115410
SPMLINFRA,2022-11-16 00:00:00+05:30,29.8,29.8,27.25,27.25,272043
SPMLINFRA,2022-11-17 00:00:00+05:30,27.35,28.05,25.9,26.1,99574
SPMLINFRA,2022-11-18 00:00:00+05:30,26.2,26.25,24.8,24.8,132000
SPMLINFRA,2022-11-21 00:00:00+05:30,24.8,26.0,23.6,25.75,183003
SPMLINFRA,2022-11-22 00:00:00+05:30,27.0,27.0,26.35,27.0,44554
SPMLINFRA,2022-11-23 00:00:00+05:30,28.35,28.35,28.35,28.35,24330
SPMLINFRA,2022-11-24 00:00:00+05:30,29.75,29.75,29.75,29.75,28769
SPMLINFRA,2022-11-25 00:00:00+05:30,30.0,31.2,28.6,31.2,212527
SPMLINFRA,2022-11-28 00:00:00+05:30,31.95,32.75,30.05,32.75,154532
SPMLINFRA,2022-11-29 00:00:00+05:30,33.45,34.35,31.6,34.35,44034
SPMLINFRA,2022-11-30 00:00:00+05:30,35.35,36.0,32.65,34.3,128232
SPMLINFRA,2022-12-01 00:00:00+05:30,35.0,35.9,33.0,34.1,92874
SPMLINFRA,2022-12-02 00:00:00+05:30,35.25,35.25,33.25,33.7,25613
SPMLINFRA,2022-12-05 00:00:00+05:30,33.95,33.95,32.1,32.55,70476
SPMLINFRA,2022-12-06 00:00:00+05:30,33.0,33.0,31.0,31.55,56242
SPMLINFRA,2022-12-07 00:00:00+05:30,31.95,31.95,30.6,31.0,20405
SPMLINFRA,2022-12-08 00:00:00+05:30,31.0,31.95,31.0,31.55,30968
SPMLINFRA,2022-12-09 00:00:00+05:30,31.55,31.85,30.2,30.45,49971
SPMLINFRA,2022-12-12 00:00:00+05:30,30.5,31.3,28.95,29.1,134856
SPMLINFRA,2022-12-13 00:00:00+05:30,29.0,30.1,29.0,29.4,21349
SPMLINFRA,2022-12-14 00:00:00+05:30,29.9,29.9,29.0,29.35,23458
SPMLINFRA,2022-12-15 00:00:00+05:30,30.05,30.45,29.35,30.2,19569
SPMLINFRA,2022-12-16 00:00:00+05:30,31.2,31.2,29.5,29.75,19663
SPMLINFRA,2022-12-19 00:00:00+05:30,31.15,31.15,29.25,30.05,20015
SPMLINFRA,2022-12-20 00:00:00+05:30,30.75,30.75,29.0,29.3,61321
SPMLINFRA,2022-12-21 00:00:00+05:30,29.45,29.6,27.85,27.85,44534
SPMLINFRA,2022-12-22 00:00:00+05:30,26.7,28.0,26.5,26.5,65444
SPMLINFRA,2022-12-23 00:00:00+05:30,25.2,25.2,25.2,25.2,21089
SPMLINFRA,2022-12-26 00:00:00+05:30,23.95,24.9,23.95,24.2,353105
SPMLINFRA,2022-12-27 00:00:00+05:30,24.85,24.85,23.65,24.5,51474
SPMLINFRA,2022-12-28 00:00:00+05:30,24.55,25.7,24.15,25.7,30242
SPMLINFRA,2022-12-29 00:00:00+05:30,26.9,26.95,26.05,26.9,100871
SPMLINFRA,2022-12-30 00:00:00+05:30,27.0,27.0,26.0,26.75,49577
SPMLINFRA,2023-01-02 00:00:00+05:30,26.95,27.95,26.25,27.55,46905
SPMLINFRA,2023-01-03 00:00:00+05:30,27.6,28.2,27.1,27.75,30155
SPMLINFRA,2023-01-04 00:00:00+05:30,26.8,27.6,26.5,26.9,41658
SPMLINFRA,2023-01-05 00:00:00+05:30,27.35,27.45,26.05,26.4,31317
SPMLINFRA,2023-01-06 00:00:00+05:30,25.7,26.85,25.25,25.4,36918
SPMLINFRA,2023-01-09 00:00:00+05:30,25.65,25.65,25.05,25.25,23597
SPMLINFRA,2023-01-10 00:00:00+05:30,25.25,25.25,24.0,24.0,118868
SPMLINFRA,2023-01-11 00:00:00+05:30,24.65,24.9,23.65,24.65,31860
SPMLINFRA,2023-01-12 00:00:00+05:30,25.5,25.5,24.25,24.75,28306
SPMLINFRA,2023-01-13 00:00:00+05:30,24.75,25.45,24.5,24.7,10063
SPMLINFRA,2023-01-16 00:00:00+05:30,24.55,25.9,24.55,25.9,77921
SPMLINFRA,2023-01-17 00:00:00+05:30,26.6,26.6,24.8,25.05,44544
SPMLINFRA,2023-01-18 00:00:00+05:30,24.75,25.0,24.1,24.45,29077
SPMLINFRA,2023-01-19 00:00:00+05:30,24.75,25.65,24.7,25.65,292874
SPMLINFRA,2023-01-20 00:00:00+05:30,26.6,26.9,26.45,26.9,56842
SPMLINFRA,2023-01-23 00:00:00+05:30,28.2,28.2,28.2,28.2,36974
SPMLINFRA,2023-01-24 00:00:00+05:30,28.25,29.6,28.1,29.6,92894
SPMLINFRA,2023-01-25 00:00:00+05:30,30.5,31.05,30.1,31.05,211401
SPMLINFRA,2023-01-27 00:00:00+05:30,31.4,31.85,29.5,29.5,61214
SPMLINFRA,2023-01-30 00:00:00+05:30,28.1,29.25,28.05,28.05,55842
SPMLINFRA,2023-01-31 00:00:00+05:30,28.9,28.9,26.8,27.35,75586
SPMLINFRA,2023-02-01 00:00:00+05:30,27.75,28.7,27.7,28.65,81996
SPMLINFRA,2023-02-02 00:00:00+05:30,29.05,29.85,28.55,29.55,63634
SPMLINFRA,2023-02-03 00:00:00+05:30,29.8,29.8,28.1,28.1,53896
SPMLINFRA,2023-02-06 00:00:00+05:30,26.85,27.3,26.7,26.85,35885
SPMLINFRA,2023-02-07 00:00:00+05:30,26.25,26.75,25.55,25.6,60743
SPMLINFRA,2023-02-08 00:00:00+05:30,26.0,26.85,25.05,26.8,59101
SPMLINFRA,2023-02-09 00:00:00+05:30,28.0,28.0,26.3,26.75,30402
SPMLINFRA,2023-02-10 00:00:00+05:30,27.35,28.05,26.15,27.2,37070
SPMLINFRA,2023-02-13 00:00:00+05:30,27.75,27.75,25.85,25.85,56411
SPMLINFRA,2023-02-14 00:00:00+05:30,26.15,26.15,24.55,24.55,145628
SPMLINFRA,2023-02-15 00:00:00+05:30,24.55,25.4,23.55,24.3,64886
SPMLINFRA,2023-02-16 00:00:00+05:30,24.2,25.5,24.2,25.5,31877
SPMLINFRA,2023-02-17 00:00:00+05:30,26.0,26.4,24.75,25.35,32391
SPMLINFRA,2023-02-20 00:00:00+05:30,24.6,25.7,24.1,24.15,49591
SPMLINFRA,2023-02-21 00:00:00+05:30,25.15,25.15,23.2,23.55,42035
SPMLINFRA,2023-02-22 00:00:00+05:30,23.5,24.5,22.7,23.15,63042
SPMLINFRA,2023-02-23 00:00:00+05:30,23.2,24.2,23.0,24.1,17752
SPMLINFRA,2023-02-24 00:00:00+05:30,24.5,25.25,23.55,24.7,22381
SPMLINFRA,2023-02-27 00:00:00+05:30,25.0,25.0,23.75,24.05,24129
SPMLINFRA,2023-02-28 00:00:00+05:30,24.05,25.0,23.0,23.05,30418
SPMLINFRA,2023-03-01 00:00:00+05:30,23.2,24.2,22.3,24.15,33127
SPMLINFRA,2023-03-02 00:00:00+05:30,24.9,25.3,23.8,25.15,46527
SPMLINFRA,2023-03-03 00:00:00+05:30,26.0,26.25,25.0,26.0,69736
SPMLINFRA,2023-03-06 00:00:00+05:30,26.55,26.55,24.85,25.0,27250
SPMLINFRA,2023-03-08 00:00:00+05:30,25.6,25.7,24.7,24.9,54752
SPMLINFRA,2023-03-09 00:00:00+05:30,24.9,25.65,24.0,24.05,32464
SPMLINFRA,2023-03-10 00:00:00+05:30,24.55,25.0,23.55,24.5,37391
SPMLINFRA,2023-03-13 00:00:00+05:30,24.25,24.9,23.3,23.55,62969
SPMLINFRA,2023-03-14 00:00:00+05:30,23.4,24.05,22.55,22.75,51000
SPMLINFRA,2023-03-15 00:00:00+05:30,22.7,23.5,22.05,22.2,53236
SPMLINFRA,2023-03-16 00:00:00+05:30,22.2,23.1,21.4,21.9,19652
SPMLINFRA,2023-03-17 00:00:00+05:30,21.9,22.8,21.6,22.0,59597
SPMLINFRA,2023-03-20 00:00:00+05:30,22.55,22.7,20.9,21.15,78025
SPMLINFRA,2023-03-21 00:00:00+05:30,21.15,22.0,20.2,20.45,225964
SPMLINFRA,2023-03-22 00:00:00+05:30,21.35,21.35,19.9,20.25,151363
SPMLINFRA,2023-03-23 00:00:00+05:30,19.55,20.9,19.35,19.7,155211
SPMLINFRA,2023-03-24 00:00:00+05:30,20.3,20.3,18.95,19.1,41577
SPMLINFRA,2023-03-27 00:00:00+05:30,20.0,20.05,18.6,18.75,192307
SPMLINFRA,2023-03-28 00:00:00+05:30,18.7,19.4,17.85,17.95,243957
SPMLINFRA,2023-03-29 00:00:00+05:30,17.1,18.4,17.1,17.6,121120
SPMLINFRA,2023-03-31 00:00:00+05:30,17.95,18.4,16.75,16.9,91322
SPMLINFRA,2023-04-03 00:00:00+05:30,17.65,17.7,16.8,17.7,35479
SPMLINFRA,2023-04-05 00:00:00+05:30,18.55,18.55,18.55,18.55,1610
SPMLINFRA,2023-04-06 00:00:00+05:30,19.45,19.45,19.35,19.45,49377
SPMLINFRA,2023-04-10 00:00:00+05:30,20.4,20.4,19.85,20.4,45704
SPMLINFRA,2023-04-11 00:00:00+05:30,21.4,21.4,21.4,21.4,14119
SPMLINFRA,2023-04-12 00:00:00+05:30,22.45,22.45,22.45,22.45,12869
SPMLINFRA,2023-04-13 00:00:00+05:30,23.55,23.55,23.55,23.55,15436
SPMLINFRA,2023-04-17 00:00:00+05:30,24.7,24.7,23.0,24.7,247502
SPMLINFRA,2023-04-18 00:00:00+05:30,25.7,25.9,24.2,25.9,129056
SPMLINFRA,2023-04-19 00:00:00+05:30,27.15,27.15,26.6,27.15,20534
SPMLINFRA,2023-04-20 00:00:00+05:30,27.9,28.5,25.8,28.5,99194
SPMLINFRA,2023-04-21 00:00:00+05:30,28.5,28.5,27.1,27.2,35889
SPMLINFRA,2023-04-24 00:00:00+05:30,28.55,28.55,27.2,28.25,42875
SPMLINFRA,2023-04-25 00:00:00+05:30,28.95,29.1,27.9,28.7,22796
SPMLINFRA,2023-04-26 00:00:00+05:30,29.65,29.65,28.2,28.7,20323
SPMLINFRA,2023-04-27 00:00:00+05:30,28.65,30.1,28.65,30.1,101637
SPMLINFRA,2023-04-28 00:00:00+05:30,30.9,31.6,30.65,31.6,103355
SPMLINFRA,2023-05-02 00:00:00+05:30,33.15,33.15,32.5,33.15,160333
SPMLINFRA,2023-05-03 00:00:00+05:30,32.5,33.65,31.5,31.5,158946
SPMLINFRA,2023-05-04 00:00:00+05:30,31.35,33.05,31.35,33.05,462918
SPMLINFRA,2023-05-05 00:00:00+05:30,33.25,34.7,33.0,33.65,257115
SPMLINFRA,2023-05-08 00:00:00+05:30,34.75,35.3,34.0,35.3,99104
SPMLINFRA,2023-05-09 00:00:00+05:30,35.3,37.05,35.3,35.75,146328
SPMLINFRA,2023-05-10 00:00:00+05:30,35.9,37.4,35.0,35.5,31112
SPMLINFRA,2023-05-11 00:00:00+05:30,35.0,36.15,35.0,35.25,25003
SPMLINFRA,2023-05-12 00:00:00+05:30,35.05,35.15,33.5,33.75,67870
SPMLINFRA,2023-05-15 00:00:00+05:30,33.6,34.5,33.55,34.2,36594
SPMLINFRA,2023-05-16 00:00:00+05:30,34.9,34.9,32.5,33.55,69957
SPMLINFRA,2023-05-17 00:00:00+05:30,33.75,34.75,33.5,34.2,21323
SPMLINFRA,2023-05-18 00:00:00+05:30,35.75,35.75,34.65,35.4,66168
SPMLINFRA,2023-05-19 00:00:00+05:30,35.4,36.3,34.25,35.5,107808
SPMLINFRA,2023-05-22 00:00:00+05:30,35.55,36.25,34.6,35.35,43603
SPMLINFRA,2023-05-23 00:00:00+05:30,34.75,35.95,34.25,34.3,10387
SPMLINFRA,2023-05-24 00:00:00+05:30,34.1,34.3,32.6,32.75,24111
SPMLINFRA,2023-05-25 00:00:00+05:30,32.0,32.0,31.15,31.15,54972
SPMLINFRA,2023-05-26 00:00:00+05:30,31.15,31.15,29.6,29.75,289236
SPMLINFRA,2023-05-29 00:00:00+05:30,29.6,31.2,29.6,31.2,192117
SPMLINFRA,2023-05-30 00:00:00+05:30,30.2,32.75,30.2,32.75,522260
SPMLINFRA,2023-05-31 00:00:00+05:30,34.35,34.35,33.15,34.35,70116
SPMLINFRA,2023-06-01 00:00:00+05:30,34.45,36.05,34.45,35.9,84904
SPMLINFRA,2023-06-02 00:00:00+05:30,37.65,37.65,35.55,36.65,97975
SPMLINFRA,2023-06-05 00:00:00+05:30,36.65,37.8,35.2,35.9,59300
SPMLINFRA,2023-06-06 00:00:00+05:30,36.0,36.5,34.1,34.25,48379
SPMLINFRA,2023-06-07 00:00:00+05:30,33.8,35.95,33.8,35.95,55262
SPMLINFRA,2023-06-08 00:00:00+05:30,37.7,37.7,36.15,36.9,164341
SPMLINFRA,2023-06-09 00:00:00+05:30,37.0,38.0,35.6,36.2,29166
SPMLINFRA,2023-06-12 00:00:00+05:30,36.2,37.0,35.15,35.65,26294
SPMLINFRA,2023-06-13 00:00:00+05:30,36.0,37.4,35.1,37.4,142088
SPMLINFRA,2023-06-14 00:00:00+05:30,39.25,39.25,38.3,39.25,182093
SPMLINFRA,2023-06-15 00:00:00+05:30,41.2,41.2,41.2,41.2,85057
SPMLINFRA,2023-06-16 00:00:00+05:30,43.25,43.25,42.0,43.25,521352
SPMLINFRA,2023-06-19 00:00:00+05:30,45.4,45.4,45.4,45.4,170055
SPMLINFRA,2023-06-26 00:00:00+05:30,44.5,44.5,44.5,44.5,2477
SPMLINFRA,2023-07-03 00:00:00+05:30,43.65,43.65,43.65,43.65,1
SPMLINFRA,2023-07-10 00:00:00+05:30,42.8,42.8,42.8,42.8,290132
SPMLINFRA,2023-07-17 00:00:00+05:30,41.95,41.95,41.95,41.95,3668
SPMLINFRA,2023-07-24 00:00:00+05:30,40.7,42.0,39.85,39.85,151680
SPMLINFRA,2023-07-25 00:00:00+05:30,37.85,38.5,37.85,37.85,37883
SPMLINFRA,2023-07-26 00:00:00+05:30,35.95,35.95,35.95,35.95,25132
SPMLINFRA,2023-07-27 00:00:00+05:30,34.15,37.7,34.15,36.9,349174
SPMLINFRA,2023-07-28 00:00:00+05:30,38.0,38.7,37.95,38.7,29825
SPMLINFRA,2023-07-31 00:00:00+05:30,37.55,40.6,37.55,40.6,44056
SPMLINFRA,2023-08-01 00:00:00+05:30,42.25,42.6,40.7,42.5,58219
SPMLINFRA,2023-08-02 00:00:00+05:30,42.6,44.0,40.4,41.35,73222
SPMLINFRA,2023-08-03 00:00:00+05:30,39.55,42.75,39.55,41.05,25219
SPMLINFRA,2023-08-04 00:00:00+05:30,40.25,40.3,40.25,40.3,4271
SPMLINFRA,2023-08-07 00:00:00+05:30,40.3,40.3,39.5,39.5,8565
SPMLINFRA,2023-08-08 00:00:00+05:30,40.25,40.25,39.5,40.25,7702
SPMLINFRA,2023-08-09 00:00:00+05:30,39.5,39.5,39.45,39.45,7286
SPMLINFRA,2023-08-10 00:00:00+05:30,39.45,40.2,39.45,40.2,20915
SPMLINFRA,2023-08-11 00:00:00+05:30,40.2,40.2,39.4,39.4,1670
SPMLINFRA,2023-08-14 00:00:00+05:30,38.65,40.15,38.65,40.15,5691
SPMLINFRA,2023-08-16 00:00:00+05:30,39.35,39.35,39.35,39.35,1222
SPMLINFRA,2023-08-17 00:00:00+05:30,38.65,38.65,38.6,38.6,523
SPMLINFRA,2023-08-18 00:00:00+05:30,37.85,37.85,37.85,37.85,2610
SPMLINFRA,2023-08-21 00:00:00+05:30,37.1,37.1,37.1,37.1,6652
SPMLINFRA,2023-08-22 00:00:00+05:30,36.35,36.35,36.35,36.35,3283
SPMLINFRA,2023-08-23 00:00:00+05:30,35.65,35.65,35.65,35.65,5477
SPMLINFRA,2023-08-24 00:00:00+05:30,34.95,34.95,34.95,34.95,571
SPMLINFRA,2023-08-25 00:00:00+05:30,34.25,34.25,34.25,34.25,3342
SPMLINFRA,2023-08-28 00:00:00+05:30,33.6,34.9,33.6,34.9,21424
SPMLINFRA,2023-08-29 00:00:00+05:30,34.9,35.0,34.2,35.0,56386
SPMLINFRA,2023-08-30 00:00:00+05:30,34.55,35.7,34.55,35.7,22988
SPMLINFRA,2023-08-31 00:00:00+05:30,36.4,36.4,36.4,36.4,9301
SPMLINFRA,2023-09-01 00:00:00+05:30,37.1,37.1,37.1,37.1,9183
SPMLINFRA,2023-09-04 00:00:00+05:30,37.8,37.8,37.8,37.8,39525
SPMLINFRA,2023-09-05 00:00:00+05:30,38.55,38.55,38.55,38.55,17940
SPMLINFRA,2023-09-06 00:00:00+05:30,39.3,39.3,39.3,39.3,32001
SPMLINFRA,2023-09-07 00:00:00+05:30,40.05,40.05,40.05,40.05,12612
SPMLINFRA,2023-09-08 00:00:00+05:30,40.85,40.85,40.85,40.85,90656
SPMLINFRA,2023-09-11 00:00:00+05:30,42.85,42.85,42.85,42.85,24976
SPMLINFRA,2023-09-12 00:00:00+05:30,44.95,44.95,44.95,44.95,135521
SPMLINFRA,2023-09-13 00:00:00+05:30,44.5,47.15,44.5,47.15,657764
SPMLINFRA,2023-09-14 00:00:00+05:30,49.5,49.5,49.5,49.5,84769
SPMLINFRA,2023-09-15 00:00:00+05:30,51.95,51.95,49.5,51.95,396032
SPMLINFRA,2023-09-18 00:00:00+05:30,54.5,54.5,52.1,54.5,351289
SPMLINFRA,2023-09-20 00:00:00+05:30,56.0,57.2,54.15,56.8,362421
SPMLINFRA,2023-09-21 00:00:00+05:30,55.7,55.7,55.7,55.7,22805
SPMLINFRA,2023-09-22 00:00:00+05:30,54.6,54.6,54.6,54.6,19038
SPMLINFRA,2023-09-25 00:00:00+05:30,53.5,53.5,53.5,53.5,2502
SPMLINFRA,2023-09-26 00:00:00+05:30,52.45,52.45,52.45,52.45,658
SPMLINFRA,2023-09-27 00:00:00+05:30,51.4,51.4,51.4,51.4,39838
SPMLINFRA,2023-09-28 00:00:00+05:30,50.5,50.5,50.4,50.4,29008
SPMLINFRA,2023-09-29 00:00:00+05:30,49.4,49.45,49.4,49.45,5917
SPMLINFRA,2023-10-03 00:00:00+05:30,48.5,48.5,48.5,48.5,2392
SPMLINFRA,2023-10-04 00:00:00+05:30,47.6,49.45,47.6,49.45,46398
SPMLINFRA,2023-10-05 00:00:00+05:30,50.4,50.4,50.4,50.4,11013
SPMLINFRA,2023-10-06 00:00:00+05:30,51.4,51.4,51.4,51.4,9004
SPMLINFRA,2023-10-09 00:00:00+05:30,51.5,52.4,51.5,52.4,101090
SPMLINFRA,2023-10-10 00:00:00+05:30,53.4,53.4,53.4,53.4,52056
SPMLINFRA,2023-10-11 00:00:00+05:30,54.45,54.45,54.4,54.45,25849
SPMLINFRA,2023-10-12 00:00:00+05:30,55.5,55.5,55.5,55.5,20256
SPMLINFRA,2023-10-13 00:00:00+05:30,56.6,56.6,56.6,56.6,65806
SPMLINFRA,2023-10-16 00:00:00+05:30,57.7,57.7,55.5,57.7,140637
SPMLINFRA,2023-10-17 00:00:00+05:30,58.45,58.5,56.55,56.6,43108
SPMLINFRA,2023-10-18 00:00:00+05:30,55.5,55.5,55.5,55.5,28433
SPMLINFRA,2023-10-19 00:00:00+05:30,54.4,56.6,54.4,56.6,55133
SPMLINFRA,2023-10-20 00:00:00+05:30,57.7,57.7,57.6,57.7,49273
SPMLINFRA,2023-10-23 00:00:00+05:30,58.85,58.85,56.7,58.0,44554
SPMLINFRA,2023-10-25 00:00:00+05:30,59.15,59.15,56.85,56.85,33282
SPMLINFRA,2023-10-26 00:00:00+05:30,55.75,55.75,55.75,55.75,6183
SPMLINFRA,2023-10-27 00:00:00+05:30,55.7,56.85,55.7,56.85,58013
SPMLINFRA,2023-10-30 00:00:00+05:30,55.75,55.75,55.75,55.75,3592
SPMLINFRA,2023-10-31 00:00:00+05:30,54.7,54.7,54.65,54.65,31649
SPMLINFRA,2023-11-01 00:00:00+05:30,55.7,55.7,53.55,53.55,28975
SPMLINFRA,2023-11-02 00:00:00+05:30,53.55,54.6,53.55,54.6,17250
SPMLINFRA,2023-11-03 00:00:00+05:30,55.65,55.65,54.05,54.05,6964
SPMLINFRA,2023-11-06 00:00:00+05:30,53.15,53.95,53.15,53.45,13150
SPMLINFRA,2023-11-07 00:00:00+05:30,52.55,53.5,52.55,53.5,6627
SPMLINFRA,2023-11-08 00:00:00+05:30,53.5,54.0,53.0,53.0,9408
SPMLINFRA,2023-11-09 00:00:00+05:30,53.0,53.5,53.0,53.5,11481
SPMLINFRA,2023-11-10 00:00:00+05:30,53.45,53.45,52.55,53.1,34329
SPMLINFRA,2023-11-12 00:00:00+05:30,55.75,55.75,55.7,55.75,13542
SPMLINFRA,2023-11-13 00:00:00+05:30,58.05,58.5,58.05,58.5,23085
SPMLINFRA,2023-11-15 00:00:00+05:30,61.4,61.4,60.0,61.4,93536
SPMLINFRA,2023-11-16 00:00:00+05:30,64.45,64.45,64.4,64.45,138883
SPMLINFRA,2023-11-17 00:00:00+05:30,67.65,67.65,67.65,67.65,72296
SPMLINFRA,2023-11-20 00:00:00+05:30,71.0,71.0,71.0,71.0,45309
SPMLINFRA,2023-11-21 00:00:00+05:30,74.55,74.55,72.0,74.55,623132
SPMLINFRA,2023-11-22 00:00:00+05:30,73.1,73.1,73.05,73.05,282569
SPMLINFRA,2023-11-23 00:00:00+05:30,74.0,74.4,73.1,73.95,165405
SPMLINFRA,2023-11-24 00:00:00+05:30,74.45,74.45,73.5,74.4,164068
SPMLINFRA,2023-11-28 00:00:00+05:30,75.85,75.85,75.85,75.85,66788
SPMLINFRA,2023-11-29 00:00:00+05:30,77.35,77.35,77.35,77.35,23836
SPMLINFRA,2023-11-30 00:00:00+05:30,78.85,78.85,78.85,78.85,4563
SPMLINFRA,2023-12-01 00:00:00+05:30,80.4,80.4,80.4,80.4,215915
SPMLINFRA,2023-12-04 00:00:00+05:30,81.95,82.0,81.0,82.0,290481
SPMLINFRA,2023-12-05 00:00:00+05:30,82.0,83.6,82.0,83.6,70105
SPMLINFRA,2023-12-06 00:00:00+05:30,84.8,85.0,84.0,84.0,44903
SPMLINFRA,2023-12-07 00:00:00+05:30,84.0,85.65,84.0,85.65,58951
SPMLINFRA,2023-12-08 00:00:00+05:30,87.35,87.35,87.35,87.35,20684
SPMLINFRA,2023-12-11 00:00:00+05:30,89.05,89.05,89.05,89.05,20004
SPMLINFRA,2023-12-12 00:00:00+05:30,90.8,90.8,90.8,90.8,41524
SPMLINFRA,2023-12-13 00:00:00+05:30,92.6,92.6,92.6,92.6,1843
SPMLINFRA,2023-12-14 00:00:00+05:30,94.45,94.45,94.45,94.45,48399
SPMLINFRA,2023-12-15 00:00:00+05:30,96.3,96.3,92.6,96.3,191002
SPMLINFRA,2023-12-18 00:00:00+05:30,98.2,98.2,98.2,98.2,70624
SPMLINFRA,2023-12-19 00:00:00+05:30,100.1,100.1,96.25,96.25,93154
SPMLINFRA,2023-12-20 00:00:00+05:30,94.35,98.15,94.35,94.35,79729
SPMLINFRA,2023-12-21 00:00:00+05:30,96.2,96.2,96.2,96.2,56502
SPMLINFRA,2023-12-22 00:00:00+05:30,98.1,98.1,98.0,98.1,63259
SPMLINFRA,2023-12-26 00:00:00+05:30,100.0,100.05,99.9,99.9,77492
SPMLINFRA,2023-12-27 00:00:00+05:30,101.3,101.3,97.9,97.9,12689
SPMLINFRA,2023-12-28 00:00:00+05:30,95.95,95.95,95.95,95.95,21330
SPMLINFRA,2023-12-29 00:00:00+05:30,94.05,94.05,94.05,94.05,2267
SPMLINFRA,2024-01-01 00:00:00+05:30,92.2,92.2,92.2,92.2,28925
SPMLINFRA,2024-01-02 00:00:00+05:30,91.55,91.55,90.35,90.35,93874
SPMLINFRA,2024-01-03 00:00:00+05:30,88.55,88.55,88.55,88.55,32487
SPMLINFRA,2024-01-04 00:00:00+05:30,87.5,88.55,87.5,88.55,108244
SPMLINFRA,2024-01-05 00:00:00+05:30,90.3,90.3,90.3,90.3,30394
SPMLINFRA,2024-01-08 00:00:00+05:30,94.8,94.8,94.8,94.8,10061
SPMLINFRA,2024-01-09 00:00:00+05:30,99.5,99.5,99.5,99.5,28940
SPMLINFRA,2024-01-10 00:00:00+05:30,104.45,104.45,100.5,104.45,386858
SPMLINFRA,2024-01-11 00:00:00+05:30,103.0,109.65,99.25,109.65,391414
SPMLINFRA,2024-01-12 00:00:00+05:30,112.0,115.1,104.2,112.55,418337
SPMLINFRA,2024-01-15 00:00:00+05:30,110.0,115.0,107.0,108.05,180523
SPMLINFRA,2024-01-16 00:00:00+05:30,110.0,113.0,102.65,104.8,197926
SPMLINFRA,2024-01-17 00:00:00+05:30,102.7,102.7,102.7,102.7,65785
SPMLINFRA,2024-01-18 00:00:00+05:30,100.65,100.65,100.65,100.65,4540
SPMLINFRA,2024-01-19 00:00:00+05:30,98.65,98.65,98.65,98.65,20963
SPMLINFRA,2024-01-20 00:00:00+05:30,98.65,98.65,97.0,97.0,61257
SPMLINFRA,2024-01-23 00:00:00+05:30,97.0,97.0,96.15,96.5,63021
SPMLINFRA,2024-01-24 00:00:00+05:30,96.5,98.4,96.5,98.4,8652
SPMLINFRA,2024-01-25 00:00:00+05:30,100.35,100.35,100.35,100.35,51561
SPMLINFRA,2024-01-29 00:00:00+05:30,102.35,102.35,102.35,102.35,44035
SPMLINFRA,2024-01-30 00:00:00+05:30,104.35,104.35,104.35,104.35,3964
SPMLINFRA,2024-01-31 00:00:00+05:30,106.0,106.4,106.0,106.4,3820
SPMLINFRA,2024-02-01 00:00:00+05:30,108.5,108.5,108.5,108.5,7191
SPMLINFRA,2024-02-02 00:00:00+05:30,110.65,110.65,110.65,110.65,29401
SPMLINFRA,2024-02-05 00:00:00+05:30,112.85,112.85,112.85,112.85,94499
SPMLINFRA,2024-02-06 00:00:00+05:30,115.1,115.1,115.1,115.1,10595
SPMLINFRA,2024-02-07 00:00:00+05:30,117.4,117.4,117.4,117.4,19338
SPMLINFRA,2024-02-08 00:00:00+05:30,119.7,119.7,115.05,115.05,129693
SPMLINFRA,2024-02-09 00:00:00+05:30,112.75,112.75,112.75,112.75,39718
SPMLINFRA,2024-02-12 00:00:00+05:30,110.5,110.5,110.5,110.5,66
SPMLINFRA,2024-02-13 00:00:00+05:30,108.3,108.3,108.3,108.3,18528
SPMLINFRA,2024-02-14 00:00:00+05:30,106.15,106.5,106.15,106.5,33460
SPMLINFRA,2024-02-15 00:00:00+05:30,108.6,108.6,108.6,108.6,17644
SPMLINFRA,2024-02-16 00:00:00+05:30,110.75,110.75,109.0,110.75,29231
SPMLINFRA,2024-02-19 00:00:00+05:30,111.0,111.0,108.55,108.55,37141
SPMLINFRA,2024-02-20 00:00:00+05:30,108.55,110.0,107.1,110.0,30177
SPMLINFRA,2024-02-21 00:00:00+05:30,112.0,112.2,107.8,110.4,84476
SPMLINFRA,2024-02-22 00:00:00+05:30,111.5,112.6,109.5,112.0,58551
SPMLINFRA,2024-02-23 00:00:00+05:30,112.0,113.0,111.0,112.0,58015
SPMLINFRA,2024-02-26 00:00:00+05:30,109.8,111.0,109.8,109.8,57463
SPMLINFRA,2024-02-27 00:00:00+05:30,109.8,111.0,109.8,111.0,87550
SPMLINFRA,2024-02-28 00:00:00+05:30,111.5,111.5,108.8,108.8,21933
SPMLINFRA,2024-02-29 00:00:00+05:30,106.65,106.65,106.65,106.65,40046
SPMLINFRA,2024-03-01 00:00:00+05:30,108.75,108.75,108.75,108.75,8374
SPMLINFRA,2024-03-02 00:00:00+05:30,114.15,114.15,114.15,114.15,55435
SPMLINFRA,2024-03-04 00:00:00+05:30,119.85,119.85,119.85,119.85,55825
SPMLINFRA,2024-03-05 00:00:00+05:30,125.8,125.8,125.8,125.8,176516
SPMLINFRA,2024-03-06 00:00:00+05:30,131.45,131.8,119.55,119.55,303622
SPMLINFRA,2024-03-07 00:00:00+05:30,113.6,113.6,113.6,113.6,5406
SPMLINFRA,2024-03-11 00:00:00+05:30,107.95,107.95,107.95,107.95,11042
SPMLINFRA,2024-03-12 00:00:00+05:30,102.55,102.55,102.55,102.55,23158
SPMLINFRA,2024-03-13 00:00:00+05:30,97.45,97.45,97.45,97.45,30114
SPMLINFRA,2024-03-14 00:00:00+05:30,92.6,102.3,92.6,102.3,284592
SPMLINFRA,2024-03-15 00:00:00+05:30,107.4,107.4,100.85,107.4,261327
SPMLINFRA,2024-03-18 00:00:00+05:30,112.75,112.75,112.75,112.75,5310
SPMLINFRA,2024-03-19 00:00:00+05:30,118.35,118.35,112.75,118.35,502159
SPMLINFRA,2024-03-20 00:00:00+05:30,117.05,124.25,114.0,124.0,90878
SPMLINFRA,2024-03-21 00:00:00+05:30,130.2,130.2,124.05,130.2,238110
SPMLINFRA,2024-03-22 00:00:00+05:30,136.7,136.7,134.3,136.5,379543
SPMLINFRA,2024-03-26 00:00:00+05:30,139.95,141.05,131.1,133.8,126093
SPMLINFRA,2024-03-27 00:00:00+05:30,134.95,140.45,127.5,134.0,146350
SPMLINFRA,2024-03-28 00:00:00+05:30,140.5,140.5,128.05,129.55,127968
SPMLINFRA,2024-04-01 00:00:00+05:30,129.55,132.85,124.85,127.85,94375
SPMLINFRA,2024-04-02 00:00:00+05:30,128.8,130.35,126.0,128.0,54930
SPMLINFRA,2024-04-03 00:00:00+05:30,130.2,134.4,126.15,134.4,229194
SPMLINFRA,2024-04-04 00:00:00+05:30,138.5,138.5,128.0,130.0,107912
SPMLINFRA,2024-04-05 00:00:00+05:30,131.4,135.15,129.85,132.6,89952
SPMLINFRA,2024-04-08 00:00:00+05:30,132.6,133.95,127.9,129.7,36031
SPMLINFRA,2024-04-09 00:00:00+05:30,126.1,131.55,124.4,125.95,48984
SPMLINFRA,2024-04-10 00:00:00+05:30,125.6,127.85,122.25,127.15,25304
SPMLINFRA,2024-04-12 00:00:00+05:30,129.45,130.85,122.7,123.6,38885
SPMLINFRA,2024-04-15 00:00:00+05:30,117.5,122.0,117.45,117.65,44361
SPMLINFRA,2024-04-16 00:00:00+05:30,119.05,123.5,114.95,123.0,145043
SPMLINFRA,2024-04-18 00:00:00+05:30,126.85,126.85,116.85,117.4,80660
SPMLINFRA,2024-04-19 00:00:00+05:30,112.5,121.8,112.5,120.4,58590
SPMLINFRA,2024-04-22 00:00:00+05:30,125.85,125.85,118.35,119.75,33555
SPMLINFRA,2024-04-23 00:00:00+05:30,120.15,124.8,119.55,124.0,46417
SPMLINFRA,2024-04-24 00:00:00+05:30,124.9,125.05,119.25,123.0,36845
SPMLINFRA,2024-04-25 00:00:00+05:30,120.05,125.75,118.0,118.6,51317
SPMLINFRA,2024-04-26 00:00:00+05:30,119.65,121.85,116.75,119.3,53248
SPMLINFRA,2024-04-29 00:00:00+05:30,119.3,122.05,114.0,115.15,72666
SPMLINFRA,2024-04-30 00:00:00+05:30,117.7,117.7,112.2,113.1,61129
SPMLINFRA,2024-05-02 00:00:00+05:30,118.75,118.75,118.75,118.75,44545
SPMLINFRA,2024-05-03 00:00:00+05:30,124.65,124.65,124.65,124.65,33218
SPMLINFRA,2024-05-06 00:00:00+05:30,130.85,130.85,122.15,130.85,366966
SPMLINFRA,2024-05-07 00:00:00+05:30,130.05,137.35,126.25,134.05,508618
SPMLINFRA,2024-05-08 00:00:00+05:30,137.35,137.35,128.25,131.35,82511
SPMLINFRA,2024-05-09 00:00:00+05:30,131.75,137.5,125.6,128.85,142277
SPMLINFRA,2024-05-10 00:00:00+05:30,128.7,134.8,126.95,131.9,100576
SPMLINFRA,2024-05-13 00:00:00+05:30,134.55,134.55,126.3,130.15,155165
SPMLINFRA,2024-05-14 00:00:00+05:30,134.0,134.0,129.0,129.5,40185
SPMLINFRA,2024-05-15 00:00:00+05:30,132.0,134.5,128.65,130.05,67370
SPMLINFRA,2024-05-16 00:00:00+05:30,131.3,133.2,129.05,130.45,35239
SPMLINFRA,2024-05-17 00:00:00+05:30,131.1,133.9,130.0,132.4,27364
SPMLINFRA,2024-05-18 00:00:00+05:30,139.0,139.0,139.0,139.0,34285
SPMLINFRA,2024-05-21 00:00:00+05:30,145.95,145.95,143.0,145.95,253882
SPMLINFRA,2024-05-22 00:00:00+05:30,152.9,153.2,147.9,149.6,179003
SPMLINFRA,2024-05-23 00:00:00+05:30,152.9,152.9,142.15,142.15,99941
SPMLINFRA,2024-05-24 00:00:00+05:30,140.3,141.55,135.05,135.25,54014
SPMLINFRA,2024-05-27 00:00:00+05:30,135.05,141.95,133.05,134.9,67352
SPMLINFRA,2024-05-28 00:00:00+05:30,138.2,139.6,134.0,137.55,125638
SPMLINFRA,2024-05-29 00:00:00+05:30,139.4,139.5,135.3,137.2,48083
SPMLINFRA,2024-05-30 00:00:00+05:30,138.95,143.0,135.0,136.5,158086
SPMLINFRA,2024-05-31 00:00:00+05:30,138.5,139.5,133.05,135.9,60696
SPMLINFRA,2024-06-03 00:00:00+05:30,142.65,142.65,135.9,138.15,92483
SPMLINFRA,2024-06-04 00:00:00+05:30,140.0,140.0,131.25,131.25,76356
SPMLINFRA,2024-06-05 00:00:00+05:30,124.7,132.6,124.7,125.85,170314
SPMLINFRA,2024-06-06 00:00:00+05:30,129.85,131.4,124.45,129.2,104924
SPMLINFRA,2024-06-07 00:00:00+05:30,131.35,135.65,130.45,135.65,66911
SPMLINFRA,2024-06-10 00:00:00+05:30,142.4,142.43,135.65,140.96,139725
SPMLINFRA,2024-06-11 00:00:00+05:30,147.0,148.0,141.43,148.0,129680
SPMLINFRA,2024-06-12 00:00:00+05:30,153.98,155.4,151.1,155.4,96665
SPMLINFRA,2024-06-13 00:00:00+05:30,163.14,163.17,153.15,155.33,354772
SPMLINFRA,2024-06-14 00:00:00+05:30,157.0,163.09,156.0,163.09,343397
SPMLINFRA,2024-06-18 00:00:00+05:30,171.24,171.24,164.0,171.24,281470
SPMLINFRA,2024-06-19 00:00:00+05:30,179.8,179.8,172.1,179.8,457320
SPMLINFRA,2024-06-20 00:00:00+05:30,185.0,188.79,173.15,180.43,495882
SPMLINFRA,2024-06-21 00:00:00+05:30,178.8,180.9,171.4,171.94,266983
SPMLINFRA,2024-06-24 00:00:00+05:30,171.95,178.0,170.0,171.41,134328
SPMLINFRA,2024-06-25 00:00:00+05:30,175.75,176.8,170.01,171.52,142602
SPMLINFRA,2024-06-26 00:00:00+05:30,174.0,175.01,163.42,168.81,190951
SPMLINFRA,2024-06-27 00:00:00+05:30,170.0,171.99,160.36,161.41,171659
SPMLINFRA,2024-06-28 00:00:00+05:30,159.79,163.99,153.33,159.08,154947
SPMLINFRA,2024-07-01 00:00:00+05:30,162.0,167.03,157.98,167.03,56571
SPMLINFRA,2024-07-02 00:00:00+05:30,175.38,175.38,175.38,175.38,144703
SPMLINFRA,2024-07-03 00:00:00+05:30,184.0,184.14,176.5,184.14,472421
SPMLINFRA,2024-07-04 00:00:00+05:30,192.92,193.34,187.11,193.34,386545
SPMLINFRA,2024-07-05 00:00:00+05:30,203.0,203.0,200.13,203.0,167824
SPMLINFRA,2024-07-08 00:00:00+05:30,203.0,210.79,192.85,193.42,335547
SPMLINFRA,2024-07-09 00:00:00+05:30,198.97,198.97,183.74,184.24,187889
SPMLINFRA,2024-07-10 00:00:00+05:30,184.49,189.0,175.1,179.51,185560
SPMLINFRA,2024-07-11 00:00:00+05:30,184.8,186.96,178.78,181.82,101736
SPMLINFRA,2024-07-12 00:00:00+05:30,186.75,186.75,173.4,174.94,62752
SPMLINFRA,2024-07-15 00:00:00+05:30,173.95,175.5,168.0,171.59,179134
SPMLINFRA,2024-07-16 00:00:00+05:30,173.0,180.16,172.97,180.16,132998
SPMLINFRA,2024-07-18 00:00:00+05:30,185.98,187.9,180.41,184.09,140058
SPMLINFRA,2024-07-19 00:00:00+05:30,184.01,187.6,174.88,178.29,93955
SPMLINFRA,2024-07-22 00:00:00+05:30,176.99,179.69,171.06,174.8,69735
SPMLINFRA,2024-07-23 00:00:00+05:30,178.0,180.0,170.05,171.19,90421
SPMLINFRA,2024-07-24 00:00:00+05:30,171.0,179.74,170.55,179.74,127643
SPMLINFRA,2024-07-25 00:00:00+05:30,179.0,188.72,178.21,188.72,92419
SPMLINFRA,2024-07-26 00:00:00+05:30,198.15,198.15,191.0,198.15,186109
SPMLINFRA,2024-07-29 00:00:00+05:30,198.15,208.05,191.5,196.33,320905
SPMLINFRA,2024-07-30 00:00:00+05:30,199.0,206.14,195.43,206.14,201793
SPMLINFRA,2024-07-31 00:00:00+05:30,211.0,211.65,195.83,196.08,196712
SPMLINFRA,2024-08-01 00:00:00+05:30,199.0,199.0,186.27,186.27,138755
SPMLINFRA,2024-08-02 00:00:00+05:30,181.15,191.15,178.0,185.45,65139
SPMLINFRA,2024-08-05 00:00:00+05:30,180.0,184.45,176.17,176.17,104395
SPMLINFRA,2024-08-06 00:00:00+05:30,176.17,184.97,167.36,184.96,191772
SPMLINFRA,2024-08-07 00:00:00+05:30,190.05,194.2,190.05,194.2,81970
SPMLINFRA,2024-08-08 00:00:00+05:30,203.91,203.91,197.5,202.67,228710
SPMLINFRA,2024-08-09 00:00:00+05:30,201.6,211.75,194.2,210.06,154682
SPMLINFRA,2024-08-12 00:00:00+05:30,212.0,217.0,202.35,208.65,161410
SPMLINFRA,2024-08-13 00:00:00+05:30,202.0,206.0,198.21,198.32,95196
SPMLINFRA,2024-08-14 00:00:00+05:30,191.01,208.23,189.0,206.9,184053
SPMLINFRA,2024-08-16 00:00:00+05:30,204.99,213.0,203.0,205.2,91178
SPMLINFRA,2024-08-19 00:00:00+05:30,214.99,215.46,208.0,215.46,184881
SPMLINFRA,2024-08-20 00:00:00+05:30,226.23,226.23,218.65,221.34,290918
SPMLINFRA,2024-08-21 00:00:00+05:30,223.0,232.4,223.0,232.4,312688
SPMLINFRA,2024-08-22 00:00:00+05:30,244.02,244.02,237.15,244.02,239778
SPMLINFRA,2024-08-23 00:00:00+05:30,251.0,255.95,231.81,245.43,480538
SPMLINFRA,2024-08-26 00:00:00+05:30,257.7,257.7,246.6,252.87,346504
SPMLINFRA,2024-08-27 00:00:00+05:30,258.98,260.0,243.0,246.77,175407
SPMLINFRA,2024-08-28 00:00:00+05:30,254.0,254.0,237.45,243.36,122147
SPMLINFRA,2024-08-29 00:00:00+05:30,243.5,243.75,236.0,239.66,144362
SPMLINFRA,2024-08-30 00:00:00+05:30,243.1,243.1,234.0,235.03,61307
SPMLINFRA,2024-09-02 00:00:00+05:30,239.75,242.0,233.0,237.91,63231
SPMLINFRA,2024-09-03 00:00:00+05:30,238.2,242.5,236.5,240.41,46664
SPMLINFRA,2024-09-04 00:00:00+05:30,240.41,241.7,235.0,240.7,57365
SPMLINFRA,2024-09-05 00:00:00+05:30,240.7,252.73,240.7,252.0,222355
SPMLINFRA,2024-09-06 00:00:00+05:30,253.1,264.6,248.1,264.6,2736576
SPMLINFRA,2024-09-09 00:00:00+05:30,262.2,275.4,260.0,272.34,258644
SPMLINFRA,2024-09-10 00:00:00+05:30,274.0,274.0,265.65,269.52,196080
SPMLINFRA,2024-09-11 00:00:00+05:30,272.0,272.0,265.0,266.02,189327
SPMLINFRA,2024-09-12 00:00:00+05:30,265.9,269.9,260.0,262.18,63469
SPMLINFRA,2024-09-13 00:00:00+05:30,262.18,269.8,249.07,249.94,170239
SPMLINFRA,2024-09-16 00:00:00+05:30,253.0,262.0,250.01,259.37,130100
SPMLINFRA,2024-09-17 00:00:00+05:30,262.0,265.9,254.0,263.54,286107
SPMLINFRA,2024-09-18 00:00:00+05:30,271.75,276.71,267.0,276.52,677141
SPMLINFRA,2024-09-19 00:00:00+05:30,281.9,282.7,262.69,263.74,227483
SPMLINFRA,2024-09-20 00:00:00+05:30,266.1,272.0,265.0,269.94,169038
SPMLINFRA,2024-09-23 00:00:00+05:30,281.96,283.43,271.0,283.43,554923
SPMLINFRA,2024-09-24 00:00:00+05:30,290.0,297.6,284.0,297.05,510769
SPMLINFRA,2024-09-25 00:00:00+05:30,297.0,302.9,282.19,282.19,148498
SPMLINFRA,2024-09-26 00:00:00+05:30,269.22,284.3,268.08,277.17,214405
SPMLINFRA,2024-09-27 00:00:00+05:30,280.0,287.85,271.03,277.2,144809
SPMLINFRA,2024-09-30 00:00:00+05:30,289.0,290.0,270.02,273.76,102190
SPMLINFRA,2024-10-01 00:00:00+05:30,274.95,279.4,268.0,273.95,56650
SPMLINFRA,2024-10-03 00:00:00+05:30,266.0,277.0,260.25,262.7,72881
SPMLINFRA,2024-10-04 00:00:00+05:30,266.7,266.7,249.6,253.1,51800
SPMLINFRA,2024-10-07 00:00:00+05:30,253.1,253.1,240.45,240.65,137465
SPMLINFRA,2024-10-08 00:00:00+05:30,239.65,252.5,230.65,247.35,74413
SPMLINFRA,2024-10-09 00:00:00+05:30,249.9,259.7,235.55,254.2,90098
SPMLINFRA,2024-10-10 00:00:00+05:30,251.15,259.6,251.15,257.7,27914
SPMLINFRA,2024-10-11 00:00:00+05:30,259.4,259.4,249.0,255.85,29809
SPMLINFRA,2024-10-14 00:00:00+05:30,258.5,258.5,251.6,254.0,41464
SPMLINFRA,2024-10-15 00:00:00+05:30,257.85,266.0,250.0,260.85,32454
SPMLINFRA,2024-10-16 00:00:00+05:30,259.95,263.9,251.0,257.75,34676
SPMLINFRA,2024-10-17 00:00:00+05:30,259.4,259.4,245.1,246.75,36788
SPMLINFRA,2024-10-18 00:00:00+05:30,243.0,248.4,235.0,240.9,59890
SPMLINFRA,2024-10-21 00:00:00+05:30,240.9,240.9,228.85,228.85,110807
SPMLINFRA,2024-10-22 00:00:00+05:30,226.0,226.75,217.4,217.4,63303
SPMLINFRA,2024-10-23 00:00:00+05:30,206.55,227.4,206.55,217.0,216011
SPMLINFRA,2024-10-24 00:00:00+05:30,212.0,227.85,207.6,223.8,120285
SPMLINFRA,2024-10-25 00:00:00+05:30,219.9,220.9,212.65,214.15,66624
SPMLINFRA,2024-10-28 00:00:00+05:30,214.15,221.95,204.65,215.6,53219
SPMLINFRA,2024-10-29 00:00:00+05:30,214.95,218.0,210.0,215.2,33741
SPMLINFRA,2024-10-30 00:00:00+05:30,215.2,220.0,213.6,215.5,48525
SPMLINFRA,2024-10-31 00:00:00+05:30,217.9,222.4,215.0,218.2,30476
SPMLINFRA,2024-11-01 00:00:00+05:30,224.0,226.0,219.0,222.71,26285
SPMLINFRA,2024-11-04 00:00:00+05:30,224.9,224.9,215.0,216.31,48018
SPMLINFRA,2024-11-05 00:00:00+05:30,219.89,227.12,216.0,226.51,68266
SPMLINFRA,2024-11-06 00:00:00+05:30,230.99,235.0,225.6,233.53,27153
SPMLINFRA,2024-11-07 00:00:00+05:30,237.85,243.8,226.5,228.18,63802
SPMLINFRA,2024-11-08 00:00:00+05:30,233.95,233.99,216.8,219.71,50098
SPMLINFRA,2024-11-11 00:00:00+05:30,219.98,222.0,210.0,213.93,59608
SPMLINFRA,2024-11-12 00:00:00+05:30,216.95,222.0,206.0,208.86,28470
SPMLINFRA,2024-11-13 00:00:00+05:30,209.5,213.93,198.41,199.21,50248
SPMLINFRA,2024-11-14 00:00:00+05:30,191.55,206.7,191.55,196.71,58767
SPMLINFRA,2024-11-18 00:00:00+05:30,196.05,201.4,190.2,197.23,50862
SPMLINFRA,2024-11-19 00:00:00+05:30,193.3,203.98,190.0,191.93,60661
SPMLINFRA,2024-11-21 00:00:00+05:30,188.02,192.9,185.71,188.21,37724
SPMLINFRA,2024-11-22 00:00:00+05:30,185.02,194.7,185.02,190.41,69649
SPMLINFRA,2024-11-25 00:00:00+05:30,191.11,199.93,191.05,196.29,123639
SPMLINFRA,2024-11-26 00:00:00+05:30,194.54,201.4,187.35,189.68,157157
SPMLINFRA,2024-11-27 00:00:00+05:30,190.1,199.16,187.0,197.85,1119834
SPMLINFRA,2024-11-28 00:00:00+05:30,201.0,207.74,201.0,207.74,1056159
SPMLINFRA,2024-11-29 00:00:00+05:30,218.0,218.12,215.11,218.12,476736
SPMLINFRA,2024-12-02 00:00:00+05:30,226.0,229.02,216.0,229.02,878099
SPMLINFRA,2024-12-03 00:00:00+05:30,240.47,240.47,232.87,240.47,653694
SPMLINFRA,2024-12-04 00:00:00+05:30,252.49,252.49,238.27,250.93,1794435
SPMLINFRA,2024-12-05 00:00:00+05:30,250.0,250.0,238.38,239.27,372405
SPMLINFRA,2024-12-06 00:00:00+05:30,243.0,244.0,230.6,232.33,253001
SPMLINFRA,2024-12-09 00:00:00+05:30,232.33,234.0,223.05,225.29,148449
SPMLINFRA,2024-12-10 00:00:00+05:30,227.5,236.55,224.0,236.55,327267
SPMLINFRA,2024-12-11 00:00:00+05:30,248.37,248.37,246.0,248.37,321891
SPMLINFRA,2024-12-12 00:00:00+05:30,260.78,260.78,242.7,244.92,486743
SPMLINFRA,2024-12-13 00:00:00+05:30,236.8,256.99,236.8,255.33,273436
SPMLINFRA,2024-12-16 00:00:00+05:30,256.35,268.0,251.01,266.2,510741
SPMLINFRA,2024-12-17 00:00:00+05:30,269.0,273.0,259.95,262.32,503434
SPMLINFRA,2024-12-18 00:00:00+05:30,263.99,268.99,255.42,262.75,381769
SPMLINFRA,2024-12-19 00:00:00+05:30,256.95,275.88,255.5,275.88,516214
SPMLINFRA,2024-12-20 00:00:00+05:30,289.67,289.67,265.1,267.48,1419640
SPMLINFRA,2024-12-23 00:00:00+05:30,263.2,273.99,259.22,263.18,224941
SPMLINFRA,2024-12-24 00:00:00+05:30,265.97,268.4,256.65,259.88,127859
SPMLINFRA,2024-12-26 00:00:00+05:30,261.45,261.45,250.1,253.01,165985
SPMLINFRA,2024-12-27 00:00:00+05:30,254.99,257.99,247.0,248.98,185723
SPMLINFRA,2024-12-30 00:00:00+05:30,243.0,254.0,243.0,252.05,169806
SPMLINFRA,2024-12-31 00:00:00+05:30,251.99,258.4,240.06,254.36,190173
SPMLINFRA,2025-01-01 00:00:00+05:30,256.4,258.0,247.55,255.8,72548
SPMLINFRA,2025-01-02 00:00:00+05:30,255.8,262.0,250.1,260.5,85549
SPMLINFRA,2025-01-03 00:00:00+05:30,261.0,264.4,255.0,260.6,54391
SPMLINFRA,2025-01-06 00:00:00+05:30,268.5,268.5,247.6,247.6,114903
SPMLINFRA,2025-01-07 00:00:00+05:30,244.45,250.0,240.55,245.65,47256
SPMLINFRA,2025-01-08 00:00:00+05:30,247.85,247.85,233.4,237.1,95764
SPMLINFRA,2025-01-09 00:00:00+05:30,234.0,238.2,225.25,225.25,109605
SPMLINFRA,2025-01-10 00:00:00+05:30,223.8,229.6,214.0,214.0,154141
SPMLINFRA,2025-01-13 00:00:00+05:30,206.0,214.95,203.3,203.3,203506
SPMLINFRA,2025-01-14 00:00:00+05:30,201.5,211.9,198.55,206.65,163427
SPMLINFRA,2025-01-15 00:00:00+05:30,209.0,216.95,202.1,216.9,125075
SPMLINFRA,2025-01-16 00:00:00+05:30,218.0,224.4,214.0,218.8,44856
SPMLINFRA,2025-01-17 00:00:00+05:30,218.8,219.0,211.0,212.05,33665
SPMLINFRA,2025-01-20 00:00:00+05:30,211.05,218.9,211.05,216.9,38658
SPMLINFRA,2025-01-21 00:00:00+05:30,219.0,219.0,206.55,208.8,63930
SPMLINFRA,2025-01-22 00:00:00+05:30,210.7,211.0,200.1,207.85,52401
SPMLINFRA,2025-01-23 00:00:00+05:30,206.6,213.5,200.1,208.05,31918
SPMLINFRA,2025-01-24 00:00:00+05:30,208.05,213.85,200.1,201.45,36057
SPMLINFRA,2025-01-27 00:00:00+05:30,195.0,201.0,191.4,191.4,40615
SPMLINFRA,2025-01-28 00:00:00+05:30,185.9,188.0,181.85,181.85,150831
SPMLINFRA,2025-01-29 00:00:00+05:30,175.05,188.0,175.05,177.25,138619
SPMLINFRA,2025-01-30 00:00:00+05:30,179.95,182.75,172.0,173.9,86005
SPMLINFRA,2025-01-31 00:00:00+05:30,173.9,177.9,167.1,170.35,253428
SPMLINFRA,2025-02-01 00:00:00+05:30,174.99,178.86,174.99,178.86,123285
SPMLINFRA,2025-02-03 00:00:00+05:30,170.5,176.8,170.02,171.87,63500
SPMLINFRA,2025-02-04 00:00:00+05:30,174.48,176.9,170.0,175.05,45354
SPMLINFRA,2025-02-05 00:00:00+05:30,179.0,181.95,175.02,177.91,74675
SPMLINFRA,2025-02-06 00:00:00+05:30,184.0,185.0,178.0,180.43,85246
SPMLINFRA,2025-02-07 00:00:00+05:30,180.0,182.4,172.1,178.01,87383
SPMLINFRA,2025-02-10 00:00:00+05:30,177.4,177.4,169.1,169.1,52818
SPMLINFRA,2025-02-11 00:00:00+05:30,168.9,168.9,160.64,165.26,120978
SPMLINFRA,2025-02-12 00:00:00+05:30,164.98,169.5,156.99,168.67,137375
SPMLINFRA,2025-02-13 00:00:00+05:30,167.95,177.1,164.01,170.74,119144
SPMLINFRA,2025-02-14 00:00:00+05:30,163.66,175.0,162.2,168.62,169406
SPMLINFRA,2025-02-17 00:00:00+05:30,165.0,175.75,164.9,173.5,261838
SPMLINFRA,2025-02-18 00:00:00+05:30,175.99,175.99,164.82,170.21,96224
SPMLINFRA,2025-02-19 00:00:00+05:30,167.15,175.4,167.15,174.32,71492
SPMLINFRA,2025-02-20 00:00:00+05:30,175.4,180.85,171.0,174.76,44667
SPMLINFRA,2025-02-21 00:00:00+05:30,178.76,183.49,172.2,174.94,163020
SPMLINFRA,2025-02-24 00:00:00+05:30,174.94,179.9,168.0,170.18,63761
SPMLINFRA,2025-02-25 00:00:00+05:30,170.2,175.64,165.1,170.61,96125
SPMLINFRA,2025-02-27 00:00:00+05:30,166.0,174.0,166.0,169.55,42343
SPMLINFRA,2025-02-28 00:00:00+05:30,169.6,171.94,161.07,161.07,31228
SPMLINFRA,2025-03-03 00:00:00+05:30,159.9,159.9,153.01,153.01,21127
SPMLINFRA,2025-03-04 00:00:00+05:30,145.35,157.99,145.35,145.54,174150
SPMLINFRA,2025-03-05 00:00:00+05:30,145.5,152.81,143.0,152.52,106722
SPMLINFRA,2025-03-06 00:00:00+05:30,152.55,160.14,150.0,159.64,229358
SPMLINFRA,2025-03-07 00:00:00+05:30,160.0,167.62,159.0,167.62,79649
SPMLINFRA,2025-03-10 00:00:00+05:30,175.0,176.0,168.0,175.8,185328
SPMLINFRA,2025-03-11 00:00:00+05:30,167.01,171.38,167.01,167.01,73552
SPMLINFRA,2025-03-12 00:00:00+05:30,162.9,163.97,158.65,158.65,63313
SPMLINFRA,2025-03-13 00:00:00+05:30,155.5,158.0,150.71,150.83,195888
SPMLINFRA,2025-03-17 00:00:00+05:30,146.0,149.79,143.28,143.28,67512
SPMLINFRA,2025-03-18 00:00:00+05:30,138.12,150.44,136.3,150.44,95003
SPMLINFRA,2025-03-19 00:00:00+05:30,157.96,157.96,157.96,157.96,5070
SPMLINFRA,2025-03-20 00:00:00+05:30,165.85,165.85,161.0,162.33,320561
SPMLINFRA,2025-03-21 00:00:00+05:30,159.9,166.99,157.5,163.26,210659
SPMLINFRA,2025-03-24 00:00:00+05:30,164.99,169.85,159.61,160.43,148521
SPMLINFRA,2025-03-25 00:00:00+05:30,160.55,163.96,155.0,158.56,302613
SPMLINFRA,2025-03-26 00:00:00+05:30,159.4,164.79,152.25,154.0,583793
SPMLINFRA,2025-03-27 00:00:00+05:30,156.89,159.82,151.15,155.58,538258
SPMLINFRA,2025-03-28 00:00:00+05:30,154.0,163.0,154.0,158.78,339939
SPMLINFRA,2025-04-01 00:00:00+05:30,155.99,162.0,154.51,159.46,120188
SPMLINFRA,2025-04-02 00:00:00+05:30,161.0,167.43,161.0,167.43,56532
SPMLINFRA,2025-04-03 00:00:00+05:30,175.8,175.8,175.8,175.8,18570
SPMLINFRA,2025-04-04 00:00:00+05:30,184.59,184.59,177.96,182.13,1588153
SPMLINFRA,2025-04-07 00:00:00+05:30,165.45,180.73,165.45,175.55,380877
SPMLINFRA,2025-04-08 00:00:00+05:30,185.0,193.1,179.5,190.45,566253
SPMLINFRA,2025-04-09 00:00:00+05:30,193.0,209.4,185.6,205.67,1277001
SPMLINFRA,2025-04-11 00:00:00+05:30,213.0,222.0,205.0,211.55,1813111
SPMLINFRA,2025-04-15 00:00:00+05:30,213.0,226.9,211.79,220.14,1432430
SPMLINFRA,2025-04-16 00:00:00+05:30,217.71,223.95,213.3,215.2,795402
SPMLINFRA,2025-04-17 00:00:00+05:30,215.66,221.86,205.2,210.07,616909
SPMLINFRA,2025-04-21 00:00:00+05:30,210.1,214.4,204.39,210.71,241299
SPMLINFRA,2025-04-22 00:00:00+05:30,214.8,215.0,208.25,209.17,116791
SPMLINFRA,2025-04-23 00:00:00+05:30,212.5,221.8,209.9,211.35,489647
SPMLINFRA,2025-04-24 00:00:00+05:30,213.0,216.0,209.71,211.31,138606
SPMLINFRA,2025-04-25 00:00:00+05:30,213.98,213.98,192.3,194.58,562623
SPMLINFRA,2025-04-28 00:00:00+05:30,192.0,198.97,187.2,189.95,280150
SPMLINFRA,2025-04-29 00:00:00+05:30,187.94,196.88,185.96,188.5,190739
SPMLINFRA,2025-04-30 00:00:00+05:30,189.23,189.23,175.57,179.88,91475
SPMLINFRA,2025-05-02 00:00:00+05:30,179.89,183.71,173.22,176.63,186482
SPMLINFRA,2025-05-05 00:00:00+05:30,179.19,194.28,174.41,179.85,757457
SPMLINFRA,2025-05-06 00:00:00+05:30,177.5,181.79,164.35,167.91,240061
SPMLINFRA,2025-05-07 00:00:00+05:30,163.0,171.79,163.0,167.44,74655
SPMLINFRA,2025-05-08 00:00:00+05:30,170.59,172.59,159.89,161.26,106839
SPMLINFRA,2025-05-09 00:00:00+05:30,155.0,175.0,155.0,170.57,177759
SPMLINFRA,2025-05-12 00:00:00+05:30,179.94,182.98,177.99,180.0,160662
SPMLINFRA,2025-05-13 00:00:00+05:30,182.08,190.99,178.8,187.81,131434
SPMLINFRA,2025-05-14 00:00:00+05:30,187.8,196.0,185.52,187.16,227838
SPMLINFRA,2025-05-15 00:00:00+05:30,187.0,190.38,177.65,183.08,124668
SPMLINFRA,2025-05-16 00:00:00+05:30,185.99,186.81,177.15,180.1,113657
SPMLINFRA,2025-05-19 00:00:00+05:30,184.8,188.9,180.5,185.96,157863
SPMLINFRA,2025-05-20 00:00:00+05:30,189.0,189.0,181.1,181.9,68047
SPMLINFRA,2025-05-21 00:00:00+05:30,185.1,185.1,177.34,178.76,88741
SPMLINFRA,2025-05-22 00:00:00+05:30,181.9,184.4,176.5,183.32,58002
SPMLINFRA,2025-05-23 00:00:00+05:30,182.5,186.15,180.2,181.5,89828
SPMLINFRA,2025-05-26 00:00:00+05:30,181.5,188.0,181.05,183.9,74010
SPMLINFRA,2025-05-27 00:00:00+05:30,184.81,189.15,182.01,186.86,88955
SPMLINFRA,2025-05-28 00:00:00+05:30,186.86,193.49,186.31,188.44,161672
SPMLINFRA,2025-05-29 00:00:00+05:30,189.0,201.5,188.19,196.68,277006
SPMLINFRA,2025-05-30 00:00:00+05:30,195.0,195.0,182.18,185.2,165340
SPMLINFRA,2025-06-02 00:00:00+05:30,184.29,199.4,180.86,191.95,629473
SPMLINFRA,2025-06-03 00:00:00+05:30,194.95,198.9,189.42,190.07,111521
SPMLINFRA,2025-06-04 00:00:00+05:30,189.9,193.8,187.0,191.56,78399
SPMLINFRA,2025-06-05 00:00:00+05:30,191.04,194.5,186.86,187.66,74334
SPMLINFRA,2025-06-06 00:00:00+05:30,188.06,193.95,184.36,191.02,219346
SPMLINFRA,2025-06-09 00:00:00+05:30,197.1,209.5,193.45,204.84,683531
SPMLINFRA,2025-06-10 00:00:00+05:30,209.7,225.88,202.99,211.99,809795
SPMLINFRA,2025-06-11 00:00:00+05:30,212.1,221.2,212.1,216.5,538834
SPMLINFRA,2025-06-12 00:00:00+05:30,216.0,233.4,215.3,223.13,1213435
SPMLINFRA,2025-06-13 00:00:00+05:30,220.0,233.3,219.0,230.04,712241
SPMLINFRA,2025-06-16 00:00:00+05:30,237.49,240.0,227.98,232.44,500723
SPMLINFRA,2025-06-17 00:00:00+05:30,233.37,235.13,224.11,225.96,235514
SPMLINFRA,2025-06-18 00:00:00+05:30,222.68,227.0,217.83,220.27,256794
SPMLINFRA,2025-06-19 00:00:00+05:30,218.1,247.7,218.1,237.73,2462242
SPMLINFRA,2025-06-20 00:00:00+05:30,244.0,248.69,238.92,242.22,1062603
SPMLINFRA,2025-06-23 00:00:00+05:30,242.22,255.9,241.1,251.33,1278260
SPMLINFRA,2025-06-24 00:00:00+05:30,252.7,258.0,247.81,250.16,402343
SPMLINFRA,2025-06-25 00:00:00+05:30,253.0,258.9,248.6,251.8,800114
SPMLINFRA,2025-06-26 00:00:00+05:30,252.0,256.4,248.65,249.94,330460
SPMLINFRA,2025-06-27 00:00:00+05:30,250.9,255.65,240.46,251.29,399937
SPMLINFRA,2025-06-30 00:00:00+05:30,251.26,253.81,242.34,243.69,197022
SPMLINFRA,2025-07-01 00:00:00+05:30,243.5,247.01,237.39,238.96,232740
SPMLINFRA,2025-07-02 00:00:00+05:30,238.96,240.49,229.98,234.67,334725
SPMLINFRA,2025-07-03 00:00:00+05:30,234.1,238.01,227.82,234.67,341811
SPMLINFRA,2025-07-04 00:00:00+05:30,237.0,241.95,231.6,237.44,299919
SPMLINFRA,2025-07-07 00:00:00+05:30,236.1,243.99,230.86,236.76,533623
SPMLINFRA,2025-07-08 00:00:00+05:30,238.0,242.4,234.0,236.55,174730
SPMLINFRA,2025-07-09 00:00:00+05:30,237.0,254.0,234.1,251.72,1692792
SPMLINFRA,2025-07-10 00:00:00+05:30,261.0,279.95,260.82,273.78,5851885
SPMLINFRA,2025-07-11 00:00:00+05:30,279.5,290.0,273.0,277.59,2373242
SPMLINFRA,2025-07-14 00:00:00+05:30,278.5,283.8,258.35,261.32,910410
SPMLINFRA,2025-07-15 00:00:00+05:30,264.2,283.0,261.75,279.91,1828518
SPMLINFRA,2025-07-16 00:00:00+05:30,282.79,286.0,273.0,281.3,911958
SPMLINFRA,2025-07-17 00:00:00+05:30,285.0,294.4,270.1,275.1,1690755
SPMLINFRA,2025-07-18 00:00:00+05:30,273.8,274.54,264.19,269.72,728689
SPMLINFRA,2025-07-21 00:00:00+05:30,270.7,282.5,268.32,279.45,1226052
SPMLINFRA,2025-07-22 00:00:00+05:30,281.41,293.5,276.42,287.06,1621957
SPMLINFRA,2025-07-23 00:00:00+05:30,290.99,301.5,287.85,290.72,2032273
SPMLINFRA,2025-07-24 00:00:00+05:30,292.8,293.77,276.0,279.36,815551
SPMLINFRA,2025-07-25 00:00:00+05:30,279.4,282.36,268.2,271.91,493541
SPMLINFRA,2025-07-28 00:00:00+05:30,269.79,287.0,265.55,278.5,776585
SPMLINFRA,2025-07-29 00:00:00+05:30,280.0,292.99,276.0,290.01,795836
SPMLINFRA,2025-07-30 00:00:00+05:30,294.95,298.0,280.56,282.43,1034509
SPMLINFRA,2025-07-31 00:00:00+05:30,275.0,314.89,274.1,307.97,3733642
SPMLINFRA,2025-08-01 00:00:00+05:30,313.7,323.4,283.75,289.55,2003393
SPMLINFRA,2025-08-04 00:00:00+05:30,292.75,294.95,283.1,285.2,556837
SPMLINFRA,2025-08-05 00:00:00+05:30,287.0,289.9,275.25,276.95,556893
SPMLINFRA,2025-08-06 00:00:00+05:30,277.0,287.0,266.0,284.2,1031859
SPMLINFRA,2025-08-07 00:00:00+05:30,282.0,283.0,270.6,276.5,491882
SPMLINFRA,2025-08-08 00:00:00+05:30,277.1,283.0,271.1,274.75,375100
SPMLINFRA,2025-08-11 00:00:00+05:30,277.0,282.1,272.5,280.7,309101
SPMLINFRA,2025-08-12 00:00:00+05:30,282.8,290.35,274.55,287.35,817476
SPMLINFRA,2025-08-13 00:00:00+05:30,290.0,295.8,279.15,283.15,557070
SPMLINFRA,2025-08-14 00:00:00+05:30,269.0,283.0,259.3,279.95,1092949
SPMLINFRA,2025-08-18 00:00:00+05:30,286.0,299.85,285.25,297.95,1116991
SPMLINFRA,2025-08-19 00:00:00+05:30,307.9,309.9,293.1,295.8,1502384
SPMLINFRA,2025-08-20 00:00:00+05:30,297.85,299.1,287.55,289.95,601145
SPMLINFRA,2025-08-21 00:00:00+05:30,291.8,294.85,280.1,281.15,332665
SPMLINFRA,2025-08-22 00:00:00+05:30,282.15,284.65,272.85,278.65,627587
SPMLINFRA,2025-08-25 00:00:00+05:30,279.95,281.45,271.5,273.65,275278
SPMLINFRA,2025-08-26 00:00:00+05:30,271.1,277.25,265.0,273.15,351753
SPMLINFRA,2025-08-28 00:00:00+05:30,276.4,279.9,264.45,266.3,371321
SPMLINFRA,2025-08-29 00:00:00+05:30,269.45,271.9,257.8,260.7,313157
SPMLINFRA,2025-09-01 00:00:00+05:30,261.95,281.5,261.95,277.0,508185
SPMLINFRA,2025-09-02 00:00:00+05:30,280.4,285.9,274.3,277.85,418561
SPMLINFRA,2025-09-03 00:00:00+05:30,277.85,292.0,277.85,283.95,926545
SPMLINFRA,2025-09-04 00:00:00+05:30,288.05,291.0,279.9,285.45,579414
SPMLINFRA,2025-09-05 00:00:00+05:30,285.0,297.0,281.9,292.4,790543
SPMLINFRA,2025-09-08 00:00:00+05:30,299.9,302.0,282.55,285.5,1081397
SPMLINFRA,2025-09-09 00:00:00+05:30,289.95,294.0,283.0,290.95,435055
SPMLINFRA,2025-09-10 00:00:00+05:30,291.9,294.95,281.25,283.95,337090
SPMLINFRA,2025-09-11 00:00:00+05:30,283.95,285.5,275.65,277.2,298352
SPMLINFRA,2025-09-12 00:00:00+05:30,278.2,288.75,277.5,283.55,245492
SPMLINFRA,2025-09-15 00:00:00+05:30,282.75,283.5,277.0,278.1,244239
SPMLINFRA,2025-09-16 00:00:00+05:30,280.0,281.25,267.25,271.75,410296
SPMLINFRA,2025-09-17 00:00:00+05:30,273.7,273.7,266.1,268.1,170029
SPMLINFRA,2025-09-18 00:00:00+05:30,269.4,281.4,269.4,276.1,451350
SPMLINFRA,2025-09-19 00:00:00+05:30,278.0,288.1,277.5,282.35,723450
SPMLINFRA,2025-09-22 00:00:00+05:30,280.4,284.0,271.0,272.55,250873
SPMLINFRA,2025-09-23 00:00:00+05:30,274.75,275.55,266.05,266.75,234617
SPMLINFRA,2025-09-24 00:00:00+05:30,267.95,269.65,260.0,261.55,296704
SPMLINFRA,2025-09-25 00:00:00+05:30,262.0,266.6,252.95,254.05,285971
SPMLINFRA,2025-09-26 00:00:00+05:30,255.0,260.9,243.75,245.4,508614
SPMLINFRA,2025-09-29 00:00:00+05:30,250.05,251.0,240.3,241.8,233178
SPMLINFRA,2025-09-30 00:00:00+05:30,243.8,247.5,235.95,236.95,246326
SPMLINFRA,2025-10-01 00:00:00+05:30,236.5,243.8,235.24,239.25,318153
SPMLINFRA,2025-10-03 00:00:00+05:30,241.0,248.0,240.22,244.37,140061
SPMLINFRA,2025-10-06 00:00:00+05:30,244.37,246.41,227.41,234.89,482877
SPMLINFRA,2025-10-07 00:00:00+05:30,235.0,246.5,234.75,237.21,293176
SPMLINFRA,2025-10-08 00:00:00+05:30,237.0,250.65,235.6,247.46,326139
SPMLINFRA,2025-10-09 00:00:00+05:30,246.6,246.6,233.0,235.72,278754
SPMLINFRA,2025-10-10 00:00:00+05:30,235.72,245.4,235.24,241.13,231358
SPMLINFRA,2025-10-13 00:00:00+05:30,239.9,239.9,234.16,235.12,93923
SPMLINFRA,2025-10-14 00:00:00+05:30,235.5,238.92,224.99,230.29,162496
SPMLINFRA,2025-10-15 00:00:00+05:30,230.5,234.52,230.03,230.57,92163
SPMLINFRA,2025-10-16 00:00:00+05:30,234.0,236.8,219.11,223.47,436594
SPMLINFRA,2025-10-17 00:00:00+05:30,225.9,228.78,209.43,217.66,312734
SPMLINFRA,2025-10-20 00:00:00+05:30,219.0,229.49,213.22,223.91,354349
SPMLINFRA,2025-10-21 00:00:00+05:30,225.1,232.0,225.1,230.35,78280
SPMLINFRA,2025-10-23 00:00:00+05:30,234.49,236.5,224.55,225.97,157792
SPMLINFRA,2025-10-24 00:00:00+05:30,224.5,225.85,219.01,222.09,147422
SPMLINFRA,2025-10-27 00:00:00+05:30,224.8,240.24,223.3,229.73,461083
SPMLINFRA,2025-10-28 00:00:00+05:30,229.75,236.9,226.1,227.48,173261
SPMLINFRA,2025-10-29 00:00:00+05:30,228.4,228.4,224.0,225.95,89682
SPMLINFRA,2025-10-30 00:00:00+05:30,227.2,231.53,225.0,225.98,120386
SPMLINFRA,2025-10-31 00:00:00+05:30,226.3,232.0,223.65,230.37,170072
SPMLINFRA,2025-11-03 00:00:00+05:30,228.2,235.86,225.34,232.37,114755
SPMLINFRA,2025-11-04 00:00:00+05:30,232.37,234.19,229.25,233.19,106207
SPMLINFRA,2025-11-06 00:00:00+05:30,232.0,235.78,218.15,220.21,274904
SPMLINFRA,2025-11-07 00:00:00+05:30,220.88,223.71,216.98,220.64,127607
SPMLINFRA,2025-11-10 00:00:00+05:30,221.0,221.08,212.2,216.3,135949
SPMLINFRA,2025-11-11 00:00:00+05:30,216.3,219.54,212.5,213.01,77384
SPMLINFRA,2025-11-12 00:00:00+05:30,214.61,219.08,212.99,217.06,119700
SPMLINFRA,2025-11-13 00:00:00+05:30,217.06,218.96,207.74,208.88,106895
SPMLINFRA,2025-11-14 00:00:00+05:30,205.1,219.11,205.1,215.3,189607
SPMLINFRA,2025-11-17 00:00:00+05:30,217.02,221.49,211.68,213.85,119099
SPMLINFRA,2025-11-18 00:00:00+05:30,215.0,217.79,211.06,212.5,78988
SPMLINFRA,2025-11-19 00:00:00+05:30,214.1,214.11,203.99,206.04,140399
SPMLINFRA,2025-11-20 00:00:00+05:30,207.69,210.79,203.1,204.7,163858
SPMLINFRA,2025-11-21 00:00:00+05:30,205.0,206.99,196.95,198.17,99199
SPMLINFRA,2025-11-24 00:00:00+05:30,198.0,198.57,190.1,192.18,166431
SPMLINFRA,2025-11-25 00:00:00+05:30,189.3,202.5,189.3,198.53,182177
SPMLINFRA,2025-11-26 00:00:00+05:30,201.99,209.75,200.12,201.75,126073
SPMLINFRA,2025-11-27 00:00:00+05:30,203.75,204.9,192.45,197.49,176331
SPMLINFRA,2025-11-28 00:00:00+05:30,199.07,199.07,192.0,196.71,80889
