Symbol,Date,Open,High,Low,Close,Volume
SSWL,2005-06-06 00:00:00+05:30,12.85,13.15,12.3,12.85,191220
SSWL,2005-06-07 00:00:00+05:30,13.6,13.6,12.1,12.55,16240
SSWL,2005-06-08 00:00:00+05:30,13.1,13.1,12.6,12.8,12050
SSWL,2005-06-09 00:00:00+05:30,12.6,13.5,12.4,13.3,228980
SSWL,2005-06-10 00:00:00+05:30,13.5,14.6,13.5,14.25,497810
SSWL,2005-06-13 00:00:00+05:30,14.95,15.0,14.5,15.0,169760
SSWL,2005-06-14 00:00:00+05:30,15.5,15.5,14.7,14.8,156030
SSWL,2005-06-15 00:00:00+05:30,14.7,15.0,14.55,14.6,75800
SSWL,2005-06-16 00:00:00+05:30,15.0,15.0,14.0,14.25,50310
SSWL,2005-06-17 00:00:00+05:30,13.6,14.0,13.55,13.85,115170
SSWL,2005-06-20 00:00:00+05:30,14.3,14.5,13.75,14.4,41490
SSWL,2005-06-21 00:00:00+05:30,13.85,14.6,13.85,14.3,73770
SSWL,2005-06-22 00:00:00+05:30,13.8,14.35,13.8,13.85,69790
SSWL,2005-06-23 00:00:00+05:30,13.7,14.45,13.7,14.2,71030
SSWL,2005-06-24 00:00:00+05:30,14.15,14.5,14.05,14.4,37070
SSWL,2005-06-27 00:00:00+05:30,13.7,14.4,13.7,13.8,30730
SSWL,2005-06-28 00:00:00+05:30,14.2,14.2,13.2,13.3,38700
SSWL,2005-06-29 00:00:00+05:30,13.7,13.95,13.7,13.95,19390
SSWL,2005-06-30 00:00:00+05:30,14.2,14.6,14.2,14.5,55620
SSWL,2005-07-01 00:00:00+05:30,14.5,15.25,14.4,15.25,139380
SSWL,2005-07-04 00:00:00+05:30,15.5,16.0,15.5,15.7,329810
SSWL,2005-07-05 00:00:00+05:30,15.3,15.3,14.9,14.9,34250
SSWL,2005-07-06 00:00:00+05:30,15.2,15.2,14.5,14.7,24670
SSWL,2005-07-07 00:00:00+05:30,14.35,14.35,14.2,14.25,2030
SSWL,2005-07-08 00:00:00+05:30,14.4,14.5,14.0,14.1,7500
SSWL,2005-07-11 00:00:00+05:30,14.3,14.7,14.3,14.5,18700
SSWL,2005-07-12 00:00:00+05:30,14.4,14.4,13.9,14.05,20870
SSWL,2005-07-13 00:00:00+05:30,13.8,13.8,13.55,13.65,30600
SSWL,2005-07-14 00:00:00+05:30,13.4,14.35,13.4,14.35,29540
SSWL,2005-07-15 00:00:00+05:30,14.9,15.05,14.7,15.05,122470
SSWL,2005-07-18 00:00:00+05:30,15.8,15.8,15.5,15.8,137380
SSWL,2005-07-19 00:00:00+05:30,16.55,16.6,15.2,16.5,443960
SSWL,2005-07-20 00:00:00+05:30,17.0,17.3,15.7,16.05,199850
SSWL,2005-07-21 00:00:00+05:30,16.05,16.2,15.4,15.8,63990
SSWL,2005-07-22 00:00:00+05:30,16.3,16.4,16.0,16.05,23040
SSWL,2005-07-25 00:00:00+05:30,16.0,16.2,15.6,15.6,30000
SSWL,2005-07-26 00:00:00+05:30,15.6,15.6,15.0,15.4,15100
SSWL,2005-07-27 00:00:00+05:30,15.05,15.75,14.9,15.0,14840
SSWL,2005-07-29 00:00:00+05:30,15.0,15.7,14.9,15.5,87950
SSWL,2005-08-01 00:00:00+05:30,15.45,15.55,15.1,15.25,28200
SSWL,2005-08-02 00:00:00+05:30,15.05,15.3,14.8,15.3,5820
SSWL,2005-08-03 00:00:00+05:30,14.85,16.05,14.85,15.75,119800
SSWL,2005-08-04 00:00:00+05:30,15.9,15.95,15.3,15.75,74920
SSWL,2005-08-05 00:00:00+05:30,15.55,16.35,15.55,16.05,30470
SSWL,2005-08-08 00:00:00+05:30,16.2,16.85,15.85,16.85,206070
SSWL,2005-08-09 00:00:00+05:30,17.4,17.6,16.25,16.3,111690
SSWL,2005-08-10 00:00:00+05:30,17.1,17.1,16.35,16.4,35510
SSWL,2005-08-11 00:00:00+05:30,16.65,17.2,16.6,17.0,53300
SSWL,2005-08-12 00:00:00+05:30,16.55,16.9,16.15,16.35,24390
SSWL,2005-08-16 00:00:00+05:30,16.35,17.0,16.0,16.0,32270
SSWL,2005-08-17 00:00:00+05:30,15.85,16.2,15.85,16.05,23300
SSWL,2005-08-18 00:00:00+05:30,15.65,16.75,15.65,16.5,59810
SSWL,2005-08-19 00:00:00+05:30,16.7,17.1,16.55,16.7,28870
SSWL,2005-08-22 00:00:00+05:30,17.15,17.15,16.5,16.55,88660
SSWL,2005-08-23 00:00:00+05:30,16.85,16.85,16.4,16.4,4130
SSWL,2005-08-24 00:00:00+05:30,16.15,16.4,16.0,16.05,34340
SSWL,2005-08-25 00:00:00+05:30,16.3,16.4,16.2,16.2,12820
SSWL,2005-08-26 00:00:00+05:30,16.35,16.65,16.2,16.35,28800
SSWL,2005-08-29 00:00:00+05:30,16.4,16.4,16.05,16.3,14250
SSWL,2005-08-30 00:00:00+05:30,16.3,16.5,16.25,16.3,31930
SSWL,2005-08-31 00:00:00+05:30,16.4,17.95,16.2,17.95,143130
SSWL,2005-09-01 00:00:00+05:30,18.2,19.5,17.7,18.1,160340
SSWL,2005-09-02 00:00:00+05:30,18.2,18.2,17.6,17.75,26450
SSWL,2005-09-05 00:00:00+05:30,18.0,19.5,17.65,19.45,341270
SSWL,2005-09-06 00:00:00+05:30,19.8,19.8,18.6,18.75,95090
SSWL,2005-09-08 00:00:00+05:30,18.75,20.3,18.75,19.5,170390
SSWL,2005-09-09 00:00:00+05:30,20.2,20.2,18.8,18.95,47640
SSWL,2005-09-12 00:00:00+05:30,18.85,18.85,18.3,18.45,67650
SSWL,2005-09-13 00:00:00+05:30,18.3,18.6,16.65,17.4,121670
SSWL,2005-09-14 00:00:00+05:30,17.7,18.1,16.8,17.4,130800
SSWL,2005-09-15 00:00:00+05:30,17.45,18.0,17.4,17.6,16890
SSWL,2005-09-16 00:00:00+05:30,17.8,17.8,17.2,17.55,33580
SSWL,2005-09-19 00:00:00+05:30,18.0,18.5,17.8,18.0,58670
SSWL,2005-09-20 00:00:00+05:30,18.3,18.4,17.2,17.55,36540
SSWL,2005-09-21 00:00:00+05:30,17.5,17.5,16.6,17.15,38100
SSWL,2005-09-22 00:00:00+05:30,16.7,16.9,15.5,15.65,35700
SSWL,2005-09-23 00:00:00+05:30,16.2,16.4,15.6,16.15,32300
SSWL,2005-09-26 00:00:00+05:30,16.45,17.0,16.2,16.8,16440
SSWL,2005-09-27 00:00:00+05:30,16.9,17.05,16.6,16.6,4350
SSWL,2005-09-28 00:00:00+05:30,17.2,17.4,16.7,16.8,13160
SSWL,2005-09-29 00:00:00+05:30,16.85,16.9,16.2,16.55,10840
SSWL,2005-09-30 00:00:00+05:30,16.25,16.5,16.0,16.1,8180
SSWL,2005-10-03 00:00:00+05:30,16.85,17.0,15.55,15.75,84210
SSWL,2005-10-04 00:00:00+05:30,15.9,16.0,15.65,15.75,41320
SSWL,2005-10-05 00:00:00+05:30,15.8,16.1,15.7,16.1,46270
SSWL,2005-10-06 00:00:00+05:30,15.8,16.1,15.8,16.05,4500
SSWL,2005-10-07 00:00:00+05:30,16.15,16.7,16.1,16.6,30560
SSWL,2005-10-10 00:00:00+05:30,17.45,17.45,15.8,15.85,5770
SSWL,2005-10-11 00:00:00+05:30,16.65,16.65,15.55,16.2,5890
SSWL,2005-10-13 00:00:00+05:30,17.0,17.0,16.0,16.1,30870
SSWL,2005-10-14 00:00:00+05:30,15.8,16.35,15.7,16.0,49290
SSWL,2005-10-17 00:00:00+05:30,15.7,16.2,15.7,15.95,48000
SSWL,2005-10-18 00:00:00+05:30,16.2,16.2,15.95,15.95,29270
SSWL,2005-10-19 00:00:00+05:30,15.6,16.0,15.55,15.75,58870
SSWL,2005-10-20 00:00:00+05:30,16.2,16.2,14.8,15.2,68430
SSWL,2005-10-21 00:00:00+05:30,14.3,15.5,14.25,14.3,28510
SSWL,2005-10-24 00:00:00+05:30,14.9,14.9,14.35,14.4,8800
SSWL,2005-10-25 00:00:00+05:30,14.2,14.7,14.2,14.4,8860
SSWL,2005-10-26 00:00:00+05:30,15.0,15.0,14.05,14.4,210
SSWL,2005-10-27 00:00:00+05:30,14.55,14.55,14.05,14.05,2610
SSWL,2005-10-28 00:00:00+05:30,13.8,14.3,13.8,13.95,8740
SSWL,2005-10-31 00:00:00+05:30,13.2,13.2,12.55,12.55,17850
SSWL,2005-11-01 00:00:00+05:30,12.0,12.75,11.6,12.6,53990
SSWL,2005-11-02 00:00:00+05:30,12.3,13.85,12.3,13.85,47750
SSWL,2005-11-07 00:00:00+05:30,15.2,15.2,14.0,14.2,104390
SSWL,2005-11-08 00:00:00+05:30,14.6,14.6,13.75,13.9,4390
SSWL,2005-11-09 00:00:00+05:30,14.0,14.3,13.85,14.05,52300
SSWL,2005-11-10 00:00:00+05:30,14.05,14.6,14.05,14.3,25860
SSWL,2005-11-11 00:00:00+05:30,14.5,14.5,13.9,14.0,40510
SSWL,2005-11-14 00:00:00+05:30,14.05,14.25,13.9,14.0,17280
SSWL,2005-11-16 00:00:00+05:30,13.8,14.25,13.8,14.25,7650
SSWL,2005-11-17 00:00:00+05:30,14.4,14.5,12.9,13.8,51300
SSWL,2005-11-18 00:00:00+05:30,13.6,14.45,13.6,14.3,56190
SSWL,2005-11-21 00:00:00+05:30,13.8,13.95,13.1,13.35,12430
SSWL,2005-11-22 00:00:00+05:30,13.55,13.7,13.1,13.25,5050
SSWL,2005-11-23 00:00:00+05:30,13.25,13.5,13.25,13.5,4500
SSWL,2005-11-24 00:00:00+05:30,14.1,14.45,13.85,13.85,16590
SSWL,2005-11-25 00:00:00+05:30,13.7,14.0,13.7,13.85,14100
SSWL,2005-11-28 00:00:00+05:30,13.45,13.9,13.45,13.75,4100
SSWL,2005-11-29 00:00:00+05:30,13.9,13.9,13.85,13.85,1200
SSWL,2005-11-30 00:00:00+05:30,13.6,13.95,13.55,13.8,7870
SSWL,2005-12-01 00:00:00+05:30,13.5,15.2,13.5,14.0,95820
SSWL,2005-12-02 00:00:00+05:30,14.9,14.9,13.8,14.05,60100
SSWL,2005-12-05 00:00:00+05:30,14.2,14.2,13.5,13.6,15130
SSWL,2005-12-06 00:00:00+05:30,14.05,14.05,13.55,13.9,52510
SSWL,2005-12-07 00:00:00+05:30,13.6,13.75,13.5,13.6,129500
SSWL,2005-12-08 00:00:00+05:30,13.7,13.95,13.6,13.65,15420
SSWL,2005-12-09 00:00:00+05:30,13.85,13.9,13.7,13.7,4730
SSWL,2005-12-12 00:00:00+05:30,14.05,14.15,13.95,14.0,8230
SSWL,2005-12-13 00:00:00+05:30,14.2,15.0,13.8,14.6,52450
SSWL,2005-12-14 00:00:00+05:30,15.0,15.0,14.25,14.4,12270
SSWL,2005-12-15 00:00:00+05:30,14.2,14.4,14.0,14.0,9000
SSWL,2005-12-16 00:00:00+05:30,14.3,14.3,13.95,14.15,20
SSWL,2005-12-19 00:00:00+05:30,14.2,14.95,14.1,14.55,36460
SSWL,2005-12-20 00:00:00+05:30,14.7,14.7,14.15,14.3,21370
SSWL,2005-12-21 00:00:00+05:30,15.15,15.15,14.15,14.15,7290
SSWL,2005-12-22 00:00:00+05:30,14.1,14.3,14.0,14.0,3200
SSWL,2005-12-23 00:00:00+05:30,13.95,14.0,13.8,13.8,6780
SSWL,2005-12-26 00:00:00+05:30,13.7,13.7,13.7,13.7,4310
SSWL,2005-12-27 00:00:00+05:30,13.65,13.8,13.65,13.7,6580
SSWL,2005-12-28 00:00:00+05:30,13.7,13.8,13.25,13.8,5780
SSWL,2005-12-29 00:00:00+05:30,13.7,13.95,13.7,13.75,2070
SSWL,2005-12-30 00:00:00+05:30,13.8,13.95,13.7,13.8,2190
SSWL,2006-01-02 00:00:00+05:30,13.9,14.2,13.65,13.85,4980
SSWL,2006-01-03 00:00:00+05:30,14.2,14.2,13.8,13.85,4450
SSWL,2006-01-04 00:00:00+05:30,13.85,13.85,13.65,13.7,7300
SSWL,2006-01-05 00:00:00+05:30,13.75,13.8,13.6,13.8,4820
SSWL,2006-01-06 00:00:00+05:30,13.8,13.8,13.5,13.6,7280
SSWL,2006-01-09 00:00:00+05:30,13.6,13.95,13.6,13.7,6830
SSWL,2006-01-10 00:00:00+05:30,13.7,13.7,13.5,13.55,14780
SSWL,2006-01-12 00:00:00+05:30,13.75,13.75,13.4,13.6,8630
SSWL,2006-01-13 00:00:00+05:30,13.6,13.6,13.35,13.4,35000
SSWL,2006-01-16 00:00:00+05:30,13.6,13.6,13.15,13.15,2530
SSWL,2006-01-17 00:00:00+05:30,13.3,13.65,13.1,13.15,16120
SSWL,2006-01-18 00:00:00+05:30,13.15,13.15,12.95,13.15,2900
SSWL,2006-01-19 00:00:00+05:30,14.0,14.0,13.1,13.1,52890
SSWL,2006-01-20 00:00:00+05:30,13.4,13.5,13.2,13.2,19010
SSWL,2006-01-23 00:00:00+05:30,13.55,13.55,13.1,13.15,13140
SSWL,2006-01-24 00:00:00+05:30,12.95,13.1,12.9,12.95,94440
SSWL,2006-01-25 00:00:00+05:30,13.4,13.4,12.85,12.9,19880
SSWL,2006-01-27 00:00:00+05:30,12.85,12.9,12.2,12.35,30370
SSWL,2006-01-30 00:00:00+05:30,12.4,12.5,11.5,12.35,74930
SSWL,2006-01-31 00:00:00+05:30,12.5,12.5,11.8,12.0,34920
SSWL,2006-02-01 00:00:00+05:30,12.0,12.0,11.1,11.25,76670
SSWL,2006-02-02 00:00:00+05:30,11.2,11.2,10.7,10.8,42720
SSWL,2006-02-03 00:00:00+05:30,11.6,11.6,10.55,10.75,11020
SSWL,2006-02-06 00:00:00+05:30,10.7,11.2,10.65,11.0,10650
SSWL,2006-02-07 00:00:00+05:30,10.9,11.25,10.9,11.25,7800
SSWL,2006-02-08 00:00:00+05:30,11.05,11.4,11.0,11.15,9810
SSWL,2006-02-10 00:00:00+05:30,10.85,11.4,10.85,11.25,11200
SSWL,2006-02-13 00:00:00+05:30,11.5,11.5,11.2,11.45,2860
SSWL,2006-02-14 00:00:00+05:30,11.5,11.5,11.2,11.4,14600
SSWL,2006-02-15 00:00:00+05:30,11.1,11.35,11.1,11.3,31700
SSWL,2006-02-16 00:00:00+05:30,11.1,11.3,11.1,11.25,35000
SSWL,2006-02-17 00:00:00+05:30,11.15,11.15,10.9,10.9,43440
SSWL,2006-02-20 00:00:00+05:30,11.0,11.2,10.95,11.0,37030
SSWL,2006-02-21 00:00:00+05:30,10.8,11.1,10.6,10.9,24500
SSWL,2006-02-22 00:00:00+05:30,10.5,11.0,10.2,10.75,34790
SSWL,2006-02-23 00:00:00+05:30,10.6,11.05,10.35,10.9,80070
SSWL,2006-02-24 00:00:00+05:30,10.7,10.8,10.6,10.7,33030
SSWL,2006-02-27 00:00:00+05:30,10.7,10.85,10.5,10.5,42420
SSWL,2006-02-28 00:00:00+05:30,10.55,10.55,10.2,10.25,14480
SSWL,2006-03-01 00:00:00+05:30,10.2,10.3,10.0,10.1,24480
SSWL,2006-03-02 00:00:00+05:30,10.0,10.0,8.1,9.35,1082760
SSWL,2006-03-03 00:00:00+05:30,10.0,10.5,9.55,10.0,330880
SSWL,2006-03-06 00:00:00+05:30,9.5,10.6,9.5,9.85,44340
SSWL,2006-03-07 00:00:00+05:30,10.0,10.0,9.65,9.9,57880
SSWL,2006-03-08 00:00:00+05:30,10.0,10.0,9.45,9.75,32780
SSWL,2006-03-09 00:00:00+05:30,9.3,9.6,9.3,9.5,24680
SSWL,2006-03-10 00:00:00+05:30,9.5,10.4,8.55,10.15,495630
SSWL,2006-03-13 00:00:00+05:30,10.2,10.85,9.9,10.3,391060
SSWL,2006-03-14 00:00:00+05:30,10.7,11.0,10.0,10.5,503990
SSWL,2006-03-16 00:00:00+05:30,9.0,10.4,9.0,10.0,180670
SSWL,2006-03-17 00:00:00+05:30,9.95,10.2,9.8,9.95,55420
SSWL,2006-03-20 00:00:00+05:30,10.0,10.4,9.9,10.1,125960
SSWL,2006-03-21 00:00:00+05:30,10.05,10.15,9.95,9.95,143420
SSWL,2006-03-22 00:00:00+05:30,9.4,10.0,9.4,9.85,38570
SSWL,2006-03-23 00:00:00+05:30,9.7,10.3,9.7,10.1,45140
SSWL,2006-03-24 00:00:00+05:30,9.65,10.2,9.65,9.9,76630
SSWL,2006-03-27 00:00:00+05:30,9.8,10.05,9.8,9.95,34510
SSWL,2006-03-28 00:00:00+05:30,9.9,10.05,9.5,9.7,23080
SSWL,2006-03-29 00:00:00+05:30,9.8,9.8,9.6,9.7,29550
SSWL,2006-03-30 00:00:00+05:30,10.05,11.6,9.8,11.6,156000
SSWL,2006-03-31 00:00:00+05:30,12.6,13.5,11.8,12.1,1123870
SSWL,2006-04-03 00:00:00+05:30,12.35,13.95,12.25,13.65,424060
SSWL,2006-04-04 00:00:00+05:30,14.0,14.1,12.9,13.0,160460
SSWL,2006-04-05 00:00:00+05:30,12.85,13.95,12.75,13.45,130470
SSWL,2006-04-07 00:00:00+05:30,13.7,14.3,13.3,13.95,353940
SSWL,2006-04-10 00:00:00+05:30,14.5,15.4,14.3,14.55,347100
SSWL,2006-04-12 00:00:00+05:30,14.75,15.3,14.3,14.45,138280
SSWL,2006-04-13 00:00:00+05:30,14.5,15.4,13.65,14.7,319570
SSWL,2006-04-17 00:00:00+05:30,15.0,15.0,14.35,14.4,13010
SSWL,2006-04-18 00:00:00+05:30,14.3,14.7,14.1,14.35,80280
SSWL,2006-04-19 00:00:00+05:30,14.7,14.7,14.15,14.5,55020
SSWL,2006-04-20 00:00:00+05:30,14.6,15.95,14.1,15.5,162280
SSWL,2006-04-21 00:00:00+05:30,15.4,15.5,14.25,14.45,92380
SSWL,2006-04-24 00:00:00+05:30,14.9,14.9,13.55,14.05,19610
SSWL,2006-04-25 00:00:00+05:30,13.9,14.0,13.4,13.55,53620
SSWL,2006-04-26 00:00:00+05:30,14.0,14.5,13.1,14.2,179610
SSWL,2006-04-27 00:00:00+05:30,13.8,14.1,13.7,14.0,56240
SSWL,2006-04-28 00:00:00+05:30,13.15,13.8,13.1,13.5,42520
SSWL,2006-05-02 00:00:00+05:30,14.3,15.3,14.1,15.1,289450
SSWL,2006-05-03 00:00:00+05:30,14.7,15.5,14.25,14.7,124850
SSWL,2006-05-04 00:00:00+05:30,14.95,14.95,14.4,14.5,114750
SSWL,2006-05-05 00:00:00+05:30,14.3,14.55,13.65,14.15,12210
SSWL,2006-05-08 00:00:00+05:30,14.1,14.3,14.1,14.15,8700
SSWL,2006-05-09 00:00:00+05:30,14.15,14.2,13.7,13.9,14400
SSWL,2006-05-10 00:00:00+05:30,14.0,14.3,13.7,13.8,19970
SSWL,2006-05-11 00:00:00+05:30,14.3,14.3,13.55,13.7,9400
SSWL,2006-05-12 00:00:00+05:30,13.6,13.7,13.05,13.15,22220
SSWL,2006-05-15 00:00:00+05:30,13.4,13.5,12.6,12.6,29110
SSWL,2006-05-16 00:00:00+05:30,13.5,13.5,11.6,11.75,16560
SSWL,2006-05-17 00:00:00+05:30,12.9,12.9,12.3,12.9,54690
SSWL,2006-05-18 00:00:00+05:30,12.0,14.05,12.0,12.7,58470
SSWL,2006-05-19 00:00:00+05:30,12.9,12.9,11.45,11.6,58460
SSWL,2006-05-22 00:00:00+05:30,11.05,11.4,10.45,11.05,36780
SSWL,2006-05-23 00:00:00+05:30,10.5,12.15,10.5,12.1,17460
SSWL,2006-05-24 00:00:00+05:30,12.05,13.2,11.5,11.5,127410
SSWL,2006-05-25 00:00:00+05:30,11.5,11.5,10.5,10.75,31220
SSWL,2006-05-26 00:00:00+05:30,11.4,11.8,11.15,11.6,42180
SSWL,2006-05-29 00:00:00+05:30,11.7,12.05,11.6,11.9,19760
SSWL,2006-05-30 00:00:00+05:30,11.8,12.2,11.7,11.9,32340
SSWL,2006-05-31 00:00:00+05:30,11.4,11.6,11.1,11.4,8780
SSWL,2006-06-01 00:00:00+05:30,10.9,11.95,10.5,10.6,8310
SSWL,2006-06-02 00:00:00+05:30,10.35,10.75,10.35,10.75,5040
SSWL,2006-06-05 00:00:00+05:30,10.1,10.7,10.1,10.35,10010
SSWL,2006-06-06 00:00:00+05:30,9.65,9.9,9.35,9.65,90100
SSWL,2006-06-07 00:00:00+05:30,9.05,9.5,8.65,8.75,28980
SSWL,2006-06-08 00:00:00+05:30,8.3,8.6,8.3,8.4,33040
SSWL,2006-06-09 00:00:00+05:30,8.1,8.7,8.1,8.55,13750
SSWL,2006-06-12 00:00:00+05:30,8.25,8.6,8.25,8.6,5510
SSWL,2006-06-13 00:00:00+05:30,8.6,8.6,8.2,8.6,47900
SSWL,2006-06-14 00:00:00+05:30,8.2,8.35,8.15,8.15,10830
SSWL,2006-06-15 00:00:00+05:30,8.2,8.45,7.85,8.3,64140
SSWL,2006-06-16 00:00:00+05:30,8.2,8.2,7.9,7.9,129120
SSWL,2006-06-19 00:00:00+05:30,7.5,8.3,7.5,8.3,45320
SSWL,2006-06-20 00:00:00+05:30,8.55,8.7,8.55,8.7,2550
SSWL,2006-06-21 00:00:00+05:30,9.15,9.15,9.15,9.15,250
SSWL,2006-06-22 00:00:00+05:30,9.6,9.6,9.6,9.6,880
SSWL,2006-06-23 00:00:00+05:30,10.05,10.05,10.05,10.05,700
SSWL,2006-06-26 00:00:00+05:30,11.1,11.1,10.6,11.05,154230
SSWL,2006-06-27 00:00:00+05:30,11.2,11.6,10.55,11.6,154400
SSWL,2006-06-28 00:00:00+05:30,11.05,12.0,11.05,11.8,50220
SSWL,2006-06-29 00:00:00+05:30,11.7,11.7,11.6,11.6,7260
SSWL,2006-06-30 00:00:00+05:30,11.8,11.85,11.5,11.5,70850
SSWL,2006-07-03 00:00:00+05:30,11.1,11.5,11.1,11.4,19390
SSWL,2006-07-04 00:00:00+05:30,11.6,11.95,11.5,11.9,62980
SSWL,2006-07-05 00:00:00+05:30,11.8,11.8,11.3,11.35,3090
SSWL,2006-07-06 00:00:00+05:30,11.9,11.9,10.75,11.35,61230
SSWL,2006-07-07 00:00:00+05:30,11.2,11.9,11.1,11.85,127000
SSWL,2006-07-10 00:00:00+05:30,11.95,12.3,11.6,12.2,105240
SSWL,2006-07-11 00:00:00+05:30,11.9,12.3,11.9,12.05,12500
SSWL,2006-07-12 00:00:00+05:30,11.8,12.05,11.55,11.9,61580
SSWL,2006-07-13 00:00:00+05:30,11.75,12.5,11.75,12.1,71740
SSWL,2006-07-14 00:00:00+05:30,12.1,12.2,11.8,11.85,17280
SSWL,2006-07-17 00:00:00+05:30,11.8,11.9,11.25,11.3,5750
SSWL,2006-07-18 00:00:00+05:30,11.4,11.85,11.4,11.75,29290
SSWL,2006-07-19 00:00:00+05:30,11.8,11.85,11.15,11.6,38050
SSWL,2006-07-20 00:00:00+05:30,11.5,11.8,11.5,11.75,24920
SSWL,2006-07-21 00:00:00+05:30,11.3,11.7,11.3,11.45,22740
SSWL,2006-07-24 00:00:00+05:30,11.15,11.75,11.15,11.6,20870
SSWL,2006-07-25 00:00:00+05:30,12.05,12.05,11.6,11.8,26210
SSWL,2006-07-26 00:00:00+05:30,11.5,11.7,11.5,11.5,2440
SSWL,2006-07-27 00:00:00+05:30,11.9,11.9,11.5,11.65,520
SSWL,2006-07-28 00:00:00+05:30,11.3,11.65,11.3,11.35,3580
SSWL,2006-07-31 00:00:00+05:30,11.3,11.35,11.15,11.2,3250
SSWL,2006-08-01 00:00:00+05:30,11.35,11.35,11.35,11.35,10
SSWL,2006-08-02 00:00:00+05:30,11.9,11.9,11.6,11.6,30
SSWL,2006-08-03 00:00:00+05:30,12.15,12.15,11.0,11.05,4660
SSWL,2006-08-04 00:00:00+05:30,10.6,11.4,10.6,10.85,9900
SSWL,2006-08-07 00:00:00+05:30,10.6,11.35,10.6,11.3,14740
SSWL,2006-08-08 00:00:00+05:30,11.55,11.85,11.15,11.5,31470
SSWL,2006-08-09 00:00:00+05:30,11.6,12.1,11.5,11.95,29870
SSWL,2006-08-10 00:00:00+05:30,12.0,13.15,11.85,13.15,87410
SSWL,2006-08-11 00:00:00+05:30,13.6,13.8,12.6,13.15,268250
SSWL,2006-08-14 00:00:00+05:30,12.95,13.0,12.8,12.95,20350
SSWL,2006-08-16 00:00:00+05:30,13.45,13.6,13.15,13.6,35240
SSWL,2006-08-17 00:00:00+05:30,13.25,14.2,13.2,14.1,87970
SSWL,2006-08-18 00:00:00+05:30,13.5,14.65,13.5,14.3,132990
SSWL,2006-08-21 00:00:00+05:30,14.5,14.7,13.65,14.05,23100
SSWL,2006-08-22 00:00:00+05:30,14.4,14.4,13.5,13.7,19740
SSWL,2006-08-23 00:00:00+05:30,13.2,14.3,13.2,13.8,40400
SSWL,2006-08-24 00:00:00+05:30,13.4,14.5,13.4,14.4,85270
SSWL,2006-08-25 00:00:00+05:30,14.3,14.6,13.9,14.2,75640
SSWL,2006-08-28 00:00:00+05:30,14.1,14.8,13.9,14.55,22620
SSWL,2006-08-29 00:00:00+05:30,14.5,15.3,14.5,15.3,655210
SSWL,2006-08-30 00:00:00+05:30,15.6,15.85,15.3,15.65,190850
SSWL,2006-08-31 00:00:00+05:30,16.2,16.2,15.05,15.45,179030
SSWL,2006-09-01 00:00:00+05:30,15.55,16.2,15.4,16.1,367280
SSWL,2006-09-04 00:00:00+05:30,16.35,16.9,16.2,16.5,512190
SSWL,2006-09-05 00:00:00+05:30,16.9,16.9,15.75,16.5,185890
SSWL,2006-09-06 00:00:00+05:30,16.45,16.65,16.25,16.5,398190
SSWL,2006-09-07 00:00:00+05:30,16.3,16.65,16.25,16.4,141090
SSWL,2006-09-08 00:00:00+05:30,16.5,16.8,16.4,16.65,159010
SSWL,2006-09-11 00:00:00+05:30,16.4,16.7,15.9,16.35,145760
SSWL,2006-09-12 00:00:00+05:30,16.95,16.95,16.05,16.8,71140
SSWL,2006-09-13 00:00:00+05:30,17.3,17.3,16.7,16.85,85500
SSWL,2006-09-14 00:00:00+05:30,17.0,17.0,16.5,16.75,75760
SSWL,2006-09-15 00:00:00+05:30,17.0,17.1,16.55,17.0,113350
SSWL,2006-09-18 00:00:00+05:30,17.5,17.85,16.8,16.85,82520
SSWL,2006-09-19 00:00:00+05:30,17.4,17.4,16.0,16.35,109680
SSWL,2006-09-20 00:00:00+05:30,16.5,16.7,15.7,16.5,85060
SSWL,2006-09-21 00:00:00+05:30,16.8,16.8,16.25,16.45,31400
SSWL,2006-09-22 00:00:00+05:30,17.2,17.2,15.7,16.6,92800
SSWL,2006-09-25 00:00:00+05:30,16.3,16.4,15.9,16.0,41610
SSWL,2006-09-26 00:00:00+05:30,15.8,16.35,15.8,16.1,21050
SSWL,2006-09-27 00:00:00+05:30,16.0,16.5,16.0,16.5,47470
SSWL,2006-09-28 00:00:00+05:30,16.05,16.2,16.05,16.1,15770
SSWL,2006-09-29 00:00:00+05:30,16.2,16.2,16.0,16.15,18930
SSWL,2006-10-03 00:00:00+05:30,15.8,16.1,15.7,15.75,11970
SSWL,2006-10-04 00:00:00+05:30,15.8,16.05,15.8,15.95,9950
SSWL,2006-10-05 00:00:00+05:30,16.4,16.4,15.85,15.85,7100
SSWL,2006-10-06 00:00:00+05:30,15.9,16.2,15.55,15.85,23650
SSWL,2006-10-09 00:00:00+05:30,15.6,15.8,15.1,15.2,91630
SSWL,2006-10-10 00:00:00+05:30,14.6,15.5,14.6,15.2,18700
SSWL,2006-10-11 00:00:00+05:30,14.3,16.7,14.3,16.7,302880
SSWL,2006-10-12 00:00:00+05:30,17.4,17.4,16.55,17.05,187710
SSWL,2006-10-13 00:00:00+05:30,17.0,17.35,15.7,16.4,37380
SSWL,2006-10-16 00:00:00+05:30,16.5,16.6,16.1,16.1,8070
SSWL,2006-10-17 00:00:00+05:30,15.55,16.8,15.55,16.35,19250
SSWL,2006-10-18 00:00:00+05:30,16.05,16.45,15.8,15.9,16150
SSWL,2006-10-19 00:00:00+05:30,16.7,16.7,16.0,16.05,9380
SSWL,2006-10-20 00:00:00+05:30,16.0,16.5,15.9,16.0,17870
SSWL,2006-10-23 00:00:00+05:30,16.55,16.6,15.6,16.4,52670
SSWL,2006-10-26 00:00:00+05:30,16.45,16.45,16.15,16.25,59150
SSWL,2006-10-27 00:00:00+05:30,14.7,16.3,14.7,16.2,23550
SSWL,2006-10-30 00:00:00+05:30,16.05,16.45,16.05,16.35,64970
SSWL,2006-10-31 00:00:00+05:30,16.0,16.0,15.8,15.9,5200
SSWL,2006-11-01 00:00:00+05:30,15.8,16.2,15.2,16.0,10360
SSWL,2006-11-02 00:00:00+05:30,16.0,17.2,15.8,16.5,231690
SSWL,2006-11-03 00:00:00+05:30,15.5,17.6,15.5,17.0,287510
SSWL,2006-11-06 00:00:00+05:30,16.9,16.9,16.6,16.6,26000
SSWL,2006-11-07 00:00:00+05:30,16.2,17.4,16.2,16.5,2311380
SSWL,2006-11-08 00:00:00+05:30,16.75,16.75,15.7,16.05,13900
SSWL,2006-11-09 00:00:00+05:30,16.05,16.4,16.0,16.15,35780
SSWL,2006-11-10 00:00:00+05:30,17.0,17.0,15.7,15.85,17200
SSWL,2006-11-13 00:00:00+05:30,15.7,16.2,15.7,16.05,19200
SSWL,2006-11-14 00:00:00+05:30,15.8,15.8,15.7,15.7,6250
SSWL,2006-11-15 00:00:00+05:30,15.85,15.9,15.55,15.6,14160
SSWL,2006-11-16 00:00:00+05:30,15.1,16.1,15.1,15.6,3510
SSWL,2006-11-17 00:00:00+05:30,16.8,16.8,15.3,15.95,84460
SSWL,2006-11-20 00:00:00+05:30,15.3,16.0,15.1,15.95,60900
SSWL,2006-11-21 00:00:00+05:30,15.35,15.7,15.3,15.5,18140
SSWL,2006-11-22 00:00:00+05:30,15.4,15.45,15.1,15.4,12700
SSWL,2006-11-23 00:00:00+05:30,16.0,16.0,14.9,14.9,18240
SSWL,2006-11-24 00:00:00+05:30,15.0,15.3,15.0,15.0,5000
SSWL,2006-11-27 00:00:00+05:30,15.3,15.7,14.9,15.15,9600
SSWL,2006-11-28 00:00:00+05:30,15.0,15.0,14.8,14.85,4660
SSWL,2006-11-29 00:00:00+05:30,15.0,15.3,15.0,15.2,9500
SSWL,2006-11-30 00:00:00+05:30,15.2,15.2,15.2,15.2,1000
SSWL,2006-12-01 00:00:00+05:30,15.8,16.5,15.05,15.85,101300
SSWL,2006-12-04 00:00:00+05:30,16.3,16.3,15.4,15.45,9960
SSWL,2006-12-05 00:00:00+05:30,16.3,16.3,15.45,15.7,5150
SSWL,2006-12-06 00:00:00+05:30,15.2,16.45,15.2,15.8,63270
SSWL,2006-12-07 00:00:00+05:30,16.1,16.1,15.55,15.55,6500
SSWL,2006-12-08 00:00:00+05:30,15.25,15.25,15.2,15.2,400
SSWL,2006-12-11 00:00:00+05:30,15.5,15.5,14.55,14.6,6630
SSWL,2006-12-12 00:00:00+05:30,15.05,15.05,13.3,14.65,33670
SSWL,2006-12-13 00:00:00+05:30,13.7,15.4,13.7,15.1,20640
SSWL,2006-12-14 00:00:00+05:30,14.3,15.2,14.3,14.8,6750
SSWL,2006-12-15 00:00:00+05:30,15.5,15.5,14.7,14.7,5360
SSWL,2006-12-18 00:00:00+05:30,14.1,14.7,14.1,14.45,16480
SSWL,2006-12-19 00:00:00+05:30,14.05,15.0,14.05,14.65,30520
SSWL,2006-12-20 00:00:00+05:30,14.95,16.1,14.15,15.85,127930
SSWL,2006-12-21 00:00:00+05:30,15.7,15.7,14.6,14.9,28470
SSWL,2006-12-22 00:00:00+05:30,15.6,16.35,15.2,16.2,244820
SSWL,2006-12-26 00:00:00+05:30,16.0,16.0,15.55,15.55,6830
SSWL,2006-12-27 00:00:00+05:30,16.1,17.0,15.5,15.65,24450
SSWL,2006-12-28 00:00:00+05:30,15.6,16.25,15.4,16.2,178890
SSWL,2006-12-29 00:00:00+05:30,15.55,16.1,15.55,16.0,32820
SSWL,2007-01-02 00:00:00+05:30,16.3,17.0,15.65,16.75,250730
SSWL,2007-01-03 00:00:00+05:30,17.0,17.0,16.2,16.5,26600
SSWL,2007-01-04 00:00:00+05:30,16.7,17.4,16.5,16.7,93600
SSWL,2007-01-05 00:00:00+05:30,16.8,16.8,16.2,16.3,16050
SSWL,2007-01-08 00:00:00+05:30,16.1,16.2,16.1,16.2,54000
SSWL,2007-01-09 00:00:00+05:30,16.5,16.7,16.45,16.65,41540
SSWL,2007-01-10 00:00:00+05:30,16.5,17.8,16.5,17.4,224060
SSWL,2007-01-11 00:00:00+05:30,17.0,18.15,17.0,17.15,189950
SSWL,2007-01-12 00:00:00+05:30,17.6,18.05,17.45,17.85,227250
SSWL,2007-01-15 00:00:00+05:30,18.1,18.5,18.05,18.4,99970
SSWL,2007-01-16 00:00:00+05:30,19.0,19.0,17.8,18.1,204420
SSWL,2007-01-17 00:00:00+05:30,18.4,18.6,17.0,17.45,395250
SSWL,2007-01-18 00:00:00+05:30,17.85,18.4,17.7,18.0,418070
SSWL,2007-01-19 00:00:00+05:30,18.0,18.4,17.85,18.3,242920
SSWL,2007-01-22 00:00:00+05:30,17.9,18.4,17.9,17.9,73290
SSWL,2007-01-23 00:00:00+05:30,18.3,18.3,17.85,18.1,201380
SSWL,2007-01-24 00:00:00+05:30,18.0,18.6,17.8,18.25,293590
SSWL,2007-01-25 00:00:00+05:30,18.2,18.2,17.8,18.1,201150
SSWL,2007-01-29 00:00:00+05:30,18.0,18.4,17.65,18.0,55060
SSWL,2007-01-31 00:00:00+05:30,17.9,18.25,17.65,17.9,132940
SSWL,2007-02-01 00:00:00+05:30,17.6,18.1,17.6,17.9,101710
SSWL,2007-02-02 00:00:00+05:30,17.8,18.2,17.7,17.8,208580
SSWL,2007-02-05 00:00:00+05:30,18.4,18.9,17.5,18.0,99080
SSWL,2007-02-06 00:00:00+05:30,18.5,18.5,16.45,17.7,7500
SSWL,2007-02-07 00:00:00+05:30,17.9,17.9,17.55,17.7,28730
SSWL,2007-02-08 00:00:00+05:30,17.55,17.55,17.4,17.4,62800
SSWL,2007-02-09 00:00:00+05:30,18.4,19.15,17.85,19.15,5574330
SSWL,2007-02-12 00:00:00+05:30,20.0,21.05,19.5,21.05,1595380
SSWL,2007-02-13 00:00:00+05:30,21.5,23.15,18.95,23.15,9341780
SSWL,2007-02-14 00:00:00+05:30,23.0,24.2,22.0,22.2,1390800
SSWL,2007-02-15 00:00:00+05:30,22.1,23.3,22.1,23.3,1096080
SSWL,2007-02-19 00:00:00+05:30,23.95,24.5,23.95,24.5,1000200
SSWL,2007-02-20 00:00:00+05:30,24.6,25.7,24.6,25.7,1194660
SSWL,2007-02-21 00:00:00+05:30,27.0,27.0,24.45,24.8,3967120
SSWL,2007-02-22 00:00:00+05:30,25.0,25.65,24.2,24.8,2288850
SSWL,2007-02-23 00:00:00+05:30,24.2,24.95,23.55,23.55,101560
SSWL,2007-02-26 00:00:00+05:30,24.0,24.0,22.4,22.4,338630
SSWL,2007-02-27 00:00:00+05:30,21.55,21.95,21.25,21.25,74340
SSWL,2007-02-28 00:00:00+05:30,21.3,22.3,20.2,20.2,493140
SSWL,2007-03-01 00:00:00+05:30,19.8,21.0,19.75,20.05,213250
SSWL,2007-03-02 00:00:00+05:30,20.1,21.05,20.05,20.45,393750
SSWL,2007-03-05 00:00:00+05:30,20.0,20.4,19.45,19.5,427920
SSWL,2007-03-06 00:00:00+05:30,20.05,20.45,19.4,20.45,265670
SSWL,2007-03-07 00:00:00+05:30,20.95,21.0,19.6,20.2,435440
SSWL,2007-03-08 00:00:00+05:30,19.8,20.3,19.45,20.25,19860
SSWL,2007-03-09 00:00:00+05:30,20.4,20.4,19.5,19.65,141260
SSWL,2007-03-12 00:00:00+05:30,19.0,20.4,19.0,19.95,39070
SSWL,2007-03-13 00:00:00+05:30,20.0,20.2,19.75,19.85,55210
SSWL,2007-03-14 00:00:00+05:30,18.85,19.6,18.85,18.9,212120
SSWL,2007-03-15 00:00:00+05:30,19.6,19.7,18.1,19.0,87450
SSWL,2007-03-16 00:00:00+05:30,18.95,19.0,18.2,18.4,98620
SSWL,2007-03-19 00:00:00+05:30,18.0,18.5,18.0,18.45,52880
SSWL,2007-03-20 00:00:00+05:30,18.2,18.2,17.55,17.7,121780
SSWL,2007-03-21 00:00:00+05:30,18.4,18.4,16.85,16.95,70200
SSWL,2007-03-22 00:00:00+05:30,17.0,17.15,16.55,16.75,104370
SSWL,2007-03-23 00:00:00+05:30,17.35,17.35,16.2,16.7,122100
SSWL,2007-03-26 00:00:00+05:30,17.5,17.5,16.1,16.5,788780
SSWL,2007-03-28 00:00:00+05:30,16.0,17.0,16.0,16.75,1187510
SSWL,2007-03-29 00:00:00+05:30,17.3,17.6,17.3,17.6,105240
SSWL,2007-03-30 00:00:00+05:30,18.45,18.5,18.4,18.5,57580
SSWL,2007-04-02 00:00:00+05:30,19.4,19.4,17.95,18.0,7230
SSWL,2007-04-03 00:00:00+05:30,18.4,18.65,17.7,17.8,85260
SSWL,2007-04-04 00:00:00+05:30,18.4,18.7,18.3,18.7,18250
SSWL,2007-04-05 00:00:00+05:30,19.0,19.6,19.0,19.6,32450
SSWL,2007-04-09 00:00:00+05:30,19.1,20.3,19.1,19.9,579620
SSWL,2007-04-10 00:00:00+05:30,20.4,20.4,19.0,19.05,28710
SSWL,2007-04-11 00:00:00+05:30,19.2,19.5,18.3,18.4,176100
SSWL,2007-04-12 00:00:00+05:30,18.8,19.3,18.5,19.3,35010
SSWL,2007-04-13 00:00:00+05:30,19.6,20.25,18.55,18.95,68600
SSWL,2007-04-16 00:00:00+05:30,19.9,19.9,19.0,19.25,136600
SSWL,2007-04-17 00:00:00+05:30,18.55,19.5,18.55,19.3,5400
SSWL,2007-04-18 00:00:00+05:30,20.2,20.2,18.85,18.9,3140
SSWL,2007-04-19 00:00:00+05:30,18.05,18.5,17.95,17.95,47550
SSWL,2007-04-20 00:00:00+05:30,18.0,18.15,17.3,17.8,33960
SSWL,2007-04-23 00:00:00+05:30,17.2,18.05,17.2,18.0,1870
SSWL,2007-04-24 00:00:00+05:30,17.5,18.5,17.5,17.9,19570
SSWL,2007-04-25 00:00:00+05:30,17.8,18.0,17.2,17.9,20150
SSWL,2007-04-26 00:00:00+05:30,17.5,18.1,17.2,17.7,13620
SSWL,2007-04-27 00:00:00+05:30,17.1,17.9,17.1,17.35,4810
SSWL,2007-04-30 00:00:00+05:30,17.15,17.35,17.1,17.1,85960
SSWL,2007-05-03 00:00:00+05:30,17.2,17.5,17.2,17.5,730
SSWL,2007-05-04 00:00:00+05:30,17.2,17.55,16.7,16.9,13000
SSWL,2007-05-07 00:00:00+05:30,16.3,16.95,16.3,16.95,5120
SSWL,2007-05-08 00:00:00+05:30,17.2,17.5,16.75,16.95,82340
SSWL,2007-05-09 00:00:00+05:30,16.7,17.65,16.3,17.65,58040
SSWL,2007-05-10 00:00:00+05:30,18.2,18.2,16.75,17.15,178150
SSWL,2007-05-11 00:00:00+05:30,16.9,17.3,16.3,16.75,138490
SSWL,2007-05-14 00:00:00+05:30,16.9,17.15,16.3,16.75,98550
SSWL,2007-05-15 00:00:00+05:30,16.95,17.5,16.4,17.25,75640
SSWL,2007-05-16 00:00:00+05:30,17.3,17.5,16.6,17.1,239430
SSWL,2007-05-17 00:00:00+05:30,17.05,17.25,16.5,17.05,53860
SSWL,2007-05-18 00:00:00+05:30,16.7,17.5,16.2,17.1,445950
SSWL,2007-05-21 00:00:00+05:30,17.0,17.45,17.0,17.4,25100
SSWL,2007-05-22 00:00:00+05:30,17.9,18.0,16.8,17.35,177810
SSWL,2007-05-23 00:00:00+05:30,17.0,17.0,16.45,16.75,129540
SSWL,2007-05-24 00:00:00+05:30,16.5,16.9,16.1,16.25,332510
SSWL,2007-05-25 00:00:00+05:30,16.0,17.05,15.5,16.7,583850
SSWL,2007-05-28 00:00:00+05:30,16.75,17.5,16.75,17.35,37600
SSWL,2007-05-29 00:00:00+05:30,17.0,18.25,17.0,18.0,102880
SSWL,2007-05-30 00:00:00+05:30,18.45,18.45,17.1,17.4,48620
SSWL,2007-05-31 00:00:00+05:30,16.85,17.5,16.85,17.4,27460
SSWL,2007-06-01 00:00:00+05:30,17.2,17.45,16.85,17.25,35360
SSWL,2007-06-04 00:00:00+05:30,17.5,17.5,16.7,17.15,95550
SSWL,2007-06-05 00:00:00+05:30,16.75,17.2,16.75,16.95,11780
SSWL,2007-06-06 00:00:00+05:30,16.8,17.0,16.4,16.85,142090
SSWL,2007-06-07 00:00:00+05:30,16.95,17.2,16.6,17.2,42770
SSWL,2007-06-08 00:00:00+05:30,16.95,17.0,16.5,16.85,17500
SSWL,2007-06-11 00:00:00+05:30,17.2,17.2,16.55,16.55,25280
SSWL,2007-06-12 00:00:00+05:30,16.9,17.0,16.5,16.7,42620
SSWL,2007-06-13 00:00:00+05:30,17.15,17.15,16.65,16.65,11700
SSWL,2007-06-14 00:00:00+05:30,16.55,16.55,16.5,16.5,2100
SSWL,2007-06-15 00:00:00+05:30,17.0,17.0,16.6,16.85,24170
SSWL,2007-06-18 00:00:00+05:30,16.9,16.95,16.4,16.4,1100
SSWL,2007-06-19 00:00:00+05:30,16.25,16.5,16.25,16.3,9660
SSWL,2007-06-20 00:00:00+05:30,16.2,16.6,16.2,16.5,5850
SSWL,2007-06-21 00:00:00+05:30,16.3,16.3,16.2,16.2,3700
SSWL,2007-06-22 00:00:00+05:30,16.0,16.05,16.0,16.0,7350
SSWL,2007-06-25 00:00:00+05:30,16.45,16.5,16.2,16.25,7500
SSWL,2007-06-26 00:00:00+05:30,16.7,16.7,16.05,16.1,35620
SSWL,2007-06-27 00:00:00+05:30,16.5,16.5,15.85,15.95,7000
SSWL,2007-06-28 00:00:00+05:30,16.0,16.3,15.8,15.8,2400
SSWL,2007-06-29 00:00:00+05:30,16.0,16.4,16.0,16.3,24680
SSWL,2007-07-02 00:00:00+05:30,16.2,16.65,16.2,16.55,22500
SSWL,2007-07-03 00:00:00+05:30,16.6,16.7,16.4,16.65,23720
SSWL,2007-07-04 00:00:00+05:30,16.95,16.95,16.4,16.5,17260
SSWL,2007-07-05 00:00:00+05:30,16.3,16.55,16.3,16.5,7210
SSWL,2007-07-06 00:00:00+05:30,16.7,16.8,16.3,16.6,16720
SSWL,2007-07-09 00:00:00+05:30,16.8,16.85,16.4,16.7,18000
SSWL,2007-07-10 00:00:00+05:30,16.4,16.6,16.4,16.5,7200
SSWL,2007-07-11 00:00:00+05:30,16.3,16.4,16.3,16.3,2010
SSWL,2007-07-12 00:00:00+05:30,17.0,17.0,16.3,16.7,50540
SSWL,2007-07-13 00:00:00+05:30,16.35,16.75,16.35,16.75,8300
SSWL,2007-07-16 00:00:00+05:30,16.9,16.9,16.4,16.4,2100
SSWL,2007-07-17 00:00:00+05:30,16.8,16.8,16.25,16.5,15450
SSWL,2007-07-18 00:00:00+05:30,16.9,16.9,16.3,16.6,53480
SSWL,2007-07-19 00:00:00+05:30,16.9,17.2,16.5,17.1,31480
SSWL,2007-07-20 00:00:00+05:30,17.4,17.4,16.7,17.05,19250
SSWL,2007-07-23 00:00:00+05:30,17.3,17.4,16.8,17.05,7650
SSWL,2007-07-24 00:00:00+05:30,17.35,17.35,16.7,17.1,3000
SSWL,2007-07-25 00:00:00+05:30,16.3,17.2,16.3,17.1,20400
SSWL,2007-07-26 00:00:00+05:30,17.35,17.35,17.0,17.15,3600
SSWL,2007-07-27 00:00:00+05:30,17.35,17.8,16.5,16.9,9300
SSWL,2007-07-30 00:00:00+05:30,16.1,17.25,16.05,17.15,10100
SSWL,2007-07-31 00:00:00+05:30,17.2,17.3,16.7,17.2,22500
SSWL,2007-08-01 00:00:00+05:30,17.45,17.45,16.55,17.0,10600
SSWL,2007-08-02 00:00:00+05:30,16.3,16.8,16.3,16.5,13900
SSWL,2007-08-03 00:00:00+05:30,16.3,17.1,16.3,17.0,22500
SSWL,2007-08-06 00:00:00+05:30,16.15,16.6,16.15,16.5,1700
SSWL,2007-08-07 00:00:00+05:30,16.7,16.95,16.7,16.95,8750
SSWL,2007-08-08 00:00:00+05:30,16.6,16.9,16.4,16.5,1080
SSWL,2007-08-09 00:00:00+05:30,16.9,16.9,16.5,16.5,1020
SSWL,2007-08-10 00:00:00+05:30,16.1,16.45,16.0,16.35,12400
SSWL,2007-08-13 00:00:00+05:30,16.3,16.85,16.3,16.65,18600
SSWL,2007-08-14 00:00:00+05:30,16.2,17.2,16.2,16.9,29050
SSWL,2007-08-16 00:00:00+05:30,16.7,16.7,16.2,16.2,1500
SSWL,2007-08-17 00:00:00+05:30,15.9,16.65,15.9,16.6,6910
SSWL,2007-08-20 00:00:00+05:30,16.5,16.65,16.4,16.65,1630
SSWL,2007-08-21 00:00:00+05:30,17.0,17.0,16.3,16.45,10590
SSWL,2007-08-22 00:00:00+05:30,16.9,16.9,16.1,16.6,17900
SSWL,2007-08-23 00:00:00+05:30,16.05,16.2,16.0,16.15,9010
SSWL,2007-08-24 00:00:00+05:30,16.05,17.5,16.0,17.15,13870
SSWL,2007-08-27 00:00:00+05:30,16.6,17.15,16.6,17.05,17900
SSWL,2007-08-28 00:00:00+05:30,16.6,17.0,16.6,16.85,1750
SSWL,2007-08-29 00:00:00+05:30,16.85,16.85,16.85,16.85,500
SSWL,2007-08-30 00:00:00+05:30,16.55,16.55,16.4,16.5,5540
SSWL,2007-08-31 00:00:00+05:30,16.45,16.7,16.4,16.7,2670
SSWL,2007-09-03 00:00:00+05:30,16.4,17.3,16.4,17.05,20480
SSWL,2007-09-04 00:00:00+05:30,17.05,17.2,16.7,16.7,16870
SSWL,2007-09-05 00:00:00+05:30,17.1,17.1,17.0,17.0,9870
SSWL,2007-09-06 00:00:00+05:30,16.6,17.15,16.6,17.15,7180
SSWL,2007-09-07 00:00:00+05:30,18.0,18.0,17.0,17.2,2550
SSWL,2007-09-10 00:00:00+05:30,17.0,17.05,17.0,17.05,13600
SSWL,2007-09-11 00:00:00+05:30,16.5,17.1,16.5,17.0,2020
SSWL,2007-09-12 00:00:00+05:30,17.0,17.05,17.0,17.05,12000
SSWL,2007-09-13 00:00:00+05:30,16.7,16.7,16.7,16.7,250
SSWL,2007-09-14 00:00:00+05:30,17.0,17.1,16.8,17.0,5490
SSWL,2007-09-17 00:00:00+05:30,16.9,17.0,16.7,16.7,9520
SSWL,2007-09-18 00:00:00+05:30,16.65,17.05,16.65,16.85,12600
SSWL,2007-09-19 00:00:00+05:30,17.35,17.35,17.15,17.15,12010
SSWL,2007-09-20 00:00:00+05:30,16.65,16.65,16.6,16.6,5500
SSWL,2007-09-21 00:00:00+05:30,17.3,17.3,16.9,16.9,4100
SSWL,2007-09-24 00:00:00+05:30,16.35,17.2,16.3,16.85,66020
SSWL,2007-09-25 00:00:00+05:30,17.4,17.4,16.7,16.9,4680
SSWL,2007-09-26 00:00:00+05:30,17.1,17.25,16.6,17.05,14740
SSWL,2007-09-27 00:00:00+05:30,17.2,17.2,16.55,16.55,7600
SSWL,2007-09-28 00:00:00+05:30,16.8,17.0,16.6,17.0,13610
SSWL,2007-10-01 00:00:00+05:30,17.15,17.15,16.8,17.15,3670
SSWL,2007-10-03 00:00:00+05:30,17.5,17.5,16.3,16.35,24670
SSWL,2007-10-04 00:00:00+05:30,16.6,16.95,16.6,16.65,10220
SSWL,2007-10-05 00:00:00+05:30,16.3,16.6,16.3,16.5,7810
SSWL,2007-10-08 00:00:00+05:30,16.15,16.5,15.9,16.15,7490
SSWL,2007-10-09 00:00:00+05:30,16.3,16.3,15.8,16.25,4420
SSWL,2007-10-10 00:00:00+05:30,17.0,17.0,16.1,16.7,25840
SSWL,2007-10-11 00:00:00+05:30,16.65,16.65,16.5,16.6,2750
SSWL,2007-10-12 00:00:00+05:30,16.7,16.7,15.8,16.15,6220
SSWL,2007-10-15 00:00:00+05:30,16.2,16.2,16.05,16.05,5510
SSWL,2007-10-16 00:00:00+05:30,16.3,16.3,16.3,16.3,250
SSWL,2007-10-17 00:00:00+05:30,15.0,16.25,14.85,16.25,3200
SSWL,2007-10-18 00:00:00+05:30,16.2,16.2,15.85,15.85,2100
SSWL,2007-10-19 00:00:00+05:30,15.5,16.15,15.5,16.15,1750
SSWL,2007-10-22 00:00:00+05:30,16.4,16.4,15.2,15.55,6050
SSWL,2007-10-23 00:00:00+05:30,16.8,16.8,15.6,16.15,27800
SSWL,2007-10-24 00:00:00+05:30,17.0,17.0,15.8,15.85,2100
SSWL,2007-10-25 00:00:00+05:30,16.4,16.4,15.6,15.6,2050
SSWL,2007-10-26 00:00:00+05:30,15.7,16.0,15.7,16.0,600
SSWL,2007-10-29 00:00:00+05:30,15.6,15.6,15.4,15.6,6020
SSWL,2007-10-30 00:00:00+05:30,15.25,16.2,15.25,15.8,10580
SSWL,2007-10-31 00:00:00+05:30,15.4,16.3,15.4,16.05,1950
SSWL,2007-11-01 00:00:00+05:30,16.7,16.7,16.2,16.2,520
SSWL,2007-11-02 00:00:00+05:30,16.7,16.7,15.7,16.15,3260
SSWL,2007-11-05 00:00:00+05:30,16.3,16.3,15.6,15.9,5490
SSWL,2007-11-06 00:00:00+05:30,15.4,15.9,15.4,15.85,2150
SSWL,2007-11-07 00:00:00+05:30,15.9,16.0,15.5,15.75,26650
SSWL,2007-11-08 00:00:00+05:30,16.5,16.5,16.0,16.0,5300
SSWL,2007-11-09 00:00:00+05:30,16.35,16.35,16.2,16.2,700
SSWL,2007-11-12 00:00:00+05:30,15.2,16.0,15.2,15.95,870
SSWL,2007-11-13 00:00:00+05:30,15.3,15.8,15.3,15.5,3300
SSWL,2007-11-14 00:00:00+05:30,16.2,16.2,15.3,15.45,5850
SSWL,2007-11-15 00:00:00+05:30,15.2,16.15,15.2,15.8,13970
SSWL,2007-11-16 00:00:00+05:30,16.4,16.4,15.95,16.1,10850
SSWL,2007-11-19 00:00:00+05:30,17.9,17.9,15.7,16.05,6560
SSWL,2007-11-20 00:00:00+05:30,17.0,17.1,16.45,17.0,16440
SSWL,2007-11-21 00:00:00+05:30,17.45,17.45,16.65,16.7,2910
SSWL,2007-11-22 00:00:00+05:30,16.0,16.5,15.7,15.8,5570
SSWL,2007-11-23 00:00:00+05:30,16.5,16.5,16.05,16.05,1700
SSWL,2007-11-26 00:00:00+05:30,17.4,17.4,16.1,16.15,1560
SSWL,2007-11-27 00:00:00+05:30,15.8,16.75,15.8,16.3,4400
SSWL,2007-11-28 00:00:00+05:30,15.85,17.2,15.85,16.65,11390
SSWL,2007-11-29 00:00:00+05:30,17.9,17.9,16.6,16.7,3220
SSWL,2007-11-30 00:00:00+05:30,16.6,16.9,16.55,16.65,8670
SSWL,2007-12-03 00:00:00+05:30,16.2,16.9,16.2,16.9,550
SSWL,2007-12-04 00:00:00+05:30,16.5,16.65,15.95,16.5,7050
SSWL,2007-12-05 00:00:00+05:30,16.4,17.1,16.4,16.9,8700
SSWL,2007-12-06 00:00:00+05:30,16.5,17.0,16.5,16.9,2200
SSWL,2007-12-07 00:00:00+05:30,17.0,17.1,16.8,16.85,13610
SSWL,2007-12-10 00:00:00+05:30,16.5,17.4,16.45,16.95,5480
SSWL,2007-12-11 00:00:00+05:30,16.7,17.2,16.7,17.05,18850
SSWL,2007-12-12 00:00:00+05:30,17.4,20.45,17.3,19.6,153030
SSWL,2007-12-13 00:00:00+05:30,20.0,22.2,20.0,21.9,170200
SSWL,2007-12-14 00:00:00+05:30,23.5,23.5,20.5,21.0,48580
SSWL,2007-12-17 00:00:00+05:30,20.0,21.4,20.0,20.65,19280
SSWL,2007-12-18 00:00:00+05:30,21.0,21.1,19.0,20.05,17590
SSWL,2007-12-19 00:00:00+05:30,22.0,22.6,20.5,21.2,42970
SSWL,2007-12-20 00:00:00+05:30,22.45,22.45,20.9,21.35,10780
SSWL,2007-12-24 00:00:00+05:30,20.1,21.2,20.1,20.5,3750
SSWL,2007-12-26 00:00:00+05:30,21.7,21.7,20.5,20.5,3300
SSWL,2007-12-27 00:00:00+05:30,20.2,21.05,20.2,20.25,28070
SSWL,2007-12-28 00:00:00+05:30,20.4,21.0,20.2,20.55,23620
SSWL,2007-12-31 00:00:00+05:30,22.2,22.2,20.0,21.1,6850
SSWL,2008-01-01 00:00:00+05:30,21.2,21.5,20.3,21.45,513820
SSWL,2008-01-02 00:00:00+05:30,21.9,24.7,21.8,22.45,621920
SSWL,2008-01-03 00:00:00+05:30,25.4,26.0,20.0,20.5,967820
SSWL,2008-01-04 00:00:00+05:30,21.5,21.5,20.0,20.15,32960
SSWL,2008-01-07 00:00:00+05:30,20.5,20.8,20.1,20.2,13880
SSWL,2008-01-08 00:00:00+05:30,20.0,22.4,19.4,20.0,1082250
SSWL,2008-01-09 00:00:00+05:30,20.1,20.1,19.2,19.25,86750
SSWL,2008-01-10 00:00:00+05:30,19.2,19.7,18.55,18.85,19970
SSWL,2008-01-11 00:00:00+05:30,20.0,20.0,17.55,18.7,43890
SSWL,2008-01-14 00:00:00+05:30,18.5,19.3,18.5,18.7,5730
SSWL,2008-01-15 00:00:00+05:30,18.7,19.2,18.2,18.5,8220
SSWL,2008-01-16 00:00:00+05:30,19.9,19.9,18.0,18.0,4420
SSWL,2008-01-17 00:00:00+05:30,17.4,20.9,17.4,19.1,267780
SSWL,2008-01-18 00:00:00+05:30,19.2,19.25,18.4,18.85,7850
SSWL,2008-01-21 00:00:00+05:30,20.0,21.5,16.3,18.05,45410
SSWL,2008-01-22 00:00:00+05:30,15.1,19.0,15.1,17.1,22580
SSWL,2008-01-23 00:00:00+05:30,18.2,19.2,16.05,17.75,25410
SSWL,2008-01-24 00:00:00+05:30,17.15,18.0,15.1,16.5,11640
SSWL,2008-01-25 00:00:00+05:30,17.0,18.2,17.0,18.0,6920
SSWL,2008-01-28 00:00:00+05:30,17.1,17.75,16.9,17.5,6970
SSWL,2008-01-29 00:00:00+05:30,17.2,17.6,16.6,17.1,1840
SSWL,2008-01-30 00:00:00+05:30,19.0,19.0,17.0,17.5,9820
SSWL,2008-01-31 00:00:00+05:30,16.8,17.7,16.5,16.6,680
SSWL,2008-02-01 00:00:00+05:30,16.0,17.4,15.8,17.1,2430
SSWL,2008-02-04 00:00:00+05:30,17.7,18.0,17.5,17.55,15730
SSWL,2008-02-05 00:00:00+05:30,17.2,18.65,17.2,17.8,23890
SSWL,2008-02-06 00:00:00+05:30,17.1,17.5,17.1,17.5,460
SSWL,2008-02-07 00:00:00+05:30,17.2,17.2,17.1,17.1,1300
SSWL,2008-02-08 00:00:00+05:30,16.2,17.2,16.0,16.5,5610
SSWL,2008-02-11 00:00:00+05:30,16.2,16.2,15.3,15.9,8020
SSWL,2008-02-12 00:00:00+05:30,15.0,16.0,14.35,15.4,25390
SSWL,2008-02-13 00:00:00+05:30,15.05,16.0,15.05,15.8,9330
SSWL,2008-02-14 00:00:00+05:30,17.95,17.95,16.0,16.3,2150
SSWL,2008-02-15 00:00:00+05:30,16.6,16.8,16.3,16.3,2300
SSWL,2008-02-18 00:00:00+05:30,16.05,16.95,16.05,16.1,2630
SSWL,2008-02-19 00:00:00+05:30,16.1,16.4,15.7,16.0,7730
SSWL,2008-02-20 00:00:00+05:30,14.55,17.0,14.55,16.8,14770
SSWL,2008-02-21 00:00:00+05:30,15.9,17.0,15.9,16.35,12550
SSWL,2008-02-22 00:00:00+05:30,15.75,16.75,15.75,16.45,980
SSWL,2008-02-25 00:00:00+05:30,16.0,16.5,16.0,16.05,4170
SSWL,2008-02-26 00:00:00+05:30,16.7,16.7,15.6,16.2,8110
SSWL,2008-02-27 00:00:00+05:30,16.3,16.3,15.8,15.95,1300
SSWL,2008-02-28 00:00:00+05:30,15.8,15.8,15.8,15.8,400
SSWL,2008-02-29 00:00:00+05:30,15.4,15.9,15.3,15.6,5800
SSWL,2008-03-03 00:00:00+05:30,15.4,15.4,15.15,15.25,1100
SSWL,2008-03-04 00:00:00+05:30,15.4,15.4,15.15,15.25,0
SSWL,2008-03-05 00:00:00+05:30,15.15,15.7,14.7,15.05,2050
SSWL,2008-03-07 00:00:00+05:30,14.4,15.8,14.4,15.15,4580
SSWL,2008-03-10 00:00:00+05:30,14.6,15.45,14.5,15.2,1470
SSWL,2008-03-11 00:00:00+05:30,16.0,16.0,14.6,15.5,6130
SSWL,2008-03-12 00:00:00+05:30,16.2,16.8,15.1,16.15,3000
SSWL,2008-03-13 00:00:00+05:30,15.0,15.8,14.7,14.7,1840
SSWL,2008-03-14 00:00:00+05:30,16.25,16.25,14.45,14.45,2170
SSWL,2008-03-17 00:00:00+05:30,14.35,14.95,13.1,13.9,18530
SSWL,2008-03-18 00:00:00+05:30,13.45,14.35,13.45,13.5,7400
SSWL,2008-03-19 00:00:00+05:30,13.3,14.4,13.0,13.85,12200
SSWL,2008-03-24 00:00:00+05:30,13.0,13.5,12.6,13.5,10780
SSWL,2008-03-25 00:00:00+05:30,14.8,16.2,13.3,15.85,38470
SSWL,2008-03-26 00:00:00+05:30,16.0,16.0,15.2,15.7,3600
SSWL,2008-03-27 00:00:00+05:30,14.5,16.7,14.5,16.0,8260
SSWL,2008-03-28 00:00:00+05:30,15.5,18.2,15.5,17.35,40820
SSWL,2008-03-31 00:00:00+05:30,16.8,18.0,16.5,16.7,14660
SSWL,2008-04-01 00:00:00+05:30,16.8,17.0,16.6,16.85,1900
SSWL,2008-04-02 00:00:00+05:30,16.65,17.5,16.1,17.05,11380
SSWL,2008-04-03 00:00:00+05:30,17.9,17.9,16.6,17.25,7890
SSWL,2008-04-04 00:00:00+05:30,17.2,17.2,16.3,16.45,3350
SSWL,2008-04-07 00:00:00+05:30,16.4,17.5,16.4,17.3,3770
SSWL,2008-04-08 00:00:00+05:30,16.6,17.2,16.6,16.85,1000
SSWL,2008-04-09 00:00:00+05:30,17.2,18.35,16.8,16.95,5270
SSWL,2008-04-10 00:00:00+05:30,17.6,17.6,17.0,17.05,6250
SSWL,2008-04-11 00:00:00+05:30,17.2,17.4,16.85,17.05,32700
SSWL,2008-04-15 00:00:00+05:30,16.7,17.5,16.1,16.7,118740
SSWL,2008-04-16 00:00:00+05:30,17.0,17.3,15.9,16.3,157500
SSWL,2008-04-17 00:00:00+05:30,16.7,16.7,16.0,16.2,32090
SSWL,2008-04-21 00:00:00+05:30,16.5,16.5,16.05,16.25,26490
SSWL,2008-04-22 00:00:00+05:30,16.35,16.35,15.6,15.95,12220
SSWL,2008-04-23 00:00:00+05:30,15.9,15.9,15.5,15.6,8080
SSWL,2008-04-24 00:00:00+05:30,15.8,15.8,15.3,15.35,2220
SSWL,2008-04-25 00:00:00+05:30,14.8,15.3,14.8,15.3,900
SSWL,2008-04-28 00:00:00+05:30,15.5,15.6,15.2,15.2,1780
SSWL,2008-04-29 00:00:00+05:30,15.0,15.8,14.9,15.75,10320
SSWL,2008-04-30 00:00:00+05:30,15.6,15.65,15.1,15.2,1750
SSWL,2008-05-02 00:00:00+05:30,15.7,15.7,15.1,15.1,1010
SSWL,2008-05-05 00:00:00+05:30,15.15,15.65,15.15,15.55,2070
SSWL,2008-05-06 00:00:00+05:30,13.0,15.3,13.0,15.25,3660
SSWL,2008-05-07 00:00:00+05:30,14.8,14.8,14.8,14.8,40
SSWL,2008-05-08 00:00:00+05:30,15.4,15.4,14.95,15.4,1490
SSWL,2008-05-09 00:00:00+05:30,14.9,15.45,14.9,15.15,3080
SSWL,2008-05-12 00:00:00+05:30,17.3,17.3,14.2,15.25,3990
SSWL,2008-05-13 00:00:00+05:30,15.2,15.45,15.1,15.2,1540
SSWL,2008-05-14 00:00:00+05:30,15.2,15.2,14.8,14.8,2500
SSWL,2008-05-15 00:00:00+05:30,14.9,15.5,14.9,15.05,3010
SSWL,2008-05-16 00:00:00+05:30,15.05,15.2,14.35,14.9,4360
SSWL,2008-05-20 00:00:00+05:30,14.65,15.45,14.65,14.85,3880
SSWL,2008-05-21 00:00:00+05:30,14.5,14.85,14.5,14.85,4700
SSWL,2008-05-22 00:00:00+05:30,14.55,14.95,14.5,14.5,3000
SSWL,2008-05-23 00:00:00+05:30,14.3,14.5,14.3,14.5,1300
SSWL,2008-05-26 00:00:00+05:30,14.2,14.4,14.2,14.4,580
SSWL,2008-05-27 00:00:00+05:30,14.25,14.6,14.25,14.6,1150
SSWL,2008-05-28 00:00:00+05:30,14.2,14.2,14.15,14.15,600
SSWL,2008-05-29 00:00:00+05:30,15.85,15.85,13.4,13.9,26930
SSWL,2008-05-30 00:00:00+05:30,14.65,14.65,13.4,14.0,930
SSWL,2008-06-02 00:00:00+05:30,13.7,14.5,13.7,14.4,1570
SSWL,2008-06-03 00:00:00+05:30,13.4,14.05,13.4,13.95,5540
SSWL,2008-06-04 00:00:00+05:30,13.0,14.6,13.0,13.55,12100
SSWL,2008-06-05 00:00:00+05:30,13.5,13.5,13.5,13.5,50
SSWL,2008-06-06 00:00:00+05:30,13.0,13.9,13.0,13.2,730
SSWL,2008-06-09 00:00:00+05:30,12.7,13.5,12.7,13.45,1810
SSWL,2008-06-10 00:00:00+05:30,12.8,13.95,12.7,12.7,2960
SSWL,2008-06-11 00:00:00+05:30,12.8,13.5,12.55,13.35,13950
SSWL,2008-06-12 00:00:00+05:30,12.8,13.35,12.6,13.0,3340
SSWL,2008-06-13 00:00:00+05:30,12.8,13.0,12.8,13.0,1200
SSWL,2008-06-16 00:00:00+05:30,12.6,13.0,12.6,13.0,1200
SSWL,2008-06-17 00:00:00+05:30,13.0,13.95,13.0,13.0,1830
SSWL,2008-06-18 00:00:00+05:30,13.0,13.95,13.0,13.0,0
SSWL,2008-06-19 00:00:00+05:30,13.0,13.95,13.0,13.0,0
SSWL,2008-06-20 00:00:00+05:30,12.35,12.35,12.35,12.35,1000
SSWL,2008-06-23 00:00:00+05:30,12.5,12.9,12.0,12.4,2730
SSWL,2008-06-24 00:00:00+05:30,12.05,12.9,12.05,12.2,390
SSWL,2008-06-25 00:00:00+05:30,12.05,12.1,12.05,12.1,1070
SSWL,2008-06-26 00:00:00+05:30,12.0,12.8,12.0,12.3,900
SSWL,2008-06-27 00:00:00+05:30,12.1,12.4,12.1,12.4,10050
SSWL,2008-06-30 00:00:00+05:30,11.0,13.1,11.0,12.75,2960
SSWL,2008-07-01 00:00:00+05:30,14.65,14.65,11.6,11.6,1610
SSWL,2008-07-02 00:00:00+05:30,11.1,11.1,11.1,11.1,10
SSWL,2008-07-03 00:00:00+05:30,10.8,12.0,10.8,11.3,780
SSWL,2008-07-04 00:00:00+05:30,11.1,12.0,10.4,11.5,1840
SSWL,2008-07-07 00:00:00+05:30,11.55,12.0,11.55,12.0,1000
SSWL,2008-07-08 00:00:00+05:30,11.5,12.05,11.5,11.6,950
SSWL,2008-07-09 00:00:00+05:30,12.1,12.65,12.1,12.5,9820
SSWL,2008-07-10 00:00:00+05:30,12.7,14.0,12.4,13.75,11140
SSWL,2008-07-11 00:00:00+05:30,13.6,13.85,12.8,13.0,2080
SSWL,2008-07-14 00:00:00+05:30,12.4,13.8,12.4,12.7,1550
SSWL,2008-07-15 00:00:00+05:30,12.2,12.5,12.2,12.5,1220
SSWL,2008-07-16 00:00:00+05:30,10.2,13.7,10.2,12.2,3050
SSWL,2008-07-17 00:00:00+05:30,10.2,13.7,10.2,12.2,0
SSWL,2008-07-18 00:00:00+05:30,12.1,12.1,11.4,11.5,6320
SSWL,2008-07-21 00:00:00+05:30,11.0,12.45,10.6,11.55,6550
SSWL,2008-07-22 00:00:00+05:30,11.2,11.2,10.6,10.7,31480
SSWL,2008-07-23 00:00:00+05:30,11.0,11.8,11.0,11.3,4000
SSWL,2008-07-24 00:00:00+05:30,11.25,11.25,11.25,11.25,100
SSWL,2008-07-25 00:00:00+05:30,10.85,11.05,10.85,11.05,1310
SSWL,2008-07-28 00:00:00+05:30,11.2,11.4,11.2,11.4,1100
SSWL,2008-07-29 00:00:00+05:30,10.75,10.95,10.7,10.9,5560
SSWL,2008-07-30 00:00:00+05:30,11.45,11.65,11.35,11.4,5970
SSWL,2008-07-31 00:00:00+05:30,11.4,11.6,11.2,11.3,1250
SSWL,2008-08-01 00:00:00+05:30,11.2,11.2,11.2,11.2,610
SSWL,2008-08-04 00:00:00+05:30,11.2,11.8,11.2,11.7,4820
SSWL,2008-08-05 00:00:00+05:30,11.3,11.3,11.3,11.3,240
SSWL,2008-08-06 00:00:00+05:30,11.4,11.7,11.4,11.45,1500
SSWL,2008-08-07 00:00:00+05:30,11.5,12.2,11.4,11.6,5900
SSWL,2008-08-08 00:00:00+05:30,11.5,12.2,11.4,11.6,0
SSWL,2008-08-11 00:00:00+05:30,12.7,12.7,11.55,11.55,2990
SSWL,2008-08-12 00:00:00+05:30,12.05,12.2,11.95,12.1,6160
SSWL,2008-08-13 00:00:00+05:30,12.1,12.8,12.1,12.3,5510
SSWL,2008-08-14 00:00:00+05:30,12.6,13.45,12.6,13.2,12160
SSWL,2008-08-18 00:00:00+05:30,13.8,13.8,12.5,12.8,3770
SSWL,2008-08-19 00:00:00+05:30,12.3,12.35,12.0,12.35,3060
SSWL,2008-08-20 00:00:00+05:30,13.5,13.5,12.05,12.7,2510
SSWL,2008-08-21 00:00:00+05:30,12.1,12.15,11.9,12.0,990
SSWL,2008-08-22 00:00:00+05:30,12.2,12.6,11.5,12.0,970
SSWL,2008-08-25 00:00:00+05:30,12.0,12.3,12.0,12.3,10140
SSWL,2008-08-26 00:00:00+05:30,11.7,11.9,11.7,11.9,60
SSWL,2008-08-27 00:00:00+05:30,11.45,12.1,11.45,12.05,3020
SSWL,2008-08-28 00:00:00+05:30,12.45,12.45,11.6,11.7,1160
SSWL,2008-08-29 00:00:00+05:30,11.2,12.2,11.2,12.2,1860
SSWL,2008-09-01 00:00:00+05:30,11.6,12.2,11.4,11.8,2000
SSWL,2008-09-02 00:00:00+05:30,11.6,12.0,11.6,11.65,2500
SSWL,2008-09-04 00:00:00+05:30,11.6,11.65,11.55,11.55,1160
SSWL,2008-09-05 00:00:00+05:30,11.8,11.8,11.8,11.8,1000
SSWL,2008-09-08 00:00:00+05:30,12.0,12.4,11.7,11.7,1670
SSWL,2008-09-09 00:00:00+05:30,11.75,11.75,11.75,11.75,210
SSWL,2008-09-10 00:00:00+05:30,11.5,12.0,11.5,12.0,2110
SSWL,2008-09-11 00:00:00+05:30,11.6,12.3,11.6,11.65,2770
SSWL,2008-09-12 00:00:00+05:30,11.6,12.3,11.6,11.65,0
SSWL,2008-09-15 00:00:00+05:30,11.4,11.4,10.0,10.8,7160
SSWL,2008-09-16 00:00:00+05:30,11.4,11.4,10.0,10.8,0
SSWL,2008-09-17 00:00:00+05:30,10.0,10.6,10.0,10.45,2150
SSWL,2008-09-18 00:00:00+05:30,10.1,12.0,8.75,11.6,3818990
SSWL,2008-09-19 00:00:00+05:30,13.35,13.35,10.9,11.0,4550
SSWL,2008-09-22 00:00:00+05:30,11.75,11.75,11.75,11.75,200
SSWL,2008-09-23 00:00:00+05:30,11.75,11.75,11.75,11.75,0
SSWL,2008-09-24 00:00:00+05:30,12.4,12.4,10.9,11.25,8610
SSWL,2008-09-25 00:00:00+05:30,11.2,11.2,10.0,10.4,3750
SSWL,2008-09-26 00:00:00+05:30,11.2,11.2,10.0,10.4,0
SSWL,2008-09-29 00:00:00+05:30,10.0,10.1,9.9,10.0,4390
SSWL,2008-09-30 00:00:00+05:30,9.7,10.1,9.7,10.1,500
SSWL,2008-10-01 00:00:00+05:30,9.6,11.35,9.6,11.25,10110
SSWL,2008-10-03 00:00:00+05:30,10.7,11.85,10.7,11.2,1840
SSWL,2008-10-06 00:00:00+05:30,10.1,10.1,9.0,9.2,13970
SSWL,2008-10-07 00:00:00+05:30,10.4,10.4,8.7,8.9,13010
SSWL,2008-10-08 00:00:00+05:30,8.5,9.2,8.05,8.9,2030
SSWL,2008-10-10 00:00:00+05:30,8.45,9.4,7.6,8.7,1720
SSWL,2008-10-13 00:00:00+05:30,8.3,9.1,8.3,9.1,90
SSWL,2008-10-14 00:00:00+05:30,9.95,9.95,9.95,9.95,10
SSWL,2008-10-15 00:00:00+05:30,8.5,9.35,8.0,9.0,6980
SSWL,2008-10-16 00:00:00+05:30,9.0,9.5,9.0,9.35,3710
SSWL,2008-10-17 00:00:00+05:30,9.0,9.5,9.0,9.35,0
SSWL,2008-10-20 00:00:00+05:30,8.2,9.5,8.2,9.3,3250
SSWL,2008-10-21 00:00:00+05:30,8.35,8.8,8.3,8.8,2750
SSWL,2008-10-22 00:00:00+05:30,10.0,10.0,8.4,8.75,2090
SSWL,2008-10-23 00:00:00+05:30,7.45,8.3,7.45,8.3,460
SSWL,2008-10-24 00:00:00+05:30,7.1,7.1,7.05,7.05,1010
SSWL,2008-10-27 00:00:00+05:30,6.7,6.7,5.7,5.8,2240
SSWL,2008-10-28 00:00:00+05:30,6.4,6.5,5.0,6.2,15760
SSWL,2008-10-29 00:00:00+05:30,5.9,7.45,5.9,7.45,25520
SSWL,2008-10-31 00:00:00+05:30,7.6,8.8,6.5,8.65,24990
SSWL,2008-11-03 00:00:00+05:30,9.4,9.85,8.0,8.5,4270
SSWL,2008-11-04 00:00:00+05:30,8.1,8.75,7.4,7.5,16510
SSWL,2008-11-05 00:00:00+05:30,7.2,8.8,7.2,7.7,14490
SSWL,2008-11-06 00:00:00+05:30,8.4,8.4,7.0,8.0,38810
SSWL,2008-11-07 00:00:00+05:30,8.0,8.0,7.7,7.9,7490
SSWL,2008-11-10 00:00:00+05:30,8.0,8.0,7.3,7.95,10280
SSWL,2008-11-11 00:00:00+05:30,7.5,7.95,7.2,7.25,4570
SSWL,2008-11-12 00:00:00+05:30,7.9,7.9,6.7,7.65,8440
SSWL,2008-11-14 00:00:00+05:30,7.5,7.8,7.0,7.0,3560
SSWL,2008-11-17 00:00:00+05:30,6.7,7.4,6.7,6.85,6800
SSWL,2008-11-18 00:00:00+05:30,7.05,7.05,6.1,6.15,350
SSWL,2008-11-19 00:00:00+05:30,7.0,7.0,6.05,6.6,36000
SSWL,2008-11-20 00:00:00+05:30,6.3,6.8,5.9,6.3,4080
SSWL,2008-11-21 00:00:00+05:30,6.2,6.45,5.5,6.25,5080
SSWL,2008-11-24 00:00:00+05:30,6.0,6.8,6.0,6.25,7300
SSWL,2008-11-25 00:00:00+05:30,6.0,6.2,6.0,6.1,2040
SSWL,2008-11-26 00:00:00+05:30,5.8,5.8,5.5,5.6,2600
SSWL,2008-11-28 00:00:00+05:30,5.0,5.5,5.0,5.35,30060
SSWL,2008-12-01 00:00:00+05:30,5.1,5.8,5.1,5.5,4600
SSWL,2008-12-02 00:00:00+05:30,5.1,5.6,5.1,5.55,4320
SSWL,2008-12-03 00:00:00+05:30,5.5,5.9,5.3,5.8,5570
SSWL,2008-12-04 00:00:00+05:30,5.5,5.7,5.5,5.7,1060
SSWL,2008-12-05 00:00:00+05:30,5.2,5.65,5.2,5.65,640
SSWL,2008-12-08 00:00:00+05:30,5.65,5.65,5.25,5.4,1270
SSWL,2008-12-10 00:00:00+05:30,5.4,5.4,5.1,5.2,22090
SSWL,2008-12-11 00:00:00+05:30,5.3,5.3,5.0,5.15,33830
SSWL,2008-12-12 00:00:00+05:30,5.3,5.3,4.9,4.9,9640
SSWL,2008-12-15 00:00:00+05:30,4.7,5.25,4.7,4.95,13140
SSWL,2008-12-16 00:00:00+05:30,5.1,5.2,4.95,5.05,3600
SSWL,2008-12-17 00:00:00+05:30,5.1,5.25,5.0,5.05,4310
SSWL,2008-12-18 00:00:00+05:30,5.1,5.4,5.1,5.4,1540
SSWL,2008-12-19 00:00:00+05:30,5.35,5.9,5.35,5.5,15100
SSWL,2008-12-22 00:00:00+05:30,5.7,5.7,5.1,5.2,4780
SSWL,2008-12-23 00:00:00+05:30,5.3,5.3,4.85,4.9,22210
SSWL,2008-12-24 00:00:00+05:30,5.0,5.0,4.75,4.8,2900
SSWL,2008-12-26 00:00:00+05:30,5.2,5.2,4.5,4.7,5160
SSWL,2008-12-29 00:00:00+05:30,4.5,4.6,4.5,4.5,4160
SSWL,2008-12-30 00:00:00+05:30,5.2,5.2,4.8,4.9,6520
SSWL,2008-12-31 00:00:00+05:30,5.1,5.3,4.75,4.85,2800
SSWL,2009-01-01 00:00:00+05:30,5.1,5.1,5.0,5.05,3510
SSWL,2009-01-02 00:00:00+05:30,5.0,5.2,4.9,5.1,5590
SSWL,2009-01-05 00:00:00+05:30,4.8,5.1,4.8,4.9,4960
SSWL,2009-01-06 00:00:00+05:30,5.3,5.3,5.0,5.0,12060
SSWL,2009-01-07 00:00:00+05:30,5.0,5.0,4.1,4.75,8740
SSWL,2009-01-09 00:00:00+05:30,5.45,5.5,4.5,4.7,3370
SSWL,2009-01-12 00:00:00+05:30,5.0,5.0,5.0,5.0,100
SSWL,2009-01-13 00:00:00+05:30,4.8,5.15,4.6,4.7,2200
SSWL,2009-01-14 00:00:00+05:30,4.5,5.4,4.5,5.2,20670
SSWL,2009-01-15 00:00:00+05:30,5.25,5.25,4.8,5.05,9640
SSWL,2009-01-16 00:00:00+05:30,4.8,4.8,4.8,4.8,1000
SSWL,2009-01-19 00:00:00+05:30,5.0,5.0,4.8,4.8,1020
SSWL,2009-01-20 00:00:00+05:30,5.0,5.0,4.6,4.85,5580
SSWL,2009-01-21 00:00:00+05:30,4.4,5.0,4.4,4.6,440
SSWL,2009-01-22 00:00:00+05:30,4.1,4.6,4.0,4.5,4390
SSWL,2009-01-23 00:00:00+05:30,4.5,4.85,4.1,4.75,5200
SSWL,2009-01-27 00:00:00+05:30,4.5,4.7,4.2,4.3,13000
SSWL,2009-01-28 00:00:00+05:30,4.7,4.7,3.65,4.2,2850
SSWL,2009-01-29 00:00:00+05:30,4.7,4.7,3.65,4.2,0
SSWL,2009-01-30 00:00:00+05:30,3.75,4.2,3.75,4.15,2200
SSWL,2009-02-02 00:00:00+05:30,4.15,4.4,4.0,4.4,6370
SSWL,2009-02-03 00:00:00+05:30,4.15,4.4,4.0,4.4,0
SSWL,2009-02-04 00:00:00+05:30,3.8,4.5,3.8,4.1,4880
SSWL,2009-02-05 00:00:00+05:30,3.8,4.2,3.8,4.0,330
SSWL,2009-02-06 00:00:00+05:30,3.7,4.4,3.5,3.9,4380
SSWL,2009-02-09 00:00:00+05:30,4.0,4.4,3.95,4.0,18270
SSWL,2009-02-10 00:00:00+05:30,4.35,4.35,3.9,3.9,4230
SSWL,2009-02-11 00:00:00+05:30,4.4,4.4,3.85,3.85,5230
SSWL,2009-02-12 00:00:00+05:30,4.1,4.1,3.9,3.95,5570
SSWL,2009-02-13 00:00:00+05:30,4.1,4.5,4.0,4.15,42920
SSWL,2009-02-16 00:00:00+05:30,3.9,4.25,3.9,4.05,1490
SSWL,2009-02-17 00:00:00+05:30,3.9,3.9,3.85,3.9,7610
SSWL,2009-02-18 00:00:00+05:30,3.9,4.25,3.9,3.95,450
SSWL,2009-02-19 00:00:00+05:30,3.95,3.95,3.85,3.9,2800
SSWL,2009-02-20 00:00:00+05:30,3.8,4.2,3.8,3.9,4810
SSWL,2009-02-24 00:00:00+05:30,3.8,3.9,3.6,3.7,4260
SSWL,2009-02-25 00:00:00+05:30,4.15,4.45,3.75,4.2,17920
SSWL,2009-02-26 00:00:00+05:30,4.1,4.45,4.1,4.2,8430
SSWL,2009-02-27 00:00:00+05:30,4.15,4.4,4.15,4.2,7800
SSWL,2009-03-02 00:00:00+05:30,4.25,4.25,4.0,4.0,19850
SSWL,2009-03-03 00:00:00+05:30,3.5,4.1,3.5,4.0,2150
SSWL,2009-03-04 00:00:00+05:30,4.1,4.1,4.0,4.0,3220
SSWL,2009-03-05 00:00:00+05:30,4.2,4.2,3.8,4.1,6530
SSWL,2009-03-06 00:00:00+05:30,3.9,4.4,3.9,4.3,36880
SSWL,2009-03-09 00:00:00+05:30,4.1,4.25,3.8,4.0,20250
SSWL,2009-03-12 00:00:00+05:30,3.9,4.35,3.9,3.9,30030
SSWL,2009-03-13 00:00:00+05:30,4.2,4.25,3.85,3.9,15020
SSWL,2009-03-16 00:00:00+05:30,4.0,4.1,3.75,4.0,11000
SSWL,2009-03-17 00:00:00+05:30,4.0,4.3,3.95,4.0,8660
SSWL,2009-03-18 00:00:00+05:30,3.8,4.1,3.8,4.0,12000
SSWL,2009-03-19 00:00:00+05:30,4.15,4.2,3.9,4.0,10150
SSWL,2009-03-20 00:00:00+05:30,4.1,4.1,3.8,3.9,29540
SSWL,2009-03-23 00:00:00+05:30,4.15,4.2,3.8,3.85,29930
SSWL,2009-03-24 00:00:00+05:30,4.05,4.05,3.7,3.75,44310
SSWL,2009-03-25 00:00:00+05:30,4.0,4.0,3.75,3.8,7290
SSWL,2009-03-26 00:00:00+05:30,3.8,3.85,3.75,3.85,14360
SSWL,2009-03-27 00:00:00+05:30,4.15,4.15,3.7,3.8,42290
SSWL,2009-03-30 00:00:00+05:30,3.7,3.95,3.7,3.85,4760
SSWL,2009-03-31 00:00:00+05:30,3.75,3.8,3.75,3.8,1900
SSWL,2009-04-01 00:00:00+05:30,3.75,3.75,3.75,3.75,1150
SSWL,2009-04-02 00:00:00+05:30,3.05,4.25,3.05,4.1,72390
SSWL,2009-04-06 00:00:00+05:30,4.15,4.4,4.15,4.25,17740
SSWL,2009-04-08 00:00:00+05:30,4.2,4.65,4.2,4.55,29120
SSWL,2009-04-09 00:00:00+05:30,4.2,5.0,4.2,4.55,26500
SSWL,2009-04-13 00:00:00+05:30,4.5,4.8,4.5,4.7,17330
SSWL,2009-04-15 00:00:00+05:30,4.9,5.5,4.6,5.15,53240
SSWL,2009-04-16 00:00:00+05:30,5.8,5.8,5.0,5.05,17010
SSWL,2009-04-17 00:00:00+05:30,5.0,5.0,4.9,4.9,17150
SSWL,2009-04-20 00:00:00+05:30,4.9,5.1,4.9,4.95,10520
SSWL,2009-04-21 00:00:00+05:30,5.1,5.1,4.7,4.7,16230
SSWL,2009-04-22 00:00:00+05:30,5.2,5.2,4.7,4.75,10490
SSWL,2009-04-23 00:00:00+05:30,4.7,5.0,4.7,4.95,620
SSWL,2009-04-24 00:00:00+05:30,5.0,5.0,4.8,4.8,12400
SSWL,2009-04-27 00:00:00+05:30,4.8,4.8,4.8,4.8,3000
SSWL,2009-04-28 00:00:00+05:30,4.2,5.0,4.2,4.7,16150
SSWL,2009-04-29 00:00:00+05:30,4.7,4.7,4.55,4.65,3010
SSWL,2009-05-04 00:00:00+05:30,4.4,5.0,4.15,4.65,16490
SSWL,2009-05-05 00:00:00+05:30,4.3,4.9,4.3,4.6,6950
SSWL,2009-05-06 00:00:00+05:30,4.7,4.75,4.7,4.7,9780
SSWL,2009-05-07 00:00:00+05:30,4.95,4.95,4.8,4.8,7110
SSWL,2009-05-08 00:00:00+05:30,4.9,4.95,4.75,4.8,8480
SSWL,2009-05-11 00:00:00+05:30,4.8,4.8,4.6,4.65,1190
SSWL,2009-05-12 00:00:00+05:30,4.6,4.85,4.6,4.7,6240
SSWL,2009-05-13 00:00:00+05:30,4.7,5.0,4.7,4.8,25660
SSWL,2009-05-14 00:00:00+05:30,4.65,4.95,4.65,4.75,14500
SSWL,2009-05-15 00:00:00+05:30,4.65,4.9,4.65,4.75,17020
SSWL,2009-05-18 00:00:00+05:30,4.65,4.9,4.65,4.75,0
SSWL,2009-05-19 00:00:00+05:30,4.8,5.4,4.8,5.0,20350
SSWL,2009-05-20 00:00:00+05:30,5.2,5.7,5.2,5.5,38650
SSWL,2009-05-21 00:00:00+05:30,5.2,6.65,5.2,6.25,55770
SSWL,2009-05-22 00:00:00+05:30,6.3,6.7,6.0,6.2,28080
SSWL,2009-05-25 00:00:00+05:30,6.2,7.0,6.1,6.9,61240
SSWL,2009-05-26 00:00:00+05:30,7.0,7.1,6.7,6.7,17430
SSWL,2009-05-27 00:00:00+05:30,6.7,6.95,6.55,6.7,13270
SSWL,2009-05-28 00:00:00+05:30,6.75,6.85,6.5,6.65,8470
SSWL,2009-05-29 00:00:00+05:30,6.7,7.1,6.7,6.75,17210
SSWL,2009-06-01 00:00:00+05:30,6.8,7.2,6.65,6.7,18350
SSWL,2009-06-02 00:00:00+05:30,7.0,7.0,6.7,6.85,50700
SSWL,2009-06-03 00:00:00+05:30,7.0,7.0,6.7,6.8,14240
SSWL,2009-06-04 00:00:00+05:30,6.8,7.0,6.8,6.95,88860
SSWL,2009-06-05 00:00:00+05:30,7.15,7.15,6.7,6.8,24670
SSWL,2009-06-08 00:00:00+05:30,6.8,6.8,6.2,6.4,15170
SSWL,2009-06-09 00:00:00+05:30,6.4,6.4,6.15,6.35,28950
SSWL,2009-06-10 00:00:00+05:30,6.4,6.55,6.35,6.35,18500
SSWL,2009-06-11 00:00:00+05:30,6.2,6.6,6.2,6.25,12900
SSWL,2009-06-12 00:00:00+05:30,6.4,6.4,5.8,5.9,7620
SSWL,2009-06-15 00:00:00+05:30,6.05,6.35,5.8,5.8,3780
SSWL,2009-06-16 00:00:00+05:30,6.3,6.4,5.8,6.15,354760
SSWL,2009-06-17 00:00:00+05:30,6.3,6.3,5.7,5.7,218170
SSWL,2009-06-18 00:00:00+05:30,6.1,6.15,5.7,5.85,828030
SSWL,2009-06-19 00:00:00+05:30,6.0,6.45,5.8,6.4,302150
SSWL,2009-06-22 00:00:00+05:30,6.4,7.05,6.4,6.75,64490
SSWL,2009-06-23 00:00:00+05:30,7.05,7.2,6.7,6.9,99620
SSWL,2009-06-24 00:00:00+05:30,6.4,7.0,6.3,6.45,161080
SSWL,2009-06-25 00:00:00+05:30,6.45,6.45,6.15,6.3,24440
SSWL,2009-06-26 00:00:00+05:30,6.45,6.45,6.2,6.3,2550
SSWL,2009-06-29 00:00:00+05:30,6.25,6.55,5.8,6.1,432970
SSWL,2009-06-30 00:00:00+05:30,6.2,6.45,6.0,6.15,6930
SSWL,2009-07-01 00:00:00+05:30,6.0,6.3,5.95,6.05,11110
SSWL,2009-07-02 00:00:00+05:30,6.3,6.3,5.9,5.95,16510
SSWL,2009-07-03 00:00:00+05:30,6.25,6.25,5.8,5.9,13740
SSWL,2009-07-06 00:00:00+05:30,5.7,5.9,5.7,5.9,10160
SSWL,2009-07-07 00:00:00+05:30,5.7,5.8,5.1,5.5,20580
SSWL,2009-07-08 00:00:00+05:30,5.6,5.75,5.25,5.55,20950
SSWL,2009-07-09 00:00:00+05:30,5.4,5.7,5.4,5.4,2070
SSWL,2009-07-10 00:00:00+05:30,5.4,5.8,5.4,5.4,2500
SSWL,2009-07-13 00:00:00+05:30,5.2,5.3,5.15,5.3,3050
SSWL,2009-07-14 00:00:00+05:30,5.5,5.8,5.2,5.5,9560
SSWL,2009-07-15 00:00:00+05:30,5.5,5.8,5.5,5.8,5000
SSWL,2009-07-16 00:00:00+05:30,5.8,6.2,5.8,6.05,13690
SSWL,2009-07-17 00:00:00+05:30,6.1,6.2,5.9,6.05,38240
SSWL,2009-07-20 00:00:00+05:30,6.3,6.5,6.0,6.35,50550
SSWL,2009-07-21 00:00:00+05:30,6.3,6.45,6.2,6.4,18370
SSWL,2009-07-22 00:00:00+05:30,6.45,6.7,6.3,6.4,23850
SSWL,2009-07-23 00:00:00+05:30,6.6,6.85,6.45,6.8,33500
SSWL,2009-07-24 00:00:00+05:30,6.9,7.0,6.6,6.95,103680
SSWL,2009-07-27 00:00:00+05:30,6.85,7.15,6.25,6.3,1613760
SSWL,2009-07-28 00:00:00+05:30,6.35,6.6,6.35,6.35,933340
SSWL,2009-07-29 00:00:00+05:30,6.5,6.5,6.2,6.3,250910
SSWL,2009-07-30 00:00:00+05:30,6.1,6.45,6.1,6.4,17050
SSWL,2009-07-31 00:00:00+05:30,6.6,6.6,6.25,6.4,353670
SSWL,2009-08-03 00:00:00+05:30,6.2,6.7,6.2,6.6,96220
SSWL,2009-08-04 00:00:00+05:30,6.4,6.7,6.4,6.5,47900
SSWL,2009-08-05 00:00:00+05:30,6.65,7.3,6.55,6.65,1598610
SSWL,2009-08-06 00:00:00+05:30,6.7,7.0,6.55,6.65,588030
SSWL,2009-08-07 00:00:00+05:30,6.65,6.65,6.35,6.4,65270
SSWL,2009-08-10 00:00:00+05:30,6.5,6.5,6.15,6.3,35180
SSWL,2009-08-11 00:00:00+05:30,6.15,6.4,6.1,6.3,67040
SSWL,2009-08-12 00:00:00+05:30,6.2,6.3,6.0,6.15,26300
SSWL,2009-08-13 00:00:00+05:30,6.4,6.4,6.15,6.25,40200
SSWL,2009-08-14 00:00:00+05:30,6.2,6.2,5.7,6.1,39930
SSWL,2009-08-17 00:00:00+05:30,6.4,6.4,5.95,5.95,25810
SSWL,2009-08-18 00:00:00+05:30,5.85,6.15,5.85,6.1,9790
SSWL,2009-08-19 00:00:00+05:30,6.0,6.15,5.8,5.9,34520
SSWL,2009-08-20 00:00:00+05:30,5.95,6.15,5.85,5.95,27210
SSWL,2009-08-21 00:00:00+05:30,5.9,6.1,5.9,6.0,33490
SSWL,2009-08-24 00:00:00+05:30,6.35,6.4,6.0,6.1,55730
SSWL,2009-08-25 00:00:00+05:30,6.2,6.3,6.15,6.25,17440
SSWL,2009-08-26 00:00:00+05:30,6.45,6.5,6.2,6.4,97400
SSWL,2009-08-27 00:00:00+05:30,6.1,6.7,6.1,6.45,57340
SSWL,2009-08-28 00:00:00+05:30,6.5,6.6,6.35,6.45,23290
SSWL,2009-08-31 00:00:00+05:30,6.35,6.45,6.25,6.35,46080
SSWL,2009-09-01 00:00:00+05:30,6.6,6.6,6.2,6.3,75900
SSWL,2009-09-02 00:00:00+05:30,6.2,6.4,6.2,6.3,15250
SSWL,2009-09-03 00:00:00+05:30,6.0,6.45,6.0,6.2,9630
SSWL,2009-09-04 00:00:00+05:30,6.2,7.45,6.2,7.15,1865700
SSWL,2009-09-07 00:00:00+05:30,7.35,7.8,7.2,7.5,1865750
SSWL,2009-09-08 00:00:00+05:30,7.6,7.6,7.1,7.15,428260
SSWL,2009-09-09 00:00:00+05:30,7.15,7.65,7.05,7.25,430720
SSWL,2009-09-10 00:00:00+05:30,7.4,7.45,6.9,7.0,177740
SSWL,2009-09-11 00:00:00+05:30,7.2,7.4,6.9,7.0,310030
SSWL,2009-09-14 00:00:00+05:30,7.0,7.15,6.95,7.05,47000
SSWL,2009-09-15 00:00:00+05:30,7.0,7.35,7.0,7.15,167580
SSWL,2009-09-16 00:00:00+05:30,7.1,7.3,7.1,7.15,71270
SSWL,2009-09-17 00:00:00+05:30,7.35,7.35,7.05,7.2,170980
SSWL,2009-09-18 00:00:00+05:30,7.15,7.35,7.1,7.3,135450
SSWL,2009-09-22 00:00:00+05:30,7.35,8.75,7.3,8.45,1703510
SSWL,2009-09-23 00:00:00+05:30,8.85,10.15,8.85,10.1,7443880
SSWL,2009-09-24 00:00:00+05:30,9.9,10.3,9.5,9.7,3825520
SSWL,2009-09-25 00:00:00+05:30,9.55,10.65,9.4,10.2,1942470
SSWL,2009-09-29 00:00:00+05:30,9.9,10.65,9.9,10.1,665830
SSWL,2009-09-30 00:00:00+05:30,10.15,10.2,9.85,10.05,330120
SSWL,2009-10-01 00:00:00+05:30,10.1,10.25,9.35,9.5,267730
SSWL,2009-10-05 00:00:00+05:30,10.2,10.2,9.0,9.05,296460
SSWL,2009-10-06 00:00:00+05:30,8.7,8.7,8.6,8.6,20380
SSWL,2009-10-07 00:00:00+05:30,8.6,9.05,8.2,8.85,110470
SSWL,2009-10-08 00:00:00+05:30,8.9,9.15,8.5,9.0,29490
SSWL,2009-10-09 00:00:00+05:30,9.1,9.15,8.7,8.7,50560
SSWL,2009-10-12 00:00:00+05:30,8.6,8.9,8.45,8.65,32620
SSWL,2009-10-14 00:00:00+05:30,8.5,9.05,8.5,9.0,44580
SSWL,2009-10-15 00:00:00+05:30,9.2,9.2,8.9,8.95,25710
SSWL,2009-10-16 00:00:00+05:30,8.65,9.4,8.65,9.2,53380
SSWL,2009-10-20 00:00:00+05:30,9.05,9.4,9.05,9.15,11860
SSWL,2009-10-21 00:00:00+05:30,9.0,9.2,8.8,9.0,28180
SSWL,2009-10-22 00:00:00+05:30,8.85,9.1,8.8,8.8,17710
SSWL,2009-10-23 00:00:00+05:30,8.8,9.0,8.6,8.75,21850
SSWL,2009-10-26 00:00:00+05:30,8.65,8.8,8.4,8.6,43730
SSWL,2009-10-27 00:00:00+05:30,8.6,9.0,8.25,8.5,46940
SSWL,2009-10-28 00:00:00+05:30,8.4,8.75,8.2,8.7,29360
SSWL,2009-10-29 00:00:00+05:30,8.6,8.6,8.25,8.45,31370
SSWL,2009-10-30 00:00:00+05:30,8.3,8.75,8.2,8.25,24620
SSWL,2009-11-03 00:00:00+05:30,7.85,8.2,7.85,7.9,38650
SSWL,2009-11-04 00:00:00+05:30,8.0,8.0,7.8,7.85,11900
SSWL,2009-11-05 00:00:00+05:30,8.0,8.0,7.6,8.0,18930
SSWL,2009-11-06 00:00:00+05:30,8.05,8.25,7.95,8.0,32050
SSWL,2009-11-09 00:00:00+05:30,7.9,8.4,7.8,8.4,10490
SSWL,2009-11-10 00:00:00+05:30,8.8,8.85,8.75,8.85,28360
SSWL,2009-11-11 00:00:00+05:30,9.1,9.3,9.0,9.25,76560
SSWL,2009-11-12 00:00:00+05:30,8.9,9.75,8.9,9.75,113530
SSWL,2009-11-13 00:00:00+05:30,9.9,10.2,9.8,10.2,184980
SSWL,2009-11-16 00:00:00+05:30,10.2,10.4,9.7,10.0,45530
SSWL,2009-11-17 00:00:00+05:30,10.0,10.2,9.8,10.0,43030
SSWL,2009-11-18 00:00:00+05:30,10.0,10.2,9.85,9.85,48570
SSWL,2009-11-19 00:00:00+05:30,9.8,10.35,9.4,9.8,112160
SSWL,2009-11-20 00:00:00+05:30,10.0,10.0,9.4,9.7,77610
SSWL,2009-11-23 00:00:00+05:30,10.05,10.05,9.55,9.95,10950
SSWL,2009-11-24 00:00:00+05:30,9.7,10.25,9.7,9.85,24630
SSWL,2009-11-25 00:00:00+05:30,9.95,10.2,9.95,10.0,150940
SSWL,2009-11-26 00:00:00+05:30,10.0,10.0,9.8,9.85,25960
SSWL,2009-11-27 00:00:00+05:30,9.45,9.7,9.4,9.65,16950
SSWL,2009-11-30 00:00:00+05:30,9.7,10.0,9.7,9.9,10250
SSWL,2009-12-01 00:00:00+05:30,10.2,10.3,9.8,10.15,28680
SSWL,2009-12-02 00:00:00+05:30,10.2,10.25,9.85,9.9,39760
SSWL,2009-12-03 00:00:00+05:30,9.6,10.2,9.45,10.1,51580
SSWL,2009-12-04 00:00:00+05:30,9.9,10.1,9.85,9.95,120870
SSWL,2009-12-07 00:00:00+05:30,9.85,9.9,9.8,9.8,17280
SSWL,2009-12-08 00:00:00+05:30,9.6,10.0,9.6,9.9,14500
SSWL,2009-12-09 00:00:00+05:30,9.8,10.0,9.8,9.95,9600
SSWL,2009-12-10 00:00:00+05:30,9.8,10.25,9.8,10.1,27580
SSWL,2009-12-11 00:00:00+05:30,10.0,10.2,10.0,10.0,29640
SSWL,2009-12-14 00:00:00+05:30,9.9,10.05,9.8,9.8,4960
SSWL,2009-12-15 00:00:00+05:30,9.8,9.9,9.65,9.8,10790
SSWL,2009-12-16 00:00:00+05:30,9.7,9.8,9.7,9.8,15150
SSWL,2009-12-17 00:00:00+05:30,9.7,9.8,9.65,9.65,9000
SSWL,2009-12-18 00:00:00+05:30,9.6,9.7,9.6,9.65,4540
SSWL,2009-12-21 00:00:00+05:30,9.8,9.95,9.65,9.65,16550
SSWL,2009-12-22 00:00:00+05:30,9.55,9.8,9.55,9.6,13950
SSWL,2009-12-23 00:00:00+05:30,9.7,9.85,9.6,9.6,11550
SSWL,2009-12-24 00:00:00+05:30,9.6,9.95,9.5,9.6,15980
SSWL,2009-12-29 00:00:00+05:30,9.6,9.9,9.6,9.8,5060
SSWL,2009-12-30 00:00:00+05:30,9.7,9.7,9.7,9.7,10600
SSWL,2009-12-31 00:00:00+05:30,9.75,10.0,9.75,9.9,12780
SSWL,2010-01-04 00:00:00+05:30,9.8,10.4,9.8,10.4,105460
SSWL,2010-01-05 00:00:00+05:30,10.5,10.9,10.5,10.7,128710
SSWL,2010-01-06 00:00:00+05:30,10.45,11.25,10.3,11.25,259580
SSWL,2010-01-07 00:00:00+05:30,11.8,11.8,11.8,11.8,142260
SSWL,2010-01-08 00:00:00+05:30,12.5,12.5,10.9,11.3,270430
SSWL,2010-01-11 00:00:00+05:30,11.4,11.9,11.2,11.3,71570
SSWL,2010-01-12 00:00:00+05:30,11.2,11.8,11.2,11.25,44570
SSWL,2010-01-13 00:00:00+05:30,11.25,11.5,10.9,11.4,39220
SSWL,2010-01-14 00:00:00+05:30,11.2,11.9,11.2,11.6,72950
SSWL,2010-01-15 00:00:00+05:30,11.6,11.9,11.6,11.75,80610
SSWL,2010-01-18 00:00:00+05:30,11.65,11.7,11.5,11.55,16010
SSWL,2010-01-19 00:00:00+05:30,11.55,11.75,11.55,11.65,18720
SSWL,2010-01-20 00:00:00+05:30,11.6,11.6,11.4,11.55,13660
SSWL,2010-01-21 00:00:00+05:30,11.25,11.5,11.2,11.25,25540
SSWL,2010-01-22 00:00:00+05:30,10.7,11.2,10.7,11.15,32200
SSWL,2010-01-25 00:00:00+05:30,11.2,11.4,11.0,11.05,39990
SSWL,2010-01-27 00:00:00+05:30,10.5,11.1,10.5,10.9,30430
SSWL,2010-01-28 00:00:00+05:30,11.0,11.0,10.9,10.9,2510
SSWL,2010-01-29 00:00:00+05:30,10.2,10.8,10.15,10.8,17120
SSWL,2010-02-01 00:00:00+05:30,10.9,11.45,10.35,10.5,161910
SSWL,2010-02-02 00:00:00+05:30,10.5,10.7,10.3,10.4,63330
SSWL,2010-02-03 00:00:00+05:30,10.75,11.4,10.75,11.0,39540
SSWL,2010-02-04 00:00:00+05:30,11.1,11.15,10.5,10.9,6570
SSWL,2010-02-05 00:00:00+05:30,10.1,10.65,9.9,10.15,60160
SSWL,2010-02-08 00:00:00+05:30,10.2,10.85,10.2,10.35,12070
SSWL,2010-02-09 00:00:00+05:30,10.35,10.35,10.35,10.35,10
SSWL,2010-02-10 00:00:00+05:30,11.2,11.2,10.2,10.3,27090
SSWL,2010-02-11 00:00:00+05:30,10.7,10.7,10.3,10.3,7850
SSWL,2010-02-15 00:00:00+05:30,10.35,10.35,10.3,10.3,3250
SSWL,2010-02-16 00:00:00+05:30,10.35,10.35,10.3,10.3,0
SSWL,2010-02-17 00:00:00+05:30,10.4,10.55,10.25,10.25,11100
SSWL,2010-02-18 00:00:00+05:30,10.2,10.5,10.2,10.3,11530
SSWL,2010-02-19 00:00:00+05:30,10.1,10.4,9.7,9.8,75560
SSWL,2010-02-22 00:00:00+05:30,10.3,10.3,9.75,9.9,14670
SSWL,2010-02-23 00:00:00+05:30,9.8,10.7,9.75,9.9,543650
SSWL,2010-02-24 00:00:00+05:30,9.95,10.0,9.8,9.85,30580
SSWL,2010-02-25 00:00:00+05:30,10.2,10.2,9.7,9.9,28920
SSWL,2010-02-26 00:00:00+05:30,9.8,10.05,9.8,10.0,13400
SSWL,2010-03-02 00:00:00+05:30,10.1,10.8,9.85,10.45,61180
SSWL,2010-03-03 00:00:00+05:30,10.5,10.95,10.2,10.35,48910
SSWL,2010-03-04 00:00:00+05:30,10.25,10.7,10.25,10.4,20610
SSWL,2010-03-05 00:00:00+05:30,9.7,10.65,9.7,10.55,15990
SSWL,2010-03-08 00:00:00+05:30,10.8,10.8,10.6,10.65,17840
SSWL,2010-03-09 00:00:00+05:30,10.8,11.8,10.8,11.35,213200
SSWL,2010-03-10 00:00:00+05:30,10.4,11.5,10.4,11.2,20940
SSWL,2010-03-11 00:00:00+05:30,10.3,11.4,10.3,11.0,6240
SSWL,2010-03-12 00:00:00+05:30,10.3,11.2,10.3,10.75,15100
SSWL,2010-03-15 00:00:00+05:30,12.8,12.8,10.3,10.5,11770
SSWL,2010-03-16 00:00:00+05:30,11.1,11.1,10.4,10.6,13710
SSWL,2010-03-17 00:00:00+05:30,10.35,11.75,10.35,11.1,1124940
SSWL,2010-03-18 00:00:00+05:30,11.25,11.6,10.9,11.15,231820
SSWL,2010-03-19 00:00:00+05:30,11.35,11.35,10.6,10.8,36260
SSWL,2010-03-22 00:00:00+05:30,10.75,11.45,10.55,10.95,296860
SSWL,2010-03-23 00:00:00+05:30,11.3,11.3,10.75,10.85,49130
SSWL,2010-03-25 00:00:00+05:30,11.15,11.15,10.9,11.0,22050
SSWL,2010-03-26 00:00:00+05:30,11.1,12.0,10.9,11.35,539990
SSWL,2010-03-29 00:00:00+05:30,11.75,11.75,11.2,11.4,35230
SSWL,2010-03-30 00:00:00+05:30,11.55,12.45,11.5,11.95,209850
SSWL,2010-03-31 00:00:00+05:30,12.1,12.6,11.75,11.8,62560
SSWL,2010-04-01 00:00:00+05:30,11.6,12.8,11.6,12.65,203080
SSWL,2010-04-05 00:00:00+05:30,12.9,15.15,12.8,15.15,2546000
SSWL,2010-04-06 00:00:00+05:30,15.6,16.3,14.2,14.3,1203720
SSWL,2010-04-07 00:00:00+05:30,14.3,15.3,13.5,14.6,1852310
SSWL,2010-04-08 00:00:00+05:30,14.6,15.2,14.4,14.8,354110
SSWL,2010-04-09 00:00:00+05:30,15.0,15.15,14.6,14.85,161210
SSWL,2010-04-12 00:00:00+05:30,15.0,15.6,14.4,14.95,1815400
SSWL,2010-04-13 00:00:00+05:30,15.25,15.4,14.25,14.55,257230
SSWL,2010-04-15 00:00:00+05:30,15.0,15.0,14.0,14.05,87200
SSWL,2010-04-16 00:00:00+05:30,13.9,15.45,13.9,14.7,1083840
SSWL,2010-04-19 00:00:00+05:30,13.8,15.0,13.5,14.45,106620
SSWL,2010-04-20 00:00:00+05:30,14.7,15.15,14.7,14.9,152660
SSWL,2010-04-21 00:00:00+05:30,15.0,15.2,14.6,14.85,83130
SSWL,2010-04-22 00:00:00+05:30,14.6,15.15,14.6,14.9,52900
SSWL,2010-04-23 00:00:00+05:30,15.0,15.15,14.8,14.95,70750
SSWL,2010-04-26 00:00:00+05:30,15.15,15.2,14.85,14.9,41590
SSWL,2010-04-27 00:00:00+05:30,14.8,15.1,14.8,14.95,31280
SSWL,2010-04-28 00:00:00+05:30,14.75,14.85,14.5,14.65,39610
SSWL,2010-04-29 00:00:00+05:30,15.1,15.1,14.6,14.6,24470
SSWL,2010-04-30 00:00:00+05:30,14.9,15.1,14.65,14.75,61650
SSWL,2010-05-03 00:00:00+05:30,14.8,15.45,14.6,14.75,404570
SSWL,2010-05-04 00:00:00+05:30,14.95,15.0,14.3,14.55,40430
SSWL,2010-05-05 00:00:00+05:30,13.3,15.1,13.3,14.45,131850
SSWL,2010-05-06 00:00:00+05:30,14.4,14.75,14.4,14.45,22340
SSWL,2010-05-07 00:00:00+05:30,13.3,14.45,13.3,14.05,27960
SSWL,2010-05-10 00:00:00+05:30,14.25,14.6,14.2,14.5,37790
SSWL,2010-05-11 00:00:00+05:30,14.65,14.65,14.2,14.3,15450
SSWL,2010-05-12 00:00:00+05:30,14.05,15.45,14.05,14.75,264660
SSWL,2010-05-13 00:00:00+05:30,15.15,15.6,14.8,14.85,563450
SSWL,2010-05-14 00:00:00+05:30,15.2,15.25,14.6,14.8,69180
SSWL,2010-05-17 00:00:00+05:30,15.3,15.3,14.3,14.45,29040
SSWL,2010-05-18 00:00:00+05:30,14.5,14.5,14.2,14.35,21330
SSWL,2010-05-19 00:00:00+05:30,14.55,14.6,13.9,13.95,21550
SSWL,2010-05-20 00:00:00+05:30,15.45,15.45,13.9,13.95,75800
SSWL,2010-05-21 00:00:00+05:30,13.6,14.5,13.4,13.75,35120
SSWL,2010-05-24 00:00:00+05:30,14.4,14.4,13.4,13.55,79000
SSWL,2010-05-25 00:00:00+05:30,13.45,14.0,12.9,13.05,102750
SSWL,2010-05-26 00:00:00+05:30,13.8,13.8,13.15,13.55,26070
SSWL,2010-05-27 00:00:00+05:30,13.1,13.7,13.0,13.45,24020
SSWL,2010-05-28 00:00:00+05:30,13.65,13.8,13.4,13.4,60600
SSWL,2010-05-31 00:00:00+05:30,13.15,13.6,13.15,13.4,33390
SSWL,2010-06-01 00:00:00+05:30,13.5,14.05,13.3,13.45,22070
SSWL,2010-06-02 00:00:00+05:30,13.6,14.2,13.5,14.0,160420
SSWL,2010-06-03 00:00:00+05:30,14.0,14.75,14.0,14.4,84790
SSWL,2010-06-04 00:00:00+05:30,14.3,14.65,14.3,14.45,50430
SSWL,2010-06-07 00:00:00+05:30,14.0,15.1,13.8,14.4,318820
SSWL,2010-06-08 00:00:00+05:30,14.3,14.9,14.3,14.45,43880
SSWL,2010-06-09 00:00:00+05:30,14.7,14.7,14.35,14.4,14320
SSWL,2010-06-10 00:00:00+05:30,14.2,14.65,14.2,14.45,15780
SSWL,2010-06-11 00:00:00+05:30,14.5,14.85,14.1,14.3,47370
SSWL,2010-06-14 00:00:00+05:30,14.25,14.7,14.25,14.4,16620
SSWL,2010-06-15 00:00:00+05:30,14.2,15.0,14.2,14.45,70310
SSWL,2010-06-16 00:00:00+05:30,14.7,14.8,14.35,14.4,44330
SSWL,2010-06-17 00:00:00+05:30,14.3,14.8,14.3,14.5,42790
SSWL,2010-06-18 00:00:00+05:30,14.55,15.85,14.4,15.1,469480
SSWL,2010-06-21 00:00:00+05:30,15.45,15.6,15.35,15.5,93660
SSWL,2010-06-22 00:00:00+05:30,15.25,16.0,15.25,15.5,206440
SSWL,2010-06-23 00:00:00+05:30,15.55,15.55,14.7,15.05,92440
SSWL,2010-06-24 00:00:00+05:30,15.4,15.5,15.1,15.4,56040
SSWL,2010-06-25 00:00:00+05:30,15.2,15.5,15.1,15.35,47740
SSWL,2010-06-28 00:00:00+05:30,15.4,16.0,15.25,15.75,132140
SSWL,2010-06-29 00:00:00+05:30,15.6,16.65,15.5,16.2,910210
SSWL,2010-06-30 00:00:00+05:30,16.05,17.8,16.05,17.35,406770
SSWL,2010-07-01 00:00:00+05:30,17.35,18.1,16.7,17.0,356430
SSWL,2010-07-02 00:00:00+05:30,17.4,17.5,15.85,16.45,559880
SSWL,2010-07-05 00:00:00+05:30,16.4,16.7,16.1,16.5,129350
SSWL,2010-07-06 00:00:00+05:30,16.8,17.4,16.35,17.15,152190
SSWL,2010-07-07 00:00:00+05:30,17.6,17.7,16.9,17.05,129370
SSWL,2010-07-08 00:00:00+05:30,17.2,18.5,17.2,17.9,874970
SSWL,2010-07-09 00:00:00+05:30,18.05,20.65,17.7,19.55,4774750
SSWL,2010-07-12 00:00:00+05:30,19.65,21.0,19.6,19.8,3117540
SSWL,2010-07-13 00:00:00+05:30,19.9,20.4,19.85,20.1,655820
SSWL,2010-07-14 00:00:00+05:30,20.15,20.7,18.5,19.15,511860
SSWL,2010-07-15 00:00:00+05:30,19.2,19.7,18.65,19.25,413990
SSWL,2010-07-16 00:00:00+05:30,19.05,20.1,19.05,19.85,292540
SSWL,2010-07-19 00:00:00+05:30,19.7,20.45,19.7,20.0,485410
SSWL,2010-07-20 00:00:00+05:30,20.45,20.95,19.2,20.7,1913150
SSWL,2010-07-21 00:00:00+05:30,21.2,21.2,20.5,20.55,777240
SSWL,2010-07-22 00:00:00+05:30,20.45,21.7,20.2,21.2,2571220
SSWL,2010-07-23 00:00:00+05:30,21.3,21.9,21.0,21.25,1092410
SSWL,2010-07-26 00:00:00+05:30,21.5,21.8,20.35,20.5,516230
SSWL,2010-07-27 00:00:00+05:30,20.75,20.85,20.1,20.25,221570
SSWL,2010-07-28 00:00:00+05:30,20.4,21.75,20.25,21.45,1263710
SSWL,2010-07-29 00:00:00+05:30,21.4,22.5,20.9,21.55,2259110
SSWL,2010-07-30 00:00:00+05:30,21.7,22.0,21.1,21.6,1844780
SSWL,2010-08-02 00:00:00+05:30,21.8,22.45,21.3,21.8,1027940
SSWL,2010-08-03 00:00:00+05:30,21.8,22.15,21.45,21.55,320630
SSWL,2010-08-04 00:00:00+05:30,21.55,21.75,21.1,21.25,195440
SSWL,2010-08-05 00:00:00+05:30,21.1,21.4,20.5,20.95,458950
SSWL,2010-08-06 00:00:00+05:30,20.95,21.2,20.6,20.65,115030
SSWL,2010-08-09 00:00:00+05:30,20.65,21.55,20.4,21.35,357910
SSWL,2010-08-10 00:00:00+05:30,21.3,21.4,20.75,20.95,207640
SSWL,2010-08-11 00:00:00+05:30,20.7,21.3,20.5,20.7,114580
SSWL,2010-08-12 00:00:00+05:30,20.3,20.9,20.3,20.7,66090
SSWL,2010-08-13 00:00:00+05:30,20.5,21.2,20.5,21.0,152770
SSWL,2010-08-16 00:00:00+05:30,21.0,21.5,20.8,21.0,219410
SSWL,2010-08-17 00:00:00+05:30,21.05,21.75,21.0,21.55,200190
SSWL,2010-08-18 00:00:00+05:30,21.2,22.6,21.2,21.95,1311830
SSWL,2010-08-19 00:00:00+05:30,22.5,24.2,22.4,23.5,2433080
SSWL,2010-08-20 00:00:00+05:30,23.6,23.9,23.2,23.35,559050
SSWL,2010-08-23 00:00:00+05:30,23.35,23.9,22.6,23.35,295940
SSWL,2010-08-24 00:00:00+05:30,23.7,23.8,23.35,23.4,198600
SSWL,2010-08-25 00:00:00+05:30,23.3,23.7,22.6,22.85,381330
SSWL,2010-08-26 00:00:00+05:30,22.8,23.0,22.35,22.5,145120
SSWL,2010-08-27 00:00:00+05:30,22.25,23.6,22.25,22.55,290760
SSWL,2010-08-30 00:00:00+05:30,23.35,23.35,22.7,22.8,178880
SSWL,2010-08-31 00:00:00+05:30,22.5,23.0,22.4,22.5,97570
SSWL,2010-09-01 00:00:00+05:30,22.6,24.35,22.6,24.15,785300
SSWL,2010-09-02 00:00:00+05:30,24.6,24.8,23.8,24.4,1102700
SSWL,2010-09-03 00:00:00+05:30,23.9,26.5,23.9,25.65,2876190
SSWL,2010-09-06 00:00:00+05:30,25.65,26.75,25.65,26.2,887590
SSWL,2010-09-07 00:00:00+05:30,26.05,26.3,25.5,25.6,331910
SSWL,2010-09-08 00:00:00+05:30,25.2,26.6,24.7,25.7,660850
SSWL,2010-09-09 00:00:00+05:30,26.15,26.95,25.6,26.35,1589370
SSWL,2010-09-13 00:00:00+05:30,26.0,27.4,26.0,27.15,1821410
SSWL,2010-09-14 00:00:00+05:30,27.05,27.4,26.15,26.65,656070
SSWL,2010-09-15 00:00:00+05:30,26.5,27.1,26.15,26.3,168900
SSWL,2010-09-16 00:00:00+05:30,26.2,26.5,25.7,26.05,158010
SSWL,2010-09-17 00:00:00+05:30,26.05,26.6,25.8,25.95,68880
SSWL,2010-09-20 00:00:00+05:30,26.4,27.95,26.0,27.55,2380200
SSWL,2010-09-21 00:00:00+05:30,28.0,28.0,26.3,27.0,679270
SSWL,2010-09-22 00:00:00+05:30,26.3,27.4,26.1,26.4,150460
SSWL,2010-09-23 00:00:00+05:30,26.5,26.9,26.2,26.4,127280
SSWL,2010-09-24 00:00:00+05:30,26.8,27.0,26.2,26.7,139170
SSWL,2010-09-27 00:00:00+05:30,26.7,27.25,26.45,26.85,187970
SSWL,2010-09-28 00:00:00+05:30,26.9,30.25,26.85,28.55,4153840
SSWL,2010-09-29 00:00:00+05:30,29.0,30.5,28.7,28.9,3116490
SSWL,2010-09-30 00:00:00+05:30,29.05,29.7,28.65,28.9,718610
SSWL,2010-10-01 00:00:00+05:30,29.0,30.4,29.0,29.9,1437180
SSWL,2010-10-04 00:00:00+05:30,30.1,30.25,29.3,29.45,421690
SSWL,2010-10-05 00:00:00+05:30,29.6,29.6,29.15,29.4,224870
SSWL,2010-10-06 00:00:00+05:30,29.8,29.95,28.8,29.0,209660
SSWL,2010-10-07 00:00:00+05:30,29.0,29.7,28.2,28.35,307280
SSWL,2010-10-08 00:00:00+05:30,28.7,29.7,28.7,29.2,1638320
SSWL,2010-10-11 00:00:00+05:30,29.8,29.8,29.0,29.2,1162460
SSWL,2010-10-12 00:00:00+05:30,28.9,29.6,28.9,29.35,246950
SSWL,2010-10-13 00:00:00+05:30,29.7,31.2,29.4,30.7,1312200
SSWL,2010-10-14 00:00:00+05:30,31.2,32.5,30.9,31.55,1243040
SSWL,2010-10-15 00:00:00+05:30,31.7,32.3,31.0,31.1,417130
SSWL,2010-10-18 00:00:00+05:30,31.5,34.3,31.4,33.75,1753110
SSWL,2010-10-19 00:00:00+05:30,34.1,39.5,34.1,37.4,9319390
SSWL,2010-10-20 00:00:00+05:30,41.0,43.75,36.5,37.25,1956380
SSWL,2010-10-21 00:00:00+05:30,37.7,40.0,36.0,39.15,4128870
SSWL,2010-10-22 00:00:00+05:30,41.0,42.0,39.55,40.15,3401390
SSWL,2010-10-25 00:00:00+05:30,38.3,42.6,37.2,41.0,2594810
SSWL,2010-10-26 00:00:00+05:30,41.35,41.8,40.1,40.3,744360
SSWL,2010-10-27 00:00:00+05:30,40.65,46.5,40.65,45.95,8087580
SSWL,2010-10-28 00:00:00+05:30,46.75,46.8,43.0,44.6,5779120
SSWL,2010-10-29 00:00:00+05:30,45.5,46.0,36.3,41.65,5803740
SSWL,2010-11-01 00:00:00+05:30,41.8,43.2,40.5,41.6,2627280
SSWL,2010-11-02 00:00:00+05:30,42.4,42.4,40.8,40.95,660430
SSWL,2010-11-03 00:00:00+05:30,41.5,41.7,40.1,40.35,713750
SSWL,2010-11-04 00:00:00+05:30,36.25,40.75,36.25,39.85,719150
SSWL,2010-11-05 00:00:00+05:30,40.3,41.8,40.05,40.9,281560
SSWL,2010-11-08 00:00:00+05:30,41.9,42.5,40.1,41.8,1172360
SSWL,2010-11-09 00:00:00+05:30,42.0,42.2,41.05,41.7,489350
SSWL,2010-11-10 00:00:00+05:30,41.75,42.5,40.8,41.05,496120
SSWL,2010-11-11 00:00:00+05:30,41.1,41.5,40.1,40.25,290370
SSWL,2010-11-12 00:00:00+05:30,40.2,40.4,37.6,38.05,362490
SSWL,2010-11-15 00:00:00+05:30,39.0,40.3,38.2,39.8,1117400
SSWL,2010-11-16 00:00:00+05:30,40.15,40.3,38.0,39.0,1368330
SSWL,2010-11-18 00:00:00+05:30,39.5,39.9,36.85,39.65,711470
SSWL,2010-11-19 00:00:00+05:30,39.1,40.7,38.2,38.5,1432110
SSWL,2010-11-22 00:00:00+05:30,38.95,40.7,38.65,40.45,1302290
SSWL,2010-11-23 00:00:00+05:30,39.4,41.4,38.5,40.55,1012710
SSWL,2010-11-24 00:00:00+05:30,38.05,42.4,38.05,41.25,2711050
SSWL,2010-11-25 00:00:00+05:30,41.8,42.0,40.2,40.6,594340
SSWL,2010-11-26 00:00:00+05:30,40.95,41.45,38.0,38.65,566710
SSWL,2010-11-29 00:00:00+05:30,40.0,40.3,38.2,39.0,271380
SSWL,2010-11-30 00:00:00+05:30,39.0,39.4,38.5,38.85,190430
SSWL,2010-12-01 00:00:00+05:30,39.3,39.75,38.7,38.95,301890
SSWL,2010-12-02 00:00:00+05:30,39.5,40.3,39.1,39.4,338770
SSWL,2010-12-03 00:00:00+05:30,39.9,39.9,32.55,35.0,1928890
SSWL,2010-12-06 00:00:00+05:30,35.6,37.95,34.9,36.15,1189260
SSWL,2010-12-07 00:00:00+05:30,37.0,37.45,36.1,36.75,640480
SSWL,2010-12-08 00:00:00+05:30,36.1,36.9,34.7,35.15,929380
SSWL,2010-12-09 00:00:00+05:30,35.7,36.0,32.2,33.25,648420
SSWL,2010-12-10 00:00:00+05:30,33.5,36.0,31.4,35.7,893240
SSWL,2010-12-13 00:00:00+05:30,36.1,38.4,34.75,36.05,3042980
SSWL,2010-12-14 00:00:00+05:30,36.2,37.1,35.7,36.05,801420
SSWL,2010-12-15 00:00:00+05:30,36.15,36.35,34.3,34.75,234050
SSWL,2010-12-16 00:00:00+05:30,35.0,35.5,33.4,33.7,289290
SSWL,2010-12-20 00:00:00+05:30,34.0,35.6,33.0,34.35,430010
SSWL,2010-12-21 00:00:00+05:30,35.1,35.1,33.9,34.05,125080
SSWL,2010-12-22 00:00:00+05:30,34.2,34.8,33.5,33.8,86750
SSWL,2010-12-23 00:00:00+05:30,34.0,34.3,33.05,33.3,205210
SSWL,2010-12-24 00:00:00+05:30,33.1,33.6,32.6,33.05,193090
SSWL,2010-12-27 00:00:00+05:30,33.5,33.5,32.3,32.35,182120
SSWL,2010-12-28 00:00:00+05:30,32.6,32.9,31.4,31.7,462490
SSWL,2010-12-29 00:00:00+05:30,32.2,32.2,31.55,31.7,200510
SSWL,2010-12-30 00:00:00+05:30,31.6,33.7,31.25,33.0,548590
SSWL,2010-12-31 00:00:00+05:30,32.7,34.2,32.2,33.7,354190
SSWL,2011-01-03 00:00:00+05:30,34.2,35.2,33.8,34.9,790680
SSWL,2011-01-04 00:00:00+05:30,35.8,36.3,35.3,35.45,474470
SSWL,2011-01-05 00:00:00+05:30,35.45,35.6,33.9,34.65,181920
SSWL,2011-01-06 00:00:00+05:30,35.1,35.45,33.3,33.65,357270
SSWL,2011-01-07 00:00:00+05:30,33.5,33.6,31.7,32.05,155570
SSWL,2011-01-10 00:00:00+05:30,32.5,32.5,30.5,30.8,217270
SSWL,2011-01-11 00:00:00+05:30,31.0,32.0,30.1,30.4,131540
SSWL,2011-01-12 00:00:00+05:30,30.75,32.0,30.2,31.6,236470
SSWL,2011-01-13 00:00:00+05:30,31.7,32.35,30.7,30.95,162560
SSWL,2011-01-14 00:00:00+05:30,31.55,32.35,30.0,30.45,339860
SSWL,2011-01-17 00:00:00+05:30,29.2,32.0,29.2,30.55,617740
SSWL,2011-01-18 00:00:00+05:30,30.6,31.4,30.4,30.65,162930
SSWL,2011-01-19 00:00:00+05:30,31.3,31.3,30.1,30.3,97460
SSWL,2011-01-20 00:00:00+05:30,30.0,30.6,29.7,29.85,119600
SSWL,2011-01-21 00:00:00+05:30,30.0,30.4,29.55,29.75,56610
SSWL,2011-01-24 00:00:00+05:30,29.8,31.0,29.8,30.5,127760
SSWL,2011-01-25 00:00:00+05:30,30.8,31.2,30.2,30.5,132320
SSWL,2011-01-27 00:00:00+05:30,30.65,30.7,29.7,29.85,98910
SSWL,2011-01-28 00:00:00+05:30,29.0,29.9,27.2,28.4,198090
SSWL,2011-01-31 00:00:00+05:30,27.8,28.4,27.0,27.55,196200
SSWL,2011-02-01 00:00:00+05:30,27.8,28.9,27.1,27.45,278550
SSWL,2011-02-02 00:00:00+05:30,28.0,28.8,27.5,27.8,205910
SSWL,2011-02-03 00:00:00+05:30,27.8,29.6,27.4,29.25,255760
SSWL,2011-02-04 00:00:00+05:30,29.5,29.5,27.75,28.1,151530
SSWL,2011-02-07 00:00:00+05:30,28.1,29.0,27.55,27.8,93130
SSWL,2011-02-08 00:00:00+05:30,28.0,28.1,26.2,26.35,110000
SSWL,2011-02-09 00:00:00+05:30,26.1,26.1,21.8,22.15,411750
SSWL,2011-02-10 00:00:00+05:30,22.05,23.35,21.0,22.75,669060
SSWL,2011-02-11 00:00:00+05:30,23.2,23.8,22.5,23.6,115670
SSWL,2011-02-14 00:00:00+05:30,23.8,26.2,23.8,25.9,164690
SSWL,2011-02-15 00:00:00+05:30,26.45,29.9,26.1,27.2,167950
SSWL,2011-02-16 00:00:00+05:30,25.1,29.15,25.1,28.95,204830
SSWL,2011-02-17 00:00:00+05:30,28.6,29.9,28.6,29.55,130570
SSWL,2011-02-18 00:00:00+05:30,28.7,29.75,26.8,27.5,258550
SSWL,2011-02-21 00:00:00+05:30,27.6,28.0,26.3,27.15,104980
SSWL,2011-02-22 00:00:00+05:30,27.0,27.8,26.6,27.55,171690
SSWL,2011-02-23 00:00:00+05:30,27.75,27.75,26.8,27.2,175440
SSWL,2011-02-24 00:00:00+05:30,27.3,27.3,24.8,25.25,277280
SSWL,2011-02-25 00:00:00+05:30,25.6,25.9,24.5,25.05,176840
SSWL,2011-02-28 00:00:00+05:30,24.3,25.8,24.3,25.3,203960
SSWL,2011-03-01 00:00:00+05:30,25.2,27.3,25.2,27.1,359420
SSWL,2011-03-03 00:00:00+05:30,27.1,28.55,26.6,27.4,743490
SSWL,2011-03-04 00:00:00+05:30,27.5,28.6,26.65,26.95,275280
SSWL,2011-03-07 00:00:00+05:30,26.5,26.65,25.8,26.0,247830
SSWL,2011-03-08 00:00:00+05:30,26.65,26.65,25.7,26.05,244830
SSWL,2011-03-09 00:00:00+05:30,26.2,26.6,25.85,26.3,209830
SSWL,2011-03-10 00:00:00+05:30,26.3,26.3,25.1,25.65,177740
SSWL,2011-03-11 00:00:00+05:30,25.4,25.7,24.75,25.0,199310
SSWL,2011-03-14 00:00:00+05:30,25.0,25.3,23.1,24.45,247310
SSWL,2011-03-15 00:00:00+05:30,23.7,23.75,23.1,23.25,94610
SSWL,2011-03-16 00:00:00+05:30,23.3,24.0,23.3,23.5,58740
SSWL,2011-03-17 00:00:00+05:30,23.65,23.9,23.1,23.3,53020
SSWL,2011-03-18 00:00:00+05:30,23.5,23.95,23.1,23.2,68290
SSWL,2011-03-21 00:00:00+05:30,23.25,24.2,22.65,23.05,77430
SSWL,2011-03-22 00:00:00+05:30,23.25,23.8,23.1,23.15,51590
SSWL,2011-03-23 00:00:00+05:30,22.8,24.8,22.8,23.75,181500
SSWL,2011-03-24 00:00:00+05:30,23.8,25.4,23.8,24.25,228340
SSWL,2011-03-25 00:00:00+05:30,24.25,24.8,24.0,24.3,72550
SSWL,2011-03-28 00:00:00+05:30,24.15,24.6,23.3,23.5,98400
SSWL,2011-03-29 00:00:00+05:30,23.2,23.7,22.7,22.85,150400
SSWL,2011-03-30 00:00:00+05:30,22.9,27.0,22.9,26.55,1786580
SSWL,2011-03-31 00:00:00+05:30,26.7,27.9,25.2,25.6,515690
SSWL,2011-04-01 00:00:00+05:30,25.5,28.7,25.2,27.65,1207560
SSWL,2011-04-04 00:00:00+05:30,28.0,31.2,27.7,30.35,2338490
SSWL,2011-04-05 00:00:00+05:30,30.95,34.0,30.9,32.45,3763340
SSWL,2011-04-06 00:00:00+05:30,32.75,33.65,31.6,32.7,2409830
SSWL,2011-04-07 00:00:00+05:30,33.5,33.5,31.8,32.15,772970
SSWL,2011-04-08 00:00:00+05:30,32.45,33.3,31.9,32.75,1586390
SSWL,2011-04-11 00:00:00+05:30,32.4,32.8,31.5,31.8,238580
SSWL,2011-04-13 00:00:00+05:30,30.85,31.8,30.7,31.45,278140
SSWL,2011-04-15 00:00:00+05:30,31.2,31.8,30.5,30.8,238060
SSWL,2011-04-18 00:00:00+05:30,31.0,31.4,29.55,29.75,284790
SSWL,2011-04-19 00:00:00+05:30,29.2,29.9,28.8,29.1,161390
SSWL,2011-04-20 00:00:00+05:30,29.6,31.9,29.35,31.55,1303070
SSWL,2011-04-21 00:00:00+05:30,31.9,32.75,30.9,32.0,1192180
SSWL,2011-04-25 00:00:00+05:30,32.2,32.2,31.1,31.35,185000
SSWL,2011-04-26 00:00:00+05:30,31.5,31.5,30.7,30.95,117350
SSWL,2011-04-27 00:00:00+05:30,31.1,31.8,30.6,30.85,129830
SSWL,2011-04-28 00:00:00+05:30,31.0,31.3,29.5,29.75,371860
SSWL,2011-04-29 00:00:00+05:30,29.95,31.5,29.9,30.35,444990
SSWL,2011-05-02 00:00:00+05:30,30.4,31.3,29.8,30.05,780550
SSWL,2011-05-03 00:00:00+05:30,30.0,30.75,29.05,29.35,217830
SSWL,2011-05-04 00:00:00+05:30,29.45,29.65,28.3,28.55,182380
SSWL,2011-05-05 00:00:00+05:30,28.65,29.5,27.8,28.0,327830
SSWL,2011-05-06 00:00:00+05:30,28.4,28.8,27.5,27.75,284840
SSWL,2011-05-09 00:00:00+05:30,27.7,28.35,27.55,27.65,105230
SSWL,2011-05-10 00:00:00+05:30,27.7,28.2,26.8,27.9,108580
SSWL,2011-05-11 00:00:00+05:30,28.0,28.9,27.7,28.25,242900
SSWL,2011-05-12 00:00:00+05:30,28.2,28.7,27.5,27.6,80970
SSWL,2011-05-13 00:00:00+05:30,27.7,28.35,27.6,27.8,100500
SSWL,2011-05-16 00:00:00+05:30,27.5,28.0,27.35,27.45,60650
SSWL,2011-05-17 00:00:00+05:30,27.5,27.85,26.7,26.9,96510
SSWL,2011-05-18 00:00:00+05:30,27.0,27.65,26.15,26.35,339560
SSWL,2011-05-19 00:00:00+05:30,26.5,26.5,25.7,25.9,94450
SSWL,2011-05-20 00:00:00+05:30,26.0,26.5,25.95,26.25,72050
SSWL,2011-05-23 00:00:00+05:30,26.5,26.5,25.7,25.85,75080
SSWL,2011-05-24 00:00:00+05:30,25.9,26.1,25.05,25.3,102780
SSWL,2011-05-25 00:00:00+05:30,25.2,25.25,24.6,24.95,56330
SSWL,2011-05-26 00:00:00+05:30,25.0,25.75,24.8,24.95,84860
SSWL,2011-05-27 00:00:00+05:30,25.1,25.7,25.05,25.45,114800
SSWL,2011-05-30 00:00:00+05:30,25.8,26.6,25.8,26.1,179560
SSWL,2011-05-31 00:00:00+05:30,26.3,26.9,26.1,26.5,183690
SSWL,2011-06-01 00:00:00+05:30,26.8,26.8,25.6,25.75,265420
SSWL,2011-06-02 00:00:00+05:30,25.5,25.8,24.85,25.15,270650
SSWL,2011-06-03 00:00:00+05:30,25.8,26.3,25.4,25.55,157840
SSWL,2011-06-06 00:00:00+05:30,25.2,25.7,25.0,25.2,185600
SSWL,2011-06-07 00:00:00+05:30,25.0,29.5,25.0,28.75,2421310
SSWL,2011-06-08 00:00:00+05:30,29.1,30.4,28.6,29.35,3425220
SSWL,2011-06-09 00:00:00+05:30,29.45,29.8,28.5,28.6,689410
SSWL,2011-06-10 00:00:00+05:30,28.8,28.8,26.9,27.1,426760
SSWL,2011-06-13 00:00:00+05:30,26.85,27.4,26.25,26.8,346060
SSWL,2011-06-14 00:00:00+05:30,26.9,27.2,26.4,26.7,163990
SSWL,2011-06-15 00:00:00+05:30,26.7,27.8,26.6,27.0,432170
SSWL,2011-06-16 00:00:00+05:30,27.2,27.2,26.5,26.6,123020
SSWL,2011-06-17 00:00:00+05:30,26.8,26.9,25.85,26.05,116920
SSWL,2011-06-20 00:00:00+05:30,26.05,26.2,24.3,25.2,139750
SSWL,2011-06-21 00:00:00+05:30,25.1,26.5,25.1,25.3,130040
SSWL,2011-06-22 00:00:00+05:30,25.6,25.6,24.8,24.9,93850
SSWL,2011-06-23 00:00:00+05:30,24.85,25.8,24.55,24.9,157190
SSWL,2011-06-24 00:00:00+05:30,25.2,25.8,25.05,25.65,115570
SSWL,2011-06-27 00:00:00+05:30,25.2,26.2,25.2,26.05,106430
SSWL,2011-06-28 00:00:00+05:30,25.65,27.3,25.65,26.95,332320
SSWL,2011-06-29 00:00:00+05:30,27.5,27.6,26.75,26.9,126750
SSWL,2011-06-30 00:00:00+05:30,26.85,27.15,26.3,26.65,35730
SSWL,2011-07-01 00:00:00+05:30,27.3,27.35,26.3,26.85,295870
SSWL,2011-07-04 00:00:00+05:30,27.2,31.0,26.85,29.9,5347080
SSWL,2011-07-05 00:00:00+05:30,30.3,30.3,28.65,28.85,1189280
SSWL,2011-07-06 00:00:00+05:30,28.9,29.15,28.1,28.2,247480
SSWL,2011-07-07 00:00:00+05:30,29.0,29.55,27.65,28.6,619650
SSWL,2011-07-08 00:00:00+05:30,28.75,29.3,28.1,28.15,246150
SSWL,2011-07-11 00:00:00+05:30,28.2,28.8,27.6,28.05,242090
SSWL,2011-07-12 00:00:00+05:30,27.0,28.1,27.0,27.5,119340
SSWL,2011-07-13 00:00:00+05:30,27.65,28.3,27.65,27.8,149300
SSWL,2011-07-14 00:00:00+05:30,27.8,28.5,27.8,27.95,288430
SSWL,2011-07-15 00:00:00+05:30,28.1,28.5,27.8,27.9,214310
SSWL,2011-07-18 00:00:00+05:30,28.1,29.3,28.0,28.95,2275960
SSWL,2011-07-19 00:00:00+05:30,29.3,29.8,28.8,29.0,1018910
SSWL,2011-07-20 00:00:00+05:30,29.4,29.4,28.25,28.45,471560
SSWL,2011-07-21 00:00:00+05:30,28.2,28.8,27.9,28.05,530020
SSWL,2011-07-22 00:00:00+05:30,28.25,28.55,28.0,28.1,215340
SSWL,2011-07-25 00:00:00+05:30,28.0,29.45,28.0,28.8,469770
SSWL,2011-07-26 00:00:00+05:30,29.15,29.15,27.9,28.05,146720
SSWL,2011-07-27 00:00:00+05:30,28.5,28.5,27.5,27.8,104750
SSWL,2011-07-28 00:00:00+05:30,27.65,28.3,27.05,27.7,139340
SSWL,2011-07-29 00:00:00+05:30,27.7,28.15,27.1,27.35,64610
SSWL,2011-08-01 00:00:00+05:30,27.4,29.0,27.4,28.3,376910
SSWL,2011-08-02 00:00:00+05:30,28.0,28.45,27.5,27.6,79950
SSWL,2011-08-03 00:00:00+05:30,27.5,28.05,26.7,27.65,302840
SSWL,2011-08-04 00:00:00+05:30,27.7,28.6,27.25,27.95,216680
SSWL,2011-08-05 00:00:00+05:30,27.15,27.15,25.3,26.55,238910
SSWL,2011-08-08 00:00:00+05:30,25.55,26.9,25.05,26.25,163680
SSWL,2011-08-09 00:00:00+05:30,25.15,27.5,25.15,26.85,206580
SSWL,2011-08-10 00:00:00+05:30,27.9,28.9,27.0,27.85,221340
SSWL,2011-08-11 00:00:00+05:30,26.85,28.25,26.85,27.55,87900
SSWL,2011-08-12 00:00:00+05:30,27.7,28.1,27.0,27.05,62430
SSWL,2011-08-16 00:00:00+05:30,27.2,27.95,26.3,26.55,137470
SSWL,2011-08-17 00:00:00+05:30,27.0,28.0,26.2,27.15,95090
SSWL,2011-08-18 00:00:00+05:30,27.3,27.5,25.8,26.0,105060
SSWL,2011-08-19 00:00:00+05:30,25.7,26.1,25.1,25.55,104840
SSWL,2011-08-22 00:00:00+05:30,25.35,25.8,25.1,25.55,74820
SSWL,2011-08-23 00:00:00+05:30,25.6,26.5,25.6,26.05,115660
SSWL,2011-08-24 00:00:00+05:30,25.75,26.5,25.7,25.8,34940
SSWL,2011-08-25 00:00:00+05:30,25.05,26.15,25.05,25.4,41090
SSWL,2011-08-26 00:00:00+05:30,25.1,25.8,24.8,24.9,47130
SSWL,2011-08-29 00:00:00+05:30,25.2,26.2,25.2,25.7,121200
SSWL,2011-08-30 00:00:00+05:30,25.95,26.15,25.25,25.35,94080
SSWL,2011-09-02 00:00:00+05:30,25.5,26.35,25.3,25.45,164020
SSWL,2011-09-05 00:00:00+05:30,25.1,25.5,25.0,25.1,58300
SSWL,2011-09-06 00:00:00+05:30,25.0,25.4,24.7,24.9,118500
SSWL,2011-09-07 00:00:00+05:30,25.1,26.5,25.1,25.45,233550
SSWL,2011-09-08 00:00:00+05:30,25.7,25.75,25.3,25.5,61930
SSWL,2011-09-09 00:00:00+05:30,25.2,25.6,24.95,25.05,55640
SSWL,2011-09-12 00:00:00+05:30,24.2,25.0,24.2,24.5,46890
SSWL,2011-09-13 00:00:00+05:30,24.55,25.0,24.25,24.4,53970
SSWL,2011-09-14 00:00:00+05:30,24.3,24.8,24.0,24.15,54400
SSWL,2011-09-15 00:00:00+05:30,24.0,24.65,24.0,24.4,49560
SSWL,2011-09-16 00:00:00+05:30,24.4,24.7,24.15,24.4,35210
SSWL,2011-09-19 00:00:00+05:30,24.5,24.9,24.0,24.1,35030
SSWL,2011-09-20 00:00:00+05:30,24.1,24.8,24.0,24.35,35450
SSWL,2011-09-21 00:00:00+05:30,24.5,24.7,24.1,24.25,36470
SSWL,2011-09-22 00:00:00+05:30,23.55,24.25,23.5,23.65,33280
SSWL,2011-09-23 00:00:00+05:30,22.55,24.0,22.0,22.95,93590
SSWL,2011-09-26 00:00:00+05:30,22.5,22.9,21.6,21.95,66300
SSWL,2011-09-27 00:00:00+05:30,22.0,22.85,22.0,22.6,88950
SSWL,2011-09-28 00:00:00+05:30,22.45,22.6,21.5,21.95,113440
SSWL,2011-09-29 00:00:00+05:30,21.25,22.5,21.25,21.8,133780
SSWL,2011-09-30 00:00:00+05:30,21.25,22.4,21.25,21.7,246360
SSWL,2011-10-03 00:00:00+05:30,21.1,21.9,21.1,21.25,58780
SSWL,2011-10-04 00:00:00+05:30,21.1,22.1,20.55,21.35,81500
SSWL,2011-10-05 00:00:00+05:30,21.3,22.9,21.05,22.3,246350
SSWL,2011-10-07 00:00:00+05:30,22.5,23.3,22.1,22.45,86850
SSWL,2011-10-10 00:00:00+05:30,21.65,22.5,21.65,22.05,40710
SSWL,2011-10-11 00:00:00+05:30,22.05,22.6,22.05,22.25,39760
SSWL,2011-10-12 00:00:00+05:30,22.4,22.7,22.15,22.45,41150
SSWL,2011-10-13 00:00:00+05:30,21.65,22.7,21.65,22.1,36470
SSWL,2011-10-14 00:00:00+05:30,22.0,23.0,22.0,22.75,38380
SSWL,2011-10-17 00:00:00+05:30,22.0,23.4,22.0,22.85,50010
SSWL,2011-10-18 00:00:00+05:30,22.2,22.75,21.8,22.25,23250
SSWL,2011-10-19 00:00:00+05:30,22.4,22.65,22.0,22.05,49300
SSWL,2011-10-20 00:00:00+05:30,21.75,22.0,21.5,21.65,51050
SSWL,2011-10-21 00:00:00+05:30,21.55,22.4,21.55,21.75,36550
SSWL,2011-10-24 00:00:00+05:30,23.0,23.0,21.75,21.8,21060
SSWL,2011-10-25 00:00:00+05:30,21.9,22.1,21.8,21.95,20130
SSWL,2011-10-28 00:00:00+05:30,22.8,23.7,22.5,22.9,554330
SSWL,2011-10-31 00:00:00+05:30,22.4,22.55,22.0,22.05,114920
SSWL,2011-11-01 00:00:00+05:30,22.0,23.0,21.6,22.4,221030
SSWL,2011-11-02 00:00:00+05:30,22.2,22.7,22.1,22.25,62350
SSWL,2011-11-03 00:00:00+05:30,22.3,22.4,22.0,22.1,18630
SSWL,2011-11-04 00:00:00+05:30,22.8,23.5,22.15,22.25,27070
SSWL,2011-11-08 00:00:00+05:30,22.1,22.2,21.8,21.85,55590
SSWL,2011-11-09 00:00:00+05:30,22.0,22.1,21.35,21.55,51240
SSWL,2011-11-11 00:00:00+05:30,21.5,21.6,20.85,21.0,41320
SSWL,2011-11-14 00:00:00+05:30,21.0,21.2,20.2,20.35,55210
SSWL,2011-11-15 00:00:00+05:30,20.3,20.4,18.65,19.05,72440
SSWL,2011-11-16 00:00:00+05:30,18.1,19.85,17.6,18.85,102340
SSWL,2011-11-17 00:00:00+05:30,18.85,19.5,18.2,18.9,68210
SSWL,2011-11-18 00:00:00+05:30,18.2,18.35,17.35,17.7,123080
SSWL,2011-11-21 00:00:00+05:30,17.5,17.8,16.5,16.7,42500
SSWL,2011-11-22 00:00:00+05:30,17.0,17.45,16.7,17.0,34430
SSWL,2011-11-23 00:00:00+05:30,16.8,16.9,15.85,16.25,39240
SSWL,2011-11-24 00:00:00+05:30,16.4,16.9,16.05,16.55,24940
SSWL,2011-11-25 00:00:00+05:30,16.2,17.0,16.2,16.65,34770
SSWL,2011-11-28 00:00:00+05:30,16.5,17.4,16.25,17.1,57970
SSWL,2011-11-29 00:00:00+05:30,18.9,18.9,17.2,17.45,41290
SSWL,2011-11-30 00:00:00+05:30,17.1,17.7,16.55,17.0,46090
SSWL,2011-12-01 00:00:00+05:30,17.7,20.15,17.25,18.75,4603000
SSWL,2011-12-02 00:00:00+05:30,18.5,18.5,17.45,17.75,525210
SSWL,2011-12-05 00:00:00+05:30,17.8,20.9,17.8,20.55,2855500
SSWL,2011-12-07 00:00:00+05:30,19.6,24.1,19.6,23.45,6807560
SSWL,2011-12-08 00:00:00+05:30,23.35,25.3,22.5,22.95,8271510
SSWL,2011-12-09 00:00:00+05:30,20.85,23.15,20.85,21.95,1370550
SSWL,2011-12-12 00:00:00+05:30,22.05,23.15,21.3,21.65,771390
SSWL,2011-12-13 00:00:00+05:30,21.3,21.65,20.0,20.5,560810
SSWL,2011-12-14 00:00:00+05:30,20.5,21.9,19.75,20.55,2055470
SSWL,2011-12-15 00:00:00+05:30,20.05,21.25,19.75,20.6,1014400
SSWL,2011-12-16 00:00:00+05:30,20.6,21.4,19.25,19.55,478160
SSWL,2011-12-19 00:00:00+05:30,19.0,19.85,17.7,18.2,610950
SSWL,2011-12-20 00:00:00+05:30,18.2,18.45,17.4,17.55,494170
SSWL,2011-12-21 00:00:00+05:30,18.2,18.3,17.6,17.85,226050
SSWL,2011-12-22 00:00:00+05:30,17.6,18.2,17.55,17.95,253670
SSWL,2011-12-23 00:00:00+05:30,17.8,19.0,17.8,18.2,371830
SSWL,2011-12-26 00:00:00+05:30,18.65,19.4,18.0,18.7,620050
SSWL,2011-12-27 00:00:00+05:30,18.7,19.2,18.3,18.6,205800
SSWL,2011-12-28 00:00:00+05:30,18.4,18.8,18.0,18.2,156170
SSWL,2011-12-29 00:00:00+05:30,17.8,18.4,17.5,17.65,212100
SSWL,2011-12-30 00:00:00+05:30,17.5,19.4,17.5,19.05,1834020
SSWL,2012-01-02 00:00:00+05:30,19.2,20.15,18.85,19.5,1368240
SSWL,2012-01-03 00:00:00+05:30,19.6,21.05,19.2,19.8,672700
SSWL,2012-01-04 00:00:00+05:30,19.9,20.75,19.65,20.0,382270
SSWL,2012-01-05 00:00:00+05:30,20.15,20.5,19.65,19.9,289840
SSWL,2012-01-06 00:00:00+05:30,19.8,20.4,19.55,19.7,305470
SSWL,2012-01-09 00:00:00+05:30,19.3,20.0,19.05,19.5,227170
SSWL,2012-01-10 00:00:00+05:30,19.6,20.85,19.45,20.35,646140
SSWL,2012-01-11 00:00:00+05:30,20.45,22.0,20.4,20.75,477950
SSWL,2012-01-12 00:00:00+05:30,20.85,21.4,20.4,20.6,224910
SSWL,2012-01-13 00:00:00+05:30,20.75,21.45,20.4,20.55,224180
SSWL,2012-01-16 00:00:00+05:30,20.3,21.05,20.15,20.75,177970
SSWL,2012-01-17 00:00:00+05:30,20.7,21.8,20.7,21.2,363310
SSWL,2012-01-18 00:00:00+05:30,21.2,21.8,20.4,20.65,267860
SSWL,2012-01-19 00:00:00+05:30,20.8,21.2,20.6,20.7,210560
SSWL,2012-01-20 00:00:00+05:30,20.8,21.5,20.7,20.85,440290
SSWL,2012-01-23 00:00:00+05:30,20.85,21.2,20.6,20.75,181590
SSWL,2012-01-24 00:00:00+05:30,20.7,21.25,20.65,20.75,253520
SSWL,2012-01-25 00:00:00+05:30,20.85,21.2,20.5,20.8,107060
SSWL,2012-01-27 00:00:00+05:30,21.0,21.3,20.7,21.1,240520
SSWL,2012-01-30 00:00:00+05:30,20.85,21.3,20.6,20.7,84080
SSWL,2012-01-31 00:00:00+05:30,20.85,21.3,20.8,21.0,150600
SSWL,2012-02-01 00:00:00+05:30,20.9,22.4,20.9,21.65,472850
SSWL,2012-02-02 00:00:00+05:30,21.7,22.25,21.25,21.35,318410
SSWL,2012-02-03 00:00:00+05:30,21.45,21.95,21.25,21.6,135850
SSWL,2012-02-06 00:00:00+05:30,21.75,22.65,21.75,22.15,456210
SSWL,2012-02-07 00:00:00+05:30,22.05,22.4,21.25,21.4,191050
SSWL,2012-02-08 00:00:00+05:30,21.45,22.15,21.35,21.65,228020
SSWL,2012-02-09 00:00:00+05:30,21.55,22.2,21.55,21.95,148600
SSWL,2012-02-10 00:00:00+05:30,21.9,22.4,21.75,21.9,149000
SSWL,2012-02-13 00:00:00+05:30,21.7,24.7,21.7,23.35,1972630
SSWL,2012-02-14 00:00:00+05:30,23.4,24.6,22.5,23.7,1599050
SSWL,2012-02-15 00:00:00+05:30,24.2,24.4,23.3,23.55,249120
SSWL,2012-02-16 00:00:00+05:30,23.3,23.9,23.15,23.45,179690
SSWL,2012-02-17 00:00:00+05:30,23.55,24.3,23.3,23.9,420390
SSWL,2012-02-21 00:00:00+05:30,24.0,24.0,23.25,23.4,69530
SSWL,2012-02-22 00:00:00+05:30,23.35,23.65,21.6,21.9,99630
SSWL,2012-02-23 00:00:00+05:30,21.9,22.35,21.5,21.85,116090
SSWL,2012-02-24 00:00:00+05:30,21.9,24.0,21.35,23.0,669830
SSWL,2012-02-27 00:00:00+05:30,22.65,22.75,21.3,21.45,92030
SSWL,2012-02-28 00:00:00+05:30,21.75,23.1,21.65,22.45,146150
SSWL,2012-02-29 00:00:00+05:30,22.65,23.5,22.3,22.75,150140
SSWL,2012-03-01 00:00:00+05:30,22.85,23.95,22.85,23.35,675960
SSWL,2012-03-02 00:00:00+05:30,23.5,23.55,22.7,22.8,121880
SSWL,2012-03-05 00:00:00+05:30,22.65,22.9,22.1,22.25,56160
SSWL,2012-03-06 00:00:00+05:30,22.2,22.75,21.85,22.0,92280
SSWL,2012-03-07 00:00:00+05:30,22.0,22.7,21.65,22.05,165000
SSWL,2012-03-09 00:00:00+05:30,22.35,22.9,22.2,22.3,127030
SSWL,2012-03-12 00:00:00+05:30,22.45,22.65,22.25,22.4,36420
SSWL,2012-03-13 00:00:00+05:30,22.5,23.8,22.4,23.2,300530
SSWL,2012-03-14 00:00:00+05:30,23.45,23.8,22.7,22.85,63260
SSWL,2012-03-15 00:00:00+05:30,22.6,22.8,22.05,22.35,51530
SSWL,2012-03-16 00:00:00+05:30,22.0,22.7,22.0,22.2,46780
SSWL,2012-03-19 00:00:00+05:30,22.25,22.35,21.5,21.7,57180
SSWL,2012-03-20 00:00:00+05:30,21.65,22.2,21.25,21.3,92840
SSWL,2012-03-21 00:00:00+05:30,21.2,21.5,21.2,21.35,145240
SSWL,2012-03-22 00:00:00+05:30,21.45,22.8,21.3,22.45,336950
SSWL,2012-03-23 00:00:00+05:30,23.5,24.15,22.35,22.65,2428970
SSWL,2012-03-26 00:00:00+05:30,22.8,23.0,21.7,21.9,167860
SSWL,2012-03-27 00:00:00+05:30,22.05,22.3,20.85,21.35,210260
SSWL,2012-03-28 00:00:00+05:30,21.3,21.65,21.1,21.3,105040
SSWL,2012-03-29 00:00:00+05:30,21.15,21.8,20.7,21.6,133920
SSWL,2012-03-30 00:00:00+05:30,21.25,21.8,20.55,21.0,201510
SSWL,2012-04-02 00:00:00+05:30,21.2,21.95,21.05,21.55,168920
SSWL,2012-04-03 00:00:00+05:30,21.55,22.45,21.55,22.0,458470
SSWL,2012-04-04 00:00:00+05:30,21.7,22.1,21.6,21.65,70840
SSWL,2012-04-09 00:00:00+05:30,21.25,22.2,21.2,21.4,130980
SSWL,2012-04-10 00:00:00+05:30,21.5,21.8,21.05,21.55,57800
SSWL,2012-04-11 00:00:00+05:30,21.1,21.6,21.1,21.3,54170
SSWL,2012-04-12 00:00:00+05:30,21.25,22.1,21.25,21.6,321470
SSWL,2012-04-13 00:00:00+05:30,21.65,21.95,21.25,21.35,65010
SSWL,2012-04-16 00:00:00+05:30,21.3,21.75,21.15,21.4,42400
SSWL,2012-04-17 00:00:00+05:30,21.4,21.8,21.25,21.6,49830
SSWL,2012-04-18 00:00:00+05:30,21.5,21.85,21.5,21.6,51540
SSWL,2012-04-19 00:00:00+05:30,21.7,21.85,21.45,21.6,43590
SSWL,2012-04-20 00:00:00+05:30,21.5,21.85,21.3,21.4,39190
SSWL,2012-04-23 00:00:00+05:30,21.6,21.6,20.8,20.95,61770
SSWL,2012-04-24 00:00:00+05:30,20.9,21.25,20.85,21.0,38100
SSWL,2012-04-25 00:00:00+05:30,20.9,21.3,20.65,20.75,38860
SSWL,2012-04-26 00:00:00+05:30,20.95,21.15,20.5,20.7,36680
SSWL,2012-04-27 00:00:00+05:30,20.85,21.1,20.55,20.85,27560
SSWL,2012-04-30 00:00:00+05:30,21.55,23.1,21.4,22.05,787290
SSWL,2012-05-02 00:00:00+05:30,22.15,22.85,21.65,22.05,646210
SSWL,2012-05-03 00:00:00+05:30,21.95,22.5,21.6,21.75,131200
SSWL,2012-05-04 00:00:00+05:30,21.65,21.8,20.45,20.55,99650
SSWL,2012-05-07 00:00:00+05:30,20.2,21.2,20.0,20.95,108210
SSWL,2012-05-08 00:00:00+05:30,21.05,21.2,20.2,20.3,43290
SSWL,2012-05-09 00:00:00+05:30,20.2,20.5,20.1,20.2,37470
SSWL,2012-05-10 00:00:00+05:30,20.35,20.7,19.2,19.5,69820
SSWL,2012-05-11 00:00:00+05:30,19.45,20.0,19.2,19.55,80020
SSWL,2012-05-14 00:00:00+05:30,19.4,19.9,19.0,19.15,42840
SSWL,2012-05-15 00:00:00+05:30,18.9,19.05,18.5,18.65,76290
SSWL,2012-05-16 00:00:00+05:30,18.1,18.4,17.6,17.8,118160
SSWL,2012-05-17 00:00:00+05:30,17.95,18.4,17.85,18.05,38940
SSWL,2012-05-18 00:00:00+05:30,17.6,18.2,17.4,17.85,52200
SSWL,2012-05-21 00:00:00+05:30,17.6,18.6,17.6,17.95,31190
SSWL,2012-05-22 00:00:00+05:30,18.2,18.35,17.6,17.8,24120
SSWL,2012-05-23 00:00:00+05:30,17.3,17.85,17.3,17.7,13580
SSWL,2012-05-24 00:00:00+05:30,17.4,18.55,17.4,18.1,86740
SSWL,2012-05-25 00:00:00+05:30,18.1,18.4,18.1,18.25,34330
SSWL,2012-05-28 00:00:00+05:30,18.3,19.3,18.3,19.05,121290
SSWL,2012-05-29 00:00:00+05:30,19.3,19.8,19.1,19.55,144400
SSWL,2012-05-30 00:00:00+05:30,20.0,20.0,18.7,19.1,454330
SSWL,2012-05-31 00:00:00+05:30,18.75,19.5,18.75,19.2,67350
SSWL,2012-06-01 00:00:00+05:30,19.05,19.3,18.3,18.5,44740
SSWL,2012-06-04 00:00:00+05:30,18.0,19.1,17.8,18.85,209350
SSWL,2012-06-05 00:00:00+05:30,19.0,19.5,18.6,18.8,127010
SSWL,2012-06-06 00:00:00+05:30,18.7,19.1,18.7,18.9,52110
SSWL,2012-06-07 00:00:00+05:30,18.9,19.2,18.75,18.85,54710
SSWL,2012-06-08 00:00:00+05:30,18.95,19.1,18.75,18.85,21910
SSWL,2012-06-11 00:00:00+05:30,18.9,19.3,18.7,18.85,59920
SSWL,2012-06-12 00:00:00+05:30,18.65,20.4,18.6,19.65,172190
SSWL,2012-06-13 00:00:00+05:30,20.0,20.0,19.0,19.1,47920
SSWL,2012-06-14 00:00:00+05:30,19.3,19.5,18.6,18.8,33310
SSWL,2012-06-15 00:00:00+05:30,19.0,19.1,18.75,18.8,30620
SSWL,2012-06-18 00:00:00+05:30,19.05,19.05,18.45,18.55,32930
SSWL,2012-06-19 00:00:00+05:30,18.6,18.6,18.3,18.5,14440
SSWL,2012-06-20 00:00:00+05:30,18.9,18.9,18.5,18.65,21080
SSWL,2012-06-21 00:00:00+05:30,18.7,18.8,18.4,18.6,47790
SSWL,2012-06-22 00:00:00+05:30,18.4,18.9,18.4,18.45,10590
SSWL,2012-06-25 00:00:00+05:30,18.5,18.9,18.45,18.5,22320
SSWL,2012-06-26 00:00:00+05:30,18.4,18.8,18.3,18.35,28420
SSWL,2012-06-27 00:00:00+05:30,18.65,18.65,18.35,18.35,4450
SSWL,2012-06-28 00:00:00+05:30,18.5,18.6,18.25,18.4,46840
SSWL,2012-06-29 00:00:00+05:30,18.7,18.9,18.45,18.6,85010
SSWL,2012-07-02 00:00:00+05:30,18.9,19.3,18.65,19.0,71130
SSWL,2012-07-03 00:00:00+05:30,19.2,19.2,18.75,18.8,25620
SSWL,2012-07-04 00:00:00+05:30,18.8,20.7,18.8,19.35,252250
SSWL,2012-07-05 00:00:00+05:30,19.5,19.95,19.2,19.3,39970
SSWL,2012-07-06 00:00:00+05:30,19.3,19.35,19.0,19.05,37930
SSWL,2012-07-09 00:00:00+05:30,19.05,19.45,18.8,18.9,23760
SSWL,2012-07-10 00:00:00+05:30,18.9,20.2,18.7,19.7,651010
SSWL,2012-07-11 00:00:00+05:30,20.0,20.0,19.25,19.4,65020
SSWL,2012-07-12 00:00:00+05:30,19.7,19.7,19.0,19.1,51910
SSWL,2012-07-13 00:00:00+05:30,19.0,19.6,18.85,19.0,22300
SSWL,2012-07-16 00:00:00+05:30,19.6,19.6,18.5,18.6,36570
SSWL,2012-07-17 00:00:00+05:30,19.4,19.6,18.55,18.65,45380
SSWL,2012-07-18 00:00:00+05:30,18.6,18.9,18.5,18.65,22720
SSWL,2012-07-19 00:00:00+05:30,18.8,18.85,18.4,18.6,24270
SSWL,2012-07-20 00:00:00+05:30,18.8,18.8,18.4,18.45,13770
SSWL,2012-07-23 00:00:00+05:30,18.4,18.4,17.45,17.85,118170
SSWL,2012-07-24 00:00:00+05:30,17.95,18.2,17.5,17.85,52220
SSWL,2012-07-25 00:00:00+05:30,17.7,17.9,17.6,17.7,25350
SSWL,2012-07-26 00:00:00+05:30,18.0,18.0,17.4,17.6,34310
SSWL,2012-07-27 00:00:00+05:30,17.65,17.8,17.0,17.15,34210
SSWL,2012-07-30 00:00:00+05:30,16.6,17.8,16.6,17.2,63990
SSWL,2012-07-31 00:00:00+05:30,18.7,18.7,17.0,17.1,25730
SSWL,2012-08-01 00:00:00+05:30,17.3,17.6,17.1,17.2,33750
SSWL,2012-08-02 00:00:00+05:30,17.3,17.5,17.3,17.4,15380
SSWL,2012-08-03 00:00:00+05:30,17.3,17.4,17.0,17.05,22820
SSWL,2012-08-06 00:00:00+05:30,17.25,17.5,17.0,17.2,35140
SSWL,2012-08-07 00:00:00+05:30,17.3,17.4,17.1,17.15,41390
SSWL,2012-08-08 00:00:00+05:30,17.5,17.5,16.85,17.05,45860
SSWL,2012-08-09 00:00:00+05:30,17.2,17.3,16.85,16.9,25790
SSWL,2012-08-10 00:00:00+05:30,17.05,17.05,16.7,16.8,20070
SSWL,2012-08-13 00:00:00+05:30,17.0,17.0,16.2,16.65,63340
SSWL,2012-08-14 00:00:00+05:30,16.7,17.2,16.7,17.05,37210
SSWL,2012-08-16 00:00:00+05:30,16.85,17.2,16.85,17.0,18980
SSWL,2012-08-17 00:00:00+05:30,16.5,17.2,16.5,16.65,45400
SSWL,2012-08-21 00:00:00+05:30,16.65,17.4,16.65,16.95,48810
SSWL,2012-08-22 00:00:00+05:30,16.85,17.2,16.7,16.9,13110
SSWL,2012-08-23 00:00:00+05:30,16.4,17.2,16.35,16.5,33320
SSWL,2012-08-24 00:00:00+05:30,16.3,19.7,16.1,18.8,538790
SSWL,2012-08-27 00:00:00+05:30,19.5,20.6,18.75,19.05,1238320
SSWL,2012-08-28 00:00:00+05:30,19.05,19.3,17.75,18.1,185490
SSWL,2012-08-29 00:00:00+05:30,17.55,18.0,17.5,17.7,73750
SSWL,2012-08-30 00:00:00+05:30,17.5,18.15,17.2,17.55,98600
SSWL,2012-08-31 00:00:00+05:30,17.4,17.8,16.9,17.05,70670
SSWL,2012-09-03 00:00:00+05:30,16.3,17.4,16.3,17.0,76490
SSWL,2012-09-04 00:00:00+05:30,17.1,19.6,17.1,18.9,830310
SSWL,2012-09-05 00:00:00+05:30,18.9,19.95,18.35,18.9,716580
SSWL,2012-09-06 00:00:00+05:30,18.5,19.0,18.5,18.65,67070
SSWL,2012-09-07 00:00:00+05:30,19.0,19.3,18.7,18.8,64330
SSWL,2012-09-10 00:00:00+05:30,18.75,22.4,18.6,22.25,1778630
SSWL,2012-09-11 00:00:00+05:30,22.0,22.7,20.8,21.3,1309040
SSWL,2012-09-12 00:00:00+05:30,21.2,23.35,21.2,23.15,1991690
SSWL,2012-09-13 00:00:00+05:30,22.1,23.25,22.1,22.35,326540
SSWL,2012-09-14 00:00:00+05:30,23.2,23.2,21.85,22.1,224170
SSWL,2012-09-17 00:00:00+05:30,22.3,24.2,21.7,22.9,1088880
SSWL,2012-09-18 00:00:00+05:30,22.6,23.4,22.5,22.65,121960
SSWL,2012-09-20 00:00:00+05:30,22.2,23.7,22.1,22.45,350600
SSWL,2012-09-21 00:00:00+05:30,22.9,23.2,22.2,22.3,104610
SSWL,2012-09-24 00:00:00+05:30,22.2,23.65,22.2,22.75,343250
SSWL,2012-09-25 00:00:00+05:30,22.6,23.2,22.3,22.5,62580
SSWL,2012-09-26 00:00:00+05:30,21.9,22.75,21.9,22.1,78920
SSWL,2012-09-27 00:00:00+05:30,22.25,22.65,21.9,22.1,65810
SSWL,2012-09-28 00:00:00+05:30,22.25,22.8,22.05,22.45,113450
SSWL,2012-10-01 00:00:00+05:30,23.4,23.4,22.5,22.7,389890
SSWL,2012-10-03 00:00:00+05:30,22.85,23.45,22.7,22.9,165190
SSWL,2012-10-04 00:00:00+05:30,23.2,23.6,22.9,23.05,263480
SSWL,2012-10-05 00:00:00+05:30,22.8,23.3,22.1,22.35,83490
SSWL,2012-10-08 00:00:00+05:30,22.1,22.7,22.1,22.2,28870
SSWL,2012-10-09 00:00:00+05:30,22.1,22.55,22.05,22.1,26740
SSWL,2012-10-10 00:00:00+05:30,21.75,22.6,21.75,21.85,66470
SSWL,2012-10-11 00:00:00+05:30,21.55,22.2,21.55,21.9,20580
SSWL,2012-10-12 00:00:00+05:30,21.6,22.3,21.6,21.85,26650
SSWL,2012-10-15 00:00:00+05:30,21.65,22.25,21.65,21.7,10130
SSWL,2012-10-16 00:00:00+05:30,21.85,22.0,21.7,21.7,17050
SSWL,2012-10-17 00:00:00+05:30,21.75,21.9,21.3,21.55,15970
SSWL,2012-10-18 00:00:00+05:30,21.6,22.1,21.5,21.95,67230
SSWL,2012-10-19 00:00:00+05:30,22.35,23.0,21.85,22.05,122470
SSWL,2012-10-22 00:00:00+05:30,21.25,22.15,21.25,21.8,28310
SSWL,2012-10-23 00:00:00+05:30,21.7,21.95,21.65,21.65,13950
SSWL,2012-10-25 00:00:00+05:30,21.4,21.9,21.35,21.45,17060
SSWL,2012-10-26 00:00:00+05:30,20.55,21.9,20.55,21.15,57090
SSWL,2012-10-29 00:00:00+05:30,21.4,21.5,20.8,20.9,23430
SSWL,2012-10-30 00:00:00+05:30,21.0,21.2,19.3,19.85,71340
SSWL,2012-10-31 00:00:00+05:30,19.85,20.2,19.65,19.9,44880
SSWL,2012-11-01 00:00:00+05:30,20.0,21.2,19.95,20.55,119130
SSWL,2012-11-02 00:00:00+05:30,20.6,21.2,20.15,20.4,67110
SSWL,2012-11-05 00:00:00+05:30,20.5,21.1,20.3,20.65,79920
SSWL,2012-11-06 00:00:00+05:30,20.2,20.7,20.2,20.5,19910
SSWL,2012-11-07 00:00:00+05:30,20.1,20.7,20.1,20.55,11100
SSWL,2012-11-08 00:00:00+05:30,20.55,21.0,20.1,20.75,32710
SSWL,2012-11-09 00:00:00+05:30,20.2,20.8,20.0,20.1,36250
SSWL,2012-11-12 00:00:00+05:30,19.6,20.65,19.6,20.1,14750
SSWL,2012-11-13 00:00:00+05:30,20.3,20.4,19.7,19.95,12910
SSWL,2012-11-15 00:00:00+05:30,19.95,20.4,19.4,19.5,25240
SSWL,2012-11-16 00:00:00+05:30,20.0,20.0,19.3,19.35,27060
SSWL,2012-11-19 00:00:00+05:30,19.1,19.45,19.1,19.2,17830
SSWL,2012-11-20 00:00:00+05:30,19.25,19.5,18.8,18.85,19700
SSWL,2012-11-21 00:00:00+05:30,19.1,19.6,18.95,19.2,13240
SSWL,2012-11-22 00:00:00+05:30,19.2,19.2,18.85,18.95,15190
SSWL,2012-11-23 00:00:00+05:30,18.9,19.3,18.8,19.0,14460
SSWL,2012-11-26 00:00:00+05:30,18.9,19.35,18.8,19.2,13040
SSWL,2012-11-27 00:00:00+05:30,19.4,20.3,19.1,19.8,96570
SSWL,2012-11-29 00:00:00+05:30,19.6,20.3,19.6,19.85,27220
SSWL,2012-11-30 00:00:00+05:30,19.6,20.05,19.5,19.7,22090
SSWL,2012-12-03 00:00:00+05:30,19.9,20.5,19.3,19.65,27770
SSWL,2012-12-04 00:00:00+05:30,19.5,20.15,19.5,19.6,22110
SSWL,2012-12-05 00:00:00+05:30,19.5,20.15,19.5,19.85,66660
SSWL,2012-12-06 00:00:00+05:30,19.75,19.9,19.55,19.7,19040
SSWL,2012-12-07 00:00:00+05:30,20.0,20.2,19.1,19.25,40940
SSWL,2012-12-10 00:00:00+05:30,19.6,19.6,19.25,19.4,15430
SSWL,2012-12-11 00:00:00+05:30,19.4,19.9,19.0,19.15,15950
SSWL,2012-12-12 00:00:00+05:30,19.55,19.6,19.0,19.1,14620
SSWL,2012-12-13 00:00:00+05:30,19.1,19.2,18.8,18.9,16750
SSWL,2012-12-14 00:00:00+05:30,18.8,19.95,18.8,19.05,99460
SSWL,2012-12-17 00:00:00+05:30,19.05,20.2,19.0,19.3,195430
SSWL,2012-12-18 00:00:00+05:30,19.45,19.95,19.15,19.2,24030
SSWL,2012-12-19 00:00:00+05:30,19.6,19.75,19.1,19.3,31690
SSWL,2012-12-20 00:00:00+05:30,19.65,19.65,19.1,19.2,8130
SSWL,2012-12-21 00:00:00+05:30,19.2,19.8,18.8,18.95,61000
SSWL,2012-12-24 00:00:00+05:30,18.8,19.4,18.7,18.75,40580
SSWL,2012-12-26 00:00:00+05:30,18.6,19.25,17.9,18.1,138190
SSWL,2012-12-27 00:00:00+05:30,18.15,18.3,17.8,17.85,63200
SSWL,2012-12-28 00:00:00+05:30,18.15,18.25,17.8,17.9,67200
SSWL,2012-12-31 00:00:00+05:30,17.9,18.3,17.5,17.9,20180
SSWL,2013-01-01 00:00:00+05:30,17.8,18.45,17.5,18.35,54680
SSWL,2013-01-02 00:00:00+05:30,18.35,19.25,18.35,18.75,180290
SSWL,2013-01-03 00:00:00+05:30,18.75,21.0,18.75,20.1,1722990
SSWL,2013-01-04 00:00:00+05:30,20.1,20.35,19.35,19.65,283770
SSWL,2013-01-07 00:00:00+05:30,19.9,21.4,19.9,20.6,611120
SSWL,2013-01-08 00:00:00+05:30,20.9,20.9,19.95,20.25,62190
SSWL,2013-01-09 00:00:00+05:30,20.0,20.75,19.75,19.85,66200
SSWL,2013-01-10 00:00:00+05:30,19.8,20.45,19.5,19.6,56760
SSWL,2013-01-11 00:00:00+05:30,20.0,20.0,18.9,19.05,31990
SSWL,2013-01-14 00:00:00+05:30,19.6,19.6,18.7,19.0,76530
SSWL,2013-01-15 00:00:00+05:30,18.9,19.4,18.9,19.0,124900
SSWL,2013-01-16 00:00:00+05:30,19.0,19.25,18.5,18.75,29260
SSWL,2013-01-17 00:00:00+05:30,18.7,19.0,18.7,18.9,13870
SSWL,2013-01-18 00:00:00+05:30,19.0,19.1,18.6,18.65,24460
SSWL,2013-01-21 00:00:00+05:30,18.8,18.95,18.5,18.8,18100
SSWL,2013-01-22 00:00:00+05:30,19.1,19.1,18.3,18.35,31860
SSWL,2013-01-23 00:00:00+05:30,18.5,18.5,17.9,18.0,30090
SSWL,2013-01-24 00:00:00+05:30,17.9,18.1,17.6,17.65,40950
SSWL,2013-01-25 00:00:00+05:30,17.75,18.1,17.6,17.65,23520
SSWL,2013-01-28 00:00:00+05:30,17.95,18.4,17.8,17.9,22680
SSWL,2013-01-29 00:00:00+05:30,18.15,18.15,17.6,17.85,21770
SSWL,2013-01-30 00:00:00+05:30,17.9,18.1,17.6,17.75,31790
SSWL,2013-01-31 00:00:00+05:30,17.85,17.95,17.6,17.8,10600
SSWL,2013-02-01 00:00:00+05:30,17.7,18.0,17.65,17.85,19020
SSWL,2013-02-04 00:00:00+05:30,17.85,17.9,17.3,17.35,33180
SSWL,2013-02-05 00:00:00+05:30,17.25,17.5,16.85,17.1,14780
SSWL,2013-02-06 00:00:00+05:30,16.9,17.4,16.8,17.25,17140
SSWL,2013-02-07 00:00:00+05:30,17.4,17.8,17.2,17.3,15820
SSWL,2013-02-08 00:00:00+05:30,17.2,17.5,16.8,17.0,21540
SSWL,2013-02-11 00:00:00+05:30,16.9,17.5,16.5,16.7,17940
SSWL,2013-02-12 00:00:00+05:30,16.6,17.4,16.6,17.1,26310
SSWL,2013-02-13 00:00:00+05:30,17.45,17.45,16.5,16.55,29480
SSWL,2013-02-14 00:00:00+05:30,16.8,17.4,16.4,16.6,26280
SSWL,2013-02-15 00:00:00+05:30,17.3,17.3,16.3,16.4,22250
SSWL,2013-02-18 00:00:00+05:30,16.5,17.0,16.25,16.5,24570
SSWL,2013-02-19 00:00:00+05:30,16.6,16.7,16.45,16.65,10450
SSWL,2013-02-20 00:00:00+05:30,16.9,16.9,16.6,16.85,6930
SSWL,2013-02-21 00:00:00+05:30,16.75,16.95,16.45,16.7,5610
SSWL,2013-02-22 00:00:00+05:30,16.4,16.7,16.3,16.4,5150
SSWL,2013-02-25 00:00:00+05:30,16.4,19.7,16.3,16.45,11720
SSWL,2013-02-26 00:00:00+05:30,16.2,17.15,16.2,16.3,42490
SSWL,2013-02-27 00:00:00+05:30,16.5,17.1,15.6,16.35,111610
SSWL,2013-02-28 00:00:00+05:30,16.7,16.7,15.45,15.6,46400
SSWL,2013-03-01 00:00:00+05:30,15.6,16.5,15.35,15.8,25990
SSWL,2013-03-04 00:00:00+05:30,15.8,15.8,14.6,15.25,42030
SSWL,2013-03-05 00:00:00+05:30,15.0,18.0,14.8,17.2,518260
SSWL,2013-03-06 00:00:00+05:30,17.25,18.6,16.9,18.2,172230
SSWL,2013-03-07 00:00:00+05:30,17.8,20.2,17.55,19.0,336330
SSWL,2013-03-08 00:00:00+05:30,18.8,20.0,18.7,19.65,152640
SSWL,2013-03-11 00:00:00+05:30,19.4,19.85,18.7,18.85,79730
SSWL,2013-03-12 00:00:00+05:30,18.85,18.95,18.25,18.35,25980
SSWL,2013-03-13 00:00:00+05:30,18.55,18.6,17.7,17.75,29590
SSWL,2013-03-14 00:00:00+05:30,17.9,18.15,17.4,17.75,11690
SSWL,2013-03-15 00:00:00+05:30,17.7,18.3,17.4,17.45,12580
SSWL,2013-03-18 00:00:00+05:30,17.3,17.75,17.1,17.35,18430
SSWL,2013-03-19 00:00:00+05:30,17.2,17.5,17.0,17.1,25040
SSWL,2013-03-20 00:00:00+05:30,17.5,17.5,15.3,15.8,82790
SSWL,2013-03-21 00:00:00+05:30,16.35,16.4,15.5,15.8,49250
SSWL,2013-03-22 00:00:00+05:30,15.5,17.15,15.15,16.1,83370
SSWL,2013-03-25 00:00:00+05:30,16.0,17.4,15.55,16.8,77050
SSWL,2013-03-26 00:00:00+05:30,16.3,16.9,16.2,16.25,53770
SSWL,2013-03-28 00:00:00+05:30,16.2,16.6,16.05,16.5,71680
SSWL,2013-04-01 00:00:00+05:30,16.3,16.7,16.05,16.35,35540
SSWL,2013-04-02 00:00:00+05:30,16.65,16.9,16.35,16.65,41730
SSWL,2013-04-03 00:00:00+05:30,17.0,17.45,16.5,16.65,29080
SSWL,2013-04-04 00:00:00+05:30,16.6,16.75,16.0,16.05,11700
SSWL,2013-04-05 00:00:00+05:30,16.2,16.2,15.7,15.85,10150
SSWL,2013-04-08 00:00:00+05:30,15.7,16.2,15.65,15.8,13290
SSWL,2013-04-09 00:00:00+05:30,15.9,16.25,15.75,15.8,10740
SSWL,2013-04-10 00:00:00+05:30,16.4,16.4,15.75,15.85,4830
SSWL,2013-04-11 00:00:00+05:30,15.9,16.3,15.65,15.85,8950
SSWL,2013-04-12 00:00:00+05:30,16.0,16.0,15.4,15.75,41380
SSWL,2013-04-15 00:00:00+05:30,15.45,16.0,15.45,15.75,5160
SSWL,2013-04-16 00:00:00+05:30,16.1,17.0,15.6,16.4,68390
SSWL,2013-04-17 00:00:00+05:30,16.4,16.5,15.75,15.95,37990
SSWL,2013-04-18 00:00:00+05:30,15.85,16.4,15.85,16.25,14930
SSWL,2013-04-22 00:00:00+05:30,16.2,16.25,15.9,16.05,12140
SSWL,2013-04-23 00:00:00+05:30,16.05,16.7,16.05,16.35,8490
SSWL,2013-04-25 00:00:00+05:30,16.35,16.45,15.7,16.05,56500
SSWL,2013-04-26 00:00:00+05:30,16.05,16.3,15.9,16.05,31350
SSWL,2013-04-29 00:00:00+05:30,16.0,16.35,16.0,16.1,4320
SSWL,2013-04-30 00:00:00+05:30,16.05,16.35,15.1,16.3,71370
SSWL,2013-05-02 00:00:00+05:30,16.3,16.5,16.1,16.45,20270
SSWL,2013-05-03 00:00:00+05:30,16.3,16.55,16.3,16.45,12950
SSWL,2013-05-06 00:00:00+05:30,16.5,16.8,16.2,16.35,38370
SSWL,2013-05-07 00:00:00+05:30,16.3,16.55,15.6,15.8,80550
SSWL,2013-05-08 00:00:00+05:30,16.1,16.1,15.35,15.5,36360
SSWL,2013-05-09 00:00:00+05:30,15.4,15.7,15.0,15.15,76770
SSWL,2013-05-10 00:00:00+05:30,15.2,15.65,14.7,15.25,38400
SSWL,2013-05-13 00:00:00+05:30,15.5,15.5,15.0,15.15,11650
SSWL,2013-05-14 00:00:00+05:30,15.8,15.8,15.05,15.15,30410
SSWL,2013-05-15 00:00:00+05:30,15.45,15.45,15.0,15.05,38090
SSWL,2013-05-16 00:00:00+05:30,15.1,15.5,14.7,15.0,51690
SSWL,2013-05-17 00:00:00+05:30,15.0,15.5,14.9,15.4,53450
SSWL,2013-05-20 00:00:00+05:30,15.4,15.7,15.1,15.3,35280
SSWL,2013-05-21 00:00:00+05:30,15.3,18.05,15.15,16.8,863790
SSWL,2013-05-22 00:00:00+05:30,17.0,17.5,16.1,16.2,166320
SSWL,2013-05-23 00:00:00+05:30,15.95,16.45,15.45,15.6,50990
SSWL,2013-05-24 00:00:00+05:30,15.3,16.3,15.2,15.45,154130
SSWL,2013-05-27 00:00:00+05:30,15.35,15.55,15.1,15.15,56540
SSWL,2013-05-28 00:00:00+05:30,15.35,15.6,15.15,15.4,76050
SSWL,2013-05-29 00:00:00+05:30,15.6,15.95,15.15,15.5,557200
SSWL,2013-05-30 00:00:00+05:30,15.2,15.45,15.15,15.25,31690
SSWL,2013-05-31 00:00:00+05:30,15.25,15.4,14.4,14.5,64690
SSWL,2013-06-03 00:00:00+05:30,14.65,15.0,14.4,14.9,70290
SSWL,2013-06-04 00:00:00+05:30,15.0,15.6,14.85,14.95,180640
SSWL,2013-06-05 00:00:00+05:30,14.95,15.35,14.75,14.85,63440
SSWL,2013-06-06 00:00:00+05:30,14.9,15.35,14.8,15.2,28650
SSWL,2013-06-07 00:00:00+05:30,15.25,15.6,15.05,15.2,72450
SSWL,2013-06-10 00:00:00+05:30,15.2,15.4,15.05,15.2,72080
SSWL,2013-06-11 00:00:00+05:30,15.0,15.25,14.7,14.85,72840
SSWL,2013-06-12 00:00:00+05:30,14.9,14.9,14.5,14.55,8580
SSWL,2013-06-13 00:00:00+05:30,14.5,14.7,14.35,14.4,91800
SSWL,2013-06-14 00:00:00+05:30,14.7,14.9,14.55,14.75,91010
SSWL,2013-06-17 00:00:00+05:30,14.95,15.0,14.35,14.6,12760
SSWL,2013-06-18 00:00:00+05:30,14.6,14.65,14.4,14.45,8310
SSWL,2013-06-19 00:00:00+05:30,14.4,14.4,14.15,14.2,15380
SSWL,2013-06-20 00:00:00+05:30,14.0,14.45,13.55,14.3,92550
SSWL,2013-06-21 00:00:00+05:30,14.1,14.5,13.9,14.25,77280
SSWL,2013-06-24 00:00:00+05:30,14.0,14.0,13.3,13.5,98560
SSWL,2013-06-25 00:00:00+05:30,13.05,14.2,13.05,14.0,73620
SSWL,2013-06-26 00:00:00+05:30,14.35,14.4,13.8,14.25,68500
SSWL,2013-06-27 00:00:00+05:30,14.2,14.4,13.3,13.85,93490
SSWL,2013-06-28 00:00:00+05:30,13.85,15.1,13.7,13.8,68790
SSWL,2013-07-01 00:00:00+05:30,13.9,14.1,13.8,14.05,4170
SSWL,2013-07-02 00:00:00+05:30,13.8,14.1,13.6,13.8,20390
SSWL,2013-07-03 00:00:00+05:30,13.6,13.95,13.5,13.55,70400
SSWL,2013-07-04 00:00:00+05:30,13.6,13.95,13.6,13.75,64540
SSWL,2013-07-05 00:00:00+05:30,13.75,14.4,13.4,13.75,66610
SSWL,2013-07-08 00:00:00+05:30,13.65,13.9,13.4,13.45,10210
SSWL,2013-07-09 00:00:00+05:30,13.5,15.8,13.5,15.1,1212060
SSWL,2013-07-10 00:00:00+05:30,15.2,15.2,14.35,14.5,131480
SSWL,2013-07-11 00:00:00+05:30,14.4,15.15,14.15,14.8,114030
SSWL,2013-07-12 00:00:00+05:30,14.6,14.6,14.25,14.45,36400
SSWL,2013-07-15 00:00:00+05:30,14.2,14.3,13.9,14.05,28110
SSWL,2013-07-16 00:00:00+05:30,14.0,14.1,13.7,13.9,11680
SSWL,2013-07-17 00:00:00+05:30,14.0,14.45,13.65,13.7,40220
SSWL,2013-07-18 00:00:00+05:30,13.55,13.7,13.35,13.4,33490
SSWL,2013-07-19 00:00:00+05:30,13.6,13.6,13.25,13.3,15370
SSWL,2013-07-22 00:00:00+05:30,13.35,13.5,12.75,12.8,36370
SSWL,2013-07-23 00:00:00+05:30,12.8,13.9,12.75,12.9,9730
SSWL,2013-07-24 00:00:00+05:30,12.75,12.75,11.8,12.05,53530
SSWL,2013-07-25 00:00:00+05:30,12.05,14.3,11.65,13.85,412050
SSWL,2013-07-26 00:00:00+05:30,13.8,14.0,12.95,13.1,41240
SSWL,2013-07-29 00:00:00+05:30,13.1,13.4,12.75,13.1,86740
SSWL,2013-07-30 00:00:00+05:30,12.9,13.4,12.5,12.65,46560
SSWL,2013-07-31 00:00:00+05:30,12.55,13.65,11.85,12.05,39010
SSWL,2013-08-01 00:00:00+05:30,12.15,12.6,11.75,11.85,23160
SSWL,2013-08-02 00:00:00+05:30,12.0,12.6,11.6,11.85,46190
SSWL,2013-08-05 00:00:00+05:30,11.6,12.5,11.6,12.2,23940
SSWL,2013-08-06 00:00:00+05:30,12.0,12.1,11.7,11.8,10740
SSWL,2013-08-07 00:00:00+05:30,11.7,12.3,11.7,12.1,11280
SSWL,2013-08-08 00:00:00+05:30,11.9,12.6,11.9,12.1,10450
SSWL,2013-08-12 00:00:00+05:30,12.0,12.5,11.85,12.0,235710
SSWL,2013-08-13 00:00:00+05:30,12.1,12.35,11.9,12.1,76150
SSWL,2013-08-14 00:00:00+05:30,12.2,12.35,11.85,11.95,24340
SSWL,2013-08-16 00:00:00+05:30,11.8,12.3,11.5,11.7,144750
SSWL,2013-08-19 00:00:00+05:30,11.7,11.7,11.15,11.4,45990
SSWL,2013-08-20 00:00:00+05:30,11.2,12.4,11.05,12.1,127670
SSWL,2013-08-21 00:00:00+05:30,12.7,13.2,11.65,11.75,169990
SSWL,2013-08-22 00:00:00+05:30,11.7,11.9,11.55,11.7,22560
SSWL,2013-08-23 00:00:00+05:30,11.7,12.2,11.7,11.95,18460
SSWL,2013-08-26 00:00:00+05:30,12.0,12.4,11.8,12.0,17250
SSWL,2013-08-27 00:00:00+05:30,12.1,12.3,11.4,11.4,25480
SSWL,2013-08-28 00:00:00+05:30,11.5,11.5,11.1,11.35,15730
SSWL,2013-08-29 00:00:00+05:30,11.5,12.0,11.25,11.35,106640
SSWL,2013-08-30 00:00:00+05:30,11.25,11.5,11.25,11.3,74360
SSWL,2013-09-02 00:00:00+05:30,11.75,11.75,11.3,11.55,14230
SSWL,2013-09-03 00:00:00+05:30,11.4,13.5,11.4,12.25,498260
SSWL,2013-09-04 00:00:00+05:30,12.7,12.95,12.2,12.45,94840
SSWL,2013-09-05 00:00:00+05:30,12.5,12.8,12.2,12.3,102290
SSWL,2013-09-06 00:00:00+05:30,12.2,12.6,12.15,12.3,110060
SSWL,2013-09-10 00:00:00+05:30,12.3,12.8,12.15,12.7,125000
SSWL,2013-09-11 00:00:00+05:30,12.7,12.7,12.4,12.45,136650
SSWL,2013-09-12 00:00:00+05:30,12.4,13.35,12.4,13.2,178720
SSWL,2013-09-13 00:00:00+05:30,13.7,13.8,12.85,13.35,98730
SSWL,2013-09-16 00:00:00+05:30,13.4,14.25,12.85,13.05,184030
SSWL,2013-09-17 00:00:00+05:30,12.85,13.5,12.75,13.3,12470
SSWL,2013-09-18 00:00:00+05:30,13.3,13.55,13.0,13.15,14570
SSWL,2013-09-19 00:00:00+05:30,13.35,13.7,13.05,13.4,63680
SSWL,2013-09-20 00:00:00+05:30,13.9,13.9,12.7,12.8,115320
SSWL,2013-09-23 00:00:00+05:30,13.0,13.0,12.35,12.45,123300
SSWL,2013-09-24 00:00:00+05:30,12.8,12.8,12.55,12.75,93680
SSWL,2013-09-25 00:00:00+05:30,12.8,12.9,12.6,12.75,8200
SSWL,2013-09-26 00:00:00+05:30,12.65,12.75,12.6,12.65,10290
SSWL,2013-09-27 00:00:00+05:30,12.65,12.8,12.55,12.55,5190
SSWL,2013-09-30 00:00:00+05:30,12.5,12.6,12.3,12.45,13100
SSWL,2013-10-01 00:00:00+05:30,12.55,12.8,12.55,12.7,6990
SSWL,2013-10-03 00:00:00+05:30,12.9,15.25,12.65,14.15,802690
SSWL,2013-10-04 00:00:00+05:30,14.2,14.35,13.7,13.85,94360
SSWL,2013-10-07 00:00:00+05:30,13.85,14.5,13.55,14.15,217760
SSWL,2013-10-08 00:00:00+05:30,14.05,14.5,13.8,14.1,171800
SSWL,2013-10-09 00:00:00+05:30,13.9,14.3,13.85,14.25,123220
SSWL,2013-10-10 00:00:00+05:30,14.1,14.5,13.9,14.05,219720
SSWL,2013-10-11 00:00:00+05:30,14.1,14.4,13.55,13.8,138800
SSWL,2013-10-14 00:00:00+05:30,14.0,14.0,13.6,13.75,114020
SSWL,2013-10-15 00:00:00+05:30,13.75,14.0,13.5,13.95,21420
SSWL,2013-10-17 00:00:00+05:30,13.75,13.95,13.75,13.75,6210
SSWL,2013-10-18 00:00:00+05:30,13.65,14.0,13.65,13.9,53520
SSWL,2013-10-21 00:00:00+05:30,14.1,14.1,13.65,13.7,35970
SSWL,2013-10-22 00:00:00+05:30,13.7,14.0,13.7,13.85,15560
SSWL,2013-10-23 00:00:00+05:30,13.8,14.0,13.75,13.9,3410
SSWL,2013-10-24 00:00:00+05:30,14.0,14.1,13.7,13.85,53240
SSWL,2013-10-25 00:00:00+05:30,14.05,14.05,13.55,13.65,21770
SSWL,2013-10-28 00:00:00+05:30,14.0,14.0,13.45,13.55,24050
SSWL,2013-10-29 00:00:00+05:30,13.9,13.9,13.55,13.8,32870
SSWL,2013-10-30 00:00:00+05:30,13.9,14.6,13.6,13.75,406440
SSWL,2013-10-31 00:00:00+05:30,13.9,13.95,13.6,13.95,13090
SSWL,2013-11-01 00:00:00+05:30,14.65,15.0,13.55,13.7,547610
SSWL,2013-11-05 00:00:00+05:30,14.3,14.7,13.85,14.05,574940
SSWL,2013-11-06 00:00:00+05:30,14.25,15.4,14.25,15.1,655570
SSWL,2013-11-07 00:00:00+05:30,15.45,15.45,14.2,14.35,241170
SSWL,2013-11-08 00:00:00+05:30,14.25,14.4,13.9,14.1,111410
SSWL,2013-11-11 00:00:00+05:30,14.3,14.35,13.75,13.85,172080
SSWL,2013-11-12 00:00:00+05:30,14.2,14.2,13.6,13.75,107230
SSWL,2013-11-13 00:00:00+05:30,13.6,13.9,13.5,13.6,31800
SSWL,2013-11-14 00:00:00+05:30,13.6,14.55,13.6,13.95,71990
SSWL,2013-11-18 00:00:00+05:30,14.0,14.1,13.85,13.95,32000
SSWL,2013-11-19 00:00:00+05:30,14.4,14.4,13.85,13.9,29710
SSWL,2013-11-20 00:00:00+05:30,13.8,14.4,13.65,14.05,44440
SSWL,2013-11-21 00:00:00+05:30,14.1,14.1,13.75,13.75,13210
SSWL,2013-11-22 00:00:00+05:30,14.3,14.3,13.7,13.7,17960
SSWL,2013-11-25 00:00:00+05:30,14.45,14.45,13.75,13.8,24410
SSWL,2013-11-26 00:00:00+05:30,14.25,14.25,13.7,13.8,17550
SSWL,2013-11-27 00:00:00+05:30,13.75,13.95,13.7,13.75,14840
SSWL,2013-11-28 00:00:00+05:30,13.75,14.4,13.75,14.05,59440
SSWL,2013-11-29 00:00:00+05:30,14.4,15.3,14.15,14.7,638080
SSWL,2013-12-02 00:00:00+05:30,14.8,14.8,14.25,14.55,50280
SSWL,2013-12-03 00:00:00+05:30,14.55,15.0,14.3,14.5,97760
SSWL,2013-12-04 00:00:00+05:30,14.4,14.7,14.3,14.35,50100
SSWL,2013-12-05 00:00:00+05:30,14.5,14.6,14.05,14.2,43730
SSWL,2013-12-06 00:00:00+05:30,14.55,14.55,13.95,14.0,45280
SSWL,2013-12-09 00:00:00+05:30,14.1,14.3,13.55,14.0,32580
SSWL,2013-12-10 00:00:00+05:30,13.9,14.25,13.9,14.05,23190
SSWL,2013-12-11 00:00:00+05:30,14.0,14.65,13.8,13.85,84460
SSWL,2013-12-12 00:00:00+05:30,13.8,13.95,13.65,13.7,49830
SSWL,2013-12-13 00:00:00+05:30,13.8,14.2,13.5,13.6,44520
SSWL,2013-12-16 00:00:00+05:30,13.7,13.95,13.55,13.7,41000
SSWL,2013-12-17 00:00:00+05:30,13.55,13.8,13.55,13.65,9760
SSWL,2013-12-18 00:00:00+05:30,13.8,13.85,13.55,13.65,15130
SSWL,2013-12-19 00:00:00+05:30,14.5,14.8,13.55,13.65,16510
SSWL,2013-12-20 00:00:00+05:30,14.2,14.2,13.15,13.8,40880
SSWL,2013-12-23 00:00:00+05:30,14.2,14.2,13.6,13.95,28190
SSWL,2013-12-24 00:00:00+05:30,14.2,14.5,13.6,14.2,320750
SSWL,2013-12-26 00:00:00+05:30,14.4,14.4,13.85,14.05,351340
SSWL,2013-12-27 00:00:00+05:30,14.25,14.25,13.9,14.05,75590
SSWL,2013-12-30 00:00:00+05:30,14.3,14.5,14.05,14.1,85330
SSWL,2013-12-31 00:00:00+05:30,14.1,14.55,13.9,14.45,157260
SSWL,2014-01-01 00:00:00+05:30,15.2,15.4,14.85,15.0,1310000
SSWL,2014-01-02 00:00:00+05:30,15.25,15.25,14.35,14.45,223030
SSWL,2014-01-03 00:00:00+05:30,14.55,14.55,14.15,14.25,176350
SSWL,2014-01-06 00:00:00+05:30,14.45,14.5,14.0,14.2,123930
SSWL,2014-01-07 00:00:00+05:30,14.4,14.4,14.05,14.1,94690
SSWL,2014-01-08 00:00:00+05:30,14.1,14.4,13.8,13.85,124810
SSWL,2014-01-09 00:00:00+05:30,14.15,14.15,13.55,13.85,88230
SSWL,2014-01-10 00:00:00+05:30,13.8,14.1,13.55,13.6,71180
SSWL,2014-01-13 00:00:00+05:30,13.7,13.9,13.4,13.45,39090
SSWL,2014-01-14 00:00:00+05:30,13.3,13.6,13.25,13.4,35700
SSWL,2014-01-15 00:00:00+05:30,14.2,14.2,13.35,13.4,71980
SSWL,2014-01-16 00:00:00+05:30,13.85,13.85,13.3,13.35,19640
SSWL,2014-01-17 00:00:00+05:30,13.25,13.35,12.8,12.9,67960
SSWL,2014-01-20 00:00:00+05:30,12.8,13.2,12.7,13.0,23880
SSWL,2014-01-21 00:00:00+05:30,13.1,13.15,12.9,13.0,15920
SSWL,2014-01-22 00:00:00+05:30,13.2,13.2,12.9,13.05,17310
SSWL,2014-01-23 00:00:00+05:30,13.05,13.2,12.65,13.15,24650
SSWL,2014-01-24 00:00:00+05:30,12.95,13.2,12.7,12.75,26980
SSWL,2014-01-27 00:00:00+05:30,12.6,12.75,12.5,12.55,16810
SSWL,2014-01-28 00:00:00+05:30,12.95,12.95,12.5,12.55,12240
SSWL,2014-01-29 00:00:00+05:30,13.0,13.0,12.1,12.25,31290
SSWL,2014-01-30 00:00:00+05:30,14.3,14.3,12.0,12.1,32080
SSWL,2014-01-31 00:00:00+05:30,12.2,12.4,12.1,12.25,65540
SSWL,2014-02-03 00:00:00+05:30,12.5,13.45,12.3,12.4,227210
SSWL,2014-02-04 00:00:00+05:30,12.2,12.5,12.2,12.35,22690
SSWL,2014-02-05 00:00:00+05:30,12.2,12.5,12.2,12.3,21160
SSWL,2014-02-06 00:00:00+05:30,12.5,13.8,12.4,12.95,220100
SSWL,2014-02-07 00:00:00+05:30,13.3,13.45,12.9,13.0,48850
SSWL,2014-02-10 00:00:00+05:30,13.0,13.15,12.9,12.95,21370
SSWL,2014-02-11 00:00:00+05:30,13.15,13.15,12.8,12.85,16040
SSWL,2014-02-12 00:00:00+05:30,13.0,13.4,13.0,13.2,68070
SSWL,2014-02-13 00:00:00+05:30,13.1,13.1,12.9,12.95,17940
SSWL,2014-02-14 00:00:00+05:30,13.0,13.25,11.75,12.0,159110
SSWL,2014-02-17 00:00:00+05:30,12.05,12.1,11.15,11.25,201810
SSWL,2014-02-18 00:00:00+05:30,11.4,12.8,11.35,12.15,516510
SSWL,2014-02-19 00:00:00+05:30,12.05,12.8,11.95,12.7,256440
SSWL,2014-02-20 00:00:00+05:30,13.5,13.6,12.75,12.9,1119350
SSWL,2014-02-21 00:00:00+05:30,12.8,13.4,12.8,13.1,461570
SSWL,2014-02-24 00:00:00+05:30,13.1,13.2,12.6,12.7,91560
SSWL,2014-02-25 00:00:00+05:30,12.7,12.85,12.45,12.55,70230
SSWL,2014-02-26 00:00:00+05:30,12.55,12.65,12.4,12.5,33760
SSWL,2014-02-28 00:00:00+05:30,12.55,12.7,12.3,12.4,58960
SSWL,2014-03-03 00:00:00+05:30,12.3,13.1,12.3,12.55,194740
SSWL,2014-03-04 00:00:00+05:30,12.6,12.95,12.45,12.75,164440
SSWL,2014-03-05 00:00:00+05:30,13.2,13.2,12.6,12.65,27830
SSWL,2014-03-06 00:00:00+05:30,12.7,12.95,12.7,12.8,38260
SSWL,2014-03-07 00:00:00+05:30,12.9,12.9,12.7,12.8,35290
SSWL,2014-03-10 00:00:00+05:30,12.75,13.2,12.75,12.85,66960
SSWL,2014-03-11 00:00:00+05:30,12.85,13.05,12.85,12.9,56990
SSWL,2014-03-12 00:00:00+05:30,12.7,13.0,12.7,12.75,51760
SSWL,2014-03-13 00:00:00+05:30,12.75,12.95,12.75,12.8,48680
SSWL,2014-03-14 00:00:00+05:30,13.0,13.0,12.65,12.75,75760
SSWL,2014-03-18 00:00:00+05:30,12.8,13.0,12.75,13.0,22390
SSWL,2014-03-19 00:00:00+05:30,13.0,13.15,12.9,12.9,12260
SSWL,2014-03-20 00:00:00+05:30,12.95,13.0,12.75,12.95,29730
SSWL,2014-03-21 00:00:00+05:30,12.9,13.0,12.75,12.9,12150
SSWL,2014-03-24 00:00:00+05:30,12.9,13.0,12.55,12.9,18080
SSWL,2014-03-25 00:00:00+05:30,12.8,13.7,12.8,13.35,179490
SSWL,2014-03-26 00:00:00+05:30,13.5,14.0,13.4,13.9,212580
SSWL,2014-03-27 00:00:00+05:30,14.0,14.3,13.6,13.95,245050
SSWL,2014-03-28 00:00:00+05:30,14.1,14.2,13.8,14.0,126540
SSWL,2014-03-31 00:00:00+05:30,14.55,14.6,14.3,14.45,355050
SSWL,2014-04-01 00:00:00+05:30,14.5,15.0,14.5,14.85,387760
SSWL,2014-04-02 00:00:00+05:30,15.1,15.2,14.7,14.85,186080
SSWL,2014-04-03 00:00:00+05:30,14.9,15.15,14.7,14.9,226500
SSWL,2014-04-04 00:00:00+05:30,14.9,16.2,14.5,15.25,656450
SSWL,2014-04-07 00:00:00+05:30,15.6,15.65,15.1,15.25,89160
SSWL,2014-04-09 00:00:00+05:30,15.55,15.55,14.95,15.05,128560
SSWL,2014-04-10 00:00:00+05:30,15.05,15.5,14.85,14.9,178930
SSWL,2014-04-11 00:00:00+05:30,15.0,15.2,14.9,15.05,75470
SSWL,2014-04-15 00:00:00+05:30,15.35,15.35,14.5,14.75,37560
SSWL,2014-04-16 00:00:00+05:30,15.0,15.3,14.4,14.5,80770
SSWL,2014-04-17 00:00:00+05:30,14.4,14.75,14.4,14.6,83390
SSWL,2014-04-21 00:00:00+05:30,14.8,15.15,14.55,14.8,97440
SSWL,2014-04-22 00:00:00+05:30,14.8,15.0,14.6,14.8,43880
SSWL,2014-04-23 00:00:00+05:30,14.8,15.55,14.8,15.2,362010
SSWL,2014-04-25 00:00:00+05:30,15.45,15.6,15.15,15.4,309640
SSWL,2014-04-28 00:00:00+05:30,15.4,16.8,15.3,16.1,539310
SSWL,2014-04-29 00:00:00+05:30,16.3,16.45,15.5,15.7,149720
SSWL,2014-04-30 00:00:00+05:30,15.95,16.05,15.3,15.45,77040
SSWL,2014-05-02 00:00:00+05:30,15.6,15.8,15.05,15.3,216680
SSWL,2014-05-05 00:00:00+05:30,15.3,15.8,15.3,15.35,148370
SSWL,2014-05-06 00:00:00+05:30,15.4,15.55,15.25,15.3,60690
SSWL,2014-05-07 00:00:00+05:30,15.65,15.65,15.25,15.4,78600
SSWL,2014-05-08 00:00:00+05:30,15.6,16.3,15.1,15.2,689810
SSWL,2014-05-09 00:00:00+05:30,15.5,15.5,15.0,15.1,134050
SSWL,2014-05-12 00:00:00+05:30,15.4,15.8,15.1,15.15,75850
SSWL,2014-05-13 00:00:00+05:30,15.1,15.65,15.1,15.15,123150
SSWL,2014-05-14 00:00:00+05:30,15.1,15.3,15.1,15.15,48400
SSWL,2014-05-15 00:00:00+05:30,15.3,15.3,15.0,15.05,35950
SSWL,2014-05-16 00:00:00+05:30,15.2,16.0,15.1,15.25,93350
SSWL,2014-05-19 00:00:00+05:30,15.2,17.0,15.2,16.75,435240
SSWL,2014-05-20 00:00:00+05:30,17.0,18.0,16.2,17.85,326830
SSWL,2014-05-21 00:00:00+05:30,18.0,18.3,17.8,18.1,269520
SSWL,2014-05-22 00:00:00+05:30,18.2,18.7,17.5,17.7,232920
SSWL,2014-05-23 00:00:00+05:30,17.7,19.65,17.7,18.45,1385450
SSWL,2014-05-26 00:00:00+05:30,18.7,18.95,17.5,17.7,279160
SSWL,2014-05-27 00:00:00+05:30,17.8,18.2,17.05,17.35,125210
SSWL,2014-05-28 00:00:00+05:30,18.8,18.8,17.3,17.8,88730
SSWL,2014-05-29 00:00:00+05:30,17.6,18.4,17.5,17.85,60310
SSWL,2014-05-30 00:00:00+05:30,18.1,18.5,16.45,16.6,566110
SSWL,2014-06-02 00:00:00+05:30,16.6,17.25,16.15,16.45,202120
SSWL,2014-06-03 00:00:00+05:30,17.0,17.5,16.55,17.15,160130
SSWL,2014-06-04 00:00:00+05:30,17.0,17.95,17.0,17.65,175610
SSWL,2014-06-05 00:00:00+05:30,17.6,19.1,17.5,18.7,247880
SSWL,2014-06-06 00:00:00+05:30,18.6,19.5,18.6,19.15,204430
SSWL,2014-06-09 00:00:00+05:30,19.25,19.6,18.8,18.9,185520
SSWL,2014-06-10 00:00:00+05:30,18.9,18.9,18.2,18.75,155010
SSWL,2014-06-11 00:00:00+05:30,18.9,19.5,18.5,18.65,122500
SSWL,2014-06-12 00:00:00+05:30,18.5,18.65,18.4,18.4,50800
SSWL,2014-06-13 00:00:00+05:30,18.7,18.7,17.45,17.9,73970
SSWL,2014-06-16 00:00:00+05:30,17.7,17.8,17.2,17.45,33800
SSWL,2014-06-17 00:00:00+05:30,17.3,18.1,17.15,17.65,111110
SSWL,2014-06-18 00:00:00+05:30,17.65,18.3,17.6,17.65,126550
SSWL,2014-06-19 00:00:00+05:30,17.65,17.95,17.3,17.55,33520
SSWL,2014-06-20 00:00:00+05:30,17.5,17.9,17.3,17.4,69930
SSWL,2014-06-23 00:00:00+05:30,17.5,18.25,17.1,17.75,136630
SSWL,2014-06-24 00:00:00+05:30,17.8,18.4,17.8,18.1,64090
SSWL,2014-06-25 00:00:00+05:30,18.1,18.9,17.8,18.35,276810
SSWL,2014-06-26 00:00:00+05:30,18.4,22.05,18.4,22.05,4455430
SSWL,2014-06-27 00:00:00+05:30,22.9,26.45,22.4,26.45,6528720
SSWL,2014-06-30 00:00:00+05:30,27.65,28.9,27.05,27.8,5142670
SSWL,2014-07-01 00:00:00+05:30,27.7,28.2,25.95,27.05,2523930
SSWL,2014-07-02 00:00:00+05:30,27.3,28.2,26.5,27.4,1733250
SSWL,2014-07-03 00:00:00+05:30,27.35,27.6,26.05,26.3,413350
SSWL,2014-07-04 00:00:00+05:30,26.4,28.3,26.15,27.55,1193490
SSWL,2014-07-07 00:00:00+05:30,27.7,28.6,26.85,27.7,1047860
SSWL,2014-07-08 00:00:00+05:30,27.8,30.2,27.0,27.45,2478200
SSWL,2014-07-09 00:00:00+05:30,27.55,29.0,27.2,27.45,583070
SSWL,2014-07-10 00:00:00+05:30,27.7,27.8,25.5,26.8,404810
SSWL,2014-07-11 00:00:00+05:30,27.0,28.3,26.1,27.5,611610
SSWL,2014-07-14 00:00:00+05:30,27.5,27.6,26.5,26.8,476580
SSWL,2014-07-15 00:00:00+05:30,27.05,29.45,26.85,28.7,1484390
SSWL,2014-07-16 00:00:00+05:30,29.2,30.2,28.8,29.6,1739840
SSWL,2014-07-17 00:00:00+05:30,29.95,30.85,29.3,29.5,534840
SSWL,2014-07-18 00:00:00+05:30,29.45,29.9,28.8,29.05,179740
SSWL,2014-07-21 00:00:00+05:30,29.2,29.55,28.45,28.65,94850
SSWL,2014-07-22 00:00:00+05:30,28.45,31.5,28.45,30.5,1739340
SSWL,2014-07-23 00:00:00+05:30,30.85,31.3,29.0,29.25,556280
SSWL,2014-07-24 00:00:00+05:30,29.3,30.3,28.65,29.35,214890
SSWL,2014-07-25 00:00:00+05:30,29.8,30.0,28.5,28.65,168770
SSWL,2014-07-28 00:00:00+05:30,28.8,30.5,27.5,29.5,285770
SSWL,2014-07-30 00:00:00+05:30,29.6,30.15,29.0,29.15,118120
SSWL,2014-07-31 00:00:00+05:30,29.35,30.4,29.0,29.3,119330
SSWL,2014-08-01 00:00:00+05:30,28.9,31.15,28.9,29.7,1095910
SSWL,2014-08-04 00:00:00+05:30,30.1,31.15,29.8,29.95,255900
SSWL,2014-08-05 00:00:00+05:30,30.6,30.6,29.6,29.7,109310
SSWL,2014-08-06 00:00:00+05:30,29.45,32.35,29.45,30.9,1386030
SSWL,2014-08-07 00:00:00+05:30,31.3,32.45,30.1,30.35,1055150
SSWL,2014-08-08 00:00:00+05:30,30.1,30.7,28.85,29.45,236890
SSWL,2014-08-11 00:00:00+05:30,29.5,30.5,29.5,29.9,108580
SSWL,2014-08-12 00:00:00+05:30,30.0,30.95,29.8,30.1,268720
SSWL,2014-08-13 00:00:00+05:30,30.45,30.45,29.5,29.6,130080
SSWL,2014-08-14 00:00:00+05:30,29.8,29.8,27.25,27.8,310600
SSWL,2014-08-18 00:00:00+05:30,27.4,29.4,27.4,28.4,203480
SSWL,2014-08-19 00:00:00+05:30,28.2,28.9,27.55,27.75,178740
SSWL,2014-08-20 00:00:00+05:30,27.7,28.8,27.7,27.95,176200
SSWL,2014-08-21 00:00:00+05:30,28.2,28.8,28.05,28.3,109030
SSWL,2014-08-22 00:00:00+05:30,27.9,28.3,27.5,27.65,263240
SSWL,2014-08-25 00:00:00+05:30,27.6,28.2,27.05,27.2,121510
SSWL,2014-08-26 00:00:00+05:30,27.0,28.0,26.25,26.8,222470
SSWL,2014-08-27 00:00:00+05:30,26.65,27.8,26.55,26.7,146490
SSWL,2014-08-28 00:00:00+05:30,26.7,28.4,26.15,27.85,676400
SSWL,2014-09-01 00:00:00+05:30,28.15,28.85,28.15,28.3,397110
SSWL,2014-09-02 00:00:00+05:30,28.4,29.1,28.4,28.45,160630
SSWL,2014-09-03 00:00:00+05:30,28.4,29.7,28.4,29.0,330690
SSWL,2014-09-04 00:00:00+05:30,28.9,29.35,28.6,28.9,139310
SSWL,2014-09-05 00:00:00+05:30,28.85,30.4,28.7,29.9,416090
SSWL,2014-09-08 00:00:00+05:30,30.15,30.4,29.4,29.65,266870
SSWL,2014-09-09 00:00:00+05:30,29.6,29.95,29.3,29.45,120290
SSWL,2014-09-10 00:00:00+05:30,29.2,30.3,29.0,29.35,124130
SSWL,2014-09-11 00:00:00+05:30,29.5,30.2,29.5,29.7,130880
SSWL,2014-09-12 00:00:00+05:30,29.65,34.4,29.65,32.6,3296460
SSWL,2014-09-15 00:00:00+05:30,32.75,32.75,31.7,31.9,380050
SSWL,2014-09-16 00:00:00+05:30,31.8,32.7,30.2,30.5,351810
SSWL,2014-09-17 00:00:00+05:30,30.5,30.65,29.3,29.9,218920
SSWL,2014-09-18 00:00:00+05:30,29.5,32.0,29.25,30.95,275690
SSWL,2014-09-19 00:00:00+05:30,31.45,31.5,30.1,30.35,135000
SSWL,2014-09-22 00:00:00+05:30,30.5,31.7,30.0,30.55,244340
SSWL,2014-09-23 00:00:00+05:30,30.9,31.3,29.1,29.45,236490
SSWL,2014-09-24 00:00:00+05:30,29.3,30.0,28.0,28.5,153490
SSWL,2014-09-25 00:00:00+05:30,28.5,28.95,27.6,27.7,75930
SSWL,2014-09-26 00:00:00+05:30,27.8,28.3,27.15,27.9,73540
SSWL,2014-09-29 00:00:00+05:30,27.8,29.45,27.8,28.2,205510
SSWL,2014-09-30 00:00:00+05:30,27.95,28.7,27.8,28.2,72280
SSWL,2014-10-01 00:00:00+05:30,28.25,29.4,28.15,28.9,125110
SSWL,2014-10-07 00:00:00+05:30,28.8,29.35,27.6,27.85,66460
SSWL,2014-10-08 00:00:00+05:30,27.7,29.2,27.3,28.95,169870
SSWL,2014-10-09 00:00:00+05:30,28.7,31.05,28.7,30.25,339240
SSWL,2014-10-10 00:00:00+05:30,30.25,30.25,29.1,29.25,51650
SSWL,2014-10-13 00:00:00+05:30,29.1,29.45,28.6,29.0,46560
SSWL,2014-10-14 00:00:00+05:30,29.1,29.5,28.15,28.75,42000
SSWL,2014-10-16 00:00:00+05:30,28.5,28.85,27.5,27.75,54590
SSWL,2014-10-17 00:00:00+05:30,27.5,27.95,27.2,27.4,67760
SSWL,2014-10-20 00:00:00+05:30,27.6,28.5,27.6,28.1,53270
SSWL,2014-10-21 00:00:00+05:30,28.1,28.4,28.0,28.25,28600
SSWL,2014-10-22 00:00:00+05:30,28.3,28.85,28.2,28.35,35510
SSWL,2014-10-23 00:00:00+05:30,28.8,29.0,28.5,28.85,19140
SSWL,2014-10-27 00:00:00+05:30,28.85,29.0,28.4,28.55,63580
SSWL,2014-10-28 00:00:00+05:30,28.3,28.9,28.3,28.85,26510
SSWL,2014-10-29 00:00:00+05:30,28.7,30.45,28.7,29.65,256210
SSWL,2014-10-30 00:00:00+05:30,29.95,30.5,29.8,30.15,135910
SSWL,2014-10-31 00:00:00+05:30,30.1,30.5,29.65,29.9,86080
SSWL,2014-11-03 00:00:00+05:30,29.8,30.5,29.8,30.4,87780
SSWL,2014-11-05 00:00:00+05:30,30.5,32.0,30.05,31.1,1546450
SSWL,2014-11-07 00:00:00+05:30,31.8,31.8,29.8,29.95,194990
SSWL,2014-11-10 00:00:00+05:30,29.9,30.1,29.2,29.35,107970
SSWL,2014-11-11 00:00:00+05:30,29.15,29.7,29.15,29.4,59900
SSWL,2014-11-12 00:00:00+05:30,29.25,29.7,29.25,29.35,66780
SSWL,2014-11-13 00:00:00+05:30,29.3,29.5,29.0,29.0,55030
SSWL,2014-11-14 00:00:00+05:30,29.2,29.3,28.65,28.7,44720
SSWL,2014-11-17 00:00:00+05:30,28.7,29.4,28.5,28.6,105170
SSWL,2014-11-18 00:00:00+05:30,28.5,28.95,28.5,28.55,58700
SSWL,2014-11-19 00:00:00+05:30,28.45,29.0,28.4,28.55,50510
SSWL,2014-11-20 00:00:00+05:30,28.3,28.7,28.0,28.1,51130
SSWL,2014-11-21 00:00:00+05:30,28.05,30.15,28.0,29.25,66520
SSWL,2014-11-24 00:00:00+05:30,29.0,35.15,29.0,34.6,4321120
SSWL,2014-11-25 00:00:00+05:30,34.7,34.7,31.0,31.95,1764890
SSWL,2014-11-26 00:00:00+05:30,31.95,37.3,31.1,36.0,5305230
SSWL,2014-11-27 00:00:00+05:30,36.35,38.1,34.8,36.55,2353390
SSWL,2014-11-28 00:00:00+05:30,37.25,37.7,35.5,35.95,726480
SSWL,2014-12-01 00:00:00+05:30,36.0,37.3,34.3,36.5,872740
SSWL,2014-12-02 00:00:00+05:30,36.55,37.2,35.3,35.7,195620
SSWL,2014-12-03 00:00:00+05:30,35.7,37.1,35.5,35.65,309790
SSWL,2014-12-04 00:00:00+05:30,35.6,36.55,35.3,35.75,135610
SSWL,2014-12-05 00:00:00+05:30,35.4,37.1,34.7,35.3,211610
SSWL,2014-12-08 00:00:00+05:30,35.55,35.9,33.6,34.0,178530
SSWL,2014-12-09 00:00:00+05:30,34.15,34.5,33.1,33.25,87120
SSWL,2014-12-10 00:00:00+05:30,33.1,33.6,32.9,33.1,97510
SSWL,2014-12-11 00:00:00+05:30,32.9,33.2,32.2,32.4,104500
SSWL,2014-12-12 00:00:00+05:30,32.9,37.15,32.7,34.9,1627630
SSWL,2014-12-15 00:00:00+05:30,34.9,36.15,33.65,34.1,266820
SSWL,2014-12-16 00:00:00+05:30,33.8,34.4,32.5,32.6,132460
SSWL,2014-12-17 00:00:00+05:30,32.8,33.4,31.85,32.0,126210
SSWL,2014-12-18 00:00:00+05:30,32.3,34.5,32.3,33.25,179610
SSWL,2014-12-19 00:00:00+05:30,33.5,34.2,32.45,32.95,99110
SSWL,2014-12-22 00:00:00+05:30,33.2,33.85,33.1,33.2,78280
SSWL,2014-12-23 00:00:00+05:30,32.85,33.35,32.45,32.45,52730
SSWL,2014-12-24 00:00:00+05:30,32.7,33.4,32.55,32.9,86590
SSWL,2014-12-26 00:00:00+05:30,32.6,33.2,32.6,32.8,27530
SSWL,2014-12-29 00:00:00+05:30,32.6,33.4,32.6,32.95,62430
SSWL,2014-12-30 00:00:00+05:30,33.2,33.2,32.8,32.95,35060
SSWL,2014-12-31 00:00:00+05:30,33.2,36.0,32.9,34.5,441860
SSWL,2015-01-01 00:00:00+05:30,34.5,36.4,34.0,35.25,439640
SSWL,2015-01-02 00:00:00+05:30,35.5,37.4,35.0,35.8,655850
SSWL,2015-01-05 00:00:00+05:30,36.1,36.7,34.65,35.65,253570
SSWL,2015-01-06 00:00:00+05:30,36.0,36.0,34.5,34.6,98910
SSWL,2015-01-07 00:00:00+05:30,34.6,35.0,34.15,34.5,26720
SSWL,2015-01-08 00:00:00+05:30,35.0,37.45,34.75,36.3,597160
SSWL,2015-01-09 00:00:00+05:30,36.5,36.9,35.55,35.7,144440
SSWL,2015-01-12 00:00:00+05:30,35.9,36.45,35.3,36.0,56830
SSWL,2015-01-13 00:00:00+05:30,35.85,36.75,35.85,35.95,81540
SSWL,2015-01-14 00:00:00+05:30,35.75,36.35,35.1,35.45,61910
SSWL,2015-01-15 00:00:00+05:30,35.7,36.7,35.7,36.05,84270
SSWL,2015-01-16 00:00:00+05:30,36.45,37.7,35.85,36.9,311010
SSWL,2015-01-19 00:00:00+05:30,37.45,39.5,37.2,37.8,1172970
SSWL,2015-01-20 00:00:00+05:30,38.65,39.6,36.5,36.65,716030
SSWL,2015-01-21 00:00:00+05:30,37.2,37.9,36.0,36.2,270170
SSWL,2015-01-22 00:00:00+05:30,36.15,36.9,35.75,35.95,164780
SSWL,2015-01-23 00:00:00+05:30,36.45,37.5,35.2,35.35,176440
SSWL,2015-01-27 00:00:00+05:30,35.55,36.0,34.65,34.8,135800
SSWL,2015-01-28 00:00:00+05:30,34.5,35.8,34.5,35.0,139160
SSWL,2015-01-29 00:00:00+05:30,34.85,35.6,34.5,34.65,68010
SSWL,2015-01-30 00:00:00+05:30,35.7,37.75,35.2,35.5,157660
SSWL,2015-02-02 00:00:00+05:30,35.5,35.9,34.45,34.7,160280
SSWL,2015-02-03 00:00:00+05:30,34.55,36.9,34.5,35.1,268770
SSWL,2015-02-04 00:00:00+05:30,35.2,37.0,34.6,35.65,398050
SSWL,2015-02-05 00:00:00+05:30,35.4,36.5,34.8,35.05,150380
SSWL,2015-02-06 00:00:00+05:30,36.0,36.5,34.1,35.35,103880
SSWL,2015-02-09 00:00:00+05:30,35.25,35.25,33.85,34.05,122080
SSWL,2015-02-10 00:00:00+05:30,34.4,35.3,34.15,34.5,267300
SSWL,2015-02-11 00:00:00+05:30,34.5,34.8,33.85,33.9,87130
SSWL,2015-02-12 00:00:00+05:30,34.4,34.7,34.0,34.3,60180
SSWL,2015-02-13 00:00:00+05:30,34.5,35.45,34.15,34.35,170110
SSWL,2015-02-16 00:00:00+05:30,34.2,34.9,34.2,34.35,50370
SSWL,2015-02-18 00:00:00+05:30,34.85,35.0,33.95,34.6,98170
SSWL,2015-02-19 00:00:00+05:30,34.2,34.55,33.8,33.95,33220
SSWL,2015-02-20 00:00:00+05:30,34.0,34.4,33.7,33.95,28960
SSWL,2015-02-23 00:00:00+05:30,33.95,34.2,33.4,33.5,34030
SSWL,2015-02-24 00:00:00+05:30,33.5,34.3,32.4,33.15,44610
SSWL,2015-02-25 00:00:00+05:30,33.45,36.9,32.9,34.8,1522920
SSWL,2015-02-26 00:00:00+05:30,35.05,35.05,33.05,33.2,316920
SSWL,2015-02-27 00:00:00+05:30,33.6,34.6,33.3,33.95,275930
SSWL,2015-03-02 00:00:00+05:30,33.5,34.0,32.15,32.3,259740
SSWL,2015-03-03 00:00:00+05:30,32.2,33.3,32.1,32.4,107110
SSWL,2015-03-04 00:00:00+05:30,32.85,33.1,32.2,32.35,51580
SSWL,2015-03-05 00:00:00+05:30,32.3,32.8,31.85,32.05,52710
SSWL,2015-03-09 00:00:00+05:30,31.8,32.4,30.75,31.3,60340
SSWL,2015-03-10 00:00:00+05:30,31.2,31.75,30.7,30.8,43740
SSWL,2015-03-11 00:00:00+05:30,30.8,34.75,30.4,33.8,934500
SSWL,2015-03-12 00:00:00+05:30,34.0,35.0,32.6,32.85,569340
SSWL,2015-03-13 00:00:00+05:30,32.9,33.45,31.55,32.0,62080
SSWL,2015-03-16 00:00:00+05:30,31.8,32.7,31.0,31.2,73060
SSWL,2015-03-17 00:00:00+05:30,31.3,32.45,30.85,31.15,93940
SSWL,2015-03-18 00:00:00+05:30,30.95,31.6,30.7,31.0,94380
SSWL,2015-03-19 00:00:00+05:30,31.4,31.5,30.4,31.1,93130
SSWL,2015-03-20 00:00:00+05:30,30.55,30.8,29.7,30.0,78540
SSWL,2015-03-23 00:00:00+05:30,29.55,30.2,29.0,29.3,40440
SSWL,2015-03-24 00:00:00+05:30,29.0,30.1,28.2,28.7,62960
SSWL,2015-03-25 00:00:00+05:30,29.75,29.75,27.5,27.65,90500
SSWL,2015-03-26 00:00:00+05:30,27.15,28.9,27.1,27.4,35660
SSWL,2015-03-27 00:00:00+05:30,27.3,27.95,25.35,26.75,253350
SSWL,2015-03-30 00:00:00+05:30,26.5,28.0,26.5,27.5,50870
SSWL,2015-03-31 00:00:00+05:30,27.8,29.0,27.7,28.0,85210
SSWL,2015-04-01 00:00:00+05:30,28.1,30.6,27.35,30.1,283800
SSWL,2015-04-06 00:00:00+05:30,30.35,31.1,30.0,30.45,58800
SSWL,2015-04-07 00:00:00+05:30,30.3,30.85,30.1,30.5,51900
SSWL,2015-04-08 00:00:00+05:30,31.1,31.9,30.85,31.05,83290
SSWL,2015-04-09 00:00:00+05:30,30.9,32.0,30.9,31.15,92350
SSWL,2015-04-10 00:00:00+05:30,31.2,32.4,31.2,32.1,131240
SSWL,2015-04-13 00:00:00+05:30,32.4,34.3,31.6,32.8,205200
SSWL,2015-04-15 00:00:00+05:30,33.0,34.7,33.0,33.25,363200
SSWL,2015-04-16 00:00:00+05:30,33.5,33.85,31.8,32.5,106170
SSWL,2015-04-17 00:00:00+05:30,32.5,33.75,31.9,32.45,83630
SSWL,2015-04-20 00:00:00+05:30,32.6,32.65,31.0,31.25,62490
SSWL,2015-04-21 00:00:00+05:30,31.1,31.65,30.5,30.6,43760
SSWL,2015-04-22 00:00:00+05:30,30.8,31.5,30.35,31.2,71730
SSWL,2015-04-23 00:00:00+05:30,31.45,32.2,31.1,31.65,83530
SSWL,2015-04-24 00:00:00+05:30,31.9,35.0,29.9,31.2,2908830
SSWL,2015-04-27 00:00:00+05:30,31.8,31.8,28.8,29.2,243630
SSWL,2015-04-28 00:00:00+05:30,29.0,29.6,28.0,28.8,188980
SSWL,2015-04-29 00:00:00+05:30,28.6,29.75,28.6,29.05,136320
SSWL,2015-04-30 00:00:00+05:30,29.5,29.5,28.2,28.7,71360
SSWL,2015-05-04 00:00:00+05:30,29.4,29.8,28.75,29.25,138230
SSWL,2015-05-05 00:00:00+05:30,29.5,30.8,29.25,29.6,270240
SSWL,2015-05-06 00:00:00+05:30,29.8,30.3,28.35,28.7,134940
SSWL,2015-05-07 00:00:00+05:30,29.35,29.35,28.1,28.25,39710
SSWL,2015-05-08 00:00:00+05:30,28.55,29.4,28.55,29.0,49100
SSWL,2015-05-11 00:00:00+05:30,29.5,31.3,29.5,30.8,228270
SSWL,2015-05-12 00:00:00+05:30,30.7,31.5,29.6,30.45,129390
SSWL,2015-05-13 00:00:00+05:30,30.7,31.6,30.25,30.35,115020
SSWL,2015-05-14 00:00:00+05:30,30.1,30.5,29.85,30.0,33910
SSWL,2015-05-15 00:00:00+05:30,30.2,30.8,29.6,30.55,114650
SSWL,2015-05-18 00:00:00+05:30,30.5,31.1,30.3,30.35,29870
SSWL,2015-05-19 00:00:00+05:30,30.4,30.8,29.9,30.05,62690
SSWL,2015-05-20 00:00:00+05:30,30.55,33.3,30.55,30.95,1117140
SSWL,2015-05-21 00:00:00+05:30,31.3,31.5,30.6,30.9,249460
SSWL,2015-05-22 00:00:00+05:30,30.85,31.3,30.6,30.7,58590
SSWL,2015-05-25 00:00:00+05:30,30.55,30.95,30.0,30.1,56350
SSWL,2015-05-26 00:00:00+05:30,29.9,30.8,29.6,30.05,97110
SSWL,2015-05-27 00:00:00+05:30,30.3,32.1,29.7,30.4,567040
SSWL,2015-05-28 00:00:00+05:30,30.3,30.9,29.8,30.1,112340
SSWL,2015-05-29 00:00:00+05:30,30.1,30.9,30.0,30.4,88120
SSWL,2015-06-01 00:00:00+05:30,30.1,30.85,29.9,30.3,73050
SSWL,2015-06-02 00:00:00+05:30,30.2,30.4,29.2,29.4,45590
SSWL,2015-06-03 00:00:00+05:30,29.3,29.4,28.0,28.65,78150
SSWL,2015-06-04 00:00:00+05:30,28.5,29.35,28.0,28.4,113930
SSWL,2015-06-05 00:00:00+05:30,28.2,28.8,28.0,28.45,49580
SSWL,2015-06-08 00:00:00+05:30,28.2,28.65,28.2,28.5,22250
SSWL,2015-06-09 00:00:00+05:30,28.25,28.55,27.7,27.85,40580
SSWL,2015-06-10 00:00:00+05:30,28.0,28.6,27.7,27.75,82730
SSWL,2015-06-11 00:00:00+05:30,28.1,28.4,27.2,27.3,110950
SSWL,2015-06-12 00:00:00+05:30,27.2,27.4,26.5,26.75,40640
SSWL,2015-06-15 00:00:00+05:30,26.6,28.55,26.55,26.75,524420
SSWL,2015-06-16 00:00:00+05:30,27.15,27.15,26.6,26.8,114660
SSWL,2015-06-17 00:00:00+05:30,27.0,27.35,26.8,26.9,97940
SSWL,2015-06-18 00:00:00+05:30,27.0,27.5,26.75,27.1,36480
SSWL,2015-06-19 00:00:00+05:30,27.0,27.45,26.9,26.95,53810
SSWL,2015-06-22 00:00:00+05:30,26.8,27.8,26.8,27.5,81030
SSWL,2015-06-23 00:00:00+05:30,27.6,28.35,27.3,27.85,66740
SSWL,2015-06-24 00:00:00+05:30,27.6,28.9,27.6,28.2,113180
SSWL,2015-06-25 00:00:00+05:30,28.2,28.7,27.65,28.4,67810
SSWL,2015-06-26 00:00:00+05:30,28.5,29.7,28.15,28.8,199440
SSWL,2015-06-29 00:00:00+05:30,28.6,28.6,27.3,27.45,85320
SSWL,2015-06-30 00:00:00+05:30,27.2,27.95,27.2,27.7,25170
SSWL,2015-07-01 00:00:00+05:30,27.5,28.7,27.25,28.5,75730
SSWL,2015-07-02 00:00:00+05:30,28.55,29.4,28.35,29.05,134610
SSWL,2015-07-03 00:00:00+05:30,29.65,30.7,29.0,29.65,231120
SSWL,2015-07-06 00:00:00+05:30,29.4,30.9,28.35,30.45,156340
SSWL,2015-07-07 00:00:00+05:30,29.55,31.3,29.55,29.85,121050
SSWL,2015-07-08 00:00:00+05:30,29.5,29.7,28.7,29.15,55660
SSWL,2015-07-09 00:00:00+05:30,29.8,29.8,29.1,29.2,22080
SSWL,2015-07-10 00:00:00+05:30,30.0,30.0,28.8,29.0,40420
SSWL,2015-07-13 00:00:00+05:30,29.1,30.5,29.0,30.3,101050
SSWL,2015-07-14 00:00:00+05:30,29.85,31.0,29.85,30.45,71370
SSWL,2015-07-15 00:00:00+05:30,30.9,31.75,30.4,31.25,178670
SSWL,2015-07-16 00:00:00+05:30,31.6,31.65,30.2,30.5,210060
SSWL,2015-07-17 00:00:00+05:30,30.5,31.15,30.15,30.75,125760
SSWL,2015-07-20 00:00:00+05:30,31.25,32.4,30.25,31.9,174510
SSWL,2015-07-21 00:00:00+05:30,33.5,34.0,31.9,32.4,712810
SSWL,2015-07-22 00:00:00+05:30,32.1,33.3,32.1,32.7,158190
SSWL,2015-07-23 00:00:00+05:30,32.5,33.05,32.1,32.55,191080
SSWL,2015-07-24 00:00:00+05:30,32.8,33.6,32.5,32.75,235340
SSWL,2015-07-27 00:00:00+05:30,32.1,33.3,31.5,31.95,135010
SSWL,2015-07-28 00:00:00+05:30,31.7,32.55,31.1,31.35,59720
SSWL,2015-07-29 00:00:00+05:30,31.25,33.65,31.25,32.65,236330
SSWL,2015-07-30 00:00:00+05:30,33.3,33.9,32.45,33.55,367370
SSWL,2015-07-31 00:00:00+05:30,34.5,38.7,34.0,35.8,3141570
SSWL,2015-08-03 00:00:00+05:30,37.0,37.9,36.35,36.7,965470
SSWL,2015-08-04 00:00:00+05:30,37.0,37.4,36.0,36.6,332300
SSWL,2015-08-05 00:00:00+05:30,36.3,37.15,35.0,35.2,417310
SSWL,2015-08-06 00:00:00+05:30,35.1,37.35,35.1,36.75,417050
SSWL,2015-08-07 00:00:00+05:30,38.55,39.25,37.65,37.95,2221210
SSWL,2015-08-10 00:00:00+05:30,38.2,38.65,37.15,37.45,287970
SSWL,2015-08-11 00:00:00+05:30,37.5,38.0,35.4,35.95,225520
SSWL,2015-08-12 00:00:00+05:30,35.95,36.15,34.1,34.4,138640
SSWL,2015-08-13 00:00:00+05:30,34.4,35.7,33.15,33.4,120130
SSWL,2015-08-14 00:00:00+05:30,33.2,34.8,33.0,34.0,157550
SSWL,2015-08-17 00:00:00+05:30,34.5,34.9,32.8,34.4,182550
SSWL,2015-08-18 00:00:00+05:30,34.2,35.3,34.1,34.95,116460
SSWL,2015-08-19 00:00:00+05:30,35.55,35.6,34.25,34.9,111650
SSWL,2015-08-20 00:00:00+05:30,37.2,37.8,35.65,35.95,883120
SSWL,2015-08-21 00:00:00+05:30,35.05,35.7,34.2,34.75,222240
SSWL,2015-08-24 00:00:00+05:30,33.3,34.0,30.6,31.05,192900
SSWL,2015-08-25 00:00:00+05:30,31.6,32.45,29.25,31.55,176220
SSWL,2015-08-26 00:00:00+05:30,31.7,32.7,30.5,31.8,116080
SSWL,2015-08-27 00:00:00+05:30,33.2,34.65,32.2,33.25,202020
SSWL,2015-08-28 00:00:00+05:30,33.9,34.7,32.75,33.1,53010
SSWL,2015-08-31 00:00:00+05:30,33.85,34.7,33.15,33.6,57140
SSWL,2015-09-01 00:00:00+05:30,33.2,33.4,31.75,32.2,74780
SSWL,2015-09-02 00:00:00+05:30,32.2,33.0,32.2,32.55,39320
SSWL,2015-09-03 00:00:00+05:30,33.5,33.5,32.6,32.85,38330
SSWL,2015-09-04 00:00:00+05:30,32.5,32.6,30.65,31.05,103240
SSWL,2015-09-07 00:00:00+05:30,31.0,31.5,29.8,29.95,54340
SSWL,2015-09-08 00:00:00+05:30,29.55,30.7,29.4,29.95,66760
SSWL,2015-09-09 00:00:00+05:30,30.3,33.8,30.3,32.05,419680
SSWL,2015-09-10 00:00:00+05:30,31.0,32.6,30.5,31.45,284690
SSWL,2015-09-11 00:00:00+05:30,33.6,33.6,32.1,32.5,459010
SSWL,2015-09-14 00:00:00+05:30,32.4,32.9,32.25,32.45,50970
SSWL,2015-09-15 00:00:00+05:30,32.4,32.85,31.6,32.05,44850
SSWL,2015-09-16 00:00:00+05:30,32.4,32.5,31.5,31.8,41810
SSWL,2015-09-18 00:00:00+05:30,32.05,33.1,32.0,32.6,60590
SSWL,2015-09-21 00:00:00+05:30,32.6,35.5,32.2,34.75,636540
SSWL,2015-09-22 00:00:00+05:30,34.75,36.15,34.65,35.65,453260
SSWL,2015-09-23 00:00:00+05:30,35.3,35.65,34.7,35.3,119340
SSWL,2015-09-24 00:00:00+05:30,35.2,35.8,34.6,35.4,82100
SSWL,2015-09-28 00:00:00+05:30,35.05,35.1,34.2,34.35,46770
SSWL,2015-09-29 00:00:00+05:30,34.0,35.6,32.6,32.85,512400
SSWL,2015-09-30 00:00:00+05:30,33.3,34.5,33.1,33.45,125450
SSWL,2015-10-01 00:00:00+05:30,34.05,34.15,32.85,33.35,113610
SSWL,2015-10-05 00:00:00+05:30,33.5,34.2,33.5,33.65,76290
SSWL,2015-10-06 00:00:00+05:30,33.8,34.4,33.6,33.7,75020
SSWL,2015-10-07 00:00:00+05:30,33.9,34.0,33.4,33.55,104710
SSWL,2015-10-08 00:00:00+05:30,33.5,33.8,33.0,33.55,48050
SSWL,2015-10-09 00:00:00+05:30,33.8,33.8,33.2,33.6,68960
SSWL,2015-10-12 00:00:00+05:30,33.95,34.0,33.35,33.65,14120
SSWL,2015-10-13 00:00:00+05:30,34.0,35.0,33.9,34.45,92340
SSWL,2015-10-14 00:00:00+05:30,34.25,39.0,34.25,36.7,2578300
SSWL,2015-10-15 00:00:00+05:30,37.0,38.0,35.9,36.4,905200
SSWL,2015-10-16 00:00:00+05:30,36.4,36.7,35.25,35.45,176230
SSWL,2015-10-19 00:00:00+05:30,35.5,36.1,35.1,35.35,138480
SSWL,2015-10-20 00:00:00+05:30,35.2,36.5,35.2,36.05,178490
SSWL,2015-10-21 00:00:00+05:30,36.1,37.0,35.2,35.9,132860
SSWL,2015-10-23 00:00:00+05:30,36.3,38.0,35.65,36.0,1787690
SSWL,2015-10-26 00:00:00+05:30,36.45,36.85,35.3,35.5,257750
SSWL,2015-10-27 00:00:00+05:30,35.5,36.4,34.15,34.95,221140
SSWL,2015-10-28 00:00:00+05:30,34.6,35.7,34.6,34.8,89390
SSWL,2015-10-29 00:00:00+05:30,34.25,35.0,34.25,34.35,43840
SSWL,2015-10-30 00:00:00+05:30,34.2,35.85,34.2,35.45,161690
SSWL,2015-11-02 00:00:00+05:30,36.65,37.35,35.6,35.85,585980
SSWL,2015-11-03 00:00:00+05:30,36.05,37.0,35.85,36.15,320270
SSWL,2015-11-04 00:00:00+05:30,36.4,37.7,36.0,36.2,1130460
SSWL,2015-11-05 00:00:00+05:30,36.3,37.05,36.1,36.25,200910
SSWL,2015-11-06 00:00:00+05:30,37.0,40.5,36.9,37.2,1510240
SSWL,2015-11-09 00:00:00+05:30,36.45,37.6,35.0,37.2,171090
SSWL,2015-11-10 00:00:00+05:30,36.9,37.5,36.25,36.5,195660
SSWL,2015-11-11 00:00:00+05:30,36.8,37.5,36.55,37.1,43810
SSWL,2015-11-13 00:00:00+05:30,36.9,37.2,35.75,35.95,115870
SSWL,2015-11-16 00:00:00+05:30,35.3,36.65,35.3,36.05,78040
SSWL,2015-11-17 00:00:00+05:30,35.8,36.4,35.65,35.75,58590
SSWL,2015-11-18 00:00:00+05:30,35.6,36.05,35.25,35.4,36550
SSWL,2015-11-19 00:00:00+05:30,35.25,36.0,35.25,35.55,50340
SSWL,2015-11-20 00:00:00+05:30,35.5,36.65,35.5,36.3,165590
SSWL,2015-11-23 00:00:00+05:30,36.3,37.5,36.3,36.65,96010
SSWL,2015-11-24 00:00:00+05:30,36.55,37.65,36.2,37.15,223320
SSWL,2015-11-26 00:00:00+05:30,37.1,38.2,37.1,37.9,173270
SSWL,2015-11-27 00:00:00+05:30,38.4,39.0,37.65,37.8,155600
SSWL,2015-11-30 00:00:00+05:30,37.8,38.5,37.5,37.7,45490
SSWL,2015-12-01 00:00:00+05:30,38.2,40.3,38.1,38.85,1083720
SSWL,2015-12-02 00:00:00+05:30,39.35,39.7,38.1,38.4,354260
SSWL,2015-12-03 00:00:00+05:30,38.5,38.9,37.9,38.15,86880
SSWL,2015-12-04 00:00:00+05:30,37.7,38.3,37.4,37.6,66040
SSWL,2015-12-07 00:00:00+05:30,37.7,38.0,37.2,37.55,70720
SSWL,2015-12-08 00:00:00+05:30,37.25,38.55,36.9,37.25,179390
SSWL,2015-12-09 00:00:00+05:30,37.4,37.5,36.05,36.5,63960
SSWL,2015-12-10 00:00:00+05:30,36.5,39.0,35.8,36.9,297380
SSWL,2015-12-11 00:00:00+05:30,36.7,37.75,36.25,36.45,94950
SSWL,2015-12-14 00:00:00+05:30,36.4,36.9,36.1,36.6,114980
SSWL,2015-12-15 00:00:00+05:30,36.6,38.2,36.6,37.8,226490
SSWL,2015-12-16 00:00:00+05:30,37.9,38.1,37.15,37.25,116040
SSWL,2015-12-17 00:00:00+05:30,37.7,37.75,37.05,37.35,39580
SSWL,2015-12-18 00:00:00+05:30,37.5,37.65,37.0,37.15,121500
SSWL,2015-12-21 00:00:00+05:30,37.7,38.5,37.5,38.15,132220
SSWL,2015-12-22 00:00:00+05:30,38.6,38.6,38.0,38.4,67140
SSWL,2015-12-23 00:00:00+05:30,38.4,40.0,38.3,39.7,319980
SSWL,2015-12-24 00:00:00+05:30,39.7,44.85,39.7,43.5,4744760
SSWL,2015-12-28 00:00:00+05:30,43.85,45.95,43.65,44.8,3008940
SSWL,2015-12-29 00:00:00+05:30,45.1,45.1,41.9,42.55,724740
SSWL,2015-12-30 00:00:00+05:30,42.9,44.7,42.6,43.7,1224390
SSWL,2015-12-31 00:00:00+05:30,43.9,45.2,43.8,44.1,874860
SSWL,2015-12-31 09:15:00+05:30,43.9,45.2,43.8,44.1,874860
SSWL,2016-01-01 09:15:00+05:30,44.3,44.5,42.1,42.9,686050
SSWL,2016-01-04 09:15:00+05:30,43.0,43.95,42.3,42.65,536650
SSWL,2016-01-05 09:15:00+05:30,42.7,43.4,42.15,42.65,222160
SSWL,2016-01-06 09:15:00+05:30,43.05,44.35,42.4,42.55,356680
SSWL,2016-01-07 09:15:00+05:30,42.1,42.7,40.95,41.1,375440
SSWL,2016-01-08 09:15:00+05:30,41.2,42.75,41.2,41.9,185850
SSWL,2016-01-11 09:15:00+05:30,41.4,42.35,41.1,42.0,221730
SSWL,2016-01-12 09:15:00+05:30,42.2,43.25,41.2,41.5,268940
SSWL,2016-01-13 09:15:00+05:30,41.95,42.15,37.85,39.3,601150
SSWL,2016-01-14 09:16:00+05:30,39.3,39.3,37.5,37.85,278070
SSWL,2016-01-15 09:15:00+05:30,38.0,38.7,36.75,37.0,241750
SSWL,2016-01-18 09:16:00+05:30,36.8,36.9,31.3,31.85,3610040
SSWL,2016-01-19 09:15:00+05:30,32.2,33.0,32.0,32.6,444840
SSWL,2016-01-20 09:15:00+05:30,32.0,32.5,31.0,31.85,318300
SSWL,2016-01-21 09:15:00+05:30,32.5,32.9,30.75,31.25,257440
SSWL,2016-01-22 09:15:00+05:30,31.65,32.4,31.4,32.05,455740
SSWL,2016-01-25 09:15:00+05:30,32.7,34.0,32.35,33.2,272580
SSWL,2016-01-27 09:16:00+05:30,33.5,35.4,33.2,34.0,459590
SSWL,2016-01-28 09:15:00+05:30,34.6,35.2,34.05,34.35,263180
SSWL,2016-01-29 09:15:00+05:30,34.7,35.85,34.5,35.35,308770
SSWL,2016-02-01 09:15:00+05:30,35.8,36.9,35.2,36.15,426350
SSWL,2016-02-02 09:17:00+05:30,36.0,36.8,34.5,35.05,163450
SSWL,2016-02-03 09:15:00+05:30,34.5,34.5,33.5,33.95,193230
SSWL,2016-02-04 09:15:00+05:30,34.65,35.3,33.35,33.65,82810
SSWL,2016-02-05 09:16:00+05:30,33.6,34.3,33.35,34.05,64900
SSWL,2016-02-08 09:15:00+05:30,34.3,34.6,33.6,33.85,62560
SSWL,2016-02-09 09:15:00+05:30,33.15,33.65,32.75,33.2,60550
SSWL,2016-02-10 09:24:00+05:30,32.9,33.3,31.8,32.6,123070
SSWL,2016-02-11 09:16:00+05:30,32.6,32.6,30.5,30.8,159210
SSWL,2016-02-12 09:16:00+05:30,31.4,31.4,28.5,29.75,249280
SSWL,2016-02-15 09:15:00+05:30,30.4,31.4,29.3,31.05,152980
SSWL,2016-02-16 09:21:00+05:30,31.7,31.7,29.75,30.05,59940
SSWL,2016-02-17 09:15:00+05:30,29.5,29.7,28.25,29.1,104460
SSWL,2016-02-18 09:15:00+05:30,29.5,30.5,29.5,30.0,83280
SSWL,2016-02-19 09:18:00+05:30,29.7,30.5,29.55,29.8,53080
SSWL,2016-02-22 09:22:00+05:30,30.15,31.2,30.15,30.95,61080
SSWL,2016-02-23 09:19:00+05:30,30.85,31.0,29.5,29.95,131940
SSWL,2016-02-24 09:15:00+05:30,29.5,29.6,29.1,29.35,97350
SSWL,2016-02-25 09:17:00+05:30,29.4,30.35,29.1,29.35,79570
SSWL,2016-02-26 09:15:00+05:30,29.6,30.0,28.6,29.05,69080
SSWL,2016-02-29 09:15:00+05:30,28.5,29.4,28.5,29.15,67870
SSWL,2016-03-01 09:15:00+05:30,29.0,31.0,29.0,30.75,139510
SSWL,2016-03-02 09:15:00+05:30,31.4,32.0,31.2,31.7,109600
SSWL,2016-03-03 09:15:00+05:30,32.6,33.5,31.95,32.6,190930
SSWL,2016-03-04 09:15:00+05:30,33.8,34.6,33.25,33.8,147270
SSWL,2016-03-08 09:15:00+05:30,34.4,34.8,33.65,33.8,99110
SSWL,2016-03-09 09:15:00+05:30,33.55,34.3,33.05,33.4,85050
SSWL,2016-03-10 09:15:00+05:30,33.95,34.6,33.0,33.4,75400
SSWL,2016-03-11 09:22:00+05:30,33.5,33.75,32.85,32.95,39670
SSWL,2016-03-14 09:21:00+05:30,33.0,33.6,32.65,32.75,46000
SSWL,2016-03-15 09:15:00+05:30,32.5,33.0,32.4,32.65,43330
SSWL,2016-03-16 09:17:00+05:30,32.5,32.8,32.2,32.55,38480
SSWL,2016-03-17 09:15:00+05:30,32.95,33.25,32.4,32.45,111370
SSWL,2016-03-18 09:19:00+05:30,32.5,32.85,32.4,32.75,28420
SSWL,2016-03-21 09:23:00+05:30,32.85,33.25,32.7,33.05,25420
SSWL,2016-03-22 09:17:00+05:30,33.4,33.5,32.7,33.2,47560
SSWL,2016-03-23 09:17:00+05:30,32.9,33.5,32.9,33.3,32730
SSWL,2016-03-28 09:15:00+05:30,33.5,35.2,33.4,34.05,386300
SSWL,2016-03-29 09:15:00+05:30,34.7,34.8,33.6,33.9,111290
SSWL,2016-03-30 09:15:00+05:30,34.35,34.85,33.85,34.2,141720
SSWL,2016-03-31 09:20:00+05:30,34.0,34.5,33.8,33.95,46790
SSWL,2016-04-01 09:16:00+05:30,34.3,35.5,34.1,34.75,162410
SSWL,2016-04-04 09:15:00+05:30,35.0,36.0,35.0,35.75,161800
SSWL,2016-04-05 09:15:00+05:30,35.3,35.8,35.0,35.3,100120
SSWL,2016-04-06 09:15:00+05:30,35.7,37.05,35.45,36.15,176460
SSWL,2016-04-07 09:15:00+05:30,36.4,38.45,36.25,37.85,301570
SSWL,2016-04-08 09:16:00+05:30,37.9,38.4,37.1,37.5,129130
SSWL,2016-04-11 09:15:00+05:30,37.45,38.0,37.2,37.5,53030
SSWL,2016-04-12 09:17:00+05:30,37.5,38.0,36.75,37.0,88960
SSWL,2016-04-13 09:15:00+05:30,37.85,37.85,36.7,37.0,114060
SSWL,2016-04-18 09:16:00+05:30,37.0,38.85,36.8,38.45,845100
SSWL,2016-04-20 09:15:00+05:30,39.0,40.7,38.75,39.65,1110360
SSWL,2016-04-21 09:15:00+05:30,39.5,41.0,39.3,39.85,791420
SSWL,2016-04-22 09:15:00+05:30,39.7,40.25,39.45,39.6,114640
SSWL,2016-04-25 09:16:00+05:30,39.2,39.9,39.05,39.25,80760
SSWL,2016-04-26 09:15:00+05:30,39.2,39.8,39.0,39.4,84680
SSWL,2016-04-27 09:16:00+05:30,39.95,40.75,39.9,40.4,256150
SSWL,2016-04-28 09:15:00+05:30,40.3,42.5,40.3,42.1,2319250
SSWL,2016-04-29 09:15:00+05:30,42.6,43.6,41.0,41.85,744760
SSWL,2016-05-02 09:15:00+05:30,41.7,43.4,40.7,41.95,417260
SSWL,2016-05-03 09:15:00+05:30,42.2,43.0,41.6,41.9,151490
SSWL,2016-05-04 09:16:00+05:30,41.95,42.3,40.75,40.9,110920
SSWL,2016-05-05 09:18:00+05:30,41.25,41.7,40.6,41.0,122790
SSWL,2016-05-06 09:15:00+05:30,41.0,41.75,40.8,41.2,57090
SSWL,2016-05-09 09:16:00+05:30,41.0,41.75,41.0,41.35,71250
SSWL,2016-05-10 09:15:00+05:30,41.35,41.75,40.9,41.15,57830
SSWL,2016-05-11 09:15:00+05:30,40.85,42.5,39.9,41.3,262790
SSWL,2016-05-12 09:19:00+05:30,41.3,42.1,41.3,41.65,113260
SSWL,2016-05-13 09:15:00+05:30,41.65,42.2,41.1,41.5,127770
SSWL,2016-05-16 09:16:00+05:30,41.8,41.8,41.05,41.2,61120
SSWL,2016-05-17 09:15:00+05:30,41.0,41.9,41.0,41.35,78780
SSWL,2016-05-18 09:15:00+05:30,41.2,41.7,41.0,41.1,59150
SSWL,2016-05-19 09:16:00+05:30,41.1,42.2,40.7,40.95,202160
SSWL,2016-05-20 09:15:00+05:30,40.5,41.3,40.1,40.4,88720
SSWL,2016-05-23 09:21:00+05:30,40.65,41.5,40.0,40.35,214280
SSWL,2016-05-24 09:23:00+05:30,40.45,40.75,39.55,39.7,53600
SSWL,2016-05-25 09:17:00+05:30,39.8,40.45,39.8,39.95,73330
SSWL,2016-05-26 09:15:00+05:30,40.0,40.5,39.5,39.65,99730
SSWL,2016-05-27 09:20:00+05:30,40.1,40.1,38.6,39.45,102770
SSWL,2016-05-30 09:19:00+05:30,39.4,39.9,37.8,38.45,135000
SSWL,2016-05-31 09:16:00+05:30,38.9,38.95,38.25,38.45,56860
SSWL,2016-06-01 09:16:00+05:30,39.0,39.9,38.5,39.4,225850
SSWL,2016-06-02 09:16:00+05:30,39.5,39.85,39.0,39.6,73290
SSWL,2016-06-03 09:17:00+05:30,39.95,42.1,39.2,41.75,447130
SSWL,2016-06-06 09:15:00+05:30,41.75,44.3,41.5,43.8,1210890
SSWL,2016-06-07 09:15:00+05:30,44.1,45.45,44.1,44.95,521620
SSWL,2016-06-08 09:15:00+05:30,45.15,46.75,44.75,45.1,474800
SSWL,2016-06-09 09:15:00+05:30,44.8,45.45,43.65,43.95,207230
SSWL,2016-06-10 09:18:00+05:30,43.95,45.2,43.65,44.15,499750
SSWL,2016-06-13 09:15:00+05:30,43.8,43.85,42.2,42.7,200590
SSWL,2016-06-14 09:17:00+05:30,42.7,44.0,41.6,42.2,157740
SSWL,2016-06-15 09:15:00+05:30,42.3,44.4,42.3,43.85,177490
SSWL,2016-06-16 09:21:00+05:30,43.85,45.0,42.8,44.55,207400
SSWL,2016-06-17 09:15:00+05:30,44.55,45.45,43.5,43.7,108450
SSWL,2016-06-20 09:16:00+05:30,43.1,44.0,42.4,43.75,98050
SSWL,2016-06-21 09:15:00+05:30,43.35,44.7,43.2,44.4,118600
SSWL,2016-06-22 09:16:00+05:30,43.5,44.9,43.5,44.3,85150
SSWL,2016-06-23 09:20:00+05:30,44.0,44.35,43.6,44.0,90980
SSWL,2016-06-24 09:15:00+05:30,43.5,44.4,40.35,43.95,532770
SSWL,2016-06-27 09:16:00+05:30,43.7,44.4,43.5,43.95,68860
SSWL,2016-06-28 09:15:00+05:30,44.2,45.35,44.0,44.4,119160
SSWL,2016-06-29 09:15:00+05:30,45.3,45.3,44.3,44.85,68480
SSWL,2016-06-30 09:15:00+05:30,45.0,45.8,44.4,45.65,257120
SSWL,2016-07-01 09:15:00+05:30,46.1,48.0,46.0,47.4,627870
SSWL,2016-07-04 09:17:00+05:30,47.9,49.4,47.6,48.3,610200
SSWL,2016-07-05 09:15:00+05:30,48.0,48.8,48.0,48.65,187400
SSWL,2016-07-07 09:15:00+05:30,48.5,49.2,47.8,48.15,120120
SSWL,2016-07-08 09:15:00+05:30,48.0,48.5,47.45,47.6,114970
SSWL,2016-07-11 09:15:00+05:30,48.1,48.8,47.95,48.4,136180
SSWL,2016-07-12 09:16:00+05:30,48.15,49.15,47.55,47.8,196370
SSWL,2016-07-13 09:19:00+05:30,47.9,48.6,47.15,47.85,234460
SSWL,2016-07-14 09:15:00+05:30,47.85,48.0,47.3,47.7,109120
SSWL,2016-07-15 09:15:00+05:30,47.8,49.5,47.8,48.0,304200
SSWL,2016-07-18 09:15:00+05:30,48.5,48.5,47.0,47.1,79330
SSWL,2016-07-19 09:15:00+05:30,46.7,48.8,46.6,46.8,193670
SSWL,2016-07-20 09:15:00+05:30,46.7,48.9,46.7,47.7,684010
SSWL,2016-07-21 09:15:00+05:30,48.0,48.0,47.3,47.55,98500
SSWL,2016-07-22 09:42:00+05:30,47.75,48.05,47.5,47.8,80010
SSWL,2016-07-25 09:17:00+05:30,47.8,49.4,47.8,49.15,121130
SSWL,2016-07-26 09:18:00+05:30,49.35,52.4,49.3,50.55,870250
SSWL,2016-07-27 09:15:00+05:30,51.05,55.2,50.5,52.2,3732240
SSWL,2016-07-28 09:15:00+05:30,52.45,52.8,50.3,51.45,722670
SSWL,2016-07-29 09:17:00+05:30,51.6,51.9,50.2,50.6,192520
SSWL,2016-08-01 09:15:00+05:30,51.3,51.6,49.4,49.7,253470
SSWL,2016-08-02 09:15:00+05:30,49.8,51.2,49.5,50.2,385780
SSWL,2016-08-03 09:15:00+05:30,50.1,50.6,49.3,49.6,114040
SSWL,2016-08-04 09:15:00+05:30,49.75,50.2,48.9,49.4,131000
SSWL,2016-08-05 09:16:00+05:30,50.05,52.1,49.55,51.4,892560
SSWL,2016-08-08 09:15:00+05:30,52.35,53.0,52.2,52.35,414180
SSWL,2016-08-09 09:15:00+05:30,52.5,53.25,51.6,52.1,351900
SSWL,2016-08-10 09:17:00+05:30,52.7,52.7,51.0,51.05,103480
SSWL,2016-08-11 09:15:00+05:30,51.0,51.75,50.5,50.7,110690
SSWL,2016-08-12 09:15:00+05:30,51.0,52.9,49.4,49.85,470600
SSWL,2016-08-16 09:15:00+05:30,50.5,50.8,49.6,50.3,105300
SSWL,2016-08-17 09:17:00+05:30,50.7,51.4,50.0,50.9,109210
SSWL,2016-08-18 09:15:00+05:30,51.8,52.3,50.9,51.95,186140
SSWL,2016-08-19 09:15:00+05:30,52.35,52.35,50.3,50.7,202240
SSWL,2016-08-22 09:15:00+05:30,51.9,58.7,51.9,56.5,5346590
SSWL,2016-08-23 09:15:00+05:30,56.0,57.6,55.5,56.6,946800
SSWL,2016-08-24 09:15:00+05:30,57.1,57.25,55.95,56.9,405400
SSWL,2016-08-25 09:15:00+05:30,57.45,58.5,56.0,56.5,365140
SSWL,2016-08-26 09:15:00+05:30,57.0,57.6,56.1,57.25,322280
SSWL,2016-08-29 09:15:00+05:30,57.25,58.0,56.5,56.95,201380
SSWL,2016-08-30 09:16:00+05:30,56.9,57.5,56.4,56.6,135390
SSWL,2016-08-31 09:15:00+05:30,56.6,59.25,56.25,57.05,861310
SSWL,2016-09-01 09:15:00+05:30,57.5,58.6,56.55,57.15,314100
SSWL,2016-09-02 09:15:00+05:30,57.6,57.8,56.8,56.95,152780
SSWL,2016-09-06 09:15:00+05:30,57.2,57.8,56.8,57.0,154310
SSWL,2016-09-07 09:19:00+05:30,57.15,58.75,56.65,57.7,417200
SSWL,2016-09-08 09:18:00+05:30,58.0,59.5,58.0,58.45,414480
SSWL,2016-09-09 09:15:00+05:30,59.0,59.0,57.6,57.9,165000
SSWL,2016-09-12 09:15:00+05:30,56.9,57.7,56.25,56.45,140070
SSWL,2016-09-14 09:15:00+05:30,56.45,57.3,56.45,56.75,135150
SSWL,2016-09-15 09:16:00+05:30,57.3,58.8,57.15,58.4,267600
SSWL,2016-09-16 09:15:00+05:30,59.4,59.7,57.8,58.6,180770
SSWL,2016-09-19 09:15:00+05:30,58.2,59.0,57.5,57.65,130260
SSWL,2016-09-20 09:15:00+05:30,57.1,58.3,57.1,57.7,137300
SSWL,2016-09-21 09:15:00+05:30,57.4,58.7,57.4,58.05,105980
SSWL,2016-09-22 09:15:00+05:30,59.3,59.3,57.95,58.25,128970
SSWL,2016-09-23 09:15:00+05:30,58.0,61.75,57.8,59.05,582020
SSWL,2016-09-26 09:15:00+05:30,59.5,60.5,58.5,58.75,191230
SSWL,2016-09-27 09:15:00+05:30,59.3,61.2,59.1,59.55,231570
SSWL,2016-09-28 09:15:00+05:30,60.95,60.95,59.65,60.05,156820
SSWL,2016-09-29 09:18:00+05:30,60.65,60.85,55.5,56.75,357000
SSWL,2016-09-30 09:15:00+05:30,55.6,58.9,55.4,58.2,152820
SSWL,2016-10-03 09:15:00+05:30,61.0,62.7,60.0,61.3,714840
SSWL,2016-10-04 09:15:00+05:30,61.7,63.05,61.6,62.8,471170
SSWL,2016-10-05 09:15:00+05:30,63.2,65.0,62.9,64.8,448900
SSWL,2016-10-06 09:15:00+05:30,65.6,70.5,65.05,67.8,1515230
SSWL,2016-10-07 09:15:00+05:30,68.0,71.0,68.0,70.15,863570
SSWL,2016-10-10 09:15:00+05:30,70.85,76.05,70.25,75.35,1539880
SSWL,2016-10-13 09:15:00+05:30,75.35,75.85,72.6,73.55,789500
SSWL,2016-10-14 09:15:00+05:30,74.25,77.8,74.0,77.15,1334030
SSWL,2016-10-17 09:15:00+05:30,75.4,75.4,70.55,71.2,1521900
SSWL,2016-10-18 09:15:00+05:30,71.7,73.55,70.35,72.25,517180
SSWL,2016-10-19 09:15:00+05:30,72.4,72.45,70.25,70.65,251310
SSWL,2016-10-20 09:15:00+05:30,71.15,72.15,70.6,71.2,274720
SSWL,2016-10-21 09:15:00+05:30,71.1,71.5,69.1,69.4,309660
SSWL,2016-10-24 09:15:00+05:30,69.9,70.25,69.4,69.7,228080
SSWL,2016-10-25 09:16:00+05:30,70.0,71.8,69.45,69.75,441380
SSWL,2016-10-26 09:15:00+05:30,69.5,69.6,67.0,67.4,276610
SSWL,2016-10-27 09:15:00+05:30,67.0,67.9,66.1,66.6,189360
SSWL,2016-10-28 09:15:00+05:30,66.85,67.35,65.0,65.45,267050
SSWL,2016-11-01 09:15:00+05:30,67.8,68.8,67.05,67.7,147570
SSWL,2016-11-02 09:15:00+05:30,66.1,67.45,65.6,66.0,154620
SSWL,2016-11-03 09:15:00+05:30,65.6,66.75,65.0,65.1,115920
SSWL,2016-11-04 09:15:00+05:30,65.1,66.4,62.0,62.2,200520
SSWL,2016-11-07 09:15:00+05:30,62.5,64.2,62.5,62.75,113360
SSWL,2016-11-08 09:15:00+05:30,63.0,63.95,62.7,63.4,98610
SSWL,2016-11-09 09:15:00+05:30,60.0,67.0,54.5,65.25,283070
SSWL,2016-11-10 09:15:00+05:30,66.0,68.0,63.6,64.2,145490
SSWL,2016-11-11 09:15:00+05:30,63.65,64.8,61.7,62.05,92500
SSWL,2016-11-15 09:16:00+05:30,61.6,62.15,49.8,53.15,768960
SSWL,2016-11-16 09:15:00+05:30,54.5,55.0,50.7,52.3,438590
SSWL,2016-11-17 09:15:00+05:30,52.2,53.6,51.1,51.85,138910
SSWL,2016-11-18 09:15:00+05:30,51.5,52.0,50.6,51.05,170560
SSWL,2016-11-21 09:15:00+05:30,50.8,51.2,49.0,49.5,108920
SSWL,2016-11-22 09:15:00+05:30,50.0,50.8,48.0,48.9,108360
SSWL,2016-11-23 09:17:00+05:30,50.2,52.9,49.3,51.55,204650
SSWL,2016-11-24 09:15:00+05:30,52.5,52.5,50.7,50.9,162050
SSWL,2016-11-25 09:18:00+05:30,51.5,54.5,51.0,51.5,589030
SSWL,2016-11-28 09:15:00+05:30,51.5,53.7,51.5,52.85,238280
SSWL,2016-11-29 09:16:00+05:30,53.45,54.75,53.0,54.1,156140
SSWL,2016-11-30 09:15:00+05:30,54.4,55.0,53.6,54.75,114500
SSWL,2016-12-01 09:15:00+05:30,55.0,65.0,54.7,63.4,3669510
SSWL,2016-12-02 09:15:00+05:30,62.6,62.8,60.0,60.9,815790
SSWL,2016-12-05 09:15:00+05:30,61.4,63.1,61.1,61.6,809120
SSWL,2016-12-06 09:15:00+05:30,62.5,62.75,60.3,60.95,268930
SSWL,2016-12-07 09:15:00+05:30,61.25,61.8,59.5,60.3,159540
SSWL,2016-12-08 09:15:00+05:30,61.0,61.9,60.5,60.85,187420
SSWL,2016-12-09 09:15:00+05:30,61.75,61.75,60.05,60.45,162110
SSWL,2016-12-12 09:16:00+05:30,60.5,61.2,59.8,60.15,105250
SSWL,2016-12-13 09:15:00+05:30,60.0,60.75,59.25,59.6,71490
SSWL,2016-12-14 09:15:00+05:30,60.5,60.5,58.55,58.75,104870
SSWL,2016-12-15 09:15:00+05:30,57.5,60.5,57.5,58.85,123510
SSWL,2016-12-16 09:18:00+05:30,59.8,60.0,58.3,59.0,103450
SSWL,2016-12-19 09:15:00+05:30,60.0,60.0,58.1,58.6,39610
SSWL,2016-12-20 09:19:00+05:30,59.5,59.5,56.85,57.3,96320
SSWL,2016-12-21 09:15:00+05:30,58.35,58.4,57.1,57.25,50970
SSWL,2016-12-22 09:16:00+05:30,57.0,57.3,55.2,55.7,89800
SSWL,2016-12-23 09:15:00+05:30,56.0,57.1,56.0,56.1,71390
SSWL,2016-12-26 09:16:00+05:30,56.1,56.6,54.7,55.0,69020
SSWL,2016-12-27 09:15:00+05:30,56.0,56.2,55.1,55.8,64740
SSWL,2016-12-28 09:16:00+05:30,56.2,64.5,56.2,60.2,1742130
SSWL,2016-12-29 09:15:00+05:30,60.5,61.5,59.4,61.2,371910
SSWL,2016-12-30 09:15:00+05:30,61.5,62.8,61.3,61.85,354610
SSWL,2017-01-02 09:15:00+05:30,61.6,63.0,61.6,62.8,254310
SSWL,2017-01-03 09:15:00+05:30,63.1,66.5,62.8,65.65,485780
SSWL,2017-01-04 09:15:00+05:30,64.4,70.0,64.4,67.05,714720
SSWL,2017-01-05 09:15:00+05:30,67.95,70.5,66.8,68.75,475610
SSWL,2017-01-06 09:15:00+05:30,68.1,69.85,67.65,68.05,111940
SSWL,2017-01-09 09:15:00+05:30,67.2,69.4,67.2,68.3,98350
SSWL,2017-01-10 09:15:00+05:30,68.6,69.3,67.5,67.8,108240
SSWL,2017-01-11 09:56:00+05:30,67.85,69.0,67.85,68.4,102830
SSWL,2017-01-12 09:16:00+05:30,68.25,71.1,67.55,69.15,634840
SSWL,2017-01-13 09:15:00+05:30,71.2,71.2,68.2,68.65,124640
SSWL,2017-01-16 09:15:00+05:30,68.9,69.4,68.0,68.3,156410
SSWL,2017-01-17 09:17:00+05:30,68.3,69.0,68.0,68.45,222620
SSWL,2017-01-18 09:15:00+05:30,68.4,69.2,68.0,68.35,71530
SSWL,2017-01-19 09:17:00+05:30,68.4,69.2,67.7,68.05,59670
SSWL,2017-01-20 09:16:00+05:30,68.0,68.7,66.4,67.0,104990
SSWL,2017-01-23 09:15:00+05:30,66.9,68.2,66.25,66.7,43740
SSWL,2017-01-24 09:18:00+05:30,66.6,67.9,66.5,67.0,43030
SSWL,2017-01-25 09:15:00+05:30,67.2,68.0,67.0,67.15,59260
SSWL,2017-01-27 09:15:00+05:30,68.4,68.5,66.6,67.1,107880
SSWL,2017-01-30 09:15:00+05:30,68.1,70.5,67.2,69.4,248520
SSWL,2017-01-31 09:15:00+05:30,69.4,69.7,67.9,68.55,117420
SSWL,2017-02-01 09:19:00+05:30,68.4,70.5,68.0,69.95,145220
SSWL,2017-02-02 09:16:00+05:30,69.6,70.5,68.65,69.05,187210
SSWL,2017-02-03 09:15:00+05:30,69.1,69.75,68.4,69.2,118730
SSWL,2017-02-06 09:15:00+05:30,69.0,70.5,68.85,69.35,217700
SSWL,2017-02-07 09:17:00+05:30,69.45,70.4,69.0,69.15,180630
SSWL,2017-02-08 09:15:00+05:30,69.2,69.9,69.0,69.15,52940
SSWL,2017-02-09 09:16:00+05:30,69.0,69.6,69.0,69.4,46140
SSWL,2017-02-10 09:15:00+05:30,70.0,70.4,69.2,69.7,78210
SSWL,2017-02-13 09:18:00+05:30,70.0,70.45,65.9,68.8,567870
SSWL,2017-02-14 09:16:00+05:30,69.1,69.2,66.5,67.1,307960
SSWL,2017-02-15 09:19:00+05:30,67.55,67.8,66.8,66.9,86130
SSWL,2017-02-16 09:19:00+05:30,66.7,69.0,66.3,67.8,129180
SSWL,2017-02-17 09:20:00+05:30,67.7,70.0,67.35,69.25,193560
SSWL,2017-02-20 09:15:00+05:30,69.2,69.5,68.1,68.5,43000
SSWL,2017-02-21 09:15:00+05:30,68.5,70.55,68.05,70.15,142980
SSWL,2017-02-22 09:18:00+05:30,69.6,70.5,67.95,68.45,117650
SSWL,2017-02-23 09:17:00+05:30,68.8,69.9,68.3,68.65,95810
SSWL,2017-02-27 09:15:00+05:30,69.95,69.95,68.1,68.25,55570
SSWL,2017-02-28 09:15:00+05:30,68.5,73.45,68.4,72.0,628430
SSWL,2017-03-01 09:15:00+05:30,72.5,73.9,70.6,71.55,379700
SSWL,2017-03-02 09:15:00+05:30,71.5,72.3,69.5,69.95,234750
SSWL,2017-03-03 09:15:00+05:30,69.6,70.25,69.15,69.55,120570
SSWL,2017-03-06 09:16:00+05:30,71.1,71.1,68.6,69.4,160100
SSWL,2017-03-07 09:15:00+05:30,69.6,70.2,68.6,69.1,118230
SSWL,2017-03-08 09:15:00+05:30,69.0,70.2,68.5,68.65,141380
SSWL,2017-03-09 09:15:00+05:30,68.5,71.1,68.5,70.6,243640
SSWL,2017-03-10 09:15:00+05:30,72.15,72.15,68.6,69.15,156140
SSWL,2017-03-14 09:15:00+05:30,69.5,72.6,69.5,71.55,514130
SSWL,2017-03-15 09:15:00+05:30,71.55,72.4,71.1,71.45,95300
SSWL,2017-03-16 09:18:00+05:30,71.5,73.4,71.5,72.75,184130
SSWL,2017-03-17 09:15:00+05:30,73.0,73.0,71.3,71.55,71910
SSWL,2017-03-20 09:22:00+05:30,72.6,72.6,70.6,71.9,231260
SSWL,2017-03-21 09:16:00+05:30,72.45,73.0,71.1,72.55,234010
SSWL,2017-03-22 09:16:00+05:30,71.55,72.65,71.0,71.2,100270
SSWL,2017-03-23 09:15:00+05:30,71.3,75.9,71.3,75.4,1142450
SSWL,2017-03-24 09:15:00+05:30,75.2,77.1,74.8,76.25,662230
SSWL,2017-03-27 09:15:00+05:30,77.0,80.5,74.3,79.4,572520
SSWL,2017-03-28 09:15:00+05:30,80.0,83.25,80.0,82.4,378740
SSWL,2017-03-29 09:15:00+05:30,83.0,84.4,80.35,83.55,280960
SSWL,2017-03-30 09:15:00+05:30,82.1,84.2,80.6,80.9,101730
SSWL,2017-03-31 09:15:00+05:30,82.4,82.7,79.9,82.55,187460
SSWL,2017-04-03 09:15:00+05:30,82.6,85.7,81.15,85.05,357020
SSWL,2017-04-05 09:15:00+05:30,86.45,90.5,85.4,89.25,445570
SSWL,2017-04-06 09:15:00+05:30,89.7,91.55,88.15,89.9,205010
SSWL,2017-04-07 09:15:00+05:30,89.05,91.9,86.55,87.3,271580
SSWL,2017-04-10 09:15:00+05:30,88.35,91.0,86.85,88.6,138280
SSWL,2017-04-11 09:15:00+05:30,89.5,90.4,88.05,88.9,64760
SSWL,2017-04-12 09:16:00+05:30,89.0,90.3,88.0,88.95,87870
SSWL,2017-04-13 09:17:00+05:30,89.2,92.0,89.2,89.7,160060
SSWL,2017-04-17 09:15:00+05:30,89.6,94.4,89.6,92.75,148770
SSWL,2017-04-18 09:15:00+05:30,92.2,94.55,91.0,92.2,97870
SSWL,2017-04-19 09:16:00+05:30,93.45,94.5,92.2,92.8,116960
SSWL,2017-04-20 09:15:00+05:30,92.9,94.45,92.85,93.65,124240
SSWL,2017-04-21 09:17:00+05:30,94.0,94.5,92.4,93.45,92190
SSWL,2017-04-24 09:15:00+05:30,94.8,95.35,93.85,94.2,128580
SSWL,2017-04-25 09:16:00+05:30,95.2,95.2,92.55,93.55,71880
SSWL,2017-04-26 09:15:00+05:30,93.2,94.8,88.7,91.55,118180
SSWL,2017-04-27 09:18:00+05:30,91.6,92.0,89.7,90.0,104330
SSWL,2017-04-28 09:15:00+05:30,90.05,91.85,89.8,90.6,78030
SSWL,2017-05-02 09:15:00+05:30,92.2,92.2,89.9,90.25,44040
SSWL,2017-05-03 09:15:00+05:30,90.0,92.5,88.8,89.65,198330
SSWL,2017-05-04 09:15:00+05:30,89.7,90.7,89.7,89.75,52860
SSWL,2017-05-05 09:15:00+05:30,89.7,89.75,89.25,89.35,41490
SSWL,2017-05-08 09:15:00+05:30,89.5,89.55,87.0,87.35,137340
SSWL,2017-05-09 09:15:00+05:30,88.0,90.4,86.25,89.55,86350
SSWL,2017-05-10 09:15:00+05:30,90.5,94.1,90.0,91.1,110190
SSWL,2017-05-11 09:16:00+05:30,90.05,92.3,89.75,90.25,83720
SSWL,2017-05-12 09:19:00+05:30,90.2,91.45,89.0,89.45,56400
SSWL,2017-05-15 09:15:00+05:30,90.0,91.05,89.05,89.85,73320
SSWL,2017-05-16 09:16:00+05:30,90.2,90.85,89.15,89.45,52800
SSWL,2017-05-17 09:16:00+05:30,90.7,90.7,89.6,90.15,24990
SSWL,2017-05-18 09:15:00+05:30,88.7,89.3,87.55,87.8,35680
SSWL,2017-05-19 09:15:00+05:30,89.7,89.7,86.05,88.7,90700
SSWL,2017-05-22 09:18:00+05:30,88.3,89.0,84.35,85.6,59510
SSWL,2017-05-23 09:15:00+05:30,84.7,88.8,81.6,85.1,147310
SSWL,2017-05-24 09:16:00+05:30,84.1,85.35,81.55,82.1,112070
SSWL,2017-05-25 09:15:00+05:30,82.3,84.0,82.05,82.7,54180
SSWL,2017-05-26 09:16:00+05:30,83.0,84.9,82.8,83.3,57670
SSWL,2017-05-29 09:17:00+05:30,84.0,86.8,82.7,84.9,261960
SSWL,2017-05-30 09:15:00+05:30,84.0,85.0,83.4,84.1,64880
SSWL,2017-05-31 09:15:00+05:30,83.9,86.65,83.9,84.85,89410
SSWL,2017-06-01 09:16:00+05:30,85.0,87.8,85.0,87.15,81450
SSWL,2017-06-02 09:15:00+05:30,87.1,88.7,87.1,87.75,54180
SSWL,2017-06-05 09:17:00+05:30,87.55,90.4,86.55,89.8,100090
SSWL,2017-06-06 09:15:00+05:30,90.9,90.9,87.5,89.75,1621510
SSWL,2017-06-07 09:15:00+05:30,90.95,92.2,90.55,91.05,199220
SSWL,2017-06-08 09:15:00+05:30,91.9,95.0,91.35,93.25,336740
SSWL,2017-06-09 09:17:00+05:30,92.9,95.45,92.55,94.6,254210
SSWL,2017-06-12 09:15:00+05:30,95.0,95.8,93.05,93.45,96760
SSWL,2017-06-13 09:19:00+05:30,94.15,94.2,91.0,91.6,50340
SSWL,2017-06-14 09:15:00+05:30,92.0,92.3,90.5,91.8,43980
SSWL,2017-06-15 09:15:00+05:30,92.5,92.5,90.2,90.85,62340
SSWL,2017-06-16 09:16:00+05:30,91.25,92.0,90.65,90.9,46330
SSWL,2017-06-19 09:15:00+05:30,92.35,93.0,91.3,91.95,79340
SSWL,2017-06-20 09:15:00+05:30,92.75,92.75,90.4,90.65,59250
SSWL,2017-06-21 09:15:00+05:30,90.85,91.5,90.15,91.25,45460
SSWL,2017-06-22 09:15:00+05:30,91.9,91.9,90.0,90.35,84800
SSWL,2017-06-23 09:19:00+05:30,90.2,90.8,88.0,88.85,46410
SSWL,2017-06-27 09:17:00+05:30,88.85,88.85,85.85,86.9,77200
SSWL,2017-06-28 09:15:00+05:30,87.0,89.4,86.0,88.15,106860
SSWL,2017-06-29 09:15:00+05:30,89.3,90.0,88.5,89.0,62820
SSWL,2017-06-30 09:16:00+05:30,88.55,89.0,86.95,87.25,90450
SSWL,2017-07-03 09:22:00+05:30,87.7,88.8,87.4,88.4,118590
SSWL,2017-07-04 09:16:00+05:30,88.0,88.5,87.7,88.1,32190
SSWL,2017-07-05 09:15:00+05:30,89.5,90.0,87.85,88.65,43610
SSWL,2017-07-06 09:15:00+05:30,88.4,88.9,86.5,86.75,89330
SSWL,2017-07-07 09:15:00+05:30,86.7,88.5,85.9,86.8,167640
SSWL,2017-07-10 12:37:00+05:30,86.9,88.4,86.9,87.6,24190
SSWL,2017-07-11 09:15:00+05:30,88.8,88.8,87.2,87.65,56430
SSWL,2017-07-12 09:16:00+05:30,87.7,89.7,87.7,89.2,197090
SSWL,2017-07-13 09:15:00+05:30,89.65,89.65,85.65,88.15,80310
SSWL,2017-07-14 09:15:00+05:30,88.2,89.5,87.5,87.7,40590
SSWL,2017-07-17 09:20:00+05:30,87.95,88.05,87.5,87.65,33950
SSWL,2017-07-18 09:15:00+05:30,87.6,88.4,87.4,87.5,30930
SSWL,2017-07-19 09:17:00+05:30,87.3,91.8,87.0,89.35,285570
SSWL,2017-07-20 09:17:00+05:30,90.6,90.6,87.9,88.15,36420
SSWL,2017-07-21 09:19:00+05:30,88.5,88.95,87.25,88.0,33270
SSWL,2017-07-24 09:16:00+05:30,88.3,90.0,87.5,88.35,72350
SSWL,2017-07-25 09:22:00+05:30,88.65,88.95,87.6,88.2,31260
SSWL,2017-07-26 09:34:00+05:30,88.1,89.3,86.7,87.05,48430
SSWL,2017-07-27 09:18:00+05:30,86.3,87.6,86.3,86.75,34170
SSWL,2017-07-28 09:15:00+05:30,87.0,87.1,86.15,86.8,13910
SSWL,2017-07-31 09:19:00+05:30,86.1,88.8,86.1,88.35,68740
SSWL,2017-08-01 09:15:00+05:30,89.4,89.4,86.1,86.55,119110
SSWL,2017-08-02 09:16:00+05:30,87.05,87.3,84.65,85.45,45730
SSWL,2017-08-03 09:16:00+05:30,85.4,87.0,84.8,85.75,55430
SSWL,2017-08-04 09:21:00+05:30,86.1,86.85,85.4,86.8,24470
SSWL,2017-08-07 09:33:00+05:30,86.7,87.8,86.2,86.7,20660
SSWL,2017-08-08 09:20:00+05:30,86.3,87.4,86.0,86.6,27250
SSWL,2017-08-09 09:20:00+05:30,86.35,86.35,85.25,85.4,45770
SSWL,2017-08-10 09:21:00+05:30,84.5,85.2,72.6,80.75,96680
SSWL,2017-08-11 09:15:00+05:30,80.2,81.75,78.15,80.55,125520
SSWL,2017-08-14 09:15:00+05:30,80.55,82.4,79.6,81.9,85560
SSWL,2017-08-16 09:18:00+05:30,81.9,83.75,81.4,83.4,37260
SSWL,2017-08-17 09:28:00+05:30,83.75,85.0,83.55,84.4,23640
SSWL,2017-08-18 09:15:00+05:30,83.45,84.85,81.75,84.5,26030
SSWL,2017-08-21 09:21:00+05:30,84.0,85.0,83.55,84.4,30160
SSWL,2017-08-22 09:16:00+05:30,85.0,85.5,81.4,84.5,45120
SSWL,2017-08-23 09:16:00+05:30,84.0,85.2,83.6,85.0,28710
SSWL,2017-08-24 09:17:00+05:30,83.95,86.0,83.8,85.25,29050
SSWL,2017-08-28 09:20:00+05:30,84.8,85.5,83.8,85.15,30750
SSWL,2017-08-29 09:15:00+05:30,85.2,85.2,83.35,84.7,104970
SSWL,2017-08-30 09:19:00+05:30,84.65,87.5,84.25,86.35,40970
SSWL,2017-08-31 09:15:00+05:30,87.85,87.85,85.3,86.1,22160
SSWL,2017-09-01 09:15:00+05:30,85.2,88.0,85.0,87.0,113510
SSWL,2017-09-04 09:16:00+05:30,87.0,91.2,87.0,88.45,449420
SSWL,2017-09-05 09:15:00+05:30,89.6,90.9,88.1,90.1,94660
SSWL,2017-09-06 09:20:00+05:30,90.1,90.4,89.1,90.15,41980
SSWL,2017-09-07 09:20:00+05:30,90.3,91.2,89.65,90.0,92860
SSWL,2017-09-08 09:15:00+05:30,90.5,90.7,89.15,90.3,60270
SSWL,2017-09-11 09:15:00+05:30,90.0,90.0,88.3,89.0,32940
SSWL,2017-09-12 09:21:00+05:30,88.2,90.3,88.2,89.75,44140
SSWL,2017-09-13 09:19:00+05:30,91.2,91.2,87.7,87.9,59550
SSWL,2017-09-14 09:18:00+05:30,89.05,89.35,88.5,88.75,32050
SSWL,2017-09-15 09:16:00+05:30,88.15,88.2,86.3,86.75,96240
SSWL,2017-09-18 09:18:00+05:30,88.0,90.3,87.5,88.95,95870
SSWL,2017-09-19 09:15:00+05:30,90.5,90.5,88.4,90.1,39420
SSWL,2017-09-20 09:26:00+05:30,89.9,90.05,88.5,89.15,39790
SSWL,2017-09-21 09:17:00+05:30,89.8,89.8,87.0,87.7,51170
SSWL,2017-09-22 09:15:00+05:30,89.45,89.45,86.5,87.05,41800
SSWL,2017-09-25 09:18:00+05:30,88.5,88.5,80.2,85.35,79190
SSWL,2017-09-26 09:23:00+05:30,85.45,86.4,85.0,85.7,37910
SSWL,2017-09-27 09:16:00+05:30,86.5,86.5,83.6,84.4,35960
SSWL,2017-09-28 09:15:00+05:30,84.5,86.85,84.0,86.35,38020
SSWL,2017-09-29 09:21:00+05:30,87.2,87.2,85.55,85.8,31940
SSWL,2017-10-03 09:17:00+05:30,85.4,87.2,85.3,85.7,103490
SSWL,2017-10-04 09:25:00+05:30,86.05,90.0,85.4,86.75,175550
SSWL,2017-10-05 09:20:00+05:30,87.45,89.0,87.45,88.3,78060
SSWL,2017-10-06 09:23:00+05:30,88.4,90.0,87.5,87.85,60500
SSWL,2017-10-09 09:17:00+05:30,89.4,89.5,88.0,88.2,36990
SSWL,2017-10-10 09:21:00+05:30,88.9,89.1,88.2,88.95,41700
SSWL,2017-10-11 09:17:00+05:30,88.05,90.6,88.05,89.0,231300
SSWL,2017-10-12 09:15:00+05:30,90.7,90.7,88.0,89.05,170150
SSWL,2017-10-13 09:15:00+05:30,88.05,91.0,87.15,87.65,627040
SSWL,2017-10-16 09:15:00+05:30,90.9,90.9,88.6,88.9,391990
SSWL,2017-10-17 09:15:00+05:30,90.3,90.3,88.4,88.85,321160
SSWL,2017-10-18 09:15:00+05:30,89.9,89.9,87.3,88.8,237330
SSWL,2017-10-23 09:15:00+05:30,89.9,90.5,88.1,88.75,50190
SSWL,2017-10-24 09:17:00+05:30,88.25,89.0,88.25,88.45,87180
SSWL,2017-10-25 09:18:00+05:30,88.2,88.8,87.5,87.65,61270
SSWL,2017-10-26 09:15:00+05:30,87.0,88.0,86.55,86.95,63200
SSWL,2017-10-27 09:17:00+05:30,87.5,87.65,86.8,87.1,63730
SSWL,2017-10-30 09:17:00+05:30,86.9,87.6,86.3,86.6,55350
SSWL,2017-10-31 09:15:00+05:30,86.2,87.5,84.2,84.7,359060
SSWL,2017-11-01 09:16:00+05:30,84.5,85.5,83.0,83.35,194600
SSWL,2017-11-02 09:15:00+05:30,84.65,85.5,83.75,84.85,178240
SSWL,2017-11-03 09:16:00+05:30,85.2,87.8,85.15,87.0,195170
SSWL,2017-11-06 09:15:00+05:30,87.0,88.7,87.0,87.4,89270
SSWL,2017-11-07 09:19:00+05:30,88.95,88.95,86.6,87.1,87100
SSWL,2017-11-08 09:15:00+05:30,88.0,89.5,85.5,86.6,184510
SSWL,2017-11-09 09:15:00+05:30,85.5,88.2,85.5,86.8,192410
SSWL,2017-11-10 09:21:00+05:30,86.9,88.2,86.7,87.55,163500
SSWL,2017-11-13 09:15:00+05:30,88.2,88.5,85.65,86.1,70590
SSWL,2017-11-14 09:28:00+05:30,86.6,86.6,84.9,85.25,25980
SSWL,2017-11-15 09:17:00+05:30,85.15,85.15,83.1,83.5,59100
SSWL,2017-11-16 09:17:00+05:30,83.8,84.15,81.95,82.3,86110
SSWL,2017-11-17 09:15:00+05:30,84.5,84.5,82.5,82.8,71900
SSWL,2017-11-20 09:15:00+05:30,84.0,84.0,82.0,82.9,86180
SSWL,2017-11-21 09:15:00+05:30,83.5,83.5,79.3,79.7,512420
SSWL,2017-11-22 09:15:00+05:30,79.7,82.2,78.7,79.8,536700
SSWL,2017-11-23 09:15:00+05:30,80.5,90.4,75.0,87.4,4327860
SSWL,2017-11-24 09:15:00+05:30,87.5,94.9,87.5,92.4,1117080
SSWL,2017-11-27 09:15:00+05:30,93.2,98.35,92.5,96.45,956950
SSWL,2017-11-28 09:15:00+05:30,97.3,100.7,94.2,94.85,453040
SSWL,2017-11-29 09:15:00+05:30,95.55,95.95,91.5,92.05,168810
SSWL,2017-11-30 09:15:00+05:30,91.5,96.3,91.5,95.45,519490
SSWL,2017-12-01 09:15:00+05:30,95.5,110.0,95.5,100.15,2124380
SSWL,2017-12-04 09:15:00+05:30,101.5,108.5,100.25,104.55,1050610
SSWL,2017-12-05 09:15:00+05:30,104.5,107.85,102.5,106.2,676940
SSWL,2017-12-06 09:15:00+05:30,106.75,108.45,104.2,104.45,325980
SSWL,2017-12-07 09:15:00+05:30,105.1,106.65,102.15,103.1,346430
SSWL,2017-12-08 09:15:00+05:30,102.6,105.4,102.5,102.85,133640
SSWL,2017-12-11 09:15:00+05:30,103.2,104.5,99.6,100.1,116650
SSWL,2017-12-12 09:15:00+05:30,100.8,103.45,100.0,100.2,159070
SSWL,2017-12-13 09:15:00+05:30,101.2,102.0,96.7,97.5,97080
SSWL,2017-12-14 09:15:00+05:30,97.25,98.5,96.7,97.2,75710
SSWL,2017-12-15 09:15:00+05:30,98.8,102.9,98.7,99.15,227340
SSWL,2017-12-18 09:15:00+05:30,99.0,101.8,87.0,98.9,151700
SSWL,2017-12-19 09:15:00+05:30,99.8,104.4,99.1,101.8,335070
SSWL,2017-12-20 09:15:00+05:30,103.7,105.0,102.0,104.0,177350
SSWL,2017-12-21 09:15:00+05:30,105.05,106.0,102.8,104.9,196520
SSWL,2017-12-22 09:15:00+05:30,106.2,108.7,105.3,107.6,425270
SSWL,2017-12-26 09:15:00+05:30,109.7,114.8,109.1,113.6,465300
SSWL,2017-12-27 09:15:00+05:30,115.5,117.6,111.6,112.45,278210
SSWL,2017-12-28 09:15:00+05:30,112.4,114.8,109.15,113.35,177240
SSWL,2017-12-29 09:15:00+05:30,114.3,114.3,112.15,113.25,85160
SSWL,2018-01-01 09:16:00+05:30,113.25,114.4,110.0,112.2,131290
SSWL,2018-01-02 09:16:00+05:30,113.0,118.0,113.0,115.0,272320
SSWL,2018-01-03 09:16:00+05:30,115.25,118.8,115.2,117.35,201990
SSWL,2018-01-04 09:18:00+05:30,117.3,121.2,115.6,117.35,147320
SSWL,2018-01-05 09:15:00+05:30,119.95,121.9,119.5,120.2,198930
SSWL,2018-01-08 09:17:00+05:30,120.25,121.5,116.8,118.1,177800
SSWL,2018-01-09 09:15:00+05:30,117.6,120.0,116.5,116.7,74280
SSWL,2018-01-10 09:16:00+05:30,118.0,122.45,116.55,118.2,418850
SSWL,2018-01-11 09:15:00+05:30,120.5,120.5,117.1,117.65,85330
SSWL,2018-01-12 09:17:00+05:30,117.9,118.8,116.55,117.6,67240
SSWL,2018-01-15 09:17:00+05:30,117.25,118.85,116.1,116.45,65530
SSWL,2018-01-16 09:15:00+05:30,116.5,117.8,111.25,112.65,94360
SSWL,2018-01-17 09:15:00+05:30,113.1,116.0,107.75,114.45,93850
SSWL,2018-01-18 09:16:00+05:30,114.0,117.0,110.0,111.0,75820
SSWL,2018-01-19 09:15:00+05:30,111.0,113.0,108.3,109.6,62070
SSWL,2018-01-22 09:15:00+05:30,108.5,111.6,108.5,110.1,49560
SSWL,2018-01-23 09:15:00+05:30,111.1,113.55,108.6,112.8,54290
SSWL,2018-01-24 09:15:00+05:30,112.9,118.55,110.6,111.15,50860
SSWL,2018-01-25 09:15:00+05:30,114.45,114.45,109.95,110.0,182320
SSWL,2018-01-29 09:15:00+05:30,110.0,115.5,110.0,110.35,161050
SSWL,2018-01-30 09:15:00+05:30,111.95,112.0,109.45,110.0,383530
SSWL,2018-01-31 09:18:00+05:30,110.1,112.8,105.4,106.8,135960
SSWL,2018-02-01 09:15:00+05:30,109.75,109.75,105.1,105.3,113780
SSWL,2018-02-02 09:15:00+05:30,106.2,106.55,98.0,101.95,180350
SSWL,2018-02-05 09:15:00+05:30,99.4,106.8,95.55,99.95,224860
SSWL,2018-02-06 09:15:00+05:30,97.45,100.0,95.0,98.1,207620
SSWL,2018-02-07 09:15:00+05:30,98.4,102.0,97.5,98.5,91660
SSWL,2018-02-08 09:15:00+05:30,100.1,108.0,98.5,105.5,164490
SSWL,2018-02-09 09:15:00+05:30,103.9,107.5,102.1,106.25,94100
SSWL,2018-02-12 09:15:00+05:30,106.65,111.6,106.0,110.45,184660
SSWL,2018-02-14 09:15:00+05:30,110.8,114.2,102.8,104.25,519030
SSWL,2018-02-15 09:15:00+05:30,105.8,108.0,99.65,100.7,585220
SSWL,2018-02-16 09:15:00+05:30,101.7,102.3,95.6,97.35,192920
SSWL,2018-02-19 09:15:00+05:30,98.7,98.75,96.5,97.65,83560
SSWL,2018-02-20 09:15:00+05:30,98.4,100.5,95.65,97.55,82300
SSWL,2018-02-21 09:15:00+05:30,98.35,99.5,97.3,98.2,88300
SSWL,2018-02-22 09:15:00+05:30,99.7,102.4,98.15,100.45,293570
SSWL,2018-02-23 09:15:00+05:30,100.1,102.0,99.3,101.7,148040
SSWL,2018-02-26 09:16:00+05:30,101.7,103.05,101.7,101.8,75560
SSWL,2018-02-27 09:16:00+05:30,103.0,103.0,101.5,101.75,69180
SSWL,2018-02-28 09:15:00+05:30,101.75,104.0,100.0,101.9,121260
SSWL,2018-03-01 09:15:00+05:30,101.0,104.0,101.0,103.0,99440
SSWL,2018-03-05 09:15:00+05:30,104.7,107.0,103.6,105.55,246810
SSWL,2018-03-06 09:15:00+05:30,106.1,107.5,102.5,103.7,105240
SSWL,2018-03-07 09:15:00+05:30,102.8,103.7,101.0,101.3,103890
SSWL,2018-03-08 09:15:00+05:30,101.0,103.0,100.1,101.85,105070
SSWL,2018-03-09 09:15:00+05:30,101.0,101.85,100.6,100.75,44300
SSWL,2018-03-12 09:17:00+05:30,101.9,102.5,100.5,101.1,21380
SSWL,2018-03-13 09:24:00+05:30,101.0,103.25,101.0,102.55,52770
SSWL,2018-03-14 09:15:00+05:30,103.25,103.75,102.15,103.4,29690
SSWL,2018-03-15 09:16:00+05:30,103.0,107.7,103.0,104.3,108480
SSWL,2018-03-16 09:15:00+05:30,104.3,107.9,104.3,106.45,513650
SSWL,2018-03-19 09:16:00+05:30,107.3,108.0,104.2,104.9,104940
SSWL,2018-03-20 09:15:00+05:30,104.0,106.8,102.8,105.85,83200
SSWL,2018-03-21 09:16:00+05:30,107.0,108.2,106.4,107.65,152330
SSWL,2018-03-22 09:15:00+05:30,106.2,108.2,102.5,104.15,130730
SSWL,2018-03-23 09:15:00+05:30,100.15,105.5,100.15,104.9,84760
SSWL,2018-03-26 09:17:00+05:30,105.0,108.0,103.85,107.55,115060
SSWL,2018-03-27 09:15:00+05:30,106.1,108.5,104.85,105.45,106950
SSWL,2018-03-28 09:17:00+05:30,105.4,107.5,105.15,106.5,45120
SSWL,2018-04-02 09:15:00+05:30,106.9,113.0,106.0,110.95,152150
SSWL,2018-04-03 09:15:00+05:30,110.5,115.6,110.5,115.1,114660
SSWL,2018-04-04 09:15:00+05:30,115.0,118.2,112.7,113.5,513210
SSWL,2018-04-05 09:15:00+05:30,115.0,125.9,115.0,120.65,791510
SSWL,2018-04-06 09:15:00+05:30,120.65,121.0,117.3,118.15,112540
SSWL,2018-04-09 09:15:00+05:30,119.7,121.0,117.7,118.3,88870
SSWL,2018-04-10 09:15:00+05:30,118.0,119.45,113.5,114.4,141160
SSWL,2018-04-11 09:15:00+05:30,114.0,117.5,114.0,117.2,85390
SSWL,2018-04-12 09:19:00+05:30,115.7,122.5,115.7,116.5,204660
SSWL,2018-04-13 09:15:00+05:30,117.0,121.9,117.0,121.3,178940
SSWL,2018-04-16 09:15:00+05:30,121.8,122.8,118.35,121.9,121920
SSWL,2018-04-17 09:15:00+05:30,123.8,126.9,122.8,125.9,254250
SSWL,2018-04-18 09:15:00+05:30,127.0,128.4,125.0,126.25,157760
SSWL,2018-04-19 09:15:00+05:30,127.9,131.2,125.1,130.15,316670
SSWL,2018-04-20 09:15:00+05:30,129.2,130.5,127.15,129.5,174630
SSWL,2018-04-23 09:15:00+05:30,130.3,137.5,129.0,136.6,793080
SSWL,2018-04-24 09:15:00+05:30,137.2,147.4,137.1,140.7,585970
SSWL,2018-04-25 09:15:00+05:30,141.4,144.9,137.5,138.55,233760
SSWL,2018-04-26 09:15:00+05:30,139.1,139.1,132.3,134.95,200540
SSWL,2018-04-27 09:15:00+05:30,136.05,138.7,132.0,133.2,107440
SSWL,2018-04-30 09:15:00+05:30,133.2,139.6,132.75,138.75,160260
SSWL,2018-05-02 09:15:00+05:30,139.0,143.8,136.0,136.55,255610
SSWL,2018-05-03 09:15:00+05:30,135.45,135.45,130.0,130.8,195530
SSWL,2018-05-04 09:15:00+05:30,130.0,133.0,130.0,131.6,91480
SSWL,2018-05-07 09:15:00+05:30,132.65,133.35,131.3,132.35,52870
SSWL,2018-05-08 09:15:00+05:30,132.5,133.6,131.7,132.7,19080
SSWL,2018-05-09 09:16:00+05:30,131.65,133.4,131.0,131.25,72270
SSWL,2018-05-10 09:15:00+05:30,130.3,133.65,127.6,128.05,121320
SSWL,2018-05-11 09:17:00+05:30,129.05,130.3,127.35,128.3,27560
SSWL,2018-05-14 09:18:00+05:30,129.15,134.45,126.85,127.65,102170
SSWL,2018-05-15 09:16:00+05:30,126.8,131.9,126.8,129.05,145940
SSWL,2018-05-16 09:17:00+05:30,128.4,130.65,127.0,127.25,34290
SSWL,2018-05-17 09:15:00+05:30,127.75,129.0,126.2,126.7,25990
SSWL,2018-05-18 09:15:00+05:30,126.5,126.65,124.0,124.7,38560
SSWL,2018-05-21 09:16:00+05:30,124.45,131.5,123.3,129.65,155900
SSWL,2018-05-22 09:15:00+05:30,129.0,131.0,126.25,127.4,77080
SSWL,2018-05-23 09:15:00+05:30,127.5,129.55,125.8,126.7,54960
SSWL,2018-05-24 09:15:00+05:30,127.0,128.5,124.65,126.6,25720
SSWL,2018-05-25 09:15:00+05:30,126.85,131.7,126.85,130.35,75880
SSWL,2018-05-28 09:15:00+05:30,134.0,141.0,133.3,139.15,390360
SSWL,2018-05-29 09:15:00+05:30,140.5,140.5,135.0,135.75,103360
SSWL,2018-05-30 09:15:00+05:30,135.75,137.25,134.35,135.1,44210
SSWL,2018-05-31 09:15:00+05:30,135.5,136.95,132.1,132.9,122070
SSWL,2018-06-01 09:15:00+05:30,135.4,135.4,131.0,131.55,54170
SSWL,2018-06-04 09:17:00+05:30,132.0,136.5,128.5,129.05,153310
SSWL,2018-06-05 09:15:00+05:30,130.9,131.3,117.5,120.75,254090
SSWL,2018-06-06 09:15:00+05:30,120.0,122.4,118.15,118.7,276660
SSWL,2018-06-07 09:15:00+05:30,120.4,128.7,119.9,127.3,133970
SSWL,2018-06-08 09:15:00+05:30,127.9,127.9,124.3,126.65,49010
SSWL,2018-06-11 09:15:00+05:30,128.0,131.45,128.0,129.85,114620
SSWL,2018-06-12 09:15:00+05:30,131.75,131.75,127.5,129.25,39550
SSWL,2018-06-13 09:18:00+05:30,130.5,130.85,128.45,128.75,53690
SSWL,2018-06-14 09:18:00+05:30,128.8,130.05,127.2,128.05,25320
SSWL,2018-06-15 09:15:00+05:30,128.4,129.4,125.75,127.3,27780
SSWL,2018-06-18 09:15:00+05:30,127.65,128.65,123.0,124.3,55990
SSWL,2018-06-19 09:15:00+05:30,124.75,124.75,118.8,121.85,83790
SSWL,2018-06-20 09:15:00+05:30,122.9,123.55,121.0,121.3,32540
SSWL,2018-06-21 09:15:00+05:30,121.2,125.2,121.2,124.4,44630
SSWL,2018-06-22 09:15:00+05:30,125.0,125.5,120.6,122.2,70390
SSWL,2018-06-25 09:15:00+05:30,122.65,123.9,120.0,121.75,24010
SSWL,2018-06-26 09:15:00+05:30,122.8,122.8,118.55,119.8,69160
SSWL,2018-06-27 09:15:00+05:30,121.15,123.0,117.0,117.5,77480
SSWL,2018-06-28 09:15:00+05:30,117.5,120.35,115.55,117.6,69980
SSWL,2018-06-29 09:15:00+05:30,116.7,124.0,116.0,123.25,79950
SSWL,2018-07-02 09:15:00+05:30,123.9,123.9,119.1,121.2,57720
SSWL,2018-07-03 09:20:00+05:30,121.0,124.3,120.4,123.4,78470
SSWL,2018-07-04 09:15:00+05:30,124.0,124.3,119.2,120.15,57490
SSWL,2018-07-05 09:15:00+05:30,120.35,124.15,120.35,121.1,16900
SSWL,2018-07-06 09:15:00+05:30,121.35,123.55,118.1,120.95,63210
SSWL,2018-07-09 09:15:00+05:30,122.95,129.4,122.0,125.65,118370
SSWL,2018-07-10 09:15:00+05:30,127.0,131.25,127.0,130.35,129910
SSWL,2018-07-11 09:15:00+05:30,131.0,132.65,125.1,125.9,85560
SSWL,2018-07-12 09:15:00+05:30,125.8,129.15,124.0,124.95,70640
SSWL,2018-07-13 09:17:00+05:30,124.95,126.45,122.6,125.35,37370
SSWL,2018-07-16 09:15:00+05:30,126.35,126.35,121.5,123.1,24900
SSWL,2018-07-17 09:19:00+05:30,123.6,124.0,120.0,122.95,59220
SSWL,2018-07-18 09:15:00+05:30,124.0,127.2,123.85,125.1,47820
SSWL,2018-07-19 09:17:00+05:30,124.9,125.95,120.0,121.35,186090
SSWL,2018-07-20 09:15:00+05:30,119.6,120.9,118.3,118.95,66370
SSWL,2018-07-23 09:51:00+05:30,118.3,123.1,118.3,122.8,93880
SSWL,2018-07-24 09:16:00+05:30,122.85,124.5,122.1,124.25,95450
SSWL,2018-07-25 09:15:00+05:30,125.0,126.9,123.2,125.55,82930
SSWL,2018-07-26 09:15:00+05:30,125.8,130.45,122.55,123.85,130860
SSWL,2018-07-27 09:19:00+05:30,125.0,125.8,122.2,123.15,24140
SSWL,2018-07-30 09:16:00+05:30,126.1,126.1,119.8,122.05,93010
SSWL,2018-07-31 09:19:00+05:30,121.2,124.0,119.9,122.85,33240
SSWL,2018-08-01 09:22:00+05:30,124.7,124.7,119.0,120.1,89670
SSWL,2018-08-02 09:15:00+05:30,121.9,121.9,117.75,120.55,80760
SSWL,2018-08-03 09:17:00+05:30,120.5,122.25,119.0,119.95,131890
SSWL,2018-08-06 09:16:00+05:30,121.7,122.2,120.15,121.85,40560
SSWL,2018-08-07 09:17:00+05:30,122.9,124.4,120.0,122.9,54470
SSWL,2018-08-08 09:15:00+05:30,123.0,123.95,121.5,122.1,27970
SSWL,2018-08-09 09:15:00+05:30,122.15,124.0,119.45,120.95,40880
SSWL,2018-08-10 09:15:00+05:30,121.0,122.5,119.8,120.45,21840
SSWL,2018-08-13 09:15:00+05:30,120.8,121.35,117.8,119.25,56670
SSWL,2018-08-14 09:15:00+05:30,119.5,122.5,117.0,117.7,312590
SSWL,2018-08-16 09:15:00+05:30,116.1,119.8,116.1,118.4,94320
SSWL,2018-08-17 09:18:00+05:30,119.05,120.5,117.85,118.3,40420
SSWL,2018-08-20 09:15:00+05:30,118.5,120.6,117.75,119.35,113220
SSWL,2018-08-21 09:15:00+05:30,120.25,120.45,118.3,119.05,49570
SSWL,2018-08-23 09:15:00+05:30,119.0,120.4,119.0,119.5,56030
SSWL,2018-08-24 09:15:00+05:30,119.05,120.5,118.45,118.95,89760
SSWL,2018-08-27 09:15:00+05:30,123.0,123.0,118.5,118.9,72960
SSWL,2018-08-28 09:20:00+05:30,120.3,120.4,118.6,118.95,48400
SSWL,2018-08-29 09:23:00+05:30,118.65,119.8,118.55,118.75,32880
SSWL,2018-08-30 09:16:00+05:30,118.65,119.0,116.9,117.2,53020
SSWL,2018-08-31 09:16:00+05:30,117.0,118.8,117.0,117.6,48780
SSWL,2018-09-03 09:15:00+05:30,117.6,119.45,116.65,118.55,54950
SSWL,2018-09-04 09:15:00+05:30,118.0,120.2,117.5,119.0,85190
SSWL,2018-09-05 09:23:00+05:30,118.5,118.5,112.6,114.75,80690
SSWL,2018-09-06 09:15:00+05:30,115.0,116.9,113.75,116.15,21750
SSWL,2018-09-07 09:21:00+05:30,116.2,117.3,115.6,116.8,19730
SSWL,2018-09-10 09:21:00+05:30,117.95,118.0,115.0,115.75,43510
SSWL,2018-09-11 09:19:00+05:30,115.0,116.4,112.0,112.45,55880
SSWL,2018-09-12 09:15:00+05:30,112.7,114.2,106.5,110.3,104720
SSWL,2018-09-14 09:25:00+05:30,112.45,114.9,110.2,113.5,61660
SSWL,2018-09-17 09:15:00+05:30,112.5,113.6,111.0,111.8,22220
SSWL,2018-09-18 09:22:00+05:30,111.65,114.7,111.2,111.85,30030
SSWL,2018-09-19 09:16:00+05:30,111.1,112.6,108.2,109.4,42000
SSWL,2018-09-21 09:16:00+05:30,109.7,112.65,105.05,106.6,116810
SSWL,2018-09-24 09:24:00+05:30,106.6,109.5,103.6,105.25,136150
SSWL,2018-09-25 09:16:00+05:30,105.7,108.4,102.75,104.8,139120
SSWL,2018-09-26 09:17:00+05:30,105.5,107.0,104.5,105.8,46820
SSWL,2018-09-27 09:15:00+05:30,105.0,106.45,104.5,105.25,57700
SSWL,2018-09-28 09:16:00+05:30,105.0,108.8,101.5,104.65,199360
SSWL,2018-10-01 09:15:00+05:30,104.7,119.0,95.25,107.4,218160
SSWL,2018-10-03 09:15:00+05:30,108.0,110.8,104.2,105.95,90460
SSWL,2018-10-04 09:15:00+05:30,105.95,105.95,101.5,102.1,44730
SSWL,2018-10-05 09:16:00+05:30,102.7,104.0,100.5,101.25,36930
SSWL,2018-10-08 09:15:00+05:30,100.2,104.6,100.0,101.1,58910
SSWL,2018-10-09 09:16:00+05:30,103.0,103.0,99.0,100.7,38820
SSWL,2018-10-10 09:18:00+05:30,101.45,102.8,100.5,101.95,39980
SSWL,2018-10-11 09:15:00+05:30,95.0,102.65,95.0,102.35,28390
SSWL,2018-10-12 09:15:00+05:30,102.2,103.6,102.2,103.2,30500
SSWL,2018-10-15 09:15:00+05:30,104.95,108.2,103.5,107.55,37010
SSWL,2018-10-16 09:15:00+05:30,108.0,110.9,106.5,106.65,22320
SSWL,2018-10-17 09:15:00+05:30,106.4,109.9,101.55,102.55,32420
SSWL,2018-10-19 09:16:00+05:30,102.55,103.0,100.15,102.25,16620
SSWL,2018-10-22 09:20:00+05:30,101.5,104.0,101.0,101.55,10860
SSWL,2018-10-23 09:15:00+05:30,100.0,101.5,98.1,99.0,27030
SSWL,2018-10-24 09:15:00+05:30,99.25,101.0,98.5,99.15,20270
SSWL,2018-10-25 09:15:00+05:30,98.0,100.5,98.0,99.1,13550
SSWL,2018-10-26 09:15:00+05:30,100.0,100.0,96.35,97.95,25970
SSWL,2018-10-29 09:19:00+05:30,98.0,100.0,95.95,96.6,179610
SSWL,2018-10-30 09:15:00+05:30,97.0,97.0,94.4,95.45,522750
SSWL,2018-10-31 09:17:00+05:30,96.5,96.85,94.8,95.05,109360
SSWL,2018-11-01 09:15:00+05:30,97.0,97.4,94.8,95.35,202480
SSWL,2018-11-02 09:15:00+05:30,95.6,107.0,95.6,104.6,143950
SSWL,2018-11-05 09:15:00+05:30,105.7,109.0,103.5,106.2,71280
SSWL,2018-11-06 09:15:00+05:30,107.8,112.5,106.5,108.95,136610
SSWL,2018-11-09 09:15:00+05:30,111.25,113.15,109.05,110.35,43880
SSWL,2018-11-12 09:15:00+05:30,111.9,115.4,111.0,113.25,126530
SSWL,2018-11-13 09:15:00+05:30,114.5,114.5,111.0,111.65,58800
SSWL,2018-11-14 09:15:00+05:30,111.65,113.25,107.2,107.75,124350
SSWL,2018-11-15 09:15:00+05:30,108.0,108.45,104.1,106.75,84060
SSWL,2018-11-16 09:15:00+05:30,107.8,109.3,97.15,101.3,265060
SSWL,2018-11-19 09:15:00+05:30,104.2,104.2,100.65,101.15,68430
SSWL,2018-11-20 09:15:00+05:30,101.8,102.0,99.1,99.9,56540
SSWL,2018-11-21 09:15:00+05:30,99.5,101.85,99.5,101.0,26730
SSWL,2018-11-22 09:15:00+05:30,102.0,104.4,100.6,100.9,29050
SSWL,2018-11-26 09:15:00+05:30,101.9,101.9,99.05,99.3,34370
SSWL,2018-11-27 09:15:00+05:30,100.65,100.9,98.6,99.5,21930
SSWL,2018-11-28 09:15:00+05:30,99.5,100.4,98.6,99.15,35360
SSWL,2018-11-29 09:15:00+05:30,101.5,101.5,98.15,99.85,57800
SSWL,2018-11-30 09:25:00+05:30,100.45,100.45,98.15,99.0,31620
SSWL,2018-12-03 00:00:00+05:30,100.35,100.35,96.25,97.75,67050
SSWL,2018-12-04 00:00:00+05:30,97.0,97.45,96.5,96.85,75330
SSWL,2018-12-05 00:00:00+05:30,96.2,103.1,96.2,97.8,289570
SSWL,2018-12-06 00:00:00+05:30,98.1,98.1,95.8,96.15,227720
SSWL,2018-12-07 00:00:00+05:30,95.5,96.85,95.2,95.4,25990
SSWL,2018-12-10 00:00:00+05:30,93.3,94.85,93.3,94.4,13770
SSWL,2018-12-11 00:00:00+05:30,94.5,96.5,94.0,96.3,18050
SSWL,2018-12-12 00:00:00+05:30,96.0,98.45,96.0,98.2,16680
SSWL,2018-12-13 00:00:00+05:30,98.2,99.2,96.0,96.6,73680
SSWL,2018-12-14 00:00:00+05:30,97.5,99.0,97.1,97.95,38250
SSWL,2018-12-17 00:00:00+05:30,97.85,98.6,95.65,95.85,73060
SSWL,2018-12-18 00:00:00+05:30,96.55,97.2,95.4,95.85,34620
SSWL,2018-12-19 00:00:00+05:30,96.85,96.9,95.15,95.6,46640
SSWL,2018-12-20 00:00:00+05:30,96.9,96.9,95.5,96.2,19540
SSWL,2018-12-21 00:00:00+05:30,96.5,96.5,95.1,95.4,105590
SSWL,2018-12-24 00:00:00+05:30,94.6,95.5,94.5,94.7,46700
SSWL,2018-12-26 00:00:00+05:30,95.5,95.5,93.4,93.75,20460
SSWL,2018-12-27 00:00:00+05:30,94.1,95.8,93.25,93.55,26970
SSWL,2018-12-28 00:00:00+05:30,93.5,95.0,92.25,93.15,45890
SSWL,2018-12-31 00:00:00+05:30,94.2,94.9,93.0,93.15,48580
SSWL,2019-01-01 00:00:00+05:30,94.35,94.35,92.5,93.25,63630
SSWL,2019-01-02 00:00:00+05:30,93.3,94.5,92.15,92.4,54870
SSWL,2019-01-03 00:00:00+05:30,92.0,92.2,90.35,90.8,80750
SSWL,2019-01-04 00:00:00+05:30,90.55,91.5,90.2,90.55,62030
SSWL,2019-01-07 00:00:00+05:30,91.8,92.35,91.0,91.35,29790
SSWL,2019-01-08 00:00:00+05:30,90.95,91.95,90.9,91.2,15730
SSWL,2019-01-09 00:00:00+05:30,91.9,92.2,90.5,90.85,16370
SSWL,2019-01-10 00:00:00+05:30,91.8,91.8,90.0,90.15,28970
SSWL,2019-01-11 00:00:00+05:30,90.3,90.8,90.1,90.5,20700
SSWL,2019-01-14 00:00:00+05:30,90.0,90.5,88.6,90.35,16220
SSWL,2019-01-15 00:00:00+05:30,89.6,90.6,88.6,89.05,22790
SSWL,2019-01-16 00:00:00+05:30,89.1,91.4,89.05,89.65,20910
SSWL,2019-01-17 00:00:00+05:30,89.5,90.4,88.7,89.0,54790
SSWL,2019-01-18 00:00:00+05:30,88.9,89.8,88.7,88.75,31060
SSWL,2019-01-21 00:00:00+05:30,89.0,89.85,88.2,88.55,63460
SSWL,2019-01-22 00:00:00+05:30,88.4,88.5,86.8,87.95,68200
SSWL,2019-01-23 00:00:00+05:30,88.0,88.8,87.35,87.75,37670
SSWL,2019-01-24 00:00:00+05:30,87.5,88.0,87.1,87.85,14340
SSWL,2019-01-25 00:00:00+05:30,87.9,88.7,86.35,87.2,24000
SSWL,2019-01-28 00:00:00+05:30,85.5,88.0,84.15,86.7,82390
SSWL,2019-01-29 00:00:00+05:30,87.4,87.6,85.5,86.2,61200
SSWL,2019-01-30 00:00:00+05:30,86.25,86.9,85.0,86.6,43540
SSWL,2019-01-31 00:00:00+05:30,85.85,87.0,85.6,86.65,58630
SSWL,2019-02-01 00:00:00+05:30,87.0,88.1,86.15,86.7,46130
SSWL,2019-02-04 00:00:00+05:30,87.5,87.5,85.7,86.6,43670
SSWL,2019-02-05 00:00:00+05:30,86.5,87.0,84.8,86.65,38140
SSWL,2019-02-06 00:00:00+05:30,86.5,86.9,85.45,86.15,28830
SSWL,2019-02-07 00:00:00+05:30,86.0,87.5,86.0,86.65,15050
SSWL,2019-02-08 00:00:00+05:30,86.0,87.75,85.9,86.8,11550
SSWL,2019-02-11 00:00:00+05:30,86.8,87.0,85.05,86.2,18220
SSWL,2019-02-12 00:00:00+05:30,86.2,88.8,85.6,86.5,23130
SSWL,2019-02-13 00:00:00+05:30,86.5,87.1,85.8,86.1,16130
SSWL,2019-02-14 00:00:00+05:30,86.9,86.9,85.55,86.2,34300
SSWL,2019-02-15 00:00:00+05:30,86.6,90.0,82.75,85.65,457900
SSWL,2019-02-18 00:00:00+05:30,85.6,89.6,82.6,85.55,803730
SSWL,2019-02-19 00:00:00+05:30,85.25,87.65,84.5,85.5,179910
SSWL,2019-02-20 00:00:00+05:30,85.4,87.0,84.0,85.7,122590
SSWL,2019-02-21 00:00:00+05:30,85.0,86.0,84.7,85.55,52150
SSWL,2019-02-22 00:00:00+05:30,85.55,86.6,85.35,86.15,96150
SSWL,2019-02-25 00:00:00+05:30,86.5,86.5,84.7,85.55,41310
SSWL,2019-02-26 00:00:00+05:30,84.1,87.4,84.0,86.3,43420
SSWL,2019-02-27 00:00:00+05:30,86.5,87.0,83.1,84.45,97620
SSWL,2019-02-28 00:00:00+05:30,84.5,87.0,83.6,85.25,106270
SSWL,2019-03-01 00:00:00+05:30,86.2,88.05,85.5,87.0,111650
SSWL,2019-03-05 00:00:00+05:30,88.2,93.7,87.0,90.55,391630
SSWL,2019-03-06 00:00:00+05:30,91.0,93.9,88.25,89.4,141120
SSWL,2019-03-07 00:00:00+05:30,88.0,90.5,86.4,89.45,51020
SSWL,2019-03-08 00:00:00+05:30,90.8,92.0,89.1,89.85,171550
SSWL,2019-03-11 00:00:00+05:30,89.25,91.15,88.15,88.8,76800
SSWL,2019-03-12 00:00:00+05:30,89.0,90.9,89.0,89.25,85470
SSWL,2019-03-13 00:00:00+05:30,91.4,91.4,89.1,89.5,34190
SSWL,2019-03-14 00:00:00+05:30,89.65,90.0,88.5,88.85,35760
SSWL,2019-03-15 00:00:00+05:30,89.0,89.6,87.95,88.3,21850
SSWL,2019-03-18 00:00:00+05:30,90.45,90.45,86.6,87.05,24900
SSWL,2019-03-19 00:00:00+05:30,87.05,87.9,85.1,85.8,34040
SSWL,2019-03-20 00:00:00+05:30,85.35,86.9,84.8,86.0,161930
SSWL,2019-03-22 00:00:00+05:30,86.0,87.3,85.1,86.1,137960
SSWL,2019-03-25 00:00:00+05:30,86.3,86.3,84.15,85.7,249860
SSWL,2019-03-26 00:00:00+05:30,85.0,86.2,84.25,85.65,178550
SSWL,2019-03-27 00:00:00+05:30,86.5,86.5,84.5,85.55,140140
SSWL,2019-03-28 00:00:00+05:30,85.35,86.5,82.65,84.95,294870
SSWL,2019-03-29 00:00:00+05:30,85.45,86.8,84.8,85.75,50800
SSWL,2019-04-01 00:00:00+05:30,87.0,87.9,85.55,87.1,52720
SSWL,2019-04-02 00:00:00+05:30,87.8,87.8,84.9,85.5,38950
SSWL,2019-04-03 00:00:00+05:30,85.4,86.6,84.5,85.55,145200
SSWL,2019-04-04 00:00:00+05:30,85.4,86.4,83.6,85.45,112430
SSWL,2019-04-05 00:00:00+05:30,86.25,86.4,84.6,85.55,44160
SSWL,2019-04-08 00:00:00+05:30,86.6,86.6,84.55,85.4,62960
SSWL,2019-04-09 00:00:00+05:30,85.95,85.95,84.6,85.55,20770
SSWL,2019-04-10 00:00:00+05:30,84.0,87.0,84.0,85.35,91560
SSWL,2019-04-11 00:00:00+05:30,86.0,86.0,85.0,85.2,28550
SSWL,2019-04-12 00:00:00+05:30,85.3,85.3,84.3,85.05,116960
SSWL,2019-04-15 00:00:00+05:30,85.1,85.9,83.5,84.8,80120
SSWL,2019-04-16 00:00:00+05:30,85.05,85.05,84.0,84.3,60110
SSWL,2019-04-18 00:00:00+05:30,84.95,85.3,83.15,84.0,100590
SSWL,2019-04-22 00:00:00+05:30,83.1,83.8,82.6,83.05,55380
SSWL,2019-04-23 00:00:00+05:30,83.0,83.0,82.0,82.1,26460
SSWL,2019-04-24 00:00:00+05:30,82.1,84.0,81.6,83.15,63650
SSWL,2019-04-25 00:00:00+05:30,83.15,83.85,82.0,82.65,19820
SSWL,2019-04-26 00:00:00+05:30,82.45,83.0,81.5,81.9,47200
SSWL,2019-04-30 00:00:00+05:30,82.05,85.15,79.9,84.15,147060
SSWL,2019-05-02 00:00:00+05:30,84.0,89.0,82.9,86.9,143650
SSWL,2019-05-03 00:00:00+05:30,85.25,87.0,84.5,84.95,18300
SSWL,2019-05-06 00:00:00+05:30,84.25,85.0,82.2,83.75,54270
SSWL,2019-05-07 00:00:00+05:30,84.0,84.0,82.3,82.55,14340
SSWL,2019-05-08 00:00:00+05:30,82.0,83.5,79.0,82.7,207390
SSWL,2019-05-09 00:00:00+05:30,81.9,82.9,80.2,81.85,243990
SSWL,2019-05-10 00:00:00+05:30,82.0,82.5,80.8,81.85,42850
SSWL,2019-05-13 00:00:00+05:30,83.0,83.0,79.6,80.4,39200
SSWL,2019-05-14 00:00:00+05:30,80.0,80.1,78.4,79.1,54450
SSWL,2019-05-15 00:00:00+05:30,78.15,83.0,77.25,81.0,142930
SSWL,2019-05-16 00:00:00+05:30,80.9,81.6,79.5,80.15,14300
SSWL,2019-05-17 00:00:00+05:30,79.3,80.3,78.85,79.4,18870
SSWL,2019-05-20 00:00:00+05:30,81.0,81.8,80.0,80.55,34620
SSWL,2019-05-21 00:00:00+05:30,80.7,80.8,79.4,79.45,45080
SSWL,2019-05-22 00:00:00+05:30,79.45,80.2,79.1,79.95,10850
SSWL,2019-05-23 00:00:00+05:30,80.8,81.15,78.5,79.35,35710
SSWL,2019-05-24 00:00:00+05:30,81.5,81.5,79.7,81.05,36860
SSWL,2019-05-27 00:00:00+05:30,81.5,81.65,80.7,81.0,38340
SSWL,2019-05-28 00:00:00+05:30,81.0,82.5,80.45,81.55,89500
SSWL,2019-05-29 00:00:00+05:30,81.65,81.65,80.55,80.6,31240
SSWL,2019-05-30 00:00:00+05:30,80.9,81.4,79.7,80.0,49660
SSWL,2019-05-31 00:00:00+05:30,80.2,80.5,79.0,79.85,126120
SSWL,2019-06-03 00:00:00+05:30,79.8,80.7,78.5,79.55,78820
SSWL,2019-06-04 00:00:00+05:30,78.6,80.0,78.6,79.2,12520
SSWL,2019-06-06 00:00:00+05:30,80.0,80.0,78.1,79.2,55960
SSWL,2019-06-07 00:00:00+05:30,79.1,79.4,77.8,79.05,47250
SSWL,2019-06-10 00:00:00+05:30,80.4,80.4,79.1,79.4,14890
SSWL,2019-06-11 00:00:00+05:30,79.4,79.5,78.5,79.1,26690
SSWL,2019-06-12 00:00:00+05:30,78.8,79.9,78.5,79.25,40840
SSWL,2019-06-13 00:00:00+05:30,79.05,79.4,77.4,79.15,92930
SSWL,2019-06-14 00:00:00+05:30,78.15,79.5,77.6,79.15,172650
SSWL,2019-06-17 00:00:00+05:30,79.15,79.3,78.1,79.15,95640
SSWL,2019-06-18 00:00:00+05:30,79.3,79.3,78.4,78.7,82610
SSWL,2019-06-19 00:00:00+05:30,78.7,79.1,78.25,78.7,291760
SSWL,2019-06-20 00:00:00+05:30,77.55,79.4,77.5,78.65,140850
SSWL,2019-06-21 00:00:00+05:30,78.45,79.95,78.0,78.85,131860
SSWL,2019-06-24 00:00:00+05:30,79.3,79.4,78.0,78.85,218470
SSWL,2019-06-25 00:00:00+05:30,78.9,78.9,78.1,78.75,122220
SSWL,2019-06-26 00:00:00+05:30,79.0,79.65,76.6,78.7,200810
SSWL,2019-06-27 00:00:00+05:30,78.25,79.0,77.85,78.7,128180
SSWL,2019-06-28 00:00:00+05:30,78.25,79.6,78.25,79.15,579000
SSWL,2019-07-01 00:00:00+05:30,79.45,79.9,78.15,78.6,66770
SSWL,2019-07-02 00:00:00+05:30,78.0,79.05,77.85,78.3,186800
SSWL,2019-07-03 00:00:00+05:30,78.6,79.0,77.75,78.5,101900
SSWL,2019-07-04 00:00:00+05:30,78.75,79.0,78.05,78.65,35330
SSWL,2019-07-05 00:00:00+05:30,78.05,78.85,78.05,78.55,32900
SSWL,2019-07-08 00:00:00+05:30,78.6,79.0,76.6,78.15,274000
SSWL,2019-07-09 00:00:00+05:30,77.0,78.4,72.2,78.25,720120
SSWL,2019-07-10 00:00:00+05:30,77.7,78.6,76.3,78.2,109540
SSWL,2019-07-11 00:00:00+05:30,78.4,78.7,77.0,78.1,100310
SSWL,2019-07-12 00:00:00+05:30,77.65,78.75,77.2,78.35,32860
SSWL,2019-07-15 00:00:00+05:30,78.55,78.85,77.3,78.25,76930
SSWL,2019-07-16 00:00:00+05:30,78.25,78.9,77.35,78.25,49890
SSWL,2019-07-17 00:00:00+05:30,77.7,78.4,77.5,78.35,152670
SSWL,2019-07-18 00:00:00+05:30,78.0,78.35,77.6,78.25,172800
SSWL,2019-07-19 00:00:00+05:30,77.95,78.95,76.7,78.35,159850
SSWL,2019-07-22 00:00:00+05:30,77.2,78.4,75.8,78.25,232950
SSWL,2019-07-23 00:00:00+05:30,77.7,78.5,76.5,78.3,103540
SSWL,2019-07-24 00:00:00+05:30,78.5,78.6,77.55,78.5,82360
SSWL,2019-07-25 00:00:00+05:30,78.6,79.0,77.05,78.45,156490
SSWL,2019-07-26 00:00:00+05:30,77.95,78.95,77.5,78.7,23470
SSWL,2019-07-29 00:00:00+05:30,78.15,78.8,77.2,77.65,24150
SSWL,2019-07-30 00:00:00+05:30,77.65,78.65,77.4,78.4,83970
SSWL,2019-07-31 00:00:00+05:30,77.9,78.4,77.3,78.25,47420
SSWL,2019-08-01 00:00:00+05:30,77.3,78.95,77.2,78.25,107480
SSWL,2019-08-02 00:00:00+05:30,77.85,78.75,77.25,78.55,54440
SSWL,2019-08-05 00:00:00+05:30,78.2,78.4,77.0,78.15,56570
SSWL,2019-08-06 00:00:00+05:30,77.0,78.4,77.0,78.2,39330
SSWL,2019-08-07 00:00:00+05:30,78.4,78.6,77.55,78.25,33200
SSWL,2019-08-08 00:00:00+05:30,77.9,78.45,77.6,78.05,40750
SSWL,2019-08-09 00:00:00+05:30,78.0,78.6,77.7,78.35,25070
SSWL,2019-08-13 00:00:00+05:30,77.5,79.8,77.5,78.35,46570
SSWL,2019-08-14 00:00:00+05:30,78.4,79.45,77.75,78.6,50130
SSWL,2019-08-16 00:00:00+05:30,78.9,79.2,77.65,78.5,13090
SSWL,2019-08-19 00:00:00+05:30,77.85,78.75,77.7,78.3,37060
SSWL,2019-08-20 00:00:00+05:30,78.5,78.5,77.8,78.3,19950
SSWL,2019-08-21 00:00:00+05:30,77.95,79.1,77.7,78.25,27600
SSWL,2019-08-22 00:00:00+05:30,77.9,78.5,77.1,78.15,112580
SSWL,2019-08-23 00:00:00+05:30,77.8,78.8,77.05,78.3,125940
SSWL,2019-08-26 00:00:00+05:30,79.9,79.9,77.85,78.3,106460
SSWL,2019-08-27 00:00:00+05:30,78.3,78.35,77.8,78.25,120430
SSWL,2019-08-28 00:00:00+05:30,78.3,78.3,77.75,78.2,94450
SSWL,2019-08-29 00:00:00+05:30,77.55,78.25,77.55,78.2,43740
SSWL,2019-08-30 00:00:00+05:30,77.2,78.3,77.2,78.1,15210
SSWL,2019-09-03 00:00:00+05:30,77.5,78.3,75.8,78.05,58060
SSWL,2019-09-04 00:00:00+05:30,78.15,79.75,76.6,78.05,79150
SSWL,2019-09-05 00:00:00+05:30,77.55,78.9,77.55,78.15,29200
SSWL,2019-09-06 00:00:00+05:30,77.85,78.35,77.65,78.05,108460
SSWL,2019-09-09 00:00:00+05:30,78.0,78.3,77.65,78.1,35100
SSWL,2019-09-11 00:00:00+05:30,77.6,78.15,77.6,78.0,30200
SSWL,2019-09-12 00:00:00+05:30,77.35,78.6,77.15,78.0,62390
SSWL,2019-09-13 00:00:00+05:30,78.1,79.6,77.4,78.7,32790
SSWL,2019-09-16 00:00:00+05:30,79.1,79.15,77.55,78.15,13630
SSWL,2019-09-17 00:00:00+05:30,78.0,79.0,77.55,78.1,51140
SSWL,2019-09-18 00:00:00+05:30,79.8,79.8,77.6,77.95,19420
SSWL,2019-09-19 00:00:00+05:30,78.35,78.5,77.1,78.0,47100
SSWL,2019-09-20 00:00:00+05:30,79.4,79.9,77.8,78.3,47850
SSWL,2019-09-23 00:00:00+05:30,78.95,78.95,77.7,78.05,42640
SSWL,2019-09-24 00:00:00+05:30,78.3,78.5,77.55,77.95,68650
SSWL,2019-09-25 00:00:00+05:30,77.5,78.15,77.2,77.9,138940
SSWL,2019-09-26 00:00:00+05:30,77.6,78.0,77.5,77.95,24540
SSWL,2019-09-27 00:00:00+05:30,77.4,78.0,77.3,77.9,154620
SSWL,2019-09-30 00:00:00+05:30,79.0,79.0,77.3,77.9,27020
SSWL,2019-10-01 00:00:00+05:30,77.8,78.0,77.5,77.85,53600
SSWL,2019-10-03 00:00:00+05:30,78.0,78.0,77.55,77.85,29710
SSWL,2019-10-04 00:00:00+05:30,77.9,78.0,77.25,77.75,17150
SSWL,2019-10-07 00:00:00+05:30,76.7,78.0,76.7,77.6,9920
SSWL,2019-10-09 00:00:00+05:30,77.6,77.8,77.0,77.5,22680
SSWL,2019-10-10 00:00:00+05:30,77.0,77.7,77.0,77.45,27570
SSWL,2019-10-11 00:00:00+05:30,77.6,78.0,76.5,77.25,39630
SSWL,2019-10-14 00:00:00+05:30,76.7,78.0,76.25,77.3,49940
SSWL,2019-10-15 00:00:00+05:30,76.65,77.85,76.65,77.35,27420
SSWL,2019-10-16 00:00:00+05:30,76.8,77.7,76.8,77.1,21190
SSWL,2019-10-17 00:00:00+05:30,76.8,77.6,76.55,77.25,40580
SSWL,2019-10-18 00:00:00+05:30,76.65,77.5,76.65,77.35,25440
SSWL,2019-10-22 00:00:00+05:30,77.1,78.0,76.6,77.2,39120
SSWL,2019-10-23 00:00:00+05:30,76.8,78.05,76.8,77.25,59420
SSWL,2019-10-24 00:00:00+05:30,77.1,77.65,76.9,77.25,46130
SSWL,2019-10-25 00:00:00+05:30,76.9,77.4,76.9,77.25,26710
SSWL,2019-10-27 00:00:00+05:30,77.9,77.9,76.7,77.7,7140
SSWL,2019-10-29 00:00:00+05:30,77.5,77.85,76.8,77.2,62750
SSWL,2019-10-30 00:00:00+05:30,77.3,77.6,76.55,77.3,95700
SSWL,2019-10-31 00:00:00+05:30,77.3,77.5,77.0,77.3,26380
SSWL,2019-11-01 00:00:00+05:30,77.1,77.35,76.7,77.0,44510
SSWL,2019-11-04 00:00:00+05:30,76.5,77.2,76.45,76.95,56720
SSWL,2019-11-05 00:00:00+05:30,76.9,77.15,76.1,76.8,76910
SSWL,2019-11-06 00:00:00+05:30,76.45,77.7,76.4,77.0,41240
SSWL,2019-11-07 00:00:00+05:30,77.1,77.7,76.85,77.5,14510
SSWL,2019-11-08 00:00:00+05:30,77.0,77.55,76.7,77.3,8260
SSWL,2019-11-11 00:00:00+05:30,76.35,77.5,73.85,77.15,61340
SSWL,2019-11-13 00:00:00+05:30,77.5,77.5,76.7,77.15,23130
SSWL,2019-11-14 00:00:00+05:30,76.7,77.25,76.35,77.05,59360
SSWL,2019-11-15 00:00:00+05:30,76.8,77.3,76.7,77.05,43050
SSWL,2019-11-18 00:00:00+05:30,77.1,78.5,76.05,77.05,54560
SSWL,2019-11-19 00:00:00+05:30,76.55,77.2,76.1,76.9,195700
SSWL,2019-11-20 00:00:00+05:30,76.9,77.3,76.3,76.95,49540
SSWL,2019-11-21 00:00:00+05:30,76.8,77.0,76.5,76.9,60590
SSWL,2019-11-22 00:00:00+05:30,76.4,77.0,76.4,76.85,53050
SSWL,2019-11-25 00:00:00+05:30,76.5,77.2,76.5,76.85,28090
SSWL,2019-11-26 00:00:00+05:30,77.0,77.0,76.55,76.8,31180
SSWL,2019-11-27 00:00:00+05:30,77.0,77.0,76.6,76.8,39860
SSWL,2019-11-28 00:00:00+05:30,76.8,76.95,76.5,76.8,41600
SSWL,2019-11-29 00:00:00+05:30,78.2,78.2,76.6,76.9,16930
SSWL,2019-12-02 00:00:00+05:30,76.55,77.2,76.55,76.85,32530
SSWL,2019-12-03 00:00:00+05:30,77.1,77.1,76.65,76.95,16310
SSWL,2019-12-04 00:00:00+05:30,76.95,76.95,76.5,76.65,25060
SSWL,2019-12-05 00:00:00+05:30,76.7,78.0,75.5,76.7,38360
SSWL,2019-12-06 00:00:00+05:30,76.3,77.5,76.3,77.0,10320
SSWL,2019-12-09 00:00:00+05:30,75.1,78.0,72.35,76.65,385320
SSWL,2019-12-10 00:00:00+05:30,75.75,78.0,75.5,76.65,201910
SSWL,2019-12-11 00:00:00+05:30,76.1,76.95,76.0,76.65,76610
SSWL,2019-12-12 00:00:00+05:30,75.9,76.65,75.9,76.5,81660
SSWL,2019-12-13 00:00:00+05:30,75.7,76.95,75.7,76.85,32780
SSWL,2019-12-16 00:00:00+05:30,75.7,76.65,75.7,76.55,44080
SSWL,2019-12-17 00:00:00+05:30,76.15,77.9,75.6,76.4,60750
SSWL,2019-12-18 00:00:00+05:30,76.75,76.9,76.1,76.6,24010
SSWL,2019-12-19 00:00:00+05:30,76.2,76.75,76.05,76.45,37490
SSWL,2019-12-20 00:00:00+05:30,76.15,76.75,76.05,76.5,23850
SSWL,2019-12-23 00:00:00+05:30,75.6,76.8,75.6,76.4,14130
SSWL,2019-12-24 00:00:00+05:30,75.85,77.0,75.85,76.55,29310
SSWL,2019-12-26 00:00:00+05:30,76.2,78.5,76.2,76.6,54030
SSWL,2019-12-27 00:00:00+05:30,76.6,77.6,76.5,76.8,39510
SSWL,2019-12-30 00:00:00+05:30,76.9,77.2,76.0,76.45,73290
SSWL,2019-12-31 00:00:00+05:30,76.2,76.55,76.0,76.5,40350
SSWL,2020-01-01 00:00:00+05:30,76.1,76.95,76.1,76.4,26190
SSWL,2020-01-02 00:00:00+05:30,76.5,78.1,76.2,76.85,115140
SSWL,2020-01-03 00:00:00+05:30,76.8,76.8,76.0,76.4,33240
SSWL,2020-01-06 00:00:00+05:30,75.25,76.35,75.15,75.6,24760
SSWL,2020-01-07 00:00:00+05:30,76.9,76.9,75.3,76.2,73900
SSWL,2020-01-08 00:00:00+05:30,74.2,76.4,74.2,76.05,103160
SSWL,2020-01-09 00:00:00+05:30,76.8,77.3,76.0,76.8,21200
SSWL,2020-01-10 00:00:00+05:30,77.0,77.5,76.0,76.6,24220
SSWL,2020-01-13 00:00:00+05:30,75.7,76.5,75.5,75.95,79340
SSWL,2020-01-14 00:00:00+05:30,75.15,76.0,74.8,75.65,81620
SSWL,2020-01-15 00:00:00+05:30,75.2,75.85,75.1,75.65,44690
SSWL,2020-01-16 00:00:00+05:30,76.0,76.0,75.0,75.45,51450
SSWL,2020-01-17 00:00:00+05:30,74.35,75.8,74.35,75.35,112430
SSWL,2020-01-20 00:00:00+05:30,75.5,75.7,74.85,75.05,57930
SSWL,2020-01-21 00:00:00+05:30,74.5,76.0,74.5,75.75,58900
SSWL,2020-01-22 00:00:00+05:30,75.05,75.75,75.05,75.4,35570
SSWL,2020-01-23 00:00:00+05:30,75.2,76.0,75.0,75.55,34880
SSWL,2020-01-24 00:00:00+05:30,75.1,75.65,75.0,75.35,50310
SSWL,2020-01-27 00:00:00+05:30,75.0,75.7,75.0,75.35,25930
SSWL,2020-01-28 00:00:00+05:30,75.1,76.0,74.5,75.35,41320
SSWL,2020-01-29 00:00:00+05:30,77.6,77.6,75.15,75.4,12800
SSWL,2020-01-30 00:00:00+05:30,74.6,75.9,74.6,75.35,10980
SSWL,2020-01-31 00:00:00+05:30,76.55,76.55,74.9,75.45,27540
SSWL,2020-02-01 00:00:00+05:30,75.0,75.75,74.5,75.25,37080
SSWL,2020-02-03 00:00:00+05:30,75.0,75.25,72.3,74.95,375850
SSWL,2020-02-04 00:00:00+05:30,74.45,75.85,74.0,75.05,28920
SSWL,2020-02-05 00:00:00+05:30,76.65,76.65,74.55,75.1,27300
SSWL,2020-02-06 00:00:00+05:30,75.05,75.95,74.45,75.1,28680
SSWL,2020-02-07 00:00:00+05:30,74.7,75.1,74.05,74.9,222870
SSWL,2020-02-10 00:00:00+05:30,73.65,75.2,73.65,74.8,249080
SSWL,2020-02-11 00:00:00+05:30,74.2,74.9,74.2,74.85,95290
SSWL,2020-02-12 00:00:00+05:30,74.2,75.0,74.2,74.75,35210
SSWL,2020-02-13 00:00:00+05:30,74.0,74.85,74.0,74.7,101330
SSWL,2020-02-14 00:00:00+05:30,74.55,74.9,74.4,74.75,41840
SSWL,2020-02-17 00:00:00+05:30,74.5,74.95,74.25,74.8,41940
SSWL,2020-02-18 00:00:00+05:30,74.85,74.9,74.25,74.75,30410
SSWL,2020-02-19 00:00:00+05:30,74.1,74.9,74.1,74.8,26260
SSWL,2020-02-20 00:00:00+05:30,74.2,75.45,74.2,74.8,107880
SSWL,2020-02-24 00:00:00+05:30,74.6,74.6,73.5,73.9,84260
SSWL,2020-02-25 00:00:00+05:30,73.7,74.35,73.7,74.1,6590
SSWL,2020-02-26 00:00:00+05:30,74.6,74.6,71.75,72.0,24940
SSWL,2020-02-27 00:00:00+05:30,72.95,74.0,67.55,70.65,192420
SSWL,2020-02-28 00:00:00+05:30,68.5,72.85,68.5,70.4,59870
SSWL,2020-03-02 00:00:00+05:30,71.35,71.5,69.55,70.4,38130
SSWL,2020-03-03 00:00:00+05:30,71.4,71.4,69.3,70.3,29210
SSWL,2020-03-04 00:00:00+05:30,69.55,70.9,69.5,70.35,72770
SSWL,2020-03-05 00:00:00+05:30,69.5,70.4,68.85,69.8,19930
SSWL,2020-03-06 00:00:00+05:30,68.2,69.5,68.0,69.05,197700
SSWL,2020-03-09 00:00:00+05:30,67.55,68.2,63.6,64.85,166870
SSWL,2020-03-11 00:00:00+05:30,65.4,65.4,60.7,62.55,180420
SSWL,2020-03-12 00:00:00+05:30,61.4,61.4,55.7,59.95,217770
SSWL,2020-03-13 00:00:00+05:30,56.2,59.7,48.1,59.5,266260
SSWL,2020-03-16 00:00:00+05:30,55.2,59.8,53.05,59.25,233690
SSWL,2020-03-17 00:00:00+05:30,57.25,63.5,56.8,58.95,68380
SSWL,2020-03-18 00:00:00+05:30,58.95,59.5,56.5,58.95,95690
SSWL,2020-03-19 00:00:00+05:30,52.7,58.9,52.7,57.9,113530
SSWL,2020-03-20 00:00:00+05:30,55.1,58.5,55.1,57.75,42420
SSWL,2020-03-23 00:00:00+05:30,53.0,54.5,46.2,47.95,47470
SSWL,2020-03-24 00:00:00+05:30,45.25,49.8,38.35,38.7,108970
SSWL,2020-03-25 00:00:00+05:30,36.9,37.4,34.9,35.05,48950
SSWL,2020-03-26 00:00:00+05:30,35.0,37.4,32.55,34.35,26630
SSWL,2020-03-27 00:00:00+05:30,37.0,37.7,34.5,35.95,41440
SSWL,2020-03-30 00:00:00+05:30,35.0,37.45,32.35,34.85,23110
SSWL,2020-03-31 00:00:00+05:30,33.2,37.8,33.0,35.45,25230
SSWL,2020-04-01 00:00:00+05:30,34.4,38.5,34.35,37.95,24780
SSWL,2020-04-03 00:00:00+05:30,37.5,38.0,36.5,38.0,4190
SSWL,2020-04-07 00:00:00+05:30,37.9,37.9,35.55,37.55,34000
SSWL,2020-04-08 00:00:00+05:30,36.5,38.5,35.25,38.2,18770
SSWL,2020-04-09 00:00:00+05:30,39.4,42.0,36.25,41.5,51820
SSWL,2020-04-13 00:00:00+05:30,41.6,41.75,38.0,38.7,35670
SSWL,2020-04-15 00:00:00+05:30,39.7,41.8,38.0,40.05,41710
SSWL,2020-04-16 00:00:00+05:30,40.15,41.8,39.3,39.5,38420
SSWL,2020-04-17 00:00:00+05:30,40.05,43.45,39.5,43.15,142210
SSWL,2020-04-20 00:00:00+05:30,44.0,47.1,41.5,43.65,73880
SSWL,2020-04-21 00:00:00+05:30,43.6,43.6,40.05,40.8,43580
SSWL,2020-04-22 00:00:00+05:30,40.8,42.85,40.0,40.65,44170
SSWL,2020-04-23 00:00:00+05:30,40.6,42.4,40.2,41.0,25790
SSWL,2020-04-24 00:00:00+05:30,40.4,42.5,39.55,40.0,17190
SSWL,2020-04-27 00:00:00+05:30,42.0,42.0,39.05,39.9,26910
SSWL,2020-04-28 00:00:00+05:30,41.0,41.05,39.05,39.5,14020
SSWL,2020-04-29 00:00:00+05:30,40.65,41.0,39.5,39.8,38200
SSWL,2020-04-30 00:00:00+05:30,41.3,41.3,39.5,39.75,249320
SSWL,2020-05-04 00:00:00+05:30,39.0,39.45,38.0,38.9,17040
SSWL,2020-05-05 00:00:00+05:30,38.95,39.1,37.0,37.6,41960
SSWL,2020-05-06 00:00:00+05:30,35.25,40.4,34.5,37.55,17100
SSWL,2020-05-07 00:00:00+05:30,38.5,38.5,36.1,36.55,36510
SSWL,2020-05-08 00:00:00+05:30,36.8,38.9,35.25,36.65,36540
SSWL,2020-05-11 00:00:00+05:30,37.75,37.75,35.7,35.95,16600
SSWL,2020-05-12 00:00:00+05:30,36.4,36.45,35.3,35.7,5990
SSWL,2020-05-13 00:00:00+05:30,37.15,37.15,35.1,35.8,87030
SSWL,2020-05-14 00:00:00+05:30,35.9,36.25,35.5,35.75,13590
SSWL,2020-05-15 00:00:00+05:30,36.0,36.8,35.0,35.7,13540
SSWL,2020-05-18 00:00:00+05:30,35.95,35.95,33.95,34.25,18340
SSWL,2020-05-19 00:00:00+05:30,34.15,35.05,32.0,32.45,721790
SSWL,2020-05-20 00:00:00+05:30,32.45,33.9,31.6,32.55,330670
SSWL,2020-05-21 00:00:00+05:30,33.5,34.2,31.65,33.45,209180
SSWL,2020-05-22 00:00:00+05:30,33.0,34.0,32.3,32.9,54140
SSWL,2020-05-26 00:00:00+05:30,35.5,35.5,31.75,33.3,43380
SSWL,2020-05-27 00:00:00+05:30,33.8,34.5,32.95,33.2,87600
SSWL,2020-05-28 00:00:00+05:30,33.1,34.8,33.0,33.65,358670
SSWL,2020-05-29 00:00:00+05:30,33.8,35.4,33.0,34.45,280160
SSWL,2020-06-01 00:00:00+05:30,34.95,36.35,34.95,35.3,181740
SSWL,2020-06-02 00:00:00+05:30,35.5,36.3,35.0,35.35,220510
SSWL,2020-06-03 00:00:00+05:30,36.35,38.85,35.65,37.6,427520
SSWL,2020-06-04 00:00:00+05:30,41.25,41.25,38.7,39.4,1020770
SSWL,2020-06-05 00:00:00+05:30,39.65,40.5,38.5,38.7,625730
SSWL,2020-06-08 00:00:00+05:30,38.6,39.45,37.3,37.55,507790
SSWL,2020-06-09 00:00:00+05:30,38.1,38.4,36.85,37.05,198730
SSWL,2020-06-10 00:00:00+05:30,37.05,37.4,36.5,36.6,87950
SSWL,2020-06-11 00:00:00+05:30,36.65,37.05,35.55,35.85,121130
SSWL,2020-06-12 00:00:00+05:30,34.1,36.0,34.05,35.65,112100
SSWL,2020-06-15 00:00:00+05:30,36.0,37.75,36.0,36.35,144960
SSWL,2020-06-16 00:00:00+05:30,37.0,39.5,36.3,36.8,574230
SSWL,2020-06-17 00:00:00+05:30,36.3,38.4,36.3,37.25,499660
SSWL,2020-06-18 00:00:00+05:30,37.3,37.8,36.25,36.95,263070
SSWL,2020-06-19 00:00:00+05:30,37.0,40.4,37.0,39.15,900290
SSWL,2020-06-22 00:00:00+05:30,39.7,40.9,38.8,39.2,1021080
SSWL,2020-06-23 00:00:00+05:30,39.4,44.8,38.8,43.2,3986940
SSWL,2020-06-24 00:00:00+05:30,43.6,45.5,42.35,42.95,1394420
SSWL,2020-06-25 00:00:00+05:30,42.9,44.5,42.5,43.45,698310
SSWL,2020-06-26 00:00:00+05:30,44.2,44.5,43.45,43.9,313590
SSWL,2020-06-29 00:00:00+05:30,43.5,43.5,41.8,41.95,364750
SSWL,2020-06-30 00:00:00+05:30,43.0,45.7,42.1,43.5,2333510
SSWL,2020-07-01 00:00:00+05:30,43.9,45.6,43.3,43.85,1598520
SSWL,2020-07-02 00:00:00+05:30,44.0,44.3,43.2,43.35,371990
SSWL,2020-07-03 00:00:00+05:30,43.2,44.7,42.85,43.15,489400
SSWL,2020-07-06 00:00:00+05:30,43.5,44.1,43.2,43.6,349080
SSWL,2020-07-07 00:00:00+05:30,43.75,44.6,43.4,43.6,341120
SSWL,2020-07-08 00:00:00+05:30,43.8,46.75,43.4,44.2,1776130
SSWL,2020-07-09 00:00:00+05:30,44.5,45.4,44.0,44.35,400650
SSWL,2020-07-10 00:00:00+05:30,44.0,44.3,43.5,43.8,251560
SSWL,2020-07-13 00:00:00+05:30,43.3,45.6,43.3,44.2,669410
SSWL,2020-07-14 00:00:00+05:30,44.35,44.6,43.1,43.75,411170
SSWL,2020-07-15 00:00:00+05:30,44.2,45.25,43.3,43.55,1005040
SSWL,2020-07-16 00:00:00+05:30,43.9,43.95,43.1,43.5,180690
SSWL,2020-07-17 00:00:00+05:30,43.5,43.9,43.4,43.65,91890
SSWL,2020-07-20 00:00:00+05:30,43.65,44.95,43.6,43.95,357400
SSWL,2020-07-21 00:00:00+05:30,44.5,44.55,43.8,43.95,173630
SSWL,2020-07-22 00:00:00+05:30,44.3,45.9,43.0,43.7,1535350
SSWL,2020-07-23 00:00:00+05:30,43.5,44.5,43.4,43.55,535860
SSWL,2020-07-24 00:00:00+05:30,43.55,43.55,42.7,43.0,246660
SSWL,2020-07-27 00:00:00+05:30,42.3,43.5,41.7,42.7,570130
SSWL,2020-07-28 00:00:00+05:30,43.2,43.5,42.25,42.35,157240
SSWL,2020-07-29 00:00:00+05:30,42.35,43.2,42.2,42.4,185510
SSWL,2020-07-30 00:00:00+05:30,42.8,43.45,41.6,41.85,270080
SSWL,2020-07-31 00:00:00+05:30,41.85,41.85,40.6,41.2,184990
SSWL,2020-08-03 00:00:00+05:30,40.2,41.05,39.5,39.75,312720
SSWL,2020-08-04 00:00:00+05:30,40.5,41.2,39.9,40.9,253950
SSWL,2020-08-05 00:00:00+05:30,41.6,42.0,41.3,41.65,122040
SSWL,2020-08-06 00:00:00+05:30,42.0,42.9,41.55,42.3,289150
SSWL,2020-08-07 00:00:00+05:30,42.5,43.5,41.7,42.0,426680
SSWL,2020-08-10 00:00:00+05:30,42.0,43.8,42.0,42.8,783160
SSWL,2020-08-11 00:00:00+05:30,43.1,43.7,42.8,43.25,297970
SSWL,2020-08-12 00:00:00+05:30,43.1,43.2,42.45,43.0,122620
SSWL,2020-08-13 00:00:00+05:30,43.15,44.7,42.9,44.0,884160
SSWL,2020-08-14 00:00:00+05:30,44.5,44.9,43.0,43.2,281750
SSWL,2020-08-17 00:00:00+05:30,43.4,43.65,41.9,42.3,240160
SSWL,2020-08-18 00:00:00+05:30,42.55,44.0,42.35,43.55,564970
SSWL,2020-08-19 00:00:00+05:30,43.55,44.85,42.85,43.4,493750
SSWL,2020-08-20 00:00:00+05:30,43.3,44.5,43.0,43.4,453970
SSWL,2020-08-21 00:00:00+05:30,43.8,49.5,43.7,47.55,3752620
SSWL,2020-08-24 00:00:00+05:30,48.1,51.0,48.1,49.15,2066410
SSWL,2020-08-25 00:00:00+05:30,49.55,49.55,47.0,47.45,861630
SSWL,2020-08-26 00:00:00+05:30,47.7,49.15,47.3,47.65,501820
SSWL,2020-08-27 00:00:00+05:30,48.0,48.4,47.05,47.65,539480
SSWL,2020-08-28 00:00:00+05:30,47.9,49.5,47.35,47.75,1296530
SSWL,2020-08-31 00:00:00+05:30,48.15,48.2,43.3,44.45,882930
SSWL,2020-09-01 00:00:00+05:30,44.9,46.9,43.8,46.4,607930
SSWL,2020-09-02 00:00:00+05:30,46.7,48.0,45.95,47.5,641990
SSWL,2020-09-03 00:00:00+05:30,47.9,47.9,46.2,46.75,193640
SSWL,2020-09-04 00:00:00+05:30,45.8,46.6,45.1,45.55,235110
SSWL,2020-09-07 00:00:00+05:30,45.5,46.2,44.85,45.8,324890
SSWL,2020-09-08 00:00:00+05:30,45.9,46.5,44.5,44.95,192690
SSWL,2020-09-09 00:00:00+05:30,44.1,44.7,43.25,43.75,302890
SSWL,2020-09-10 00:00:00+05:30,44.1,44.95,44.1,44.3,144020
SSWL,2020-09-11 00:00:00+05:30,43.5,45.4,43.5,43.7,317830
SSWL,2020-09-14 00:00:00+05:30,44.1,45.3,43.9,44.6,212770
SSWL,2020-09-15 00:00:00+05:30,44.85,46.05,43.6,44.45,394560
SSWL,2020-09-16 00:00:00+05:30,44.2,44.8,44.0,44.1,246710
SSWL,2020-09-17 00:00:00+05:30,44.4,44.6,43.2,43.35,215260
SSWL,2020-09-18 00:00:00+05:30,43.75,45.35,43.55,45.05,444230
SSWL,2020-09-21 00:00:00+05:30,45.8,46.75,44.0,44.35,485260
SSWL,2020-09-22 00:00:00+05:30,44.3,44.8,43.0,43.15,326670
SSWL,2020-09-23 00:00:00+05:30,43.7,44.2,42.55,43.25,150190
SSWL,2020-09-24 00:00:00+05:30,43.0,45.5,42.0,42.2,341220
SSWL,2020-09-25 00:00:00+05:30,42.4,42.95,41.3,41.95,277570
SSWL,2020-09-28 00:00:00+05:30,42.5,43.8,42.4,43.3,759750
SSWL,2020-09-29 00:00:00+05:30,43.7,45.0,43.2,44.4,440370
SSWL,2020-09-30 00:00:00+05:30,44.4,45.0,43.8,44.05,130770
SSWL,2020-10-01 00:00:00+05:30,44.2,45.7,44.2,44.85,418900
SSWL,2020-10-05 00:00:00+05:30,45.4,46.0,44.5,44.8,398910
SSWL,2020-10-06 00:00:00+05:30,45.2,45.55,44.5,44.7,277150
SSWL,2020-10-07 00:00:00+05:30,45.2,48.0,44.8,47.25,2235250
SSWL,2020-10-08 00:00:00+05:30,47.35,47.7,45.5,45.75,376980
SSWL,2020-10-09 00:00:00+05:30,46.5,51.75,46.1,48.25,3378630
SSWL,2020-10-12 00:00:00+05:30,48.65,49.45,46.85,47.3,841760
SSWL,2020-10-13 00:00:00+05:30,47.2,49.6,46.7,48.4,727830
SSWL,2020-10-14 00:00:00+05:30,48.5,48.8,47.4,47.6,255930
SSWL,2020-10-15 00:00:00+05:30,47.6,48.1,45.4,45.7,336630
SSWL,2020-10-16 00:00:00+05:30,45.7,46.6,45.35,46.15,150010
SSWL,2020-10-19 00:00:00+05:30,46.7,48.9,46.2,48.4,805210
SSWL,2020-10-20 00:00:00+05:30,49.0,52.45,48.45,51.15,2117370
SSWL,2020-10-21 00:00:00+05:30,51.5,52.2,50.0,50.6,992920
SSWL,2020-10-22 00:00:00+05:30,50.2,52.5,50.0,52.45,1084960
SSWL,2020-10-23 00:00:00+05:30,52.0,52.5,51.15,51.85,793150
SSWL,2020-10-26 00:00:00+05:30,51.8,52.5,49.6,49.95,514720
SSWL,2020-10-27 00:00:00+05:30,50.3,51.8,49.0,50.75,632170
SSWL,2020-10-28 00:00:00+05:30,50.4,51.95,49.3,49.65,301860
SSWL,2020-10-29 00:00:00+05:30,48.7,49.7,47.35,47.8,350090
SSWL,2020-10-30 00:00:00+05:30,48.3,49.5,46.2,47.4,331050
SSWL,2020-11-02 00:00:00+05:30,47.55,48.7,46.95,48.0,306690
SSWL,2020-11-03 00:00:00+05:30,48.8,49.3,48.3,48.55,261090
SSWL,2020-11-04 00:00:00+05:30,48.5,49.8,48.5,49.05,223600
SSWL,2020-11-05 00:00:00+05:30,49.5,50.0,45.4,48.9,282650
SSWL,2020-11-06 00:00:00+05:30,49.4,49.65,48.5,48.7,193230
SSWL,2020-11-09 00:00:00+05:30,49.7,49.7,47.85,48.65,203620
SSWL,2020-11-10 00:00:00+05:30,49.2,49.6,48.7,49.05,206470
SSWL,2020-11-11 00:00:00+05:30,48.9,49.3,48.15,48.4,130990
SSWL,2020-11-12 00:00:00+05:30,48.4,48.9,48.05,48.2,137620
SSWL,2020-11-13 00:00:00+05:30,48.35,48.85,47.9,48.1,163810
SSWL,2020-11-14 00:00:00+05:30,48.3,49.4,47.5,47.8,213260
SSWL,2020-11-17 00:00:00+05:30,48.1,51.8,46.8,49.5,743520
SSWL,2020-11-18 00:00:00+05:30,50.45,51.6,50.0,50.55,423880
SSWL,2020-11-19 00:00:00+05:30,50.55,51.7,49.3,49.75,419320
SSWL,2020-11-20 00:00:00+05:30,50.0,50.6,48.55,48.8,349380
SSWL,2020-11-23 00:00:00+05:30,49.35,49.35,48.4,48.65,217480
SSWL,2020-11-24 00:00:00+05:30,48.9,50.7,48.9,49.9,447140
SSWL,2020-11-25 00:00:00+05:30,50.5,50.5,48.6,48.8,309210
SSWL,2020-11-26 00:00:00+05:30,49.3,52.6,48.85,49.0,323190
SSWL,2020-11-27 00:00:00+05:30,49.4,49.8,49.0,49.55,209800
SSWL,2020-12-01 00:00:00+05:30,50.05,50.6,49.75,50.35,399010
SSWL,2020-12-02 00:00:00+05:30,50.85,51.3,50.2,50.35,319830
SSWL,2020-12-03 00:00:00+05:30,50.5,54.7,50.3,53.65,2698480
SSWL,2020-12-04 00:00:00+05:30,53.5,55.0,52.5,53.1,586710
SSWL,2020-12-07 00:00:00+05:30,53.6,54.2,52.65,53.1,239370
SSWL,2020-12-08 00:00:00+05:30,53.45,53.5,51.55,51.7,427260
SSWL,2020-12-09 00:00:00+05:30,52.1,54.1,51.9,52.3,616110
SSWL,2020-12-10 00:00:00+05:30,52.5,52.6,51.5,51.7,255940
SSWL,2020-12-11 00:00:00+05:30,51.95,52.5,51.2,51.45,269320
SSWL,2020-12-14 00:00:00+05:30,51.7,52.5,51.1,51.5,220040
SSWL,2020-12-15 00:00:00+05:30,51.75,52.0,50.9,51.55,231780
SSWL,2020-12-16 00:00:00+05:30,51.8,52.9,51.55,52.0,369130
SSWL,2020-12-17 00:00:00+05:30,52.0,52.5,51.0,51.35,502850
SSWL,2020-12-18 00:00:00+05:30,51.5,52.95,50.4,51.1,761740
SSWL,2020-12-21 00:00:00+05:30,50.5,51.5,46.6,48.1,507260
SSWL,2020-12-22 00:00:00+05:30,49.8,49.8,46.3,47.8,423960
SSWL,2020-12-23 00:00:00+05:30,48.2,48.9,46.35,48.75,282550
SSWL,2020-12-24 00:00:00+05:30,49.0,50.1,48.3,48.75,404930
SSWL,2020-12-28 00:00:00+05:30,49.4,51.6,48.95,50.3,441110
SSWL,2020-12-29 00:00:00+05:30,51.0,51.4,49.5,49.8,314860
SSWL,2020-12-30 00:00:00+05:30,49.4,50.85,49.4,50.7,184630
SSWL,2020-12-31 00:00:00+05:30,50.7,51.7,50.2,50.5,448380
SSWL,2021-01-01 00:00:00+05:30,51.05,52.5,50.6,52.1,820980
SSWL,2021-01-04 00:00:00+05:30,53.0,59.7,52.7,57.45,2634630
SSWL,2021-01-05 00:00:00+05:30,57.5,58.5,56.3,57.65,949040
SSWL,2021-01-06 00:00:00+05:30,58.15,58.6,57.2,58.0,420490
SSWL,2021-01-07 00:00:00+05:30,58.6,61.8,58.0,58.55,1581120
SSWL,2021-01-08 00:00:00+05:30,58.7,61.45,58.7,60.9,926910
SSWL,2021-01-11 00:00:00+05:30,61.0,65.3,60.25,64.75,1798730
SSWL,2021-01-12 00:00:00+05:30,65.4,68.95,65.3,66.25,6578400
SSWL,2021-01-13 00:00:00+05:30,67.0,67.35,63.55,65.05,1534130
SSWL,2021-01-14 00:00:00+05:30,65.35,66.5,65.1,65.8,691420
SSWL,2021-01-15 00:00:00+05:30,65.2,66.0,63.5,63.85,624620
SSWL,2021-01-18 00:00:00+05:30,63.0,63.65,59.0,60.6,699500
SSWL,2021-01-19 00:00:00+05:30,61.0,62.35,60.4,60.9,399890
SSWL,2021-01-20 00:00:00+05:30,61.2,62.9,61.0,61.45,443300
SSWL,2021-01-21 00:00:00+05:30,62.0,62.4,59.1,59.65,444670
SSWL,2021-01-22 00:00:00+05:30,59.8,61.0,58.2,58.8,413340
SSWL,2021-01-25 00:00:00+05:30,59.25,59.55,56.8,57.55,309280
SSWL,2021-01-27 00:00:00+05:30,57.0,59.0,56.25,58.5,268780
SSWL,2021-01-28 00:00:00+05:30,58.45,58.9,56.65,58.55,377690
SSWL,2021-01-29 00:00:00+05:30,58.85,59.5,57.45,57.65,242370
SSWL,2021-02-01 00:00:00+05:30,57.85,60.75,57.55,60.15,366320
SSWL,2021-02-02 00:00:00+05:30,60.2,61.5,59.5,60.35,234030
SSWL,2021-02-03 00:00:00+05:30,60.7,61.8,60.25,61.25,340700
SSWL,2021-02-04 00:00:00+05:30,61.7,62.5,61.25,61.85,289570
SSWL,2021-02-05 00:00:00+05:30,62.15,62.95,61.6,62.5,330090
SSWL,2021-02-08 00:00:00+05:30,62.8,65.9,62.8,64.4,440870
SSWL,2021-02-09 00:00:00+05:30,65.0,65.0,61.45,62.6,294240
SSWL,2021-02-10 00:00:00+05:30,63.1,63.55,61.4,61.85,263640
SSWL,2021-02-11 00:00:00+05:30,62.4,63.35,61.7,62.9,156190
SSWL,2021-02-12 00:00:00+05:30,63.2,64.5,63.0,64.0,340750
SSWL,2021-02-15 00:00:00+05:30,64.0,65.1,64.0,64.75,220220
SSWL,2021-02-16 00:00:00+05:30,65.0,67.7,63.8,66.3,844240
SSWL,2021-02-17 00:00:00+05:30,66.3,66.9,63.2,64.5,623640
SSWL,2021-02-18 00:00:00+05:30,64.85,65.0,64.0,64.15,200720
SSWL,2021-02-19 00:00:00+05:30,64.5,66.5,64.05,64.7,435590
SSWL,2021-02-22 00:00:00+05:30,64.55,65.7,62.7,63.1,316170
SSWL,2021-02-23 00:00:00+05:30,64.75,65.55,63.0,63.2,255670
SSWL,2021-02-24 00:00:00+05:30,63.8,66.0,63.1,63.55,90820
SSWL,2021-02-25 00:00:00+05:30,63.65,64.8,63.65,64.25,163270
SSWL,2021-02-26 00:00:00+05:30,64.0,64.55,62.5,63.25,265480
SSWL,2021-03-01 00:00:00+05:30,63.4,64.95,63.4,64.2,218580
SSWL,2021-03-02 00:00:00+05:30,64.0,66.15,64.0,65.65,279580
SSWL,2021-03-03 00:00:00+05:30,66.25,67.05,65.6,66.25,456820
SSWL,2021-03-04 00:00:00+05:30,66.2,71.0,65.25,70.25,1492200
SSWL,2021-03-05 00:00:00+05:30,70.4,72.85,68.8,69.8,802430
SSWL,2021-03-08 00:00:00+05:30,70.65,71.5,69.6,70.95,284670
SSWL,2021-03-09 00:00:00+05:30,71.3,77.4,70.5,73.9,1378700
SSWL,2021-03-10 00:00:00+05:30,74.9,77.55,74.4,74.9,639420
SSWL,2021-03-12 00:00:00+05:30,75.5,77.5,74.4,75.75,342040
SSWL,2021-03-15 00:00:00+05:30,77.3,77.3,72.7,73.8,369690
SSWL,2021-03-16 00:00:00+05:30,74.2,75.3,73.05,73.4,146890
SSWL,2021-03-17 00:00:00+05:30,73.0,73.35,69.1,70.25,256290
SSWL,2021-03-18 00:00:00+05:30,70.25,72.0,64.3,67.8,623940
SSWL,2021-03-19 00:00:00+05:30,66.7,68.85,64.1,67.9,353420
SSWL,2021-03-22 00:00:00+05:30,68.0,70.9,67.3,67.8,238270
SSWL,2021-03-23 00:00:00+05:30,68.3,69.8,68.25,69.05,101880
SSWL,2021-03-24 00:00:00+05:30,69.05,70.5,66.8,67.25,168990
SSWL,2021-03-25 00:00:00+05:30,68.0,68.0,62.5,64.95,392550
SSWL,2021-03-26 00:00:00+05:30,65.25,67.5,65.25,66.1,417070
SSWL,2021-03-30 00:00:00+05:30,66.4,68.0,66.4,67.5,137820
SSWL,2021-03-31 00:00:00+05:30,67.6,71.2,67.6,69.8,218610
SSWL,2021-04-01 00:00:00+05:30,69.8,72.9,69.8,72.0,524900
SSWL,2021-04-05 00:00:00+05:30,72.4,72.5,67.85,72.35,577180
SSWL,2021-04-06 00:00:00+05:30,73.6,75.35,72.9,73.45,377160
SSWL,2021-04-07 00:00:00+05:30,73.45,74.75,72.65,73.95,397250
SSWL,2021-04-08 00:00:00+05:30,74.2,74.9,72.3,72.6,323430
SSWL,2021-04-09 00:00:00+05:30,72.95,73.8,72.6,73.25,226860
SSWL,2021-04-12 00:00:00+05:30,73.1,73.1,66.5,69.25,890950
SSWL,2021-04-13 00:00:00+05:30,69.9,72.5,67.4,70.0,270470
SSWL,2021-04-15 00:00:00+05:30,69.6,69.85,67.7,68.15,239800
SSWL,2021-04-16 00:00:00+05:30,68.5,69.45,68.3,68.5,151540
SSWL,2021-04-19 00:00:00+05:30,65.5,67.5,65.3,66.9,290200
SSWL,2021-04-20 00:00:00+05:30,67.3,68.0,66.5,66.7,187370
SSWL,2021-04-22 00:00:00+05:30,66.0,67.5,65.3,65.7,183410
SSWL,2021-04-23 00:00:00+05:30,66.25,66.9,64.8,66.05,199530
SSWL,2021-04-26 00:00:00+05:30,66.4,68.55,66.2,66.6,258990
SSWL,2021-04-27 00:00:00+05:30,66.9,67.45,64.5,64.95,538220
SSWL,2021-04-28 00:00:00+05:30,65.6,72.35,65.0,69.6,621510
SSWL,2021-04-29 00:00:00+05:30,70.0,72.0,69.0,70.7,635920
SSWL,2021-04-30 00:00:00+05:30,70.4,71.95,69.15,71.35,272680
SSWL,2021-05-03 00:00:00+05:30,70.0,75.25,69.5,72.6,592040
SSWL,2021-05-04 00:00:00+05:30,73.7,74.5,72.0,72.35,331720
SSWL,2021-05-05 00:00:00+05:30,72.5,79.0,72.4,77.25,1938190
SSWL,2021-05-06 00:00:00+05:30,79.2,81.2,78.4,79.35,1084650
SSWL,2021-05-07 00:00:00+05:30,79.75,83.0,75.1,75.9,5691260
SSWL,2021-05-10 00:00:00+05:30,76.8,78.0,74.5,76.15,1502490
SSWL,2021-05-11 00:00:00+05:30,75.85,76.35,74.9,75.05,393720
SSWL,2021-05-12 00:00:00+05:30,76.0,76.0,72.65,73.05,535770
SSWL,2021-05-14 00:00:00+05:30,74.0,74.0,71.55,72.6,368210
SSWL,2021-05-17 00:00:00+05:30,72.6,74.4,72.0,72.8,519800
SSWL,2021-05-18 00:00:00+05:30,73.15,75.5,73.15,75.0,364800
SSWL,2021-05-19 00:00:00+05:30,74.5,77.9,74.25,77.65,739480
SSWL,2021-05-20 00:00:00+05:30,77.0,79.9,76.3,78.95,770990
SSWL,2021-05-21 00:00:00+05:30,79.2,80.65,76.2,77.45,337090
SSWL,2021-05-24 00:00:00+05:30,78.0,78.75,74.2,77.0,400260
SSWL,2021-05-25 00:00:00+05:30,77.35,79.55,76.35,76.85,416160
SSWL,2021-05-26 00:00:00+05:30,77.25,78.5,76.3,76.6,218200
SSWL,2021-05-27 00:00:00+05:30,76.1,77.5,75.05,76.1,315620
SSWL,2021-05-28 00:00:00+05:30,76.15,77.5,75.7,76.9,323930
SSWL,2021-05-31 00:00:00+05:30,77.0,77.2,74.0,74.95,438530
SSWL,2021-06-01 00:00:00+05:30,75.0,76.5,73.55,73.8,282190
SSWL,2021-06-02 00:00:00+05:30,75.4,77.35,74.2,76.5,484080
SSWL,2021-06-03 00:00:00+05:30,76.9,77.15,75.3,75.95,249250
SSWL,2021-06-04 00:00:00+05:30,76.55,78.55,76.15,77.65,436310
SSWL,2021-06-07 00:00:00+05:30,78.55,78.55,77.6,77.65,181280
SSWL,2021-06-08 00:00:00+05:30,78.0,78.35,76.7,77.15,124460
SSWL,2021-06-09 00:00:00+05:30,76.5,78.1,75.1,75.8,231160
SSWL,2021-06-10 00:00:00+05:30,76.2,76.85,75.5,75.85,189100
SSWL,2021-06-11 00:00:00+05:30,76.45,77.05,74.8,75.0,218620
SSWL,2021-06-14 00:00:00+05:30,75.8,75.8,73.65,74.6,216400
SSWL,2021-06-15 00:00:00+05:30,74.95,75.5,74.6,74.8,228380
SSWL,2021-06-16 00:00:00+05:30,75.2,75.25,73.5,73.65,235700
SSWL,2021-06-17 00:00:00+05:30,74.0,75.95,73.6,74.2,498030
SSWL,2021-06-18 00:00:00+05:30,74.4,74.95,72.5,74.35,180720
SSWL,2021-06-21 00:00:00+05:30,74.0,75.5,72.9,74.65,220340
SSWL,2021-06-22 00:00:00+05:30,75.05,78.45,74.5,77.65,674480
SSWL,2021-06-23 00:00:00+05:30,77.65,79.0,76.1,78.05,306560
SSWL,2021-06-24 00:00:00+05:30,78.05,78.5,76.6,76.85,187750
SSWL,2021-06-25 00:00:00+05:30,77.45,78.95,76.3,77.05,212450
SSWL,2021-06-28 00:00:00+05:30,77.4,79.0,77.15,78.4,224870
SSWL,2021-06-29 00:00:00+05:30,79.0,84.6,78.6,83.95,2316300
SSWL,2021-06-30 00:00:00+05:30,85.0,86.2,83.2,84.2,884460
SSWL,2021-07-01 00:00:00+05:30,85.95,94.9,84.05,91.2,6514160
SSWL,2021-07-02 00:00:00+05:30,91.9,94.35,91.2,93.5,1275510
SSWL,2021-07-05 00:00:00+05:30,94.75,96.9,93.25,96.2,988350
SSWL,2021-07-06 00:00:00+05:30,96.0,100.25,95.7,96.5,1139010
SSWL,2021-07-07 00:00:00+05:30,97.35,100.8,95.75,99.05,894480
SSWL,2021-07-08 00:00:00+05:30,99.1,102.8,99.1,100.95,1458120
SSWL,2021-07-09 00:00:00+05:30,101.9,104.0,100.1,103.35,902330
SSWL,2021-07-12 00:00:00+05:30,112.0,112.0,106.1,107.25,4281430
SSWL,2021-07-13 00:00:00+05:30,107.5,117.0,107.4,113.9,2860470
SSWL,2021-07-14 00:00:00+05:30,116.8,135.5,116.8,127.7,7651510
SSWL,2021-07-15 00:00:00+05:30,130.0,130.0,125.0,126.1,1084480
SSWL,2021-07-16 00:00:00+05:30,127.2,128.35,118.9,121.25,958860
SSWL,2021-07-19 00:00:00+05:30,121.7,129.55,121.6,127.15,842210
SSWL,2021-07-20 00:00:00+05:30,127.9,127.9,120.1,122.15,388010
SSWL,2021-07-22 00:00:00+05:30,123.45,132.4,123.05,130.75,990760
SSWL,2021-07-23 00:00:00+05:30,130.5,130.5,124.0,124.8,466240
SSWL,2021-07-26 00:00:00+05:30,125.2,132.0,124.0,126.05,347840
SSWL,2021-07-27 00:00:00+05:30,126.0,130.6,126.0,127.3,409390
SSWL,2021-07-28 00:00:00+05:30,127.55,136.6,126.5,131.15,1443420
SSWL,2021-07-29 00:00:00+05:30,132.5,137.5,128.05,136.1,701300
SSWL,2021-07-30 00:00:00+05:30,137.0,137.45,134.0,136.1,528180
SSWL,2021-08-02 00:00:00+05:30,137.1,149.7,137.0,149.7,1245260
SSWL,2021-08-03 00:00:00+05:30,164.0,164.65,157.0,164.65,1220150
SSWL,2021-08-04 00:00:00+05:30,170.5,172.9,164.7,167.4,1373290
SSWL,2021-08-05 00:00:00+05:30,169.5,172.5,162.9,168.9,681140
SSWL,2021-08-06 00:00:00+05:30,170.8,171.0,161.5,164.4,474040
SSWL,2021-08-09 00:00:00+05:30,164.4,166.05,156.2,156.2,526930
SSWL,2021-08-10 00:00:00+05:30,155.0,163.4,148.4,152.65,565440
SSWL,2021-08-11 00:00:00+05:30,148.25,157.5,145.0,156.0,603160
SSWL,2021-08-12 00:00:00+05:30,159.6,160.8,154.75,158.95,327830
SSWL,2021-08-13 00:00:00+05:30,164.8,164.8,159.0,161.45,316880
SSWL,2021-08-16 00:00:00+05:30,162.0,163.45,158.0,158.7,133210
SSWL,2021-08-17 00:00:00+05:30,158.0,166.65,153.6,166.65,558100
SSWL,2021-08-18 00:00:00+05:30,172.5,175.0,164.5,169.35,911000
SSWL,2021-08-20 00:00:00+05:30,169.35,173.75,165.65,170.25,577070
SSWL,2021-08-23 00:00:00+05:30,171.1,174.5,162.7,168.9,988960
SSWL,2021-08-24 00:00:00+05:30,170.5,174.5,167.5,170.55,502420
SSWL,2021-08-25 00:00:00+05:30,172.5,179.05,172.2,179.05,1030270
SSWL,2021-08-26 00:00:00+05:30,184.0,188.0,181.1,188.0,783710
SSWL,2021-08-27 00:00:00+05:30,195.0,195.85,180.4,187.4,1222570
SSWL,2021-08-30 00:00:00+05:30,192.1,193.2,189.2,192.55,842790
SSWL,2021-08-31 00:00:00+05:30,194.9,194.9,188.5,189.85,444990
SSWL,2021-09-01 00:00:00+05:30,191.3,194.0,186.0,187.45,675660
SSWL,2021-09-02 00:00:00+05:30,189.0,192.5,188.2,188.95,335400
SSWL,2021-09-03 00:00:00+05:30,191.5,193.5,180.65,186.1,1338010
SSWL,2021-09-06 00:00:00+05:30,186.5,188.3,179.85,182.5,359930
SSWL,2021-09-07 00:00:00+05:30,174.05,184.0,174.0,180.8,155170
SSWL,2021-09-08 00:00:00+05:30,182.0,183.0,174.1,175.3,107410
SSWL,2021-09-09 00:00:00+05:30,175.3,177.5,170.0,172.85,206800
SSWL,2021-09-13 00:00:00+05:30,176.5,176.5,168.0,171.8,103610
SSWL,2021-09-14 00:00:00+05:30,171.7,179.8,169.1,176.15,99610
SSWL,2021-09-15 00:00:00+05:30,178.0,182.0,177.5,179.45,225060
SSWL,2021-09-16 00:00:00+05:30,180.1,183.9,176.75,179.8,87140
SSWL,2021-09-17 00:00:00+05:30,182.0,182.0,171.0,173.45,136940
SSWL,2021-09-20 00:00:00+05:30,170.5,178.1,168.0,169.8,140640
SSWL,2021-09-21 00:00:00+05:30,167.0,178.0,167.0,176.2,102130
SSWL,2021-09-22 00:00:00+05:30,176.9,178.5,172.2,175.2,118250
SSWL,2021-09-23 00:00:00+05:30,177.7,178.15,170.7,173.35,160590
SSWL,2021-09-24 00:00:00+05:30,173.35,176.9,169.0,171.95,94750
SSWL,2021-09-27 00:00:00+05:30,170.5,174.6,170.0,174.0,111700
SSWL,2021-09-28 00:00:00+05:30,177.8,177.8,173.0,174.7,128700
SSWL,2021-09-29 00:00:00+05:30,175.0,176.0,170.0,171.05,139430
SSWL,2021-09-30 00:00:00+05:30,174.4,174.4,170.0,170.75,408250
SSWL,2021-10-01 00:00:00+05:30,170.7,179.25,170.3,179.2,354540
SSWL,2021-10-04 00:00:00+05:30,183.8,188.15,179.5,180.65,299900
SSWL,2021-10-05 00:00:00+05:30,183.5,183.5,176.5,178.7,118690
SSWL,2021-10-06 00:00:00+05:30,180.0,181.0,173.0,174.9,113230
SSWL,2021-10-07 00:00:00+05:30,175.1,177.8,172.0,174.75,99030
SSWL,2021-10-08 00:00:00+05:30,177.0,177.0,170.0,174.6,371250
SSWL,2021-10-11 00:00:00+05:30,175.5,178.1,170.5,173.0,114420
SSWL,2021-10-12 00:00:00+05:30,175.0,176.0,173.0,174.7,66680
SSWL,2021-10-13 00:00:00+05:30,174.0,181.5,172.9,180.25,217010
SSWL,2021-10-14 00:00:00+05:30,185.0,188.9,175.0,182.3,396500
SSWL,2021-10-18 00:00:00+05:30,189.7,189.8,180.1,188.25,295830
SSWL,2021-10-19 00:00:00+05:30,190.0,192.8,182.8,185.25,205440
SSWL,2021-10-20 00:00:00+05:30,185.5,190.0,177.3,180.75,151070
SSWL,2021-10-21 00:00:00+05:30,180.8,188.8,177.5,181.2,121660
SSWL,2021-10-22 00:00:00+05:30,183.0,189.75,180.0,183.65,517960
SSWL,2021-10-25 00:00:00+05:30,189.0,189.4,174.5,181.95,326560
SSWL,2021-10-26 00:00:00+05:30,180.0,184.0,178.5,179.8,110460
SSWL,2021-10-27 00:00:00+05:30,179.8,185.0,176.0,178.7,113280
SSWL,2021-10-28 00:00:00+05:30,181.0,182.5,175.5,176.35,103870
SSWL,2021-10-29 00:00:00+05:30,176.0,180.5,172.5,174.4,83240
SSWL,2021-11-01 00:00:00+05:30,172.5,177.8,171.9,176.7,67600
SSWL,2021-11-02 00:00:00+05:30,177.5,179.7,172.5,173.65,75770
SSWL,2021-11-03 00:00:00+05:30,176.2,176.5,172.5,174.3,43590
SSWL,2021-11-04 00:00:00+05:30,176.5,178.2,173.5,176.9,26050
SSWL,2021-11-08 00:00:00+05:30,181.0,181.0,175.0,179.95,163390
SSWL,2021-11-09 00:00:00+05:30,182.0,185.5,180.0,183.6,358550
SSWL,2021-11-10 00:00:00+05:30,183.6,184.9,181.5,184.3,99170
SSWL,2021-11-11 00:00:00+05:30,187.5,187.5,183.5,184.4,118330
SSWL,2021-11-12 00:00:00+05:30,185.9,185.9,180.0,183.7,73680
SSWL,2021-11-15 00:00:00+05:30,185.0,185.0,175.9,178.25,165750
SSWL,2021-11-16 00:00:00+05:30,182.4,182.5,174.0,181.8,175740
SSWL,2021-11-17 00:00:00+05:30,182.0,185.0,181.0,182.5,163140
SSWL,2021-11-18 00:00:00+05:30,190.0,190.9,174.0,180.75,132290
SSWL,2021-11-22 00:00:00+05:30,183.0,183.0,171.7,175.75,87030
SSWL,2021-11-23 00:00:00+05:30,171.7,175.0,167.2,172.2,128430
SSWL,2021-11-24 00:00:00+05:30,169.6,172.2,166.4,166.75,94645
SSWL,2021-11-25 00:00:00+05:30,163.8,170.0,161.0,163.55,74105
SSWL,2021-11-26 00:00:00+05:30,163.0,169.0,157.8,162.8,117600
SSWL,2021-11-29 00:00:00+05:30,159.0,160.0,154.65,155.4,101415
SSWL,2021-11-30 00:00:00+05:30,155.05,162.95,147.65,148.15,170165
SSWL,2021-12-01 00:00:00+05:30,142.6,155.55,140.8,155.5,245790
SSWL,2021-12-02 00:00:00+05:30,158.8,163.3,150.4,163.0,114845
SSWL,2021-12-03 00:00:00+05:30,163.4,171.15,163.0,170.9,115850
SSWL,2021-12-06 00:00:00+05:30,172.0,174.0,165.0,166.4,143885
SSWL,2021-12-07 00:00:00+05:30,169.0,174.75,166.45,174.75,224125
SSWL,2021-12-08 00:00:00+05:30,180.0,183.45,174.8,175.55,246210
SSWL,2021-12-09 00:00:00+05:30,181.95,181.95,176.35,177.35,105040
SSWL,2021-12-10 00:00:00+05:30,179.8,180.0,169.25,172.5,151110
SSWL,2021-12-13 00:00:00+05:30,172.0,176.0,167.4,167.8,106790
SSWL,2021-12-14 00:00:00+05:30,167.2,176.2,164.6,174.65,137780
SSWL,2021-12-15 00:00:00+05:30,177.95,177.95,167.0,169.25,151480
SSWL,2021-12-16 00:00:00+05:30,167.0,171.25,164.0,165.75,72185
SSWL,2021-12-17 00:00:00+05:30,167.45,167.8,159.05,160.2,119345
SSWL,2021-12-20 00:00:00+05:30,160.2,160.2,152.2,152.2,148120
SSWL,2021-12-21 00:00:00+05:30,152.3,158.2,151.95,154.3,141445
SSWL,2021-12-22 00:00:00+05:30,156.0,161.95,154.4,160.6,108385
SSWL,2021-12-23 00:00:00+05:30,164.95,165.8,162.0,164.7,113150
SSWL,2021-12-24 00:00:00+05:30,167.0,167.0,162.0,164.1,74270
SSWL,2021-12-27 00:00:00+05:30,164.8,170.75,161.0,169.55,81935
SSWL,2021-12-28 00:00:00+05:30,170.4,173.0,164.4,167.15,128245
SSWL,2021-12-29 00:00:00+05:30,169.95,169.95,163.4,164.1,73385
SSWL,2021-12-30 00:00:00+05:30,165.4,170.4,163.25,168.6,88235
SSWL,2021-12-31 00:00:00+05:30,169.9,173.8,167.2,172.2,111775
SSWL,2022-01-03 00:00:00+05:30,173.0,179.0,168.4,170.85,585410
SSWL,2022-01-04 00:00:00+05:30,172.8,174.0,168.4,170.05,245370
SSWL,2022-01-05 00:00:00+05:30,171.0,172.8,168.1,171.1,175070
SSWL,2022-01-06 00:00:00+05:30,170.0,170.0,166.45,168.05,126585
SSWL,2022-01-07 00:00:00+05:30,167.8,167.8,159.65,159.7,390890
SSWL,2022-01-10 00:00:00+05:30,157.6,165.2,155.0,157.55,223210
SSWL,2022-01-11 00:00:00+05:30,158.4,161.0,150.2,152.05,400480
SSWL,2022-01-12 00:00:00+05:30,152.2,159.65,152.0,159.65,161165
SSWL,2022-01-13 00:00:00+05:30,164.0,166.95,160.4,163.25,183600
SSWL,2022-01-14 00:00:00+05:30,163.15,163.4,158.2,161.45,170440
SSWL,2022-01-17 00:00:00+05:30,164.45,165.6,160.5,163.3,123580
SSWL,2022-01-18 00:00:00+05:30,165.2,165.2,160.0,160.3,110670
SSWL,2022-01-19 00:00:00+05:30,159.2,162.0,156.2,158.05,140880
SSWL,2022-01-20 00:00:00+05:30,159.2,161.7,157.4,160.45,85580
SSWL,2022-01-21 00:00:00+05:30,159.8,161.65,156.2,157.0,99775
SSWL,2022-01-24 00:00:00+05:30,157.0,157.85,149.15,149.15,247185
SSWL,2022-01-25 00:00:00+05:30,141.7,148.1,141.7,142.45,718705
SSWL,2022-01-27 00:00:00+05:30,142.0,142.0,135.35,139.8,289885
SSWL,2022-01-28 00:00:00+05:30,141.0,145.4,140.0,142.35,171490
SSWL,2022-01-31 00:00:00+05:30,143.0,149.45,143.0,149.45,68865
SSWL,2022-02-01 00:00:00+05:30,156.9,156.9,156.9,156.9,38575
SSWL,2022-02-02 00:00:00+05:30,164.75,164.75,158.5,161.1,384780
SSWL,2022-02-03 00:00:00+05:30,161.25,163.75,157.1,159.05,143500
SSWL,2022-02-04 00:00:00+05:30,162.0,162.0,160.0,160.6,137555
SSWL,2022-02-07 00:00:00+05:30,160.6,162.0,159.15,161.15,177610
SSWL,2022-02-08 00:00:00+05:30,162.0,162.0,155.7,159.0,212535
SSWL,2022-02-09 00:00:00+05:30,159.0,159.75,155.4,156.6,78415
SSWL,2022-02-10 00:00:00+05:30,156.7,161.3,153.45,160.15,204940
SSWL,2022-02-11 00:00:00+05:30,158.8,161.95,156.9,160.9,130725
SSWL,2022-02-14 00:00:00+05:30,153.05,157.7,152.85,153.05,127330
SSWL,2022-02-15 00:00:00+05:30,152.8,160.7,146.8,154.35,231360
SSWL,2022-02-16 00:00:00+05:30,157.35,157.4,153.6,155.25,59310
SSWL,2022-02-17 00:00:00+05:30,156.05,158.4,153.2,156.25,95450
SSWL,2022-02-18 00:00:00+05:30,156.8,157.6,152.3,156.1,48905
SSWL,2022-02-21 00:00:00+05:30,155.0,157.2,149.65,152.9,127535
SSWL,2022-02-22 00:00:00+05:30,148.0,152.15,146.0,148.85,131100
SSWL,2022-02-23 00:00:00+05:30,151.95,152.6,149.55,150.05,43610
SSWL,2022-02-24 00:00:00+05:30,142.8,147.75,142.55,142.55,255445
SSWL,2022-02-25 00:00:00+05:30,146.0,147.6,140.45,143.95,93800
SSWL,2022-02-28 00:00:00+05:30,145.6,148.0,141.05,144.95,89825
SSWL,2022-03-02 00:00:00+05:30,144.0,152.15,144.0,152.15,245190
SSWL,2022-03-03 00:00:00+05:30,158.4,158.8,154.4,154.85,139380
SSWL,2022-03-04 00:00:00+05:30,155.0,155.0,147.45,150.2,116370
SSWL,2022-03-07 00:00:00+05:30,143.2,151.55,143.2,150.75,338535
SSWL,2022-03-08 00:00:00+05:30,148.3,158.3,148.3,154.0,179835
SSWL,2022-03-09 00:00:00+05:30,155.65,156.8,152.15,156.1,240390
SSWL,2022-03-10 00:00:00+05:30,158.45,159.65,148.55,151.8,154575
SSWL,2022-03-11 00:00:00+05:30,152.4,159.4,152.15,158.05,186140
SSWL,2022-03-14 00:00:00+05:30,158.0,162.8,153.0,154.95,153480
SSWL,2022-03-15 00:00:00+05:30,155.0,162.7,151.95,158.75,313040
SSWL,2022-03-16 00:00:00+05:30,160.9,162.0,156.6,160.9,166195
SSWL,2022-03-17 00:00:00+05:30,162.0,165.8,158.0,161.15,228140
SSWL,2022-03-21 00:00:00+05:30,161.15,164.65,157.5,158.65,159585
SSWL,2022-03-22 00:00:00+05:30,158.8,160.8,155.0,158.25,125350
SSWL,2022-03-23 00:00:00+05:30,159.6,166.2,152.8,165.5,721070
SSWL,2022-03-24 00:00:00+05:30,164.0,169.4,161.1,162.85,369570
SSWL,2022-03-25 00:00:00+05:30,166.6,166.6,155.45,158.05,289980
SSWL,2022-03-28 00:00:00+05:30,159.6,160.8,153.5,154.95,190830
SSWL,2022-03-29 00:00:00+05:30,155.2,158.2,150.55,154.55,265930
SSWL,2022-03-30 00:00:00+05:30,155.8,161.4,154.75,159.1,358495
SSWL,2022-03-31 00:00:00+05:30,159.25,164.4,157.25,162.05,244295
SSWL,2022-04-01 00:00:00+05:30,163.8,170.15,163.05,170.15,476265
SSWL,2022-04-04 00:00:00+05:30,176.0,178.65,175.0,178.65,240640
SSWL,2022-04-05 00:00:00+05:30,185.0,185.6,174.5,179.65,984460
SSWL,2022-04-06 00:00:00+05:30,179.9,183.6,177.8,179.75,366340
SSWL,2022-04-07 00:00:00+05:30,182.6,189.6,180.2,180.4,864080
SSWL,2022-04-08 00:00:00+05:30,181.6,182.25,177.1,179.0,159080
SSWL,2022-04-11 00:00:00+05:30,177.2,182.2,177.0,179.0,156600
SSWL,2022-04-12 00:00:00+05:30,179.0,179.0,173.0,173.8,238775
SSWL,2022-04-13 00:00:00+05:30,175.45,177.0,173.1,175.85,143350
SSWL,2022-04-18 00:00:00+05:30,176.4,177.25,172.55,175.2,144790
SSWL,2022-04-19 00:00:00+05:30,175.3,179.0,168.4,170.65,148700
SSWL,2022-04-20 00:00:00+05:30,172.25,174.8,167.9,169.8,115320
SSWL,2022-04-21 00:00:00+05:30,170.8,172.95,170.0,170.85,89140
SSWL,2022-04-22 00:00:00+05:30,171.85,174.95,171.2,172.7,146230
SSWL,2022-04-25 00:00:00+05:30,170.1,171.6,167.0,168.7,123610
SSWL,2022-04-26 00:00:00+05:30,168.4,175.0,168.0,173.6,178275
SSWL,2022-04-27 00:00:00+05:30,171.8,174.4,168.8,171.7,166170
SSWL,2022-04-28 00:00:00+05:30,175.1,185.5,172.75,180.9,1046420
SSWL,2022-04-29 00:00:00+05:30,190.0,190.0,181.15,182.3,752435
SSWL,2022-05-02 00:00:00+05:30,187.45,187.45,178.5,183.9,524585
SSWL,2022-05-04 00:00:00+05:30,183.0,184.85,167.0,169.35,738795
SSWL,2022-05-05 00:00:00+05:30,171.05,176.0,167.2,168.05,417090
SSWL,2022-05-06 00:00:00+05:30,165.7,171.45,159.2,167.4,351075
SSWL,2022-05-09 00:00:00+05:30,160.2,165.6,159.0,162.65,240800
SSWL,2022-05-10 00:00:00+05:30,162.6,164.5,157.0,159.6,205520
SSWL,2022-05-11 00:00:00+05:30,159.85,161.2,147.55,151.1,313065
SSWL,2022-05-12 00:00:00+05:30,157.0,157.0,147.7,148.95,272145
SSWL,2022-05-13 00:00:00+05:30,155.0,161.6,145.8,148.15,950070
SSWL,2022-05-16 00:00:00+05:30,149.6,151.75,146.0,147.7,170605
SSWL,2022-05-17 00:00:00+05:30,149.0,155.0,148.5,153.45,199330
SSWL,2022-05-18 00:00:00+05:30,154.85,157.2,150.0,151.0,268760
SSWL,2022-05-19 00:00:00+05:30,147.2,149.9,146.4,147.3,143910
SSWL,2022-05-20 00:00:00+05:30,149.0,151.9,149.0,150.95,88940
SSWL,2022-05-23 00:00:00+05:30,155.4,163.8,152.7,157.2,399600
SSWL,2022-05-24 00:00:00+05:30,162.8,162.8,151.2,152.15,126080
SSWL,2022-05-25 00:00:00+05:30,152.9,154.45,140.65,142.95,237555
SSWL,2022-05-26 00:00:00+05:30,144.6,148.2,136.25,140.45,343900
SSWL,2022-05-27 00:00:00+05:30,143.0,146.6,142.1,145.65,130285
SSWL,2022-05-30 00:00:00+05:30,150.0,150.0,145.6,146.2,181810
SSWL,2022-05-31 00:00:00+05:30,147.25,151.6,146.4,148.95,127200
SSWL,2022-06-01 00:00:00+05:30,151.2,157.0,150.6,154.25,420405
SSWL,2022-06-02 00:00:00+05:30,155.55,161.0,154.35,159.9,308760
SSWL,2022-06-03 00:00:00+05:30,161.15,161.95,154.2,155.45,175360
SSWL,2022-06-06 00:00:00+05:30,155.8,157.3,150.25,156.7,103535
SSWL,2022-06-07 00:00:00+05:30,155.4,158.0,153.25,156.75,77545
SSWL,2022-06-08 00:00:00+05:30,156.8,157.8,154.2,155.6,78265
SSWL,2022-06-09 00:00:00+05:30,154.0,156.6,152.1,153.95,69820
SSWL,2022-06-10 00:00:00+05:30,154.0,157.0,149.4,150.5,196805
SSWL,2022-06-13 00:00:00+05:30,148.25,149.6,145.2,146.95,107190
SSWL,2022-06-14 00:00:00+05:30,144.4,148.1,144.2,144.9,68145
SSWL,2022-06-15 00:00:00+05:30,148.8,150.8,145.15,150.0,132455
SSWL,2022-06-16 00:00:00+05:30,151.6,151.6,144.4,146.0,66790
SSWL,2022-06-17 00:00:00+05:30,146.0,146.0,140.5,143.5,112555
SSWL,2022-06-20 00:00:00+05:30,145.5,148.6,140.25,144.95,173410
SSWL,2022-06-21 00:00:00+05:30,147.4,149.35,144.8,147.3,60800
SSWL,2022-06-22 00:00:00+05:30,149.15,159.6,149.15,155.25,734625
SSWL,2022-06-23 00:00:00+05:30,157.4,157.95,154.0,156.35,118120
SSWL,2022-06-24 00:00:00+05:30,159.2,162.9,157.0,157.75,160060
SSWL,2022-06-27 00:00:00+05:30,158.6,159.8,155.75,158.95,144240
SSWL,2022-06-28 00:00:00+05:30,159.0,161.3,156.6,160.75,165050
SSWL,2022-06-29 00:00:00+05:30,161.3,169.4,159.0,166.55,449570
SSWL,2022-06-30 00:00:00+05:30,168.0,170.7,164.2,166.5,197900
SSWL,2022-07-01 00:00:00+05:30,166.5,169.75,162.35,164.6,248830
SSWL,2022-07-04 00:00:00+05:30,165.95,172.8,162.35,170.2,390275
SSWL,2022-07-05 00:00:00+05:30,171.4,171.6,163.9,164.85,453605
SSWL,2022-07-06 00:00:00+05:30,164.75,166.6,163.1,165.75,163580
SSWL,2022-07-07 00:00:00+05:30,167.2,167.4,163.8,165.15,99105
SSWL,2022-07-08 00:00:00+05:30,166.45,170.8,165.05,169.25,282800
SSWL,2022-07-11 00:00:00+05:30,167.25,178.0,166.35,170.5,424965
SSWL,2022-07-12 00:00:00+05:30,171.9,174.8,168.05,168.65,164950
SSWL,2022-07-13 00:00:00+05:30,170.75,171.2,167.8,170.1,85735
SSWL,2022-07-14 00:00:00+05:30,170.4,171.0,160.8,162.9,250130
SSWL,2022-07-15 00:00:00+05:30,164.4,165.2,161.4,162.75,134605
SSWL,2022-07-18 00:00:00+05:30,165.2,169.55,164.4,168.9,101675
SSWL,2022-07-19 00:00:00+05:30,169.0,175.6,159.05,164.55,1790925
SSWL,2022-07-20 00:00:00+05:30,166.2,166.4,162.0,162.7,272490
SSWL,2022-07-21 00:00:00+05:30,162.7,163.65,161.2,162.1,111825
SSWL,2022-07-22 00:00:00+05:30,166.4,166.4,161.6,162.3,110355
SSWL,2022-07-25 00:00:00+05:30,165.25,165.25,160.0,162.3,85225
SSWL,2022-07-26 00:00:00+05:30,162.3,163.4,160.3,161.65,75680
SSWL,2022-07-27 00:00:00+05:30,163.0,163.0,158.0,159.2,109665
SSWL,2022-07-28 00:00:00+05:30,161.55,161.6,157.05,158.35,83840
SSWL,2022-07-29 00:00:00+05:30,160.0,161.2,157.5,159.15,80050
SSWL,2022-08-01 00:00:00+05:30,161.0,167.25,159.35,166.5,424850
SSWL,2022-08-02 00:00:00+05:30,169.0,172.8,167.0,168.25,280350
SSWL,2022-08-03 00:00:00+05:30,170.0,173.8,168.0,169.15,293935
SSWL,2022-08-04 00:00:00+05:30,171.4,171.4,167.2,169.0,138420
SSWL,2022-08-05 00:00:00+05:30,169.0,169.65,164.0,164.8,92605
SSWL,2022-08-08 00:00:00+05:30,165.0,167.05,162.0,162.9,80000
SSWL,2022-08-10 00:00:00+05:30,162.9,163.8,159.4,161.9,107730
SSWL,2022-08-11 00:00:00+05:30,163.6,165.6,162.75,163.85,54230
SSWL,2022-08-12 00:00:00+05:30,165.25,165.25,160.6,161.35,65560
SSWL,2022-08-16 00:00:00+05:30,161.35,164.8,160.4,163.15,85930
SSWL,2022-08-17 00:00:00+05:30,163.15,165.0,162.6,163.25,66355
SSWL,2022-08-18 00:00:00+05:30,163.3,169.25,162.45,166.75,207785
SSWL,2022-08-19 00:00:00+05:30,166.75,168.8,163.0,164.1,87520
SSWL,2022-08-22 00:00:00+05:30,165.2,166.05,159.4,160.95,119185
SSWL,2022-08-23 00:00:00+05:30,161.0,169.2,159.6,167.95,292155
SSWL,2022-08-24 00:00:00+05:30,168.0,171.0,165.5,166.95,154565
SSWL,2022-08-25 00:00:00+05:30,166.95,169.95,166.65,167.8,140740
SSWL,2022-08-26 00:00:00+05:30,167.9,170.8,167.2,168.3,200370
SSWL,2022-08-29 00:00:00+05:30,166.4,168.5,163.0,167.45,168145
SSWL,2022-08-30 00:00:00+05:30,168.9,179.8,166.75,175.4,1312255
SSWL,2022-09-01 00:00:00+05:30,175.2,183.2,175.0,176.9,1060510
SSWL,2022-09-02 00:00:00+05:30,178.6,179.95,173.0,174.15,234895
SSWL,2022-09-05 00:00:00+05:30,175.2,180.8,174.6,179.95,455145
SSWL,2022-09-06 00:00:00+05:30,181.4,184.8,176.2,177.45,368320
SSWL,2022-09-07 00:00:00+05:30,178.0,178.0,174.15,175.05,175990
SSWL,2022-09-08 00:00:00+05:30,179.6,179.6,174.45,176.55,195005
SSWL,2022-09-09 00:00:00+05:30,177.3,177.8,174.2,174.65,208215
SSWL,2022-09-12 00:00:00+05:30,175.0,176.8,170.95,173.05,282205
SSWL,2022-09-13 00:00:00+05:30,174.35,175.5,173.0,173.95,122865
SSWL,2022-09-14 00:00:00+05:30,172.4,174.4,172.1,172.9,154870
SSWL,2022-09-15 00:00:00+05:30,175.45,176.0,172.2,172.55,86460
SSWL,2022-09-16 00:00:00+05:30,173.6,174.0,164.8,168.6,208770
SSWL,2022-09-19 00:00:00+05:30,169.8,170.0,166.3,167.25,190975
SSWL,2022-09-20 00:00:00+05:30,171.0,171.0,167.0,167.35,163280
SSWL,2022-09-21 00:00:00+05:30,167.6,168.9,165.4,166.2,112760
SSWL,2022-09-22 00:00:00+05:30,165.0,168.0,165.0,166.1,70530
SSWL,2022-09-23 00:00:00+05:30,166.0,166.8,162.75,163.4,161440
SSWL,2022-09-26 00:00:00+05:30,164.0,164.0,154.2,155.25,200345
SSWL,2022-09-27 00:00:00+05:30,156.1,159.65,154.0,154.8,158250
SSWL,2022-09-28 00:00:00+05:30,154.0,154.9,150.2,151.4,164140
SSWL,2022-09-29 00:00:00+05:30,153.8,156.0,150.9,153.9,109395
SSWL,2022-09-30 00:00:00+05:30,154.4,168.55,154.1,159.55,334465
SSWL,2022-10-03 00:00:00+05:30,159.4,163.6,156.6,158.6,302940
SSWL,2022-10-04 00:00:00+05:30,161.6,163.4,160.0,160.35,139300
SSWL,2022-10-06 00:00:00+05:30,161.0,163.4,159.6,161.75,125515
SSWL,2022-10-07 00:00:00+05:30,162.4,163.6,160.8,162.1,95055
SSWL,2022-10-10 00:00:00+05:30,161.75,162.4,159.2,160.5,92485
SSWL,2022-10-11 00:00:00+05:30,160.0,161.2,157.3,158.7,49155
SSWL,2022-10-12 00:00:00+05:30,158.3,159.8,152.8,154.9,144720
SSWL,2022-10-13 00:00:00+05:30,155.2,158.0,152.05,153.3,128270
SSWL,2022-10-14 00:00:00+05:30,154.3,155.9,152.6,152.85,71835
SSWL,2022-10-17 00:00:00+05:30,154.35,154.7,151.85,153.2,68105
SSWL,2022-10-18 00:00:00+05:30,154.5,155.6,153.4,154.15,109630
SSWL,2022-10-19 00:00:00+05:30,155.0,158.0,154.4,156.4,76765
SSWL,2022-10-20 00:00:00+05:30,156.0,158.7,145.35,153.05,653920
SSWL,2022-10-21 00:00:00+05:30,153.6,156.0,150.6,151.75,268450
SSWL,2022-10-24 00:00:00+05:30,153.8,154.4,151.1,152.05,49530
SSWL,2022-10-25 00:00:00+05:30,151.6,153.4,151.1,152.3,75140
SSWL,2022-10-27 00:00:00+05:30,154.0,158.6,153.3,156.35,175515
SSWL,2022-10-28 00:00:00+05:30,157.1,161.2,155.05,160.55,205135
SSWL,2022-10-31 00:00:00+05:30,162.0,163.0,158.25,161.1,197200
SSWL,2022-11-01 00:00:00+05:30,162.2,162.25,156.6,159.15,212855
SSWL,2022-11-02 00:00:00+05:30,160.0,161.6,157.25,157.65,106975
SSWL,2022-11-03 00:00:00+05:30,152.6,163.0,152.6,162.45,206545
SSWL,2022-11-04 00:00:00+05:30,162.45,163.0,159.35,160.4,114025
SSWL,2022-11-07 00:00:00+05:30,160.5,162.0,158.0,159.95,216755
SSWL,2022-11-09 00:00:00+05:30,160.15,163.95,159.2,159.85,286920
SSWL,2022-11-10 00:00:00+05:30,162.0,165.0,159.75,163.8,189510
SSWL,2022-11-11 00:00:00+05:30,168.0,171.85,164.3,169.3,150119
SSWL,2022-11-14 00:00:00+05:30,166.5,169.0,160.0,165.55,225824
SSWL,2022-11-15 00:00:00+05:30,168.9,168.9,165.4,166.75,110344
SSWL,2022-11-16 00:00:00+05:30,167.9,167.9,155.05,157.25,216010
SSWL,2022-11-17 00:00:00+05:30,156.3,161.45,156.1,159.95,84242
SSWL,2022-11-18 00:00:00+05:30,161.7,162.0,157.0,158.1,45966
SSWL,2022-11-21 00:00:00+05:30,159.95,159.95,156.6,158.05,91725
SSWL,2022-11-22 00:00:00+05:30,159.4,167.9,156.0,166.25,449483
SSWL,2022-11-23 00:00:00+05:30,169.1,169.4,166.25,167.6,275574
SSWL,2022-11-24 00:00:00+05:30,167.95,168.0,164.35,166.15,106827
SSWL,2022-11-25 00:00:00+05:30,168.9,168.9,163.8,164.85,83651
SSWL,2022-11-28 00:00:00+05:30,166.6,166.6,163.0,164.8,87477
SSWL,2022-11-29 00:00:00+05:30,166.8,168.0,162.7,164.55,99471
SSWL,2022-11-30 00:00:00+05:30,164.95,166.0,162.45,165.45,87715
SSWL,2022-12-01 00:00:00+05:30,165.45,169.0,163.1,164.7,201502
SSWL,2022-12-02 00:00:00+05:30,167.9,167.9,164.7,165.45,112518
SSWL,2022-12-05 00:00:00+05:30,165.95,172.95,165.5,171.75,348576
SSWL,2022-12-06 00:00:00+05:30,171.95,174.0,169.0,170.4,156492
SSWL,2022-12-07 00:00:00+05:30,172.5,172.85,170.0,171.05,108037
SSWL,2022-12-08 00:00:00+05:30,171.9,171.9,169.5,169.95,66262
SSWL,2022-12-09 00:00:00+05:30,172.8,172.8,157.4,163.6,138339
SSWL,2022-12-12 00:00:00+05:30,165.0,166.45,161.0,164.8,98632
SSWL,2022-12-13 00:00:00+05:30,166.05,166.7,161.9,162.4,65822
SSWL,2022-12-14 00:00:00+05:30,162.9,164.45,162.35,163.3,43177
SSWL,2022-12-15 00:00:00+05:30,164.55,167.7,163.25,165.8,137112
SSWL,2022-12-16 00:00:00+05:30,165.7,167.0,162.05,163.95,84165
SSWL,2022-12-19 00:00:00+05:30,164.0,167.4,163.45,164.75,67691
SSWL,2022-12-20 00:00:00+05:30,165.4,166.05,162.75,163.65,104687
SSWL,2022-12-21 00:00:00+05:30,166.5,166.5,156.1,157.2,139741
SSWL,2022-12-22 00:00:00+05:30,164.0,164.0,150.0,154.1,119892
SSWL,2022-12-23 00:00:00+05:30,150.35,152.75,142.0,146.75,206989
SSWL,2022-12-26 00:00:00+05:30,147.95,157.6,147.95,156.65,68757
SSWL,2022-12-27 00:00:00+05:30,156.95,159.45,156.0,157.0,45635
SSWL,2022-12-28 00:00:00+05:30,157.0,158.4,154.1,156.3,59775
SSWL,2022-12-29 00:00:00+05:30,158.0,158.0,152.6,155.1,93188
SSWL,2022-12-30 00:00:00+05:30,158.7,163.7,155.0,159.35,130612
SSWL,2023-01-02 00:00:00+05:30,160.0,164.95,159.0,163.0,187601
SSWL,2023-01-03 00:00:00+05:30,163.8,165.0,163.0,163.9,341355
SSWL,2023-01-04 00:00:00+05:30,161.5,164.0,161.5,163.05,72919
SSWL,2023-01-05 00:00:00+05:30,163.8,164.1,162.0,163.9,134729
SSWL,2023-01-06 00:00:00+05:30,164.0,164.9,159.8,162.2,82150
SSWL,2023-01-09 00:00:00+05:30,165.0,165.0,159.0,159.4,68922
SSWL,2023-01-10 00:00:00+05:30,161.5,161.9,158.0,159.75,35506
SSWL,2023-01-11 00:00:00+05:30,161.4,161.4,156.0,157.35,141816
SSWL,2023-01-12 00:00:00+05:30,159.0,159.45,156.8,157.7,52892
SSWL,2023-01-13 00:00:00+05:30,157.9,160.0,157.05,157.6,40429
SSWL,2023-01-16 00:00:00+05:30,158.5,158.5,154.55,155.4,63733
SSWL,2023-01-17 00:00:00+05:30,158.0,158.8,154.1,155.6,47011
SSWL,2023-01-18 00:00:00+05:30,155.6,156.9,154.35,155.0,133946
SSWL,2023-01-19 00:00:00+05:30,155.0,155.0,152.5,152.95,48079
SSWL,2023-01-20 00:00:00+05:30,156.5,156.5,148.2,150.35,64868
SSWL,2023-01-23 00:00:00+05:30,153.0,153.0,146.5,148.25,104775
SSWL,2023-01-24 00:00:00+05:30,150.0,150.75,147.0,147.6,53239
SSWL,2023-01-25 00:00:00+05:30,149.95,150.4,145.0,145.85,99673
SSWL,2023-01-27 00:00:00+05:30,146.0,148.2,137.0,140.05,318322
SSWL,2023-01-30 00:00:00+05:30,141.7,145.5,128.25,130.95,429997
SSWL,2023-01-31 00:00:00+05:30,139.0,146.95,134.0,142.0,713792
SSWL,2023-02-01 00:00:00+05:30,144.0,150.0,139.55,140.9,387785
SSWL,2023-02-02 00:00:00+05:30,141.7,148.25,141.0,145.95,131914
SSWL,2023-02-03 00:00:00+05:30,149.0,150.0,140.0,143.8,154602
SSWL,2023-02-06 00:00:00+05:30,143.8,146.8,141.05,144.9,81172
SSWL,2023-02-07 00:00:00+05:30,145.2,146.65,144.0,145.75,76493
SSWL,2023-02-08 00:00:00+05:30,147.0,150.8,142.7,145.65,210497
SSWL,2023-02-09 00:00:00+05:30,148.75,158.8,143.8,156.8,482883
SSWL,2023-02-10 00:00:00+05:30,155.55,157.95,151.85,156.0,175631
SSWL,2023-02-13 00:00:00+05:30,156.0,157.6,152.0,153.65,67002
SSWL,2023-02-14 00:00:00+05:30,153.5,155.0,149.5,151.25,61331
SSWL,2023-02-15 00:00:00+05:30,152.0,160.0,150.55,155.95,161242
SSWL,2023-02-16 00:00:00+05:30,157.0,157.0,152.4,155.55,123467
SSWL,2023-02-17 00:00:00+05:30,157.4,157.4,151.2,154.55,53570
SSWL,2023-02-20 00:00:00+05:30,152.8,157.2,152.8,155.0,70247
SSWL,2023-02-21 00:00:00+05:30,156.3,156.9,154.15,155.9,33873
SSWL,2023-02-22 00:00:00+05:30,153.75,155.75,150.8,152.95,73018
SSWL,2023-02-23 00:00:00+05:30,152.95,154.95,150.6,154.2,97620
SSWL,2023-02-24 00:00:00+05:30,154.05,157.6,152.1,152.5,101837
SSWL,2023-02-27 00:00:00+05:30,152.5,154.8,146.55,147.3,105710
SSWL,2023-02-28 00:00:00+05:30,148.0,150.55,146.55,148.1,49130
SSWL,2023-03-01 00:00:00+05:30,149.6,154.0,147.8,149.75,89109
SSWL,2023-03-02 00:00:00+05:30,150.0,152.3,148.6,150.4,75222
SSWL,2023-03-03 00:00:00+05:30,151.2,154.0,150.0,151.35,70015
SSWL,2023-03-06 00:00:00+05:30,152.9,153.4,150.1,152.0,65838
SSWL,2023-03-08 00:00:00+05:30,150.6,153.9,150.0,153.4,62392
SSWL,2023-03-09 00:00:00+05:30,153.9,156.9,151.35,152.85,89837
SSWL,2023-03-10 00:00:00+05:30,151.45,152.8,150.2,151.9,33165
SSWL,2023-03-13 00:00:00+05:30,151.2,151.9,145.55,146.9,49792
SSWL,2023-03-14 00:00:00+05:30,147.0,147.95,142.0,144.65,62720
SSWL,2023-03-15 00:00:00+05:30,147.8,149.1,142.55,144.2,55387
SSWL,2023-03-16 00:00:00+05:30,146.9,147.4,141.3,144.45,91761
SSWL,2023-03-17 00:00:00+05:30,147.0,148.15,144.5,146.15,30634
SSWL,2023-03-20 00:00:00+05:30,145.95,146.0,141.55,143.8,37314
SSWL,2023-03-21 00:00:00+05:30,144.25,148.35,140.4,144.25,134363
SSWL,2023-03-22 00:00:00+05:30,145.8,162.15,145.8,150.9,402716
SSWL,2023-03-23 00:00:00+05:30,152.0,158.0,151.5,152.6,141022
SSWL,2023-03-24 00:00:00+05:30,154.0,158.95,152.05,154.65,216617
SSWL,2023-03-27 00:00:00+05:30,156.0,156.0,150.1,150.9,102876
SSWL,2023-03-28 00:00:00+05:30,154.5,154.5,146.0,147.35,71619
SSWL,2023-03-29 00:00:00+05:30,147.0,149.3,139.55,142.75,328095
SSWL,2023-03-31 00:00:00+05:30,144.95,148.75,143.1,147.95,154068
SSWL,2023-04-03 00:00:00+05:30,148.9,154.8,147.65,152.85,210522
SSWL,2023-04-05 00:00:00+05:30,153.7,154.95,151.1,151.85,66860
SSWL,2023-04-06 00:00:00+05:30,151.85,155.0,151.55,154.3,64666
SSWL,2023-04-10 00:00:00+05:30,156.0,157.0,153.85,154.7,145683
SSWL,2023-04-11 00:00:00+05:30,155.0,156.1,154.5,155.3,72314
SSWL,2023-04-12 00:00:00+05:30,155.6,159.0,155.0,157.55,101857
SSWL,2023-04-13 00:00:00+05:30,157.55,160.05,155.0,159.15,96852
SSWL,2023-04-17 00:00:00+05:30,160.9,160.9,156.55,157.95,79939
SSWL,2023-04-18 00:00:00+05:30,158.1,159.05,155.05,156.2,42988
SSWL,2023-04-19 00:00:00+05:30,156.2,163.95,155.3,161.9,181478
SSWL,2023-04-20 00:00:00+05:30,163.0,164.15,160.3,161.8,144396
SSWL,2023-04-21 00:00:00+05:30,162.4,163.4,159.0,159.8,80745
SSWL,2023-04-24 00:00:00+05:30,160.0,161.7,158.8,160.95,53163
SSWL,2023-04-25 00:00:00+05:30,160.4,161.05,157.0,159.85,115625
SSWL,2023-04-26 00:00:00+05:30,159.5,160.55,157.2,158.9,67395
SSWL,2023-04-27 00:00:00+05:30,158.9,162.25,158.15,161.05,86697
SSWL,2023-04-28 00:00:00+05:30,161.65,163.25,160.1,161.65,116715
SSWL,2023-05-02 00:00:00+05:30,162.15,163.5,155.45,156.85,191443
SSWL,2023-05-03 00:00:00+05:30,157.8,163.0,155.25,156.95,106997
SSWL,2023-05-04 00:00:00+05:30,156.6,159.7,153.5,154.55,133240
SSWL,2023-05-05 00:00:00+05:30,155.0,157.4,149.7,151.2,120460
SSWL,2023-05-08 00:00:00+05:30,151.7,153.85,150.25,150.5,103500
SSWL,2023-05-09 00:00:00+05:30,151.3,155.8,150.55,151.5,92503
SSWL,2023-05-10 00:00:00+05:30,153.0,153.5,149.05,150.85,67112
SSWL,2023-05-11 00:00:00+05:30,151.95,153.75,151.75,152.7,53360
SSWL,2023-05-12 00:00:00+05:30,152.7,160.45,151.05,155.9,350648
SSWL,2023-05-15 00:00:00+05:30,158.7,158.7,150.55,151.9,199425
SSWL,2023-05-16 00:00:00+05:30,154.2,157.9,150.75,155.65,172145
SSWL,2023-05-17 00:00:00+05:30,156.4,156.45,153.85,154.8,66494
SSWL,2023-05-18 00:00:00+05:30,155.7,155.7,150.7,152.65,60099
SSWL,2023-05-19 00:00:00+05:30,153.8,154.2,151.2,152.55,49539
SSWL,2023-05-22 00:00:00+05:30,154.9,154.9,149.5,151.85,122555
SSWL,2023-05-23 00:00:00+05:30,152.55,153.85,149.7,151.6,222952
SSWL,2023-05-24 00:00:00+05:30,153.1,154.5,150.5,150.8,84544
SSWL,2023-05-25 00:00:00+05:30,151.8,152.25,149.65,150.4,58027
SSWL,2023-05-26 00:00:00+05:30,151.4,152.55,146.3,148.0,182539
SSWL,2023-05-29 00:00:00+05:30,147.9,152.0,145.95,150.95,162476
SSWL,2023-05-30 00:00:00+05:30,151.3,153.0,149.1,150.9,105285
SSWL,2023-05-31 00:00:00+05:30,149.15,151.65,147.45,147.8,177424
SSWL,2023-06-01 00:00:00+05:30,148.4,154.85,148.0,151.35,395184
SSWL,2023-06-02 00:00:00+05:30,152.0,154.0,151.65,153.15,183860
SSWL,2023-06-05 00:00:00+05:30,155.0,159.9,153.5,158.25,463505
SSWL,2023-06-06 00:00:00+05:30,159.65,162.0,156.85,157.75,198722
SSWL,2023-06-07 00:00:00+05:30,159.9,160.95,155.5,156.7,255180
SSWL,2023-06-08 00:00:00+05:30,157.0,158.95,154.0,155.95,132865
SSWL,2023-06-09 00:00:00+05:30,158.0,161.0,157.4,159.05,196059
SSWL,2023-06-12 00:00:00+05:30,160.0,162.4,157.3,161.2,173979
SSWL,2023-06-13 00:00:00+05:30,160.1,161.8,159.5,160.3,121311
SSWL,2023-06-14 00:00:00+05:30,162.0,185.0,161.0,182.65,5015421
SSWL,2023-06-15 00:00:00+05:30,185.15,192.85,180.4,191.25,3147621
SSWL,2023-06-16 00:00:00+05:30,192.0,197.9,188.2,190.35,1418027
SSWL,2023-06-19 00:00:00+05:30,191.45,192.6,183.6,186.55,692529
SSWL,2023-06-20 00:00:00+05:30,190.0,194.5,185.5,187.7,777048
SSWL,2023-06-21 00:00:00+05:30,189.4,191.95,186.0,186.55,208247
SSWL,2023-06-22 00:00:00+05:30,187.9,197.9,186.55,193.15,1213433
SSWL,2023-06-23 00:00:00+05:30,194.9,200.0,190.5,192.05,1663861
SSWL,2023-06-26 00:00:00+05:30,193.0,212.0,193.0,204.2,3208686
SSWL,2023-06-27 00:00:00+05:30,206.9,211.9,205.5,208.0,1148365
SSWL,2023-06-28 00:00:00+05:30,210.45,214.8,205.95,208.45,1049158
SSWL,2023-06-30 00:00:00+05:30,211.95,213.0,204.0,204.95,736749
SSWL,2023-07-03 00:00:00+05:30,205.95,213.7,205.3,208.2,771590
SSWL,2023-07-04 00:00:00+05:30,209.85,210.55,206.1,206.65,298673
SSWL,2023-07-05 00:00:00+05:30,208.25,217.0,205.1,206.9,827123
SSWL,2023-07-06 00:00:00+05:30,208.0,211.25,205.0,209.55,642487
SSWL,2023-07-07 00:00:00+05:30,210.35,210.75,203.05,205.4,487904
SSWL,2023-07-10 00:00:00+05:30,208.4,217.0,208.4,215.7,865968
SSWL,2023-07-11 00:00:00+05:30,217.5,222.0,213.5,220.55,880962
SSWL,2023-07-12 00:00:00+05:30,222.0,227.65,195.05,197.6,3777992
SSWL,2023-07-13 00:00:00+05:30,199.4,204.8,190.75,192.8,1063902
SSWL,2023-07-14 00:00:00+05:30,194.8,201.95,193.0,200.45,606078
SSWL,2023-07-17 00:00:00+05:30,202.0,209.0,200.95,208.4,1068145
SSWL,2023-07-18 00:00:00+05:30,209.9,214.0,204.55,212.15,810145
SSWL,2023-07-19 00:00:00+05:30,214.0,230.85,214.0,225.15,2754011
SSWL,2023-07-20 00:00:00+05:30,226.95,235.0,226.9,230.9,1291113
SSWL,2023-07-21 00:00:00+05:30,229.0,230.95,226.1,228.75,485646
SSWL,2023-07-24 00:00:00+05:30,228.9,232.6,226.35,229.45,578041
SSWL,2023-07-25 00:00:00+05:30,231.0,236.5,230.35,233.7,762943
SSWL,2023-07-26 00:00:00+05:30,235.0,258.5,235.0,250.05,2295025
SSWL,2023-07-27 00:00:00+05:30,252.45,254.65,245.6,250.1,740024
SSWL,2023-07-28 00:00:00+05:30,252.0,256.05,248.05,253.4,666232
SSWL,2023-07-31 00:00:00+05:30,254.55,254.55,248.1,250.3,357867
SSWL,2023-08-01 00:00:00+05:30,252.7,253.05,238.0,240.25,763181
SSWL,2023-08-02 00:00:00+05:30,240.9,254.6,240.35,247.85,1310348
SSWL,2023-08-03 00:00:00+05:30,247.8,250.8,243.6,247.75,362074
SSWL,2023-08-04 00:00:00+05:30,249.3,251.8,242.25,243.55,240594
SSWL,2023-08-07 00:00:00+05:30,245.0,245.05,238.45,239.9,219855
SSWL,2023-08-08 00:00:00+05:30,239.0,244.9,238.0,242.85,445264
SSWL,2023-08-09 00:00:00+05:30,245.0,245.0,237.9,241.9,184132
SSWL,2023-08-10 00:00:00+05:30,243.0,244.6,232.5,233.4,301346
SSWL,2023-08-11 00:00:00+05:30,234.95,238.85,233.85,236.55,198226
SSWL,2023-08-14 00:00:00+05:30,237.6,238.8,213.4,232.3,576634
SSWL,2023-08-16 00:00:00+05:30,234.1,234.7,227.5,231.1,201875
SSWL,2023-08-17 00:00:00+05:30,226.8,236.65,224.0,224.95,299054
SSWL,2023-08-18 00:00:00+05:30,225.85,230.6,217.0,219.8,293418
SSWL,2023-08-21 00:00:00+05:30,220.0,229.4,220.0,228.2,586847
SSWL,2023-08-22 00:00:00+05:30,228.4,234.75,226.15,229.55,348372
SSWL,2023-08-23 00:00:00+05:30,230.95,232.9,224.65,226.1,231298
SSWL,2023-08-24 00:00:00+05:30,227.85,230.85,224.25,226.1,228517
SSWL,2023-08-25 00:00:00+05:30,226.75,232.95,225.0,232.05,365650
SSWL,2023-08-28 00:00:00+05:30,235.1,257.95,235.1,248.4,3540395
SSWL,2023-08-29 00:00:00+05:30,249.0,250.85,243.05,244.9,536645
SSWL,2023-08-30 00:00:00+05:30,247.0,260.0,245.0,251.25,1297670
SSWL,2023-08-31 00:00:00+05:30,250.0,257.95,247.45,253.3,540066
SSWL,2023-09-01 00:00:00+05:30,254.3,262.9,247.05,249.45,1268083
SSWL,2023-09-04 00:00:00+05:30,253.95,270.5,253.55,267.3,1644697
SSWL,2023-09-05 00:00:00+05:30,271.0,275.85,262.9,269.35,743107
SSWL,2023-09-06 00:00:00+05:30,271.45,271.95,263.0,264.65,604664
SSWL,2023-09-07 00:00:00+05:30,265.3,267.0,260.0,261.0,279632
SSWL,2023-09-08 00:00:00+05:30,262.75,265.0,258.1,260.4,239802
SSWL,2023-09-11 00:00:00+05:30,260.1,265.55,256.75,263.5,433705
SSWL,2023-09-12 00:00:00+05:30,276.1,289.5,245.0,251.25,1943006
SSWL,2023-09-13 00:00:00+05:30,256.8,260.0,251.35,259.8,507919
SSWL,2023-09-14 00:00:00+05:30,262.35,267.0,257.1,259.15,433348
SSWL,2023-09-15 00:00:00+05:30,260.9,273.85,258.15,271.05,596733
SSWL,2023-09-18 00:00:00+05:30,272.4,272.4,262.0,263.85,280011
SSWL,2023-09-20 00:00:00+05:30,263.0,265.0,255.3,256.95,296719
SSWL,2023-09-21 00:00:00+05:30,257.0,264.2,255.1,256.6,172376
SSWL,2023-09-22 00:00:00+05:30,255.0,268.0,254.45,265.15,547881
SSWL,2023-09-25 00:00:00+05:30,270.55,283.3,269.1,280.4,1085253
SSWL,2023-09-26 00:00:00+05:30,283.05,287.4,278.0,282.25,440529
SSWL,2023-09-27 00:00:00+05:30,278.2,283.6,276.25,282.6,212642
SSWL,2023-09-28 00:00:00+05:30,281.0,285.0,274.0,277.85,241223
SSWL,2023-09-29 00:00:00+05:30,283.8,285.8,277.0,277.95,284893
SSWL,2023-10-03 00:00:00+05:30,279.85,294.25,274.95,289.6,988057
SSWL,2023-10-04 00:00:00+05:30,291.7,293.0,281.0,285.9,302436
SSWL,2023-10-05 00:00:00+05:30,287.15,288.5,280.5,285.55,174593
SSWL,2023-10-06 00:00:00+05:30,286.95,290.5,284.05,288.9,184858
SSWL,2023-10-09 00:00:00+05:30,281.05,292.8,278.55,286.15,311540
SSWL,2023-10-10 00:00:00+05:30,286.55,289.0,282.6,285.7,152476
SSWL,2023-10-11 00:00:00+05:30,289.4,292.85,283.15,286.75,367392
SSWL,2023-10-12 00:00:00+05:30,288.3,293.0,285.7,289.2,242000
SSWL,2023-10-13 00:00:00+05:30,292.3,298.45,283.1,285.15,581681
SSWL,2023-10-16 00:00:00+05:30,290.0,299.0,285.15,289.9,465166
SSWL,2023-10-17 00:00:00+05:30,290.4,292.85,286.25,289.1,186729
SSWL,2023-10-18 00:00:00+05:30,290.6,293.2,285.5,286.85,189632
SSWL,2023-10-19 00:00:00+05:30,283.25,291.9,283.25,290.9,139399
SSWL,2023-10-20 00:00:00+05:30,292.8,294.05,282.1,283.75,175451
SSWL,2023-10-23 00:00:00+05:30,283.7,284.8,264.65,269.9,243473
SSWL,2023-10-25 00:00:00+05:30,283.9,283.9,265.4,272.65,296439
SSWL,2023-10-26 00:00:00+05:30,270.0,274.05,256.65,270.45,575162
SSWL,2023-10-27 00:00:00+05:30,272.5,275.7,261.8,263.85,519479
SSWL,2023-10-30 00:00:00+05:30,266.6,267.95,259.95,260.8,292510
SSWL,2023-10-31 00:00:00+05:30,261.85,265.2,260.0,260.55,139405
SSWL,2023-11-01 00:00:00+05:30,263.0,269.0,260.0,262.1,384978
SSWL,2023-11-02 00:00:00+05:30,264.95,279.0,263.05,276.25,356692
SSWL,2023-11-03 00:00:00+05:30,278.95,281.8,270.6,273.45,249540
SSWL,2023-11-06 00:00:00+05:30,275.8,284.9,275.5,282.9,256150
SSWL,2023-11-07 00:00:00+05:30,284.3,286.95,281.55,284.8,157628
SSWL,2023-11-08 00:00:00+05:30,283.8,289.6,283.0,285.2,98200
SSWL,2023-11-09 00:00:00+05:30,285.65,289.0,282.35,288.25,156344
SSWL,2023-11-10 00:00:00+05:30,288.2,288.2,283.15,285.05,81215
SSWL,2023-11-12 00:00:00+05:30,280.0,286.0,278.9,285.05,69071
SSWL,2023-11-13 00:00:00+05:30,287.6,292.6,279.3,287.65,170843
SSWL,2023-11-15 00:00:00+05:30,290.6,291.4,284.0,285.8,137114
SSWL,2023-11-16 00:00:00+05:30,288.1,297.9,284.65,286.95,298165
SSWL,2023-11-17 00:00:00+05:30,288.0,290.45,273.35,277.35,338883
SSWL,2023-11-20 00:00:00+05:30,279.0,288.55,278.1,284.95,224086
SSWL,2023-11-21 00:00:00+05:30,283.7,291.45,283.7,285.65,118301
SSWL,2023-11-22 00:00:00+05:30,284.9,287.55,282.5,285.5,105692
SSWL,2023-11-23 00:00:00+05:30,287.5,288.35,281.6,284.15,155951
SSWL,2023-11-24 00:00:00+05:30,285.9,287.65,278.95,280.05,228227
SSWL,2023-11-28 00:00:00+05:30,278.4,286.0,275.0,280.1,253104
SSWL,2023-11-29 00:00:00+05:30,282.9,284.85,272.3,281.5,246795
SSWL,2023-11-30 00:00:00+05:30,282.9,282.95,275.1,278.15,216179
SSWL,2023-12-01 00:00:00+05:30,281.2,286.5,275.6,281.4,455161
SSWL,2023-12-04 00:00:00+05:30,283.5,286.0,280.35,282.45,210475
SSWL,2023-12-05 00:00:00+05:30,281.95,283.65,276.95,279.25,123724
SSWL,2023-12-06 00:00:00+05:30,279.25,282.5,277.65,280.65,116223
SSWL,2023-12-07 00:00:00+05:30,281.65,283.4,277.1,282.1,142180
SSWL,2023-12-08 00:00:00+05:30,282.9,286.0,272.6,276.3,208023
SSWL,2023-12-11 00:00:00+05:30,277.7,279.7,273.25,277.4,138502
SSWL,2023-12-12 00:00:00+05:30,275.3,278.8,268.15,269.6,196996
SSWL,2023-12-13 00:00:00+05:30,270.0,272.5,267.45,270.0,255086
SSWL,2023-12-14 00:00:00+05:30,271.4,273.45,266.2,267.7,488681
SSWL,2023-12-15 00:00:00+05:30,269.8,272.3,267.3,270.0,436916
SSWL,2023-12-18 00:00:00+05:30,270.0,272.0,266.0,266.75,214311
SSWL,2023-12-19 00:00:00+05:30,267.9,268.8,262.0,263.65,181021
SSWL,2023-12-20 00:00:00+05:30,266.0,270.9,259.0,262.45,375803
SSWL,2023-12-21 00:00:00+05:30,261.05,265.0,250.0,262.65,246898
SSWL,2023-12-22 00:00:00+05:30,261.0,266.45,260.0,261.85,163424
SSWL,2023-12-26 00:00:00+05:30,261.9,263.9,257.4,261.2,181216
SSWL,2023-12-27 00:00:00+05:30,262.3,267.85,260.0,262.15,182095
SSWL,2023-12-28 00:00:00+05:30,265.95,265.95,252.0,255.3,252542
SSWL,2023-12-29 00:00:00+05:30,257.85,260.9,256.3,259.2,128150
SSWL,2024-01-01 00:00:00+05:30,258.0,268.95,256.8,264.55,593982
SSWL,2024-01-02 00:00:00+05:30,265.0,267.75,258.6,261.75,222951
SSWL,2024-01-03 00:00:00+05:30,261.75,262.6,257.0,257.5,180205
SSWL,2024-01-04 00:00:00+05:30,258.6,261.55,257.35,257.95,140625
SSWL,2024-01-05 00:00:00+05:30,259.45,259.95,253.2,255.05,231260
SSWL,2024-01-08 00:00:00+05:30,255.8,256.25,244.15,248.05,371693
SSWL,2024-01-09 00:00:00+05:30,249.0,258.25,248.55,255.7,319770
SSWL,2024-01-10 00:00:00+05:30,260.0,264.3,254.25,258.0,433709
SSWL,2024-01-11 00:00:00+05:30,267.0,276.15,266.2,274.3,1386866
SSWL,2024-01-12 00:00:00+05:30,279.7,282.0,275.85,280.1,775467
SSWL,2024-01-15 00:00:00+05:30,281.8,282.2,272.05,274.65,312352
SSWL,2024-01-16 00:00:00+05:30,276.55,280.7,267.1,271.9,385709
SSWL,2024-01-17 00:00:00+05:30,274.0,282.5,260.8,264.25,1549562
SSWL,2024-01-18 00:00:00+05:30,265.0,270.95,253.25,260.8,711779
SSWL,2024-01-19 00:00:00+05:30,265.25,279.0,263.2,275.85,1812765
SSWL,2024-01-20 00:00:00+05:30,277.0,277.95,270.5,272.3,302725
SSWL,2024-01-23 00:00:00+05:30,284.0,289.5,279.0,283.2,1624225
SSWL,2024-01-24 00:00:00+05:30,284.65,286.3,272.1,273.8,614282
SSWL,2024-01-25 00:00:00+05:30,275.9,282.55,274.6,277.15,418365
SSWL,2024-01-29 00:00:00+05:30,283.9,283.9,276.35,277.4,259959
SSWL,2024-01-30 00:00:00+05:30,279.7,285.5,274.5,277.9,568031
SSWL,2024-01-31 00:00:00+05:30,278.7,282.0,276.6,279.8,237733
SSWL,2024-02-01 00:00:00+05:30,281.8,284.0,273.4,276.15,275940
SSWL,2024-02-02 00:00:00+05:30,277.85,279.25,274.4,275.75,160445
SSWL,2024-02-05 00:00:00+05:30,278.0,279.25,272.1,276.4,1794146
SSWL,2024-02-06 00:00:00+05:30,276.8,276.8,270.55,272.55,307487
SSWL,2024-02-07 00:00:00+05:30,274.5,275.25,271.95,273.3,139253
SSWL,2024-02-08 00:00:00+05:30,273.7,276.4,270.15,272.25,188128
SSWL,2024-02-09 00:00:00+05:30,251.35,266.95,250.25,261.75,1155348
SSWL,2024-02-12 00:00:00+05:30,263.8,264.4,248.95,250.0,371015
SSWL,2024-02-13 00:00:00+05:30,251.9,255.9,243.1,252.05,223246
SSWL,2024-02-14 00:00:00+05:30,250.8,261.75,249.05,260.2,231986
SSWL,2024-02-15 00:00:00+05:30,262.55,262.55,255.6,257.15,176885
SSWL,2024-02-16 00:00:00+05:30,257.0,258.4,255.0,255.8,159249
SSWL,2024-02-19 00:00:00+05:30,255.0,256.05,251.5,252.15,175555
SSWL,2024-02-20 00:00:00+05:30,253.0,253.0,249.0,250.45,186700
SSWL,2024-02-21 00:00:00+05:30,250.45,256.7,245.05,248.35,353517
SSWL,2024-02-22 00:00:00+05:30,250.9,259.25,249.35,258.2,321336
SSWL,2024-02-23 00:00:00+05:30,258.2,259.95,253.35,256.75,319709
SSWL,2024-02-26 00:00:00+05:30,256.2,258.0,255.0,255.2,146530
SSWL,2024-02-27 00:00:00+05:30,255.3,261.45,255.3,258.5,125924
SSWL,2024-02-28 00:00:00+05:30,261.25,261.25,252.0,256.2,145388
SSWL,2024-02-29 00:00:00+05:30,256.7,256.8,249.4,251.85,143731
SSWL,2024-03-01 00:00:00+05:30,253.75,257.6,252.0,254.75,137274
SSWL,2024-03-02 00:00:00+05:30,251.65,260.95,251.5,255.05,18849
SSWL,2024-03-04 00:00:00+05:30,256.0,256.0,250.05,251.75,113019
SSWL,2024-03-05 00:00:00+05:30,252.5,254.85,250.8,252.7,206837
SSWL,2024-03-06 00:00:00+05:30,252.0,252.5,244.55,248.2,214050
SSWL,2024-03-07 00:00:00+05:30,248.65,249.9,243.0,244.0,141612
SSWL,2024-03-11 00:00:00+05:30,244.0,244.0,234.6,240.05,213420
SSWL,2024-03-12 00:00:00+05:30,240.4,242.0,238.8,240.45,233380
SSWL,2024-03-13 00:00:00+05:30,237.0,239.85,211.05,230.0,750080
SSWL,2024-03-14 00:00:00+05:30,226.0,242.45,226.0,240.35,215601
SSWL,2024-03-15 00:00:00+05:30,239.95,243.25,239.5,241.5,139969
SSWL,2024-03-18 00:00:00+05:30,238.8,247.0,238.8,240.55,156680
SSWL,2024-03-19 00:00:00+05:30,239.0,245.4,236.0,242.6,119147
SSWL,2024-03-20 00:00:00+05:30,242.6,243.9,237.95,240.0,151554
SSWL,2024-03-21 00:00:00+05:30,240.6,242.7,238.55,240.65,138005
SSWL,2024-03-22 00:00:00+05:30,241.85,243.5,229.0,231.4,321109
SSWL,2024-03-26 00:00:00+05:30,232.1,232.8,223.5,224.85,346759
SSWL,2024-03-27 00:00:00+05:30,227.25,231.5,222.0,223.35,313698
SSWL,2024-03-28 00:00:00+05:30,224.15,229.45,217.6,220.9,417673
SSWL,2024-04-01 00:00:00+05:30,224.2,240.9,223.25,233.9,569881
SSWL,2024-04-02 00:00:00+05:30,234.0,236.0,230.6,233.6,245282
SSWL,2024-04-03 00:00:00+05:30,233.7,241.55,233.1,239.15,277555
SSWL,2024-04-04 00:00:00+05:30,239.95,242.95,238.4,240.95,209532
SSWL,2024-04-05 00:00:00+05:30,241.5,243.6,237.1,238.1,216147
SSWL,2024-04-08 00:00:00+05:30,239.0,241.45,234.15,236.4,322576
SSWL,2024-04-09 00:00:00+05:30,236.85,240.65,232.7,234.6,218155
SSWL,2024-04-10 00:00:00+05:30,236.9,237.65,232.1,233.25,336824
SSWL,2024-04-12 00:00:00+05:30,233.25,235.0,227.5,227.9,805749
SSWL,2024-04-15 00:00:00+05:30,227.0,228.25,220.3,224.45,208090
SSWL,2024-04-16 00:00:00+05:30,223.9,238.5,223.9,228.8,930303
SSWL,2024-04-18 00:00:00+05:30,229.65,234.75,224.75,226.4,846737
SSWL,2024-04-19 00:00:00+05:30,224.1,226.7,222.25,224.05,188110
SSWL,2024-04-22 00:00:00+05:30,227.0,228.0,218.7,220.6,614614
SSWL,2024-04-23 00:00:00+05:30,223.0,226.45,220.6,222.25,666004
SSWL,2024-04-24 00:00:00+05:30,223.95,229.0,223.5,226.35,486221
SSWL,2024-04-25 00:00:00+05:30,227.5,228.65,223.5,223.9,354970
SSWL,2024-04-26 00:00:00+05:30,224.6,228.6,224.0,226.9,276802
SSWL,2024-04-29 00:00:00+05:30,231.25,233.05,227.2,228.9,247449
SSWL,2024-04-30 00:00:00+05:30,227.3,233.45,227.3,231.9,380013
SSWL,2024-05-02 00:00:00+05:30,233.9,237.0,229.15,230.1,443678
SSWL,2024-05-03 00:00:00+05:30,232.0,233.0,226.35,226.9,366949
SSWL,2024-05-06 00:00:00+05:30,228.0,228.0,222.1,222.85,223929
SSWL,2024-05-07 00:00:00+05:30,223.7,223.8,213.85,216.45,310562
SSWL,2024-05-08 00:00:00+05:30,216.35,220.0,214.6,216.0,206363
SSWL,2024-05-09 00:00:00+05:30,215.9,218.9,210.5,211.5,190666
SSWL,2024-05-10 00:00:00+05:30,212.3,213.2,207.9,209.6,203645
SSWL,2024-05-13 00:00:00+05:30,210.0,213.0,206.55,211.15,137028
SSWL,2024-05-14 00:00:00+05:30,211.15,214.9,210.25,212.6,176938
SSWL,2024-05-15 00:00:00+05:30,212.6,217.2,209.35,210.55,215130
SSWL,2024-05-16 00:00:00+05:30,212.6,214.4,209.4,212.25,136264
SSWL,2024-05-17 00:00:00+05:30,213.2,218.0,208.55,214.05,354359
SSWL,2024-05-18 00:00:00+05:30,215.3,220.0,212.8,217.0,88294
SSWL,2024-05-21 00:00:00+05:30,218.0,226.5,216.1,223.3,589248
SSWL,2024-05-22 00:00:00+05:30,223.6,227.7,219.8,223.3,272397
SSWL,2024-05-23 00:00:00+05:30,223.9,231.0,217.75,222.65,1097911
SSWL,2024-05-24 00:00:00+05:30,223.0,233.0,222.1,227.3,964545
SSWL,2024-05-27 00:00:00+05:30,231.0,231.0,215.3,216.95,662626
SSWL,2024-05-28 00:00:00+05:30,217.15,218.3,212.3,213.4,227802
SSWL,2024-05-29 00:00:00+05:30,213.35,219.0,212.3,216.6,188413
SSWL,2024-05-30 00:00:00+05:30,216.5,219.0,214.7,218.1,184777
SSWL,2024-05-31 00:00:00+05:30,218.0,218.85,209.85,214.8,288390
SSWL,2024-06-03 00:00:00+05:30,227.0,227.0,209.3,211.6,430997
SSWL,2024-06-04 00:00:00+05:30,213.0,213.45,190.55,203.0,397778
SSWL,2024-06-05 00:00:00+05:30,203.7,210.0,199.75,206.9,248273
SSWL,2024-06-06 00:00:00+05:30,207.4,212.5,206.1,209.7,225816
SSWL,2024-06-07 00:00:00+05:30,211.15,219.1,210.6,217.35,270200
SSWL,2024-06-10 00:00:00+05:30,219.7,220.99,212.71,213.9,579723
SSWL,2024-06-11 00:00:00+05:30,216.0,217.25,214.12,215.83,301852
SSWL,2024-06-12 00:00:00+05:30,218.38,222.5,216.31,217.17,347752
SSWL,2024-06-13 00:00:00+05:30,219.0,225.37,212.53,213.85,666323
SSWL,2024-06-14 00:00:00+05:30,215.9,223.65,214.71,222.13,947817
SSWL,2024-06-18 00:00:00+05:30,225.0,226.83,219.0,219.81,659193
SSWL,2024-06-19 00:00:00+05:30,221.6,225.49,218.0,218.71,474187
SSWL,2024-06-20 00:00:00+05:30,219.89,224.45,218.71,223.69,432042
SSWL,2024-06-21 00:00:00+05:30,223.65,225.2,219.0,219.92,234460
SSWL,2024-06-24 00:00:00+05:30,219.92,220.3,215.6,216.93,283915
SSWL,2024-06-25 00:00:00+05:30,217.85,219.45,215.5,215.83,298765
SSWL,2024-06-26 00:00:00+05:30,216.7,217.25,214.4,215.8,303000
SSWL,2024-06-27 00:00:00+05:30,216.5,217.79,213.45,214.67,272808
SSWL,2024-06-28 00:00:00+05:30,215.95,217.99,212.8,216.66,314037
SSWL,2024-07-01 00:00:00+05:30,217.0,229.74,216.5,224.63,1282248
SSWL,2024-07-02 00:00:00+05:30,225.9,226.45,221.01,223.41,548230
SSWL,2024-07-03 00:00:00+05:30,225.0,230.95,223.98,226.22,567856
SSWL,2024-07-04 00:00:00+05:30,228.0,237.0,227.95,235.13,1301814
SSWL,2024-07-05 00:00:00+05:30,238.0,247.0,236.0,242.72,1695792
SSWL,2024-07-08 00:00:00+05:30,243.6,244.44,236.1,239.19,388976
SSWL,2024-07-09 00:00:00+05:30,239.96,242.57,235.21,236.21,306037
SSWL,2024-07-10 00:00:00+05:30,236.21,238.28,225.61,229.46,372477
SSWL,2024-07-11 00:00:00+05:30,230.8,233.85,227.0,229.13,227114
SSWL,2024-07-12 00:00:00+05:30,229.13,229.89,224.0,224.66,323710
SSWL,2024-07-15 00:00:00+05:30,224.66,226.9,220.2,220.99,328571
SSWL,2024-07-16 00:00:00+05:30,220.99,224.46,220.8,221.34,309299
SSWL,2024-07-18 00:00:00+05:30,223.55,248.0,220.8,238.75,1730174
SSWL,2024-07-19 00:00:00+05:30,237.02,244.01,232.0,234.95,1007505
SSWL,2024-07-22 00:00:00+05:30,231.1,236.1,226.01,234.68,527165
SSWL,2024-07-23 00:00:00+05:30,232.4,238.5,222.26,227.18,834823
SSWL,2024-07-24 00:00:00+05:30,228.4,233.89,227.11,229.14,339008
SSWL,2024-07-25 00:00:00+05:30,229.15,237.0,229.15,232.51,348583
SSWL,2024-07-26 00:00:00+05:30,232.51,240.0,232.51,235.92,377437
SSWL,2024-07-29 00:00:00+05:30,239.01,241.09,234.42,236.3,292658
SSWL,2024-07-30 00:00:00+05:30,238.02,239.75,234.01,234.91,157707
SSWL,2024-07-31 00:00:00+05:30,237.0,241.0,234.0,236.58,253847
SSWL,2024-08-01 00:00:00+05:30,238.95,239.9,234.1,234.83,200818
SSWL,2024-08-02 00:00:00+05:30,233.65,235.56,228.92,231.75,300931
SSWL,2024-08-05 00:00:00+05:30,206.0,228.74,206.0,217.49,529589
SSWL,2024-08-06 00:00:00+05:30,218.0,225.73,216.05,217.68,200229
SSWL,2024-08-07 00:00:00+05:30,220.0,223.09,217.7,220.34,142900
SSWL,2024-08-08 00:00:00+05:30,222.0,222.51,212.0,213.86,300621
SSWL,2024-08-09 00:00:00+05:30,217.1,219.6,215.77,218.12,165230
SSWL,2024-08-12 00:00:00+05:30,219.4,219.45,215.11,216.05,139069
SSWL,2024-08-13 00:00:00+05:30,216.5,220.0,213.0,213.63,137020
SSWL,2024-08-14 00:00:00+05:30,214.8,216.41,211.02,211.98,120812
SSWL,2024-08-16 00:00:00+05:30,213.7,224.88,212.5,222.83,285681
SSWL,2024-08-19 00:00:00+05:30,223.05,223.8,219.01,220.03,111063
SSWL,2024-08-20 00:00:00+05:30,221.0,225.0,221.0,224.39,152241
SSWL,2024-08-21 00:00:00+05:30,224.0,224.9,221.55,222.55,110933
SSWL,2024-08-22 00:00:00+05:30,224.0,232.99,222.49,230.71,364961
SSWL,2024-08-23 00:00:00+05:30,231.3,231.3,225.0,225.32,192898
SSWL,2024-08-26 00:00:00+05:30,227.99,236.47,226.0,232.64,500414
SSWL,2024-08-27 00:00:00+05:30,233.35,236.18,229.5,233.38,251436
SSWL,2024-08-28 00:00:00+05:30,233.38,234.7,222.15,227.09,206074
SSWL,2024-08-29 00:00:00+05:30,232.45,232.45,222.87,225.78,226292
SSWL,2024-08-30 00:00:00+05:30,226.0,230.99,225.75,227.21,127908
SSWL,2024-09-02 00:00:00+05:30,229.35,229.65,226.02,227.64,260610
SSWL,2024-09-03 00:00:00+05:30,228.45,228.45,224.6,227.02,169018
SSWL,2024-09-04 00:00:00+05:30,225.0,228.05,225.0,227.06,130343
SSWL,2024-09-05 00:00:00+05:30,227.06,233.5,226.8,227.31,279311
SSWL,2024-09-06 00:00:00+05:30,227.31,229.89,226.6,227.15,244708
SSWL,2024-09-09 00:00:00+05:30,224.5,228.64,222.0,222.78,188710
SSWL,2024-09-10 00:00:00+05:30,223.0,228.89,223.0,226.22,180143
SSWL,2024-09-11 00:00:00+05:30,226.8,228.14,210.55,216.02,304532
SSWL,2024-09-12 00:00:00+05:30,218.5,224.9,215.4,222.73,298152
SSWL,2024-09-13 00:00:00+05:30,223.55,223.84,215.95,220.46,213336
SSWL,2024-09-16 00:00:00+05:30,221.6,222.47,216.0,217.56,150866
SSWL,2024-09-17 00:00:00+05:30,219.0,221.0,214.66,214.98,212061
SSWL,2024-09-18 00:00:00+05:30,215.0,217.0,209.0,210.27,381319
SSWL,2024-09-19 00:00:00+05:30,211.35,214.48,207.2,208.48,301227
SSWL,2024-09-20 00:00:00+05:30,209.6,212.85,208.91,210.41,274453
SSWL,2024-09-23 00:00:00+05:30,212.51,215.61,209.5,209.98,312023
SSWL,2024-09-24 00:00:00+05:30,212.6,225.0,212.6,218.95,1101241
SSWL,2024-09-25 00:00:00+05:30,218.0,222.5,216.42,216.89,313358
SSWL,2024-09-26 00:00:00+05:30,217.62,217.62,211.05,212.08,267751
SSWL,2024-09-27 00:00:00+05:30,212.77,214.86,209.4,211.5,294626
SSWL,2024-09-30 00:00:00+05:30,214.65,215.39,210.95,214.44,138547
SSWL,2024-10-01 00:00:00+05:30,214.91,217.99,212.87,216.26,338681
SSWL,2024-10-03 00:00:00+05:30,214.0,215.14,211.0,213.34,261009
SSWL,2024-10-04 00:00:00+05:30,213.34,215.0,210.38,212.58,197304
SSWL,2024-10-07 00:00:00+05:30,212.58,213.1,202.75,206.85,282333
SSWL,2024-10-08 00:00:00+05:30,206.85,213.1,204.63,211.48,184257
SSWL,2024-10-09 00:00:00+05:30,214.65,215.69,211.7,214.69,125216
SSWL,2024-10-10 00:00:00+05:30,216.4,216.7,213.0,214.41,107909
SSWL,2024-10-11 00:00:00+05:30,214.41,215.3,209.01,214.08,138115
SSWL,2024-10-14 00:00:00+05:30,215.0,215.47,211.36,213.88,112717
SSWL,2024-10-15 00:00:00+05:30,213.1,213.11,209.41,211.39,205350
SSWL,2024-10-16 00:00:00+05:30,211.01,214.9,210.01,214.75,118037
SSWL,2024-10-17 00:00:00+05:30,214.95,214.95,210.2,211.78,112974
SSWL,2024-10-18 00:00:00+05:30,211.78,214.5,208.15,213.46,160501
SSWL,2024-10-21 00:00:00+05:30,213.0,214.2,209.66,212.59,93425
SSWL,2024-10-22 00:00:00+05:30,212.3,212.3,203.0,203.94,159854
SSWL,2024-10-23 00:00:00+05:30,201.2,207.53,199.84,203.72,118668
SSWL,2024-10-24 00:00:00+05:30,203.72,204.73,200.0,201.03,114183
SSWL,2024-10-25 00:00:00+05:30,199.55,200.98,193.6,194.91,200595
SSWL,2024-10-28 00:00:00+05:30,194.98,196.0,190.46,191.74,185101
SSWL,2024-10-29 00:00:00+05:30,192.75,194.55,188.85,190.71,190677
SSWL,2024-10-30 00:00:00+05:30,192.03,204.15,189.05,202.5,286362
SSWL,2024-10-31 00:00:00+05:30,202.99,205.0,199.65,204.37,95696
SSWL,2024-11-01 00:00:00+05:30,205.99,208.69,204.81,206.87,41744
SSWL,2024-11-04 00:00:00+05:30,208.49,208.49,198.81,205.16,150191
SSWL,2024-11-05 00:00:00+05:30,202.15,215.19,202.15,214.4,381416
SSWL,2024-11-06 00:00:00+05:30,216.4,216.99,211.57,213.56,160218
SSWL,2024-11-07 00:00:00+05:30,214.2,215.7,212.0,212.73,90618
SSWL,2024-11-08 00:00:00+05:30,212.1,213.36,206.0,206.73,116339
SSWL,2024-11-11 00:00:00+05:30,206.7,210.0,203.51,207.67,94448
SSWL,2024-11-12 00:00:00+05:30,207.87,209.75,201.0,204.03,117343
SSWL,2024-11-13 00:00:00+05:30,203.3,203.3,195.16,195.92,146052
SSWL,2024-11-14 00:00:00+05:30,196.92,204.0,195.0,201.92,107965
SSWL,2024-11-18 00:00:00+05:30,201.92,207.0,195.0,202.54,99593
SSWL,2024-11-19 00:00:00+05:30,202.59,210.44,202.09,207.84,116884
SSWL,2024-11-21 00:00:00+05:30,207.7,207.7,200.44,201.24,107374
SSWL,2024-11-22 00:00:00+05:30,200.5,205.21,199.25,204.12,86536
SSWL,2024-11-25 00:00:00+05:30,206.3,209.7,204.6,209.18,103566
SSWL,2024-11-26 00:00:00+05:30,209.18,209.79,204.75,205.82,97441
SSWL,2024-11-27 00:00:00+05:30,205.97,207.5,203.18,204.59,155266
SSWL,2024-11-28 00:00:00+05:30,205.0,206.5,203.85,204.84,86858
SSWL,2024-11-29 00:00:00+05:30,206.46,206.65,202.02,202.77,161189
SSWL,2024-12-02 00:00:00+05:30,202.8,205.76,201.17,204.53,137716
SSWL,2024-12-03 00:00:00+05:30,204.53,210.5,204.05,208.35,116439
SSWL,2024-12-04 00:00:00+05:30,209.0,214.48,206.5,212.07,149214
SSWL,2024-12-05 00:00:00+05:30,212.8,213.77,207.95,209.21,140770
SSWL,2024-12-06 00:00:00+05:30,210.2,211.11,208.0,208.83,78010
SSWL,2024-12-09 00:00:00+05:30,207.5,214.5,206.5,207.17,184410
SSWL,2024-12-10 00:00:00+05:30,208.2,224.7,207.6,221.58,1669634
SSWL,2024-12-11 00:00:00+05:30,222.01,225.0,220.1,222.33,315947
SSWL,2024-12-12 00:00:00+05:30,221.8,222.45,212.0,214.68,171402
SSWL,2024-12-13 00:00:00+05:30,212.7,213.4,207.85,209.82,242663
SSWL,2024-12-16 00:00:00+05:30,209.84,210.88,206.82,208.37,179114
SSWL,2024-12-17 00:00:00+05:30,207.9,209.91,205.62,207.59,172028
SSWL,2024-12-18 00:00:00+05:30,207.59,207.95,202.54,203.2,170000
SSWL,2024-12-19 00:00:00+05:30,201.2,204.79,197.5,199.42,265879
SSWL,2024-12-20 00:00:00+05:30,200.05,206.99,197.05,201.07,637197
SSWL,2024-12-23 00:00:00+05:30,204.48,204.62,196.0,199.42,165274
SSWL,2024-12-24 00:00:00+05:30,199.42,203.99,199.0,201.58,156003
SSWL,2024-12-26 00:00:00+05:30,201.5,202.82,197.5,198.51,121359
SSWL,2024-12-27 00:00:00+05:30,199.4,201.7,197.77,199.45,78057
SSWL,2024-12-30 00:00:00+05:30,199.61,200.65,195.0,195.87,108916
SSWL,2024-12-31 00:00:00+05:30,196.5,200.0,195.87,197.39,87442
SSWL,2025-01-01 00:00:00+05:30,197.39,212.0,196.7,206.5,713309
SSWL,2025-01-02 00:00:00+05:30,206.41,212.0,205.79,210.87,223411
SSWL,2025-01-03 00:00:00+05:30,210.9,213.2,205.0,208.23,163149
SSWL,2025-01-06 00:00:00+05:30,211.35,213.95,201.91,205.17,318019
SSWL,2025-01-07 00:00:00+05:30,206.0,209.78,203.58,207.69,130754
SSWL,2025-01-08 00:00:00+05:30,207.7,208.45,202.48,206.55,177589
SSWL,2025-01-09 00:00:00+05:30,203.5,206.23,198.0,199.24,109674
SSWL,2025-01-10 00:00:00+05:30,199.23,200.22,194.03,197.14,180848
SSWL,2025-01-13 00:00:00+05:30,196.1,201.0,190.02,191.24,166723
SSWL,2025-01-14 00:00:00+05:30,191.24,196.89,190.0,192.6,103416
SSWL,2025-01-15 00:00:00+05:30,194.7,200.48,193.6,197.33,100925
SSWL,2025-01-16 00:00:00+05:30,197.55,211.0,197.55,204.67,224527
SSWL,2025-01-17 00:00:00+05:30,204.24,204.24,195.0,197.18,355500
SSWL,2025-01-20 00:00:00+05:30,196.15,199.6,195.49,197.91,108244
SSWL,2025-01-21 00:00:00+05:30,201.8,201.8,192.5,194.6,142674
SSWL,2025-01-22 00:00:00+05:30,194.6,195.64,187.8,191.15,145936
SSWL,2025-01-23 00:00:00+05:30,191.2,194.5,189.56,190.48,85559
SSWL,2025-01-24 00:00:00+05:30,190.48,190.99,181.72,183.11,249255
SSWL,2025-01-27 00:00:00+05:30,184.03,189.9,171.02,184.76,367692
SSWL,2025-01-28 00:00:00+05:30,183.0,191.0,178.37,188.41,182926
SSWL,2025-01-29 00:00:00+05:30,187.35,195.59,186.7,194.32,108083
SSWL,2025-01-30 00:00:00+05:30,194.32,196.56,192.13,194.95,85625
SSWL,2025-01-31 00:00:00+05:30,196.0,196.39,192.5,193.35,86608
SSWL,2025-02-01 00:00:00+05:30,194.99,200.03,192.32,194.0,177086
SSWL,2025-02-03 00:00:00+05:30,190.16,192.0,183.35,184.16,157840
SSWL,2025-02-04 00:00:00+05:30,186.0,187.64,183.2,184.18,163602
SSWL,2025-02-05 00:00:00+05:30,185.0,189.0,183.69,185.55,122289
SSWL,2025-02-06 00:00:00+05:30,186.0,191.7,184.56,186.13,167489
SSWL,2025-02-07 00:00:00+05:30,187.0,196.2,187.0,189.98,269560
SSWL,2025-02-10 00:00:00+05:30,189.5,190.9,185.0,188.21,92294
SSWL,2025-02-11 00:00:00+05:30,188.96,189.2,180.51,183.17,132763
SSWL,2025-02-12 00:00:00+05:30,183.17,184.1,172.25,179.66,122612
SSWL,2025-02-13 00:00:00+05:30,178.2,182.0,177.0,178.32,82404
SSWL,2025-02-14 00:00:00+05:30,178.32,181.0,175.0,180.18,519441
SSWL,2025-02-17 00:00:00+05:30,178.9,179.9,172.11,178.19,118015
SSWL,2025-02-18 00:00:00+05:30,176.95,179.29,175.0,177.92,106068
SSWL,2025-02-19 00:00:00+05:30,176.31,180.25,176.3,177.88,70794
SSWL,2025-02-20 00:00:00+05:30,178.0,180.04,177.41,179.45,49327
SSWL,2025-02-21 00:00:00+05:30,180.1,180.3,178.36,179.28,135267
SSWL,2025-02-24 00:00:00+05:30,176.0,180.3,175.5,179.47,97551
SSWL,2025-02-25 00:00:00+05:30,177.8,181.13,177.35,178.8,103433
SSWL,2025-02-27 00:00:00+05:30,180.0,180.0,175.0,175.69,138666
SSWL,2025-02-28 00:00:00+05:30,176.59,178.99,172.01,177.04,324887
SSWL,2025-03-03 00:00:00+05:30,177.25,178.86,170.44,173.61,188414
SSWL,2025-03-04 00:00:00+05:30,172.0,175.0,170.99,172.84,117786
SSWL,2025-03-05 00:00:00+05:30,173.0,177.46,173.0,176.06,98081
SSWL,2025-03-06 00:00:00+05:30,176.95,177.97,175.0,176.87,147974
SSWL,2025-03-07 00:00:00+05:30,177.8,177.8,175.0,175.41,201241
SSWL,2025-03-10 00:00:00+05:30,176.78,177.56,173.5,175.12,156867
SSWL,2025-03-11 00:00:00+05:30,173.5,175.0,172.0,173.17,137999
SSWL,2025-03-12 00:00:00+05:30,173.17,174.1,170.55,171.9,378001
SSWL,2025-03-13 00:00:00+05:30,171.9,174.26,170.9,171.86,343042
SSWL,2025-03-17 00:00:00+05:30,172.0,177.6,167.41,174.24,287483
SSWL,2025-03-18 00:00:00+05:30,173.5,184.55,173.5,183.17,399980
SSWL,2025-03-19 00:00:00+05:30,183.0,188.39,182.51,186.39,238045
SSWL,2025-03-20 00:00:00+05:30,187.9,188.4,184.64,187.31,171999
SSWL,2025-03-21 00:00:00+05:30,187.65,191.0,186.1,187.72,151965
SSWL,2025-03-24 00:00:00+05:30,187.72,195.98,187.72,192.63,258807
SSWL,2025-03-25 00:00:00+05:30,192.0,194.99,188.01,190.15,191608
SSWL,2025-03-26 00:00:00+05:30,190.4,190.4,184.66,187.89,245102
SSWL,2025-03-27 00:00:00+05:30,184.8,187.35,177.3,180.37,540346
SSWL,2025-03-28 00:00:00+05:30,180.0,184.98,176.6,178.41,249971
SSWL,2025-04-01 00:00:00+05:30,178.0,189.8,177.0,187.71,346680
SSWL,2025-04-02 00:00:00+05:30,187.71,193.25,185.0,190.58,178943
SSWL,2025-04-03 00:00:00+05:30,190.75,196.01,186.16,195.03,150265
SSWL,2025-04-04 00:00:00+05:30,194.88,199.95,188.32,194.56,158528
SSWL,2025-04-07 00:00:00+05:30,180.0,184.97,175.55,182.53,228707
SSWL,2025-04-08 00:00:00+05:30,185.55,190.48,184.4,185.97,119113
SSWL,2025-04-09 00:00:00+05:30,185.97,187.83,182.21,182.91,156993
SSWL,2025-04-11 00:00:00+05:30,194.7,194.7,187.0,190.31,170390
SSWL,2025-04-15 00:00:00+05:30,192.0,197.15,190.83,196.42,138640
SSWL,2025-04-16 00:00:00+05:30,196.42,197.38,190.1,192.26,91878
SSWL,2025-04-17 00:00:00+05:30,194.6,200.5,192.26,195.19,196219
SSWL,2025-04-21 00:00:00+05:30,195.19,200.89,194.35,200.04,187449
SSWL,2025-04-22 00:00:00+05:30,200.9,203.49,197.72,198.74,504633
SSWL,2025-04-23 00:00:00+05:30,200.9,206.95,199.66,206.02,221462
SSWL,2025-04-24 00:00:00+05:30,205.95,206.87,203.0,205.22,112935
SSWL,2025-04-25 00:00:00+05:30,205.95,205.95,197.4,205.04,197046
SSWL,2025-04-28 00:00:00+05:30,204.9,206.7,201.25,205.14,111582
SSWL,2025-04-29 00:00:00+05:30,204.25,208.91,202.83,205.8,137261
SSWL,2025-04-30 00:00:00+05:30,204.3,206.88,202.11,204.16,111916
SSWL,2025-05-02 00:00:00+05:30,203.3,214.73,201.0,213.49,487198
SSWL,2025-05-05 00:00:00+05:30,217.74,226.81,214.56,220.1,775786
SSWL,2025-05-06 00:00:00+05:30,220.0,226.8,218.1,222.19,612157
SSWL,2025-05-07 00:00:00+05:30,220.0,225.7,217.17,225.02,356238
SSWL,2025-05-08 00:00:00+05:30,225.0,232.95,219.42,221.14,473357
SSWL,2025-05-09 00:00:00+05:30,213.25,222.89,213.0,219.39,182957
SSWL,2025-05-12 00:00:00+05:30,223.19,228.0,221.35,224.32,216244
SSWL,2025-05-13 00:00:00+05:30,225.25,232.4,223.41,230.2,322772
SSWL,2025-05-14 00:00:00+05:30,232.0,243.8,229.81,241.07,922212
SSWL,2025-05-15 00:00:00+05:30,243.05,244.9,233.85,236.23,676569
SSWL,2025-05-16 00:00:00+05:30,237.0,241.92,226.63,231.24,349814
SSWL,2025-05-19 00:00:00+05:30,232.5,246.35,232.43,244.76,688527
SSWL,2025-05-20 00:00:00+05:30,245.9,248.4,232.0,236.62,330761
SSWL,2025-05-21 00:00:00+05:30,238.0,240.78,234.99,238.52,206601
SSWL,2025-05-22 00:00:00+05:30,240.0,248.41,236.15,245.96,413038
SSWL,2025-05-23 00:00:00+05:30,247.95,252.5,242.15,244.53,435298
SSWL,2025-05-26 00:00:00+05:30,245.0,245.97,237.14,239.42,251619
SSWL,2025-05-27 00:00:00+05:30,240.35,241.95,236.36,238.15,267147
SSWL,2025-05-28 00:00:00+05:30,238.25,240.03,232.97,233.23,179721
SSWL,2025-05-29 00:00:00+05:30,234.2,235.42,232.39,234.51,106991
SSWL,2025-05-30 00:00:00+05:30,235.0,238.51,230.29,233.14,84387
SSWL,2025-06-02 00:00:00+05:30,233.0,246.0,231.2,243.64,466038
SSWL,2025-06-03 00:00:00+05:30,244.95,248.22,238.22,240.08,271807
SSWL,2025-06-04 00:00:00+05:30,242.01,248.9,240.01,246.29,322080
SSWL,2025-06-05 00:00:00+05:30,247.6,248.5,241.15,242.04,130267
SSWL,2025-06-06 00:00:00+05:30,243.7,247.4,241.05,243.46,201136
SSWL,2025-06-09 00:00:00+05:30,245.9,252.5,244.01,250.09,454142
SSWL,2025-06-10 00:00:00+05:30,251.8,255.9,248.0,254.98,525656
SSWL,2025-06-11 00:00:00+05:30,256.39,256.99,244.4,248.3,317670
SSWL,2025-06-12 00:00:00+05:30,248.3,249.7,241.0,242.09,216404
SSWL,2025-06-13 00:00:00+05:30,228.0,253.45,228.0,248.35,462587
SSWL,2025-06-16 00:00:00+05:30,248.0,249.63,240.2,243.23,163058
SSWL,2025-06-17 00:00:00+05:30,247.98,261.0,247.0,258.14,1509426
SSWL,2025-06-18 00:00:00+05:30,258.0,270.5,257.15,265.51,1756086
SSWL,2025-06-19 00:00:00+05:30,265.0,276.0,258.97,261.22,1822717
SSWL,2025-06-20 00:00:00+05:30,258.1,262.0,253.82,257.82,342688
SSWL,2025-06-23 00:00:00+05:30,255.5,259.0,254.11,256.93,280241
SSWL,2025-06-24 00:00:00+05:30,259.29,268.19,259.29,265.37,513527
SSWL,2025-06-25 00:00:00+05:30,265.37,274.44,264.72,272.6,401049
SSWL,2025-06-26 00:00:00+05:30,276.69,278.99,267.21,272.97,495898
SSWL,2025-06-27 00:00:00+05:30,275.0,276.64,271.32,274.22,256135
SSWL,2025-06-30 00:00:00+05:30,271.31,277.56,271.31,274.0,631340
SSWL,2025-07-01 00:00:00+05:30,274.95,280.0,258.0,261.2,1002608
SSWL,2025-07-02 00:00:00+05:30,260.75,261.2,251.0,252.5,575983
SSWL,2025-07-03 00:00:00+05:30,253.1,257.6,249.0,249.95,269763
SSWL,2025-07-04 00:00:00+05:30,251.3,253.9,250.35,252.9,164637
SSWL,2025-07-07 00:00:00+05:30,254.0,256.95,242.2,244.7,691587
SSWL,2025-07-08 00:00:00+05:30,247.4,248.95,234.9,241.55,634270
SSWL,2025-07-09 00:00:00+05:30,243.95,247.0,242.75,245.5,167941
SSWL,2025-07-10 00:00:00+05:30,245.5,248.2,238.05,243.15,202805
SSWL,2025-07-11 00:00:00+05:30,243.15,254.2,240.2,248.2,311983
SSWL,2025-07-14 00:00:00+05:30,248.2,248.45,241.05,242.45,157780
SSWL,2025-07-15 00:00:00+05:30,241.65,245.55,240.25,242.25,230721
SSWL,2025-07-16 00:00:00+05:30,244.6,253.5,242.25,250.6,350990
SSWL,2025-07-17 00:00:00+05:30,250.95,257.25,249.0,255.85,248568
SSWL,2025-07-18 00:00:00+05:30,257.05,259.45,252.8,256.05,303142
SSWL,2025-07-21 00:00:00+05:30,259.0,259.0,251.1,252.4,180330
SSWL,2025-07-22 00:00:00+05:30,253.7,254.4,245.0,246.1,116237
SSWL,2025-07-23 00:00:00+05:30,247.35,250.5,245.5,246.4,110272
SSWL,2025-07-24 00:00:00+05:30,245.55,249.85,245.2,246.2,73942
SSWL,2025-07-25 00:00:00+05:30,245.5,247.95,240.2,240.75,83938
SSWL,2025-07-28 00:00:00+05:30,240.75,243.5,231.1,232.95,230820
SSWL,2025-07-29 00:00:00+05:30,232.9,236.55,231.5,233.7,129571
SSWL,2025-07-30 00:00:00+05:30,233.9,237.9,233.9,235.85,86032
SSWL,2025-07-31 00:00:00+05:30,233.7,236.2,227.3,231.0,222195
SSWL,2025-08-01 00:00:00+05:30,230.3,233.28,214.0,216.82,553102
SSWL,2025-08-04 00:00:00+05:30,217.9,230.1,217.16,222.46,472359
SSWL,2025-08-05 00:00:00+05:30,222.3,222.88,216.51,220.57,337847
SSWL,2025-08-06 00:00:00+05:30,220.0,221.65,213.0,217.68,193765
SSWL,2025-08-07 00:00:00+05:30,217.68,222.57,213.05,218.54,359574
SSWL,2025-08-08 00:00:00+05:30,219.7,221.88,215.5,217.08,151224
SSWL,2025-08-11 00:00:00+05:30,218.2,220.75,214.83,215.47,448748
SSWL,2025-08-12 00:00:00+05:30,215.0,217.58,213.67,214.7,78479
SSWL,2025-08-13 00:00:00+05:30,215.7,217.19,210.5,211.34,147596
SSWL,2025-08-14 00:00:00+05:30,211.4,211.66,208.1,208.66,114876
SSWL,2025-08-18 00:00:00+05:30,211.0,212.77,208.36,210.06,350447
SSWL,2025-08-19 00:00:00+05:30,210.5,211.9,208.4,210.13,261323
SSWL,2025-08-20 00:00:00+05:30,211.0,214.74,210.61,212.88,441757
SSWL,2025-08-21 00:00:00+05:30,211.06,213.99,211.0,213.06,304752
SSWL,2025-08-22 00:00:00+05:30,215.0,215.0,211.0,211.4,94551
SSWL,2025-08-25 00:00:00+05:30,211.4,213.43,209.7,211.01,170833
SSWL,2025-08-26 00:00:00+05:30,211.01,218.15,207.39,214.21,189768
SSWL,2025-08-28 00:00:00+05:30,212.3,215.0,209.89,211.8,130615
SSWL,2025-08-29 00:00:00+05:30,212.9,218.19,209.73,216.14,164213
SSWL,2025-09-01 00:00:00+05:30,215.0,225.99,215.0,223.75,344205
SSWL,2025-09-02 00:00:00+05:30,224.0,226.84,222.8,225.38,150839
SSWL,2025-09-03 00:00:00+05:30,225.36,227.76,222.01,226.0,161225
SSWL,2025-09-04 00:00:00+05:30,230.0,230.65,221.5,223.79,214443
SSWL,2025-09-05 00:00:00+05:30,223.79,228.96,217.1,225.03,155670
SSWL,2025-09-08 00:00:00+05:30,225.95,248.88,225.27,241.1,1671087
SSWL,2025-09-09 00:00:00+05:30,243.1,246.4,241.26,244.25,280954
SSWL,2025-09-10 00:00:00+05:30,243.91,246.64,242.1,244.01,231457
SSWL,2025-09-11 00:00:00+05:30,245.11,250.79,242.62,245.47,318697
SSWL,2025-09-12 00:00:00+05:30,246.0,246.95,242.6,243.4,125426
SSWL,2025-09-15 00:00:00+05:30,243.99,248.95,238.72,246.51,321330
SSWL,2025-09-16 00:00:00+05:30,245.85,247.04,240.16,244.65,238159
SSWL,2025-09-17 00:00:00+05:30,245.9,254.0,244.81,247.9,406654
SSWL,2025-09-18 00:00:00+05:30,251.0,251.0,246.69,249.11,185350
SSWL,2025-09-19 00:00:00+05:30,249.0,249.0,242.6,244.01,101078
SSWL,2025-09-22 00:00:00+05:30,244.01,246.48,238.25,241.22,184338
SSWL,2025-09-23 00:00:00+05:30,242.15,244.31,240.01,240.75,105676
SSWL,2025-09-24 00:00:00+05:30,240.75,244.5,235.55,237.68,133954
SSWL,2025-09-25 00:00:00+05:30,237.42,240.23,235.01,235.85,89300
SSWL,2025-09-26 00:00:00+05:30,235.2,235.5,228.0,229.66,124878
SSWL,2025-09-29 00:00:00+05:30,229.66,233.0,225.0,226.73,124503
SSWL,2025-09-30 00:00:00+05:30,226.73,229.5,224.05,225.23,104802
SSWL,2025-10-01 00:00:00+05:30,225.23,234.9,224.19,228.94,118997
SSWL,2025-10-03 00:00:00+05:30,230.77,230.77,227.12,229.59,92578
SSWL,2025-10-06 00:00:00+05:30,230.0,230.7,225.05,226.76,201783
SSWL,2025-10-07 00:00:00+05:30,226.1,227.73,222.51,223.57,183626
SSWL,2025-10-08 00:00:00+05:30,224.0,228.1,218.35,219.64,250556
SSWL,2025-10-09 00:00:00+05:30,219.64,220.1,215.72,218.56,125557
SSWL,2025-10-10 00:00:00+05:30,220.0,220.0,216.9,217.83,110805
SSWL,2025-10-13 00:00:00+05:30,217.0,219.0,214.12,215.66,108495
SSWL,2025-10-14 00:00:00+05:30,215.75,218.29,212.1,213.72,139763
SSWL,2025-10-15 00:00:00+05:30,214.8,215.1,206.8,212.65,123986
SSWL,2025-10-16 00:00:00+05:30,212.7,217.5,212.7,215.71,200214
SSWL,2025-10-17 00:00:00+05:30,214.0,215.99,212.71,215.37,127393
SSWL,2025-10-20 00:00:00+05:30,216.7,219.95,214.74,219.22,103817
SSWL,2025-10-21 00:00:00+05:30,219.4,228.0,218.19,225.16,120132
SSWL,2025-10-23 00:00:00+05:30,228.1,229.8,217.58,223.3,399174
SSWL,2025-10-24 00:00:00+05:30,221.9,223.38,218.01,218.96,136389
SSWL,2025-10-27 00:00:00+05:30,220.45,222.56,218.0,222.03,120096
SSWL,2025-10-28 00:00:00+05:30,222.45,234.5,221.21,229.51,745525
SSWL,2025-10-29 00:00:00+05:30,234.1,235.98,225.23,232.84,497088
SSWL,2025-10-30 00:00:00+05:30,235.0,235.0,225.89,226.98,199009
SSWL,2025-10-31 00:00:00+05:30,226.95,227.45,221.0,222.55,141285
SSWL,2025-11-03 00:00:00+05:30,223.0,232.25,220.83,230.1,415398
SSWL,2025-11-04 00:00:00+05:30,229.0,229.0,223.81,226.45,121715
SSWL,2025-11-06 00:00:00+05:30,224.01,226.5,220.0,220.66,82697
SSWL,2025-11-07 00:00:00+05:30,220.0,220.9,216.01,218.8,125282
SSWL,2025-11-10 00:00:00+05:30,220.3,222.9,217.81,221.54,117908
SSWL,2025-11-11 00:00:00+05:30,220.78,221.27,216.32,218.47,91260
SSWL,2025-11-12 00:00:00+05:30,219.0,225.72,211.85,213.82,416205
SSWL,2025-11-13 00:00:00+05:30,213.82,217.5,211.13,215.36,249132
SSWL,2025-11-14 00:00:00+05:30,215.36,217.19,205.27,207.23,332527
SSWL,2025-11-17 00:00:00+05:30,208.0,209.09,205.23,205.99,109975
SSWL,2025-11-18 00:00:00+05:30,205.99,206.5,202.5,205.7,124008
SSWL,2025-11-19 00:00:00+05:30,206.0,207.4,201.0,202.61,116219
SSWL,2025-11-20 00:00:00+05:30,203.99,204.45,200.75,201.22,105074
SSWL,2025-11-21 00:00:00+05:30,200.0,201.91,195.37,197.96,175773
SSWL,2025-11-24 00:00:00+05:30,196.0,197.96,193.0,193.92,200995
SSWL,2025-11-25 00:00:00+05:30,194.0,198.18,192.5,193.03,353232
SSWL,2025-11-26 00:00:00+05:30,193.55,200.0,193.03,194.23,278577
SSWL,2025-11-27 00:00:00+05:30,196.15,197.01,192.0,192.73,177900
SSWL,2025-11-28 00:00:00+05:30,192.99,193.9,188.73,190.28,340059
