Symbol,Date,Open,High,Low,Close,Volume
VARDHACRLC,2003-10-01 00:00:00+05:30,11.25,11.45,10.4,10.6,789369
VARDHACRLC,2003-10-03 00:00:00+05:30,10.75,10.75,10.15,10.6,572512
VARDHACRLC,2003-10-06 00:00:00+05:30,10.6,10.7,10.5,10.6,390591
VARDHACRLC,2003-10-07 00:00:00+05:30,10.55,10.65,10.5,10.55,311670
VARDHACRLC,2003-10-08 00:00:00+05:30,10.6,10.65,10.5,10.6,275468
VARDHACRLC,2003-10-09 00:00:00+05:30,10.55,10.65,10.5,10.55,387134
VARDHACRLC,2003-10-10 00:00:00+05:30,10.7,10.8,10.4,10.55,642475
VARDHACRLC,2003-10-13 00:00:00+05:30,10.45,10.45,10.15,10.3,558796
VARDHACRLC,2003-10-14 00:00:00+05:30,10.5,10.5,9.65,9.75,1613402
VARDHACRLC,2003-10-15 00:00:00+05:30,9.65,9.9,9.6,9.6,102873
VARDHACRLC,2003-10-16 00:00:00+05:30,9.6,9.75,9.5,9.55,161135
VARDHACRLC,2003-10-17 00:00:00+05:30,9.5,10.05,9.5,9.65,80270
VARDHACRLC,2003-10-20 00:00:00+05:30,9.5,9.65,9.5,9.55,83523
VARDHACRLC,2003-10-21 00:00:00+05:30,9.55,9.65,9.55,9.55,36826
VARDHACRLC,2003-10-22 00:00:00+05:30,10.5,10.5,9.5,9.55,348660
VARDHACRLC,2003-10-23 00:00:00+05:30,9.45,9.7,9.45,9.55,55424
VARDHACRLC,2003-10-24 00:00:00+05:30,9.65,9.7,9.6,9.6,41350
VARDHACRLC,2003-10-27 00:00:00+05:30,9.6,9.9,9.6,9.75,22750
VARDHACRLC,2003-10-28 00:00:00+05:30,9.6,9.7,9.6,9.6,41854
VARDHACRLC,2003-10-29 00:00:00+05:30,9.7,9.7,9.4,9.6,56241
VARDHACRLC,2003-10-30 00:00:00+05:30,9.6,9.65,9.6,9.6,52774
VARDHACRLC,2003-10-31 00:00:00+05:30,9.5,9.7,9.5,9.6,41602
VARDHACRLC,2003-11-03 00:00:00+05:30,9.6,9.6,9.3,9.35,92750
VARDHACRLC,2003-11-04 00:00:00+05:30,9.25,9.6,9.25,9.4,98223
VARDHACRLC,2003-11-05 00:00:00+05:30,9.4,9.55,9.4,9.4,50068
VARDHACRLC,2003-11-06 00:00:00+05:30,9.55,9.7,9.3,9.4,27923
VARDHACRLC,2003-11-07 00:00:00+05:30,9.6,9.6,9.4,9.4,40610
VARDHACRLC,2003-11-10 00:00:00+05:30,7.8,9.45,7.8,9.4,36002
VARDHACRLC,2003-11-11 00:00:00+05:30,9.35,9.45,9.35,9.4,90489
VARDHACRLC,2003-11-12 00:00:00+05:30,9.25,9.45,9.25,9.4,49500
VARDHACRLC,2003-11-13 00:00:00+05:30,9.4,9.55,9.4,9.45,61146
VARDHACRLC,2003-11-14 00:00:00+05:30,9.7,9.7,9.25,9.25,45451
VARDHACRLC,2003-11-17 00:00:00+05:30,9.5,9.5,9.2,9.35,36001
VARDHACRLC,2003-11-18 00:00:00+05:30,9.4,9.6,9.25,9.45,73900
VARDHACRLC,2003-11-19 00:00:00+05:30,9.6,11.35,9.3,10.6,536313
VARDHACRLC,2003-11-20 00:00:00+05:30,11.1,11.6,10.0,10.05,356357
VARDHACRLC,2003-11-21 00:00:00+05:30,10.25,10.25,9.8,10.05,56432
VARDHACRLC,2003-11-24 00:00:00+05:30,10.0,10.3,9.8,10.1,81946
VARDHACRLC,2003-11-25 00:00:00+05:30,10.3,10.35,10.05,10.25,156240
VARDHACRLC,2003-11-27 00:00:00+05:30,10.1,10.5,10.05,10.05,82856
VARDHACRLC,2003-11-28 00:00:00+05:30,10.1,10.2,9.9,10.0,56025
VARDHACRLC,2003-12-01 00:00:00+05:30,10.95,10.95,9.9,10.15,131677
VARDHACRLC,2003-12-02 00:00:00+05:30,10.15,10.2,10.0,10.1,84800
VARDHACRLC,2003-12-03 00:00:00+05:30,10.1,10.2,9.95,10.1,93412
VARDHACRLC,2003-12-04 00:00:00+05:30,10.0,10.2,9.95,10.1,93537
VARDHACRLC,2003-12-05 00:00:00+05:30,10.1,10.25,9.9,10.0,121350
VARDHACRLC,2003-12-08 00:00:00+05:30,10.2,10.2,9.9,9.95,46950
VARDHACRLC,2003-12-09 00:00:00+05:30,10.0,11.95,9.95,10.8,540765
VARDHACRLC,2003-12-10 00:00:00+05:30,10.7,11.0,10.2,10.35,176040
VARDHACRLC,2003-12-11 00:00:00+05:30,10.3,10.5,10.1,10.2,77051
VARDHACRLC,2003-12-12 00:00:00+05:30,10.3,10.85,10.1,10.2,187217
VARDHACRLC,2003-12-15 00:00:00+05:30,10.45,10.45,10.25,10.35,81778
VARDHACRLC,2003-12-16 00:00:00+05:30,10.45,10.5,10.05,10.15,66567
VARDHACRLC,2003-12-17 00:00:00+05:30,10.1,10.4,10.0,10.05,88323
VARDHACRLC,2003-12-18 00:00:00+05:30,10.4,10.5,10.15,10.3,147910
VARDHACRLC,2003-12-19 00:00:00+05:30,10.15,10.5,10.1,10.15,70075
VARDHACRLC,2003-12-22 00:00:00+05:30,10.25,10.45,10.25,10.4,182800
VARDHACRLC,2003-12-23 00:00:00+05:30,11.6,11.6,10.1,10.2,56714
VARDHACRLC,2003-12-24 00:00:00+05:30,10.25,10.3,9.95,10.05,75826
VARDHACRLC,2003-12-26 00:00:00+05:30,10.2,10.3,10.0,10.2,129549
VARDHACRLC,2003-12-29 00:00:00+05:30,10.1,10.3,10.1,10.3,133905
VARDHACRLC,2003-12-30 00:00:00+05:30,10.4,11.4,10.1,10.5,766052
VARDHACRLC,2003-12-31 00:00:00+05:30,10.7,10.75,10.3,10.6,647615
VARDHACRLC,2004-01-01 00:00:00+05:30,10.75,11.8,10.6,11.4,1472375
VARDHACRLC,2004-01-02 00:00:00+05:30,11.9,12.5,11.4,11.65,1210301
VARDHACRLC,2004-01-05 00:00:00+05:30,12.1,12.2,11.4,11.55,570013
VARDHACRLC,2004-01-06 00:00:00+05:30,11.9,11.9,10.5,10.7,303629
VARDHACRLC,2004-01-07 00:00:00+05:30,10.75,10.75,10.3,10.45,180805
VARDHACRLC,2004-01-08 00:00:00+05:30,10.9,12.2,10.9,11.1,383592
VARDHACRLC,2004-01-09 00:00:00+05:30,10.1,11.4,10.1,11.0,172307
VARDHACRLC,2004-01-12 00:00:00+05:30,11.35,11.6,10.55,10.6,175847
VARDHACRLC,2004-01-13 00:00:00+05:30,10.7,11.15,10.65,10.8,158567
VARDHACRLC,2004-01-14 00:00:00+05:30,10.65,10.95,10.65,10.7,278591
VARDHACRLC,2004-01-15 00:00:00+05:30,10.7,10.85,10.25,10.35,419073
VARDHACRLC,2004-01-16 00:00:00+05:30,10.9,10.9,10.2,10.4,441673
VARDHACRLC,2004-01-19 00:00:00+05:30,10.15,10.6,10.05,10.3,351900
VARDHACRLC,2004-01-20 00:00:00+05:30,10.3,10.4,10.05,10.05,200902
VARDHACRLC,2004-01-21 00:00:00+05:30,9.6,10.15,9.5,9.6,189595
VARDHACRLC,2004-01-22 00:00:00+05:30,9.7,9.7,8.8,9.0,115548
VARDHACRLC,2004-01-23 00:00:00+05:30,9.25,9.6,8.7,9.4,114175
VARDHACRLC,2004-01-27 00:00:00+05:30,9.65,9.7,9.5,9.6,35733
VARDHACRLC,2004-01-28 00:00:00+05:30,9.7,9.7,9.05,9.1,42535
VARDHACRLC,2004-01-29 00:00:00+05:30,10.0,10.0,9.0,9.1,38217
VARDHACRLC,2004-01-30 00:00:00+05:30,9.05,9.2,8.8,8.9,48535
VARDHACRLC,2004-02-03 00:00:00+05:30,9.85,9.85,8.65,8.75,123350
VARDHACRLC,2004-02-04 00:00:00+05:30,8.95,9.1,8.35,8.85,94610
VARDHACRLC,2004-02-05 00:00:00+05:30,8.5,9.0,8.5,8.9,193402
VARDHACRLC,2004-02-06 00:00:00+05:30,8.75,8.85,8.65,8.7,12000
VARDHACRLC,2004-02-09 00:00:00+05:30,8.8,9.0,8.7,8.75,42810
VARDHACRLC,2004-02-10 00:00:00+05:30,8.85,9.05,8.75,8.9,39210
VARDHACRLC,2004-02-11 00:00:00+05:30,9.05,9.05,8.85,8.85,35716
VARDHACRLC,2004-02-12 00:00:00+05:30,8.85,9.0,8.8,8.85,28184
VARDHACRLC,2004-02-13 00:00:00+05:30,8.85,8.9,8.7,8.75,45420
VARDHACRLC,2004-02-16 00:00:00+05:30,8.6,9.0,8.6,8.85,57111
VARDHACRLC,2004-02-17 00:00:00+05:30,8.85,8.85,8.6,8.65,50550
VARDHACRLC,2004-02-18 00:00:00+05:30,8.7,8.8,8.6,8.6,23406
VARDHACRLC,2004-02-19 00:00:00+05:30,8.8,8.8,8.3,8.3,31320
VARDHACRLC,2004-02-20 00:00:00+05:30,8.2,8.4,7.9,8.15,18750
VARDHACRLC,2004-02-23 00:00:00+05:30,8.2,8.25,7.9,7.95,28100
VARDHACRLC,2004-02-24 00:00:00+05:30,7.9,7.9,7.6,7.75,28410
VARDHACRLC,2004-02-25 00:00:00+05:30,7.65,8.0,7.65,7.75,9430
VARDHACRLC,2004-02-26 00:00:00+05:30,7.85,8.35,7.65,7.75,20197
VARDHACRLC,2004-02-27 00:00:00+05:30,7.4,7.75,7.4,7.6,264720
VARDHACRLC,2004-03-01 00:00:00+05:30,7.6,8.1,7.6,7.9,240309
VARDHACRLC,2004-03-03 00:00:00+05:30,8.25,8.25,7.6,7.7,288575
VARDHACRLC,2004-03-04 00:00:00+05:30,7.75,7.8,7.4,7.45,311452
VARDHACRLC,2004-03-05 00:00:00+05:30,7.5,8.25,7.45,7.7,377030
VARDHACRLC,2004-03-08 00:00:00+05:30,8.95,8.95,7.65,7.9,444811
VARDHACRLC,2004-03-09 00:00:00+05:30,8.9,8.9,7.7,7.85,39051
VARDHACRLC,2004-03-10 00:00:00+05:30,7.95,8.0,7.7,7.95,291600
VARDHACRLC,2004-03-11 00:00:00+05:30,7.8,7.9,7.55,7.6,286742
VARDHACRLC,2004-03-12 00:00:00+05:30,7.6,7.7,7.55,7.6,296966
VARDHACRLC,2004-03-15 00:00:00+05:30,7.4,8.5,7.4,8.25,284073
VARDHACRLC,2004-03-16 00:00:00+05:30,7.3,8.7,7.3,8.35,142085
VARDHACRLC,2004-03-17 00:00:00+05:30,8.7,10.0,8.6,8.7,684054
VARDHACRLC,2004-03-18 00:00:00+05:30,8.9,10.0,8.65,8.8,510715
VARDHACRLC,2004-03-19 00:00:00+05:30,8.95,8.95,8.1,8.2,432809
VARDHACRLC,2004-03-22 00:00:00+05:30,7.8,8.4,7.65,7.7,224600
VARDHACRLC,2004-03-23 00:00:00+05:30,8.0,8.2,7.5,7.55,101300
VARDHACRLC,2004-03-24 00:00:00+05:30,7.95,7.95,7.45,7.75,81145
VARDHACRLC,2004-03-25 00:00:00+05:30,7.9,8.5,7.8,8.15,50529
VARDHACRLC,2004-03-26 00:00:00+05:30,8.85,9.15,7.6,8.55,297142
VARDHACRLC,2004-03-29 00:00:00+05:30,9.8,10.0,8.85,9.45,667117
VARDHACRLC,2004-03-30 00:00:00+05:30,9.15,9.35,8.75,9.0,17300
VARDHACRLC,2004-03-31 00:00:00+05:30,8.85,9.0,8.6,8.8,25802
VARDHACRLC,2004-04-01 00:00:00+05:30,8.6,9.0,8.6,8.95,14226
VARDHACRLC,2004-04-02 00:00:00+05:30,9.0,9.2,8.85,8.95,18515
VARDHACRLC,2004-04-05 00:00:00+05:30,8.85,9.0,8.65,8.75,24100
VARDHACRLC,2004-04-06 00:00:00+05:30,8.65,8.75,8.5,8.5,4826
VARDHACRLC,2004-04-07 00:00:00+05:30,9.45,9.45,8.1,8.85,15941
VARDHACRLC,2004-04-08 00:00:00+05:30,8.65,9.0,8.65,8.75,6400
VARDHACRLC,2004-04-12 00:00:00+05:30,8.65,8.9,8.6,8.6,12175
VARDHACRLC,2004-04-13 00:00:00+05:30,8.95,8.95,8.5,8.5,14500
VARDHACRLC,2004-04-15 00:00:00+05:30,8.6,9.0,8.5,8.6,44435
VARDHACRLC,2004-04-16 00:00:00+05:30,9.5,9.5,8.7,8.9,23080
VARDHACRLC,2004-04-19 00:00:00+05:30,9.25,9.25,8.75,8.8,39391
VARDHACRLC,2004-04-20 00:00:00+05:30,8.8,9.0,8.75,8.9,34678
VARDHACRLC,2004-04-21 00:00:00+05:30,9.15,9.2,8.7,9.1,36151
VARDHACRLC,2004-04-22 00:00:00+05:30,9.15,9.2,8.85,8.95,35688
VARDHACRLC,2004-04-23 00:00:00+05:30,9.25,9.25,9.0,9.05,42505
VARDHACRLC,2004-04-27 00:00:00+05:30,8.5,8.95,8.5,8.6,46820
VARDHACRLC,2004-04-28 00:00:00+05:30,8.55,8.9,8.5,8.5,37190
VARDHACRLC,2004-04-29 00:00:00+05:30,8.95,8.95,8.55,8.6,12711
VARDHACRLC,2004-04-30 00:00:00+05:30,8.75,8.9,8.6,8.65,17081
VARDHACRLC,2004-05-03 00:00:00+05:30,8.65,8.65,8.25,8.35,35833
VARDHACRLC,2004-05-04 00:00:00+05:30,8.5,8.5,8.25,8.4,32135
VARDHACRLC,2004-05-05 00:00:00+05:30,8.5,8.5,8.05,8.1,40700
VARDHACRLC,2004-05-06 00:00:00+05:30,8.3,8.45,8.15,8.4,32376
VARDHACRLC,2004-05-07 00:00:00+05:30,8.3,9.35,8.3,9.1,398462
VARDHACRLC,2004-05-10 00:00:00+05:30,9.15,10.15,9.1,9.6,402765
VARDHACRLC,2004-05-11 00:00:00+05:30,9.5,10.1,9.0,9.1,467842
VARDHACRLC,2004-05-12 00:00:00+05:30,9.9,9.9,9.05,9.15,29201
VARDHACRLC,2004-05-13 00:00:00+05:30,9.9,9.9,9.05,9.2,39875
VARDHACRLC,2004-05-14 00:00:00+05:30,9.75,9.75,8.0,8.25,130050
VARDHACRLC,2004-05-17 00:00:00+05:30,8.5,8.5,7.25,7.6,52550
VARDHACRLC,2004-05-18 00:00:00+05:30,8.0,8.35,7.5,8.15,56550
VARDHACRLC,2004-05-19 00:00:00+05:30,8.25,8.5,8.25,8.35,36608
VARDHACRLC,2004-05-20 00:00:00+05:30,8.35,8.35,8.25,8.25,15251
VARDHACRLC,2004-05-21 00:00:00+05:30,8.25,8.25,8.1,8.25,16105
VARDHACRLC,2004-06-23 00:00:00+05:30,7.8,7.8,7.55,7.55,15202
VARDHACRLC,2004-06-24 00:00:00+05:30,7.6,7.7,7.45,7.5,8967
VARDHACRLC,2004-06-25 00:00:00+05:30,7.6,7.7,7.55,7.55,8850
VARDHACRLC,2004-06-28 00:00:00+05:30,7.75,7.85,7.55,7.75,15698
VARDHACRLC,2004-06-29 00:00:00+05:30,7.75,7.9,7.65,7.85,4602
VARDHACRLC,2004-06-30 00:00:00+05:30,7.85,8.0,7.85,7.85,6532
VARDHACRLC,2004-07-01 00:00:00+05:30,8.0,8.0,7.8,7.85,4400
VARDHACRLC,2004-07-02 00:00:00+05:30,7.85,8.1,7.75,7.9,16801
VARDHACRLC,2004-07-05 00:00:00+05:30,7.9,8.05,7.75,7.9,10960
VARDHACRLC,2004-07-06 00:00:00+05:30,8.0,8.0,7.85,7.85,16801
VARDHACRLC,2004-07-07 00:00:00+05:30,7.85,8.1,7.8,7.9,34550
VARDHACRLC,2004-07-08 00:00:00+05:30,7.85,8.05,7.8,7.8,19735
VARDHACRLC,2004-07-09 00:00:00+05:30,7.8,8.3,7.5,8.25,69816
VARDHACRLC,2004-07-12 00:00:00+05:30,8.25,8.65,8.25,8.55,65605
VARDHACRLC,2004-07-13 00:00:00+05:30,8.3,8.55,8.3,8.35,35501
VARDHACRLC,2004-07-14 00:00:00+05:30,8.3,8.6,8.2,8.4,41203
VARDHACRLC,2004-07-15 00:00:00+05:30,8.3,9.5,8.3,9.15,83793
VARDHACRLC,2004-07-16 00:00:00+05:30,9.05,9.2,8.8,8.85,58025
VARDHACRLC,2004-07-19 00:00:00+05:30,8.65,9.5,8.65,9.15,605631
VARDHACRLC,2004-07-20 00:00:00+05:30,8.65,9.3,8.65,9.15,291162
VARDHACRLC,2004-07-21 00:00:00+05:30,9.25,10.0,9.2,9.55,465920
VARDHACRLC,2004-07-22 00:00:00+05:30,9.65,9.9,9.4,9.7,101903
VARDHACRLC,2004-07-23 00:00:00+05:30,9.8,9.95,9.35,9.9,152067
VARDHACRLC,2004-07-26 00:00:00+05:30,9.9,10.0,9.65,9.65,46393
VARDHACRLC,2004-07-27 00:00:00+05:30,9.8,9.8,9.0,9.0,30648
VARDHACRLC,2004-07-28 00:00:00+05:30,9.15,9.25,9.1,9.15,36150
VARDHACRLC,2004-07-29 00:00:00+05:30,9.3,9.4,8.85,9.15,36800
VARDHACRLC,2004-07-30 00:00:00+05:30,9.0,9.9,9.0,9.45,46975
VARDHACRLC,2004-08-02 00:00:00+05:30,9.75,9.8,9.0,9.0,80597
VARDHACRLC,2004-08-03 00:00:00+05:30,9.25,9.25,9.0,9.0,34268
VARDHACRLC,2004-08-04 00:00:00+05:30,9.2,9.2,8.75,8.9,36527
VARDHACRLC,2004-08-05 00:00:00+05:30,9.05,9.2,8.95,9.1,66381
VARDHACRLC,2004-08-06 00:00:00+05:30,8.75,9.5,8.75,9.05,65682
VARDHACRLC,2004-08-09 00:00:00+05:30,9.35,9.6,8.9,9.45,58196
VARDHACRLC,2004-08-10 00:00:00+05:30,9.5,10.0,9.4,9.7,126353
VARDHACRLC,2004-08-11 00:00:00+05:30,10.05,10.05,9.0,9.05,160291
VARDHACRLC,2004-08-12 00:00:00+05:30,9.25,9.3,9.0,9.1,92850
VARDHACRLC,2004-08-13 00:00:00+05:30,9.2,9.45,9.1,9.4,47851
VARDHACRLC,2004-08-16 00:00:00+05:30,9.2,9.45,9.1,9.4,47851
VARDHACRLC,2004-08-17 00:00:00+05:30,9.25,9.3,9.15,9.2,59120
VARDHACRLC,2004-08-18 00:00:00+05:30,9.25,9.45,9.2,9.25,33700
VARDHACRLC,2004-08-19 00:00:00+05:30,9.4,9.5,9.15,9.25,65095
VARDHACRLC,2004-08-20 00:00:00+05:30,9.25,9.35,9.15,9.15,17970
VARDHACRLC,2004-08-23 00:00:00+05:30,9.2,9.3,9.1,9.15,18800
VARDHACRLC,2004-08-24 00:00:00+05:30,9.25,9.3,9.15,9.15,17990
VARDHACRLC,2004-08-25 00:00:00+05:30,9.15,9.25,9.05,9.1,19650
VARDHACRLC,2004-08-26 00:00:00+05:30,9.1,9.3,9.0,9.0,41200
VARDHACRLC,2004-08-27 00:00:00+05:30,9.1,9.4,9.0,9.25,57690
VARDHACRLC,2004-08-30 00:00:00+05:30,9.4,9.8,9.25,9.6,96100
VARDHACRLC,2004-08-31 00:00:00+05:30,9.65,9.75,9.5,9.65,79663
VARDHACRLC,2004-09-01 00:00:00+05:30,9.7,10.05,9.65,9.85,153199
VARDHACRLC,2004-09-02 00:00:00+05:30,9.9,9.9,9.3,9.35,63242
VARDHACRLC,2004-09-03 00:00:00+05:30,9.4,9.8,9.3,9.65,63770
VARDHACRLC,2004-09-06 00:00:00+05:30,9.7,10.1,9.7,9.95,183023
VARDHACRLC,2004-09-07 00:00:00+05:30,9.85,10.05,9.85,10.0,151661
VARDHACRLC,2004-09-08 00:00:00+05:30,10.15,10.8,10.0,10.45,273148
VARDHACRLC,2004-09-09 00:00:00+05:30,10.5,10.9,10.1,10.3,156915
VARDHACRLC,2004-09-10 00:00:00+05:30,10.4,10.55,10.2,10.45,115034
VARDHACRLC,2004-09-13 00:00:00+05:30,10.1,10.65,10.1,10.35,102612
VARDHACRLC,2004-09-14 00:00:00+05:30,10.35,10.55,10.3,10.45,105711
VARDHACRLC,2004-09-15 00:00:00+05:30,10.45,10.5,10.0,10.05,92654
VARDHACRLC,2004-09-16 00:00:00+05:30,10.35,10.4,10.0,10.25,49258
VARDHACRLC,2004-09-17 00:00:00+05:30,10.35,10.35,10.2,10.25,72904
VARDHACRLC,2004-09-20 00:00:00+05:30,10.25,10.5,10.2,10.2,96183
VARDHACRLC,2004-09-21 00:00:00+05:30,10.3,10.85,10.25,10.4,221154
VARDHACRLC,2004-09-22 00:00:00+05:30,10.6,10.75,10.4,10.45,126013
VARDHACRLC,2004-09-23 00:00:00+05:30,10.45,10.6,10.25,10.35,82791
VARDHACRLC,2004-09-24 00:00:00+05:30,10.3,10.6,10.3,10.4,84507
VARDHACRLC,2004-09-27 00:00:00+05:30,11.25,12.1,10.4,11.3,1135987
VARDHACRLC,2004-09-28 00:00:00+05:30,11.3,12.6,11.3,12.15,1424273
VARDHACRLC,2004-09-29 00:00:00+05:30,12.4,12.9,12.05,12.45,1133847
VARDHACRLC,2004-09-30 00:00:00+05:30,12.9,13.8,12.25,12.4,1522018
VARDHACRLC,2004-10-01 00:00:00+05:30,12.8,12.9,11.7,11.95,710156
VARDHACRLC,2004-10-04 00:00:00+05:30,12.2,12.45,11.55,11.75,697890
VARDHACRLC,2004-10-05 00:00:00+05:30,12.5,12.5,11.35,11.65,459360
VARDHACRLC,2004-10-06 00:00:00+05:30,11.8,12.5,11.6,11.85,606151
VARDHACRLC,2004-10-07 00:00:00+05:30,12.2,12.2,11.7,11.75,207355
VARDHACRLC,2004-10-08 00:00:00+05:30,11.95,12.9,11.6,12.6,764423
VARDHACRLC,2004-10-11 00:00:00+05:30,13.0,13.65,12.5,12.55,900022
VARDHACRLC,2004-10-12 00:00:00+05:30,12.7,12.9,11.9,12.05,355002
VARDHACRLC,2004-10-14 00:00:00+05:30,12.1,12.25,11.7,12.05,248000
VARDHACRLC,2004-10-15 00:00:00+05:30,12.2,12.3,11.6,11.7,174105
VARDHACRLC,2004-10-18 00:00:00+05:30,12.0,12.35,11.55,11.65,231691
VARDHACRLC,2004-10-19 00:00:00+05:30,11.7,11.9,11.5,11.8,210011
VARDHACRLC,2004-10-20 00:00:00+05:30,11.9,12.0,11.5,11.55,196575
VARDHACRLC,2004-10-21 00:00:00+05:30,11.8,12.4,11.75,12.0,361287
VARDHACRLC,2004-10-25 00:00:00+05:30,12.25,12.25,11.6,11.7,200437
VARDHACRLC,2004-10-26 00:00:00+05:30,11.95,12.4,11.9,12.0,393324
VARDHACRLC,2004-10-27 00:00:00+05:30,11.9,12.2,11.9,11.95,262370
VARDHACRLC,2004-10-28 00:00:00+05:30,12.25,12.25,11.95,11.95,238765
VARDHACRLC,2004-10-29 00:00:00+05:30,12.0,12.15,11.95,11.95,155666
VARDHACRLC,2004-11-01 00:00:00+05:30,12.0,12.1,11.9,12.0,202184
VARDHACRLC,2004-11-02 00:00:00+05:30,12.05,12.4,12.0,12.05,247511
VARDHACRLC,2004-11-03 00:00:00+05:30,12.2,12.65,12.1,12.15,391393
VARDHACRLC,2004-11-04 00:00:00+05:30,12.4,12.4,12.05,12.1,281493
VARDHACRLC,2004-11-05 00:00:00+05:30,12.05,12.25,12.0,12.1,352808
VARDHACRLC,2004-11-08 00:00:00+05:30,12.0,12.45,11.8,11.95,360894
VARDHACRLC,2004-11-09 00:00:00+05:30,12.0,12.1,11.75,11.85,165293
VARDHACRLC,2004-11-10 00:00:00+05:30,11.8,12.2,11.8,11.9,240896
VARDHACRLC,2004-11-11 00:00:00+05:30,12.0,12.15,11.85,11.9,310492
VARDHACRLC,2004-11-12 00:00:00+05:30,12.1,12.9,11.95,12.0,83491
VARDHACRLC,2004-11-16 00:00:00+05:30,12.0,13.25,11.9,12.9,722905
VARDHACRLC,2004-11-17 00:00:00+05:30,13.1,13.35,12.9,12.95,764671
VARDHACRLC,2004-11-18 00:00:00+05:30,13.3,13.6,12.9,13.1,649327
VARDHACRLC,2004-11-19 00:00:00+05:30,13.2,13.55,12.7,12.8,835173
VARDHACRLC,2004-11-22 00:00:00+05:30,12.1,13.25,12.1,13.15,345964
VARDHACRLC,2004-11-23 00:00:00+05:30,15.8,15.8,13.0,13.4,551634
VARDHACRLC,2004-11-24 00:00:00+05:30,13.5,14.35,13.5,14.2,1616197
VARDHACRLC,2004-11-25 00:00:00+05:30,14.75,14.8,14.05,14.35,1509969
VARDHACRLC,2004-11-29 00:00:00+05:30,14.9,15.4,14.4,14.45,794549
VARDHACRLC,2004-11-30 00:00:00+05:30,14.45,14.6,13.1,13.35,667128
VARDHACRLC,2004-12-01 00:00:00+05:30,13.2,13.6,13.0,13.1,426503
VARDHACRLC,2004-12-02 00:00:00+05:30,13.4,13.55,12.95,13.05,523060
VARDHACRLC,2004-12-03 00:00:00+05:30,13.75,13.75,12.95,13.0,477117
VARDHACRLC,2004-12-06 00:00:00+05:30,13.35,13.5,12.95,13.1,620406
VARDHACRLC,2004-12-07 00:00:00+05:30,13.3,13.6,12.75,12.85,747083
VARDHACRLC,2004-12-08 00:00:00+05:30,12.9,13.1,12.4,12.5,519696
VARDHACRLC,2004-12-09 00:00:00+05:30,12.6,12.9,12.2,12.3,584584
VARDHACRLC,2004-12-10 00:00:00+05:30,12.8,14.5,12.4,13.9,3182276
VARDHACRLC,2004-12-13 00:00:00+05:30,13.8,13.95,13.2,13.35,1098792
VARDHACRLC,2004-12-14 00:00:00+05:30,13.85,13.95,13.25,13.45,1040287
VARDHACRLC,2004-12-15 00:00:00+05:30,13.65,13.7,13.0,13.1,1106569
VARDHACRLC,2004-12-16 00:00:00+05:30,13.3,13.4,12.95,13.0,782472
VARDHACRLC,2004-12-17 00:00:00+05:30,13.3,14.6,13.15,13.7,2851523
VARDHACRLC,2004-12-20 00:00:00+05:30,14.8,15.3,14.4,14.6,4901491
VARDHACRLC,2004-12-21 00:00:00+05:30,14.9,15.2,14.75,14.8,2623050
VARDHACRLC,2004-12-22 00:00:00+05:30,15.0,15.35,14.65,14.8,2596540
VARDHACRLC,2004-12-23 00:00:00+05:30,15.0,15.25,14.7,14.8,2027682
VARDHACRLC,2004-12-24 00:00:00+05:30,15.0,15.25,14.8,14.95,2051819
VARDHACRLC,2004-12-27 00:00:00+05:30,15.05,17.95,15.05,17.75,8008690
VARDHACRLC,2004-12-28 00:00:00+05:30,18.0,19.3,18.0,18.6,6266886
VARDHACRLC,2004-12-29 00:00:00+05:30,18.9,19.1,16.6,17.15,3458014
VARDHACRLC,2004-12-30 00:00:00+05:30,17.35,17.75,16.25,16.5,1888758
VARDHACRLC,2004-12-31 00:00:00+05:30,16.5,17.3,16.5,17.1,2247295
VARDHACRLC,2005-01-03 00:00:00+05:30,17.55,18.9,17.4,18.3,2972609
VARDHACRLC,2005-01-04 00:00:00+05:30,18.9,19.1,17.8,18.25,2315018
VARDHACRLC,2005-01-05 00:00:00+05:30,18.3,18.5,15.8,17.15,1978330
VARDHACRLC,2005-01-06 00:00:00+05:30,17.5,17.5,15.65,16.2,1521869
VARDHACRLC,2005-01-07 00:00:00+05:30,16.3,17.0,16.15,16.8,881236
VARDHACRLC,2005-01-10 00:00:00+05:30,17.25,17.9,16.75,16.9,1314482
VARDHACRLC,2005-01-11 00:00:00+05:30,17.1,17.2,15.85,16.0,715325
VARDHACRLC,2005-01-12 00:00:00+05:30,16.05,16.55,14.9,15.05,1585281
VARDHACRLC,2005-01-13 00:00:00+05:30,14.75,16.0,14.75,15.5,850821
VARDHACRLC,2005-01-14 00:00:00+05:30,15.6,15.85,15.0,15.05,660411
VARDHACRLC,2005-01-17 00:00:00+05:30,15.65,15.65,14.25,14.45,564270
VARDHACRLC,2005-01-18 00:00:00+05:30,14.8,15.2,14.55,14.65,575173
VARDHACRLC,2005-01-19 00:00:00+05:30,14.7,15.0,14.65,14.85,512259
VARDHACRLC,2005-01-20 00:00:00+05:30,14.6,14.8,14.25,14.3,354099
VARDHACRLC,2005-01-24 00:00:00+05:30,14.85,14.85,14.05,14.15,352084
VARDHACRLC,2005-01-25 00:00:00+05:30,14.25,14.65,14.15,14.4,410763
VARDHACRLC,2005-01-27 00:00:00+05:30,14.5,16.25,14.4,15.5,2024070
VARDHACRLC,2005-01-28 00:00:00+05:30,15.4,15.8,15.2,15.4,791192
VARDHACRLC,2005-01-31 00:00:00+05:30,15.75,15.95,15.0,15.3,648425
VARDHACRLC,2005-02-01 00:00:00+05:30,15.6,15.7,15.05,15.15,498398
VARDHACRLC,2005-02-02 00:00:00+05:30,15.45,15.65,15.0,15.3,994523
VARDHACRLC,2005-02-03 00:00:00+05:30,15.5,15.85,15.25,15.7,1005565
VARDHACRLC,2005-02-04 00:00:00+05:30,15.9,16.8,15.65,16.55,2718518
VARDHACRLC,2005-02-07 00:00:00+05:30,16.9,17.0,16.15,16.3,1696443
VARDHACRLC,2005-02-08 00:00:00+05:30,16.6,16.6,16.05,16.15,827727
VARDHACRLC,2005-02-09 00:00:00+05:30,16.3,16.55,15.8,15.95,900300
VARDHACRLC,2005-02-10 00:00:00+05:30,16.1,16.45,15.75,15.9,1039796
VARDHACRLC,2005-02-11 00:00:00+05:30,16.25,16.4,15.8,15.85,798894
VARDHACRLC,2005-02-14 00:00:00+05:30,16.2,16.25,15.55,15.65,916979
VARDHACRLC,2005-02-15 00:00:00+05:30,15.8,15.85,15.15,15.3,768074
VARDHACRLC,2005-02-16 00:00:00+05:30,15.4,15.65,14.8,14.9,813695
VARDHACRLC,2005-02-17 00:00:00+05:30,14.9,15.15,14.7,14.9,567607
VARDHACRLC,2005-02-18 00:00:00+05:30,15.45,15.55,14.95,15.05,757418
VARDHACRLC,2005-02-21 00:00:00+05:30,15.25,15.4,14.55,14.7,729429
VARDHACRLC,2005-02-22 00:00:00+05:30,15.0,15.45,14.8,15.1,973341
VARDHACRLC,2005-02-23 00:00:00+05:30,15.0,15.5,15.0,15.15,910124
VARDHACRLC,2005-02-24 00:00:00+05:30,15.15,15.45,15.15,15.25,952757
VARDHACRLC,2005-02-25 00:00:00+05:30,15.35,15.7,15.2,15.35,1699270
VARDHACRLC,2005-02-28 00:00:00+05:30,15.9,16.3,15.3,15.5,2246335
VARDHACRLC,2005-03-01 00:00:00+05:30,15.75,15.75,14.75,14.95,943313
VARDHACRLC,2005-03-02 00:00:00+05:30,15.15,15.25,14.8,14.95,771113
VARDHACRLC,2005-03-03 00:00:00+05:30,15.2,15.45,15.0,15.25,1080730
VARDHACRLC,2005-03-04 00:00:00+05:30,15.6,15.65,15.15,15.35,1169890
VARDHACRLC,2005-03-07 00:00:00+05:30,15.35,15.5,15.1,15.15,822101
VARDHACRLC,2005-03-08 00:00:00+05:30,15.15,15.25,14.75,14.9,773394
VARDHACRLC,2005-03-09 00:00:00+05:30,15.2,15.2,14.4,14.75,640256
VARDHACRLC,2005-03-10 00:00:00+05:30,14.75,15.0,14.35,14.45,675254
VARDHACRLC,2005-03-11 00:00:00+05:30,14.6,14.9,14.2,14.35,605282
VARDHACRLC,2005-03-14 00:00:00+05:30,14.5,14.6,13.95,14.0,579488
VARDHACRLC,2005-03-15 00:00:00+05:30,14.15,14.25,13.4,13.45,728033
VARDHACRLC,2005-03-16 00:00:00+05:30,13.55,14.4,13.55,14.05,979339
VARDHACRLC,2005-03-17 00:00:00+05:30,14.25,14.75,14.1,14.4,865462
VARDHACRLC,2005-03-18 00:00:00+05:30,14.65,14.65,14.0,14.05,570413
VARDHACRLC,2005-03-21 00:00:00+05:30,14.05,14.4,13.9,14.1,433855
VARDHACRLC,2005-03-22 00:00:00+05:30,14.05,14.15,13.35,13.45,433119
VARDHACRLC,2005-03-23 00:00:00+05:30,13.5,13.75,13.1,13.2,354683
VARDHACRLC,2005-03-24 00:00:00+05:30,13.15,13.4,12.9,12.95,796451
VARDHACRLC,2005-03-28 00:00:00+05:30,13.25,13.25,12.8,12.9,483076
VARDHACRLC,2005-03-29 00:00:00+05:30,13.0,13.0,12.25,12.3,593359
VARDHACRLC,2005-03-30 00:00:00+05:30,12.7,13.5,12.1,13.2,477580
VARDHACRLC,2005-03-31 00:00:00+05:30,13.5,13.7,13.05,13.15,575286
VARDHACRLC,2005-04-01 00:00:00+05:30,13.3,13.9,13.25,13.85,341815
VARDHACRLC,2005-04-04 00:00:00+05:30,14.15,14.25,13.6,14.15,409199
VARDHACRLC,2005-04-05 00:00:00+05:30,14.15,14.25,13.75,14.1,386512
VARDHACRLC,2005-04-06 00:00:00+05:30,14.2,14.4,13.8,14.1,298799
VARDHACRLC,2005-04-07 00:00:00+05:30,14.25,14.95,14.05,14.75,915596
VARDHACRLC,2005-04-08 00:00:00+05:30,14.9,15.0,14.4,14.65,462075
VARDHACRLC,2005-04-11 00:00:00+05:30,14.65,14.75,14.05,14.15,232681
VARDHACRLC,2005-04-12 00:00:00+05:30,14.35,14.4,14.1,14.15,166854
VARDHACRLC,2005-04-13 00:00:00+05:30,14.05,14.4,13.5,13.9,226275
VARDHACRLC,2005-04-15 00:00:00+05:30,13.0,13.9,13.0,13.75,196361
VARDHACRLC,2005-04-18 00:00:00+05:30,13.7,13.7,13.25,13.4,215628
VARDHACRLC,2005-04-19 00:00:00+05:30,13.8,14.0,13.05,13.15,241138
VARDHACRLC,2005-04-20 00:00:00+05:30,13.25,13.6,13.2,13.5,201102
VARDHACRLC,2005-04-21 00:00:00+05:30,13.55,14.1,13.35,13.9,338917
VARDHACRLC,2005-04-22 00:00:00+05:30,14.2,14.2,13.7,13.8,213610
VARDHACRLC,2005-04-25 00:00:00+05:30,14.0,14.0,13.55,13.75,183957
VARDHACRLC,2005-04-26 00:00:00+05:30,13.8,14.15,13.8,14.1,300873
VARDHACRLC,2005-04-27 00:00:00+05:30,14.0,14.25,13.8,13.85,199350
VARDHACRLC,2005-04-28 00:00:00+05:30,13.9,14.0,13.5,13.55,150312
VARDHACRLC,2005-04-29 00:00:00+05:30,13.8,13.8,13.15,13.25,144049
VARDHACRLC,2005-05-02 00:00:00+05:30,13.4,13.45,13.05,13.15,120903
VARDHACRLC,2005-05-03 00:00:00+05:30,13.05,13.4,12.9,12.95,213774
VARDHACRLC,2005-05-04 00:00:00+05:30,13.05,13.25,13.05,13.15,140552
VARDHACRLC,2005-05-05 00:00:00+05:30,13.15,13.6,13.15,13.3,166104
VARDHACRLC,2005-05-06 00:00:00+05:30,13.3,13.4,13.15,13.3,123784
VARDHACRLC,2005-05-09 00:00:00+05:30,13.5,13.55,13.25,13.3,164188
VARDHACRLC,2005-05-10 00:00:00+05:30,13.4,13.65,13.25,13.5,186441
VARDHACRLC,2005-05-11 00:00:00+05:30,13.1,13.45,13.1,13.3,403657
VARDHACRLC,2005-05-12 00:00:00+05:30,13.3,13.95,13.3,13.65,353237
VARDHACRLC,2005-05-13 00:00:00+05:30,13.65,14.5,13.6,14.3,844582
VARDHACRLC,2005-05-16 00:00:00+05:30,14.5,15.7,14.5,15.1,1496676
VARDHACRLC,2005-05-17 00:00:00+05:30,15.3,15.75,15.1,15.2,1714482
VARDHACRLC,2005-05-18 00:00:00+05:30,15.2,15.5,14.85,15.3,703926
VARDHACRLC,2005-05-19 00:00:00+05:30,15.5,16.8,15.4,16.15,2831236
VARDHACRLC,2005-05-20 00:00:00+05:30,16.35,16.8,15.5,16.3,1362687
VARDHACRLC,2005-05-23 00:00:00+05:30,16.4,17.25,16.4,17.05,2449348
VARDHACRLC,2005-05-24 00:00:00+05:30,17.35,17.35,16.35,16.55,1186749
VARDHACRLC,2005-05-25 00:00:00+05:30,16.55,16.95,16.1,16.2,985580
VARDHACRLC,2005-05-26 00:00:00+05:30,16.4,16.5,15.4,15.5,806009
VARDHACRLC,2005-05-27 00:00:00+05:30,15.75,15.95,14.9,15.05,626014
VARDHACRLC,2005-05-30 00:00:00+05:30,15.35,15.8,15.0,15.2,630589
VARDHACRLC,2005-05-31 00:00:00+05:30,15.1,15.45,15.1,15.4,431233
VARDHACRLC,2005-06-01 00:00:00+05:30,15.45,15.9,15.3,15.55,504848
VARDHACRLC,2005-06-02 00:00:00+05:30,15.65,15.65,15.15,15.2,462911
VARDHACRLC,2005-06-03 00:00:00+05:30,15.3,15.5,15.05,15.15,572882
VARDHACRLC,2005-06-06 00:00:00+05:30,15.1,15.25,14.85,14.95,518733
VARDHACRLC,2005-06-07 00:00:00+05:30,15.1,15.4,14.95,15.0,441356
VARDHACRLC,2005-06-08 00:00:00+05:30,15.5,16.1,15.1,15.95,1637144
VARDHACRLC,2005-06-09 00:00:00+05:30,16.35,17.05,16.05,16.25,2775875
VARDHACRLC,2005-06-10 00:00:00+05:30,16.9,16.9,16.0,16.1,1241708
VARDHACRLC,2005-06-13 00:00:00+05:30,16.35,16.35,15.7,15.75,724250
VARDHACRLC,2005-06-14 00:00:00+05:30,15.75,16.5,15.7,15.95,874327
VARDHACRLC,2005-06-15 00:00:00+05:30,16.15,16.15,15.65,15.7,554816
VARDHACRLC,2005-06-16 00:00:00+05:30,15.7,15.75,14.75,15.0,773430
VARDHACRLC,2005-06-17 00:00:00+05:30,15.0,15.2,14.75,14.8,506478
VARDHACRLC,2005-06-20 00:00:00+05:30,15.0,15.0,14.0,14.1,630298
VARDHACRLC,2005-06-21 00:00:00+05:30,13.9,14.45,13.75,14.3,364464
VARDHACRLC,2005-06-22 00:00:00+05:30,14.3,14.5,14.0,14.35,412525
VARDHACRLC,2005-06-23 00:00:00+05:30,14.15,14.4,14.05,14.1,305807
VARDHACRLC,2005-06-24 00:00:00+05:30,14.1,14.6,14.0,14.3,304551
VARDHACRLC,2005-06-27 00:00:00+05:30,14.5,14.8,14.2,14.25,433360
VARDHACRLC,2005-06-28 00:00:00+05:30,14.5,14.5,13.85,13.95,243721
VARDHACRLC,2005-06-29 00:00:00+05:30,13.85,14.15,13.8,13.85,198841
VARDHACRLC,2005-06-30 00:00:00+05:30,14.0,14.2,13.9,14.0,632339
VARDHACRLC,2005-07-01 00:00:00+05:30,14.1,14.3,13.95,14.1,224003
VARDHACRLC,2005-07-04 00:00:00+05:30,14.15,14.3,13.9,13.95,492878
VARDHACRLC,2005-07-05 00:00:00+05:30,14.1,14.1,13.5,13.6,488473
VARDHACRLC,2005-07-06 00:00:00+05:30,13.7,13.95,13.7,13.9,308177
VARDHACRLC,2005-07-07 00:00:00+05:30,13.95,14.1,13.7,13.75,363487
VARDHACRLC,2005-07-08 00:00:00+05:30,13.8,14.0,13.7,13.8,221395
VARDHACRLC,2005-07-11 00:00:00+05:30,13.0,14.1,13.0,13.5,674692
VARDHACRLC,2005-07-12 00:00:00+05:30,13.65,13.75,13.35,13.5,396425
VARDHACRLC,2005-07-13 00:00:00+05:30,13.6,13.85,13.35,13.6,621733
VARDHACRLC,2005-07-14 00:00:00+05:30,13.7,14.4,13.5,13.8,924699
VARDHACRLC,2005-07-15 00:00:00+05:30,13.95,14.2,13.8,14.05,782062
VARDHACRLC,2005-07-18 00:00:00+05:30,14.25,14.9,14.25,14.8,983926
VARDHACRLC,2005-07-19 00:00:00+05:30,14.9,15.5,14.8,15.15,1360287
VARDHACRLC,2005-07-20 00:00:00+05:30,14.7,15.8,14.7,15.35,1546369
VARDHACRLC,2005-07-21 00:00:00+05:30,15.35,15.7,14.15,14.45,1657681
VARDHACRLC,2005-07-22 00:00:00+05:30,14.4,15.2,13.95,14.8,1942991
VARDHACRLC,2005-07-25 00:00:00+05:30,15.0,15.2,14.35,14.45,963515
VARDHACRLC,2005-07-26 00:00:00+05:30,14.5,14.5,14.15,14.25,448112
VARDHACRLC,2005-07-27 00:00:00+05:30,14.25,15.95,14.1,14.2,318434
VARDHACRLC,2005-07-29 00:00:00+05:30,14.2,14.4,14.05,14.15,300703
VARDHACRLC,2005-08-01 00:00:00+05:30,14.25,14.45,14.05,14.2,234939
VARDHACRLC,2005-08-02 00:00:00+05:30,14.05,14.45,14.0,14.05,500423
VARDHACRLC,2005-08-03 00:00:00+05:30,14.3,14.5,14.0,14.1,436856
VARDHACRLC,2005-08-04 00:00:00+05:30,14.15,14.4,14.1,14.15,338971
VARDHACRLC,2005-08-05 00:00:00+05:30,14.15,14.35,14.0,14.25,330799
VARDHACRLC,2005-08-08 00:00:00+05:30,14.35,14.4,13.9,13.95,367071
VARDHACRLC,2005-08-09 00:00:00+05:30,14.1,14.9,13.85,14.1,656574
VARDHACRLC,2005-08-10 00:00:00+05:30,14.25,14.5,14.1,14.2,410405
VARDHACRLC,2005-08-11 00:00:00+05:30,14.3,14.6,14.25,14.3,597767
VARDHACRLC,2005-08-12 00:00:00+05:30,13.0,14.6,12.15,14.3,704556
VARDHACRLC,2005-08-16 00:00:00+05:30,14.4,14.4,14.1,14.2,362145
VARDHACRLC,2005-08-17 00:00:00+05:30,14.35,14.7,14.25,14.55,784709
VARDHACRLC,2005-08-18 00:00:00+05:30,14.7,15.4,14.55,14.85,2217967
VARDHACRLC,2005-08-19 00:00:00+05:30,15.1,15.85,15.0,15.7,2816285
VARDHACRLC,2005-08-22 00:00:00+05:30,16.0,16.6,15.75,15.95,2736485
VARDHACRLC,2005-08-23 00:00:00+05:30,16.2,16.4,15.2,15.3,1615756
VARDHACRLC,2005-08-24 00:00:00+05:30,15.3,15.45,14.8,15.0,792751
VARDHACRLC,2005-08-25 00:00:00+05:30,15.0,15.85,14.85,15.6,771175
VARDHACRLC,2005-08-26 00:00:00+05:30,15.6,15.9,15.25,15.65,639481
VARDHACRLC,2005-08-29 00:00:00+05:30,15.95,16.4,15.35,16.15,1639419
VARDHACRLC,2005-08-30 00:00:00+05:30,16.4,18.15,16.3,17.8,6789212
VARDHACRLC,2005-08-31 00:00:00+05:30,18.0,18.25,17.35,17.5,4079999
VARDHACRLC,2005-09-01 00:00:00+05:30,17.9,17.9,17.4,17.5,2181684
VARDHACRLC,2005-09-02 00:00:00+05:30,17.6,17.9,16.75,17.1,1495811
VARDHACRLC,2005-09-05 00:00:00+05:30,17.9,17.9,16.75,16.85,1126916
VARDHACRLC,2005-09-06 00:00:00+05:30,17.9,17.9,16.65,16.8,1062987
VARDHACRLC,2005-09-08 00:00:00+05:30,17.0,17.2,16.65,16.7,1038709
VARDHACRLC,2005-09-09 00:00:00+05:30,16.8,16.95,16.1,16.25,891993
VARDHACRLC,2005-09-12 00:00:00+05:30,16.25,16.9,16.15,16.55,1112728
VARDHACRLC,2005-09-13 00:00:00+05:30,16.8,16.8,16.25,16.5,890523
VARDHACRLC,2005-09-14 00:00:00+05:30,16.6,16.6,15.55,15.85,926811
VARDHACRLC,2005-09-15 00:00:00+05:30,15.95,16.75,15.85,16.35,1011949
VARDHACRLC,2005-09-16 00:00:00+05:30,16.55,17.95,16.05,16.3,868923
VARDHACRLC,2005-09-19 00:00:00+05:30,16.5,16.6,16.05,16.1,767741
VARDHACRLC,2005-09-20 00:00:00+05:30,16.0,16.1,15.55,15.8,760222
VARDHACRLC,2005-09-21 00:00:00+05:30,15.8,15.8,14.1,15.15,1256072
VARDHACRLC,2005-09-22 00:00:00+05:30,15.2,15.2,14.0,14.1,1002911
VARDHACRLC,2005-09-23 00:00:00+05:30,14.35,14.45,13.6,14.25,616671
VARDHACRLC,2005-09-26 00:00:00+05:30,13.15,14.75,13.15,14.65,525823
VARDHACRLC,2005-09-27 00:00:00+05:30,14.75,14.95,14.3,14.75,427961
VARDHACRLC,2005-09-28 00:00:00+05:30,14.9,14.9,14.0,14.5,274011
VARDHACRLC,2005-09-29 00:00:00+05:30,14.35,14.7,14.05,14.1,359665
VARDHACRLC,2005-09-30 00:00:00+05:30,14.2,14.4,13.7,13.95,462392
VARDHACRLC,2005-10-03 00:00:00+05:30,14.4,14.5,13.7,14.0,300362
VARDHACRLC,2005-10-04 00:00:00+05:30,14.0,14.4,14.0,14.1,264688
VARDHACRLC,2005-10-05 00:00:00+05:30,14.4,14.4,13.8,13.9,234959
VARDHACRLC,2005-10-06 00:00:00+05:30,13.6,14.35,13.6,13.8,362238
VARDHACRLC,2005-10-07 00:00:00+05:30,14.0,14.0,13.65,13.8,277681
VARDHACRLC,2005-10-10 00:00:00+05:30,13.9,14.0,13.6,13.7,202949
VARDHACRLC,2005-10-11 00:00:00+05:30,13.85,13.9,13.35,13.5,201694
VARDHACRLC,2005-10-13 00:00:00+05:30,13.55,13.8,13.2,13.35,238714
VARDHACRLC,2005-10-14 00:00:00+05:30,13.25,13.4,12.95,12.95,279254
VARDHACRLC,2005-10-17 00:00:00+05:30,12.8,12.8,12.0,12.2,501535
VARDHACRLC,2005-10-18 00:00:00+05:30,12.25,12.45,12.0,12.05,328580
VARDHACRLC,2005-10-19 00:00:00+05:30,11.0,12.05,11.0,11.1,516589
VARDHACRLC,2005-10-20 00:00:00+05:30,11.45,11.55,10.5,10.75,437366
VARDHACRLC,2005-10-21 00:00:00+05:30,11.2,11.2,10.5,10.95,274063
VARDHACRLC,2005-10-24 00:00:00+05:30,10.85,11.1,10.6,10.8,162817
VARDHACRLC,2005-10-25 00:00:00+05:30,10.95,11.2,10.75,11.0,192408
VARDHACRLC,2005-10-26 00:00:00+05:30,11.0,11.0,10.8,10.9,139209
VARDHACRLC,2005-10-27 00:00:00+05:30,11.0,11.0,10.8,10.95,124336
VARDHACRLC,2005-10-28 00:00:00+05:30,10.8,11.0,10.4,10.55,169917
VARDHACRLC,2005-10-31 00:00:00+05:30,10.6,10.75,10.25,10.4,105664
VARDHACRLC,2005-11-01 00:00:00+05:30,10.65,11.0,10.6,10.85,65784
VARDHACRLC,2005-11-02 00:00:00+05:30,11.0,11.0,10.55,10.95,96530
VARDHACRLC,2005-11-07 00:00:00+05:30,11.0,11.3,11.0,11.2,201974
VARDHACRLC,2005-11-08 00:00:00+05:30,11.25,11.9,11.2,11.7,364037
VARDHACRLC,2005-11-09 00:00:00+05:30,11.95,11.95,11.3,11.5,181223
VARDHACRLC,2005-11-10 00:00:00+05:30,11.6,11.85,11.45,11.7,108292
VARDHACRLC,2005-11-11 00:00:00+05:30,11.85,12.1,11.6,11.9,191042
VARDHACRLC,2005-11-14 00:00:00+05:30,11.95,12.3,11.8,12.0,134023
VARDHACRLC,2005-11-16 00:00:00+05:30,12.1,12.15,11.85,11.9,73930
VARDHACRLC,2005-11-17 00:00:00+05:30,11.8,11.95,11.7,11.75,78366
VARDHACRLC,2005-11-18 00:00:00+05:30,11.75,11.95,11.55,11.65,123942
VARDHACRLC,2005-11-21 00:00:00+05:30,11.7,11.8,11.25,11.45,113778
VARDHACRLC,2005-11-22 00:00:00+05:30,11.5,11.5,10.85,11.0,175323
VARDHACRLC,2005-11-23 00:00:00+05:30,11.0,11.25,10.65,10.85,163278
VARDHACRLC,2005-11-24 00:00:00+05:30,11.1,11.1,10.7,10.85,90863
VARDHACRLC,2005-11-25 00:00:00+05:30,11.35,11.4,10.75,10.85,122090
VARDHACRLC,2005-11-28 00:00:00+05:30,11.0,11.15,10.8,10.9,140565
VARDHACRLC,2005-11-29 00:00:00+05:30,10.2,11.0,10.2,10.7,108852
VARDHACRLC,2005-11-30 00:00:00+05:30,10.9,10.95,10.7,10.75,128742
VARDHACRLC,2005-12-01 00:00:00+05:30,10.95,10.95,10.6,10.75,58128
VARDHACRLC,2005-12-02 00:00:00+05:30,10.85,10.9,10.6,10.65,144890
VARDHACRLC,2005-12-05 00:00:00+05:30,10.65,10.8,10.5,10.6,75149
VARDHACRLC,2005-12-06 00:00:00+05:30,10.65,10.75,10.55,10.6,53602
VARDHACRLC,2005-12-07 00:00:00+05:30,10.7,10.85,10.45,10.5,77794
VARDHACRLC,2005-12-08 00:00:00+05:30,10.5,10.7,10.25,10.55,95003
VARDHACRLC,2005-12-09 00:00:00+05:30,10.7,10.8,10.6,10.65,135161
VARDHACRLC,2005-12-12 00:00:00+05:30,10.6,10.75,10.4,10.45,131313
VARDHACRLC,2005-12-13 00:00:00+05:30,10.5,10.55,10.3,10.4,163511
VARDHACRLC,2005-12-14 00:00:00+05:30,10.25,10.5,10.25,10.4,118830
VARDHACRLC,2005-12-15 00:00:00+05:30,10.4,10.65,10.4,10.45,173325
VARDHACRLC,2005-12-16 00:00:00+05:30,10.45,10.45,10.25,10.3,109222
VARDHACRLC,2005-12-19 00:00:00+05:30,10.9,11.0,10.05,10.1,210675
VARDHACRLC,2005-12-20 00:00:00+05:30,10.35,10.35,10.05,10.1,134590
VARDHACRLC,2005-12-21 00:00:00+05:30,10.15,10.2,10.05,10.1,141921
VARDHACRLC,2005-12-22 00:00:00+05:30,10.1,10.2,10.0,10.05,112186
VARDHACRLC,2005-12-23 00:00:00+05:30,10.05,10.15,9.85,9.9,245833
VARDHACRLC,2005-12-26 00:00:00+05:30,9.9,10.0,9.65,9.9,144406
VARDHACRLC,2005-12-27 00:00:00+05:30,9.2,10.1,9.2,9.8,112336
VARDHACRLC,2005-12-28 00:00:00+05:30,9.95,10.5,9.8,10.0,150552
VARDHACRLC,2005-12-29 00:00:00+05:30,10.0,10.2,9.75,9.8,178166
VARDHACRLC,2005-12-30 00:00:00+05:30,9.45,10.1,9.45,10.0,150091
VARDHACRLC,2006-01-02 00:00:00+05:30,10.0,10.35,10.0,10.25,185916
VARDHACRLC,2006-01-03 00:00:00+05:30,10.35,10.65,10.35,10.5,460717
VARDHACRLC,2006-01-04 00:00:00+05:30,10.85,10.85,10.4,10.5,313097
VARDHACRLC,2006-01-05 00:00:00+05:30,10.5,10.5,10.2,10.25,175981
VARDHACRLC,2006-01-06 00:00:00+05:30,10.15,10.45,10.15,10.3,150558
VARDHACRLC,2006-01-09 00:00:00+05:30,10.5,10.5,10.1,10.15,160405
VARDHACRLC,2006-01-10 00:00:00+05:30,10.1,10.15,10.0,10.05,111581
VARDHACRLC,2006-01-12 00:00:00+05:30,11.0,11.0,9.8,10.1,179000
VARDHACRLC,2006-01-13 00:00:00+05:30,10.2,10.25,9.9,9.95,188164
VARDHACRLC,2006-01-16 00:00:00+05:30,10.0,10.05,9.85,9.85,95217
VARDHACRLC,2006-01-17 00:00:00+05:30,10.35,10.35,9.55,9.65,260432
VARDHACRLC,2006-01-18 00:00:00+05:30,9.7,9.75,9.4,9.65,106222
VARDHACRLC,2006-01-19 00:00:00+05:30,9.8,9.85,9.5,9.65,154725
VARDHACRLC,2006-01-20 00:00:00+05:30,9.8,9.8,9.5,9.55,147304
VARDHACRLC,2006-01-23 00:00:00+05:30,9.65,9.65,9.45,9.5,155826
VARDHACRLC,2006-01-24 00:00:00+05:30,9.5,9.65,9.15,9.3,245120
VARDHACRLC,2006-01-25 00:00:00+05:30,9.3,9.45,9.05,9.2,185661
VARDHACRLC,2006-01-27 00:00:00+05:30,9.35,9.4,9.0,9.2,237204
VARDHACRLC,2006-01-30 00:00:00+05:30,9.25,9.3,8.9,9.2,148743
VARDHACRLC,2006-01-31 00:00:00+05:30,9.05,9.25,8.95,9.1,145397
VARDHACRLC,2006-02-01 00:00:00+05:30,9.25,9.25,8.85,8.9,129402
VARDHACRLC,2006-02-02 00:00:00+05:30,8.5,9.0,8.5,8.7,225342
VARDHACRLC,2006-02-03 00:00:00+05:30,8.7,8.9,8.55,8.75,161354
VARDHACRLC,2006-02-06 00:00:00+05:30,8.45,8.85,8.45,8.65,202641
VARDHACRLC,2006-02-07 00:00:00+05:30,8.4,9.9,8.4,8.65,511829
VARDHACRLC,2006-02-08 00:00:00+05:30,8.35,9.2,8.35,9.05,247227
VARDHACRLC,2006-02-10 00:00:00+05:30,9.2,9.3,8.9,9.05,166605
VARDHACRLC,2006-02-13 00:00:00+05:30,8.5,9.25,8.5,8.9,94214
VARDHACRLC,2006-02-14 00:00:00+05:30,9.0,9.2,8.8,8.85,104542
VARDHACRLC,2006-02-15 00:00:00+05:30,9.05,9.05,8.75,8.9,146507
VARDHACRLC,2006-02-16 00:00:00+05:30,8.75,8.95,8.7,8.75,133961
VARDHACRLC,2006-02-17 00:00:00+05:30,8.8,8.9,8.65,8.65,107549
VARDHACRLC,2006-02-20 00:00:00+05:30,8.9,8.9,8.35,8.5,117495
VARDHACRLC,2006-02-21 00:00:00+05:30,8.7,8.7,8.35,8.35,133262
VARDHACRLC,2006-02-22 00:00:00+05:30,8.25,8.6,8.2,8.25,236502
VARDHACRLC,2006-02-23 00:00:00+05:30,8.25,8.65,8.25,8.4,159935
VARDHACRLC,2006-02-24 00:00:00+05:30,8.4,8.8,8.4,8.6,223612
VARDHACRLC,2006-02-27 00:00:00+05:30,8.9,9.15,8.75,8.85,221252
VARDHACRLC,2006-02-28 00:00:00+05:30,9.05,9.25,8.65,8.7,208827
VARDHACRLC,2006-03-01 00:00:00+05:30,9.0,9.0,8.5,8.6,182398
VARDHACRLC,2006-03-02 00:00:00+05:30,8.85,8.9,8.3,8.4,230702
VARDHACRLC,2006-03-03 00:00:00+05:30,8.4,8.4,8.2,8.25,126125
VARDHACRLC,2006-03-06 00:00:00+05:30,8.3,8.35,8.0,8.1,365191
VARDHACRLC,2006-03-07 00:00:00+05:30,7.6,8.45,7.5,8.05,515071
VARDHACRLC,2006-03-08 00:00:00+05:30,8.0,8.1,7.8,7.9,337257
VARDHACRLC,2006-03-09 00:00:00+05:30,8.0,8.0,7.6,7.75,248558
VARDHACRLC,2006-03-10 00:00:00+05:30,7.65,7.9,7.65,7.8,241085
VARDHACRLC,2006-03-13 00:00:00+05:30,7.7,7.95,7.55,7.6,428286
VARDHACRLC,2006-03-14 00:00:00+05:30,7.6,7.75,7.25,7.4,335058
VARDHACRLC,2006-03-16 00:00:00+05:30,7.2,7.8,7.15,7.2,287749
VARDHACRLC,2006-03-17 00:00:00+05:30,7.35,7.35,6.85,6.95,620844
VARDHACRLC,2006-03-20 00:00:00+05:30,7.0,7.05,6.7,6.9,559122
VARDHACRLC,2006-03-21 00:00:00+05:30,6.95,6.95,6.75,6.8,222638
VARDHACRLC,2006-03-22 00:00:00+05:30,6.7,6.8,6.6,6.6,226198
VARDHACRLC,2006-03-23 00:00:00+05:30,5.45,6.9,5.45,6.75,282374
VARDHACRLC,2006-03-24 00:00:00+05:30,6.7,6.95,6.6,6.75,272881
VARDHACRLC,2006-03-27 00:00:00+05:30,6.8,7.65,6.75,7.6,597480
VARDHACRLC,2006-03-28 00:00:00+05:30,7.85,7.95,7.05,7.1,379098
VARDHACRLC,2006-03-29 00:00:00+05:30,7.1,7.3,7.0,7.2,151986
VARDHACRLC,2006-03-30 00:00:00+05:30,7.15,7.25,6.75,6.8,161961
VARDHACRLC,2006-03-31 00:00:00+05:30,6.8,7.2,6.8,7.1,263286
VARDHACRLC,2006-04-03 00:00:00+05:30,7.0,7.75,7.0,7.55,380919
VARDHACRLC,2006-04-04 00:00:00+05:30,7.7,8.2,7.6,7.95,272955
VARDHACRLC,2006-04-05 00:00:00+05:30,8.1,8.45,7.9,8.4,375225
VARDHACRLC,2006-04-07 00:00:00+05:30,8.45,9.2,8.25,8.4,492593
VARDHACRLC,2006-04-10 00:00:00+05:30,8.4,8.65,8.3,8.4,103935
VARDHACRLC,2006-04-12 00:00:00+05:30,8.4,8.5,7.9,7.95,190363
VARDHACRLC,2006-04-13 00:00:00+05:30,7.95,7.95,7.55,7.6,97538
VARDHACRLC,2006-04-17 00:00:00+05:30,8.05,8.05,7.7,7.8,61046
VARDHACRLC,2006-04-18 00:00:00+05:30,7.65,7.9,7.5,7.65,60766
VARDHACRLC,2006-04-19 00:00:00+05:30,7.85,7.9,7.35,7.75,108047
VARDHACRLC,2006-04-20 00:00:00+05:30,7.55,7.75,7.5,7.6,62990
VARDHACRLC,2006-04-21 00:00:00+05:30,7.5,7.75,7.3,7.4,42051
VARDHACRLC,2006-04-24 00:00:00+05:30,7.25,7.55,7.1,7.15,93548
VARDHACRLC,2006-04-25 00:00:00+05:30,7.1,7.4,7.1,7.15,34625
VARDHACRLC,2006-04-26 00:00:00+05:30,7.25,7.4,7.15,7.2,30853
VARDHACRLC,2006-04-27 00:00:00+05:30,7.1,7.5,7.05,7.2,72171
VARDHACRLC,2006-04-28 00:00:00+05:30,6.9,7.25,6.85,7.05,123400
VARDHACRLC,2006-05-02 00:00:00+05:30,6.8,7.4,6.75,7.15,82558
VARDHACRLC,2006-05-03 00:00:00+05:30,7.1,7.25,6.95,7.15,86123
VARDHACRLC,2006-05-04 00:00:00+05:30,7.4,7.5,7.05,7.3,46665
VARDHACRLC,2006-05-05 00:00:00+05:30,7.1,7.4,7.1,7.25,63701
VARDHACRLC,2006-05-08 00:00:00+05:30,7.2,7.55,7.15,7.5,82357
VARDHACRLC,2006-05-09 00:00:00+05:30,7.25,7.9,7.2,7.9,137886
VARDHACRLC,2006-05-10 00:00:00+05:30,8.2,8.3,7.75,8.3,171345
VARDHACRLC,2006-05-11 00:00:00+05:30,8.75,8.75,8.05,8.2,150418
VARDHACRLC,2006-05-12 00:00:00+05:30,8.0,8.2,7.85,7.9,82723
VARDHACRLC,2006-05-15 00:00:00+05:30,8.15,8.15,7.65,7.75,64966
VARDHACRLC,2006-05-16 00:00:00+05:30,7.65,7.7,7.4,7.5,68189
VARDHACRLC,2006-05-17 00:00:00+05:30,7.85,7.9,7.55,7.6,60008
VARDHACRLC,2006-05-18 00:00:00+05:30,7.5,7.5,7.25,7.25,92470
VARDHACRLC,2006-05-19 00:00:00+05:30,7.6,7.6,6.9,6.9,92242
VARDHACRLC,2006-05-22 00:00:00+05:30,6.8,6.9,6.55,6.55,109700
VARDHACRLC,2006-05-23 00:00:00+05:30,6.5,6.5,6.25,6.3,125882
VARDHACRLC,2006-05-24 00:00:00+05:30,6.05,6.65,6.05,6.3,50145
VARDHACRLC,2006-05-25 00:00:00+05:30,6.35,6.45,6.1,6.3,66849
VARDHACRLC,2006-05-26 00:00:00+05:30,6.2,6.65,6.2,6.65,53227
VARDHACRLC,2006-05-29 00:00:00+05:30,6.55,6.85,6.55,6.7,63984
VARDHACRLC,2006-05-30 00:00:00+05:30,6.6,6.9,6.4,6.85,43299
VARDHACRLC,2006-05-31 00:00:00+05:30,6.55,6.8,6.55,6.55,66121
VARDHACRLC,2006-06-01 00:00:00+05:30,6.45,6.75,6.25,6.3,47843
VARDHACRLC,2006-06-02 00:00:00+05:30,6.0,6.5,6.0,6.05,87814
VARDHACRLC,2006-06-05 00:00:00+05:30,6.25,6.25,6.0,6.1,45965
VARDHACRLC,2006-06-06 00:00:00+05:30,6.1,6.1,5.8,5.9,54622
VARDHACRLC,2006-06-07 00:00:00+05:30,5.9,5.95,5.6,5.7,106210
VARDHACRLC,2006-06-08 00:00:00+05:30,5.6,5.7,5.45,5.55,100660
VARDHACRLC,2006-06-09 00:00:00+05:30,5.3,5.75,5.3,5.55,117320
VARDHACRLC,2006-06-12 00:00:00+05:30,5.55,5.6,5.3,5.4,76315
VARDHACRLC,2006-06-13 00:00:00+05:30,5.55,5.55,5.15,5.15,143493
VARDHACRLC,2006-06-14 00:00:00+05:30,5.05,5.15,4.9,5.05,69384
VARDHACRLC,2006-06-15 00:00:00+05:30,5.0,5.3,5.0,5.3,57457
VARDHACRLC,2006-06-16 00:00:00+05:30,5.4,5.6,5.4,5.6,39188
VARDHACRLC,2006-06-19 00:00:00+05:30,5.6,5.9,5.5,5.85,31787
VARDHACRLC,2006-06-20 00:00:00+05:30,5.7,6.1,5.65,6.05,32396
VARDHACRLC,2006-06-21 00:00:00+05:30,6.05,6.3,6.0,6.15,68196
VARDHACRLC,2006-06-22 00:00:00+05:30,6.15,6.5,6.15,6.4,55136
VARDHACRLC,2006-06-23 00:00:00+05:30,6.45,6.45,6.2,6.25,55057
VARDHACRLC,2006-06-26 00:00:00+05:30,6.15,6.3,6.0,6.05,76350
VARDHACRLC,2006-06-27 00:00:00+05:30,6.0,6.1,5.8,5.9,62338
VARDHACRLC,2006-06-28 00:00:00+05:30,5.8,5.9,5.75,5.85,25630
VARDHACRLC,2006-06-29 00:00:00+05:30,5.8,5.9,5.75,5.9,22431
VARDHACRLC,2006-06-30 00:00:00+05:30,6.0,6.0,5.8,5.9,17850
VARDHACRLC,2006-07-03 00:00:00+05:30,5.85,6.2,5.8,5.9,14150
VARDHACRLC,2006-07-04 00:00:00+05:30,5.8,6.0,5.7,6.0,14215
VARDHACRLC,2006-07-05 00:00:00+05:30,5.75,6.0,5.75,5.8,71594
VARDHACRLC,2006-07-06 00:00:00+05:30,5.75,5.9,5.7,5.9,11866
VARDHACRLC,2006-07-07 00:00:00+05:30,5.9,6.0,5.75,5.8,53200
VARDHACRLC,2006-07-10 00:00:00+05:30,6.0,6.0,5.7,5.75,65800
VARDHACRLC,2006-07-11 00:00:00+05:30,5.8,5.8,5.5,5.65,74613
VARDHACRLC,2006-07-12 00:00:00+05:30,5.6,5.65,5.5,5.55,29331
VARDHACRLC,2006-07-13 00:00:00+05:30,5.65,5.65,5.5,5.6,31331
VARDHACRLC,2006-07-14 00:00:00+05:30,5.65,5.65,5.35,5.5,48845
VARDHACRLC,2006-07-17 00:00:00+05:30,5.55,5.55,5.35,5.4,32748
VARDHACRLC,2006-07-18 00:00:00+05:30,5.4,5.4,5.25,5.35,19325
VARDHACRLC,2006-07-19 00:00:00+05:30,5.3,5.3,5.15,5.2,42196
VARDHACRLC,2006-07-20 00:00:00+05:30,5.3,5.3,4.95,5.05,60150
VARDHACRLC,2006-07-21 00:00:00+05:30,5.15,5.2,5.05,5.1,26210
VARDHACRLC,2006-07-24 00:00:00+05:30,5.2,5.3,5.05,5.25,32270
VARDHACRLC,2006-07-25 00:00:00+05:30,5.2,5.3,5.1,5.15,30764
VARDHACRLC,2006-07-26 00:00:00+05:30,5.0,5.25,5.0,5.2,68889
VARDHACRLC,2006-07-27 00:00:00+05:30,5.25,5.3,5.2,5.3,36297
VARDHACRLC,2006-07-28 00:00:00+05:30,5.2,5.3,5.2,5.2,34750
VARDHACRLC,2006-07-31 00:00:00+05:30,5.2,5.35,5.2,5.2,57600
VARDHACRLC,2006-08-01 00:00:00+05:30,5.2,5.3,5.15,5.2,24240
VARDHACRLC,2006-08-02 00:00:00+05:30,5.25,5.5,5.2,5.45,49601
VARDHACRLC,2006-08-03 00:00:00+05:30,5.5,5.55,5.35,5.5,46714
VARDHACRLC,2006-08-04 00:00:00+05:30,5.45,5.5,5.3,5.35,40669
VARDHACRLC,2006-08-07 00:00:00+05:30,5.5,5.5,5.35,5.4,59664
VARDHACRLC,2006-08-08 00:00:00+05:30,5.4,5.7,5.35,5.6,96800
VARDHACRLC,2006-08-09 00:00:00+05:30,5.6,5.75,5.6,5.7,43765
VARDHACRLC,2006-08-10 00:00:00+05:30,5.75,5.9,5.65,5.8,71063
VARDHACRLC,2006-08-11 00:00:00+05:30,5.85,6.1,5.85,5.95,143050
VARDHACRLC,2006-08-14 00:00:00+05:30,6.2,6.25,6.0,6.2,141718
VARDHACRLC,2006-08-16 00:00:00+05:30,6.55,6.55,6.35,6.5,201350
VARDHACRLC,2006-08-17 00:00:00+05:30,6.75,6.75,6.25,6.3,78245
VARDHACRLC,2006-08-18 00:00:00+05:30,6.25,6.35,6.15,6.2,49200
VARDHACRLC,2006-08-21 00:00:00+05:30,6.15,6.55,6.15,6.25,78354
VARDHACRLC,2006-08-22 00:00:00+05:30,6.15,6.6,6.1,6.5,90301
VARDHACRLC,2006-08-23 00:00:00+05:30,6.35,6.6,6.35,6.45,37849
VARDHACRLC,2006-08-24 00:00:00+05:30,6.3,6.5,6.3,6.45,72620
VARDHACRLC,2006-08-25 00:00:00+05:30,6.4,6.6,6.4,6.5,145303
VARDHACRLC,2006-08-28 00:00:00+05:30,6.65,6.65,6.45,6.5,104681
VARDHACRLC,2006-08-29 00:00:00+05:30,6.6,6.85,6.6,6.65,105919
VARDHACRLC,2006-08-30 00:00:00+05:30,6.5,6.6,6.45,6.55,108940
VARDHACRLC,2006-08-31 00:00:00+05:30,6.6,6.65,6.5,6.5,118283
VARDHACRLC,2006-09-01 00:00:00+05:30,6.6,6.6,6.45,6.5,88571
VARDHACRLC,2006-09-04 00:00:00+05:30,6.6,6.6,6.35,6.45,65404
VARDHACRLC,2006-09-05 00:00:00+05:30,6.6,6.65,6.45,6.55,64301
VARDHACRLC,2006-09-06 00:00:00+05:30,6.45,6.6,6.45,6.45,100379
VARDHACRLC,2006-09-07 00:00:00+05:30,6.3,6.65,6.2,6.6,91946
VARDHACRLC,2006-09-08 00:00:00+05:30,6.8,6.85,6.6,6.8,127513
VARDHACRLC,2006-09-11 00:00:00+05:30,6.65,6.8,6.5,6.55,123882
VARDHACRLC,2006-09-12 00:00:00+05:30,6.45,6.55,6.4,6.5,46416
VARDHACRLC,2006-09-13 00:00:00+05:30,6.45,6.6,6.4,6.5,80300
VARDHACRLC,2006-09-14 00:00:00+05:30,6.45,6.5,6.35,6.4,95477
VARDHACRLC,2006-09-15 00:00:00+05:30,6.4,6.75,6.4,6.6,177141
VARDHACRLC,2006-09-18 00:00:00+05:30,6.7,6.95,6.6,6.95,202828
VARDHACRLC,2006-09-19 00:00:00+05:30,7.2,7.3,7.1,7.15,421186
VARDHACRLC,2006-09-20 00:00:00+05:30,7.2,7.35,6.95,7.0,150599
VARDHACRLC,2006-09-21 00:00:00+05:30,7.0,7.2,6.95,6.95,112867
VARDHACRLC,2006-09-22 00:00:00+05:30,6.95,6.95,6.6,6.7,178860
VARDHACRLC,2006-09-25 00:00:00+05:30,6.85,6.85,6.5,6.5,117924
VARDHACRLC,2006-09-26 00:00:00+05:30,6.45,6.6,6.4,6.45,93595
VARDHACRLC,2006-09-27 00:00:00+05:30,6.5,6.6,6.4,6.5,78667
VARDHACRLC,2006-09-28 00:00:00+05:30,6.45,6.6,6.45,6.5,54760
VARDHACRLC,2006-09-29 00:00:00+05:30,6.6,6.85,6.5,6.65,48332
VARDHACRLC,2006-10-03 00:00:00+05:30,6.75,6.8,6.55,6.6,43485
VARDHACRLC,2006-10-04 00:00:00+05:30,6.7,6.9,6.65,6.75,52145
VARDHACRLC,2006-10-05 00:00:00+05:30,6.75,7.0,6.65,7.0,96749
VARDHACRLC,2006-10-06 00:00:00+05:30,7.0,7.0,6.75,6.8,64028
VARDHACRLC,2006-10-09 00:00:00+05:30,6.9,7.15,6.8,7.1,152169
VARDHACRLC,2006-10-10 00:00:00+05:30,7.25,7.85,7.25,7.85,276772
VARDHACRLC,2006-10-11 00:00:00+05:30,8.15,8.65,8.15,8.2,667771
VARDHACRLC,2006-10-12 00:00:00+05:30,8.55,8.55,7.85,7.95,126389
VARDHACRLC,2006-10-13 00:00:00+05:30,7.8,8.1,7.55,7.65,175697
VARDHACRLC,2006-10-16 00:00:00+05:30,7.85,8.0,7.55,7.65,50371
VARDHACRLC,2006-10-17 00:00:00+05:30,7.5,7.65,7.3,7.45,64403
VARDHACRLC,2006-10-18 00:00:00+05:30,7.35,7.8,7.3,7.65,66598
VARDHACRLC,2006-10-19 00:00:00+05:30,7.65,7.95,7.55,7.8,160133
VARDHACRLC,2006-10-20 00:00:00+05:30,7.9,8.0,7.7,7.7,73265
VARDHACRLC,2006-10-23 00:00:00+05:30,7.65,7.85,7.55,7.6,37814
VARDHACRLC,2006-10-26 00:00:00+05:30,7.75,7.85,7.6,7.7,32706
VARDHACRLC,2006-10-27 00:00:00+05:30,7.65,7.85,7.6,7.75,67879
VARDHACRLC,2006-10-30 00:00:00+05:30,7.95,8.15,7.7,7.95,287693
VARDHACRLC,2006-10-31 00:00:00+05:30,8.0,8.15,7.75,7.95,156507
VARDHACRLC,2006-11-01 00:00:00+05:30,8.35,8.35,8.05,8.35,280253
VARDHACRLC,2006-11-02 00:00:00+05:30,8.5,8.8,8.4,8.55,722784
VARDHACRLC,2006-11-03 00:00:00+05:30,8.7,8.75,8.25,8.35,271626
VARDHACRLC,2006-11-06 00:00:00+05:30,8.5,8.5,8.25,8.3,91956
VARDHACRLC,2006-11-07 00:00:00+05:30,8.35,8.4,8.1,8.1,87685
VARDHACRLC,2006-11-08 00:00:00+05:30,8.25,8.25,7.7,7.85,182459
VARDHACRLC,2006-11-09 00:00:00+05:30,7.95,8.15,7.9,8.0,118765
VARDHACRLC,2006-11-10 00:00:00+05:30,8.15,8.15,7.8,7.85,116122
VARDHACRLC,2006-11-13 00:00:00+05:30,7.75,8.0,7.65,7.75,89048
VARDHACRLC,2006-11-14 00:00:00+05:30,7.75,7.9,7.55,7.6,55594
VARDHACRLC,2006-11-15 00:00:00+05:30,7.75,7.75,7.5,7.5,66901
VARDHACRLC,2006-11-16 00:00:00+05:30,7.45,7.75,7.4,7.4,123231
VARDHACRLC,2006-11-17 00:00:00+05:30,7.4,7.55,7.15,7.2,95213
VARDHACRLC,2006-11-20 00:00:00+05:30,7.15,7.45,7.0,7.1,61774
VARDHACRLC,2006-11-21 00:00:00+05:30,7.1,7.25,6.95,7.0,65811
VARDHACRLC,2006-11-22 00:00:00+05:30,7.1,7.15,6.9,7.1,99584
VARDHACRLC,2006-11-23 00:00:00+05:30,7.0,7.15,6.85,7.0,84500
VARDHACRLC,2006-11-24 00:00:00+05:30,7.05,7.1,6.9,7.1,62850
VARDHACRLC,2006-11-27 00:00:00+05:30,7.3,7.45,7.15,7.35,94013
VARDHACRLC,2006-11-28 00:00:00+05:30,7.25,7.5,7.25,7.45,51850
VARDHACRLC,2006-11-29 00:00:00+05:30,7.5,7.7,7.3,7.3,45582
VARDHACRLC,2006-11-30 00:00:00+05:30,7.35,7.35,7.1,7.2,52050
VARDHACRLC,2006-12-01 00:00:00+05:30,7.2,7.25,7.0,7.05,110401
VARDHACRLC,2006-12-04 00:00:00+05:30,6.9,7.25,6.8,7.2,47000
VARDHACRLC,2006-12-05 00:00:00+05:30,7.15,7.3,6.95,7.05,95416
VARDHACRLC,2006-12-06 00:00:00+05:30,7.05,7.2,7.0,7.05,51750
VARDHACRLC,2006-12-07 00:00:00+05:30,7.1,7.15,6.95,7.0,85096
VARDHACRLC,2006-12-08 00:00:00+05:30,7.05,7.15,6.95,7.0,95775
VARDHACRLC,2006-12-11 00:00:00+05:30,7.15,7.15,6.75,6.8,107126
VARDHACRLC,2006-12-12 00:00:00+05:30,6.75,6.9,6.25,6.4,61107
VARDHACRLC,2006-12-13 00:00:00+05:30,6.6,6.95,6.25,6.65,84072
VARDHACRLC,2006-12-14 00:00:00+05:30,6.75,6.9,6.55,6.8,30273
VARDHACRLC,2006-12-15 00:00:00+05:30,6.75,6.9,6.7,6.85,44446
VARDHACRLC,2006-12-18 00:00:00+05:30,6.75,6.9,6.6,6.8,22800
VARDHACRLC,2006-12-19 00:00:00+05:30,6.9,7.0,6.55,6.6,61361
VARDHACRLC,2006-12-20 00:00:00+05:30,6.7,6.95,6.5,6.6,114100
VARDHACRLC,2006-12-21 00:00:00+05:30,6.5,6.85,6.5,6.8,58511
VARDHACRLC,2006-12-22 00:00:00+05:30,6.8,6.95,6.7,6.75,61453
VARDHACRLC,2006-12-26 00:00:00+05:30,6.5,7.35,6.5,7.1,130807
VARDHACRLC,2006-12-27 00:00:00+05:30,7.0,7.15,6.9,7.0,86076
VARDHACRLC,2006-12-28 00:00:00+05:30,7.0,7.15,6.9,6.95,98622
VARDHACRLC,2006-12-29 00:00:00+05:30,6.9,7.0,6.85,6.95,67623
VARDHACRLC,2007-01-02 00:00:00+05:30,6.9,7.45,6.9,7.3,89202
VARDHACRLC,2007-01-03 00:00:00+05:30,7.3,7.75,7.25,7.55,106534
VARDHACRLC,2007-01-04 00:00:00+05:30,7.65,7.65,7.2,7.6,91053
VARDHACRLC,2007-01-05 00:00:00+05:30,7.75,7.8,7.05,7.45,171043
VARDHACRLC,2007-01-08 00:00:00+05:30,7.55,8.2,7.5,8.1,284369
VARDHACRLC,2007-01-09 00:00:00+05:30,8.3,8.5,7.85,8.0,241688
VARDHACRLC,2007-01-10 00:00:00+05:30,8.15,8.15,7.55,7.65,106873
VARDHACRLC,2007-01-11 00:00:00+05:30,7.75,8.0,7.65,7.85,153273
VARDHACRLC,2007-01-12 00:00:00+05:30,8.0,8.15,7.95,8.0,154734
VARDHACRLC,2007-01-15 00:00:00+05:30,8.0,8.0,7.7,7.75,108691
VARDHACRLC,2007-01-16 00:00:00+05:30,7.9,8.55,7.9,8.55,284002
VARDHACRLC,2007-01-17 00:00:00+05:30,9.2,9.4,8.75,8.95,609990
VARDHACRLC,2007-01-18 00:00:00+05:30,9.1,9.2,8.7,8.95,310458
VARDHACRLC,2007-01-19 00:00:00+05:30,9.1,9.1,8.5,8.8,236847
VARDHACRLC,2007-01-22 00:00:00+05:30,8.95,8.95,8.3,8.35,151383
VARDHACRLC,2007-01-23 00:00:00+05:30,8.45,8.6,8.05,8.2,74691
VARDHACRLC,2007-01-24 00:00:00+05:30,8.35,8.4,8.0,8.05,90176
VARDHACRLC,2007-01-25 00:00:00+05:30,8.15,8.25,8.0,8.2,101350
VARDHACRLC,2007-01-29 00:00:00+05:30,8.25,8.5,8.05,8.15,107182
VARDHACRLC,2007-01-31 00:00:00+05:30,8.25,8.4,8.0,8.05,102965
VARDHACRLC,2007-02-01 00:00:00+05:30,8.25,8.25,7.6,7.95,115984
VARDHACRLC,2007-02-02 00:00:00+05:30,8.0,8.25,7.8,7.85,84550
VARDHACRLC,2007-02-05 00:00:00+05:30,8.0,8.0,7.65,7.75,91648
VARDHACRLC,2007-02-06 00:00:00+05:30,7.65,7.85,7.55,7.65,125088
VARDHACRLC,2007-02-07 00:00:00+05:30,7.65,8.0,7.6,7.7,115230
VARDHACRLC,2007-02-08 00:00:00+05:30,7.9,7.9,7.6,7.7,57940
VARDHACRLC,2007-02-09 00:00:00+05:30,7.65,7.75,7.25,7.3,107604
VARDHACRLC,2007-02-12 00:00:00+05:30,7.3,7.3,6.95,7.05,70394
VARDHACRLC,2007-02-13 00:00:00+05:30,7.0,7.3,7.0,7.05,75899
VARDHACRLC,2007-02-14 00:00:00+05:30,6.95,7.2,6.9,7.05,94226
VARDHACRLC,2007-02-15 00:00:00+05:30,7.1,7.45,7.0,7.25,69771
VARDHACRLC,2007-02-19 00:00:00+05:30,7.3,7.35,7.0,7.2,53161
VARDHACRLC,2007-02-20 00:00:00+05:30,7.35,7.35,6.75,6.95,144595
VARDHACRLC,2007-02-21 00:00:00+05:30,7.05,7.4,7.0,7.15,80186
VARDHACRLC,2007-02-22 00:00:00+05:30,7.1,7.2,7.05,7.1,50523
VARDHACRLC,2007-02-23 00:00:00+05:30,6.95,7.05,6.75,6.85,125246
VARDHACRLC,2007-02-26 00:00:00+05:30,7.0,7.0,6.85,6.95,64659
VARDHACRLC,2007-02-27 00:00:00+05:30,7.0,7.0,6.85,6.9,64443
VARDHACRLC,2007-02-28 00:00:00+05:30,6.6,7.05,6.1,6.9,109131
VARDHACRLC,2007-03-01 00:00:00+05:30,7.0,7.05,6.85,6.9,101720
VARDHACRLC,2007-03-02 00:00:00+05:30,6.95,7.0,6.8,6.85,89579
VARDHACRLC,2007-03-05 00:00:00+05:30,6.65,6.75,6.2,6.3,171904
VARDHACRLC,2007-03-06 00:00:00+05:30,6.4,6.45,6.05,6.1,134557
VARDHACRLC,2007-03-07 00:00:00+05:30,6.1,6.25,6.0,6.1,80038
VARDHACRLC,2007-03-08 00:00:00+05:30,6.25,6.25,6.05,6.2,66971
VARDHACRLC,2007-03-09 00:00:00+05:30,6.25,6.25,6.05,6.15,81332
VARDHACRLC,2007-03-12 00:00:00+05:30,6.15,6.25,6.05,6.1,121307
VARDHACRLC,2007-03-13 00:00:00+05:30,6.25,6.25,6.05,6.15,58402
VARDHACRLC,2007-03-14 00:00:00+05:30,6.05,6.1,5.95,6.1,94623
VARDHACRLC,2007-03-15 00:00:00+05:30,6.15,6.15,6.0,6.0,116169
VARDHACRLC,2007-03-16 00:00:00+05:30,6.0,6.0,5.9,5.95,78107
VARDHACRLC,2007-03-19 00:00:00+05:30,6.0,6.05,5.9,5.9,51623
VARDHACRLC,2007-03-20 00:00:00+05:30,6.05,6.05,5.95,5.95,92216
VARDHACRLC,2007-03-21 00:00:00+05:30,5.9,6.05,5.9,6.0,50105
VARDHACRLC,2007-03-22 00:00:00+05:30,5.95,6.1,5.95,6.05,69992
VARDHACRLC,2007-03-23 00:00:00+05:30,5.95,6.05,5.9,5.95,116575
VARDHACRLC,2007-03-26 00:00:00+05:30,6.0,6.05,5.9,5.95,134443
VARDHACRLC,2007-03-28 00:00:00+05:30,6.0,6.0,5.85,5.85,75419
VARDHACRLC,2007-03-29 00:00:00+05:30,5.95,5.95,5.8,5.85,26821
VARDHACRLC,2007-03-30 00:00:00+05:30,6.0,6.0,5.7,5.75,89676
VARDHACRLC,2007-04-02 00:00:00+05:30,5.75,5.9,5.55,5.85,83506
VARDHACRLC,2007-04-03 00:00:00+05:30,5.85,6.0,5.85,5.95,23396
VARDHACRLC,2007-04-04 00:00:00+05:30,5.8,6.0,5.8,5.9,26115
VARDHACRLC,2007-04-05 00:00:00+05:30,5.9,6.1,5.9,6.05,29849
VARDHACRLC,2007-04-09 00:00:00+05:30,6.1,7.3,6.1,7.3,235428
VARDHACRLC,2007-04-10 00:00:00+05:30,7.5,7.5,6.95,7.05,110684
VARDHACRLC,2007-04-11 00:00:00+05:30,7.0,7.2,6.75,6.8,107705
VARDHACRLC,2007-04-12 00:00:00+05:30,6.75,6.85,6.5,6.65,68446
VARDHACRLC,2007-04-13 00:00:00+05:30,6.75,7.1,6.6,6.95,50776
VARDHACRLC,2007-04-16 00:00:00+05:30,7.2,7.2,6.95,6.95,39951
VARDHACRLC,2007-04-17 00:00:00+05:30,7.0,7.15,6.9,7.1,80955
VARDHACRLC,2007-04-18 00:00:00+05:30,7.1,7.25,7.0,7.2,68699
VARDHACRLC,2007-04-19 00:00:00+05:30,7.1,7.7,7.05,7.6,120054
VARDHACRLC,2007-04-20 00:00:00+05:30,7.5,7.65,7.45,7.5,79594
VARDHACRLC,2007-04-23 00:00:00+05:30,7.35,7.55,7.3,7.5,71771
VARDHACRLC,2007-04-24 00:00:00+05:30,7.55,7.55,7.05,7.15,119302
VARDHACRLC,2007-04-25 00:00:00+05:30,7.1,7.4,7.1,7.2,75804
VARDHACRLC,2007-04-26 00:00:00+05:30,7.2,7.45,6.85,6.9,197166
VARDHACRLC,2007-04-27 00:00:00+05:30,6.9,7.0,6.65,6.95,43105
VARDHACRLC,2007-04-30 00:00:00+05:30,6.95,6.95,6.8,6.85,38289
VARDHACRLC,2007-05-03 00:00:00+05:30,7.0,7.1,6.5,6.8,210885
VARDHACRLC,2007-05-04 00:00:00+05:30,6.95,7.0,6.75,6.75,52778
VARDHACRLC,2007-05-07 00:00:00+05:30,6.95,7.9,6.9,7.65,421189
VARDHACRLC,2007-05-08 00:00:00+05:30,8.0,8.0,7.35,7.4,180657
VARDHACRLC,2007-05-09 00:00:00+05:30,7.35,7.4,7.15,7.3,65781
VARDHACRLC,2007-05-10 00:00:00+05:30,7.35,8.2,7.35,7.8,492191
VARDHACRLC,2007-05-11 00:00:00+05:30,8.25,8.3,7.6,7.8,137751
VARDHACRLC,2007-05-14 00:00:00+05:30,8.5,8.5,7.15,7.3,354189
VARDHACRLC,2007-05-15 00:00:00+05:30,7.4,7.4,7.1,7.2,373438
VARDHACRLC,2007-05-16 00:00:00+05:30,7.0,7.5,7.0,7.25,102759
VARDHACRLC,2007-05-17 00:00:00+05:30,7.25,7.3,7.0,7.05,154158
VARDHACRLC,2007-05-18 00:00:00+05:30,7.15,7.15,6.9,7.0,80568
VARDHACRLC,2007-05-21 00:00:00+05:30,6.9,7.15,6.9,7.05,63801
VARDHACRLC,2007-05-22 00:00:00+05:30,7.05,7.2,7.0,7.15,40105
VARDHACRLC,2007-05-23 00:00:00+05:30,7.05,7.1,6.9,6.9,48168
VARDHACRLC,2007-05-24 00:00:00+05:30,7.1,7.55,7.0,7.45,213217
VARDHACRLC,2007-05-25 00:00:00+05:30,7.4,7.5,7.15,7.2,73472
VARDHACRLC,2007-05-28 00:00:00+05:30,7.3,7.35,7.05,7.1,83210
VARDHACRLC,2007-05-29 00:00:00+05:30,7.05,7.2,7.0,7.05,48629
VARDHACRLC,2007-05-30 00:00:00+05:30,7.05,7.15,6.9,6.9,75383
VARDHACRLC,2007-05-31 00:00:00+05:30,7.0,7.05,6.9,6.95,18890
VARDHACRLC,2007-06-01 00:00:00+05:30,7.0,7.0,6.9,6.95,76854
VARDHACRLC,2007-06-04 00:00:00+05:30,6.9,7.0,6.75,6.9,58538
VARDHACRLC,2007-06-05 00:00:00+05:30,6.9,7.0,6.9,6.95,27538
VARDHACRLC,2007-06-06 00:00:00+05:30,7.05,7.05,6.8,6.8,45553
VARDHACRLC,2007-06-07 00:00:00+05:30,6.75,6.85,6.7,6.8,86772
VARDHACRLC,2007-06-08 00:00:00+05:30,6.85,6.85,6.65,6.75,56672
VARDHACRLC,2007-06-11 00:00:00+05:30,6.8,6.8,6.6,6.65,40994
VARDHACRLC,2007-06-12 00:00:00+05:30,6.85,6.85,6.5,6.65,23687
VARDHACRLC,2007-06-13 00:00:00+05:30,6.6,6.75,6.5,6.65,28706
VARDHACRLC,2007-06-14 00:00:00+05:30,6.8,6.8,6.5,6.55,115619
VARDHACRLC,2007-06-15 00:00:00+05:30,6.75,6.75,6.45,6.5,39960
VARDHACRLC,2007-06-18 00:00:00+05:30,6.7,6.8,6.45,6.45,30564
VARDHACRLC,2007-06-19 00:00:00+05:30,6.6,6.7,6.5,6.65,31316
VARDHACRLC,2007-06-20 00:00:00+05:30,6.6,6.7,6.5,6.55,45492
VARDHACRLC,2007-06-21 00:00:00+05:30,6.55,6.6,6.45,6.45,41029
VARDHACRLC,2007-06-22 00:00:00+05:30,6.45,6.6,6.3,6.4,50526
VARDHACRLC,2007-06-25 00:00:00+05:30,6.55,6.55,6.3,6.35,38164
VARDHACRLC,2007-06-26 00:00:00+05:30,6.55,6.55,6.3,6.35,48124
VARDHACRLC,2007-06-27 00:00:00+05:30,6.35,6.45,6.25,6.35,43144
VARDHACRLC,2007-06-28 00:00:00+05:30,6.35,6.4,6.25,6.3,40482
VARDHACRLC,2007-06-29 00:00:00+05:30,6.3,6.4,6.15,6.35,95806
VARDHACRLC,2007-07-02 00:00:00+05:30,6.45,6.45,6.2,6.3,23809
VARDHACRLC,2007-07-03 00:00:00+05:30,6.4,6.4,6.25,6.35,50778
VARDHACRLC,2007-07-04 00:00:00+05:30,6.25,6.75,6.15,6.45,104482
VARDHACRLC,2007-07-05 00:00:00+05:30,6.45,6.45,6.25,6.3,37751
VARDHACRLC,2007-07-06 00:00:00+05:30,6.3,6.55,6.3,6.4,96663
VARDHACRLC,2007-07-09 00:00:00+05:30,6.45,6.55,6.3,6.35,84817
VARDHACRLC,2007-07-10 00:00:00+05:30,6.5,6.5,6.25,6.25,47556
VARDHACRLC,2007-07-11 00:00:00+05:30,6.3,6.45,6.2,6.35,50928
VARDHACRLC,2007-07-12 00:00:00+05:30,6.4,6.7,6.25,6.3,141128
VARDHACRLC,2007-07-13 00:00:00+05:30,6.4,6.75,6.3,6.6,103257
VARDHACRLC,2007-07-16 00:00:00+05:30,6.5,6.75,6.4,6.45,94601
VARDHACRLC,2007-07-17 00:00:00+05:30,6.45,6.5,6.4,6.4,53215
VARDHACRLC,2007-07-18 00:00:00+05:30,6.35,6.6,6.3,6.45,63505
VARDHACRLC,2007-07-19 00:00:00+05:30,6.5,6.65,6.45,6.5,50445
VARDHACRLC,2007-07-20 00:00:00+05:30,6.4,6.6,6.3,6.35,104006
VARDHACRLC,2007-07-23 00:00:00+05:30,6.3,6.45,6.3,6.4,55375
VARDHACRLC,2007-07-24 00:00:00+05:30,6.35,6.45,6.25,6.3,52049
VARDHACRLC,2007-07-25 00:00:00+05:30,6.35,6.35,6.15,6.2,77806
VARDHACRLC,2007-07-26 00:00:00+05:30,6.25,6.25,6.1,6.2,48903
VARDHACRLC,2007-07-27 00:00:00+05:30,6.15,6.2,6.0,6.1,122972
VARDHACRLC,2007-07-30 00:00:00+05:30,6.2,6.3,6.05,6.1,97006
VARDHACRLC,2007-07-31 00:00:00+05:30,6.25,6.5,6.05,6.15,97311
VARDHACRLC,2007-08-01 00:00:00+05:30,6.15,6.3,6.05,6.25,86885
VARDHACRLC,2007-08-02 00:00:00+05:30,6.3,6.3,6.1,6.15,74075
VARDHACRLC,2007-08-03 00:00:00+05:30,6.95,6.95,6.1,6.3,79816
VARDHACRLC,2007-08-06 00:00:00+05:30,6.25,6.35,6.2,6.3,89086
VARDHACRLC,2007-08-07 00:00:00+05:30,6.35,6.6,6.35,6.5,124674
VARDHACRLC,2007-08-08 00:00:00+05:30,6.4,6.65,6.4,6.45,79173
VARDHACRLC,2007-08-09 00:00:00+05:30,6.9,6.9,6.45,6.55,147868
VARDHACRLC,2007-08-10 00:00:00+05:30,6.45,6.55,6.25,6.55,86115
VARDHACRLC,2007-08-13 00:00:00+05:30,6.45,6.6,6.3,6.45,178866
VARDHACRLC,2007-08-14 00:00:00+05:30,6.45,6.55,6.3,6.35,342419
VARDHACRLC,2007-08-16 00:00:00+05:30,6.45,7.0,6.35,6.65,389123
VARDHACRLC,2007-08-17 00:00:00+05:30,6.7,6.75,6.4,6.5,180114
VARDHACRLC,2007-08-20 00:00:00+05:30,6.6,6.8,6.55,6.7,136117
VARDHACRLC,2007-08-21 00:00:00+05:30,6.65,6.75,6.4,6.4,121460
VARDHACRLC,2007-08-22 00:00:00+05:30,6.35,6.5,6.25,6.25,118026
VARDHACRLC,2007-08-23 00:00:00+05:30,6.45,6.5,6.2,6.25,57990
VARDHACRLC,2007-08-24 00:00:00+05:30,6.25,6.45,6.25,6.25,60897
VARDHACRLC,2007-08-27 00:00:00+05:30,6.3,6.4,6.25,6.25,61860
VARDHACRLC,2007-08-28 00:00:00+05:30,6.3,6.45,6.2,6.25,50202
VARDHACRLC,2007-08-29 00:00:00+05:30,6.35,6.45,6.25,6.4,52530
VARDHACRLC,2007-08-30 00:00:00+05:30,6.5,6.6,6.25,6.3,83523
VARDHACRLC,2007-08-31 00:00:00+05:30,6.3,6.55,6.25,6.3,113747
VARDHACRLC,2007-09-03 00:00:00+05:30,6.35,6.95,6.35,6.7,264103
VARDHACRLC,2007-09-04 00:00:00+05:30,6.8,7.6,6.7,7.3,894747
VARDHACRLC,2007-09-05 00:00:00+05:30,7.35,7.6,6.9,7.1,198862
VARDHACRLC,2007-09-06 00:00:00+05:30,7.15,7.15,6.95,7.0,124436
VARDHACRLC,2007-09-07 00:00:00+05:30,7.1,7.4,7.05,7.05,129097
VARDHACRLC,2007-09-10 00:00:00+05:30,6.9,7.25,6.9,7.2,105036
VARDHACRLC,2007-09-11 00:00:00+05:30,7.3,7.3,7.0,7.15,92374
VARDHACRLC,2007-09-12 00:00:00+05:30,7.45,8.45,7.45,7.85,921469
VARDHACRLC,2007-09-13 00:00:00+05:30,8.25,8.45,8.05,8.25,932970
VARDHACRLC,2007-09-14 00:00:00+05:30,8.35,8.55,7.55,7.75,473749
VARDHACRLC,2007-09-17 00:00:00+05:30,8.2,8.2,7.7,7.8,224465
VARDHACRLC,2007-09-18 00:00:00+05:30,7.75,8.1,7.6,7.95,240877
VARDHACRLC,2007-09-19 00:00:00+05:30,8.2,8.25,7.9,8.2,445232
VARDHACRLC,2007-09-20 00:00:00+05:30,8.25,8.3,7.75,7.85,188614
VARDHACRLC,2007-09-21 00:00:00+05:30,7.95,8.0,6.3,6.55,825305
VARDHACRLC,2007-09-24 00:00:00+05:30,7.0,7.15,6.3,6.7,840362
VARDHACRLC,2007-09-25 00:00:00+05:30,6.55,6.9,6.25,6.55,456390
VARDHACRLC,2007-09-26 00:00:00+05:30,6.75,7.25,6.5,7.0,434951
VARDHACRLC,2007-09-27 00:00:00+05:30,7.3,7.45,7.05,7.15,194451
VARDHACRLC,2007-09-28 00:00:00+05:30,7.0,7.2,6.95,7.1,161822
VARDHACRLC,2007-10-01 00:00:00+05:30,7.15,7.25,7.0,7.05,136935
VARDHACRLC,2007-10-03 00:00:00+05:30,7.45,7.75,7.2,7.35,517970
VARDHACRLC,2007-10-04 00:00:00+05:30,7.25,7.5,7.1,7.35,343219
VARDHACRLC,2007-10-05 00:00:00+05:30,7.25,7.45,7.0,7.05,164094
VARDHACRLC,2007-10-08 00:00:00+05:30,7.25,7.25,6.6,7.0,159140
VARDHACRLC,2007-10-09 00:00:00+05:30,6.9,7.1,6.8,6.95,106931
VARDHACRLC,2007-10-10 00:00:00+05:30,7.1,7.2,6.65,6.8,246977
VARDHACRLC,2007-10-11 00:00:00+05:30,6.5,7.0,6.5,6.7,190012
VARDHACRLC,2007-10-12 00:00:00+05:30,6.75,6.9,6.5,6.6,257116
VARDHACRLC,2007-10-15 00:00:00+05:30,6.85,6.85,6.4,6.6,236534
VARDHACRLC,2007-10-16 00:00:00+05:30,6.65,6.7,6.35,6.4,223720
VARDHACRLC,2007-10-17 00:00:00+05:30,6.05,6.55,6.05,6.45,97877
VARDHACRLC,2007-10-18 00:00:00+05:30,6.6,6.75,6.5,6.55,82134
VARDHACRLC,2007-10-19 00:00:00+05:30,6.5,6.5,6.25,6.25,94945
VARDHACRLC,2007-10-22 00:00:00+05:30,6.5,6.5,6.2,6.3,87044
VARDHACRLC,2007-10-23 00:00:00+05:30,6.5,6.7,6.3,6.45,59949
VARDHACRLC,2007-10-24 00:00:00+05:30,6.55,6.65,6.3,6.35,106688
VARDHACRLC,2007-10-25 00:00:00+05:30,6.35,6.45,6.25,6.3,114811
VARDHACRLC,2007-10-26 00:00:00+05:30,6.3,6.5,6.3,6.35,64290
VARDHACRLC,2007-10-29 00:00:00+05:30,6.45,6.8,6.25,6.3,152133
VARDHACRLC,2007-10-30 00:00:00+05:30,6.45,6.45,6.1,6.15,172396
VARDHACRLC,2007-10-31 00:00:00+05:30,6.35,6.35,6.1,6.2,182378
VARDHACRLC,2007-11-01 00:00:00+05:30,6.25,6.3,6.1,6.15,99685
VARDHACRLC,2007-11-02 00:00:00+05:30,6.1,6.4,6.0,6.3,166012
VARDHACRLC,2007-11-05 00:00:00+05:30,6.3,6.3,6.05,6.1,118767
VARDHACRLC,2007-11-06 00:00:00+05:30,6.1,6.25,6.05,6.05,156378
VARDHACRLC,2007-11-07 00:00:00+05:30,6.1,6.2,6.05,6.05,76045
VARDHACRLC,2007-11-08 00:00:00+05:30,6.1,6.3,6.05,6.2,63596
VARDHACRLC,2007-11-09 00:00:00+05:30,6.35,6.35,6.15,6.25,10469
VARDHACRLC,2007-11-12 00:00:00+05:30,6.15,6.15,5.95,6.1,90665
VARDHACRLC,2007-11-13 00:00:00+05:30,6.2,6.5,6.1,6.2,83351
VARDHACRLC,2007-11-14 00:00:00+05:30,6.3,6.35,6.2,6.3,105242
VARDHACRLC,2007-11-15 00:00:00+05:30,6.3,6.8,6.2,6.7,293669
VARDHACRLC,2007-11-16 00:00:00+05:30,6.6,6.95,6.55,6.7,217214
VARDHACRLC,2007-11-19 00:00:00+05:30,6.85,7.4,6.85,7.3,552164
VARDHACRLC,2007-11-20 00:00:00+05:30,7.25,7.5,6.65,7.05,431554
VARDHACRLC,2007-11-21 00:00:00+05:30,7.2,7.25,6.6,6.65,237713
VARDHACRLC,2007-11-22 00:00:00+05:30,6.8,6.85,6.5,6.55,142437
VARDHACRLC,2007-11-23 00:00:00+05:30,6.6,6.7,6.5,6.55,40988
VARDHACRLC,2007-11-26 00:00:00+05:30,6.7,6.7,6.5,6.6,70026
VARDHACRLC,2007-11-27 00:00:00+05:30,6.55,6.75,6.5,6.65,90071
VARDHACRLC,2007-11-28 00:00:00+05:30,6.55,6.8,6.5,6.65,75036
VARDHACRLC,2007-11-29 00:00:00+05:30,6.65,6.8,6.3,6.45,211895
VARDHACRLC,2007-11-30 00:00:00+05:30,6.5,6.7,6.4,6.6,73840
VARDHACRLC,2007-12-03 00:00:00+05:30,6.75,7.1,6.6,7.0,219035
VARDHACRLC,2007-12-04 00:00:00+05:30,6.95,7.15,6.8,7.05,190518
VARDHACRLC,2007-12-05 00:00:00+05:30,7.1,7.5,7.0,7.35,334245
VARDHACRLC,2007-12-06 00:00:00+05:30,7.95,7.95,7.3,7.45,657342
VARDHACRLC,2007-12-07 00:00:00+05:30,7.7,7.8,7.0,7.3,360460
VARDHACRLC,2007-12-10 00:00:00+05:30,8.0,8.6,7.1,8.45,1559853
VARDHACRLC,2007-12-11 00:00:00+05:30,8.9,10.15,8.85,10.15,3335219
VARDHACRLC,2007-12-12 00:00:00+05:30,10.85,11.2,10.05,11.2,3486955
VARDHACRLC,2007-12-13 00:00:00+05:30,11.9,12.35,11.25,12.35,3807529
VARDHACRLC,2007-12-14 00:00:00+05:30,13.6,13.6,12.95,13.6,2195445
VARDHACRLC,2007-12-17 00:00:00+05:30,15.0,15.0,12.25,12.25,3865610
VARDHACRLC,2007-12-18 00:00:00+05:30,11.5,12.0,11.05,11.25,1487666
VARDHACRLC,2007-12-19 00:00:00+05:30,11.9,12.4,11.55,12.0,1664001
VARDHACRLC,2007-12-20 00:00:00+05:30,12.5,13.0,10.8,11.0,1054306
VARDHACRLC,2007-12-24 00:00:00+05:30,11.9,11.9,10.5,10.65,748157
VARDHACRLC,2007-12-26 00:00:00+05:30,11.5,11.75,9.7,11.55,1685059
VARDHACRLC,2007-12-27 00:00:00+05:30,11.8,12.4,11.1,11.3,1014441
VARDHACRLC,2007-12-28 00:00:00+05:30,11.6,11.65,11.1,11.45,738535
VARDHACRLC,2007-12-31 00:00:00+05:30,12.25,12.6,11.5,12.6,2428084
VARDHACRLC,2008-01-01 00:00:00+05:30,13.7,13.7,12.7,13.0,2008444
VARDHACRLC,2008-01-02 00:00:00+05:30,13.85,13.85,12.1,13.1,1836085
VARDHACRLC,2008-01-03 00:00:00+05:30,13.0,13.35,12.65,12.8,1235912
VARDHACRLC,2008-01-04 00:00:00+05:30,13.25,13.25,12.05,12.2,994467
VARDHACRLC,2008-01-07 00:00:00+05:30,12.0,12.25,11.5,11.65,1082116
VARDHACRLC,2008-01-08 00:00:00+05:30,12.2,12.2,10.55,11.05,807329
VARDHACRLC,2008-01-09 00:00:00+05:30,10.1,11.0,10.1,10.35,670502
VARDHACRLC,2008-01-10 00:00:00+05:30,10.55,11.0,9.8,9.9,606963
VARDHACRLC,2008-01-11 00:00:00+05:30,10.45,10.45,9.15,9.4,351231
VARDHACRLC,2008-01-14 00:00:00+05:30,8.65,10.3,8.5,10.05,514913
VARDHACRLC,2008-01-15 00:00:00+05:30,10.15,10.35,9.75,10.0,355163
VARDHACRLC,2008-01-16 00:00:00+05:30,9.05,10.0,9.05,9.7,308036
VARDHACRLC,2008-01-17 00:00:00+05:30,9.4,10.2,9.35,10.0,352573
VARDHACRLC,2008-01-18 00:00:00+05:30,9.9,10.1,9.05,9.2,317045
VARDHACRLC,2008-01-21 00:00:00+05:30,8.55,8.95,8.3,8.3,411831
VARDHACRLC,2008-01-22 00:00:00+05:30,8.3,8.3,7.5,7.5,58280
VARDHACRLC,2008-01-23 00:00:00+05:30,7.4,7.9,7.15,7.4,472620
VARDHACRLC,2008-01-24 00:00:00+05:30,7.25,7.8,7.05,7.05,232155
VARDHACRLC,2008-01-25 00:00:00+05:30,7.05,7.4,6.9,7.35,325089
VARDHACRLC,2008-01-28 00:00:00+05:30,7.0,7.6,7.0,7.35,198489
VARDHACRLC,2008-01-29 00:00:00+05:30,7.7,7.7,7.25,7.45,143144
VARDHACRLC,2008-01-30 00:00:00+05:30,7.7,7.7,7.1,7.15,95452
VARDHACRLC,2008-01-31 00:00:00+05:30,6.95,7.2,6.85,7.1,164264
VARDHACRLC,2008-02-01 00:00:00+05:30,7.15,7.15,6.85,7.05,156888
VARDHACRLC,2008-02-04 00:00:00+05:30,7.3,7.35,6.75,6.9,440513
VARDHACRLC,2008-02-05 00:00:00+05:30,6.95,7.25,6.9,7.25,153968
VARDHACRLC,2008-02-06 00:00:00+05:30,7.0,7.65,6.95,7.6,187891
VARDHACRLC,2008-02-07 00:00:00+05:30,7.6,8.0,7.55,7.65,309325
VARDHACRLC,2008-02-08 00:00:00+05:30,7.65,7.65,7.3,7.4,216775
VARDHACRLC,2008-02-11 00:00:00+05:30,7.2,7.25,7.05,7.05,194084
VARDHACRLC,2008-02-12 00:00:00+05:30,6.7,7.2,6.7,6.75,158020
VARDHACRLC,2008-02-13 00:00:00+05:30,6.85,7.0,6.5,6.55,133677
VARDHACRLC,2008-02-14 00:00:00+05:30,6.8,6.85,6.6,6.85,151421
VARDHACRLC,2008-02-15 00:00:00+05:30,6.8,7.05,6.75,7.0,137075
VARDHACRLC,2008-02-18 00:00:00+05:30,7.0,7.2,6.85,7.1,135241
VARDHACRLC,2008-02-19 00:00:00+05:30,7.4,7.4,6.9,6.95,125466
VARDHACRLC,2008-02-20 00:00:00+05:30,6.85,7.2,6.75,7.15,102725
VARDHACRLC,2008-02-21 00:00:00+05:30,7.35,7.35,7.0,7.1,130878
VARDHACRLC,2008-02-22 00:00:00+05:30,7.0,7.1,6.9,7.0,77663
VARDHACRLC,2008-02-25 00:00:00+05:30,6.8,7.05,6.8,6.9,112997
VARDHACRLC,2008-02-26 00:00:00+05:30,7.1,7.2,6.9,7.1,115850
VARDHACRLC,2008-02-27 00:00:00+05:30,7.1,7.3,6.9,6.95,94686
VARDHACRLC,2008-02-28 00:00:00+05:30,6.95,7.1,6.9,7.05,72785
VARDHACRLC,2008-02-29 00:00:00+05:30,7.05,7.1,6.9,6.9,51620
VARDHACRLC,2008-03-03 00:00:00+05:30,6.6,6.9,6.6,6.7,79219
VARDHACRLC,2008-03-04 00:00:00+05:30,6.5,6.8,6.4,6.5,151722
VARDHACRLC,2008-03-05 00:00:00+05:30,6.2,6.8,6.2,6.4,90578
VARDHACRLC,2008-03-07 00:00:00+05:30,6.4,6.45,6.1,6.15,190168
VARDHACRLC,2008-03-10 00:00:00+05:30,5.9,5.95,5.55,5.7,231320
VARDHACRLC,2008-03-11 00:00:00+05:30,5.8,6.25,5.75,6.15,113103
VARDHACRLC,2008-03-12 00:00:00+05:30,6.35,6.45,6.2,6.3,87281
VARDHACRLC,2008-03-13 00:00:00+05:30,6.1,6.3,5.75,5.8,177909
VARDHACRLC,2008-03-14 00:00:00+05:30,5.7,6.0,5.65,5.8,123259
VARDHACRLC,2008-03-17 00:00:00+05:30,5.8,5.8,5.45,5.5,145162
VARDHACRLC,2008-03-18 00:00:00+05:30,5.1,5.75,5.1,5.55,114059
VARDHACRLC,2008-03-19 00:00:00+05:30,5.65,5.9,5.1,5.15,178009
VARDHACRLC,2008-03-24 00:00:00+05:30,5.5,5.5,5.0,5.2,295933
VARDHACRLC,2008-03-25 00:00:00+05:30,5.5,5.7,5.15,5.65,416212
VARDHACRLC,2008-03-26 00:00:00+05:30,5.75,5.9,5.4,5.7,97351
VARDHACRLC,2008-03-27 00:00:00+05:30,5.3,5.9,5.3,5.75,172760
VARDHACRLC,2008-03-28 00:00:00+05:30,5.7,6.3,5.7,6.25,217031
VARDHACRLC,2008-03-31 00:00:00+05:30,5.95,6.35,5.95,6.1,112100
VARDHACRLC,2008-04-01 00:00:00+05:30,6.05,6.3,5.9,6.25,82520
VARDHACRLC,2008-04-02 00:00:00+05:30,6.35,6.45,6.2,6.25,128598
VARDHACRLC,2008-04-03 00:00:00+05:30,6.3,6.5,6.2,6.35,115299
VARDHACRLC,2008-04-04 00:00:00+05:30,6.25,6.5,6.2,6.4,79436
VARDHACRLC,2008-04-07 00:00:00+05:30,6.45,6.5,6.15,6.15,104569
VARDHACRLC,2008-04-08 00:00:00+05:30,6.2,6.35,5.95,6.15,55660
VARDHACRLC,2008-04-09 00:00:00+05:30,6.0,6.2,6.0,6.15,48630
VARDHACRLC,2008-04-10 00:00:00+05:30,6.05,6.4,6.05,6.35,52089
VARDHACRLC,2008-04-11 00:00:00+05:30,6.25,6.35,6.2,6.25,56206
VARDHACRLC,2008-04-15 00:00:00+05:30,6.05,6.25,6.05,6.15,42615
VARDHACRLC,2008-04-16 00:00:00+05:30,5.85,6.45,5.85,6.4,111372
VARDHACRLC,2008-04-17 00:00:00+05:30,6.45,6.55,6.15,6.45,103069
VARDHACRLC,2008-04-21 00:00:00+05:30,6.65,6.85,6.35,6.65,105750
VARDHACRLC,2008-04-22 00:00:00+05:30,7.0,7.05,6.7,7.0,278666
VARDHACRLC,2008-04-23 00:00:00+05:30,7.2,7.2,6.8,6.95,188232
VARDHACRLC,2008-04-24 00:00:00+05:30,7.1,7.1,6.8,6.85,70505
VARDHACRLC,2008-04-25 00:00:00+05:30,7.2,7.35,6.65,6.75,67907
VARDHACRLC,2008-04-28 00:00:00+05:30,7.0,7.2,6.9,6.95,71300
VARDHACRLC,2008-04-29 00:00:00+05:30,6.95,7.05,6.7,6.85,95141
VARDHACRLC,2008-04-30 00:00:00+05:30,6.85,6.95,6.75,6.8,82579
VARDHACRLC,2008-05-02 00:00:00+05:30,7.0,7.0,6.75,6.8,39626
VARDHACRLC,2008-05-05 00:00:00+05:30,6.9,7.05,6.7,6.95,135228
VARDHACRLC,2008-05-06 00:00:00+05:30,7.0,7.0,6.55,6.6,152730
VARDHACRLC,2008-05-07 00:00:00+05:30,6.3,6.8,6.3,6.65,67882
VARDHACRLC,2008-05-08 00:00:00+05:30,6.75,6.95,6.55,6.6,96817
VARDHACRLC,2008-05-09 00:00:00+05:30,6.6,6.85,6.1,6.3,192450
VARDHACRLC,2008-05-12 00:00:00+05:30,6.2,6.45,6.0,6.25,106026
VARDHACRLC,2008-05-13 00:00:00+05:30,6.35,6.55,6.25,6.3,114375
VARDHACRLC,2008-05-14 00:00:00+05:30,6.3,6.5,6.3,6.45,76114
VARDHACRLC,2008-05-15 00:00:00+05:30,6.45,6.55,6.4,6.45,42162
VARDHACRLC,2008-05-16 00:00:00+05:30,6.35,6.5,6.3,6.45,59874
VARDHACRLC,2008-05-20 00:00:00+05:30,6.35,6.65,6.35,6.4,44927
VARDHACRLC,2008-05-21 00:00:00+05:30,6.4,7.35,6.4,6.95,330650
VARDHACRLC,2008-05-22 00:00:00+05:30,7.15,7.25,6.95,6.95,224440
VARDHACRLC,2008-05-23 00:00:00+05:30,7.05,7.1,6.65,6.7,64510
VARDHACRLC,2008-05-26 00:00:00+05:30,6.55,6.7,6.4,6.45,45486
VARDHACRLC,2008-05-27 00:00:00+05:30,6.5,6.6,6.25,6.3,43087
VARDHACRLC,2008-05-28 00:00:00+05:30,6.05,6.4,6.05,6.3,48980
VARDHACRLC,2008-05-29 00:00:00+05:30,6.25,6.4,6.2,6.2,48747
VARDHACRLC,2008-05-30 00:00:00+05:30,6.25,6.3,6.15,6.2,56289
VARDHACRLC,2008-06-02 00:00:00+05:30,6.25,6.3,6.1,6.15,30458
VARDHACRLC,2008-06-03 00:00:00+05:30,6.05,6.1,5.9,6.0,57968
VARDHACRLC,2008-06-04 00:00:00+05:30,5.9,6.05,5.75,5.85,85032
VARDHACRLC,2008-06-05 00:00:00+05:30,5.8,5.9,5.7,5.85,69989
VARDHACRLC,2008-06-06 00:00:00+05:30,6.0,6.15,5.85,5.85,51809
VARDHACRLC,2008-06-09 00:00:00+05:30,5.75,6.05,5.65,6.0,94516
VARDHACRLC,2008-06-10 00:00:00+05:30,5.75,6.0,5.75,5.8,79757
VARDHACRLC,2008-06-11 00:00:00+05:30,5.8,5.9,5.75,5.85,85807
VARDHACRLC,2008-06-12 00:00:00+05:30,5.35,5.95,5.35,5.9,27400
VARDHACRLC,2008-06-13 00:00:00+05:30,5.75,6.05,5.75,6.0,45016
VARDHACRLC,2008-06-16 00:00:00+05:30,5.95,6.1,5.85,5.9,20579
VARDHACRLC,2008-06-17 00:00:00+05:30,5.85,6.05,5.8,6.0,35410
VARDHACRLC,2008-06-18 00:00:00+05:30,6.0,6.2,5.85,5.9,36702
VARDHACRLC,2008-06-19 00:00:00+05:30,5.9,6.0,5.75,5.8,37187
VARDHACRLC,2008-06-20 00:00:00+05:30,5.9,5.9,5.75,5.75,50255
VARDHACRLC,2008-06-23 00:00:00+05:30,5.25,5.8,5.25,5.6,59865
VARDHACRLC,2008-06-24 00:00:00+05:30,5.5,5.65,5.5,5.5,45170
VARDHACRLC,2008-06-25 00:00:00+05:30,5.05,5.55,5.05,5.45,35995
VARDHACRLC,2008-06-26 00:00:00+05:30,5.4,5.6,5.4,5.45,21059
VARDHACRLC,2008-06-27 00:00:00+05:30,6.55,6.55,5.35,5.45,41207
VARDHACRLC,2008-06-30 00:00:00+05:30,5.35,5.65,5.25,5.3,73091
VARDHACRLC,2008-07-01 00:00:00+05:30,5.3,5.3,5.0,5.0,86231
VARDHACRLC,2008-07-02 00:00:00+05:30,5.0,5.15,4.75,5.05,95323
VARDHACRLC,2008-07-03 00:00:00+05:30,5.15,5.2,4.8,5.0,36665
VARDHACRLC,2008-07-04 00:00:00+05:30,4.9,5.05,4.75,5.0,57635
VARDHACRLC,2008-07-07 00:00:00+05:30,4.9,5.85,4.9,5.1,33613
VARDHACRLC,2008-07-08 00:00:00+05:30,5.1,5.1,4.9,5.1,15526
VARDHACRLC,2008-07-09 00:00:00+05:30,5.1,5.2,5.05,5.1,40820
VARDHACRLC,2008-07-10 00:00:00+05:30,5.15,5.2,5.0,5.15,27238
VARDHACRLC,2008-07-11 00:00:00+05:30,5.05,5.2,5.0,5.05,26481
VARDHACRLC,2008-07-14 00:00:00+05:30,5.2,5.2,5.0,5.1,7428
VARDHACRLC,2008-07-15 00:00:00+05:30,5.2,5.2,5.05,5.05,40345
VARDHACRLC,2008-07-16 00:00:00+05:30,5.1,5.15,4.85,5.05,37895
VARDHACRLC,2008-07-17 00:00:00+05:30,5.0,5.1,4.65,5.05,50033
VARDHACRLC,2008-07-18 00:00:00+05:30,5.05,5.1,5.0,5.05,29513
VARDHACRLC,2008-07-21 00:00:00+05:30,5.1,5.2,5.0,5.1,30295
VARDHACRLC,2008-07-22 00:00:00+05:30,5.0,5.2,5.0,5.1,10808
VARDHACRLC,2008-07-23 00:00:00+05:30,5.35,5.35,5.15,5.3,55657
VARDHACRLC,2008-07-24 00:00:00+05:30,5.3,5.3,5.2,5.2,17624
VARDHACRLC,2008-07-25 00:00:00+05:30,5.1,5.35,5.1,5.3,14398
VARDHACRLC,2008-07-28 00:00:00+05:30,5.1,5.35,5.1,5.3,20453
VARDHACRLC,2008-07-29 00:00:00+05:30,5.1,5.25,5.1,5.1,30149
VARDHACRLC,2008-07-30 00:00:00+05:30,5.2,5.55,5.0,5.45,54313
VARDHACRLC,2008-07-31 00:00:00+05:30,5.65,5.65,5.2,5.4,22853
VARDHACRLC,2008-08-01 00:00:00+05:30,5.4,5.5,5.1,5.3,26559
VARDHACRLC,2008-08-04 00:00:00+05:30,5.5,5.7,5.2,5.65,66425
VARDHACRLC,2008-08-05 00:00:00+05:30,5.6,5.85,5.6,5.7,58351
VARDHACRLC,2008-08-06 00:00:00+05:30,6.5,6.5,5.5,5.65,50483
VARDHACRLC,2008-08-07 00:00:00+05:30,5.55,5.8,5.55,5.65,31385
VARDHACRLC,2008-08-08 00:00:00+05:30,5.65,5.65,5.4,5.6,28807
VARDHACRLC,2008-08-11 00:00:00+05:30,5.6,5.8,5.55,5.6,28242
VARDHACRLC,2008-08-12 00:00:00+05:30,5.6,5.95,5.6,5.85,54871
VARDHACRLC,2008-08-13 00:00:00+05:30,5.85,5.95,5.75,5.85,36452
VARDHACRLC,2008-08-14 00:00:00+05:30,5.4,5.9,5.4,5.65,52936
VARDHACRLC,2008-08-18 00:00:00+05:30,6.05,6.05,5.7,5.75,55295
VARDHACRLC,2008-08-19 00:00:00+05:30,5.75,5.95,5.7,5.85,33463
VARDHACRLC,2008-08-20 00:00:00+05:30,5.75,5.9,5.7,5.7,42742
VARDHACRLC,2008-08-21 00:00:00+05:30,5.95,5.95,5.65,5.7,33809
VARDHACRLC,2008-08-22 00:00:00+05:30,5.5,5.7,5.5,5.55,36145
VARDHACRLC,2008-08-25 00:00:00+05:30,5.7,5.8,5.55,5.65,93280
VARDHACRLC,2008-08-26 00:00:00+05:30,5.6,5.8,5.6,5.65,41102
VARDHACRLC,2008-08-27 00:00:00+05:30,5.55,5.8,5.55,5.6,28736
VARDHACRLC,2008-08-28 00:00:00+05:30,5.4,5.6,5.35,5.5,16638
VARDHACRLC,2008-08-29 00:00:00+05:30,5.5,5.65,5.45,5.5,35498
VARDHACRLC,2008-09-01 00:00:00+05:30,5.5,5.75,5.5,5.65,25959
VARDHACRLC,2008-09-02 00:00:00+05:30,5.4,5.7,5.4,5.5,36026
VARDHACRLC,2008-09-04 00:00:00+05:30,5.6,5.7,5.6,5.7,13867
VARDHACRLC,2008-09-05 00:00:00+05:30,5.7,5.75,5.65,5.7,56854
VARDHACRLC,2008-09-08 00:00:00+05:30,5.8,5.9,5.65,5.65,47241
VARDHACRLC,2008-09-09 00:00:00+05:30,5.65,5.75,5.65,5.7,32868
VARDHACRLC,2008-09-10 00:00:00+05:30,5.85,5.9,5.6,5.65,17078
VARDHACRLC,2008-09-11 00:00:00+05:30,5.75,5.75,5.4,5.6,41679
VARDHACRLC,2008-09-12 00:00:00+05:30,5.5,5.7,5.5,5.6,42749
VARDHACRLC,2008-09-15 00:00:00+05:30,5.4,5.6,5.2,5.45,47449
VARDHACRLC,2008-09-16 00:00:00+05:30,5.2,5.4,5.05,5.2,56853
VARDHACRLC,2008-09-17 00:00:00+05:30,5.15,5.5,5.1,5.15,23380
VARDHACRLC,2008-09-18 00:00:00+05:30,5.0,5.2,4.75,5.05,94779
VARDHACRLC,2008-09-19 00:00:00+05:30,5.05,5.25,5.05,5.15,23760
VARDHACRLC,2008-09-22 00:00:00+05:30,5.25,5.25,5.05,5.05,20941
VARDHACRLC,2008-09-23 00:00:00+05:30,5.05,5.2,5.05,5.1,9584
VARDHACRLC,2008-09-24 00:00:00+05:30,5.05,5.25,5.05,5.15,26552
VARDHACRLC,2008-09-25 00:00:00+05:30,4.85,5.15,4.75,5.0,15495
VARDHACRLC,2008-09-26 00:00:00+05:30,5.5,5.5,4.9,4.95,31976
VARDHACRLC,2008-09-29 00:00:00+05:30,4.8,5.0,4.75,4.9,61196
VARDHACRLC,2008-09-30 00:00:00+05:30,4.7,4.75,3.95,4.4,149447
VARDHACRLC,2008-10-01 00:00:00+05:30,4.45,4.85,4.4,4.8,27062
VARDHACRLC,2008-10-03 00:00:00+05:30,4.65,4.65,4.45,4.45,16758
VARDHACRLC,2008-10-06 00:00:00+05:30,4.5,4.8,4.25,4.3,22517
VARDHACRLC,2008-10-07 00:00:00+05:30,4.25,4.65,4.2,4.3,38043
VARDHACRLC,2008-10-08 00:00:00+05:30,4.1,4.35,3.55,4.15,74473
VARDHACRLC,2008-10-10 00:00:00+05:30,4.35,4.35,3.35,3.5,469309
VARDHACRLC,2008-10-13 00:00:00+05:30,3.55,3.9,3.5,3.65,70055
VARDHACRLC,2008-10-14 00:00:00+05:30,3.75,4.15,3.75,3.75,34449
VARDHACRLC,2008-10-15 00:00:00+05:30,3.65,3.65,3.5,3.6,18767
VARDHACRLC,2008-10-16 00:00:00+05:30,2.9,3.65,2.9,3.55,36861
VARDHACRLC,2008-10-17 00:00:00+05:30,3.5,4.0,3.4,3.75,67843
VARDHACRLC,2008-10-20 00:00:00+05:30,3.65,3.7,3.5,3.7,25650
VARDHACRLC,2008-10-21 00:00:00+05:30,3.6,3.8,3.55,3.7,22463
VARDHACRLC,2008-10-22 00:00:00+05:30,3.4,4.1,3.4,3.75,38902
VARDHACRLC,2008-10-23 00:00:00+05:30,3.3,3.85,3.3,3.7,38326
VARDHACRLC,2008-10-24 00:00:00+05:30,3.0,3.6,3.0,3.3,81104
VARDHACRLC,2008-10-27 00:00:00+05:30,2.75,3.2,2.7,2.8,140639
VARDHACRLC,2008-10-28 00:00:00+05:30,3.0,3.3,3.0,3.15,7978
VARDHACRLC,2008-10-29 00:00:00+05:30,3.05,3.4,3.05,3.15,13943
VARDHACRLC,2008-10-31 00:00:00+05:30,3.15,3.45,3.15,3.25,44479
VARDHACRLC,2008-11-03 00:00:00+05:30,3.6,3.7,3.05,3.5,71361
VARDHACRLC,2008-11-04 00:00:00+05:30,3.3,3.9,3.3,3.75,32616
VARDHACRLC,2008-11-05 00:00:00+05:30,3.55,4.4,3.55,3.75,96487
VARDHACRLC,2008-11-06 00:00:00+05:30,3.75,3.8,3.75,3.75,43714
VARDHACRLC,2008-11-07 00:00:00+05:30,3.7,3.95,3.7,3.85,64573
VARDHACRLC,2008-11-10 00:00:00+05:30,3.55,4.0,3.55,4.0,46534
VARDHACRLC,2008-11-11 00:00:00+05:30,3.75,3.85,3.75,3.75,21888
VARDHACRLC,2008-11-12 00:00:00+05:30,3.75,3.95,3.6,3.9,261111
VARDHACRLC,2008-11-14 00:00:00+05:30,3.85,3.9,3.75,3.75,45407
VARDHACRLC,2008-11-17 00:00:00+05:30,3.75,3.85,3.65,3.75,26565
VARDHACRLC,2008-11-18 00:00:00+05:30,3.6,3.9,3.6,3.9,30904
VARDHACRLC,2008-11-19 00:00:00+05:30,3.85,3.95,3.75,3.8,64663
VARDHACRLC,2008-11-20 00:00:00+05:30,3.85,3.95,3.5,3.8,59918
VARDHACRLC,2008-11-21 00:00:00+05:30,3.7,3.9,3.55,3.8,31159
VARDHACRLC,2008-11-24 00:00:00+05:30,3.8,4.0,3.75,3.9,37485
VARDHACRLC,2008-11-25 00:00:00+05:30,3.8,3.9,3.75,3.75,21851
VARDHACRLC,2008-11-26 00:00:00+05:30,3.75,3.9,3.75,3.8,16164
VARDHACRLC,2008-11-28 00:00:00+05:30,3.85,3.9,3.75,3.9,36670
VARDHACRLC,2008-12-01 00:00:00+05:30,3.9,3.9,3.8,3.8,19879
VARDHACRLC,2008-12-02 00:00:00+05:30,3.8,3.85,3.75,3.8,35412
VARDHACRLC,2008-12-03 00:00:00+05:30,3.8,3.9,3.75,3.85,10874
VARDHACRLC,2008-12-04 00:00:00+05:30,3.8,3.95,3.8,3.9,14262
VARDHACRLC,2008-12-05 00:00:00+05:30,3.9,3.95,3.8,3.9,22830
VARDHACRLC,2008-12-08 00:00:00+05:30,3.9,4.0,3.9,3.9,25517
VARDHACRLC,2008-12-10 00:00:00+05:30,3.9,4.0,3.85,3.9,15010
VARDHACRLC,2008-12-11 00:00:00+05:30,3.85,3.95,3.8,3.9,30440
VARDHACRLC,2008-12-12 00:00:00+05:30,3.9,4.15,3.85,4.05,28771
VARDHACRLC,2008-12-15 00:00:00+05:30,4.15,4.5,4.1,4.25,63238
VARDHACRLC,2008-12-16 00:00:00+05:30,4.25,4.5,4.2,4.25,34332
VARDHACRLC,2008-12-17 00:00:00+05:30,4.2,4.2,4.0,4.0,33040
VARDHACRLC,2008-12-18 00:00:00+05:30,4.0,4.1,3.9,4.0,9085
VARDHACRLC,2008-12-19 00:00:00+05:30,4.0,4.0,3.8,3.85,17304
VARDHACRLC,2008-12-22 00:00:00+05:30,4.0,4.0,3.8,3.8,24483
VARDHACRLC,2008-12-23 00:00:00+05:30,4.0,4.0,3.8,3.9,19141
VARDHACRLC,2008-12-24 00:00:00+05:30,3.85,3.95,3.8,3.85,34303
VARDHACRLC,2008-12-26 00:00:00+05:30,3.95,3.95,3.85,3.85,15966
VARDHACRLC,2008-12-29 00:00:00+05:30,3.8,3.9,3.75,3.8,10379
VARDHACRLC,2008-12-30 00:00:00+05:30,3.95,3.95,3.8,3.95,16945
VARDHACRLC,2008-12-31 00:00:00+05:30,3.85,3.95,3.85,3.9,11139
VARDHACRLC,2009-01-01 00:00:00+05:30,3.95,4.15,3.95,4.05,44753
VARDHACRLC,2009-01-02 00:00:00+05:30,4.15,4.15,4.0,4.05,23787
VARDHACRLC,2009-01-05 00:00:00+05:30,4.1,4.25,4.05,4.2,28546
VARDHACRLC,2009-01-06 00:00:00+05:30,4.05,4.1,3.85,3.95,50650
VARDHACRLC,2009-01-07 00:00:00+05:30,3.9,3.95,3.6,3.75,60381
VARDHACRLC,2009-01-09 00:00:00+05:30,3.6,3.8,3.1,3.75,47231
VARDHACRLC,2009-01-12 00:00:00+05:30,3.2,3.95,3.2,3.8,78347
VARDHACRLC,2009-01-13 00:00:00+05:30,3.7,3.85,3.7,3.75,23925
VARDHACRLC,2009-01-14 00:00:00+05:30,3.95,3.95,3.75,3.75,15375
VARDHACRLC,2009-01-15 00:00:00+05:30,3.75,3.8,3.75,3.75,26248
VARDHACRLC,2009-01-16 00:00:00+05:30,3.75,3.85,3.75,3.85,12487
VARDHACRLC,2009-01-19 00:00:00+05:30,3.85,3.9,3.75,3.75,14020
VARDHACRLC,2009-01-20 00:00:00+05:30,3.75,3.9,3.7,3.75,7620
VARDHACRLC,2009-01-21 00:00:00+05:30,3.6,3.7,3.55,3.6,25156
VARDHACRLC,2009-01-22 00:00:00+05:30,3.45,3.7,3.45,3.6,17141
VARDHACRLC,2009-01-23 00:00:00+05:30,3.4,3.6,3.35,3.6,8988
VARDHACRLC,2009-01-27 00:00:00+05:30,3.5,3.85,3.4,3.8,23163
VARDHACRLC,2009-01-28 00:00:00+05:30,3.6,3.85,3.6,3.85,15465
VARDHACRLC,2009-01-29 00:00:00+05:30,3.9,3.95,3.75,3.75,12621
VARDHACRLC,2009-01-30 00:00:00+05:30,3.75,3.9,3.75,3.8,9380
VARDHACRLC,2009-02-02 00:00:00+05:30,3.9,3.9,3.75,3.9,20660
VARDHACRLC,2009-02-03 00:00:00+05:30,3.75,3.85,3.75,3.85,5960
VARDHACRLC,2009-02-04 00:00:00+05:30,3.45,3.95,3.45,3.8,21280
VARDHACRLC,2009-02-05 00:00:00+05:30,3.75,3.95,3.75,3.75,12654
VARDHACRLC,2009-02-06 00:00:00+05:30,3.75,3.95,3.75,3.75,18108
VARDHACRLC,2009-02-09 00:00:00+05:30,3.65,3.9,3.65,3.8,5576
VARDHACRLC,2009-02-10 00:00:00+05:30,3.8,3.9,3.7,3.75,39552
VARDHACRLC,2009-02-11 00:00:00+05:30,3.85,3.85,3.75,3.75,7110
VARDHACRLC,2009-02-12 00:00:00+05:30,3.75,4.15,3.75,3.8,17158
VARDHACRLC,2009-02-13 00:00:00+05:30,3.95,4.0,3.9,3.9,5823
VARDHACRLC,2009-02-16 00:00:00+05:30,3.6,3.85,3.6,3.85,8999
VARDHACRLC,2009-02-17 00:00:00+05:30,3.8,4.5,3.6,4.0,238781
VARDHACRLC,2009-02-18 00:00:00+05:30,3.9,3.9,3.8,3.9,14384
VARDHACRLC,2009-02-19 00:00:00+05:30,3.85,3.9,3.75,3.8,15245
VARDHACRLC,2009-02-20 00:00:00+05:30,3.85,3.85,3.7,3.75,29077
VARDHACRLC,2009-02-24 00:00:00+05:30,3.65,3.9,3.65,3.75,15359
VARDHACRLC,2009-02-25 00:00:00+05:30,3.8,3.95,3.8,3.9,12496
VARDHACRLC,2009-02-26 00:00:00+05:30,3.8,3.9,3.6,3.8,38250
VARDHACRLC,2009-02-27 00:00:00+05:30,3.95,3.95,3.75,3.75,7968
VARDHACRLC,2009-03-02 00:00:00+05:30,3.8,4.15,3.7,3.8,66092
VARDHACRLC,2009-03-03 00:00:00+05:30,3.75,3.85,3.5,3.65,46878
VARDHACRLC,2009-03-04 00:00:00+05:30,3.65,4.1,3.55,4.0,57729
VARDHACRLC,2009-03-05 00:00:00+05:30,4.05,4.05,3.8,3.95,35115
VARDHACRLC,2009-03-06 00:00:00+05:30,3.95,3.95,3.85,3.9,55206
VARDHACRLC,2009-03-09 00:00:00+05:30,3.8,4.05,3.8,3.95,83119
VARDHACRLC,2009-03-12 00:00:00+05:30,3.9,3.9,3.75,3.75,23230
VARDHACRLC,2009-03-13 00:00:00+05:30,3.75,4.0,3.75,3.95,43070
VARDHACRLC,2009-03-16 00:00:00+05:30,3.85,4.0,3.85,3.95,41200
VARDHACRLC,2009-03-17 00:00:00+05:30,3.9,4.0,3.8,3.9,69016
VARDHACRLC,2009-03-18 00:00:00+05:30,3.8,3.95,3.75,3.8,32601
VARDHACRLC,2009-03-19 00:00:00+05:30,3.8,3.9,3.75,3.85,22724
VARDHACRLC,2009-03-20 00:00:00+05:30,3.8,3.85,3.75,3.75,14806
VARDHACRLC,2009-03-23 00:00:00+05:30,3.7,3.9,3.7,3.8,32783
VARDHACRLC,2009-03-24 00:00:00+05:30,3.8,3.95,3.7,3.8,37309
VARDHACRLC,2009-03-25 00:00:00+05:30,3.8,4.0,3.8,3.85,34332
VARDHACRLC,2009-03-26 00:00:00+05:30,3.8,3.95,3.8,3.95,49401
VARDHACRLC,2009-03-27 00:00:00+05:30,4.0,4.0,3.8,3.8,95579
VARDHACRLC,2009-03-30 00:00:00+05:30,3.7,4.0,3.7,3.9,53105
VARDHACRLC,2009-03-31 00:00:00+05:30,3.9,4.0,3.8,3.95,8835
VARDHACRLC,2009-04-01 00:00:00+05:30,3.8,4.0,3.8,4.0,9580
VARDHACRLC,2009-04-02 00:00:00+05:30,3.9,4.1,3.9,4.05,29472
VARDHACRLC,2009-04-06 00:00:00+05:30,4.0,4.2,4.0,4.1,57417
VARDHACRLC,2009-04-08 00:00:00+05:30,4.1,4.3,4.1,4.2,35550
VARDHACRLC,2009-04-09 00:00:00+05:30,4.3,4.35,4.0,4.2,62386
VARDHACRLC,2009-04-13 00:00:00+05:30,5.05,5.05,4.1,5.05,185259
VARDHACRLC,2009-04-15 00:00:00+05:30,4.95,6.1,4.95,5.9,385484
VARDHACRLC,2009-04-16 00:00:00+05:30,5.75,5.9,5.35,5.35,56228
VARDHACRLC,2009-04-17 00:00:00+05:30,5.05,5.5,5.05,5.35,106812
VARDHACRLC,2009-04-20 00:00:00+05:30,5.25,5.4,5.0,5.1,44089
VARDHACRLC,2009-04-21 00:00:00+05:30,5.1,5.15,4.85,5.05,46264
VARDHACRLC,2009-04-22 00:00:00+05:30,5.3,5.35,4.95,5.0,16368
VARDHACRLC,2009-04-23 00:00:00+05:30,5.05,5.05,4.75,4.95,24999
VARDHACRLC,2009-04-24 00:00:00+05:30,5.1,5.35,5.0,5.05,53802
VARDHACRLC,2009-04-27 00:00:00+05:30,5.1,5.25,5.1,5.2,66117
VARDHACRLC,2009-04-28 00:00:00+05:30,5.2,5.35,5.2,5.35,109084
VARDHACRLC,2009-04-29 00:00:00+05:30,5.2,5.4,5.15,5.35,45976
VARDHACRLC,2009-05-04 00:00:00+05:30,5.5,5.6,5.25,5.5,113756
VARDHACRLC,2009-05-05 00:00:00+05:30,5.35,6.05,5.35,6.0,233250
VARDHACRLC,2009-05-06 00:00:00+05:30,5.6,6.3,5.6,6.2,292247
VARDHACRLC,2009-05-07 00:00:00+05:30,6.1,6.35,6.1,6.35,166061
VARDHACRLC,2009-05-08 00:00:00+05:30,6.15,6.5,6.1,6.4,206802
VARDHACRLC,2009-05-11 00:00:00+05:30,6.3,6.5,6.25,6.45,132376
VARDHACRLC,2009-05-12 00:00:00+05:30,6.25,6.45,6.15,6.4,142905
VARDHACRLC,2009-05-13 00:00:00+05:30,6.75,6.75,6.15,6.25,54669
VARDHACRLC,2009-05-14 00:00:00+05:30,6.2,6.6,6.05,6.5,107479
VARDHACRLC,2009-05-15 00:00:00+05:30,6.25,6.5,6.25,6.3,93038
VARDHACRLC,2009-05-18 00:00:00+05:30,6.25,6.5,6.25,6.3,0
VARDHACRLC,2009-05-19 00:00:00+05:30,6.5,6.9,6.3,6.45,146695
VARDHACRLC,2009-05-20 00:00:00+05:30,6.65,7.1,6.4,6.9,230195
VARDHACRLC,2009-05-21 00:00:00+05:30,7.0,7.55,6.85,6.95,139892
VARDHACRLC,2009-05-22 00:00:00+05:30,7.1,7.45,6.65,6.95,72280
VARDHACRLC,2009-05-25 00:00:00+05:30,7.05,7.05,6.85,6.95,100561
VARDHACRLC,2009-05-26 00:00:00+05:30,7.35,7.35,6.75,6.8,102213
VARDHACRLC,2009-05-27 00:00:00+05:30,7.1,7.2,6.85,6.9,54405
VARDHACRLC,2009-05-28 00:00:00+05:30,6.55,7.5,6.55,7.35,135567
VARDHACRLC,2009-05-29 00:00:00+05:30,7.6,7.95,7.3,7.85,329072
VARDHACRLC,2009-06-01 00:00:00+05:30,8.4,8.65,8.1,8.65,558650
VARDHACRLC,2009-06-02 00:00:00+05:30,9.2,9.35,8.1,9.0,501307
VARDHACRLC,2009-06-03 00:00:00+05:30,9.05,9.45,9.0,9.45,265903
VARDHACRLC,2009-06-04 00:00:00+05:30,9.45,9.95,9.15,9.95,383022
VARDHACRLC,2009-06-05 00:00:00+05:30,10.45,10.45,10.1,10.45,581266
VARDHACRLC,2009-06-08 00:00:00+05:30,10.95,11.0,9.95,10.05,881031
VARDHACRLC,2009-06-09 00:00:00+05:30,9.55,10.55,9.55,10.4,450010
VARDHACRLC,2009-06-10 00:00:00+05:30,10.55,10.8,10.05,10.2,496136
VARDHACRLC,2009-06-11 00:00:00+05:30,10.5,10.5,9.9,10.2,317449
VARDHACRLC,2009-06-12 00:00:00+05:30,10.2,10.4,9.7,9.7,382901
VARDHACRLC,2009-06-15 00:00:00+05:30,9.8,9.8,9.25,9.25,227321
VARDHACRLC,2009-06-16 00:00:00+05:30,8.85,9.75,8.8,9.65,326168
VARDHACRLC,2009-06-17 00:00:00+05:30,9.35,9.85,9.2,9.35,181751
VARDHACRLC,2009-06-18 00:00:00+05:30,9.45,9.45,8.9,8.9,129271
VARDHACRLC,2009-06-19 00:00:00+05:30,8.55,9.0,8.45,8.45,125849
VARDHACRLC,2009-06-22 00:00:00+05:30,8.5,8.9,8.15,8.25,124872
VARDHACRLC,2009-06-23 00:00:00+05:30,7.85,8.65,7.85,8.45,113666
VARDHACRLC,2009-06-24 00:00:00+05:30,8.35,8.85,8.25,8.8,110423
VARDHACRLC,2009-06-25 00:00:00+05:30,8.9,9.2,8.5,8.6,114334
VARDHACRLC,2009-06-26 00:00:00+05:30,8.9,9.0,8.65,8.85,70478
VARDHACRLC,2009-06-29 00:00:00+05:30,9.15,9.15,8.9,9.0,91413
VARDHACRLC,2009-06-30 00:00:00+05:30,9.35,9.35,8.7,8.7,67240
VARDHACRLC,2009-07-01 00:00:00+05:30,9.15,9.15,8.5,8.9,139825
VARDHACRLC,2009-07-02 00:00:00+05:30,9.35,9.35,8.7,9.35,169014
VARDHACRLC,2009-07-03 00:00:00+05:30,9.05,9.55,9.05,9.5,118084
VARDHACRLC,2009-07-06 00:00:00+05:30,9.95,10.0,9.05,9.15,326431
VARDHACRLC,2009-07-07 00:00:00+05:30,9.15,9.75,8.55,9.45,129736
VARDHACRLC,2009-07-08 00:00:00+05:30,9.9,9.9,8.75,9.4,217977
VARDHACRLC,2009-07-09 00:00:00+05:30,9.0,10.0,8.85,9.85,270480
VARDHACRLC,2009-07-10 00:00:00+05:30,10.3,10.75,9.05,9.2,117040
VARDHACRLC,2009-07-13 00:00:00+05:30,9.55,9.6,8.85,9.45,261390
VARDHACRLC,2009-07-14 00:00:00+05:30,9.4,9.65,9.3,9.5,234010
VARDHACRLC,2009-07-15 00:00:00+05:30,9.5,9.65,9.45,9.55,226751
VARDHACRLC,2009-07-16 00:00:00+05:30,9.6,9.75,9.5,9.55,98109
VARDHACRLC,2009-07-17 00:00:00+05:30,9.6,10.55,9.55,10.55,727223
VARDHACRLC,2009-07-20 00:00:00+05:30,11.35,11.6,10.45,11.05,1007504
VARDHACRLC,2009-07-21 00:00:00+05:30,11.4,11.4,10.8,11.0,428628
VARDHACRLC,2009-07-22 00:00:00+05:30,11.1,11.2,10.9,11.0,360340
VARDHACRLC,2009-07-23 00:00:00+05:30,11.05,11.2,10.95,11.05,281826
VARDHACRLC,2009-07-24 00:00:00+05:30,11.4,11.9,11.0,11.5,520300
VARDHACRLC,2009-07-27 00:00:00+05:30,11.35,11.4,10.5,10.7,262331
VARDHACRLC,2009-07-28 00:00:00+05:30,11.0,11.8,10.05,11.7,883938
VARDHACRLC,2009-07-29 00:00:00+05:30,12.5,12.5,11.0,11.4,412706
VARDHACRLC,2009-07-30 00:00:00+05:30,11.45,11.75,10.35,10.7,328192
VARDHACRLC,2009-07-31 00:00:00+05:30,10.7,11.0,10.5,10.7,271059
VARDHACRLC,2009-08-03 00:00:00+05:30,11.0,11.0,10.5,10.95,126412
VARDHACRLC,2009-08-04 00:00:00+05:30,10.55,10.95,10.25,10.85,235271
VARDHACRLC,2009-08-05 00:00:00+05:30,10.9,10.95,10.55,10.65,140686
VARDHACRLC,2009-08-06 00:00:00+05:30,10.55,11.4,10.55,10.95,198154
VARDHACRLC,2009-08-07 00:00:00+05:30,11.1,11.3,10.6,10.75,115052
VARDHACRLC,2009-08-10 00:00:00+05:30,11.3,11.3,10.55,10.75,186215
VARDHACRLC,2009-08-11 00:00:00+05:30,10.1,10.8,10.1,10.4,106482
VARDHACRLC,2009-08-12 00:00:00+05:30,10.2,10.45,10.0,10.2,141733
VARDHACRLC,2009-08-13 00:00:00+05:30,10.25,10.6,10.25,10.5,70981
VARDHACRLC,2009-08-14 00:00:00+05:30,9.5,10.55,9.5,10.45,48693
VARDHACRLC,2009-08-17 00:00:00+05:30,10.25,10.7,9.9,10.0,163922
VARDHACRLC,2009-08-18 00:00:00+05:30,10.05,10.2,9.9,10.0,152138
VARDHACRLC,2009-08-19 00:00:00+05:30,10.0,10.0,9.4,9.65,134012
VARDHACRLC,2009-08-20 00:00:00+05:30,9.8,9.9,9.6,9.7,80378
VARDHACRLC,2009-08-21 00:00:00+05:30,9.6,10.4,9.6,10.3,196080
VARDHACRLC,2009-08-24 00:00:00+05:30,10.3,10.45,10.1,10.15,84902
VARDHACRLC,2009-08-25 00:00:00+05:30,10.1,10.3,10.05,10.1,70180
VARDHACRLC,2009-08-26 00:00:00+05:30,10.05,10.55,10.0,10.25,165827
VARDHACRLC,2009-08-27 00:00:00+05:30,10.05,10.85,10.05,10.25,171503
VARDHACRLC,2009-08-28 00:00:00+05:30,10.05,10.45,10.0,10.05,83247
VARDHACRLC,2009-08-31 00:00:00+05:30,9.9,10.3,9.9,10.0,152744
VARDHACRLC,2009-09-01 00:00:00+05:30,9.85,10.15,9.8,9.85,56625
VARDHACRLC,2009-09-02 00:00:00+05:30,9.85,10.05,9.75,9.8,88119
VARDHACRLC,2009-09-03 00:00:00+05:30,9.7,10.15,9.7,9.85,57379
VARDHACRLC,2009-09-04 00:00:00+05:30,9.3,9.95,9.3,9.8,132054
VARDHACRLC,2009-09-07 00:00:00+05:30,9.5,10.95,9.5,10.75,291923
VARDHACRLC,2009-09-08 00:00:00+05:30,10.85,11.2,10.25,10.55,164489
VARDHACRLC,2009-09-09 00:00:00+05:30,10.7,10.7,10.15,10.25,121062
VARDHACRLC,2009-09-10 00:00:00+05:30,10.1,10.5,9.9,10.0,181471
VARDHACRLC,2009-09-11 00:00:00+05:30,9.9,10.15,9.0,9.1,605874
VARDHACRLC,2009-09-14 00:00:00+05:30,9.4,9.5,8.9,9.0,272968
VARDHACRLC,2009-09-15 00:00:00+05:30,9.35,9.45,8.85,8.95,364729
VARDHACRLC,2009-09-16 00:00:00+05:30,9.3,9.3,8.85,8.9,283517
VARDHACRLC,2009-09-17 00:00:00+05:30,9.15,9.2,8.65,8.75,281240
VARDHACRLC,2009-09-18 00:00:00+05:30,8.75,8.9,8.5,8.6,241004
VARDHACRLC,2009-09-22 00:00:00+05:30,8.9,10.35,8.85,9.35,1626885
VARDHACRLC,2009-09-23 00:00:00+05:30,9.6,9.6,8.6,8.65,983316
VARDHACRLC,2009-09-24 00:00:00+05:30,8.85,8.9,8.5,8.65,707821
VARDHACRLC,2009-09-25 00:00:00+05:30,8.85,10.2,8.6,9.7,966664
VARDHACRLC,2009-09-29 00:00:00+05:30,10.6,10.8,10.0,10.3,599714
VARDHACRLC,2009-09-30 00:00:00+05:30,10.45,10.65,10.05,10.2,255353
VARDHACRLC,2009-10-01 00:00:00+05:30,10.2,10.2,9.7,9.8,200258
VARDHACRLC,2009-10-05 00:00:00+05:30,9.8,10.9,9.6,10.3,689345
VARDHACRLC,2009-10-06 00:00:00+05:30,10.3,10.6,10.0,10.2,189102
VARDHACRLC,2009-10-07 00:00:00+05:30,10.25,10.5,9.95,10.05,195130
VARDHACRLC,2009-10-08 00:00:00+05:30,10.15,10.2,9.85,9.95,115057
VARDHACRLC,2009-10-09 00:00:00+05:30,10.0,10.15,9.7,9.75,111595
VARDHACRLC,2009-10-12 00:00:00+05:30,9.9,10.15,9.6,9.95,193026
VARDHACRLC,2009-10-14 00:00:00+05:30,9.75,10.3,9.1,10.0,323930
VARDHACRLC,2009-10-15 00:00:00+05:30,10.0,10.15,9.9,9.9,73637
VARDHACRLC,2009-10-16 00:00:00+05:30,10.0,10.1,9.7,9.8,107267
VARDHACRLC,2009-10-20 00:00:00+05:30,9.75,10.45,9.75,10.05,298851
VARDHACRLC,2009-10-21 00:00:00+05:30,10.25,10.4,10.15,10.2,132914
VARDHACRLC,2009-10-22 00:00:00+05:30,10.1,10.6,10.1,10.2,311916
VARDHACRLC,2009-10-23 00:00:00+05:30,10.45,10.5,10.15,10.35,547924
VARDHACRLC,2009-10-26 00:00:00+05:30,10.5,11.0,10.0,10.1,601697
VARDHACRLC,2009-10-27 00:00:00+05:30,10.3,10.45,9.6,9.65,251913
VARDHACRLC,2009-10-28 00:00:00+05:30,9.75,10.2,9.7,9.8,115776
VARDHACRLC,2009-10-29 00:00:00+05:30,8.45,9.75,8.45,9.5,169433
VARDHACRLC,2009-10-30 00:00:00+05:30,10.0,10.0,8.9,9.05,222461
VARDHACRLC,2009-11-03 00:00:00+05:30,9.5,9.7,9.0,9.25,236766
VARDHACRLC,2009-11-04 00:00:00+05:30,9.35,9.65,8.85,9.1,133302
VARDHACRLC,2009-11-05 00:00:00+05:30,8.75,9.35,8.75,9.25,38205
VARDHACRLC,2009-11-06 00:00:00+05:30,8.85,9.7,8.85,9.4,75148
VARDHACRLC,2009-11-09 00:00:00+05:30,9.1,9.6,9.1,9.45,67489
VARDHACRLC,2009-11-10 00:00:00+05:30,9.1,9.6,9.1,9.3,92523
VARDHACRLC,2009-11-11 00:00:00+05:30,8.75,9.35,8.75,9.35,59233
VARDHACRLC,2009-11-12 00:00:00+05:30,8.8,9.6,8.8,9.35,73754
VARDHACRLC,2009-11-13 00:00:00+05:30,9.3,9.55,9.2,9.5,92953
VARDHACRLC,2009-11-16 00:00:00+05:30,9.55,9.65,9.25,9.3,166115
VARDHACRLC,2009-11-17 00:00:00+05:30,9.4,9.4,9.3,9.35,100800
VARDHACRLC,2009-11-18 00:00:00+05:30,9.3,9.55,9.3,9.35,154967
VARDHACRLC,2009-11-19 00:00:00+05:30,9.2,9.5,9.2,9.3,53193
VARDHACRLC,2009-11-20 00:00:00+05:30,9.25,9.35,9.15,9.3,81391
VARDHACRLC,2009-11-23 00:00:00+05:30,9.35,9.65,9.35,9.45,156825
VARDHACRLC,2009-11-24 00:00:00+05:30,9.6,10.0,9.3,9.55,255570
VARDHACRLC,2009-11-25 00:00:00+05:30,9.8,9.85,9.35,9.4,188013
VARDHACRLC,2009-11-26 00:00:00+05:30,9.7,9.7,9.3,9.45,118397
VARDHACRLC,2009-11-27 00:00:00+05:30,9.3,9.3,8.9,9.15,187385
VARDHACRLC,2009-11-30 00:00:00+05:30,9.3,9.5,9.0,9.2,180769
VARDHACRLC,2009-12-01 00:00:00+05:30,9.25,9.45,9.2,9.3,67747
VARDHACRLC,2009-12-02 00:00:00+05:30,9.45,9.8,9.45,9.6,215712
VARDHACRLC,2009-12-03 00:00:00+05:30,9.8,10.35,9.6,10.05,692025
VARDHACRLC,2009-12-04 00:00:00+05:30,10.0,10.25,9.2,9.85,249099
VARDHACRLC,2009-12-07 00:00:00+05:30,9.6,10.15,9.25,9.8,127813
VARDHACRLC,2009-12-08 00:00:00+05:30,9.8,10.15,9.8,10.1,308753
VARDHACRLC,2009-12-09 00:00:00+05:30,10.0,10.2,9.85,9.9,141697
VARDHACRLC,2009-12-10 00:00:00+05:30,10.15,10.2,9.95,10.0,356759
VARDHACRLC,2009-12-11 00:00:00+05:30,10.15,10.2,9.85,9.9,180242
VARDHACRLC,2009-12-14 00:00:00+05:30,10.15,10.2,9.95,10.05,302634
VARDHACRLC,2009-12-15 00:00:00+05:30,10.2,10.25,9.8,9.9,101219
VARDHACRLC,2009-12-16 00:00:00+05:30,10.0,10.0,9.65,9.8,209805
VARDHACRLC,2009-12-17 00:00:00+05:30,10.15,11.55,10.15,10.7,2027880
VARDHACRLC,2009-12-18 00:00:00+05:30,10.7,10.9,10.4,10.55,377683
VARDHACRLC,2009-12-21 00:00:00+05:30,10.55,11.25,10.55,10.85,661357
VARDHACRLC,2009-12-22 00:00:00+05:30,11.0,11.2,10.55,10.65,202718
VARDHACRLC,2009-12-23 00:00:00+05:30,10.5,11.15,10.5,10.85,377130
VARDHACRLC,2009-12-24 00:00:00+05:30,10.9,11.0,10.65,10.8,170530
VARDHACRLC,2009-12-29 00:00:00+05:30,11.0,11.1,10.75,10.85,161242
VARDHACRLC,2009-12-30 00:00:00+05:30,10.85,11.75,10.7,11.6,931279
VARDHACRLC,2009-12-31 00:00:00+05:30,11.7,12.9,11.7,12.6,1972306
VARDHACRLC,2010-01-04 00:00:00+05:30,12.75,13.25,12.7,12.85,1148855
VARDHACRLC,2010-01-05 00:00:00+05:30,12.9,13.5,12.5,13.0,978190
VARDHACRLC,2010-01-06 00:00:00+05:30,13.2,13.5,12.25,12.55,579874
VARDHACRLC,2010-01-07 00:00:00+05:30,12.55,12.8,12.25,12.45,409749
VARDHACRLC,2010-01-08 00:00:00+05:30,12.6,13.15,12.3,12.75,544130
VARDHACRLC,2010-01-11 00:00:00+05:30,13.0,13.4,12.75,12.9,515013
VARDHACRLC,2010-01-12 00:00:00+05:30,13.0,13.35,12.45,12.65,513633
VARDHACRLC,2010-01-13 00:00:00+05:30,12.05,12.9,11.7,12.5,225561
VARDHACRLC,2010-01-14 00:00:00+05:30,12.7,12.8,12.3,12.35,219661
VARDHACRLC,2010-01-15 00:00:00+05:30,12.7,12.7,12.1,12.2,206385
VARDHACRLC,2010-01-18 00:00:00+05:30,12.3,12.65,12.05,12.2,277759
VARDHACRLC,2010-01-19 00:00:00+05:30,12.4,13.15,12.1,12.6,674966
VARDHACRLC,2010-01-20 00:00:00+05:30,12.6,12.95,12.5,12.85,277398
VARDHACRLC,2010-01-21 00:00:00+05:30,12.6,13.15,12.3,12.45,660822
VARDHACRLC,2010-01-22 00:00:00+05:30,12.0,12.7,11.65,12.55,394620
VARDHACRLC,2010-01-25 00:00:00+05:30,12.45,12.65,12.25,12.55,311469
VARDHACRLC,2010-01-27 00:00:00+05:30,12.45,12.75,11.4,11.6,390731
VARDHACRLC,2010-01-28 00:00:00+05:30,12.25,12.25,11.1,11.35,296363
VARDHACRLC,2010-01-29 00:00:00+05:30,11.45,11.65,11.0,11.5,186302
VARDHACRLC,2010-02-01 00:00:00+05:30,12.0,12.95,11.6,12.35,384163
VARDHACRLC,2010-02-02 00:00:00+05:30,12.75,12.75,12.0,12.05,197116
VARDHACRLC,2010-02-03 00:00:00+05:30,12.55,12.55,12.0,12.05,104182
VARDHACRLC,2010-02-04 00:00:00+05:30,12.05,12.35,11.7,11.8,140143
VARDHACRLC,2010-02-05 00:00:00+05:30,11.35,11.8,11.25,11.35,217854
VARDHACRLC,2010-02-08 00:00:00+05:30,11.5,11.75,11.4,11.55,138077
VARDHACRLC,2010-02-09 00:00:00+05:30,11.55,11.65,11.4,11.55,61908
VARDHACRLC,2010-02-10 00:00:00+05:30,11.4,11.7,11.35,11.45,93389
VARDHACRLC,2010-02-11 00:00:00+05:30,11.7,11.7,11.3,11.35,90503
VARDHACRLC,2010-02-15 00:00:00+05:30,11.6,11.6,11.3,11.5,55752
VARDHACRLC,2010-02-16 00:00:00+05:30,11.45,11.6,11.25,11.35,84088
VARDHACRLC,2010-02-17 00:00:00+05:30,11.5,11.7,11.25,11.35,94065
VARDHACRLC,2010-02-18 00:00:00+05:30,11.5,11.8,11.25,11.55,118966
VARDHACRLC,2010-02-19 00:00:00+05:30,11.5,11.8,11.5,11.65,212094
VARDHACRLC,2010-02-22 00:00:00+05:30,12.1,12.5,11.85,11.95,292546
VARDHACRLC,2010-02-23 00:00:00+05:30,12.2,12.4,11.35,11.45,293651
VARDHACRLC,2010-02-24 00:00:00+05:30,11.3,11.6,11.25,11.45,56143
VARDHACRLC,2010-02-25 00:00:00+05:30,11.4,11.5,11.2,11.25,94290
VARDHACRLC,2010-02-26 00:00:00+05:30,11.5,11.55,11.25,11.3,59595
VARDHACRLC,2010-03-02 00:00:00+05:30,11.35,11.65,11.25,11.6,110911
VARDHACRLC,2010-03-03 00:00:00+05:30,11.55,11.7,11.5,11.6,97162
VARDHACRLC,2010-03-04 00:00:00+05:30,11.65,12.2,11.5,11.9,236966
VARDHACRLC,2010-03-05 00:00:00+05:30,12.05,12.1,11.5,11.6,235079
VARDHACRLC,2010-03-08 00:00:00+05:30,11.9,11.9,11.55,11.6,76437
VARDHACRLC,2010-03-09 00:00:00+05:30,11.6,11.75,11.4,11.5,103357
VARDHACRLC,2010-03-10 00:00:00+05:30,11.55,11.7,11.35,11.4,76533
VARDHACRLC,2010-03-11 00:00:00+05:30,11.3,11.55,11.25,11.3,62984
VARDHACRLC,2010-03-12 00:00:00+05:30,11.45,11.7,11.25,11.55,137627
VARDHACRLC,2010-03-15 00:00:00+05:30,11.6,11.6,11.15,11.2,186776
VARDHACRLC,2010-03-16 00:00:00+05:30,11.4,11.5,11.2,11.45,59106
VARDHACRLC,2010-03-17 00:00:00+05:30,11.45,11.5,11.25,11.3,96915
VARDHACRLC,2010-03-18 00:00:00+05:30,11.3,11.65,11.15,11.2,294997
VARDHACRLC,2010-03-19 00:00:00+05:30,11.2,11.4,11.1,11.15,182658
VARDHACRLC,2010-03-22 00:00:00+05:30,11.3,11.3,10.95,11.0,166767
VARDHACRLC,2010-03-23 00:00:00+05:30,11.05,11.3,11.05,11.25,203151
VARDHACRLC,2010-03-25 00:00:00+05:30,11.2,11.3,10.8,10.9,144770
VARDHACRLC,2010-03-26 00:00:00+05:30,11.0,11.1,10.45,10.5,302188
VARDHACRLC,2010-03-29 00:00:00+05:30,10.7,10.85,10.25,10.35,273615
VARDHACRLC,2010-03-30 00:00:00+05:30,10.55,10.8,10.4,10.6,57694
VARDHACRLC,2010-03-31 00:00:00+05:30,10.75,10.95,10.7,10.85,126127
VARDHACRLC,2010-04-01 00:00:00+05:30,10.9,11.45,10.9,11.4,292081
VARDHACRLC,2010-04-05 00:00:00+05:30,11.6,11.75,11.45,11.65,175845
VARDHACRLC,2010-04-06 00:00:00+05:30,11.5,11.8,11.5,11.7,119760
VARDHACRLC,2010-04-07 00:00:00+05:30,11.65,11.9,11.5,11.85,106039
VARDHACRLC,2010-04-08 00:00:00+05:30,11.65,12.3,11.5,11.6,374972
VARDHACRLC,2010-04-09 00:00:00+05:30,11.7,11.95,11.6,11.85,175195
VARDHACRLC,2010-04-12 00:00:00+05:30,11.95,12.1,11.65,11.95,283740
VARDHACRLC,2010-04-13 00:00:00+05:30,11.95,12.2,11.95,12.1,150050
VARDHACRLC,2010-04-15 00:00:00+05:30,12.2,12.75,12.2,12.4,466447
VARDHACRLC,2010-04-16 00:00:00+05:30,12.4,12.5,12.0,12.15,173261
VARDHACRLC,2010-04-19 00:00:00+05:30,12.0,12.4,11.7,11.75,309272
VARDHACRLC,2010-04-20 00:00:00+05:30,12.0,12.2,11.85,11.9,115572
VARDHACRLC,2010-04-21 00:00:00+05:30,11.85,12.7,11.85,12.35,296021
VARDHACRLC,2010-04-22 00:00:00+05:30,12.2,12.45,12.15,12.3,185572
VARDHACRLC,2010-04-23 00:00:00+05:30,12.45,13.35,12.2,13.05,958083
VARDHACRLC,2010-04-26 00:00:00+05:30,13.1,13.75,13.0,13.3,964403
VARDHACRLC,2010-04-27 00:00:00+05:30,13.5,15.0,13.35,14.45,2986226
VARDHACRLC,2010-04-28 00:00:00+05:30,14.15,14.9,12.5,13.25,2480748
VARDHACRLC,2010-04-29 00:00:00+05:30,13.4,14.65,13.4,14.4,1043889
VARDHACRLC,2010-04-30 00:00:00+05:30,14.9,16.25,14.25,15.65,2556760
VARDHACRLC,2010-05-03 00:00:00+05:30,15.6,16.1,15.15,15.55,1069404
VARDHACRLC,2010-05-04 00:00:00+05:30,15.5,16.2,14.8,14.9,1262100
VARDHACRLC,2010-05-05 00:00:00+05:30,14.1,15.1,14.05,14.9,463828
VARDHACRLC,2010-05-06 00:00:00+05:30,14.5,15.35,14.3,14.5,607089
VARDHACRLC,2010-05-07 00:00:00+05:30,14.0,14.4,12.85,13.5,594686
VARDHACRLC,2010-05-10 00:00:00+05:30,13.85,14.7,13.85,14.35,303443
VARDHACRLC,2010-05-11 00:00:00+05:30,14.3,14.5,14.0,14.4,288908
VARDHACRLC,2010-05-12 00:00:00+05:30,14.05,14.95,13.95,14.05,446190
VARDHACRLC,2010-05-13 00:00:00+05:30,14.45,14.55,14.1,14.15,137270
VARDHACRLC,2010-05-14 00:00:00+05:30,14.15,14.35,13.6,13.7,146286
VARDHACRLC,2010-05-17 00:00:00+05:30,12.0,14.1,12.0,13.95,205073
VARDHACRLC,2010-05-18 00:00:00+05:30,14.35,14.35,13.8,13.85,160332
VARDHACRLC,2010-05-19 00:00:00+05:30,13.7,13.95,13.15,13.3,201571
VARDHACRLC,2010-05-20 00:00:00+05:30,13.2,13.7,12.95,13.0,142563
VARDHACRLC,2010-05-21 00:00:00+05:30,12.75,13.15,12.55,13.0,142917
VARDHACRLC,2010-05-24 00:00:00+05:30,13.2,13.35,12.6,12.75,113800
VARDHACRLC,2010-05-25 00:00:00+05:30,12.55,12.95,12.2,12.25,210974
VARDHACRLC,2010-05-26 00:00:00+05:30,12.1,12.6,12.05,12.4,161539
VARDHACRLC,2010-05-27 00:00:00+05:30,12.5,12.85,12.15,12.6,159046
VARDHACRLC,2010-05-28 00:00:00+05:30,12.8,12.95,12.5,12.8,118641
VARDHACRLC,2010-05-31 00:00:00+05:30,12.9,13.0,12.65,12.85,69315
VARDHACRLC,2010-06-01 00:00:00+05:30,12.85,13.25,12.6,12.7,426721
VARDHACRLC,2010-06-02 00:00:00+05:30,12.6,12.9,12.6,12.85,66438
VARDHACRLC,2010-06-03 00:00:00+05:30,13.0,13.4,12.8,13.25,140311
VARDHACRLC,2010-06-04 00:00:00+05:30,13.45,13.45,13.05,13.15,55688
VARDHACRLC,2010-06-07 00:00:00+05:30,12.75,12.95,12.75,12.8,55412
VARDHACRLC,2010-06-08 00:00:00+05:30,12.4,13.7,12.3,12.5,205602
VARDHACRLC,2010-06-09 00:00:00+05:30,12.25,12.75,12.25,12.65,65648
VARDHACRLC,2010-06-10 00:00:00+05:30,13.2,13.25,12.65,12.9,86467
VARDHACRLC,2010-06-11 00:00:00+05:30,12.3,13.05,12.3,12.8,71477
VARDHACRLC,2010-06-14 00:00:00+05:30,12.8,13.05,12.6,12.85,56734
VARDHACRLC,2010-06-15 00:00:00+05:30,13.25,14.5,13.05,13.8,296061
VARDHACRLC,2010-06-16 00:00:00+05:30,13.55,13.9,13.15,13.2,122406
VARDHACRLC,2010-06-17 00:00:00+05:30,13.0,13.55,13.0,13.4,116376
VARDHACRLC,2010-06-18 00:00:00+05:30,12.8,13.4,12.8,12.95,135454
VARDHACRLC,2010-06-21 00:00:00+05:30,12.7,13.45,12.7,13.2,89957
VARDHACRLC,2010-06-22 00:00:00+05:30,13.35,13.4,13.05,13.1,172850
VARDHACRLC,2010-06-23 00:00:00+05:30,13.0,13.5,13.0,13.35,137031
VARDHACRLC,2010-06-24 00:00:00+05:30,13.6,14.2,13.45,13.8,430015
VARDHACRLC,2010-06-25 00:00:00+05:30,13.5,14.1,13.25,13.35,317363
VARDHACRLC,2010-06-28 00:00:00+05:30,13.15,13.6,13.15,13.25,227219
VARDHACRLC,2010-06-29 00:00:00+05:30,13.35,13.55,12.9,13.0,300013
VARDHACRLC,2010-06-30 00:00:00+05:30,13.1,13.8,12.9,13.55,306010
VARDHACRLC,2010-07-01 00:00:00+05:30,13.2,13.65,13.2,13.45,335477
VARDHACRLC,2010-07-02 00:00:00+05:30,13.3,13.65,13.1,13.25,225629
VARDHACRLC,2010-07-05 00:00:00+05:30,13.25,14.6,13.1,14.15,973658
VARDHACRLC,2010-07-06 00:00:00+05:30,14.1,14.45,13.85,13.95,255854
VARDHACRLC,2010-07-07 00:00:00+05:30,13.8,14.05,13.55,13.7,138039
VARDHACRLC,2010-07-08 00:00:00+05:30,13.75,14.05,13.2,13.4,346088
VARDHACRLC,2010-07-09 00:00:00+05:30,13.7,14.5,13.5,14.2,946442
VARDHACRLC,2010-07-12 00:00:00+05:30,14.25,14.85,13.95,14.05,867318
VARDHACRLC,2010-07-13 00:00:00+05:30,14.1,14.55,14.05,14.45,551246
VARDHACRLC,2010-07-14 00:00:00+05:30,14.6,14.6,14.05,14.15,435539
VARDHACRLC,2010-07-15 00:00:00+05:30,14.45,15.2,14.2,15.05,1208836
VARDHACRLC,2010-07-16 00:00:00+05:30,15.3,15.9,15.0,15.55,1841409
VARDHACRLC,2010-07-19 00:00:00+05:30,15.9,16.75,15.3,16.35,2390679
VARDHACRLC,2010-07-20 00:00:00+05:30,16.5,16.7,15.75,15.9,1288177
VARDHACRLC,2010-07-21 00:00:00+05:30,16.1,16.5,15.85,15.95,545630
VARDHACRLC,2010-07-22 00:00:00+05:30,16.0,16.05,15.45,15.55,325654
VARDHACRLC,2010-07-23 00:00:00+05:30,15.6,15.9,15.3,15.35,200821
VARDHACRLC,2010-07-26 00:00:00+05:30,15.6,15.8,14.85,14.95,246555
VARDHACRLC,2010-07-27 00:00:00+05:30,15.05,15.4,14.85,15.1,309070
VARDHACRLC,2010-07-28 00:00:00+05:30,14.95,15.25,14.7,14.85,214700
VARDHACRLC,2010-07-29 00:00:00+05:30,14.9,15.3,14.75,15.25,379894
VARDHACRLC,2010-07-30 00:00:00+05:30,15.0,15.85,14.9,15.25,780906
VARDHACRLC,2010-08-02 00:00:00+05:30,15.3,16.25,15.05,15.95,1216121
VARDHACRLC,2010-08-03 00:00:00+05:30,16.0,16.25,15.75,15.85,390772
VARDHACRLC,2010-08-04 00:00:00+05:30,15.8,16.1,15.25,15.85,474326
VARDHACRLC,2010-08-05 00:00:00+05:30,15.9,16.75,15.75,16.25,1059749
VARDHACRLC,2010-08-06 00:00:00+05:30,16.2,16.5,15.7,15.85,419882
VARDHACRLC,2010-08-09 00:00:00+05:30,16.0,16.2,15.7,16.0,448514
VARDHACRLC,2010-08-10 00:00:00+05:30,16.1,16.15,15.55,15.6,464040
VARDHACRLC,2010-08-11 00:00:00+05:30,16.0,16.0,15.35,15.55,336613
VARDHACRLC,2010-08-12 00:00:00+05:30,15.5,15.7,14.95,15.05,409047
VARDHACRLC,2010-08-13 00:00:00+05:30,15.4,15.7,15.0,15.15,554528
VARDHACRLC,2010-08-16 00:00:00+05:30,15.3,15.35,14.5,14.6,328020
VARDHACRLC,2010-08-17 00:00:00+05:30,14.65,15.15,14.6,14.95,137495
VARDHACRLC,2010-08-18 00:00:00+05:30,15.25,15.25,14.7,15.05,629290
VARDHACRLC,2010-08-19 00:00:00+05:30,15.25,15.3,14.75,14.8,220822
VARDHACRLC,2010-08-20 00:00:00+05:30,14.75,15.1,14.75,14.95,112738
VARDHACRLC,2010-08-23 00:00:00+05:30,15.0,15.15,14.8,14.85,155199
VARDHACRLC,2010-08-24 00:00:00+05:30,14.85,15.05,14.55,14.95,378272
VARDHACRLC,2010-08-25 00:00:00+05:30,14.65,14.9,14.0,14.05,531255
VARDHACRLC,2010-08-26 00:00:00+05:30,14.25,14.8,14.1,14.3,257307
VARDHACRLC,2010-08-27 00:00:00+05:30,14.35,14.7,13.9,14.05,271193
VARDHACRLC,2010-08-30 00:00:00+05:30,14.15,14.25,13.5,13.75,337075
VARDHACRLC,2010-08-31 00:00:00+05:30,13.75,13.85,13.1,13.15,362766
VARDHACRLC,2010-09-01 00:00:00+05:30,13.4,13.95,13.3,13.85,244416
VARDHACRLC,2010-09-02 00:00:00+05:30,14.0,14.4,13.9,14.05,275816
VARDHACRLC,2010-09-03 00:00:00+05:30,14.1,14.45,14.05,14.25,140720
VARDHACRLC,2010-09-06 00:00:00+05:30,14.25,14.6,11.5,14.4,236638
VARDHACRLC,2010-09-07 00:00:00+05:30,14.45,14.75,14.15,14.55,237841
VARDHACRLC,2010-09-08 00:00:00+05:30,14.75,15.15,14.35,14.95,331099
VARDHACRLC,2010-09-09 00:00:00+05:30,15.6,16.0,15.05,15.1,700801
VARDHACRLC,2010-09-13 00:00:00+05:30,15.3,15.6,14.8,14.9,219688
VARDHACRLC,2010-09-14 00:00:00+05:30,15.0,15.2,14.3,14.35,233782
VARDHACRLC,2010-09-15 00:00:00+05:30,14.25,14.7,14.2,14.3,190568
VARDHACRLC,2010-09-16 00:00:00+05:30,14.5,14.5,13.9,13.95,267053
VARDHACRLC,2010-09-17 00:00:00+05:30,14.0,14.35,13.9,13.95,487856
VARDHACRLC,2010-09-20 00:00:00+05:30,13.95,14.2,13.95,14.05,135829
VARDHACRLC,2010-09-21 00:00:00+05:30,13.9,14.25,13.6,13.75,217793
VARDHACRLC,2010-09-22 00:00:00+05:30,14.2,14.2,13.45,13.75,232026
VARDHACRLC,2010-09-23 00:00:00+05:30,13.65,14.1,13.55,13.75,348072
VARDHACRLC,2010-09-24 00:00:00+05:30,13.85,14.15,13.75,14.05,237382
VARDHACRLC,2010-09-27 00:00:00+05:30,14.1,14.2,13.6,13.65,226874
VARDHACRLC,2010-09-28 00:00:00+05:30,13.8,14.0,13.35,13.45,292577
VARDHACRLC,2010-09-29 00:00:00+05:30,13.7,13.75,13.35,13.4,161876
VARDHACRLC,2010-09-30 00:00:00+05:30,13.5,14.15,13.25,13.85,277041
VARDHACRLC,2010-10-01 00:00:00+05:30,13.95,14.2,13.75,14.0,168594
VARDHACRLC,2010-10-04 00:00:00+05:30,14.2,14.25,13.85,13.9,101480
VARDHACRLC,2010-10-05 00:00:00+05:30,13.9,14.0,13.8,13.8,80532
VARDHACRLC,2010-10-06 00:00:00+05:30,13.75,14.0,13.6,13.75,108725
VARDHACRLC,2010-10-07 00:00:00+05:30,13.8,13.9,13.6,13.65,279897
VARDHACRLC,2010-10-08 00:00:00+05:30,13.95,13.95,13.45,13.55,253248
VARDHACRLC,2010-10-11 00:00:00+05:30,13.6,13.9,13.45,13.75,182309
VARDHACRLC,2010-10-12 00:00:00+05:30,13.85,13.85,13.5,13.65,176711
VARDHACRLC,2010-10-13 00:00:00+05:30,13.75,14.3,13.65,14.0,415367
VARDHACRLC,2010-10-14 00:00:00+05:30,13.7,14.0,13.65,13.75,198594
VARDHACRLC,2010-10-15 00:00:00+05:30,13.75,14.0,13.5,13.55,131810
VARDHACRLC,2010-10-18 00:00:00+05:30,13.6,13.8,13.4,13.65,135849
VARDHACRLC,2010-10-19 00:00:00+05:30,13.65,14.45,13.65,13.95,250249
VARDHACRLC,2010-10-20 00:00:00+05:30,14.0,14.25,13.85,13.95,225640
VARDHACRLC,2010-10-21 00:00:00+05:30,14.05,14.15,13.85,13.95,113235
VARDHACRLC,2010-10-22 00:00:00+05:30,14.1,14.95,13.5,14.55,660650
VARDHACRLC,2010-10-25 00:00:00+05:30,14.6,15.25,14.6,14.95,723002
VARDHACRLC,2010-10-26 00:00:00+05:30,15.3,16.05,14.8,15.4,1386610
VARDHACRLC,2010-10-27 00:00:00+05:30,15.3,15.5,14.9,15.15,396383
VARDHACRLC,2010-10-28 00:00:00+05:30,15.25,15.35,13.65,13.75,1045674
VARDHACRLC,2010-10-29 00:00:00+05:30,13.5,14.0,13.3,13.5,453663
VARDHACRLC,2010-11-01 00:00:00+05:30,13.4,13.7,13.0,13.25,189905
VARDHACRLC,2010-11-02 00:00:00+05:30,13.4,13.45,13.05,13.2,191281
VARDHACRLC,2010-11-03 00:00:00+05:30,13.35,13.45,13.0,13.05,222453
VARDHACRLC,2010-11-04 00:00:00+05:30,13.05,13.25,12.85,12.9,134285
VARDHACRLC,2010-11-05 00:00:00+05:30,13.15,13.3,12.85,13.15,36937
VARDHACRLC,2010-11-08 00:00:00+05:30,13.1,13.2,12.85,13.1,88067
VARDHACRLC,2010-11-09 00:00:00+05:30,13.2,13.7,13.2,13.55,199754
VARDHACRLC,2010-11-10 00:00:00+05:30,13.55,13.65,13.3,13.4,458579
VARDHACRLC,2010-11-11 00:00:00+05:30,13.75,14.25,13.3,13.6,612899
VARDHACRLC,2010-11-12 00:00:00+05:30,13.75,13.8,13.1,13.3,175229
VARDHACRLC,2010-11-15 00:00:00+05:30,13.65,13.65,13.2,13.3,133848
VARDHACRLC,2010-11-16 00:00:00+05:30,13.5,13.5,12.6,12.75,178582
VARDHACRLC,2010-11-18 00:00:00+05:30,12.9,13.0,11.9,12.25,264891
VARDHACRLC,2010-11-19 00:00:00+05:30,12.5,12.55,12.1,12.15,83497
VARDHACRLC,2010-11-22 00:00:00+05:30,12.5,12.5,12.0,12.3,54720
VARDHACRLC,2010-11-23 00:00:00+05:30,12.05,12.25,11.55,12.0,139658
VARDHACRLC,2010-11-24 00:00:00+05:30,12.35,12.35,11.8,11.9,92419
VARDHACRLC,2010-11-25 00:00:00+05:30,12.0,12.25,11.45,11.6,100922
VARDHACRLC,2010-11-26 00:00:00+05:30,11.9,11.9,10.45,11.3,369577
VARDHACRLC,2010-11-29 00:00:00+05:30,11.0,11.5,10.85,11.25,62107
VARDHACRLC,2010-11-30 00:00:00+05:30,11.35,11.5,11.05,11.4,118599
VARDHACRLC,2010-12-01 00:00:00+05:30,11.8,13.1,11.4,12.05,95850
VARDHACRLC,2010-12-02 00:00:00+05:30,12.3,12.45,12.05,12.2,111905
VARDHACRLC,2010-12-03 00:00:00+05:30,12.15,12.3,11.6,11.7,89241
VARDHACRLC,2010-12-06 00:00:00+05:30,11.75,12.15,11.65,11.75,229156
VARDHACRLC,2010-12-07 00:00:00+05:30,11.75,11.8,11.5,11.6,54835
VARDHACRLC,2010-12-08 00:00:00+05:30,11.05,11.45,9.5,10.9,104445
VARDHACRLC,2010-12-09 00:00:00+05:30,10.8,10.95,10.3,10.4,138718
VARDHACRLC,2010-12-10 00:00:00+05:30,10.8,11.15,10.65,11.0,109589
VARDHACRLC,2010-12-13 00:00:00+05:30,11.0,11.3,10.85,11.15,65964
VARDHACRLC,2010-12-14 00:00:00+05:30,11.0,11.35,11.0,11.25,55371
VARDHACRLC,2010-12-15 00:00:00+05:30,11.25,11.25,10.9,10.9,39395
VARDHACRLC,2010-12-16 00:00:00+05:30,11.0,11.2,10.95,11.05,39787
VARDHACRLC,2010-12-20 00:00:00+05:30,11.0,11.05,10.65,10.7,102502
VARDHACRLC,2010-12-21 00:00:00+05:30,11.05,11.05,10.9,10.95,26324
VARDHACRLC,2010-12-22 00:00:00+05:30,11.05,11.4,11.0,11.15,32433
VARDHACRLC,2010-12-23 00:00:00+05:30,11.15,11.35,11.15,11.2,89935
VARDHACRLC,2010-12-24 00:00:00+05:30,11.2,11.6,11.2,11.45,76900
VARDHACRLC,2010-12-27 00:00:00+05:30,11.5,11.75,11.4,11.5,82776
VARDHACRLC,2010-12-28 00:00:00+05:30,11.55,11.55,11.4,11.45,9562
VARDHACRLC,2010-12-29 00:00:00+05:30,11.5,11.6,11.3,11.4,65676
VARDHACRLC,2010-12-30 00:00:00+05:30,11.5,11.75,11.5,11.55,34983
VARDHACRLC,2010-12-31 00:00:00+05:30,11.75,12.2,11.5,12.05,197707
VARDHACRLC,2011-01-03 00:00:00+05:30,12.4,12.55,11.8,12.1,112542
VARDHACRLC,2011-01-04 00:00:00+05:30,12.3,12.3,11.85,11.9,93635
VARDHACRLC,2011-01-05 00:00:00+05:30,12.0,12.15,11.75,12.05,135183
VARDHACRLC,2011-01-06 00:00:00+05:30,12.0,12.05,11.5,11.65,139724
VARDHACRLC,2011-01-07 00:00:00+05:30,11.8,12.0,11.3,11.5,101105
VARDHACRLC,2011-01-10 00:00:00+05:30,10.1,11.4,9.25,10.9,86776
VARDHACRLC,2011-01-11 00:00:00+05:30,11.05,11.4,10.7,10.8,64615
VARDHACRLC,2011-01-12 00:00:00+05:30,11.0,11.35,10.7,11.25,56415
VARDHACRLC,2011-01-13 00:00:00+05:30,11.15,11.3,11.0,11.1,32400
VARDHACRLC,2011-01-14 00:00:00+05:30,11.0,11.05,10.9,10.9,90435
VARDHACRLC,2011-01-17 00:00:00+05:30,10.1,11.1,10.1,10.85,17262
VARDHACRLC,2011-01-18 00:00:00+05:30,11.0,11.3,10.8,10.85,29682
VARDHACRLC,2011-01-19 00:00:00+05:30,11.0,11.15,10.7,10.8,164947
VARDHACRLC,2011-01-20 00:00:00+05:30,10.85,10.85,10.75,10.8,10904
VARDHACRLC,2011-01-21 00:00:00+05:30,10.85,11.0,10.7,10.95,25649
VARDHACRLC,2011-01-24 00:00:00+05:30,11.0,11.0,10.8,10.8,74956
VARDHACRLC,2011-01-25 00:00:00+05:30,10.85,10.9,10.7,10.75,39591
VARDHACRLC,2011-01-27 00:00:00+05:30,10.8,10.95,10.6,10.6,88183
VARDHACRLC,2011-01-28 00:00:00+05:30,10.8,10.8,10.25,10.3,359763
VARDHACRLC,2011-01-31 00:00:00+05:30,10.4,10.4,10.05,10.25,78153
VARDHACRLC,2011-02-01 00:00:00+05:30,10.15,10.35,10.0,10.1,46185
VARDHACRLC,2011-02-02 00:00:00+05:30,10.2,10.25,9.9,10.05,176623
VARDHACRLC,2011-02-03 00:00:00+05:30,10.1,10.2,9.9,10.1,195523
VARDHACRLC,2011-02-04 00:00:00+05:30,10.05,10.3,9.8,10.05,74901
VARDHACRLC,2011-02-07 00:00:00+05:30,10.0,10.2,9.95,9.95,52935
VARDHACRLC,2011-02-08 00:00:00+05:30,10.0,10.2,9.9,9.95,126625
VARDHACRLC,2011-02-09 00:00:00+05:30,10.0,10.0,9.05,9.25,105481
VARDHACRLC,2011-02-10 00:00:00+05:30,9.3,9.65,9.0,9.1,93014
VARDHACRLC,2011-02-11 00:00:00+05:30,9.2,9.75,9.1,9.55,51997
VARDHACRLC,2011-02-14 00:00:00+05:30,9.75,10.45,9.4,10.35,124649
VARDHACRLC,2011-02-15 00:00:00+05:30,10.45,10.45,10.0,10.25,96407
VARDHACRLC,2011-02-16 00:00:00+05:30,10.3,11.0,10.15,10.65,203633
VARDHACRLC,2011-02-17 00:00:00+05:30,10.55,10.75,10.25,10.3,37102
VARDHACRLC,2011-02-18 00:00:00+05:30,10.25,10.5,10.0,10.05,88337
VARDHACRLC,2011-02-21 00:00:00+05:30,10.15,10.75,10.0,10.7,114834
VARDHACRLC,2011-02-22 00:00:00+05:30,10.55,10.6,10.25,10.35,54964
VARDHACRLC,2011-02-23 00:00:00+05:30,10.25,10.5,10.0,10.05,108390
VARDHACRLC,2011-02-24 00:00:00+05:30,10.05,10.15,9.5,9.7,61113
VARDHACRLC,2011-02-25 00:00:00+05:30,9.95,9.95,9.7,9.8,32517
VARDHACRLC,2011-02-28 00:00:00+05:30,9.9,10.0,9.7,9.7,19105
VARDHACRLC,2011-03-01 00:00:00+05:30,10.1,10.1,9.7,9.95,29430
VARDHACRLC,2011-03-03 00:00:00+05:30,9.8,10.0,9.7,9.8,26750
VARDHACRLC,2011-03-04 00:00:00+05:30,9.95,10.0,9.7,9.7,69590
VARDHACRLC,2011-03-07 00:00:00+05:30,9.6,9.7,9.55,9.7,41785
VARDHACRLC,2011-03-08 00:00:00+05:30,9.75,9.9,9.6,9.85,28295
VARDHACRLC,2011-03-09 00:00:00+05:30,9.9,11.85,9.9,11.6,1143644
VARDHACRLC,2011-03-10 00:00:00+05:30,11.3,11.5,10.9,11.45,73411
VARDHACRLC,2011-03-11 00:00:00+05:30,11.05,11.2,10.5,11.05,171825
VARDHACRLC,2011-03-14 00:00:00+05:30,11.05,11.15,10.6,11.05,87315
VARDHACRLC,2011-03-15 00:00:00+05:30,10.65,11.1,10.2,10.3,244109
VARDHACRLC,2011-03-16 00:00:00+05:30,10.5,10.55,9.5,9.55,707746
VARDHACRLC,2011-03-17 00:00:00+05:30,9.65,9.75,9.4,9.6,263212
VARDHACRLC,2011-03-18 00:00:00+05:30,9.8,9.8,9.5,9.6,156722
VARDHACRLC,2011-03-21 00:00:00+05:30,9.6,9.75,9.25,9.35,69058
VARDHACRLC,2011-03-22 00:00:00+05:30,9.5,9.6,9.3,9.45,114751
VARDHACRLC,2011-03-23 00:00:00+05:30,9.5,9.75,9.45,9.5,132955
VARDHACRLC,2011-03-24 00:00:00+05:30,9.7,9.75,9.6,9.65,169153
VARDHACRLC,2011-03-25 00:00:00+05:30,10.9,10.9,9.6,9.75,193460
VARDHACRLC,2011-03-28 00:00:00+05:30,9.5,9.9,9.5,9.8,118723
VARDHACRLC,2011-03-29 00:00:00+05:30,9.7,9.7,9.55,9.65,193890
VARDHACRLC,2011-03-30 00:00:00+05:30,9.75,9.9,9.6,9.7,112854
VARDHACRLC,2011-03-31 00:00:00+05:30,9.8,9.9,9.6,9.65,36138
VARDHACRLC,2011-04-01 00:00:00+05:30,9.8,10.35,9.7,10.15,115044
VARDHACRLC,2011-04-04 00:00:00+05:30,10.2,10.5,10.0,10.4,141529
VARDHACRLC,2011-04-05 00:00:00+05:30,10.4,10.7,10.4,10.65,86459
VARDHACRLC,2011-04-06 00:00:00+05:30,10.6,11.0,10.55,10.6,92643
VARDHACRLC,2011-04-07 00:00:00+05:30,10.45,11.0,10.45,10.8,112854
VARDHACRLC,2011-04-08 00:00:00+05:30,10.7,11.1,10.45,10.55,170253
VARDHACRLC,2011-04-11 00:00:00+05:30,10.7,10.75,10.55,10.65,69538
VARDHACRLC,2011-04-13 00:00:00+05:30,10.65,10.8,10.6,10.7,44149
VARDHACRLC,2011-04-15 00:00:00+05:30,10.6,10.8,10.3,10.5,35156
VARDHACRLC,2011-04-18 00:00:00+05:30,10.75,10.95,10.4,10.5,117588
VARDHACRLC,2011-04-19 00:00:00+05:30,10.65,10.7,10.5,10.55,13134
VARDHACRLC,2011-04-20 00:00:00+05:30,12.0,12.0,10.6,10.75,30344
VARDHACRLC,2011-04-21 00:00:00+05:30,10.6,10.9,10.6,10.7,49800
VARDHACRLC,2011-04-25 00:00:00+05:30,10.55,10.7,10.55,10.65,18885
VARDHACRLC,2011-04-26 00:00:00+05:30,10.6,10.65,10.15,10.45,63674
VARDHACRLC,2011-04-27 00:00:00+05:30,10.7,10.7,10.4,10.55,54347
VARDHACRLC,2011-04-28 00:00:00+05:30,10.65,11.9,10.4,11.65,776597
VARDHACRLC,2011-04-29 00:00:00+05:30,11.95,12.2,10.75,11.3,502780
VARDHACRLC,2011-05-02 00:00:00+05:30,11.3,11.6,10.85,11.15,188418
VARDHACRLC,2011-05-03 00:00:00+05:30,11.0,11.15,10.7,10.7,60657
VARDHACRLC,2011-05-04 00:00:00+05:30,10.7,10.7,10.3,10.5,56235
VARDHACRLC,2011-05-05 00:00:00+05:30,10.65,12.55,10.65,12.0,1495837
VARDHACRLC,2011-05-06 00:00:00+05:30,12.0,12.0,11.15,11.6,371317
VARDHACRLC,2011-05-09 00:00:00+05:30,12.25,12.4,11.25,11.45,1379925
VARDHACRLC,2011-05-10 00:00:00+05:30,11.6,11.9,11.35,11.45,327565
VARDHACRLC,2011-05-11 00:00:00+05:30,11.65,11.7,11.4,11.6,180738
VARDHACRLC,2011-05-12 00:00:00+05:30,11.8,11.8,10.85,11.0,162124
VARDHACRLC,2011-05-13 00:00:00+05:30,11.0,11.35,11.0,11.15,62094
VARDHACRLC,2011-05-16 00:00:00+05:30,11.15,11.3,11.0,11.0,68811
VARDHACRLC,2011-05-17 00:00:00+05:30,11.4,11.4,10.7,10.8,82524
VARDHACRLC,2011-05-18 00:00:00+05:30,10.8,10.9,10.5,10.5,76523
VARDHACRLC,2011-05-19 00:00:00+05:30,10.7,10.7,10.4,10.45,60202
VARDHACRLC,2011-05-20 00:00:00+05:30,10.55,10.75,10.5,10.65,51064
VARDHACRLC,2011-05-23 00:00:00+05:30,10.3,10.6,10.25,10.35,64021
VARDHACRLC,2011-05-24 00:00:00+05:30,10.3,10.5,10.1,10.2,76577
VARDHACRLC,2011-05-25 00:00:00+05:30,10.15,10.3,10.1,10.1,62680
VARDHACRLC,2011-05-26 00:00:00+05:30,10.35,10.55,10.2,10.25,55502
VARDHACRLC,2011-05-27 00:00:00+05:30,10.3,10.6,10.2,10.5,60960
VARDHACRLC,2011-05-30 00:00:00+05:30,10.9,10.9,10.3,10.45,40325
VARDHACRLC,2011-05-31 00:00:00+05:30,10.55,10.8,10.5,10.75,66080
VARDHACRLC,2011-06-01 00:00:00+05:30,10.45,11.15,10.45,10.9,81347
VARDHACRLC,2011-06-02 00:00:00+05:30,10.8,10.85,10.55,10.6,74479
VARDHACRLC,2011-06-03 00:00:00+05:30,10.7,10.9,10.65,10.65,55288
VARDHACRLC,2011-06-06 00:00:00+05:30,10.5,10.85,10.4,10.45,63793
VARDHACRLC,2011-06-07 00:00:00+05:30,10.8,11.0,10.25,10.75,44669
VARDHACRLC,2011-06-08 00:00:00+05:30,10.75,10.95,10.55,10.7,45649
VARDHACRLC,2011-06-09 00:00:00+05:30,10.8,10.95,10.6,10.8,27237
VARDHACRLC,2011-06-10 00:00:00+05:30,10.55,10.85,10.5,10.6,32346
VARDHACRLC,2011-06-13 00:00:00+05:30,10.65,10.75,10.5,10.65,50125
VARDHACRLC,2011-06-14 00:00:00+05:30,10.7,10.95,10.7,10.75,82383
VARDHACRLC,2011-06-15 00:00:00+05:30,10.9,11.3,10.9,11.05,216309
VARDHACRLC,2011-06-16 00:00:00+05:30,10.8,11.1,10.7,11.0,49816
VARDHACRLC,2011-06-17 00:00:00+05:30,11.2,11.3,10.75,10.8,18507
VARDHACRLC,2011-06-20 00:00:00+05:30,10.8,10.8,10.4,10.4,51319
VARDHACRLC,2011-06-21 00:00:00+05:30,10.4,10.7,10.4,10.5,24836
VARDHACRLC,2011-06-22 00:00:00+05:30,10.45,10.6,10.05,10.15,78726
VARDHACRLC,2011-06-23 00:00:00+05:30,10.1,10.4,10.1,10.25,31398
VARDHACRLC,2011-06-24 00:00:00+05:30,10.4,10.5,10.1,10.25,26348
VARDHACRLC,2011-06-27 00:00:00+05:30,10.1,10.55,10.1,10.15,24726
VARDHACRLC,2011-06-28 00:00:00+05:30,10.3,10.3,10.1,10.15,53043
VARDHACRLC,2011-06-29 00:00:00+05:30,10.05,10.35,10.05,10.2,46381
VARDHACRLC,2011-06-30 00:00:00+05:30,10.35,10.45,10.15,10.2,73776
VARDHACRLC,2011-07-01 00:00:00+05:30,10.1,10.35,10.05,10.2,80746
VARDHACRLC,2011-07-04 00:00:00+05:30,10.2,10.3,10.0,10.1,87657
VARDHACRLC,2011-07-05 00:00:00+05:30,10.15,10.3,10.15,10.2,41600
VARDHACRLC,2011-07-06 00:00:00+05:30,10.15,10.3,10.05,10.15,150712
VARDHACRLC,2011-07-07 00:00:00+05:30,10.25,10.25,10.15,10.2,31699
VARDHACRLC,2011-07-08 00:00:00+05:30,10.2,10.3,10.15,10.25,23164
VARDHACRLC,2011-07-11 00:00:00+05:30,10.05,10.35,10.05,10.15,78117
VARDHACRLC,2011-07-12 00:00:00+05:30,10.25,10.25,10.15,10.15,58412
VARDHACRLC,2011-07-13 00:00:00+05:30,10.25,10.3,10.15,10.2,69476
VARDHACRLC,2011-07-14 00:00:00+05:30,10.0,10.55,10.0,10.4,92366
VARDHACRLC,2011-07-15 00:00:00+05:30,10.55,10.7,10.4,10.5,86199
VARDHACRLC,2011-07-18 00:00:00+05:30,10.7,10.8,10.55,10.7,54455
VARDHACRLC,2011-07-19 00:00:00+05:30,10.75,10.75,10.4,10.6,63612
VARDHACRLC,2011-07-20 00:00:00+05:30,10.6,10.7,10.5,10.65,41500
VARDHACRLC,2011-07-21 00:00:00+05:30,10.65,10.65,10.4,10.5,30691
VARDHACRLC,2011-07-22 00:00:00+05:30,10.15,10.65,10.15,10.25,88436
VARDHACRLC,2011-07-25 00:00:00+05:30,10.35,10.65,10.3,10.55,125854
VARDHACRLC,2011-07-26 00:00:00+05:30,10.65,11.0,10.4,10.4,14945
VARDHACRLC,2011-07-27 00:00:00+05:30,10.5,10.55,10.35,10.4,14071
VARDHACRLC,2011-07-28 00:00:00+05:30,10.35,10.4,10.25,10.35,17130
VARDHACRLC,2011-07-29 00:00:00+05:30,10.25,10.45,10.25,10.3,58014
VARDHACRLC,2011-08-01 00:00:00+05:30,10.05,10.5,10.05,10.35,48004
VARDHACRLC,2011-08-02 00:00:00+05:30,10.25,10.25,10.0,10.05,47799
VARDHACRLC,2011-08-03 00:00:00+05:30,9.95,10.1,9.85,9.9,20507
VARDHACRLC,2011-08-04 00:00:00+05:30,11.85,11.85,9.9,9.95,51076
VARDHACRLC,2011-08-05 00:00:00+05:30,9.4,9.95,9.25,9.6,96961
VARDHACRLC,2011-08-08 00:00:00+05:30,9.5,9.5,9.15,9.35,32054
VARDHACRLC,2011-08-09 00:00:00+05:30,9.1,9.4,9.05,9.1,124969
VARDHACRLC,2011-08-10 00:00:00+05:30,9.3,9.45,9.15,9.2,75065
VARDHACRLC,2011-08-11 00:00:00+05:30,9.15,9.25,9.0,9.15,35803
VARDHACRLC,2011-08-12 00:00:00+05:30,9.25,9.4,9.0,9.05,35359
VARDHACRLC,2011-08-16 00:00:00+05:30,9.4,9.4,8.8,8.95,34718
VARDHACRLC,2011-08-17 00:00:00+05:30,8.9,9.25,8.8,8.85,40369
VARDHACRLC,2011-08-18 00:00:00+05:30,8.9,8.9,8.55,8.6,36355
VARDHACRLC,2011-08-19 00:00:00+05:30,8.25,8.75,8.25,8.5,84921
VARDHACRLC,2011-08-22 00:00:00+05:30,8.3,9.15,8.3,8.6,25823
VARDHACRLC,2011-08-23 00:00:00+05:30,8.45,8.8,8.45,8.65,10410
VARDHACRLC,2011-08-24 00:00:00+05:30,8.55,8.75,8.55,8.65,6663
VARDHACRLC,2011-08-25 00:00:00+05:30,8.75,8.75,8.6,8.75,30203
VARDHACRLC,2011-08-26 00:00:00+05:30,8.5,8.75,8.5,8.6,42850
VARDHACRLC,2011-08-29 00:00:00+05:30,9.0,9.0,8.7,8.9,44386
VARDHACRLC,2011-08-30 00:00:00+05:30,8.65,9.0,8.65,8.95,67782
VARDHACRLC,2011-09-02 00:00:00+05:30,8.9,9.25,8.9,9.1,16830
VARDHACRLC,2011-09-05 00:00:00+05:30,9.2,9.25,9.0,9.15,26679
VARDHACRLC,2011-09-06 00:00:00+05:30,9.15,9.35,9.0,9.2,30132
VARDHACRLC,2011-09-07 00:00:00+05:30,9.35,10.15,9.2,9.9,154984
VARDHACRLC,2011-09-08 00:00:00+05:30,9.9,9.9,9.55,9.6,6212
VARDHACRLC,2011-09-09 00:00:00+05:30,9.6,9.65,9.3,9.5,81200
VARDHACRLC,2011-09-12 00:00:00+05:30,9.3,9.35,9.2,9.3,11302
VARDHACRLC,2011-09-13 00:00:00+05:30,9.45,9.55,9.25,9.4,32423
VARDHACRLC,2011-09-14 00:00:00+05:30,9.25,9.4,9.1,9.4,22631
VARDHACRLC,2011-09-15 00:00:00+05:30,9.5,10.0,9.45,9.8,26721
VARDHACRLC,2011-09-16 00:00:00+05:30,9.65,9.65,9.4,9.4,26835
VARDHACRLC,2011-09-19 00:00:00+05:30,9.45,9.7,9.1,9.15,93401
VARDHACRLC,2011-09-20 00:00:00+05:30,9.15,9.45,9.1,9.4,15292
VARDHACRLC,2011-09-21 00:00:00+05:30,9.5,9.75,9.4,9.65,61078
VARDHACRLC,2011-09-22 00:00:00+05:30,9.45,9.65,9.3,9.4,49685
VARDHACRLC,2011-09-23 00:00:00+05:30,9.1,9.4,9.1,9.2,24933
VARDHACRLC,2011-09-26 00:00:00+05:30,9.2,9.2,9.0,9.1,73756
VARDHACRLC,2011-09-27 00:00:00+05:30,9.15,9.4,9.1,9.2,71498
VARDHACRLC,2011-09-28 00:00:00+05:30,9.2,9.25,9.1,9.2,54637
VARDHACRLC,2011-09-29 00:00:00+05:30,9.1,9.45,9.05,9.25,52253
VARDHACRLC,2011-09-30 00:00:00+05:30,9.15,9.45,9.05,9.1,142375
VARDHACRLC,2011-10-03 00:00:00+05:30,9.0,9.1,8.85,8.95,30452
VARDHACRLC,2011-10-04 00:00:00+05:30,8.85,9.15,8.85,8.9,39856
VARDHACRLC,2011-10-05 00:00:00+05:30,9.0,9.0,8.8,8.9,67641
VARDHACRLC,2011-10-07 00:00:00+05:30,8.95,9.15,8.9,9.1,41674
VARDHACRLC,2011-10-10 00:00:00+05:30,9.1,9.15,8.9,8.9,29803
VARDHACRLC,2011-10-11 00:00:00+05:30,9.0,9.15,8.95,9.0,12969
VARDHACRLC,2011-10-12 00:00:00+05:30,9.0,9.0,8.9,8.9,9049
VARDHACRLC,2011-10-13 00:00:00+05:30,8.95,9.05,8.9,9.0,36784
VARDHACRLC,2011-10-14 00:00:00+05:30,8.9,9.0,8.9,8.95,11600
VARDHACRLC,2011-10-17 00:00:00+05:30,8.9,9.05,8.9,8.95,11143
VARDHACRLC,2011-10-18 00:00:00+05:30,8.95,8.95,8.85,8.9,5554
VARDHACRLC,2011-10-19 00:00:00+05:30,8.95,9.0,8.85,9.0,11610
VARDHACRLC,2011-10-20 00:00:00+05:30,8.85,8.9,8.8,8.85,39207
VARDHACRLC,2011-10-21 00:00:00+05:30,9.0,9.0,8.85,8.95,6895
VARDHACRLC,2011-10-24 00:00:00+05:30,8.95,9.0,8.7,8.7,39694
VARDHACRLC,2011-10-25 00:00:00+05:30,8.85,9.0,8.8,8.8,11050
VARDHACRLC,2011-10-28 00:00:00+05:30,8.9,9.1,8.9,8.95,14630
VARDHACRLC,2011-10-31 00:00:00+05:30,8.9,8.95,8.7,8.9,22751
VARDHACRLC,2011-11-01 00:00:00+05:30,8.85,8.9,8.8,8.85,99836
VARDHACRLC,2011-11-02 00:00:00+05:30,8.65,8.95,8.65,8.8,18639
VARDHACRLC,2011-11-03 00:00:00+05:30,8.9,8.9,8.75,8.85,8450
VARDHACRLC,2011-11-04 00:00:00+05:30,8.75,8.9,8.75,8.8,16409
VARDHACRLC,2011-11-08 00:00:00+05:30,8.9,9.0,8.65,8.95,39225
VARDHACRLC,2011-11-09 00:00:00+05:30,9.0,9.35,9.0,9.25,112783
VARDHACRLC,2011-11-11 00:00:00+05:30,9.15,9.15,8.85,8.95,262067
VARDHACRLC,2011-11-14 00:00:00+05:30,8.85,8.95,8.55,8.6,88345
VARDHACRLC,2011-11-15 00:00:00+05:30,8.55,8.75,8.5,8.5,64311
VARDHACRLC,2011-11-16 00:00:00+05:30,8.15,8.6,8.15,8.25,23035
VARDHACRLC,2011-11-17 00:00:00+05:30,8.25,8.5,8.15,8.2,51728
VARDHACRLC,2011-11-18 00:00:00+05:30,8.05,8.1,7.85,7.9,88843
VARDHACRLC,2011-11-21 00:00:00+05:30,8.0,8.1,7.75,7.8,13335
VARDHACRLC,2011-11-22 00:00:00+05:30,8.0,8.2,7.9,8.0,65723
VARDHACRLC,2011-11-23 00:00:00+05:30,7.85,8.0,7.85,7.9,18115
VARDHACRLC,2011-11-24 00:00:00+05:30,7.65,7.8,7.65,7.75,22357
VARDHACRLC,2011-11-25 00:00:00+05:30,7.6,8.0,7.6,7.85,35212
VARDHACRLC,2011-11-28 00:00:00+05:30,7.9,7.9,7.75,7.9,16851
VARDHACRLC,2011-11-29 00:00:00+05:30,7.85,8.0,7.7,7.7,49488
VARDHACRLC,2011-11-30 00:00:00+05:30,7.8,7.8,7.65,7.7,79562
VARDHACRLC,2011-12-01 00:00:00+05:30,7.9,7.9,7.65,7.75,17729
VARDHACRLC,2011-12-02 00:00:00+05:30,7.6,7.9,7.6,7.85,27005
VARDHACRLC,2011-12-05 00:00:00+05:30,7.9,8.0,7.7,7.75,39693
VARDHACRLC,2011-12-07 00:00:00+05:30,7.7,7.85,7.65,7.75,36975
VARDHACRLC,2011-12-08 00:00:00+05:30,7.85,7.85,7.5,7.6,37666
VARDHACRLC,2011-12-09 00:00:00+05:30,7.5,7.75,7.5,7.65,9903
VARDHACRLC,2011-12-12 00:00:00+05:30,7.45,7.8,7.45,7.55,16447
VARDHACRLC,2011-12-13 00:00:00+05:30,7.35,7.6,7.35,7.5,10298
VARDHACRLC,2011-12-14 00:00:00+05:30,7.1,7.75,7.05,7.55,19426
VARDHACRLC,2011-12-15 00:00:00+05:30,7.1,7.45,7.1,7.4,39229
VARDHACRLC,2011-12-16 00:00:00+05:30,7.65,7.7,7.15,7.25,22604
VARDHACRLC,2011-12-19 00:00:00+05:30,7.0,7.1,6.75,6.95,34112
VARDHACRLC,2011-12-20 00:00:00+05:30,6.95,6.95,6.75,6.8,43910
VARDHACRLC,2011-12-21 00:00:00+05:30,6.65,7.4,6.65,6.75,54738
VARDHACRLC,2011-12-22 00:00:00+05:30,6.8,7.0,6.75,6.85,16008
VARDHACRLC,2011-12-23 00:00:00+05:30,6.9,7.15,6.75,7.0,31527
VARDHACRLC,2011-12-26 00:00:00+05:30,7.25,7.45,6.8,7.1,135107
VARDHACRLC,2011-12-27 00:00:00+05:30,7.1,7.15,6.95,7.0,14557
VARDHACRLC,2011-12-28 00:00:00+05:30,7.2,7.2,6.85,6.95,128831
VARDHACRLC,2011-12-29 00:00:00+05:30,6.85,7.1,6.85,6.9,7882
VARDHACRLC,2011-12-30 00:00:00+05:30,6.95,7.1,6.9,6.95,13269
VARDHACRLC,2012-01-02 00:00:00+05:30,6.95,7.2,6.95,7.1,6000
VARDHACRLC,2012-01-03 00:00:00+05:30,7.05,7.45,7.05,7.35,95442
VARDHACRLC,2012-01-04 00:00:00+05:30,7.3,7.4,7.25,7.25,2240
VARDHACRLC,2012-01-05 00:00:00+05:30,7.2,7.2,7.0,7.0,47389
VARDHACRLC,2012-01-06 00:00:00+05:30,7.35,7.35,7.0,7.05,34182
VARDHACRLC,2012-01-09 00:00:00+05:30,7.1,7.25,7.05,7.15,10655
VARDHACRLC,2012-01-10 00:00:00+05:30,7.45,7.8,7.25,7.75,40568
VARDHACRLC,2012-01-11 00:00:00+05:30,7.5,7.55,7.1,7.5,49712
VARDHACRLC,2012-01-12 00:00:00+05:30,7.45,7.9,7.4,7.75,42974
VARDHACRLC,2012-01-13 00:00:00+05:30,7.8,9.0,7.75,8.45,167017
VARDHACRLC,2012-01-16 00:00:00+05:30,8.4,8.65,8.15,8.35,80755
VARDHACRLC,2012-01-17 00:00:00+05:30,8.3,8.5,8.25,8.35,33435
VARDHACRLC,2012-01-18 00:00:00+05:30,8.5,8.5,8.15,8.35,37082
VARDHACRLC,2012-01-19 00:00:00+05:30,8.25,8.6,8.15,8.4,33817
VARDHACRLC,2012-01-20 00:00:00+05:30,8.45,8.45,8.3,8.35,19013
VARDHACRLC,2012-01-23 00:00:00+05:30,8.3,8.35,8.15,8.35,32403
VARDHACRLC,2012-01-24 00:00:00+05:30,8.2,8.3,8.15,8.2,34678
VARDHACRLC,2012-01-25 00:00:00+05:30,8.3,8.45,8.1,8.35,75639
VARDHACRLC,2012-01-27 00:00:00+05:30,8.4,8.85,8.35,8.6,147166
VARDHACRLC,2012-01-30 00:00:00+05:30,8.4,8.7,8.4,8.6,95291
VARDHACRLC,2012-01-31 00:00:00+05:30,8.35,8.5,8.3,8.45,16054
VARDHACRLC,2012-02-01 00:00:00+05:30,8.4,8.45,8.1,8.15,56028
VARDHACRLC,2012-02-02 00:00:00+05:30,8.5,8.8,8.3,8.3,36316
VARDHACRLC,2012-02-03 00:00:00+05:30,8.9,8.9,8.25,8.4,45104
VARDHACRLC,2012-02-06 00:00:00+05:30,8.25,8.55,8.2,8.2,31502
VARDHACRLC,2012-02-07 00:00:00+05:30,8.35,8.35,8.0,8.05,73881
VARDHACRLC,2012-02-08 00:00:00+05:30,8.25,8.45,8.05,8.25,70401
VARDHACRLC,2012-02-09 00:00:00+05:30,8.25,8.6,8.25,8.3,76139
VARDHACRLC,2012-02-10 00:00:00+05:30,8.3,8.35,8.05,8.25,92836
VARDHACRLC,2012-02-13 00:00:00+05:30,8.25,8.3,8.15,8.25,5101
VARDHACRLC,2012-02-14 00:00:00+05:30,8.2,8.45,8.2,8.35,29942
VARDHACRLC,2012-02-15 00:00:00+05:30,8.15,8.45,8.15,8.4,79685
VARDHACRLC,2012-02-16 00:00:00+05:30,8.35,8.55,8.25,8.35,117462
VARDHACRLC,2012-02-17 00:00:00+05:30,8.4,8.6,8.2,8.3,149394
VARDHACRLC,2012-02-21 00:00:00+05:30,8.45,8.5,8.3,8.35,47114
VARDHACRLC,2012-02-22 00:00:00+05:30,8.35,8.35,7.95,8.15,164448
VARDHACRLC,2012-02-23 00:00:00+05:30,8.2,8.2,8.0,8.05,13100
VARDHACRLC,2012-02-24 00:00:00+05:30,8.0,8.35,8.0,8.3,53319
VARDHACRLC,2012-02-27 00:00:00+05:30,8.2,8.2,7.9,7.9,37009
VARDHACRLC,2012-02-28 00:00:00+05:30,8.0,8.25,7.95,8.1,71644
VARDHACRLC,2012-02-29 00:00:00+05:30,8.3,8.45,8.05,8.35,96586
VARDHACRLC,2012-03-01 00:00:00+05:30,8.35,8.4,8.1,8.35,44764
VARDHACRLC,2012-03-02 00:00:00+05:30,8.3,8.35,8.25,8.25,9704
VARDHACRLC,2012-03-05 00:00:00+05:30,8.15,8.3,8.15,8.3,75053
VARDHACRLC,2012-03-06 00:00:00+05:30,8.2,8.3,8.15,8.15,20053
VARDHACRLC,2012-03-07 00:00:00+05:30,8.1,8.25,8.0,8.1,27622
VARDHACRLC,2012-03-09 00:00:00+05:30,8.15,8.25,8.05,8.15,11100
VARDHACRLC,2012-03-12 00:00:00+05:30,8.2,8.25,8.1,8.25,20843
VARDHACRLC,2012-03-13 00:00:00+05:30,8.15,8.35,8.15,8.25,36186
VARDHACRLC,2012-03-14 00:00:00+05:30,8.3,8.3,8.1,8.1,59397
VARDHACRLC,2012-03-15 00:00:00+05:30,8.1,8.25,8.1,8.2,368883
VARDHACRLC,2012-03-16 00:00:00+05:30,8.2,8.2,8.1,8.1,7652
VARDHACRLC,2012-03-19 00:00:00+05:30,8.0,8.3,7.9,7.9,40234
VARDHACRLC,2012-03-20 00:00:00+05:30,7.9,8.0,7.8,7.85,21651
VARDHACRLC,2012-03-21 00:00:00+05:30,7.8,8.0,7.8,7.9,33488
VARDHACRLC,2012-03-22 00:00:00+05:30,7.85,7.95,7.3,7.35,99076
VARDHACRLC,2012-03-23 00:00:00+05:30,7.7,7.9,7.55,7.8,29526
VARDHACRLC,2012-03-26 00:00:00+05:30,7.7,7.85,7.35,7.35,14407
VARDHACRLC,2012-03-27 00:00:00+05:30,7.3,7.35,7.0,7.05,344360
VARDHACRLC,2012-03-28 00:00:00+05:30,7.0,7.2,7.0,7.05,308408
VARDHACRLC,2012-03-29 00:00:00+05:30,7.0,7.2,7.0,7.15,8158
VARDHACRLC,2012-03-30 00:00:00+05:30,7.15,7.3,7.0,7.05,65792
VARDHACRLC,2012-04-02 00:00:00+05:30,7.1,7.3,7.1,7.3,130273
VARDHACRLC,2012-04-03 00:00:00+05:30,7.3,7.35,7.15,7.3,118108
VARDHACRLC,2012-04-04 00:00:00+05:30,7.3,7.5,7.2,7.5,119212
VARDHACRLC,2012-04-09 00:00:00+05:30,7.4,7.55,7.4,7.5,30383
VARDHACRLC,2012-04-10 00:00:00+05:30,7.85,7.85,7.4,7.55,9922
VARDHACRLC,2012-04-11 00:00:00+05:30,7.45,7.7,7.35,7.65,35500
VARDHACRLC,2012-04-12 00:00:00+05:30,7.45,7.95,7.45,7.9,42885
VARDHACRLC,2012-04-13 00:00:00+05:30,7.85,8.15,7.65,7.9,36331
VARDHACRLC,2012-04-16 00:00:00+05:30,7.75,8.2,7.75,8.2,32384
VARDHACRLC,2012-04-17 00:00:00+05:30,8.1,8.15,7.85,8.05,99716
VARDHACRLC,2012-04-18 00:00:00+05:30,8.15,8.15,8.1,8.15,25418
VARDHACRLC,2012-04-19 00:00:00+05:30,8.15,8.6,8.1,8.5,180899
VARDHACRLC,2012-04-20 00:00:00+05:30,8.2,8.55,8.15,8.5,52584
VARDHACRLC,2012-04-23 00:00:00+05:30,8.1,8.45,8.1,8.3,14192
VARDHACRLC,2012-04-24 00:00:00+05:30,8.1,8.25,8.1,8.25,24314
VARDHACRLC,2012-04-25 00:00:00+05:30,8.1,8.1,7.85,8.0,55097
VARDHACRLC,2012-04-26 00:00:00+05:30,8.0,8.25,7.85,8.0,41706
VARDHACRLC,2012-04-27 00:00:00+05:30,8.0,8.0,7.7,7.85,21181
VARDHACRLC,2012-04-30 00:00:00+05:30,7.8,8.7,7.6,7.95,145777
VARDHACRLC,2012-05-02 00:00:00+05:30,8.0,8.15,8.0,8.05,31626
VARDHACRLC,2012-05-03 00:00:00+05:30,8.1,8.15,8.0,8.05,56909
VARDHACRLC,2012-05-04 00:00:00+05:30,7.9,8.2,7.8,7.85,35363
VARDHACRLC,2012-05-07 00:00:00+05:30,7.7,8.05,7.65,8.0,13351
VARDHACRLC,2012-05-08 00:00:00+05:30,8.2,8.2,7.9,8.0,38205
VARDHACRLC,2012-05-09 00:00:00+05:30,8.0,8.7,8.0,8.25,299719
VARDHACRLC,2012-05-10 00:00:00+05:30,8.5,8.9,8.4,8.45,137309
VARDHACRLC,2012-05-11 00:00:00+05:30,8.75,8.75,8.3,8.35,137448
VARDHACRLC,2012-05-14 00:00:00+05:30,8.35,8.5,8.3,8.3,27742
VARDHACRLC,2012-05-15 00:00:00+05:30,8.25,8.45,8.25,8.4,24566
VARDHACRLC,2012-05-16 00:00:00+05:30,8.25,8.4,8.25,8.25,17082
VARDHACRLC,2012-05-17 00:00:00+05:30,8.4,8.5,8.3,8.35,26306
VARDHACRLC,2012-05-18 00:00:00+05:30,8.2,8.4,8.2,8.4,36823
VARDHACRLC,2012-05-21 00:00:00+05:30,8.35,8.4,8.3,8.4,8710
VARDHACRLC,2012-05-22 00:00:00+05:30,7.0,8.5,7.0,8.4,33633
VARDHACRLC,2012-05-23 00:00:00+05:30,8.3,8.5,8.3,8.35,59913
VARDHACRLC,2012-05-24 00:00:00+05:30,8.35,8.5,8.1,8.35,11016
VARDHACRLC,2012-05-25 00:00:00+05:30,8.25,8.5,8.25,8.4,3048
VARDHACRLC,2012-05-28 00:00:00+05:30,8.65,8.65,8.3,8.5,50087
VARDHACRLC,2012-05-29 00:00:00+05:30,8.45,8.55,8.45,8.5,46913
VARDHACRLC,2012-05-30 00:00:00+05:30,8.5,8.6,8.4,8.55,99103
VARDHACRLC,2012-05-31 00:00:00+05:30,8.3,8.7,8.3,8.65,37112
VARDHACRLC,2012-06-01 00:00:00+05:30,8.6,8.65,8.4,8.4,127980
VARDHACRLC,2012-06-04 00:00:00+05:30,7.9,8.65,7.9,8.6,207861
VARDHACRLC,2012-06-05 00:00:00+05:30,8.1,8.7,8.1,8.6,80965
VARDHACRLC,2012-06-06 00:00:00+05:30,8.55,8.65,8.5,8.65,71885
VARDHACRLC,2012-06-07 00:00:00+05:30,8.8,8.8,8.6,8.75,110504
VARDHACRLC,2012-06-08 00:00:00+05:30,8.75,8.8,8.7,8.75,53375
VARDHACRLC,2012-06-11 00:00:00+05:30,8.65,8.75,8.65,8.7,55412
VARDHACRLC,2012-06-12 00:00:00+05:30,8.5,8.8,8.5,8.65,46803
VARDHACRLC,2012-06-13 00:00:00+05:30,8.65,8.75,8.65,8.65,12481
VARDHACRLC,2012-06-14 00:00:00+05:30,8.7,8.75,8.7,8.7,63614
VARDHACRLC,2012-06-15 00:00:00+05:30,8.7,8.8,8.7,8.7,7157
VARDHACRLC,2012-06-18 00:00:00+05:30,8.7,8.75,8.7,8.7,31380
VARDHACRLC,2012-06-19 00:00:00+05:30,8.75,8.8,8.7,8.8,23399
VARDHACRLC,2012-06-20 00:00:00+05:30,8.8,8.95,8.7,8.85,64845
VARDHACRLC,2012-06-21 00:00:00+05:30,8.75,8.95,8.75,8.8,9901
VARDHACRLC,2012-06-22 00:00:00+05:30,8.8,9.15,8.75,9.05,47477
VARDHACRLC,2012-06-25 00:00:00+05:30,9.9,9.9,9.0,9.0,19452
VARDHACRLC,2012-06-26 00:00:00+05:30,9.2,9.9,9.2,9.85,399440
VARDHACRLC,2012-06-27 00:00:00+05:30,9.75,10.3,9.75,10.05,209605
VARDHACRLC,2012-06-28 00:00:00+05:30,10.1,10.6,9.9,10.5,417837
VARDHACRLC,2012-06-29 00:00:00+05:30,10.35,11.05,10.15,10.9,507907
VARDHACRLC,2012-07-02 00:00:00+05:30,11.1,11.15,10.4,10.7,66197
VARDHACRLC,2012-07-03 00:00:00+05:30,10.75,11.05,10.75,10.95,152953
VARDHACRLC,2012-07-04 00:00:00+05:30,10.9,11.0,10.6,10.6,49957
VARDHACRLC,2012-07-05 00:00:00+05:30,10.35,11.0,10.35,11.0,247604
VARDHACRLC,2012-07-06 00:00:00+05:30,10.8,11.0,10.7,10.9,113066
VARDHACRLC,2012-07-09 00:00:00+05:30,11.1,11.1,10.7,11.0,94133
VARDHACRLC,2012-07-10 00:00:00+05:30,10.8,11.05,10.8,10.95,73506
VARDHACRLC,2012-07-11 00:00:00+05:30,10.85,11.1,10.85,11.05,121701
VARDHACRLC,2012-07-12 00:00:00+05:30,10.85,11.05,10.8,10.85,51207
VARDHACRLC,2012-07-13 00:00:00+05:30,10.8,10.9,10.25,10.4,44673
VARDHACRLC,2012-07-16 00:00:00+05:30,10.5,11.2,10.45,10.95,279576
VARDHACRLC,2012-07-17 00:00:00+05:30,10.8,11.0,10.5,10.7,281050
VARDHACRLC,2012-07-18 00:00:00+05:30,10.65,11.1,10.65,11.0,241330
VARDHACRLC,2012-07-19 00:00:00+05:30,10.75,10.85,10.75,10.8,35078
VARDHACRLC,2012-07-20 00:00:00+05:30,10.9,11.0,10.75,10.9,111973
VARDHACRLC,2012-07-23 00:00:00+05:30,10.75,11.0,10.75,11.0,242757
VARDHACRLC,2012-07-24 00:00:00+05:30,10.85,10.9,10.8,10.8,78701
VARDHACRLC,2012-07-25 00:00:00+05:30,10.8,11.2,10.65,11.0,306261
VARDHACRLC,2012-07-26 00:00:00+05:30,10.85,11.05,10.75,10.95,92972
VARDHACRLC,2012-07-27 00:00:00+05:30,10.75,11.25,10.75,10.85,424869
VARDHACRLC,2012-07-30 00:00:00+05:30,11.2,11.2,10.8,10.8,35751
VARDHACRLC,2012-07-31 00:00:00+05:30,10.8,11.4,10.8,11.1,295452
VARDHACRLC,2012-08-01 00:00:00+05:30,11.05,11.1,10.9,11.0,32301
VARDHACRLC,2012-08-02 00:00:00+05:30,11.0,11.45,11.0,11.15,240329
VARDHACRLC,2012-08-03 00:00:00+05:30,11.0,11.15,11.0,11.05,126138
VARDHACRLC,2012-08-06 00:00:00+05:30,11.05,11.55,10.85,11.4,343220
VARDHACRLC,2012-08-07 00:00:00+05:30,11.1,11.45,11.1,11.15,61593
VARDHACRLC,2012-08-08 00:00:00+05:30,11.15,11.15,11.0,11.0,17452
VARDHACRLC,2012-08-09 00:00:00+05:30,11.05,11.2,10.9,11.0,42432
VARDHACRLC,2012-08-10 00:00:00+05:30,11.0,11.15,10.9,10.9,12494
VARDHACRLC,2012-08-13 00:00:00+05:30,10.75,11.1,10.75,11.0,37001
VARDHACRLC,2012-08-14 00:00:00+05:30,10.9,11.05,10.85,11.0,26360
VARDHACRLC,2012-08-16 00:00:00+05:30,11.5,11.5,10.25,10.9,39981
VARDHACRLC,2012-08-17 00:00:00+05:30,10.9,11.4,10.9,11.25,180191
VARDHACRLC,2012-08-21 00:00:00+05:30,11.2,11.25,10.85,11.0,28792
VARDHACRLC,2012-08-22 00:00:00+05:30,10.9,11.2,10.9,11.1,90522
VARDHACRLC,2012-08-23 00:00:00+05:30,11.0,11.3,11.0,11.25,162260
VARDHACRLC,2012-08-24 00:00:00+05:30,11.0,11.3,11.0,11.25,186440
VARDHACRLC,2012-08-27 00:00:00+05:30,11.1,11.3,11.1,11.25,33562
VARDHACRLC,2012-08-28 00:00:00+05:30,11.1,11.4,11.1,11.25,167567
VARDHACRLC,2012-08-29 00:00:00+05:30,11.1,11.3,11.1,11.25,65075
VARDHACRLC,2012-08-30 00:00:00+05:30,11.1,11.35,11.1,11.25,85337
VARDHACRLC,2012-08-31 00:00:00+05:30,11.2,11.3,11.1,11.25,49047
VARDHACRLC,2012-09-03 00:00:00+05:30,11.1,11.3,11.1,11.25,177432
VARDHACRLC,2012-09-04 00:00:00+05:30,11.15,11.35,11.15,11.2,87476
VARDHACRLC,2012-09-05 00:00:00+05:30,11.15,11.3,11.15,11.2,55426
VARDHACRLC,2012-09-06 00:00:00+05:30,11.0,11.3,11.0,11.25,53095
VARDHACRLC,2012-09-07 00:00:00+05:30,11.35,11.35,11.15,11.25,33853
VARDHACRLC,2012-09-10 00:00:00+05:30,11.0,11.25,11.0,11.25,34992
VARDHACRLC,2012-09-11 00:00:00+05:30,11.1,11.25,11.1,11.2,24148
VARDHACRLC,2012-09-12 00:00:00+05:30,11.3,11.5,10.95,11.35,243747
VARDHACRLC,2012-09-13 00:00:00+05:30,11.1,11.5,11.1,11.45,160853
VARDHACRLC,2012-09-14 00:00:00+05:30,11.3,11.6,11.3,11.5,135671
VARDHACRLC,2012-09-17 00:00:00+05:30,11.15,11.55,11.15,11.45,107953
VARDHACRLC,2012-09-18 00:00:00+05:30,11.3,11.55,11.3,11.5,74602
VARDHACRLC,2012-09-20 00:00:00+05:30,11.35,11.55,11.35,11.5,39598
VARDHACRLC,2012-09-21 00:00:00+05:30,11.5,11.55,11.4,11.5,53282
VARDHACRLC,2012-09-24 00:00:00+05:30,11.2,11.55,11.2,11.5,181488
VARDHACRLC,2012-09-25 00:00:00+05:30,11.25,11.55,11.25,11.4,101552
VARDHACRLC,2012-09-26 00:00:00+05:30,11.35,11.55,11.35,11.5,71445
VARDHACRLC,2012-09-27 00:00:00+05:30,11.4,11.6,11.4,11.55,295432
VARDHACRLC,2012-09-28 00:00:00+05:30,11.4,11.6,11.4,11.55,71587
VARDHACRLC,2012-10-01 00:00:00+05:30,11.4,11.5,11.4,11.5,33968
VARDHACRLC,2012-10-03 00:00:00+05:30,11.7,11.7,11.4,11.55,73312
VARDHACRLC,2012-10-04 00:00:00+05:30,11.5,11.55,11.4,11.5,84057
VARDHACRLC,2012-10-05 00:00:00+05:30,11.5,11.5,11.3,11.35,94874
VARDHACRLC,2012-10-08 00:00:00+05:30,11.3,11.6,11.1,11.5,278969
VARDHACRLC,2012-10-09 00:00:00+05:30,11.3,11.5,11.3,11.4,50721
VARDHACRLC,2012-10-10 00:00:00+05:30,11.45,11.5,11.3,11.5,140775
VARDHACRLC,2012-10-11 00:00:00+05:30,11.35,11.5,11.35,11.5,35502
VARDHACRLC,2012-10-12 00:00:00+05:30,11.4,11.5,11.3,11.35,10753
VARDHACRLC,2012-10-15 00:00:00+05:30,11.5,11.5,11.35,11.4,116735
VARDHACRLC,2012-10-16 00:00:00+05:30,11.35,11.45,11.35,11.35,8816
VARDHACRLC,2012-10-17 00:00:00+05:30,11.3,11.5,11.3,11.45,102825
VARDHACRLC,2012-10-18 00:00:00+05:30,11.4,11.5,11.35,11.45,34219
VARDHACRLC,2012-10-19 00:00:00+05:30,11.45,11.5,11.35,11.45,79439
VARDHACRLC,2012-10-22 00:00:00+05:30,11.4,11.5,11.35,11.5,60511
VARDHACRLC,2012-10-23 00:00:00+05:30,11.4,11.45,11.4,11.45,17000
VARDHACRLC,2012-10-25 00:00:00+05:30,11.4,11.5,11.4,11.5,97988
VARDHACRLC,2012-10-26 00:00:00+05:30,11.4,11.75,11.4,11.5,152288
VARDHACRLC,2012-10-29 00:00:00+05:30,11.95,12.95,11.5,11.5,18785
VARDHACRLC,2012-10-30 00:00:00+05:30,11.5,11.7,11.5,11.6,62828
VARDHACRLC,2012-10-31 00:00:00+05:30,11.5,11.55,11.4,11.5,11976
VARDHACRLC,2012-11-01 00:00:00+05:30,11.5,11.9,11.4,11.85,122212
VARDHACRLC,2012-11-02 00:00:00+05:30,11.5,11.95,11.3,11.75,76569
VARDHACRLC,2012-11-05 00:00:00+05:30,11.75,11.75,11.3,11.4,31238
VARDHACRLC,2012-11-06 00:00:00+05:30,11.4,11.65,11.35,11.55,34119
VARDHACRLC,2012-11-07 00:00:00+05:30,11.8,11.8,11.45,11.5,49344
VARDHACRLC,2012-11-08 00:00:00+05:30,11.5,11.5,11.4,11.45,66374
VARDHACRLC,2012-11-09 00:00:00+05:30,11.6,11.6,11.4,11.45,47469
VARDHACRLC,2012-11-12 00:00:00+05:30,11.55,11.55,11.45,11.5,8451
VARDHACRLC,2012-11-13 00:00:00+05:30,11.8,11.8,11.25,11.5,2601
VARDHACRLC,2012-11-15 00:00:00+05:30,11.4,11.55,11.4,11.5,17240
VARDHACRLC,2012-11-16 00:00:00+05:30,11.5,11.5,11.3,11.35,7400
VARDHACRLC,2012-11-19 00:00:00+05:30,11.3,11.7,11.2,11.45,123504
VARDHACRLC,2012-11-20 00:00:00+05:30,11.4,11.85,11.35,11.45,159273
VARDHACRLC,2012-11-21 00:00:00+05:30,11.4,11.5,11.4,11.5,22504
VARDHACRLC,2012-11-22 00:00:00+05:30,11.7,12.0,11.5,11.55,10628
VARDHACRLC,2012-11-23 00:00:00+05:30,11.4,11.6,11.4,11.5,14622
VARDHACRLC,2012-11-26 00:00:00+05:30,11.4,11.55,11.4,11.5,115421
VARDHACRLC,2012-11-27 00:00:00+05:30,11.45,11.45,11.35,11.35,11389
VARDHACRLC,2012-11-29 00:00:00+05:30,11.35,11.45,11.25,11.3,26898
VARDHACRLC,2012-11-30 00:00:00+05:30,11.3,11.3,11.15,11.25,13461
VARDHACRLC,2012-12-03 00:00:00+05:30,11.2,11.7,11.05,11.45,75238
VARDHACRLC,2012-12-04 00:00:00+05:30,11.3,11.5,11.3,11.5,29315
VARDHACRLC,2012-12-05 00:00:00+05:30,11.4,11.45,11.35,11.4,30003
VARDHACRLC,2012-12-06 00:00:00+05:30,11.4,11.75,11.2,11.5,422856
VARDHACRLC,2012-12-07 00:00:00+05:30,11.4,11.4,11.3,11.4,65867
VARDHACRLC,2012-12-10 00:00:00+05:30,11.45,11.65,11.3,11.5,111463
VARDHACRLC,2012-12-11 00:00:00+05:30,11.5,11.5,11.4,11.5,35510
VARDHACRLC,2012-12-12 00:00:00+05:30,11.4,11.55,11.4,11.5,49667
VARDHACRLC,2012-12-13 00:00:00+05:30,11.4,11.5,11.4,11.4,9910
VARDHACRLC,2012-12-14 00:00:00+05:30,11.35,11.4,11.35,11.4,12850
VARDHACRLC,2012-12-17 00:00:00+05:30,11.35,11.75,11.2,11.5,84143
VARDHACRLC,2012-12-18 00:00:00+05:30,11.45,11.8,11.35,11.75,115929
VARDHACRLC,2012-12-19 00:00:00+05:30,11.5,11.55,11.4,11.5,59523
VARDHACRLC,2012-12-20 00:00:00+05:30,11.5,11.5,11.4,11.4,11189
VARDHACRLC,2012-12-21 00:00:00+05:30,11.4,11.7,11.35,11.5,137448
VARDHACRLC,2012-12-24 00:00:00+05:30,11.45,11.45,11.4,11.45,24817
VARDHACRLC,2012-12-26 00:00:00+05:30,11.6,11.7,11.4,11.5,104175
VARDHACRLC,2012-12-27 00:00:00+05:30,11.5,11.75,11.35,11.65,92196
VARDHACRLC,2012-12-28 00:00:00+05:30,11.6,11.6,11.55,11.6,4002
VARDHACRLC,2012-12-31 00:00:00+05:30,11.5,11.55,11.4,11.5,32780
VARDHACRLC,2013-01-01 00:00:00+05:30,11.45,11.75,11.4,11.65,39105
VARDHACRLC,2013-01-02 00:00:00+05:30,11.5,11.7,11.4,11.4,65701
VARDHACRLC,2013-01-03 00:00:00+05:30,11.4,11.6,11.4,11.5,15071
VARDHACRLC,2013-01-04 00:00:00+05:30,11.5,11.5,11.35,11.4,53397
VARDHACRLC,2013-01-07 00:00:00+05:30,11.35,11.75,11.35,11.7,48100
VARDHACRLC,2013-01-08 00:00:00+05:30,11.4,11.6,11.4,11.5,12028
VARDHACRLC,2013-01-09 00:00:00+05:30,11.5,11.6,11.4,11.4,20469
VARDHACRLC,2013-01-10 00:00:00+05:30,11.5,11.6,11.4,11.4,14762
VARDHACRLC,2013-01-11 00:00:00+05:30,11.45,11.5,11.4,11.4,16251
VARDHACRLC,2013-01-14 00:00:00+05:30,11.4,11.75,11.15,11.7,143105
VARDHACRLC,2013-01-15 00:00:00+05:30,11.7,11.75,11.55,11.75,73878
VARDHACRLC,2013-01-16 00:00:00+05:30,11.6,11.8,11.6,11.75,82395
VARDHACRLC,2013-01-17 00:00:00+05:30,11.75,12.1,11.7,11.8,274356
VARDHACRLC,2013-01-18 00:00:00+05:30,11.75,11.85,11.7,11.75,38853
VARDHACRLC,2013-01-21 00:00:00+05:30,11.8,11.9,11.55,11.7,50721
VARDHACRLC,2013-01-22 00:00:00+05:30,11.75,11.8,11.75,11.75,40606
VARDHACRLC,2013-01-23 00:00:00+05:30,11.75,11.8,11.75,11.75,13199
VARDHACRLC,2013-01-24 00:00:00+05:30,11.75,11.75,11.6,11.75,60053
VARDHACRLC,2013-01-25 00:00:00+05:30,11.55,11.8,11.55,11.75,24018
VARDHACRLC,2013-01-28 00:00:00+05:30,11.8,12.05,11.75,12.0,79870
VARDHACRLC,2013-01-29 00:00:00+05:30,11.9,11.9,11.75,11.8,17595
VARDHACRLC,2013-01-30 00:00:00+05:30,11.8,11.85,11.75,11.75,65201
VARDHACRLC,2013-01-31 00:00:00+05:30,11.8,11.9,11.75,11.8,27504
VARDHACRLC,2013-02-01 00:00:00+05:30,11.8,11.9,11.8,11.8,12962
VARDHACRLC,2013-02-04 00:00:00+05:30,11.9,12.2,11.9,11.95,48152
VARDHACRLC,2013-02-05 00:00:00+05:30,11.8,12.05,11.75,12.0,87782
VARDHACRLC,2013-02-06 00:00:00+05:30,11.9,11.9,11.8,11.8,6352
VARDHACRLC,2013-02-07 00:00:00+05:30,11.75,11.8,11.75,11.75,10654
VARDHACRLC,2013-02-08 00:00:00+05:30,11.8,12.35,11.8,12.35,213877
VARDHACRLC,2013-02-11 00:00:00+05:30,12.35,12.35,12.05,12.1,15325
VARDHACRLC,2013-02-12 00:00:00+05:30,12.0,12.25,11.95,12.25,129875
VARDHACRLC,2013-02-13 00:00:00+05:30,12.2,12.3,12.15,12.25,44058
VARDHACRLC,2013-02-14 00:00:00+05:30,12.3,12.5,12.25,12.25,226866
VARDHACRLC,2013-02-15 00:00:00+05:30,12.25,12.3,12.25,12.25,272773
VARDHACRLC,2013-02-18 00:00:00+05:30,12.25,12.3,12.25,12.25,34343
VARDHACRLC,2013-02-19 00:00:00+05:30,11.5,12.3,10.65,12.25,102610
VARDHACRLC,2013-02-20 00:00:00+05:30,12.3,12.3,12.15,12.25,99437
VARDHACRLC,2013-02-21 00:00:00+05:30,12.25,12.25,12.25,12.25,720770
VARDHACRLC,2013-02-22 00:00:00+05:30,12.3,12.3,12.25,12.25,42790
VARDHACRLC,2013-02-25 00:00:00+05:30,12.2,12.3,12.2,12.25,32505
VARDHACRLC,2013-02-26 00:00:00+05:30,12.25,12.25,12.25,12.25,51440
VARDHACRLC,2013-02-27 00:00:00+05:30,12.25,12.25,12.25,12.25,142942
VARDHACRLC,2013-02-28 00:00:00+05:30,12.25,12.3,12.05,12.25,76963
VARDHACRLC,2013-03-01 00:00:00+05:30,12.25,12.35,12.1,12.25,165528
VARDHACRLC,2013-03-04 00:00:00+05:30,12.25,12.25,12.25,12.25,33753
VARDHACRLC,2013-03-05 00:00:00+05:30,12.25,12.3,12.25,12.25,64871
VARDHACRLC,2013-03-06 00:00:00+05:30,12.25,12.3,12.25,12.25,36300
VARDHACRLC,2013-03-07 00:00:00+05:30,12.3,12.3,12.25,12.25,21423
VARDHACRLC,2013-03-08 00:00:00+05:30,12.25,12.3,12.25,12.25,40536
VARDHACRLC,2013-03-11 00:00:00+05:30,12.2,12.3,12.2,12.25,24200
VARDHACRLC,2013-03-12 00:00:00+05:30,12.25,12.3,12.05,12.25,82851
VARDHACRLC,2013-03-13 00:00:00+05:30,12.1,12.25,12.1,12.25,114502
VARDHACRLC,2013-03-14 00:00:00+05:30,12.0,12.3,12.0,12.25,14902
VARDHACRLC,2013-03-15 00:00:00+05:30,12.25,12.3,12.25,12.25,21201
VARDHACRLC,2013-03-18 00:00:00+05:30,12.1,12.25,12.1,12.25,62388
VARDHACRLC,2013-03-19 00:00:00+05:30,12.25,12.3,12.25,12.25,74258
VARDHACRLC,2013-03-20 00:00:00+05:30,12.0,12.35,12.0,12.35,189378
VARDHACRLC,2013-03-21 00:00:00+05:30,12.1,12.35,12.05,12.25,33021
VARDHACRLC,2013-03-22 00:00:00+05:30,12.35,12.55,12.3,12.5,177230
VARDHACRLC,2013-03-25 00:00:00+05:30,12.55,12.55,12.3,12.5,290927
VARDHACRLC,2013-03-26 00:00:00+05:30,12.5,12.55,12.5,12.55,86375
VARDHACRLC,2013-03-28 00:00:00+05:30,12.5,12.55,12.5,12.5,117967
VARDHACRLC,2013-04-01 00:00:00+05:30,12.5,12.55,12.5,12.5,40230
VARDHACRLC,2013-04-02 00:00:00+05:30,12.5,12.55,12.5,12.5,70426
VARDHACRLC,2013-04-03 00:00:00+05:30,11.85,12.5,11.65,12.5,32850
VARDHACRLC,2013-04-04 00:00:00+05:30,12.75,12.75,12.5,12.5,87710
VARDHACRLC,2013-04-05 00:00:00+05:30,12.5,12.5,12.5,12.5,67312
VARDHACRLC,2013-04-08 00:00:00+05:30,12.5,12.5,12.5,12.5,29230
VARDHACRLC,2013-04-09 00:00:00+05:30,12.5,12.55,12.5,12.5,19600
VARDHACRLC,2013-04-10 00:00:00+05:30,12.55,12.6,12.5,12.5,44922
VARDHACRLC,2013-04-11 00:00:00+05:30,12.5,12.55,12.5,12.5,29866
VARDHACRLC,2013-04-12 00:00:00+05:30,12.55,12.6,12.5,12.6,20859
VARDHACRLC,2013-04-15 00:00:00+05:30,12.5,12.6,12.5,12.5,25631
VARDHACRLC,2013-04-16 00:00:00+05:30,12.5,12.5,12.5,12.5,18290
VARDHACRLC,2013-04-17 00:00:00+05:30,12.1,12.6,12.1,12.5,23963
VARDHACRLC,2013-04-18 00:00:00+05:30,12.5,12.55,12.5,12.5,5512
VARDHACRLC,2013-04-22 00:00:00+05:30,12.5,12.55,12.5,12.5,103502
VARDHACRLC,2013-04-23 00:00:00+05:30,12.05,12.6,12.05,12.5,19262
VARDHACRLC,2013-04-25 00:00:00+05:30,12.5,12.55,12.5,12.5,57112
VARDHACRLC,2013-04-26 00:00:00+05:30,12.0,12.6,12.0,12.5,27582
VARDHACRLC,2013-04-29 00:00:00+05:30,12.4,12.5,12.4,12.5,27334
VARDHACRLC,2013-04-30 00:00:00+05:30,12.35,12.5,12.35,12.5,70100
VARDHACRLC,2013-05-02 00:00:00+05:30,12.5,12.5,12.5,12.5,71461
VARDHACRLC,2013-05-03 00:00:00+05:30,12.5,12.55,12.5,12.5,50329
VARDHACRLC,2013-05-06 00:00:00+05:30,12.5,12.55,12.5,12.5,50010
VARDHACRLC,2013-05-07 00:00:00+05:30,12.5,12.5,12.5,12.5,39474
VARDHACRLC,2013-05-08 00:00:00+05:30,12.6,12.6,12.5,12.5,8200
VARDHACRLC,2013-05-09 00:00:00+05:30,12.35,12.45,11.65,11.8,8874
VARDHACRLC,2013-05-10 00:00:00+05:30,11.75,11.95,11.65,11.9,5562
VARDHACRLC,2013-05-13 00:00:00+05:30,11.5,12.0,11.3,11.5,8114
VARDHACRLC,2013-05-14 00:00:00+05:30,11.45,11.45,11.1,11.2,6521
VARDHACRLC,2013-05-15 00:00:00+05:30,11.15,11.35,10.9,10.9,19702
VARDHACRLC,2013-05-16 00:00:00+05:30,10.9,11.7,10.9,11.05,7260
VARDHACRLC,2013-05-17 00:00:00+05:30,10.85,11.25,10.85,11.1,13358
VARDHACRLC,2013-05-20 00:00:00+05:30,10.85,11.25,10.55,10.6,25854
VARDHACRLC,2013-05-21 00:00:00+05:30,10.6,10.8,10.6,10.75,6917
VARDHACRLC,2013-05-22 00:00:00+05:30,10.65,11.45,10.6,10.6,1154
VARDHACRLC,2013-05-23 00:00:00+05:30,10.3,11.0,10.1,10.6,2201
VARDHACRLC,2013-05-24 00:00:00+05:30,10.6,10.6,10.6,10.6,2800
VARDHACRLC,2013-05-27 00:00:00+05:30,10.45,10.6,10.4,10.4,9800
VARDHACRLC,2013-05-28 00:00:00+05:30,10.4,10.6,10.4,10.5,1902
VARDHACRLC,2013-05-29 00:00:00+05:30,10.85,10.85,10.45,10.5,5301
VARDHACRLC,2013-05-30 00:00:00+05:30,10.4,10.8,10.4,10.6,4801
VARDHACRLC,2013-05-31 00:00:00+05:30,10.55,10.8,10.5,10.7,18069
VARDHACRLC,2013-06-03 00:00:00+05:30,10.5,11.45,10.5,10.65,5903
VARDHACRLC,2013-06-04 00:00:00+05:30,11.5,11.5,10.7,11.05,8802
VARDHACRLC,2013-06-05 00:00:00+05:30,10.95,11.2,10.95,11.0,20691
VARDHACRLC,2013-06-06 00:00:00+05:30,11.0,11.25,10.95,11.2,15200
VARDHACRLC,2013-06-07 00:00:00+05:30,11.2,12.35,11.2,12.0,64747
VARDHACRLC,2013-06-10 00:00:00+05:30,11.8,11.8,11.2,11.2,5208
VARDHACRLC,2013-06-11 00:00:00+05:30,11.05,11.75,10.8,11.2,78131
VARDHACRLC,2013-06-12 00:00:00+05:30,11.05,11.2,11.05,11.2,500
VARDHACRLC,2013-06-13 00:00:00+05:30,11.0,11.0,10.7,11.0,4950
VARDHACRLC,2013-06-14 00:00:00+05:30,11.75,11.75,11.2,11.45,21910
VARDHACRLC,2013-06-17 00:00:00+05:30,11.45,11.5,11.25,11.5,13300
VARDHACRLC,2013-06-18 00:00:00+05:30,11.35,11.5,11.25,11.35,11700
VARDHACRLC,2013-06-19 00:00:00+05:30,11.2,11.5,11.15,11.4,13697
VARDHACRLC,2013-06-20 00:00:00+05:30,11.4,11.65,11.35,11.65,38947
VARDHACRLC,2013-06-21 00:00:00+05:30,11.2,11.35,11.15,11.35,875
VARDHACRLC,2013-06-24 00:00:00+05:30,11.2,11.6,11.2,11.45,50931
VARDHACRLC,2013-06-25 00:00:00+05:30,11.25,11.75,11.25,11.5,53368
VARDHACRLC,2013-06-26 00:00:00+05:30,11.5,11.5,11.4,11.5,8135
VARDHACRLC,2013-06-27 00:00:00+05:30,11.4,11.6,11.4,11.5,15841
VARDHACRLC,2013-06-28 00:00:00+05:30,11.5,11.6,11.2,11.5,20023
VARDHACRLC,2013-07-01 00:00:00+05:30,11.4,11.5,11.35,11.35,13256
VARDHACRLC,2013-07-02 00:00:00+05:30,11.55,12.05,11.5,12.0,36872
VARDHACRLC,2013-07-03 00:00:00+05:30,11.8,12.05,11.5,12.0,57567
VARDHACRLC,2013-07-04 00:00:00+05:30,11.8,12.15,11.8,12.1,24188
VARDHACRLC,2013-07-05 00:00:00+05:30,12.15,12.35,12.15,12.25,22474
VARDHACRLC,2013-07-08 00:00:00+05:30,12.5,12.5,11.9,12.25,29621
VARDHACRLC,2013-07-09 00:00:00+05:30,12.05,12.35,12.0,12.35,3106
VARDHACRLC,2013-07-10 00:00:00+05:30,12.45,12.6,12.45,12.55,37129
VARDHACRLC,2013-07-11 00:00:00+05:30,12.65,12.9,12.5,12.75,30090
VARDHACRLC,2013-07-12 00:00:00+05:30,12.95,13.0,12.3,12.45,13409
VARDHACRLC,2013-07-15 00:00:00+05:30,12.3,12.5,12.05,12.5,20802
VARDHACRLC,2013-07-16 00:00:00+05:30,12.3,12.55,12.25,12.5,6203
VARDHACRLC,2013-07-17 00:00:00+05:30,12.3,12.5,12.2,12.5,8174
VARDHACRLC,2013-07-18 00:00:00+05:30,12.35,12.5,12.1,12.3,13868
VARDHACRLC,2013-07-19 00:00:00+05:30,12.1,12.55,12.0,12.5,9238
VARDHACRLC,2013-07-22 00:00:00+05:30,12.5,12.5,12.1,12.2,8298
VARDHACRLC,2013-07-23 00:00:00+05:30,13.0,14.3,12.65,13.2,102518
VARDHACRLC,2013-07-24 00:00:00+05:30,13.0,13.15,12.4,12.85,7409
VARDHACRLC,2013-07-25 00:00:00+05:30,12.7,12.7,12.15,12.6,1515
VARDHACRLC,2013-07-26 00:00:00+05:30,12.5,13.0,11.9,12.85,13010
VARDHACRLC,2013-07-29 00:00:00+05:30,12.7,12.75,12.35,12.6,6045
VARDHACRLC,2013-07-30 00:00:00+05:30,12.4,12.5,12.1,12.2,18903
VARDHACRLC,2013-07-31 00:00:00+05:30,12.0,12.0,11.4,11.65,8305
VARDHACRLC,2013-08-01 00:00:00+05:30,11.4,11.75,10.85,11.75,2837
VARDHACRLC,2013-08-02 00:00:00+05:30,11.5,11.5,10.2,10.6,44977
VARDHACRLC,2013-08-05 00:00:00+05:30,11.85,11.85,9.8,10.05,27835
VARDHACRLC,2013-08-06 00:00:00+05:30,9.8,9.85,9.55,9.55,23282
VARDHACRLC,2013-08-07 00:00:00+05:30,9.55,11.25,9.55,9.8,7408
VARDHACRLC,2013-08-08 00:00:00+05:30,9.8,11.35,9.8,11.2,37093
VARDHACRLC,2013-08-12 00:00:00+05:30,11.8,11.8,10.6,11.1,7495
VARDHACRLC,2013-08-13 00:00:00+05:30,11.5,12.0,10.85,11.5,8450
VARDHACRLC,2013-08-14 00:00:00+05:30,11.5,12.2,11.5,12.1,34587
VARDHACRLC,2013-08-16 00:00:00+05:30,11.9,12.1,11.65,12.0,6005
VARDHACRLC,2013-08-19 00:00:00+05:30,12.1,12.1,11.45,12.0,21219
VARDHACRLC,2013-08-20 00:00:00+05:30,11.9,12.1,11.2,11.95,31453
VARDHACRLC,2013-08-21 00:00:00+05:30,11.8,12.2,11.4,12.0,30779
VARDHACRLC,2013-08-22 00:00:00+05:30,11.8,12.1,11.55,12.0,40664
VARDHACRLC,2013-08-23 00:00:00+05:30,11.95,12.05,11.9,12.0,5265
VARDHACRLC,2013-08-26 00:00:00+05:30,12.75,12.75,11.5,12.3,17155
VARDHACRLC,2013-08-27 00:00:00+05:30,12.05,12.25,11.95,12.1,18101
VARDHACRLC,2013-08-28 00:00:00+05:30,12.0,12.2,11.85,12.2,6752
VARDHACRLC,2013-08-29 00:00:00+05:30,12.05,12.75,11.9,12.25,134320
VARDHACRLC,2013-08-30 00:00:00+05:30,12.45,12.45,12.15,12.15,1000
VARDHACRLC,2013-09-02 00:00:00+05:30,12.05,12.45,12.0,12.0,4076
VARDHACRLC,2013-09-03 00:00:00+05:30,11.8,12.0,11.65,11.95,80392
VARDHACRLC,2013-09-04 00:00:00+05:30,11.85,12.0,11.65,11.95,30675
VARDHACRLC,2013-09-05 00:00:00+05:30,11.85,12.45,11.85,12.3,7890
VARDHACRLC,2013-09-06 00:00:00+05:30,12.0,12.5,11.9,12.3,42953
VARDHACRLC,2013-09-10 00:00:00+05:30,12.45,12.5,12.1,12.45,11455
VARDHACRLC,2013-09-11 00:00:00+05:30,12.25,12.5,12.25,12.4,13889
VARDHACRLC,2013-09-12 00:00:00+05:30,12.4,12.5,12.2,12.2,7179
VARDHACRLC,2013-09-13 00:00:00+05:30,12.15,12.3,12.05,12.3,2579
VARDHACRLC,2013-09-16 00:00:00+05:30,12.25,12.75,12.25,12.55,43368
VARDHACRLC,2013-09-17 00:00:00+05:30,12.5,12.5,12.15,12.3,12551
VARDHACRLC,2013-09-18 00:00:00+05:30,12.25,12.8,12.2,12.5,22224
VARDHACRLC,2013-09-19 00:00:00+05:30,12.35,12.5,12.3,12.35,9813
VARDHACRLC,2013-09-20 00:00:00+05:30,12.3,12.4,11.65,12.35,8627
VARDHACRLC,2013-09-23 00:00:00+05:30,12.35,12.35,12.15,12.3,7300
VARDHACRLC,2013-09-24 00:00:00+05:30,12.25,12.4,12.05,12.2,22183
VARDHACRLC,2013-09-25 00:00:00+05:30,12.25,12.3,12.1,12.2,14212
VARDHACRLC,2013-09-26 00:00:00+05:30,12.25,12.25,12.15,12.15,2300
VARDHACRLC,2013-09-27 00:00:00+05:30,12.2,12.4,12.15,12.25,33067
VARDHACRLC,2013-09-30 00:00:00+05:30,12.05,12.35,12.0,12.35,13500
VARDHACRLC,2013-10-01 00:00:00+05:30,12.15,12.35,12.1,12.25,13000
VARDHACRLC,2013-10-03 00:00:00+05:30,12.2,13.0,12.15,12.4,139352
VARDHACRLC,2013-10-04 00:00:00+05:30,12.4,12.75,12.3,12.4,45673
VARDHACRLC,2013-10-07 00:00:00+05:30,12.35,12.35,12.3,12.3,300
VARDHACRLC,2013-10-08 00:00:00+05:30,12.3,12.5,12.3,12.3,7000
VARDHACRLC,2013-10-09 00:00:00+05:30,12.25,12.5,12.05,12.5,23605
VARDHACRLC,2013-10-10 00:00:00+05:30,12.5,12.5,12.3,12.35,1956
VARDHACRLC,2013-10-11 00:00:00+05:30,12.3,12.45,12.2,12.3,10850
VARDHACRLC,2013-10-14 00:00:00+05:30,12.15,12.95,12.05,12.8,133505
VARDHACRLC,2013-10-15 00:00:00+05:30,12.7,13.55,12.35,12.45,35527
VARDHACRLC,2013-10-17 00:00:00+05:30,12.45,12.45,12.15,12.2,29901
VARDHACRLC,2013-10-18 00:00:00+05:30,12.3,12.4,12.3,12.3,8350
VARDHACRLC,2013-10-21 00:00:00+05:30,12.25,12.5,12.25,12.25,5343
VARDHACRLC,2013-10-22 00:00:00+05:30,12.1,12.4,12.1,12.3,12550
VARDHACRLC,2013-10-23 00:00:00+05:30,12.3,12.5,12.25,12.3,4346
VARDHACRLC,2013-10-24 00:00:00+05:30,12.3,12.35,12.1,12.2,29267
VARDHACRLC,2013-10-25 00:00:00+05:30,12.15,12.4,12.15,12.25,13380
VARDHACRLC,2013-10-28 00:00:00+05:30,12.15,12.4,12.15,12.3,9650
VARDHACRLC,2013-10-29 00:00:00+05:30,12.45,13.35,12.2,13.15,45373
VARDHACRLC,2013-10-30 00:00:00+05:30,13.0,13.0,12.3,12.65,62776
VARDHACRLC,2013-10-31 00:00:00+05:30,12.5,13.0,12.45,13.0,16080
VARDHACRLC,2013-11-01 00:00:00+05:30,12.8,12.8,12.3,12.55,15356
VARDHACRLC,2013-11-05 00:00:00+05:30,12.8,13.7,12.8,13.6,58998
VARDHACRLC,2013-11-06 00:00:00+05:30,13.75,13.95,13.45,13.6,36888
VARDHACRLC,2013-11-07 00:00:00+05:30,13.8,15.4,13.6,14.6,118945
VARDHACRLC,2013-11-08 00:00:00+05:30,15.0,15.6,14.25,15.25,153259
VARDHACRLC,2013-11-11 00:00:00+05:30,15.0,16.95,14.5,15.85,209500
VARDHACRLC,2013-11-12 00:00:00+05:30,15.9,16.95,15.3,16.3,123007
VARDHACRLC,2013-11-13 00:00:00+05:30,16.4,16.9,16.3,16.45,82934
VARDHACRLC,2013-11-14 00:00:00+05:30,16.3,16.75,16.3,16.5,40355
VARDHACRLC,2013-11-18 00:00:00+05:30,16.1,16.95,15.45,16.55,82991
VARDHACRLC,2013-11-19 00:00:00+05:30,16.5,17.45,16.2,17.0,103490
VARDHACRLC,2013-11-20 00:00:00+05:30,17.15,17.95,16.45,17.25,278348
VARDHACRLC,2013-11-21 00:00:00+05:30,17.0,18.2,16.8,17.95,150888
VARDHACRLC,2013-11-22 00:00:00+05:30,18.0,18.0,17.05,17.2,56239
VARDHACRLC,2013-11-25 00:00:00+05:30,17.0,17.35,15.9,16.05,34174
VARDHACRLC,2013-11-26 00:00:00+05:30,16.1,16.25,15.5,15.7,37300
VARDHACRLC,2013-11-27 00:00:00+05:30,15.6,15.9,15.2,15.4,28486
VARDHACRLC,2013-11-28 00:00:00+05:30,15.4,15.85,15.25,15.85,20449
VARDHACRLC,2013-11-29 00:00:00+05:30,15.7,16.0,15.55,15.65,29026
VARDHACRLC,2013-12-02 00:00:00+05:30,15.5,16.5,15.1,15.45,50423
VARDHACRLC,2013-12-03 00:00:00+05:30,15.55,15.8,15.25,15.4,13805
VARDHACRLC,2013-12-04 00:00:00+05:30,15.3,15.6,15.15,15.2,32581
VARDHACRLC,2013-12-05 00:00:00+05:30,15.25,15.8,15.05,15.15,33106
VARDHACRLC,2013-12-06 00:00:00+05:30,15.1,15.1,14.7,15.0,27524
VARDHACRLC,2013-12-09 00:00:00+05:30,15.15,15.85,14.8,15.15,39265
VARDHACRLC,2013-12-10 00:00:00+05:30,15.0,15.2,14.75,14.75,14981
VARDHACRLC,2013-12-11 00:00:00+05:30,14.75,14.75,14.45,14.55,20803
VARDHACRLC,2013-12-12 00:00:00+05:30,14.5,14.7,14.1,14.45,12156
VARDHACRLC,2013-12-13 00:00:00+05:30,14.65,14.7,14.25,14.45,14658
VARDHACRLC,2013-12-16 00:00:00+05:30,14.5,14.85,14.25,14.8,3185
VARDHACRLC,2013-12-17 00:00:00+05:30,14.7,15.05,14.2,14.6,13978
VARDHACRLC,2013-12-18 00:00:00+05:30,14.5,15.0,13.8,14.9,12268
VARDHACRLC,2013-12-19 00:00:00+05:30,14.7,14.9,14.5,14.75,3110
VARDHACRLC,2013-12-20 00:00:00+05:30,14.8,15.2,14.55,14.95,34051
VARDHACRLC,2013-12-23 00:00:00+05:30,15.4,15.4,14.65,14.9,13976
VARDHACRLC,2013-12-24 00:00:00+05:30,14.75,15.55,12.4,15.15,341378
VARDHACRLC,2013-12-26 00:00:00+05:30,15.25,15.75,15.25,15.5,267836
VARDHACRLC,2013-12-27 00:00:00+05:30,15.0,16.0,15.0,15.6,243604
VARDHACRLC,2013-12-30 00:00:00+05:30,15.6,15.95,15.35,15.5,13512
VARDHACRLC,2013-12-31 00:00:00+05:30,15.5,15.9,15.35,15.5,7292
VARDHACRLC,2014-01-01 00:00:00+05:30,16.9,16.9,15.3,15.55,21321
VARDHACRLC,2014-01-02 00:00:00+05:30,15.4,15.75,15.3,15.55,17198
VARDHACRLC,2014-01-03 00:00:00+05:30,15.4,15.6,14.8,15.5,10240
VARDHACRLC,2014-01-06 00:00:00+05:30,15.45,16.95,15.45,16.55,113340
VARDHACRLC,2014-01-07 00:00:00+05:30,16.3,16.5,16.0,16.25,14134
VARDHACRLC,2014-01-08 00:00:00+05:30,16.5,17.45,16.3,16.9,84658
VARDHACRLC,2014-01-09 00:00:00+05:30,16.7,16.85,16.25,16.5,16080
VARDHACRLC,2014-01-10 00:00:00+05:30,16.5,17.2,16.5,16.5,52706
VARDHACRLC,2014-01-13 00:00:00+05:30,16.55,16.75,16.4,16.5,17200
VARDHACRLC,2014-01-14 00:00:00+05:30,16.6,16.8,16.5,16.8,20285
VARDHACRLC,2014-01-15 00:00:00+05:30,16.6,17.2,16.5,17.1,34539
VARDHACRLC,2014-01-16 00:00:00+05:30,16.75,17.3,16.5,16.7,44457
VARDHACRLC,2014-01-17 00:00:00+05:30,16.6,17.0,16.5,16.75,71130
VARDHACRLC,2014-01-20 00:00:00+05:30,16.55,17.2,16.55,17.0,38561
VARDHACRLC,2014-01-21 00:00:00+05:30,16.85,16.85,16.6,16.65,3551
VARDHACRLC,2014-01-22 00:00:00+05:30,16.65,16.8,16.6,16.65,5076
VARDHACRLC,2014-01-23 00:00:00+05:30,16.9,17.0,16.45,16.6,30888
VARDHACRLC,2014-01-24 00:00:00+05:30,16.5,16.7,15.8,16.15,31106
VARDHACRLC,2014-01-27 00:00:00+05:30,16.1,16.1,15.4,15.5,12980
VARDHACRLC,2014-01-28 00:00:00+05:30,15.3,15.7,15.25,15.4,3975
VARDHACRLC,2014-01-29 00:00:00+05:30,15.85,15.85,15.3,15.5,9368
VARDHACRLC,2014-01-30 00:00:00+05:30,15.25,15.25,15.0,15.0,8004
VARDHACRLC,2014-01-31 00:00:00+05:30,15.0,16.45,14.55,15.25,17546
VARDHACRLC,2014-02-03 00:00:00+05:30,15.0,15.4,14.6,15.4,3103
VARDHACRLC,2014-02-04 00:00:00+05:30,15.4,15.6,15.0,15.6,11602
VARDHACRLC,2014-02-05 00:00:00+05:30,15.15,15.5,15.1,15.5,9851
VARDHACRLC,2014-02-06 00:00:00+05:30,15.45,15.7,15.3,15.7,11650
VARDHACRLC,2014-02-07 00:00:00+05:30,15.5,15.6,15.1,15.35,10598
VARDHACRLC,2014-02-10 00:00:00+05:30,15.35,15.75,15.35,15.5,5885
VARDHACRLC,2014-02-11 00:00:00+05:30,15.45,15.5,15.25,15.4,27463
VARDHACRLC,2014-02-12 00:00:00+05:30,15.5,15.5,15.2,15.4,18082
VARDHACRLC,2014-02-13 00:00:00+05:30,15.35,15.35,15.0,15.05,8729
VARDHACRLC,2014-02-14 00:00:00+05:30,15.0,15.15,14.8,15.15,4702
VARDHACRLC,2014-02-17 00:00:00+05:30,15.45,15.6,14.9,15.4,1761
VARDHACRLC,2014-02-18 00:00:00+05:30,15.0,15.35,14.45,15.2,4505
VARDHACRLC,2014-02-19 00:00:00+05:30,15.9,16.3,14.25,14.85,15368
VARDHACRLC,2014-02-20 00:00:00+05:30,14.9,15.25,14.75,14.85,21321
VARDHACRLC,2014-02-21 00:00:00+05:30,14.95,16.1,14.9,15.7,50795
VARDHACRLC,2014-02-24 00:00:00+05:30,15.7,15.75,15.1,15.25,10611
VARDHACRLC,2014-02-25 00:00:00+05:30,15.05,15.5,14.8,15.05,11314
VARDHACRLC,2014-02-26 00:00:00+05:30,15.0,15.1,14.75,15.0,2253
VARDHACRLC,2014-02-28 00:00:00+05:30,15.0,15.15,15.0,15.15,1013
VARDHACRLC,2014-03-03 00:00:00+05:30,15.75,15.75,14.6,15.05,18827
VARDHACRLC,2014-03-04 00:00:00+05:30,14.4,16.5,14.4,15.7,54026
VARDHACRLC,2014-03-05 00:00:00+05:30,15.5,16.1,15.05,16.0,20614
VARDHACRLC,2014-03-06 00:00:00+05:30,16.0,16.0,15.2,15.65,14474
VARDHACRLC,2014-03-07 00:00:00+05:30,15.5,15.9,15.3,15.5,8930
VARDHACRLC,2014-03-10 00:00:00+05:30,15.3,16.25,15.15,15.8,28581
VARDHACRLC,2014-03-11 00:00:00+05:30,15.7,15.9,15.2,15.65,15383
VARDHACRLC,2014-03-12 00:00:00+05:30,15.5,16.25,15.35,16.0,22370
VARDHACRLC,2014-03-13 00:00:00+05:30,16.25,16.4,15.65,15.65,28678
VARDHACRLC,2014-03-14 00:00:00+05:30,15.9,16.3,15.45,16.0,69062
VARDHACRLC,2014-03-18 00:00:00+05:30,15.75,16.1,15.5,16.0,52792
VARDHACRLC,2014-03-19 00:00:00+05:30,16.0,16.0,15.6,15.6,2817
VARDHACRLC,2014-03-20 00:00:00+05:30,16.0,16.25,15.25,16.0,72103
VARDHACRLC,2014-03-21 00:00:00+05:30,16.0,16.25,15.55,15.75,49458
VARDHACRLC,2014-03-24 00:00:00+05:30,16.3,16.3,15.6,15.7,28330
VARDHACRLC,2014-03-25 00:00:00+05:30,15.8,16.0,15.6,15.6,20703
VARDHACRLC,2014-03-26 00:00:00+05:30,15.65,15.85,15.65,15.7,40054
VARDHACRLC,2014-03-27 00:00:00+05:30,15.35,16.25,15.35,16.1,56787
VARDHACRLC,2014-03-28 00:00:00+05:30,15.9,16.0,15.6,16.0,8158
VARDHACRLC,2014-03-31 00:00:00+05:30,15.85,15.95,15.6,15.9,37177
VARDHACRLC,2014-04-01 00:00:00+05:30,15.85,16.0,15.85,15.85,7101
VARDHACRLC,2014-04-02 00:00:00+05:30,15.85,16.05,15.85,15.95,35949
VARDHACRLC,2014-04-03 00:00:00+05:30,15.9,15.9,15.85,15.9,7845
VARDHACRLC,2014-04-04 00:00:00+05:30,15.85,16.15,15.85,16.0,22761
VARDHACRLC,2014-04-07 00:00:00+05:30,16.0,16.05,15.85,15.85,16250
VARDHACRLC,2014-04-09 00:00:00+05:30,16.0,16.2,15.85,16.0,13546
VARDHACRLC,2014-04-10 00:00:00+05:30,15.9,16.0,15.6,15.75,62711
VARDHACRLC,2014-04-11 00:00:00+05:30,15.7,16.0,15.65,15.7,17252
VARDHACRLC,2014-04-15 00:00:00+05:30,15.7,16.2,15.6,16.0,28853
VARDHACRLC,2014-04-16 00:00:00+05:30,15.8,15.9,15.6,15.6,28483
VARDHACRLC,2014-04-17 00:00:00+05:30,15.65,15.8,15.45,15.65,25071
VARDHACRLC,2014-04-21 00:00:00+05:30,15.65,15.95,15.65,15.7,11450
VARDHACRLC,2014-04-22 00:00:00+05:30,15.65,15.7,15.6,15.7,25248
VARDHACRLC,2014-04-23 00:00:00+05:30,15.65,15.85,15.65,15.75,6125
VARDHACRLC,2014-04-25 00:00:00+05:30,15.8,15.8,15.6,15.65,25751
VARDHACRLC,2014-04-28 00:00:00+05:30,15.8,16.0,15.65,15.65,31507
VARDHACRLC,2014-04-29 00:00:00+05:30,15.65,15.85,15.5,15.8,18803
VARDHACRLC,2014-04-30 00:00:00+05:30,15.7,15.75,15.4,15.65,39762
VARDHACRLC,2014-05-02 00:00:00+05:30,15.9,15.9,15.65,15.7,27175
VARDHACRLC,2014-05-05 00:00:00+05:30,15.8,16.2,15.75,15.85,40272
VARDHACRLC,2014-05-06 00:00:00+05:30,15.9,16.0,15.75,15.95,7110
VARDHACRLC,2014-05-07 00:00:00+05:30,15.8,15.9,15.65,15.75,15602
VARDHACRLC,2014-05-08 00:00:00+05:30,15.65,15.95,15.65,15.7,8503
VARDHACRLC,2014-05-09 00:00:00+05:30,15.7,15.8,15.6,15.7,7183
VARDHACRLC,2014-05-12 00:00:00+05:30,15.75,16.0,15.4,15.7,32434
VARDHACRLC,2014-05-13 00:00:00+05:30,15.8,15.8,15.35,15.75,119253
VARDHACRLC,2014-05-14 00:00:00+05:30,15.65,15.9,15.65,15.65,27610
VARDHACRLC,2014-05-15 00:00:00+05:30,15.4,15.75,15.35,15.55,49513
VARDHACRLC,2014-05-16 00:00:00+05:30,15.3,15.7,15.0,15.6,65528
VARDHACRLC,2014-05-19 00:00:00+05:30,15.9,17.5,15.8,16.85,98142
VARDHACRLC,2014-05-20 00:00:00+05:30,17.0,18.25,16.4,17.65,223143
VARDHACRLC,2014-05-21 00:00:00+05:30,17.7,17.9,16.5,17.7,121546
VARDHACRLC,2014-05-22 00:00:00+05:30,17.9,19.3,17.55,18.25,176757
VARDHACRLC,2014-05-23 00:00:00+05:30,19.3,19.4,18.0,18.5,99025
VARDHACRLC,2014-05-26 00:00:00+05:30,19.25,19.8,17.55,17.95,125922
VARDHACRLC,2014-05-27 00:00:00+05:30,17.7,17.9,17.2,17.7,39258
VARDHACRLC,2014-05-28 00:00:00+05:30,17.8,18.45,17.5,17.95,57362
VARDHACRLC,2014-05-29 00:00:00+05:30,17.85,18.1,17.35,17.8,95228
VARDHACRLC,2014-05-30 00:00:00+05:30,17.6,18.2,17.6,18.05,80926
VARDHACRLC,2014-06-02 00:00:00+05:30,18.25,19.25,18.25,19.0,102391
VARDHACRLC,2014-06-03 00:00:00+05:30,19.5,20.45,19.2,20.0,264990
VARDHACRLC,2014-06-04 00:00:00+05:30,19.95,21.5,19.95,21.2,362320
VARDHACRLC,2014-06-05 00:00:00+05:30,22.25,23.9,22.25,23.25,552564
VARDHACRLC,2014-06-06 00:00:00+05:30,23.4,24.95,23.25,24.15,489868
VARDHACRLC,2014-06-09 00:00:00+05:30,24.35,24.9,23.2,23.55,171638
VARDHACRLC,2014-06-10 00:00:00+05:30,24.4,24.5,21.25,22.45,174810
VARDHACRLC,2014-06-11 00:00:00+05:30,23.0,23.25,21.3,21.85,106330
VARDHACRLC,2014-06-12 00:00:00+05:30,22.0,22.0,21.2,21.35,47872
VARDHACRLC,2014-06-13 00:00:00+05:30,20.85,22.45,20.1,20.6,121365
VARDHACRLC,2014-06-16 00:00:00+05:30,19.75,21.55,19.75,20.85,131265
VARDHACRLC,2014-06-17 00:00:00+05:30,20.9,23.2,20.8,22.7,175395
VARDHACRLC,2014-06-18 00:00:00+05:30,22.5,23.2,20.1,20.95,328345
VARDHACRLC,2014-06-19 00:00:00+05:30,21.2,22.1,21.05,21.3,65427
VARDHACRLC,2014-06-20 00:00:00+05:30,22.35,22.35,21.15,21.35,25938
VARDHACRLC,2014-06-23 00:00:00+05:30,22.7,22.7,21.1,21.25,63653
VARDHACRLC,2014-06-24 00:00:00+05:30,21.2,21.85,21.2,21.2,59842
VARDHACRLC,2014-06-25 00:00:00+05:30,21.3,21.8,20.9,21.0,61707
VARDHACRLC,2014-06-26 00:00:00+05:30,20.9,21.5,20.4,21.1,67299
VARDHACRLC,2014-06-27 00:00:00+05:30,20.9,21.9,20.6,21.2,35575
VARDHACRLC,2014-06-30 00:00:00+05:30,21.7,21.7,21.0,21.25,43860
VARDHACRLC,2014-07-01 00:00:00+05:30,21.65,22.45,21.3,22.1,87211
VARDHACRLC,2014-07-02 00:00:00+05:30,22.0,22.6,21.8,22.0,56523
VARDHACRLC,2014-07-03 00:00:00+05:30,22.0,22.55,21.3,22.1,96462
VARDHACRLC,2014-07-04 00:00:00+05:30,22.35,23.3,21.65,22.85,146266
VARDHACRLC,2014-07-07 00:00:00+05:30,22.55,23.4,22.0,22.25,32211
VARDHACRLC,2014-07-08 00:00:00+05:30,22.05,22.35,21.0,21.15,61815
VARDHACRLC,2014-07-09 00:00:00+05:30,20.95,21.35,19.55,20.45,75389
VARDHACRLC,2014-07-10 00:00:00+05:30,20.05,21.5,19.3,20.65,24363
VARDHACRLC,2014-07-11 00:00:00+05:30,21.35,21.35,19.0,19.25,66162
VARDHACRLC,2014-07-14 00:00:00+05:30,19.95,19.95,18.7,18.9,16443
VARDHACRLC,2014-07-15 00:00:00+05:30,19.15,19.85,19.0,19.7,31492
VARDHACRLC,2014-07-16 00:00:00+05:30,19.65,20.0,19.25,19.6,78260
VARDHACRLC,2014-07-17 00:00:00+05:30,19.3,20.0,19.25,19.75,42259
VARDHACRLC,2014-07-18 00:00:00+05:30,19.95,19.95,19.25,19.4,29976
VARDHACRLC,2014-07-21 00:00:00+05:30,19.5,19.5,18.4,18.65,103120
VARDHACRLC,2014-07-22 00:00:00+05:30,19.0,19.3,18.15,18.4,110626
VARDHACRLC,2014-07-23 00:00:00+05:30,18.5,18.75,17.9,18.6,73052
VARDHACRLC,2014-07-24 00:00:00+05:30,18.4,19.8,18.15,19.2,45067
VARDHACRLC,2014-07-25 00:00:00+05:30,19.25,19.25,18.45,18.85,22961
VARDHACRLC,2014-07-28 00:00:00+05:30,18.85,19.3,18.75,18.85,15800
VARDHACRLC,2014-07-30 00:00:00+05:30,19.0,19.05,18.85,19.0,16797
VARDHACRLC,2014-07-31 00:00:00+05:30,18.9,19.3,18.85,19.0,44043
VARDHACRLC,2014-08-01 00:00:00+05:30,18.95,19.35,18.7,18.8,108039
VARDHACRLC,2014-08-04 00:00:00+05:30,18.75,19.35,18.5,19.15,18486
VARDHACRLC,2014-08-05 00:00:00+05:30,19.4,19.75,19.3,19.45,25937
VARDHACRLC,2014-08-06 00:00:00+05:30,19.2,19.95,19.15,19.5,39168
VARDHACRLC,2014-08-07 00:00:00+05:30,19.55,19.8,19.2,19.3,39305
VARDHACRLC,2014-08-08 00:00:00+05:30,19.3,19.8,18.9,19.4,70521
VARDHACRLC,2014-08-11 00:00:00+05:30,19.5,19.8,18.65,19.4,37245
VARDHACRLC,2014-08-12 00:00:00+05:30,19.2,19.85,19.0,19.8,138326
VARDHACRLC,2014-08-13 00:00:00+05:30,19.7,19.8,19.1,19.3,40169
VARDHACRLC,2014-08-14 00:00:00+05:30,19.1,19.6,18.4,19.1,42279
VARDHACRLC,2014-08-18 00:00:00+05:30,19.25,19.75,19.25,19.35,18730
VARDHACRLC,2014-08-19 00:00:00+05:30,19.15,19.7,19.05,19.5,47710
VARDHACRLC,2014-08-20 00:00:00+05:30,19.65,19.65,19.05,19.3,59254
VARDHACRLC,2014-08-21 00:00:00+05:30,19.5,21.0,19.35,20.45,94576
VARDHACRLC,2014-08-22 00:00:00+05:30,20.9,20.9,19.55,19.75,51726
VARDHACRLC,2014-08-25 00:00:00+05:30,19.55,20.5,19.4,19.65,66232
VARDHACRLC,2014-08-26 00:00:00+05:30,19.65,19.8,18.9,19.1,30217
VARDHACRLC,2014-08-27 00:00:00+05:30,19.45,19.75,19.0,19.55,90843
VARDHACRLC,2014-08-28 00:00:00+05:30,19.2,19.75,19.15,19.35,77216
VARDHACRLC,2014-09-01 00:00:00+05:30,20.0,20.0,19.15,19.45,38973
VARDHACRLC,2014-09-02 00:00:00+05:30,19.25,19.65,19.25,19.5,97975
VARDHACRLC,2014-09-03 00:00:00+05:30,18.8,19.75,18.8,19.5,71989
VARDHACRLC,2014-09-04 00:00:00+05:30,19.65,19.7,19.15,19.35,36960
VARDHACRLC,2014-09-05 00:00:00+05:30,19.6,19.6,19.15,19.45,30230
VARDHACRLC,2014-09-08 00:00:00+05:30,19.5,20.2,19.25,19.95,66869
VARDHACRLC,2014-09-09 00:00:00+05:30,20.0,23.5,20.0,22.95,300321
VARDHACRLC,2014-09-10 00:00:00+05:30,23.5,23.5,21.75,22.2,68109
VARDHACRLC,2014-09-11 00:00:00+05:30,22.15,22.85,22.15,22.45,56325
VARDHACRLC,2014-09-12 00:00:00+05:30,22.95,23.7,22.05,22.35,58391
VARDHACRLC,2014-09-15 00:00:00+05:30,22.5,22.5,22.05,22.45,41214
VARDHACRLC,2014-09-16 00:00:00+05:30,22.45,22.45,20.25,20.5,63824
VARDHACRLC,2014-09-17 00:00:00+05:30,19.55,21.4,19.55,21.2,40400
VARDHACRLC,2014-09-18 00:00:00+05:30,21.0,21.5,20.9,21.15,14983
VARDHACRLC,2014-09-19 00:00:00+05:30,21.05,22.0,20.9,21.75,69993
VARDHACRLC,2014-09-22 00:00:00+05:30,21.75,24.4,21.75,23.9,221758
VARDHACRLC,2014-09-23 00:00:00+05:30,24.1,25.5,22.75,23.95,267678
VARDHACRLC,2014-09-24 00:00:00+05:30,24.1,24.15,22.5,23.0,69830
VARDHACRLC,2014-09-25 00:00:00+05:30,22.9,23.45,21.5,22.35,125471
VARDHACRLC,2014-09-26 00:00:00+05:30,22.0,23.3,21.75,22.95,60947
VARDHACRLC,2014-09-29 00:00:00+05:30,23.4,24.0,22.55,22.75,24535
VARDHACRLC,2014-09-30 00:00:00+05:30,23.65,23.65,22.5,23.0,24550
VARDHACRLC,2014-10-01 00:00:00+05:30,22.75,23.1,22.5,22.95,40363
VARDHACRLC,2014-10-07 00:00:00+05:30,22.25,22.55,21.7,21.95,21685
VARDHACRLC,2014-10-08 00:00:00+05:30,22.0,22.05,21.2,21.55,42232
VARDHACRLC,2014-10-09 00:00:00+05:30,22.0,22.75,21.8,22.0,44380
VARDHACRLC,2014-10-10 00:00:00+05:30,21.9,22.35,21.4,21.55,17440
VARDHACRLC,2014-10-13 00:00:00+05:30,22.0,22.0,21.5,22.0,23747
VARDHACRLC,2014-10-14 00:00:00+05:30,22.2,22.2,21.5,21.8,24589
VARDHACRLC,2014-10-16 00:00:00+05:30,21.7,21.7,20.5,21.0,29719
VARDHACRLC,2014-10-17 00:00:00+05:30,20.9,21.0,20.5,20.8,30156
VARDHACRLC,2014-10-20 00:00:00+05:30,20.95,21.3,20.85,20.95,14475
VARDHACRLC,2014-10-21 00:00:00+05:30,21.0,21.2,20.65,20.8,9174
VARDHACRLC,2014-10-22 00:00:00+05:30,20.8,21.3,20.55,20.65,21022
VARDHACRLC,2014-10-23 00:00:00+05:30,21.0,21.3,20.35,21.05,8281
VARDHACRLC,2014-10-27 00:00:00+05:30,21.0,21.6,20.6,20.7,9369
VARDHACRLC,2014-10-28 00:00:00+05:30,20.9,21.0,20.5,20.9,17034
VARDHACRLC,2014-10-29 00:00:00+05:30,21.25,21.3,20.65,20.9,20970
VARDHACRLC,2014-10-30 00:00:00+05:30,21.3,21.4,20.75,21.3,24130
VARDHACRLC,2014-10-31 00:00:00+05:30,21.0,21.5,20.8,21.1,42367
VARDHACRLC,2014-11-03 00:00:00+05:30,20.95,21.45,20.65,21.4,46472
VARDHACRLC,2014-11-05 00:00:00+05:30,20.8,22.9,20.75,21.65,154661
VARDHACRLC,2014-11-07 00:00:00+05:30,22.0,22.1,21.55,21.8,31870
VARDHACRLC,2014-11-10 00:00:00+05:30,22.0,22.9,22.0,22.35,49820
VARDHACRLC,2014-11-11 00:00:00+05:30,22.1,22.4,21.8,22.15,20671
VARDHACRLC,2014-11-12 00:00:00+05:30,22.0,22.75,21.8,22.45,92314
VARDHACRLC,2014-11-13 00:00:00+05:30,22.4,22.5,22.0,22.45,46835
VARDHACRLC,2014-11-14 00:00:00+05:30,23.3,23.3,22.5,22.8,99021
VARDHACRLC,2014-11-17 00:00:00+05:30,23.65,23.75,22.75,23.5,84642
VARDHACRLC,2014-11-18 00:00:00+05:30,23.2,26.8,23.2,26.2,576660
VARDHACRLC,2014-11-19 00:00:00+05:30,26.5,27.85,25.5,26.35,422284
VARDHACRLC,2014-11-20 00:00:00+05:30,26.2,26.2,25.15,25.55,109763
VARDHACRLC,2014-11-21 00:00:00+05:30,25.6,26.5,25.05,25.35,81564
VARDHACRLC,2014-11-24 00:00:00+05:30,25.5,28.6,24.8,27.9,517399
VARDHACRLC,2014-11-25 00:00:00+05:30,28.6,28.6,25.35,26.15,362956
VARDHACRLC,2014-11-26 00:00:00+05:30,26.75,27.3,25.85,26.65,146663
VARDHACRLC,2014-11-27 00:00:00+05:30,26.6,27.05,26.05,26.15,60287
VARDHACRLC,2014-11-28 00:00:00+05:30,27.4,27.4,25.6,26.05,86328
VARDHACRLC,2014-12-01 00:00:00+05:30,26.2,28.3,26.2,26.9,257385
VARDHACRLC,2014-12-02 00:00:00+05:30,26.75,28.4,26.75,28.1,213592
VARDHACRLC,2014-12-03 00:00:00+05:30,28.95,29.0,27.9,28.05,180880
VARDHACRLC,2014-12-04 00:00:00+05:30,27.7,28.4,27.25,27.55,66433
VARDHACRLC,2014-12-05 00:00:00+05:30,27.8,28.0,27.0,27.15,73413
VARDHACRLC,2014-12-08 00:00:00+05:30,27.3,27.3,26.2,26.3,69151
VARDHACRLC,2014-12-09 00:00:00+05:30,26.0,26.9,25.5,26.5,70644
VARDHACRLC,2014-12-10 00:00:00+05:30,26.5,28.5,26.5,28.25,211410
VARDHACRLC,2014-12-11 00:00:00+05:30,28.25,29.75,25.9,28.7,352216
VARDHACRLC,2014-12-12 00:00:00+05:30,29.25,29.5,28.05,28.35,190037
VARDHACRLC,2014-12-15 00:00:00+05:30,28.25,29.0,28.15,28.25,77894
VARDHACRLC,2014-12-16 00:00:00+05:30,28.2,28.2,26.05,27.2,150335
VARDHACRLC,2014-12-17 00:00:00+05:30,28.5,28.5,26.0,26.8,100449
VARDHACRLC,2014-12-18 00:00:00+05:30,27.9,27.9,26.65,27.25,52690
VARDHACRLC,2014-12-19 00:00:00+05:30,27.6,27.6,26.8,27.2,40163
VARDHACRLC,2014-12-22 00:00:00+05:30,27.4,27.55,26.15,27.05,52601
VARDHACRLC,2014-12-23 00:00:00+05:30,26.9,27.25,25.25,27.15,48236
VARDHACRLC,2014-12-24 00:00:00+05:30,27.5,32.55,27.5,31.35,946055
VARDHACRLC,2014-12-26 00:00:00+05:30,32.1,32.65,29.8,30.3,165162
VARDHACRLC,2014-12-29 00:00:00+05:30,30.95,32.0,30.3,31.75,131053
VARDHACRLC,2014-12-30 00:00:00+05:30,31.75,32.5,30.15,30.75,96781
VARDHACRLC,2014-12-31 00:00:00+05:30,31.0,32.0,29.65,30.55,104253
VARDHACRLC,2015-01-01 00:00:00+05:30,30.2,31.7,30.0,30.95,93985
VARDHACRLC,2015-01-02 00:00:00+05:30,31.1,32.0,30.5,31.45,98342
VARDHACRLC,2015-01-05 00:00:00+05:30,31.45,32.9,31.0,31.1,72137
VARDHACRLC,2015-01-06 00:00:00+05:30,31.0,31.0,29.5,29.65,99674
VARDHACRLC,2015-01-07 00:00:00+05:30,30.0,30.6,29.05,30.25,138027
VARDHACRLC,2015-01-08 00:00:00+05:30,31.0,32.29,30.35,31.45,135775
VARDHACRLC,2015-01-09 00:00:00+05:30,31.0,31.75,30.3,30.55,90147
VARDHACRLC,2015-01-12 00:00:00+05:30,31.0,31.25,29.55,30.2,20677
VARDHACRLC,2015-01-13 00:00:00+05:30,31.2,32.4,30.75,31.25,199322
VARDHACRLC,2015-01-14 00:00:00+05:30,31.25,31.9,30.25,30.8,66935
VARDHACRLC,2015-01-15 00:00:00+05:30,31.0,31.5,30.25,30.75,158595
VARDHACRLC,2015-01-16 00:00:00+05:30,30.85,31.35,30.05,30.55,74502
VARDHACRLC,2015-01-19 00:00:00+05:30,31.2,31.55,30.55,30.7,71163
VARDHACRLC,2015-01-20 00:00:00+05:30,31.0,31.15,29.95,30.1,70670
VARDHACRLC,2015-01-21 00:00:00+05:30,30.3,30.7,28.6,29.0,128160
VARDHACRLC,2015-01-22 00:00:00+05:30,28.45,30.75,28.4,30.25,191959
VARDHACRLC,2015-01-23 00:00:00+05:30,30.55,31.0,29.25,29.5,134830
VARDHACRLC,2015-01-27 00:00:00+05:30,30.0,30.0,28.25,28.45,52673
VARDHACRLC,2015-01-28 00:00:00+05:30,28.3,28.75,27.5,27.7,57819
VARDHACRLC,2015-01-29 00:00:00+05:30,28.6,28.6,27.5,28.05,22751
VARDHACRLC,2015-01-30 00:00:00+05:30,28.25,28.5,27.4,27.5,34197
VARDHACRLC,2015-02-02 00:00:00+05:30,27.5,28.85,27.5,28.0,54850
VARDHACRLC,2015-02-03 00:00:00+05:30,28.5,28.5,27.0,27.15,34916
VARDHACRLC,2015-02-04 00:00:00+05:30,27.5,27.5,26.4,26.6,20046
VARDHACRLC,2015-02-05 00:00:00+05:30,26.5,27.4,26.5,26.9,34615
VARDHACRLC,2015-02-06 00:00:00+05:30,26.5,27.0,25.7,26.1,55032
VARDHACRLC,2015-02-09 00:00:00+05:30,26.4,26.5,24.75,25.15,25588
VARDHACRLC,2015-02-10 00:00:00+05:30,25.0,26.5,24.75,25.95,78993
VARDHACRLC,2015-02-11 00:00:00+05:30,25.1,26.95,25.0,26.5,81594
VARDHACRLC,2015-02-12 00:00:00+05:30,26.5,27.4,25.9,26.4,18270
VARDHACRLC,2015-02-13 00:00:00+05:30,26.3,26.95,26.0,26.1,121464
VARDHACRLC,2015-02-16 00:00:00+05:30,26.0,26.7,25.5,25.95,27453
VARDHACRLC,2015-02-18 00:00:00+05:30,26.1,27.9,26.0,27.3,70109
VARDHACRLC,2015-02-19 00:00:00+05:30,27.0,27.9,26.25,26.8,25664
VARDHACRLC,2015-02-20 00:00:00+05:30,27.0,27.5,26.55,27.0,30583
VARDHACRLC,2015-02-23 00:00:00+05:30,28.05,28.05,26.6,26.95,20154
VARDHACRLC,2015-02-24 00:00:00+05:30,26.3,27.5,26.3,27.0,25979
VARDHACRLC,2015-02-25 00:00:00+05:30,27.0,27.0,26.1,26.8,21188
VARDHACRLC,2015-02-26 00:00:00+05:30,27.0,27.4,25.65,26.9,156711
VARDHACRLC,2015-02-27 00:00:00+05:30,27.45,27.45,26.0,26.75,7774
VARDHACRLC,2015-03-02 00:00:00+05:30,27.0,27.5,26.35,26.5,9787
VARDHACRLC,2015-03-03 00:00:00+05:30,27.2,27.2,25.8,26.25,40221
VARDHACRLC,2015-03-04 00:00:00+05:30,26.25,27.0,26.05,26.75,41270
VARDHACRLC,2015-03-05 00:00:00+05:30,26.5,27.4,25.85,26.45,80748
VARDHACRLC,2015-03-09 00:00:00+05:30,26.2,26.5,25.85,26.0,25773
VARDHACRLC,2015-03-10 00:00:00+05:30,26.0,26.0,25.2,25.7,16660
VARDHACRLC,2015-03-11 00:00:00+05:30,25.75,27.35,25.1,27.05,86237
VARDHACRLC,2015-03-12 00:00:00+05:30,28.0,28.0,26.15,26.45,34540
VARDHACRLC,2015-03-13 00:00:00+05:30,26.45,27.35,25.85,26.25,98172
VARDHACRLC,2015-03-16 00:00:00+05:30,26.2,26.2,25.0,25.1,47934
VARDHACRLC,2015-03-17 00:00:00+05:30,25.6,26.3,25.05,25.55,30484
VARDHACRLC,2015-03-18 00:00:00+05:30,25.7,25.7,24.75,25.0,18945
VARDHACRLC,2015-03-19 00:00:00+05:30,25.0,25.2,24.65,24.85,44998
VARDHACRLC,2015-03-20 00:00:00+05:30,24.75,25.0,24.15,24.35,20470
VARDHACRLC,2015-03-23 00:00:00+05:30,24.1,24.1,22.5,22.95,72719
VARDHACRLC,2015-03-24 00:00:00+05:30,23.0,23.45,22.85,23.0,58737
VARDHACRLC,2015-03-25 00:00:00+05:30,23.5,23.5,22.5,22.6,10729
VARDHACRLC,2015-03-26 00:00:00+05:30,22.3,22.8,22.15,22.75,33177
VARDHACRLC,2015-03-27 00:00:00+05:30,23.0,23.0,21.05,21.4,71935
VARDHACRLC,2015-03-30 00:00:00+05:30,21.55,23.0,21.55,22.65,5904
VARDHACRLC,2015-03-31 00:00:00+05:30,22.85,24.0,22.85,23.75,17297
VARDHACRLC,2015-04-01 00:00:00+05:30,23.7,24.9,23.7,24.75,7050
VARDHACRLC,2015-04-06 00:00:00+05:30,24.75,25.2,24.65,24.8,17413
VARDHACRLC,2015-04-07 00:00:00+05:30,24.65,25.25,24.6,25.05,2753
VARDHACRLC,2015-04-08 00:00:00+05:30,24.9,25.6,24.85,25.45,32804
VARDHACRLC,2015-04-09 00:00:00+05:30,27.0,27.0,25.1,26.4,18470
VARDHACRLC,2015-04-10 00:00:00+05:30,26.0,26.35,25.75,26.05,18829
VARDHACRLC,2015-04-13 00:00:00+05:30,24.5,26.85,24.5,26.2,51120
VARDHACRLC,2015-04-15 00:00:00+05:30,26.35,26.75,25.85,26.3,32753
VARDHACRLC,2015-04-16 00:00:00+05:30,26.0,26.5,25.5,26.2,43236
VARDHACRLC,2015-04-17 00:00:00+05:30,26.0,26.45,25.3,25.55,25406
VARDHACRLC,2015-04-20 00:00:00+05:30,25.2,25.3,24.5,24.85,8620
VARDHACRLC,2015-04-21 00:00:00+05:30,25.45,25.65,25.0,25.15,8220
VARDHACRLC,2015-04-22 00:00:00+05:30,25.05,25.45,22.35,23.75,88615
VARDHACRLC,2015-04-23 00:00:00+05:30,24.0,24.4,23.5,23.95,8893
VARDHACRLC,2015-04-24 00:00:00+05:30,24.2,24.2,23.3,23.35,26599
VARDHACRLC,2015-04-27 00:00:00+05:30,22.65,23.2,22.0,22.9,149013
VARDHACRLC,2015-04-28 00:00:00+05:30,23.1,23.7,23.0,23.4,8197
VARDHACRLC,2015-04-29 00:00:00+05:30,23.15,24.8,23.05,24.0,11492
VARDHACRLC,2015-04-30 00:00:00+05:30,24.95,24.95,22.55,23.9,35250
VARDHACRLC,2015-05-04 00:00:00+05:30,24.25,26.25,24.25,25.85,43995
VARDHACRLC,2015-05-05 00:00:00+05:30,25.15,26.35,25.05,26.1,136540
VARDHACRLC,2015-05-06 00:00:00+05:30,26.5,26.5,25.15,25.75,94806
VARDHACRLC,2015-05-07 00:00:00+05:30,24.8,26.35,24.7,24.95,99636
VARDHACRLC,2015-05-08 00:00:00+05:30,25.3,26.0,24.6,25.4,60457
VARDHACRLC,2015-05-11 00:00:00+05:30,25.9,27.35,25.25,26.65,76504
VARDHACRLC,2015-05-12 00:00:00+05:30,26.0,26.7,25.2,25.65,30851
VARDHACRLC,2015-05-13 00:00:00+05:30,26.0,26.0,25.25,25.6,14819
VARDHACRLC,2015-05-14 00:00:00+05:30,25.75,26.4,25.7,26.0,15763
VARDHACRLC,2015-05-15 00:00:00+05:30,26.0,26.5,25.25,26.3,19521
VARDHACRLC,2015-05-18 00:00:00+05:30,28.0,28.55,25.4,28.0,118810
VARDHACRLC,2015-05-19 00:00:00+05:30,27.9,28.5,27.2,27.9,36991
VARDHACRLC,2015-05-20 00:00:00+05:30,27.85,29.0,27.3,27.75,66987
VARDHACRLC,2015-05-21 00:00:00+05:30,28.0,28.0,26.3,27.4,11618
VARDHACRLC,2015-05-22 00:00:00+05:30,27.45,27.45,25.8,26.85,24098
VARDHACRLC,2015-05-25 00:00:00+05:30,26.7,26.7,25.7,26.05,20583
VARDHACRLC,2015-05-26 00:00:00+05:30,26.0,26.0,25.25,25.45,37382
VARDHACRLC,2015-05-27 00:00:00+05:30,25.5,26.0,24.85,25.25,32686
VARDHACRLC,2015-05-28 00:00:00+05:30,25.5,26.25,25.5,25.8,16924
VARDHACRLC,2015-05-29 00:00:00+05:30,26.0,26.4,25.85,26.0,14001
VARDHACRLC,2015-06-01 00:00:00+05:30,25.9,26.0,25.3,25.7,19683
VARDHACRLC,2015-06-02 00:00:00+05:30,25.5,27.0,25.3,26.6,50012
VARDHACRLC,2015-06-03 00:00:00+05:30,26.55,27.0,25.75,26.05,60665
VARDHACRLC,2015-06-04 00:00:00+05:30,26.3,26.3,25.95,26.15,64773
VARDHACRLC,2015-06-05 00:00:00+05:30,26.0,26.25,25.9,26.2,34661
VARDHACRLC,2015-06-08 00:00:00+05:30,25.9,26.45,25.2,25.75,6366
VARDHACRLC,2015-06-09 00:00:00+05:30,25.75,26.2,25.7,26.0,21523
VARDHACRLC,2015-06-10 00:00:00+05:30,26.1,26.4,26.0,26.35,15475
VARDHACRLC,2015-06-11 00:00:00+05:30,26.0,26.35,25.85,26.05,49580
VARDHACRLC,2015-06-12 00:00:00+05:30,26.05,26.4,25.9,26.0,28331
VARDHACRLC,2015-06-15 00:00:00+05:30,26.0,26.6,25.9,26.4,7101
VARDHACRLC,2015-06-16 00:00:00+05:30,26.15,26.25,25.9,26.2,30512
VARDHACRLC,2015-06-17 00:00:00+05:30,26.0,26.45,25.15,26.25,16680
VARDHACRLC,2015-06-18 00:00:00+05:30,26.0,26.95,25.8,26.45,14111
VARDHACRLC,2015-06-19 00:00:00+05:30,26.15,26.6,25.5,26.45,44576
VARDHACRLC,2015-06-22 00:00:00+05:30,26.7,28.75,26.7,28.55,48994
VARDHACRLC,2015-06-23 00:00:00+05:30,29.0,29.1,28.1,28.25,37545
VARDHACRLC,2015-06-24 00:00:00+05:30,28.0,28.35,27.55,27.65,14135
VARDHACRLC,2015-06-25 00:00:00+05:30,27.45,27.85,26.6,26.8,19726
VARDHACRLC,2015-06-26 00:00:00+05:30,27.0,27.5,26.7,27.2,9400
VARDHACRLC,2015-06-29 00:00:00+05:30,26.8,26.9,26.3,26.65,19752
VARDHACRLC,2015-06-30 00:00:00+05:30,27.0,28.45,27.0,28.0,119817
VARDHACRLC,2015-07-01 00:00:00+05:30,28.1,28.1,26.7,27.75,60501
VARDHACRLC,2015-07-02 00:00:00+05:30,27.5,28.5,27.25,28.35,40238
VARDHACRLC,2015-07-03 00:00:00+05:30,29.0,29.0,28.0,28.1,16997
VARDHACRLC,2015-07-06 00:00:00+05:30,27.65,28.0,27.2,27.8,13610
VARDHACRLC,2015-07-07 00:00:00+05:30,27.5,28.1,27.35,27.85,66955
VARDHACRLC,2015-07-08 00:00:00+05:30,27.65,27.9,27.3,27.45,11302
VARDHACRLC,2015-07-09 00:00:00+05:30,27.45,27.8,26.7,26.75,83204
VARDHACRLC,2015-07-10 00:00:00+05:30,27.0,27.0,26.5,26.6,25250
VARDHACRLC,2015-07-13 00:00:00+05:30,27.0,29.55,26.7,29.2,136332
VARDHACRLC,2015-07-14 00:00:00+05:30,29.5,31.85,29.0,31.5,281542
VARDHACRLC,2015-07-15 00:00:00+05:30,32.35,32.85,30.6,30.9,124487
VARDHACRLC,2015-07-16 00:00:00+05:30,30.8,32.04,30.8,31.4,143465
VARDHACRLC,2015-07-17 00:00:00+05:30,31.8,31.8,30.0,30.2,50331
VARDHACRLC,2015-07-20 00:00:00+05:30,31.3,31.4,29.6,30.15,186807
VARDHACRLC,2015-07-21 00:00:00+05:30,30.1,33.9,29.15,33.4,1522359
VARDHACRLC,2015-07-22 00:00:00+05:30,34.29,35.5,33.6,35.15,958681
VARDHACRLC,2015-07-23 00:00:00+05:30,35.0,35.45,32.29,33.45,267660
VARDHACRLC,2015-07-24 00:00:00+05:30,34.2,34.2,32.5,32.65,126410
VARDHACRLC,2015-07-27 00:00:00+05:30,32.7,32.75,31.55,32.35,84183
VARDHACRLC,2015-07-28 00:00:00+05:30,32.4,32.5,31.6,31.7,61822
VARDHACRLC,2015-07-29 00:00:00+05:30,32.0,32.0,28.8,30.1,225569
VARDHACRLC,2015-07-30 00:00:00+05:30,30.1,30.1,28.85,29.15,136617
VARDHACRLC,2015-07-31 00:00:00+05:30,29.2,32.15,29.2,30.5,224690
VARDHACRLC,2015-08-03 00:00:00+05:30,31.6,32.0,30.0,30.7,169634
VARDHACRLC,2015-08-04 00:00:00+05:30,30.5,32.0,30.5,31.3,152996
VARDHACRLC,2015-08-05 00:00:00+05:30,30.5,31.5,30.05,30.2,111926
VARDHACRLC,2015-08-06 00:00:00+05:30,30.8,31.2,29.9,30.35,104001
VARDHACRLC,2015-08-07 00:00:00+05:30,30.9,31.2,30.1,30.65,84610
VARDHACRLC,2015-08-10 00:00:00+05:30,30.1,31.8,30.1,30.5,89073
VARDHACRLC,2015-08-11 00:00:00+05:30,30.55,31.4,29.75,30.0,101950
VARDHACRLC,2015-08-12 00:00:00+05:30,30.0,31.1,28.5,29.15,140294
VARDHACRLC,2015-08-13 00:00:00+05:30,30.0,30.15,28.6,28.85,65208
VARDHACRLC,2015-08-14 00:00:00+05:30,28.8,29.35,28.15,29.0,41399
VARDHACRLC,2015-08-17 00:00:00+05:30,28.85,29.3,28.1,29.1,32743
VARDHACRLC,2015-08-18 00:00:00+05:30,28.55,30.4,28.55,28.9,54083
VARDHACRLC,2015-08-19 00:00:00+05:30,29.5,30.75,28.85,29.5,99421
VARDHACRLC,2015-08-20 00:00:00+05:30,29.9,29.9,28.65,29.25,33249
VARDHACRLC,2015-08-21 00:00:00+05:30,28.8,29.7,27.1,28.6,48079
VARDHACRLC,2015-08-24 00:00:00+05:30,28.4,28.85,26.0,26.45,152097
VARDHACRLC,2015-08-25 00:00:00+05:30,26.45,27.95,24.25,26.25,160295
VARDHACRLC,2015-08-26 00:00:00+05:30,25.8,26.95,25.35,25.7,79769
VARDHACRLC,2015-08-27 00:00:00+05:30,26.1,26.7,25.8,26.15,43896
VARDHACRLC,2015-08-28 00:00:00+05:30,26.45,27.6,26.4,26.75,18804
VARDHACRLC,2015-08-31 00:00:00+05:30,27.55,27.55,25.3,26.25,11628
VARDHACRLC,2015-09-01 00:00:00+05:30,26.0,26.3,25.8,26.15,11273
VARDHACRLC,2015-09-02 00:00:00+05:30,26.0,26.1,25.8,25.95,17320
VARDHACRLC,2015-09-03 00:00:00+05:30,26.45,28.8,26.45,28.1,86070
VARDHACRLC,2015-09-04 00:00:00+05:30,27.7,28.6,26.0,27.5,40623
VARDHACRLC,2015-09-07 00:00:00+05:30,27.2,27.2,25.25,25.7,24894
VARDHACRLC,2015-09-08 00:00:00+05:30,25.35,26.3,24.1,25.5,20481
VARDHACRLC,2015-09-09 00:00:00+05:30,26.0,26.8,25.7,26.35,15735
VARDHACRLC,2015-09-10 00:00:00+05:30,26.0,26.3,25.05,26.05,20000
VARDHACRLC,2015-09-11 00:00:00+05:30,26.25,26.25,25.05,25.35,48141
VARDHACRLC,2015-09-14 00:00:00+05:30,25.6,26.2,25.5,26.15,22973
VARDHACRLC,2015-09-15 00:00:00+05:30,26.4,27.0,26.0,26.25,12431
VARDHACRLC,2015-09-16 00:00:00+05:30,26.2,26.8,25.75,26.15,21325
VARDHACRLC,2015-09-18 00:00:00+05:30,26.15,26.75,26.1,26.4,8054
VARDHACRLC,2015-09-21 00:00:00+05:30,26.2,27.2,26.1,27.0,22884
VARDHACRLC,2015-09-22 00:00:00+05:30,27.15,27.65,26.45,26.8,27226
VARDHACRLC,2015-09-23 00:00:00+05:30,26.5,26.8,26.0,26.2,7859
VARDHACRLC,2015-09-24 00:00:00+05:30,26.15,26.6,26.1,26.1,14693
VARDHACRLC,2015-09-28 00:00:00+05:30,26.75,26.75,26.0,26.05,18184
VARDHACRLC,2015-09-29 00:00:00+05:30,26.0,26.4,25.2,26.05,13794
VARDHACRLC,2015-09-30 00:00:00+05:30,28.4,29.0,26.0,28.45,119706
VARDHACRLC,2015-10-01 00:00:00+05:30,28.1,28.5,27.25,27.55,19789
VARDHACRLC,2015-10-05 00:00:00+05:30,27.55,28.7,27.55,28.15,37926
VARDHACRLC,2015-10-06 00:00:00+05:30,28.5,28.55,27.1,27.3,61630
VARDHACRLC,2015-10-07 00:00:00+05:30,28.0,28.0,26.5,26.95,104503
VARDHACRLC,2015-10-08 00:00:00+05:30,26.8,28.0,26.8,27.2,6792
VARDHACRLC,2015-10-09 00:00:00+05:30,27.45,27.45,26.55,26.8,13020
VARDHACRLC,2015-10-12 00:00:00+05:30,26.75,27.2,26.3,26.75,30728
VARDHACRLC,2015-10-13 00:00:00+05:30,26.6,26.7,25.7,26.2,39319
VARDHACRLC,2015-10-14 00:00:00+05:30,26.5,27.4,26.5,26.8,23782
VARDHACRLC,2015-10-15 00:00:00+05:30,26.55,28.0,26.55,27.45,16971
VARDHACRLC,2015-10-16 00:00:00+05:30,27.1,27.65,27.0,27.25,17532
VARDHACRLC,2015-10-19 00:00:00+05:30,27.0,28.4,27.0,27.7,17724
VARDHACRLC,2015-10-20 00:00:00+05:30,28.65,28.65,26.55,27.15,52981
VARDHACRLC,2015-10-21 00:00:00+05:30,26.5,30.0,26.5,29.0,50388
VARDHACRLC,2015-10-23 00:00:00+05:30,29.4,29.7,28.75,28.85,28909
VARDHACRLC,2015-10-26 00:00:00+05:30,29.5,29.5,27.55,28.0,25922
VARDHACRLC,2015-10-27 00:00:00+05:30,28.0,28.0,26.65,27.05,24012
VARDHACRLC,2015-10-28 00:00:00+05:30,27.7,27.95,26.5,27.5,12929
VARDHACRLC,2015-10-29 00:00:00+05:30,27.05,27.55,27.0,27.15,7887
VARDHACRLC,2015-10-30 00:00:00+05:30,27.65,27.65,26.1,26.45,21384
VARDHACRLC,2015-11-02 00:00:00+05:30,26.65,26.65,25.3,25.5,40248
VARDHACRLC,2015-11-03 00:00:00+05:30,25.5,26.25,25.05,25.65,32880
VARDHACRLC,2015-11-04 00:00:00+05:30,25.6,26.15,25.3,26.0,9653
VARDHACRLC,2015-11-05 00:00:00+05:30,25.95,26.25,25.4,25.95,43619
VARDHACRLC,2015-11-06 00:00:00+05:30,26.25,26.6,25.5,26.05,14212
VARDHACRLC,2015-11-09 00:00:00+05:30,25.4,27.0,25.4,26.9,32123
VARDHACRLC,2015-11-10 00:00:00+05:30,26.6,27.6,26.6,27.35,18588
VARDHACRLC,2015-11-11 00:00:00+05:30,27.65,27.95,27.1,27.5,8889
VARDHACRLC,2015-11-13 00:00:00+05:30,27.6,27.6,26.8,27.1,11006
VARDHACRLC,2015-11-16 00:00:00+05:30,26.85,27.0,26.4,26.6,10215
VARDHACRLC,2015-11-17 00:00:00+05:30,26.65,27.35,26.65,27.0,10847
VARDHACRLC,2015-11-18 00:00:00+05:30,26.9,27.4,26.5,26.95,25667
VARDHACRLC,2015-11-19 00:00:00+05:30,27.0,28.7,27.0,28.25,35742
VARDHACRLC,2015-11-20 00:00:00+05:30,28.2,28.65,27.2,28.0,25257
VARDHACRLC,2015-11-23 00:00:00+05:30,28.15,28.7,27.4,27.85,26095
VARDHACRLC,2015-11-24 00:00:00+05:30,28.15,28.3,27.5,28.0,8704
VARDHACRLC,2015-11-26 00:00:00+05:30,28.5,28.9,27.6,28.1,30635
VARDHACRLC,2015-11-27 00:00:00+05:30,27.9,31.7,27.7,30.5,359928
VARDHACRLC,2015-11-30 00:00:00+05:30,31.1,31.95,29.5,29.85,41783
VARDHACRLC,2015-12-01 00:00:00+05:30,30.0,30.0,28.2,28.9,19667
VARDHACRLC,2015-12-02 00:00:00+05:30,28.8,29.2,28.25,28.65,46640
VARDHACRLC,2015-12-03 00:00:00+05:30,28.55,30.3,28.55,29.3,62476
VARDHACRLC,2015-12-04 00:00:00+05:30,29.5,29.5,28.35,28.8,36482
VARDHACRLC,2015-12-07 00:00:00+05:30,29.05,30.65,29.05,30.1,59563
VARDHACRLC,2015-12-08 00:00:00+05:30,30.2,31.8,29.4,30.25,116846
VARDHACRLC,2015-12-09 00:00:00+05:30,30.05,30.3,29.5,30.0,81917
VARDHACRLC,2015-12-10 00:00:00+05:30,30.0,30.8,29.95,30.5,65598
VARDHACRLC,2015-12-11 00:00:00+05:30,30.55,31.4,30.2,30.35,41796
VARDHACRLC,2015-12-14 00:00:00+05:30,29.95,31.3,28.75,31.0,36986
VARDHACRLC,2015-12-15 00:00:00+05:30,31.0,33.0,30.35,32.65,188656
VARDHACRLC,2015-12-16 00:00:00+05:30,32.04,34.0,32.04,33.15,134987
VARDHACRLC,2015-12-17 00:00:00+05:30,33.0,33.7,32.5,33.54,137247
VARDHACRLC,2015-12-18 00:00:00+05:30,33.54,34.0,32.85,33.04,70091
VARDHACRLC,2015-12-21 00:00:00+05:30,33.0,37.0,33.0,36.25,589333
VARDHACRLC,2015-12-22 00:00:00+05:30,38.95,39.29,36.6,37.04,379603
VARDHACRLC,2015-12-23 00:00:00+05:30,37.6,37.95,36.65,37.5,73919
VARDHACRLC,2015-12-24 00:00:00+05:30,37.65,37.9,36.5,36.95,114664
VARDHACRLC,2015-12-28 00:00:00+05:30,37.7,40.1,37.0,38.9,227851
VARDHACRLC,2015-12-29 00:00:00+05:30,39.7,39.9,36.54,36.9,128295
VARDHACRLC,2015-12-30 00:00:00+05:30,37.1,38.0,35.15,36.7,56897
VARDHACRLC,2015-12-31 00:00:00+05:30,37.1,37.35,35.4,35.7,76841
VARDHACRLC,2015-12-31 09:15:00+05:30,37.1,37.35,35.4,35.7,76841
VARDHACRLC,2016-01-01 09:17:00+05:30,36.0,37.8,36.0,37.45,98901
VARDHACRLC,2016-01-04 09:15:00+05:30,37.95,37.95,35.7,36.4,153223
VARDHACRLC,2016-01-05 09:21:00+05:30,36.35,40.95,36.1,39.5,439425
VARDHACRLC,2016-01-06 09:15:00+05:30,40.55,40.55,37.5,37.8,117958
VARDHACRLC,2016-01-07 09:15:00+05:30,38.45,38.45,35.8,36.85,112305
VARDHACRLC,2016-01-08 09:17:00+05:30,38.0,38.8,37.2,37.85,72199
VARDHACRLC,2016-01-11 09:23:00+05:30,37.0,39.6,36.3,38.5,107859
VARDHACRLC,2016-01-12 09:15:00+05:30,38.5,42.4,38.5,39.65,341139
VARDHACRLC,2016-01-13 09:15:00+05:30,40.6,40.9,35.8,37.6,219692
VARDHACRLC,2016-01-14 09:15:00+05:30,37.45,38.05,35.1,36.7,92723
VARDHACRLC,2016-01-15 09:15:00+05:30,39.4,39.4,35.1,35.2,110029
VARDHACRLC,2016-01-18 09:16:00+05:30,34.5,34.65,30.6,31.5,184514
VARDHACRLC,2016-01-19 09:16:00+05:30,31.45,33.4,30.65,32.85,60434
VARDHACRLC,2016-01-20 09:15:00+05:30,32.05,32.05,30.25,31.2,65982
VARDHACRLC,2016-01-21 09:19:00+05:30,31.3,32.0,30.5,31.05,60896
VARDHACRLC,2016-01-22 09:15:00+05:30,32.45,33.35,31.15,31.6,51144
VARDHACRLC,2016-01-25 09:18:00+05:30,31.95,32.85,31.6,32.0,30814
VARDHACRLC,2016-01-27 09:20:00+05:30,32.2,32.8,32.0,32.4,13950
VARDHACRLC,2016-01-28 09:27:00+05:30,32.5,32.85,32.0,32.4,27069
VARDHACRLC,2016-01-29 09:17:00+05:30,33.0,33.0,32.05,32.45,25540
VARDHACRLC,2016-02-01 09:31:00+05:30,33.0,34.05,33.0,33.65,49417
VARDHACRLC,2016-02-02 09:15:00+05:30,33.05,35.25,32.95,34.0,218481
VARDHACRLC,2016-02-03 09:20:00+05:30,33.6,34.7,33.0,33.1,146797
VARDHACRLC,2016-02-04 09:22:00+05:30,33.4,34.7,32.95,33.3,62237
VARDHACRLC,2016-02-05 09:23:00+05:30,33.55,33.65,32.65,33.05,19009
VARDHACRLC,2016-02-08 09:42:00+05:30,33.1,33.65,32.1,32.95,30360
VARDHACRLC,2016-02-09 09:18:00+05:30,32.5,33.6,31.4,33.05,45368
VARDHACRLC,2016-02-10 09:55:00+05:30,33.0,33.0,30.75,32.3,57635
VARDHACRLC,2016-02-11 09:15:00+05:30,32.5,32.5,29.5,30.0,66754
VARDHACRLC,2016-02-12 09:15:00+05:30,33.0,33.0,27.35,29.55,44246
VARDHACRLC,2016-02-15 09:23:00+05:30,29.85,31.8,29.85,30.8,24900
VARDHACRLC,2016-02-16 09:22:00+05:30,31.1,31.65,29.7,30.1,17860
VARDHACRLC,2016-02-17 09:17:00+05:30,30.05,30.05,28.55,29.6,17312
VARDHACRLC,2016-02-18 09:35:00+05:30,30.0,31.0,29.8,30.05,6248
VARDHACRLC,2016-02-19 09:25:00+05:30,29.35,30.35,29.25,30.25,12924
VARDHACRLC,2016-02-22 10:59:00+05:30,30.0,31.0,30.0,30.7,6714
VARDHACRLC,2016-02-23 10:01:00+05:30,30.0,30.9,30.0,30.05,15709
VARDHACRLC,2016-02-24 09:22:00+05:30,30.5,30.5,29.25,30.15,14871
VARDHACRLC,2016-02-25 09:23:00+05:30,30.0,30.55,29.55,30.45,11128
VARDHACRLC,2016-02-26 09:16:00+05:30,30.45,30.55,29.6,30.35,20301
VARDHACRLC,2016-02-29 09:41:00+05:30,30.55,32.0,30.25,30.7,61810
VARDHACRLC,2016-03-01 09:44:00+05:30,31.0,31.35,30.6,31.0,7325
VARDHACRLC,2016-03-02 09:15:00+05:30,31.0,31.6,31.0,31.15,15846
VARDHACRLC,2016-03-03 09:16:00+05:30,31.5,33.5,30.5,32.95,41366
VARDHACRLC,2016-03-04 09:26:00+05:30,32.5,34.25,32.0,33.6,46776
VARDHACRLC,2016-03-08 09:16:00+05:30,34.0,34.55,33.5,34.4,96749
VARDHACRLC,2016-03-09 09:16:00+05:30,34.25,41.25,34.0,41.25,977683
VARDHACRLC,2016-03-10 09:15:00+05:30,42.2,43.0,39.25,40.0,361652
VARDHACRLC,2016-03-11 09:15:00+05:30,40.5,41.9,39.5,40.3,235291
VARDHACRLC,2016-03-14 09:15:00+05:30,41.45,41.45,39.3,40.0,125678
VARDHACRLC,2016-03-15 09:16:00+05:30,40.3,40.3,39.5,39.7,78328
VARDHACRLC,2016-03-16 09:15:00+05:30,39.3,39.85,38.7,39.35,221009
VARDHACRLC,2016-03-17 09:15:00+05:30,34.5,34.5,33.2,33.45,184558
VARDHACRLC,2016-03-18 09:17:00+05:30,33.7,33.9,31.5,33.3,55777
VARDHACRLC,2016-03-21 09:15:00+05:30,33.75,33.75,32.15,32.5,40800
VARDHACRLC,2016-03-22 09:26:00+05:30,32.3,32.9,32.05,32.4,36244
VARDHACRLC,2016-03-23 09:15:00+05:30,33.1,33.3,32.5,33.05,21585
VARDHACRLC,2016-03-28 09:31:00+05:30,33.5,33.7,31.8,33.2,71348
VARDHACRLC,2016-03-29 09:22:00+05:30,32.8,33.0,31.55,32.35,34880
VARDHACRLC,2016-03-30 09:23:00+05:30,32.0,33.8,31.7,33.5,30626
VARDHACRLC,2016-03-31 09:21:00+05:30,33.0,33.0,31.8,32.7,26693
VARDHACRLC,2016-04-01 09:24:00+05:30,32.2,33.0,31.8,32.05,66565
VARDHACRLC,2016-04-04 09:15:00+05:30,32.5,32.5,30.8,31.05,104927
VARDHACRLC,2016-04-05 09:17:00+05:30,31.5,32.0,31.2,31.6,54101
VARDHACRLC,2016-04-06 09:18:00+05:30,31.3,32.65,31.3,32.3,24379
VARDHACRLC,2016-04-07 09:25:00+05:30,32.4,33.7,32.25,33.25,51436
VARDHACRLC,2016-04-08 09:18:00+05:30,32.5,33.5,32.15,32.85,13310
VARDHACRLC,2016-04-11 09:48:00+05:30,33.5,33.5,32.2,32.35,27177
VARDHACRLC,2016-04-12 09:59:00+05:30,32.4,32.5,32.05,32.2,28005
VARDHACRLC,2016-04-13 09:37:00+05:30,32.3,33.5,32.25,33.05,63651
VARDHACRLC,2016-04-18 09:27:00+05:30,33.0,33.9,32.9,33.6,34101
VARDHACRLC,2016-04-20 09:18:00+05:30,33.3,34.0,32.75,32.85,31579
VARDHACRLC,2016-04-21 09:23:00+05:30,32.65,34.0,32.6,33.65,42181
VARDHACRLC,2016-04-22 09:24:00+05:30,33.0,34.0,32.3,33.4,38171
VARDHACRLC,2016-04-25 09:15:00+05:30,34.0,34.7,33.55,34.05,30144
VARDHACRLC,2016-04-26 09:25:00+05:30,33.6,34.95,33.3,34.35,50328
VARDHACRLC,2016-04-27 09:27:00+05:30,34.85,34.85,33.85,34.3,9522
VARDHACRLC,2016-04-28 09:17:00+05:30,33.9,34.65,33.25,34.05,13375
VARDHACRLC,2016-04-29 09:17:00+05:30,34.4,35.3,34.0,34.85,104221
VARDHACRLC,2016-05-02 09:15:00+05:30,35.95,35.95,33.05,33.8,39142
VARDHACRLC,2016-05-03 09:15:00+05:30,33.8,35.0,33.15,33.25,37174
VARDHACRLC,2016-05-04 09:44:00+05:30,33.05,33.05,32.1,32.2,47422
VARDHACRLC,2016-05-05 09:23:00+05:30,32.2,32.3,31.95,32.15,33528
VARDHACRLC,2016-05-06 09:16:00+05:30,32.2,32.2,31.5,32.0,25509
VARDHACRLC,2016-05-09 09:20:00+05:30,32.35,32.5,31.0,31.9,72618
VARDHACRLC,2016-05-10 09:20:00+05:30,32.0,32.5,31.35,31.9,15747
VARDHACRLC,2016-05-11 09:31:00+05:30,32.0,32.35,31.5,31.55,59024
VARDHACRLC,2016-05-12 09:21:00+05:30,31.55,32.3,31.55,32.05,25864
VARDHACRLC,2016-05-13 09:29:00+05:30,32.1,32.25,31.7,31.85,31754
VARDHACRLC,2016-05-16 09:19:00+05:30,32.25,34.75,32.25,34.0,188438
VARDHACRLC,2016-05-17 09:15:00+05:30,34.95,36.2,34.7,35.5,374359
VARDHACRLC,2016-05-18 09:15:00+05:30,35.7,37.0,35.1,35.9,199075
VARDHACRLC,2016-05-19 09:15:00+05:30,36.0,36.9,34.9,35.2,76987
VARDHACRLC,2016-05-20 09:17:00+05:30,35.5,35.7,34.2,34.55,25377
VARDHACRLC,2016-05-23 09:15:00+05:30,34.75,35.9,32.9,33.3,81254
VARDHACRLC,2016-05-24 09:24:00+05:30,33.35,34.3,32.2,32.3,44002
VARDHACRLC,2016-05-25 09:21:00+05:30,32.65,33.9,32.0,32.1,94686
VARDHACRLC,2016-05-26 09:17:00+05:30,32.4,32.7,31.9,32.2,47381
VARDHACRLC,2016-05-27 09:19:00+05:30,33.0,33.0,32.0,32.05,61375
VARDHACRLC,2016-05-30 09:29:00+05:30,32.35,32.55,32.05,32.2,43163
VARDHACRLC,2016-05-31 09:36:00+05:30,32.4,32.5,31.85,32.05,39142
VARDHACRLC,2016-06-01 09:17:00+05:30,32.05,32.35,31.8,32.05,28386
VARDHACRLC,2016-06-02 09:25:00+05:30,32.0,32.55,31.7,32.15,32800
VARDHACRLC,2016-06-03 09:35:00+05:30,32.45,33.0,32.05,32.3,31567
VARDHACRLC,2016-06-06 09:17:00+05:30,32.15,32.65,32.0,32.35,16709
VARDHACRLC,2016-06-07 09:18:00+05:30,32.7,33.5,32.3,32.95,71286
VARDHACRLC,2016-06-08 09:43:00+05:30,32.95,32.95,32.4,32.55,19789
VARDHACRLC,2016-06-09 09:52:00+05:30,33.0,33.5,32.55,33.25,22778
VARDHACRLC,2016-06-10 09:15:00+05:30,33.9,33.9,33.0,33.25,31333
VARDHACRLC,2016-06-13 09:16:00+05:30,32.5,33.75,31.4,32.9,35153
VARDHACRLC,2016-06-14 09:20:00+05:30,32.8,34.9,32.55,34.4,150004
VARDHACRLC,2016-06-15 09:17:00+05:30,34.9,35.75,34.45,34.95,121148
VARDHACRLC,2016-06-16 09:21:00+05:30,35.0,35.5,33.15,34.9,140801
VARDHACRLC,2016-06-17 09:24:00+05:30,34.95,35.0,33.55,33.75,45213
VARDHACRLC,2016-06-20 09:15:00+05:30,34.0,34.7,33.05,34.5,14655
VARDHACRLC,2016-06-21 09:15:00+05:30,34.1,36.2,33.2,35.05,144764
VARDHACRLC,2016-06-22 09:15:00+05:30,36.0,36.45,35.05,35.6,180246
VARDHACRLC,2016-06-23 09:15:00+05:30,36.1,36.45,34.75,35.1,115401
VARDHACRLC,2016-06-24 09:15:00+05:30,34.0,34.4,32.15,33.8,94875
VARDHACRLC,2016-06-27 09:21:00+05:30,33.9,34.4,33.55,34.05,16516
VARDHACRLC,2016-06-28 09:18:00+05:30,34.5,34.9,33.7,34.2,27772
VARDHACRLC,2016-06-29 09:17:00+05:30,34.85,35.3,34.0,35.1,48402
VARDHACRLC,2016-06-30 09:25:00+05:30,35.5,36.75,35.1,35.55,72930
VARDHACRLC,2016-07-01 09:19:00+05:30,36.0,36.65,34.8,35.15,44267
VARDHACRLC,2016-07-04 09:15:00+05:30,35.95,35.95,34.15,34.8,28020
VARDHACRLC,2016-07-05 09:16:00+05:30,35.5,36.0,34.35,34.8,43019
VARDHACRLC,2016-07-07 09:47:00+05:30,35.0,35.4,34.6,34.7,21427
VARDHACRLC,2016-07-08 09:23:00+05:30,34.5,35.85,34.0,35.3,39724
VARDHACRLC,2016-07-11 09:15:00+05:30,35.0,36.45,34.75,34.95,102215
VARDHACRLC,2016-07-12 09:15:00+05:30,35.45,35.5,34.4,35.25,60568
VARDHACRLC,2016-07-13 09:43:00+05:30,35.4,35.5,34.75,35.4,55104
VARDHACRLC,2016-07-14 09:15:00+05:30,35.2,36.25,34.75,36.05,115341
VARDHACRLC,2016-07-15 09:18:00+05:30,36.0,37.4,35.3,36.75,80367
VARDHACRLC,2016-07-18 09:16:00+05:30,36.75,39.0,36.75,37.4,170400
VARDHACRLC,2016-07-19 09:19:00+05:30,38.0,39.65,37.1,38.85,119753
VARDHACRLC,2016-07-20 09:15:00+05:30,38.85,39.6,38.0,38.15,65149
VARDHACRLC,2016-07-21 09:18:00+05:30,38.75,38.8,37.35,38.3,52955
VARDHACRLC,2016-07-22 09:19:00+05:30,38.3,38.9,37.85,38.1,36095
VARDHACRLC,2016-07-25 09:29:00+05:30,37.85,39.1,37.35,39.0,79133
VARDHACRLC,2016-07-26 09:24:00+05:30,39.0,39.55,38.35,38.6,54307
VARDHACRLC,2016-07-27 09:16:00+05:30,39.0,39.35,37.8,38.5,44601
VARDHACRLC,2016-07-28 10:00:00+05:30,38.3,39.45,38.2,39.15,50643
VARDHACRLC,2016-07-29 09:17:00+05:30,39.15,39.8,37.65,37.75,77487
VARDHACRLC,2016-08-01 09:15:00+05:30,38.9,38.9,36.15,36.45,62271
VARDHACRLC,2016-08-02 09:15:00+05:30,36.45,37.25,36.0,36.15,27990
VARDHACRLC,2016-08-03 09:21:00+05:30,36.1,36.2,35.2,35.75,35285
VARDHACRLC,2016-08-04 09:17:00+05:30,37.15,37.15,35.25,35.4,53607
VARDHACRLC,2016-08-05 09:15:00+05:30,35.0,36.95,35.0,36.35,26935
VARDHACRLC,2016-08-08 09:15:00+05:30,37.0,37.6,36.55,37.3,53088
VARDHACRLC,2016-08-09 09:17:00+05:30,36.9,37.5,36.5,36.75,28123
VARDHACRLC,2016-08-10 09:38:00+05:30,36.7,37.15,35.5,35.8,36218
VARDHACRLC,2016-08-11 09:15:00+05:30,35.3,36.9,35.15,35.9,17042
VARDHACRLC,2016-08-12 09:16:00+05:30,37.3,37.35,36.0,36.1,16875
VARDHACRLC,2016-08-16 09:42:00+05:30,36.1,36.35,35.25,35.4,40405
VARDHACRLC,2016-08-17 09:15:00+05:30,35.15,36.45,35.15,35.85,44814
VARDHACRLC,2016-08-18 09:15:00+05:30,35.2,36.9,35.2,36.85,137630
VARDHACRLC,2016-08-19 09:15:00+05:30,37.6,39.6,37.5,39.3,255036
VARDHACRLC,2016-08-22 09:15:00+05:30,41.0,41.9,39.05,39.45,168920
VARDHACRLC,2016-08-23 09:15:00+05:30,39.0,39.5,38.3,39.05,63945
VARDHACRLC,2016-08-24 09:15:00+05:30,39.05,41.2,38.3,39.9,139267
VARDHACRLC,2016-08-25 09:18:00+05:30,39.7,42.9,39.55,42.25,433918
VARDHACRLC,2016-08-26 09:15:00+05:30,43.35,43.35,41.1,42.1,119786
VARDHACRLC,2016-08-29 09:15:00+05:30,43.0,43.0,40.1,42.2,149895
VARDHACRLC,2016-08-30 09:18:00+05:30,42.4,42.7,41.45,41.55,63718
VARDHACRLC,2016-08-31 09:28:00+05:30,41.95,42.0,40.4,40.9,46828
VARDHACRLC,2016-09-01 09:18:00+05:30,41.9,41.9,40.4,40.75,43365
VARDHACRLC,2016-09-02 09:17:00+05:30,40.5,41.2,39.8,40.3,62962
VARDHACRLC,2016-09-06 09:15:00+05:30,40.8,41.8,39.8,40.35,103081
VARDHACRLC,2016-09-07 09:20:00+05:30,40.3,40.8,39.55,39.75,38244
VARDHACRLC,2016-09-08 09:15:00+05:30,40.1,42.0,38.65,41.8,151056
VARDHACRLC,2016-09-09 09:17:00+05:30,42.7,42.7,40.9,41.05,61498
VARDHACRLC,2016-09-12 09:15:00+05:30,40.5,40.9,39.1,39.9,37084
VARDHACRLC,2016-09-14 09:16:00+05:30,39.95,42.5,39.75,39.8,50052
VARDHACRLC,2016-09-15 09:18:00+05:30,39.5,40.5,39.4,39.7,30666
VARDHACRLC,2016-09-16 09:15:00+05:30,39.65,41.0,39.1,39.35,76661
VARDHACRLC,2016-09-19 09:17:00+05:30,39.3,40.8,38.8,39.1,121122
VARDHACRLC,2016-09-20 09:15:00+05:30,39.0,39.95,38.55,38.95,57012
VARDHACRLC,2016-09-21 09:15:00+05:30,39.25,46.5,39.25,45.8,1239617
VARDHACRLC,2016-09-22 09:15:00+05:30,46.5,46.9,43.75,44.15,379748
VARDHACRLC,2016-09-23 09:15:00+05:30,44.8,45.25,43.5,43.8,152454
VARDHACRLC,2016-09-26 09:15:00+05:30,44.05,45.8,43.35,43.95,114969
VARDHACRLC,2016-09-27 09:15:00+05:30,44.5,44.9,42.85,43.85,90562
VARDHACRLC,2016-09-28 09:15:00+05:30,43.5,44.65,43.0,43.3,103177
VARDHACRLC,2016-09-29 09:15:00+05:30,43.05,43.95,40.2,41.2,176785
VARDHACRLC,2016-09-30 09:15:00+05:30,42.4,42.7,40.8,41.65,135017
VARDHACRLC,2016-10-03 09:15:00+05:30,41.65,48.1,41.65,45.75,395081
VARDHACRLC,2016-10-04 09:15:00+05:30,46.7,46.7,44.35,44.8,99148
VARDHACRLC,2016-10-05 09:17:00+05:30,45.55,49.0,44.1,47.4,789589
VARDHACRLC,2016-10-06 09:15:00+05:30,48.25,48.25,45.3,45.65,291349
VARDHACRLC,2016-10-07 09:15:00+05:30,45.45,46.8,45.45,45.75,162624
VARDHACRLC,2016-10-10 09:15:00+05:30,45.8,47.55,45.8,46.85,200699
VARDHACRLC,2016-10-13 09:15:00+05:30,46.05,48.8,45.7,46.8,266843
VARDHACRLC,2016-10-14 09:15:00+05:30,46.75,48.0,46.35,46.9,127600
VARDHACRLC,2016-10-17 09:15:00+05:30,47.35,49.7,46.05,49.0,484854
VARDHACRLC,2016-10-18 09:15:00+05:30,49.05,50.7,49.0,50.0,286918
VARDHACRLC,2016-10-19 09:15:00+05:30,50.4,50.9,49.65,49.95,152769
VARDHACRLC,2016-10-20 09:15:00+05:30,51.9,51.9,49.05,50.1,267300
VARDHACRLC,2016-10-21 09:15:00+05:30,50.1,50.25,48.6,49.55,213298
VARDHACRLC,2016-10-24 09:15:00+05:30,51.45,51.9,48.0,50.85,644064
VARDHACRLC,2016-10-25 09:15:00+05:30,49.3,49.9,48.1,48.4,200819
VARDHACRLC,2016-10-26 09:15:00+05:30,48.5,49.9,48.5,49.1,222208
VARDHACRLC,2016-10-27 09:16:00+05:30,48.9,48.9,47.0,47.35,190861
VARDHACRLC,2016-10-28 09:17:00+05:30,47.5,49.5,47.0,47.25,107142
VARDHACRLC,2016-11-01 09:15:00+05:30,49.0,49.0,47.8,47.9,69393
VARDHACRLC,2016-11-02 09:15:00+05:30,47.55,47.85,47.05,47.2,88221
VARDHACRLC,2016-11-03 09:18:00+05:30,48.4,48.4,46.8,47.05,60598
VARDHACRLC,2016-11-04 09:15:00+05:30,47.25,47.3,45.05,46.05,148906
VARDHACRLC,2016-11-07 09:17:00+05:30,47.0,47.5,46.25,46.8,48432
VARDHACRLC,2016-11-08 09:30:00+05:30,46.6,47.2,45.6,46.0,93390
VARDHACRLC,2016-11-09 09:15:00+05:30,43.05,46.95,40.25,46.0,128100
VARDHACRLC,2016-11-10 09:17:00+05:30,46.45,47.8,46.3,46.5,60648
VARDHACRLC,2016-11-11 09:16:00+05:30,46.3,46.5,45.05,45.25,58676
VARDHACRLC,2016-11-15 09:15:00+05:30,44.9,44.9,43.0,43.7,115198
VARDHACRLC,2016-11-16 09:17:00+05:30,44.4,44.65,43.5,43.95,73384
VARDHACRLC,2016-11-17 09:15:00+05:30,43.95,44.7,43.9,44.15,132195
VARDHACRLC,2016-11-18 09:15:00+05:30,43.9,45.4,43.9,45.0,48415
VARDHACRLC,2016-11-21 09:17:00+05:30,44.2,44.9,44.0,44.15,61673
VARDHACRLC,2016-11-22 09:15:00+05:30,44.2,44.2,43.3,44.1,25799
VARDHACRLC,2016-11-23 09:18:00+05:30,44.2,44.75,43.5,44.45,25762
VARDHACRLC,2016-11-24 09:16:00+05:30,44.5,44.95,43.85,44.5,57580
VARDHACRLC,2016-11-25 09:18:00+05:30,44.95,45.9,44.95,45.65,24563
VARDHACRLC,2016-11-28 09:15:00+05:30,45.9,46.9,44.15,46.05,27309
VARDHACRLC,2016-11-29 09:29:00+05:30,46.45,46.5,46.05,46.2,20313
VARDHACRLC,2016-11-30 09:26:00+05:30,46.4,46.9,46.1,46.7,31335
VARDHACRLC,2016-12-01 09:16:00+05:30,47.0,48.0,46.0,46.3,12606
VARDHACRLC,2016-12-02 09:15:00+05:30,46.3,46.5,45.5,46.15,19291
VARDHACRLC,2016-12-05 09:16:00+05:30,46.9,46.9,45.0,46.05,73470
VARDHACRLC,2016-12-06 09:44:00+05:30,46.0,48.9,46.0,46.55,183260
VARDHACRLC,2016-12-07 09:15:00+05:30,47.25,47.25,46.05,46.15,32703
VARDHACRLC,2016-12-08 09:28:00+05:30,46.6,46.85,45.9,46.25,518172
VARDHACRLC,2016-12-09 09:15:00+05:30,47.7,48.8,46.8,47.35,254206
VARDHACRLC,2016-12-12 09:15:00+05:30,48.25,48.25,46.7,47.45,101661
VARDHACRLC,2016-12-13 09:20:00+05:30,47.6,48.25,47.25,48.05,58319
VARDHACRLC,2016-12-14 09:15:00+05:30,47.05,48.2,47.05,47.05,29999
VARDHACRLC,2016-12-15 09:16:00+05:30,47.0,47.5,46.9,47.0,16883
VARDHACRLC,2016-12-16 09:27:00+05:30,46.65,47.75,46.6,47.6,59932
VARDHACRLC,2016-12-19 09:18:00+05:30,47.05,47.85,46.1,47.2,71918
VARDHACRLC,2016-12-20 09:18:00+05:30,47.75,47.75,46.1,46.35,30057
VARDHACRLC,2016-12-21 09:22:00+05:30,46.7,47.7,46.5,46.95,44365
VARDHACRLC,2016-12-22 09:22:00+05:30,47.0,47.25,46.7,47.05,46758
VARDHACRLC,2016-12-23 09:32:00+05:30,47.0,47.35,46.65,47.05,24937
VARDHACRLC,2016-12-26 09:21:00+05:30,47.25,47.25,46.5,46.6,23969
VARDHACRLC,2016-12-27 09:20:00+05:30,46.8,47.0,46.1,46.8,19967
VARDHACRLC,2016-12-28 10:05:00+05:30,47.2,47.25,46.55,46.7,22763
VARDHACRLC,2016-12-29 10:14:00+05:30,47.2,47.2,46.6,46.6,7808
VARDHACRLC,2016-12-30 09:15:00+05:30,48.3,48.3,47.1,47.3,44452
VARDHACRLC,2017-01-02 09:15:00+05:30,47.8,48.4,47.3,48.3,192398
VARDHACRLC,2017-01-03 09:17:00+05:30,48.3,48.45,47.75,48.3,17916
VARDHACRLC,2017-01-04 09:23:00+05:30,48.45,48.95,48.1,48.5,74105
VARDHACRLC,2017-01-05 09:16:00+05:30,48.45,48.9,48.35,48.5,24932
VARDHACRLC,2017-01-06 09:22:00+05:30,48.5,48.8,48.5,48.55,42593
VARDHACRLC,2017-01-09 09:22:00+05:30,48.4,49.35,48.4,48.65,101433
VARDHACRLC,2017-01-10 09:15:00+05:30,49.0,49.15,48.65,48.75,28496
VARDHACRLC,2017-01-11 09:56:00+05:30,49.0,49.0,48.6,48.7,110131
VARDHACRLC,2017-01-12 09:15:00+05:30,48.0,48.25,47.5,47.65,19180
VARDHACRLC,2017-01-13 09:45:00+05:30,47.5,48.15,47.3,47.85,13504
VARDHACRLC,2017-01-16 09:21:00+05:30,47.95,47.95,46.65,46.8,69194
VARDHACRLC,2017-01-17 09:44:00+05:30,47.55,47.95,46.5,47.0,23954
VARDHACRLC,2017-01-18 09:27:00+05:30,47.45,47.45,46.4,46.75,25840
VARDHACRLC,2017-01-19 09:29:00+05:30,46.75,47.5,46.5,47.2,41868
VARDHACRLC,2017-01-20 09:16:00+05:30,47.9,48.3,47.0,47.4,54141
VARDHACRLC,2017-01-23 09:15:00+05:30,48.3,49.5,47.75,48.25,216552
VARDHACRLC,2017-01-24 09:17:00+05:30,48.85,48.95,47.7,48.15,49100
VARDHACRLC,2017-01-25 09:16:00+05:30,48.8,48.8,48.0,48.25,34489
VARDHACRLC,2017-01-27 09:18:00+05:30,48.0,48.6,47.7,47.8,60075
VARDHACRLC,2017-01-30 09:15:00+05:30,47.15,47.15,45.0,46.0,128361
VARDHACRLC,2017-01-31 09:15:00+05:30,47.5,47.5,45.5,45.65,36823
VARDHACRLC,2017-02-01 09:15:00+05:30,45.85,46.9,45.75,46.65,32577
VARDHACRLC,2017-02-02 09:21:00+05:30,46.0,46.6,45.6,46.05,23626
VARDHACRLC,2017-02-03 09:16:00+05:30,46.4,46.45,45.55,45.7,37684
VARDHACRLC,2017-02-06 09:15:00+05:30,45.5,46.45,45.3,45.6,29941
VARDHACRLC,2017-02-07 09:15:00+05:30,46.0,46.25,45.1,45.5,33477
VARDHACRLC,2017-02-08 09:16:00+05:30,45.35,45.9,45.15,45.4,19716
VARDHACRLC,2017-02-09 09:15:00+05:30,45.6,47.25,45.15,46.85,38860
VARDHACRLC,2017-02-10 09:17:00+05:30,47.7,47.7,46.1,47.15,40306
VARDHACRLC,2017-02-13 09:15:00+05:30,47.35,47.75,47.15,47.55,44067
VARDHACRLC,2017-02-14 09:33:00+05:30,47.15,47.35,47.0,47.05,17695
VARDHACRLC,2017-02-15 09:15:00+05:30,47.15,47.45,46.8,46.95,30713
VARDHACRLC,2017-02-16 09:24:00+05:30,46.9,47.7,46.0,46.45,20195
VARDHACRLC,2017-02-17 10:01:00+05:30,47.05,47.25,46.2,46.9,23651
VARDHACRLC,2017-02-20 09:22:00+05:30,46.65,47.65,46.6,47.25,14361
VARDHACRLC,2017-02-21 09:18:00+05:30,47.65,48.0,46.35,47.25,23072
VARDHACRLC,2017-02-22 09:18:00+05:30,46.9,48.25,46.9,47.35,27431
VARDHACRLC,2017-02-23 09:15:00+05:30,47.5,47.95,47.0,47.3,22407
VARDHACRLC,2017-02-27 09:15:00+05:30,46.6,47.9,46.6,47.5,13951
VARDHACRLC,2017-02-28 09:28:00+05:30,47.7,49.25,47.55,48.95,75306
VARDHACRLC,2017-03-01 09:17:00+05:30,49.6,49.6,47.75,47.95,53629
VARDHACRLC,2017-03-02 09:24:00+05:30,48.05,48.35,47.5,47.7,13636
VARDHACRLC,2017-03-03 09:27:00+05:30,48.75,48.75,47.5,47.8,16024
VARDHACRLC,2017-03-06 09:19:00+05:30,47.65,48.0,47.5,47.75,34900
VARDHACRLC,2017-03-07 09:21:00+05:30,48.6,48.6,47.75,47.75,40761
VARDHACRLC,2017-03-08 10:08:00+05:30,48.2,48.25,47.65,47.7,22288
VARDHACRLC,2017-03-09 09:52:00+05:30,48.0,48.0,47.55,47.8,48373
VARDHACRLC,2017-03-10 09:38:00+05:30,48.0,48.3,47.6,47.8,21035
VARDHACRLC,2017-03-14 09:22:00+05:30,48.15,48.2,47.65,48.0,36150
VARDHACRLC,2017-03-15 09:19:00+05:30,47.85,48.25,47.8,48.05,22872
VARDHACRLC,2017-03-16 09:18:00+05:30,48.5,48.55,47.65,47.85,48471
VARDHACRLC,2017-03-17 09:16:00+05:30,49.0,49.0,47.8,48.0,33432
VARDHACRLC,2017-03-20 09:24:00+05:30,48.1,49.2,47.9,49.05,80862
VARDHACRLC,2017-03-21 09:15:00+05:30,49.4,49.9,48.5,48.8,34689
VARDHACRLC,2017-03-22 09:19:00+05:30,48.8,49.45,48.3,48.55,23191
VARDHACRLC,2017-03-23 09:15:00+05:30,48.55,54.8,48.3,52.5,395272
VARDHACRLC,2017-03-24 09:15:00+05:30,52.85,54.85,52.85,53.85,166318
VARDHACRLC,2017-03-27 09:15:00+05:30,55.25,56.45,55.0,55.95,201423
VARDHACRLC,2017-03-28 09:15:00+05:30,56.8,56.8,54.7,54.75,62652
VARDHACRLC,2017-03-29 09:15:00+05:30,55.6,55.6,53.6,53.8,57486
VARDHACRLC,2017-03-30 09:16:00+05:30,54.4,55.75,54.4,54.85,59153
VARDHACRLC,2017-03-31 09:15:00+05:30,54.7,55.5,52.7,53.95,42219
VARDHACRLC,2017-04-03 09:16:00+05:30,54.9,55.6,53.6,54.0,38654
VARDHACRLC,2017-04-05 09:15:00+05:30,54.8,54.8,53.5,53.7,42548
VARDHACRLC,2017-04-06 09:17:00+05:30,54.0,55.6,53.3,53.6,65535
VARDHACRLC,2017-04-07 09:16:00+05:30,53.5,53.9,52.9,53.25,78511
VARDHACRLC,2017-04-10 09:26:00+05:30,53.8,53.8,53.05,53.2,23733
VARDHACRLC,2017-04-11 09:15:00+05:30,53.05,53.6,52.65,52.85,20178
VARDHACRLC,2017-04-12 09:18:00+05:30,52.8,53.0,51.6,51.85,36454
VARDHACRLC,2017-04-13 09:16:00+05:30,51.8,52.6,50.15,51.9,23227
VARDHACRLC,2017-04-17 09:19:00+05:30,52.5,52.6,51.2,51.6,18712
VARDHACRLC,2017-04-18 09:16:00+05:30,51.4,51.95,51.0,51.45,18570
VARDHACRLC,2017-04-19 09:21:00+05:30,51.4,51.4,48.65,49.1,76821
VARDHACRLC,2017-04-20 09:15:00+05:30,48.55,50.1,48.55,49.6,33999
VARDHACRLC,2017-04-21 09:16:00+05:30,49.55,52.8,49.05,52.2,276322
VARDHACRLC,2017-04-24 09:15:00+05:30,54.55,55.95,52.2,53.2,236961
VARDHACRLC,2017-04-25 09:15:00+05:30,54.0,54.5,51.5,51.95,39631
VARDHACRLC,2017-04-26 09:17:00+05:30,51.85,52.5,49.75,50.65,29122
VARDHACRLC,2017-04-27 09:18:00+05:30,51.0,51.95,49.75,51.25,43632
VARDHACRLC,2017-04-28 09:25:00+05:30,51.0,51.4,50.1,50.3,30826
VARDHACRLC,2017-05-02 09:16:00+05:30,52.9,52.9,50.65,51.25,25686
VARDHACRLC,2017-05-03 09:15:00+05:30,52.5,53.0,50.65,51.3,64933
VARDHACRLC,2017-05-04 09:15:00+05:30,50.6,50.8,49.5,50.5,107718
VARDHACRLC,2017-05-05 09:17:00+05:30,51.35,51.35,50.3,50.5,75221
VARDHACRLC,2017-05-08 09:15:00+05:30,50.25,51.4,50.25,50.65,39101
VARDHACRLC,2017-05-09 09:27:00+05:30,50.75,51.95,50.6,51.5,37231
VARDHACRLC,2017-05-10 09:20:00+05:30,50.35,51.5,50.35,51.1,26667
VARDHACRLC,2017-05-11 09:29:00+05:30,51.55,51.55,50.9,51.05,13955
VARDHACRLC,2017-05-12 09:30:00+05:30,51.15,52.0,50.9,51.05,43159
VARDHACRLC,2017-05-15 09:16:00+05:30,51.1,52.0,50.75,51.05,54272
VARDHACRLC,2017-05-16 09:27:00+05:30,51.75,51.75,50.0,51.0,63234
VARDHACRLC,2017-05-17 09:34:00+05:30,51.0,52.4,50.35,52.05,26923
VARDHACRLC,2017-05-18 09:21:00+05:30,51.95,51.95,49.55,49.8,26016
VARDHACRLC,2017-05-19 09:16:00+05:30,50.1,50.65,49.1,49.95,55622
VARDHACRLC,2017-05-22 09:21:00+05:30,50.0,51.9,49.05,49.5,36942
VARDHACRLC,2017-05-23 09:15:00+05:30,50.55,50.6,48.5,49.4,42935
VARDHACRLC,2017-05-24 09:24:00+05:30,49.4,49.75,48.75,48.85,39668
VARDHACRLC,2017-05-25 09:15:00+05:30,48.5,50.9,48.5,49.0,18496
VARDHACRLC,2017-05-26 09:25:00+05:30,48.65,49.8,46.5,47.25,143884
VARDHACRLC,2017-05-29 09:15:00+05:30,47.25,47.85,45.75,47.4,34868
VARDHACRLC,2017-05-30 09:19:00+05:30,47.55,48.3,46.8,47.1,39323
VARDHACRLC,2017-05-31 09:23:00+05:30,47.75,48.3,46.95,47.1,38997
VARDHACRLC,2017-06-01 09:26:00+05:30,47.6,48.5,47.1,48.05,40171
VARDHACRLC,2017-06-02 09:15:00+05:30,47.6,49.5,47.6,49.15,47079
VARDHACRLC,2017-06-05 09:21:00+05:30,49.05,49.8,48.5,48.65,18004
VARDHACRLC,2017-06-06 09:54:00+05:30,48.65,49.0,47.65,47.9,13275
VARDHACRLC,2017-06-07 09:34:00+05:30,48.1,48.95,47.8,48.75,34496
VARDHACRLC,2017-06-08 09:30:00+05:30,49.3,49.3,48.05,48.45,8381
VARDHACRLC,2017-06-09 09:16:00+05:30,48.9,49.15,48.05,48.4,20062
VARDHACRLC,2017-06-12 09:16:00+05:30,48.3,48.7,48.05,48.25,7871
VARDHACRLC,2017-06-13 09:35:00+05:30,48.05,48.55,47.55,47.9,22112
VARDHACRLC,2017-06-14 10:00:00+05:30,48.5,48.5,47.6,48.2,35563
VARDHACRLC,2017-06-15 09:37:00+05:30,48.05,48.45,48.05,48.1,12695
VARDHACRLC,2017-06-16 09:21:00+05:30,48.55,48.55,47.8,47.85,22823
VARDHACRLC,2017-06-19 09:22:00+05:30,48.0,48.35,47.85,47.9,14170
VARDHACRLC,2017-06-20 09:15:00+05:30,47.35,48.3,47.35,47.85,8068
VARDHACRLC,2017-06-21 09:42:00+05:30,47.85,48.45,47.75,48.2,25376
VARDHACRLC,2017-06-22 09:19:00+05:30,48.9,48.9,47.9,47.9,10367
VARDHACRLC,2017-06-23 09:22:00+05:30,47.85,48.3,47.35,47.75,12808
VARDHACRLC,2017-06-27 09:27:00+05:30,47.7,48.15,47.3,47.4,9637
VARDHACRLC,2017-06-28 09:16:00+05:30,47.5,48.0,47.4,47.85,16568
VARDHACRLC,2017-06-29 09:58:00+05:30,47.95,50.5,47.65,49.8,37621
VARDHACRLC,2017-06-30 09:18:00+05:30,50.25,50.25,47.6,48.0,52090
VARDHACRLC,2017-07-03 09:19:00+05:30,47.5,48.65,47.5,47.8,53555
VARDHACRLC,2017-07-04 09:24:00+05:30,48.0,48.6,47.6,47.9,19188
VARDHACRLC,2017-07-05 09:24:00+05:30,47.9,49.2,47.8,48.85,33776
VARDHACRLC,2017-07-06 09:29:00+05:30,48.95,50.5,47.7,48.95,37210
VARDHACRLC,2017-07-07 09:15:00+05:30,48.6,49.6,47.9,48.25,27980
VARDHACRLC,2017-07-10 12:37:00+05:30,50.9,50.9,48.2,48.55,3749
VARDHACRLC,2017-07-11 09:16:00+05:30,48.1,48.8,46.8,47.5,63604
VARDHACRLC,2017-07-12 09:35:00+05:30,47.7,47.8,47.3,47.65,35074
VARDHACRLC,2017-07-13 09:20:00+05:30,47.35,48.5,47.35,48.25,47215
VARDHACRLC,2017-07-14 09:22:00+05:30,48.0,48.2,47.8,48.0,10639
VARDHACRLC,2017-07-17 09:18:00+05:30,48.05,48.75,47.5,47.6,16807
VARDHACRLC,2017-07-18 09:16:00+05:30,48.25,48.25,47.1,47.8,9627
VARDHACRLC,2017-07-19 09:31:00+05:30,47.7,48.5,47.25,48.45,19172
VARDHACRLC,2017-07-20 09:26:00+05:30,48.5,48.5,47.7,47.85,13443
VARDHACRLC,2017-07-21 09:42:00+05:30,48.3,50.95,47.7,49.65,103421
VARDHACRLC,2017-07-24 09:15:00+05:30,49.65,49.95,48.05,48.35,34664
VARDHACRLC,2017-07-25 09:23:00+05:30,48.1,49.35,48.1,48.95,25962
VARDHACRLC,2017-07-26 09:16:00+05:30,49.7,49.7,48.1,48.2,11675
VARDHACRLC,2017-07-27 09:17:00+05:30,49.3,49.3,47.55,47.9,21944
VARDHACRLC,2017-07-28 09:19:00+05:30,48.0,48.85,47.35,47.6,21213
VARDHACRLC,2017-07-31 09:21:00+05:30,47.6,48.5,46.0,47.05,30222
VARDHACRLC,2017-08-01 09:57:00+05:30,47.95,47.95,46.9,46.9,11017
VARDHACRLC,2017-08-02 09:35:00+05:30,46.9,47.2,46.75,46.8,9036
VARDHACRLC,2017-08-03 09:19:00+05:30,46.6,47.45,46.55,47.4,19393
VARDHACRLC,2017-08-04 09:20:00+05:30,47.45,47.5,46.8,46.9,6540
VARDHACRLC,2017-08-07 09:18:00+05:30,47.95,47.95,46.25,46.8,7145
VARDHACRLC,2017-08-08 09:20:00+05:30,46.55,47.0,45.5,46.2,24578
VARDHACRLC,2017-08-09 09:23:00+05:30,46.0,46.9,45.9,46.25,6492
VARDHACRLC,2017-08-10 09:17:00+05:30,48.4,48.4,44.5,44.85,41323
VARDHACRLC,2017-08-11 09:18:00+05:30,44.75,45.5,44.5,44.65,19308
VARDHACRLC,2017-08-14 09:21:00+05:30,44.65,46.85,44.2,46.35,40152
VARDHACRLC,2017-08-16 09:21:00+05:30,45.9,47.9,45.2,47.3,33802
VARDHACRLC,2017-08-17 09:27:00+05:30,47.85,47.85,46.05,46.25,22170
VARDHACRLC,2017-08-18 09:57:00+05:30,45.8,46.4,45.05,45.6,10731
VARDHACRLC,2017-08-21 09:17:00+05:30,47.45,47.45,45.0,45.15,79978
VARDHACRLC,2017-08-22 09:26:00+05:30,45.0,46.7,44.7,45.05,17226
VARDHACRLC,2017-08-23 09:17:00+05:30,46.75,46.75,44.55,44.95,92111
VARDHACRLC,2017-08-24 09:18:00+05:30,44.8,45.35,43.95,44.45,223857
VARDHACRLC,2017-08-28 09:34:00+05:30,45.2,45.65,44.0,44.85,16487
VARDHACRLC,2017-08-29 09:18:00+05:30,44.5,44.95,44.1,44.2,16722
VARDHACRLC,2017-08-30 09:28:00+05:30,44.5,46.8,44.45,46.1,47956
VARDHACRLC,2017-08-31 09:28:00+05:30,46.1,46.1,44.55,44.85,10735
VARDHACRLC,2017-09-01 09:38:00+05:30,45.7,46.7,45.0,45.75,29310
VARDHACRLC,2017-09-04 09:24:00+05:30,46.6,46.8,45.4,45.7,20010
VARDHACRLC,2017-09-05 09:29:00+05:30,46.7,46.85,45.3,46.6,23200
VARDHACRLC,2017-09-06 09:27:00+05:30,46.65,46.65,45.75,46.25,23951
VARDHACRLC,2017-09-07 09:15:00+05:30,45.85,47.5,45.4,47.05,69664
VARDHACRLC,2017-09-08 09:18:00+05:30,47.05,47.7,46.2,47.2,127385
VARDHACRLC,2017-09-11 09:16:00+05:30,47.25,49.45,47.25,48.35,69935
VARDHACRLC,2017-09-12 09:17:00+05:30,48.9,48.9,46.8,47.3,18822
VARDHACRLC,2017-09-13 09:16:00+05:30,46.35,47.85,46.35,47.35,28187
VARDHACRLC,2017-09-14 09:15:00+05:30,47.3,48.0,46.2,46.7,35008
VARDHACRLC,2017-09-15 09:15:00+05:30,46.1,48.0,45.75,47.2,13502
VARDHACRLC,2017-09-18 09:31:00+05:30,47.2,47.65,46.45,46.9,13913
VARDHACRLC,2017-09-19 09:20:00+05:30,47.0,47.0,46.0,46.1,14186
VARDHACRLC,2017-09-20 09:28:00+05:30,46.7,46.7,45.8,46.0,15456
VARDHACRLC,2017-09-21 09:16:00+05:30,46.85,46.95,45.7,46.35,18781
VARDHACRLC,2017-09-22 09:15:00+05:30,45.7,46.1,44.0,44.95,28153
VARDHACRLC,2017-09-25 09:30:00+05:30,44.6,44.95,43.5,43.9,18472
VARDHACRLC,2017-09-26 09:43:00+05:30,43.6,44.35,43.5,43.75,5668
VARDHACRLC,2017-09-27 09:17:00+05:30,44.3,44.55,43.7,44.0,10925
VARDHACRLC,2017-09-28 09:48:00+05:30,44.3,44.3,42.9,43.05,34295
VARDHACRLC,2017-09-29 09:18:00+05:30,43.0,44.2,43.0,44.0,15480
VARDHACRLC,2017-10-03 09:19:00+05:30,44.2,45.0,43.85,44.6,19600
VARDHACRLC,2017-10-04 09:25:00+05:30,45.3,45.3,43.9,44.0,19975
VARDHACRLC,2017-10-05 09:29:00+05:30,44.45,44.45,43.9,44.0,15273
VARDHACRLC,2017-10-06 09:21:00+05:30,43.9,44.5,43.9,44.4,18969
VARDHACRLC,2017-10-09 09:22:00+05:30,44.65,44.7,44.1,44.35,12768
VARDHACRLC,2017-10-10 09:16:00+05:30,44.0,44.6,42.7,43.4,53908
VARDHACRLC,2017-10-11 09:16:00+05:30,43.65,44.5,43.15,44.1,28241
VARDHACRLC,2017-10-12 09:24:00+05:30,44.15,44.2,43.65,44.0,21082
VARDHACRLC,2017-10-13 09:25:00+05:30,44.1,44.95,43.8,44.7,27594
VARDHACRLC,2017-10-16 09:34:00+05:30,44.7,44.7,43.8,43.85,11492
VARDHACRLC,2017-10-17 09:16:00+05:30,43.8,44.9,43.8,44.6,15394
VARDHACRLC,2017-10-18 09:45:00+05:30,44.9,44.9,44.0,44.2,14352
VARDHACRLC,2017-10-23 09:25:00+05:30,44.9,45.2,44.2,44.3,6647
VARDHACRLC,2017-10-24 09:32:00+05:30,44.8,45.9,44.7,45.2,17727
VARDHACRLC,2017-10-25 09:24:00+05:30,45.9,45.9,44.25,44.35,19570
VARDHACRLC,2017-10-26 09:15:00+05:30,44.25,44.75,44.05,44.2,15981
VARDHACRLC,2017-10-27 09:20:00+05:30,44.25,44.8,43.55,43.95,22179
VARDHACRLC,2017-10-30 09:28:00+05:30,43.95,44.65,43.95,44.4,13310
VARDHACRLC,2017-10-31 09:27:00+05:30,44.2,45.0,43.8,44.55,24309
VARDHACRLC,2017-11-01 09:17:00+05:30,45.45,45.9,44.25,44.85,25112
VARDHACRLC,2017-11-02 09:18:00+05:30,44.05,46.95,44.05,45.65,41072
VARDHACRLC,2017-11-03 09:21:00+05:30,46.4,46.5,45.05,45.4,22960
VARDHACRLC,2017-11-06 09:15:00+05:30,45.95,47.8,45.4,46.85,38142
VARDHACRLC,2017-11-07 09:20:00+05:30,46.85,47.8,45.75,46.0,34394
VARDHACRLC,2017-11-08 09:19:00+05:30,47.5,47.5,45.7,45.95,14612
VARDHACRLC,2017-11-09 09:15:00+05:30,45.5,48.25,45.5,47.05,80056
VARDHACRLC,2017-11-10 09:16:00+05:30,48.9,48.9,46.6,47.05,26792
VARDHACRLC,2017-11-13 09:18:00+05:30,47.0,47.7,45.55,45.85,58937
VARDHACRLC,2017-11-14 09:24:00+05:30,45.7,46.1,45.2,45.45,33444
VARDHACRLC,2017-11-15 09:17:00+05:30,45.3,46.3,44.25,44.45,26233
VARDHACRLC,2017-11-16 09:19:00+05:30,45.9,46.2,44.65,45.75,26873
VARDHACRLC,2017-11-17 09:15:00+05:30,47.3,47.9,45.3,47.15,72337
VARDHACRLC,2017-11-20 09:15:00+05:30,47.5,48.15,46.3,47.3,62843
VARDHACRLC,2017-11-21 09:30:00+05:30,47.35,47.35,46.05,46.25,19418
VARDHACRLC,2017-11-22 09:19:00+05:30,47.4,47.4,45.0,45.15,51297
VARDHACRLC,2017-11-23 09:17:00+05:30,45.05,46.4,45.0,45.3,49998
VARDHACRLC,2017-11-24 09:27:00+05:30,45.3,46.5,45.1,45.4,22219
VARDHACRLC,2017-11-27 09:16:00+05:30,45.5,46.5,45.5,46.4,13321
VARDHACRLC,2017-11-28 09:15:00+05:30,47.55,47.55,46.5,46.75,9696
VARDHACRLC,2017-11-29 09:24:00+05:30,48.35,48.35,46.55,46.75,15930
VARDHACRLC,2017-11-30 09:17:00+05:30,47.85,47.85,46.05,46.5,7445
VARDHACRLC,2017-12-01 09:16:00+05:30,47.95,47.95,46.85,47.15,19023
VARDHACRLC,2017-12-04 09:20:00+05:30,47.15,47.9,46.1,47.5,13975
VARDHACRLC,2017-12-05 09:20:00+05:30,47.85,47.85,46.1,47.35,15494
VARDHACRLC,2017-12-06 09:21:00+05:30,47.85,47.85,46.5,46.85,10768
VARDHACRLC,2017-12-07 10:03:00+05:30,46.85,47.5,46.7,46.8,12118
VARDHACRLC,2017-12-08 09:16:00+05:30,47.7,47.7,46.75,47.05,16581
VARDHACRLC,2017-12-11 09:15:00+05:30,47.85,47.85,46.3,47.75,15323
VARDHACRLC,2017-12-12 09:27:00+05:30,47.85,47.85,47.1,47.25,9906
VARDHACRLC,2017-12-13 09:32:00+05:30,47.5,47.5,46.85,47.0,29511
VARDHACRLC,2017-12-14 09:36:00+05:30,47.3,47.3,46.3,46.8,25787
VARDHACRLC,2017-12-15 09:18:00+05:30,46.85,47.2,46.55,46.7,7753
VARDHACRLC,2017-12-18 09:17:00+05:30,46.8,47.95,46.7,46.9,10521
VARDHACRLC,2017-12-19 09:17:00+05:30,46.65,47.95,46.65,47.15,14637
VARDHACRLC,2017-12-20 09:16:00+05:30,47.15,49.0,46.6,47.9,78392
VARDHACRLC,2017-12-21 09:15:00+05:30,49.45,49.5,47.5,48.3,25971
VARDHACRLC,2017-12-22 09:18:00+05:30,48.0,48.85,48.0,48.35,12980
VARDHACRLC,2017-12-26 09:18:00+05:30,49.0,53.8,48.55,52.9,260675
VARDHACRLC,2017-12-27 09:15:00+05:30,53.95,53.95,50.35,50.95,105795
VARDHACRLC,2017-12-28 09:16:00+05:30,52.75,59.25,51.0,56.95,328157
VARDHACRLC,2017-12-29 09:15:00+05:30,57.9,58.9,55.55,56.5,141361
VARDHACRLC,2018-01-01 09:17:00+05:30,57.0,58.3,55.1,55.9,70136
VARDHACRLC,2018-01-02 09:15:00+05:30,56.2,57.0,54.5,55.05,54564
VARDHACRLC,2018-01-03 09:17:00+05:30,56.8,56.8,53.15,53.75,73578
VARDHACRLC,2018-01-04 09:15:00+05:30,54.8,57.5,53.5,56.8,133865
VARDHACRLC,2018-01-05 09:16:00+05:30,58.35,58.35,55.0,55.9,62609
VARDHACRLC,2018-01-08 09:15:00+05:30,57.8,57.8,56.0,56.25,78230
VARDHACRLC,2018-01-09 09:15:00+05:30,57.2,57.25,54.25,54.7,75581
VARDHACRLC,2018-01-10 09:18:00+05:30,54.35,55.4,53.55,53.85,40630
VARDHACRLC,2018-01-11 09:16:00+05:30,54.1,55.0,53.5,54.55,31132
VARDHACRLC,2018-01-12 09:17:00+05:30,54.7,55.65,53.5,53.75,72348
VARDHACRLC,2018-01-15 09:17:00+05:30,54.4,56.2,53.7,54.75,46347
VARDHACRLC,2018-01-16 09:20:00+05:30,54.75,54.75,52.5,53.05,47862
VARDHACRLC,2018-01-17 09:15:00+05:30,52.05,54.0,52.05,53.6,14314
VARDHACRLC,2018-01-18 09:16:00+05:30,54.9,54.9,52.1,52.25,41786
VARDHACRLC,2018-01-19 09:22:00+05:30,52.8,53.9,51.9,52.4,36941
VARDHACRLC,2018-01-22 09:17:00+05:30,53.8,53.8,52.35,52.55,24035
VARDHACRLC,2018-01-23 09:18:00+05:30,53.35,53.35,52.4,52.75,17522
VARDHACRLC,2018-01-24 09:24:00+05:30,52.3,53.25,51.75,52.15,29685
VARDHACRLC,2018-01-25 09:43:00+05:30,52.0,52.75,51.3,51.6,15196
VARDHACRLC,2018-01-29 09:40:00+05:30,51.7,52.7,50.2,50.3,36259
VARDHACRLC,2018-01-30 09:17:00+05:30,50.3,51.0,49.65,49.75,44712
VARDHACRLC,2018-01-31 09:24:00+05:30,49.85,49.85,48.7,48.95,48652
VARDHACRLC,2018-02-01 09:26:00+05:30,49.65,49.65,48.5,48.9,15287
VARDHACRLC,2018-02-02 09:15:00+05:30,48.8,49.75,47.3,48.3,31443
VARDHACRLC,2018-02-05 09:17:00+05:30,48.3,55.7,46.0,49.05,585392
VARDHACRLC,2018-02-06 09:15:00+05:30,48.15,48.15,46.0,46.95,105483
VARDHACRLC,2018-02-07 09:15:00+05:30,48.5,54.95,46.8,47.45,166581
VARDHACRLC,2018-02-08 09:22:00+05:30,47.0,48.75,47.0,47.3,144041
VARDHACRLC,2018-02-09 09:16:00+05:30,47.05,48.5,46.65,47.55,101738
VARDHACRLC,2018-02-12 09:15:00+05:30,48.6,51.2,48.55,49.0,196112
VARDHACRLC,2018-02-14 09:15:00+05:30,52.0,52.0,48.0,48.1,113802
VARDHACRLC,2018-02-15 09:18:00+05:30,48.1,49.0,47.6,48.35,132692
VARDHACRLC,2018-02-16 09:16:00+05:30,48.95,48.95,47.0,47.35,99313
VARDHACRLC,2018-02-19 09:36:00+05:30,47.25,47.55,46.5,47.0,48815
VARDHACRLC,2018-02-20 09:15:00+05:30,46.9,47.25,46.1,46.6,104628
VARDHACRLC,2018-02-21 09:28:00+05:30,46.95,47.3,46.2,46.8,36181
VARDHACRLC,2018-02-22 09:15:00+05:30,46.9,48.0,46.55,47.55,11054
VARDHACRLC,2018-02-23 09:20:00+05:30,47.55,48.2,47.25,48.0,26361
VARDHACRLC,2018-02-26 09:37:00+05:30,48.2,48.9,47.35,47.85,25686
VARDHACRLC,2018-02-27 09:33:00+05:30,48.2,49.9,48.0,49.6,72428
VARDHACRLC,2018-02-28 09:16:00+05:30,49.6,50.5,48.65,49.85,44311
VARDHACRLC,2018-03-01 09:17:00+05:30,50.9,50.9,49.2,49.75,32071
VARDHACRLC,2018-03-05 09:17:00+05:30,48.85,49.95,48.5,49.7,15226
VARDHACRLC,2018-03-06 09:25:00+05:30,49.95,49.95,48.1,48.9,45345
VARDHACRLC,2018-03-07 09:23:00+05:30,48.7,49.2,47.25,48.65,41767
VARDHACRLC,2018-03-08 09:38:00+05:30,48.4,48.4,46.5,47.95,34886
VARDHACRLC,2018-03-09 09:48:00+05:30,47.55,48.25,47.55,47.8,19521
VARDHACRLC,2018-03-12 09:32:00+05:30,49.4,49.4,48.2,48.75,16210
VARDHACRLC,2018-03-13 09:17:00+05:30,48.1,49.3,48.1,48.45,20135
VARDHACRLC,2018-03-14 09:19:00+05:30,47.6,49.0,47.6,48.8,7220
VARDHACRLC,2018-03-15 09:16:00+05:30,49.9,49.9,46.6,48.15,16828
VARDHACRLC,2018-03-16 09:36:00+05:30,48.4,48.75,47.75,48.35,9744
VARDHACRLC,2018-03-19 09:23:00+05:30,49.8,49.8,47.65,47.8,20540
VARDHACRLC,2018-03-20 09:18:00+05:30,47.5,48.0,46.65,46.75,39650
VARDHACRLC,2018-03-21 09:22:00+05:30,48.3,48.3,46.95,47.2,21495
VARDHACRLC,2018-03-22 09:19:00+05:30,48.5,48.5,46.1,46.35,36828
VARDHACRLC,2018-03-23 09:15:00+05:30,46.0,46.9,45.0,45.95,21819
VARDHACRLC,2018-03-26 09:19:00+05:30,47.7,47.7,45.1,45.65,58630
VARDHACRLC,2018-03-27 09:31:00+05:30,46.45,48.1,46.0,48.0,22812
VARDHACRLC,2018-03-28 09:47:00+05:30,47.95,48.5,47.05,47.55,7076
VARDHACRLC,2018-04-02 09:20:00+05:30,48.65,48.65,47.1,48.25,14338
VARDHACRLC,2018-04-03 09:35:00+05:30,47.7,48.6,47.7,48.2,1596
VARDHACRLC,2018-04-04 09:31:00+05:30,49.75,49.75,48.1,48.5,11362
VARDHACRLC,2018-04-05 09:44:00+05:30,48.05,50.0,48.05,49.55,17207
VARDHACRLC,2018-04-06 09:15:00+05:30,50.0,50.3,49.0,49.8,23327
VARDHACRLC,2018-04-09 09:15:00+05:30,50.65,51.0,48.85,50.5,14432
VARDHACRLC,2018-04-10 09:26:00+05:30,50.2,50.9,49.6,49.8,8979
VARDHACRLC,2018-04-11 10:38:00+05:30,49.85,49.85,48.55,49.0,44348
VARDHACRLC,2018-04-12 09:51:00+05:30,49.0,49.0,48.1,49.0,14153
VARDHACRLC,2018-04-13 09:33:00+05:30,49.0,49.0,48.6,49.0,24265
VARDHACRLC,2018-04-16 09:22:00+05:30,48.7,49.6,48.25,48.75,4786
VARDHACRLC,2018-04-17 10:34:00+05:30,49.45,50.9,48.05,49.15,19618
VARDHACRLC,2018-04-18 09:47:00+05:30,49.25,50.0,48.8,49.3,13062
VARDHACRLC,2018-04-19 10:42:00+05:30,49.0,50.0,49.0,50.0,1598
VARDHACRLC,2018-04-20 09:46:00+05:30,49.7,50.5,49.4,49.4,10052
VARDHACRLC,2018-04-23 09:44:00+05:30,49.45,52.0,49.05,51.7,19806
VARDHACRLC,2018-04-24 09:15:00+05:30,51.85,52.7,50.05,51.25,13499
VARDHACRLC,2018-04-25 09:16:00+05:30,50.8,52.2,49.6,49.8,11218
VARDHACRLC,2018-04-26 09:20:00+05:30,49.5,50.9,49.25,50.0,11272
VARDHACRLC,2018-04-27 09:22:00+05:30,50.0,51.7,50.0,50.05,10065
VARDHACRLC,2018-04-30 09:35:00+05:30,51.4,51.4,50.05,50.35,8965
VARDHACRLC,2018-05-02 09:15:00+05:30,51.35,53.75,50.3,50.75,39455
VARDHACRLC,2018-05-03 09:15:00+05:30,52.7,52.7,49.6,50.75,7659
VARDHACRLC,2018-05-04 09:15:00+05:30,49.85,50.35,48.1,48.65,52131
VARDHACRLC,2018-05-07 09:15:00+05:30,47.6,50.0,47.6,48.85,38265
VARDHACRLC,2018-05-08 09:38:00+05:30,48.85,49.5,47.65,48.55,19341
VARDHACRLC,2018-05-09 09:30:00+05:30,49.25,49.25,47.7,47.8,35796
VARDHACRLC,2018-05-10 09:15:00+05:30,47.1,48.5,46.7,47.7,39777
VARDHACRLC,2018-05-11 09:38:00+05:30,48.45,49.5,47.6,48.4,11348
VARDHACRLC,2018-05-14 09:20:00+05:30,47.55,49.0,47.15,47.35,35903
VARDHACRLC,2018-05-15 09:28:00+05:30,48.0,49.3,47.3,47.5,2357
VARDHACRLC,2018-05-16 09:34:00+05:30,47.5,47.9,47.2,47.3,10575
VARDHACRLC,2018-05-17 09:28:00+05:30,47.1,48.7,47.05,47.6,15279
VARDHACRLC,2018-05-18 09:15:00+05:30,49.75,49.75,47.45,47.75,25018
VARDHACRLC,2018-05-21 09:22:00+05:30,49.0,49.0,46.35,47.0,2740
VARDHACRLC,2018-05-22 09:37:00+05:30,47.0,48.2,46.25,47.95,7391
VARDHACRLC,2018-05-23 09:18:00+05:30,48.9,48.9,47.0,47.15,12379
VARDHACRLC,2018-05-24 09:21:00+05:30,47.15,48.4,47.05,47.5,6819
VARDHACRLC,2018-05-25 09:33:00+05:30,47.5,48.7,47.3,48.6,15585
VARDHACRLC,2018-05-28 09:15:00+05:30,52.0,52.0,47.15,48.4,34665
VARDHACRLC,2018-05-29 09:25:00+05:30,49.5,49.5,48.05,48.05,1282
VARDHACRLC,2018-05-30 09:26:00+05:30,48.0,48.65,47.2,47.75,2490
VARDHACRLC,2018-05-31 09:33:00+05:30,49.4,49.4,47.45,48.45,12472
VARDHACRLC,2018-06-01 10:07:00+05:30,48.85,48.85,48.2,48.4,7774
VARDHACRLC,2018-06-04 09:31:00+05:30,46.55,49.35,46.55,48.0,15012
VARDHACRLC,2018-06-05 09:25:00+05:30,47.7,47.7,46.5,46.75,13953
VARDHACRLC,2018-06-06 09:25:00+05:30,46.75,47.5,46.4,46.95,7013
VARDHACRLC,2018-06-07 09:16:00+05:30,49.5,49.5,47.05,47.65,11312
VARDHACRLC,2018-06-08 09:50:00+05:30,47.35,48.0,47.3,47.55,2615
VARDHACRLC,2018-06-11 09:22:00+05:30,47.15,51.0,47.15,47.8,35266
VARDHACRLC,2018-06-12 09:36:00+05:30,48.5,48.5,48.2,48.2,14095
VARDHACRLC,2018-06-13 09:17:00+05:30,48.25,50.4,47.25,47.7,4110
VARDHACRLC,2018-06-14 09:46:00+05:30,48.45,48.5,47.1,48.0,2991
VARDHACRLC,2018-06-15 10:12:00+05:30,47.5,47.8,47.15,47.35,7611
VARDHACRLC,2018-06-18 09:47:00+05:30,48.2,48.2,46.65,46.7,4597
VARDHACRLC,2018-06-19 09:58:00+05:30,46.75,47.0,46.1,46.3,7757
VARDHACRLC,2018-06-20 09:17:00+05:30,48.0,48.0,46.95,47.4,4690
VARDHACRLC,2018-06-21 09:20:00+05:30,47.0,47.5,47.0,47.05,2210
VARDHACRLC,2018-06-22 09:16:00+05:30,45.5,47.8,45.5,47.1,7514
VARDHACRLC,2018-06-25 09:16:00+05:30,50.0,50.0,46.1,47.65,1026
VARDHACRLC,2018-06-26 09:30:00+05:30,47.0,47.5,46.4,47.05,4765
VARDHACRLC,2018-06-27 09:30:00+05:30,47.75,47.75,46.5,46.7,7558
VARDHACRLC,2018-06-28 10:01:00+05:30,46.85,46.9,44.75,46.0,9446
VARDHACRLC,2018-06-29 10:52:00+05:30,45.9,46.55,45.6,46.0,1372
VARDHACRLC,2018-07-02 09:20:00+05:30,45.6,46.9,45.4,45.45,2551
VARDHACRLC,2018-07-03 09:38:00+05:30,45.4,50.4,44.1,45.75,13259
VARDHACRLC,2018-07-04 09:19:00+05:30,47.3,47.3,45.5,45.6,6478
VARDHACRLC,2018-07-05 09:30:00+05:30,45.35,46.3,45.05,45.55,11075
VARDHACRLC,2018-07-06 09:16:00+05:30,45.15,47.05,45.15,46.5,8209
VARDHACRLC,2018-07-09 09:57:00+05:30,47.0,47.0,45.55,45.8,5504
VARDHACRLC,2018-07-10 09:49:00+05:30,45.7,45.7,44.5,44.7,90421
VARDHACRLC,2018-07-11 09:18:00+05:30,46.35,46.35,44.6,44.65,7586
VARDHACRLC,2018-07-12 09:30:00+05:30,45.0,45.0,44.45,44.5,14195
VARDHACRLC,2018-07-13 09:54:00+05:30,44.5,44.6,43.55,43.75,15820
VARDHACRLC,2018-07-16 09:31:00+05:30,44.75,44.75,42.7,42.75,15036
VARDHACRLC,2018-07-17 09:37:00+05:30,42.8,44.85,42.8,43.1,12879
VARDHACRLC,2018-07-18 09:25:00+05:30,42.6,43.5,42.6,43.1,8198
VARDHACRLC,2018-07-19 09:26:00+05:30,43.0,43.0,42.5,42.6,18205
VARDHACRLC,2018-07-20 09:15:00+05:30,42.1,44.05,42.1,42.55,6298
VARDHACRLC,2018-07-23 09:51:00+05:30,41.75,43.4,41.75,42.65,7311
VARDHACRLC,2018-07-24 09:18:00+05:30,42.2,43.4,42.2,43.05,29068
VARDHACRLC,2018-07-25 09:22:00+05:30,42.5,43.7,42.15,42.7,7112
VARDHACRLC,2018-07-26 11:30:00+05:30,42.65,43.0,42.25,42.9,8328
VARDHACRLC,2018-07-27 09:49:00+05:30,42.75,43.45,42.55,43.0,18153
VARDHACRLC,2018-07-30 09:20:00+05:30,44.0,44.0,42.55,42.95,24425
VARDHACRLC,2018-07-31 09:21:00+05:30,42.55,43.85,42.3,42.85,12450
VARDHACRLC,2018-08-01 09:55:00+05:30,43.6,43.65,42.25,42.65,28181
VARDHACRLC,2018-08-02 09:20:00+05:30,42.5,43.0,42.05,42.7,22962
VARDHACRLC,2018-08-03 09:18:00+05:30,43.7,43.7,42.7,43.15,37188
VARDHACRLC,2018-08-06 09:15:00+05:30,44.45,46.5,44.45,46.05,125507
VARDHACRLC,2018-08-07 09:15:00+05:30,47.3,48.6,45.55,46.15,42448
VARDHACRLC,2018-08-08 09:45:00+05:30,46.0,46.4,44.3,44.4,12645
VARDHACRLC,2018-08-09 09:18:00+05:30,45.5,45.5,44.4,44.85,18141
VARDHACRLC,2018-08-10 09:15:00+05:30,44.1,44.9,44.1,44.6,15960
VARDHACRLC,2018-08-13 09:20:00+05:30,44.0,45.6,43.5,44.1,17354
VARDHACRLC,2018-08-14 09:31:00+05:30,44.2,44.7,43.5,43.8,18279
VARDHACRLC,2018-08-16 09:27:00+05:30,44.6,44.6,43.65,44.0,12119
VARDHACRLC,2018-08-17 09:24:00+05:30,43.55,44.8,43.55,44.25,14887
VARDHACRLC,2018-08-20 09:18:00+05:30,44.05,45.5,43.8,44.7,26514
VARDHACRLC,2018-08-21 09:47:00+05:30,44.4,45.2,44.05,44.3,6456
VARDHACRLC,2018-08-23 09:19:00+05:30,45.2,45.2,44.25,44.45,13595
VARDHACRLC,2018-08-24 09:24:00+05:30,44.25,44.8,43.75,43.85,33067
VARDHACRLC,2018-08-27 09:25:00+05:30,43.9,45.0,43.4,43.55,19130
VARDHACRLC,2018-08-28 09:19:00+05:30,43.55,44.1,43.3,43.8,18413
VARDHACRLC,2018-08-29 09:16:00+05:30,43.5,44.75,43.3,44.05,21152
VARDHACRLC,2018-08-30 09:31:00+05:30,43.7,44.7,43.7,44.55,13132
VARDHACRLC,2018-08-31 09:27:00+05:30,44.1,47.3,44.1,46.15,43423
VARDHACRLC,2018-09-03 09:22:00+05:30,47.4,47.4,45.5,45.95,77643
VARDHACRLC,2018-09-04 09:24:00+05:30,45.9,47.2,45.2,45.6,53647
VARDHACRLC,2018-09-05 09:23:00+05:30,45.35,46.3,45.0,45.5,36950
VARDHACRLC,2018-09-06 09:52:00+05:30,46.4,46.4,45.4,45.9,8598
VARDHACRLC,2018-09-07 09:41:00+05:30,45.45,46.3,45.45,46.0,3007
VARDHACRLC,2018-09-10 09:21:00+05:30,46.9,46.9,46.1,46.5,12055
VARDHACRLC,2018-09-11 09:53:00+05:30,46.25,46.9,45.65,45.9,7661
VARDHACRLC,2018-09-12 09:15:00+05:30,45.0,46.9,44.4,45.2,28920
VARDHACRLC,2018-09-14 09:28:00+05:30,45.2,45.2,43.9,44.45,42577
VARDHACRLC,2018-09-17 09:38:00+05:30,44.2,45.0,43.85,44.9,9302
VARDHACRLC,2018-09-18 09:21:00+05:30,44.5,45.2,44.15,44.2,20455
VARDHACRLC,2018-09-19 09:33:00+05:30,44.3,44.45,43.65,44.0,21129
VARDHACRLC,2018-09-21 09:18:00+05:30,44.9,44.9,42.65,43.1,41649
VARDHACRLC,2018-09-24 09:20:00+05:30,44.0,44.0,40.35,42.0,20297
VARDHACRLC,2018-09-25 09:21:00+05:30,41.5,42.75,41.15,41.4,25822
VARDHACRLC,2018-09-26 09:18:00+05:30,42.55,42.55,41.1,41.15,8648
VARDHACRLC,2018-09-27 09:27:00+05:30,42.0,42.2,40.7,40.85,13716
VARDHACRLC,2018-09-28 09:26:00+05:30,40.8,41.45,40.2,40.45,15165
VARDHACRLC,2018-10-01 09:23:00+05:30,39.5,40.4,39.3,40.05,9471
VARDHACRLC,2018-10-03 09:26:00+05:30,40.9,42.95,40.0,41.9,10866
VARDHACRLC,2018-10-04 09:37:00+05:30,41.5,41.85,40.75,41.55,2050
VARDHACRLC,2018-10-05 09:34:00+05:30,41.55,42.0,40.7,40.9,5217
VARDHACRLC,2018-10-08 09:19:00+05:30,41.7,41.75,40.4,40.95,6291
VARDHACRLC,2018-10-09 09:21:00+05:30,40.35,40.7,40.05,40.45,6938
VARDHACRLC,2018-10-10 09:17:00+05:30,40.2,41.5,40.0,41.05,11730
VARDHACRLC,2018-10-11 09:24:00+05:30,40.25,41.25,40.25,40.4,8392
VARDHACRLC,2018-10-12 09:28:00+05:30,40.95,41.2,39.5,39.95,75764
VARDHACRLC,2018-10-15 09:17:00+05:30,40.95,40.95,39.4,39.85,7684
VARDHACRLC,2018-10-16 09:45:00+05:30,40.2,41.25,40.2,40.65,8736
VARDHACRLC,2018-10-17 09:50:00+05:30,41.35,41.35,40.25,40.5,6078
VARDHACRLC,2018-10-19 10:38:00+05:30,40.05,40.45,39.7,40.1,4802
VARDHACRLC,2018-10-22 09:56:00+05:30,40.05,40.45,35.95,38.8,66540
VARDHACRLC,2018-10-23 09:21:00+05:30,39.2,39.25,38.0,38.2,38111
VARDHACRLC,2018-10-24 09:52:00+05:30,38.45,39.6,38.45,39.05,106685
VARDHACRLC,2018-10-25 10:38:00+05:30,38.85,39.65,38.85,39.25,2835
VARDHACRLC,2018-10-26 09:56:00+05:30,39.55,39.55,38.5,38.55,4787
VARDHACRLC,2018-10-29 09:16:00+05:30,39.95,41.6,39.0,41.15,22929
VARDHACRLC,2018-10-30 09:19:00+05:30,41.0,42.5,40.55,41.45,12020
VARDHACRLC,2018-10-31 09:33:00+05:30,41.8,41.85,41.25,41.3,5286
VARDHACRLC,2018-11-01 09:38:00+05:30,41.1,41.25,39.15,41.15,68558
VARDHACRLC,2018-11-02 09:17:00+05:30,41.25,41.95,41.0,41.4,64546
VARDHACRLC,2018-11-05 09:22:00+05:30,41.65,42.0,41.3,41.9,11234
VARDHACRLC,2018-11-06 09:22:00+05:30,42.15,42.15,41.55,41.75,6627
VARDHACRLC,2018-11-09 09:16:00+05:30,42.5,43.0,41.5,42.65,12797
VARDHACRLC,2018-11-12 09:30:00+05:30,42.9,42.9,42.5,42.5,2735
VARDHACRLC,2018-11-13 09:20:00+05:30,42.55,42.9,42.3,42.45,7074
VARDHACRLC,2018-11-14 09:27:00+05:30,42.2,42.65,41.55,42.1,8520
VARDHACRLC,2018-11-15 09:24:00+05:30,42.0,42.8,41.45,42.5,8752
VARDHACRLC,2018-11-16 09:24:00+05:30,42.45,42.5,41.5,41.85,4615
VARDHACRLC,2018-11-19 09:47:00+05:30,41.9,42.4,41.3,41.45,5645
VARDHACRLC,2018-11-20 09:41:00+05:30,42.1,42.15,41.45,41.65,3032
VARDHACRLC,2018-11-21 09:44:00+05:30,41.45,43.0,40.6,42.75,34893
VARDHACRLC,2018-11-22 09:19:00+05:30,43.8,43.8,41.6,41.75,7748
VARDHACRLC,2018-11-26 09:15:00+05:30,41.2,42.0,41.2,41.55,5313
VARDHACRLC,2018-11-27 09:45:00+05:30,41.5,42.0,41.25,42.0,5931
VARDHACRLC,2018-11-28 09:29:00+05:30,41.95,43.4,41.55,41.9,13671
VARDHACRLC,2018-11-29 10:35:00+05:30,42.0,42.4,41.25,41.8,6692
VARDHACRLC,2018-11-30 09:16:00+05:30,41.1,42.5,41.05,41.5,5051
VARDHACRLC,2018-12-03 00:00:00+05:30,41.15,41.95,41.0,41.1,5595
VARDHACRLC,2018-12-04 00:00:00+05:30,41.25,41.45,40.7,41.0,3127
VARDHACRLC,2018-12-05 00:00:00+05:30,41.8,41.85,40.85,41.1,613
VARDHACRLC,2018-12-06 00:00:00+05:30,42.25,42.25,40.8,40.85,4560
VARDHACRLC,2018-12-07 00:00:00+05:30,41.85,42.0,37.5,38.8,32885
VARDHACRLC,2018-12-10 00:00:00+05:30,39.9,41.0,38.4,39.3,19967
VARDHACRLC,2018-12-11 00:00:00+05:30,39.65,40.5,39.0,40.5,6937
VARDHACRLC,2018-12-12 00:00:00+05:30,40.5,40.9,40.25,40.4,2156
VARDHACRLC,2018-12-13 00:00:00+05:30,40.0,42.25,40.0,41.65,14700
VARDHACRLC,2018-12-14 00:00:00+05:30,41.2,41.65,41.1,41.4,1345
VARDHACRLC,2018-12-17 00:00:00+05:30,41.4,42.0,41.0,41.95,5444
VARDHACRLC,2018-12-18 00:00:00+05:30,42.05,42.2,41.35,41.5,1156
VARDHACRLC,2018-12-19 00:00:00+05:30,41.2,41.95,40.7,41.35,4448
VARDHACRLC,2018-12-20 00:00:00+05:30,41.65,43.4,41.1,43.2,18690
VARDHACRLC,2018-12-21 00:00:00+05:30,43.25,43.35,41.95,43.1,6901
VARDHACRLC,2018-12-24 00:00:00+05:30,42.85,44.25,41.35,43.25,8121
VARDHACRLC,2018-12-26 00:00:00+05:30,42.85,43.5,42.1,43.2,6911
VARDHACRLC,2018-12-27 00:00:00+05:30,43.2,43.6,43.2,43.45,3951
VARDHACRLC,2018-12-28 00:00:00+05:30,43.45,44.6,41.7,43.4,5232
VARDHACRLC,2018-12-31 00:00:00+05:30,42.65,44.95,42.65,44.65,15079
VARDHACRLC,2019-01-01 00:00:00+05:30,44.6,45.7,44.05,45.2,8206
VARDHACRLC,2019-01-02 00:00:00+05:30,43.85,45.6,43.85,45.5,27279
VARDHACRLC,2019-01-03 00:00:00+05:30,45.15,45.55,44.2,45.25,28988
VARDHACRLC,2019-01-04 00:00:00+05:30,45.85,45.95,43.95,45.5,31946
VARDHACRLC,2019-01-07 00:00:00+05:30,45.0,45.95,44.35,45.3,19340
VARDHACRLC,2019-01-08 00:00:00+05:30,44.75,45.45,44.55,45.35,1178
VARDHACRLC,2019-01-09 00:00:00+05:30,44.75,45.75,44.45,45.45,36023
VARDHACRLC,2019-01-10 00:00:00+05:30,45.0,45.8,44.55,45.55,32094
VARDHACRLC,2019-01-11 00:00:00+05:30,45.3,45.6,44.5,45.0,67779
VARDHACRLC,2019-01-14 00:00:00+05:30,45.2,45.25,44.55,45.05,3942
VARDHACRLC,2019-01-15 00:00:00+05:30,45.05,45.65,44.3,45.55,16109
VARDHACRLC,2019-01-16 00:00:00+05:30,45.05,45.9,43.5,44.75,90796
VARDHACRLC,2019-01-17 00:00:00+05:30,44.55,45.6,43.65,44.95,23718
VARDHACRLC,2019-01-18 00:00:00+05:30,45.0,45.35,44.2,45.1,19648
VARDHACRLC,2019-01-21 00:00:00+05:30,45.9,48.0,44.6,45.55,130568
VARDHACRLC,2019-01-22 00:00:00+05:30,44.55,45.5,44.55,45.2,64007
VARDHACRLC,2019-01-23 00:00:00+05:30,45.2,45.5,43.65,45.4,13072
VARDHACRLC,2019-01-24 00:00:00+05:30,45.05,45.7,44.3,45.6,11526
VARDHACRLC,2019-01-25 00:00:00+05:30,45.6,45.6,44.5,44.95,31869
VARDHACRLC,2019-01-28 00:00:00+05:30,45.35,45.4,42.4,43.0,17948
VARDHACRLC,2019-01-29 00:00:00+05:30,43.05,43.05,42.25,42.55,3368
VARDHACRLC,2019-01-30 00:00:00+05:30,42.7,43.55,42.0,42.3,3819
VARDHACRLC,2019-01-31 00:00:00+05:30,42.05,43.95,40.35,42.45,7291
VARDHACRLC,2019-02-01 00:00:00+05:30,42.35,42.95,41.7,42.05,3042
VARDHACRLC,2019-02-04 00:00:00+05:30,43.4,43.4,38.3,39.15,45361
VARDHACRLC,2019-02-05 00:00:00+05:30,40.0,40.0,37.5,37.75,20853
VARDHACRLC,2019-02-06 00:00:00+05:30,37.5,39.0,37.1,38.6,13884
VARDHACRLC,2019-02-07 00:00:00+05:30,39.5,39.5,38.5,38.65,13510
VARDHACRLC,2019-02-08 00:00:00+05:30,38.6,39.6,38.55,38.7,14125
VARDHACRLC,2019-02-11 00:00:00+05:30,38.55,38.55,37.2,37.75,13927
VARDHACRLC,2019-02-12 00:00:00+05:30,38.25,38.5,37.7,37.7,2251
VARDHACRLC,2019-02-13 00:00:00+05:30,37.7,38.0,37.5,37.9,2498
VARDHACRLC,2019-02-14 00:00:00+05:30,37.6,37.85,37.1,37.2,4624
VARDHACRLC,2019-02-15 00:00:00+05:30,37.35,37.95,36.55,36.75,4677
VARDHACRLC,2019-02-18 00:00:00+05:30,36.5,36.6,35.9,36.1,15593
VARDHACRLC,2019-02-19 00:00:00+05:30,36.2,37.5,36.2,37.25,1288
VARDHACRLC,2019-02-20 00:00:00+05:30,37.25,38.5,36.55,38.0,2705
VARDHACRLC,2019-02-21 00:00:00+05:30,38.5,40.5,36.5,37.8,43009
VARDHACRLC,2019-02-22 00:00:00+05:30,38.3,39.9,37.85,39.65,16171
VARDHACRLC,2019-02-25 00:00:00+05:30,39.45,39.75,38.5,39.05,973
VARDHACRLC,2019-02-26 00:00:00+05:30,39.0,39.7,37.95,39.0,12105
VARDHACRLC,2019-02-27 00:00:00+05:30,40.25,40.25,39.35,39.9,15022
VARDHACRLC,2019-02-28 00:00:00+05:30,40.35,40.4,39.15,39.55,6325
VARDHACRLC,2019-03-01 00:00:00+05:30,40.3,40.3,39.05,40.1,3194
VARDHACRLC,2019-03-05 00:00:00+05:30,38.2,41.4,38.2,41.35,30050
VARDHACRLC,2019-03-06 00:00:00+05:30,41.05,41.45,39.35,39.55,61722
VARDHACRLC,2019-03-07 00:00:00+05:30,40.95,41.55,39.2,40.7,18024
VARDHACRLC,2019-03-08 00:00:00+05:30,40.75,41.5,40.0,40.5,1130
VARDHACRLC,2019-03-11 00:00:00+05:30,40.5,41.3,40.2,40.8,9670
VARDHACRLC,2019-03-12 00:00:00+05:30,41.45,42.95,40.85,41.15,26842
VARDHACRLC,2019-03-13 00:00:00+05:30,41.3,47.8,39.65,44.9,49948
VARDHACRLC,2019-03-14 00:00:00+05:30,44.9,44.9,36.8,42.0,101883
VARDHACRLC,2019-03-15 00:00:00+05:30,42.25,44.0,41.25,42.0,10191
VARDHACRLC,2019-03-18 00:00:00+05:30,43.6,43.65,41.3,41.6,3810
VARDHACRLC,2019-03-19 00:00:00+05:30,41.65,43.0,41.5,42.0,5835
VARDHACRLC,2019-03-20 00:00:00+05:30,41.6,43.0,40.2,41.2,7551
VARDHACRLC,2019-03-22 00:00:00+05:30,41.2,42.25,38.2,40.15,23286
VARDHACRLC,2019-03-25 00:00:00+05:30,40.3,40.8,40.05,40.45,5336
VARDHACRLC,2019-03-26 00:00:00+05:30,40.05,40.25,37.75,40.05,14845
VARDHACRLC,2019-03-27 00:00:00+05:30,40.75,41.7,39.5,40.0,6467
VARDHACRLC,2019-03-28 00:00:00+05:30,41.25,41.4,39.55,40.0,18645
VARDHACRLC,2019-03-29 00:00:00+05:30,39.75,40.5,39.65,39.8,8568
VARDHACRLC,2019-04-01 00:00:00+05:30,40.5,41.35,40.3,41.05,7378
VARDHACRLC,2019-04-02 00:00:00+05:30,40.9,41.65,40.25,41.25,5247
VARDHACRLC,2019-04-03 00:00:00+05:30,41.5,41.6,40.3,40.7,11105
VARDHACRLC,2019-04-04 00:00:00+05:30,41.35,41.4,40.25,40.25,2740
VARDHACRLC,2019-04-05 00:00:00+05:30,40.05,42.9,39.75,41.9,6030
VARDHACRLC,2019-04-08 00:00:00+05:30,41.5,42.9,40.6,41.65,2402
VARDHACRLC,2019-04-09 00:00:00+05:30,42.3,42.4,40.7,40.95,1774
VARDHACRLC,2019-04-10 00:00:00+05:30,40.7,46.25,40.7,42.65,18402
VARDHACRLC,2019-04-11 00:00:00+05:30,42.6,43.6,41.55,42.7,14188
VARDHACRLC,2019-04-12 00:00:00+05:30,42.8,43.45,42.25,42.4,4448
VARDHACRLC,2019-04-15 00:00:00+05:30,42.45,43.6,41.75,42.1,1940
VARDHACRLC,2019-04-16 00:00:00+05:30,42.05,42.65,41.55,41.7,12517
VARDHACRLC,2019-04-18 00:00:00+05:30,41.65,42.4,40.7,41.05,3160
VARDHACRLC,2019-04-22 00:00:00+05:30,41.0,41.0,40.95,41.0,350
VARDHACRLC,2019-04-23 00:00:00+05:30,41.5,42.3,40.05,42.3,7445
VARDHACRLC,2019-04-24 00:00:00+05:30,41.85,42.6,41.35,41.4,1607
VARDHACRLC,2019-04-25 00:00:00+05:30,41.1,42.45,41.05,42.0,1174
VARDHACRLC,2019-04-26 00:00:00+05:30,42.55,42.6,41.5,41.8,571
VARDHACRLC,2019-04-30 00:00:00+05:30,42.0,43.1,40.85,41.5,12149
VARDHACRLC,2019-05-02 00:00:00+05:30,42.0,43.0,40.8,42.9,5651
VARDHACRLC,2019-05-03 00:00:00+05:30,42.85,43.45,42.0,42.8,9493
VARDHACRLC,2019-05-06 00:00:00+05:30,42.85,46.05,42.8,45.45,44984
VARDHACRLC,2019-05-07 00:00:00+05:30,46.05,46.9,42.0,42.55,21053
VARDHACRLC,2019-05-08 00:00:00+05:30,42.6,43.6,42.15,42.4,1886
VARDHACRLC,2019-05-09 00:00:00+05:30,42.85,43.65,41.1,42.8,10797
VARDHACRLC,2019-05-10 00:00:00+05:30,42.25,43.85,42.2,43.55,7315
VARDHACRLC,2019-05-13 00:00:00+05:30,44.0,44.0,42.1,42.25,16682
VARDHACRLC,2019-05-14 00:00:00+05:30,41.55,43.0,41.1,42.75,4779
VARDHACRLC,2019-05-15 00:00:00+05:30,42.35,43.8,42.05,43.05,13687
VARDHACRLC,2019-05-16 00:00:00+05:30,43.75,44.8,43.05,44.35,7326
VARDHACRLC,2019-05-17 00:00:00+05:30,44.5,45.5,43.05,43.65,7271
VARDHACRLC,2019-05-20 00:00:00+05:30,43.15,44.8,43.0,43.15,22470
VARDHACRLC,2019-05-21 00:00:00+05:30,43.4,43.85,42.6,42.95,14101
VARDHACRLC,2019-05-22 00:00:00+05:30,43.05,43.6,42.5,42.9,9790
VARDHACRLC,2019-05-23 00:00:00+05:30,42.35,46.0,37.8,41.9,83652
VARDHACRLC,2019-05-24 00:00:00+05:30,42.8,45.0,42.3,44.4,21435
VARDHACRLC,2019-05-27 00:00:00+05:30,45.8,48.4,45.4,45.7,58511
VARDHACRLC,2019-05-28 00:00:00+05:30,46.45,46.8,45.55,45.9,23908
VARDHACRLC,2019-05-29 00:00:00+05:30,45.9,47.05,45.5,46.1,76237
VARDHACRLC,2019-05-30 00:00:00+05:30,45.05,45.9,44.35,44.75,10196
VARDHACRLC,2019-05-31 00:00:00+05:30,45.3,45.5,43.2,43.9,21845
VARDHACRLC,2019-06-03 00:00:00+05:30,43.7,45.0,43.2,44.95,7167
VARDHACRLC,2019-06-04 00:00:00+05:30,44.55,45.35,43.5,43.55,26622
VARDHACRLC,2019-06-06 00:00:00+05:30,43.55,44.05,42.4,42.9,31649
VARDHACRLC,2019-06-07 00:00:00+05:30,42.9,43.8,42.4,43.0,7453
VARDHACRLC,2019-06-10 00:00:00+05:30,43.9,43.95,42.2,42.6,3031
VARDHACRLC,2019-06-11 00:00:00+05:30,42.65,42.85,41.25,41.95,15770
VARDHACRLC,2019-06-12 00:00:00+05:30,41.95,41.95,40.75,41.25,4540
VARDHACRLC,2019-06-13 00:00:00+05:30,41.45,41.95,40.95,41.2,2612
VARDHACRLC,2019-06-14 00:00:00+05:30,41.3,41.95,40.6,41.15,3244
VARDHACRLC,2019-06-17 00:00:00+05:30,40.85,42.7,40.5,41.2,6736
VARDHACRLC,2019-06-18 00:00:00+05:30,40.8,42.75,40.1,41.45,4283
VARDHACRLC,2019-06-19 00:00:00+05:30,40.0,41.95,40.0,41.4,8994
VARDHACRLC,2019-06-20 00:00:00+05:30,40.0,41.8,40.0,40.7,7711
VARDHACRLC,2019-06-21 00:00:00+05:30,40.05,41.4,40.05,41.0,10859
VARDHACRLC,2019-06-24 00:00:00+05:30,39.35,42.45,39.35,41.0,9110
VARDHACRLC,2019-06-25 00:00:00+05:30,40.05,42.45,39.7,42.25,3834
VARDHACRLC,2019-06-26 00:00:00+05:30,40.5,41.75,40.5,41.65,1607
VARDHACRLC,2019-06-27 00:00:00+05:30,41.05,42.65,41.05,42.1,1864
VARDHACRLC,2019-06-28 00:00:00+05:30,40.5,42.0,40.5,41.35,11824
VARDHACRLC,2019-07-01 00:00:00+05:30,40.1,42.55,40.1,41.3,526
VARDHACRLC,2019-07-02 00:00:00+05:30,41.5,41.9,40.85,41.05,20624
VARDHACRLC,2019-07-03 00:00:00+05:30,40.1,42.35,40.1,42.1,8001
VARDHACRLC,2019-07-04 00:00:00+05:30,40.7,42.45,40.7,41.5,4361
VARDHACRLC,2019-07-05 00:00:00+05:30,40.3,42.4,40.3,42.1,12647
VARDHACRLC,2019-07-08 00:00:00+05:30,41.15,41.9,40.55,41.05,3276
VARDHACRLC,2019-07-09 00:00:00+05:30,39.1,41.7,39.1,40.3,13638
VARDHACRLC,2019-07-10 00:00:00+05:30,40.05,41.25,40.05,41.15,5806
VARDHACRLC,2019-07-11 00:00:00+05:30,40.1,41.45,40.1,40.75,15979
VARDHACRLC,2019-07-12 00:00:00+05:30,40.7,41.85,40.05,41.6,6070
VARDHACRLC,2019-07-15 00:00:00+05:30,41.0,42.4,40.7,40.9,20396
VARDHACRLC,2019-07-16 00:00:00+05:30,40.5,41.0,39.7,40.4,18943
VARDHACRLC,2019-07-17 00:00:00+05:30,40.05,41.05,39.8,40.35,11083
VARDHACRLC,2019-07-18 00:00:00+05:30,40.05,40.75,39.65,39.75,14792
VARDHACRLC,2019-07-19 00:00:00+05:30,39.4,40.05,39.0,39.6,11179
VARDHACRLC,2019-07-22 00:00:00+05:30,37.65,39.8,37.65,38.5,24207
VARDHACRLC,2019-07-23 00:00:00+05:30,38.3,40.0,38.3,39.85,2470
VARDHACRLC,2019-07-24 00:00:00+05:30,38.5,40.1,38.5,39.8,6552
VARDHACRLC,2019-07-25 00:00:00+05:30,38.5,39.75,38.5,39.55,3128
VARDHACRLC,2019-07-26 00:00:00+05:30,38.45,39.9,38.45,39.5,4522
VARDHACRLC,2019-07-29 00:00:00+05:30,38.05,39.3,38.05,38.6,9968
VARDHACRLC,2019-07-30 00:00:00+05:30,38.0,39.0,37.85,37.95,7599
VARDHACRLC,2019-07-31 00:00:00+05:30,37.3,40.8,36.1,37.85,25740
VARDHACRLC,2019-08-01 00:00:00+05:30,37.15,37.35,36.55,37.05,5950
VARDHACRLC,2019-08-02 00:00:00+05:30,35.25,37.4,35.25,36.75,8354
VARDHACRLC,2019-08-05 00:00:00+05:30,36.0,38.5,35.35,37.7,21483
VARDHACRLC,2019-08-06 00:00:00+05:30,36.5,37.9,36.5,36.75,11377
VARDHACRLC,2019-08-07 00:00:00+05:30,40.0,40.0,36.2,36.25,11187
VARDHACRLC,2019-08-08 00:00:00+05:30,36.0,37.95,35.25,37.5,9651
VARDHACRLC,2019-08-09 00:00:00+05:30,38.35,39.4,37.5,38.55,6570
VARDHACRLC,2019-08-13 00:00:00+05:30,41.75,41.8,36.1,36.95,32461
VARDHACRLC,2019-08-14 00:00:00+05:30,37.8,38.8,37.1,37.75,8113
VARDHACRLC,2019-08-16 00:00:00+05:30,37.95,38.0,36.8,37.6,1069
VARDHACRLC,2019-08-19 00:00:00+05:30,37.55,38.85,37.55,38.0,4764
VARDHACRLC,2019-08-20 00:00:00+05:30,38.0,38.0,36.2,36.65,32562
VARDHACRLC,2019-08-21 00:00:00+05:30,36.95,37.0,36.45,36.5,23692
VARDHACRLC,2019-08-22 00:00:00+05:30,36.55,36.55,35.1,36.3,51290
VARDHACRLC,2019-08-23 00:00:00+05:30,35.55,36.65,35.1,36.3,2604
VARDHACRLC,2019-08-26 00:00:00+05:30,36.15,37.0,35.1,36.75,11664
VARDHACRLC,2019-08-27 00:00:00+05:30,36.85,39.4,36.0,37.45,23882
VARDHACRLC,2019-08-28 00:00:00+05:30,37.5,38.5,37.05,37.5,13092
VARDHACRLC,2019-08-29 00:00:00+05:30,37.7,38.35,36.8,37.45,15028
VARDHACRLC,2019-08-30 00:00:00+05:30,37.4,37.55,36.3,37.05,14107
VARDHACRLC,2019-09-03 00:00:00+05:30,37.95,38.0,36.9,37.2,17656
VARDHACRLC,2019-09-04 00:00:00+05:30,37.95,38.85,36.45,37.35,19189
VARDHACRLC,2019-09-05 00:00:00+05:30,36.8,38.2,36.8,37.85,5681
VARDHACRLC,2019-09-06 00:00:00+05:30,37.85,37.9,37.45,37.55,15345
VARDHACRLC,2019-09-09 00:00:00+05:30,39.85,39.85,38.45,39.0,27019
VARDHACRLC,2019-09-11 00:00:00+05:30,39.65,41.45,39.6,39.85,37673
VARDHACRLC,2019-09-12 00:00:00+05:30,39.85,40.15,39.2,39.7,13997
VARDHACRLC,2019-09-13 00:00:00+05:30,39.8,39.9,38.55,39.85,23657
VARDHACRLC,2019-09-16 00:00:00+05:30,39.9,40.15,39.5,39.6,19540
VARDHACRLC,2019-09-17 00:00:00+05:30,39.8,39.95,38.75,39.15,14908
VARDHACRLC,2019-09-18 00:00:00+05:30,38.0,38.0,36.75,37.25,25193
VARDHACRLC,2019-09-19 00:00:00+05:30,37.0,37.35,36.55,36.55,7147
VARDHACRLC,2019-09-20 00:00:00+05:30,36.6,36.7,35.4,36.2,19187
VARDHACRLC,2019-09-23 00:00:00+05:30,37.35,37.9,36.35,37.45,3826
VARDHACRLC,2019-09-24 00:00:00+05:30,37.55,37.6,36.1,36.1,6754
VARDHACRLC,2019-09-25 00:00:00+05:30,37.0,37.0,36.05,36.25,15624
VARDHACRLC,2019-09-26 00:00:00+05:30,36.05,37.1,35.2,35.3,25358
VARDHACRLC,2019-09-27 00:00:00+05:30,36.15,36.2,35.1,35.2,14284
VARDHACRLC,2019-09-30 00:00:00+05:30,35.05,36.9,35.05,35.1,9013
VARDHACRLC,2019-10-01 00:00:00+05:30,35.9,35.95,34.8,34.95,4732
VARDHACRLC,2019-10-03 00:00:00+05:30,35.85,36.8,34.95,35.45,10093
VARDHACRLC,2019-10-04 00:00:00+05:30,35.3,35.95,35.05,35.4,4980
VARDHACRLC,2019-10-07 00:00:00+05:30,36.8,36.8,35.0,35.15,10074
VARDHACRLC,2019-10-09 00:00:00+05:30,36.45,36.65,35.15,36.05,8785
VARDHACRLC,2019-10-10 00:00:00+05:30,35.55,37.05,35.55,36.55,18540
VARDHACRLC,2019-10-11 00:00:00+05:30,36.9,37.4,35.85,36.5,7108
VARDHACRLC,2019-10-14 00:00:00+05:30,36.9,36.9,35.6,36.0,4672
VARDHACRLC,2019-10-15 00:00:00+05:30,35.75,36.65,35.75,35.75,2155
VARDHACRLC,2019-10-16 00:00:00+05:30,35.8,37.0,35.65,36.0,18590
VARDHACRLC,2019-10-17 00:00:00+05:30,35.5,36.3,35.4,35.9,9453
VARDHACRLC,2019-10-18 00:00:00+05:30,36.0,36.95,36.0,36.45,16510
VARDHACRLC,2019-10-22 00:00:00+05:30,36.4,37.0,35.95,36.5,958
VARDHACRLC,2019-10-23 00:00:00+05:30,35.55,37.0,35.55,36.65,4291
VARDHACRLC,2019-10-24 00:00:00+05:30,36.5,36.95,34.1,35.8,9987
VARDHACRLC,2019-10-25 00:00:00+05:30,36.55,36.55,35.05,35.25,12628
VARDHACRLC,2019-10-27 00:00:00+05:30,35.05,35.7,34.95,35.55,3018
VARDHACRLC,2019-10-29 00:00:00+05:30,36.0,36.45,35.5,35.85,17076
VARDHACRLC,2019-10-30 00:00:00+05:30,36.4,37.5,36.2,36.65,1167
VARDHACRLC,2019-10-31 00:00:00+05:30,36.3,36.8,36.0,36.05,2131
VARDHACRLC,2019-11-01 00:00:00+05:30,35.5,36.7,35.3,35.85,9121
VARDHACRLC,2019-11-04 00:00:00+05:30,35.75,37.2,35.5,36.05,6050
VARDHACRLC,2019-11-05 00:00:00+05:30,35.65,36.4,35.65,36.2,3074
VARDHACRLC,2019-11-06 00:00:00+05:30,36.2,36.25,35.65,35.7,8236
VARDHACRLC,2019-11-07 00:00:00+05:30,35.65,35.65,35.2,35.45,31028
VARDHACRLC,2019-11-08 00:00:00+05:30,35.25,35.85,34.3,35.0,24121
VARDHACRLC,2019-11-11 00:00:00+05:30,35.0,35.2,34.1,34.5,11348
VARDHACRLC,2019-11-13 00:00:00+05:30,34.25,34.95,34.25,34.35,13329
VARDHACRLC,2019-11-14 00:00:00+05:30,35.7,35.7,33.7,34.05,13845
VARDHACRLC,2019-11-15 00:00:00+05:30,34.95,34.95,33.55,33.6,26377
VARDHACRLC,2019-11-18 00:00:00+05:30,34.9,34.9,33.1,33.75,29275
VARDHACRLC,2019-11-19 00:00:00+05:30,35.7,35.7,33.35,33.75,17081
VARDHACRLC,2019-11-20 00:00:00+05:30,34.45,34.45,33.45,33.6,14532
VARDHACRLC,2019-11-21 00:00:00+05:30,34.4,34.4,33.4,33.7,19191
VARDHACRLC,2019-11-22 00:00:00+05:30,34.65,34.65,33.25,33.55,16662
VARDHACRLC,2019-11-25 00:00:00+05:30,34.6,34.6,33.0,33.1,78063
VARDHACRLC,2019-11-26 00:00:00+05:30,34.5,34.9,32.5,32.85,89433
VARDHACRLC,2019-11-27 00:00:00+05:30,33.5,33.5,33.0,33.3,24522
VARDHACRLC,2019-11-28 00:00:00+05:30,32.7,33.95,32.7,32.95,79450
VARDHACRLC,2019-11-29 00:00:00+05:30,33.7,34.5,32.55,33.7,127287
VARDHACRLC,2019-12-02 00:00:00+05:30,34.35,34.35,32.9,33.65,78277
VARDHACRLC,2019-12-03 00:00:00+05:30,33.8,34.15,32.7,33.15,61036
VARDHACRLC,2019-12-04 00:00:00+05:30,33.8,33.9,32.7,33.65,67058
VARDHACRLC,2019-12-05 00:00:00+05:30,33.1,34.5,33.1,34.3,24083
VARDHACRLC,2019-12-06 00:00:00+05:30,34.75,35.25,34.3,34.6,26393
VARDHACRLC,2019-12-09 00:00:00+05:30,35.4,35.4,34.55,34.9,12870
VARDHACRLC,2019-12-10 00:00:00+05:30,35.2,35.2,33.35,33.9,32143
VARDHACRLC,2019-12-11 00:00:00+05:30,34.9,35.15,34.0,34.85,13728
VARDHACRLC,2019-12-12 00:00:00+05:30,35.1,35.4,34.5,35.3,6915
VARDHACRLC,2019-12-13 00:00:00+05:30,35.3,36.3,35.3,35.65,67404
VARDHACRLC,2019-12-16 00:00:00+05:30,36.05,36.4,34.5,34.95,40158
VARDHACRLC,2019-12-17 00:00:00+05:30,35.4,35.4,34.95,35.15,6975
VARDHACRLC,2019-12-18 00:00:00+05:30,35.95,35.95,34.2,34.85,13333
VARDHACRLC,2019-12-19 00:00:00+05:30,35.75,35.75,34.5,35.1,9066
VARDHACRLC,2019-12-20 00:00:00+05:30,35.25,35.35,33.6,34.45,27017
VARDHACRLC,2019-12-23 00:00:00+05:30,35.4,35.4,34.25,34.8,4061
VARDHACRLC,2019-12-24 00:00:00+05:30,35.0,35.2,33.8,34.3,20950
VARDHACRLC,2019-12-26 00:00:00+05:30,34.8,34.8,33.25,33.85,11999
VARDHACRLC,2019-12-27 00:00:00+05:30,34.8,35.2,33.7,34.65,7171
VARDHACRLC,2019-12-30 00:00:00+05:30,35.15,35.5,34.75,35.0,5435
VARDHACRLC,2019-12-31 00:00:00+05:30,35.65,35.65,34.55,34.6,7777
VARDHACRLC,2020-01-01 00:00:00+05:30,35.35,35.4,34.4,34.7,6812
VARDHACRLC,2020-01-02 00:00:00+05:30,35.5,35.5,34.45,34.95,7254
VARDHACRLC,2020-01-03 00:00:00+05:30,35.0,35.1,34.75,34.9,4014
VARDHACRLC,2020-01-06 00:00:00+05:30,35.2,35.2,34.6,34.7,5238
VARDHACRLC,2020-01-07 00:00:00+05:30,34.75,34.9,34.5,34.7,6422
VARDHACRLC,2020-01-08 00:00:00+05:30,34.9,34.9,34.25,34.45,731
VARDHACRLC,2020-01-09 00:00:00+05:30,35.7,35.7,34.3,34.9,9287
VARDHACRLC,2020-01-10 00:00:00+05:30,35.15,35.3,34.4,35.2,3762
VARDHACRLC,2020-01-13 00:00:00+05:30,35.8,35.8,34.65,35.15,6158
VARDHACRLC,2020-01-14 00:00:00+05:30,35.45,35.45,35.1,35.1,2962
VARDHACRLC,2020-01-15 00:00:00+05:30,35.85,36.05,35.2,36.0,10719
VARDHACRLC,2020-01-16 00:00:00+05:30,35.5,36.5,35.5,36.2,7178
VARDHACRLC,2020-01-17 00:00:00+05:30,36.4,37.0,35.55,36.3,13090
VARDHACRLC,2020-01-20 00:00:00+05:30,36.6,36.6,34.75,35.1,36400
VARDHACRLC,2020-01-21 00:00:00+05:30,35.7,35.7,34.55,35.15,14310
VARDHACRLC,2020-01-22 00:00:00+05:30,35.3,35.5,35.0,35.1,8793
VARDHACRLC,2020-01-23 00:00:00+05:30,35.0,35.25,34.95,34.95,20327
VARDHACRLC,2020-01-24 00:00:00+05:30,34.55,35.85,34.1,35.0,24125
VARDHACRLC,2020-01-27 00:00:00+05:30,35.75,35.75,34.55,35.0,6900
VARDHACRLC,2020-01-28 00:00:00+05:30,34.35,35.7,34.35,34.85,4194
VARDHACRLC,2020-01-29 00:00:00+05:30,35.65,35.7,34.6,34.75,14973
VARDHACRLC,2020-01-30 00:00:00+05:30,34.6,34.9,34.25,34.4,5530
VARDHACRLC,2020-01-31 00:00:00+05:30,34.5,35.0,34.4,34.55,3212
VARDHACRLC,2020-02-01 00:00:00+05:30,34.65,34.8,34.05,34.45,8515
VARDHACRLC,2020-02-03 00:00:00+05:30,35.0,35.0,33.55,34.95,12292
VARDHACRLC,2020-02-04 00:00:00+05:30,35.1,35.35,33.65,33.8,26384
VARDHACRLC,2020-02-05 00:00:00+05:30,34.7,34.8,33.9,34.55,8407
VARDHACRLC,2020-02-06 00:00:00+05:30,34.95,35.0,34.2,34.35,5426
VARDHACRLC,2020-02-07 00:00:00+05:30,34.85,34.9,34.3,34.6,1043
VARDHACRLC,2020-02-10 00:00:00+05:30,34.55,35.35,34.0,34.2,3082
VARDHACRLC,2020-02-11 00:00:00+05:30,34.25,34.3,33.55,33.95,4771
VARDHACRLC,2020-02-12 00:00:00+05:30,34.35,34.8,34.0,34.35,6420
VARDHACRLC,2020-02-13 00:00:00+05:30,34.9,35.0,34.05,34.95,8284
VARDHACRLC,2020-02-14 00:00:00+05:30,35.05,35.05,34.25,34.3,1158
VARDHACRLC,2020-02-17 00:00:00+05:30,33.5,35.0,33.5,34.0,11157
VARDHACRLC,2020-02-18 00:00:00+05:30,34.3,34.3,33.6,33.7,489
VARDHACRLC,2020-02-19 00:00:00+05:30,33.7,33.95,32.2,32.85,22769
VARDHACRLC,2020-02-20 00:00:00+05:30,33.3,34.1,32.5,34.05,4315
VARDHACRLC,2020-02-24 00:00:00+05:30,34.8,34.9,31.1,32.8,41297
VARDHACRLC,2020-02-25 00:00:00+05:30,34.0,34.0,32.05,33.7,3320
VARDHACRLC,2020-02-26 00:00:00+05:30,33.8,33.8,32.5,32.6,613
VARDHACRLC,2020-02-27 00:00:00+05:30,31.15,33.0,31.15,32.4,2740
VARDHACRLC,2020-02-28 00:00:00+05:30,32.05,32.1,31.55,31.55,2471
VARDHACRLC,2020-03-02 00:00:00+05:30,32.05,33.3,32.0,32.1,3239
VARDHACRLC,2020-03-03 00:00:00+05:30,31.4,32.1,31.35,31.45,3184
VARDHACRLC,2020-03-04 00:00:00+05:30,31.3,32.4,31.0,31.35,8293
VARDHACRLC,2020-03-05 00:00:00+05:30,31.3,33.0,31.3,32.2,2640
VARDHACRLC,2020-03-06 00:00:00+05:30,31.95,32.5,30.1,30.9,8826
VARDHACRLC,2020-03-09 00:00:00+05:30,30.75,32.0,29.1,30.65,28252
VARDHACRLC,2020-03-11 00:00:00+05:30,30.05,32.0,29.1,31.1,9986
VARDHACRLC,2020-03-12 00:00:00+05:30,28.55,30.95,26.3,28.4,89272
VARDHACRLC,2020-03-13 00:00:00+05:30,27.0,33.9,26.0,30.85,33690
VARDHACRLC,2020-03-16 00:00:00+05:30,30.65,31.05,28.5,29.85,43461
VARDHACRLC,2020-03-17 00:00:00+05:30,28.15,31.4,26.05,30.0,72463
VARDHACRLC,2020-03-18 00:00:00+05:30,29.05,29.95,27.6,28.3,16318
VARDHACRLC,2020-03-19 00:00:00+05:30,26.15,29.6,25.5,28.6,34538
VARDHACRLC,2020-03-20 00:00:00+05:30,27.55,29.65,27.15,29.6,925
VARDHACRLC,2020-03-23 00:00:00+05:30,26.1,27.85,25.5,26.95,16560
VARDHACRLC,2020-03-24 00:00:00+05:30,28.2,28.2,25.55,26.5,35088
VARDHACRLC,2020-03-25 00:00:00+05:30,26.2,27.2,25.7,26.6,4521
VARDHACRLC,2020-03-26 00:00:00+05:30,26.6,27.25,25.85,26.4,23622
VARDHACRLC,2020-03-27 00:00:00+05:30,28.0,28.0,26.3,27.2,10966
VARDHACRLC,2020-03-30 00:00:00+05:30,27.2,27.45,26.15,26.55,4282
VARDHACRLC,2020-03-31 00:00:00+05:30,29.5,29.5,25.0,26.75,25654
VARDHACRLC,2020-04-01 00:00:00+05:30,27.9,27.9,26.0,26.3,10645
VARDHACRLC,2020-04-03 00:00:00+05:30,27.5,27.5,26.5,27.2,9774
VARDHACRLC,2020-04-07 00:00:00+05:30,27.0,29.5,27.0,27.65,23214
VARDHACRLC,2020-04-08 00:00:00+05:30,29.3,29.4,27.3,27.6,16246
VARDHACRLC,2020-04-09 00:00:00+05:30,27.0,28.2,27.0,27.7,11256
VARDHACRLC,2020-04-13 00:00:00+05:30,28.0,28.0,26.6,27.25,3713
VARDHACRLC,2020-04-15 00:00:00+05:30,27.95,28.8,27.4,27.75,11652
VARDHACRLC,2020-04-16 00:00:00+05:30,28.7,28.75,27.55,27.65,11544
VARDHACRLC,2020-04-17 00:00:00+05:30,28.35,28.4,27.25,27.75,20191
VARDHACRLC,2020-04-20 00:00:00+05:30,28.05,28.5,27.6,28.35,9973
VARDHACRLC,2020-04-21 00:00:00+05:30,27.9,28.2,27.7,28.15,22423
VARDHACRLC,2020-04-22 00:00:00+05:30,28.2,28.4,27.6,28.15,5979
VARDHACRLC,2020-04-23 00:00:00+05:30,28.3,29.3,27.8,28.65,25980
VARDHACRLC,2020-04-24 00:00:00+05:30,29.0,29.6,28.0,28.6,21825
VARDHACRLC,2020-04-27 00:00:00+05:30,28.85,28.85,27.25,27.5,33184
VARDHACRLC,2020-04-28 00:00:00+05:30,28.35,28.65,27.25,28.6,17752
VARDHACRLC,2020-04-29 00:00:00+05:30,28.45,28.65,27.95,28.6,8114
VARDHACRLC,2020-04-30 00:00:00+05:30,28.4,29.5,28.35,29.35,6790
VARDHACRLC,2020-05-04 00:00:00+05:30,29.0,29.35,27.95,28.4,15766
VARDHACRLC,2020-05-05 00:00:00+05:30,29.2,29.25,28.1,28.7,7998
VARDHACRLC,2020-05-06 00:00:00+05:30,29.5,29.5,26.2,26.7,9424
VARDHACRLC,2020-05-07 00:00:00+05:30,28.3,28.3,26.75,27.6,4408
VARDHACRLC,2020-05-08 00:00:00+05:30,28.6,28.6,27.25,27.75,3307
VARDHACRLC,2020-05-11 00:00:00+05:30,28.25,28.4,27.35,27.45,1144
VARDHACRLC,2020-05-12 00:00:00+05:30,28.15,28.15,26.2,26.75,8701
VARDHACRLC,2020-05-13 00:00:00+05:30,27.0,27.45,26.7,27.4,2813
VARDHACRLC,2020-05-14 00:00:00+05:30,26.45,27.9,26.2,27.4,6309
VARDHACRLC,2020-05-15 00:00:00+05:30,27.05,27.35,26.9,26.95,3938
VARDHACRLC,2020-05-18 00:00:00+05:30,27.9,27.9,27.0,27.2,3759
VARDHACRLC,2020-05-19 00:00:00+05:30,27.1,27.25,25.8,27.25,6376
VARDHACRLC,2020-05-20 00:00:00+05:30,26.8,27.0,26.7,27.0,1391
VARDHACRLC,2020-05-21 00:00:00+05:30,27.4,27.65,27.4,27.65,1906
VARDHACRLC,2020-05-22 00:00:00+05:30,28.25,28.25,26.55,26.75,3150
VARDHACRLC,2020-05-26 00:00:00+05:30,26.65,27.85,26.65,27.35,4519
VARDHACRLC,2020-05-27 00:00:00+05:30,27.5,27.5,27.1,27.1,5332
VARDHACRLC,2020-05-28 00:00:00+05:30,27.05,28.1,27.0,27.1,2212
VARDHACRLC,2020-05-29 00:00:00+05:30,27.3,27.5,27.2,27.2,3111
VARDHACRLC,2020-06-01 00:00:00+05:30,27.35,29.4,26.5,26.9,35920
VARDHACRLC,2020-06-02 00:00:00+05:30,26.9,28.45,26.9,28.15,8395
VARDHACRLC,2020-06-03 00:00:00+05:30,28.5,28.95,27.5,28.65,9238
VARDHACRLC,2020-06-04 00:00:00+05:30,28.95,29.9,27.2,27.95,28600
VARDHACRLC,2020-06-05 00:00:00+05:30,28.2,29.5,27.65,28.7,28859
VARDHACRLC,2020-06-08 00:00:00+05:30,29.45,29.5,28.25,28.6,12526
VARDHACRLC,2020-06-09 00:00:00+05:30,29.35,29.4,28.0,28.05,10098
VARDHACRLC,2020-06-10 00:00:00+05:30,27.95,28.55,27.85,28.0,21888
VARDHACRLC,2020-06-11 00:00:00+05:30,27.85,28.5,27.85,27.95,16971
VARDHACRLC,2020-06-12 00:00:00+05:30,28.65,28.65,27.0,27.7,8292
VARDHACRLC,2020-06-15 00:00:00+05:30,27.95,28.25,27.0,27.25,14578
VARDHACRLC,2020-06-16 00:00:00+05:30,28.4,28.4,27.2,28.1,10805
VARDHACRLC,2020-06-17 00:00:00+05:30,28.0,28.3,27.2,27.75,9487
VARDHACRLC,2020-06-18 00:00:00+05:30,28.3,29.35,27.95,28.7,31853
VARDHACRLC,2020-06-19 00:00:00+05:30,29.95,30.3,28.7,29.45,34598
VARDHACRLC,2020-06-22 00:00:00+05:30,30.9,31.9,30.6,31.35,137270
VARDHACRLC,2020-06-23 00:00:00+05:30,32.35,32.35,30.5,31.25,29627
VARDHACRLC,2020-06-24 00:00:00+05:30,31.8,31.8,30.1,31.2,23217
VARDHACRLC,2020-06-25 00:00:00+05:30,31.0,31.7,30.15,30.35,14773
VARDHACRLC,2020-06-26 00:00:00+05:30,30.3,31.4,30.3,31.0,8838
VARDHACRLC,2020-06-29 00:00:00+05:30,31.2,31.2,29.05,30.25,20468
VARDHACRLC,2020-06-30 00:00:00+05:30,30.45,34.7,29.65,33.85,316639
VARDHACRLC,2020-07-01 00:00:00+05:30,35.0,35.1,31.0,31.7,151092
VARDHACRLC,2020-07-02 00:00:00+05:30,32.9,32.9,31.05,31.45,23826
VARDHACRLC,2020-07-03 00:00:00+05:30,31.0,31.9,29.65,30.25,48591
VARDHACRLC,2020-07-06 00:00:00+05:30,30.9,31.4,30.75,30.95,27340
VARDHACRLC,2020-07-07 00:00:00+05:30,31.25,31.5,30.65,30.9,29930
VARDHACRLC,2020-07-08 00:00:00+05:30,30.85,31.8,30.85,31.5,34975
VARDHACRLC,2020-07-09 00:00:00+05:30,31.15,32.4,30.4,31.3,29830
VARDHACRLC,2020-07-10 00:00:00+05:30,31.4,32.35,30.5,30.8,32804
VARDHACRLC,2020-07-13 00:00:00+05:30,31.55,32.95,30.8,31.4,49163
VARDHACRLC,2020-07-14 00:00:00+05:30,31.85,31.85,30.05,31.05,17652
VARDHACRLC,2020-07-15 00:00:00+05:30,31.1,31.1,30.3,30.5,23318
VARDHACRLC,2020-07-16 00:00:00+05:30,31.4,31.4,30.4,30.7,16506
VARDHACRLC,2020-07-17 00:00:00+05:30,31.2,31.25,30.3,30.95,11436
VARDHACRLC,2020-07-20 00:00:00+05:30,31.6,31.6,30.35,30.95,7369
VARDHACRLC,2020-07-21 00:00:00+05:30,30.05,31.05,30.05,30.4,30953
VARDHACRLC,2020-07-22 00:00:00+05:30,30.3,30.85,30.25,30.55,12025
VARDHACRLC,2020-07-23 00:00:00+05:30,30.35,30.9,30.0,30.55,12766
VARDHACRLC,2020-07-24 00:00:00+05:30,30.6,30.7,30.1,30.45,10124
VARDHACRLC,2020-07-27 00:00:00+05:30,30.1,30.3,29.85,30.05,20177
VARDHACRLC,2020-07-28 00:00:00+05:30,29.7,29.95,29.5,29.7,6605
VARDHACRLC,2020-07-29 00:00:00+05:30,30.8,30.8,27.4,28.95,96287
VARDHACRLC,2020-07-30 00:00:00+05:30,29.15,29.85,28.3,28.7,56262
VARDHACRLC,2020-07-31 00:00:00+05:30,28.3,29.3,28.1,28.25,27954
VARDHACRLC,2020-08-03 00:00:00+05:30,29.95,29.95,27.45,27.55,34146
VARDHACRLC,2020-08-04 00:00:00+05:30,27.6,28.3,27.5,28.0,35074
VARDHACRLC,2020-08-05 00:00:00+05:30,28.1,28.9,28.0,28.5,15266
VARDHACRLC,2020-08-06 00:00:00+05:30,28.85,28.95,28.5,28.75,38118
VARDHACRLC,2020-08-07 00:00:00+05:30,29.2,29.2,28.6,28.85,16578
VARDHACRLC,2020-08-10 00:00:00+05:30,29.4,30.05,28.9,29.1,41818
VARDHACRLC,2020-08-11 00:00:00+05:30,29.45,30.35,28.9,29.2,42313
VARDHACRLC,2020-08-12 00:00:00+05:30,29.6,29.6,28.9,29.05,14565
VARDHACRLC,2020-08-13 00:00:00+05:30,29.25,29.65,28.95,29.15,47054
VARDHACRLC,2020-08-14 00:00:00+05:30,29.25,29.35,28.45,28.6,41819
VARDHACRLC,2020-08-17 00:00:00+05:30,28.9,28.9,28.0,28.65,41101
VARDHACRLC,2020-08-18 00:00:00+05:30,28.9,29.7,28.55,29.3,31837
VARDHACRLC,2020-08-19 00:00:00+05:30,29.4,29.7,29.05,29.65,47224
VARDHACRLC,2020-08-20 00:00:00+05:30,29.5,29.8,29.45,29.6,32996
VARDHACRLC,2020-08-21 00:00:00+05:30,29.7,30.4,29.5,30.05,41403
VARDHACRLC,2020-08-24 00:00:00+05:30,30.35,32.3,30.25,31.95,100442
VARDHACRLC,2020-08-25 00:00:00+05:30,32.0,32.45,31.0,31.55,41531
VARDHACRLC,2020-08-26 00:00:00+05:30,31.55,31.95,31.0,31.85,49836
VARDHACRLC,2020-08-27 00:00:00+05:30,31.95,32.25,31.0,31.65,29203
VARDHACRLC,2020-08-28 00:00:00+05:30,32.15,33.1,31.75,32.0,61441
VARDHACRLC,2020-08-31 00:00:00+05:30,32.75,32.75,29.25,29.8,42205
VARDHACRLC,2020-09-01 00:00:00+05:30,29.7,35.75,29.65,34.6,870510
VARDHACRLC,2020-09-02 00:00:00+05:30,34.8,34.8,32.1,32.45,172553
VARDHACRLC,2020-09-03 00:00:00+05:30,32.1,34.0,32.05,32.6,73886
VARDHACRLC,2020-09-04 00:00:00+05:30,31.75,34.5,31.5,32.15,63808
VARDHACRLC,2020-09-07 00:00:00+05:30,32.05,32.9,30.2,31.3,55771
VARDHACRLC,2020-09-08 00:00:00+05:30,31.85,31.85,29.5,30.2,42783
VARDHACRLC,2020-09-09 00:00:00+05:30,30.95,31.35,28.5,30.15,43474
VARDHACRLC,2020-09-10 00:00:00+05:30,30.7,31.35,30.7,31.0,12842
VARDHACRLC,2020-09-11 00:00:00+05:30,31.35,31.85,30.25,30.5,24700
VARDHACRLC,2020-09-14 00:00:00+05:30,31.4,31.4,30.15,30.95,38882
VARDHACRLC,2020-09-15 00:00:00+05:30,31.35,31.35,30.5,30.7,22602
VARDHACRLC,2020-09-16 00:00:00+05:30,30.75,31.9,30.75,31.15,47911
VARDHACRLC,2020-09-17 00:00:00+05:30,31.0,34.85,30.65,32.0,254512
VARDHACRLC,2020-09-18 00:00:00+05:30,32.3,32.85,31.2,31.4,34270
VARDHACRLC,2020-09-21 00:00:00+05:30,30.65,31.55,30.05,30.3,18338
VARDHACRLC,2020-09-22 00:00:00+05:30,30.25,30.7,28.55,30.05,37137
VARDHACRLC,2020-09-23 00:00:00+05:30,29.8,30.2,29.1,29.7,22929
VARDHACRLC,2020-09-24 00:00:00+05:30,29.3,29.8,28.75,29.0,28692
VARDHACRLC,2020-09-25 00:00:00+05:30,29.35,32.0,29.0,29.6,25757
VARDHACRLC,2020-09-28 00:00:00+05:30,29.3,30.45,29.3,29.75,18025
VARDHACRLC,2020-09-29 00:00:00+05:30,30.0,30.4,29.25,29.75,12965
VARDHACRLC,2020-09-30 00:00:00+05:30,30.0,30.1,29.55,29.95,7069
VARDHACRLC,2020-10-01 00:00:00+05:30,29.95,30.25,29.15,29.7,8215
VARDHACRLC,2020-10-05 00:00:00+05:30,30.95,31.3,29.6,30.8,24410
VARDHACRLC,2020-10-06 00:00:00+05:30,30.55,31.2,30.4,30.85,13026
VARDHACRLC,2020-10-07 00:00:00+05:30,30.9,31.05,30.2,30.3,4015
VARDHACRLC,2020-10-08 00:00:00+05:30,30.0,31.0,30.0,30.2,11231
VARDHACRLC,2020-10-09 00:00:00+05:30,31.4,31.4,29.5,29.85,5638
VARDHACRLC,2020-10-12 00:00:00+05:30,30.8,30.8,29.4,29.4,9768
VARDHACRLC,2020-10-13 00:00:00+05:30,30.0,30.0,29.15,29.75,9424
VARDHACRLC,2020-10-14 00:00:00+05:30,29.65,30.1,29.3,29.75,9667
VARDHACRLC,2020-10-15 00:00:00+05:30,30.8,30.8,28.6,29.25,14837
VARDHACRLC,2020-10-16 00:00:00+05:30,28.8,29.7,28.15,29.15,5304
VARDHACRLC,2020-10-19 00:00:00+05:30,29.0,31.55,29.0,29.4,8549
VARDHACRLC,2020-10-20 00:00:00+05:30,29.0,30.0,28.4,29.6,2396
VARDHACRLC,2020-10-21 00:00:00+05:30,31.25,31.25,29.0,29.45,18207
VARDHACRLC,2020-10-22 00:00:00+05:30,29.45,30.3,28.95,29.5,15029
VARDHACRLC,2020-10-23 00:00:00+05:30,30.1,34.8,29.45,32.65,808187
VARDHACRLC,2020-10-26 00:00:00+05:30,32.65,33.15,31.25,31.7,52916
VARDHACRLC,2020-10-27 00:00:00+05:30,31.7,32.55,30.15,30.65,35969
VARDHACRLC,2020-10-28 00:00:00+05:30,30.25,33.6,30.1,30.65,36935
VARDHACRLC,2020-10-29 00:00:00+05:30,31.95,31.95,29.5,30.25,19777
VARDHACRLC,2020-10-30 00:00:00+05:30,31.3,31.3,29.8,30.45,13125
VARDHACRLC,2020-11-02 00:00:00+05:30,30.15,31.25,30.15,30.95,23325
VARDHACRLC,2020-11-03 00:00:00+05:30,30.5,31.25,30.0,30.45,18339
VARDHACRLC,2020-11-04 00:00:00+05:30,30.05,30.75,30.05,30.5,13816
VARDHACRLC,2020-11-05 00:00:00+05:30,31.0,31.35,30.1,30.35,16318
VARDHACRLC,2020-11-06 00:00:00+05:30,30.15,30.75,30.05,30.7,12820
VARDHACRLC,2020-11-09 00:00:00+05:30,30.55,31.15,30.0,30.15,46535
VARDHACRLC,2020-11-10 00:00:00+05:30,30.9,30.9,29.4,29.95,36527
VARDHACRLC,2020-11-11 00:00:00+05:30,30.5,31.0,29.25,30.3,42094
VARDHACRLC,2020-11-12 00:00:00+05:30,30.6,30.95,29.55,30.25,47984
VARDHACRLC,2020-11-13 00:00:00+05:30,30.25,30.45,29.8,30.1,27512
VARDHACRLC,2020-11-14 00:00:00+05:30,30.9,31.45,30.45,31.2,20538
VARDHACRLC,2020-11-17 00:00:00+05:30,31.0,31.05,30.05,30.35,45574
VARDHACRLC,2020-11-18 00:00:00+05:30,31.45,31.45,30.25,30.45,45846
VARDHACRLC,2020-11-19 00:00:00+05:30,30.55,31.25,30.2,30.85,54564
VARDHACRLC,2020-11-20 00:00:00+05:30,31.0,31.25,30.2,30.5,29426
VARDHACRLC,2020-11-23 00:00:00+05:30,30.5,30.85,30.35,30.5,25125
VARDHACRLC,2020-11-24 00:00:00+05:30,30.5,30.85,30.15,30.25,30856
VARDHACRLC,2020-11-25 00:00:00+05:30,30.55,30.7,30.1,30.55,27388
VARDHACRLC,2020-11-26 00:00:00+05:30,30.55,30.65,30.1,30.35,28786
VARDHACRLC,2020-11-27 00:00:00+05:30,30.8,31.05,30.35,30.5,32635
VARDHACRLC,2020-12-01 00:00:00+05:30,31.0,31.2,30.3,30.7,66084
VARDHACRLC,2020-12-02 00:00:00+05:30,30.7,31.25,30.6,30.7,51284
VARDHACRLC,2020-12-03 00:00:00+05:30,30.9,32.3,30.6,31.45,57242
VARDHACRLC,2020-12-04 00:00:00+05:30,31.5,33.7,31.4,32.65,343596
VARDHACRLC,2020-12-07 00:00:00+05:30,33.35,34.0,32.35,33.55,207764
VARDHACRLC,2020-12-08 00:00:00+05:30,33.35,34.5,32.05,33.35,129021
VARDHACRLC,2020-12-09 00:00:00+05:30,33.45,33.6,33.0,33.4,52202
VARDHACRLC,2020-12-10 00:00:00+05:30,33.35,33.35,32.5,33.0,34254
VARDHACRLC,2020-12-11 00:00:00+05:30,32.85,33.5,32.8,33.1,66753
VARDHACRLC,2020-12-14 00:00:00+05:30,33.5,34.35,33.2,34.0,107318
VARDHACRLC,2020-12-15 00:00:00+05:30,34.75,34.75,33.1,33.9,42050
VARDHACRLC,2020-12-16 00:00:00+05:30,34.6,34.6,33.55,33.55,38649
VARDHACRLC,2020-12-17 00:00:00+05:30,33.6,34.9,33.6,33.75,90279
VARDHACRLC,2020-12-18 00:00:00+05:30,34.3,34.4,32.75,33.1,31380
VARDHACRLC,2020-12-21 00:00:00+05:30,32.85,34.3,30.5,31.2,81646
VARDHACRLC,2020-12-22 00:00:00+05:30,31.45,32.5,30.8,31.75,30000
VARDHACRLC,2020-12-23 00:00:00+05:30,32.4,32.7,31.4,32.4,15998
VARDHACRLC,2020-12-24 00:00:00+05:30,33.4,33.4,31.75,32.25,11820
VARDHACRLC,2020-12-28 00:00:00+05:30,33.0,33.35,32.4,32.7,31334
VARDHACRLC,2020-12-29 00:00:00+05:30,32.5,38.4,32.5,37.05,631293
VARDHACRLC,2020-12-30 00:00:00+05:30,36.35,37.35,35.6,36.2,139998
VARDHACRLC,2020-12-31 00:00:00+05:30,38.4,38.4,36.05,36.45,121769
VARDHACRLC,2021-01-01 00:00:00+05:30,36.95,37.4,34.5,36.3,163364
VARDHACRLC,2021-01-04 00:00:00+05:30,36.9,36.95,35.6,35.75,52143
VARDHACRLC,2021-01-05 00:00:00+05:30,36.2,42.75,35.6,40.1,676379
VARDHACRLC,2021-01-06 00:00:00+05:30,41.65,41.65,38.15,38.75,214937
VARDHACRLC,2021-01-07 00:00:00+05:30,39.7,41.3,38.6,40.15,157029
VARDHACRLC,2021-01-08 00:00:00+05:30,40.9,42.0,39.95,40.6,176067
VARDHACRLC,2021-01-11 00:00:00+05:30,40.6,42.3,40.4,41.0,207563
VARDHACRLC,2021-01-12 00:00:00+05:30,41.7,41.9,40.5,41.25,80765
VARDHACRLC,2021-01-13 00:00:00+05:30,42.25,42.25,40.55,41.45,87119
VARDHACRLC,2021-01-14 00:00:00+05:30,41.8,41.8,39.75,40.2,49169
VARDHACRLC,2021-01-15 00:00:00+05:30,41.0,41.3,39.05,39.5,44093
VARDHACRLC,2021-01-18 00:00:00+05:30,41.75,41.75,38.95,39.55,75891
VARDHACRLC,2021-01-19 00:00:00+05:30,40.6,40.6,39.4,39.5,29622
VARDHACRLC,2021-01-20 00:00:00+05:30,39.1,40.2,36.6,37.5,99329
VARDHACRLC,2021-01-21 00:00:00+05:30,37.4,38.5,37.2,37.3,54962
VARDHACRLC,2021-01-22 00:00:00+05:30,38.05,38.15,34.75,36.0,69263
VARDHACRLC,2021-01-25 00:00:00+05:30,38.55,38.55,35.5,35.8,54263
VARDHACRLC,2021-01-27 00:00:00+05:30,35.55,36.9,35.35,35.85,31086
VARDHACRLC,2021-01-28 00:00:00+05:30,35.7,38.0,35.7,36.5,37435
VARDHACRLC,2021-01-29 00:00:00+05:30,36.5,37.3,36.0,36.35,23779
VARDHACRLC,2021-02-01 00:00:00+05:30,36.2,37.45,36.2,36.7,34279
VARDHACRLC,2021-02-02 00:00:00+05:30,37.0,37.45,36.05,36.4,30416
VARDHACRLC,2021-02-03 00:00:00+05:30,36.75,37.1,35.65,36.15,50751
VARDHACRLC,2021-02-04 00:00:00+05:30,36.65,37.5,36.2,37.05,21119
VARDHACRLC,2021-02-05 00:00:00+05:30,36.95,37.5,36.7,37.15,23413
VARDHACRLC,2021-02-08 00:00:00+05:30,36.7,37.85,36.25,36.5,21537
VARDHACRLC,2021-02-09 00:00:00+05:30,36.9,37.3,36.05,36.15,30806
VARDHACRLC,2021-02-10 00:00:00+05:30,35.95,36.65,35.55,35.95,28133
VARDHACRLC,2021-02-11 00:00:00+05:30,36.85,37.25,36.2,37.1,34233
VARDHACRLC,2021-02-12 00:00:00+05:30,37.45,37.5,36.6,37.2,24898
VARDHACRLC,2021-02-15 00:00:00+05:30,37.6,37.7,36.5,37.2,30057
VARDHACRLC,2021-02-16 00:00:00+05:30,37.75,37.75,36.6,37.0,19032
VARDHACRLC,2021-02-17 00:00:00+05:30,37.75,37.75,36.8,37.6,44147
VARDHACRLC,2021-02-18 00:00:00+05:30,37.75,40.35,36.7,38.55,109405
VARDHACRLC,2021-02-19 00:00:00+05:30,38.7,39.9,37.6,38.1,77616
VARDHACRLC,2021-02-22 00:00:00+05:30,37.35,37.95,36.0,36.45,28150
VARDHACRLC,2021-02-23 00:00:00+05:30,37.25,37.4,36.55,36.7,19666
VARDHACRLC,2021-02-24 00:00:00+05:30,37.15,39.9,36.5,36.6,20639
VARDHACRLC,2021-02-25 00:00:00+05:30,37.2,37.2,36.35,36.9,35069
VARDHACRLC,2021-02-26 00:00:00+05:30,37.0,37.5,36.0,36.5,19972
VARDHACRLC,2021-03-01 00:00:00+05:30,37.65,40.0,36.6,39.35,138728
VARDHACRLC,2021-03-02 00:00:00+05:30,40.0,41.25,38.8,39.85,121131
VARDHACRLC,2021-03-03 00:00:00+05:30,39.2,39.85,38.5,39.0,46147
VARDHACRLC,2021-03-04 00:00:00+05:30,38.5,39.25,37.45,38.8,64471
VARDHACRLC,2021-03-05 00:00:00+05:30,39.0,40.75,38.5,38.6,51267
VARDHACRLC,2021-03-08 00:00:00+05:30,39.8,39.8,38.25,38.75,89264
VARDHACRLC,2021-03-09 00:00:00+05:30,38.3,41.0,38.3,39.35,61534
VARDHACRLC,2021-03-10 00:00:00+05:30,39.35,39.9,38.55,39.25,40952
VARDHACRLC,2021-03-12 00:00:00+05:30,39.9,40.0,38.5,38.7,48202
VARDHACRLC,2021-03-15 00:00:00+05:30,38.75,39.75,38.25,39.05,31750
VARDHACRLC,2021-03-16 00:00:00+05:30,39.75,39.75,38.55,39.1,26241
VARDHACRLC,2021-03-17 00:00:00+05:30,39.45,39.7,38.1,38.45,29973
VARDHACRLC,2021-03-18 00:00:00+05:30,39.15,39.3,37.0,37.1,28997
VARDHACRLC,2021-03-19 00:00:00+05:30,37.45,38.4,35.55,38.1,23274
VARDHACRLC,2021-03-22 00:00:00+05:30,39.45,39.45,37.1,37.55,16697
VARDHACRLC,2021-03-23 00:00:00+05:30,38.45,39.1,37.85,38.3,28426
VARDHACRLC,2021-03-24 00:00:00+05:30,39.45,39.45,37.1,37.35,13329
VARDHACRLC,2021-03-25 00:00:00+05:30,37.55,37.55,36.2,36.35,31077
VARDHACRLC,2021-03-26 00:00:00+05:30,38.35,38.4,36.5,36.6,5838
VARDHACRLC,2021-03-30 00:00:00+05:30,37.35,38.15,36.4,36.65,14336
VARDHACRLC,2021-03-31 00:00:00+05:30,37.0,38.45,36.15,36.65,19953
VARDHACRLC,2021-04-01 00:00:00+05:30,36.5,37.95,36.5,37.15,13769
VARDHACRLC,2021-04-05 00:00:00+05:30,37.15,38.0,36.3,36.75,8478
VARDHACRLC,2021-04-06 00:00:00+05:30,37.2,37.35,36.35,36.5,16467
VARDHACRLC,2021-04-07 00:00:00+05:30,36.9,37.6,36.35,36.65,14000
VARDHACRLC,2021-04-08 00:00:00+05:30,37.95,37.95,36.4,37.1,26591
VARDHACRLC,2021-04-09 00:00:00+05:30,37.15,37.6,36.65,37.25,11903
VARDHACRLC,2021-04-12 00:00:00+05:30,37.2,37.2,35.0,35.75,34698
VARDHACRLC,2021-04-13 00:00:00+05:30,36.65,36.9,34.9,35.35,23388
VARDHACRLC,2021-04-15 00:00:00+05:30,34.95,35.8,34.4,35.15,53399
VARDHACRLC,2021-04-16 00:00:00+05:30,37.35,37.35,34.95,35.5,44148
VARDHACRLC,2021-04-19 00:00:00+05:30,35.25,35.9,33.75,34.6,39116
VARDHACRLC,2021-04-20 00:00:00+05:30,35.25,35.5,34.5,34.55,14954
VARDHACRLC,2021-04-22 00:00:00+05:30,35.15,36.0,34.05,35.3,40329
VARDHACRLC,2021-04-23 00:00:00+05:30,36.5,36.5,34.6,35.9,31061
VARDHACRLC,2021-04-26 00:00:00+05:30,36.0,36.3,35.3,35.6,13678
VARDHACRLC,2021-04-27 00:00:00+05:30,35.75,35.9,35.15,35.6,23720
VARDHACRLC,2021-04-28 00:00:00+05:30,36.8,36.8,35.5,35.7,28454
VARDHACRLC,2021-04-29 00:00:00+05:30,36.0,36.2,35.6,35.7,15673
VARDHACRLC,2021-04-30 00:00:00+05:30,36.0,37.9,35.75,37.0,86754
VARDHACRLC,2021-05-03 00:00:00+05:30,37.5,40.0,37.45,38.4,136366
VARDHACRLC,2021-05-04 00:00:00+05:30,39.0,42.2,39.0,39.75,252345
VARDHACRLC,2021-05-05 00:00:00+05:30,41.95,41.95,39.5,41.15,98407
VARDHACRLC,2021-05-06 00:00:00+05:30,41.45,43.0,41.2,42.05,125910
VARDHACRLC,2021-05-07 00:00:00+05:30,42.5,42.9,41.65,42.0,93589
VARDHACRLC,2021-05-10 00:00:00+05:30,46.6,49.8,44.5,45.65,1149588
VARDHACRLC,2021-05-11 00:00:00+05:30,45.0,47.9,43.0,46.3,277284
VARDHACRLC,2021-05-12 00:00:00+05:30,46.0,47.25,44.5,45.1,166795
VARDHACRLC,2021-05-14 00:00:00+05:30,45.6,46.65,43.65,44.0,89984
VARDHACRLC,2021-05-17 00:00:00+05:30,44.9,45.25,42.5,42.9,116094
VARDHACRLC,2021-05-18 00:00:00+05:30,43.1,44.6,42.75,43.0,105166
VARDHACRLC,2021-05-19 00:00:00+05:30,43.0,43.35,41.1,41.9,103718
VARDHACRLC,2021-05-20 00:00:00+05:30,42.3,43.4,42.1,42.9,55442
VARDHACRLC,2021-05-21 00:00:00+05:30,43.7,45.2,42.55,44.45,282106
VARDHACRLC,2021-05-24 00:00:00+05:30,44.9,45.25,42.45,43.0,156130
VARDHACRLC,2021-05-25 00:00:00+05:30,44.2,44.9,43.7,44.1,69749
VARDHACRLC,2021-05-26 00:00:00+05:30,44.75,45.4,44.35,44.6,92943
VARDHACRLC,2021-05-27 00:00:00+05:30,44.95,45.15,43.2,43.5,86075
VARDHACRLC,2021-05-28 00:00:00+05:30,44.1,44.1,41.7,42.5,93640
VARDHACRLC,2021-05-31 00:00:00+05:30,44.05,44.95,41.25,42.15,351754
VARDHACRLC,2021-06-01 00:00:00+05:30,42.65,45.5,42.15,44.0,612987
VARDHACRLC,2021-06-02 00:00:00+05:30,43.05,44.8,42.55,43.95,186799
VARDHACRLC,2021-06-03 00:00:00+05:30,44.1,44.7,43.45,43.6,69730
VARDHACRLC,2021-06-04 00:00:00+05:30,44.7,44.7,42.3,42.55,154766
VARDHACRLC,2021-06-07 00:00:00+05:30,43.5,44.35,42.5,42.85,107290
VARDHACRLC,2021-06-08 00:00:00+05:30,43.45,44.1,42.35,43.7,132531
VARDHACRLC,2021-06-09 00:00:00+05:30,44.8,44.8,42.65,42.95,130629
VARDHACRLC,2021-06-10 00:00:00+05:30,42.7,43.95,42.7,42.9,74190
VARDHACRLC,2021-06-11 00:00:00+05:30,43.65,43.9,43.25,43.7,101914
VARDHACRLC,2021-06-14 00:00:00+05:30,44.0,44.0,42.1,42.6,96697
VARDHACRLC,2021-06-15 00:00:00+05:30,42.65,43.9,42.65,43.55,94873
VARDHACRLC,2021-06-16 00:00:00+05:30,43.95,45.45,43.55,44.5,443013
VARDHACRLC,2021-06-17 00:00:00+05:30,44.0,46.9,44.0,44.85,513571
VARDHACRLC,2021-06-18 00:00:00+05:30,45.7,48.5,42.2,46.7,835541
VARDHACRLC,2021-06-21 00:00:00+05:30,46.45,50.0,45.3,49.4,1106833
VARDHACRLC,2021-06-22 00:00:00+05:30,50.0,50.4,47.5,48.95,543574
VARDHACRLC,2021-06-23 00:00:00+05:30,49.35,49.95,47.8,48.4,230491
VARDHACRLC,2021-06-24 00:00:00+05:30,49.25,49.25,46.55,46.9,100240
VARDHACRLC,2021-06-25 00:00:00+05:30,46.55,48.7,46.1,46.8,136233
VARDHACRLC,2021-06-28 00:00:00+05:30,48.15,48.55,46.55,47.3,113997
VARDHACRLC,2021-06-29 00:00:00+05:30,47.35,49.2,47.1,47.75,172617
VARDHACRLC,2021-06-30 00:00:00+05:30,47.8,48.5,46.1,46.25,107329
VARDHACRLC,2021-07-01 00:00:00+05:30,47.8,47.8,46.1,46.7,172489
VARDHACRLC,2021-07-02 00:00:00+05:30,47.2,49.15,46.15,48.05,302242
VARDHACRLC,2021-07-05 00:00:00+05:30,49.0,49.05,47.3,48.65,156160
VARDHACRLC,2021-07-06 00:00:00+05:30,48.65,54.5,48.05,51.0,1162092
VARDHACRLC,2021-07-07 00:00:00+05:30,52.4,54.9,51.55,53.4,707993
VARDHACRLC,2021-07-08 00:00:00+05:30,54.0,56.3,53.0,53.9,743946
VARDHACRLC,2021-07-09 00:00:00+05:30,53.35,60.0,52.25,58.05,1634241
VARDHACRLC,2021-07-12 00:00:00+05:30,63.0,67.15,61.5,64.0,2928118
VARDHACRLC,2021-07-13 00:00:00+05:30,65.2,66.95,63.05,65.5,1185611
VARDHACRLC,2021-07-14 00:00:00+05:30,66.75,66.8,63.0,63.5,477722
VARDHACRLC,2021-07-15 00:00:00+05:30,62.7,67.5,60.75,65.15,1366301
VARDHACRLC,2021-07-16 00:00:00+05:30,64.5,65.75,62.0,62.15,612579
VARDHACRLC,2021-07-19 00:00:00+05:30,61.6,66.2,61.1,62.05,449519
VARDHACRLC,2021-07-20 00:00:00+05:30,62.0,62.55,58.3,58.95,487919
VARDHACRLC,2021-07-22 00:00:00+05:30,61.0,63.7,60.9,61.9,567448
VARDHACRLC,2021-07-23 00:00:00+05:30,62.4,62.4,59.6,60.25,186831
VARDHACRLC,2021-07-26 00:00:00+05:30,60.0,65.0,59.85,62.45,601139
VARDHACRLC,2021-07-27 00:00:00+05:30,64.5,65.1,60.8,62.75,344113
VARDHACRLC,2021-07-28 00:00:00+05:30,61.8,65.0,60.65,63.75,1304158
VARDHACRLC,2021-07-29 00:00:00+05:30,65.2,69.45,64.4,68.0,1726964
VARDHACRLC,2021-07-30 00:00:00+05:30,70.2,71.8,66.1,66.95,727791
VARDHACRLC,2021-08-02 00:00:00+05:30,67.0,71.45,63.3,69.35,1285709
VARDHACRLC,2021-08-03 00:00:00+05:30,69.4,72.6,68.8,70.2,771085
VARDHACRLC,2021-08-04 00:00:00+05:30,71.0,84.2,71.0,81.55,6474165
VARDHACRLC,2021-08-05 00:00:00+05:30,82.75,82.75,73.8,77.9,1983511
VARDHACRLC,2021-08-06 00:00:00+05:30,78.0,81.8,75.3,76.3,661882
VARDHACRLC,2021-08-09 00:00:00+05:30,76.5,77.5,66.95,70.9,818201
VARDHACRLC,2021-08-10 00:00:00+05:30,71.9,75.5,63.8,65.7,644553
VARDHACRLC,2021-08-11 00:00:00+05:30,67.45,70.8,61.15,69.25,599787
VARDHACRLC,2021-08-12 00:00:00+05:30,71.6,72.7,70.0,71.3,292423
VARDHACRLC,2021-08-13 00:00:00+05:30,72.0,72.25,63.3,68.15,304862
VARDHACRLC,2021-08-16 00:00:00+05:30,68.15,69.6,66.5,67.3,181646
VARDHACRLC,2021-08-17 00:00:00+05:30,67.3,67.55,63.3,63.8,243892
VARDHACRLC,2021-08-18 00:00:00+05:30,63.8,65.6,63.0,63.35,176317
VARDHACRLC,2021-08-20 00:00:00+05:30,63.65,71.9,63.05,66.05,1127289
VARDHACRLC,2021-08-23 00:00:00+05:30,67.95,68.45,62.0,63.3,338986
VARDHACRLC,2021-08-24 00:00:00+05:30,64.95,65.65,63.45,65.15,231257
VARDHACRLC,2021-08-25 00:00:00+05:30,65.95,65.95,63.85,64.4,142292
VARDHACRLC,2021-08-26 00:00:00+05:30,64.3,64.95,63.1,63.75,116145
VARDHACRLC,2021-08-27 00:00:00+05:30,63.5,64.85,61.1,61.55,238481
VARDHACRLC,2021-08-30 00:00:00+05:30,62.8,66.5,62.4,64.65,330082
VARDHACRLC,2021-08-31 00:00:00+05:30,64.5,65.35,63.6,64.7,175536
VARDHACRLC,2021-09-01 00:00:00+05:30,65.45,65.45,61.9,62.85,216689
VARDHACRLC,2021-09-02 00:00:00+05:30,63.8,67.75,63.3,65.45,385255
VARDHACRLC,2021-09-03 00:00:00+05:30,66.2,68.2,65.15,67.1,244088
VARDHACRLC,2021-09-06 00:00:00+05:30,67.8,68.5,66.25,66.85,183615
VARDHACRLC,2021-09-07 00:00:00+05:30,67.0,67.8,64.5,65.1,164182
VARDHACRLC,2021-09-08 00:00:00+05:30,65.9,71.1,65.9,69.35,852887
VARDHACRLC,2021-09-09 00:00:00+05:30,70.45,71.9,67.8,68.6,210341
VARDHACRLC,2021-09-13 00:00:00+05:30,68.5,68.85,66.5,67.05,157974
VARDHACRLC,2021-09-14 00:00:00+05:30,67.3,68.4,65.75,65.9,145646
VARDHACRLC,2021-09-15 00:00:00+05:30,66.5,68.9,64.8,67.3,221278
VARDHACRLC,2021-09-16 00:00:00+05:30,67.3,69.05,66.5,66.65,125639
VARDHACRLC,2021-09-17 00:00:00+05:30,66.6,66.8,63.8,65.7,249137
VARDHACRLC,2021-09-20 00:00:00+05:30,66.8,66.8,63.0,63.4,120655
VARDHACRLC,2021-09-21 00:00:00+05:30,63.3,64.0,60.1,62.9,159583
VARDHACRLC,2021-09-22 00:00:00+05:30,63.0,65.1,62.9,64.0,113791
VARDHACRLC,2021-09-23 00:00:00+05:30,64.85,65.8,63.0,63.25,173389
VARDHACRLC,2021-09-24 00:00:00+05:30,63.25,63.9,61.5,62.2,106511
VARDHACRLC,2021-09-27 00:00:00+05:30,63.4,63.4,61.5,62.65,95131
VARDHACRLC,2021-09-28 00:00:00+05:30,63.0,63.3,61.0,62.0,97553
VARDHACRLC,2021-09-29 00:00:00+05:30,62.15,63.45,61.5,62.8,85128
VARDHACRLC,2021-09-30 00:00:00+05:30,63.85,63.85,62.4,63.0,74854
VARDHACRLC,2021-10-01 00:00:00+05:30,62.85,64.1,62.8,62.95,81954
VARDHACRLC,2021-10-04 00:00:00+05:30,65.15,66.8,62.9,63.0,120904
VARDHACRLC,2021-10-05 00:00:00+05:30,63.0,66.5,62.7,65.55,246279
VARDHACRLC,2021-10-06 00:00:00+05:30,67.3,69.5,64.3,66.25,537169
VARDHACRLC,2021-10-07 00:00:00+05:30,67.5,69.0,65.35,67.45,265343
VARDHACRLC,2021-10-08 00:00:00+05:30,67.8,68.5,66.1,66.35,90697
VARDHACRLC,2021-10-11 00:00:00+05:30,66.9,67.6,65.55,65.9,122124
VARDHACRLC,2021-10-12 00:00:00+05:30,66.0,67.1,65.0,65.6,152693
VARDHACRLC,2021-10-13 00:00:00+05:30,66.0,67.15,64.9,65.3,256733
VARDHACRLC,2021-10-14 00:00:00+05:30,65.05,69.55,65.05,66.8,282695
VARDHACRLC,2021-10-18 00:00:00+05:30,68.6,70.2,66.05,67.7,346206
VARDHACRLC,2021-10-19 00:00:00+05:30,68.65,69.7,64.5,66.35,217823
VARDHACRLC,2021-10-20 00:00:00+05:30,66.9,72.5,64.75,69.45,978220
VARDHACRLC,2021-10-21 00:00:00+05:30,70.7,71.7,69.5,70.0,179115
VARDHACRLC,2021-10-22 00:00:00+05:30,75.8,75.8,67.6,69.7,440892
VARDHACRLC,2021-10-25 00:00:00+05:30,83.6,83.6,75.1,80.25,3593218
VARDHACRLC,2021-10-26 00:00:00+05:30,80.0,80.0,72.7,73.7,1366840
VARDHACRLC,2021-10-27 00:00:00+05:30,74.0,76.0,70.75,72.35,675579
VARDHACRLC,2021-10-28 00:00:00+05:30,51.0,56.8,51.0,56.6,1230356
VARDHACRLC,2021-10-29 00:00:00+05:30,56.6,56.6,51.65,52.15,435884
VARDHACRLC,2021-11-01 00:00:00+05:30,51.1,51.8,50.0,50.2,276906
VARDHACRLC,2021-11-02 00:00:00+05:30,51.0,54.25,51.0,53.95,269792
VARDHACRLC,2021-11-03 00:00:00+05:30,54.75,56.7,54.0,55.8,263369
VARDHACRLC,2021-11-04 00:00:00+05:30,57.6,57.95,54.3,55.85,166339
VARDHACRLC,2021-11-08 00:00:00+05:30,56.0,56.4,54.5,55.05,191238
VARDHACRLC,2021-11-09 00:00:00+05:30,55.5,55.95,54.5,54.9,169514
VARDHACRLC,2021-11-10 00:00:00+05:30,54.65,55.7,54.3,54.7,93604
VARDHACRLC,2021-11-11 00:00:00+05:30,55.0,55.0,52.5,52.7,140437
VARDHACRLC,2021-11-12 00:00:00+05:30,53.9,54.0,52.05,52.6,119594
VARDHACRLC,2021-11-15 00:00:00+05:30,53.15,53.15,52.15,52.3,62903
VARDHACRLC,2021-11-16 00:00:00+05:30,50.25,53.5,50.25,53.1,166689
VARDHACRLC,2021-11-17 00:00:00+05:30,53.5,53.6,51.7,51.8,65951
VARDHACRLC,2021-11-18 00:00:00+05:30,52.0,53.8,50.45,51.45,135231
VARDHACRLC,2021-11-22 00:00:00+05:30,52.4,54.8,48.3,50.25,174744
VARDHACRLC,2021-11-23 00:00:00+05:30,49.45,53.0,49.45,52.3,100696
VARDHACRLC,2021-11-24 00:00:00+05:30,53.85,53.85,51.65,52.45,82806
VARDHACRLC,2021-11-25 00:00:00+05:30,53.25,53.25,50.3,52.15,56635
VARDHACRLC,2021-11-26 00:00:00+05:30,52.0,52.3,49.8,50.05,119213
VARDHACRLC,2021-11-29 00:00:00+05:30,49.2,49.95,46.95,47.85,104630
VARDHACRLC,2021-11-30 00:00:00+05:30,47.05,50.7,47.05,49.0,78231
VARDHACRLC,2021-12-01 00:00:00+05:30,50.2,50.2,48.9,49.1,33123
VARDHACRLC,2021-12-02 00:00:00+05:30,49.85,50.4,49.2,49.8,41285
VARDHACRLC,2021-12-03 00:00:00+05:30,50.9,51.0,49.35,49.8,82870
VARDHACRLC,2021-12-06 00:00:00+05:30,50.7,51.05,48.7,49.0,56461
VARDHACRLC,2021-12-07 00:00:00+05:30,49.8,50.8,49.25,49.9,42549
VARDHACRLC,2021-12-08 00:00:00+05:30,50.5,50.8,49.35,49.9,90890
VARDHACRLC,2021-12-09 00:00:00+05:30,52.0,52.0,50.0,50.1,111895
VARDHACRLC,2021-12-10 00:00:00+05:30,50.75,53.85,50.4,53.35,349314
VARDHACRLC,2021-12-13 00:00:00+05:30,54.0,54.45,51.5,52.05,114935
VARDHACRLC,2021-12-14 00:00:00+05:30,53.7,53.7,51.15,51.7,79002
VARDHACRLC,2021-12-15 00:00:00+05:30,51.25,54.4,51.05,53.45,280413
VARDHACRLC,2021-12-16 00:00:00+05:30,53.95,56.0,49.45,52.55,495184
VARDHACRLC,2021-12-17 00:00:00+05:30,52.5,53.3,51.25,51.45,142715
VARDHACRLC,2021-12-20 00:00:00+05:30,50.1,50.9,48.0,48.25,180450
VARDHACRLC,2021-12-21 00:00:00+05:30,48.25,50.0,48.1,49.3,113347
VARDHACRLC,2021-12-22 00:00:00+05:30,49.8,50.8,49.3,49.6,269737
VARDHACRLC,2021-12-23 00:00:00+05:30,50.05,50.9,49.25,50.15,190075
VARDHACRLC,2021-12-24 00:00:00+05:30,50.6,51.7,49.8,50.4,208459
VARDHACRLC,2021-12-27 00:00:00+05:30,50.85,51.0,49.55,49.95,218261
VARDHACRLC,2021-12-28 00:00:00+05:30,50.65,50.85,49.8,50.5,160156
VARDHACRLC,2021-12-29 00:00:00+05:30,50.85,54.65,50.6,52.8,301532
VARDHACRLC,2021-12-30 00:00:00+05:30,53.5,53.5,52.15,52.5,139519
VARDHACRLC,2021-12-31 00:00:00+05:30,53.4,54.0,52.55,52.75,176211
VARDHACRLC,2022-01-03 00:00:00+05:30,52.85,54.1,52.3,53.3,237173
VARDHACRLC,2022-01-04 00:00:00+05:30,54.85,54.85,52.55,53.25,141923
VARDHACRLC,2022-01-05 00:00:00+05:30,53.0,55.4,53.0,54.7,342097
VARDHACRLC,2022-01-06 00:00:00+05:30,54.45,57.75,52.3,57.15,647124
VARDHACRLC,2022-01-07 00:00:00+05:30,57.5,61.1,57.2,59.05,516077
VARDHACRLC,2022-01-10 00:00:00+05:30,60.0,62.0,59.0,59.25,398387
VARDHACRLC,2022-01-11 00:00:00+05:30,59.25,59.75,57.55,58.0,641482
VARDHACRLC,2022-01-12 00:00:00+05:30,58.8,63.0,58.05,60.85,711015
VARDHACRLC,2022-01-13 00:00:00+05:30,60.9,62.3,59.55,61.0,434475
VARDHACRLC,2022-01-14 00:00:00+05:30,62.5,64.25,61.2,63.45,687876
VARDHACRLC,2022-01-17 00:00:00+05:30,64.9,70.85,63.75,70.1,1265884
VARDHACRLC,2022-01-18 00:00:00+05:30,71.85,72.4,67.25,67.95,834696
VARDHACRLC,2022-01-19 00:00:00+05:30,68.2,70.2,67.25,67.7,361536
VARDHACRLC,2022-01-20 00:00:00+05:30,68.0,68.85,64.1,65.9,468571
VARDHACRLC,2022-01-21 00:00:00+05:30,65.5,67.3,63.25,63.9,201539
VARDHACRLC,2022-01-24 00:00:00+05:30,62.8,63.2,59.1,59.35,250045
VARDHACRLC,2022-01-25 00:00:00+05:30,57.55,61.85,57.1,61.35,145652
VARDHACRLC,2022-01-27 00:00:00+05:30,60.0,63.1,59.65,61.35,133918
VARDHACRLC,2022-01-28 00:00:00+05:30,61.55,64.0,61.55,62.25,138408
VARDHACRLC,2022-01-31 00:00:00+05:30,64.4,64.5,61.9,62.5,153140
VARDHACRLC,2022-02-01 00:00:00+05:30,63.5,63.85,61.2,61.75,84771
VARDHACRLC,2022-02-02 00:00:00+05:30,61.2,63.0,61.2,62.85,145307
VARDHACRLC,2022-02-03 00:00:00+05:30,62.05,63.25,58.0,59.85,409954
VARDHACRLC,2022-02-04 00:00:00+05:30,60.7,61.45,59.65,59.85,142893
VARDHACRLC,2022-02-07 00:00:00+05:30,60.3,61.15,58.55,58.95,589639
VARDHACRLC,2022-02-08 00:00:00+05:30,59.4,59.4,57.4,57.6,190282
VARDHACRLC,2022-02-09 00:00:00+05:30,58.3,58.45,57.35,57.7,43246
VARDHACRLC,2022-02-10 00:00:00+05:30,57.95,59.5,56.0,58.15,71725
VARDHACRLC,2022-02-11 00:00:00+05:30,58.0,58.3,56.75,57.1,47507
VARDHACRLC,2022-02-14 00:00:00+05:30,53.55,55.8,53.0,53.35,128016
VARDHACRLC,2022-02-15 00:00:00+05:30,54.0,58.6,52.0,55.7,190017
VARDHACRLC,2022-02-16 00:00:00+05:30,57.0,59.4,55.75,57.15,260909
VARDHACRLC,2022-02-17 00:00:00+05:30,58.4,58.4,54.3,54.75,279843
VARDHACRLC,2022-02-18 00:00:00+05:30,54.1,55.8,52.5,54.75,34513
VARDHACRLC,2022-02-21 00:00:00+05:30,54.5,55.85,52.55,52.65,99277
VARDHACRLC,2022-02-22 00:00:00+05:30,49.2,52.4,49.2,50.1,124203
VARDHACRLC,2022-02-23 00:00:00+05:30,51.45,52.7,49.55,51.7,150086
VARDHACRLC,2022-02-24 00:00:00+05:30,48.45,50.0,47.05,47.45,215233
VARDHACRLC,2022-02-25 00:00:00+05:30,50.8,52.85,48.3,50.05,179994
VARDHACRLC,2022-02-28 00:00:00+05:30,50.05,52.3,49.0,51.5,118729
VARDHACRLC,2022-03-02 00:00:00+05:30,51.6,52.0,50.5,50.95,79590
VARDHACRLC,2022-03-03 00:00:00+05:30,51.7,51.9,50.5,50.9,109533
VARDHACRLC,2022-03-04 00:00:00+05:30,50.8,50.8,47.4,49.4,159486
VARDHACRLC,2022-03-07 00:00:00+05:30,48.4,49.9,47.2,49.25,63282
VARDHACRLC,2022-03-08 00:00:00+05:30,49.95,50.3,49.0,49.8,46171
VARDHACRLC,2022-03-09 00:00:00+05:30,50.9,51.1,49.2,50.5,148235
VARDHACRLC,2022-03-10 00:00:00+05:30,51.45,52.1,51.05,51.2,98567
VARDHACRLC,2022-03-11 00:00:00+05:30,51.4,52.4,50.75,51.55,214936
VARDHACRLC,2022-03-14 00:00:00+05:30,51.5,52.85,50.75,52.3,312192
VARDHACRLC,2022-03-15 00:00:00+05:30,52.5,52.75,51.25,51.55,186341
VARDHACRLC,2022-03-16 00:00:00+05:30,52.5,52.9,51.0,51.4,82443
VARDHACRLC,2022-03-17 00:00:00+05:30,51.8,52.8,51.8,52.4,62530
VARDHACRLC,2022-03-21 00:00:00+05:30,53.35,53.9,51.1,51.9,146519
VARDHACRLC,2022-03-22 00:00:00+05:30,52.05,52.5,50.1,51.2,125005
VARDHACRLC,2022-03-23 00:00:00+05:30,51.75,53.0,51.45,51.7,166422
VARDHACRLC,2022-03-24 00:00:00+05:30,51.7,52.5,51.1,51.35,72749
VARDHACRLC,2022-03-25 00:00:00+05:30,52.0,52.0,50.45,50.65,108977
VARDHACRLC,2022-03-28 00:00:00+05:30,50.65,51.7,49.1,49.6,359822
VARDHACRLC,2022-03-29 00:00:00+05:30,50.35,50.35,48.3,48.7,313272
VARDHACRLC,2022-03-30 00:00:00+05:30,49.9,50.2,48.4,49.0,178445
VARDHACRLC,2022-03-31 00:00:00+05:30,51.8,56.95,51.45,53.75,877810
VARDHACRLC,2022-04-01 00:00:00+05:30,54.75,58.35,54.6,56.0,529754
VARDHACRLC,2022-04-04 00:00:00+05:30,57.5,57.5,55.0,56.1,303209
VARDHACRLC,2022-04-05 00:00:00+05:30,56.9,57.1,55.65,56.55,227710
VARDHACRLC,2022-04-06 00:00:00+05:30,56.5,61.9,55.75,59.75,553236
VARDHACRLC,2022-04-07 00:00:00+05:30,60.8,60.95,59.05,59.5,251017
VARDHACRLC,2022-04-08 00:00:00+05:30,60.35,60.35,58.0,58.9,180691
VARDHACRLC,2022-04-11 00:00:00+05:30,58.9,61.3,58.5,59.9,334695
VARDHACRLC,2022-04-12 00:00:00+05:30,59.9,59.9,58.25,58.55,146160
VARDHACRLC,2022-04-13 00:00:00+05:30,58.0,70.25,58.0,70.25,2044429
VARDHACRLC,2022-04-18 00:00:00+05:30,70.25,70.25,65.8,66.15,772186
VARDHACRLC,2022-04-19 00:00:00+05:30,67.0,68.35,62.55,63.65,405631
VARDHACRLC,2022-04-20 00:00:00+05:30,63.75,65.55,63.55,64.1,138850
VARDHACRLC,2022-04-21 00:00:00+05:30,65.4,65.8,63.5,63.9,167600
VARDHACRLC,2022-04-22 00:00:00+05:30,63.2,64.9,62.8,63.65,78391
VARDHACRLC,2022-04-25 00:00:00+05:30,63.0,63.75,62.1,62.4,86784
VARDHACRLC,2022-04-26 00:00:00+05:30,63.95,64.55,62.55,62.65,250520
VARDHACRLC,2022-04-27 00:00:00+05:30,62.55,62.8,61.5,61.75,84538
VARDHACRLC,2022-04-28 00:00:00+05:30,62.0,64.6,62.0,63.1,370364
VARDHACRLC,2022-04-29 00:00:00+05:30,64.0,64.0,60.7,61.25,97060
VARDHACRLC,2022-05-02 00:00:00+05:30,60.05,61.65,58.8,59.65,195871
VARDHACRLC,2022-05-04 00:00:00+05:30,61.8,61.8,58.05,58.3,75189
VARDHACRLC,2022-05-05 00:00:00+05:30,58.4,60.0,57.7,58.0,136871
VARDHACRLC,2022-05-06 00:00:00+05:30,56.3,57.75,56.3,57.3,66944
VARDHACRLC,2022-05-09 00:00:00+05:30,57.0,57.0,54.7,56.35,131725
VARDHACRLC,2022-05-10 00:00:00+05:30,55.1,57.15,53.25,54.0,69363
VARDHACRLC,2022-05-11 00:00:00+05:30,55.5,55.55,52.0,52.85,69733
VARDHACRLC,2022-05-12 00:00:00+05:30,52.7,53.0,51.0,51.7,64422
VARDHACRLC,2022-05-13 00:00:00+05:30,53.0,54.45,51.0,52.1,83242
VARDHACRLC,2022-05-16 00:00:00+05:30,53.35,56.1,52.05,55.0,136175
VARDHACRLC,2022-05-17 00:00:00+05:30,53.0,54.35,52.45,54.2,178162
VARDHACRLC,2022-05-18 00:00:00+05:30,53.5,57.1,53.4,54.25,169230
VARDHACRLC,2022-05-19 00:00:00+05:30,52.9,53.75,52.1,53.35,99864
VARDHACRLC,2022-05-20 00:00:00+05:30,54.85,54.85,53.6,53.9,29026
VARDHACRLC,2022-05-23 00:00:00+05:30,53.9,54.45,52.05,52.25,46340
VARDHACRLC,2022-05-24 00:00:00+05:30,53.2,53.2,51.6,51.8,30101
VARDHACRLC,2022-05-25 00:00:00+05:30,52.0,53.15,50.4,50.65,29360
VARDHACRLC,2022-05-26 00:00:00+05:30,51.1,51.5,48.8,50.3,68405
VARDHACRLC,2022-05-27 00:00:00+05:30,52.2,52.45,51.0,52.15,30233
VARDHACRLC,2022-05-30 00:00:00+05:30,53.6,53.85,52.05,53.3,74157
VARDHACRLC,2022-05-31 00:00:00+05:30,53.3,53.85,52.65,53.4,22765
VARDHACRLC,2022-06-01 00:00:00+05:30,53.95,54.3,52.8,53.85,24539
VARDHACRLC,2022-06-02 00:00:00+05:30,54.65,54.75,53.25,53.7,32616
VARDHACRLC,2022-06-03 00:00:00+05:30,55.4,56.0,53.1,53.3,38546
VARDHACRLC,2022-06-06 00:00:00+05:30,54.2,54.2,52.1,53.35,34783
VARDHACRLC,2022-06-07 00:00:00+05:30,53.7,53.7,52.15,52.75,19275
VARDHACRLC,2022-06-08 00:00:00+05:30,52.75,52.75,51.95,52.05,18686
VARDHACRLC,2022-06-09 00:00:00+05:30,52.0,52.45,50.5,51.45,23769
VARDHACRLC,2022-06-10 00:00:00+05:30,51.45,52.45,50.95,51.85,17041
VARDHACRLC,2022-06-13 00:00:00+05:30,50.5,50.85,45.95,49.4,45809
VARDHACRLC,2022-06-14 00:00:00+05:30,50.15,50.75,49.1,49.45,33132
VARDHACRLC,2022-06-15 00:00:00+05:30,50.25,50.5,49.45,50.4,15693
VARDHACRLC,2022-06-16 00:00:00+05:30,51.0,51.3,48.9,49.1,24254
VARDHACRLC,2022-06-17 00:00:00+05:30,48.7,48.7,46.95,47.8,45102
VARDHACRLC,2022-06-20 00:00:00+05:30,48.7,49.2,43.35,44.3,58422
VARDHACRLC,2022-06-21 00:00:00+05:30,44.8,47.85,44.8,47.6,30683
VARDHACRLC,2022-06-22 00:00:00+05:30,47.4,47.8,46.05,46.3,23088
VARDHACRLC,2022-06-23 00:00:00+05:30,46.35,47.1,46.0,46.75,18649
VARDHACRLC,2022-06-24 00:00:00+05:30,46.75,51.95,46.75,49.7,46499
VARDHACRLC,2022-06-27 00:00:00+05:30,53.3,53.5,50.3,50.95,59656
VARDHACRLC,2022-06-28 00:00:00+05:30,50.5,50.8,49.2,49.95,19134
VARDHACRLC,2022-06-29 00:00:00+05:30,49.3,50.95,49.0,49.4,22652
VARDHACRLC,2022-06-30 00:00:00+05:30,50.3,50.3,48.55,48.65,26653
VARDHACRLC,2022-07-01 00:00:00+05:30,48.9,49.0,48.05,48.25,18587
VARDHACRLC,2022-07-04 00:00:00+05:30,48.6,50.9,48.15,49.85,55219
VARDHACRLC,2022-07-05 00:00:00+05:30,48.55,50.45,48.55,48.9,28113
VARDHACRLC,2022-07-06 00:00:00+05:30,49.4,49.65,48.15,48.35,20419
VARDHACRLC,2022-07-07 00:00:00+05:30,49.25,52.95,48.6,49.4,150711
VARDHACRLC,2022-07-08 00:00:00+05:30,49.8,50.95,49.35,49.9,34422
VARDHACRLC,2022-07-11 00:00:00+05:30,50.0,50.7,49.6,49.95,34482
VARDHACRLC,2022-07-12 00:00:00+05:30,50.35,51.3,49.65,50.1,41540
VARDHACRLC,2022-07-13 00:00:00+05:30,50.95,50.95,49.25,49.4,27246
VARDHACRLC,2022-07-14 00:00:00+05:30,50.0,50.5,49.55,49.8,17065
VARDHACRLC,2022-07-15 00:00:00+05:30,50.9,50.9,49.4,49.6,26566
VARDHACRLC,2022-07-18 00:00:00+05:30,50.55,52.0,49.7,51.25,102254
VARDHACRLC,2022-07-19 00:00:00+05:30,51.25,51.75,50.6,51.0,31739
VARDHACRLC,2022-07-20 00:00:00+05:30,52.8,52.8,50.8,51.2,85059
VARDHACRLC,2022-07-21 00:00:00+05:30,51.8,51.95,50.9,51.0,26902
VARDHACRLC,2022-07-22 00:00:00+05:30,50.35,51.4,50.35,50.65,29597
VARDHACRLC,2022-07-25 00:00:00+05:30,51.4,53.45,51.0,52.9,172220
VARDHACRLC,2022-07-26 00:00:00+05:30,53.5,53.55,52.1,52.5,35432
VARDHACRLC,2022-07-27 00:00:00+05:30,52.35,53.25,51.65,52.75,29582
VARDHACRLC,2022-07-28 00:00:00+05:30,53.25,53.25,51.95,52.1,20785
VARDHACRLC,2022-07-29 00:00:00+05:30,52.1,52.95,51.6,51.95,32070
VARDHACRLC,2022-08-01 00:00:00+05:30,52.8,54.0,51.55,52.7,76648
VARDHACRLC,2022-08-02 00:00:00+05:30,52.7,53.0,52.1,52.7,82613
VARDHACRLC,2022-08-03 00:00:00+05:30,52.95,52.95,52.1,52.25,60124
VARDHACRLC,2022-08-04 00:00:00+05:30,52.95,52.95,51.25,52.0,33032
VARDHACRLC,2022-08-05 00:00:00+05:30,52.0,52.65,51.05,51.5,38449
VARDHACRLC,2022-08-08 00:00:00+05:30,52.15,52.95,51.3,52.1,34278
VARDHACRLC,2022-08-10 00:00:00+05:30,52.7,52.9,51.5,51.65,30356
VARDHACRLC,2022-08-11 00:00:00+05:30,52.6,53.6,51.65,52.95,65114
VARDHACRLC,2022-08-12 00:00:00+05:30,53.25,53.4,52.25,52.5,23753
VARDHACRLC,2022-08-16 00:00:00+05:30,53.35,54.0,52.1,52.4,107672
VARDHACRLC,2022-08-17 00:00:00+05:30,53.25,53.5,51.2,52.95,47644
VARDHACRLC,2022-08-18 00:00:00+05:30,53.25,56.0,52.9,54.85,254157
VARDHACRLC,2022-08-19 00:00:00+05:30,55.3,57.5,55.05,55.5,169021
VARDHACRLC,2022-08-22 00:00:00+05:30,55.3,56.0,53.55,54.4,79492
VARDHACRLC,2022-08-23 00:00:00+05:30,54.95,55.35,53.0,54.0,67087
VARDHACRLC,2022-08-24 00:00:00+05:30,54.0,54.4,53.05,53.35,64097
VARDHACRLC,2022-08-25 00:00:00+05:30,53.9,54.95,52.65,54.5,86330
VARDHACRLC,2022-08-26 00:00:00+05:30,54.9,58.8,54.7,57.9,297563
VARDHACRLC,2022-08-29 00:00:00+05:30,57.6,57.6,54.65,56.65,104990
VARDHACRLC,2022-08-30 00:00:00+05:30,57.45,57.45,56.05,56.25,68454
VARDHACRLC,2022-09-01 00:00:00+05:30,56.5,57.9,55.8,57.15,84478
VARDHACRLC,2022-09-02 00:00:00+05:30,57.2,59.1,57.05,57.35,104937
VARDHACRLC,2022-09-05 00:00:00+05:30,57.95,58.75,56.05,56.85,81519
VARDHACRLC,2022-09-06 00:00:00+05:30,57.25,58.0,55.7,57.35,78726
VARDHACRLC,2022-09-07 00:00:00+05:30,57.1,59.9,56.05,58.65,238450
VARDHACRLC,2022-09-08 00:00:00+05:30,59.9,60.35,58.55,58.9,108107
VARDHACRLC,2022-09-09 00:00:00+05:30,59.0,59.85,58.05,58.6,77946
VARDHACRLC,2022-09-12 00:00:00+05:30,59.4,61.2,58.85,60.35,226875
VARDHACRLC,2022-09-13 00:00:00+05:30,61.0,61.4,59.0,59.15,127341
VARDHACRLC,2022-09-14 00:00:00+05:30,58.6,59.4,58.05,58.95,86961
VARDHACRLC,2022-09-15 00:00:00+05:30,59.1,60.0,59.1,59.65,66139
VARDHACRLC,2022-09-16 00:00:00+05:30,59.65,59.75,57.15,57.6,128070
VARDHACRLC,2022-09-19 00:00:00+05:30,57.9,59.6,57.8,58.7,159244
VARDHACRLC,2022-09-20 00:00:00+05:30,59.45,59.45,58.1,58.35,65459
VARDHACRLC,2022-09-21 00:00:00+05:30,58.0,58.75,56.7,57.1,71139
VARDHACRLC,2022-09-22 00:00:00+05:30,57.4,57.55,56.2,57.1,41582
VARDHACRLC,2022-09-23 00:00:00+05:30,57.1,57.4,54.6,55.0,78719
VARDHACRLC,2022-09-26 00:00:00+05:30,55.7,56.4,53.1,53.4,61960
VARDHACRLC,2022-09-27 00:00:00+05:30,54.3,54.9,46.8,50.25,163328
VARDHACRLC,2022-09-28 00:00:00+05:30,51.2,53.0,50.4,51.85,62932
VARDHACRLC,2022-09-29 00:00:00+05:30,53.0,53.4,51.25,51.85,62278
VARDHACRLC,2022-09-30 00:00:00+05:30,51.85,52.35,50.55,51.8,66978
VARDHACRLC,2022-10-03 00:00:00+05:30,52.9,52.95,51.45,51.95,51944
VARDHACRLC,2022-10-04 00:00:00+05:30,52.8,52.8,52.05,52.4,40241
VARDHACRLC,2022-10-06 00:00:00+05:30,53.3,53.3,52.2,52.8,47527
VARDHACRLC,2022-10-07 00:00:00+05:30,53.3,55.5,52.75,54.7,59767
VARDHACRLC,2022-10-10 00:00:00+05:30,54.7,54.75,52.6,52.85,59441
VARDHACRLC,2022-10-11 00:00:00+05:30,52.85,54.0,52.0,52.1,30360
VARDHACRLC,2022-10-12 00:00:00+05:30,52.1,52.85,51.9,52.35,19045
VARDHACRLC,2022-10-13 00:00:00+05:30,52.45,52.45,51.5,52.0,64564
VARDHACRLC,2022-10-14 00:00:00+05:30,51.5,53.6,51.5,51.8,151456
VARDHACRLC,2022-10-17 00:00:00+05:30,51.8,52.9,51.65,52.1,25107
VARDHACRLC,2022-10-18 00:00:00+05:30,52.1,52.85,52.1,52.55,18208
VARDHACRLC,2022-10-19 00:00:00+05:30,52.55,53.7,52.25,52.6,32295
VARDHACRLC,2022-10-20 00:00:00+05:30,52.85,52.85,51.15,51.6,29860
VARDHACRLC,2022-10-21 00:00:00+05:30,51.95,52.65,51.65,52.0,26368
VARDHACRLC,2022-10-24 00:00:00+05:30,53.9,53.9,52.5,52.85,22321
VARDHACRLC,2022-10-25 00:00:00+05:30,53.45,53.65,52.5,53.1,30957
VARDHACRLC,2022-10-27 00:00:00+05:30,54.45,54.5,51.5,53.5,64860
VARDHACRLC,2022-10-28 00:00:00+05:30,53.95,55.45,52.55,53.05,86548
VARDHACRLC,2022-10-31 00:00:00+05:30,53.5,53.7,52.2,52.6,26558
VARDHACRLC,2022-11-01 00:00:00+05:30,50.0,52.7,50.0,52.0,65667
VARDHACRLC,2022-11-02 00:00:00+05:30,52.4,53.0,52.0,52.85,27687
VARDHACRLC,2022-11-03 00:00:00+05:30,52.9,54.0,52.85,53.7,35079
VARDHACRLC,2022-11-04 00:00:00+05:30,53.7,54.7,53.15,53.55,49789
VARDHACRLC,2022-11-07 00:00:00+05:30,52.5,54.5,52.0,53.55,40431
VARDHACRLC,2022-11-09 00:00:00+05:30,54.05,54.05,52.15,52.75,61134
VARDHACRLC,2022-11-10 00:00:00+05:30,52.75,53.3,52.05,52.2,29586
VARDHACRLC,2022-11-11 00:00:00+05:30,53.65,53.65,52.05,52.5,34074
VARDHACRLC,2022-11-14 00:00:00+05:30,53.4,53.4,51.8,52.05,32702
VARDHACRLC,2022-11-15 00:00:00+05:30,53.1,53.1,51.55,51.75,30987
VARDHACRLC,2022-11-16 00:00:00+05:30,51.8,52.6,51.25,51.5,54312
VARDHACRLC,2022-11-17 00:00:00+05:30,51.45,51.8,50.7,51.15,38976
VARDHACRLC,2022-11-18 00:00:00+05:30,51.95,51.95,50.5,50.7,44717
VARDHACRLC,2022-11-21 00:00:00+05:30,50.05,51.5,50.0,50.9,29174
VARDHACRLC,2022-11-22 00:00:00+05:30,50.15,51.65,50.15,50.5,25270
VARDHACRLC,2022-11-23 00:00:00+05:30,50.35,52.5,50.2,52.1,75174
VARDHACRLC,2022-11-24 00:00:00+05:30,51.85,52.5,51.0,51.15,59091
VARDHACRLC,2022-11-25 00:00:00+05:30,51.85,53.25,51.2,52.2,63731
VARDHACRLC,2022-11-28 00:00:00+05:30,52.15,52.75,51.55,52.4,33195
VARDHACRLC,2022-11-29 00:00:00+05:30,52.8,52.8,51.6,51.85,35862
VARDHACRLC,2022-11-30 00:00:00+05:30,52.0,52.35,51.5,51.65,49282
VARDHACRLC,2022-12-01 00:00:00+05:30,51.7,52.65,51.6,51.8,37454
VARDHACRLC,2022-12-02 00:00:00+05:30,52.35,52.35,51.4,51.85,62501
VARDHACRLC,2022-12-05 00:00:00+05:30,52.75,53.0,51.75,52.4,57836
VARDHACRLC,2022-12-06 00:00:00+05:30,52.0,52.8,52.0,52.5,28415
VARDHACRLC,2022-12-07 00:00:00+05:30,52.95,53.15,52.1,52.45,30534
VARDHACRLC,2022-12-08 00:00:00+05:30,52.5,53.1,52.4,52.55,26695
VARDHACRLC,2022-12-09 00:00:00+05:30,53.4,55.7,52.6,53.5,170669
VARDHACRLC,2022-12-12 00:00:00+05:30,53.55,55.35,53.05,54.45,116599
VARDHACRLC,2022-12-13 00:00:00+05:30,54.4,62.0,54.4,59.05,1058628
VARDHACRLC,2022-12-14 00:00:00+05:30,59.05,59.9,55.35,56.55,216761
VARDHACRLC,2022-12-15 00:00:00+05:30,56.95,59.2,56.8,57.55,144834
VARDHACRLC,2022-12-16 00:00:00+05:30,57.4,57.55,54.75,55.2,189185
VARDHACRLC,2022-12-19 00:00:00+05:30,55.8,57.85,55.8,56.7,121774
VARDHACRLC,2022-12-20 00:00:00+05:30,57.1,57.1,55.35,56.3,79908
VARDHACRLC,2022-12-21 00:00:00+05:30,55.6,57.5,54.05,54.3,127838
VARDHACRLC,2022-12-22 00:00:00+05:30,54.0,54.5,51.45,52.1,98034
VARDHACRLC,2022-12-23 00:00:00+05:30,51.1,51.6,50.0,50.35,99075
VARDHACRLC,2022-12-26 00:00:00+05:30,50.3,53.2,50.0,52.5,83874
VARDHACRLC,2022-12-27 00:00:00+05:30,51.85,53.9,51.85,53.25,37774
VARDHACRLC,2022-12-28 00:00:00+05:30,53.4,55.2,52.2,54.45,101575
VARDHACRLC,2022-12-29 00:00:00+05:30,54.45,54.45,52.9,53.25,46002
VARDHACRLC,2022-12-30 00:00:00+05:30,53.3,55.85,53.3,55.1,66182
VARDHACRLC,2023-01-02 00:00:00+05:30,55.9,56.6,54.55,55.45,384739
VARDHACRLC,2023-01-03 00:00:00+05:30,55.3,56.3,54.7,55.1,50952
VARDHACRLC,2023-01-04 00:00:00+05:30,55.1,55.25,53.75,54.1,116456
VARDHACRLC,2023-01-05 00:00:00+05:30,54.95,54.95,53.15,53.6,61780
VARDHACRLC,2023-01-06 00:00:00+05:30,54.3,54.8,53.25,54.2,89891
VARDHACRLC,2023-01-09 00:00:00+05:30,54.9,55.9,52.5,53.2,112599
VARDHACRLC,2023-01-10 00:00:00+05:30,53.8,54.0,52.95,53.45,212779
VARDHACRLC,2023-01-11 00:00:00+05:30,53.9,54.0,53.3,53.5,146139
VARDHACRLC,2023-01-12 00:00:00+05:30,53.9,53.9,52.5,52.75,87624
VARDHACRLC,2023-01-13 00:00:00+05:30,53.65,53.8,52.8,53.1,140081
VARDHACRLC,2023-01-16 00:00:00+05:30,54.2,54.2,53.1,53.5,72804
VARDHACRLC,2023-01-17 00:00:00+05:30,54.2,54.2,53.0,53.15,38924
VARDHACRLC,2023-01-18 00:00:00+05:30,53.65,53.65,52.7,53.3,73914
VARDHACRLC,2023-01-19 00:00:00+05:30,53.3,53.4,51.75,51.95,52054
VARDHACRLC,2023-01-20 00:00:00+05:30,51.9,52.75,51.2,52.3,38195
VARDHACRLC,2023-01-23 00:00:00+05:30,52.7,52.75,52.0,52.45,22614
VARDHACRLC,2023-01-24 00:00:00+05:30,52.9,53.25,52.05,52.65,27014
VARDHACRLC,2023-01-25 00:00:00+05:30,52.75,53.0,51.1,51.9,42095
VARDHACRLC,2023-01-27 00:00:00+05:30,51.6,51.75,49.5,50.35,58224
VARDHACRLC,2023-01-30 00:00:00+05:30,50.35,51.7,49.8,50.55,40210
VARDHACRLC,2023-01-31 00:00:00+05:30,51.4,52.5,50.2,51.95,28688
VARDHACRLC,2023-02-01 00:00:00+05:30,52.75,52.75,50.25,50.9,32010
VARDHACRLC,2023-02-02 00:00:00+05:30,50.9,51.8,50.05,50.5,24319
VARDHACRLC,2023-02-03 00:00:00+05:30,51.45,51.45,49.0,49.55,42483
VARDHACRLC,2023-02-06 00:00:00+05:30,48.9,50.5,48.75,50.05,20723
VARDHACRLC,2023-02-07 00:00:00+05:30,50.9,50.9,49.4,50.1,20390
VARDHACRLC,2023-02-08 00:00:00+05:30,50.9,50.9,49.55,50.15,15442
VARDHACRLC,2023-02-09 00:00:00+05:30,50.8,51.55,49.9,50.65,31451
VARDHACRLC,2023-02-10 00:00:00+05:30,49.6,51.5,49.3,50.8,26196
VARDHACRLC,2023-02-13 00:00:00+05:30,51.35,51.35,49.75,50.4,29784
VARDHACRLC,2023-02-14 00:00:00+05:30,50.0,50.25,49.6,49.95,14652
VARDHACRLC,2023-02-15 00:00:00+05:30,49.45,50.75,49.45,49.9,11956
VARDHACRLC,2023-02-16 00:00:00+05:30,50.0,50.45,49.75,50.1,30595
VARDHACRLC,2023-02-17 00:00:00+05:30,49.65,52.35,49.65,51.0,63592
VARDHACRLC,2023-02-20 00:00:00+05:30,51.05,51.85,50.0,50.3,11139
VARDHACRLC,2023-02-21 00:00:00+05:30,51.25,51.25,50.1,50.2,14525
VARDHACRLC,2023-02-22 00:00:00+05:30,50.1,50.55,49.75,49.9,11837
VARDHACRLC,2023-02-23 00:00:00+05:30,49.9,50.0,49.0,49.15,32833
VARDHACRLC,2023-02-24 00:00:00+05:30,49.95,50.0,49.0,49.45,16190
VARDHACRLC,2023-02-27 00:00:00+05:30,49.45,49.95,48.05,49.05,27091
VARDHACRLC,2023-02-28 00:00:00+05:30,49.1,49.4,47.75,48.2,25223
VARDHACRLC,2023-03-01 00:00:00+05:30,49.05,49.45,48.4,49.25,19270
VARDHACRLC,2023-03-02 00:00:00+05:30,49.8,50.0,48.65,49.3,24886
VARDHACRLC,2023-03-03 00:00:00+05:30,49.35,49.95,49.0,49.4,31131
VARDHACRLC,2023-03-06 00:00:00+05:30,49.4,49.95,49.2,49.35,13894
VARDHACRLC,2023-03-08 00:00:00+05:30,49.0,49.8,48.2,49.4,32795
VARDHACRLC,2023-03-09 00:00:00+05:30,50.0,50.0,49.0,49.45,22680
VARDHACRLC,2023-03-10 00:00:00+05:30,49.35,49.35,48.55,48.85,128664
VARDHACRLC,2023-03-13 00:00:00+05:30,48.85,49.5,47.05,47.6,39343
VARDHACRLC,2023-03-14 00:00:00+05:30,48.5,48.7,46.9,47.15,31112
VARDHACRLC,2023-03-15 00:00:00+05:30,47.5,48.2,46.9,47.5,17407
VARDHACRLC,2023-03-16 00:00:00+05:30,47.5,48.0,45.95,47.55,110166
VARDHACRLC,2023-03-17 00:00:00+05:30,47.55,48.75,47.55,48.05,29133
VARDHACRLC,2023-03-20 00:00:00+05:30,48.0,48.05,46.1,47.65,44736
VARDHACRLC,2023-03-21 00:00:00+05:30,48.5,48.5,47.2,47.6,33033
VARDHACRLC,2023-03-22 00:00:00+05:30,47.95,48.75,47.35,47.9,31342
VARDHACRLC,2023-03-23 00:00:00+05:30,48.5,48.5,47.0,47.1,18370
VARDHACRLC,2023-03-24 00:00:00+05:30,47.7,47.85,46.55,46.75,28767
VARDHACRLC,2023-03-27 00:00:00+05:30,46.55,47.5,43.3,44.4,98125
VARDHACRLC,2023-03-28 00:00:00+05:30,45.0,45.25,43.65,44.1,82783
VARDHACRLC,2023-03-29 00:00:00+05:30,44.8,45.45,44.25,44.45,35252
VARDHACRLC,2023-03-31 00:00:00+05:30,44.9,45.75,43.0,43.5,94774
VARDHACRLC,2023-04-03 00:00:00+05:30,44.8,46.3,44.05,46.05,36047
VARDHACRLC,2023-04-05 00:00:00+05:30,47.0,47.65,46.0,47.0,36693
VARDHACRLC,2023-04-06 00:00:00+05:30,47.0,50.35,46.7,49.05,92798
VARDHACRLC,2023-04-10 00:00:00+05:30,49.25,50.75,49.1,49.35,95377
VARDHACRLC,2023-04-11 00:00:00+05:30,50.4,50.4,48.0,48.1,65026
VARDHACRLC,2023-04-12 00:00:00+05:30,49.55,49.55,48.2,48.5,21548
VARDHACRLC,2023-04-13 00:00:00+05:30,49.7,49.7,48.0,49.3,82471
VARDHACRLC,2023-04-17 00:00:00+05:30,50.65,50.65,48.25,48.65,31648
VARDHACRLC,2023-04-18 00:00:00+05:30,49.45,49.5,48.15,48.55,29184
VARDHACRLC,2023-04-19 00:00:00+05:30,48.05,49.0,48.0,48.95,27128
VARDHACRLC,2023-04-20 00:00:00+05:30,49.5,49.5,48.65,48.85,12741
VARDHACRLC,2023-04-21 00:00:00+05:30,48.85,49.6,48.35,48.65,16956
VARDHACRLC,2023-04-24 00:00:00+05:30,49.1,49.5,48.5,48.8,15264
VARDHACRLC,2023-04-25 00:00:00+05:30,48.5,49.9,48.5,49.6,37228
VARDHACRLC,2023-04-26 00:00:00+05:30,49.6,50.0,48.2,49.85,61995
VARDHACRLC,2023-04-27 00:00:00+05:30,50.4,53.3,49.8,52.15,183301
VARDHACRLC,2023-04-28 00:00:00+05:30,52.95,54.3,51.25,51.65,169350
VARDHACRLC,2023-05-02 00:00:00+05:30,51.0,52.0,50.7,51.1,55072
VARDHACRLC,2023-05-03 00:00:00+05:30,50.55,51.3,50.25,50.4,37038
VARDHACRLC,2023-05-04 00:00:00+05:30,50.4,51.8,50.4,51.45,57219
VARDHACRLC,2023-05-05 00:00:00+05:30,52.0,52.0,50.6,50.75,25418
VARDHACRLC,2023-05-08 00:00:00+05:30,51.75,51.75,48.15,49.2,62093
VARDHACRLC,2023-05-09 00:00:00+05:30,49.2,50.45,49.2,49.6,58224
VARDHACRLC,2023-05-10 00:00:00+05:30,50.0,50.1,48.5,49.0,70931
VARDHACRLC,2023-05-11 00:00:00+05:30,49.2,49.9,48.65,48.8,30597
VARDHACRLC,2023-05-12 00:00:00+05:30,48.9,49.15,48.35,48.9,48011
VARDHACRLC,2023-05-15 00:00:00+05:30,49.0,49.45,48.65,48.8,58618
VARDHACRLC,2023-05-16 00:00:00+05:30,49.5,49.75,49.0,49.35,67512
VARDHACRLC,2023-05-17 00:00:00+05:30,49.75,49.75,48.55,48.95,22253
VARDHACRLC,2023-05-18 00:00:00+05:30,48.95,49.3,48.75,48.85,12497
VARDHACRLC,2023-05-19 00:00:00+05:30,48.85,49.2,48.3,48.5,32279
VARDHACRLC,2023-05-22 00:00:00+05:30,48.25,49.0,48.25,48.65,28216
VARDHACRLC,2023-05-23 00:00:00+05:30,49.0,49.0,48.0,48.5,25185
VARDHACRLC,2023-05-24 00:00:00+05:30,48.9,49.0,48.2,48.5,25447
VARDHACRLC,2023-05-25 00:00:00+05:30,49.0,50.9,48.55,49.8,84092
VARDHACRLC,2023-05-26 00:00:00+05:30,49.15,50.4,49.15,49.75,29117
VARDHACRLC,2023-05-29 00:00:00+05:30,50.2,50.95,48.75,48.9,32030
VARDHACRLC,2023-05-30 00:00:00+05:30,48.7,49.4,48.6,49.2,22074
VARDHACRLC,2023-05-31 00:00:00+05:30,50.0,50.0,49.0,49.65,18144
VARDHACRLC,2023-06-01 00:00:00+05:30,50.45,50.45,49.1,49.2,26670
VARDHACRLC,2023-06-02 00:00:00+05:30,49.95,50.4,49.2,49.95,36473
VARDHACRLC,2023-06-05 00:00:00+05:30,50.45,50.6,49.1,49.8,48800
VARDHACRLC,2023-06-06 00:00:00+05:30,50.4,58.8,49.65,56.45,857382
VARDHACRLC,2023-06-07 00:00:00+05:30,56.85,57.45,53.65,54.25,223895
VARDHACRLC,2023-06-08 00:00:00+05:30,54.25,55.8,54.25,54.75,126352
VARDHACRLC,2023-06-09 00:00:00+05:30,54.75,55.6,54.25,54.35,69146
VARDHACRLC,2023-06-12 00:00:00+05:30,54.35,55.5,54.05,54.3,53888
VARDHACRLC,2023-06-13 00:00:00+05:30,54.3,56.0,54.0,54.85,88222
VARDHACRLC,2023-06-14 00:00:00+05:30,55.5,55.5,53.1,53.15,59680
VARDHACRLC,2023-06-15 00:00:00+05:30,52.7,54.55,52.7,53.05,61437
VARDHACRLC,2023-06-16 00:00:00+05:30,54.5,54.55,53.05,53.6,80775
VARDHACRLC,2023-06-19 00:00:00+05:30,53.6,54.65,53.6,53.95,51944
VARDHACRLC,2023-06-20 00:00:00+05:30,53.65,57.3,53.3,55.4,215732
VARDHACRLC,2023-06-21 00:00:00+05:30,54.55,56.1,54.55,55.35,67072
VARDHACRLC,2023-06-22 00:00:00+05:30,55.35,56.2,54.3,54.4,94259
VARDHACRLC,2023-06-23 00:00:00+05:30,54.5,54.9,53.1,53.55,51029
VARDHACRLC,2023-06-26 00:00:00+05:30,52.7,53.55,52.65,52.95,32543
VARDHACRLC,2023-06-27 00:00:00+05:30,53.6,54.25,53.05,53.85,70487
VARDHACRLC,2023-06-28 00:00:00+05:30,54.5,54.6,53.7,54.2,48767
VARDHACRLC,2023-06-30 00:00:00+05:30,53.65,55.0,53.2,54.4,54771
VARDHACRLC,2023-07-03 00:00:00+05:30,54.6,56.0,53.5,53.95,77532
VARDHACRLC,2023-07-04 00:00:00+05:30,54.05,54.55,52.3,52.7,102524
VARDHACRLC,2023-07-05 00:00:00+05:30,53.65,55.5,53.0,54.5,89021
VARDHACRLC,2023-07-06 00:00:00+05:30,56.8,58.25,55.7,56.5,419784
VARDHACRLC,2023-07-07 00:00:00+05:30,57.4,57.4,55.5,56.0,124526
VARDHACRLC,2023-07-10 00:00:00+05:30,55.1,56.0,54.05,54.15,84876
VARDHACRLC,2023-07-11 00:00:00+05:30,53.75,54.7,53.75,54.25,42776
VARDHACRLC,2023-07-12 00:00:00+05:30,54.95,54.95,54.0,54.3,39172
VARDHACRLC,2023-07-13 00:00:00+05:30,54.25,55.1,53.25,53.7,57796
VARDHACRLC,2023-07-14 00:00:00+05:30,54.5,54.5,52.2,53.25,51512
VARDHACRLC,2023-07-17 00:00:00+05:30,54.1,54.1,52.9,53.05,76970
VARDHACRLC,2023-07-18 00:00:00+05:30,53.8,53.9,52.95,53.15,42629
VARDHACRLC,2023-07-19 00:00:00+05:30,53.35,54.45,53.0,53.95,68896
VARDHACRLC,2023-07-20 00:00:00+05:30,53.95,54.9,53.35,53.7,58072
VARDHACRLC,2023-07-21 00:00:00+05:30,54.15,54.9,53.75,54.2,41304
VARDHACRLC,2023-07-24 00:00:00+05:30,54.4,54.4,53.25,53.35,38499
VARDHACRLC,2023-07-25 00:00:00+05:30,53.35,54.25,52.75,52.9,40711
VARDHACRLC,2023-07-26 00:00:00+05:30,53.9,54.0,52.95,53.25,40724
VARDHACRLC,2023-07-27 00:00:00+05:30,54.0,54.0,53.05,53.1,29666
VARDHACRLC,2023-07-28 00:00:00+05:30,53.65,53.7,52.7,53.0,27530
VARDHACRLC,2023-07-31 00:00:00+05:30,54.0,55.95,53.1,54.65,149666
VARDHACRLC,2023-08-01 00:00:00+05:30,55.0,57.5,53.75,56.3,561904
VARDHACRLC,2023-08-02 00:00:00+05:30,55.7,55.7,53.65,54.1,141569
VARDHACRLC,2023-08-03 00:00:00+05:30,53.6,55.0,53.5,53.7,61039
VARDHACRLC,2023-08-04 00:00:00+05:30,54.9,54.9,53.35,53.9,70220
VARDHACRLC,2023-08-07 00:00:00+05:30,54.0,54.9,53.55,53.75,61737
VARDHACRLC,2023-08-08 00:00:00+05:30,54.55,54.55,53.25,53.45,39182
VARDHACRLC,2023-08-09 00:00:00+05:30,53.55,54.1,53.15,53.6,31664
VARDHACRLC,2023-08-10 00:00:00+05:30,54.5,54.5,53.05,53.1,44799
VARDHACRLC,2023-08-11 00:00:00+05:30,53.65,53.65,52.65,52.95,51833
VARDHACRLC,2023-08-14 00:00:00+05:30,53.5,53.5,51.5,51.7,68267
VARDHACRLC,2023-08-16 00:00:00+05:30,52.5,52.5,51.05,51.5,30739
VARDHACRLC,2023-08-17 00:00:00+05:30,51.0,52.0,50.8,50.95,37921
VARDHACRLC,2023-08-18 00:00:00+05:30,51.0,51.85,50.8,51.2,30237
VARDHACRLC,2023-08-21 00:00:00+05:30,50.65,51.95,50.5,51.5,45672
VARDHACRLC,2023-08-22 00:00:00+05:30,52.0,52.2,51.4,51.7,42201
VARDHACRLC,2023-08-23 00:00:00+05:30,51.2,52.8,51.2,51.95,50150
VARDHACRLC,2023-08-24 00:00:00+05:30,52.0,53.85,51.0,53.0,97728
VARDHACRLC,2023-08-25 00:00:00+05:30,52.4,53.9,52.15,52.7,39537
VARDHACRLC,2023-08-28 00:00:00+05:30,52.75,54.1,52.55,52.85,46345
VARDHACRLC,2023-08-29 00:00:00+05:30,53.9,56.75,52.85,55.85,556122
VARDHACRLC,2023-08-30 00:00:00+05:30,56.7,57.4,55.95,56.15,340360
VARDHACRLC,2023-08-31 00:00:00+05:30,57.95,57.95,56.7,57.05,175911
VARDHACRLC,2023-09-01 00:00:00+05:30,57.2,57.6,56.55,56.95,149726
VARDHACRLC,2023-09-04 00:00:00+05:30,57.0,57.6,54.9,55.15,177259
VARDHACRLC,2023-09-05 00:00:00+05:30,56.75,57.15,55.65,56.85,125989
VARDHACRLC,2023-09-06 00:00:00+05:30,57.95,57.95,55.1,55.6,129856
VARDHACRLC,2023-09-07 00:00:00+05:30,56.25,57.0,55.6,56.55,113472
VARDHACRLC,2023-09-08 00:00:00+05:30,56.6,57.5,56.5,56.6,91725
VARDHACRLC,2023-09-11 00:00:00+05:30,57.05,57.6,56.6,57.15,76134
VARDHACRLC,2023-09-12 00:00:00+05:30,57.2,59.65,56.0,56.95,259211
VARDHACRLC,2023-09-13 00:00:00+05:30,56.95,57.6,54.6,55.95,84014
VARDHACRLC,2023-09-14 00:00:00+05:30,56.95,56.95,55.4,55.65,48735
VARDHACRLC,2023-09-15 00:00:00+05:30,55.5,56.2,54.75,54.95,74796
VARDHACRLC,2023-09-18 00:00:00+05:30,54.95,55.6,54.45,55.2,43667
VARDHACRLC,2023-09-20 00:00:00+05:30,55.3,55.35,53.25,53.55,47470
VARDHACRLC,2023-09-21 00:00:00+05:30,53.0,54.7,53.0,53.8,35034
VARDHACRLC,2023-09-22 00:00:00+05:30,54.85,54.85,53.1,53.4,36353
VARDHACRLC,2023-09-25 00:00:00+05:30,53.4,54.5,52.5,53.15,49077
VARDHACRLC,2023-09-26 00:00:00+05:30,53.2,53.9,53.05,53.2,21641
VARDHACRLC,2023-09-27 00:00:00+05:30,54.2,54.2,52.4,52.8,45889
VARDHACRLC,2023-09-28 00:00:00+05:30,53.3,53.5,52.45,52.85,33291
VARDHACRLC,2023-09-29 00:00:00+05:30,53.15,54.95,52.7,53.65,72280
VARDHACRLC,2023-10-03 00:00:00+05:30,54.5,54.5,53.25,53.4,46503
VARDHACRLC,2023-10-04 00:00:00+05:30,53.25,53.55,52.35,53.05,28647
VARDHACRLC,2023-10-05 00:00:00+05:30,53.3,53.85,52.9,53.1,35827
VARDHACRLC,2023-10-06 00:00:00+05:30,52.2,55.0,52.2,54.05,111670
VARDHACRLC,2023-10-09 00:00:00+05:30,53.1,53.75,52.45,52.75,38509
VARDHACRLC,2023-10-10 00:00:00+05:30,52.2,54.45,52.2,53.5,66767
VARDHACRLC,2023-10-11 00:00:00+05:30,53.0,55.0,53.0,53.85,81586
VARDHACRLC,2023-10-12 00:00:00+05:30,53.5,54.85,53.5,53.65,49729
VARDHACRLC,2023-10-13 00:00:00+05:30,53.95,61.0,53.7,59.7,1083453
VARDHACRLC,2023-10-16 00:00:00+05:30,59.7,61.5,59.7,60.85,711677
VARDHACRLC,2023-10-17 00:00:00+05:30,61.9,61.9,57.85,58.55,200147
VARDHACRLC,2023-10-18 00:00:00+05:30,59.35,59.7,56.25,57.5,137775
VARDHACRLC,2023-10-19 00:00:00+05:30,57.95,58.9,57.6,58.3,97044
VARDHACRLC,2023-10-20 00:00:00+05:30,59.3,59.3,56.5,56.8,83950
VARDHACRLC,2023-10-23 00:00:00+05:30,57.85,57.9,52.75,53.35,106976
VARDHACRLC,2023-10-25 00:00:00+05:30,54.15,55.45,52.4,53.05,114684
VARDHACRLC,2023-10-26 00:00:00+05:30,53.75,53.75,51.0,52.85,77044
VARDHACRLC,2023-10-27 00:00:00+05:30,53.0,55.0,53.0,54.25,103096
VARDHACRLC,2023-10-30 00:00:00+05:30,55.5,57.7,54.0,54.25,127516
VARDHACRLC,2023-10-31 00:00:00+05:30,54.5,55.6,54.05,54.3,64891
VARDHACRLC,2023-11-01 00:00:00+05:30,54.35,55.3,53.8,54.15,70028
VARDHACRLC,2023-11-02 00:00:00+05:30,55.8,55.8,54.0,54.6,42146
VARDHACRLC,2023-11-03 00:00:00+05:30,55.5,55.55,54.2,54.4,28141
VARDHACRLC,2023-11-06 00:00:00+05:30,55.4,55.4,54.6,54.95,29577
VARDHACRLC,2023-11-07 00:00:00+05:30,55.05,55.05,54.15,54.6,33702
VARDHACRLC,2023-11-08 00:00:00+05:30,54.7,56.55,54.4,54.9,61681
VARDHACRLC,2023-11-09 00:00:00+05:30,55.9,55.9,54.2,54.8,47779
VARDHACRLC,2023-11-10 00:00:00+05:30,54.8,55.8,54.25,54.45,41619
VARDHACRLC,2023-11-12 00:00:00+05:30,54.4,55.35,54.2,54.65,18885
VARDHACRLC,2023-11-13 00:00:00+05:30,55.55,55.55,54.55,54.8,52697
VARDHACRLC,2023-11-15 00:00:00+05:30,54.8,56.1,54.7,55.2,100149
VARDHACRLC,2023-11-16 00:00:00+05:30,55.85,55.85,54.55,54.65,68718
VARDHACRLC,2023-11-17 00:00:00+05:30,54.95,54.95,54.0,54.1,54832
VARDHACRLC,2023-11-20 00:00:00+05:30,54.2,54.85,53.3,53.6,75545
VARDHACRLC,2023-11-21 00:00:00+05:30,54.0,54.3,53.45,53.75,53533
VARDHACRLC,2023-11-22 00:00:00+05:30,53.95,55.8,53.55,55.05,147760
VARDHACRLC,2023-11-23 00:00:00+05:30,56.5,60.95,56.0,58.4,528711
VARDHACRLC,2023-11-24 00:00:00+05:30,58.5,59.4,57.1,57.95,110565
VARDHACRLC,2023-11-28 00:00:00+05:30,59.0,59.4,57.5,58.75,185701
VARDHACRLC,2023-11-29 00:00:00+05:30,59.4,59.8,58.0,58.15,260654
VARDHACRLC,2023-11-30 00:00:00+05:30,58.2,58.6,57.1,57.35,54113
VARDHACRLC,2023-12-01 00:00:00+05:30,57.35,57.8,56.15,56.3,104877
VARDHACRLC,2023-12-04 00:00:00+05:30,56.95,57.35,55.9,56.05,58928
VARDHACRLC,2023-12-05 00:00:00+05:30,56.05,56.8,55.7,56.25,52078
VARDHACRLC,2023-12-06 00:00:00+05:30,56.95,57.3,55.75,56.1,55063
VARDHACRLC,2023-12-07 00:00:00+05:30,55.5,56.1,55.4,55.6,42044
VARDHACRLC,2023-12-08 00:00:00+05:30,55.4,58.45,55.4,58.15,262064
VARDHACRLC,2023-12-11 00:00:00+05:30,59.2,63.95,58.85,63.45,1343321
VARDHACRLC,2023-12-12 00:00:00+05:30,64.45,68.1,64.05,64.85,1341490
VARDHACRLC,2023-12-13 00:00:00+05:30,65.65,65.65,61.95,63.15,380826
VARDHACRLC,2023-12-14 00:00:00+05:30,64.0,65.8,62.2,63.15,339228
VARDHACRLC,2023-12-15 00:00:00+05:30,63.0,63.45,60.9,61.5,191491
VARDHACRLC,2023-12-18 00:00:00+05:30,61.5,62.8,60.75,61.45,115735
VARDHACRLC,2023-12-19 00:00:00+05:30,62.35,62.5,61.1,61.9,74915
VARDHACRLC,2023-12-20 00:00:00+05:30,62.85,62.85,56.95,57.55,213122
VARDHACRLC,2023-12-21 00:00:00+05:30,58.85,59.6,57.8,59.4,114398
VARDHACRLC,2023-12-22 00:00:00+05:30,60.3,61.45,57.9,59.25,152445
VARDHACRLC,2023-12-26 00:00:00+05:30,59.2,60.5,59.05,60.15,65711
VARDHACRLC,2023-12-27 00:00:00+05:30,60.95,61.95,59.25,59.65,161071
VARDHACRLC,2023-12-28 00:00:00+05:30,59.4,60.25,59.15,59.85,71357
VARDHACRLC,2023-12-29 00:00:00+05:30,59.15,60.3,59.0,59.35,50695
VARDHACRLC,2024-01-01 00:00:00+05:30,60.0,63.0,58.65,61.2,287292
VARDHACRLC,2024-01-02 00:00:00+05:30,62.95,62.95,60.25,61.3,64391
VARDHACRLC,2024-01-03 00:00:00+05:30,60.5,62.85,60.5,61.3,123552
VARDHACRLC,2024-01-04 00:00:00+05:30,60.55,62.5,60.55,61.5,97756
VARDHACRLC,2024-01-05 00:00:00+05:30,61.95,62.5,59.65,60.7,116126
VARDHACRLC,2024-01-08 00:00:00+05:30,61.5,62.4,60.1,61.55,134349
VARDHACRLC,2024-01-09 00:00:00+05:30,62.0,68.45,62.0,67.3,1589686
VARDHACRLC,2024-01-10 00:00:00+05:30,70.0,74.9,69.7,71.7,3125715
VARDHACRLC,2024-01-11 00:00:00+05:30,72.0,72.15,67.4,68.85,553066
VARDHACRLC,2024-01-12 00:00:00+05:30,69.5,71.0,68.0,68.45,332901
VARDHACRLC,2024-01-15 00:00:00+05:30,68.6,69.7,66.45,67.3,272248
VARDHACRLC,2024-01-16 00:00:00+05:30,68.55,68.55,64.6,66.05,222903
VARDHACRLC,2024-01-17 00:00:00+05:30,66.0,67.0,63.3,64.2,284114
VARDHACRLC,2024-01-18 00:00:00+05:30,64.0,65.3,62.35,64.25,140564
VARDHACRLC,2024-01-19 00:00:00+05:30,64.35,66.0,64.25,65.45,173484
VARDHACRLC,2024-01-20 00:00:00+05:30,66.1,66.1,62.7,63.8,246579
VARDHACRLC,2024-01-23 00:00:00+05:30,63.2,64.5,61.1,61.6,201845
VARDHACRLC,2024-01-24 00:00:00+05:30,61.05,63.3,61.05,62.45,117706
VARDHACRLC,2024-01-25 00:00:00+05:30,62.6,64.2,62.6,62.9,96028
VARDHACRLC,2024-01-29 00:00:00+05:30,63.0,67.5,62.8,66.75,386153
VARDHACRLC,2024-01-30 00:00:00+05:30,67.75,68.0,64.3,64.75,210499
VARDHACRLC,2024-01-31 00:00:00+05:30,65.7,65.95,64.1,64.4,115968
VARDHACRLC,2024-02-01 00:00:00+05:30,65.25,65.25,63.25,63.55,73178
VARDHACRLC,2024-02-02 00:00:00+05:30,64.5,68.9,63.3,65.4,451944
VARDHACRLC,2024-02-05 00:00:00+05:30,65.0,66.8,64.7,65.3,131839
VARDHACRLC,2024-02-06 00:00:00+05:30,65.65,68.3,65.65,67.25,365839
VARDHACRLC,2024-02-07 00:00:00+05:30,67.0,73.45,67.0,72.1,1767754
VARDHACRLC,2024-02-08 00:00:00+05:30,73.7,74.0,71.3,71.85,806869
VARDHACRLC,2024-02-09 00:00:00+05:30,72.7,72.9,66.1,68.9,470658
VARDHACRLC,2024-02-12 00:00:00+05:30,68.0,68.7,64.2,65.4,559080
VARDHACRLC,2024-02-13 00:00:00+05:30,65.7,66.05,62.1,64.5,248734
VARDHACRLC,2024-02-14 00:00:00+05:30,63.2,68.0,63.2,65.95,187777
VARDHACRLC,2024-02-15 00:00:00+05:30,66.95,69.95,66.1,69.65,402682
VARDHACRLC,2024-02-16 00:00:00+05:30,70.7,72.5,68.7,70.0,438307
VARDHACRLC,2024-02-19 00:00:00+05:30,70.95,72.6,70.2,70.8,182207
VARDHACRLC,2024-02-20 00:00:00+05:30,71.5,71.5,68.6,69.95,191856
VARDHACRLC,2024-02-21 00:00:00+05:30,69.2,71.5,67.35,68.55,174497
VARDHACRLC,2024-02-22 00:00:00+05:30,69.4,69.4,67.05,68.0,87769
VARDHACRLC,2024-02-23 00:00:00+05:30,68.7,68.7,66.6,67.3,149701
VARDHACRLC,2024-02-26 00:00:00+05:30,68.0,70.0,66.65,67.85,352905
VARDHACRLC,2024-02-27 00:00:00+05:30,68.2,68.4,65.5,65.8,105354
VARDHACRLC,2024-02-28 00:00:00+05:30,65.55,66.2,62.7,63.2,188096
VARDHACRLC,2024-02-29 00:00:00+05:30,63.15,64.5,61.7,63.0,108761
VARDHACRLC,2024-03-01 00:00:00+05:30,64.0,64.8,61.55,62.0,172736
VARDHACRLC,2024-03-02 00:00:00+05:30,62.15,64.7,62.15,63.8,26498
VARDHACRLC,2024-03-04 00:00:00+05:30,63.5,65.0,61.4,62.7,311505
VARDHACRLC,2024-03-05 00:00:00+05:30,62.75,63.35,62.05,62.3,44883
VARDHACRLC,2024-03-06 00:00:00+05:30,62.5,62.75,60.4,60.85,79838
VARDHACRLC,2024-03-07 00:00:00+05:30,61.5,62.85,60.9,62.15,81311
VARDHACRLC,2024-03-11 00:00:00+05:30,62.8,62.8,59.65,59.8,107742
VARDHACRLC,2024-03-12 00:00:00+05:30,59.7,60.1,56.55,57.55,98422
VARDHACRLC,2024-03-13 00:00:00+05:30,57.35,58.0,50.0,51.8,264147
VARDHACRLC,2024-03-14 00:00:00+05:30,51.05,56.0,51.05,55.05,102442
VARDHACRLC,2024-03-15 00:00:00+05:30,55.55,56.35,53.5,55.05,101190
VARDHACRLC,2024-03-18 00:00:00+05:30,54.3,55.9,54.0,54.65,42548
VARDHACRLC,2024-03-19 00:00:00+05:30,55.7,56.25,53.25,54.4,138900
VARDHACRLC,2024-03-20 00:00:00+05:30,54.6,55.65,53.5,53.85,65031
VARDHACRLC,2024-03-21 00:00:00+05:30,55.75,55.75,54.4,55.1,54753
VARDHACRLC,2024-03-22 00:00:00+05:30,54.8,56.35,54.5,55.15,66064
VARDHACRLC,2024-03-26 00:00:00+05:30,55.15,55.15,52.85,53.1,103686
VARDHACRLC,2024-03-27 00:00:00+05:30,53.2,54.3,52.05,52.45,152883
VARDHACRLC,2024-03-28 00:00:00+05:30,52.8,53.0,50.15,51.0,217361
VARDHACRLC,2024-04-01 00:00:00+05:30,52.0,56.4,52.0,55.55,89772
VARDHACRLC,2024-04-02 00:00:00+05:30,56.0,56.0,54.45,55.7,66044
VARDHACRLC,2024-04-03 00:00:00+05:30,55.6,57.3,55.4,56.85,104215
VARDHACRLC,2024-04-04 00:00:00+05:30,57.9,57.9,56.5,57.05,58464
VARDHACRLC,2024-04-05 00:00:00+05:30,57.6,57.85,56.1,57.45,48285
VARDHACRLC,2024-04-08 00:00:00+05:30,57.05,58.3,56.0,56.4,56129
VARDHACRLC,2024-04-09 00:00:00+05:30,56.9,57.6,56.2,57.0,74168
VARDHACRLC,2024-04-10 00:00:00+05:30,57.5,58.65,56.25,58.35,59482
VARDHACRLC,2024-04-12 00:00:00+05:30,58.35,58.35,56.7,57.05,125558
VARDHACRLC,2024-04-15 00:00:00+05:30,54.6,55.95,54.0,55.15,89380
VARDHACRLC,2024-04-16 00:00:00+05:30,55.05,57.5,55.05,56.85,61545
VARDHACRLC,2024-04-18 00:00:00+05:30,56.9,57.3,56.1,56.1,80100
VARDHACRLC,2024-04-19 00:00:00+05:30,56.0,56.1,54.6,55.4,54729
VARDHACRLC,2024-04-22 00:00:00+05:30,56.95,56.95,55.55,56.15,51823
VARDHACRLC,2024-04-23 00:00:00+05:30,55.7,58.4,55.7,58.05,95212
VARDHACRLC,2024-04-24 00:00:00+05:30,58.05,58.65,56.7,57.55,55886
VARDHACRLC,2024-04-25 00:00:00+05:30,57.3,58.0,57.3,57.7,28796
VARDHACRLC,2024-04-26 00:00:00+05:30,58.2,58.5,57.4,57.6,26261
VARDHACRLC,2024-04-29 00:00:00+05:30,58.7,58.7,56.5,57.35,50216
VARDHACRLC,2024-04-30 00:00:00+05:30,57.85,57.85,56.85,57.15,44772
VARDHACRLC,2024-05-02 00:00:00+05:30,57.65,58.5,57.3,58.25,72304
VARDHACRLC,2024-05-03 00:00:00+05:30,57.65,58.95,57.3,57.85,89201
VARDHACRLC,2024-05-06 00:00:00+05:30,58.95,58.95,57.15,57.5,58358
VARDHACRLC,2024-05-07 00:00:00+05:30,57.15,58.5,55.05,55.9,76570
VARDHACRLC,2024-05-08 00:00:00+05:30,56.9,56.9,56.0,56.3,27033
VARDHACRLC,2024-05-09 00:00:00+05:30,56.8,56.8,54.7,54.85,51363
VARDHACRLC,2024-05-10 00:00:00+05:30,54.85,55.8,54.0,54.7,23610
VARDHACRLC,2024-05-13 00:00:00+05:30,55.7,55.7,53.6,54.2,26945
VARDHACRLC,2024-05-14 00:00:00+05:30,55.0,57.65,54.3,56.7,69718
VARDHACRLC,2024-05-15 00:00:00+05:30,56.95,57.0,55.0,56.35,53422
VARDHACRLC,2024-05-16 00:00:00+05:30,56.4,56.9,55.3,56.35,38460
VARDHACRLC,2024-05-17 00:00:00+05:30,56.85,56.9,54.55,55.6,52765
VARDHACRLC,2024-05-18 00:00:00+05:30,56.2,57.0,55.6,56.75,9953
VARDHACRLC,2024-05-21 00:00:00+05:30,56.75,57.0,55.6,55.85,96295
VARDHACRLC,2024-05-22 00:00:00+05:30,56.8,56.8,55.5,55.7,35798
VARDHACRLC,2024-05-23 00:00:00+05:30,55.9,56.5,55.35,55.75,24972
VARDHACRLC,2024-05-24 00:00:00+05:30,56.5,56.5,54.75,54.95,44680
VARDHACRLC,2024-05-27 00:00:00+05:30,54.95,55.6,54.55,55.1,40774
VARDHACRLC,2024-05-28 00:00:00+05:30,55.45,55.9,54.3,54.8,27710
VARDHACRLC,2024-05-29 00:00:00+05:30,54.05,55.25,54.05,54.25,25989
VARDHACRLC,2024-05-30 00:00:00+05:30,54.45,54.95,53.85,54.35,29440
VARDHACRLC,2024-05-31 00:00:00+05:30,54.35,56.9,54.35,54.9,71590
VARDHACRLC,2024-06-03 00:00:00+05:30,56.4,56.9,53.45,54.1,56976
VARDHACRLC,2024-06-04 00:00:00+05:30,54.2,54.95,49.9,51.55,107790
VARDHACRLC,2024-06-05 00:00:00+05:30,52.75,53.5,51.45,52.9,47173
VARDHACRLC,2024-06-06 00:00:00+05:30,53.35,54.0,52.4,53.0,59541
VARDHACRLC,2024-06-07 00:00:00+05:30,53.7,54.7,53.2,54.4,38049
VARDHACRLC,2024-06-10 00:00:00+05:30,54.05,56.35,54.05,55.44,64188
VARDHACRLC,2024-06-11 00:00:00+05:30,56.45,56.59,55.0,55.13,48775
VARDHACRLC,2024-06-12 00:00:00+05:30,55.55,56.6,55.32,56.11,49271
VARDHACRLC,2024-06-13 00:00:00+05:30,55.6,56.8,55.6,55.88,32864
VARDHACRLC,2024-06-14 00:00:00+05:30,55.6,56.7,55.15,56.26,44300
VARDHACRLC,2024-06-18 00:00:00+05:30,56.99,56.99,52.15,53.33,210323
VARDHACRLC,2024-06-19 00:00:00+05:30,54.25,55.4,53.87,54.97,74381
VARDHACRLC,2024-06-20 00:00:00+05:30,55.29,56.0,54.1,55.12,71144
VARDHACRLC,2024-06-21 00:00:00+05:30,55.6,55.99,55.21,55.64,34594
VARDHACRLC,2024-06-24 00:00:00+05:30,55.58,56.3,55.05,56.01,40860
VARDHACRLC,2024-06-25 00:00:00+05:30,56.0,56.5,54.56,55.52,78785
VARDHACRLC,2024-06-26 00:00:00+05:30,55.65,56.17,55.1,55.3,33673
VARDHACRLC,2024-06-27 00:00:00+05:30,55.25,56.0,55.02,55.54,37222
VARDHACRLC,2024-06-28 00:00:00+05:30,56.0,56.19,55.06,55.36,54756
VARDHACRLC,2024-07-01 00:00:00+05:30,56.0,56.24,55.0,55.94,52079
VARDHACRLC,2024-07-02 00:00:00+05:30,56.08,56.7,55.61,55.85,79722
VARDHACRLC,2024-07-03 00:00:00+05:30,56.99,56.99,55.5,56.22,66810
VARDHACRLC,2024-07-04 00:00:00+05:30,56.22,63.1,55.87,62.18,679969
VARDHACRLC,2024-07-05 00:00:00+05:30,62.7,62.7,60.31,61.35,261437
VARDHACRLC,2024-07-08 00:00:00+05:30,61.15,61.95,60.02,60.1,87118
VARDHACRLC,2024-07-09 00:00:00+05:30,60.4,62.42,60.06,61.09,183302
VARDHACRLC,2024-07-10 00:00:00+05:30,61.7,61.7,59.42,59.82,129280
VARDHACRLC,2024-07-11 00:00:00+05:30,60.35,62.04,60.0,60.41,98013
VARDHACRLC,2024-07-12 00:00:00+05:30,61.01,61.53,58.27,58.81,144032
VARDHACRLC,2024-07-15 00:00:00+05:30,59.0,68.78,59.0,65.4,916744
VARDHACRLC,2024-07-16 00:00:00+05:30,66.3,69.0,62.41,66.83,1206116
VARDHACRLC,2024-07-18 00:00:00+05:30,66.23,66.98,63.15,63.72,171953
VARDHACRLC,2024-07-19 00:00:00+05:30,63.5,65.0,62.41,63.09,116705
VARDHACRLC,2024-07-22 00:00:00+05:30,61.34,63.99,61.34,63.29,64925
VARDHACRLC,2024-07-23 00:00:00+05:30,63.99,63.99,60.51,61.54,95593
VARDHACRLC,2024-07-24 00:00:00+05:30,61.95,69.3,61.95,64.98,639481
VARDHACRLC,2024-07-25 00:00:00+05:30,65.8,65.86,62.6,63.69,194155
VARDHACRLC,2024-07-26 00:00:00+05:30,63.75,65.25,63.75,63.96,128316
VARDHACRLC,2024-07-29 00:00:00+05:30,64.89,66.4,63.6,64.32,283337
VARDHACRLC,2024-07-30 00:00:00+05:30,64.89,65.1,63.0,63.63,253229
VARDHACRLC,2024-07-31 00:00:00+05:30,64.0,65.98,63.9,64.24,332403
VARDHACRLC,2024-08-01 00:00:00+05:30,64.38,65.8,63.5,63.8,152211
VARDHACRLC,2024-08-02 00:00:00+05:30,62.53,63.43,62.41,63.05,85921
VARDHACRLC,2024-08-05 00:00:00+05:30,61.95,61.96,57.81,59.07,173774
VARDHACRLC,2024-08-06 00:00:00+05:30,59.95,62.0,59.0,59.49,166492
VARDHACRLC,2024-08-07 00:00:00+05:30,60.65,61.48,59.81,61.08,83114
VARDHACRLC,2024-08-08 00:00:00+05:30,61.98,62.49,60.25,60.46,75242
VARDHACRLC,2024-08-09 00:00:00+05:30,61.65,62.0,60.46,60.85,53047
VARDHACRLC,2024-08-12 00:00:00+05:30,60.25,62.0,60.25,61.1,104801
VARDHACRLC,2024-08-13 00:00:00+05:30,61.89,65.0,59.5,60.19,323112
VARDHACRLC,2024-08-14 00:00:00+05:30,60.78,61.35,60.05,60.19,53697
VARDHACRLC,2024-08-16 00:00:00+05:30,61.27,62.63,59.86,60.93,104528
VARDHACRLC,2024-08-19 00:00:00+05:30,61.06,62.5,61.06,61.92,73312
VARDHACRLC,2024-08-20 00:00:00+05:30,61.57,64.4,61.57,63.3,240413
VARDHACRLC,2024-08-21 00:00:00+05:30,63.9,64.5,62.06,62.88,176391
VARDHACRLC,2024-08-22 00:00:00+05:30,62.59,64.0,62.59,63.2,85774
VARDHACRLC,2024-08-23 00:00:00+05:30,63.5,63.86,62.25,62.62,66796
VARDHACRLC,2024-08-26 00:00:00+05:30,63.47,63.68,61.9,62.17,77880
VARDHACRLC,2024-08-27 00:00:00+05:30,62.6,62.66,60.61,61.11,91219
VARDHACRLC,2024-08-28 00:00:00+05:30,61.99,62.99,61.06,61.4,73737
VARDHACRLC,2024-08-29 00:00:00+05:30,61.76,62.01,60.13,61.24,62344
VARDHACRLC,2024-08-30 00:00:00+05:30,61.24,61.87,60.3,60.53,50374
VARDHACRLC,2024-09-02 00:00:00+05:30,61.1,61.29,60.22,60.48,36551
VARDHACRLC,2024-09-03 00:00:00+05:30,60.48,61.45,60.0,60.93,64173
VARDHACRLC,2024-09-04 00:00:00+05:30,60.76,62.25,60.55,61.02,55431
VARDHACRLC,2024-09-05 00:00:00+05:30,61.1,61.79,60.05,61.14,60640
VARDHACRLC,2024-09-06 00:00:00+05:30,61.55,62.49,60.3,61.29,83834
VARDHACRLC,2024-09-09 00:00:00+05:30,61.69,61.69,59.31,59.78,63361
VARDHACRLC,2024-09-10 00:00:00+05:30,60.78,60.78,59.91,60.1,43194
VARDHACRLC,2024-09-11 00:00:00+05:30,60.59,62.0,59.25,59.65,126611
VARDHACRLC,2024-09-12 00:00:00+05:30,60.0,65.1,59.52,61.84,526895
VARDHACRLC,2024-09-13 00:00:00+05:30,62.1,64.4,62.1,62.57,195250
VARDHACRLC,2024-09-16 00:00:00+05:30,63.07,63.28,61.75,61.88,82806
VARDHACRLC,2024-09-17 00:00:00+05:30,61.9,62.31,61.05,61.22,34459
VARDHACRLC,2024-09-18 00:00:00+05:30,61.64,61.97,60.21,60.55,38145
VARDHACRLC,2024-09-19 00:00:00+05:30,60.22,60.92,59.05,59.26,50626
VARDHACRLC,2024-09-20 00:00:00+05:30,59.75,60.71,59.4,59.93,51520
VARDHACRLC,2024-09-23 00:00:00+05:30,60.49,60.59,59.51,60.08,30551
VARDHACRLC,2024-09-24 00:00:00+05:30,60.9,60.97,58.51,59.74,98371
VARDHACRLC,2024-09-25 00:00:00+05:30,59.98,60.15,59.01,59.24,53416
VARDHACRLC,2024-09-26 00:00:00+05:30,59.53,59.67,58.5,59.01,38412
VARDHACRLC,2024-09-27 00:00:00+05:30,59.39,60.71,58.75,59.0,61479
VARDHACRLC,2024-09-30 00:00:00+05:30,60.0,60.5,58.05,59.38,83999
VARDHACRLC,2024-10-01 00:00:00+05:30,59.38,59.76,59.0,59.37,33386
VARDHACRLC,2024-10-03 00:00:00+05:30,58.1,61.8,58.1,61.15,187151
VARDHACRLC,2024-10-04 00:00:00+05:30,61.05,61.75,59.38,59.71,84545
VARDHACRLC,2024-10-07 00:00:00+05:30,59.71,60.2,57.05,57.47,79480
VARDHACRLC,2024-10-08 00:00:00+05:30,57.75,58.38,57.01,57.76,31549
VARDHACRLC,2024-10-09 00:00:00+05:30,58.51,59.5,58.15,58.75,35146
VARDHACRLC,2024-10-10 00:00:00+05:30,59.0,59.5,58.11,58.46,25484
VARDHACRLC,2024-10-11 00:00:00+05:30,58.8,59.02,57.8,58.05,29396
VARDHACRLC,2024-10-14 00:00:00+05:30,58.05,58.93,57.6,58.03,28735
VARDHACRLC,2024-10-15 00:00:00+05:30,58.6,58.6,57.55,57.97,23697
VARDHACRLC,2024-10-16 00:00:00+05:30,57.97,58.6,57.65,58.35,32283
VARDHACRLC,2024-10-17 00:00:00+05:30,58.5,58.5,57.45,57.7,26935
VARDHACRLC,2024-10-18 00:00:00+05:30,57.5,57.5,56.4,56.71,35285
VARDHACRLC,2024-10-21 00:00:00+05:30,57.44,57.68,56.39,56.89,53910
VARDHACRLC,2024-10-22 00:00:00+05:30,57.0,57.21,55.0,55.09,20418
VARDHACRLC,2024-10-23 00:00:00+05:30,55.5,55.5,54.03,54.57,35557
VARDHACRLC,2024-10-24 00:00:00+05:30,55.0,56.66,54.27,56.37,70226
VARDHACRLC,2024-10-25 00:00:00+05:30,56.0,56.0,52.0,53.23,160718
VARDHACRLC,2024-10-28 00:00:00+05:30,51.27,54.23,51.27,52.58,81028
VARDHACRLC,2024-10-29 00:00:00+05:30,54.58,54.58,53.21,54.36,26207
VARDHACRLC,2024-10-30 00:00:00+05:30,54.01,54.84,53.5,54.06,23744
VARDHACRLC,2024-10-31 00:00:00+05:30,54.5,55.39,53.9,54.33,42680
VARDHACRLC,2024-11-01 00:00:00+05:30,54.33,56.75,54.3,54.74,30918
VARDHACRLC,2024-11-04 00:00:00+05:30,55.75,55.93,54.0,54.73,23478
VARDHACRLC,2024-11-05 00:00:00+05:30,55.0,56.61,54.82,55.72,42442
VARDHACRLC,2024-11-06 00:00:00+05:30,55.32,56.45,54.83,55.75,69181
VARDHACRLC,2024-11-07 00:00:00+05:30,56.0,56.5,55.5,56.1,19010
VARDHACRLC,2024-11-08 00:00:00+05:30,55.1,56.65,55.1,55.62,29811
VARDHACRLC,2024-11-11 00:00:00+05:30,56.0,56.05,53.91,54.09,40820
VARDHACRLC,2024-11-12 00:00:00+05:30,55.1,55.1,53.4,53.55,38011
VARDHACRLC,2024-11-13 00:00:00+05:30,52.5,53.75,52.35,52.56,36531
VARDHACRLC,2024-11-14 00:00:00+05:30,53.4,53.45,52.25,52.41,20569
VARDHACRLC,2024-11-18 00:00:00+05:30,52.41,52.92,51.51,51.98,22938
VARDHACRLC,2024-11-19 00:00:00+05:30,52.7,53.0,52.0,52.63,10343
VARDHACRLC,2024-11-21 00:00:00+05:30,52.94,52.94,51.5,51.55,26507
VARDHACRLC,2024-11-22 00:00:00+05:30,52.3,52.4,51.39,52.27,20874
VARDHACRLC,2024-11-25 00:00:00+05:30,53.89,53.89,52.6,52.95,16296
VARDHACRLC,2024-11-26 00:00:00+05:30,53.59,53.59,52.6,52.83,18473
VARDHACRLC,2024-11-27 00:00:00+05:30,53.44,55.39,52.4,54.25,85427
VARDHACRLC,2024-11-28 00:00:00+05:30,54.15,55.25,52.65,53.2,63791
VARDHACRLC,2024-11-29 00:00:00+05:30,53.2,55.6,53.0,54.46,80004
VARDHACRLC,2024-12-02 00:00:00+05:30,55.8,55.8,54.1,54.58,43438
VARDHACRLC,2024-12-03 00:00:00+05:30,54.94,55.45,54.51,54.85,60036
VARDHACRLC,2024-12-04 00:00:00+05:30,56.5,56.5,54.91,55.02,52695
VARDHACRLC,2024-12-05 00:00:00+05:30,56.4,56.4,54.67,54.92,37256
VARDHACRLC,2024-12-06 00:00:00+05:30,55.8,55.8,54.53,55.02,24798
VARDHACRLC,2024-12-09 00:00:00+05:30,55.92,55.92,54.74,54.99,40128
VARDHACRLC,2024-12-10 00:00:00+05:30,55.7,59.79,55.51,58.83,461364
VARDHACRLC,2024-12-11 00:00:00+05:30,59.0,59.21,57.3,58.67,102697
VARDHACRLC,2024-12-12 00:00:00+05:30,59.8,59.8,57.0,57.24,62216
VARDHACRLC,2024-12-13 00:00:00+05:30,57.96,58.06,56.02,57.83,27324
VARDHACRLC,2024-12-16 00:00:00+05:30,58.95,58.95,56.5,57.24,76936
VARDHACRLC,2024-12-17 00:00:00+05:30,57.6,57.97,55.5,55.92,43620
VARDHACRLC,2024-12-18 00:00:00+05:30,56.95,58.5,55.74,57.74,63805
VARDHACRLC,2024-12-19 00:00:00+05:30,55.4,57.0,55.4,56.37,32852
VARDHACRLC,2024-12-20 00:00:00+05:30,56.79,56.79,53.71,54.05,197521
VARDHACRLC,2024-12-23 00:00:00+05:30,54.85,54.85,52.59,53.12,59850
VARDHACRLC,2024-12-24 00:00:00+05:30,53.99,53.99,52.59,52.69,29425
VARDHACRLC,2024-12-26 00:00:00+05:30,52.91,53.89,50.6,53.3,41962
VARDHACRLC,2024-12-27 00:00:00+05:30,53.3,55.45,52.97,54.25,85844
VARDHACRLC,2024-12-30 00:00:00+05:30,54.88,54.88,53.12,53.44,11098
VARDHACRLC,2024-12-31 00:00:00+05:30,53.99,54.2,53.16,53.95,5534
VARDHACRLC,2025-01-01 00:00:00+05:30,54.2,54.46,53.22,54.16,42215
VARDHACRLC,2025-01-02 00:00:00+05:30,55.11,55.11,54.13,54.7,16641
VARDHACRLC,2025-01-03 00:00:00+05:30,55.49,55.49,53.5,54.04,29686
VARDHACRLC,2025-01-06 00:00:00+05:30,54.96,54.96,51.16,51.66,49031
VARDHACRLC,2025-01-07 00:00:00+05:30,52.0,53.4,52.0,52.87,12196
VARDHACRLC,2025-01-08 00:00:00+05:30,53.1,53.1,52.16,52.4,7732
VARDHACRLC,2025-01-09 00:00:00+05:30,53.05,53.05,50.55,51.69,24647
VARDHACRLC,2025-01-10 00:00:00+05:30,51.65,52.8,50.6,51.41,29828
VARDHACRLC,2025-01-13 00:00:00+05:30,50.1,51.0,46.35,47.88,84791
VARDHACRLC,2025-01-14 00:00:00+05:30,48.74,51.26,48.12,49.19,50264
VARDHACRLC,2025-01-15 00:00:00+05:30,49.19,51.44,49.19,50.32,33665
VARDHACRLC,2025-01-16 00:00:00+05:30,51.99,51.99,49.79,50.95,19166
VARDHACRLC,2025-01-17 00:00:00+05:30,50.55,52.69,50.47,52.47,35956
VARDHACRLC,2025-01-20 00:00:00+05:30,52.47,53.79,50.27,51.17,23990
VARDHACRLC,2025-01-21 00:00:00+05:30,52.4,52.4,51.0,51.52,19448
VARDHACRLC,2025-01-22 00:00:00+05:30,52.2,52.49,50.0,50.36,11406
VARDHACRLC,2025-01-23 00:00:00+05:30,50.95,51.99,49.75,50.25,9050
VARDHACRLC,2025-01-24 00:00:00+05:30,50.3,50.96,49.11,49.36,21935
VARDHACRLC,2025-01-27 00:00:00+05:30,49.8,50.25,48.0,48.6,43364
VARDHACRLC,2025-01-28 00:00:00+05:30,48.89,49.18,46.71,47.73,28137
VARDHACRLC,2025-01-29 00:00:00+05:30,48.65,50.0,47.86,49.29,47203
VARDHACRLC,2025-01-30 00:00:00+05:30,49.8,51.89,49.8,51.56,29882
VARDHACRLC,2025-01-31 00:00:00+05:30,51.0,52.11,51.0,51.82,19459
VARDHACRLC,2025-02-01 00:00:00+05:30,52.7,52.71,50.4,51.99,13664
VARDHACRLC,2025-02-03 00:00:00+05:30,52.5,52.5,50.15,50.77,13457
VARDHACRLC,2025-02-04 00:00:00+05:30,50.77,51.69,50.1,50.65,10396
VARDHACRLC,2025-02-05 00:00:00+05:30,50.47,51.49,49.05,49.81,31658
VARDHACRLC,2025-02-06 00:00:00+05:30,50.0,50.32,49.1,49.73,17645
VARDHACRLC,2025-02-07 00:00:00+05:30,49.6,50.0,48.1,48.95,20557
VARDHACRLC,2025-02-10 00:00:00+05:30,49.0,49.0,47.4,47.92,32947
VARDHACRLC,2025-02-11 00:00:00+05:30,48.25,48.25,47.02,47.11,20540
VARDHACRLC,2025-02-12 00:00:00+05:30,47.56,47.56,45.65,46.05,76084
VARDHACRLC,2025-02-13 00:00:00+05:30,46.05,49.99,46.05,47.19,33171
VARDHACRLC,2025-02-14 00:00:00+05:30,47.01,48.19,46.0,46.32,30809
VARDHACRLC,2025-02-17 00:00:00+05:30,46.32,47.5,45.5,45.87,14250
VARDHACRLC,2025-02-18 00:00:00+05:30,47.65,47.65,44.28,44.58,24388
VARDHACRLC,2025-02-19 00:00:00+05:30,44.6,46.61,44.58,45.11,15518
VARDHACRLC,2025-02-20 00:00:00+05:30,45.23,47.75,45.1,45.46,50994
VARDHACRLC,2025-02-21 00:00:00+05:30,46.25,46.25,44.75,45.07,34264
VARDHACRLC,2025-02-24 00:00:00+05:30,45.1,45.1,44.44,44.67,16081
VARDHACRLC,2025-02-25 00:00:00+05:30,45.67,45.76,44.43,44.53,16247
VARDHACRLC,2025-02-27 00:00:00+05:30,44.1,45.35,44.0,44.08,26505
VARDHACRLC,2025-02-28 00:00:00+05:30,44.1,44.13,41.75,42.22,42260
VARDHACRLC,2025-03-03 00:00:00+05:30,43.05,44.21,40.0,40.54,68717
VARDHACRLC,2025-03-04 00:00:00+05:30,40.54,41.16,38.8,39.29,95557
VARDHACRLC,2025-03-05 00:00:00+05:30,39.99,42.0,39.36,41.77,62091
VARDHACRLC,2025-03-06 00:00:00+05:30,41.68,43.0,41.5,42.77,39153
VARDHACRLC,2025-03-07 00:00:00+05:30,43.45,43.45,41.75,41.85,106110
VARDHACRLC,2025-03-10 00:00:00+05:30,41.2,42.01,40.53,40.83,47442
VARDHACRLC,2025-03-11 00:00:00+05:30,40.83,40.99,40.5,40.68,136531
VARDHACRLC,2025-03-12 00:00:00+05:30,42.0,42.0,40.1,40.19,92336
VARDHACRLC,2025-03-13 00:00:00+05:30,40.19,41.32,40.15,41.11,195661
VARDHACRLC,2025-03-17 00:00:00+05:30,40.91,41.39,39.91,40.02,209630
VARDHACRLC,2025-03-18 00:00:00+05:30,40.39,41.29,40.15,40.56,57735
VARDHACRLC,2025-03-19 00:00:00+05:30,40.56,41.34,40.26,40.6,106265
VARDHACRLC,2025-03-20 00:00:00+05:30,41.24,41.65,41.0,41.53,96544
VARDHACRLC,2025-03-21 00:00:00+05:30,41.9,41.97,40.99,41.39,94704
VARDHACRLC,2025-03-24 00:00:00+05:30,41.39,43.35,41.01,41.58,171034
VARDHACRLC,2025-03-25 00:00:00+05:30,41.99,42.33,40.36,40.56,115673
VARDHACRLC,2025-03-26 00:00:00+05:30,40.65,41.17,39.2,39.43,143105
VARDHACRLC,2025-03-27 00:00:00+05:30,39.95,40.65,39.9,40.23,100615
VARDHACRLC,2025-03-28 00:00:00+05:30,40.5,41.45,40.17,40.26,93084
VARDHACRLC,2025-04-01 00:00:00+05:30,40.89,41.93,40.07,41.15,31165
VARDHACRLC,2025-04-02 00:00:00+05:30,41.95,41.95,41.01,41.2,12512
VARDHACRLC,2025-04-03 00:00:00+05:30,40.15,45.87,40.15,45.11,154251
VARDHACRLC,2025-04-04 00:00:00+05:30,45.15,45.15,43.15,43.47,45389
VARDHACRLC,2025-04-07 00:00:00+05:30,40.16,41.88,39.1,39.95,90303
VARDHACRLC,2025-04-08 00:00:00+05:30,42.0,42.0,39.66,40.17,75259
VARDHACRLC,2025-04-09 00:00:00+05:30,40.47,41.18,40.05,40.34,33244
VARDHACRLC,2025-04-11 00:00:00+05:30,41.91,41.91,40.79,41.24,32894
VARDHACRLC,2025-04-15 00:00:00+05:30,41.68,42.7,41.2,41.81,36739
VARDHACRLC,2025-04-16 00:00:00+05:30,42.7,43.45,42.0,42.97,35883
VARDHACRLC,2025-04-17 00:00:00+05:30,42.55,44.49,42.55,43.59,41091
VARDHACRLC,2025-04-21 00:00:00+05:30,43.7,44.88,43.25,44.18,52082
VARDHACRLC,2025-04-22 00:00:00+05:30,44.85,44.85,44.18,44.46,22861
VARDHACRLC,2025-04-23 00:00:00+05:30,44.46,45.04,43.46,44.21,32294
VARDHACRLC,2025-04-24 00:00:00+05:30,44.3,44.87,44.27,44.38,12650
VARDHACRLC,2025-04-25 00:00:00+05:30,44.38,44.63,42.39,43.13,34217
VARDHACRLC,2025-04-28 00:00:00+05:30,43.14,43.73,42.27,42.88,30393
VARDHACRLC,2025-04-29 00:00:00+05:30,42.54,43.74,41.99,42.27,42795
VARDHACRLC,2025-04-30 00:00:00+05:30,42.27,43.09,41.8,42.12,36847
VARDHACRLC,2025-05-02 00:00:00+05:30,42.9,42.9,42.0,42.22,16981
VARDHACRLC,2025-05-05 00:00:00+05:30,42.0,42.26,41.6,41.86,20793
VARDHACRLC,2025-05-06 00:00:00+05:30,41.86,42.03,40.05,40.18,33510
VARDHACRLC,2025-05-07 00:00:00+05:30,39.48,40.94,39.48,40.41,24335
VARDHACRLC,2025-05-08 00:00:00+05:30,40.8,42.8,40.66,41.65,88914
VARDHACRLC,2025-05-09 00:00:00+05:30,41.0,41.44,39.96,40.14,44574
VARDHACRLC,2025-05-12 00:00:00+05:30,40.95,42.55,40.95,41.88,30656
VARDHACRLC,2025-05-13 00:00:00+05:30,42.16,42.16,41.49,41.73,24285
VARDHACRLC,2025-05-14 00:00:00+05:30,42.18,42.89,42.0,42.7,34192
VARDHACRLC,2025-05-15 00:00:00+05:30,43.0,43.8,42.84,43.18,47652
VARDHACRLC,2025-05-16 00:00:00+05:30,44.0,44.0,43.01,43.44,33011
VARDHACRLC,2025-05-19 00:00:00+05:30,43.49,44.89,43.45,43.8,50084
VARDHACRLC,2025-05-20 00:00:00+05:30,44.85,44.85,43.51,43.54,51393
VARDHACRLC,2025-05-21 00:00:00+05:30,44.05,44.24,43.1,43.36,27121
VARDHACRLC,2025-05-22 00:00:00+05:30,43.61,44.03,43.3,43.38,23153
VARDHACRLC,2025-05-23 00:00:00+05:30,44.1,44.1,43.01,43.16,19974
VARDHACRLC,2025-05-26 00:00:00+05:30,43.89,43.89,43.2,43.26,19249
VARDHACRLC,2025-05-27 00:00:00+05:30,43.5,44.0,43.3,43.49,30687
VARDHACRLC,2025-05-28 00:00:00+05:30,43.98,44.86,43.51,43.99,30348
VARDHACRLC,2025-05-29 00:00:00+05:30,44.15,45.0,43.76,44.53,43319
VARDHACRLC,2025-05-30 00:00:00+05:30,44.53,45.99,44.53,45.06,74255
VARDHACRLC,2025-06-02 00:00:00+05:30,45.06,45.41,44.32,44.53,30404
VARDHACRLC,2025-06-03 00:00:00+05:30,45.18,45.18,44.06,44.19,15834
VARDHACRLC,2025-06-04 00:00:00+05:30,43.9,44.75,43.11,44.24,22866
VARDHACRLC,2025-06-05 00:00:00+05:30,45.9,45.9,43.68,44.09,30654
VARDHACRLC,2025-06-06 00:00:00+05:30,44.07,44.94,44.07,44.36,17387
VARDHACRLC,2025-06-09 00:00:00+05:30,44.36,45.14,44.21,44.57,27041
VARDHACRLC,2025-06-10 00:00:00+05:30,44.57,45.2,44.46,44.52,29266
VARDHACRLC,2025-06-11 00:00:00+05:30,44.96,48.0,44.06,47.07,157363
VARDHACRLC,2025-06-12 00:00:00+05:30,47.15,48.87,45.28,46.21,73830
VARDHACRLC,2025-06-13 00:00:00+05:30,45.26,45.64,44.72,45.03,63407
VARDHACRLC,2025-06-16 00:00:00+05:30,45.05,45.56,44.6,44.81,19056
VARDHACRLC,2025-06-17 00:00:00+05:30,45.45,45.76,44.71,44.95,26777
VARDHACRLC,2025-06-18 00:00:00+05:30,45.15,45.5,43.8,43.98,39421
VARDHACRLC,2025-06-19 00:00:00+05:30,43.9,44.49,42.11,42.55,37004
VARDHACRLC,2025-06-20 00:00:00+05:30,43.0,43.9,42.25,43.33,26767
VARDHACRLC,2025-06-23 00:00:00+05:30,43.3,43.94,42.31,42.43,50262
VARDHACRLC,2025-06-24 00:00:00+05:30,43.49,44.56,43.08,43.72,43023
VARDHACRLC,2025-06-25 00:00:00+05:30,44.5,47.49,43.86,46.7,139187
VARDHACRLC,2025-06-26 00:00:00+05:30,47.4,52.9,46.01,50.37,197702
VARDHACRLC,2025-06-27 00:00:00+05:30,50.37,50.37,48.0,48.5,77762
VARDHACRLC,2025-06-30 00:00:00+05:30,49.36,49.36,48.06,48.71,18717
VARDHACRLC,2025-07-01 00:00:00+05:30,49.69,51.34,48.41,50.18,65421
VARDHACRLC,2025-07-02 00:00:00+05:30,50.97,50.97,48.6,49.14,61595
VARDHACRLC,2025-07-03 00:00:00+05:30,49.89,49.89,48.56,48.7,38582
VARDHACRLC,2025-07-04 00:00:00+05:30,49.5,49.51,47.07,47.42,38141
VARDHACRLC,2025-07-07 00:00:00+05:30,47.42,48.28,47.42,48.0,18978
VARDHACRLC,2025-07-08 00:00:00+05:30,48.07,51.9,48.06,49.95,196263
VARDHACRLC,2025-07-09 00:00:00+05:30,50.9,50.9,49.2,49.52,36158
VARDHACRLC,2025-07-10 00:00:00+05:30,50.5,50.5,47.89,48.68,47855
VARDHACRLC,2025-07-11 00:00:00+05:30,49.4,49.4,48.0,48.5,27742
VARDHACRLC,2025-07-14 00:00:00+05:30,48.5,49.13,47.4,47.62,29368
VARDHACRLC,2025-07-15 00:00:00+05:30,48.55,48.64,47.92,48.39,20043
VARDHACRLC,2025-07-16 00:00:00+05:30,48.39,48.98,48.39,48.6,16608
VARDHACRLC,2025-07-17 00:00:00+05:30,49.48,49.48,48.31,48.8,22915
VARDHACRLC,2025-07-18 00:00:00+05:30,49.39,54.25,48.51,52.12,306532
VARDHACRLC,2025-07-21 00:00:00+05:30,51.16,52.49,50.0,51.46,220867
VARDHACRLC,2025-07-22 00:00:00+05:30,51.95,51.95,49.55,49.84,45839
VARDHACRLC,2025-07-23 00:00:00+05:30,50.25,51.31,49.68,50.42,30555
VARDHACRLC,2025-07-24 00:00:00+05:30,51.45,51.45,49.01,50.35,58762
VARDHACRLC,2025-07-25 00:00:00+05:30,50.0,52.68,49.15,50.15,55595
VARDHACRLC,2025-07-28 00:00:00+05:30,50.15,51.64,49.01,49.44,58832
VARDHACRLC,2025-07-29 00:00:00+05:30,48.8,49.92,48.4,48.65,23803
VARDHACRLC,2025-07-30 00:00:00+05:30,48.65,49.57,48.02,48.17,25185
VARDHACRLC,2025-07-31 00:00:00+05:30,47.99,50.35,47.52,49.74,60915
VARDHACRLC,2025-08-01 00:00:00+05:30,49.76,49.76,47.61,47.98,16139
VARDHACRLC,2025-08-04 00:00:00+05:30,47.23,48.39,45.31,45.77,77422
VARDHACRLC,2025-08-05 00:00:00+05:30,45.2,47.74,45.2,46.82,62662
VARDHACRLC,2025-08-06 00:00:00+05:30,47.7,47.7,45.61,46.05,16254
VARDHACRLC,2025-08-07 00:00:00+05:30,46.05,46.09,45.05,45.35,16026
VARDHACRLC,2025-08-08 00:00:00+05:30,45.1,46.48,44.5,44.81,31592
VARDHACRLC,2025-08-11 00:00:00+05:30,45.25,45.9,44.01,44.15,35701
VARDHACRLC,2025-08-12 00:00:00+05:30,44.65,46.69,43.5,44.22,53870
VARDHACRLC,2025-08-13 00:00:00+05:30,43.69,45.09,43.69,44.12,27297
VARDHACRLC,2025-08-14 00:00:00+05:30,44.99,45.29,44.31,45.11,18913
VARDHACRLC,2025-08-18 00:00:00+05:30,45.21,46.33,44.12,44.36,65033
VARDHACRLC,2025-08-19 00:00:00+05:30,44.0,45.19,42.65,44.0,187023
VARDHACRLC,2025-08-20 00:00:00+05:30,44.0,46.39,43.55,45.83,76068
VARDHACRLC,2025-08-21 00:00:00+05:30,45.83,46.2,44.83,45.08,36078
VARDHACRLC,2025-08-22 00:00:00+05:30,45.98,46.01,45.2,45.55,30477
VARDHACRLC,2025-08-25 00:00:00+05:30,46.0,46.34,45.17,45.56,22825
VARDHACRLC,2025-08-26 00:00:00+05:30,45.09,45.89,44.13,45.14,30595
VARDHACRLC,2025-08-28 00:00:00+05:30,45.3,45.5,44.01,44.18,27099
VARDHACRLC,2025-08-29 00:00:00+05:30,44.53,45.0,44.22,44.51,5900
VARDHACRLC,2025-09-01 00:00:00+05:30,45.45,45.45,43.9,44.68,12532
VARDHACRLC,2025-09-02 00:00:00+05:30,45.55,45.98,44.73,45.64,23323
VARDHACRLC,2025-09-03 00:00:00+05:30,45.99,45.99,44.82,45.28,40731
VARDHACRLC,2025-09-04 00:00:00+05:30,45.88,45.88,45.3,45.49,11449
VARDHACRLC,2025-09-05 00:00:00+05:30,44.51,47.69,44.51,46.43,28772
VARDHACRLC,2025-09-08 00:00:00+05:30,47.35,48.77,46.1,46.27,16613
VARDHACRLC,2025-09-09 00:00:00+05:30,46.0,46.85,44.0,44.33,55307
VARDHACRLC,2025-09-10 00:00:00+05:30,44.41,45.88,44.41,45.05,27318
VARDHACRLC,2025-09-11 00:00:00+05:30,45.06,45.64,44.0,44.53,78353
VARDHACRLC,2025-09-12 00:00:00+05:30,44.5,45.15,44.01,44.69,29094
VARDHACRLC,2025-09-15 00:00:00+05:30,44.84,44.84,44.35,44.52,20801
VARDHACRLC,2025-09-16 00:00:00+05:30,44.25,44.76,44.12,44.32,70309
VARDHACRLC,2025-09-17 00:00:00+05:30,44.4,45.75,44.4,45.39,64840
VARDHACRLC,2025-09-18 00:00:00+05:30,46.15,46.15,45.1,45.43,16629
VARDHACRLC,2025-09-19 00:00:00+05:30,45.43,45.43,44.5,45.31,25510
VARDHACRLC,2025-09-22 00:00:00+05:30,45.31,45.8,44.4,45.15,29565
VARDHACRLC,2025-09-23 00:00:00+05:30,45.05,45.06,44.61,44.73,20440
VARDHACRLC,2025-09-24 00:00:00+05:30,44.2,45.84,44.2,45.65,38203
VARDHACRLC,2025-09-25 00:00:00+05:30,45.65,45.65,44.31,44.45,12616
VARDHACRLC,2025-09-26 00:00:00+05:30,45.35,45.35,43.86,43.96,12098
VARDHACRLC,2025-09-29 00:00:00+05:30,44.15,45.05,43.5,44.62,48561
VARDHACRLC,2025-09-30 00:00:00+05:30,44.01,44.74,44.01,44.11,7093
VARDHACRLC,2025-10-01 00:00:00+05:30,44.11,44.75,44.1,44.22,11912
VARDHACRLC,2025-10-03 00:00:00+05:30,44.21,44.63,44.1,44.41,8826
VARDHACRLC,2025-10-06 00:00:00+05:30,44.63,45.34,37.95,40.25,438755
VARDHACRLC,2025-10-07 00:00:00+05:30,41.5,41.95,40.5,41.62,112900
VARDHACRLC,2025-10-08 00:00:00+05:30,41.69,42.51,41.62,41.92,28193
VARDHACRLC,2025-10-09 00:00:00+05:30,41.01,42.67,41.01,42.15,24732
VARDHACRLC,2025-10-10 00:00:00+05:30,41.83,42.65,41.83,42.12,14879
VARDHACRLC,2025-10-13 00:00:00+05:30,42.99,42.99,41.8,42.2,16339
VARDHACRLC,2025-10-14 00:00:00+05:30,42.41,42.41,41.52,41.69,6599
VARDHACRLC,2025-10-15 00:00:00+05:30,41.85,42.43,40.5,41.44,20566
VARDHACRLC,2025-10-16 00:00:00+05:30,41.44,42.0,41.05,41.9,10351
VARDHACRLC,2025-10-17 00:00:00+05:30,41.75,41.97,41.2,41.35,11749
VARDHACRLC,2025-10-20 00:00:00+05:30,42.2,42.8,40.3,40.62,35833
VARDHACRLC,2025-10-21 00:00:00+05:30,41.39,41.47,36.53,38.99,323702
VARDHACRLC,2025-10-23 00:00:00+05:30,40.49,41.0,39.18,40.18,188938
VARDHACRLC,2025-10-24 00:00:00+05:30,41.5,41.5,40.26,40.53,68521
VARDHACRLC,2025-10-27 00:00:00+05:30,40.8,41.5,40.56,40.89,34249
VARDHACRLC,2025-10-28 00:00:00+05:30,40.75,41.5,40.01,40.62,49224
VARDHACRLC,2025-10-29 00:00:00+05:30,41.38,41.94,40.51,41.73,60317
VARDHACRLC,2025-10-30 00:00:00+05:30,42.0,42.14,41.01,41.63,33367
VARDHACRLC,2025-10-31 00:00:00+05:30,41.0,41.95,41.0,41.5,15326
VARDHACRLC,2025-11-03 00:00:00+05:30,41.5,41.9,41.0,41.78,40607
VARDHACRLC,2025-11-04 00:00:00+05:30,41.11,41.75,41.0,41.14,38087
VARDHACRLC,2025-11-06 00:00:00+05:30,41.84,41.84,40.05,40.33,28733
VARDHACRLC,2025-11-07 00:00:00+05:30,40.01,40.37,39.7,39.88,33608
VARDHACRLC,2025-11-10 00:00:00+05:30,40.07,40.99,40.0,40.33,26192
VARDHACRLC,2025-11-11 00:00:00+05:30,41.0,41.0,40.0,40.81,27693
VARDHACRLC,2025-11-12 00:00:00+05:30,40.81,40.81,39.8,39.99,66744
VARDHACRLC,2025-11-13 00:00:00+05:30,40.25,40.59,39.81,39.98,29807
VARDHACRLC,2025-11-14 00:00:00+05:30,39.98,40.25,39.3,40.0,14457
VARDHACRLC,2025-11-17 00:00:00+05:30,40.5,40.5,39.87,40.07,16797
VARDHACRLC,2025-11-18 00:00:00+05:30,40.07,40.49,39.4,39.89,22722
VARDHACRLC,2025-11-19 00:00:00+05:30,40.39,40.44,39.76,40.01,10094
VARDHACRLC,2025-11-20 00:00:00+05:30,40.01,40.22,39.0,39.34,27392
VARDHACRLC,2025-11-21 00:00:00+05:30,39.34,39.85,39.0,39.28,18409
VARDHACRLC,2025-11-24 00:00:00+05:30,39.28,39.83,39.1,39.29,11526
VARDHACRLC,2025-11-25 00:00:00+05:30,39.22,39.8,39.2,39.44,16101
VARDHACRLC,2025-11-26 00:00:00+05:30,39.89,39.89,38.5,38.81,25286
VARDHACRLC,2025-11-27 00:00:00+05:30,38.75,39.98,38.75,39.86,20240
VARDHACRLC,2025-11-28 00:00:00+05:30,39.89,39.89,39.11,39.19,10855
