Symbol,Date,Open,High,Low,Close,Volume
WELINV,2010-09-20 00:00:00+05:30,53.0,101.4,53.0,99.6,388
WELINV,2010-09-21 00:00:00+05:30,104.6,104.6,104.6,104.6,2969
WELINV,2010-09-22 00:00:00+05:30,109.85,109.85,109.85,109.85,947
WELINV,2010-09-23 00:00:00+05:30,115.35,115.35,115.35,115.35,3795
WELINV,2010-09-24 00:00:00+05:30,121.15,121.15,121.15,121.15,233
WELINV,2010-09-27 00:00:00+05:30,127.25,127.25,127.25,127.25,461
WELINV,2010-09-28 00:00:00+05:30,133.65,133.65,120.9,126.4,68952
WELINV,2010-09-29 00:00:00+05:30,120.1,120.1,120.1,120.1,1223
WELINV,2010-09-30 00:00:00+05:30,114.1,114.1,114.1,114.1,54
WELINV,2010-10-01 00:00:00+05:30,108.4,119.85,108.4,119.85,19851
WELINV,2010-10-04 00:00:00+05:30,126.0,143.85,122.1,143.85,12548
WELINV,2010-10-05 00:00:00+05:30,158.9,159.0,144.25,146.25,50392
WELINV,2010-10-06 00:00:00+05:30,142.4,150.0,132.0,141.85,9184
WELINV,2010-10-07 00:00:00+05:30,149.9,149.9,137.0,141.25,3096
WELINV,2010-10-08 00:00:00+05:30,134.0,141.75,131.05,133.65,974
WELINV,2010-10-11 00:00:00+05:30,125.3,133.0,125.3,127.1,1407
WELINV,2010-10-12 00:00:00+05:30,118.1,126.0,116.65,123.75,1268
WELINV,2010-10-13 00:00:00+05:30,123.0,148.5,123.0,148.5,32590
WELINV,2010-10-14 00:00:00+05:30,155.0,178.2,150.35,154.85,286586
WELINV,2010-10-15 00:00:00+05:30,154.8,165.0,148.0,153.1,89500
WELINV,2010-10-18 00:00:00+05:30,153.2,153.5,137.5,140.8,5270
WELINV,2010-10-19 00:00:00+05:30,146.0,146.0,133.75,136.25,5325
WELINV,2010-10-20 00:00:00+05:30,134.5,147.9,132.1,141.6,8769
WELINV,2010-10-21 00:00:00+05:30,148.8,148.8,137.0,138.7,1282
WELINV,2010-10-22 00:00:00+05:30,145.0,148.9,138.1,139.45,3009
WELINV,2010-10-25 00:00:00+05:30,140.0,146.5,136.2,138.05,3005
WELINV,2010-10-26 00:00:00+05:30,137.1,162.0,137.1,152.5,45885
WELINV,2010-10-27 00:00:00+05:30,155.0,155.0,140.3,141.15,3275
WELINV,2010-10-28 00:00:00+05:30,148.1,148.1,140.1,143.65,2029
WELINV,2010-10-29 00:00:00+05:30,134.1,142.0,134.1,140.65,1902
WELINV,2010-11-01 00:00:00+05:30,139.1,145.0,138.05,140.1,1474
WELINV,2010-11-02 00:00:00+05:30,137.2,143.0,136.0,140.15,3186
WELINV,2010-11-03 00:00:00+05:30,137.75,141.8,130.4,137.25,878
WELINV,2010-11-04 00:00:00+05:30,141.0,141.0,130.0,134.3,1378
WELINV,2010-11-05 00:00:00+05:30,132.2,141.0,131.4,137.4,409
WELINV,2010-11-08 00:00:00+05:30,133.5,164.0,133.5,146.6,7368
WELINV,2010-11-09 00:00:00+05:30,150.5,152.0,145.0,147.25,3373
WELINV,2010-11-10 00:00:00+05:30,150.0,152.0,146.1,151.0,5305
WELINV,2010-11-11 00:00:00+05:30,143.05,151.8,143.05,146.45,3843
WELINV,2010-11-12 00:00:00+05:30,140.0,148.7,137.5,142.4,1475
WELINV,2010-11-15 00:00:00+05:30,137.0,143.0,136.5,138.65,969
WELINV,2010-11-16 00:00:00+05:30,134.1,140.0,131.95,134.8,665
WELINV,2010-11-18 00:00:00+05:30,121.0,131.0,121.0,128.55,2005
WELINV,2010-11-19 00:00:00+05:30,139.4,139.4,122.0,123.3,998
WELINV,2010-11-22 00:00:00+05:30,120.25,132.9,119.6,126.25,1510
WELINV,2010-11-23 00:00:00+05:30,131.25,131.3,120.1,124.0,2634
WELINV,2010-11-24 00:00:00+05:30,124.0,130.9,120.0,120.3,710
WELINV,2010-11-25 00:00:00+05:30,116.0,123.0,116.0,117.95,804
WELINV,2010-11-26 00:00:00+05:30,121.7,126.0,105.05,114.45,3914
WELINV,2010-11-29 00:00:00+05:30,107.75,112.0,106.35,109.35,280
WELINV,2010-11-30 00:00:00+05:30,105.0,115.0,105.0,110.5,400
WELINV,2010-12-01 00:00:00+05:30,109.0,124.0,109.0,116.65,1936
WELINV,2010-12-02 00:00:00+05:30,125.85,125.85,115.25,118.95,488
WELINV,2010-12-03 00:00:00+05:30,115.0,135.7,103.2,106.65,2424
WELINV,2010-12-06 00:00:00+05:30,110.0,111.9,105.5,107.75,1181
WELINV,2010-12-07 00:00:00+05:30,108.0,108.0,101.0,101.3,403
WELINV,2010-12-08 00:00:00+05:30,104.9,104.9,92.1,97.6,891
WELINV,2010-12-09 00:00:00+05:30,99.0,99.0,83.65,89.3,767
WELINV,2010-12-10 00:00:00+05:30,90.0,100.85,86.1,90.15,564
WELINV,2010-12-13 00:00:00+05:30,90.0,95.95,87.4,90.5,1297
WELINV,2010-12-14 00:00:00+05:30,96.0,96.0,91.0,92.5,70
WELINV,2010-12-15 00:00:00+05:30,90.0,106.95,90.0,96.5,902
WELINV,2010-12-16 00:00:00+05:30,88.8,96.95,88.8,96.75,133
WELINV,2010-12-20 00:00:00+05:30,86.5,97.5,86.5,91.45,789
WELINV,2010-12-21 00:00:00+05:30,96.0,96.95,86.1,93.8,458
WELINV,2010-12-22 00:00:00+05:30,90.1,94.6,90.0,92.8,498
WELINV,2010-12-23 00:00:00+05:30,77.6,95.0,77.6,91.1,2883
WELINV,2010-12-24 00:00:00+05:30,92.8,94.0,87.0,88.5,152
WELINV,2010-12-27 00:00:00+05:30,90.0,95.5,84.25,86.85,1376
WELINV,2010-12-28 00:00:00+05:30,90.0,93.85,87.0,90.45,306
WELINV,2010-12-29 00:00:00+05:30,90.45,92.85,88.0,88.45,159
WELINV,2010-12-30 00:00:00+05:30,90.0,90.0,84.0,85.85,442
WELINV,2010-12-31 00:00:00+05:30,98.0,103.05,90.15,103.05,5830
WELINV,2011-01-03 00:00:00+05:30,117.0,123.7,116.2,123.7,58220
WELINV,2011-01-04 00:00:00+05:30,128.0,136.1,118.0,121.7,92717
WELINV,2011-01-05 00:00:00+05:30,117.65,120.7,109.6,116.65,15531
WELINV,2011-01-06 00:00:00+05:30,112.55,119.85,112.55,118.45,6326
WELINV,2011-01-07 00:00:00+05:30,114.5,117.7,108.5,112.85,5332
WELINV,2011-01-10 00:00:00+05:30,111.0,114.95,103.0,107.95,1866
WELINV,2011-01-11 00:00:00+05:30,101.15,104.4,98.0,98.95,9240
WELINV,2011-01-12 00:00:00+05:30,98.5,103.0,93.6,98.5,1937
WELINV,2011-01-13 00:00:00+05:30,95.0,100.0,95.0,96.25,1807
WELINV,2011-01-14 00:00:00+05:30,96.5,98.85,90.15,92.55,629
WELINV,2011-01-17 00:00:00+05:30,95.0,95.5,89.3,89.5,672
WELINV,2011-01-18 00:00:00+05:30,89.1,91.35,88.05,90.15,1136
WELINV,2011-01-19 00:00:00+05:30,92.8,93.45,89.0,89.2,689
WELINV,2011-01-20 00:00:00+05:30,89.15,92.85,89.0,92.45,222
WELINV,2011-01-21 00:00:00+05:30,90.0,94.4,90.0,92.2,634
WELINV,2011-01-24 00:00:00+05:30,92.0,93.95,86.5,88.4,2079
WELINV,2011-01-25 00:00:00+05:30,83.05,90.7,83.05,88.5,464
WELINV,2011-01-27 00:00:00+05:30,83.5,90.0,81.95,83.45,989
WELINV,2011-01-28 00:00:00+05:30,88.0,88.0,76.6,84.4,2303
WELINV,2011-01-31 00:00:00+05:30,85.0,85.0,80.5,84.8,1104
WELINV,2011-02-01 00:00:00+05:30,81.0,84.9,80.65,81.45,383
WELINV,2011-02-02 00:00:00+05:30,78.2,84.65,78.2,84.0,1284
WELINV,2011-02-03 00:00:00+05:30,88.0,88.0,80.45,81.85,633
WELINV,2011-02-04 00:00:00+05:30,80.15,85.95,80.0,81.65,1096
WELINV,2011-02-07 00:00:00+05:30,85.3,85.3,78.1,78.7,882
WELINV,2011-02-08 00:00:00+05:30,76.5,82.0,76.1,76.45,405
WELINV,2011-02-09 00:00:00+05:30,74.15,79.9,74.1,74.6,1495
WELINV,2011-02-10 00:00:00+05:30,72.05,74.5,72.0,73.0,543
WELINV,2011-02-11 00:00:00+05:30,73.85,75.75,70.6,74.0,353
WELINV,2011-02-14 00:00:00+05:30,77.7,77.7,72.35,72.9,1228
WELINV,2011-02-15 00:00:00+05:30,76.0,76.55,75.0,76.55,284
WELINV,2011-02-16 00:00:00+05:30,75.1,80.3,75.1,80.2,362
WELINV,2011-02-17 00:00:00+05:30,80.3,84.15,80.3,80.85,308
WELINV,2011-02-18 00:00:00+05:30,80.3,82.95,77.2,78.4,313
WELINV,2011-02-21 00:00:00+05:30,75.1,81.0,75.05,79.55,220
WELINV,2011-02-22 00:00:00+05:30,76.25,78.7,75.6,75.9,334
WELINV,2011-02-23 00:00:00+05:30,73.0,76.0,73.0,73.95,1134
WELINV,2011-02-24 00:00:00+05:30,71.0,76.9,70.35,71.5,465
WELINV,2011-02-25 00:00:00+05:30,71.0,74.95,68.3,70.0,429
WELINV,2011-02-28 00:00:00+05:30,68.3,73.4,67.05,68.7,139
WELINV,2011-03-01 00:00:00+05:30,69.95,72.15,66.6,72.15,170
WELINV,2011-03-03 00:00:00+05:30,75.3,75.3,74.0,75.2,102
WELINV,2011-03-04 00:00:00+05:30,75.0,75.0,71.45,71.9,2335
WELINV,2011-03-07 00:00:00+05:30,71.0,72.0,68.35,68.7,138
WELINV,2011-03-08 00:00:00+05:30,72.9,72.9,66.65,67.25,100
WELINV,2011-03-09 00:00:00+05:30,67.3,72.5,67.0,72.5,164
WELINV,2011-03-10 00:00:00+05:30,72.5,72.5,67.7,71.6,877
WELINV,2011-03-11 00:00:00+05:30,70.0,72.9,67.8,71.0,347
WELINV,2011-03-14 00:00:00+05:30,70.0,73.5,68.8,69.0,1212
WELINV,2011-03-15 00:00:00+05:30,69.0,70.0,64.55,68.75,743
WELINV,2011-03-16 00:00:00+05:30,67.65,70.0,67.5,70.0,320
WELINV,2011-03-17 00:00:00+05:30,70.0,70.5,66.1,66.9,888
WELINV,2011-03-18 00:00:00+05:30,72.75,72.75,62.8,69.95,297
WELINV,2011-03-21 00:00:00+05:30,69.95,75.0,66.35,68.5,257
WELINV,2011-03-22 00:00:00+05:30,68.5,72.0,63.5,68.5,1060
WELINV,2011-03-23 00:00:00+05:30,65.1,73.2,65.1,70.65,640
WELINV,2011-03-24 00:00:00+05:30,70.0,77.5,67.2,69.0,1036
WELINV,2011-03-25 00:00:00+05:30,75.9,75.9,69.0,69.35,1312
WELINV,2011-03-28 00:00:00+05:30,69.0,71.95,69.0,69.05,284
WELINV,2011-03-29 00:00:00+05:30,64.15,74.0,64.15,73.2,507
WELINV,2011-03-30 00:00:00+05:30,68.05,70.15,68.0,70.15,201
WELINV,2011-03-31 00:00:00+05:30,66.25,70.0,66.25,68.15,142
WELINV,2011-04-01 00:00:00+05:30,72.45,72.45,69.5,70.5,30
WELINV,2011-04-04 00:00:00+05:30,72.0,74.75,72.0,72.0,349
WELINV,2011-04-05 00:00:00+05:30,72.0,75.0,72.0,75.0,708
WELINV,2011-04-06 00:00:00+05:30,79.95,79.95,74.25,76.0,380
WELINV,2011-04-07 00:00:00+05:30,72.0,82.05,72.0,79.7,2571
WELINV,2011-04-08 00:00:00+05:30,75.3,78.25,75.0,76.4,419
WELINV,2011-04-11 00:00:00+05:30,74.05,76.4,73.05,74.0,1956
WELINV,2011-04-13 00:00:00+05:30,72.5,77.95,72.5,75.05,133
WELINV,2011-04-15 00:00:00+05:30,75.55,76.0,73.15,73.15,183
WELINV,2011-04-18 00:00:00+05:30,73.05,75.0,73.05,74.5,142
WELINV,2011-04-19 00:00:00+05:30,71.2,72.8,71.2,72.15,171
WELINV,2011-04-20 00:00:00+05:30,69.0,73.1,69.0,73.1,21
WELINV,2011-04-21 00:00:00+05:30,72.3,74.0,72.3,74.0,659
WELINV,2011-04-25 00:00:00+05:30,68.05,74.1,68.05,74.1,243
WELINV,2011-04-26 00:00:00+05:30,73.0,75.4,73.0,74.9,810
WELINV,2011-04-27 00:00:00+05:30,73.75,73.75,73.75,73.75,5
WELINV,2011-04-28 00:00:00+05:30,74.0,78.0,74.0,74.15,92
WELINV,2011-04-29 00:00:00+05:30,70.45,78.0,70.45,74.75,3214
WELINV,2011-05-02 00:00:00+05:30,73.0,77.5,73.0,76.0,2314
WELINV,2011-05-03 00:00:00+05:30,73.2,77.5,73.2,74.5,727
WELINV,2011-05-04 00:00:00+05:30,73.0,73.2,73.0,73.2,93
WELINV,2011-05-05 00:00:00+05:30,72.5,75.0,72.5,74.4,939
WELINV,2011-05-06 00:00:00+05:30,70.35,71.25,70.35,71.25,26
WELINV,2011-05-09 00:00:00+05:30,73.0,78.0,69.8,77.4,321
WELINV,2011-05-10 00:00:00+05:30,73.25,80.0,73.25,78.0,240
WELINV,2011-05-11 00:00:00+05:30,73.5,83.9,73.5,82.75,332
WELINV,2011-05-12 00:00:00+05:30,76.2,86.75,74.5,74.55,736
WELINV,2011-05-13 00:00:00+05:30,74.55,82.15,73.15,82.15,42
WELINV,2011-05-16 00:00:00+05:30,75.3,84.25,75.25,78.1,2105
WELINV,2011-05-17 00:00:00+05:30,77.95,78.0,73.25,76.0,1607
WELINV,2011-05-18 00:00:00+05:30,74.95,75.0,71.0,71.55,6997
WELINV,2011-05-19 00:00:00+05:30,67.95,72.7,67.95,71.25,449
WELINV,2011-05-20 00:00:00+05:30,73.85,74.85,69.85,70.3,31
WELINV,2011-05-23 00:00:00+05:30,72.75,74.45,70.1,70.25,185
WELINV,2011-05-24 00:00:00+05:30,67.65,75.2,67.65,75.15,250
WELINV,2011-05-25 00:00:00+05:30,73.0,74.45,70.0,73.4,191
WELINV,2011-05-26 00:00:00+05:30,70.15,73.5,68.0,72.1,200
WELINV,2011-05-27 00:00:00+05:30,71.15,71.15,71.1,71.1,31
WELINV,2011-05-30 00:00:00+05:30,68.1,71.4,68.05,70.6,355
WELINV,2011-05-31 00:00:00+05:30,70.6,73.75,69.55,71.45,960
WELINV,2011-06-01 00:00:00+05:30,72.45,76.3,70.8,71.25,255
WELINV,2011-06-02 00:00:00+05:30,70.0,78.0,70.0,74.25,2846
WELINV,2011-06-03 00:00:00+05:30,71.0,74.95,71.0,72.0,9683
WELINV,2011-06-06 00:00:00+05:30,71.0,71.0,70.4,71.0,169
WELINV,2011-06-07 00:00:00+05:30,68.85,70.05,68.8,70.05,17
WELINV,2011-06-08 00:00:00+05:30,67.85,72.8,67.85,71.7,2580
WELINV,2011-06-09 00:00:00+05:30,74.95,75.45,69.0,70.4,198
WELINV,2011-06-10 00:00:00+05:30,68.05,79.0,68.05,70.1,509
WELINV,2011-06-13 00:00:00+05:30,67.55,74.8,67.45,69.75,1010
WELINV,2011-06-14 00:00:00+05:30,70.1,72.4,70.1,70.15,66
WELINV,2011-06-15 00:00:00+05:30,72.4,73.95,69.1,71.0,74
WELINV,2011-06-16 00:00:00+05:30,72.0,72.05,69.05,70.2,374
WELINV,2011-06-17 00:00:00+05:30,68.35,73.7,68.35,69.15,1657
WELINV,2011-06-20 00:00:00+05:30,67.95,71.0,63.0,63.0,191
WELINV,2011-06-21 00:00:00+05:30,62.0,69.8,60.6,61.45,1115
WELINV,2011-06-22 00:00:00+05:30,61.45,63.95,58.75,59.3,635
WELINV,2011-06-23 00:00:00+05:30,59.0,68.35,59.0,68.15,191
WELINV,2011-06-24 00:00:00+05:30,67.95,68.9,65.0,65.1,135
WELINV,2011-06-27 00:00:00+05:30,62.05,65.0,62.05,64.8,155
WELINV,2011-06-28 00:00:00+05:30,62.0,65.0,62.0,65.0,3018
WELINV,2011-06-29 00:00:00+05:30,63.0,70.0,63.0,67.0,3781
WELINV,2011-06-30 00:00:00+05:30,65.0,69.0,63.0,63.75,244
WELINV,2011-07-01 00:00:00+05:30,63.25,67.9,63.2,66.85,199
WELINV,2011-07-04 00:00:00+05:30,66.0,66.0,64.05,65.6,73
WELINV,2011-07-05 00:00:00+05:30,65.6,66.9,62.2,66.0,121
WELINV,2011-07-06 00:00:00+05:30,66.25,70.0,65.0,67.65,490
WELINV,2011-07-07 00:00:00+05:30,64.5,69.3,63.05,65.15,494
WELINV,2011-07-08 00:00:00+05:30,62.85,68.0,62.85,63.45,122
WELINV,2011-07-11 00:00:00+05:30,65.95,65.95,63.15,64.1,228
WELINV,2011-07-12 00:00:00+05:30,62.7,69.4,62.7,68.95,167
WELINV,2011-07-13 00:00:00+05:30,66.0,68.7,63.2,63.75,132
WELINV,2011-07-14 00:00:00+05:30,65.0,67.95,63.0,64.6,251
WELINV,2011-07-15 00:00:00+05:30,63.3,65.95,63.3,64.4,171
WELINV,2011-07-18 00:00:00+05:30,69.85,69.85,62.35,62.85,310
WELINV,2011-07-19 00:00:00+05:30,65.0,65.0,65.0,65.0,20
WELINV,2011-07-20 00:00:00+05:30,68.0,69.7,63.0,63.15,133
WELINV,2011-07-21 00:00:00+05:30,63.05,64.95,62.0,62.15,325
WELINV,2011-07-22 00:00:00+05:30,63.45,66.9,60.6,62.0,225
WELINV,2011-07-25 00:00:00+05:30,61.0,68.35,61.0,65.0,467
WELINV,2011-07-26 00:00:00+05:30,69.95,69.95,63.0,66.4,254
WELINV,2011-07-27 00:00:00+05:30,65.0,68.7,63.5,64.5,134
WELINV,2011-07-28 00:00:00+05:30,64.0,68.0,58.0,61.4,208
WELINV,2011-07-29 00:00:00+05:30,62.95,68.4,60.05,67.45,129
WELINV,2011-08-01 00:00:00+05:30,65.0,67.95,62.5,63.0,247
WELINV,2011-08-02 00:00:00+05:30,63.0,64.0,59.05,60.1,228
WELINV,2011-08-03 00:00:00+05:30,60.0,61.9,60.0,61.9,66
WELINV,2011-08-04 00:00:00+05:30,61.85,61.85,58.45,59.8,914
WELINV,2011-08-05 00:00:00+05:30,53.1,63.9,53.1,58.25,1652
WELINV,2011-08-08 00:00:00+05:30,55.1,61.95,53.55,56.05,701
WELINV,2011-08-09 00:00:00+05:30,55.95,57.0,53.55,53.55,501
WELINV,2011-08-10 00:00:00+05:30,56.85,60.85,53.05,54.0,3506
WELINV,2011-08-11 00:00:00+05:30,54.0,56.9,54.0,56.9,125
WELINV,2011-08-12 00:00:00+05:30,55.0,55.0,48.2,50.6,316
WELINV,2011-08-16 00:00:00+05:30,59.95,59.95,50.0,50.55,740
WELINV,2011-08-17 00:00:00+05:30,48.35,53.95,48.3,53.95,60
WELINV,2011-08-18 00:00:00+05:30,51.0,52.0,48.4,49.0,549
WELINV,2011-08-19 00:00:00+05:30,46.05,48.75,45.6,46.95,547
WELINV,2011-08-22 00:00:00+05:30,45.65,53.85,45.65,49.8,301
WELINV,2011-08-23 00:00:00+05:30,48.0,48.85,46.0,46.2,541
WELINV,2011-08-24 00:00:00+05:30,44.0,46.95,43.45,46.9,46
WELINV,2011-08-25 00:00:00+05:30,46.9,46.9,43.2,43.95,136
WELINV,2011-08-26 00:00:00+05:30,46.85,49.85,42.3,44.55,874
WELINV,2011-08-29 00:00:00+05:30,44.95,49.65,42.6,43.55,1397
WELINV,2011-08-30 00:00:00+05:30,43.0,47.9,43.0,45.7,187
WELINV,2011-09-02 00:00:00+05:30,47.7,47.7,42.15,43.95,390
WELINV,2011-09-05 00:00:00+05:30,43.0,48.9,43.0,47.4,351
WELINV,2011-09-06 00:00:00+05:30,45.0,48.65,42.2,47.75,64
WELINV,2011-09-07 00:00:00+05:30,45.0,51.4,43.2,47.65,176
WELINV,2011-09-08 00:00:00+05:30,50.1,50.1,45.05,46.75,137
WELINV,2011-09-09 00:00:00+05:30,49.5,52.0,46.0,50.6,25
WELINV,2011-09-12 00:00:00+05:30,53.8,53.8,45.25,46.55,339
WELINV,2011-09-13 00:00:00+05:30,48.85,49.15,43.55,49.15,218
WELINV,2011-09-14 00:00:00+05:30,47.0,47.55,45.1,47.05,190
WELINV,2011-09-15 00:00:00+05:30,45.15,47.0,45.15,46.95,12
WELINV,2011-09-16 00:00:00+05:30,46.95,48.85,46.6,46.8,57
WELINV,2011-09-19 00:00:00+05:30,47.0,47.0,45.0,45.25,481
WELINV,2011-09-20 00:00:00+05:30,45.5,49.0,45.5,45.9,195
WELINV,2011-09-21 00:00:00+05:30,45.95,46.15,45.55,45.55,156
WELINV,2011-09-22 00:00:00+05:30,45.0,48.5,44.0,44.1,170
WELINV,2011-09-23 00:00:00+05:30,47.5,48.85,44.15,47.15,387
WELINV,2011-09-26 00:00:00+05:30,47.15,52.95,43.8,48.55,677
WELINV,2011-09-27 00:00:00+05:30,48.5,50.9,44.5,50.15,387
WELINV,2011-09-28 00:00:00+05:30,48.0,50.0,46.6,48.0,532
WELINV,2011-09-29 00:00:00+05:30,48.0,51.95,48.0,48.5,122
WELINV,2011-09-30 00:00:00+05:30,50.6,52.85,49.0,49.0,405
WELINV,2011-10-03 00:00:00+05:30,47.0,53.35,45.4,51.9,200
WELINV,2011-10-04 00:00:00+05:30,48.0,53.5,46.7,51.4,39
WELINV,2011-10-05 00:00:00+05:30,52.85,52.85,46.25,47.3,312
WELINV,2011-10-07 00:00:00+05:30,49.95,49.95,43.5,47.4,923
WELINV,2011-10-10 00:00:00+05:30,47.0,49.95,47.0,47.1,133
WELINV,2011-10-11 00:00:00+05:30,45.45,47.0,44.3,45.75,133
WELINV,2011-10-12 00:00:00+05:30,44.15,48.45,44.15,45.55,788
WELINV,2011-10-13 00:00:00+05:30,44.1,45.8,43.25,44.85,132
WELINV,2011-10-14 00:00:00+05:30,43.1,47.9,43.0,47.65,214
WELINV,2011-10-17 00:00:00+05:30,45.2,45.25,44.05,44.95,69
WELINV,2011-10-18 00:00:00+05:30,45.0,45.0,45.0,45.0,20
WELINV,2011-10-19 00:00:00+05:30,47.45,47.45,44.65,45.05,34
WELINV,2011-10-20 00:00:00+05:30,44.45,52.0,44.35,47.0,267
WELINV,2011-10-21 00:00:00+05:30,45.05,50.85,44.3,45.55,736
WELINV,2011-10-24 00:00:00+05:30,48.45,53.4,45.5,49.65,1605
WELINV,2011-10-25 00:00:00+05:30,44.7,52.7,44.7,46.3,1153
WELINV,2011-10-28 00:00:00+05:30,45.5,49.85,42.3,46.9,913
WELINV,2011-10-31 00:00:00+05:30,49.45,49.45,45.0,45.5,226
WELINV,2011-11-01 00:00:00+05:30,44.05,49.4,41.25,45.5,208
WELINV,2011-11-02 00:00:00+05:30,44.0,47.85,42.25,45.9,43
WELINV,2011-11-03 00:00:00+05:30,44.0,47.9,42.7,47.4,157
WELINV,2011-11-04 00:00:00+05:30,47.45,48.15,47.45,48.15,154
WELINV,2011-11-08 00:00:00+05:30,48.0,49.9,47.95,49.05,138
WELINV,2011-11-09 00:00:00+05:30,47.1,49.2,46.5,47.15,86
WELINV,2011-11-11 00:00:00+05:30,47.15,48.15,45.0,48.15,125
WELINV,2011-11-14 00:00:00+05:30,46.55,48.3,46.5,47.05,116
WELINV,2011-11-15 00:00:00+05:30,46.4,46.4,44.5,45.7,96
WELINV,2011-11-16 00:00:00+05:30,44.0,44.0,43.45,43.5,39
WELINV,2011-11-17 00:00:00+05:30,41.4,41.55,41.4,41.45,24
WELINV,2011-11-18 00:00:00+05:30,40.15,45.0,39.1,42.65,351
WELINV,2011-11-21 00:00:00+05:30,41.55,42.95,40.95,41.05,95
WELINV,2011-11-22 00:00:00+05:30,40.1,45.0,40.1,41.2,509
WELINV,2011-11-23 00:00:00+05:30,44.85,44.9,41.0,41.25,65
WELINV,2011-11-24 00:00:00+05:30,39.0,44.75,39.0,40.15,90
WELINV,2011-11-25 00:00:00+05:30,39.15,39.15,39.05,39.1,17
WELINV,2011-11-28 00:00:00+05:30,37.55,42.85,37.45,41.85,114
WELINV,2011-11-29 00:00:00+05:30,43.45,46.0,39.0,46.0,432
WELINV,2011-11-30 00:00:00+05:30,44.5,44.5,41.5,42.0,502
WELINV,2011-12-01 00:00:00+05:30,40.15,41.05,40.1,41.0,108
WELINV,2011-12-02 00:00:00+05:30,40.65,42.8,37.35,41.25,283
WELINV,2011-12-05 00:00:00+05:30,43.6,43.6,39.0,39.7,49
WELINV,2011-12-07 00:00:00+05:30,38.0,39.95,38.0,39.1,38
WELINV,2011-12-08 00:00:00+05:30,40.8,41.0,38.6,39.0,122
WELINV,2011-12-09 00:00:00+05:30,40.8,41.0,40.8,41.0,101
WELINV,2011-12-12 00:00:00+05:30,39.0,39.95,37.5,39.9,47
WELINV,2011-12-13 00:00:00+05:30,40.0,43.3,38.65,41.45,112
WELINV,2011-12-14 00:00:00+05:30,40.0,43.4,38.25,42.4,207
WELINV,2011-12-15 00:00:00+05:30,39.05,39.05,39.0,39.0,10
WELINV,2011-12-16 00:00:00+05:30,40.95,40.95,38.0,38.25,530
WELINV,2011-12-19 00:00:00+05:30,36.05,42.0,34.5,38.95,197
WELINV,2011-12-20 00:00:00+05:30,36.05,38.95,35.05,35.9,214
WELINV,2011-12-21 00:00:00+05:30,34.55,37.9,34.45,34.5,81
WELINV,2011-12-22 00:00:00+05:30,33.15,37.45,33.1,36.65,556
WELINV,2011-12-23 00:00:00+05:30,33.25,35.75,33.2,35.05,14
WELINV,2011-12-26 00:00:00+05:30,37.85,38.55,37.1,37.5,24
WELINV,2011-12-27 00:00:00+05:30,35.5,35.5,34.2,34.8,17
WELINV,2011-12-28 00:00:00+05:30,37.45,37.45,32.65,33.45,51
WELINV,2011-12-29 00:00:00+05:30,32.9,32.9,32.3,32.35,34
WELINV,2011-12-30 00:00:00+05:30,33.9,35.15,33.05,34.5,25
WELINV,2012-01-02 00:00:00+05:30,36.45,36.45,33.25,33.25,6
WELINV,2012-01-03 00:00:00+05:30,33.25,36.5,33.25,35.55,124
WELINV,2012-01-04 00:00:00+05:30,33.55,38.55,33.5,38.55,39
WELINV,2012-01-05 00:00:00+05:30,35.35,35.35,35.35,35.35,2
WELINV,2012-01-06 00:00:00+05:30,32.1,38.65,32.05,38.5,66
WELINV,2012-01-09 00:00:00+05:30,32.1,38.65,32.05,38.5,0
WELINV,2012-01-10 00:00:00+05:30,40.5,42.35,35.75,37.8,78
WELINV,2012-01-11 00:00:00+05:30,35.25,40.0,35.0,37.2,8154
WELINV,2012-01-12 00:00:00+05:30,34.1,39.95,34.1,39.95,45
WELINV,2012-01-13 00:00:00+05:30,43.0,43.95,38.1,40.25,1681
WELINV,2012-01-16 00:00:00+05:30,38.35,44.25,38.35,44.25,279
WELINV,2012-01-17 00:00:00+05:30,45.5,48.65,44.65,48.65,271
WELINV,2012-01-18 00:00:00+05:30,48.0,48.95,48.0,48.95,355
WELINV,2012-01-19 00:00:00+05:30,46.6,46.65,46.5,46.5,135
WELINV,2012-01-20 00:00:00+05:30,46.0,46.0,44.2,44.2,76
WELINV,2012-01-23 00:00:00+05:30,45.0,45.0,44.05,44.95,105
WELINV,2012-01-24 00:00:00+05:30,44.0,45.95,43.35,44.15,109
WELINV,2012-01-25 00:00:00+05:30,45.9,45.95,44.15,44.25,201
WELINV,2012-01-27 00:00:00+05:30,44.15,45.9,44.0,45.9,28
WELINV,2012-01-30 00:00:00+05:30,45.5,46.9,43.6,43.65,109
WELINV,2012-01-31 00:00:00+05:30,43.8,43.85,43.8,43.85,8
WELINV,2012-02-01 00:00:00+05:30,44.9,44.95,41.8,44.9,40
WELINV,2012-02-02 00:00:00+05:30,42.8,43.95,42.8,43.0,100
WELINV,2012-02-03 00:00:00+05:30,44.0,45.15,43.6,43.75,1752
WELINV,2012-02-06 00:00:00+05:30,42.75,45.9,42.75,45.9,36
WELINV,2012-02-07 00:00:00+05:30,44.05,45.6,44.0,44.65,454
WELINV,2012-02-08 00:00:00+05:30,46.8,46.85,45.6,45.9,176
WELINV,2012-02-09 00:00:00+05:30,44.15,48.15,44.15,48.05,1878
WELINV,2012-02-10 00:00:00+05:30,48.5,50.35,47.0,49.9,482
WELINV,2012-02-13 00:00:00+05:30,47.6,49.9,47.6,47.6,56
WELINV,2012-02-14 00:00:00+05:30,45.45,48.95,45.25,48.95,48
WELINV,2012-02-15 00:00:00+05:30,46.6,49.7,46.55,46.55,2010
WELINV,2012-02-16 00:00:00+05:30,44.5,45.75,44.25,44.3,537
WELINV,2012-02-17 00:00:00+05:30,44.0,45.5,43.15,43.65,160
WELINV,2012-02-21 00:00:00+05:30,42.0,43.9,41.65,41.95,1210
WELINV,2012-02-22 00:00:00+05:30,40.05,43.0,40.05,41.35,340
WELINV,2012-02-23 00:00:00+05:30,39.4,43.35,39.4,43.25,24
WELINV,2012-02-24 00:00:00+05:30,41.2,42.0,41.2,42.0,604
WELINV,2012-02-27 00:00:00+05:30,40.05,40.05,39.9,39.9,87
WELINV,2012-02-28 00:00:00+05:30,40.0,40.85,37.95,39.65,285
WELINV,2012-02-29 00:00:00+05:30,37.95,39.5,37.7,37.7,3478
WELINV,2012-03-01 00:00:00+05:30,38.9,39.0,36.65,36.85,2147
WELINV,2012-03-02 00:00:00+05:30,38.35,38.35,36.0,36.0,5106
WELINV,2012-03-05 00:00:00+05:30,37.45,37.45,37.4,37.4,121
WELINV,2012-03-06 00:00:00+05:30,35.65,37.7,35.65,36.45,123
WELINV,2012-03-07 00:00:00+05:30,35.1,37.0,35.0,36.95,230
WELINV,2012-03-09 00:00:00+05:30,38.6,38.6,36.25,36.7,51
WELINV,2012-03-12 00:00:00+05:30,35.8,38.0,35.6,38.0,243
WELINV,2012-03-13 00:00:00+05:30,36.2,37.5,36.2,37.05,63
WELINV,2012-03-14 00:00:00+05:30,35.65,37.5,35.65,37.2,1251
WELINV,2012-03-15 00:00:00+05:30,37.0,37.0,35.35,35.35,1440
WELINV,2012-03-16 00:00:00+05:30,35.35,36.95,33.6,34.05,2884
WELINV,2012-03-19 00:00:00+05:30,34.25,35.7,34.25,35.0,267
WELINV,2012-03-20 00:00:00+05:30,34.1,34.1,33.9,33.9,82
WELINV,2012-03-21 00:00:00+05:30,33.5,35.55,33.5,34.95,181
WELINV,2012-03-22 00:00:00+05:30,34.85,36.5,34.05,34.1,213
WELINV,2012-03-23 00:00:00+05:30,35.75,35.75,35.75,35.75,9
WELINV,2012-03-26 00:00:00+05:30,35.5,35.5,34.3,34.5,573
WELINV,2012-03-27 00:00:00+05:30,35.5,36.0,35.5,35.5,196
WELINV,2012-03-28 00:00:00+05:30,33.85,33.85,33.8,33.8,41
WELINV,2012-03-29 00:00:00+05:30,32.4,34.85,32.35,34.85,27
WELINV,2012-03-30 00:00:00+05:30,33.3,33.65,33.15,33.15,198
WELINV,2012-04-02 00:00:00+05:30,32.0,32.65,32.0,32.0,4015
WELINV,2012-04-03 00:00:00+05:30,32.5,32.5,31.4,32.5,450
WELINV,2012-04-04 00:00:00+05:30,30.95,32.5,30.95,32.5,152
WELINV,2012-04-09 00:00:00+05:30,32.45,32.45,31.75,32.0,4480
WELINV,2012-04-10 00:00:00+05:30,32.0,32.0,30.6,31.25,231
WELINV,2012-04-11 00:00:00+05:30,30.05,30.05,30.05,30.05,5
WELINV,2012-04-12 00:00:00+05:30,29.75,31.25,29.75,31.25,604
WELINV,2012-04-13 00:00:00+05:30,31.95,32.75,29.7,32.6,5723
WELINV,2012-04-16 00:00:00+05:30,31.1,31.1,31.0,31.0,2634
WELINV,2012-04-17 00:00:00+05:30,30.95,30.95,30.3,30.85,12
WELINV,2012-04-18 00:00:00+05:30,30.95,31.0,30.15,30.65,2258
WELINV,2012-04-19 00:00:00+05:30,30.25,30.3,29.15,29.5,5357
WELINV,2012-04-20 00:00:00+05:30,29.0,29.0,28.6,29.0,1049
WELINV,2012-04-23 00:00:00+05:30,27.55,27.8,27.55,27.8,5
WELINV,2012-04-24 00:00:00+05:30,27.05,27.5,26.8,27.0,1511
WELINV,2012-04-25 00:00:00+05:30,27.55,27.55,26.95,27.0,582
WELINV,2012-04-26 00:00:00+05:30,26.0,27.0,26.0,27.0,293
WELINV,2012-04-27 00:00:00+05:30,26.5,26.5,25.75,25.75,899
WELINV,2012-04-30 00:00:00+05:30,24.25,26.65,24.25,25.5,336
WELINV,2012-05-02 00:00:00+05:30,25.5,26.0,25.5,26.0,2474
WELINV,2012-05-03 00:00:00+05:30,27.3,27.3,25.2,25.2,2271
WELINV,2012-05-04 00:00:00+05:30,25.2,25.95,23.95,24.0,7698
WELINV,2012-05-07 00:00:00+05:30,24.55,24.55,22.9,22.9,975
WELINV,2012-05-08 00:00:00+05:30,22.55,24.0,22.55,24.0,1956
WELINV,2012-05-09 00:00:00+05:30,23.2,23.2,22.8,22.85,862
WELINV,2012-05-10 00:00:00+05:30,23.95,23.95,21.75,21.8,1208
WELINV,2012-05-11 00:00:00+05:30,21.8,22.85,20.75,22.85,1981
WELINV,2012-05-14 00:00:00+05:30,23.2,23.95,23.2,23.9,1310
WELINV,2012-05-15 00:00:00+05:30,23.9,24.55,22.8,23.0,85
WELINV,2012-05-16 00:00:00+05:30,22.85,22.85,21.85,22.35,6985
WELINV,2012-05-17 00:00:00+05:30,21.4,23.0,21.25,21.25,14467
WELINV,2012-05-18 00:00:00+05:30,21.75,21.85,20.2,20.2,12355
WELINV,2012-05-21 00:00:00+05:30,20.2,20.2,19.2,19.2,12586
WELINV,2012-05-22 00:00:00+05:30,19.1,19.1,18.65,19.0,3943
WELINV,2012-05-23 00:00:00+05:30,19.1,19.1,18.2,18.5,789
WELINV,2012-05-24 00:00:00+05:30,19.4,19.4,17.8,18.5,140
WELINV,2012-05-25 00:00:00+05:30,19.35,19.4,18.5,19.2,3716
WELINV,2012-05-28 00:00:00+05:30,20.15,20.15,18.65,18.65,1908
WELINV,2012-05-29 00:00:00+05:30,18.0,19.45,18.0,19.0,6561
WELINV,2012-05-30 00:00:00+05:30,19.0,19.0,18.25,18.5,731
WELINV,2012-05-31 00:00:00+05:30,18.5,19.0,18.5,18.6,1047
WELINV,2012-06-01 00:00:00+05:30,17.75,19.5,17.75,18.7,7838
WELINV,2012-06-04 00:00:00+05:30,18.0,19.0,18.0,18.5,1817
WELINV,2012-06-05 00:00:00+05:30,18.5,18.5,17.6,17.6,30587
WELINV,2012-06-06 00:00:00+05:30,17.6,17.8,17.6,17.8,18200
WELINV,2012-06-07 00:00:00+05:30,17.5,17.5,16.95,16.95,12711
WELINV,2012-06-08 00:00:00+05:30,17.0,17.0,16.15,16.5,861
WELINV,2012-06-11 00:00:00+05:30,16.9,16.95,16.8,16.85,5394
WELINV,2012-06-12 00:00:00+05:30,16.45,17.0,16.45,17.0,101
WELINV,2012-06-13 00:00:00+05:30,17.0,17.0,16.2,16.95,16687
WELINV,2012-06-14 00:00:00+05:30,17.7,17.75,16.6,16.6,3040
WELINV,2012-06-15 00:00:00+05:30,17.35,17.4,16.4,16.9,14223
WELINV,2012-06-18 00:00:00+05:30,17.0,17.0,16.5,16.6,7585
WELINV,2012-06-19 00:00:00+05:30,16.65,16.65,16.65,16.65,1
WELINV,2012-06-20 00:00:00+05:30,16.2,17.4,16.15,16.75,1753
WELINV,2012-06-21 00:00:00+05:30,16.3,17.25,16.25,16.65,33
WELINV,2012-06-22 00:00:00+05:30,16.75,16.8,16.25,16.45,2709
WELINV,2012-06-25 00:00:00+05:30,16.0,17.25,16.0,17.25,3330
WELINV,2012-06-26 00:00:00+05:30,18.1,18.1,17.35,17.35,2656
WELINV,2012-06-27 00:00:00+05:30,18.2,18.2,18.2,18.2,52
WELINV,2012-06-28 00:00:00+05:30,19.1,19.1,18.55,18.55,1774
WELINV,2012-06-29 00:00:00+05:30,19.45,19.45,18.1,18.85,222
WELINV,2012-07-02 00:00:00+05:30,19.6,19.6,18.1,19.45,675
WELINV,2012-07-03 00:00:00+05:30,18.55,19.95,18.5,19.05,77
WELINV,2012-07-04 00:00:00+05:30,18.3,18.6,18.25,18.45,8
WELINV,2012-07-05 00:00:00+05:30,18.6,19.35,18.15,19.15,755
WELINV,2012-07-06 00:00:00+05:30,18.65,20.0,18.65,19.7,79
WELINV,2012-07-09 00:00:00+05:30,18.05,20.7,17.8,20.45,792
WELINV,2012-07-10 00:00:00+05:30,20.45,21.8,18.7,19.7,304
WELINV,2012-07-11 00:00:00+05:30,19.4,19.4,19.15,19.15,68
WELINV,2012-07-12 00:00:00+05:30,20.0,20.0,19.45,19.45,253
WELINV,2012-07-13 00:00:00+05:30,20.0,20.05,20.0,20.0,1042
WELINV,2012-07-16 00:00:00+05:30,20.45,20.45,19.15,19.25,1257
WELINV,2012-07-17 00:00:00+05:30,19.1,21.0,19.1,19.2,2104
WELINV,2012-07-18 00:00:00+05:30,19.85,19.85,18.6,18.85,1469
WELINV,2012-07-19 00:00:00+05:30,18.85,20.0,18.85,19.15,14
WELINV,2012-07-20 00:00:00+05:30,18.85,21.05,18.6,20.95,3996
WELINV,2012-07-23 00:00:00+05:30,19.15,20.9,19.15,20.85,1533
WELINV,2012-07-24 00:00:00+05:30,20.85,20.85,19.85,19.85,188
WELINV,2012-07-25 00:00:00+05:30,21.0,21.0,19.85,19.9,105
WELINV,2012-07-26 00:00:00+05:30,20.05,20.05,19.15,19.15,586
WELINV,2012-07-27 00:00:00+05:30,19.15,20.05,19.0,19.1,582
WELINV,2012-07-30 00:00:00+05:30,18.45,18.45,17.4,18.3,331
WELINV,2012-07-31 00:00:00+05:30,19.5,19.5,18.2,18.95,1087
WELINV,2012-08-01 00:00:00+05:30,18.0,18.15,18.0,18.15,1079
WELINV,2012-08-02 00:00:00+05:30,18.15,19.4,18.15,18.4,235
WELINV,2012-08-03 00:00:00+05:30,18.3,19.45,17.9,18.7,490
WELINV,2012-08-06 00:00:00+05:30,18.55,18.55,18.55,18.55,22
WELINV,2012-08-07 00:00:00+05:30,17.7,18.5,17.7,18.4,372
WELINV,2012-08-08 00:00:00+05:30,18.5,19.25,18.2,19.0,1198
WELINV,2012-08-09 00:00:00+05:30,19.25,19.9,18.5,19.9,1098
WELINV,2012-08-10 00:00:00+05:30,21.55,21.55,18.55,18.7,2273
WELINV,2012-08-13 00:00:00+05:30,18.7,20.0,18.6,19.0,5654
WELINV,2012-08-14 00:00:00+05:30,18.0,19.85,17.3,19.1,4067
WELINV,2012-08-16 00:00:00+05:30,18.5,18.5,18.05,18.2,38
WELINV,2012-08-17 00:00:00+05:30,19.0,19.45,18.1,18.85,1079
WELINV,2012-08-21 00:00:00+05:30,17.3,18.9,17.25,17.6,1727
WELINV,2012-08-22 00:00:00+05:30,17.5,18.85,17.5,17.75,1237
WELINV,2012-08-23 00:00:00+05:30,17.6,19.5,17.6,18.95,462
WELINV,2012-08-24 00:00:00+05:30,17.95,19.7,17.55,19.55,639
WELINV,2012-08-27 00:00:00+05:30,18.85,19.75,18.5,18.5,6431
WELINV,2012-08-28 00:00:00+05:30,19.05,19.4,18.5,18.5,4430
WELINV,2012-08-29 00:00:00+05:30,19.5,19.5,19.0,19.05,11329
WELINV,2012-08-30 00:00:00+05:30,18.15,19.5,18.15,19.45,4652
WELINV,2012-08-31 00:00:00+05:30,18.5,19.5,18.5,19.45,1603
WELINV,2012-09-03 00:00:00+05:30,18.25,18.35,18.25,18.35,4
WELINV,2012-09-04 00:00:00+05:30,17.75,20.05,17.7,19.55,54
WELINV,2012-09-05 00:00:00+05:30,19.9,19.95,19.1,19.95,698
WELINV,2012-09-06 00:00:00+05:30,20.25,21.0,20.25,20.85,3569
WELINV,2012-09-07 00:00:00+05:30,20.0,21.8,20.0,21.55,1101
WELINV,2012-09-10 00:00:00+05:30,21.8,21.8,20.5,20.9,87
WELINV,2012-09-11 00:00:00+05:30,21.5,21.5,20.05,21.4,2639
WELINV,2012-09-12 00:00:00+05:30,19.0,21.5,19.0,20.5,2301
WELINV,2012-09-13 00:00:00+05:30,20.0,20.0,20.0,20.0,557
WELINV,2012-09-14 00:00:00+05:30,18.35,20.5,18.35,20.45,1801
WELINV,2012-09-17 00:00:00+05:30,21.5,21.5,18.0,20.0,315
WELINV,2012-09-18 00:00:00+05:30,21.5,23.9,20.0,21.05,1725
WELINV,2012-09-20 00:00:00+05:30,20.0,21.5,20.0,21.5,375
WELINV,2012-09-21 00:00:00+05:30,21.4,22.0,20.75,20.8,1960
WELINV,2012-09-24 00:00:00+05:30,21.0,21.0,20.65,21.0,158
WELINV,2012-09-25 00:00:00+05:30,19.8,21.0,19.5,20.45,809
WELINV,2012-09-26 00:00:00+05:30,20.5,22.4,20.45,20.45,4787
WELINV,2012-09-27 00:00:00+05:30,24.15,24.15,20.25,20.65,2779
WELINV,2012-09-28 00:00:00+05:30,20.65,21.8,19.95,20.5,536
WELINV,2012-10-01 00:00:00+05:30,20.0,22.0,20.0,20.45,464
WELINV,2012-10-03 00:00:00+05:30,20.0,21.0,20.0,20.7,1170
WELINV,2012-10-04 00:00:00+05:30,20.05,21.0,20.05,20.55,5031
WELINV,2012-10-05 00:00:00+05:30,20.15,21.0,20.1,20.1,1161
WELINV,2012-10-08 00:00:00+05:30,20.0,21.25,20.0,20.7,1080
WELINV,2012-10-09 00:00:00+05:30,21.25,21.25,19.75,20.55,235
WELINV,2012-10-10 00:00:00+05:30,21.25,21.25,20.15,20.5,407
WELINV,2012-10-11 00:00:00+05:30,19.05,21.25,19.0,20.95,1972
WELINV,2012-10-12 00:00:00+05:30,21.25,21.25,19.15,21.2,4716
WELINV,2012-10-15 00:00:00+05:30,21.0,21.25,19.8,19.8,569
WELINV,2012-10-16 00:00:00+05:30,19.95,21.0,19.8,19.8,154
WELINV,2012-10-17 00:00:00+05:30,20.95,20.95,19.7,19.7,58
WELINV,2012-10-18 00:00:00+05:30,20.5,20.5,20.2,20.2,182
WELINV,2012-10-19 00:00:00+05:30,23.95,24.0,19.5,20.0,2997
WELINV,2012-10-22 00:00:00+05:30,19.4,22.6,19.35,20.55,1840
WELINV,2012-10-23 00:00:00+05:30,20.25,21.0,20.15,20.15,950
WELINV,2012-10-25 00:00:00+05:30,20.05,20.9,19.85,20.0,2894
WELINV,2012-10-26 00:00:00+05:30,18.55,20.7,18.5,19.85,580
WELINV,2012-10-29 00:00:00+05:30,20.05,20.2,19.25,20.2,1038
WELINV,2012-10-30 00:00:00+05:30,19.5,20.0,19.5,19.55,137
WELINV,2012-10-31 00:00:00+05:30,19.65,21.5,19.6,20.65,6193
WELINV,2012-11-01 00:00:00+05:30,20.5,21.0,20.05,20.5,2320
WELINV,2012-11-02 00:00:00+05:30,20.5,21.0,19.55,20.5,674
WELINV,2012-11-05 00:00:00+05:30,21.0,21.75,20.5,21.45,3497
WELINV,2012-11-06 00:00:00+05:30,22.0,22.0,20.75,21.0,3208
WELINV,2012-11-07 00:00:00+05:30,21.0,21.8,20.85,21.75,1899
WELINV,2012-11-08 00:00:00+05:30,21.75,21.75,21.05,21.35,265
WELINV,2012-11-09 00:00:00+05:30,21.95,25.6,21.0,22.7,34970
WELINV,2012-11-12 00:00:00+05:30,22.0,22.7,21.8,22.7,2452
WELINV,2012-11-13 00:00:00+05:30,21.5,22.5,21.5,21.8,7
WELINV,2012-11-15 00:00:00+05:30,21.8,25.7,21.8,22.55,4091
WELINV,2012-11-16 00:00:00+05:30,21.85,22.85,21.55,22.4,132
WELINV,2012-11-19 00:00:00+05:30,21.65,22.95,21.65,22.0,53
WELINV,2012-11-20 00:00:00+05:30,21.3,22.0,21.0,21.05,1264
WELINV,2012-11-21 00:00:00+05:30,20.8,22.0,20.8,21.25,56
WELINV,2012-11-22 00:00:00+05:30,22.9,23.0,21.25,21.3,115
WELINV,2012-11-23 00:00:00+05:30,21.1,22.85,19.95,21.2,303749
WELINV,2012-11-26 00:00:00+05:30,21.0,22.2,20.5,20.7,1750
WELINV,2012-11-27 00:00:00+05:30,21.0,23.6,21.0,22.95,1055
WELINV,2012-11-29 00:00:00+05:30,21.85,23.5,21.25,22.2,3710
WELINV,2012-11-30 00:00:00+05:30,21.05,23.0,20.0,20.0,517035
WELINV,2012-12-03 00:00:00+05:30,21.4,22.5,20.7,21.9,11966
WELINV,2012-12-04 00:00:00+05:30,22.75,23.5,22.05,23.15,9486
WELINV,2012-12-05 00:00:00+05:30,23.25,25.6,23.25,23.75,6676
WELINV,2012-12-06 00:00:00+05:30,24.2,24.45,22.4,23.95,2444
WELINV,2012-12-07 00:00:00+05:30,25.2,25.25,22.5,23.3,4650
WELINV,2012-12-10 00:00:00+05:30,22.9,23.45,22.4,22.65,2065
WELINV,2012-12-11 00:00:00+05:30,23.1,27.0,23.1,26.75,27137
WELINV,2012-12-12 00:00:00+05:30,26.75,31.0,26.75,27.85,14698
WELINV,2012-12-13 00:00:00+05:30,26.5,29.5,26.5,28.0,6041
WELINV,2012-12-14 00:00:00+05:30,27.0,27.9,26.3,27.1,2939
WELINV,2012-12-17 00:00:00+05:30,27.2,28.8,27.15,28.2,2207
WELINV,2012-12-18 00:00:00+05:30,28.0,28.95,27.3,27.9,2760
WELINV,2012-12-19 00:00:00+05:30,27.55,28.4,27.5,27.9,2895
WELINV,2012-12-20 00:00:00+05:30,28.0,28.5,27.9,28.05,690
WELINV,2012-12-21 00:00:00+05:30,27.1,28.0,27.0,27.0,2269
WELINV,2012-12-24 00:00:00+05:30,27.0,28.5,25.85,26.3,1525
WELINV,2012-12-26 00:00:00+05:30,26.15,26.5,25.3,25.55,2516
WELINV,2012-12-27 00:00:00+05:30,24.45,25.5,24.45,25.0,72
WELINV,2012-12-28 00:00:00+05:30,26.95,26.95,24.1,24.55,1274
WELINV,2012-12-31 00:00:00+05:30,25.55,25.6,24.2,24.5,2606
WELINV,2013-01-01 00:00:00+05:30,24.5,25.65,24.0,24.75,204
WELINV,2013-01-02 00:00:00+05:30,25.0,25.9,24.8,24.8,782
WELINV,2013-01-03 00:00:00+05:30,24.8,25.5,24.8,25.05,279
WELINV,2013-01-04 00:00:00+05:30,23.85,26.5,23.85,26.4,1420
WELINV,2013-01-07 00:00:00+05:30,25.0,26.0,24.55,25.5,508
WELINV,2013-01-08 00:00:00+05:30,25.0,26.35,24.5,24.55,349
WELINV,2013-01-09 00:00:00+05:30,25.85,26.0,25.3,25.9,545
WELINV,2013-01-10 00:00:00+05:30,26.0,26.6,24.0,25.6,228
WELINV,2013-01-11 00:00:00+05:30,25.0,26.3,24.05,24.45,388
WELINV,2013-01-14 00:00:00+05:30,24.45,24.95,23.5,24.1,199
WELINV,2013-01-15 00:00:00+05:30,23.05,24.95,23.05,24.9,414
WELINV,2013-01-16 00:00:00+05:30,23.7,24.7,23.15,23.7,5843
WELINV,2013-01-17 00:00:00+05:30,25.75,25.75,23.3,23.35,137
WELINV,2013-01-18 00:00:00+05:30,23.1,23.95,23.0,23.3,3848
WELINV,2013-01-21 00:00:00+05:30,22.35,24.15,22.3,23.0,1156
WELINV,2013-01-22 00:00:00+05:30,24.6,24.65,22.55,22.65,1219
WELINV,2013-01-23 00:00:00+05:30,22.7,23.95,22.65,22.7,455
WELINV,2013-01-24 00:00:00+05:30,23.95,23.95,22.4,22.4,206
WELINV,2013-01-25 00:00:00+05:30,22.0,22.45,21.5,22.45,385
WELINV,2013-01-28 00:00:00+05:30,21.5,23.95,20.45,23.1,325
WELINV,2013-01-29 00:00:00+05:30,22.95,24.0,22.55,23.95,436
WELINV,2013-01-30 00:00:00+05:30,21.7,24.45,21.7,22.85,220
WELINV,2013-01-31 00:00:00+05:30,22.95,24.0,22.45,22.45,229
WELINV,2013-02-01 00:00:00+05:30,22.6,22.7,22.6,22.6,155
WELINV,2013-02-04 00:00:00+05:30,22.95,23.9,22.95,23.7,1137
WELINV,2013-02-05 00:00:00+05:30,21.6,23.25,21.5,23.2,513
WELINV,2013-02-06 00:00:00+05:30,22.15,24.0,22.15,23.15,31
WELINV,2013-02-07 00:00:00+05:30,22.0,22.55,22.0,22.55,1475
WELINV,2013-02-08 00:00:00+05:30,22.0,23.05,20.45,23.05,1062
WELINV,2013-02-11 00:00:00+05:30,22.8,25.0,22.0,22.75,946
WELINV,2013-02-12 00:00:00+05:30,22.7,23.0,21.75,21.75,203
WELINV,2013-02-13 00:00:00+05:30,21.55,22.9,21.5,22.1,320
WELINV,2013-02-14 00:00:00+05:30,22.0,23.1,20.15,21.7,3951
WELINV,2013-02-15 00:00:00+05:30,22.95,23.1,22.95,23.0,12
WELINV,2013-02-18 00:00:00+05:30,23.45,23.5,21.6,21.75,1601
WELINV,2013-02-19 00:00:00+05:30,21.6,26.0,21.6,25.0,3307
WELINV,2013-02-20 00:00:00+05:30,21.15,27.9,21.15,24.15,4754
WELINV,2013-02-21 00:00:00+05:30,25.0,25.95,23.6,24.55,4581
WELINV,2013-02-22 00:00:00+05:30,24.3,25.0,23.05,23.5,2079
WELINV,2013-02-25 00:00:00+05:30,26.5,26.5,21.2,21.5,10550
WELINV,2013-02-26 00:00:00+05:30,23.45,23.45,17.25,20.05,12282
WELINV,2013-02-27 00:00:00+05:30,21.9,21.9,19.0,19.3,3978
WELINV,2013-02-28 00:00:00+05:30,19.2,20.55,19.1,20.55,69
WELINV,2013-03-01 00:00:00+05:30,23.5,23.5,19.0,20.0,3641
WELINV,2013-03-04 00:00:00+05:30,19.8,19.95,19.0,19.8,418
WELINV,2013-03-05 00:00:00+05:30,19.0,20.95,19.0,20.0,1889
WELINV,2013-03-06 00:00:00+05:30,20.95,21.45,20.25,20.55,682
WELINV,2013-03-07 00:00:00+05:30,19.85,20.95,19.85,20.1,214
WELINV,2013-03-08 00:00:00+05:30,19.2,20.5,19.2,20.45,2992
WELINV,2013-03-11 00:00:00+05:30,19.5,21.0,19.0,20.0,2226
WELINV,2013-03-12 00:00:00+05:30,19.15,20.2,19.15,20.2,541
WELINV,2013-03-13 00:00:00+05:30,19.5,20.15,19.3,20.0,2163
WELINV,2013-03-14 00:00:00+05:30,19.3,19.95,19.1,19.5,46
WELINV,2013-03-15 00:00:00+05:30,19.05,19.8,19.0,19.55,217
WELINV,2013-03-18 00:00:00+05:30,19.0,20.75,19.0,19.85,755
WELINV,2013-03-19 00:00:00+05:30,19.1,19.7,19.0,19.7,217
WELINV,2013-03-20 00:00:00+05:30,19.2,20.0,18.0,18.5,3465
WELINV,2013-03-21 00:00:00+05:30,18.85,20.5,18.4,18.55,1312
WELINV,2013-03-22 00:00:00+05:30,18.55,19.0,17.05,18.0,325
WELINV,2013-03-25 00:00:00+05:30,17.25,18.9,17.25,17.5,680
WELINV,2013-03-26 00:00:00+05:30,16.5,18.0,16.5,18.0,4
WELINV,2013-03-28 00:00:00+05:30,17.5,19.7,17.5,17.8,172
WELINV,2013-04-01 00:00:00+05:30,19.0,19.0,16.4,18.9,33
WELINV,2013-04-02 00:00:00+05:30,17.9,18.9,17.9,18.7,108
WELINV,2013-04-03 00:00:00+05:30,18.1,22.2,18.1,22.2,17
WELINV,2013-04-04 00:00:00+05:30,20.6,21.0,18.4,19.1,3228
WELINV,2013-04-05 00:00:00+05:30,18.5,22.0,18.5,19.9,14
WELINV,2013-04-08 00:00:00+05:30,18.6,21.0,17.5,18.55,1303
WELINV,2013-04-09 00:00:00+05:30,18.3,20.9,18.05,18.55,35
WELINV,2013-04-10 00:00:00+05:30,20.0,20.0,18.0,18.45,383
WELINV,2013-04-11 00:00:00+05:30,17.5,21.0,17.5,18.0,35
WELINV,2013-04-12 00:00:00+05:30,18.05,19.95,18.05,18.3,115
WELINV,2013-04-15 00:00:00+05:30,17.65,20.9,17.65,19.75,227
WELINV,2013-04-16 00:00:00+05:30,18.4,20.0,18.0,18.65,112
WELINV,2013-04-17 00:00:00+05:30,17.5,19.0,17.0,18.45,1188
WELINV,2013-04-18 00:00:00+05:30,20.95,20.95,18.05,18.2,405
WELINV,2013-04-22 00:00:00+05:30,21.5,21.5,17.55,18.75,380
WELINV,2013-04-23 00:00:00+05:30,17.65,22.0,17.65,20.4,267
WELINV,2013-04-25 00:00:00+05:30,19.5,20.0,18.4,19.45,124
WELINV,2013-04-26 00:00:00+05:30,19.0,20.35,18.1,19.95,63
WELINV,2013-04-29 00:00:00+05:30,19.0,19.45,17.65,18.55,16
WELINV,2013-04-30 00:00:00+05:30,18.0,19.9,18.0,19.0,63
WELINV,2013-05-02 00:00:00+05:30,18.2,20.35,17.55,18.95,4688
WELINV,2013-05-03 00:00:00+05:30,18.2,20.0,18.2,19.85,103
WELINV,2013-05-06 00:00:00+05:30,19.2,20.05,19.05,20.05,32
WELINV,2013-05-07 00:00:00+05:30,19.05,19.95,18.45,19.0,420
WELINV,2013-05-08 00:00:00+05:30,19.0,19.05,18.55,18.85,672
WELINV,2013-05-09 00:00:00+05:30,18.0,20.5,18.0,19.0,494
WELINV,2013-05-10 00:00:00+05:30,19.0,19.0,19.0,19.0,491
WELINV,2013-05-13 00:00:00+05:30,18.5,19.15,18.5,19.15,33
WELINV,2013-05-14 00:00:00+05:30,19.5,19.5,19.1,19.1,654
WELINV,2013-05-15 00:00:00+05:30,19.5,19.5,19.0,19.1,1048
WELINV,2013-05-16 00:00:00+05:30,18.5,19.05,18.5,19.05,2543
WELINV,2013-05-17 00:00:00+05:30,18.05,19.05,18.05,19.05,140
WELINV,2013-05-20 00:00:00+05:30,18.55,19.0,18.5,19.0,73
WELINV,2013-05-21 00:00:00+05:30,18.6,18.8,18.5,18.75,633
WELINV,2013-05-22 00:00:00+05:30,18.5,18.6,18.5,18.5,101
WELINV,2013-05-23 00:00:00+05:30,19.0,19.0,19.0,19.0,208
WELINV,2013-05-24 00:00:00+05:30,18.25,18.3,18.25,18.3,50
WELINV,2013-05-27 00:00:00+05:30,19.0,19.0,18.05,18.45,112
WELINV,2013-05-28 00:00:00+05:30,19.0,19.0,19.0,19.0,1114
WELINV,2013-05-29 00:00:00+05:30,18.05,20.8,17.6,18.5,25
WELINV,2013-05-30 00:00:00+05:30,18.0,19.05,17.55,19.0,2057
WELINV,2013-05-31 00:00:00+05:30,18.05,18.9,17.5,18.45,161
WELINV,2013-06-03 00:00:00+05:30,17.55,17.55,17.5,17.5,136
WELINV,2013-06-04 00:00:00+05:30,16.05,17.95,16.05,17.95,339
WELINV,2013-06-05 00:00:00+05:30,17.5,18.65,17.5,18.35,22
WELINV,2013-06-06 00:00:00+05:30,16.65,17.55,16.65,16.8,46
WELINV,2013-06-07 00:00:00+05:30,16.1,16.2,16.1,16.2,213
WELINV,2013-06-10 00:00:00+05:30,15.4,15.55,15.4,15.55,54
WELINV,2013-06-11 00:00:00+05:30,16.0,17.05,16.0,17.0,563
WELINV,2013-06-12 00:00:00+05:30,18.7,18.7,16.2,18.3,1115
WELINV,2013-06-13 00:00:00+05:30,17.5,19.65,17.5,19.6,177
WELINV,2013-06-14 00:00:00+05:30,21.0,21.0,17.95,18.0,929
WELINV,2013-06-17 00:00:00+05:30,18.0,18.0,18.0,18.0,1
WELINV,2013-06-18 00:00:00+05:30,17.8,17.8,17.75,17.8,64
WELINV,2013-06-19 00:00:00+05:30,19.5,19.5,18.0,18.0,191
WELINV,2013-06-20 00:00:00+05:30,18.7,19.45,17.55,17.55,68
WELINV,2013-06-21 00:00:00+05:30,17.5,19.15,17.35,17.75,533
WELINV,2013-06-24 00:00:00+05:30,17.4,19.25,16.55,19.25,15
WELINV,2013-06-25 00:00:00+05:30,17.45,19.55,17.4,19.55,406
WELINV,2013-06-26 00:00:00+05:30,17.6,18.4,17.6,17.6,141
WELINV,2013-06-27 00:00:00+05:30,17.6,18.4,17.6,17.6,0
WELINV,2013-06-28 00:00:00+05:30,17.6,17.65,16.4,17.45,111
WELINV,2013-07-01 00:00:00+05:30,17.45,17.5,16.1,16.6,184
WELINV,2013-07-02 00:00:00+05:30,17.95,17.95,16.0,17.55,59
WELINV,2013-07-03 00:00:00+05:30,16.05,17.95,16.05,17.95,7
WELINV,2013-07-04 00:00:00+05:30,17.3,17.3,17.3,17.3,1
WELINV,2013-07-05 00:00:00+05:30,15.65,18.45,15.65,18.45,3
WELINV,2013-07-08 00:00:00+05:30,15.65,18.45,15.65,18.45,0
WELINV,2013-07-09 00:00:00+05:30,15.65,18.45,15.65,18.45,0
WELINV,2013-07-10 00:00:00+05:30,15.65,18.45,15.65,18.45,0
WELINV,2013-07-11 00:00:00+05:30,15.65,18.45,15.65,18.45,0
WELINV,2013-07-12 00:00:00+05:30,15.65,18.45,15.65,18.45,0
WELINV,2013-07-15 00:00:00+05:30,15.65,18.45,15.65,18.45,0
WELINV,2013-07-16 00:00:00+05:30,15.65,18.45,15.65,18.45,0
WELINV,2013-07-17 00:00:00+05:30,15.65,18.45,15.65,18.45,0
WELINV,2013-07-18 00:00:00+05:30,15.65,18.45,15.65,18.45,0
WELINV,2013-07-19 00:00:00+05:30,18.45,18.45,18.45,18.45,5
WELINV,2013-07-22 00:00:00+05:30,18.45,18.45,18.45,18.45,0
WELINV,2013-07-23 00:00:00+05:30,18.45,18.45,18.45,18.45,0
WELINV,2013-07-24 00:00:00+05:30,18.45,18.45,18.45,18.45,0
WELINV,2013-07-25 00:00:00+05:30,18.45,18.45,18.45,18.45,0
WELINV,2013-07-26 00:00:00+05:30,18.45,18.45,18.45,18.45,0
WELINV,2013-07-29 00:00:00+05:30,18.45,18.45,18.45,18.45,0
WELINV,2013-07-30 00:00:00+05:30,18.45,18.45,18.45,18.45,0
WELINV,2013-07-31 00:00:00+05:30,18.45,18.45,18.45,18.45,0
WELINV,2013-08-01 00:00:00+05:30,18.45,18.45,18.45,18.45,0
WELINV,2013-08-02 00:00:00+05:30,18.45,18.45,18.45,18.45,0
WELINV,2013-08-05 00:00:00+05:30,18.45,18.45,18.45,18.45,0
WELINV,2013-08-06 00:00:00+05:30,18.45,18.45,18.45,18.45,0
WELINV,2013-08-07 00:00:00+05:30,18.45,18.45,18.45,18.45,0
WELINV,2013-08-08 00:00:00+05:30,18.45,18.45,18.45,18.45,0
WELINV,2013-08-12 00:00:00+05:30,18.45,18.45,18.45,18.45,0
WELINV,2013-08-13 00:00:00+05:30,18.45,18.45,18.45,18.45,0
WELINV,2013-08-14 00:00:00+05:30,18.45,18.45,18.45,18.45,0
WELINV,2013-08-16 00:00:00+05:30,18.45,18.45,18.45,18.45,0
WELINV,2013-08-19 00:00:00+05:30,18.45,18.45,18.45,18.45,0
WELINV,2013-08-20 00:00:00+05:30,18.45,18.45,18.45,18.45,0
WELINV,2013-08-21 00:00:00+05:30,18.45,18.45,18.45,18.45,0
WELINV,2013-08-22 00:00:00+05:30,18.45,18.45,18.45,18.45,0
WELINV,2013-08-23 00:00:00+05:30,18.45,18.45,18.45,18.45,0
WELINV,2013-08-26 00:00:00+05:30,18.45,18.45,18.45,18.45,0
WELINV,2013-08-27 00:00:00+05:30,18.45,18.45,18.45,18.45,0
WELINV,2013-08-28 00:00:00+05:30,18.45,18.45,18.45,18.45,0
WELINV,2013-08-29 00:00:00+05:30,18.45,18.45,18.45,18.45,0
WELINV,2013-08-30 00:00:00+05:30,18.45,18.45,18.45,18.45,0
WELINV,2013-09-02 00:00:00+05:30,18.45,18.45,18.45,18.45,0
WELINV,2013-09-03 00:00:00+05:30,17.55,17.55,17.55,17.55,1
WELINV,2013-09-04 00:00:00+05:30,17.55,17.55,17.55,17.55,0
WELINV,2013-09-05 00:00:00+05:30,17.55,17.55,17.55,17.55,0
WELINV,2013-09-06 00:00:00+05:30,17.55,17.55,17.55,17.55,0
WELINV,2013-09-10 00:00:00+05:30,17.55,17.55,17.55,17.55,0
WELINV,2013-09-11 00:00:00+05:30,17.55,17.55,17.55,17.55,0
WELINV,2013-09-12 00:00:00+05:30,17.55,17.55,17.55,17.55,0
WELINV,2013-09-13 00:00:00+05:30,17.55,17.55,17.55,17.55,0
WELINV,2013-09-16 00:00:00+05:30,16.7,16.7,16.7,16.7,784
WELINV,2013-09-17 00:00:00+05:30,16.5,16.5,16.5,16.5,501
WELINV,2013-09-18 00:00:00+05:30,17.3,17.3,17.3,17.3,2100
WELINV,2013-09-19 00:00:00+05:30,17.25,17.25,16.5,16.5,823
WELINV,2013-09-20 00:00:00+05:30,17.25,17.25,16.5,16.5,0
WELINV,2013-09-23 00:00:00+05:30,15.75,15.75,15.75,15.75,2
WELINV,2013-09-24 00:00:00+05:30,15.75,15.75,15.75,15.75,12
WELINV,2013-09-25 00:00:00+05:30,15.7,15.7,15.5,15.5,631
WELINV,2013-09-26 00:00:00+05:30,15.7,15.7,15.5,15.5,0
WELINV,2013-09-27 00:00:00+05:30,15.7,15.7,15.5,15.5,0
WELINV,2013-09-30 00:00:00+05:30,15.7,15.7,15.5,15.5,0
WELINV,2013-10-01 00:00:00+05:30,15.7,15.7,15.5,15.5,0
WELINV,2013-10-03 00:00:00+05:30,15.5,15.5,15.5,15.5,13
WELINV,2013-10-04 00:00:00+05:30,15.5,15.5,15.5,15.5,87
WELINV,2013-10-07 00:00:00+05:30,15.1,15.1,15.1,15.1,5
WELINV,2013-10-08 00:00:00+05:30,15.1,15.1,15.1,15.1,5
WELINV,2013-10-09 00:00:00+05:30,15.1,15.1,15.1,15.1,0
WELINV,2013-10-10 00:00:00+05:30,15.1,15.1,15.1,15.1,0
WELINV,2013-10-11 00:00:00+05:30,15.0,15.3,15.0,15.3,32
WELINV,2013-10-14 00:00:00+05:30,15.0,15.3,15.0,15.3,39
WELINV,2013-10-15 00:00:00+05:30,15.3,15.3,15.3,15.3,15
WELINV,2013-10-17 00:00:00+05:30,15.3,15.3,15.3,15.3,0
WELINV,2013-10-18 00:00:00+05:30,15.3,15.3,15.3,15.3,12
WELINV,2013-10-21 00:00:00+05:30,15.3,15.3,15.3,15.3,0
WELINV,2013-10-22 00:00:00+05:30,15.3,16.05,15.3,16.0,293
WELINV,2013-10-23 00:00:00+05:30,15.5,16.05,15.5,16.05,70
WELINV,2013-10-24 00:00:00+05:30,16.0,16.0,16.0,16.0,1
WELINV,2013-10-25 00:00:00+05:30,16.0,16.1,16.0,16.1,2
WELINV,2013-10-28 00:00:00+05:30,16.1,16.1,16.1,16.1,50
WELINV,2013-10-29 00:00:00+05:30,16.1,16.1,16.1,16.1,5
WELINV,2013-10-30 00:00:00+05:30,16.1,16.1,16.1,16.1,0
WELINV,2013-10-31 00:00:00+05:30,16.1,16.1,16.1,16.1,0
WELINV,2013-11-01 00:00:00+05:30,16.1,16.1,16.1,16.1,0
WELINV,2013-11-05 00:00:00+05:30,16.1,16.1,16.1,16.1,0
WELINV,2013-11-06 00:00:00+05:30,16.1,16.1,16.1,16.1,0
WELINV,2013-11-07 00:00:00+05:30,15.3,16.1,15.3,16.1,54
WELINV,2013-11-08 00:00:00+05:30,16.05,16.05,16.05,16.05,500
WELINV,2013-11-11 00:00:00+05:30,16.05,16.05,16.05,16.05,0
WELINV,2013-11-12 00:00:00+05:30,16.85,16.85,16.85,16.85,20
WELINV,2013-11-13 00:00:00+05:30,17.0,17.0,17.0,17.0,5
WELINV,2013-11-14 00:00:00+05:30,17.0,17.0,17.0,17.0,0
WELINV,2013-11-18 00:00:00+05:30,17.0,17.0,17.0,17.0,0
WELINV,2013-11-19 00:00:00+05:30,17.85,17.85,17.85,17.85,3
WELINV,2013-11-20 00:00:00+05:30,17.85,17.85,17.85,17.85,30
WELINV,2013-11-21 00:00:00+05:30,17.25,17.25,17.25,17.25,2
WELINV,2013-11-22 00:00:00+05:30,17.15,17.15,17.15,17.15,3
WELINV,2013-11-25 00:00:00+05:30,17.1,17.1,17.1,17.1,50
WELINV,2013-11-26 00:00:00+05:30,17.1,17.1,17.1,17.1,1100
WELINV,2013-11-27 00:00:00+05:30,17.1,17.1,17.1,17.1,55
WELINV,2013-11-28 00:00:00+05:30,17.1,17.1,17.1,17.1,11
WELINV,2013-11-29 00:00:00+05:30,17.1,17.9,17.1,17.1,1004
WELINV,2013-12-02 00:00:00+05:30,17.1,17.1,17.1,17.1,3
WELINV,2013-12-03 00:00:00+05:30,17.1,17.1,17.1,17.1,3
WELINV,2013-12-04 00:00:00+05:30,17.1,17.1,17.1,17.1,0
WELINV,2013-12-05 00:00:00+05:30,17.1,17.1,17.1,17.1,63
WELINV,2013-12-06 00:00:00+05:30,17.1,17.1,17.1,17.1,0
WELINV,2013-12-09 00:00:00+05:30,17.15,17.15,17.1,17.1,566
WELINV,2013-12-10 00:00:00+05:30,17.0,17.15,17.0,17.0,23
WELINV,2013-12-11 00:00:00+05:30,17.1,17.1,17.1,17.1,5
WELINV,2013-12-12 00:00:00+05:30,17.9,17.9,17.1,17.1,1104
WELINV,2013-12-13 00:00:00+05:30,17.1,17.1,17.1,17.1,15
WELINV,2013-12-16 00:00:00+05:30,17.0,17.0,17.0,17.0,7
WELINV,2013-12-17 00:00:00+05:30,17.1,17.1,17.1,17.1,15
WELINV,2013-12-18 00:00:00+05:30,17.1,17.1,17.1,17.1,25
WELINV,2013-12-19 00:00:00+05:30,17.1,17.1,17.1,17.1,3
WELINV,2013-12-20 00:00:00+05:30,17.95,17.95,17.95,17.95,35
WELINV,2013-12-23 00:00:00+05:30,18.0,18.0,18.0,18.0,168
WELINV,2013-12-24 00:00:00+05:30,18.0,18.0,18.0,18.0,8
WELINV,2013-12-26 00:00:00+05:30,18.9,18.9,18.9,18.9,28
WELINV,2013-12-27 00:00:00+05:30,19.8,19.8,19.25,19.3,11
WELINV,2013-12-30 00:00:00+05:30,19.3,19.5,19.3,19.5,27
WELINV,2013-12-31 00:00:00+05:30,19.5,19.5,19.5,19.5,6
WELINV,2014-01-01 00:00:00+05:30,19.5,19.5,19.5,19.5,0
WELINV,2014-01-02 00:00:00+05:30,19.5,19.5,19.5,19.5,0
WELINV,2014-01-03 00:00:00+05:30,19.5,19.5,19.5,19.5,0
WELINV,2014-01-06 00:00:00+05:30,19.5,19.5,19.5,19.5,0
WELINV,2014-01-07 00:00:00+05:30,19.5,19.5,19.5,19.5,0
WELINV,2014-01-08 00:00:00+05:30,19.5,19.5,19.5,19.5,0
WELINV,2014-01-09 00:00:00+05:30,18.6,18.6,18.6,18.6,2
WELINV,2014-01-10 00:00:00+05:30,17.85,17.85,17.85,17.85,50
WELINV,2014-01-13 00:00:00+05:30,17.3,17.3,17.3,17.3,777
WELINV,2014-01-14 00:00:00+05:30,17.35,18.15,17.35,18.15,11
WELINV,2014-01-15 00:00:00+05:30,18.05,18.5,18.05,18.15,124
WELINV,2014-01-16 00:00:00+05:30,18.05,18.5,18.05,18.15,0
WELINV,2014-01-17 00:00:00+05:30,18.45,18.45,18.45,18.45,5
WELINV,2014-01-20 00:00:00+05:30,18.15,19.35,18.15,19.35,196
WELINV,2014-01-21 00:00:00+05:30,18.55,19.45,18.55,19.45,24
WELINV,2014-01-22 00:00:00+05:30,18.6,19.45,18.6,19.45,186
WELINV,2014-01-23 00:00:00+05:30,19.0,20.4,19.0,20.4,4027
WELINV,2014-01-24 00:00:00+05:30,19.6,19.6,19.55,19.55,49
WELINV,2014-01-27 00:00:00+05:30,18.8,20.4,18.65,20.4,92
WELINV,2014-01-28 00:00:00+05:30,19.65,21.4,19.55,21.4,2758
WELINV,2014-01-29 00:00:00+05:30,20.55,20.55,20.5,20.5,10
WELINV,2014-01-30 00:00:00+05:30,20.5,21.05,20.5,20.65,124
WELINV,2014-01-31 00:00:00+05:30,20.1,21.65,20.1,21.65,2005
WELINV,2014-02-03 00:00:00+05:30,21.65,21.65,21.65,21.65,5
WELINV,2014-02-04 00:00:00+05:30,20.6,20.6,20.6,20.6,17
WELINV,2014-02-05 00:00:00+05:30,19.6,21.05,19.6,21.05,69
WELINV,2014-02-06 00:00:00+05:30,20.3,20.3,20.3,20.3,1
WELINV,2014-02-07 00:00:00+05:30,19.4,19.7,19.4,19.7,16
WELINV,2014-02-10 00:00:00+05:30,19.85,19.85,19.85,19.85,5
WELINV,2014-02-11 00:00:00+05:30,20.0,20.0,20.0,20.0,10
WELINV,2014-02-12 00:00:00+05:30,20.0,20.0,20.0,20.0,420
WELINV,2014-02-13 00:00:00+05:30,20.0,20.7,19.25,20.7,170
WELINV,2014-02-14 00:00:00+05:30,20.0,20.25,20.0,20.0,118
WELINV,2014-02-17 00:00:00+05:30,19.5,19.5,19.5,19.5,53
WELINV,2014-02-18 00:00:00+05:30,19.05,19.05,19.05,19.05,5
WELINV,2014-02-19 00:00:00+05:30,19.0,19.0,19.0,19.0,22
WELINV,2014-02-20 00:00:00+05:30,18.1,19.9,18.1,19.9,89
WELINV,2014-02-21 00:00:00+05:30,19.25,19.3,19.25,19.3,19
WELINV,2014-02-24 00:00:00+05:30,19.3,20.25,19.1,20.25,367
WELINV,2014-02-25 00:00:00+05:30,20.1,20.1,19.35,19.35,121
WELINV,2014-02-26 00:00:00+05:30,20.3,20.3,19.05,19.05,505
WELINV,2014-02-28 00:00:00+05:30,18.2,19.05,18.2,18.65,49
WELINV,2014-03-03 00:00:00+05:30,19.55,19.55,19.55,19.55,49
WELINV,2014-03-04 00:00:00+05:30,20.0,20.0,19.4,19.4,3021
WELINV,2014-03-05 00:00:00+05:30,19.25,19.25,19.25,19.25,115
WELINV,2014-03-06 00:00:00+05:30,18.55,19.3,18.55,19.3,117
WELINV,2014-03-07 00:00:00+05:30,17.65,19.5,17.65,19.5,68
WELINV,2014-03-10 00:00:00+05:30,21.45,21.45,21.45,21.45,207
WELINV,2014-03-11 00:00:00+05:30,23.45,23.45,23.45,23.45,34
WELINV,2014-03-12 00:00:00+05:30,21.3,22.5,21.3,22.5,33
WELINV,2014-03-13 00:00:00+05:30,21.2,23.3,21.2,22.85,291
WELINV,2014-03-14 00:00:00+05:30,21.2,23.2,21.2,21.6,216
WELINV,2014-03-18 00:00:00+05:30,21.6,21.65,20.05,21.65,58
WELINV,2014-03-19 00:00:00+05:30,21.0,21.0,21.0,21.0,15
WELINV,2014-03-20 00:00:00+05:30,22.95,23.1,20.1,23.1,608
WELINV,2014-03-21 00:00:00+05:30,23.95,25.4,23.05,25.4,8742
WELINV,2014-03-24 00:00:00+05:30,26.55,28.0,26.55,27.0,3179
WELINV,2014-03-25 00:00:00+05:30,28.25,28.25,25.85,25.95,335
WELINV,2014-03-26 00:00:00+05:30,25.1,25.1,25.1,25.1,63
WELINV,2014-03-27 00:00:00+05:30,24.15,24.2,23.85,23.85,324
WELINV,2014-03-28 00:00:00+05:30,22.75,24.5,22.7,24.15,830
WELINV,2014-03-31 00:00:00+05:30,23.05,23.5,23.05,23.5,15
WELINV,2014-04-01 00:00:00+05:30,22.5,22.55,22.5,22.55,34
WELINV,2014-04-02 00:00:00+05:30,22.05,23.5,22.05,23.5,1043
WELINV,2014-04-03 00:00:00+05:30,24.6,24.6,22.5,23.5,217
WELINV,2014-04-04 00:00:00+05:30,24.0,24.65,24.0,24.65,1356
WELINV,2014-04-07 00:00:00+05:30,23.55,23.55,23.55,23.55,101
WELINV,2014-04-09 00:00:00+05:30,22.45,24.7,22.45,24.7,585
WELINV,2014-04-10 00:00:00+05:30,24.7,25.9,24.7,25.0,8074
WELINV,2014-04-11 00:00:00+05:30,25.0,25.0,25.0,25.0,238
WELINV,2014-04-15 00:00:00+05:30,23.85,26.25,23.85,26.15,1260
WELINV,2014-04-16 00:00:00+05:30,24.85,24.85,24.85,24.85,150
WELINV,2014-04-17 00:00:00+05:30,23.7,26.05,23.7,26.05,85
WELINV,2014-04-21 00:00:00+05:30,24.75,26.0,24.75,26.0,1061
WELINV,2014-04-22 00:00:00+05:30,25.25,27.3,24.8,26.0,5407
WELINV,2014-04-23 00:00:00+05:30,24.9,27.3,24.9,25.75,2614
WELINV,2014-04-25 00:00:00+05:30,25.75,27.0,24.8,27.0,432
WELINV,2014-04-28 00:00:00+05:30,25.65,27.9,25.65,25.65,8795
WELINV,2014-04-29 00:00:00+05:30,25.4,26.9,24.8,25.85,4103
WELINV,2014-04-30 00:00:00+05:30,26.0,26.4,25.5,25.5,286
WELINV,2014-05-02 00:00:00+05:30,24.8,25.35,24.8,25.35,260
WELINV,2014-05-05 00:00:00+05:30,24.8,25.35,24.8,25.35,0
WELINV,2014-05-06 00:00:00+05:30,24.9,24.9,24.25,24.25,103
WELINV,2014-05-07 00:00:00+05:30,23.55,25.35,23.55,23.55,398
WELINV,2014-05-08 00:00:00+05:30,23.0,24.45,23.0,24.45,2492
WELINV,2014-05-09 00:00:00+05:30,23.35,24.5,23.35,24.45,2635
WELINV,2014-05-12 00:00:00+05:30,24.85,24.95,23.3,24.95,837
WELINV,2014-05-13 00:00:00+05:30,23.85,25.0,23.85,24.95,1352
WELINV,2014-05-14 00:00:00+05:30,24.95,25.0,24.95,25.0,764
WELINV,2014-05-15 00:00:00+05:30,24.0,24.95,24.0,24.2,541
WELINV,2014-05-16 00:00:00+05:30,24.0,24.95,24.0,24.0,1284
WELINV,2014-05-19 00:00:00+05:30,24.0,24.95,24.0,24.5,1125
WELINV,2014-05-20 00:00:00+05:30,23.5,24.5,23.5,24.5,215
WELINV,2014-05-21 00:00:00+05:30,23.5,25.0,23.5,23.55,554
WELINV,2014-05-22 00:00:00+05:30,23.0,24.7,23.0,24.7,1161
WELINV,2014-05-23 00:00:00+05:30,23.5,25.05,23.5,25.05,147
WELINV,2014-05-26 00:00:00+05:30,24.05,24.05,24.05,24.05,153
WELINV,2014-05-27 00:00:00+05:30,23.0,25.25,23.0,23.0,576
WELINV,2014-05-28 00:00:00+05:30,22.35,23.05,22.35,23.05,43
WELINV,2014-05-29 00:00:00+05:30,23.5,23.5,23.5,23.5,59
WELINV,2014-05-30 00:00:00+05:30,23.05,24.65,23.05,23.05,1108
WELINV,2014-06-02 00:00:00+05:30,24.0,24.2,24.0,24.2,439
WELINV,2014-06-03 00:00:00+05:30,24.5,25.4,23.55,25.4,1052
WELINV,2014-06-04 00:00:00+05:30,25.1,26.65,25.1,26.65,819
WELINV,2014-06-05 00:00:00+05:30,26.1,27.95,26.1,27.95,2775
WELINV,2014-06-06 00:00:00+05:30,26.6,27.05,26.6,27.05,29
WELINV,2014-06-09 00:00:00+05:30,27.0,28.4,27.0,27.1,1126
WELINV,2014-06-10 00:00:00+05:30,27.55,28.45,26.1,27.05,387
WELINV,2014-06-11 00:00:00+05:30,27.0,27.2,27.0,27.1,1892
WELINV,2014-06-12 00:00:00+05:30,26.15,28.2,26.15,26.7,238
WELINV,2014-06-13 00:00:00+05:30,28.0,28.0,27.0,28.0,2380
WELINV,2014-06-16 00:00:00+05:30,26.75,28.15,26.75,27.6,534
WELINV,2014-06-17 00:00:00+05:30,27.9,28.95,27.4,28.9,940
WELINV,2014-06-18 00:00:00+05:30,30.25,30.25,28.1,28.2,1767
WELINV,2014-06-19 00:00:00+05:30,28.2,29.4,27.35,29.4,54
WELINV,2014-06-20 00:00:00+05:30,28.35,28.5,28.1,28.1,1010
WELINV,2014-06-23 00:00:00+05:30,27.75,27.8,27.2,27.2,260
WELINV,2014-06-24 00:00:00+05:30,27.55,28.0,27.55,28.0,609
WELINV,2014-06-25 00:00:00+05:30,28.1,28.45,27.35,28.45,402
WELINV,2014-06-26 00:00:00+05:30,29.0,29.0,27.5,27.5,1269
WELINV,2014-06-27 00:00:00+05:30,27.25,28.0,27.25,27.9,2095
WELINV,2014-06-30 00:00:00+05:30,28.0,28.0,27.1,27.3,67
WELINV,2014-07-01 00:00:00+05:30,27.25,27.25,27.25,27.25,55
WELINV,2014-07-02 00:00:00+05:30,27.05,28.6,27.05,27.2,17
WELINV,2014-07-03 00:00:00+05:30,27.1,28.55,27.1,28.55,386
WELINV,2014-07-04 00:00:00+05:30,27.5,29.85,27.5,29.85,322
WELINV,2014-07-07 00:00:00+05:30,31.3,31.3,29.0,29.25,773
WELINV,2014-07-08 00:00:00+05:30,29.0,30.0,28.5,28.5,855
WELINV,2014-07-09 00:00:00+05:30,28.0,29.0,28.0,29.0,1142
WELINV,2014-07-10 00:00:00+05:30,28.0,30.45,28.0,29.0,345
WELINV,2014-07-11 00:00:00+05:30,28.05,29.0,28.05,28.5,1626
WELINV,2014-07-14 00:00:00+05:30,28.5,28.5,28.5,28.5,8
WELINV,2014-07-15 00:00:00+05:30,29.9,29.9,28.5,29.8,783
WELINV,2014-07-16 00:00:00+05:30,28.35,28.35,28.35,28.35,2
WELINV,2014-07-17 00:00:00+05:30,29.75,29.75,27.55,27.75,74
WELINV,2014-07-18 00:00:00+05:30,27.25,27.25,27.25,27.25,10
WELINV,2014-07-21 00:00:00+05:30,28.6,28.6,28.6,28.6,256
WELINV,2014-07-22 00:00:00+05:30,29.0,30.0,28.05,28.25,1303
WELINV,2014-07-23 00:00:00+05:30,28.15,29.0,28.15,28.3,26
WELINV,2014-07-24 00:00:00+05:30,29.7,29.7,28.05,29.7,102
WELINV,2014-07-25 00:00:00+05:30,28.25,30.0,28.25,30.0,858
WELINV,2014-07-28 00:00:00+05:30,30.0,30.0,28.55,29.5,19
WELINV,2014-07-30 00:00:00+05:30,30.9,30.9,30.2,30.2,151
WELINV,2014-07-31 00:00:00+05:30,31.65,31.7,30.7,31.7,910
WELINV,2014-08-01 00:00:00+05:30,31.1,31.1,31.1,31.1,5
WELINV,2014-08-04 00:00:00+05:30,32.5,32.65,29.6,32.1,627
WELINV,2014-08-05 00:00:00+05:30,33.65,33.7,30.5,32.75,2804
WELINV,2014-08-06 00:00:00+05:30,31.2,31.2,31.2,31.2,1
WELINV,2014-08-07 00:00:00+05:30,29.65,29.9,29.65,29.9,276
WELINV,2014-08-08 00:00:00+05:30,28.45,28.45,28.45,28.45,3
WELINV,2014-08-11 00:00:00+05:30,29.0,29.85,29.0,29.15,304
WELINV,2014-08-12 00:00:00+05:30,29.15,29.15,29.15,29.15,93
WELINV,2014-08-13 00:00:00+05:30,28.0,28.0,27.75,27.75,21
WELINV,2014-08-14 00:00:00+05:30,27.85,29.1,27.85,29.1,1712
WELINV,2014-08-18 00:00:00+05:30,27.65,29.1,27.65,28.15,3669
WELINV,2014-08-19 00:00:00+05:30,29.55,29.55,28.25,28.55,110
WELINV,2014-08-20 00:00:00+05:30,27.15,27.3,27.15,27.3,476
WELINV,2014-08-21 00:00:00+05:30,28.25,28.65,28.25,28.65,840
WELINV,2014-08-22 00:00:00+05:30,30.0,30.05,28.95,29.6,1486
WELINV,2014-08-25 00:00:00+05:30,29.25,31.0,29.25,31.0,1207
WELINV,2014-08-26 00:00:00+05:30,31.0,32.15,29.65,31.9,4187
WELINV,2014-08-27 00:00:00+05:30,30.45,30.6,30.45,30.6,311
WELINV,2014-08-28 00:00:00+05:30,29.35,31.8,29.35,29.55,183
WELINV,2014-09-01 00:00:00+05:30,29.1,31.0,29.1,30.0,59
WELINV,2014-09-02 00:00:00+05:30,30.0,30.0,29.2,29.2,77
WELINV,2014-09-03 00:00:00+05:30,29.3,30.65,29.3,30.3,725
WELINV,2014-09-04 00:00:00+05:30,29.2,29.4,29.2,29.35,34
WELINV,2014-09-05 00:00:00+05:30,29.35,30.7,29.25,29.3,267
WELINV,2014-09-08 00:00:00+05:30,29.3,32.0,29.3,32.0,637
WELINV,2014-09-09 00:00:00+05:30,31.5,35.2,31.05,35.2,2404
WELINV,2014-09-10 00:00:00+05:30,33.65,37.0,33.65,34.6,1124
WELINV,2014-09-11 00:00:00+05:30,36.3,36.3,36.3,36.3,46
WELINV,2014-09-12 00:00:00+05:30,34.5,38.1,34.5,38.0,355
WELINV,2014-09-15 00:00:00+05:30,37.5,37.9,36.1,36.25,111
WELINV,2014-09-16 00:00:00+05:30,36.0,36.05,36.0,36.0,1244
WELINV,2014-09-17 00:00:00+05:30,36.0,36.0,36.0,36.0,412
WELINV,2014-09-18 00:00:00+05:30,36.25,36.25,34.25,36.0,1627
WELINV,2014-09-19 00:00:00+05:30,34.5,37.8,34.5,37.8,6589
WELINV,2014-09-22 00:00:00+05:30,36.0,39.0,36.0,38.7,533
WELINV,2014-09-23 00:00:00+05:30,40.6,40.6,37.0,37.0,720
WELINV,2014-09-24 00:00:00+05:30,35.15,35.15,35.15,35.15,103
WELINV,2014-09-25 00:00:00+05:30,36.9,36.9,34.3,35.5,2525
WELINV,2014-09-26 00:00:00+05:30,34.0,37.0,34.0,37.0,1412
WELINV,2014-09-29 00:00:00+05:30,35.15,35.15,35.15,35.15,62
WELINV,2014-09-30 00:00:00+05:30,36.9,36.9,35.1,36.9,2878
WELINV,2014-10-01 00:00:00+05:30,38.0,38.5,36.0,36.0,190
WELINV,2014-10-07 00:00:00+05:30,37.0,37.0,36.05,37.0,2112
WELINV,2014-10-08 00:00:00+05:30,35.0,39.4,35.0,36.25,12253
WELINV,2014-10-09 00:00:00+05:30,35.1,36.1,35.1,35.15,61
WELINV,2014-10-10 00:00:00+05:30,36.0,36.0,35.0,35.05,388
WELINV,2014-10-13 00:00:00+05:30,33.15,34.1,33.15,34.1,160
WELINV,2014-10-14 00:00:00+05:30,34.0,34.0,34.0,34.0,54
WELINV,2014-10-16 00:00:00+05:30,34.0,34.0,34.0,34.0,1350
WELINV,2014-10-17 00:00:00+05:30,34.0,34.0,33.0,33.0,123
WELINV,2014-10-20 00:00:00+05:30,31.0,33.5,31.0,31.1,2232
WELINV,2014-10-21 00:00:00+05:30,31.1,31.1,30.25,30.5,3020
WELINV,2014-10-22 00:00:00+05:30,28.3,29.25,28.3,29.25,1030
WELINV,2014-10-23 00:00:00+05:30,28.2,28.2,28.2,28.2,8
WELINV,2014-10-27 00:00:00+05:30,29.6,29.6,29.6,29.6,165
WELINV,2014-10-28 00:00:00+05:30,28.5,30.0,28.5,29.75,405
WELINV,2014-10-29 00:00:00+05:30,29.05,30.0,29.05,29.45,161
WELINV,2014-10-30 00:00:00+05:30,28.65,30.05,28.65,30.05,26
WELINV,2014-10-31 00:00:00+05:30,30.0,31.55,30.0,31.55,628
WELINV,2014-11-03 00:00:00+05:30,30.35,33.05,30.35,32.05,293
WELINV,2014-11-05 00:00:00+05:30,30.6,33.65,30.6,33.65,1347
WELINV,2014-11-07 00:00:00+05:30,32.25,34.8,32.25,34.8,69
WELINV,2014-11-10 00:00:00+05:30,33.1,33.25,33.1,33.15,272
WELINV,2014-11-11 00:00:00+05:30,33.0,36.25,33.0,35.85,1692
WELINV,2014-11-12 00:00:00+05:30,32.3,36.95,32.3,35.15,316
WELINV,2014-11-13 00:00:00+05:30,35.9,37.9,34.05,37.2,186
WELINV,2014-11-14 00:00:00+05:30,33.65,36.0,33.6,34.1,46
WELINV,2014-11-17 00:00:00+05:30,32.3,36.0,32.3,35.0,1738
WELINV,2014-11-18 00:00:00+05:30,32.7,35.7,32.7,34.55,203
WELINV,2014-11-19 00:00:00+05:30,33.6,35.6,33.6,35.0,157
WELINV,2014-11-20 00:00:00+05:30,36.0,36.0,33.5,34.65,13
WELINV,2014-11-21 00:00:00+05:30,37.7,37.7,35.0,35.5,3826
WELINV,2014-11-24 00:00:00+05:30,35.5,35.9,33.1,34.75,3807
WELINV,2014-11-25 00:00:00+05:30,32.55,34.0,32.55,33.9,128
WELINV,2014-11-26 00:00:00+05:30,32.7,37.25,32.7,36.15,7089
WELINV,2014-11-27 00:00:00+05:30,38.0,39.75,35.6,36.5,1332
WELINV,2014-11-28 00:00:00+05:30,34.75,39.0,34.75,36.0,697
WELINV,2014-12-01 00:00:00+05:30,34.0,34.1,34.0,34.05,38
WELINV,2014-12-02 00:00:00+05:30,35.0,35.0,35.0,35.0,273
WELINV,2014-12-03 00:00:00+05:30,34.35,34.35,34.35,34.35,118
WELINV,2014-12-04 00:00:00+05:30,33.0,35.0,33.0,35.0,28
WELINV,2014-12-05 00:00:00+05:30,37.7,40.0,37.5,38.95,3786
WELINV,2014-12-08 00:00:00+05:30,36.4,37.45,36.4,37.45,73
WELINV,2014-12-09 00:00:00+05:30,35.5,39.9,35.5,39.9,142
WELINV,2014-12-10 00:00:00+05:30,37.3,38.6,35.8,38.0,223
WELINV,2014-12-11 00:00:00+05:30,35.05,38.65,35.05,37.55,2027
WELINV,2014-12-12 00:00:00+05:30,36.0,37.1,35.05,35.7,3269
WELINV,2014-12-15 00:00:00+05:30,33.1,33.55,32.0,33.5,632
WELINV,2014-12-16 00:00:00+05:30,34.0,34.0,34.0,34.0,576
WELINV,2014-12-17 00:00:00+05:30,33.0,38.65,33.0,36.3,2384
WELINV,2014-12-18 00:00:00+05:30,34.6,37.8,34.1,35.65,818
WELINV,2014-12-19 00:00:00+05:30,35.2,39.15,35.1,38.0,9140
WELINV,2014-12-22 00:00:00+05:30,37.0,38.0,37.0,38.0,98
WELINV,2014-12-23 00:00:00+05:30,36.2,36.2,36.1,36.1,505
WELINV,2014-12-24 00:00:00+05:30,35.05,38.35,33.15,33.2,1011
WELINV,2014-12-26 00:00:00+05:30,37.9,39.0,37.9,39.0,2111
WELINV,2014-12-29 00:00:00+05:30,40.0,40.0,34.6,36.2,2030
WELINV,2014-12-30 00:00:00+05:30,36.1,38.5,36.0,38.5,727
WELINV,2014-12-31 00:00:00+05:30,36.05,37.1,36.05,37.1,684
WELINV,2015-01-01 00:00:00+05:30,38.0,38.0,37.04,37.04,407
WELINV,2015-01-02 00:00:00+05:30,43.0,43.0,34.2,38.9,1467
WELINV,2015-01-05 00:00:00+05:30,36.0,41.5,36.0,38.04,6751
WELINV,2015-01-06 00:00:00+05:30,38.0,39.85,38.0,39.29,203
WELINV,2015-01-07 00:00:00+05:30,37.15,40.95,37.15,40.85,1515
WELINV,2015-01-08 00:00:00+05:30,38.29,40.95,38.29,39.04,4822
WELINV,2015-01-09 00:00:00+05:30,40.0,40.0,37.54,37.79,195
WELINV,2015-01-12 00:00:00+05:30,38.04,38.04,38.04,38.04,17
WELINV,2015-01-13 00:00:00+05:30,37.04,39.9,37.04,37.95,127
WELINV,2015-01-14 00:00:00+05:30,39.9,40.9,38.0,39.7,3102
WELINV,2015-01-15 00:00:00+05:30,38.15,39.9,38.1,38.15,64
WELINV,2015-01-16 00:00:00+05:30,38.2,39.79,38.15,38.9,287
WELINV,2015-01-19 00:00:00+05:30,37.79,39.79,37.7,38.2,127
WELINV,2015-01-20 00:00:00+05:30,37.45,39.75,37.45,38.25,5082
WELINV,2015-01-21 00:00:00+05:30,37.25,38.2,37.25,38.1,1607
WELINV,2015-01-22 00:00:00+05:30,37.29,38.29,37.29,38.0,516
WELINV,2015-01-23 00:00:00+05:30,37.25,38.4,37.25,38.4,189
WELINV,2015-01-27 00:00:00+05:30,37.04,38.0,35.65,38.0,2143
WELINV,2015-01-28 00:00:00+05:30,37.2,38.04,37.2,37.29,1112
WELINV,2015-01-29 00:00:00+05:30,40.7,40.7,36.2,37.0,371
WELINV,2015-01-30 00:00:00+05:30,36.75,41.0,36.54,40.2,9151
WELINV,2015-02-02 00:00:00+05:30,38.0,40.95,38.0,40.5,723
WELINV,2015-02-03 00:00:00+05:30,39.15,40.5,39.15,40.5,1011
WELINV,2015-02-04 00:00:00+05:30,38.2,41.55,38.2,39.04,239
WELINV,2015-02-05 00:00:00+05:30,38.15,38.29,38.15,38.25,1272
WELINV,2015-02-06 00:00:00+05:30,37.15,39.9,37.1,39.9,685
WELINV,2015-02-09 00:00:00+05:30,40.5,41.0,38.1,39.04,293
WELINV,2015-02-10 00:00:00+05:30,41.0,41.0,40.04,40.15,1110
WELINV,2015-02-11 00:00:00+05:30,38.6,40.15,38.4,40.0,1299
WELINV,2015-02-12 00:00:00+05:30,40.1,40.1,40.1,40.1,3
WELINV,2015-02-13 00:00:00+05:30,40.1,40.1,39.4,39.4,2118
WELINV,2015-02-16 00:00:00+05:30,39.29,40.9,38.1,40.54,1143
WELINV,2015-02-18 00:00:00+05:30,39.04,40.4,38.15,40.0,271
WELINV,2015-02-19 00:00:00+05:30,39.0,39.4,39.0,39.4,8
WELINV,2015-02-20 00:00:00+05:30,38.1,41.0,38.1,39.0,784
WELINV,2015-02-23 00:00:00+05:30,39.1,39.1,39.1,39.1,25
WELINV,2015-02-24 00:00:00+05:30,43.4,43.4,38.2,38.29,110
WELINV,2015-02-25 00:00:00+05:30,37.0,37.29,36.0,37.29,18
WELINV,2015-02-26 00:00:00+05:30,37.0,41.2,35.6,40.7,887
WELINV,2015-02-27 00:00:00+05:30,40.79,42.1,37.6,38.7,2266
WELINV,2015-03-02 00:00:00+05:30,37.4,40.95,37.4,38.1,52
WELINV,2015-03-03 00:00:00+05:30,34.1,40.0,34.1,38.85,1265
WELINV,2015-03-04 00:00:00+05:30,40.0,40.0,37.79,38.0,1456
WELINV,2015-03-05 00:00:00+05:30,33.15,39.6,33.15,37.4,4255
WELINV,2015-03-09 00:00:00+05:30,36.0,38.0,35.0,38.0,1073
WELINV,2015-03-10 00:00:00+05:30,36.65,39.75,35.54,38.04,14924
WELINV,2015-03-11 00:00:00+05:30,38.0,38.0,37.25,37.4,328
WELINV,2015-03-12 00:00:00+05:30,37.0,37.04,37.0,37.0,226
WELINV,2015-03-13 00:00:00+05:30,36.0,39.25,34.7,39.2,227
WELINV,2015-03-16 00:00:00+05:30,37.7,40.6,37.7,38.0,10
WELINV,2015-03-17 00:00:00+05:30,38.0,39.45,35.4,39.25,1592
WELINV,2015-03-18 00:00:00+05:30,37.2,37.35,37.2,37.29,140
WELINV,2015-03-19 00:00:00+05:30,39.9,39.9,37.45,38.9,21
WELINV,2015-03-20 00:00:00+05:30,36.45,36.45,36.45,36.45,7
WELINV,2015-03-23 00:00:00+05:30,39.6,39.6,35.29,37.54,786
WELINV,2015-03-24 00:00:00+05:30,36.0,39.0,36.0,38.5,330
WELINV,2015-03-25 00:00:00+05:30,38.0,38.29,34.1,34.35,1061
WELINV,2015-03-26 00:00:00+05:30,33.0,35.04,33.0,35.0,19
WELINV,2015-03-27 00:00:00+05:30,33.0,37.95,33.0,37.95,310
WELINV,2015-03-30 00:00:00+05:30,35.2,35.25,35.2,35.2,24
WELINV,2015-03-31 00:00:00+05:30,35.0,35.1,35.0,35.04,471
WELINV,2015-04-01 00:00:00+05:30,35.2,35.2,35.2,35.2,509
WELINV,2015-04-06 00:00:00+05:30,31.7,35.0,30.75,35.0,47
WELINV,2015-04-07 00:00:00+05:30,35.0,38.79,35.0,38.0,50
WELINV,2015-04-08 00:00:00+05:30,35.2,39.0,33.75,37.2,4082
WELINV,2015-04-09 00:00:00+05:30,35.6,38.0,34.7,35.35,152
WELINV,2015-04-10 00:00:00+05:30,38.75,39.0,38.75,38.85,931
WELINV,2015-04-13 00:00:00+05:30,36.6,40.0,36.6,39.1,433
WELINV,2015-04-15 00:00:00+05:30,38.9,39.0,38.9,39.0,41
WELINV,2015-04-16 00:00:00+05:30,37.1,38.79,35.65,38.0,1433
WELINV,2015-04-17 00:00:00+05:30,36.79,36.79,36.04,36.2,52
WELINV,2015-04-20 00:00:00+05:30,38.79,38.79,35.6,35.95,6025
WELINV,2015-04-21 00:00:00+05:30,35.15,36.95,35.15,35.29,1180
WELINV,2015-04-23 00:00:00+05:30,33.65,35.1,33.65,35.1,32
WELINV,2015-04-28 00:00:00+05:30,34.0,38.7,34.0,35.85,538
WELINV,2015-04-29 00:00:00+05:30,38.95,40.1,34.7,39.1,6579
WELINV,2015-04-30 00:00:00+05:30,39.7,42.7,36.7,37.45,1739
WELINV,2015-05-04 00:00:00+05:30,42.4,42.4,35.29,39.65,397
WELINV,2015-05-05 00:00:00+05:30,42.65,42.65,38.6,39.1,586
WELINV,2015-05-06 00:00:00+05:30,37.0,38.25,37.0,38.2,16
WELINV,2015-05-07 00:00:00+05:30,37.15,39.85,37.15,39.85,458
WELINV,2015-05-08 00:00:00+05:30,38.35,40.95,38.35,39.0,220
WELINV,2015-05-11 00:00:00+05:30,38.0,39.0,38.0,39.0,36
WELINV,2015-05-12 00:00:00+05:30,36.0,39.0,36.0,37.5,28
WELINV,2015-05-15 00:00:00+05:30,41.0,41.0,38.1,38.1,10737
WELINV,2015-05-18 00:00:00+05:30,40.0,41.8,40.0,40.0,1206
WELINV,2015-05-19 00:00:00+05:30,38.0,43.75,36.65,42.15,149
WELINV,2015-05-20 00:00:00+05:30,40.0,42.85,40.0,41.0,288
WELINV,2015-05-21 00:00:00+05:30,41.0,41.0,39.1,40.25,130
WELINV,2015-05-22 00:00:00+05:30,41.0,41.0,39.1,39.1,40
WELINV,2015-05-25 00:00:00+05:30,35.7,42.85,35.7,38.29,154
WELINV,2015-05-26 00:00:00+05:30,38.15,38.9,38.1,38.25,348
WELINV,2015-05-27 00:00:00+05:30,38.1,38.25,38.1,38.2,550
WELINV,2015-05-29 00:00:00+05:30,38.04,38.1,38.0,38.1,15
WELINV,2015-06-01 00:00:00+05:30,38.0,38.1,38.0,38.1,42
WELINV,2015-06-02 00:00:00+05:30,38.1,42.8,38.0,41.8,2411
WELINV,2015-06-03 00:00:00+05:30,39.0,39.0,38.0,38.0,102
WELINV,2015-06-04 00:00:00+05:30,37.04,37.04,34.25,35.0,4
WELINV,2015-06-05 00:00:00+05:30,38.1,38.1,38.1,38.1,114
WELINV,2015-06-08 00:00:00+05:30,38.1,38.1,38.1,38.1,2
WELINV,2015-06-09 00:00:00+05:30,38.1,38.1,38.04,38.1,33
WELINV,2015-06-10 00:00:00+05:30,38.0,41.9,38.0,38.1,3022
WELINV,2015-06-12 00:00:00+05:30,36.54,38.0,36.5,38.0,57
WELINV,2015-06-15 00:00:00+05:30,37.0,38.5,37.0,37.1,50
WELINV,2015-06-16 00:00:00+05:30,35.15,36.0,35.04,36.0,101
WELINV,2015-06-17 00:00:00+05:30,36.04,38.5,36.04,38.5,228
WELINV,2015-06-18 00:00:00+05:30,37.0,37.0,37.0,37.0,53
WELINV,2015-06-19 00:00:00+05:30,36.1,38.4,36.1,38.4,108
WELINV,2015-06-22 00:00:00+05:30,35.04,39.5,35.04,38.0,3555
WELINV,2015-06-23 00:00:00+05:30,39.9,40.0,36.6,39.0,557
WELINV,2015-06-24 00:00:00+05:30,37.1,41.9,37.1,40.75,2818
WELINV,2015-06-25 00:00:00+05:30,41.95,42.45,40.2,42.0,1029
WELINV,2015-06-26 00:00:00+05:30,38.35,42.0,38.35,42.0,1663
WELINV,2015-06-29 00:00:00+05:30,39.5,41.95,39.5,40.1,1030
WELINV,2015-06-30 00:00:00+05:30,39.5,40.04,39.5,40.0,2611
WELINV,2015-07-01 00:00:00+05:30,42.6,48.0,41.1,44.9,26578
WELINV,2015-07-02 00:00:00+05:30,47.15,51.4,47.15,49.25,12705
WELINV,2015-07-03 00:00:00+05:30,49.85,49.9,46.7,47.65,1176
WELINV,2015-07-06 00:00:00+05:30,48.9,52.0,45.8,51.0,4351
WELINV,2015-07-07 00:00:00+05:30,51.9,55.0,47.5,54.25,17933
WELINV,2015-07-08 00:00:00+05:30,52.65,55.5,50.65,54.15,3426
WELINV,2015-07-09 00:00:00+05:30,52.5,53.85,51.0,51.5,5198
WELINV,2015-07-10 00:00:00+05:30,50.6,53.3,50.6,51.65,327
WELINV,2015-07-13 00:00:00+05:30,51.15,54.25,50.25,50.65,5054
WELINV,2015-07-14 00:00:00+05:30,50.0,52.9,48.05,49.45,2325
WELINV,2015-07-15 00:00:00+05:30,48.2,52.5,48.2,49.9,1657
WELINV,2015-07-16 00:00:00+05:30,53.25,53.25,49.35,50.6,3078
WELINV,2015-07-17 00:00:00+05:30,52.0,52.0,48.15,50.25,1027
WELINV,2015-07-20 00:00:00+05:30,50.0,55.0,48.65,54.75,3634
WELINV,2015-07-21 00:00:00+05:30,55.0,55.75,51.1,52.3,1769
WELINV,2015-07-22 00:00:00+05:30,54.95,54.95,50.0,51.25,4006
WELINV,2015-07-23 00:00:00+05:30,50.1,52.8,50.1,51.0,401
WELINV,2015-07-24 00:00:00+05:30,51.0,51.0,50.0,50.0,100
WELINV,2015-07-27 00:00:00+05:30,42.55,54.75,42.55,53.6,2591
WELINV,2015-07-28 00:00:00+05:30,50.15,53.85,50.15,50.75,1088
WELINV,2015-07-29 00:00:00+05:30,49.35,56.0,49.35,54.45,2913
WELINV,2015-07-30 00:00:00+05:30,54.0,59.75,54.0,57.9,22022
WELINV,2015-07-31 00:00:00+05:30,59.0,63.0,59.0,60.8,18018
WELINV,2015-08-03 00:00:00+05:30,60.9,62.0,56.05,58.15,23569
WELINV,2015-08-04 00:00:00+05:30,58.8,65.95,53.9,54.8,98602
WELINV,2015-08-05 00:00:00+05:30,58.85,58.85,46.4,48.5,34203
WELINV,2015-08-06 00:00:00+05:30,50.0,51.8,45.15,50.0,40572
WELINV,2015-08-07 00:00:00+05:30,51.0,53.5,50.0,50.5,10545
WELINV,2015-08-10 00:00:00+05:30,50.05,51.85,50.0,50.5,1064
WELINV,2015-08-11 00:00:00+05:30,52.0,54.9,52.0,53.7,6039
WELINV,2015-08-12 00:00:00+05:30,52.05,52.05,50.1,50.1,5472
WELINV,2015-08-13 00:00:00+05:30,50.25,51.9,49.0,50.4,6583
WELINV,2015-08-14 00:00:00+05:30,50.2,51.6,50.0,50.35,908
WELINV,2015-08-17 00:00:00+05:30,50.7,51.75,50.0,50.8,4338
WELINV,2015-08-18 00:00:00+05:30,50.65,52.6,50.0,50.0,1208
WELINV,2015-08-19 00:00:00+05:30,50.15,50.95,50.0,50.15,3063
WELINV,2015-08-20 00:00:00+05:30,51.95,53.4,48.05,50.2,5265
WELINV,2015-08-21 00:00:00+05:30,45.3,48.6,44.05,44.9,8069
WELINV,2015-08-24 00:00:00+05:30,42.05,47.15,36.54,39.95,11179
WELINV,2015-08-25 00:00:00+05:30,45.0,45.0,41.0,41.1,12566
WELINV,2015-08-26 00:00:00+05:30,42.25,45.0,41.6,42.0,5695
WELINV,2015-08-27 00:00:00+05:30,43.5,44.9,42.0,44.8,4400
WELINV,2015-08-28 00:00:00+05:30,47.9,47.9,45.0,45.0,1818
WELINV,2015-08-31 00:00:00+05:30,45.0,48.5,45.0,47.9,731
WELINV,2015-09-01 00:00:00+05:30,46.0,47.9,44.1,46.4,3097
WELINV,2015-09-02 00:00:00+05:30,45.2,46.15,45.0,45.05,4189
WELINV,2015-09-03 00:00:00+05:30,47.0,47.0,45.2,46.55,20
WELINV,2015-09-04 00:00:00+05:30,45.1,45.1,45.0,45.0,406
WELINV,2015-09-07 00:00:00+05:30,47.0,48.7,45.2,45.3,599
WELINV,2015-09-08 00:00:00+05:30,45.0,47.3,45.0,45.15,3304
WELINV,2015-09-09 00:00:00+05:30,45.3,46.25,45.0,45.15,160
WELINV,2015-09-10 00:00:00+05:30,45.0,48.25,45.0,46.55,57
WELINV,2015-09-11 00:00:00+05:30,45.1,46.15,45.0,45.0,1152
WELINV,2015-09-14 00:00:00+05:30,45.1,45.25,45.0,45.05,3187
WELINV,2015-09-15 00:00:00+05:30,45.0,45.1,45.0,45.0,538
WELINV,2015-09-16 00:00:00+05:30,45.15,48.9,45.0,45.0,347
WELINV,2015-09-18 00:00:00+05:30,45.0,45.0,45.0,45.0,50
WELINV,2015-09-21 00:00:00+05:30,45.0,48.0,45.0,47.55,170
WELINV,2015-09-22 00:00:00+05:30,48.0,48.65,48.0,48.0,1356
WELINV,2015-09-23 00:00:00+05:30,48.0,50.0,47.35,49.2,641
WELINV,2015-09-24 00:00:00+05:30,48.1,51.0,48.1,49.1,1136
WELINV,2015-09-28 00:00:00+05:30,49.8,49.8,48.1,48.15,317
WELINV,2015-09-29 00:00:00+05:30,48.15,50.55,48.1,48.1,71
WELINV,2015-09-30 00:00:00+05:30,49.95,51.0,48.85,50.3,822
WELINV,2015-10-01 00:00:00+05:30,50.0,50.0,49.0,49.0,825
WELINV,2015-10-05 00:00:00+05:30,49.0,49.85,48.5,49.85,23
WELINV,2015-10-06 00:00:00+05:30,48.55,48.65,48.5,48.6,485
WELINV,2015-10-07 00:00:00+05:30,48.1,50.5,48.1,50.4,18
WELINV,2015-10-08 00:00:00+05:30,50.4,50.4,48.5,48.6,424
WELINV,2015-10-12 00:00:00+05:30,48.2,48.2,48.1,48.1,20
WELINV,2015-10-13 00:00:00+05:30,48.7,48.7,48.1,48.2,2062
WELINV,2015-10-14 00:00:00+05:30,48.0,49.95,48.0,49.95,543
WELINV,2015-10-15 00:00:00+05:30,48.2,50.4,48.2,50.05,7334
WELINV,2015-10-16 00:00:00+05:30,48.45,50.9,48.45,49.65,2
WELINV,2015-10-19 00:00:00+05:30,51.8,51.8,48.35,48.55,1683
WELINV,2015-10-20 00:00:00+05:30,48.2,49.55,48.2,48.25,884
WELINV,2015-10-21 00:00:00+05:30,50.5,50.5,48.35,48.5,1000
WELINV,2015-10-23 00:00:00+05:30,48.2,50.3,48.2,48.45,522
WELINV,2015-10-26 00:00:00+05:30,48.3,48.3,48.3,48.3,132
WELINV,2015-10-27 00:00:00+05:30,50.0,50.0,48.15,48.15,153
WELINV,2015-10-28 00:00:00+05:30,48.3,48.3,48.15,48.15,68
WELINV,2015-10-29 00:00:00+05:30,48.1,49.7,48.1,48.15,523
WELINV,2015-10-30 00:00:00+05:30,48.15,48.2,48.15,48.15,2989
WELINV,2015-11-02 00:00:00+05:30,49.7,50.45,46.15,46.15,109
WELINV,2015-11-03 00:00:00+05:30,46.15,46.2,45.3,45.8,453
WELINV,2015-11-04 00:00:00+05:30,45.5,46.8,45.4,46.8,1594
WELINV,2015-11-05 00:00:00+05:30,52.65,52.65,46.25,46.25,3213
WELINV,2015-11-06 00:00:00+05:30,44.85,46.15,42.1,44.05,1235
WELINV,2015-11-09 00:00:00+05:30,45.3,45.3,45.1,45.2,75
WELINV,2015-11-13 00:00:00+05:30,45.2,45.2,44.1,44.1,1383
WELINV,2015-11-16 00:00:00+05:30,44.15,46.65,44.15,46.65,196
WELINV,2015-11-18 00:00:00+05:30,44.0,46.45,44.0,45.0,104
WELINV,2015-11-19 00:00:00+05:30,43.05,43.25,43.05,43.1,7
WELINV,2015-11-20 00:00:00+05:30,41.2,45.0,41.2,45.0,573
WELINV,2015-11-23 00:00:00+05:30,46.0,51.95,46.0,50.3,4971
WELINV,2015-11-24 00:00:00+05:30,50.35,51.9,48.75,50.45,4956
WELINV,2015-11-26 00:00:00+05:30,51.5,51.5,50.0,50.0,2455
WELINV,2015-11-27 00:00:00+05:30,51.5,52.45,50.0,50.85,2011
WELINV,2015-11-30 00:00:00+05:30,54.65,55.5,51.25,51.6,5088
WELINV,2015-12-01 00:00:00+05:30,49.5,52.5,49.5,52.45,364
WELINV,2015-12-02 00:00:00+05:30,52.1,53.0,52.0,53.0,701
WELINV,2015-12-03 00:00:00+05:30,50.2,53.45,50.2,51.1,10
WELINV,2015-12-04 00:00:00+05:30,53.95,54.9,50.3,52.05,3318
WELINV,2015-12-07 00:00:00+05:30,50.15,51.9,50.15,51.25,1675
WELINV,2015-12-08 00:00:00+05:30,53.1,53.45,50.0,50.0,2281
WELINV,2015-12-09 00:00:00+05:30,50.0,50.95,49.0,50.0,1433
WELINV,2015-12-10 00:00:00+05:30,50.0,50.0,50.0,50.0,100
WELINV,2015-12-11 00:00:00+05:30,49.9,50.0,48.0,48.05,139
WELINV,2015-12-14 00:00:00+05:30,49.9,49.9,48.3,48.3,983
WELINV,2015-12-15 00:00:00+05:30,49.75,49.85,48.55,48.95,1386
WELINV,2015-12-16 00:00:00+05:30,50.2,52.5,49.2,51.65,1747
WELINV,2015-12-17 00:00:00+05:30,50.5,53.75,50.5,53.75,2277
WELINV,2015-12-18 00:00:00+05:30,50.25,53.85,50.25,52.1,2219
WELINV,2015-12-21 00:00:00+05:30,51.0,55.0,51.0,54.5,3369
WELINV,2015-12-22 00:00:00+05:30,53.05,54.9,53.05,54.7,3445
WELINV,2015-12-23 00:00:00+05:30,55.85,55.85,54.05,55.0,2250
WELINV,2015-12-24 00:00:00+05:30,54.95,55.0,53.0,53.0,675
WELINV,2015-12-28 00:00:00+05:30,52.55,52.6,52.55,52.6,161
WELINV,2015-12-29 00:00:00+05:30,52.7,53.65,52.15,52.5,435
WELINV,2015-12-30 00:00:00+05:30,52.65,53.85,52.6,53.05,1042
WELINV,2015-12-31 00:00:00+05:30,54.0,54.95,53.0,53.1,2039
WELINV,2015-12-31 14:39:00+05:30,54.0,54.95,53.0,53.1,2039
WELINV,2016-01-01 09:41:00+05:30,52.75,55.2,52.75,53.95,443
WELINV,2016-01-04 10:13:00+05:30,53.0,54.0,52.6,54.0,539
WELINV,2016-01-05 12:14:00+05:30,52.7,53.0,52.5,52.55,829
WELINV,2016-01-06 11:26:00+05:30,52.7,52.7,52.5,52.55,1007
WELINV,2016-01-07 09:17:00+05:30,51.1,53.25,48.15,48.55,4512
WELINV,2016-01-08 09:19:00+05:30,49.8,52.8,49.8,49.95,1345
WELINV,2016-01-11 09:29:00+05:30,50.1,52.6,49.0,50.55,28103
WELINV,2016-01-12 09:15:00+05:30,50.05,52.8,50.0,50.05,5158
WELINV,2016-01-13 09:23:00+05:30,50.05,50.15,49.1,49.95,4907
WELINV,2016-01-14 09:36:00+05:30,49.0,52.85,49.0,52.05,1358
WELINV,2016-01-15 09:16:00+05:30,50.0,50.0,49.0,50.0,7132
WELINV,2016-01-18 09:17:00+05:30,50.0,50.0,47.0,47.1,5827
WELINV,2016-01-19 09:45:00+05:30,48.0,49.95,48.0,48.0,1496
WELINV,2016-01-20 14:14:00+05:30,47.0,47.0,47.0,47.0,220
WELINV,2016-01-22 09:15:00+05:30,48.0,51.2,47.95,51.2,77215
WELINV,2016-01-25 12:04:00+05:30,49.7,52.85,49.35,52.7,4681
WELINV,2016-01-27 09:42:00+05:30,51.1,51.55,50.15,51.05,172
WELINV,2016-01-28 12:11:00+05:30,53.65,53.65,49.2,49.2,71
WELINV,2016-01-29 10:02:00+05:30,49.2,50.0,48.65,48.7,310
WELINV,2016-02-01 09:53:00+05:30,48.55,52.7,48.55,50.0,16109
WELINV,2016-02-02 09:25:00+05:30,50.05,53.85,50.05,53.85,3178
WELINV,2016-02-03 09:18:00+05:30,51.05,53.8,51.0,51.05,335
WELINV,2016-02-04 09:24:00+05:30,51.0,51.05,47.05,47.1,200
WELINV,2016-02-05 11:32:00+05:30,47.2,48.0,47.2,48.0,25
WELINV,2016-02-08 10:51:00+05:30,48.0,48.05,48.0,48.0,157
WELINV,2016-02-09 09:51:00+05:30,49.0,52.3,49.0,49.0,430
WELINV,2016-02-10 10:04:00+05:30,52.3,56.8,49.05,49.45,4985
WELINV,2016-02-11 15:03:00+05:30,47.4,47.45,47.0,47.05,202
WELINV,2016-02-12 09:42:00+05:30,43.15,48.0,39.65,45.2,478
WELINV,2016-02-15 10:05:00+05:30,45.1,51.0,37.1,49.25,5622
WELINV,2016-02-16 14:16:00+05:30,46.7,46.7,46.55,46.6,55
WELINV,2016-02-17 12:11:00+05:30,47.0,53.0,46.7,51.45,8201
WELINV,2016-02-18 09:40:00+05:30,51.45,53.5,49.3,52.85,3136
WELINV,2016-02-19 09:23:00+05:30,52.15,52.85,50.0,50.3,537
WELINV,2016-02-22 10:07:00+05:30,51.95,52.0,49.5,52.0,111
WELINV,2016-02-23 10:17:00+05:30,50.2,50.2,50.1,50.1,40
WELINV,2016-02-24 09:22:00+05:30,49.1,49.4,49.1,49.1,230
WELINV,2016-02-25 09:52:00+05:30,49.0,49.05,49.0,49.0,925
WELINV,2016-02-26 11:26:00+05:30,48.3,48.5,48.05,48.35,212
WELINV,2016-02-29 11:07:00+05:30,47.3,47.3,47.0,47.0,11
WELINV,2016-03-01 09:20:00+05:30,47.0,51.45,47.0,51.25,252
WELINV,2016-03-02 09:33:00+05:30,51.8,51.8,48.05,48.05,12755
WELINV,2016-03-03 09:49:00+05:30,48.1,52.85,48.0,52.3,4438
WELINV,2016-03-04 10:17:00+05:30,50.25,50.25,50.25,50.25,4
WELINV,2016-03-08 09:16:00+05:30,52.8,53.35,47.0,47.85,5916
WELINV,2016-03-09 10:26:00+05:30,48.15,52.2,48.0,49.5,2042
WELINV,2016-03-10 11:05:00+05:30,51.85,51.85,50.0,50.0,2654
WELINV,2016-03-11 09:18:00+05:30,49.05,52.5,49.05,50.5,50
WELINV,2016-03-14 09:21:00+05:30,52.0,54.0,49.45,51.65,632
WELINV,2016-03-15 10:52:00+05:30,49.8,50.25,49.6,50.25,92
WELINV,2016-03-16 11:48:00+05:30,50.0,50.55,50.0,50.5,575
WELINV,2016-03-17 09:21:00+05:30,52.0,52.0,50.0,50.0,602
WELINV,2016-03-18 10:28:00+05:30,49.1,52.0,49.1,49.3,8
WELINV,2016-03-21 09:52:00+05:30,49.3,52.9,49.3,51.2,63
WELINV,2016-03-22 09:58:00+05:30,51.0,52.7,51.0,51.0,1033
WELINV,2016-03-23 10:44:00+05:30,51.1,52.6,51.0,51.05,320
WELINV,2016-03-28 10:19:00+05:30,51.05,51.9,51.0,51.2,265
WELINV,2016-03-29 12:02:00+05:30,51.1,51.1,51.0,51.05,2466
WELINV,2016-03-30 11:17:00+05:30,53.0,53.0,52.5,53.0,301
WELINV,2016-03-31 10:43:00+05:30,51.4,53.0,51.2,51.2,101
WELINV,2016-04-01 10:13:00+05:30,51.1,51.15,51.0,51.0,1139
WELINV,2016-04-04 12:21:00+05:30,53.5,53.5,51.05,51.05,1070
WELINV,2016-04-05 13:59:00+05:30,51.15,54.85,51.05,54.85,1310
WELINV,2016-04-06 09:32:00+05:30,54.7,54.85,52.5,52.8,106
WELINV,2016-04-07 11:26:00+05:30,54.35,56.0,54.0,56.0,3295
WELINV,2016-04-08 10:36:00+05:30,53.95,57.85,53.0,57.85,780
WELINV,2016-04-11 09:57:00+05:30,55.0,57.0,53.0,57.0,2651
WELINV,2016-04-12 10:00:00+05:30,57.8,57.8,54.75,57.0,8802
WELINV,2016-04-13 10:35:00+05:30,56.05,56.25,55.4,56.0,1777
WELINV,2016-04-18 09:24:00+05:30,56.0,58.8,55.75,56.0,4369
WELINV,2016-04-20 09:58:00+05:30,55.1,58.85,55.1,55.15,581
WELINV,2016-04-21 13:07:00+05:30,55.05,56.0,55.0,55.0,50
WELINV,2016-04-22 10:32:00+05:30,55.05,55.05,55.0,55.0,50
WELINV,2016-04-25 12:44:00+05:30,56.0,58.05,56.0,58.05,525
WELINV,2016-04-26 12:01:00+05:30,57.0,57.0,56.3,56.3,57
WELINV,2016-04-27 09:55:00+05:30,56.0,58.75,56.0,58.25,175
WELINV,2016-04-28 10:29:00+05:30,56.05,56.5,56.05,56.5,525
WELINV,2016-04-29 09:34:00+05:30,56.0,56.05,56.0,56.0,1018
WELINV,2016-05-02 09:25:00+05:30,60.95,60.95,56.5,56.5,71
WELINV,2016-05-04 13:35:00+05:30,59.5,59.5,56.25,56.25,2669
WELINV,2016-05-05 11:29:00+05:30,58.65,58.7,56.05,56.4,1309
WELINV,2016-05-06 09:18:00+05:30,56.25,58.7,56.25,58.7,97
WELINV,2016-05-09 09:27:00+05:30,56.25,56.3,56.25,56.3,25
WELINV,2016-05-10 10:49:00+05:30,56.4,56.4,56.25,56.25,436
WELINV,2016-05-11 09:38:00+05:30,56.0,56.0,56.0,56.0,503
WELINV,2016-05-12 12:10:00+05:30,56.25,56.25,56.25,56.25,4
WELINV,2016-05-13 09:23:00+05:30,59.7,59.85,55.5,56.5,8320
WELINV,2016-05-16 11:03:00+05:30,56.25,56.25,56.25,56.25,1205
WELINV,2016-05-17 09:39:00+05:30,60.0,60.0,56.25,56.3,1013
WELINV,2016-05-18 09:27:00+05:30,56.25,58.9,56.25,56.25,289
WELINV,2016-05-19 09:44:00+05:30,60.7,60.7,56.25,56.25,889
WELINV,2016-05-20 10:16:00+05:30,56.25,56.25,56.25,56.25,290
WELINV,2016-05-23 09:17:00+05:30,56.25,59.4,56.25,56.25,558
WELINV,2016-05-24 12:12:00+05:30,56.25,58.0,56.25,58.0,57
WELINV,2016-05-25 12:08:00+05:30,57.0,57.0,56.0,56.0,249
WELINV,2016-05-26 10:22:00+05:30,56.05,59.0,56.0,56.0,520
WELINV,2016-05-27 09:43:00+05:30,56.0,56.05,56.0,56.0,3127
WELINV,2016-05-30 09:15:00+05:30,56.0,56.0,56.0,56.0,9
WELINV,2016-05-31 09:54:00+05:30,59.6,59.6,56.0,56.0,1164
WELINV,2016-06-01 09:21:00+05:30,56.0,59.0,56.0,57.55,1480
WELINV,2016-06-02 09:29:00+05:30,56.05,58.4,56.0,57.45,49
WELINV,2016-06-03 11:20:00+05:30,56.0,58.75,56.0,57.0,226
WELINV,2016-06-06 14:51:00+05:30,58.0,58.0,58.0,58.0,2
WELINV,2016-06-07 09:30:00+05:30,55.6,56.0,54.3,55.0,97
WELINV,2016-06-08 14:08:00+05:30,55.1,55.1,55.1,55.1,103
WELINV,2016-06-09 10:31:00+05:30,53.75,54.7,53.0,53.0,1756
WELINV,2016-06-10 09:26:00+05:30,53.0,53.15,53.0,53.1,218
WELINV,2016-06-13 11:20:00+05:30,53.1,54.0,53.05,54.0,31
WELINV,2016-06-14 11:29:00+05:30,53.2,53.2,53.2,53.2,15
WELINV,2016-06-15 09:35:00+05:30,53.1,53.35,53.1,53.3,20
WELINV,2016-06-16 12:34:00+05:30,57.0,57.0,54.0,54.2,7
WELINV,2016-06-17 14:02:00+05:30,54.0,54.0,54.0,54.0,13
WELINV,2016-06-20 12:48:00+05:30,54.0,54.0,53.2,53.3,12
WELINV,2016-06-21 14:19:00+05:30,55.0,55.0,53.3,53.3,15
WELINV,2016-06-22 13:08:00+05:30,53.5,53.5,53.5,53.5,25
WELINV,2016-06-23 11:08:00+05:30,54.15,54.15,54.15,54.15,56
WELINV,2016-06-24 10:06:00+05:30,54.1,54.15,54.1,54.15,21
WELINV,2016-06-27 10:13:00+05:30,53.0,55.0,53.0,55.0,517
WELINV,2016-06-28 09:53:00+05:30,58.0,58.75,55.6,56.0,886
WELINV,2016-06-29 12:36:00+05:30,53.6,57.0,53.6,54.2,18
WELINV,2016-06-30 09:24:00+05:30,53.2,59.75,53.2,56.0,499
WELINV,2016-07-01 09:28:00+05:30,55.1,58.35,55.1,55.45,132
WELINV,2016-07-04 11:34:00+05:30,55.1,55.1,55.0,55.05,111
WELINV,2016-07-05 09:40:00+05:30,55.05,55.05,55.0,55.0,1519
WELINV,2016-07-07 09:15:00+05:30,55.0,57.7,55.0,55.0,387
WELINV,2016-07-08 12:56:00+05:30,55.05,55.05,55.0,55.0,105
WELINV,2016-07-11 10:04:00+05:30,55.0,57.5,55.0,55.55,203
WELINV,2016-07-12 09:47:00+05:30,55.1,55.6,55.1,55.6,255
WELINV,2016-07-13 09:22:00+05:30,55.05,57.05,55.05,56.95,67
WELINV,2016-07-14 10:56:00+05:30,55.05,58.0,55.0,56.0,2363
WELINV,2016-07-15 12:19:00+05:30,55.5,55.7,55.5,55.7,22
WELINV,2016-07-18 09:56:00+05:30,56.15,58.4,56.15,58.4,1066
WELINV,2016-07-19 11:11:00+05:30,56.75,58.9,56.75,56.9,573
WELINV,2016-07-20 09:44:00+05:30,58.85,59.65,56.75,59.5,6664
WELINV,2016-07-21 11:00:00+05:30,57.65,57.65,57.65,57.65,12
WELINV,2016-07-22 10:43:00+05:30,57.65,59.5,57.65,59.5,908
WELINV,2016-07-25 10:21:00+05:30,59.5,62.0,59.5,59.55,124
WELINV,2016-07-26 09:27:00+05:30,62.0,62.5,60.45,62.5,1091
WELINV,2016-07-27 09:26:00+05:30,60.55,65.6,60.55,62.55,1021
WELINV,2016-07-28 11:09:00+05:30,63.0,65.65,60.7,63.2,3978
WELINV,2016-07-29 10:25:00+05:30,62.15,64.0,62.15,63.95,418
WELINV,2016-08-01 09:15:00+05:30,62.15,67.1,62.15,64.05,3701
WELINV,2016-08-02 09:44:00+05:30,63.05,64.0,63.0,64.0,841
WELINV,2016-08-03 09:21:00+05:30,66.8,67.2,65.0,66.3,2447
WELINV,2016-08-04 12:14:00+05:30,65.3,67.2,65.3,65.3,240
WELINV,2016-08-05 09:46:00+05:30,67.5,71.75,67.5,70.25,2528
WELINV,2016-08-08 09:35:00+05:30,67.4,70.85,66.5,67.05,2391
WELINV,2016-08-09 10:52:00+05:30,66.0,66.0,66.0,66.0,243
WELINV,2016-08-10 09:34:00+05:30,66.1,66.15,66.1,66.1,80
WELINV,2016-08-11 12:16:00+05:30,65.0,65.0,65.0,65.0,1015
WELINV,2016-08-12 09:18:00+05:30,65.0,70.0,65.0,65.0,145
WELINV,2016-08-16 10:25:00+05:30,65.0,67.5,63.0,63.1,880
WELINV,2016-08-17 09:44:00+05:30,63.0,68.0,63.0,65.1,5323
WELINV,2016-08-18 10:55:00+05:30,64.5,67.45,64.5,67.45,80
WELINV,2016-08-19 10:47:00+05:30,69.0,71.85,67.5,71.85,165
WELINV,2016-08-22 09:45:00+05:30,64.85,69.8,64.85,65.85,1153
WELINV,2016-08-23 09:15:00+05:30,60.3,67.8,60.3,62.65,6105
WELINV,2016-08-24 09:17:00+05:30,62.7,66.95,62.7,66.6,425
WELINV,2016-08-25 10:05:00+05:30,64.0,71.8,63.05,66.5,9581
WELINV,2016-08-26 09:46:00+05:30,69.2,71.85,66.8,67.8,967
WELINV,2016-08-29 09:16:00+05:30,69.85,69.85,65.15,65.95,4412
WELINV,2016-08-30 09:38:00+05:30,64.3,66.0,64.2,64.3,1003
WELINV,2016-08-31 09:17:00+05:30,64.2,68.85,64.15,66.2,5054
WELINV,2016-09-01 09:31:00+05:30,68.8,71.85,66.2,68.7,667
WELINV,2016-09-02 09:56:00+05:30,67.9,69.85,66.7,67.95,2503
WELINV,2016-09-06 09:47:00+05:30,69.8,69.85,65.0,67.4,3697
WELINV,2016-09-07 09:28:00+05:30,65.7,67.0,65.3,67.0,513
WELINV,2016-09-08 10:08:00+05:30,65.75,68.85,65.75,68.6,122
WELINV,2016-09-09 12:13:00+05:30,66.35,67.45,66.15,66.4,1204
WELINV,2016-09-12 10:17:00+05:30,66.5,69.95,65.0,67.5,3156
WELINV,2016-09-14 10:20:00+05:30,66.6,66.6,66.6,66.6,87
WELINV,2016-09-15 12:26:00+05:30,66.05,66.15,66.05,66.15,240
WELINV,2016-09-16 09:15:00+05:30,66.0,71.8,65.0,69.3,6404
WELINV,2016-09-19 11:30:00+05:30,67.1,68.8,67.0,67.05,26
WELINV,2016-09-20 11:24:00+05:30,67.6,80.45,67.6,77.05,4442
WELINV,2016-09-21 09:24:00+05:30,79.8,79.8,74.05,78.95,851
WELINV,2016-09-22 09:17:00+05:30,74.6,84.9,72.75,75.15,1920
WELINV,2016-09-23 10:16:00+05:30,74.6,79.0,73.1,74.55,1294
WELINV,2016-09-26 12:29:00+05:30,77.5,81.0,74.9,79.45,790
WELINV,2016-09-27 09:35:00+05:30,77.35,83.8,77.35,79.9,11486
WELINV,2016-09-28 13:22:00+05:30,78.5,78.5,76.9,76.9,137
WELINV,2016-09-29 09:34:00+05:30,76.9,77.5,74.0,74.0,2993
WELINV,2016-09-30 13:00:00+05:30,71.0,75.0,70.1,75.0,55
WELINV,2016-10-03 10:01:00+05:30,73.0,79.0,72.25,76.15,430
WELINV,2016-10-04 09:22:00+05:30,83.25,83.25,75.35,78.85,2206
WELINV,2016-10-05 09:50:00+05:30,76.7,77.0,75.0,76.1,472
WELINV,2016-10-06 09:57:00+05:30,78.8,78.8,74.0,75.5,1600
WELINV,2016-10-07 12:15:00+05:30,75.6,76.0,74.2,75.9,126
WELINV,2016-10-10 09:46:00+05:30,80.95,81.0,74.5,75.1,2872
WELINV,2016-10-13 09:17:00+05:30,72.3,73.5,72.1,73.15,131
WELINV,2016-10-14 09:22:00+05:30,70.85,77.6,70.5,73.1,6074
WELINV,2016-10-17 09:59:00+05:30,76.0,79.4,72.15,75.0,287
WELINV,2016-10-18 09:26:00+05:30,82.4,82.4,71.4,72.6,523
WELINV,2016-10-19 12:11:00+05:30,71.75,72.6,71.75,72.6,85
WELINV,2016-10-20 09:22:00+05:30,72.0,77.0,70.4,76.45,519
WELINV,2016-10-21 11:56:00+05:30,77.0,89.9,74.65,77.6,5186
WELINV,2016-10-24 09:58:00+05:30,77.3,84.45,75.3,75.7,168
WELINV,2016-10-25 09:39:00+05:30,73.7,83.0,73.55,80.05,9357
WELINV,2016-10-26 13:19:00+05:30,77.5,80.1,77.0,77.0,6022
WELINV,2016-10-27 10:15:00+05:30,79.6,79.6,75.0,75.0,303
WELINV,2016-10-28 09:17:00+05:30,74.0,90.0,74.0,86.65,8190
WELINV,2016-11-01 09:17:00+05:30,86.75,95.0,86.7,88.65,2405
WELINV,2016-11-02 09:22:00+05:30,92.15,95.0,86.3,92.3,6379
WELINV,2016-11-03 09:15:00+05:30,95.95,99.4,88.65,93.0,1150
WELINV,2016-11-04 10:08:00+05:30,89.3,93.0,87.1,87.7,195
WELINV,2016-11-07 09:38:00+05:30,94.6,94.6,84.5,94.5,254
WELINV,2016-11-08 09:33:00+05:30,94.5,94.5,85.0,86.85,1511
WELINV,2016-11-09 09:27:00+05:30,89.9,97.3,80.5,92.25,9169
WELINV,2016-11-10 11:02:00+05:30,94.95,110.7,94.95,104.95,10935
WELINV,2016-11-11 09:19:00+05:30,109.85,109.85,96.15,96.35,478
WELINV,2016-11-15 09:28:00+05:30,88.2,102.9,83.0,88.4,1353
WELINV,2016-11-16 09:22:00+05:30,85.65,85.65,74.3,79.7,8986
WELINV,2016-11-17 13:12:00+05:30,82.9,85.0,80.05,80.05,1019
WELINV,2016-11-18 10:21:00+05:30,79.55,79.55,79.55,79.55,100
WELINV,2016-11-21 14:26:00+05:30,76.2,76.2,76.0,76.0,52
WELINV,2016-11-22 09:24:00+05:30,75.05,80.0,75.0,78.35,2509
WELINV,2016-11-24 15:19:00+05:30,80.0,80.0,80.0,80.0,5
WELINV,2016-11-25 11:07:00+05:30,75.6,88.8,75.6,84.75,3281
WELINV,2016-11-28 09:16:00+05:30,81.4,81.4,77.7,78.45,323
WELINV,2016-11-29 12:04:00+05:30,84.9,85.0,79.0,82.35,3560
WELINV,2016-11-30 09:41:00+05:30,80.55,91.0,80.15,82.95,1341
WELINV,2016-12-01 09:28:00+05:30,86.25,87.05,82.05,82.4,1950
WELINV,2016-12-02 09:15:00+05:30,79.5,82.95,79.25,79.7,73
WELINV,2016-12-05 09:20:00+05:30,79.7,89.5,79.25,85.15,2217
WELINV,2016-12-06 10:19:00+05:30,84.15,86.95,83.5,83.65,193
WELINV,2016-12-07 09:24:00+05:30,79.05,88.7,79.05,85.95,66
WELINV,2016-12-08 10:39:00+05:30,88.8,88.8,81.5,84.1,83
WELINV,2016-12-09 09:41:00+05:30,84.5,91.0,84.5,91.0,1311
WELINV,2016-12-12 09:21:00+05:30,90.95,90.95,85.35,86.2,1153
WELINV,2016-12-13 09:23:00+05:30,86.2,86.2,81.7,82.25,680
WELINV,2016-12-14 15:23:00+05:30,81.4,81.4,81.4,81.4,5
WELINV,2016-12-15 09:27:00+05:30,78.75,89.95,78.75,81.75,3012
WELINV,2016-12-16 12:38:00+05:30,84.0,84.0,84.0,84.0,10
WELINV,2016-12-19 09:19:00+05:30,81.0,83.95,80.0,83.95,60
WELINV,2016-12-20 09:49:00+05:30,82.6,82.6,78.7,82.35,127
WELINV,2016-12-21 12:52:00+05:30,80.6,80.6,77.5,80.6,205
WELINV,2016-12-22 09:15:00+05:30,88.6,89.4,76.5,82.2,1510
WELINV,2016-12-23 11:44:00+05:30,84.3,84.3,79.0,80.5,905
WELINV,2016-12-26 09:43:00+05:30,75.4,83.9,75.4,81.0,547
WELINV,2016-12-27 09:19:00+05:30,85.95,85.95,79.15,81.95,933
WELINV,2016-12-28 09:26:00+05:30,80.0,83.0,78.2,81.7,264
WELINV,2016-12-29 10:49:00+05:30,84.75,84.75,78.1,80.2,613
WELINV,2016-12-30 09:40:00+05:30,78.1,84.8,78.1,84.15,126
WELINV,2017-01-02 09:16:00+05:30,79.6,82.8,76.75,80.15,265
WELINV,2017-01-03 09:15:00+05:30,78.0,84.0,78.0,80.2,152
WELINV,2017-01-04 10:49:00+05:30,88.5,88.5,80.75,81.4,200
WELINV,2017-01-05 09:20:00+05:30,85.4,85.4,80.35,81.55,761
WELINV,2017-01-06 09:24:00+05:30,83.8,83.8,79.5,82.6,726
WELINV,2017-01-09 12:00:00+05:30,80.2,80.8,78.1,80.0,71
WELINV,2017-01-10 09:34:00+05:30,80.0,82.5,78.55,80.0,429
WELINV,2017-01-11 10:03:00+05:30,80.05,83.5,79.4,80.65,1886
WELINV,2017-01-12 09:56:00+05:30,78.25,83.7,78.25,83.55,42
WELINV,2017-01-13 09:25:00+05:30,80.0,84.0,80.0,82.15,362
WELINV,2017-01-16 09:19:00+05:30,81.0,82.6,80.0,80.25,113
WELINV,2017-01-17 09:16:00+05:30,80.2,81.5,80.0,80.65,658
WELINV,2017-01-18 09:24:00+05:30,78.2,83.7,78.2,82.0,401
WELINV,2017-01-19 15:18:00+05:30,81.25,81.25,80.2,80.75,6
WELINV,2017-01-20 11:13:00+05:30,80.5,82.45,80.45,80.45,277
WELINV,2017-01-23 13:45:00+05:30,80.8,80.8,80.8,80.8,2
WELINV,2017-01-24 11:36:00+05:30,78.7,83.0,78.7,81.75,998
WELINV,2017-01-25 10:13:00+05:30,84.95,85.0,81.15,83.0,1412
WELINV,2017-01-27 10:08:00+05:30,80.5,81.5,80.5,81.1,71
WELINV,2017-01-30 10:33:00+05:30,82.2,82.8,81.15,82.5,222
WELINV,2017-01-31 10:39:00+05:30,81.5,81.75,80.2,81.25,1771
WELINV,2017-02-01 09:33:00+05:30,80.25,84.4,79.15,83.5,104
WELINV,2017-02-02 09:19:00+05:30,85.4,97.7,82.05,88.55,3365
WELINV,2017-02-03 09:23:00+05:30,89.0,89.0,85.15,87.95,538
WELINV,2017-02-06 09:16:00+05:30,83.3,87.0,82.2,83.35,142
WELINV,2017-02-07 10:57:00+05:30,83.25,84.6,81.4,84.0,555
WELINV,2017-02-08 09:37:00+05:30,88.95,88.95,83.0,84.0,5931
WELINV,2017-02-09 11:36:00+05:30,85.0,85.0,84.0,85.0,505
WELINV,2017-02-10 10:55:00+05:30,84.1,88.95,84.1,86.15,343
WELINV,2017-02-13 11:35:00+05:30,83.55,85.0,83.5,84.95,1158
WELINV,2017-02-14 10:47:00+05:30,84.05,87.8,84.05,84.15,1415
WELINV,2017-02-15 09:37:00+05:30,82.05,87.0,82.05,82.7,166
WELINV,2017-02-16 12:08:00+05:30,81.4,83.0,81.4,83.0,30
WELINV,2017-02-17 09:26:00+05:30,80.5,86.0,80.5,85.0,195
WELINV,2017-02-20 10:10:00+05:30,82.0,85.95,82.0,84.4,216
WELINV,2017-02-21 09:45:00+05:30,82.5,85.0,81.0,83.3,991
WELINV,2017-02-22 13:39:00+05:30,81.3,84.9,81.3,84.4,635
WELINV,2017-02-23 09:59:00+05:30,83.05,86.0,83.05,83.4,60
WELINV,2017-02-27 10:21:00+05:30,83.3,90.0,83.3,85.05,778
WELINV,2017-02-28 11:31:00+05:30,84.0,87.0,84.0,87.0,14
WELINV,2017-03-01 09:26:00+05:30,84.0,85.15,83.0,85.15,56
WELINV,2017-03-02 11:16:00+05:30,83.35,86.0,83.35,85.0,15
WELINV,2017-03-03 09:32:00+05:30,82.5,84.0,82.5,83.05,66
WELINV,2017-03-06 10:16:00+05:30,86.0,87.95,83.0,87.0,1461
WELINV,2017-03-07 10:23:00+05:30,85.0,85.05,85.0,85.05,31
WELINV,2017-03-08 09:47:00+05:30,84.05,87.05,84.05,84.1,9
WELINV,2017-03-09 11:56:00+05:30,85.0,85.05,85.0,85.05,11
WELINV,2017-03-10 09:20:00+05:30,95.0,95.0,83.25,87.05,590
WELINV,2017-03-14 09:30:00+05:30,86.45,86.95,85.0,85.0,54525
WELINV,2017-03-15 09:15:00+05:30,88.25,88.25,85.05,86.85,666
WELINV,2017-03-16 09:26:00+05:30,82.9,93.7,80.3,88.2,544
WELINV,2017-03-17 09:20:00+05:30,87.0,92.85,87.0,90.45,1640
WELINV,2017-03-20 09:28:00+05:30,86.8,91.9,85.45,86.2,366
WELINV,2017-03-21 11:31:00+05:30,84.0,89.0,81.3,84.05,163
WELINV,2017-03-22 10:34:00+05:30,89.8,89.9,82.1,84.2,214
WELINV,2017-03-23 12:04:00+05:30,83.25,86.95,83.15,83.35,5305
WELINV,2017-03-24 10:15:00+05:30,83.7,88.9,83.7,87.0,6231
WELINV,2017-03-27 09:20:00+05:30,83.5,89.4,80.95,83.9,1985
WELINV,2017-03-28 12:40:00+05:30,84.1,86.9,84.05,84.1,3498
WELINV,2017-03-29 11:41:00+05:30,84.0,84.0,83.0,83.0,1759
WELINV,2017-03-30 11:00:00+05:30,83.4,84.35,83.4,83.5,249
WELINV,2017-03-31 09:41:00+05:30,83.05,83.4,82.0,83.0,1639
WELINV,2017-04-03 10:38:00+05:30,83.05,88.75,83.0,86.85,897
WELINV,2017-04-05 09:19:00+05:30,83.0,85.45,83.0,84.0,479
WELINV,2017-04-06 09:20:00+05:30,85.95,96.4,83.0,90.7,11289
WELINV,2017-04-07 09:17:00+05:30,91.0,95.0,87.15,90.55,699
WELINV,2017-04-10 09:58:00+05:30,88.2,93.95,85.85,87.4,1203
WELINV,2017-04-11 09:33:00+05:30,89.95,92.95,89.95,90.95,688
WELINV,2017-04-12 10:32:00+05:30,88.3,88.3,88.1,88.2,38
WELINV,2017-04-13 09:37:00+05:30,88.0,98.0,88.0,89.85,2295
WELINV,2017-04-17 09:46:00+05:30,89.2,89.25,86.4,88.05,206
WELINV,2017-04-18 11:00:00+05:30,87.05,92.95,87.05,87.15,261
WELINV,2017-04-19 10:25:00+05:30,87.15,87.2,87.15,87.2,87
WELINV,2017-04-20 10:48:00+05:30,86.0,94.0,86.0,87.0,78
WELINV,2017-04-21 10:01:00+05:30,85.05,94.9,85.05,87.8,894
WELINV,2017-04-24 09:21:00+05:30,91.95,92.0,86.55,90.0,449
WELINV,2017-04-25 09:30:00+05:30,88.0,108.0,85.65,108.0,67014
WELINV,2017-04-26 09:15:00+05:30,116.0,129.6,115.5,127.75,124664
WELINV,2017-04-27 09:15:00+05:30,128.8,129.0,115.25,117.5,30677
WELINV,2017-04-28 09:17:00+05:30,119.0,119.0,108.2,109.85,16489
WELINV,2017-05-02 09:16:00+05:30,107.5,113.9,103.0,105.0,5892
WELINV,2017-05-03 09:19:00+05:30,105.2,105.2,100.2,100.9,4197
WELINV,2017-05-04 09:21:00+05:30,100.1,101.9,95.9,95.9,5952
WELINV,2017-05-05 09:20:00+05:30,95.75,95.75,91.15,91.2,2468
WELINV,2017-05-08 09:27:00+05:30,92.0,95.75,90.5,95.75,3222
WELINV,2017-05-09 09:15:00+05:30,97.0,97.0,91.1,91.55,4707
WELINV,2017-05-10 09:19:00+05:30,92.5,93.4,90.2,90.45,2114
WELINV,2017-05-11 09:24:00+05:30,90.95,93.5,89.0,91.05,2263
WELINV,2017-05-12 09:26:00+05:30,91.05,92.45,89.35,90.9,330
WELINV,2017-05-15 10:11:00+05:30,90.15,91.75,90.1,90.2,336
WELINV,2017-05-16 09:24:00+05:30,93.0,94.2,88.25,93.5,1375
WELINV,2017-05-17 10:11:00+05:30,91.45,94.1,91.05,93.9,659
WELINV,2017-05-18 09:27:00+05:30,90.1,92.95,90.1,92.95,195
WELINV,2017-05-19 09:30:00+05:30,88.7,96.8,88.7,91.25,654
WELINV,2017-05-22 12:22:00+05:30,93.95,93.95,91.3,93.6,125
WELINV,2017-05-23 09:38:00+05:30,92.0,92.9,89.15,92.1,404
WELINV,2017-05-24 10:28:00+05:30,88.15,93.55,87.5,88.25,297
WELINV,2017-05-25 09:46:00+05:30,86.7,92.5,86.7,90.0,4407
WELINV,2017-05-26 09:20:00+05:30,91.0,91.0,89.5,90.0,726
WELINV,2017-05-29 11:15:00+05:30,90.05,90.05,90.0,90.0,76
WELINV,2017-05-30 13:47:00+05:30,90.05,90.05,90.0,90.05,61
WELINV,2017-05-31 10:40:00+05:30,90.1,92.9,90.1,90.1,54
WELINV,2017-06-01 13:14:00+05:30,90.1,93.0,88.6,93.0,906
WELINV,2017-06-02 09:57:00+05:30,95.95,95.95,90.4,91.7,289
WELINV,2017-06-05 11:27:00+05:30,90.2,91.0,90.2,91.0,208
WELINV,2017-06-06 09:59:00+05:30,90.15,94.95,90.15,91.0,168
WELINV,2017-06-07 10:33:00+05:30,90.5,93.5,87.25,91.3,122
WELINV,2017-06-08 11:42:00+05:30,88.05,92.0,87.25,88.25,647
WELINV,2017-06-09 11:33:00+05:30,90.0,95.95,88.5,91.2,2487
WELINV,2017-06-12 10:23:00+05:30,91.0,100.3,88.05,94.6,10217
WELINV,2017-06-13 09:42:00+05:30,92.2,99.9,92.2,94.85,1758
WELINV,2017-06-14 09:25:00+05:30,92.35,98.35,88.1,91.55,711
WELINV,2017-06-15 10:28:00+05:30,94.95,94.95,94.95,94.95,1
WELINV,2017-06-16 14:59:00+05:30,90.25,90.25,90.25,90.25,2
WELINV,2017-06-19 09:19:00+05:30,85.4,91.9,85.4,91.75,1851
WELINV,2017-06-20 10:34:00+05:30,91.25,91.4,90.0,90.6,318
WELINV,2017-06-21 10:03:00+05:30,87.5,93.5,87.5,93.45,420
WELINV,2017-06-22 09:18:00+05:30,93.0,93.05,91.3,91.55,494
WELINV,2017-06-23 09:27:00+05:30,90.05,91.95,90.0,91.95,1720
WELINV,2017-06-27 09:33:00+05:30,90.3,97.8,90.3,96.9,817
WELINV,2017-06-28 09:18:00+05:30,92.0,98.0,88.2,95.1,739
WELINV,2017-06-29 09:40:00+05:30,97.0,104.6,97.0,104.6,24280
WELINV,2017-06-30 09:15:00+05:30,111.7,114.0,98.05,102.8,23391
WELINV,2017-07-03 09:26:00+05:30,101.75,105.4,95.0,100.65,2227
WELINV,2017-07-04 09:21:00+05:30,104.95,105.0,98.0,98.5,1871
WELINV,2017-07-05 09:47:00+05:30,95.15,101.95,95.15,96.8,1443
WELINV,2017-07-06 09:35:00+05:30,96.0,100.7,91.1,96.35,5219
WELINV,2017-07-07 10:00:00+05:30,92.85,99.0,92.85,96.65,1196
WELINV,2017-07-10 12:35:00+05:30,104.8,104.8,92.05,97.65,307
WELINV,2017-07-11 09:23:00+05:30,97.5,101.0,96.25,96.9,2224
WELINV,2017-07-12 09:47:00+05:30,94.65,98.0,94.65,98.0,2395
WELINV,2017-07-13 09:23:00+05:30,96.25,100.1,96.25,97.0,2249
WELINV,2017-07-14 09:46:00+05:30,98.0,99.95,92.05,93.9,532
WELINV,2017-07-17 09:21:00+05:30,97.75,97.9,93.0,94.0,923
WELINV,2017-07-18 09:30:00+05:30,90.05,96.0,90.05,92.0,172
WELINV,2017-07-19 10:16:00+05:30,93.0,93.75,91.25,92.2,1115
WELINV,2017-07-20 09:15:00+05:30,94.95,101.4,94.75,101.4,15798
WELINV,2017-07-21 09:15:00+05:30,107.5,111.5,107.5,111.5,3724
WELINV,2017-07-24 09:15:00+05:30,117.9,122.65,115.0,122.65,9186
WELINV,2017-07-25 09:15:00+05:30,128.75,128.75,128.75,128.75,2632
WELINV,2017-07-26 09:18:00+05:30,135.15,135.15,135.15,135.15,904
WELINV,2017-07-27 09:15:00+05:30,141.9,141.9,128.4,128.4,13969
WELINV,2017-07-28 09:15:00+05:30,123.0,123.0,122.0,122.0,1161
WELINV,2017-07-31 09:22:00+05:30,118.05,121.8,115.9,119.8,1621
WELINV,2017-08-01 09:52:00+05:30,119.8,122.85,115.55,117.0,1461
WELINV,2017-08-02 09:20:00+05:30,114.15,116.95,112.05,112.05,442
WELINV,2017-08-03 09:26:00+05:30,117.45,117.45,108.0,109.95,117
WELINV,2017-08-04 09:27:00+05:30,105.0,109.85,104.5,108.95,928
WELINV,2017-08-07 11:03:00+05:30,103.55,108.9,103.55,106.65,203
WELINV,2017-08-08 09:54:00+05:30,101.35,107.65,101.35,101.4,1170
WELINV,2017-08-09 09:16:00+05:30,96.35,106.0,96.35,100.05,192
WELINV,2017-08-10 10:04:00+05:30,95.1,102.95,95.1,99.95,1514
WELINV,2017-08-11 12:38:00+05:30,95.0,95.0,95.0,95.0,226
WELINV,2017-08-14 09:44:00+05:30,92.0,92.0,90.25,90.25,695
WELINV,2017-08-16 09:22:00+05:30,86.15,94.7,86.1,94.7,307
WELINV,2017-08-17 10:05:00+05:30,94.75,96.15,94.75,96.15,254
WELINV,2017-08-18 10:10:00+05:30,91.55,92.2,91.55,92.2,48
WELINV,2017-08-21 10:43:00+05:30,92.0,92.1,92.0,92.1,383
WELINV,2017-08-22 15:03:00+05:30,87.7,88.0,87.65,87.7,822
WELINV,2017-08-23 10:10:00+05:30,87.0,91.0,85.0,85.0,130
WELINV,2017-08-24 09:54:00+05:30,81.05,89.25,81.05,89.25,1709
WELINV,2017-08-28 10:06:00+05:30,93.7,93.7,93.7,93.7,81
WELINV,2017-08-29 10:34:00+05:30,98.35,98.35,98.35,98.35,118
WELINV,2017-08-30 09:56:00+05:30,103.25,103.25,103.25,103.25,907
WELINV,2017-08-31 09:56:00+05:30,103.25,108.4,103.25,108.4,539
WELINV,2017-09-01 09:26:00+05:30,108.4,113.75,108.4,113.75,426
WELINV,2017-09-04 09:16:00+05:30,113.75,113.75,113.6,113.6,42
WELINV,2017-09-05 10:41:00+05:30,113.5,113.5,113.4,113.4,78
WELINV,2017-09-06 09:26:00+05:30,119.0,119.0,108.0,111.0,1957
WELINV,2017-09-07 13:08:00+05:30,108.0,116.55,105.45,115.35,966
WELINV,2017-09-08 09:33:00+05:30,116.55,121.0,110.0,117.45,930
WELINV,2017-09-11 09:42:00+05:30,112.0,112.1,111.6,112.1,232
WELINV,2017-09-12 10:10:00+05:30,109.0,117.7,109.0,117.7,647
WELINV,2017-09-13 09:42:00+05:30,119.0,123.55,112.05,115.0,1191
WELINV,2017-09-14 09:22:00+05:30,120.75,120.75,109.4,116.3,667
WELINV,2017-09-15 09:37:00+05:30,120.0,120.0,120.0,120.0,10
WELINV,2017-09-18 09:54:00+05:30,119.85,119.85,114.0,114.05,410
WELINV,2017-09-19 11:55:00+05:30,108.4,119.35,108.4,109.0,180
WELINV,2017-09-20 10:39:00+05:30,109.0,114.45,104.0,110.85,1210
WELINV,2017-09-21 10:03:00+05:30,110.6,110.6,110.0,110.1,943
WELINV,2017-09-22 09:28:00+05:30,108.0,113.85,107.0,107.05,411
WELINV,2017-09-25 09:29:00+05:30,101.8,112.4,101.7,110.3,1346
WELINV,2017-09-26 14:40:00+05:30,104.8,104.8,104.8,104.8,185
WELINV,2017-09-27 10:35:00+05:30,104.8,104.8,99.65,99.7,508
WELINV,2017-09-28 09:56:00+05:30,95.1,104.6,95.1,95.75,1533
WELINV,2017-09-29 11:41:00+05:30,100.45,100.5,100.45,100.5,84
WELINV,2017-10-03 09:27:00+05:30,101.0,101.0,97.05,97.55,112
WELINV,2017-10-04 09:24:00+05:30,98.05,98.55,98.05,98.55,128
WELINV,2017-10-05 09:27:00+05:30,98.0,103.45,98.0,103.45,371
WELINV,2017-10-06 10:50:00+05:30,98.6,108.6,98.6,108.6,1283
WELINV,2017-10-09 11:40:00+05:30,103.3,108.6,103.3,108.6,120
WELINV,2017-10-10 09:41:00+05:30,108.6,108.6,108.45,108.45,40
WELINV,2017-10-11 09:28:00+05:30,108.4,108.4,103.05,103.05,106
WELINV,2017-10-12 14:57:00+05:30,106.5,107.0,106.5,107.0,113
WELINV,2017-10-13 09:38:00+05:30,112.35,112.35,101.65,103.75,1354
WELINV,2017-10-16 10:12:00+05:30,99.15,108.9,99.15,100.0,95
WELINV,2017-10-17 09:24:00+05:30,99.0,105.0,96.05,105.0,159
WELINV,2017-10-23 09:27:00+05:30,100.0,110.25,100.0,110.25,76
WELINV,2017-10-24 09:24:00+05:30,104.75,109.0,104.75,106.5,153
WELINV,2017-10-25 10:50:00+05:30,102.1,107.0,102.05,102.1,136
WELINV,2017-10-26 09:43:00+05:30,102.0,102.0,102.0,102.0,31
WELINV,2017-10-27 09:18:00+05:30,101.0,103.0,101.0,103.0,163
WELINV,2017-10-30 09:49:00+05:30,102.0,108.15,102.0,102.5,795
WELINV,2017-10-31 10:35:00+05:30,100.1,107.6,100.1,100.75,182
WELINV,2017-11-01 10:33:00+05:30,105.55,105.75,97.25,102.55,223
WELINV,2017-11-02 09:25:00+05:30,107.65,107.65,107.0,107.0,167
WELINV,2017-11-03 09:42:00+05:30,112.35,112.35,104.05,109.3,915
WELINV,2017-11-06 09:15:00+05:30,104.0,114.75,104.0,113.5,1175
WELINV,2017-11-07 09:56:00+05:30,119.15,119.15,108.05,119.15,1754
WELINV,2017-11-08 09:24:00+05:30,125.1,125.1,115.0,121.95,611
WELINV,2017-11-09 11:56:00+05:30,115.9,115.9,115.9,115.9,80
WELINV,2017-11-13 10:58:00+05:30,118.95,118.95,111.0,111.4,162
WELINV,2017-11-14 09:44:00+05:30,116.95,116.95,106.0,116.45,185
WELINV,2017-11-15 09:21:00+05:30,111.0,118.5,111.0,112.0,179
WELINV,2017-11-16 13:07:00+05:30,112.0,112.25,112.0,112.25,110
WELINV,2017-11-17 09:58:00+05:30,116.8,117.85,107.0,110.35,541
WELINV,2017-11-20 09:47:00+05:30,105.75,115.85,105.75,110.4,116
WELINV,2017-11-21 11:27:00+05:30,115.0,115.0,110.15,111.05,59
WELINV,2017-11-22 10:50:00+05:30,108.1,116.6,108.1,116.6,35
WELINV,2017-11-23 10:00:00+05:30,111.65,119.0,111.25,118.95,222
WELINV,2017-11-24 09:23:00+05:30,116.55,124.75,116.4,117.15,555
WELINV,2017-11-27 12:37:00+05:30,114.9,114.9,114.35,114.35,35
WELINV,2017-11-28 09:37:00+05:30,110.55,120.05,110.55,117.6,299
WELINV,2017-11-29 09:36:00+05:30,118.0,123.45,118.0,118.05,48
WELINV,2017-11-30 09:30:00+05:30,115.1,123.8,115.05,123.4,245
WELINV,2017-12-01 09:21:00+05:30,117.25,128.45,117.25,122.55,1906
WELINV,2017-12-04 09:15:00+05:30,117.5,128.65,117.35,128.4,3271
WELINV,2017-12-05 09:51:00+05:30,133.0,134.8,124.0,131.65,5927
WELINV,2017-12-06 09:15:00+05:30,131.5,138.2,129.0,129.05,2520
WELINV,2017-12-07 09:40:00+05:30,137.8,138.85,127.65,132.7,825
WELINV,2017-12-08 09:19:00+05:30,126.4,145.95,126.4,145.95,2199
WELINV,2017-12-11 09:15:00+05:30,160.0,160.5,156.1,160.5,17304
WELINV,2017-12-12 09:15:00+05:30,165.0,168.5,165.0,168.5,2511
WELINV,2017-12-13 09:15:00+05:30,176.9,176.9,176.9,176.9,7335
WELINV,2017-12-14 09:15:00+05:30,185.7,185.7,185.7,185.7,3288
WELINV,2017-12-15 09:17:00+05:30,194.95,194.95,194.95,194.95,4031
WELINV,2017-12-18 09:15:00+05:30,195.75,204.65,185.25,204.65,14679
WELINV,2017-12-19 09:15:00+05:30,214.85,214.85,214.85,214.85,1765
WELINV,2017-12-20 09:15:00+05:30,225.55,225.55,225.55,225.55,757
WELINV,2017-12-21 09:15:00+05:30,236.8,236.8,236.8,236.8,7871
WELINV,2017-12-22 09:15:00+05:30,248.6,248.6,248.6,248.6,2511
WELINV,2017-12-26 09:15:00+05:30,261.0,261.0,255.0,261.0,13984
WELINV,2017-12-27 09:15:00+05:30,274.05,274.05,274.05,274.05,3795
WELINV,2017-12-28 09:15:00+05:30,287.75,287.75,287.75,287.75,3640
WELINV,2017-12-29 09:16:00+05:30,297.0,302.1,297.0,302.1,1172
WELINV,2018-01-01 09:18:00+05:30,317.2,317.2,317.2,317.2,6920
WELINV,2018-01-02 09:15:00+05:30,333.05,333.05,333.0,333.05,7352
WELINV,2018-01-03 09:15:00+05:30,349.7,349.7,336.0,349.25,32921
WELINV,2018-01-04 09:15:00+05:30,363.9,366.7,332.0,346.35,8023
WELINV,2018-01-05 09:16:00+05:30,350.0,350.0,329.05,330.15,7461
WELINV,2018-01-08 09:15:00+05:30,315.05,315.05,313.65,313.65,1201
WELINV,2018-01-09 09:15:00+05:30,298.0,298.0,298.0,298.0,280
WELINV,2018-01-10 09:15:00+05:30,285.0,285.0,283.1,283.1,551
WELINV,2018-01-11 09:16:00+05:30,268.95,268.95,268.95,268.95,1462
WELINV,2018-01-12 09:15:00+05:30,255.55,282.35,255.55,282.35,13300
WELINV,2018-01-15 09:16:00+05:30,294.9,296.45,284.05,296.45,4733
WELINV,2018-01-16 09:15:00+05:30,307.45,307.45,281.65,281.65,2729
WELINV,2018-01-17 09:15:00+05:30,267.6,267.6,267.6,267.6,1137
WELINV,2018-01-18 09:17:00+05:30,254.3,265.0,254.25,254.25,1994
WELINV,2018-01-19 09:16:00+05:30,242.05,242.05,241.55,241.55,1777
WELINV,2018-01-22 09:53:00+05:30,229.9,241.55,229.5,230.15,694
WELINV,2018-01-23 09:15:00+05:30,220.15,232.0,218.65,218.7,1655
WELINV,2018-01-24 09:26:00+05:30,210.0,212.45,207.8,207.8,2655
WELINV,2018-01-25 09:19:00+05:30,207.8,210.2,197.45,210.2,13553
WELINV,2018-01-29 09:40:00+05:30,200.15,219.85,200.15,209.35,3439
WELINV,2018-01-30 09:20:00+05:30,205.05,205.05,198.9,203.0,302
WELINV,2018-01-31 09:24:00+05:30,213.15,213.15,192.85,192.85,303
WELINV,2018-02-01 09:25:00+05:30,183.3,202.45,183.25,183.25,421
WELINV,2018-02-02 09:17:00+05:30,175.0,175.0,174.1,174.1,145
WELINV,2018-02-05 10:30:00+05:30,165.4,165.4,165.4,165.4,773
WELINV,2018-02-06 09:57:00+05:30,159.0,159.0,157.15,157.15,84
WELINV,2018-02-07 10:00:00+05:30,165.0,165.0,150.0,159.15,555
WELINV,2018-02-08 09:22:00+05:30,167.0,167.0,154.0,165.0,1044
WELINV,2018-02-09 09:27:00+05:30,156.75,169.0,156.75,163.7,1499
WELINV,2018-02-12 09:20:00+05:30,164.1,166.9,156.0,164.6,1405
WELINV,2018-02-14 09:18:00+05:30,164.65,172.8,160.25,166.8,3187
WELINV,2018-02-15 09:26:00+05:30,160.25,175.1,160.25,175.1,3320
WELINV,2018-02-16 09:16:00+05:30,183.85,183.85,183.85,183.85,1606
WELINV,2018-02-19 09:45:00+05:30,193.0,193.0,185.05,193.0,7038
WELINV,2018-02-20 09:15:00+05:30,193.0,202.65,184.7,202.65,5383
WELINV,2018-02-21 09:15:00+05:30,212.0,212.75,193.35,200.05,7043
WELINV,2018-02-22 09:15:00+05:30,190.45,198.0,190.05,191.15,2105
WELINV,2018-02-23 09:24:00+05:30,200.7,200.7,181.6,183.55,1374
WELINV,2018-02-26 09:15:00+05:30,191.7,192.7,176.0,192.6,2375
WELINV,2018-02-27 09:15:00+05:30,191.95,197.9,183.3,184.05,2209
WELINV,2018-02-28 09:50:00+05:30,184.05,186.7,175.1,176.35,562
WELINV,2018-03-01 09:33:00+05:30,177.5,183.95,172.05,174.7,4707
WELINV,2018-03-05 09:51:00+05:30,181.8,181.8,175.0,175.2,358
WELINV,2018-03-06 09:33:00+05:30,178.9,179.0,172.0,172.0,2969
WELINV,2018-03-07 09:26:00+05:30,172.0,173.8,164.0,164.6,1887
WELINV,2018-03-08 09:19:00+05:30,158.2,165.0,156.4,162.65,503
WELINV,2018-03-09 09:21:00+05:30,158.0,170.75,157.0,159.7,1243
WELINV,2018-03-12 09:15:00+05:30,152.1,164.65,152.1,158.1,810
WELINV,2018-03-13 09:43:00+05:30,158.95,164.0,155.15,158.5,1432
WELINV,2018-03-14 09:47:00+05:30,160.0,163.85,156.0,162.5,661
WELINV,2018-03-15 09:36:00+05:30,165.0,170.6,161.5,166.5,575
WELINV,2018-03-16 09:39:00+05:30,171.1,174.8,165.05,166.1,826
WELINV,2018-03-19 10:38:00+05:30,163.0,165.0,157.8,160.35,666
WELINV,2018-03-20 09:17:00+05:30,152.35,166.95,152.35,156.1,379
WELINV,2018-03-21 09:41:00+05:30,155.0,160.0,151.5,152.6,164
WELINV,2018-03-22 12:01:00+05:30,149.0,149.5,149.0,149.5,7981
WELINV,2018-03-23 09:38:00+05:30,142.5,143.05,142.05,142.25,1863
WELINV,2018-03-26 09:56:00+05:30,135.65,146.95,135.15,135.75,2845
WELINV,2018-03-27 09:23:00+05:30,129.45,142.5,129.45,142.5,811
WELINV,2018-03-28 10:24:00+05:30,142.5,147.85,140.7,143.8,726
WELINV,2018-04-02 09:28:00+05:30,150.9,150.9,143.85,149.2,134
WELINV,2018-04-03 11:12:00+05:30,143.1,152.25,143.1,151.35,1736
WELINV,2018-04-04 09:35:00+05:30,154.45,158.9,144.35,148.0,789
WELINV,2018-04-05 10:22:00+05:30,153.95,155.4,153.0,155.4,660
WELINV,2018-04-06 10:41:00+05:30,167.0,167.0,153.0,154.15,2471
WELINV,2018-04-09 10:53:00+05:30,152.25,152.5,152.25,152.5,99
WELINV,2018-04-10 10:16:00+05:30,150.0,158.0,146.0,158.0,382
WELINV,2018-04-11 09:15:00+05:30,158.0,162.0,151.1,157.0,766
WELINV,2018-04-12 10:13:00+05:30,156.95,158.5,152.0,157.8,409
WELINV,2018-04-13 09:54:00+05:30,157.0,163.0,152.0,154.85,573
WELINV,2018-04-16 09:36:00+05:30,143.05,170.3,143.05,165.65,548
WELINV,2018-04-17 09:18:00+05:30,165.0,166.0,155.6,158.05,410
WELINV,2018-04-18 10:09:00+05:30,158.6,160.0,151.15,152.45,1284
WELINV,2018-04-19 09:17:00+05:30,151.0,152.05,149.15,152.05,83
WELINV,2018-04-20 09:17:00+05:30,151.0,159.9,150.0,150.25,523
WELINV,2018-04-23 09:23:00+05:30,140.05,159.8,140.05,150.9,920
WELINV,2018-04-24 10:02:00+05:30,150.0,156.8,150.0,153.05,77
WELINV,2018-04-25 10:12:00+05:30,143.1,165.0,143.1,157.9,254
WELINV,2018-04-26 10:58:00+05:30,157.9,160.0,150.05,151.0,353
WELINV,2018-04-27 09:17:00+05:30,151.05,159.8,149.0,150.05,156
WELINV,2018-04-30 09:16:00+05:30,149.1,149.2,149.1,149.1,40
WELINV,2018-05-02 09:20:00+05:30,150.1,164.0,150.1,163.65,634
WELINV,2018-05-03 09:15:00+05:30,165.0,180.0,160.1,180.0,3407
WELINV,2018-05-04 09:15:00+05:30,192.9,198.0,190.0,198.0,4661
WELINV,2018-05-07 09:15:00+05:30,207.9,207.9,206.2,207.9,3605
WELINV,2018-05-08 09:15:00+05:30,218.25,218.25,197.55,197.55,3579
WELINV,2018-05-09 09:15:00+05:30,191.55,191.55,187.7,190.0,1239
WELINV,2018-05-10 09:16:00+05:30,181.0,185.0,180.5,180.5,405
WELINV,2018-05-11 09:25:00+05:30,172.0,172.0,171.5,171.55,396
WELINV,2018-05-14 09:24:00+05:30,167.1,171.55,163.0,164.05,1148
WELINV,2018-05-15 09:31:00+05:30,156.05,165.0,156.0,156.0,589
WELINV,2018-05-16 09:31:00+05:30,156.0,156.05,156.0,156.05,76
WELINV,2018-05-17 10:31:00+05:30,163.0,163.85,163.0,163.85,21
WELINV,2018-05-18 12:02:00+05:30,172.0,172.0,172.0,172.0,300
WELINV,2018-05-21 09:18:00+05:30,170.0,170.0,164.05,165.15,167
WELINV,2018-05-22 12:06:00+05:30,165.0,165.0,165.0,165.0,10
WELINV,2018-05-23 09:29:00+05:30,157.05,158.5,157.05,157.55,1253
WELINV,2018-05-25 10:02:00+05:30,162.0,163.0,158.05,163.0,137
WELINV,2018-05-28 15:05:00+05:30,158.05,158.05,158.05,158.05,7
WELINV,2018-05-29 09:19:00+05:30,150.2,165.95,150.2,165.95,416
WELINV,2018-05-30 12:16:00+05:30,158.05,159.0,158.05,159.0,294
WELINV,2018-05-31 09:19:00+05:30,152.6,152.6,152.6,152.6,1
WELINV,2018-06-01 09:16:00+05:30,152.55,160.2,152.55,160.2,204
WELINV,2018-06-04 09:31:00+05:30,153.6,154.05,153.1,154.0,653
WELINV,2018-06-05 09:26:00+05:30,152.5,159.9,146.3,151.3,956
WELINV,2018-06-06 10:00:00+05:30,152.5,155.0,146.25,154.3,4916
WELINV,2018-06-07 09:47:00+05:30,147.5,150.25,147.5,150.25,70
WELINV,2018-06-11 09:32:00+05:30,147.5,157.75,147.5,147.6,56
WELINV,2018-06-12 09:58:00+05:30,154.9,154.9,150.0,150.0,139
WELINV,2018-06-13 09:39:00+05:30,157.5,157.5,150.0,152.3,495
WELINV,2018-06-14 10:35:00+05:30,155.0,155.0,152.0,152.0,150
WELINV,2018-06-15 10:41:00+05:30,154.0,154.0,152.0,154.0,116
WELINV,2018-06-18 12:56:00+05:30,150.0,150.0,150.0,150.0,6
WELINV,2018-06-19 10:28:00+05:30,151.0,151.0,151.0,151.0,109
WELINV,2018-06-20 13:25:00+05:30,151.0,154.3,151.0,153.9,2892
WELINV,2018-06-21 09:58:00+05:30,150.05,151.0,150.05,151.0,401
WELINV,2018-06-22 11:15:00+05:30,151.0,152.0,146.0,151.0,6201
WELINV,2018-06-25 12:54:00+05:30,150.0,151.0,150.0,150.0,658
WELINV,2018-06-26 10:26:00+05:30,150.0,150.0,147.5,150.0,562
WELINV,2018-06-27 13:44:00+05:30,150.0,150.0,142.5,142.5,17
WELINV,2018-06-28 09:15:00+05:30,135.4,140.0,135.4,140.0,229
WELINV,2018-06-29 14:24:00+05:30,140.0,140.0,140.0,140.0,20
WELINV,2018-07-02 10:50:00+05:30,140.0,140.05,140.0,140.05,3
WELINV,2018-07-03 14:04:00+05:30,141.5,141.5,141.0,141.0,37
WELINV,2018-07-04 12:35:00+05:30,141.0,141.0,141.0,141.0,17
WELINV,2018-07-05 11:05:00+05:30,140.1,140.1,140.1,140.1,197
WELINV,2018-07-06 10:48:00+05:30,138.0,138.0,138.0,138.0,4
WELINV,2018-07-09 11:20:00+05:30,140.0,141.0,140.0,141.0,22
WELINV,2018-07-10 10:14:00+05:30,141.05,141.05,141.05,141.05,58
WELINV,2018-07-11 10:19:00+05:30,141.05,145.0,141.0,145.0,980
WELINV,2018-07-12 11:25:00+05:30,148.9,148.9,141.05,141.05,101
WELINV,2018-07-13 11:04:00+05:30,141.05,141.05,141.05,141.05,15
WELINV,2018-07-16 09:57:00+05:30,140.0,145.0,140.0,145.0,7917
WELINV,2018-07-17 12:30:00+05:30,138.1,140.0,138.1,138.1,24
WELINV,2018-07-18 11:09:00+05:30,136.05,137.15,136.05,137.15,92
WELINV,2018-07-19 13:59:00+05:30,139.05,139.05,139.05,139.05,46
WELINV,2018-07-20 09:56:00+05:30,137.05,140.0,137.05,139.0,41
WELINV,2018-07-23 09:52:00+05:30,132.1,138.0,132.1,138.0,282
WELINV,2018-07-24 09:29:00+05:30,134.05,144.0,134.05,144.0,354
WELINV,2018-07-25 11:09:00+05:30,138.1,147.9,137.0,140.0,252
WELINV,2018-07-26 10:59:00+05:30,137.05,147.0,137.05,138.0,284
WELINV,2018-07-27 09:43:00+05:30,136.05,144.9,136.05,144.9,80
WELINV,2018-07-30 09:45:00+05:30,152.1,152.1,145.0,145.7,147
WELINV,2018-07-31 09:35:00+05:30,152.95,152.95,144.35,149.4,134
WELINV,2018-08-01 09:30:00+05:30,145.25,154.0,145.25,148.0,515
WELINV,2018-08-02 13:44:00+05:30,152.0,155.35,148.15,148.15,110
WELINV,2018-08-06 10:29:00+05:30,144.65,148.2,144.65,148.2,275
WELINV,2018-08-07 09:39:00+05:30,155.6,155.6,145.7,147.05,143
WELINV,2018-08-08 09:52:00+05:30,149.95,149.95,144.05,144.1,178
WELINV,2018-08-09 09:27:00+05:30,138.2,143.5,138.2,143.05,62
WELINV,2018-08-10 09:56:00+05:30,150.0,150.0,150.0,150.0,50
WELINV,2018-08-14 09:44:00+05:30,150.0,157.5,150.0,157.5,1010
WELINV,2018-08-16 10:23:00+05:30,152.0,156.05,149.65,149.65,214
WELINV,2018-08-17 10:08:00+05:30,150.05,157.0,150.05,152.5,33
WELINV,2018-08-20 09:36:00+05:30,150.0,156.4,146.25,148.5,477
WELINV,2018-08-21 10:46:00+05:30,145.15,150.0,145.15,149.0,63
WELINV,2018-08-24 11:53:00+05:30,150.05,154.0,144.5,151.05,185
WELINV,2018-08-27 10:50:00+05:30,147.35,158.0,147.35,156.5,593
WELINV,2018-08-28 09:47:00+05:30,159.0,162.0,159.0,162.0,419
WELINV,2018-08-29 09:29:00+05:30,168.95,168.95,154.0,155.0,501
WELINV,2018-08-30 10:07:00+05:30,152.0,162.45,150.0,157.9,106
WELINV,2018-08-31 09:25:00+05:30,165.7,165.75,150.4,162.4,972
WELINV,2018-09-03 09:22:00+05:30,167.0,170.5,158.65,166.1,297
WELINV,2018-09-04 10:14:00+05:30,166.1,174.0,166.1,167.0,479
WELINV,2018-09-05 09:56:00+05:30,173.5,174.95,158.7,170.0,587
WELINV,2018-09-06 09:48:00+05:30,178.5,178.5,161.5,161.65,1479
WELINV,2018-09-07 09:19:00+05:30,161.0,164.95,153.6,158.65,1067
WELINV,2018-09-10 09:33:00+05:30,165.75,165.75,158.05,160.0,110
WELINV,2018-09-11 09:26:00+05:30,153.05,166.9,153.05,160.3,76
WELINV,2018-09-12 10:53:00+05:30,153.15,163.0,153.15,163.0,488
WELINV,2018-09-14 09:21:00+05:30,155.0,157.25,155.0,157.25,29
WELINV,2018-09-17 09:29:00+05:30,151.2,160.0,151.2,160.0,56
WELINV,2018-09-18 10:05:00+05:30,155.0,167.9,155.0,165.0,436
WELINV,2018-09-19 09:22:00+05:30,157.0,169.95,157.0,160.0,1310
WELINV,2018-09-21 09:26:00+05:30,160.0,168.0,160.0,160.0,1982
WELINV,2018-09-24 09:34:00+05:30,160.0,162.0,155.0,155.05,2137
WELINV,2018-09-25 12:19:00+05:30,155.0,160.95,150.3,159.45,596
WELINV,2018-09-26 11:00:00+05:30,155.1,155.15,155.0,155.0,150
WELINV,2018-09-27 09:55:00+05:30,155.1,162.0,155.0,162.0,298
WELINV,2018-09-28 09:45:00+05:30,155.0,161.0,153.9,156.65,1158
WELINV,2018-10-01 09:43:00+05:30,160.0,160.0,150.0,158.0,543
WELINV,2018-10-03 11:21:00+05:30,152.5,158.0,152.5,154.95,703
WELINV,2018-10-04 09:52:00+05:30,154.95,155.0,147.5,147.5,3249
WELINV,2018-10-05 09:47:00+05:30,147.5,147.5,144.5,144.5,18
WELINV,2018-10-08 15:25:00+05:30,145.1,145.1,145.1,145.1,1
WELINV,2018-10-09 11:04:00+05:30,145.1,159.6,145.0,155.0,800
WELINV,2018-10-10 09:53:00+05:30,150.0,154.0,150.0,154.0,470
WELINV,2018-10-11 09:26:00+05:30,145.0,157.95,145.0,148.05,36
WELINV,2018-10-12 09:38:00+05:30,145.05,162.75,145.05,161.95,375
WELINV,2018-10-15 09:15:00+05:30,178.1,178.1,156.0,159.2,697
WELINV,2018-10-16 11:38:00+05:30,166.0,166.0,166.0,166.0,50
WELINV,2018-10-17 09:29:00+05:30,175.0,175.0,156.3,156.65,330
WELINV,2018-10-19 09:24:00+05:30,150.1,164.9,150.1,154.05,26
WELINV,2018-10-22 09:50:00+05:30,156.0,156.0,151.0,153.4,160
WELINV,2018-10-23 15:24:00+05:30,149.0,156.0,149.0,155.0,792
WELINV,2018-10-24 09:28:00+05:30,160.0,160.0,160.0,160.0,10
WELINV,2018-10-25 13:03:00+05:30,146.05,155.0,146.05,154.15,37
WELINV,2018-10-26 09:51:00+05:30,141.15,155.0,141.15,147.4,15
WELINV,2018-10-29 10:26:00+05:30,155.0,158.0,147.05,154.35,596
WELINV,2018-10-30 12:20:00+05:30,147.0,151.0,147.0,151.0,35
WELINV,2018-10-31 09:22:00+05:30,144.0,158.95,144.0,151.85,91
WELINV,2018-11-01 10:28:00+05:30,143.0,157.9,143.0,146.5,846
WELINV,2018-11-02 09:22:00+05:30,150.2,150.2,149.0,149.0,594
WELINV,2018-11-05 09:30:00+05:30,148.0,153.95,145.05,153.95,90
WELINV,2018-11-06 10:14:00+05:30,142.4,150.0,142.0,145.15,2107
WELINV,2018-11-09 09:32:00+05:30,147.0,159.9,147.0,147.05,429
WELINV,2018-11-12 11:00:00+05:30,147.2,155.0,147.2,147.2,88
WELINV,2018-11-13 09:44:00+05:30,161.0,161.0,150.0,158.0,92
WELINV,2018-11-14 11:38:00+05:30,163.0,163.0,148.5,149.0,36
WELINV,2018-11-15 15:27:00+05:30,160.0,160.0,160.0,160.0,10
WELINV,2018-11-16 10:19:00+05:30,150.05,151.0,150.05,151.0,7
WELINV,2018-11-19 11:15:00+05:30,151.0,164.0,150.0,156.7,32
WELINV,2018-11-20 10:02:00+05:30,150.05,161.0,150.05,159.0,20
WELINV,2018-11-21 09:23:00+05:30,151.1,160.0,151.1,158.2,538
WELINV,2018-11-22 09:25:00+05:30,151.1,164.95,151.1,153.0,345
WELINV,2018-11-26 11:20:00+05:30,151.0,156.9,151.0,151.25,12
WELINV,2018-11-27 09:24:00+05:30,150.2,155.0,150.0,150.05,1012
WELINV,2018-11-28 10:11:00+05:30,159.95,159.95,150.0,150.7,174
WELINV,2018-11-29 09:21:00+05:30,150.1,158.9,150.1,150.95,280
WELINV,2018-11-30 11:32:00+05:30,150.25,153.9,150.25,153.25,48
WELINV,2018-12-03 00:00:00+05:30,153.0,158.0,150.5,154.65,48
WELINV,2018-12-04 00:00:00+05:30,150.25,154.0,150.25,153.85,136
WELINV,2018-12-05 00:00:00+05:30,150.8,150.8,150.25,150.3,211
WELINV,2018-12-06 00:00:00+05:30,150.1,150.1,148.5,149.05,361
WELINV,2018-12-07 00:00:00+05:30,147.3,149.0,143.3,145.55,2537
WELINV,2018-12-10 00:00:00+05:30,145.55,148.0,145.55,148.0,1116
WELINV,2018-12-11 00:00:00+05:30,142.0,142.0,142.0,142.0,5
WELINV,2018-12-12 00:00:00+05:30,142.05,160.0,142.0,154.65,491
WELINV,2018-12-13 00:00:00+05:30,165.0,165.0,147.05,160.0,481
WELINV,2018-12-14 00:00:00+05:30,177.0,177.0,152.0,153.5,529
WELINV,2018-12-17 00:00:00+05:30,159.5,159.5,146.5,147.8,1803
WELINV,2018-12-18 00:00:00+05:30,147.25,150.95,147.2,149.6,1477
WELINV,2018-12-19 00:00:00+05:30,147.8,152.95,147.8,152.95,288
WELINV,2018-12-20 00:00:00+05:30,150.0,150.0,148.0,148.05,225
WELINV,2018-12-21 00:00:00+05:30,149.0,149.0,147.7,147.7,17
WELINV,2018-12-24 00:00:00+05:30,147.7,147.7,147.65,147.65,14
WELINV,2018-12-26 00:00:00+05:30,148.0,148.0,147.1,147.25,53
WELINV,2018-12-27 00:00:00+05:30,147.1,147.25,147.1,147.25,83
WELINV,2018-12-28 00:00:00+05:30,161.0,168.9,153.55,154.2,1221
WELINV,2018-12-31 00:00:00+05:30,163.5,168.1,151.25,154.8,2452
WELINV,2019-01-01 00:00:00+05:30,158.0,158.0,156.0,156.0,11
WELINV,2019-01-02 00:00:00+05:30,153.5,153.5,147.5,148.1,128
WELINV,2019-01-03 00:00:00+05:30,156.0,156.0,148.6,151.75,3101
WELINV,2019-01-04 00:00:00+05:30,147.6,154.9,147.6,154.7,48
WELINV,2019-01-07 00:00:00+05:30,159.0,159.0,152.0,156.05,28
WELINV,2019-01-08 00:00:00+05:30,158.95,158.95,150.0,152.0,22
WELINV,2019-01-09 00:00:00+05:30,148.1,154.0,148.1,149.0,22
WELINV,2019-01-10 00:00:00+05:30,149.0,149.0,149.0,149.0,1
WELINV,2019-01-11 00:00:00+05:30,148.05,159.95,148.05,157.9,22
WELINV,2019-01-14 00:00:00+05:30,153.0,164.9,149.0,153.35,652
WELINV,2019-01-15 00:00:00+05:30,153.0,159.95,150.05,157.0,262
WELINV,2019-01-16 00:00:00+05:30,151.3,157.0,151.3,154.5,76
WELINV,2019-01-17 00:00:00+05:30,151.05,153.0,151.05,151.8,70
WELINV,2019-01-18 00:00:00+05:30,151.2,158.0,147.5,153.4,11581
WELINV,2019-01-21 00:00:00+05:30,154.0,158.95,148.1,150.45,2842
WELINV,2019-01-22 00:00:00+05:30,150.05,150.05,145.0,146.05,427
WELINV,2019-01-23 00:00:00+05:30,143.7,156.95,143.7,143.7,25
WELINV,2019-01-24 00:00:00+05:30,145.0,150.0,143.0,146.0,393
WELINV,2019-01-25 00:00:00+05:30,142.0,145.0,140.05,140.45,21
WELINV,2019-01-28 00:00:00+05:30,140.05,145.0,136.1,136.1,229
WELINV,2019-01-29 00:00:00+05:30,135.05,149.85,135.05,149.05,39
WELINV,2019-01-30 00:00:00+05:30,143.15,149.0,138.0,138.75,149
WELINV,2019-01-31 00:00:00+05:30,137.05,147.0,137.05,140.0,6
WELINV,2019-02-01 00:00:00+05:30,136.55,145.5,136.5,136.6,1625
WELINV,2019-02-04 00:00:00+05:30,135.15,136.6,135.0,135.0,489
WELINV,2019-02-05 00:00:00+05:30,147.0,147.0,135.0,137.45,375
WELINV,2019-02-06 00:00:00+05:30,135.2,144.0,135.0,135.0,263
WELINV,2019-02-08 00:00:00+05:30,135.05,144.0,135.0,140.05,31
WELINV,2019-02-11 00:00:00+05:30,136.0,142.0,135.0,135.0,238
WELINV,2019-02-12 00:00:00+05:30,135.0,135.0,135.0,135.0,25
WELINV,2019-02-13 00:00:00+05:30,135.05,136.0,132.5,132.55,18194
WELINV,2019-02-15 00:00:00+05:30,132.0,133.0,132.0,132.5,14
WELINV,2019-02-18 00:00:00+05:30,130.05,139.0,130.0,130.0,1257
WELINV,2019-02-19 00:00:00+05:30,130.05,130.05,130.0,130.0,20
WELINV,2019-02-20 00:00:00+05:30,130.05,130.1,130.0,130.05,28
WELINV,2019-02-21 00:00:00+05:30,130.25,143.95,130.25,143.95,38
WELINV,2019-02-25 00:00:00+05:30,143.95,143.95,143.95,143.95,10
WELINV,2019-02-26 00:00:00+05:30,136.6,165.0,132.0,143.45,853
WELINV,2019-02-27 00:00:00+05:30,139.1,142.5,135.2,138.0,762
WELINV,2019-03-01 00:00:00+05:30,138.0,150.0,138.0,140.0,15
WELINV,2019-03-05 00:00:00+05:30,138.0,150.0,138.0,149.7,120
WELINV,2019-03-06 00:00:00+05:30,149.75,174.9,140.2,144.95,1339
WELINV,2019-03-07 00:00:00+05:30,144.95,157.9,141.5,154.95,1014
WELINV,2019-03-08 00:00:00+05:30,154.95,154.95,147.0,154.9,101
WELINV,2019-03-11 00:00:00+05:30,148.0,160.0,145.0,152.95,732
WELINV,2019-03-12 00:00:00+05:30,154.9,154.9,154.9,154.9,50
WELINV,2019-03-13 00:00:00+05:30,155.0,164.95,149.0,152.3,164
WELINV,2019-03-14 00:00:00+05:30,148.5,148.6,144.55,146.7,584
WELINV,2019-03-15 00:00:00+05:30,142.1,153.0,142.1,147.4,2341
WELINV,2019-03-18 00:00:00+05:30,149.0,149.0,148.0,148.0,5
WELINV,2019-03-19 00:00:00+05:30,146.0,157.9,137.1,145.75,22137
WELINV,2019-03-20 00:00:00+05:30,148.0,150.0,141.45,144.2,262
WELINV,2019-03-22 00:00:00+05:30,144.0,150.0,138.05,141.05,286
WELINV,2019-03-25 00:00:00+05:30,141.05,154.9,141.05,141.25,188
WELINV,2019-03-26 00:00:00+05:30,141.5,141.75,141.5,141.75,7
WELINV,2019-03-27 00:00:00+05:30,141.0,149.95,139.1,140.95,282
WELINV,2019-03-28 00:00:00+05:30,141.0,141.0,137.35,138.0,106
WELINV,2019-03-29 00:00:00+05:30,139.0,139.0,138.0,138.0,207
WELINV,2019-04-01 00:00:00+05:30,142.0,148.0,142.0,145.35,101
WELINV,2019-04-02 00:00:00+05:30,146.0,150.85,142.25,142.3,284
WELINV,2019-04-03 00:00:00+05:30,142.25,148.0,140.1,141.9,137
WELINV,2019-04-04 00:00:00+05:30,139.5,145.0,139.5,145.0,10
WELINV,2019-04-05 00:00:00+05:30,140.25,144.9,140.0,140.15,48
WELINV,2019-04-08 00:00:00+05:30,140.05,151.6,140.05,150.15,205
WELINV,2019-04-09 00:00:00+05:30,144.15,145.0,140.1,141.75,285
WELINV,2019-04-10 00:00:00+05:30,141.0,141.65,141.0,141.65,43
WELINV,2019-04-11 00:00:00+05:30,141.0,145.0,140.0,145.0,37
WELINV,2019-04-12 00:00:00+05:30,145.0,149.95,140.05,143.6,484
WELINV,2019-04-15 00:00:00+05:30,142.05,149.8,140.5,141.35,31
WELINV,2019-04-16 00:00:00+05:30,140.65,141.05,140.65,141.0,13
WELINV,2019-04-18 00:00:00+05:30,144.0,147.5,141.0,147.0,267
WELINV,2019-04-22 00:00:00+05:30,141.1,151.4,137.0,150.1,1234
WELINV,2019-04-23 00:00:00+05:30,145.6,151.0,137.0,148.5,140
WELINV,2019-04-24 00:00:00+05:30,145.0,151.0,138.3,141.05,492
WELINV,2019-04-25 00:00:00+05:30,141.5,141.5,138.25,138.55,462
WELINV,2019-04-26 00:00:00+05:30,138.5,141.7,135.5,136.3,408
WELINV,2019-04-30 00:00:00+05:30,136.0,141.0,136.0,141.0,50
WELINV,2019-05-02 00:00:00+05:30,141.0,141.9,135.05,141.5,323
WELINV,2019-05-03 00:00:00+05:30,136.1,141.0,136.1,137.8,28
WELINV,2019-05-06 00:00:00+05:30,137.8,141.7,137.8,141.7,220
WELINV,2019-05-07 00:00:00+05:30,138.15,138.15,138.15,138.15,2
WELINV,2019-05-08 00:00:00+05:30,142.0,142.0,137.15,137.2,122
WELINV,2019-05-09 00:00:00+05:30,141.7,141.7,135.55,135.55,5
WELINV,2019-05-10 00:00:00+05:30,140.0,162.65,140.0,150.4,10429
WELINV,2019-05-13 00:00:00+05:30,156.95,156.95,137.3,139.4,590
WELINV,2019-05-14 00:00:00+05:30,145.65,151.95,138.05,138.85,1048
WELINV,2019-05-15 00:00:00+05:30,136.9,149.8,136.9,145.5,5171
WELINV,2019-05-16 00:00:00+05:30,147.35,153.7,147.35,148.75,3829
WELINV,2019-05-17 00:00:00+05:30,153.4,153.5,144.35,148.15,251
WELINV,2019-05-20 00:00:00+05:30,153.95,155.0,144.05,150.0,563
WELINV,2019-05-21 00:00:00+05:30,147.05,157.7,147.05,155.65,1617
WELINV,2019-05-22 00:00:00+05:30,156.0,157.6,151.3,152.0,298
WELINV,2019-05-23 00:00:00+05:30,157.95,168.7,154.0,159.6,257
WELINV,2019-05-24 00:00:00+05:30,162.0,172.0,158.0,162.4,1022
WELINV,2019-05-27 00:00:00+05:30,165.0,172.0,157.65,159.85,408
WELINV,2019-05-28 00:00:00+05:30,169.95,169.95,159.0,165.0,12
WELINV,2019-05-29 00:00:00+05:30,158.0,164.8,158.0,163.8,37
WELINV,2019-05-30 00:00:00+05:30,158.0,164.8,155.55,164.45,57
WELINV,2019-05-31 00:00:00+05:30,155.05,169.45,155.05,166.9,596
WELINV,2019-06-03 00:00:00+05:30,166.85,166.85,155.1,163.9,45
WELINV,2019-06-04 00:00:00+05:30,164.25,171.95,155.0,155.35,333
WELINV,2019-06-06 00:00:00+05:30,155.2,155.95,148.4,150.65,281
WELINV,2019-06-07 00:00:00+05:30,148.4,148.95,145.2,145.45,103
WELINV,2019-06-10 00:00:00+05:30,146.75,158.0,146.75,158.0,137
WELINV,2019-06-11 00:00:00+05:30,147.7,171.0,147.6,158.05,691
WELINV,2019-06-12 00:00:00+05:30,153.45,164.8,150.1,156.5,219
WELINV,2019-06-13 00:00:00+05:30,161.95,161.95,150.1,152.55,367
WELINV,2019-06-14 00:00:00+05:30,150.85,154.0,150.75,153.35,58
WELINV,2019-06-17 00:00:00+05:30,150.55,150.6,150.5,150.5,35
WELINV,2019-06-18 00:00:00+05:30,150.0,150.0,145.0,145.0,88
WELINV,2019-06-19 00:00:00+05:30,145.1,153.4,145.0,145.0,2337
WELINV,2019-06-20 00:00:00+05:30,145.1,158.0,145.1,148.3,2729
WELINV,2019-06-21 00:00:00+05:30,145.55,150.05,145.55,146.5,67
WELINV,2019-06-24 00:00:00+05:30,147.55,165.0,147.55,160.05,1490
WELINV,2019-06-25 00:00:00+05:30,155.2,158.95,150.0,153.5,1462
WELINV,2019-06-26 00:00:00+05:30,151.1,167.15,151.0,153.85,2387
WELINV,2019-06-27 00:00:00+05:30,153.55,162.7,153.05,154.1,1397
WELINV,2019-06-28 00:00:00+05:30,153.0,159.55,153.0,156.55,687
WELINV,2019-07-01 00:00:00+05:30,160.0,160.8,154.05,159.05,43
WELINV,2019-07-02 00:00:00+05:30,155.05,162.0,155.0,159.4,155
WELINV,2019-07-03 00:00:00+05:30,155.15,162.0,153.25,157.35,1032
WELINV,2019-07-04 00:00:00+05:30,155.1,162.0,155.05,162.0,76
WELINV,2019-07-05 00:00:00+05:30,155.75,169.8,155.25,161.45,101
WELINV,2019-07-08 00:00:00+05:30,153.55,169.25,153.3,157.15,118
WELINV,2019-07-09 00:00:00+05:30,153.3,165.0,153.2,163.4,3885
WELINV,2019-07-10 00:00:00+05:30,158.55,169.9,157.1,163.85,56
WELINV,2019-07-11 00:00:00+05:30,152.6,168.95,152.6,163.1,58
WELINV,2019-07-12 00:00:00+05:30,153.45,160.8,151.35,158.3,38
WELINV,2019-07-15 00:00:00+05:30,155.0,177.95,151.05,177.95,8
WELINV,2019-07-16 00:00:00+05:30,175.0,175.0,160.0,167.1,234
WELINV,2019-07-17 00:00:00+05:30,158.25,165.0,158.1,161.3,145
WELINV,2019-07-18 00:00:00+05:30,157.05,157.05,150.55,152.0,41
WELINV,2019-07-19 00:00:00+05:30,163.0,165.0,152.7,153.5,30
WELINV,2019-07-22 00:00:00+05:30,156.0,164.9,154.05,160.5,889
WELINV,2019-07-23 00:00:00+05:30,155.7,157.95,150.0,152.0,857
WELINV,2019-07-24 00:00:00+05:30,153.55,153.55,149.0,150.2,1225
WELINV,2019-07-25 00:00:00+05:30,150.05,160.0,150.0,150.15,763
WELINV,2019-07-26 00:00:00+05:30,150.05,154.8,150.0,154.8,1303
WELINV,2019-07-29 00:00:00+05:30,150.45,157.9,150.4,150.5,88
WELINV,2019-07-30 00:00:00+05:30,155.7,156.0,150.0,150.1,251
WELINV,2019-07-31 00:00:00+05:30,150.1,150.1,150.0,150.0,250
WELINV,2019-08-01 00:00:00+05:30,145.05,149.45,145.0,148.4,250
WELINV,2019-08-02 00:00:00+05:30,147.05,147.05,145.3,146.35,115
WELINV,2019-08-05 00:00:00+05:30,145.15,157.9,145.15,152.35,74
WELINV,2019-08-06 00:00:00+05:30,145.15,154.65,142.25,143.2,58
WELINV,2019-08-07 00:00:00+05:30,150.0,150.05,143.3,148.85,8145
WELINV,2019-08-08 00:00:00+05:30,145.15,146.0,145.15,146.0,8
WELINV,2019-08-09 00:00:00+05:30,151.95,158.0,146.0,154.75,105
WELINV,2019-08-13 00:00:00+05:30,146.0,155.9,146.0,150.5,51
WELINV,2019-08-14 00:00:00+05:30,150.1,157.9,150.0,150.0,435
WELINV,2019-08-19 00:00:00+05:30,150.15,150.5,150.0,150.0,45
WELINV,2019-08-20 00:00:00+05:30,150.15,155.0,150.0,150.0,70
WELINV,2019-08-21 00:00:00+05:30,150.05,155.0,150.0,150.1,25
WELINV,2019-08-22 00:00:00+05:30,153.0,153.0,143.0,143.0,877
WELINV,2019-08-23 00:00:00+05:30,143.05,147.0,143.0,145.05,36
WELINV,2019-08-26 00:00:00+05:30,147.05,147.05,147.0,147.0,74
WELINV,2019-08-27 00:00:00+05:30,147.05,155.0,147.0,147.0,549
WELINV,2019-08-28 00:00:00+05:30,147.05,147.1,147.0,147.0,343
WELINV,2019-08-29 00:00:00+05:30,147.05,147.05,147.0,147.0,51
WELINV,2019-08-30 00:00:00+05:30,147.0,147.0,147.0,147.0,76
WELINV,2019-09-03 00:00:00+05:30,163.2,163.2,145.0,146.0,12
WELINV,2019-09-05 00:00:00+05:30,146.0,146.0,146.0,146.0,2
WELINV,2019-09-06 00:00:00+05:30,145.05,146.0,145.0,145.05,5259
WELINV,2019-09-09 00:00:00+05:30,145.05,155.0,145.0,154.55,7015
WELINV,2019-09-11 00:00:00+05:30,156.95,156.95,150.0,152.65,20
WELINV,2019-09-12 00:00:00+05:30,156.0,156.0,156.0,156.0,7
WELINV,2019-09-13 00:00:00+05:30,169.5,169.5,148.05,149.5,784
WELINV,2019-09-16 00:00:00+05:30,145.1,150.0,145.1,147.05,341
WELINV,2019-09-17 00:00:00+05:30,159.95,159.95,159.95,159.95,5
WELINV,2019-09-18 00:00:00+05:30,165.0,165.0,145.75,155.65,372
WELINV,2019-09-19 00:00:00+05:30,152.0,155.0,152.0,155.0,8
WELINV,2019-09-20 00:00:00+05:30,159.95,160.0,146.5,148.35,400
WELINV,2019-09-23 00:00:00+05:30,146.1,160.0,146.1,159.7,1054
WELINV,2019-09-24 00:00:00+05:30,159.45,159.45,148.25,151.2,164
WELINV,2019-09-25 00:00:00+05:30,157.1,157.1,157.1,157.1,5
WELINV,2019-09-26 00:00:00+05:30,146.15,157.25,146.15,152.3,856
WELINV,2019-09-27 00:00:00+05:30,150.1,157.15,150.0,151.75,263
WELINV,2019-09-30 00:00:00+05:30,150.05,160.0,150.05,150.4,1148
WELINV,2019-10-01 00:00:00+05:30,150.55,159.65,150.55,155.05,148
WELINV,2019-10-03 00:00:00+05:30,150.6,159.25,150.55,159.0,1447
WELINV,2019-10-04 00:00:00+05:30,154.25,154.95,151.05,152.35,2115
WELINV,2019-10-07 00:00:00+05:30,155.0,161.4,154.95,158.15,81
WELINV,2019-10-09 00:00:00+05:30,150.55,154.95,150.55,151.75,130
WELINV,2019-10-10 00:00:00+05:30,151.1,153.95,150.95,151.75,5117
WELINV,2019-10-11 00:00:00+05:30,151.1,153.0,150.0,151.4,5127
WELINV,2019-10-14 00:00:00+05:30,151.3,158.95,151.0,152.05,5231
WELINV,2019-10-15 00:00:00+05:30,151.3,151.95,151.25,151.5,1076
WELINV,2019-10-16 00:00:00+05:30,160.0,160.0,151.1,151.1,125
WELINV,2019-10-17 00:00:00+05:30,151.1,153.0,151.0,151.35,4061
WELINV,2019-10-18 00:00:00+05:30,157.9,158.0,151.25,151.4,362
WELINV,2019-10-22 00:00:00+05:30,159.8,159.8,151.3,151.55,547
WELINV,2019-10-23 00:00:00+05:30,151.1,181.85,151.05,163.45,836
WELINV,2019-10-24 00:00:00+05:30,155.0,175.0,153.25,162.0,267
WELINV,2019-10-25 00:00:00+05:30,176.0,194.4,160.2,188.25,8427
WELINV,2019-10-27 00:00:00+05:30,197.95,225.9,197.95,225.25,3475
WELINV,2019-10-29 00:00:00+05:30,244.95,247.75,232.1,247.75,4887
WELINV,2019-10-30 00:00:00+05:30,267.0,272.5,223.0,258.5,23532
WELINV,2019-10-31 00:00:00+05:30,256.4,268.0,243.0,256.35,6537
WELINV,2019-11-01 00:00:00+05:30,260.0,260.0,247.3,250.25,2602
WELINV,2019-11-04 00:00:00+05:30,230.1,248.0,228.0,241.75,2574
WELINV,2019-11-05 00:00:00+05:30,244.95,259.95,218.0,223.65,3671
WELINV,2019-11-06 00:00:00+05:30,220.0,230.0,201.3,204.05,1526
WELINV,2019-11-07 00:00:00+05:30,197.0,200.0,193.85,199.55,223
WELINV,2019-11-08 00:00:00+05:30,193.85,193.85,189.6,189.6,107
WELINV,2019-11-11 00:00:00+05:30,180.5,180.5,180.15,180.15,93
WELINV,2019-11-13 00:00:00+05:30,171.15,181.0,171.15,172.75,994
WELINV,2019-11-14 00:00:00+05:30,164.15,179.0,164.15,165.1,423
WELINV,2019-11-15 00:00:00+05:30,169.8,173.0,157.15,169.55,1492
WELINV,2019-11-18 00:00:00+05:30,164.0,172.4,161.1,161.1,506
WELINV,2019-11-19 00:00:00+05:30,161.1,169.15,157.55,157.75,88
WELINV,2019-11-20 00:00:00+05:30,156.0,165.6,152.75,157.0,211
WELINV,2019-11-21 00:00:00+05:30,159.5,164.0,159.5,162.05,437
WELINV,2019-11-22 00:00:00+05:30,157.1,164.0,154.0,164.0,202
WELINV,2019-11-25 00:00:00+05:30,164.0,168.9,158.0,159.1,438
WELINV,2019-11-26 00:00:00+05:30,164.4,164.4,155.0,155.25,151
WELINV,2019-11-27 00:00:00+05:30,155.0,163.0,153.25,153.25,63
WELINV,2019-11-28 00:00:00+05:30,160.9,160.9,147.0,159.75,101
WELINV,2019-11-29 00:00:00+05:30,155.0,167.5,155.0,165.0,38
WELINV,2019-12-02 00:00:00+05:30,166.0,166.0,156.75,161.0,60
WELINV,2019-12-03 00:00:00+05:30,155.0,155.0,155.0,155.0,11
WELINV,2019-12-04 00:00:00+05:30,160.0,161.0,156.15,160.05,45
WELINV,2019-12-05 00:00:00+05:30,160.55,168.0,160.55,168.0,112
WELINV,2019-12-06 00:00:00+05:30,176.0,176.0,163.0,163.1,82
WELINV,2019-12-09 00:00:00+05:30,163.8,170.0,163.8,167.25,27
WELINV,2019-12-10 00:00:00+05:30,175.0,175.0,162.05,165.05,181
WELINV,2019-12-11 00:00:00+05:30,161.35,172.65,161.35,165.0,373
WELINV,2019-12-12 00:00:00+05:30,161.15,171.5,161.15,161.15,40
WELINV,2019-12-13 00:00:00+05:30,161.15,168.6,161.15,168.6,630
WELINV,2019-12-16 00:00:00+05:30,163.25,164.5,162.35,162.7,28
WELINV,2019-12-17 00:00:00+05:30,165.0,170.5,160.0,170.5,188
WELINV,2019-12-18 00:00:00+05:30,179.0,179.0,167.5,167.7,485
WELINV,2019-12-19 00:00:00+05:30,160.0,174.9,160.0,166.15,178
WELINV,2019-12-20 00:00:00+05:30,161.3,163.0,161.3,163.0,34
WELINV,2019-12-23 00:00:00+05:30,160.5,168.0,160.5,168.0,114
WELINV,2019-12-24 00:00:00+05:30,160.1,162.0,160.0,162.0,27
WELINV,2019-12-26 00:00:00+05:30,167.0,168.0,160.5,167.35,27
WELINV,2019-12-27 00:00:00+05:30,170.0,171.0,160.25,169.5,441
WELINV,2019-12-30 00:00:00+05:30,177.5,177.5,161.5,170.4,120
WELINV,2019-12-31 00:00:00+05:30,166.3,172.0,165.05,166.05,199
WELINV,2020-01-01 00:00:00+05:30,162.4,169.9,162.4,165.1,22
WELINV,2020-01-02 00:00:00+05:30,162.05,172.95,162.05,172.95,504
WELINV,2020-01-03 00:00:00+05:30,165.3,179.0,165.3,169.55,928
WELINV,2020-01-06 00:00:00+05:30,176.5,176.5,162.05,163.85,218
WELINV,2020-01-07 00:00:00+05:30,157.75,172.0,157.75,168.0,785
WELINV,2020-01-08 00:00:00+05:30,173.0,176.0,165.15,168.1,108
WELINV,2020-01-09 00:00:00+05:30,170.0,173.0,170.0,172.05,218
WELINV,2020-01-10 00:00:00+05:30,175.0,178.05,172.0,172.0,162
WELINV,2020-01-13 00:00:00+05:30,168.1,180.5,168.1,168.5,143
WELINV,2020-01-14 00:00:00+05:30,170.2,176.5,170.2,171.65,58
WELINV,2020-01-15 00:00:00+05:30,173.15,179.7,173.15,178.75,1150
WELINV,2020-01-16 00:00:00+05:30,187.0,187.65,178.0,182.65,2390
WELINV,2020-01-17 00:00:00+05:30,182.0,185.0,179.0,184.85,295
WELINV,2020-01-20 00:00:00+05:30,193.9,193.9,180.0,180.0,103
WELINV,2020-01-21 00:00:00+05:30,183.0,189.0,183.0,189.0,142
WELINV,2020-01-22 00:00:00+05:30,183.1,198.3,183.0,190.0,6702
WELINV,2020-01-23 00:00:00+05:30,190.0,190.0,189.9,189.9,102
WELINV,2020-01-24 00:00:00+05:30,190.0,199.35,190.0,190.6,415
WELINV,2020-01-27 00:00:00+05:30,186.15,189.05,186.15,189.05,93
WELINV,2020-01-28 00:00:00+05:30,195.0,195.0,183.0,187.65,11770
WELINV,2020-01-29 00:00:00+05:30,185.2,190.05,185.2,189.65,15998
WELINV,2020-01-30 00:00:00+05:30,189.65,189.65,185.65,185.8,429
WELINV,2020-01-31 00:00:00+05:30,185.3,187.0,185.3,185.95,146
WELINV,2020-02-01 00:00:00+05:30,184.05,184.05,184.0,184.0,550
WELINV,2020-02-03 00:00:00+05:30,184.5,185.0,184.5,185.0,654
WELINV,2020-02-04 00:00:00+05:30,184.0,190.0,184.0,187.0,120
WELINV,2020-02-05 00:00:00+05:30,186.3,191.8,186.0,187.65,8
WELINV,2020-02-06 00:00:00+05:30,186.5,204.95,186.45,187.0,503
WELINV,2020-02-07 00:00:00+05:30,195.0,200.0,195.0,200.0,219
WELINV,2020-02-10 00:00:00+05:30,200.0,220.0,200.0,217.2,828
WELINV,2020-02-11 00:00:00+05:30,236.7,238.9,224.05,238.9,1404
WELINV,2020-02-12 00:00:00+05:30,249.9,250.8,227.0,227.0,2857
WELINV,2020-02-13 00:00:00+05:30,216.05,237.55,216.05,225.0,522
WELINV,2020-02-14 00:00:00+05:30,215.0,235.0,215.0,224.55,359
WELINV,2020-02-17 00:00:00+05:30,224.55,227.0,213.35,213.35,443
WELINV,2020-02-18 00:00:00+05:30,214.0,214.95,202.7,206.0,828
WELINV,2020-02-19 00:00:00+05:30,204.0,216.0,197.4,213.65,280
WELINV,2020-02-20 00:00:00+05:30,213.65,213.65,204.05,206.2,274
WELINV,2020-02-24 00:00:00+05:30,196.35,203.7,195.9,195.9,1220
WELINV,2020-02-25 00:00:00+05:30,187.25,190.0,186.15,186.15,248
WELINV,2020-02-26 00:00:00+05:30,178.15,192.0,178.15,188.0,455
WELINV,2020-02-27 00:00:00+05:30,188.0,188.0,180.65,180.65,10
WELINV,2020-02-28 00:00:00+05:30,172.1,175.05,172.1,175.05,111
WELINV,2020-03-02 00:00:00+05:30,167.0,182.0,167.0,171.05,11
WELINV,2020-03-03 00:00:00+05:30,167.75,169.5,167.25,169.05,200
WELINV,2020-03-04 00:00:00+05:30,175.0,175.0,175.0,175.0,250
WELINV,2020-03-05 00:00:00+05:30,170.1,183.0,170.1,183.0,4
WELINV,2020-03-06 00:00:00+05:30,175.05,177.0,173.85,174.75,594
WELINV,2020-03-09 00:00:00+05:30,166.5,170.0,166.05,170.0,470
WELINV,2020-03-11 00:00:00+05:30,178.25,178.25,176.95,177.0,366
WELINV,2020-03-12 00:00:00+05:30,169.0,169.0,168.15,168.15,255
WELINV,2020-03-13 00:00:00+05:30,165.0,166.75,165.0,166.75,110
WELINV,2020-03-16 00:00:00+05:30,166.7,166.75,166.7,166.75,8
WELINV,2020-03-17 00:00:00+05:30,158.5,175.05,158.5,165.0,4104
WELINV,2020-03-18 00:00:00+05:30,157.0,157.0,157.0,157.0,2
WELINV,2020-03-19 00:00:00+05:30,164.8,164.8,164.0,164.0,23
WELINV,2020-03-20 00:00:00+05:30,160.45,160.45,160.45,160.45,60
WELINV,2020-03-25 00:00:00+05:30,168.4,168.4,162.9,162.9,17
WELINV,2020-03-26 00:00:00+05:30,155.0,157.3,154.8,154.8,59
WELINV,2020-03-27 00:00:00+05:30,160.0,161.8,147.1,149.85,393
WELINV,2020-03-30 00:00:00+05:30,150.0,150.0,143.0,143.5,69
WELINV,2020-03-31 00:00:00+05:30,137.1,145.3,137.1,142.1,58
WELINV,2020-04-01 00:00:00+05:30,137.4,145.0,135.0,140.95,624
WELINV,2020-04-03 00:00:00+05:30,140.0,147.95,139.0,139.0,168
WELINV,2020-04-07 00:00:00+05:30,133.0,144.95,133.0,144.95,71
WELINV,2020-04-09 00:00:00+05:30,138.6,148.0,138.6,140.65,57
WELINV,2020-04-13 00:00:00+05:30,134.15,134.15,134.15,134.15,4
WELINV,2020-04-15 00:00:00+05:30,134.2,140.8,134.2,140.8,111
WELINV,2020-04-17 00:00:00+05:30,138.05,138.05,138.05,138.05,5
WELINV,2020-04-20 00:00:00+05:30,133.2,138.05,133.2,138.05,65
WELINV,2020-04-21 00:00:00+05:30,134.1,134.1,134.1,134.1,19
WELINV,2020-04-23 00:00:00+05:30,134.1,135.15,134.1,135.15,23
WELINV,2020-04-24 00:00:00+05:30,141.9,141.9,141.9,141.9,42
WELINV,2020-04-27 00:00:00+05:30,141.9,148.95,135.3,148.8,159
WELINV,2020-04-28 00:00:00+05:30,148.8,156.2,141.5,156.0,142
WELINV,2020-04-29 00:00:00+05:30,155.0,156.0,150.05,156.0,123
WELINV,2020-04-30 00:00:00+05:30,156.0,156.0,149.5,151.0,45
WELINV,2020-05-04 00:00:00+05:30,145.05,150.0,143.45,143.5,155
WELINV,2020-05-05 00:00:00+05:30,137.3,137.3,136.35,136.35,469
WELINV,2020-05-06 00:00:00+05:30,136.35,142.0,136.35,140.65,2284
WELINV,2020-05-07 00:00:00+05:30,137.0,144.0,137.0,144.0,31
WELINV,2020-05-08 00:00:00+05:30,151.2,151.2,138.0,138.0,1057
WELINV,2020-05-11 00:00:00+05:30,137.0,144.8,137.0,144.8,52
WELINV,2020-05-12 00:00:00+05:30,148.0,148.0,137.6,143.75,186
WELINV,2020-05-13 00:00:00+05:30,138.15,145.85,138.15,143.2,26
WELINV,2020-05-14 00:00:00+05:30,138.05,148.9,138.05,148.9,80
WELINV,2020-05-15 00:00:00+05:30,142.0,142.0,141.5,141.55,427
WELINV,2020-05-18 00:00:00+05:30,138.55,147.65,138.5,138.5,55
WELINV,2020-05-19 00:00:00+05:30,136.05,140.0,136.05,140.0,218
WELINV,2020-05-21 00:00:00+05:30,140.0,140.0,140.0,140.0,13
WELINV,2020-05-26 00:00:00+05:30,140.0,147.0,140.0,147.0,108
WELINV,2020-05-27 00:00:00+05:30,154.35,154.35,154.35,154.35,254
WELINV,2020-05-28 00:00:00+05:30,155.1,162.05,155.1,162.05,60
WELINV,2020-05-29 00:00:00+05:30,162.0,170.15,162.0,167.25,44
WELINV,2020-06-01 00:00:00+05:30,164.0,164.05,162.15,163.05,50
WELINV,2020-06-02 00:00:00+05:30,158.05,169.0,158.05,169.0,20
WELINV,2020-06-03 00:00:00+05:30,169.0,177.45,160.6,177.45,120
WELINV,2020-06-04 00:00:00+05:30,168.65,186.2,168.65,186.2,102
WELINV,2020-06-05 00:00:00+05:30,186.2,186.2,177.0,177.0,2
WELINV,2020-06-08 00:00:00+05:30,177.0,185.0,170.35,172.0,235
WELINV,2020-06-09 00:00:00+05:30,163.55,164.05,163.5,164.05,154
WELINV,2020-06-10 00:00:00+05:30,160.1,160.1,160.1,160.1,119
WELINV,2020-06-11 00:00:00+05:30,160.0,167.0,160.0,160.0,214
WELINV,2020-06-12 00:00:00+05:30,167.0,167.5,161.05,167.5,1002
WELINV,2020-06-15 00:00:00+05:30,167.55,175.85,167.55,175.85,27
WELINV,2020-06-16 00:00:00+05:30,175.95,184.6,168.1,179.9,329
WELINV,2020-06-17 00:00:00+05:30,172.05,184.0,172.05,184.0,63
WELINV,2020-06-18 00:00:00+05:30,184.5,190.0,174.8,186.9,176
WELINV,2020-06-19 00:00:00+05:30,180.0,187.0,179.0,186.9,339
WELINV,2020-06-22 00:00:00+05:30,183.0,195.95,182.0,188.8,549
WELINV,2020-06-23 00:00:00+05:30,188.15,198.0,188.15,197.7,345
WELINV,2020-06-24 00:00:00+05:30,190.05,197.9,190.0,190.0,266
WELINV,2020-06-25 00:00:00+05:30,188.15,199.5,188.15,199.5,538
WELINV,2020-06-26 00:00:00+05:30,192.05,209.45,192.05,209.45,330
WELINV,2020-06-29 00:00:00+05:30,219.9,219.9,199.05,210.0,1616
WELINV,2020-06-30 00:00:00+05:30,220.0,220.0,211.0,215.0,1181
WELINV,2020-07-01 00:00:00+05:30,213.0,215.0,207.0,215.0,104
WELINV,2020-07-02 00:00:00+05:30,210.0,223.9,210.0,222.9,386
WELINV,2020-07-03 00:00:00+05:30,212.05,220.0,212.05,220.0,252
WELINV,2020-07-06 00:00:00+05:30,220.0,228.95,212.05,227.0,470
WELINV,2020-07-07 00:00:00+05:30,238.0,238.0,216.35,218.0,15270
WELINV,2020-07-08 00:00:00+05:30,225.0,225.0,215.0,225.0,1123
WELINV,2020-07-09 00:00:00+05:30,216.1,230.0,216.1,222.0,121
WELINV,2020-07-10 00:00:00+05:30,215.05,222.6,215.0,222.6,55
WELINV,2020-07-13 00:00:00+05:30,212.3,220.0,212.3,215.05,270
WELINV,2020-07-14 00:00:00+05:30,225.0,225.0,215.0,222.95,159
WELINV,2020-07-15 00:00:00+05:30,215.15,222.0,215.05,217.2,73
WELINV,2020-07-16 00:00:00+05:30,215.0,215.0,215.0,215.0,121
WELINV,2020-07-17 00:00:00+05:30,225.0,225.0,212.05,214.25,54
WELINV,2020-07-20 00:00:00+05:30,212.0,219.0,212.0,212.5,30
WELINV,2020-07-21 00:00:00+05:30,212.5,219.0,212.5,214.0,121
WELINV,2020-07-22 00:00:00+05:30,214.0,220.0,212.5,220.0,30
WELINV,2020-07-23 00:00:00+05:30,220.0,220.0,220.0,220.0,1
WELINV,2020-07-24 00:00:00+05:30,212.1,219.95,212.0,212.0,30
WELINV,2020-07-27 00:00:00+05:30,212.0,222.6,210.0,221.95,453
WELINV,2020-07-28 00:00:00+05:30,223.0,225.0,212.1,225.0,305
WELINV,2020-07-29 00:00:00+05:30,216.05,225.0,216.05,225.0,19
WELINV,2020-07-30 00:00:00+05:30,214.3,217.0,214.1,214.15,220
WELINV,2020-07-31 00:00:00+05:30,214.05,214.05,214.05,214.05,74
WELINV,2020-08-03 00:00:00+05:30,212.0,224.75,211.5,220.2,769
WELINV,2020-08-05 00:00:00+05:30,223.95,231.1,216.0,223.0,603
WELINV,2020-08-06 00:00:00+05:30,217.0,232.45,215.0,224.5,150
WELINV,2020-08-07 00:00:00+05:30,218.1,232.95,217.0,232.95,41
WELINV,2020-08-10 00:00:00+05:30,230.0,243.95,221.35,243.0,139
WELINV,2020-08-11 00:00:00+05:30,239.85,239.85,232.0,232.0,30
WELINV,2020-08-12 00:00:00+05:30,240.0,243.6,224.05,243.6,23167
WELINV,2020-08-13 00:00:00+05:30,255.7,255.75,243.7,244.8,8777
WELINV,2020-08-14 00:00:00+05:30,256.0,256.0,245.5,254.3,8727
WELINV,2020-08-17 00:00:00+05:30,267.0,267.0,260.0,260.05,1059
WELINV,2020-08-18 00:00:00+05:30,247.1,270.0,247.1,270.0,273
WELINV,2020-08-19 00:00:00+05:30,256.55,265.0,256.5,260.85,100
WELINV,2020-08-20 00:00:00+05:30,257.0,262.0,247.85,258.5,649
WELINV,2020-08-21 00:00:00+05:30,266.1,271.0,246.25,270.35,1036
WELINV,2020-08-24 00:00:00+05:30,270.35,281.9,257.0,264.0,680
WELINV,2020-08-25 00:00:00+05:30,271.0,271.0,253.1,264.9,217
WELINV,2020-08-26 00:00:00+05:30,252.4,278.0,252.4,270.0,522
WELINV,2020-08-27 00:00:00+05:30,283.45,283.45,260.75,262.1,1205
WELINV,2020-08-28 00:00:00+05:30,262.1,272.0,251.05,263.1,97
WELINV,2020-08-31 00:00:00+05:30,263.1,273.9,258.0,264.1,1343
WELINV,2020-09-01 00:00:00+05:30,260.0,260.0,251.7,253.55,218
WELINV,2020-09-02 00:00:00+05:30,242.25,265.0,242.25,250.2,553
WELINV,2020-09-03 00:00:00+05:30,262.65,262.65,239.0,247.2,1963
WELINV,2020-09-04 00:00:00+05:30,253.95,253.95,235.3,236.8,613
WELINV,2020-09-07 00:00:00+05:30,228.5,246.0,228.5,242.3,118
WELINV,2020-09-08 00:00:00+05:30,242.3,254.4,232.3,235.2,407
WELINV,2020-09-09 00:00:00+05:30,235.2,235.2,224.8,233.25,97
WELINV,2020-09-10 00:00:00+05:30,233.25,244.9,224.15,241.0,1469
WELINV,2020-09-11 00:00:00+05:30,234.55,252.4,234.55,239.6,212
WELINV,2020-09-14 00:00:00+05:30,235.25,247.9,235.25,240.15,738
WELINV,2020-09-15 00:00:00+05:30,240.0,251.45,238.1,246.1,170
WELINV,2020-09-16 00:00:00+05:30,251.9,256.25,243.3,244.1,284
WELINV,2020-09-17 00:00:00+05:30,244.1,244.1,235.0,235.35,430
WELINV,2020-09-18 00:00:00+05:30,237.0,246.0,235.0,235.5,1820
WELINV,2020-09-21 00:00:00+05:30,230.0,246.75,223.8,231.85,196
WELINV,2020-09-22 00:00:00+05:30,225.05,239.95,225.0,225.65,512
WELINV,2020-09-23 00:00:00+05:30,228.0,228.9,228.0,228.9,200
WELINV,2020-09-24 00:00:00+05:30,227.0,240.0,224.05,228.0,182
WELINV,2020-09-25 00:00:00+05:30,238.95,239.0,232.0,238.15,25
WELINV,2020-09-28 00:00:00+05:30,230.2,249.4,230.2,247.75,136
WELINV,2020-09-29 00:00:00+05:30,236.0,260.1,236.0,258.4,3480
WELINV,2020-09-30 00:00:00+05:30,258.4,271.3,247.15,259.65,1155
WELINV,2020-10-01 00:00:00+05:30,260.0,271.0,250.3,254.95,1316
WELINV,2020-10-05 00:00:00+05:30,244.15,266.75,244.15,253.6,1171
WELINV,2020-10-06 00:00:00+05:30,245.05,264.6,245.05,250.2,493
WELINV,2020-10-07 00:00:00+05:30,246.25,262.4,246.25,259.25,199
WELINV,2020-10-08 00:00:00+05:30,248.75,282.8,248.75,252.05,486
WELINV,2020-10-09 00:00:00+05:30,274.0,274.0,250.0,250.2,549
WELINV,2020-10-12 00:00:00+05:30,250.05,250.05,250.0,250.0,4
WELINV,2020-10-13 00:00:00+05:30,250.0,269.85,250.0,251.0,33
WELINV,2020-10-14 00:00:00+05:30,251.0,251.0,250.0,250.0,203
WELINV,2020-10-15 00:00:00+05:30,250.1,252.0,250.1,251.0,393
WELINV,2020-10-16 00:00:00+05:30,251.55,252.0,251.55,251.55,154
WELINV,2020-10-19 00:00:00+05:30,251.55,253.0,251.55,251.55,833
WELINV,2020-10-20 00:00:00+05:30,252.0,252.05,252.0,252.05,18
WELINV,2020-10-22 00:00:00+05:30,255.0,264.8,252.0,252.05,14
WELINV,2020-10-23 00:00:00+05:30,252.05,252.05,251.05,252.0,34
WELINV,2020-10-26 00:00:00+05:30,252.0,252.0,252.0,252.0,212
WELINV,2020-10-27 00:00:00+05:30,252.0,260.0,252.0,252.05,55
WELINV,2020-10-28 00:00:00+05:30,250.0,251.0,250.0,250.5,826
WELINV,2020-10-29 00:00:00+05:30,250.5,250.5,250.05,250.05,50
WELINV,2020-10-30 00:00:00+05:30,250.0,264.8,250.0,260.0,232
WELINV,2020-11-02 00:00:00+05:30,264.3,280.0,260.0,274.3,17668
WELINV,2020-11-03 00:00:00+05:30,291.0,291.0,270.0,271.25,1177
WELINV,2020-11-04 00:00:00+05:30,297.0,297.0,255.0,263.2,1237
WELINV,2020-11-05 00:00:00+05:30,250.0,270.05,250.0,270.0,6525
WELINV,2020-11-06 00:00:00+05:30,260.45,264.0,260.45,262.95,332
WELINV,2020-11-09 00:00:00+05:30,279.95,289.2,261.0,283.8,4354
WELINV,2020-11-10 00:00:00+05:30,285.15,306.95,272.4,284.5,1738
WELINV,2020-11-11 00:00:00+05:30,280.05,305.9,276.05,285.2,1535
WELINV,2020-11-12 00:00:00+05:30,277.3,292.0,273.6,276.7,77
WELINV,2020-11-13 00:00:00+05:30,273.0,295.0,273.0,286.35,237
WELINV,2020-11-14 00:00:00+05:30,286.35,298.45,286.35,295.25,21
WELINV,2020-11-17 00:00:00+05:30,280.55,314.95,280.55,291.35,328
WELINV,2020-11-18 00:00:00+05:30,292.0,298.9,286.0,294.95,54
WELINV,2020-11-19 00:00:00+05:30,290.0,304.95,280.0,294.6,23388
WELINV,2020-11-20 00:00:00+05:30,305.0,305.0,288.05,290.5,393
WELINV,2020-11-23 00:00:00+05:30,285.15,317.8,285.15,290.0,756
WELINV,2020-11-24 00:00:00+05:30,286.7,298.45,285.6,288.0,17788
WELINV,2020-11-25 00:00:00+05:30,287.05,291.0,284.0,286.2,111
WELINV,2020-11-26 00:00:00+05:30,285.25,289.0,285.0,287.0,39
WELINV,2020-11-27 00:00:00+05:30,285.05,297.9,285.0,297.5,321
WELINV,2020-12-01 00:00:00+05:30,300.0,300.0,285.4,296.1,685
WELINV,2020-12-02 00:00:00+05:30,290.05,298.95,290.05,294.45,407
WELINV,2020-12-03 00:00:00+05:30,294.45,300.9,291.0,300.45,547
WELINV,2020-12-04 00:00:00+05:30,293.0,306.45,293.0,297.9,187
WELINV,2020-12-07 00:00:00+05:30,303.0,310.0,293.4,294.25,417
WELINV,2020-12-08 00:00:00+05:30,292.0,353.1,292.0,353.1,3638
WELINV,2020-12-09 00:00:00+05:30,394.9,423.7,379.1,423.7,32951
WELINV,2020-12-10 00:00:00+05:30,459.0,466.05,444.0,466.05,16430
WELINV,2020-12-11 00:00:00+05:30,478.0,512.65,478.0,493.5,26501
WELINV,2020-12-14 00:00:00+05:30,494.0,494.0,444.15,444.15,5474
WELINV,2020-12-15 00:00:00+05:30,399.75,419.0,399.75,399.75,8697
WELINV,2020-12-16 00:00:00+05:30,365.1,399.75,359.8,368.8,29523
WELINV,2020-12-17 00:00:00+05:30,379.95,405.65,378.0,385.3,16978
WELINV,2020-12-18 00:00:00+05:30,387.0,387.0,371.0,379.2,4025
WELINV,2020-12-21 00:00:00+05:30,375.0,376.5,360.25,360.25,2934
WELINV,2020-12-22 00:00:00+05:30,355.0,377.95,343.0,361.45,3406
WELINV,2020-12-23 00:00:00+05:30,360.4,374.75,345.1,362.5,4391
WELINV,2020-12-24 00:00:00+05:30,366.15,372.1,350.05,355.8,2654
WELINV,2020-12-28 00:00:00+05:30,355.8,358.9,350.0,356.3,1534
WELINV,2020-12-29 00:00:00+05:30,369.0,369.0,350.0,353.85,1699
WELINV,2020-12-30 00:00:00+05:30,354.05,364.0,351.0,357.55,2564
WELINV,2020-12-31 00:00:00+05:30,355.45,360.0,350.0,354.05,1395
WELINV,2021-01-01 00:00:00+05:30,359.45,368.0,354.55,365.3,1239
WELINV,2021-01-04 00:00:00+05:30,373.0,373.0,352.15,363.55,2140
WELINV,2021-01-05 00:00:00+05:30,360.15,364.95,360.0,362.05,2259
WELINV,2021-01-06 00:00:00+05:30,360.4,369.95,360.4,364.6,1300
WELINV,2021-01-07 00:00:00+05:30,371.95,373.0,362.3,370.8,2454
WELINV,2021-01-08 00:00:00+05:30,370.0,376.0,362.15,372.4,6326
WELINV,2021-01-11 00:00:00+05:30,378.4,378.4,361.0,366.05,2375
WELINV,2021-01-12 00:00:00+05:30,363.0,371.0,362.0,363.65,1342
WELINV,2021-01-13 00:00:00+05:30,364.95,370.05,356.05,358.25,7026
WELINV,2021-01-14 00:00:00+05:30,365.25,365.25,356.55,361.45,2847
WELINV,2021-01-15 00:00:00+05:30,362.05,364.05,355.05,359.75,1115
WELINV,2021-01-18 00:00:00+05:30,366.9,366.9,356.0,356.8,495
WELINV,2021-01-19 00:00:00+05:30,356.0,366.0,355.2,356.5,277
WELINV,2021-01-20 00:00:00+05:30,355.0,364.35,355.0,359.0,993
WELINV,2021-01-21 00:00:00+05:30,359.7,376.0,359.65,366.3,1188
WELINV,2021-01-22 00:00:00+05:30,362.8,368.75,358.0,358.65,442
WELINV,2021-01-25 00:00:00+05:30,364.95,365.0,358.0,358.1,492
WELINV,2021-01-27 00:00:00+05:30,362.75,364.05,357.0,357.5,846
WELINV,2021-01-28 00:00:00+05:30,357.95,358.05,355.0,357.5,512
WELINV,2021-01-29 00:00:00+05:30,365.0,365.0,355.0,356.55,621
WELINV,2021-02-01 00:00:00+05:30,355.05,368.8,355.05,363.0,1872
WELINV,2021-02-02 00:00:00+05:30,355.25,370.3,355.1,360.1,687
WELINV,2021-02-03 00:00:00+05:30,370.0,378.0,357.5,367.15,2262
WELINV,2021-02-04 00:00:00+05:30,360.25,371.35,356.8,363.3,1902
WELINV,2021-02-05 00:00:00+05:30,368.8,378.05,357.2,360.7,8288
WELINV,2021-02-08 00:00:00+05:30,360.35,374.8,357.0,358.45,2306
WELINV,2021-02-09 00:00:00+05:30,365.2,372.05,357.0,358.15,5308
WELINV,2021-02-10 00:00:00+05:30,364.2,367.25,357.95,363.05,1669
WELINV,2021-02-11 00:00:00+05:30,360.0,371.1,358.25,363.4,3009
WELINV,2021-02-12 00:00:00+05:30,363.0,373.0,357.1,362.95,845
WELINV,2021-02-15 00:00:00+05:30,361.9,370.0,357.0,363.85,1785
WELINV,2021-02-16 00:00:00+05:30,368.9,368.9,358.0,358.05,1537
WELINV,2021-02-17 00:00:00+05:30,362.15,362.15,356.25,357.65,1272
WELINV,2021-02-18 00:00:00+05:30,357.3,364.05,357.3,358.2,462
WELINV,2021-02-19 00:00:00+05:30,361.9,366.7,356.0,359.05,1534
WELINV,2021-02-22 00:00:00+05:30,357.15,362.7,330.2,355.6,2829
WELINV,2021-02-23 00:00:00+05:30,361.3,364.45,357.0,357.95,563
WELINV,2021-02-24 00:00:00+05:30,357.95,364.15,357.95,358.55,115
WELINV,2021-02-25 00:00:00+05:30,362.05,366.9,358.3,362.85,1348
WELINV,2021-02-26 00:00:00+05:30,399.0,399.0,363.8,366.75,3966
WELINV,2021-03-01 00:00:00+05:30,375.0,375.2,358.0,364.3,3515
WELINV,2021-03-02 00:00:00+05:30,367.3,369.9,357.0,358.45,627
WELINV,2021-03-03 00:00:00+05:30,365.7,365.7,357.55,358.15,762
WELINV,2021-03-04 00:00:00+05:30,357.05,369.65,357.05,365.3,1431
WELINV,2021-03-05 00:00:00+05:30,357.1,364.55,357.1,360.2,447
WELINV,2021-03-08 00:00:00+05:30,366.2,369.55,360.05,365.0,9199
WELINV,2021-03-09 00:00:00+05:30,373.6,374.3,360.85,362.95,3392
WELINV,2021-03-10 00:00:00+05:30,373.9,373.95,362.45,365.35,4058
WELINV,2021-03-12 00:00:00+05:30,364.45,373.0,359.65,367.4,1188
WELINV,2021-03-15 00:00:00+05:30,399.0,399.0,369.95,384.4,6976
WELINV,2021-03-16 00:00:00+05:30,378.05,409.9,375.0,402.55,8405
WELINV,2021-03-17 00:00:00+05:30,407.95,407.95,379.0,383.75,2267
WELINV,2021-03-18 00:00:00+05:30,380.9,391.95,375.0,375.3,744
WELINV,2021-03-19 00:00:00+05:30,376.05,388.3,370.0,377.2,9743
WELINV,2021-03-22 00:00:00+05:30,382.65,404.75,373.15,399.15,3497
WELINV,2021-03-23 00:00:00+05:30,381.1,410.0,381.1,405.65,2925
WELINV,2021-03-24 00:00:00+05:30,393.85,409.95,390.0,392.95,661
WELINV,2021-03-25 00:00:00+05:30,391.5,408.3,390.0,404.35,3810
WELINV,2021-03-26 00:00:00+05:30,434.0,434.0,402.0,416.45,5265
WELINV,2021-03-30 00:00:00+05:30,423.3,457.9,395.05,429.0,11061
WELINV,2021-03-31 00:00:00+05:30,450.0,450.0,400.0,414.95,9494
WELINV,2021-04-01 00:00:00+05:30,417.05,417.05,381.1,393.65,951
WELINV,2021-04-05 00:00:00+05:30,394.0,420.0,361.5,392.9,1485
WELINV,2021-04-06 00:00:00+05:30,409.2,409.2,385.25,389.55,755
WELINV,2021-04-07 00:00:00+05:30,388.35,399.65,383.0,397.4,355
WELINV,2021-04-08 00:00:00+05:30,376.3,405.65,376.3,399.8,295
WELINV,2021-04-09 00:00:00+05:30,402.95,404.9,388.7,393.9,326
WELINV,2021-04-12 00:00:00+05:30,393.8,399.75,380.0,380.3,412
WELINV,2021-04-13 00:00:00+05:30,397.05,419.0,380.0,396.85,7692
WELINV,2021-04-15 00:00:00+05:30,406.05,476.2,399.05,416.5,24796
WELINV,2021-04-16 00:00:00+05:30,420.85,439.95,415.05,422.65,1819
WELINV,2021-04-19 00:00:00+05:30,423.0,423.0,382.85,393.25,1310
WELINV,2021-04-20 00:00:00+05:30,380.1,420.0,380.1,395.0,1123
WELINV,2021-04-22 00:00:00+05:30,404.25,406.85,390.0,393.35,160
WELINV,2021-04-23 00:00:00+05:30,424.95,425.55,380.0,383.9,482
WELINV,2021-04-26 00:00:00+05:30,399.45,399.45,382.95,385.75,423
WELINV,2021-04-27 00:00:00+05:30,387.0,406.95,384.0,394.1,1185
WELINV,2021-04-28 00:00:00+05:30,398.9,405.3,386.95,390.2,299
WELINV,2021-04-29 00:00:00+05:30,381.55,403.0,381.55,391.25,1382
WELINV,2021-04-30 00:00:00+05:30,398.05,410.95,384.95,400.35,1179
WELINV,2021-05-03 00:00:00+05:30,398.25,410.45,380.0,395.25,1727
WELINV,2021-05-04 00:00:00+05:30,418.0,418.0,385.0,386.8,386
WELINV,2021-05-05 00:00:00+05:30,395.75,397.3,385.15,392.85,269
WELINV,2021-05-06 00:00:00+05:30,397.05,399.8,387.0,389.9,1361
WELINV,2021-05-07 00:00:00+05:30,394.05,404.1,386.95,391.4,1223
WELINV,2021-05-10 00:00:00+05:30,397.25,410.25,387.95,401.0,1748
WELINV,2021-05-11 00:00:00+05:30,403.05,405.0,388.85,395.1,1743
WELINV,2021-05-12 00:00:00+05:30,398.05,405.0,386.15,391.75,1730
WELINV,2021-05-14 00:00:00+05:30,391.75,410.0,391.75,396.95,685
WELINV,2021-05-17 00:00:00+05:30,409.95,409.95,385.15,387.0,720
WELINV,2021-05-18 00:00:00+05:30,398.75,401.95,390.95,399.55,268
WELINV,2021-05-19 00:00:00+05:30,385.0,409.95,385.0,393.0,3211
WELINV,2021-05-20 00:00:00+05:30,399.55,404.9,392.0,399.95,846
WELINV,2021-05-21 00:00:00+05:30,409.95,429.95,393.75,395.7,574
WELINV,2021-05-24 00:00:00+05:30,406.25,430.0,397.95,407.35,3098
WELINV,2021-05-25 00:00:00+05:30,418.05,418.05,398.7,399.7,476
WELINV,2021-05-26 00:00:00+05:30,416.05,416.3,397.0,398.55,2786
WELINV,2021-05-27 00:00:00+05:30,420.0,420.0,396.2,397.7,815
WELINV,2021-05-28 00:00:00+05:30,407.05,407.05,396.05,397.3,227
WELINV,2021-05-31 00:00:00+05:30,409.25,428.0,391.0,403.6,251
WELINV,2021-06-01 00:00:00+05:30,411.3,411.3,394.4,403.9,620
WELINV,2021-06-02 00:00:00+05:30,414.05,414.05,385.2,397.75,1859
WELINV,2021-06-03 00:00:00+05:30,413.4,415.0,397.0,410.65,1038
WELINV,2021-06-04 00:00:00+05:30,419.05,423.95,397.05,409.45,1436
WELINV,2021-06-07 00:00:00+05:30,413.95,423.0,402.0,406.0,486
WELINV,2021-06-08 00:00:00+05:30,417.1,420.0,400.2,410.1,677
WELINV,2021-06-09 00:00:00+05:30,419.75,419.75,405.0,405.1,601
WELINV,2021-06-10 00:00:00+05:30,419.6,419.6,400.1,401.7,874
WELINV,2021-06-11 00:00:00+05:30,418.5,418.5,403.15,404.3,284
WELINV,2021-06-14 00:00:00+05:30,411.05,415.65,398.3,402.15,586
WELINV,2021-06-15 00:00:00+05:30,407.55,409.0,398.3,400.9,383
WELINV,2021-06-16 00:00:00+05:30,401.95,407.05,397.0,400.85,307
WELINV,2021-06-17 00:00:00+05:30,409.25,414.4,397.0,397.2,505
WELINV,2021-06-18 00:00:00+05:30,407.55,413.0,397.0,397.4,920
WELINV,2021-06-21 00:00:00+05:30,405.05,409.95,354.0,388.75,1321
WELINV,2021-06-22 00:00:00+05:30,397.55,406.9,385.5,397.65,1128
WELINV,2021-06-23 00:00:00+05:30,406.05,408.05,395.55,396.45,410
WELINV,2021-06-24 00:00:00+05:30,386.5,405.0,386.5,402.2,222
WELINV,2021-06-25 00:00:00+05:30,403.95,482.6,398.75,482.6,3995
WELINV,2021-06-28 00:00:00+05:30,505.0,579.1,505.0,579.1,35649
WELINV,2021-06-29 00:00:00+05:30,584.0,584.0,526.3,539.5,49021
WELINV,2021-06-30 00:00:00+05:30,535.0,539.8,486.0,519.7,23121
WELINV,2021-07-01 00:00:00+05:30,548.95,548.95,510.0,517.25,6644
WELINV,2021-07-02 00:00:00+05:30,513.0,538.0,500.0,511.65,2285
WELINV,2021-07-05 00:00:00+05:30,537.95,537.95,492.15,514.15,2605
WELINV,2021-07-06 00:00:00+05:30,519.3,519.3,492.5,500.25,2508
WELINV,2021-07-07 00:00:00+05:30,495.65,515.0,490.0,490.5,1503
WELINV,2021-07-08 00:00:00+05:30,504.3,504.3,460.1,472.7,4364
WELINV,2021-07-09 00:00:00+05:30,486.05,486.05,461.1,473.4,999
WELINV,2021-07-12 00:00:00+05:30,483.05,484.8,466.05,479.9,782
WELINV,2021-07-13 00:00:00+05:30,470.3,484.5,447.0,458.8,1755
WELINV,2021-07-14 00:00:00+05:30,476.0,480.0,463.0,472.75,645
WELINV,2021-07-15 00:00:00+05:30,479.95,484.55,456.0,465.5,1781
WELINV,2021-07-16 00:00:00+05:30,460.0,485.05,460.0,472.0,1260
WELINV,2021-07-19 00:00:00+05:30,467.0,470.0,458.05,460.95,501
WELINV,2021-07-20 00:00:00+05:30,469.3,472.0,427.5,429.85,13140
WELINV,2021-07-22 00:00:00+05:30,440.0,449.85,431.0,434.2,943
WELINV,2021-07-23 00:00:00+05:30,443.9,455.0,433.9,448.2,670
WELINV,2021-07-26 00:00:00+05:30,444.95,457.2,427.5,432.6,4606
WELINV,2021-07-27 00:00:00+05:30,430.85,439.1,427.0,427.5,700
WELINV,2021-07-28 00:00:00+05:30,427.5,432.25,425.0,425.3,532
WELINV,2021-07-29 00:00:00+05:30,425.3,433.05,393.05,404.15,6754
WELINV,2021-07-30 00:00:00+05:30,419.75,422.9,385.0,386.3,8738
WELINV,2021-08-02 00:00:00+05:30,392.8,403.65,377.0,381.8,4369
WELINV,2021-08-03 00:00:00+05:30,386.75,396.9,377.7,380.8,2821
WELINV,2021-08-04 00:00:00+05:30,383.25,385.0,359.95,366.0,9446
WELINV,2021-08-05 00:00:00+05:30,369.5,379.65,360.05,364.85,2507
WELINV,2021-08-06 00:00:00+05:30,365.0,374.95,360.0,361.25,1318
WELINV,2021-08-09 00:00:00+05:30,361.6,397.35,355.0,358.05,5123
WELINV,2021-08-10 00:00:00+05:30,360.0,365.05,345.0,347.6,1982
WELINV,2021-08-11 00:00:00+05:30,342.05,369.95,342.05,350.15,895
WELINV,2021-08-12 00:00:00+05:30,351.1,355.0,343.95,349.75,488
WELINV,2021-08-13 00:00:00+05:30,350.0,352.0,335.0,341.5,3649
WELINV,2021-08-16 00:00:00+05:30,340.05,347.7,340.0,342.65,486
WELINV,2021-08-17 00:00:00+05:30,340.5,345.85,340.5,342.05,51
WELINV,2021-08-18 00:00:00+05:30,340.05,346.3,340.0,341.9,416
WELINV,2021-08-20 00:00:00+05:30,341.9,343.0,335.1,336.3,263
WELINV,2021-08-23 00:00:00+05:30,335.1,346.0,335.0,335.0,511
WELINV,2021-08-24 00:00:00+05:30,339.85,345.0,335.0,339.85,925
WELINV,2021-08-25 00:00:00+05:30,339.95,339.95,333.3,333.95,317
WELINV,2021-08-26 00:00:00+05:30,338.85,338.85,333.5,336.25,14
WELINV,2021-08-27 00:00:00+05:30,334.25,340.0,334.0,339.55,185
WELINV,2021-08-30 00:00:00+05:30,342.0,344.85,339.0,343.8,359
WELINV,2021-08-31 00:00:00+05:30,343.85,345.0,340.05,344.3,473
WELINV,2021-09-01 00:00:00+05:30,345.0,347.8,325.15,330.4,1670
WELINV,2021-09-02 00:00:00+05:30,330.0,340.0,329.85,330.2,503
WELINV,2021-09-03 00:00:00+05:30,330.2,335.0,320.1,325.55,874
WELINV,2021-09-06 00:00:00+05:30,325.0,332.4,325.0,326.65,217
WELINV,2021-09-07 00:00:00+05:30,321.0,334.0,320.0,331.65,657
WELINV,2021-09-08 00:00:00+05:30,331.0,335.0,322.7,333.45,677
WELINV,2021-09-09 00:00:00+05:30,334.95,336.0,325.05,328.25,600
WELINV,2021-09-13 00:00:00+05:30,335.0,335.0,322.0,329.45,273
WELINV,2021-09-14 00:00:00+05:30,329.3,339.0,329.3,332.1,896
WELINV,2021-09-15 00:00:00+05:30,328.0,365.0,326.05,333.05,4705
WELINV,2021-09-16 00:00:00+05:30,339.0,344.9,325.0,332.15,1477
WELINV,2021-09-17 00:00:00+05:30,337.2,341.5,328.0,332.2,736
WELINV,2021-09-20 00:00:00+05:30,328.0,334.0,320.0,324.45,589
WELINV,2021-09-21 00:00:00+05:30,323.45,325.0,321.05,322.55,153
WELINV,2021-09-22 00:00:00+05:30,323.15,329.9,320.4,322.4,266
WELINV,2021-09-23 00:00:00+05:30,320.3,334.25,320.3,323.5,672
WELINV,2021-09-24 00:00:00+05:30,328.85,335.0,324.1,330.35,399
WELINV,2021-09-27 00:00:00+05:30,331.5,334.5,331.3,333.8,201
WELINV,2021-09-28 00:00:00+05:30,334.8,336.0,320.0,321.9,1374
WELINV,2021-09-29 00:00:00+05:30,322.0,329.85,322.0,328.0,98
WELINV,2021-09-30 00:00:00+05:30,329.9,340.0,327.85,335.45,954
WELINV,2021-10-01 00:00:00+05:30,330.0,330.0,319.95,324.6,2319
WELINV,2021-10-04 00:00:00+05:30,328.2,334.8,322.8,331.7,966
WELINV,2021-10-05 00:00:00+05:30,327.6,334.0,324.2,327.05,685
WELINV,2021-10-06 00:00:00+05:30,326.0,334.9,324.0,325.6,1116
WELINV,2021-10-07 00:00:00+05:30,330.0,334.7,323.35,333.55,987
WELINV,2021-10-08 00:00:00+05:30,329.8,345.0,327.0,338.35,2230
WELINV,2021-10-11 00:00:00+05:30,338.5,348.4,328.0,331.6,1672
WELINV,2021-10-12 00:00:00+05:30,328.0,335.0,325.0,326.5,420
WELINV,2021-10-13 00:00:00+05:30,331.0,334.95,326.85,328.45,1039
WELINV,2021-10-14 00:00:00+05:30,334.95,334.95,328.45,331.2,380
WELINV,2021-10-18 00:00:00+05:30,331.0,340.0,303.0,319.6,3845
WELINV,2021-10-19 00:00:00+05:30,325.0,325.0,319.0,319.1,375
WELINV,2021-10-20 00:00:00+05:30,318.1,330.3,318.05,320.3,440
WELINV,2021-10-21 00:00:00+05:30,313.35,330.0,313.2,320.1,323
WELINV,2021-10-22 00:00:00+05:30,324.85,336.1,303.6,326.3,5201
WELINV,2021-10-25 00:00:00+05:30,315.15,329.8,309.85,317.35,2924
WELINV,2021-10-26 00:00:00+05:30,315.15,325.0,315.0,318.05,593
WELINV,2021-10-27 00:00:00+05:30,319.95,381.65,319.95,355.25,139074
WELINV,2021-10-28 00:00:00+05:30,339.95,342.2,317.95,321.1,18079
WELINV,2021-10-29 00:00:00+05:30,321.3,324.8,302.55,312.65,8553
WELINV,2021-11-01 00:00:00+05:30,320.0,320.0,285.8,304.3,3397
WELINV,2021-11-02 00:00:00+05:30,309.7,309.9,297.0,298.8,4753
WELINV,2021-11-03 00:00:00+05:30,299.3,320.0,255.55,297.6,6144
WELINV,2021-11-04 00:00:00+05:30,309.85,317.85,290.1,306.9,446
WELINV,2021-11-08 00:00:00+05:30,301.15,308.0,296.0,302.4,1726
WELINV,2021-11-09 00:00:00+05:30,305.95,306.0,299.3,300.95,1955
WELINV,2021-11-10 00:00:00+05:30,304.65,305.4,292.6,293.95,925
WELINV,2021-11-11 00:00:00+05:30,293.15,298.75,290.0,294.2,331
WELINV,2021-11-12 00:00:00+05:30,291.35,311.75,291.35,294.3,1892
WELINV,2021-11-15 00:00:00+05:30,299.6,299.6,290.0,298.9,404
WELINV,2021-11-16 00:00:00+05:30,304.75,304.75,285.0,287.25,2227
WELINV,2021-11-17 00:00:00+05:30,287.6,303.0,285.8,300.6,1823
WELINV,2021-11-18 00:00:00+05:30,295.0,308.9,281.05,284.85,3668
WELINV,2021-11-22 00:00:00+05:30,284.8,284.8,276.15,283.6,899
WELINV,2021-11-23 00:00:00+05:30,277.1,288.0,253.95,287.85,2049
WELINV,2021-11-24 00:00:00+05:30,299.85,299.85,282.0,284.05,1005
WELINV,2021-11-25 00:00:00+05:30,299.65,299.65,266.1,280.1,4602
WELINV,2021-11-26 00:00:00+05:30,285.0,298.75,277.1,285.95,1216
WELINV,2021-11-29 00:00:00+05:30,261.2,293.2,261.1,289.8,1158
WELINV,2021-11-30 00:00:00+05:30,295.0,295.0,271.5,273.9,3286
WELINV,2021-12-01 00:00:00+05:30,266.0,283.95,266.0,272.05,798
WELINV,2021-12-02 00:00:00+05:30,270.0,291.6,270.0,279.2,1564
WELINV,2021-12-03 00:00:00+05:30,284.9,285.0,275.0,278.5,516
WELINV,2021-12-06 00:00:00+05:30,278.5,278.5,266.0,269.55,590
WELINV,2021-12-07 00:00:00+05:30,270.0,289.0,266.0,268.3,1340
WELINV,2021-12-08 00:00:00+05:30,270.05,287.25,270.05,278.4,2332
WELINV,2021-12-09 00:00:00+05:30,275.0,291.6,270.85,286.7,2001
WELINV,2021-12-10 00:00:00+05:30,287.1,299.7,287.1,297.6,1146
WELINV,2021-12-13 00:00:00+05:30,292.6,311.0,285.0,294.45,1451
WELINV,2021-12-14 00:00:00+05:30,293.0,344.8,286.35,299.4,26008
WELINV,2021-12-15 00:00:00+05:30,301.0,307.95,281.3,288.65,4979
WELINV,2021-12-16 00:00:00+05:30,288.7,304.75,286.0,287.15,2384
WELINV,2021-12-17 00:00:00+05:30,287.05,291.85,272.55,278.95,2156
WELINV,2021-12-20 00:00:00+05:30,273.2,292.75,255.15,270.4,774
WELINV,2021-12-21 00:00:00+05:30,278.0,278.0,269.0,271.55,885
WELINV,2021-12-22 00:00:00+05:30,273.95,273.95,268.25,271.6,412
WELINV,2021-12-23 00:00:00+05:30,268.0,278.5,268.0,272.35,1260
WELINV,2021-12-24 00:00:00+05:30,279.95,279.95,266.7,268.05,1230
WELINV,2021-12-27 00:00:00+05:30,269.4,269.5,264.1,266.6,1553
WELINV,2021-12-28 00:00:00+05:30,269.2,289.9,265.6,275.5,1773
WELINV,2021-12-29 00:00:00+05:30,272.1,279.75,270.0,273.55,1270
WELINV,2021-12-30 00:00:00+05:30,278.9,278.9,271.75,277.0,123
WELINV,2021-12-31 00:00:00+05:30,278.9,284.55,272.4,277.0,807
WELINV,2022-01-03 00:00:00+05:30,282.0,282.0,269.15,273.95,639
WELINV,2022-01-04 00:00:00+05:30,277.0,287.4,271.15,284.5,1144
WELINV,2022-01-05 00:00:00+05:30,288.0,291.0,285.9,289.0,939
WELINV,2022-01-06 00:00:00+05:30,290.35,292.35,264.5,277.35,2702
WELINV,2022-01-07 00:00:00+05:30,281.0,332.8,281.0,332.8,53808
WELINV,2022-01-10 00:00:00+05:30,347.0,347.0,310.0,313.85,39592
WELINV,2022-01-11 00:00:00+05:30,313.85,364.0,313.85,343.2,72786
WELINV,2022-01-12 00:00:00+05:30,347.0,387.8,336.35,348.65,59794
WELINV,2022-01-13 00:00:00+05:30,350.0,353.0,336.9,339.45,10049
WELINV,2022-01-14 00:00:00+05:30,348.0,350.95,321.0,334.3,6258
WELINV,2022-01-17 00:00:00+05:30,340.0,344.0,320.3,330.75,5972
WELINV,2022-01-18 00:00:00+05:30,333.0,339.25,325.55,331.15,2153
WELINV,2022-01-19 00:00:00+05:30,339.05,344.0,321.1,324.55,4862
WELINV,2022-01-20 00:00:00+05:30,316.55,334.2,316.55,322.05,5951
WELINV,2022-01-21 00:00:00+05:30,326.0,327.05,315.0,318.1,2134
WELINV,2022-01-24 00:00:00+05:30,317.0,317.0,292.0,295.4,2474
WELINV,2022-01-25 00:00:00+05:30,272.0,305.75,272.0,291.3,2180
WELINV,2022-01-27 00:00:00+05:30,294.95,346.0,275.65,328.25,33260
WELINV,2022-01-28 00:00:00+05:30,320.0,339.0,298.7,315.55,13736
WELINV,2022-01-31 00:00:00+05:30,317.85,328.95,316.35,323.9,2892
WELINV,2022-02-01 00:00:00+05:30,314.0,338.8,314.0,315.15,1463
WELINV,2022-02-02 00:00:00+05:30,315.3,328.95,315.3,318.35,1059
WELINV,2022-02-03 00:00:00+05:30,317.0,320.0,313.05,317.85,699
WELINV,2022-02-04 00:00:00+05:30,317.85,320.6,301.15,308.8,1968
WELINV,2022-02-07 00:00:00+05:30,310.85,320.95,300.0,303.55,2250
WELINV,2022-02-08 00:00:00+05:30,319.85,319.85,292.65,298.35,5613
WELINV,2022-02-09 00:00:00+05:30,305.0,312.1,300.1,303.05,820
WELINV,2022-02-10 00:00:00+05:30,308.85,308.85,296.1,298.35,915
WELINV,2022-02-11 00:00:00+05:30,298.15,312.9,298.15,303.0,521
WELINV,2022-02-14 00:00:00+05:30,303.0,310.0,277.65,291.6,4658
WELINV,2022-02-15 00:00:00+05:30,305.9,305.9,284.95,297.2,1729
WELINV,2022-02-16 00:00:00+05:30,309.85,312.3,296.1,305.85,3309
WELINV,2022-02-17 00:00:00+05:30,298.9,307.45,295.15,299.8,929
WELINV,2022-02-18 00:00:00+05:30,300.65,300.65,291.4,292.8,943
WELINV,2022-02-21 00:00:00+05:30,293.65,302.35,274.1,290.55,3090
WELINV,2022-02-22 00:00:00+05:30,291.65,295.7,275.1,285.1,4410
WELINV,2022-02-23 00:00:00+05:30,285.65,299.4,282.1,286.15,2291
WELINV,2022-02-24 00:00:00+05:30,286.65,294.0,253.15,259.9,6120
WELINV,2022-02-25 00:00:00+05:30,272.0,283.9,261.25,277.35,1992
WELINV,2022-02-28 00:00:00+05:30,280.0,280.0,257.45,264.95,3296
WELINV,2022-03-02 00:00:00+05:30,278.85,279.0,260.0,273.5,1149
WELINV,2022-03-03 00:00:00+05:30,280.0,280.0,273.0,277.15,607
WELINV,2022-03-04 00:00:00+05:30,273.15,277.25,259.65,263.15,2112
WELINV,2022-03-07 00:00:00+05:30,258.1,273.0,257.1,261.2,993
WELINV,2022-03-08 00:00:00+05:30,267.0,278.0,265.0,267.85,602
WELINV,2022-03-09 00:00:00+05:30,276.4,276.4,268.1,274.4,359
WELINV,2022-03-10 00:00:00+05:30,278.05,286.0,273.25,280.75,2209
WELINV,2022-03-11 00:00:00+05:30,278.4,285.0,273.65,274.2,904
WELINV,2022-03-14 00:00:00+05:30,280.85,282.9,276.1,277.75,474
WELINV,2022-03-15 00:00:00+05:30,277.85,279.9,273.05,273.2,609
WELINV,2022-03-16 00:00:00+05:30,283.9,283.9,271.4,275.6,731
WELINV,2022-03-17 00:00:00+05:30,280.0,298.0,276.0,292.65,6075
WELINV,2022-03-21 00:00:00+05:30,291.9,317.9,284.0,288.7,5603
WELINV,2022-03-22 00:00:00+05:30,287.1,300.0,287.05,292.4,669
WELINV,2022-03-23 00:00:00+05:30,287.7,299.5,285.0,293.45,400
WELINV,2022-03-24 00:00:00+05:30,292.85,305.75,280.0,285.05,892
WELINV,2022-03-25 00:00:00+05:30,286.15,286.2,273.2,277.55,1620
WELINV,2022-03-28 00:00:00+05:30,284.75,292.35,275.15,277.9,3777
WELINV,2022-03-29 00:00:00+05:30,278.0,284.95,266.0,270.65,1756
WELINV,2022-03-30 00:00:00+05:30,271.1,281.35,270.0,272.65,1496
WELINV,2022-03-31 00:00:00+05:30,273.2,283.3,260.4,262.95,1079
WELINV,2022-04-01 00:00:00+05:30,275.2,289.95,268.55,286.4,2944
WELINV,2022-04-04 00:00:00+05:30,281.75,285.45,275.95,281.95,994
WELINV,2022-04-05 00:00:00+05:30,280.65,285.6,277.0,279.85,1354
WELINV,2022-04-06 00:00:00+05:30,284.85,311.0,280.75,302.15,4885
WELINV,2022-04-07 00:00:00+05:30,309.65,321.0,300.0,304.6,3774
WELINV,2022-04-08 00:00:00+05:30,312.15,319.1,299.9,306.55,1726
WELINV,2022-04-11 00:00:00+05:30,302.05,313.45,294.0,302.85,2106
WELINV,2022-04-12 00:00:00+05:30,309.8,309.8,296.0,298.6,4831
WELINV,2022-04-13 00:00:00+05:30,294.5,310.0,294.0,301.1,2897
WELINV,2022-04-18 00:00:00+05:30,306.1,315.0,295.1,309.5,5474
WELINV,2022-04-19 00:00:00+05:30,305.0,314.0,295.0,301.6,2436
WELINV,2022-04-20 00:00:00+05:30,300.35,308.0,295.6,304.85,2771
WELINV,2022-04-21 00:00:00+05:30,307.2,312.3,299.1,307.5,2539
WELINV,2022-04-22 00:00:00+05:30,311.45,314.95,295.0,296.8,3489
WELINV,2022-04-25 00:00:00+05:30,295.3,299.3,283.35,284.65,1287
WELINV,2022-04-26 00:00:00+05:30,288.1,296.75,284.75,296.1,1056
WELINV,2022-04-27 00:00:00+05:30,297.0,303.45,285.25,287.6,189
WELINV,2022-04-28 00:00:00+05:30,294.65,297.8,288.7,292.35,148
WELINV,2022-04-29 00:00:00+05:30,299.65,299.65,285.0,288.1,614
WELINV,2022-05-02 00:00:00+05:30,282.6,286.9,274.8,283.35,1229
WELINV,2022-05-04 00:00:00+05:30,286.0,287.0,273.25,281.75,387
WELINV,2022-05-05 00:00:00+05:30,284.0,284.0,281.75,282.25,88
WELINV,2022-05-06 00:00:00+05:30,270.1,285.0,270.1,279.5,700
WELINV,2022-05-09 00:00:00+05:30,273.05,298.0,271.25,281.65,405
WELINV,2022-05-10 00:00:00+05:30,273.7,281.2,262.1,273.55,490
WELINV,2022-05-11 00:00:00+05:30,277.4,288.9,260.4,265.9,764
WELINV,2022-05-12 00:00:00+05:30,266.15,284.0,258.25,266.7,1151
WELINV,2022-05-13 00:00:00+05:30,273.35,294.0,271.8,278.85,980
WELINV,2022-05-16 00:00:00+05:30,278.5,287.0,262.2,265.15,844
WELINV,2022-05-17 00:00:00+05:30,271.75,280.0,268.1,277.45,380
WELINV,2022-05-18 00:00:00+05:30,277.05,300.0,270.15,278.9,1087
WELINV,2022-05-19 00:00:00+05:30,272.0,290.15,272.0,277.35,571
WELINV,2022-05-20 00:00:00+05:30,284.0,330.0,273.0,306.8,13511
WELINV,2022-05-23 00:00:00+05:30,306.8,309.9,284.0,285.55,2915
WELINV,2022-05-24 00:00:00+05:30,287.6,292.5,278.05,279.0,163
WELINV,2022-05-25 00:00:00+05:30,276.05,278.0,268.1,269.0,288
WELINV,2022-05-26 00:00:00+05:30,275.65,276.85,263.05,267.8,642
WELINV,2022-05-27 00:00:00+05:30,274.2,274.2,266.1,271.85,134
WELINV,2022-05-30 00:00:00+05:30,278.4,308.15,276.7,293.4,3330
WELINV,2022-05-31 00:00:00+05:30,289.0,294.9,255.6,285.25,668
WELINV,2022-06-01 00:00:00+05:30,280.5,292.0,280.25,290.0,189
WELINV,2022-06-02 00:00:00+05:30,294.0,294.0,284.0,291.8,271
WELINV,2022-06-03 00:00:00+05:30,293.85,296.0,285.25,287.05,463
WELINV,2022-06-06 00:00:00+05:30,281.35,300.0,281.35,291.3,633
WELINV,2022-06-07 00:00:00+05:30,297.05,297.05,286.8,292.95,206
WELINV,2022-06-08 00:00:00+05:30,286.0,320.0,285.1,290.25,660
WELINV,2022-06-09 00:00:00+05:30,291.1,298.95,283.15,294.1,151
WELINV,2022-06-10 00:00:00+05:30,299.85,301.35,270.3,277.2,2799
WELINV,2022-06-13 00:00:00+05:30,280.0,280.0,265.05,268.55,553
WELINV,2022-06-14 00:00:00+05:30,268.65,294.0,246.65,276.7,827
WELINV,2022-06-15 00:00:00+05:30,268.0,287.95,268.0,286.85,400
WELINV,2022-06-16 00:00:00+05:30,286.95,289.1,262.55,266.15,1237
WELINV,2022-06-17 00:00:00+05:30,285.0,285.0,267.15,274.35,800
WELINV,2022-06-20 00:00:00+05:30,279.85,279.85,255.0,264.5,142
WELINV,2022-06-21 00:00:00+05:30,270.1,284.0,270.1,280.0,125
WELINV,2022-06-22 00:00:00+05:30,273.1,283.25,272.4,280.5,479
WELINV,2022-06-23 00:00:00+05:30,268.0,285.0,268.0,276.7,1038
WELINV,2022-06-24 00:00:00+05:30,293.9,293.9,273.1,280.1,989
WELINV,2022-06-27 00:00:00+05:30,285.65,287.05,271.1,279.05,299
WELINV,2022-06-28 00:00:00+05:30,283.85,284.0,274.0,281.45,768
WELINV,2022-06-29 00:00:00+05:30,283.95,284.0,275.05,281.55,115
WELINV,2022-06-30 00:00:00+05:30,276.3,286.9,271.25,278.1,401
WELINV,2022-07-01 00:00:00+05:30,283.55,283.65,270.35,279.9,52
WELINV,2022-07-04 00:00:00+05:30,275.0,285.0,272.1,277.35,142
WELINV,2022-07-05 00:00:00+05:30,277.35,286.9,273.05,275.55,316
WELINV,2022-07-06 00:00:00+05:30,266.1,282.35,263.25,280.35,246
WELINV,2022-07-07 00:00:00+05:30,285.95,285.95,277.25,282.6,60
WELINV,2022-07-08 00:00:00+05:30,278.6,287.0,272.45,275.75,311
WELINV,2022-07-11 00:00:00+05:30,276.15,284.4,276.05,284.35,145
WELINV,2022-07-12 00:00:00+05:30,285.0,285.0,276.4,280.45,2560
WELINV,2022-07-13 00:00:00+05:30,284.9,284.95,277.55,284.0,166
WELINV,2022-07-14 00:00:00+05:30,288.0,288.0,276.0,283.05,511
WELINV,2022-07-15 00:00:00+05:30,280.05,286.0,277.05,278.3,199
WELINV,2022-07-18 00:00:00+05:30,278.45,283.85,278.35,281.6,25
WELINV,2022-07-19 00:00:00+05:30,275.1,282.6,275.0,282.1,234
WELINV,2022-07-20 00:00:00+05:30,282.0,282.0,278.0,282.0,190
WELINV,2022-07-21 00:00:00+05:30,284.7,284.7,279.0,279.0,166
WELINV,2022-07-22 00:00:00+05:30,280.0,297.0,280.0,291.75,725
WELINV,2022-07-25 00:00:00+05:30,291.6,291.75,281.0,285.95,251
WELINV,2022-07-26 00:00:00+05:30,281.0,290.0,280.0,287.85,287
WELINV,2022-07-27 00:00:00+05:30,287.7,287.7,280.7,285.6,340
WELINV,2022-07-28 00:00:00+05:30,280.1,285.4,277.95,279.75,228
WELINV,2022-07-29 00:00:00+05:30,285.25,285.25,277.05,277.9,67
WELINV,2022-08-01 00:00:00+05:30,283.45,284.75,279.05,282.75,169
WELINV,2022-08-02 00:00:00+05:30,282.75,294.9,276.0,288.15,2013
WELINV,2022-08-03 00:00:00+05:30,289.7,298.15,278.05,282.65,559
WELINV,2022-08-04 00:00:00+05:30,276.1,285.2,276.0,283.3,302
WELINV,2022-08-05 00:00:00+05:30,284.35,285.7,276.15,278.9,396
WELINV,2022-08-08 00:00:00+05:30,276.05,296.9,276.05,286.75,1389
WELINV,2022-08-10 00:00:00+05:30,289.55,302.0,281.95,287.1,5511
WELINV,2022-08-11 00:00:00+05:30,282.15,290.0,280.15,282.25,751
WELINV,2022-08-12 00:00:00+05:30,282.0,292.05,278.0,279.05,1152
WELINV,2022-08-16 00:00:00+05:30,274.4,290.0,274.35,287.6,548
WELINV,2022-08-17 00:00:00+05:30,277.7,288.9,277.7,281.15,1916
WELINV,2022-08-18 00:00:00+05:30,278.1,285.75,277.25,278.05,887
WELINV,2022-08-19 00:00:00+05:30,283.1,283.1,274.6,274.8,245
WELINV,2022-08-22 00:00:00+05:30,280.25,280.25,272.15,273.8,53
WELINV,2022-08-23 00:00:00+05:30,273.95,282.75,270.25,274.25,609
WELINV,2022-08-24 00:00:00+05:30,271.0,283.25,271.0,279.6,447
WELINV,2022-08-25 00:00:00+05:30,272.75,283.0,272.75,276.55,611
WELINV,2022-08-26 00:00:00+05:30,277.2,282.05,277.0,279.25,493
WELINV,2022-08-29 00:00:00+05:30,278.75,279.85,269.85,270.7,871
WELINV,2022-08-30 00:00:00+05:30,270.6,278.5,270.45,271.95,375
WELINV,2022-09-01 00:00:00+05:30,277.15,277.35,267.95,271.8,636
WELINV,2022-09-02 00:00:00+05:30,275.25,276.95,270.25,274.9,486
WELINV,2022-09-05 00:00:00+05:30,274.0,278.4,271.0,271.95,135
WELINV,2022-09-06 00:00:00+05:30,272.05,277.6,272.05,277.3,75
WELINV,2022-09-07 00:00:00+05:30,270.25,277.8,270.0,275.95,36
WELINV,2022-09-08 00:00:00+05:30,270.75,284.0,265.0,275.35,1972
WELINV,2022-09-09 00:00:00+05:30,277.35,280.0,270.55,274.7,289
WELINV,2022-09-12 00:00:00+05:30,280.05,282.9,276.7,281.9,455
WELINV,2022-09-13 00:00:00+05:30,288.5,288.5,274.8,285.95,593
WELINV,2022-09-14 00:00:00+05:30,284.85,340.0,271.95,302.55,8799
WELINV,2022-09-15 00:00:00+05:30,304.0,315.0,302.55,310.95,2152
WELINV,2022-09-16 00:00:00+05:30,310.95,310.95,291.15,304.0,464
WELINV,2022-09-19 00:00:00+05:30,309.95,313.0,249.3,309.15,3484
WELINV,2022-09-20 00:00:00+05:30,295.3,305.0,295.25,295.35,1367
WELINV,2022-09-21 00:00:00+05:30,287.1,301.0,286.0,289.7,456
WELINV,2022-09-22 00:00:00+05:30,294.9,300.25,283.85,298.95,1206
WELINV,2022-09-23 00:00:00+05:30,291.75,299.75,286.3,289.8,491
WELINV,2022-09-26 00:00:00+05:30,288.3,289.0,277.1,284.9,695
WELINV,2022-09-27 00:00:00+05:30,286.65,307.5,286.5,298.15,1806
WELINV,2022-09-28 00:00:00+05:30,304.05,304.05,286.65,291.2,246
WELINV,2022-09-29 00:00:00+05:30,315.1,315.1,291.2,297.3,799
WELINV,2022-09-30 00:00:00+05:30,303.0,303.0,284.35,290.4,481
WELINV,2022-10-03 00:00:00+05:30,282.4,312.75,280.1,285.55,816
WELINV,2022-10-04 00:00:00+05:30,286.9,299.75,286.9,294.05,216
WELINV,2022-10-06 00:00:00+05:30,286.3,295.95,282.1,286.15,1375
WELINV,2022-10-07 00:00:00+05:30,291.7,296.0,285.0,293.4,319
WELINV,2022-10-10 00:00:00+05:30,299.25,299.25,278.9,286.7,640
WELINV,2022-10-11 00:00:00+05:30,278.6,291.25,278.6,281.05,391
WELINV,2022-10-12 00:00:00+05:30,286.65,294.0,284.1,291.9,130
WELINV,2022-10-13 00:00:00+05:30,291.9,293.55,282.3,283.7,153
WELINV,2022-10-14 00:00:00+05:30,283.7,289.35,280.05,286.45,591
WELINV,2022-10-17 00:00:00+05:30,291.95,294.75,284.6,294.6,110
WELINV,2022-10-18 00:00:00+05:30,285.4,293.95,267.4,286.6,1513
WELINV,2022-10-19 00:00:00+05:30,292.15,299.95,277.1,283.6,2087
WELINV,2022-10-20 00:00:00+05:30,284.95,288.65,284.9,286.9,88
WELINV,2022-10-21 00:00:00+05:30,280.1,283.0,270.1,276.25,908
WELINV,2022-10-24 00:00:00+05:30,282.0,298.95,275.2,286.55,47
WELINV,2022-10-25 00:00:00+05:30,292.25,292.25,277.05,281.2,29
WELINV,2022-10-27 00:00:00+05:30,286.5,286.55,276.05,277.9,192
WELINV,2022-10-28 00:00:00+05:30,278.0,285.0,272.1,282.5,232
WELINV,2022-10-31 00:00:00+05:30,274.75,289.0,274.75,282.6,670
WELINV,2022-11-01 00:00:00+05:30,277.25,284.95,277.05,279.2,224
WELINV,2022-11-02 00:00:00+05:30,280.0,286.15,278.0,280.45,121
WELINV,2022-11-03 00:00:00+05:30,283.95,283.95,278.35,281.6,25
WELINV,2022-11-04 00:00:00+05:30,277.2,285.0,277.2,281.75,93
WELINV,2022-11-07 00:00:00+05:30,277.25,287.35,277.25,280.95,1628
WELINV,2022-11-09 00:00:00+05:30,281.9,285.0,277.2,283.6,143
WELINV,2022-11-10 00:00:00+05:30,283.4,283.4,277.0,283.0,344
WELINV,2022-11-11 00:00:00+05:30,270.05,290.0,270.05,281.15,418
WELINV,2022-11-14 00:00:00+05:30,286.65,286.65,275.0,275.9,175
WELINV,2022-11-15 00:00:00+05:30,276.25,281.35,276.0,278.75,613
WELINV,2022-11-16 00:00:00+05:30,278.7,282.0,241.1,266.1,2788
WELINV,2022-11-17 00:00:00+05:30,269.95,274.45,266.35,273.25,405
WELINV,2022-11-18 00:00:00+05:30,265.25,274.95,264.95,270.1,601
WELINV,2022-11-21 00:00:00+05:30,275.35,275.35,261.25,271.8,626
WELINV,2022-11-22 00:00:00+05:30,277.15,326.15,266.1,326.15,14496
WELINV,2022-11-23 00:00:00+05:30,345.0,391.35,343.5,388.9,117519
WELINV,2022-11-24 00:00:00+05:30,380.0,380.0,350.05,350.05,37854
WELINV,2022-11-25 00:00:00+05:30,340.0,340.0,317.55,321.0,26651
WELINV,2022-11-28 00:00:00+05:30,321.0,335.8,312.0,321.85,6684
WELINV,2022-11-29 00:00:00+05:30,321.9,328.0,316.1,317.8,2212
WELINV,2022-11-30 00:00:00+05:30,325.0,325.0,300.9,305.75,3834
WELINV,2022-12-01 00:00:00+05:30,313.9,317.0,296.0,302.05,4476
WELINV,2022-12-02 00:00:00+05:30,302.15,316.0,302.1,312.15,2420
WELINV,2022-12-05 00:00:00+05:30,312.3,314.85,303.9,310.15,1021
WELINV,2022-12-06 00:00:00+05:30,308.0,313.9,302.55,306.75,1617
WELINV,2022-12-07 00:00:00+05:30,310.1,312.0,302.35,307.75,789
WELINV,2022-12-08 00:00:00+05:30,312.95,312.95,300.5,302.55,715
WELINV,2022-12-09 00:00:00+05:30,303.15,305.95,292.0,299.7,1136
WELINV,2022-12-12 00:00:00+05:30,300.0,309.9,300.0,305.4,221
WELINV,2022-12-13 00:00:00+05:30,319.95,319.95,302.65,305.65,571
WELINV,2022-12-14 00:00:00+05:30,311.0,311.0,297.1,301.65,823
WELINV,2022-12-15 00:00:00+05:30,301.15,301.15,300.1,300.7,544
WELINV,2022-12-16 00:00:00+05:30,299.8,300.0,290.0,293.55,557
WELINV,2022-12-19 00:00:00+05:30,293.55,304.25,293.55,302.3,406
WELINV,2022-12-20 00:00:00+05:30,302.9,304.05,291.85,299.05,469
WELINV,2022-12-21 00:00:00+05:30,287.0,299.8,287.0,290.7,678
WELINV,2022-12-22 00:00:00+05:30,290.1,290.1,276.5,278.2,517
WELINV,2022-12-23 00:00:00+05:30,275.25,285.0,264.3,264.5,1730
WELINV,2022-12-26 00:00:00+05:30,260.9,277.0,260.0,277.0,612
WELINV,2022-12-27 00:00:00+05:30,287.95,290.85,272.0,278.3,1071
WELINV,2022-12-28 00:00:00+05:30,279.0,284.0,276.6,280.0,415
WELINV,2022-12-29 00:00:00+05:30,286.5,286.5,273.25,274.9,556
WELINV,2022-12-30 00:00:00+05:30,283.85,284.0,275.05,280.65,576
WELINV,2023-01-02 00:00:00+05:30,287.75,294.65,287.7,294.65,2021
WELINV,2023-01-03 00:00:00+05:30,291.0,309.35,291.0,309.35,2696
WELINV,2023-01-04 00:00:00+05:30,320.0,324.0,302.55,315.1,1819
WELINV,2023-01-05 00:00:00+05:30,319.3,327.0,302.65,310.95,4341
WELINV,2023-01-06 00:00:00+05:30,300.65,310.9,295.45,299.45,365
WELINV,2023-01-09 00:00:00+05:30,299.0,314.0,295.55,299.45,396
WELINV,2023-01-10 00:00:00+05:30,296.85,308.95,292.0,293.85,649
WELINV,2023-01-11 00:00:00+05:30,292.85,302.0,288.5,289.4,349
WELINV,2023-01-12 00:00:00+05:30,291.2,296.0,281.1,283.2,721
WELINV,2023-01-13 00:00:00+05:30,280.05,293.25,280.05,292.25,98
WELINV,2023-01-16 00:00:00+05:30,281.5,297.65,281.5,287.0,215
WELINV,2023-01-17 00:00:00+05:30,287.1,295.0,283.25,290.05,694
WELINV,2023-01-18 00:00:00+05:30,287.5,290.55,281.0,283.35,1175
WELINV,2023-01-19 00:00:00+05:30,294.8,294.8,280.5,288.2,204
WELINV,2023-01-20 00:00:00+05:30,290.0,290.0,280.25,281.65,209
WELINV,2023-01-23 00:00:00+05:30,285.0,285.45,281.65,282.45,124
WELINV,2023-01-24 00:00:00+05:30,282.45,291.0,282.4,285.95,764
WELINV,2023-01-25 00:00:00+05:30,282.1,290.75,277.65,289.0,331
WELINV,2023-01-27 00:00:00+05:30,289.0,294.35,274.65,275.9,486
WELINV,2023-01-30 00:00:00+05:30,276.1,276.1,270.05,271.35,215
WELINV,2023-01-31 00:00:00+05:30,272.0,283.8,264.05,281.85,699
WELINV,2023-02-01 00:00:00+05:30,282.75,282.85,270.05,272.75,446
WELINV,2023-02-02 00:00:00+05:30,270.4,283.7,270.4,280.7,240
WELINV,2023-02-03 00:00:00+05:30,273.35,279.75,266.7,271.3,583
WELINV,2023-02-06 00:00:00+05:30,273.2,276.85,265.0,267.6,246
WELINV,2023-02-07 00:00:00+05:30,268.1,274.6,268.1,272.55,198
WELINV,2023-02-08 00:00:00+05:30,273.1,273.1,264.0,270.9,665
WELINV,2023-02-09 00:00:00+05:30,278.5,278.55,272.0,276.1,77
WELINV,2023-02-10 00:00:00+05:30,265.25,275.3,262.7,266.8,132
WELINV,2023-02-13 00:00:00+05:30,267.0,267.0,255.55,258.1,519
WELINV,2023-02-14 00:00:00+05:30,267.95,268.0,267.95,267.95,4
WELINV,2023-02-15 00:00:00+05:30,255.8,275.7,255.8,270.9,449
WELINV,2023-02-16 00:00:00+05:30,270.95,273.0,263.1,268.85,140
WELINV,2023-02-17 00:00:00+05:30,272.9,272.95,268.9,271.95,141
WELINV,2023-02-20 00:00:00+05:30,265.15,269.45,265.15,269.45,127
WELINV,2023-02-21 00:00:00+05:30,274.0,274.0,263.15,266.5,235
WELINV,2023-02-22 00:00:00+05:30,271.95,272.0,260.0,262.9,116
WELINV,2023-02-23 00:00:00+05:30,274.95,274.95,260.0,270.85,90
WELINV,2023-02-24 00:00:00+05:30,260.15,260.15,260.15,260.15,14
WELINV,2023-02-27 00:00:00+05:30,261.05,270.0,261.05,269.8,83
WELINV,2023-02-28 00:00:00+05:30,269.0,269.75,263.0,269.75,66
WELINV,2023-03-01 00:00:00+05:30,258.0,270.0,258.0,269.05,519
WELINV,2023-03-02 00:00:00+05:30,264.05,270.0,262.95,266.0,543
WELINV,2023-03-03 00:00:00+05:30,266.3,267.05,261.35,264.55,485
WELINV,2023-03-06 00:00:00+05:30,266.9,266.9,259.0,260.25,560
WELINV,2023-03-08 00:00:00+05:30,260.25,273.25,258.0,269.0,2865
WELINV,2023-03-09 00:00:00+05:30,278.95,278.95,269.05,274.4,348
WELINV,2023-03-10 00:00:00+05:30,273.9,274.0,265.1,273.95,101
WELINV,2023-03-13 00:00:00+05:30,274.2,274.3,261.2,262.9,592
WELINV,2023-03-14 00:00:00+05:30,263.15,269.95,257.0,259.9,490
WELINV,2023-03-15 00:00:00+05:30,267.75,269.25,262.55,263.6,4977
WELINV,2023-03-16 00:00:00+05:30,263.6,276.75,261.65,263.3,2573
WELINV,2023-03-17 00:00:00+05:30,269.95,269.95,269.95,269.95,30
WELINV,2023-03-20 00:00:00+05:30,263.05,269.95,263.0,264.0,1670
WELINV,2023-03-21 00:00:00+05:30,264.9,271.95,264.8,271.95,45
WELINV,2023-03-22 00:00:00+05:30,271.8,274.0,270.1,271.05,1283
WELINV,2023-03-23 00:00:00+05:30,270.95,274.0,268.05,272.3,1959
WELINV,2023-03-24 00:00:00+05:30,274.0,275.0,270.0,270.75,1207
WELINV,2023-03-27 00:00:00+05:30,268.2,268.2,265.0,267.75,2915
WELINV,2023-03-28 00:00:00+05:30,269.9,277.9,267.35,269.55,219
WELINV,2023-03-29 00:00:00+05:30,267.7,275.0,266.0,266.45,143
WELINV,2023-03-31 00:00:00+05:30,273.0,273.0,266.45,267.9,60
WELINV,2023-04-03 00:00:00+05:30,274.9,274.9,266.0,266.45,507
WELINV,2023-04-05 00:00:00+05:30,273.95,279.75,266.6,279.75,1744
WELINV,2023-04-06 00:00:00+05:30,279.7,289.0,277.0,286.25,2868
WELINV,2023-04-10 00:00:00+05:30,286.6,300.0,279.15,285.8,334
WELINV,2023-04-11 00:00:00+05:30,289.4,290.45,277.05,286.95,648
WELINV,2023-04-12 00:00:00+05:30,279.1,287.6,277.0,285.6,55
WELINV,2023-04-13 00:00:00+05:30,286.95,290.0,277.75,279.85,230
WELINV,2023-04-17 00:00:00+05:30,285.85,292.35,275.0,283.95,367
WELINV,2023-04-18 00:00:00+05:30,276.3,292.0,276.3,280.95,392
WELINV,2023-04-19 00:00:00+05:30,277.1,277.2,277.0,277.2,14
WELINV,2023-04-20 00:00:00+05:30,279.35,285.0,279.35,280.0,233
WELINV,2023-04-21 00:00:00+05:30,279.95,280.0,273.5,274.95,305
WELINV,2023-04-24 00:00:00+05:30,275.35,293.2,275.25,283.6,526
WELINV,2023-04-25 00:00:00+05:30,282.9,282.9,276.55,276.9,343
WELINV,2023-04-26 00:00:00+05:30,288.9,288.9,276.0,281.95,2240
WELINV,2023-04-27 00:00:00+05:30,284.7,292.35,282.0,289.9,299
WELINV,2023-04-28 00:00:00+05:30,282.15,289.4,282.1,285.8,125
WELINV,2023-05-02 00:00:00+05:30,287.25,314.0,287.0,301.45,1178
WELINV,2023-05-03 00:00:00+05:30,301.65,309.5,292.05,297.5,1192
WELINV,2023-05-04 00:00:00+05:30,294.9,317.95,294.35,305.45,930
WELINV,2023-05-05 00:00:00+05:30,302.75,309.75,302.75,303.3,390
WELINV,2023-05-08 00:00:00+05:30,303.3,303.3,294.05,299.25,602
WELINV,2023-05-09 00:00:00+05:30,292.85,307.4,292.85,300.7,1212
WELINV,2023-05-10 00:00:00+05:30,305.05,320.0,297.4,311.45,1434
WELINV,2023-05-11 00:00:00+05:30,335.5,342.55,332.15,342.55,21712
WELINV,2023-05-12 00:00:00+05:30,349.0,349.0,312.1,313.65,11170
WELINV,2023-05-15 00:00:00+05:30,313.95,313.95,296.45,306.45,4083
WELINV,2023-05-16 00:00:00+05:30,322.0,335.0,302.5,306.2,6738
WELINV,2023-05-17 00:00:00+05:30,315.0,315.5,303.7,312.85,1904
WELINV,2023-05-18 00:00:00+05:30,306.5,316.0,302.0,308.15,1819
WELINV,2023-05-19 00:00:00+05:30,308.0,316.9,303.1,308.6,419
WELINV,2023-05-22 00:00:00+05:30,307.0,321.75,305.05,315.25,1801
WELINV,2023-05-23 00:00:00+05:30,310.1,326.95,310.1,317.9,717
WELINV,2023-05-24 00:00:00+05:30,317.85,323.7,306.05,312.05,499
WELINV,2023-05-25 00:00:00+05:30,305.4,317.7,305.35,309.45,80
WELINV,2023-05-26 00:00:00+05:30,317.0,317.0,306.05,314.0,590
WELINV,2023-05-29 00:00:00+05:30,313.6,313.9,302.6,305.45,464
WELINV,2023-05-30 00:00:00+05:30,300.05,322.9,300.05,317.65,1036
WELINV,2023-05-31 00:00:00+05:30,312.0,349.0,307.75,327.75,4529
WELINV,2023-06-01 00:00:00+05:30,327.75,339.7,318.55,332.4,1345
WELINV,2023-06-02 00:00:00+05:30,333.05,338.85,326.0,335.55,621
WELINV,2023-06-05 00:00:00+05:30,337.8,337.8,327.55,334.5,686
WELINV,2023-06-06 00:00:00+05:30,336.0,343.95,318.1,331.65,2930
WELINV,2023-06-07 00:00:00+05:30,321.0,397.95,321.0,395.05,55457
WELINV,2023-06-08 00:00:00+05:30,396.0,396.0,361.45,366.6,10173
WELINV,2023-06-09 00:00:00+05:30,374.0,410.0,363.05,396.35,49681
WELINV,2023-06-12 00:00:00+05:30,396.35,405.0,376.55,377.7,1500
WELINV,2023-06-13 00:00:00+05:30,377.7,377.7,362.0,363.1,535
WELINV,2023-06-14 00:00:00+05:30,360.0,360.0,345.0,355.25,767
WELINV,2023-06-15 00:00:00+05:30,355.25,369.65,345.05,351.3,773
WELINV,2023-06-16 00:00:00+05:30,351.3,368.3,351.3,364.55,518
WELINV,2023-06-19 00:00:00+05:30,348.0,374.9,348.0,360.75,1664
WELINV,2023-06-20 00:00:00+05:30,365.9,365.9,355.0,361.0,4155
WELINV,2023-06-21 00:00:00+05:30,350.35,365.0,350.35,365.0,2349
WELINV,2023-06-22 00:00:00+05:30,364.0,379.0,363.9,377.95,2178
WELINV,2023-06-23 00:00:00+05:30,377.9,383.0,377.9,383.0,805
WELINV,2023-06-26 00:00:00+05:30,384.7,384.7,370.0,372.7,473
WELINV,2023-06-27 00:00:00+05:30,372.0,372.7,367.7,371.8,256
WELINV,2023-06-28 00:00:00+05:30,378.0,379.5,355.6,361.4,664
WELINV,2023-06-30 00:00:00+05:30,365.0,368.0,355.0,360.0,357
WELINV,2023-07-03 00:00:00+05:30,356.05,371.9,355.5,357.25,378
WELINV,2023-07-04 00:00:00+05:30,357.25,366.9,350.0,354.0,251
WELINV,2023-07-05 00:00:00+05:30,354.0,371.7,350.0,366.4,881
WELINV,2023-07-06 00:00:00+05:30,360.0,370.0,360.0,369.2,972
WELINV,2023-07-07 00:00:00+05:30,360.0,369.2,360.0,360.0,436
WELINV,2023-07-10 00:00:00+05:30,369.0,377.95,350.0,368.0,3290
WELINV,2023-07-11 00:00:00+05:30,356.05,369.9,356.05,366.7,130
WELINV,2023-07-12 00:00:00+05:30,370.0,385.0,370.0,385.0,2430
WELINV,2023-07-13 00:00:00+05:30,404.0,404.25,385.0,391.55,5194
WELINV,2023-07-14 00:00:00+05:30,382.0,399.95,372.0,399.3,7552
WELINV,2023-07-17 00:00:00+05:30,398.9,398.9,380.0,384.0,1413
WELINV,2023-07-18 00:00:00+05:30,390.0,400.0,375.0,391.9,1990
WELINV,2023-07-19 00:00:00+05:30,391.85,400.0,376.1,380.6,829
WELINV,2023-07-20 00:00:00+05:30,399.0,399.0,373.0,381.2,1240
WELINV,2023-07-21 00:00:00+05:30,381.2,389.95,377.0,380.0,408
WELINV,2023-07-24 00:00:00+05:30,380.0,389.5,380.0,380.0,522
WELINV,2023-07-25 00:00:00+05:30,374.0,374.15,374.0,374.15,42
WELINV,2023-07-26 00:00:00+05:30,375.35,385.0,374.15,376.45,410
WELINV,2023-07-27 00:00:00+05:30,374.45,374.45,374.45,374.45,11
WELINV,2023-07-28 00:00:00+05:30,374.15,380.0,356.0,361.25,942
WELINV,2023-07-31 00:00:00+05:30,374.95,379.0,367.0,378.25,1044
WELINV,2023-08-01 00:00:00+05:30,378.25,389.0,378.25,381.35,323
WELINV,2023-08-02 00:00:00+05:30,381.75,400.4,378.0,398.95,3593
WELINV,2023-08-03 00:00:00+05:30,398.0,404.95,395.0,401.65,2085
WELINV,2023-08-04 00:00:00+05:30,401.6,401.6,390.05,400.0,308
WELINV,2023-08-07 00:00:00+05:30,392.25,420.0,392.25,401.05,1722
WELINV,2023-08-08 00:00:00+05:30,401.05,401.05,393.05,395.05,86
WELINV,2023-08-09 00:00:00+05:30,400.0,400.0,395.0,395.45,409
WELINV,2023-08-10 00:00:00+05:30,400.0,410.0,400.0,405.0,1035
WELINV,2023-08-11 00:00:00+05:30,400.05,405.0,386.6,395.0,3505
WELINV,2023-08-14 00:00:00+05:30,395.0,409.0,395.0,404.0,440
WELINV,2023-08-16 00:00:00+05:30,409.0,424.2,404.0,424.2,3303
WELINV,2023-08-17 00:00:00+05:30,425.0,440.0,425.0,434.95,978
WELINV,2023-08-18 00:00:00+05:30,440.0,445.0,430.05,433.0,329
WELINV,2023-08-21 00:00:00+05:30,440.0,446.0,418.05,418.25,326
WELINV,2023-08-22 00:00:00+05:30,433.95,433.95,414.0,415.2,147
WELINV,2023-08-23 00:00:00+05:30,427.95,427.95,415.0,416.0,241
WELINV,2023-08-24 00:00:00+05:30,425.0,436.8,424.95,430.05,1181
WELINV,2023-08-25 00:00:00+05:30,449.0,449.0,426.85,427.5,112
WELINV,2023-08-28 00:00:00+05:30,409.0,448.0,407.0,436.0,864
WELINV,2023-08-29 00:00:00+05:30,449.0,457.8,449.0,457.0,2211
WELINV,2023-08-30 00:00:00+05:30,479.0,479.0,457.1,460.2,316
WELINV,2023-08-31 00:00:00+05:30,478.95,478.95,460.2,460.55,169
WELINV,2023-09-01 00:00:00+05:30,438.1,469.95,438.1,455.0,146
WELINV,2023-09-04 00:00:00+05:30,455.0,476.95,455.0,458.05,257
WELINV,2023-09-05 00:00:00+05:30,479.95,480.95,470.0,480.95,779
WELINV,2023-09-06 00:00:00+05:30,499.0,500.0,482.0,482.0,915
WELINV,2023-09-07 00:00:00+05:30,482.0,482.0,470.15,480.05,104
WELINV,2023-09-08 00:00:00+05:30,480.05,499.45,465.0,490.0,369
WELINV,2023-09-11 00:00:00+05:30,495.0,495.0,471.0,472.65,189
WELINV,2023-09-12 00:00:00+05:30,488.0,492.0,464.1,465.2,437
WELINV,2023-09-13 00:00:00+05:30,453.55,488.45,453.55,482.5,858
WELINV,2023-09-14 00:00:00+05:30,485.0,506.6,471.0,481.35,1679
WELINV,2023-09-15 00:00:00+05:30,490.0,505.4,485.0,503.55,1075
WELINV,2023-09-18 00:00:00+05:30,505.0,527.95,485.55,499.05,543
WELINV,2023-09-20 00:00:00+05:30,495.0,508.55,490.0,492.8,501
WELINV,2023-09-21 00:00:00+05:30,493.0,500.0,480.0,480.0,821
WELINV,2023-09-22 00:00:00+05:30,487.0,487.0,487.0,487.0,28
WELINV,2023-09-25 00:00:00+05:30,480.05,508.0,480.0,507.0,209
WELINV,2023-09-26 00:00:00+05:30,519.0,519.0,492.05,515.0,562
WELINV,2023-09-27 00:00:00+05:30,515.0,525.0,495.05,510.0,810
WELINV,2023-09-28 00:00:00+05:30,510.0,522.0,509.9,510.0,54
WELINV,2023-09-29 00:00:00+05:30,509.0,510.0,509.0,510.0,509
WELINV,2023-10-03 00:00:00+05:30,510.0,510.0,498.05,500.05,513
WELINV,2023-10-04 00:00:00+05:30,495.0,510.0,491.0,510.0,18
WELINV,2023-10-05 00:00:00+05:30,490.05,490.05,490.05,490.05,3
WELINV,2023-10-06 00:00:00+05:30,490.0,507.0,490.0,490.1,284
WELINV,2023-10-09 00:00:00+05:30,470.0,588.1,470.0,562.0,16184
WELINV,2023-10-10 00:00:00+05:30,621.0,621.0,560.0,610.2,30035
WELINV,2023-10-11 00:00:00+05:30,620.0,620.0,585.0,610.3,5286
WELINV,2023-10-12 00:00:00+05:30,614.0,621.0,580.0,584.7,2594
WELINV,2023-10-13 00:00:00+05:30,588.05,607.9,580.0,600.35,1059
WELINV,2023-10-16 00:00:00+05:30,600.35,607.0,580.0,585.7,649
WELINV,2023-10-17 00:00:00+05:30,593.85,604.95,581.1,591.15,693
WELINV,2023-10-18 00:00:00+05:30,591.15,606.4,581.0,589.75,733
WELINV,2023-10-19 00:00:00+05:30,589.75,608.1,580.1,585.55,949
WELINV,2023-10-20 00:00:00+05:30,591.2,620.0,585.1,605.95,2049
WELINV,2023-10-23 00:00:00+05:30,620.0,620.0,580.0,580.7,926
WELINV,2023-10-25 00:00:00+05:30,618.0,696.8,590.5,696.8,33467
WELINV,2023-10-26 00:00:00+05:30,714.7,720.0,613.0,639.0,33299
WELINV,2023-10-27 00:00:00+05:30,665.0,700.0,635.55,655.25,11999
WELINV,2023-10-30 00:00:00+05:30,671.65,671.65,597.05,632.9,6791
WELINV,2023-10-31 00:00:00+05:30,669.9,677.0,635.0,663.55,5428
WELINV,2023-11-01 00:00:00+05:30,667.9,697.4,642.0,650.25,4820
WELINV,2023-11-02 00:00:00+05:30,640.0,664.5,630.95,638.1,1870
WELINV,2023-11-03 00:00:00+05:30,615.0,647.9,612.65,635.95,1273
WELINV,2023-11-06 00:00:00+05:30,635.95,659.95,629.8,648.4,1296
WELINV,2023-11-07 00:00:00+05:30,675.55,680.0,621.0,638.05,483
WELINV,2023-11-08 00:00:00+05:30,659.95,659.95,620.1,645.0,974
WELINV,2023-11-09 00:00:00+05:30,645.0,677.0,645.0,660.35,1957
WELINV,2023-11-10 00:00:00+05:30,685.0,685.0,650.0,654.0,264
WELINV,2023-11-12 00:00:00+05:30,654.0,675.0,651.0,663.35,81
WELINV,2023-11-13 00:00:00+05:30,665.25,668.7,645.0,657.65,259
WELINV,2023-11-15 00:00:00+05:30,657.65,657.65,624.85,632.95,1279
WELINV,2023-11-16 00:00:00+05:30,645.65,652.95,625.0,626.9,341
WELINV,2023-11-17 00:00:00+05:30,626.9,638.65,616.0,625.35,366
WELINV,2023-11-20 00:00:00+05:30,625.35,640.0,618.75,636.35,357
WELINV,2023-11-21 00:00:00+05:30,636.35,636.35,610.0,616.5,737
WELINV,2023-11-22 00:00:00+05:30,600.0,640.0,600.0,636.45,1016
WELINV,2023-11-23 00:00:00+05:30,623.75,639.4,623.75,627.0,377
WELINV,2023-11-24 00:00:00+05:30,605.15,658.3,605.15,620.0,1547
WELINV,2023-11-28 00:00:00+05:30,620.0,649.8,620.0,640.05,196
WELINV,2023-11-29 00:00:00+05:30,640.05,670.95,640.0,659.95,784
WELINV,2023-11-30 00:00:00+05:30,660.0,674.0,660.0,660.5,432
WELINV,2023-12-01 00:00:00+05:30,691.9,691.9,650.0,650.0,323
WELINV,2023-12-04 00:00:00+05:30,650.0,650.0,620.1,634.0,777
WELINV,2023-12-05 00:00:00+05:30,634.0,660.0,632.0,653.05,1032
WELINV,2023-12-06 00:00:00+05:30,682.9,682.9,630.05,655.1,2052
WELINV,2023-12-07 00:00:00+05:30,656.1,656.1,651.0,651.0,115
WELINV,2023-12-08 00:00:00+05:30,650.75,668.9,650.0,655.0,222
WELINV,2023-12-11 00:00:00+05:30,633.0,664.95,633.0,643.05,143
WELINV,2023-12-12 00:00:00+05:30,666.0,666.0,632.1,634.6,665
WELINV,2023-12-13 00:00:00+05:30,637.0,659.5,634.6,635.0,173
WELINV,2023-12-14 00:00:00+05:30,632.0,650.0,631.0,640.55,241
WELINV,2023-12-15 00:00:00+05:30,640.55,644.95,621.15,633.3,225
WELINV,2023-12-18 00:00:00+05:30,638.0,644.7,618.0,621.7,281
WELINV,2023-12-19 00:00:00+05:30,622.1,622.1,611.0,611.5,610
WELINV,2023-12-20 00:00:00+05:30,638.0,640.0,580.95,582.9,1711
WELINV,2023-12-21 00:00:00+05:30,570.0,612.0,570.0,611.95,697
WELINV,2023-12-22 00:00:00+05:30,637.0,640.0,620.0,630.1,362
WELINV,2023-12-26 00:00:00+05:30,630.0,630.0,601.2,618.65,490
WELINV,2023-12-27 00:00:00+05:30,635.0,635.0,601.6,615.5,357
WELINV,2023-12-28 00:00:00+05:30,615.5,625.0,605.0,610.05,286
WELINV,2023-12-29 00:00:00+05:30,615.0,630.0,615.0,622.6,516
WELINV,2024-01-01 00:00:00+05:30,610.0,653.7,610.0,635.0,1836
WELINV,2024-01-02 00:00:00+05:30,650.0,666.7,620.05,645.55,667
WELINV,2024-01-03 00:00:00+05:30,644.55,677.0,630.0,663.0,781
WELINV,2024-01-04 00:00:00+05:30,690.0,690.0,640.0,659.4,615
WELINV,2024-01-05 00:00:00+05:30,659.4,659.4,646.0,659.0,334
WELINV,2024-01-08 00:00:00+05:30,650.0,665.0,635.0,640.05,232
WELINV,2024-01-09 00:00:00+05:30,650.0,667.9,642.05,642.15,218
WELINV,2024-01-10 00:00:00+05:30,655.0,656.0,618.0,630.05,205
WELINV,2024-01-11 00:00:00+05:30,630.05,655.0,628.5,654.0,177
WELINV,2024-01-12 00:00:00+05:30,645.0,654.0,635.1,642.85,39
WELINV,2024-01-15 00:00:00+05:30,654.0,654.0,628.4,634.0,412
WELINV,2024-01-16 00:00:00+05:30,634.0,636.0,627.0,630.35,246
WELINV,2024-01-17 00:00:00+05:30,621.25,645.0,611.1,630.0,198
WELINV,2024-01-18 00:00:00+05:30,630.0,661.5,630.0,661.5,321
WELINV,2024-01-19 00:00:00+05:30,694.0,694.0,660.0,680.0,1508
WELINV,2024-01-20 00:00:00+05:30,651.3,675.0,651.3,673.45,161
WELINV,2024-01-23 00:00:00+05:30,697.9,697.9,671.0,671.05,288
WELINV,2024-01-24 00:00:00+05:30,671.05,699.45,643.05,688.45,326
WELINV,2024-01-25 00:00:00+05:30,690.0,719.0,688.45,699.5,267
WELINV,2024-01-29 00:00:00+05:30,699.0,725.0,678.35,716.3,618
WELINV,2024-01-30 00:00:00+05:30,716.3,716.3,687.1,687.6,231
WELINV,2024-01-31 00:00:00+05:30,720.9,721.95,681.05,693.95,997
WELINV,2024-02-01 00:00:00+05:30,720.0,728.6,704.55,720.75,484
WELINV,2024-02-02 00:00:00+05:30,725.35,740.65,705.15,708.55,285
WELINV,2024-02-05 00:00:00+05:30,720.0,743.9,697.25,721.05,1102
WELINV,2024-02-06 00:00:00+05:30,729.9,730.0,710.0,717.15,203
WELINV,2024-02-07 00:00:00+05:30,720.0,788.85,652.55,705.1,2038
WELINV,2024-02-08 00:00:00+05:30,774.0,775.0,720.45,751.2,2491
WELINV,2024-02-09 00:00:00+05:30,774.95,823.0,751.25,767.9,7769
WELINV,2024-02-12 00:00:00+05:30,792.9,792.9,700.0,708.55,1762
WELINV,2024-02-13 00:00:00+05:30,705.85,728.0,705.0,719.0,506
WELINV,2024-02-14 00:00:00+05:30,719.0,749.65,704.15,740.5,554
WELINV,2024-02-15 00:00:00+05:30,735.0,789.0,731.0,770.2,770
WELINV,2024-02-16 00:00:00+05:30,800.0,800.0,747.05,768.9,460
WELINV,2024-02-19 00:00:00+05:30,788.0,788.0,752.0,753.0,878
WELINV,2024-02-20 00:00:00+05:30,775.0,775.0,730.0,747.4,1352
WELINV,2024-02-21 00:00:00+05:30,779.0,794.8,747.4,771.25,1297
WELINV,2024-02-22 00:00:00+05:30,730.0,788.95,730.0,763.95,738
WELINV,2024-02-23 00:00:00+05:30,762.35,782.95,740.8,770.0,964
WELINV,2024-02-26 00:00:00+05:30,780.2,780.2,745.0,756.5,1001
WELINV,2024-02-27 00:00:00+05:30,756.25,756.25,721.75,728.65,2487
WELINV,2024-02-28 00:00:00+05:30,725.0,728.5,672.0,689.2,4003
WELINV,2024-02-29 00:00:00+05:30,701.8,701.8,662.1,679.65,602
WELINV,2024-03-01 00:00:00+05:30,698.3,742.6,697.55,719.6,407
WELINV,2024-03-02 00:00:00+05:30,722.6,745.0,685.65,698.9,424
WELINV,2024-03-04 00:00:00+05:30,705.0,768.75,705.0,768.75,1336
WELINV,2024-03-05 00:00:00+05:30,844.7,845.6,810.0,845.6,3727
WELINV,2024-03-06 00:00:00+05:30,859.95,930.15,859.95,919.7,63137
WELINV,2024-03-07 00:00:00+05:30,910.1,910.1,873.75,873.75,3744
WELINV,2024-03-11 00:00:00+05:30,832.0,859.85,830.1,830.1,834
WELINV,2024-03-12 00:00:00+05:30,788.6,788.6,788.6,788.6,574
WELINV,2024-03-13 00:00:00+05:30,749.2,749.2,749.2,749.2,141
WELINV,2024-03-14 00:00:00+05:30,715.0,776.0,711.75,739.5,4202
WELINV,2024-03-15 00:00:00+05:30,725.1,759.35,702.55,729.05,2179
WELINV,2024-03-18 00:00:00+05:30,705.3,765.5,705.3,736.7,3895
WELINV,2024-03-19 00:00:00+05:30,734.45,768.4,720.05,767.6,1720
WELINV,2024-03-20 00:00:00+05:30,754.75,754.75,737.75,740.0,249
WELINV,2024-03-21 00:00:00+05:30,762.7,777.0,761.95,777.0,424
WELINV,2024-03-22 00:00:00+05:30,814.9,814.95,776.0,791.75,676
WELINV,2024-03-26 00:00:00+05:30,792.1,793.0,752.2,752.2,1664
WELINV,2024-03-27 00:00:00+05:30,771.9,772.4,714.6,716.55,1301
WELINV,2024-03-28 00:00:00+05:30,716.0,730.2,712.0,712.85,1234
WELINV,2024-04-01 00:00:00+05:30,714.15,748.45,712.0,748.45,345
WELINV,2024-04-02 00:00:00+05:30,783.9,785.85,761.05,785.85,425
WELINV,2024-04-03 00:00:00+05:30,799.9,820.0,786.0,815.0,619
WELINV,2024-04-04 00:00:00+05:30,855.7,855.7,776.1,800.65,827
WELINV,2024-04-05 00:00:00+05:30,797.8,808.4,764.6,781.5,1862
WELINV,2024-04-08 00:00:00+05:30,797.3,820.55,773.2,787.35,388
WELINV,2024-04-09 00:00:00+05:30,786.0,818.7,761.2,787.25,1263
WELINV,2024-04-10 00:00:00+05:30,802.35,811.6,771.3,792.75,320
WELINV,2024-04-12 00:00:00+05:30,793.65,800.9,780.6,795.45,101
WELINV,2024-04-15 00:00:00+05:30,756.7,793.35,756.4,772.4,1474
WELINV,2024-04-16 00:00:00+05:30,754.75,811.0,735.0,790.95,1070
WELINV,2024-04-18 00:00:00+05:30,830.0,830.0,777.4,800.2,203
WELINV,2024-04-19 00:00:00+05:30,762.2,829.95,762.2,795.25,530
WELINV,2024-04-22 00:00:00+05:30,802.55,835.0,780.85,788.8,1127
WELINV,2024-04-23 00:00:00+05:30,770.1,819.35,770.1,786.35,475
WELINV,2024-04-24 00:00:00+05:30,786.05,815.05,761.4,777.65,833
WELINV,2024-04-25 00:00:00+05:30,777.65,795.1,756.05,775.75,349
WELINV,2024-04-26 00:00:00+05:30,780.8,798.0,776.0,797.9,201
WELINV,2024-04-29 00:00:00+05:30,836.0,836.0,780.4,783.9,539
WELINV,2024-04-30 00:00:00+05:30,790.7,805.3,765.95,784.2,470
WELINV,2024-05-02 00:00:00+05:30,798.0,798.0,762.75,779.85,1459
WELINV,2024-05-03 00:00:00+05:30,781.0,792.75,775.0,775.0,407
WELINV,2024-05-06 00:00:00+05:30,775.0,792.0,743.3,747.6,560
WELINV,2024-05-07 00:00:00+05:30,747.65,778.0,731.9,740.65,1030
WELINV,2024-05-08 00:00:00+05:30,750.0,769.95,748.65,763.6,321
WELINV,2024-05-09 00:00:00+05:30,762.65,769.7,745.0,756.9,112
WELINV,2024-05-10 00:00:00+05:30,745.15,764.95,745.0,745.25,89
WELINV,2024-05-13 00:00:00+05:30,745.5,768.0,729.05,752.55,779
WELINV,2024-05-14 00:00:00+05:30,750.75,763.65,748.6,754.4,47
WELINV,2024-05-15 00:00:00+05:30,750.7,780.7,750.7,751.1,132
WELINV,2024-05-16 00:00:00+05:30,750.95,751.1,713.55,715.95,2031
WELINV,2024-05-17 00:00:00+05:30,750.0,751.7,715.0,719.25,756
WELINV,2024-05-18 00:00:00+05:30,754.55,754.55,749.8,749.8,24
WELINV,2024-05-21 00:00:00+05:30,729.3,760.0,713.65,755.6,2488
WELINV,2024-05-22 00:00:00+05:30,742.0,792.8,742.0,751.45,2579
WELINV,2024-05-23 00:00:00+05:30,769.25,769.45,732.0,737.95,246
WELINV,2024-05-24 00:00:00+05:30,737.65,774.8,720.6,743.6,1369
WELINV,2024-05-27 00:00:00+05:30,743.95,747.1,726.55,736.85,102
WELINV,2024-05-28 00:00:00+05:30,736.5,760.0,736.5,741.8,243
WELINV,2024-05-29 00:00:00+05:30,755.15,777.0,726.05,740.1,3405
WELINV,2024-05-30 00:00:00+05:30,733.25,773.5,730.1,742.4,1037
WELINV,2024-05-31 00:00:00+05:30,727.0,749.05,727.0,736.45,157
WELINV,2024-06-03 00:00:00+05:30,736.5,749.4,712.0,720.9,966
WELINV,2024-06-04 00:00:00+05:30,721.15,747.3,695.0,716.55,515
WELINV,2024-06-05 00:00:00+05:30,706.1,740.95,706.1,734.9,153
WELINV,2024-06-06 00:00:00+05:30,735.45,770.95,721.0,722.4,629
WELINV,2024-06-07 00:00:00+05:30,723.55,758.5,723.4,738.05,1487
WELINV,2024-06-10 00:00:00+05:30,735.0,774.95,735.0,767.2,463
WELINV,2024-06-11 00:00:00+05:30,768.15,788.45,744.65,768.75,484
WELINV,2024-06-12 00:00:00+05:30,768.8,768.8,747.0,750.5,1194
WELINV,2024-06-13 00:00:00+05:30,765.35,765.7,735.15,737.1,736
WELINV,2024-06-14 00:00:00+05:30,737.75,773.8,735.0,757.4,811
WELINV,2024-06-18 00:00:00+05:30,762.0,795.25,762.0,764.3,423
WELINV,2024-06-19 00:00:00+05:30,775.9,791.95,744.45,745.95,484
WELINV,2024-06-20 00:00:00+05:30,752.4,769.4,744.0,744.85,481
WELINV,2024-06-21 00:00:00+05:30,749.65,774.6,749.65,759.55,243
WELINV,2024-06-24 00:00:00+05:30,772.0,772.0,750.0,767.0,565
WELINV,2024-06-25 00:00:00+05:30,782.35,794.95,772.1,783.4,551
WELINV,2024-06-26 00:00:00+05:30,770.15,789.9,762.4,779.8,904
WELINV,2024-06-27 00:00:00+05:30,780.0,818.75,744.65,760.4,1447
WELINV,2024-06-28 00:00:00+05:30,746.15,798.4,746.15,798.1,857
WELINV,2024-07-01 00:00:00+05:30,829.95,829.95,785.55,809.2,1001
WELINV,2024-07-02 00:00:00+05:30,847.0,847.0,778.25,789.15,554
WELINV,2024-07-03 00:00:00+05:30,808.15,810.0,780.85,791.7,168
WELINV,2024-07-04 00:00:00+05:30,806.05,818.85,791.05,810.4,477
WELINV,2024-07-05 00:00:00+05:30,810.85,840.0,791.7,793.05,586
WELINV,2024-07-08 00:00:00+05:30,820.0,820.0,770.4,790.05,317
WELINV,2024-07-09 00:00:00+05:30,799.15,829.55,786.0,826.2,1286
WELINV,2024-07-10 00:00:00+05:30,826.1,845.0,791.4,816.55,441
WELINV,2024-07-11 00:00:00+05:30,800.8,832.95,775.75,791.3,712
WELINV,2024-07-12 00:00:00+05:30,803.95,824.0,795.4,807.8,596
WELINV,2024-07-15 00:00:00+05:30,839.3,839.3,791.0,796.8,236
WELINV,2024-07-16 00:00:00+05:30,796.55,831.8,782.05,796.65,352
WELINV,2024-07-18 00:00:00+05:30,805.75,818.95,766.65,777.7,189
WELINV,2024-07-19 00:00:00+05:30,781.15,816.5,780.0,781.05,444
WELINV,2024-07-22 00:00:00+05:30,782.5,819.65,755.15,812.45,652
WELINV,2024-07-23 00:00:00+05:30,820.0,829.45,790.4,807.7,269
WELINV,2024-07-24 00:00:00+05:30,809.85,837.0,805.6,813.5,1514
WELINV,2024-07-25 00:00:00+05:30,815.2,825.0,791.25,824.25,280
WELINV,2024-07-26 00:00:00+05:30,822.85,823.0,791.0,798.6,193
WELINV,2024-07-29 00:00:00+05:30,765.0,838.5,765.0,823.6,1072
WELINV,2024-07-30 00:00:00+05:30,857.0,857.0,805.1,832.15,943
WELINV,2024-07-31 00:00:00+05:30,858.8,858.8,814.35,816.9,878
WELINV,2024-08-01 00:00:00+05:30,795.65,849.4,795.65,834.8,420
WELINV,2024-08-02 00:00:00+05:30,810.8,850.0,807.6,845.4,868
WELINV,2024-08-05 00:00:00+05:30,868.0,868.0,830.0,849.95,890
WELINV,2024-08-06 00:00:00+05:30,872.0,872.55,813.0,830.85,654
WELINV,2024-08-07 00:00:00+05:30,840.75,865.2,831.4,834.45,200
WELINV,2024-08-08 00:00:00+05:30,799.7,868.8,799.7,853.85,586
WELINV,2024-08-09 00:00:00+05:30,854.5,854.8,820.5,834.0,131
WELINV,2024-08-12 00:00:00+05:30,846.9,917.4,846.9,892.15,1874
WELINV,2024-08-13 00:00:00+05:30,924.0,924.0,861.0,893.45,845
WELINV,2024-08-14 00:00:00+05:30,896.75,900.95,821.2,832.9,655
WELINV,2024-08-16 00:00:00+05:30,874.95,916.15,832.9,916.15,2541
WELINV,2024-08-19 00:00:00+05:30,906.2,919.95,880.4,905.2,1342
WELINV,2024-08-20 00:00:00+05:30,897.7,930.0,891.4,908.75,952
WELINV,2024-08-21 00:00:00+05:30,908.95,924.95,888.0,902.0,793
WELINV,2024-08-22 00:00:00+05:30,934.0,934.0,896.55,900.55,421
WELINV,2024-08-23 00:00:00+05:30,907.45,950.45,883.5,929.15,723
WELINV,2024-08-26 00:00:00+05:30,1022.0,1022.05,975.55,1022.05,10134
WELINV,2024-08-27 00:00:00+05:30,1099.0,1124.0,1031.1,1066.5,19477
WELINV,2024-08-28 00:00:00+05:30,1089.95,1112.15,1019.05,1035.2,6307
WELINV,2024-08-29 00:00:00+05:30,1025.05,1089.0,1001.1,1067.0,3592
WELINV,2024-08-30 00:00:00+05:30,1079.95,1080.0,1003.0,1049.75,2256
WELINV,2024-09-02 00:00:00+05:30,1077.0,1077.0,1009.0,1042.4,860
WELINV,2024-09-03 00:00:00+05:30,1027.3,1069.0,1021.8,1058.9,1005
WELINV,2024-09-04 00:00:00+05:30,1031.9,1047.9,990.0,1033.0,4587
WELINV,2024-09-05 00:00:00+05:30,1027.95,1097.9,1027.95,1069.9,2435
WELINV,2024-09-06 00:00:00+05:30,1091.3,1091.3,1026.05,1035.05,1000
WELINV,2024-09-09 00:00:00+05:30,1088.0,1088.0,1030.1,1059.75,420
WELINV,2024-09-10 00:00:00+05:30,1049.2,1069.4,1028.5,1056.25,526
WELINV,2024-09-11 00:00:00+05:30,1032.0,1053.0,1032.0,1038.15,220
WELINV,2024-09-12 00:00:00+05:30,1040.4,1067.9,1037.5,1059.65,342
WELINV,2024-09-13 00:00:00+05:30,1059.7,1070.95,1022.4,1036.55,673
WELINV,2024-09-16 00:00:00+05:30,1036.35,1044.3,1000.0,1004.5,613
WELINV,2024-09-17 00:00:00+05:30,1000.0,1007.85,952.05,989.25,984
WELINV,2024-09-18 00:00:00+05:30,980.0,1003.05,980.0,994.2,468
WELINV,2024-09-19 00:00:00+05:30,985.6,985.6,980.0,980.2,97
WELINV,2024-09-20 00:00:00+05:30,975.05,993.95,950.0,959.05,576
WELINV,2024-09-23 00:00:00+05:30,992.45,1015.0,965.0,1007.6,903
WELINV,2024-09-24 00:00:00+05:30,1045.9,1045.9,983.0,993.65,218
WELINV,2024-09-25 00:00:00+05:30,991.8,1025.75,985.4,1002.7,304
WELINV,2024-09-26 00:00:00+05:30,1018.5,1020.7,980.5,997.6,227
WELINV,2024-09-27 00:00:00+05:30,1012.55,1025.15,975.3,982.2,336
WELINV,2024-09-30 00:00:00+05:30,961.0,990.0,932.8,957.9,1160
WELINV,2024-10-01 00:00:00+05:30,1008.9,1053.65,961.65,1025.45,3160
WELINV,2024-10-03 00:00:00+05:30,1009.9,1018.0,980.0,997.85,1707
WELINV,2024-10-04 00:00:00+05:30,1039.05,1039.05,960.25,983.2,1442
WELINV,2024-10-07 00:00:00+05:30,976.8,999.4,901.0,938.55,498
WELINV,2024-10-08 00:00:00+05:30,925.05,992.7,921.0,945.3,251
WELINV,2024-10-09 00:00:00+05:30,989.3,1005.05,970.1,981.95,1358
WELINV,2024-10-10 00:00:00+05:30,999.15,1000.0,976.55,999.45,531
WELINV,2024-10-11 00:00:00+05:30,981.8,994.9,956.5,986.25,617
WELINV,2024-10-14 00:00:00+05:30,985.15,994.4,970.55,980.45,1000
WELINV,2024-10-15 00:00:00+05:30,988.8,994.0,965.7,982.15,343
WELINV,2024-10-16 00:00:00+05:30,975.75,982.2,941.0,952.75,518
WELINV,2024-10-17 00:00:00+05:30,952.75,977.2,942.45,954.25,643
WELINV,2024-10-18 00:00:00+05:30,975.0,975.0,912.0,930.15,1351
WELINV,2024-10-21 00:00:00+05:30,942.25,1023.15,940.55,982.25,7952
WELINV,2024-10-22 00:00:00+05:30,1054.7,1054.7,921.0,937.55,5816
WELINV,2024-10-23 00:00:00+05:30,930.7,991.0,925.1,947.9,1120
WELINV,2024-10-24 00:00:00+05:30,940.0,965.75,905.15,947.0,686
WELINV,2024-10-25 00:00:00+05:30,923.05,988.0,880.05,895.25,2428
WELINV,2024-10-28 00:00:00+05:30,893.5,918.4,893.5,909.25,199
WELINV,2024-10-29 00:00:00+05:30,895.3,905.0,895.3,903.8,94
WELINV,2024-10-30 00:00:00+05:30,903.55,990.0,891.4,959.35,1246
WELINV,2024-10-31 00:00:00+05:30,959.45,973.0,942.55,959.95,312
WELINV,2024-11-01 00:00:00+05:30,960.0,973.0,930.5,956.7,563
WELINV,2024-11-04 00:00:00+05:30,950.1,970.0,925.2,936.15,427
WELINV,2024-11-05 00:00:00+05:30,936.0,969.4,913.85,967.75,1812
WELINV,2024-11-06 00:00:00+05:30,967.85,1046.15,957.8,997.9,2224
WELINV,2024-11-07 00:00:00+05:30,1025.0,1025.0,950.0,997.25,2822
WELINV,2024-11-08 00:00:00+05:30,999.05,1025.0,971.85,1014.6,744
WELINV,2024-11-11 00:00:00+05:30,1014.6,1025.0,980.0,1016.45,2591
WELINV,2024-11-12 00:00:00+05:30,1033.0,1033.0,954.0,962.15,632
WELINV,2024-11-13 00:00:00+05:30,998.6,998.6,865.95,867.4,3497
WELINV,2024-11-14 00:00:00+05:30,882.75,888.8,861.1,875.35,657
WELINV,2024-11-18 00:00:00+05:30,905.25,938.4,888.05,915.25,1342
WELINV,2024-11-19 00:00:00+05:30,892.4,924.4,862.05,884.9,454
WELINV,2024-11-21 00:00:00+05:30,900.0,926.95,844.9,883.45,1440
WELINV,2024-11-22 00:00:00+05:30,890.4,921.0,890.4,902.55,205
WELINV,2024-11-25 00:00:00+05:30,929.25,949.4,886.35,894.1,949
WELINV,2024-11-26 00:00:00+05:30,904.8,919.4,866.0,888.4,507
WELINV,2024-11-27 00:00:00+05:30,888.65,914.95,880.8,891.8,508
WELINV,2024-11-28 00:00:00+05:30,914.25,918.4,832.7,884.5,1055
WELINV,2024-11-29 00:00:00+05:30,888.0,916.45,887.15,908.15,263
WELINV,2024-12-02 00:00:00+05:30,932.15,932.45,901.7,912.9,371
WELINV,2024-12-03 00:00:00+05:30,940.2,940.45,879.7,891.4,2799
WELINV,2024-12-04 00:00:00+05:30,914.7,914.75,899.35,900.6,241
WELINV,2024-12-05 00:00:00+05:30,916.0,925.45,885.3,913.55,1019
WELINV,2024-12-06 00:00:00+05:30,930.0,1094.0,913.1,934.1,41227
WELINV,2024-12-09 00:00:00+05:30,938.8,974.95,929.9,932.3,3110
WELINV,2024-12-10 00:00:00+05:30,929.3,945.0,876.55,921.25,2850
WELINV,2024-12-11 00:00:00+05:30,922.55,932.45,918.0,918.6,4574
WELINV,2024-12-12 00:00:00+05:30,920.8,929.4,890.0,901.1,876
WELINV,2024-12-13 00:00:00+05:30,910.0,926.0,893.0,917.45,918
WELINV,2024-12-16 00:00:00+05:30,933.7,941.45,896.05,902.8,4560
WELINV,2024-12-17 00:00:00+05:30,936.0,942.0,892.1,899.35,517
WELINV,2024-12-18 00:00:00+05:30,914.35,914.35,890.4,891.75,301
WELINV,2024-12-19 00:00:00+05:30,865.25,925.0,865.25,919.3,1081
WELINV,2024-12-20 00:00:00+05:30,919.0,933.0,903.0,925.1,1130
WELINV,2024-12-23 00:00:00+05:30,936.0,936.0,900.0,901.85,599
WELINV,2024-12-24 00:00:00+05:30,916.8,935.0,905.4,914.8,510
WELINV,2024-12-26 00:00:00+05:30,928.0,950.3,903.0,920.55,553
WELINV,2024-12-27 00:00:00+05:30,902.9,920.0,895.05,914.3,332
WELINV,2024-12-30 00:00:00+05:30,929.95,929.95,900.05,905.1,499
WELINV,2024-12-31 00:00:00+05:30,881.55,918.0,881.55,900.4,895
WELINV,2025-01-01 00:00:00+05:30,912.95,912.95,875.0,888.7,1226
WELINV,2025-01-02 00:00:00+05:30,911.5,949.4,875.4,921.9,2106
WELINV,2025-01-03 00:00:00+05:30,925.3,950.0,910.4,924.8,492
WELINV,2025-01-06 00:00:00+05:30,932.2,939.95,905.05,910.5,211
WELINV,2025-01-07 00:00:00+05:30,892.1,940.0,892.1,934.85,1581
WELINV,2025-01-08 00:00:00+05:30,919.6,937.35,905.1,922.05,416
WELINV,2025-01-09 00:00:00+05:30,923.0,959.95,900.1,922.85,2610
WELINV,2025-01-10 00:00:00+05:30,923.7,935.9,890.0,891.05,1525
WELINV,2025-01-13 00:00:00+05:30,891.65,892.0,751.25,762.85,6876
WELINV,2025-01-14 00:00:00+05:30,777.0,847.0,772.0,828.1,1777
WELINV,2025-01-15 00:00:00+05:30,890.0,890.0,750.0,751.4,12669
WELINV,2025-01-16 00:00:00+05:30,768.05,797.85,757.5,767.95,3416
WELINV,2025-01-17 00:00:00+05:30,776.6,800.05,770.05,779.2,872
WELINV,2025-01-20 00:00:00+05:30,775.15,829.45,768.1,788.05,984
WELINV,2025-01-21 00:00:00+05:30,789.35,815.0,778.0,781.3,573
WELINV,2025-01-22 00:00:00+05:30,762.4,799.0,730.4,793.55,1152
WELINV,2025-01-23 00:00:00+05:30,788.45,802.95,781.05,783.8,540
WELINV,2025-01-24 00:00:00+05:30,785.15,809.9,737.5,742.7,11262
WELINV,2025-01-27 00:00:00+05:30,740.15,777.25,740.0,763.35,905
WELINV,2025-01-28 00:00:00+05:30,829.6,830.0,720.0,728.0,2564
WELINV,2025-01-29 00:00:00+05:30,767.35,818.0,737.55,742.65,7875
WELINV,2025-01-30 00:00:00+05:30,741.3,814.4,741.3,797.15,1142
WELINV,2025-01-31 00:00:00+05:30,832.75,832.75,761.05,774.75,519
WELINV,2025-02-01 00:00:00+05:30,775.05,929.7,759.3,801.05,2555
WELINV,2025-02-03 00:00:00+05:30,875.1,915.0,825.1,840.55,899
WELINV,2025-02-04 00:00:00+05:30,840.4,880.0,831.8,861.65,644
WELINV,2025-02-05 00:00:00+05:30,853.0,909.0,853.0,903.2,1281
WELINV,2025-02-06 00:00:00+05:30,885.65,915.0,872.9,893.05,315
WELINV,2025-02-07 00:00:00+05:30,914.95,940.0,860.5,930.6,2001
WELINV,2025-02-10 00:00:00+05:30,960.0,960.0,870.4,914.2,819
WELINV,2025-02-11 00:00:00+05:30,914.2,914.2,732.0,798.7,4351
WELINV,2025-02-12 00:00:00+05:30,799.85,829.95,761.2,816.7,992
WELINV,2025-02-13 00:00:00+05:30,815.7,830.15,771.0,800.15,699
WELINV,2025-02-14 00:00:00+05:30,776.65,783.35,735.1,753.6,675
WELINV,2025-02-17 00:00:00+05:30,757.1,781.95,686.05,704.0,874
WELINV,2025-02-18 00:00:00+05:30,697.0,748.95,645.2,652.75,953
WELINV,2025-02-19 00:00:00+05:30,633.2,700.0,633.2,651.9,1179
WELINV,2025-02-20 00:00:00+05:30,651.8,671.1,625.0,630.55,3280
WELINV,2025-02-21 00:00:00+05:30,631.05,655.9,631.05,649.7,528
WELINV,2025-02-24 00:00:00+05:30,650.35,677.0,627.7,646.0,1958
WELINV,2025-02-25 00:00:00+05:30,668.25,693.9,645.75,668.0,1649
WELINV,2025-02-27 00:00:00+05:30,650.5,672.05,640.0,648.45,376
WELINV,2025-02-28 00:00:00+05:30,690.0,718.0,618.05,663.55,11032
WELINV,2025-03-03 00:00:00+05:30,676.85,676.85,597.55,611.4,793
WELINV,2025-03-04 00:00:00+05:30,600.0,654.0,600.0,646.5,18932
WELINV,2025-03-05 00:00:00+05:30,698.0,698.0,652.55,679.55,18854
WELINV,2025-03-06 00:00:00+05:30,678.0,714.7,661.4,692.55,14559
WELINV,2025-03-07 00:00:00+05:30,683.45,794.95,680.6,704.4,23804
WELINV,2025-03-10 00:00:00+05:30,744.4,845.25,715.5,832.75,38019
WELINV,2025-03-11 00:00:00+05:30,815.0,815.0,749.95,786.55,16412
WELINV,2025-03-12 00:00:00+05:30,786.65,825.0,778.15,812.05,2355
WELINV,2025-03-13 00:00:00+05:30,808.9,830.0,790.45,819.15,1284
WELINV,2025-03-17 00:00:00+05:30,828.0,846.0,780.45,794.1,1434
WELINV,2025-03-18 00:00:00+05:30,819.45,819.45,785.6,810.5,910
WELINV,2025-03-19 00:00:00+05:30,880.0,880.0,806.9,817.75,1197
WELINV,2025-03-20 00:00:00+05:30,811.45,818.8,791.25,807.65,6939
WELINV,2025-03-21 00:00:00+05:30,829.95,880.3,806.0,826.0,4206
WELINV,2025-03-24 00:00:00+05:30,843.7,899.85,843.7,878.85,1573
WELINV,2025-03-25 00:00:00+05:30,887.0,887.0,819.05,838.45,7746
WELINV,2025-03-26 00:00:00+05:30,825.85,848.3,783.65,794.15,1012
WELINV,2025-03-27 00:00:00+05:30,795.0,829.4,762.4,805.15,564
WELINV,2025-03-28 00:00:00+05:30,800.6,845.9,800.6,825.45,445
WELINV,2025-04-01 00:00:00+05:30,814.55,842.1,805.6,825.75,478
WELINV,2025-04-02 00:00:00+05:30,822.9,848.9,821.05,840.0,15854
WELINV,2025-04-03 00:00:00+05:30,852.35,855.95,822.0,825.65,1798
WELINV,2025-04-04 00:00:00+05:30,826.05,843.95,803.5,806.2,417
WELINV,2025-04-07 00:00:00+05:30,748.95,899.0,716.4,770.5,1247
WELINV,2025-04-08 00:00:00+05:30,769.45,795.4,764.55,774.5,170
WELINV,2025-04-09 00:00:00+05:30,755.55,778.85,742.0,753.1,266
WELINV,2025-04-11 00:00:00+05:30,758.45,805.0,758.4,781.2,1206
WELINV,2025-04-15 00:00:00+05:30,795.6,800.0,762.0,777.95,573
WELINV,2025-04-16 00:00:00+05:30,783.45,791.95,765.1,768.85,703
WELINV,2025-04-17 00:00:00+05:30,762.4,807.8,762.4,801.3,426
WELINV,2025-04-21 00:00:00+05:30,817.6,823.45,760.4,794.65,957
WELINV,2025-04-22 00:00:00+05:30,800.0,875.0,785.05,837.55,1739
WELINV,2025-04-23 00:00:00+05:30,878.0,919.0,855.0,871.35,4298
WELINV,2025-04-24 00:00:00+05:30,874.25,875.0,853.75,867.6,1085
WELINV,2025-04-25 00:00:00+05:30,850.0,868.95,780.0,847.5,1694
WELINV,2025-04-28 00:00:00+05:30,858.05,858.05,820.0,821.5,2499
WELINV,2025-04-29 00:00:00+05:30,834.1,840.4,818.95,819.0,33
WELINV,2025-04-30 00:00:00+05:30,774.0,819.4,774.0,792.0,614
WELINV,2025-05-02 00:00:00+05:30,790.4,824.0,790.4,818.1,2844
WELINV,2025-05-05 00:00:00+05:30,819.05,831.95,780.0,796.7,952
WELINV,2025-05-06 00:00:00+05:30,801.05,801.05,760.0,772.1,2118
WELINV,2025-05-07 00:00:00+05:30,779.15,779.9,740.0,766.95,740
WELINV,2025-05-08 00:00:00+05:30,766.05,799.95,760.0,767.9,530
WELINV,2025-05-09 00:00:00+05:30,767.9,780.0,741.15,762.1,287
WELINV,2025-05-12 00:00:00+05:30,819.0,842.85,781.0,816.75,1026
WELINV,2025-05-13 00:00:00+05:30,814.7,829.0,786.25,807.9,382
WELINV,2025-05-14 00:00:00+05:30,800.0,817.15,780.0,792.8,528
WELINV,2025-05-15 00:00:00+05:30,785.0,840.0,784.0,834.1,3291
WELINV,2025-05-16 00:00:00+05:30,840.0,854.4,822.25,848.9,1484
WELINV,2025-05-19 00:00:00+05:30,847.8,868.0,830.6,836.95,189
WELINV,2025-05-20 00:00:00+05:30,833.2,870.0,825.55,859.35,1299
WELINV,2025-05-21 00:00:00+05:30,858.05,863.5,806.0,817.5,741
WELINV,2025-05-22 00:00:00+05:30,812.25,845.95,800.25,807.35,844
WELINV,2025-05-23 00:00:00+05:30,801.0,849.0,801.0,812.95,550
WELINV,2025-05-26 00:00:00+05:30,820.05,866.4,820.05,843.25,743
WELINV,2025-05-27 00:00:00+05:30,832.05,858.0,813.3,854.1,393
WELINV,2025-05-28 00:00:00+05:30,854.1,860.0,830.4,853.75,1356
WELINV,2025-05-29 00:00:00+05:30,859.3,1020.0,850.0,913.9,24970
WELINV,2025-05-30 00:00:00+05:30,913.9,945.0,908.9,929.4,2074
WELINV,2025-06-02 00:00:00+05:30,957.55,969.95,911.4,937.4,1950
WELINV,2025-06-03 00:00:00+05:30,916.0,1054.9,916.0,1035.7,14630
WELINV,2025-06-04 00:00:00+05:30,1035.05,1126.0,1035.05,1101.85,11933
WELINV,2025-06-05 00:00:00+05:30,1127.0,1199.0,1110.0,1186.4,49406
WELINV,2025-06-06 00:00:00+05:30,1200.0,1240.0,1127.1,1166.4,25222
WELINV,2025-06-09 00:00:00+05:30,1127.15,1140.0,1108.1,1126.55,1783
WELINV,2025-06-10 00:00:00+05:30,1126.55,1170.0,1120.0,1140.0,633
WELINV,2025-06-11 00:00:00+05:30,1140.0,1168.95,1120.0,1148.0,10587
WELINV,2025-06-12 00:00:00+05:30,1145.0,1170.0,1140.0,1140.35,17885
WELINV,2025-06-13 00:00:00+05:30,1140.0,1160.0,1084.0,1103.0,4467
WELINV,2025-06-16 00:00:00+05:30,1050.15,1080.0,1050.15,1074.95,251
WELINV,2025-06-17 00:00:00+05:30,1075.0,1075.0,1025.0,1028.25,630
WELINV,2025-06-18 00:00:00+05:30,1025.0,1079.65,1025.0,1079.05,2417
WELINV,2025-06-19 00:00:00+05:30,1079.05,1133.0,1079.05,1090.75,5188
WELINV,2025-06-20 00:00:00+05:30,1112.6,1143.0,1037.0,1129.35,565
WELINV,2025-06-23 00:00:00+05:30,1100.0,1134.95,1082.0,1098.1,232
WELINV,2025-06-24 00:00:00+05:30,1143.0,1143.0,1061.0,1091.25,266
WELINV,2025-06-25 00:00:00+05:30,1090.0,1099.9,1060.0,1062.0,338
WELINV,2025-06-26 00:00:00+05:30,1062.0,1115.0,1042.0,1114.0,331
WELINV,2025-06-27 00:00:00+05:30,1145.0,1169.0,1114.0,1167.4,1256
WELINV,2025-06-30 00:00:00+05:30,1135.1,1210.0,1135.1,1203.5,8531
WELINV,2025-07-01 00:00:00+05:30,1220.0,1263.6,1220.0,1262.8,1198
WELINV,2025-07-02 00:00:00+05:30,1299.0,1325.9,1265.0,1324.8,3377
WELINV,2025-07-03 00:00:00+05:30,1300.0,1300.0,1298.3,1298.3,231
WELINV,2025-07-04 00:00:00+05:30,1284.0,1284.0,1272.4,1272.4,387
WELINV,2025-07-07 00:00:00+05:30,1247.0,1247.0,1247.0,1247.0,57
WELINV,2025-07-08 00:00:00+05:30,1222.1,1225.0,1222.1,1222.1,16
WELINV,2025-07-09 00:00:00+05:30,1197.7,1197.7,1197.7,1197.7,188
WELINV,2025-07-11 00:00:00+05:30,1174.0,1174.0,1173.8,1173.8,196
WELINV,2025-07-14 00:00:00+05:30,1170.0,1170.0,1150.4,1150.4,167
WELINV,2025-07-15 00:00:00+05:30,1128.1,1128.1,1127.4,1127.4,84
WELINV,2025-07-16 00:00:00+05:30,1104.9,1104.9,1104.9,1104.9,54
WELINV,2025-07-17 00:00:00+05:30,1082.8,1085.0,1082.8,1084.0,253
WELINV,2025-07-18 00:00:00+05:30,1070.1,1070.1,1062.4,1063.0,239
WELINV,2025-07-21 00:00:00+05:30,1063.0,1063.0,1042.5,1047.0,139
WELINV,2025-07-22 00:00:00+05:30,1050.0,1065.0,1050.0,1065.0,468
WELINV,2025-07-23 00:00:00+05:30,1065.0,1065.0,1065.0,1065.0,22
WELINV,2025-07-24 00:00:00+05:30,1067.0,1075.0,1067.0,1070.0,151
WELINV,2025-07-25 00:00:00+05:30,1070.0,1070.0,1065.0,1070.0,239
WELINV,2025-07-28 00:00:00+05:30,1070.0,1070.0,1050.0,1070.0,142
WELINV,2025-07-29 00:00:00+05:30,1048.6,1048.6,1048.6,1048.6,45
WELINV,2025-07-30 00:00:00+05:30,1027.7,1027.7,1027.7,1027.7,170
WELINV,2025-07-31 00:00:00+05:30,1007.6,1039.9,1007.5,1039.9,168
WELINV,2025-08-01 00:00:00+05:30,1045.0,1060.6,1045.0,1060.6,6
WELINV,2025-08-04 00:00:00+05:30,1060.0,1060.0,1060.0,1060.0,40
WELINV,2025-08-05 00:00:00+05:30,1060.0,1060.0,1038.8,1038.8,120
WELINV,2025-08-06 00:00:00+05:30,1018.1,1035.1,1018.1,1035.1,461
WELINV,2025-08-07 00:00:00+05:30,1049.0,1049.0,1048.0,1048.0,100
WELINV,2025-08-08 00:00:00+05:30,1048.0,1048.0,1037.0,1037.0,5
WELINV,2025-08-11 00:00:00+05:30,1035.0,1035.0,985.2,995.0,686
WELINV,2025-08-12 00:00:00+05:30,995.0,995.0,945.3,945.3,1163
WELINV,2025-08-13 00:00:00+05:30,945.3,989.7,945.3,979.9,111
WELINV,2025-08-14 00:00:00+05:30,979.9,979.9,930.9,931.5,362
WELINV,2025-08-18 00:00:00+05:30,931.5,931.5,893.3,901.4,939
WELINV,2025-08-19 00:00:00+05:30,900.0,939.9,900.0,917.0,349
WELINV,2025-08-20 00:00:00+05:30,951.8,951.9,904.5,944.9,163
WELINV,2025-08-21 00:00:00+05:30,944.9,945.0,907.1,924.4,342
WELINV,2025-08-22 00:00:00+05:30,940.0,940.0,886.5,919.7,86
WELINV,2025-08-25 00:00:00+05:30,900.0,935.0,885.5,902.4,205
WELINV,2025-08-26 00:00:00+05:30,910.0,933.0,882.9,929.8,66
WELINV,2025-08-28 00:00:00+05:30,929.8,930.8,885.5,894.4,398
WELINV,2025-08-29 00:00:00+05:30,865.0,939.1,865.0,939.1,5350
WELINV,2025-09-01 00:00:00+05:30,979.95,984.0,915.0,979.5,9365
WELINV,2025-09-02 00:00:00+05:30,999.0,1028.0,951.75,1018.4,798
WELINV,2025-09-03 00:00:00+05:30,1018.0,1069.0,1018.0,1053.0,657
WELINV,2025-09-04 00:00:00+05:30,1053.0,1057.0,1005.1,1053.5,276
WELINV,2025-09-05 00:00:00+05:30,1074.45,1098.2,1050.0,1050.0,226
WELINV,2025-09-08 00:00:00+05:30,1050.0,1050.0,1029.0,1029.0,53
WELINV,2025-09-09 00:00:00+05:30,1023.9,1023.9,1015.0,1015.0,19
WELINV,2025-09-10 00:00:00+05:30,1009.9,1009.9,1005.0,1005.0,51
WELINV,2025-09-11 00:00:00+05:30,1000.0,1000.0,1000.0,1000.0,18
WELINV,2025-09-12 00:00:00+05:30,1000.0,1000.0,1000.0,1000.0,10
WELINV,2025-09-15 00:00:00+05:30,1000.0,1000.0,1000.0,1000.0,129
WELINV,2025-09-16 00:00:00+05:30,980.35,1020.0,980.35,1020.0,481
WELINV,2025-09-17 00:00:00+05:30,1020.0,1020.0,1010.0,1015.05,1326
WELINV,2025-09-18 00:00:00+05:30,1029.0,1029.0,1010.0,1010.0,1013
WELINV,2025-09-19 00:00:00+05:30,1010.0,1011.0,1010.0,1010.0,119
WELINV,2025-09-22 00:00:00+05:30,1010.0,1030.0,1010.0,1030.0,202
WELINV,2025-09-23 00:00:00+05:30,1021.0,1022.0,1020.0,1022.0,67
WELINV,2025-09-24 00:00:00+05:30,1020.0,1022.0,1020.0,1022.0,60
WELINV,2025-09-25 00:00:00+05:30,1042.4,1042.4,1042.4,1042.4,593
WELINV,2025-09-26 00:00:00+05:30,1040.0,1040.0,1022.05,1022.05,97
WELINV,2025-09-29 00:00:00+05:30,1022.05,1042.45,1022.05,1040.0,87
WELINV,2025-09-30 00:00:00+05:30,1035.0,1035.0,1019.2,1019.2,108
WELINV,2025-10-01 00:00:00+05:30,1000.1,1039.5,1000.1,1039.5,245
WELINV,2025-10-03 00:00:00+05:30,1039.5,1039.5,1025.0,1025.0,99
WELINV,2025-10-07 00:00:00+05:30,1025.0,1025.0,1025.0,1025.0,56
WELINV,2025-10-08 00:00:00+05:30,1039.5,1045.5,1039.5,1045.5,636
WELINV,2025-10-09 00:00:00+05:30,1066.4,1066.4,1066.0,1066.3,483
WELINV,2025-10-10 00:00:00+05:30,1066.3,1087.6,1066.3,1087.6,98
WELINV,2025-10-13 00:00:00+05:30,1141.9,1141.9,1087.6,1092.0,54
WELINV,2025-10-14 00:00:00+05:30,1040.1,1144.5,1040.1,1076.2,214
WELINV,2025-10-15 00:00:00+05:30,1041.0,1076.2,1041.0,1076.2,174
WELINV,2025-10-16 00:00:00+05:30,1124.9,1124.9,1030.0,1099.9,75
WELINV,2025-10-17 00:00:00+05:30,1099.9,1148.0,1099.9,1136.7,237
WELINV,2025-10-20 00:00:00+05:30,1150.0,1178.9,1101.0,1166.9,1212
WELINV,2025-10-21 00:00:00+05:30,1190.0,1224.0,1181.0,1219.4,547
WELINV,2025-10-23 00:00:00+05:30,1278.9,1278.9,1171.0,1172.8,909
WELINV,2025-10-24 00:00:00+05:30,1173.0,1219.9,1160.0,1193.3,337
WELINV,2025-10-27 00:00:00+05:30,1224.0,1424.0,1201.0,1352.7,27195
WELINV,2025-10-28 00:00:00+05:30,1352.7,1374.8,1263.5,1310.5,3460
WELINV,2025-11-03 00:00:00+05:30,1155.0,1165.0,1097.3,1146.7,1635
WELINV,2025-11-04 00:00:00+05:30,1146.7,1185.0,1103.5,1164.2,678
WELINV,2025-11-06 00:00:00+05:30,1220.0,1220.0,1107.3,1121.5,273
WELINV,2025-11-07 00:00:00+05:30,1107.0,1169.9,1065.5,1169.8,682
WELINV,2025-11-10 00:00:00+05:30,1166.9,1166.9,1111.5,1149.4,198
WELINV,2025-11-11 00:00:00+05:30,1149.1,1149.4,1100.0,1109.7,157
WELINV,2025-11-12 00:00:00+05:30,1110.0,1164.9,1110.0,1150.0,1420
WELINV,2025-11-13 00:00:00+05:30,1150.0,1180.0,1135.0,1135.2,395
WELINV,2025-11-14 00:00:00+05:30,1090.1,1178.0,1090.1,1158.0,144
WELINV,2025-11-17 00:00:00+05:30,1157.0,1190.0,1124.1,1144.1,1250
WELINV,2025-11-18 00:00:00+05:30,1298.9,1298.9,1176.5,1211.7,10297
WELINV,2025-11-19 00:00:00+05:30,1220.0,1220.0,1140.0,1155.7,1500
WELINV,2025-11-20 00:00:00+05:30,1152.3,1350.0,1152.3,1291.4,5047
WELINV,2025-11-21 00:00:00+05:30,1287.5,1305.0,1208.0,1224.9,3477
WELINV,2025-11-24 00:00:00+05:30,1200.0,1319.0,1200.0,1256.2,5146
WELINV,2025-11-25 00:00:00+05:30,1315.0,1315.0,1203.3,1219.6,2671
WELINV,2025-11-26 00:00:00+05:30,1275.0,1275.0,1212.0,1226.7,1516
WELINV,2025-11-27 00:00:00+05:30,1235.9,1235.9,1176.0,1207.2,697
WELINV,2025-11-28 00:00:00+05:30,1210.4,1219.4,1171.2,1185.1,905
